/* Auto-generated — do not edit */
#include <lvgl/lvgl.h>

static const uint8_t pet_cat_touch_06_map[] = {
    0x00, 0x00, 0x00, 0x00, 0x00, 0x00, 0x00, 0x00, 0x00, 0x00, 0x00, 0x00, 0x00, 0x00, 0x00, 0x00,
    0x00, 0x00, 0x00, 0x00, 0x00, 0x00, 0x00, 0x00, 0x00, 0x00, 0x00, 0x00, 0x00, 0x00, 0x00, 0x00,
    0x00, 0x00, 0x00, 0x00, 0x00, 0x00, 0x00, 0x00, 0x00, 0x00, 0x00, 0x00, 0x00, 0x00, 0x00, 0x00,
    0x00, 0x00, 0x00, 0x00, 0x00, 0x00, 0x00, 0x00, 0x00, 0x00, 0x00, 0x00, 0x00, 0x00, 0x00, 0x00,
    0x00, 0x00, 0x00, 0x00, 0x00, 0x00, 0x00, 0x00, 0x00, 0x00, 0x00, 0x00, 0x00, 0x00, 0x00, 0x00,
    0x00, 0x00, 0x00, 0x00, 0x00, 0x00, 0x00, 0x00, 0x00, 0x00, 0x00, 0x00, 0x00, 0x00, 0x00, 0x00,
    0x00, 0x00, 0x00, 0x00, 0x00, 0x00, 0x00, 0x00, 0x00, 0x00, 0x00, 0x00, 0x00, 0x00, 0x00, 0x00,
    0x00, 0x00, 0x00, 0x00, 0x00, 0x00, 0x00, 0x00, 0x00, 0x00, 0x00, 0x00, 0x00, 0x00, 0x00, 0x00,
    0x00, 0x00, 0x00, 0x00, 0x00, 0x00, 0x00, 0x00, 0x00, 0x00, 0x00, 0x00, 0x00, 0x00, 0x00, 0x00,
    0x00, 0x00, 0x00, 0x00, 0x00, 0x00, 0x00, 0x00, 0x00, 0x00, 0x00, 0x00, 0x00, 0x00, 0x00, 0x00,
    0x00, 0x00, 0x00, 0x00, 0x00, 0x00, 0x00, 0x00, 0x00, 0x00, 0x00, 0x00, 0x00, 0x00, 0x00, 0x00,
    0x00, 0x00, 0x00, 0x00, 0x00, 0x00, 0x00, 0x00, 0x00, 0x00, 0x00, 0x00, 0x00, 0x00, 0x00, 0x00,
    0x00, 0x00, 0x00, 0x00, 0x00, 0x00, 0x00, 0x00, 0x00, 0x00, 0x00, 0x00, 0x00, 0x00, 0x00, 0x00,
    0x00, 0x00, 0x00, 0x00, 0x00, 0x00, 0x00, 0x00, 0x00, 0x00, 0x00, 0x00, 0x00, 0x00, 0x00, 0x00,
    0x00, 0x00, 0x00, 0x00, 0x00, 0x00, 0x00, 0x00, 0x00, 0x00, 0x00, 0x00, 0x00, 0x00, 0x00, 0x00,
    0x00, 0x00, 0x00, 0x00, 0x00, 0x00, 0x00, 0x00, 0x00, 0x00, 0x00, 0x00, 0x00, 0x00, 0x00, 0x00,
    0x00, 0x00, 0x00, 0x00, 0x00, 0x00, 0x00, 0x00, 0x00, 0x00, 0x00, 0x00, 0x00, 0x00, 0x00, 0x00,
    0x00, 0x00, 0x00, 0x00, 0x00, 0x00, 0x00, 0x00, 0x00, 0x00, 0x00, 0x00, 0x00, 0x00, 0x00, 0x00,
    0x00, 0x00, 0x00, 0x00, 0x00, 0x00, 0x00, 0x00, 0x00, 0x00, 0x00, 0x00, 0x00, 0x00, 0x00, 0x00,
    0x00, 0x00, 0x00, 0x00, 0x00, 0x00, 0x00, 0x00, 0x00, 0x00, 0x00, 0x00, 0x00, 0x00, 0x00, 0x00,
    0x00, 0x00, 0x00, 0x00, 0x00, 0x00, 0x00, 0x00, 0x00, 0x00, 0x00, 0x00, 0x00, 0x00, 0x00, 0x00,
    0x00, 0x00, 0x00, 0x00, 0x00, 0x00, 0x00, 0x00, 0x00, 0x00, 0x00, 0x00, 0x00, 0x00, 0x00, 0x00,
    0x00, 0x00, 0x00, 0x00, 0x00, 0x00, 0x00, 0x00, 0x00, 0x00, 0x00, 0x00, 0x00, 0x00, 0x00, 0x00,
    0x00, 0x00, 0x00, 0x00, 0x00, 0x00, 0x00, 0x00, 0x00, 0x00, 0x00, 0x00, 0x00, 0x00, 0x00, 0x00,
    0x00, 0x00, 0x00, 0x00, 0x00, 0x00, 0x00, 0x00, 0x00, 0x00, 0x00, 0x00, 0x00, 0x00, 0x00, 0x00,
    0x00, 0x00, 0x00, 0x00, 0x00, 0x00, 0x00, 0x00, 0x00, 0x00, 0x00, 0x00, 0x00, 0x00, 0x00, 0x00,
    0x00, 0x00, 0x00, 0x00, 0x00, 0x00, 0x00, 0x00, 0x00, 0x00, 0x00, 0x00, 0x00, 0x00, 0x00, 0x00,
    0x00, 0x00, 0x00, 0x00, 0x00, 0x00, 0x00, 0x00, 0x00, 0x00, 0x00, 0x00, 0x00, 0x00, 0x00, 0x00,
    0x00, 0x00, 0x00, 0x00, 0x00, 0x00, 0x00, 0x00, 0x00, 0x00, 0x00, 0x00, 0x00, 0x00, 0x00, 0x00,
    0x00, 0x00, 0x00, 0x00, 0x00, 0x00, 0x00, 0x00, 0x00, 0x00, 0x00, 0x00, 0x00, 0x00, 0x00, 0x00,
    0x00, 0x00, 0x00, 0x00, 0x00, 0x00, 0x00, 0x00, 0x00, 0x00, 0x00, 0x00, 0x00, 0x00, 0x00, 0x00,
    0x00, 0x00, 0x00, 0x00, 0x00, 0x00, 0x00, 0x00, 0x00, 0x00, 0x00, 0x00, 0x00, 0x00, 0x00, 0x00,
    0x00, 0x00, 0x00, 0x00, 0x00, 0x00, 0x00, 0x00, 0x00, 0x00, 0x00, 0x00, 0x00, 0x00, 0x00, 0x00,
    0x00, 0x00, 0x00, 0x00, 0x00, 0x00, 0x00, 0x00, 0x00, 0x00, 0x00, 0x00, 0x00, 0x00, 0x00, 0x00,
    0x00, 0x00, 0x00, 0x00, 0x00, 0x00, 0x00, 0x00, 0x00, 0x00, 0x00, 0x00, 0x00, 0x00, 0x00, 0x00,
    0x00, 0x00, 0x00, 0x00, 0x00, 0x00, 0x00, 0x00, 0x00, 0x00, 0x00, 0x00, 0x00, 0x00, 0x00, 0x00,
    0x00, 0x00, 0x00, 0x00, 0x00, 0x00, 0x00, 0x00, 0x00, 0x00, 0x00, 0x00, 0x00, 0x00, 0x00, 0x00,
    0x00, 0x00, 0x00, 0x00, 0x00, 0x00, 0x00, 0x00, 0x00, 0x00, 0x00, 0x00, 0x00, 0x00, 0x00, 0x00,
    0x00, 0x00, 0x00, 0x00, 0x00, 0x00, 0x00, 0x00, 0x00, 0x00, 0x00, 0x00, 0x00, 0x00, 0x00, 0x00,
    0x00, 0x00, 0x00, 0x00, 0x00, 0x00, 0x00, 0x00, 0x00, 0x00, 0x00, 0x00, 0x00, 0x00, 0x00, 0x00,
    0x00, 0x00, 0x00, 0x00, 0x00, 0x00, 0x00, 0x00, 0x00, 0x00, 0x00, 0x00, 0x00, 0x00, 0x00, 0x00,
    0x00, 0x00, 0x00, 0x00, 0x00, 0x00, 0x00, 0x00, 0x00, 0x00, 0x00, 0x00, 0x00, 0x00, 0x00, 0x00,
    0x00, 0x00, 0x00, 0x00, 0x00, 0x00, 0x00, 0x00, 0x00, 0x00, 0x00, 0x00, 0x00, 0x00, 0x00, 0x00,
    0x00, 0x00, 0x00, 0x00, 0x00, 0x00, 0x00, 0x00, 0x00, 0x00, 0x00, 0x00, 0x00, 0x00, 0x00, 0x00,
    0x00, 0x00, 0x00, 0x00, 0x00, 0x00, 0x00, 0x00, 0x00, 0x00, 0x00, 0x00, 0x00, 0x00, 0x00, 0x00,
    0x00, 0x00, 0x00, 0x00, 0x00, 0x00, 0x00, 0x00, 0x00, 0x00, 0x00, 0x00, 0x00, 0x00, 0x00, 0x00,
    0x00, 0x00, 0x00, 0x00, 0x00, 0x00, 0x00, 0x00, 0x00, 0x00, 0x00, 0x00, 0x00, 0x00, 0x00, 0x00,
    0x00, 0x00, 0x00, 0x00, 0x00, 0x00, 0x00, 0x00, 0x00, 0x00, 0x00, 0x00, 0x00, 0x00, 0x00, 0x00,
    0x00, 0x00, 0x00, 0x00, 0x00, 0x00, 0x00, 0x00, 0x00, 0x00, 0x00, 0x00, 0x00, 0x00, 0x00, 0x00,
    0x00, 0x00, 0x00, 0x00, 0x00, 0x00, 0x00, 0x00, 0x00, 0x00, 0x00, 0x00, 0x00, 0x00, 0x00, 0x00,
    0x00, 0x00, 0x00, 0x00, 0x00, 0x00, 0x00, 0x00, 0x00, 0x00, 0x00, 0x00, 0x00, 0x00, 0x00, 0x00,
    0x00, 0x00, 0x00, 0x00, 0x00, 0x00, 0x00, 0x00, 0x00, 0x00, 0x00, 0x00, 0x00, 0x00, 0x00, 0x00,
    0x00, 0x00, 0x00, 0x00, 0x00, 0x00, 0x00, 0x00, 0x00, 0x00, 0x00, 0x00, 0x00, 0x00, 0x00, 0x00,
    0x00, 0x00, 0x00, 0x00, 0x00, 0x00, 0x00, 0x00, 0x00, 0x00, 0x00, 0x00, 0x00, 0x00, 0x00, 0x00,
    0x00, 0x00, 0x00, 0x00, 0x00, 0x00, 0x00, 0x00, 0x00, 0x00, 0x00, 0x00, 0x00, 0x00, 0x00, 0x00,
    0x00, 0x00, 0x00, 0x00, 0x00, 0x00, 0x00, 0x00, 0x00, 0x00, 0x00, 0x00, 0x00, 0x00, 0x00, 0x00,
    0x00, 0x00, 0x00, 0x00, 0x00, 0x00, 0x00, 0x00, 0x00, 0x00, 0x00, 0x00, 0x00, 0x00, 0x00, 0x00,
    0x00, 0x00, 0x00, 0x00, 0x00, 0x00, 0x00, 0x00, 0x00, 0x00, 0x00, 0x00, 0x00, 0x00, 0x00, 0x00,
    0x00, 0x00, 0x00, 0x00, 0x00, 0x00, 0x00, 0x00, 0x00, 0x00, 0x00, 0x00, 0x00, 0x00, 0x00, 0x00,
    0x00, 0x00, 0x00, 0x00, 0x00, 0x00, 0x00, 0x00, 0x00, 0x00, 0x00, 0x00, 0x00, 0x00, 0x00, 0x00,
    0x00, 0x00, 0x00, 0x00, 0x00, 0x00, 0x00, 0x00, 0x00, 0x00, 0x00, 0x00, 0x00, 0x00, 0x00, 0x00,
    0x00, 0x00, 0x00, 0x00, 0x00, 0x00, 0x00, 0x00, 0x00, 0x00, 0x00, 0x00, 0x00, 0x00, 0x00, 0x00,
    0x00, 0x00, 0x00, 0x00, 0x00, 0x00, 0x00, 0x00, 0x00, 0x00, 0x00, 0x00, 0x00, 0x00, 0x00, 0x00,
    0x00, 0x00, 0x00, 0x00, 0x00, 0x00, 0x00, 0x00, 0x00, 0x00, 0x00, 0x00, 0x00, 0x00, 0x00, 0x00,
    0x00, 0x00, 0x00, 0x00, 0x00, 0x00, 0x00, 0x00, 0x00, 0x00, 0x00, 0x00, 0x00, 0x00, 0x00, 0x00,
    0x00, 0x00, 0x00, 0x00, 0x00, 0x00, 0x00, 0x00, 0x00, 0x00, 0x00, 0x00, 0x00, 0x00, 0x00, 0x00,
    0x00, 0x00, 0x00, 0x00, 0x00, 0x00, 0x00, 0x00, 0x00, 0x00, 0x00, 0x00, 0x00, 0x00, 0x00, 0x00,
    0x00, 0x00, 0x00, 0x00, 0x00, 0x00, 0x00, 0x00, 0x00, 0x00, 0x00, 0x00, 0x00, 0x00, 0x00, 0x00,
    0x00, 0x00, 0x00, 0x00, 0x00, 0x00, 0x00, 0x00, 0x00, 0x00, 0x00, 0x00, 0x00, 0x00, 0x00, 0x00,
    0x00, 0x00, 0x00, 0x00, 0x00, 0x00, 0x00, 0x00, 0x00, 0x00, 0x00, 0x00, 0x00, 0x00, 0x00, 0x00,
    0x00, 0x00, 0x00, 0x00, 0x00, 0x00, 0x00, 0x00, 0x00, 0x00, 0x00, 0x00, 0x00, 0x00, 0x00, 0x00,
    0x00, 0x00, 0x00, 0x00, 0x00, 0x00, 0x00, 0x00, 0x00, 0x00, 0x00, 0x00, 0x00, 0x00, 0x00, 0x00,
    0x00, 0x00, 0x00, 0x00, 0x00, 0x00, 0x00, 0x00, 0x00, 0x00, 0x00, 0x00, 0x00, 0x00, 0x00, 0x00,
    0x00, 0x00, 0x00, 0x00, 0x00, 0x00, 0x00, 0x00, 0x00, 0x00, 0x00, 0x00, 0x00, 0x00, 0x00, 0x00,
    0x00, 0x00, 0x00, 0x00, 0x00, 0x00, 0x00, 0x00, 0x00, 0x00, 0x00, 0x00, 0x00, 0x00, 0x00, 0x00,
    0x00, 0x00, 0x00, 0x00, 0x00, 0x00, 0x00, 0x00, 0x00, 0x00, 0x00, 0x00, 0x00, 0x00, 0x00, 0x00,
    0x00, 0x00, 0x00, 0x00, 0x00, 0x00, 0x00, 0x00, 0x00, 0x00, 0x00, 0x00, 0x00, 0x00, 0x00, 0x00,
    0x00, 0x00, 0x00, 0x00, 0x00, 0x00, 0x00, 0x00, 0x00, 0x00, 0x00, 0x00, 0x00, 0x00, 0x00, 0x00,
    0x00, 0x00, 0x00, 0x00, 0x00, 0x00, 0x00, 0x00, 0x00, 0x00, 0x00, 0x00, 0x00, 0x00, 0x00, 0x00,
    0x00, 0x00, 0x00, 0x00, 0x00, 0x00, 0x00, 0x00, 0x00, 0x00, 0x00, 0x00, 0x00, 0x00, 0x00, 0x00,
    0x00, 0x00, 0x00, 0x00, 0x00, 0x00, 0x00, 0x00, 0x00, 0x00, 0x00, 0x00, 0x00, 0x00, 0x00, 0x00,
    0x00, 0x00, 0x00, 0x00, 0x00, 0x00, 0x00, 0x00, 0x00, 0x00, 0x00, 0x00, 0x00, 0x00, 0x00, 0x00,
    0x00, 0x00, 0x00, 0x00, 0x00, 0x00, 0x00, 0x00, 0x00, 0x00, 0x00, 0x00, 0x00, 0x00, 0x00, 0x00,
    0x00, 0x00, 0x00, 0x00, 0x00, 0x00, 0x00, 0x00, 0x00, 0x00, 0x00, 0x00, 0x00, 0x00, 0x00, 0x00,
    0x00, 0x00, 0x00, 0x00, 0x00, 0x00, 0x00, 0x00, 0x00, 0x00, 0x00, 0x00, 0x00, 0x00, 0x00, 0x00,
    0x00, 0x00, 0x00, 0x00, 0x00, 0x00, 0x00, 0x00, 0x00, 0x00, 0x00, 0x00, 0x00, 0x00, 0x00, 0x00,
    0x00, 0x00, 0x00, 0x00, 0x00, 0x00, 0x00, 0x00, 0x00, 0x00, 0x00, 0x00, 0x00, 0x00, 0x00, 0x00,
    0x00, 0x00, 0x00, 0x00, 0x00, 0x00, 0x00, 0x00, 0x00, 0x00, 0x00, 0x00, 0x00, 0x00, 0x00, 0x00,
    0x00, 0x00, 0x00, 0x00, 0x00, 0x00, 0x00, 0x00, 0x00, 0x00, 0x00, 0x00, 0x00, 0x00, 0x00, 0x00,
    0x00, 0x00, 0x00, 0x00, 0x00, 0x00, 0x00, 0x00, 0x00, 0x00, 0x00, 0x00, 0x00, 0x00, 0x00, 0x00,
    0x00, 0x00, 0x00, 0x00, 0x00, 0x00, 0x00, 0x00, 0x00, 0x00, 0x00, 0x00, 0x00, 0x00, 0x00, 0x00,
    0x00, 0x00, 0x00, 0x00, 0x00, 0x00, 0x00, 0x00, 0x00, 0x00, 0x00, 0x00, 0x00, 0x00, 0x00, 0x00,
    0x00, 0x00, 0x00, 0x00, 0x00, 0x00, 0x00, 0x00, 0x00, 0x00, 0x00, 0x00, 0x00, 0x00, 0x00, 0x00,
    0x00, 0x00, 0x00, 0x00, 0x00, 0x00, 0x00, 0x00, 0x00, 0x00, 0x00, 0x00, 0x00, 0x00, 0x00, 0x00,
    0x00, 0x00, 0x00, 0x00, 0x00, 0x00, 0x00, 0x00, 0x00, 0x00, 0x00, 0x00, 0x00, 0x00, 0x00, 0x00,
    0x00, 0x00, 0x00, 0x00, 0x00, 0x00, 0x00, 0x00, 0x00, 0x00, 0x00, 0x00, 0x00, 0x00, 0x00, 0x00,
    0x00, 0x00, 0x00, 0x00, 0x00, 0x00, 0x00, 0x00, 0x00, 0x00, 0x00, 0x00, 0x00, 0x00, 0x00, 0x00,
    0x00, 0x00, 0x00, 0x00, 0x00, 0x00, 0x00, 0x00, 0x00, 0x00, 0x00, 0x00, 0x00, 0x00, 0x00, 0x00,
    0x00, 0x00, 0x00, 0x00, 0x00, 0x00, 0x00, 0x00, 0x00, 0x00, 0x00, 0x00, 0x00, 0x00, 0x00, 0x00,
    0x00, 0x00, 0x00, 0x00, 0x00, 0x00, 0x00, 0x00, 0x00, 0x00, 0x00, 0x00, 0x00, 0x00, 0x00, 0x00,
    0x00, 0x00, 0x00, 0x00, 0x00, 0x00, 0x00, 0x00, 0x00, 0x00, 0x00, 0x00, 0x00, 0x00, 0x00, 0x00,
    0x00, 0x00, 0x00, 0x00, 0x00, 0x00, 0x00, 0x00, 0x00, 0x00, 0x00, 0x00, 0x00, 0x00, 0x00, 0x00,
    0x00, 0x00, 0x00, 0x00, 0x00, 0x00, 0x00, 0x00, 0x00, 0x00, 0x00, 0x00, 0x00, 0x00, 0x00, 0x00,
    0x00, 0x00, 0x00, 0x00, 0x00, 0x00, 0x00, 0x00, 0x00, 0x00, 0x00, 0x00, 0x00, 0x00, 0x00, 0x00,
    0x00, 0x00, 0x00, 0x00, 0x00, 0x00, 0x00, 0x00, 0x00, 0x00, 0x00, 0x00, 0x00, 0x00, 0x00, 0x00,
    0x00, 0x00, 0x00, 0x00, 0x00, 0x00, 0x00, 0x00, 0x00, 0x00, 0x00, 0x00, 0x00, 0x00, 0x00, 0x00,
    0x00, 0x00, 0x00, 0x00, 0x00, 0x00, 0x00, 0x00, 0x00, 0x00, 0x00, 0x00, 0x00, 0x00, 0x00, 0x00,
    0x00, 0x00, 0x00, 0x00, 0x00, 0x00, 0x00, 0x00, 0x00, 0x00, 0x00, 0x00, 0x00, 0x00, 0x00, 0x00,
    0x00, 0x00, 0x00, 0x00, 0x00, 0x00, 0x00, 0x00, 0x00, 0x00, 0x00, 0x00, 0x00, 0x00, 0x00, 0x00,
    0x00, 0x00, 0x00, 0x00, 0x00, 0x00, 0x00, 0x00, 0x00, 0x00, 0x00, 0x00, 0x00, 0x00, 0x00, 0x00,
    0x00, 0x00, 0x00, 0x00, 0x00, 0x00, 0x00, 0x00, 0x00, 0x00, 0x00, 0x00, 0x00, 0x00, 0x00, 0x00,
    0x00, 0x00, 0x00, 0x00, 0x00, 0x00, 0x00, 0x00, 0x00, 0x00, 0x00, 0x00, 0x00, 0x00, 0x00, 0x00,
    0x00, 0x00, 0x00, 0x00, 0x00, 0x00, 0x00, 0x00, 0x00, 0x00, 0x00, 0x00, 0x00, 0x00, 0x00, 0x00,
    0x00, 0x00, 0x00, 0x00, 0x00, 0x00, 0x00, 0x00, 0x00, 0x00, 0x00, 0x00, 0x00, 0x00, 0x00, 0x00,
    0x00, 0x00, 0x00, 0x00, 0x00, 0x00, 0x00, 0x00, 0x00, 0x00, 0x00, 0x00, 0x00, 0x00, 0x00, 0x00,
    0x00, 0x00, 0x00, 0x00, 0x00, 0x00, 0x00, 0x00, 0x00, 0x00, 0x00, 0x00, 0x00, 0x00, 0x00, 0x00,
    0x00, 0x00, 0x00, 0x00, 0x00, 0x00, 0x00, 0x00, 0x00, 0x00, 0x00, 0x00, 0x00, 0x00, 0x00, 0x00,
    0x00, 0x00, 0x00, 0x00, 0x00, 0x00, 0x00, 0x00, 0x00, 0x00, 0x00, 0x00, 0x00, 0x00, 0x00, 0x00,
    0x00, 0x00, 0x00, 0x00, 0x00, 0x00, 0x00, 0x00, 0x00, 0x00, 0x00, 0x00, 0x00, 0x00, 0x00, 0x00,
    0x00, 0x00, 0x00, 0x00, 0x00, 0x00, 0x00, 0x00, 0x00, 0x00, 0x00, 0x00, 0x00, 0x00, 0x00, 0x00,
    0x00, 0x00, 0x00, 0x00, 0x00, 0x00, 0x00, 0x00, 0x00, 0x00, 0x00, 0x00, 0x00, 0x00, 0x00, 0x00,
    0x00, 0x00, 0x00, 0x00, 0x00, 0x00, 0x00, 0x00, 0x00, 0x00, 0x00, 0x00, 0x00, 0x00, 0x00, 0x00,
    0x00, 0x00, 0x00, 0x00, 0x00, 0x00, 0x00, 0x00, 0x00, 0x00, 0x00, 0x00, 0x00, 0x00, 0x00, 0x00,
    0x00, 0x00, 0x00, 0x00, 0x00, 0x00, 0x00, 0x00, 0x00, 0x00, 0x00, 0x00, 0x00, 0x00, 0x00, 0x00,
    0x00, 0x00, 0x00, 0x00, 0x00, 0x00, 0x00, 0x00, 0x00, 0x00, 0x00, 0x00, 0x00, 0x00, 0x00, 0x00,
    0x00, 0x00, 0x00, 0x00, 0x00, 0x00, 0x00, 0x00, 0x00, 0x00, 0x00, 0x00, 0x00, 0x00, 0x00, 0x00,
    0x00, 0x00, 0x00, 0x00, 0x00, 0x00, 0x00, 0x00, 0x00, 0x00, 0x00, 0x00, 0x00, 0x00, 0x00, 0x00,
    0x00, 0x00, 0x00, 0x00, 0x00, 0x00, 0x00, 0x00, 0x00, 0x00, 0x00, 0x00, 0x00, 0x00, 0x00, 0x00,
    0x00, 0x00, 0x00, 0x00, 0x00, 0x00, 0x00, 0x00, 0x00, 0x00, 0x00, 0x00, 0x00, 0x00, 0x00, 0x00,
    0x00, 0x00, 0x00, 0x00, 0x00, 0x00, 0x00, 0x00, 0x00, 0x00, 0x00, 0x00, 0x00, 0x00, 0x00, 0x00,
    0x00, 0x00, 0x00, 0x00, 0x00, 0x00, 0x00, 0x00, 0x00, 0x00, 0x00, 0x00, 0x00, 0x00, 0x00, 0x00,
    0x00, 0x00, 0x00, 0x00, 0x00, 0x00, 0x00, 0x00, 0x00, 0x00, 0x00, 0x00, 0x00, 0x00, 0x00, 0x00,
    0x00, 0x00, 0x00, 0x00, 0x00, 0x00, 0x00, 0x00, 0x00, 0x00, 0x00, 0x00, 0x00, 0x00, 0x00, 0x00,
    0x00, 0x00, 0x00, 0x00, 0x00, 0x00, 0x00, 0x00, 0x00, 0x00, 0x00, 0x00, 0x00, 0x00, 0x00, 0x00,
    0x00, 0x00, 0x00, 0x00, 0x00, 0x00, 0x00, 0x00, 0x00, 0x00, 0x00, 0x00, 0x00, 0x00, 0x00, 0x00,
    0x00, 0x00, 0x00, 0x00, 0x00, 0x00, 0x00, 0x00, 0x00, 0x00, 0x00, 0x00, 0x00, 0x00, 0x00, 0x00,
    0x00, 0x00, 0x00, 0x00, 0x00, 0x00, 0x00, 0x00, 0x00, 0x00, 0x00, 0x00, 0x00, 0x00, 0x00, 0x00,
    0x00, 0x00, 0x00, 0x00, 0x00, 0x00, 0x00, 0x00, 0x00, 0x00, 0x00, 0x00, 0x00, 0x00, 0x00, 0x00,
    0x00, 0x00, 0x00, 0x00, 0x00, 0x00, 0x00, 0x00, 0x00, 0x00, 0x00, 0x00, 0x00, 0x00, 0x00, 0x00,
    0x00, 0x00, 0x00, 0x00, 0x00, 0x00, 0x00, 0x00, 0x00, 0x00, 0x00, 0x00, 0x00, 0x00, 0x00, 0x00,
    0x00, 0x00, 0x00, 0x00, 0x00, 0x00, 0x00, 0x00, 0x00, 0x00, 0x00, 0x00, 0x00, 0x00, 0x00, 0x00,
    0x00, 0x00, 0x00, 0x00, 0x00, 0x00, 0x00, 0x00, 0x00, 0x00, 0x00, 0x00, 0x00, 0x00, 0x00, 0x00,
    0x00, 0x00, 0x00, 0x00, 0x00, 0x00, 0x00, 0x00, 0x00, 0x00, 0x00, 0x00, 0x00, 0x00, 0x00, 0x00,
    0x00, 0x00, 0x00, 0x00, 0x00, 0x00, 0x00, 0x00, 0x00, 0x00, 0x00, 0x00, 0x00, 0x00, 0x00, 0x00,
    0x00, 0x00, 0x00, 0x00, 0x00, 0x00, 0x00, 0x00, 0x00, 0x00, 0x00, 0x00, 0x00, 0x00, 0x00, 0x00,
    0x00, 0x00, 0x00, 0x00, 0x00, 0x00, 0x00, 0x00, 0x00, 0x00, 0x00, 0x00, 0x00, 0x00, 0x00, 0x00,
    0x00, 0x00, 0x00, 0x00, 0x00, 0x00, 0x00, 0x00, 0x00, 0x00, 0x00, 0x00, 0x00, 0x00, 0x00, 0x00,
    0x00, 0x00, 0x00, 0x00, 0x00, 0x00, 0x00, 0x00, 0x00, 0x00, 0x00, 0x00, 0x00, 0x00, 0x00, 0x00,
    0x00, 0x00, 0x00, 0x00, 0x00, 0x00, 0x00, 0x00, 0x00, 0x00, 0x00, 0x00, 0x00, 0x00, 0x00, 0x00,
    0x00, 0x00, 0x00, 0x00, 0x00, 0x00, 0x00, 0x00, 0x00, 0x00, 0x00, 0x00, 0x00, 0x00, 0x00, 0x00,
    0x00, 0x00, 0x00, 0x00, 0x00, 0x00, 0x00, 0x00, 0x00, 0x00, 0x00, 0x00, 0x00, 0x00, 0x00, 0x00,
    0x00, 0x00, 0x00, 0x00, 0x00, 0x00, 0x00, 0x00, 0x00, 0x00, 0x00, 0x00, 0x00, 0x00, 0x00, 0x00,
    0x00, 0x00, 0x00, 0x00, 0x00, 0x00, 0x00, 0x00, 0x00, 0x00, 0x00, 0x00, 0x00, 0x00, 0x00, 0x00,
    0x00, 0x00, 0x00, 0x00, 0x00, 0x00, 0x00, 0x00, 0x00, 0x00, 0x00, 0x00, 0x00, 0x00, 0x00, 0x00,
    0x00, 0x00, 0x00, 0x00, 0x00, 0x00, 0x00, 0x00, 0x00, 0x00, 0x00, 0x00, 0x00, 0x00, 0x00, 0x00,
    0x00, 0x00, 0x00, 0x00, 0x00, 0x00, 0x00, 0x00, 0x00, 0x00, 0x00, 0x00, 0x00, 0x00, 0x00, 0x00,
    0x00, 0x00, 0x00, 0x00, 0x00, 0x00, 0x00, 0x00, 0x00, 0x00, 0x00, 0x00, 0x00, 0x00, 0x00, 0x00,
    0x00, 0x00, 0x00, 0x00, 0x00, 0x00, 0x00, 0x00, 0x00, 0x00, 0x00, 0x00, 0x00, 0x00, 0x00, 0x00,
    0x00, 0x00, 0x00, 0x00, 0x00, 0x00, 0x00, 0x00, 0x00, 0x00, 0x00, 0x00, 0x00, 0x00, 0x00, 0x00,
    0x00, 0x00, 0x00, 0x00, 0x00, 0x00, 0x00, 0x00, 0x00, 0x00, 0x00, 0x00, 0x00, 0x00, 0x00, 0x00,
    0x00, 0x00, 0x00, 0x00, 0x00, 0x00, 0x00, 0x00, 0x00, 0x00, 0x00, 0x00, 0x00, 0x00, 0x00, 0x00,
    0x00, 0x00, 0x00, 0x00, 0x00, 0x00, 0x00, 0x00, 0x00, 0x00, 0x00, 0x00, 0x00, 0x00, 0x00, 0x00,
    0x00, 0x00, 0x00, 0x00, 0x00, 0x00, 0x00, 0x00, 0x00, 0x00, 0x00, 0x00, 0x00, 0x00, 0x00, 0x00,
    0x00, 0x00, 0x00, 0x00, 0x00, 0x00, 0x00, 0x00, 0x00, 0x00, 0x00, 0x00, 0x00, 0x00, 0x00, 0x00,
    0x00, 0x00, 0x00, 0x00, 0x00, 0x00, 0x00, 0x00, 0x00, 0x00, 0x00, 0x00, 0x00, 0x00, 0x00, 0x00,
    0x00, 0x00, 0x00, 0x00, 0x00, 0x00, 0x00, 0x00, 0x00, 0x00, 0x00, 0x00, 0x00, 0x00, 0x00, 0x00,
    0x00, 0x00, 0x00, 0x00, 0x00, 0x00, 0x00, 0x00, 0x00, 0x00, 0x00, 0x00, 0x00, 0x00, 0x00, 0x00,
    0x00, 0x00, 0x00, 0x00, 0x00, 0x00, 0x00, 0x00, 0x00, 0x00, 0x00, 0x00, 0x00, 0x00, 0x00, 0x00,
    0x00, 0x00, 0x00, 0x00, 0x00, 0x00, 0x00, 0x00, 0x00, 0x00, 0x00, 0x00, 0x00, 0x00, 0x00, 0x00,
    0x00, 0x00, 0x00, 0x00, 0x00, 0x00, 0x00, 0x00, 0x00, 0x00, 0x00, 0x00, 0x00, 0x00, 0x00, 0x00,
    0x00, 0x00, 0x00, 0x00, 0x00, 0x00, 0x00, 0x00, 0x00, 0x00, 0x00, 0x00, 0x00, 0x00, 0x00, 0x00,
    0x00, 0x00, 0x00, 0x00, 0x00, 0x00, 0x00, 0x00, 0x00, 0x00, 0x00, 0x00, 0x00, 0x00, 0x00, 0x00,
    0x00, 0x00, 0x00, 0x00, 0x00, 0x00, 0x00, 0x00, 0x00, 0x00, 0x00, 0x00, 0x00, 0x00, 0x00, 0x00,
    0x00, 0x00, 0x00, 0x00, 0x00, 0x00, 0x00, 0x00, 0x00, 0x00, 0x00, 0x00, 0x00, 0x00, 0x00, 0x00,
    0x00, 0x00, 0x00, 0x00, 0x00, 0x00, 0x00, 0x00, 0x00, 0x00, 0x00, 0x00, 0x00, 0x00, 0x00, 0x00,
    0x00, 0x00, 0x00, 0x00, 0x00, 0x00, 0x00, 0x00, 0x00, 0x00, 0x00, 0x00, 0x00, 0x00, 0x00, 0x00,
    0x00, 0x00, 0x00, 0x00, 0x00, 0x00, 0x00, 0x00, 0x00, 0x00, 0x00, 0x00, 0x00, 0x00, 0x00, 0x00,
    0x00, 0x00, 0x00, 0x00, 0x00, 0x00, 0x00, 0x00, 0x00, 0x00, 0x00, 0x00, 0x00, 0x00, 0x00, 0x00,
    0x00, 0x00, 0x00, 0x00, 0x00, 0x00, 0x00, 0x00, 0x00, 0x00, 0x00, 0x00, 0x00, 0x00, 0x00, 0x00,
    0x00, 0x00, 0x00, 0x00, 0x00, 0x00, 0x00, 0x00, 0x00, 0x00, 0x00, 0x00, 0x00, 0x00, 0x00, 0x00,
    0x00, 0x00, 0x00, 0x00, 0x00, 0x00, 0x00, 0x00, 0x00, 0x00, 0x00, 0x00, 0x00, 0x00, 0x00, 0x00,
    0x00, 0x00, 0x00, 0x00, 0x00, 0x00, 0x00, 0x00, 0x00, 0x00, 0x00, 0x00, 0x00, 0x00, 0x00, 0x00,
    0x00, 0x00, 0x00, 0x00, 0x00, 0x00, 0x00, 0x00, 0x00, 0x00, 0x00, 0x00, 0x00, 0x00, 0x00, 0x00,
    0x00, 0x00, 0x00, 0x00, 0x00, 0x00, 0x00, 0x00, 0x00, 0x00, 0x00, 0x00, 0x00, 0x00, 0x00, 0x00,
    0x00, 0x00, 0x00, 0x00, 0x00, 0x00, 0x00, 0x00, 0x00, 0x00, 0x00, 0x00, 0x00, 0x00, 0x00, 0x00,
    0x00, 0x00, 0x00, 0x00, 0x00, 0x00, 0x00, 0x00, 0x00, 0x00, 0x00, 0x00, 0x00, 0x00, 0x00, 0x00,
    0x00, 0x00, 0x00, 0x00, 0x00, 0x00, 0x00, 0x00, 0x00, 0x00, 0x00, 0x00, 0x00, 0x00, 0x00, 0x00,
    0x00, 0x00, 0x00, 0x00, 0x00, 0x00, 0x00, 0x00, 0x00, 0x00, 0x00, 0x00, 0x00, 0x00, 0x00, 0x00,
    0x00, 0x00, 0x00, 0x00, 0x00, 0x00, 0x00, 0x00, 0x00, 0x00, 0x00, 0x00, 0x00, 0x00, 0x00, 0x00,
    0x00, 0x00, 0x00, 0x00, 0x00, 0x00, 0x00, 0x00, 0x00, 0x00, 0x00, 0x00, 0x00, 0x00, 0x00, 0x00,
    0x00, 0x00, 0x00, 0x00, 0x00, 0x00, 0x00, 0x00, 0x00, 0x00, 0x00, 0x00, 0x00, 0x00, 0x00, 0x00,
    0x00, 0x00, 0x00, 0x00, 0x00, 0x00, 0x00, 0x00, 0x00, 0x00, 0x00, 0x00, 0x00, 0x00, 0x00, 0x00,
    0x00, 0x00, 0x00, 0x00, 0x00, 0x00, 0x00, 0x00, 0x00, 0x00, 0x00, 0x00, 0x00, 0x00, 0x00, 0x00,
    0x00, 0x00, 0x00, 0x00, 0x00, 0x00, 0x00, 0x00, 0x00, 0x00, 0x00, 0x00, 0x00, 0x00, 0x00, 0x00,
    0x00, 0x00, 0x00, 0x00, 0x00, 0x00, 0x00, 0x00, 0x00, 0x00, 0x00, 0x00, 0x00, 0x00, 0x00, 0x00,
    0x00, 0x00, 0x00, 0x00, 0x00, 0x00, 0x00, 0x00, 0x00, 0x00, 0x00, 0x00, 0x00, 0x00, 0x00, 0x00,
    0x00, 0x00, 0x00, 0x00, 0x00, 0x00, 0x00, 0x00, 0x00, 0x00, 0x00, 0x00, 0x00, 0x00, 0x00, 0x00,
    0x00, 0x00, 0x00, 0x00, 0x00, 0x00, 0x00, 0x00, 0x00, 0x00, 0x00, 0x00, 0x00, 0x00, 0x00, 0x00,
    0x00, 0x00, 0x00, 0x00, 0x00, 0x00, 0x00, 0x00, 0x00, 0x00, 0x00, 0x00, 0x00, 0x00, 0x00, 0x00,
    0x00, 0x00, 0x00, 0x00, 0x00, 0x00, 0x00, 0x00, 0x00, 0x00, 0x00, 0x00, 0x00, 0x00, 0x00, 0x00,
    0x00, 0x00, 0x00, 0x00, 0x00, 0x00, 0x00, 0x00, 0x00, 0x00, 0x00, 0x00, 0x00, 0x00, 0x00, 0x00,
    0x00, 0x00, 0x00, 0x00, 0x00, 0x00, 0x00, 0x00, 0x00, 0x00, 0x00, 0x00, 0x00, 0x00, 0x00, 0x00,
    0x00, 0x00, 0x00, 0x00, 0x00, 0x00, 0x00, 0x00, 0x00, 0x00, 0x00, 0x00, 0x00, 0x00, 0x00, 0x00,
    0x00, 0x00, 0x00, 0x00, 0x00, 0x00, 0x00, 0x00, 0x00, 0x00, 0x00, 0x00, 0x00, 0x00, 0x00, 0x00,
    0x00, 0x00, 0x00, 0x00, 0x00, 0x00, 0x00, 0x00, 0x00, 0x00, 0x00, 0x00, 0x00, 0x00, 0x00, 0x00,
    0x00, 0x00, 0x00, 0x00, 0x00, 0x00, 0x00, 0x00, 0x00, 0x00, 0x00, 0x00, 0x00, 0x00, 0x00, 0x00,
    0x00, 0x00, 0x00, 0x00, 0x00, 0x00, 0x00, 0x00, 0x00, 0x00, 0x00, 0x00, 0x00, 0x00, 0x00, 0x00,
    0x00, 0x00, 0x00, 0x00, 0x00, 0x00, 0x00, 0x00, 0x00, 0x00, 0x00, 0x00, 0x00, 0x00, 0x00, 0x00,
    0x00, 0x00, 0x00, 0x00, 0x00, 0x00, 0x00, 0x00, 0x00, 0x00, 0x00, 0x00, 0x00, 0x00, 0x00, 0x00,
    0x00, 0x00, 0x00, 0x00, 0x00, 0x00, 0x00, 0x00, 0x00, 0x00, 0x00, 0x00, 0x00, 0x00, 0x00, 0x00,
    0x00, 0x00, 0x00, 0x00, 0x00, 0x00, 0x00, 0x00, 0x00, 0x00, 0x00, 0x00, 0x00, 0x00, 0x00, 0x00,
    0x00, 0x00, 0x00, 0x00, 0x00, 0x00, 0x00, 0x00, 0x00, 0x00, 0x00, 0x00, 0x00, 0x00, 0x00, 0x00,
    0x00, 0x00, 0x00, 0x00, 0x00, 0x00, 0x00, 0x00, 0x00, 0x00, 0x00, 0x00, 0x00, 0x00, 0x00, 0x00,
    0x00, 0x00, 0x00, 0x00, 0x00, 0x00, 0x00, 0x00, 0x00, 0x00, 0x00, 0x00, 0x00, 0x00, 0x00, 0x00,
    0x00, 0x00, 0x00, 0x00, 0x00, 0x00, 0x00, 0x00, 0x00, 0x00, 0x00, 0x00, 0x00, 0x00, 0x00, 0x00,
    0x00, 0x00, 0x00, 0x00, 0x00, 0x00, 0x00, 0x00, 0x00, 0x00, 0x00, 0x00, 0x00, 0x00, 0x00, 0x00,
    0x00, 0x00, 0x00, 0x00, 0x00, 0x00, 0x00, 0x00, 0x00, 0x00, 0x00, 0x00, 0x00, 0x00, 0x00, 0x00,
    0x00, 0x00, 0x00, 0x00, 0x00, 0x00, 0x00, 0x00, 0x00, 0x00, 0x00, 0x00, 0x00, 0x00, 0x00, 0x00,
    0x00, 0x00, 0x00, 0x00, 0x00, 0x00, 0x00, 0x00, 0x00, 0x00, 0x00, 0x00, 0x00, 0x00, 0x00, 0x00,
    0x00, 0x00, 0x00, 0x00, 0x00, 0x00, 0x00, 0x00, 0x00, 0x00, 0x00, 0x00, 0x00, 0x00, 0x00, 0x00,
    0x00, 0x00, 0x00, 0x00, 0x00, 0x00, 0x00, 0x00, 0x00, 0x00, 0x00, 0x00, 0x00, 0x00, 0x00, 0x00,
    0x00, 0x00, 0x00, 0x00, 0x00, 0x00, 0x00, 0x00, 0x00, 0x00, 0x00, 0x00, 0x00, 0x00, 0x00, 0x00,
    0x00, 0x00, 0x00, 0x00, 0x00, 0x00, 0x00, 0x00, 0x00, 0x00, 0x00, 0x00, 0x00, 0x00, 0x00, 0x00,
    0x00, 0x00, 0x00, 0x00, 0x00, 0x00, 0x00, 0x00, 0x00, 0x00, 0x00, 0x00, 0x00, 0x00, 0x00, 0x00,
    0x00, 0x00, 0x00, 0x00, 0x00, 0x00, 0x00, 0x00, 0x00, 0x00, 0x00, 0x00, 0x00, 0x00, 0x00, 0x00,
    0x00, 0x00, 0x00, 0x00, 0x00, 0x00, 0x00, 0x00, 0x00, 0x00, 0x00, 0x00, 0x00, 0x00, 0x00, 0x00,
    0x00, 0x00, 0x00, 0x00, 0x00, 0x00, 0x00, 0x00, 0x00, 0x00, 0x00, 0x00, 0x00, 0x00, 0x00, 0x00,
    0x00, 0x00, 0x00, 0x00, 0x00, 0x00, 0x00, 0x00, 0x00, 0x00, 0x00, 0x00, 0x00, 0x00, 0x00, 0x00,
    0x00, 0x00, 0x00, 0x00, 0x00, 0x00, 0x00, 0x00, 0x00, 0x00, 0x00, 0x00, 0x00, 0x00, 0x00, 0x00,
    0x00, 0x00, 0x00, 0x00, 0x00, 0x00, 0x00, 0x00, 0x00, 0x00, 0x00, 0x00, 0x00, 0x00, 0x00, 0x00,
    0x00, 0x00, 0x00, 0x00, 0x00, 0x00, 0x00, 0x00, 0x00, 0x00, 0x00, 0x00, 0x00, 0x00, 0x00, 0x00,
    0x00, 0x00, 0x00, 0x00, 0x00, 0x00, 0x00, 0x00, 0x00, 0x00, 0x00, 0x00, 0x00, 0x00, 0x00, 0x00,
    0x00, 0x00, 0x00, 0x00, 0x00, 0x00, 0x00, 0x00, 0x00, 0x00, 0x00, 0x00, 0x00, 0x00, 0x00, 0x00,
    0x00, 0x00, 0x00, 0x00, 0x00, 0x00, 0x00, 0x00, 0x00, 0x00, 0x00, 0x00, 0x00, 0x00, 0x00, 0x00,
    0x00, 0x00, 0x00, 0x00, 0x00, 0x00, 0x00, 0x00, 0x00, 0x00, 0x00, 0x00, 0x00, 0x00, 0x00, 0x00,
    0x00, 0x00, 0x00, 0x00, 0x00, 0x00, 0x00, 0x00, 0x00, 0x00, 0x00, 0x00, 0x00, 0x00, 0x00, 0x00,
    0x00, 0x00, 0x00, 0x00, 0x00, 0x00, 0x00, 0x00, 0x00, 0x00, 0x00, 0x00, 0x00, 0x00, 0x00, 0x00,
    0x00, 0x00, 0x00, 0x00, 0x00, 0x00, 0x00, 0x00, 0x00, 0x00, 0x00, 0x00, 0x00, 0x00, 0x00, 0x00,
    0x00, 0x00, 0x00, 0x00, 0x00, 0x00, 0x00, 0x00, 0x00, 0x00, 0x00, 0x00, 0x00, 0x00, 0x00, 0x00,
    0x00, 0x00, 0x00, 0x00, 0x00, 0x00, 0x00, 0x00, 0x00, 0x00, 0x00, 0x00, 0x00, 0x00, 0x00, 0x00,
    0x00, 0x00, 0x00, 0x00, 0x00, 0x00, 0x00, 0x00, 0x00, 0x00, 0x00, 0x00, 0x00, 0x00, 0x00, 0x00,
    0x00, 0x00, 0x00, 0x00, 0x00, 0x00, 0x00, 0x00, 0x00, 0x00, 0x00, 0x00, 0x00, 0x00, 0x00, 0x00,
    0x00, 0x00, 0x00, 0x00, 0x00, 0x00, 0x00, 0x00, 0x00, 0x00, 0x00, 0x00, 0x00, 0x00, 0x00, 0x00,
    0x00, 0x00, 0x00, 0x00, 0x00, 0x00, 0x00, 0x00, 0x00, 0x00, 0x00, 0x00, 0x00, 0x00, 0x00, 0x00,
    0x00, 0x00, 0x00, 0x00, 0x00, 0x00, 0x00, 0x00, 0x00, 0x00, 0x00, 0x00, 0x00, 0x00, 0x00, 0x00,
    0x00, 0x00, 0x00, 0x00, 0x00, 0x00, 0x00, 0x00, 0x00, 0x00, 0x00, 0x00, 0x00, 0x00, 0x00, 0x00,
    0x00, 0x00, 0x00, 0x00, 0x00, 0x00, 0x00, 0x00, 0x00, 0x00, 0x00, 0x00, 0x00, 0x00, 0x00, 0x00,
    0x00, 0x00, 0x00, 0x00, 0x00, 0x00, 0x00, 0x00, 0x00, 0x00, 0x00, 0x00, 0x00, 0x00, 0x00, 0x00,
    0x00, 0x00, 0x00, 0x00, 0x00, 0x00, 0x00, 0x00, 0x00, 0x00, 0x00, 0x00, 0x00, 0x00, 0x00, 0x00,
    0x00, 0x00, 0x00, 0x00, 0x00, 0x00, 0x00, 0x00, 0x00, 0x00, 0x00, 0x00, 0x00, 0x00, 0x00, 0x00,
    0x00, 0x00, 0x00, 0x00, 0x00, 0x00, 0x00, 0x00, 0x00, 0x00, 0x00, 0x00, 0x00, 0x00, 0x00, 0x00,
    0x00, 0x00, 0x00, 0x00, 0x00, 0x00, 0x00, 0x00, 0x00, 0x00, 0x00, 0x00, 0x00, 0x00, 0x00, 0x00,
    0x00, 0x00, 0x00, 0x00, 0x00, 0x00, 0x00, 0x00, 0x00, 0x00, 0x00, 0x00, 0x00, 0x00, 0x00, 0x00,
    0x00, 0x00, 0x00, 0x00, 0x00, 0x00, 0x00, 0x00, 0x00, 0x00, 0x00, 0x00, 0x00, 0x00, 0x00, 0x00,
    0x00, 0x00, 0x00, 0x00, 0x00, 0x00, 0x00, 0x00, 0x00, 0x00, 0x00, 0x00, 0x00, 0x00, 0x00, 0x00,
    0x00, 0x00, 0x00, 0x00, 0x00, 0x00, 0x00, 0x00, 0x00, 0x00, 0x00, 0x00, 0x00, 0x00, 0x00, 0x00,
    0x00, 0x00, 0x00, 0x00, 0x00, 0x00, 0x00, 0x00, 0x00, 0x00, 0x00, 0x00, 0x00, 0x00, 0x00, 0x00,
    0x00, 0x00, 0x00, 0x00, 0x00, 0x00, 0x00, 0x00, 0x00, 0x00, 0x00, 0x00, 0x00, 0x00, 0x00, 0x00,
    0x00, 0x00, 0x00, 0x00, 0x00, 0x00, 0x00, 0x00, 0x00, 0x00, 0x00, 0x00, 0x00, 0x00, 0x00, 0x00,
    0x00, 0x00, 0x00, 0x00, 0x00, 0x00, 0x00, 0x00, 0x00, 0x00, 0x00, 0x00, 0x00, 0x00, 0x00, 0x00,
    0x00, 0x00, 0x00, 0x00, 0x00, 0x00, 0x00, 0x00, 0x00, 0x00, 0x00, 0x00, 0x00, 0x00, 0x00, 0x00,
    0x00, 0x00, 0x00, 0x00, 0x00, 0x00, 0x00, 0x00, 0x00, 0x00, 0x00, 0x00, 0x00, 0x00, 0x00, 0x00,
    0x00, 0x00, 0x00, 0x00, 0x00, 0x00, 0x00, 0x00, 0x00, 0x00, 0x00, 0x00, 0x00, 0x00, 0x00, 0x00,
    0x00, 0x00, 0x00, 0x00, 0x00, 0x00, 0x00, 0x00, 0x00, 0x00, 0x00, 0x00, 0x00, 0x00, 0x00, 0x00,
    0x00, 0x00, 0x00, 0x00, 0x00, 0x00, 0x00, 0x00, 0x00, 0x00, 0x00, 0x00, 0x00, 0x00, 0x00, 0x00,
    0x00, 0x00, 0x00, 0x00, 0x00, 0x00, 0x00, 0x00, 0x00, 0x00, 0x00, 0x00, 0x00, 0x00, 0x00, 0x00,
    0x00, 0x00, 0x00, 0x00, 0x00, 0x00, 0x00, 0x00, 0x00, 0x00, 0x00, 0x00, 0x00, 0x00, 0x00, 0x00,
    0x00, 0x00, 0x00, 0x00, 0x00, 0x00, 0x00, 0x00, 0x00, 0x00, 0x00, 0x00, 0x00, 0x00, 0x00, 0x00,
    0x00, 0x00, 0x00, 0x00, 0x00, 0x00, 0x00, 0x00, 0x00, 0x00, 0x00, 0x00, 0x00, 0x00, 0x00, 0x00,
    0x00, 0x00, 0x00, 0x00, 0x00, 0x00, 0x00, 0x00, 0x00, 0x00, 0x00, 0x00, 0x00, 0x00, 0x00, 0x00,
    0x00, 0x00, 0x00, 0x00, 0x00, 0x00, 0x00, 0x00, 0x00, 0x00, 0x00, 0x00, 0x00, 0x00, 0x00, 0x00,
    0x00, 0x00, 0x00, 0x00, 0x00, 0x00, 0x00, 0x00, 0x00, 0x00, 0x00, 0x00, 0x00, 0x00, 0x00, 0x00,
    0x00, 0x00, 0x00, 0x00, 0x00, 0x00, 0x00, 0x00, 0x00, 0x00, 0x00, 0x00, 0x00, 0x00, 0x00, 0x00,
    0x00, 0x00, 0x00, 0x00, 0x00, 0x00, 0x00, 0x00, 0x00, 0x00, 0x00, 0x00, 0x00, 0x00, 0x00, 0x00,
    0x00, 0x00, 0x00, 0x00, 0x00, 0x00, 0x00, 0x00, 0x00, 0x00, 0x00, 0x00, 0x00, 0x00, 0x00, 0x00,
    0x00, 0x00, 0x00, 0x00, 0x00, 0x00, 0x00, 0x00, 0x00, 0x00, 0x00, 0x00, 0x00, 0x00, 0x00, 0x00,
    0x00, 0x00, 0x00, 0x00, 0x00, 0x00, 0x00, 0x00, 0x00, 0x00, 0x00, 0x00, 0x00, 0x00, 0x00, 0x00,
    0x00, 0x00, 0x00, 0x00, 0x00, 0x00, 0x00, 0x00, 0x00, 0x00, 0x00, 0x00, 0x00, 0x00, 0x00, 0x00,
    0x00, 0x00, 0x00, 0x00, 0x00, 0x00, 0x00, 0x00, 0x00, 0x00, 0x00, 0x00, 0x00, 0x00, 0x00, 0x00,
    0x00, 0x00, 0x00, 0x00, 0x00, 0x00, 0x00, 0x00, 0x00, 0x00, 0x00, 0x00, 0x00, 0x00, 0x00, 0x00,
    0x00, 0x00, 0x00, 0x00, 0x00, 0x00, 0x00, 0x00, 0x00, 0x00, 0x00, 0x00, 0x00, 0x00, 0x00, 0x00,
    0x00, 0x00, 0x00, 0x00, 0x00, 0x00, 0x00, 0x00, 0x00, 0x00, 0x00, 0x00, 0x00, 0x00, 0x00, 0x00,
    0x00, 0x00, 0x00, 0x00, 0x00, 0x00, 0x00, 0x00, 0x00, 0x00, 0x00, 0x00, 0x00, 0x00, 0x00, 0x00,
    0x00, 0x00, 0x00, 0x00, 0x00, 0x00, 0x00, 0x00, 0x00, 0x00, 0x00, 0x00, 0x00, 0x00, 0x00, 0x00,
    0x00, 0x00, 0x00, 0x00, 0x00, 0x00, 0x00, 0x00, 0x00, 0x00, 0x00, 0x00, 0x00, 0x00, 0x00, 0x00,
    0x00, 0x00, 0x00, 0x00, 0x00, 0x00, 0x00, 0x00, 0x00, 0x00, 0x00, 0x00, 0x00, 0x00, 0x00, 0x00,
    0x00, 0x00, 0x00, 0x00, 0x00, 0x00, 0x00, 0x00, 0x00, 0x00, 0x00, 0x00, 0x00, 0x00, 0x00, 0x00,
    0x00, 0x00, 0x00, 0x00, 0x00, 0x00, 0x00, 0x00, 0x00, 0x00, 0x00, 0x00, 0x00, 0x00, 0x00, 0x00,
    0x00, 0x00, 0x00, 0x00, 0x00, 0x00, 0x00, 0x00, 0x00, 0x00, 0x00, 0x00, 0x00, 0x00, 0x00, 0x00,
    0x00, 0x00, 0x00, 0x00, 0x00, 0x00, 0x00, 0x00, 0x00, 0x00, 0x00, 0x00, 0x00, 0x00, 0x00, 0x00,
    0x00, 0x00, 0x00, 0x00, 0x00, 0x00, 0x00, 0x00, 0x00, 0x00, 0x00, 0x00, 0x00, 0x00, 0x00, 0x00,
    0x00, 0x00, 0x00, 0x00, 0x00, 0x00, 0x00, 0x00, 0x00, 0x00, 0x00, 0x00, 0x00, 0x00, 0x00, 0x00,
    0x00, 0x00, 0x00, 0x00, 0x00, 0x00, 0x00, 0x00, 0x00, 0x00, 0x00, 0x00, 0x00, 0x00, 0x00, 0x00,
    0x00, 0x00, 0x00, 0x00, 0x00, 0x00, 0x00, 0x00, 0x00, 0x00, 0x00, 0x00, 0x00, 0x00, 0x00, 0x00,
    0x00, 0x00, 0x00, 0x00, 0x00, 0x00, 0x00, 0x00, 0x00, 0x00, 0x00, 0x00, 0x00, 0x00, 0x00, 0x00,
    0x00, 0x00, 0x00, 0x00, 0x00, 0x00, 0x00, 0x00, 0x00, 0x00, 0x00, 0x00, 0x00, 0x00, 0x00, 0x00,
    0x00, 0x00, 0x00, 0x00, 0x00, 0x00, 0x00, 0x00, 0x00, 0x00, 0x00, 0x00, 0x00, 0x00, 0x00, 0x00,
    0x00, 0x00, 0x00, 0x00, 0x00, 0x00, 0x00, 0x00, 0x00, 0x00, 0x00, 0x00, 0x00, 0x00, 0x00, 0x00,
    0x00, 0x00, 0x00, 0x00, 0x00, 0x00, 0x00, 0x00, 0x00, 0x00, 0x00, 0x00, 0x00, 0x00, 0x00, 0x00,
    0x00, 0x00, 0x00, 0x00, 0x00, 0x00, 0x00, 0x00, 0x00, 0x00, 0x00, 0x00, 0x00, 0x00, 0x00, 0x00,
    0x00, 0x00, 0x00, 0x00, 0x00, 0x00, 0x00, 0x00, 0x00, 0x00, 0x00, 0x00, 0x00, 0x00, 0x00, 0x00,
    0x00, 0x00, 0x00, 0x00, 0x00, 0x00, 0x00, 0x00, 0x00, 0x00, 0x00, 0x00, 0x00, 0x00, 0x00, 0x00,
    0x00, 0x00, 0x00, 0x00, 0x00, 0x00, 0x00, 0x00, 0x00, 0x00, 0x00, 0x00, 0x00, 0x00, 0x00, 0x00,
    0x00, 0x00, 0x00, 0x00, 0x00, 0x00, 0x00, 0x00, 0x00, 0x00, 0x00, 0x00, 0x00, 0x00, 0x00, 0x00,
    0x00, 0x00, 0x00, 0x00, 0x00, 0x00, 0x00, 0x00, 0x00, 0x00, 0x00, 0x00, 0x00, 0x00, 0x00, 0x00,
    0x00, 0x00, 0x00, 0x00, 0x00, 0x00, 0x00, 0x00, 0x00, 0x00, 0x00, 0x00, 0x00, 0x00, 0x00, 0x00,
    0x00, 0x00, 0x00, 0x00, 0x00, 0x00, 0x00, 0x00, 0x00, 0x00, 0x00, 0x00, 0x00, 0x00, 0x00, 0x00,
    0x00, 0x00, 0x00, 0x00, 0x00, 0x00, 0x00, 0x00, 0x00, 0x00, 0x00, 0x00, 0x00, 0x00, 0x00, 0x00,
    0x00, 0x00, 0x00, 0x00, 0x00, 0x00, 0x00, 0x00, 0x00, 0x00, 0x00, 0x00, 0x00, 0x00, 0x00, 0x00,
    0x00, 0x00, 0x00, 0x00, 0x00, 0x00, 0x00, 0x00, 0x00, 0x00, 0x00, 0x00, 0x00, 0x00, 0x00, 0x00,
    0x00, 0x00, 0x00, 0x00, 0x00, 0x00, 0x00, 0x00, 0x00, 0x00, 0x00, 0x00, 0x00, 0x00, 0x00, 0x00,
    0x00, 0x00, 0x00, 0x00, 0x00, 0x00, 0x00, 0x00, 0x00, 0x00, 0x00, 0x00, 0x00, 0x00, 0x00, 0x00,
    0x00, 0x00, 0x00, 0x00, 0x00, 0x00, 0x00, 0x00, 0x00, 0x00, 0x00, 0x00, 0x00, 0x00, 0x00, 0x00,
    0x00, 0x00, 0x00, 0x00, 0x00, 0x00, 0x00, 0x00, 0x00, 0x00, 0x00, 0x00, 0x00, 0x00, 0x00, 0x00,
    0x00, 0x00, 0x00, 0x00, 0x00, 0x00, 0x00, 0x00, 0x00, 0x00, 0x00, 0x00, 0x00, 0x00, 0x00, 0x00,
    0x00, 0x00, 0x00, 0x00, 0x00, 0x00, 0x00, 0x00, 0x00, 0x00, 0x00, 0x00, 0x00, 0x00, 0x00, 0x00,
    0x00, 0x00, 0x00, 0x00, 0x00, 0x00, 0x00, 0x00, 0x00, 0x00, 0x00, 0x00, 0x00, 0x00, 0x00, 0x00,
    0x00, 0x00, 0x00, 0x00, 0x00, 0x00, 0x00, 0x00, 0x00, 0x00, 0x00, 0x00, 0x00, 0x00, 0x00, 0x00,
    0x00, 0x00, 0x00, 0x00, 0x00, 0x00, 0x00, 0x00, 0x00, 0x00, 0x00, 0x00, 0x00, 0x00, 0x00, 0x00,
    0x00, 0x00, 0x00, 0x00, 0x00, 0x00, 0x00, 0x00, 0x00, 0x00, 0x00, 0x00, 0x00, 0x00, 0x00, 0x00,
    0x00, 0x00, 0x00, 0x00, 0x00, 0x00, 0x00, 0x00, 0x00, 0x00, 0x00, 0x00, 0x00, 0x00, 0x00, 0x00,
    0x00, 0x00, 0x00, 0x00, 0x00, 0x00, 0x00, 0x00, 0x00, 0x00, 0x00, 0x00, 0x00, 0x00, 0x00, 0x00,
    0x00, 0x00, 0x00, 0x00, 0x00, 0x00, 0x00, 0x00, 0x00, 0x00, 0x00, 0x00, 0x00, 0x00, 0x00, 0x00,
    0x00, 0x00, 0x00, 0x00, 0x00, 0x00, 0x00, 0x00, 0x00, 0x00, 0x00, 0x00, 0x00, 0x00, 0x00, 0x00,
    0x00, 0x00, 0x00, 0x00, 0x00, 0x00, 0x00, 0x00, 0x00, 0x00, 0x00, 0x00, 0x00, 0x00, 0x00, 0x00,
    0x00, 0x00, 0x00, 0x00, 0x00, 0x00, 0x00, 0x00, 0x00, 0x00, 0x00, 0x00, 0x00, 0x00, 0x00, 0x00,
    0x00, 0x00, 0x00, 0x00, 0x00, 0x00, 0x00, 0x00, 0x00, 0x00, 0x00, 0x00, 0x00, 0x00, 0x00, 0x00,
    0x00, 0x00, 0x00, 0x00, 0x00, 0x00, 0x00, 0x00, 0x00, 0x00, 0x00, 0x00, 0x00, 0x00, 0x00, 0x00,
    0x00, 0x00, 0x00, 0x00, 0x00, 0x00, 0x00, 0x00, 0x00, 0x00, 0x00, 0x00, 0x00, 0x00, 0x00, 0x00,
    0x00, 0x00, 0x00, 0x00, 0x00, 0x00, 0x00, 0x00, 0x00, 0x00, 0x00, 0x00, 0x00, 0x00, 0x00, 0x00,
    0x00, 0x00, 0x00, 0x00, 0x00, 0x00, 0x00, 0x00, 0x00, 0x00, 0x00, 0x00, 0x00, 0x00, 0x00, 0x00,
    0x00, 0x00, 0x00, 0x00, 0x00, 0x00, 0x00, 0x00, 0x00, 0x00, 0x00, 0x00, 0x00, 0x00, 0x00, 0x00,
    0x00, 0x00, 0x00, 0x00, 0x00, 0x00, 0x00, 0x00, 0x00, 0x00, 0x00, 0x00, 0x00, 0x00, 0x00, 0x00,
    0x00, 0x00, 0x00, 0x00, 0x00, 0x00, 0x00, 0x00, 0x00, 0x00, 0x00, 0x00, 0x00, 0x00, 0x00, 0x00,
    0x00, 0x00, 0x00, 0x00, 0x00, 0x00, 0x00, 0x00, 0x00, 0x00, 0x00, 0x00, 0x00, 0x00, 0x00, 0x00,
    0x00, 0x00, 0x00, 0x00, 0x00, 0x00, 0x00, 0x00, 0x00, 0x00, 0x00, 0x00, 0x00, 0x00, 0x00, 0x00,
    0x00, 0x00, 0x00, 0x00, 0x00, 0x00, 0x00, 0x00, 0x00, 0x00, 0x00, 0x00, 0x00, 0x00, 0x00, 0x00,
    0x00, 0x00, 0x00, 0x00, 0x00, 0x00, 0x00, 0x00, 0x00, 0x00, 0x00, 0x00, 0x00, 0x00, 0x00, 0x00,
    0x00, 0x00, 0x00, 0x00, 0x00, 0x00, 0x00, 0x00, 0x00, 0x00, 0x00, 0x00, 0x00, 0x00, 0x00, 0x00,
    0x00, 0x00, 0x00, 0x00, 0x00, 0x00, 0x00, 0x00, 0x00, 0x00, 0x00, 0x00, 0x00, 0x00, 0x00, 0x00,
    0x00, 0x00, 0x00, 0x00, 0x00, 0x00, 0x00, 0x00, 0x00, 0x00, 0x00, 0x00, 0x00, 0x00, 0x00, 0x00,
    0x00, 0x00, 0x00, 0x00, 0x00, 0x00, 0x00, 0x00, 0x00, 0x00, 0x00, 0x00, 0x00, 0x00, 0x00, 0x00,
    0x00, 0x00, 0x00, 0x00, 0x00, 0x00, 0x00, 0x00, 0x00, 0x00, 0x00, 0x00, 0x00, 0x00, 0x00, 0x00,
    0x00, 0x00, 0x00, 0x00, 0x00, 0x00, 0x00, 0x00, 0x00, 0x00, 0x00, 0x00, 0x00, 0x00, 0x00, 0x00,
    0x00, 0x00, 0x00, 0x00, 0x00, 0x00, 0x00, 0x00, 0x00, 0x00, 0x00, 0x00, 0x00, 0x00, 0x00, 0x00,
    0x00, 0x00, 0x00, 0x00, 0x00, 0x00, 0x00, 0x00, 0x00, 0x00, 0x00, 0x00, 0x00, 0x00, 0x00, 0x00,
    0x00, 0x00, 0x00, 0x00, 0x00, 0x00, 0x00, 0x00, 0x00, 0x00, 0x00, 0x00, 0x00, 0x00, 0x00, 0x00,
    0x00, 0x00, 0x00, 0x00, 0x00, 0x00, 0x00, 0x00, 0x00, 0x00, 0x00, 0x00, 0x00, 0x00, 0x00, 0x00,
    0x00, 0x00, 0x00, 0x00, 0x00, 0x00, 0x00, 0x00, 0x00, 0x00, 0x00, 0x00, 0x00, 0x00, 0x00, 0x00,
    0x00, 0x00, 0x00, 0x00, 0x00, 0x00, 0x00, 0x00, 0x00, 0x00, 0x00, 0x00, 0x00, 0x00, 0x00, 0x00,
    0x00, 0x00, 0x00, 0x00, 0x00, 0x00, 0x00, 0x00, 0x00, 0x00, 0x00, 0x00, 0x00, 0x00, 0x00, 0x00,
    0x00, 0x00, 0x00, 0x00, 0x00, 0x00, 0x00, 0x00, 0x00, 0x00, 0x00, 0x00, 0x00, 0x00, 0x00, 0x00,
    0x00, 0x00, 0x00, 0x00, 0x00, 0x00, 0x00, 0x00, 0x00, 0x00, 0x00, 0x00, 0x00, 0x00, 0x00, 0x00,
    0x00, 0x00, 0x00, 0x00, 0x00, 0x00, 0x00, 0x00, 0x00, 0x00, 0x00, 0x00, 0x00, 0x00, 0x00, 0x00,
    0x00, 0x00, 0x00, 0x00, 0x00, 0x00, 0x00, 0x00, 0x00, 0x00, 0x00, 0x00, 0x00, 0x00, 0x00, 0x00,
    0x00, 0x00, 0x00, 0x00, 0x00, 0x00, 0x00, 0x00, 0x00, 0x00, 0x00, 0x00, 0x00, 0x00, 0x00, 0x00,
    0x00, 0x00, 0x00, 0x00, 0x00, 0x00, 0x00, 0x00, 0x00, 0x00, 0x00, 0x00, 0x00, 0x00, 0x00, 0x00,
    0x00, 0x00, 0x00, 0x00, 0x00, 0x00, 0x00, 0x00, 0x00, 0x00, 0x00, 0x00, 0x00, 0x00, 0x00, 0x00,
    0x00, 0x00, 0x00, 0x00, 0x00, 0x00, 0x00, 0x00, 0x00, 0x00, 0x00, 0x00, 0x00, 0x00, 0x00, 0x00,
    0x00, 0x00, 0x00, 0x00, 0x00, 0x00, 0x00, 0x00, 0x00, 0x00, 0x00, 0x00, 0x00, 0x00, 0x00, 0x00,
    0x00, 0x00, 0x00, 0x00, 0x00, 0x00, 0x00, 0x00, 0x00, 0x00, 0x00, 0x00, 0x00, 0x00, 0x00, 0x00,
    0x00, 0x00, 0x00, 0x00, 0x00, 0x00, 0x00, 0x00, 0x00, 0x00, 0x00, 0x00, 0x00, 0x00, 0x00, 0x00,
    0x00, 0x00, 0x00, 0x00, 0x00, 0x00, 0x00, 0x00, 0x00, 0x00, 0x00, 0x00, 0x00, 0x00, 0x00, 0x00,
    0x00, 0x00, 0x00, 0x00, 0x00, 0x00, 0x00, 0x00, 0x00, 0x00, 0x00, 0x00, 0x00, 0x00, 0x00, 0x00,
    0x00, 0x00, 0x00, 0x00, 0x00, 0x00, 0x00, 0x00, 0x00, 0x00, 0x00, 0x00, 0x00, 0x00, 0x00, 0x00,
    0x00, 0x00, 0x00, 0x00, 0x00, 0x00, 0x00, 0x00, 0x00, 0x00, 0x00, 0x00, 0x00, 0x00, 0x00, 0x00,
    0x00, 0x00, 0x00, 0x00, 0x00, 0x00, 0x00, 0x00, 0x00, 0x00, 0x00, 0x00, 0x00, 0x00, 0x00, 0x00,
    0x00, 0x00, 0x00, 0x00, 0x00, 0x00, 0x00, 0x00, 0x00, 0x00, 0x00, 0x00, 0x00, 0x00, 0x00, 0x00,
    0x00, 0x00, 0x00, 0x00, 0x00, 0x00, 0x00, 0x00, 0x00, 0x00, 0x00, 0x00, 0x00, 0x00, 0x00, 0x00,
    0x00, 0x00, 0x00, 0x00, 0x00, 0x00, 0x00, 0x00, 0x00, 0x00, 0x00, 0x00, 0x00, 0x00, 0x00, 0x00,
    0x00, 0x00, 0x00, 0x00, 0x00, 0x00, 0x00, 0x00, 0x00, 0x00, 0x00, 0x00, 0x00, 0x00, 0x00, 0x00,
    0x00, 0x00, 0x00, 0x00, 0x00, 0x00, 0x00, 0x00, 0x00, 0x00, 0x00, 0x00, 0x00, 0x00, 0x00, 0x00,
    0x00, 0x00, 0x00, 0x00, 0x00, 0x00, 0x00, 0x00, 0x00, 0x00, 0x00, 0x00, 0x00, 0x00, 0x00, 0x00,
    0x00, 0x00, 0x00, 0x00, 0x00, 0x00, 0x00, 0x00, 0x00, 0x00, 0x00, 0x00, 0x00, 0x00, 0x00, 0x00,
    0x00, 0x00, 0x00, 0x00, 0x00, 0x00, 0x00, 0x00, 0x00, 0x00, 0x00, 0x00, 0x00, 0x00, 0x00, 0x00,
    0x00, 0x00, 0x00, 0x00, 0x00, 0x00, 0x00, 0x00, 0x00, 0x00, 0x00, 0x00, 0x00, 0x00, 0x00, 0x00,
    0x00, 0x00, 0x00, 0x00, 0x00, 0x00, 0x00, 0x00, 0x00, 0x00, 0x00, 0x00, 0x00, 0x00, 0x00, 0x00,
    0x00, 0x00, 0x00, 0x00, 0x00, 0x00, 0x00, 0x00, 0x00, 0x00, 0x00, 0x00, 0x00, 0x00, 0x00, 0x00,
    0x00, 0x00, 0x00, 0x00, 0x00, 0x00, 0x00, 0x00, 0x00, 0x00, 0x00, 0x00, 0x00, 0x00, 0x00, 0x00,
    0x00, 0x00, 0x00, 0x00, 0x00, 0x00, 0x00, 0x00, 0x00, 0x00, 0x00, 0x00, 0x00, 0x00, 0x00, 0x00,
    0x00, 0x00, 0x00, 0x00, 0x00, 0x00, 0x00, 0x00, 0x00, 0x00, 0x00, 0x00, 0x00, 0x00, 0x00, 0x00,
    0x00, 0x00, 0x00, 0x00, 0x00, 0x00, 0x00, 0x00, 0x00, 0x00, 0x00, 0x00, 0x00, 0x00, 0x00, 0x00,
    0x00, 0x00, 0x00, 0x00, 0x00, 0x00, 0x00, 0x00, 0x00, 0x00, 0x00, 0x00, 0x00, 0x00, 0x00, 0x00,
    0x00, 0x00, 0x00, 0x00, 0x00, 0x00, 0x00, 0x00, 0x00, 0x00, 0x00, 0x00, 0x00, 0x00, 0x00, 0x00,
    0x00, 0x00, 0x00, 0x00, 0x00, 0x00, 0x00, 0x00, 0x00, 0x00, 0x00, 0x00, 0x00, 0x00, 0x00, 0x00,
    0x00, 0x00, 0x00, 0x00, 0x00, 0x00, 0x00, 0x00, 0x00, 0x00, 0x00, 0x00, 0x00, 0x00, 0x00, 0x00,
    0x00, 0x00, 0x00, 0x00, 0x00, 0x00, 0x00, 0x00, 0x00, 0x00, 0x00, 0x00, 0x00, 0x00, 0x00, 0x00,
    0x00, 0x00, 0x00, 0x00, 0x00, 0x00, 0x00, 0x00, 0x00, 0x00, 0x00, 0x00, 0x00, 0x00, 0x00, 0x00,
    0x00, 0x00, 0x00, 0x00, 0x00, 0x00, 0x00, 0x00, 0x00, 0x00, 0x00, 0x00, 0x00, 0x00, 0x00, 0x00,
    0x00, 0x00, 0x00, 0x00, 0x00, 0x00, 0x00, 0x00, 0x00, 0x00, 0x00, 0x00, 0x00, 0x00, 0x00, 0x00,
    0x00, 0x00, 0x00, 0x00, 0x00, 0x00, 0x00, 0x00, 0x00, 0x00, 0x00, 0x00, 0x00, 0x00, 0x00, 0x00,
    0x00, 0x00, 0x00, 0x00, 0x00, 0x00, 0x00, 0x00, 0x00, 0x00, 0x00, 0x00, 0x00, 0x00, 0x00, 0x00,
    0x00, 0x00, 0x00, 0x00, 0x00, 0x00, 0x00, 0x00, 0x00, 0x00, 0x00, 0x00, 0x00, 0x00, 0x00, 0x00,
    0x00, 0x00, 0x00, 0x00, 0x00, 0x00, 0x00, 0x00, 0x00, 0x00, 0x00, 0x00, 0x00, 0x00, 0x00, 0x00,
    0x00, 0x00, 0x00, 0x00, 0x00, 0x00, 0x00, 0x00, 0x00, 0x00, 0x00, 0x00, 0x00, 0x00, 0x00, 0x00,
    0x00, 0x00, 0x00, 0x00, 0x00, 0x00, 0x00, 0x00, 0x00, 0x00, 0x00, 0x00, 0x00, 0x00, 0x00, 0x00,
    0x00, 0x00, 0x00, 0x00, 0x00, 0x00, 0x00, 0x00, 0x00, 0x00, 0x00, 0x00, 0x00, 0x00, 0x00, 0x00,
    0x00, 0x00, 0x00, 0x00, 0x00, 0x00, 0x00, 0x00, 0x00, 0x00, 0x00, 0x00, 0x00, 0x00, 0x00, 0x00,
    0x00, 0x00, 0x00, 0x00, 0x00, 0x00, 0x00, 0x00, 0x00, 0x00, 0x00, 0x00, 0x00, 0x00, 0x00, 0x00,
    0x00, 0x00, 0x00, 0x00, 0x00, 0x00, 0x00, 0x00, 0x00, 0x00, 0x00, 0x00, 0x00, 0x00, 0x00, 0x00,
    0x00, 0x00, 0x00, 0x00, 0x00, 0x00, 0x00, 0x00, 0x00, 0x00, 0x00, 0x00, 0x00, 0x00, 0x00, 0x00,
    0x00, 0x00, 0x00, 0x00, 0x00, 0x00, 0x00, 0x00, 0x00, 0x00, 0x00, 0x00, 0x00, 0x00, 0x00, 0x00,
    0x00, 0x00, 0x00, 0x00, 0x00, 0x00, 0x00, 0x00, 0x00, 0x00, 0x00, 0x00, 0x00, 0x00, 0x00, 0x00,
    0x00, 0x00, 0x00, 0x00, 0x00, 0x00, 0x00, 0x00, 0x00, 0x00, 0x00, 0x00, 0x00, 0x00, 0x00, 0x00,
    0x00, 0x00, 0x00, 0x00, 0x00, 0x00, 0x00, 0x00, 0x00, 0x00, 0x00, 0x00, 0x00, 0x00, 0x00, 0x00,
    0x00, 0x00, 0x00, 0x00, 0x00, 0x00, 0x00, 0x00, 0x00, 0x00, 0x00, 0x00, 0x00, 0x00, 0x00, 0x00,
    0x00, 0x00, 0x00, 0x00, 0x00, 0x00, 0x00, 0x00, 0x00, 0x00, 0x00, 0x00, 0x00, 0x00, 0x00, 0x00,
    0x00, 0x00, 0x00, 0x00, 0x00, 0x00, 0x00, 0x00, 0x00, 0x00, 0x00, 0x00, 0x00, 0x00, 0x00, 0x00,
    0x00, 0x00, 0x00, 0x00, 0x00, 0x00, 0x00, 0x00, 0x00, 0x00, 0x00, 0x00, 0x00, 0x00, 0x00, 0x00,
    0x00, 0x00, 0x00, 0x00, 0x00, 0x00, 0x00, 0x00, 0x00, 0x00, 0x00, 0x00, 0x00, 0x00, 0x00, 0x00,
    0x00, 0x00, 0x00, 0x00, 0x00, 0x00, 0x00, 0x00, 0x00, 0x00, 0x00, 0x00, 0x00, 0x00, 0x00, 0x00,
    0x00, 0x00, 0x00, 0x00, 0x00, 0x00, 0x00, 0x00, 0x00, 0x00, 0x00, 0x00, 0x00, 0x00, 0x00, 0x00,
    0x00, 0x00, 0x00, 0x00, 0x00, 0x00, 0x00, 0x00, 0x00, 0x00, 0x00, 0x00, 0x00, 0x00, 0x00, 0x00,
    0x00, 0x00, 0x00, 0x00, 0x00, 0x00, 0x00, 0x00, 0x00, 0x00, 0x00, 0x00, 0x00, 0x00, 0x00, 0x00,
    0x00, 0x00, 0x00, 0x00, 0x00, 0x00, 0x00, 0x00, 0x00, 0x00, 0x00, 0x00, 0x00, 0x00, 0x00, 0x00,
    0x00, 0x00, 0x00, 0x00, 0x00, 0x00, 0x00, 0x00, 0x00, 0x00, 0x00, 0x00, 0x00, 0x00, 0x00, 0x00,
    0x00, 0x00, 0x00, 0x00, 0x00, 0x00, 0x00, 0x00, 0x00, 0x00, 0x00, 0x00, 0x00, 0x00, 0x00, 0x00,
    0x00, 0x00, 0x00, 0x00, 0x00, 0x00, 0x00, 0x00, 0x00, 0x00, 0x00, 0x00, 0x00, 0x00, 0x00, 0x00,
    0x00, 0x00, 0x00, 0x00, 0x00, 0x00, 0x00, 0x00, 0x00, 0x00, 0x00, 0x00, 0x00, 0x00, 0x00, 0x00,
    0x00, 0x00, 0x00, 0x00, 0x00, 0x00, 0x00, 0x00, 0x00, 0x00, 0x00, 0x00, 0x00, 0x00, 0x00, 0x00,
    0x00, 0x00, 0x00, 0x00, 0x00, 0x00, 0x00, 0x00, 0x00, 0x00, 0x00, 0x00, 0x00, 0x00, 0x00, 0x00,
    0x00, 0x00, 0x00, 0x00, 0x00, 0x00, 0x00, 0x00, 0x00, 0x00, 0x00, 0x00, 0x00, 0x00, 0x00, 0x00,
    0x00, 0x00, 0x00, 0x00, 0x00, 0x00, 0x00, 0x00, 0x00, 0x00, 0x00, 0x00, 0x00, 0x00, 0x00, 0x00,
    0x00, 0x00, 0x00, 0x00, 0x00, 0x00, 0x00, 0x00, 0x00, 0x00, 0x00, 0x00, 0x00, 0x00, 0x00, 0x00,
    0x00, 0x00, 0x00, 0x00, 0x00, 0x00, 0x00, 0x00, 0x00, 0x00, 0x00, 0x00, 0x00, 0x00, 0x00, 0x00,
    0x00, 0x00, 0x00, 0x00, 0x00, 0x00, 0x00, 0x00, 0x00, 0x00, 0x00, 0x00, 0x00, 0x00, 0x00, 0x00,
    0x00, 0x00, 0x00, 0x00, 0x00, 0x00, 0x00, 0x00, 0x00, 0x00, 0x00, 0x00, 0x00, 0x00, 0x00, 0x00,
    0x00, 0x00, 0x00, 0x00, 0x00, 0x00, 0x00, 0x00, 0x00, 0x00, 0x00, 0x00, 0x00, 0x00, 0x00, 0x00,
    0x00, 0x00, 0x00, 0x00, 0x00, 0x00, 0x00, 0x00, 0x00, 0x00, 0x00, 0x00, 0x00, 0x00, 0x00, 0x00,
    0x00, 0x00, 0x00, 0x00, 0x00, 0x00, 0x00, 0x00, 0x00, 0x00, 0x00, 0x00, 0x00, 0x00, 0x00, 0x00,
    0x00, 0x00, 0x00, 0x00, 0x00, 0x00, 0x00, 0x00, 0x00, 0x00, 0x00, 0x00, 0x00, 0x00, 0x00, 0x00,
    0x00, 0x00, 0x00, 0x00, 0x00, 0x00, 0x00, 0x00, 0x00, 0x00, 0x00, 0x00, 0x00, 0x00, 0x00, 0x00,
    0x00, 0x00, 0x00, 0x00, 0x00, 0x00, 0x00, 0x00, 0x00, 0x00, 0x00, 0x00, 0x00, 0x00, 0x00, 0x00,
    0x00, 0x00, 0x00, 0x00, 0x00, 0x00, 0x00, 0x00, 0x00, 0x00, 0x00, 0x00, 0x00, 0x00, 0x00, 0x00,
    0x00, 0x00, 0x00, 0x00, 0x00, 0x00, 0x00, 0x00, 0x00, 0x00, 0x00, 0x00, 0x00, 0x00, 0x00, 0x00,
    0x00, 0x00, 0x00, 0x00, 0x00, 0x00, 0x00, 0x00, 0x00, 0x00, 0x00, 0x00, 0x00, 0x00, 0x00, 0x00,
    0x00, 0x00, 0x00, 0x00, 0x00, 0x00, 0x00, 0x00, 0x00, 0x00, 0x00, 0x00, 0x00, 0x00, 0x00, 0x00,
    0x00, 0x00, 0x00, 0x00, 0x00, 0x00, 0x00, 0x00, 0x00, 0x00, 0x00, 0x00, 0x00, 0x00, 0x00, 0x00,
    0x00, 0x00, 0x00, 0x00, 0x00, 0x00, 0x00, 0x00, 0x00, 0x00, 0x00, 0x00, 0x00, 0x00, 0x00, 0x00,
    0x00, 0x00, 0x00, 0x00, 0x00, 0x00, 0x00, 0x00, 0x00, 0x00, 0x00, 0x00, 0x00, 0x00, 0x00, 0x00,
    0x00, 0x00, 0x00, 0x00, 0x00, 0x00, 0x00, 0x00, 0x00, 0x00, 0x00, 0x00, 0x00, 0x00, 0x00, 0x00,
    0x00, 0x00, 0x00, 0x00, 0x00, 0x00, 0x00, 0x00, 0x00, 0x00, 0x00, 0x00, 0x00, 0x00, 0x00, 0x00,
    0x00, 0x00, 0x00, 0x00, 0x00, 0x00, 0x00, 0x00, 0x00, 0x00, 0x00, 0x00, 0x00, 0x00, 0x00, 0x00,
    0x00, 0x00, 0x00, 0x00, 0x00, 0x00, 0x00, 0x00, 0x00, 0x00, 0x00, 0x00, 0x00, 0x00, 0x00, 0x00,
    0x00, 0x00, 0x00, 0x00, 0x00, 0x00, 0x00, 0x00, 0x00, 0x00, 0x00, 0x00, 0x00, 0x00, 0x00, 0x00,
    0x00, 0x00, 0x00, 0x00, 0x00, 0x00, 0x00, 0x00, 0x00, 0x00, 0x00, 0x00, 0x00, 0x00, 0x00, 0x00,
    0x00, 0x00, 0x00, 0x00, 0x00, 0x00, 0x00, 0x00, 0x00, 0x00, 0x00, 0x00, 0x00, 0x00, 0x00, 0x00,
    0x00, 0x00, 0x00, 0x00, 0x00, 0x00, 0x00, 0x00, 0x00, 0x00, 0x00, 0x00, 0x00, 0x00, 0x00, 0x00,
    0x00, 0x00, 0x00, 0x00, 0x00, 0x00, 0x00, 0x00, 0x00, 0x00, 0x00, 0x00, 0x00, 0x00, 0x00, 0x00,
    0x00, 0x00, 0x00, 0x00, 0x00, 0x00, 0x00, 0x00, 0x00, 0x00, 0x00, 0x00, 0x00, 0x00, 0x00, 0x00,
    0x00, 0x00, 0x00, 0x00, 0x00, 0x00, 0x00, 0x00, 0x00, 0x00, 0x00, 0x00, 0x00, 0x00, 0x00, 0x00,
    0x00, 0x00, 0x00, 0x00, 0x00, 0x00, 0x00, 0x00, 0x00, 0x00, 0x00, 0x00, 0x00, 0x00, 0x00, 0x00,
    0x00, 0x00, 0x00, 0x00, 0x00, 0x00, 0x00, 0x00, 0x00, 0x00, 0x00, 0x00, 0x00, 0x00, 0x00, 0x00,
    0x00, 0x00, 0x00, 0x00, 0x00, 0x00, 0x00, 0x00, 0x00, 0x00, 0x00, 0x00, 0x00, 0x00, 0x00, 0x00,
    0x00, 0x00, 0x00, 0x00, 0x00, 0x00, 0x00, 0x00, 0x00, 0x00, 0x00, 0x00, 0x00, 0x00, 0x00, 0x00,
    0x00, 0x00, 0x00, 0x00, 0x00, 0x00, 0x00, 0x00, 0x00, 0x00, 0x00, 0x00, 0x00, 0x00, 0x00, 0x00,
    0x00, 0x00, 0x00, 0x00, 0x00, 0x00, 0x00, 0x00, 0x00, 0x00, 0x00, 0x00, 0x00, 0x00, 0x00, 0x00,
    0x00, 0x00, 0x00, 0x00, 0x00, 0x00, 0x00, 0x00, 0x00, 0x00, 0x00, 0x00, 0x00, 0x00, 0x00, 0x00,
    0x00, 0x00, 0x00, 0x00, 0x00, 0x00, 0x00, 0x00, 0x00, 0x00, 0x00, 0x00, 0x00, 0x00, 0x00, 0x00,
    0x00, 0x00, 0x00, 0x00, 0x00, 0x00, 0x00, 0x00, 0x00, 0x00, 0x00, 0x00, 0x00, 0x00, 0x00, 0x00,
    0x00, 0x00, 0x00, 0x00, 0x00, 0x00, 0x00, 0x00, 0x00, 0x00, 0x00, 0x00, 0x00, 0x00, 0x00, 0x00,
    0x00, 0x00, 0x00, 0x00, 0x00, 0x00, 0x00, 0x00, 0x00, 0x00, 0x00, 0x00, 0x00, 0x00, 0x00, 0x00,
    0x00, 0x00, 0x00, 0x00, 0x00, 0x00, 0x00, 0x00, 0x00, 0x00, 0x00, 0x00, 0x00, 0x00, 0x00, 0x00,
    0x00, 0x00, 0x00, 0x00, 0x00, 0x00, 0x00, 0x00, 0x00, 0x00, 0x00, 0x00, 0x00, 0x00, 0x00, 0x00,
    0x00, 0x00, 0x00, 0x00, 0x00, 0x00, 0x00, 0x00, 0x00, 0x00, 0x00, 0x00, 0x00, 0x00, 0x00, 0x00,
    0x00, 0x00, 0x00, 0x00, 0x00, 0x00, 0x00, 0x00, 0x00, 0x00, 0x00, 0x00, 0x00, 0x00, 0x00, 0x00,
    0x00, 0x00, 0x00, 0x00, 0x00, 0x00, 0x00, 0x00, 0x00, 0x00, 0x00, 0x00, 0x00, 0x00, 0x00, 0x00,
    0x00, 0x00, 0x00, 0x00, 0x00, 0x00, 0x00, 0x00, 0x00, 0x00, 0x00, 0x00, 0x00, 0x00, 0x00, 0x00,
    0x00, 0x00, 0x00, 0x00, 0x00, 0x00, 0x00, 0x00, 0x00, 0x00, 0x00, 0x00, 0x00, 0x00, 0x00, 0x00,
    0x00, 0x00, 0x00, 0x00, 0x00, 0x00, 0x00, 0x00, 0x00, 0x00, 0x00, 0x00, 0x00, 0x00, 0x00, 0x00,
    0x00, 0x00, 0x00, 0x00, 0x00, 0x00, 0x00, 0x00, 0x00, 0x00, 0x00, 0x00, 0x00, 0x00, 0x00, 0x00,
    0x00, 0x00, 0x00, 0x00, 0x00, 0x00, 0x00, 0x00, 0x00, 0x00, 0x00, 0x00, 0x00, 0x00, 0x00, 0x00,
    0x00, 0x00, 0x00, 0x00, 0x00, 0x00, 0x00, 0x00, 0x00, 0x00, 0x00, 0x00, 0x00, 0x00, 0x00, 0x00,
    0x00, 0x00, 0x00, 0x00, 0x00, 0x00, 0x00, 0x00, 0x00, 0x00, 0x00, 0x00, 0x00, 0x00, 0x00, 0x00,
    0x00, 0x00, 0x00, 0x00, 0x00, 0x00, 0x00, 0x00, 0x00, 0x00, 0x00, 0x00, 0x00, 0x00, 0x00, 0x00,
    0x00, 0x00, 0x00, 0x00, 0x00, 0x00, 0x00, 0x00, 0x00, 0x00, 0x00, 0x00, 0x00, 0x00, 0x00, 0x00,
    0x00, 0x00, 0x00, 0x00, 0x00, 0x00, 0x00, 0x00, 0x00, 0x00, 0x00, 0x00, 0x00, 0x00, 0x00, 0x00,
    0x00, 0x00, 0x00, 0x00, 0x00, 0x00, 0x00, 0x00, 0x00, 0x00, 0x00, 0x00, 0x00, 0x00, 0x00, 0x00,
    0x00, 0x00, 0x00, 0x00, 0x00, 0x00, 0x00, 0x00, 0x00, 0x00, 0x00, 0x00, 0x00, 0x00, 0x00, 0x00,
    0x00, 0x00, 0x00, 0x00, 0x00, 0x00, 0x00, 0x00, 0x00, 0x00, 0x00, 0x00, 0x00, 0x00, 0x00, 0x00,
    0x00, 0x00, 0x00, 0x00, 0x00, 0x00, 0x00, 0x00, 0x00, 0x00, 0x00, 0x00, 0x00, 0x00, 0x00, 0x00,
    0x00, 0x00, 0x00, 0x00, 0x00, 0x00, 0x00, 0x00, 0x00, 0x00, 0x00, 0x00, 0x00, 0x00, 0x00, 0x00,
    0x00, 0x00, 0x00, 0x00, 0x00, 0x00, 0x00, 0x00, 0x00, 0x00, 0x00, 0x00, 0x00, 0x00, 0x00, 0x00,
    0x00, 0x00, 0x00, 0x00, 0x00, 0x00, 0x00, 0x00, 0x00, 0x00, 0x00, 0x00, 0x00, 0x00, 0x00, 0x00,
    0x00, 0x00, 0x00, 0x00, 0x00, 0x00, 0x00, 0x00, 0x00, 0x00, 0x00, 0x00, 0x00, 0x00, 0x00, 0x00,
    0x00, 0x00, 0x00, 0x00, 0x00, 0x00, 0x00, 0x00, 0x00, 0x00, 0x00, 0x00, 0x00, 0x00, 0x00, 0x00,
    0x00, 0x00, 0x00, 0x00, 0x00, 0x00, 0x00, 0x00, 0x00, 0x00, 0x00, 0x00, 0x00, 0x00, 0x00, 0x00,
    0x00, 0x00, 0x00, 0x00, 0x00, 0x00, 0x00, 0x00, 0x00, 0x00, 0x00, 0x00, 0x00, 0x00, 0x00, 0x00,
    0x00, 0x00, 0x00, 0x00, 0x00, 0x00, 0x00, 0x00, 0x00, 0x00, 0x00, 0x00, 0x00, 0x00, 0x00, 0x00,
    0x00, 0x00, 0x00, 0x00, 0x00, 0x00, 0x00, 0x00, 0x00, 0x00, 0x00, 0x00, 0x00, 0x00, 0x00, 0x00,
    0x00, 0x00, 0x00, 0x00, 0x00, 0x00, 0x00, 0x00, 0x00, 0x00, 0x00, 0x00, 0x00, 0x00, 0x00, 0x00,
    0x00, 0x00, 0x00, 0x00, 0x00, 0x00, 0x00, 0x00, 0x00, 0x00, 0x00, 0x00, 0x00, 0x00, 0x00, 0x00,
    0x00, 0x00, 0x00, 0x00, 0x00, 0x00, 0x00, 0x00, 0x00, 0x00, 0x00, 0x00, 0x00, 0x00, 0x00, 0x00,
    0x00, 0x00, 0x00, 0x00, 0x00, 0x00, 0x00, 0x00, 0x00, 0x00, 0x00, 0x00, 0x00, 0x00, 0x00, 0x00,
    0x00, 0x00, 0x00, 0x00, 0x00, 0x00, 0x00, 0x00, 0x00, 0x00, 0x00, 0x00, 0x00, 0x00, 0x00, 0x00,
    0x00, 0x00, 0x00, 0x00, 0x00, 0x00, 0x00, 0x00, 0x00, 0x00, 0x00, 0x00, 0x00, 0x00, 0x00, 0x00,
    0x00, 0x00, 0x00, 0x00, 0x00, 0x00, 0x00, 0x00, 0x00, 0x00, 0x00, 0x00, 0x00, 0x00, 0x00, 0x00,
    0x00, 0x00, 0x00, 0x00, 0x00, 0x00, 0x00, 0x00, 0x00, 0x00, 0x00, 0x00, 0x00, 0x00, 0x00, 0x00,
    0x00, 0x00, 0x00, 0x00, 0x00, 0x00, 0x00, 0x00, 0x00, 0x00, 0x00, 0x00, 0x00, 0x00, 0x00, 0x00,
    0x00, 0x00, 0x00, 0x00, 0x00, 0x00, 0x00, 0x00, 0x00, 0x00, 0x00, 0x00, 0x00, 0x00, 0x00, 0x00,
    0x00, 0x00, 0x00, 0x00, 0x00, 0x00, 0x00, 0x00, 0x00, 0x00, 0x00, 0x00, 0x00, 0x00, 0x00, 0x00,
    0x00, 0x00, 0x00, 0x00, 0x00, 0x00, 0x00, 0x00, 0x00, 0x00, 0x00, 0x00, 0x00, 0x00, 0x00, 0x00,
    0x00, 0x00, 0x00, 0x00, 0x00, 0x00, 0x00, 0x00, 0x00, 0x00, 0x00, 0x00, 0x00, 0x00, 0x00, 0x00,
    0x00, 0x00, 0x00, 0x00, 0x00, 0x00, 0x00, 0x00, 0x00, 0x00, 0x00, 0x00, 0x00, 0x00, 0x00, 0x00,
    0x00, 0x00, 0x00, 0x00, 0x00, 0x00, 0x00, 0x00, 0x00, 0x00, 0x00, 0x00, 0x00, 0x00, 0x00, 0x00,
    0x00, 0x00, 0x00, 0x00, 0x00, 0x00, 0x00, 0x00, 0x00, 0x00, 0x00, 0x00, 0x00, 0x00, 0x00, 0x00,
    0x00, 0x00, 0x00, 0x00, 0x00, 0x00, 0x00, 0x00, 0x00, 0x00, 0x00, 0x00, 0x00, 0x00, 0x00, 0x00,
    0x00, 0x00, 0x00, 0x00, 0x00, 0x00, 0x00, 0x00, 0x00, 0x00, 0x00, 0x00, 0x00, 0x00, 0x00, 0x00,
    0x00, 0x00, 0x00, 0x00, 0x00, 0x00, 0x00, 0x00, 0x00, 0x00, 0x00, 0x00, 0x00, 0x00, 0x00, 0x00,
    0x00, 0x00, 0x00, 0x00, 0x00, 0x00, 0x00, 0x00, 0x00, 0x00, 0x00, 0x00, 0x00, 0x00, 0x00, 0x00,
    0x00, 0x00, 0x00, 0x00, 0x00, 0x00, 0x00, 0x00, 0x00, 0x00, 0x00, 0x00, 0x00, 0x00, 0x00, 0x00,
    0x00, 0x00, 0x00, 0x00, 0x00, 0x00, 0x00, 0x00, 0x00, 0x00, 0x00, 0x00, 0x00, 0x00, 0x00, 0x00,
    0x00, 0x00, 0x00, 0x00, 0x00, 0x00, 0x00, 0x00, 0x00, 0x00, 0x00, 0x00, 0x00, 0x00, 0x00, 0x00,
    0x00, 0x00, 0x00, 0x00, 0x00, 0x00, 0x00, 0x00, 0x00, 0x00, 0x00, 0x00, 0x00, 0x00, 0x00, 0x00,
    0x00, 0x00, 0x00, 0x00, 0x00, 0x00, 0x00, 0x00, 0x00, 0x00, 0x00, 0x00, 0x00, 0x00, 0x00, 0x00,
    0x00, 0x00, 0x00, 0x00, 0x00, 0x00, 0x00, 0x00, 0x00, 0x00, 0x00, 0x00, 0x00, 0x00, 0x00, 0x00,
    0x00, 0x00, 0x00, 0x00, 0x00, 0x00, 0x00, 0x00, 0x00, 0x00, 0x00, 0x00, 0x00, 0x00, 0x00, 0x00,
    0x00, 0x00, 0x00, 0x00, 0x00, 0x00, 0x00, 0x00, 0x00, 0x00, 0x00, 0x00, 0x00, 0x00, 0x00, 0x00,
    0x00, 0x00, 0x00, 0x00, 0x00, 0x00, 0x00, 0x00, 0x00, 0x00, 0x00, 0x00, 0x00, 0x00, 0x00, 0x00,
    0x00, 0x00, 0x00, 0x00, 0x00, 0x00, 0x00, 0x00, 0x00, 0x00, 0x00, 0x00, 0x00, 0x00, 0x00, 0x00,
    0x00, 0x00, 0x00, 0x00, 0x00, 0x00, 0x00, 0x00, 0x00, 0x00, 0x00, 0x00, 0x00, 0x00, 0x00, 0x00,
    0x00, 0x00, 0x00, 0x00, 0x00, 0x00, 0x00, 0x00, 0x00, 0x00, 0x00, 0x00, 0x00, 0x00, 0x00, 0x00,
    0x00, 0x00, 0x00, 0x00, 0x00, 0x00, 0x00, 0x00, 0x00, 0x00, 0x00, 0x00, 0x00, 0x00, 0x00, 0x00,
    0x00, 0x00, 0x00, 0x00, 0x00, 0x00, 0x00, 0x00, 0x00, 0x00, 0x00, 0x00, 0x00, 0x00, 0x00, 0x00,
    0x00, 0x00, 0x00, 0x00, 0x00, 0x00, 0x00, 0x00, 0x00, 0x00, 0x00, 0x00, 0x00, 0x00, 0x00, 0x00,
    0x00, 0x00, 0x00, 0x00, 0x00, 0x00, 0x00, 0x00, 0x00, 0x00, 0x00, 0x00, 0x00, 0x00, 0x00, 0x00,
    0x00, 0x00, 0x00, 0x00, 0x00, 0x00, 0x00, 0x00, 0x00, 0x00, 0x00, 0x00, 0x00, 0x00, 0x00, 0x00,
    0x00, 0x00, 0x00, 0x00, 0x00, 0x00, 0x00, 0x00, 0x00, 0x00, 0x00, 0x00, 0x00, 0x00, 0x00, 0x00,
    0x00, 0x00, 0x00, 0x00, 0x00, 0x00, 0x00, 0x00, 0x00, 0x00, 0x00, 0x00, 0x00, 0x00, 0x00, 0x00,
    0x00, 0x00, 0x00, 0x00, 0x00, 0x00, 0x00, 0x00, 0x00, 0x00, 0x00, 0x00, 0x00, 0x00, 0x00, 0x00,
    0x00, 0x00, 0x00, 0x00, 0x00, 0x00, 0x00, 0x00, 0x00, 0x00, 0x00, 0x00, 0x00, 0x00, 0x00, 0x00,
    0x00, 0x00, 0x00, 0x00, 0x00, 0x00, 0x00, 0x00, 0x00, 0x00, 0x00, 0x00, 0x00, 0x00, 0x00, 0x00,
    0x00, 0x00, 0x00, 0x00, 0x00, 0x00, 0x00, 0x00, 0x00, 0x00, 0x00, 0x00, 0x00, 0x00, 0x00, 0x00,
    0x00, 0x00, 0x00, 0x00, 0x00, 0x00, 0x00, 0x00, 0x00, 0x00, 0x00, 0x00, 0x00, 0x00, 0x00, 0x00,
    0x00, 0x00, 0x00, 0x00, 0x00, 0x00, 0x00, 0x00, 0x00, 0x00, 0x00, 0x00, 0x00, 0x00, 0x00, 0x00,
    0x00, 0x00, 0x00, 0x00, 0x00, 0x00, 0x00, 0x00, 0x00, 0x00, 0x00, 0x00, 0x00, 0x00, 0x00, 0x00,
    0x00, 0x00, 0x00, 0x00, 0x00, 0x00, 0x00, 0x00, 0x00, 0x00, 0x00, 0x00, 0x00, 0x00, 0x00, 0x00,
    0x00, 0x00, 0x00, 0x00, 0x00, 0x00, 0x00, 0x00, 0x00, 0x00, 0x00, 0x00, 0x00, 0x00, 0x00, 0x00,
    0x00, 0x00, 0x00, 0x00, 0x00, 0x00, 0x00, 0x00, 0x00, 0x00, 0x00, 0x00, 0x00, 0x00, 0x00, 0x00,
    0x00, 0x00, 0x00, 0x00, 0x00, 0x00, 0x00, 0x00, 0x00, 0x00, 0x00, 0x00, 0x00, 0x00, 0x00, 0x00,
    0x00, 0x00, 0x00, 0x00, 0x00, 0x00, 0x00, 0x00, 0x00, 0x00, 0x00, 0x00, 0x00, 0x00, 0x00, 0x00,
    0x00, 0x00, 0x00, 0x00, 0x00, 0x00, 0x00, 0x00, 0x00, 0x00, 0x00, 0x00, 0x00, 0x00, 0x00, 0x00,
    0x00, 0x00, 0x00, 0x00, 0x00, 0x00, 0x00, 0x00, 0x00, 0x00, 0x00, 0x00, 0x00, 0x00, 0x00, 0x00,
    0x00, 0x00, 0x00, 0x00, 0x00, 0x00, 0x00, 0x00, 0x00, 0x00, 0x00, 0x00, 0x00, 0x00, 0x00, 0x00,
    0x00, 0x00, 0x00, 0x00, 0x00, 0x00, 0x00, 0x00, 0x00, 0x00, 0x00, 0x00, 0x00, 0x00, 0x00, 0x00,
    0x00, 0x00, 0x00, 0x00, 0x00, 0x00, 0x00, 0x00, 0x00, 0x00, 0x00, 0x00, 0x00, 0x00, 0x00, 0x00,
    0x00, 0x00, 0x00, 0x00, 0x00, 0x00, 0x00, 0x00, 0x00, 0x00, 0x00, 0x00, 0x00, 0x00, 0x00, 0x00,
    0x00, 0x00, 0x00, 0x00, 0x00, 0x00, 0x00, 0x00, 0x00, 0x00, 0x00, 0x00, 0x00, 0x00, 0x00, 0x00,
    0x00, 0x00, 0x00, 0x00, 0x00, 0x00, 0x00, 0x00, 0x00, 0x00, 0x00, 0x00, 0x00, 0x00, 0x00, 0x00,
    0x00, 0x00, 0x00, 0x00, 0x00, 0x00, 0x00, 0x00, 0x00, 0x00, 0x00, 0x00, 0x00, 0x00, 0x00, 0x00,
    0x00, 0x00, 0x00, 0x00, 0x00, 0x00, 0x00, 0x00, 0x00, 0x00, 0x00, 0x00, 0x00, 0x00, 0x00, 0x00,
    0x00, 0x00, 0x00, 0x00, 0x00, 0x00, 0x00, 0x00, 0x00, 0x00, 0x00, 0x00, 0x00, 0x00, 0x00, 0x00,
    0x00, 0x00, 0x00, 0x00, 0x00, 0x00, 0x00, 0x00, 0x00, 0x00, 0x00, 0x00, 0x00, 0x00, 0x00, 0x00,
    0x00, 0x00, 0x00, 0x00, 0x00, 0x00, 0x00, 0x00, 0x00, 0x00, 0x00, 0x00, 0x00, 0x00, 0x00, 0x00,
    0x00, 0x00, 0x00, 0x00, 0x00, 0x00, 0x00, 0x00, 0x00, 0x00, 0x00, 0x00, 0x00, 0x00, 0x00, 0x00,
    0x00, 0x00, 0x00, 0x00, 0x00, 0x00, 0x00, 0x00, 0x00, 0x00, 0x00, 0x00, 0x00, 0x00, 0x00, 0x00,
    0x00, 0x00, 0x00, 0x00, 0x00, 0x00, 0x00, 0x00, 0x00, 0x00, 0x00, 0x00, 0x00, 0x00, 0x00, 0x00,
    0x00, 0x00, 0x00, 0x00, 0x00, 0x00, 0x00, 0x00, 0x00, 0x00, 0x00, 0x00, 0x00, 0x00, 0x00, 0x00,
    0x00, 0x00, 0x00, 0x00, 0x00, 0x00, 0x00, 0x00, 0x00, 0x00, 0x00, 0x00, 0x00, 0x00, 0x00, 0x00,
    0x00, 0x00, 0x00, 0x00, 0x00, 0x00, 0x00, 0x00, 0x00, 0x00, 0x00, 0x00, 0x00, 0x00, 0x00, 0x00,
    0x00, 0x00, 0x00, 0x00, 0x00, 0x00, 0x00, 0x00, 0x00, 0x00, 0x00, 0x00, 0x00, 0x00, 0x00, 0x00,
    0x00, 0x00, 0x00, 0x00, 0x00, 0x00, 0x00, 0x00, 0x00, 0x00, 0x00, 0x00, 0x00, 0x00, 0x00, 0x00,
    0x00, 0x00, 0x00, 0x00, 0x00, 0x00, 0x00, 0x00, 0x00, 0x00, 0x00, 0x00, 0x00, 0x00, 0x00, 0x00,
    0x00, 0x00, 0x00, 0x00, 0x00, 0x00, 0x00, 0x00, 0x00, 0x00, 0x00, 0x00, 0x00, 0x00, 0x00, 0x00,
    0x00, 0x00, 0x00, 0x00, 0x00, 0x00, 0x00, 0x00, 0x00, 0x00, 0x00, 0x00, 0x00, 0x00, 0x00, 0x00,
    0x00, 0x00, 0x00, 0x00, 0x00, 0x00, 0x00, 0x00, 0x00, 0x00, 0x00, 0x00, 0x00, 0x00, 0x00, 0x00,
    0x00, 0x00, 0x00, 0x00, 0x00, 0x00, 0x00, 0x00, 0x00, 0x00, 0x00, 0x00, 0x00, 0x00, 0x00, 0x00,
    0x00, 0x00, 0x00, 0x00, 0x00, 0x00, 0x00, 0x00, 0x00, 0x00, 0x00, 0x00, 0x00, 0x00, 0x00, 0x00,
    0x00, 0x00, 0x00, 0x00, 0x00, 0x00, 0x00, 0x00, 0x00, 0x00, 0x00, 0x00, 0x00, 0x00, 0x00, 0x00,
    0x00, 0x00, 0x00, 0x00, 0x00, 0x00, 0x00, 0x00, 0x00, 0x00, 0x00, 0x00, 0x00, 0x00, 0x00, 0x00,
    0x00, 0x00, 0x00, 0x00, 0x00, 0x00, 0x00, 0x00, 0x00, 0x00, 0x00, 0x00, 0x00, 0x00, 0x00, 0x00,
    0x00, 0x00, 0x00, 0x00, 0x00, 0x00, 0x00, 0x00, 0x00, 0x00, 0x00, 0x00, 0x00, 0x00, 0x00, 0x00,
    0x00, 0x00, 0x00, 0x00, 0x00, 0x00, 0x00, 0x00, 0x00, 0x00, 0x00, 0x00, 0x00, 0x00, 0x00, 0x00,
    0x00, 0x00, 0x00, 0x00, 0x00, 0x00, 0x00, 0x00, 0x00, 0x00, 0x00, 0x00, 0x00, 0x00, 0x00, 0x00,
    0x00, 0x00, 0x00, 0x00, 0x00, 0x00, 0x00, 0x00, 0x00, 0x00, 0x00, 0x00, 0x00, 0x00, 0x00, 0x00,
    0x00, 0x00, 0x00, 0x00, 0x00, 0x00, 0x00, 0x00, 0x00, 0x00, 0x00, 0x00, 0x00, 0x00, 0x00, 0x00,
    0x00, 0x00, 0x00, 0x00, 0x00, 0x00, 0x00, 0x00, 0x00, 0x00, 0x00, 0x00, 0x00, 0x00, 0x00, 0x00,
    0x00, 0x00, 0x00, 0x00, 0x00, 0x00, 0x00, 0x00, 0x00, 0x00, 0x00, 0x00, 0x00, 0x00, 0x00, 0x00,
    0x00, 0x00, 0x00, 0x00, 0x00, 0x00, 0x00, 0x00, 0x00, 0x00, 0x00, 0x00, 0x00, 0x00, 0x00, 0x00,
    0x00, 0x00, 0x00, 0x00, 0x00, 0x00, 0x00, 0x00, 0x00, 0x00, 0x00, 0x00, 0x00, 0x00, 0x00, 0x00,
    0x00, 0x00, 0x00, 0x00, 0x00, 0x00, 0x00, 0x00, 0x00, 0x00, 0x00, 0x00, 0x00, 0x00, 0x00, 0x00,
    0x00, 0x00, 0x00, 0x00, 0x00, 0x00, 0x00, 0x00, 0x00, 0x00, 0x00, 0x00, 0x00, 0x00, 0x00, 0x00,
    0x00, 0x00, 0x00, 0x00, 0x00, 0x00, 0x00, 0x00, 0x00, 0x00, 0x00, 0x00, 0x00, 0x00, 0x00, 0x00,
    0x00, 0x00, 0x00, 0x00, 0x00, 0x00, 0x00, 0x00, 0x00, 0x00, 0x00, 0x00, 0x00, 0x00, 0x00, 0x00,
    0x00, 0x00, 0x00, 0x00, 0x00, 0x00, 0x00, 0x00, 0x00, 0x00, 0x00, 0x00, 0x00, 0x00, 0x00, 0x00,
    0x00, 0x00, 0x00, 0x00, 0x00, 0x00, 0x00, 0x00, 0x00, 0x00, 0x00, 0x00, 0x00, 0x00, 0x00, 0x00,
    0x00, 0x00, 0x00, 0x00, 0x00, 0x00, 0x00, 0x00, 0x00, 0x00, 0x00, 0x00, 0x00, 0x00, 0x00, 0x00,
    0x00, 0x00, 0x00, 0x00, 0x00, 0x00, 0x00, 0x00, 0x00, 0x00, 0x00, 0x00, 0x00, 0x00, 0x00, 0x00,
    0x00, 0x00, 0x00, 0x00, 0x00, 0x00, 0x00, 0x00, 0x00, 0x00, 0x00, 0x00, 0x00, 0x00, 0x00, 0x00,
    0x00, 0x00, 0x00, 0x00, 0x00, 0x00, 0x00, 0x00, 0x00, 0x00, 0x00, 0x00, 0x00, 0x00, 0x00, 0x00,
    0x00, 0x00, 0x00, 0x00, 0x00, 0x00, 0x00, 0x00, 0x00, 0x00, 0x00, 0x00, 0x00, 0x00, 0x00, 0x00,
    0x00, 0x00, 0x00, 0x00, 0x00, 0x00, 0x00, 0x00, 0x00, 0x00, 0x00, 0x00, 0x00, 0x00, 0x00, 0x00,
    0x00, 0x00, 0x00, 0x00, 0x00, 0x00, 0x00, 0x00, 0x00, 0x00, 0x00, 0x00, 0x00, 0x00, 0x00, 0x00,
    0x00, 0x00, 0x00, 0x00, 0x00, 0x00, 0x00, 0x00, 0x00, 0x00, 0x00, 0x00, 0x00, 0x00, 0x00, 0x00,
    0x00, 0x00, 0x00, 0x00, 0x00, 0x00, 0x00, 0x00, 0x00, 0x00, 0x00, 0x00, 0x00, 0x00, 0x00, 0x00,
    0x00, 0x00, 0x00, 0x00, 0x00, 0x00, 0x00, 0x00, 0x00, 0x00, 0x00, 0x00, 0x00, 0x00, 0x00, 0x00,
    0x00, 0x00, 0x00, 0x00, 0x00, 0x00, 0x00, 0x00, 0x00, 0x00, 0x00, 0x00, 0x00, 0x00, 0x00, 0x00,
    0x00, 0x00, 0x00, 0x00, 0x00, 0x00, 0x00, 0x00, 0x00, 0x00, 0x00, 0x00, 0x00, 0x00, 0x00, 0x00,
    0x00, 0x00, 0x00, 0x00, 0x00, 0x00, 0x00, 0x00, 0x00, 0x00, 0x00, 0x00, 0x00, 0x00, 0x00, 0x00,
    0x00, 0x00, 0x00, 0x00, 0x00, 0x00, 0x00, 0x00, 0x00, 0x00, 0x00, 0x00, 0x00, 0x00, 0x00, 0x00,
    0x00, 0x00, 0x00, 0x00, 0x00, 0x00, 0x00, 0x00, 0x00, 0x00, 0x00, 0x00, 0x00, 0x00, 0x00, 0x00,
    0x00, 0x00, 0x00, 0x00, 0x00, 0x00, 0x00, 0x00, 0x00, 0x00, 0x00, 0x00, 0x00, 0x00, 0x00, 0x00,
    0x00, 0x00, 0x00, 0x00, 0x00, 0x00, 0x00, 0x00, 0x00, 0x00, 0x00, 0x00, 0x00, 0x00, 0x00, 0x00,
    0x00, 0x00, 0x00, 0x00, 0x00, 0x00, 0x00, 0x00, 0x00, 0x00, 0x00, 0x00, 0x00, 0x00, 0x00, 0x00,
    0x00, 0x00, 0x00, 0x00, 0x00, 0x00, 0x00, 0x00, 0x00, 0x00, 0x00, 0x00, 0x00, 0x00, 0x00, 0x00,
    0x00, 0x00, 0x00, 0x00, 0x00, 0x00, 0x00, 0x00, 0x00, 0x00, 0x00, 0x00, 0x00, 0x00, 0x00, 0x00,
    0x00, 0x00, 0x00, 0x00, 0x00, 0x00, 0x00, 0x00, 0x00, 0x00, 0x00, 0x00, 0x00, 0x00, 0x00, 0x00,
    0x00, 0x00, 0x00, 0x00, 0x00, 0x00, 0x00, 0x00, 0x00, 0x00, 0x00, 0x00, 0x00, 0x00, 0x00, 0x00,
    0x00, 0x00, 0x00, 0x00, 0x00, 0x00, 0x00, 0x00, 0x00, 0x00, 0x00, 0x00, 0x00, 0x00, 0x00, 0x00,
    0x00, 0x00, 0x00, 0x00, 0x00, 0x00, 0x00, 0x00, 0x00, 0x00, 0x00, 0x00, 0x00, 0x00, 0x00, 0x00,
    0x00, 0x00, 0x00, 0x00, 0x00, 0x00, 0x00, 0x00, 0x00, 0x00, 0x00, 0x00, 0x00, 0x00, 0x00, 0x00,
    0x00, 0x00, 0x00, 0x00, 0x00, 0x00, 0x00, 0x00, 0x00, 0x00, 0x00, 0x00, 0x00, 0x00, 0x00, 0x00,
    0x00, 0x00, 0x00, 0x00, 0x00, 0x00, 0x00, 0x00, 0x00, 0x00, 0x00, 0x00, 0x00, 0x00, 0x00, 0x00,
    0x00, 0x00, 0x00, 0x00, 0x00, 0x00, 0x00, 0x00, 0x00, 0x00, 0x00, 0x00, 0x00, 0x00, 0x00, 0x00,
    0x00, 0x00, 0x00, 0x00, 0x00, 0x00, 0x00, 0x00, 0x00, 0x00, 0x00, 0x00, 0x00, 0x00, 0x00, 0x00,
    0x00, 0x00, 0x00, 0x00, 0x00, 0x00, 0x00, 0x00, 0x00, 0x00, 0x00, 0x00, 0x00, 0x00, 0x00, 0x00,
    0x00, 0x00, 0x00, 0x00, 0x00, 0x00, 0x00, 0x00, 0x00, 0x00, 0x00, 0x00, 0x00, 0x00, 0x00, 0x00,
    0x00, 0x00, 0x00, 0x00, 0x00, 0x00, 0x00, 0x00, 0x00, 0x00, 0x00, 0x00, 0x00, 0x00, 0x00, 0x00,
    0x00, 0x00, 0x00, 0x00, 0x00, 0x00, 0x00, 0x00, 0x00, 0x00, 0x00, 0x00, 0x00, 0x00, 0x00, 0x00,
    0x00, 0x00, 0x00, 0x00, 0x00, 0x00, 0x00, 0x00, 0x00, 0x00, 0x00, 0x00, 0x00, 0x00, 0x00, 0x00,
    0x00, 0x00, 0x00, 0x00, 0x00, 0x00, 0x00, 0x00, 0x00, 0x00, 0x00, 0x00, 0x00, 0x00, 0x00, 0x00,
    0x00, 0x00, 0x00, 0x00, 0x00, 0x00, 0x00, 0x00, 0x00, 0x00, 0x00, 0x00, 0x00, 0x00, 0x00, 0x00,
    0x00, 0x00, 0x00, 0x00, 0x00, 0x00, 0x00, 0x00, 0x00, 0x00, 0x00, 0x00, 0x00, 0x00, 0x00, 0x00,
    0x00, 0x00, 0x00, 0x00, 0x00, 0x00, 0x00, 0x00, 0x00, 0x00, 0x00, 0x00, 0x00, 0x00, 0x00, 0x00,
    0x00, 0x00, 0x00, 0x00, 0x00, 0x00, 0x00, 0x00, 0x00, 0x00, 0x00, 0x00, 0x00, 0x00, 0x00, 0x00,
    0x00, 0x00, 0x00, 0x00, 0x00, 0x00, 0x00, 0x00, 0x00, 0x00, 0x00, 0x00, 0x00, 0x00, 0x00, 0x00,
    0x00, 0x00, 0x00, 0x00, 0x00, 0x00, 0x00, 0x00, 0x00, 0x00, 0x00, 0x00, 0x00, 0x00, 0x00, 0x00,
    0x00, 0x00, 0x00, 0x00, 0x00, 0x00, 0x00, 0x00, 0x00, 0x00, 0x00, 0x00, 0x00, 0x00, 0x00, 0x00,
    0x00, 0x00, 0x00, 0x00, 0x00, 0x00, 0x00, 0x00, 0x00, 0x00, 0x00, 0x00, 0x00, 0x00, 0x00, 0x00,
    0x00, 0x00, 0x00, 0x00, 0x00, 0x00, 0x00, 0x00, 0x00, 0x00, 0x00, 0x00, 0x00, 0x00, 0x00, 0x00,
    0x00, 0x00, 0x00, 0x00, 0x00, 0x00, 0x00, 0x00, 0x00, 0x00, 0x00, 0x00, 0x00, 0x00, 0x00, 0x00,
    0x00, 0x00, 0x00, 0x00, 0x00, 0x00, 0x00, 0x00, 0x00, 0x00, 0x00, 0x00, 0x00, 0x00, 0x00, 0x00,
    0x00, 0x00, 0x00, 0x00, 0x00, 0x00, 0x00, 0x00, 0x00, 0x00, 0x00, 0x00, 0x00, 0x00, 0x00, 0x00,
    0x00, 0x00, 0x00, 0x00, 0x00, 0x00, 0x00, 0x00, 0x00, 0x00, 0x00, 0x00, 0x00, 0x00, 0x00, 0x00,
    0x00, 0x00, 0x00, 0x00, 0x00, 0x00, 0x00, 0x00, 0x00, 0x00, 0x00, 0x00, 0x00, 0x00, 0x00, 0x00,
    0x00, 0x00, 0x00, 0x00, 0x00, 0x00, 0x00, 0x00, 0x00, 0x00, 0x00, 0x00, 0x00, 0x00, 0x00, 0x00,
    0x00, 0x00, 0x00, 0x00, 0x00, 0x00, 0x00, 0x00, 0x00, 0x00, 0x00, 0x00, 0x00, 0x00, 0x00, 0x00,
    0x00, 0x00, 0x00, 0x00, 0x00, 0x00, 0x00, 0x00, 0x00, 0x00, 0x00, 0x00, 0x00, 0x00, 0x00, 0x00,
    0x00, 0x00, 0x00, 0x00, 0x00, 0x00, 0x00, 0x00, 0x00, 0x00, 0x00, 0x00, 0x00, 0x00, 0x00, 0x00,
    0x00, 0x00, 0x00, 0x00, 0x00, 0x00, 0x00, 0x00, 0x00, 0x00, 0x00, 0x00, 0x00, 0x00, 0x00, 0x00,
    0x00, 0x00, 0x00, 0x00, 0x00, 0x00, 0x00, 0x00, 0x00, 0x00, 0x00, 0x00, 0x00, 0x00, 0x00, 0x00,
    0x00, 0x00, 0x00, 0x00, 0x00, 0x00, 0x00, 0x00, 0x00, 0x00, 0x00, 0x00, 0x00, 0x00, 0x00, 0x00,
    0x00, 0x00, 0x00, 0x00, 0x00, 0x00, 0x00, 0x00, 0x00, 0x00, 0x00, 0x00, 0x00, 0x00, 0x00, 0x00,
    0x00, 0x00, 0x00, 0x00, 0x00, 0x00, 0x00, 0x00, 0x00, 0x00, 0x00, 0x00, 0x00, 0x00, 0x00, 0x00,
    0x00, 0x00, 0x00, 0x00, 0x00, 0x00, 0x00, 0x00, 0x00, 0x00, 0x00, 0x00, 0x00, 0x00, 0x00, 0x00,
    0x00, 0x00, 0x00, 0x00, 0x00, 0x00, 0x00, 0x00, 0x00, 0x00, 0x00, 0x00, 0x00, 0x00, 0x00, 0x00,
    0x00, 0x00, 0x00, 0x00, 0x00, 0x00, 0x00, 0x00, 0x00, 0x00, 0x00, 0x00, 0x00, 0x00, 0x00, 0x00,
    0x00, 0x00, 0x00, 0x00, 0x00, 0x00, 0x00, 0x00, 0x00, 0x00, 0x00, 0x00, 0x00, 0x00, 0x00, 0x00,
    0x00, 0x00, 0x00, 0x00, 0x00, 0x00, 0x00, 0x00, 0x00, 0x00, 0x00, 0x00, 0x00, 0x00, 0x00, 0x00,
    0x00, 0x00, 0x00, 0x00, 0x00, 0x00, 0x00, 0x00, 0x00, 0x00, 0x00, 0x00, 0x00, 0x00, 0x00, 0x00,
    0x00, 0x00, 0x00, 0x00, 0x00, 0x00, 0x00, 0x00, 0x00, 0x00, 0x00, 0x00, 0x00, 0x00, 0x00, 0x00,
    0x00, 0x00, 0x00, 0x00, 0x00, 0x00, 0x00, 0x00, 0x00, 0x00, 0x00, 0x00, 0x00, 0x00, 0x00, 0x00,
    0x00, 0x00, 0x00, 0x00, 0x00, 0x00, 0x00, 0x00, 0x00, 0x00, 0x00, 0x00, 0x00, 0x00, 0x00, 0x00,
    0x00, 0x00, 0x00, 0x00, 0x00, 0x00, 0x00, 0x00, 0x00, 0x00, 0x00, 0x00, 0x00, 0x00, 0x00, 0x00,
    0x00, 0x00, 0x00, 0x00, 0x00, 0x00, 0x00, 0x00, 0x00, 0x00, 0x00, 0x00, 0x00, 0x00, 0x00, 0x00,
    0x00, 0x00, 0x00, 0x00, 0x00, 0x00, 0x00, 0x00, 0x00, 0x00, 0x00, 0x00, 0x00, 0x00, 0x00, 0x00,
    0x00, 0x00, 0x00, 0x00, 0x00, 0x00, 0x00, 0x00, 0x00, 0x00, 0x00, 0x00, 0x00, 0x00, 0x00, 0x00,
    0x00, 0x00, 0x00, 0x00, 0x00, 0x00, 0x00, 0x00, 0x00, 0x00, 0x00, 0x00, 0x00, 0x00, 0x00, 0x00,
    0x00, 0x00, 0x00, 0x00, 0x00, 0x00, 0x00, 0x00, 0x00, 0x00, 0x00, 0x00, 0x00, 0x00, 0x00, 0x00,
    0x00, 0x00, 0x00, 0x00, 0x00, 0x00, 0x00, 0x00, 0x00, 0x00, 0x00, 0x00, 0x00, 0x00, 0x00, 0x00,
    0x00, 0x00, 0x00, 0x00, 0x00, 0x00, 0x00, 0x00, 0x00, 0x00, 0x00, 0x00, 0x00, 0x00, 0x00, 0x00,
    0x00, 0x00, 0x00, 0x00, 0x00, 0x00, 0x00, 0x00, 0x00, 0x00, 0x00, 0x00, 0x00, 0x00, 0x00, 0x00,
    0x00, 0x00, 0x00, 0x00, 0x00, 0x00, 0x00, 0x00, 0x00, 0x00, 0x00, 0x00, 0x00, 0x00, 0x00, 0x00,
    0x00, 0x00, 0x00, 0x00, 0x00, 0x00, 0x00, 0x00, 0x00, 0x00, 0x00, 0x00, 0x00, 0x00, 0x00, 0x00,
    0x00, 0x00, 0x00, 0x00, 0x00, 0x00, 0x00, 0x00, 0x00, 0x00, 0x00, 0x00, 0x00, 0x00, 0x00, 0x00,
    0x00, 0x00, 0x00, 0x00, 0x00, 0x00, 0x00, 0x00, 0x00, 0x00, 0x00, 0x00, 0x00, 0x00, 0x00, 0x00,
    0x00, 0x00, 0x00, 0x00, 0x00, 0x00, 0x00, 0x00, 0x00, 0x00, 0x00, 0x00, 0x00, 0x00, 0x00, 0x00,
    0x00, 0x00, 0x00, 0x00, 0x00, 0x00, 0x00, 0x00, 0x00, 0x00, 0x00, 0x00, 0x00, 0x00, 0x00, 0x00,
    0x00, 0x00, 0x00, 0x00, 0x00, 0x00, 0x00, 0x00, 0x00, 0x00, 0x00, 0x00, 0x00, 0x00, 0x00, 0x00,
    0x00, 0x00, 0x00, 0x00, 0x00, 0x00, 0x00, 0x00, 0x00, 0x00, 0x00, 0x00, 0x00, 0x00, 0x00, 0x00,
    0x00, 0x00, 0x00, 0x00, 0x00, 0x00, 0x00, 0x00, 0x00, 0x00, 0x00, 0x00, 0x00, 0x00, 0x00, 0x00,
    0x00, 0x00, 0x00, 0x00, 0x00, 0x00, 0x00, 0x00, 0x00, 0x00, 0x00, 0x00, 0x00, 0x00, 0x00, 0x00,
    0x00, 0x00, 0x00, 0x00, 0x00, 0x00, 0x00, 0x00, 0x00, 0x00, 0x00, 0x00, 0x00, 0x00, 0x00, 0x00,
    0x00, 0x00, 0x00, 0x00, 0x00, 0x00, 0x00, 0x00, 0x00, 0x00, 0x00, 0x00, 0x00, 0x00, 0x00, 0x00,
    0x00, 0x00, 0x00, 0x00, 0x00, 0x00, 0x00, 0x00, 0x00, 0x00, 0x00, 0x00, 0x00, 0x00, 0x00, 0x00,
    0x00, 0x00, 0x00, 0x00, 0x00, 0x00, 0x00, 0x00, 0x00, 0x00, 0x00, 0x00, 0x00, 0x00, 0x00, 0x00,
    0x00, 0x00, 0x00, 0x00, 0x00, 0x00, 0x00, 0x00, 0x00, 0x00, 0x00, 0x00, 0x00, 0x00, 0x00, 0x00,
    0x00, 0x00, 0x00, 0x00, 0x00, 0x00, 0x00, 0x00, 0x00, 0x00, 0x00, 0x00, 0x00, 0x00, 0x00, 0x00,
    0x00, 0x00, 0x00, 0x00, 0x00, 0x00, 0x00, 0x00, 0x00, 0x00, 0x00, 0x00, 0x00, 0x00, 0x00, 0x00,
    0x00, 0x00, 0x00, 0x00, 0x00, 0x00, 0x00, 0x00, 0x00, 0x00, 0x00, 0x00, 0x00, 0x00, 0x00, 0x00,
    0x00, 0x00, 0x00, 0x00, 0x00, 0x00, 0x00, 0x00, 0x00, 0x00, 0x00, 0x00, 0x00, 0x00, 0x00, 0x00,
    0x00, 0x00, 0x00, 0x00, 0x00, 0x00, 0x00, 0x00, 0x00, 0x00, 0x00, 0x00, 0x4D, 0x8C, 0xCD, 0x01,
    0x4E, 0x8C, 0xCD, 0x01, 0x4E, 0x8C, 0xCD, 0x01, 0x4E, 0x8C, 0xCD, 0x01, 0x4E, 0x8D, 0xCD, 0x01,
    0x4F, 0x8D, 0xCC, 0x01, 0x51, 0x8E, 0xCC, 0x01, 0x51, 0x8E, 0xCC, 0x01, 0x52, 0x8E, 0xCD, 0x01,
    0x54, 0x8E, 0xCD, 0x02, 0x55, 0x8E, 0xCC, 0x02, 0x56, 0x8F, 0xCC, 0x02, 0x56, 0x8F, 0xCC, 0x02,
    0x57, 0x8F, 0xCC, 0x02, 0x57, 0x8F, 0xCC, 0x01, 0x58, 0x8F, 0xCD, 0x01, 0x58, 0x8F, 0xCD, 0x01,
    0x59, 0x90, 0xCD, 0x02, 0x5B, 0x91, 0xC9, 0x03, 0x5E, 0x90, 0xC5, 0x03, 0x5F, 0x8F, 0xC3, 0x0D,
    0x5F, 0x8F, 0xC3, 0x0D, 0x5D, 0x8E, 0xBF, 0x14, 0x5D, 0x89, 0xB9, 0x28, 0x5F, 0x87, 0xB5, 0x33,
    0x5F, 0x87, 0xB5, 0x33, 0x60, 0x83, 0xB0, 0x35, 0x60, 0x80, 0xAA, 0x33, 0x60, 0x80, 0xA8, 0x34,
    0x60, 0x80, 0xA8, 0x34, 0x60, 0x7F, 0xA6, 0x33, 0x5E, 0x7C, 0xA4, 0x3F, 0x5D, 0x7C, 0xA4, 0x42,
    0x5D, 0x7C, 0xA4, 0x46, 0x5D, 0x7C, 0xA4, 0x46, 0x5F, 0x7E, 0xA4, 0x45, 0x60, 0x7E, 0xA4, 0x41,
    0x61, 0x7F, 0xA5, 0x3F, 0x61, 0x7F, 0xA5, 0x3F, 0x62, 0x80, 0xA7, 0x40, 0x63, 0x81, 0xA9, 0x3C,
    0x64, 0x83, 0xAC, 0x3D, 0x64, 0x87, 0xB2, 0x3B, 0x64, 0x87, 0xB2, 0x3B, 0x65, 0x8B, 0xB8, 0x38,
    0x66, 0x90, 0xBE, 0x2F, 0x62, 0x91, 0xC2, 0x1B, 0x62, 0x91, 0xC2, 0x1B, 0x5C, 0x90, 0xC8, 0x0A,
    0x55, 0x8E, 0xCE, 0x01, 0x51, 0x8D, 0xCF, 0x02, 0x51, 0x8D, 0xCF, 0x02, 0x50, 0x8C, 0xD0, 0x03,
    0x4F, 0x8B, 0xD1, 0x02, 0x4C, 0x8A, 0xD0, 0x01, 0x4B, 0x8A, 0xD0, 0x01, 0x4B, 0x8A, 0xD0, 0x01,
    0x49, 0x8A, 0xD0, 0x01, 0x49, 0x8A, 0xD1, 0x01, 0x00, 0x00, 0x00, 0x00, 0x00, 0x00, 0x00, 0x00,
    0x00, 0x00, 0x00, 0x00, 0x00, 0x00, 0x00, 0x00, 0x00, 0x00, 0x00, 0x00, 0x00, 0x00, 0x00, 0x00,
    0x00, 0x00, 0x00, 0x00, 0x00, 0x00, 0x00, 0x00, 0x00, 0x00, 0x00, 0x00, 0x00, 0x00, 0x00, 0x00,
    0x00, 0x00, 0x00, 0x00, 0x00, 0x00, 0x00, 0x00, 0x00, 0x00, 0x00, 0x00, 0x00, 0x00, 0x00, 0x00,
    0x00, 0x00, 0x00, 0x00, 0x00, 0x00, 0x00, 0x00, 0x00, 0x00, 0x00, 0x00, 0x00, 0x00, 0x00, 0x00,
    0x00, 0x00, 0x00, 0x00, 0x00, 0x00, 0x00, 0x00, 0x00, 0x00, 0x00, 0x00, 0x00, 0x00, 0x00, 0x00,
    0x00, 0x00, 0x00, 0x00, 0x00, 0x00, 0x00, 0x00, 0x00, 0x00, 0x00, 0x00, 0x00, 0x00, 0x00, 0x00,
    0x00, 0x00, 0x00, 0x00, 0x00, 0x00, 0x00, 0x00, 0x00, 0x00, 0x00, 0x00, 0x00, 0x00, 0x00, 0x00,
    0x00, 0x00, 0x00, 0x00, 0x00, 0x00, 0x00, 0x00, 0x00, 0x00, 0x00, 0x00, 0x00, 0x00, 0x00, 0x00,
    0x00, 0x00, 0x00, 0x00, 0x00, 0x00, 0x00, 0x00, 0x00, 0x00, 0x00, 0x00, 0x00, 0x00, 0x00, 0x00,
    0x00, 0x00, 0x00, 0x00, 0x00, 0x00, 0x00, 0x00, 0x00, 0x00, 0x00, 0x00, 0x00, 0x00, 0x00, 0x00,
    0x00, 0x00, 0x00, 0x00, 0x00, 0x00, 0x00, 0x00, 0x00, 0x00, 0x00, 0x00, 0x00, 0x00, 0x00, 0x00,
    0x00, 0x00, 0x00, 0x00, 0x00, 0x00, 0x00, 0x00, 0x00, 0x00, 0x00, 0x00, 0x00, 0x00, 0x00, 0x00,
    0x00, 0x00, 0x00, 0x00, 0x00, 0x00, 0x00, 0x00, 0x00, 0x00, 0x00, 0x00, 0x00, 0x00, 0x00, 0x00,
    0x00, 0x00, 0x00, 0x00, 0x00, 0x00, 0x00, 0x00, 0x00, 0x00, 0x00, 0x00, 0x00, 0x00, 0x00, 0x00,
    0x00, 0x00, 0x00, 0x00, 0x00, 0x00, 0x00, 0x00, 0x00, 0x00, 0x00, 0x00, 0x00, 0x00, 0x00, 0x00,
    0x00, 0x00, 0x00, 0x00, 0x00, 0x00, 0x00, 0x00, 0x00, 0x00, 0x00, 0x00, 0x00, 0x00, 0x00, 0x00,
    0x00, 0x00, 0x00, 0x00, 0x00, 0x00, 0x00, 0x00, 0x00, 0x00, 0x00, 0x00, 0x4C, 0x8B, 0xCC, 0x01,
    0x00, 0x00, 0x00, 0x00, 0x4E, 0x8B, 0xCC, 0x01, 0x4E, 0x8B, 0xCC, 0x01, 0x4E, 0x8C, 0xCC, 0x01,
    0x4E, 0x8C, 0xCC, 0x01, 0x50, 0x8D, 0xCD, 0x01, 0x50, 0x8D, 0xCD, 0x01, 0x50, 0x8D, 0xCC, 0x02,
    0x52, 0x8D, 0xCC, 0x02, 0x53, 0x8D, 0xCC, 0x02, 0x54, 0x8D, 0xCB, 0x02, 0x54, 0x8D, 0xCB, 0x02,
    0x55, 0x8D, 0xCB, 0x02, 0x57, 0x8E, 0xCC, 0x02, 0x57, 0x8F, 0xCD, 0x02, 0x57, 0x8F, 0xCD, 0x02,
    0x58, 0x91, 0xCE, 0x01, 0x59, 0x92, 0xCF, 0x03, 0x5A, 0x93, 0xCF, 0x06, 0x5B, 0x92, 0xCE, 0x04,
    0x5B, 0x92, 0xCE, 0x04, 0x59, 0x92, 0xCD, 0x06, 0x59, 0x91, 0xCC, 0x0D, 0x5A, 0x90, 0xCA, 0x09,
    0x5A, 0x90, 0xCA, 0x09, 0x5A, 0x8D, 0xC7, 0x0C, 0x5C, 0x8D, 0xC5, 0x0D, 0x5A, 0x8B, 0xC0, 0x11,
    0x5A, 0x8B, 0xC0, 0x11, 0x5B, 0x88, 0xBE, 0x14, 0x5C, 0x88, 0xBD, 0x19, 0x5D, 0x89, 0xBC, 0x1D,
    0x5F, 0x88, 0xBB, 0x26, 0x5F, 0x88, 0xBB, 0x26, 0x60, 0x8A, 0xBA, 0x27, 0x63, 0x8B, 0xBB, 0x2D,
    0x64, 0x8C, 0xBC, 0x2D, 0x64, 0x8C, 0xBC, 0x2D, 0x65, 0x8F, 0xBE, 0x2F, 0x67, 0x92, 0xC2, 0x2E,
    0x68, 0x93, 0xC6, 0x29, 0x68, 0x96, 0xCB, 0x22, 0x68, 0x96, 0xCB, 0x22, 0x64, 0x94, 0xCC, 0x1A,
    0x62, 0x93, 0xCD, 0x08, 0x5E, 0x93, 0xD0, 0x02, 0x5E, 0x93, 0xD0, 0x02, 0x59, 0x91, 0xD1, 0x01,
    0x53, 0x8D, 0xCF, 0x02, 0x51, 0x8D, 0xCF, 0x01, 0x51, 0x8D, 0xCF, 0x01, 0x50, 0x8C, 0xCF, 0x01,
    0x4F, 0x8B, 0xCF, 0x01, 0x4D, 0x8C, 0xD0, 0x03, 0x4C, 0x8B, 0xD1, 0x02, 0x4C, 0x8B, 0xD1, 0x02,
    0x4A, 0x8B, 0xD1, 0x03, 0x4A, 0x8B, 0xD2, 0x03, 0x48, 0x89, 0xD1, 0x01, 0x48, 0x89, 0xD1, 0x01,
    0x47, 0x88, 0xD1, 0x01, 0x00, 0x00, 0x00, 0x00, 0x00, 0x00, 0x00, 0x00, 0x00, 0x00, 0x00, 0x00,
    0x00, 0x00, 0x00, 0x00, 0x00, 0x00, 0x00, 0x00, 0x00, 0x00, 0x00, 0x00, 0x00, 0x00, 0x00, 0x00,
    0x00, 0x00, 0x00, 0x00, 0x00, 0x00, 0x00, 0x00, 0x00, 0x00, 0x00, 0x00, 0x00, 0x00, 0x00, 0x00,
    0x00, 0x00, 0x00, 0x00, 0x00, 0x00, 0x00, 0x00, 0x00, 0x00, 0x00, 0x00, 0x00, 0x00, 0x00, 0x00,
    0x00, 0x00, 0x00, 0x00, 0x00, 0x00, 0x00, 0x00, 0x00, 0x00, 0x00, 0x00, 0x00, 0x00, 0x00, 0x00,
    0x00, 0x00, 0x00, 0x00, 0x00, 0x00, 0x00, 0x00, 0x00, 0x00, 0x00, 0x00, 0x00, 0x00, 0x00, 0x00,
    0x00, 0x00, 0x00, 0x00, 0x00, 0x00, 0x00, 0x00, 0x00, 0x00, 0x00, 0x00, 0x00, 0x00, 0x00, 0x00,
    0x00, 0x00, 0x00, 0x00, 0x00, 0x00, 0x00, 0x00, 0x00, 0x00, 0x00, 0x00, 0x00, 0x00, 0x00, 0x00,
    0x00, 0x00, 0x00, 0x00, 0x00, 0x00, 0x00, 0x00, 0x00, 0x00, 0x00, 0x00, 0x00, 0x00, 0x00, 0x00,
    0x00, 0x00, 0x00, 0x00, 0x00, 0x00, 0x00, 0x00, 0x00, 0x00, 0x00, 0x00, 0x00, 0x00, 0x00, 0x00,
    0x00, 0x00, 0x00, 0x00, 0x00, 0x00, 0x00, 0x00, 0x00, 0x00, 0x00, 0x00, 0x00, 0x00, 0x00, 0x00,
    0x00, 0x00, 0x00, 0x00, 0x00, 0x00, 0x00, 0x00, 0x00, 0x00, 0x00, 0x00, 0x00, 0x00, 0x00, 0x00,
    0x00, 0x00, 0x00, 0x00, 0x00, 0x00, 0x00, 0x00, 0x00, 0x00, 0x00, 0x00, 0x00, 0x00, 0x00, 0x00,
    0x00, 0x00, 0x00, 0x00, 0x00, 0x00, 0x00, 0x00, 0x00, 0x00, 0x00, 0x00, 0x00, 0x00, 0x00, 0x00,
    0x00, 0x00, 0x00, 0x00, 0x00, 0x00, 0x00, 0x00, 0x00, 0x00, 0x00, 0x00, 0x00, 0x00, 0x00, 0x00,
    0x00, 0x00, 0x00, 0x00, 0x00, 0x00, 0x00, 0x00, 0x00, 0x00, 0x00, 0x00, 0x00, 0x00, 0x00, 0x00,
    0x00, 0x00, 0x00, 0x00, 0x00, 0x00, 0x00, 0x00, 0x00, 0x00, 0x00, 0x00, 0x4C, 0x8B, 0xCC, 0x01,
    0x00, 0x00, 0x00, 0x00, 0x4E, 0x8B, 0xCC, 0x01, 0x4E, 0x8B, 0xCC, 0x01, 0x4E, 0x8C, 0xCC, 0x01,
    0x4E, 0x8C, 0xCC, 0x01, 0x50, 0x8D, 0xCD, 0x01, 0x50, 0x8D, 0xCD, 0x01, 0x50, 0x8D, 0xCC, 0x02,
    0x52, 0x8D, 0xCC, 0x02, 0x53, 0x8D, 0xCC, 0x02, 0x54, 0x8D, 0xCB, 0x02, 0x54, 0x8D, 0xCB, 0x02,
    0x55, 0x8D, 0xCB, 0x02, 0x57, 0x8E, 0xCC, 0x02, 0x57, 0x8F, 0xCD, 0x02, 0x57, 0x8F, 0xCD, 0x02,
    0x58, 0x91, 0xCE, 0x01, 0x59, 0x92, 0xCF, 0x03, 0x5A, 0x93, 0xCF, 0x06, 0x5B, 0x92, 0xCE, 0x04,
    0x5B, 0x92, 0xCE, 0x04, 0x59, 0x92, 0xCD, 0x06, 0x59, 0x91, 0xCC, 0x0D, 0x5A, 0x90, 0xCA, 0x09,
    0x5A, 0x90, 0xCA, 0x09, 0x5A, 0x8D, 0xC7, 0x0C, 0x5C, 0x8D, 0xC5, 0x0D, 0x5A, 0x8B, 0xC0, 0x11,
    0x5A, 0x8B, 0xC0, 0x11, 0x5B, 0x88, 0xBE, 0x14, 0x5C, 0x88, 0xBD, 0x19, 0x5D, 0x89, 0xBC, 0x1D,
    0x5F, 0x88, 0xBB, 0x26, 0x5F, 0x88, 0xBB, 0x26, 0x60, 0x8A, 0xBA, 0x27, 0x63, 0x8B, 0xBB, 0x2D,
    0x64, 0x8C, 0xBC, 0x2D, 0x64, 0x8C, 0xBC, 0x2D, 0x65, 0x8F, 0xBE, 0x2F, 0x67, 0x92, 0xC2, 0x2E,
    0x68, 0x93, 0xC6, 0x29, 0x68, 0x96, 0xCB, 0x22, 0x68, 0x96, 0xCB, 0x22, 0x64, 0x94, 0xCC, 0x1A,
    0x62, 0x93, 0xCD, 0x08, 0x5E, 0x93, 0xD0, 0x02, 0x5E, 0x93, 0xD0, 0x02, 0x59, 0x91, 0xD1, 0x01,
    0x53, 0x8D, 0xCF, 0x02, 0x51, 0x8D, 0xCF, 0x01, 0x51, 0x8D, 0xCF, 0x01, 0x50, 0x8C, 0xCF, 0x01,
    0x4F, 0x8B, 0xCF, 0x01, 0x4D, 0x8C, 0xD0, 0x03, 0x4C, 0x8B, 0xD1, 0x02, 0x4C, 0x8B, 0xD1, 0x02,
    0x4A, 0x8B, 0xD1, 0x03, 0x4A, 0x8B, 0xD2, 0x03, 0x48, 0x89, 0xD1, 0x01, 0x48, 0x89, 0xD1, 0x01,
    0x47, 0x88, 0xD1, 0x01, 0x00, 0x00, 0x00, 0x00, 0x00, 0x00, 0x00, 0x00, 0x00, 0x00, 0x00, 0x00,
    0x00, 0x00, 0x00, 0x00, 0x00, 0x00, 0x00, 0x00, 0x00, 0x00, 0x00, 0x00, 0x00, 0x00, 0x00, 0x00,
    0x00, 0x00, 0x00, 0x00, 0x00, 0x00, 0x00, 0x00, 0x00, 0x00, 0x00, 0x00, 0x00, 0x00, 0x00, 0x00,
    0x00, 0x00, 0x00, 0x00, 0x00, 0x00, 0x00, 0x00, 0x00, 0x00, 0x00, 0x00, 0x00, 0x00, 0x00, 0x00,
    0x00, 0x00, 0x00, 0x00, 0x00, 0x00, 0x00, 0x00, 0x00, 0x00, 0x00, 0x00, 0x00, 0x00, 0x00, 0x00,
    0x00, 0x00, 0x00, 0x00, 0x00, 0x00, 0x00, 0x00, 0x00, 0x00, 0x00, 0x00, 0x00, 0x00, 0x00, 0x00,
    0x00, 0x00, 0x00, 0x00, 0x00, 0x00, 0x00, 0x00, 0x00, 0x00, 0x00, 0x00, 0x00, 0x00, 0x00, 0x00,
    0x00, 0x00, 0x00, 0x00, 0x00, 0x00, 0x00, 0x00, 0x00, 0x00, 0x00, 0x00, 0x00, 0x00, 0x00, 0x00,
    0x00, 0x00, 0x00, 0x00, 0x00, 0x00, 0x00, 0x00, 0x00, 0x00, 0x00, 0x00, 0x00, 0x00, 0x00, 0x00,
    0x00, 0x00, 0x00, 0x00, 0x00, 0x00, 0x00, 0x00, 0x00, 0x00, 0x00, 0x00, 0x00, 0x00, 0x00, 0x00,
    0x00, 0x00, 0x00, 0x00, 0x00, 0x00, 0x00, 0x00, 0x00, 0x00, 0x00, 0x00, 0x00, 0x00, 0x00, 0x00,
    0x00, 0x00, 0x00, 0x00, 0x00, 0x00, 0x00, 0x00, 0x00, 0x00, 0x00, 0x00, 0x00, 0x00, 0x00, 0x00,
    0x00, 0x00, 0x00, 0x00, 0x00, 0x00, 0x00, 0x00, 0x00, 0x00, 0x00, 0x00, 0x00, 0x00, 0x00, 0x00,
    0x00, 0x00, 0x00, 0x00, 0x00, 0x00, 0x00, 0x00, 0x00, 0x00, 0x00, 0x00, 0x00, 0x00, 0x00, 0x00,
    0x00, 0x00, 0x00, 0x00, 0x00, 0x00, 0x00, 0x00, 0x00, 0x00, 0x00, 0x00, 0x00, 0x00, 0x00, 0x00,
    0x00, 0x00, 0x00, 0x00, 0x00, 0x00, 0x00, 0x00, 0x00, 0x00, 0x00, 0x00, 0x00, 0x00, 0x00, 0x00,
    0x00, 0x00, 0x00, 0x00, 0x00, 0x00, 0x00, 0x00, 0x00, 0x00, 0x00, 0x00, 0x4C, 0x8B, 0xCD, 0x01,
    0x4D, 0x8B, 0xCD, 0x01, 0x4D, 0x8B, 0xCD, 0x01, 0x4D, 0x8B, 0xCD, 0x01, 0x4E, 0x8C, 0xCC, 0x01,
    0x4E, 0x8C, 0xCC, 0x01, 0x4F, 0x8C, 0xCC, 0x01, 0x4F, 0x8C, 0xCC, 0x01, 0x50, 0x8C, 0xCC, 0x02,
    0x51, 0x8D, 0xCC, 0x02, 0x52, 0x8D, 0xCC, 0x02, 0x53, 0x8D, 0xCC, 0x02, 0x53, 0x8D, 0xCC, 0x02,
    0x55, 0x8E, 0xCC, 0x02, 0x56, 0x8F, 0xCD, 0x01, 0x58, 0x90, 0xCE, 0x01, 0x58, 0x90, 0xCE, 0x01,
    0x5A, 0x92, 0xCF, 0x01, 0x00, 0x00, 0x00, 0x00, 0x00, 0x00, 0x00, 0x00, 0x00, 0x00, 0x00, 0x00,
    0x00, 0x00, 0x00, 0x00, 0x00, 0x00, 0x00, 0x00, 0x57, 0x91, 0xCF, 0x02, 0x56, 0x8D, 0xCE, 0x03,
    0x56, 0x8D, 0xCE, 0x03, 0x55, 0x8C, 0xCE, 0x07, 0x54, 0x8A, 0xCC, 0x05, 0x53, 0x8B, 0xCB, 0x07,
    0x53, 0x8B, 0xCB, 0x07, 0x55, 0x8C, 0xCC, 0x06, 0x56, 0x8C, 0xCA, 0x06, 0x59, 0x8E, 0xCA, 0x05,
    0x5C, 0x8D, 0xC9, 0x03, 0x5C, 0x8D, 0xC9, 0x03, 0x60, 0x91, 0xCA, 0x03, 0x62, 0x94, 0xCC, 0x07,
    0x64, 0x96, 0xCE, 0x08, 0x64, 0x96, 0xCE, 0x08, 0x63, 0x95, 0xCE, 0x0C, 0x64, 0x97, 0xD1, 0x0B,
    0x64, 0x99, 0xD5, 0x0A, 0x62, 0x99, 0xD7, 0x03, 0x62, 0x99, 0xD7, 0x03, 0x60, 0x97, 0xD7, 0x06,
    0x5F, 0x96, 0xD7, 0x04, 0x5C, 0x94, 0xD5, 0x06, 0x5C, 0x94, 0xD5, 0x06, 0x58, 0x91, 0xD4, 0x03,
    0x55, 0x91, 0xD4, 0x05, 0x54, 0x92, 0xD4, 0x04, 0x54, 0x92, 0xD4, 0x04, 0x51, 0x8F, 0xD2, 0x06,
    0x52, 0x91, 0xD4, 0x02, 0x51, 0x8F, 0xD3, 0x02, 0x00, 0x00, 0x00, 0x00, 0x00, 0x00, 0x00, 0x00,
    0x00, 0x00, 0x00, 0x00, 0x00, 0x00, 0x00, 0x00, 0x48, 0x8A, 0xD3, 0x03, 0x48, 0x8A, 0xD3, 0x03,
    0x47, 0x89, 0xD3, 0x01, 0x46, 0x88, 0xD1, 0x01, 0x00, 0x00, 0x00, 0x00, 0x00, 0x00, 0x00, 0x00,
    0x00, 0x00, 0x00, 0x00, 0x00, 0x00, 0x00, 0x00, 0x00, 0x00, 0x00, 0x00, 0x00, 0x00, 0x00, 0x00,
    0x00, 0x00, 0x00, 0x00, 0x00, 0x00, 0x00, 0x00, 0x00, 0x00, 0x00, 0x00, 0x00, 0x00, 0x00, 0x00,
    0x00, 0x00, 0x00, 0x00, 0x00, 0x00, 0x00, 0x00, 0x00, 0x00, 0x00, 0x00, 0x00, 0x00, 0x00, 0x00,
    0x00, 0x00, 0x00, 0x00, 0x00, 0x00, 0x00, 0x00, 0x00, 0x00, 0x00, 0x00, 0x00, 0x00, 0x00, 0x00,
    0x00, 0x00, 0x00, 0x00, 0x00, 0x00, 0x00, 0x00, 0x00, 0x00, 0x00, 0x00, 0x00, 0x00, 0x00, 0x00,
    0x00, 0x00, 0x00, 0x00, 0x00, 0x00, 0x00, 0x00, 0x00, 0x00, 0x00, 0x00, 0x00, 0x00, 0x00, 0x00,
    0x00, 0x00, 0x00, 0x00, 0x00, 0x00, 0x00, 0x00, 0x00, 0x00, 0x00, 0x00, 0x00, 0x00, 0x00, 0x00,
    0x00, 0x00, 0x00, 0x00, 0x00, 0x00, 0x00, 0x00, 0x00, 0x00, 0x00, 0x00, 0x00, 0x00, 0x00, 0x00,
    0x00, 0x00, 0x00, 0x00, 0x00, 0x00, 0x00, 0x00, 0x00, 0x00, 0x00, 0x00, 0x00, 0x00, 0x00, 0x00,
    0x00, 0x00, 0x00, 0x00, 0x00, 0x00, 0x00, 0x00, 0x00, 0x00, 0x00, 0x00, 0x00, 0x00, 0x00, 0x00,
    0x00, 0x00, 0x00, 0x00, 0x00, 0x00, 0x00, 0x00, 0x00, 0x00, 0x00, 0x00, 0x00, 0x00, 0x00, 0x00,
    0x00, 0x00, 0x00, 0x00, 0x00, 0x00, 0x00, 0x00, 0x00, 0x00, 0x00, 0x00, 0x00, 0x00, 0x00, 0x00,
    0x00, 0x00, 0x00, 0x00, 0x00, 0x00, 0x00, 0x00, 0x00, 0x00, 0x00, 0x00, 0x00, 0x00, 0x00, 0x00,
    0x00, 0x00, 0x00, 0x00, 0x00, 0x00, 0x00, 0x00, 0x00, 0x00, 0x00, 0x00, 0x00, 0x00, 0x00, 0x00,
    0x00, 0x00, 0x00, 0x00, 0x00, 0x00, 0x00, 0x00, 0x00, 0x00, 0x00, 0x00, 0x00, 0x00, 0x00, 0x00,
    0x00, 0x00, 0x00, 0x00, 0x00, 0x00, 0x00, 0x00, 0x00, 0x00, 0x00, 0x00, 0x4B, 0x8B, 0xCD, 0x01,
    0x4C, 0x8B, 0xCD, 0x01, 0x4C, 0x8B, 0xCD, 0x01, 0x4C, 0x8B, 0xCD, 0x01, 0x4C, 0x8B, 0xCD, 0x01,
    0x4D, 0x8B, 0xCC, 0x01, 0x4E, 0x8C, 0xCC, 0x01, 0x4E, 0x8C, 0xCC, 0x01, 0x4F, 0x8C, 0xCC, 0x02,
    0x51, 0x8D, 0xCD, 0x02, 0x52, 0x8D, 0xCD, 0x02, 0x53, 0x8E, 0xCD, 0x02, 0x53, 0x8E, 0xCD, 0x02,
    0x54, 0x8F, 0xCD, 0x02, 0x56, 0x8F, 0xCE, 0x02, 0x57, 0x90, 0xCE, 0x02, 0x57, 0x90, 0xCE, 0x02,
    0x59, 0x91, 0xCF, 0x02, 0x5A, 0x91, 0xCF, 0x01, 0x00, 0x00, 0x00, 0x00, 0x5B, 0x92, 0xD2, 0x03,
    0x5B, 0x92, 0xD2, 0x03, 0x58, 0x91, 0xD2, 0x03, 0x56, 0x91, 0xD2, 0x05, 0x00, 0x00, 0x00, 0x00,
    0x00, 0x00, 0x00, 0x00, 0x00, 0x00, 0x00, 0x00, 0x00, 0x00, 0x00, 0x00, 0x00, 0x00, 0x00, 0x00,
    0x00, 0x00, 0x00, 0x00, 0x00, 0x00, 0x00, 0x00, 0x65, 0x9F, 0xE2, 0x01, 0x66, 0x9E, 0xDE, 0x03,
    0x60, 0x98, 0xD7, 0x0A, 0x60, 0x98, 0xD7, 0x0A, 0x5D, 0x92, 0xD1, 0x0D, 0x5D, 0x92, 0xD0, 0x0A,
    0x5F, 0x95, 0xD2, 0x07, 0x5F, 0x95, 0xD2, 0x07, 0x5F, 0x95, 0xD3, 0x09, 0x60, 0x97, 0xD6, 0x09,
    0x5F, 0x96, 0xD8, 0x0E, 0x5E, 0x97, 0xDA, 0x0A, 0x5E, 0x97, 0xDA, 0x0A, 0x5C, 0x95, 0xD9, 0x08,
    0x5B, 0x94, 0xD8, 0x05, 0x5B, 0x94, 0xD8, 0x07, 0x5B, 0x94, 0xD8, 0x07, 0x58, 0x95, 0xD8, 0x05,
    0x54, 0x93, 0xD8, 0x02, 0x00, 0x00, 0x00, 0x00, 0x00, 0x00, 0x00, 0x00, 0x00, 0x00, 0x00, 0x00,
    0x00, 0x00, 0x00, 0x00, 0x4E, 0x8A, 0xD3, 0x0A, 0x51, 0x92, 0xDA, 0x18, 0x51, 0x92, 0xDA, 0x18,
    0x64, 0xA6, 0xEB, 0x3F, 0x5B, 0x9D, 0xE5, 0x2D, 0x47, 0x8A, 0xD4, 0x03, 0x47, 0x8A, 0xD4, 0x03,
    0x46, 0x89, 0xD3, 0x03, 0x44, 0x87, 0xD1, 0x01, 0x00, 0x00, 0x00, 0x00, 0x00, 0x00, 0x00, 0x00,
    0x00, 0x00, 0x00, 0x00, 0x00, 0x00, 0x00, 0x00, 0x00, 0x00, 0x00, 0x00, 0x00, 0x00, 0x00, 0x00,
    0x00, 0x00, 0x00, 0x00, 0x00, 0x00, 0x00, 0x00, 0x00, 0x00, 0x00, 0x00, 0x00, 0x00, 0x00, 0x00,
    0x00, 0x00, 0x00, 0x00, 0x00, 0x00, 0x00, 0x00, 0x00, 0x00, 0x00, 0x00, 0x00, 0x00, 0x00, 0x00,
    0x00, 0x00, 0x00, 0x00, 0x00, 0x00, 0x00, 0x00, 0x00, 0x00, 0x00, 0x00, 0x00, 0x00, 0x00, 0x00,
    0x00, 0x00, 0x00, 0x00, 0x00, 0x00, 0x00, 0x00, 0x00, 0x00, 0x00, 0x00, 0x00, 0x00, 0x00, 0x00,
    0x00, 0x00, 0x00, 0x00, 0x00, 0x00, 0x00, 0x00, 0x00, 0x00, 0x00, 0x00, 0x00, 0x00, 0x00, 0x00,
    0x00, 0x00, 0x00, 0x00, 0x00, 0x00, 0x00, 0x00, 0x00, 0x00, 0x00, 0x00, 0x00, 0x00, 0x00, 0x00,
    0x00, 0x00, 0x00, 0x00, 0x00, 0x00, 0x00, 0x00, 0x00, 0x00, 0x00, 0x00, 0x00, 0x00, 0x00, 0x00,
    0x00, 0x00, 0x00, 0x00, 0x00, 0x00, 0x00, 0x00, 0x00, 0x00, 0x00, 0x00, 0x00, 0x00, 0x00, 0x00,
    0x00, 0x00, 0x00, 0x00, 0x00, 0x00, 0x00, 0x00, 0x00, 0x00, 0x00, 0x00, 0x00, 0x00, 0x00, 0x00,
    0x00, 0x00, 0x00, 0x00, 0x00, 0x00, 0x00, 0x00, 0x00, 0x00, 0x00, 0x00, 0x00, 0x00, 0x00, 0x00,
    0x00, 0x00, 0x00, 0x00, 0x00, 0x00, 0x00, 0x00, 0x00, 0x00, 0x00, 0x00, 0x00, 0x00, 0x00, 0x00,
    0x00, 0x00, 0x00, 0x00, 0x00, 0x00, 0x00, 0x00, 0x00, 0x00, 0x00, 0x00, 0x00, 0x00, 0x00, 0x00,
    0x00, 0x00, 0x00, 0x00, 0x00, 0x00, 0x00, 0x00, 0x00, 0x00, 0x00, 0x00, 0x00, 0x00, 0x00, 0x00,
    0x00, 0x00, 0x00, 0x00, 0x00, 0x00, 0x00, 0x00, 0x00, 0x00, 0x00, 0x00, 0x00, 0x00, 0x00, 0x00,
    0x00, 0x00, 0x00, 0x00, 0x00, 0x00, 0x00, 0x00, 0x00, 0x00, 0x00, 0x00, 0x4A, 0x8A, 0xCD, 0x01,
    0x4B, 0x8A, 0xCD, 0x01, 0x4B, 0x8A, 0xCD, 0x01, 0x4B, 0x8A, 0xCD, 0x01, 0x4B, 0x8B, 0xCD, 0x01,
    0x4C, 0x8B, 0xCC, 0x02, 0x4D, 0x8B, 0xCD, 0x01, 0x4D, 0x8B, 0xCD, 0x01, 0x4E, 0x8C, 0xCD, 0x01,
    0x50, 0x8D, 0xCE, 0x01, 0x51, 0x8D, 0xCE, 0x01, 0x52, 0x8E, 0xCE, 0x01, 0x52, 0x8E, 0xCE, 0x01,
    0x53, 0x8F, 0xCE, 0x01, 0x55, 0x90, 0xCF, 0x01, 0x56, 0x90, 0xCF, 0x01, 0x56, 0x90, 0xCF, 0x01,
    0x00, 0x00, 0x00, 0x00, 0x58, 0x91, 0xD1, 0x02, 0x58, 0x92, 0xD1, 0x03, 0x57, 0x90, 0xD2, 0x02,
    0x57, 0x90, 0xD2, 0x02, 0x53, 0x8E, 0xD2, 0x01, 0x52, 0x91, 0xD6, 0x04, 0x5F, 0x98, 0xD9, 0x1A,
    0x5F, 0x98, 0xD9, 0x1A, 0x53, 0x85, 0xBF, 0x32, 0x51, 0x8C, 0xC3, 0x42, 0x3F, 0x72, 0xAC, 0x4B,
    0x3F, 0x72, 0xAC, 0x4B, 0x38, 0x63, 0x9B, 0x38, 0x34, 0x55, 0x8C, 0x28, 0x42, 0x69, 0xA0, 0x11,
    0x56, 0x8A, 0xC6, 0x0B, 0x56, 0x8A, 0xC6, 0x0B, 0x58, 0x91, 0xD2, 0x04, 0x5A, 0x96, 0xD7, 0x0D,
    0x5C, 0x9B, 0xDC, 0x11, 0x5C, 0x9B, 0xDC, 0x11, 0x5C, 0x99, 0xDA, 0x11, 0x5F, 0x9C, 0xDC, 0x0C,
    0x5C, 0x99, 0xDB, 0x10, 0x59, 0x98, 0xDB, 0x0B, 0x59, 0x98, 0xDB, 0x0B, 0x5B, 0x9A, 0xDD, 0x08,
    0x5D, 0x9B, 0xDE, 0x03, 0x5A, 0x98, 0xDB, 0x04, 0x5A, 0x98, 0xDB, 0x04, 0x58, 0x99, 0xDE, 0x05,
    0x55, 0x96, 0xDD, 0x0D, 0x53, 0x92, 0xDB, 0x27, 0x53, 0x92, 0xDB, 0x27, 0x58, 0x96, 0xDE, 0x81,
    0x66, 0xA2, 0xE8, 0xAA, 0x67, 0xA1, 0xE6, 0xD2, 0x7C, 0xB8, 0xF6, 0xDD, 0x7C, 0xB8, 0xF6, 0xDD,
    0x8D, 0xD1, 0xFD, 0xED, 0x81, 0xC2, 0xFC, 0xBE, 0x53, 0x92, 0xE1, 0x42, 0x53, 0x92, 0xE1, 0x42,
    0x46, 0x8A, 0xD5, 0x07, 0x44, 0x88, 0xD3, 0x01, 0x00, 0x00, 0x00, 0x00, 0x00, 0x00, 0x00, 0x00,
    0x00, 0x00, 0x00, 0x00, 0x00, 0x00, 0x00, 0x00, 0x00, 0x00, 0x00, 0x00, 0x00, 0x00, 0x00, 0x00,
    0x00, 0x00, 0x00, 0x00, 0x00, 0x00, 0x00, 0x00, 0x00, 0x00, 0x00, 0x00, 0x00, 0x00, 0x00, 0x00,
    0x00, 0x00, 0x00, 0x00, 0x00, 0x00, 0x00, 0x00, 0x00, 0x00, 0x00, 0x00, 0x00, 0x00, 0x00, 0x00,
    0x00, 0x00, 0x00, 0x00, 0x00, 0x00, 0x00, 0x00, 0x00, 0x00, 0x00, 0x00, 0x00, 0x00, 0x00, 0x00,
    0x00, 0x00, 0x00, 0x00, 0x00, 0x00, 0x00, 0x00, 0x00, 0x00, 0x00, 0x00, 0x00, 0x00, 0x00, 0x00,
    0x00, 0x00, 0x00, 0x00, 0x00, 0x00, 0x00, 0x00, 0x00, 0x00, 0x00, 0x00, 0x00, 0x00, 0x00, 0x00,
    0x00, 0x00, 0x00, 0x00, 0x00, 0x00, 0x00, 0x00, 0x00, 0x00, 0x00, 0x00, 0x00, 0x00, 0x00, 0x00,
    0x00, 0x00, 0x00, 0x00, 0x00, 0x00, 0x00, 0x00, 0x00, 0x00, 0x00, 0x00, 0x00, 0x00, 0x00, 0x00,
    0x00, 0x00, 0x00, 0x00, 0x00, 0x00, 0x00, 0x00, 0x00, 0x00, 0x00, 0x00, 0x00, 0x00, 0x00, 0x00,
    0x00, 0x00, 0x00, 0x00, 0x00, 0x00, 0x00, 0x00, 0x00, 0x00, 0x00, 0x00, 0x00, 0x00, 0x00, 0x00,
    0x00, 0x00, 0x00, 0x00, 0x00, 0x00, 0x00, 0x00, 0x00, 0x00, 0x00, 0x00, 0x00, 0x00, 0x00, 0x00,
    0x00, 0x00, 0x00, 0x00, 0x00, 0x00, 0x00, 0x00, 0x00, 0x00, 0x00, 0x00, 0x00, 0x00, 0x00, 0x00,
    0x00, 0x00, 0x00, 0x00, 0x00, 0x00, 0x00, 0x00, 0x00, 0x00, 0x00, 0x00, 0x00, 0x00, 0x00, 0x00,
    0x00, 0x00, 0x00, 0x00, 0x00, 0x00, 0x00, 0x00, 0x00, 0x00, 0x00, 0x00, 0x00, 0x00, 0x00, 0x00,
    0x00, 0x00, 0x00, 0x00, 0x00, 0x00, 0x00, 0x00, 0x00, 0x00, 0x00, 0x00, 0x00, 0x00, 0x00, 0x00,
    0x00, 0x00, 0x00, 0x00, 0x00, 0x00, 0x00, 0x00, 0x00, 0x00, 0x00, 0x00, 0x48, 0x89, 0xCD, 0x01,
    0x49, 0x8A, 0xCD, 0x01, 0x4A, 0x89, 0xCC, 0x01, 0x4A, 0x89, 0xCC, 0x01, 0x4A, 0x8A, 0xCD, 0x01,
    0x4B, 0x8B, 0xCD, 0x02, 0x4B, 0x8B, 0xCD, 0x02, 0x4B, 0x8B, 0xCD, 0x02, 0x4D, 0x8C, 0xCE, 0x02,
    0x4E, 0x8C, 0xCE, 0x02, 0x4F, 0x8D, 0xCD, 0x02, 0x50, 0x8D, 0xCE, 0x01, 0x50, 0x8D, 0xCE, 0x01,
    0x52, 0x8D, 0xCE, 0x02, 0x54, 0x8F, 0xCF, 0x01, 0x55, 0x8F, 0xD0, 0x03, 0x55, 0x8F, 0xD0, 0x03,
    0x56, 0x90, 0xCF, 0x03, 0x54, 0x90, 0xCE, 0x04, 0x53, 0x90, 0xD1, 0x01, 0x53, 0x91, 0xD5, 0x02,
    0x53, 0x91, 0xD5, 0x02, 0x5A, 0x99, 0xDE, 0x41, 0x51, 0x8C, 0xCD, 0x76, 0x24, 0x43, 0x72, 0xBD,
    0x24, 0x43, 0x72, 0xBD, 0x17, 0x29, 0x54, 0xF6, 0x26, 0x43, 0x73, 0xF4, 0x2A, 0x49, 0x7D, 0xFA,
    0x2A, 0x49, 0x7D, 0xFA, 0x31, 0x54, 0x87, 0xED, 0x33, 0x4D, 0x83, 0xE2, 0x49, 0x6B, 0xA4, 0xC4,
    0x63, 0x92, 0xCD, 0xB1, 0x63, 0x92, 0xCD, 0xB1, 0x69, 0xA3, 0xE4, 0x7D, 0x55, 0x91, 0xD4, 0x45,
    0x54, 0x91, 0xD5, 0x23, 0x54, 0x91, 0xD5, 0x23, 0x57, 0x93, 0xD7, 0x22, 0x5B, 0x97, 0xDB, 0x17,
    0x5D, 0x99, 0xDF, 0x14, 0x5C, 0x9D, 0xE2, 0x11, 0x5C, 0x9D, 0xE2, 0x11, 0x5A, 0x99, 0xDF, 0x1E,
    0x5C, 0x9A, 0xDF, 0x1D, 0x59, 0x97, 0xDC, 0x21, 0x59, 0x97, 0xDC, 0x21, 0x58, 0x95, 0xDC, 0x34,
    0x5A, 0x96, 0xDF, 0x95, 0x74, 0xB0, 0xF2, 0xC7, 0x74, 0xB0, 0xF2, 0xC7, 0x8B, 0xC3, 0xFB, 0xF4,
    0x95, 0xCF, 0xFD, 0xF4, 0x8E, 0xC3, 0xFB, 0xF6, 0x8D, 0xC4, 0xFC, 0xF4, 0x8D, 0xC4, 0xFC, 0xF4,
    0x83, 0xBC, 0xFB, 0xF4, 0x83, 0xBB, 0xFD, 0xF6, 0x6C, 0xA8, 0xF7, 0xDF, 0x6C, 0xA8, 0xF7, 0xDF,
    0x4B, 0x8E, 0xDC, 0x49, 0x44, 0x86, 0xD2, 0x04, 0x43, 0x88, 0xD2, 0x03, 0x43, 0x86, 0xD0, 0x01,
    0x43, 0x86, 0xD0, 0x01, 0x00, 0x00, 0x00, 0x00, 0x00, 0x00, 0x00, 0x00, 0x00, 0x00, 0x00, 0x00,
    0x00, 0x00, 0x00, 0x00, 0x00, 0x00, 0x00, 0x00, 0x00, 0x00, 0x00, 0x00, 0x00, 0x00, 0x00, 0x00,
    0x00, 0x00, 0x00, 0x00, 0x00, 0x00, 0x00, 0x00, 0x00, 0x00, 0x00, 0x00, 0x00, 0x00, 0x00, 0x00,
    0x00, 0x00, 0x00, 0x00, 0x00, 0x00, 0x00, 0x00, 0x00, 0x00, 0x00, 0x00, 0x00, 0x00, 0x00, 0x00,
    0x00, 0x00, 0x00, 0x00, 0x00, 0x00, 0x00, 0x00, 0x00, 0x00, 0x00, 0x00, 0x00, 0x00, 0x00, 0x00,
    0x00, 0x00, 0x00, 0x00, 0x00, 0x00, 0x00, 0x00, 0x00, 0x00, 0x00, 0x00, 0x00, 0x00, 0x00, 0x00,
    0x00, 0x00, 0x00, 0x00, 0x00, 0x00, 0x00, 0x00, 0x00, 0x00, 0x00, 0x00, 0x00, 0x00, 0x00, 0x00,
    0x00, 0x00, 0x00, 0x00, 0x00, 0x00, 0x00, 0x00, 0x00, 0x00, 0x00, 0x00, 0x00, 0x00, 0x00, 0x00,
    0x00, 0x00, 0x00, 0x00, 0x00, 0x00, 0x00, 0x00, 0x00, 0x00, 0x00, 0x00, 0x00, 0x00, 0x00, 0x00,
    0x00, 0x00, 0x00, 0x00, 0x00, 0x00, 0x00, 0x00, 0x00, 0x00, 0x00, 0x00, 0x00, 0x00, 0x00, 0x00,
    0x00, 0x00, 0x00, 0x00, 0x00, 0x00, 0x00, 0x00, 0x00, 0x00, 0x00, 0x00, 0x00, 0x00, 0x00, 0x00,
    0x00, 0x00, 0x00, 0x00, 0x00, 0x00, 0x00, 0x00, 0x00, 0x00, 0x00, 0x00, 0x00, 0x00, 0x00, 0x00,
    0x00, 0x00, 0x00, 0x00, 0x00, 0x00, 0x00, 0x00, 0x00, 0x00, 0x00, 0x00, 0x00, 0x00, 0x00, 0x00,
    0x00, 0x00, 0x00, 0x00, 0x00, 0x00, 0x00, 0x00, 0x00, 0x00, 0x00, 0x00, 0x00, 0x00, 0x00, 0x00,
    0x00, 0x00, 0x00, 0x00, 0x00, 0x00, 0x00, 0x00, 0x00, 0x00, 0x00, 0x00, 0x00, 0x00, 0x00, 0x00,
    0x00, 0x00, 0x00, 0x00, 0x00, 0x00, 0x00, 0x00, 0x00, 0x00, 0x00, 0x00, 0x48, 0x89, 0xCD, 0x01,
    0x49, 0x8A, 0xCD, 0x01, 0x4A, 0x89, 0xCC, 0x01, 0x4A, 0x89, 0xCC, 0x01, 0x4A, 0x8A, 0xCD, 0x01,
    0x4B, 0x8B, 0xCD, 0x02, 0x4B, 0x8B, 0xCD, 0x02, 0x4B, 0x8B, 0xCD, 0x02, 0x4D, 0x8C, 0xCE, 0x02,
    0x4E, 0x8C, 0xCE, 0x02, 0x4F, 0x8D, 0xCD, 0x02, 0x50, 0x8D, 0xCE, 0x01, 0x50, 0x8D, 0xCE, 0x01,
    0x52, 0x8D, 0xCE, 0x02, 0x54, 0x8F, 0xCF, 0x01, 0x55, 0x8F, 0xD0, 0x03, 0x55, 0x8F, 0xD0, 0x03,
    0x56, 0x90, 0xCF, 0x03, 0x54, 0x90, 0xCE, 0x04, 0x53, 0x90, 0xD1, 0x01, 0x53, 0x91, 0xD5, 0x02,
    0x53, 0x91, 0xD5, 0x02, 0x5A, 0x99, 0xDE, 0x41, 0x51, 0x8C, 0xCD, 0x76, 0x24, 0x43, 0x72, 0xBD,
    0x24, 0x43, 0x72, 0xBD, 0x17, 0x29, 0x54, 0xF6, 0x26, 0x43, 0x73, 0xF4, 0x2A, 0x49, 0x7D, 0xFA,
    0x2A, 0x49, 0x7D, 0xFA, 0x31, 0x54, 0x87, 0xED, 0x33, 0x4D, 0x83, 0xE2, 0x49, 0x6B, 0xA4, 0xC4,
    0x63, 0x92, 0xCD, 0xB1, 0x63, 0x92, 0xCD, 0xB1, 0x69, 0xA3, 0xE4, 0x7D, 0x55, 0x91, 0xD4, 0x45,
    0x54, 0x91, 0xD5, 0x23, 0x54, 0x91, 0xD5, 0x23, 0x57, 0x93, 0xD7, 0x22, 0x5B, 0x97, 0xDB, 0x17,
    0x5D, 0x99, 0xDF, 0x14, 0x5C, 0x9D, 0xE2, 0x11, 0x5C, 0x9D, 0xE2, 0x11, 0x5A, 0x99, 0xDF, 0x1E,
    0x5C, 0x9A, 0xDF, 0x1D, 0x59, 0x97, 0xDC, 0x21, 0x59, 0x97, 0xDC, 0x21, 0x58, 0x95, 0xDC, 0x34,
    0x5A, 0x96, 0xDF, 0x95, 0x74, 0xB0, 0xF2, 0xC7, 0x74, 0xB0, 0xF2, 0xC7, 0x8B, 0xC3, 0xFB, 0xF4,
    0x95, 0xCF, 0xFD, 0xF4, 0x8E, 0xC3, 0xFB, 0xF6, 0x8D, 0xC4, 0xFC, 0xF4, 0x8D, 0xC4, 0xFC, 0xF4,
    0x83, 0xBC, 0xFB, 0xF4, 0x83, 0xBB, 0xFD, 0xF6, 0x6C, 0xA8, 0xF7, 0xDF, 0x6C, 0xA8, 0xF7, 0xDF,
    0x4B, 0x8E, 0xDC, 0x49, 0x44, 0x86, 0xD2, 0x04, 0x43, 0x88, 0xD2, 0x03, 0x43, 0x86, 0xD0, 0x01,
    0x43, 0x86, 0xD0, 0x01, 0x00, 0x00, 0x00, 0x00, 0x00, 0x00, 0x00, 0x00, 0x00, 0x00, 0x00, 0x00,
    0x00, 0x00, 0x00, 0x00, 0x00, 0x00, 0x00, 0x00, 0x00, 0x00, 0x00, 0x00, 0x00, 0x00, 0x00, 0x00,
    0x00, 0x00, 0x00, 0x00, 0x00, 0x00, 0x00, 0x00, 0x00, 0x00, 0x00, 0x00, 0x00, 0x00, 0x00, 0x00,
    0x00, 0x00, 0x00, 0x00, 0x00, 0x00, 0x00, 0x00, 0x00, 0x00, 0x00, 0x00, 0x00, 0x00, 0x00, 0x00,
    0x00, 0x00, 0x00, 0x00, 0x00, 0x00, 0x00, 0x00, 0x00, 0x00, 0x00, 0x00, 0x00, 0x00, 0x00, 0x00,
    0x00, 0x00, 0x00, 0x00, 0x00, 0x00, 0x00, 0x00, 0x00, 0x00, 0x00, 0x00, 0x00, 0x00, 0x00, 0x00,
    0x00, 0x00, 0x00, 0x00, 0x00, 0x00, 0x00, 0x00, 0x00, 0x00, 0x00, 0x00, 0x00, 0x00, 0x00, 0x00,
    0x00, 0x00, 0x00, 0x00, 0x00, 0x00, 0x00, 0x00, 0x00, 0x00, 0x00, 0x00, 0x00, 0x00, 0x00, 0x00,
    0x00, 0x00, 0x00, 0x00, 0x00, 0x00, 0x00, 0x00, 0x00, 0x00, 0x00, 0x00, 0x00, 0x00, 0x00, 0x00,
    0x00, 0x00, 0x00, 0x00, 0x00, 0x00, 0x00, 0x00, 0x00, 0x00, 0x00, 0x00, 0x00, 0x00, 0x00, 0x00,
    0x00, 0x00, 0x00, 0x00, 0x00, 0x00, 0x00, 0x00, 0x00, 0x00, 0x00, 0x00, 0x00, 0x00, 0x00, 0x00,
    0x00, 0x00, 0x00, 0x00, 0x00, 0x00, 0x00, 0x00, 0x00, 0x00, 0x00, 0x00, 0x00, 0x00, 0x00, 0x00,
    0x00, 0x00, 0x00, 0x00, 0x00, 0x00, 0x00, 0x00, 0x00, 0x00, 0x00, 0x00, 0x00, 0x00, 0x00, 0x00,
    0x00, 0x00, 0x00, 0x00, 0x00, 0x00, 0x00, 0x00, 0x00, 0x00, 0x00, 0x00, 0x00, 0x00, 0x00, 0x00,
    0x00, 0x00, 0x00, 0x00, 0x00, 0x00, 0x00, 0x00, 0x00, 0x00, 0x00, 0x00, 0x00, 0x00, 0x00, 0x00,
    0x00, 0x00, 0x00, 0x00, 0x00, 0x00, 0x00, 0x00, 0x00, 0x00, 0x00, 0x00, 0x48, 0x89, 0xCE, 0x01,
    0x48, 0x89, 0xCD, 0x01, 0x49, 0x89, 0xCD, 0x01, 0x49, 0x89, 0xCD, 0x01, 0x4A, 0x8A, 0xCD, 0x02,
    0x4A, 0x8B, 0xCD, 0x02, 0x4B, 0x8C, 0xCE, 0x01, 0x4B, 0x8C, 0xCE, 0x01, 0x4C, 0x8C, 0xCD, 0x02,
    0x4E, 0x8D, 0xCD, 0x02, 0x4E, 0x8D, 0xCE, 0x02, 0x4F, 0x8D, 0xCF, 0x01, 0x4F, 0x8D, 0xCF, 0x01,
    0x51, 0x8E, 0xCF, 0x02, 0x52, 0x8E, 0xCF, 0x02, 0x52, 0x8E, 0xD0, 0x01, 0x52, 0x8E, 0xD0, 0x01,
    0x54, 0x90, 0xD1, 0x01, 0x4F, 0x90, 0xD2, 0x01, 0x52, 0x90, 0xD4, 0x21, 0x4D, 0x84, 0xC1, 0x43,
    0x4D, 0x84, 0xC1, 0x43, 0x3A, 0x6F, 0xAD, 0xC8, 0x24, 0x48, 0x85, 0xE2, 0x1A, 0x32, 0x61, 0xDC,
    0x1A, 0x32, 0x61, 0xDC, 0x6D, 0x99, 0xC8, 0xEF, 0x83, 0xB5, 0xEC, 0xED, 0x8D, 0xC0, 0xF7, 0xF1,
    0x8D, 0xC0, 0xF7, 0xF1, 0x9F, 0xD4, 0xFC, 0xF0, 0xA2, 0xD3, 0xFC, 0xF6, 0xA5, 0xD8, 0xFD, 0xF6,
    0x9E, 0xD1, 0xFD, 0xF7, 0x9E, 0xD1, 0xFD, 0xF7, 0x8F, 0xC4, 0xF9, 0xE8, 0x6E, 0xA2, 0xE2, 0xD3,
    0x5C, 0x91, 0xD4, 0xB9, 0x5C, 0x91, 0xD4, 0xB9, 0x57, 0x90, 0xD1, 0x90, 0x59, 0x96, 0xD8, 0x6B,
    0x58, 0x93, 0xDA, 0x6C, 0x58, 0x98, 0xE1, 0x64, 0x58, 0x98, 0xE1, 0x64, 0x56, 0x94, 0xDC, 0x4F,
    0x5D, 0x96, 0xDC, 0x6F, 0x6C, 0xA7, 0xE8, 0xB9, 0x6C, 0xA7, 0xE8, 0xB9, 0x74, 0xB1, 0xF3, 0xCE,
    0x75, 0xAF, 0xF4, 0xF5, 0x83, 0xBD, 0xFC, 0xF4, 0x83, 0xBD, 0xFC, 0xF4, 0x8C, 0xC7, 0xFD, 0xF3,
    0x8A, 0xC5, 0xFD, 0xF4, 0x7D, 0xB6, 0xFB, 0xF7, 0x7A, 0xB4, 0xFC, 0xF7, 0x7A, 0xB4, 0xFC, 0xF7,
    0x7A, 0xB5, 0xFD, 0xF8, 0x7F, 0xBE, 0xFE, 0xF8, 0x80, 0xC3, 0xFE, 0xFB, 0x80, 0xC3, 0xFE, 0xFB,
    0x64, 0xA1, 0xF5, 0xC2, 0x45, 0x87, 0xD6, 0x16, 0x43, 0x8A, 0xD4, 0x02, 0x42, 0x86, 0xD1, 0x02,
    0x42, 0x86, 0xD1, 0x02, 0x00, 0x00, 0x00, 0x00, 0x00, 0x00, 0x00, 0x00, 0x00, 0x00, 0x00, 0x00,
    0x00, 0x00, 0x00, 0x00, 0x00, 0x00, 0x00, 0x00, 0x00, 0x00, 0x00, 0x00, 0x00, 0x00, 0x00, 0x00,
    0x00, 0x00, 0x00, 0x00, 0x00, 0x00, 0x00, 0x00, 0x00, 0x00, 0x00, 0x00, 0x00, 0x00, 0x00, 0x00,
    0x00, 0x00, 0x00, 0x00, 0x00, 0x00, 0x00, 0x00, 0x00, 0x00, 0x00, 0x00, 0x00, 0x00, 0x00, 0x00,
    0x00, 0x00, 0x00, 0x00, 0x00, 0x00, 0x00, 0x00, 0x00, 0x00, 0x00, 0x00, 0x00, 0x00, 0x00, 0x00,
    0x00, 0x00, 0x00, 0x00, 0x00, 0x00, 0x00, 0x00, 0x00, 0x00, 0x00, 0x00, 0x00, 0x00, 0x00, 0x00,
    0x00, 0x00, 0x00, 0x00, 0x00, 0x00, 0x00, 0x00, 0x00, 0x00, 0x00, 0x00, 0x00, 0x00, 0x00, 0x00,
    0x00, 0x00, 0x00, 0x00, 0x00, 0x00, 0x00, 0x00, 0x00, 0x00, 0x00, 0x00, 0x00, 0x00, 0x00, 0x00,
    0x00, 0x00, 0x00, 0x00, 0x00, 0x00, 0x00, 0x00, 0x00, 0x00, 0x00, 0x00, 0x00, 0x00, 0x00, 0x00,
    0x00, 0x00, 0x00, 0x00, 0x00, 0x00, 0x00, 0x00, 0x00, 0x00, 0x00, 0x00, 0x00, 0x00, 0x00, 0x00,
    0x00, 0x00, 0x00, 0x00, 0x00, 0x00, 0x00, 0x00, 0x00, 0x00, 0x00, 0x00, 0x00, 0x00, 0x00, 0x00,
    0x00, 0x00, 0x00, 0x00, 0x00, 0x00, 0x00, 0x00, 0x00, 0x00, 0x00, 0x00, 0x00, 0x00, 0x00, 0x00,
    0x00, 0x00, 0x00, 0x00, 0x00, 0x00, 0x00, 0x00, 0x00, 0x00, 0x00, 0x00, 0x00, 0x00, 0x00, 0x00,
    0x00, 0x00, 0x00, 0x00, 0x00, 0x00, 0x00, 0x00, 0x00, 0x00, 0x00, 0x00, 0x00, 0x00, 0x00, 0x00,
    0x00, 0x00, 0x00, 0x00, 0x00, 0x00, 0x00, 0x00, 0x00, 0x00, 0x00, 0x00, 0x00, 0x00, 0x00, 0x00,
    0x00, 0x00, 0x00, 0x00, 0x00, 0x00, 0x00, 0x00, 0x00, 0x00, 0x00, 0x00, 0x47, 0x88, 0xCD, 0x01,
    0x47, 0x89, 0xCD, 0x01, 0x48, 0x89, 0xCD, 0x01, 0x48, 0x89, 0xCD, 0x01, 0x49, 0x8A, 0xCD, 0x02,
    0x49, 0x8B, 0xCD, 0x02, 0x4A, 0x8B, 0xCE, 0x02, 0x4A, 0x8B, 0xCE, 0x02, 0x4B, 0x8C, 0xCE, 0x02,
    0x4D, 0x8D, 0xCD, 0x02, 0x4E, 0x8D, 0xCD, 0x03, 0x50, 0x8E, 0xD0, 0x02, 0x50, 0x8E, 0xD0, 0x02,
    0x4E, 0x8C, 0xCE, 0x04, 0x4C, 0x89, 0xCB, 0x01, 0x4C, 0x88, 0xCB, 0x12, 0x4C, 0x88, 0xCB, 0x12,
    0x45, 0x83, 0xC2, 0x27, 0x40, 0x77, 0xB0, 0x47, 0x23, 0x41, 0x75, 0xD8, 0x09, 0x14, 0x3B, 0xE5,
    0x09, 0x14, 0x3B, 0xE5, 0x35, 0x5C, 0x8E, 0xEB, 0x37, 0x60, 0xA0, 0xF5, 0x4D, 0x78, 0xBB, 0xFA,
    0x4D, 0x78, 0xBB, 0xFA, 0x92, 0xD4, 0xFC, 0xF9, 0x8C, 0xCA, 0xFB, 0xFA, 0x89, 0xC0, 0xF8, 0xFB,
    0x89, 0xC0, 0xF8, 0xFB, 0x90, 0xC4, 0xF8, 0xFB, 0x92, 0xC5, 0xF9, 0xF9, 0x94, 0xC9, 0xFA, 0xF7,
    0x99, 0xCA, 0xFB, 0xF7, 0x99, 0xCA, 0xFB, 0xF7, 0x9D, 0xCF, 0xFD, 0xF7, 0x9F, 0xD4, 0xFE, 0xF9,
    0x99, 0xCD, 0xFE, 0xF8, 0x99, 0xCD, 0xFE, 0xF8, 0x92, 0xC9, 0xFD, 0xF2, 0x87, 0xC1, 0xF9, 0xEA,
    0x73, 0xA8, 0xE9, 0xE7, 0x66, 0xA0, 0xE5, 0xE0, 0x66, 0xA0, 0xE5, 0xE0, 0x73, 0xAD, 0xEB, 0xDA,
    0x89, 0xBD, 0xF7, 0xE3, 0x91, 0xC4, 0xFB, 0xF8, 0x91, 0xC4, 0xFB, 0xF8, 0x8A, 0xC8, 0xFD, 0xF7,
    0x76, 0xB3, 0xF9, 0xF5, 0x72, 0xAC, 0xF8, 0xF5, 0x72, 0xAC, 0xF8, 0xF5, 0x71, 0xAC, 0xF8, 0xFA,
    0x71, 0xAD, 0xFA, 0xF9, 0x6E, 0xAC, 0xFC, 0xFB, 0x70, 0xB0, 0xFE, 0xFB, 0x70, 0xB0, 0xFE, 0xFB,
    0x6F, 0xAB, 0xFD, 0xFA, 0x75, 0xB4, 0xFE, 0xF9, 0x78, 0xB3, 0xFE, 0xF8, 0x78, 0xB3, 0xFE, 0xF8,
    0x7A, 0xAF, 0xFD, 0xFA, 0x58, 0x94, 0xEB, 0x6D, 0x40, 0x86, 0xD4, 0x02, 0x42, 0x86, 0xD1, 0x05,
    0x42, 0x86, 0xD1, 0x05, 0x42, 0x87, 0xD1, 0x01, 0x43, 0x87, 0xCF, 0x01, 0x00, 0x00, 0x00, 0x00,
    0x00, 0x00, 0x00, 0x00, 0x00, 0x00, 0x00, 0x00, 0x00, 0x00, 0x00, 0x00, 0x00, 0x00, 0x00, 0x00,
    0x00, 0x00, 0x00, 0x00, 0x00, 0x00, 0x00, 0x00, 0x00, 0x00, 0x00, 0x00, 0x00, 0x00, 0x00, 0x00,
    0x00, 0x00, 0x00, 0x00, 0x00, 0x00, 0x00, 0x00, 0x00, 0x00, 0x00, 0x00, 0x00, 0x00, 0x00, 0x00,
    0x00, 0x00, 0x00, 0x00, 0x00, 0x00, 0x00, 0x00, 0x00, 0x00, 0x00, 0x00, 0x00, 0x00, 0x00, 0x00,
    0x00, 0x00, 0x00, 0x00, 0x00, 0x00, 0x00, 0x00, 0x00, 0x00, 0x00, 0x00, 0x00, 0x00, 0x00, 0x00,
    0x00, 0x00, 0x00, 0x00, 0x00, 0x00, 0x00, 0x00, 0x00, 0x00, 0x00, 0x00, 0x00, 0x00, 0x00, 0x00,
    0x00, 0x00, 0x00, 0x00, 0x00, 0x00, 0x00, 0x00, 0x00, 0x00, 0x00, 0x00, 0x00, 0x00, 0x00, 0x00,
    0x00, 0x00, 0x00, 0x00, 0x00, 0x00, 0x00, 0x00, 0x00, 0x00, 0x00, 0x00, 0x00, 0x00, 0x00, 0x00,
    0x00, 0x00, 0x00, 0x00, 0x00, 0x00, 0x00, 0x00, 0x00, 0x00, 0x00, 0x00, 0x00, 0x00, 0x00, 0x00,
    0x00, 0x00, 0x00, 0x00, 0x00, 0x00, 0x00, 0x00, 0x00, 0x00, 0x00, 0x00, 0x00, 0x00, 0x00, 0x00,
    0x00, 0x00, 0x00, 0x00, 0x00, 0x00, 0x00, 0x00, 0x00, 0x00, 0x00, 0x00, 0x00, 0x00, 0x00, 0x00,
    0x00, 0x00, 0x00, 0x00, 0x00, 0x00, 0x00, 0x00, 0x00, 0x00, 0x00, 0x00, 0x00, 0x00, 0x00, 0x00,
    0x00, 0x00, 0x00, 0x00, 0x00, 0x00, 0x00, 0x00, 0x00, 0x00, 0x00, 0x00, 0x00, 0x00, 0x00, 0x00,
    0x00, 0x00, 0x00, 0x00, 0x00, 0x00, 0x00, 0x00, 0x00, 0x00, 0x00, 0x00, 0x00, 0x00, 0x00, 0x00,
    0x00, 0x00, 0x00, 0x00, 0x00, 0x00, 0x00, 0x00, 0x00, 0x00, 0x00, 0x00, 0x46, 0x89, 0xCD, 0x01,
    0x47, 0x89, 0xCE, 0x01, 0x47, 0x8A, 0xCE, 0x01, 0x47, 0x8A, 0xCE, 0x01, 0x48, 0x8A, 0xCE, 0x02,
    0x49, 0x8B, 0xCD, 0x02, 0x4A, 0x8B, 0xCE, 0x02, 0x4A, 0x8B, 0xCE, 0x02, 0x4B, 0x8C, 0xCE, 0x02,
    0x4D, 0x8E, 0xCE, 0x02, 0x4E, 0x8D, 0xCE, 0x03, 0x4C, 0x8C, 0xCD, 0x04, 0x4C, 0x8C, 0xCD, 0x04,
    0x4B, 0x8A, 0xCD, 0x03, 0x56, 0x91, 0xCD, 0x02, 0x3C, 0x6B, 0xA4, 0x4D, 0x3C, 0x6B, 0xA4, 0x4D,
    0x3C, 0x6E, 0x9F, 0xB8, 0x1B, 0x3F, 0x69, 0xCC, 0x1A, 0x2E, 0x57, 0xEC, 0x4F, 0x62, 0x93, 0xF4,
    0x4F, 0x62, 0x93, 0xF4, 0x9C, 0xCD, 0xF4, 0xF6, 0x83, 0xBE, 0xF6, 0xF9, 0x80, 0xB5, 0xF6, 0xF9,
    0x80, 0xB5, 0xF6, 0xF9, 0x83, 0xB9, 0xF7, 0xFA, 0x86, 0xBE, 0xF8, 0xFA, 0x8C, 0xC2, 0xF8, 0xFA,
    0x8C, 0xC2, 0xF8, 0xFA, 0x93, 0xC5, 0xF9, 0xFA, 0x94, 0xC5, 0xF9, 0xFB, 0x97, 0xC7, 0xFA, 0xFB,
    0x99, 0xCA, 0xFC, 0xFB, 0x99, 0xCA, 0xFC, 0xFB, 0x9C, 0xCE, 0xFD, 0xFA, 0x9B, 0xCC, 0xFD, 0xF9,
    0x9E, 0xD0, 0xFE, 0xF8, 0x9E, 0xD0, 0xFE, 0xF8, 0xA2, 0xD4, 0xFF, 0xF9, 0xA3, 0xD7, 0xFF, 0xF9,
    0x98, 0xCB, 0xFE, 0xFA, 0x8E, 0xC5, 0xFC, 0xF9, 0x8E, 0xC5, 0xFC, 0xF9, 0x92, 0xC8, 0xFC, 0xFD,
    0x9E, 0xD3, 0xFE, 0xFC, 0x8E, 0xBF, 0xF9, 0xF8, 0x8E, 0xBF, 0xF9, 0xF8, 0x7C, 0xB6, 0xF6, 0xF7,
    0x70, 0xAE, 0xF7, 0xFA, 0x6F, 0xAA, 0xFA, 0xFB, 0x6F, 0xAA, 0xFA, 0xFB, 0x70, 0xAB, 0xFA, 0xFA,
    0x70, 0xAC, 0xFC, 0xFA, 0x6F, 0xAD, 0xFD, 0xFA, 0x70, 0xB1, 0xFE, 0xFA, 0x70, 0xB1, 0xFE, 0xFA,
    0x70, 0xAE, 0xFE, 0xFB, 0x73, 0xB2, 0xFE, 0xFA, 0x76, 0xB0, 0xFD, 0xF9, 0x76, 0xB0, 0xFD, 0xF9,
    0x7F, 0xB4, 0xFD, 0xF9, 0x7B, 0xB3, 0xFD, 0xCF, 0x54, 0x92, 0xE5, 0x27, 0x43, 0x86, 0xD2, 0x04,
    0x43, 0x86, 0xD2, 0x04, 0x43, 0x86, 0xD1, 0x02, 0x00, 0x00, 0x00, 0x00, 0x00, 0x00, 0x00, 0x00,
    0x00, 0x00, 0x00, 0x00, 0x00, 0x00, 0x00, 0x00, 0x00, 0x00, 0x00, 0x00, 0x00, 0x00, 0x00, 0x00,
    0x00, 0x00, 0x00, 0x00, 0x00, 0x00, 0x00, 0x00, 0x00, 0x00, 0x00, 0x00, 0x00, 0x00, 0x00, 0x00,
    0x00, 0x00, 0x00, 0x00, 0x00, 0x00, 0x00, 0x00, 0x00, 0x00, 0x00, 0x00, 0x00, 0x00, 0x00, 0x00,
    0x00, 0x00, 0x00, 0x00, 0x00, 0x00, 0x00, 0x00, 0x00, 0x00, 0x00, 0x00, 0x00, 0x00, 0x00, 0x00,
    0x00, 0x00, 0x00, 0x00, 0x00, 0x00, 0x00, 0x00, 0x00, 0x00, 0x00, 0x00, 0x00, 0x00, 0x00, 0x00,
    0x00, 0x00, 0x00, 0x00, 0x00, 0x00, 0x00, 0x00, 0x00, 0x00, 0x00, 0x00, 0x00, 0x00, 0x00, 0x00,
    0x00, 0x00, 0x00, 0x00, 0x00, 0x00, 0x00, 0x00, 0x00, 0x00, 0x00, 0x00, 0x00, 0x00, 0x00, 0x00,
    0x00, 0x00, 0x00, 0x00, 0x00, 0x00, 0x00, 0x00, 0x00, 0x00, 0x00, 0x00, 0x00, 0x00, 0x00, 0x00,
    0x00, 0x00, 0x00, 0x00, 0x00, 0x00, 0x00, 0x00, 0x00, 0x00, 0x00, 0x00, 0x00, 0x00, 0x00, 0x00,
    0x00, 0x00, 0x00, 0x00, 0x00, 0x00, 0x00, 0x00, 0x00, 0x00, 0x00, 0x00, 0x00, 0x00, 0x00, 0x00,
    0x00, 0x00, 0x00, 0x00, 0x00, 0x00, 0x00, 0x00, 0x00, 0x00, 0x00, 0x00, 0x00, 0x00, 0x00, 0x00,
    0x00, 0x00, 0x00, 0x00, 0x00, 0x00, 0x00, 0x00, 0x00, 0x00, 0x00, 0x00, 0x00, 0x00, 0x00, 0x00,
    0x00, 0x00, 0x00, 0x00, 0x00, 0x00, 0x00, 0x00, 0x00, 0x00, 0x00, 0x00, 0x00, 0x00, 0x00, 0x00,
    0x00, 0x00, 0x00, 0x00, 0x00, 0x00, 0x00, 0x00, 0x00, 0x00, 0x00, 0x00, 0x00, 0x00, 0x00, 0x00,
    0x00, 0x00, 0x00, 0x00, 0x00, 0x00, 0x00, 0x00, 0x00, 0x00, 0x00, 0x00, 0x46, 0x89, 0xCD, 0x01,
    0x47, 0x89, 0xCE, 0x01, 0x47, 0x8A, 0xCE, 0x01, 0x47, 0x8A, 0xCE, 0x01, 0x48, 0x8A, 0xCE, 0x02,
    0x49, 0x8B, 0xCD, 0x02, 0x4A, 0x8B, 0xCE, 0x02, 0x4A, 0x8B, 0xCE, 0x02, 0x4B, 0x8C, 0xCE, 0x02,
    0x4D, 0x8E, 0xCE, 0x02, 0x4E, 0x8D, 0xCE, 0x03, 0x4C, 0x8C, 0xCD, 0x04, 0x4C, 0x8C, 0xCD, 0x04,
    0x4B, 0x8A, 0xCD, 0x03, 0x56, 0x91, 0xCD, 0x02, 0x3C, 0x6B, 0xA4, 0x4D, 0x3C, 0x6B, 0xA4, 0x4D,
    0x3C, 0x6E, 0x9F, 0xB8, 0x1B, 0x3F, 0x69, 0xCC, 0x1A, 0x2E, 0x57, 0xEC, 0x4F, 0x62, 0x93, 0xF4,
    0x4F, 0x62, 0x93, 0xF4, 0x9C, 0xCD, 0xF4, 0xF6, 0x83, 0xBE, 0xF6, 0xF9, 0x80, 0xB5, 0xF6, 0xF9,
    0x80, 0xB5, 0xF6, 0xF9, 0x83, 0xB9, 0xF7, 0xFA, 0x86, 0xBE, 0xF8, 0xFA, 0x8C, 0xC2, 0xF8, 0xFA,
    0x8C, 0xC2, 0xF8, 0xFA, 0x93, 0xC5, 0xF9, 0xFA, 0x94, 0xC5, 0xF9, 0xFB, 0x97, 0xC7, 0xFA, 0xFB,
    0x99, 0xCA, 0xFC, 0xFB, 0x99, 0xCA, 0xFC, 0xFB, 0x9C, 0xCE, 0xFD, 0xFA, 0x9B, 0xCC, 0xFD, 0xF9,
    0x9E, 0xD0, 0xFE, 0xF8, 0x9E, 0xD0, 0xFE, 0xF8, 0xA2, 0xD4, 0xFF, 0xF9, 0xA3, 0xD7, 0xFF, 0xF9,
    0x98, 0xCB, 0xFE, 0xFA, 0x8E, 0xC5, 0xFC, 0xF9, 0x8E, 0xC5, 0xFC, 0xF9, 0x92, 0xC8, 0xFC, 0xFD,
    0x9E, 0xD3, 0xFE, 0xFC, 0x8E, 0xBF, 0xF9, 0xF8, 0x8E, 0xBF, 0xF9, 0xF8, 0x7C, 0xB6, 0xF6, 0xF7,
    0x70, 0xAE, 0xF7, 0xFA, 0x6F, 0xAA, 0xFA, 0xFB, 0x6F, 0xAA, 0xFA, 0xFB, 0x70, 0xAB, 0xFA, 0xFA,
    0x70, 0xAC, 0xFC, 0xFA, 0x6F, 0xAD, 0xFD, 0xFA, 0x70, 0xB1, 0xFE, 0xFA, 0x70, 0xB1, 0xFE, 0xFA,
    0x70, 0xAE, 0xFE, 0xFB, 0x73, 0xB2, 0xFE, 0xFA, 0x76, 0xB0, 0xFD, 0xF9, 0x76, 0xB0, 0xFD, 0xF9,
    0x7F, 0xB4, 0xFD, 0xF9, 0x7B, 0xB3, 0xFD, 0xCF, 0x54, 0x92, 0xE5, 0x27, 0x43, 0x86, 0xD2, 0x04,
    0x43, 0x86, 0xD2, 0x04, 0x43, 0x86, 0xD1, 0x02, 0x00, 0x00, 0x00, 0x00, 0x00, 0x00, 0x00, 0x00,
    0x00, 0x00, 0x00, 0x00, 0x00, 0x00, 0x00, 0x00, 0x00, 0x00, 0x00, 0x00, 0x00, 0x00, 0x00, 0x00,
    0x00, 0x00, 0x00, 0x00, 0x00, 0x00, 0x00, 0x00, 0x00, 0x00, 0x00, 0x00, 0x00, 0x00, 0x00, 0x00,
    0x00, 0x00, 0x00, 0x00, 0x00, 0x00, 0x00, 0x00, 0x00, 0x00, 0x00, 0x00, 0x00, 0x00, 0x00, 0x00,
    0x00, 0x00, 0x00, 0x00, 0x00, 0x00, 0x00, 0x00, 0x00, 0x00, 0x00, 0x00, 0x00, 0x00, 0x00, 0x00,
    0x00, 0x00, 0x00, 0x00, 0x00, 0x00, 0x00, 0x00, 0x00, 0x00, 0x00, 0x00, 0x00, 0x00, 0x00, 0x00,
    0x00, 0x00, 0x00, 0x00, 0x00, 0x00, 0x00, 0x00, 0x00, 0x00, 0x00, 0x00, 0x00, 0x00, 0x00, 0x00,
    0x00, 0x00, 0x00, 0x00, 0x00, 0x00, 0x00, 0x00, 0x00, 0x00, 0x00, 0x00, 0x00, 0x00, 0x00, 0x00,
    0x00, 0x00, 0x00, 0x00, 0x00, 0x00, 0x00, 0x00, 0x00, 0x00, 0x00, 0x00, 0x00, 0x00, 0x00, 0x00,
    0x00, 0x00, 0x00, 0x00, 0x00, 0x00, 0x00, 0x00, 0x00, 0x00, 0x00, 0x00, 0x00, 0x00, 0x00, 0x00,
    0x00, 0x00, 0x00, 0x00, 0x00, 0x00, 0x00, 0x00, 0x00, 0x00, 0x00, 0x00, 0x00, 0x00, 0x00, 0x00,
    0x00, 0x00, 0x00, 0x00, 0x00, 0x00, 0x00, 0x00, 0x00, 0x00, 0x00, 0x00, 0x00, 0x00, 0x00, 0x00,
    0x00, 0x00, 0x00, 0x00, 0x00, 0x00, 0x00, 0x00, 0x00, 0x00, 0x00, 0x00, 0x00, 0x00, 0x00, 0x00,
    0x00, 0x00, 0x00, 0x00, 0x00, 0x00, 0x00, 0x00, 0x00, 0x00, 0x00, 0x00, 0x00, 0x00, 0x00, 0x00,
    0x00, 0x00, 0x00, 0x00, 0x00, 0x00, 0x00, 0x00, 0x00, 0x00, 0x00, 0x00, 0x00, 0x00, 0x00, 0x00,
    0x00, 0x00, 0x00, 0x00, 0x46, 0x89, 0xCE, 0x01, 0x46, 0x89, 0xCE, 0x01, 0x46, 0x89, 0xCE, 0x01,
    0x47, 0x8A, 0xCF, 0x01, 0x47, 0x8A, 0xCF, 0x01, 0x47, 0x8A, 0xCF, 0x01, 0x48, 0x8A, 0xCF, 0x02,
    0x48, 0x8B, 0xCE, 0x02, 0x4A, 0x8C, 0xCF, 0x02, 0x4A, 0x8C, 0xCF, 0x02, 0x4B, 0x8A, 0xCE, 0x03,
    0x4C, 0x8D, 0xCF, 0x03, 0x4A, 0x8C, 0xCC, 0x04, 0x4D, 0x8E, 0xCF, 0x02, 0x4D, 0x8E, 0xCF, 0x02,
    0x50, 0x8D, 0xCC, 0x1D, 0x27, 0x4A, 0x7A, 0x7D, 0x08, 0x13, 0x47, 0xD4, 0x08, 0x13, 0x47, 0xD4,
    0x24, 0x41, 0x7B, 0xF3, 0x6B, 0x9A, 0xCA, 0xF0, 0xA4, 0xD5, 0xF6, 0xF3, 0xA2, 0xC5, 0xF7, 0xFB,
    0xA2, 0xC5, 0xF7, 0xFB, 0x90, 0xC1, 0xF9, 0xF9, 0x7A, 0xB3, 0xF6, 0xFA, 0x82, 0xB9, 0xF9, 0xFA,
    0x82, 0xB9, 0xF9, 0xFA, 0x85, 0xBA, 0xF8, 0xFA, 0x88, 0xC0, 0xFA, 0xFA, 0x8B, 0xC2, 0xFA, 0xFB,
    0x8B, 0xC2, 0xFA, 0xFB, 0x8E, 0xC4, 0xFB, 0xFB, 0x91, 0xC6, 0xFC, 0xFB, 0x94, 0xC8, 0xFC, 0xFB,
    0x97, 0xC9, 0xFD, 0xFB, 0x97, 0xC9, 0xFD, 0xFB, 0x99, 0xCC, 0xFE, 0xFB, 0x9B, 0xCD, 0xFE, 0xFB,
    0x9D, 0xCF, 0xFE, 0xFB, 0x9D, 0xCF, 0xFE, 0xFB, 0x9D, 0xCB, 0xFD, 0xFA, 0x9E, 0xCB, 0xFD, 0xFA,
    0x9D, 0xCE, 0xFE, 0xFA, 0x95, 0xCD, 0xFE, 0xF9, 0x95, 0xCD, 0xFE, 0xF9, 0x8E, 0xC1, 0xF9, 0xF9,
    0x8B, 0xBF, 0xFA, 0xF8, 0x81, 0xB9, 0xF9, 0xFA, 0x81, 0xB9, 0xF9, 0xFA, 0x76, 0xAF, 0xF6, 0xFA,
    0x70, 0xAD, 0xF9, 0xFA, 0x72, 0xB0, 0xFC, 0xFA, 0x72, 0xB0, 0xFC, 0xFA, 0x70, 0xAC, 0xFC, 0xFB,
    0x73, 0xB1, 0xFD, 0xFB, 0x6F, 0xA8, 0xFC, 0xFB, 0x70, 0xA9, 0xFC, 0xFB, 0x70, 0xA9, 0xFC, 0xFB,
    0x73, 0xB0, 0xFD, 0xFB, 0x72, 0xAC, 0xFD, 0xFB, 0x70, 0xA6, 0xFB, 0xFA, 0x70, 0xA6, 0xFB, 0xFA,
    0x76, 0xAC, 0xFC, 0xF9, 0x7D, 0xB9, 0xFD, 0xF0, 0x67, 0xA5, 0xF7, 0x61, 0x44, 0x84, 0xD6, 0x02,
    0x44, 0x84, 0xD6, 0x02, 0x44, 0x87, 0xD2, 0x03, 0x42, 0x86, 0xD1, 0x01, 0x00, 0x00, 0x00, 0x00,
    0x00, 0x00, 0x00, 0x00, 0x00, 0x00, 0x00, 0x00, 0x00, 0x00, 0x00, 0x00, 0x00, 0x00, 0x00, 0x00,
    0x00, 0x00, 0x00, 0x00, 0x00, 0x00, 0x00, 0x00, 0x00, 0x00, 0x00, 0x00, 0x00, 0x00, 0x00, 0x00,
    0x00, 0x00, 0x00, 0x00, 0x00, 0x00, 0x00, 0x00, 0x00, 0x00, 0x00, 0x00, 0x00, 0x00, 0x00, 0x00,
    0x00, 0x00, 0x00, 0x00, 0x00, 0x00, 0x00, 0x00, 0x00, 0x00, 0x00, 0x00, 0x00, 0x00, 0x00, 0x00,
    0x00, 0x00, 0x00, 0x00, 0x00, 0x00, 0x00, 0x00, 0x00, 0x00, 0x00, 0x00, 0x00, 0x00, 0x00, 0x00,
    0x00, 0x00, 0x00, 0x00, 0x00, 0x00, 0x00, 0x00, 0x00, 0x00, 0x00, 0x00, 0x00, 0x00, 0x00, 0x00,
    0x00, 0x00, 0x00, 0x00, 0x00, 0x00, 0x00, 0x00, 0x00, 0x00, 0x00, 0x00, 0x00, 0x00, 0x00, 0x00,
    0x00, 0x00, 0x00, 0x00, 0x00, 0x00, 0x00, 0x00, 0x00, 0x00, 0x00, 0x00, 0x00, 0x00, 0x00, 0x00,
    0x00, 0x00, 0x00, 0x00, 0x00, 0x00, 0x00, 0x00, 0x00, 0x00, 0x00, 0x00, 0x00, 0x00, 0x00, 0x00,
    0x00, 0x00, 0x00, 0x00, 0x00, 0x00, 0x00, 0x00, 0x00, 0x00, 0x00, 0x00, 0x00, 0x00, 0x00, 0x00,
    0x00, 0x00, 0x00, 0x00, 0x00, 0x00, 0x00, 0x00, 0x00, 0x00, 0x00, 0x00, 0x00, 0x00, 0x00, 0x00,
    0x00, 0x00, 0x00, 0x00, 0x00, 0x00, 0x00, 0x00, 0x00, 0x00, 0x00, 0x00, 0x00, 0x00, 0x00, 0x00,
    0x00, 0x00, 0x00, 0x00, 0x00, 0x00, 0x00, 0x00, 0x00, 0x00, 0x00, 0x00, 0x00, 0x00, 0x00, 0x00,
    0x00, 0x00, 0x00, 0x00, 0x00, 0x00, 0x00, 0x00, 0x00, 0x00, 0x00, 0x00, 0x00, 0x00, 0x00, 0x00,
    0x00, 0x00, 0x00, 0x00, 0x45, 0x8A, 0xCF, 0x01, 0x45, 0x8A, 0xCF, 0x01, 0x46, 0x8A, 0xD0, 0x01,
    0x47, 0x8B, 0xD0, 0x01, 0x47, 0x8B, 0xD0, 0x01, 0x47, 0x8B, 0xD0, 0x01, 0x48, 0x8B, 0xCF, 0x02,
    0x48, 0x8B, 0xCF, 0x03, 0x4A, 0x8C, 0xD0, 0x02, 0x4A, 0x8C, 0xD0, 0x02, 0x49, 0x8B, 0xCF, 0x04,
    0x49, 0x8D, 0xCF, 0x05, 0x48, 0x8C, 0xCE, 0x05, 0x58, 0x95, 0xD6, 0x17, 0x58, 0x95, 0xD6, 0x17,
    0x35, 0x67, 0x98, 0x89, 0x0C, 0x29, 0x4E, 0xF1, 0x3F, 0x61, 0x9A, 0xEB, 0x3F, 0x61, 0x9A, 0xEB,
    0x56, 0x78, 0xC4, 0xEB, 0x74, 0x9D, 0xDF, 0xF8, 0x9A, 0xC6, 0xF6, 0xF9, 0x86, 0xAA, 0xE7, 0xFA,
    0x86, 0xAA, 0xE7, 0xFA, 0x7F, 0xAB, 0xED, 0xF9, 0x7C, 0xB1, 0xF4, 0xFB, 0x85, 0xBF, 0xFA, 0xFB,
    0x85, 0xBF, 0xFA, 0xFB, 0x87, 0xBE, 0xFA, 0xFB, 0x8A, 0xC1, 0xFB, 0xFB, 0x8B, 0xC2, 0xFB, 0xFB,
    0x8B, 0xC2, 0xFB, 0xFB, 0x8E, 0xC4, 0xFB, 0xFB, 0x92, 0xC9, 0xFD, 0xFB, 0x96, 0xCC, 0xFE, 0xFB,
    0x99, 0xCB, 0xFE, 0xFB, 0x99, 0xCB, 0xFE, 0xFB, 0x98, 0xC9, 0xFE, 0xFA, 0x99, 0xCD, 0xFE, 0xFB,
    0x9B, 0xCF, 0xFE, 0xFB, 0x9B, 0xCF, 0xFE, 0xFB, 0x9A, 0xCC, 0xFE, 0xFB, 0x9E, 0xCE, 0xFE, 0xFB,
    0x9A, 0xCB, 0xFE, 0xFB, 0x93, 0xC9, 0xFE, 0xFA, 0x93, 0xC9, 0xFE, 0xFA, 0x88, 0xBE, 0xFA, 0xFA,
    0x83, 0xBA, 0xFB, 0xFB, 0x7D, 0xB7, 0xFB, 0xFA, 0x7D, 0xB7, 0xFB, 0xFA, 0x77, 0xB3, 0xFA, 0xFA,
    0x73, 0xB0, 0xF9, 0xFB, 0x73, 0xB0, 0xFC, 0xFA, 0x73, 0xB0, 0xFC, 0xFA, 0x73, 0xAD, 0xFC, 0xFA,
    0x6F, 0xAA, 0xFC, 0xFA, 0x72, 0xAC, 0xFD, 0xFB, 0x71, 0xAA, 0xFD, 0xFB, 0x71, 0xAA, 0xFD, 0xFB,
    0x6F, 0xA8, 0xFC, 0xFB, 0x70, 0xA9, 0xFD, 0xFA, 0x6F, 0xAA, 0xFD, 0xFA, 0x6F, 0xAA, 0xFD, 0xFA,
    0x6E, 0xA9, 0xFC, 0xF6, 0x66, 0x9E, 0xF8, 0xEF, 0x5C, 0x99, 0xF5, 0xA2, 0x48, 0x86, 0xDF, 0x20,
    0x48, 0x86, 0xDF, 0x20, 0x44, 0x87, 0xD5, 0x02, 0x42, 0x86, 0xD1, 0x03, 0x00, 0x00, 0x00, 0x00,
    0x00, 0x00, 0x00, 0x00, 0x00, 0x00, 0x00, 0x00, 0x00, 0x00, 0x00, 0x00, 0x00, 0x00, 0x00, 0x00,
    0x00, 0x00, 0x00, 0x00, 0x00, 0x00, 0x00, 0x00, 0x00, 0x00, 0x00, 0x00, 0x00, 0x00, 0x00, 0x00,
    0x00, 0x00, 0x00, 0x00, 0x00, 0x00, 0x00, 0x00, 0x00, 0x00, 0x00, 0x00, 0x00, 0x00, 0x00, 0x00,
    0x00, 0x00, 0x00, 0x00, 0x00, 0x00, 0x00, 0x00, 0x00, 0x00, 0x00, 0x00, 0x00, 0x00, 0x00, 0x00,
    0x00, 0x00, 0x00, 0x00, 0x00, 0x00, 0x00, 0x00, 0x00, 0x00, 0x00, 0x00, 0x00, 0x00, 0x00, 0x00,
    0x00, 0x00, 0x00, 0x00, 0x00, 0x00, 0x00, 0x00, 0x00, 0x00, 0x00, 0x00, 0x00, 0x00, 0x00, 0x00,
    0x00, 0x00, 0x00, 0x00, 0x00, 0x00, 0x00, 0x00, 0x00, 0x00, 0x00, 0x00, 0x00, 0x00, 0x00, 0x00,
    0x00, 0x00, 0x00, 0x00, 0x00, 0x00, 0x00, 0x00, 0x00, 0x00, 0x00, 0x00, 0x00, 0x00, 0x00, 0x00,
    0x00, 0x00, 0x00, 0x00, 0x00, 0x00, 0x00, 0x00, 0x00, 0x00, 0x00, 0x00, 0x00, 0x00, 0x00, 0x00,
    0x00, 0x00, 0x00, 0x00, 0x00, 0x00, 0x00, 0x00, 0x00, 0x00, 0x00, 0x00, 0x00, 0x00, 0x00, 0x00,
    0x00, 0x00, 0x00, 0x00, 0x00, 0x00, 0x00, 0x00, 0x00, 0x00, 0x00, 0x00, 0x00, 0x00, 0x00, 0x00,
    0x00, 0x00, 0x00, 0x00, 0x00, 0x00, 0x00, 0x00, 0x00, 0x00, 0x00, 0x00, 0x00, 0x00, 0x00, 0x00,
    0x00, 0x00, 0x00, 0x00, 0x00, 0x00, 0x00, 0x00, 0x00, 0x00, 0x00, 0x00, 0x00, 0x00, 0x00, 0x00,
    0x00, 0x00, 0x00, 0x00, 0x00, 0x00, 0x00, 0x00, 0x00, 0x00, 0x00, 0x00, 0x00, 0x00, 0x00, 0x00,
    0x00, 0x00, 0x00, 0x00, 0x46, 0x8B, 0xD1, 0x01, 0x46, 0x8B, 0xD1, 0x01, 0x47, 0x8B, 0xD1, 0x01,
    0x47, 0x8B, 0xD1, 0x01, 0x47, 0x8A, 0xD0, 0x01, 0x47, 0x8A, 0xD0, 0x01, 0x49, 0x8B, 0xD0, 0x02,
    0x49, 0x8B, 0xD0, 0x03, 0x48, 0x8C, 0xD0, 0x04, 0x48, 0x8C, 0xD0, 0x04, 0x46, 0x8B, 0xCE, 0x05,
    0x47, 0x8C, 0xCE, 0x06, 0x4D, 0x8B, 0xCB, 0x4F, 0x2C, 0x58, 0x99, 0xB2, 0x2C, 0x58, 0x99, 0xB2,
    0x0F, 0x25, 0x67, 0xE1, 0x63, 0x8B, 0xC0, 0xF4, 0xB7, 0xEC, 0xFC, 0xF6, 0xB7, 0xEC, 0xFC, 0xF6,
    0x7F, 0xAB, 0xF0, 0xF7, 0x7C, 0x9F, 0xE3, 0xFA, 0x9B, 0xC8, 0xFA, 0xF9, 0x94, 0xC3, 0xF9, 0xFA,
    0x94, 0xC3, 0xF9, 0xFA, 0x7B, 0xB0, 0xF4, 0xFB, 0x7D, 0xAD, 0xF3, 0xFB, 0x85, 0xB8, 0xF9, 0xFB,
    0x85, 0xB8, 0xF9, 0xFB, 0x87, 0xBB, 0xFA, 0xFB, 0x8A, 0xBF, 0xFB, 0xFB, 0x8C, 0xC2, 0xFB, 0xFB,
    0x8C, 0xC2, 0xFB, 0xFB, 0x91, 0xC6, 0xFC, 0xFB, 0x93, 0xC6, 0xFC, 0xFB, 0x96, 0xC8, 0xFD, 0xFB,
    0x97, 0xCA, 0xFD, 0xFB, 0x97, 0xCA, 0xFD, 0xFB, 0x9A, 0xCF, 0xFE, 0xFB, 0x96, 0xC8, 0xFD, 0xFB,
    0x93, 0xC5, 0xFD, 0xFB, 0x93, 0xC5, 0xFD, 0xFB, 0x97, 0xCB, 0xFE, 0xFB, 0x9A, 0xCD, 0xFE, 0xFC,
    0x94, 0xC4, 0xFD, 0xFB, 0x8B, 0xBF, 0xFC, 0xFB, 0x8B, 0xBF, 0xFC, 0xFB, 0x82, 0xBC, 0xFB, 0xFB,
    0x80, 0xB7, 0xFB, 0xFB, 0x7A, 0xB0, 0xFA, 0xFB, 0x7A, 0xB0, 0xFA, 0xFB, 0x78, 0xB5, 0xFC, 0xFA,
    0x73, 0xAE, 0xF9, 0xFA, 0x73, 0xA9, 0xFA, 0xFB, 0x73, 0xA9, 0xFA, 0xFB, 0x71, 0xA8, 0xFC, 0xFA,
    0x70, 0xAA, 0xFD, 0xFA, 0x6B, 0xA3, 0xFC, 0xFC, 0x6B, 0xA3, 0xFB, 0xFB, 0x6B, 0xA3, 0xFB, 0xFB,
    0x69, 0xA1, 0xF9, 0xFB, 0x68, 0xA0, 0xFA, 0xFA, 0x64, 0x9D, 0xF9, 0xFA, 0x64, 0x9D, 0xF9, 0xFA,
    0x5D, 0x98, 0xF9, 0xF9, 0x52, 0x8B, 0xF1, 0xF2, 0x49, 0x83, 0xEB, 0xBF, 0x42, 0x80, 0xE3, 0x37,
    0x42, 0x80, 0xE3, 0x37, 0x42, 0x84, 0xDA, 0x02, 0x3F, 0x83, 0xD2, 0x06, 0x3F, 0x85, 0xD1, 0x02,
    0x3F, 0x85, 0xD1, 0x02, 0x3E, 0x85, 0xD1, 0x01, 0x00, 0x00, 0x00, 0x00, 0x40, 0x85, 0xD0, 0x01,
    0x40, 0x85, 0xD0, 0x01, 0x00, 0x00, 0x00, 0x00, 0x00, 0x00, 0x00, 0x00, 0x41, 0x86, 0xD0, 0x01,
    0x00, 0x00, 0x00, 0x00, 0x00, 0x00, 0x00, 0x00, 0x40, 0x85, 0xD0, 0x01, 0x00, 0x00, 0x00, 0x00,
    0x00, 0x00, 0x00, 0x00, 0x00, 0x00, 0x00, 0x00, 0x00, 0x00, 0x00, 0x00, 0x00, 0x00, 0x00, 0x00,
    0x00, 0x00, 0x00, 0x00, 0x00, 0x00, 0x00, 0x00, 0x00, 0x00, 0x00, 0x00, 0x00, 0x00, 0x00, 0x00,
    0x00, 0x00, 0x00, 0x00, 0x00, 0x00, 0x00, 0x00, 0x00, 0x00, 0x00, 0x00, 0x00, 0x00, 0x00, 0x00,
    0x00, 0x00, 0x00, 0x00, 0x00, 0x00, 0x00, 0x00, 0x00, 0x00, 0x00, 0x00, 0x00, 0x00, 0x00, 0x00,
    0x00, 0x00, 0x00, 0x00, 0x00, 0x00, 0x00, 0x00, 0x00, 0x00, 0x00, 0x00, 0x00, 0x00, 0x00, 0x00,
    0x00, 0x00, 0x00, 0x00, 0x00, 0x00, 0x00, 0x00, 0x00, 0x00, 0x00, 0x00, 0x00, 0x00, 0x00, 0x00,
    0x00, 0x00, 0x00, 0x00, 0x00, 0x00, 0x00, 0x00, 0x00, 0x00, 0x00, 0x00, 0x00, 0x00, 0x00, 0x00,
    0x00, 0x00, 0x00, 0x00, 0x00, 0x00, 0x00, 0x00, 0x00, 0x00, 0x00, 0x00, 0x00, 0x00, 0x00, 0x00,
    0x00, 0x00, 0x00, 0x00, 0x00, 0x00, 0x00, 0x00, 0x00, 0x00, 0x00, 0x00, 0x00, 0x00, 0x00, 0x00,
    0x00, 0x00, 0x00, 0x00, 0x00, 0x00, 0x00, 0x00, 0x00, 0x00, 0x00, 0x00, 0x00, 0x00, 0x00, 0x00,
    0x00, 0x00, 0x00, 0x00, 0x00, 0x00, 0x00, 0x00, 0x00, 0x00, 0x00, 0x00, 0x00, 0x00, 0x00, 0x00,
    0x00, 0x00, 0x00, 0x00, 0x46, 0x8B, 0xD1, 0x01, 0x46, 0x8B, 0xD1, 0x01, 0x47, 0x8B, 0xD1, 0x01,
    0x47, 0x8B, 0xD1, 0x01, 0x47, 0x8A, 0xD0, 0x01, 0x47, 0x8A, 0xD0, 0x01, 0x49, 0x8B, 0xD0, 0x02,
    0x49, 0x8B, 0xD0, 0x03, 0x48, 0x8C, 0xD0, 0x04, 0x48, 0x8C, 0xD0, 0x04, 0x46, 0x8B, 0xCE, 0x05,
    0x47, 0x8C, 0xCE, 0x06, 0x4D, 0x8B, 0xCB, 0x4F, 0x2C, 0x58, 0x99, 0xB2, 0x2C, 0x58, 0x99, 0xB2,
    0x0F, 0x25, 0x67, 0xE1, 0x63, 0x8B, 0xC0, 0xF4, 0xB7, 0xEC, 0xFC, 0xF6, 0xB7, 0xEC, 0xFC, 0xF6,
    0x7F, 0xAB, 0xF0, 0xF7, 0x7C, 0x9F, 0xE3, 0xFA, 0x9B, 0xC8, 0xFA, 0xF9, 0x94, 0xC3, 0xF9, 0xFA,
    0x94, 0xC3, 0xF9, 0xFA, 0x7B, 0xB0, 0xF4, 0xFB, 0x7D, 0xAD, 0xF3, 0xFB, 0x85, 0xB8, 0xF9, 0xFB,
    0x85, 0xB8, 0xF9, 0xFB, 0x87, 0xBB, 0xFA, 0xFB, 0x8A, 0xBF, 0xFB, 0xFB, 0x8C, 0xC2, 0xFB, 0xFB,
    0x8C, 0xC2, 0xFB, 0xFB, 0x91, 0xC6, 0xFC, 0xFB, 0x93, 0xC6, 0xFC, 0xFB, 0x96, 0xC8, 0xFD, 0xFB,
    0x97, 0xCA, 0xFD, 0xFB, 0x97, 0xCA, 0xFD, 0xFB, 0x9A, 0xCF, 0xFE, 0xFB, 0x96, 0xC8, 0xFD, 0xFB,
    0x93, 0xC5, 0xFD, 0xFB, 0x93, 0xC5, 0xFD, 0xFB, 0x97, 0xCB, 0xFE, 0xFB, 0x9A, 0xCD, 0xFE, 0xFC,
    0x94, 0xC4, 0xFD, 0xFB, 0x8B, 0xBF, 0xFC, 0xFB, 0x8B, 0xBF, 0xFC, 0xFB, 0x82, 0xBC, 0xFB, 0xFB,
    0x80, 0xB7, 0xFB, 0xFB, 0x7A, 0xB0, 0xFA, 0xFB, 0x7A, 0xB0, 0xFA, 0xFB, 0x78, 0xB5, 0xFC, 0xFA,
    0x73, 0xAE, 0xF9, 0xFA, 0x73, 0xA9, 0xFA, 0xFB, 0x73, 0xA9, 0xFA, 0xFB, 0x71, 0xA8, 0xFC, 0xFA,
    0x70, 0xAA, 0xFD, 0xFA, 0x6B, 0xA3, 0xFC, 0xFC, 0x6B, 0xA3, 0xFB, 0xFB, 0x6B, 0xA3, 0xFB, 0xFB,
    0x69, 0xA1, 0xF9, 0xFB, 0x68, 0xA0, 0xFA, 0xFA, 0x64, 0x9D, 0xF9, 0xFA, 0x64, 0x9D, 0xF9, 0xFA,
    0x5D, 0x98, 0xF9, 0xF9, 0x52, 0x8B, 0xF1, 0xF2, 0x49, 0x83, 0xEB, 0xBF, 0x42, 0x80, 0xE3, 0x37,
    0x42, 0x80, 0xE3, 0x37, 0x42, 0x84, 0xDA, 0x02, 0x3F, 0x83, 0xD2, 0x06, 0x3F, 0x85, 0xD1, 0x02,
    0x3F, 0x85, 0xD1, 0x02, 0x3E, 0x85, 0xD1, 0x01, 0x00, 0x00, 0x00, 0x00, 0x40, 0x85, 0xD0, 0x01,
    0x40, 0x85, 0xD0, 0x01, 0x00, 0x00, 0x00, 0x00, 0x00, 0x00, 0x00, 0x00, 0x41, 0x86, 0xD0, 0x01,
    0x00, 0x00, 0x00, 0x00, 0x00, 0x00, 0x00, 0x00, 0x40, 0x85, 0xD0, 0x01, 0x00, 0x00, 0x00, 0x00,
    0x00, 0x00, 0x00, 0x00, 0x00, 0x00, 0x00, 0x00, 0x00, 0x00, 0x00, 0x00, 0x00, 0x00, 0x00, 0x00,
    0x00, 0x00, 0x00, 0x00, 0x00, 0x00, 0x00, 0x00, 0x00, 0x00, 0x00, 0x00, 0x00, 0x00, 0x00, 0x00,
    0x00, 0x00, 0x00, 0x00, 0x00, 0x00, 0x00, 0x00, 0x00, 0x00, 0x00, 0x00, 0x00, 0x00, 0x00, 0x00,
    0x00, 0x00, 0x00, 0x00, 0x00, 0x00, 0x00, 0x00, 0x00, 0x00, 0x00, 0x00, 0x00, 0x00, 0x00, 0x00,
    0x00, 0x00, 0x00, 0x00, 0x00, 0x00, 0x00, 0x00, 0x00, 0x00, 0x00, 0x00, 0x00, 0x00, 0x00, 0x00,
    0x00, 0x00, 0x00, 0x00, 0x00, 0x00, 0x00, 0x00, 0x00, 0x00, 0x00, 0x00, 0x00, 0x00, 0x00, 0x00,
    0x00, 0x00, 0x00, 0x00, 0x00, 0x00, 0x00, 0x00, 0x00, 0x00, 0x00, 0x00, 0x00, 0x00, 0x00, 0x00,
    0x00, 0x00, 0x00, 0x00, 0x00, 0x00, 0x00, 0x00, 0x00, 0x00, 0x00, 0x00, 0x00, 0x00, 0x00, 0x00,
    0x00, 0x00, 0x00, 0x00, 0x00, 0x00, 0x00, 0x00, 0x00, 0x00, 0x00, 0x00, 0x00, 0x00, 0x00, 0x00,
    0x00, 0x00, 0x00, 0x00, 0x00, 0x00, 0x00, 0x00, 0x00, 0x00, 0x00, 0x00, 0x00, 0x00, 0x00, 0x00,
    0x00, 0x00, 0x00, 0x00, 0x00, 0x00, 0x00, 0x00, 0x00, 0x00, 0x00, 0x00, 0x00, 0x00, 0x00, 0x00,
    0x00, 0x00, 0x00, 0x00, 0x47, 0x8C, 0xD3, 0x01, 0x47, 0x8C, 0xD3, 0x01, 0x47, 0x8B, 0xD2, 0x01,
    0x47, 0x8B, 0xD1, 0x01, 0x47, 0x8A, 0xD1, 0x01, 0x47, 0x8A, 0xD1, 0x01, 0x48, 0x8B, 0xD2, 0x01,
    0x49, 0x8D, 0xD2, 0x03, 0x46, 0x8D, 0xD1, 0x03, 0x46, 0x8D, 0xD1, 0x03, 0x44, 0x87, 0xCF, 0x0D,
    0x49, 0x87, 0xCB, 0x3F, 0x22, 0x51, 0x94, 0xBF, 0x4A, 0x7C, 0xB2, 0xE9, 0x4A, 0x7C, 0xB2, 0xE9,
    0x78, 0x9E, 0xD5, 0xF5, 0x91, 0xB1, 0xEB, 0xF5, 0x7E, 0xA0, 0xDE, 0xF8, 0x7E, 0xA0, 0xDE, 0xF8,
    0x6B, 0x90, 0xD6, 0xF9, 0x99, 0xC8, 0xF9, 0xF9, 0x7C, 0xA4, 0xE6, 0xFA, 0x66, 0x97, 0xE2, 0xFB,
    0x66, 0x97, 0xE2, 0xFB, 0x83, 0xBB, 0xF8, 0xFB, 0x85, 0xBA, 0xF8, 0xFB, 0x87, 0xB9, 0xF9, 0xFB,
    0x87, 0xB9, 0xF9, 0xFB, 0x88, 0xBD, 0xFA, 0xFB, 0x8B, 0xC1, 0xFC, 0xFB, 0x8C, 0xC3, 0xFB, 0xFB,
    0x8C, 0xC3, 0xFB, 0xFB, 0x8F, 0xC6, 0xFC, 0xFB, 0x92, 0xC4, 0xFB, 0xFB, 0x94, 0xC7, 0xFC, 0xFB,
    0x91, 0xC5, 0xFC, 0xFB, 0x91, 0xC5, 0xFC, 0xFB, 0x94, 0xC9, 0xFD, 0xFB, 0x90, 0xC6, 0xFD, 0xFB,
    0x92, 0xC7, 0xFD, 0xFB, 0x92, 0xC7, 0xFD, 0xFB, 0x98, 0xCC, 0xFE, 0xFB, 0x9A, 0xD0, 0xFE, 0xFB,
    0x94, 0xC8, 0xFE, 0xFB, 0x8C, 0xC1, 0xFD, 0xFB, 0x8C, 0xC1, 0xFD, 0xFB, 0x89, 0xC4, 0xFD, 0xFB,
    0x82, 0xB9, 0xFC, 0xFB, 0x7E, 0xB7, 0xFC, 0xFB, 0x7E, 0xB7, 0xFC, 0xFB, 0x78, 0xB4, 0xFD, 0xFB,
    0x73, 0xAD, 0xFB, 0xFA, 0x71, 0xA9, 0xFC, 0xFA, 0x71, 0xA9, 0xFC, 0xFA, 0x6D, 0xA6, 0xFD, 0xFB,
    0x6C, 0xAB, 0xFD, 0xF9, 0x67, 0xA4, 0xFC, 0xFA, 0x62, 0x9A, 0xF8, 0xFB, 0x62, 0x9A, 0xF8, 0xFB,
    0x65, 0xA1, 0xFA, 0xFB, 0x66, 0xA2, 0xFB, 0xFA, 0x5B, 0x92, 0xF3, 0xF9, 0x5B, 0x92, 0xF3, 0xF9,
    0x51, 0x8A, 0xF2, 0xF7, 0x47, 0x80, 0xEB, 0xEC, 0x44, 0x81, 0xEC, 0xBA, 0x40, 0x83, 0xE8, 0x58,
    0x40, 0x83, 0xE8, 0x58, 0x41, 0x87, 0xE1, 0x2C, 0x42, 0x8A, 0xDC, 0x01, 0x3D, 0x85, 0xD4, 0x03,
    0x3D, 0x85, 0xD4, 0x03, 0x3D, 0x85, 0xD2, 0x01, 0x00, 0x00, 0x00, 0x00, 0x00, 0x00, 0x00, 0x00,
    0x00, 0x00, 0x00, 0x00, 0x00, 0x00, 0x00, 0x00, 0x00, 0x00, 0x00, 0x00, 0x00, 0x00, 0x00, 0x00,
    0x00, 0x00, 0x00, 0x00, 0x00, 0x00, 0x00, 0x00, 0x00, 0x00, 0x00, 0x00, 0x00, 0x00, 0x00, 0x00,
    0x00, 0x00, 0x00, 0x00, 0x00, 0x00, 0x00, 0x00, 0x00, 0x00, 0x00, 0x00, 0x00, 0x00, 0x00, 0x00,
    0x00, 0x00, 0x00, 0x00, 0x00, 0x00, 0x00, 0x00, 0x00, 0x00, 0x00, 0x00, 0x00, 0x00, 0x00, 0x00,
    0x00, 0x00, 0x00, 0x00, 0x00, 0x00, 0x00, 0x00, 0x00, 0x00, 0x00, 0x00, 0x00, 0x00, 0x00, 0x00,
    0x00, 0x00, 0x00, 0x00, 0x00, 0x00, 0x00, 0x00, 0x00, 0x00, 0x00, 0x00, 0x00, 0x00, 0x00, 0x00,
    0x00, 0x00, 0x00, 0x00, 0x00, 0x00, 0x00, 0x00, 0x00, 0x00, 0x00, 0x00, 0x00, 0x00, 0x00, 0x00,
    0x00, 0x00, 0x00, 0x00, 0x00, 0x00, 0x00, 0x00, 0x00, 0x00, 0x00, 0x00, 0x00, 0x00, 0x00, 0x00,
    0x00, 0x00, 0x00, 0x00, 0x00, 0x00, 0x00, 0x00, 0x00, 0x00, 0x00, 0x00, 0x00, 0x00, 0x00, 0x00,
    0x00, 0x00, 0x00, 0x00, 0x00, 0x00, 0x00, 0x00, 0x00, 0x00, 0x00, 0x00, 0x00, 0x00, 0x00, 0x00,
    0x00, 0x00, 0x00, 0x00, 0x00, 0x00, 0x00, 0x00, 0x00, 0x00, 0x00, 0x00, 0x00, 0x00, 0x00, 0x00,
    0x00, 0x00, 0x00, 0x00, 0x00, 0x00, 0x00, 0x00, 0x00, 0x00, 0x00, 0x00, 0x00, 0x00, 0x00, 0x00,
    0x00, 0x00, 0x00, 0x00, 0x00, 0x00, 0x00, 0x00, 0x00, 0x00, 0x00, 0x00, 0x00, 0x00, 0x00, 0x00,
    0x00, 0x00, 0x00, 0x00, 0x47, 0x8B, 0xD3, 0x01, 0x47, 0x8B, 0xD3, 0x01, 0x47, 0x8B, 0xD3, 0x01,
    0x48, 0x8B, 0xD3, 0x01, 0x48, 0x8C, 0xD3, 0x01, 0x48, 0x8C, 0xD3, 0x01, 0x48, 0x8B, 0xD3, 0x02,
    0x47, 0x8C, 0xD1, 0x07, 0x45, 0x8C, 0xD2, 0x09, 0x45, 0x8C, 0xD2, 0x09, 0x4D, 0x8E, 0xD4, 0x65,
    0x23, 0x5C, 0x9D, 0xA7, 0x49, 0x79, 0xB8, 0xE3, 0xB3, 0xDD, 0xFA, 0xF2, 0xB3, 0xDD, 0xFA, 0xF2,
    0xBA, 0xE3, 0xFC, 0xF9, 0x89, 0xB2, 0xEC, 0xF8, 0x83, 0xAA, 0xE9, 0xFA, 0x83, 0xAA, 0xE9, 0xFA,
    0xA9, 0xDB, 0xFB, 0xFA, 0x6C, 0x93, 0xDA, 0xFB, 0x28, 0x40, 0x9A, 0xFA, 0x77, 0x9B, 0xE4, 0xFB,
    0x77, 0x9B, 0xE4, 0xFB, 0x8F, 0xC3, 0xFA, 0xFB, 0x85, 0xB7, 0xF7, 0xFB, 0x8A, 0xBC, 0xFA, 0xFB,
    0x8A, 0xBC, 0xFA, 0xFB, 0x88, 0xBB, 0xF9, 0xFB, 0x8C, 0xC0, 0xFA, 0xFB, 0x8F, 0xC3, 0xFB, 0xFB,
    0x8F, 0xC3, 0xFB, 0xFB, 0x90, 0xC8, 0xFD, 0xFB, 0x94, 0xC7, 0xFD, 0xFB, 0x99, 0xD1, 0xFE, 0xFB,
    0x99, 0xD2, 0xFE, 0xFB, 0x99, 0xD2, 0xFE, 0xFB, 0x94, 0xC6, 0xFC, 0xFB, 0x8F, 0xC2, 0xFB, 0xFB,
    0x99, 0xCE, 0xFE, 0xFC, 0x99, 0xCE, 0xFE, 0xFC, 0x9A, 0xC9, 0xFE, 0xFC, 0x99, 0xC8, 0xFE, 0xFB,
    0x95, 0xC7, 0xFE, 0xFC, 0x92, 0xC7, 0xFE, 0xFB, 0x92, 0xC7, 0xFE, 0xFB, 0x8B, 0xC0, 0xFD, 0xFB,
    0x8A, 0xBE, 0xFE, 0xFB, 0x80, 0xB6, 0xFC, 0xFB, 0x80, 0xB6, 0xFC, 0xFB, 0x78, 0xB0, 0xFB, 0xFB,
    0x71, 0xAB, 0xFB, 0xFB, 0x6E, 0xA8, 0xFD, 0xFA, 0x6E, 0xA8, 0xFD, 0xFA, 0x69, 0xA2, 0xFC, 0xFA,
    0x59, 0x93, 0xF4, 0xFA, 0x52, 0x8B, 0xF0, 0xF9, 0x5C, 0x93, 0xF6, 0xFB, 0x5C, 0x93, 0xF6, 0xFB,
    0x5E, 0x96, 0xF6, 0xFB, 0x5B, 0x93, 0xF5, 0xFA, 0x55, 0x8E, 0xF3, 0xFB, 0x55, 0x8E, 0xF3, 0xFB,
    0x51, 0x8D, 0xF7, 0xF8, 0x45, 0x80, 0xEF, 0xEC, 0x45, 0x86, 0xEE, 0xDE, 0x42, 0x7F, 0xDF, 0xB9,
    0x42, 0x7F, 0xDF, 0xB9, 0x34, 0x65, 0xB1, 0xA1, 0x31, 0x62, 0xA1, 0x30, 0x43, 0x85, 0xCC, 0x01,
    0x43, 0x85, 0xCC, 0x01, 0x40, 0x87, 0xD2, 0x02, 0x3E, 0x85, 0xD0, 0x01, 0x00, 0x00, 0x00, 0x00,
    0x00, 0x00, 0x00, 0x00, 0x40, 0x86, 0xD1, 0x01, 0x40, 0x85, 0xD1, 0x01, 0x00, 0x00, 0x00, 0x00,
    0x40, 0x85, 0xD0, 0x01, 0x40, 0x85, 0xD0, 0x01, 0x00, 0x00, 0x00, 0x00, 0x00, 0x00, 0x00, 0x00,
    0x00, 0x00, 0x00, 0x00, 0x00, 0x00, 0x00, 0x00, 0x00, 0x00, 0x00, 0x00, 0x00, 0x00, 0x00, 0x00,
    0x00, 0x00, 0x00, 0x00, 0x00, 0x00, 0x00, 0x00, 0x00, 0x00, 0x00, 0x00, 0x00, 0x00, 0x00, 0x00,
    0x00, 0x00, 0x00, 0x00, 0x00, 0x00, 0x00, 0x00, 0x00, 0x00, 0x00, 0x00, 0x00, 0x00, 0x00, 0x00,
    0x00, 0x00, 0x00, 0x00, 0x00, 0x00, 0x00, 0x00, 0x00, 0x00, 0x00, 0x00, 0x00, 0x00, 0x00, 0x00,
    0x00, 0x00, 0x00, 0x00, 0x00, 0x00, 0x00, 0x00, 0x00, 0x00, 0x00, 0x00, 0x00, 0x00, 0x00, 0x00,
    0x00, 0x00, 0x00, 0x00, 0x00, 0x00, 0x00, 0x00, 0x00, 0x00, 0x00, 0x00, 0x00, 0x00, 0x00, 0x00,
    0x00, 0x00, 0x00, 0x00, 0x00, 0x00, 0x00, 0x00, 0x00, 0x00, 0x00, 0x00, 0x00, 0x00, 0x00, 0x00,
    0x00, 0x00, 0x00, 0x00, 0x00, 0x00, 0x00, 0x00, 0x00, 0x00, 0x00, 0x00, 0x00, 0x00, 0x00, 0x00,
    0x00, 0x00, 0x00, 0x00, 0x00, 0x00, 0x00, 0x00, 0x00, 0x00, 0x00, 0x00, 0x00, 0x00, 0x00, 0x00,
    0x00, 0x00, 0x00, 0x00, 0x00, 0x00, 0x00, 0x00, 0x00, 0x00, 0x00, 0x00, 0x00, 0x00, 0x00, 0x00,
    0x00, 0x00, 0x00, 0x00, 0x00, 0x00, 0x00, 0x00, 0x00, 0x00, 0x00, 0x00, 0x00, 0x00, 0x00, 0x00,
    0x00, 0x00, 0x00, 0x00, 0x49, 0x8C, 0xD4, 0x01, 0x49, 0x8C, 0xD4, 0x01, 0x48, 0x8C, 0xD4, 0x01,
    0x00, 0x00, 0x00, 0x00, 0x49, 0x8D, 0xD5, 0x01, 0x49, 0x8D, 0xD5, 0x01, 0x49, 0x8E, 0xD5, 0x02,
    0x45, 0x8A, 0xD1, 0x08, 0x55, 0x9A, 0xDD, 0x20, 0x55, 0x9A, 0xDD, 0x20, 0x30, 0x6A, 0xAB, 0xAB,
    0x22, 0x4F, 0x94, 0xE8, 0xB4, 0xE6, 0xFA, 0xF9, 0xA8, 0xD1, 0xF6, 0xF6, 0xA8, 0xD1, 0xF6, 0xF6,
    0x5D, 0x78, 0xBE, 0xF9, 0x6B, 0x9B, 0xDB, 0xF9, 0x64, 0x8C, 0xD9, 0xFA, 0x64, 0x8C, 0xD9, 0xFA,
    0x4F, 0x73, 0xC3, 0xFA, 0x2A, 0x57, 0xAB, 0xFA, 0x67, 0x8C, 0xD9, 0xFB, 0x9E, 0xC3, 0xFA, 0xFB,
    0x9E, 0xC3, 0xFA, 0xFB, 0x92, 0xC0, 0xF9, 0xFB, 0x8C, 0xBB, 0xF7, 0xFB, 0x8F, 0xBF, 0xFA, 0xFB,
    0x8F, 0xBF, 0xFA, 0xFB, 0x8E, 0xBF, 0xF9, 0xFB, 0x8D, 0xBD, 0xFA, 0xFB, 0x94, 0xC4, 0xFC, 0xFB,
    0x94, 0xC4, 0xFC, 0xFB, 0x9E, 0xD0, 0xFC, 0xFB, 0x96, 0xC5, 0xF9, 0xFB, 0x8E, 0xBF, 0xF1, 0xFB,
    0x82, 0xAF, 0xE2, 0xFB, 0x82, 0xAF, 0xE2, 0xFB, 0xA7, 0xD0, 0xF9, 0xFB, 0xA5, 0xD1, 0xFB, 0xFB,
    0x9B, 0xCC, 0xFC, 0xFB, 0x9B, 0xCC, 0xFC, 0xFB, 0x9A, 0xCA, 0xFE, 0xFC, 0x9B, 0xCF, 0xFF, 0xFB,
    0x95, 0xC6, 0xFF, 0xFC, 0x92, 0xC8, 0xFF, 0xFB, 0x92, 0xC8, 0xFF, 0xFB, 0x90, 0xC6, 0xFF, 0xFC,
    0x8D, 0xC2, 0xFF, 0xFB, 0x82, 0xB7, 0xFD, 0xFB, 0x82, 0xB7, 0xFD, 0xFB, 0x79, 0xB1, 0xFC, 0xFA,
    0x71, 0xAC, 0xFC, 0xFB, 0x6E, 0xAA, 0xFE, 0xFB, 0x6E, 0xAA, 0xFE, 0xFB, 0x5E, 0x98, 0xFA, 0xFB,
    0x48, 0x7F, 0xE3, 0xF8, 0x43, 0x7A, 0xDF, 0xF9, 0x58, 0x92, 0xF8, 0xF9, 0x58, 0x92, 0xF8, 0xF9,
    0x55, 0x8E, 0xF5, 0xF9, 0x53, 0x8C, 0xF2, 0xF8, 0x49, 0x83, 0xE5, 0xFA, 0x49, 0x83, 0xE5, 0xFA,
    0x46, 0x7E, 0xDE, 0xF3, 0x3F, 0x74, 0xD1, 0xDB, 0x38, 0x6F, 0xC4, 0xE1, 0x1F, 0x46, 0x8E, 0xC9,
    0x1F, 0x46, 0x8E, 0xC9, 0x0F, 0x2B, 0x63, 0xCC, 0x13, 0x33, 0x69, 0x6F, 0x3F, 0x7D, 0xBF, 0x01,
    0x3F, 0x7D, 0xBF, 0x01, 0x42, 0x88, 0xD3, 0x02, 0x00, 0x00, 0x00, 0x00, 0x00, 0x00, 0x00, 0x00,
    0x00, 0x00, 0x00, 0x00, 0x00, 0x00, 0x00, 0x00, 0x3F, 0x85, 0xD0, 0x01, 0x00, 0x00, 0x00, 0x00,
    0x00, 0x00, 0x00, 0x00, 0x00, 0x00, 0x00, 0x00, 0x00, 0x00, 0x00, 0x00, 0x00, 0x00, 0x00, 0x00,
    0x00, 0x00, 0x00, 0x00, 0x00, 0x00, 0x00, 0x00, 0x00, 0x00, 0x00, 0x00, 0x00, 0x00, 0x00, 0x00,
    0x00, 0x00, 0x00, 0x00, 0x00, 0x00, 0x00, 0x00, 0x00, 0x00, 0x00, 0x00, 0x00, 0x00, 0x00, 0x00,
    0x00, 0x00, 0x00, 0x00, 0x00, 0x00, 0x00, 0x00, 0x00, 0x00, 0x00, 0x00, 0x00, 0x00, 0x00, 0x00,
    0x00, 0x00, 0x00, 0x00, 0x00, 0x00, 0x00, 0x00, 0x00, 0x00, 0x00, 0x00, 0x00, 0x00, 0x00, 0x00,
    0x00, 0x00, 0x00, 0x00, 0x00, 0x00, 0x00, 0x00, 0x00, 0x00, 0x00, 0x00, 0x00, 0x00, 0x00, 0x00,
    0x00, 0x00, 0x00, 0x00, 0x00, 0x00, 0x00, 0x00, 0x00, 0x00, 0x00, 0x00, 0x00, 0x00, 0x00, 0x00,
    0x00, 0x00, 0x00, 0x00, 0x00, 0x00, 0x00, 0x00, 0x00, 0x00, 0x00, 0x00, 0x00, 0x00, 0x00, 0x00,
    0x00, 0x00, 0x00, 0x00, 0x00, 0x00, 0x00, 0x00, 0x00, 0x00, 0x00, 0x00, 0x00, 0x00, 0x00, 0x00,
    0x00, 0x00, 0x00, 0x00, 0x00, 0x00, 0x00, 0x00, 0x00, 0x00, 0x00, 0x00, 0x00, 0x00, 0x00, 0x00,
    0x00, 0x00, 0x00, 0x00, 0x00, 0x00, 0x00, 0x00, 0x00, 0x00, 0x00, 0x00, 0x00, 0x00, 0x00, 0x00,
    0x00, 0x00, 0x00, 0x00, 0x00, 0x00, 0x00, 0x00, 0x00, 0x00, 0x00, 0x00, 0x00, 0x00, 0x00, 0x00,
    0x00, 0x00, 0x00, 0x00, 0x4A, 0x8E, 0xD5, 0x01, 0x4A, 0x8E, 0xD5, 0x01, 0x49, 0x8D, 0xD5, 0x01,
    0x48, 0x8C, 0xD5, 0x01, 0x49, 0x8D, 0xD5, 0x03, 0x49, 0x8D, 0xD5, 0x03, 0x46, 0x8C, 0xD3, 0x03,
    0x51, 0x96, 0xDB, 0x1F, 0x36, 0x6E, 0xAE, 0x73, 0x36, 0x6E, 0xAE, 0x73, 0x03, 0x18, 0x67, 0xD0,
    0x41, 0x6C, 0xB7, 0xF0, 0x59, 0x7E, 0xC6, 0xFB, 0x6A, 0x9C, 0xD5, 0xF9, 0x6A, 0x9C, 0xD5, 0xF9,
    0x5D, 0x82, 0xC7, 0xFB, 0x38, 0x5C, 0xAB, 0xFB, 0x32, 0x50, 0xAF, 0xFB, 0x32, 0x50, 0xAF, 0xFB,
    0x0C, 0x14, 0x81, 0xFB, 0x5C, 0x87, 0xD6, 0xFB, 0x9E, 0xD0, 0xFB, 0xFB, 0x98, 0xBB, 0xF7, 0xFB,
    0x98, 0xBB, 0xF7, 0xFB, 0x94, 0xBD, 0xF5, 0xFB, 0x96, 0xBF, 0xF6, 0xFB, 0x95, 0xBE, 0xF7, 0xFB,
    0x95, 0xBE, 0xF7, 0xFB, 0x92, 0xBF, 0xFA, 0xFB, 0x9F, 0xD2, 0xFC, 0xFC, 0x83, 0xAA, 0xE1, 0xFC,
    0x83, 0xAA, 0xE1, 0xFC, 0x41, 0x5B, 0x8F, 0xFB, 0x2D, 0x40, 0x6D, 0xFC, 0x1C, 0x29, 0x4E, 0xFC,
    0x1F, 0x29, 0x4A, 0xFC, 0x1F, 0x29, 0x4A, 0xFC, 0xAE, 0xCC, 0xEB, 0xFC, 0xC0, 0xE6, 0xFE, 0xFC,
    0xA7, 0xD5, 0xFE, 0xFB, 0xA7, 0xD5, 0xFE, 0xFB, 0x9A, 0xCA, 0xFE, 0xFB, 0x96, 0xC5, 0xFE, 0xFB,
    0x97, 0xC7, 0xFE, 0xFC, 0x93, 0xC7, 0xFE, 0xFB, 0x93, 0xC7, 0xFE, 0xFB, 0x8D, 0xBF, 0xFD, 0xFB,
    0x8C, 0xBE, 0xFD, 0xFC, 0x85, 0xBB, 0xFD, 0xFB, 0x85, 0xBB, 0xFD, 0xFB, 0x7B, 0xB5, 0xFD, 0xFB,
    0x70, 0xAB, 0xFC, 0xFB, 0x63, 0x9D, 0xF9, 0xFA, 0x63, 0x9D, 0xF9, 0xFA, 0x57, 0x92, 0xF6, 0xFA,
    0x38, 0x6C, 0xCD, 0xFA, 0x35, 0x65, 0xBF, 0xFA, 0x59, 0x96, 0xF4, 0xF9, 0x59, 0x96, 0xF4, 0xF9,
    0x53, 0x91, 0xF6, 0xF8, 0x55, 0x95, 0xF4, 0xF4, 0x2A, 0x57, 0xAD, 0xF6, 0x2A, 0x57, 0xAD, 0xF6,
    0x0D, 0x21, 0x66, 0xF2, 0x0D, 0x20, 0x5D, 0xBC, 0x14, 0x35, 0x74, 0x98, 0x1A, 0x42, 0x84, 0x66,
    0x1A, 0x42, 0x84, 0x66, 0x2D, 0x64, 0xA5, 0x44, 0x37, 0x74, 0xB7, 0x14, 0x00, 0x00, 0x00, 0x00,
    0x00, 0x00, 0x00, 0x00, 0x3D, 0x84, 0xD0, 0x01, 0x00, 0x00, 0x00, 0x00, 0x3F, 0x84, 0xD1, 0x01,
    0x3F, 0x84, 0xD1, 0x01, 0x00, 0x00, 0x00, 0x00, 0x3E, 0x84, 0xD0, 0x01, 0x00, 0x00, 0x00, 0x00,
    0x00, 0x00, 0x00, 0x00, 0x00, 0x00, 0x00, 0x00, 0x3F, 0x84, 0xD0, 0x01, 0x00, 0x00, 0x00, 0x00,
    0x00, 0x00, 0x00, 0x00, 0x00, 0x00, 0x00, 0x00, 0x00, 0x00, 0x00, 0x00, 0x00, 0x00, 0x00, 0x00,
    0x00, 0x00, 0x00, 0x00, 0x00, 0x00, 0x00, 0x00, 0x00, 0x00, 0x00, 0x00, 0x00, 0x00, 0x00, 0x00,
    0x00, 0x00, 0x00, 0x00, 0x00, 0x00, 0x00, 0x00, 0x00, 0x00, 0x00, 0x00, 0x00, 0x00, 0x00, 0x00,
    0x00, 0x00, 0x00, 0x00, 0x00, 0x00, 0x00, 0x00, 0x00, 0x00, 0x00, 0x00, 0x00, 0x00, 0x00, 0x00,
    0x00, 0x00, 0x00, 0x00, 0x00, 0x00, 0x00, 0x00, 0x00, 0x00, 0x00, 0x00, 0x00, 0x00, 0x00, 0x00,
    0x00, 0x00, 0x00, 0x00, 0x00, 0x00, 0x00, 0x00, 0x00, 0x00, 0x00, 0x00, 0x00, 0x00, 0x00, 0x00,
    0x00, 0x00, 0x00, 0x00, 0x00, 0x00, 0x00, 0x00, 0x00, 0x00, 0x00, 0x00, 0x00, 0x00, 0x00, 0x00,
    0x00, 0x00, 0x00, 0x00, 0x00, 0x00, 0x00, 0x00, 0x00, 0x00, 0x00, 0x00, 0x00, 0x00, 0x00, 0x00,
    0x00, 0x00, 0x00, 0x00, 0x00, 0x00, 0x00, 0x00, 0x00, 0x00, 0x00, 0x00, 0x00, 0x00, 0x00, 0x00,
    0x00, 0x00, 0x00, 0x00, 0x00, 0x00, 0x00, 0x00, 0x00, 0x00, 0x00, 0x00, 0x00, 0x00, 0x00, 0x00,
    0x00, 0x00, 0x00, 0x00, 0x00, 0x00, 0x00, 0x00, 0x00, 0x00, 0x00, 0x00, 0x00, 0x00, 0x00, 0x00,
    0x00, 0x00, 0x00, 0x00, 0x4A, 0x8E, 0xD5, 0x01, 0x4A, 0x8E, 0xD5, 0x01, 0x49, 0x8D, 0xD5, 0x01,
    0x48, 0x8C, 0xD5, 0x01, 0x49, 0x8D, 0xD5, 0x03, 0x49, 0x8D, 0xD5, 0x03, 0x46, 0x8C, 0xD3, 0x03,
    0x51, 0x96, 0xDB, 0x1F, 0x36, 0x6E, 0xAE, 0x73, 0x36, 0x6E, 0xAE, 0x73, 0x03, 0x18, 0x67, 0xD0,
    0x41, 0x6C, 0xB7, 0xF0, 0x59, 0x7E, 0xC6, 0xFB, 0x6A, 0x9C, 0xD5, 0xF9, 0x6A, 0x9C, 0xD5, 0xF9,
    0x5D, 0x82, 0xC7, 0xFB, 0x38, 0x5C, 0xAB, 0xFB, 0x32, 0x50, 0xAF, 0xFB, 0x32, 0x50, 0xAF, 0xFB,
    0x0C, 0x14, 0x81, 0xFB, 0x5C, 0x87, 0xD6, 0xFB, 0x9E, 0xD0, 0xFB, 0xFB, 0x98, 0xBB, 0xF7, 0xFB,
    0x98, 0xBB, 0xF7, 0xFB, 0x94, 0xBD, 0xF5, 0xFB, 0x96, 0xBF, 0xF6, 0xFB, 0x95, 0xBE, 0xF7, 0xFB,
    0x95, 0xBE, 0xF7, 0xFB, 0x92, 0xBF, 0xFA, 0xFB, 0x9F, 0xD2, 0xFC, 0xFC, 0x83, 0xAA, 0xE1, 0xFC,
    0x83, 0xAA, 0xE1, 0xFC, 0x41, 0x5B, 0x8F, 0xFB, 0x2D, 0x40, 0x6D, 0xFC, 0x1C, 0x29, 0x4E, 0xFC,
    0x1F, 0x29, 0x4A, 0xFC, 0x1F, 0x29, 0x4A, 0xFC, 0xAE, 0xCC, 0xEB, 0xFC, 0xC0, 0xE6, 0xFE, 0xFC,
    0xA7, 0xD5, 0xFE, 0xFB, 0xA7, 0xD5, 0xFE, 0xFB, 0x9A, 0xCA, 0xFE, 0xFB, 0x96, 0xC5, 0xFE, 0xFB,
    0x97, 0xC7, 0xFE, 0xFC, 0x93, 0xC7, 0xFE, 0xFB, 0x93, 0xC7, 0xFE, 0xFB, 0x8D, 0xBF, 0xFD, 0xFB,
    0x8C, 0xBE, 0xFD, 0xFC, 0x85, 0xBB, 0xFD, 0xFB, 0x85, 0xBB, 0xFD, 0xFB, 0x7B, 0xB5, 0xFD, 0xFB,
    0x70, 0xAB, 0xFC, 0xFB, 0x63, 0x9D, 0xF9, 0xFA, 0x63, 0x9D, 0xF9, 0xFA, 0x57, 0x92, 0xF6, 0xFA,
    0x38, 0x6C, 0xCD, 0xFA, 0x35, 0x65, 0xBF, 0xFA, 0x59, 0x96, 0xF4, 0xF9, 0x59, 0x96, 0xF4, 0xF9,
    0x53, 0x91, 0xF6, 0xF8, 0x55, 0x95, 0xF4, 0xF4, 0x2A, 0x57, 0xAD, 0xF6, 0x2A, 0x57, 0xAD, 0xF6,
    0x0D, 0x21, 0x66, 0xF2, 0x0D, 0x20, 0x5D, 0xBC, 0x14, 0x35, 0x74, 0x98, 0x1A, 0x42, 0x84, 0x66,
    0x1A, 0x42, 0x84, 0x66, 0x2D, 0x64, 0xA5, 0x44, 0x37, 0x74, 0xB7, 0x14, 0x00, 0x00, 0x00, 0x00,
    0x00, 0x00, 0x00, 0x00, 0x3D, 0x84, 0xD0, 0x01, 0x00, 0x00, 0x00, 0x00, 0x3F, 0x84, 0xD1, 0x01,
    0x3F, 0x84, 0xD1, 0x01, 0x00, 0x00, 0x00, 0x00, 0x3E, 0x84, 0xD0, 0x01, 0x00, 0x00, 0x00, 0x00,
    0x00, 0x00, 0x00, 0x00, 0x00, 0x00, 0x00, 0x00, 0x3F, 0x84, 0xD0, 0x01, 0x00, 0x00, 0x00, 0x00,
    0x00, 0x00, 0x00, 0x00, 0x00, 0x00, 0x00, 0x00, 0x00, 0x00, 0x00, 0x00, 0x00, 0x00, 0x00, 0x00,
    0x00, 0x00, 0x00, 0x00, 0x00, 0x00, 0x00, 0x00, 0x00, 0x00, 0x00, 0x00, 0x00, 0x00, 0x00, 0x00,
    0x00, 0x00, 0x00, 0x00, 0x00, 0x00, 0x00, 0x00, 0x00, 0x00, 0x00, 0x00, 0x00, 0x00, 0x00, 0x00,
    0x00, 0x00, 0x00, 0x00, 0x00, 0x00, 0x00, 0x00, 0x00, 0x00, 0x00, 0x00, 0x00, 0x00, 0x00, 0x00,
    0x00, 0x00, 0x00, 0x00, 0x00, 0x00, 0x00, 0x00, 0x00, 0x00, 0x00, 0x00, 0x00, 0x00, 0x00, 0x00,
    0x00, 0x00, 0x00, 0x00, 0x00, 0x00, 0x00, 0x00, 0x00, 0x00, 0x00, 0x00, 0x00, 0x00, 0x00, 0x00,
    0x00, 0x00, 0x00, 0x00, 0x00, 0x00, 0x00, 0x00, 0x00, 0x00, 0x00, 0x00, 0x00, 0x00, 0x00, 0x00,
    0x00, 0x00, 0x00, 0x00, 0x00, 0x00, 0x00, 0x00, 0x00, 0x00, 0x00, 0x00, 0x00, 0x00, 0x00, 0x00,
    0x00, 0x00, 0x00, 0x00, 0x00, 0x00, 0x00, 0x00, 0x00, 0x00, 0x00, 0x00, 0x00, 0x00, 0x00, 0x00,
    0x00, 0x00, 0x00, 0x00, 0x00, 0x00, 0x00, 0x00, 0x00, 0x00, 0x00, 0x00, 0x00, 0x00, 0x00, 0x00,
    0x00, 0x00, 0x00, 0x00, 0x00, 0x00, 0x00, 0x00, 0x00, 0x00, 0x00, 0x00, 0x00, 0x00, 0x00, 0x00,
    0x00, 0x00, 0x00, 0x00, 0x4A, 0x8E, 0xD6, 0x01, 0x4A, 0x8E, 0xD6, 0x01, 0x49, 0x8D, 0xD6, 0x01,
    0x49, 0x8E, 0xD7, 0x01, 0x47, 0x8E, 0xD4, 0x03, 0x47, 0x8E, 0xD4, 0x03, 0x4B, 0x8D, 0xD6, 0x01,
    0x4C, 0x8E, 0xD2, 0x4A, 0x0B, 0x2E, 0x6D, 0xDF, 0x0B, 0x2E, 0x6D, 0xDF, 0x48, 0x76, 0xB6, 0xF5,
    0x79, 0xAE, 0xE7, 0xFA, 0x6A, 0x8D, 0xCD, 0xFA, 0x96, 0xC8, 0xF1, 0xFA, 0x96, 0xC8, 0xF1, 0xFA,
    0x64, 0x8E, 0xC8, 0xFA, 0x18, 0x23, 0x73, 0xFB, 0x28, 0x41, 0x95, 0xFB, 0x28, 0x41, 0x95, 0xFB,
    0x59, 0x6F, 0xC0, 0xFB, 0x93, 0xB9, 0xF3, 0xFB, 0x91, 0xB9, 0xF4, 0xFB, 0x98, 0xB8, 0xF1, 0xFB,
    0x98, 0xB8, 0xF1, 0xFB, 0x97, 0xC0, 0xF3, 0xFB, 0x9A, 0xBF, 0xF3, 0xFB, 0x9A, 0xBF, 0xF5, 0xFB,
    0x9A, 0xBF, 0xF5, 0xFB, 0xA5, 0xD4, 0xFC, 0xFC, 0x88, 0xB0, 0xDD, 0xFC, 0x2E, 0x3A, 0x68, 0xFC,
    0x2E, 0x3A, 0x68, 0xFC, 0x2C, 0x35, 0x61, 0xFB, 0x4A, 0x65, 0x8B, 0xFC, 0x34, 0x46, 0x69, 0xFB,
    0x15, 0x18, 0x2D, 0xFC, 0x15, 0x18, 0x2D, 0xFC, 0x80, 0x96, 0xB1, 0xFB, 0xB6, 0xD4, 0xF4, 0xFB,
    0xA9, 0xCE, 0xF7, 0xFC, 0xA9, 0xCE, 0xF7, 0xFC, 0xA0, 0xD0, 0xFD, 0xFB, 0x96, 0xC6, 0xFC, 0xFB,
    0x96, 0xC5, 0xFC, 0xFB, 0x92, 0xC8, 0xFE, 0xFB, 0x92, 0xC8, 0xFE, 0xFB, 0x8D, 0xC1, 0xFD, 0xFB,
    0x88, 0xBA, 0xFD, 0xFB, 0x82, 0xB6, 0xFD, 0xFB, 0x82, 0xB6, 0xFD, 0xFB, 0x7A, 0xB4, 0xFD, 0xFA,
    0x6B, 0xA6, 0xFB, 0xFA, 0x5A, 0x96, 0xF6, 0xFA, 0x5A, 0x96, 0xF6, 0xFA, 0x4F, 0x8F, 0xF1, 0xF9,
    0x33, 0x6D, 0xBC, 0xF8, 0x1D, 0x45, 0x86, 0xF8, 0x35, 0x62, 0xA4, 0xF5, 0x35, 0x62, 0xA4, 0xF5,
    0x3B, 0x66, 0xB2, 0xFC, 0x3D, 0x6D, 0xB5, 0xFC, 0x2D, 0x61, 0xA6, 0xED, 0x2D, 0x61, 0xA6, 0xED,
    0x30, 0x60, 0xA7, 0xCB, 0x3A, 0x72, 0xBA, 0x2E, 0x40, 0x83, 0xCF, 0x03, 0x00, 0x00, 0x00, 0x00,
    0x00, 0x00, 0x00, 0x00, 0x00, 0x00, 0x00, 0x00, 0x00, 0x00, 0x00, 0x00, 0x3D, 0x84, 0xD2, 0x01,
    0x3D, 0x84, 0xD2, 0x01, 0x00, 0x00, 0x00, 0x00, 0x00, 0x00, 0x00, 0x00, 0x00, 0x00, 0x00, 0x00,
    0x00, 0x00, 0x00, 0x00, 0x00, 0x00, 0x00, 0x00, 0x00, 0x00, 0x00, 0x00, 0x00, 0x00, 0x00, 0x00,
    0x00, 0x00, 0x00, 0x00, 0x00, 0x00, 0x00, 0x00, 0x00, 0x00, 0x00, 0x00, 0x00, 0x00, 0x00, 0x00,
    0x00, 0x00, 0x00, 0x00, 0x00, 0x00, 0x00, 0x00, 0x00, 0x00, 0x00, 0x00, 0x00, 0x00, 0x00, 0x00,
    0x00, 0x00, 0x00, 0x00, 0x00, 0x00, 0x00, 0x00, 0x00, 0x00, 0x00, 0x00, 0x00, 0x00, 0x00, 0x00,
    0x00, 0x00, 0x00, 0x00, 0x00, 0x00, 0x00, 0x00, 0x00, 0x00, 0x00, 0x00, 0x00, 0x00, 0x00, 0x00,
    0x00, 0x00, 0x00, 0x00, 0x00, 0x00, 0x00, 0x00, 0x00, 0x00, 0x00, 0x00, 0x00, 0x00, 0x00, 0x00,
    0x00, 0x00, 0x00, 0x00, 0x00, 0x00, 0x00, 0x00, 0x00, 0x00, 0x00, 0x00, 0x00, 0x00, 0x00, 0x00,
    0x00, 0x00, 0x00, 0x00, 0x00, 0x00, 0x00, 0x00, 0x00, 0x00, 0x00, 0x00, 0x00, 0x00, 0x00, 0x00,
    0x00, 0x00, 0x00, 0x00, 0x00, 0x00, 0x00, 0x00, 0x00, 0x00, 0x00, 0x00, 0x00, 0x00, 0x00, 0x00,
    0x00, 0x00, 0x00, 0x00, 0x00, 0x00, 0x00, 0x00, 0x00, 0x00, 0x00, 0x00, 0x00, 0x00, 0x00, 0x00,
    0x00, 0x00, 0x00, 0x00, 0x00, 0x00, 0x00, 0x00, 0x00, 0x00, 0x00, 0x00, 0x00, 0x00, 0x00, 0x00,
    0x00, 0x00, 0x00, 0x00, 0x00, 0x00, 0x00, 0x00, 0x00, 0x00, 0x00, 0x00, 0x00, 0x00, 0x00, 0x00,
    0x00, 0x00, 0x00, 0x00, 0x00, 0x00, 0x00, 0x00, 0x00, 0x00, 0x00, 0x00, 0x00, 0x00, 0x00, 0x00,
    0x00, 0x00, 0x00, 0x00, 0x4A, 0x8E, 0xD7, 0x01, 0x4A, 0x8E, 0xD7, 0x01, 0x4A, 0x8F, 0xD8, 0x02,
    0x45, 0x8C, 0xD5, 0x03, 0x45, 0x90, 0xD6, 0x06, 0x45, 0x90, 0xD6, 0x06, 0x50, 0x98, 0xE3, 0x24,
    0x1E, 0x4D, 0x8D, 0x71, 0x42, 0x6F, 0xA5, 0xF7, 0x42, 0x6F, 0xA5, 0xF7, 0xB0, 0xED, 0xFB, 0xF2,
    0x92, 0xCD, 0xF5, 0xFA, 0xA5, 0xD5, 0xF4, 0xFB, 0x42, 0x4E, 0x7B, 0xFB, 0x42, 0x4E, 0x7B, 0xFB,
    0x1A, 0x22, 0x4B, 0xFB, 0x2A, 0x36, 0x73, 0xFB, 0x84, 0xA8, 0xE1, 0xFB, 0x84, 0xA8, 0xE1, 0xFB,
    0xAC, 0xCF, 0xF8, 0xFB, 0xAA, 0xC7, 0xF9, 0xFB, 0xAC, 0xD0, 0xFB, 0xFC, 0xAF, 0xCD, 0xFD, 0xFB,
    0xAF, 0xCD, 0xFD, 0xFB, 0xB1, 0xDA, 0xFE, 0xFC, 0xB0, 0xD3, 0xFD, 0xFC, 0xB6, 0xDC, 0xFE, 0xFC,
    0xB6, 0xDC, 0xFE, 0xFC, 0xA7, 0xD3, 0xF9, 0xFC, 0x31, 0x48, 0x80, 0xFC, 0x09, 0x0C, 0x48, 0xFC,
    0x09, 0x0C, 0x48, 0xFC, 0x2D, 0x3F, 0x8B, 0xFC, 0x45, 0x73, 0xB7, 0xFC, 0x29, 0x52, 0x98, 0xFC,
    0x14, 0x26, 0x5F, 0xFC, 0x14, 0x26, 0x5F, 0xFC, 0x1F, 0x2D, 0x5A, 0xFC, 0x25, 0x2B, 0x50, 0xFC,
    0x2D, 0x38, 0x67, 0xFC, 0x2D, 0x38, 0x67, 0xFC, 0x8C, 0xB6, 0xEA, 0xFC, 0x97, 0xCB, 0xFB, 0xFB,
    0x8D, 0xBC, 0xF9, 0xFB, 0x8A, 0xC0, 0xFC, 0xFB, 0x8A, 0xC0, 0xFC, 0xFB, 0x87, 0xC0, 0xFD, 0xFB,
    0x81, 0xB7, 0xFD, 0xFB, 0x78, 0xAF, 0xFC, 0xFB, 0x78, 0xAF, 0xFC, 0xFB, 0x6C, 0xA7, 0xFC, 0xFB,
    0x59, 0x95, 0xF5, 0xFB, 0x4E, 0x8E, 0xF1, 0xFA, 0x4E, 0x8E, 0xF1, 0xFA, 0x34, 0x6C, 0xCC, 0xFB,
    0x19, 0x45, 0x8B, 0xF9, 0x10, 0x34, 0x68, 0xF6, 0x10, 0x33, 0x66, 0xFA, 0x10, 0x33, 0x66, 0xFA,
    0x08, 0x20, 0x58, 0xBA, 0x19, 0x40, 0x7D, 0xBF, 0x48, 0x90, 0xD6, 0x62, 0x48, 0x90, 0xD6, 0x62,
    0x49, 0x98, 0xE7, 0x2F, 0x42, 0x8D, 0xDD, 0x04, 0x3F, 0x89, 0xD9, 0x01, 0x3C, 0x85, 0xD3, 0x04,
    0x3C, 0x85, 0xD3, 0x04, 0x3C, 0x84, 0xD3, 0x02, 0x3C, 0x85, 0xD2, 0x01, 0x00, 0x00, 0x00, 0x00,
    0x00, 0x00, 0x00, 0x00, 0x00, 0x00, 0x00, 0x00, 0x00, 0x00, 0x00, 0x00, 0x00, 0x00, 0x00, 0x00,
    0x00, 0x00, 0x00, 0x00, 0x00, 0x00, 0x00, 0x00, 0x00, 0x00, 0x00, 0x00, 0x00, 0x00, 0x00, 0x00,
    0x00, 0x00, 0x00, 0x00, 0x00, 0x00, 0x00, 0x00, 0x00, 0x00, 0x00, 0x00, 0x00, 0x00, 0x00, 0x00,
    0x00, 0x00, 0x00, 0x00, 0x00, 0x00, 0x00, 0x00, 0x00, 0x00, 0x00, 0x00, 0x00, 0x00, 0x00, 0x00,
    0x00, 0x00, 0x00, 0x00, 0x00, 0x00, 0x00, 0x00, 0x00, 0x00, 0x00, 0x00, 0x00, 0x00, 0x00, 0x00,
    0x00, 0x00, 0x00, 0x00, 0x00, 0x00, 0x00, 0x00, 0x00, 0x00, 0x00, 0x00, 0x00, 0x00, 0x00, 0x00,
    0x00, 0x00, 0x00, 0x00, 0x00, 0x00, 0x00, 0x00, 0x00, 0x00, 0x00, 0x00, 0x00, 0x00, 0x00, 0x00,
    0x00, 0x00, 0x00, 0x00, 0x00, 0x00, 0x00, 0x00, 0x00, 0x00, 0x00, 0x00, 0x00, 0x00, 0x00, 0x00,
    0x00, 0x00, 0x00, 0x00, 0x00, 0x00, 0x00, 0x00, 0x00, 0x00, 0x00, 0x00, 0x00, 0x00, 0x00, 0x00,
    0x00, 0x00, 0x00, 0x00, 0x00, 0x00, 0x00, 0x00, 0x00, 0x00, 0x00, 0x00, 0x00, 0x00, 0x00, 0x00,
    0x00, 0x00, 0x00, 0x00, 0x00, 0x00, 0x00, 0x00, 0x00, 0x00, 0x00, 0x00, 0x00, 0x00, 0x00, 0x00,
    0x00, 0x00, 0x00, 0x00, 0x00, 0x00, 0x00, 0x00, 0x00, 0x00, 0x00, 0x00, 0x00, 0x00, 0x00, 0x00,
    0x00, 0x00, 0x00, 0x00, 0x00, 0x00, 0x00, 0x00, 0x00, 0x00, 0x00, 0x00, 0x00, 0x00, 0x00, 0x00,
    0x00, 0x00, 0x00, 0x00, 0x00, 0x00, 0x00, 0x00, 0x46, 0x8E, 0xD6, 0x01, 0x48, 0x8D, 0xD7, 0x01,
    0x49, 0x8E, 0xD7, 0x01, 0x49, 0x8E, 0xD8, 0x03, 0x49, 0x8E, 0xD8, 0x03, 0x45, 0x8E, 0xD9, 0x03,
    0x00, 0x00, 0x00, 0x00, 0x49, 0x98, 0xE3, 0x02, 0x49, 0x98, 0xE3, 0x02, 0x60, 0xB1, 0xEF, 0x60,
    0x10, 0x2D, 0x64, 0xBE, 0x3E, 0x64, 0x99, 0xFB, 0x3E, 0x64, 0x99, 0xFB, 0x67, 0x99, 0xCA, 0xF9,
    0x43, 0x6D, 0xA5, 0xF9, 0x48, 0x72, 0x9F, 0xFB, 0x05, 0x05, 0x26, 0xFB, 0x05, 0x05, 0x26, 0xFB,
    0x0B, 0x0E, 0x38, 0xFB, 0x0F, 0x18, 0x47, 0xFB, 0x46, 0x5F, 0x96, 0xFB, 0x46, 0x5F, 0x96, 0xFB,
    0x67, 0x80, 0xBA, 0xFB, 0x6F, 0x87, 0xC2, 0xFB, 0x75, 0x9B, 0xD1, 0xFB, 0x6A, 0x87, 0xC2, 0xFC,
    0x6A, 0x87, 0xC2, 0xFC, 0x62, 0x8A, 0xBD, 0xFB, 0x4B, 0x69, 0x9D, 0xFC, 0x43, 0x58, 0x89, 0xFC,
    0x43, 0x58, 0x89, 0xFC, 0x2D, 0x42, 0x73, 0xFC, 0x53, 0x7F, 0xB3, 0xFC, 0x6C, 0xA8, 0xEB, 0xFC,
    0x6C, 0xA8, 0xEB, 0xFC, 0x5E, 0xA4, 0xEB, 0xFC, 0x48, 0x8D, 0xDD, 0xFC, 0x67, 0xBD, 0xF9, 0xFC,
    0x60, 0xA3, 0xF2, 0xFC, 0x60, 0xA3, 0xF2, 0xFC, 0x47, 0x61, 0xAD, 0xFC, 0x26, 0x2C, 0x65, 0xFC,
    0x1B, 0x25, 0x56, 0xFC, 0x1B, 0x25, 0x56, 0xFC, 0x77, 0xA4, 0xDC, 0xFC, 0x92, 0xC9, 0xFA, 0xFB,
    0x80, 0xB6, 0xFA, 0xFC, 0x7E, 0xB9, 0xFC, 0xFB, 0x7E, 0xB9, 0xFC, 0xFB, 0x76, 0xB0, 0xFC, 0xFB,
    0x71, 0xAB, 0xFC, 0xFB, 0x6C, 0xA9, 0xFC, 0xFB, 0x6C, 0xA9, 0xFC, 0xFB, 0x5D, 0xA0, 0xFA, 0xFA,
    0x48, 0x8B, 0xEF, 0xFA, 0x41, 0x81, 0xDF, 0xF6, 0x41, 0x81, 0xDF, 0xF6, 0x26, 0x55, 0xA3, 0xF8,
    0x0C, 0x2A, 0x6C, 0xF1, 0x2E, 0x60, 0xA0, 0xB1, 0x45, 0x84, 0xC7, 0xA9, 0x45, 0x84, 0xC7, 0xA9,
    0x41, 0x81, 0xCA, 0x3B, 0x4F, 0x96, 0xDE, 0x30, 0x47, 0x8F, 0xDA, 0x05, 0x47, 0x8F, 0xDA, 0x05,
    0x40, 0x8A, 0xD7, 0x03, 0x3F, 0x88, 0xD6, 0x02, 0x3E, 0x88, 0xD5, 0x02, 0x3E, 0x88, 0xD4, 0x01,
    0x3E, 0x88, 0xD4, 0x01, 0x00, 0x00, 0x00, 0x00, 0x00, 0x00, 0x00, 0x00, 0x00, 0x00, 0x00, 0x00,
    0x00, 0x00, 0x00, 0x00, 0x00, 0x00, 0x00, 0x00, 0x00, 0x00, 0x00, 0x00, 0x00, 0x00, 0x00, 0x00,
    0x00, 0x00, 0x00, 0x00, 0x00, 0x00, 0x00, 0x00, 0x00, 0x00, 0x00, 0x00, 0x00, 0x00, 0x00, 0x00,
    0x00, 0x00, 0x00, 0x00, 0x00, 0x00, 0x00, 0x00, 0x00, 0x00, 0x00, 0x00, 0x00, 0x00, 0x00, 0x00,
    0x00, 0x00, 0x00, 0x00, 0x00, 0x00, 0x00, 0x00, 0x00, 0x00, 0x00, 0x00, 0x00, 0x00, 0x00, 0x00,
    0x00, 0x00, 0x00, 0x00, 0x00, 0x00, 0x00, 0x00, 0x00, 0x00, 0x00, 0x00, 0x00, 0x00, 0x00, 0x00,
    0x00, 0x00, 0x00, 0x00, 0x00, 0x00, 0x00, 0x00, 0x00, 0x00, 0x00, 0x00, 0x00, 0x00, 0x00, 0x00,
    0x00, 0x00, 0x00, 0x00, 0x00, 0x00, 0x00, 0x00, 0x00, 0x00, 0x00, 0x00, 0x00, 0x00, 0x00, 0x00,
    0x00, 0x00, 0x00, 0x00, 0x00, 0x00, 0x00, 0x00, 0x00, 0x00, 0x00, 0x00, 0x00, 0x00, 0x00, 0x00,
    0x00, 0x00, 0x00, 0x00, 0x00, 0x00, 0x00, 0x00, 0x00, 0x00, 0x00, 0x00, 0x00, 0x00, 0x00, 0x00,
    0x00, 0x00, 0x00, 0x00, 0x00, 0x00, 0x00, 0x00, 0x00, 0x00, 0x00, 0x00, 0x00, 0x00, 0x00, 0x00,
    0x00, 0x00, 0x00, 0x00, 0x00, 0x00, 0x00, 0x00, 0x00, 0x00, 0x00, 0x00, 0x00, 0x00, 0x00, 0x00,
    0x00, 0x00, 0x00, 0x00, 0x00, 0x00, 0x00, 0x00, 0x00, 0x00, 0x00, 0x00, 0x00, 0x00, 0x00, 0x00,
    0x00, 0x00, 0x00, 0x00, 0x00, 0x00, 0x00, 0x00, 0x00, 0x00, 0x00, 0x00, 0x00, 0x00, 0x00, 0x00,
    0x00, 0x00, 0x00, 0x00, 0x00, 0x00, 0x00, 0x00, 0x46, 0x8E, 0xD6, 0x01, 0x48, 0x8D, 0xD7, 0x01,
    0x49, 0x8E, 0xD7, 0x01, 0x49, 0x8E, 0xD8, 0x03, 0x49, 0x8E, 0xD8, 0x03, 0x45, 0x8E, 0xD9, 0x03,
    0x00, 0x00, 0x00, 0x00, 0x49, 0x98, 0xE3, 0x02, 0x49, 0x98, 0xE3, 0x02, 0x60, 0xB1, 0xEF, 0x60,
    0x10, 0x2D, 0x64, 0xBE, 0x3E, 0x64, 0x99, 0xFB, 0x3E, 0x64, 0x99, 0xFB, 0x67, 0x99, 0xCA, 0xF9,
    0x43, 0x6D, 0xA5, 0xF9, 0x48, 0x72, 0x9F, 0xFB, 0x05, 0x05, 0x26, 0xFB, 0x05, 0x05, 0x26, 0xFB,
    0x0B, 0x0E, 0x38, 0xFB, 0x0F, 0x18, 0x47, 0xFB, 0x46, 0x5F, 0x96, 0xFB, 0x46, 0x5F, 0x96, 0xFB,
    0x67, 0x80, 0xBA, 0xFB, 0x6F, 0x87, 0xC2, 0xFB, 0x75, 0x9B, 0xD1, 0xFB, 0x6A, 0x87, 0xC2, 0xFC,
    0x6A, 0x87, 0xC2, 0xFC, 0x62, 0x8A, 0xBD, 0xFB, 0x4B, 0x69, 0x9D, 0xFC, 0x43, 0x58, 0x89, 0xFC,
    0x43, 0x58, 0x89, 0xFC, 0x2D, 0x42, 0x73, 0xFC, 0x53, 0x7F, 0xB3, 0xFC, 0x6C, 0xA8, 0xEB, 0xFC,
    0x6C, 0xA8, 0xEB, 0xFC, 0x5E, 0xA4, 0xEB, 0xFC, 0x48, 0x8D, 0xDD, 0xFC, 0x67, 0xBD, 0xF9, 0xFC,
    0x60, 0xA3, 0xF2, 0xFC, 0x60, 0xA3, 0xF2, 0xFC, 0x47, 0x61, 0xAD, 0xFC, 0x26, 0x2C, 0x65, 0xFC,
    0x1B, 0x25, 0x56, 0xFC, 0x1B, 0x25, 0x56, 0xFC, 0x77, 0xA4, 0xDC, 0xFC, 0x92, 0xC9, 0xFA, 0xFB,
    0x80, 0xB6, 0xFA, 0xFC, 0x7E, 0xB9, 0xFC, 0xFB, 0x7E, 0xB9, 0xFC, 0xFB, 0x76, 0xB0, 0xFC, 0xFB,
    0x71, 0xAB, 0xFC, 0xFB, 0x6C, 0xA9, 0xFC, 0xFB, 0x6C, 0xA9, 0xFC, 0xFB, 0x5D, 0xA0, 0xFA, 0xFA,
    0x48, 0x8B, 0xEF, 0xFA, 0x41, 0x81, 0xDF, 0xF6, 0x41, 0x81, 0xDF, 0xF6, 0x26, 0x55, 0xA3, 0xF8,
    0x0C, 0x2A, 0x6C, 0xF1, 0x2E, 0x60, 0xA0, 0xB1, 0x45, 0x84, 0xC7, 0xA9, 0x45, 0x84, 0xC7, 0xA9,
    0x41, 0x81, 0xCA, 0x3B, 0x4F, 0x96, 0xDE, 0x30, 0x47, 0x8F, 0xDA, 0x05, 0x47, 0x8F, 0xDA, 0x05,
    0x40, 0x8A, 0xD7, 0x03, 0x3F, 0x88, 0xD6, 0x02, 0x3E, 0x88, 0xD5, 0x02, 0x3E, 0x88, 0xD4, 0x01,
    0x3E, 0x88, 0xD4, 0x01, 0x00, 0x00, 0x00, 0x00, 0x00, 0x00, 0x00, 0x00, 0x00, 0x00, 0x00, 0x00,
    0x00, 0x00, 0x00, 0x00, 0x00, 0x00, 0x00, 0x00, 0x00, 0x00, 0x00, 0x00, 0x00, 0x00, 0x00, 0x00,
    0x00, 0x00, 0x00, 0x00, 0x00, 0x00, 0x00, 0x00, 0x00, 0x00, 0x00, 0x00, 0x00, 0x00, 0x00, 0x00,
    0x00, 0x00, 0x00, 0x00, 0x00, 0x00, 0x00, 0x00, 0x00, 0x00, 0x00, 0x00, 0x00, 0x00, 0x00, 0x00,
    0x00, 0x00, 0x00, 0x00, 0x00, 0x00, 0x00, 0x00, 0x00, 0x00, 0x00, 0x00, 0x00, 0x00, 0x00, 0x00,
    0x00, 0x00, 0x00, 0x00, 0x00, 0x00, 0x00, 0x00, 0x00, 0x00, 0x00, 0x00, 0x00, 0x00, 0x00, 0x00,
    0x00, 0x00, 0x00, 0x00, 0x00, 0x00, 0x00, 0x00, 0x00, 0x00, 0x00, 0x00, 0x00, 0x00, 0x00, 0x00,
    0x00, 0x00, 0x00, 0x00, 0x00, 0x00, 0x00, 0x00, 0x00, 0x00, 0x00, 0x00, 0x00, 0x00, 0x00, 0x00,
    0x00, 0x00, 0x00, 0x00, 0x00, 0x00, 0x00, 0x00, 0x00, 0x00, 0x00, 0x00, 0x00, 0x00, 0x00, 0x00,
    0x00, 0x00, 0x00, 0x00, 0x00, 0x00, 0x00, 0x00, 0x00, 0x00, 0x00, 0x00, 0x00, 0x00, 0x00, 0x00,
    0x00, 0x00, 0x00, 0x00, 0x00, 0x00, 0x00, 0x00, 0x00, 0x00, 0x00, 0x00, 0x00, 0x00, 0x00, 0x00,
    0x00, 0x00, 0x00, 0x00, 0x00, 0x00, 0x00, 0x00, 0x00, 0x00, 0x00, 0x00, 0x00, 0x00, 0x00, 0x00,
    0x00, 0x00, 0x00, 0x00, 0x00, 0x00, 0x00, 0x00, 0x00, 0x00, 0x00, 0x00, 0x00, 0x00, 0x00, 0x00,
    0x00, 0x00, 0x00, 0x00, 0x00, 0x00, 0x00, 0x00, 0x00, 0x00, 0x00, 0x00, 0x00, 0x00, 0x00, 0x00,
    0x00, 0x00, 0x00, 0x00, 0x00, 0x00, 0x00, 0x00, 0x45, 0x8B, 0xD4, 0x01, 0x48, 0x8D, 0xD6, 0x02,
    0x45, 0x8D, 0xD6, 0x03, 0x45, 0x8C, 0xD7, 0x01, 0x45, 0x8C, 0xD7, 0x01, 0x4A, 0x92, 0xDF, 0x03,
    0x5C, 0xA6, 0xE6, 0x40, 0x2B, 0x5C, 0x9B, 0x62, 0x2B, 0x5C, 0x9B, 0x62, 0x14, 0x33, 0x6C, 0xC6,
    0x0C, 0x23, 0x5B, 0xFC, 0x08, 0x1E, 0x59, 0xF9, 0x08, 0x1E, 0x59, 0xF9, 0x03, 0x11, 0x57, 0xFA,
    0x06, 0x1A, 0x66, 0xFB, 0x15, 0x41, 0x8E, 0xFB, 0x1E, 0x4F, 0xA2, 0xFB, 0x1E, 0x4F, 0xA2, 0xFB,
    0x22, 0x58, 0xAF, 0xFB, 0x10, 0x49, 0xA2, 0xFC, 0x04, 0x28, 0x86, 0xFC, 0x04, 0x28, 0x86, 0xFC,
    0x03, 0x1E, 0x7F, 0xFC, 0x02, 0x1D, 0x78, 0xFC, 0x05, 0x27, 0x7F, 0xFB, 0x04, 0x1F, 0x78, 0xFC,
    0x04, 0x1F, 0x78, 0xFC, 0x04, 0x27, 0x7F, 0xFC, 0x04, 0x1F, 0x6C, 0xFC, 0x08, 0x1B, 0x55, 0xFC,
    0x08, 0x1B, 0x55, 0xFC, 0x06, 0x0F, 0x3C, 0xFC, 0x64, 0x95, 0xD3, 0xFC, 0x9D, 0xEF, 0xFF, 0xFC,
    0x9D, 0xEF, 0xFF, 0xFC, 0x93, 0xE9, 0xFF, 0xFC, 0x7A, 0xC0, 0xFC, 0xFC, 0x62, 0xB5, 0xFB, 0xFC,
    0x3E, 0x7F, 0xEC, 0xFC, 0x3E, 0x7F, 0xEC, 0xFC, 0x36, 0x5C, 0xCD, 0xFC, 0x53, 0x79, 0xD3, 0xFC,
    0x2B, 0x49, 0x92, 0xFC, 0x2B, 0x49, 0x92, 0xFC, 0x2C, 0x4B, 0x9D, 0xFC, 0x69, 0x9A, 0xF4, 0xFC,
    0x6D, 0xA7, 0xFB, 0xFB, 0x64, 0xA3, 0xFB, 0xFB, 0x64, 0xA3, 0xFB, 0xFB, 0x65, 0xA2, 0xFB, 0xFB,
    0x62, 0xA2, 0xFC, 0xFA, 0x55, 0x8F, 0xF4, 0xFB, 0x55, 0x8F, 0xF4, 0xFB, 0x46, 0x89, 0xEE, 0xFA,
    0x3A, 0x7E, 0xE0, 0xFA, 0x29, 0x5A, 0xB0, 0xFA, 0x29, 0x5A, 0xB0, 0xFA, 0x13, 0x35, 0x78, 0xE4,
    0x2E, 0x61, 0xA5, 0x97, 0x4D, 0x92, 0xE0, 0x39, 0x4B, 0x97, 0xE6, 0x0C, 0x4B, 0x97, 0xE6, 0x0C,
    0x44, 0x8E, 0xDF, 0x0B, 0x44, 0x8C, 0xDC, 0x0C, 0x43, 0x8B, 0xD9, 0x04, 0x43, 0x8B, 0xD9, 0x04,
    0x43, 0x8B, 0xD8, 0x07, 0x40, 0x89, 0xD7, 0x02, 0x00, 0x00, 0x00, 0x00, 0x3D, 0x87, 0xD5, 0x01,
    0x3D, 0x87, 0xD5, 0x01, 0x00, 0x00, 0x00, 0x00, 0x00, 0x00, 0x00, 0x00, 0x00, 0x00, 0x00, 0x00,
    0x00, 0x00, 0x00, 0x00, 0x00, 0x00, 0x00, 0x00, 0x00, 0x00, 0x00, 0x00, 0x00, 0x00, 0x00, 0x00,
    0x00, 0x00, 0x00, 0x00, 0x00, 0x00, 0x00, 0x00, 0x00, 0x00, 0x00, 0x00, 0x00, 0x00, 0x00, 0x00,
    0x00, 0x00, 0x00, 0x00, 0x00, 0x00, 0x00, 0x00, 0x00, 0x00, 0x00, 0x00, 0x00, 0x00, 0x00, 0x00,
    0x00, 0x00, 0x00, 0x00, 0x00, 0x00, 0x00, 0x00, 0x00, 0x00, 0x00, 0x00, 0x00, 0x00, 0x00, 0x00,
    0x00, 0x00, 0x00, 0x00, 0x00, 0x00, 0x00, 0x00, 0x00, 0x00, 0x00, 0x00, 0x00, 0x00, 0x00, 0x00,
    0x00, 0x00, 0x00, 0x00, 0x00, 0x00, 0x00, 0x00, 0x00, 0x00, 0x00, 0x00, 0x00, 0x00, 0x00, 0x00,
    0x00, 0x00, 0x00, 0x00, 0x00, 0x00, 0x00, 0x00, 0x00, 0x00, 0x00, 0x00, 0x00, 0x00, 0x00, 0x00,
    0x00, 0x00, 0x00, 0x00, 0x00, 0x00, 0x00, 0x00, 0x00, 0x00, 0x00, 0x00, 0x00, 0x00, 0x00, 0x00,
    0x00, 0x00, 0x00, 0x00, 0x00, 0x00, 0x00, 0x00, 0x00, 0x00, 0x00, 0x00, 0x00, 0x00, 0x00, 0x00,
    0x00, 0x00, 0x00, 0x00, 0x00, 0x00, 0x00, 0x00, 0x00, 0x00, 0x00, 0x00, 0x00, 0x00, 0x00, 0x00,
    0x00, 0x00, 0x00, 0x00, 0x00, 0x00, 0x00, 0x00, 0x00, 0x00, 0x00, 0x00, 0x00, 0x00, 0x00, 0x00,
    0x00, 0x00, 0x00, 0x00, 0x00, 0x00, 0x00, 0x00, 0x00, 0x00, 0x00, 0x00, 0x00, 0x00, 0x00, 0x00,
    0x00, 0x00, 0x00, 0x00, 0x00, 0x00, 0x00, 0x00, 0x00, 0x00, 0x00, 0x00, 0x00, 0x00, 0x00, 0x00,
    0x42, 0x8B, 0xD5, 0x01, 0x42, 0x8B, 0xD5, 0x01, 0x44, 0x8C, 0xD5, 0x03, 0x41, 0x89, 0xD4, 0x03,
    0x46, 0x92, 0xDE, 0x05, 0x4F, 0x9C, 0xDF, 0x0E, 0x4F, 0x9C, 0xDF, 0x0E, 0x2B, 0x57, 0x9D, 0x58,
    0x06, 0x1D, 0x5A, 0xE6, 0x04, 0x1C, 0x56, 0xF4, 0x04, 0x1C, 0x56, 0xF4, 0x06, 0x26, 0x6D, 0xF8,
    0x10, 0x49, 0x9F, 0xF9, 0x11, 0x54, 0xAF, 0xF9, 0x11, 0x54, 0xAF, 0xF9, 0x0C, 0x47, 0xAF, 0xFB,
    0x0F, 0x57, 0xC9, 0xFB, 0x1A, 0x7C, 0xEC, 0xFB, 0x1F, 0x8E, 0xFB, 0xFB, 0x1F, 0x8E, 0xFB, 0xFB,
    0x18, 0x7E, 0xF7, 0xFB, 0x18, 0x87, 0xF7, 0xFC, 0x16, 0x7E, 0xF3, 0xFC, 0x16, 0x7E, 0xF3, 0xFC,
    0x1A, 0x7E, 0xF3, 0xFC, 0x11, 0x74, 0xE9, 0xFC, 0x19, 0x7D, 0xF0, 0xFC, 0x19, 0x7B, 0xF1, 0xFC,
    0x19, 0x7B, 0xF1, 0xFC, 0x1B, 0x89, 0xF8, 0xFC, 0x1F, 0x89, 0xF5, 0xFC, 0x27, 0x7C, 0xDA, 0xFC,
    0x27, 0x7C, 0xDA, 0xFC, 0x0E, 0x46, 0x90, 0xFC, 0x17, 0x49, 0x91, 0xFC, 0x49, 0x8F, 0xD7, 0xFC,
    0x49, 0x8F, 0xD7, 0xFC, 0x48, 0x93, 0xD9, 0xFC, 0x20, 0x58, 0xAF, 0xFC, 0x18, 0x4D, 0xBE, 0xFC,
    0x2D, 0x5B, 0xD1, 0xFC, 0x2D, 0x5B, 0xD1, 0xFC, 0x52, 0x83, 0xEC, 0xFC, 0x5D, 0x85, 0xEE, 0xFC,
    0x3E, 0x51, 0xB5, 0xFC, 0x3E, 0x51, 0xB5, 0xFC, 0x0B, 0x15, 0x74, 0xFC, 0x4A, 0x7E, 0xE5, 0xFB,
    0x61, 0xA3, 0xFC, 0xFB, 0x58, 0x9F, 0xFB, 0xFB, 0x58, 0x9F, 0xFB, 0xFB, 0x56, 0x97, 0xF9, 0xFB,
    0x54, 0x9B, 0xFB, 0xFA, 0x45, 0x87, 0xF2, 0xFA, 0x45, 0x87, 0xF2, 0xFA, 0x39, 0x7F, 0xE4, 0xF8,
    0x2E, 0x6F, 0xCD, 0xF4, 0x14, 0x3D, 0x8B, 0xE1, 0x14, 0x3D, 0x8B, 0xE1, 0x2A, 0x61, 0xA1, 0x9C,
    0x4B, 0x9A, 0xE4, 0x22, 0x3F, 0x87, 0xD7, 0x0D, 0x43, 0x89, 0xD9, 0x05, 0x43, 0x89, 0xD9, 0x05,
    0x43, 0x8A, 0xD9, 0x07, 0x44, 0x8C, 0xDA, 0x08, 0x43, 0x8C, 0xD9, 0x04, 0x43, 0x8C, 0xD9, 0x04,
    0x41, 0x8A, 0xD7, 0x02, 0x40, 0x89, 0xD7, 0x01, 0x3E, 0x88, 0xD6, 0x01, 0x3C, 0x86, 0xD5, 0x01,
    0x3C, 0x86, 0xD5, 0x01, 0x00, 0x00, 0x00, 0x00, 0x00, 0x00, 0x00, 0x00, 0x00, 0x00, 0x00, 0x00,
    0x00, 0x00, 0x00, 0x00, 0x00, 0x00, 0x00, 0x00, 0x00, 0x00, 0x00, 0x00, 0x00, 0x00, 0x00, 0x00,
    0x00, 0x00, 0x00, 0x00, 0x00, 0x00, 0x00, 0x00, 0x00, 0x00, 0x00, 0x00, 0x00, 0x00, 0x00, 0x00,
    0x00, 0x00, 0x00, 0x00, 0x00, 0x00, 0x00, 0x00, 0x00, 0x00, 0x00, 0x00, 0x00, 0x00, 0x00, 0x00,
    0x00, 0x00, 0x00, 0x00, 0x00, 0x00, 0x00, 0x00, 0x00, 0x00, 0x00, 0x00, 0x00, 0x00, 0x00, 0x00,
    0x00, 0x00, 0x00, 0x00, 0x00, 0x00, 0x00, 0x00, 0x00, 0x00, 0x00, 0x00, 0x00, 0x00, 0x00, 0x00,
    0x00, 0x00, 0x00, 0x00, 0x00, 0x00, 0x00, 0x00, 0x00, 0x00, 0x00, 0x00, 0x00, 0x00, 0x00, 0x00,
    0x00, 0x00, 0x00, 0x00, 0x00, 0x00, 0x00, 0x00, 0x00, 0x00, 0x00, 0x00, 0x00, 0x00, 0x00, 0x00,
    0x00, 0x00, 0x00, 0x00, 0x00, 0x00, 0x00, 0x00, 0x00, 0x00, 0x00, 0x00, 0x00, 0x00, 0x00, 0x00,
    0x00, 0x00, 0x00, 0x00, 0x00, 0x00, 0x00, 0x00, 0x00, 0x00, 0x00, 0x00, 0x00, 0x00, 0x00, 0x00,
    0x00, 0x00, 0x00, 0x00, 0x00, 0x00, 0x00, 0x00, 0x00, 0x00, 0x00, 0x00, 0x00, 0x00, 0x00, 0x00,
    0x00, 0x00, 0x00, 0x00, 0x00, 0x00, 0x00, 0x00, 0x00, 0x00, 0x00, 0x00, 0x00, 0x00, 0x00, 0x00,
    0x00, 0x00, 0x00, 0x00, 0x00, 0x00, 0x00, 0x00, 0x00, 0x00, 0x00, 0x00, 0x00, 0x00, 0x00, 0x00,
    0x00, 0x00, 0x00, 0x00, 0x00, 0x00, 0x00, 0x00, 0x00, 0x00, 0x00, 0x00, 0x40, 0x88, 0xD5, 0x01,
    0x41, 0x8B, 0xD6, 0x02, 0x41, 0x8B, 0xD6, 0x02, 0x3C, 0x88, 0xD5, 0x03, 0x49, 0x97, 0xE2, 0x07,
    0x2F, 0x66, 0xAE, 0x56, 0x22, 0x53, 0x8F, 0xA1, 0x22, 0x53, 0x8F, 0xA1, 0x0E, 0x34, 0x74, 0xEC,
    0x16, 0x4D, 0xA1, 0xF3, 0x0F, 0x59, 0xC3, 0xF8, 0x0F, 0x59, 0xC3, 0xF8, 0x1A, 0x79, 0xE9, 0xF8,
    0x20, 0x99, 0xFB, 0xFA, 0x1E, 0x9D, 0xFC, 0xFB, 0x1E, 0x9D, 0xFC, 0xFB, 0x0F, 0x77, 0xEC, 0xFB,
    0x08, 0x6A, 0xE3, 0xFB, 0x08, 0x69, 0xE3, 0xFB, 0x0F, 0x76, 0xED, 0xFB, 0x0F, 0x76, 0xED, 0xFB,
    0x0A, 0x6C, 0xE6, 0xFB, 0x10, 0x7D, 0xEE, 0xFC, 0x11, 0x7E, 0xEF, 0xFC, 0x11, 0x7E, 0xEF, 0xFC,
    0x13, 0x7E, 0xF1, 0xFC, 0x14, 0x84, 0xF4, 0xFC, 0x1C, 0x8F, 0xFA, 0xFC, 0x1C, 0x8C, 0xF8, 0xFC,
    0x1C, 0x8C, 0xF8, 0xFC, 0x1D, 0x91, 0xFB, 0xFC, 0x1F, 0x96, 0xFE, 0xFC, 0x26, 0x97, 0xFD, 0xFC,
    0x26, 0x97, 0xFD, 0xFC, 0x21, 0x7C, 0xDA, 0xFC, 0x18, 0x57, 0xA7, 0xFC, 0x0F, 0x3A, 0x8A, 0xFC,
    0x0F, 0x3A, 0x8A, 0xFC, 0x05, 0x2B, 0x82, 0xFC, 0x16, 0x4B, 0xAD, 0xFC, 0x55, 0xAA, 0xFC, 0xFC,
    0x64, 0xA2, 0xFC, 0xFC, 0x64, 0xA2, 0xFC, 0xFC, 0x6D, 0xA6, 0xFB, 0xFC, 0x61, 0x8A, 0xF3, 0xFC,
    0x5F, 0x7D, 0xE7, 0xFC, 0x5F, 0x7D, 0xE7, 0xFC, 0x21, 0x39, 0x97, 0xFC, 0x1A, 0x45, 0xAB, 0xFB,
    0x5B, 0x9E, 0xFA, 0xFB, 0x4E, 0x96, 0xF9, 0xFB, 0x4E, 0x96, 0xF9, 0xFB, 0x43, 0x84, 0xF0, 0xFB,
    0x45, 0x8B, 0xF6, 0xFA, 0x38, 0x7F, 0xEA, 0xFA, 0x38, 0x7F, 0xEA, 0xFA, 0x25, 0x61, 0xC9, 0xF5,
    0x12, 0x3E, 0x94, 0xF2, 0x14, 0x3E, 0x83, 0xB8, 0x14, 0x3E, 0x83, 0xB8, 0x3B, 0x7C, 0xC1, 0x53,
    0x41, 0x8E, 0xDB, 0x10, 0x40, 0x89, 0xD8, 0x0C, 0x43, 0x8A, 0xD9, 0x09, 0x43, 0x8A, 0xD9, 0x09,
    0x42, 0x89, 0xD9, 0x07, 0x43, 0x8A, 0xD9, 0x07, 0x42, 0x89, 0xD8, 0x06, 0x42, 0x89, 0xD8, 0x06,
    0x40, 0x89, 0xD7, 0x03, 0x3E, 0x88, 0xD6, 0x02, 0x3C, 0x86, 0xD6, 0x01, 0x3A, 0x85, 0xD5, 0x01,
    0x3A, 0x85, 0xD5, 0x01, 0x00, 0x00, 0x00, 0x00, 0x00, 0x00, 0x00, 0x00, 0x00, 0x00, 0x00, 0x00,
    0x00, 0x00, 0x00, 0x00, 0x00, 0x00, 0x00, 0x00, 0x00, 0x00, 0x00, 0x00, 0x00, 0x00, 0x00, 0x00,
    0x00, 0x00, 0x00, 0x00, 0x00, 0x00, 0x00, 0x00, 0x00, 0x00, 0x00, 0x00, 0x00, 0x00, 0x00, 0x00,
    0x00, 0x00, 0x00, 0x00, 0x00, 0x00, 0x00, 0x00, 0x00, 0x00, 0x00, 0x00, 0x00, 0x00, 0x00, 0x00,
    0x00, 0x00, 0x00, 0x00, 0x00, 0x00, 0x00, 0x00, 0x00, 0x00, 0x00, 0x00, 0x00, 0x00, 0x00, 0x00,
    0x00, 0x00, 0x00, 0x00, 0x00, 0x00, 0x00, 0x00, 0x00, 0x00, 0x00, 0x00, 0x00, 0x00, 0x00, 0x00,
    0x00, 0x00, 0x00, 0x00, 0x00, 0x00, 0x00, 0x00, 0x00, 0x00, 0x00, 0x00, 0x00, 0x00, 0x00, 0x00,
    0x00, 0x00, 0x00, 0x00, 0x00, 0x00, 0x00, 0x00, 0x00, 0x00, 0x00, 0x00, 0x00, 0x00, 0x00, 0x00,
    0x00, 0x00, 0x00, 0x00, 0x00, 0x00, 0x00, 0x00, 0x00, 0x00, 0x00, 0x00, 0x00, 0x00, 0x00, 0x00,
    0x00, 0x00, 0x00, 0x00, 0x00, 0x00, 0x00, 0x00, 0x00, 0x00, 0x00, 0x00, 0x00, 0x00, 0x00, 0x00,
    0x00, 0x00, 0x00, 0x00, 0x00, 0x00, 0x00, 0x00, 0x00, 0x00, 0x00, 0x00, 0x00, 0x00, 0x00, 0x00,
    0x00, 0x00, 0x00, 0x00, 0x00, 0x00, 0x00, 0x00, 0x00, 0x00, 0x00, 0x00, 0x00, 0x00, 0x00, 0x00,
    0x00, 0x00, 0x00, 0x00, 0x00, 0x00, 0x00, 0x00, 0x00, 0x00, 0x00, 0x00, 0x00, 0x00, 0x00, 0x00,
    0x00, 0x00, 0x00, 0x00, 0x00, 0x00, 0x00, 0x00, 0x00, 0x00, 0x00, 0x00, 0x40, 0x88, 0xD5, 0x01,
    0x41, 0x8B, 0xD6, 0x02, 0x41, 0x8B, 0xD6, 0x02, 0x3C, 0x88, 0xD5, 0x03, 0x49, 0x97, 0xE2, 0x07,
    0x2F, 0x66, 0xAE, 0x56, 0x22, 0x53, 0x8F, 0xA1, 0x22, 0x53, 0x8F, 0xA1, 0x0E, 0x34, 0x74, 0xEC,
    0x16, 0x4D, 0xA1, 0xF3, 0x0F, 0x59, 0xC3, 0xF8, 0x0F, 0x59, 0xC3, 0xF8, 0x1A, 0x79, 0xE9, 0xF8,
    0x20, 0x99, 0xFB, 0xFA, 0x1E, 0x9D, 0xFC, 0xFB, 0x1E, 0x9D, 0xFC, 0xFB, 0x0F, 0x77, 0xEC, 0xFB,
    0x08, 0x6A, 0xE3, 0xFB, 0x08, 0x69, 0xE3, 0xFB, 0x0F, 0x76, 0xED, 0xFB, 0x0F, 0x76, 0xED, 0xFB,
    0x0A, 0x6C, 0xE6, 0xFB, 0x10, 0x7D, 0xEE, 0xFC, 0x11, 0x7E, 0xEF, 0xFC, 0x11, 0x7E, 0xEF, 0xFC,
    0x13, 0x7E, 0xF1, 0xFC, 0x14, 0x84, 0xF4, 0xFC, 0x1C, 0x8F, 0xFA, 0xFC, 0x1C, 0x8C, 0xF8, 0xFC,
    0x1C, 0x8C, 0xF8, 0xFC, 0x1D, 0x91, 0xFB, 0xFC, 0x1F, 0x96, 0xFE, 0xFC, 0x26, 0x97, 0xFD, 0xFC,
    0x26, 0x97, 0xFD, 0xFC, 0x21, 0x7C, 0xDA, 0xFC, 0x18, 0x57, 0xA7, 0xFC, 0x0F, 0x3A, 0x8A, 0xFC,
    0x0F, 0x3A, 0x8A, 0xFC, 0x05, 0x2B, 0x82, 0xFC, 0x16, 0x4B, 0xAD, 0xFC, 0x55, 0xAA, 0xFC, 0xFC,
    0x64, 0xA2, 0xFC, 0xFC, 0x64, 0xA2, 0xFC, 0xFC, 0x6D, 0xA6, 0xFB, 0xFC, 0x61, 0x8A, 0xF3, 0xFC,
    0x5F, 0x7D, 0xE7, 0xFC, 0x5F, 0x7D, 0xE7, 0xFC, 0x21, 0x39, 0x97, 0xFC, 0x1A, 0x45, 0xAB, 0xFB,
    0x5B, 0x9E, 0xFA, 0xFB, 0x4E, 0x96, 0xF9, 0xFB, 0x4E, 0x96, 0xF9, 0xFB, 0x43, 0x84, 0xF0, 0xFB,
    0x45, 0x8B, 0xF6, 0xFA, 0x38, 0x7F, 0xEA, 0xFA, 0x38, 0x7F, 0xEA, 0xFA, 0x25, 0x61, 0xC9, 0xF5,
    0x12, 0x3E, 0x94, 0xF2, 0x14, 0x3E, 0x83, 0xB8, 0x14, 0x3E, 0x83, 0xB8, 0x3B, 0x7C, 0xC1, 0x53,
    0x41, 0x8E, 0xDB, 0x10, 0x40, 0x89, 0xD8, 0x0C, 0x43, 0x8A, 0xD9, 0x09, 0x43, 0x8A, 0xD9, 0x09,
    0x42, 0x89, 0xD9, 0x07, 0x43, 0x8A, 0xD9, 0x07, 0x42, 0x89, 0xD8, 0x06, 0x42, 0x89, 0xD8, 0x06,
    0x40, 0x89, 0xD7, 0x03, 0x3E, 0x88, 0xD6, 0x02, 0x3C, 0x86, 0xD6, 0x01, 0x3A, 0x85, 0xD5, 0x01,
    0x3A, 0x85, 0xD5, 0x01, 0x00, 0x00, 0x00, 0x00, 0x00, 0x00, 0x00, 0x00, 0x00, 0x00, 0x00, 0x00,
    0x00, 0x00, 0x00, 0x00, 0x00, 0x00, 0x00, 0x00, 0x00, 0x00, 0x00, 0x00, 0x00, 0x00, 0x00, 0x00,
    0x00, 0x00, 0x00, 0x00, 0x00, 0x00, 0x00, 0x00, 0x00, 0x00, 0x00, 0x00, 0x00, 0x00, 0x00, 0x00,
    0x00, 0x00, 0x00, 0x00, 0x00, 0x00, 0x00, 0x00, 0x00, 0x00, 0x00, 0x00, 0x00, 0x00, 0x00, 0x00,
    0x00, 0x00, 0x00, 0x00, 0x00, 0x00, 0x00, 0x00, 0x00, 0x00, 0x00, 0x00, 0x00, 0x00, 0x00, 0x00,
    0x00, 0x00, 0x00, 0x00, 0x00, 0x00, 0x00, 0x00, 0x00, 0x00, 0x00, 0x00, 0x00, 0x00, 0x00, 0x00,
    0x00, 0x00, 0x00, 0x00, 0x00, 0x00, 0x00, 0x00, 0x00, 0x00, 0x00, 0x00, 0x00, 0x00, 0x00, 0x00,
    0x00, 0x00, 0x00, 0x00, 0x00, 0x00, 0x00, 0x00, 0x00, 0x00, 0x00, 0x00, 0x00, 0x00, 0x00, 0x00,
    0x00, 0x00, 0x00, 0x00, 0x00, 0x00, 0x00, 0x00, 0x00, 0x00, 0x00, 0x00, 0x00, 0x00, 0x00, 0x00,
    0x00, 0x00, 0x00, 0x00, 0x00, 0x00, 0x00, 0x00, 0x00, 0x00, 0x00, 0x00, 0x00, 0x00, 0x00, 0x00,
    0x00, 0x00, 0x00, 0x00, 0x00, 0x00, 0x00, 0x00, 0x00, 0x00, 0x00, 0x00, 0x00, 0x00, 0x00, 0x00,
    0x00, 0x00, 0x00, 0x00, 0x00, 0x00, 0x00, 0x00, 0x00, 0x00, 0x00, 0x00, 0x00, 0x00, 0x00, 0x00,
    0x00, 0x00, 0x00, 0x00, 0x00, 0x00, 0x00, 0x00, 0x00, 0x00, 0x00, 0x00, 0x00, 0x00, 0x00, 0x00,
    0x00, 0x00, 0x00, 0x00, 0x00, 0x00, 0x00, 0x00, 0x40, 0x8A, 0xD5, 0x01, 0x3E, 0x88, 0xD4, 0x02,
    0x3E, 0x89, 0xD7, 0x02, 0x3E, 0x89, 0xD7, 0x02, 0x41, 0x8C, 0xD7, 0x16, 0x2B, 0x62, 0x9E, 0x6D,
    0x04, 0x1F, 0x57, 0xE1, 0x09, 0x33, 0x7B, 0xED, 0x09, 0x33, 0x7B, 0xED, 0x19, 0x64, 0xC4, 0xF9,
    0x29, 0xA5, 0xFD, 0xF7, 0x1D, 0x90, 0xFC, 0xFA, 0x1D, 0x90, 0xFC, 0xFA, 0x18, 0x8B, 0xFA, 0xFA,
    0x18, 0x93, 0xFA, 0xFB, 0x1B, 0x96, 0xFB, 0xFB, 0x1B, 0x96, 0xFB, 0xFB, 0x16, 0x87, 0xF4, 0xFB,
    0x13, 0x83, 0xF2, 0xFB, 0x0F, 0x78, 0xE9, 0xFC, 0x12, 0x79, 0xEA, 0xFC, 0x12, 0x79, 0xEA, 0xFC,
    0x18, 0x85, 0xF1, 0xFC, 0x1A, 0x89, 0xF3, 0xFC, 0x16, 0x82, 0xEE, 0xFC, 0x16, 0x82, 0xEE, 0xFC,
    0x1A, 0x87, 0xF3, 0xFC, 0x20, 0x91, 0xF7, 0xFC, 0x25, 0x94, 0xF9, 0xFC, 0x26, 0x90, 0xF5, 0xFC,
    0x26, 0x90, 0xF5, 0xFC, 0x2B, 0x97, 0xFA, 0xFC, 0x2F, 0x9F, 0xFD, 0xFC, 0x2A, 0x89, 0xED, 0xFC,
    0x2A, 0x89, 0xED, 0xFC, 0x14, 0x5F, 0xB7, 0xFC, 0x11, 0x54, 0xA8, 0xFC, 0x16, 0x5C, 0xB9, 0xFC,
    0x16, 0x5C, 0xB9, 0xFC, 0x29, 0x7D, 0xE1, 0xFC, 0x43, 0x97, 0xF6, 0xFC, 0x5A, 0xAE, 0xFE, 0xFC,
    0x60, 0xA3, 0xFC, 0xFC, 0x60, 0xA3, 0xFC, 0xFC, 0x5D, 0x94, 0xF8, 0xFC, 0x5B, 0x8A, 0xF5, 0xFC,
    0x6C, 0xA0, 0xFB, 0xFC, 0x6C, 0xA0, 0xFB, 0xFC, 0x3F, 0x6C, 0xD1, 0xFC, 0x0C, 0x34, 0x94, 0xFB,
    0x41, 0x7C, 0xE0, 0xFB, 0x48, 0x9A, 0xF7, 0xFB, 0x48, 0x9A, 0xF7, 0xFB, 0x3C, 0x8E, 0xF5, 0xFA,
    0x42, 0x89, 0xF3, 0xF9, 0x34, 0x78, 0xD9, 0xF8, 0x34, 0x78, 0xD9, 0xF8, 0x20, 0x5A, 0xAD, 0xF4,
    0x12, 0x35, 0x77, 0xE7, 0x33, 0x6D, 0xAD, 0x6C, 0x33, 0x6D, 0xAD, 0x6C, 0x43, 0x94, 0xDB, 0x25,
    0x39, 0x86, 0xD4, 0x13, 0x3D, 0x88, 0xD7, 0x10, 0x3F, 0x89, 0xD9, 0x08, 0x3F, 0x89, 0xD9, 0x08,
    0x40, 0x88, 0xD8, 0x0A, 0x41, 0x89, 0xD8, 0x06, 0x3F, 0x88, 0xD7, 0x04, 0x3F, 0x88, 0xD7, 0x04,
    0x3D, 0x88, 0xD6, 0x02, 0x3B, 0x87, 0xD5, 0x01, 0x39, 0x85, 0xD5, 0x01, 0x39, 0x84, 0xD4, 0x01,
    0x39, 0x84, 0xD4, 0x01, 0x00, 0x00, 0x00, 0x00, 0x00, 0x00, 0x00, 0x00, 0x00, 0x00, 0x00, 0x00,
    0x00, 0x00, 0x00, 0x00, 0x00, 0x00, 0x00, 0x00, 0x00, 0x00, 0x00, 0x00, 0x00, 0x00, 0x00, 0x00,
    0x00, 0x00, 0x00, 0x00, 0x00, 0x00, 0x00, 0x00, 0x00, 0x00, 0x00, 0x00, 0x00, 0x00, 0x00, 0x00,
    0x00, 0x00, 0x00, 0x00, 0x00, 0x00, 0x00, 0x00, 0x00, 0x00, 0x00, 0x00, 0x00, 0x00, 0x00, 0x00,
    0x00, 0x00, 0x00, 0x00, 0x00, 0x00, 0x00, 0x00, 0x00, 0x00, 0x00, 0x00, 0x00, 0x00, 0x00, 0x00,
    0x00, 0x00, 0x00, 0x00, 0x00, 0x00, 0x00, 0x00, 0x00, 0x00, 0x00, 0x00, 0x00, 0x00, 0x00, 0x00,
    0x00, 0x00, 0x00, 0x00, 0x00, 0x00, 0x00, 0x00, 0x00, 0x00, 0x00, 0x00, 0x00, 0x00, 0x00, 0x00,
    0x00, 0x00, 0x00, 0x00, 0x00, 0x00, 0x00, 0x00, 0x00, 0x00, 0x00, 0x00, 0x00, 0x00, 0x00, 0x00,
    0x00, 0x00, 0x00, 0x00, 0x00, 0x00, 0x00, 0x00, 0x00, 0x00, 0x00, 0x00, 0x00, 0x00, 0x00, 0x00,
    0x00, 0x00, 0x00, 0x00, 0x00, 0x00, 0x00, 0x00, 0x00, 0x00, 0x00, 0x00, 0x00, 0x00, 0x00, 0x00,
    0x00, 0x00, 0x00, 0x00, 0x00, 0x00, 0x00, 0x00, 0x00, 0x00, 0x00, 0x00, 0x00, 0x00, 0x00, 0x00,
    0x00, 0x00, 0x00, 0x00, 0x00, 0x00, 0x00, 0x00, 0x00, 0x00, 0x00, 0x00, 0x00, 0x00, 0x00, 0x00,
    0x00, 0x00, 0x00, 0x00, 0x00, 0x00, 0x00, 0x00, 0x00, 0x00, 0x00, 0x00, 0x00, 0x00, 0x00, 0x00,
    0x40, 0x89, 0xD5, 0x01, 0x40, 0x89, 0xD5, 0x01, 0x3D, 0x89, 0xD5, 0x01, 0x3B, 0x8A, 0xD8, 0x01,
    0x3E, 0x87, 0xCF, 0x1D, 0x3E, 0x87, 0xCF, 0x1D, 0x1B, 0x41, 0x75, 0x96, 0x03, 0x13, 0x3E, 0xD5,
    0x18, 0x53, 0x93, 0xF0, 0x23, 0x81, 0xDE, 0xF1, 0x23, 0x81, 0xDE, 0xF1, 0x20, 0x85, 0xF1, 0xF8,
    0x1E, 0x91, 0xF9, 0xF9, 0x1B, 0x8E, 0xF8, 0xFB, 0x1B, 0x8E, 0xF8, 0xFB, 0x23, 0x97, 0xFB, 0xFB,
    0x20, 0x90, 0xF9, 0xFB, 0x1F, 0x91, 0xF9, 0xFB, 0x1F, 0x91, 0xF9, 0xFB, 0x1F, 0x91, 0xFA, 0xFB,
    0x1A, 0x8B, 0xF7, 0xFB, 0x16, 0x81, 0xED, 0xFC, 0x16, 0x7E, 0xEB, 0xFC, 0x16, 0x7E, 0xEB, 0xFC,
    0x1D, 0x8B, 0xF4, 0xFC, 0x1E, 0x8A, 0xF4, 0xFC, 0x1E, 0x8A, 0xF3, 0xFC, 0x1E, 0x8A, 0xF3, 0xFC,
    0x21, 0x8E, 0xF7, 0xFC, 0x20, 0x8C, 0xF5, 0xFC, 0x25, 0x8F, 0xF6, 0xFC, 0x2C, 0x95, 0xF8, 0xFC,
    0x2C, 0x95, 0xF8, 0xFC, 0x35, 0xA2, 0xFD, 0xFC, 0x33, 0x94, 0xEF, 0xFC, 0x16, 0x54, 0xAB, 0xFC,
    0x16, 0x54, 0xAB, 0xFC, 0x0F, 0x4D, 0xA0, 0xFC, 0x1E, 0x78, 0xD4, 0xFC, 0x34, 0x9E, 0xFB, 0xFC,
    0x34, 0x9E, 0xFB, 0xFC, 0x42, 0xB0, 0xFF, 0xFC, 0x47, 0x9F, 0xFC, 0xFC, 0x51, 0x98, 0xF9, 0xFC,
    0x59, 0x99, 0xFA, 0xFC, 0x59, 0x99, 0xFA, 0xFC, 0x61, 0xA2, 0xFD, 0xFC, 0x5D, 0x91, 0xFA, 0xFC,
    0x5B, 0x85, 0xF4, 0xFC, 0x5B, 0x85, 0xF4, 0xFC, 0x55, 0x7F, 0xE6, 0xFC, 0x18, 0x3A, 0x95, 0xFC,
    0x0F, 0x2B, 0x83, 0xFB, 0x47, 0x95, 0xE8, 0xFB, 0x47, 0x95, 0xE8, 0xFB, 0x3D, 0x8D, 0xE2, 0xFA,
    0x29, 0x54, 0xA3, 0xF9, 0x11, 0x30, 0x73, 0xF7, 0x11, 0x30, 0x73, 0xF7, 0x0A, 0x29, 0x64, 0xF3,
    0x07, 0x13, 0x3F, 0xEF, 0x28, 0x4D, 0x82, 0xAC, 0x28, 0x4D, 0x82, 0xAC, 0x4A, 0x96, 0xDA, 0x69,
    0x3C, 0x90, 0xDE, 0x0E, 0x38, 0x87, 0xD8, 0x08, 0x3C, 0x8A, 0xDA, 0x0A, 0x3C, 0x8A, 0xDA, 0x0A,
    0x3C, 0x88, 0xD6, 0x0B, 0x3E, 0x87, 0xD8, 0x04, 0x3C, 0x86, 0xD6, 0x05, 0x3C, 0x86, 0xD6, 0x05,
    0x3A, 0x86, 0xD5, 0x03, 0x39, 0x84, 0xD4, 0x01, 0x37, 0x84, 0xD4, 0x01, 0x36, 0x83, 0xD3, 0x01,
    0x36, 0x83, 0xD3, 0x01, 0x36, 0x82, 0xD2, 0x01, 0x00, 0x00, 0x00, 0x00, 0x00, 0x00, 0x00, 0x00,
    0x00, 0x00, 0x00, 0x00, 0x00, 0x00, 0x00, 0x00, 0x00, 0x00, 0x00, 0x00, 0x00, 0x00, 0x00, 0x00,
    0x00, 0x00, 0x00, 0x00, 0x00, 0x00, 0x00, 0x00, 0x00, 0x00, 0x00, 0x00, 0x00, 0x00, 0x00, 0x00,
    0x00, 0x00, 0x00, 0x00, 0x00, 0x00, 0x00, 0x00, 0x00, 0x00, 0x00, 0x00, 0x00, 0x00, 0x00, 0x00,
    0x00, 0x00, 0x00, 0x00, 0x00, 0x00, 0x00, 0x00, 0x00, 0x00, 0x00, 0x00, 0x00, 0x00, 0x00, 0x00,
    0x00, 0x00, 0x00, 0x00, 0x00, 0x00, 0x00, 0x00, 0x00, 0x00, 0x00, 0x00, 0x00, 0x00, 0x00, 0x00,
    0x00, 0x00, 0x00, 0x00, 0x00, 0x00, 0x00, 0x00, 0x00, 0x00, 0x00, 0x00, 0x00, 0x00, 0x00, 0x00,
    0x00, 0x00, 0x00, 0x00, 0x00, 0x00, 0x00, 0x00, 0x00, 0x00, 0x00, 0x00, 0x00, 0x00, 0x00, 0x00,
    0x00, 0x00, 0x00, 0x00, 0x00, 0x00, 0x00, 0x00, 0x00, 0x00, 0x00, 0x00, 0x00, 0x00, 0x00, 0x00,
    0x00, 0x00, 0x00, 0x00, 0x00, 0x00, 0x00, 0x00, 0x00, 0x00, 0x00, 0x00, 0x00, 0x00, 0x00, 0x00,
    0x00, 0x00, 0x00, 0x00, 0x00, 0x00, 0x00, 0x00, 0x00, 0x00, 0x00, 0x00, 0x00, 0x00, 0x00, 0x00,
    0x00, 0x00, 0x00, 0x00, 0x00, 0x00, 0x00, 0x00, 0x00, 0x00, 0x00, 0x00, 0x00, 0x00, 0x00, 0x00,
    0x00, 0x00, 0x00, 0x00, 0x00, 0x00, 0x00, 0x00, 0x00, 0x00, 0x00, 0x00, 0x42, 0x8C, 0xD6, 0x01,
    0x3F, 0x8A, 0xD6, 0x02, 0x3F, 0x8A, 0xD6, 0x02, 0x3E, 0x8A, 0xD8, 0x01, 0x41, 0x86, 0xD2, 0x10,
    0x12, 0x38, 0x6C, 0x9B, 0x12, 0x38, 0x6C, 0x9B, 0x05, 0x20, 0x4B, 0xE4, 0x1E, 0x5A, 0xA3, 0xEA,
    0x27, 0x91, 0xEC, 0xF3, 0x26, 0x99, 0xF9, 0xF9, 0x26, 0x99, 0xF9, 0xF9, 0x1D, 0x8A, 0xF7, 0xF9,
    0x1E, 0x8C, 0xF7, 0xFA, 0x21, 0x91, 0xF8, 0xFB, 0x21, 0x91, 0xF8, 0xFB, 0x23, 0x95, 0xFA, 0xFB,
    0x20, 0x8F, 0xF9, 0xFB, 0x22, 0x92, 0xF9, 0xFB, 0x22, 0x92, 0xF9, 0xFB, 0x1A, 0x88, 0xF3, 0xFB,
    0x18, 0x84, 0xF1, 0xFC, 0x17, 0x85, 0xF0, 0xFC, 0x1C, 0x8C, 0xF5, 0xFC, 0x1C, 0x8C, 0xF5, 0xFC,
    0x1F, 0x8C, 0xF5, 0xFC, 0x21, 0x91, 0xF8, 0xFC, 0x22, 0x94, 0xFB, 0xFC, 0x22, 0x94, 0xFB, 0xFC,
    0x21, 0x92, 0xFB, 0xFC, 0x1F, 0x8E, 0xF7, 0xFC, 0x25, 0x94, 0xFA, 0xFC, 0x2B, 0x98, 0xFA, 0xFC,
    0x2B, 0x98, 0xFA, 0xFC, 0x32, 0xA4, 0xFE, 0xFC, 0x23, 0x82, 0xE3, 0xFC, 0x0F, 0x52, 0xB2, 0xFC,
    0x0F, 0x52, 0xB2, 0xFC, 0x28, 0x89, 0xE6, 0xFC, 0x37, 0xAB, 0xFF, 0xFC, 0x3A, 0xA6, 0xFF, 0xFC,
    0x3A, 0xA6, 0xFF, 0xFC, 0x42, 0xA7, 0xFE, 0xFC, 0x48, 0x9F, 0xFC, 0xFC, 0x55, 0x9F, 0xFC, 0xFC,
    0x5B, 0x9A, 0xFB, 0xFC, 0x5B, 0x9A, 0xFB, 0xFC, 0x61, 0xA3, 0xFD, 0xFC, 0x5A, 0x91, 0xFC, 0xFC,
    0x59, 0x8B, 0xF9, 0xFC, 0x59, 0x8B, 0xF9, 0xFC, 0x59, 0x97, 0xF7, 0xFC, 0x32, 0x63, 0xC3, 0xFC,
    0x0C, 0x20, 0x65, 0xFB, 0x11, 0x2B, 0x5D, 0xFB, 0x11, 0x2B, 0x5D, 0xFB, 0x09, 0x1B, 0x4C, 0xFB,
    0x00, 0x05, 0x34, 0xF9, 0x11, 0x36, 0x7B, 0xF7, 0x11, 0x36, 0x7B, 0xF7, 0x20, 0x6B, 0xB0, 0xF4,
    0x0D, 0x36, 0x78, 0xF5, 0x03, 0x0E, 0x3B, 0xF5, 0x03, 0x0E, 0x3B, 0xF5, 0x0D, 0x1C, 0x56, 0xE1,
    0x30, 0x70, 0xAF, 0x89, 0x3B, 0x85, 0xD0, 0x53, 0x42, 0x95, 0xE0, 0x11, 0x42, 0x95, 0xE0, 0x11,
    0x3A, 0x87, 0xD8, 0x0E, 0x39, 0x85, 0xD7, 0x06, 0x38, 0x86, 0xD7, 0x06, 0x38, 0x86, 0xD7, 0x06,
    0x37, 0x83, 0xD5, 0x02, 0x36, 0x83, 0xD4, 0x01, 0x35, 0x83, 0xD3, 0x01, 0x35, 0x82, 0xD3, 0x01,
    0x35, 0x82, 0xD3, 0x01, 0x00, 0x00, 0x00, 0x00, 0x00, 0x00, 0x00, 0x00, 0x00, 0x00, 0x00, 0x00,
    0x00, 0x00, 0x00, 0x00, 0x00, 0x00, 0x00, 0x00, 0x00, 0x00, 0x00, 0x00, 0x00, 0x00, 0x00, 0x00,
    0x00, 0x00, 0x00, 0x00, 0x00, 0x00, 0x00, 0x00, 0x00, 0x00, 0x00, 0x00, 0x00, 0x00, 0x00, 0x00,
    0x00, 0x00, 0x00, 0x00, 0x00, 0x00, 0x00, 0x00, 0x00, 0x00, 0x00, 0x00, 0x00, 0x00, 0x00, 0x00,
    0x00, 0x00, 0x00, 0x00, 0x00, 0x00, 0x00, 0x00, 0x00, 0x00, 0x00, 0x00, 0x00, 0x00, 0x00, 0x00,
    0x00, 0x00, 0x00, 0x00, 0x00, 0x00, 0x00, 0x00, 0x00, 0x00, 0x00, 0x00, 0x00, 0x00, 0x00, 0x00,
    0x00, 0x00, 0x00, 0x00, 0x00, 0x00, 0x00, 0x00, 0x00, 0x00, 0x00, 0x00, 0x00, 0x00, 0x00, 0x00,
    0x00, 0x00, 0x00, 0x00, 0x00, 0x00, 0x00, 0x00, 0x00, 0x00, 0x00, 0x00, 0x00, 0x00, 0x00, 0x00,
    0x00, 0x00, 0x00, 0x00, 0x00, 0x00, 0x00, 0x00, 0x00, 0x00, 0x00, 0x00, 0x00, 0x00, 0x00, 0x00,
    0x00, 0x00, 0x00, 0x00, 0x00, 0x00, 0x00, 0x00, 0x00, 0x00, 0x00, 0x00, 0x00, 0x00, 0x00, 0x00,
    0x00, 0x00, 0x00, 0x00, 0x00, 0x00, 0x00, 0x00, 0x00, 0x00, 0x00, 0x00, 0x00, 0x00, 0x00, 0x00,
    0x00, 0x00, 0x00, 0x00, 0x43, 0x8C, 0xD7, 0x01, 0x43, 0x8C, 0xD7, 0x01, 0x42, 0x8C, 0xD7, 0x01,
    0x42, 0x8C, 0xD7, 0x01, 0x43, 0x8B, 0xD7, 0x01, 0x42, 0x8B, 0xD7, 0x01, 0x40, 0x8C, 0xD6, 0x02,
    0x3F, 0x8B, 0xD7, 0x03, 0x3F, 0x8B, 0xD7, 0x03, 0x44, 0x89, 0xD5, 0x05, 0x14, 0x3A, 0x76, 0x86,
    0x05, 0x24, 0x5D, 0xEA, 0x05, 0x24, 0x5D, 0xEA, 0x2A, 0x7E, 0xCA, 0xF1, 0x29, 0x98, 0xF3, 0xF9,
    0x1C, 0x87, 0xF0, 0xF8, 0x1C, 0x8C, 0xF8, 0xF8, 0x1C, 0x8C, 0xF8, 0xF8, 0x1D, 0x8D, 0xFA, 0xFB,
    0x1D, 0x8F, 0xFA, 0xFB, 0x1B, 0x8A, 0xF5, 0xFB, 0x1B, 0x8A, 0xF5, 0xFB, 0x1E, 0x8D, 0xF7, 0xFB,
    0x22, 0x93, 0xFA, 0xFB, 0x1D, 0x8C, 0xF6, 0xFB, 0x1D, 0x8C, 0xF6, 0xFB, 0x16, 0x82, 0xEE, 0xFB,
    0x14, 0x81, 0xEE, 0xFC, 0x17, 0x85, 0xF1, 0xFC, 0x1C, 0x8E, 0xF6, 0xFC, 0x1C, 0x8E, 0xF6, 0xFC,
    0x1C, 0x89, 0xF3, 0xFC, 0x20, 0x91, 0xF7, 0xFC, 0x20, 0x91, 0xF9, 0xFC, 0x20, 0x91, 0xF9, 0xFC,
    0x20, 0x91, 0xFA, 0xFC, 0x1D, 0x8F, 0xF8, 0xFC, 0x22, 0x94, 0xFA, 0xFC, 0x28, 0x96, 0xFA, 0xFC,
    0x28, 0x96, 0xFA, 0xFC, 0x2C, 0xA0, 0xFE, 0xFC, 0x2B, 0x9A, 0xF9, 0xFC, 0x2C, 0x92, 0xF6, 0xFC,
    0x2C, 0x92, 0xF6, 0xFC, 0x32, 0xA1, 0xFD, 0xFC, 0x35, 0xA9, 0xFF, 0xFC, 0x34, 0x9C, 0xFC, 0xFC,
    0x34, 0x9C, 0xFC, 0xFC, 0x3B, 0x9F, 0xFD, 0xFC, 0x46, 0xA1, 0xFD, 0xFC, 0x55, 0xA4, 0xFE, 0xFC,
    0x5C, 0x99, 0xFD, 0xFC, 0x5C, 0x99, 0xFD, 0xFC, 0x5C, 0x96, 0xFC, 0xFC, 0x5D, 0x96, 0xFD, 0xFC,
    0x58, 0x8C, 0xFB, 0xFC, 0x58, 0x8C, 0xFB, 0xFC, 0x4B, 0x82, 0xF1, 0xFC, 0x3F, 0x75, 0xDD, 0xFC,
    0x14, 0x2E, 0x83, 0xFB, 0x01, 0x08, 0x33, 0xFB, 0x01, 0x08, 0x33, 0xFB, 0x02, 0x12, 0x46, 0xFB,
    0x17, 0x55, 0xAD, 0xF8, 0x15, 0x80, 0xE6, 0xF9, 0x15, 0x80, 0xE6, 0xF9, 0x1C, 0x96, 0xF4, 0xF9,
    0x1E, 0x87, 0xE8, 0xF7, 0x24, 0x6A, 0xCC, 0xF2, 0x24, 0x6A, 0xCC, 0xF2, 0x16, 0x46, 0x9B, 0xEC,
    0x11, 0x49, 0x90, 0xE4, 0x0A, 0x2C, 0x71, 0xE9, 0x19, 0x44, 0x83, 0xA2, 0x19, 0x44, 0x83, 0xA2,
    0x32, 0x6E, 0xB9, 0x38, 0x37, 0x8B, 0xDF, 0x08, 0x30, 0x82, 0xD6, 0x06, 0x30, 0x82, 0xD6, 0x06,
    0x33, 0x83, 0xD6, 0x04, 0x33, 0x83, 0xD5, 0x01, 0x33, 0x83, 0xD3, 0x01, 0x00, 0x00, 0x00, 0x00,
    0x00, 0x00, 0x00, 0x00, 0x00, 0x00, 0x00, 0x00, 0x00, 0x00, 0x00, 0x00, 0x00, 0x00, 0x00, 0x00,
    0x00, 0x00, 0x00, 0x00, 0x00, 0x00, 0x00, 0x00, 0x00, 0x00, 0x00, 0x00, 0x00, 0x00, 0x00, 0x00,
    0x00, 0x00, 0x00, 0x00, 0x00, 0x00, 0x00, 0x00, 0x00, 0x00, 0x00, 0x00, 0x00, 0x00, 0x00, 0x00,
    0x00, 0x00, 0x00, 0x00, 0x00, 0x00, 0x00, 0x00, 0x00, 0x00, 0x00, 0x00, 0x00, 0x00, 0x00, 0x00,
    0x00, 0x00, 0x00, 0x00, 0x00, 0x00, 0x00, 0x00, 0x00, 0x00, 0x00, 0x00, 0x00, 0x00, 0x00, 0x00,
    0x00, 0x00, 0x00, 0x00, 0x00, 0x00, 0x00, 0x00, 0x00, 0x00, 0x00, 0x00, 0x00, 0x00, 0x00, 0x00,
    0x00, 0x00, 0x00, 0x00, 0x00, 0x00, 0x00, 0x00, 0x00, 0x00, 0x00, 0x00, 0x00, 0x00, 0x00, 0x00,
    0x00, 0x00, 0x00, 0x00, 0x00, 0x00, 0x00, 0x00, 0x00, 0x00, 0x00, 0x00, 0x00, 0x00, 0x00, 0x00,
    0x00, 0x00, 0x00, 0x00, 0x00, 0x00, 0x00, 0x00, 0x00, 0x00, 0x00, 0x00, 0x00, 0x00, 0x00, 0x00,
    0x00, 0x00, 0x00, 0x00, 0x00, 0x00, 0x00, 0x00, 0x00, 0x00, 0x00, 0x00, 0x00, 0x00, 0x00, 0x00,
    0x00, 0x00, 0x00, 0x00, 0x00, 0x00, 0x00, 0x00, 0x00, 0x00, 0x00, 0x00, 0x00, 0x00, 0x00, 0x00,
    0x00, 0x00, 0x00, 0x00, 0x43, 0x8C, 0xD7, 0x01, 0x43, 0x8C, 0xD7, 0x01, 0x42, 0x8C, 0xD7, 0x01,
    0x42, 0x8C, 0xD7, 0x01, 0x43, 0x8B, 0xD7, 0x01, 0x42, 0x8B, 0xD7, 0x01, 0x40, 0x8C, 0xD6, 0x02,
    0x3F, 0x8B, 0xD7, 0x03, 0x3F, 0x8B, 0xD7, 0x03, 0x44, 0x89, 0xD5, 0x05, 0x14, 0x3A, 0x76, 0x86,
    0x05, 0x24, 0x5D, 0xEA, 0x05, 0x24, 0x5D, 0xEA, 0x2A, 0x7E, 0xCA, 0xF1, 0x29, 0x98, 0xF3, 0xF9,
    0x1C, 0x87, 0xF0, 0xF8, 0x1C, 0x8C, 0xF8, 0xF8, 0x1C, 0x8C, 0xF8, 0xF8, 0x1D, 0x8D, 0xFA, 0xFB,
    0x1D, 0x8F, 0xFA, 0xFB, 0x1B, 0x8A, 0xF5, 0xFB, 0x1B, 0x8A, 0xF5, 0xFB, 0x1E, 0x8D, 0xF7, 0xFB,
    0x22, 0x93, 0xFA, 0xFB, 0x1D, 0x8C, 0xF6, 0xFB, 0x1D, 0x8C, 0xF6, 0xFB, 0x16, 0x82, 0xEE, 0xFB,
    0x14, 0x81, 0xEE, 0xFC, 0x17, 0x85, 0xF1, 0xFC, 0x1C, 0x8E, 0xF6, 0xFC, 0x1C, 0x8E, 0xF6, 0xFC,
    0x1C, 0x89, 0xF3, 0xFC, 0x20, 0x91, 0xF7, 0xFC, 0x20, 0x91, 0xF9, 0xFC, 0x20, 0x91, 0xF9, 0xFC,
    0x20, 0x91, 0xFA, 0xFC, 0x1D, 0x8F, 0xF8, 0xFC, 0x22, 0x94, 0xFA, 0xFC, 0x28, 0x96, 0xFA, 0xFC,
    0x28, 0x96, 0xFA, 0xFC, 0x2C, 0xA0, 0xFE, 0xFC, 0x2B, 0x9A, 0xF9, 0xFC, 0x2C, 0x92, 0xF6, 0xFC,
    0x2C, 0x92, 0xF6, 0xFC, 0x32, 0xA1, 0xFD, 0xFC, 0x35, 0xA9, 0xFF, 0xFC, 0x34, 0x9C, 0xFC, 0xFC,
    0x34, 0x9C, 0xFC, 0xFC, 0x3B, 0x9F, 0xFD, 0xFC, 0x46, 0xA1, 0xFD, 0xFC, 0x55, 0xA4, 0xFE, 0xFC,
    0x5C, 0x99, 0xFD, 0xFC, 0x5C, 0x99, 0xFD, 0xFC, 0x5C, 0x96, 0xFC, 0xFC, 0x5D, 0x96, 0xFD, 0xFC,
    0x58, 0x8C, 0xFB, 0xFC, 0x58, 0x8C, 0xFB, 0xFC, 0x4B, 0x82, 0xF1, 0xFC, 0x3F, 0x75, 0xDD, 0xFC,
    0x14, 0x2E, 0x83, 0xFB, 0x01, 0x08, 0x33, 0xFB, 0x01, 0x08, 0x33, 0xFB, 0x02, 0x12, 0x46, 0xFB,
    0x17, 0x55, 0xAD, 0xF8, 0x15, 0x80, 0xE6, 0xF9, 0x15, 0x80, 0xE6, 0xF9, 0x1C, 0x96, 0xF4, 0xF9,
    0x1E, 0x87, 0xE8, 0xF7, 0x24, 0x6A, 0xCC, 0xF2, 0x24, 0x6A, 0xCC, 0xF2, 0x16, 0x46, 0x9B, 0xEC,
    0x11, 0x49, 0x90, 0xE4, 0x0A, 0x2C, 0x71, 0xE9, 0x19, 0x44, 0x83, 0xA2, 0x19, 0x44, 0x83, 0xA2,
    0x32, 0x6E, 0xB9, 0x38, 0x37, 0x8B, 0xDF, 0x08, 0x30, 0x82, 0xD6, 0x06, 0x30, 0x82, 0xD6, 0x06,
    0x33, 0x83, 0xD6, 0x04, 0x33, 0x83, 0xD5, 0x01, 0x33, 0x83, 0xD3, 0x01, 0x00, 0x00, 0x00, 0x00,
    0x00, 0x00, 0x00, 0x00, 0x00, 0x00, 0x00, 0x00, 0x00, 0x00, 0x00, 0x00, 0x00, 0x00, 0x00, 0x00,
    0x00, 0x00, 0x00, 0x00, 0x00, 0x00, 0x00, 0x00, 0x00, 0x00, 0x00, 0x00, 0x00, 0x00, 0x00, 0x00,
    0x00, 0x00, 0x00, 0x00, 0x00, 0x00, 0x00, 0x00, 0x00, 0x00, 0x00, 0x00, 0x00, 0x00, 0x00, 0x00,
    0x00, 0x00, 0x00, 0x00, 0x00, 0x00, 0x00, 0x00, 0x00, 0x00, 0x00, 0x00, 0x00, 0x00, 0x00, 0x00,
    0x00, 0x00, 0x00, 0x00, 0x00, 0x00, 0x00, 0x00, 0x00, 0x00, 0x00, 0x00, 0x00, 0x00, 0x00, 0x00,
    0x00, 0x00, 0x00, 0x00, 0x00, 0x00, 0x00, 0x00, 0x00, 0x00, 0x00, 0x00, 0x00, 0x00, 0x00, 0x00,
    0x00, 0x00, 0x00, 0x00, 0x00, 0x00, 0x00, 0x00, 0x00, 0x00, 0x00, 0x00, 0x00, 0x00, 0x00, 0x00,
    0x00, 0x00, 0x00, 0x00, 0x00, 0x00, 0x00, 0x00, 0x00, 0x00, 0x00, 0x00, 0x00, 0x00, 0x00, 0x00,
    0x00, 0x00, 0x00, 0x00, 0x00, 0x00, 0x00, 0x00, 0x00, 0x00, 0x00, 0x00, 0x00, 0x00, 0x00, 0x00,
    0x00, 0x00, 0x00, 0x00, 0x00, 0x00, 0x00, 0x00, 0x00, 0x00, 0x00, 0x00, 0x00, 0x00, 0x00, 0x00,
    0x00, 0x00, 0x00, 0x00, 0x00, 0x00, 0x00, 0x00, 0x42, 0x8B, 0xD7, 0x01, 0x42, 0x8C, 0xD9, 0x02,
    0x42, 0x8C, 0xD9, 0x02, 0x40, 0x8B, 0xD9, 0x02, 0x41, 0x8C, 0xD9, 0x04, 0x40, 0x8C, 0xDB, 0x03,
    0x40, 0x8C, 0xDB, 0x03, 0x40, 0x8E, 0xDC, 0x02, 0x3F, 0x8D, 0xDC, 0x03, 0x3E, 0x8E, 0xDD, 0x03,
    0x44, 0x97, 0xE6, 0x03, 0x44, 0x97, 0xE6, 0x03, 0x2A, 0x6A, 0xAE, 0x62, 0x03, 0x1D, 0x5E, 0xF5,
    0x22, 0x72, 0xCC, 0xF3, 0x22, 0x72, 0xCC, 0xF3, 0x29, 0x9A, 0xF4, 0xF4, 0x1F, 0x92, 0xF6, 0xF7,
    0x1C, 0x8B, 0xF5, 0xFA, 0x21, 0x8F, 0xF9, 0xF9, 0x21, 0x8F, 0xF9, 0xF9, 0x1D, 0x8C, 0xF9, 0xFA,
    0x1C, 0x90, 0xFA, 0xFB, 0x1A, 0x8B, 0xF6, 0xFB, 0x1A, 0x8B, 0xF6, 0xFB, 0x1F, 0x8F, 0xF9, 0xFB,
    0x1E, 0x91, 0xF9, 0xFB, 0x19, 0x8A, 0xF4, 0xFC, 0x19, 0x8A, 0xF4, 0xFC, 0x13, 0x82, 0xEF, 0xFC,
    0x12, 0x80, 0xEE, 0xFC, 0x1A, 0x8A, 0xF4, 0xFC, 0x1F, 0x90, 0xF9, 0xFC, 0x1F, 0x90, 0xF9, 0xFC,
    0x22, 0x92, 0xF9, 0xFC, 0x21, 0x94, 0xFA, 0xFC, 0x1B, 0x8D, 0xF5, 0xFC, 0x1B, 0x8D, 0xF5, 0xFC,
    0x16, 0x87, 0xF2, 0xFC, 0x1A, 0x8F, 0xF7, 0xFC, 0x26, 0x9C, 0xFC, 0xFC, 0x2D, 0x9C, 0xFC, 0xFC,
    0x2D, 0x9C, 0xFC, 0xFC, 0x2F, 0xA0, 0xFE, 0xFC, 0x33, 0xA4, 0xFE, 0xFC, 0x36, 0xA7, 0xFE, 0xFC,
    0x36, 0xA7, 0xFE, 0xFC, 0x33, 0xA1, 0xFD, 0xFC, 0x31, 0xA1, 0xFD, 0xFC, 0x33, 0x9F, 0xFD, 0xFC,
    0x33, 0x9F, 0xFD, 0xFC, 0x31, 0x9B, 0xFC, 0xFC, 0x2F, 0x90, 0xF8, 0xFC, 0x3E, 0x92, 0xFB, 0xFC,
    0x53, 0x96, 0xFC, 0xFC, 0x53, 0x96, 0xFC, 0xFC, 0x60, 0x9F, 0xFD, 0xFC, 0x5C, 0x96, 0xFC, 0xFC,
    0x59, 0x8D, 0xFB, 0xFC, 0x59, 0x8D, 0xFB, 0xFC, 0x49, 0x85, 0xF6, 0xFC, 0x42, 0x8B, 0xF5, 0xFC,
    0x1A, 0x50, 0xC0, 0xFC, 0x04, 0x27, 0x7D, 0xFB, 0x04, 0x27, 0x7D, 0xFB, 0x06, 0x37, 0x8C, 0xFB,
    0x18, 0x7F, 0xE5, 0xFA, 0x0C, 0x7C, 0xED, 0xFA, 0x0C, 0x7C, 0xED, 0xFA, 0x0A, 0x81, 0xF2, 0xF8,
    0x0C, 0x7E, 0xF1, 0xFA, 0x1A, 0x8C, 0xF9, 0xF8, 0x1A, 0x8C, 0xF9, 0xF8, 0x1E, 0x88, 0xF7, 0xF9,
    0x1C, 0x83, 0xEF, 0xF1, 0x1E, 0x73, 0xD6, 0xE0, 0x13, 0x40, 0x8C, 0xE9, 0x13, 0x40, 0x8C, 0xE9,
    0x06, 0x1C, 0x58, 0xDA, 0x3C, 0x89, 0xD4, 0x76, 0x33, 0x87, 0xDC, 0x1B, 0x33, 0x87, 0xDC, 0x1B,
    0x2D, 0x82, 0xD6, 0x06, 0x2D, 0x80, 0xD3, 0x03, 0x32, 0x83, 0xD3, 0x01, 0x34, 0x82, 0xD3, 0x01,
    0x34, 0x82, 0xD3, 0x01, 0x00, 0x00, 0x00, 0x00, 0x00, 0x00, 0x00, 0x00, 0x00, 0x00, 0x00, 0x00,
    0x00, 0x00, 0x00, 0x00, 0x00, 0x00, 0x00, 0x00, 0x00, 0x00, 0x00, 0x00, 0x00, 0x00, 0x00, 0x00,
    0x00, 0x00, 0x00, 0x00, 0x00, 0x00, 0x00, 0x00, 0x00, 0x00, 0x00, 0x00, 0x00, 0x00, 0x00, 0x00,
    0x00, 0x00, 0x00, 0x00, 0x00, 0x00, 0x00, 0x00, 0x00, 0x00, 0x00, 0x00, 0x00, 0x00, 0x00, 0x00,
    0x00, 0x00, 0x00, 0x00, 0x00, 0x00, 0x00, 0x00, 0x00, 0x00, 0x00, 0x00, 0x00, 0x00, 0x00, 0x00,
    0x00, 0x00, 0x00, 0x00, 0x00, 0x00, 0x00, 0x00, 0x00, 0x00, 0x00, 0x00, 0x00, 0x00, 0x00, 0x00,
    0x00, 0x00, 0x00, 0x00, 0x00, 0x00, 0x00, 0x00, 0x00, 0x00, 0x00, 0x00, 0x00, 0x00, 0x00, 0x00,
    0x00, 0x00, 0x00, 0x00, 0x00, 0x00, 0x00, 0x00, 0x00, 0x00, 0x00, 0x00, 0x00, 0x00, 0x00, 0x00,
    0x00, 0x00, 0x00, 0x00, 0x00, 0x00, 0x00, 0x00, 0x00, 0x00, 0x00, 0x00, 0x00, 0x00, 0x00, 0x00,
    0x00, 0x00, 0x00, 0x00, 0x41, 0x89, 0xD4, 0x01, 0x42, 0x8A, 0xD4, 0x01, 0x42, 0x8A, 0xD5, 0x02,
    0x42, 0x8A, 0xD5, 0x02, 0x3F, 0x88, 0xD4, 0x03, 0x3E, 0x88, 0xD5, 0x03, 0x3B, 0x8A, 0xD8, 0x02,
    0x3B, 0x8A, 0xD8, 0x02, 0x3A, 0x8A, 0xDA, 0x01, 0x3F, 0x8B, 0xD9, 0x03, 0x3D, 0x85, 0xD2, 0x0A,
    0x3D, 0x85, 0xD2, 0x0A, 0x40, 0x88, 0xD1, 0x0A, 0x3C, 0x82, 0xCA, 0x0E, 0x3D, 0x83, 0xCA, 0x16,
    0x34, 0x76, 0xBA, 0x30, 0x34, 0x76, 0xBA, 0x30, 0x0B, 0x3C, 0x7A, 0xD9, 0x21, 0x74, 0xC4, 0xF2,
    0x29, 0x9C, 0xF7, 0xF5, 0x29, 0x9C, 0xF7, 0xF5, 0x1A, 0x8A, 0xF3, 0xFB, 0x1C, 0x8B, 0xF6, 0xFA,
    0x1E, 0x8D, 0xF7, 0xFA, 0x20, 0x8F, 0xFA, 0xFB, 0x20, 0x8F, 0xFA, 0xFB, 0x1F, 0x8D, 0xF7, 0xFB,
    0x18, 0x89, 0xF4, 0xFB, 0x1A, 0x8B, 0xF5, 0xFB, 0x1A, 0x8B, 0xF5, 0xFB, 0x1E, 0x8E, 0xF7, 0xFB,
    0x1D, 0x8E, 0xF7, 0xFC, 0x15, 0x85, 0xF1, 0xFC, 0x15, 0x85, 0xF1, 0xFC, 0x12, 0x80, 0xEE, 0xFC,
    0x16, 0x84, 0xF1, 0xFC, 0x1B, 0x88, 0xF3, 0xFC, 0x23, 0x91, 0xF9, 0xFC, 0x23, 0x91, 0xF9, 0xFC,
    0x25, 0x93, 0xFB, 0xFC, 0x23, 0x93, 0xFA, 0xFC, 0x16, 0x86, 0xF0, 0xFC, 0x16, 0x86, 0xF0, 0xFC,
    0x0E, 0x7F, 0xEC, 0xFC, 0x1C, 0x8E, 0xF7, 0xFC, 0x29, 0x9B, 0xFD, 0xFC, 0x2F, 0x9D, 0xFD, 0xFC,
    0x2F, 0x9D, 0xFD, 0xFC, 0x34, 0xA2, 0xFE, 0xFC, 0x35, 0xA1, 0xFE, 0xFC, 0x35, 0xA3, 0xFE, 0xFC,
    0x35, 0xA3, 0xFE, 0xFC, 0x37, 0xA4, 0xFE, 0xFC, 0x37, 0xA2, 0xFE, 0xFC, 0x33, 0x9F, 0xFD, 0xFC,
    0x33, 0x9F, 0xFD, 0xFC, 0x2E, 0x99, 0xFC, 0xFD, 0x27, 0x8B, 0xF6, 0xFC, 0x28, 0x84, 0xF7, 0xFC,
    0x3F, 0x8C, 0xFB, 0xFC, 0x3F, 0x8C, 0xFB, 0xFC, 0x59, 0x9D, 0xFC, 0xFC, 0x59, 0x8E, 0xF8, 0xFC,
    0x5D, 0x94, 0xFC, 0xFC, 0x5D, 0x94, 0xFC, 0xFC, 0x4A, 0x83, 0xF7, 0xFC, 0x37, 0x78, 0xF1, 0xFC,
    0x1B, 0x5F, 0xDE, 0xFC, 0x0E, 0x56, 0xCC, 0xFC, 0x0E, 0x56, 0xCC, 0xFC, 0x03, 0x3F, 0xAA, 0xFB,
    0x03, 0x44, 0xB4, 0xFB, 0x0E, 0x78, 0xE9, 0xFC, 0x0E, 0x78, 0xE9, 0xFC, 0x11, 0x83, 0xF7, 0xFA,
    0x10, 0x86, 0xF6, 0xFB, 0x14, 0x8C, 0xFA, 0xFB, 0x14, 0x8C, 0xFA, 0xFB, 0x10, 0x7E, 0xF5, 0xF9,
    0x0A, 0x77, 0xF1, 0xFA, 0x12, 0x81, 0xF2, 0xF8, 0x1A, 0x72, 0xDA, 0xF4, 0x1A, 0x72, 0xDA, 0xF4,
    0x18, 0x4E, 0x9E, 0xEA, 0x08, 0x2B, 0x74, 0xE4, 0x1D, 0x5E, 0xAD, 0xD2, 0x1D, 0x5E, 0xAD, 0xD2,
    0x37, 0x8F, 0xDC, 0x23, 0x31, 0x86, 0xD9, 0x06, 0x31, 0x80, 0xD4, 0x02, 0x33, 0x83, 0xD4, 0x01,
    0x33, 0x83, 0xD4, 0x01, 0x00, 0x00, 0x00, 0x00, 0x00, 0x00, 0x00, 0x00, 0x00, 0x00, 0x00, 0x00,
    0x00, 0x00, 0x00, 0x00, 0x00, 0x00, 0x00, 0x00, 0x00, 0x00, 0x00, 0x00, 0x00, 0x00, 0x00, 0x00,
    0x00, 0x00, 0x00, 0x00, 0x00, 0x00, 0x00, 0x00, 0x00, 0x00, 0x00, 0x00, 0x00, 0x00, 0x00, 0x00,
    0x00, 0x00, 0x00, 0x00, 0x00, 0x00, 0x00, 0x00, 0x00, 0x00, 0x00, 0x00, 0x00, 0x00, 0x00, 0x00,
    0x00, 0x00, 0x00, 0x00, 0x00, 0x00, 0x00, 0x00, 0x00, 0x00, 0x00, 0x00, 0x00, 0x00, 0x00, 0x00,
    0x00, 0x00, 0x00, 0x00, 0x00, 0x00, 0x00, 0x00, 0x00, 0x00, 0x00, 0x00, 0x00, 0x00, 0x00, 0x00,
    0x00, 0x00, 0x00, 0x00, 0x00, 0x00, 0x00, 0x00, 0x00, 0x00, 0x00, 0x00, 0x00, 0x00, 0x00, 0x00,
    0x00, 0x00, 0x00, 0x00, 0x00, 0x00, 0x00, 0x00, 0x00, 0x00, 0x00, 0x00, 0x00, 0x00, 0x00, 0x00,
    0x00, 0x00, 0x00, 0x00, 0x00, 0x00, 0x00, 0x00, 0x00, 0x00, 0x00, 0x00, 0x00, 0x00, 0x00, 0x00,
    0x00, 0x00, 0x00, 0x00, 0x42, 0x8B, 0xD4, 0x01, 0x41, 0x8A, 0xD4, 0x02, 0x3C, 0x89, 0xD6, 0x01,
    0x3C, 0x89, 0xD6, 0x01, 0x00, 0x00, 0x00, 0x00, 0x3E, 0x8F, 0xDE, 0x01, 0x3F, 0x90, 0xDB, 0x11,
    0x3F, 0x90, 0xDB, 0x11, 0x30, 0x78, 0xBF, 0x59, 0x0C, 0x3E, 0x7D, 0xAB, 0x01, 0x17, 0x4D, 0xBF,
    0x01, 0x17, 0x4D, 0xBF, 0x01, 0x19, 0x4A, 0xB9, 0x00, 0x0F, 0x39, 0xC1, 0x01, 0x14, 0x40, 0xCB,
    0x01, 0x0E, 0x38, 0xD1, 0x01, 0x0E, 0x38, 0xD1, 0x07, 0x41, 0x87, 0xF9, 0x24, 0x92, 0xEB, 0xF7,
    0x1B, 0x91, 0xF8, 0xF9, 0x1B, 0x91, 0xF8, 0xF9, 0x1A, 0x91, 0xF8, 0xF9, 0x1A, 0x8A, 0xF6, 0xFA,
    0x1B, 0x8A, 0xF5, 0xFA, 0x23, 0x95, 0xFC, 0xFB, 0x23, 0x95, 0xFC, 0xFB, 0x1D, 0x90, 0xFA, 0xFB,
    0x15, 0x88, 0xF2, 0xFB, 0x1B, 0x8F, 0xF6, 0xFC, 0x1B, 0x8F, 0xF6, 0xFC, 0x20, 0x91, 0xF9, 0xFC,
    0x1E, 0x90, 0xF8, 0xFC, 0x17, 0x89, 0xF3, 0xFC, 0x17, 0x89, 0xF3, 0xFC, 0x15, 0x83, 0xEF, 0xFC,
    0x17, 0x86, 0xF2, 0xFC, 0x1C, 0x8A, 0xF4, 0xFC, 0x26, 0x96, 0xFC, 0xFC, 0x26, 0x96, 0xFC, 0xFC,
    0x2B, 0x99, 0xFD, 0xFC, 0x25, 0x95, 0xFB, 0xFC, 0x18, 0x8A, 0xF3, 0xFC, 0x18, 0x8A, 0xF3, 0xFC,
    0x16, 0x87, 0xF3, 0xFC, 0x22, 0x95, 0xFB, 0xFC, 0x2E, 0xA0, 0xFE, 0xFC, 0x32, 0xA1, 0xFE, 0xFC,
    0x32, 0xA1, 0xFE, 0xFC, 0x34, 0xA2, 0xFE, 0xFC, 0x36, 0xA2, 0xFE, 0xFC, 0x38, 0xA4, 0xFE, 0xFC,
    0x38, 0xA4, 0xFE, 0xFC, 0x37, 0xA3, 0xFE, 0xFC, 0x3A, 0xA5, 0xFE, 0xFC, 0x39, 0xA4, 0xFE, 0xFD,
    0x39, 0xA4, 0xFE, 0xFD, 0x37, 0xA2, 0xFD, 0xFC, 0x33, 0x9A, 0xFC, 0xFD, 0x2E, 0x94, 0xFC, 0xFC,
    0x34, 0x8D, 0xFC, 0xFC, 0x34, 0x8D, 0xFC, 0xFC, 0x47, 0x92, 0xFB, 0xFC, 0x59, 0x96, 0xFB, 0xFC,
    0x5E, 0x9B, 0xFC, 0xFC, 0x5E, 0x9B, 0xFC, 0xFC, 0x4F, 0x89, 0xF5, 0xFC, 0x42, 0x82, 0xF4, 0xFC,
    0x25, 0x77, 0xF1, 0xFC, 0x1E, 0x87, 0xF8, 0xFC, 0x1E, 0x87, 0xF8, 0xFC, 0x0D, 0x5A, 0xC4, 0xFC,
    0x04, 0x2F, 0x8C, 0xFB, 0x13, 0x6A, 0xD5, 0xFB, 0x13, 0x6A, 0xD5, 0xFB, 0x18, 0x8D, 0xFB, 0xFB,
    0x15, 0x8F, 0xFA, 0xFB, 0x19, 0x8E, 0xFB, 0xFB, 0x19, 0x8E, 0xFB, 0xFB, 0x15, 0x87, 0xF8, 0xFB,
    0x12, 0x88, 0xF8, 0xF9, 0x0C, 0x79, 0xED, 0xFB, 0x0E, 0x75, 0xE8, 0xF9, 0x0E, 0x75, 0xE8, 0xF9,
    0x1C, 0x7E, 0xE5, 0xFA, 0x0E, 0x54, 0xB3, 0xF5, 0x17, 0x59, 0xA4, 0xF4, 0x17, 0x59, 0xA4, 0xF4,
    0x11, 0x3D, 0x7C, 0xB1, 0x21, 0x5B, 0xA2, 0x37, 0x00, 0x00, 0x00, 0x00, 0x31, 0x81, 0xD5, 0x02,
    0x31, 0x81, 0xD5, 0x02, 0x00, 0x00, 0x00, 0x00, 0x00, 0x00, 0x00, 0x00, 0x00, 0x00, 0x00, 0x00,
    0x00, 0x00, 0x00, 0x00, 0x00, 0x00, 0x00, 0x00, 0x00, 0x00, 0x00, 0x00, 0x00, 0x00, 0x00, 0x00,
    0x00, 0x00, 0x00, 0x00, 0x00, 0x00, 0x00, 0x00, 0x00, 0x00, 0x00, 0x00, 0x00, 0x00, 0x00, 0x00,
    0x00, 0x00, 0x00, 0x00, 0x00, 0x00, 0x00, 0x00, 0x00, 0x00, 0x00, 0x00, 0x00, 0x00, 0x00, 0x00,
    0x00, 0x00, 0x00, 0x00, 0x00, 0x00, 0x00, 0x00, 0x00, 0x00, 0x00, 0x00, 0x00, 0x00, 0x00, 0x00,
    0x00, 0x00, 0x00, 0x00, 0x00, 0x00, 0x00, 0x00, 0x00, 0x00, 0x00, 0x00, 0x00, 0x00, 0x00, 0x00,
    0x00, 0x00, 0x00, 0x00, 0x00, 0x00, 0x00, 0x00, 0x00, 0x00, 0x00, 0x00, 0x00, 0x00, 0x00, 0x00,
    0x00, 0x00, 0x00, 0x00, 0x00, 0x00, 0x00, 0x00, 0x00, 0x00, 0x00, 0x00, 0x00, 0x00, 0x00, 0x00,
    0x00, 0x00, 0x00, 0x00, 0x00, 0x00, 0x00, 0x00, 0x00, 0x00, 0x00, 0x00, 0x00, 0x00, 0x00, 0x00,
    0x00, 0x00, 0x00, 0x00, 0x42, 0x8B, 0xD4, 0x01, 0x41, 0x8A, 0xD4, 0x02, 0x3C, 0x89, 0xD6, 0x01,
    0x3C, 0x89, 0xD6, 0x01, 0x00, 0x00, 0x00, 0x00, 0x3E, 0x8F, 0xDE, 0x01, 0x3F, 0x90, 0xDB, 0x11,
    0x3F, 0x90, 0xDB, 0x11, 0x30, 0x78, 0xBF, 0x59, 0x0C, 0x3E, 0x7D, 0xAB, 0x01, 0x17, 0x4D, 0xBF,
    0x01, 0x17, 0x4D, 0xBF, 0x01, 0x19, 0x4A, 0xB9, 0x00, 0x0F, 0x39, 0xC1, 0x01, 0x14, 0x40, 0xCB,
    0x01, 0x0E, 0x38, 0xD1, 0x01, 0x0E, 0x38, 0xD1, 0x07, 0x41, 0x87, 0xF9, 0x24, 0x92, 0xEB, 0xF7,
    0x1B, 0x91, 0xF8, 0xF9, 0x1B, 0x91, 0xF8, 0xF9, 0x1A, 0x91, 0xF8, 0xF9, 0x1A, 0x8A, 0xF6, 0xFA,
    0x1B, 0x8A, 0xF5, 0xFA, 0x23, 0x95, 0xFC, 0xFB, 0x23, 0x95, 0xFC, 0xFB, 0x1D, 0x90, 0xFA, 0xFB,
    0x15, 0x88, 0xF2, 0xFB, 0x1B, 0x8F, 0xF6, 0xFC, 0x1B, 0x8F, 0xF6, 0xFC, 0x20, 0x91, 0xF9, 0xFC,
    0x1E, 0x90, 0xF8, 0xFC, 0x17, 0x89, 0xF3, 0xFC, 0x17, 0x89, 0xF3, 0xFC, 0x15, 0x83, 0xEF, 0xFC,
    0x17, 0x86, 0xF2, 0xFC, 0x1C, 0x8A, 0xF4, 0xFC, 0x26, 0x96, 0xFC, 0xFC, 0x26, 0x96, 0xFC, 0xFC,
    0x2B, 0x99, 0xFD, 0xFC, 0x25, 0x95, 0xFB, 0xFC, 0x18, 0x8A, 0xF3, 0xFC, 0x18, 0x8A, 0xF3, 0xFC,
    0x16, 0x87, 0xF3, 0xFC, 0x22, 0x95, 0xFB, 0xFC, 0x2E, 0xA0, 0xFE, 0xFC, 0x32, 0xA1, 0xFE, 0xFC,
    0x32, 0xA1, 0xFE, 0xFC, 0x34, 0xA2, 0xFE, 0xFC, 0x36, 0xA2, 0xFE, 0xFC, 0x38, 0xA4, 0xFE, 0xFC,
    0x38, 0xA4, 0xFE, 0xFC, 0x37, 0xA3, 0xFE, 0xFC, 0x3A, 0xA5, 0xFE, 0xFC, 0x39, 0xA4, 0xFE, 0xFD,
    0x39, 0xA4, 0xFE, 0xFD, 0x37, 0xA2, 0xFD, 0xFC, 0x33, 0x9A, 0xFC, 0xFD, 0x2E, 0x94, 0xFC, 0xFC,
    0x34, 0x8D, 0xFC, 0xFC, 0x34, 0x8D, 0xFC, 0xFC, 0x47, 0x92, 0xFB, 0xFC, 0x59, 0x96, 0xFB, 0xFC,
    0x5E, 0x9B, 0xFC, 0xFC, 0x5E, 0x9B, 0xFC, 0xFC, 0x4F, 0x89, 0xF5, 0xFC, 0x42, 0x82, 0xF4, 0xFC,
    0x25, 0x77, 0xF1, 0xFC, 0x1E, 0x87, 0xF8, 0xFC, 0x1E, 0x87, 0xF8, 0xFC, 0x0D, 0x5A, 0xC4, 0xFC,
    0x04, 0x2F, 0x8C, 0xFB, 0x13, 0x6A, 0xD5, 0xFB, 0x13, 0x6A, 0xD5, 0xFB, 0x18, 0x8D, 0xFB, 0xFB,
    0x15, 0x8F, 0xFA, 0xFB, 0x19, 0x8E, 0xFB, 0xFB, 0x19, 0x8E, 0xFB, 0xFB, 0x15, 0x87, 0xF8, 0xFB,
    0x12, 0x88, 0xF8, 0xF9, 0x0C, 0x79, 0xED, 0xFB, 0x0E, 0x75, 0xE8, 0xF9, 0x0E, 0x75, 0xE8, 0xF9,
    0x1C, 0x7E, 0xE5, 0xFA, 0x0E, 0x54, 0xB3, 0xF5, 0x17, 0x59, 0xA4, 0xF4, 0x17, 0x59, 0xA4, 0xF4,
    0x11, 0x3D, 0x7C, 0xB1, 0x21, 0x5B, 0xA2, 0x37, 0x00, 0x00, 0x00, 0x00, 0x31, 0x81, 0xD5, 0x02,
    0x31, 0x81, 0xD5, 0x02, 0x00, 0x00, 0x00, 0x00, 0x00, 0x00, 0x00, 0x00, 0x00, 0x00, 0x00, 0x00,
    0x00, 0x00, 0x00, 0x00, 0x00, 0x00, 0x00, 0x00, 0x00, 0x00, 0x00, 0x00, 0x00, 0x00, 0x00, 0x00,
    0x00, 0x00, 0x00, 0x00, 0x00, 0x00, 0x00, 0x00, 0x00, 0x00, 0x00, 0x00, 0x00, 0x00, 0x00, 0x00,
    0x00, 0x00, 0x00, 0x00, 0x00, 0x00, 0x00, 0x00, 0x00, 0x00, 0x00, 0x00, 0x00, 0x00, 0x00, 0x00,
    0x00, 0x00, 0x00, 0x00, 0x00, 0x00, 0x00, 0x00, 0x00, 0x00, 0x00, 0x00, 0x00, 0x00, 0x00, 0x00,
    0x00, 0x00, 0x00, 0x00, 0x00, 0x00, 0x00, 0x00, 0x00, 0x00, 0x00, 0x00, 0x00, 0x00, 0x00, 0x00,
    0x00, 0x00, 0x00, 0x00, 0x00, 0x00, 0x00, 0x00, 0x00, 0x00, 0x00, 0x00, 0x00, 0x00, 0x00, 0x00,
    0x00, 0x00, 0x00, 0x00, 0x00, 0x00, 0x00, 0x00, 0x00, 0x00, 0x00, 0x00, 0x00, 0x00, 0x00, 0x00,
    0x00, 0x00, 0x00, 0x00, 0x00, 0x00, 0x00, 0x00, 0x3F, 0x87, 0xD0, 0x01, 0x3F, 0x87, 0xD0, 0x01,
    0x41, 0x8A, 0xD2, 0x01, 0x3F, 0x89, 0xD2, 0x02, 0x3E, 0x8A, 0xD5, 0x02, 0x3A, 0x82, 0xCB, 0x10,
    0x3A, 0x82, 0xCB, 0x10, 0x1C, 0x54, 0x8D, 0x61, 0x1C, 0x54, 0x88, 0x8C, 0x07, 0x2F, 0x64, 0x9D,
    0x07, 0x2F, 0x64, 0x9D, 0x02, 0x18, 0x4D, 0xD2, 0x20, 0x64, 0xA0, 0xFC, 0x32, 0x85, 0xC9, 0xFA,
    0x32, 0x85, 0xC9, 0xFA, 0x33, 0x8C, 0xD4, 0xF8, 0x2F, 0x85, 0xCE, 0xFB, 0x32, 0x8C, 0xD3, 0xF9,
    0x29, 0x7D, 0xCE, 0xFA, 0x29, 0x7D, 0xCE, 0xFA, 0x29, 0x91, 0xE8, 0xF8, 0x25, 0x99, 0xF9, 0xFA,
    0x1C, 0x93, 0xF9, 0xFB, 0x1C, 0x93, 0xF9, 0xFB, 0x19, 0x8E, 0xF9, 0xFB, 0x17, 0x87, 0xF4, 0xFB,
    0x16, 0x84, 0xF0, 0xFB, 0x21, 0x91, 0xFB, 0xFB, 0x21, 0x91, 0xFB, 0xFB, 0x1B, 0x8C, 0xF8, 0xFC,
    0x14, 0x87, 0xF1, 0xFB, 0x1D, 0x8E, 0xF7, 0xFC, 0x1D, 0x8E, 0xF7, 0xFC, 0x24, 0x93, 0xFA, 0xFC,
    0x20, 0x8E, 0xF7, 0xFC, 0x1B, 0x8B, 0xF5, 0xFC, 0x1B, 0x8B, 0xF5, 0xFC, 0x17, 0x83, 0xEF, 0xFC,
    0x17, 0x85, 0xF0, 0xFC, 0x1E, 0x8E, 0xF7, 0xFC, 0x26, 0x95, 0xFB, 0xFC, 0x26, 0x95, 0xFB, 0xFC,
    0x29, 0x97, 0xFC, 0xFC, 0x26, 0x98, 0xFB, 0xFC, 0x1F, 0x93, 0xFA, 0xFC, 0x1F, 0x93, 0xFA, 0xFC,
    0x23, 0x95, 0xFC, 0xFC, 0x28, 0x9A, 0xFD, 0xFC, 0x2C, 0x9C, 0xFD, 0xFC, 0x32, 0xA2, 0xFE, 0xFC,
    0x32, 0xA2, 0xFE, 0xFC, 0x35, 0xA3, 0xFE, 0xFC, 0x36, 0xA3, 0xFF, 0xFC, 0x37, 0xA3, 0xFF, 0xFC,
    0x37, 0xA3, 0xFF, 0xFC, 0x38, 0xA4, 0xFE, 0xFC, 0x38, 0xA3, 0xFE, 0xFC, 0x38, 0xA2, 0xFE, 0xFC,
    0x38, 0xA2, 0xFE, 0xFC, 0x38, 0xA3, 0xFE, 0xFD, 0x37, 0xA2, 0xFD, 0xFD, 0x36, 0xA0, 0xFD, 0xFD,
    0x31, 0x92, 0xFC, 0xFC, 0x31, 0x92, 0xFC, 0xFC, 0x3C, 0x93, 0xFC, 0xFC, 0x4B, 0x90, 0xFA, 0xFC,
    0x59, 0x95, 0xFA, 0xFC, 0x59, 0x95, 0xFA, 0xFC, 0x5A, 0x97, 0xF7, 0xFC, 0x52, 0x96, 0xF9, 0xFC,
    0x2D, 0x7B, 0xEF, 0xFC, 0x19, 0x7C, 0xF4, 0xFC, 0x19, 0x7C, 0xF4, 0xFC, 0x11, 0x5D, 0xCC, 0xFC,
    0x02, 0x1C, 0x73, 0xFC, 0x0A, 0x48, 0xAE, 0xFC, 0x0A, 0x48, 0xAE, 0xFC, 0x18, 0x8C, 0xF9, 0xFC,
    0x12, 0x8A, 0xF8, 0xFC, 0x15, 0x88, 0xF8, 0xFC, 0x15, 0x88, 0xF8, 0xFC, 0x18, 0x8C, 0xF9, 0xFC,
    0x16, 0x8C, 0xFA, 0xFB, 0x13, 0x87, 0xF6, 0xFB, 0x14, 0x89, 0xF8, 0xFA, 0x14, 0x89, 0xF8, 0xFA,
    0x14, 0x86, 0xF5, 0xF9, 0x1A, 0x89, 0xF2, 0xF8, 0x22, 0x85, 0xE5, 0xF6, 0x22, 0x85, 0xE5, 0xF6,
    0x0E, 0x3E, 0x8D, 0xF8, 0x02, 0x14, 0x50, 0xC9, 0x29, 0x71, 0xBA, 0x2B, 0x39, 0x8F, 0xE5, 0x05,
    0x39, 0x8F, 0xE5, 0x05, 0x31, 0x83, 0xD8, 0x03, 0x34, 0x86, 0xD7, 0x01, 0x00, 0x00, 0x00, 0x00,
    0x00, 0x00, 0x00, 0x00, 0x00, 0x00, 0x00, 0x00, 0x00, 0x00, 0x00, 0x00, 0x00, 0x00, 0x00, 0x00,
    0x00, 0x00, 0x00, 0x00, 0x00, 0x00, 0x00, 0x00, 0x00, 0x00, 0x00, 0x00, 0x00, 0x00, 0x00, 0x00,
    0x00, 0x00, 0x00, 0x00, 0x00, 0x00, 0x00, 0x00, 0x00, 0x00, 0x00, 0x00, 0x00, 0x00, 0x00, 0x00,
    0x00, 0x00, 0x00, 0x00, 0x00, 0x00, 0x00, 0x00, 0x00, 0x00, 0x00, 0x00, 0x00, 0x00, 0x00, 0x00,
    0x00, 0x00, 0x00, 0x00, 0x00, 0x00, 0x00, 0x00, 0x00, 0x00, 0x00, 0x00, 0x00, 0x00, 0x00, 0x00,
    0x00, 0x00, 0x00, 0x00, 0x00, 0x00, 0x00, 0x00, 0x00, 0x00, 0x00, 0x00, 0x00, 0x00, 0x00, 0x00,
    0x00, 0x00, 0x00, 0x00, 0x00, 0x00, 0x00, 0x00, 0x00, 0x00, 0x00, 0x00, 0x00, 0x00, 0x00, 0x00,
    0x00, 0x00, 0x00, 0x00, 0x3D, 0x88, 0xD0, 0x01, 0x3E, 0x88, 0xD1, 0x01, 0x3E, 0x88, 0xD1, 0x01,
    0x3F, 0x8A, 0xD0, 0x01, 0x3C, 0x89, 0xD2, 0x01, 0x3D, 0x88, 0xD1, 0x02, 0x1A, 0x47, 0x7B, 0x56,
    0x1A, 0x47, 0x7B, 0x56, 0x03, 0x19, 0x37, 0xF0, 0x18, 0x50, 0x7C, 0xF7, 0x18, 0x57, 0x90, 0xF7,
    0x18, 0x57, 0x90, 0xF7, 0x38, 0x81, 0xC9, 0xF9, 0x52, 0xB4, 0xFB, 0xF3, 0x44, 0xB0, 0xFD, 0xF4,
    0x44, 0xB0, 0xFD, 0xF4, 0x3A, 0xAF, 0xFF, 0xF4, 0x30, 0xA6, 0xFD, 0xF6, 0x2E, 0xA6, 0xFD, 0xF4,
    0x26, 0x9A, 0xF9, 0xF9, 0x26, 0x9A, 0xF9, 0xF9, 0x23, 0x98, 0xF9, 0xF9, 0x1F, 0x94, 0xF9, 0xFA,
    0x21, 0x9C, 0xFD, 0xFB, 0x21, 0x9C, 0xFD, 0xFB, 0x20, 0x98, 0xFD, 0xFB, 0x16, 0x86, 0xF3, 0xFB,
    0x15, 0x86, 0xF0, 0xFB, 0x20, 0x93, 0xFA, 0xFB, 0x20, 0x93, 0xFA, 0xFB, 0x1A, 0x8D, 0xF8, 0xFC,
    0x16, 0x89, 0xF4, 0xFC, 0x21, 0x92, 0xFA, 0xFC, 0x21, 0x92, 0xFA, 0xFC, 0x28, 0x98, 0xFB, 0xFC,
    0x22, 0x8F, 0xF8, 0xFC, 0x1E, 0x8F, 0xF8, 0xFC, 0x1E, 0x8F, 0xF8, 0xFC, 0x18, 0x86, 0xF1, 0xFC,
    0x19, 0x87, 0xF1, 0xFC, 0x1F, 0x90, 0xF7, 0xFC, 0x27, 0x97, 0xFC, 0xFC, 0x27, 0x97, 0xFC, 0xFC,
    0x2B, 0x9B, 0xFD, 0xFC, 0x26, 0x98, 0xFC, 0xFC, 0x1F, 0x93, 0xFA, 0xFC, 0x1F, 0x93, 0xFA, 0xFC,
    0x24, 0x98, 0xFD, 0xFC, 0x27, 0x9E, 0xFE, 0xFC, 0x2D, 0xA1, 0xFE, 0xFC, 0x32, 0xA2, 0xFE, 0xFC,
    0x32, 0xA2, 0xFE, 0xFC, 0x35, 0xA4, 0xFF, 0xFC, 0x36, 0xA4, 0xFF, 0xFC, 0x37, 0xA4, 0xFE, 0xFC,
    0x37, 0xA4, 0xFE, 0xFC, 0x37, 0xA3, 0xFE, 0xFC, 0x37, 0xA4, 0xFE, 0xFC, 0x36, 0xA2, 0xFE, 0xFC,
    0x36, 0xA2, 0xFE, 0xFC, 0x36, 0xA2, 0xFD, 0xFC, 0x36, 0xA1, 0xFD, 0xFD, 0x34, 0x9F, 0xFD, 0xFC,
    0x34, 0x9C, 0xFD, 0xFD, 0x34, 0x9C, 0xFD, 0xFD, 0x33, 0x97, 0xFD, 0xFC, 0x38, 0x8C, 0xF9, 0xFC,
    0x44, 0x8A, 0xF7, 0xFC, 0x44, 0x8A, 0xF7, 0xFC, 0x53, 0x9C, 0xFA, 0xFC, 0x54, 0x9E, 0xFB, 0xFC,
    0x2C, 0x76, 0xEA, 0xFC, 0x14, 0x6D, 0xE9, 0xFC, 0x14, 0x6D, 0xE9, 0xFC, 0x18, 0x73, 0xE6, 0xFC,
    0x0A, 0x3C, 0xA0, 0xFC, 0x06, 0x44, 0xA2, 0xFC, 0x06, 0x44, 0xA2, 0xFC, 0x1B, 0x8F, 0xF6, 0xFC,
    0x14, 0x8C, 0xF8, 0xFC, 0x17, 0x8E, 0xF7, 0xFC, 0x17, 0x8E, 0xF7, 0xFC, 0x18, 0x8D, 0xF7, 0xFC,
    0x16, 0x8B, 0xF8, 0xFB, 0x18, 0x8D, 0xF9, 0xFB, 0x19, 0x92, 0xFB, 0xFA, 0x19, 0x92, 0xFB, 0xFA,
    0x16, 0x88, 0xF7, 0xFA, 0x15, 0x88, 0xF6, 0xFA, 0x19, 0x87, 0xF3, 0xF9, 0x19, 0x87, 0xF3, 0xF9,
    0x23, 0x83, 0xE0, 0xF6, 0x17, 0x50, 0x9B, 0xF1, 0x11, 0x3E, 0x7B, 0xA4, 0x29, 0x68, 0xB9, 0x1F,
    0x29, 0x68, 0xB9, 0x1F, 0x00, 0x00, 0x00, 0x00, 0x2E, 0x82, 0xD5, 0x04, 0x35, 0x86, 0xD8, 0x01,
    0x35, 0x86, 0xD8, 0x01, 0x34, 0x83, 0xD5, 0x01, 0x00, 0x00, 0x00, 0x00, 0x00, 0x00, 0x00, 0x00,
    0x00, 0x00, 0x00, 0x00, 0x00, 0x00, 0x00, 0x00, 0x00, 0x00, 0x00, 0x00, 0x00, 0x00, 0x00, 0x00,
    0x00, 0x00, 0x00, 0x00, 0x00, 0x00, 0x00, 0x00, 0x00, 0x00, 0x00, 0x00, 0x00, 0x00, 0x00, 0x00,
    0x00, 0x00, 0x00, 0x00, 0x00, 0x00, 0x00, 0x00, 0x00, 0x00, 0x00, 0x00, 0x00, 0x00, 0x00, 0x00,
    0x00, 0x00, 0x00, 0x00, 0x00, 0x00, 0x00, 0x00, 0x00, 0x00, 0x00, 0x00, 0x00, 0x00, 0x00, 0x00,
    0x00, 0x00, 0x00, 0x00, 0x00, 0x00, 0x00, 0x00, 0x00, 0x00, 0x00, 0x00, 0x00, 0x00, 0x00, 0x00,
    0x00, 0x00, 0x00, 0x00, 0x00, 0x00, 0x00, 0x00, 0x00, 0x00, 0x00, 0x00, 0x00, 0x00, 0x00, 0x00,
    0x00, 0x00, 0x00, 0x00, 0x3D, 0x88, 0xD1, 0x01, 0x3D, 0x88, 0xD0, 0x03, 0x3D, 0x88, 0xD0, 0x03,
    0x3F, 0x89, 0xCF, 0x03, 0x3A, 0x86, 0xCC, 0x16, 0x2B, 0x69, 0xA9, 0x5F, 0x02, 0x0D, 0x40, 0xA6,
    0x02, 0x0D, 0x40, 0xA6, 0x2B, 0x62, 0xA4, 0xE1, 0x64, 0xC3, 0xFC, 0xEC, 0x55, 0xB5, 0xFD, 0xF1,
    0x55, 0xB5, 0xFD, 0xF1, 0x56, 0xAB, 0xFD, 0xF6, 0x4A, 0x9C, 0xF9, 0xF7, 0x39, 0x8E, 0xF1, 0xF9,
    0x39, 0x8E, 0xF1, 0xF9, 0x33, 0x95, 0xF6, 0xF8, 0x20, 0x84, 0xEA, 0xF9, 0x19, 0x7F, 0xE9, 0xFA,
    0x24, 0x91, 0xF7, 0xFA, 0x24, 0x91, 0xF7, 0xFA, 0x29, 0x9C, 0xFD, 0xFB, 0x28, 0x98, 0xFD, 0xFB,
    0x26, 0x9B, 0xFD, 0xFB, 0x26, 0x9B, 0xFD, 0xFB, 0x23, 0x97, 0xFD, 0xFC, 0x16, 0x86, 0xF3, 0xFC,
    0x15, 0x86, 0xF1, 0xFC, 0x1C, 0x8D, 0xF8, 0xFC, 0x1C, 0x8D, 0xF8, 0xFC, 0x17, 0x88, 0xF3, 0xFC,
    0x18, 0x8A, 0xF5, 0xFC, 0x28, 0x96, 0xFB, 0xFC, 0x28, 0x96, 0xFB, 0xFC, 0x29, 0x94, 0xFA, 0xFC,
    0x27, 0x95, 0xFB, 0xFC, 0x1E, 0x8C, 0xF7, 0xFC, 0x1E, 0x8C, 0xF7, 0xFC, 0x1B, 0x89, 0xF4, 0xFC,
    0x18, 0x87, 0xF2, 0xFC, 0x1F, 0x8E, 0xF6, 0xFC, 0x29, 0x9B, 0xFD, 0xFC, 0x29, 0x9B, 0xFD, 0xFC,
    0x2B, 0x9B, 0xFE, 0xFC, 0x26, 0x97, 0xFC, 0xFC, 0x1F, 0x91, 0xF9, 0xFC, 0x1F, 0x91, 0xF9, 0xFC,
    0x20, 0x92, 0xFB, 0xFC, 0x25, 0x9A, 0xFE, 0xFC, 0x2B, 0xA0, 0xFF, 0xFC, 0x33, 0xA3, 0xFF, 0xFD,
    0x33, 0xA3, 0xFF, 0xFD, 0x35, 0xA4, 0xFF, 0xFC, 0x35, 0xA4, 0xFE, 0xFC, 0x36, 0xA4, 0xFE, 0xFC,
    0x36, 0xA4, 0xFE, 0xFC, 0x36, 0xA3, 0xFE, 0xFC, 0x35, 0xA3, 0xFE, 0xFC, 0x35, 0xA3, 0xFE, 0xFC,
    0x35, 0xA3, 0xFE, 0xFC, 0x35, 0xA1, 0xFD, 0xFC, 0x35, 0xA0, 0xFD, 0xFC, 0x34, 0x9F, 0xFD, 0xFD,
    0x33, 0x9C, 0xFD, 0xFD, 0x33, 0x9C, 0xFD, 0xFD, 0x32, 0x9A, 0xFD, 0xFC, 0x32, 0x94, 0xFB, 0xFC,
    0x36, 0x8F, 0xFA, 0xFC, 0x36, 0x8F, 0xFA, 0xFC, 0x3C, 0x93, 0xF8, 0xFD, 0x3D, 0x8F, 0xF7, 0xFD,
    0x21, 0x71, 0xEB, 0xFD, 0x18, 0x7B, 0xF0, 0xFD, 0x18, 0x7B, 0xF0, 0xFD, 0x1D, 0x8F, 0xF7, 0xFD,
    0x19, 0x74, 0xE0, 0xFD, 0x01, 0x35, 0x9D, 0xFD, 0x01, 0x35, 0x9D, 0xFD, 0x0D, 0x63, 0xCE, 0xFC,
    0x1F, 0x92, 0xF4, 0xFC, 0x1A, 0x8D, 0xF4, 0xFC, 0x1A, 0x8D, 0xF4, 0xFC, 0x19, 0x8C, 0xF5, 0xFC,
    0x1A, 0x8F, 0xF9, 0xFC, 0x18, 0x8D, 0xF8, 0xFC, 0x19, 0x8D, 0xF8, 0xFC, 0x19, 0x8D, 0xF8, 0xFC,
    0x1B, 0x8F, 0xFA, 0xFC, 0x1E, 0x92, 0xFC, 0xFB, 0x1B, 0x88, 0xF7, 0xFA, 0x1B, 0x88, 0xF7, 0xFA,
    0x1A, 0x83, 0xF1, 0xFA, 0x14, 0x6E, 0xD2, 0xF4, 0x14, 0x4C, 0xA4, 0xEA, 0x03, 0x1B, 0x63, 0xBC,
    0x03, 0x1B, 0x63, 0xBC, 0x33, 0x86, 0xD7, 0x20, 0x35, 0x8C, 0xE4, 0x02, 0x2F, 0x82, 0xD7, 0x04,
    0x2F, 0x82, 0xD7, 0x04, 0x33, 0x83, 0xD6, 0x01, 0x00, 0x00, 0x00, 0x00, 0x35, 0x82, 0xD3, 0x01,
    0x35, 0x82, 0xD3, 0x01, 0x35, 0x83, 0xD3, 0x01, 0x00, 0x00, 0x00, 0x00, 0x00, 0x00, 0x00, 0x00,
    0x35, 0x83, 0xD2, 0x01, 0x35, 0x83, 0xD2, 0x01, 0x00, 0x00, 0x00, 0x00, 0x00, 0x00, 0x00, 0x00,
    0x00, 0x00, 0x00, 0x00, 0x00, 0x00, 0x00, 0x00, 0x00, 0x00, 0x00, 0x00, 0x00, 0x00, 0x00, 0x00,
    0x00, 0x00, 0x00, 0x00, 0x00, 0x00, 0x00, 0x00, 0x00, 0x00, 0x00, 0x00, 0x00, 0x00, 0x00, 0x00,
    0x00, 0x00, 0x00, 0x00, 0x00, 0x00, 0x00, 0x00, 0x00, 0x00, 0x00, 0x00, 0x00, 0x00, 0x00, 0x00,
    0x00, 0x00, 0x00, 0x00, 0x00, 0x00, 0x00, 0x00, 0x00, 0x00, 0x00, 0x00, 0x00, 0x00, 0x00, 0x00,
    0x00, 0x00, 0x00, 0x00, 0x3D, 0x88, 0xD1, 0x01, 0x3D, 0x88, 0xD0, 0x03, 0x3D, 0x88, 0xD0, 0x03,
    0x3F, 0x89, 0xCF, 0x03, 0x3A, 0x86, 0xCC, 0x16, 0x2B, 0x69, 0xA9, 0x5F, 0x02, 0x0D, 0x40, 0xA6,
    0x02, 0x0D, 0x40, 0xA6, 0x2B, 0x62, 0xA4, 0xE1, 0x64, 0xC3, 0xFC, 0xEC, 0x55, 0xB5, 0xFD, 0xF1,
    0x55, 0xB5, 0xFD, 0xF1, 0x56, 0xAB, 0xFD, 0xF6, 0x4A, 0x9C, 0xF9, 0xF7, 0x39, 0x8E, 0xF1, 0xF9,
    0x39, 0x8E, 0xF1, 0xF9, 0x33, 0x95, 0xF6, 0xF8, 0x20, 0x84, 0xEA, 0xF9, 0x19, 0x7F, 0xE9, 0xFA,
    0x24, 0x91, 0xF7, 0xFA, 0x24, 0x91, 0xF7, 0xFA, 0x29, 0x9C, 0xFD, 0xFB, 0x28, 0x98, 0xFD, 0xFB,
    0x26, 0x9B, 0xFD, 0xFB, 0x26, 0x9B, 0xFD, 0xFB, 0x23, 0x97, 0xFD, 0xFC, 0x16, 0x86, 0xF3, 0xFC,
    0x15, 0x86, 0xF1, 0xFC, 0x1C, 0x8D, 0xF8, 0xFC, 0x1C, 0x8D, 0xF8, 0xFC, 0x17, 0x88, 0xF3, 0xFC,
    0x18, 0x8A, 0xF5, 0xFC, 0x28, 0x96, 0xFB, 0xFC, 0x28, 0x96, 0xFB, 0xFC, 0x29, 0x94, 0xFA, 0xFC,
    0x27, 0x95, 0xFB, 0xFC, 0x1E, 0x8C, 0xF7, 0xFC, 0x1E, 0x8C, 0xF7, 0xFC, 0x1B, 0x89, 0xF4, 0xFC,
    0x18, 0x87, 0xF2, 0xFC, 0x1F, 0x8E, 0xF6, 0xFC, 0x29, 0x9B, 0xFD, 0xFC, 0x29, 0x9B, 0xFD, 0xFC,
    0x2B, 0x9B, 0xFE, 0xFC, 0x26, 0x97, 0xFC, 0xFC, 0x1F, 0x91, 0xF9, 0xFC, 0x1F, 0x91, 0xF9, 0xFC,
    0x20, 0x92, 0xFB, 0xFC, 0x25, 0x9A, 0xFE, 0xFC, 0x2B, 0xA0, 0xFF, 0xFC, 0x33, 0xA3, 0xFF, 0xFD,
    0x33, 0xA3, 0xFF, 0xFD, 0x35, 0xA4, 0xFF, 0xFC, 0x35, 0xA4, 0xFE, 0xFC, 0x36, 0xA4, 0xFE, 0xFC,
    0x36, 0xA4, 0xFE, 0xFC, 0x36, 0xA3, 0xFE, 0xFC, 0x35, 0xA3, 0xFE, 0xFC, 0x35, 0xA3, 0xFE, 0xFC,
    0x35, 0xA3, 0xFE, 0xFC, 0x35, 0xA1, 0xFD, 0xFC, 0x35, 0xA0, 0xFD, 0xFC, 0x34, 0x9F, 0xFD, 0xFD,
    0x33, 0x9C, 0xFD, 0xFD, 0x33, 0x9C, 0xFD, 0xFD, 0x32, 0x9A, 0xFD, 0xFC, 0x32, 0x94, 0xFB, 0xFC,
    0x36, 0x8F, 0xFA, 0xFC, 0x36, 0x8F, 0xFA, 0xFC, 0x3C, 0x93, 0xF8, 0xFD, 0x3D, 0x8F, 0xF7, 0xFD,
    0x21, 0x71, 0xEB, 0xFD, 0x18, 0x7B, 0xF0, 0xFD, 0x18, 0x7B, 0xF0, 0xFD, 0x1D, 0x8F, 0xF7, 0xFD,
    0x19, 0x74, 0xE0, 0xFD, 0x01, 0x35, 0x9D, 0xFD, 0x01, 0x35, 0x9D, 0xFD, 0x0D, 0x63, 0xCE, 0xFC,
    0x1F, 0x92, 0xF4, 0xFC, 0x1A, 0x8D, 0xF4, 0xFC, 0x1A, 0x8D, 0xF4, 0xFC, 0x19, 0x8C, 0xF5, 0xFC,
    0x1A, 0x8F, 0xF9, 0xFC, 0x18, 0x8D, 0xF8, 0xFC, 0x19, 0x8D, 0xF8, 0xFC, 0x19, 0x8D, 0xF8, 0xFC,
    0x1B, 0x8F, 0xFA, 0xFC, 0x1E, 0x92, 0xFC, 0xFB, 0x1B, 0x88, 0xF7, 0xFA, 0x1B, 0x88, 0xF7, 0xFA,
    0x1A, 0x83, 0xF1, 0xFA, 0x14, 0x6E, 0xD2, 0xF4, 0x14, 0x4C, 0xA4, 0xEA, 0x03, 0x1B, 0x63, 0xBC,
    0x03, 0x1B, 0x63, 0xBC, 0x33, 0x86, 0xD7, 0x20, 0x35, 0x8C, 0xE4, 0x02, 0x2F, 0x82, 0xD7, 0x04,
    0x2F, 0x82, 0xD7, 0x04, 0x33, 0x83, 0xD6, 0x01, 0x00, 0x00, 0x00, 0x00, 0x35, 0x82, 0xD3, 0x01,
    0x35, 0x82, 0xD3, 0x01, 0x35, 0x83, 0xD3, 0x01, 0x00, 0x00, 0x00, 0x00, 0x00, 0x00, 0x00, 0x00,
    0x35, 0x83, 0xD2, 0x01, 0x35, 0x83, 0xD2, 0x01, 0x00, 0x00, 0x00, 0x00, 0x00, 0x00, 0x00, 0x00,
    0x00, 0x00, 0x00, 0x00, 0x00, 0x00, 0x00, 0x00, 0x00, 0x00, 0x00, 0x00, 0x00, 0x00, 0x00, 0x00,
    0x00, 0x00, 0x00, 0x00, 0x00, 0x00, 0x00, 0x00, 0x00, 0x00, 0x00, 0x00, 0x00, 0x00, 0x00, 0x00,
    0x00, 0x00, 0x00, 0x00, 0x00, 0x00, 0x00, 0x00, 0x00, 0x00, 0x00, 0x00, 0x00, 0x00, 0x00, 0x00,
    0x00, 0x00, 0x00, 0x00, 0x00, 0x00, 0x00, 0x00, 0x00, 0x00, 0x00, 0x00, 0x00, 0x00, 0x00, 0x00,
    0x00, 0x00, 0x00, 0x00, 0x3C, 0x88, 0xD0, 0x01, 0x3C, 0x89, 0xD1, 0x04, 0x3C, 0x89, 0xD1, 0x04,
    0x3F, 0x85, 0xCA, 0x06, 0x18, 0x50, 0x8E, 0x4B, 0x26, 0x5C, 0x8E, 0xC4, 0x30, 0x67, 0xA8, 0xD2,
    0x30, 0x67, 0xA8, 0xD2, 0x51, 0x98, 0xEF, 0xEA, 0x59, 0xA4, 0xFA, 0xF5, 0x56, 0x9F, 0xFA, 0xF6,
    0x56, 0x9F, 0xFA, 0xF6, 0x5F, 0xA3, 0xFB, 0xF8, 0x5F, 0xA0, 0xFB, 0xF8, 0x4F, 0x93, 0xF6, 0xF9,
    0x4F, 0x93, 0xF6, 0xF9, 0x35, 0x7E, 0xEA, 0xFA, 0x21, 0x74, 0xDF, 0xFA, 0x29, 0x87, 0xF0, 0xFA,
    0x31, 0x95, 0xFB, 0xFB, 0x31, 0x95, 0xFB, 0xFB, 0x31, 0x9F, 0xFE, 0xFB, 0x2E, 0x9E, 0xFE, 0xFB,
    0x2B, 0x9D, 0xFE, 0xFB, 0x2B, 0x9D, 0xFE, 0xFB, 0x28, 0x9B, 0xFE, 0xFB, 0x1C, 0x8F, 0xF9, 0xFC,
    0x16, 0x89, 0xF5, 0xFC, 0x1F, 0x93, 0xFB, 0xFC, 0x1F, 0x93, 0xFB, 0xFC, 0x14, 0x84, 0xF1, 0xFC,
    0x17, 0x88, 0xF2, 0xFC, 0x2C, 0x9C, 0xFD, 0xFC, 0x2C, 0x9C, 0xFD, 0xFC, 0x2C, 0x99, 0xFC, 0xFC,
    0x28, 0x97, 0xFD, 0xFC, 0x21, 0x90, 0xFA, 0xFC, 0x21, 0x90, 0xFA, 0xFC, 0x1B, 0x89, 0xF4, 0xFC,
    0x1C, 0x8B, 0xF4, 0xFC, 0x24, 0x93, 0xFA, 0xFC, 0x2C, 0x9E, 0xFE, 0xFC, 0x2C, 0x9E, 0xFE, 0xFC,
    0x2E, 0x9F, 0xFF, 0xFC, 0x28, 0x9A, 0xFE, 0xFC, 0x20, 0x92, 0xFB, 0xFC, 0x20, 0x92, 0xFB, 0xFC,
    0x22, 0x93, 0xFC, 0xFC, 0x26, 0x9A, 0xFD, 0xFC, 0x2C, 0xA2, 0xFE, 0xFC, 0x33, 0xA5, 0xFF, 0xFC,
    0x33, 0xA5, 0xFF, 0xFC, 0x35, 0xA6, 0xFE, 0xFC, 0x35, 0xA4, 0xFE, 0xFC, 0x36, 0xA4, 0xFE, 0xFC,
    0x36, 0xA4, 0xFE, 0xFC, 0x35, 0xA4, 0xFD, 0xFC, 0x35, 0xA3, 0xFD, 0xFC, 0x34, 0xA2, 0xFD, 0xFC,
    0x34, 0xA2, 0xFD, 0xFC, 0x33, 0xA1, 0xFD, 0xFC, 0x34, 0xA0, 0xFD, 0xFC, 0x34, 0x9F, 0xFD, 0xFC,
    0x33, 0x9D, 0xFD, 0xFD, 0x33, 0x9D, 0xFD, 0xFD, 0x33, 0x9E, 0xFD, 0xFD, 0x34, 0x9C, 0xFD, 0xFD,
    0x33, 0x9A, 0xFD, 0xFD, 0x33, 0x9A, 0xFD, 0xFD, 0x33, 0x96, 0xFB, 0xFD, 0x37, 0x99, 0xFC, 0xFD,
    0x2C, 0x8F, 0xFB, 0xFD, 0x20, 0x8A, 0xF6, 0xFC, 0x20, 0x8A, 0xF6, 0xFC, 0x18, 0x87, 0xF3, 0xFD,
    0x23, 0x8F, 0xF4, 0xFC, 0x10, 0x57, 0xB6, 0xFD, 0x10, 0x57, 0xB6, 0xFD, 0x03, 0x27, 0x7B, 0xFC,
    0x1C, 0x73, 0xD9, 0xFC, 0x24, 0x94, 0xF4, 0xFC, 0x24, 0x94, 0xF4, 0xFC, 0x1F, 0x92, 0xF6, 0xFC,
    0x20, 0x95, 0xFA, 0xFC, 0x1C, 0x90, 0xFA, 0xFC, 0x1D, 0x92, 0xFA, 0xFC, 0x1D, 0x92, 0xFA, 0xFC,
    0x1F, 0x96, 0xFB, 0xFB, 0x23, 0x98, 0xFD, 0xFB, 0x21, 0x91, 0xFA, 0xFB, 0x21, 0x91, 0xFA, 0xFB,
    0x21, 0x8F, 0xFA, 0xFA, 0x19, 0x7F, 0xEC, 0xF9, 0x1A, 0x77, 0xE0, 0xF0, 0x1D, 0x6B, 0xC5, 0xE8,
    0x1D, 0x6B, 0xC5, 0xE8, 0x09, 0x30, 0x73, 0x7A, 0x26, 0x68, 0xB7, 0x02, 0x31, 0x88, 0xE0, 0x02,
    0x31, 0x88, 0xE0, 0x02, 0x2F, 0x83, 0xD7, 0x03, 0x34, 0x85, 0xD6, 0x01, 0x34, 0x83, 0xD3, 0x01,
    0x34, 0x83, 0xD3, 0x01, 0x34, 0x83, 0xD3, 0x01, 0x34, 0x83, 0xD3, 0x01, 0x00, 0x00, 0x00, 0x00,
    0x35, 0x84, 0xD3, 0x01, 0x35, 0x84, 0xD3, 0x01, 0x00, 0x00, 0x00, 0x00, 0x00, 0x00, 0x00, 0x00,
    0x00, 0x00, 0x00, 0x00, 0x00, 0x00, 0x00, 0x00, 0x00, 0x00, 0x00, 0x00, 0x00, 0x00, 0x00, 0x00,
    0x00, 0x00, 0x00, 0x00, 0x00, 0x00, 0x00, 0x00, 0x00, 0x00, 0x00, 0x00, 0x00, 0x00, 0x00, 0x00,
    0x00, 0x00, 0x00, 0x00, 0x00, 0x00, 0x00, 0x00, 0x00, 0x00, 0x00, 0x00, 0x00, 0x00, 0x00, 0x00,
    0x00, 0x00, 0x00, 0x00, 0x00, 0x00, 0x00, 0x00, 0x00, 0x00, 0x00, 0x00, 0x00, 0x00, 0x00, 0x00,
    0x00, 0x00, 0x00, 0x00, 0x3C, 0x87, 0xD0, 0x01, 0x3E, 0x8A, 0xD1, 0x03, 0x3E, 0x8A, 0xD1, 0x03,
    0x3C, 0x7C, 0xC2, 0x07, 0x07, 0x25, 0x58, 0x50, 0x1B, 0x42, 0x71, 0xC3, 0x80, 0xC8, 0xF9, 0xE5,
    0x80, 0xC8, 0xF9, 0xE5, 0x72, 0xB6, 0xF9, 0xEB, 0x6A, 0xA0, 0xF6, 0xF8, 0x6E, 0xA3, 0xF9, 0xF7,
    0x6E, 0xA3, 0xF9, 0xF7, 0x76, 0xAB, 0xFC, 0xF9, 0x6F, 0xA7, 0xFD, 0xF9, 0x61, 0xA0, 0xFC, 0xFA,
    0x61, 0xA0, 0xFC, 0xFA, 0x38, 0x79, 0xE8, 0xFA, 0x2A, 0x78, 0xE2, 0xFB, 0x3B, 0x9E, 0xFC, 0xFB,
    0x38, 0x9D, 0xFD, 0xFB, 0x38, 0x9D, 0xFD, 0xFB, 0x34, 0x9E, 0xFD, 0xFB, 0x30, 0x9C, 0xFC, 0xFC,
    0x31, 0xA0, 0xFD, 0xFC, 0x31, 0xA0, 0xFD, 0xFC, 0x2C, 0x9C, 0xFE, 0xFC, 0x1B, 0x8B, 0xF7, 0xFC,
    0x1B, 0x8D, 0xF8, 0xFC, 0x23, 0x95, 0xFD, 0xFC, 0x23, 0x95, 0xFD, 0xFC, 0x19, 0x89, 0xF5, 0xFC,
    0x1D, 0x8D, 0xF5, 0xFC, 0x2C, 0x9C, 0xFD, 0xFC, 0x2C, 0x9C, 0xFD, 0xFC, 0x2D, 0x9B, 0xFD, 0xFC,
    0x28, 0x95, 0xFC, 0xFC, 0x23, 0x94, 0xFC, 0xFC, 0x23, 0x94, 0xFC, 0xFC, 0x1E, 0x8C, 0xF6, 0xFC,
    0x23, 0x8F, 0xF7, 0xFC, 0x2C, 0x9A, 0xFD, 0xFC, 0x2F, 0x9D, 0xFE, 0xFC, 0x2F, 0x9D, 0xFE, 0xFC,
    0x31, 0x9F, 0xFF, 0xFC, 0x28, 0x97, 0xFD, 0xFC, 0x24, 0x94, 0xFB, 0xFC, 0x24, 0x94, 0xFB, 0xFC,
    0x2B, 0x9A, 0xFE, 0xFC, 0x30, 0xA0, 0xFE, 0xFC, 0x31, 0xA4, 0xFE, 0xFC, 0x32, 0xA3, 0xFE, 0xFC,
    0x32, 0xA3, 0xFE, 0xFC, 0x35, 0xA5, 0xFE, 0xFC, 0x36, 0xA5, 0xFE, 0xFC, 0x36, 0xA5, 0xFD, 0xFC,
    0x36, 0xA5, 0xFD, 0xFC, 0x35, 0xA4, 0xFD, 0xFC, 0x34, 0xA4, 0xFD, 0xFC, 0x33, 0xA2, 0xFD, 0xFC,
    0x33, 0xA2, 0xFD, 0xFC, 0x33, 0xA1, 0xFD, 0xFC, 0x33, 0xA1, 0xFD, 0xFC, 0x34, 0x9F, 0xFD, 0xFC,
    0x35, 0x9E, 0xFD, 0xFD, 0x35, 0x9E, 0xFD, 0xFD, 0x34, 0x9F, 0xFD, 0xFD, 0x34, 0x9E, 0xFD, 0xFD,
    0x34, 0x9E, 0xFD, 0xFD, 0x34, 0x9E, 0xFD, 0xFD, 0x33, 0x9C, 0xFC, 0xFD, 0x35, 0x9F, 0xFD, 0xFD,
    0x35, 0x9F, 0xFD, 0xFD, 0x1F, 0x84, 0xF2, 0xFD, 0x1F, 0x84, 0xF2, 0xFD, 0x1A, 0x86, 0xF1, 0xFD,
    0x22, 0x8D, 0xF4, 0xFD, 0x0F, 0x4C, 0xA9, 0xFD, 0x0F, 0x4C, 0xA9, 0xFD, 0x00, 0x07, 0x43, 0xFD,
    0x11, 0x52, 0xAC, 0xFD, 0x2C, 0x9A, 0xF5, 0xFD, 0x2C, 0x9A, 0xF5, 0xFD, 0x23, 0x93, 0xF6, 0xFC,
    0x22, 0x93, 0xF8, 0xFC, 0x23, 0x95, 0xFA, 0xFC, 0x22, 0x95, 0xFB, 0xFC, 0x22, 0x95, 0xFB, 0xFC,
    0x23, 0x95, 0xFA, 0xFC, 0x26, 0x94, 0xFA, 0xFC, 0x28, 0x96, 0xFA, 0xFC, 0x28, 0x96, 0xFA, 0xFC,
    0x2C, 0xA0, 0xFD, 0xFA, 0x25, 0x91, 0xF8, 0xFA, 0x16, 0x82, 0xEF, 0xF6, 0x21, 0x92, 0xF5, 0xF0,
    0x21, 0x92, 0xF5, 0xF0, 0x0B, 0x3F, 0x92, 0xDA, 0x0A, 0x25, 0x5C, 0x86, 0x3D, 0x90, 0xDE, 0x11,
    0x3D, 0x90, 0xDE, 0x11, 0x2E, 0x82, 0xD8, 0x01, 0x31, 0x84, 0xD5, 0x02, 0x33, 0x84, 0xD4, 0x01,
    0x33, 0x84, 0xD4, 0x01, 0x35, 0x84, 0xD3, 0x01, 0x34, 0x83, 0xD2, 0x01, 0x34, 0x84, 0xD3, 0x01,
    0x35, 0x84, 0xD2, 0x01, 0x35, 0x84, 0xD2, 0x01, 0x35, 0x83, 0xD2, 0x01, 0x00, 0x00, 0x00, 0x00,
    0x00, 0x00, 0x00, 0x00, 0x00, 0x00, 0x00, 0x00, 0x00, 0x00, 0x00, 0x00, 0x00, 0x00, 0x00, 0x00,
    0x00, 0x00, 0x00, 0x00, 0x00, 0x00, 0x00, 0x00, 0x00, 0x00, 0x00, 0x00, 0x00, 0x00, 0x00, 0x00,
    0x00, 0x00, 0x00, 0x00, 0x00, 0x00, 0x00, 0x00, 0x00, 0x00, 0x00, 0x00, 0x00, 0x00, 0x00, 0x00,
    0x00, 0x00, 0x00, 0x00, 0x00, 0x00, 0x00, 0x00, 0x00, 0x00, 0x00, 0x00, 0x00, 0x00, 0x00, 0x00,
    0x00, 0x00, 0x00, 0x00, 0x3D, 0x87, 0xD1, 0x01, 0x3C, 0x87, 0xD0, 0x02, 0x3C, 0x87, 0xD0, 0x02,
    0x40, 0x81, 0xC7, 0x03, 0x11, 0x2F, 0x59, 0x62, 0x19, 0x2B, 0x51, 0xD6, 0x8A, 0xB9, 0xF7, 0xE5,
    0x8A, 0xB9, 0xF7, 0xE5, 0x79, 0xAC, 0xF6, 0xEC, 0x7D, 0xAB, 0xF8, 0xF8, 0x83, 0xB2, 0xFB, 0xF8,
    0x83, 0xB2, 0xFB, 0xF8, 0x7E, 0xA5, 0xFC, 0xFA, 0x7C, 0xAA, 0xFE, 0xFA, 0x5A, 0x8C, 0xF3, 0xFA,
    0x5A, 0x8C, 0xF3, 0xFA, 0x38, 0x75, 0xE4, 0xFA, 0x31, 0x7E, 0xE8, 0xFB, 0x3E, 0x9F, 0xFC, 0xFB,
    0x3C, 0xA2, 0xFD, 0xFB, 0x3C, 0xA2, 0xFD, 0xFB, 0x37, 0xA0, 0xFD, 0xFC, 0x35, 0xA0, 0xFD, 0xFC,
    0x33, 0xA2, 0xFD, 0xFC, 0x33, 0xA2, 0xFD, 0xFC, 0x2F, 0x9F, 0xFE, 0xFC, 0x21, 0x94, 0xFC, 0xFC,
    0x1D, 0x91, 0xFA, 0xFC, 0x28, 0x9B, 0xFD, 0xFC, 0x28, 0x9B, 0xFD, 0xFC, 0x25, 0x96, 0xFC, 0xFC,
    0x25, 0x98, 0xFB, 0xFC, 0x2D, 0x9D, 0xFD, 0xFC, 0x2D, 0x9D, 0xFD, 0xFC, 0x2E, 0x9D, 0xFE, 0xFC,
    0x29, 0x96, 0xFD, 0xFC, 0x26, 0x96, 0xFD, 0xFC, 0x26, 0x96, 0xFD, 0xFC, 0x26, 0x94, 0xFC, 0xFC,
    0x2A, 0x96, 0xFC, 0xFC, 0x31, 0x9F, 0xFE, 0xFC, 0x34, 0xA4, 0xFF, 0xFC, 0x34, 0xA4, 0xFF, 0xFC,
    0x33, 0xA1, 0xFF, 0xFC, 0x2A, 0x9A, 0xFE, 0xFC, 0x26, 0x96, 0xFB, 0xFC, 0x26, 0x96, 0xFB, 0xFC,
    0x37, 0xA6, 0xFF, 0xFC, 0x3D, 0xAC, 0xFF, 0xFC, 0x3A, 0xA9, 0xFE, 0xFC, 0x36, 0xA5, 0xFE, 0xFC,
    0x36, 0xA5, 0xFE, 0xFC, 0x36, 0xA7, 0xFE, 0xFC, 0x36, 0xA6, 0xFE, 0xFC, 0x35, 0xA5, 0xFE, 0xFC,
    0x35, 0xA5, 0xFE, 0xFC, 0x34, 0xA5, 0xFE, 0xFC, 0x33, 0xA4, 0xFD, 0xFC, 0x32, 0xA3, 0xFD, 0xFC,
    0x32, 0xA3, 0xFD, 0xFC, 0x32, 0xA2, 0xFD, 0xFC, 0x33, 0xA1, 0xFD, 0xFC, 0x34, 0xA0, 0xFD, 0xFC,
    0x34, 0xA0, 0xFE, 0xFD, 0x34, 0xA0, 0xFE, 0xFD, 0x35, 0xA0, 0xFD, 0xFC, 0x34, 0xA0, 0xFD, 0xFD,
    0x35, 0xA0, 0xFD, 0xFD, 0x35, 0xA0, 0xFD, 0xFD, 0x35, 0xA1, 0xFD, 0xFD, 0x35, 0xA1, 0xFD, 0xFD,
    0x34, 0xA0, 0xFD, 0xFD, 0x28, 0x97, 0xFA, 0xFD, 0x28, 0x97, 0xFA, 0xFD, 0x1C, 0x8C, 0xF5, 0xFD,
    0x17, 0x7C, 0xE9, 0xFD, 0x09, 0x47, 0xAE, 0xFD, 0x09, 0x47, 0xAE, 0xFD, 0x01, 0x1F, 0x70, 0xFD,
    0x11, 0x59, 0xB0, 0xFD, 0x34, 0xA5, 0xF6, 0xFD, 0x34, 0xA5, 0xF6, 0xFD, 0x26, 0x98, 0xF7, 0xFD,
    0x29, 0x9B, 0xFA, 0xFC, 0x27, 0x99, 0xFB, 0xFC, 0x28, 0x9C, 0xFC, 0xFC, 0x28, 0x9C, 0xFC, 0xFC,
    0x27, 0x9A, 0xFC, 0xFC, 0x2B, 0x9B, 0xFC, 0xFC, 0x2B, 0x9B, 0xFB, 0xFC, 0x2B, 0x9B, 0xFB, 0xFC,
    0x2D, 0x9E, 0xFC, 0xFB, 0x2C, 0x9D, 0xFC, 0xFA, 0x21, 0x95, 0xFB, 0xF9, 0x14, 0x80, 0xEF, 0xF6,
    0x14, 0x80, 0xEF, 0xF6, 0x1F, 0x6D, 0xD1, 0xF0, 0x04, 0x1C, 0x55, 0xE1, 0x0C, 0x35, 0x7A, 0x49,
    0x0C, 0x35, 0x7A, 0x49, 0x32, 0x85, 0xD9, 0x03, 0x2E, 0x84, 0xD6, 0x05, 0x33, 0x84, 0xD5, 0x01,
    0x33, 0x84, 0xD5, 0x01, 0x34, 0x85, 0xD4, 0x01, 0x35, 0x83, 0xD2, 0x01, 0x35, 0x84, 0xD3, 0x01,
    0x35, 0x84, 0xD3, 0x01, 0x35, 0x84, 0xD3, 0x01, 0x35, 0x84, 0xD2, 0x01, 0x00, 0x00, 0x00, 0x00,
    0x00, 0x00, 0x00, 0x00, 0x00, 0x00, 0x00, 0x00, 0x00, 0x00, 0x00, 0x00, 0x00, 0x00, 0x00, 0x00,
    0x00, 0x00, 0x00, 0x00, 0x00, 0x00, 0x00, 0x00, 0x00, 0x00, 0x00, 0x00, 0x00, 0x00, 0x00, 0x00,
    0x00, 0x00, 0x00, 0x00, 0x00, 0x00, 0x00, 0x00, 0x00, 0x00, 0x00, 0x00, 0x00, 0x00, 0x00, 0x00,
    0x00, 0x00, 0x00, 0x00, 0x00, 0x00, 0x00, 0x00, 0x00, 0x00, 0x00, 0x00, 0x00, 0x00, 0x00, 0x00,
    0x00, 0x00, 0x00, 0x00, 0x3E, 0x86, 0xD0, 0x01, 0x3E, 0x88, 0xD1, 0x04, 0x3E, 0x88, 0xD1, 0x04,
    0x40, 0x7F, 0xC7, 0x02, 0x0D, 0x27, 0x59, 0x51, 0x1D, 0x2D, 0x5A, 0xD7, 0x9C, 0xC7, 0xFA, 0xE6,
    0x9C, 0xC7, 0xFA, 0xE6, 0x82, 0xA8, 0xF7, 0xF2, 0x80, 0xA5, 0xF8, 0xF8, 0x89, 0xB1, 0xFC, 0xF9,
    0x89, 0xB1, 0xFC, 0xF9, 0x80, 0x99, 0xFB, 0xFA, 0x77, 0x98, 0xFA, 0xFA, 0x4B, 0x6E, 0xE0, 0xFB,
    0x4B, 0x6E, 0xE0, 0xFB, 0x29, 0x5A, 0xD3, 0xFB, 0x39, 0x86, 0xF1, 0xFB, 0x3F, 0x9C, 0xFD, 0xFC,
    0x3C, 0x9F, 0xFD, 0xFC, 0x3C, 0x9F, 0xFD, 0xFC, 0x38, 0xA0, 0xFD, 0xFC, 0x37, 0xA2, 0xFD, 0xFC,
    0x34, 0xA1, 0xFD, 0xFC, 0x34, 0xA1, 0xFD, 0xFC, 0x32, 0xA1, 0xFE, 0xFC, 0x23, 0x96, 0xFC, 0xFC,
    0x1A, 0x8C, 0xF6, 0xFC, 0x27, 0x98, 0xFD, 0xFC, 0x27, 0x98, 0xFD, 0xFC, 0x2B, 0x9A, 0xFD, 0xFC,
    0x29, 0x9B, 0xFD, 0xFC, 0x2D, 0x9C, 0xFD, 0xFC, 0x2D, 0x9C, 0xFD, 0xFC, 0x2C, 0x99, 0xFD, 0xFC,
    0x2B, 0x99, 0xFD, 0xFC, 0x26, 0x93, 0xFC, 0xFC, 0x26, 0x93, 0xFC, 0xFC, 0x28, 0x95, 0xFC, 0xFC,
    0x2F, 0x9C, 0xFE, 0xFC, 0x32, 0x9D, 0xFE, 0xFC, 0x35, 0xA3, 0xFF, 0xFC, 0x35, 0xA3, 0xFF, 0xFC,
    0x35, 0xA3, 0xFF, 0xFC, 0x28, 0x98, 0xFC, 0xFC, 0x23, 0x93, 0xF7, 0xFC, 0x23, 0x93, 0xF7, 0xFC,
    0x37, 0xA4, 0xFE, 0xFC, 0x41, 0xAD, 0xFE, 0xFC, 0x3E, 0xA9, 0xFE, 0xFC, 0x3A, 0xA6, 0xFE, 0xFC,
    0x3A, 0xA6, 0xFE, 0xFC, 0x37, 0xA7, 0xFE, 0xFC, 0x35, 0xA4, 0xFE, 0xFC, 0x35, 0xA4, 0xFE, 0xFC,
    0x35, 0xA4, 0xFE, 0xFC, 0x34, 0xA3, 0xFD, 0xFC, 0x33, 0xA3, 0xFD, 0xFC, 0x33, 0xA2, 0xFD, 0xFC,
    0x33, 0xA2, 0xFD, 0xFC, 0x33, 0xA2, 0xFD, 0xFC, 0x33, 0xA1, 0xFD, 0xFC, 0x34, 0xA1, 0xFE, 0xFC,
    0x33, 0xA1, 0xFE, 0xFC, 0x33, 0xA1, 0xFE, 0xFC, 0x34, 0xA1, 0xFE, 0xFC, 0x35, 0xA1, 0xFD, 0xFC,
    0x35, 0xA1, 0xFD, 0xFC, 0x35, 0xA1, 0xFD, 0xFC, 0x36, 0xA1, 0xFD, 0xFD, 0x36, 0xA1, 0xFD, 0xFD,
    0x33, 0x9E, 0xFC, 0xFD, 0x2D, 0x9F, 0xFD, 0xFD, 0x2D, 0x9F, 0xFD, 0xFD, 0x19, 0x86, 0xF6, 0xFD,
    0x0D, 0x74, 0xE7, 0xFD, 0x17, 0x78, 0xE6, 0xFD, 0x17, 0x78, 0xE6, 0xFD, 0x15, 0x67, 0xCB, 0xFD,
    0x07, 0x4C, 0xAB, 0xFD, 0x28, 0x91, 0xF3, 0xFD, 0x28, 0x91, 0xF3, 0xFD, 0x29, 0x9A, 0xFA, 0xFD,
    0x27, 0x9A, 0xFA, 0xFD, 0x27, 0x97, 0xFB, 0xFD, 0x2A, 0x9D, 0xFD, 0xFC, 0x2A, 0x9D, 0xFD, 0xFC,
    0x2A, 0x9B, 0xFD, 0xFC, 0x2B, 0x9B, 0xFC, 0xFC, 0x2E, 0x9C, 0xFB, 0xFC, 0x2E, 0x9C, 0xFB, 0xFC,
    0x2D, 0x99, 0xF9, 0xFC, 0x2E, 0x9E, 0xFC, 0xFB, 0x28, 0x98, 0xFC, 0xFB, 0x1A, 0x84, 0xF3, 0xF9,
    0x1A, 0x84, 0xF3, 0xF9, 0x1A, 0x7E, 0xEC, 0xF7, 0x08, 0x44, 0xA5, 0xE8, 0x0C, 0x43, 0x8E, 0x8D,
    0x0C, 0x43, 0x8E, 0x8D, 0x39, 0x8B, 0xD5, 0x1D, 0x2D, 0x84, 0xDA, 0x04, 0x31, 0x83, 0xD6, 0x04,
    0x31, 0x83, 0xD6, 0x04, 0x32, 0x83, 0xD3, 0x02, 0x34, 0x83, 0xD3, 0x01, 0x34, 0x84, 0xD3, 0x01,
    0x35, 0x83, 0xD3, 0x01, 0x35, 0x83, 0xD3, 0x01, 0x35, 0x83, 0xD3, 0x01, 0x00, 0x00, 0x00, 0x00,
    0x00, 0x00, 0x00, 0x00, 0x00, 0x00, 0x00, 0x00, 0x00, 0x00, 0x00, 0x00, 0x00, 0x00, 0x00, 0x00,
    0x00, 0x00, 0x00, 0x00, 0x00, 0x00, 0x00, 0x00, 0x00, 0x00, 0x00, 0x00, 0x00, 0x00, 0x00, 0x00,
    0x00, 0x00, 0x00, 0x00, 0x00, 0x00, 0x00, 0x00, 0x00, 0x00, 0x00, 0x00, 0x00, 0x00, 0x00, 0x00,
    0x00, 0x00, 0x00, 0x00, 0x00, 0x00, 0x00, 0x00, 0x00, 0x00, 0x00, 0x00, 0x00, 0x00, 0x00, 0x00,
    0x00, 0x00, 0x00, 0x00, 0x3E, 0x86, 0xD0, 0x01, 0x3E, 0x88, 0xD1, 0x04, 0x3E, 0x88, 0xD1, 0x04,
    0x40, 0x7F, 0xC7, 0x02, 0x0D, 0x27, 0x59, 0x51, 0x1D, 0x2D, 0x5A, 0xD7, 0x9C, 0xC7, 0xFA, 0xE6,
    0x9C, 0xC7, 0xFA, 0xE6, 0x82, 0xA8, 0xF7, 0xF2, 0x80, 0xA5, 0xF8, 0xF8, 0x89, 0xB1, 0xFC, 0xF9,
    0x89, 0xB1, 0xFC, 0xF9, 0x80, 0x99, 0xFB, 0xFA, 0x77, 0x98, 0xFA, 0xFA, 0x4B, 0x6E, 0xE0, 0xFB,
    0x4B, 0x6E, 0xE0, 0xFB, 0x29, 0x5A, 0xD3, 0xFB, 0x39, 0x86, 0xF1, 0xFB, 0x3F, 0x9C, 0xFD, 0xFC,
    0x3C, 0x9F, 0xFD, 0xFC, 0x3C, 0x9F, 0xFD, 0xFC, 0x38, 0xA0, 0xFD, 0xFC, 0x37, 0xA2, 0xFD, 0xFC,
    0x34, 0xA1, 0xFD, 0xFC, 0x34, 0xA1, 0xFD, 0xFC, 0x32, 0xA1, 0xFE, 0xFC, 0x23, 0x96, 0xFC, 0xFC,
    0x1A, 0x8C, 0xF6, 0xFC, 0x27, 0x98, 0xFD, 0xFC, 0x27, 0x98, 0xFD, 0xFC, 0x2B, 0x9A, 0xFD, 0xFC,
    0x29, 0x9B, 0xFD, 0xFC, 0x2D, 0x9C, 0xFD, 0xFC, 0x2D, 0x9C, 0xFD, 0xFC, 0x2C, 0x99, 0xFD, 0xFC,
    0x2B, 0x99, 0xFD, 0xFC, 0x26, 0x93, 0xFC, 0xFC, 0x26, 0x93, 0xFC, 0xFC, 0x28, 0x95, 0xFC, 0xFC,
    0x2F, 0x9C, 0xFE, 0xFC, 0x32, 0x9D, 0xFE, 0xFC, 0x35, 0xA3, 0xFF, 0xFC, 0x35, 0xA3, 0xFF, 0xFC,
    0x35, 0xA3, 0xFF, 0xFC, 0x28, 0x98, 0xFC, 0xFC, 0x23, 0x93, 0xF7, 0xFC, 0x23, 0x93, 0xF7, 0xFC,
    0x37, 0xA4, 0xFE, 0xFC, 0x41, 0xAD, 0xFE, 0xFC, 0x3E, 0xA9, 0xFE, 0xFC, 0x3A, 0xA6, 0xFE, 0xFC,
    0x3A, 0xA6, 0xFE, 0xFC, 0x37, 0xA7, 0xFE, 0xFC, 0x35, 0xA4, 0xFE, 0xFC, 0x35, 0xA4, 0xFE, 0xFC,
    0x35, 0xA4, 0xFE, 0xFC, 0x34, 0xA3, 0xFD, 0xFC, 0x33, 0xA3, 0xFD, 0xFC, 0x33, 0xA2, 0xFD, 0xFC,
    0x33, 0xA2, 0xFD, 0xFC, 0x33, 0xA2, 0xFD, 0xFC, 0x33, 0xA1, 0xFD, 0xFC, 0x34, 0xA1, 0xFE, 0xFC,
    0x33, 0xA1, 0xFE, 0xFC, 0x33, 0xA1, 0xFE, 0xFC, 0x34, 0xA1, 0xFE, 0xFC, 0x35, 0xA1, 0xFD, 0xFC,
    0x35, 0xA1, 0xFD, 0xFC, 0x35, 0xA1, 0xFD, 0xFC, 0x36, 0xA1, 0xFD, 0xFD, 0x36, 0xA1, 0xFD, 0xFD,
    0x33, 0x9E, 0xFC, 0xFD, 0x2D, 0x9F, 0xFD, 0xFD, 0x2D, 0x9F, 0xFD, 0xFD, 0x19, 0x86, 0xF6, 0xFD,
    0x0D, 0x74, 0xE7, 0xFD, 0x17, 0x78, 0xE6, 0xFD, 0x17, 0x78, 0xE6, 0xFD, 0x15, 0x67, 0xCB, 0xFD,
    0x07, 0x4C, 0xAB, 0xFD, 0x28, 0x91, 0xF3, 0xFD, 0x28, 0x91, 0xF3, 0xFD, 0x29, 0x9A, 0xFA, 0xFD,
    0x27, 0x9A, 0xFA, 0xFD, 0x27, 0x97, 0xFB, 0xFD, 0x2A, 0x9D, 0xFD, 0xFC, 0x2A, 0x9D, 0xFD, 0xFC,
    0x2A, 0x9B, 0xFD, 0xFC, 0x2B, 0x9B, 0xFC, 0xFC, 0x2E, 0x9C, 0xFB, 0xFC, 0x2E, 0x9C, 0xFB, 0xFC,
    0x2D, 0x99, 0xF9, 0xFC, 0x2E, 0x9E, 0xFC, 0xFB, 0x28, 0x98, 0xFC, 0xFB, 0x1A, 0x84, 0xF3, 0xF9,
    0x1A, 0x84, 0xF3, 0xF9, 0x1A, 0x7E, 0xEC, 0xF7, 0x08, 0x44, 0xA5, 0xE8, 0x0C, 0x43, 0x8E, 0x8D,
    0x0C, 0x43, 0x8E, 0x8D, 0x39, 0x8B, 0xD5, 0x1D, 0x2D, 0x84, 0xDA, 0x04, 0x31, 0x83, 0xD6, 0x04,
    0x31, 0x83, 0xD6, 0x04, 0x32, 0x83, 0xD3, 0x02, 0x34, 0x83, 0xD3, 0x01, 0x34, 0x84, 0xD3, 0x01,
    0x35, 0x83, 0xD3, 0x01, 0x35, 0x83, 0xD3, 0x01, 0x35, 0x83, 0xD3, 0x01, 0x00, 0x00, 0x00, 0x00,
    0x00, 0x00, 0x00, 0x00, 0x00, 0x00, 0x00, 0x00, 0x00, 0x00, 0x00, 0x00, 0x00, 0x00, 0x00, 0x00,
    0x00, 0x00, 0x00, 0x00, 0x00, 0x00, 0x00, 0x00, 0x00, 0x00, 0x00, 0x00, 0x00, 0x00, 0x00, 0x00,
    0x00, 0x00, 0x00, 0x00, 0x00, 0x00, 0x00, 0x00, 0x00, 0x00, 0x00, 0x00, 0x00, 0x00, 0x00, 0x00,
    0x00, 0x00, 0x00, 0x00, 0x00, 0x00, 0x00, 0x00, 0x00, 0x00, 0x00, 0x00, 0x00, 0x00, 0x00, 0x00,
    0x00, 0x00, 0x00, 0x00, 0x3F, 0x87, 0xD1, 0x01, 0x41, 0x89, 0xD4, 0x03, 0x41, 0x89, 0xD4, 0x03,
    0x45, 0x87, 0xCF, 0x02, 0x20, 0x49, 0x84, 0x48, 0x2B, 0x4E, 0x7A, 0xCD, 0x85, 0xAF, 0xE7, 0xDC,
    0x85, 0xAF, 0xE7, 0xDC, 0x92, 0xB9, 0xFA, 0xF0, 0x8A, 0xAC, 0xF8, 0xFA, 0x8D, 0xB0, 0xFC, 0xF9,
    0x8D, 0xB0, 0xFC, 0xF9, 0x8B, 0xAB, 0xFE, 0xFA, 0x6C, 0x8E, 0xF8, 0xFB, 0x3F, 0x68, 0xDC, 0xFB,
    0x3F, 0x68, 0xDC, 0xFB, 0x30, 0x67, 0xE0, 0xFB, 0x42, 0x99, 0xFD, 0xFC, 0x3F, 0xA4, 0xFE, 0xFC,
    0x3A, 0xA0, 0xFE, 0xFC, 0x3A, 0xA0, 0xFE, 0xFC, 0x38, 0xA3, 0xFD, 0xFC, 0x36, 0xA2, 0xFD, 0xFC,
    0x37, 0xA4, 0xFE, 0xFC, 0x37, 0xA4, 0xFE, 0xFC, 0x35, 0xA5, 0xFE, 0xFC, 0x27, 0x99, 0xFC, 0xFC,
    0x1F, 0x90, 0xF7, 0xFC, 0x2C, 0x9C, 0xFD, 0xFC, 0x2C, 0x9C, 0xFD, 0xFC, 0x32, 0xA2, 0xFE, 0xFC,
    0x2E, 0xA0, 0xFE, 0xFC, 0x2E, 0x9D, 0xFD, 0xFC, 0x2E, 0x9D, 0xFD, 0xFC, 0x2E, 0x9D, 0xFE, 0xFC,
    0x29, 0x97, 0xFD, 0xFC, 0x29, 0x98, 0xFC, 0xFC, 0x29, 0x98, 0xFC, 0xFC, 0x29, 0x95, 0xFC, 0xFC,
    0x30, 0x9E, 0xFE, 0xFC, 0x33, 0x9F, 0xFE, 0xFC, 0x37, 0xA5, 0xFF, 0xFC, 0x37, 0xA5, 0xFF, 0xFC,
    0x36, 0xA4, 0xFF, 0xFC, 0x2B, 0x99, 0xFC, 0xFC, 0x26, 0x96, 0xF8, 0xFC, 0x26, 0x96, 0xF8, 0xFC,
    0x35, 0xA3, 0xFE, 0xFC, 0x3D, 0xAA, 0xFE, 0xFC, 0x3D, 0xAA, 0xFE, 0xFC, 0x3E, 0xAC, 0xFE, 0xFC,
    0x3E, 0xAC, 0xFE, 0xFC, 0x3B, 0xAC, 0xFE, 0xFC, 0x34, 0xA5, 0xFE, 0xFC, 0x34, 0xA6, 0xFE, 0xFC,
    0x34, 0xA6, 0xFE, 0xFC, 0x31, 0xA3, 0xFE, 0xFC, 0x32, 0xA4, 0xFE, 0xFC, 0x32, 0xA3, 0xFE, 0xFC,
    0x32, 0xA3, 0xFE, 0xFC, 0x32, 0xA3, 0xFE, 0xFC, 0x33, 0xA3, 0xFE, 0xFC, 0x33, 0xA2, 0xFD, 0xFC,
    0x34, 0xA2, 0xFD, 0xFC, 0x34, 0xA2, 0xFD, 0xFC, 0x35, 0xA2, 0xFD, 0xFC, 0x36, 0xA3, 0xFD, 0xFC,
    0x37, 0xA3, 0xFE, 0xFC, 0x37, 0xA3, 0xFE, 0xFC, 0x37, 0xA2, 0xFE, 0xFC, 0x37, 0xA3, 0xFE, 0xFC,
    0x34, 0xA0, 0xFD, 0xFD, 0x30, 0xA1, 0xFE, 0xFD, 0x30, 0xA1, 0xFE, 0xFD, 0x24, 0x98, 0xFD, 0xFD,
    0x15, 0x86, 0xF7, 0xFD, 0x17, 0x8B, 0xF8, 0xFD, 0x17, 0x8B, 0xF8, 0xFD, 0x1A, 0x7E, 0xE9, 0xFD,
    0x01, 0x35, 0x94, 0xFD, 0x17, 0x6F, 0xD4, 0xFD, 0x17, 0x6F, 0xD4, 0xFD, 0x2D, 0xA2, 0xFB, 0xFD,
    0x26, 0x9F, 0xFC, 0xFC, 0x28, 0x9E, 0xFD, 0xFD, 0x27, 0x97, 0xFA, 0xFC, 0x27, 0x97, 0xFA, 0xFC,
    0x25, 0x96, 0xF9, 0xFD, 0x2B, 0x9D, 0xFD, 0xFC, 0x2E, 0x9E, 0xFC, 0xFC, 0x2E, 0x9E, 0xFC, 0xFC,
    0x2F, 0x9D, 0xFB, 0xFC, 0x2F, 0x9F, 0xFC, 0xFB, 0x2D, 0x9D, 0xFD, 0xFB, 0x22, 0x92, 0xFA, 0xF9,
    0x22, 0x92, 0xFA, 0xF9, 0x16, 0x89, 0xF7, 0xFA, 0x14, 0x7E, 0xE8, 0xF7, 0x14, 0x5F, 0xB3, 0xF4,
    0x14, 0x5F, 0xB3, 0xF4, 0x09, 0x31, 0x6F, 0xB0, 0x32, 0x83, 0xD2, 0x14, 0x2F, 0x84, 0xD8, 0x05,
    0x2F, 0x84, 0xD8, 0x05, 0x31, 0x83, 0xD3, 0x02, 0x33, 0x82, 0xD3, 0x01, 0x34, 0x83, 0xD3, 0x01,
    0x35, 0x83, 0xD3, 0x01, 0x35, 0x83, 0xD3, 0x01, 0x35, 0x83, 0xD3, 0x01, 0x00, 0x00, 0x00, 0x00,
    0x00, 0x00, 0x00, 0x00, 0x00, 0x00, 0x00, 0x00, 0x00, 0x00, 0x00, 0x00, 0x00, 0x00, 0x00, 0x00,
    0x00, 0x00, 0x00, 0x00, 0x00, 0x00, 0x00, 0x00, 0x00, 0x00, 0x00, 0x00, 0x00, 0x00, 0x00, 0x00,
    0x00, 0x00, 0x00, 0x00, 0x00, 0x00, 0x00, 0x00, 0x00, 0x00, 0x00, 0x00, 0x00, 0x00, 0x00, 0x00,
    0x00, 0x00, 0x00, 0x00, 0x00, 0x00, 0x00, 0x00, 0x00, 0x00, 0x00, 0x00, 0x00, 0x00, 0x00, 0x00,
    0x00, 0x00, 0x00, 0x00, 0x00, 0x00, 0x00, 0x00, 0x42, 0x87, 0xD3, 0x02, 0x42, 0x87, 0xD3, 0x02,
    0x3F, 0x87, 0xD0, 0x04, 0x4D, 0x8F, 0xD0, 0x10, 0x35, 0x62, 0x95, 0x89, 0x1A, 0x28, 0x56, 0xE2,
    0x1A, 0x28, 0x56, 0xE2, 0x8C, 0xB0, 0xEE, 0xF2, 0x91, 0xB1, 0xF8, 0xF9, 0x83, 0x9C, 0xF3, 0xF9,
    0x83, 0x9C, 0xF3, 0xF9, 0x87, 0xA4, 0xFE, 0xFA, 0x5E, 0x7C, 0xEE, 0xFB, 0x36, 0x66, 0xDC, 0xFC,
    0x36, 0x66, 0xDC, 0xFC, 0x40, 0x89, 0xF6, 0xFC, 0x43, 0x9E, 0xFE, 0xFC, 0x3D, 0xA3, 0xFE, 0xFC,
    0x3B, 0xA2, 0xFE, 0xFC, 0x3B, 0xA2, 0xFE, 0xFC, 0x3A, 0xA4, 0xFE, 0xFC, 0x38, 0xA3, 0xFE, 0xFC,
    0x38, 0xA4, 0xFE, 0xFC, 0x38, 0xA4, 0xFE, 0xFC, 0x37, 0xA5, 0xFF, 0xFC, 0x30, 0xA0, 0xFE, 0xFC,
    0x2F, 0x9E, 0xFD, 0xFC, 0x38, 0xA7, 0xFE, 0xFC, 0x38, 0xA7, 0xFE, 0xFC, 0x36, 0xA3, 0xFD, 0xFC,
    0x30, 0x9E, 0xFD, 0xFC, 0x2E, 0x9C, 0xFD, 0xFC, 0x2E, 0x9C, 0xFD, 0xFC, 0x31, 0xA0, 0xFE, 0xFC,
    0x2B, 0x97, 0xFC, 0xFC, 0x28, 0x93, 0xFA, 0xFC, 0x28, 0x93, 0xFA, 0xFC, 0x2A, 0x95, 0xFB, 0xFC,
    0x2E, 0x9A, 0xFD, 0xFC, 0x35, 0xA1, 0xFE, 0xFC, 0x36, 0xA3, 0xFE, 0xFC, 0x36, 0xA3, 0xFE, 0xFC,
    0x37, 0xA4, 0xFE, 0xFC, 0x32, 0xA1, 0xFE, 0xFC, 0x31, 0x9E, 0xFC, 0xFC, 0x31, 0x9E, 0xFC, 0xFC,
    0x39, 0xA6, 0xFE, 0xFC, 0x3A, 0xA5, 0xFD, 0xFC, 0x3C, 0xA9, 0xFE, 0xFC, 0x3D, 0xA8, 0xFD, 0xFC,
    0x3D, 0xA8, 0xFD, 0xFC, 0x3E, 0xA9, 0xFD, 0xFC, 0x37, 0xA5, 0xFC, 0xFC, 0x32, 0xA3, 0xFD, 0xFC,
    0x32, 0xA3, 0xFD, 0xFC, 0x31, 0xA4, 0xFE, 0xFC, 0x32, 0xA4, 0xFE, 0xFC, 0x32, 0xA3, 0xFE, 0xFC,
    0x32, 0xA3, 0xFE, 0xFC, 0x32, 0xA3, 0xFE, 0xFC, 0x32, 0xA3, 0xFD, 0xFC, 0x33, 0xA2, 0xFD, 0xFC,
    0x33, 0xA2, 0xFD, 0xFC, 0x33, 0xA2, 0xFD, 0xFC, 0x34, 0xA3, 0xFD, 0xFC, 0x35, 0xA4, 0xFD, 0xFC,
    0x36, 0xA4, 0xFE, 0xFC, 0x36, 0xA4, 0xFE, 0xFC, 0x37, 0xA4, 0xFE, 0xFC, 0x37, 0xA4, 0xFE, 0xFC,
    0x34, 0xA2, 0xFE, 0xFC, 0x31, 0xA1, 0xFE, 0xFD, 0x31, 0xA1, 0xFE, 0xFD, 0x28, 0x99, 0xFD, 0xFD,
    0x1B, 0x8A, 0xF9, 0xFD, 0x17, 0x86, 0xF8, 0xFD, 0x17, 0x86, 0xF8, 0xFD, 0x19, 0x76, 0xE4, 0xFD,
    0x01, 0x29, 0x81, 0xFD, 0x0C, 0x4C, 0xA9, 0xFD, 0x0C, 0x4C, 0xA9, 0xFD, 0x2E, 0x9B, 0xFB, 0xFD,
    0x25, 0x99, 0xFC, 0xFD, 0x29, 0x9C, 0xFC, 0xFD, 0x19, 0x85, 0xEB, 0xFD, 0x19, 0x85, 0xEB, 0xFD,
    0x1D, 0x88, 0xED, 0xFD, 0x2D, 0x9D, 0xFD, 0xFC, 0x2E, 0x9D, 0xFC, 0xFC, 0x2E, 0x9D, 0xFC, 0xFC,
    0x31, 0x9D, 0xFC, 0xFC, 0x31, 0x9D, 0xFB, 0xFC, 0x31, 0xA1, 0xFD, 0xFB, 0x27, 0x95, 0xFA, 0xFB,
    0x27, 0x95, 0xFA, 0xFB, 0x16, 0x86, 0xF2, 0xFA, 0x17, 0x8B, 0xF5, 0xF7, 0x13, 0x5F, 0xC2, 0xF0,
    0x13, 0x5F, 0xC2, 0xF0, 0x00, 0x0B, 0x3D, 0xDD, 0x25, 0x69, 0xB3, 0x34, 0x30, 0x89, 0xE2, 0x06,
    0x30, 0x89, 0xE2, 0x06, 0x2D, 0x7F, 0xD1, 0x05, 0x32, 0x82, 0xD3, 0x02, 0x32, 0x82, 0xD4, 0x03,
    0x33, 0x82, 0xD3, 0x02, 0x33, 0x82, 0xD3, 0x02, 0x34, 0x83, 0xD3, 0x02, 0x00, 0x00, 0x00, 0x00,
    0x00, 0x00, 0x00, 0x00, 0x00, 0x00, 0x00, 0x00, 0x00, 0x00, 0x00, 0x00, 0x00, 0x00, 0x00, 0x00,
    0x00, 0x00, 0x00, 0x00, 0x00, 0x00, 0x00, 0x00, 0x00, 0x00, 0x00, 0x00, 0x00, 0x00, 0x00, 0x00,
    0x00, 0x00, 0x00, 0x00, 0x00, 0x00, 0x00, 0x00, 0x00, 0x00, 0x00, 0x00, 0x00, 0x00, 0x00, 0x00,
    0x00, 0x00, 0x00, 0x00, 0x00, 0x00, 0x00, 0x00, 0x00, 0x00, 0x00, 0x00, 0x00, 0x00, 0x00, 0x00,
    0x00, 0x00, 0x00, 0x00, 0x3F, 0x86, 0xD0, 0x01, 0x00, 0x00, 0x00, 0x00, 0x00, 0x00, 0x00, 0x00,
    0x41, 0x87, 0xD0, 0x03, 0x4A, 0x91, 0xDA, 0x07, 0x3F, 0x6A, 0xA9, 0x26, 0x04, 0x08, 0x1D, 0xC4,
    0x04, 0x08, 0x1D, 0xC4, 0x68, 0x88, 0xC5, 0xED, 0x98, 0xB7, 0xF9, 0xFA, 0x87, 0xA5, 0xF6, 0xF9,
    0x87, 0xA5, 0xF6, 0xF9, 0x80, 0x9B, 0xFC, 0xFA, 0x50, 0x70, 0xE3, 0xFB, 0x41, 0x7D, 0xEC, 0xFC,
    0x41, 0x7D, 0xEC, 0xFC, 0x46, 0xA1, 0xFE, 0xFC, 0x3E, 0xA2, 0xFE, 0xFC, 0x3C, 0xA5, 0xFE, 0xFC,
    0x3C, 0xA5, 0xFE, 0xFC, 0x3C, 0xA5, 0xFE, 0xFC, 0x3B, 0xA6, 0xFE, 0xFC, 0x3A, 0xA5, 0xFE, 0xFC,
    0x3A, 0xA7, 0xFF, 0xFC, 0x3A, 0xA7, 0xFF, 0xFC, 0x39, 0xA6, 0xFF, 0xFC, 0x38, 0xA6, 0xFF, 0xFC,
    0x38, 0xA6, 0xFE, 0xFC, 0x3E, 0xAC, 0xFE, 0xFC, 0x3E, 0xAC, 0xFE, 0xFC, 0x3A, 0xA6, 0xFE, 0xFC,
    0x36, 0xA4, 0xFE, 0xFC, 0x33, 0xA0, 0xFD, 0xFC, 0x33, 0xA0, 0xFD, 0xFC, 0x32, 0x9F, 0xFE, 0xFC,
    0x2E, 0x9B, 0xFD, 0xFD, 0x26, 0x92, 0xF8, 0xFC, 0x26, 0x92, 0xF8, 0xFC, 0x27, 0x94, 0xF8, 0xFC,
    0x31, 0x9D, 0xFD, 0xFC, 0x35, 0xA2, 0xFE, 0xFC, 0x38, 0xA6, 0xFE, 0xFC, 0x38, 0xA6, 0xFE, 0xFC,
    0x37, 0xA4, 0xFE, 0xFC, 0x36, 0xA6, 0xFE, 0xFC, 0x36, 0xA5, 0xFE, 0xFC, 0x36, 0xA5, 0xFE, 0xFC,
    0x3A, 0xA8, 0xFE, 0xFC, 0x3B, 0xA8, 0xFE, 0xFC, 0x3D, 0xAC, 0xFE, 0xFC, 0x41, 0xAA, 0xFC, 0xFC,
    0x41, 0xAA, 0xFC, 0xFC, 0x4E, 0xB5, 0xFD, 0xFC, 0x47, 0xAD, 0xFC, 0xFC, 0x34, 0xA4, 0xFC, 0xFC,
    0x34, 0xA4, 0xFC, 0xFC, 0x31, 0xA5, 0xFE, 0xFC, 0x31, 0xA4, 0xFE, 0xFC, 0x31, 0xA3, 0xFD, 0xFC,
    0x31, 0xA3, 0xFD, 0xFC, 0x31, 0xA4, 0xFE, 0xFC, 0x32, 0xA3, 0xFD, 0xFC, 0x33, 0xA3, 0xFD, 0xFC,
    0x33, 0xA3, 0xFD, 0xFC, 0x33, 0xA3, 0xFD, 0xFC, 0x34, 0xA3, 0xFD, 0xFC, 0x35, 0xA4, 0xFD, 0xFC,
    0x36, 0xA5, 0xFD, 0xFC, 0x36, 0xA5, 0xFD, 0xFC, 0x38, 0xA5, 0xFE, 0xFC, 0x37, 0xA5, 0xFE, 0xFC,
    0x35, 0xA4, 0xFE, 0xFC, 0x33, 0xA3, 0xFE, 0xFD, 0x33, 0xA3, 0xFE, 0xFD, 0x2C, 0x9E, 0xFD, 0xFD,
    0x1E, 0x8E, 0xFB, 0xFD, 0x1E, 0x90, 0xFD, 0xFD, 0x1E, 0x90, 0xFD, 0xFD, 0x15, 0x71, 0xE1, 0xFD,
    0x02, 0x2E, 0x88, 0xFD, 0x0D, 0x4C, 0xA6, 0xFD, 0x0D, 0x4C, 0xA6, 0xFD, 0x2F, 0xA0, 0xFD, 0xFD,
    0x2A, 0x9E, 0xFD, 0xFD, 0x24, 0x91, 0xF6, 0xFD, 0x1B, 0x83, 0xE5, 0xFD, 0x1B, 0x83, 0xE5, 0xFD,
    0x24, 0x8D, 0xEE, 0xFD, 0x2E, 0x9C, 0xFB, 0xFC, 0x2F, 0x9C, 0xFB, 0xFC, 0x2F, 0x9C, 0xFB, 0xFC,
    0x33, 0xA0, 0xFC, 0xFC, 0x32, 0x9D, 0xFB, 0xFC, 0x33, 0xA1, 0xFD, 0xFC, 0x2A, 0x99, 0xFB, 0xFB,
    0x2A, 0x99, 0xFB, 0xFB, 0x1D, 0x8E, 0xF8, 0xFA, 0x19, 0x8F, 0xFA, 0xFB, 0x1A, 0x83, 0xEC, 0xF7,
    0x1A, 0x83, 0xEC, 0xF7, 0x09, 0x3E, 0x8D, 0xF6, 0x1B, 0x58, 0x9C, 0xB2, 0x31, 0x7E, 0xD0, 0x2E,
    0x31, 0x7E, 0xD0, 0x2E, 0x30, 0x81, 0xD5, 0x07, 0x2F, 0x81, 0xD3, 0x04, 0x32, 0x82, 0xD4, 0x03,
    0x33, 0x82, 0xD2, 0x03, 0x33, 0x82, 0xD2, 0x03, 0x34, 0x83, 0xD3, 0x02, 0x00, 0x00, 0x00, 0x00,
    0x00, 0x00, 0x00, 0x00, 0x00, 0x00, 0x00, 0x00, 0x00, 0x00, 0x00, 0x00, 0x00, 0x00, 0x00, 0x00,
    0x00, 0x00, 0x00, 0x00, 0x00, 0x00, 0x00, 0x00, 0x00, 0x00, 0x00, 0x00, 0x00, 0x00, 0x00, 0x00,
    0x00, 0x00, 0x00, 0x00, 0x00, 0x00, 0x00, 0x00, 0x00, 0x00, 0x00, 0x00, 0x00, 0x00, 0x00, 0x00,
    0x00, 0x00, 0x00, 0x00, 0x00, 0x00, 0x00, 0x00, 0x00, 0x00, 0x00, 0x00, 0x00, 0x00, 0x00, 0x00,
    0x00, 0x00, 0x00, 0x00, 0x3F, 0x86, 0xD0, 0x01, 0x00, 0x00, 0x00, 0x00, 0x00, 0x00, 0x00, 0x00,
    0x41, 0x87, 0xD0, 0x03, 0x4A, 0x91, 0xDA, 0x07, 0x3F, 0x6A, 0xA9, 0x26, 0x04, 0x08, 0x1D, 0xC4,
    0x04, 0x08, 0x1D, 0xC4, 0x68, 0x88, 0xC5, 0xED, 0x98, 0xB7, 0xF9, 0xFA, 0x87, 0xA5, 0xF6, 0xF9,
    0x87, 0xA5, 0xF6, 0xF9, 0x80, 0x9B, 0xFC, 0xFA, 0x50, 0x70, 0xE3, 0xFB, 0x41, 0x7D, 0xEC, 0xFC,
    0x41, 0x7D, 0xEC, 0xFC, 0x46, 0xA1, 0xFE, 0xFC, 0x3E, 0xA2, 0xFE, 0xFC, 0x3C, 0xA5, 0xFE, 0xFC,
    0x3C, 0xA5, 0xFE, 0xFC, 0x3C, 0xA5, 0xFE, 0xFC, 0x3B, 0xA6, 0xFE, 0xFC, 0x3A, 0xA5, 0xFE, 0xFC,
    0x3A, 0xA7, 0xFF, 0xFC, 0x3A, 0xA7, 0xFF, 0xFC, 0x39, 0xA6, 0xFF, 0xFC, 0x38, 0xA6, 0xFF, 0xFC,
    0x38, 0xA6, 0xFE, 0xFC, 0x3E, 0xAC, 0xFE, 0xFC, 0x3E, 0xAC, 0xFE, 0xFC, 0x3A, 0xA6, 0xFE, 0xFC,
    0x36, 0xA4, 0xFE, 0xFC, 0x33, 0xA0, 0xFD, 0xFC, 0x33, 0xA0, 0xFD, 0xFC, 0x32, 0x9F, 0xFE, 0xFC,
    0x2E, 0x9B, 0xFD, 0xFD, 0x26, 0x92, 0xF8, 0xFC, 0x26, 0x92, 0xF8, 0xFC, 0x27, 0x94, 0xF8, 0xFC,
    0x31, 0x9D, 0xFD, 0xFC, 0x35, 0xA2, 0xFE, 0xFC, 0x38, 0xA6, 0xFE, 0xFC, 0x38, 0xA6, 0xFE, 0xFC,
    0x37, 0xA4, 0xFE, 0xFC, 0x36, 0xA6, 0xFE, 0xFC, 0x36, 0xA5, 0xFE, 0xFC, 0x36, 0xA5, 0xFE, 0xFC,
    0x3A, 0xA8, 0xFE, 0xFC, 0x3B, 0xA8, 0xFE, 0xFC, 0x3D, 0xAC, 0xFE, 0xFC, 0x41, 0xAA, 0xFC, 0xFC,
    0x41, 0xAA, 0xFC, 0xFC, 0x4E, 0xB5, 0xFD, 0xFC, 0x47, 0xAD, 0xFC, 0xFC, 0x34, 0xA4, 0xFC, 0xFC,
    0x34, 0xA4, 0xFC, 0xFC, 0x31, 0xA5, 0xFE, 0xFC, 0x31, 0xA4, 0xFE, 0xFC, 0x31, 0xA3, 0xFD, 0xFC,
    0x31, 0xA3, 0xFD, 0xFC, 0x31, 0xA4, 0xFE, 0xFC, 0x32, 0xA3, 0xFD, 0xFC, 0x33, 0xA3, 0xFD, 0xFC,
    0x33, 0xA3, 0xFD, 0xFC, 0x33, 0xA3, 0xFD, 0xFC, 0x34, 0xA3, 0xFD, 0xFC, 0x35, 0xA4, 0xFD, 0xFC,
    0x36, 0xA5, 0xFD, 0xFC, 0x36, 0xA5, 0xFD, 0xFC, 0x38, 0xA5, 0xFE, 0xFC, 0x37, 0xA5, 0xFE, 0xFC,
    0x35, 0xA4, 0xFE, 0xFC, 0x33, 0xA3, 0xFE, 0xFD, 0x33, 0xA3, 0xFE, 0xFD, 0x2C, 0x9E, 0xFD, 0xFD,
    0x1E, 0x8E, 0xFB, 0xFD, 0x1E, 0x90, 0xFD, 0xFD, 0x1E, 0x90, 0xFD, 0xFD, 0x15, 0x71, 0xE1, 0xFD,
    0x02, 0x2E, 0x88, 0xFD, 0x0D, 0x4C, 0xA6, 0xFD, 0x0D, 0x4C, 0xA6, 0xFD, 0x2F, 0xA0, 0xFD, 0xFD,
    0x2A, 0x9E, 0xFD, 0xFD, 0x24, 0x91, 0xF6, 0xFD, 0x1B, 0x83, 0xE5, 0xFD, 0x1B, 0x83, 0xE5, 0xFD,
    0x24, 0x8D, 0xEE, 0xFD, 0x2E, 0x9C, 0xFB, 0xFC, 0x2F, 0x9C, 0xFB, 0xFC, 0x2F, 0x9C, 0xFB, 0xFC,
    0x33, 0xA0, 0xFC, 0xFC, 0x32, 0x9D, 0xFB, 0xFC, 0x33, 0xA1, 0xFD, 0xFC, 0x2A, 0x99, 0xFB, 0xFB,
    0x2A, 0x99, 0xFB, 0xFB, 0x1D, 0x8E, 0xF8, 0xFA, 0x19, 0x8F, 0xFA, 0xFB, 0x1A, 0x83, 0xEC, 0xF7,
    0x1A, 0x83, 0xEC, 0xF7, 0x09, 0x3E, 0x8D, 0xF6, 0x1B, 0x58, 0x9C, 0xB2, 0x31, 0x7E, 0xD0, 0x2E,
    0x31, 0x7E, 0xD0, 0x2E, 0x30, 0x81, 0xD5, 0x07, 0x2F, 0x81, 0xD3, 0x04, 0x32, 0x82, 0xD4, 0x03,
    0x33, 0x82, 0xD2, 0x03, 0x33, 0x82, 0xD2, 0x03, 0x34, 0x83, 0xD3, 0x02, 0x00, 0x00, 0x00, 0x00,
    0x00, 0x00, 0x00, 0x00, 0x00, 0x00, 0x00, 0x00, 0x00, 0x00, 0x00, 0x00, 0x00, 0x00, 0x00, 0x00,
    0x00, 0x00, 0x00, 0x00, 0x00, 0x00, 0x00, 0x00, 0x00, 0x00, 0x00, 0x00, 0x00, 0x00, 0x00, 0x00,
    0x00, 0x00, 0x00, 0x00, 0x00, 0x00, 0x00, 0x00, 0x00, 0x00, 0x00, 0x00, 0x00, 0x00, 0x00, 0x00,
    0x00, 0x00, 0x00, 0x00, 0x00, 0x00, 0x00, 0x00, 0x00, 0x00, 0x00, 0x00, 0x00, 0x00, 0x00, 0x00,
    0x00, 0x00, 0x00, 0x00, 0x00, 0x00, 0x00, 0x00, 0x00, 0x00, 0x00, 0x00, 0x00, 0x00, 0x00, 0x00,
    0x42, 0x88, 0xD2, 0x01, 0x40, 0x8A, 0xD4, 0x05, 0x4C, 0x8E, 0xD2, 0x07, 0x0F, 0x26, 0x51, 0x9F,
    0x0F, 0x26, 0x51, 0x9F, 0x56, 0x76, 0xAA, 0xF0, 0xA3, 0xC2, 0xF9, 0xFB, 0x86, 0x9F, 0xF4, 0xF9,
    0x86, 0x9F, 0xF4, 0xF9, 0x74, 0x87, 0xF2, 0xFB, 0x3B, 0x55, 0xCE, 0xFB, 0x41, 0x81, 0xEE, 0xFC,
    0x41, 0x81, 0xEE, 0xFC, 0x42, 0xA4, 0xFE, 0xFC, 0x3D, 0xA6, 0xFE, 0xFC, 0x3B, 0xA6, 0xFE, 0xFC,
    0x3B, 0xA6, 0xFE, 0xFC, 0x3B, 0xA6, 0xFE, 0xFC, 0x3C, 0xA7, 0xFE, 0xFC, 0x3B, 0xA7, 0xFE, 0xFC,
    0x3A, 0xA7, 0xFF, 0xFC, 0x3A, 0xA7, 0xFF, 0xFC, 0x39, 0xA5, 0xFE, 0xFC, 0x3B, 0xA7, 0xFF, 0xFC,
    0x3C, 0xA7, 0xFE, 0xFC, 0x3D, 0xA7, 0xFE, 0xFC, 0x3D, 0xA7, 0xFE, 0xFC, 0x3F, 0xAB, 0xFE, 0xFC,
    0x3A, 0xA8, 0xFE, 0xFC, 0x35, 0xA1, 0xFD, 0xFC, 0x35, 0xA1, 0xFD, 0xFC, 0x37, 0xA3, 0xFE, 0xFC,
    0x2F, 0x9C, 0xFC, 0xFD, 0x22, 0x8E, 0xF2, 0xFD, 0x22, 0x8E, 0xF2, 0xFD, 0x25, 0x91, 0xF4, 0xFD,
    0x32, 0x9E, 0xFD, 0xFD, 0x37, 0xA4, 0xFD, 0xFD, 0x37, 0xA6, 0xFD, 0xFD, 0x37, 0xA6, 0xFD, 0xFD,
    0x37, 0xA4, 0xFD, 0xFD, 0x37, 0xA5, 0xFE, 0xFD, 0x36, 0xA5, 0xFD, 0xFD, 0x36, 0xA5, 0xFD, 0xFD,
    0x38, 0xA4, 0xFD, 0xFC, 0x3D, 0xAC, 0xFE, 0xFC, 0x3E, 0xAB, 0xFE, 0xFC, 0x44, 0xA8, 0xFA, 0xFC,
    0x44, 0xA8, 0xFA, 0xFC, 0x67, 0xC4, 0xFD, 0xFC, 0x61, 0xBF, 0xFD, 0xFC, 0x38, 0xA7, 0xFB, 0xFC,
    0x38, 0xA7, 0xFB, 0xFC, 0x2F, 0xA4, 0xFD, 0xFC, 0x30, 0xA4, 0xFD, 0xFC, 0x30, 0xA3, 0xFD, 0xFC,
    0x30, 0xA3, 0xFD, 0xFC, 0x30, 0xA3, 0xFD, 0xFC, 0x31, 0xA3, 0xFD, 0xFC, 0x32, 0xA4, 0xFD, 0xFC,
    0x33, 0xA4, 0xFD, 0xFC, 0x33, 0xA4, 0xFD, 0xFC, 0x34, 0xA4, 0xFD, 0xFC, 0x35, 0xA5, 0xFD, 0xFC,
    0x36, 0xA5, 0xFD, 0xFC, 0x36, 0xA5, 0xFD, 0xFC, 0x37, 0xA5, 0xFE, 0xFC, 0x37, 0xA6, 0xFE, 0xFC,
    0x36, 0xA5, 0xFE, 0xFD, 0x32, 0xA1, 0xFE, 0xFD, 0x32, 0xA1, 0xFE, 0xFD, 0x29, 0x97, 0xFB, 0xFD,
    0x22, 0x94, 0xFC, 0xFD, 0x1A, 0x87, 0xF9, 0xFD, 0x1A, 0x87, 0xF9, 0xFD, 0x08, 0x5C, 0xCE, 0xFD,
    0x05, 0x41, 0xA7, 0xFD, 0x0A, 0x4B, 0xAD, 0xFD, 0x0A, 0x4B, 0xAD, 0xFD, 0x28, 0x91, 0xF7, 0xFD,
    0x28, 0x97, 0xFB, 0xFD, 0x17, 0x79, 0xE3, 0xFD, 0x1C, 0x80, 0xE3, 0xFD, 0x1C, 0x80, 0xE3, 0xFD,
    0x2E, 0x9D, 0xFA, 0xFD, 0x2D, 0x9D, 0xFB, 0xFD, 0x2D, 0x9A, 0xFA, 0xFD, 0x2D, 0x9A, 0xFA, 0xFD,
    0x31, 0xA0, 0xFC, 0xFC, 0x33, 0x9F, 0xFA, 0xFC, 0x34, 0x9F, 0xFB, 0xFC, 0x2E, 0x9B, 0xFB, 0xFB,
    0x2E, 0x9B, 0xFB, 0xFB, 0x20, 0x90, 0xFA, 0xFB, 0x16, 0x89, 0xF7, 0xFB, 0x13, 0x82, 0xF1, 0xF8,
    0x13, 0x82, 0xF1, 0xF8, 0x17, 0x73, 0xD7, 0xF7, 0x04, 0x30, 0x75, 0xF6, 0x10, 0x3F, 0x83, 0x5D,
    0x10, 0x3F, 0x83, 0x5D, 0x37, 0x8A, 0xDF, 0x03, 0x2D, 0x80, 0xD2, 0x09, 0x31, 0x83, 0xD3, 0x04,
    0x33, 0x82, 0xD2, 0x03, 0x33, 0x82, 0xD2, 0x03, 0x33, 0x83, 0xD2, 0x03, 0x00, 0x00, 0x00, 0x00,
    0x00, 0x00, 0x00, 0x00, 0x00, 0x00, 0x00, 0x00, 0x00, 0x00, 0x00, 0x00, 0x00, 0x00, 0x00, 0x00,
    0x00, 0x00, 0x00, 0x00, 0x00, 0x00, 0x00, 0x00, 0x00, 0x00, 0x00, 0x00, 0x00, 0x00, 0x00, 0x00,
    0x00, 0x00, 0x00, 0x00, 0x00, 0x00, 0x00, 0x00, 0x00, 0x00, 0x00, 0x00, 0x00, 0x00, 0x00, 0x00,
    0x00, 0x00, 0x00, 0x00, 0x00, 0x00, 0x00, 0x00, 0x00, 0x00, 0x00, 0x00, 0x00, 0x00, 0x00, 0x00,
    0x00, 0x00, 0x00, 0x00, 0x00, 0x00, 0x00, 0x00, 0x00, 0x00, 0x00, 0x00, 0x00, 0x00, 0x00, 0x00,
    0x00, 0x00, 0x00, 0x00, 0x42, 0x8C, 0xD4, 0x03, 0x44, 0x93, 0xD9, 0x01, 0x31, 0x6E, 0xAC, 0x2F,
    0x31, 0x6E, 0xAC, 0x2F, 0x1B, 0x3B, 0x6F, 0xC4, 0x67, 0x7C, 0xB8, 0xF7, 0x97, 0xB0, 0xF5, 0xF7,
    0x97, 0xB0, 0xF5, 0xF7, 0x6C, 0x85, 0xEA, 0xFB, 0x35, 0x59, 0xD3, 0xFB, 0x44, 0x91, 0xFA, 0xFC,
    0x44, 0x91, 0xFA, 0xFC, 0x3F, 0xA1, 0xFE, 0xFC, 0x3D, 0xA4, 0xFD, 0xFC, 0x3B, 0xA7, 0xFE, 0xFC,
    0x3B, 0xA7, 0xFE, 0xFC, 0x3B, 0xA7, 0xFE, 0xFC, 0x3D, 0xA8, 0xFE, 0xFC, 0x3C, 0xA8, 0xFF, 0xFC,
    0x3B, 0xA8, 0xFF, 0xFC, 0x3B, 0xA8, 0xFF, 0xFC, 0x3B, 0xA9, 0xFE, 0xFC, 0x3C, 0xA8, 0xFF, 0xFC,
    0x3E, 0xA9, 0xFE, 0xFC, 0x41, 0xAC, 0xFF, 0xFC, 0x41, 0xAC, 0xFF, 0xFC, 0x3F, 0xAA, 0xFE, 0xFC,
    0x39, 0xA5, 0xFE, 0xFD, 0x38, 0xA5, 0xFD, 0xFD, 0x38, 0xA5, 0xFD, 0xFD, 0x39, 0xA8, 0xFE, 0xFD,
    0x31, 0x9E, 0xFC, 0xFD, 0x24, 0x90, 0xF2, 0xFD, 0x24, 0x90, 0xF2, 0xFD, 0x2A, 0x96, 0xF7, 0xFD,
    0x36, 0xA1, 0xFD, 0xFD, 0x3A, 0xA7, 0xFD, 0xFD, 0x38, 0xA7, 0xFD, 0xFD, 0x38, 0xA7, 0xFD, 0xFD,
    0x37, 0xA5, 0xFD, 0xFD, 0x37, 0xA6, 0xFD, 0xFD, 0x35, 0xA5, 0xFD, 0xFD, 0x35, 0xA5, 0xFD, 0xFD,
    0x35, 0xA4, 0xFD, 0xFD, 0x3A, 0xA9, 0xFE, 0xFD, 0x42, 0xAF, 0xFE, 0xFD, 0x52, 0xB3, 0xFC, 0xFD,
    0x52, 0xB3, 0xFC, 0xFD, 0x72, 0xC8, 0xFE, 0xFC, 0x61, 0xC0, 0xFD, 0xFC, 0x3D, 0xA9, 0xFC, 0xFC,
    0x3D, 0xA9, 0xFC, 0xFC, 0x32, 0xA5, 0xFD, 0xFC, 0x30, 0xA4, 0xFD, 0xFC, 0x2F, 0xA3, 0xFD, 0xFC,
    0x2F, 0xA3, 0xFD, 0xFC, 0x30, 0xA3, 0xFD, 0xFC, 0x30, 0xA2, 0xFD, 0xFC, 0x32, 0xA4, 0xFE, 0xFC,
    0x33, 0xA4, 0xFE, 0xFC, 0x33, 0xA4, 0xFE, 0xFC, 0x34, 0xA5, 0xFE, 0xFC, 0x35, 0xA5, 0xFE, 0xFC,
    0x36, 0xA6, 0xFE, 0xFC, 0x36, 0xA6, 0xFE, 0xFC, 0x37, 0xA5, 0xFE, 0xFC, 0x37, 0xA6, 0xFE, 0xFC,
    0x36, 0xA6, 0xFE, 0xFC, 0x31, 0xA2, 0xFD, 0xFD, 0x31, 0xA2, 0xFD, 0xFD, 0x28, 0x97, 0xF9, 0xFD,
    0x25, 0x97, 0xFD, 0xFD, 0x19, 0x88, 0xF9, 0xFD, 0x19, 0x88, 0xF9, 0xFD, 0x06, 0x5F, 0xD7, 0xFD,
    0x0E, 0x62, 0xD1, 0xFD, 0x0C, 0x56, 0xB9, 0xFD, 0x0C, 0x56, 0xB9, 0xFD, 0x1D, 0x79, 0xDF, 0xFD,
    0x16, 0x7F, 0xE9, 0xFD, 0x13, 0x7C, 0xE5, 0xFD, 0x2D, 0x97, 0xF7, 0xFD, 0x2D, 0x97, 0xF7, 0xFD,
    0x31, 0x9F, 0xFB, 0xFD, 0x30, 0xA1, 0xFC, 0xFD, 0x2F, 0x9D, 0xFC, 0xFD, 0x2F, 0x9D, 0xFC, 0xFD,
    0x31, 0xA0, 0xFC, 0xFC, 0x32, 0x9E, 0xFA, 0xFC, 0x38, 0xA2, 0xFB, 0xFC, 0x31, 0x9D, 0xFC, 0xFB,
    0x31, 0x9D, 0xFC, 0xFB, 0x23, 0x94, 0xFB, 0xFB, 0x18, 0x8B, 0xF8, 0xFB, 0x10, 0x82, 0xF4, 0xFA,
    0x10, 0x82, 0xF4, 0xFA, 0x1E, 0x8A, 0xF4, 0xF5, 0x08, 0x38, 0x75, 0xEF, 0x0F, 0x35, 0x6B, 0xA1,
    0x0F, 0x35, 0x6B, 0xA1, 0x38, 0x8C, 0xDD, 0x0F, 0x2C, 0x80, 0xD1, 0x09, 0x30, 0x83, 0xD3, 0x03,
    0x32, 0x83, 0xD2, 0x04, 0x32, 0x83, 0xD2, 0x04, 0x33, 0x83, 0xD2, 0x03, 0x00, 0x00, 0x00, 0x00,
    0x00, 0x00, 0x00, 0x00, 0x00, 0x00, 0x00, 0x00, 0x00, 0x00, 0x00, 0x00, 0x00, 0x00, 0x00, 0x00,
    0x00, 0x00, 0x00, 0x00, 0x00, 0x00, 0x00, 0x00, 0x00, 0x00, 0x00, 0x00, 0x00, 0x00, 0x00, 0x00,
    0x00, 0x00, 0x00, 0x00, 0x00, 0x00, 0x00, 0x00, 0x00, 0x00, 0x00, 0x00, 0x00, 0x00, 0x00, 0x00,
    0x00, 0x00, 0x00, 0x00, 0x00, 0x00, 0x00, 0x00, 0x00, 0x00, 0x00, 0x00, 0x00, 0x00, 0x00, 0x00,
    0x00, 0x00, 0x00, 0x00, 0x00, 0x00, 0x00, 0x00, 0x00, 0x00, 0x00, 0x00, 0x00, 0x00, 0x00, 0x00,
    0x00, 0x00, 0x00, 0x00, 0x00, 0x00, 0x00, 0x00, 0x3C, 0x89, 0xD1, 0x06, 0x44, 0x92, 0xD9, 0x04,
    0x44, 0x92, 0xD9, 0x04, 0x22, 0x4B, 0x82, 0x67, 0x0F, 0x1A, 0x3D, 0xF7, 0x8B, 0xA3, 0xDF, 0xF6,
    0x8B, 0xA3, 0xDF, 0xF6, 0x61, 0x79, 0xDE, 0xFA, 0x25, 0x4E, 0xCD, 0xFC, 0x41, 0x97, 0xFD, 0xFC,
    0x41, 0x97, 0xFD, 0xFC, 0x3B, 0xA1, 0xFD, 0xFC, 0x3B, 0xA4, 0xFD, 0xFC, 0x3C, 0xA8, 0xFE, 0xFC,
    0x3B, 0xA8, 0xFE, 0xFC, 0x3B, 0xA8, 0xFE, 0xFC, 0x3C, 0xA8, 0xFE, 0xFC, 0x3C, 0xA9, 0xFF, 0xFC,
    0x3D, 0xA9, 0xFF, 0xFC, 0x3D, 0xA9, 0xFF, 0xFC, 0x3D, 0xAA, 0xFF, 0xFC, 0x3F, 0xA9, 0xFE, 0xFC,
    0x3F, 0xA9, 0xFE, 0xFC, 0x43, 0xAF, 0xFE, 0xFD, 0x43, 0xAF, 0xFE, 0xFD, 0x3D, 0xA8, 0xFE, 0xFD,
    0x3A, 0xA8, 0xFE, 0xFD, 0x37, 0xA4, 0xFD, 0xFD, 0x37, 0xA4, 0xFD, 0xFD, 0x37, 0xA4, 0xFE, 0xFD,
    0x33, 0xA2, 0xFC, 0xFD, 0x2D, 0x99, 0xF9, 0xFD, 0x2D, 0x99, 0xF9, 0xFD, 0x33, 0x9F, 0xFC, 0xFD,
    0x3A, 0xA6, 0xFD, 0xFD, 0x39, 0xA5, 0xFD, 0xFD, 0x39, 0xA7, 0xFD, 0xFD, 0x39, 0xA7, 0xFD, 0xFD,
    0x38, 0xA6, 0xFD, 0xFD, 0x36, 0xA5, 0xFD, 0xFD, 0x34, 0xA3, 0xFD, 0xFD, 0x34, 0xA3, 0xFD, 0xFD,
    0x33, 0xA3, 0xFD, 0xFD, 0x35, 0xA4, 0xFE, 0xFD, 0x3E, 0xAA, 0xFE, 0xFD, 0x57, 0xB9, 0xFD, 0xFD,
    0x57, 0xB9, 0xFD, 0xFD, 0x5E, 0xBC, 0xFD, 0xFD, 0x45, 0xAC, 0xFA, 0xFD, 0x38, 0xA7, 0xFC, 0xFC,
    0x38, 0xA7, 0xFC, 0xFC, 0x33, 0xA7, 0xFE, 0xFC, 0x2F, 0xA3, 0xFD, 0xFC, 0x2E, 0xA2, 0xFD, 0xFC,
    0x2E, 0xA2, 0xFD, 0xFC, 0x2E, 0xA3, 0xFD, 0xFC, 0x2E, 0xA2, 0xFD, 0xFC, 0x30, 0xA3, 0xFD, 0xFC,
    0x32, 0xA3, 0xFD, 0xFC, 0x32, 0xA3, 0xFD, 0xFC, 0x34, 0xA5, 0xFE, 0xFC, 0x36, 0xA6, 0xFE, 0xFC,
    0x37, 0xA6, 0xFE, 0xFC, 0x37, 0xA6, 0xFE, 0xFC, 0x38, 0xA5, 0xFE, 0xFC, 0x38, 0xA5, 0xFE, 0xFC,
    0x35, 0xA4, 0xFD, 0xFD, 0x30, 0xA0, 0xFD, 0xFD, 0x30, 0xA0, 0xFD, 0xFD, 0x29, 0x96, 0xF9, 0xFD,
    0x22, 0x8F, 0xFA, 0xFD, 0x17, 0x84, 0xF8, 0xFD, 0x17, 0x84, 0xF8, 0xFD, 0x09, 0x6E, 0xE8, 0xFD,
    0x15, 0x75, 0xED, 0xFD, 0x0C, 0x52, 0xB8, 0xFD, 0x0C, 0x52, 0xB8, 0xFD, 0x09, 0x50, 0xB6, 0xFD,
    0x13, 0x7B, 0xE7, 0xFD, 0x23, 0x93, 0xFD, 0xFD, 0x34, 0xA7, 0xFF, 0xFD, 0x34, 0xA7, 0xFF, 0xFD,
    0x33, 0x9D, 0xFA, 0xFD, 0x33, 0x9F, 0xFB, 0xFD, 0x32, 0xA0, 0xFC, 0xFD, 0x32, 0xA0, 0xFC, 0xFD,
    0x32, 0xA0, 0xFC, 0xFC, 0x34, 0xA1, 0xFB, 0xFC, 0x37, 0xA1, 0xFB, 0xFC, 0x32, 0x9F, 0xFC, 0xFB,
    0x32, 0x9F, 0xFC, 0xFB, 0x24, 0x95, 0xFB, 0xFB, 0x14, 0x85, 0xF2, 0xFA, 0x11, 0x84, 0xF4, 0xFA,
    0x11, 0x84, 0xF4, 0xFA, 0x1A, 0x7C, 0xE9, 0xF7, 0x03, 0x28, 0x67, 0xFC, 0x0B, 0x30, 0x6B, 0xBD,
    0x0B, 0x30, 0x6B, 0xBD, 0x32, 0x87, 0xD9, 0x13, 0x2B, 0x7F, 0xD1, 0x0A, 0x30, 0x82, 0xD3, 0x05,
    0x31, 0x82, 0xD2, 0x04, 0x31, 0x82, 0xD2, 0x04, 0x32, 0x82, 0xD2, 0x03, 0x00, 0x00, 0x00, 0x00,
    0x00, 0x00, 0x00, 0x00, 0x00, 0x00, 0x00, 0x00, 0x00, 0x00, 0x00, 0x00, 0x00, 0x00, 0x00, 0x00,
    0x00, 0x00, 0x00, 0x00, 0x00, 0x00, 0x00, 0x00, 0x00, 0x00, 0x00, 0x00, 0x00, 0x00, 0x00, 0x00,
    0x00, 0x00, 0x00, 0x00, 0x00, 0x00, 0x00, 0x00, 0x00, 0x00, 0x00, 0x00, 0x00, 0x00, 0x00, 0x00,
    0x00, 0x00, 0x00, 0x00, 0x00, 0x00, 0x00, 0x00, 0x00, 0x00, 0x00, 0x00, 0x00, 0x00, 0x00, 0x00,
    0x00, 0x00, 0x00, 0x00, 0x00, 0x00, 0x00, 0x00, 0x00, 0x00, 0x00, 0x00, 0x00, 0x00, 0x00, 0x00,
    0x00, 0x00, 0x00, 0x00, 0x00, 0x00, 0x00, 0x00, 0x3C, 0x89, 0xD1, 0x06, 0x44, 0x92, 0xD9, 0x04,
    0x44, 0x92, 0xD9, 0x04, 0x22, 0x4B, 0x82, 0x67, 0x0F, 0x1A, 0x3D, 0xF7, 0x8B, 0xA3, 0xDF, 0xF6,
    0x8B, 0xA3, 0xDF, 0xF6, 0x61, 0x79, 0xDE, 0xFA, 0x25, 0x4E, 0xCD, 0xFC, 0x41, 0x97, 0xFD, 0xFC,
    0x41, 0x97, 0xFD, 0xFC, 0x3B, 0xA1, 0xFD, 0xFC, 0x3B, 0xA4, 0xFD, 0xFC, 0x3C, 0xA8, 0xFE, 0xFC,
    0x3B, 0xA8, 0xFE, 0xFC, 0x3B, 0xA8, 0xFE, 0xFC, 0x3C, 0xA8, 0xFE, 0xFC, 0x3C, 0xA9, 0xFF, 0xFC,
    0x3D, 0xA9, 0xFF, 0xFC, 0x3D, 0xA9, 0xFF, 0xFC, 0x3D, 0xAA, 0xFF, 0xFC, 0x3F, 0xA9, 0xFE, 0xFC,
    0x3F, 0xA9, 0xFE, 0xFC, 0x43, 0xAF, 0xFE, 0xFD, 0x43, 0xAF, 0xFE, 0xFD, 0x3D, 0xA8, 0xFE, 0xFD,
    0x3A, 0xA8, 0xFE, 0xFD, 0x37, 0xA4, 0xFD, 0xFD, 0x37, 0xA4, 0xFD, 0xFD, 0x37, 0xA4, 0xFE, 0xFD,
    0x33, 0xA2, 0xFC, 0xFD, 0x2D, 0x99, 0xF9, 0xFD, 0x2D, 0x99, 0xF9, 0xFD, 0x33, 0x9F, 0xFC, 0xFD,
    0x3A, 0xA6, 0xFD, 0xFD, 0x39, 0xA5, 0xFD, 0xFD, 0x39, 0xA7, 0xFD, 0xFD, 0x39, 0xA7, 0xFD, 0xFD,
    0x38, 0xA6, 0xFD, 0xFD, 0x36, 0xA5, 0xFD, 0xFD, 0x34, 0xA3, 0xFD, 0xFD, 0x34, 0xA3, 0xFD, 0xFD,
    0x33, 0xA3, 0xFD, 0xFD, 0x35, 0xA4, 0xFE, 0xFD, 0x3E, 0xAA, 0xFE, 0xFD, 0x57, 0xB9, 0xFD, 0xFD,
    0x57, 0xB9, 0xFD, 0xFD, 0x5E, 0xBC, 0xFD, 0xFD, 0x45, 0xAC, 0xFA, 0xFD, 0x38, 0xA7, 0xFC, 0xFC,
    0x38, 0xA7, 0xFC, 0xFC, 0x33, 0xA7, 0xFE, 0xFC, 0x2F, 0xA3, 0xFD, 0xFC, 0x2E, 0xA2, 0xFD, 0xFC,
    0x2E, 0xA2, 0xFD, 0xFC, 0x2E, 0xA3, 0xFD, 0xFC, 0x2E, 0xA2, 0xFD, 0xFC, 0x30, 0xA3, 0xFD, 0xFC,
    0x32, 0xA3, 0xFD, 0xFC, 0x32, 0xA3, 0xFD, 0xFC, 0x34, 0xA5, 0xFE, 0xFC, 0x36, 0xA6, 0xFE, 0xFC,
    0x37, 0xA6, 0xFE, 0xFC, 0x37, 0xA6, 0xFE, 0xFC, 0x38, 0xA5, 0xFE, 0xFC, 0x38, 0xA5, 0xFE, 0xFC,
    0x35, 0xA4, 0xFD, 0xFD, 0x30, 0xA0, 0xFD, 0xFD, 0x30, 0xA0, 0xFD, 0xFD, 0x29, 0x96, 0xF9, 0xFD,
    0x22, 0x8F, 0xFA, 0xFD, 0x17, 0x84, 0xF8, 0xFD, 0x17, 0x84, 0xF8, 0xFD, 0x09, 0x6E, 0xE8, 0xFD,
    0x15, 0x75, 0xED, 0xFD, 0x0C, 0x52, 0xB8, 0xFD, 0x0C, 0x52, 0xB8, 0xFD, 0x09, 0x50, 0xB6, 0xFD,
    0x13, 0x7B, 0xE7, 0xFD, 0x23, 0x93, 0xFD, 0xFD, 0x34, 0xA7, 0xFF, 0xFD, 0x34, 0xA7, 0xFF, 0xFD,
    0x33, 0x9D, 0xFA, 0xFD, 0x33, 0x9F, 0xFB, 0xFD, 0x32, 0xA0, 0xFC, 0xFD, 0x32, 0xA0, 0xFC, 0xFD,
    0x32, 0xA0, 0xFC, 0xFC, 0x34, 0xA1, 0xFB, 0xFC, 0x37, 0xA1, 0xFB, 0xFC, 0x32, 0x9F, 0xFC, 0xFB,
    0x32, 0x9F, 0xFC, 0xFB, 0x24, 0x95, 0xFB, 0xFB, 0x14, 0x85, 0xF2, 0xFA, 0x11, 0x84, 0xF4, 0xFA,
    0x11, 0x84, 0xF4, 0xFA, 0x1A, 0x7C, 0xE9, 0xF7, 0x03, 0x28, 0x67, 0xFC, 0x0B, 0x30, 0x6B, 0xBD,
    0x0B, 0x30, 0x6B, 0xBD, 0x32, 0x87, 0xD9, 0x13, 0x2B, 0x7F, 0xD1, 0x0A, 0x30, 0x82, 0xD3, 0x05,
    0x31, 0x82, 0xD2, 0x04, 0x31, 0x82, 0xD2, 0x04, 0x32, 0x82, 0xD2, 0x03, 0x00, 0x00, 0x00, 0x00,
    0x00, 0x00, 0x00, 0x00, 0x00, 0x00, 0x00, 0x00, 0x00, 0x00, 0x00, 0x00, 0x00, 0x00, 0x00, 0x00,
    0x00, 0x00, 0x00, 0x00, 0x00, 0x00, 0x00, 0x00, 0x00, 0x00, 0x00, 0x00, 0x00, 0x00, 0x00, 0x00,
    0x00, 0x00, 0x00, 0x00, 0x00, 0x00, 0x00, 0x00, 0x00, 0x00, 0x00, 0x00, 0x00, 0x00, 0x00, 0x00,
    0x00, 0x00, 0x00, 0x00, 0x00, 0x00, 0x00, 0x00, 0x00, 0x00, 0x00, 0x00, 0x00, 0x00, 0x00, 0x00,
    0x00, 0x00, 0x00, 0x00, 0x00, 0x00, 0x00, 0x00, 0x00, 0x00, 0x00, 0x00, 0x00, 0x00, 0x00, 0x00,
    0x00, 0x00, 0x00, 0x00, 0x00, 0x00, 0x00, 0x00, 0x40, 0x8C, 0xD3, 0x01, 0x3A, 0x8E, 0xD6, 0x01,
    0x3A, 0x8E, 0xD6, 0x01, 0x40, 0x90, 0xD4, 0x1A, 0x13, 0x3A, 0x6D, 0xC9, 0x59, 0x7C, 0xB7, 0xF7,
    0x59, 0x7C, 0xB7, 0xF7, 0x59, 0x7B, 0xDD, 0xFA, 0x21, 0x53, 0xD4, 0xFB, 0x3D, 0x9C, 0xFD, 0xFC,
    0x3D, 0x9C, 0xFD, 0xFC, 0x37, 0xA1, 0xFC, 0xFC, 0x3B, 0xA5, 0xFC, 0xFC, 0x3B, 0xA9, 0xFD, 0xFC,
    0x3A, 0xA9, 0xFE, 0xFC, 0x3A, 0xA9, 0xFE, 0xFC, 0x3B, 0xAA, 0xFE, 0xFC, 0x3C, 0xAA, 0xFF, 0xFC,
    0x3D, 0xAA, 0xFF, 0xFC, 0x3D, 0xAA, 0xFF, 0xFC, 0x3F, 0xAB, 0xFF, 0xFC, 0x41, 0xAD, 0xFE, 0xFC,
    0x43, 0xAB, 0xFE, 0xFD, 0x42, 0xAB, 0xFD, 0xFD, 0x42, 0xAB, 0xFD, 0xFD, 0x3F, 0xAB, 0xFE, 0xFD,
    0x3B, 0xAB, 0xFE, 0xFD, 0x36, 0xA3, 0xFD, 0xFD, 0x36, 0xA3, 0xFD, 0xFD, 0x36, 0xA5, 0xFD, 0xFD,
    0x34, 0xA3, 0xFD, 0xFD, 0x35, 0xA3, 0xFD, 0xFD, 0x35, 0xA3, 0xFD, 0xFD, 0x37, 0xA4, 0xFD, 0xFD,
    0x3B, 0xA9, 0xFD, 0xFD, 0x3B, 0xA8, 0xFD, 0xFD, 0x3A, 0xA8, 0xFD, 0xFD, 0x3A, 0xA8, 0xFD, 0xFD,
    0x39, 0xA7, 0xFD, 0xFD, 0x37, 0xA7, 0xFD, 0xFD, 0x35, 0xA4, 0xFD, 0xFD, 0x35, 0xA4, 0xFD, 0xFD,
    0x33, 0xA4, 0xFD, 0xFD, 0x32, 0xA3, 0xFD, 0xFD, 0x39, 0xA8, 0xFD, 0xFD, 0x50, 0xB9, 0xFD, 0xFD,
    0x50, 0xB9, 0xFD, 0xFD, 0x50, 0xB9, 0xFD, 0xFD, 0x3B, 0xA8, 0xFC, 0xFD, 0x37, 0xA9, 0xFD, 0xFD,
    0x37, 0xA9, 0xFD, 0xFD, 0x34, 0xAA, 0xFE, 0xFC, 0x30, 0xA6, 0xFE, 0xFC, 0x2B, 0xA2, 0xFD, 0xFC,
    0x2B, 0xA2, 0xFD, 0xFC, 0x2B, 0xA2, 0xFD, 0xFC, 0x2A, 0xA1, 0xFD, 0xFC, 0x2D, 0xA3, 0xFD, 0xFC,
    0x30, 0xA2, 0xFD, 0xFC, 0x30, 0xA2, 0xFD, 0xFC, 0x34, 0xA5, 0xFE, 0xFC, 0x36, 0xA7, 0xFE, 0xFC,
    0x37, 0xA7, 0xFF, 0xFC, 0x37, 0xA7, 0xFF, 0xFC, 0x38, 0xA6, 0xFE, 0xFC, 0x37, 0xA6, 0xFE, 0xFC,
    0x33, 0xA2, 0xFD, 0xFC, 0x30, 0x9F, 0xFD, 0xFD, 0x30, 0x9F, 0xFD, 0xFD, 0x2B, 0x9A, 0xFB, 0xFD,
    0x26, 0x92, 0xFB, 0xFD, 0x17, 0x84, 0xF6, 0xFD, 0x17, 0x84, 0xF6, 0xFD, 0x0C, 0x7D, 0xF4, 0xFD,
    0x1A, 0x86, 0xFF, 0xFD, 0x0D, 0x51, 0xAF, 0xFD, 0x0D, 0x51, 0xAF, 0xFD, 0x02, 0x32, 0x89, 0xFD,
    0x29, 0x90, 0xF8, 0xFD, 0x30, 0xA5, 0xFF, 0xFD, 0x31, 0xA2, 0xFF, 0xFD, 0x31, 0xA2, 0xFF, 0xFD,
    0x37, 0xA2, 0xFB, 0xFD, 0x35, 0xA0, 0xFB, 0xFD, 0x33, 0xA0, 0xFC, 0xFD, 0x33, 0xA0, 0xFC, 0xFD,
    0x31, 0xA0, 0xFC, 0xFC, 0x34, 0xA5, 0xFD, 0xFC, 0x35, 0xA2, 0xFC, 0xFC, 0x31, 0x9D, 0xFB, 0xFC,
    0x31, 0x9D, 0xFB, 0xFC, 0x24, 0x96, 0xFA, 0xFB, 0x15, 0x88, 0xF5, 0xFA, 0x13, 0x8A, 0xF7, 0xFA,
    0x13, 0x8A, 0xF7, 0xFA, 0x16, 0x7E, 0xED, 0xF8, 0x06, 0x39, 0x8C, 0xFA, 0x0F, 0x40, 0x85, 0xC3,
    0x0F, 0x40, 0x85, 0xC3, 0x36, 0x8B, 0xD6, 0x36, 0x2C, 0x81, 0xD2, 0x09, 0x2E, 0x83, 0xD4, 0x07,
    0x31, 0x82, 0xD2, 0x04, 0x31, 0x82, 0xD2, 0x04, 0x31, 0x82, 0xD2, 0x04, 0x00, 0x00, 0x00, 0x00,
    0x00, 0x00, 0x00, 0x00, 0x00, 0x00, 0x00, 0x00, 0x00, 0x00, 0x00, 0x00, 0x00, 0x00, 0x00, 0x00,
    0x00, 0x00, 0x00, 0x00, 0x00, 0x00, 0x00, 0x00, 0x00, 0x00, 0x00, 0x00, 0x00, 0x00, 0x00, 0x00,
    0x00, 0x00, 0x00, 0x00, 0x00, 0x00, 0x00, 0x00, 0x00, 0x00, 0x00, 0x00, 0x00, 0x00, 0x00, 0x00,
    0x00, 0x00, 0x00, 0x00, 0x00, 0x00, 0x00, 0x00, 0x00, 0x00, 0x00, 0x00, 0x00, 0x00, 0x00, 0x00,
    0x00, 0x00, 0x00, 0x00, 0x00, 0x00, 0x00, 0x00, 0x00, 0x00, 0x00, 0x00, 0x00, 0x00, 0x00, 0x00,
    0x00, 0x00, 0x00, 0x00, 0x00, 0x00, 0x00, 0x00, 0x41, 0x8B, 0xD5, 0x01, 0x39, 0x8A, 0xD3, 0x04,
    0x39, 0x8A, 0xD3, 0x04, 0x00, 0x00, 0x00, 0x00, 0x35, 0x87, 0xC4, 0x3F, 0x17, 0x3E, 0x80, 0xEE,
    0x17, 0x3E, 0x80, 0xEE, 0x22, 0x3E, 0x9B, 0xFD, 0x24, 0x67, 0xE0, 0xFA, 0x35, 0x9C, 0xFB, 0xFD,
    0x35, 0x9C, 0xFB, 0xFD, 0x35, 0xA1, 0xFA, 0xFC, 0x3B, 0xA7, 0xFB, 0xFC, 0x3A, 0xA9, 0xFC, 0xFC,
    0x3A, 0xAA, 0xFD, 0xFC, 0x3A, 0xAA, 0xFD, 0xFC, 0x3A, 0xAB, 0xFE, 0xFC, 0x3B, 0xAB, 0xFF, 0xFC,
    0x3D, 0xAB, 0xFE, 0xFC, 0x3D, 0xAB, 0xFE, 0xFC, 0x40, 0xAC, 0xFE, 0xFC, 0x40, 0xAA, 0xFD, 0xFD,
    0x45, 0xAB, 0xFB, 0xFD, 0x49, 0xAD, 0xFB, 0xFD, 0x49, 0xAD, 0xFB, 0xFD, 0x40, 0xA5, 0xF9, 0xFD,
    0x3C, 0xA8, 0xFD, 0xFD, 0x39, 0xA6, 0xFD, 0xFD, 0x39, 0xA6, 0xFD, 0xFD, 0x36, 0xA4, 0xFD, 0xFD,
    0x34, 0xA2, 0xFC, 0xFD, 0x36, 0xA5, 0xFD, 0xFD, 0x36, 0xA5, 0xFD, 0xFD, 0x39, 0xA7, 0xFE, 0xFD,
    0x3A, 0xA6, 0xFD, 0xFD, 0x3D, 0xA9, 0xFE, 0xFD, 0x3C, 0xAA, 0xFE, 0xFD, 0x3C, 0xAA, 0xFE, 0xFD,
    0x3A, 0xA7, 0xFE, 0xFD, 0x38, 0xA6, 0xFD, 0xFD, 0x36, 0xA4, 0xFD, 0xFD, 0x36, 0xA4, 0xFD, 0xFD,
    0x34, 0xA3, 0xFD, 0xFD, 0x32, 0xA1, 0xFD, 0xFD, 0x35, 0xA4, 0xFC, 0xFD, 0x43, 0xB0, 0xFD, 0xFD,
    0x43, 0xB0, 0xFD, 0xFD, 0x42, 0xAF, 0xFE, 0xFD, 0x3E, 0xAF, 0xFE, 0xFD, 0x39, 0xAD, 0xFE, 0xFD,
    0x39, 0xAD, 0xFE, 0xFD, 0x2F, 0xA2, 0xFC, 0xFC, 0x2E, 0xA4, 0xFD, 0xFC, 0x29, 0x9F, 0xFB, 0xFC,
    0x29, 0x9F, 0xFB, 0xFC, 0x22, 0x94, 0xF7, 0xFC, 0x26, 0x9B, 0xFC, 0xFC, 0x2B, 0xA1, 0xFC, 0xFC,
    0x30, 0xA3, 0xFD, 0xFC, 0x30, 0xA3, 0xFD, 0xFC, 0x34, 0xA6, 0xFE, 0xFC, 0x35, 0xA6, 0xFE, 0xFC,
    0x37, 0xA7, 0xFF, 0xFC, 0x37, 0xA7, 0xFF, 0xFC, 0x38, 0xA7, 0xFE, 0xFC, 0x37, 0xA6, 0xFE, 0xFC,
    0x32, 0xA1, 0xFC, 0xFC, 0x30, 0x9E, 0xFC, 0xFD, 0x30, 0x9E, 0xFC, 0xFD, 0x2C, 0x9A, 0xFC, 0xFD,
    0x25, 0x93, 0xFC, 0xFD, 0x17, 0x83, 0xF5, 0xFD, 0x17, 0x83, 0xF5, 0xFD, 0x0B, 0x7E, 0xF4, 0xFD,
    0x1B, 0x87, 0xFF, 0xFD, 0x0A, 0x45, 0xA0, 0xFD, 0x0A, 0x45, 0xA0, 0xFD, 0x00, 0x1E, 0x65, 0xFD,
    0x2F, 0x92, 0xF8, 0xFD, 0x34, 0xA8, 0xFF, 0xFD, 0x35, 0xA1, 0xFE, 0xFD, 0x35, 0xA1, 0xFE, 0xFD,
    0x3B, 0xA1, 0xFA, 0xFD, 0x38, 0xA2, 0xFA, 0xFD, 0x33, 0x9E, 0xFB, 0xFD, 0x33, 0x9E, 0xFB, 0xFD,
    0x30, 0x9E, 0xFC, 0xFC, 0x2F, 0x9E, 0xFC, 0xFC, 0x34, 0xA2, 0xFC, 0xFC, 0x2C, 0x96, 0xF9, 0xFC,
    0x2C, 0x96, 0xF9, 0xFC, 0x21, 0x92, 0xF9, 0xFB, 0x16, 0x8B, 0xF9, 0xFA, 0x0C, 0x7B, 0xF2, 0xFA,
    0x0C, 0x7B, 0xF2, 0xFA, 0x10, 0x7E, 0xF0, 0xF9, 0x17, 0x6D, 0xD3, 0xFA, 0x10, 0x48, 0x95, 0xE7,
    0x10, 0x48, 0x95, 0xE7, 0x0D, 0x43, 0x8B, 0x89, 0x30, 0x82, 0xD1, 0x05, 0x30, 0x84, 0xD6, 0x0A,
    0x30, 0x81, 0xD1, 0x06, 0x30, 0x81, 0xD1, 0x06, 0x32, 0x82, 0xD1, 0x04, 0x00, 0x00, 0x00, 0x00,
    0x00, 0x00, 0x00, 0x00, 0x00, 0x00, 0x00, 0x00, 0x00, 0x00, 0x00, 0x00, 0x00, 0x00, 0x00, 0x00,
    0x00, 0x00, 0x00, 0x00, 0x00, 0x00, 0x00, 0x00, 0x00, 0x00, 0x00, 0x00, 0x00, 0x00, 0x00, 0x00,
    0x00, 0x00, 0x00, 0x00, 0x00, 0x00, 0x00, 0x00, 0x00, 0x00, 0x00, 0x00, 0x00, 0x00, 0x00, 0x00,
    0x00, 0x00, 0x00, 0x00, 0x00, 0x00, 0x00, 0x00, 0x00, 0x00, 0x00, 0x00, 0x00, 0x00, 0x00, 0x00,
    0x00, 0x00, 0x00, 0x00, 0x00, 0x00, 0x00, 0x00, 0x00, 0x00, 0x00, 0x00, 0x00, 0x00, 0x00, 0x00,
    0x00, 0x00, 0x00, 0x00, 0x00, 0x00, 0x00, 0x00, 0x00, 0x00, 0x00, 0x00, 0x3F, 0x8D, 0xD4, 0x02,
    0x3F, 0x8D, 0xD4, 0x02, 0x00, 0x00, 0x00, 0x00, 0x3A, 0x8D, 0xCD, 0x28, 0x0B, 0x27, 0x63, 0xE8,
    0x0B, 0x27, 0x63, 0xE8, 0x05, 0x1C, 0x72, 0xFC, 0x29, 0x80, 0xF3, 0xFA, 0x2E, 0x9D, 0xFA, 0xFC,
    0x2E, 0x9D, 0xFA, 0xFC, 0x34, 0xA1, 0xFA, 0xFC, 0x3B, 0xA7, 0xFA, 0xFC, 0x3C, 0xAA, 0xFB, 0xFC,
    0x3B, 0xAA, 0xFD, 0xFC, 0x3B, 0xAA, 0xFD, 0xFC, 0x3B, 0xAD, 0xFE, 0xFC, 0x3C, 0xAC, 0xFF, 0xFC,
    0x3E, 0xAD, 0xFF, 0xFC, 0x3E, 0xAD, 0xFF, 0xFC, 0x3F, 0xAC, 0xFE, 0xFD, 0x45, 0xAD, 0xFD, 0xFD,
    0x55, 0xB5, 0xFC, 0xFD, 0x60, 0xBE, 0xFD, 0xFD, 0x60, 0xBE, 0xFD, 0xFD, 0x4C, 0xAF, 0xFA, 0xFD,
    0x41, 0xAC, 0xFC, 0xFD, 0x3A, 0xA7, 0xFD, 0xFD, 0x3A, 0xA7, 0xFD, 0xFD, 0x37, 0xA6, 0xFD, 0xFD,
    0x35, 0xA5, 0xFD, 0xFD, 0x37, 0xA6, 0xFE, 0xFD, 0x37, 0xA6, 0xFE, 0xFD, 0x38, 0xA7, 0xFE, 0xFD,
    0x3C, 0xAB, 0xFE, 0xFD, 0x3D, 0xA9, 0xFD, 0xFD, 0x3F, 0xAC, 0xFE, 0xFD, 0x3F, 0xAC, 0xFE, 0xFD,
    0x3D, 0xA9, 0xFD, 0xFD, 0x3A, 0xA8, 0xFE, 0xFD, 0x39, 0xA7, 0xFD, 0xFD, 0x39, 0xA7, 0xFD, 0xFD,
    0x37, 0xA6, 0xFD, 0xFD, 0x35, 0xA4, 0xFD, 0xFD, 0x37, 0xA7, 0xFD, 0xFD, 0x3B, 0xAB, 0xFD, 0xFD,
    0x3B, 0xAB, 0xFD, 0xFD, 0x43, 0xB3, 0xFD, 0xFD, 0x3C, 0xAD, 0xFD, 0xFD, 0x36, 0xA9, 0xFD, 0xFD,
    0x36, 0xA9, 0xFD, 0xFD, 0x30, 0xA6, 0xFC, 0xFD, 0x2F, 0xA5, 0xFC, 0xFC, 0x24, 0x95, 0xF4, 0xFC,
    0x24, 0x95, 0xF4, 0xFC, 0x1A, 0x89, 0xED, 0xFC, 0x27, 0x99, 0xFB, 0xFC, 0x2C, 0xA2, 0xFD, 0xFC,
    0x30, 0xA4, 0xFD, 0xFC, 0x30, 0xA4, 0xFD, 0xFC, 0x33, 0xA6, 0xFE, 0xFC, 0x34, 0xA6, 0xFE, 0xFC,
    0x37, 0xA8, 0xFE, 0xFC, 0x37, 0xA8, 0xFE, 0xFC, 0x39, 0xA8, 0xFE, 0xFC, 0x37, 0xA7, 0xFE, 0xFC,
    0x33, 0xA3, 0xFE, 0xFD, 0x30, 0x9F, 0xFD, 0xFD, 0x30, 0x9F, 0xFD, 0xFD, 0x2B, 0x98, 0xFB, 0xFD,
    0x25, 0x91, 0xFB, 0xFD, 0x19, 0x8A, 0xFA, 0xFD, 0x19, 0x8A, 0xFA, 0xFD, 0x0F, 0x85, 0xFC, 0xFD,
    0x1C, 0x8A, 0xFF, 0xFD, 0x0C, 0x48, 0xA2, 0xFD, 0x0C, 0x48, 0xA2, 0xFD, 0x00, 0x19, 0x58, 0xFD,
    0x33, 0x94, 0xF6, 0xFD, 0x34, 0xAB, 0xFF, 0xFD, 0x35, 0xA2, 0xFD, 0xFD, 0x35, 0xA2, 0xFD, 0xFD,
    0x3B, 0xA2, 0xF9, 0xFD, 0x39, 0xA4, 0xF9, 0xFD, 0x33, 0x9F, 0xFA, 0xFD, 0x33, 0x9F, 0xFA, 0xFD,
    0x2F, 0x9F, 0xFC, 0xFC, 0x2C, 0x9D, 0xFC, 0xFC, 0x2D, 0xA1, 0xFC, 0xFC, 0x2A, 0x99, 0xFB, 0xFB,
    0x2A, 0x99, 0xFB, 0xFB, 0x24, 0x98, 0xFB, 0xFB, 0x17, 0x90, 0xFA, 0xFA, 0x10, 0x86, 0xF9, 0xFA,
    0x10, 0x86, 0xF9, 0xFA, 0x0E, 0x83, 0xF3, 0xF9, 0x1A, 0x8C, 0xF4, 0xF6, 0x0B, 0x4A, 0x9D, 0xEB,
    0x0B, 0x4A, 0x9D, 0xEB, 0x02, 0x16, 0x4B, 0xA0, 0x2E, 0x7B, 0xC9, 0x0C, 0x2F, 0x85, 0xD7, 0x0E,
    0x2F, 0x81, 0xD0, 0x06, 0x2F, 0x81, 0xD0, 0x06, 0x32, 0x82, 0xD1, 0x04, 0x00, 0x00, 0x00, 0x00,
    0x00, 0x00, 0x00, 0x00, 0x00, 0x00, 0x00, 0x00, 0x00, 0x00, 0x00, 0x00, 0x00, 0x00, 0x00, 0x00,
    0x00, 0x00, 0x00, 0x00, 0x00, 0x00, 0x00, 0x00, 0x00, 0x00, 0x00, 0x00, 0x00, 0x00, 0x00, 0x00,
    0x00, 0x00, 0x00, 0x00, 0x00, 0x00, 0x00, 0x00, 0x00, 0x00, 0x00, 0x00, 0x00, 0x00, 0x00, 0x00,
    0x00, 0x00, 0x00, 0x00, 0x00, 0x00, 0x00, 0x00, 0x00, 0x00, 0x00, 0x00, 0x00, 0x00, 0x00, 0x00,
    0x00, 0x00, 0x00, 0x00, 0x00, 0x00, 0x00, 0x00, 0x00, 0x00, 0x00, 0x00, 0x00, 0x00, 0x00, 0x00,
    0x00, 0x00, 0x00, 0x00, 0x00, 0x00, 0x00, 0x00, 0x00, 0x00, 0x00, 0x00, 0x3F, 0x8D, 0xD4, 0x02,
    0x3F, 0x8D, 0xD4, 0x02, 0x00, 0x00, 0x00, 0x00, 0x3A, 0x8D, 0xCD, 0x28, 0x0B, 0x27, 0x63, 0xE8,
    0x0B, 0x27, 0x63, 0xE8, 0x05, 0x1C, 0x72, 0xFC, 0x29, 0x80, 0xF3, 0xFA, 0x2E, 0x9D, 0xFA, 0xFC,
    0x2E, 0x9D, 0xFA, 0xFC, 0x34, 0xA1, 0xFA, 0xFC, 0x3B, 0xA7, 0xFA, 0xFC, 0x3C, 0xAA, 0xFB, 0xFC,
    0x3B, 0xAA, 0xFD, 0xFC, 0x3B, 0xAA, 0xFD, 0xFC, 0x3B, 0xAD, 0xFE, 0xFC, 0x3C, 0xAC, 0xFF, 0xFC,
    0x3E, 0xAD, 0xFF, 0xFC, 0x3E, 0xAD, 0xFF, 0xFC, 0x3F, 0xAC, 0xFE, 0xFD, 0x45, 0xAD, 0xFD, 0xFD,
    0x55, 0xB5, 0xFC, 0xFD, 0x60, 0xBE, 0xFD, 0xFD, 0x60, 0xBE, 0xFD, 0xFD, 0x4C, 0xAF, 0xFA, 0xFD,
    0x41, 0xAC, 0xFC, 0xFD, 0x3A, 0xA7, 0xFD, 0xFD, 0x3A, 0xA7, 0xFD, 0xFD, 0x37, 0xA6, 0xFD, 0xFD,
    0x35, 0xA5, 0xFD, 0xFD, 0x37, 0xA6, 0xFE, 0xFD, 0x37, 0xA6, 0xFE, 0xFD, 0x38, 0xA7, 0xFE, 0xFD,
    0x3C, 0xAB, 0xFE, 0xFD, 0x3D, 0xA9, 0xFD, 0xFD, 0x3F, 0xAC, 0xFE, 0xFD, 0x3F, 0xAC, 0xFE, 0xFD,
    0x3D, 0xA9, 0xFD, 0xFD, 0x3A, 0xA8, 0xFE, 0xFD, 0x39, 0xA7, 0xFD, 0xFD, 0x39, 0xA7, 0xFD, 0xFD,
    0x37, 0xA6, 0xFD, 0xFD, 0x35, 0xA4, 0xFD, 0xFD, 0x37, 0xA7, 0xFD, 0xFD, 0x3B, 0xAB, 0xFD, 0xFD,
    0x3B, 0xAB, 0xFD, 0xFD, 0x43, 0xB3, 0xFD, 0xFD, 0x3C, 0xAD, 0xFD, 0xFD, 0x36, 0xA9, 0xFD, 0xFD,
    0x36, 0xA9, 0xFD, 0xFD, 0x30, 0xA6, 0xFC, 0xFD, 0x2F, 0xA5, 0xFC, 0xFC, 0x24, 0x95, 0xF4, 0xFC,
    0x24, 0x95, 0xF4, 0xFC, 0x1A, 0x89, 0xED, 0xFC, 0x27, 0x99, 0xFB, 0xFC, 0x2C, 0xA2, 0xFD, 0xFC,
    0x30, 0xA4, 0xFD, 0xFC, 0x30, 0xA4, 0xFD, 0xFC, 0x33, 0xA6, 0xFE, 0xFC, 0x34, 0xA6, 0xFE, 0xFC,
    0x37, 0xA8, 0xFE, 0xFC, 0x37, 0xA8, 0xFE, 0xFC, 0x39, 0xA8, 0xFE, 0xFC, 0x37, 0xA7, 0xFE, 0xFC,
    0x33, 0xA3, 0xFE, 0xFD, 0x30, 0x9F, 0xFD, 0xFD, 0x30, 0x9F, 0xFD, 0xFD, 0x2B, 0x98, 0xFB, 0xFD,
    0x25, 0x91, 0xFB, 0xFD, 0x19, 0x8A, 0xFA, 0xFD, 0x19, 0x8A, 0xFA, 0xFD, 0x0F, 0x85, 0xFC, 0xFD,
    0x1C, 0x8A, 0xFF, 0xFD, 0x0C, 0x48, 0xA2, 0xFD, 0x0C, 0x48, 0xA2, 0xFD, 0x00, 0x19, 0x58, 0xFD,
    0x33, 0x94, 0xF6, 0xFD, 0x34, 0xAB, 0xFF, 0xFD, 0x35, 0xA2, 0xFD, 0xFD, 0x35, 0xA2, 0xFD, 0xFD,
    0x3B, 0xA2, 0xF9, 0xFD, 0x39, 0xA4, 0xF9, 0xFD, 0x33, 0x9F, 0xFA, 0xFD, 0x33, 0x9F, 0xFA, 0xFD,
    0x2F, 0x9F, 0xFC, 0xFC, 0x2C, 0x9D, 0xFC, 0xFC, 0x2D, 0xA1, 0xFC, 0xFC, 0x2A, 0x99, 0xFB, 0xFB,
    0x2A, 0x99, 0xFB, 0xFB, 0x24, 0x98, 0xFB, 0xFB, 0x17, 0x90, 0xFA, 0xFA, 0x10, 0x86, 0xF9, 0xFA,
    0x10, 0x86, 0xF9, 0xFA, 0x0E, 0x83, 0xF3, 0xF9, 0x1A, 0x8C, 0xF4, 0xF6, 0x0B, 0x4A, 0x9D, 0xEB,
    0x0B, 0x4A, 0x9D, 0xEB, 0x02, 0x16, 0x4B, 0xA0, 0x2E, 0x7B, 0xC9, 0x0C, 0x2F, 0x85, 0xD7, 0x0E,
    0x2F, 0x81, 0xD0, 0x06, 0x2F, 0x81, 0xD0, 0x06, 0x32, 0x82, 0xD1, 0x04, 0x00, 0x00, 0x00, 0x00,
    0x00, 0x00, 0x00, 0x00, 0x00, 0x00, 0x00, 0x00, 0x00, 0x00, 0x00, 0x00, 0x00, 0x00, 0x00, 0x00,
    0x00, 0x00, 0x00, 0x00, 0x00, 0x00, 0x00, 0x00, 0x00, 0x00, 0x00, 0x00, 0x00, 0x00, 0x00, 0x00,
    0x00, 0x00, 0x00, 0x00, 0x00, 0x00, 0x00, 0x00, 0x00, 0x00, 0x00, 0x00, 0x00, 0x00, 0x00, 0x00,
    0x00, 0x00, 0x00, 0x00, 0x00, 0x00, 0x00, 0x00, 0x00, 0x00, 0x00, 0x00, 0x00, 0x00, 0x00, 0x00,
    0x00, 0x00, 0x00, 0x00, 0x00, 0x00, 0x00, 0x00, 0x00, 0x00, 0x00, 0x00, 0x00, 0x00, 0x00, 0x00,
    0x00, 0x00, 0x00, 0x00, 0x00, 0x00, 0x00, 0x00, 0x00, 0x00, 0x00, 0x00, 0x3E, 0x8B, 0xD2, 0x02,
    0x3E, 0x8B, 0xD2, 0x02, 0x00, 0x00, 0x00, 0x00, 0x3E, 0x89, 0xC6, 0x26, 0x05, 0x17, 0x4C, 0xED,
    0x05, 0x17, 0x4C, 0xED, 0x10, 0x30, 0x8C, 0xFB, 0x30, 0x91, 0xFA, 0xFA, 0x27, 0x95, 0xF9, 0xFC,
    0x27, 0x95, 0xF9, 0xFC, 0x34, 0xA2, 0xFA, 0xFC, 0x3A, 0xA6, 0xFA, 0xFC, 0x3A, 0xA8, 0xFB, 0xFC,
    0x3B, 0xAB, 0xFD, 0xFC, 0x3B, 0xAB, 0xFD, 0xFC, 0x3B, 0xAC, 0xFE, 0xFC, 0x3D, 0xAD, 0xFF, 0xFC,
    0x3F, 0xAE, 0xFF, 0xFC, 0x3F, 0xAE, 0xFF, 0xFC, 0x41, 0xAB, 0xFD, 0xFC, 0x4C, 0xAD, 0xFB, 0xFD,
    0x6A, 0xC2, 0xFD, 0xFD, 0x77, 0xCD, 0xFE, 0xFD, 0x77, 0xCD, 0xFE, 0xFD, 0x5C, 0xBB, 0xFD, 0xFD,
    0x48, 0xAE, 0xFC, 0xFD, 0x3D, 0xA6, 0xFC, 0xFD, 0x3D, 0xA6, 0xFC, 0xFD, 0x3A, 0xA8, 0xFE, 0xFD,
    0x39, 0xA7, 0xFE, 0xFD, 0x39, 0xA6, 0xFE, 0xFD, 0x39, 0xA6, 0xFE, 0xFD, 0x3B, 0xA6, 0xFE, 0xFD,
    0x3D, 0xA9, 0xFE, 0xFD, 0x40, 0xAA, 0xFD, 0xFD, 0x42, 0xAB, 0xFD, 0xFD, 0x42, 0xAB, 0xFD, 0xFD,
    0x43, 0xAB, 0xFD, 0xFD, 0x43, 0xAC, 0xFD, 0xFD, 0x3D, 0xA7, 0xFB, 0xFD, 0x3D, 0xA7, 0xFB, 0xFD,
    0x3B, 0xA6, 0xFD, 0xFD, 0x3A, 0xA8, 0xFE, 0xFD, 0x39, 0xA7, 0xFD, 0xFD, 0x38, 0xA6, 0xFC, 0xFD,
    0x38, 0xA6, 0xFC, 0xFD, 0x3A, 0xAB, 0xFD, 0xFD, 0x38, 0xAA, 0xFC, 0xFD, 0x37, 0xAE, 0xFD, 0xFD,
    0x37, 0xAE, 0xFD, 0xFD, 0x31, 0xA5, 0xFC, 0xFD, 0x2D, 0x9C, 0xF6, 0xFC, 0x12, 0x78, 0xD6, 0xFC,
    0x12, 0x78, 0xD6, 0xFC, 0x0E, 0x77, 0xD8, 0xFC, 0x28, 0x99, 0xFA, 0xFC, 0x2C, 0xA3, 0xFD, 0xFC,
    0x30, 0xA4, 0xFD, 0xFC, 0x30, 0xA4, 0xFD, 0xFC, 0x33, 0xA7, 0xFE, 0xFC, 0x35, 0xA6, 0xFD, 0xFC,
    0x36, 0xA7, 0xFD, 0xFC, 0x36, 0xA7, 0xFD, 0xFC, 0x37, 0xA6, 0xFE, 0xFC, 0x39, 0xA8, 0xFE, 0xFC,
    0x35, 0xA6, 0xFE, 0xFC, 0x31, 0xA2, 0xFD, 0xFC, 0x31, 0xA2, 0xFD, 0xFC, 0x2B, 0x95, 0xFA, 0xFD,
    0x21, 0x8A, 0xF6, 0xFD, 0x1A, 0x8A, 0xFA, 0xFD, 0x1A, 0x8A, 0xFA, 0xFD, 0x0F, 0x84, 0xFC, 0xFD,
    0x1D, 0x89, 0xFF, 0xFD, 0x0B, 0x45, 0xA0, 0xFD, 0x0B, 0x45, 0xA0, 0xFD, 0x00, 0x16, 0x56, 0xFD,
    0x31, 0x91, 0xF6, 0xFD, 0x31, 0xA7, 0xFF, 0xFD, 0x34, 0xA3, 0xFE, 0xFD, 0x34, 0xA3, 0xFE, 0xFD,
    0x37, 0xA0, 0xF9, 0xFD, 0x35, 0xA0, 0xF9, 0xFD, 0x31, 0x9F, 0xFB, 0xFD, 0x31, 0x9F, 0xFB, 0xFD,
    0x2A, 0x9C, 0xFC, 0xFC, 0x26, 0x99, 0xFB, 0xFC, 0x24, 0x98, 0xFB, 0xFC, 0x27, 0x98, 0xFC, 0xFC,
    0x27, 0x98, 0xFC, 0xFC, 0x24, 0x95, 0xFC, 0xFB, 0x17, 0x8B, 0xFA, 0xFA, 0x12, 0x8B, 0xFB, 0xF9,
    0x12, 0x8B, 0xFB, 0xF9, 0x09, 0x79, 0xEF, 0xFA, 0x12, 0x80, 0xF0, 0xF7, 0x0B, 0x48, 0x9C, 0xF3,
    0x0B, 0x48, 0x9C, 0xF3, 0x01, 0x10, 0x3B, 0xBD, 0x2C, 0x78, 0xC3, 0x19, 0x2F, 0x84, 0xD7, 0x0F,
    0x2E, 0x80, 0xD0, 0x06, 0x2E, 0x80, 0xD0, 0x06, 0x32, 0x81, 0xD1, 0x05, 0x00, 0x00, 0x00, 0x00,
    0x00, 0x00, 0x00, 0x00, 0x00, 0x00, 0x00, 0x00, 0x00, 0x00, 0x00, 0x00, 0x00, 0x00, 0x00, 0x00,
    0x00, 0x00, 0x00, 0x00, 0x00, 0x00, 0x00, 0x00, 0x00, 0x00, 0x00, 0x00, 0x00, 0x00, 0x00, 0x00,
    0x00, 0x00, 0x00, 0x00, 0x00, 0x00, 0x00, 0x00, 0x00, 0x00, 0x00, 0x00, 0x00, 0x00, 0x00, 0x00,
    0x00, 0x00, 0x00, 0x00, 0x00, 0x00, 0x00, 0x00, 0x00, 0x00, 0x00, 0x00, 0x00, 0x00, 0x00, 0x00,
    0x00, 0x00, 0x00, 0x00, 0x00, 0x00, 0x00, 0x00, 0x00, 0x00, 0x00, 0x00, 0x00, 0x00, 0x00, 0x00,
    0x00, 0x00, 0x00, 0x00, 0x00, 0x00, 0x00, 0x00, 0x00, 0x00, 0x00, 0x00, 0x3D, 0x8B, 0xD2, 0x02,
    0x3D, 0x8B, 0xD2, 0x02, 0x00, 0x00, 0x00, 0x00, 0x3E, 0x89, 0xC6, 0x23, 0x01, 0x0D, 0x37, 0xEB,
    0x01, 0x0D, 0x37, 0xEB, 0x1C, 0x4D, 0xAA, 0xFB, 0x34, 0xA0, 0xFD, 0xFA, 0x25, 0x96, 0xF9, 0xFC,
    0x25, 0x96, 0xF9, 0xFC, 0x34, 0xA4, 0xFB, 0xFC, 0x3A, 0xA7, 0xFA, 0xFC, 0x3D, 0xAB, 0xFB, 0xFC,
    0x3D, 0xAB, 0xFD, 0xFC, 0x3D, 0xAB, 0xFD, 0xFC, 0x3C, 0xAF, 0xFE, 0xFC, 0x3D, 0xAC, 0xFF, 0xFC,
    0x40, 0xAE, 0xFE, 0xFC, 0x40, 0xAE, 0xFE, 0xFC, 0x48, 0xB0, 0xFE, 0xFD, 0x56, 0xB3, 0xFD, 0xFD,
    0x65, 0xBD, 0xFC, 0xFD, 0x67, 0xC2, 0xFD, 0xFD, 0x67, 0xC2, 0xFD, 0xFD, 0x54, 0xB6, 0xFC, 0xFD,
    0x48, 0xB0, 0xFD, 0xFD, 0x41, 0xAD, 0xFE, 0xFD, 0x41, 0xAD, 0xFE, 0xFD, 0x3D, 0xAB, 0xFE, 0xFD,
    0x39, 0xA7, 0xFE, 0xFD, 0x3C, 0xAA, 0xFF, 0xFD, 0x3C, 0xAA, 0xFF, 0xFD, 0x3D, 0xA9, 0xFE, 0xFD,
    0x40, 0xAD, 0xFE, 0xFD, 0x43, 0xAC, 0xFE, 0xFD, 0x46, 0xAD, 0xFD, 0xFD, 0x46, 0xAD, 0xFD, 0xFD,
    0x50, 0xB5, 0xFD, 0xFD, 0x58, 0xBB, 0xFD, 0xFD, 0x4D, 0xB3, 0xFC, 0xFD, 0x4D, 0xB3, 0xFC, 0xFD,
    0x42, 0xAB, 0xFC, 0xFD, 0x3E, 0xAA, 0xFE, 0xFD, 0x3C, 0xAC, 0xFE, 0xFD, 0x3A, 0xAB, 0xFD, 0xFD,
    0x3A, 0xAB, 0xFD, 0xFD, 0x37, 0xA9, 0xFC, 0xFD, 0x2F, 0x9D, 0xF7, 0xFD, 0x2D, 0x9B, 0xF6, 0xFD,
    0x2D, 0x9B, 0xF6, 0xFD, 0x21, 0x8B, 0xE8, 0xFD, 0x18, 0x7E, 0xDB, 0xFD, 0x0C, 0x6C, 0xCD, 0xFC,
    0x0C, 0x6C, 0xCD, 0xFC, 0x15, 0x7E, 0xE0, 0xFC, 0x29, 0x9C, 0xFB, 0xFC, 0x2C, 0xA4, 0xFD, 0xFC,
    0x2F, 0xA4, 0xFD, 0xFC, 0x2F, 0xA4, 0xFD, 0xFC, 0x34, 0xA7, 0xFE, 0xFC, 0x35, 0xA8, 0xFD, 0xFC,
    0x36, 0xA7, 0xFE, 0xFC, 0x36, 0xA7, 0xFE, 0xFC, 0x36, 0xA6, 0xFE, 0xFC, 0x37, 0xA8, 0xFE, 0xFC,
    0x33, 0xA5, 0xFE, 0xFC, 0x2F, 0x9F, 0xFD, 0xFC, 0x2F, 0x9F, 0xFD, 0xFC, 0x28, 0x94, 0xF9, 0xFD,
    0x22, 0x8C, 0xF7, 0xFD, 0x19, 0x87, 0xF7, 0xFD, 0x19, 0x87, 0xF7, 0xFD, 0x12, 0x88, 0xFE, 0xFD,
    0x1F, 0x92, 0xFF, 0xFD, 0x0D, 0x4A, 0xA4, 0xFD, 0x0D, 0x4A, 0xA4, 0xFD, 0x02, 0x23, 0x69, 0xFD,
    0x35, 0x99, 0xFC, 0xFD, 0x33, 0xAA, 0xFF, 0xFD, 0x35, 0xA6, 0xFE, 0xFD, 0x35, 0xA6, 0xFE, 0xFD,
    0x36, 0xA1, 0xF9, 0xFD, 0x33, 0x9F, 0xF9, 0xFD, 0x30, 0xA2, 0xFB, 0xFD, 0x30, 0xA2, 0xFB, 0xFD,
    0x28, 0xA0, 0xFD, 0xFC, 0x23, 0x99, 0xFC, 0xFC, 0x11, 0x78, 0xE8, 0xFC, 0x1F, 0x89, 0xF4, 0xFB,
    0x1F, 0x89, 0xF4, 0xFB, 0x28, 0x9F, 0xFD, 0xFB, 0x1A, 0x91, 0xFB, 0xFA, 0x0B, 0x7B, 0xF5, 0xF9,
    0x0B, 0x7B, 0xF5, 0xF9, 0x08, 0x7D, 0xF3, 0xFA, 0x16, 0x8D, 0xF8, 0xF5, 0x0E, 0x4F, 0xA1, 0xF2,
    0x0E, 0x4F, 0xA1, 0xF2, 0x01, 0x0F, 0x35, 0xC5, 0x2E, 0x79, 0xC1, 0x1F, 0x2E, 0x84, 0xD6, 0x0E,
    0x2F, 0x80, 0xD0, 0x06, 0x2F, 0x80, 0xD0, 0x06, 0x32, 0x81, 0xD1, 0x05, 0x00, 0x00, 0x00, 0x00,
    0x00, 0x00, 0x00, 0x00, 0x00, 0x00, 0x00, 0x00, 0x00, 0x00, 0x00, 0x00, 0x00, 0x00, 0x00, 0x00,
    0x00, 0x00, 0x00, 0x00, 0x00, 0x00, 0x00, 0x00, 0x00, 0x00, 0x00, 0x00, 0x00, 0x00, 0x00, 0x00,
    0x00, 0x00, 0x00, 0x00, 0x00, 0x00, 0x00, 0x00, 0x00, 0x00, 0x00, 0x00, 0x00, 0x00, 0x00, 0x00,
    0x00, 0x00, 0x00, 0x00, 0x00, 0x00, 0x00, 0x00, 0x00, 0x00, 0x00, 0x00, 0x00, 0x00, 0x00, 0x00,
    0x00, 0x00, 0x00, 0x00, 0x00, 0x00, 0x00, 0x00, 0x00, 0x00, 0x00, 0x00, 0x00, 0x00, 0x00, 0x00,
    0x00, 0x00, 0x00, 0x00, 0x00, 0x00, 0x00, 0x00, 0x00, 0x00, 0x00, 0x00, 0x3D, 0x8B, 0xD2, 0x02,
    0x3D, 0x8B, 0xD2, 0x02, 0x00, 0x00, 0x00, 0x00, 0x3F, 0x88, 0xC5, 0x24, 0x01, 0x06, 0x24, 0xEC,
    0x01, 0x06, 0x24, 0xEC, 0x17, 0x47, 0xA6, 0xFA, 0x31, 0x9B, 0xFD, 0xFA, 0x22, 0x93, 0xF9, 0xFC,
    0x22, 0x93, 0xF9, 0xFC, 0x34, 0xA5, 0xFB, 0xFC, 0x3B, 0xA9, 0xFB, 0xFC, 0x3E, 0xAB, 0xFB, 0xFC,
    0x3D, 0xAA, 0xFC, 0xFC, 0x3D, 0xAA, 0xFC, 0xFC, 0x3C, 0xAE, 0xFE, 0xFC, 0x3D, 0xAD, 0xFE, 0xFC,
    0x40, 0xAB, 0xFD, 0xFC, 0x40, 0xAB, 0xFD, 0xFC, 0x49, 0xAD, 0xFC, 0xFC, 0x5B, 0xBB, 0xFD, 0xFD,
    0x54, 0xB3, 0xFB, 0xFD, 0x4E, 0xB2, 0xFA, 0xFD, 0x4E, 0xB2, 0xFA, 0xFD, 0x46, 0xAD, 0xFB, 0xFD,
    0x47, 0xB3, 0xFE, 0xFD, 0x41, 0xAC, 0xFD, 0xFD, 0x41, 0xAC, 0xFD, 0xFD, 0x3F, 0xAA, 0xFE, 0xFD,
    0x3D, 0xA8, 0xFE, 0xFD, 0x3E, 0xA9, 0xFE, 0xFD, 0x3E, 0xA9, 0xFE, 0xFD, 0x3E, 0xA8, 0xFD, 0xFD,
    0x44, 0xAF, 0xFE, 0xFD, 0x47, 0xAE, 0xFF, 0xFD, 0x4A, 0xAF, 0xFE, 0xFD, 0x4A, 0xAF, 0xFE, 0xFD,
    0x5A, 0xBA, 0xFE, 0xFD, 0x75, 0xCD, 0xFE, 0xFD, 0x6C, 0xC7, 0xFE, 0xFD, 0x6C, 0xC7, 0xFE, 0xFD,
    0x4F, 0xB4, 0xFD, 0xFD, 0x44, 0xAC, 0xFD, 0xFD, 0x42, 0xAF, 0xFE, 0xFD, 0x3C, 0xAA, 0xFD, 0xFD,
    0x3C, 0xAA, 0xFD, 0xFD, 0x34, 0xA1, 0xFA, 0xFD, 0x20, 0x88, 0xE6, 0xFD, 0x1A, 0x7E, 0xE0, 0xFD,
    0x1A, 0x7E, 0xE0, 0xFD, 0x19, 0x7E, 0xDE, 0xFD, 0x20, 0x88, 0xE8, 0xFD, 0x1F, 0x89, 0xED, 0xFC,
    0x1F, 0x89, 0xED, 0xFC, 0x25, 0x93, 0xF6, 0xFC, 0x28, 0x9A, 0xFC, 0xFC, 0x2C, 0xA1, 0xFD, 0xFC,
    0x32, 0xA6, 0xFE, 0xFC, 0x32, 0xA6, 0xFE, 0xFC, 0x35, 0xA7, 0xFE, 0xFC, 0x36, 0xA8, 0xFE, 0xFC,
    0x37, 0xA8, 0xFE, 0xFC, 0x37, 0xA8, 0xFE, 0xFC, 0x2F, 0xA0, 0xFD, 0xFC, 0x26, 0x99, 0xF9, 0xFC,
    0x22, 0x95, 0xF7, 0xFC, 0x22, 0x91, 0xF8, 0xFC, 0x22, 0x91, 0xF8, 0xFC, 0x22, 0x8D, 0xF7, 0xFC,
    0x20, 0x8C, 0xF9, 0xFD, 0x17, 0x84, 0xF6, 0xFD, 0x17, 0x84, 0xF6, 0xFD, 0x11, 0x82, 0xF8, 0xFD,
    0x20, 0x8E, 0xFF, 0xFD, 0x0B, 0x46, 0xA0, 0xFD, 0x0B, 0x46, 0xA0, 0xFD, 0x05, 0x2D, 0x7D, 0xFD,
    0x3A, 0x9D, 0xFD, 0xFD, 0x35, 0xA5, 0xFF, 0xFD, 0x36, 0xA1, 0xFB, 0xFD, 0x36, 0xA1, 0xFB, 0xFD,
    0x37, 0xA3, 0xF9, 0xFD, 0x33, 0xA2, 0xFA, 0xFD, 0x2A, 0x99, 0xFB, 0xFD, 0x2A, 0x99, 0xFB, 0xFD,
    0x24, 0x9C, 0xFD, 0xFC, 0x23, 0x94, 0xFC, 0xFC, 0x08, 0x5D, 0xCD, 0xFC, 0x13, 0x72, 0xDE, 0xFB,
    0x13, 0x72, 0xDE, 0xFB, 0x21, 0x93, 0xFB, 0xFA, 0x14, 0x87, 0xF8, 0xFA, 0x09, 0x74, 0xF1, 0xF9,
    0x09, 0x74, 0xF1, 0xF9, 0x06, 0x77, 0xEF, 0xF9, 0x15, 0x89, 0xF7, 0xF7, 0x0C, 0x4A, 0x9D, 0xF3,
    0x0C, 0x4A, 0x9D, 0xF3, 0x01, 0x08, 0x28, 0xCF, 0x2C, 0x76, 0xBF, 0x22, 0x2D, 0x84, 0xD6, 0x0D,
    0x2F, 0x80, 0xD0, 0x06, 0x2F, 0x80, 0xD0, 0x06, 0x32, 0x81, 0xD0, 0x05, 0x00, 0x00, 0x00, 0x00,
    0x00, 0x00, 0x00, 0x00, 0x00, 0x00, 0x00, 0x00, 0x00, 0x00, 0x00, 0x00, 0x00, 0x00, 0x00, 0x00,
    0x00, 0x00, 0x00, 0x00, 0x00, 0x00, 0x00, 0x00, 0x00, 0x00, 0x00, 0x00, 0x00, 0x00, 0x00, 0x00,
    0x00, 0x00, 0x00, 0x00, 0x00, 0x00, 0x00, 0x00, 0x00, 0x00, 0x00, 0x00, 0x00, 0x00, 0x00, 0x00,
    0x00, 0x00, 0x00, 0x00, 0x00, 0x00, 0x00, 0x00, 0x00, 0x00, 0x00, 0x00, 0x00, 0x00, 0x00, 0x00,
    0x00, 0x00, 0x00, 0x00, 0x00, 0x00, 0x00, 0x00, 0x00, 0x00, 0x00, 0x00, 0x00, 0x00, 0x00, 0x00,
    0x00, 0x00, 0x00, 0x00, 0x00, 0x00, 0x00, 0x00, 0x00, 0x00, 0x00, 0x00, 0x3D, 0x8B, 0xD3, 0x01,
    0x3D, 0x8B, 0xD3, 0x01, 0x00, 0x00, 0x00, 0x00, 0x3F, 0x8A, 0xC7, 0x24, 0x01, 0x08, 0x24, 0xEB,
    0x01, 0x08, 0x24, 0xEB, 0x15, 0x45, 0x9E, 0xFA, 0x30, 0x9F, 0xFE, 0xFA, 0x20, 0x94, 0xFB, 0xFC,
    0x20, 0x94, 0xFB, 0xFC, 0x2B, 0x9A, 0xFA, 0xFC, 0x34, 0xA4, 0xFB, 0xFC, 0x3A, 0xAA, 0xFC, 0xFC,
    0x3C, 0xAC, 0xFD, 0xFC, 0x3C, 0xAC, 0xFD, 0xFC, 0x39, 0xAB, 0xFD, 0xFC, 0x3B, 0xAC, 0xFD, 0xFC,
    0x41, 0xAF, 0xFD, 0xFC, 0x41, 0xAF, 0xFD, 0xFC, 0x4A, 0xB0, 0xFD, 0xFC, 0x53, 0xB8, 0xFD, 0xFC,
    0x4F, 0xB7, 0xFD, 0xFC, 0x43, 0xAD, 0xFD, 0xFD, 0x43, 0xAD, 0xFD, 0xFD, 0x44, 0xAF, 0xFD, 0xFD,
    0x45, 0xB2, 0xFE, 0xFD, 0x41, 0xAD, 0xFE, 0xFD, 0x41, 0xAD, 0xFE, 0xFD, 0x41, 0xAD, 0xFE, 0xFD,
    0x40, 0xAC, 0xFE, 0xFD, 0x43, 0xAA, 0xFD, 0xFD, 0x43, 0xAA, 0xFD, 0xFD, 0x49, 0xAD, 0xFD, 0xFD,
    0x49, 0xAF, 0xFE, 0xFD, 0x4B, 0xB0, 0xFF, 0xFD, 0x4C, 0xB1, 0xFF, 0xFD, 0x4C, 0xB1, 0xFF, 0xFD,
    0x5B, 0xB9, 0xFD, 0xFD, 0x82, 0xD5, 0xFE, 0xFD, 0x86, 0xD7, 0xFE, 0xFD, 0x86, 0xD7, 0xFE, 0xFD,
    0x61, 0xC1, 0xFE, 0xFD, 0x4A, 0xB1, 0xFE, 0xFD, 0x46, 0xB4, 0xFE, 0xFD, 0x40, 0xAF, 0xFE, 0xFD,
    0x40, 0xAF, 0xFE, 0xFD, 0x35, 0xA1, 0xFB, 0xFD, 0x2D, 0x95, 0xF4, 0xFD, 0x2A, 0x92, 0xF3, 0xFD,
    0x2A, 0x92, 0xF3, 0xFD, 0x2B, 0x96, 0xF6, 0xFD, 0x2D, 0x9C, 0xFB, 0xFD, 0x2C, 0x9D, 0xFC, 0xFD,
    0x2C, 0x9D, 0xFC, 0xFD, 0x2D, 0x9E, 0xFD, 0xFD, 0x2C, 0x9C, 0xFD, 0xFC, 0x31, 0xA5, 0xFE, 0xFC,
    0x35, 0xA7, 0xFE, 0xFC, 0x35, 0xA7, 0xFE, 0xFC, 0x39, 0xA8, 0xFE, 0xFC, 0x3B, 0xAD, 0xFE, 0xFC,
    0x36, 0xA9, 0xFE, 0xFC, 0x36, 0xA9, 0xFE, 0xFC, 0x28, 0x9C, 0xFC, 0xFC, 0x1B, 0x8F, 0xF6, 0xFC,
    0x1A, 0x8D, 0xF6, 0xFC, 0x22, 0x95, 0xFB, 0xFC, 0x22, 0x95, 0xFB, 0xFC, 0x1F, 0x8C, 0xF8, 0xFC,
    0x1D, 0x88, 0xF7, 0xFC, 0x17, 0x85, 0xF6, 0xFC, 0x17, 0x85, 0xF6, 0xFC, 0x13, 0x83, 0xF9, 0xFC,
    0x1F, 0x85, 0xFB, 0xFD, 0x0A, 0x44, 0x9A, 0xFD, 0x0A, 0x44, 0x9A, 0xFD, 0x14, 0x55, 0xAC, 0xFD,
    0x3D, 0xA7, 0xFE, 0xFD, 0x33, 0xA4, 0xFD, 0xFD, 0x35, 0xA1, 0xFB, 0xFD, 0x35, 0xA1, 0xFB, 0xFD,
    0x36, 0xA3, 0xFA, 0xFD, 0x32, 0xA4, 0xFB, 0xFD, 0x29, 0x9D, 0xFC, 0xFD, 0x29, 0x9D, 0xFC, 0xFD,
    0x23, 0x9D, 0xFD, 0xFC, 0x1F, 0x90, 0xF9, 0xFC, 0x0B, 0x64, 0xD1, 0xFB, 0x1A, 0x79, 0xE5, 0xFB,
    0x1A, 0x79, 0xE5, 0xFB, 0x2B, 0xA0, 0xFD, 0xFA, 0x17, 0x8C, 0xFA, 0xFA, 0x14, 0x89, 0xFB, 0xF9,
    0x14, 0x89, 0xFB, 0xF9, 0x10, 0x89, 0xF9, 0xF9, 0x1C, 0x94, 0xFA, 0xF5, 0x0E, 0x4C, 0xA0, 0xF3,
    0x0E, 0x4C, 0xA0, 0xF3, 0x01, 0x09, 0x29, 0xCA, 0x2E, 0x79, 0xC1, 0x20, 0x2E, 0x86, 0xD8, 0x0C,
    0x2F, 0x80, 0xD0, 0x06, 0x2F, 0x80, 0xD0, 0x06, 0x32, 0x81, 0xD0, 0x05, 0x00, 0x00, 0x00, 0x00,
    0x00, 0x00, 0x00, 0x00, 0x00, 0x00, 0x00, 0x00, 0x00, 0x00, 0x00, 0x00, 0x00, 0x00, 0x00, 0x00,
    0x00, 0x00, 0x00, 0x00, 0x00, 0x00, 0x00, 0x00, 0x00, 0x00, 0x00, 0x00, 0x00, 0x00, 0x00, 0x00,
    0x00, 0x00, 0x00, 0x00, 0x00, 0x00, 0x00, 0x00, 0x00, 0x00, 0x00, 0x00, 0x00, 0x00, 0x00, 0x00,
    0x00, 0x00, 0x00, 0x00, 0x00, 0x00, 0x00, 0x00, 0x00, 0x00, 0x00, 0x00, 0x00, 0x00, 0x00, 0x00,
    0x00, 0x00, 0x00, 0x00, 0x00, 0x00, 0x00, 0x00, 0x00, 0x00, 0x00, 0x00, 0x00, 0x00, 0x00, 0x00,
    0x00, 0x00, 0x00, 0x00, 0x00, 0x00, 0x00, 0x00, 0x00, 0x00, 0x00, 0x00, 0x3D, 0x8B, 0xD3, 0x01,
    0x3D, 0x8B, 0xD3, 0x01, 0x00, 0x00, 0x00, 0x00, 0x3F, 0x8A, 0xC7, 0x24, 0x01, 0x08, 0x24, 0xEB,
    0x01, 0x08, 0x24, 0xEB, 0x15, 0x45, 0x9E, 0xFA, 0x30, 0x9F, 0xFE, 0xFA, 0x20, 0x94, 0xFB, 0xFC,
    0x20, 0x94, 0xFB, 0xFC, 0x2B, 0x9A, 0xFA, 0xFC, 0x34, 0xA4, 0xFB, 0xFC, 0x3A, 0xAA, 0xFC, 0xFC,
    0x3C, 0xAC, 0xFD, 0xFC, 0x3C, 0xAC, 0xFD, 0xFC, 0x39, 0xAB, 0xFD, 0xFC, 0x3B, 0xAC, 0xFD, 0xFC,
    0x41, 0xAF, 0xFD, 0xFC, 0x41, 0xAF, 0xFD, 0xFC, 0x4A, 0xB0, 0xFD, 0xFC, 0x53, 0xB8, 0xFD, 0xFC,
    0x4F, 0xB7, 0xFD, 0xFC, 0x43, 0xAD, 0xFD, 0xFD, 0x43, 0xAD, 0xFD, 0xFD, 0x44, 0xAF, 0xFD, 0xFD,
    0x45, 0xB2, 0xFE, 0xFD, 0x41, 0xAD, 0xFE, 0xFD, 0x41, 0xAD, 0xFE, 0xFD, 0x41, 0xAD, 0xFE, 0xFD,
    0x40, 0xAC, 0xFE, 0xFD, 0x43, 0xAA, 0xFD, 0xFD, 0x43, 0xAA, 0xFD, 0xFD, 0x49, 0xAD, 0xFD, 0xFD,
    0x49, 0xAF, 0xFE, 0xFD, 0x4B, 0xB0, 0xFF, 0xFD, 0x4C, 0xB1, 0xFF, 0xFD, 0x4C, 0xB1, 0xFF, 0xFD,
    0x5B, 0xB9, 0xFD, 0xFD, 0x82, 0xD5, 0xFE, 0xFD, 0x86, 0xD7, 0xFE, 0xFD, 0x86, 0xD7, 0xFE, 0xFD,
    0x61, 0xC1, 0xFE, 0xFD, 0x4A, 0xB1, 0xFE, 0xFD, 0x46, 0xB4, 0xFE, 0xFD, 0x40, 0xAF, 0xFE, 0xFD,
    0x40, 0xAF, 0xFE, 0xFD, 0x35, 0xA1, 0xFB, 0xFD, 0x2D, 0x95, 0xF4, 0xFD, 0x2A, 0x92, 0xF3, 0xFD,
    0x2A, 0x92, 0xF3, 0xFD, 0x2B, 0x96, 0xF6, 0xFD, 0x2D, 0x9C, 0xFB, 0xFD, 0x2C, 0x9D, 0xFC, 0xFD,
    0x2C, 0x9D, 0xFC, 0xFD, 0x2D, 0x9E, 0xFD, 0xFD, 0x2C, 0x9C, 0xFD, 0xFC, 0x31, 0xA5, 0xFE, 0xFC,
    0x35, 0xA7, 0xFE, 0xFC, 0x35, 0xA7, 0xFE, 0xFC, 0x39, 0xA8, 0xFE, 0xFC, 0x3B, 0xAD, 0xFE, 0xFC,
    0x36, 0xA9, 0xFE, 0xFC, 0x36, 0xA9, 0xFE, 0xFC, 0x28, 0x9C, 0xFC, 0xFC, 0x1B, 0x8F, 0xF6, 0xFC,
    0x1A, 0x8D, 0xF6, 0xFC, 0x22, 0x95, 0xFB, 0xFC, 0x22, 0x95, 0xFB, 0xFC, 0x1F, 0x8C, 0xF8, 0xFC,
    0x1D, 0x88, 0xF7, 0xFC, 0x17, 0x85, 0xF6, 0xFC, 0x17, 0x85, 0xF6, 0xFC, 0x13, 0x83, 0xF9, 0xFC,
    0x1F, 0x85, 0xFB, 0xFD, 0x0A, 0x44, 0x9A, 0xFD, 0x0A, 0x44, 0x9A, 0xFD, 0x14, 0x55, 0xAC, 0xFD,
    0x3D, 0xA7, 0xFE, 0xFD, 0x33, 0xA4, 0xFD, 0xFD, 0x35, 0xA1, 0xFB, 0xFD, 0x35, 0xA1, 0xFB, 0xFD,
    0x36, 0xA3, 0xFA, 0xFD, 0x32, 0xA4, 0xFB, 0xFD, 0x29, 0x9D, 0xFC, 0xFD, 0x29, 0x9D, 0xFC, 0xFD,
    0x23, 0x9D, 0xFD, 0xFC, 0x1F, 0x90, 0xF9, 0xFC, 0x0B, 0x64, 0xD1, 0xFB, 0x1A, 0x79, 0xE5, 0xFB,
    0x1A, 0x79, 0xE5, 0xFB, 0x2B, 0xA0, 0xFD, 0xFA, 0x17, 0x8C, 0xFA, 0xFA, 0x14, 0x89, 0xFB, 0xF9,
    0x14, 0x89, 0xFB, 0xF9, 0x10, 0x89, 0xF9, 0xF9, 0x1C, 0x94, 0xFA, 0xF5, 0x0E, 0x4C, 0xA0, 0xF3,
    0x0E, 0x4C, 0xA0, 0xF3, 0x01, 0x09, 0x29, 0xCA, 0x2E, 0x79, 0xC1, 0x20, 0x2E, 0x86, 0xD8, 0x0C,
    0x2F, 0x80, 0xD0, 0x06, 0x2F, 0x80, 0xD0, 0x06, 0x32, 0x81, 0xD0, 0x05, 0x00, 0x00, 0x00, 0x00,
    0x00, 0x00, 0x00, 0x00, 0x00, 0x00, 0x00, 0x00, 0x00, 0x00, 0x00, 0x00, 0x00, 0x00, 0x00, 0x00,
    0x00, 0x00, 0x00, 0x00, 0x00, 0x00, 0x00, 0x00, 0x00, 0x00, 0x00, 0x00, 0x00, 0x00, 0x00, 0x00,
    0x00, 0x00, 0x00, 0x00, 0x00, 0x00, 0x00, 0x00, 0x00, 0x00, 0x00, 0x00, 0x00, 0x00, 0x00, 0x00,
    0x00, 0x00, 0x00, 0x00, 0x00, 0x00, 0x00, 0x00, 0x00, 0x00, 0x00, 0x00, 0x00, 0x00, 0x00, 0x00,
    0x00, 0x00, 0x00, 0x00, 0x00, 0x00, 0x00, 0x00, 0x00, 0x00, 0x00, 0x00, 0x00, 0x00, 0x00, 0x00,
    0x00, 0x00, 0x00, 0x00, 0x00, 0x00, 0x00, 0x00, 0x00, 0x00, 0x00, 0x00, 0x3D, 0x8B, 0xD3, 0x01,
    0x3D, 0x8B, 0xD3, 0x01, 0x00, 0x00, 0x00, 0x00, 0x3D, 0x87, 0xC8, 0x24, 0x01, 0x08, 0x24, 0xEA,
    0x01, 0x08, 0x24, 0xEA, 0x0E, 0x39, 0x91, 0xFA, 0x2B, 0x9A, 0xFE, 0xFA, 0x19, 0x8B, 0xF8, 0xFC,
    0x19, 0x8B, 0xF8, 0xFC, 0x16, 0x81, 0xEE, 0xFC, 0x29, 0x99, 0xF9, 0xFC, 0x34, 0xA8, 0xFC, 0xFC,
    0x33, 0xA6, 0xFC, 0xFC, 0x33, 0xA6, 0xFC, 0xFC, 0x36, 0xAA, 0xFD, 0xFC, 0x37, 0xA6, 0xFD, 0xFC,
    0x3F, 0xAC, 0xFE, 0xFC, 0x3F, 0xAC, 0xFE, 0xFC, 0x48, 0xB1, 0xFE, 0xFC, 0x4D, 0xB4, 0xFE, 0xFC,
    0x44, 0xAD, 0xFD, 0xFD, 0x43, 0xB0, 0xFE, 0xFC, 0x43, 0xB0, 0xFE, 0xFC, 0x42, 0xAE, 0xFD, 0xFD,
    0x42, 0xAD, 0xFE, 0xFC, 0x43, 0xAF, 0xFE, 0xFD, 0x43, 0xAF, 0xFE, 0xFD, 0x42, 0xAC, 0xFE, 0xFD,
    0x46, 0xAC, 0xFC, 0xFD, 0x5B, 0xB7, 0xFD, 0xFD, 0x5B, 0xB7, 0xFD, 0xFD, 0x6F, 0xC5, 0xFE, 0xFD,
    0x62, 0xBC, 0xFE, 0xFD, 0x52, 0xB1, 0xFE, 0xFD, 0x4F, 0xB2, 0xFF, 0xFD, 0x4F, 0xB2, 0xFF, 0xFD,
    0x51, 0xAE, 0xFB, 0xFD, 0x73, 0xC7, 0xFE, 0xFD, 0x82, 0xD6, 0xFE, 0xFD, 0x82, 0xD6, 0xFE, 0xFD,
    0x61, 0xBF, 0xFE, 0xFD, 0x49, 0xB1, 0xFD, 0xFD, 0x43, 0xAE, 0xFE, 0xFD, 0x3D, 0xAB, 0xFE, 0xFD,
    0x3D, 0xAB, 0xFE, 0xFD, 0x39, 0xAA, 0xFE, 0xFD, 0x34, 0xA2, 0xFD, 0xFD, 0x37, 0xA6, 0xFE, 0xFD,
    0x37, 0xA6, 0xFE, 0xFD, 0x34, 0xA1, 0xFD, 0xFD, 0x31, 0x9D, 0xFC, 0xFD, 0x30, 0x9B, 0xFB, 0xFD,
    0x30, 0x9B, 0xFB, 0xFD, 0x34, 0xA0, 0xFD, 0xFC, 0x38, 0xA6, 0xFE, 0xFD, 0x3A, 0xAB, 0xFE, 0xFC,
    0x3A, 0xA8, 0xFE, 0xFC, 0x3A, 0xA8, 0xFE, 0xFC, 0x3E, 0xAB, 0xFE, 0xFC, 0x3D, 0xAB, 0xFE, 0xFC,
    0x3A, 0xAB, 0xFE, 0xFC, 0x3A, 0xAB, 0xFE, 0xFC, 0x2E, 0xA2, 0xFD, 0xFC, 0x25, 0x99, 0xFC, 0xFC,
    0x24, 0x95, 0xFB, 0xFC, 0x1F, 0x8E, 0xF9, 0xFC, 0x1F, 0x8E, 0xF9, 0xFC, 0x1F, 0x8C, 0xF8, 0xFC,
    0x1A, 0x85, 0xF6, 0xFC, 0x13, 0x7B, 0xED, 0xFC, 0x13, 0x7B, 0xED, 0xFC, 0x15, 0x7D, 0xF0, 0xFC,
    0x18, 0x6E, 0xD8, 0xFC, 0x03, 0x28, 0x7D, 0xFC, 0x03, 0x28, 0x7D, 0xFC, 0x1B, 0x69, 0xC8, 0xFD,
    0x36, 0xA9, 0xFF, 0xFC, 0x30, 0xA5, 0xFF, 0xFD, 0x34, 0xA8, 0xFE, 0xFD, 0x34, 0xA8, 0xFE, 0xFD,
    0x2E, 0x9E, 0xFD, 0xFC, 0x28, 0x99, 0xFC, 0xFD, 0x20, 0x93, 0xFA, 0xFC, 0x20, 0x93, 0xFA, 0xFC,
    0x17, 0x8B, 0xF5, 0xFC, 0x13, 0x78, 0xE5, 0xFC, 0x12, 0x70, 0xD9, 0xFB, 0x25, 0x8D, 0xF6, 0xFB,
    0x25, 0x8D, 0xF6, 0xFB, 0x1A, 0x8B, 0xFA, 0xFA, 0x1B, 0x91, 0xFB, 0xFA, 0x1A, 0x91, 0xFB, 0xF9,
    0x1A, 0x91, 0xFB, 0xF9, 0x0F, 0x82, 0xF5, 0xF9, 0x1B, 0x90, 0xF9, 0xF4, 0x0C, 0x4A, 0x9D, 0xF6,
    0x0C, 0x4A, 0x9D, 0xF6, 0x00, 0x05, 0x22, 0xC9, 0x2E, 0x76, 0xBF, 0x22, 0x2D, 0x86, 0xD8, 0x0A,
    0x2F, 0x80, 0xD0, 0x05, 0x2F, 0x80, 0xD0, 0x05, 0x32, 0x81, 0xD0, 0x04, 0x00, 0x00, 0x00, 0x00,
    0x00, 0x00, 0x00, 0x00, 0x00, 0x00, 0x00, 0x00, 0x00, 0x00, 0x00, 0x00, 0x00, 0x00, 0x00, 0x00,
    0x00, 0x00, 0x00, 0x00, 0x00, 0x00, 0x00, 0x00, 0x00, 0x00, 0x00, 0x00, 0x00, 0x00, 0x00, 0x00,
    0x00, 0x00, 0x00, 0x00, 0x00, 0x00, 0x00, 0x00, 0x00, 0x00, 0x00, 0x00, 0x00, 0x00, 0x00, 0x00,
    0x00, 0x00, 0x00, 0x00, 0x00, 0x00, 0x00, 0x00, 0x00, 0x00, 0x00, 0x00, 0x00, 0x00, 0x00, 0x00,
    0x00, 0x00, 0x00, 0x00, 0x00, 0x00, 0x00, 0x00, 0x00, 0x00, 0x00, 0x00, 0x00, 0x00, 0x00, 0x00,
    0x00, 0x00, 0x00, 0x00, 0x00, 0x00, 0x00, 0x00, 0x00, 0x00, 0x00, 0x00, 0x3E, 0x8A, 0xD2, 0x01,
    0x3E, 0x8A, 0xD2, 0x01, 0x00, 0x00, 0x00, 0x00, 0x3F, 0x8B, 0xCB, 0x23, 0x02, 0x0F, 0x2E, 0xE6,
    0x02, 0x0F, 0x2E, 0xE6, 0x0C, 0x37, 0x8A, 0xF9, 0x2A, 0x99, 0xFE, 0xF9, 0x14, 0x84, 0xF6, 0xFB,
    0x14, 0x84, 0xF6, 0xFB, 0x1A, 0x85, 0xF1, 0xFB, 0x2D, 0x9A, 0xFA, 0xFC, 0x35, 0xA9, 0xFC, 0xFC,
    0x34, 0xA7, 0xFC, 0xFC, 0x34, 0xA7, 0xFC, 0xFC, 0x33, 0xAA, 0xFD, 0xFC, 0x34, 0xA6, 0xFD, 0xFC,
    0x3E, 0xAB, 0xFD, 0xFC, 0x3E, 0xAB, 0xFD, 0xFC, 0x42, 0xAC, 0xFE, 0xFC, 0x47, 0xB1, 0xFE, 0xFC,
    0x44, 0xB0, 0xFD, 0xFC, 0x42, 0xAE, 0xFD, 0xFC, 0x42, 0xAE, 0xFD, 0xFC, 0x3F, 0xA9, 0xFC, 0xFC,
    0x44, 0xB1, 0xFE, 0xFD, 0x42, 0xAD, 0xFE, 0xFD, 0x42, 0xAD, 0xFE, 0xFD, 0x42, 0xAA, 0xFD, 0xFD,
    0x54, 0xB3, 0xFC, 0xFD, 0x8F, 0xD7, 0xFF, 0xFD, 0x8F, 0xD7, 0xFF, 0xFD, 0xAA, 0xE9, 0xFF, 0xFD,
    0x8D, 0xD7, 0xFF, 0xFD, 0x60, 0xB9, 0xFE, 0xFD, 0x55, 0xBA, 0xFF, 0xFD, 0x55, 0xBA, 0xFF, 0xFD,
    0x50, 0xB4, 0xFE, 0xFD, 0x60, 0xBC, 0xFD, 0xFD, 0x6C, 0xC5, 0xFE, 0xFD, 0x6C, 0xC5, 0xFE, 0xFD,
    0x5D, 0xC1, 0xFD, 0xFD, 0x4B, 0xB7, 0xFD, 0xFD, 0x44, 0xB2, 0xFD, 0xFD, 0x3A, 0xA7, 0xFD, 0xFD,
    0x3A, 0xA7, 0xFD, 0xFD, 0x37, 0xAA, 0xFE, 0xFD, 0x31, 0xA3, 0xFD, 0xFD, 0x32, 0xA2, 0xFD, 0xFD,
    0x32, 0xA2, 0xFD, 0xFD, 0x2F, 0x9E, 0xFC, 0xFD, 0x35, 0xA8, 0xFE, 0xFD, 0x35, 0xA5, 0xFE, 0xFD,
    0x35, 0xA5, 0xFE, 0xFD, 0x39, 0xA7, 0xFE, 0xFC, 0x3A, 0xA7, 0xFE, 0xFC, 0x3B, 0xA9, 0xFE, 0xFC,
    0x41, 0xAC, 0xFE, 0xFC, 0x41, 0xAC, 0xFE, 0xFC, 0x48, 0xB5, 0xFF, 0xFC, 0x45, 0xB0, 0xFE, 0xFC,
    0x3D, 0xAA, 0xFE, 0xFC, 0x3D, 0xAA, 0xFE, 0xFC, 0x36, 0xAA, 0xFE, 0xFC, 0x32, 0xA7, 0xFE, 0xFC,
    0x28, 0x99, 0xFD, 0xFC, 0x24, 0x94, 0xFB, 0xFC, 0x24, 0x94, 0xFB, 0xFC, 0x20, 0x8F, 0xF9, 0xFC,
    0x1D, 0x8C, 0xF9, 0xFC, 0x16, 0x7E, 0xEE, 0xFC, 0x16, 0x7E, 0xEE, 0xFC, 0x10, 0x62, 0xCD, 0xFC,
    0x08, 0x40, 0x94, 0xFC, 0x04, 0x34, 0x87, 0xFC, 0x04, 0x34, 0x87, 0xFC, 0x22, 0x7B, 0xDB, 0xFC,
    0x25, 0x98, 0xFA, 0xFC, 0x20, 0x93, 0xFB, 0xFC, 0x20, 0x93, 0xFB, 0xFC, 0x20, 0x93, 0xFB, 0xFC,
    0x1B, 0x8D, 0xF8, 0xFD, 0x18, 0x88, 0xF3, 0xFC, 0x11, 0x77, 0xE6, 0xFC, 0x11, 0x77, 0xE6, 0xFC,
    0x1B, 0x80, 0xE5, 0xFC, 0x0E, 0x60, 0xC5, 0xFC, 0x05, 0x53, 0xC2, 0xFB, 0x1D, 0x87, 0xF7, 0xFB,
    0x1D, 0x87, 0xF7, 0xFB, 0x15, 0x88, 0xFB, 0xFA, 0x10, 0x80, 0xF7, 0xF9, 0x10, 0x7F, 0xF6, 0xF9,
    0x10, 0x7F, 0xF6, 0xF9, 0x0F, 0x80, 0xF3, 0xF9, 0x21, 0x98, 0xF9, 0xF3, 0x11, 0x4D, 0x9C, 0xF4,
    0x11, 0x4D, 0x9C, 0xF4, 0x00, 0x05, 0x21, 0xAE, 0x31, 0x7A, 0xC5, 0x1C, 0x2E, 0x85, 0xD8, 0x0C,
    0x2F, 0x80, 0xD0, 0x03, 0x2F, 0x80, 0xD0, 0x03, 0x32, 0x81, 0xD0, 0x04, 0x00, 0x00, 0x00, 0x00,
    0x00, 0x00, 0x00, 0x00, 0x00, 0x00, 0x00, 0x00, 0x00, 0x00, 0x00, 0x00, 0x00, 0x00, 0x00, 0x00,
    0x00, 0x00, 0x00, 0x00, 0x00, 0x00, 0x00, 0x00, 0x00, 0x00, 0x00, 0x00, 0x00, 0x00, 0x00, 0x00,
    0x00, 0x00, 0x00, 0x00, 0x00, 0x00, 0x00, 0x00, 0x00, 0x00, 0x00, 0x00, 0x00, 0x00, 0x00, 0x00,
    0x00, 0x00, 0x00, 0x00, 0x00, 0x00, 0x00, 0x00, 0x00, 0x00, 0x00, 0x00, 0x00, 0x00, 0x00, 0x00,
    0x00, 0x00, 0x00, 0x00, 0x00, 0x00, 0x00, 0x00, 0x00, 0x00, 0x00, 0x00, 0x00, 0x00, 0x00, 0x00,
    0x00, 0x00, 0x00, 0x00, 0x00, 0x00, 0x00, 0x00, 0x00, 0x00, 0x00, 0x00, 0x3E, 0x89, 0xD1, 0x01,
    0x3E, 0x89, 0xD1, 0x01, 0x00, 0x00, 0x00, 0x00, 0x3F, 0x8D, 0xCD, 0x21, 0x05, 0x18, 0x3D, 0xE0,
    0x05, 0x18, 0x3D, 0xE0, 0x06, 0x2A, 0x79, 0xF9, 0x26, 0x8D, 0xFA, 0xFA, 0x17, 0x84, 0xF4, 0xFB,
    0x17, 0x84, 0xF4, 0xFB, 0x28, 0x94, 0xF8, 0xFB, 0x39, 0xA7, 0xFB, 0xFC, 0x38, 0xA7, 0xFA, 0xFB,
    0x32, 0xA1, 0xFA, 0xFC, 0x32, 0xA1, 0xFA, 0xFC, 0x33, 0xA5, 0xFC, 0xFC, 0x36, 0xAB, 0xFD, 0xFC,
    0x40, 0xAE, 0xFE, 0xFC, 0x40, 0xAE, 0xFE, 0xFC, 0x42, 0xAD, 0xFE, 0xFC, 0x41, 0xAD, 0xFD, 0xFC,
    0x3B, 0xA5, 0xFB, 0xFC, 0x3D, 0xA9, 0xFB, 0xFC, 0x3D, 0xA9, 0xFB, 0xFC, 0x3F, 0xA9, 0xFB, 0xFC,
    0x3D, 0xAC, 0xFC, 0xFC, 0x40, 0xAC, 0xFD, 0xFC, 0x40, 0xAC, 0xFD, 0xFC, 0x47, 0xAB, 0xFC, 0xFD,
    0x67, 0xB6, 0xFA, 0xFD, 0xB0, 0xE1, 0xFE, 0xFD, 0xB0, 0xE1, 0xFE, 0xFD, 0xC0, 0xE9, 0xFF, 0xFD,
    0xA3, 0xDD, 0xFF, 0xFD, 0x72, 0xC3, 0xFF, 0xFD, 0x59, 0xB5, 0xFE, 0xFD, 0x59, 0xB5, 0xFE, 0xFD,
    0x51, 0xB4, 0xFE, 0xFD, 0x57, 0xB7, 0xFE, 0xFD, 0x5F, 0xBE, 0xFE, 0xFD, 0x5F, 0xBE, 0xFE, 0xFD,
    0x53, 0xB9, 0xFD, 0xFD, 0x47, 0xB1, 0xFC, 0xFD, 0x3F, 0xAD, 0xFC, 0xFD, 0x38, 0xA8, 0xFD, 0xFD,
    0x38, 0xA8, 0xFD, 0xFD, 0x35, 0xA9, 0xFE, 0xFD, 0x33, 0xA8, 0xFE, 0xFD, 0x37, 0xA8, 0xFE, 0xFD,
    0x37, 0xA8, 0xFE, 0xFD, 0x38, 0xA6, 0xFD, 0xFD, 0x35, 0xA4, 0xFC, 0xFD, 0x37, 0xA4, 0xFC, 0xFD,
    0x37, 0xA4, 0xFC, 0xFD, 0x39, 0xA6, 0xFD, 0xFD, 0x34, 0x9B, 0xF7, 0xFC, 0x3B, 0xA3, 0xFC, 0xFC,
    0x47, 0xAF, 0xFE, 0xFC, 0x47, 0xAF, 0xFE, 0xFC, 0x4F, 0xBA, 0xFF, 0xFC, 0x4B, 0xB7, 0xFF, 0xFC,
    0x43, 0xB3, 0xFE, 0xFC, 0x43, 0xB3, 0xFE, 0xFC, 0x35, 0xA0, 0xFC, 0xFC, 0x2D, 0x9B, 0xFC, 0xFC,
    0x2A, 0x9A, 0xFC, 0xFC, 0x26, 0x96, 0xFB, 0xFC, 0x26, 0x96, 0xFB, 0xFC, 0x1C, 0x86, 0xF3, 0xFC,
    0x1C, 0x86, 0xF4, 0xFC, 0x1A, 0x79, 0xE5, 0xFC, 0x1A, 0x79, 0xE5, 0xFC, 0x09, 0x3B, 0x92, 0xFC,
    0x01, 0x17, 0x58, 0xFC, 0x20, 0x68, 0xBD, 0xFC, 0x20, 0x68, 0xBD, 0xFC, 0x30, 0x9A, 0xF6, 0xFD,
    0x22, 0x94, 0xF7, 0xFC, 0x1F, 0x8D, 0xF6, 0xFC, 0x1F, 0x8D, 0xF6, 0xFC, 0x1F, 0x8D, 0xF6, 0xFC,
    0x17, 0x76, 0xDE, 0xFC, 0x19, 0x6D, 0xCE, 0xFC, 0x12, 0x59, 0xB7, 0xFC, 0x12, 0x59, 0xB7, 0xFC,
    0x05, 0x3F, 0xA2, 0xFC, 0x0B, 0x51, 0xB7, 0xFC, 0x23, 0x86, 0xF0, 0xFB, 0x1C, 0x88, 0xFB, 0xFB,
    0x1C, 0x88, 0xFB, 0xFB, 0x14, 0x89, 0xFC, 0xFA, 0x0C, 0x7B, 0xF5, 0xF9, 0x0C, 0x79, 0xF3, 0xF8,
    0x0C, 0x79, 0xF3, 0xF8, 0x0C, 0x75, 0xEA, 0xF8, 0x14, 0x6C, 0xD8, 0xF1, 0x0F, 0x3E, 0x83, 0xF5,
    0x0F, 0x3E, 0x83, 0xF5, 0x01, 0x09, 0x2F, 0xA4, 0x2E, 0x77, 0xC2, 0x18, 0x32, 0x85, 0xD6, 0x0B,
    0x31, 0x80, 0xCF, 0x03, 0x31, 0x80, 0xCF, 0x03, 0x33, 0x81, 0xCF, 0x04, 0x00, 0x00, 0x00, 0x00,
    0x00, 0x00, 0x00, 0x00, 0x00, 0x00, 0x00, 0x00, 0x00, 0x00, 0x00, 0x00, 0x00, 0x00, 0x00, 0x00,
    0x00, 0x00, 0x00, 0x00, 0x00, 0x00, 0x00, 0x00, 0x00, 0x00, 0x00, 0x00, 0x00, 0x00, 0x00, 0x00,
    0x00, 0x00, 0x00, 0x00, 0x00, 0x00, 0x00, 0x00, 0x00, 0x00, 0x00, 0x00, 0x00, 0x00, 0x00, 0x00,
    0x00, 0x00, 0x00, 0x00, 0x00, 0x00, 0x00, 0x00, 0x00, 0x00, 0x00, 0x00, 0x00, 0x00, 0x00, 0x00,
    0x00, 0x00, 0x00, 0x00, 0x00, 0x00, 0x00, 0x00, 0x00, 0x00, 0x00, 0x00, 0x00, 0x00, 0x00, 0x00,
    0x00, 0x00, 0x00, 0x00, 0x00, 0x00, 0x00, 0x00, 0x00, 0x00, 0x00, 0x00, 0x3E, 0x89, 0xD1, 0x01,
    0x3E, 0x89, 0xD1, 0x01, 0x00, 0x00, 0x00, 0x00, 0x3F, 0x8D, 0xCD, 0x21, 0x05, 0x18, 0x3D, 0xE0,
    0x05, 0x18, 0x3D, 0xE0, 0x06, 0x2A, 0x79, 0xF9, 0x26, 0x8D, 0xFA, 0xFA, 0x17, 0x84, 0xF4, 0xFB,
    0x17, 0x84, 0xF4, 0xFB, 0x28, 0x94, 0xF8, 0xFB, 0x39, 0xA7, 0xFB, 0xFC, 0x38, 0xA7, 0xFA, 0xFB,
    0x32, 0xA1, 0xFA, 0xFC, 0x32, 0xA1, 0xFA, 0xFC, 0x33, 0xA5, 0xFC, 0xFC, 0x36, 0xAB, 0xFD, 0xFC,
    0x40, 0xAE, 0xFE, 0xFC, 0x40, 0xAE, 0xFE, 0xFC, 0x42, 0xAD, 0xFE, 0xFC, 0x41, 0xAD, 0xFD, 0xFC,
    0x3B, 0xA5, 0xFB, 0xFC, 0x3D, 0xA9, 0xFB, 0xFC, 0x3D, 0xA9, 0xFB, 0xFC, 0x3F, 0xA9, 0xFB, 0xFC,
    0x3D, 0xAC, 0xFC, 0xFC, 0x40, 0xAC, 0xFD, 0xFC, 0x40, 0xAC, 0xFD, 0xFC, 0x47, 0xAB, 0xFC, 0xFD,
    0x67, 0xB6, 0xFA, 0xFD, 0xB0, 0xE1, 0xFE, 0xFD, 0xB0, 0xE1, 0xFE, 0xFD, 0xC0, 0xE9, 0xFF, 0xFD,
    0xA3, 0xDD, 0xFF, 0xFD, 0x72, 0xC3, 0xFF, 0xFD, 0x59, 0xB5, 0xFE, 0xFD, 0x59, 0xB5, 0xFE, 0xFD,
    0x51, 0xB4, 0xFE, 0xFD, 0x57, 0xB7, 0xFE, 0xFD, 0x5F, 0xBE, 0xFE, 0xFD, 0x5F, 0xBE, 0xFE, 0xFD,
    0x53, 0xB9, 0xFD, 0xFD, 0x47, 0xB1, 0xFC, 0xFD, 0x3F, 0xAD, 0xFC, 0xFD, 0x38, 0xA8, 0xFD, 0xFD,
    0x38, 0xA8, 0xFD, 0xFD, 0x35, 0xA9, 0xFE, 0xFD, 0x33, 0xA8, 0xFE, 0xFD, 0x37, 0xA8, 0xFE, 0xFD,
    0x37, 0xA8, 0xFE, 0xFD, 0x38, 0xA6, 0xFD, 0xFD, 0x35, 0xA4, 0xFC, 0xFD, 0x37, 0xA4, 0xFC, 0xFD,
    0x37, 0xA4, 0xFC, 0xFD, 0x39, 0xA6, 0xFD, 0xFD, 0x34, 0x9B, 0xF7, 0xFC, 0x3B, 0xA3, 0xFC, 0xFC,
    0x47, 0xAF, 0xFE, 0xFC, 0x47, 0xAF, 0xFE, 0xFC, 0x4F, 0xBA, 0xFF, 0xFC, 0x4B, 0xB7, 0xFF, 0xFC,
    0x43, 0xB3, 0xFE, 0xFC, 0x43, 0xB3, 0xFE, 0xFC, 0x35, 0xA0, 0xFC, 0xFC, 0x2D, 0x9B, 0xFC, 0xFC,
    0x2A, 0x9A, 0xFC, 0xFC, 0x26, 0x96, 0xFB, 0xFC, 0x26, 0x96, 0xFB, 0xFC, 0x1C, 0x86, 0xF3, 0xFC,
    0x1C, 0x86, 0xF4, 0xFC, 0x1A, 0x79, 0xE5, 0xFC, 0x1A, 0x79, 0xE5, 0xFC, 0x09, 0x3B, 0x92, 0xFC,
    0x01, 0x17, 0x58, 0xFC, 0x20, 0x68, 0xBD, 0xFC, 0x20, 0x68, 0xBD, 0xFC, 0x30, 0x9A, 0xF6, 0xFD,
    0x22, 0x94, 0xF7, 0xFC, 0x1F, 0x8D, 0xF6, 0xFC, 0x1F, 0x8D, 0xF6, 0xFC, 0x1F, 0x8D, 0xF6, 0xFC,
    0x17, 0x76, 0xDE, 0xFC, 0x19, 0x6D, 0xCE, 0xFC, 0x12, 0x59, 0xB7, 0xFC, 0x12, 0x59, 0xB7, 0xFC,
    0x05, 0x3F, 0xA2, 0xFC, 0x0B, 0x51, 0xB7, 0xFC, 0x23, 0x86, 0xF0, 0xFB, 0x1C, 0x88, 0xFB, 0xFB,
    0x1C, 0x88, 0xFB, 0xFB, 0x14, 0x89, 0xFC, 0xFA, 0x0C, 0x7B, 0xF5, 0xF9, 0x0C, 0x79, 0xF3, 0xF8,
    0x0C, 0x79, 0xF3, 0xF8, 0x0C, 0x75, 0xEA, 0xF8, 0x14, 0x6C, 0xD8, 0xF1, 0x0F, 0x3E, 0x83, 0xF5,
    0x0F, 0x3E, 0x83, 0xF5, 0x01, 0x09, 0x2F, 0xA4, 0x2E, 0x77, 0xC2, 0x18, 0x32, 0x85, 0xD6, 0x0B,
    0x31, 0x80, 0xCF, 0x03, 0x31, 0x80, 0xCF, 0x03, 0x33, 0x81, 0xCF, 0x04, 0x00, 0x00, 0x00, 0x00,
    0x00, 0x00, 0x00, 0x00, 0x00, 0x00, 0x00, 0x00, 0x00, 0x00, 0x00, 0x00, 0x00, 0x00, 0x00, 0x00,
    0x00, 0x00, 0x00, 0x00, 0x00, 0x00, 0x00, 0x00, 0x00, 0x00, 0x00, 0x00, 0x00, 0x00, 0x00, 0x00,
    0x00, 0x00, 0x00, 0x00, 0x00, 0x00, 0x00, 0x00, 0x00, 0x00, 0x00, 0x00, 0x00, 0x00, 0x00, 0x00,
    0x00, 0x00, 0x00, 0x00, 0x00, 0x00, 0x00, 0x00, 0x00, 0x00, 0x00, 0x00, 0x00, 0x00, 0x00, 0x00,
    0x00, 0x00, 0x00, 0x00, 0x00, 0x00, 0x00, 0x00, 0x00, 0x00, 0x00, 0x00, 0x00, 0x00, 0x00, 0x00,
    0x00, 0x00, 0x00, 0x00, 0x00, 0x00, 0x00, 0x00, 0x00, 0x00, 0x00, 0x00, 0x3D, 0x8A, 0xD0, 0x01,
    0x3D, 0x8A, 0xD0, 0x01, 0x00, 0x00, 0x00, 0x00, 0x3D, 0x88, 0xC9, 0x1C, 0x03, 0x17, 0x3D, 0xD8,
    0x03, 0x17, 0x3D, 0xD8, 0x03, 0x21, 0x6E, 0xF8, 0x20, 0x82, 0xF0, 0xF9, 0x20, 0x92, 0xF9, 0xFA,
    0x20, 0x92, 0xF9, 0xFA, 0x2C, 0x9C, 0xFB, 0xFA, 0x36, 0xA5, 0xFB, 0xFB, 0x33, 0xA2, 0xFA, 0xFB,
    0x34, 0xA6, 0xFB, 0xFB, 0x34, 0xA6, 0xFB, 0xFB, 0x34, 0xA7, 0xFC, 0xFB, 0x32, 0xA1, 0xF9, 0xFB,
    0x41, 0xA2, 0xF8, 0xFB, 0x41, 0xA2, 0xF8, 0xFB, 0x4B, 0xAF, 0xFC, 0xFB, 0x3F, 0xAA, 0xFC, 0xFC,
    0x37, 0xA6, 0xFA, 0xFC, 0x3A, 0xA9, 0xFB, 0xFC, 0x3A, 0xA9, 0xFB, 0xFC, 0x3A, 0xA6, 0xFA, 0xFC,
    0x3B, 0xA9, 0xFC, 0xFC, 0x3D, 0xAA, 0xFC, 0xFC, 0x3D, 0xAA, 0xFC, 0xFC, 0x49, 0xB0, 0xFC, 0xFC,
    0x79, 0xC4, 0xFC, 0xFD, 0xCC, 0xF1, 0xFE, 0xFD, 0xCC, 0xF1, 0xFE, 0xFD, 0xCE, 0xED, 0xFD, 0xFD,
    0xBA, 0xE7, 0xFE, 0xFD, 0x91, 0xD5, 0xFE, 0xFD, 0x6F, 0xC3, 0xFE, 0xFD, 0x6F, 0xC3, 0xFE, 0xFD,
    0x5F, 0xC1, 0xFE, 0xFD, 0x60, 0xC6, 0xFF, 0xFD, 0x55, 0xBE, 0xFD, 0xFD, 0x55, 0xBE, 0xFD, 0xFD,
    0x4A, 0xB9, 0xFC, 0xFD, 0x3F, 0xB1, 0xFB, 0xFD, 0x3C, 0xB4, 0xFC, 0xFD, 0x36, 0xA9, 0xFD, 0xFD,
    0x36, 0xA9, 0xFD, 0xFD, 0x3B, 0xA7, 0xFB, 0xFD, 0x3A, 0x9D, 0xF6, 0xFD, 0x42, 0x9F, 0xF4, 0xFD,
    0x42, 0x9F, 0xF4, 0xFD, 0x3D, 0x9B, 0xF0, 0xFD, 0x38, 0x97, 0xF1, 0xFD, 0x36, 0x98, 0xF2, 0xFD,
    0x36, 0x98, 0xF2, 0xFD, 0x3C, 0xA3, 0xFB, 0xFC, 0x3D, 0xA3, 0xF9, 0xFC, 0x46, 0xB1, 0xFE, 0xFC,
    0x46, 0xAD, 0xFD, 0xFC, 0x46, 0xAD, 0xFD, 0xFC, 0x4A, 0xB5, 0xFF, 0xFC, 0x3F, 0xAA, 0xFE, 0xFC,
    0x35, 0xA5, 0xFD, 0xFC, 0x35, 0xA5, 0xFD, 0xFC, 0x28, 0x95, 0xF7, 0xFC, 0x24, 0x93, 0xF8, 0xFC,
    0x1E, 0x8D, 0xF7, 0xFC, 0x1D, 0x90, 0xF8, 0xFC, 0x1D, 0x90, 0xF8, 0xFC, 0x1A, 0x89, 0xF3, 0xFC,
    0x1E, 0x8A, 0xF5, 0xFC, 0x23, 0x7D, 0xD9, 0xFC, 0x23, 0x7D, 0xD9, 0xFC, 0x08, 0x1F, 0x5B, 0xFC,
    0x01, 0x0B, 0x31, 0xFC, 0x29, 0x65, 0xAB, 0xFC, 0x29, 0x65, 0xAB, 0xFC, 0x2E, 0x89, 0xDE, 0xFC,
    0x2A, 0x88, 0xDA, 0xFC, 0x21, 0x72, 0xCC, 0xFC, 0x17, 0x5F, 0xB5, 0xFC, 0x17, 0x5F, 0xB5, 0xFC,
    0x04, 0x36, 0x8A, 0xFC, 0x01, 0x25, 0x81, 0xFC, 0x05, 0x38, 0x98, 0xFC, 0x05, 0x38, 0x98, 0xFC,
    0x1E, 0x76, 0xD9, 0xFB, 0x2B, 0x93, 0xF8, 0xFB, 0x30, 0xA3, 0xFE, 0xFB, 0x1E, 0x8C, 0xFC, 0xFB,
    0x1E, 0x8C, 0xFC, 0xFB, 0x15, 0x83, 0xFA, 0xFA, 0x13, 0x82, 0xF7, 0xF9, 0x0F, 0x7E, 0xF4, 0xF8,
    0x0F, 0x7E, 0xF4, 0xF8, 0x11, 0x77, 0xED, 0xF6, 0x08, 0x3B, 0x96, 0xF4, 0x11, 0x3A, 0x74, 0xD4,
    0x11, 0x3A, 0x74, 0xD4, 0x37, 0x73, 0xB3, 0x64, 0x33, 0x83, 0xCA, 0x10, 0x33, 0x83, 0xD3, 0x04,
    0x33, 0x80, 0xCF, 0x03, 0x33, 0x80, 0xCF, 0x03, 0x34, 0x81, 0xCE, 0x03, 0x00, 0x00, 0x00, 0x00,
    0x00, 0x00, 0x00, 0x00, 0x00, 0x00, 0x00, 0x00, 0x00, 0x00, 0x00, 0x00, 0x00, 0x00, 0x00, 0x00,
    0x00, 0x00, 0x00, 0x00, 0x00, 0x00, 0x00, 0x00, 0x00, 0x00, 0x00, 0x00, 0x00, 0x00, 0x00, 0x00,
    0x00, 0x00, 0x00, 0x00, 0x00, 0x00, 0x00, 0x00, 0x00, 0x00, 0x00, 0x00, 0x00, 0x00, 0x00, 0x00,
    0x00, 0x00, 0x00, 0x00, 0x00, 0x00, 0x00, 0x00, 0x00, 0x00, 0x00, 0x00, 0x00, 0x00, 0x00, 0x00,
    0x00, 0x00, 0x00, 0x00, 0x00, 0x00, 0x00, 0x00, 0x00, 0x00, 0x00, 0x00, 0x00, 0x00, 0x00, 0x00,
    0x00, 0x00, 0x00, 0x00, 0x00, 0x00, 0x00, 0x00, 0x00, 0x00, 0x00, 0x00, 0x3D, 0x88, 0xCF, 0x01,
    0x3D, 0x88, 0xCF, 0x01, 0x3C, 0x8A, 0xD2, 0x01, 0x3A, 0x86, 0xC9, 0x12, 0x0C, 0x36, 0x6E, 0xBD,
    0x0C, 0x36, 0x6E, 0xBD, 0x20, 0x5F, 0xB0, 0xF5, 0x13, 0x69, 0xD7, 0xF9, 0x18, 0x82, 0xEF, 0xFA,
    0x18, 0x82, 0xEF, 0xFA, 0x23, 0x92, 0xF8, 0xFA, 0x2A, 0x99, 0xFA, 0xFB, 0x31, 0xA3, 0xFC, 0xFB,
    0x2D, 0x9D, 0xFB, 0xFB, 0x2D, 0x9D, 0xFB, 0xFB, 0x36, 0xA8, 0xFD, 0xFB, 0x24, 0x7F, 0xE0, 0xFB,
    0x02, 0x2E, 0x8D, 0xFB, 0x02, 0x2E, 0x8D, 0xFB, 0x21, 0x62, 0xBC, 0xFC, 0x3C, 0x92, 0xED, 0xFC,
    0x34, 0x8D, 0xEE, 0xFC, 0x36, 0x97, 0xF5, 0xFC, 0x36, 0x97, 0xF5, 0xFC, 0x3E, 0x9E, 0xF8, 0xFC,
    0x45, 0xB2, 0xFD, 0xFC, 0x46, 0xAD, 0xFD, 0xFC, 0x46, 0xAD, 0xFD, 0xFC, 0x56, 0xB2, 0xFB, 0xFC,
    0x95, 0xCE, 0xFB, 0xFC, 0xD4, 0xED, 0xFC, 0xFD, 0xD4, 0xED, 0xFC, 0xFD, 0xE3, 0xF8, 0xFD, 0xFD,
    0xDB, 0xF7, 0xFE, 0xFD, 0xB8, 0xDD, 0xFD, 0xFD, 0xA0, 0xDC, 0xFE, 0xFD, 0xA0, 0xDC, 0xFE, 0xFD,
    0x7C, 0xC6, 0xFC, 0xFD, 0x63, 0xBC, 0xFD, 0xFD, 0x52, 0xBB, 0xFD, 0xFD, 0x52, 0xBB, 0xFD, 0xFD,
    0x48, 0xC6, 0xFD, 0xFD, 0x40, 0xB9, 0xFD, 0xFD, 0x47, 0xAD, 0xFA, 0xFD, 0x2F, 0x75, 0xC9, 0xFD,
    0x2F, 0x75, 0xC9, 0xFD, 0x1F, 0x4D, 0x94, 0xFD, 0x1A, 0x3A, 0x7D, 0xFD, 0x19, 0x3F, 0x85, 0xFD,
    0x19, 0x3F, 0x85, 0xFD, 0x58, 0x9E, 0xDE, 0xFD, 0x69, 0xBC, 0xFB, 0xFD, 0x4F, 0xA7, 0xF5, 0xFD,
    0x4F, 0xA7, 0xF5, 0xFD, 0x52, 0xB5, 0xFD, 0xFC, 0x53, 0xB9, 0xFE, 0xFC, 0x4E, 0xBB, 0xFF, 0xFC,
    0x37, 0x9F, 0xFA, 0xFC, 0x37, 0x9F, 0xFA, 0xFC, 0x27, 0x92, 0xF4, 0xFC, 0x1F, 0x88, 0xED, 0xFC,
    0x1F, 0x8A, 0xF1, 0xFC, 0x1F, 0x8A, 0xF1, 0xFC, 0x1B, 0x85, 0xEF, 0xFC, 0x16, 0x82, 0xF0, 0xFC,
    0x10, 0x76, 0xE8, 0xFC, 0x11, 0x7C, 0xEA, 0xFC, 0x11, 0x7C, 0xEA, 0xFC, 0x17, 0x7C, 0xEC, 0xFC,
    0x24, 0x7F, 0xE3, 0xFC, 0x0C, 0x3C, 0x89, 0xFB, 0x0C, 0x3C, 0x89, 0xFB, 0x00, 0x01, 0x1F, 0xFC,
    0x00, 0x00, 0x14, 0xFC, 0x00, 0x09, 0x33, 0xFC, 0x00, 0x09, 0x33, 0xFC, 0x00, 0x0E, 0x45, 0xFC,
    0x00, 0x19, 0x55, 0xFC, 0x00, 0x0C, 0x4A, 0xFB, 0x01, 0x1E, 0x68, 0xFB, 0x01, 0x1E, 0x68, 0xFB,
    0x18, 0x61, 0xB1, 0xFC, 0x2D, 0x88, 0xE4, 0xFB, 0x2E, 0x92, 0xF4, 0xFC, 0x2E, 0x92, 0xF4, 0xFC,
    0x32, 0xA8, 0xFE, 0xFB, 0x2A, 0x9B, 0xFE, 0xFB, 0x21, 0x8F, 0xFB, 0xFB, 0x1D, 0x8A, 0xFB, 0xFA,
    0x1D, 0x8A, 0xFB, 0xFA, 0x18, 0x85, 0xFA, 0xFA, 0x11, 0x7B, 0xF4, 0xF9, 0x0A, 0x72, 0xEB, 0xF8,
    0x0A, 0x72, 0xEB, 0xF8, 0x15, 0x76, 0xE9, 0xF3, 0x05, 0x2A, 0x70, 0xF9, 0x08, 0x21, 0x51, 0x89,
    0x08, 0x21, 0x51, 0x89, 0x4A, 0x96, 0xD8, 0x0A, 0x2F, 0x7D, 0xCC, 0x07, 0x34, 0x81, 0xD1, 0x02,
    0x34, 0x7F, 0xCF, 0x03, 0x34, 0x7F, 0xCF, 0x03, 0x34, 0x80, 0xCE, 0x02, 0x00, 0x00, 0x00, 0x00,
    0x00, 0x00, 0x00, 0x00, 0x00, 0x00, 0x00, 0x00, 0x00, 0x00, 0x00, 0x00, 0x00, 0x00, 0x00, 0x00,
    0x00, 0x00, 0x00, 0x00, 0x00, 0x00, 0x00, 0x00, 0x00, 0x00, 0x00, 0x00, 0x00, 0x00, 0x00, 0x00,
    0x00, 0x00, 0x00, 0x00, 0x00, 0x00, 0x00, 0x00, 0x00, 0x00, 0x00, 0x00, 0x00, 0x00, 0x00, 0x00,
    0x00, 0x00, 0x00, 0x00, 0x00, 0x00, 0x00, 0x00, 0x00, 0x00, 0x00, 0x00, 0x00, 0x00, 0x00, 0x00,
    0x00, 0x00, 0x00, 0x00, 0x00, 0x00, 0x00, 0x00, 0x00, 0x00, 0x00, 0x00, 0x00, 0x00, 0x00, 0x00,
    0x00, 0x00, 0x00, 0x00, 0x00, 0x00, 0x00, 0x00, 0x00, 0x00, 0x00, 0x00, 0x00, 0x00, 0x00, 0x00,
    0x00, 0x00, 0x00, 0x00, 0x3A, 0x89, 0xD1, 0x02, 0x35, 0x87, 0xCC, 0x04, 0x25, 0x6E, 0xAC, 0xA1,
    0x25, 0x6E, 0xAC, 0xA1, 0x27, 0x71, 0xC1, 0xF6, 0x06, 0x49, 0xBA, 0xF7, 0x0C, 0x6F, 0xE5, 0xF8,
    0x0C, 0x6F, 0xE5, 0xF8, 0x18, 0x8A, 0xF5, 0xF9, 0x1D, 0x8A, 0xF5, 0xFA, 0x26, 0x96, 0xFA, 0xFA,
    0x2E, 0x9F, 0xFC, 0xFA, 0x2E, 0x9F, 0xFC, 0xFA, 0x35, 0xA6, 0xFD, 0xFB, 0x3A, 0x9D, 0xF8, 0xFB,
    0x1D, 0x59, 0xBA, 0xFB, 0x1D, 0x59, 0xBA, 0xFB, 0x07, 0x2F, 0x84, 0xFB, 0x06, 0x2D, 0x86, 0xFB,
    0x06, 0x25, 0x85, 0xFB, 0x0C, 0x39, 0x94, 0xFC, 0x0C, 0x39, 0x94, 0xFC, 0x15, 0x46, 0xA6, 0xFC,
    0x2B, 0x6C, 0xCF, 0xFC, 0x37, 0x82, 0xE1, 0xFC, 0x37, 0x82, 0xE1, 0xFC, 0x70, 0xB8, 0xF8, 0xFC,
    0xC5, 0xE9, 0xFD, 0xFC, 0xE7, 0xF4, 0xFB, 0xFD, 0xE7, 0xF4, 0xFB, 0xFD, 0xE6, 0xEC, 0xF5, 0xFD,
    0xE8, 0xF0, 0xF8, 0xFD, 0xE1, 0xEB, 0xF8, 0xFD, 0xE0, 0xF5, 0xFC, 0xFD, 0xE0, 0xF5, 0xFC, 0xFD,
    0xBF, 0xE1, 0xFA, 0xFD, 0x81, 0xC5, 0xFA, 0xFD, 0x52, 0xB0, 0xF8, 0xFD, 0x52, 0xB0, 0xF8, 0xFD,
    0x4A, 0xB4, 0xFB, 0xFD, 0x37, 0x88, 0xE3, 0xFD, 0x18, 0x3F, 0x8B, 0xFD, 0x08, 0x13, 0x49, 0xFD,
    0x08, 0x13, 0x49, 0xFD, 0x18, 0x2E, 0x66, 0xFD, 0x15, 0x2D, 0x6D, 0xFD, 0x39, 0x67, 0xA9, 0xFD,
    0x39, 0x67, 0xA9, 0xFD, 0x92, 0xD1, 0xFC, 0xFD, 0x8B, 0xDA, 0xFF, 0xFD, 0x5A, 0xB5, 0xFA, 0xFC,
    0x5A, 0xB5, 0xFA, 0xFC, 0x3D, 0x9D, 0xF5, 0xFC, 0x36, 0x9C, 0xF6, 0xFC, 0x35, 0xA1, 0xFA, 0xFC,
    0x28, 0x91, 0xF3, 0xFC, 0x28, 0x91, 0xF3, 0xFC, 0x22, 0x8D, 0xF2, 0xFC, 0x21, 0x8A, 0xF1, 0xFC,
    0x25, 0x92, 0xF9, 0xFC, 0x25, 0x92, 0xF9, 0xFC, 0x1E, 0x8B, 0xF7, 0xFC, 0x1A, 0x8B, 0xFA, 0xFC,
    0x14, 0x7E, 0xF2, 0xFC, 0x14, 0x6A, 0xD6, 0xFC, 0x14, 0x6A, 0xD6, 0xFC, 0x0C, 0x39, 0x9C, 0xFC,
    0x04, 0x25, 0x75, 0xFC, 0x07, 0x2F, 0x6F, 0xFC, 0x07, 0x2F, 0x6F, 0xFC, 0x2B, 0x59, 0x9B, 0xFC,
    0x36, 0x6C, 0xB4, 0xFC, 0x37, 0x7D, 0xC3, 0xFB, 0x37, 0x7D, 0xC3, 0xFB, 0x30, 0x73, 0xBF, 0xFC,
    0x32, 0x80, 0xC7, 0xFB, 0x25, 0x6E, 0xC0, 0xFC, 0x21, 0x7C, 0xD8, 0xFC, 0x21, 0x7C, 0xD8, 0xFC,
    0x32, 0xA4, 0xF9, 0xFB, 0x33, 0xAD, 0xFC, 0xFB, 0x2B, 0x9E, 0xFC, 0xFB, 0x2B, 0x9E, 0xFC, 0xFB,
    0x26, 0x97, 0xFC, 0xFB, 0x24, 0x97, 0xFD, 0xFA, 0x21, 0x91, 0xFC, 0xFA, 0x1B, 0x86, 0xF9, 0xFA,
    0x1B, 0x86, 0xF9, 0xFA, 0x18, 0x86, 0xFA, 0xF9, 0x0F, 0x79, 0xF0, 0xF9, 0x0C, 0x70, 0xE8, 0xF8,
    0x0C, 0x70, 0xE8, 0xF8, 0x17, 0x72, 0xD7, 0xF1, 0x0A, 0x2D, 0x63, 0xF2, 0x0E, 0x29, 0x60, 0x72,
    0x0E, 0x29, 0x60, 0x72, 0x35, 0x7E, 0xC5, 0x01, 0x31, 0x7F, 0xCD, 0x08, 0x33, 0x7F, 0xD0, 0x02,
    0x34, 0x7F, 0xCF, 0x02, 0x34, 0x7F, 0xCF, 0x02, 0x34, 0x80, 0xCE, 0x01, 0x00, 0x00, 0x00, 0x00,
    0x00, 0x00, 0x00, 0x00, 0x00, 0x00, 0x00, 0x00, 0x00, 0x00, 0x00, 0x00, 0x00, 0x00, 0x00, 0x00,
    0x00, 0x00, 0x00, 0x00, 0x00, 0x00, 0x00, 0x00, 0x00, 0x00, 0x00, 0x00, 0x00, 0x00, 0x00, 0x00,
    0x00, 0x00, 0x00, 0x00, 0x00, 0x00, 0x00, 0x00, 0x00, 0x00, 0x00, 0x00, 0x00, 0x00, 0x00, 0x00,
    0x00, 0x00, 0x00, 0x00, 0x00, 0x00, 0x00, 0x00, 0x00, 0x00, 0x00, 0x00, 0x00, 0x00, 0x00, 0x00,
    0x00, 0x00, 0x00, 0x00, 0x00, 0x00, 0x00, 0x00, 0x00, 0x00, 0x00, 0x00, 0x00, 0x00, 0x00, 0x00,
    0x00, 0x00, 0x00, 0x00, 0x00, 0x00, 0x00, 0x00, 0x00, 0x00, 0x00, 0x00, 0x00, 0x00, 0x00, 0x00,
    0x00, 0x00, 0x00, 0x00, 0x3A, 0x89, 0xD1, 0x02, 0x35, 0x87, 0xCC, 0x04, 0x25, 0x6E, 0xAC, 0xA1,
    0x25, 0x6E, 0xAC, 0xA1, 0x27, 0x71, 0xC1, 0xF6, 0x06, 0x49, 0xBA, 0xF7, 0x0C, 0x6F, 0xE5, 0xF8,
    0x0C, 0x6F, 0xE5, 0xF8, 0x18, 0x8A, 0xF5, 0xF9, 0x1D, 0x8A, 0xF5, 0xFA, 0x26, 0x96, 0xFA, 0xFA,
    0x2E, 0x9F, 0xFC, 0xFA, 0x2E, 0x9F, 0xFC, 0xFA, 0x35, 0xA6, 0xFD, 0xFB, 0x3A, 0x9D, 0xF8, 0xFB,
    0x1D, 0x59, 0xBA, 0xFB, 0x1D, 0x59, 0xBA, 0xFB, 0x07, 0x2F, 0x84, 0xFB, 0x06, 0x2D, 0x86, 0xFB,
    0x06, 0x25, 0x85, 0xFB, 0x0C, 0x39, 0x94, 0xFC, 0x0C, 0x39, 0x94, 0xFC, 0x15, 0x46, 0xA6, 0xFC,
    0x2B, 0x6C, 0xCF, 0xFC, 0x37, 0x82, 0xE1, 0xFC, 0x37, 0x82, 0xE1, 0xFC, 0x70, 0xB8, 0xF8, 0xFC,
    0xC5, 0xE9, 0xFD, 0xFC, 0xE7, 0xF4, 0xFB, 0xFD, 0xE7, 0xF4, 0xFB, 0xFD, 0xE6, 0xEC, 0xF5, 0xFD,
    0xE8, 0xF0, 0xF8, 0xFD, 0xE1, 0xEB, 0xF8, 0xFD, 0xE0, 0xF5, 0xFC, 0xFD, 0xE0, 0xF5, 0xFC, 0xFD,
    0xBF, 0xE1, 0xFA, 0xFD, 0x81, 0xC5, 0xFA, 0xFD, 0x52, 0xB0, 0xF8, 0xFD, 0x52, 0xB0, 0xF8, 0xFD,
    0x4A, 0xB4, 0xFB, 0xFD, 0x37, 0x88, 0xE3, 0xFD, 0x18, 0x3F, 0x8B, 0xFD, 0x08, 0x13, 0x49, 0xFD,
    0x08, 0x13, 0x49, 0xFD, 0x18, 0x2E, 0x66, 0xFD, 0x15, 0x2D, 0x6D, 0xFD, 0x39, 0x67, 0xA9, 0xFD,
    0x39, 0x67, 0xA9, 0xFD, 0x92, 0xD1, 0xFC, 0xFD, 0x8B, 0xDA, 0xFF, 0xFD, 0x5A, 0xB5, 0xFA, 0xFC,
    0x5A, 0xB5, 0xFA, 0xFC, 0x3D, 0x9D, 0xF5, 0xFC, 0x36, 0x9C, 0xF6, 0xFC, 0x35, 0xA1, 0xFA, 0xFC,
    0x28, 0x91, 0xF3, 0xFC, 0x28, 0x91, 0xF3, 0xFC, 0x22, 0x8D, 0xF2, 0xFC, 0x21, 0x8A, 0xF1, 0xFC,
    0x25, 0x92, 0xF9, 0xFC, 0x25, 0x92, 0xF9, 0xFC, 0x1E, 0x8B, 0xF7, 0xFC, 0x1A, 0x8B, 0xFA, 0xFC,
    0x14, 0x7E, 0xF2, 0xFC, 0x14, 0x6A, 0xD6, 0xFC, 0x14, 0x6A, 0xD6, 0xFC, 0x0C, 0x39, 0x9C, 0xFC,
    0x04, 0x25, 0x75, 0xFC, 0x07, 0x2F, 0x6F, 0xFC, 0x07, 0x2F, 0x6F, 0xFC, 0x2B, 0x59, 0x9B, 0xFC,
    0x36, 0x6C, 0xB4, 0xFC, 0x37, 0x7D, 0xC3, 0xFB, 0x37, 0x7D, 0xC3, 0xFB, 0x30, 0x73, 0xBF, 0xFC,
    0x32, 0x80, 0xC7, 0xFB, 0x25, 0x6E, 0xC0, 0xFC, 0x21, 0x7C, 0xD8, 0xFC, 0x21, 0x7C, 0xD8, 0xFC,
    0x32, 0xA4, 0xF9, 0xFB, 0x33, 0xAD, 0xFC, 0xFB, 0x2B, 0x9E, 0xFC, 0xFB, 0x2B, 0x9E, 0xFC, 0xFB,
    0x26, 0x97, 0xFC, 0xFB, 0x24, 0x97, 0xFD, 0xFA, 0x21, 0x91, 0xFC, 0xFA, 0x1B, 0x86, 0xF9, 0xFA,
    0x1B, 0x86, 0xF9, 0xFA, 0x18, 0x86, 0xFA, 0xF9, 0x0F, 0x79, 0xF0, 0xF9, 0x0C, 0x70, 0xE8, 0xF8,
    0x0C, 0x70, 0xE8, 0xF8, 0x17, 0x72, 0xD7, 0xF1, 0x0A, 0x2D, 0x63, 0xF2, 0x0E, 0x29, 0x60, 0x72,
    0x0E, 0x29, 0x60, 0x72, 0x35, 0x7E, 0xC5, 0x01, 0x31, 0x7F, 0xCD, 0x08, 0x33, 0x7F, 0xD0, 0x02,
    0x34, 0x7F, 0xCF, 0x02, 0x34, 0x7F, 0xCF, 0x02, 0x34, 0x80, 0xCE, 0x01, 0x00, 0x00, 0x00, 0x00,
    0x00, 0x00, 0x00, 0x00, 0x00, 0x00, 0x00, 0x00, 0x00, 0x00, 0x00, 0x00, 0x00, 0x00, 0x00, 0x00,
    0x00, 0x00, 0x00, 0x00, 0x00, 0x00, 0x00, 0x00, 0x00, 0x00, 0x00, 0x00, 0x00, 0x00, 0x00, 0x00,
    0x00, 0x00, 0x00, 0x00, 0x00, 0x00, 0x00, 0x00, 0x00, 0x00, 0x00, 0x00, 0x00, 0x00, 0x00, 0x00,
    0x00, 0x00, 0x00, 0x00, 0x00, 0x00, 0x00, 0x00, 0x00, 0x00, 0x00, 0x00, 0x00, 0x00, 0x00, 0x00,
    0x00, 0x00, 0x00, 0x00, 0x00, 0x00, 0x00, 0x00, 0x00, 0x00, 0x00, 0x00, 0x00, 0x00, 0x00, 0x00,
    0x00, 0x00, 0x00, 0x00, 0x00, 0x00, 0x00, 0x00, 0x00, 0x00, 0x00, 0x00, 0x00, 0x00, 0x00, 0x00,
    0x00, 0x00, 0x00, 0x00, 0x3A, 0x87, 0xCE, 0x03, 0x3D, 0x8D, 0xD4, 0x01, 0x2C, 0x6C, 0xA7, 0x80,
    0x2C, 0x6C, 0xA7, 0x80, 0x02, 0x1A, 0x53, 0xEA, 0x12, 0x62, 0xC1, 0xF9, 0x14, 0x7F, 0xF4, 0xF6,
    0x14, 0x7F, 0xF4, 0xF6, 0x14, 0x82, 0xF2, 0xF9, 0x1B, 0x87, 0xF3, 0xF9, 0x26, 0x94, 0xF9, 0xFA,
    0x2C, 0x97, 0xFA, 0xFA, 0x2C, 0x97, 0xFA, 0xFA, 0x2D, 0x9B, 0xFC, 0xFA, 0x3A, 0xA7, 0xFD, 0xFB,
    0x49, 0xB1, 0xFC, 0xFB, 0x49, 0xB1, 0xFC, 0xFB, 0x44, 0x9B, 0xF3, 0xFB, 0x35, 0x7C, 0xDA, 0xFB,
    0x24, 0x5C, 0xBF, 0xFB, 0x1D, 0x51, 0xB0, 0xFB, 0x1D, 0x51, 0xB0, 0xFB, 0x12, 0x32, 0x90, 0xFC,
    0x1C, 0x36, 0x94, 0xFC, 0x3C, 0x60, 0xB4, 0xFC, 0x3C, 0x60, 0xB4, 0xFC, 0xA8, 0xCD, 0xF3, 0xFC,
    0xE4, 0xF2, 0xFC, 0xFC, 0xF2, 0xF8, 0xFB, 0xFD, 0xF2, 0xF8, 0xFB, 0xFD, 0xEC, 0xEF, 0xF5, 0xFD,
    0xEE, 0xF2, 0xF6, 0xFD, 0xF1, 0xF5, 0xF8, 0xFD, 0xF1, 0xF6, 0xF8, 0xFD, 0xF1, 0xF6, 0xF8, 0xFD,
    0xE8, 0xF1, 0xF9, 0xFD, 0xC6, 0xE5, 0xFA, 0xFD, 0x54, 0x8F, 0xD5, 0xFD, 0x54, 0x8F, 0xD5, 0xFD,
    0x09, 0x3B, 0x9C, 0xFD, 0x06, 0x25, 0x74, 0xFD, 0x27, 0x42, 0x84, 0xFD, 0x47, 0x62, 0xA8, 0xFD,
    0x47, 0x62, 0xA8, 0xFD, 0x6C, 0xAB, 0xE5, 0xFD, 0x68, 0xAA, 0xEC, 0xFD, 0x74, 0xB9, 0xFB, 0xFD,
    0x74, 0xB9, 0xFB, 0xFD, 0x84, 0xCD, 0xFE, 0xFD, 0x6F, 0xC3, 0xFE, 0xFD, 0x4F, 0xB1, 0xFC, 0xFC,
    0x4F, 0xB1, 0xFC, 0xFC, 0x2A, 0x92, 0xF5, 0xFC, 0x2F, 0x9B, 0xF8, 0xFC, 0x39, 0xA7, 0xFD, 0xFC,
    0x3B, 0xA4, 0xFD, 0xFC, 0x3B, 0xA4, 0xFD, 0xFC, 0x3D, 0xAB, 0xFE, 0xFC, 0x34, 0xA2, 0xFC, 0xFC,
    0x2A, 0x94, 0xFA, 0xFC, 0x2A, 0x94, 0xFA, 0xFC, 0x1C, 0x85, 0xF3, 0xFC, 0x1C, 0x8C, 0xFA, 0xFC,
    0x18, 0x7B, 0xEA, 0xFC, 0x05, 0x38, 0x97, 0xFC, 0x05, 0x38, 0x97, 0xFC, 0x00, 0x0A, 0x4F, 0xFC,
    0x23, 0x4A, 0x94, 0xFC, 0x65, 0xB7, 0xF5, 0xFC, 0x65, 0xB7, 0xF5, 0xFC, 0x64, 0xCB, 0xFC, 0xFC,
    0x41, 0xB0, 0xFB, 0xFC, 0x38, 0xAE, 0xFC, 0xFB, 0x38, 0xAE, 0xFC, 0xFB, 0x34, 0xA5, 0xFB, 0xFB,
    0x3A, 0xB1, 0xFC, 0xFB, 0x2C, 0x9F, 0xFB, 0xFB, 0x19, 0x8D, 0xF9, 0xFB, 0x19, 0x8D, 0xF9, 0xFB,
    0x16, 0x8C, 0xFA, 0xFB, 0x21, 0x98, 0xFD, 0xFB, 0x26, 0x9A, 0xFD, 0xFB, 0x26, 0x9A, 0xFD, 0xFB,
    0x25, 0x96, 0xFC, 0xFB, 0x20, 0x90, 0xFA, 0xFA, 0x1F, 0x92, 0xFC, 0xFA, 0x17, 0x84, 0xF6, 0xFA,
    0x17, 0x84, 0xF6, 0xFA, 0x11, 0x7A, 0xF0, 0xF9, 0x0E, 0x72, 0xE9, 0xF8, 0x10, 0x6C, 0xE0, 0xF5,
    0x10, 0x6C, 0xE0, 0xF5, 0x0A, 0x46, 0x99, 0xE7, 0x0F, 0x38, 0x6F, 0xAF, 0x3A, 0x7A, 0xBB, 0x27,
    0x3A, 0x7A, 0xBB, 0x27, 0x33, 0x7F, 0xCA, 0x01, 0x33, 0x7F, 0xCD, 0x05, 0x34, 0x7F, 0xCF, 0x01,
    0x34, 0x80, 0xCE, 0x02, 0x34, 0x80, 0xCE, 0x02, 0x34, 0x81, 0xCE, 0x02, 0x00, 0x00, 0x00, 0x00,
    0x00, 0x00, 0x00, 0x00, 0x00, 0x00, 0x00, 0x00, 0x00, 0x00, 0x00, 0x00, 0x00, 0x00, 0x00, 0x00,
    0x00, 0x00, 0x00, 0x00, 0x00, 0x00, 0x00, 0x00, 0x00, 0x00, 0x00, 0x00, 0x00, 0x00, 0x00, 0x00,
    0x00, 0x00, 0x00, 0x00, 0x00, 0x00, 0x00, 0x00, 0x00, 0x00, 0x00, 0x00, 0x00, 0x00, 0x00, 0x00,
    0x00, 0x00, 0x00, 0x00, 0x00, 0x00, 0x00, 0x00, 0x00, 0x00, 0x00, 0x00, 0x00, 0x00, 0x00, 0x00,
    0x00, 0x00, 0x00, 0x00, 0x00, 0x00, 0x00, 0x00, 0x00, 0x00, 0x00, 0x00, 0x00, 0x00, 0x00, 0x00,
    0x00, 0x00, 0x00, 0x00, 0x00, 0x00, 0x00, 0x00, 0x00, 0x00, 0x00, 0x00, 0x00, 0x00, 0x00, 0x00,
    0x00, 0x00, 0x00, 0x00, 0x3C, 0x86, 0xCE, 0x01, 0x3C, 0x87, 0xD0, 0x04, 0x40, 0x80, 0xBC, 0x1C,
    0x40, 0x80, 0xBC, 0x1C, 0x09, 0x22, 0x55, 0xB5, 0x17, 0x60, 0xB7, 0xFA, 0x1B, 0x8F, 0xFA, 0xF3,
    0x1B, 0x8F, 0xFA, 0xF3, 0x14, 0x7F, 0xF2, 0xF9, 0x1E, 0x8B, 0xF6, 0xF8, 0x2A, 0x9B, 0xFB, 0xF9,
    0x2C, 0x97, 0xF9, 0xFA, 0x2C, 0x97, 0xF9, 0xFA, 0x33, 0x9E, 0xFB, 0xFA, 0x33, 0xA1, 0xFC, 0xFA,
    0x37, 0xA6, 0xFE, 0xFA, 0x37, 0xA6, 0xFE, 0xFA, 0x41, 0xAD, 0xFE, 0xFB, 0x51, 0xBE, 0xFE, 0xFB,
    0x60, 0xC4, 0xFE, 0xFB, 0x70, 0xCA, 0xFE, 0xFB, 0x70, 0xCA, 0xFE, 0xFB, 0x86, 0xBC, 0xF7, 0xFC,
    0xB0, 0xD2, 0xF7, 0xFC, 0xD3, 0xE4, 0xFA, 0xFC, 0xD3, 0xE4, 0xFA, 0xFC, 0xEB, 0xF6, 0xFD, 0xFC,
    0xF0, 0xF8, 0xFC, 0xFC, 0xF7, 0xFB, 0xFD, 0xFC, 0xF7, 0xFB, 0xFD, 0xFC, 0xF8, 0xFB, 0xFC, 0xFD,
    0xF6, 0xF9, 0xFB, 0xFD, 0xEA, 0xEF, 0xF7, 0xFD, 0xE8, 0xEE, 0xF4, 0xFD, 0xE8, 0xEE, 0xF4, 0xFD,
    0xEE, 0xF2, 0xF4, 0xFD, 0xEE, 0xF5, 0xFA, 0xFD, 0xC5, 0xDB, 0xEF, 0xFD, 0xC5, 0xDB, 0xEF, 0xFD,
    0x86, 0xA6, 0xD8, 0xFD, 0x89, 0xAC, 0xE4, 0xFD, 0x98, 0xCA, 0xFC, 0xFD, 0x89, 0xC7, 0xFE, 0xFD,
    0x89, 0xC7, 0xFE, 0xFD, 0x75, 0xC4, 0xFF, 0xFD, 0x68, 0xBE, 0xFF, 0xFD, 0x5D, 0xB5, 0xFE, 0xFD,
    0x5D, 0xB5, 0xFE, 0xFD, 0x50, 0xA9, 0xF9, 0xFD, 0x4A, 0xAB, 0xFA, 0xFD, 0x40, 0xA9, 0xFD, 0xFC,
    0x40, 0xA9, 0xFD, 0xFC, 0x3C, 0xAC, 0xFF, 0xFC, 0x43, 0xB0, 0xFF, 0xFC, 0x48, 0xB4, 0xFE, 0xFC,
    0x42, 0xA8, 0xFD, 0xFC, 0x42, 0xA8, 0xFD, 0xFC, 0x3E, 0xAC, 0xFE, 0xFC, 0x32, 0xA3, 0xFE, 0xFC,
    0x28, 0x9A, 0xFE, 0xFC, 0x28, 0x9A, 0xFE, 0xFC, 0x23, 0x93, 0xFC, 0xFC, 0x20, 0x83, 0xED, 0xFC,
    0x12, 0x57, 0xB2, 0xFC, 0x33, 0x73, 0xB5, 0xFB, 0x33, 0x73, 0xB5, 0xFB, 0x61, 0x98, 0xD1, 0xFB,
    0x7D, 0xC3, 0xF9, 0xFB, 0x71, 0xCB, 0xFC, 0xFB, 0x71, 0xCB, 0xFC, 0xFB, 0x4E, 0xB4, 0xFB, 0xFB,
    0x33, 0xA3, 0xFA, 0xFB, 0x27, 0x9A, 0xFB, 0xFB, 0x27, 0x9A, 0xFB, 0xFB, 0x25, 0x97, 0xFB, 0xFB,
    0x27, 0x9E, 0xFD, 0xFB, 0x23, 0x96, 0xFC, 0xFB, 0x15, 0x8A, 0xFA, 0xFB, 0x15, 0x8A, 0xFA, 0xFB,
    0x0F, 0x84, 0xF8, 0xFB, 0x1D, 0x90, 0xFC, 0xFB, 0x24, 0x97, 0xFD, 0xFB, 0x24, 0x97, 0xFD, 0xFB,
    0x26, 0x9C, 0xFD, 0xFA, 0x1F, 0x90, 0xFB, 0xFA, 0x1C, 0x8E, 0xFA, 0xF9, 0x15, 0x80, 0xF3, 0xF9,
    0x15, 0x80, 0xF3, 0xF9, 0x10, 0x78, 0xEC, 0xF9, 0x0C, 0x6A, 0xDD, 0xF7, 0x1B, 0x6B, 0xCD, 0xEB,
    0x1B, 0x6B, 0xCD, 0xEB, 0x06, 0x28, 0x66, 0xE0, 0x1E, 0x54, 0x95, 0x4C, 0x3A, 0x86, 0xD2, 0x05,
    0x3A, 0x86, 0xD2, 0x05, 0x2E, 0x7B, 0xCA, 0x02, 0x34, 0x80, 0xCE, 0x03, 0x34, 0x7F, 0xCF, 0x01,
    0x33, 0x80, 0xCD, 0x02, 0x33, 0x80, 0xCD, 0x02, 0x34, 0x80, 0xCE, 0x01, 0x00, 0x00, 0x00, 0x00,
    0x00, 0x00, 0x00, 0x00, 0x00, 0x00, 0x00, 0x00, 0x00, 0x00, 0x00, 0x00, 0x00, 0x00, 0x00, 0x00,
    0x00, 0x00, 0x00, 0x00, 0x00, 0x00, 0x00, 0x00, 0x00, 0x00, 0x00, 0x00, 0x00, 0x00, 0x00, 0x00,
    0x00, 0x00, 0x00, 0x00, 0x00, 0x00, 0x00, 0x00, 0x00, 0x00, 0x00, 0x00, 0x00, 0x00, 0x00, 0x00,
    0x00, 0x00, 0x00, 0x00, 0x00, 0x00, 0x00, 0x00, 0x00, 0x00, 0x00, 0x00, 0x00, 0x00, 0x00, 0x00,
    0x00, 0x00, 0x00, 0x00, 0x00, 0x00, 0x00, 0x00, 0x00, 0x00, 0x00, 0x00, 0x00, 0x00, 0x00, 0x00,
    0x00, 0x00, 0x00, 0x00, 0x00, 0x00, 0x00, 0x00, 0x00, 0x00, 0x00, 0x00, 0x00, 0x00, 0x00, 0x00,
    0x00, 0x00, 0x00, 0x00, 0x40, 0x88, 0xD1, 0x01, 0x3A, 0x83, 0xCB, 0x04, 0x41, 0x8A, 0xCC, 0x07,
    0x41, 0x8A, 0xCC, 0x07, 0x2D, 0x60, 0x98, 0xA8, 0x05, 0x29, 0x6E, 0xEC, 0x1C, 0x7F, 0xE8, 0xF3,
    0x1C, 0x7F, 0xE8, 0xF3, 0x14, 0x7F, 0xF2, 0xF6, 0x1A, 0x87, 0xF5, 0xF8, 0x22, 0x8D, 0xF7, 0xF9,
    0x2D, 0x99, 0xFA, 0xF9, 0x2D, 0x99, 0xFA, 0xF9, 0x30, 0x9C, 0xFB, 0xF9, 0x30, 0x99, 0xFB, 0xFA,
    0x38, 0xA4, 0xFD, 0xFA, 0x38, 0xA4, 0xFD, 0xFA, 0x3C, 0xA7, 0xFE, 0xFA, 0x42, 0xAE, 0xFE, 0xFB,
    0x52, 0xB5, 0xFD, 0xFB, 0x6F, 0xC4, 0xFC, 0xFB, 0x6F, 0xC4, 0xFC, 0xFB, 0xA9, 0xDA, 0xFC, 0xFB,
    0xEA, 0xF9, 0xFE, 0xFC, 0xEB, 0xF2, 0xF9, 0xFC, 0xEB, 0xF2, 0xF9, 0xFC, 0xF5, 0xFB, 0xFD, 0xFC,
    0xCE, 0xDB, 0xE9, 0xFC, 0x60, 0x6A, 0x9A, 0xFC, 0x60, 0x6A, 0x9A, 0xFC, 0x7B, 0x89, 0xB8, 0xFD,
    0x70, 0x83, 0xB8, 0xFD, 0x2A, 0x30, 0x75, 0xFD, 0x54, 0x60, 0x8B, 0xFD, 0x54, 0x60, 0x8B, 0xFD,
    0xE5, 0xEC, 0xF0, 0xFD, 0xF3, 0xF6, 0xF4, 0xFD, 0xEE, 0xF3, 0xF3, 0xFD, 0xEE, 0xF3, 0xF3, 0xFD,
    0xE7, 0xF5, 0xFB, 0xFD, 0xC1, 0xDF, 0xFB, 0xFD, 0x92, 0xC6, 0xFC, 0xFD, 0x74, 0xBB, 0xFD, 0xFD,
    0x74, 0xBB, 0xFD, 0xFD, 0x64, 0xB2, 0xFC, 0xFD, 0x57, 0xAE, 0xFC, 0xFD, 0x4D, 0xB0, 0xFD, 0xFD,
    0x4D, 0xB0, 0xFD, 0xFD, 0x41, 0xA9, 0xFC, 0xFD, 0x3A, 0xA8, 0xFD, 0xFD, 0x36, 0xA3, 0xFD, 0xFD,
    0x36, 0xA3, 0xFD, 0xFD, 0x39, 0xAC, 0xFF, 0xFC, 0x3C, 0xAA, 0xFE, 0xFC, 0x3F, 0xAA, 0xFD, 0xFC,
    0x3C, 0xA8, 0xFC, 0xFC, 0x3C, 0xA8, 0xFC, 0xFC, 0x34, 0xA3, 0xFE, 0xFC, 0x25, 0x94, 0xFC, 0xFC,
    0x20, 0x95, 0xFF, 0xFC, 0x20, 0x95, 0xFF, 0xFC, 0x21, 0x8C, 0xF7, 0xFC, 0x09, 0x40, 0x9E, 0xFC,
    0x2F, 0x60, 0xA4, 0xFC, 0xB0, 0xE1, 0xFC, 0xFB, 0xB0, 0xE1, 0xFC, 0xFB, 0xB3, 0xEB, 0xFD, 0xFB,
    0x99, 0xD7, 0xFC, 0xFB, 0x85, 0xC6, 0xF7, 0xFB, 0x85, 0xC6, 0xF7, 0xFB, 0x66, 0xB5, 0xF6, 0xFB,
    0x3D, 0xA0, 0xF7, 0xFB, 0x2D, 0x9F, 0xFC, 0xFB, 0x2D, 0x9F, 0xFC, 0xFB, 0x24, 0x95, 0xFB, 0xFB,
    0x25, 0x95, 0xFA, 0xFB, 0x27, 0x9A, 0xFC, 0xFB, 0x1C, 0x8D, 0xFA, 0xFB, 0x1C, 0x8D, 0xFA, 0xFB,
    0x0E, 0x7B, 0xF2, 0xFB, 0x16, 0x84, 0xF8, 0xFB, 0x22, 0x94, 0xFC, 0xFB, 0x22, 0x94, 0xFC, 0xFB,
    0x1F, 0x92, 0xFC, 0xFA, 0x19, 0x8A, 0xF9, 0xFA, 0x16, 0x82, 0xF5, 0xF9, 0x11, 0x74, 0xE8, 0xF9,
    0x11, 0x74, 0xE8, 0xF9, 0x12, 0x79, 0xEA, 0xF3, 0x14, 0x68, 0xCB, 0xF3, 0x0D, 0x35, 0x77, 0xEA,
    0x0D, 0x35, 0x77, 0xEA, 0x0E, 0x35, 0x6A, 0xB8, 0x33, 0x81, 0xC8, 0x1C, 0x2F, 0x7C, 0xCC, 0x07,
    0x2F, 0x7C, 0xCC, 0x07, 0x31, 0x7F, 0xCE, 0x02, 0x33, 0x7F, 0xCE, 0x01, 0x34, 0x7F, 0xCE, 0x02,
    0x34, 0x7F, 0xCE, 0x01, 0x34, 0x7F, 0xCE, 0x01, 0x34, 0x80, 0xCD, 0x01, 0x00, 0x00, 0x00, 0x00,
    0x00, 0x00, 0x00, 0x00, 0x00, 0x00, 0x00, 0x00, 0x00, 0x00, 0x00, 0x00, 0x00, 0x00, 0x00, 0x00,
    0x00, 0x00, 0x00, 0x00, 0x00, 0x00, 0x00, 0x00, 0x00, 0x00, 0x00, 0x00, 0x00, 0x00, 0x00, 0x00,
    0x00, 0x00, 0x00, 0x00, 0x00, 0x00, 0x00, 0x00, 0x00, 0x00, 0x00, 0x00, 0x00, 0x00, 0x00, 0x00,
    0x00, 0x00, 0x00, 0x00, 0x00, 0x00, 0x00, 0x00, 0x00, 0x00, 0x00, 0x00, 0x00, 0x00, 0x00, 0x00,
    0x00, 0x00, 0x00, 0x00, 0x00, 0x00, 0x00, 0x00, 0x00, 0x00, 0x00, 0x00, 0x00, 0x00, 0x00, 0x00,
    0x00, 0x00, 0x00, 0x00, 0x00, 0x00, 0x00, 0x00, 0x00, 0x00, 0x00, 0x00, 0x00, 0x00, 0x00, 0x00,
    0x00, 0x00, 0x00, 0x00, 0x00, 0x00, 0x00, 0x00, 0x41, 0x89, 0xCF, 0x03, 0x39, 0x7F, 0xC7, 0x01,
    0x39, 0x7F, 0xC7, 0x01, 0x40, 0x7B, 0xB9, 0x3C, 0x10, 0x2D, 0x62, 0xAC, 0x13, 0x4E, 0xA0, 0xF6,
    0x13, 0x4E, 0xA0, 0xF6, 0x19, 0x84, 0xF1, 0xF1, 0x15, 0x83, 0xF3, 0xF6, 0x24, 0x91, 0xF8, 0xF7,
    0x29, 0x93, 0xF7, 0xF9, 0x29, 0x93, 0xF7, 0xF9, 0x32, 0xA0, 0xFB, 0xF9, 0x32, 0x9D, 0xFB, 0xF9,
    0x35, 0xA0, 0xFC, 0xFA, 0x35, 0xA0, 0xFC, 0xFA, 0x38, 0xA4, 0xFC, 0xFA, 0x47, 0xB4, 0xFE, 0xFA,
    0x46, 0xA5, 0xFB, 0xFB, 0x64, 0xBD, 0xFC, 0xFB, 0x64, 0xBD, 0xFC, 0xFB, 0xA8, 0xD6, 0xFB, 0xFB,
    0xE5, 0xEB, 0xFA, 0xFC, 0xF0, 0xF1, 0xF8, 0xFC, 0xF0, 0xF1, 0xF8, 0xFC, 0xF7, 0xFA, 0xFD, 0xFC,
    0xD1, 0xDE, 0xED, 0xFC, 0x36, 0x40, 0x7E, 0xFC, 0x36, 0x40, 0x7E, 0xFC, 0x1E, 0x2B, 0x7F, 0xFC,
    0x1E, 0x31, 0x9E, 0xFD, 0x10, 0x1A, 0x81, 0xFD, 0x85, 0x92, 0xBB, 0xFD, 0x85, 0x92, 0xBB, 0xFD,
    0xEA, 0xF1, 0xF4, 0xFD, 0xE9, 0xEC, 0xE9, 0xFD, 0xE9, 0xEC, 0xEA, 0xFD, 0xE9, 0xEC, 0xEA, 0xFD,
    0xE9, 0xEF, 0xF1, 0xFD, 0xCC, 0xE6, 0xF9, 0xFD, 0x93, 0xCE, 0xFC, 0xFD, 0x6F, 0xB8, 0xFC, 0xFD,
    0x6F, 0xB8, 0xFC, 0xFD, 0x65, 0xB3, 0xFA, 0xFD, 0x53, 0xA7, 0xFA, 0xFD, 0x49, 0xAA, 0xFC, 0xFD,
    0x49, 0xAA, 0xFC, 0xFD, 0x3F, 0xAA, 0xFC, 0xFD, 0x3A, 0xAC, 0xFE, 0xFD, 0x39, 0xAC, 0xFF, 0xFD,
    0x39, 0xAC, 0xFF, 0xFD, 0x36, 0xAB, 0xFF, 0xFC, 0x35, 0xA5, 0xFD, 0xFC, 0x38, 0xA3, 0xFC, 0xFC,
    0x3A, 0xA8, 0xFC, 0xFC, 0x3A, 0xA8, 0xFC, 0xFC, 0x32, 0xA4, 0xFE, 0xFC, 0x26, 0x9D, 0xFF, 0xFC,
    0x1F, 0x91, 0xFE, 0xFC, 0x1F, 0x91, 0xFE, 0xFC, 0x11, 0x61, 0xCD, 0xFB, 0x04, 0x21, 0x6B, 0xFB,
    0x80, 0xAD, 0xD7, 0xFC, 0xCD, 0xF2, 0xFC, 0xFB, 0xCD, 0xF2, 0xFC, 0xFB, 0xA9, 0xD8, 0xF3, 0xFB,
    0xA5, 0xD4, 0xF5, 0xFB, 0xA5, 0xD9, 0xF8, 0xFB, 0xA5, 0xD9, 0xF8, 0xFB, 0x87, 0xCC, 0xFA, 0xFB,
    0x49, 0xA8, 0xF5, 0xFB, 0x2D, 0x9F, 0xFB, 0xFB, 0x2D, 0x9F, 0xFB, 0xFB, 0x25, 0x97, 0xFB, 0xFB,
    0x24, 0x92, 0xFA, 0xFB, 0x27, 0x9A, 0xFC, 0xFB, 0x1F, 0x8F, 0xFB, 0xFB, 0x1F, 0x8F, 0xFB, 0xFB,
    0x0F, 0x7C, 0xF2, 0xFB, 0x15, 0x85, 0xF8, 0xFA, 0x20, 0x92, 0xFC, 0xFA, 0x20, 0x92, 0xFC, 0xFA,
    0x1A, 0x89, 0xFA, 0xFA, 0x15, 0x82, 0xF5, 0xFA, 0x11, 0x7B, 0xF0, 0xF8, 0x12, 0x71, 0xE4, 0xF7,
    0x12, 0x71, 0xE4, 0xF7, 0x1B, 0x6A, 0xCA, 0xEF, 0x11, 0x37, 0x76, 0xF0, 0x04, 0x16, 0x46, 0xA6,
    0x04, 0x16, 0x46, 0xA6, 0x27, 0x64, 0xA8, 0x2F, 0x30, 0x84, 0xD2, 0x04, 0x2F, 0x7C, 0xCD, 0x04,
    0x2F, 0x7C, 0xCD, 0x04, 0x31, 0x7E, 0xCE, 0x02, 0x33, 0x7F, 0xCE, 0x02, 0x34, 0x7F, 0xCD, 0x01,
    0x33, 0x80, 0xCD, 0x01, 0x33, 0x80, 0xCD, 0x01, 0x34, 0x81, 0xCD, 0x01, 0x00, 0x00, 0x00, 0x00,
    0x00, 0x00, 0x00, 0x00, 0x00, 0x00, 0x00, 0x00, 0x00, 0x00, 0x00, 0x00, 0x00, 0x00, 0x00, 0x00,
    0x00, 0x00, 0x00, 0x00, 0x00, 0x00, 0x00, 0x00, 0x00, 0x00, 0x00, 0x00, 0x00, 0x00, 0x00, 0x00,
    0x00, 0x00, 0x00, 0x00, 0x00, 0x00, 0x00, 0x00, 0x00, 0x00, 0x00, 0x00, 0x00, 0x00, 0x00, 0x00,
    0x00, 0x00, 0x00, 0x00, 0x00, 0x00, 0x00, 0x00, 0x00, 0x00, 0x00, 0x00, 0x00, 0x00, 0x00, 0x00,
    0x00, 0x00, 0x00, 0x00, 0x00, 0x00, 0x00, 0x00, 0x00, 0x00, 0x00, 0x00, 0x00, 0x00, 0x00, 0x00,
    0x00, 0x00, 0x00, 0x00, 0x00, 0x00, 0x00, 0x00, 0x00, 0x00, 0x00, 0x00, 0x00, 0x00, 0x00, 0x00,
    0x00, 0x00, 0x00, 0x00, 0x00, 0x00, 0x00, 0x00, 0x41, 0x89, 0xCF, 0x03, 0x39, 0x7F, 0xC7, 0x01,
    0x39, 0x7F, 0xC7, 0x01, 0x40, 0x7B, 0xB9, 0x3C, 0x10, 0x2D, 0x62, 0xAC, 0x13, 0x4E, 0xA0, 0xF6,
    0x13, 0x4E, 0xA0, 0xF6, 0x19, 0x84, 0xF1, 0xF1, 0x15, 0x83, 0xF3, 0xF6, 0x24, 0x91, 0xF8, 0xF7,
    0x29, 0x93, 0xF7, 0xF9, 0x29, 0x93, 0xF7, 0xF9, 0x32, 0xA0, 0xFB, 0xF9, 0x32, 0x9D, 0xFB, 0xF9,
    0x35, 0xA0, 0xFC, 0xFA, 0x35, 0xA0, 0xFC, 0xFA, 0x38, 0xA4, 0xFC, 0xFA, 0x47, 0xB4, 0xFE, 0xFA,
    0x46, 0xA5, 0xFB, 0xFB, 0x64, 0xBD, 0xFC, 0xFB, 0x64, 0xBD, 0xFC, 0xFB, 0xA8, 0xD6, 0xFB, 0xFB,
    0xE5, 0xEB, 0xFA, 0xFC, 0xF0, 0xF1, 0xF8, 0xFC, 0xF0, 0xF1, 0xF8, 0xFC, 0xF7, 0xFA, 0xFD, 0xFC,
    0xD1, 0xDE, 0xED, 0xFC, 0x36, 0x40, 0x7E, 0xFC, 0x36, 0x40, 0x7E, 0xFC, 0x1E, 0x2B, 0x7F, 0xFC,
    0x1E, 0x31, 0x9E, 0xFD, 0x10, 0x1A, 0x81, 0xFD, 0x85, 0x92, 0xBB, 0xFD, 0x85, 0x92, 0xBB, 0xFD,
    0xEA, 0xF1, 0xF4, 0xFD, 0xE9, 0xEC, 0xE9, 0xFD, 0xE9, 0xEC, 0xEA, 0xFD, 0xE9, 0xEC, 0xEA, 0xFD,
    0xE9, 0xEF, 0xF1, 0xFD, 0xCC, 0xE6, 0xF9, 0xFD, 0x93, 0xCE, 0xFC, 0xFD, 0x6F, 0xB8, 0xFC, 0xFD,
    0x6F, 0xB8, 0xFC, 0xFD, 0x65, 0xB3, 0xFA, 0xFD, 0x53, 0xA7, 0xFA, 0xFD, 0x49, 0xAA, 0xFC, 0xFD,
    0x49, 0xAA, 0xFC, 0xFD, 0x3F, 0xAA, 0xFC, 0xFD, 0x3A, 0xAC, 0xFE, 0xFD, 0x39, 0xAC, 0xFF, 0xFD,
    0x39, 0xAC, 0xFF, 0xFD, 0x36, 0xAB, 0xFF, 0xFC, 0x35, 0xA5, 0xFD, 0xFC, 0x38, 0xA3, 0xFC, 0xFC,
    0x3A, 0xA8, 0xFC, 0xFC, 0x3A, 0xA8, 0xFC, 0xFC, 0x32, 0xA4, 0xFE, 0xFC, 0x26, 0x9D, 0xFF, 0xFC,
    0x1F, 0x91, 0xFE, 0xFC, 0x1F, 0x91, 0xFE, 0xFC, 0x11, 0x61, 0xCD, 0xFB, 0x04, 0x21, 0x6B, 0xFB,
    0x80, 0xAD, 0xD7, 0xFC, 0xCD, 0xF2, 0xFC, 0xFB, 0xCD, 0xF2, 0xFC, 0xFB, 0xA9, 0xD8, 0xF3, 0xFB,
    0xA5, 0xD4, 0xF5, 0xFB, 0xA5, 0xD9, 0xF8, 0xFB, 0xA5, 0xD9, 0xF8, 0xFB, 0x87, 0xCC, 0xFA, 0xFB,
    0x49, 0xA8, 0xF5, 0xFB, 0x2D, 0x9F, 0xFB, 0xFB, 0x2D, 0x9F, 0xFB, 0xFB, 0x25, 0x97, 0xFB, 0xFB,
    0x24, 0x92, 0xFA, 0xFB, 0x27, 0x9A, 0xFC, 0xFB, 0x1F, 0x8F, 0xFB, 0xFB, 0x1F, 0x8F, 0xFB, 0xFB,
    0x0F, 0x7C, 0xF2, 0xFB, 0x15, 0x85, 0xF8, 0xFA, 0x20, 0x92, 0xFC, 0xFA, 0x20, 0x92, 0xFC, 0xFA,
    0x1A, 0x89, 0xFA, 0xFA, 0x15, 0x82, 0xF5, 0xFA, 0x11, 0x7B, 0xF0, 0xF8, 0x12, 0x71, 0xE4, 0xF7,
    0x12, 0x71, 0xE4, 0xF7, 0x1B, 0x6A, 0xCA, 0xEF, 0x11, 0x37, 0x76, 0xF0, 0x04, 0x16, 0x46, 0xA6,
    0x04, 0x16, 0x46, 0xA6, 0x27, 0x64, 0xA8, 0x2F, 0x30, 0x84, 0xD2, 0x04, 0x2F, 0x7C, 0xCD, 0x04,
    0x2F, 0x7C, 0xCD, 0x04, 0x31, 0x7E, 0xCE, 0x02, 0x33, 0x7F, 0xCE, 0x02, 0x34, 0x7F, 0xCD, 0x01,
    0x33, 0x80, 0xCD, 0x01, 0x33, 0x80, 0xCD, 0x01, 0x34, 0x81, 0xCD, 0x01, 0x00, 0x00, 0x00, 0x00,
    0x00, 0x00, 0x00, 0x00, 0x00, 0x00, 0x00, 0x00, 0x00, 0x00, 0x00, 0x00, 0x00, 0x00, 0x00, 0x00,
    0x00, 0x00, 0x00, 0x00, 0x00, 0x00, 0x00, 0x00, 0x00, 0x00, 0x00, 0x00, 0x00, 0x00, 0x00, 0x00,
    0x00, 0x00, 0x00, 0x00, 0x00, 0x00, 0x00, 0x00, 0x00, 0x00, 0x00, 0x00, 0x00, 0x00, 0x00, 0x00,
    0x00, 0x00, 0x00, 0x00, 0x00, 0x00, 0x00, 0x00, 0x00, 0x00, 0x00, 0x00, 0x00, 0x00, 0x00, 0x00,
    0x00, 0x00, 0x00, 0x00, 0x00, 0x00, 0x00, 0x00, 0x00, 0x00, 0x00, 0x00, 0x00, 0x00, 0x00, 0x00,
    0x00, 0x00, 0x00, 0x00, 0x00, 0x00, 0x00, 0x00, 0x00, 0x00, 0x00, 0x00, 0x00, 0x00, 0x00, 0x00,
    0x00, 0x00, 0x00, 0x00, 0x00, 0x00, 0x00, 0x00, 0x42, 0x88, 0xD0, 0x02, 0x40, 0x85, 0xCE, 0x03,
    0x40, 0x85, 0xCE, 0x03, 0x41, 0x89, 0xCC, 0x0E, 0x3C, 0x74, 0xAD, 0x6F, 0x06, 0x22, 0x5D, 0xED,
    0x06, 0x22, 0x5D, 0xED, 0x1E, 0x6E, 0xC4, 0xF1, 0x1B, 0x8C, 0xF1, 0xF6, 0x1F, 0x8A, 0xF1, 0xF5,
    0x27, 0x8C, 0xF0, 0xF7, 0x27, 0x8C, 0xF0, 0xF7, 0x2C, 0x99, 0xF7, 0xF8, 0x31, 0x99, 0xF9, 0xF9,
    0x36, 0x9E, 0xF7, 0xF9, 0x36, 0x9E, 0xF7, 0xF9, 0x2A, 0x8C, 0xEA, 0xFA, 0x29, 0x8A, 0xEC, 0xFA,
    0x37, 0x8E, 0xEE, 0xFA, 0x49, 0xA1, 0xF9, 0xFB, 0x49, 0xA1, 0xF9, 0xFB, 0x7E, 0xB4, 0xF4, 0xFB,
    0xE1, 0xED, 0xFC, 0xFB, 0xF8, 0xF9, 0xFC, 0xFC, 0xF8, 0xF9, 0xFC, 0xFC, 0xF1, 0xF1, 0xF7, 0xFC,
    0xF0, 0xF4, 0xF7, 0xFC, 0xDB, 0xE7, 0xF7, 0xFC, 0xDB, 0xE7, 0xF7, 0xFC, 0xA3, 0xBD, 0xF3, 0xFC,
    0x3F, 0x5C, 0xD6, 0xFD, 0x58, 0x74, 0xD6, 0xFD, 0xE3, 0xF1, 0xF9, 0xFD, 0xE3, 0xF1, 0xF9, 0xFD,
    0xED, 0xF1, 0xF0, 0xFD, 0xE6, 0xE6, 0xE5, 0xFD, 0xF4, 0xF6, 0xF5, 0xFE, 0xF4, 0xF6, 0xF5, 0xFE,
    0xE2, 0xEA, 0xEF, 0xFD, 0x65, 0x7C, 0xA4, 0xFD, 0x69, 0x95, 0xD1, 0xFD, 0xA0, 0xCF, 0xFC, 0xFD,
    0xA0, 0xCF, 0xFC, 0xFD, 0x96, 0xCB, 0xF7, 0xFD, 0x8A, 0xC6, 0xF9, 0xFD, 0x77, 0xC1, 0xFC, 0xFD,
    0x77, 0xC1, 0xFC, 0xFD, 0x5A, 0xB1, 0xF9, 0xFD, 0x49, 0xAD, 0xFB, 0xFD, 0x3F, 0xA7, 0xFC, 0xFD,
    0x3F, 0xA7, 0xFC, 0xFD, 0x38, 0xA3, 0xFD, 0xFC, 0x36, 0xA3, 0xFC, 0xFC, 0x39, 0xA5, 0xFB, 0xFC,
    0x36, 0x9B, 0xF9, 0xFC, 0x36, 0x9B, 0xF9, 0xFC, 0x2D, 0x97, 0xFA, 0xFC, 0x23, 0x97, 0xFC, 0xFC,
    0x1D, 0x83, 0xF4, 0xFB, 0x1D, 0x83, 0xF4, 0xFB, 0x06, 0x39, 0x9E, 0xFB, 0x0A, 0x1B, 0x5A, 0xFB,
    0x99, 0xB8, 0xDD, 0xFB, 0xB9, 0xE1, 0xF7, 0xFB, 0xB9, 0xE1, 0xF7, 0xFB, 0xA8, 0xD9, 0xF4, 0xFB,
    0xAB, 0xDF, 0xF8, 0xFB, 0xAE, 0xE5, 0xFB, 0xFB, 0xAE, 0xE5, 0xFB, 0xFB, 0x99, 0xDF, 0xFC, 0xFB,
    0x50, 0xAE, 0xF4, 0xFB, 0x29, 0x91, 0xF5, 0xFB, 0x29, 0x91, 0xF5, 0xFB, 0x26, 0x95, 0xFB, 0xFB,
    0x23, 0x92, 0xFB, 0xFB, 0x21, 0x8E, 0xF9, 0xFB, 0x1D, 0x88, 0xF9, 0xFB, 0x1D, 0x88, 0xF9, 0xFB,
    0x11, 0x7D, 0xF3, 0xFB, 0x12, 0x7D, 0xF3, 0xFA, 0x16, 0x80, 0xF6, 0xFA, 0x16, 0x80, 0xF6, 0xFA,
    0x17, 0x85, 0xF8, 0xF9, 0x15, 0x7D, 0xEF, 0xF8, 0x13, 0x6D, 0xD9, 0xF4, 0x1C, 0x6C, 0xC9, 0xF7,
    0x1C, 0x6C, 0xC9, 0xF7, 0x05, 0x22, 0x62, 0xF3, 0x02, 0x10, 0x40, 0xC6, 0x29, 0x60, 0xA3, 0x2D,
    0x29, 0x60, 0xA3, 0x2D, 0x34, 0x81, 0xCE, 0x04, 0x2C, 0x7B, 0xCB, 0x04, 0x31, 0x7E, 0xCD, 0x02,
    0x31, 0x7E, 0xCD, 0x02, 0x32, 0x7F, 0xCD, 0x01, 0x33, 0x7F, 0xCD, 0x02, 0x33, 0x7F, 0xCD, 0x01,
    0x34, 0x7F, 0xCC, 0x01, 0x34, 0x7F, 0xCC, 0x01, 0x34, 0x80, 0xCC, 0x01, 0x00, 0x00, 0x00, 0x00,
    0x00, 0x00, 0x00, 0x00, 0x00, 0x00, 0x00, 0x00, 0x00, 0x00, 0x00, 0x00, 0x00, 0x00, 0x00, 0x00,
    0x00, 0x00, 0x00, 0x00, 0x00, 0x00, 0x00, 0x00, 0x00, 0x00, 0x00, 0x00, 0x00, 0x00, 0x00, 0x00,
    0x00, 0x00, 0x00, 0x00, 0x00, 0x00, 0x00, 0x00, 0x00, 0x00, 0x00, 0x00, 0x00, 0x00, 0x00, 0x00,
    0x00, 0x00, 0x00, 0x00, 0x00, 0x00, 0x00, 0x00, 0x00, 0x00, 0x00, 0x00, 0x00, 0x00, 0x00, 0x00,
    0x00, 0x00, 0x00, 0x00, 0x00, 0x00, 0x00, 0x00, 0x00, 0x00, 0x00, 0x00, 0x00, 0x00, 0x00, 0x00,
    0x00, 0x00, 0x00, 0x00, 0x00, 0x00, 0x00, 0x00, 0x00, 0x00, 0x00, 0x00, 0x00, 0x00, 0x00, 0x00,
    0x00, 0x00, 0x00, 0x00, 0x41, 0x88, 0xCE, 0x01, 0x41, 0x88, 0xCD, 0x01, 0x44, 0x89, 0xD0, 0x02,
    0x44, 0x89, 0xD0, 0x02, 0x3F, 0x84, 0xCB, 0x02, 0x47, 0x8D, 0xCF, 0x2E, 0x30, 0x62, 0x97, 0xAA,
    0x30, 0x62, 0x97, 0xAA, 0x0E, 0x32, 0x63, 0xE7, 0x26, 0x75, 0xC3, 0xF5, 0x29, 0x8E, 0xE3, 0xF4,
    0x2C, 0x99, 0xF1, 0xF9, 0x2C, 0x99, 0xF1, 0xF9, 0x31, 0x9E, 0xF8, 0xF7, 0x30, 0x8F, 0xF1, 0xF9,
    0x27, 0x76, 0xD7, 0xF9, 0x27, 0x76, 0xD7, 0xF9, 0x4C, 0x96, 0xDE, 0xFA, 0x7F, 0xC0, 0xF3, 0xFA,
    0x96, 0xCF, 0xF9, 0xFA, 0x87, 0xC4, 0xF9, 0xFA, 0x87, 0xC4, 0xF9, 0xFA, 0x6C, 0xA3, 0xE9, 0xFB,
    0xB8, 0xD6, 0xF4, 0xFB, 0xF1, 0xF6, 0xFC, 0xFB, 0xF1, 0xF6, 0xFC, 0xFB, 0xF2, 0xF3, 0xF6, 0xFB,
    0xEC, 0xEE, 0xEC, 0xFC, 0xE3, 0xEC, 0xF4, 0xFC, 0xE3, 0xEC, 0xF4, 0xFC, 0x7B, 0x95, 0xD4, 0xFC,
    0x11, 0x24, 0xAB, 0xFC, 0x3B, 0x58, 0xCA, 0xFD, 0xB6, 0xC9, 0xE7, 0xFD, 0xB6, 0xC9, 0xE7, 0xFD,
    0xEB, 0xEE, 0xEF, 0xFD, 0xF6, 0xF8, 0xF7, 0xFD, 0xED, 0xF4, 0xF6, 0xFE, 0xED, 0xF4, 0xF6, 0xFE,
    0x57, 0x65, 0x84, 0xFD, 0x0C, 0x12, 0x43, 0xFE, 0x9C, 0xB4, 0xD9, 0xFD, 0xE5, 0xF9, 0xFF, 0xFE,
    0xE5, 0xF9, 0xFF, 0xFE, 0xDB, 0xF3, 0xFD, 0xFD, 0xD6, 0xF0, 0xFE, 0xFD, 0xC7, 0xEB, 0xFE, 0xFD,
    0xC7, 0xEB, 0xFE, 0xFD, 0xB0, 0xE4, 0xFE, 0xFD, 0x92, 0xDA, 0xFD, 0xFD, 0x6F, 0xC2, 0xFB, 0xFD,
    0x6F, 0xC2, 0xFB, 0xFD, 0x56, 0xB4, 0xFB, 0xFC, 0x46, 0xAB, 0xF9, 0xFC, 0x41, 0xB1, 0xFB, 0xFC,
    0x35, 0x9F, 0xF9, 0xFC, 0x35, 0x9F, 0xF9, 0xFC, 0x28, 0x94, 0xF9, 0xFB, 0x20, 0x90, 0xF8, 0xFC,
    0x21, 0x8C, 0xF7, 0xFB, 0x21, 0x8C, 0xF7, 0xFB, 0x10, 0x4B, 0xAB, 0xFC, 0x20, 0x39, 0x71, 0xFB,
    0xB5, 0xE2, 0xF6, 0xFC, 0xAC, 0xE3, 0xF9, 0xFB, 0xAC, 0xE3, 0xF9, 0xFB, 0x8D, 0xCA, 0xF5, 0xFB,
    0x91, 0xD0, 0xF9, 0xFA, 0xA0, 0xE0, 0xFD, 0xFC, 0xA0, 0xE0, 0xFD, 0xFC, 0x84, 0xCC, 0xFA, 0xFB,
    0x47, 0xA9, 0xF5, 0xFB, 0x28, 0x90, 0xF7, 0xFB, 0x28, 0x90, 0xF7, 0xFB, 0x24, 0x91, 0xF9, 0xFB,
    0x22, 0x91, 0xFB, 0xFB, 0x1B, 0x86, 0xF6, 0xFB, 0x19, 0x88, 0xF9, 0xFA, 0x19, 0x88, 0xF9, 0xFA,
    0x0F, 0x7D, 0xF1, 0xFA, 0x0F, 0x7B, 0xF3, 0xF9, 0x11, 0x7C, 0xF4, 0xFA, 0x11, 0x7C, 0xF4, 0xFA,
    0x19, 0x90, 0xF9, 0xF7, 0x15, 0x60, 0xC8, 0xF8, 0x09, 0x26, 0x72, 0xF7, 0x0C, 0x2B, 0x65, 0xE6,
    0x0C, 0x2B, 0x65, 0xE6, 0x19, 0x48, 0x81, 0x70, 0x31, 0x75, 0xB9, 0x1D, 0x32, 0x81, 0xCE, 0x01,
    0x32, 0x81, 0xCE, 0x01, 0x2D, 0x7E, 0xCB, 0x04, 0x30, 0x7F, 0xCC, 0x02, 0x31, 0x7D, 0xCC, 0x01,
    0x31, 0x7D, 0xCC, 0x01, 0x32, 0x7F, 0xCC, 0x01, 0x33, 0x80, 0xCD, 0x01, 0x34, 0x80, 0xCC, 0x01,
    0x34, 0x80, 0xCC, 0x01, 0x34, 0x80, 0xCC, 0x01, 0x34, 0x80, 0xCB, 0x01, 0x00, 0x00, 0x00, 0x00,
    0x00, 0x00, 0x00, 0x00, 0x00, 0x00, 0x00, 0x00, 0x00, 0x00, 0x00, 0x00, 0x00, 0x00, 0x00, 0x00,
    0x00, 0x00, 0x00, 0x00, 0x00, 0x00, 0x00, 0x00, 0x00, 0x00, 0x00, 0x00, 0x00, 0x00, 0x00, 0x00,
    0x00, 0x00, 0x00, 0x00, 0x00, 0x00, 0x00, 0x00, 0x00, 0x00, 0x00, 0x00, 0x00, 0x00, 0x00, 0x00,
    0x00, 0x00, 0x00, 0x00, 0x00, 0x00, 0x00, 0x00, 0x00, 0x00, 0x00, 0x00, 0x00, 0x00, 0x00, 0x00,
    0x00, 0x00, 0x00, 0x00, 0x00, 0x00, 0x00, 0x00, 0x00, 0x00, 0x00, 0x00, 0x00, 0x00, 0x00, 0x00,
    0x00, 0x00, 0x00, 0x00, 0x00, 0x00, 0x00, 0x00, 0x00, 0x00, 0x00, 0x00, 0x40, 0x87, 0xCC, 0x01,
    0x40, 0x87, 0xCC, 0x01, 0x40, 0x87, 0xCD, 0x01, 0x41, 0x87, 0xCD, 0x01, 0x43, 0x86, 0xCE, 0x03,
    0x43, 0x86, 0xCE, 0x03, 0x45, 0x87, 0xCF, 0x02, 0x41, 0x85, 0xCD, 0x06, 0x4B, 0x91, 0xCF, 0x3E,
    0x4B, 0x91, 0xCF, 0x3E, 0x2D, 0x55, 0x85, 0x9B, 0x10, 0x1C, 0x41, 0xF2, 0x25, 0x47, 0x7A, 0xF2,
    0x47, 0x9B, 0xD6, 0xF6, 0x47, 0x9B, 0xD6, 0xF6, 0x5D, 0xB7, 0xF2, 0xF7, 0x4E, 0x93, 0xD3, 0xF8,
    0x87, 0xBB, 0xE7, 0xF9, 0x87, 0xBB, 0xE7, 0xF9, 0xC5, 0xE8, 0xFA, 0xF9, 0xE0, 0xF7, 0xFC, 0xF9,
    0xD9, 0xF0, 0xF8, 0xF9, 0xD6, 0xF3, 0xF8, 0xFA, 0xD6, 0xF3, 0xF8, 0xFA, 0xB2, 0xDC, 0xF8, 0xFB,
    0x75, 0x92, 0xD2, 0xFB, 0x9D, 0xA3, 0xCA, 0xFC, 0x9D, 0xA3, 0xCA, 0xFC, 0xF0, 0xF7, 0xFB, 0xFB,
    0xF9, 0xFB, 0xFC, 0xFC, 0xDC, 0xE3, 0xEA, 0xFC, 0xDC, 0xE3, 0xEA, 0xFC, 0x29, 0x2D, 0x7B, 0xFD,
    0x02, 0x0B, 0x97, 0xFC, 0x15, 0x28, 0xBA, 0xFD, 0x28, 0x3A, 0xA0, 0xFD, 0x28, 0x3A, 0xA0, 0xFD,
    0x88, 0x9F, 0xCA, 0xFE, 0xAE, 0xC2, 0xDA, 0xFD, 0x59, 0x6C, 0x8B, 0xFE, 0x59, 0x6C, 0x8B, 0xFE,
    0x40, 0x4F, 0x72, 0xFE, 0xAE, 0xBF, 0xDB, 0xFD, 0xDE, 0xF1, 0xFB, 0xFE, 0xD9, 0xEC, 0xF9, 0xFE,
    0xD9, 0xEC, 0xF9, 0xFE, 0xD7, 0xEB, 0xF6, 0xFD, 0xD7, 0xE8, 0xF5, 0xFE, 0xDA, 0xEF, 0xFA, 0xFD,
    0xDA, 0xEF, 0xFA, 0xFD, 0xD3, 0xED, 0xFA, 0xFD, 0xC4, 0xE7, 0xFA, 0xFD, 0xAC, 0xDE, 0xFA, 0xFD,
    0xAC, 0xDE, 0xFA, 0xFD, 0x91, 0xDB, 0xFA, 0xFD, 0x63, 0xBB, 0xF8, 0xFC, 0x3E, 0xA6, 0xFA, 0xFC,
    0x33, 0x9F, 0xFC, 0xFC, 0x33, 0x9F, 0xFC, 0xFC, 0x2F, 0x9F, 0xFC, 0xFA, 0x26, 0x8B, 0xF3, 0xFB,
    0x2B, 0x85, 0xEA, 0xF9, 0x2B, 0x85, 0xEA, 0xF9, 0x15, 0x3E, 0x90, 0xF6, 0x13, 0x1D, 0x50, 0xF8,
    0x8D, 0xB1, 0xCE, 0xFC, 0xA0, 0xDA, 0xF7, 0xFC, 0xA0, 0xDA, 0xF7, 0xFC, 0x74, 0xB5, 0xEE, 0xFD,
    0x64, 0xAA, 0xED, 0xFC, 0x64, 0xAD, 0xF1, 0xFB, 0x64, 0xAD, 0xF1, 0xFB, 0x50, 0xA3, 0xF0, 0xFB,
    0x2D, 0x90, 0xF1, 0xFC, 0x24, 0x90, 0xF9, 0xFB, 0x24, 0x90, 0xF9, 0xFB, 0x1A, 0x83, 0xF5, 0xFB,
    0x17, 0x85, 0xF6, 0xFB, 0x13, 0x80, 0xF4, 0xFC, 0x14, 0x83, 0xF8, 0xFA, 0x14, 0x83, 0xF8, 0xFA,
    0x0F, 0x75, 0xEC, 0xF9, 0x1C, 0x84, 0xF3, 0xF7, 0x1C, 0x7A, 0xE6, 0xF9, 0x1C, 0x7A, 0xE6, 0xF9,
    0x1A, 0x69, 0xC4, 0xFA, 0x0E, 0x36, 0x7B, 0xF2, 0x03, 0x11, 0x47, 0xEF, 0x12, 0x34, 0x74, 0x78,
    0x12, 0x34, 0x74, 0x78, 0x3C, 0x8E, 0xD8, 0x02, 0x2F, 0x82, 0xD0, 0x03, 0x2E, 0x7D, 0xCB, 0x03,
    0x2E, 0x7D, 0xCB, 0x03, 0x31, 0x7F, 0xCC, 0x02, 0x32, 0x7F, 0xCC, 0x01, 0x32, 0x7F, 0xCC, 0x01,
    0x32, 0x7F, 0xCC, 0x01, 0x33, 0x80, 0xCC, 0x01, 0x33, 0x80, 0xCC, 0x01, 0x34, 0x81, 0xCC, 0x01,
    0x34, 0x80, 0xCC, 0x01, 0x34, 0x80, 0xCC, 0x01, 0x33, 0x80, 0xCB, 0x01, 0x00, 0x00, 0x00, 0x00,
    0x00, 0x00, 0x00, 0x00, 0x00, 0x00, 0x00, 0x00, 0x00, 0x00, 0x00, 0x00, 0x00, 0x00, 0x00, 0x00,
    0x00, 0x00, 0x00, 0x00, 0x00, 0x00, 0x00, 0x00, 0x00, 0x00, 0x00, 0x00, 0x00, 0x00, 0x00, 0x00,
    0x00, 0x00, 0x00, 0x00, 0x00, 0x00, 0x00, 0x00, 0x00, 0x00, 0x00, 0x00, 0x00, 0x00, 0x00, 0x00,
    0x00, 0x00, 0x00, 0x00, 0x00, 0x00, 0x00, 0x00, 0x00, 0x00, 0x00, 0x00, 0x00, 0x00, 0x00, 0x00,
    0x00, 0x00, 0x00, 0x00, 0x00, 0x00, 0x00, 0x00, 0x00, 0x00, 0x00, 0x00, 0x00, 0x00, 0x00, 0x00,
    0x00, 0x00, 0x00, 0x00, 0x00, 0x00, 0x00, 0x00, 0x00, 0x00, 0x00, 0x00, 0x40, 0x87, 0xCC, 0x01,
    0x40, 0x87, 0xCC, 0x01, 0x40, 0x87, 0xCD, 0x01, 0x41, 0x87, 0xCD, 0x01, 0x43, 0x86, 0xCE, 0x03,
    0x43, 0x86, 0xCE, 0x03, 0x45, 0x87, 0xCF, 0x02, 0x41, 0x85, 0xCD, 0x06, 0x4B, 0x91, 0xCF, 0x3E,
    0x4B, 0x91, 0xCF, 0x3E, 0x2D, 0x55, 0x85, 0x9B, 0x10, 0x1C, 0x41, 0xF2, 0x25, 0x47, 0x7A, 0xF2,
    0x47, 0x9B, 0xD6, 0xF6, 0x47, 0x9B, 0xD6, 0xF6, 0x5D, 0xB7, 0xF2, 0xF7, 0x4E, 0x93, 0xD3, 0xF8,
    0x87, 0xBB, 0xE7, 0xF9, 0x87, 0xBB, 0xE7, 0xF9, 0xC5, 0xE8, 0xFA, 0xF9, 0xE0, 0xF7, 0xFC, 0xF9,
    0xD9, 0xF0, 0xF8, 0xF9, 0xD6, 0xF3, 0xF8, 0xFA, 0xD6, 0xF3, 0xF8, 0xFA, 0xB2, 0xDC, 0xF8, 0xFB,
    0x75, 0x92, 0xD2, 0xFB, 0x9D, 0xA3, 0xCA, 0xFC, 0x9D, 0xA3, 0xCA, 0xFC, 0xF0, 0xF7, 0xFB, 0xFB,
    0xF9, 0xFB, 0xFC, 0xFC, 0xDC, 0xE3, 0xEA, 0xFC, 0xDC, 0xE3, 0xEA, 0xFC, 0x29, 0x2D, 0x7B, 0xFD,
    0x02, 0x0B, 0x97, 0xFC, 0x15, 0x28, 0xBA, 0xFD, 0x28, 0x3A, 0xA0, 0xFD, 0x28, 0x3A, 0xA0, 0xFD,
    0x88, 0x9F, 0xCA, 0xFE, 0xAE, 0xC2, 0xDA, 0xFD, 0x59, 0x6C, 0x8B, 0xFE, 0x59, 0x6C, 0x8B, 0xFE,
    0x40, 0x4F, 0x72, 0xFE, 0xAE, 0xBF, 0xDB, 0xFD, 0xDE, 0xF1, 0xFB, 0xFE, 0xD9, 0xEC, 0xF9, 0xFE,
    0xD9, 0xEC, 0xF9, 0xFE, 0xD7, 0xEB, 0xF6, 0xFD, 0xD7, 0xE8, 0xF5, 0xFE, 0xDA, 0xEF, 0xFA, 0xFD,
    0xDA, 0xEF, 0xFA, 0xFD, 0xD3, 0xED, 0xFA, 0xFD, 0xC4, 0xE7, 0xFA, 0xFD, 0xAC, 0xDE, 0xFA, 0xFD,
    0xAC, 0xDE, 0xFA, 0xFD, 0x91, 0xDB, 0xFA, 0xFD, 0x63, 0xBB, 0xF8, 0xFC, 0x3E, 0xA6, 0xFA, 0xFC,
    0x33, 0x9F, 0xFC, 0xFC, 0x33, 0x9F, 0xFC, 0xFC, 0x2F, 0x9F, 0xFC, 0xFA, 0x26, 0x8B, 0xF3, 0xFB,
    0x2B, 0x85, 0xEA, 0xF9, 0x2B, 0x85, 0xEA, 0xF9, 0x15, 0x3E, 0x90, 0xF6, 0x13, 0x1D, 0x50, 0xF8,
    0x8D, 0xB1, 0xCE, 0xFC, 0xA0, 0xDA, 0xF7, 0xFC, 0xA0, 0xDA, 0xF7, 0xFC, 0x74, 0xB5, 0xEE, 0xFD,
    0x64, 0xAA, 0xED, 0xFC, 0x64, 0xAD, 0xF1, 0xFB, 0x64, 0xAD, 0xF1, 0xFB, 0x50, 0xA3, 0xF0, 0xFB,
    0x2D, 0x90, 0xF1, 0xFC, 0x24, 0x90, 0xF9, 0xFB, 0x24, 0x90, 0xF9, 0xFB, 0x1A, 0x83, 0xF5, 0xFB,
    0x17, 0x85, 0xF6, 0xFB, 0x13, 0x80, 0xF4, 0xFC, 0x14, 0x83, 0xF8, 0xFA, 0x14, 0x83, 0xF8, 0xFA,
    0x0F, 0x75, 0xEC, 0xF9, 0x1C, 0x84, 0xF3, 0xF7, 0x1C, 0x7A, 0xE6, 0xF9, 0x1C, 0x7A, 0xE6, 0xF9,
    0x1A, 0x69, 0xC4, 0xFA, 0x0E, 0x36, 0x7B, 0xF2, 0x03, 0x11, 0x47, 0xEF, 0x12, 0x34, 0x74, 0x78,
    0x12, 0x34, 0x74, 0x78, 0x3C, 0x8E, 0xD8, 0x02, 0x2F, 0x82, 0xD0, 0x03, 0x2E, 0x7D, 0xCB, 0x03,
    0x2E, 0x7D, 0xCB, 0x03, 0x31, 0x7F, 0xCC, 0x02, 0x32, 0x7F, 0xCC, 0x01, 0x32, 0x7F, 0xCC, 0x01,
    0x32, 0x7F, 0xCC, 0x01, 0x33, 0x80, 0xCC, 0x01, 0x33, 0x80, 0xCC, 0x01, 0x34, 0x81, 0xCC, 0x01,
    0x34, 0x80, 0xCC, 0x01, 0x34, 0x80, 0xCC, 0x01, 0x33, 0x80, 0xCB, 0x01, 0x00, 0x00, 0x00, 0x00,
    0x00, 0x00, 0x00, 0x00, 0x00, 0x00, 0x00, 0x00, 0x00, 0x00, 0x00, 0x00, 0x00, 0x00, 0x00, 0x00,
    0x00, 0x00, 0x00, 0x00, 0x00, 0x00, 0x00, 0x00, 0x00, 0x00, 0x00, 0x00, 0x00, 0x00, 0x00, 0x00,
    0x00, 0x00, 0x00, 0x00, 0x00, 0x00, 0x00, 0x00, 0x00, 0x00, 0x00, 0x00, 0x00, 0x00, 0x00, 0x00,
    0x00, 0x00, 0x00, 0x00, 0x00, 0x00, 0x00, 0x00, 0x00, 0x00, 0x00, 0x00, 0x00, 0x00, 0x00, 0x00,
    0x00, 0x00, 0x00, 0x00, 0x00, 0x00, 0x00, 0x00, 0x00, 0x00, 0x00, 0x00, 0x00, 0x00, 0x00, 0x00,
    0x00, 0x00, 0x00, 0x00, 0x00, 0x00, 0x00, 0x00, 0x00, 0x00, 0x00, 0x00, 0x00, 0x00, 0x00, 0x00,
    0x00, 0x00, 0x00, 0x00, 0x41, 0x87, 0xCC, 0x01, 0x41, 0x87, 0xCC, 0x01, 0x42, 0x87, 0xCD, 0x02,
    0x42, 0x87, 0xCD, 0x02, 0x44, 0x87, 0xCE, 0x03, 0x44, 0x88, 0xD0, 0x06, 0x42, 0x88, 0xCF, 0x12,
    0x42, 0x88, 0xCF, 0x12, 0x4E, 0x91, 0xD1, 0x2D, 0x30, 0x4E, 0x7F, 0x9A, 0x17, 0x28, 0x47, 0xCC,
    0x2A, 0x45, 0x65, 0xF7, 0x2A, 0x45, 0x65, 0xF7, 0x31, 0x42, 0x5E, 0xF6, 0x51, 0x67, 0x84, 0xF6,
    0xDA, 0xF8, 0xFE, 0xF7, 0xDA, 0xF8, 0xFE, 0xF7, 0xD4, 0xF5, 0xFD, 0xF9, 0xCA, 0xE9, 0xF8, 0xF9,
    0xCD, 0xE6, 0xF5, 0xFA, 0xCB, 0xEC, 0xF7, 0xFA, 0xCB, 0xEC, 0xF7, 0xFA, 0xC4, 0xE9, 0xF9, 0xF8,
    0xB2, 0xCD, 0xF6, 0xF9, 0x71, 0x80, 0xA5, 0xFB, 0x71, 0x80, 0xA5, 0xFB, 0x6A, 0x72, 0x85, 0xFA,
    0xB4, 0xBA, 0xBC, 0xF9, 0xAA, 0xB2, 0xC1, 0xF9, 0xAA, 0xB2, 0xC1, 0xF9, 0x6F, 0x7E, 0xB7, 0xFB,
    0x69, 0x8D, 0xEC, 0xFB, 0x53, 0x76, 0xE9, 0xFB, 0x40, 0x62, 0xCE, 0xFB, 0x40, 0x62, 0xCE, 0xFB,
    0x4B, 0x75, 0xC5, 0xFE, 0x24, 0x3C, 0x7B, 0xFD, 0x2A, 0x32, 0x56, 0xFE, 0x2A, 0x32, 0x56, 0xFE,
    0xE9, 0xF4, 0xF9, 0xFD, 0xE1, 0xEE, 0xF7, 0xFE, 0xAD, 0xC2, 0xDC, 0xFD, 0xC1, 0xD9, 0xF1, 0xFE,
    0xC1, 0xD9, 0xF1, 0xFE, 0xCF, 0xE9, 0xF9, 0xFD, 0xCE, 0xE3, 0xF3, 0xFE, 0xCE, 0xE6, 0xF6, 0xFD,
    0xCE, 0xE6, 0xF6, 0xFD, 0xC4, 0xE2, 0xF6, 0xFD, 0xBE, 0xE7, 0xFC, 0xFC, 0xB1, 0xE8, 0xFB, 0xFC,
    0xB1, 0xE8, 0xFB, 0xFC, 0x92, 0xDB, 0xFA, 0xFC, 0x69, 0xC3, 0xFA, 0xFB, 0x53, 0xBF, 0xFC, 0xFA,
    0x36, 0x99, 0xF9, 0xFC, 0x36, 0x99, 0xF9, 0xFC, 0x2C, 0x7C, 0xDC, 0xFC, 0x10, 0x38, 0x8A, 0xFC,
    0x0B, 0x20, 0x65, 0xFB, 0x0B, 0x20, 0x65, 0xFB, 0x03, 0x0D, 0x41, 0xF3, 0x08, 0x0E, 0x36, 0xFA,
    0x0B, 0x0D, 0x37, 0xFA, 0x38, 0x4F, 0x7F, 0xF5, 0x38, 0x4F, 0x7F, 0xF5, 0x7D, 0xB8, 0xEF, 0xF9,
    0x7A, 0xC5, 0xFB, 0xF9, 0x5E, 0xAD, 0xF9, 0xFA, 0x5E, 0xAD, 0xF9, 0xFA, 0x44, 0x9E, 0xF7, 0xFA,
    0x2D, 0x90, 0xF6, 0xFA, 0x23, 0x92, 0xFA, 0xF8, 0x23, 0x92, 0xFA, 0xF8, 0x1A, 0x87, 0xF9, 0xF8,
    0x17, 0x89, 0xFA, 0xF7, 0x12, 0x81, 0xF7, 0xF8, 0x1A, 0x88, 0xF5, 0xFB, 0x1A, 0x88, 0xF5, 0xFB,
    0x0C, 0x4B, 0xB1, 0xFD, 0x0B, 0x2D, 0x7D, 0xFC, 0x02, 0x0B, 0x47, 0xFC, 0x02, 0x0B, 0x47, 0xFC,
    0x02, 0x0B, 0x3B, 0xED, 0x28, 0x5B, 0x97, 0x68, 0x32, 0x7B, 0xC1, 0x4D, 0x34, 0x7F, 0xC9, 0x12,
    0x34, 0x7F, 0xC9, 0x12, 0x31, 0x80, 0xCD, 0x03, 0x2E, 0x7E, 0xCB, 0x04, 0x32, 0x7F, 0xCD, 0x02,
    0x32, 0x7F, 0xCD, 0x02, 0x32, 0x7F, 0xCD, 0x01, 0x32, 0x80, 0xCC, 0x01, 0x32, 0x7F, 0xCB, 0x01,
    0x32, 0x7F, 0xCB, 0x01, 0x33, 0x80, 0xCB, 0x01, 0x33, 0x81, 0xCB, 0x01, 0x33, 0x81, 0xCB, 0x01,
    0x33, 0x80, 0xCB, 0x01, 0x33, 0x80, 0xCB, 0x01, 0x33, 0x80, 0xCA, 0x01, 0x00, 0x00, 0x00, 0x00,
    0x00, 0x00, 0x00, 0x00, 0x00, 0x00, 0x00, 0x00, 0x00, 0x00, 0x00, 0x00, 0x00, 0x00, 0x00, 0x00,
    0x00, 0x00, 0x00, 0x00, 0x00, 0x00, 0x00, 0x00, 0x00, 0x00, 0x00, 0x00, 0x00, 0x00, 0x00, 0x00,
    0x00, 0x00, 0x00, 0x00, 0x00, 0x00, 0x00, 0x00, 0x00, 0x00, 0x00, 0x00, 0x00, 0x00, 0x00, 0x00,
    0x00, 0x00, 0x00, 0x00, 0x00, 0x00, 0x00, 0x00, 0x00, 0x00, 0x00, 0x00, 0x00, 0x00, 0x00, 0x00,
    0x00, 0x00, 0x00, 0x00, 0x00, 0x00, 0x00, 0x00, 0x00, 0x00, 0x00, 0x00, 0x00, 0x00, 0x00, 0x00,
    0x00, 0x00, 0x00, 0x00, 0x00, 0x00, 0x00, 0x00, 0x00, 0x00, 0x00, 0x00, 0x41, 0x87, 0xCC, 0x01,
    0x41, 0x87, 0xCC, 0x01, 0x41, 0x87, 0xCC, 0x01, 0x41, 0x87, 0xCD, 0x01, 0x41, 0x88, 0xCD, 0x02,
    0x41, 0x88, 0xCD, 0x02, 0x43, 0x88, 0xCD, 0x04, 0x44, 0x88, 0xCF, 0x05, 0x44, 0x88, 0xCF, 0x0D,
    0x44, 0x88, 0xCF, 0x0D, 0x45, 0x8A, 0xD2, 0x0E, 0x49, 0x8E, 0xD4, 0x1F, 0x3B, 0x7D, 0xBC, 0x5B,
    0x30, 0x62, 0x94, 0xCC, 0x30, 0x62, 0x94, 0xCC, 0x12, 0x20, 0x39, 0xD2, 0x17, 0x17, 0x2A, 0xF6,
    0x86, 0x9C, 0xA9, 0xF1, 0x86, 0x9C, 0xA9, 0xF1, 0xAF, 0xD1, 0xDE, 0xF4, 0xBB, 0xE4, 0xF7, 0xF4,
    0xC5, 0xE5, 0xF9, 0xF5, 0xCC, 0xEF, 0xFB, 0xF5, 0xCC, 0xEF, 0xFB, 0xF5, 0xC9, 0xE3, 0xF5, 0xF7,
    0xD0, 0xE5, 0xF8, 0xF6, 0xA3, 0xAE, 0xC5, 0xF5, 0xA3, 0xAE, 0xC5, 0xF5, 0x2F, 0x35, 0x47, 0xF7,
    0x34, 0x3B, 0x49, 0xFA, 0x45, 0x45, 0x5F, 0xF7, 0x45, 0x45, 0x5F, 0xF7, 0x73, 0x80, 0xA2, 0xF7,
    0x7E, 0x96, 0xBE, 0xF5, 0x74, 0x89, 0xBF, 0xF8, 0x6A, 0x83, 0xBB, 0xF7, 0x6A, 0x83, 0xBB, 0xF7,
    0x72, 0x95, 0xC6, 0xF8, 0x48, 0x5E, 0x87, 0xF9, 0x24, 0x20, 0x34, 0xFD, 0x24, 0x20, 0x34, 0xFD,
    0xCD, 0xC9, 0xC5, 0xFC, 0xF4, 0xF8, 0xF9, 0xFE, 0xD4, 0xE7, 0xF4, 0xFD, 0xC8, 0xE3, 0xFA, 0xFE,
    0xC8, 0xE3, 0xFA, 0xFE, 0xD9, 0xF8, 0xFE, 0xFE, 0xD3, 0xEC, 0xFD, 0xFE, 0xD0, 0xE8, 0xFC, 0xFE,
    0xD0, 0xE8, 0xFC, 0xFE, 0xC2, 0xE5, 0xFC, 0xFE, 0x9B, 0xCE, 0xF5, 0xFE, 0x71, 0xAC, 0xE6, 0xFD,
    0x71, 0xAC, 0xE6, 0xFD, 0x63, 0xA8, 0xEB, 0xFB, 0x4E, 0x95, 0xDE, 0xFB, 0x42, 0x8B, 0xD5, 0xF5,
    0x23, 0x52, 0x9A, 0xF8, 0x23, 0x52, 0x9A, 0xF8, 0x14, 0x37, 0x74, 0xF0, 0x09, 0x1A, 0x53, 0xCF,
    0x16, 0x28, 0x60, 0xC8, 0x16, 0x28, 0x60, 0xC8, 0x1F, 0x3C, 0x76, 0xB3, 0x31, 0x5E, 0x96, 0xD3,
    0x24, 0x3D, 0x75, 0xE6, 0x1A, 0x30, 0x58, 0xF4, 0x1A, 0x30, 0x58, 0xF4, 0x34, 0x4E, 0x74, 0xFC,
    0x40, 0x65, 0x95, 0xF7, 0x36, 0x5F, 0x99, 0xF9, 0x36, 0x5F, 0x99, 0xF9, 0x33, 0x68, 0xA9, 0xF7,
    0x29, 0x6A, 0xB6, 0xF8, 0x29, 0x74, 0xC7, 0xF7, 0x29, 0x74, 0xC7, 0xF7, 0x26, 0x72, 0xCC, 0xF7,
    0x25, 0x77, 0xCF, 0xF6, 0x19, 0x5E, 0xB4, 0xF7, 0x10, 0x43, 0x92, 0xF2, 0x10, 0x43, 0x92, 0xF2,
    0x0E, 0x37, 0x7C, 0xD6, 0x19, 0x3E, 0x79, 0xD3, 0x1C, 0x3E, 0x7F, 0xCF, 0x1C, 0x3E, 0x7F, 0xCF,
    0x2D, 0x66, 0xB1, 0x84, 0x31, 0x83, 0xD1, 0x17, 0x2B, 0x80, 0xCD, 0x0E, 0x2F, 0x80, 0xCC, 0x07,
    0x2F, 0x80, 0xCC, 0x07, 0x32, 0x80, 0xCE, 0x02, 0x33, 0x80, 0xCD, 0x02, 0x32, 0x7F, 0xCC, 0x01,
    0x32, 0x7F, 0xCC, 0x01, 0x32, 0x80, 0xCC, 0x01, 0x32, 0x80, 0xCB, 0x01, 0x33, 0x7F, 0xCB, 0x01,
    0x33, 0x7F, 0xCB, 0x01, 0x33, 0x80, 0xCB, 0x01, 0x33, 0x80, 0xCA, 0x01, 0x33, 0x80, 0xCB, 0x01,
    0x34, 0x7F, 0xCA, 0x01, 0x34, 0x7F, 0xCA, 0x01, 0x35, 0x81, 0xCB, 0x01, 0x00, 0x00, 0x00, 0x00,
    0x00, 0x00, 0x00, 0x00, 0x00, 0x00, 0x00, 0x00, 0x00, 0x00, 0x00, 0x00, 0x00, 0x00, 0x00, 0x00,
    0x00, 0x00, 0x00, 0x00, 0x00, 0x00, 0x00, 0x00, 0x00, 0x00, 0x00, 0x00, 0x00, 0x00, 0x00, 0x00,
    0x00, 0x00, 0x00, 0x00, 0x00, 0x00, 0x00, 0x00, 0x00, 0x00, 0x00, 0x00, 0x00, 0x00, 0x00, 0x00,
    0x00, 0x00, 0x00, 0x00, 0x00, 0x00, 0x00, 0x00, 0x00, 0x00, 0x00, 0x00, 0x00, 0x00, 0x00, 0x00,
    0x00, 0x00, 0x00, 0x00, 0x00, 0x00, 0x00, 0x00, 0x00, 0x00, 0x00, 0x00, 0x00, 0x00, 0x00, 0x00,
    0x00, 0x00, 0x00, 0x00, 0x00, 0x00, 0x00, 0x00, 0x00, 0x00, 0x00, 0x00, 0x41, 0x87, 0xCC, 0x01,
    0x41, 0x87, 0xCC, 0x01, 0x41, 0x88, 0xCC, 0x01, 0x42, 0x88, 0xCD, 0x02, 0x42, 0x88, 0xCD, 0x02,
    0x42, 0x88, 0xCD, 0x02, 0x43, 0x88, 0xCE, 0x02, 0x44, 0x89, 0xCE, 0x04, 0x46, 0x8A, 0xCF, 0x07,
    0x46, 0x8A, 0xCF, 0x07, 0x46, 0x8A, 0xD0, 0x07, 0x44, 0x8A, 0xD1, 0x0E, 0x3F, 0x8C, 0xD2, 0x12,
    0x40, 0x90, 0xD4, 0x2E, 0x40, 0x90, 0xD4, 0x2E, 0x38, 0x81, 0xC0, 0x4C, 0x3C, 0x6D, 0x9E, 0xCD,
    0x0F, 0x20, 0x35, 0xD8, 0x0F, 0x20, 0x35, 0xD8, 0x12, 0x16, 0x1E, 0xEC, 0x1E, 0x2A, 0x38, 0xF4,
    0x21, 0x2C, 0x3D, 0xF6, 0x29, 0x37, 0x43, 0xF5, 0x29, 0x37, 0x43, 0xF5, 0x26, 0x2A, 0x35, 0xF8,
    0x1C, 0x1D, 0x28, 0xF7, 0x13, 0x10, 0x26, 0xF7, 0x13, 0x10, 0x26, 0xF7, 0x18, 0x27, 0x41, 0xF4,
    0x24, 0x3D, 0x5D, 0xEA, 0x1F, 0x2D, 0x53, 0xEA, 0x1F, 0x2D, 0x53, 0xEA, 0x10, 0x1E, 0x3B, 0xE8,
    0x11, 0x22, 0x35, 0xEC, 0x15, 0x21, 0x38, 0xF1, 0x15, 0x22, 0x39, 0xF1, 0x15, 0x22, 0x39, 0xF1,
    0x13, 0x1B, 0x31, 0xF8, 0x1C, 0x26, 0x42, 0xFC, 0x12, 0x1D, 0x2D, 0xFE, 0x12, 0x1D, 0x2D, 0xFE,
    0x37, 0x35, 0x35, 0xFE, 0xB6, 0xB8, 0xB7, 0xFD, 0xA9, 0xBC, 0xC3, 0xFC, 0x74, 0x83, 0x9A, 0xFD,
    0x74, 0x83, 0x9A, 0xFD, 0x8F, 0xA5, 0xBC, 0xFC, 0xC1, 0xD6, 0xEA, 0xFC, 0xD0, 0xE5, 0xF5, 0xFA,
    0xD0, 0xE5, 0xF5, 0xFA, 0xCA, 0xE7, 0xF7, 0xFB, 0x8C, 0xB3, 0xD3, 0xF9, 0x23, 0x43, 0x77, 0xF9,
    0x23, 0x43, 0x77, 0xF9, 0x15, 0x30, 0x6B, 0xF8, 0x0E, 0x1E, 0x55, 0xFC, 0x07, 0x0F, 0x3A, 0xF5,
    0x11, 0x1E, 0x4E, 0xDE, 0x11, 0x1E, 0x4E, 0xDE, 0x3D, 0x75, 0xAC, 0x9D, 0x49, 0x90, 0xCF, 0x45,
    0x4C, 0x8F, 0xD6, 0x35, 0x4C, 0x8F, 0xD6, 0x35, 0x49, 0x91, 0xD7, 0x1F, 0x49, 0x9E, 0xE1, 0x32,
    0x46, 0x91, 0xD9, 0x55, 0x3C, 0x76, 0xB6, 0xB2, 0x3C, 0x76, 0xB6, 0xB2, 0x06, 0x13, 0x3D, 0xDB,
    0x02, 0x05, 0x1C, 0xE3, 0x02, 0x04, 0x13, 0xEE, 0x02, 0x04, 0x13, 0xEE, 0x03, 0x08, 0x18, 0xF0,
    0x02, 0x07, 0x18, 0xF2, 0x03, 0x0E, 0x25, 0xF1, 0x03, 0x0E, 0x25, 0xF1, 0x02, 0x0A, 0x26, 0xF1,
    0x03, 0x13, 0x37, 0xEC, 0x04, 0x19, 0x46, 0xE5, 0x1B, 0x46, 0x82, 0xC3, 0x1B, 0x46, 0x82, 0xC3,
    0x3A, 0x85, 0xC9, 0x48, 0x39, 0x8F, 0xDB, 0x34, 0x32, 0x87, 0xD8, 0x2D, 0x32, 0x87, 0xD8, 0x2D,
    0x2F, 0x84, 0xD5, 0x10, 0x2E, 0x7E, 0xCC, 0x05, 0x32, 0x81, 0xCC, 0x06, 0x32, 0x80, 0xCC, 0x03,
    0x32, 0x80, 0xCC, 0x03, 0x33, 0x80, 0xCD, 0x01, 0x32, 0x80, 0xCC, 0x01, 0x32, 0x80, 0xCC, 0x01,
    0x32, 0x80, 0xCC, 0x01, 0x32, 0x7F, 0xCC, 0x01, 0x32, 0x7F, 0xCB, 0x01, 0x33, 0x7F, 0xCB, 0x01,
    0x33, 0x7F, 0xCB, 0x01, 0x33, 0x7F, 0xCA, 0x01, 0x33, 0x7F, 0xCA, 0x01, 0x33, 0x80, 0xCB, 0x01,
    0x34, 0x7F, 0xCB, 0x01, 0x34, 0x7F, 0xCB, 0x01, 0x00, 0x00, 0x00, 0x00, 0x00, 0x00, 0x00, 0x00,
    0x00, 0x00, 0x00, 0x00, 0x00, 0x00, 0x00, 0x00, 0x00, 0x00, 0x00, 0x00, 0x00, 0x00, 0x00, 0x00,
    0x00, 0x00, 0x00, 0x00, 0x00, 0x00, 0x00, 0x00, 0x00, 0x00, 0x00, 0x00, 0x00, 0x00, 0x00, 0x00,
    0x00, 0x00, 0x00, 0x00, 0x00, 0x00, 0x00, 0x00, 0x00, 0x00, 0x00, 0x00, 0x00, 0x00, 0x00, 0x00,
    0x00, 0x00, 0x00, 0x00, 0x00, 0x00, 0x00, 0x00, 0x00, 0x00, 0x00, 0x00, 0x00, 0x00, 0x00, 0x00,
    0x00, 0x00, 0x00, 0x00, 0x00, 0x00, 0x00, 0x00, 0x00, 0x00, 0x00, 0x00, 0x00, 0x00, 0x00, 0x00,
    0x00, 0x00, 0x00, 0x00, 0x00, 0x00, 0x00, 0x00, 0x00, 0x00, 0x00, 0x00, 0x41, 0x87, 0xCC, 0x01,
    0x41, 0x87, 0xCC, 0x01, 0x41, 0x88, 0xCC, 0x01, 0x42, 0x88, 0xCD, 0x02, 0x42, 0x88, 0xCD, 0x02,
    0x42, 0x88, 0xCD, 0x02, 0x43, 0x88, 0xCE, 0x02, 0x44, 0x89, 0xCE, 0x04, 0x46, 0x8A, 0xCF, 0x07,
    0x46, 0x8A, 0xCF, 0x07, 0x46, 0x8A, 0xD0, 0x07, 0x44, 0x8A, 0xD1, 0x0E, 0x3F, 0x8C, 0xD2, 0x12,
    0x40, 0x90, 0xD4, 0x2E, 0x40, 0x90, 0xD4, 0x2E, 0x38, 0x81, 0xC0, 0x4C, 0x3C, 0x6D, 0x9E, 0xCD,
    0x0F, 0x20, 0x35, 0xD8, 0x0F, 0x20, 0x35, 0xD8, 0x12, 0x16, 0x1E, 0xEC, 0x1E, 0x2A, 0x38, 0xF4,
    0x21, 0x2C, 0x3D, 0xF6, 0x29, 0x37, 0x43, 0xF5, 0x29, 0x37, 0x43, 0xF5, 0x26, 0x2A, 0x35, 0xF8,
    0x1C, 0x1D, 0x28, 0xF7, 0x13, 0x10, 0x26, 0xF7, 0x13, 0x10, 0x26, 0xF7, 0x18, 0x27, 0x41, 0xF4,
    0x24, 0x3D, 0x5D, 0xEA, 0x1F, 0x2D, 0x53, 0xEA, 0x1F, 0x2D, 0x53, 0xEA, 0x10, 0x1E, 0x3B, 0xE8,
    0x11, 0x22, 0x35, 0xEC, 0x15, 0x21, 0x38, 0xF1, 0x15, 0x22, 0x39, 0xF1, 0x15, 0x22, 0x39, 0xF1,
    0x13, 0x1B, 0x31, 0xF8, 0x1C, 0x26, 0x42, 0xFC, 0x12, 0x1D, 0x2D, 0xFE, 0x12, 0x1D, 0x2D, 0xFE,
    0x37, 0x35, 0x35, 0xFE, 0xB6, 0xB8, 0xB7, 0xFD, 0xA9, 0xBC, 0xC3, 0xFC, 0x74, 0x83, 0x9A, 0xFD,
    0x74, 0x83, 0x9A, 0xFD, 0x8F, 0xA5, 0xBC, 0xFC, 0xC1, 0xD6, 0xEA, 0xFC, 0xD0, 0xE5, 0xF5, 0xFA,
    0xD0, 0xE5, 0xF5, 0xFA, 0xCA, 0xE7, 0xF7, 0xFB, 0x8C, 0xB3, 0xD3, 0xF9, 0x23, 0x43, 0x77, 0xF9,
    0x23, 0x43, 0x77, 0xF9, 0x15, 0x30, 0x6B, 0xF8, 0x0E, 0x1E, 0x55, 0xFC, 0x07, 0x0F, 0x3A, 0xF5,
    0x11, 0x1E, 0x4E, 0xDE, 0x11, 0x1E, 0x4E, 0xDE, 0x3D, 0x75, 0xAC, 0x9D, 0x49, 0x90, 0xCF, 0x45,
    0x4C, 0x8F, 0xD6, 0x35, 0x4C, 0x8F, 0xD6, 0x35, 0x49, 0x91, 0xD7, 0x1F, 0x49, 0x9E, 0xE1, 0x32,
    0x46, 0x91, 0xD9, 0x55, 0x3C, 0x76, 0xB6, 0xB2, 0x3C, 0x76, 0xB6, 0xB2, 0x06, 0x13, 0x3D, 0xDB,
    0x02, 0x05, 0x1C, 0xE3, 0x02, 0x04, 0x13, 0xEE, 0x02, 0x04, 0x13, 0xEE, 0x03, 0x08, 0x18, 0xF0,
    0x02, 0x07, 0x18, 0xF2, 0x03, 0x0E, 0x25, 0xF1, 0x03, 0x0E, 0x25, 0xF1, 0x02, 0x0A, 0x26, 0xF1,
    0x03, 0x13, 0x37, 0xEC, 0x04, 0x19, 0x46, 0xE5, 0x1B, 0x46, 0x82, 0xC3, 0x1B, 0x46, 0x82, 0xC3,
    0x3A, 0x85, 0xC9, 0x48, 0x39, 0x8F, 0xDB, 0x34, 0x32, 0x87, 0xD8, 0x2D, 0x32, 0x87, 0xD8, 0x2D,
    0x2F, 0x84, 0xD5, 0x10, 0x2E, 0x7E, 0xCC, 0x05, 0x32, 0x81, 0xCC, 0x06, 0x32, 0x80, 0xCC, 0x03,
    0x32, 0x80, 0xCC, 0x03, 0x33, 0x80, 0xCD, 0x01, 0x32, 0x80, 0xCC, 0x01, 0x32, 0x80, 0xCC, 0x01,
    0x32, 0x80, 0xCC, 0x01, 0x32, 0x7F, 0xCC, 0x01, 0x32, 0x7F, 0xCB, 0x01, 0x33, 0x7F, 0xCB, 0x01,
    0x33, 0x7F, 0xCB, 0x01, 0x33, 0x7F, 0xCA, 0x01, 0x33, 0x7F, 0xCA, 0x01, 0x33, 0x80, 0xCB, 0x01,
    0x34, 0x7F, 0xCB, 0x01, 0x34, 0x7F, 0xCB, 0x01, 0x00, 0x00, 0x00, 0x00, 0x00, 0x00, 0x00, 0x00,
    0x00, 0x00, 0x00, 0x00, 0x00, 0x00, 0x00, 0x00, 0x00, 0x00, 0x00, 0x00, 0x00, 0x00, 0x00, 0x00,
    0x00, 0x00, 0x00, 0x00, 0x00, 0x00, 0x00, 0x00, 0x00, 0x00, 0x00, 0x00, 0x00, 0x00, 0x00, 0x00,
    0x00, 0x00, 0x00, 0x00, 0x00, 0x00, 0x00, 0x00, 0x00, 0x00, 0x00, 0x00, 0x00, 0x00, 0x00, 0x00,
    0x00, 0x00, 0x00, 0x00, 0x00, 0x00, 0x00, 0x00, 0x00, 0x00, 0x00, 0x00, 0x00, 0x00, 0x00, 0x00,
    0x00, 0x00, 0x00, 0x00, 0x00, 0x00, 0x00, 0x00, 0x00, 0x00, 0x00, 0x00, 0x00, 0x00, 0x00, 0x00,
    0x00, 0x00, 0x00, 0x00, 0x00, 0x00, 0x00, 0x00, 0x00, 0x00, 0x00, 0x00, 0x00, 0x00, 0x00, 0x00,
    0x00, 0x00, 0x00, 0x00, 0x42, 0x88, 0xCC, 0x01, 0x43, 0x88, 0xCD, 0x01, 0x43, 0x88, 0xCD, 0x01,
    0x43, 0x88, 0xCD, 0x01, 0x44, 0x89, 0xCE, 0x03, 0x45, 0x8A, 0xCF, 0x04, 0x46, 0x8B, 0xCF, 0x05,
    0x46, 0x8B, 0xCF, 0x05, 0x48, 0x8C, 0xD0, 0x04, 0x47, 0x8C, 0xCF, 0x06, 0x46, 0x8C, 0xCF, 0x08,
    0x45, 0x8C, 0xCE, 0x0D, 0x45, 0x8C, 0xCE, 0x0D, 0x3E, 0x88, 0xCC, 0x11, 0x47, 0x8D, 0xD4, 0x45,
    0x38, 0x66, 0x9D, 0x6A, 0x38, 0x66, 0x9D, 0x6A, 0x26, 0x43, 0x66, 0x95, 0x22, 0x3E, 0x5F, 0xA7,
    0x1A, 0x31, 0x57, 0xAC, 0x16, 0x33, 0x58, 0xAA, 0x16, 0x33, 0x58, 0xAA, 0x15, 0x31, 0x58, 0xAC,
    0x1E, 0x3C, 0x66, 0x9A, 0x20, 0x3C, 0x70, 0x8B, 0x20, 0x3C, 0x70, 0x8B, 0x30, 0x60, 0x98, 0x82,
    0x42, 0x7D, 0xBA, 0x52, 0x4C, 0x84, 0xC1, 0x50, 0x4C, 0x84, 0xC1, 0x50, 0x51, 0x8C, 0xC3, 0x46,
    0x57, 0x95, 0xC3, 0x46, 0x57, 0x90, 0xC0, 0x4E, 0x56, 0x92, 0xC2, 0x52, 0x56, 0x92, 0xC2, 0x52,
    0x55, 0x8F, 0xC2, 0x6A, 0x4E, 0x8B, 0xC1, 0x81, 0x49, 0x86, 0xB5, 0xA9, 0x49, 0x86, 0xB5, 0xA9,
    0x28, 0x49, 0x65, 0xF0, 0x09, 0x0F, 0x1E, 0xFB, 0x07, 0x08, 0x16, 0xFB, 0x08, 0x06, 0x12, 0xFD,
    0x08, 0x06, 0x12, 0xFD, 0x0D, 0x13, 0x23, 0xFD, 0x12, 0x1C, 0x2E, 0xFD, 0x1A, 0x22, 0x33, 0xFC,
    0x1A, 0x22, 0x33, 0xFC, 0x1B, 0x22, 0x31, 0xFD, 0x18, 0x22, 0x38, 0xF9, 0x18, 0x27, 0x4E, 0xF2,
    0x18, 0x27, 0x4E, 0xF2, 0x36, 0x62, 0x96, 0xD8, 0x2D, 0x5E, 0x97, 0x97, 0x2C, 0x58, 0x92, 0x76,
    0x44, 0x7B, 0xBF, 0x56, 0x44, 0x7B, 0xBF, 0x56, 0x4D, 0x9B, 0xE3, 0x21, 0x40, 0x8F, 0xD7, 0x08,
    0x44, 0x8E, 0xD7, 0x05, 0x44, 0x8E, 0xD7, 0x05, 0x41, 0x89, 0xD2, 0x08, 0x40, 0x8A, 0xD4, 0x0A,
    0x40, 0x88, 0xD4, 0x0C, 0x41, 0x86, 0xD3, 0x1F, 0x41, 0x86, 0xD3, 0x1F, 0x38, 0x75, 0xBF, 0x2D,
    0x3A, 0x76, 0xBB, 0x39, 0x37, 0x73, 0xB4, 0x47, 0x37, 0x73, 0xB4, 0x47, 0x38, 0x74, 0xB1, 0x4D,
    0x35, 0x71, 0xAE, 0x50, 0x36, 0x73, 0xAF, 0x4F, 0x36, 0x73, 0xAF, 0x4F, 0x36, 0x6E, 0xB0, 0x4F,
    0x35, 0x75, 0xB6, 0x48, 0x36, 0x7A, 0xC0, 0x3C, 0x3A, 0x86, 0xCF, 0x2C, 0x3A, 0x86, 0xCF, 0x2C,
    0x34, 0x82, 0xCB, 0x0E, 0x32, 0x81, 0xCC, 0x07, 0x32, 0x82, 0xCD, 0x05, 0x32, 0x82, 0xCD, 0x05,
    0x32, 0x81, 0xCE, 0x05, 0x34, 0x82, 0xCE, 0x04, 0x34, 0x81, 0xCD, 0x03, 0x34, 0x81, 0xCD, 0x02,
    0x34, 0x81, 0xCD, 0x02, 0x34, 0x80, 0xCD, 0x01, 0x34, 0x80, 0xCC, 0x01, 0x34, 0x80, 0xCC, 0x01,
    0x34, 0x80, 0xCC, 0x01, 0x33, 0x7F, 0xCB, 0x01, 0x33, 0x7F, 0xCB, 0x01, 0x33, 0x7F, 0xCB, 0x01,
    0x33, 0x7F, 0xCB, 0x01, 0x33, 0x7F, 0xCA, 0x01, 0x34, 0x7F, 0xCA, 0x01, 0x34, 0x80, 0xCB, 0x01,
    0x35, 0x7F, 0xCB, 0x01, 0x35, 0x7F, 0xCB, 0x01, 0x35, 0x80, 0xCB, 0x01, 0x00, 0x00, 0x00, 0x00,
    0x00, 0x00, 0x00, 0x00, 0x00, 0x00, 0x00, 0x00, 0x00, 0x00, 0x00, 0x00, 0x00, 0x00, 0x00, 0x00,
    0x00, 0x00, 0x00, 0x00, 0x00, 0x00, 0x00, 0x00, 0x00, 0x00, 0x00, 0x00, 0x00, 0x00, 0x00, 0x00,
    0x00, 0x00, 0x00, 0x00, 0x00, 0x00, 0x00, 0x00, 0x00, 0x00, 0x00, 0x00, 0x00, 0x00, 0x00, 0x00,
    0x00, 0x00, 0x00, 0x00, 0x00, 0x00, 0x00, 0x00, 0x00, 0x00, 0x00, 0x00, 0x00, 0x00, 0x00, 0x00,
    0x00, 0x00, 0x00, 0x00, 0x00, 0x00, 0x00, 0x00, 0x00, 0x00, 0x00, 0x00, 0x00, 0x00, 0x00, 0x00,
    0x00, 0x00, 0x00, 0x00, 0x00, 0x00, 0x00, 0x00, 0x00, 0x00, 0x00, 0x00, 0x00, 0x00, 0x00, 0x00,
    0x00, 0x00, 0x00, 0x00, 0x42, 0x89, 0xCC, 0x01, 0x42, 0x89, 0xCC, 0x01, 0x43, 0x89, 0xCD, 0x01,
    0x43, 0x89, 0xCD, 0x01, 0x44, 0x8A, 0xCE, 0x02, 0x46, 0x8B, 0xCE, 0x02, 0x46, 0x8C, 0xCE, 0x01,
    0x46, 0x8C, 0xCE, 0x01, 0x47, 0x8C, 0xCE, 0x02, 0x47, 0x8C, 0xCE, 0x03, 0x48, 0x8D, 0xCD, 0x02,
    0x49, 0x8C, 0xCD, 0x04, 0x49, 0x8C, 0xCD, 0x04, 0x44, 0x8E, 0xCD, 0x03, 0x41, 0x89, 0xCB, 0x03,
    0x44, 0x89, 0xCA, 0x0B, 0x44, 0x89, 0xCA, 0x0B, 0x43, 0x89, 0xC8, 0x10, 0x45, 0x89, 0xC9, 0x13,
    0x46, 0x8A, 0xC9, 0x16, 0x48, 0x8F, 0xCB, 0x13, 0x48, 0x8F, 0xCB, 0x13, 0x45, 0x8D, 0xC9, 0x12,
    0x47, 0x90, 0xCC, 0x10, 0x49, 0x8D, 0xCA, 0x08, 0x49, 0x8D, 0xCA, 0x08, 0x48, 0x8F, 0xCC, 0x0C,
    0x49, 0x8D, 0xCB, 0x04, 0x4C, 0x8F, 0xCE, 0x03, 0x4C, 0x8F, 0xCE, 0x03, 0x4B, 0x8E, 0xCE, 0x01,
    0x4C, 0x8F, 0xCE, 0x01, 0x4B, 0x8E, 0xCD, 0x01, 0x4A, 0x90, 0xCD, 0x01, 0x4A, 0x90, 0xCD, 0x01,
    0x48, 0x8F, 0xCE, 0x02, 0x48, 0x90, 0xD0, 0x04, 0x45, 0x8D, 0xD0, 0x15, 0x45, 0x8D, 0xD0, 0x15,
    0x3A, 0x77, 0xB4, 0x5D, 0x32, 0x61, 0x93, 0x78, 0x33, 0x62, 0x8F, 0x8F, 0x31, 0x5D, 0x8F, 0xA1,
    0x31, 0x5D, 0x8F, 0xA1, 0x31, 0x5E, 0x8D, 0xA5, 0x29, 0x51, 0x81, 0xA8, 0x27, 0x4E, 0x7B, 0xA3,
    0x27, 0x4E, 0x7B, 0xA3, 0x25, 0x4B, 0x79, 0xA1, 0x2B, 0x56, 0x88, 0x88, 0x2F, 0x63, 0xA3, 0x7D,
    0x2F, 0x63, 0xA3, 0x7D, 0x3F, 0x8A, 0xD0, 0x5C, 0x3F, 0x94, 0xDB, 0x12, 0x46, 0x93, 0xDB, 0x06,
    0x44, 0x8D, 0xD5, 0x04, 0x44, 0x8D, 0xD5, 0x04, 0x41, 0x8A, 0xD2, 0x01, 0x40, 0x8A, 0xD1, 0x05,
    0x41, 0x8A, 0xD3, 0x03, 0x41, 0x8A, 0xD3, 0x03, 0x41, 0x8B, 0xD2, 0x04, 0x42, 0x89, 0xD1, 0x02,
    0x41, 0x8A, 0xD0, 0x03, 0x3F, 0x8A, 0xD0, 0x02, 0x3F, 0x8A, 0xD0, 0x02, 0x3E, 0x89, 0xD1, 0x03,
    0x3C, 0x88, 0xD3, 0x03, 0x39, 0x89, 0xD4, 0x04, 0x39, 0x89, 0xD4, 0x04, 0x3A, 0x88, 0xD4, 0x03,
    0x38, 0x88, 0xD4, 0x03, 0x39, 0x8A, 0xD5, 0x02, 0x39, 0x8A, 0xD5, 0x02, 0x39, 0x89, 0xD6, 0x03,
    0x38, 0x88, 0xD6, 0x03, 0x37, 0x87, 0xD2, 0x04, 0x36, 0x84, 0xCF, 0x04, 0x36, 0x84, 0xCF, 0x04,
    0x36, 0x84, 0xCD, 0x05, 0x37, 0x84, 0xCE, 0x04, 0x36, 0x82, 0xCD, 0x05, 0x36, 0x82, 0xCD, 0x05,
    0x35, 0x82, 0xCE, 0x03, 0x34, 0x81, 0xCE, 0x03, 0x34, 0x82, 0xCE, 0x01, 0x33, 0x81, 0xCD, 0x01,
    0x33, 0x81, 0xCD, 0x01, 0x34, 0x80, 0xCC, 0x01, 0x34, 0x80, 0xCC, 0x01, 0x33, 0x80, 0xCB, 0x01,
    0x33, 0x80, 0xCB, 0x01, 0x33, 0x7F, 0xCB, 0x01, 0x33, 0x7F, 0xCB, 0x01, 0x33, 0x7F, 0xCA, 0x01,
    0x33, 0x7F, 0xCA, 0x01, 0x00, 0x00, 0x00, 0x00, 0x00, 0x00, 0x00, 0x00, 0x00, 0x00, 0x00, 0x00,
    0x00, 0x00, 0x00, 0x00, 0x00, 0x00, 0x00, 0x00, 0x00, 0x00, 0x00, 0x00, 0x00, 0x00, 0x00, 0x00,
    0x00, 0x00, 0x00, 0x00, 0x00, 0x00, 0x00, 0x00, 0x00, 0x00, 0x00, 0x00, 0x00, 0x00, 0x00, 0x00,
    0x00, 0x00, 0x00, 0x00, 0x00, 0x00, 0x00, 0x00, 0x00, 0x00, 0x00, 0x00, 0x00, 0x00, 0x00, 0x00,
    0x00, 0x00, 0x00, 0x00, 0x00, 0x00, 0x00, 0x00, 0x00, 0x00, 0x00, 0x00, 0x00, 0x00, 0x00, 0x00,
    0x00, 0x00, 0x00, 0x00, 0x00, 0x00, 0x00, 0x00, 0x00, 0x00, 0x00, 0x00, 0x00, 0x00, 0x00, 0x00,
    0x00, 0x00, 0x00, 0x00, 0x00, 0x00, 0x00, 0x00, 0x00, 0x00, 0x00, 0x00, 0x00, 0x00, 0x00, 0x00,
    0x00, 0x00, 0x00, 0x00, 0x00, 0x00, 0x00, 0x00, 0x00, 0x00, 0x00, 0x00, 0x00, 0x00, 0x00, 0x00,
    0x00, 0x00, 0x00, 0x00, 0x00, 0x00, 0x00, 0x00, 0x43, 0x89, 0xCC, 0x01, 0x44, 0x8A, 0xCD, 0x01,
    0x44, 0x8A, 0xCD, 0x01, 0x45, 0x8A, 0xCD, 0x01, 0x45, 0x8B, 0xCD, 0x01, 0x46, 0x8B, 0xCE, 0x02,
    0x46, 0x8B, 0xCE, 0x02, 0x47, 0x8C, 0xCE, 0x01, 0x47, 0x8C, 0xCD, 0x01, 0x48, 0x8D, 0xCD, 0x02,
    0x49, 0x8E, 0xCE, 0x02, 0x49, 0x8E, 0xCE, 0x02, 0x48, 0x8E, 0xCE, 0x02, 0x47, 0x8B, 0xCC, 0x02,
    0x47, 0x8C, 0xCB, 0x02, 0x47, 0x8C, 0xCB, 0x02, 0x46, 0x8C, 0xCA, 0x01, 0x48, 0x8C, 0xCD, 0x01,
    0x47, 0x8E, 0xCD, 0x01, 0x49, 0x8F, 0xCD, 0x01, 0x49, 0x8F, 0xCD, 0x01, 0x4A, 0x8F, 0xCC, 0x01,
    0x4B, 0x8F, 0xCC, 0x02, 0x4C, 0x91, 0xCD, 0x02, 0x4C, 0x91, 0xCD, 0x02, 0x4C, 0x90, 0xCD, 0x02,
    0x4B, 0x90, 0xCD, 0x04, 0x4D, 0x90, 0xCE, 0x03, 0x4D, 0x90, 0xCE, 0x03, 0x4D, 0x8F, 0xCD, 0x03,
    0x4E, 0x90, 0xCF, 0x03, 0x4E, 0x90, 0xCE, 0x03, 0x4E, 0x90, 0xCE, 0x03, 0x4E, 0x90, 0xCE, 0x03,
    0x4E, 0x91, 0xCD, 0x02, 0x4D, 0x8F, 0xCE, 0x02, 0x00, 0x00, 0x00, 0x00, 0x00, 0x00, 0x00, 0x00,
    0x00, 0x00, 0x00, 0x00, 0x00, 0x00, 0x00, 0x00, 0x4B, 0x93, 0xD3, 0x01, 0x48, 0x8F, 0xD2, 0x02,
    0x48, 0x8F, 0xD2, 0x02, 0x4A, 0x90, 0xD3, 0x02, 0x4C, 0x90, 0xD2, 0x03, 0x4C, 0x92, 0xD5, 0x02,
    0x4C, 0x92, 0xD5, 0x02, 0x4A, 0x92, 0xD6, 0x03, 0x49, 0x93, 0xD8, 0x01, 0x45, 0x8D, 0xD5, 0x01,
    0x45, 0x8D, 0xD5, 0x01, 0x44, 0x88, 0xD2, 0x01, 0x42, 0x8A, 0xD0, 0x01, 0x42, 0x8A, 0xCF, 0x03,
    0x43, 0x8A, 0xD0, 0x04, 0x43, 0x8A, 0xD0, 0x04, 0x45, 0x8B, 0xD1, 0x03, 0x43, 0x8B, 0xD0, 0x02,
    0x42, 0x89, 0xD0, 0x01, 0x42, 0x89, 0xD0, 0x01, 0x42, 0x8A, 0xD0, 0x01, 0x42, 0x8A, 0xCF, 0x01,
    0x42, 0x8A, 0xCE, 0x02, 0x40, 0x89, 0xCF, 0x01, 0x40, 0x89, 0xCF, 0x01, 0x3D, 0x87, 0xCE, 0x02,
    0x3D, 0x85, 0xCE, 0x01, 0x3B, 0x86, 0xCE, 0x01, 0x3B, 0x86, 0xCE, 0x01, 0x3B, 0x86, 0xCE, 0x02,
    0x3B, 0x86, 0xCE, 0x02, 0x3C, 0x86, 0xCF, 0x02, 0x3C, 0x86, 0xCF, 0x02, 0x3A, 0x86, 0xCF, 0x02,
    0x3A, 0x85, 0xCE, 0x02, 0x39, 0x85, 0xCE, 0x02, 0x38, 0x84, 0xCD, 0x03, 0x38, 0x84, 0xCD, 0x03,
    0x37, 0x83, 0xCD, 0x02, 0x37, 0x83, 0xCD, 0x01, 0x37, 0x82, 0xCC, 0x01, 0x37, 0x82, 0xCC, 0x01,
    0x36, 0x81, 0xCC, 0x01, 0x36, 0x81, 0xCC, 0x01, 0x35, 0x81, 0xCC, 0x01, 0x34, 0x80, 0xCC, 0x01,
    0x34, 0x80, 0xCC, 0x01, 0x34, 0x80, 0xCB, 0x01, 0x00, 0x00, 0x00, 0x00, 0x00, 0x00, 0x00, 0x00,
    0x00, 0x00, 0x00, 0x00, 0x00, 0x00, 0x00, 0x00, 0x00, 0x00, 0x00, 0x00, 0x00, 0x00, 0x00, 0x00,
    0x00, 0x00, 0x00, 0x00, 0x00, 0x00, 0x00, 0x00, 0x00, 0x00, 0x00, 0x00, 0x00, 0x00, 0x00, 0x00,
    0x00, 0x00, 0x00, 0x00, 0x00, 0x00, 0x00, 0x00, 0x00, 0x00, 0x00, 0x00, 0x00, 0x00, 0x00, 0x00,
    0x00, 0x00, 0x00, 0x00, 0x00, 0x00, 0x00, 0x00, 0x00, 0x00, 0x00, 0x00, 0x00, 0x00, 0x00, 0x00,
    0x00, 0x00, 0x00, 0x00, 0x00, 0x00, 0x00, 0x00, 0x00, 0x00, 0x00, 0x00, 0x00, 0x00, 0x00, 0x00,
    0x00, 0x00, 0x00, 0x00, 0x00, 0x00, 0x00, 0x00, 0x00, 0x00, 0x00, 0x00, 0x00, 0x00, 0x00, 0x00,
    0x00, 0x00, 0x00, 0x00, 0x00, 0x00, 0x00, 0x00, 0x00, 0x00, 0x00, 0x00, 0x00, 0x00, 0x00, 0x00,
    0x00, 0x00, 0x00, 0x00, 0x00, 0x00, 0x00, 0x00, 0x00, 0x00, 0x00, 0x00, 0x00, 0x00, 0x00, 0x00,
    0x00, 0x00, 0x00, 0x00, 0x00, 0x00, 0x00, 0x00, 0x00, 0x00, 0x00, 0x00, 0x00, 0x00, 0x00, 0x00,
    0x00, 0x00, 0x00, 0x00, 0x00, 0x00, 0x00, 0x00, 0x00, 0x00, 0x00, 0x00, 0x00, 0x00, 0x00, 0x00,
    0x00, 0x00, 0x00, 0x00, 0x45, 0x8B, 0xCD, 0x01, 0x00, 0x00, 0x00, 0x00, 0x46, 0x8C, 0xCE, 0x01,
    0x46, 0x8C, 0xCE, 0x01, 0x47, 0x8C, 0xCE, 0x01, 0x48, 0x8D, 0xCE, 0x01, 0x48, 0x8D, 0xCE, 0x01,
    0x00, 0x00, 0x00, 0x00, 0x00, 0x00, 0x00, 0x00, 0x00, 0x00, 0x00, 0x00, 0x00, 0x00, 0x00, 0x00,
    0x00, 0x00, 0x00, 0x00, 0x00, 0x00, 0x00, 0x00, 0x4A, 0x8C, 0xCC, 0x01, 0x49, 0x8C, 0xCC, 0x01,
    0x48, 0x8E, 0xCD, 0x01, 0x49, 0x8E, 0xCD, 0x01, 0x49, 0x8E, 0xCD, 0x01, 0x4A, 0x8E, 0xCD, 0x01,
    0x4C, 0x8F, 0xCE, 0x01, 0x4D, 0x90, 0xCE, 0x01, 0x4D, 0x90, 0xCE, 0x01, 0x4D, 0x90, 0xCE, 0x01,
    0x4D, 0x91, 0xCF, 0x01, 0x00, 0x00, 0x00, 0x00, 0x00, 0x00, 0x00, 0x00, 0x4E, 0x90, 0xD0, 0x01,
    0x00, 0x00, 0x00, 0x00, 0x00, 0x00, 0x00, 0x00, 0x00, 0x00, 0x00, 0x00, 0x00, 0x00, 0x00, 0x00,
    0x4E, 0x90, 0xD0, 0x01, 0x00, 0x00, 0x00, 0x00, 0x4E, 0x91, 0xD1, 0x02, 0x4E, 0x91, 0xD1, 0x02,
    0x4D, 0x91, 0xD1, 0x02, 0x4C, 0x90, 0xD1, 0x02, 0x4D, 0x90, 0xD2, 0x02, 0x4B, 0x8F, 0xD0, 0x02,
    0x4B, 0x8F, 0xD0, 0x02, 0x49, 0x8E, 0xCF, 0x01, 0x48, 0x8D, 0xCE, 0x02, 0x48, 0x8C, 0xCF, 0x02,
    0x48, 0x8C, 0xCF, 0x02, 0x45, 0x8B, 0xCE, 0x02, 0x43, 0x8A, 0xCD, 0x02, 0x42, 0x8A, 0xCE, 0x02,
    0x42, 0x8A, 0xCE, 0x02, 0x44, 0x8A, 0xCF, 0x02, 0x44, 0x8A, 0xCF, 0x01, 0x44, 0x8B, 0xCF, 0x01,
    0x44, 0x8A, 0xCF, 0x01, 0x44, 0x8A, 0xCF, 0x01, 0x00, 0x00, 0x00, 0x00, 0x00, 0x00, 0x00, 0x00,
    0x00, 0x00, 0x00, 0x00, 0x00, 0x00, 0x00, 0x00, 0x00, 0x00, 0x00, 0x00, 0x00, 0x00, 0x00, 0x00,
    0x00, 0x00, 0x00, 0x00, 0x00, 0x00, 0x00, 0x00, 0x00, 0x00, 0x00, 0x00, 0x00, 0x00, 0x00, 0x00,
    0x00, 0x00, 0x00, 0x00, 0x00, 0x00, 0x00, 0x00, 0x00, 0x00, 0x00, 0x00, 0x00, 0x00, 0x00, 0x00,
    0x00, 0x00, 0x00, 0x00, 0x00, 0x00, 0x00, 0x00, 0x00, 0x00, 0x00, 0x00, 0x00, 0x00, 0x00, 0x00,
    0x00, 0x00, 0x00, 0x00, 0x00, 0x00, 0x00, 0x00, 0x00, 0x00, 0x00, 0x00, 0x00, 0x00, 0x00, 0x00,
    0x38, 0x83, 0xCD, 0x01, 0x00, 0x00, 0x00, 0x00, 0x37, 0x82, 0xCC, 0x01, 0x37, 0x82, 0xCC, 0x01,
    0x00, 0x00, 0x00, 0x00, 0x00, 0x00, 0x00, 0x00, 0x00, 0x00, 0x00, 0x00, 0x00, 0x00, 0x00, 0x00,
    0x00, 0x00, 0x00, 0x00, 0x00, 0x00, 0x00, 0x00, 0x00, 0x00, 0x00, 0x00, 0x00, 0x00, 0x00, 0x00,
    0x00, 0x00, 0x00, 0x00, 0x00, 0x00, 0x00, 0x00, 0x00, 0x00, 0x00, 0x00, 0x00, 0x00, 0x00, 0x00,
    0x00, 0x00, 0x00, 0x00, 0x00, 0x00, 0x00, 0x00, 0x00, 0x00, 0x00, 0x00, 0x00, 0x00, 0x00, 0x00,
    0x00, 0x00, 0x00, 0x00, 0x00, 0x00, 0x00, 0x00, 0x00, 0x00, 0x00, 0x00, 0x00, 0x00, 0x00, 0x00,
    0x00, 0x00, 0x00, 0x00, 0x00, 0x00, 0x00, 0x00, 0x00, 0x00, 0x00, 0x00, 0x00, 0x00, 0x00, 0x00,
    0x00, 0x00, 0x00, 0x00, 0x00, 0x00, 0x00, 0x00, 0x00, 0x00, 0x00, 0x00, 0x00, 0x00, 0x00, 0x00,
    0x00, 0x00, 0x00, 0x00, 0x00, 0x00, 0x00, 0x00, 0x00, 0x00, 0x00, 0x00, 0x00, 0x00, 0x00, 0x00,
    0x00, 0x00, 0x00, 0x00, 0x00, 0x00, 0x00, 0x00, 0x00, 0x00, 0x00, 0x00, 0x00, 0x00, 0x00, 0x00,
    0x00, 0x00, 0x00, 0x00, 0x00, 0x00, 0x00, 0x00, 0x00, 0x00, 0x00, 0x00, 0x00, 0x00, 0x00, 0x00,
    0x00, 0x00, 0x00, 0x00, 0x00, 0x00, 0x00, 0x00, 0x00, 0x00, 0x00, 0x00, 0x00, 0x00, 0x00, 0x00,
    0x00, 0x00, 0x00, 0x00, 0x00, 0x00, 0x00, 0x00, 0x00, 0x00, 0x00, 0x00, 0x00, 0x00, 0x00, 0x00,
    0x00, 0x00, 0x00, 0x00, 0x45, 0x8B, 0xCD, 0x01, 0x00, 0x00, 0x00, 0x00, 0x46, 0x8C, 0xCE, 0x01,
    0x46, 0x8C, 0xCE, 0x01, 0x47, 0x8C, 0xCE, 0x01, 0x48, 0x8D, 0xCE, 0x01, 0x48, 0x8D, 0xCE, 0x01,
    0x00, 0x00, 0x00, 0x00, 0x00, 0x00, 0x00, 0x00, 0x00, 0x00, 0x00, 0x00, 0x00, 0x00, 0x00, 0x00,
    0x00, 0x00, 0x00, 0x00, 0x00, 0x00, 0x00, 0x00, 0x4A, 0x8C, 0xCC, 0x01, 0x49, 0x8C, 0xCC, 0x01,
    0x48, 0x8E, 0xCD, 0x01, 0x49, 0x8E, 0xCD, 0x01, 0x49, 0x8E, 0xCD, 0x01, 0x4A, 0x8E, 0xCD, 0x01,
    0x4C, 0x8F, 0xCE, 0x01, 0x4D, 0x90, 0xCE, 0x01, 0x4D, 0x90, 0xCE, 0x01, 0x4D, 0x90, 0xCE, 0x01,
    0x4D, 0x91, 0xCF, 0x01, 0x00, 0x00, 0x00, 0x00, 0x00, 0x00, 0x00, 0x00, 0x4E, 0x90, 0xD0, 0x01,
    0x00, 0x00, 0x00, 0x00, 0x00, 0x00, 0x00, 0x00, 0x00, 0x00, 0x00, 0x00, 0x00, 0x00, 0x00, 0x00,
    0x4E, 0x90, 0xD0, 0x01, 0x00, 0x00, 0x00, 0x00, 0x4E, 0x91, 0xD1, 0x02, 0x4E, 0x91, 0xD1, 0x02,
    0x4D, 0x91, 0xD1, 0x02, 0x4C, 0x90, 0xD1, 0x02, 0x4D, 0x90, 0xD2, 0x02, 0x4B, 0x8F, 0xD0, 0x02,
    0x4B, 0x8F, 0xD0, 0x02, 0x49, 0x8E, 0xCF, 0x01, 0x48, 0x8D, 0xCE, 0x02, 0x48, 0x8C, 0xCF, 0x02,
    0x48, 0x8C, 0xCF, 0x02, 0x45, 0x8B, 0xCE, 0x02, 0x43, 0x8A, 0xCD, 0x02, 0x42, 0x8A, 0xCE, 0x02,
    0x42, 0x8A, 0xCE, 0x02, 0x44, 0x8A, 0xCF, 0x02, 0x44, 0x8A, 0xCF, 0x01, 0x44, 0x8B, 0xCF, 0x01,
    0x44, 0x8A, 0xCF, 0x01, 0x44, 0x8A, 0xCF, 0x01, 0x00, 0x00, 0x00, 0x00, 0x00, 0x00, 0x00, 0x00,
    0x00, 0x00, 0x00, 0x00, 0x00, 0x00, 0x00, 0x00, 0x00, 0x00, 0x00, 0x00, 0x00, 0x00, 0x00, 0x00,
    0x00, 0x00, 0x00, 0x00, 0x00, 0x00, 0x00, 0x00, 0x00, 0x00, 0x00, 0x00, 0x00, 0x00, 0x00, 0x00,
    0x00, 0x00, 0x00, 0x00, 0x00, 0x00, 0x00, 0x00, 0x00, 0x00, 0x00, 0x00, 0x00, 0x00, 0x00, 0x00,
    0x00, 0x00, 0x00, 0x00, 0x00, 0x00, 0x00, 0x00, 0x00, 0x00, 0x00, 0x00, 0x00, 0x00, 0x00, 0x00,
    0x00, 0x00, 0x00, 0x00, 0x00, 0x00, 0x00, 0x00, 0x00, 0x00, 0x00, 0x00, 0x00, 0x00, 0x00, 0x00,
    0x38, 0x83, 0xCD, 0x01, 0x00, 0x00, 0x00, 0x00, 0x37, 0x82, 0xCC, 0x01, 0x37, 0x82, 0xCC, 0x01,
    0x00, 0x00, 0x00, 0x00, 0x00, 0x00, 0x00, 0x00, 0x00, 0x00, 0x00, 0x00, 0x00, 0x00, 0x00, 0x00,
    0x00, 0x00, 0x00, 0x00, 0x00, 0x00, 0x00, 0x00, 0x00, 0x00, 0x00, 0x00, 0x00, 0x00, 0x00, 0x00,
    0x00, 0x00, 0x00, 0x00, 0x00, 0x00, 0x00, 0x00, 0x00, 0x00, 0x00, 0x00, 0x00, 0x00, 0x00, 0x00,
    0x00, 0x00, 0x00, 0x00, 0x00, 0x00, 0x00, 0x00, 0x00, 0x00, 0x00, 0x00, 0x00, 0x00, 0x00, 0x00,
    0x00, 0x00, 0x00, 0x00, 0x00, 0x00, 0x00, 0x00, 0x00, 0x00, 0x00, 0x00, 0x00, 0x00, 0x00, 0x00,
    0x00, 0x00, 0x00, 0x00, 0x00, 0x00, 0x00, 0x00, 0x00, 0x00, 0x00, 0x00, 0x00, 0x00, 0x00, 0x00,
    0x00, 0x00, 0x00, 0x00, 0x00, 0x00, 0x00, 0x00, 0x00, 0x00, 0x00, 0x00, 0x00, 0x00, 0x00, 0x00,
    0x00, 0x00, 0x00, 0x00, 0x00, 0x00, 0x00, 0x00, 0x00, 0x00, 0x00, 0x00, 0x00, 0x00, 0x00, 0x00,
    0x00, 0x00, 0x00, 0x00, 0x00, 0x00, 0x00, 0x00, 0x00, 0x00, 0x00, 0x00, 0x00, 0x00, 0x00, 0x00,
    0x00, 0x00, 0x00, 0x00, 0x00, 0x00, 0x00, 0x00, 0x00, 0x00, 0x00, 0x00, 0x00, 0x00, 0x00, 0x00,
    0x00, 0x00, 0x00, 0x00, 0x00, 0x00, 0x00, 0x00, 0x00, 0x00, 0x00, 0x00, 0x00, 0x00, 0x00, 0x00,
    0x00, 0x00, 0x00, 0x00, 0x00, 0x00, 0x00, 0x00, 0x00, 0x00, 0x00, 0x00, 0x00, 0x00, 0x00, 0x00,
    0x00, 0x00, 0x00, 0x00, 0x00, 0x00, 0x00, 0x00, 0x00, 0x00, 0x00, 0x00, 0x00, 0x00, 0x00, 0x00,
    0x00, 0x00, 0x00, 0x00, 0x00, 0x00, 0x00, 0x00, 0x00, 0x00, 0x00, 0x00, 0x00, 0x00, 0x00, 0x00,
    0x00, 0x00, 0x00, 0x00, 0x00, 0x00, 0x00, 0x00, 0x00, 0x00, 0x00, 0x00, 0x00, 0x00, 0x00, 0x00,
    0x00, 0x00, 0x00, 0x00, 0x00, 0x00, 0x00, 0x00, 0x00, 0x00, 0x00, 0x00, 0x00, 0x00, 0x00, 0x00,
    0x00, 0x00, 0x00, 0x00, 0x00, 0x00, 0x00, 0x00, 0x00, 0x00, 0x00, 0x00, 0x00, 0x00, 0x00, 0x00,
    0x00, 0x00, 0x00, 0x00, 0x4D, 0x8F, 0xCE, 0x01, 0x4D, 0x8F, 0xCE, 0x01, 0x00, 0x00, 0x00, 0x00,
    0x4E, 0x90, 0xCE, 0x01, 0x4F, 0x91, 0xCF, 0x01, 0x4F, 0x91, 0xCF, 0x01, 0x00, 0x00, 0x00, 0x00,
    0x00, 0x00, 0x00, 0x00, 0x4E, 0x91, 0xCF, 0x01, 0x00, 0x00, 0x00, 0x00, 0x00, 0x00, 0x00, 0x00,
    0x00, 0x00, 0x00, 0x00, 0x00, 0x00, 0x00, 0x00, 0x00, 0x00, 0x00, 0x00, 0x00, 0x00, 0x00, 0x00,
    0x00, 0x00, 0x00, 0x00, 0x00, 0x00, 0x00, 0x00, 0x00, 0x00, 0x00, 0x00, 0x00, 0x00, 0x00, 0x00,
    0x00, 0x00, 0x00, 0x00, 0x48, 0x8E, 0xCE, 0x01, 0x47, 0x8C, 0xCE, 0x01, 0x00, 0x00, 0x00, 0x00,
    0x00, 0x00, 0x00, 0x00, 0x00, 0x00, 0x00, 0x00, 0x00, 0x00, 0x00, 0x00, 0x00, 0x00, 0x00, 0x00,
    0x00, 0x00, 0x00, 0x00, 0x00, 0x00, 0x00, 0x00, 0x00, 0x00, 0x00, 0x00, 0x00, 0x00, 0x00, 0x00,
    0x00, 0x00, 0x00, 0x00, 0x00, 0x00, 0x00, 0x00, 0x00, 0x00, 0x00, 0x00, 0x00, 0x00, 0x00, 0x00,
    0x00, 0x00, 0x00, 0x00, 0x00, 0x00, 0x00, 0x00, 0x00, 0x00, 0x00, 0x00, 0x00, 0x00, 0x00, 0x00,
    0x00, 0x00, 0x00, 0x00, 0x00, 0x00, 0x00, 0x00, 0x00, 0x00, 0x00, 0x00, 0x00, 0x00, 0x00, 0x00,
    0x00, 0x00, 0x00, 0x00, 0x00, 0x00, 0x00, 0x00, 0x00, 0x00, 0x00, 0x00, 0x00, 0x00, 0x00, 0x00,
    0x00, 0x00, 0x00, 0x00, 0x00, 0x00, 0x00, 0x00, 0x00, 0x00, 0x00, 0x00, 0x00, 0x00, 0x00, 0x00,
    0x00, 0x00, 0x00, 0x00, 0x00, 0x00, 0x00, 0x00, 0x00, 0x00, 0x00, 0x00, 0x00, 0x00, 0x00, 0x00,
    0x38, 0x83, 0xCC, 0x01, 0x00, 0x00, 0x00, 0x00, 0x00, 0x00, 0x00, 0x00, 0x00, 0x00, 0x00, 0x00,
    0x00, 0x00, 0x00, 0x00, 0x00, 0x00, 0x00, 0x00, 0x00, 0x00, 0x00, 0x00, 0x00, 0x00, 0x00, 0x00,
    0x00, 0x00, 0x00, 0x00, 0x00, 0x00, 0x00, 0x00, 0x00, 0x00, 0x00, 0x00, 0x00, 0x00, 0x00, 0x00,
    0x00, 0x00, 0x00, 0x00, 0x00, 0x00, 0x00, 0x00, 0x00, 0x00, 0x00, 0x00, 0x00, 0x00, 0x00, 0x00,
    0x00, 0x00, 0x00, 0x00, 0x00, 0x00, 0x00, 0x00, 0x00, 0x00, 0x00, 0x00, 0x00, 0x00, 0x00, 0x00,
    0x00, 0x00, 0x00, 0x00, 0x00, 0x00, 0x00, 0x00, 0x00, 0x00, 0x00, 0x00, 0x00, 0x00, 0x00, 0x00,
    0x00, 0x00, 0x00, 0x00, 0x00, 0x00, 0x00, 0x00, 0x00, 0x00, 0x00, 0x00, 0x00, 0x00, 0x00, 0x00,
    0x00, 0x00, 0x00, 0x00, 0x00, 0x00, 0x00, 0x00, 0x00, 0x00, 0x00, 0x00, 0x00, 0x00, 0x00, 0x00,
    0x00, 0x00, 0x00, 0x00, 0x00, 0x00, 0x00, 0x00, 0x00, 0x00, 0x00, 0x00, 0x00, 0x00, 0x00, 0x00,
    0x00, 0x00, 0x00, 0x00, 0x00, 0x00, 0x00, 0x00, 0x00, 0x00, 0x00, 0x00, 0x00, 0x00, 0x00, 0x00,
    0x00, 0x00, 0x00, 0x00, 0x00, 0x00, 0x00, 0x00, 0x00, 0x00, 0x00, 0x00, 0x00, 0x00, 0x00, 0x00,
    0x00, 0x00, 0x00, 0x00, 0x00, 0x00, 0x00, 0x00, 0x00, 0x00, 0x00, 0x00, 0x00, 0x00, 0x00, 0x00,
    0x00, 0x00, 0x00, 0x00, 0x00, 0x00, 0x00, 0x00, 0x00, 0x00, 0x00, 0x00, 0x00, 0x00, 0x00, 0x00,
    0x00, 0x00, 0x00, 0x00, 0x00, 0x00, 0x00, 0x00, 0x00, 0x00, 0x00, 0x00, 0x00, 0x00, 0x00, 0x00,
    0x00, 0x00, 0x00, 0x00, 0x00, 0x00, 0x00, 0x00, 0x00, 0x00, 0x00, 0x00, 0x00, 0x00, 0x00, 0x00,
    0x00, 0x00, 0x00, 0x00, 0x00, 0x00, 0x00, 0x00, 0x00, 0x00, 0x00, 0x00, 0x00, 0x00, 0x00, 0x00,
    0x00, 0x00, 0x00, 0x00, 0x00, 0x00, 0x00, 0x00, 0x00, 0x00, 0x00, 0x00, 0x00, 0x00, 0x00, 0x00,
    0x00, 0x00, 0x00, 0x00, 0x00, 0x00, 0x00, 0x00, 0x00, 0x00, 0x00, 0x00, 0x00, 0x00, 0x00, 0x00,
    0x00, 0x00, 0x00, 0x00, 0x00, 0x00, 0x00, 0x00, 0x00, 0x00, 0x00, 0x00, 0x00, 0x00, 0x00, 0x00,
    0x00, 0x00, 0x00, 0x00, 0x00, 0x00, 0x00, 0x00, 0x00, 0x00, 0x00, 0x00, 0x00, 0x00, 0x00, 0x00,
    0x00, 0x00, 0x00, 0x00, 0x00, 0x00, 0x00, 0x00, 0x00, 0x00, 0x00, 0x00, 0x00, 0x00, 0x00, 0x00,
    0x00, 0x00, 0x00, 0x00, 0x00, 0x00, 0x00, 0x00, 0x00, 0x00, 0x00, 0x00, 0x00, 0x00, 0x00, 0x00,
    0x00, 0x00, 0x00, 0x00, 0x00, 0x00, 0x00, 0x00, 0x00, 0x00, 0x00, 0x00, 0x00, 0x00, 0x00, 0x00,
    0x00, 0x00, 0x00, 0x00, 0x00, 0x00, 0x00, 0x00, 0x00, 0x00, 0x00, 0x00, 0x00, 0x00, 0x00, 0x00,
    0x00, 0x00, 0x00, 0x00, 0x00, 0x00, 0x00, 0x00, 0x00, 0x00, 0x00, 0x00, 0x00, 0x00, 0x00, 0x00,
    0x00, 0x00, 0x00, 0x00, 0x00, 0x00, 0x00, 0x00, 0x00, 0x00, 0x00, 0x00, 0x00, 0x00, 0x00, 0x00,
    0x00, 0x00, 0x00, 0x00, 0x00, 0x00, 0x00, 0x00, 0x00, 0x00, 0x00, 0x00, 0x00, 0x00, 0x00, 0x00,
    0x00, 0x00, 0x00, 0x00, 0x00, 0x00, 0x00, 0x00, 0x00, 0x00, 0x00, 0x00, 0x00, 0x00, 0x00, 0x00,
    0x00, 0x00, 0x00, 0x00, 0x00, 0x00, 0x00, 0x00, 0x00, 0x00, 0x00, 0x00, 0x00, 0x00, 0x00, 0x00,
    0x00, 0x00, 0x00, 0x00, 0x00, 0x00, 0x00, 0x00, 0x00, 0x00, 0x00, 0x00, 0x00, 0x00, 0x00, 0x00,
    0x00, 0x00, 0x00, 0x00, 0x00, 0x00, 0x00, 0x00, 0x00, 0x00, 0x00, 0x00, 0x00, 0x00, 0x00, 0x00,
    0x00, 0x00, 0x00, 0x00, 0x00, 0x00, 0x00, 0x00, 0x00, 0x00, 0x00, 0x00, 0x00, 0x00, 0x00, 0x00,
    0x00, 0x00, 0x00, 0x00, 0x00, 0x00, 0x00, 0x00, 0x00, 0x00, 0x00, 0x00, 0x00, 0x00, 0x00, 0x00,
    0x00, 0x00, 0x00, 0x00, 0x00, 0x00, 0x00, 0x00, 0x00, 0x00, 0x00, 0x00, 0x00, 0x00, 0x00, 0x00,
    0x00, 0x00, 0x00, 0x00, 0x00, 0x00, 0x00, 0x00, 0x00, 0x00, 0x00, 0x00, 0x00, 0x00, 0x00, 0x00,
    0x00, 0x00, 0x00, 0x00, 0x00, 0x00, 0x00, 0x00, 0x00, 0x00, 0x00, 0x00, 0x00, 0x00, 0x00, 0x00,
    0x00, 0x00, 0x00, 0x00, 0x00, 0x00, 0x00, 0x00, 0x00, 0x00, 0x00, 0x00, 0x00, 0x00, 0x00, 0x00,
    0x00, 0x00, 0x00, 0x00, 0x00, 0x00, 0x00, 0x00, 0x00, 0x00, 0x00, 0x00, 0x00, 0x00, 0x00, 0x00,
    0x00, 0x00, 0x00, 0x00, 0x00, 0x00, 0x00, 0x00, 0x00, 0x00, 0x00, 0x00, 0x00, 0x00, 0x00, 0x00,
    0x00, 0x00, 0x00, 0x00, 0x00, 0x00, 0x00, 0x00, 0x00, 0x00, 0x00, 0x00, 0x00, 0x00, 0x00, 0x00,
    0x00, 0x00, 0x00, 0x00, 0x00, 0x00, 0x00, 0x00, 0x00, 0x00, 0x00, 0x00, 0x00, 0x00, 0x00, 0x00,
    0x00, 0x00, 0x00, 0x00, 0x00, 0x00, 0x00, 0x00, 0x00, 0x00, 0x00, 0x00, 0x00, 0x00, 0x00, 0x00,
    0x00, 0x00, 0x00, 0x00, 0x00, 0x00, 0x00, 0x00, 0x00, 0x00, 0x00, 0x00, 0x00, 0x00, 0x00, 0x00,
    0x00, 0x00, 0x00, 0x00, 0x00, 0x00, 0x00, 0x00, 0x00, 0x00, 0x00, 0x00, 0x00, 0x00, 0x00, 0x00,
    0x00, 0x00, 0x00, 0x00, 0x00, 0x00, 0x00, 0x00, 0x00, 0x00, 0x00, 0x00, 0x00, 0x00, 0x00, 0x00,
    0x00, 0x00, 0x00, 0x00, 0x00, 0x00, 0x00, 0x00, 0x00, 0x00, 0x00, 0x00, 0x00, 0x00, 0x00, 0x00,
    0x00, 0x00, 0x00, 0x00, 0x00, 0x00, 0x00, 0x00, 0x00, 0x00, 0x00, 0x00, 0x00, 0x00, 0x00, 0x00,
    0x00, 0x00, 0x00, 0x00, 0x00, 0x00, 0x00, 0x00, 0x00, 0x00, 0x00, 0x00, 0x00, 0x00, 0x00, 0x00,
    0x00, 0x00, 0x00, 0x00, 0x00, 0x00, 0x00, 0x00, 0x00, 0x00, 0x00, 0x00, 0x00, 0x00, 0x00, 0x00,
    0x00, 0x00, 0x00, 0x00, 0x00, 0x00, 0x00, 0x00, 0x00, 0x00, 0x00, 0x00, 0x00, 0x00, 0x00, 0x00,
    0x00, 0x00, 0x00, 0x00, 0x00, 0x00, 0x00, 0x00, 0x00, 0x00, 0x00, 0x00, 0x00, 0x00, 0x00, 0x00,
    0x00, 0x00, 0x00, 0x00, 0x00, 0x00, 0x00, 0x00, 0x00, 0x00, 0x00, 0x00, 0x00, 0x00, 0x00, 0x00,
    0x00, 0x00, 0x00, 0x00, 0x00, 0x00, 0x00, 0x00, 0x00, 0x00, 0x00, 0x00, 0x00, 0x00, 0x00, 0x00,
    0x00, 0x00, 0x00, 0x00, 0x00, 0x00, 0x00, 0x00, 0x00, 0x00, 0x00, 0x00, 0x00, 0x00, 0x00, 0x00,
    0x00, 0x00, 0x00, 0x00, 0x00, 0x00, 0x00, 0x00, 0x00, 0x00, 0x00, 0x00, 0x00, 0x00, 0x00, 0x00,
    0x00, 0x00, 0x00, 0x00, 0x00, 0x00, 0x00, 0x00, 0x00, 0x00, 0x00, 0x00, 0x00, 0x00, 0x00, 0x00,
    0x00, 0x00, 0x00, 0x00, 0x00, 0x00, 0x00, 0x00, 0x00, 0x00, 0x00, 0x00, 0x00, 0x00, 0x00, 0x00,
    0x00, 0x00, 0x00, 0x00, 0x00, 0x00, 0x00, 0x00, 0x00, 0x00, 0x00, 0x00, 0x00, 0x00, 0x00, 0x00,
    0x00, 0x00, 0x00, 0x00, 0x00, 0x00, 0x00, 0x00, 0x00, 0x00, 0x00, 0x00, 0x00, 0x00, 0x00, 0x00,
    0x00, 0x00, 0x00, 0x00, 0x00, 0x00, 0x00, 0x00, 0x00, 0x00, 0x00, 0x00, 0x00, 0x00, 0x00, 0x00,
    0x00, 0x00, 0x00, 0x00, 0x00, 0x00, 0x00, 0x00, 0x00, 0x00, 0x00, 0x00, 0x00, 0x00, 0x00, 0x00,
    0x00, 0x00, 0x00, 0x00, 0x00, 0x00, 0x00, 0x00, 0x00, 0x00, 0x00, 0x00, 0x00, 0x00, 0x00, 0x00,
    0x00, 0x00, 0x00, 0x00, 0x00, 0x00, 0x00, 0x00, 0x00, 0x00, 0x00, 0x00, 0x00, 0x00, 0x00, 0x00,
    0x00, 0x00, 0x00, 0x00, 0x00, 0x00, 0x00, 0x00, 0x00, 0x00, 0x00, 0x00, 0x00, 0x00, 0x00, 0x00,
    0x00, 0x00, 0x00, 0x00, 0x00, 0x00, 0x00, 0x00, 0x00, 0x00, 0x00, 0x00, 0x00, 0x00, 0x00, 0x00,
    0x00, 0x00, 0x00, 0x00, 0x00, 0x00, 0x00, 0x00, 0x00, 0x00, 0x00, 0x00, 0x00, 0x00, 0x00, 0x00,
    0x00, 0x00, 0x00, 0x00, 0x00, 0x00, 0x00, 0x00, 0x00, 0x00, 0x00, 0x00, 0x00, 0x00, 0x00, 0x00,
    0x00, 0x00, 0x00, 0x00, 0x00, 0x00, 0x00, 0x00, 0x00, 0x00, 0x00, 0x00, 0x00, 0x00, 0x00, 0x00,
    0x00, 0x00, 0x00, 0x00, 0x00, 0x00, 0x00, 0x00, 0x00, 0x00, 0x00, 0x00, 0x00, 0x00, 0x00, 0x00,
    0x00, 0x00, 0x00, 0x00, 0x00, 0x00, 0x00, 0x00, 0x00, 0x00, 0x00, 0x00, 0x00, 0x00, 0x00, 0x00,
    0x00, 0x00, 0x00, 0x00, 0x00, 0x00, 0x00, 0x00, 0x00, 0x00, 0x00, 0x00, 0x00, 0x00, 0x00, 0x00,
    0x00, 0x00, 0x00, 0x00, 0x00, 0x00, 0x00, 0x00, 0x00, 0x00, 0x00, 0x00, 0x00, 0x00, 0x00, 0x00,
    0x00, 0x00, 0x00, 0x00, 0x00, 0x00, 0x00, 0x00, 0x00, 0x00, 0x00, 0x00, 0x00, 0x00, 0x00, 0x00,
    0x00, 0x00, 0x00, 0x00, 0x00, 0x00, 0x00, 0x00, 0x00, 0x00, 0x00, 0x00, 0x00, 0x00, 0x00, 0x00,
    0x00, 0x00, 0x00, 0x00, 0x00, 0x00, 0x00, 0x00, 0x00, 0x00, 0x00, 0x00, 0x00, 0x00, 0x00, 0x00,
    0x00, 0x00, 0x00, 0x00, 0x00, 0x00, 0x00, 0x00, 0x00, 0x00, 0x00, 0x00, 0x00, 0x00, 0x00, 0x00,
    0x00, 0x00, 0x00, 0x00, 0x00, 0x00, 0x00, 0x00, 0x00, 0x00, 0x00, 0x00, 0x00, 0x00, 0x00, 0x00,
    0x00, 0x00, 0x00, 0x00, 0x00, 0x00, 0x00, 0x00, 0x00, 0x00, 0x00, 0x00, 0x00, 0x00, 0x00, 0x00,
    0x00, 0x00, 0x00, 0x00, 0x00, 0x00, 0x00, 0x00, 0x00, 0x00, 0x00, 0x00, 0x00, 0x00, 0x00, 0x00,
    0x00, 0x00, 0x00, 0x00, 0x00, 0x00, 0x00, 0x00, 0x00, 0x00, 0x00, 0x00, 0x00, 0x00, 0x00, 0x00,
    0x00, 0x00, 0x00, 0x00, 0x00, 0x00, 0x00, 0x00, 0x00, 0x00, 0x00, 0x00, 0x00, 0x00, 0x00, 0x00,
    0x00, 0x00, 0x00, 0x00, 0x00, 0x00, 0x00, 0x00, 0x00, 0x00, 0x00, 0x00, 0x00, 0x00, 0x00, 0x00,
    0x00, 0x00, 0x00, 0x00, 0x00, 0x00, 0x00, 0x00, 0x00, 0x00, 0x00, 0x00, 0x00, 0x00, 0x00, 0x00,
    0x00, 0x00, 0x00, 0x00, 0x00, 0x00, 0x00, 0x00, 0x00, 0x00, 0x00, 0x00, 0x00, 0x00, 0x00, 0x00,
    0x00, 0x00, 0x00, 0x00, 0x00, 0x00, 0x00, 0x00, 0x00, 0x00, 0x00, 0x00, 0x00, 0x00, 0x00, 0x00,
    0x00, 0x00, 0x00, 0x00, 0x00, 0x00, 0x00, 0x00, 0x00, 0x00, 0x00, 0x00, 0x00, 0x00, 0x00, 0x00,
    0x00, 0x00, 0x00, 0x00, 0x00, 0x00, 0x00, 0x00, 0x00, 0x00, 0x00, 0x00, 0x00, 0x00, 0x00, 0x00,
    0x00, 0x00, 0x00, 0x00, 0x00, 0x00, 0x00, 0x00, 0x00, 0x00, 0x00, 0x00, 0x00, 0x00, 0x00, 0x00,
    0x00, 0x00, 0x00, 0x00, 0x00, 0x00, 0x00, 0x00, 0x00, 0x00, 0x00, 0x00, 0x00, 0x00, 0x00, 0x00,
    0x00, 0x00, 0x00, 0x00, 0x00, 0x00, 0x00, 0x00, 0x00, 0x00, 0x00, 0x00, 0x00, 0x00, 0x00, 0x00,
    0x00, 0x00, 0x00, 0x00, 0x00, 0x00, 0x00, 0x00, 0x00, 0x00, 0x00, 0x00, 0x00, 0x00, 0x00, 0x00,
    0x00, 0x00, 0x00, 0x00, 0x00, 0x00, 0x00, 0x00, 0x00, 0x00, 0x00, 0x00, 0x00, 0x00, 0x00, 0x00,
    0x00, 0x00, 0x00, 0x00, 0x00, 0x00, 0x00, 0x00, 0x00, 0x00, 0x00, 0x00, 0x00, 0x00, 0x00, 0x00,
    0x00, 0x00, 0x00, 0x00, 0x00, 0x00, 0x00, 0x00, 0x00, 0x00, 0x00, 0x00, 0x00, 0x00, 0x00, 0x00,
    0x00, 0x00, 0x00, 0x00, 0x00, 0x00, 0x00, 0x00, 0x00, 0x00, 0x00, 0x00, 0x00, 0x00, 0x00, 0x00,
    0x00, 0x00, 0x00, 0x00, 0x00, 0x00, 0x00, 0x00, 0x00, 0x00, 0x00, 0x00, 0x00, 0x00, 0x00, 0x00,
    0x00, 0x00, 0x00, 0x00, 0x00, 0x00, 0x00, 0x00, 0x00, 0x00, 0x00, 0x00, 0x00, 0x00, 0x00, 0x00,
    0x00, 0x00, 0x00, 0x00, 0x00, 0x00, 0x00, 0x00, 0x00, 0x00, 0x00, 0x00, 0x00, 0x00, 0x00, 0x00,
    0x00, 0x00, 0x00, 0x00, 0x00, 0x00, 0x00, 0x00, 0x00, 0x00, 0x00, 0x00, 0x00, 0x00, 0x00, 0x00,
    0x00, 0x00, 0x00, 0x00, 0x00, 0x00, 0x00, 0x00, 0x00, 0x00, 0x00, 0x00, 0x00, 0x00, 0x00, 0x00,
    0x00, 0x00, 0x00, 0x00, 0x00, 0x00, 0x00, 0x00, 0x00, 0x00, 0x00, 0x00, 0x00, 0x00, 0x00, 0x00,
    0x00, 0x00, 0x00, 0x00, 0x00, 0x00, 0x00, 0x00, 0x00, 0x00, 0x00, 0x00, 0x00, 0x00, 0x00, 0x00,
    0x00, 0x00, 0x00, 0x00, 0x00, 0x00, 0x00, 0x00, 0x00, 0x00, 0x00, 0x00, 0x00, 0x00, 0x00, 0x00,
    0x00, 0x00, 0x00, 0x00, 0x00, 0x00, 0x00, 0x00, 0x00, 0x00, 0x00, 0x00, 0x00, 0x00, 0x00, 0x00,
    0x00, 0x00, 0x00, 0x00, 0x00, 0x00, 0x00, 0x00, 0x00, 0x00, 0x00, 0x00, 0x00, 0x00, 0x00, 0x00,
    0x00, 0x00, 0x00, 0x00, 0x00, 0x00, 0x00, 0x00, 0x00, 0x00, 0x00, 0x00, 0x00, 0x00, 0x00, 0x00,
    0x00, 0x00, 0x00, 0x00, 0x00, 0x00, 0x00, 0x00, 0x00, 0x00, 0x00, 0x00, 0x00, 0x00, 0x00, 0x00,
    0x00, 0x00, 0x00, 0x00, 0x00, 0x00, 0x00, 0x00, 0x00, 0x00, 0x00, 0x00, 0x00, 0x00, 0x00, 0x00,
    0x00, 0x00, 0x00, 0x00, 0x00, 0x00, 0x00, 0x00, 0x00, 0x00, 0x00, 0x00, 0x00, 0x00, 0x00, 0x00,
    0x00, 0x00, 0x00, 0x00, 0x00, 0x00, 0x00, 0x00, 0x00, 0x00, 0x00, 0x00, 0x00, 0x00, 0x00, 0x00,
    0x00, 0x00, 0x00, 0x00, 0x00, 0x00, 0x00, 0x00, 0x00, 0x00, 0x00, 0x00, 0x00, 0x00, 0x00, 0x00,
    0x00, 0x00, 0x00, 0x00, 0x00, 0x00, 0x00, 0x00, 0x00, 0x00, 0x00, 0x00, 0x00, 0x00, 0x00, 0x00,
    0x00, 0x00, 0x00, 0x00, 0x00, 0x00, 0x00, 0x00, 0x00, 0x00, 0x00, 0x00, 0x00, 0x00, 0x00, 0x00,
    0x00, 0x00, 0x00, 0x00, 0x00, 0x00, 0x00, 0x00, 0x00, 0x00, 0x00, 0x00, 0x00, 0x00, 0x00, 0x00,
    0x00, 0x00, 0x00, 0x00, 0x00, 0x00, 0x00, 0x00, 0x00, 0x00, 0x00, 0x00, 0x00, 0x00, 0x00, 0x00,
    0x00, 0x00, 0x00, 0x00, 0x00, 0x00, 0x00, 0x00, 0x00, 0x00, 0x00, 0x00, 0x00, 0x00, 0x00, 0x00,
    0x00, 0x00, 0x00, 0x00, 0x00, 0x00, 0x00, 0x00, 0x00, 0x00, 0x00, 0x00, 0x00, 0x00, 0x00, 0x00,
    0x00, 0x00, 0x00, 0x00, 0x00, 0x00, 0x00, 0x00, 0x00, 0x00, 0x00, 0x00, 0x00, 0x00, 0x00, 0x00,
    0x00, 0x00, 0x00, 0x00, 0x00, 0x00, 0x00, 0x00, 0x00, 0x00, 0x00, 0x00, 0x00, 0x00, 0x00, 0x00,
    0x00, 0x00, 0x00, 0x00, 0x00, 0x00, 0x00, 0x00, 0x00, 0x00, 0x00, 0x00, 0x00, 0x00, 0x00, 0x00,
    0x00, 0x00, 0x00, 0x00, 0x00, 0x00, 0x00, 0x00, 0x00, 0x00, 0x00, 0x00, 0x00, 0x00, 0x00, 0x00,
    0x00, 0x00, 0x00, 0x00, 0x00, 0x00, 0x00, 0x00, 0x00, 0x00, 0x00, 0x00, 0x00, 0x00, 0x00, 0x00,
    0x00, 0x00, 0x00, 0x00, 0x00, 0x00, 0x00, 0x00, 0x00, 0x00, 0x00, 0x00, 0x00, 0x00, 0x00, 0x00,
    0x00, 0x00, 0x00, 0x00, 0x00, 0x00, 0x00, 0x00, 0x00, 0x00, 0x00, 0x00, 0x00, 0x00, 0x00, 0x00,
    0x00, 0x00, 0x00, 0x00, 0x00, 0x00, 0x00, 0x00, 0x00, 0x00, 0x00, 0x00, 0x00, 0x00, 0x00, 0x00,
    0x00, 0x00, 0x00, 0x00, 0x00, 0x00, 0x00, 0x00, 0x00, 0x00, 0x00, 0x00, 0x00, 0x00, 0x00, 0x00,
    0x00, 0x00, 0x00, 0x00, 0x00, 0x00, 0x00, 0x00, 0x00, 0x00, 0x00, 0x00, 0x00, 0x00, 0x00, 0x00,
    0x00, 0x00, 0x00, 0x00, 0x00, 0x00, 0x00, 0x00, 0x00, 0x00, 0x00, 0x00, 0x00, 0x00, 0x00, 0x00,
    0x00, 0x00, 0x00, 0x00, 0x00, 0x00, 0x00, 0x00, 0x00, 0x00, 0x00, 0x00, 0x00, 0x00, 0x00, 0x00,
    0x00, 0x00, 0x00, 0x00, 0x00, 0x00, 0x00, 0x00, 0x00, 0x00, 0x00, 0x00, 0x00, 0x00, 0x00, 0x00,
    0x00, 0x00, 0x00, 0x00, 0x00, 0x00, 0x00, 0x00, 0x00, 0x00, 0x00, 0x00, 0x00, 0x00, 0x00, 0x00,
    0x00, 0x00, 0x00, 0x00, 0x00, 0x00, 0x00, 0x00, 0x00, 0x00, 0x00, 0x00, 0x00, 0x00, 0x00, 0x00,
    0x00, 0x00, 0x00, 0x00, 0x00, 0x00, 0x00, 0x00, 0x00, 0x00, 0x00, 0x00, 0x00, 0x00, 0x00, 0x00,
    0x00, 0x00, 0x00, 0x00, 0x00, 0x00, 0x00, 0x00, 0x00, 0x00, 0x00, 0x00, 0x00, 0x00, 0x00, 0x00,
    0x00, 0x00, 0x00, 0x00, 0x00, 0x00, 0x00, 0x00, 0x00, 0x00, 0x00, 0x00, 0x00, 0x00, 0x00, 0x00,
    0x00, 0x00, 0x00, 0x00, 0x00, 0x00, 0x00, 0x00, 0x00, 0x00, 0x00, 0x00, 0x00, 0x00, 0x00, 0x00,
    0x00, 0x00, 0x00, 0x00, 0x00, 0x00, 0x00, 0x00, 0x00, 0x00, 0x00, 0x00, 0x00, 0x00, 0x00, 0x00,
    0x00, 0x00, 0x00, 0x00, 0x00, 0x00, 0x00, 0x00, 0x00, 0x00, 0x00, 0x00, 0x00, 0x00, 0x00, 0x00,
    0x00, 0x00, 0x00, 0x00, 0x00, 0x00, 0x00, 0x00, 0x00, 0x00, 0x00, 0x00, 0x00, 0x00, 0x00, 0x00,
    0x00, 0x00, 0x00, 0x00, 0x00, 0x00, 0x00, 0x00, 0x00, 0x00, 0x00, 0x00, 0x00, 0x00, 0x00, 0x00,
    0x00, 0x00, 0x00, 0x00, 0x00, 0x00, 0x00, 0x00, 0x00, 0x00, 0x00, 0x00, 0x00, 0x00, 0x00, 0x00,
    0x00, 0x00, 0x00, 0x00, 0x00, 0x00, 0x00, 0x00, 0x00, 0x00, 0x00, 0x00, 0x00, 0x00, 0x00, 0x00,
    0x00, 0x00, 0x00, 0x00, 0x00, 0x00, 0x00, 0x00, 0x00, 0x00, 0x00, 0x00, 0x00, 0x00, 0x00, 0x00,
    0x00, 0x00, 0x00, 0x00, 0x00, 0x00, 0x00, 0x00, 0x00, 0x00, 0x00, 0x00, 0x00, 0x00, 0x00, 0x00,
    0x00, 0x00, 0x00, 0x00, 0x00, 0x00, 0x00, 0x00, 0x00, 0x00, 0x00, 0x00, 0x00, 0x00, 0x00, 0x00,
    0x00, 0x00, 0x00, 0x00, 0x00, 0x00, 0x00, 0x00, 0x00, 0x00, 0x00, 0x00, 0x00, 0x00, 0x00, 0x00,
    0x00, 0x00, 0x00, 0x00, 0x00, 0x00, 0x00, 0x00, 0x00, 0x00, 0x00, 0x00, 0x00, 0x00, 0x00, 0x00,
    0x00, 0x00, 0x00, 0x00, 0x00, 0x00, 0x00, 0x00, 0x00, 0x00, 0x00, 0x00, 0x00, 0x00, 0x00, 0x00,
    0x00, 0x00, 0x00, 0x00, 0x00, 0x00, 0x00, 0x00, 0x00, 0x00, 0x00, 0x00, 0x00, 0x00, 0x00, 0x00,
    0x00, 0x00, 0x00, 0x00, 0x00, 0x00, 0x00, 0x00, 0x00, 0x00, 0x00, 0x00, 0x00, 0x00, 0x00, 0x00,
    0x00, 0x00, 0x00, 0x00, 0x00, 0x00, 0x00, 0x00, 0x00, 0x00, 0x00, 0x00, 0x00, 0x00, 0x00, 0x00,
    0x00, 0x00, 0x00, 0x00, 0x00, 0x00, 0x00, 0x00, 0x00, 0x00, 0x00, 0x00, 0x00, 0x00, 0x00, 0x00,
    0x00, 0x00, 0x00, 0x00, 0x00, 0x00, 0x00, 0x00, 0x00, 0x00, 0x00, 0x00, 0x00, 0x00, 0x00, 0x00,
    0x00, 0x00, 0x00, 0x00, 0x00, 0x00, 0x00, 0x00, 0x00, 0x00, 0x00, 0x00, 0x00, 0x00, 0x00, 0x00,
    0x00, 0x00, 0x00, 0x00, 0x00, 0x00, 0x00, 0x00, 0x00, 0x00, 0x00, 0x00, 0x00, 0x00, 0x00, 0x00,
    0x00, 0x00, 0x00, 0x00, 0x00, 0x00, 0x00, 0x00, 0x00, 0x00, 0x00, 0x00, 0x00, 0x00, 0x00, 0x00,
    0x00, 0x00, 0x00, 0x00, 0x00, 0x00, 0x00, 0x00, 0x00, 0x00, 0x00, 0x00, 0x00, 0x00, 0x00, 0x00,
    0x00, 0x00, 0x00, 0x00, 0x00, 0x00, 0x00, 0x00, 0x00, 0x00, 0x00, 0x00, 0x00, 0x00, 0x00, 0x00,
    0x00, 0x00, 0x00, 0x00, 0x00, 0x00, 0x00, 0x00, 0x00, 0x00, 0x00, 0x00, 0x00, 0x00, 0x00, 0x00,
    0x00, 0x00, 0x00, 0x00, 0x00, 0x00, 0x00, 0x00, 0x00, 0x00, 0x00, 0x00, 0x00, 0x00, 0x00, 0x00,
    0x00, 0x00, 0x00, 0x00, 0x00, 0x00, 0x00, 0x00, 0x00, 0x00, 0x00, 0x00, 0x00, 0x00, 0x00, 0x00,
    0x00, 0x00, 0x00, 0x00, 0x00, 0x00, 0x00, 0x00, 0x00, 0x00, 0x00, 0x00, 0x00, 0x00, 0x00, 0x00,
    0x00, 0x00, 0x00, 0x00, 0x00, 0x00, 0x00, 0x00, 0x00, 0x00, 0x00, 0x00, 0x00, 0x00, 0x00, 0x00,
    0x00, 0x00, 0x00, 0x00, 0x00, 0x00, 0x00, 0x00, 0x00, 0x00, 0x00, 0x00, 0x00, 0x00, 0x00, 0x00,
    0x00, 0x00, 0x00, 0x00, 0x00, 0x00, 0x00, 0x00, 0x00, 0x00, 0x00, 0x00, 0x00, 0x00, 0x00, 0x00,
    0x00, 0x00, 0x00, 0x00, 0x00, 0x00, 0x00, 0x00, 0x00, 0x00, 0x00, 0x00, 0x00, 0x00, 0x00, 0x00,
    0x00, 0x00, 0x00, 0x00, 0x00, 0x00, 0x00, 0x00, 0x00, 0x00, 0x00, 0x00, 0x00, 0x00, 0x00, 0x00,
    0x00, 0x00, 0x00, 0x00, 0x00, 0x00, 0x00, 0x00, 0x00, 0x00, 0x00, 0x00, 0x00, 0x00, 0x00, 0x00,
    0x00, 0x00, 0x00, 0x00, 0x00, 0x00, 0x00, 0x00, 0x00, 0x00, 0x00, 0x00, 0x00, 0x00, 0x00, 0x00,
    0x00, 0x00, 0x00, 0x00, 0x00, 0x00, 0x00, 0x00, 0x00, 0x00, 0x00, 0x00, 0x00, 0x00, 0x00, 0x00,
    0x00, 0x00, 0x00, 0x00, 0x00, 0x00, 0x00, 0x00, 0x00, 0x00, 0x00, 0x00, 0x00, 0x00, 0x00, 0x00,
    0x00, 0x00, 0x00, 0x00, 0x00, 0x00, 0x00, 0x00, 0x00, 0x00, 0x00, 0x00, 0x00, 0x00, 0x00, 0x00,
    0x00, 0x00, 0x00, 0x00, 0x00, 0x00, 0x00, 0x00, 0x00, 0x00, 0x00, 0x00, 0x00, 0x00, 0x00, 0x00,
    0x00, 0x00, 0x00, 0x00, 0x00, 0x00, 0x00, 0x00, 0x00, 0x00, 0x00, 0x00, 0x00, 0x00, 0x00, 0x00,
    0x00, 0x00, 0x00, 0x00, 0x00, 0x00, 0x00, 0x00, 0x00, 0x00, 0x00, 0x00, 0x00, 0x00, 0x00, 0x00,
    0x00, 0x00, 0x00, 0x00, 0x00, 0x00, 0x00, 0x00, 0x00, 0x00, 0x00, 0x00, 0x00, 0x00, 0x00, 0x00,
    0x00, 0x00, 0x00, 0x00, 0x00, 0x00, 0x00, 0x00, 0x00, 0x00, 0x00, 0x00, 0x00, 0x00, 0x00, 0x00,
    0x00, 0x00, 0x00, 0x00, 0x00, 0x00, 0x00, 0x00, 0x00, 0x00, 0x00, 0x00, 0x00, 0x00, 0x00, 0x00,
    0x00, 0x00, 0x00, 0x00, 0x00, 0x00, 0x00, 0x00, 0x00, 0x00, 0x00, 0x00, 0x00, 0x00, 0x00, 0x00,
    0x00, 0x00, 0x00, 0x00, 0x00, 0x00, 0x00, 0x00, 0x00, 0x00, 0x00, 0x00, 0x00, 0x00, 0x00, 0x00,
    0x00, 0x00, 0x00, 0x00, 0x00, 0x00, 0x00, 0x00, 0x00, 0x00, 0x00, 0x00, 0x00, 0x00, 0x00, 0x00,
    0x00, 0x00, 0x00, 0x00, 0x00, 0x00, 0x00, 0x00, 0x00, 0x00, 0x00, 0x00, 0x00, 0x00, 0x00, 0x00,
    0x00, 0x00, 0x00, 0x00, 0x00, 0x00, 0x00, 0x00, 0x00, 0x00, 0x00, 0x00, 0x00, 0x00, 0x00, 0x00,
    0x00, 0x00, 0x00, 0x00, 0x00, 0x00, 0x00, 0x00, 0x00, 0x00, 0x00, 0x00, 0x00, 0x00, 0x00, 0x00,
    0x00, 0x00, 0x00, 0x00, 0x00, 0x00, 0x00, 0x00, 0x00, 0x00, 0x00, 0x00, 0x00, 0x00, 0x00, 0x00,
    0x00, 0x00, 0x00, 0x00, 0x00, 0x00, 0x00, 0x00, 0x00, 0x00, 0x00, 0x00, 0x00, 0x00, 0x00, 0x00,
    0x00, 0x00, 0x00, 0x00, 0x00, 0x00, 0x00, 0x00, 0x00, 0x00, 0x00, 0x00, 0x00, 0x00, 0x00, 0x00,
    0x00, 0x00, 0x00, 0x00, 0x00, 0x00, 0x00, 0x00, 0x00, 0x00, 0x00, 0x00, 0x00, 0x00, 0x00, 0x00,
    0x00, 0x00, 0x00, 0x00, 0x00, 0x00, 0x00, 0x00, 0x00, 0x00, 0x00, 0x00, 0x00, 0x00, 0x00, 0x00,
    0x00, 0x00, 0x00, 0x00, 0x00, 0x00, 0x00, 0x00, 0x00, 0x00, 0x00, 0x00, 0x00, 0x00, 0x00, 0x00,
    0x00, 0x00, 0x00, 0x00, 0x00, 0x00, 0x00, 0x00, 0x00, 0x00, 0x00, 0x00, 0x00, 0x00, 0x00, 0x00,
    0x00, 0x00, 0x00, 0x00, 0x00, 0x00, 0x00, 0x00, 0x00, 0x00, 0x00, 0x00, 0x00, 0x00, 0x00, 0x00,
    0x00, 0x00, 0x00, 0x00, 0x00, 0x00, 0x00, 0x00, 0x00, 0x00, 0x00, 0x00, 0x00, 0x00, 0x00, 0x00,
    0x00, 0x00, 0x00, 0x00, 0x00, 0x00, 0x00, 0x00, 0x00, 0x00, 0x00, 0x00, 0x00, 0x00, 0x00, 0x00,
    0x00, 0x00, 0x00, 0x00, 0x00, 0x00, 0x00, 0x00, 0x00, 0x00, 0x00, 0x00, 0x00, 0x00, 0x00, 0x00,
    0x00, 0x00, 0x00, 0x00, 0x00, 0x00, 0x00, 0x00, 0x00, 0x00, 0x00, 0x00, 0x00, 0x00, 0x00, 0x00,
    0x00, 0x00, 0x00, 0x00, 0x00, 0x00, 0x00, 0x00, 0x00, 0x00, 0x00, 0x00, 0x00, 0x00, 0x00, 0x00,
    0x00, 0x00, 0x00, 0x00, 0x00, 0x00, 0x00, 0x00, 0x00, 0x00, 0x00, 0x00, 0x00, 0x00, 0x00, 0x00,
    0x00, 0x00, 0x00, 0x00, 0x00, 0x00, 0x00, 0x00, 0x00, 0x00, 0x00, 0x00, 0x00, 0x00, 0x00, 0x00,
    0x00, 0x00, 0x00, 0x00, 0x00, 0x00, 0x00, 0x00, 0x00, 0x00, 0x00, 0x00, 0x00, 0x00, 0x00, 0x00,
    0x00, 0x00, 0x00, 0x00, 0x00, 0x00, 0x00, 0x00, 0x00, 0x00, 0x00, 0x00, 0x00, 0x00, 0x00, 0x00,
    0x00, 0x00, 0x00, 0x00, 0x00, 0x00, 0x00, 0x00, 0x00, 0x00, 0x00, 0x00, 0x00, 0x00, 0x00, 0x00,
    0x00, 0x00, 0x00, 0x00, 0x00, 0x00, 0x00, 0x00, 0x00, 0x00, 0x00, 0x00, 0x00, 0x00, 0x00, 0x00,
    0x00, 0x00, 0x00, 0x00, 0x00, 0x00, 0x00, 0x00, 0x00, 0x00, 0x00, 0x00, 0x00, 0x00, 0x00, 0x00,
    0x00, 0x00, 0x00, 0x00, 0x00, 0x00, 0x00, 0x00, 0x00, 0x00, 0x00, 0x00, 0x00, 0x00, 0x00, 0x00,
    0x00, 0x00, 0x00, 0x00, 0x00, 0x00, 0x00, 0x00, 0x00, 0x00, 0x00, 0x00, 0x00, 0x00, 0x00, 0x00,
    0x00, 0x00, 0x00, 0x00, 0x00, 0x00, 0x00, 0x00, 0x00, 0x00, 0x00, 0x00, 0x00, 0x00, 0x00, 0x00,
    0x00, 0x00, 0x00, 0x00, 0x00, 0x00, 0x00, 0x00, 0x00, 0x00, 0x00, 0x00, 0x00, 0x00, 0x00, 0x00,
    0x00, 0x00, 0x00, 0x00, 0x00, 0x00, 0x00, 0x00, 0x00, 0x00, 0x00, 0x00, 0x00, 0x00, 0x00, 0x00,
    0x00, 0x00, 0x00, 0x00, 0x00, 0x00, 0x00, 0x00, 0x00, 0x00, 0x00, 0x00, 0x00, 0x00, 0x00, 0x00,
    0x00, 0x00, 0x00, 0x00, 0x00, 0x00, 0x00, 0x00, 0x00, 0x00, 0x00, 0x00, 0x00, 0x00, 0x00, 0x00,
    0x00, 0x00, 0x00, 0x00, 0x00, 0x00, 0x00, 0x00, 0x00, 0x00, 0x00, 0x00, 0x00, 0x00, 0x00, 0x00,
    0x00, 0x00, 0x00, 0x00, 0x00, 0x00, 0x00, 0x00, 0x00, 0x00, 0x00, 0x00, 0x00, 0x00, 0x00, 0x00,
    0x00, 0x00, 0x00, 0x00, 0x00, 0x00, 0x00, 0x00, 0x00, 0x00, 0x00, 0x00, 0x00, 0x00, 0x00, 0x00,
    0x00, 0x00, 0x00, 0x00, 0x00, 0x00, 0x00, 0x00, 0x00, 0x00, 0x00, 0x00, 0x00, 0x00, 0x00, 0x00,
    0x00, 0x00, 0x00, 0x00, 0x00, 0x00, 0x00, 0x00, 0x00, 0x00, 0x00, 0x00, 0x00, 0x00, 0x00, 0x00,
    0x00, 0x00, 0x00, 0x00, 0x00, 0x00, 0x00, 0x00, 0x00, 0x00, 0x00, 0x00, 0x00, 0x00, 0x00, 0x00,
    0x00, 0x00, 0x00, 0x00, 0x00, 0x00, 0x00, 0x00, 0x00, 0x00, 0x00, 0x00, 0x00, 0x00, 0x00, 0x00,
    0x00, 0x00, 0x00, 0x00, 0x00, 0x00, 0x00, 0x00, 0x00, 0x00, 0x00, 0x00, 0x00, 0x00, 0x00, 0x00,
    0x00, 0x00, 0x00, 0x00, 0x00, 0x00, 0x00, 0x00, 0x00, 0x00, 0x00, 0x00, 0x00, 0x00, 0x00, 0x00,
    0x00, 0x00, 0x00, 0x00, 0x00, 0x00, 0x00, 0x00, 0x00, 0x00, 0x00, 0x00, 0x00, 0x00, 0x00, 0x00,
    0x00, 0x00, 0x00, 0x00, 0x00, 0x00, 0x00, 0x00, 0x00, 0x00, 0x00, 0x00, 0x00, 0x00, 0x00, 0x00,
    0x00, 0x00, 0x00, 0x00, 0x00, 0x00, 0x00, 0x00, 0x00, 0x00, 0x00, 0x00, 0x00, 0x00, 0x00, 0x00,
    0x00, 0x00, 0x00, 0x00, 0x00, 0x00, 0x00, 0x00, 0x00, 0x00, 0x00, 0x00, 0x00, 0x00, 0x00, 0x00,
    0x00, 0x00, 0x00, 0x00, 0x00, 0x00, 0x00, 0x00, 0x00, 0x00, 0x00, 0x00, 0x00, 0x00, 0x00, 0x00,
    0x00, 0x00, 0x00, 0x00, 0x00, 0x00, 0x00, 0x00, 0x00, 0x00, 0x00, 0x00, 0x00, 0x00, 0x00, 0x00,
    0x00, 0x00, 0x00, 0x00, 0x00, 0x00, 0x00, 0x00, 0x00, 0x00, 0x00, 0x00, 0x00, 0x00, 0x00, 0x00,
    0x00, 0x00, 0x00, 0x00, 0x00, 0x00, 0x00, 0x00, 0x00, 0x00, 0x00, 0x00, 0x00, 0x00, 0x00, 0x00,
    0x00, 0x00, 0x00, 0x00, 0x00, 0x00, 0x00, 0x00, 0x00, 0x00, 0x00, 0x00, 0x00, 0x00, 0x00, 0x00,
    0x00, 0x00, 0x00, 0x00, 0x00, 0x00, 0x00, 0x00, 0x00, 0x00, 0x00, 0x00, 0x00, 0x00, 0x00, 0x00,
    0x00, 0x00, 0x00, 0x00, 0x00, 0x00, 0x00, 0x00, 0x00, 0x00, 0x00, 0x00, 0x00, 0x00, 0x00, 0x00,
    0x00, 0x00, 0x00, 0x00, 0x00, 0x00, 0x00, 0x00, 0x00, 0x00, 0x00, 0x00, 0x00, 0x00, 0x00, 0x00,
    0x00, 0x00, 0x00, 0x00, 0x00, 0x00, 0x00, 0x00, 0x00, 0x00, 0x00, 0x00, 0x00, 0x00, 0x00, 0x00,
    0x00, 0x00, 0x00, 0x00, 0x00, 0x00, 0x00, 0x00, 0x00, 0x00, 0x00, 0x00, 0x00, 0x00, 0x00, 0x00,
    0x00, 0x00, 0x00, 0x00, 0x00, 0x00, 0x00, 0x00, 0x00, 0x00, 0x00, 0x00, 0x00, 0x00, 0x00, 0x00,
    0x00, 0x00, 0x00, 0x00, 0x00, 0x00, 0x00, 0x00, 0x00, 0x00, 0x00, 0x00, 0x00, 0x00, 0x00, 0x00,
    0x00, 0x00, 0x00, 0x00, 0x00, 0x00, 0x00, 0x00, 0x00, 0x00, 0x00, 0x00, 0x00, 0x00, 0x00, 0x00,
    0x00, 0x00, 0x00, 0x00, 0x00, 0x00, 0x00, 0x00, 0x00, 0x00, 0x00, 0x00, 0x00, 0x00, 0x00, 0x00,
    0x00, 0x00, 0x00, 0x00, 0x00, 0x00, 0x00, 0x00, 0x00, 0x00, 0x00, 0x00, 0x00, 0x00, 0x00, 0x00,
    0x00, 0x00, 0x00, 0x00, 0x00, 0x00, 0x00, 0x00, 0x00, 0x00, 0x00, 0x00, 0x00, 0x00, 0x00, 0x00,
    0x00, 0x00, 0x00, 0x00, 0x00, 0x00, 0x00, 0x00, 0x00, 0x00, 0x00, 0x00, 0x00, 0x00, 0x00, 0x00,
    0x00, 0x00, 0x00, 0x00, 0x00, 0x00, 0x00, 0x00, 0x00, 0x00, 0x00, 0x00, 0x00, 0x00, 0x00, 0x00,
    0x00, 0x00, 0x00, 0x00, 0x00, 0x00, 0x00, 0x00, 0x00, 0x00, 0x00, 0x00, 0x00, 0x00, 0x00, 0x00,
    0x00, 0x00, 0x00, 0x00, 0x00, 0x00, 0x00, 0x00, 0x00, 0x00, 0x00, 0x00, 0x00, 0x00, 0x00, 0x00,
    0x00, 0x00, 0x00, 0x00, 0x00, 0x00, 0x00, 0x00, 0x00, 0x00, 0x00, 0x00, 0x00, 0x00, 0x00, 0x00,
    0x00, 0x00, 0x00, 0x00, 0x00, 0x00, 0x00, 0x00, 0x00, 0x00, 0x00, 0x00, 0x00, 0x00, 0x00, 0x00,
    0x00, 0x00, 0x00, 0x00, 0x00, 0x00, 0x00, 0x00, 0x00, 0x00, 0x00, 0x00, 0x00, 0x00, 0x00, 0x00,
    0x00, 0x00, 0x00, 0x00, 0x00, 0x00, 0x00, 0x00, 0x00, 0x00, 0x00, 0x00, 0x00, 0x00, 0x00, 0x00,
    0x00, 0x00, 0x00, 0x00, 0x00, 0x00, 0x00, 0x00, 0x00, 0x00, 0x00, 0x00, 0x00, 0x00, 0x00, 0x00,
    0x00, 0x00, 0x00, 0x00, 0x00, 0x00, 0x00, 0x00, 0x00, 0x00, 0x00, 0x00, 0x00, 0x00, 0x00, 0x00,
    0x00, 0x00, 0x00, 0x00, 0x00, 0x00, 0x00, 0x00, 0x00, 0x00, 0x00, 0x00, 0x00, 0x00, 0x00, 0x00,
    0x00, 0x00, 0x00, 0x00, 0x00, 0x00, 0x00, 0x00, 0x00, 0x00, 0x00, 0x00, 0x00, 0x00, 0x00, 0x00,
    0x00, 0x00, 0x00, 0x00, 0x00, 0x00, 0x00, 0x00, 0x00, 0x00, 0x00, 0x00, 0x00, 0x00, 0x00, 0x00,
    0x00, 0x00, 0x00, 0x00, 0x00, 0x00, 0x00, 0x00, 0x00, 0x00, 0x00, 0x00, 0x00, 0x00, 0x00, 0x00,
    0x00, 0x00, 0x00, 0x00, 0x00, 0x00, 0x00, 0x00, 0x00, 0x00, 0x00, 0x00, 0x00, 0x00, 0x00, 0x00,
    0x00, 0x00, 0x00, 0x00, 0x00, 0x00, 0x00, 0x00, 0x00, 0x00, 0x00, 0x00, 0x00, 0x00, 0x00, 0x00,
    0x00, 0x00, 0x00, 0x00, 0x00, 0x00, 0x00, 0x00, 0x00, 0x00, 0x00, 0x00, 0x00, 0x00, 0x00, 0x00,
    0x00, 0x00, 0x00, 0x00, 0x00, 0x00, 0x00, 0x00, 0x00, 0x00, 0x00, 0x00, 0x00, 0x00, 0x00, 0x00,
    0x00, 0x00, 0x00, 0x00, 0x00, 0x00, 0x00, 0x00, 0x00, 0x00, 0x00, 0x00, 0x00, 0x00, 0x00, 0x00,
    0x00, 0x00, 0x00, 0x00, 0x00, 0x00, 0x00, 0x00, 0x00, 0x00, 0x00, 0x00, 0x00, 0x00, 0x00, 0x00,
    0x00, 0x00, 0x00, 0x00, 0x00, 0x00, 0x00, 0x00, 0x00, 0x00, 0x00, 0x00, 0x00, 0x00, 0x00, 0x00,
    0x00, 0x00, 0x00, 0x00, 0x00, 0x00, 0x00, 0x00, 0x00, 0x00, 0x00, 0x00, 0x00, 0x00, 0x00, 0x00,
    0x00, 0x00, 0x00, 0x00, 0x00, 0x00, 0x00, 0x00, 0x00, 0x00, 0x00, 0x00, 0x00, 0x00, 0x00, 0x00,
    0x00, 0x00, 0x00, 0x00, 0x00, 0x00, 0x00, 0x00, 0x00, 0x00, 0x00, 0x00, 0x00, 0x00, 0x00, 0x00,
    0x00, 0x00, 0x00, 0x00, 0x00, 0x00, 0x00, 0x00, 0x00, 0x00, 0x00, 0x00, 0x00, 0x00, 0x00, 0x00,
    0x00, 0x00, 0x00, 0x00, 0x00, 0x00, 0x00, 0x00, 0x00, 0x00, 0x00, 0x00, 0x00, 0x00, 0x00, 0x00,
    0x00, 0x00, 0x00, 0x00, 0x00, 0x00, 0x00, 0x00, 0x00, 0x00, 0x00, 0x00, 0x00, 0x00, 0x00, 0x00,
    0x00, 0x00, 0x00, 0x00, 0x00, 0x00, 0x00, 0x00, 0x00, 0x00, 0x00, 0x00, 0x00, 0x00, 0x00, 0x00,
    0x00, 0x00, 0x00, 0x00, 0x00, 0x00, 0x00, 0x00, 0x00, 0x00, 0x00, 0x00, 0x00, 0x00, 0x00, 0x00,
    0x00, 0x00, 0x00, 0x00, 0x00, 0x00, 0x00, 0x00, 0x00, 0x00, 0x00, 0x00, 0x00, 0x00, 0x00, 0x00,
    0x00, 0x00, 0x00, 0x00, 0x00, 0x00, 0x00, 0x00, 0x00, 0x00, 0x00, 0x00, 0x00, 0x00, 0x00, 0x00,
    0x00, 0x00, 0x00, 0x00, 0x00, 0x00, 0x00, 0x00, 0x00, 0x00, 0x00, 0x00, 0x00, 0x00, 0x00, 0x00,
    0x00, 0x00, 0x00, 0x00, 0x00, 0x00, 0x00, 0x00, 0x00, 0x00, 0x00, 0x00, 0x00, 0x00, 0x00, 0x00,
    0x00, 0x00, 0x00, 0x00, 0x00, 0x00, 0x00, 0x00, 0x00, 0x00, 0x00, 0x00, 0x00, 0x00, 0x00, 0x00,
    0x00, 0x00, 0x00, 0x00, 0x00, 0x00, 0x00, 0x00, 0x00, 0x00, 0x00, 0x00, 0x00, 0x00, 0x00, 0x00,
    0x00, 0x00, 0x00, 0x00, 0x00, 0x00, 0x00, 0x00, 0x00, 0x00, 0x00, 0x00, 0x00, 0x00, 0x00, 0x00,
    0x00, 0x00, 0x00, 0x00, 0x00, 0x00, 0x00, 0x00, 0x00, 0x00, 0x00, 0x00, 0x00, 0x00, 0x00, 0x00,
    0x00, 0x00, 0x00, 0x00, 0x00, 0x00, 0x00, 0x00, 0x00, 0x00, 0x00, 0x00, 0x00, 0x00, 0x00, 0x00,
    0x00, 0x00, 0x00, 0x00, 0x00, 0x00, 0x00, 0x00, 0x00, 0x00, 0x00, 0x00, 0x00, 0x00, 0x00, 0x00,
    0x00, 0x00, 0x00, 0x00, 0x00, 0x00, 0x00, 0x00, 0x00, 0x00, 0x00, 0x00, 0x00, 0x00, 0x00, 0x00,
    0x00, 0x00, 0x00, 0x00, 0x00, 0x00, 0x00, 0x00, 0x00, 0x00, 0x00, 0x00, 0x00, 0x00, 0x00, 0x00,
    0x00, 0x00, 0x00, 0x00, 0x00, 0x00, 0x00, 0x00, 0x00, 0x00, 0x00, 0x00, 0x00, 0x00, 0x00, 0x00,
    0x00, 0x00, 0x00, 0x00, 0x00, 0x00, 0x00, 0x00, 0x00, 0x00, 0x00, 0x00, 0x00, 0x00, 0x00, 0x00,
    0x00, 0x00, 0x00, 0x00, 0x00, 0x00, 0x00, 0x00, 0x00, 0x00, 0x00, 0x00, 0x00, 0x00, 0x00, 0x00,
    0x00, 0x00, 0x00, 0x00, 0x00, 0x00, 0x00, 0x00, 0x00, 0x00, 0x00, 0x00, 0x00, 0x00, 0x00, 0x00,
    0x00, 0x00, 0x00, 0x00, 0x00, 0x00, 0x00, 0x00, 0x00, 0x00, 0x00, 0x00, 0x00, 0x00, 0x00, 0x00,
    0x00, 0x00, 0x00, 0x00, 0x00, 0x00, 0x00, 0x00, 0x00, 0x00, 0x00, 0x00, 0x00, 0x00, 0x00, 0x00,
    0x00, 0x00, 0x00, 0x00, 0x00, 0x00, 0x00, 0x00, 0x00, 0x00, 0x00, 0x00, 0x00, 0x00, 0x00, 0x00,
    0x00, 0x00, 0x00, 0x00, 0x00, 0x00, 0x00, 0x00, 0x00, 0x00, 0x00, 0x00, 0x00, 0x00, 0x00, 0x00,
    0x00, 0x00, 0x00, 0x00, 0x00, 0x00, 0x00, 0x00, 0x00, 0x00, 0x00, 0x00, 0x00, 0x00, 0x00, 0x00,
    0x00, 0x00, 0x00, 0x00, 0x00, 0x00, 0x00, 0x00, 0x00, 0x00, 0x00, 0x00, 0x00, 0x00, 0x00, 0x00,
    0x00, 0x00, 0x00, 0x00, 0x00, 0x00, 0x00, 0x00, 0x00, 0x00, 0x00, 0x00, 0x00, 0x00, 0x00, 0x00,
    0x00, 0x00, 0x00, 0x00, 0x00, 0x00, 0x00, 0x00, 0x00, 0x00, 0x00, 0x00, 0x00, 0x00, 0x00, 0x00,
    0x00, 0x00, 0x00, 0x00, 0x00, 0x00, 0x00, 0x00, 0x00, 0x00, 0x00, 0x00, 0x00, 0x00, 0x00, 0x00,
    0x00, 0x00, 0x00, 0x00, 0x00, 0x00, 0x00, 0x00, 0x00, 0x00, 0x00, 0x00, 0x00, 0x00, 0x00, 0x00,
    0x00, 0x00, 0x00, 0x00, 0x00, 0x00, 0x00, 0x00, 0x00, 0x00, 0x00, 0x00, 0x00, 0x00, 0x00, 0x00,
    0x00, 0x00, 0x00, 0x00, 0x00, 0x00, 0x00, 0x00, 0x00, 0x00, 0x00, 0x00, 0x00, 0x00, 0x00, 0x00,
    0x00, 0x00, 0x00, 0x00, 0x00, 0x00, 0x00, 0x00, 0x00, 0x00, 0x00, 0x00, 0x00, 0x00, 0x00, 0x00,
    0x00, 0x00, 0x00, 0x00, 0x00, 0x00, 0x00, 0x00, 0x00, 0x00, 0x00, 0x00, 0x00, 0x00, 0x00, 0x00,
    0x00, 0x00, 0x00, 0x00, 0x00, 0x00, 0x00, 0x00, 0x00, 0x00, 0x00, 0x00, 0x00, 0x00, 0x00, 0x00,
    0x00, 0x00, 0x00, 0x00, 0x00, 0x00, 0x00, 0x00, 0x00, 0x00, 0x00, 0x00, 0x00, 0x00, 0x00, 0x00,
    0x00, 0x00, 0x00, 0x00, 0x00, 0x00, 0x00, 0x00, 0x00, 0x00, 0x00, 0x00, 0x00, 0x00, 0x00, 0x00,
    0x00, 0x00, 0x00, 0x00, 0x00, 0x00, 0x00, 0x00, 0x00, 0x00, 0x00, 0x00, 0x00, 0x00, 0x00, 0x00,
    0x00, 0x00, 0x00, 0x00, 0x00, 0x00, 0x00, 0x00, 0x00, 0x00, 0x00, 0x00, 0x00, 0x00, 0x00, 0x00,
    0x00, 0x00, 0x00, 0x00, 0x00, 0x00, 0x00, 0x00, 0x00, 0x00, 0x00, 0x00, 0x00, 0x00, 0x00, 0x00,
    0x00, 0x00, 0x00, 0x00, 0x00, 0x00, 0x00, 0x00, 0x00, 0x00, 0x00, 0x00, 0x00, 0x00, 0x00, 0x00,
    0x00, 0x00, 0x00, 0x00, 0x00, 0x00, 0x00, 0x00, 0x00, 0x00, 0x00, 0x00, 0x00, 0x00, 0x00, 0x00,
    0x00, 0x00, 0x00, 0x00, 0x00, 0x00, 0x00, 0x00, 0x00, 0x00, 0x00, 0x00, 0x00, 0x00, 0x00, 0x00,
    0x00, 0x00, 0x00, 0x00, 0x00, 0x00, 0x00, 0x00, 0x00, 0x00, 0x00, 0x00, 0x00, 0x00, 0x00, 0x00,
    0x00, 0x00, 0x00, 0x00, 0x00, 0x00, 0x00, 0x00, 0x00, 0x00, 0x00, 0x00, 0x00, 0x00, 0x00, 0x00,
    0x00, 0x00, 0x00, 0x00, 0x00, 0x00, 0x00, 0x00, 0x00, 0x00, 0x00, 0x00, 0x00, 0x00, 0x00, 0x00,
    0x00, 0x00, 0x00, 0x00, 0x00, 0x00, 0x00, 0x00, 0x00, 0x00, 0x00, 0x00, 0x00, 0x00, 0x00, 0x00,
    0x00, 0x00, 0x00, 0x00, 0x00, 0x00, 0x00, 0x00, 0x00, 0x00, 0x00, 0x00, 0x00, 0x00, 0x00, 0x00,
    0x00, 0x00, 0x00, 0x00, 0x00, 0x00, 0x00, 0x00, 0x00, 0x00, 0x00, 0x00, 0x00, 0x00, 0x00, 0x00,
    0x00, 0x00, 0x00, 0x00, 0x00, 0x00, 0x00, 0x00, 0x00, 0x00, 0x00, 0x00, 0x00, 0x00, 0x00, 0x00,
    0x00, 0x00, 0x00, 0x00, 0x00, 0x00, 0x00, 0x00, 0x00, 0x00, 0x00, 0x00, 0x00, 0x00, 0x00, 0x00,
    0x00, 0x00, 0x00, 0x00, 0x00, 0x00, 0x00, 0x00, 0x00, 0x00, 0x00, 0x00, 0x00, 0x00, 0x00, 0x00,
    0x00, 0x00, 0x00, 0x00, 0x00, 0x00, 0x00, 0x00, 0x00, 0x00, 0x00, 0x00, 0x00, 0x00, 0x00, 0x00,
    0x00, 0x00, 0x00, 0x00, 0x00, 0x00, 0x00, 0x00, 0x00, 0x00, 0x00, 0x00, 0x00, 0x00, 0x00, 0x00,
    0x00, 0x00, 0x00, 0x00, 0x00, 0x00, 0x00, 0x00, 0x00, 0x00, 0x00, 0x00, 0x00, 0x00, 0x00, 0x00,
    0x00, 0x00, 0x00, 0x00, 0x00, 0x00, 0x00, 0x00, 0x00, 0x00, 0x00, 0x00, 0x00, 0x00, 0x00, 0x00,
    0x00, 0x00, 0x00, 0x00, 0x00, 0x00, 0x00, 0x00, 0x00, 0x00, 0x00, 0x00, 0x00, 0x00, 0x00, 0x00,
    0x00, 0x00, 0x00, 0x00, 0x00, 0x00, 0x00, 0x00, 0x00, 0x00, 0x00, 0x00, 0x00, 0x00, 0x00, 0x00,
    0x00, 0x00, 0x00, 0x00, 0x00, 0x00, 0x00, 0x00, 0x00, 0x00, 0x00, 0x00, 0x00, 0x00, 0x00, 0x00,
    0x00, 0x00, 0x00, 0x00, 0x00, 0x00, 0x00, 0x00, 0x00, 0x00, 0x00, 0x00, 0x00, 0x00, 0x00, 0x00,
    0x00, 0x00, 0x00, 0x00, 0x00, 0x00, 0x00, 0x00, 0x00, 0x00, 0x00, 0x00, 0x00, 0x00, 0x00, 0x00,
    0x00, 0x00, 0x00, 0x00, 0x00, 0x00, 0x00, 0x00, 0x00, 0x00, 0x00, 0x00, 0x00, 0x00, 0x00, 0x00,
    0x00, 0x00, 0x00, 0x00, 0x00, 0x00, 0x00, 0x00, 0x00, 0x00, 0x00, 0x00, 0x00, 0x00, 0x00, 0x00,
    0x00, 0x00, 0x00, 0x00, 0x00, 0x00, 0x00, 0x00, 0x00, 0x00, 0x00, 0x00, 0x00, 0x00, 0x00, 0x00,
    0x00, 0x00, 0x00, 0x00, 0x00, 0x00, 0x00, 0x00, 0x00, 0x00, 0x00, 0x00, 0x00, 0x00, 0x00, 0x00,
    0x00, 0x00, 0x00, 0x00, 0x00, 0x00, 0x00, 0x00, 0x00, 0x00, 0x00, 0x00, 0x00, 0x00, 0x00, 0x00,
    0x00, 0x00, 0x00, 0x00, 0x00, 0x00, 0x00, 0x00, 0x00, 0x00, 0x00, 0x00, 0x00, 0x00, 0x00, 0x00,
    0x00, 0x00, 0x00, 0x00, 0x00, 0x00, 0x00, 0x00, 0x00, 0x00, 0x00, 0x00, 0x00, 0x00, 0x00, 0x00,
    0x00, 0x00, 0x00, 0x00, 0x00, 0x00, 0x00, 0x00, 0x00, 0x00, 0x00, 0x00, 0x00, 0x00, 0x00, 0x00,
    0x00, 0x00, 0x00, 0x00, 0x00, 0x00, 0x00, 0x00, 0x00, 0x00, 0x00, 0x00, 0x00, 0x00, 0x00, 0x00,
    0x00, 0x00, 0x00, 0x00, 0x00, 0x00, 0x00, 0x00, 0x00, 0x00, 0x00, 0x00, 0x00, 0x00, 0x00, 0x00,
    0x00, 0x00, 0x00, 0x00, 0x00, 0x00, 0x00, 0x00, 0x00, 0x00, 0x00, 0x00, 0x00, 0x00, 0x00, 0x00,
    0x00, 0x00, 0x00, 0x00, 0x00, 0x00, 0x00, 0x00, 0x00, 0x00, 0x00, 0x00, 0x00, 0x00, 0x00, 0x00,
    0x00, 0x00, 0x00, 0x00, 0x00, 0x00, 0x00, 0x00, 0x00, 0x00, 0x00, 0x00, 0x00, 0x00, 0x00, 0x00,
    0x00, 0x00, 0x00, 0x00, 0x00, 0x00, 0x00, 0x00, 0x00, 0x00, 0x00, 0x00, 0x00, 0x00, 0x00, 0x00,
    0x00, 0x00, 0x00, 0x00, 0x00, 0x00, 0x00, 0x00, 0x00, 0x00, 0x00, 0x00, 0x00, 0x00, 0x00, 0x00,
    0x00, 0x00, 0x00, 0x00, 0x00, 0x00, 0x00, 0x00, 0x00, 0x00, 0x00, 0x00, 0x00, 0x00, 0x00, 0x00,
    0x00, 0x00, 0x00, 0x00, 0x00, 0x00, 0x00, 0x00, 0x00, 0x00, 0x00, 0x00, 0x00, 0x00, 0x00, 0x00,
    0x00, 0x00, 0x00, 0x00, 0x00, 0x00, 0x00, 0x00, 0x00, 0x00, 0x00, 0x00, 0x00, 0x00, 0x00, 0x00,
    0x00, 0x00, 0x00, 0x00, 0x00, 0x00, 0x00, 0x00, 0x00, 0x00, 0x00, 0x00, 0x00, 0x00, 0x00, 0x00,
    0x00, 0x00, 0x00, 0x00, 0x00, 0x00, 0x00, 0x00, 0x00, 0x00, 0x00, 0x00, 0x00, 0x00, 0x00, 0x00,
    0x00, 0x00, 0x00, 0x00, 0x00, 0x00, 0x00, 0x00, 0x00, 0x00, 0x00, 0x00, 0x00, 0x00, 0x00, 0x00,
    0x00, 0x00, 0x00, 0x00, 0x00, 0x00, 0x00, 0x00, 0x00, 0x00, 0x00, 0x00, 0x00, 0x00, 0x00, 0x00,
    0x00, 0x00, 0x00, 0x00, 0x00, 0x00, 0x00, 0x00, 0x00, 0x00, 0x00, 0x00, 0x00, 0x00, 0x00, 0x00,
    0x00, 0x00, 0x00, 0x00, 0x00, 0x00, 0x00, 0x00, 0x00, 0x00, 0x00, 0x00, 0x00, 0x00, 0x00, 0x00,
    0x00, 0x00, 0x00, 0x00, 0x00, 0x00, 0x00, 0x00, 0x00, 0x00, 0x00, 0x00, 0x00, 0x00, 0x00, 0x00,
    0x00, 0x00, 0x00, 0x00, 0x00, 0x00, 0x00, 0x00, 0x00, 0x00, 0x00, 0x00, 0x00, 0x00, 0x00, 0x00,
    0x00, 0x00, 0x00, 0x00, 0x00, 0x00, 0x00, 0x00, 0x00, 0x00, 0x00, 0x00, 0x00, 0x00, 0x00, 0x00,
    0x00, 0x00, 0x00, 0x00, 0x00, 0x00, 0x00, 0x00, 0x00, 0x00, 0x00, 0x00, 0x00, 0x00, 0x00, 0x00,
    0x00, 0x00, 0x00, 0x00, 0x00, 0x00, 0x00, 0x00, 0x00, 0x00, 0x00, 0x00, 0x00, 0x00, 0x00, 0x00,
    0x00, 0x00, 0x00, 0x00, 0x00, 0x00, 0x00, 0x00, 0x00, 0x00, 0x00, 0x00, 0x00, 0x00, 0x00, 0x00,
    0x00, 0x00, 0x00, 0x00, 0x00, 0x00, 0x00, 0x00, 0x00, 0x00, 0x00, 0x00, 0x00, 0x00, 0x00, 0x00,
    0x00, 0x00, 0x00, 0x00, 0x00, 0x00, 0x00, 0x00, 0x00, 0x00, 0x00, 0x00, 0x00, 0x00, 0x00, 0x00,
    0x00, 0x00, 0x00, 0x00, 0x00, 0x00, 0x00, 0x00, 0x00, 0x00, 0x00, 0x00, 0x00, 0x00, 0x00, 0x00,
    0x00, 0x00, 0x00, 0x00, 0x00, 0x00, 0x00, 0x00, 0x00, 0x00, 0x00, 0x00, 0x00, 0x00, 0x00, 0x00,
    0x00, 0x00, 0x00, 0x00, 0x00, 0x00, 0x00, 0x00, 0x00, 0x00, 0x00, 0x00, 0x00, 0x00, 0x00, 0x00,
    0x00, 0x00, 0x00, 0x00, 0x00, 0x00, 0x00, 0x00, 0x00, 0x00, 0x00, 0x00, 0x00, 0x00, 0x00, 0x00,
    0x00, 0x00, 0x00, 0x00, 0x00, 0x00, 0x00, 0x00, 0x00, 0x00, 0x00, 0x00, 0x00, 0x00, 0x00, 0x00,
    0x00, 0x00, 0x00, 0x00, 0x00, 0x00, 0x00, 0x00, 0x00, 0x00, 0x00, 0x00, 0x00, 0x00, 0x00, 0x00,
    0x00, 0x00, 0x00, 0x00, 0x00, 0x00, 0x00, 0x00, 0x00, 0x00, 0x00, 0x00, 0x00, 0x00, 0x00, 0x00,
    0x00, 0x00, 0x00, 0x00, 0x00, 0x00, 0x00, 0x00, 0x00, 0x00, 0x00, 0x00, 0x00, 0x00, 0x00, 0x00,
    0x00, 0x00, 0x00, 0x00, 0x00, 0x00, 0x00, 0x00, 0x00, 0x00, 0x00, 0x00, 0x00, 0x00, 0x00, 0x00,
    0x00, 0x00, 0x00, 0x00, 0x00, 0x00, 0x00, 0x00, 0x00, 0x00, 0x00, 0x00, 0x00, 0x00, 0x00, 0x00,
    0x00, 0x00, 0x00, 0x00, 0x00, 0x00, 0x00, 0x00, 0x00, 0x00, 0x00, 0x00, 0x00, 0x00, 0x00, 0x00,
    0x00, 0x00, 0x00, 0x00, 0x00, 0x00, 0x00, 0x00, 0x00, 0x00, 0x00, 0x00, 0x00, 0x00, 0x00, 0x00,
    0x00, 0x00, 0x00, 0x00, 0x00, 0x00, 0x00, 0x00, 0x00, 0x00, 0x00, 0x00, 0x00, 0x00, 0x00, 0x00,
    0x00, 0x00, 0x00, 0x00, 0x00, 0x00, 0x00, 0x00, 0x00, 0x00, 0x00, 0x00, 0x00, 0x00, 0x00, 0x00,
    0x00, 0x00, 0x00, 0x00, 0x00, 0x00, 0x00, 0x00, 0x00, 0x00, 0x00, 0x00, 0x00, 0x00, 0x00, 0x00,
    0x00, 0x00, 0x00, 0x00, 0x00, 0x00, 0x00, 0x00, 0x00, 0x00, 0x00, 0x00, 0x00, 0x00, 0x00, 0x00,
    0x00, 0x00, 0x00, 0x00, 0x00, 0x00, 0x00, 0x00, 0x00, 0x00, 0x00, 0x00, 0x00, 0x00, 0x00, 0x00,
    0x00, 0x00, 0x00, 0x00, 0x00, 0x00, 0x00, 0x00, 0x00, 0x00, 0x00, 0x00, 0x00, 0x00, 0x00, 0x00,
    0x00, 0x00, 0x00, 0x00, 0x00, 0x00, 0x00, 0x00, 0x00, 0x00, 0x00, 0x00, 0x00, 0x00, 0x00, 0x00,
    0x00, 0x00, 0x00, 0x00, 0x00, 0x00, 0x00, 0x00, 0x00, 0x00, 0x00, 0x00, 0x00, 0x00, 0x00, 0x00,
    0x00, 0x00, 0x00, 0x00, 0x00, 0x00, 0x00, 0x00, 0x00, 0x00, 0x00, 0x00, 0x00, 0x00, 0x00, 0x00,
    0x00, 0x00, 0x00, 0x00, 0x00, 0x00, 0x00, 0x00, 0x00, 0x00, 0x00, 0x00, 0x00, 0x00, 0x00, 0x00,
    0x00, 0x00, 0x00, 0x00, 0x00, 0x00, 0x00, 0x00, 0x00, 0x00, 0x00, 0x00, 0x00, 0x00, 0x00, 0x00,
    0x00, 0x00, 0x00, 0x00, 0x00, 0x00, 0x00, 0x00, 0x00, 0x00, 0x00, 0x00, 0x00, 0x00, 0x00, 0x00,
    0x00, 0x00, 0x00, 0x00, 0x00, 0x00, 0x00, 0x00, 0x00, 0x00, 0x00, 0x00, 0x00, 0x00, 0x00, 0x00,
    0x00, 0x00, 0x00, 0x00, 0x00, 0x00, 0x00, 0x00, 0x00, 0x00, 0x00, 0x00, 0x00, 0x00, 0x00, 0x00,
    0x00, 0x00, 0x00, 0x00, 0x00, 0x00, 0x00, 0x00, 0x00, 0x00, 0x00, 0x00, 0x00, 0x00, 0x00, 0x00,
    0x00, 0x00, 0x00, 0x00, 0x00, 0x00, 0x00, 0x00, 0x00, 0x00, 0x00, 0x00, 0x00, 0x00, 0x00, 0x00,
    0x00, 0x00, 0x00, 0x00, 0x00, 0x00, 0x00, 0x00, 0x00, 0x00, 0x00, 0x00, 0x00, 0x00, 0x00, 0x00,
    0x00, 0x00, 0x00, 0x00, 0x00, 0x00, 0x00, 0x00, 0x00, 0x00, 0x00, 0x00, 0x00, 0x00, 0x00, 0x00,
    0x00, 0x00, 0x00, 0x00, 0x00, 0x00, 0x00, 0x00, 0x00, 0x00, 0x00, 0x00, 0x00, 0x00, 0x00, 0x00,
    0x00, 0x00, 0x00, 0x00, 0x00, 0x00, 0x00, 0x00, 0x00, 0x00, 0x00, 0x00, 0x00, 0x00, 0x00, 0x00,
    0x00, 0x00, 0x00, 0x00, 0x00, 0x00, 0x00, 0x00, 0x00, 0x00, 0x00, 0x00, 0x00, 0x00, 0x00, 0x00,
    0x00, 0x00, 0x00, 0x00, 0x00, 0x00, 0x00, 0x00, 0x00, 0x00, 0x00, 0x00, 0x00, 0x00, 0x00, 0x00,
    0x00, 0x00, 0x00, 0x00, 0x00, 0x00, 0x00, 0x00, 0x00, 0x00, 0x00, 0x00, 0x00, 0x00, 0x00, 0x00,
    0x00, 0x00, 0x00, 0x00, 0x00, 0x00, 0x00, 0x00, 0x00, 0x00, 0x00, 0x00, 0x00, 0x00, 0x00, 0x00,
    0x00, 0x00, 0x00, 0x00, 0x00, 0x00, 0x00, 0x00, 0x00, 0x00, 0x00, 0x00, 0x00, 0x00, 0x00, 0x00,
    0x00, 0x00, 0x00, 0x00, 0x00, 0x00, 0x00, 0x00, 0x00, 0x00, 0x00, 0x00, 0x00, 0x00, 0x00, 0x00,
    0x00, 0x00, 0x00, 0x00, 0x00, 0x00, 0x00, 0x00, 0x00, 0x00, 0x00, 0x00, 0x00, 0x00, 0x00, 0x00,
    0x00, 0x00, 0x00, 0x00, 0x00, 0x00, 0x00, 0x00, 0x00, 0x00, 0x00, 0x00, 0x00, 0x00, 0x00, 0x00,
    0x00, 0x00, 0x00, 0x00, 0x00, 0x00, 0x00, 0x00, 0x00, 0x00, 0x00, 0x00, 0x00, 0x00, 0x00, 0x00,
    0x00, 0x00, 0x00, 0x00, 0x00, 0x00, 0x00, 0x00, 0x00, 0x00, 0x00, 0x00, 0x00, 0x00, 0x00, 0x00,
    0x00, 0x00, 0x00, 0x00, 0x00, 0x00, 0x00, 0x00, 0x00, 0x00, 0x00, 0x00, 0x00, 0x00, 0x00, 0x00,
    0x00, 0x00, 0x00, 0x00, 0x00, 0x00, 0x00, 0x00, 0x00, 0x00, 0x00, 0x00, 0x00, 0x00, 0x00, 0x00,
    0x00, 0x00, 0x00, 0x00, 0x00, 0x00, 0x00, 0x00, 0x00, 0x00, 0x00, 0x00, 0x00, 0x00, 0x00, 0x00,
    0x00, 0x00, 0x00, 0x00, 0x00, 0x00, 0x00, 0x00, 0x00, 0x00, 0x00, 0x00, 0x00, 0x00, 0x00, 0x00,
    0x00, 0x00, 0x00, 0x00, 0x00, 0x00, 0x00, 0x00, 0x00, 0x00, 0x00, 0x00, 0x00, 0x00, 0x00, 0x00,
    0x00, 0x00, 0x00, 0x00, 0x00, 0x00, 0x00, 0x00, 0x00, 0x00, 0x00, 0x00, 0x00, 0x00, 0x00, 0x00,
    0x00, 0x00, 0x00, 0x00, 0x00, 0x00, 0x00, 0x00, 0x00, 0x00, 0x00, 0x00, 0x00, 0x00, 0x00, 0x00,
    0x00, 0x00, 0x00, 0x00, 0x00, 0x00, 0x00, 0x00, 0x00, 0x00, 0x00, 0x00, 0x00, 0x00, 0x00, 0x00,
    0x00, 0x00, 0x00, 0x00, 0x00, 0x00, 0x00, 0x00, 0x00, 0x00, 0x00, 0x00, 0x00, 0x00, 0x00, 0x00,
    0x00, 0x00, 0x00, 0x00, 0x00, 0x00, 0x00, 0x00, 0x00, 0x00, 0x00, 0x00, 0x00, 0x00, 0x00, 0x00,
    0x00, 0x00, 0x00, 0x00, 0x00, 0x00, 0x00, 0x00, 0x00, 0x00, 0x00, 0x00, 0x00, 0x00, 0x00, 0x00,
    0x00, 0x00, 0x00, 0x00, 0x00, 0x00, 0x00, 0x00, 0x00, 0x00, 0x00, 0x00, 0x00, 0x00, 0x00, 0x00,
    0x00, 0x00, 0x00, 0x00, 0x00, 0x00, 0x00, 0x00, 0x00, 0x00, 0x00, 0x00, 0x00, 0x00, 0x00, 0x00,
    0x00, 0x00, 0x00, 0x00, 0x00, 0x00, 0x00, 0x00, 0x00, 0x00, 0x00, 0x00, 0x00, 0x00, 0x00, 0x00,
    0x00, 0x00, 0x00, 0x00, 0x00, 0x00, 0x00, 0x00, 0x00, 0x00, 0x00, 0x00, 0x00, 0x00, 0x00, 0x00,
    0x00, 0x00, 0x00, 0x00, 0x00, 0x00, 0x00, 0x00, 0x00, 0x00, 0x00, 0x00, 0x00, 0x00, 0x00, 0x00,
    0x00, 0x00, 0x00, 0x00, 0x00, 0x00, 0x00, 0x00, 0x00, 0x00, 0x00, 0x00, 0x00, 0x00, 0x00, 0x00,
    0x00, 0x00, 0x00, 0x00, 0x00, 0x00, 0x00, 0x00, 0x00, 0x00, 0x00, 0x00, 0x00, 0x00, 0x00, 0x00,
    0x00, 0x00, 0x00, 0x00, 0x00, 0x00, 0x00, 0x00, 0x00, 0x00, 0x00, 0x00, 0x00, 0x00, 0x00, 0x00,
    0x00, 0x00, 0x00, 0x00, 0x00, 0x00, 0x00, 0x00, 0x00, 0x00, 0x00, 0x00, 0x00, 0x00, 0x00, 0x00,
    0x00, 0x00, 0x00, 0x00, 0x00, 0x00, 0x00, 0x00, 0x00, 0x00, 0x00, 0x00, 0x00, 0x00, 0x00, 0x00,
    0x00, 0x00, 0x00, 0x00, 0x00, 0x00, 0x00, 0x00, 0x00, 0x00, 0x00, 0x00, 0x00, 0x00, 0x00, 0x00,
    0x00, 0x00, 0x00, 0x00, 0x00, 0x00, 0x00, 0x00, 0x00, 0x00, 0x00, 0x00, 0x00, 0x00, 0x00, 0x00,
    0x00, 0x00, 0x00, 0x00, 0x00, 0x00, 0x00, 0x00, 0x00, 0x00, 0x00, 0x00, 0x00, 0x00, 0x00, 0x00,
    0x00, 0x00, 0x00, 0x00, 0x00, 0x00, 0x00, 0x00, 0x00, 0x00, 0x00, 0x00, 0x00, 0x00, 0x00, 0x00,
    0x00, 0x00, 0x00, 0x00, 0x00, 0x00, 0x00, 0x00, 0x00, 0x00, 0x00, 0x00, 0x00, 0x00, 0x00, 0x00,
    0x00, 0x00, 0x00, 0x00, 0x00, 0x00, 0x00, 0x00, 0x00, 0x00, 0x00, 0x00, 0x00, 0x00, 0x00, 0x00,
    0x00, 0x00, 0x00, 0x00, 0x00, 0x00, 0x00, 0x00, 0x00, 0x00, 0x00, 0x00, 0x00, 0x00, 0x00, 0x00,
    0x00, 0x00, 0x00, 0x00, 0x00, 0x00, 0x00, 0x00, 0x00, 0x00, 0x00, 0x00, 0x00, 0x00, 0x00, 0x00,
    0x00, 0x00, 0x00, 0x00, 0x00, 0x00, 0x00, 0x00, 0x00, 0x00, 0x00, 0x00, 0x00, 0x00, 0x00, 0x00,
    0x00, 0x00, 0x00, 0x00, 0x00, 0x00, 0x00, 0x00, 0x00, 0x00, 0x00, 0x00, 0x00, 0x00, 0x00, 0x00,
    0x00, 0x00, 0x00, 0x00, 0x00, 0x00, 0x00, 0x00, 0x00, 0x00, 0x00, 0x00, 0x00, 0x00, 0x00, 0x00,
    0x00, 0x00, 0x00, 0x00, 0x00, 0x00, 0x00, 0x00, 0x00, 0x00, 0x00, 0x00, 0x00, 0x00, 0x00, 0x00,
    0x00, 0x00, 0x00, 0x00, 0x00, 0x00, 0x00, 0x00, 0x00, 0x00, 0x00, 0x00, 0x00, 0x00, 0x00, 0x00,
    0x00, 0x00, 0x00, 0x00, 0x00, 0x00, 0x00, 0x00, 0x00, 0x00, 0x00, 0x00, 0x00, 0x00, 0x00, 0x00,
    0x00, 0x00, 0x00, 0x00, 0x00, 0x00, 0x00, 0x00, 0x00, 0x00, 0x00, 0x00, 0x00, 0x00, 0x00, 0x00,
    0x00, 0x00, 0x00, 0x00, 0x00, 0x00, 0x00, 0x00, 0x00, 0x00, 0x00, 0x00, 0x00, 0x00, 0x00, 0x00,
    0x00, 0x00, 0x00, 0x00, 0x00, 0x00, 0x00, 0x00, 0x00, 0x00, 0x00, 0x00, 0x00, 0x00, 0x00, 0x00,
    0x00, 0x00, 0x00, 0x00, 0x00, 0x00, 0x00, 0x00, 0x00, 0x00, 0x00, 0x00, 0x00, 0x00, 0x00, 0x00,
    0x00, 0x00, 0x00, 0x00, 0x00, 0x00, 0x00, 0x00, 0x00, 0x00, 0x00, 0x00, 0x00, 0x00, 0x00, 0x00,
    0x00, 0x00, 0x00, 0x00, 0x00, 0x00, 0x00, 0x00, 0x00, 0x00, 0x00, 0x00, 0x00, 0x00, 0x00, 0x00,
    0x00, 0x00, 0x00, 0x00, 0x00, 0x00, 0x00, 0x00, 0x00, 0x00, 0x00, 0x00, 0x00, 0x00, 0x00, 0x00,
    0x00, 0x00, 0x00, 0x00, 0x00, 0x00, 0x00, 0x00, 0x00, 0x00, 0x00, 0x00, 0x00, 0x00, 0x00, 0x00,
    0x00, 0x00, 0x00, 0x00, 0x00, 0x00, 0x00, 0x00, 0x00, 0x00, 0x00, 0x00, 0x00, 0x00, 0x00, 0x00,
    0x00, 0x00, 0x00, 0x00, 0x00, 0x00, 0x00, 0x00, 0x00, 0x00, 0x00, 0x00, 0x00, 0x00, 0x00, 0x00,
    0x00, 0x00, 0x00, 0x00, 0x00, 0x00, 0x00, 0x00, 0x00, 0x00, 0x00, 0x00, 0x00, 0x00, 0x00, 0x00,
    0x00, 0x00, 0x00, 0x00, 0x00, 0x00, 0x00, 0x00, 0x00, 0x00, 0x00, 0x00, 0x00, 0x00, 0x00, 0x00,
    0x00, 0x00, 0x00, 0x00, 0x00, 0x00, 0x00, 0x00, 0x00, 0x00, 0x00, 0x00, 0x00, 0x00, 0x00, 0x00,
    0x00, 0x00, 0x00, 0x00, 0x00, 0x00, 0x00, 0x00, 0x00, 0x00, 0x00, 0x00, 0x00, 0x00, 0x00, 0x00,
    0x00, 0x00, 0x00, 0x00, 0x00, 0x00, 0x00, 0x00, 0x00, 0x00, 0x00, 0x00, 0x00, 0x00, 0x00, 0x00,
    0x00, 0x00, 0x00, 0x00, 0x00, 0x00, 0x00, 0x00, 0x00, 0x00, 0x00, 0x00, 0x00, 0x00, 0x00, 0x00,
    0x00, 0x00, 0x00, 0x00, 0x00, 0x00, 0x00, 0x00, 0x00, 0x00, 0x00, 0x00, 0x00, 0x00, 0x00, 0x00,
    0x00, 0x00, 0x00, 0x00, 0x00, 0x00, 0x00, 0x00, 0x00, 0x00, 0x00, 0x00, 0x00, 0x00, 0x00, 0x00,
    0x00, 0x00, 0x00, 0x00, 0x00, 0x00, 0x00, 0x00, 0x00, 0x00, 0x00, 0x00, 0x00, 0x00, 0x00, 0x00,
    0x00, 0x00, 0x00, 0x00, 0x00, 0x00, 0x00, 0x00, 0x00, 0x00, 0x00, 0x00, 0x00, 0x00, 0x00, 0x00,
    0x00, 0x00, 0x00, 0x00, 0x00, 0x00, 0x00, 0x00, 0x00, 0x00, 0x00, 0x00, 0x00, 0x00, 0x00, 0x00,
    0x00, 0x00, 0x00, 0x00, 0x00, 0x00, 0x00, 0x00, 0x00, 0x00, 0x00, 0x00, 0x00, 0x00, 0x00, 0x00,
    0x00, 0x00, 0x00, 0x00, 0x00, 0x00, 0x00, 0x00, 0x00, 0x00, 0x00, 0x00, 0x00, 0x00, 0x00, 0x00,
    0x00, 0x00, 0x00, 0x00, 0x00, 0x00, 0x00, 0x00, 0x00, 0x00, 0x00, 0x00, 0x00, 0x00, 0x00, 0x00,
    0x00, 0x00, 0x00, 0x00, 0x00, 0x00, 0x00, 0x00, 0x00, 0x00, 0x00, 0x00, 0x00, 0x00, 0x00, 0x00,
    0x00, 0x00, 0x00, 0x00, 0x00, 0x00, 0x00, 0x00, 0x00, 0x00, 0x00, 0x00, 0x00, 0x00, 0x00, 0x00,
    0x00, 0x00, 0x00, 0x00, 0x00, 0x00, 0x00, 0x00, 0x00, 0x00, 0x00, 0x00, 0x00, 0x00, 0x00, 0x00,
    0x00, 0x00, 0x00, 0x00, 0x00, 0x00, 0x00, 0x00, 0x00, 0x00, 0x00, 0x00, 0x00, 0x00, 0x00, 0x00,
    0x00, 0x00, 0x00, 0x00, 0x00, 0x00, 0x00, 0x00, 0x00, 0x00, 0x00, 0x00, 0x00, 0x00, 0x00, 0x00,
    0x00, 0x00, 0x00, 0x00, 0x00, 0x00, 0x00, 0x00, 0x00, 0x00, 0x00, 0x00, 0x00, 0x00, 0x00, 0x00,
    0x00, 0x00, 0x00, 0x00, 0x00, 0x00, 0x00, 0x00, 0x00, 0x00, 0x00, 0x00, 0x00, 0x00, 0x00, 0x00,
    0x00, 0x00, 0x00, 0x00, 0x00, 0x00, 0x00, 0x00, 0x00, 0x00, 0x00, 0x00, 0x00, 0x00, 0x00, 0x00,
    0x00, 0x00, 0x00, 0x00, 0x00, 0x00, 0x00, 0x00, 0x00, 0x00, 0x00, 0x00, 0x00, 0x00, 0x00, 0x00,
    0x00, 0x00, 0x00, 0x00, 0x00, 0x00, 0x00, 0x00, 0x00, 0x00, 0x00, 0x00, 0x00, 0x00, 0x00, 0x00,
    0x00, 0x00, 0x00, 0x00, 0x00, 0x00, 0x00, 0x00, 0x00, 0x00, 0x00, 0x00, 0x00, 0x00, 0x00, 0x00,
    0x00, 0x00, 0x00, 0x00, 0x00, 0x00, 0x00, 0x00, 0x00, 0x00, 0x00, 0x00, 0x00, 0x00, 0x00, 0x00,
    0x00, 0x00, 0x00, 0x00, 0x00, 0x00, 0x00, 0x00, 0x00, 0x00, 0x00, 0x00, 0x00, 0x00, 0x00, 0x00,
    0x00, 0x00, 0x00, 0x00, 0x00, 0x00, 0x00, 0x00, 0x00, 0x00, 0x00, 0x00, 0x00, 0x00, 0x00, 0x00,
    0x00, 0x00, 0x00, 0x00, 0x00, 0x00, 0x00, 0x00, 0x00, 0x00, 0x00, 0x00, 0x00, 0x00, 0x00, 0x00,
    0x00, 0x00, 0x00, 0x00, 0x00, 0x00, 0x00, 0x00, 0x00, 0x00, 0x00, 0x00, 0x00, 0x00, 0x00, 0x00,
    0x00, 0x00, 0x00, 0x00, 0x00, 0x00, 0x00, 0x00, 0x00, 0x00, 0x00, 0x00, 0x00, 0x00, 0x00, 0x00,
    0x00, 0x00, 0x00, 0x00, 0x00, 0x00, 0x00, 0x00, 0x00, 0x00, 0x00, 0x00, 0x00, 0x00, 0x00, 0x00,
    0x00, 0x00, 0x00, 0x00, 0x00, 0x00, 0x00, 0x00, 0x00, 0x00, 0x00, 0x00, 0x00, 0x00, 0x00, 0x00,
    0x00, 0x00, 0x00, 0x00, 0x00, 0x00, 0x00, 0x00, 0x00, 0x00, 0x00, 0x00, 0x00, 0x00, 0x00, 0x00,
    0x00, 0x00, 0x00, 0x00, 0x00, 0x00, 0x00, 0x00, 0x00, 0x00, 0x00, 0x00, 0x00, 0x00, 0x00, 0x00,
    0x00, 0x00, 0x00, 0x00, 0x00, 0x00, 0x00, 0x00, 0x00, 0x00, 0x00, 0x00, 0x00, 0x00, 0x00, 0x00,
    0x00, 0x00, 0x00, 0x00, 0x00, 0x00, 0x00, 0x00, 0x00, 0x00, 0x00, 0x00, 0x00, 0x00, 0x00, 0x00,
    0x00, 0x00, 0x00, 0x00, 0x00, 0x00, 0x00, 0x00, 0x00, 0x00, 0x00, 0x00, 0x00, 0x00, 0x00, 0x00,
    0x00, 0x00, 0x00, 0x00, 0x00, 0x00, 0x00, 0x00, 0x00, 0x00, 0x00, 0x00, 0x00, 0x00, 0x00, 0x00,
    0x00, 0x00, 0x00, 0x00, 0x00, 0x00, 0x00, 0x00, 0x00, 0x00, 0x00, 0x00, 0x00, 0x00, 0x00, 0x00,
    0x00, 0x00, 0x00, 0x00, 0x00, 0x00, 0x00, 0x00, 0x00, 0x00, 0x00, 0x00, 0x00, 0x00, 0x00, 0x00,
    0x00, 0x00, 0x00, 0x00, 0x00, 0x00, 0x00, 0x00, 0x00, 0x00, 0x00, 0x00, 0x00, 0x00, 0x00, 0x00,
    0x00, 0x00, 0x00, 0x00, 0x00, 0x00, 0x00, 0x00, 0x00, 0x00, 0x00, 0x00, 0x00, 0x00, 0x00, 0x00,
    0x00, 0x00, 0x00, 0x00, 0x00, 0x00, 0x00, 0x00, 0x00, 0x00, 0x00, 0x00, 0x00, 0x00, 0x00, 0x00,
    0x00, 0x00, 0x00, 0x00, 0x00, 0x00, 0x00, 0x00, 0x00, 0x00, 0x00, 0x00, 0x00, 0x00, 0x00, 0x00,
    0x00, 0x00, 0x00, 0x00, 0x00, 0x00, 0x00, 0x00, 0x00, 0x00, 0x00, 0x00, 0x00, 0x00, 0x00, 0x00,
    0x00, 0x00, 0x00, 0x00, 0x00, 0x00, 0x00, 0x00, 0x00, 0x00, 0x00, 0x00, 0x00, 0x00, 0x00, 0x00,
    0x00, 0x00, 0x00, 0x00, 0x00, 0x00, 0x00, 0x00, 0x00, 0x00, 0x00, 0x00, 0x00, 0x00, 0x00, 0x00,
    0x00, 0x00, 0x00, 0x00, 0x00, 0x00, 0x00, 0x00, 0x00, 0x00, 0x00, 0x00, 0x00, 0x00, 0x00, 0x00,
    0x00, 0x00, 0x00, 0x00, 0x00, 0x00, 0x00, 0x00, 0x00, 0x00, 0x00, 0x00, 0x00, 0x00, 0x00, 0x00,
    0x00, 0x00, 0x00, 0x00, 0x00, 0x00, 0x00, 0x00, 0x00, 0x00, 0x00, 0x00, 0x00, 0x00, 0x00, 0x00,
    0x00, 0x00, 0x00, 0x00, 0x00, 0x00, 0x00, 0x00, 0x00, 0x00, 0x00, 0x00, 0x00, 0x00, 0x00, 0x00,
    0x00, 0x00, 0x00, 0x00, 0x00, 0x00, 0x00, 0x00, 0x00, 0x00, 0x00, 0x00, 0x00, 0x00, 0x00, 0x00,
    0x00, 0x00, 0x00, 0x00, 0x00, 0x00, 0x00, 0x00, 0x00, 0x00, 0x00, 0x00, 0x00, 0x00, 0x00, 0x00,
    0x00, 0x00, 0x00, 0x00, 0x00, 0x00, 0x00, 0x00, 0x00, 0x00, 0x00, 0x00, 0x00, 0x00, 0x00, 0x00,
    0x00, 0x00, 0x00, 0x00, 0x00, 0x00, 0x00, 0x00, 0x00, 0x00, 0x00, 0x00, 0x00, 0x00, 0x00, 0x00,
    0x00, 0x00, 0x00, 0x00, 0x00, 0x00, 0x00, 0x00, 0x00, 0x00, 0x00, 0x00, 0x00, 0x00, 0x00, 0x00,
    0x00, 0x00, 0x00, 0x00, 0x00, 0x00, 0x00, 0x00, 0x00, 0x00, 0x00, 0x00, 0x00, 0x00, 0x00, 0x00,
    0x00, 0x00, 0x00, 0x00, 0x00, 0x00, 0x00, 0x00, 0x00, 0x00, 0x00, 0x00, 0x00, 0x00, 0x00, 0x00,
    0x00, 0x00, 0x00, 0x00, 0x00, 0x00, 0x00, 0x00, 0x00, 0x00, 0x00, 0x00, 0x00, 0x00, 0x00, 0x00,
    0x00, 0x00, 0x00, 0x00, 0x00, 0x00, 0x00, 0x00, 0x00, 0x00, 0x00, 0x00, 0x00, 0x00, 0x00, 0x00,
    0x00, 0x00, 0x00, 0x00, 0x00, 0x00, 0x00, 0x00, 0x00, 0x00, 0x00, 0x00, 0x00, 0x00, 0x00, 0x00,
    0x00, 0x00, 0x00, 0x00, 0x00, 0x00, 0x00, 0x00, 0x00, 0x00, 0x00, 0x00, 0x00, 0x00, 0x00, 0x00,
    0x00, 0x00, 0x00, 0x00, 0x00, 0x00, 0x00, 0x00, 0x00, 0x00, 0x00, 0x00, 0x00, 0x00, 0x00, 0x00,
    0x00, 0x00, 0x00, 0x00, 0x00, 0x00, 0x00, 0x00, 0x00, 0x00, 0x00, 0x00, 0x00, 0x00, 0x00, 0x00,
    0x00, 0x00, 0x00, 0x00, 0x00, 0x00, 0x00, 0x00, 0x00, 0x00, 0x00, 0x00, 0x00, 0x00, 0x00, 0x00,
    0x00, 0x00, 0x00, 0x00, 0x00, 0x00, 0x00, 0x00, 0x00, 0x00, 0x00, 0x00, 0x00, 0x00, 0x00, 0x00,
    0x00, 0x00, 0x00, 0x00, 0x00, 0x00, 0x00, 0x00, 0x00, 0x00, 0x00, 0x00, 0x00, 0x00, 0x00, 0x00,
    0x00, 0x00, 0x00, 0x00, 0x00, 0x00, 0x00, 0x00, 0x00, 0x00, 0x00, 0x00, 0x00, 0x00, 0x00, 0x00,
    0x00, 0x00, 0x00, 0x00, 0x00, 0x00, 0x00, 0x00, 0x00, 0x00, 0x00, 0x00, 0x00, 0x00, 0x00, 0x00,
    0x00, 0x00, 0x00, 0x00, 0x00, 0x00, 0x00, 0x00, 0x00, 0x00, 0x00, 0x00, 0x00, 0x00, 0x00, 0x00,
    0x00, 0x00, 0x00, 0x00, 0x00, 0x00, 0x00, 0x00, 0x00, 0x00, 0x00, 0x00, 0x00, 0x00, 0x00, 0x00,
    0x00, 0x00, 0x00, 0x00, 0x00, 0x00, 0x00, 0x00, 0x00, 0x00, 0x00, 0x00, 0x00, 0x00, 0x00, 0x00,
    0x00, 0x00, 0x00, 0x00, 0x00, 0x00, 0x00, 0x00, 0x00, 0x00, 0x00, 0x00, 0x00, 0x00, 0x00, 0x00,
    0x00, 0x00, 0x00, 0x00, 0x00, 0x00, 0x00, 0x00, 0x00, 0x00, 0x00, 0x00, 0x00, 0x00, 0x00, 0x00
};

const lv_image_dsc_t pet_cat_touch_06 = {
    .header = {
        .magic = LV_IMAGE_HEADER_MAGIC,
        .cf = LV_COLOR_FORMAT_ARGB8888,
        .flags = 0,
        .w = 128,
        .h = 128,
        .stride = 512,
    },
    .data_size = 65536,
    .data = pet_cat_touch_06_map,
};
