/* Auto-generated — do not edit */
#include <lvgl/lvgl.h>

static const uint8_t pet_cat_play_09_map[] = {
    0x00, 0x00, 0x00, 0x00, 0x00, 0x00, 0x00, 0x00, 0x00, 0x00, 0x00, 0x00, 0x00, 0x00, 0x00, 0x00,
    0x00, 0x00, 0x00, 0x00, 0x00, 0x00, 0x00, 0x00, 0x00, 0x00, 0x00, 0x00, 0x00, 0x00, 0x00, 0x00,
    0x00, 0x00, 0x00, 0x00, 0x00, 0x00, 0x00, 0x00, 0x00, 0x00, 0x00, 0x00, 0x00, 0x00, 0x00, 0x00,
    0x00, 0x00, 0x00, 0x00, 0x00, 0x00, 0x00, 0x00, 0x00, 0x00, 0x00, 0x00, 0x00, 0x00, 0x00, 0x00,
    0x00, 0x00, 0x00, 0x00, 0x00, 0x00, 0x00, 0x00, 0x00, 0x00, 0x00, 0x00, 0x00, 0x00, 0x00, 0x00,
    0x00, 0x00, 0x00, 0x00, 0x00, 0x00, 0x00, 0x00, 0x00, 0x00, 0x00, 0x00, 0x00, 0x00, 0x00, 0x00,
    0x00, 0x00, 0x00, 0x00, 0x00, 0x00, 0x00, 0x00, 0x00, 0x00, 0x00, 0x00, 0x00, 0x00, 0x00, 0x00,
    0x00, 0x00, 0x00, 0x00, 0x00, 0x00, 0x00, 0x00, 0x00, 0x00, 0x00, 0x00, 0x00, 0x00, 0x00, 0x00,
    0x00, 0x00, 0x00, 0x00, 0x00, 0x00, 0x00, 0x00, 0x00, 0x00, 0x00, 0x00, 0x00, 0x00, 0x00, 0x00,
    0x00, 0x00, 0x00, 0x00, 0x00, 0x00, 0x00, 0x00, 0x00, 0x00, 0x00, 0x00, 0x00, 0x00, 0x00, 0x00,
    0x00, 0x00, 0x00, 0x00, 0x00, 0x00, 0x00, 0x00, 0x00, 0x00, 0x00, 0x00, 0x00, 0x00, 0x00, 0x00,
    0x00, 0x00, 0x00, 0x00, 0x00, 0x00, 0x00, 0x00, 0x00, 0x00, 0x00, 0x00, 0x00, 0x00, 0x00, 0x00,
    0x00, 0x00, 0x00, 0x00, 0x00, 0x00, 0x00, 0x00, 0x00, 0x00, 0x00, 0x00, 0x00, 0x00, 0x00, 0x00,
    0x00, 0x00, 0x00, 0x00, 0x00, 0x00, 0x00, 0x00, 0x00, 0x00, 0x00, 0x00, 0x00, 0x00, 0x00, 0x00,
    0x00, 0x00, 0x00, 0x00, 0x00, 0x00, 0x00, 0x00, 0x00, 0x00, 0x00, 0x00, 0x00, 0x00, 0x00, 0x00,
    0x00, 0x00, 0x00, 0x00, 0x00, 0x00, 0x00, 0x00, 0x00, 0x00, 0x00, 0x00, 0x00, 0x00, 0x00, 0x00,
    0x00, 0x00, 0x00, 0x00, 0x00, 0x00, 0x00, 0x00, 0x00, 0x00, 0x00, 0x00, 0x00, 0x00, 0x00, 0x00,
    0x00, 0x00, 0x00, 0x00, 0x00, 0x00, 0x00, 0x00, 0x00, 0x00, 0x00, 0x00, 0x00, 0x00, 0x00, 0x00,
    0x00, 0x00, 0x00, 0x00, 0x00, 0x00, 0x00, 0x00, 0x00, 0x00, 0x00, 0x00, 0x00, 0x00, 0x00, 0x00,
    0x00, 0x00, 0x00, 0x00, 0x00, 0x00, 0x00, 0x00, 0x00, 0x00, 0x00, 0x00, 0x00, 0x00, 0x00, 0x00,
    0x00, 0x00, 0x00, 0x00, 0x00, 0x00, 0x00, 0x00, 0x00, 0x00, 0x00, 0x00, 0x00, 0x00, 0x00, 0x00,
    0x00, 0x00, 0x00, 0x00, 0x00, 0x00, 0x00, 0x00, 0x00, 0x00, 0x00, 0x00, 0x00, 0x00, 0x00, 0x00,
    0x00, 0x00, 0x00, 0x00, 0x00, 0x00, 0x00, 0x00, 0x00, 0x00, 0x00, 0x00, 0x00, 0x00, 0x00, 0x00,
    0x00, 0x00, 0x00, 0x00, 0x00, 0x00, 0x00, 0x00, 0x00, 0x00, 0x00, 0x00, 0x00, 0x00, 0x00, 0x00,
    0x00, 0x00, 0x00, 0x00, 0x00, 0x00, 0x00, 0x00, 0x00, 0x00, 0x00, 0x00, 0x00, 0x00, 0x00, 0x00,
    0x00, 0x00, 0x00, 0x00, 0x00, 0x00, 0x00, 0x00, 0x00, 0x00, 0x00, 0x00, 0x00, 0x00, 0x00, 0x00,
    0x00, 0x00, 0x00, 0x00, 0x00, 0x00, 0x00, 0x00, 0x00, 0x00, 0x00, 0x00, 0x00, 0x00, 0x00, 0x00,
    0x00, 0x00, 0x00, 0x00, 0x00, 0x00, 0x00, 0x00, 0x00, 0x00, 0x00, 0x00, 0x00, 0x00, 0x00, 0x00,
    0x00, 0x00, 0x00, 0x00, 0x00, 0x00, 0x00, 0x00, 0x00, 0x00, 0x00, 0x00, 0x00, 0x00, 0x00, 0x00,
    0x00, 0x00, 0x00, 0x00, 0x00, 0x00, 0x00, 0x00, 0x00, 0x00, 0x00, 0x00, 0x00, 0x00, 0x00, 0x00,
    0x00, 0x00, 0x00, 0x00, 0x00, 0x00, 0x00, 0x00, 0x00, 0x00, 0x00, 0x00, 0x00, 0x00, 0x00, 0x00,
    0x00, 0x00, 0x00, 0x00, 0x00, 0x00, 0x00, 0x00, 0x00, 0x00, 0x00, 0x00, 0x00, 0x00, 0x00, 0x00,
    0x00, 0x00, 0x00, 0x00, 0x00, 0x00, 0x00, 0x00, 0x00, 0x00, 0x00, 0x00, 0x00, 0x00, 0x00, 0x00,
    0x00, 0x00, 0x00, 0x00, 0x00, 0x00, 0x00, 0x00, 0x00, 0x00, 0x00, 0x00, 0x00, 0x00, 0x00, 0x00,
    0x00, 0x00, 0x00, 0x00, 0x00, 0x00, 0x00, 0x00, 0x00, 0x00, 0x00, 0x00, 0x00, 0x00, 0x00, 0x00,
    0x00, 0x00, 0x00, 0x00, 0x00, 0x00, 0x00, 0x00, 0x00, 0x00, 0x00, 0x00, 0x00, 0x00, 0x00, 0x00,
    0x00, 0x00, 0x00, 0x00, 0x00, 0x00, 0x00, 0x00, 0x00, 0x00, 0x00, 0x00, 0x00, 0x00, 0x00, 0x00,
    0x00, 0x00, 0x00, 0x00, 0x00, 0x00, 0x00, 0x00, 0x00, 0x00, 0x00, 0x00, 0x00, 0x00, 0x00, 0x00,
    0x00, 0x00, 0x00, 0x00, 0x00, 0x00, 0x00, 0x00, 0x00, 0x00, 0x00, 0x00, 0x00, 0x00, 0x00, 0x00,
    0x00, 0x00, 0x00, 0x00, 0x00, 0x00, 0x00, 0x00, 0x00, 0x00, 0x00, 0x00, 0x00, 0x00, 0x00, 0x00,
    0x00, 0x00, 0x00, 0x00, 0x00, 0x00, 0x00, 0x00, 0x00, 0x00, 0x00, 0x00, 0x00, 0x00, 0x00, 0x00,
    0x00, 0x00, 0x00, 0x00, 0x00, 0x00, 0x00, 0x00, 0x00, 0x00, 0x00, 0x00, 0x00, 0x00, 0x00, 0x00,
    0x00, 0x00, 0x00, 0x00, 0x00, 0x00, 0x00, 0x00, 0x00, 0x00, 0x00, 0x00, 0x00, 0x00, 0x00, 0x00,
    0x00, 0x00, 0x00, 0x00, 0x00, 0x00, 0x00, 0x00, 0x00, 0x00, 0x00, 0x00, 0x00, 0x00, 0x00, 0x00,
    0x00, 0x00, 0x00, 0x00, 0x00, 0x00, 0x00, 0x00, 0x00, 0x00, 0x00, 0x00, 0x00, 0x00, 0x00, 0x00,
    0x00, 0x00, 0x00, 0x00, 0x00, 0x00, 0x00, 0x00, 0x00, 0x00, 0x00, 0x00, 0x00, 0x00, 0x00, 0x00,
    0x00, 0x00, 0x00, 0x00, 0x00, 0x00, 0x00, 0x00, 0x00, 0x00, 0x00, 0x00, 0x00, 0x00, 0x00, 0x00,
    0x00, 0x00, 0x00, 0x00, 0x00, 0x00, 0x00, 0x00, 0x00, 0x00, 0x00, 0x00, 0x00, 0x00, 0x00, 0x00,
    0x00, 0x00, 0x00, 0x00, 0x00, 0x00, 0x00, 0x00, 0x00, 0x00, 0x00, 0x00, 0x00, 0x00, 0x00, 0x00,
    0x00, 0x00, 0x00, 0x00, 0x00, 0x00, 0x00, 0x00, 0x00, 0x00, 0x00, 0x00, 0x00, 0x00, 0x00, 0x00,
    0x00, 0x00, 0x00, 0x00, 0x00, 0x00, 0x00, 0x00, 0x00, 0x00, 0x00, 0x00, 0x00, 0x00, 0x00, 0x00,
    0x00, 0x00, 0x00, 0x00, 0x00, 0x00, 0x00, 0x00, 0x00, 0x00, 0x00, 0x00, 0x00, 0x00, 0x00, 0x00,
    0x00, 0x00, 0x00, 0x00, 0x00, 0x00, 0x00, 0x00, 0x00, 0x00, 0x00, 0x00, 0x00, 0x00, 0x00, 0x00,
    0x00, 0x00, 0x00, 0x00, 0x00, 0x00, 0x00, 0x00, 0x00, 0x00, 0x00, 0x00, 0x00, 0x00, 0x00, 0x00,
    0x00, 0x00, 0x00, 0x00, 0x00, 0x00, 0x00, 0x00, 0x00, 0x00, 0x00, 0x00, 0x00, 0x00, 0x00, 0x00,
    0x00, 0x00, 0x00, 0x00, 0x00, 0x00, 0x00, 0x00, 0x00, 0x00, 0x00, 0x00, 0x00, 0x00, 0x00, 0x00,
    0x00, 0x00, 0x00, 0x00, 0x00, 0x00, 0x00, 0x00, 0x00, 0x00, 0x00, 0x00, 0x00, 0x00, 0x00, 0x00,
    0x00, 0x00, 0x00, 0x00, 0x00, 0x00, 0x00, 0x00, 0x00, 0x00, 0x00, 0x00, 0x00, 0x00, 0x00, 0x00,
    0x00, 0x00, 0x00, 0x00, 0x00, 0x00, 0x00, 0x00, 0x00, 0x00, 0x00, 0x00, 0x00, 0x00, 0x00, 0x00,
    0x00, 0x00, 0x00, 0x00, 0x00, 0x00, 0x00, 0x00, 0x00, 0x00, 0x00, 0x00, 0x00, 0x00, 0x00, 0x00,
    0x00, 0x00, 0x00, 0x00, 0x00, 0x00, 0x00, 0x00, 0x00, 0x00, 0x00, 0x00, 0x00, 0x00, 0x00, 0x00,
    0x00, 0x00, 0x00, 0x00, 0x00, 0x00, 0x00, 0x00, 0x00, 0x00, 0x00, 0x00, 0x00, 0x00, 0x00, 0x00,
    0x00, 0x00, 0x00, 0x00, 0x00, 0x00, 0x00, 0x00, 0x00, 0x00, 0x00, 0x00, 0x00, 0x00, 0x00, 0x00,
    0x00, 0x00, 0x00, 0x00, 0x00, 0x00, 0x00, 0x00, 0x00, 0x00, 0x00, 0x00, 0x00, 0x00, 0x00, 0x00,
    0x00, 0x00, 0x00, 0x00, 0x00, 0x00, 0x00, 0x00, 0x00, 0x00, 0x00, 0x00, 0x00, 0x00, 0x00, 0x00,
    0x00, 0x00, 0x00, 0x00, 0x00, 0x00, 0x00, 0x00, 0x00, 0x00, 0x00, 0x00, 0x00, 0x00, 0x00, 0x00,
    0x00, 0x00, 0x00, 0x00, 0x00, 0x00, 0x00, 0x00, 0x00, 0x00, 0x00, 0x00, 0x00, 0x00, 0x00, 0x00,
    0x00, 0x00, 0x00, 0x00, 0x00, 0x00, 0x00, 0x00, 0x00, 0x00, 0x00, 0x00, 0x00, 0x00, 0x00, 0x00,
    0x4D, 0x7C, 0xB0, 0x01, 0x00, 0x00, 0x00, 0x00, 0x00, 0x00, 0x00, 0x00, 0x4D, 0x7B, 0xAE, 0x01,
    0x4D, 0x7B, 0xAE, 0x01, 0x4D, 0x7B, 0xAE, 0x01, 0x4D, 0x7A, 0xAE, 0x01, 0x00, 0x00, 0x00, 0x00,
    0x00, 0x00, 0x00, 0x00, 0x00, 0x00, 0x00, 0x00, 0x4E, 0x7B, 0xAE, 0x01, 0x4F, 0x7B, 0xAF, 0x01,
    0x4F, 0x7B, 0xAF, 0x01, 0x4F, 0x7B, 0xAF, 0x01, 0x4F, 0x7B, 0xAE, 0x01, 0x50, 0x7B, 0xAF, 0x01,
    0x50, 0x7B, 0xAF, 0x01, 0x50, 0x7B, 0xAF, 0x01, 0x50, 0x7B, 0xB0, 0x01, 0x4F, 0x7B, 0xAF, 0x01,
    0x4F, 0x7B, 0xAF, 0x01, 0x4F, 0x7B, 0xAF, 0x01, 0x4E, 0x7A, 0xAF, 0x01, 0x4D, 0x7A, 0xAF, 0x01,
    0x4D, 0x7A, 0xAF, 0x01, 0x4D, 0x7B, 0xAE, 0x01, 0x4D, 0x7B, 0xAF, 0x01, 0x4C, 0x7B, 0xAF, 0x01,
    0x4C, 0x7B, 0xAF, 0x01, 0x4B, 0x7C, 0xB0, 0x01, 0x4B, 0x7B, 0xB1, 0x01, 0x4B, 0x7B, 0xB1, 0x01,
    0x4A, 0x7C, 0xB2, 0x01, 0x4A, 0x7C, 0xB3, 0x01, 0x49, 0x7C, 0xB4, 0x01, 0x49, 0x7C, 0xB4, 0x01,
    0x49, 0x7C, 0xB5, 0x01, 0x49, 0x7D, 0xB5, 0x01, 0x48, 0x7C, 0xB6, 0x01, 0x48, 0x7C, 0xB6, 0x01,
    0x49, 0x7C, 0xB6, 0x01, 0x49, 0x7C, 0xB6, 0x01, 0x49, 0x7C, 0xB6, 0x01, 0x48, 0x7D, 0xB6, 0x01,
    0x48, 0x7C, 0xB7, 0x01, 0x47, 0x7B, 0xB7, 0x01, 0x47, 0x7B, 0xB7, 0x01, 0x00, 0x00, 0x00, 0x00,
    0x00, 0x00, 0x00, 0x00, 0x00, 0x00, 0x00, 0x00, 0x00, 0x00, 0x00, 0x00, 0x00, 0x00, 0x00, 0x00,
    0x00, 0x00, 0x00, 0x00, 0x00, 0x00, 0x00, 0x00, 0x00, 0x00, 0x00, 0x00, 0x00, 0x00, 0x00, 0x00,
    0x00, 0x00, 0x00, 0x00, 0x00, 0x00, 0x00, 0x00, 0x00, 0x00, 0x00, 0x00, 0x00, 0x00, 0x00, 0x00,
    0x00, 0x00, 0x00, 0x00, 0x00, 0x00, 0x00, 0x00, 0x00, 0x00, 0x00, 0x00, 0x00, 0x00, 0x00, 0x00,
    0x00, 0x00, 0x00, 0x00, 0x00, 0x00, 0x00, 0x00, 0x00, 0x00, 0x00, 0x00, 0x00, 0x00, 0x00, 0x00,
    0x00, 0x00, 0x00, 0x00, 0x00, 0x00, 0x00, 0x00, 0x00, 0x00, 0x00, 0x00, 0x00, 0x00, 0x00, 0x00,
    0x00, 0x00, 0x00, 0x00, 0x00, 0x00, 0x00, 0x00, 0x00, 0x00, 0x00, 0x00, 0x00, 0x00, 0x00, 0x00,
    0x00, 0x00, 0x00, 0x00, 0x00, 0x00, 0x00, 0x00, 0x00, 0x00, 0x00, 0x00, 0x00, 0x00, 0x00, 0x00,
    0x00, 0x00, 0x00, 0x00, 0x00, 0x00, 0x00, 0x00, 0x00, 0x00, 0x00, 0x00, 0x00, 0x00, 0x00, 0x00,
    0x00, 0x00, 0x00, 0x00, 0x00, 0x00, 0x00, 0x00, 0x00, 0x00, 0x00, 0x00, 0x00, 0x00, 0x00, 0x00,
    0x00, 0x00, 0x00, 0x00, 0x00, 0x00, 0x00, 0x00, 0x00, 0x00, 0x00, 0x00, 0x00, 0x00, 0x00, 0x00,
    0x00, 0x00, 0x00, 0x00, 0x00, 0x00, 0x00, 0x00, 0x00, 0x00, 0x00, 0x00, 0x00, 0x00, 0x00, 0x00,
    0x00, 0x00, 0x00, 0x00, 0x00, 0x00, 0x00, 0x00, 0x00, 0x00, 0x00, 0x00, 0x00, 0x00, 0x00, 0x00,
    0x00, 0x00, 0x00, 0x00, 0x00, 0x00, 0x00, 0x00, 0x00, 0x00, 0x00, 0x00, 0x00, 0x00, 0x00, 0x00,
    0x00, 0x00, 0x00, 0x00, 0x00, 0x00, 0x00, 0x00, 0x00, 0x00, 0x00, 0x00, 0x00, 0x00, 0x00, 0x00,
    0x00, 0x00, 0x00, 0x00, 0x00, 0x00, 0x00, 0x00, 0x00, 0x00, 0x00, 0x00, 0x00, 0x00, 0x00, 0x00,
    0x00, 0x00, 0x00, 0x00, 0x00, 0x00, 0x00, 0x00, 0x00, 0x00, 0x00, 0x00, 0x00, 0x00, 0x00, 0x00,
    0x00, 0x00, 0x00, 0x00, 0x00, 0x00, 0x00, 0x00, 0x00, 0x00, 0x00, 0x00, 0x00, 0x00, 0x00, 0x00,
    0x00, 0x00, 0x00, 0x00, 0x00, 0x00, 0x00, 0x00, 0x00, 0x00, 0x00, 0x00, 0x00, 0x00, 0x00, 0x00,
    0x00, 0x00, 0x00, 0x00, 0x00, 0x00, 0x00, 0x00, 0x00, 0x00, 0x00, 0x00, 0x00, 0x00, 0x00, 0x00,
    0x00, 0x00, 0x00, 0x00, 0x00, 0x00, 0x00, 0x00, 0x00, 0x00, 0x00, 0x00, 0x00, 0x00, 0x00, 0x00,
    0x00, 0x00, 0x00, 0x00, 0x00, 0x00, 0x00, 0x00, 0x00, 0x00, 0x00, 0x00, 0x00, 0x00, 0x00, 0x00,
    0x00, 0x00, 0x00, 0x00, 0x00, 0x00, 0x00, 0x00, 0x00, 0x00, 0x00, 0x00, 0x00, 0x00, 0x00, 0x00,
    0x00, 0x00, 0x00, 0x00, 0x00, 0x00, 0x00, 0x00, 0x4D, 0x7B, 0xB0, 0x01, 0x4D, 0x7B, 0xB0, 0x01,
    0x4D, 0x7B, 0xB0, 0x01, 0x4E, 0x7B, 0xB1, 0x01, 0x4D, 0x7B, 0xB2, 0x01, 0x4D, 0x7C, 0xB2, 0x01,
    0x4D, 0x7C, 0xB2, 0x01, 0x4C, 0x7C, 0xB2, 0x01, 0x4C, 0x7C, 0xB2, 0x01, 0x4B, 0x7B, 0xB2, 0x01,
    0x4B, 0x7B, 0xB2, 0x01, 0x4B, 0x7C, 0xB1, 0x01, 0x4B, 0x7C, 0xB1, 0x01, 0x4A, 0x7C, 0xB2, 0x01,
    0x4A, 0x7C, 0xB2, 0x01, 0x4A, 0x7C, 0xB3, 0x01, 0x49, 0x7C, 0xB4, 0x01, 0x49, 0x7C, 0xB4, 0x01,
    0x49, 0x7D, 0xB5, 0x01, 0x49, 0x7D, 0xB6, 0x01, 0x48, 0x7D, 0xB7, 0x01, 0x48, 0x7D, 0xB7, 0x01,
    0x48, 0x7E, 0xB8, 0x01, 0x48, 0x7E, 0xB8, 0x01, 0x48, 0x7E, 0xB9, 0x01, 0x48, 0x7E, 0xB9, 0x01,
    0x48, 0x7E, 0xB9, 0x01, 0x48, 0x7E, 0xB9, 0x01, 0x48, 0x7E, 0xB9, 0x01, 0x00, 0x00, 0x00, 0x00,
    0x00, 0x00, 0x00, 0x00, 0x00, 0x00, 0x00, 0x00, 0x00, 0x00, 0x00, 0x00, 0x00, 0x00, 0x00, 0x00,
    0x00, 0x00, 0x00, 0x00, 0x00, 0x00, 0x00, 0x00, 0x00, 0x00, 0x00, 0x00, 0x00, 0x00, 0x00, 0x00,
    0x00, 0x00, 0x00, 0x00, 0x00, 0x00, 0x00, 0x00, 0x00, 0x00, 0x00, 0x00, 0x00, 0x00, 0x00, 0x00,
    0x00, 0x00, 0x00, 0x00, 0x00, 0x00, 0x00, 0x00, 0x43, 0x79, 0xB6, 0x02, 0x43, 0x78, 0xB5, 0x03,
    0x42, 0x77, 0xB5, 0x03, 0x42, 0x77, 0xB5, 0x03, 0x43, 0x78, 0xB7, 0x02, 0x43, 0x7A, 0xB9, 0x03,
    0x44, 0x7B, 0xBB, 0x01, 0x44, 0x7B, 0xBB, 0x01, 0x44, 0x7B, 0xBB, 0x01, 0x45, 0x7D, 0xBC, 0x01,
    0x45, 0x7D, 0xBC, 0x01, 0x45, 0x7D, 0xBC, 0x01, 0x46, 0x7E, 0xBD, 0x01, 0x45, 0x7E, 0xBD, 0x01,
    0x45, 0x7E, 0xBD, 0x01, 0x44, 0x7D, 0xBE, 0x01, 0x00, 0x00, 0x00, 0x00, 0x00, 0x00, 0x00, 0x00,
    0x00, 0x00, 0x00, 0x00, 0x00, 0x00, 0x00, 0x00, 0x00, 0x00, 0x00, 0x00, 0x00, 0x00, 0x00, 0x00,
    0x00, 0x00, 0x00, 0x00, 0x00, 0x00, 0x00, 0x00, 0x00, 0x00, 0x00, 0x00, 0x00, 0x00, 0x00, 0x00,
    0x00, 0x00, 0x00, 0x00, 0x00, 0x00, 0x00, 0x00, 0x00, 0x00, 0x00, 0x00, 0x00, 0x00, 0x00, 0x00,
    0x00, 0x00, 0x00, 0x00, 0x00, 0x00, 0x00, 0x00, 0x00, 0x00, 0x00, 0x00, 0x00, 0x00, 0x00, 0x00,
    0x00, 0x00, 0x00, 0x00, 0x00, 0x00, 0x00, 0x00, 0x00, 0x00, 0x00, 0x00, 0x00, 0x00, 0x00, 0x00,
    0x00, 0x00, 0x00, 0x00, 0x00, 0x00, 0x00, 0x00, 0x00, 0x00, 0x00, 0x00, 0x00, 0x00, 0x00, 0x00,
    0x00, 0x00, 0x00, 0x00, 0x00, 0x00, 0x00, 0x00, 0x00, 0x00, 0x00, 0x00, 0x00, 0x00, 0x00, 0x00,
    0x00, 0x00, 0x00, 0x00, 0x00, 0x00, 0x00, 0x00, 0x00, 0x00, 0x00, 0x00, 0x00, 0x00, 0x00, 0x00,
    0x00, 0x00, 0x00, 0x00, 0x00, 0x00, 0x00, 0x00, 0x00, 0x00, 0x00, 0x00, 0x00, 0x00, 0x00, 0x00,
    0x00, 0x00, 0x00, 0x00, 0x00, 0x00, 0x00, 0x00, 0x00, 0x00, 0x00, 0x00, 0x00, 0x00, 0x00, 0x00,
    0x00, 0x00, 0x00, 0x00, 0x00, 0x00, 0x00, 0x00, 0x00, 0x00, 0x00, 0x00, 0x00, 0x00, 0x00, 0x00,
    0x00, 0x00, 0x00, 0x00, 0x00, 0x00, 0x00, 0x00, 0x00, 0x00, 0x00, 0x00, 0x00, 0x00, 0x00, 0x00,
    0x00, 0x00, 0x00, 0x00, 0x00, 0x00, 0x00, 0x00, 0x00, 0x00, 0x00, 0x00, 0x00, 0x00, 0x00, 0x00,
    0x00, 0x00, 0x00, 0x00, 0x00, 0x00, 0x00, 0x00, 0x00, 0x00, 0x00, 0x00, 0x00, 0x00, 0x00, 0x00,
    0x00, 0x00, 0x00, 0x00, 0x00, 0x00, 0x00, 0x00, 0x00, 0x00, 0x00, 0x00, 0x00, 0x00, 0x00, 0x00,
    0x00, 0x00, 0x00, 0x00, 0x00, 0x00, 0x00, 0x00, 0x00, 0x00, 0x00, 0x00, 0x00, 0x00, 0x00, 0x00,
    0x00, 0x00, 0x00, 0x00, 0x00, 0x00, 0x00, 0x00, 0x4D, 0x7B, 0xB0, 0x01, 0x4D, 0x7B, 0xB0, 0x01,
    0x4D, 0x7B, 0xB0, 0x01, 0x4E, 0x7B, 0xB1, 0x01, 0x4D, 0x7B, 0xB2, 0x01, 0x4D, 0x7C, 0xB2, 0x01,
    0x4D, 0x7C, 0xB2, 0x01, 0x4C, 0x7C, 0xB2, 0x01, 0x4C, 0x7C, 0xB2, 0x01, 0x4B, 0x7B, 0xB2, 0x01,
    0x4B, 0x7B, 0xB2, 0x01, 0x4B, 0x7C, 0xB1, 0x01, 0x4B, 0x7C, 0xB1, 0x01, 0x4A, 0x7C, 0xB2, 0x01,
    0x4A, 0x7C, 0xB2, 0x01, 0x4A, 0x7C, 0xB3, 0x01, 0x49, 0x7C, 0xB4, 0x01, 0x49, 0x7C, 0xB4, 0x01,
    0x49, 0x7D, 0xB5, 0x01, 0x49, 0x7D, 0xB6, 0x01, 0x48, 0x7D, 0xB7, 0x01, 0x48, 0x7D, 0xB7, 0x01,
    0x48, 0x7E, 0xB8, 0x01, 0x48, 0x7E, 0xB8, 0x01, 0x48, 0x7E, 0xB9, 0x01, 0x48, 0x7E, 0xB9, 0x01,
    0x48, 0x7E, 0xB9, 0x01, 0x48, 0x7E, 0xB9, 0x01, 0x48, 0x7E, 0xB9, 0x01, 0x00, 0x00, 0x00, 0x00,
    0x00, 0x00, 0x00, 0x00, 0x00, 0x00, 0x00, 0x00, 0x00, 0x00, 0x00, 0x00, 0x00, 0x00, 0x00, 0x00,
    0x00, 0x00, 0x00, 0x00, 0x00, 0x00, 0x00, 0x00, 0x00, 0x00, 0x00, 0x00, 0x00, 0x00, 0x00, 0x00,
    0x00, 0x00, 0x00, 0x00, 0x00, 0x00, 0x00, 0x00, 0x00, 0x00, 0x00, 0x00, 0x00, 0x00, 0x00, 0x00,
    0x00, 0x00, 0x00, 0x00, 0x00, 0x00, 0x00, 0x00, 0x43, 0x79, 0xB6, 0x02, 0x43, 0x78, 0xB5, 0x03,
    0x42, 0x77, 0xB5, 0x03, 0x42, 0x77, 0xB5, 0x03, 0x43, 0x78, 0xB7, 0x02, 0x43, 0x7A, 0xB9, 0x03,
    0x44, 0x7B, 0xBB, 0x01, 0x44, 0x7B, 0xBB, 0x01, 0x44, 0x7B, 0xBB, 0x01, 0x45, 0x7D, 0xBC, 0x01,
    0x45, 0x7D, 0xBC, 0x01, 0x45, 0x7D, 0xBC, 0x01, 0x46, 0x7E, 0xBD, 0x01, 0x45, 0x7E, 0xBD, 0x01,
    0x45, 0x7E, 0xBD, 0x01, 0x44, 0x7D, 0xBE, 0x01, 0x00, 0x00, 0x00, 0x00, 0x00, 0x00, 0x00, 0x00,
    0x00, 0x00, 0x00, 0x00, 0x00, 0x00, 0x00, 0x00, 0x00, 0x00, 0x00, 0x00, 0x00, 0x00, 0x00, 0x00,
    0x00, 0x00, 0x00, 0x00, 0x00, 0x00, 0x00, 0x00, 0x00, 0x00, 0x00, 0x00, 0x00, 0x00, 0x00, 0x00,
    0x00, 0x00, 0x00, 0x00, 0x00, 0x00, 0x00, 0x00, 0x00, 0x00, 0x00, 0x00, 0x00, 0x00, 0x00, 0x00,
    0x00, 0x00, 0x00, 0x00, 0x00, 0x00, 0x00, 0x00, 0x00, 0x00, 0x00, 0x00, 0x00, 0x00, 0x00, 0x00,
    0x00, 0x00, 0x00, 0x00, 0x00, 0x00, 0x00, 0x00, 0x00, 0x00, 0x00, 0x00, 0x00, 0x00, 0x00, 0x00,
    0x00, 0x00, 0x00, 0x00, 0x00, 0x00, 0x00, 0x00, 0x00, 0x00, 0x00, 0x00, 0x00, 0x00, 0x00, 0x00,
    0x00, 0x00, 0x00, 0x00, 0x00, 0x00, 0x00, 0x00, 0x00, 0x00, 0x00, 0x00, 0x00, 0x00, 0x00, 0x00,
    0x00, 0x00, 0x00, 0x00, 0x00, 0x00, 0x00, 0x00, 0x00, 0x00, 0x00, 0x00, 0x00, 0x00, 0x00, 0x00,
    0x00, 0x00, 0x00, 0x00, 0x00, 0x00, 0x00, 0x00, 0x00, 0x00, 0x00, 0x00, 0x00, 0x00, 0x00, 0x00,
    0x00, 0x00, 0x00, 0x00, 0x00, 0x00, 0x00, 0x00, 0x00, 0x00, 0x00, 0x00, 0x00, 0x00, 0x00, 0x00,
    0x00, 0x00, 0x00, 0x00, 0x00, 0x00, 0x00, 0x00, 0x00, 0x00, 0x00, 0x00, 0x00, 0x00, 0x00, 0x00,
    0x00, 0x00, 0x00, 0x00, 0x00, 0x00, 0x00, 0x00, 0x00, 0x00, 0x00, 0x00, 0x00, 0x00, 0x00, 0x00,
    0x00, 0x00, 0x00, 0x00, 0x00, 0x00, 0x00, 0x00, 0x00, 0x00, 0x00, 0x00, 0x00, 0x00, 0x00, 0x00,
    0x00, 0x00, 0x00, 0x00, 0x00, 0x00, 0x00, 0x00, 0x00, 0x00, 0x00, 0x00, 0x00, 0x00, 0x00, 0x00,
    0x00, 0x00, 0x00, 0x00, 0x00, 0x00, 0x00, 0x00, 0x00, 0x00, 0x00, 0x00, 0x00, 0x00, 0x00, 0x00,
    0x00, 0x00, 0x00, 0x00, 0x00, 0x00, 0x00, 0x00, 0x00, 0x00, 0x00, 0x00, 0x00, 0x00, 0x00, 0x00,
    0x00, 0x00, 0x00, 0x00, 0x00, 0x00, 0x00, 0x00, 0x4C, 0x7A, 0xB1, 0x01, 0x4C, 0x7B, 0xB3, 0x01,
    0x4C, 0x7B, 0xB3, 0x01, 0x4B, 0x7B, 0xB3, 0x01, 0x4B, 0x7B, 0xB4, 0x01, 0x4A, 0x7C, 0xB4, 0x01,
    0x4A, 0x7C, 0xB4, 0x01, 0x49, 0x7C, 0xB4, 0x01, 0x49, 0x7C, 0xB5, 0x01, 0x49, 0x7C, 0xB5, 0x01,
    0x49, 0x7C, 0xB5, 0x01, 0x49, 0x7C, 0xB5, 0x01, 0x48, 0x7C, 0xB5, 0x01, 0x48, 0x7D, 0xB5, 0x01,
    0x48, 0x7D, 0xB5, 0x01, 0x48, 0x7D, 0xB6, 0x01, 0x47, 0x7D, 0xB6, 0x01, 0x47, 0x7D, 0xB6, 0x01,
    0x47, 0x7E, 0xB7, 0x01, 0x47, 0x7E, 0xB8, 0x01, 0x47, 0x7E, 0xB9, 0x01, 0x47, 0x7E, 0xB9, 0x01,
    0x47, 0x7E, 0xBA, 0x01, 0x47, 0x7F, 0xBB, 0x01, 0x00, 0x00, 0x00, 0x00, 0x00, 0x00, 0x00, 0x00,
    0x00, 0x00, 0x00, 0x00, 0x00, 0x00, 0x00, 0x00, 0x00, 0x00, 0x00, 0x00, 0x00, 0x00, 0x00, 0x00,
    0x00, 0x00, 0x00, 0x00, 0x00, 0x00, 0x00, 0x00, 0x00, 0x00, 0x00, 0x00, 0x00, 0x00, 0x00, 0x00,
    0x00, 0x00, 0x00, 0x00, 0x00, 0x00, 0x00, 0x00, 0x00, 0x00, 0x00, 0x00, 0x00, 0x00, 0x00, 0x00,
    0x00, 0x00, 0x00, 0x00, 0x00, 0x00, 0x00, 0x00, 0x00, 0x00, 0x00, 0x00, 0x00, 0x00, 0x00, 0x00,
    0x41, 0x79, 0xBB, 0x01, 0x41, 0x79, 0xBB, 0x01, 0x40, 0x7A, 0xBC, 0x01, 0x00, 0x00, 0x00, 0x00,
    0x00, 0x00, 0x00, 0x00, 0x00, 0x00, 0x00, 0x00, 0x00, 0x00, 0x00, 0x00, 0x41, 0x7B, 0xBC, 0x01,
    0x43, 0x7C, 0xBC, 0x02, 0x43, 0x7C, 0xBC, 0x02, 0x45, 0x7E, 0xBD, 0x02, 0x46, 0x7F, 0xBD, 0x02,
    0x46, 0x7F, 0xBD, 0x02, 0x47, 0x7F, 0xBE, 0x02, 0x46, 0x7F, 0xBE, 0x01, 0x45, 0x7F, 0xBE, 0x02,
    0x45, 0x7F, 0xBE, 0x02, 0x44, 0x7F, 0xBF, 0x01, 0x43, 0x7E, 0xBF, 0x01, 0x00, 0x00, 0x00, 0x00,
    0x00, 0x00, 0x00, 0x00, 0x00, 0x00, 0x00, 0x00, 0x00, 0x00, 0x00, 0x00, 0x00, 0x00, 0x00, 0x00,
    0x00, 0x00, 0x00, 0x00, 0x00, 0x00, 0x00, 0x00, 0x00, 0x00, 0x00, 0x00, 0x00, 0x00, 0x00, 0x00,
    0x00, 0x00, 0x00, 0x00, 0x00, 0x00, 0x00, 0x00, 0x00, 0x00, 0x00, 0x00, 0x00, 0x00, 0x00, 0x00,
    0x00, 0x00, 0x00, 0x00, 0x00, 0x00, 0x00, 0x00, 0x00, 0x00, 0x00, 0x00, 0x00, 0x00, 0x00, 0x00,
    0x00, 0x00, 0x00, 0x00, 0x00, 0x00, 0x00, 0x00, 0x00, 0x00, 0x00, 0x00, 0x00, 0x00, 0x00, 0x00,
    0x00, 0x00, 0x00, 0x00, 0x00, 0x00, 0x00, 0x00, 0x00, 0x00, 0x00, 0x00, 0x00, 0x00, 0x00, 0x00,
    0x00, 0x00, 0x00, 0x00, 0x00, 0x00, 0x00, 0x00, 0x00, 0x00, 0x00, 0x00, 0x00, 0x00, 0x00, 0x00,
    0x00, 0x00, 0x00, 0x00, 0x00, 0x00, 0x00, 0x00, 0x00, 0x00, 0x00, 0x00, 0x00, 0x00, 0x00, 0x00,
    0x00, 0x00, 0x00, 0x00, 0x00, 0x00, 0x00, 0x00, 0x00, 0x00, 0x00, 0x00, 0x00, 0x00, 0x00, 0x00,
    0x00, 0x00, 0x00, 0x00, 0x00, 0x00, 0x00, 0x00, 0x00, 0x00, 0x00, 0x00, 0x00, 0x00, 0x00, 0x00,
    0x00, 0x00, 0x00, 0x00, 0x00, 0x00, 0x00, 0x00, 0x00, 0x00, 0x00, 0x00, 0x00, 0x00, 0x00, 0x00,
    0x00, 0x00, 0x00, 0x00, 0x00, 0x00, 0x00, 0x00, 0x00, 0x00, 0x00, 0x00, 0x00, 0x00, 0x00, 0x00,
    0x00, 0x00, 0x00, 0x00, 0x00, 0x00, 0x00, 0x00, 0x00, 0x00, 0x00, 0x00, 0x00, 0x00, 0x00, 0x00,
    0x00, 0x00, 0x00, 0x00, 0x00, 0x00, 0x00, 0x00, 0x00, 0x00, 0x00, 0x00, 0x00, 0x00, 0x00, 0x00,
    0x00, 0x00, 0x00, 0x00, 0x00, 0x00, 0x00, 0x00, 0x00, 0x00, 0x00, 0x00, 0x00, 0x00, 0x00, 0x00,
    0x00, 0x00, 0x00, 0x00, 0x00, 0x00, 0x00, 0x00, 0x00, 0x00, 0x00, 0x00, 0x00, 0x00, 0x00, 0x00,
    0x00, 0x00, 0x00, 0x00, 0x00, 0x00, 0x00, 0x00, 0x00, 0x00, 0x00, 0x00, 0x00, 0x00, 0x00, 0x00,
    0x00, 0x00, 0x00, 0x00, 0x00, 0x00, 0x00, 0x00, 0x00, 0x00, 0x00, 0x00, 0x48, 0x7C, 0xB6, 0x01,
    0x48, 0x7C, 0xB6, 0x01, 0x00, 0x00, 0x00, 0x00, 0x48, 0x7D, 0xB7, 0x01, 0x48, 0x7D, 0xB7, 0x01,
    0x48, 0x7D, 0xB7, 0x01, 0x48, 0x7D, 0xB8, 0x01, 0x48, 0x7E, 0xB8, 0x01, 0x47, 0x7E, 0xB8, 0x01,
    0x47, 0x7E, 0xB8, 0x01, 0x47, 0x7E, 0xB8, 0x01, 0x47, 0x7F, 0xB9, 0x01, 0x47, 0x7F, 0xB9, 0x01,
    0x48, 0x80, 0xB9, 0x01, 0x48, 0x7F, 0xBA, 0x01, 0x48, 0x80, 0xBB, 0x01, 0x48, 0x80, 0xBB, 0x01,
    0x48, 0x80, 0xBC, 0x01, 0x00, 0x00, 0x00, 0x00, 0x00, 0x00, 0x00, 0x00, 0x00, 0x00, 0x00, 0x00,
    0x00, 0x00, 0x00, 0x00, 0x00, 0x00, 0x00, 0x00, 0x00, 0x00, 0x00, 0x00, 0x00, 0x00, 0x00, 0x00,
    0x00, 0x00, 0x00, 0x00, 0x00, 0x00, 0x00, 0x00, 0x00, 0x00, 0x00, 0x00, 0x00, 0x00, 0x00, 0x00,
    0x00, 0x00, 0x00, 0x00, 0x00, 0x00, 0x00, 0x00, 0x00, 0x00, 0x00, 0x00, 0x00, 0x00, 0x00, 0x00,
    0x00, 0x00, 0x00, 0x00, 0x00, 0x00, 0x00, 0x00, 0x00, 0x00, 0x00, 0x00, 0x3F, 0x78, 0xBB, 0x01,
    0x00, 0x00, 0x00, 0x00, 0x00, 0x00, 0x00, 0x00, 0x33, 0x70, 0xB4, 0x0B, 0x2C, 0x5D, 0x96, 0x42,
    0x20, 0x44, 0x6F, 0x56, 0x20, 0x44, 0x6F, 0x56, 0x27, 0x4D, 0x76, 0x41, 0x34, 0x65, 0x9B, 0x2B,
    0x3E, 0x7E, 0xBC, 0x07, 0x3E, 0x7E, 0xBC, 0x07, 0x3F, 0x7D, 0xBB, 0x05, 0x46, 0x80, 0xBF, 0x03,
    0x46, 0x80, 0xBF, 0x03, 0x49, 0x81, 0xC0, 0x03, 0x47, 0x80, 0xC0, 0x02, 0x46, 0x7F, 0xC0, 0x02,
    0x46, 0x7F, 0xC0, 0x02, 0x44, 0x7F, 0xC0, 0x01, 0x43, 0x7F, 0xC0, 0x01, 0x00, 0x00, 0x00, 0x00,
    0x00, 0x00, 0x00, 0x00, 0x00, 0x00, 0x00, 0x00, 0x00, 0x00, 0x00, 0x00, 0x00, 0x00, 0x00, 0x00,
    0x00, 0x00, 0x00, 0x00, 0x00, 0x00, 0x00, 0x00, 0x00, 0x00, 0x00, 0x00, 0x00, 0x00, 0x00, 0x00,
    0x00, 0x00, 0x00, 0x00, 0x00, 0x00, 0x00, 0x00, 0x00, 0x00, 0x00, 0x00, 0x00, 0x00, 0x00, 0x00,
    0x00, 0x00, 0x00, 0x00, 0x00, 0x00, 0x00, 0x00, 0x00, 0x00, 0x00, 0x00, 0x00, 0x00, 0x00, 0x00,
    0x00, 0x00, 0x00, 0x00, 0x00, 0x00, 0x00, 0x00, 0x00, 0x00, 0x00, 0x00, 0x00, 0x00, 0x00, 0x00,
    0x00, 0x00, 0x00, 0x00, 0x00, 0x00, 0x00, 0x00, 0x00, 0x00, 0x00, 0x00, 0x00, 0x00, 0x00, 0x00,
    0x00, 0x00, 0x00, 0x00, 0x00, 0x00, 0x00, 0x00, 0x00, 0x00, 0x00, 0x00, 0x00, 0x00, 0x00, 0x00,
    0x00, 0x00, 0x00, 0x00, 0x00, 0x00, 0x00, 0x00, 0x00, 0x00, 0x00, 0x00, 0x00, 0x00, 0x00, 0x00,
    0x00, 0x00, 0x00, 0x00, 0x00, 0x00, 0x00, 0x00, 0x00, 0x00, 0x00, 0x00, 0x00, 0x00, 0x00, 0x00,
    0x00, 0x00, 0x00, 0x00, 0x00, 0x00, 0x00, 0x00, 0x00, 0x00, 0x00, 0x00, 0x00, 0x00, 0x00, 0x00,
    0x00, 0x00, 0x00, 0x00, 0x00, 0x00, 0x00, 0x00, 0x00, 0x00, 0x00, 0x00, 0x00, 0x00, 0x00, 0x00,
    0x00, 0x00, 0x00, 0x00, 0x00, 0x00, 0x00, 0x00, 0x00, 0x00, 0x00, 0x00, 0x00, 0x00, 0x00, 0x00,
    0x00, 0x00, 0x00, 0x00, 0x00, 0x00, 0x00, 0x00, 0x00, 0x00, 0x00, 0x00, 0x00, 0x00, 0x00, 0x00,
    0x00, 0x00, 0x00, 0x00, 0x00, 0x00, 0x00, 0x00, 0x00, 0x00, 0x00, 0x00, 0x00, 0x00, 0x00, 0x00,
    0x00, 0x00, 0x00, 0x00, 0x00, 0x00, 0x00, 0x00, 0x00, 0x00, 0x00, 0x00, 0x00, 0x00, 0x00, 0x00,
    0x00, 0x00, 0x00, 0x00, 0x00, 0x00, 0x00, 0x00, 0x00, 0x00, 0x00, 0x00, 0x47, 0x7B, 0xB2, 0x01,
    0x46, 0x7B, 0xB3, 0x02, 0x46, 0x7B, 0xB3, 0x02, 0x45, 0x7B, 0xB5, 0x03, 0x46, 0x7D, 0xB7, 0x02,
    0x46, 0x7D, 0xB7, 0x02, 0x46, 0x7D, 0xB6, 0x03, 0x48, 0x7D, 0xB8, 0x02, 0x47, 0x7D, 0xB8, 0x01,
    0x47, 0x7D, 0xB8, 0x01, 0x00, 0x00, 0x00, 0x00, 0x47, 0x7D, 0xB9, 0x01, 0x48, 0x7E, 0xBA, 0x01,
    0x48, 0x7E, 0xBA, 0x01, 0x48, 0x7F, 0xBA, 0x01, 0x48, 0x80, 0xBB, 0x01, 0x47, 0x80, 0xBA, 0x01,
    0x47, 0x80, 0xBA, 0x01, 0x47, 0x80, 0xBB, 0x01, 0x47, 0x80, 0xBB, 0x01, 0x47, 0x80, 0xBB, 0x01,
    0x47, 0x81, 0xBC, 0x01, 0x48, 0x81, 0xBD, 0x01, 0x00, 0x00, 0x00, 0x00, 0x00, 0x00, 0x00, 0x00,
    0x00, 0x00, 0x00, 0x00, 0x00, 0x00, 0x00, 0x00, 0x00, 0x00, 0x00, 0x00, 0x00, 0x00, 0x00, 0x00,
    0x00, 0x00, 0x00, 0x00, 0x00, 0x00, 0x00, 0x00, 0x00, 0x00, 0x00, 0x00, 0x00, 0x00, 0x00, 0x00,
    0x00, 0x00, 0x00, 0x00, 0x00, 0x00, 0x00, 0x00, 0x00, 0x00, 0x00, 0x00, 0x00, 0x00, 0x00, 0x00,
    0x00, 0x00, 0x00, 0x00, 0x00, 0x00, 0x00, 0x00, 0x00, 0x00, 0x00, 0x00, 0x00, 0x00, 0x00, 0x00,
    0x00, 0x00, 0x00, 0x00, 0x3B, 0x79, 0xBD, 0x01, 0x3B, 0x79, 0xBD, 0x01, 0x00, 0x00, 0x00, 0x00,
    0x3D, 0x7D, 0xC4, 0x02, 0x3D, 0x7D, 0xC4, 0x02, 0x33, 0x6F, 0xA9, 0x66, 0x0C, 0x35, 0x69, 0xE1,
    0x03, 0x1C, 0x4F, 0xE4, 0x03, 0x1C, 0x4F, 0xE4, 0x02, 0x16, 0x3E, 0xCD, 0x04, 0x17, 0x3E, 0xD9,
    0x30, 0x6D, 0x9E, 0x56, 0x30, 0x6D, 0x9E, 0x56, 0x42, 0x86, 0xC6, 0x09, 0x46, 0x85, 0xC5, 0x07,
    0x46, 0x85, 0xC5, 0x07, 0x47, 0x81, 0xC1, 0x05, 0x46, 0x81, 0xC2, 0x02, 0x46, 0x80, 0xC1, 0x02,
    0x46, 0x80, 0xC1, 0x02, 0x45, 0x80, 0xC1, 0x01, 0x43, 0x7F, 0xC0, 0x01, 0x00, 0x00, 0x00, 0x00,
    0x00, 0x00, 0x00, 0x00, 0x00, 0x00, 0x00, 0x00, 0x00, 0x00, 0x00, 0x00, 0x00, 0x00, 0x00, 0x00,
    0x00, 0x00, 0x00, 0x00, 0x00, 0x00, 0x00, 0x00, 0x00, 0x00, 0x00, 0x00, 0x00, 0x00, 0x00, 0x00,
    0x00, 0x00, 0x00, 0x00, 0x00, 0x00, 0x00, 0x00, 0x00, 0x00, 0x00, 0x00, 0x00, 0x00, 0x00, 0x00,
    0x00, 0x00, 0x00, 0x00, 0x00, 0x00, 0x00, 0x00, 0x00, 0x00, 0x00, 0x00, 0x00, 0x00, 0x00, 0x00,
    0x00, 0x00, 0x00, 0x00, 0x00, 0x00, 0x00, 0x00, 0x00, 0x00, 0x00, 0x00, 0x00, 0x00, 0x00, 0x00,
    0x00, 0x00, 0x00, 0x00, 0x00, 0x00, 0x00, 0x00, 0x00, 0x00, 0x00, 0x00, 0x00, 0x00, 0x00, 0x00,
    0x00, 0x00, 0x00, 0x00, 0x00, 0x00, 0x00, 0x00, 0x00, 0x00, 0x00, 0x00, 0x00, 0x00, 0x00, 0x00,
    0x00, 0x00, 0x00, 0x00, 0x00, 0x00, 0x00, 0x00, 0x00, 0x00, 0x00, 0x00, 0x00, 0x00, 0x00, 0x00,
    0x00, 0x00, 0x00, 0x00, 0x00, 0x00, 0x00, 0x00, 0x00, 0x00, 0x00, 0x00, 0x00, 0x00, 0x00, 0x00,
    0x00, 0x00, 0x00, 0x00, 0x00, 0x00, 0x00, 0x00, 0x00, 0x00, 0x00, 0x00, 0x00, 0x00, 0x00, 0x00,
    0x00, 0x00, 0x00, 0x00, 0x00, 0x00, 0x00, 0x00, 0x00, 0x00, 0x00, 0x00, 0x00, 0x00, 0x00, 0x00,
    0x00, 0x00, 0x00, 0x00, 0x00, 0x00, 0x00, 0x00, 0x00, 0x00, 0x00, 0x00, 0x00, 0x00, 0x00, 0x00,
    0x00, 0x00, 0x00, 0x00, 0x00, 0x00, 0x00, 0x00, 0x00, 0x00, 0x00, 0x00, 0x00, 0x00, 0x00, 0x00,
    0x00, 0x00, 0x00, 0x00, 0x00, 0x00, 0x00, 0x00, 0x00, 0x00, 0x00, 0x00, 0x00, 0x00, 0x00, 0x00,
    0x00, 0x00, 0x00, 0x00, 0x00, 0x00, 0x00, 0x00, 0x00, 0x00, 0x00, 0x00, 0x00, 0x00, 0x00, 0x00,
    0x00, 0x00, 0x00, 0x00, 0x00, 0x00, 0x00, 0x00, 0x00, 0x00, 0x00, 0x00, 0x47, 0x7B, 0xB2, 0x01,
    0x46, 0x7B, 0xB3, 0x02, 0x46, 0x7B, 0xB3, 0x02, 0x45, 0x7B, 0xB5, 0x03, 0x46, 0x7D, 0xB7, 0x02,
    0x46, 0x7D, 0xB7, 0x02, 0x46, 0x7D, 0xB6, 0x03, 0x48, 0x7D, 0xB8, 0x02, 0x47, 0x7D, 0xB8, 0x01,
    0x47, 0x7D, 0xB8, 0x01, 0x00, 0x00, 0x00, 0x00, 0x47, 0x7D, 0xB9, 0x01, 0x48, 0x7E, 0xBA, 0x01,
    0x48, 0x7E, 0xBA, 0x01, 0x48, 0x7F, 0xBA, 0x01, 0x48, 0x80, 0xBB, 0x01, 0x47, 0x80, 0xBA, 0x01,
    0x47, 0x80, 0xBA, 0x01, 0x47, 0x80, 0xBB, 0x01, 0x47, 0x80, 0xBB, 0x01, 0x47, 0x80, 0xBB, 0x01,
    0x47, 0x81, 0xBC, 0x01, 0x48, 0x81, 0xBD, 0x01, 0x00, 0x00, 0x00, 0x00, 0x00, 0x00, 0x00, 0x00,
    0x00, 0x00, 0x00, 0x00, 0x00, 0x00, 0x00, 0x00, 0x00, 0x00, 0x00, 0x00, 0x00, 0x00, 0x00, 0x00,
    0x00, 0x00, 0x00, 0x00, 0x00, 0x00, 0x00, 0x00, 0x00, 0x00, 0x00, 0x00, 0x00, 0x00, 0x00, 0x00,
    0x00, 0x00, 0x00, 0x00, 0x00, 0x00, 0x00, 0x00, 0x00, 0x00, 0x00, 0x00, 0x00, 0x00, 0x00, 0x00,
    0x00, 0x00, 0x00, 0x00, 0x00, 0x00, 0x00, 0x00, 0x00, 0x00, 0x00, 0x00, 0x00, 0x00, 0x00, 0x00,
    0x00, 0x00, 0x00, 0x00, 0x3B, 0x79, 0xBD, 0x01, 0x3B, 0x79, 0xBD, 0x01, 0x00, 0x00, 0x00, 0x00,
    0x3D, 0x7D, 0xC4, 0x02, 0x3D, 0x7D, 0xC4, 0x02, 0x33, 0x6F, 0xA9, 0x66, 0x0C, 0x35, 0x69, 0xE1,
    0x03, 0x1C, 0x4F, 0xE4, 0x03, 0x1C, 0x4F, 0xE4, 0x02, 0x16, 0x3E, 0xCD, 0x04, 0x17, 0x3E, 0xD9,
    0x30, 0x6D, 0x9E, 0x56, 0x30, 0x6D, 0x9E, 0x56, 0x42, 0x86, 0xC6, 0x09, 0x46, 0x85, 0xC5, 0x07,
    0x46, 0x85, 0xC5, 0x07, 0x47, 0x81, 0xC1, 0x05, 0x46, 0x81, 0xC2, 0x02, 0x46, 0x80, 0xC1, 0x02,
    0x46, 0x80, 0xC1, 0x02, 0x45, 0x80, 0xC1, 0x01, 0x43, 0x7F, 0xC0, 0x01, 0x00, 0x00, 0x00, 0x00,
    0x00, 0x00, 0x00, 0x00, 0x00, 0x00, 0x00, 0x00, 0x00, 0x00, 0x00, 0x00, 0x00, 0x00, 0x00, 0x00,
    0x00, 0x00, 0x00, 0x00, 0x00, 0x00, 0x00, 0x00, 0x00, 0x00, 0x00, 0x00, 0x00, 0x00, 0x00, 0x00,
    0x00, 0x00, 0x00, 0x00, 0x00, 0x00, 0x00, 0x00, 0x00, 0x00, 0x00, 0x00, 0x00, 0x00, 0x00, 0x00,
    0x00, 0x00, 0x00, 0x00, 0x00, 0x00, 0x00, 0x00, 0x00, 0x00, 0x00, 0x00, 0x00, 0x00, 0x00, 0x00,
    0x00, 0x00, 0x00, 0x00, 0x00, 0x00, 0x00, 0x00, 0x00, 0x00, 0x00, 0x00, 0x00, 0x00, 0x00, 0x00,
    0x00, 0x00, 0x00, 0x00, 0x00, 0x00, 0x00, 0x00, 0x00, 0x00, 0x00, 0x00, 0x00, 0x00, 0x00, 0x00,
    0x00, 0x00, 0x00, 0x00, 0x00, 0x00, 0x00, 0x00, 0x00, 0x00, 0x00, 0x00, 0x00, 0x00, 0x00, 0x00,
    0x00, 0x00, 0x00, 0x00, 0x00, 0x00, 0x00, 0x00, 0x00, 0x00, 0x00, 0x00, 0x00, 0x00, 0x00, 0x00,
    0x00, 0x00, 0x00, 0x00, 0x00, 0x00, 0x00, 0x00, 0x00, 0x00, 0x00, 0x00, 0x00, 0x00, 0x00, 0x00,
    0x00, 0x00, 0x00, 0x00, 0x00, 0x00, 0x00, 0x00, 0x00, 0x00, 0x00, 0x00, 0x00, 0x00, 0x00, 0x00,
    0x00, 0x00, 0x00, 0x00, 0x00, 0x00, 0x00, 0x00, 0x00, 0x00, 0x00, 0x00, 0x00, 0x00, 0x00, 0x00,
    0x00, 0x00, 0x00, 0x00, 0x00, 0x00, 0x00, 0x00, 0x00, 0x00, 0x00, 0x00, 0x00, 0x00, 0x00, 0x00,
    0x00, 0x00, 0x00, 0x00, 0x00, 0x00, 0x00, 0x00, 0x00, 0x00, 0x00, 0x00, 0x00, 0x00, 0x00, 0x00,
    0x00, 0x00, 0x00, 0x00, 0x00, 0x00, 0x00, 0x00, 0x00, 0x00, 0x00, 0x00, 0x00, 0x00, 0x00, 0x00,
    0x00, 0x00, 0x00, 0x00, 0x00, 0x00, 0x00, 0x00, 0x00, 0x00, 0x00, 0x00, 0x00, 0x00, 0x00, 0x00,
    0x00, 0x00, 0x00, 0x00, 0x00, 0x00, 0x00, 0x00, 0x47, 0x7B, 0xB1, 0x01, 0x45, 0x7C, 0xB3, 0x01,
    0x00, 0x00, 0x00, 0x00, 0x00, 0x00, 0x00, 0x00, 0x00, 0x00, 0x00, 0x00, 0x00, 0x00, 0x00, 0x00,
    0x00, 0x00, 0x00, 0x00, 0x00, 0x00, 0x00, 0x00, 0x00, 0x00, 0x00, 0x00, 0x44, 0x7C, 0xB8, 0x02,
    0x44, 0x7C, 0xB8, 0x02, 0x47, 0x7E, 0xBC, 0x02, 0x47, 0x7E, 0xBC, 0x01, 0x00, 0x00, 0x00, 0x00,
    0x00, 0x00, 0x00, 0x00, 0x00, 0x00, 0x00, 0x00, 0x00, 0x00, 0x00, 0x00, 0x48, 0x81, 0xBD, 0x01,
    0x48, 0x81, 0xBD, 0x01, 0x48, 0x81, 0xBE, 0x01, 0x00, 0x00, 0x00, 0x00, 0x00, 0x00, 0x00, 0x00,
    0x00, 0x00, 0x00, 0x00, 0x48, 0x81, 0xBF, 0x01, 0x47, 0x81, 0xBF, 0x01, 0x47, 0x81, 0xBF, 0x01,
    0x47, 0x80, 0xBF, 0x01, 0x46, 0x7F, 0xC0, 0x01, 0x45, 0x7F, 0xC1, 0x01, 0x45, 0x7F, 0xC1, 0x01,
    0x45, 0x7F, 0xC1, 0x01, 0x44, 0x7E, 0xC1, 0x01, 0x44, 0x7E, 0xC1, 0x01, 0x00, 0x00, 0x00, 0x00,
    0x00, 0x00, 0x00, 0x00, 0x00, 0x00, 0x00, 0x00, 0x00, 0x00, 0x00, 0x00, 0x00, 0x00, 0x00, 0x00,
    0x00, 0x00, 0x00, 0x00, 0x00, 0x00, 0x00, 0x00, 0x00, 0x00, 0x00, 0x00, 0x00, 0x00, 0x00, 0x00,
    0x3A, 0x7B, 0xC0, 0x01, 0x00, 0x00, 0x00, 0x00, 0x00, 0x00, 0x00, 0x00, 0x35, 0x6E, 0xA8, 0x12,
    0x1C, 0x44, 0x78, 0x73, 0x1C, 0x44, 0x78, 0x73, 0x02, 0x13, 0x4D, 0xC1, 0x21, 0x68, 0xB6, 0xED,
    0x48, 0xB5, 0xF7, 0xF1, 0x48, 0xB5, 0xF7, 0xF1, 0x3F, 0x9F, 0xE8, 0xF1, 0x1F, 0x66, 0xA6, 0xF5,
    0x07, 0x31, 0x5F, 0xA9, 0x07, 0x31, 0x5F, 0xA9, 0x27, 0x5B, 0x93, 0x50, 0x3F, 0x82, 0xC3, 0x07,
    0x3F, 0x82, 0xC3, 0x07, 0x46, 0x84, 0xC6, 0x03, 0x46, 0x82, 0xC5, 0x05, 0x45, 0x81, 0xC3, 0x02,
    0x45, 0x81, 0xC3, 0x02, 0x44, 0x81, 0xC3, 0x02, 0x43, 0x80, 0xC1, 0x01, 0x00, 0x00, 0x00, 0x00,
    0x00, 0x00, 0x00, 0x00, 0x00, 0x00, 0x00, 0x00, 0x00, 0x00, 0x00, 0x00, 0x00, 0x00, 0x00, 0x00,
    0x00, 0x00, 0x00, 0x00, 0x00, 0x00, 0x00, 0x00, 0x00, 0x00, 0x00, 0x00, 0x00, 0x00, 0x00, 0x00,
    0x00, 0x00, 0x00, 0x00, 0x00, 0x00, 0x00, 0x00, 0x00, 0x00, 0x00, 0x00, 0x00, 0x00, 0x00, 0x00,
    0x00, 0x00, 0x00, 0x00, 0x00, 0x00, 0x00, 0x00, 0x00, 0x00, 0x00, 0x00, 0x00, 0x00, 0x00, 0x00,
    0x00, 0x00, 0x00, 0x00, 0x00, 0x00, 0x00, 0x00, 0x00, 0x00, 0x00, 0x00, 0x00, 0x00, 0x00, 0x00,
    0x00, 0x00, 0x00, 0x00, 0x00, 0x00, 0x00, 0x00, 0x00, 0x00, 0x00, 0x00, 0x00, 0x00, 0x00, 0x00,
    0x00, 0x00, 0x00, 0x00, 0x00, 0x00, 0x00, 0x00, 0x00, 0x00, 0x00, 0x00, 0x00, 0x00, 0x00, 0x00,
    0x00, 0x00, 0x00, 0x00, 0x00, 0x00, 0x00, 0x00, 0x00, 0x00, 0x00, 0x00, 0x00, 0x00, 0x00, 0x00,
    0x00, 0x00, 0x00, 0x00, 0x00, 0x00, 0x00, 0x00, 0x00, 0x00, 0x00, 0x00, 0x00, 0x00, 0x00, 0x00,
    0x00, 0x00, 0x00, 0x00, 0x00, 0x00, 0x00, 0x00, 0x00, 0x00, 0x00, 0x00, 0x00, 0x00, 0x00, 0x00,
    0x00, 0x00, 0x00, 0x00, 0x00, 0x00, 0x00, 0x00, 0x00, 0x00, 0x00, 0x00, 0x00, 0x00, 0x00, 0x00,
    0x00, 0x00, 0x00, 0x00, 0x00, 0x00, 0x00, 0x00, 0x00, 0x00, 0x00, 0x00, 0x00, 0x00, 0x00, 0x00,
    0x00, 0x00, 0x00, 0x00, 0x00, 0x00, 0x00, 0x00, 0x00, 0x00, 0x00, 0x00, 0x00, 0x00, 0x00, 0x00,
    0x00, 0x00, 0x00, 0x00, 0x00, 0x00, 0x00, 0x00, 0x00, 0x00, 0x00, 0x00, 0x00, 0x00, 0x00, 0x00,
    0x00, 0x00, 0x00, 0x00, 0x00, 0x00, 0x00, 0x00, 0x00, 0x00, 0x00, 0x00, 0x00, 0x00, 0x00, 0x00,
    0x46, 0x7A, 0xB3, 0x03, 0x46, 0x7A, 0xB3, 0x03, 0x44, 0x7B, 0xB1, 0x02, 0x43, 0x7C, 0xB3, 0x06,
    0x32, 0x65, 0x9A, 0x40, 0x32, 0x65, 0x9A, 0x40, 0x13, 0x35, 0x68, 0x6D, 0x04, 0x1A, 0x4C, 0x62,
    0x04, 0x1A, 0x4C, 0x62, 0x18, 0x3D, 0x73, 0x67, 0x4B, 0x8B, 0xC5, 0x29, 0x00, 0x00, 0x00, 0x00,
    0x00, 0x00, 0x00, 0x00, 0x48, 0x83, 0xC3, 0x02, 0x46, 0x80, 0xC0, 0x03, 0x47, 0x82, 0xC1, 0x01,
    0x47, 0x82, 0xC1, 0x01, 0x48, 0x81, 0xBF, 0x01, 0x48, 0x82, 0xBF, 0x01, 0x47, 0x81, 0xBF, 0x01,
    0x47, 0x81, 0xBF, 0x01, 0x48, 0x81, 0xC0, 0x01, 0x47, 0x81, 0xC0, 0x01, 0x47, 0x81, 0xC0, 0x01,
    0x47, 0x82, 0xC1, 0x01, 0x47, 0x7F, 0xC0, 0x03, 0x44, 0x7E, 0xBF, 0x03, 0x44, 0x7E, 0xBF, 0x03,
    0x42, 0x7D, 0xBE, 0x03, 0x42, 0x7B, 0xBF, 0x03, 0x41, 0x7C, 0xBF, 0x03, 0x41, 0x7C, 0xBF, 0x03,
    0x42, 0x7E, 0xC1, 0x03, 0x40, 0x7C, 0xC1, 0x03, 0x40, 0x7C, 0xC1, 0x03, 0x41, 0x7D, 0xC3, 0x02,
    0x40, 0x7F, 0xC3, 0x02, 0x3F, 0x7D, 0xC4, 0x01, 0x3F, 0x7D, 0xC4, 0x01, 0x3E, 0x7B, 0xC4, 0x01,
    0x3F, 0x7C, 0xC4, 0x01, 0x3D, 0x7B, 0xC0, 0x01, 0x3D, 0x7B, 0xC0, 0x01, 0x3B, 0x7D, 0xC6, 0x01,
    0x3E, 0x82, 0xC5, 0x01, 0x23, 0x4E, 0x7B, 0x3B, 0x23, 0x4E, 0x7B, 0x3B, 0x0D, 0x28, 0x4E, 0xC2,
    0x12, 0x41, 0x75, 0xEF, 0x12, 0x41, 0x75, 0xEF, 0x17, 0x53, 0xAD, 0xF5, 0x2F, 0x8E, 0xF4, 0xF6,
    0x26, 0x88, 0xF7, 0xF3, 0x26, 0x88, 0xF7, 0xF3, 0x26, 0x8B, 0xF9, 0xF5, 0x4D, 0xBE, 0xFF, 0xF4,
    0x0F, 0x49, 0x8F, 0xFB, 0x0F, 0x49, 0x8F, 0xFB, 0x06, 0x31, 0x5E, 0xCF, 0x34, 0x82, 0xBB, 0x4D,
    0x34, 0x82, 0xBB, 0x4D, 0x00, 0x00, 0x00, 0x00, 0x40, 0x80, 0xC5, 0x06, 0x43, 0x80, 0xC4, 0x03,
    0x43, 0x80, 0xC4, 0x03, 0x43, 0x81, 0xC4, 0x02, 0x42, 0x80, 0xC2, 0x01, 0x00, 0x00, 0x00, 0x00,
    0x00, 0x00, 0x00, 0x00, 0x00, 0x00, 0x00, 0x00, 0x00, 0x00, 0x00, 0x00, 0x00, 0x00, 0x00, 0x00,
    0x00, 0x00, 0x00, 0x00, 0x00, 0x00, 0x00, 0x00, 0x00, 0x00, 0x00, 0x00, 0x00, 0x00, 0x00, 0x00,
    0x00, 0x00, 0x00, 0x00, 0x00, 0x00, 0x00, 0x00, 0x00, 0x00, 0x00, 0x00, 0x00, 0x00, 0x00, 0x00,
    0x00, 0x00, 0x00, 0x00, 0x00, 0x00, 0x00, 0x00, 0x00, 0x00, 0x00, 0x00, 0x00, 0x00, 0x00, 0x00,
    0x00, 0x00, 0x00, 0x00, 0x00, 0x00, 0x00, 0x00, 0x00, 0x00, 0x00, 0x00, 0x00, 0x00, 0x00, 0x00,
    0x00, 0x00, 0x00, 0x00, 0x00, 0x00, 0x00, 0x00, 0x00, 0x00, 0x00, 0x00, 0x00, 0x00, 0x00, 0x00,
    0x00, 0x00, 0x00, 0x00, 0x00, 0x00, 0x00, 0x00, 0x00, 0x00, 0x00, 0x00, 0x00, 0x00, 0x00, 0x00,
    0x00, 0x00, 0x00, 0x00, 0x00, 0x00, 0x00, 0x00, 0x00, 0x00, 0x00, 0x00, 0x00, 0x00, 0x00, 0x00,
    0x00, 0x00, 0x00, 0x00, 0x00, 0x00, 0x00, 0x00, 0x00, 0x00, 0x00, 0x00, 0x00, 0x00, 0x00, 0x00,
    0x00, 0x00, 0x00, 0x00, 0x00, 0x00, 0x00, 0x00, 0x00, 0x00, 0x00, 0x00, 0x00, 0x00, 0x00, 0x00,
    0x00, 0x00, 0x00, 0x00, 0x00, 0x00, 0x00, 0x00, 0x00, 0x00, 0x00, 0x00, 0x00, 0x00, 0x00, 0x00,
    0x00, 0x00, 0x00, 0x00, 0x00, 0x00, 0x00, 0x00, 0x00, 0x00, 0x00, 0x00, 0x00, 0x00, 0x00, 0x00,
    0x00, 0x00, 0x00, 0x00, 0x00, 0x00, 0x00, 0x00, 0x00, 0x00, 0x00, 0x00, 0x00, 0x00, 0x00, 0x00,
    0x00, 0x00, 0x00, 0x00, 0x00, 0x00, 0x00, 0x00, 0x00, 0x00, 0x00, 0x00, 0x00, 0x00, 0x00, 0x00,
    0x00, 0x00, 0x00, 0x00, 0x00, 0x00, 0x00, 0x00, 0x00, 0x00, 0x00, 0x00, 0x00, 0x00, 0x00, 0x00,
    0x46, 0x7A, 0xB3, 0x03, 0x46, 0x7A, 0xB3, 0x03, 0x44, 0x7B, 0xB1, 0x02, 0x43, 0x7C, 0xB3, 0x06,
    0x32, 0x65, 0x9A, 0x40, 0x32, 0x65, 0x9A, 0x40, 0x13, 0x35, 0x68, 0x6D, 0x04, 0x1A, 0x4C, 0x62,
    0x04, 0x1A, 0x4C, 0x62, 0x18, 0x3D, 0x73, 0x67, 0x4B, 0x8B, 0xC5, 0x29, 0x00, 0x00, 0x00, 0x00,
    0x00, 0x00, 0x00, 0x00, 0x48, 0x83, 0xC3, 0x02, 0x46, 0x80, 0xC0, 0x03, 0x47, 0x82, 0xC1, 0x01,
    0x47, 0x82, 0xC1, 0x01, 0x48, 0x81, 0xBF, 0x01, 0x48, 0x82, 0xBF, 0x01, 0x47, 0x81, 0xBF, 0x01,
    0x47, 0x81, 0xBF, 0x01, 0x48, 0x81, 0xC0, 0x01, 0x47, 0x81, 0xC0, 0x01, 0x47, 0x81, 0xC0, 0x01,
    0x47, 0x82, 0xC1, 0x01, 0x47, 0x7F, 0xC0, 0x03, 0x44, 0x7E, 0xBF, 0x03, 0x44, 0x7E, 0xBF, 0x03,
    0x42, 0x7D, 0xBE, 0x03, 0x42, 0x7B, 0xBF, 0x03, 0x41, 0x7C, 0xBF, 0x03, 0x41, 0x7C, 0xBF, 0x03,
    0x42, 0x7E, 0xC1, 0x03, 0x40, 0x7C, 0xC1, 0x03, 0x40, 0x7C, 0xC1, 0x03, 0x41, 0x7D, 0xC3, 0x02,
    0x40, 0x7F, 0xC3, 0x02, 0x3F, 0x7D, 0xC4, 0x01, 0x3F, 0x7D, 0xC4, 0x01, 0x3E, 0x7B, 0xC4, 0x01,
    0x3F, 0x7C, 0xC4, 0x01, 0x3D, 0x7B, 0xC0, 0x01, 0x3D, 0x7B, 0xC0, 0x01, 0x3B, 0x7D, 0xC6, 0x01,
    0x3E, 0x82, 0xC5, 0x01, 0x23, 0x4E, 0x7B, 0x3B, 0x23, 0x4E, 0x7B, 0x3B, 0x0D, 0x28, 0x4E, 0xC2,
    0x12, 0x41, 0x75, 0xEF, 0x12, 0x41, 0x75, 0xEF, 0x17, 0x53, 0xAD, 0xF5, 0x2F, 0x8E, 0xF4, 0xF6,
    0x26, 0x88, 0xF7, 0xF3, 0x26, 0x88, 0xF7, 0xF3, 0x26, 0x8B, 0xF9, 0xF5, 0x4D, 0xBE, 0xFF, 0xF4,
    0x0F, 0x49, 0x8F, 0xFB, 0x0F, 0x49, 0x8F, 0xFB, 0x06, 0x31, 0x5E, 0xCF, 0x34, 0x82, 0xBB, 0x4D,
    0x34, 0x82, 0xBB, 0x4D, 0x00, 0x00, 0x00, 0x00, 0x40, 0x80, 0xC5, 0x06, 0x43, 0x80, 0xC4, 0x03,
    0x43, 0x80, 0xC4, 0x03, 0x43, 0x81, 0xC4, 0x02, 0x42, 0x80, 0xC2, 0x01, 0x00, 0x00, 0x00, 0x00,
    0x00, 0x00, 0x00, 0x00, 0x00, 0x00, 0x00, 0x00, 0x00, 0x00, 0x00, 0x00, 0x00, 0x00, 0x00, 0x00,
    0x00, 0x00, 0x00, 0x00, 0x00, 0x00, 0x00, 0x00, 0x00, 0x00, 0x00, 0x00, 0x00, 0x00, 0x00, 0x00,
    0x00, 0x00, 0x00, 0x00, 0x00, 0x00, 0x00, 0x00, 0x00, 0x00, 0x00, 0x00, 0x00, 0x00, 0x00, 0x00,
    0x00, 0x00, 0x00, 0x00, 0x00, 0x00, 0x00, 0x00, 0x00, 0x00, 0x00, 0x00, 0x00, 0x00, 0x00, 0x00,
    0x00, 0x00, 0x00, 0x00, 0x00, 0x00, 0x00, 0x00, 0x00, 0x00, 0x00, 0x00, 0x00, 0x00, 0x00, 0x00,
    0x00, 0x00, 0x00, 0x00, 0x00, 0x00, 0x00, 0x00, 0x00, 0x00, 0x00, 0x00, 0x00, 0x00, 0x00, 0x00,
    0x00, 0x00, 0x00, 0x00, 0x00, 0x00, 0x00, 0x00, 0x00, 0x00, 0x00, 0x00, 0x00, 0x00, 0x00, 0x00,
    0x00, 0x00, 0x00, 0x00, 0x00, 0x00, 0x00, 0x00, 0x00, 0x00, 0x00, 0x00, 0x00, 0x00, 0x00, 0x00,
    0x00, 0x00, 0x00, 0x00, 0x00, 0x00, 0x00, 0x00, 0x00, 0x00, 0x00, 0x00, 0x00, 0x00, 0x00, 0x00,
    0x00, 0x00, 0x00, 0x00, 0x00, 0x00, 0x00, 0x00, 0x00, 0x00, 0x00, 0x00, 0x00, 0x00, 0x00, 0x00,
    0x00, 0x00, 0x00, 0x00, 0x00, 0x00, 0x00, 0x00, 0x00, 0x00, 0x00, 0x00, 0x00, 0x00, 0x00, 0x00,
    0x00, 0x00, 0x00, 0x00, 0x00, 0x00, 0x00, 0x00, 0x00, 0x00, 0x00, 0x00, 0x00, 0x00, 0x00, 0x00,
    0x00, 0x00, 0x00, 0x00, 0x00, 0x00, 0x00, 0x00, 0x00, 0x00, 0x00, 0x00, 0x00, 0x00, 0x00, 0x00,
    0x00, 0x00, 0x00, 0x00, 0x00, 0x00, 0x00, 0x00, 0x00, 0x00, 0x00, 0x00, 0x00, 0x00, 0x00, 0x00,
    0x00, 0x00, 0x00, 0x00, 0x00, 0x00, 0x00, 0x00, 0x00, 0x00, 0x00, 0x00, 0x00, 0x00, 0x00, 0x00,
    0x46, 0x7E, 0xB8, 0x03, 0x46, 0x7E, 0xB8, 0x03, 0x43, 0x7B, 0xB4, 0x02, 0x19, 0x44, 0x76, 0x53,
    0x11, 0x37, 0x68, 0xD6, 0x11, 0x37, 0x68, 0xD6, 0x29, 0x5C, 0x95, 0xFC, 0x1D, 0x50, 0x96, 0xF6,
    0x1D, 0x50, 0x96, 0xF6, 0x0A, 0x3A, 0x77, 0xFB, 0x1F, 0x53, 0x86, 0xD2, 0x2B, 0x5C, 0x92, 0x3B,
    0x2B, 0x5C, 0x92, 0x3B, 0x45, 0x82, 0xBE, 0x17, 0x49, 0x89, 0xC6, 0x02, 0x45, 0x85, 0xC4, 0x02,
    0x45, 0x85, 0xC4, 0x02, 0x48, 0x83, 0xC4, 0x03, 0x4A, 0x85, 0xC4, 0x02, 0x49, 0x84, 0xC2, 0x03,
    0x49, 0x84, 0xC2, 0x03, 0x47, 0x80, 0xC2, 0x04, 0x44, 0x7F, 0xC1, 0x05, 0x44, 0x7F, 0xC1, 0x05,
    0x41, 0x7D, 0xC0, 0x04, 0x42, 0x7D, 0xC3, 0x02, 0x47, 0x85, 0xC6, 0x01, 0x47, 0x85, 0xC6, 0x01,
    0x49, 0x89, 0xC6, 0x02, 0x4C, 0x8B, 0xCB, 0x02, 0x4C, 0x8A, 0xC9, 0x02, 0x4C, 0x8A, 0xC9, 0x02,
    0x4C, 0x8C, 0xC8, 0x03, 0x48, 0x88, 0xC7, 0x03, 0x48, 0x88, 0xC7, 0x03, 0x43, 0x85, 0xC7, 0x02,
    0x3E, 0x81, 0xC1, 0x01, 0x00, 0x00, 0x00, 0x00, 0x00, 0x00, 0x00, 0x00, 0x00, 0x00, 0x00, 0x00,
    0x00, 0x00, 0x00, 0x00, 0x34, 0x79, 0xC4, 0x01, 0x34, 0x79, 0xC4, 0x01, 0x38, 0x7F, 0xCC, 0x04,
    0x1D, 0x48, 0x7A, 0x50, 0x00, 0x11, 0x2F, 0xCA, 0x00, 0x11, 0x2F, 0xCA, 0x15, 0x45, 0x81, 0xFA,
    0x3E, 0xB1, 0xF9, 0xF0, 0x3E, 0xB1, 0xF9, 0xF0, 0x3C, 0xA8, 0xFC, 0xF5, 0x3E, 0x9D, 0xFB, 0xF5,
    0x3B, 0x8E, 0xF6, 0xF6, 0x3B, 0x8E, 0xF6, 0xF6, 0x43, 0x98, 0xFB, 0xF5, 0x4A, 0xA6, 0xFF, 0xF5,
    0x3C, 0x8F, 0xE7, 0xFA, 0x3C, 0x8F, 0xE7, 0xFA, 0x17, 0x5C, 0x94, 0xE6, 0x15, 0x58, 0x85, 0x80,
    0x15, 0x58, 0x85, 0x80, 0x3D, 0x86, 0xC3, 0x17, 0x3F, 0x87, 0xCF, 0x0A, 0x40, 0x80, 0xC5, 0x02,
    0x40, 0x80, 0xC5, 0x02, 0x42, 0x81, 0xC5, 0x01, 0x41, 0x80, 0xC3, 0x01, 0x00, 0x00, 0x00, 0x00,
    0x00, 0x00, 0x00, 0x00, 0x00, 0x00, 0x00, 0x00, 0x00, 0x00, 0x00, 0x00, 0x00, 0x00, 0x00, 0x00,
    0x00, 0x00, 0x00, 0x00, 0x00, 0x00, 0x00, 0x00, 0x00, 0x00, 0x00, 0x00, 0x00, 0x00, 0x00, 0x00,
    0x00, 0x00, 0x00, 0x00, 0x00, 0x00, 0x00, 0x00, 0x00, 0x00, 0x00, 0x00, 0x00, 0x00, 0x00, 0x00,
    0x00, 0x00, 0x00, 0x00, 0x00, 0x00, 0x00, 0x00, 0x00, 0x00, 0x00, 0x00, 0x00, 0x00, 0x00, 0x00,
    0x00, 0x00, 0x00, 0x00, 0x00, 0x00, 0x00, 0x00, 0x00, 0x00, 0x00, 0x00, 0x00, 0x00, 0x00, 0x00,
    0x00, 0x00, 0x00, 0x00, 0x00, 0x00, 0x00, 0x00, 0x00, 0x00, 0x00, 0x00, 0x00, 0x00, 0x00, 0x00,
    0x00, 0x00, 0x00, 0x00, 0x00, 0x00, 0x00, 0x00, 0x00, 0x00, 0x00, 0x00, 0x00, 0x00, 0x00, 0x00,
    0x00, 0x00, 0x00, 0x00, 0x00, 0x00, 0x00, 0x00, 0x00, 0x00, 0x00, 0x00, 0x00, 0x00, 0x00, 0x00,
    0x00, 0x00, 0x00, 0x00, 0x00, 0x00, 0x00, 0x00, 0x00, 0x00, 0x00, 0x00, 0x00, 0x00, 0x00, 0x00,
    0x00, 0x00, 0x00, 0x00, 0x00, 0x00, 0x00, 0x00, 0x00, 0x00, 0x00, 0x00, 0x00, 0x00, 0x00, 0x00,
    0x00, 0x00, 0x00, 0x00, 0x00, 0x00, 0x00, 0x00, 0x00, 0x00, 0x00, 0x00, 0x00, 0x00, 0x00, 0x00,
    0x00, 0x00, 0x00, 0x00, 0x00, 0x00, 0x00, 0x00, 0x00, 0x00, 0x00, 0x00, 0x00, 0x00, 0x00, 0x00,
    0x00, 0x00, 0x00, 0x00, 0x00, 0x00, 0x00, 0x00, 0x00, 0x00, 0x00, 0x00, 0x46, 0x7D, 0xB9, 0x01,
    0x00, 0x00, 0x00, 0x00, 0x00, 0x00, 0x00, 0x00, 0x00, 0x00, 0x00, 0x00, 0x00, 0x00, 0x00, 0x00,
    0x00, 0x00, 0x00, 0x00, 0x00, 0x00, 0x00, 0x00, 0x00, 0x00, 0x00, 0x00, 0x47, 0x7B, 0xB7, 0x02,
    0x44, 0x7E, 0xBB, 0x02, 0x44, 0x7E, 0xBB, 0x02, 0x39, 0x72, 0xAA, 0x33, 0x02, 0x14, 0x3F, 0xD9,
    0x0E, 0x34, 0x74, 0xE8, 0x0E, 0x34, 0x74, 0xE8, 0x5D, 0xB0, 0xF8, 0xF1, 0x48, 0xB2, 0xFC, 0xEF,
    0x48, 0xB2, 0xFC, 0xEF, 0x3B, 0x9A, 0xF0, 0xF2, 0x05, 0x30, 0x7C, 0xF6, 0x00, 0x0C, 0x3F, 0xED,
    0x00, 0x0C, 0x3F, 0xED, 0x07, 0x2C, 0x5C, 0xCE, 0x36, 0x73, 0xAC, 0x42, 0x49, 0x8E, 0xD0, 0x04,
    0x49, 0x8E, 0xD0, 0x04, 0x42, 0x84, 0xC6, 0x03, 0x44, 0x84, 0xC6, 0x03, 0x44, 0x82, 0xC5, 0x03,
    0x44, 0x82, 0xC5, 0x03, 0x45, 0x86, 0xCA, 0x04, 0x46, 0x88, 0xCC, 0x05, 0x46, 0x88, 0xCC, 0x05,
    0x48, 0x8A, 0xCC, 0x05, 0x40, 0x82, 0xC2, 0x37, 0x1F, 0x51, 0x88, 0x82, 0x1F, 0x51, 0x88, 0x82,
    0x0A, 0x2D, 0x5B, 0xAA, 0x08, 0x25, 0x50, 0xB7, 0x07, 0x1E, 0x47, 0xBD, 0x07, 0x1E, 0x47, 0xBD,
    0x09, 0x24, 0x49, 0xBD, 0x05, 0x1E, 0x49, 0xB9, 0x05, 0x1E, 0x49, 0xB9, 0x0B, 0x2D, 0x5B, 0xB3,
    0x22, 0x53, 0x89, 0xA1, 0x3D, 0x80, 0xBD, 0x4B, 0x3D, 0x80, 0xBD, 0x4B, 0x3E, 0x7B, 0xC3, 0x2C,
    0x3E, 0x84, 0xC9, 0x31, 0x3C, 0x86, 0xC8, 0x20, 0x3C, 0x86, 0xC8, 0x20, 0x21, 0x5F, 0x99, 0x8A,
    0x00, 0x0F, 0x43, 0xEF, 0x17, 0x5F, 0xA2, 0xF6, 0x17, 0x5F, 0xA2, 0xF6, 0x2B, 0x99, 0xF4, 0xF7,
    0x2E, 0x98, 0xFB, 0xF7, 0x2E, 0x98, 0xFB, 0xF7, 0x31, 0x90, 0xF9, 0xF8, 0x46, 0x96, 0xF8, 0xF7,
    0x5B, 0x9D, 0xF8, 0xF9, 0x5B, 0x9D, 0xF8, 0xF9, 0x67, 0xA3, 0xFB, 0xF9, 0x59, 0x8E, 0xF6, 0xF8,
    0x63, 0xAE, 0xFF, 0xF6, 0x63, 0xAE, 0xFF, 0xF6, 0x1E, 0x69, 0xC7, 0xFB, 0x02, 0x0E, 0x31, 0xDC,
    0x02, 0x0E, 0x31, 0xDC, 0x26, 0x5E, 0x90, 0x75, 0x40, 0x8A, 0xD4, 0x09, 0x3C, 0x7D, 0xC4, 0x06,
    0x3C, 0x7D, 0xC4, 0x06, 0x3F, 0x7F, 0xC4, 0x02, 0x3F, 0x80, 0xC4, 0x02, 0x00, 0x00, 0x00, 0x00,
    0x00, 0x00, 0x00, 0x00, 0x00, 0x00, 0x00, 0x00, 0x00, 0x00, 0x00, 0x00, 0x00, 0x00, 0x00, 0x00,
    0x00, 0x00, 0x00, 0x00, 0x00, 0x00, 0x00, 0x00, 0x00, 0x00, 0x00, 0x00, 0x00, 0x00, 0x00, 0x00,
    0x00, 0x00, 0x00, 0x00, 0x00, 0x00, 0x00, 0x00, 0x00, 0x00, 0x00, 0x00, 0x00, 0x00, 0x00, 0x00,
    0x00, 0x00, 0x00, 0x00, 0x00, 0x00, 0x00, 0x00, 0x00, 0x00, 0x00, 0x00, 0x00, 0x00, 0x00, 0x00,
    0x00, 0x00, 0x00, 0x00, 0x00, 0x00, 0x00, 0x00, 0x00, 0x00, 0x00, 0x00, 0x00, 0x00, 0x00, 0x00,
    0x00, 0x00, 0x00, 0x00, 0x00, 0x00, 0x00, 0x00, 0x00, 0x00, 0x00, 0x00, 0x00, 0x00, 0x00, 0x00,
    0x00, 0x00, 0x00, 0x00, 0x00, 0x00, 0x00, 0x00, 0x00, 0x00, 0x00, 0x00, 0x00, 0x00, 0x00, 0x00,
    0x00, 0x00, 0x00, 0x00, 0x00, 0x00, 0x00, 0x00, 0x00, 0x00, 0x00, 0x00, 0x00, 0x00, 0x00, 0x00,
    0x00, 0x00, 0x00, 0x00, 0x00, 0x00, 0x00, 0x00, 0x00, 0x00, 0x00, 0x00, 0x00, 0x00, 0x00, 0x00,
    0x00, 0x00, 0x00, 0x00, 0x00, 0x00, 0x00, 0x00, 0x00, 0x00, 0x00, 0x00, 0x00, 0x00, 0x00, 0x00,
    0x00, 0x00, 0x00, 0x00, 0x00, 0x00, 0x00, 0x00, 0x00, 0x00, 0x00, 0x00, 0x00, 0x00, 0x00, 0x00,
    0x00, 0x00, 0x00, 0x00, 0x00, 0x00, 0x00, 0x00, 0x00, 0x00, 0x00, 0x00, 0x00, 0x00, 0x00, 0x00,
    0x00, 0x00, 0x00, 0x00, 0x46, 0x7E, 0xBA, 0x01, 0x46, 0x7E, 0xBA, 0x01, 0x46, 0x7E, 0xBA, 0x01,
    0x46, 0x7E, 0xBA, 0x01, 0x00, 0x00, 0x00, 0x00, 0x00, 0x00, 0x00, 0x00, 0x00, 0x00, 0x00, 0x00,
    0x47, 0x7E, 0xBA, 0x01, 0x47, 0x7E, 0xBA, 0x01, 0x49, 0x7F, 0xBB, 0x01, 0x46, 0x7C, 0xBA, 0x03,
    0x45, 0x7F, 0xBC, 0x0C, 0x45, 0x7F, 0xBC, 0x0C, 0x20, 0x54, 0x86, 0x77, 0x12, 0x3D, 0x6B, 0xE6,
    0x33, 0x6C, 0xB1, 0xF2, 0x33, 0x6C, 0xB1, 0xF2, 0x42, 0x96, 0xF4, 0xF8, 0x2B, 0x92, 0xFB, 0xF7,
    0x2B, 0x92, 0xFB, 0xF7, 0x33, 0xA4, 0xFD, 0xF8, 0x2F, 0x8D, 0xF1, 0xF6, 0x22, 0x75, 0xCB, 0xF7,
    0x22, 0x75, 0xCB, 0xF7, 0x0E, 0x51, 0x8E, 0xF7, 0x02, 0x1E, 0x55, 0xD3, 0x24, 0x61, 0x9F, 0x6D,
    0x24, 0x61, 0x9F, 0x6D, 0x3E, 0x8F, 0xCF, 0x3A, 0x3C, 0x88, 0xCC, 0x3E, 0x41, 0x85, 0xC7, 0x33,
    0x41, 0x85, 0xC7, 0x33, 0x39, 0x78, 0xB2, 0x7A, 0x23, 0x53, 0x87, 0xA3, 0x23, 0x53, 0x87, 0xA3,
    0x25, 0x4E, 0x82, 0xA2, 0x1D, 0x53, 0x8A, 0xC7, 0x0A, 0x46, 0x84, 0xF1, 0x0A, 0x46, 0x84, 0xF1,
    0x03, 0x30, 0x76, 0xFE, 0x07, 0x37, 0x7D, 0xFE, 0x08, 0x36, 0x7E, 0xFE, 0x08, 0x36, 0x7E, 0xFE,
    0x0F, 0x44, 0x8B, 0xFE, 0x06, 0x38, 0x81, 0xFE, 0x06, 0x38, 0x81, 0xFE, 0x05, 0x35, 0x75, 0xFE,
    0x01, 0x20, 0x5D, 0xFE, 0x01, 0x21, 0x5A, 0xF9, 0x01, 0x21, 0x5A, 0xF9, 0x01, 0x15, 0x4A, 0xF7,
    0x07, 0x1F, 0x4B, 0xF7, 0x06, 0x1F, 0x45, 0xE2, 0x06, 0x1F, 0x45, 0xE2, 0x07, 0x3F, 0x76, 0xF4,
    0x1D, 0x83, 0xD3, 0xF8, 0x20, 0xA2, 0xF8, 0xF7, 0x20, 0xA2, 0xF8, 0xF7, 0x27, 0x9A, 0xFA, 0xF8,
    0x2F, 0x94, 0xF9, 0xF8, 0x2F, 0x94, 0xF9, 0xF8, 0x3C, 0x95, 0xFA, 0xF8, 0x4D, 0x93, 0xFA, 0xF8,
    0x65, 0x98, 0xFA, 0xF9, 0x65, 0x98, 0xFA, 0xF9, 0x75, 0xA5, 0xFC, 0xF9, 0x76, 0xA4, 0xFD, 0xFA,
    0x6B, 0xA8, 0xFE, 0xFA, 0x6B, 0xA8, 0xFE, 0xFA, 0x48, 0xAA, 0xFD, 0xF6, 0x1A, 0x66, 0x9B, 0xEA,
    0x1A, 0x66, 0x9B, 0xEA, 0x08, 0x34, 0x59, 0xDA, 0x3A, 0x80, 0xC5, 0x2D, 0x3A, 0x7F, 0xC7, 0x0C,
    0x3A, 0x7F, 0xC7, 0x0C, 0x3C, 0x7F, 0xC5, 0x03, 0x3D, 0x7F, 0xC4, 0x01, 0x3D, 0x7F, 0xC4, 0x01,
    0x3D, 0x7F, 0xC4, 0x01, 0x00, 0x00, 0x00, 0x00, 0x00, 0x00, 0x00, 0x00, 0x00, 0x00, 0x00, 0x00,
    0x00, 0x00, 0x00, 0x00, 0x00, 0x00, 0x00, 0x00, 0x00, 0x00, 0x00, 0x00, 0x00, 0x00, 0x00, 0x00,
    0x00, 0x00, 0x00, 0x00, 0x00, 0x00, 0x00, 0x00, 0x00, 0x00, 0x00, 0x00, 0x00, 0x00, 0x00, 0x00,
    0x00, 0x00, 0x00, 0x00, 0x00, 0x00, 0x00, 0x00, 0x00, 0x00, 0x00, 0x00, 0x00, 0x00, 0x00, 0x00,
    0x00, 0x00, 0x00, 0x00, 0x00, 0x00, 0x00, 0x00, 0x00, 0x00, 0x00, 0x00, 0x00, 0x00, 0x00, 0x00,
    0x00, 0x00, 0x00, 0x00, 0x00, 0x00, 0x00, 0x00, 0x00, 0x00, 0x00, 0x00, 0x00, 0x00, 0x00, 0x00,
    0x00, 0x00, 0x00, 0x00, 0x00, 0x00, 0x00, 0x00, 0x00, 0x00, 0x00, 0x00, 0x00, 0x00, 0x00, 0x00,
    0x00, 0x00, 0x00, 0x00, 0x00, 0x00, 0x00, 0x00, 0x00, 0x00, 0x00, 0x00, 0x00, 0x00, 0x00, 0x00,
    0x00, 0x00, 0x00, 0x00, 0x00, 0x00, 0x00, 0x00, 0x00, 0x00, 0x00, 0x00, 0x00, 0x00, 0x00, 0x00,
    0x00, 0x00, 0x00, 0x00, 0x00, 0x00, 0x00, 0x00, 0x00, 0x00, 0x00, 0x00, 0x00, 0x00, 0x00, 0x00,
    0x00, 0x00, 0x00, 0x00, 0x00, 0x00, 0x00, 0x00, 0x00, 0x00, 0x00, 0x00, 0x00, 0x00, 0x00, 0x00,
    0x00, 0x00, 0x00, 0x00, 0x00, 0x00, 0x00, 0x00, 0x00, 0x00, 0x00, 0x00, 0x00, 0x00, 0x00, 0x00,
    0x00, 0x00, 0x00, 0x00, 0x46, 0x7E, 0xBA, 0x01, 0x46, 0x7E, 0xBA, 0x01, 0x46, 0x7E, 0xBA, 0x01,
    0x46, 0x7E, 0xBA, 0x01, 0x00, 0x00, 0x00, 0x00, 0x00, 0x00, 0x00, 0x00, 0x00, 0x00, 0x00, 0x00,
    0x47, 0x7E, 0xBA, 0x01, 0x47, 0x7E, 0xBA, 0x01, 0x49, 0x7F, 0xBB, 0x01, 0x46, 0x7C, 0xBA, 0x03,
    0x45, 0x7F, 0xBC, 0x0C, 0x45, 0x7F, 0xBC, 0x0C, 0x20, 0x54, 0x86, 0x77, 0x12, 0x3D, 0x6B, 0xE6,
    0x33, 0x6C, 0xB1, 0xF2, 0x33, 0x6C, 0xB1, 0xF2, 0x42, 0x96, 0xF4, 0xF8, 0x2B, 0x92, 0xFB, 0xF7,
    0x2B, 0x92, 0xFB, 0xF7, 0x33, 0xA4, 0xFD, 0xF8, 0x2F, 0x8D, 0xF1, 0xF6, 0x22, 0x75, 0xCB, 0xF7,
    0x22, 0x75, 0xCB, 0xF7, 0x0E, 0x51, 0x8E, 0xF7, 0x02, 0x1E, 0x55, 0xD3, 0x24, 0x61, 0x9F, 0x6D,
    0x24, 0x61, 0x9F, 0x6D, 0x3E, 0x8F, 0xCF, 0x3A, 0x3C, 0x88, 0xCC, 0x3E, 0x41, 0x85, 0xC7, 0x33,
    0x41, 0x85, 0xC7, 0x33, 0x39, 0x78, 0xB2, 0x7A, 0x23, 0x53, 0x87, 0xA3, 0x23, 0x53, 0x87, 0xA3,
    0x25, 0x4E, 0x82, 0xA2, 0x1D, 0x53, 0x8A, 0xC7, 0x0A, 0x46, 0x84, 0xF1, 0x0A, 0x46, 0x84, 0xF1,
    0x03, 0x30, 0x76, 0xFE, 0x07, 0x37, 0x7D, 0xFE, 0x08, 0x36, 0x7E, 0xFE, 0x08, 0x36, 0x7E, 0xFE,
    0x0F, 0x44, 0x8B, 0xFE, 0x06, 0x38, 0x81, 0xFE, 0x06, 0x38, 0x81, 0xFE, 0x05, 0x35, 0x75, 0xFE,
    0x01, 0x20, 0x5D, 0xFE, 0x01, 0x21, 0x5A, 0xF9, 0x01, 0x21, 0x5A, 0xF9, 0x01, 0x15, 0x4A, 0xF7,
    0x07, 0x1F, 0x4B, 0xF7, 0x06, 0x1F, 0x45, 0xE2, 0x06, 0x1F, 0x45, 0xE2, 0x07, 0x3F, 0x76, 0xF4,
    0x1D, 0x83, 0xD3, 0xF8, 0x20, 0xA2, 0xF8, 0xF7, 0x20, 0xA2, 0xF8, 0xF7, 0x27, 0x9A, 0xFA, 0xF8,
    0x2F, 0x94, 0xF9, 0xF8, 0x2F, 0x94, 0xF9, 0xF8, 0x3C, 0x95, 0xFA, 0xF8, 0x4D, 0x93, 0xFA, 0xF8,
    0x65, 0x98, 0xFA, 0xF9, 0x65, 0x98, 0xFA, 0xF9, 0x75, 0xA5, 0xFC, 0xF9, 0x76, 0xA4, 0xFD, 0xFA,
    0x6B, 0xA8, 0xFE, 0xFA, 0x6B, 0xA8, 0xFE, 0xFA, 0x48, 0xAA, 0xFD, 0xF6, 0x1A, 0x66, 0x9B, 0xEA,
    0x1A, 0x66, 0x9B, 0xEA, 0x08, 0x34, 0x59, 0xDA, 0x3A, 0x80, 0xC5, 0x2D, 0x3A, 0x7F, 0xC7, 0x0C,
    0x3A, 0x7F, 0xC7, 0x0C, 0x3C, 0x7F, 0xC5, 0x03, 0x3D, 0x7F, 0xC4, 0x01, 0x3D, 0x7F, 0xC4, 0x01,
    0x3D, 0x7F, 0xC4, 0x01, 0x00, 0x00, 0x00, 0x00, 0x00, 0x00, 0x00, 0x00, 0x00, 0x00, 0x00, 0x00,
    0x00, 0x00, 0x00, 0x00, 0x00, 0x00, 0x00, 0x00, 0x00, 0x00, 0x00, 0x00, 0x00, 0x00, 0x00, 0x00,
    0x00, 0x00, 0x00, 0x00, 0x00, 0x00, 0x00, 0x00, 0x00, 0x00, 0x00, 0x00, 0x00, 0x00, 0x00, 0x00,
    0x00, 0x00, 0x00, 0x00, 0x00, 0x00, 0x00, 0x00, 0x00, 0x00, 0x00, 0x00, 0x00, 0x00, 0x00, 0x00,
    0x00, 0x00, 0x00, 0x00, 0x00, 0x00, 0x00, 0x00, 0x00, 0x00, 0x00, 0x00, 0x00, 0x00, 0x00, 0x00,
    0x00, 0x00, 0x00, 0x00, 0x00, 0x00, 0x00, 0x00, 0x00, 0x00, 0x00, 0x00, 0x00, 0x00, 0x00, 0x00,
    0x00, 0x00, 0x00, 0x00, 0x00, 0x00, 0x00, 0x00, 0x00, 0x00, 0x00, 0x00, 0x00, 0x00, 0x00, 0x00,
    0x00, 0x00, 0x00, 0x00, 0x00, 0x00, 0x00, 0x00, 0x00, 0x00, 0x00, 0x00, 0x00, 0x00, 0x00, 0x00,
    0x00, 0x00, 0x00, 0x00, 0x00, 0x00, 0x00, 0x00, 0x00, 0x00, 0x00, 0x00, 0x00, 0x00, 0x00, 0x00,
    0x00, 0x00, 0x00, 0x00, 0x00, 0x00, 0x00, 0x00, 0x00, 0x00, 0x00, 0x00, 0x00, 0x00, 0x00, 0x00,
    0x00, 0x00, 0x00, 0x00, 0x00, 0x00, 0x00, 0x00, 0x00, 0x00, 0x00, 0x00, 0x00, 0x00, 0x00, 0x00,
    0x00, 0x00, 0x00, 0x00, 0x00, 0x00, 0x00, 0x00, 0x00, 0x00, 0x00, 0x00, 0x00, 0x00, 0x00, 0x00,
    0x45, 0x7E, 0xBA, 0x01, 0x44, 0x7E, 0xBA, 0x01, 0x44, 0x7E, 0xBA, 0x01, 0x44, 0x7F, 0xBB, 0x01,
    0x45, 0x7F, 0xBB, 0x01, 0x45, 0x7F, 0xBC, 0x01, 0x45, 0x7F, 0xBC, 0x01, 0x00, 0x00, 0x00, 0x00,
    0x00, 0x00, 0x00, 0x00, 0x00, 0x00, 0x00, 0x00, 0x46, 0x7E, 0xBB, 0x03, 0x46, 0x82, 0xBF, 0x02,
    0x35, 0x68, 0xA3, 0x4C, 0x35, 0x68, 0xA3, 0x4C, 0x04, 0x1D, 0x49, 0xF2, 0x58, 0x9C, 0xD1, 0xF2,
    0x77, 0xC4, 0xFD, 0xF6, 0x77, 0xC4, 0xFD, 0xF6, 0x4A, 0x93, 0xF7, 0xFA, 0x3F, 0xA0, 0xFD, 0xF8,
    0x3F, 0xA0, 0xFD, 0xF8, 0x31, 0x96, 0xFC, 0xF9, 0x35, 0xA0, 0xFE, 0xF8, 0x33, 0xA5, 0xFE, 0xF9,
    0x33, 0xA5, 0xFE, 0xF9, 0x2C, 0x93, 0xEF, 0xF7, 0x06, 0x41, 0x97, 0xFA, 0x03, 0x2F, 0x70, 0xEE,
    0x03, 0x2F, 0x70, 0xEE, 0x27, 0x6F, 0xA6, 0xC4, 0x37, 0x77, 0xA9, 0xCC, 0x14, 0x3A, 0x6C, 0xC9,
    0x14, 0x3A, 0x6C, 0xC9, 0x05, 0x28, 0x5A, 0xF6, 0x00, 0x16, 0x4D, 0xFB, 0x00, 0x16, 0x4D, 0xFB,
    0x00, 0x16, 0x55, 0xFC, 0x06, 0x3A, 0x8F, 0xFD, 0x1A, 0x76, 0xD8, 0xF7, 0x1A, 0x76, 0xD8, 0xF7,
    0x22, 0x8A, 0xEE, 0xF8, 0x28, 0x92, 0xF2, 0xF7, 0x25, 0x8B, 0xF0, 0xF9, 0x25, 0x8B, 0xF0, 0xF9,
    0x26, 0x92, 0xF2, 0xF8, 0x25, 0x93, 0xF1, 0xF9, 0x25, 0x93, 0xF1, 0xF9, 0x23, 0x90, 0xF0, 0xF8,
    0x15, 0x74, 0xD8, 0xF8, 0x09, 0x62, 0xBD, 0xFA, 0x09, 0x62, 0xBD, 0xFA, 0x13, 0x62, 0xB6, 0xF9,
    0x12, 0x49, 0x88, 0xF9, 0x00, 0x11, 0x3C, 0xFD, 0x00, 0x11, 0x3C, 0xFD, 0x18, 0x6D, 0xBE, 0xFB,
    0x24, 0xB2, 0xFE, 0xF9, 0x1C, 0x99, 0xFA, 0xFA, 0x1C, 0x99, 0xFA, 0xFA, 0x28, 0x92, 0xF6, 0xFB,
    0x38, 0x94, 0xF8, 0xF8, 0x38, 0x94, 0xF8, 0xF8, 0x40, 0x90, 0xF9, 0xFA, 0x58, 0x98, 0xFD, 0xFA,
    0x66, 0x8D, 0xF9, 0xFA, 0x66, 0x8D, 0xF9, 0xFA, 0x79, 0x9E, 0xFD, 0xFA, 0x80, 0xA0, 0xFB, 0xFA,
    0x73, 0x9A, 0xF9, 0xFA, 0x73, 0x9A, 0xF9, 0xFA, 0x61, 0xB7, 0xFF, 0xFA, 0x17, 0x68, 0xB6, 0xF2,
    0x17, 0x68, 0xB6, 0xF2, 0x02, 0x22, 0x4D, 0xE2, 0x41, 0x8E, 0xCD, 0x2C, 0x35, 0x81, 0xCB, 0x0C,
    0x35, 0x81, 0xCB, 0x0C, 0x37, 0x7B, 0xC6, 0x08, 0x3B, 0x7F, 0xC6, 0x01, 0x3B, 0x7F, 0xC5, 0x01,
    0x3B, 0x7F, 0xC5, 0x01, 0x00, 0x00, 0x00, 0x00, 0x00, 0x00, 0x00, 0x00, 0x00, 0x00, 0x00, 0x00,
    0x00, 0x00, 0x00, 0x00, 0x00, 0x00, 0x00, 0x00, 0x00, 0x00, 0x00, 0x00, 0x00, 0x00, 0x00, 0x00,
    0x00, 0x00, 0x00, 0x00, 0x00, 0x00, 0x00, 0x00, 0x00, 0x00, 0x00, 0x00, 0x00, 0x00, 0x00, 0x00,
    0x00, 0x00, 0x00, 0x00, 0x00, 0x00, 0x00, 0x00, 0x00, 0x00, 0x00, 0x00, 0x00, 0x00, 0x00, 0x00,
    0x00, 0x00, 0x00, 0x00, 0x00, 0x00, 0x00, 0x00, 0x00, 0x00, 0x00, 0x00, 0x00, 0x00, 0x00, 0x00,
    0x00, 0x00, 0x00, 0x00, 0x00, 0x00, 0x00, 0x00, 0x00, 0x00, 0x00, 0x00, 0x00, 0x00, 0x00, 0x00,
    0x00, 0x00, 0x00, 0x00, 0x00, 0x00, 0x00, 0x00, 0x00, 0x00, 0x00, 0x00, 0x00, 0x00, 0x00, 0x00,
    0x00, 0x00, 0x00, 0x00, 0x00, 0x00, 0x00, 0x00, 0x00, 0x00, 0x00, 0x00, 0x00, 0x00, 0x00, 0x00,
    0x00, 0x00, 0x00, 0x00, 0x00, 0x00, 0x00, 0x00, 0x00, 0x00, 0x00, 0x00, 0x00, 0x00, 0x00, 0x00,
    0x00, 0x00, 0x00, 0x00, 0x00, 0x00, 0x00, 0x00, 0x00, 0x00, 0x00, 0x00, 0x00, 0x00, 0x00, 0x00,
    0x00, 0x00, 0x00, 0x00, 0x00, 0x00, 0x00, 0x00, 0x00, 0x00, 0x00, 0x00, 0x00, 0x00, 0x00, 0x00,
    0x00, 0x00, 0x00, 0x00, 0x00, 0x00, 0x00, 0x00, 0x00, 0x00, 0x00, 0x00, 0x00, 0x00, 0x00, 0x00,
    0x44, 0x7E, 0xBA, 0x01, 0x44, 0x7E, 0xBB, 0x01, 0x44, 0x7E, 0xBB, 0x01, 0x44, 0x7F, 0xBC, 0x01,
    0x44, 0x7F, 0xBC, 0x01, 0x44, 0x80, 0xBD, 0x01, 0x44, 0x80, 0xBD, 0x01, 0x45, 0x7F, 0xBE, 0x01,
    0x48, 0x81, 0xBF, 0x01, 0x48, 0x81, 0xBF, 0x01, 0x43, 0x7E, 0xBB, 0x05, 0x45, 0x84, 0xC1, 0x01,
    0x2C, 0x5E, 0x97, 0x4B, 0x2C, 0x5E, 0x97, 0x4B, 0x02, 0x0F, 0x39, 0xEB, 0x4D, 0x86, 0xC9, 0xF8,
    0x77, 0xBD, 0xFE, 0xF8, 0x77, 0xBD, 0xFE, 0xF8, 0x5A, 0xA2, 0xFD, 0xF8, 0x4E, 0xA2, 0xFD, 0xF9,
    0x4E, 0xA2, 0xFD, 0xF9, 0x44, 0x9E, 0xFB, 0xF9, 0x44, 0xA3, 0xFD, 0xF9, 0x2D, 0x8B, 0xF9, 0xFA,
    0x2D, 0x8B, 0xF9, 0xFA, 0x27, 0x93, 0xFB, 0xFA, 0x1F, 0x8A, 0xF0, 0xF9, 0x15, 0x69, 0xBB, 0xF9,
    0x15, 0x69, 0xBB, 0xF9, 0x03, 0x26, 0x5F, 0xFA, 0x01, 0x12, 0x44, 0xFC, 0x07, 0x32, 0x7A, 0xFA,
    0x07, 0x32, 0x7A, 0xFA, 0x17, 0x66, 0xC4, 0xF5, 0x1A, 0x7B, 0xE1, 0xF4, 0x1A, 0x7B, 0xE1, 0xF4,
    0x1F, 0x82, 0xF0, 0xF6, 0x21, 0x89, 0xF6, 0xF9, 0x1A, 0x83, 0xF4, 0xF9, 0x1A, 0x83, 0xF4, 0xF9,
    0x15, 0x7D, 0xEF, 0xFB, 0x17, 0x7F, 0xF0, 0xFB, 0x17, 0x7F, 0xEF, 0xFB, 0x17, 0x7F, 0xEF, 0xFB,
    0x1A, 0x85, 0xF2, 0xFB, 0x17, 0x82, 0xF0, 0xFB, 0x17, 0x82, 0xF0, 0xFB, 0x17, 0x85, 0xF4, 0xFB,
    0x16, 0x87, 0xF1, 0xFB, 0x0F, 0x83, 0xEF, 0xFA, 0x0F, 0x83, 0xEF, 0xFA, 0x18, 0x93, 0xF6, 0xFA,
    0x15, 0x70, 0xCF, 0xFA, 0x03, 0x38, 0x90, 0xFA, 0x03, 0x38, 0x90, 0xFA, 0x22, 0x86, 0xE9, 0xFA,
    0x21, 0x9F, 0xFE, 0xFB, 0x26, 0x9E, 0xFC, 0xFA, 0x26, 0x9E, 0xFC, 0xFA, 0x30, 0x95, 0xFA, 0xFA,
    0x3C, 0x96, 0xFA, 0xFA, 0x3C, 0x96, 0xFA, 0xFA, 0x47, 0x8D, 0xF7, 0xFA, 0x5A, 0x8F, 0xFB, 0xFA,
    0x6E, 0x92, 0xFC, 0xFA, 0x6E, 0x92, 0xFC, 0xFA, 0x7A, 0x98, 0xFC, 0xFA, 0x83, 0x9F, 0xFB, 0xFA,
    0x84, 0xA3, 0xFA, 0xFA, 0x84, 0xA3, 0xFA, 0xFA, 0x75, 0xB4, 0xFE, 0xFA, 0x24, 0x71, 0xD3, 0xF6,
    0x24, 0x71, 0xD3, 0xF6, 0x04, 0x2C, 0x70, 0xEE, 0x1A, 0x50, 0x8D, 0x9F, 0x2D, 0x6B, 0xAE, 0x3B,
    0x2D, 0x6B, 0xAE, 0x3B, 0x3A, 0x81, 0xCD, 0x06, 0x38, 0x7F, 0xC6, 0x02, 0x00, 0x00, 0x00, 0x00,
    0x00, 0x00, 0x00, 0x00, 0x00, 0x00, 0x00, 0x00, 0x00, 0x00, 0x00, 0x00, 0x00, 0x00, 0x00, 0x00,
    0x00, 0x00, 0x00, 0x00, 0x00, 0x00, 0x00, 0x00, 0x00, 0x00, 0x00, 0x00, 0x00, 0x00, 0x00, 0x00,
    0x00, 0x00, 0x00, 0x00, 0x00, 0x00, 0x00, 0x00, 0x00, 0x00, 0x00, 0x00, 0x00, 0x00, 0x00, 0x00,
    0x00, 0x00, 0x00, 0x00, 0x00, 0x00, 0x00, 0x00, 0x00, 0x00, 0x00, 0x00, 0x00, 0x00, 0x00, 0x00,
    0x00, 0x00, 0x00, 0x00, 0x00, 0x00, 0x00, 0x00, 0x00, 0x00, 0x00, 0x00, 0x00, 0x00, 0x00, 0x00,
    0x00, 0x00, 0x00, 0x00, 0x00, 0x00, 0x00, 0x00, 0x00, 0x00, 0x00, 0x00, 0x00, 0x00, 0x00, 0x00,
    0x00, 0x00, 0x00, 0x00, 0x00, 0x00, 0x00, 0x00, 0x00, 0x00, 0x00, 0x00, 0x00, 0x00, 0x00, 0x00,
    0x00, 0x00, 0x00, 0x00, 0x00, 0x00, 0x00, 0x00, 0x00, 0x00, 0x00, 0x00, 0x00, 0x00, 0x00, 0x00,
    0x00, 0x00, 0x00, 0x00, 0x00, 0x00, 0x00, 0x00, 0x00, 0x00, 0x00, 0x00, 0x00, 0x00, 0x00, 0x00,
    0x00, 0x00, 0x00, 0x00, 0x00, 0x00, 0x00, 0x00, 0x00, 0x00, 0x00, 0x00, 0x00, 0x00, 0x00, 0x00,
    0x00, 0x00, 0x00, 0x00, 0x00, 0x00, 0x00, 0x00, 0x00, 0x00, 0x00, 0x00, 0x00, 0x00, 0x00, 0x00,
    0x00, 0x00, 0x00, 0x00, 0x00, 0x00, 0x00, 0x00, 0x00, 0x00, 0x00, 0x00, 0x00, 0x00, 0x00, 0x00,
    0x44, 0x7E, 0xBA, 0x01, 0x44, 0x7E, 0xBB, 0x01, 0x44, 0x7E, 0xBB, 0x01, 0x44, 0x7F, 0xBC, 0x01,
    0x44, 0x7F, 0xBC, 0x01, 0x44, 0x80, 0xBD, 0x01, 0x44, 0x80, 0xBD, 0x01, 0x45, 0x7F, 0xBE, 0x01,
    0x48, 0x81, 0xBF, 0x01, 0x48, 0x81, 0xBF, 0x01, 0x43, 0x7E, 0xBB, 0x05, 0x45, 0x84, 0xC1, 0x01,
    0x2C, 0x5E, 0x97, 0x4B, 0x2C, 0x5E, 0x97, 0x4B, 0x02, 0x0F, 0x39, 0xEB, 0x4D, 0x86, 0xC9, 0xF8,
    0x77, 0xBD, 0xFE, 0xF8, 0x77, 0xBD, 0xFE, 0xF8, 0x5A, 0xA2, 0xFD, 0xF8, 0x4E, 0xA2, 0xFD, 0xF9,
    0x4E, 0xA2, 0xFD, 0xF9, 0x44, 0x9E, 0xFB, 0xF9, 0x44, 0xA3, 0xFD, 0xF9, 0x2D, 0x8B, 0xF9, 0xFA,
    0x2D, 0x8B, 0xF9, 0xFA, 0x27, 0x93, 0xFB, 0xFA, 0x1F, 0x8A, 0xF0, 0xF9, 0x15, 0x69, 0xBB, 0xF9,
    0x15, 0x69, 0xBB, 0xF9, 0x03, 0x26, 0x5F, 0xFA, 0x01, 0x12, 0x44, 0xFC, 0x07, 0x32, 0x7A, 0xFA,
    0x07, 0x32, 0x7A, 0xFA, 0x17, 0x66, 0xC4, 0xF5, 0x1A, 0x7B, 0xE1, 0xF4, 0x1A, 0x7B, 0xE1, 0xF4,
    0x1F, 0x82, 0xF0, 0xF6, 0x21, 0x89, 0xF6, 0xF9, 0x1A, 0x83, 0xF4, 0xF9, 0x1A, 0x83, 0xF4, 0xF9,
    0x15, 0x7D, 0xEF, 0xFB, 0x17, 0x7F, 0xF0, 0xFB, 0x17, 0x7F, 0xEF, 0xFB, 0x17, 0x7F, 0xEF, 0xFB,
    0x1A, 0x85, 0xF2, 0xFB, 0x17, 0x82, 0xF0, 0xFB, 0x17, 0x82, 0xF0, 0xFB, 0x17, 0x85, 0xF4, 0xFB,
    0x16, 0x87, 0xF1, 0xFB, 0x0F, 0x83, 0xEF, 0xFA, 0x0F, 0x83, 0xEF, 0xFA, 0x18, 0x93, 0xF6, 0xFA,
    0x15, 0x70, 0xCF, 0xFA, 0x03, 0x38, 0x90, 0xFA, 0x03, 0x38, 0x90, 0xFA, 0x22, 0x86, 0xE9, 0xFA,
    0x21, 0x9F, 0xFE, 0xFB, 0x26, 0x9E, 0xFC, 0xFA, 0x26, 0x9E, 0xFC, 0xFA, 0x30, 0x95, 0xFA, 0xFA,
    0x3C, 0x96, 0xFA, 0xFA, 0x3C, 0x96, 0xFA, 0xFA, 0x47, 0x8D, 0xF7, 0xFA, 0x5A, 0x8F, 0xFB, 0xFA,
    0x6E, 0x92, 0xFC, 0xFA, 0x6E, 0x92, 0xFC, 0xFA, 0x7A, 0x98, 0xFC, 0xFA, 0x83, 0x9F, 0xFB, 0xFA,
    0x84, 0xA3, 0xFA, 0xFA, 0x84, 0xA3, 0xFA, 0xFA, 0x75, 0xB4, 0xFE, 0xFA, 0x24, 0x71, 0xD3, 0xF6,
    0x24, 0x71, 0xD3, 0xF6, 0x04, 0x2C, 0x70, 0xEE, 0x1A, 0x50, 0x8D, 0x9F, 0x2D, 0x6B, 0xAE, 0x3B,
    0x2D, 0x6B, 0xAE, 0x3B, 0x3A, 0x81, 0xCD, 0x06, 0x38, 0x7F, 0xC6, 0x02, 0x00, 0x00, 0x00, 0x00,
    0x00, 0x00, 0x00, 0x00, 0x00, 0x00, 0x00, 0x00, 0x00, 0x00, 0x00, 0x00, 0x00, 0x00, 0x00, 0x00,
    0x00, 0x00, 0x00, 0x00, 0x00, 0x00, 0x00, 0x00, 0x00, 0x00, 0x00, 0x00, 0x00, 0x00, 0x00, 0x00,
    0x00, 0x00, 0x00, 0x00, 0x00, 0x00, 0x00, 0x00, 0x00, 0x00, 0x00, 0x00, 0x00, 0x00, 0x00, 0x00,
    0x00, 0x00, 0x00, 0x00, 0x00, 0x00, 0x00, 0x00, 0x00, 0x00, 0x00, 0x00, 0x00, 0x00, 0x00, 0x00,
    0x00, 0x00, 0x00, 0x00, 0x00, 0x00, 0x00, 0x00, 0x00, 0x00, 0x00, 0x00, 0x00, 0x00, 0x00, 0x00,
    0x00, 0x00, 0x00, 0x00, 0x00, 0x00, 0x00, 0x00, 0x00, 0x00, 0x00, 0x00, 0x00, 0x00, 0x00, 0x00,
    0x00, 0x00, 0x00, 0x00, 0x00, 0x00, 0x00, 0x00, 0x00, 0x00, 0x00, 0x00, 0x00, 0x00, 0x00, 0x00,
    0x00, 0x00, 0x00, 0x00, 0x00, 0x00, 0x00, 0x00, 0x00, 0x00, 0x00, 0x00, 0x00, 0x00, 0x00, 0x00,
    0x00, 0x00, 0x00, 0x00, 0x00, 0x00, 0x00, 0x00, 0x00, 0x00, 0x00, 0x00, 0x00, 0x00, 0x00, 0x00,
    0x00, 0x00, 0x00, 0x00, 0x00, 0x00, 0x00, 0x00, 0x00, 0x00, 0x00, 0x00, 0x00, 0x00, 0x00, 0x00,
    0x00, 0x00, 0x00, 0x00, 0x00, 0x00, 0x00, 0x00, 0x00, 0x00, 0x00, 0x00, 0x00, 0x00, 0x00, 0x00,
    0x00, 0x00, 0x00, 0x00, 0x00, 0x00, 0x00, 0x00, 0x00, 0x00, 0x00, 0x00, 0x00, 0x00, 0x00, 0x00,
    0x43, 0x7E, 0xBB, 0x01, 0x43, 0x7E, 0xBC, 0x01, 0x43, 0x7E, 0xBC, 0x01, 0x44, 0x7F, 0xBD, 0x01,
    0x44, 0x7F, 0xBE, 0x01, 0x44, 0x80, 0xBE, 0x01, 0x44, 0x80, 0xBE, 0x01, 0x45, 0x80, 0xBF, 0x01,
    0x45, 0x7F, 0xBE, 0x02, 0x45, 0x7F, 0xBE, 0x02, 0x47, 0x82, 0xC0, 0x01, 0x36, 0x6B, 0xA4, 0x36,
    0x2E, 0x5C, 0x93, 0xB3, 0x2E, 0x5C, 0x93, 0xB3, 0x26, 0x4D, 0x8E, 0xF7, 0x5E, 0x90, 0xD6, 0xF8,
    0x7A, 0xB7, 0xFD, 0xF8, 0x7A, 0xB7, 0xFD, 0xF8, 0x62, 0x9E, 0xFC, 0xFA, 0x4A, 0x8B, 0xF6, 0xFA,
    0x4A, 0x8B, 0xF6, 0xFA, 0x4D, 0x9C, 0xFA, 0xFA, 0x4B, 0x9C, 0xFB, 0xFA, 0x3D, 0x92, 0xFA, 0xFB,
    0x3D, 0x92, 0xFA, 0xFB, 0x2B, 0x91, 0xFB, 0xFB, 0x16, 0x7A, 0xEB, 0xFA, 0x13, 0x6F, 0xD2, 0xFA,
    0x13, 0x6F, 0xD2, 0xFA, 0x04, 0x36, 0x8A, 0xF9, 0x0C, 0x3D, 0x96, 0xF6, 0x1F, 0x7E, 0xE4, 0xF8,
    0x1F, 0x7E, 0xE4, 0xF8, 0x1B, 0x8C, 0xF7, 0xF8, 0x13, 0x84, 0xF7, 0xFB, 0x13, 0x84, 0xF7, 0xFB,
    0x15, 0x86, 0xF9, 0xFA, 0x13, 0x80, 0xF7, 0xFB, 0x13, 0x81, 0xF5, 0xFA, 0x13, 0x81, 0xF5, 0xFA,
    0x13, 0x82, 0xF4, 0xFB, 0x14, 0x83, 0xF6, 0xFB, 0x17, 0x87, 0xF8, 0xFB, 0x17, 0x87, 0xF8, 0xFB,
    0x19, 0x88, 0xF8, 0xFB, 0x1B, 0x8A, 0xF8, 0xFB, 0x1B, 0x8A, 0xF8, 0xFB, 0x1E, 0x91, 0xFB, 0xFB,
    0x18, 0x87, 0xF5, 0xFB, 0x11, 0x80, 0xEE, 0xFB, 0x11, 0x80, 0xEE, 0xFB, 0x0C, 0x74, 0xE5, 0xFC,
    0x0E, 0x6D, 0xD9, 0xFB, 0x26, 0x88, 0xED, 0xFC, 0x26, 0x88, 0xED, 0xFC, 0x30, 0xA3, 0xFE, 0xFB,
    0x27, 0x9B, 0xFD, 0xFB, 0x2B, 0x99, 0xFD, 0xFC, 0x2B, 0x99, 0xFD, 0xFC, 0x36, 0x96, 0xFD, 0xFB,
    0x40, 0x93, 0xFB, 0xFB, 0x40, 0x93, 0xFB, 0xFB, 0x4E, 0x8C, 0xF5, 0xFA, 0x5C, 0x86, 0xF7, 0xFA,
    0x6C, 0x8B, 0xFA, 0xFB, 0x6C, 0x8B, 0xFA, 0xFB, 0x7B, 0x95, 0xFB, 0xFA, 0x84, 0x9E, 0xFA, 0xFB,
    0x81, 0x9B, 0xF8, 0xFB, 0x81, 0x9B, 0xF8, 0xFB, 0x77, 0xA7, 0xFC, 0xFB, 0x4C, 0xAA, 0xFB, 0xF9,
    0x4C, 0xAA, 0xFB, 0xF9, 0x27, 0x83, 0xDA, 0xF7, 0x01, 0x18, 0x41, 0xF6, 0x1E, 0x4E, 0x86, 0x75,
    0x1E, 0x4E, 0x86, 0x75, 0x3A, 0x85, 0xD2, 0x04, 0x34, 0x7C, 0xC4, 0x05, 0x00, 0x00, 0x00, 0x00,
    0x00, 0x00, 0x00, 0x00, 0x39, 0x7F, 0xC6, 0x01, 0x00, 0x00, 0x00, 0x00, 0x00, 0x00, 0x00, 0x00,
    0x00, 0x00, 0x00, 0x00, 0x00, 0x00, 0x00, 0x00, 0x00, 0x00, 0x00, 0x00, 0x00, 0x00, 0x00, 0x00,
    0x00, 0x00, 0x00, 0x00, 0x00, 0x00, 0x00, 0x00, 0x00, 0x00, 0x00, 0x00, 0x00, 0x00, 0x00, 0x00,
    0x00, 0x00, 0x00, 0x00, 0x00, 0x00, 0x00, 0x00, 0x00, 0x00, 0x00, 0x00, 0x00, 0x00, 0x00, 0x00,
    0x00, 0x00, 0x00, 0x00, 0x00, 0x00, 0x00, 0x00, 0x00, 0x00, 0x00, 0x00, 0x00, 0x00, 0x00, 0x00,
    0x00, 0x00, 0x00, 0x00, 0x00, 0x00, 0x00, 0x00, 0x00, 0x00, 0x00, 0x00, 0x00, 0x00, 0x00, 0x00,
    0x00, 0x00, 0x00, 0x00, 0x00, 0x00, 0x00, 0x00, 0x00, 0x00, 0x00, 0x00, 0x00, 0x00, 0x00, 0x00,
    0x00, 0x00, 0x00, 0x00, 0x00, 0x00, 0x00, 0x00, 0x00, 0x00, 0x00, 0x00, 0x00, 0x00, 0x00, 0x00,
    0x00, 0x00, 0x00, 0x00, 0x00, 0x00, 0x00, 0x00, 0x00, 0x00, 0x00, 0x00, 0x00, 0x00, 0x00, 0x00,
    0x00, 0x00, 0x00, 0x00, 0x00, 0x00, 0x00, 0x00, 0x00, 0x00, 0x00, 0x00, 0x00, 0x00, 0x00, 0x00,
    0x00, 0x00, 0x00, 0x00, 0x00, 0x00, 0x00, 0x00, 0x00, 0x00, 0x00, 0x00, 0x00, 0x00, 0x00, 0x00,
    0x00, 0x00, 0x00, 0x00, 0x00, 0x00, 0x00, 0x00, 0x00, 0x00, 0x00, 0x00, 0x00, 0x00, 0x00, 0x00,
    0x43, 0x7F, 0xBC, 0x01, 0x43, 0x7F, 0xBD, 0x01, 0x43, 0x7F, 0xBD, 0x01, 0x43, 0x80, 0xBE, 0x01,
    0x43, 0x80, 0xBF, 0x01, 0x43, 0x80, 0xBF, 0x01, 0x43, 0x80, 0xBF, 0x01, 0x43, 0x81, 0xC0, 0x01,
    0x3F, 0x7E, 0xBE, 0x04, 0x3F, 0x7E, 0xBE, 0x04, 0x00, 0x00, 0x00, 0x00, 0x10, 0x32, 0x67, 0x77,
    0x11, 0x30, 0x6A, 0xE9, 0x11, 0x30, 0x6A, 0xE9, 0x81, 0xB7, 0xF4, 0xF3, 0x8C, 0xBD, 0xFA, 0xF8,
    0x7E, 0xA9, 0xF9, 0xF9, 0x7E, 0xA9, 0xF9, 0xF9, 0x6B, 0x98, 0xFA, 0xFA, 0x57, 0x8F, 0xF8, 0xFA,
    0x57, 0x8F, 0xF8, 0xFA, 0x4E, 0x93, 0xF9, 0xFA, 0x4E, 0x99, 0xFC, 0xFA, 0x40, 0x95, 0xFC, 0xFB,
    0x40, 0x95, 0xFC, 0xFB, 0x29, 0x87, 0xF8, 0xFA, 0x0C, 0x5F, 0xD6, 0xFB, 0x08, 0x61, 0xD0, 0xFB,
    0x08, 0x61, 0xD0, 0xFB, 0x11, 0x72, 0xDA, 0xFB, 0x1A, 0x84, 0xF1, 0xFB, 0x14, 0x81, 0xEF, 0xFB,
    0x14, 0x81, 0xEF, 0xFB, 0x16, 0x87, 0xF6, 0xFA, 0x13, 0x81, 0xF5, 0xFB, 0x13, 0x81, 0xF5, 0xFB,
    0x17, 0x86, 0xF8, 0xFB, 0x15, 0x84, 0xF6, 0xFB, 0x15, 0x85, 0xF7, 0xFB, 0x15, 0x85, 0xF7, 0xFB,
    0x14, 0x84, 0xF5, 0xFB, 0x18, 0x87, 0xF7, 0xFB, 0x1C, 0x8B, 0xF9, 0xFB, 0x1C, 0x8B, 0xF9, 0xFB,
    0x1F, 0x8E, 0xFA, 0xFB, 0x22, 0x90, 0xFA, 0xFB, 0x22, 0x90, 0xFA, 0xFB, 0x25, 0x95, 0xFC, 0xFB,
    0x1F, 0x8D, 0xF8, 0xFC, 0x18, 0x85, 0xF3, 0xFC, 0x18, 0x85, 0xF3, 0xFC, 0x1A, 0x87, 0xF3, 0xFC,
    0x25, 0x95, 0xFA, 0xFC, 0x31, 0x9D, 0xFD, 0xFC, 0x31, 0x9D, 0xFD, 0xFC, 0x33, 0xA1, 0xFE, 0xFC,
    0x2F, 0x9B, 0xFD, 0xFC, 0x2F, 0x96, 0xFC, 0xFB, 0x2F, 0x96, 0xFC, 0xFB, 0x34, 0x80, 0xEF, 0xFC,
    0x42, 0x81, 0xEA, 0xFA, 0x42, 0x81, 0xEA, 0xFA, 0x4E, 0x81, 0xEB, 0xFB, 0x60, 0x89, 0xF4, 0xFA,
    0x69, 0x86, 0xF6, 0xFB, 0x69, 0x86, 0xF6, 0xFB, 0x75, 0x8C, 0xFA, 0xFB, 0x7F, 0x98, 0xFA, 0xFB,
    0x81, 0x9B, 0xF9, 0xFB, 0x81, 0x9B, 0xF9, 0xFB, 0x75, 0x9D, 0xFA, 0xFB, 0x52, 0xAE, 0xFD, 0xFA,
    0x52, 0xAE, 0xFD, 0xFA, 0x37, 0xA5, 0xF9, 0xF6, 0x00, 0x15, 0x38, 0xF4, 0x1D, 0x48, 0x77, 0x90,
    0x1D, 0x48, 0x77, 0x90, 0x3B, 0x88, 0xD3, 0x11, 0x33, 0x7C, 0xC4, 0x03, 0x00, 0x00, 0x00, 0x00,
    0x00, 0x00, 0x00, 0x00, 0x39, 0x80, 0xC6, 0x01, 0x00, 0x00, 0x00, 0x00, 0x00, 0x00, 0x00, 0x00,
    0x00, 0x00, 0x00, 0x00, 0x00, 0x00, 0x00, 0x00, 0x00, 0x00, 0x00, 0x00, 0x00, 0x00, 0x00, 0x00,
    0x00, 0x00, 0x00, 0x00, 0x00, 0x00, 0x00, 0x00, 0x00, 0x00, 0x00, 0x00, 0x00, 0x00, 0x00, 0x00,
    0x00, 0x00, 0x00, 0x00, 0x00, 0x00, 0x00, 0x00, 0x00, 0x00, 0x00, 0x00, 0x00, 0x00, 0x00, 0x00,
    0x00, 0x00, 0x00, 0x00, 0x00, 0x00, 0x00, 0x00, 0x00, 0x00, 0x00, 0x00, 0x00, 0x00, 0x00, 0x00,
    0x00, 0x00, 0x00, 0x00, 0x00, 0x00, 0x00, 0x00, 0x00, 0x00, 0x00, 0x00, 0x00, 0x00, 0x00, 0x00,
    0x00, 0x00, 0x00, 0x00, 0x00, 0x00, 0x00, 0x00, 0x00, 0x00, 0x00, 0x00, 0x00, 0x00, 0x00, 0x00,
    0x00, 0x00, 0x00, 0x00, 0x00, 0x00, 0x00, 0x00, 0x00, 0x00, 0x00, 0x00, 0x00, 0x00, 0x00, 0x00,
    0x00, 0x00, 0x00, 0x00, 0x00, 0x00, 0x00, 0x00, 0x00, 0x00, 0x00, 0x00, 0x00, 0x00, 0x00, 0x00,
    0x00, 0x00, 0x00, 0x00, 0x00, 0x00, 0x00, 0x00, 0x00, 0x00, 0x00, 0x00, 0x00, 0x00, 0x00, 0x00,
    0x00, 0x00, 0x00, 0x00, 0x00, 0x00, 0x00, 0x00, 0x00, 0x00, 0x00, 0x00, 0x00, 0x00, 0x00, 0x00,
    0x00, 0x00, 0x00, 0x00, 0x00, 0x00, 0x00, 0x00, 0x00, 0x00, 0x00, 0x00, 0x00, 0x00, 0x00, 0x00,
    0x42, 0x80, 0xBD, 0x01, 0x42, 0x80, 0xBE, 0x01, 0x42, 0x80, 0xBE, 0x01, 0x42, 0x81, 0xBF, 0x01,
    0x43, 0x80, 0xBF, 0x01, 0x42, 0x81, 0xC0, 0x01, 0x42, 0x81, 0xC0, 0x01, 0x43, 0x81, 0xC1, 0x01,
    0x3E, 0x7D, 0xBE, 0x05, 0x3E, 0x7D, 0xBE, 0x05, 0x46, 0x82, 0xC4, 0x02, 0x08, 0x24, 0x59, 0x90,
    0x10, 0x27, 0x65, 0xEC, 0x10, 0x27, 0x65, 0xEC, 0x94, 0xBC, 0xF7, 0xF3, 0x98, 0xBA, 0xF7, 0xF8,
    0x90, 0xAC, 0xF8, 0xF9, 0x90, 0xAC, 0xF8, 0xF9, 0x76, 0x96, 0xF9, 0xFA, 0x5B, 0x89, 0xF6, 0xFA,
    0x5B, 0x89, 0xF6, 0xFA, 0x47, 0x7A, 0xED, 0xFB, 0x4A, 0x8C, 0xFA, 0xFB, 0x2F, 0x7E, 0xF4, 0xFB,
    0x2F, 0x7E, 0xF4, 0xFB, 0x1F, 0x7C, 0xEF, 0xFB, 0x19, 0x7C, 0xEE, 0xFB, 0x1A, 0x89, 0xF7, 0xFB,
    0x1A, 0x89, 0xF7, 0xFB, 0x17, 0x88, 0xF8, 0xFB, 0x17, 0x8B, 0xFB, 0xFB, 0x13, 0x80, 0xF5, 0xFB,
    0x13, 0x80, 0xF5, 0xFB, 0x16, 0x83, 0xF6, 0xFB, 0x1A, 0x8A, 0xF9, 0xFB, 0x1A, 0x8A, 0xF9, 0xFB,
    0x1B, 0x88, 0xF9, 0xFB, 0x18, 0x84, 0xF6, 0xFB, 0x18, 0x86, 0xF6, 0xFB, 0x18, 0x86, 0xF6, 0xFB,
    0x18, 0x86, 0xF5, 0xFB, 0x1C, 0x89, 0xF5, 0xFB, 0x22, 0x8C, 0xF8, 0xFC, 0x22, 0x8C, 0xF8, 0xFC,
    0x29, 0x95, 0xFB, 0xFC, 0x29, 0x91, 0xF9, 0xFC, 0x29, 0x91, 0xF9, 0xFC, 0x27, 0x8F, 0xF8, 0xFC,
    0x21, 0x8B, 0xF5, 0xFC, 0x1D, 0x8A, 0xF5, 0xFC, 0x1D, 0x8A, 0xF5, 0xFC, 0x20, 0x8C, 0xF7, 0xFC,
    0x31, 0xA1, 0xFD, 0xFC, 0x34, 0x9D, 0xFD, 0xFC, 0x34, 0x9D, 0xFD, 0xFC, 0x35, 0x9D, 0xFD, 0xFC,
    0x39, 0xA2, 0xFE, 0xFC, 0x36, 0x96, 0xFC, 0xFC, 0x36, 0x96, 0xFC, 0xFC, 0x36, 0x7B, 0xEC, 0xFC,
    0x40, 0x78, 0xE4, 0xFB, 0x40, 0x78, 0xE4, 0xFB, 0x4B, 0x78, 0xE4, 0xFB, 0x59, 0x7F, 0xEA, 0xFB,
    0x64, 0x81, 0xF0, 0xFB, 0x64, 0x81, 0xF0, 0xFB, 0x6F, 0x89, 0xF8, 0xFB, 0x72, 0x8A, 0xF8, 0xFB,
    0x7A, 0x9B, 0xFB, 0xFB, 0x7A, 0x9B, 0xFB, 0xFB, 0x70, 0x96, 0xFA, 0xFB, 0x57, 0xA5, 0xFC, 0xFB,
    0x57, 0xA5, 0xFC, 0xFB, 0x3A, 0x99, 0xF9, 0xF8, 0x00, 0x0F, 0x39, 0xF9, 0x16, 0x3D, 0x6D, 0xAA,
    0x16, 0x3D, 0x6D, 0xAA, 0x3B, 0x86, 0xD1, 0x16, 0x34, 0x7C, 0xC4, 0x02, 0x37, 0x7F, 0xC7, 0x01,
    0x37, 0x7F, 0xC7, 0x01, 0x38, 0x7F, 0xC7, 0x01, 0x00, 0x00, 0x00, 0x00, 0x00, 0x00, 0x00, 0x00,
    0x00, 0x00, 0x00, 0x00, 0x00, 0x00, 0x00, 0x00, 0x00, 0x00, 0x00, 0x00, 0x00, 0x00, 0x00, 0x00,
    0x00, 0x00, 0x00, 0x00, 0x00, 0x00, 0x00, 0x00, 0x00, 0x00, 0x00, 0x00, 0x00, 0x00, 0x00, 0x00,
    0x00, 0x00, 0x00, 0x00, 0x00, 0x00, 0x00, 0x00, 0x00, 0x00, 0x00, 0x00, 0x00, 0x00, 0x00, 0x00,
    0x00, 0x00, 0x00, 0x00, 0x00, 0x00, 0x00, 0x00, 0x00, 0x00, 0x00, 0x00, 0x00, 0x00, 0x00, 0x00,
    0x00, 0x00, 0x00, 0x00, 0x00, 0x00, 0x00, 0x00, 0x00, 0x00, 0x00, 0x00, 0x00, 0x00, 0x00, 0x00,
    0x00, 0x00, 0x00, 0x00, 0x00, 0x00, 0x00, 0x00, 0x00, 0x00, 0x00, 0x00, 0x00, 0x00, 0x00, 0x00,
    0x00, 0x00, 0x00, 0x00, 0x00, 0x00, 0x00, 0x00, 0x00, 0x00, 0x00, 0x00, 0x00, 0x00, 0x00, 0x00,
    0x00, 0x00, 0x00, 0x00, 0x00, 0x00, 0x00, 0x00, 0x00, 0x00, 0x00, 0x00, 0x00, 0x00, 0x00, 0x00,
    0x00, 0x00, 0x00, 0x00, 0x00, 0x00, 0x00, 0x00, 0x00, 0x00, 0x00, 0x00, 0x00, 0x00, 0x00, 0x00,
    0x00, 0x00, 0x00, 0x00, 0x00, 0x00, 0x00, 0x00, 0x00, 0x00, 0x00, 0x00, 0x00, 0x00, 0x00, 0x00,
    0x00, 0x00, 0x00, 0x00, 0x00, 0x00, 0x00, 0x00, 0x00, 0x00, 0x00, 0x00, 0x00, 0x00, 0x00, 0x00,
    0x42, 0x80, 0xBD, 0x01, 0x42, 0x80, 0xBE, 0x01, 0x42, 0x80, 0xBE, 0x01, 0x42, 0x81, 0xBF, 0x01,
    0x43, 0x80, 0xBF, 0x01, 0x42, 0x81, 0xC0, 0x01, 0x42, 0x81, 0xC0, 0x01, 0x43, 0x81, 0xC1, 0x01,
    0x3E, 0x7D, 0xBE, 0x05, 0x3E, 0x7D, 0xBE, 0x05, 0x46, 0x82, 0xC4, 0x02, 0x08, 0x24, 0x59, 0x90,
    0x10, 0x27, 0x65, 0xEC, 0x10, 0x27, 0x65, 0xEC, 0x94, 0xBC, 0xF7, 0xF3, 0x98, 0xBA, 0xF7, 0xF8,
    0x90, 0xAC, 0xF8, 0xF9, 0x90, 0xAC, 0xF8, 0xF9, 0x76, 0x96, 0xF9, 0xFA, 0x5B, 0x89, 0xF6, 0xFA,
    0x5B, 0x89, 0xF6, 0xFA, 0x47, 0x7A, 0xED, 0xFB, 0x4A, 0x8C, 0xFA, 0xFB, 0x2F, 0x7E, 0xF4, 0xFB,
    0x2F, 0x7E, 0xF4, 0xFB, 0x1F, 0x7C, 0xEF, 0xFB, 0x19, 0x7C, 0xEE, 0xFB, 0x1A, 0x89, 0xF7, 0xFB,
    0x1A, 0x89, 0xF7, 0xFB, 0x17, 0x88, 0xF8, 0xFB, 0x17, 0x8B, 0xFB, 0xFB, 0x13, 0x80, 0xF5, 0xFB,
    0x13, 0x80, 0xF5, 0xFB, 0x16, 0x83, 0xF6, 0xFB, 0x1A, 0x8A, 0xF9, 0xFB, 0x1A, 0x8A, 0xF9, 0xFB,
    0x1B, 0x88, 0xF9, 0xFB, 0x18, 0x84, 0xF6, 0xFB, 0x18, 0x86, 0xF6, 0xFB, 0x18, 0x86, 0xF6, 0xFB,
    0x18, 0x86, 0xF5, 0xFB, 0x1C, 0x89, 0xF5, 0xFB, 0x22, 0x8C, 0xF8, 0xFC, 0x22, 0x8C, 0xF8, 0xFC,
    0x29, 0x95, 0xFB, 0xFC, 0x29, 0x91, 0xF9, 0xFC, 0x29, 0x91, 0xF9, 0xFC, 0x27, 0x8F, 0xF8, 0xFC,
    0x21, 0x8B, 0xF5, 0xFC, 0x1D, 0x8A, 0xF5, 0xFC, 0x1D, 0x8A, 0xF5, 0xFC, 0x20, 0x8C, 0xF7, 0xFC,
    0x31, 0xA1, 0xFD, 0xFC, 0x34, 0x9D, 0xFD, 0xFC, 0x34, 0x9D, 0xFD, 0xFC, 0x35, 0x9D, 0xFD, 0xFC,
    0x39, 0xA2, 0xFE, 0xFC, 0x36, 0x96, 0xFC, 0xFC, 0x36, 0x96, 0xFC, 0xFC, 0x36, 0x7B, 0xEC, 0xFC,
    0x40, 0x78, 0xE4, 0xFB, 0x40, 0x78, 0xE4, 0xFB, 0x4B, 0x78, 0xE4, 0xFB, 0x59, 0x7F, 0xEA, 0xFB,
    0x64, 0x81, 0xF0, 0xFB, 0x64, 0x81, 0xF0, 0xFB, 0x6F, 0x89, 0xF8, 0xFB, 0x72, 0x8A, 0xF8, 0xFB,
    0x7A, 0x9B, 0xFB, 0xFB, 0x7A, 0x9B, 0xFB, 0xFB, 0x70, 0x96, 0xFA, 0xFB, 0x57, 0xA5, 0xFC, 0xFB,
    0x57, 0xA5, 0xFC, 0xFB, 0x3A, 0x99, 0xF9, 0xF8, 0x00, 0x0F, 0x39, 0xF9, 0x16, 0x3D, 0x6D, 0xAA,
    0x16, 0x3D, 0x6D, 0xAA, 0x3B, 0x86, 0xD1, 0x16, 0x34, 0x7C, 0xC4, 0x02, 0x37, 0x7F, 0xC7, 0x01,
    0x37, 0x7F, 0xC7, 0x01, 0x38, 0x7F, 0xC7, 0x01, 0x00, 0x00, 0x00, 0x00, 0x00, 0x00, 0x00, 0x00,
    0x00, 0x00, 0x00, 0x00, 0x00, 0x00, 0x00, 0x00, 0x00, 0x00, 0x00, 0x00, 0x00, 0x00, 0x00, 0x00,
    0x00, 0x00, 0x00, 0x00, 0x00, 0x00, 0x00, 0x00, 0x00, 0x00, 0x00, 0x00, 0x00, 0x00, 0x00, 0x00,
    0x00, 0x00, 0x00, 0x00, 0x00, 0x00, 0x00, 0x00, 0x00, 0x00, 0x00, 0x00, 0x00, 0x00, 0x00, 0x00,
    0x00, 0x00, 0x00, 0x00, 0x00, 0x00, 0x00, 0x00, 0x00, 0x00, 0x00, 0x00, 0x00, 0x00, 0x00, 0x00,
    0x00, 0x00, 0x00, 0x00, 0x00, 0x00, 0x00, 0x00, 0x00, 0x00, 0x00, 0x00, 0x00, 0x00, 0x00, 0x00,
    0x00, 0x00, 0x00, 0x00, 0x00, 0x00, 0x00, 0x00, 0x00, 0x00, 0x00, 0x00, 0x00, 0x00, 0x00, 0x00,
    0x00, 0x00, 0x00, 0x00, 0x00, 0x00, 0x00, 0x00, 0x00, 0x00, 0x00, 0x00, 0x00, 0x00, 0x00, 0x00,
    0x00, 0x00, 0x00, 0x00, 0x00, 0x00, 0x00, 0x00, 0x00, 0x00, 0x00, 0x00, 0x00, 0x00, 0x00, 0x00,
    0x00, 0x00, 0x00, 0x00, 0x00, 0x00, 0x00, 0x00, 0x00, 0x00, 0x00, 0x00, 0x00, 0x00, 0x00, 0x00,
    0x00, 0x00, 0x00, 0x00, 0x00, 0x00, 0x00, 0x00, 0x00, 0x00, 0x00, 0x00, 0x00, 0x00, 0x00, 0x00,
    0x00, 0x00, 0x00, 0x00, 0x00, 0x00, 0x00, 0x00, 0x00, 0x00, 0x00, 0x00, 0x00, 0x00, 0x00, 0x00,
    0x43, 0x80, 0xBE, 0x01, 0x43, 0x81, 0xBF, 0x01, 0x43, 0x81, 0xBF, 0x01, 0x43, 0x82, 0xC0, 0x01,
    0x43, 0x81, 0xC1, 0x01, 0x42, 0x81, 0xC1, 0x01, 0x42, 0x81, 0xC1, 0x01, 0x42, 0x82, 0xC2, 0x01,
    0x3D, 0x7F, 0xC0, 0x05, 0x3D, 0x7F, 0xC0, 0x05, 0x3F, 0x7D, 0xBE, 0x04, 0x05, 0x22, 0x56, 0xA6,
    0x19, 0x2E, 0x6A, 0xF0, 0x19, 0x2E, 0x6A, 0xF0, 0x9C, 0xBC, 0xF6, 0xF3, 0x99, 0xB4, 0xF5, 0xF8,
    0x95, 0xB5, 0xFB, 0xF9, 0x95, 0xB5, 0xFB, 0xF9, 0x7D, 0xA0, 0xFC, 0xFA, 0x58, 0x84, 0xF4, 0xFA,
    0x58, 0x84, 0xF4, 0xFA, 0x41, 0x72, 0xE9, 0xFB, 0x36, 0x7A, 0xF2, 0xFB, 0x26, 0x7E, 0xF3, 0xFB,
    0x26, 0x7E, 0xF3, 0xFB, 0x24, 0x8D, 0xF9, 0xFB, 0x24, 0x95, 0xFC, 0xFB, 0x21, 0x98, 0xFD, 0xFB,
    0x21, 0x98, 0xFD, 0xFB, 0x16, 0x86, 0xF7, 0xFB, 0x18, 0x8B, 0xFA, 0xFB, 0x19, 0x8A, 0xF9, 0xFB,
    0x19, 0x8A, 0xF9, 0xFB, 0x1B, 0x8A, 0xF9, 0xFB, 0x1E, 0x8D, 0xF9, 0xFB, 0x1E, 0x8D, 0xF9, 0xFB,
    0x20, 0x8E, 0xFA, 0xFB, 0x1E, 0x8A, 0xF8, 0xFB, 0x1B, 0x88, 0xF5, 0xFB, 0x1B, 0x88, 0xF5, 0xFB,
    0x1A, 0x89, 0xF4, 0xFB, 0x21, 0x8F, 0xF8, 0xFC, 0x29, 0x95, 0xFB, 0xFC, 0x29, 0x95, 0xFB, 0xFC,
    0x2E, 0x9B, 0xFD, 0xFC, 0x2A, 0x96, 0xFB, 0xFC, 0x2A, 0x96, 0xFB, 0xFC, 0x2C, 0x99, 0xFD, 0xFC,
    0x21, 0x8D, 0xF6, 0xFC, 0x22, 0x92, 0xF8, 0xFC, 0x22, 0x92, 0xF8, 0xFC, 0x2B, 0x99, 0xFC, 0xFC,
    0x32, 0xA2, 0xFE, 0xFC, 0x36, 0xA4, 0xFE, 0xFC, 0x36, 0xA4, 0xFE, 0xFC, 0x37, 0xA2, 0xFE, 0xFC,
    0x37, 0xA1, 0xFE, 0xFC, 0x3A, 0xA0, 0xFE, 0xFC, 0x3A, 0xA0, 0xFE, 0xFC, 0x3D, 0x9B, 0xFD, 0xFC,
    0x3F, 0x97, 0xFC, 0xFB, 0x3F, 0x97, 0xFC, 0xFB, 0x42, 0x89, 0xF7, 0xFB, 0x4E, 0x81, 0xF3, 0xFB,
    0x59, 0x7C, 0xED, 0xFB, 0x59, 0x7C, 0xED, 0xFB, 0x65, 0x83, 0xF4, 0xFB, 0x6E, 0x8B, 0xF8, 0xFB,
    0x70, 0x92, 0xFA, 0xFB, 0x70, 0x92, 0xFA, 0xFB, 0x6C, 0x97, 0xFB, 0xFB, 0x5B, 0xA6, 0xFC, 0xFB,
    0x5B, 0xA6, 0xFC, 0xFB, 0x43, 0x9F, 0xFB, 0xF9, 0x00, 0x1B, 0x4C, 0xFA, 0x13, 0x3A, 0x68, 0xAC,
    0x13, 0x3A, 0x68, 0xAC, 0x3B, 0x87, 0xD0, 0x19, 0x33, 0x7B, 0xC4, 0x02, 0x36, 0x7F, 0xC7, 0x02,
    0x36, 0x7F, 0xC7, 0x02, 0x37, 0x7F, 0xC7, 0x01, 0x00, 0x00, 0x00, 0x00, 0x00, 0x00, 0x00, 0x00,
    0x00, 0x00, 0x00, 0x00, 0x00, 0x00, 0x00, 0x00, 0x00, 0x00, 0x00, 0x00, 0x00, 0x00, 0x00, 0x00,
    0x00, 0x00, 0x00, 0x00, 0x00, 0x00, 0x00, 0x00, 0x00, 0x00, 0x00, 0x00, 0x00, 0x00, 0x00, 0x00,
    0x00, 0x00, 0x00, 0x00, 0x00, 0x00, 0x00, 0x00, 0x00, 0x00, 0x00, 0x00, 0x00, 0x00, 0x00, 0x00,
    0x00, 0x00, 0x00, 0x00, 0x00, 0x00, 0x00, 0x00, 0x00, 0x00, 0x00, 0x00, 0x00, 0x00, 0x00, 0x00,
    0x00, 0x00, 0x00, 0x00, 0x00, 0x00, 0x00, 0x00, 0x00, 0x00, 0x00, 0x00, 0x00, 0x00, 0x00, 0x00,
    0x00, 0x00, 0x00, 0x00, 0x00, 0x00, 0x00, 0x00, 0x00, 0x00, 0x00, 0x00, 0x00, 0x00, 0x00, 0x00,
    0x00, 0x00, 0x00, 0x00, 0x00, 0x00, 0x00, 0x00, 0x00, 0x00, 0x00, 0x00, 0x00, 0x00, 0x00, 0x00,
    0x00, 0x00, 0x00, 0x00, 0x00, 0x00, 0x00, 0x00, 0x00, 0x00, 0x00, 0x00, 0x00, 0x00, 0x00, 0x00,
    0x00, 0x00, 0x00, 0x00, 0x00, 0x00, 0x00, 0x00, 0x00, 0x00, 0x00, 0x00, 0x00, 0x00, 0x00, 0x00,
    0x00, 0x00, 0x00, 0x00, 0x00, 0x00, 0x00, 0x00, 0x00, 0x00, 0x00, 0x00, 0x00, 0x00, 0x00, 0x00,
    0x00, 0x00, 0x00, 0x00, 0x00, 0x00, 0x00, 0x00, 0x00, 0x00, 0x00, 0x00, 0x00, 0x00, 0x00, 0x00,
    0x43, 0x81, 0xBF, 0x01, 0x43, 0x81, 0xC0, 0x01, 0x43, 0x81, 0xC0, 0x01, 0x43, 0x82, 0xC1, 0x01,
    0x43, 0x82, 0xC2, 0x01, 0x42, 0x83, 0xC2, 0x01, 0x42, 0x83, 0xC2, 0x01, 0x42, 0x83, 0xC3, 0x01,
    0x3F, 0x82, 0xC2, 0x05, 0x3F, 0x82, 0xC2, 0x05, 0x3F, 0x7B, 0xBB, 0x04, 0x03, 0x1C, 0x51, 0xA9,
    0x15, 0x2B, 0x6B, 0xEF, 0x15, 0x2B, 0x6B, 0xEF, 0x94, 0xB4, 0xF5, 0xF4, 0x91, 0xA8, 0xF3, 0xF8,
    0x8C, 0xA8, 0xFA, 0xF9, 0x8C, 0xA8, 0xFA, 0xF9, 0x72, 0x96, 0xF9, 0xFA, 0x4D, 0x79, 0xED, 0xFA,
    0x4D, 0x79, 0xED, 0xFA, 0x32, 0x6A, 0xE6, 0xFB, 0x2B, 0x76, 0xF0, 0xFB, 0x2E, 0x93, 0xFA, 0xFB,
    0x2E, 0x93, 0xFA, 0xFB, 0x2D, 0x9F, 0xFD, 0xFB, 0x25, 0x91, 0xFA, 0xFB, 0x1F, 0x90, 0xFB, 0xFB,
    0x1F, 0x90, 0xFB, 0xFB, 0x1C, 0x8E, 0xFA, 0xFB, 0x1A, 0x88, 0xF8, 0xFB, 0x1C, 0x8A, 0xF8, 0xFB,
    0x1C, 0x8A, 0xF8, 0xFB, 0x22, 0x91, 0xFB, 0xFB, 0x22, 0x8D, 0xF8, 0xFB, 0x22, 0x8D, 0xF8, 0xFB,
    0x24, 0x90, 0xFA, 0xFC, 0x20, 0x8A, 0xF7, 0xFC, 0x1D, 0x8A, 0xF5, 0xFC, 0x1D, 0x8A, 0xF5, 0xFC,
    0x1D, 0x8B, 0xF4, 0xFC, 0x27, 0x94, 0xFB, 0xFC, 0x2F, 0x9A, 0xFD, 0xFC, 0x2F, 0x9A, 0xFD, 0xFC,
    0x2F, 0x98, 0xFC, 0xFC, 0x2F, 0x9D, 0xFD, 0xFC, 0x2F, 0x9D, 0xFD, 0xFC, 0x28, 0x95, 0xFD, 0xFC,
    0x24, 0x90, 0xF8, 0xFC, 0x25, 0x92, 0xF7, 0xFC, 0x25, 0x92, 0xF7, 0xFC, 0x2F, 0x9D, 0xFD, 0xFC,
    0x35, 0xA2, 0xFE, 0xFC, 0x36, 0xA4, 0xFE, 0xFC, 0x36, 0xA4, 0xFE, 0xFC, 0x35, 0xA2, 0xFE, 0xFC,
    0x35, 0xA0, 0xFE, 0xFC, 0x35, 0xA0, 0xFE, 0xFC, 0x35, 0xA0, 0xFE, 0xFC, 0x35, 0xA0, 0xFE, 0xFC,
    0x33, 0xA1, 0xFD, 0xFC, 0x33, 0xA1, 0xFD, 0xFC, 0x32, 0x9C, 0xFC, 0xFC, 0x3C, 0x92, 0xFB, 0xFC,
    0x45, 0x7E, 0xF2, 0xFB, 0x45, 0x7E, 0xF2, 0xFB, 0x52, 0x7B, 0xF0, 0xFB, 0x63, 0x89, 0xF7, 0xFB,
    0x69, 0x8F, 0xF9, 0xFB, 0x69, 0x8F, 0xF9, 0xFB, 0x68, 0x96, 0xFA, 0xFB, 0x5B, 0x9B, 0xFB, 0xFB,
    0x5B, 0x9B, 0xFB, 0xFB, 0x4D, 0x9E, 0xFA, 0xF8, 0x00, 0x18, 0x52, 0xFC, 0x0D, 0x31, 0x61, 0xBA,
    0x0D, 0x31, 0x61, 0xBA, 0x3A, 0x84, 0xCE, 0x20, 0x33, 0x7C, 0xC4, 0x01, 0x35, 0x7F, 0xC8, 0x02,
    0x35, 0x7F, 0xC8, 0x02, 0x37, 0x7F, 0xC8, 0x01, 0x39, 0x80, 0xC8, 0x01, 0x00, 0x00, 0x00, 0x00,
    0x00, 0x00, 0x00, 0x00, 0x00, 0x00, 0x00, 0x00, 0x00, 0x00, 0x00, 0x00, 0x00, 0x00, 0x00, 0x00,
    0x00, 0x00, 0x00, 0x00, 0x00, 0x00, 0x00, 0x00, 0x00, 0x00, 0x00, 0x00, 0x00, 0x00, 0x00, 0x00,
    0x00, 0x00, 0x00, 0x00, 0x00, 0x00, 0x00, 0x00, 0x00, 0x00, 0x00, 0x00, 0x00, 0x00, 0x00, 0x00,
    0x00, 0x00, 0x00, 0x00, 0x00, 0x00, 0x00, 0x00, 0x00, 0x00, 0x00, 0x00, 0x00, 0x00, 0x00, 0x00,
    0x00, 0x00, 0x00, 0x00, 0x00, 0x00, 0x00, 0x00, 0x00, 0x00, 0x00, 0x00, 0x00, 0x00, 0x00, 0x00,
    0x00, 0x00, 0x00, 0x00, 0x00, 0x00, 0x00, 0x00, 0x00, 0x00, 0x00, 0x00, 0x00, 0x00, 0x00, 0x00,
    0x00, 0x00, 0x00, 0x00, 0x00, 0x00, 0x00, 0x00, 0x00, 0x00, 0x00, 0x00, 0x00, 0x00, 0x00, 0x00,
    0x00, 0x00, 0x00, 0x00, 0x00, 0x00, 0x00, 0x00, 0x00, 0x00, 0x00, 0x00, 0x00, 0x00, 0x00, 0x00,
    0x00, 0x00, 0x00, 0x00, 0x00, 0x00, 0x00, 0x00, 0x00, 0x00, 0x00, 0x00, 0x00, 0x00, 0x00, 0x00,
    0x00, 0x00, 0x00, 0x00, 0x00, 0x00, 0x00, 0x00, 0x00, 0x00, 0x00, 0x00, 0x00, 0x00, 0x00, 0x00,
    0x00, 0x00, 0x00, 0x00, 0x00, 0x00, 0x00, 0x00, 0x00, 0x00, 0x00, 0x00, 0x00, 0x00, 0x00, 0x00,
    0x43, 0x81, 0xC0, 0x01, 0x44, 0x82, 0xC1, 0x01, 0x44, 0x82, 0xC1, 0x01, 0x44, 0x82, 0xC1, 0x01,
    0x44, 0x83, 0xC2, 0x01, 0x43, 0x83, 0xC3, 0x01, 0x43, 0x83, 0xC3, 0x01, 0x43, 0x84, 0xC3, 0x01,
    0x3F, 0x83, 0xC4, 0x05, 0x3F, 0x83, 0xC4, 0x05, 0x3D, 0x79, 0xB9, 0x05, 0x02, 0x1A, 0x4D, 0xAB,
    0x15, 0x2D, 0x6E, 0xEF, 0x15, 0x2D, 0x6E, 0xEF, 0x8B, 0xB0, 0xF7, 0xF3, 0x8D, 0xAC, 0xF8, 0xF8,
    0x7C, 0x9E, 0xFA, 0xF9, 0x7C, 0x9E, 0xFA, 0xF9, 0x59, 0x7E, 0xEE, 0xFA, 0x37, 0x6C, 0xE5, 0xFB,
    0x37, 0x6C, 0xE5, 0xFB, 0x2D, 0x79, 0xED, 0xFB, 0x33, 0x92, 0xFA, 0xFB, 0x31, 0x9D, 0xFC, 0xFB,
    0x31, 0x9D, 0xFC, 0xFB, 0x2D, 0xA2, 0xFD, 0xFB, 0x29, 0x99, 0xFC, 0xFB, 0x23, 0x94, 0xFB, 0xFB,
    0x23, 0x94, 0xFB, 0xFB, 0x1A, 0x8D, 0xF8, 0xFC, 0x1E, 0x8E, 0xF9, 0xFC, 0x25, 0x93, 0xFB, 0xFC,
    0x25, 0x93, 0xFB, 0xFC, 0x2B, 0x9B, 0xFD, 0xFC, 0x28, 0x92, 0xFB, 0xFC, 0x28, 0x92, 0xFB, 0xFC,
    0x27, 0x93, 0xFB, 0xFC, 0x21, 0x8C, 0xF7, 0xFC, 0x1D, 0x8D, 0xF6, 0xFC, 0x1D, 0x8D, 0xF6, 0xFC,
    0x21, 0x8F, 0xF7, 0xFC, 0x2A, 0x97, 0xFC, 0xFC, 0x33, 0x9F, 0xFE, 0xFC, 0x33, 0x9F, 0xFE, 0xFC,
    0x32, 0x9D, 0xFE, 0xFC, 0x28, 0x95, 0xFA, 0xFC, 0x28, 0x95, 0xFA, 0xFC, 0x26, 0x96, 0xFB, 0xFC,
    0x25, 0x94, 0xF9, 0xFC, 0x2B, 0x99, 0xFB, 0xFC, 0x2B, 0x99, 0xFB, 0xFC, 0x33, 0xA2, 0xFE, 0xFC,
    0x36, 0xA3, 0xFE, 0xFC, 0x34, 0xA2, 0xFE, 0xFC, 0x34, 0xA2, 0xFE, 0xFC, 0x34, 0xA2, 0xFE, 0xFC,
    0x35, 0xA1, 0xFE, 0xFC, 0x35, 0xA1, 0xFE, 0xFC, 0x35, 0xA1, 0xFE, 0xFC, 0x33, 0xA0, 0xFD, 0xFC,
    0x2E, 0xA0, 0xFD, 0xFC, 0x2E, 0xA0, 0xFD, 0xFC, 0x2D, 0xA4, 0xFD, 0xFC, 0x2E, 0x9E, 0xFD, 0xFC,
    0x31, 0x8A, 0xF9, 0xFC, 0x31, 0x8A, 0xF9, 0xFC, 0x3A, 0x82, 0xF6, 0xFC, 0x4A, 0x83, 0xF4, 0xFC,
    0x5A, 0x8D, 0xF8, 0xFB, 0x5A, 0x8D, 0xF8, 0xFB, 0x65, 0x9B, 0xFA, 0xFB, 0x5A, 0x9B, 0xFB, 0xFB,
    0x5A, 0x9B, 0xFB, 0xFB, 0x54, 0xAA, 0xFB, 0xF9, 0x06, 0x28, 0x64, 0xFC, 0x0C, 0x2F, 0x5F, 0xBB,
    0x0C, 0x2F, 0x5F, 0xBB, 0x39, 0x84, 0xCD, 0x22, 0x32, 0x7E, 0xC6, 0x03, 0x35, 0x80, 0xC8, 0x02,
    0x35, 0x80, 0xC8, 0x02, 0x37, 0x80, 0xC9, 0x01, 0x39, 0x80, 0xC9, 0x01, 0x00, 0x00, 0x00, 0x00,
    0x00, 0x00, 0x00, 0x00, 0x00, 0x00, 0x00, 0x00, 0x00, 0x00, 0x00, 0x00, 0x00, 0x00, 0x00, 0x00,
    0x00, 0x00, 0x00, 0x00, 0x00, 0x00, 0x00, 0x00, 0x00, 0x00, 0x00, 0x00, 0x00, 0x00, 0x00, 0x00,
    0x00, 0x00, 0x00, 0x00, 0x00, 0x00, 0x00, 0x00, 0x00, 0x00, 0x00, 0x00, 0x00, 0x00, 0x00, 0x00,
    0x00, 0x00, 0x00, 0x00, 0x00, 0x00, 0x00, 0x00, 0x00, 0x00, 0x00, 0x00, 0x00, 0x00, 0x00, 0x00,
    0x00, 0x00, 0x00, 0x00, 0x00, 0x00, 0x00, 0x00, 0x00, 0x00, 0x00, 0x00, 0x00, 0x00, 0x00, 0x00,
    0x00, 0x00, 0x00, 0x00, 0x00, 0x00, 0x00, 0x00, 0x00, 0x00, 0x00, 0x00, 0x00, 0x00, 0x00, 0x00,
    0x00, 0x00, 0x00, 0x00, 0x00, 0x00, 0x00, 0x00, 0x00, 0x00, 0x00, 0x00, 0x00, 0x00, 0x00, 0x00,
    0x00, 0x00, 0x00, 0x00, 0x00, 0x00, 0x00, 0x00, 0x00, 0x00, 0x00, 0x00, 0x00, 0x00, 0x00, 0x00,
    0x00, 0x00, 0x00, 0x00, 0x00, 0x00, 0x00, 0x00, 0x00, 0x00, 0x00, 0x00, 0x00, 0x00, 0x00, 0x00,
    0x00, 0x00, 0x00, 0x00, 0x00, 0x00, 0x00, 0x00, 0x00, 0x00, 0x00, 0x00, 0x00, 0x00, 0x00, 0x00,
    0x00, 0x00, 0x00, 0x00, 0x00, 0x00, 0x00, 0x00, 0x00, 0x00, 0x00, 0x00, 0x00, 0x00, 0x00, 0x00,
    0x43, 0x81, 0xC0, 0x01, 0x44, 0x82, 0xC1, 0x01, 0x44, 0x82, 0xC1, 0x01, 0x44, 0x82, 0xC1, 0x01,
    0x44, 0x83, 0xC2, 0x01, 0x43, 0x83, 0xC3, 0x01, 0x43, 0x83, 0xC3, 0x01, 0x43, 0x84, 0xC3, 0x01,
    0x3F, 0x83, 0xC4, 0x05, 0x3F, 0x83, 0xC4, 0x05, 0x3D, 0x79, 0xB9, 0x05, 0x02, 0x1A, 0x4D, 0xAB,
    0x15, 0x2D, 0x6E, 0xEF, 0x15, 0x2D, 0x6E, 0xEF, 0x8B, 0xB0, 0xF7, 0xF3, 0x8D, 0xAC, 0xF8, 0xF8,
    0x7C, 0x9E, 0xFA, 0xF9, 0x7C, 0x9E, 0xFA, 0xF9, 0x59, 0x7E, 0xEE, 0xFA, 0x37, 0x6C, 0xE5, 0xFB,
    0x37, 0x6C, 0xE5, 0xFB, 0x2D, 0x79, 0xED, 0xFB, 0x33, 0x92, 0xFA, 0xFB, 0x31, 0x9D, 0xFC, 0xFB,
    0x31, 0x9D, 0xFC, 0xFB, 0x2D, 0xA2, 0xFD, 0xFB, 0x29, 0x99, 0xFC, 0xFB, 0x23, 0x94, 0xFB, 0xFB,
    0x23, 0x94, 0xFB, 0xFB, 0x1A, 0x8D, 0xF8, 0xFC, 0x1E, 0x8E, 0xF9, 0xFC, 0x25, 0x93, 0xFB, 0xFC,
    0x25, 0x93, 0xFB, 0xFC, 0x2B, 0x9B, 0xFD, 0xFC, 0x28, 0x92, 0xFB, 0xFC, 0x28, 0x92, 0xFB, 0xFC,
    0x27, 0x93, 0xFB, 0xFC, 0x21, 0x8C, 0xF7, 0xFC, 0x1D, 0x8D, 0xF6, 0xFC, 0x1D, 0x8D, 0xF6, 0xFC,
    0x21, 0x8F, 0xF7, 0xFC, 0x2A, 0x97, 0xFC, 0xFC, 0x33, 0x9F, 0xFE, 0xFC, 0x33, 0x9F, 0xFE, 0xFC,
    0x32, 0x9D, 0xFE, 0xFC, 0x28, 0x95, 0xFA, 0xFC, 0x28, 0x95, 0xFA, 0xFC, 0x26, 0x96, 0xFB, 0xFC,
    0x25, 0x94, 0xF9, 0xFC, 0x2B, 0x99, 0xFB, 0xFC, 0x2B, 0x99, 0xFB, 0xFC, 0x33, 0xA2, 0xFE, 0xFC,
    0x36, 0xA3, 0xFE, 0xFC, 0x34, 0xA2, 0xFE, 0xFC, 0x34, 0xA2, 0xFE, 0xFC, 0x34, 0xA2, 0xFE, 0xFC,
    0x35, 0xA1, 0xFE, 0xFC, 0x35, 0xA1, 0xFE, 0xFC, 0x35, 0xA1, 0xFE, 0xFC, 0x33, 0xA0, 0xFD, 0xFC,
    0x2E, 0xA0, 0xFD, 0xFC, 0x2E, 0xA0, 0xFD, 0xFC, 0x2D, 0xA4, 0xFD, 0xFC, 0x2E, 0x9E, 0xFD, 0xFC,
    0x31, 0x8A, 0xF9, 0xFC, 0x31, 0x8A, 0xF9, 0xFC, 0x3A, 0x82, 0xF6, 0xFC, 0x4A, 0x83, 0xF4, 0xFC,
    0x5A, 0x8D, 0xF8, 0xFB, 0x5A, 0x8D, 0xF8, 0xFB, 0x65, 0x9B, 0xFA, 0xFB, 0x5A, 0x9B, 0xFB, 0xFB,
    0x5A, 0x9B, 0xFB, 0xFB, 0x54, 0xAA, 0xFB, 0xF9, 0x06, 0x28, 0x64, 0xFC, 0x0C, 0x2F, 0x5F, 0xBB,
    0x0C, 0x2F, 0x5F, 0xBB, 0x39, 0x84, 0xCD, 0x22, 0x32, 0x7E, 0xC6, 0x03, 0x35, 0x80, 0xC8, 0x02,
    0x35, 0x80, 0xC8, 0x02, 0x37, 0x80, 0xC9, 0x01, 0x39, 0x80, 0xC9, 0x01, 0x00, 0x00, 0x00, 0x00,
    0x00, 0x00, 0x00, 0x00, 0x00, 0x00, 0x00, 0x00, 0x00, 0x00, 0x00, 0x00, 0x00, 0x00, 0x00, 0x00,
    0x00, 0x00, 0x00, 0x00, 0x00, 0x00, 0x00, 0x00, 0x00, 0x00, 0x00, 0x00, 0x00, 0x00, 0x00, 0x00,
    0x00, 0x00, 0x00, 0x00, 0x00, 0x00, 0x00, 0x00, 0x00, 0x00, 0x00, 0x00, 0x00, 0x00, 0x00, 0x00,
    0x00, 0x00, 0x00, 0x00, 0x00, 0x00, 0x00, 0x00, 0x00, 0x00, 0x00, 0x00, 0x00, 0x00, 0x00, 0x00,
    0x00, 0x00, 0x00, 0x00, 0x00, 0x00, 0x00, 0x00, 0x00, 0x00, 0x00, 0x00, 0x00, 0x00, 0x00, 0x00,
    0x00, 0x00, 0x00, 0x00, 0x00, 0x00, 0x00, 0x00, 0x00, 0x00, 0x00, 0x00, 0x00, 0x00, 0x00, 0x00,
    0x00, 0x00, 0x00, 0x00, 0x00, 0x00, 0x00, 0x00, 0x00, 0x00, 0x00, 0x00, 0x00, 0x00, 0x00, 0x00,
    0x00, 0x00, 0x00, 0x00, 0x00, 0x00, 0x00, 0x00, 0x00, 0x00, 0x00, 0x00, 0x00, 0x00, 0x00, 0x00,
    0x00, 0x00, 0x00, 0x00, 0x00, 0x00, 0x00, 0x00, 0x00, 0x00, 0x00, 0x00, 0x00, 0x00, 0x00, 0x00,
    0x00, 0x00, 0x00, 0x00, 0x00, 0x00, 0x00, 0x00, 0x00, 0x00, 0x00, 0x00, 0x00, 0x00, 0x00, 0x00,
    0x00, 0x00, 0x00, 0x00, 0x00, 0x00, 0x00, 0x00, 0x00, 0x00, 0x00, 0x00, 0x00, 0x00, 0x00, 0x00,
    0x43, 0x82, 0xC0, 0x01, 0x43, 0x82, 0xC1, 0x01, 0x43, 0x82, 0xC1, 0x01, 0x44, 0x83, 0xC2, 0x01,
    0x44, 0x83, 0xC3, 0x01, 0x44, 0x84, 0xC4, 0x01, 0x44, 0x84, 0xC4, 0x01, 0x44, 0x84, 0xC4, 0x01,
    0x41, 0x84, 0xC5, 0x05, 0x41, 0x84, 0xC5, 0x05, 0x3C, 0x78, 0xB9, 0x04, 0x01, 0x16, 0x48, 0xAE,
    0x16, 0x2D, 0x72, 0xF0, 0x16, 0x2D, 0x72, 0xF0, 0x7F, 0xA4, 0xF4, 0xF4, 0x7A, 0x9C, 0xF5, 0xF8,
    0x65, 0x92, 0xF7, 0xFA, 0x65, 0x92, 0xF7, 0xFA, 0x3B, 0x70, 0xE6, 0xFA, 0x2B, 0x71, 0xE7, 0xFB,
    0x2B, 0x71, 0xE7, 0xFB, 0x34, 0x94, 0xF9, 0xFB, 0x37, 0xA4, 0xFD, 0xFB, 0x30, 0x9D, 0xFB, 0xFB,
    0x30, 0x9D, 0xFB, 0xFB, 0x2D, 0x9E, 0xFB, 0xFB, 0x2C, 0x9E, 0xFD, 0xFC, 0x21, 0x92, 0xF8, 0xFC,
    0x21, 0x92, 0xF8, 0xFC, 0x16, 0x88, 0xF1, 0xFC, 0x1E, 0x8E, 0xF7, 0xFC, 0x2D, 0x9C, 0xFD, 0xFC,
    0x2D, 0x9C, 0xFD, 0xFC, 0x2D, 0x9A, 0xFC, 0xFC, 0x2A, 0x96, 0xFB, 0xFC, 0x2A, 0x96, 0xFB, 0xFC,
    0x28, 0x95, 0xFB, 0xFC, 0x1E, 0x8B, 0xF5, 0xFC, 0x1D, 0x8C, 0xF5, 0xFC, 0x1D, 0x8C, 0xF5, 0xFC,
    0x24, 0x94, 0xFA, 0xFC, 0x30, 0x9F, 0xFE, 0xFC, 0x34, 0x9F, 0xFE, 0xFC, 0x34, 0x9F, 0xFE, 0xFC,
    0x2D, 0x9A, 0xFD, 0xFC, 0x21, 0x8F, 0xF5, 0xFC, 0x21, 0x8F, 0xF5, 0xFC, 0x23, 0x93, 0xF7, 0xFC,
    0x24, 0x93, 0xF7, 0xFC, 0x2C, 0x9C, 0xFB, 0xFC, 0x2C, 0x9C, 0xFB, 0xFC, 0x34, 0xA5, 0xFE, 0xFC,
    0x34, 0xA3, 0xFE, 0xFC, 0x34, 0xA2, 0xFE, 0xFC, 0x34, 0xA2, 0xFE, 0xFC, 0x34, 0xA2, 0xFD, 0xFC,
    0x34, 0xA1, 0xFE, 0xFC, 0x34, 0xA0, 0xFD, 0xFC, 0x34, 0xA0, 0xFD, 0xFC, 0x35, 0xA1, 0xFD, 0xFC,
    0x34, 0xA2, 0xFD, 0xFC, 0x34, 0xA2, 0xFD, 0xFC, 0x30, 0xA3, 0xFD, 0xFC, 0x2D, 0xA1, 0xFD, 0xFC,
    0x2E, 0xA0, 0xFD, 0xFC, 0x2E, 0xA0, 0xFD, 0xFC, 0x2D, 0x92, 0xFB, 0xFC, 0x2B, 0x81, 0xF3, 0xFC,
    0x3C, 0x8A, 0xF7, 0xFB, 0x3C, 0x8A, 0xF7, 0xFB, 0x4A, 0x93, 0xF9, 0xFB, 0x46, 0x9A, 0xFA, 0xFB,
    0x46, 0x9A, 0xFA, 0xFB, 0x50, 0xB0, 0xFA, 0xF8, 0x0A, 0x2E, 0x6A, 0xFD, 0x09, 0x28, 0x58, 0xCC,
    0x09, 0x28, 0x58, 0xCC, 0x37, 0x82, 0xCB, 0x34, 0x30, 0x7F, 0xC6, 0x04, 0x35, 0x81, 0xC8, 0x01,
    0x35, 0x81, 0xC8, 0x01, 0x38, 0x81, 0xC9, 0x01, 0x00, 0x00, 0x00, 0x00, 0x00, 0x00, 0x00, 0x00,
    0x00, 0x00, 0x00, 0x00, 0x00, 0x00, 0x00, 0x00, 0x00, 0x00, 0x00, 0x00, 0x00, 0x00, 0x00, 0x00,
    0x00, 0x00, 0x00, 0x00, 0x00, 0x00, 0x00, 0x00, 0x00, 0x00, 0x00, 0x00, 0x00, 0x00, 0x00, 0x00,
    0x00, 0x00, 0x00, 0x00, 0x00, 0x00, 0x00, 0x00, 0x00, 0x00, 0x00, 0x00, 0x00, 0x00, 0x00, 0x00,
    0x00, 0x00, 0x00, 0x00, 0x00, 0x00, 0x00, 0x00, 0x00, 0x00, 0x00, 0x00, 0x00, 0x00, 0x00, 0x00,
    0x00, 0x00, 0x00, 0x00, 0x00, 0x00, 0x00, 0x00, 0x00, 0x00, 0x00, 0x00, 0x00, 0x00, 0x00, 0x00,
    0x00, 0x00, 0x00, 0x00, 0x00, 0x00, 0x00, 0x00, 0x00, 0x00, 0x00, 0x00, 0x00, 0x00, 0x00, 0x00,
    0x00, 0x00, 0x00, 0x00, 0x00, 0x00, 0x00, 0x00, 0x00, 0x00, 0x00, 0x00, 0x00, 0x00, 0x00, 0x00,
    0x00, 0x00, 0x00, 0x00, 0x00, 0x00, 0x00, 0x00, 0x00, 0x00, 0x00, 0x00, 0x00, 0x00, 0x00, 0x00,
    0x00, 0x00, 0x00, 0x00, 0x00, 0x00, 0x00, 0x00, 0x00, 0x00, 0x00, 0x00, 0x00, 0x00, 0x00, 0x00,
    0x00, 0x00, 0x00, 0x00, 0x00, 0x00, 0x00, 0x00, 0x00, 0x00, 0x00, 0x00, 0x00, 0x00, 0x00, 0x00,
    0x00, 0x00, 0x00, 0x00, 0x00, 0x00, 0x00, 0x00, 0x00, 0x00, 0x00, 0x00, 0x00, 0x00, 0x00, 0x00,
    0x43, 0x82, 0xC1, 0x01, 0x44, 0x82, 0xC2, 0x01, 0x44, 0x82, 0xC2, 0x01, 0x44, 0x83, 0xC2, 0x01,
    0x44, 0x83, 0xC3, 0x02, 0x44, 0x84, 0xC4, 0x01, 0x44, 0x84, 0xC4, 0x01, 0x45, 0x84, 0xC5, 0x02,
    0x44, 0x85, 0xC7, 0x05, 0x44, 0x85, 0xC7, 0x05, 0x3F, 0x7A, 0xBC, 0x04, 0x02, 0x15, 0x45, 0xAF,
    0x19, 0x32, 0x75, 0xF0, 0x19, 0x32, 0x75, 0xF0, 0x7A, 0xA8, 0xF7, 0xF3, 0x63, 0x8F, 0xF3, 0xF8,
    0x3B, 0x75, 0xE9, 0xFA, 0x3B, 0x75, 0xE9, 0xFA, 0x2F, 0x79, 0xEC, 0xFB, 0x3A, 0x98, 0xFA, 0xFB,
    0x3A, 0x98, 0xFA, 0xFB, 0x39, 0xA2, 0xFC, 0xFB, 0x35, 0xA4, 0xFD, 0xFB, 0x35, 0xA5, 0xFD, 0xFB,
    0x35, 0xA5, 0xFD, 0xFB, 0x34, 0xA6, 0xFD, 0xFC, 0x30, 0xA3, 0xFD, 0xFC, 0x23, 0x95, 0xF8, 0xFC,
    0x23, 0x95, 0xF8, 0xFC, 0x1B, 0x8F, 0xF4, 0xFC, 0x24, 0x96, 0xFA, 0xFC, 0x2F, 0xA0, 0xFE, 0xFC,
    0x2F, 0xA0, 0xFE, 0xFC, 0x2E, 0x9C, 0xFC, 0xFC, 0x2B, 0x9B, 0xFD, 0xFC, 0x2B, 0x9B, 0xFD, 0xFC,
    0x24, 0x94, 0xFA, 0xFC, 0x1C, 0x8C, 0xF4, 0xFC, 0x1C, 0x8B, 0xF4, 0xFC, 0x1C, 0x8B, 0xF4, 0xFC,
    0x27, 0x98, 0xFB, 0xFC, 0x34, 0xA4, 0xFF, 0xFC, 0x32, 0x9D, 0xFD, 0xFC, 0x32, 0x9D, 0xFD, 0xFC,
    0x30, 0x9F, 0xFD, 0xFC, 0x26, 0x95, 0xF9, 0xFC, 0x26, 0x95, 0xF9, 0xFC, 0x24, 0x97, 0xF8, 0xFC,
    0x25, 0x96, 0xF7, 0xFC, 0x31, 0xA3, 0xFD, 0xFC, 0x31, 0xA3, 0xFD, 0xFC, 0x33, 0xA3, 0xFE, 0xFC,
    0x34, 0xA4, 0xFE, 0xFC, 0x34, 0xA3, 0xFE, 0xFC, 0x34, 0xA3, 0xFE, 0xFC, 0x34, 0xA3, 0xFD, 0xFC,
    0x34, 0xA2, 0xFD, 0xFC, 0x35, 0xA3, 0xFD, 0xFC, 0x35, 0xA3, 0xFD, 0xFC, 0x36, 0xA2, 0xFD, 0xFC,
    0x35, 0xA2, 0xFD, 0xFC, 0x35, 0xA2, 0xFD, 0xFC, 0x34, 0xA2, 0xFD, 0xFC, 0x32, 0xA5, 0xFD, 0xFC,
    0x30, 0xA6, 0xFD, 0xFC, 0x30, 0xA6, 0xFD, 0xFC, 0x2F, 0xA2, 0xFD, 0xFC, 0x29, 0x95, 0xFB, 0xFC,
    0x27, 0x8F, 0xF9, 0xFC, 0x27, 0x8F, 0xF9, 0xFC, 0x2C, 0x8F, 0xF7, 0xFB, 0x2C, 0x98, 0xFB, 0xFB,
    0x2C, 0x98, 0xFB, 0xFB, 0x38, 0xA1, 0xFA, 0xF9, 0x0B, 0x35, 0x80, 0xFC, 0x08, 0x29, 0x5C, 0xD2,
    0x08, 0x29, 0x5C, 0xD2, 0x37, 0x89, 0xCD, 0x4D, 0x2E, 0x81, 0xC9, 0x0A, 0x35, 0x82, 0xC9, 0x02,
    0x35, 0x82, 0xC9, 0x02, 0x39, 0x82, 0xCA, 0x01, 0x00, 0x00, 0x00, 0x00, 0x00, 0x00, 0x00, 0x00,
    0x00, 0x00, 0x00, 0x00, 0x00, 0x00, 0x00, 0x00, 0x00, 0x00, 0x00, 0x00, 0x00, 0x00, 0x00, 0x00,
    0x00, 0x00, 0x00, 0x00, 0x00, 0x00, 0x00, 0x00, 0x00, 0x00, 0x00, 0x00, 0x00, 0x00, 0x00, 0x00,
    0x00, 0x00, 0x00, 0x00, 0x00, 0x00, 0x00, 0x00, 0x00, 0x00, 0x00, 0x00, 0x00, 0x00, 0x00, 0x00,
    0x00, 0x00, 0x00, 0x00, 0x00, 0x00, 0x00, 0x00, 0x00, 0x00, 0x00, 0x00, 0x00, 0x00, 0x00, 0x00,
    0x00, 0x00, 0x00, 0x00, 0x00, 0x00, 0x00, 0x00, 0x00, 0x00, 0x00, 0x00, 0x00, 0x00, 0x00, 0x00,
    0x00, 0x00, 0x00, 0x00, 0x00, 0x00, 0x00, 0x00, 0x00, 0x00, 0x00, 0x00, 0x00, 0x00, 0x00, 0x00,
    0x00, 0x00, 0x00, 0x00, 0x00, 0x00, 0x00, 0x00, 0x00, 0x00, 0x00, 0x00, 0x00, 0x00, 0x00, 0x00,
    0x00, 0x00, 0x00, 0x00, 0x00, 0x00, 0x00, 0x00, 0x00, 0x00, 0x00, 0x00, 0x00, 0x00, 0x00, 0x00,
    0x00, 0x00, 0x00, 0x00, 0x00, 0x00, 0x00, 0x00, 0x00, 0x00, 0x00, 0x00, 0x00, 0x00, 0x00, 0x00,
    0x00, 0x00, 0x00, 0x00, 0x00, 0x00, 0x00, 0x00, 0x00, 0x00, 0x00, 0x00, 0x00, 0x00, 0x00, 0x00,
    0x00, 0x00, 0x00, 0x00, 0x00, 0x00, 0x00, 0x00, 0x00, 0x00, 0x00, 0x00, 0x00, 0x00, 0x00, 0x00,
    0x43, 0x82, 0xC1, 0x01, 0x44, 0x82, 0xC2, 0x01, 0x44, 0x82, 0xC2, 0x01, 0x44, 0x83, 0xC2, 0x01,
    0x44, 0x83, 0xC3, 0x02, 0x44, 0x84, 0xC4, 0x01, 0x44, 0x84, 0xC4, 0x01, 0x45, 0x84, 0xC5, 0x02,
    0x44, 0x85, 0xC7, 0x05, 0x44, 0x85, 0xC7, 0x05, 0x3F, 0x7A, 0xBC, 0x04, 0x02, 0x15, 0x45, 0xAF,
    0x19, 0x32, 0x75, 0xF0, 0x19, 0x32, 0x75, 0xF0, 0x7A, 0xA8, 0xF7, 0xF3, 0x63, 0x8F, 0xF3, 0xF8,
    0x3B, 0x75, 0xE9, 0xFA, 0x3B, 0x75, 0xE9, 0xFA, 0x2F, 0x79, 0xEC, 0xFB, 0x3A, 0x98, 0xFA, 0xFB,
    0x3A, 0x98, 0xFA, 0xFB, 0x39, 0xA2, 0xFC, 0xFB, 0x35, 0xA4, 0xFD, 0xFB, 0x35, 0xA5, 0xFD, 0xFB,
    0x35, 0xA5, 0xFD, 0xFB, 0x34, 0xA6, 0xFD, 0xFC, 0x30, 0xA3, 0xFD, 0xFC, 0x23, 0x95, 0xF8, 0xFC,
    0x23, 0x95, 0xF8, 0xFC, 0x1B, 0x8F, 0xF4, 0xFC, 0x24, 0x96, 0xFA, 0xFC, 0x2F, 0xA0, 0xFE, 0xFC,
    0x2F, 0xA0, 0xFE, 0xFC, 0x2E, 0x9C, 0xFC, 0xFC, 0x2B, 0x9B, 0xFD, 0xFC, 0x2B, 0x9B, 0xFD, 0xFC,
    0x24, 0x94, 0xFA, 0xFC, 0x1C, 0x8C, 0xF4, 0xFC, 0x1C, 0x8B, 0xF4, 0xFC, 0x1C, 0x8B, 0xF4, 0xFC,
    0x27, 0x98, 0xFB, 0xFC, 0x34, 0xA4, 0xFF, 0xFC, 0x32, 0x9D, 0xFD, 0xFC, 0x32, 0x9D, 0xFD, 0xFC,
    0x30, 0x9F, 0xFD, 0xFC, 0x26, 0x95, 0xF9, 0xFC, 0x26, 0x95, 0xF9, 0xFC, 0x24, 0x97, 0xF8, 0xFC,
    0x25, 0x96, 0xF7, 0xFC, 0x31, 0xA3, 0xFD, 0xFC, 0x31, 0xA3, 0xFD, 0xFC, 0x33, 0xA3, 0xFE, 0xFC,
    0x34, 0xA4, 0xFE, 0xFC, 0x34, 0xA3, 0xFE, 0xFC, 0x34, 0xA3, 0xFE, 0xFC, 0x34, 0xA3, 0xFD, 0xFC,
    0x34, 0xA2, 0xFD, 0xFC, 0x35, 0xA3, 0xFD, 0xFC, 0x35, 0xA3, 0xFD, 0xFC, 0x36, 0xA2, 0xFD, 0xFC,
    0x35, 0xA2, 0xFD, 0xFC, 0x35, 0xA2, 0xFD, 0xFC, 0x34, 0xA2, 0xFD, 0xFC, 0x32, 0xA5, 0xFD, 0xFC,
    0x30, 0xA6, 0xFD, 0xFC, 0x30, 0xA6, 0xFD, 0xFC, 0x2F, 0xA2, 0xFD, 0xFC, 0x29, 0x95, 0xFB, 0xFC,
    0x27, 0x8F, 0xF9, 0xFC, 0x27, 0x8F, 0xF9, 0xFC, 0x2C, 0x8F, 0xF7, 0xFB, 0x2C, 0x98, 0xFB, 0xFB,
    0x2C, 0x98, 0xFB, 0xFB, 0x38, 0xA1, 0xFA, 0xF9, 0x0B, 0x35, 0x80, 0xFC, 0x08, 0x29, 0x5C, 0xD2,
    0x08, 0x29, 0x5C, 0xD2, 0x37, 0x89, 0xCD, 0x4D, 0x2E, 0x81, 0xC9, 0x0A, 0x35, 0x82, 0xC9, 0x02,
    0x35, 0x82, 0xC9, 0x02, 0x39, 0x82, 0xCA, 0x01, 0x00, 0x00, 0x00, 0x00, 0x00, 0x00, 0x00, 0x00,
    0x00, 0x00, 0x00, 0x00, 0x00, 0x00, 0x00, 0x00, 0x00, 0x00, 0x00, 0x00, 0x00, 0x00, 0x00, 0x00,
    0x00, 0x00, 0x00, 0x00, 0x00, 0x00, 0x00, 0x00, 0x00, 0x00, 0x00, 0x00, 0x00, 0x00, 0x00, 0x00,
    0x00, 0x00, 0x00, 0x00, 0x00, 0x00, 0x00, 0x00, 0x00, 0x00, 0x00, 0x00, 0x00, 0x00, 0x00, 0x00,
    0x00, 0x00, 0x00, 0x00, 0x00, 0x00, 0x00, 0x00, 0x00, 0x00, 0x00, 0x00, 0x00, 0x00, 0x00, 0x00,
    0x00, 0x00, 0x00, 0x00, 0x00, 0x00, 0x00, 0x00, 0x00, 0x00, 0x00, 0x00, 0x00, 0x00, 0x00, 0x00,
    0x00, 0x00, 0x00, 0x00, 0x00, 0x00, 0x00, 0x00, 0x00, 0x00, 0x00, 0x00, 0x00, 0x00, 0x00, 0x00,
    0x00, 0x00, 0x00, 0x00, 0x00, 0x00, 0x00, 0x00, 0x00, 0x00, 0x00, 0x00, 0x00, 0x00, 0x00, 0x00,
    0x00, 0x00, 0x00, 0x00, 0x00, 0x00, 0x00, 0x00, 0x00, 0x00, 0x00, 0x00, 0x00, 0x00, 0x00, 0x00,
    0x00, 0x00, 0x00, 0x00, 0x00, 0x00, 0x00, 0x00, 0x00, 0x00, 0x00, 0x00, 0x00, 0x00, 0x00, 0x00,
    0x00, 0x00, 0x00, 0x00, 0x00, 0x00, 0x00, 0x00, 0x00, 0x00, 0x00, 0x00, 0x00, 0x00, 0x00, 0x00,
    0x00, 0x00, 0x00, 0x00, 0x00, 0x00, 0x00, 0x00, 0x00, 0x00, 0x00, 0x00, 0x00, 0x00, 0x00, 0x00,
    0x43, 0x82, 0xC2, 0x01, 0x43, 0x82, 0xC2, 0x01, 0x43, 0x82, 0xC2, 0x01, 0x44, 0x83, 0xC2, 0x02,
    0x44, 0x84, 0xC4, 0x01, 0x44, 0x85, 0xC4, 0x01, 0x44, 0x85, 0xC4, 0x01, 0x45, 0x86, 0xC5, 0x02,
    0x44, 0x87, 0xC9, 0x05, 0x44, 0x87, 0xC9, 0x05, 0x40, 0x7B, 0xBE, 0x04, 0x03, 0x14, 0x43, 0xB2,
    0x14, 0x31, 0x77, 0xF0, 0x14, 0x31, 0x77, 0xF0, 0x61, 0x9E, 0xF9, 0xF4, 0x42, 0x84, 0xF0, 0xF8,
    0x27, 0x76, 0xEC, 0xFA, 0x27, 0x76, 0xEC, 0xFA, 0x3A, 0x95, 0xFA, 0xFB, 0x40, 0xAD, 0xFD, 0xFB,
    0x40, 0xAD, 0xFD, 0xFB, 0x3A, 0xA7, 0xFD, 0xFB, 0x3B, 0xA7, 0xFE, 0xFB, 0x39, 0xA8, 0xFE, 0xFC,
    0x39, 0xA8, 0xFE, 0xFC, 0x39, 0xAA, 0xFE, 0xFC, 0x35, 0xA5, 0xFE, 0xFC, 0x2D, 0x9E, 0xFB, 0xFC,
    0x2D, 0x9E, 0xFB, 0xFC, 0x21, 0x92, 0xF6, 0xFC, 0x26, 0x97, 0xFA, 0xFC, 0x2F, 0x9F, 0xFE, 0xFC,
    0x2F, 0x9F, 0xFE, 0xFC, 0x2C, 0x98, 0xFA, 0xFC, 0x2B, 0x9D, 0xFD, 0xFC, 0x2B, 0x9D, 0xFD, 0xFC,
    0x20, 0x90, 0xF7, 0xFC, 0x19, 0x89, 0xF2, 0xFC, 0x1D, 0x8E, 0xF6, 0xFC, 0x1D, 0x8E, 0xF6, 0xFC,
    0x27, 0x95, 0xFA, 0xFC, 0x31, 0xA0, 0xFE, 0xFC, 0x32, 0x9F, 0xFE, 0xFC, 0x32, 0x9F, 0xFE, 0xFC,
    0x34, 0xA6, 0xFE, 0xFC, 0x2F, 0xA1, 0xFE, 0xFC, 0x2F, 0xA1, 0xFE, 0xFC, 0x27, 0x98, 0xFB, 0xFC,
    0x28, 0x98, 0xF9, 0xFC, 0x32, 0xA3, 0xFD, 0xFC, 0x32, 0xA3, 0xFD, 0xFC, 0x33, 0xA3, 0xFD, 0xFC,
    0x34, 0xA4, 0xFE, 0xFC, 0x34, 0xA4, 0xFE, 0xFC, 0x34, 0xA4, 0xFE, 0xFC, 0x34, 0xA3, 0xFE, 0xFC,
    0x34, 0xA3, 0xFD, 0xFC, 0x35, 0xA3, 0xFD, 0xFC, 0x35, 0xA3, 0xFD, 0xFC, 0x36, 0xA3, 0xFD, 0xFC,
    0x35, 0xA4, 0xFD, 0xFC, 0x35, 0xA4, 0xFD, 0xFC, 0x35, 0xA4, 0xFD, 0xFC, 0x33, 0xA5, 0xFD, 0xFC,
    0x31, 0xA4, 0xFD, 0xFC, 0x31, 0xA4, 0xFD, 0xFC, 0x30, 0xA3, 0xFD, 0xFC, 0x2E, 0xA4, 0xFD, 0xFC,
    0x2C, 0xA0, 0xFC, 0xFC, 0x2C, 0xA0, 0xFC, 0xFC, 0x22, 0x91, 0xF7, 0xFB, 0x1B, 0x90, 0xFA, 0xFB,
    0x1B, 0x90, 0xFA, 0xFB, 0x21, 0x90, 0xF9, 0xFC, 0x0E, 0x4A, 0xAC, 0xF6, 0x08, 0x2C, 0x6C, 0xF5,
    0x08, 0x2C, 0x6C, 0xF5, 0x29, 0x70, 0xAE, 0x8A, 0x35, 0x87, 0xCF, 0x0A, 0x36, 0x84, 0xCE, 0x04,
    0x36, 0x84, 0xCE, 0x04, 0x39, 0x83, 0xCB, 0x02, 0x3A, 0x83, 0xCA, 0x01, 0x3C, 0x83, 0xCA, 0x01,
    0x3C, 0x83, 0xCA, 0x01, 0x00, 0x00, 0x00, 0x00, 0x00, 0x00, 0x00, 0x00, 0x00, 0x00, 0x00, 0x00,
    0x00, 0x00, 0x00, 0x00, 0x00, 0x00, 0x00, 0x00, 0x00, 0x00, 0x00, 0x00, 0x00, 0x00, 0x00, 0x00,
    0x00, 0x00, 0x00, 0x00, 0x00, 0x00, 0x00, 0x00, 0x00, 0x00, 0x00, 0x00, 0x00, 0x00, 0x00, 0x00,
    0x00, 0x00, 0x00, 0x00, 0x00, 0x00, 0x00, 0x00, 0x00, 0x00, 0x00, 0x00, 0x00, 0x00, 0x00, 0x00,
    0x00, 0x00, 0x00, 0x00, 0x00, 0x00, 0x00, 0x00, 0x00, 0x00, 0x00, 0x00, 0x00, 0x00, 0x00, 0x00,
    0x00, 0x00, 0x00, 0x00, 0x00, 0x00, 0x00, 0x00, 0x00, 0x00, 0x00, 0x00, 0x00, 0x00, 0x00, 0x00,
    0x00, 0x00, 0x00, 0x00, 0x00, 0x00, 0x00, 0x00, 0x00, 0x00, 0x00, 0x00, 0x00, 0x00, 0x00, 0x00,
    0x00, 0x00, 0x00, 0x00, 0x00, 0x00, 0x00, 0x00, 0x00, 0x00, 0x00, 0x00, 0x00, 0x00, 0x00, 0x00,
    0x00, 0x00, 0x00, 0x00, 0x00, 0x00, 0x00, 0x00, 0x00, 0x00, 0x00, 0x00, 0x00, 0x00, 0x00, 0x00,
    0x00, 0x00, 0x00, 0x00, 0x00, 0x00, 0x00, 0x00, 0x00, 0x00, 0x00, 0x00, 0x00, 0x00, 0x00, 0x00,
    0x00, 0x00, 0x00, 0x00, 0x00, 0x00, 0x00, 0x00, 0x00, 0x00, 0x00, 0x00, 0x00, 0x00, 0x00, 0x00,
    0x43, 0x83, 0xC2, 0x01, 0x43, 0x83, 0xC3, 0x01, 0x43, 0x83, 0xC3, 0x01, 0x43, 0x84, 0xC3, 0x02,
    0x45, 0x84, 0xC4, 0x01, 0x45, 0x85, 0xC5, 0x01, 0x45, 0x85, 0xC5, 0x01, 0x46, 0x86, 0xC7, 0x02,
    0x45, 0x88, 0xCB, 0x05, 0x45, 0x88, 0xCB, 0x05, 0x40, 0x7F, 0xC1, 0x03, 0x05, 0x1B, 0x46, 0xB1,
    0x12, 0x35, 0x7B, 0xEE, 0x12, 0x35, 0x7B, 0xEE, 0x46, 0x94, 0xF8, 0xF4, 0x26, 0x7D, 0xF3, 0xF9,
    0x36, 0x9D, 0xFD, 0xF9, 0x36, 0x9D, 0xFD, 0xF9, 0x42, 0xA8, 0xFC, 0xFB, 0x3F, 0xA8, 0xFB, 0xFB,
    0x3F, 0xA8, 0xFB, 0xFB, 0x3E, 0xAB, 0xFC, 0xFB, 0x3E, 0xAC, 0xFE, 0xFB, 0x3C, 0xAC, 0xFF, 0xFC,
    0x3C, 0xAC, 0xFF, 0xFC, 0x3A, 0xAD, 0xFF, 0xFC, 0x3A, 0xAC, 0xFF, 0xFC, 0x37, 0xAB, 0xFE, 0xFC,
    0x37, 0xAB, 0xFE, 0xFC, 0x27, 0x9C, 0xFB, 0xFC, 0x27, 0x9B, 0xFC, 0xFC, 0x2D, 0x9F, 0xFE, 0xFC,
    0x2D, 0x9F, 0xFE, 0xFC, 0x2F, 0x9E, 0xFD, 0xFC, 0x2A, 0x9C, 0xFD, 0xFC, 0x2A, 0x9C, 0xFD, 0xFC,
    0x20, 0x90, 0xF6, 0xFC, 0x1A, 0x8B, 0xF4, 0xFC, 0x1E, 0x90, 0xF8, 0xFC, 0x1E, 0x90, 0xF8, 0xFC,
    0x28, 0x99, 0xFC, 0xFC, 0x35, 0xA7, 0xFF, 0xFC, 0x30, 0x9F, 0xFD, 0xFC, 0x30, 0x9F, 0xFD, 0xFC,
    0x2A, 0x9C, 0xFC, 0xFC, 0x25, 0x97, 0xF9, 0xFC, 0x25, 0x97, 0xF9, 0xFC, 0x28, 0x9B, 0xFB, 0xFC,
    0x2E, 0xA1, 0xFD, 0xFC, 0x33, 0xA4, 0xFD, 0xFC, 0x33, 0xA4, 0xFD, 0xFC, 0x33, 0xA3, 0xFD, 0xFC,
    0x33, 0xA3, 0xFD, 0xFC, 0x33, 0xA3, 0xFD, 0xFC, 0x33, 0xA3, 0xFD, 0xFC, 0x33, 0xA4, 0xFE, 0xFC,
    0x34, 0xA4, 0xFE, 0xFC, 0x34, 0xA4, 0xFE, 0xFC, 0x34, 0xA4, 0xFE, 0xFC, 0x35, 0xA4, 0xFE, 0xFC,
    0x35, 0xA4, 0xFE, 0xFC, 0x35, 0xA4, 0xFE, 0xFC, 0x34, 0xA5, 0xFD, 0xFC, 0x34, 0xA5, 0xFD, 0xFC,
    0x33, 0xA5, 0xFD, 0xFC, 0x33, 0xA5, 0xFD, 0xFC, 0x33, 0xA6, 0xFD, 0xFC, 0x31, 0xA6, 0xFD, 0xFC,
    0x31, 0xA7, 0xFD, 0xFC, 0x31, 0xA7, 0xFD, 0xFC, 0x29, 0x9D, 0xFB, 0xFB, 0x23, 0x9E, 0xFC, 0xFB,
    0x23, 0x9E, 0xFC, 0xFB, 0x1D, 0x91, 0xF9, 0xFC, 0x18, 0x74, 0xE1, 0xF8, 0x17, 0x58, 0xB2, 0xFA,
    0x17, 0x58, 0xB2, 0xFA, 0x05, 0x24, 0x60, 0xE4, 0x1A, 0x4E, 0x91, 0x7F, 0x38, 0x87, 0xD4, 0x0C,
    0x38, 0x87, 0xD4, 0x0C, 0x37, 0x84, 0xCF, 0x01, 0x3C, 0x86, 0xCD, 0x01, 0x3D, 0x84, 0xCC, 0x01,
    0x3D, 0x84, 0xCC, 0x01, 0x00, 0x00, 0x00, 0x00, 0x00, 0x00, 0x00, 0x00, 0x00, 0x00, 0x00, 0x00,
    0x00, 0x00, 0x00, 0x00, 0x00, 0x00, 0x00, 0x00, 0x00, 0x00, 0x00, 0x00, 0x00, 0x00, 0x00, 0x00,
    0x00, 0x00, 0x00, 0x00, 0x00, 0x00, 0x00, 0x00, 0x00, 0x00, 0x00, 0x00, 0x00, 0x00, 0x00, 0x00,
    0x00, 0x00, 0x00, 0x00, 0x00, 0x00, 0x00, 0x00, 0x00, 0x00, 0x00, 0x00, 0x00, 0x00, 0x00, 0x00,
    0x00, 0x00, 0x00, 0x00, 0x00, 0x00, 0x00, 0x00, 0x00, 0x00, 0x00, 0x00, 0x00, 0x00, 0x00, 0x00,
    0x00, 0x00, 0x00, 0x00, 0x00, 0x00, 0x00, 0x00, 0x00, 0x00, 0x00, 0x00, 0x00, 0x00, 0x00, 0x00,
    0x00, 0x00, 0x00, 0x00, 0x00, 0x00, 0x00, 0x00, 0x00, 0x00, 0x00, 0x00, 0x00, 0x00, 0x00, 0x00,
    0x00, 0x00, 0x00, 0x00, 0x00, 0x00, 0x00, 0x00, 0x00, 0x00, 0x00, 0x00, 0x00, 0x00, 0x00, 0x00,
    0x00, 0x00, 0x00, 0x00, 0x00, 0x00, 0x00, 0x00, 0x00, 0x00, 0x00, 0x00, 0x00, 0x00, 0x00, 0x00,
    0x00, 0x00, 0x00, 0x00, 0x00, 0x00, 0x00, 0x00, 0x00, 0x00, 0x00, 0x00, 0x00, 0x00, 0x00, 0x00,
    0x00, 0x00, 0x00, 0x00, 0x00, 0x00, 0x00, 0x00, 0x00, 0x00, 0x00, 0x00, 0x00, 0x00, 0x00, 0x00,
    0x42, 0x83, 0xC2, 0x01, 0x43, 0x83, 0xC3, 0x01, 0x43, 0x83, 0xC3, 0x01, 0x44, 0x84, 0xC4, 0x02,
    0x45, 0x84, 0xC5, 0x01, 0x47, 0x85, 0xC6, 0x01, 0x47, 0x85, 0xC6, 0x01, 0x47, 0x87, 0xC7, 0x03,
    0x44, 0x88, 0xCD, 0x06, 0x44, 0x88, 0xCD, 0x06, 0x42, 0x81, 0xC6, 0x03, 0x08, 0x1E, 0x49, 0xB2,
    0x09, 0x25, 0x68, 0xF0, 0x09, 0x25, 0x68, 0xF0, 0x20, 0x6F, 0xD9, 0xF4, 0x26, 0x89, 0xFA, 0xF9,
    0x3B, 0xA8, 0xFF, 0xFA, 0x3B, 0xA8, 0xFF, 0xFA, 0x42, 0xAB, 0xFB, 0xFB, 0x44, 0xAB, 0xFA, 0xFB,
    0x44, 0xAB, 0xFA, 0xFB, 0x42, 0xAB, 0xFB, 0xFB, 0x3F, 0xAD, 0xFE, 0xFC, 0x3D, 0xAE, 0xFF, 0xFC,
    0x3D, 0xAE, 0xFF, 0xFC, 0x3B, 0xAC, 0xFF, 0xFC, 0x3C, 0xAE, 0xFF, 0xFC, 0x3B, 0xAC, 0xFF, 0xFC,
    0x3B, 0xAC, 0xFF, 0xFC, 0x28, 0x9B, 0xF9, 0xFC, 0x1F, 0x92, 0xF5, 0xFC, 0x2C, 0x9D, 0xFD, 0xFC,
    0x2C, 0x9D, 0xFD, 0xFC, 0x31, 0xA2, 0xFE, 0xFC, 0x29, 0x98, 0xFC, 0xFC, 0x29, 0x98, 0xFC, 0xFC,
    0x21, 0x93, 0xF8, 0xFC, 0x1A, 0x8B, 0xF5, 0xFC, 0x1D, 0x8D, 0xF6, 0xFC, 0x1D, 0x8D, 0xF6, 0xFC,
    0x2F, 0xA1, 0xFE, 0xFC, 0x36, 0xA5, 0xFF, 0xFC, 0x37, 0xA6, 0xFE, 0xFC, 0x37, 0xA6, 0xFE, 0xFC,
    0x2C, 0x9D, 0xFC, 0xFC, 0x1D, 0x91, 0xF4, 0xFC, 0x1D, 0x91, 0xF4, 0xFC, 0x27, 0x9A, 0xF9, 0xFC,
    0x32, 0xA5, 0xFE, 0xFC, 0x34, 0xA4, 0xFD, 0xFC, 0x34, 0xA4, 0xFD, 0xFC, 0x33, 0xA4, 0xFD, 0xFC,
    0x33, 0xA4, 0xFD, 0xFC, 0x33, 0xA3, 0xFD, 0xFC, 0x33, 0xA3, 0xFD, 0xFC, 0x33, 0xA3, 0xFD, 0xFC,
    0x34, 0xA3, 0xFE, 0xFC, 0x34, 0xA4, 0xFE, 0xFC, 0x34, 0xA4, 0xFE, 0xFC, 0x35, 0xA4, 0xFD, 0xFC,
    0x34, 0xA5, 0xFE, 0xFC, 0x34, 0xA5, 0xFE, 0xFC, 0x34, 0xA5, 0xFD, 0xFC, 0x34, 0xA6, 0xFD, 0xFC,
    0x34, 0xA5, 0xFE, 0xFC, 0x34, 0xA5, 0xFE, 0xFC, 0x34, 0xA6, 0xFE, 0xFC, 0x35, 0xA6, 0xFE, 0xFC,
    0x34, 0xA6, 0xFE, 0xFC, 0x34, 0xA6, 0xFE, 0xFC, 0x32, 0xA4, 0xFD, 0xFB, 0x2B, 0xA0, 0xFC, 0xFB,
    0x2B, 0xA0, 0xFC, 0xFB, 0x21, 0x8D, 0xF9, 0xFB, 0x14, 0x76, 0xED, 0xFC, 0x11, 0x6A, 0xE2, 0xF7,
    0x11, 0x6A, 0xE2, 0xF7, 0x03, 0x29, 0x7F, 0xF3, 0x07, 0x2A, 0x61, 0xC4, 0x37, 0x8B, 0xD1, 0x19,
    0x37, 0x8B, 0xD1, 0x19, 0x3A, 0x8A, 0xD9, 0x01, 0x3A, 0x85, 0xCE, 0x02, 0x00, 0x00, 0x00, 0x00,
    0x00, 0x00, 0x00, 0x00, 0x00, 0x00, 0x00, 0x00, 0x00, 0x00, 0x00, 0x00, 0x00, 0x00, 0x00, 0x00,
    0x00, 0x00, 0x00, 0x00, 0x00, 0x00, 0x00, 0x00, 0x00, 0x00, 0x00, 0x00, 0x00, 0x00, 0x00, 0x00,
    0x00, 0x00, 0x00, 0x00, 0x00, 0x00, 0x00, 0x00, 0x00, 0x00, 0x00, 0x00, 0x00, 0x00, 0x00, 0x00,
    0x00, 0x00, 0x00, 0x00, 0x00, 0x00, 0x00, 0x00, 0x00, 0x00, 0x00, 0x00, 0x00, 0x00, 0x00, 0x00,
    0x00, 0x00, 0x00, 0x00, 0x00, 0x00, 0x00, 0x00, 0x00, 0x00, 0x00, 0x00, 0x00, 0x00, 0x00, 0x00,
    0x00, 0x00, 0x00, 0x00, 0x00, 0x00, 0x00, 0x00, 0x00, 0x00, 0x00, 0x00, 0x00, 0x00, 0x00, 0x00,
    0x00, 0x00, 0x00, 0x00, 0x00, 0x00, 0x00, 0x00, 0x00, 0x00, 0x00, 0x00, 0x00, 0x00, 0x00, 0x00,
    0x00, 0x00, 0x00, 0x00, 0x00, 0x00, 0x00, 0x00, 0x00, 0x00, 0x00, 0x00, 0x00, 0x00, 0x00, 0x00,
    0x00, 0x00, 0x00, 0x00, 0x00, 0x00, 0x00, 0x00, 0x00, 0x00, 0x00, 0x00, 0x00, 0x00, 0x00, 0x00,
    0x00, 0x00, 0x00, 0x00, 0x00, 0x00, 0x00, 0x00, 0x00, 0x00, 0x00, 0x00, 0x00, 0x00, 0x00, 0x00,
    0x00, 0x00, 0x00, 0x00, 0x00, 0x00, 0x00, 0x00, 0x00, 0x00, 0x00, 0x00, 0x00, 0x00, 0x00, 0x00,
    0x42, 0x83, 0xC2, 0x01, 0x43, 0x83, 0xC3, 0x01, 0x43, 0x83, 0xC3, 0x01, 0x44, 0x84, 0xC4, 0x02,
    0x45, 0x84, 0xC5, 0x01, 0x47, 0x85, 0xC6, 0x01, 0x47, 0x85, 0xC6, 0x01, 0x47, 0x87, 0xC7, 0x03,
    0x44, 0x88, 0xCD, 0x06, 0x44, 0x88, 0xCD, 0x06, 0x42, 0x81, 0xC6, 0x03, 0x08, 0x1E, 0x49, 0xB2,
    0x09, 0x25, 0x68, 0xF0, 0x09, 0x25, 0x68, 0xF0, 0x20, 0x6F, 0xD9, 0xF4, 0x26, 0x89, 0xFA, 0xF9,
    0x3B, 0xA8, 0xFF, 0xFA, 0x3B, 0xA8, 0xFF, 0xFA, 0x42, 0xAB, 0xFB, 0xFB, 0x44, 0xAB, 0xFA, 0xFB,
    0x44, 0xAB, 0xFA, 0xFB, 0x42, 0xAB, 0xFB, 0xFB, 0x3F, 0xAD, 0xFE, 0xFC, 0x3D, 0xAE, 0xFF, 0xFC,
    0x3D, 0xAE, 0xFF, 0xFC, 0x3B, 0xAC, 0xFF, 0xFC, 0x3C, 0xAE, 0xFF, 0xFC, 0x3B, 0xAC, 0xFF, 0xFC,
    0x3B, 0xAC, 0xFF, 0xFC, 0x28, 0x9B, 0xF9, 0xFC, 0x1F, 0x92, 0xF5, 0xFC, 0x2C, 0x9D, 0xFD, 0xFC,
    0x2C, 0x9D, 0xFD, 0xFC, 0x31, 0xA2, 0xFE, 0xFC, 0x29, 0x98, 0xFC, 0xFC, 0x29, 0x98, 0xFC, 0xFC,
    0x21, 0x93, 0xF8, 0xFC, 0x1A, 0x8B, 0xF5, 0xFC, 0x1D, 0x8D, 0xF6, 0xFC, 0x1D, 0x8D, 0xF6, 0xFC,
    0x2F, 0xA1, 0xFE, 0xFC, 0x36, 0xA5, 0xFF, 0xFC, 0x37, 0xA6, 0xFE, 0xFC, 0x37, 0xA6, 0xFE, 0xFC,
    0x2C, 0x9D, 0xFC, 0xFC, 0x1D, 0x91, 0xF4, 0xFC, 0x1D, 0x91, 0xF4, 0xFC, 0x27, 0x9A, 0xF9, 0xFC,
    0x32, 0xA5, 0xFE, 0xFC, 0x34, 0xA4, 0xFD, 0xFC, 0x34, 0xA4, 0xFD, 0xFC, 0x33, 0xA4, 0xFD, 0xFC,
    0x33, 0xA4, 0xFD, 0xFC, 0x33, 0xA3, 0xFD, 0xFC, 0x33, 0xA3, 0xFD, 0xFC, 0x33, 0xA3, 0xFD, 0xFC,
    0x34, 0xA3, 0xFE, 0xFC, 0x34, 0xA4, 0xFE, 0xFC, 0x34, 0xA4, 0xFE, 0xFC, 0x35, 0xA4, 0xFD, 0xFC,
    0x34, 0xA5, 0xFE, 0xFC, 0x34, 0xA5, 0xFE, 0xFC, 0x34, 0xA5, 0xFD, 0xFC, 0x34, 0xA6, 0xFD, 0xFC,
    0x34, 0xA5, 0xFE, 0xFC, 0x34, 0xA5, 0xFE, 0xFC, 0x34, 0xA6, 0xFE, 0xFC, 0x35, 0xA6, 0xFE, 0xFC,
    0x34, 0xA6, 0xFE, 0xFC, 0x34, 0xA6, 0xFE, 0xFC, 0x32, 0xA4, 0xFD, 0xFB, 0x2B, 0xA0, 0xFC, 0xFB,
    0x2B, 0xA0, 0xFC, 0xFB, 0x21, 0x8D, 0xF9, 0xFB, 0x14, 0x76, 0xED, 0xFC, 0x11, 0x6A, 0xE2, 0xF7,
    0x11, 0x6A, 0xE2, 0xF7, 0x03, 0x29, 0x7F, 0xF3, 0x07, 0x2A, 0x61, 0xC4, 0x37, 0x8B, 0xD1, 0x19,
    0x37, 0x8B, 0xD1, 0x19, 0x3A, 0x8A, 0xD9, 0x01, 0x3A, 0x85, 0xCE, 0x02, 0x00, 0x00, 0x00, 0x00,
    0x00, 0x00, 0x00, 0x00, 0x00, 0x00, 0x00, 0x00, 0x00, 0x00, 0x00, 0x00, 0x00, 0x00, 0x00, 0x00,
    0x00, 0x00, 0x00, 0x00, 0x00, 0x00, 0x00, 0x00, 0x00, 0x00, 0x00, 0x00, 0x00, 0x00, 0x00, 0x00,
    0x00, 0x00, 0x00, 0x00, 0x00, 0x00, 0x00, 0x00, 0x00, 0x00, 0x00, 0x00, 0x00, 0x00, 0x00, 0x00,
    0x00, 0x00, 0x00, 0x00, 0x00, 0x00, 0x00, 0x00, 0x00, 0x00, 0x00, 0x00, 0x00, 0x00, 0x00, 0x00,
    0x00, 0x00, 0x00, 0x00, 0x00, 0x00, 0x00, 0x00, 0x00, 0x00, 0x00, 0x00, 0x00, 0x00, 0x00, 0x00,
    0x00, 0x00, 0x00, 0x00, 0x00, 0x00, 0x00, 0x00, 0x00, 0x00, 0x00, 0x00, 0x00, 0x00, 0x00, 0x00,
    0x00, 0x00, 0x00, 0x00, 0x00, 0x00, 0x00, 0x00, 0x00, 0x00, 0x00, 0x00, 0x00, 0x00, 0x00, 0x00,
    0x00, 0x00, 0x00, 0x00, 0x00, 0x00, 0x00, 0x00, 0x00, 0x00, 0x00, 0x00, 0x00, 0x00, 0x00, 0x00,
    0x00, 0x00, 0x00, 0x00, 0x00, 0x00, 0x00, 0x00, 0x00, 0x00, 0x00, 0x00, 0x00, 0x00, 0x00, 0x00,
    0x00, 0x00, 0x00, 0x00, 0x00, 0x00, 0x00, 0x00, 0x00, 0x00, 0x00, 0x00, 0x00, 0x00, 0x00, 0x00,
    0x00, 0x00, 0x00, 0x00, 0x00, 0x00, 0x00, 0x00, 0x00, 0x00, 0x00, 0x00, 0x00, 0x00, 0x00, 0x00,
    0x42, 0x82, 0xC2, 0x01, 0x43, 0x83, 0xC3, 0x01, 0x43, 0x83, 0xC3, 0x01, 0x44, 0x84, 0xC3, 0x01,
    0x45, 0x84, 0xC4, 0x01, 0x45, 0x86, 0xC5, 0x01, 0x45, 0x86, 0xC5, 0x01, 0x46, 0x88, 0xC8, 0x03,
    0x42, 0x87, 0xCD, 0x04, 0x42, 0x87, 0xCD, 0x04, 0x41, 0x82, 0xC9, 0x05, 0x06, 0x1B, 0x4B, 0xB2,
    0x03, 0x18, 0x5C, 0xF1, 0x03, 0x18, 0x5C, 0xF1, 0x22, 0x82, 0xE7, 0xF4, 0x37, 0xAB, 0xFF, 0xF9,
    0x3B, 0xA8, 0xFE, 0xFA, 0x3B, 0xA8, 0xFE, 0xFA, 0x42, 0xAB, 0xFB, 0xFB, 0x45, 0xAD, 0xFB, 0xFB,
    0x45, 0xAD, 0xFB, 0xFB, 0x43, 0xAC, 0xFC, 0xFB, 0x41, 0xAD, 0xFE, 0xFC, 0x3F, 0xAD, 0xFF, 0xFC,
    0x3F, 0xAD, 0xFF, 0xFC, 0x3E, 0xAE, 0xFF, 0xFC, 0x3E, 0xB0, 0xFF, 0xFC, 0x3F, 0xB0, 0xFF, 0xFC,
    0x3F, 0xB0, 0xFF, 0xFC, 0x28, 0x9A, 0xF8, 0xFC, 0x1E, 0x91, 0xF3, 0xFC, 0x32, 0xA2, 0xFE, 0xFC,
    0x32, 0xA2, 0xFE, 0xFC, 0x37, 0xA8, 0xFF, 0xFC, 0x2C, 0x9D, 0xFD, 0xFC, 0x2C, 0x9D, 0xFD, 0xFC,
    0x22, 0x94, 0xF8, 0xFC, 0x1B, 0x8E, 0xF6, 0xFC, 0x21, 0x93, 0xF8, 0xFC, 0x21, 0x93, 0xF8, 0xFC,
    0x32, 0xA4, 0xFE, 0xFC, 0x3C, 0xAC, 0xFF, 0xFC, 0x3D, 0xAC, 0xFF, 0xFC, 0x3D, 0xAC, 0xFF, 0xFC,
    0x39, 0xAA, 0xFE, 0xFC, 0x2D, 0x9E, 0xFC, 0xFC, 0x2D, 0x9E, 0xFC, 0xFC, 0x2D, 0x9F, 0xFB, 0xFC,
    0x34, 0xA6, 0xFE, 0xFC, 0x34, 0xA5, 0xFE, 0xFC, 0x34, 0xA5, 0xFE, 0xFC, 0x34, 0xA5, 0xFE, 0xFC,
    0x33, 0xA5, 0xFD, 0xFC, 0x32, 0xA3, 0xFD, 0xFC, 0x32, 0xA3, 0xFD, 0xFC, 0x32, 0xA3, 0xFD, 0xFC,
    0x33, 0xA4, 0xFD, 0xFC, 0x34, 0xA5, 0xFD, 0xFC, 0x34, 0xA5, 0xFD, 0xFC, 0x35, 0xA5, 0xFD, 0xFC,
    0x34, 0xA5, 0xFD, 0xFC, 0x34, 0xA5, 0xFD, 0xFC, 0x35, 0xA5, 0xFD, 0xFC, 0x35, 0xA5, 0xFD, 0xFC,
    0x36, 0xA6, 0xFE, 0xFC, 0x36, 0xA6, 0xFE, 0xFC, 0x36, 0xA5, 0xFE, 0xFC, 0x37, 0xA5, 0xFE, 0xFC,
    0x37, 0xA8, 0xFE, 0xFC, 0x37, 0xA8, 0xFE, 0xFC, 0x36, 0xA9, 0xFD, 0xFB, 0x36, 0xA8, 0xFC, 0xFB,
    0x36, 0xA8, 0xFC, 0xFB, 0x2F, 0x9B, 0xFC, 0xFB, 0x17, 0x7D, 0xF4, 0xFB, 0x11, 0x7C, 0xF9, 0xFA,
    0x11, 0x7C, 0xF9, 0xFA, 0x17, 0x66, 0xCC, 0xF2, 0x07, 0x29, 0x5D, 0xED, 0x21, 0x59, 0x9C, 0x76,
    0x21, 0x59, 0x9C, 0x76, 0x34, 0x84, 0xD5, 0x06, 0x37, 0x86, 0xCF, 0x03, 0x3E, 0x87, 0xCF, 0x01,
    0x3E, 0x87, 0xCF, 0x01, 0x00, 0x00, 0x00, 0x00, 0x00, 0x00, 0x00, 0x00, 0x00, 0x00, 0x00, 0x00,
    0x00, 0x00, 0x00, 0x00, 0x00, 0x00, 0x00, 0x00, 0x00, 0x00, 0x00, 0x00, 0x00, 0x00, 0x00, 0x00,
    0x00, 0x00, 0x00, 0x00, 0x00, 0x00, 0x00, 0x00, 0x00, 0x00, 0x00, 0x00, 0x00, 0x00, 0x00, 0x00,
    0x00, 0x00, 0x00, 0x00, 0x00, 0x00, 0x00, 0x00, 0x00, 0x00, 0x00, 0x00, 0x00, 0x00, 0x00, 0x00,
    0x00, 0x00, 0x00, 0x00, 0x00, 0x00, 0x00, 0x00, 0x00, 0x00, 0x00, 0x00, 0x00, 0x00, 0x00, 0x00,
    0x00, 0x00, 0x00, 0x00, 0x00, 0x00, 0x00, 0x00, 0x00, 0x00, 0x00, 0x00, 0x00, 0x00, 0x00, 0x00,
    0x00, 0x00, 0x00, 0x00, 0x00, 0x00, 0x00, 0x00, 0x00, 0x00, 0x00, 0x00, 0x00, 0x00, 0x00, 0x00,
    0x00, 0x00, 0x00, 0x00, 0x00, 0x00, 0x00, 0x00, 0x00, 0x00, 0x00, 0x00, 0x00, 0x00, 0x00, 0x00,
    0x00, 0x00, 0x00, 0x00, 0x00, 0x00, 0x00, 0x00, 0x00, 0x00, 0x00, 0x00, 0x00, 0x00, 0x00, 0x00,
    0x00, 0x00, 0x00, 0x00, 0x00, 0x00, 0x00, 0x00, 0x00, 0x00, 0x00, 0x00, 0x00, 0x00, 0x00, 0x00,
    0x00, 0x00, 0x00, 0x00, 0x00, 0x00, 0x00, 0x00, 0x00, 0x00, 0x00, 0x00, 0x00, 0x00, 0x00, 0x00,
    0x42, 0x81, 0xC1, 0x01, 0x42, 0x82, 0xC2, 0x01, 0x42, 0x82, 0xC2, 0x01, 0x43, 0x83, 0xC2, 0x01,
    0x44, 0x84, 0xC3, 0x01, 0x44, 0x85, 0xC5, 0x02, 0x44, 0x85, 0xC5, 0x02, 0x43, 0x85, 0xC6, 0x04,
    0x43, 0x89, 0xD0, 0x02, 0x43, 0x89, 0xD0, 0x02, 0x41, 0x82, 0xC6, 0x13, 0x09, 0x2D, 0x68, 0xB0,
    0x1B, 0x5C, 0xB7, 0xF8, 0x1B, 0x5C, 0xB7, 0xF8, 0x34, 0xA2, 0xFB, 0xF7, 0x35, 0xA9, 0xFF, 0xFA,
    0x3D, 0xAB, 0xFD, 0xFA, 0x3D, 0xAB, 0xFD, 0xFA, 0x42, 0xAA, 0xFC, 0xFB, 0x43, 0xAE, 0xFC, 0xFB,
    0x43, 0xAE, 0xFC, 0xFB, 0x42, 0xAE, 0xFD, 0xFC, 0x41, 0xAE, 0xFE, 0xFC, 0x40, 0xAE, 0xFF, 0xFC,
    0x40, 0xAE, 0xFF, 0xFC, 0x3E, 0xAE, 0xFF, 0xFC, 0x3E, 0xAE, 0xFE, 0xFC, 0x3D, 0xAD, 0xFE, 0xFC,
    0x3D, 0xAD, 0xFE, 0xFC, 0x2E, 0x9E, 0xFA, 0xFC, 0x2D, 0x9C, 0xFB, 0xFC, 0x3B, 0xAA, 0xFF, 0xFC,
    0x3B, 0xAA, 0xFF, 0xFC, 0x38, 0xA5, 0xFE, 0xFC, 0x2F, 0x9F, 0xFD, 0xFC, 0x2F, 0x9F, 0xFD, 0xFC,
    0x23, 0x94, 0xF8, 0xFC, 0x1B, 0x8C, 0xF4, 0xFC, 0x24, 0x95, 0xF9, 0xFC, 0x24, 0x95, 0xF9, 0xFC,
    0x35, 0xA5, 0xFE, 0xFC, 0x3C, 0xAA, 0xFE, 0xFC, 0x3C, 0xA8, 0xFE, 0xFC, 0x3C, 0xA8, 0xFE, 0xFC,
    0x3B, 0xAA, 0xFE, 0xFC, 0x37, 0xA9, 0xFE, 0xFC, 0x37, 0xA9, 0xFE, 0xFC, 0x33, 0xA6, 0xFE, 0xFC,
    0x34, 0xA4, 0xFD, 0xFD, 0x35, 0xA5, 0xFE, 0xFC, 0x35, 0xA5, 0xFE, 0xFC, 0x34, 0xA5, 0xFE, 0xFD,
    0x33, 0xA4, 0xFD, 0xFC, 0x32, 0xA3, 0xFD, 0xFC, 0x32, 0xA3, 0xFD, 0xFC, 0x33, 0xA3, 0xFD, 0xFC,
    0x32, 0xA4, 0xFC, 0xFC, 0x33, 0xA4, 0xFD, 0xFC, 0x33, 0xA4, 0xFD, 0xFC, 0x34, 0xA5, 0xFE, 0xFC,
    0x35, 0xA6, 0xFE, 0xFC, 0x35, 0xA6, 0xFE, 0xFC, 0x34, 0xA5, 0xFD, 0xFC, 0x35, 0xA6, 0xFD, 0xFC,
    0x35, 0xA6, 0xFE, 0xFC, 0x35, 0xA6, 0xFE, 0xFC, 0x37, 0xA7, 0xFE, 0xFC, 0x38, 0xA7, 0xFE, 0xFC,
    0x38, 0xA8, 0xFE, 0xFC, 0x38, 0xA8, 0xFE, 0xFC, 0x39, 0xA8, 0xFC, 0xFC, 0x3B, 0xA8, 0xFB, 0xFB,
    0x3B, 0xA8, 0xFB, 0xFB, 0x36, 0xA1, 0xFB, 0xFB, 0x24, 0x8D, 0xFA, 0xFB, 0x12, 0x7E, 0xF9, 0xFC,
    0x12, 0x7E, 0xF9, 0xFC, 0x16, 0x6F, 0xE5, 0xF6, 0x01, 0x16, 0x61, 0xFC, 0x0E, 0x32, 0x79, 0xAF,
    0x0E, 0x32, 0x79, 0xAF, 0x37, 0x95, 0xEA, 0x09, 0x31, 0x87, 0xD4, 0x06, 0x37, 0x84, 0xCD, 0x04,
    0x37, 0x84, 0xCD, 0x04, 0x00, 0x00, 0x00, 0x00, 0x00, 0x00, 0x00, 0x00, 0x00, 0x00, 0x00, 0x00,
    0x00, 0x00, 0x00, 0x00, 0x00, 0x00, 0x00, 0x00, 0x00, 0x00, 0x00, 0x00, 0x00, 0x00, 0x00, 0x00,
    0x00, 0x00, 0x00, 0x00, 0x00, 0x00, 0x00, 0x00, 0x00, 0x00, 0x00, 0x00, 0x00, 0x00, 0x00, 0x00,
    0x00, 0x00, 0x00, 0x00, 0x00, 0x00, 0x00, 0x00, 0x00, 0x00, 0x00, 0x00, 0x00, 0x00, 0x00, 0x00,
    0x00, 0x00, 0x00, 0x00, 0x00, 0x00, 0x00, 0x00, 0x00, 0x00, 0x00, 0x00, 0x00, 0x00, 0x00, 0x00,
    0x00, 0x00, 0x00, 0x00, 0x00, 0x00, 0x00, 0x00, 0x00, 0x00, 0x00, 0x00, 0x00, 0x00, 0x00, 0x00,
    0x00, 0x00, 0x00, 0x00, 0x00, 0x00, 0x00, 0x00, 0x00, 0x00, 0x00, 0x00, 0x00, 0x00, 0x00, 0x00,
    0x00, 0x00, 0x00, 0x00, 0x00, 0x00, 0x00, 0x00, 0x00, 0x00, 0x00, 0x00, 0x00, 0x00, 0x00, 0x00,
    0x00, 0x00, 0x00, 0x00, 0x00, 0x00, 0x00, 0x00, 0x00, 0x00, 0x00, 0x00, 0x00, 0x00, 0x00, 0x00,
    0x00, 0x00, 0x00, 0x00, 0x00, 0x00, 0x00, 0x00, 0x00, 0x00, 0x00, 0x00, 0x00, 0x00, 0x00, 0x00,
    0x00, 0x00, 0x00, 0x00, 0x00, 0x00, 0x00, 0x00, 0x00, 0x00, 0x00, 0x00, 0x00, 0x00, 0x00, 0x00,
    0x41, 0x81, 0xC1, 0x01, 0x41, 0x82, 0xC2, 0x01, 0x41, 0x82, 0xC2, 0x01, 0x41, 0x83, 0xC2, 0x01,
    0x42, 0x84, 0xC3, 0x01, 0x42, 0x84, 0xC5, 0x02, 0x42, 0x84, 0xC5, 0x02, 0x42, 0x85, 0xC9, 0x02,
    0x43, 0x81, 0xC5, 0x0B, 0x43, 0x81, 0xC5, 0x0B, 0x10, 0x3A, 0x74, 0x87, 0x16, 0x53, 0x98, 0xE1,
    0x38, 0xAF, 0xFF, 0xF2, 0x38, 0xAF, 0xFF, 0xF2, 0x30, 0xA6, 0xFF, 0xF8, 0x36, 0xA7, 0xFE, 0xFA,
    0x3E, 0xAC, 0xFE, 0xFB, 0x3E, 0xAC, 0xFE, 0xFB, 0x3F, 0xAC, 0xFD, 0xFB, 0x41, 0xAE, 0xFD, 0xFB,
    0x41, 0xAE, 0xFD, 0xFB, 0x40, 0xAD, 0xFE, 0xFC, 0x3F, 0xAE, 0xFE, 0xFC, 0x3E, 0xAE, 0xFF, 0xFC,
    0x3E, 0xAE, 0xFF, 0xFC, 0x3C, 0xAE, 0xFF, 0xFC, 0x3C, 0xAD, 0xFF, 0xFC, 0x39, 0xAB, 0xFE, 0xFC,
    0x39, 0xAB, 0xFE, 0xFC, 0x36, 0xA9, 0xFE, 0xFC, 0x38, 0xA9, 0xFE, 0xFC, 0x3E, 0xAF, 0xFF, 0xFC,
    0x3E, 0xAF, 0xFF, 0xFC, 0x39, 0xA8, 0xFE, 0xFC, 0x2E, 0x9F, 0xFD, 0xFC, 0x2E, 0x9F, 0xFD, 0xFC,
    0x25, 0x9A, 0xFA, 0xFC, 0x1D, 0x8F, 0xF6, 0xFC, 0x28, 0x9B, 0xFC, 0xFC, 0x28, 0x9B, 0xFC, 0xFC,
    0x38, 0xA9, 0xFE, 0xFC, 0x3C, 0xAC, 0xFE, 0xFC, 0x3B, 0xA9, 0xFE, 0xFC, 0x3B, 0xA9, 0xFE, 0xFC,
    0x3B, 0xAB, 0xFE, 0xFD, 0x37, 0xA9, 0xFE, 0xFD, 0x37, 0xA9, 0xFE, 0xFD, 0x34, 0xA7, 0xFE, 0xFD,
    0x35, 0xA8, 0xFE, 0xFD, 0x36, 0xA8, 0xFD, 0xFD, 0x36, 0xA8, 0xFD, 0xFD, 0x34, 0xA5, 0xFD, 0xFD,
    0x33, 0xA6, 0xFD, 0xFC, 0x32, 0xA4, 0xFD, 0xFC, 0x32, 0xA4, 0xFD, 0xFC, 0x33, 0xA5, 0xFD, 0xFC,
    0x32, 0xA4, 0xFD, 0xFC, 0x34, 0xA5, 0xFD, 0xFC, 0x34, 0xA5, 0xFD, 0xFC, 0x34, 0xA6, 0xFE, 0xFC,
    0x35, 0xA6, 0xFE, 0xFC, 0x35, 0xA6, 0xFE, 0xFC, 0x35, 0xA6, 0xFE, 0xFC, 0x36, 0xA6, 0xFE, 0xFC,
    0x36, 0xA7, 0xFE, 0xFC, 0x36, 0xA7, 0xFE, 0xFC, 0x37, 0xA8, 0xFE, 0xFC, 0x39, 0xA9, 0xFE, 0xFC,
    0x39, 0xAA, 0xFE, 0xFC, 0x39, 0xAA, 0xFE, 0xFC, 0x39, 0xA8, 0xFD, 0xFC, 0x3C, 0xAA, 0xFC, 0xFB,
    0x3C, 0xAA, 0xFC, 0xFB, 0x3C, 0xAB, 0xFD, 0xFB, 0x2C, 0x99, 0xFD, 0xFB, 0x16, 0x81, 0xF7, 0xFB,
    0x16, 0x81, 0xF7, 0xFB, 0x16, 0x7F, 0xF6, 0xFA, 0x0D, 0x4F, 0xB2, 0xF2, 0x10, 0x3E, 0x82, 0xE7,
    0x10, 0x3E, 0x82, 0xE7, 0x2B, 0x76, 0xBF, 0xA8, 0x37, 0x88, 0xD7, 0x01, 0x00, 0x00, 0x00, 0x00,
    0x00, 0x00, 0x00, 0x00, 0x34, 0x82, 0xCB, 0x02, 0x00, 0x00, 0x00, 0x00, 0x00, 0x00, 0x00, 0x00,
    0x00, 0x00, 0x00, 0x00, 0x00, 0x00, 0x00, 0x00, 0x00, 0x00, 0x00, 0x00, 0x00, 0x00, 0x00, 0x00,
    0x00, 0x00, 0x00, 0x00, 0x00, 0x00, 0x00, 0x00, 0x00, 0x00, 0x00, 0x00, 0x00, 0x00, 0x00, 0x00,
    0x00, 0x00, 0x00, 0x00, 0x00, 0x00, 0x00, 0x00, 0x00, 0x00, 0x00, 0x00, 0x00, 0x00, 0x00, 0x00,
    0x00, 0x00, 0x00, 0x00, 0x00, 0x00, 0x00, 0x00, 0x00, 0x00, 0x00, 0x00, 0x00, 0x00, 0x00, 0x00,
    0x00, 0x00, 0x00, 0x00, 0x00, 0x00, 0x00, 0x00, 0x00, 0x00, 0x00, 0x00, 0x00, 0x00, 0x00, 0x00,
    0x00, 0x00, 0x00, 0x00, 0x00, 0x00, 0x00, 0x00, 0x00, 0x00, 0x00, 0x00, 0x00, 0x00, 0x00, 0x00,
    0x00, 0x00, 0x00, 0x00, 0x00, 0x00, 0x00, 0x00, 0x00, 0x00, 0x00, 0x00, 0x00, 0x00, 0x00, 0x00,
    0x00, 0x00, 0x00, 0x00, 0x00, 0x00, 0x00, 0x00, 0x00, 0x00, 0x00, 0x00, 0x00, 0x00, 0x00, 0x00,
    0x00, 0x00, 0x00, 0x00, 0x00, 0x00, 0x00, 0x00, 0x00, 0x00, 0x00, 0x00, 0x00, 0x00, 0x00, 0x00,
    0x00, 0x00, 0x00, 0x00, 0x00, 0x00, 0x00, 0x00, 0x00, 0x00, 0x00, 0x00, 0x00, 0x00, 0x00, 0x00,
    0x41, 0x81, 0xC1, 0x01, 0x41, 0x82, 0xC2, 0x01, 0x41, 0x82, 0xC2, 0x01, 0x41, 0x83, 0xC2, 0x01,
    0x42, 0x84, 0xC3, 0x01, 0x42, 0x84, 0xC5, 0x02, 0x42, 0x84, 0xC5, 0x02, 0x42, 0x85, 0xC9, 0x02,
    0x43, 0x81, 0xC5, 0x0B, 0x43, 0x81, 0xC5, 0x0B, 0x10, 0x3A, 0x74, 0x87, 0x16, 0x53, 0x98, 0xE1,
    0x38, 0xAF, 0xFF, 0xF2, 0x38, 0xAF, 0xFF, 0xF2, 0x30, 0xA6, 0xFF, 0xF8, 0x36, 0xA7, 0xFE, 0xFA,
    0x3E, 0xAC, 0xFE, 0xFB, 0x3E, 0xAC, 0xFE, 0xFB, 0x3F, 0xAC, 0xFD, 0xFB, 0x41, 0xAE, 0xFD, 0xFB,
    0x41, 0xAE, 0xFD, 0xFB, 0x40, 0xAD, 0xFE, 0xFC, 0x3F, 0xAE, 0xFE, 0xFC, 0x3E, 0xAE, 0xFF, 0xFC,
    0x3E, 0xAE, 0xFF, 0xFC, 0x3C, 0xAE, 0xFF, 0xFC, 0x3C, 0xAD, 0xFF, 0xFC, 0x39, 0xAB, 0xFE, 0xFC,
    0x39, 0xAB, 0xFE, 0xFC, 0x36, 0xA9, 0xFE, 0xFC, 0x38, 0xA9, 0xFE, 0xFC, 0x3E, 0xAF, 0xFF, 0xFC,
    0x3E, 0xAF, 0xFF, 0xFC, 0x39, 0xA8, 0xFE, 0xFC, 0x2E, 0x9F, 0xFD, 0xFC, 0x2E, 0x9F, 0xFD, 0xFC,
    0x25, 0x9A, 0xFA, 0xFC, 0x1D, 0x8F, 0xF6, 0xFC, 0x28, 0x9B, 0xFC, 0xFC, 0x28, 0x9B, 0xFC, 0xFC,
    0x38, 0xA9, 0xFE, 0xFC, 0x3C, 0xAC, 0xFE, 0xFC, 0x3B, 0xA9, 0xFE, 0xFC, 0x3B, 0xA9, 0xFE, 0xFC,
    0x3B, 0xAB, 0xFE, 0xFD, 0x37, 0xA9, 0xFE, 0xFD, 0x37, 0xA9, 0xFE, 0xFD, 0x34, 0xA7, 0xFE, 0xFD,
    0x35, 0xA8, 0xFE, 0xFD, 0x36, 0xA8, 0xFD, 0xFD, 0x36, 0xA8, 0xFD, 0xFD, 0x34, 0xA5, 0xFD, 0xFD,
    0x33, 0xA6, 0xFD, 0xFC, 0x32, 0xA4, 0xFD, 0xFC, 0x32, 0xA4, 0xFD, 0xFC, 0x33, 0xA5, 0xFD, 0xFC,
    0x32, 0xA4, 0xFD, 0xFC, 0x34, 0xA5, 0xFD, 0xFC, 0x34, 0xA5, 0xFD, 0xFC, 0x34, 0xA6, 0xFE, 0xFC,
    0x35, 0xA6, 0xFE, 0xFC, 0x35, 0xA6, 0xFE, 0xFC, 0x35, 0xA6, 0xFE, 0xFC, 0x36, 0xA6, 0xFE, 0xFC,
    0x36, 0xA7, 0xFE, 0xFC, 0x36, 0xA7, 0xFE, 0xFC, 0x37, 0xA8, 0xFE, 0xFC, 0x39, 0xA9, 0xFE, 0xFC,
    0x39, 0xAA, 0xFE, 0xFC, 0x39, 0xAA, 0xFE, 0xFC, 0x39, 0xA8, 0xFD, 0xFC, 0x3C, 0xAA, 0xFC, 0xFB,
    0x3C, 0xAA, 0xFC, 0xFB, 0x3C, 0xAB, 0xFD, 0xFB, 0x2C, 0x99, 0xFD, 0xFB, 0x16, 0x81, 0xF7, 0xFB,
    0x16, 0x81, 0xF7, 0xFB, 0x16, 0x7F, 0xF6, 0xFA, 0x0D, 0x4F, 0xB2, 0xF2, 0x10, 0x3E, 0x82, 0xE7,
    0x10, 0x3E, 0x82, 0xE7, 0x2B, 0x76, 0xBF, 0xA8, 0x37, 0x88, 0xD7, 0x01, 0x00, 0x00, 0x00, 0x00,
    0x00, 0x00, 0x00, 0x00, 0x34, 0x82, 0xCB, 0x02, 0x00, 0x00, 0x00, 0x00, 0x00, 0x00, 0x00, 0x00,
    0x00, 0x00, 0x00, 0x00, 0x00, 0x00, 0x00, 0x00, 0x00, 0x00, 0x00, 0x00, 0x00, 0x00, 0x00, 0x00,
    0x00, 0x00, 0x00, 0x00, 0x00, 0x00, 0x00, 0x00, 0x00, 0x00, 0x00, 0x00, 0x00, 0x00, 0x00, 0x00,
    0x00, 0x00, 0x00, 0x00, 0x00, 0x00, 0x00, 0x00, 0x00, 0x00, 0x00, 0x00, 0x00, 0x00, 0x00, 0x00,
    0x00, 0x00, 0x00, 0x00, 0x00, 0x00, 0x00, 0x00, 0x00, 0x00, 0x00, 0x00, 0x00, 0x00, 0x00, 0x00,
    0x00, 0x00, 0x00, 0x00, 0x00, 0x00, 0x00, 0x00, 0x00, 0x00, 0x00, 0x00, 0x00, 0x00, 0x00, 0x00,
    0x00, 0x00, 0x00, 0x00, 0x00, 0x00, 0x00, 0x00, 0x00, 0x00, 0x00, 0x00, 0x00, 0x00, 0x00, 0x00,
    0x00, 0x00, 0x00, 0x00, 0x00, 0x00, 0x00, 0x00, 0x00, 0x00, 0x00, 0x00, 0x00, 0x00, 0x00, 0x00,
    0x00, 0x00, 0x00, 0x00, 0x00, 0x00, 0x00, 0x00, 0x00, 0x00, 0x00, 0x00, 0x00, 0x00, 0x00, 0x00,
    0x00, 0x00, 0x00, 0x00, 0x00, 0x00, 0x00, 0x00, 0x00, 0x00, 0x00, 0x00, 0x00, 0x00, 0x00, 0x00,
    0x00, 0x00, 0x00, 0x00, 0x00, 0x00, 0x00, 0x00, 0x00, 0x00, 0x00, 0x00, 0x00, 0x00, 0x00, 0x00,
    0x41, 0x81, 0xC1, 0x01, 0x40, 0x82, 0xC2, 0x01, 0x40, 0x82, 0xC2, 0x01, 0x41, 0x83, 0xC2, 0x02,
    0x42, 0x83, 0xC3, 0x01, 0x41, 0x84, 0xC4, 0x01, 0x41, 0x84, 0xC4, 0x01, 0x41, 0x86, 0xCA, 0x05,
    0x3D, 0x7A, 0xB9, 0x13, 0x3D, 0x7A, 0xB9, 0x13, 0x01, 0x15, 0x44, 0x8E, 0x04, 0x36, 0x84, 0xF1,
    0x2E, 0xA6, 0xFF, 0xF2, 0x2E, 0xA6, 0xFF, 0xF2, 0x2E, 0xA5, 0xFE, 0xFA, 0x39, 0xA7, 0xFD, 0xFB,
    0x3D, 0xAB, 0xFE, 0xFB, 0x3D, 0xAB, 0xFE, 0xFB, 0x3E, 0xAC, 0xFE, 0xFB, 0x3F, 0xAE, 0xFE, 0xFB,
    0x3F, 0xAE, 0xFE, 0xFB, 0x3E, 0xAC, 0xFE, 0xFC, 0x3D, 0xAC, 0xFE, 0xFC, 0x3C, 0xAC, 0xFF, 0xFC,
    0x3C, 0xAC, 0xFF, 0xFC, 0x3B, 0xAD, 0xFF, 0xFC, 0x3A, 0xAB, 0xFE, 0xFC, 0x39, 0xAA, 0xFE, 0xFC,
    0x39, 0xAA, 0xFE, 0xFC, 0x38, 0xA8, 0xFE, 0xFC, 0x3B, 0xAD, 0xFE, 0xFC, 0x3A, 0xA8, 0xFE, 0xFC,
    0x3A, 0xA8, 0xFE, 0xFC, 0x3A, 0xAA, 0xFE, 0xFC, 0x31, 0xA3, 0xFE, 0xFC, 0x31, 0xA3, 0xFE, 0xFC,
    0x24, 0x96, 0xF9, 0xFC, 0x1D, 0x8F, 0xF6, 0xFC, 0x26, 0x99, 0xFB, 0xFC, 0x26, 0x99, 0xFB, 0xFC,
    0x36, 0xA9, 0xFF, 0xFC, 0x39, 0xA9, 0xFE, 0xFD, 0x3B, 0xAA, 0xFE, 0xFD, 0x3B, 0xAA, 0xFE, 0xFD,
    0x39, 0xA8, 0xFE, 0xFD, 0x37, 0xA7, 0xFE, 0xFD, 0x37, 0xA7, 0xFE, 0xFD, 0x37, 0xA8, 0xFE, 0xFD,
    0x36, 0xA6, 0xFD, 0xFD, 0x36, 0xA7, 0xFD, 0xFD, 0x36, 0xA7, 0xFD, 0xFD, 0x33, 0xA5, 0xFC, 0xFD,
    0x33, 0xA6, 0xFD, 0xFD, 0x32, 0xA5, 0xFD, 0xFC, 0x32, 0xA5, 0xFD, 0xFC, 0x33, 0xA5, 0xFD, 0xFC,
    0x33, 0xA5, 0xFD, 0xFC, 0x34, 0xA6, 0xFE, 0xFC, 0x34, 0xA6, 0xFE, 0xFC, 0x34, 0xA6, 0xFE, 0xFC,
    0x35, 0xA7, 0xFF, 0xFC, 0x35, 0xA7, 0xFF, 0xFC, 0x35, 0xA7, 0xFF, 0xFC, 0x36, 0xA7, 0xFF, 0xFC,
    0x37, 0xA7, 0xFE, 0xFC, 0x37, 0xA7, 0xFE, 0xFC, 0x37, 0xA8, 0xFF, 0xFC, 0x39, 0xAA, 0xFF, 0xFC,
    0x39, 0xAA, 0xFE, 0xFC, 0x39, 0xAA, 0xFE, 0xFC, 0x39, 0xAA, 0xFE, 0xFC, 0x39, 0xA8, 0xFD, 0xFC,
    0x39, 0xA8, 0xFD, 0xFC, 0x36, 0xA3, 0xFC, 0xFB, 0x2A, 0x95, 0xFA, 0xFB, 0x19, 0x82, 0xF2, 0xFB,
    0x19, 0x82, 0xF2, 0xFB, 0x12, 0x7E, 0xF4, 0xFC, 0x11, 0x68, 0xDB, 0xF8, 0x08, 0x33, 0x81, 0xF4,
    0x08, 0x33, 0x81, 0xF4, 0x04, 0x16, 0x4E, 0xE5, 0x05, 0x1E, 0x5D, 0x71, 0x31, 0x79, 0xC5, 0x2B,
    0x31, 0x79, 0xC5, 0x2B, 0x00, 0x00, 0x00, 0x00, 0x32, 0x81, 0xCA, 0x03, 0x32, 0x81, 0xCA, 0x03,
    0x00, 0x00, 0x00, 0x00, 0x00, 0x00, 0x00, 0x00, 0x00, 0x00, 0x00, 0x00, 0x00, 0x00, 0x00, 0x00,
    0x00, 0x00, 0x00, 0x00, 0x00, 0x00, 0x00, 0x00, 0x00, 0x00, 0x00, 0x00, 0x00, 0x00, 0x00, 0x00,
    0x00, 0x00, 0x00, 0x00, 0x00, 0x00, 0x00, 0x00, 0x00, 0x00, 0x00, 0x00, 0x00, 0x00, 0x00, 0x00,
    0x00, 0x00, 0x00, 0x00, 0x00, 0x00, 0x00, 0x00, 0x00, 0x00, 0x00, 0x00, 0x00, 0x00, 0x00, 0x00,
    0x00, 0x00, 0x00, 0x00, 0x00, 0x00, 0x00, 0x00, 0x00, 0x00, 0x00, 0x00, 0x00, 0x00, 0x00, 0x00,
    0x00, 0x00, 0x00, 0x00, 0x00, 0x00, 0x00, 0x00, 0x00, 0x00, 0x00, 0x00, 0x00, 0x00, 0x00, 0x00,
    0x00, 0x00, 0x00, 0x00, 0x00, 0x00, 0x00, 0x00, 0x00, 0x00, 0x00, 0x00, 0x00, 0x00, 0x00, 0x00,
    0x00, 0x00, 0x00, 0x00, 0x00, 0x00, 0x00, 0x00, 0x00, 0x00, 0x00, 0x00, 0x00, 0x00, 0x00, 0x00,
    0x00, 0x00, 0x00, 0x00, 0x00, 0x00, 0x00, 0x00, 0x00, 0x00, 0x00, 0x00, 0x00, 0x00, 0x00, 0x00,
    0x00, 0x00, 0x00, 0x00, 0x00, 0x00, 0x00, 0x00, 0x00, 0x00, 0x00, 0x00, 0x00, 0x00, 0x00, 0x00,
    0x41, 0x81, 0xC1, 0x01, 0x41, 0x82, 0xC2, 0x01, 0x41, 0x82, 0xC2, 0x01, 0x41, 0x83, 0xC3, 0x02,
    0x41, 0x83, 0xC3, 0x01, 0x40, 0x84, 0xC5, 0x01, 0x40, 0x84, 0xC5, 0x01, 0x3E, 0x85, 0xC7, 0x03,
    0x44, 0x87, 0xBF, 0x3E, 0x44, 0x87, 0xBF, 0x3E, 0x16, 0x4E, 0x86, 0xAD, 0x12, 0x62, 0xB9, 0xF3,
    0x31, 0xA3, 0xFD, 0xF4, 0x31, 0xA3, 0xFD, 0xF4, 0x34, 0xA4, 0xFC, 0xFA, 0x3C, 0xA7, 0xFC, 0xFB,
    0x3E, 0xAB, 0xFD, 0xFB, 0x3E, 0xAB, 0xFD, 0xFB, 0x3D, 0xAC, 0xFE, 0xFB, 0x3E, 0xAE, 0xFF, 0xFC,
    0x3E, 0xAE, 0xFF, 0xFC, 0x3D, 0xAC, 0xFF, 0xFC, 0x3D, 0xAC, 0xFF, 0xFC, 0x3C, 0xAC, 0xFF, 0xFC,
    0x3C, 0xAC, 0xFF, 0xFC, 0x3B, 0xAD, 0xFE, 0xFC, 0x38, 0xAA, 0xFE, 0xFC, 0x3A, 0xAE, 0xFE, 0xFC,
    0x3A, 0xAE, 0xFE, 0xFC, 0x3A, 0xAB, 0xFE, 0xFC, 0x3C, 0xAD, 0xFE, 0xFC, 0x3B, 0xA9, 0xFE, 0xFC,
    0x3B, 0xA9, 0xFE, 0xFC, 0x3C, 0xAC, 0xFE, 0xFC, 0x35, 0xA9, 0xFE, 0xFC, 0x35, 0xA9, 0xFE, 0xFC,
    0x24, 0x97, 0xFA, 0xFC, 0x18, 0x8C, 0xF3, 0xFC, 0x21, 0x94, 0xF8, 0xFD, 0x21, 0x94, 0xF8, 0xFD,
    0x34, 0xA7, 0xFE, 0xFD, 0x3A, 0xAA, 0xFE, 0xFD, 0x3B, 0xAB, 0xFE, 0xFD, 0x3B, 0xAB, 0xFE, 0xFD,
    0x3A, 0xAA, 0xFE, 0xFD, 0x38, 0xA9, 0xFE, 0xFD, 0x38, 0xA9, 0xFE, 0xFD, 0x38, 0xAB, 0xFE, 0xFD,
    0x39, 0xA9, 0xFD, 0xFD, 0x3E, 0xAB, 0xFD, 0xFD, 0x3E, 0xAB, 0xFD, 0xFD, 0x3D, 0xAA, 0xFC, 0xFD,
    0x37, 0xA8, 0xFC, 0xFD, 0x33, 0xA7, 0xFD, 0xFD, 0x33, 0xA7, 0xFD, 0xFD, 0x33, 0xA9, 0xFE, 0xFD,
    0x34, 0xA8, 0xFE, 0xFD, 0x34, 0xA7, 0xFE, 0xFC, 0x34, 0xA7, 0xFE, 0xFC, 0x34, 0xA6, 0xFE, 0xFC,
    0x35, 0xA7, 0xFF, 0xFC, 0x35, 0xA7, 0xFF, 0xFC, 0x36, 0xA8, 0xFF, 0xFC, 0x37, 0xA8, 0xFF, 0xFC,
    0x37, 0xA8, 0xFF, 0xFC, 0x37, 0xA8, 0xFF, 0xFC, 0x37, 0xA9, 0xFF, 0xFC, 0x38, 0xA9, 0xFE, 0xFC,
    0x39, 0xA9, 0xFE, 0xFC, 0x39, 0xA9, 0xFE, 0xFC, 0x39, 0xAB, 0xFE, 0xFC, 0x39, 0xA9, 0xFE, 0xFC,
    0x39, 0xA9, 0xFE, 0xFC, 0x32, 0x9F, 0xFB, 0xFC, 0x29, 0x96, 0xFB, 0xFB, 0x1F, 0x8C, 0xF9, 0xFB,
    0x1F, 0x8C, 0xF9, 0xFB, 0x17, 0x89, 0xF9, 0xFA, 0x11, 0x78, 0xEF, 0xFB, 0x08, 0x37, 0x93, 0xFA,
    0x08, 0x37, 0x93, 0xFA, 0x08, 0x1D, 0x5B, 0xF3, 0x10, 0x3C, 0x85, 0xF9, 0x05, 0x2D, 0x73, 0xE0,
    0x05, 0x2D, 0x73, 0xE0, 0x31, 0x75, 0xBC, 0x20, 0x00, 0x00, 0x00, 0x00, 0x00, 0x00, 0x00, 0x00,
    0x33, 0x7F, 0xCA, 0x02, 0x00, 0x00, 0x00, 0x00, 0x00, 0x00, 0x00, 0x00, 0x00, 0x00, 0x00, 0x00,
    0x00, 0x00, 0x00, 0x00, 0x00, 0x00, 0x00, 0x00, 0x00, 0x00, 0x00, 0x00, 0x00, 0x00, 0x00, 0x00,
    0x00, 0x00, 0x00, 0x00, 0x00, 0x00, 0x00, 0x00, 0x00, 0x00, 0x00, 0x00, 0x00, 0x00, 0x00, 0x00,
    0x00, 0x00, 0x00, 0x00, 0x00, 0x00, 0x00, 0x00, 0x00, 0x00, 0x00, 0x00, 0x00, 0x00, 0x00, 0x00,
    0x00, 0x00, 0x00, 0x00, 0x00, 0x00, 0x00, 0x00, 0x00, 0x00, 0x00, 0x00, 0x00, 0x00, 0x00, 0x00,
    0x00, 0x00, 0x00, 0x00, 0x00, 0x00, 0x00, 0x00, 0x00, 0x00, 0x00, 0x00, 0x00, 0x00, 0x00, 0x00,
    0x00, 0x00, 0x00, 0x00, 0x00, 0x00, 0x00, 0x00, 0x00, 0x00, 0x00, 0x00, 0x00, 0x00, 0x00, 0x00,
    0x00, 0x00, 0x00, 0x00, 0x00, 0x00, 0x00, 0x00, 0x00, 0x00, 0x00, 0x00, 0x00, 0x00, 0x00, 0x00,
    0x00, 0x00, 0x00, 0x00, 0x00, 0x00, 0x00, 0x00, 0x00, 0x00, 0x00, 0x00, 0x00, 0x00, 0x00, 0x00,
    0x00, 0x00, 0x00, 0x00, 0x00, 0x00, 0x00, 0x00, 0x00, 0x00, 0x00, 0x00, 0x00, 0x00, 0x00, 0x00,
    0x41, 0x81, 0xC1, 0x01, 0x41, 0x82, 0xC2, 0x01, 0x41, 0x82, 0xC2, 0x01, 0x41, 0x83, 0xC3, 0x02,
    0x41, 0x83, 0xC3, 0x01, 0x40, 0x84, 0xC5, 0x01, 0x40, 0x84, 0xC5, 0x01, 0x3E, 0x85, 0xC7, 0x03,
    0x44, 0x87, 0xBF, 0x3E, 0x44, 0x87, 0xBF, 0x3E, 0x16, 0x4E, 0x86, 0xAD, 0x12, 0x62, 0xB9, 0xF3,
    0x31, 0xA3, 0xFD, 0xF4, 0x31, 0xA3, 0xFD, 0xF4, 0x34, 0xA4, 0xFC, 0xFA, 0x3C, 0xA7, 0xFC, 0xFB,
    0x3E, 0xAB, 0xFD, 0xFB, 0x3E, 0xAB, 0xFD, 0xFB, 0x3D, 0xAC, 0xFE, 0xFB, 0x3E, 0xAE, 0xFF, 0xFC,
    0x3E, 0xAE, 0xFF, 0xFC, 0x3D, 0xAC, 0xFF, 0xFC, 0x3D, 0xAC, 0xFF, 0xFC, 0x3C, 0xAC, 0xFF, 0xFC,
    0x3C, 0xAC, 0xFF, 0xFC, 0x3B, 0xAD, 0xFE, 0xFC, 0x38, 0xAA, 0xFE, 0xFC, 0x3A, 0xAE, 0xFE, 0xFC,
    0x3A, 0xAE, 0xFE, 0xFC, 0x3A, 0xAB, 0xFE, 0xFC, 0x3C, 0xAD, 0xFE, 0xFC, 0x3B, 0xA9, 0xFE, 0xFC,
    0x3B, 0xA9, 0xFE, 0xFC, 0x3C, 0xAC, 0xFE, 0xFC, 0x35, 0xA9, 0xFE, 0xFC, 0x35, 0xA9, 0xFE, 0xFC,
    0x24, 0x97, 0xFA, 0xFC, 0x18, 0x8C, 0xF3, 0xFC, 0x21, 0x94, 0xF8, 0xFD, 0x21, 0x94, 0xF8, 0xFD,
    0x34, 0xA7, 0xFE, 0xFD, 0x3A, 0xAA, 0xFE, 0xFD, 0x3B, 0xAB, 0xFE, 0xFD, 0x3B, 0xAB, 0xFE, 0xFD,
    0x3A, 0xAA, 0xFE, 0xFD, 0x38, 0xA9, 0xFE, 0xFD, 0x38, 0xA9, 0xFE, 0xFD, 0x38, 0xAB, 0xFE, 0xFD,
    0x39, 0xA9, 0xFD, 0xFD, 0x3E, 0xAB, 0xFD, 0xFD, 0x3E, 0xAB, 0xFD, 0xFD, 0x3D, 0xAA, 0xFC, 0xFD,
    0x37, 0xA8, 0xFC, 0xFD, 0x33, 0xA7, 0xFD, 0xFD, 0x33, 0xA7, 0xFD, 0xFD, 0x33, 0xA9, 0xFE, 0xFD,
    0x34, 0xA8, 0xFE, 0xFD, 0x34, 0xA7, 0xFE, 0xFC, 0x34, 0xA7, 0xFE, 0xFC, 0x34, 0xA6, 0xFE, 0xFC,
    0x35, 0xA7, 0xFF, 0xFC, 0x35, 0xA7, 0xFF, 0xFC, 0x36, 0xA8, 0xFF, 0xFC, 0x37, 0xA8, 0xFF, 0xFC,
    0x37, 0xA8, 0xFF, 0xFC, 0x37, 0xA8, 0xFF, 0xFC, 0x37, 0xA9, 0xFF, 0xFC, 0x38, 0xA9, 0xFE, 0xFC,
    0x39, 0xA9, 0xFE, 0xFC, 0x39, 0xA9, 0xFE, 0xFC, 0x39, 0xAB, 0xFE, 0xFC, 0x39, 0xA9, 0xFE, 0xFC,
    0x39, 0xA9, 0xFE, 0xFC, 0x32, 0x9F, 0xFB, 0xFC, 0x29, 0x96, 0xFB, 0xFB, 0x1F, 0x8C, 0xF9, 0xFB,
    0x1F, 0x8C, 0xF9, 0xFB, 0x17, 0x89, 0xF9, 0xFA, 0x11, 0x78, 0xEF, 0xFB, 0x08, 0x37, 0x93, 0xFA,
    0x08, 0x37, 0x93, 0xFA, 0x08, 0x1D, 0x5B, 0xF3, 0x10, 0x3C, 0x85, 0xF9, 0x05, 0x2D, 0x73, 0xE0,
    0x05, 0x2D, 0x73, 0xE0, 0x31, 0x75, 0xBC, 0x20, 0x00, 0x00, 0x00, 0x00, 0x00, 0x00, 0x00, 0x00,
    0x33, 0x7F, 0xCA, 0x02, 0x00, 0x00, 0x00, 0x00, 0x00, 0x00, 0x00, 0x00, 0x00, 0x00, 0x00, 0x00,
    0x00, 0x00, 0x00, 0x00, 0x00, 0x00, 0x00, 0x00, 0x00, 0x00, 0x00, 0x00, 0x00, 0x00, 0x00, 0x00,
    0x00, 0x00, 0x00, 0x00, 0x00, 0x00, 0x00, 0x00, 0x00, 0x00, 0x00, 0x00, 0x00, 0x00, 0x00, 0x00,
    0x00, 0x00, 0x00, 0x00, 0x00, 0x00, 0x00, 0x00, 0x00, 0x00, 0x00, 0x00, 0x00, 0x00, 0x00, 0x00,
    0x00, 0x00, 0x00, 0x00, 0x00, 0x00, 0x00, 0x00, 0x00, 0x00, 0x00, 0x00, 0x00, 0x00, 0x00, 0x00,
    0x00, 0x00, 0x00, 0x00, 0x00, 0x00, 0x00, 0x00, 0x00, 0x00, 0x00, 0x00, 0x00, 0x00, 0x00, 0x00,
    0x00, 0x00, 0x00, 0x00, 0x00, 0x00, 0x00, 0x00, 0x00, 0x00, 0x00, 0x00, 0x00, 0x00, 0x00, 0x00,
    0x00, 0x00, 0x00, 0x00, 0x00, 0x00, 0x00, 0x00, 0x00, 0x00, 0x00, 0x00, 0x00, 0x00, 0x00, 0x00,
    0x00, 0x00, 0x00, 0x00, 0x00, 0x00, 0x00, 0x00, 0x00, 0x00, 0x00, 0x00, 0x00, 0x00, 0x00, 0x00,
    0x00, 0x00, 0x00, 0x00, 0x00, 0x00, 0x00, 0x00, 0x00, 0x00, 0x00, 0x00, 0x00, 0x00, 0x00, 0x00,
    0x43, 0x81, 0xC1, 0x01, 0x43, 0x82, 0xC2, 0x01, 0x43, 0x82, 0xC2, 0x01, 0x43, 0x83, 0xC2, 0x02,
    0x42, 0x84, 0xC3, 0x01, 0x42, 0x85, 0xC7, 0x06, 0x42, 0x85, 0xC7, 0x06, 0x3C, 0x77, 0xB5, 0x08,
    0x0D, 0x32, 0x63, 0x74, 0x0D, 0x32, 0x63, 0x74, 0x12, 0x53, 0x97, 0xE7, 0x24, 0x94, 0xF6, 0xF0,
    0x2C, 0xA2, 0xFE, 0xFA, 0x2C, 0xA2, 0xFE, 0xFA, 0x36, 0xA4, 0xFB, 0xF9, 0x3D, 0xA8, 0xFA, 0xFA,
    0x3F, 0xAB, 0xFC, 0xFB, 0x3F, 0xAB, 0xFC, 0xFB, 0x3D, 0xAD, 0xFE, 0xFC, 0x3D, 0xAE, 0xFF, 0xFB,
    0x3D, 0xAE, 0xFF, 0xFB, 0x3D, 0xAD, 0xFF, 0xFC, 0x3D, 0xAD, 0xFF, 0xFC, 0x3B, 0xAD, 0xFF, 0xFC,
    0x3B, 0xAD, 0xFF, 0xFC, 0x39, 0xAC, 0xFE, 0xFC, 0x37, 0xA8, 0xFD, 0xFC, 0x39, 0xAA, 0xFE, 0xFC,
    0x39, 0xAA, 0xFE, 0xFC, 0x3A, 0xAB, 0xFE, 0xFC, 0x3A, 0xAA, 0xFE, 0xFC, 0x3A, 0xA9, 0xFE, 0xFC,
    0x3A, 0xA9, 0xFE, 0xFC, 0x3C, 0xAC, 0xFE, 0xFC, 0x37, 0xA9, 0xFE, 0xFC, 0x37, 0xA9, 0xFE, 0xFC,
    0x2A, 0x9C, 0xFC, 0xFC, 0x1E, 0x90, 0xF6, 0xFD, 0x27, 0x98, 0xFA, 0xFD, 0x27, 0x98, 0xFA, 0xFD,
    0x36, 0xA6, 0xFE, 0xFD, 0x3B, 0xAA, 0xFE, 0xFD, 0x39, 0xA7, 0xFD, 0xFD, 0x39, 0xA7, 0xFD, 0xFD,
    0x3B, 0xAA, 0xFD, 0xFD, 0x3A, 0xA9, 0xFD, 0xFD, 0x3A, 0xA9, 0xFD, 0xFD, 0x3A, 0xA9, 0xFD, 0xFD,
    0x45, 0xAD, 0xFD, 0xFD, 0x5B, 0xB9, 0xFD, 0xFD, 0x5B, 0xB9, 0xFD, 0xFD, 0x61, 0xBC, 0xFD, 0xFD,
    0x4F, 0xB0, 0xFC, 0xFD, 0x3B, 0xA7, 0xFB, 0xFD, 0x3B, 0xA7, 0xFB, 0xFD, 0x37, 0xA9, 0xFD, 0xFD,
    0x36, 0xA8, 0xFE, 0xFD, 0x36, 0xA8, 0xFE, 0xFC, 0x36, 0xA8, 0xFE, 0xFC, 0x35, 0xA7, 0xFE, 0xFC,
    0x36, 0xA8, 0xFF, 0xFC, 0x36, 0xA8, 0xFF, 0xFC, 0x37, 0xA8, 0xFF, 0xFC, 0x38, 0xA9, 0xFF, 0xFC,
    0x38, 0xA8, 0xFE, 0xFC, 0x38, 0xA8, 0xFE, 0xFC, 0x38, 0xA8, 0xFE, 0xFC, 0x39, 0xA8, 0xFF, 0xFC,
    0x39, 0xA8, 0xFE, 0xFC, 0x39, 0xA8, 0xFE, 0xFC, 0x37, 0xA7, 0xFE, 0xFC, 0x39, 0xA9, 0xFE, 0xFC,
    0x39, 0xA9, 0xFE, 0xFC, 0x35, 0xA2, 0xFD, 0xFC, 0x32, 0xA0, 0xFD, 0xFC, 0x21, 0x8C, 0xFA, 0xFB,
    0x21, 0x8C, 0xFA, 0xFB, 0x12, 0x7E, 0xF3, 0xFB, 0x15, 0x86, 0xF9, 0xFB, 0x12, 0x58, 0xC3, 0xFA,
    0x12, 0x58, 0xC3, 0xFA, 0x02, 0x1E, 0x71, 0xF8, 0x2D, 0x99, 0xF0, 0xF2, 0x2A, 0x83, 0xD8, 0xF1,
    0x2A, 0x83, 0xD8, 0xF1, 0x05, 0x21, 0x5F, 0xB7, 0x2B, 0x65, 0xA9, 0x2E, 0x2B, 0x65, 0xA9, 0x2E,
    0x3A, 0x89, 0xD5, 0x01, 0x31, 0x7F, 0xC9, 0x01, 0x35, 0x80, 0xC9, 0x01, 0x35, 0x80, 0xC9, 0x01,
    0x00, 0x00, 0x00, 0x00, 0x00, 0x00, 0x00, 0x00, 0x00, 0x00, 0x00, 0x00, 0x00, 0x00, 0x00, 0x00,
    0x00, 0x00, 0x00, 0x00, 0x00, 0x00, 0x00, 0x00, 0x00, 0x00, 0x00, 0x00, 0x00, 0x00, 0x00, 0x00,
    0x00, 0x00, 0x00, 0x00, 0x00, 0x00, 0x00, 0x00, 0x00, 0x00, 0x00, 0x00, 0x00, 0x00, 0x00, 0x00,
    0x00, 0x00, 0x00, 0x00, 0x00, 0x00, 0x00, 0x00, 0x00, 0x00, 0x00, 0x00, 0x00, 0x00, 0x00, 0x00,
    0x00, 0x00, 0x00, 0x00, 0x00, 0x00, 0x00, 0x00, 0x00, 0x00, 0x00, 0x00, 0x00, 0x00, 0x00, 0x00,
    0x00, 0x00, 0x00, 0x00, 0x00, 0x00, 0x00, 0x00, 0x00, 0x00, 0x00, 0x00, 0x00, 0x00, 0x00, 0x00,
    0x00, 0x00, 0x00, 0x00, 0x00, 0x00, 0x00, 0x00, 0x00, 0x00, 0x00, 0x00, 0x00, 0x00, 0x00, 0x00,
    0x00, 0x00, 0x00, 0x00, 0x00, 0x00, 0x00, 0x00, 0x00, 0x00, 0x00, 0x00, 0x00, 0x00, 0x00, 0x00,
    0x00, 0x00, 0x00, 0x00, 0x00, 0x00, 0x00, 0x00, 0x00, 0x00, 0x00, 0x00, 0x00, 0x00, 0x00, 0x00,
    0x44, 0x82, 0xC1, 0x01, 0x44, 0x83, 0xC1, 0x01, 0x44, 0x83, 0xC1, 0x01, 0x44, 0x84, 0xC2, 0x02,
    0x43, 0x83, 0xC2, 0x01, 0x46, 0x87, 0xC8, 0x06, 0x46, 0x87, 0xC8, 0x06, 0x37, 0x69, 0xA2, 0x1F,
    0x02, 0x17, 0x3E, 0xA0, 0x02, 0x17, 0x3E, 0xA0, 0x17, 0x65, 0xB3, 0xEE, 0x23, 0x9E, 0xFE, 0xF3,
    0x28, 0x9F, 0xFC, 0xF9, 0x28, 0x9F, 0xFC, 0xF9, 0x34, 0xA3, 0xFA, 0xF9, 0x3C, 0xA7, 0xFA, 0xFB,
    0x3E, 0xAB, 0xFC, 0xFB, 0x3E, 0xAB, 0xFC, 0xFB, 0x3D, 0xAC, 0xFE, 0xFC, 0x3D, 0xAE, 0xFF, 0xFC,
    0x3D, 0xAE, 0xFF, 0xFC, 0x3E, 0xAE, 0xFF, 0xFC, 0x3C, 0xAD, 0xFE, 0xFC, 0x3A, 0xAC, 0xFE, 0xFC,
    0x3A, 0xAC, 0xFE, 0xFC, 0x3B, 0xAA, 0xFD, 0xFC, 0x43, 0xAD, 0xFD, 0xFC, 0x3F, 0xAC, 0xFD, 0xFC,
    0x3F, 0xAC, 0xFD, 0xFC, 0x39, 0xAA, 0xFE, 0xFC, 0x3B, 0xAC, 0xFE, 0xFC, 0x39, 0xAA, 0xFE, 0xFC,
    0x39, 0xAA, 0xFE, 0xFC, 0x3A, 0xAA, 0xFE, 0xFD, 0x37, 0xA8, 0xFE, 0xFD, 0x37, 0xA8, 0xFE, 0xFD,
    0x33, 0xA6, 0xFD, 0xFD, 0x30, 0xA0, 0xFD, 0xFD, 0x35, 0xA5, 0xFD, 0xFD, 0x35, 0xA5, 0xFD, 0xFD,
    0x39, 0xA9, 0xFE, 0xFD, 0x3A, 0xAB, 0xFE, 0xFD, 0x3B, 0xAA, 0xFD, 0xFD, 0x3B, 0xAA, 0xFD, 0xFD,
    0x3B, 0xAA, 0xFD, 0xFD, 0x3C, 0xAB, 0xFE, 0xFD, 0x3C, 0xAB, 0xFE, 0xFD, 0x3E, 0xAA, 0xFD, 0xFD,
    0x51, 0xB2, 0xFD, 0xFD, 0x7A, 0xCA, 0xFE, 0xFD, 0x7A, 0xCA, 0xFE, 0xFD, 0x8A, 0xCF, 0xFE, 0xFD,
    0x74, 0xC4, 0xFE, 0xFD, 0x51, 0xB0, 0xFD, 0xFD, 0x51, 0xB0, 0xFD, 0xFD, 0x41, 0xAB, 0xFE, 0xFD,
    0x3A, 0xA8, 0xFE, 0xFD, 0x39, 0xA9, 0xFE, 0xFD, 0x39, 0xA9, 0xFE, 0xFD, 0x38, 0xA8, 0xFF, 0xFC,
    0x38, 0xA9, 0xFF, 0xFC, 0x38, 0xA9, 0xFF, 0xFC, 0x37, 0xA8, 0xFE, 0xFC, 0x38, 0xA8, 0xFE, 0xFC,
    0x38, 0xA8, 0xFE, 0xFC, 0x38, 0xA8, 0xFE, 0xFC, 0x38, 0xA8, 0xFE, 0xFC, 0x39, 0xA7, 0xFF, 0xFC,
    0x37, 0xA7, 0xFE, 0xFC, 0x37, 0xA7, 0xFE, 0xFC, 0x36, 0xA7, 0xFE, 0xFC, 0x38, 0xA8, 0xFD, 0xFC,
    0x38, 0xA8, 0xFD, 0xFC, 0x37, 0xA6, 0xFD, 0xFC, 0x30, 0x9F, 0xFD, 0xFC, 0x22, 0x91, 0xFB, 0xFC,
    0x22, 0x91, 0xFB, 0xFC, 0x15, 0x85, 0xF8, 0xFB, 0x13, 0x88, 0xF9, 0xFB, 0x1B, 0x77, 0xE5, 0xFA,
    0x1B, 0x77, 0xE5, 0xFA, 0x03, 0x25, 0x76, 0xFA, 0x18, 0x6E, 0xCA, 0xF7, 0x24, 0x8C, 0xEF, 0xF5,
    0x24, 0x8C, 0xEF, 0xF5, 0x07, 0x2E, 0x7A, 0xFA, 0x03, 0x1A, 0x4F, 0xAF, 0x03, 0x1A, 0x4F, 0xAF,
    0x29, 0x67, 0xAE, 0x27, 0x00, 0x00, 0x00, 0x00, 0x35, 0x83, 0xCA, 0x02, 0x35, 0x83, 0xCA, 0x02,
    0x37, 0x80, 0xC8, 0x01, 0x00, 0x00, 0x00, 0x00, 0x00, 0x00, 0x00, 0x00, 0x00, 0x00, 0x00, 0x00,
    0x00, 0x00, 0x00, 0x00, 0x00, 0x00, 0x00, 0x00, 0x00, 0x00, 0x00, 0x00, 0x00, 0x00, 0x00, 0x00,
    0x00, 0x00, 0x00, 0x00, 0x00, 0x00, 0x00, 0x00, 0x00, 0x00, 0x00, 0x00, 0x00, 0x00, 0x00, 0x00,
    0x00, 0x00, 0x00, 0x00, 0x00, 0x00, 0x00, 0x00, 0x00, 0x00, 0x00, 0x00, 0x00, 0x00, 0x00, 0x00,
    0x00, 0x00, 0x00, 0x00, 0x00, 0x00, 0x00, 0x00, 0x00, 0x00, 0x00, 0x00, 0x00, 0x00, 0x00, 0x00,
    0x00, 0x00, 0x00, 0x00, 0x00, 0x00, 0x00, 0x00, 0x00, 0x00, 0x00, 0x00, 0x00, 0x00, 0x00, 0x00,
    0x00, 0x00, 0x00, 0x00, 0x00, 0x00, 0x00, 0x00, 0x00, 0x00, 0x00, 0x00, 0x00, 0x00, 0x00, 0x00,
    0x00, 0x00, 0x00, 0x00, 0x00, 0x00, 0x00, 0x00, 0x00, 0x00, 0x00, 0x00, 0x00, 0x00, 0x00, 0x00,
    0x00, 0x00, 0x00, 0x00, 0x00, 0x00, 0x00, 0x00, 0x00, 0x00, 0x00, 0x00, 0x00, 0x00, 0x00, 0x00,
    0x45, 0x82, 0xC1, 0x01, 0x45, 0x84, 0xC1, 0x01, 0x45, 0x84, 0xC1, 0x01, 0x46, 0x84, 0xC2, 0x01,
    0x45, 0x83, 0xC3, 0x03, 0x47, 0x86, 0xC8, 0x04, 0x47, 0x86, 0xC8, 0x04, 0x32, 0x66, 0x9C, 0x3A,
    0x04, 0x28, 0x55, 0xDA, 0x04, 0x28, 0x55, 0xDA, 0x20, 0x7C, 0xCD, 0xF7, 0x21, 0x99, 0xFA, 0xF6,
    0x27, 0x9B, 0xFA, 0xF9, 0x27, 0x9B, 0xFA, 0xF9, 0x34, 0xA2, 0xFA, 0xFA, 0x3A, 0xA5, 0xFA, 0xFB,
    0x3C, 0xA9, 0xFC, 0xFB, 0x3C, 0xA9, 0xFC, 0xFB, 0x3C, 0xAB, 0xFE, 0xFC, 0x3D, 0xAD, 0xFF, 0xFC,
    0x3D, 0xAD, 0xFF, 0xFC, 0x3D, 0xAD, 0xFF, 0xFC, 0x3C, 0xAD, 0xFE, 0xFC, 0x3B, 0xAA, 0xFD, 0xFC,
    0x3B, 0xAA, 0xFD, 0xFC, 0x58, 0xB7, 0xFC, 0xFC, 0x76, 0xCB, 0xFE, 0xFC, 0x50, 0xB3, 0xFC, 0xFC,
    0x50, 0xB3, 0xFC, 0xFC, 0x39, 0xA8, 0xFD, 0xFC, 0x38, 0xAA, 0xFE, 0xFC, 0x36, 0xA8, 0xFE, 0xFD,
    0x36, 0xA8, 0xFE, 0xFD, 0x36, 0xA9, 0xFE, 0xFD, 0x34, 0xA6, 0xFD, 0xFD, 0x34, 0xA6, 0xFD, 0xFD,
    0x36, 0xA8, 0xFD, 0xFD, 0x39, 0xA7, 0xFD, 0xFD, 0x3C, 0xAA, 0xFD, 0xFD, 0x3C, 0xAA, 0xFD, 0xFD,
    0x3B, 0xA8, 0xFD, 0xFD, 0x3A, 0xA8, 0xFD, 0xFD, 0x3C, 0xAB, 0xFD, 0xFD, 0x3C, 0xAB, 0xFD, 0xFD,
    0x3C, 0xAB, 0xFE, 0xFD, 0x3C, 0xA9, 0xFE, 0xFD, 0x3C, 0xA9, 0xFE, 0xFD, 0x3F, 0xAA, 0xFE, 0xFD,
    0x53, 0xB0, 0xFD, 0xFD, 0x7C, 0xC6, 0xFE, 0xFD, 0x7C, 0xC6, 0xFE, 0xFD, 0x8F, 0xCE, 0xFD, 0xFD,
    0x7D, 0xC5, 0xFD, 0xFD, 0x5D, 0xB6, 0xFE, 0xFD, 0x5D, 0xB6, 0xFE, 0xFD, 0x49, 0xAD, 0xFF, 0xFD,
    0x3F, 0xA9, 0xFE, 0xFD, 0x3C, 0xAA, 0xFF, 0xFD, 0x3C, 0xAA, 0xFF, 0xFD, 0x3A, 0xA8, 0xFF, 0xFD,
    0x39, 0xA9, 0xFE, 0xFD, 0x39, 0xA9, 0xFE, 0xFD, 0x38, 0xA8, 0xFE, 0xFD, 0x39, 0xA8, 0xFE, 0xFD,
    0x39, 0xA7, 0xFD, 0xFD, 0x39, 0xA7, 0xFD, 0xFD, 0x38, 0xA7, 0xFE, 0xFD, 0x39, 0xA7, 0xFE, 0xFD,
    0x38, 0xA7, 0xFF, 0xFC, 0x38, 0xA7, 0xFF, 0xFC, 0x37, 0xA6, 0xFE, 0xFC, 0x36, 0xA4, 0xFC, 0xFC,
    0x36, 0xA4, 0xFC, 0xFC, 0x38, 0xA5, 0xFD, 0xFC, 0x2E, 0x98, 0xFB, 0xFC, 0x1F, 0x8C, 0xFA, 0xFC,
    0x1F, 0x8C, 0xFA, 0xFC, 0x15, 0x86, 0xF8, 0xFC, 0x0D, 0x7D, 0xF3, 0xFB, 0x1A, 0x78, 0xEB, 0xFB,
    0x1A, 0x78, 0xEB, 0xFB, 0x03, 0x25, 0x7A, 0xFB, 0x0B, 0x48, 0xA5, 0xF9, 0x22, 0x8B, 0xF1, 0xF7,
    0x22, 0x8B, 0xF1, 0xF7, 0x20, 0x7A, 0xD5, 0xF8, 0x06, 0x35, 0x84, 0xEF, 0x06, 0x35, 0x84, 0xEF,
    0x04, 0x28, 0x6A, 0xC2, 0x29, 0x76, 0xBD, 0x15, 0x30, 0x7F, 0xC8, 0x01, 0x30, 0x7F, 0xC8, 0x01,
    0x35, 0x81, 0xC8, 0x02, 0x00, 0x00, 0x00, 0x00, 0x00, 0x00, 0x00, 0x00, 0x00, 0x00, 0x00, 0x00,
    0x00, 0x00, 0x00, 0x00, 0x00, 0x00, 0x00, 0x00, 0x00, 0x00, 0x00, 0x00, 0x3A, 0x7F, 0xC5, 0x01,
    0x3A, 0x7F, 0xC4, 0x01, 0x00, 0x00, 0x00, 0x00, 0x00, 0x00, 0x00, 0x00, 0x3B, 0x7E, 0xC2, 0x01,
    0x00, 0x00, 0x00, 0x00, 0x00, 0x00, 0x00, 0x00, 0x00, 0x00, 0x00, 0x00, 0x00, 0x00, 0x00, 0x00,
    0x00, 0x00, 0x00, 0x00, 0x00, 0x00, 0x00, 0x00, 0x00, 0x00, 0x00, 0x00, 0x00, 0x00, 0x00, 0x00,
    0x00, 0x00, 0x00, 0x00, 0x00, 0x00, 0x00, 0x00, 0x00, 0x00, 0x00, 0x00, 0x00, 0x00, 0x00, 0x00,
    0x00, 0x00, 0x00, 0x00, 0x00, 0x00, 0x00, 0x00, 0x00, 0x00, 0x00, 0x00, 0x00, 0x00, 0x00, 0x00,
    0x00, 0x00, 0x00, 0x00, 0x00, 0x00, 0x00, 0x00, 0x00, 0x00, 0x00, 0x00, 0x00, 0x00, 0x00, 0x00,
    0x00, 0x00, 0x00, 0x00, 0x00, 0x00, 0x00, 0x00, 0x00, 0x00, 0x00, 0x00, 0x00, 0x00, 0x00, 0x00,
    0x45, 0x82, 0xC1, 0x01, 0x45, 0x84, 0xC1, 0x01, 0x45, 0x84, 0xC1, 0x01, 0x46, 0x84, 0xC2, 0x01,
    0x45, 0x83, 0xC3, 0x03, 0x47, 0x86, 0xC8, 0x04, 0x47, 0x86, 0xC8, 0x04, 0x32, 0x66, 0x9C, 0x3A,
    0x04, 0x28, 0x55, 0xDA, 0x04, 0x28, 0x55, 0xDA, 0x20, 0x7C, 0xCD, 0xF7, 0x21, 0x99, 0xFA, 0xF6,
    0x27, 0x9B, 0xFA, 0xF9, 0x27, 0x9B, 0xFA, 0xF9, 0x34, 0xA2, 0xFA, 0xFA, 0x3A, 0xA5, 0xFA, 0xFB,
    0x3C, 0xA9, 0xFC, 0xFB, 0x3C, 0xA9, 0xFC, 0xFB, 0x3C, 0xAB, 0xFE, 0xFC, 0x3D, 0xAD, 0xFF, 0xFC,
    0x3D, 0xAD, 0xFF, 0xFC, 0x3D, 0xAD, 0xFF, 0xFC, 0x3C, 0xAD, 0xFE, 0xFC, 0x3B, 0xAA, 0xFD, 0xFC,
    0x3B, 0xAA, 0xFD, 0xFC, 0x58, 0xB7, 0xFC, 0xFC, 0x76, 0xCB, 0xFE, 0xFC, 0x50, 0xB3, 0xFC, 0xFC,
    0x50, 0xB3, 0xFC, 0xFC, 0x39, 0xA8, 0xFD, 0xFC, 0x38, 0xAA, 0xFE, 0xFC, 0x36, 0xA8, 0xFE, 0xFD,
    0x36, 0xA8, 0xFE, 0xFD, 0x36, 0xA9, 0xFE, 0xFD, 0x34, 0xA6, 0xFD, 0xFD, 0x34, 0xA6, 0xFD, 0xFD,
    0x36, 0xA8, 0xFD, 0xFD, 0x39, 0xA7, 0xFD, 0xFD, 0x3C, 0xAA, 0xFD, 0xFD, 0x3C, 0xAA, 0xFD, 0xFD,
    0x3B, 0xA8, 0xFD, 0xFD, 0x3A, 0xA8, 0xFD, 0xFD, 0x3C, 0xAB, 0xFD, 0xFD, 0x3C, 0xAB, 0xFD, 0xFD,
    0x3C, 0xAB, 0xFE, 0xFD, 0x3C, 0xA9, 0xFE, 0xFD, 0x3C, 0xA9, 0xFE, 0xFD, 0x3F, 0xAA, 0xFE, 0xFD,
    0x53, 0xB0, 0xFD, 0xFD, 0x7C, 0xC6, 0xFE, 0xFD, 0x7C, 0xC6, 0xFE, 0xFD, 0x8F, 0xCE, 0xFD, 0xFD,
    0x7D, 0xC5, 0xFD, 0xFD, 0x5D, 0xB6, 0xFE, 0xFD, 0x5D, 0xB6, 0xFE, 0xFD, 0x49, 0xAD, 0xFF, 0xFD,
    0x3F, 0xA9, 0xFE, 0xFD, 0x3C, 0xAA, 0xFF, 0xFD, 0x3C, 0xAA, 0xFF, 0xFD, 0x3A, 0xA8, 0xFF, 0xFD,
    0x39, 0xA9, 0xFE, 0xFD, 0x39, 0xA9, 0xFE, 0xFD, 0x38, 0xA8, 0xFE, 0xFD, 0x39, 0xA8, 0xFE, 0xFD,
    0x39, 0xA7, 0xFD, 0xFD, 0x39, 0xA7, 0xFD, 0xFD, 0x38, 0xA7, 0xFE, 0xFD, 0x39, 0xA7, 0xFE, 0xFD,
    0x38, 0xA7, 0xFF, 0xFC, 0x38, 0xA7, 0xFF, 0xFC, 0x37, 0xA6, 0xFE, 0xFC, 0x36, 0xA4, 0xFC, 0xFC,
    0x36, 0xA4, 0xFC, 0xFC, 0x38, 0xA5, 0xFD, 0xFC, 0x2E, 0x98, 0xFB, 0xFC, 0x1F, 0x8C, 0xFA, 0xFC,
    0x1F, 0x8C, 0xFA, 0xFC, 0x15, 0x86, 0xF8, 0xFC, 0x0D, 0x7D, 0xF3, 0xFB, 0x1A, 0x78, 0xEB, 0xFB,
    0x1A, 0x78, 0xEB, 0xFB, 0x03, 0x25, 0x7A, 0xFB, 0x0B, 0x48, 0xA5, 0xF9, 0x22, 0x8B, 0xF1, 0xF7,
    0x22, 0x8B, 0xF1, 0xF7, 0x20, 0x7A, 0xD5, 0xF8, 0x06, 0x35, 0x84, 0xEF, 0x06, 0x35, 0x84, 0xEF,
    0x04, 0x28, 0x6A, 0xC2, 0x29, 0x76, 0xBD, 0x15, 0x30, 0x7F, 0xC8, 0x01, 0x30, 0x7F, 0xC8, 0x01,
    0x35, 0x81, 0xC8, 0x02, 0x00, 0x00, 0x00, 0x00, 0x00, 0x00, 0x00, 0x00, 0x00, 0x00, 0x00, 0x00,
    0x00, 0x00, 0x00, 0x00, 0x00, 0x00, 0x00, 0x00, 0x00, 0x00, 0x00, 0x00, 0x3A, 0x7F, 0xC5, 0x01,
    0x3A, 0x7F, 0xC4, 0x01, 0x00, 0x00, 0x00, 0x00, 0x00, 0x00, 0x00, 0x00, 0x3B, 0x7E, 0xC2, 0x01,
    0x00, 0x00, 0x00, 0x00, 0x00, 0x00, 0x00, 0x00, 0x00, 0x00, 0x00, 0x00, 0x00, 0x00, 0x00, 0x00,
    0x00, 0x00, 0x00, 0x00, 0x00, 0x00, 0x00, 0x00, 0x00, 0x00, 0x00, 0x00, 0x00, 0x00, 0x00, 0x00,
    0x00, 0x00, 0x00, 0x00, 0x00, 0x00, 0x00, 0x00, 0x00, 0x00, 0x00, 0x00, 0x00, 0x00, 0x00, 0x00,
    0x00, 0x00, 0x00, 0x00, 0x00, 0x00, 0x00, 0x00, 0x00, 0x00, 0x00, 0x00, 0x00, 0x00, 0x00, 0x00,
    0x00, 0x00, 0x00, 0x00, 0x00, 0x00, 0x00, 0x00, 0x00, 0x00, 0x00, 0x00, 0x00, 0x00, 0x00, 0x00,
    0x00, 0x00, 0x00, 0x00, 0x00, 0x00, 0x00, 0x00, 0x00, 0x00, 0x00, 0x00, 0x00, 0x00, 0x00, 0x00,
    0x47, 0x83, 0xC1, 0x01, 0x47, 0x84, 0xC2, 0x01, 0x47, 0x84, 0xC2, 0x01, 0x47, 0x84, 0xC3, 0x01,
    0x45, 0x84, 0xC4, 0x05, 0x46, 0x87, 0xC8, 0x04, 0x46, 0x87, 0xC8, 0x04, 0x2E, 0x65, 0x9B, 0x45,
    0x02, 0x25, 0x55, 0xE1, 0x02, 0x25, 0x55, 0xE1, 0x21, 0x82, 0xD5, 0xF5, 0x22, 0x9B, 0xF9, 0xF6,
    0x27, 0x99, 0xF9, 0xF9, 0x27, 0x99, 0xF9, 0xF9, 0x32, 0xA1, 0xFA, 0xFA, 0x36, 0xA4, 0xFA, 0xFB,
    0x39, 0xA8, 0xFC, 0xFB, 0x39, 0xA8, 0xFC, 0xFB, 0x39, 0xAA, 0xFE, 0xFB, 0x3A, 0xAC, 0xFF, 0xFC,
    0x3A, 0xAC, 0xFF, 0xFC, 0x3B, 0xAC, 0xFF, 0xFC, 0x3A, 0xAC, 0xFE, 0xFC, 0x3D, 0xAB, 0xFD, 0xFC,
    0x3D, 0xAB, 0xFD, 0xFC, 0x72, 0xC4, 0xFB, 0xFC, 0xA0, 0xDE, 0xFE, 0xFC, 0x5F, 0xBD, 0xFC, 0xFC,
    0x5F, 0xBD, 0xFC, 0xFC, 0x3A, 0xA8, 0xFD, 0xFC, 0x35, 0xA7, 0xFD, 0xFC, 0x35, 0xA8, 0xFD, 0xFD,
    0x35, 0xA8, 0xFD, 0xFD, 0x35, 0xA8, 0xFD, 0xFD, 0x33, 0xA6, 0xFD, 0xFD, 0x33, 0xA6, 0xFD, 0xFD,
    0x37, 0xA9, 0xFE, 0xFD, 0x3A, 0xA8, 0xFE, 0xFD, 0x3F, 0xAC, 0xFE, 0xFD, 0x3F, 0xAC, 0xFE, 0xFD,
    0x3D, 0xA9, 0xFE, 0xFD, 0x3C, 0xA9, 0xFE, 0xFD, 0x3C, 0xAA, 0xFD, 0xFD, 0x3C, 0xAA, 0xFD, 0xFD,
    0x3C, 0xAA, 0xFD, 0xFD, 0x3E, 0xAB, 0xFE, 0xFD, 0x3E, 0xAB, 0xFE, 0xFD, 0x40, 0xAD, 0xFE, 0xFD,
    0x4F, 0xB0, 0xFD, 0xFD, 0x77, 0xC8, 0xFE, 0xFD, 0x77, 0xC8, 0xFE, 0xFD, 0x82, 0xCC, 0xFE, 0xFD,
    0x6B, 0xBC, 0xFD, 0xFD, 0x55, 0xB3, 0xFE, 0xFD, 0x55, 0xB3, 0xFE, 0xFD, 0x4B, 0xB1, 0xFF, 0xFD,
    0x42, 0xAD, 0xFE, 0xFD, 0x3D, 0xAB, 0xFE, 0xFD, 0x3D, 0xAB, 0xFE, 0xFD, 0x3B, 0xAA, 0xFF, 0xFD,
    0x3A, 0xA9, 0xFF, 0xFD, 0x3A, 0xA9, 0xFF, 0xFD, 0x3A, 0xA9, 0xFF, 0xFD, 0x3A, 0xA9, 0xFE, 0xFD,
    0x39, 0xA7, 0xFE, 0xFD, 0x39, 0xA7, 0xFE, 0xFD, 0x39, 0xA8, 0xFE, 0xFD, 0x39, 0xA8, 0xFE, 0xFD,
    0x38, 0xA8, 0xFE, 0xFD, 0x38, 0xA8, 0xFE, 0xFD, 0x36, 0xA7, 0xFE, 0xFD, 0x36, 0xA5, 0xFD, 0xFC,
    0x36, 0xA5, 0xFD, 0xFC, 0x36, 0xA4, 0xFD, 0xFC, 0x2D, 0x9B, 0xFC, 0xFC, 0x1C, 0x8A, 0xFA, 0xFC,
    0x1C, 0x8A, 0xFA, 0xFC, 0x13, 0x84, 0xF8, 0xFC, 0x0D, 0x7F, 0xF3, 0xFC, 0x1C, 0x83, 0xF1, 0xFB,
    0x1C, 0x83, 0xF1, 0xFB, 0x04, 0x31, 0x84, 0xFB, 0x08, 0x3F, 0x96, 0xFA, 0x2F, 0xA5, 0xF9, 0xF9,
    0x2F, 0xA5, 0xF9, 0xF9, 0x24, 0x9C, 0xF8, 0xF5, 0x1F, 0x87, 0xE9, 0xF7, 0x1F, 0x87, 0xE9, 0xF7,
    0x0C, 0x47, 0x8D, 0xE9, 0x18, 0x53, 0x94, 0x81, 0x2E, 0x7E, 0xC7, 0x0F, 0x2E, 0x7E, 0xC7, 0x0F,
    0x32, 0x7F, 0xC7, 0x03, 0x37, 0x80, 0xC8, 0x01, 0x39, 0x80, 0xC7, 0x01, 0x39, 0x80, 0xC7, 0x01,
    0x3A, 0x80, 0xC7, 0x01, 0x3A, 0x7F, 0xC5, 0x01, 0x3A, 0x7F, 0xC5, 0x01, 0x3A, 0x7F, 0xC5, 0x01,
    0x3A, 0x7E, 0xC4, 0x01, 0x3A, 0x7E, 0xC3, 0x01, 0x3A, 0x7E, 0xC3, 0x01, 0x3A, 0x7E, 0xC2, 0x01,
    0x00, 0x00, 0x00, 0x00, 0x00, 0x00, 0x00, 0x00, 0x00, 0x00, 0x00, 0x00, 0x00, 0x00, 0x00, 0x00,
    0x00, 0x00, 0x00, 0x00, 0x00, 0x00, 0x00, 0x00, 0x00, 0x00, 0x00, 0x00, 0x00, 0x00, 0x00, 0x00,
    0x00, 0x00, 0x00, 0x00, 0x00, 0x00, 0x00, 0x00, 0x00, 0x00, 0x00, 0x00, 0x00, 0x00, 0x00, 0x00,
    0x00, 0x00, 0x00, 0x00, 0x00, 0x00, 0x00, 0x00, 0x00, 0x00, 0x00, 0x00, 0x00, 0x00, 0x00, 0x00,
    0x00, 0x00, 0x00, 0x00, 0x00, 0x00, 0x00, 0x00, 0x00, 0x00, 0x00, 0x00, 0x00, 0x00, 0x00, 0x00,
    0x00, 0x00, 0x00, 0x00, 0x00, 0x00, 0x00, 0x00, 0x00, 0x00, 0x00, 0x00, 0x00, 0x00, 0x00, 0x00,
    0x48, 0x84, 0xC1, 0x01, 0x48, 0x84, 0xC2, 0x01, 0x48, 0x84, 0xC2, 0x01, 0x48, 0x85, 0xC2, 0x02,
    0x45, 0x84, 0xC3, 0x05, 0x45, 0x87, 0xC8, 0x06, 0x45, 0x87, 0xC8, 0x06, 0x2A, 0x5F, 0x96, 0x56,
    0x02, 0x1D, 0x4B, 0xEA, 0x02, 0x1D, 0x4B, 0xEA, 0x1E, 0x7D, 0xD4, 0xF6, 0x24, 0x99, 0xF8, 0xF7,
    0x28, 0x99, 0xF8, 0xF9, 0x28, 0x99, 0xF8, 0xF9, 0x2F, 0x9F, 0xFA, 0xFA, 0x33, 0xA2, 0xFB, 0xFB,
    0x36, 0xA6, 0xFC, 0xFB, 0x36, 0xA6, 0xFC, 0xFB, 0x37, 0xA8, 0xFE, 0xFB, 0x37, 0xAA, 0xFF, 0xFC,
    0x37, 0xAA, 0xFF, 0xFC, 0x39, 0xAB, 0xFF, 0xFC, 0x3B, 0xAB, 0xFE, 0xFC, 0x3D, 0xA8, 0xFD, 0xFC,
    0x3D, 0xA8, 0xFD, 0xFC, 0x6F, 0xC0, 0xFB, 0xFC, 0x99, 0xD8, 0xFE, 0xFC, 0x58, 0xB6, 0xFC, 0xFC,
    0x58, 0xB6, 0xFC, 0xFC, 0x34, 0xA4, 0xFC, 0xFC, 0x33, 0xA7, 0xFD, 0xFD, 0x30, 0xA3, 0xFC, 0xFD,
    0x30, 0xA3, 0xFC, 0xFD, 0x33, 0xA6, 0xFD, 0xFD, 0x34, 0xA6, 0xFD, 0xFD, 0x34, 0xA6, 0xFD, 0xFD,
    0x38, 0xA8, 0xFE, 0xFD, 0x3C, 0xA8, 0xFE, 0xFD, 0x40, 0xAB, 0xFE, 0xFD, 0x40, 0xAB, 0xFE, 0xFD,
    0x40, 0xA9, 0xFE, 0xFD, 0x3E, 0xAA, 0xFE, 0xFD, 0x3D, 0xA8, 0xFE, 0xFD, 0x3D, 0xA8, 0xFE, 0xFD,
    0x3E, 0xA9, 0xFD, 0xFD, 0x3F, 0xA9, 0xFD, 0xFD, 0x3F, 0xA9, 0xFD, 0xFD, 0x41, 0xAB, 0xFE, 0xFD,
    0x4A, 0xAE, 0xFD, 0xFD, 0x61, 0xBA, 0xFD, 0xFD, 0x61, 0xBA, 0xFD, 0xFD, 0x68, 0xC1, 0xFE, 0xFD,
    0x54, 0xB3, 0xFD, 0xFD, 0x49, 0xAD, 0xFD, 0xFD, 0x49, 0xAD, 0xFD, 0xFD, 0x4A, 0xB2, 0xFE, 0xFD,
    0x43, 0xAD, 0xFD, 0xFD, 0x40, 0xAB, 0xFE, 0xFD, 0x40, 0xAB, 0xFE, 0xFD, 0x3C, 0xA9, 0xFE, 0xFD,
    0x3B, 0xAA, 0xFF, 0xFD, 0x3B, 0xAA, 0xFF, 0xFD, 0x3B, 0xA9, 0xFF, 0xFD, 0x3B, 0xA9, 0xFF, 0xFD,
    0x3B, 0xA8, 0xFE, 0xFD, 0x3B, 0xA8, 0xFE, 0xFD, 0x39, 0xA8, 0xFE, 0xFD, 0x39, 0xA7, 0xFE, 0xFD,
    0x37, 0xA6, 0xFE, 0xFD, 0x37, 0xA6, 0xFE, 0xFD, 0x37, 0xA7, 0xFE, 0xFD, 0x38, 0xA5, 0xFD, 0xFC,
    0x38, 0xA5, 0xFD, 0xFC, 0x34, 0xA0, 0xFD, 0xFC, 0x26, 0x93, 0xFB, 0xFC, 0x16, 0x85, 0xF8, 0xFC,
    0x16, 0x85, 0xF8, 0xFC, 0x12, 0x83, 0xF7, 0xFC, 0x0F, 0x80, 0xF2, 0xFC, 0x1C, 0x7E, 0xEB, 0xFB,
    0x1C, 0x7E, 0xEB, 0xFB, 0x02, 0x25, 0x73, 0xFB, 0x01, 0x28, 0x7A, 0xFA, 0x2D, 0x9A, 0xF9, 0xFA,
    0x2D, 0x9A, 0xF9, 0xFA, 0x16, 0x8A, 0xF5, 0xF9, 0x25, 0xA1, 0xFA, 0xF7, 0x25, 0xA1, 0xFA, 0xF7,
    0x11, 0x5D, 0xB9, 0xF2, 0x02, 0x19, 0x62, 0xEA, 0x23, 0x6D, 0xB5, 0x65, 0x23, 0x6D, 0xB5, 0x65,
    0x37, 0x84, 0xD1, 0x07, 0x34, 0x7F, 0xC9, 0x05, 0x37, 0x7F, 0xC7, 0x03, 0x37, 0x7F, 0xC7, 0x03,
    0x39, 0x80, 0xC6, 0x02, 0x3A, 0x7F, 0xC5, 0x02, 0x3A, 0x7F, 0xC5, 0x02, 0x3A, 0x7F, 0xC5, 0x02,
    0x39, 0x7E, 0xC4, 0x02, 0x39, 0x7F, 0xC3, 0x01, 0x39, 0x7F, 0xC3, 0x01, 0x3A, 0x7F, 0xC3, 0x01,
    0x00, 0x00, 0x00, 0x00, 0x00, 0x00, 0x00, 0x00, 0x00, 0x00, 0x00, 0x00, 0x00, 0x00, 0x00, 0x00,
    0x00, 0x00, 0x00, 0x00, 0x00, 0x00, 0x00, 0x00, 0x00, 0x00, 0x00, 0x00, 0x00, 0x00, 0x00, 0x00,
    0x00, 0x00, 0x00, 0x00, 0x00, 0x00, 0x00, 0x00, 0x00, 0x00, 0x00, 0x00, 0x00, 0x00, 0x00, 0x00,
    0x00, 0x00, 0x00, 0x00, 0x00, 0x00, 0x00, 0x00, 0x00, 0x00, 0x00, 0x00, 0x00, 0x00, 0x00, 0x00,
    0x00, 0x00, 0x00, 0x00, 0x00, 0x00, 0x00, 0x00, 0x00, 0x00, 0x00, 0x00, 0x00, 0x00, 0x00, 0x00,
    0x00, 0x00, 0x00, 0x00, 0x00, 0x00, 0x00, 0x00, 0x00, 0x00, 0x00, 0x00, 0x00, 0x00, 0x00, 0x00,
    0x4A, 0x85, 0xC1, 0x01, 0x49, 0x85, 0xC1, 0x01, 0x49, 0x85, 0xC1, 0x01, 0x4A, 0x86, 0xC2, 0x02,
    0x46, 0x84, 0xC3, 0x05, 0x44, 0x86, 0xC7, 0x06, 0x44, 0x86, 0xC7, 0x06, 0x26, 0x5B, 0x8F, 0x57,
    0x03, 0x1D, 0x48, 0xE9, 0x03, 0x1D, 0x48, 0xE9, 0x21, 0x7D, 0xD4, 0xF6, 0x25, 0x99, 0xF6, 0xF8,
    0x28, 0x98, 0xF7, 0xFA, 0x28, 0x98, 0xF7, 0xFA, 0x2D, 0x9D, 0xF9, 0xFA, 0x30, 0xA1, 0xFB, 0xFB,
    0x33, 0xA5, 0xFD, 0xFB, 0x33, 0xA5, 0xFD, 0xFB, 0x33, 0xA6, 0xFE, 0xFB, 0x34, 0xA8, 0xFF, 0xFC,
    0x34, 0xA8, 0xFF, 0xFC, 0x36, 0xA9, 0xFF, 0xFC, 0x3A, 0xAC, 0xFE, 0xFC, 0x3C, 0xAA, 0xFE, 0xFC,
    0x3C, 0xAA, 0xFE, 0xFC, 0x5F, 0xBD, 0xFD, 0xFC, 0x77, 0xCC, 0xFE, 0xFC, 0x48, 0xB3, 0xFD, 0xFC,
    0x48, 0xB3, 0xFD, 0xFC, 0x31, 0xA5, 0xFD, 0xFD, 0x30, 0xA6, 0xFD, 0xFD, 0x30, 0xA4, 0xFD, 0xFD,
    0x30, 0xA4, 0xFD, 0xFD, 0x31, 0xA4, 0xFD, 0xFD, 0x34, 0xA7, 0xFD, 0xFD, 0x34, 0xA7, 0xFD, 0xFD,
    0x3A, 0xAA, 0xFE, 0xFD, 0x42, 0xAE, 0xFE, 0xFD, 0x43, 0xAE, 0xFE, 0xFD, 0x43, 0xAE, 0xFE, 0xFD,
    0x42, 0xAC, 0xFF, 0xFD, 0x40, 0xAB, 0xFE, 0xFD, 0x3F, 0xA9, 0xFE, 0xFD, 0x3F, 0xA9, 0xFE, 0xFD,
    0x41, 0xAB, 0xFE, 0xFD, 0x41, 0xAB, 0xFE, 0xFD, 0x41, 0xAB, 0xFE, 0xFD, 0x41, 0xAB, 0xFE, 0xFD,
    0x47, 0xB0, 0xFE, 0xFD, 0x55, 0xB7, 0xFE, 0xFD, 0x55, 0xB7, 0xFE, 0xFD, 0x54, 0xB7, 0xFE, 0xFD,
    0x4E, 0xB4, 0xFD, 0xFD, 0x4B, 0xB3, 0xFC, 0xFD, 0x4B, 0xB3, 0xFC, 0xFD, 0x48, 0xB0, 0xFB, 0xFD,
    0x44, 0xAD, 0xFA, 0xFD, 0x43, 0xAC, 0xFB, 0xFD, 0x43, 0xAC, 0xFB, 0xFD, 0x41, 0xA9, 0xFB, 0xFD,
    0x3F, 0xAA, 0xFC, 0xFD, 0x3F, 0xAA, 0xFC, 0xFD, 0x3D, 0xA9, 0xFD, 0xFD, 0x3C, 0xA9, 0xFE, 0xFD,
    0x3C, 0xA8, 0xFF, 0xFD, 0x3C, 0xA8, 0xFF, 0xFD, 0x3A, 0xA8, 0xFF, 0xFD, 0x3A, 0xA7, 0xFF, 0xFD,
    0x38, 0xA6, 0xFE, 0xFD, 0x38, 0xA6, 0xFE, 0xFD, 0x38, 0xA7, 0xFE, 0xFD, 0x38, 0xA5, 0xFD, 0xFD,
    0x38, 0xA5, 0xFD, 0xFD, 0x32, 0xA0, 0xFC, 0xFC, 0x20, 0x8F, 0xF9, 0xFC, 0x14, 0x83, 0xF8, 0xFC,
    0x14, 0x83, 0xF8, 0xFC, 0x12, 0x84, 0xF8, 0xFC, 0x0E, 0x80, 0xF2, 0xFC, 0x1C, 0x81, 0xEE, 0xFB,
    0x1C, 0x81, 0xEE, 0xFB, 0x05, 0x2C, 0x7A, 0xFB, 0x00, 0x1A, 0x62, 0xFA, 0x2F, 0x98, 0xF5, 0xFA,
    0x2F, 0x98, 0xF5, 0xFA, 0x25, 0x9E, 0xF8, 0xF9, 0x28, 0x9E, 0xF9, 0xF8, 0x28, 0x9E, 0xF9, 0xF8,
    0x28, 0x8B, 0xED, 0xF5, 0x0B, 0x47, 0xA1, 0xF4, 0x08, 0x3D, 0x81, 0xA4, 0x08, 0x3D, 0x81, 0xA4,
    0x24, 0x66, 0xAB, 0x2E, 0x3A, 0x89, 0xD5, 0x05, 0x35, 0x7F, 0xC6, 0x05, 0x35, 0x7F, 0xC6, 0x05,
    0x39, 0x80, 0xC5, 0x03, 0x3B, 0x80, 0xC5, 0x04, 0x3B, 0x80, 0xC5, 0x04, 0x3B, 0x80, 0xC5, 0x03,
    0x3A, 0x7F, 0xC4, 0x02, 0x3A, 0x7F, 0xC4, 0x01, 0x3A, 0x7F, 0xC4, 0x01, 0x3A, 0x7F, 0xC3, 0x02,
    0x00, 0x00, 0x00, 0x00, 0x00, 0x00, 0x00, 0x00, 0x00, 0x00, 0x00, 0x00, 0x00, 0x00, 0x00, 0x00,
    0x00, 0x00, 0x00, 0x00, 0x00, 0x00, 0x00, 0x00, 0x00, 0x00, 0x00, 0x00, 0x00, 0x00, 0x00, 0x00,
    0x00, 0x00, 0x00, 0x00, 0x00, 0x00, 0x00, 0x00, 0x00, 0x00, 0x00, 0x00, 0x00, 0x00, 0x00, 0x00,
    0x00, 0x00, 0x00, 0x00, 0x00, 0x00, 0x00, 0x00, 0x00, 0x00, 0x00, 0x00, 0x00, 0x00, 0x00, 0x00,
    0x00, 0x00, 0x00, 0x00, 0x00, 0x00, 0x00, 0x00, 0x00, 0x00, 0x00, 0x00, 0x00, 0x00, 0x00, 0x00,
    0x00, 0x00, 0x00, 0x00, 0x00, 0x00, 0x00, 0x00, 0x00, 0x00, 0x00, 0x00, 0x00, 0x00, 0x00, 0x00,
    0x4A, 0x85, 0xC1, 0x01, 0x49, 0x85, 0xC1, 0x01, 0x49, 0x85, 0xC1, 0x01, 0x4A, 0x86, 0xC2, 0x02,
    0x46, 0x84, 0xC3, 0x05, 0x44, 0x86, 0xC7, 0x06, 0x44, 0x86, 0xC7, 0x06, 0x26, 0x5B, 0x8F, 0x57,
    0x03, 0x1D, 0x48, 0xE9, 0x03, 0x1D, 0x48, 0xE9, 0x21, 0x7D, 0xD4, 0xF6, 0x25, 0x99, 0xF6, 0xF8,
    0x28, 0x98, 0xF7, 0xFA, 0x28, 0x98, 0xF7, 0xFA, 0x2D, 0x9D, 0xF9, 0xFA, 0x30, 0xA1, 0xFB, 0xFB,
    0x33, 0xA5, 0xFD, 0xFB, 0x33, 0xA5, 0xFD, 0xFB, 0x33, 0xA6, 0xFE, 0xFB, 0x34, 0xA8, 0xFF, 0xFC,
    0x34, 0xA8, 0xFF, 0xFC, 0x36, 0xA9, 0xFF, 0xFC, 0x3A, 0xAC, 0xFE, 0xFC, 0x3C, 0xAA, 0xFE, 0xFC,
    0x3C, 0xAA, 0xFE, 0xFC, 0x5F, 0xBD, 0xFD, 0xFC, 0x77, 0xCC, 0xFE, 0xFC, 0x48, 0xB3, 0xFD, 0xFC,
    0x48, 0xB3, 0xFD, 0xFC, 0x31, 0xA5, 0xFD, 0xFD, 0x30, 0xA6, 0xFD, 0xFD, 0x30, 0xA4, 0xFD, 0xFD,
    0x30, 0xA4, 0xFD, 0xFD, 0x31, 0xA4, 0xFD, 0xFD, 0x34, 0xA7, 0xFD, 0xFD, 0x34, 0xA7, 0xFD, 0xFD,
    0x3A, 0xAA, 0xFE, 0xFD, 0x42, 0xAE, 0xFE, 0xFD, 0x43, 0xAE, 0xFE, 0xFD, 0x43, 0xAE, 0xFE, 0xFD,
    0x42, 0xAC, 0xFF, 0xFD, 0x40, 0xAB, 0xFE, 0xFD, 0x3F, 0xA9, 0xFE, 0xFD, 0x3F, 0xA9, 0xFE, 0xFD,
    0x41, 0xAB, 0xFE, 0xFD, 0x41, 0xAB, 0xFE, 0xFD, 0x41, 0xAB, 0xFE, 0xFD, 0x41, 0xAB, 0xFE, 0xFD,
    0x47, 0xB0, 0xFE, 0xFD, 0x55, 0xB7, 0xFE, 0xFD, 0x55, 0xB7, 0xFE, 0xFD, 0x54, 0xB7, 0xFE, 0xFD,
    0x4E, 0xB4, 0xFD, 0xFD, 0x4B, 0xB3, 0xFC, 0xFD, 0x4B, 0xB3, 0xFC, 0xFD, 0x48, 0xB0, 0xFB, 0xFD,
    0x44, 0xAD, 0xFA, 0xFD, 0x43, 0xAC, 0xFB, 0xFD, 0x43, 0xAC, 0xFB, 0xFD, 0x41, 0xA9, 0xFB, 0xFD,
    0x3F, 0xAA, 0xFC, 0xFD, 0x3F, 0xAA, 0xFC, 0xFD, 0x3D, 0xA9, 0xFD, 0xFD, 0x3C, 0xA9, 0xFE, 0xFD,
    0x3C, 0xA8, 0xFF, 0xFD, 0x3C, 0xA8, 0xFF, 0xFD, 0x3A, 0xA8, 0xFF, 0xFD, 0x3A, 0xA7, 0xFF, 0xFD,
    0x38, 0xA6, 0xFE, 0xFD, 0x38, 0xA6, 0xFE, 0xFD, 0x38, 0xA7, 0xFE, 0xFD, 0x38, 0xA5, 0xFD, 0xFD,
    0x38, 0xA5, 0xFD, 0xFD, 0x32, 0xA0, 0xFC, 0xFC, 0x20, 0x8F, 0xF9, 0xFC, 0x14, 0x83, 0xF8, 0xFC,
    0x14, 0x83, 0xF8, 0xFC, 0x12, 0x84, 0xF8, 0xFC, 0x0E, 0x80, 0xF2, 0xFC, 0x1C, 0x81, 0xEE, 0xFB,
    0x1C, 0x81, 0xEE, 0xFB, 0x05, 0x2C, 0x7A, 0xFB, 0x00, 0x1A, 0x62, 0xFA, 0x2F, 0x98, 0xF5, 0xFA,
    0x2F, 0x98, 0xF5, 0xFA, 0x25, 0x9E, 0xF8, 0xF9, 0x28, 0x9E, 0xF9, 0xF8, 0x28, 0x9E, 0xF9, 0xF8,
    0x28, 0x8B, 0xED, 0xF5, 0x0B, 0x47, 0xA1, 0xF4, 0x08, 0x3D, 0x81, 0xA4, 0x08, 0x3D, 0x81, 0xA4,
    0x24, 0x66, 0xAB, 0x2E, 0x3A, 0x89, 0xD5, 0x05, 0x35, 0x7F, 0xC6, 0x05, 0x35, 0x7F, 0xC6, 0x05,
    0x39, 0x80, 0xC5, 0x03, 0x3B, 0x80, 0xC5, 0x04, 0x3B, 0x80, 0xC5, 0x04, 0x3B, 0x80, 0xC5, 0x03,
    0x3A, 0x7F, 0xC4, 0x02, 0x3A, 0x7F, 0xC4, 0x01, 0x3A, 0x7F, 0xC4, 0x01, 0x3A, 0x7F, 0xC3, 0x02,
    0x00, 0x00, 0x00, 0x00, 0x00, 0x00, 0x00, 0x00, 0x00, 0x00, 0x00, 0x00, 0x00, 0x00, 0x00, 0x00,
    0x00, 0x00, 0x00, 0x00, 0x00, 0x00, 0x00, 0x00, 0x00, 0x00, 0x00, 0x00, 0x00, 0x00, 0x00, 0x00,
    0x00, 0x00, 0x00, 0x00, 0x00, 0x00, 0x00, 0x00, 0x00, 0x00, 0x00, 0x00, 0x00, 0x00, 0x00, 0x00,
    0x00, 0x00, 0x00, 0x00, 0x00, 0x00, 0x00, 0x00, 0x00, 0x00, 0x00, 0x00, 0x00, 0x00, 0x00, 0x00,
    0x00, 0x00, 0x00, 0x00, 0x00, 0x00, 0x00, 0x00, 0x00, 0x00, 0x00, 0x00, 0x00, 0x00, 0x00, 0x00,
    0x00, 0x00, 0x00, 0x00, 0x00, 0x00, 0x00, 0x00, 0x00, 0x00, 0x00, 0x00, 0x00, 0x00, 0x00, 0x00,
    0x4B, 0x85, 0xC1, 0x01, 0x4B, 0x85, 0xC1, 0x01, 0x4B, 0x85, 0xC1, 0x01, 0x4B, 0x86, 0xC2, 0x02,
    0x47, 0x83, 0xC3, 0x07, 0x40, 0x82, 0xC5, 0x0F, 0x40, 0x82, 0xC5, 0x0F, 0x20, 0x54, 0x89, 0x65,
    0x00, 0x11, 0x3D, 0xF2, 0x00, 0x11, 0x3D, 0xF2, 0x22, 0x7B, 0xD4, 0xF7, 0x24, 0x98, 0xF5, 0xF8,
    0x25, 0x97, 0xF6, 0xFA, 0x25, 0x97, 0xF6, 0xFA, 0x2A, 0x9C, 0xF9, 0xFA, 0x2D, 0x9F, 0xFB, 0xFB,
    0x2E, 0xA3, 0xFD, 0xFB, 0x2E, 0xA3, 0xFD, 0xFB, 0x30, 0xA5, 0xFE, 0xFB, 0x32, 0xA6, 0xFF, 0xFC,
    0x32, 0xA6, 0xFF, 0xFC, 0x33, 0xA8, 0xFE, 0xFC, 0x38, 0xAA, 0xFE, 0xFC, 0x3B, 0xAD, 0xFD, 0xFC,
    0x3B, 0xAD, 0xFD, 0xFC, 0x48, 0xAF, 0xFD, 0xFC, 0x4F, 0xB2, 0xFD, 0xFC, 0x3A, 0xAB, 0xFE, 0xFD,
    0x3A, 0xAB, 0xFE, 0xFD, 0x31, 0xA6, 0xFE, 0xFD, 0x2E, 0xA1, 0xFE, 0xFD, 0x2E, 0xA3, 0xFD, 0xFD,
    0x2E, 0xA3, 0xFD, 0xFD, 0x31, 0xA5, 0xFE, 0xFD, 0x33, 0xA4, 0xFD, 0xFD, 0x33, 0xA4, 0xFD, 0xFD,
    0x3F, 0xAC, 0xFE, 0xFD, 0x4B, 0xB3, 0xFE, 0xFD, 0x49, 0xB0, 0xFE, 0xFD, 0x49, 0xB0, 0xFE, 0xFD,
    0x44, 0xAC, 0xFF, 0xFD, 0x43, 0xAD, 0xFF, 0xFD, 0x43, 0xAB, 0xFF, 0xFD, 0x43, 0xAB, 0xFF, 0xFD,
    0x44, 0xAB, 0xFF, 0xFD, 0x43, 0xAC, 0xFE, 0xFD, 0x43, 0xAC, 0xFE, 0xFD, 0x46, 0xAF, 0xFF, 0xFD,
    0x46, 0xAD, 0xFE, 0xFD, 0x49, 0xB0, 0xFE, 0xFD, 0x49, 0xB0, 0xFE, 0xFD, 0x49, 0xAE, 0xFD, 0xFD,
    0x49, 0xB1, 0xFD, 0xFD, 0x44, 0xAC, 0xFB, 0xFD, 0x44, 0xAC, 0xFB, 0xFD, 0x44, 0xAE, 0xFA, 0xFD,
    0x42, 0xAC, 0xF9, 0xFD, 0x42, 0xAC, 0xF9, 0xFD, 0x42, 0xAC, 0xF9, 0xFD, 0x41, 0xAA, 0xF9, 0xFD,
    0x40, 0xAA, 0xFA, 0xFD, 0x40, 0xAA, 0xFA, 0xFD, 0x3D, 0xA9, 0xFC, 0xFD, 0x3C, 0xA9, 0xFE, 0xFD,
    0x3C, 0xA7, 0xFF, 0xFD, 0x3C, 0xA7, 0xFF, 0xFD, 0x3B, 0xA8, 0xFF, 0xFD, 0x3A, 0xA7, 0xFF, 0xFD,
    0x39, 0xA7, 0xFE, 0xFD, 0x39, 0xA7, 0xFE, 0xFD, 0x38, 0xA5, 0xFD, 0xFD, 0x35, 0xA2, 0xFC, 0xFD,
    0x35, 0xA2, 0xFC, 0xFD, 0x2F, 0x9E, 0xFC, 0xFD, 0x1D, 0x8D, 0xF9, 0xFC, 0x14, 0x84, 0xF9, 0xFC,
    0x14, 0x84, 0xF9, 0xFC, 0x11, 0x81, 0xF7, 0xFC, 0x0B, 0x7A, 0xF0, 0xFC, 0x18, 0x81, 0xEF, 0xFC,
    0x18, 0x81, 0xEF, 0xFC, 0x08, 0x36, 0x8D, 0xFC, 0x00, 0x06, 0x3F, 0xFB, 0x28, 0x7F, 0xE0, 0xFB,
    0x28, 0x7F, 0xE0, 0xFB, 0x2C, 0xA0, 0xF6, 0xFA, 0x21, 0x8B, 0xF3, 0xFA, 0x21, 0x8B, 0xF3, 0xFA,
    0x24, 0x96, 0xF6, 0xF7, 0x24, 0x90, 0xF0, 0xF7, 0x13, 0x4C, 0x8B, 0xEB, 0x13, 0x4C, 0x8B, 0xEB,
    0x14, 0x3B, 0x72, 0xB2, 0x34, 0x7F, 0xC9, 0x22, 0x34, 0x7E, 0xC3, 0x0A, 0x34, 0x7E, 0xC3, 0x0A,
    0x39, 0x80, 0xC4, 0x07, 0x3A, 0x80, 0xC4, 0x05, 0x3A, 0x80, 0xC4, 0x05, 0x3B, 0x80, 0xC5, 0x04,
    0x3A, 0x7F, 0xC5, 0x03, 0x3A, 0x80, 0xC4, 0x02, 0x3A, 0x80, 0xC4, 0x02, 0x3A, 0x7F, 0xC3, 0x02,
    0x00, 0x00, 0x00, 0x00, 0x00, 0x00, 0x00, 0x00, 0x00, 0x00, 0x00, 0x00, 0x00, 0x00, 0x00, 0x00,
    0x00, 0x00, 0x00, 0x00, 0x00, 0x00, 0x00, 0x00, 0x00, 0x00, 0x00, 0x00, 0x00, 0x00, 0x00, 0x00,
    0x00, 0x00, 0x00, 0x00, 0x00, 0x00, 0x00, 0x00, 0x00, 0x00, 0x00, 0x00, 0x00, 0x00, 0x00, 0x00,
    0x00, 0x00, 0x00, 0x00, 0x00, 0x00, 0x00, 0x00, 0x00, 0x00, 0x00, 0x00, 0x00, 0x00, 0x00, 0x00,
    0x00, 0x00, 0x00, 0x00, 0x00, 0x00, 0x00, 0x00, 0x00, 0x00, 0x00, 0x00, 0x00, 0x00, 0x00, 0x00,
    0x00, 0x00, 0x00, 0x00, 0x00, 0x00, 0x00, 0x00, 0x00, 0x00, 0x00, 0x00, 0x00, 0x00, 0x00, 0x00,
    0x4C, 0x85, 0xC0, 0x01, 0x4C, 0x86, 0xC0, 0x01, 0x4C, 0x86, 0xC0, 0x01, 0x4C, 0x86, 0xC1, 0x03,
    0x47, 0x85, 0xC3, 0x07, 0x3D, 0x81, 0xBF, 0x18, 0x3D, 0x81, 0xBF, 0x18, 0x1E, 0x5A, 0x90, 0x7D,
    0x01, 0x23, 0x68, 0xF1, 0x01, 0x23, 0x68, 0xF1, 0x1B, 0x7E, 0xDC, 0xF7, 0x20, 0x97, 0xF7, 0xF8,
    0x22, 0x97, 0xF9, 0xFA, 0x22, 0x97, 0xF9, 0xFA, 0x26, 0x9B, 0xFB, 0xFA, 0x29, 0x9D, 0xFC, 0xFB,
    0x2B, 0xA0, 0xFD, 0xFB, 0x2B, 0xA0, 0xFD, 0xFB, 0x2E, 0xA3, 0xFD, 0xFB, 0x30, 0xA6, 0xFD, 0xFC,
    0x30, 0xA6, 0xFD, 0xFC, 0x31, 0xA5, 0xFD, 0xFC, 0x35, 0xA9, 0xFD, 0xFC, 0x33, 0xA7, 0xFD, 0xFC,
    0x33, 0xA7, 0xFD, 0xFC, 0x3D, 0xAE, 0xFD, 0xFC, 0x3B, 0xA8, 0xFD, 0xFC, 0x34, 0xAA, 0xFE, 0xFD,
    0x34, 0xAA, 0xFE, 0xFD, 0x2C, 0xA1, 0xFD, 0xFD, 0x2E, 0xA2, 0xFD, 0xFD, 0x2F, 0xA4, 0xFD, 0xFD,
    0x2F, 0xA4, 0xFD, 0xFD, 0x30, 0xA4, 0xFE, 0xFD, 0x36, 0xA6, 0xFE, 0xFD, 0x36, 0xA6, 0xFE, 0xFD,
    0x49, 0xB4, 0xFE, 0xFD, 0x5C, 0xBE, 0xFE, 0xFD, 0x57, 0xB9, 0xFE, 0xFD, 0x57, 0xB9, 0xFE, 0xFD,
    0x49, 0xAE, 0xFE, 0xFD, 0x46, 0xAF, 0xFF, 0xFD, 0x46, 0xAF, 0xFF, 0xFD, 0x46, 0xAF, 0xFF, 0xFD,
    0x46, 0xAD, 0xFF, 0xFD, 0x45, 0xAC, 0xFE, 0xFD, 0x45, 0xAC, 0xFE, 0xFD, 0x49, 0xB2, 0xFE, 0xFD,
    0x49, 0xB0, 0xFD, 0xFD, 0x49, 0xB0, 0xFD, 0xFD, 0x49, 0xB0, 0xFD, 0xFD, 0x44, 0xAD, 0xFC, 0xFD,
    0x44, 0xB2, 0xFD, 0xFD, 0x3B, 0xA9, 0xFD, 0xFD, 0x3B, 0xA9, 0xFD, 0xFD, 0x39, 0xAA, 0xFF, 0xFD,
    0x37, 0xAA, 0xFF, 0xFD, 0x3B, 0xB1, 0xFF, 0xFD, 0x3B, 0xB1, 0xFF, 0xFD, 0x3C, 0xB3, 0xFF, 0xFD,
    0x3D, 0xB3, 0xFF, 0xFD, 0x3D, 0xB3, 0xFF, 0xFD, 0x3A, 0xAD, 0xFF, 0xFD, 0x3C, 0xAB, 0xFF, 0xFD,
    0x3E, 0xA8, 0xFE, 0xFD, 0x3E, 0xA8, 0xFE, 0xFD, 0x3E, 0xA8, 0xFE, 0xFD, 0x3C, 0xA7, 0xFE, 0xFD,
    0x39, 0xA7, 0xFE, 0xFD, 0x39, 0xA7, 0xFE, 0xFD, 0x38, 0xA6, 0xFE, 0xFD, 0x36, 0xA4, 0xFD, 0xFD,
    0x36, 0xA4, 0xFD, 0xFD, 0x2E, 0x9C, 0xFC, 0xFD, 0x1F, 0x90, 0xFB, 0xFC, 0x17, 0x88, 0xFB, 0xFC,
    0x17, 0x88, 0xFB, 0xFC, 0x11, 0x7E, 0xF7, 0xFC, 0x0E, 0x7D, 0xF3, 0xFC, 0x16, 0x83, 0xF2, 0xFB,
    0x16, 0x83, 0xF2, 0xFB, 0x15, 0x59, 0xBD, 0xFC, 0x01, 0x0C, 0x4A, 0xFB, 0x22, 0x63, 0xBA, 0xFB,
    0x22, 0x63, 0xBA, 0xFB, 0x31, 0xA1, 0xF5, 0xF9, 0x22, 0x91, 0xF5, 0xFA, 0x22, 0x91, 0xF5, 0xFA,
    0x20, 0x99, 0xF8, 0xF8, 0x27, 0x9D, 0xFA, 0xF6, 0x0A, 0x35, 0x7C, 0xF7, 0x0A, 0x35, 0x7C, 0xF7,
    0x05, 0x18, 0x45, 0xCB, 0x33, 0x7D, 0xC2, 0x2E, 0x2E, 0x7A, 0xC1, 0x14, 0x2E, 0x7A, 0xC1, 0x14,
    0x37, 0x80, 0xC5, 0x07, 0x39, 0x7F, 0xC4, 0x07, 0x39, 0x7F, 0xC4, 0x07, 0x3A, 0x7F, 0xC5, 0x04,
    0x3A, 0x7F, 0xC4, 0x03, 0x3A, 0x7F, 0xC3, 0x02, 0x3A, 0x7F, 0xC3, 0x02, 0x3B, 0x7F, 0xC3, 0x02,
    0x00, 0x00, 0x00, 0x00, 0x00, 0x00, 0x00, 0x00, 0x00, 0x00, 0x00, 0x00, 0x00, 0x00, 0x00, 0x00,
    0x00, 0x00, 0x00, 0x00, 0x00, 0x00, 0x00, 0x00, 0x00, 0x00, 0x00, 0x00, 0x00, 0x00, 0x00, 0x00,
    0x00, 0x00, 0x00, 0x00, 0x00, 0x00, 0x00, 0x00, 0x00, 0x00, 0x00, 0x00, 0x00, 0x00, 0x00, 0x00,
    0x00, 0x00, 0x00, 0x00, 0x00, 0x00, 0x00, 0x00, 0x00, 0x00, 0x00, 0x00, 0x00, 0x00, 0x00, 0x00,
    0x00, 0x00, 0x00, 0x00, 0x00, 0x00, 0x00, 0x00, 0x00, 0x00, 0x00, 0x00, 0x00, 0x00, 0x00, 0x00,
    0x00, 0x00, 0x00, 0x00, 0x00, 0x00, 0x00, 0x00, 0x00, 0x00, 0x00, 0x00, 0x00, 0x00, 0x00, 0x00,
    0x4C, 0x85, 0xC0, 0x01, 0x4C, 0x86, 0xC0, 0x01, 0x4C, 0x86, 0xC0, 0x01, 0x4C, 0x86, 0xC1, 0x03,
    0x47, 0x85, 0xC3, 0x07, 0x3D, 0x81, 0xBF, 0x18, 0x3D, 0x81, 0xBF, 0x18, 0x1E, 0x5A, 0x90, 0x7D,
    0x01, 0x23, 0x68, 0xF1, 0x01, 0x23, 0x68, 0xF1, 0x1B, 0x7E, 0xDC, 0xF7, 0x20, 0x97, 0xF7, 0xF8,
    0x22, 0x97, 0xF9, 0xFA, 0x22, 0x97, 0xF9, 0xFA, 0x26, 0x9B, 0xFB, 0xFA, 0x29, 0x9D, 0xFC, 0xFB,
    0x2B, 0xA0, 0xFD, 0xFB, 0x2B, 0xA0, 0xFD, 0xFB, 0x2E, 0xA3, 0xFD, 0xFB, 0x30, 0xA6, 0xFD, 0xFC,
    0x30, 0xA6, 0xFD, 0xFC, 0x31, 0xA5, 0xFD, 0xFC, 0x35, 0xA9, 0xFD, 0xFC, 0x33, 0xA7, 0xFD, 0xFC,
    0x33, 0xA7, 0xFD, 0xFC, 0x3D, 0xAE, 0xFD, 0xFC, 0x3B, 0xA8, 0xFD, 0xFC, 0x34, 0xAA, 0xFE, 0xFD,
    0x34, 0xAA, 0xFE, 0xFD, 0x2C, 0xA1, 0xFD, 0xFD, 0x2E, 0xA2, 0xFD, 0xFD, 0x2F, 0xA4, 0xFD, 0xFD,
    0x2F, 0xA4, 0xFD, 0xFD, 0x30, 0xA4, 0xFE, 0xFD, 0x36, 0xA6, 0xFE, 0xFD, 0x36, 0xA6, 0xFE, 0xFD,
    0x49, 0xB4, 0xFE, 0xFD, 0x5C, 0xBE, 0xFE, 0xFD, 0x57, 0xB9, 0xFE, 0xFD, 0x57, 0xB9, 0xFE, 0xFD,
    0x49, 0xAE, 0xFE, 0xFD, 0x46, 0xAF, 0xFF, 0xFD, 0x46, 0xAF, 0xFF, 0xFD, 0x46, 0xAF, 0xFF, 0xFD,
    0x46, 0xAD, 0xFF, 0xFD, 0x45, 0xAC, 0xFE, 0xFD, 0x45, 0xAC, 0xFE, 0xFD, 0x49, 0xB2, 0xFE, 0xFD,
    0x49, 0xB0, 0xFD, 0xFD, 0x49, 0xB0, 0xFD, 0xFD, 0x49, 0xB0, 0xFD, 0xFD, 0x44, 0xAD, 0xFC, 0xFD,
    0x44, 0xB2, 0xFD, 0xFD, 0x3B, 0xA9, 0xFD, 0xFD, 0x3B, 0xA9, 0xFD, 0xFD, 0x39, 0xAA, 0xFF, 0xFD,
    0x37, 0xAA, 0xFF, 0xFD, 0x3B, 0xB1, 0xFF, 0xFD, 0x3B, 0xB1, 0xFF, 0xFD, 0x3C, 0xB3, 0xFF, 0xFD,
    0x3D, 0xB3, 0xFF, 0xFD, 0x3D, 0xB3, 0xFF, 0xFD, 0x3A, 0xAD, 0xFF, 0xFD, 0x3C, 0xAB, 0xFF, 0xFD,
    0x3E, 0xA8, 0xFE, 0xFD, 0x3E, 0xA8, 0xFE, 0xFD, 0x3E, 0xA8, 0xFE, 0xFD, 0x3C, 0xA7, 0xFE, 0xFD,
    0x39, 0xA7, 0xFE, 0xFD, 0x39, 0xA7, 0xFE, 0xFD, 0x38, 0xA6, 0xFE, 0xFD, 0x36, 0xA4, 0xFD, 0xFD,
    0x36, 0xA4, 0xFD, 0xFD, 0x2E, 0x9C, 0xFC, 0xFD, 0x1F, 0x90, 0xFB, 0xFC, 0x17, 0x88, 0xFB, 0xFC,
    0x17, 0x88, 0xFB, 0xFC, 0x11, 0x7E, 0xF7, 0xFC, 0x0E, 0x7D, 0xF3, 0xFC, 0x16, 0x83, 0xF2, 0xFB,
    0x16, 0x83, 0xF2, 0xFB, 0x15, 0x59, 0xBD, 0xFC, 0x01, 0x0C, 0x4A, 0xFB, 0x22, 0x63, 0xBA, 0xFB,
    0x22, 0x63, 0xBA, 0xFB, 0x31, 0xA1, 0xF5, 0xF9, 0x22, 0x91, 0xF5, 0xFA, 0x22, 0x91, 0xF5, 0xFA,
    0x20, 0x99, 0xF8, 0xF8, 0x27, 0x9D, 0xFA, 0xF6, 0x0A, 0x35, 0x7C, 0xF7, 0x0A, 0x35, 0x7C, 0xF7,
    0x05, 0x18, 0x45, 0xCB, 0x33, 0x7D, 0xC2, 0x2E, 0x2E, 0x7A, 0xC1, 0x14, 0x2E, 0x7A, 0xC1, 0x14,
    0x37, 0x80, 0xC5, 0x07, 0x39, 0x7F, 0xC4, 0x07, 0x39, 0x7F, 0xC4, 0x07, 0x3A, 0x7F, 0xC5, 0x04,
    0x3A, 0x7F, 0xC4, 0x03, 0x3A, 0x7F, 0xC3, 0x02, 0x3A, 0x7F, 0xC3, 0x02, 0x3B, 0x7F, 0xC3, 0x02,
    0x00, 0x00, 0x00, 0x00, 0x00, 0x00, 0x00, 0x00, 0x00, 0x00, 0x00, 0x00, 0x00, 0x00, 0x00, 0x00,
    0x00, 0x00, 0x00, 0x00, 0x00, 0x00, 0x00, 0x00, 0x00, 0x00, 0x00, 0x00, 0x00, 0x00, 0x00, 0x00,
    0x00, 0x00, 0x00, 0x00, 0x00, 0x00, 0x00, 0x00, 0x00, 0x00, 0x00, 0x00, 0x00, 0x00, 0x00, 0x00,
    0x00, 0x00, 0x00, 0x00, 0x00, 0x00, 0x00, 0x00, 0x00, 0x00, 0x00, 0x00, 0x00, 0x00, 0x00, 0x00,
    0x00, 0x00, 0x00, 0x00, 0x00, 0x00, 0x00, 0x00, 0x00, 0x00, 0x00, 0x00, 0x00, 0x00, 0x00, 0x00,
    0x00, 0x00, 0x00, 0x00, 0x00, 0x00, 0x00, 0x00, 0x00, 0x00, 0x00, 0x00, 0x00, 0x00, 0x00, 0x00,
    0x4D, 0x85, 0xBF, 0x02, 0x4D, 0x87, 0xC0, 0x02, 0x4D, 0x87, 0xC0, 0x02, 0x4B, 0x88, 0xBF, 0x05,
    0x4A, 0x88, 0xC2, 0x03, 0x1D, 0x51, 0x85, 0x64, 0x1D, 0x51, 0x85, 0x64, 0x13, 0x4C, 0x87, 0xD3,
    0x1F, 0x7B, 0xD7, 0xF4, 0x1F, 0x7B, 0xD7, 0xF4, 0x15, 0x86, 0xEE, 0xF8, 0x1B, 0x92, 0xF9, 0xF9,
    0x1F, 0x95, 0xFC, 0xFA, 0x1F, 0x95, 0xFC, 0xFA, 0x21, 0x9A, 0xFD, 0xFA, 0x27, 0x9C, 0xFD, 0xFB,
    0x2A, 0x9F, 0xFC, 0xFB, 0x2A, 0x9F, 0xFC, 0xFB, 0x2C, 0xA1, 0xFB, 0xFB, 0x2F, 0xA3, 0xFB, 0xFC,
    0x2F, 0xA3, 0xFB, 0xFC, 0x33, 0xA9, 0xFC, 0xFC, 0x39, 0xB2, 0xFC, 0xFC, 0x3C, 0xB9, 0xFD, 0xFC,
    0x3C, 0xB9, 0xFD, 0xFC, 0x41, 0xBD, 0xFD, 0xFC, 0x3C, 0xB6, 0xFD, 0xFC, 0x34, 0xAC, 0xFD, 0xFD,
    0x34, 0xAC, 0xFD, 0xFD, 0x28, 0x9A, 0xFC, 0xFD, 0x29, 0xA1, 0xFD, 0xFD, 0x2E, 0xA3, 0xFD, 0xFD,
    0x2E, 0xA3, 0xFD, 0xFD, 0x31, 0xA4, 0xFE, 0xFD, 0x3C, 0xA9, 0xFE, 0xFD, 0x3C, 0xA9, 0xFE, 0xFD,
    0x57, 0xB8, 0xFF, 0xFD, 0x76, 0xCA, 0xFF, 0xFD, 0x6E, 0xC5, 0xFF, 0xFD, 0x6E, 0xC5, 0xFF, 0xFD,
    0x51, 0xB2, 0xFE, 0xFD, 0x48, 0xAF, 0xFF, 0xFD, 0x48, 0xAE, 0xFF, 0xFD, 0x48, 0xAE, 0xFF, 0xFD,
    0x4A, 0xB0, 0xFE, 0xFD, 0x48, 0xB0, 0xFD, 0xFD, 0x48, 0xB0, 0xFD, 0xFD, 0x49, 0xAF, 0xFC, 0xFD,
    0x46, 0xAD, 0xFB, 0xFD, 0x48, 0xB5, 0xFC, 0xFD, 0x48, 0xB5, 0xFC, 0xFD, 0x41, 0xAA, 0xFB, 0xFD,
    0x33, 0x9B, 0xF5, 0xFD, 0x33, 0xA2, 0xFA, 0xFD, 0x33, 0xA2, 0xFA, 0xFD, 0x32, 0x97, 0xEF, 0xFD,
    0x22, 0x78, 0xC7, 0xFD, 0x1E, 0x6B, 0xAD, 0xFD, 0x1E, 0x6B, 0xAD, 0xFD, 0x19, 0x64, 0xA7, 0xFD,
    0x28, 0x85, 0xD5, 0xFD, 0x28, 0x85, 0xD5, 0xFD, 0x39, 0xAF, 0xFF, 0xFD, 0x3C, 0xAB, 0xFF, 0xFD,
    0x3F, 0xA8, 0xFD, 0xFD, 0x3F, 0xA8, 0xFD, 0xFD, 0x40, 0xA9, 0xFE, 0xFD, 0x3D, 0xA7, 0xFE, 0xFD,
    0x3A, 0xA8, 0xFE, 0xFD, 0x3A, 0xA8, 0xFE, 0xFD, 0x39, 0xA7, 0xFE, 0xFD, 0x37, 0xA3, 0xFD, 0xFD,
    0x37, 0xA3, 0xFD, 0xFD, 0x31, 0x9D, 0xFD, 0xFD, 0x23, 0x8F, 0xF9, 0xFC, 0x17, 0x84, 0xF8, 0xFC,
    0x17, 0x84, 0xF8, 0xFC, 0x16, 0x82, 0xF8, 0xFC, 0x12, 0x7D, 0xF2, 0xFC, 0x0F, 0x78, 0xEC, 0xFC,
    0x0F, 0x78, 0xEC, 0xFC, 0x1B, 0x73, 0xE3, 0xFC, 0x04, 0x20, 0x70, 0xFB, 0x05, 0x26, 0x6F, 0xFB,
    0x05, 0x26, 0x6F, 0xFB, 0x23, 0x7E, 0xE2, 0xFB, 0x25, 0x98, 0xF7, 0xFA, 0x25, 0x98, 0xF7, 0xFA,
    0x19, 0x8B, 0xF5, 0xFA, 0x23, 0x98, 0xFA, 0xF7, 0x16, 0x61, 0xB9, 0xFA, 0x16, 0x61, 0xB9, 0xFA,
    0x04, 0x1F, 0x59, 0xE9, 0x2F, 0x70, 0xAD, 0x8A, 0x35, 0x81, 0xC6, 0x25, 0x35, 0x81, 0xC6, 0x25,
    0x34, 0x7F, 0xC5, 0x05, 0x38, 0x80, 0xC5, 0x0C, 0x38, 0x80, 0xC5, 0x0C, 0x39, 0x7E, 0xC4, 0x06,
    0x39, 0x7E, 0xC3, 0x04, 0x3A, 0x7F, 0xC2, 0x02, 0x3A, 0x7F, 0xC2, 0x02, 0x3A, 0x7E, 0xC1, 0x02,
    0x00, 0x00, 0x00, 0x00, 0x00, 0x00, 0x00, 0x00, 0x00, 0x00, 0x00, 0x00, 0x00, 0x00, 0x00, 0x00,
    0x00, 0x00, 0x00, 0x00, 0x00, 0x00, 0x00, 0x00, 0x00, 0x00, 0x00, 0x00, 0x00, 0x00, 0x00, 0x00,
    0x00, 0x00, 0x00, 0x00, 0x00, 0x00, 0x00, 0x00, 0x00, 0x00, 0x00, 0x00, 0x00, 0x00, 0x00, 0x00,
    0x00, 0x00, 0x00, 0x00, 0x00, 0x00, 0x00, 0x00, 0x00, 0x00, 0x00, 0x00, 0x00, 0x00, 0x00, 0x00,
    0x00, 0x00, 0x00, 0x00, 0x00, 0x00, 0x00, 0x00, 0x00, 0x00, 0x00, 0x00, 0x00, 0x00, 0x00, 0x00,
    0x00, 0x00, 0x00, 0x00, 0x00, 0x00, 0x00, 0x00, 0x00, 0x00, 0x00, 0x00, 0x00, 0x00, 0x00, 0x00,
    0x4F, 0x86, 0xBE, 0x01, 0x4E, 0x87, 0xBE, 0x02, 0x4E, 0x87, 0xBE, 0x02, 0x4D, 0x89, 0xC0, 0x05,
    0x48, 0x81, 0xBB, 0x09, 0x06, 0x20, 0x4C, 0xA1, 0x06, 0x20, 0x4C, 0xA1, 0x0C, 0x3A, 0x75, 0xF0,
    0x24, 0x92, 0xF5, 0xF2, 0x24, 0x92, 0xF5, 0xF2, 0x10, 0x84, 0xF4, 0xF9, 0x19, 0x8F, 0xF9, 0xF9,
    0x1D, 0x93, 0xFB, 0xFA, 0x1D, 0x93, 0xFB, 0xFA, 0x20, 0x98, 0xFC, 0xFA, 0x26, 0x99, 0xFB, 0xFB,
    0x2B, 0x9E, 0xF9, 0xFB, 0x2B, 0x9E, 0xF9, 0xFB, 0x2B, 0x9F, 0xF8, 0xFB, 0x3A, 0xAA, 0xF7, 0xFC,
    0x3A, 0xAA, 0xF7, 0xFC, 0x46, 0xA6, 0xF4, 0xFC, 0x2E, 0x80, 0xD4, 0xFC, 0x16, 0x69, 0xC3, 0xFC,
    0x16, 0x69, 0xC3, 0xFC, 0x1F, 0x6F, 0xC0, 0xFC, 0x35, 0x88, 0xD6, 0xFC, 0x42, 0xA0, 0xF1, 0xFD,
    0x42, 0xA0, 0xF1, 0xFD, 0x37, 0xA5, 0xFA, 0xFD, 0x2A, 0x9F, 0xFC, 0xFD, 0x2C, 0xA1, 0xFD, 0xFD,
    0x2C, 0xA1, 0xFD, 0xFD, 0x32, 0xA4, 0xFE, 0xFD, 0x40, 0xAA, 0xFE, 0xFD, 0x40, 0xAA, 0xFE, 0xFD,
    0x66, 0xC0, 0xFE, 0xFD, 0x91, 0xD5, 0xFF, 0xFD, 0x8E, 0xD3, 0xFF, 0xFD, 0x8E, 0xD3, 0xFF, 0xFD,
    0x62, 0xBB, 0xFE, 0xFD, 0x4F, 0xB2, 0xFE, 0xFD, 0x4F, 0xB1, 0xFE, 0xFD, 0x4F, 0xB1, 0xFE, 0xFD,
    0x4E, 0xB1, 0xFD, 0xFD, 0x4B, 0xB1, 0xFD, 0xFD, 0x4B, 0xB1, 0xFD, 0xFD, 0x46, 0xB1, 0xFD, 0xFD,
    0x46, 0xB3, 0xFD, 0xFD, 0x45, 0xB0, 0xFB, 0xFD, 0x45, 0xB0, 0xFB, 0xFD, 0x2A, 0x8C, 0xE0, 0xFD,
    0x2B, 0x86, 0xDA, 0xFD, 0x17, 0x63, 0xAD, 0xFD, 0x17, 0x63, 0xAD, 0xFD, 0x09, 0x31, 0x6B, 0xFD,
    0x05, 0x28, 0x4F, 0xFD, 0x05, 0x29, 0x49, 0xFD, 0x05, 0x29, 0x49, 0xFD, 0x02, 0x20, 0x3F, 0xFD,
    0x04, 0x2E, 0x60, 0xFD, 0x04, 0x2E, 0x60, 0xFD, 0x30, 0x93, 0xEA, 0xFD, 0x41, 0xB1, 0xFF, 0xFD,
    0x40, 0xAB, 0xFE, 0xFD, 0x40, 0xAB, 0xFE, 0xFD, 0x41, 0xAB, 0xFE, 0xFD, 0x3E, 0xA8, 0xFE, 0xFD,
    0x3C, 0xA8, 0xFE, 0xFD, 0x3C, 0xA8, 0xFE, 0xFD, 0x3B, 0xA7, 0xFE, 0xFD, 0x3A, 0xA6, 0xFE, 0xFD,
    0x3A, 0xA6, 0xFE, 0xFD, 0x35, 0xA2, 0xFD, 0xFD, 0x28, 0x96, 0xFB, 0xFD, 0x1D, 0x8A, 0xF8, 0xFC,
    0x1D, 0x8A, 0xF8, 0xFC, 0x1A, 0x86, 0xF9, 0xFC, 0x14, 0x7E, 0xF2, 0xFC, 0x0E, 0x78, 0xED, 0xFC,
    0x0E, 0x78, 0xED, 0xFC, 0x1E, 0x87, 0xF3, 0xFC, 0x14, 0x4A, 0xA0, 0xFB, 0x00, 0x08, 0x3D, 0xFB,
    0x00, 0x08, 0x3D, 0xFB, 0x20, 0x6F, 0xCF, 0xFA, 0x2B, 0x9F, 0xF7, 0xFA, 0x2B, 0x9F, 0xF7, 0xFA,
    0x20, 0x95, 0xF8, 0xF9, 0x1C, 0x8E, 0xF6, 0xF8, 0x25, 0x98, 0xF3, 0xF6, 0x25, 0x98, 0xF3, 0xF6,
    0x19, 0x5F, 0xAA, 0xF2, 0x03, 0x1D, 0x47, 0xD6, 0x27, 0x64, 0xA2, 0x3E, 0x27, 0x64, 0xA2, 0x3E,
    0x3A, 0x84, 0xCC, 0x07, 0x36, 0x7E, 0xC3, 0x0C, 0x36, 0x7E, 0xC3, 0x0C, 0x3A, 0x7F, 0xC4, 0x06,
    0x3A, 0x7E, 0xC2, 0x05, 0x3A, 0x7E, 0xC2, 0x02, 0x3A, 0x7E, 0xC2, 0x02, 0x3B, 0x7E, 0xC1, 0x02,
    0x00, 0x00, 0x00, 0x00, 0x00, 0x00, 0x00, 0x00, 0x00, 0x00, 0x00, 0x00, 0x00, 0x00, 0x00, 0x00,
    0x00, 0x00, 0x00, 0x00, 0x00, 0x00, 0x00, 0x00, 0x00, 0x00, 0x00, 0x00, 0x00, 0x00, 0x00, 0x00,
    0x00, 0x00, 0x00, 0x00, 0x00, 0x00, 0x00, 0x00, 0x00, 0x00, 0x00, 0x00, 0x00, 0x00, 0x00, 0x00,
    0x00, 0x00, 0x00, 0x00, 0x00, 0x00, 0x00, 0x00, 0x00, 0x00, 0x00, 0x00, 0x00, 0x00, 0x00, 0x00,
    0x00, 0x00, 0x00, 0x00, 0x00, 0x00, 0x00, 0x00, 0x00, 0x00, 0x00, 0x00, 0x00, 0x00, 0x00, 0x00,
    0x00, 0x00, 0x00, 0x00, 0x00, 0x00, 0x00, 0x00, 0x00, 0x00, 0x00, 0x00, 0x00, 0x00, 0x00, 0x00,
    0x4F, 0x85, 0xBD, 0x02, 0x4E, 0x86, 0xBD, 0x03, 0x4E, 0x86, 0xBD, 0x03, 0x4D, 0x87, 0xC0, 0x02,
    0x45, 0x7E, 0xB8, 0x12, 0x09, 0x24, 0x4D, 0xAD, 0x09, 0x24, 0x4D, 0xAD, 0x04, 0x26, 0x5F, 0xF3,
    0x1B, 0x82, 0xEC, 0xF6, 0x1B, 0x82, 0xEC, 0xF6, 0x12, 0x84, 0xF5, 0xF9, 0x18, 0x8C, 0xF9, 0xFA,
    0x1E, 0x91, 0xFA, 0xFA, 0x1E, 0x91, 0xFA, 0xFA, 0x22, 0x96, 0xFA, 0xFA, 0x28, 0x98, 0xF8, 0xFB,
    0x28, 0x9A, 0xF6, 0xFB, 0x28, 0x9A, 0xF6, 0xFB, 0x39, 0xA3, 0xF4, 0xFB, 0x43, 0x8C, 0xD7, 0xFC,
    0x43, 0x8C, 0xD7, 0xFC, 0x0D, 0x24, 0x40, 0xFC, 0x12, 0x28, 0x3A, 0xFC, 0x64, 0x84, 0x9D, 0xFC,
    0x64, 0x84, 0x9D, 0xFC, 0x18, 0x26, 0x38, 0xFC, 0x00, 0x00, 0x00, 0xFD, 0x0A, 0x1A, 0x39, 0xFD,
    0x0A, 0x1A, 0x39, 0xFD, 0x3E, 0x92, 0xDF, 0xFD, 0x36, 0xA3, 0xFB, 0xFD, 0x23, 0x98, 0xFC, 0xFD,
    0x23, 0x98, 0xFC, 0xFD, 0x33, 0xA4, 0xFD, 0xFD, 0x45, 0xAC, 0xFD, 0xFD, 0x45, 0xAC, 0xFD, 0xFD,
    0x6C, 0xC1, 0xFD, 0xFD, 0xA1, 0xD7, 0xFE, 0xFD, 0xA7, 0xDA, 0xFE, 0xFD, 0xA7, 0xDA, 0xFE, 0xFD,
    0x77, 0xC4, 0xFE, 0xFD, 0x54, 0xB3, 0xFD, 0xFD, 0x51, 0xB2, 0xFC, 0xFD, 0x51, 0xB2, 0xFC, 0xFD,
    0x51, 0xB3, 0xFC, 0xFD, 0x44, 0xAC, 0xFC, 0xFD, 0x44, 0xAC, 0xFC, 0xFD, 0x49, 0xBA, 0xFE, 0xFD,
    0x46, 0xAF, 0xFA, 0xFD, 0x1C, 0x62, 0xAA, 0xFD, 0x1C, 0x62, 0xAA, 0xFD, 0x16, 0x58, 0x9D, 0xFD,
    0x51, 0xB1, 0xF3, 0xFD, 0x16, 0x5E, 0xA1, 0xFD, 0x16, 0x5E, 0xA1, 0xFD, 0x07, 0x2B, 0x67, 0xFD,
    0x15, 0x4C, 0x85, 0xFD, 0x16, 0x5A, 0x94, 0xFD, 0x16, 0x5A, 0x94, 0xFD, 0x0D, 0x42, 0x7C, 0xFD,
    0x07, 0x38, 0x74, 0xFD, 0x07, 0x38, 0x74, 0xFD, 0x2F, 0x90, 0xE2, 0xFD, 0x40, 0xB0, 0xFF, 0xFD,
    0x3F, 0xAA, 0xFE, 0xFD, 0x3F, 0xAA, 0xFE, 0xFD, 0x41, 0xAA, 0xFE, 0xFD, 0x40, 0xAA, 0xFE, 0xFD,
    0x3E, 0xA8, 0xFD, 0xFD, 0x3E, 0xA8, 0xFD, 0xFD, 0x3D, 0xA6, 0xFD, 0xFD, 0x3C, 0xA6, 0xFD, 0xFD,
    0x3C, 0xA6, 0xFD, 0xFD, 0x39, 0xA4, 0xFE, 0xFD, 0x30, 0x9C, 0xFD, 0xFD, 0x22, 0x8C, 0xF8, 0xFC,
    0x22, 0x8C, 0xF8, 0xFC, 0x19, 0x82, 0xF5, 0xFC, 0x17, 0x80, 0xF2, 0xFC, 0x0E, 0x76, 0xEB, 0xFC,
    0x0E, 0x76, 0xEB, 0xFC, 0x20, 0x83, 0xF3, 0xFC, 0x0C, 0x33, 0x85, 0xFB, 0x01, 0x13, 0x51, 0xFB,
    0x01, 0x13, 0x51, 0xFB, 0x31, 0x8B, 0xE8, 0xFA, 0x24, 0x94, 0xF5, 0xFB, 0x24, 0x94, 0xF5, 0xFB,
    0x23, 0x94, 0xF7, 0xF9, 0x18, 0x82, 0xF1, 0xFA, 0x20, 0x91, 0xF6, 0xF8, 0x20, 0x91, 0xF6, 0xF8,
    0x1D, 0x6B, 0xC4, 0xF5, 0x00, 0x03, 0x19, 0xD9, 0x23, 0x57, 0x91, 0x4A, 0x23, 0x57, 0x91, 0x4A,
    0x3A, 0x87, 0xCC, 0x0F, 0x35, 0x7D, 0xC0, 0x10, 0x35, 0x7D, 0xC0, 0x10, 0x3A, 0x7E, 0xC3, 0x08,
    0x3A, 0x7E, 0xC2, 0x05, 0x3A, 0x7E, 0xC2, 0x03, 0x3A, 0x7E, 0xC2, 0x03, 0x3B, 0x7E, 0xC1, 0x02,
    0x00, 0x00, 0x00, 0x00, 0x00, 0x00, 0x00, 0x00, 0x00, 0x00, 0x00, 0x00, 0x00, 0x00, 0x00, 0x00,
    0x00, 0x00, 0x00, 0x00, 0x00, 0x00, 0x00, 0x00, 0x00, 0x00, 0x00, 0x00, 0x00, 0x00, 0x00, 0x00,
    0x00, 0x00, 0x00, 0x00, 0x00, 0x00, 0x00, 0x00, 0x00, 0x00, 0x00, 0x00, 0x00, 0x00, 0x00, 0x00,
    0x00, 0x00, 0x00, 0x00, 0x00, 0x00, 0x00, 0x00, 0x00, 0x00, 0x00, 0x00, 0x00, 0x00, 0x00, 0x00,
    0x00, 0x00, 0x00, 0x00, 0x00, 0x00, 0x00, 0x00, 0x00, 0x00, 0x00, 0x00, 0x00, 0x00, 0x00, 0x00,
    0x00, 0x00, 0x00, 0x00, 0x00, 0x00, 0x00, 0x00, 0x00, 0x00, 0x00, 0x00, 0x00, 0x00, 0x00, 0x00,
    0x4F, 0x85, 0xBD, 0x02, 0x4E, 0x86, 0xBD, 0x03, 0x4E, 0x86, 0xBD, 0x03, 0x4D, 0x87, 0xC0, 0x02,
    0x45, 0x7E, 0xB8, 0x12, 0x09, 0x24, 0x4D, 0xAD, 0x09, 0x24, 0x4D, 0xAD, 0x04, 0x26, 0x5F, 0xF3,
    0x1B, 0x82, 0xEC, 0xF6, 0x1B, 0x82, 0xEC, 0xF6, 0x12, 0x84, 0xF5, 0xF9, 0x18, 0x8C, 0xF9, 0xFA,
    0x1E, 0x91, 0xFA, 0xFA, 0x1E, 0x91, 0xFA, 0xFA, 0x22, 0x96, 0xFA, 0xFA, 0x28, 0x98, 0xF8, 0xFB,
    0x28, 0x9A, 0xF6, 0xFB, 0x28, 0x9A, 0xF6, 0xFB, 0x39, 0xA3, 0xF4, 0xFB, 0x43, 0x8C, 0xD7, 0xFC,
    0x43, 0x8C, 0xD7, 0xFC, 0x0D, 0x24, 0x40, 0xFC, 0x12, 0x28, 0x3A, 0xFC, 0x64, 0x84, 0x9D, 0xFC,
    0x64, 0x84, 0x9D, 0xFC, 0x18, 0x26, 0x38, 0xFC, 0x00, 0x00, 0x00, 0xFD, 0x0A, 0x1A, 0x39, 0xFD,
    0x0A, 0x1A, 0x39, 0xFD, 0x3E, 0x92, 0xDF, 0xFD, 0x36, 0xA3, 0xFB, 0xFD, 0x23, 0x98, 0xFC, 0xFD,
    0x23, 0x98, 0xFC, 0xFD, 0x33, 0xA4, 0xFD, 0xFD, 0x45, 0xAC, 0xFD, 0xFD, 0x45, 0xAC, 0xFD, 0xFD,
    0x6C, 0xC1, 0xFD, 0xFD, 0xA1, 0xD7, 0xFE, 0xFD, 0xA7, 0xDA, 0xFE, 0xFD, 0xA7, 0xDA, 0xFE, 0xFD,
    0x77, 0xC4, 0xFE, 0xFD, 0x54, 0xB3, 0xFD, 0xFD, 0x51, 0xB2, 0xFC, 0xFD, 0x51, 0xB2, 0xFC, 0xFD,
    0x51, 0xB3, 0xFC, 0xFD, 0x44, 0xAC, 0xFC, 0xFD, 0x44, 0xAC, 0xFC, 0xFD, 0x49, 0xBA, 0xFE, 0xFD,
    0x46, 0xAF, 0xFA, 0xFD, 0x1C, 0x62, 0xAA, 0xFD, 0x1C, 0x62, 0xAA, 0xFD, 0x16, 0x58, 0x9D, 0xFD,
    0x51, 0xB1, 0xF3, 0xFD, 0x16, 0x5E, 0xA1, 0xFD, 0x16, 0x5E, 0xA1, 0xFD, 0x07, 0x2B, 0x67, 0xFD,
    0x15, 0x4C, 0x85, 0xFD, 0x16, 0x5A, 0x94, 0xFD, 0x16, 0x5A, 0x94, 0xFD, 0x0D, 0x42, 0x7C, 0xFD,
    0x07, 0x38, 0x74, 0xFD, 0x07, 0x38, 0x74, 0xFD, 0x2F, 0x90, 0xE2, 0xFD, 0x40, 0xB0, 0xFF, 0xFD,
    0x3F, 0xAA, 0xFE, 0xFD, 0x3F, 0xAA, 0xFE, 0xFD, 0x41, 0xAA, 0xFE, 0xFD, 0x40, 0xAA, 0xFE, 0xFD,
    0x3E, 0xA8, 0xFD, 0xFD, 0x3E, 0xA8, 0xFD, 0xFD, 0x3D, 0xA6, 0xFD, 0xFD, 0x3C, 0xA6, 0xFD, 0xFD,
    0x3C, 0xA6, 0xFD, 0xFD, 0x39, 0xA4, 0xFE, 0xFD, 0x30, 0x9C, 0xFD, 0xFD, 0x22, 0x8C, 0xF8, 0xFC,
    0x22, 0x8C, 0xF8, 0xFC, 0x19, 0x82, 0xF5, 0xFC, 0x17, 0x80, 0xF2, 0xFC, 0x0E, 0x76, 0xEB, 0xFC,
    0x0E, 0x76, 0xEB, 0xFC, 0x20, 0x83, 0xF3, 0xFC, 0x0C, 0x33, 0x85, 0xFB, 0x01, 0x13, 0x51, 0xFB,
    0x01, 0x13, 0x51, 0xFB, 0x31, 0x8B, 0xE8, 0xFA, 0x24, 0x94, 0xF5, 0xFB, 0x24, 0x94, 0xF5, 0xFB,
    0x23, 0x94, 0xF7, 0xF9, 0x18, 0x82, 0xF1, 0xFA, 0x20, 0x91, 0xF6, 0xF8, 0x20, 0x91, 0xF6, 0xF8,
    0x1D, 0x6B, 0xC4, 0xF5, 0x00, 0x03, 0x19, 0xD9, 0x23, 0x57, 0x91, 0x4A, 0x23, 0x57, 0x91, 0x4A,
    0x3A, 0x87, 0xCC, 0x0F, 0x35, 0x7D, 0xC0, 0x10, 0x35, 0x7D, 0xC0, 0x10, 0x3A, 0x7E, 0xC3, 0x08,
    0x3A, 0x7E, 0xC2, 0x05, 0x3A, 0x7E, 0xC2, 0x03, 0x3A, 0x7E, 0xC2, 0x03, 0x3B, 0x7E, 0xC1, 0x02,
    0x00, 0x00, 0x00, 0x00, 0x00, 0x00, 0x00, 0x00, 0x00, 0x00, 0x00, 0x00, 0x00, 0x00, 0x00, 0x00,
    0x00, 0x00, 0x00, 0x00, 0x00, 0x00, 0x00, 0x00, 0x00, 0x00, 0x00, 0x00, 0x00, 0x00, 0x00, 0x00,
    0x00, 0x00, 0x00, 0x00, 0x00, 0x00, 0x00, 0x00, 0x00, 0x00, 0x00, 0x00, 0x00, 0x00, 0x00, 0x00,
    0x00, 0x00, 0x00, 0x00, 0x00, 0x00, 0x00, 0x00, 0x00, 0x00, 0x00, 0x00, 0x00, 0x00, 0x00, 0x00,
    0x00, 0x00, 0x00, 0x00, 0x00, 0x00, 0x00, 0x00, 0x00, 0x00, 0x00, 0x00, 0x00, 0x00, 0x00, 0x00,
    0x00, 0x00, 0x00, 0x00, 0x00, 0x00, 0x00, 0x00, 0x00, 0x00, 0x00, 0x00, 0x00, 0x00, 0x00, 0x00,
    0x4F, 0x85, 0xBC, 0x02, 0x4F, 0x86, 0xBC, 0x04, 0x4F, 0x86, 0xBC, 0x04, 0x4D, 0x87, 0xC1, 0x01,
    0x42, 0x7A, 0xAF, 0x31, 0x1D, 0x4A, 0x71, 0xDE, 0x1D, 0x4A, 0x71, 0xDE, 0x20, 0x64, 0xA8, 0xF3,
    0x21, 0x8D, 0xF3, 0xF6, 0x21, 0x8D, 0xF3, 0xF6, 0x15, 0x88, 0xF7, 0xF9, 0x18, 0x8C, 0xF9, 0xFA,
    0x1E, 0x90, 0xF9, 0xFA, 0x1E, 0x90, 0xF9, 0xFA, 0x24, 0x96, 0xF8, 0xFA, 0x28, 0x96, 0xF6, 0xFB,
    0x2D, 0x9E, 0xF4, 0xFB, 0x2D, 0x9E, 0xF4, 0xFB, 0x46, 0xAA, 0xF1, 0xFB, 0x17, 0x2E, 0x47, 0xFC,
    0x17, 0x2E, 0x47, 0xFC, 0x02, 0x00, 0x00, 0xFC, 0x99, 0x98, 0x8C, 0xFC, 0xF7, 0xF8, 0xF7, 0xFC,
    0xF7, 0xF8, 0xF7, 0xFC, 0x7B, 0x88, 0x89, 0xFC, 0x00, 0x00, 0x00, 0xFC, 0x00, 0x00, 0x00, 0xFD,
    0x00, 0x00, 0x00, 0xFD, 0x0B, 0x27, 0x4C, 0xFD, 0x45, 0x9D, 0xF2, 0xFD, 0x2F, 0x9F, 0xF9, 0xFD,
    0x2F, 0x9F, 0xF9, 0xFD, 0x33, 0xA5, 0xFA, 0xFD, 0x49, 0xB0, 0xFA, 0xFD, 0x49, 0xB0, 0xFA, 0xFD,
    0x74, 0xC8, 0xFB, 0xFD, 0xAD, 0xDF, 0xFD, 0xFD, 0xBB, 0xE7, 0xFF, 0xFD, 0xBB, 0xE7, 0xFF, 0xFD,
    0x92, 0xD3, 0xFE, 0xFD, 0x60, 0xB9, 0xFC, 0xFD, 0x56, 0xB3, 0xF9, 0xFD, 0x56, 0xB3, 0xF9, 0xFD,
    0x52, 0xB6, 0xFA, 0xFD, 0x45, 0xB5, 0xFE, 0xFD, 0x45, 0xB5, 0xFE, 0xFD, 0x43, 0xB1, 0xFF, 0xFD,
    0x22, 0x6C, 0xB2, 0xFD, 0x04, 0x1A, 0x45, 0xFD, 0x04, 0x1A, 0x45, 0xFD, 0x07, 0x23, 0x51, 0xFD,
    0x2E, 0x77, 0xB0, 0xFD, 0x3C, 0xA1, 0xE4, 0xFD, 0x3C, 0xA1, 0xE4, 0xFD, 0x33, 0x95, 0xE9, 0xFD,
    0x35, 0xA0, 0xEF, 0xFD, 0x37, 0xA9, 0xF4, 0xFD, 0x37, 0xA9, 0xF4, 0xFD, 0x2C, 0x92, 0xE4, 0xFD,
    0x2E, 0x92, 0xE3, 0xFD, 0x2E, 0x92, 0xE3, 0xFD, 0x3B, 0xAF, 0xFD, 0xFD, 0x41, 0xB3, 0xFF, 0xFD,
    0x41, 0xAC, 0xFF, 0xFD, 0x41, 0xAC, 0xFF, 0xFD, 0x41, 0xAB, 0xFF, 0xFD, 0x41, 0xAB, 0xFF, 0xFD,
    0x42, 0xAD, 0xFF, 0xFD, 0x42, 0xAD, 0xFF, 0xFD, 0x3F, 0xA8, 0xFE, 0xFD, 0x3E, 0xA8, 0xFE, 0xFD,
    0x3E, 0xA8, 0xFE, 0xFD, 0x3C, 0xA6, 0xFD, 0xFD, 0x33, 0x9E, 0xFD, 0xFC, 0x26, 0x90, 0xFA, 0xFC,
    0x26, 0x90, 0xFA, 0xFC, 0x1E, 0x88, 0xF8, 0xFC, 0x16, 0x80, 0xF3, 0xFC, 0x13, 0x7E, 0xF0, 0xFC,
    0x13, 0x7E, 0xF0, 0xFC, 0x20, 0x7D, 0xE7, 0xFC, 0x00, 0x18, 0x63, 0xFB, 0x0D, 0x40, 0x98, 0xFB,
    0x0D, 0x40, 0x98, 0xFB, 0x36, 0xA7, 0xF7, 0xFA, 0x20, 0x94, 0xF6, 0xFA, 0x20, 0x94, 0xF6, 0xFA,
    0x24, 0x99, 0xF9, 0xF9, 0x21, 0x99, 0xF9, 0xF9, 0x22, 0x9B, 0xF8, 0xF6, 0x22, 0x9B, 0xF8, 0xF6,
    0x15, 0x67, 0xC0, 0xF8, 0x01, 0x14, 0x38, 0xDA, 0x36, 0x79, 0xB2, 0x73, 0x36, 0x79, 0xB2, 0x73,
    0x36, 0x88, 0xCC, 0x1D, 0x33, 0x7C, 0xBF, 0x0D, 0x33, 0x7C, 0xBF, 0x0D, 0x39, 0x7E, 0xC2, 0x0A,
    0x3A, 0x7E, 0xC1, 0x05, 0x3A, 0x7E, 0xC1, 0x04, 0x3A, 0x7E, 0xC1, 0x04, 0x3B, 0x7D, 0xC1, 0x02,
    0x00, 0x00, 0x00, 0x00, 0x00, 0x00, 0x00, 0x00, 0x00, 0x00, 0x00, 0x00, 0x00, 0x00, 0x00, 0x00,
    0x00, 0x00, 0x00, 0x00, 0x00, 0x00, 0x00, 0x00, 0x00, 0x00, 0x00, 0x00, 0x00, 0x00, 0x00, 0x00,
    0x00, 0x00, 0x00, 0x00, 0x00, 0x00, 0x00, 0x00, 0x00, 0x00, 0x00, 0x00, 0x00, 0x00, 0x00, 0x00,
    0x00, 0x00, 0x00, 0x00, 0x00, 0x00, 0x00, 0x00, 0x00, 0x00, 0x00, 0x00, 0x00, 0x00, 0x00, 0x00,
    0x00, 0x00, 0x00, 0x00, 0x00, 0x00, 0x00, 0x00, 0x00, 0x00, 0x00, 0x00, 0x00, 0x00, 0x00, 0x00,
    0x00, 0x00, 0x00, 0x00, 0x00, 0x00, 0x00, 0x00, 0x00, 0x00, 0x00, 0x00, 0x00, 0x00, 0x00, 0x00,
    0x50, 0x85, 0xBA, 0x02, 0x4D, 0x85, 0xB9, 0x06, 0x4D, 0x85, 0xB9, 0x06, 0x00, 0x00, 0x00, 0x00,
    0x29, 0x4E, 0x7B, 0x46, 0x0B, 0x2D, 0x5B, 0xED, 0x0B, 0x2D, 0x5B, 0xED, 0x35, 0x98, 0xE9, 0xF2,
    0x1C, 0x8D, 0xF8, 0xF7, 0x1C, 0x8D, 0xF8, 0xF7, 0x14, 0x84, 0xF8, 0xF9, 0x1A, 0x8C, 0xFA, 0xFA,
    0x1F, 0x8E, 0xF8, 0xFA, 0x1F, 0x8E, 0xF8, 0xFA, 0x25, 0x93, 0xF6, 0xFA, 0x2C, 0x95, 0xF3, 0xFB,
    0x33, 0x9D, 0xF3, 0xFB, 0x33, 0x9D, 0xF3, 0xFB, 0x46, 0x9C, 0xEC, 0xFC, 0x09, 0x14, 0x1C, 0xFC,
    0x09, 0x14, 0x1C, 0xFC, 0x0B, 0x08, 0x00, 0xFC, 0x5C, 0x5C, 0x52, 0xFC, 0x8C, 0x92, 0x90, 0xFC,
    0x8C, 0x92, 0x90, 0xFC, 0x1B, 0x29, 0x2D, 0xFC, 0x00, 0x02, 0x00, 0xFC, 0x03, 0x04, 0x01, 0xFD,
    0x03, 0x04, 0x01, 0xFD, 0x00, 0x00, 0x00, 0xFD, 0x3E, 0x78, 0xBA, 0xFD, 0x45, 0xA7, 0xF6, 0xFD,
    0x45, 0xA7, 0xF6, 0xFD, 0x34, 0x9E, 0xF5, 0xFD, 0x53, 0xB1, 0xF7, 0xFD, 0x53, 0xB1, 0xF7, 0xFD,
    0x83, 0xCE, 0xF9, 0xFD, 0xB8, 0xE3, 0xFB, 0xFD, 0xC9, 0xED, 0xFE, 0xFD, 0xC9, 0xED, 0xFE, 0xFD,
    0xB5, 0xE1, 0xFE, 0xFD, 0x7B, 0xC7, 0xFB, 0xFD, 0x5C, 0xB3, 0xF6, 0xFD, 0x5C, 0xB3, 0xF6, 0xFD,
    0x53, 0xB1, 0xF8, 0xFD, 0x4C, 0xBC, 0xFF, 0xFD, 0x4C, 0xBC, 0xFF, 0xFD, 0x35, 0x8E, 0xE9, 0xFD,
    0x05, 0x22, 0x56, 0xFD, 0x02, 0x0F, 0x2A, 0xFD, 0x02, 0x0F, 0x2A, 0xFD, 0x05, 0x12, 0x2E, 0xFD,
    0x04, 0x10, 0x32, 0xFD, 0x24, 0x6E, 0xB4, 0xFD, 0x24, 0x6E, 0xB4, 0xFD, 0x36, 0xAD, 0xFD, 0xFD,
    0x2C, 0x9F, 0xF7, 0xFD, 0x2F, 0xA3, 0xF8, 0xFD, 0x2F, 0xA3, 0xF8, 0xFD, 0x34, 0xA9, 0xFC, 0xFD,
    0x3A, 0xB2, 0xFE, 0xFD, 0x3A, 0xB2, 0xFE, 0xFD, 0x3D, 0xB3, 0xFE, 0xFD, 0x3F, 0xAE, 0xFE, 0xFD,
    0x45, 0xB2, 0xFF, 0xFD, 0x45, 0xB2, 0xFF, 0xFD, 0x44, 0xB1, 0xFF, 0xFD, 0x3E, 0xA7, 0xFF, 0xFD,
    0x39, 0xA3, 0xFF, 0xFD, 0x39, 0xA3, 0xFF, 0xFD, 0x32, 0x9C, 0xFB, 0xFD, 0x2E, 0x99, 0xFA, 0xFD,
    0x2E, 0x99, 0xFA, 0xFD, 0x2A, 0x91, 0xF6, 0xFD, 0x2C, 0x95, 0xFB, 0xFD, 0x24, 0x8E, 0xFB, 0xFC,
    0x24, 0x8E, 0xFB, 0xFC, 0x20, 0x8D, 0xFA, 0xFC, 0x13, 0x78, 0xEB, 0xFC, 0x12, 0x70, 0xE1, 0xFC,
    0x12, 0x70, 0xE1, 0xFC, 0x07, 0x3E, 0xA1, 0xFC, 0x06, 0x36, 0x8A, 0xFB, 0x2A, 0x80, 0xE4, 0xFB,
    0x2A, 0x80, 0xE4, 0xFB, 0x20, 0x90, 0xF7, 0xFB, 0x27, 0x9B, 0xF9, 0xFA, 0x27, 0x9B, 0xF9, 0xFA,
    0x2E, 0xA2, 0xFA, 0xFA, 0x26, 0x9B, 0xF9, 0xFA, 0x22, 0x9B, 0xF9, 0xF8, 0x22, 0x9B, 0xF9, 0xF8,
    0x08, 0x57, 0xBE, 0xF8, 0x04, 0x22, 0x63, 0xEA, 0x2A, 0x69, 0xA8, 0xD3, 0x2A, 0x69, 0xA8, 0xD3,
    0x33, 0x7B, 0xBF, 0x41, 0x35, 0x7E, 0xC3, 0x18, 0x35, 0x7E, 0xC3, 0x18, 0x38, 0x7E, 0xC3, 0x0F,
    0x39, 0x7D, 0xC1, 0x05, 0x3A, 0x7D, 0xC1, 0x03, 0x3A, 0x7D, 0xC1, 0x03, 0x3C, 0x7D, 0xC1, 0x02,
    0x00, 0x00, 0x00, 0x00, 0x00, 0x00, 0x00, 0x00, 0x00, 0x00, 0x00, 0x00, 0x00, 0x00, 0x00, 0x00,
    0x00, 0x00, 0x00, 0x00, 0x00, 0x00, 0x00, 0x00, 0x00, 0x00, 0x00, 0x00, 0x00, 0x00, 0x00, 0x00,
    0x00, 0x00, 0x00, 0x00, 0x00, 0x00, 0x00, 0x00, 0x00, 0x00, 0x00, 0x00, 0x00, 0x00, 0x00, 0x00,
    0x00, 0x00, 0x00, 0x00, 0x00, 0x00, 0x00, 0x00, 0x00, 0x00, 0x00, 0x00, 0x00, 0x00, 0x00, 0x00,
    0x00, 0x00, 0x00, 0x00, 0x00, 0x00, 0x00, 0x00, 0x00, 0x00, 0x00, 0x00, 0x00, 0x00, 0x00, 0x00,
    0x00, 0x00, 0x00, 0x00, 0x00, 0x00, 0x00, 0x00, 0x00, 0x00, 0x00, 0x00, 0x00, 0x00, 0x00, 0x00,
    0x51, 0x84, 0xB8, 0x02, 0x4E, 0x84, 0xB7, 0x06, 0x4E, 0x84, 0xB7, 0x06, 0x56, 0x8B, 0xBF, 0x04,
    0x14, 0x2E, 0x57, 0x7F, 0x0C, 0x2C, 0x5B, 0xF0, 0x0C, 0x2C, 0x5B, 0xF0, 0x34, 0x9D, 0xF0, 0xF0,
    0x19, 0x8C, 0xFA, 0xF7, 0x19, 0x8C, 0xFA, 0xF7, 0x15, 0x86, 0xFB, 0xF9, 0x1D, 0x8F, 0xFB, 0xF9,
    0x20, 0x8B, 0xF8, 0xFA, 0x20, 0x8B, 0xF8, 0xFA, 0x28, 0x93, 0xF6, 0xFA, 0x2E, 0x92, 0xF3, 0xFB,
    0x37, 0xA0, 0xF2, 0xFB, 0x37, 0xA0, 0xF2, 0xFB, 0x51, 0xA9, 0xEE, 0xFB, 0x0B, 0x1D, 0x20, 0xFC,
    0x0B, 0x1D, 0x20, 0xFC, 0x0C, 0x0D, 0x03, 0xFC, 0x00, 0x00, 0x01, 0xFC, 0x00, 0x00, 0x01, 0xFC,
    0x00, 0x00, 0x01, 0xFC, 0x00, 0x00, 0x03, 0xFC, 0x02, 0x06, 0x07, 0xFD, 0x04, 0x06, 0x06, 0xFD,
    0x04, 0x06, 0x06, 0xFD, 0x00, 0x00, 0x00, 0xFD, 0x2B, 0x54, 0x7D, 0xFD, 0x61, 0xB4, 0xF5, 0xFD,
    0x61, 0xB4, 0xF5, 0xFD, 0x50, 0xAC, 0xF4, 0xFD, 0x7B, 0xC2, 0xF4, 0xFD, 0x7B, 0xC2, 0xF4, 0xFD,
    0xAE, 0xE0, 0xF6, 0xFD, 0xCB, 0xE3, 0xF8, 0xFD, 0xD5, 0xEB, 0xFB, 0xFD, 0xD5, 0xEB, 0xFB, 0xFD,
    0xD4, 0xEA, 0xFD, 0xFD, 0xB5, 0xE5, 0xFA, 0xFD, 0x84, 0xCC, 0xF6, 0xFD, 0x84, 0xCC, 0xF6, 0xFD,
    0x65, 0xB9, 0xF7, 0xFD, 0x59, 0xC1, 0xFF, 0xFD, 0x59, 0xC1, 0xFF, 0xFD, 0x31, 0x88, 0xDB, 0xFD,
    0x03, 0x18, 0x43, 0xFD, 0x0E, 0x20, 0x3B, 0xFD, 0x0E, 0x20, 0x3B, 0xFD, 0x10, 0x1A, 0x36, 0xFD,
    0x03, 0x0D, 0x25, 0xFD, 0x1C, 0x59, 0x99, 0xFD, 0x1C, 0x59, 0x99, 0xFD, 0x36, 0xA8, 0xFB, 0xFD,
    0x30, 0xA9, 0xFA, 0xFD, 0x36, 0xAD, 0xFB, 0xFD, 0x36, 0xAD, 0xFB, 0xFD, 0x37, 0xAC, 0xFB, 0xFD,
    0x3C, 0xB0, 0xFD, 0xFD, 0x3C, 0xB0, 0xFD, 0xFD, 0x3D, 0xB0, 0xFE, 0xFD, 0x43, 0xB4, 0xFE, 0xFD,
    0x43, 0xB1, 0xFF, 0xFD, 0x43, 0xB1, 0xFF, 0xFD, 0x3F, 0xAE, 0xFF, 0xFD, 0x35, 0x9E, 0xFD, 0xFD,
    0x2A, 0x91, 0xF8, 0xFD, 0x2A, 0x91, 0xF8, 0xFD, 0x26, 0x8D, 0xF3, 0xFD, 0x27, 0x93, 0xF8, 0xFD,
    0x27, 0x93, 0xF8, 0xFD, 0x27, 0x8F, 0xF6, 0xFD, 0x28, 0x91, 0xFA, 0xFD, 0x26, 0x90, 0xFC, 0xFC,
    0x26, 0x90, 0xFC, 0xFC, 0x1F, 0x8E, 0xFB, 0xFC, 0x11, 0x7B, 0xF0, 0xFC, 0x15, 0x6F, 0xDE, 0xFC,
    0x15, 0x6F, 0xDE, 0xFC, 0x04, 0x2A, 0x7D, 0xFC, 0x17, 0x5C, 0xB1, 0xFB, 0x30, 0xA4, 0xFB, 0xFB,
    0x30, 0xA4, 0xFB, 0xFB, 0x21, 0x93, 0xF9, 0xFA, 0x30, 0xA5, 0xFA, 0xFB, 0x30, 0xA5, 0xFA, 0xFB,
    0x3D, 0xB1, 0xF9, 0xFA, 0x30, 0xA5, 0xF9, 0xFA, 0x23, 0x9F, 0xF8, 0xFA, 0x23, 0x9F, 0xF8, 0xFA,
    0x11, 0x79, 0xE6, 0xF4, 0x15, 0x59, 0xB5, 0xEF, 0x06, 0x30, 0x6F, 0xE6, 0x06, 0x30, 0x6F, 0xE6,
    0x11, 0x3B, 0x7A, 0x6A, 0x3B, 0x81, 0xCA, 0x22, 0x3B, 0x81, 0xCA, 0x22, 0x37, 0x7C, 0xC1, 0x12,
    0x39, 0x7D, 0xC0, 0x05, 0x3B, 0x7D, 0xC1, 0x03, 0x3B, 0x7D, 0xC1, 0x03, 0x3C, 0x7D, 0xC0, 0x02,
    0x00, 0x00, 0x00, 0x00, 0x00, 0x00, 0x00, 0x00, 0x00, 0x00, 0x00, 0x00, 0x00, 0x00, 0x00, 0x00,
    0x00, 0x00, 0x00, 0x00, 0x00, 0x00, 0x00, 0x00, 0x00, 0x00, 0x00, 0x00, 0x00, 0x00, 0x00, 0x00,
    0x00, 0x00, 0x00, 0x00, 0x00, 0x00, 0x00, 0x00, 0x00, 0x00, 0x00, 0x00, 0x00, 0x00, 0x00, 0x00,
    0x00, 0x00, 0x00, 0x00, 0x00, 0x00, 0x00, 0x00, 0x00, 0x00, 0x00, 0x00, 0x00, 0x00, 0x00, 0x00,
    0x00, 0x00, 0x00, 0x00, 0x00, 0x00, 0x00, 0x00, 0x00, 0x00, 0x00, 0x00, 0x00, 0x00, 0x00, 0x00,
    0x00, 0x00, 0x00, 0x00, 0x00, 0x00, 0x00, 0x00, 0x00, 0x00, 0x00, 0x00, 0x00, 0x00, 0x00, 0x00,
    0x51, 0x84, 0xB8, 0x02, 0x4E, 0x84, 0xB7, 0x06, 0x4E, 0x84, 0xB7, 0x06, 0x56, 0x8B, 0xBF, 0x04,
    0x14, 0x2E, 0x57, 0x7F, 0x0C, 0x2C, 0x5B, 0xF0, 0x0C, 0x2C, 0x5B, 0xF0, 0x34, 0x9D, 0xF0, 0xF0,
    0x19, 0x8C, 0xFA, 0xF7, 0x19, 0x8C, 0xFA, 0xF7, 0x15, 0x86, 0xFB, 0xF9, 0x1D, 0x8F, 0xFB, 0xF9,
    0x20, 0x8B, 0xF8, 0xFA, 0x20, 0x8B, 0xF8, 0xFA, 0x28, 0x93, 0xF6, 0xFA, 0x2E, 0x92, 0xF3, 0xFB,
    0x37, 0xA0, 0xF2, 0xFB, 0x37, 0xA0, 0xF2, 0xFB, 0x51, 0xA9, 0xEE, 0xFB, 0x0B, 0x1D, 0x20, 0xFC,
    0x0B, 0x1D, 0x20, 0xFC, 0x0C, 0x0D, 0x03, 0xFC, 0x00, 0x00, 0x01, 0xFC, 0x00, 0x00, 0x01, 0xFC,
    0x00, 0x00, 0x01, 0xFC, 0x00, 0x00, 0x03, 0xFC, 0x02, 0x06, 0x07, 0xFD, 0x04, 0x06, 0x06, 0xFD,
    0x04, 0x06, 0x06, 0xFD, 0x00, 0x00, 0x00, 0xFD, 0x2B, 0x54, 0x7D, 0xFD, 0x61, 0xB4, 0xF5, 0xFD,
    0x61, 0xB4, 0xF5, 0xFD, 0x50, 0xAC, 0xF4, 0xFD, 0x7B, 0xC2, 0xF4, 0xFD, 0x7B, 0xC2, 0xF4, 0xFD,
    0xAE, 0xE0, 0xF6, 0xFD, 0xCB, 0xE3, 0xF8, 0xFD, 0xD5, 0xEB, 0xFB, 0xFD, 0xD5, 0xEB, 0xFB, 0xFD,
    0xD4, 0xEA, 0xFD, 0xFD, 0xB5, 0xE5, 0xFA, 0xFD, 0x84, 0xCC, 0xF6, 0xFD, 0x84, 0xCC, 0xF6, 0xFD,
    0x65, 0xB9, 0xF7, 0xFD, 0x59, 0xC1, 0xFF, 0xFD, 0x59, 0xC1, 0xFF, 0xFD, 0x31, 0x88, 0xDB, 0xFD,
    0x03, 0x18, 0x43, 0xFD, 0x0E, 0x20, 0x3B, 0xFD, 0x0E, 0x20, 0x3B, 0xFD, 0x10, 0x1A, 0x36, 0xFD,
    0x03, 0x0D, 0x25, 0xFD, 0x1C, 0x59, 0x99, 0xFD, 0x1C, 0x59, 0x99, 0xFD, 0x36, 0xA8, 0xFB, 0xFD,
    0x30, 0xA9, 0xFA, 0xFD, 0x36, 0xAD, 0xFB, 0xFD, 0x36, 0xAD, 0xFB, 0xFD, 0x37, 0xAC, 0xFB, 0xFD,
    0x3C, 0xB0, 0xFD, 0xFD, 0x3C, 0xB0, 0xFD, 0xFD, 0x3D, 0xB0, 0xFE, 0xFD, 0x43, 0xB4, 0xFE, 0xFD,
    0x43, 0xB1, 0xFF, 0xFD, 0x43, 0xB1, 0xFF, 0xFD, 0x3F, 0xAE, 0xFF, 0xFD, 0x35, 0x9E, 0xFD, 0xFD,
    0x2A, 0x91, 0xF8, 0xFD, 0x2A, 0x91, 0xF8, 0xFD, 0x26, 0x8D, 0xF3, 0xFD, 0x27, 0x93, 0xF8, 0xFD,
    0x27, 0x93, 0xF8, 0xFD, 0x27, 0x8F, 0xF6, 0xFD, 0x28, 0x91, 0xFA, 0xFD, 0x26, 0x90, 0xFC, 0xFC,
    0x26, 0x90, 0xFC, 0xFC, 0x1F, 0x8E, 0xFB, 0xFC, 0x11, 0x7B, 0xF0, 0xFC, 0x15, 0x6F, 0xDE, 0xFC,
    0x15, 0x6F, 0xDE, 0xFC, 0x04, 0x2A, 0x7D, 0xFC, 0x17, 0x5C, 0xB1, 0xFB, 0x30, 0xA4, 0xFB, 0xFB,
    0x30, 0xA4, 0xFB, 0xFB, 0x21, 0x93, 0xF9, 0xFA, 0x30, 0xA5, 0xFA, 0xFB, 0x30, 0xA5, 0xFA, 0xFB,
    0x3D, 0xB1, 0xF9, 0xFA, 0x30, 0xA5, 0xF9, 0xFA, 0x23, 0x9F, 0xF8, 0xFA, 0x23, 0x9F, 0xF8, 0xFA,
    0x11, 0x79, 0xE6, 0xF4, 0x15, 0x59, 0xB5, 0xEF, 0x06, 0x30, 0x6F, 0xE6, 0x06, 0x30, 0x6F, 0xE6,
    0x11, 0x3B, 0x7A, 0x6A, 0x3B, 0x81, 0xCA, 0x22, 0x3B, 0x81, 0xCA, 0x22, 0x37, 0x7C, 0xC1, 0x12,
    0x39, 0x7D, 0xC0, 0x05, 0x3B, 0x7D, 0xC1, 0x03, 0x3B, 0x7D, 0xC1, 0x03, 0x3C, 0x7D, 0xC0, 0x02,
    0x00, 0x00, 0x00, 0x00, 0x00, 0x00, 0x00, 0x00, 0x00, 0x00, 0x00, 0x00, 0x00, 0x00, 0x00, 0x00,
    0x00, 0x00, 0x00, 0x00, 0x00, 0x00, 0x00, 0x00, 0x00, 0x00, 0x00, 0x00, 0x00, 0x00, 0x00, 0x00,
    0x00, 0x00, 0x00, 0x00, 0x00, 0x00, 0x00, 0x00, 0x00, 0x00, 0x00, 0x00, 0x00, 0x00, 0x00, 0x00,
    0x00, 0x00, 0x00, 0x00, 0x00, 0x00, 0x00, 0x00, 0x00, 0x00, 0x00, 0x00, 0x00, 0x00, 0x00, 0x00,
    0x00, 0x00, 0x00, 0x00, 0x00, 0x00, 0x00, 0x00, 0x00, 0x00, 0x00, 0x00, 0x00, 0x00, 0x00, 0x00,
    0x00, 0x00, 0x00, 0x00, 0x00, 0x00, 0x00, 0x00, 0x00, 0x00, 0x00, 0x00, 0x00, 0x00, 0x00, 0x00,
    0x52, 0x82, 0xB6, 0x03, 0x4F, 0x83, 0xB5, 0x06, 0x4F, 0x83, 0xB5, 0x06, 0x52, 0x88, 0xBA, 0x05,
    0x34, 0x5B, 0x89, 0x64, 0x12, 0x35, 0x63, 0xE5, 0x12, 0x35, 0x63, 0xE5, 0x31, 0x8D, 0xD6, 0xF6,
    0x28, 0x9D, 0xFA, 0xF7, 0x28, 0x9D, 0xFA, 0xF7, 0x16, 0x83, 0xF9, 0xF9, 0x1E, 0x90, 0xFB, 0xFA,
    0x20, 0x8A, 0xF8, 0xFA, 0x20, 0x8A, 0xF8, 0xFA, 0x2C, 0x93, 0xF7, 0xFA, 0x32, 0x92, 0xF3, 0xFB,
    0x32, 0x96, 0xF2, 0xFB, 0x32, 0x96, 0xF2, 0xFB, 0x59, 0xAE, 0xF2, 0xFC, 0x1F, 0x3A, 0x4F, 0xFC,
    0x1F, 0x3A, 0x4F, 0xFC, 0x03, 0x01, 0x01, 0xFC, 0x18, 0x20, 0x21, 0xFC, 0x0B, 0x11, 0x16, 0xFC,
    0x0B, 0x11, 0x16, 0xFC, 0x08, 0x0F, 0x13, 0xFC, 0x03, 0x05, 0x08, 0xFC, 0x08, 0x08, 0x0A, 0xFD,
    0x08, 0x08, 0x0A, 0xFD, 0x00, 0x00, 0x00, 0xFD, 0x17, 0x2D, 0x50, 0xFD, 0x87, 0xC7, 0xF5, 0xFD,
    0x87, 0xC7, 0xF5, 0xFD, 0x90, 0xCA, 0xF3, 0xFD, 0xB6, 0xD9, 0xF2, 0xFD, 0xB6, 0xD9, 0xF2, 0xFD,
    0xD8, 0xEB, 0xF4, 0xFD, 0xDD, 0xE5, 0xF1, 0xFD, 0xE6, 0xF2, 0xF8, 0xFD, 0xE6, 0xF2, 0xF8, 0xFD,
    0xE5, 0xEE, 0xF8, 0xFD, 0xDF, 0xF3, 0xFA, 0xFD, 0xD0, 0xED, 0xF7, 0xFD, 0xD0, 0xED, 0xF7, 0xFD,
    0xB0, 0xE3, 0xF8, 0xFD, 0x8D, 0xDD, 0xFF, 0xFD, 0x8D, 0xDD, 0xFF, 0xFD, 0x52, 0xA2, 0xE9, 0xFD,
    0x05, 0x1B, 0x4C, 0xFD, 0x01, 0x0B, 0x29, 0xFD, 0x01, 0x0B, 0x29, 0xFD, 0x03, 0x0D, 0x2E, 0xFD,
    0x04, 0x1A, 0x42, 0xFD, 0x27, 0x77, 0xC3, 0xFD, 0x27, 0x77, 0xC3, 0xFD, 0x33, 0xA3, 0xFC, 0xFD,
    0x30, 0xA4, 0xFA, 0xFD, 0x34, 0xAA, 0xFB, 0xFD, 0x34, 0xAA, 0xFB, 0xFD, 0x3B, 0xA9, 0xFB, 0xFD,
    0x45, 0xB1, 0xFD, 0xFD, 0x45, 0xB1, 0xFD, 0xFD, 0x4B, 0xB4, 0xFD, 0xFD, 0x4D, 0xB5, 0xFE, 0xFD,
    0x48, 0xAC, 0xFE, 0xFD, 0x48, 0xAC, 0xFE, 0xFD, 0x42, 0xAD, 0xFE, 0xFD, 0x3B, 0xA7, 0xFE, 0xFD,
    0x37, 0xA0, 0xFE, 0xFD, 0x37, 0xA0, 0xFE, 0xFD, 0x32, 0x9A, 0xFB, 0xFD, 0x35, 0xA0, 0xFD, 0xFD,
    0x35, 0xA0, 0xFD, 0xFD, 0x2D, 0x96, 0xFB, 0xFD, 0x2A, 0x93, 0xFB, 0xFD, 0x25, 0x8C, 0xF9, 0xFC,
    0x25, 0x8C, 0xF9, 0xFC, 0x16, 0x79, 0xED, 0xFC, 0x11, 0x7B, 0xEE, 0xFC, 0x14, 0x64, 0xCD, 0xFC,
    0x14, 0x64, 0xCD, 0xFC, 0x01, 0x12, 0x55, 0xFC, 0x0E, 0x4B, 0xA7, 0xFB, 0x31, 0xA5, 0xFE, 0xFB,
    0x31, 0xA5, 0xFE, 0xFB, 0x2E, 0xA3, 0xFC, 0xFB, 0x3E, 0xAE, 0xFB, 0xFB, 0x3E, 0xAE, 0xFB, 0xFB,
    0x3D, 0xA6, 0xF8, 0xFA, 0x40, 0xAE, 0xF8, 0xFA, 0x25, 0x9D, 0xF8, 0xFA, 0x25, 0x9D, 0xF8, 0xFA,
    0x15, 0x8E, 0xF6, 0xF8, 0x1A, 0x7B, 0xE2, 0xF3, 0x00, 0x12, 0x4D, 0xF1, 0x00, 0x12, 0x4D, 0xF1,
    0x0E, 0x2D, 0x66, 0x95, 0x3C, 0x81, 0xC7, 0x25, 0x3C, 0x81, 0xC7, 0x25, 0x36, 0x7B, 0xC0, 0x14,
    0x38, 0x7C, 0xC0, 0x05, 0x3B, 0x7D, 0xC0, 0x03, 0x3B, 0x7D, 0xC0, 0x03, 0x3B, 0x7D, 0xC0, 0x02,
    0x00, 0x00, 0x00, 0x00, 0x00, 0x00, 0x00, 0x00, 0x00, 0x00, 0x00, 0x00, 0x00, 0x00, 0x00, 0x00,
    0x00, 0x00, 0x00, 0x00, 0x00, 0x00, 0x00, 0x00, 0x00, 0x00, 0x00, 0x00, 0x00, 0x00, 0x00, 0x00,
    0x00, 0x00, 0x00, 0x00, 0x00, 0x00, 0x00, 0x00, 0x00, 0x00, 0x00, 0x00, 0x00, 0x00, 0x00, 0x00,
    0x00, 0x00, 0x00, 0x00, 0x00, 0x00, 0x00, 0x00, 0x00, 0x00, 0x00, 0x00, 0x00, 0x00, 0x00, 0x00,
    0x00, 0x00, 0x00, 0x00, 0x00, 0x00, 0x00, 0x00, 0x00, 0x00, 0x00, 0x00, 0x00, 0x00, 0x00, 0x00,
    0x00, 0x00, 0x00, 0x00, 0x00, 0x00, 0x00, 0x00, 0x00, 0x00, 0x00, 0x00, 0x00, 0x00, 0x00, 0x00,
    0x52, 0x82, 0xB5, 0x02, 0x51, 0x81, 0xB5, 0x05, 0x51, 0x81, 0xB5, 0x05, 0x4E, 0x81, 0xB4, 0x02,
    0x51, 0x84, 0xB5, 0x20, 0x26, 0x4F, 0x76, 0xBA, 0x26, 0x4F, 0x76, 0xBA, 0x06, 0x2B, 0x60, 0xF8,
    0x12, 0x5D, 0xC1, 0xF4, 0x12, 0x5D, 0xC1, 0xF4, 0x12, 0x7B, 0xF3, 0xF9, 0x1B, 0x8D, 0xFA, 0xFA,
    0x23, 0x90, 0xFA, 0xFA, 0x23, 0x90, 0xFA, 0xFA, 0x2C, 0x94, 0xF9, 0xFA, 0x32, 0x95, 0xF7, 0xFB,
    0x2F, 0x98, 0xF6, 0xFB, 0x2F, 0x98, 0xF6, 0xFB, 0x50, 0xB1, 0xF7, 0xFC, 0x59, 0x90, 0xC3, 0xFC,
    0x59, 0x90, 0xC3, 0xFC, 0x03, 0x0A, 0x0F, 0xFC, 0x07, 0x08, 0x0A, 0xFC, 0x07, 0x07, 0x0A, 0xFC,
    0x07, 0x07, 0x0A, 0xFC, 0x0C, 0x14, 0x10, 0xFC, 0x09, 0x0E, 0x0A, 0xFD, 0x0A, 0x0A, 0x0B, 0xFD,
    0x0A, 0x0A, 0x0B, 0xFD, 0x00, 0x00, 0x00, 0xFD, 0x2D, 0x4B, 0x75, 0xFD, 0xB6, 0xE4, 0xF8, 0xFD,
    0xB6, 0xE4, 0xF8, 0xFD, 0xB9, 0xDD, 0xF7, 0xFD, 0xD3, 0xEE, 0xF7, 0xFD, 0xD3, 0xEE, 0xF7, 0xFD,
    0xEF, 0xF7, 0xF8, 0xFD, 0xEF, 0xF7, 0xFA, 0xFD, 0xF6, 0xFB, 0xFC, 0xFD, 0xF6, 0xFB, 0xFC, 0xFD,
    0xF4, 0xFA, 0xFD, 0xFD, 0xF1, 0xFB, 0xFC, 0xFD, 0xE6, 0xF4, 0xF8, 0xFD, 0xE6, 0xF4, 0xF8, 0xFD,
    0xDF, 0xF2, 0xFA, 0xFD, 0xC5, 0xF0, 0xFF, 0xFD, 0xC5, 0xF0, 0xFF, 0xFD, 0xA1, 0xE1, 0xFF, 0xFD,
    0x4D, 0x89, 0xC5, 0xFD, 0x19, 0x3D, 0x74, 0xFD, 0x19, 0x3D, 0x74, 0xFD, 0x12, 0x2C, 0x68, 0xFD,
    0x26, 0x61, 0xAB, 0xFD, 0x46, 0xB2, 0xF8, 0xFD, 0x46, 0xB2, 0xF8, 0xFD, 0x44, 0xB3, 0xFD, 0xFD,
    0x4C, 0xB1, 0xFA, 0xFD, 0x57, 0xBA, 0xFC, 0xFD, 0x57, 0xBA, 0xFC, 0xFD, 0x62, 0xBF, 0xFD, 0xFD,
    0x68, 0xC2, 0xFE, 0xFD, 0x68, 0xC2, 0xFE, 0xFD, 0x6C, 0xC5, 0xFE, 0xFD, 0x71, 0xCD, 0xFF, 0xFD,
    0x64, 0xC3, 0xFF, 0xFD, 0x64, 0xC3, 0xFF, 0xFD, 0x55, 0xBA, 0xFF, 0xFD, 0x47, 0xAF, 0xFE, 0xFD,
    0x44, 0xB1, 0xFF, 0xFD, 0x44, 0xB1, 0xFF, 0xFD, 0x3C, 0xA5, 0xFE, 0xFD, 0x30, 0x96, 0xFA, 0xFD,
    0x30, 0x96, 0xFA, 0xFD, 0x2A, 0x93, 0xF9, 0xFD, 0x2B, 0x97, 0xFC, 0xFD, 0x21, 0x8A, 0xF7, 0xFC,
    0x21, 0x8A, 0xF7, 0xFC, 0x11, 0x73, 0xE7, 0xFC, 0x11, 0x73, 0xE4, 0xFC, 0x19, 0x5E, 0xB6, 0xFC,
    0x19, 0x5E, 0xB6, 0xFC, 0x00, 0x0C, 0x45, 0xFC, 0x16, 0x58, 0xB4, 0xFB, 0x3C, 0xB4, 0xFF, 0xFB,
    0x3C, 0xB4, 0xFF, 0xFB, 0x35, 0xA9, 0xFD, 0xFB, 0x41, 0xAE, 0xFB, 0xFB, 0x41, 0xAE, 0xFB, 0xFB,
    0x49, 0xB3, 0xF9, 0xFB, 0x3F, 0xB1, 0xF8, 0xFA, 0x28, 0x9F, 0xF8, 0xF9, 0x28, 0x9F, 0xF8, 0xF9,
    0x12, 0x8C, 0xF6, 0xF9, 0x14, 0x7C, 0xE3, 0xF2, 0x00, 0x14, 0x4D, 0xF2, 0x00, 0x14, 0x4D, 0xF2,
    0x12, 0x34, 0x68, 0x9E, 0x3B, 0x82, 0xC4, 0x28, 0x3B, 0x82, 0xC4, 0x28, 0x36, 0x7B, 0xBF, 0x13,
    0x39, 0x7D, 0xC0, 0x06, 0x3B, 0x7E, 0xC0, 0x03, 0x3B, 0x7E, 0xC0, 0x03, 0x3C, 0x7E, 0xBF, 0x02,
    0x00, 0x00, 0x00, 0x00, 0x00, 0x00, 0x00, 0x00, 0x00, 0x00, 0x00, 0x00, 0x00, 0x00, 0x00, 0x00,
    0x00, 0x00, 0x00, 0x00, 0x00, 0x00, 0x00, 0x00, 0x00, 0x00, 0x00, 0x00, 0x00, 0x00, 0x00, 0x00,
    0x00, 0x00, 0x00, 0x00, 0x00, 0x00, 0x00, 0x00, 0x00, 0x00, 0x00, 0x00, 0x00, 0x00, 0x00, 0x00,
    0x00, 0x00, 0x00, 0x00, 0x00, 0x00, 0x00, 0x00, 0x00, 0x00, 0x00, 0x00, 0x00, 0x00, 0x00, 0x00,
    0x00, 0x00, 0x00, 0x00, 0x00, 0x00, 0x00, 0x00, 0x00, 0x00, 0x00, 0x00, 0x00, 0x00, 0x00, 0x00,
    0x00, 0x00, 0x00, 0x00, 0x00, 0x00, 0x00, 0x00, 0x00, 0x00, 0x00, 0x00, 0x00, 0x00, 0x00, 0x00,
    0x52, 0x82, 0xB5, 0x02, 0x51, 0x81, 0xB5, 0x05, 0x51, 0x81, 0xB5, 0x05, 0x4E, 0x81, 0xB4, 0x02,
    0x51, 0x84, 0xB5, 0x20, 0x26, 0x4F, 0x76, 0xBA, 0x26, 0x4F, 0x76, 0xBA, 0x06, 0x2B, 0x60, 0xF8,
    0x12, 0x5D, 0xC1, 0xF4, 0x12, 0x5D, 0xC1, 0xF4, 0x12, 0x7B, 0xF3, 0xF9, 0x1B, 0x8D, 0xFA, 0xFA,
    0x23, 0x90, 0xFA, 0xFA, 0x23, 0x90, 0xFA, 0xFA, 0x2C, 0x94, 0xF9, 0xFA, 0x32, 0x95, 0xF7, 0xFB,
    0x2F, 0x98, 0xF6, 0xFB, 0x2F, 0x98, 0xF6, 0xFB, 0x50, 0xB1, 0xF7, 0xFC, 0x59, 0x90, 0xC3, 0xFC,
    0x59, 0x90, 0xC3, 0xFC, 0x03, 0x0A, 0x0F, 0xFC, 0x07, 0x08, 0x0A, 0xFC, 0x07, 0x07, 0x0A, 0xFC,
    0x07, 0x07, 0x0A, 0xFC, 0x0C, 0x14, 0x10, 0xFC, 0x09, 0x0E, 0x0A, 0xFD, 0x0A, 0x0A, 0x0B, 0xFD,
    0x0A, 0x0A, 0x0B, 0xFD, 0x00, 0x00, 0x00, 0xFD, 0x2D, 0x4B, 0x75, 0xFD, 0xB6, 0xE4, 0xF8, 0xFD,
    0xB6, 0xE4, 0xF8, 0xFD, 0xB9, 0xDD, 0xF7, 0xFD, 0xD3, 0xEE, 0xF7, 0xFD, 0xD3, 0xEE, 0xF7, 0xFD,
    0xEF, 0xF7, 0xF8, 0xFD, 0xEF, 0xF7, 0xFA, 0xFD, 0xF6, 0xFB, 0xFC, 0xFD, 0xF6, 0xFB, 0xFC, 0xFD,
    0xF4, 0xFA, 0xFD, 0xFD, 0xF1, 0xFB, 0xFC, 0xFD, 0xE6, 0xF4, 0xF8, 0xFD, 0xE6, 0xF4, 0xF8, 0xFD,
    0xDF, 0xF2, 0xFA, 0xFD, 0xC5, 0xF0, 0xFF, 0xFD, 0xC5, 0xF0, 0xFF, 0xFD, 0xA1, 0xE1, 0xFF, 0xFD,
    0x4D, 0x89, 0xC5, 0xFD, 0x19, 0x3D, 0x74, 0xFD, 0x19, 0x3D, 0x74, 0xFD, 0x12, 0x2C, 0x68, 0xFD,
    0x26, 0x61, 0xAB, 0xFD, 0x46, 0xB2, 0xF8, 0xFD, 0x46, 0xB2, 0xF8, 0xFD, 0x44, 0xB3, 0xFD, 0xFD,
    0x4C, 0xB1, 0xFA, 0xFD, 0x57, 0xBA, 0xFC, 0xFD, 0x57, 0xBA, 0xFC, 0xFD, 0x62, 0xBF, 0xFD, 0xFD,
    0x68, 0xC2, 0xFE, 0xFD, 0x68, 0xC2, 0xFE, 0xFD, 0x6C, 0xC5, 0xFE, 0xFD, 0x71, 0xCD, 0xFF, 0xFD,
    0x64, 0xC3, 0xFF, 0xFD, 0x64, 0xC3, 0xFF, 0xFD, 0x55, 0xBA, 0xFF, 0xFD, 0x47, 0xAF, 0xFE, 0xFD,
    0x44, 0xB1, 0xFF, 0xFD, 0x44, 0xB1, 0xFF, 0xFD, 0x3C, 0xA5, 0xFE, 0xFD, 0x30, 0x96, 0xFA, 0xFD,
    0x30, 0x96, 0xFA, 0xFD, 0x2A, 0x93, 0xF9, 0xFD, 0x2B, 0x97, 0xFC, 0xFD, 0x21, 0x8A, 0xF7, 0xFC,
    0x21, 0x8A, 0xF7, 0xFC, 0x11, 0x73, 0xE7, 0xFC, 0x11, 0x73, 0xE4, 0xFC, 0x19, 0x5E, 0xB6, 0xFC,
    0x19, 0x5E, 0xB6, 0xFC, 0x00, 0x0C, 0x45, 0xFC, 0x16, 0x58, 0xB4, 0xFB, 0x3C, 0xB4, 0xFF, 0xFB,
    0x3C, 0xB4, 0xFF, 0xFB, 0x35, 0xA9, 0xFD, 0xFB, 0x41, 0xAE, 0xFB, 0xFB, 0x41, 0xAE, 0xFB, 0xFB,
    0x49, 0xB3, 0xF9, 0xFB, 0x3F, 0xB1, 0xF8, 0xFA, 0x28, 0x9F, 0xF8, 0xF9, 0x28, 0x9F, 0xF8, 0xF9,
    0x12, 0x8C, 0xF6, 0xF9, 0x14, 0x7C, 0xE3, 0xF2, 0x00, 0x14, 0x4D, 0xF2, 0x00, 0x14, 0x4D, 0xF2,
    0x12, 0x34, 0x68, 0x9E, 0x3B, 0x82, 0xC4, 0x28, 0x3B, 0x82, 0xC4, 0x28, 0x36, 0x7B, 0xBF, 0x13,
    0x39, 0x7D, 0xC0, 0x06, 0x3B, 0x7E, 0xC0, 0x03, 0x3B, 0x7E, 0xC0, 0x03, 0x3C, 0x7E, 0xBF, 0x02,
    0x00, 0x00, 0x00, 0x00, 0x00, 0x00, 0x00, 0x00, 0x00, 0x00, 0x00, 0x00, 0x00, 0x00, 0x00, 0x00,
    0x00, 0x00, 0x00, 0x00, 0x00, 0x00, 0x00, 0x00, 0x00, 0x00, 0x00, 0x00, 0x00, 0x00, 0x00, 0x00,
    0x00, 0x00, 0x00, 0x00, 0x00, 0x00, 0x00, 0x00, 0x00, 0x00, 0x00, 0x00, 0x00, 0x00, 0x00, 0x00,
    0x00, 0x00, 0x00, 0x00, 0x00, 0x00, 0x00, 0x00, 0x00, 0x00, 0x00, 0x00, 0x00, 0x00, 0x00, 0x00,
    0x00, 0x00, 0x00, 0x00, 0x00, 0x00, 0x00, 0x00, 0x00, 0x00, 0x00, 0x00, 0x00, 0x00, 0x00, 0x00,
    0x00, 0x00, 0x00, 0x00, 0x00, 0x00, 0x00, 0x00, 0x00, 0x00, 0x00, 0x00, 0x00, 0x00, 0x00, 0x00,
    0x52, 0x81, 0xB3, 0x01, 0x51, 0x81, 0xB3, 0x04, 0x51, 0x81, 0xB3, 0x04, 0x4E, 0x7F, 0xAF, 0x07,
    0x52, 0x82, 0xB3, 0x02, 0x2C, 0x4D, 0x6D, 0x88, 0x2C, 0x4D, 0x6D, 0x88, 0x02, 0x13, 0x2E, 0xF7,
    0x1B, 0x5E, 0xB5, 0xF4, 0x1B, 0x5E, 0xB5, 0xF4, 0x1E, 0x86, 0xF9, 0xF9, 0x13, 0x7B, 0xF2, 0xF9,
    0x20, 0x8C, 0xFA, 0xFA, 0x20, 0x8C, 0xFA, 0xFA, 0x2A, 0x94, 0xFB, 0xFA, 0x2F, 0x96, 0xFA, 0xFB,
    0x2D, 0x96, 0xFA, 0xFB, 0x2D, 0x96, 0xFA, 0xFB, 0x36, 0x95, 0xF7, 0xFC, 0x65, 0xBA, 0xF8, 0xFC,
    0x65, 0xBA, 0xF8, 0xFC, 0x61, 0x97, 0xC8, 0xFC, 0x25, 0x42, 0x53, 0xFC, 0x06, 0x08, 0x0B, 0xFC,
    0x06, 0x08, 0x0B, 0xFC, 0x02, 0x00, 0x00, 0xFC, 0x03, 0x05, 0x06, 0xFD, 0x00, 0x00, 0x05, 0xFD,
    0x00, 0x00, 0x05, 0xFD, 0x09, 0x10, 0x2C, 0xFD, 0x8E, 0xB1, 0xD8, 0xFD, 0xCA, 0xEF, 0xFB, 0xFD,
    0xCA, 0xEF, 0xFB, 0xFD, 0xC7, 0xE9, 0xFB, 0xFD, 0xB6, 0xD8, 0xF6, 0xFD, 0xB6, 0xD8, 0xF6, 0xFD,
    0x85, 0x9E, 0xCF, 0xFD, 0x86, 0x9F, 0xC9, 0xFD, 0x7F, 0x95, 0xC1, 0xFD, 0x7F, 0x95, 0xC1, 0xFD,
    0x66, 0x75, 0xA6, 0xFD, 0xB6, 0xCF, 0xE8, 0xFD, 0xE9, 0xF8, 0xFC, 0xFD, 0xE9, 0xF8, 0xFC, 0xFD,
    0xE8, 0xF5, 0xFB, 0xFD, 0xE3, 0xF1, 0xFB, 0xFD, 0xE3, 0xF1, 0xFB, 0xFD, 0xD9, 0xFA, 0xFF, 0xFD,
    0xC2, 0xF5, 0xFF, 0xFD, 0xA9, 0xDF, 0xFC, 0xFD, 0xA9, 0xDF, 0xFC, 0xFD, 0x9A, 0xCD, 0xF9, 0xFD,
    0x97, 0xDB, 0xFF, 0xFD, 0x8B, 0xDE, 0xFF, 0xFD, 0x8B, 0xDE, 0xFF, 0xFD, 0x8C, 0xDC, 0xFE, 0xFD,
    0x98, 0xDC, 0xFE, 0xFD, 0xA2, 0xE2, 0xFE, 0xFD, 0xA2, 0xE2, 0xFE, 0xFD, 0xA1, 0xDB, 0xFE, 0xFD,
    0x9D, 0xDF, 0xFF, 0xFD, 0x9D, 0xDF, 0xFF, 0xFD, 0x8D, 0xD7, 0xFF, 0xFD, 0x7F, 0xD3, 0xFF, 0xFD,
    0x69, 0xC9, 0xFF, 0xFD, 0x69, 0xC9, 0xFF, 0xFD, 0x55, 0xBC, 0xFF, 0xFD, 0x47, 0xAD, 0xFE, 0xFD,
    0x43, 0xAA, 0xFE, 0xFD, 0x43, 0xAA, 0xFE, 0xFD, 0x38, 0xA1, 0xFE, 0xFD, 0x2F, 0x9B, 0xFD, 0xFD,
    0x2F, 0x9B, 0xFD, 0xFD, 0x26, 0x91, 0xF9, 0xFD, 0x20, 0x88, 0xF7, 0xFD, 0x15, 0x77, 0xEA, 0xFC,
    0x15, 0x77, 0xEA, 0xFC, 0x12, 0x77, 0xE8, 0xFC, 0x12, 0x64, 0xD0, 0xFC, 0x03, 0x24, 0x74, 0xFC,
    0x03, 0x24, 0x74, 0xFC, 0x00, 0x14, 0x5A, 0xFC, 0x1B, 0x6A, 0xCC, 0xFB, 0x3A, 0xB2, 0xFE, 0xFB,
    0x3A, 0xB2, 0xFE, 0xFB, 0x37, 0xAA, 0xFD, 0xFB, 0x3D, 0xA6, 0xFA, 0xFB, 0x3D, 0xA6, 0xFA, 0xFB,
    0x45, 0xB4, 0xF9, 0xFA, 0x3B, 0xAE, 0xF9, 0xFB, 0x22, 0x97, 0xF8, 0xFA, 0x22, 0x97, 0xF8, 0xFA,
    0x12, 0x89, 0xF5, 0xF9, 0x15, 0x77, 0xE0, 0xF4, 0x00, 0x14, 0x4D, 0xF3, 0x00, 0x14, 0x4D, 0xF3,
    0x0F, 0x34, 0x6A, 0xA3, 0x3A, 0x80, 0xC3, 0x2A, 0x3A, 0x80, 0xC3, 0x2A, 0x36, 0x7A, 0xBE, 0x13,
    0x39, 0x7D, 0xC0, 0x06, 0x3A, 0x7D, 0xC0, 0x03, 0x3A, 0x7D, 0xC0, 0x03, 0x3C, 0x7D, 0xBF, 0x02,
    0x00, 0x00, 0x00, 0x00, 0x00, 0x00, 0x00, 0x00, 0x00, 0x00, 0x00, 0x00, 0x00, 0x00, 0x00, 0x00,
    0x00, 0x00, 0x00, 0x00, 0x00, 0x00, 0x00, 0x00, 0x00, 0x00, 0x00, 0x00, 0x00, 0x00, 0x00, 0x00,
    0x00, 0x00, 0x00, 0x00, 0x00, 0x00, 0x00, 0x00, 0x00, 0x00, 0x00, 0x00, 0x00, 0x00, 0x00, 0x00,
    0x00, 0x00, 0x00, 0x00, 0x00, 0x00, 0x00, 0x00, 0x00, 0x00, 0x00, 0x00, 0x00, 0x00, 0x00, 0x00,
    0x00, 0x00, 0x00, 0x00, 0x00, 0x00, 0x00, 0x00, 0x00, 0x00, 0x00, 0x00, 0x00, 0x00, 0x00, 0x00,
    0x00, 0x00, 0x00, 0x00, 0x00, 0x00, 0x00, 0x00, 0x00, 0x00, 0x00, 0x00, 0x00, 0x00, 0x00, 0x00,
    0x53, 0x81, 0xB1, 0x01, 0x51, 0x81, 0xB0, 0x01, 0x51, 0x81, 0xB0, 0x01, 0x4F, 0x80, 0xAD, 0x05,
    0x00, 0x00, 0x00, 0x00, 0x32, 0x55, 0x75, 0x80, 0x32, 0x55, 0x75, 0x80, 0x0B, 0x26, 0x42, 0xF4,
    0x3A, 0x8F, 0xD7, 0xF0, 0x3A, 0x8F, 0xD7, 0xF0, 0x24, 0x92, 0xF7, 0xF7, 0x14, 0x7B, 0xF2, 0xF9,
    0x22, 0x8D, 0xF9, 0xF9, 0x22, 0x8D, 0xF9, 0xF9, 0x2C, 0x97, 0xFC, 0xF9, 0x2D, 0x96, 0xFB, 0xFB,
    0x34, 0x9D, 0xFB, 0xFB, 0x34, 0x9D, 0xFB, 0xFB, 0x36, 0x97, 0xF9, 0xFC, 0x41, 0x9A, 0xF7, 0xFC,
    0x41, 0x9A, 0xF7, 0xFC, 0x61, 0xBD, 0xF9, 0xFC, 0x6C, 0xC2, 0xF4, 0xFC, 0x2E, 0x5C, 0x98, 0xFC,
    0x2E, 0x5C, 0x98, 0xFC, 0x01, 0x0E, 0x3A, 0xFC, 0x08, 0x18, 0x45, 0xFC, 0x43, 0x6C, 0xA1, 0xFC,
    0x43, 0x6C, 0xA1, 0xFC, 0x9B, 0xB7, 0xE3, 0xFD, 0xD9, 0xF2, 0xF9, 0xFD, 0xD7, 0xED, 0xF8, 0xFD,
    0xD7, 0xED, 0xF8, 0xFD, 0xE1, 0xF2, 0xFA, 0xFD, 0xA0, 0xB5, 0xD9, 0xFD, 0xA0, 0xB5, 0xD9, 0xFD,
    0x1E, 0x2D, 0x64, 0xFD, 0x11, 0x1F, 0x5A, 0xFD, 0x1F, 0x2A, 0x62, 0xFD, 0x1F, 0x2A, 0x62, 0xFD,
    0x3E, 0x46, 0x7B, 0xFD, 0xBF, 0xCF, 0xEA, 0xFD, 0xEA, 0xF5, 0xFC, 0xFD, 0xEA, 0xF5, 0xFC, 0xFD,
    0xF1, 0xF9, 0xFD, 0xFD, 0xEE, 0xF6, 0xFA, 0xFD, 0xEE, 0xF6, 0xFA, 0xFD, 0xEF, 0xFA, 0xFC, 0xFD,
    0xE6, 0xF4, 0xFB, 0xFD, 0xE3, 0xF6, 0xFD, 0xFD, 0xE3, 0xF6, 0xFD, 0xFD, 0xDC, 0xF2, 0xFE, 0xFD,
    0xD2, 0xF4, 0xFE, 0xFD, 0xBA, 0xE9, 0xFD, 0xFD, 0xBA, 0xE9, 0xFD, 0xFD, 0xB1, 0xEB, 0xFE, 0xFD,
    0xA9, 0xE5, 0xFE, 0xFD, 0xA3, 0xE3, 0xFE, 0xFD, 0xA3, 0xE3, 0xFE, 0xFD, 0x92, 0xD5, 0xFD, 0xFD,
    0x82, 0xD3, 0xFE, 0xFD, 0x82, 0xD3, 0xFE, 0xFD, 0x6B, 0xC5, 0xFD, 0xFD, 0x5B, 0xBB, 0xFE, 0xFD,
    0x4F, 0xB2, 0xFD, 0xFD, 0x4F, 0xB2, 0xFD, 0xFD, 0x4D, 0xB2, 0xFE, 0xFD, 0x49, 0xB0, 0xFF, 0xFD,
    0x3E, 0xA3, 0xFE, 0xFD, 0x3E, 0xA3, 0xFE, 0xFD, 0x37, 0xA1, 0xFE, 0xFD, 0x30, 0xA0, 0xFD, 0xFD,
    0x30, 0xA0, 0xFD, 0xFD, 0x24, 0x91, 0xF9, 0xFD, 0x1C, 0x87, 0xF3, 0xFD, 0x11, 0x72, 0xE4, 0xFC,
    0x11, 0x72, 0xE4, 0xFC, 0x13, 0x6B, 0xD8, 0xFC, 0x0A, 0x49, 0xA3, 0xFC, 0x02, 0x24, 0x74, 0xFC,
    0x02, 0x24, 0x74, 0xFC, 0x04, 0x38, 0x92, 0xFC, 0x20, 0x87, 0xE8, 0xFB, 0x2E, 0xA8, 0xFE, 0xFC,
    0x2E, 0xA8, 0xFE, 0xFC, 0x38, 0xAF, 0xFD, 0xFB, 0x3A, 0xA9, 0xFB, 0xFB, 0x3A, 0xA9, 0xFB, 0xFB,
    0x3A, 0xA8, 0xF9, 0xFB, 0x31, 0xA3, 0xF9, 0xFB, 0x1F, 0x94, 0xF9, 0xFA, 0x1F, 0x94, 0xF9, 0xFA,
    0x12, 0x8A, 0xF6, 0xF9, 0x16, 0x79, 0xDF, 0xF5, 0x00, 0x18, 0x4E, 0xF3, 0x00, 0x18, 0x4E, 0xF3,
    0x11, 0x36, 0x69, 0xA1, 0x39, 0x80, 0xC1, 0x2A, 0x39, 0x80, 0xC1, 0x2A, 0x36, 0x7B, 0xBC, 0x13,
    0x39, 0x7C, 0xBE, 0x06, 0x3A, 0x7D, 0xBE, 0x02, 0x3A, 0x7D, 0xBE, 0x02, 0x3C, 0x7D, 0xBE, 0x02,
    0x00, 0x00, 0x00, 0x00, 0x00, 0x00, 0x00, 0x00, 0x00, 0x00, 0x00, 0x00, 0x00, 0x00, 0x00, 0x00,
    0x00, 0x00, 0x00, 0x00, 0x00, 0x00, 0x00, 0x00, 0x00, 0x00, 0x00, 0x00, 0x00, 0x00, 0x00, 0x00,
    0x00, 0x00, 0x00, 0x00, 0x00, 0x00, 0x00, 0x00, 0x00, 0x00, 0x00, 0x00, 0x00, 0x00, 0x00, 0x00,
    0x00, 0x00, 0x00, 0x00, 0x00, 0x00, 0x00, 0x00, 0x00, 0x00, 0x00, 0x00, 0x00, 0x00, 0x00, 0x00,
    0x00, 0x00, 0x00, 0x00, 0x00, 0x00, 0x00, 0x00, 0x00, 0x00, 0x00, 0x00, 0x00, 0x00, 0x00, 0x00,
    0x00, 0x00, 0x00, 0x00, 0x00, 0x00, 0x00, 0x00, 0x00, 0x00, 0x00, 0x00, 0x00, 0x00, 0x00, 0x00,
    0x54, 0x81, 0xAF, 0x02, 0x52, 0x80, 0xAE, 0x01, 0x52, 0x80, 0xAE, 0x01, 0x50, 0x7F, 0xAB, 0x06,
    0x51, 0x7F, 0xAB, 0x01, 0x4A, 0x73, 0x97, 0x2C, 0x4A, 0x73, 0x97, 0x2C, 0x24, 0x44, 0x67, 0xB0,
    0x16, 0x45, 0x8B, 0xF6, 0x16, 0x45, 0x8B, 0xF6, 0x1C, 0x73, 0xE0, 0xF5, 0x25, 0x96, 0xF6, 0xF7,
    0x23, 0x89, 0xF7, 0xFA, 0x23, 0x89, 0xF7, 0xFA, 0x24, 0x84, 0xF5, 0xFA, 0x2F, 0x8F, 0xF9, 0xFA,
    0x33, 0x98, 0xFA, 0xFB, 0x33, 0x98, 0xFA, 0xFB, 0x34, 0x93, 0xF9, 0xFC, 0x3C, 0x9D, 0xFA, 0xFB,
    0x3C, 0x9D, 0xFA, 0xFB, 0x34, 0x91, 0xF5, 0xFC, 0x3D, 0x99, 0xF8, 0xFC, 0x51, 0xA6, 0xF7, 0xFC,
    0x51, 0xA6, 0xF7, 0xFC, 0x78, 0xBA, 0xF4, 0xFC, 0x98, 0xC5, 0xF2, 0xFC, 0xC0, 0xEA, 0xFB, 0xFC,
    0xC0, 0xEA, 0xFB, 0xFC, 0xD2, 0xE9, 0xFA, 0xFD, 0xE1, 0xEE, 0xF6, 0xFD, 0xE5, 0xED, 0xF1, 0xFD,
    0xE5, 0xED, 0xF1, 0xFD, 0xF0, 0xF6, 0xF9, 0xFD, 0xE7, 0xEF, 0xF7, 0xFD, 0xE7, 0xEF, 0xF7, 0xFD,
    0xBA, 0xCE, 0xE5, 0xFD, 0x3E, 0x4A, 0x79, 0xFD, 0x5B, 0x60, 0x8B, 0xFD, 0x5B, 0x60, 0x8B, 0xFD,
    0xCF, 0xD6, 0xE9, 0xFD, 0xEE, 0xF6, 0xFB, 0xFD, 0xEB, 0xF2, 0xF7, 0xFD, 0xEB, 0xF2, 0xF7, 0xFD,
    0xF1, 0xF7, 0xFA, 0xFD, 0xEF, 0xF5, 0xF8, 0xFD, 0xEF, 0xF5, 0xF8, 0xFD, 0xF4, 0xF9, 0xFB, 0xFD,
    0xF9, 0xFC, 0xFC, 0xFD, 0xF0, 0xF2, 0xF9, 0xFD, 0xF0, 0xF2, 0xF9, 0xFD, 0xED, 0xEB, 0xF8, 0xFD,
    0xEE, 0xF3, 0xFA, 0xFD, 0xDA, 0xEE, 0xFB, 0xFD, 0xDA, 0xEE, 0xFB, 0xFD, 0xB8, 0xE2, 0xFD, 0xFD,
    0x87, 0xC8, 0xF9, 0xFD, 0x6A, 0xBF, 0xFB, 0xFD, 0x6A, 0xBF, 0xFB, 0xFD, 0x62, 0xBC, 0xFB, 0xFD,
    0x5B, 0xBC, 0xFD, 0xFD, 0x5B, 0xBC, 0xFD, 0xFD, 0x56, 0xB8, 0xFD, 0xFD, 0x57, 0xBA, 0xFF, 0xFD,
    0x54, 0xB4, 0xFF, 0xFD, 0x54, 0xB4, 0xFF, 0xFD, 0x52, 0xB5, 0xFF, 0xFD, 0x4B, 0xAE, 0xFE, 0xFD,
    0x45, 0xAB, 0xFE, 0xFD, 0x45, 0xAB, 0xFE, 0xFD, 0x34, 0x9B, 0xFD, 0xFD, 0x29, 0x93, 0xFB, 0xFD,
    0x29, 0x93, 0xFB, 0xFD, 0x1E, 0x88, 0xF4, 0xFD, 0x19, 0x85, 0xF2, 0xFC, 0x19, 0x7C, 0xE6, 0xFC,
    0x19, 0x7C, 0xE6, 0xFC, 0x09, 0x47, 0xA6, 0xFC, 0x00, 0x10, 0x6C, 0xFC, 0x12, 0x5A, 0xB7, 0xFC,
    0x12, 0x5A, 0xB7, 0xFC, 0x04, 0x44, 0xB1, 0xFC, 0x0E, 0x72, 0xDF, 0xFC, 0x2A, 0xA1, 0xFD, 0xFB,
    0x2A, 0xA1, 0xFD, 0xFB, 0x2B, 0xA0, 0xFD, 0xFB, 0x34, 0xA9, 0xFC, 0xFC, 0x34, 0xA9, 0xFC, 0xFC,
    0x31, 0x9F, 0xFA, 0xFB, 0x29, 0x96, 0xF9, 0xFB, 0x1C, 0x90, 0xFA, 0xFB, 0x1C, 0x90, 0xFA, 0xFB,
    0x10, 0x84, 0xF4, 0xFA, 0x14, 0x77, 0xDD, 0xF5, 0x00, 0x16, 0x50, 0xF4, 0x00, 0x16, 0x50, 0xF4,
    0x10, 0x34, 0x68, 0xA0, 0x39, 0x7E, 0xBF, 0x28, 0x39, 0x7E, 0xBF, 0x28, 0x35, 0x7A, 0xBC, 0x14,
    0x39, 0x7C, 0xBE, 0x06, 0x3B, 0x7C, 0xBE, 0x02, 0x3B, 0x7C, 0xBE, 0x02, 0x3C, 0x7C, 0xBD, 0x02,
    0x00, 0x00, 0x00, 0x00, 0x00, 0x00, 0x00, 0x00, 0x00, 0x00, 0x00, 0x00, 0x00, 0x00, 0x00, 0x00,
    0x00, 0x00, 0x00, 0x00, 0x00, 0x00, 0x00, 0x00, 0x00, 0x00, 0x00, 0x00, 0x00, 0x00, 0x00, 0x00,
    0x00, 0x00, 0x00, 0x00, 0x00, 0x00, 0x00, 0x00, 0x00, 0x00, 0x00, 0x00, 0x00, 0x00, 0x00, 0x00,
    0x00, 0x00, 0x00, 0x00, 0x00, 0x00, 0x00, 0x00, 0x00, 0x00, 0x00, 0x00, 0x00, 0x00, 0x00, 0x00,
    0x00, 0x00, 0x00, 0x00, 0x00, 0x00, 0x00, 0x00, 0x00, 0x00, 0x00, 0x00, 0x00, 0x00, 0x00, 0x00,
    0x00, 0x00, 0x00, 0x00, 0x00, 0x00, 0x00, 0x00, 0x00, 0x00, 0x00, 0x00, 0x00, 0x00, 0x00, 0x00,
    0x54, 0x81, 0xAF, 0x02, 0x52, 0x80, 0xAE, 0x01, 0x52, 0x80, 0xAE, 0x01, 0x50, 0x7F, 0xAB, 0x06,
    0x51, 0x7F, 0xAB, 0x01, 0x4A, 0x73, 0x97, 0x2C, 0x4A, 0x73, 0x97, 0x2C, 0x24, 0x44, 0x67, 0xB0,
    0x16, 0x45, 0x8B, 0xF6, 0x16, 0x45, 0x8B, 0xF6, 0x1C, 0x73, 0xE0, 0xF5, 0x25, 0x96, 0xF6, 0xF7,
    0x23, 0x89, 0xF7, 0xFA, 0x23, 0x89, 0xF7, 0xFA, 0x24, 0x84, 0xF5, 0xFA, 0x2F, 0x8F, 0xF9, 0xFA,
    0x33, 0x98, 0xFA, 0xFB, 0x33, 0x98, 0xFA, 0xFB, 0x34, 0x93, 0xF9, 0xFC, 0x3C, 0x9D, 0xFA, 0xFB,
    0x3C, 0x9D, 0xFA, 0xFB, 0x34, 0x91, 0xF5, 0xFC, 0x3D, 0x99, 0xF8, 0xFC, 0x51, 0xA6, 0xF7, 0xFC,
    0x51, 0xA6, 0xF7, 0xFC, 0x78, 0xBA, 0xF4, 0xFC, 0x98, 0xC5, 0xF2, 0xFC, 0xC0, 0xEA, 0xFB, 0xFC,
    0xC0, 0xEA, 0xFB, 0xFC, 0xD2, 0xE9, 0xFA, 0xFD, 0xE1, 0xEE, 0xF6, 0xFD, 0xE5, 0xED, 0xF1, 0xFD,
    0xE5, 0xED, 0xF1, 0xFD, 0xF0, 0xF6, 0xF9, 0xFD, 0xE7, 0xEF, 0xF7, 0xFD, 0xE7, 0xEF, 0xF7, 0xFD,
    0xBA, 0xCE, 0xE5, 0xFD, 0x3E, 0x4A, 0x79, 0xFD, 0x5B, 0x60, 0x8B, 0xFD, 0x5B, 0x60, 0x8B, 0xFD,
    0xCF, 0xD6, 0xE9, 0xFD, 0xEE, 0xF6, 0xFB, 0xFD, 0xEB, 0xF2, 0xF7, 0xFD, 0xEB, 0xF2, 0xF7, 0xFD,
    0xF1, 0xF7, 0xFA, 0xFD, 0xEF, 0xF5, 0xF8, 0xFD, 0xEF, 0xF5, 0xF8, 0xFD, 0xF4, 0xF9, 0xFB, 0xFD,
    0xF9, 0xFC, 0xFC, 0xFD, 0xF0, 0xF2, 0xF9, 0xFD, 0xF0, 0xF2, 0xF9, 0xFD, 0xED, 0xEB, 0xF8, 0xFD,
    0xEE, 0xF3, 0xFA, 0xFD, 0xDA, 0xEE, 0xFB, 0xFD, 0xDA, 0xEE, 0xFB, 0xFD, 0xB8, 0xE2, 0xFD, 0xFD,
    0x87, 0xC8, 0xF9, 0xFD, 0x6A, 0xBF, 0xFB, 0xFD, 0x6A, 0xBF, 0xFB, 0xFD, 0x62, 0xBC, 0xFB, 0xFD,
    0x5B, 0xBC, 0xFD, 0xFD, 0x5B, 0xBC, 0xFD, 0xFD, 0x56, 0xB8, 0xFD, 0xFD, 0x57, 0xBA, 0xFF, 0xFD,
    0x54, 0xB4, 0xFF, 0xFD, 0x54, 0xB4, 0xFF, 0xFD, 0x52, 0xB5, 0xFF, 0xFD, 0x4B, 0xAE, 0xFE, 0xFD,
    0x45, 0xAB, 0xFE, 0xFD, 0x45, 0xAB, 0xFE, 0xFD, 0x34, 0x9B, 0xFD, 0xFD, 0x29, 0x93, 0xFB, 0xFD,
    0x29, 0x93, 0xFB, 0xFD, 0x1E, 0x88, 0xF4, 0xFD, 0x19, 0x85, 0xF2, 0xFC, 0x19, 0x7C, 0xE6, 0xFC,
    0x19, 0x7C, 0xE6, 0xFC, 0x09, 0x47, 0xA6, 0xFC, 0x00, 0x10, 0x6C, 0xFC, 0x12, 0x5A, 0xB7, 0xFC,
    0x12, 0x5A, 0xB7, 0xFC, 0x04, 0x44, 0xB1, 0xFC, 0x0E, 0x72, 0xDF, 0xFC, 0x2A, 0xA1, 0xFD, 0xFB,
    0x2A, 0xA1, 0xFD, 0xFB, 0x2B, 0xA0, 0xFD, 0xFB, 0x34, 0xA9, 0xFC, 0xFC, 0x34, 0xA9, 0xFC, 0xFC,
    0x31, 0x9F, 0xFA, 0xFB, 0x29, 0x96, 0xF9, 0xFB, 0x1C, 0x90, 0xFA, 0xFB, 0x1C, 0x90, 0xFA, 0xFB,
    0x10, 0x84, 0xF4, 0xFA, 0x14, 0x77, 0xDD, 0xF5, 0x00, 0x16, 0x50, 0xF4, 0x00, 0x16, 0x50, 0xF4,
    0x10, 0x34, 0x68, 0xA0, 0x39, 0x7E, 0xBF, 0x28, 0x39, 0x7E, 0xBF, 0x28, 0x35, 0x7A, 0xBC, 0x14,
    0x39, 0x7C, 0xBE, 0x06, 0x3B, 0x7C, 0xBE, 0x02, 0x3B, 0x7C, 0xBE, 0x02, 0x3C, 0x7C, 0xBD, 0x02,
    0x00, 0x00, 0x00, 0x00, 0x00, 0x00, 0x00, 0x00, 0x00, 0x00, 0x00, 0x00, 0x00, 0x00, 0x00, 0x00,
    0x00, 0x00, 0x00, 0x00, 0x00, 0x00, 0x00, 0x00, 0x00, 0x00, 0x00, 0x00, 0x00, 0x00, 0x00, 0x00,
    0x00, 0x00, 0x00, 0x00, 0x00, 0x00, 0x00, 0x00, 0x00, 0x00, 0x00, 0x00, 0x00, 0x00, 0x00, 0x00,
    0x00, 0x00, 0x00, 0x00, 0x00, 0x00, 0x00, 0x00, 0x00, 0x00, 0x00, 0x00, 0x00, 0x00, 0x00, 0x00,
    0x00, 0x00, 0x00, 0x00, 0x00, 0x00, 0x00, 0x00, 0x00, 0x00, 0x00, 0x00, 0x00, 0x00, 0x00, 0x00,
    0x00, 0x00, 0x00, 0x00, 0x00, 0x00, 0x00, 0x00, 0x00, 0x00, 0x00, 0x00, 0x00, 0x00, 0x00, 0x00,
    0x55, 0x81, 0xAD, 0x01, 0x53, 0x80, 0xAC, 0x01, 0x53, 0x80, 0xAC, 0x01, 0x54, 0x80, 0xAA, 0x02,
    0x54, 0x7F, 0xA8, 0x02, 0x53, 0x80, 0xA7, 0x07, 0x53, 0x80, 0xA7, 0x07, 0x52, 0x7D, 0xA0, 0x2D,
    0x15, 0x30, 0x58, 0xCA, 0x15, 0x30, 0x58, 0xCA, 0x23, 0x5D, 0xAE, 0xF2, 0x2B, 0x86, 0xED, 0xF8,
    0x14, 0x71, 0xEA, 0xF8, 0x14, 0x71, 0xEA, 0xF8, 0x1E, 0x82, 0xF2, 0xF6, 0x28, 0x86, 0xF2, 0xFA,
    0x33, 0x9D, 0xFD, 0xF9, 0x33, 0x9D, 0xFD, 0xF9, 0x38, 0xA1, 0xFD, 0xFB, 0x3C, 0xA2, 0xFD, 0xFB,
    0x3C, 0xA2, 0xFD, 0xFB, 0x3A, 0xA0, 0xFC, 0xFC, 0x40, 0xA4, 0xFA, 0xFC, 0x71, 0xBC, 0xFC, 0xFC,
    0x71, 0xBC, 0xFC, 0xFC, 0xC3, 0xF0, 0xFD, 0xFC, 0xD5, 0xF4, 0xFD, 0xFC, 0xD4, 0xF0, 0xFB, 0xFC,
    0xD4, 0xF0, 0xFB, 0xFC, 0xD6, 0xE7, 0xF8, 0xFD, 0xEA, 0xF4, 0xF9, 0xFC, 0xED, 0xF4, 0xF7, 0xFD,
    0xED, 0xF4, 0xF7, 0xFD, 0xED, 0xF1, 0xF4, 0xFD, 0xE9, 0xF0, 0xF5, 0xFD, 0xE9, 0xF0, 0xF5, 0xFD,
    0xE8, 0xF3, 0xF9, 0xFD, 0x62, 0x75, 0x9C, 0xFD, 0x82, 0x8D, 0xB2, 0xFD, 0x82, 0x8D, 0xB2, 0xFD,
    0xE9, 0xF1, 0xF9, 0xFD, 0xE8, 0xF0, 0xF4, 0xFD, 0xE7, 0xED, 0xF0, 0xFD, 0xE7, 0xED, 0xF0, 0xFD,
    0xEC, 0xF2, 0xF7, 0xFD, 0xEE, 0xF5, 0xF9, 0xFD, 0xEE, 0xF5, 0xF9, 0xFD, 0xF3, 0xF8, 0xFC, 0xFD,
    0xE1, 0xE9, 0xF4, 0xFD, 0xE4, 0xEF, 0xFA, 0xFD, 0xE4, 0xEF, 0xFA, 0xFD, 0xF4, 0xF6, 0xFE, 0xFD,
    0xF6, 0xFA, 0xFD, 0xFD, 0xF3, 0xFD, 0xFF, 0xFD, 0xF3, 0xFD, 0xFF, 0xFD, 0xDC, 0xF1, 0xFE, 0xFD,
    0xB5, 0xDD, 0xFD, 0xFD, 0x98, 0xD4, 0xFD, 0xFD, 0x98, 0xD4, 0xFD, 0xFD, 0x8B, 0xD2, 0xFD, 0xFD,
    0x84, 0xD3, 0xFE, 0xFD, 0x84, 0xD3, 0xFE, 0xFD, 0x75, 0xC5, 0xFD, 0xFD, 0x6D, 0xC4, 0xFF, 0xFD,
    0x6A, 0xC7, 0xFF, 0xFD, 0x6A, 0xC7, 0xFF, 0xFD, 0x64, 0xC6, 0xFE, 0xFD, 0x50, 0xB1, 0xFC, 0xFD,
    0x48, 0xAF, 0xFD, 0xFD, 0x48, 0xAF, 0xFD, 0xFD, 0x36, 0x9F, 0xFC, 0xFD, 0x25, 0x94, 0xFC, 0xFD,
    0x25, 0x94, 0xFC, 0xFD, 0x17, 0x7D, 0xEF, 0xFD, 0x1E, 0x7D, 0xE7, 0xFC, 0x0A, 0x4C, 0xA7, 0xFC,
    0x0A, 0x4C, 0xA7, 0xFC, 0x01, 0x31, 0x85, 0xFC, 0x0C, 0x4F, 0xAF, 0xFC, 0x16, 0x75, 0xDD, 0xFC,
    0x16, 0x75, 0xDD, 0xFC, 0x05, 0x52, 0xBF, 0xFC, 0x0A, 0x66, 0xD7, 0xFC, 0x24, 0x99, 0xFC, 0xFC,
    0x24, 0x99, 0xFC, 0xFC, 0x26, 0x9B, 0xFC, 0xFC, 0x2B, 0x9F, 0xFB, 0xFB, 0x2B, 0x9F, 0xFB, 0xFB,
    0x2B, 0x9C, 0xFA, 0xFB, 0x26, 0x94, 0xFA, 0xFB, 0x1D, 0x91, 0xFB, 0xFA, 0x1D, 0x91, 0xFB, 0xFA,
    0x11, 0x82, 0xF3, 0xFA, 0x18, 0x79, 0xDE, 0xF6, 0x01, 0x1A, 0x56, 0xF2, 0x01, 0x1A, 0x56, 0xF2,
    0x11, 0x34, 0x6A, 0x99, 0x39, 0x7E, 0xBF, 0x26, 0x39, 0x7E, 0xBF, 0x26, 0x35, 0x7B, 0xBC, 0x13,
    0x39, 0x7D, 0xBE, 0x06, 0x3B, 0x7C, 0xBE, 0x02, 0x3B, 0x7C, 0xBE, 0x02, 0x3C, 0x7C, 0xBD, 0x02,
    0x00, 0x00, 0x00, 0x00, 0x00, 0x00, 0x00, 0x00, 0x00, 0x00, 0x00, 0x00, 0x00, 0x00, 0x00, 0x00,
    0x00, 0x00, 0x00, 0x00, 0x00, 0x00, 0x00, 0x00, 0x00, 0x00, 0x00, 0x00, 0x00, 0x00, 0x00, 0x00,
    0x00, 0x00, 0x00, 0x00, 0x00, 0x00, 0x00, 0x00, 0x00, 0x00, 0x00, 0x00, 0x00, 0x00, 0x00, 0x00,
    0x00, 0x00, 0x00, 0x00, 0x00, 0x00, 0x00, 0x00, 0x00, 0x00, 0x00, 0x00, 0x00, 0x00, 0x00, 0x00,
    0x00, 0x00, 0x00, 0x00, 0x00, 0x00, 0x00, 0x00, 0x00, 0x00, 0x00, 0x00, 0x00, 0x00, 0x00, 0x00,
    0x00, 0x00, 0x00, 0x00, 0x00, 0x00, 0x00, 0x00, 0x00, 0x00, 0x00, 0x00, 0x00, 0x00, 0x00, 0x00,
    0x55, 0x80, 0xAB, 0x01, 0x54, 0x7F, 0xAA, 0x02, 0x54, 0x7F, 0xAA, 0x02, 0x55, 0x7F, 0xA8, 0x01,
    0x56, 0x7F, 0xA7, 0x03, 0x53, 0x7B, 0xA1, 0x08, 0x53, 0x7B, 0xA1, 0x08, 0x54, 0x7F, 0xA1, 0x0B,
    0x3C, 0x56, 0x73, 0x83, 0x3C, 0x56, 0x73, 0x83, 0x04, 0x0D, 0x32, 0xE2, 0x22, 0x57, 0xB4, 0xE3,
    0x35, 0x98, 0xF6, 0xF4, 0x35, 0x98, 0xF6, 0xF4, 0x2F, 0x9D, 0xFA, 0xF7, 0x2C, 0x88, 0xF4, 0xF9,
    0x37, 0x92, 0xF8, 0xFA, 0x37, 0x92, 0xF8, 0xFA, 0x3E, 0x96, 0xF9, 0xFB, 0x41, 0x9C, 0xFB, 0xFB,
    0x41, 0x9C, 0xFB, 0xFB, 0x41, 0xA1, 0xFB, 0xFC, 0x58, 0xB3, 0xFC, 0xFC, 0xA5, 0xDA, 0xFD, 0xFC,
    0xA5, 0xDA, 0xFD, 0xFC, 0xD2, 0xEB, 0xFB, 0xFC, 0xD9, 0xEB, 0xF8, 0xFC, 0xDC, 0xEE, 0xF8, 0xFC,
    0xDC, 0xEE, 0xF8, 0xFC, 0xDA, 0xEB, 0xFA, 0xFC, 0xE5, 0xF3, 0xFA, 0xFD, 0xF2, 0xF7, 0xFA, 0xFD,
    0xF2, 0xF7, 0xFA, 0xFD, 0xEE, 0xF3, 0xF6, 0xFD, 0xEE, 0xF3, 0xF5, 0xFD, 0xEE, 0xF3, 0xF5, 0xFD,
    0xE1, 0xE9, 0xF2, 0xFD, 0x57, 0x61, 0x84, 0xFD, 0x66, 0x6F, 0x94, 0xFD, 0x66, 0x6F, 0x94, 0xFD,
    0xD4, 0xDA, 0xEC, 0xFD, 0xEE, 0xF3, 0xF8, 0xFD, 0xEA, 0xF1, 0xF4, 0xFD, 0xEA, 0xF1, 0xF4, 0xFD,
    0xE8, 0xF0, 0xF5, 0xFD, 0xF1, 0xF9, 0xFD, 0xFD, 0xF1, 0xF9, 0xFD, 0xFD, 0xD4, 0xDD, 0xEB, 0xFD,
    0x64, 0x70, 0x8A, 0xFD, 0xBE, 0xCB, 0xE5, 0xFD, 0xBE, 0xCB, 0xE5, 0xFD, 0xF7, 0xFE, 0xFF, 0xFD,
    0xF0, 0xF6, 0xFB, 0xFD, 0xF3, 0xF9, 0xFD, 0xFD, 0xF3, 0xF9, 0xFD, 0xFD, 0xF1, 0xFA, 0xFF, 0xFD,
    0xE8, 0xF6, 0xFF, 0xFD, 0xDD, 0xF6, 0xFE, 0xFD, 0xDD, 0xF6, 0xFE, 0xFD, 0xCF, 0xF0, 0xFE, 0xFD,
    0xC1, 0xEC, 0xFE, 0xFD, 0xC1, 0xEC, 0xFE, 0xFD, 0xA6, 0xDC, 0xFE, 0xFD, 0x8C, 0xD3, 0xFE, 0xFD,
    0x72, 0xC0, 0xFD, 0xFD, 0x72, 0xC0, 0xFD, 0xFD, 0x60, 0xB9, 0xFC, 0xFD, 0x59, 0xBA, 0xFB, 0xFD,
    0x44, 0xA3, 0xFB, 0xFD, 0x44, 0xA3, 0xFB, 0xFD, 0x2E, 0x8E, 0xF6, 0xFD, 0x24, 0x90, 0xFE, 0xFD,
    0x24, 0x90, 0xFE, 0xFD, 0x1D, 0x79, 0xE5, 0xFD, 0x09, 0x42, 0xA0, 0xFC, 0x00, 0x12, 0x6C, 0xFC,
    0x00, 0x12, 0x6C, 0xFC, 0x08, 0x44, 0xA5, 0xFC, 0x1A, 0x7C, 0xE4, 0xFC, 0x0D, 0x69, 0xD3, 0xFC,
    0x0D, 0x69, 0xD3, 0xFC, 0x0B, 0x63, 0xCF, 0xFC, 0x1B, 0x81, 0xED, 0xFC, 0x25, 0x96, 0xFC, 0xFC,
    0x25, 0x96, 0xFC, 0xFC, 0x27, 0x99, 0xFC, 0xFC, 0x25, 0x93, 0xF9, 0xFC, 0x25, 0x93, 0xF9, 0xFC,
    0x27, 0x9A, 0xFB, 0xFB, 0x22, 0x92, 0xFA, 0xFB, 0x1A, 0x89, 0xFA, 0xFB, 0x1A, 0x89, 0xFA, 0xFB,
    0x11, 0x7C, 0xEF, 0xFA, 0x18, 0x73, 0xDC, 0xF8, 0x01, 0x1A, 0x59, 0xF2, 0x01, 0x1A, 0x59, 0xF2,
    0x11, 0x33, 0x6C, 0x92, 0x3A, 0x7D, 0xC0, 0x22, 0x3A, 0x7D, 0xC0, 0x22, 0x37, 0x7B, 0xBC, 0x12,
    0x3A, 0x7C, 0xBE, 0x06, 0x3C, 0x7C, 0xBF, 0x02, 0x3C, 0x7C, 0xBF, 0x02, 0x3D, 0x7C, 0xBD, 0x02,
    0x00, 0x00, 0x00, 0x00, 0x00, 0x00, 0x00, 0x00, 0x00, 0x00, 0x00, 0x00, 0x00, 0x00, 0x00, 0x00,
    0x00, 0x00, 0x00, 0x00, 0x00, 0x00, 0x00, 0x00, 0x00, 0x00, 0x00, 0x00, 0x00, 0x00, 0x00, 0x00,
    0x00, 0x00, 0x00, 0x00, 0x00, 0x00, 0x00, 0x00, 0x00, 0x00, 0x00, 0x00, 0x00, 0x00, 0x00, 0x00,
    0x00, 0x00, 0x00, 0x00, 0x00, 0x00, 0x00, 0x00, 0x00, 0x00, 0x00, 0x00, 0x00, 0x00, 0x00, 0x00,
    0x00, 0x00, 0x00, 0x00, 0x00, 0x00, 0x00, 0x00, 0x00, 0x00, 0x00, 0x00, 0x00, 0x00, 0x00, 0x00,
    0x00, 0x00, 0x00, 0x00, 0x00, 0x00, 0x00, 0x00, 0x00, 0x00, 0x00, 0x00, 0x00, 0x00, 0x00, 0x00,
    0x56, 0x80, 0xA9, 0x01, 0x56, 0x7F, 0xA8, 0x01, 0x56, 0x7F, 0xA8, 0x01, 0x56, 0x7F, 0xA6, 0x01,
    0x56, 0x7E, 0xA5, 0x01, 0x57, 0x7E, 0xA4, 0x02, 0x57, 0x7E, 0xA4, 0x02, 0x54, 0x7C, 0xA0, 0x02,
    0x58, 0x7C, 0x9A, 0x14, 0x58, 0x7C, 0x9A, 0x14, 0x1C, 0x27, 0x40, 0x9E, 0x20, 0x47, 0x78, 0xC8,
    0x50, 0xA9, 0xF4, 0xEF, 0x50, 0xA9, 0xF4, 0xEF, 0x31, 0x95, 0xF7, 0xF2, 0x34, 0x91, 0xF7, 0xF7,
    0x3F, 0x9D, 0xFA, 0xF8, 0x3F, 0x9D, 0xFA, 0xF8, 0x42, 0x99, 0xF8, 0xFA, 0x4E, 0xAC, 0xFB, 0xFB,
    0x4E, 0xAC, 0xFB, 0xFB, 0x58, 0xB4, 0xFC, 0xFC, 0x7F, 0xC9, 0xFD, 0xFC, 0xC3, 0xEE, 0xFE, 0xFC,
    0xC3, 0xEE, 0xFE, 0xFC, 0xDD, 0xF3, 0xFD, 0xFC, 0xDC, 0xEC, 0xF7, 0xFC, 0xE4, 0xF2, 0xFA, 0xFC,
    0xE4, 0xF2, 0xFA, 0xFC, 0xE3, 0xF1, 0xFB, 0xFC, 0x7E, 0x90, 0xB3, 0xFC, 0xA2, 0xAA, 0xC5, 0xFD,
    0xA2, 0xAA, 0xC5, 0xFD, 0xF3, 0xF7, 0xFA, 0xFD, 0xF3, 0xF8, 0xF9, 0xFD, 0xF3, 0xF8, 0xF9, 0xFD,
    0xA7, 0xB3, 0xC5, 0xFD, 0x17, 0x19, 0x40, 0xFD, 0x0B, 0x0A, 0x36, 0xFD, 0x0B, 0x0A, 0x36, 0xFD,
    0x37, 0x34, 0x64, 0xFD, 0x86, 0x86, 0xA4, 0xFD, 0xDB, 0xEA, 0xF3, 0xFD, 0xDB, 0xEA, 0xF3, 0xFD,
    0xEB, 0xF5, 0xFC, 0xFD, 0xDC, 0xEA, 0xF6, 0xFD, 0xDC, 0xEA, 0xF6, 0xFD, 0x6C, 0x7F, 0x98, 0xFD,
    0x2A, 0x34, 0x57, 0xFD, 0xC9, 0xD6, 0xEF, 0xFD, 0xC9, 0xD6, 0xEF, 0xFD, 0xF3, 0xFC, 0xFF, 0xFD,
    0xF0, 0xF9, 0xFE, 0xFD, 0xEE, 0xF7, 0xFC, 0xFD, 0xEE, 0xF7, 0xFC, 0xFD, 0xEF, 0xF8, 0xFE, 0xFD,
    0xEB, 0xF4, 0xFE, 0xFD, 0xE8, 0xF7, 0xFE, 0xFD, 0xE8, 0xF7, 0xFE, 0xFD, 0xD8, 0xEA, 0xFB, 0xFD,
    0xCE, 0xEA, 0xFD, 0xFD, 0xCE, 0xEA, 0xFD, 0xFD, 0xC0, 0xED, 0xFE, 0xFD, 0x9B, 0xD7, 0xFE, 0xFD,
    0x75, 0xC1, 0xFD, 0xFD, 0x75, 0xC1, 0xFD, 0xFD, 0x62, 0xC3, 0xFD, 0xFD, 0x4A, 0xAF, 0xFC, 0xFD,
    0x3F, 0xA3, 0xFC, 0xFD, 0x3F, 0xA3, 0xFC, 0xFD, 0x2F, 0x8E, 0xF7, 0xFD, 0x26, 0x7A, 0xE5, 0xFD,
    0x26, 0x7A, 0xE5, 0xFD, 0x0A, 0x47, 0xA1, 0xFD, 0x01, 0x29, 0x7D, 0xFC, 0x12, 0x55, 0xB8, 0xFC,
    0x12, 0x55, 0xB8, 0xFC, 0x17, 0x65, 0xD2, 0xFC, 0x09, 0x43, 0x9A, 0xFC, 0x10, 0x66, 0xC8, 0xFC,
    0x10, 0x66, 0xC8, 0xFC, 0x28, 0x94, 0xF8, 0xFC, 0x29, 0x9C, 0xFC, 0xFC, 0x29, 0x9A, 0xFC, 0xFC,
    0x29, 0x9A, 0xFC, 0xFC, 0x28, 0x9A, 0xFC, 0xFC, 0x24, 0x93, 0xFA, 0xFC, 0x24, 0x93, 0xFA, 0xFC,
    0x23, 0x97, 0xFB, 0xFB, 0x1E, 0x91, 0xFB, 0xFB, 0x18, 0x88, 0xFA, 0xFB, 0x18, 0x88, 0xFA, 0xFB,
    0x0F, 0x78, 0xED, 0xF9, 0x1C, 0x76, 0xDF, 0xF8, 0x03, 0x20, 0x5E, 0xEA, 0x03, 0x20, 0x5E, 0xEA,
    0x0D, 0x2F, 0x6B, 0x80, 0x3B, 0x7F, 0xC3, 0x1E, 0x3B, 0x7F, 0xC3, 0x1E, 0x38, 0x7D, 0xBD, 0x11,
    0x3B, 0x7D, 0xBE, 0x05, 0x3C, 0x7D, 0xBE, 0x02, 0x3C, 0x7D, 0xBE, 0x02, 0x3E, 0x7D, 0xBD, 0x02,
    0x00, 0x00, 0x00, 0x00, 0x00, 0x00, 0x00, 0x00, 0x00, 0x00, 0x00, 0x00, 0x00, 0x00, 0x00, 0x00,
    0x00, 0x00, 0x00, 0x00, 0x00, 0x00, 0x00, 0x00, 0x00, 0x00, 0x00, 0x00, 0x00, 0x00, 0x00, 0x00,
    0x00, 0x00, 0x00, 0x00, 0x00, 0x00, 0x00, 0x00, 0x00, 0x00, 0x00, 0x00, 0x00, 0x00, 0x00, 0x00,
    0x00, 0x00, 0x00, 0x00, 0x00, 0x00, 0x00, 0x00, 0x00, 0x00, 0x00, 0x00, 0x00, 0x00, 0x00, 0x00,
    0x00, 0x00, 0x00, 0x00, 0x00, 0x00, 0x00, 0x00, 0x00, 0x00, 0x00, 0x00, 0x00, 0x00, 0x00, 0x00,
    0x00, 0x00, 0x00, 0x00, 0x00, 0x00, 0x00, 0x00, 0x00, 0x00, 0x00, 0x00, 0x00, 0x00, 0x00, 0x00,
    0x56, 0x80, 0xA9, 0x01, 0x56, 0x7F, 0xA8, 0x01, 0x56, 0x7F, 0xA8, 0x01, 0x56, 0x7F, 0xA6, 0x01,
    0x56, 0x7E, 0xA5, 0x01, 0x57, 0x7E, 0xA4, 0x02, 0x57, 0x7E, 0xA4, 0x02, 0x54, 0x7C, 0xA0, 0x02,
    0x58, 0x7C, 0x9A, 0x14, 0x58, 0x7C, 0x9A, 0x14, 0x1C, 0x27, 0x40, 0x9E, 0x20, 0x47, 0x78, 0xC8,
    0x50, 0xA9, 0xF4, 0xEF, 0x50, 0xA9, 0xF4, 0xEF, 0x31, 0x95, 0xF7, 0xF2, 0x34, 0x91, 0xF7, 0xF7,
    0x3F, 0x9D, 0xFA, 0xF8, 0x3F, 0x9D, 0xFA, 0xF8, 0x42, 0x99, 0xF8, 0xFA, 0x4E, 0xAC, 0xFB, 0xFB,
    0x4E, 0xAC, 0xFB, 0xFB, 0x58, 0xB4, 0xFC, 0xFC, 0x7F, 0xC9, 0xFD, 0xFC, 0xC3, 0xEE, 0xFE, 0xFC,
    0xC3, 0xEE, 0xFE, 0xFC, 0xDD, 0xF3, 0xFD, 0xFC, 0xDC, 0xEC, 0xF7, 0xFC, 0xE4, 0xF2, 0xFA, 0xFC,
    0xE4, 0xF2, 0xFA, 0xFC, 0xE3, 0xF1, 0xFB, 0xFC, 0x7E, 0x90, 0xB3, 0xFC, 0xA2, 0xAA, 0xC5, 0xFD,
    0xA2, 0xAA, 0xC5, 0xFD, 0xF3, 0xF7, 0xFA, 0xFD, 0xF3, 0xF8, 0xF9, 0xFD, 0xF3, 0xF8, 0xF9, 0xFD,
    0xA7, 0xB3, 0xC5, 0xFD, 0x17, 0x19, 0x40, 0xFD, 0x0B, 0x0A, 0x36, 0xFD, 0x0B, 0x0A, 0x36, 0xFD,
    0x37, 0x34, 0x64, 0xFD, 0x86, 0x86, 0xA4, 0xFD, 0xDB, 0xEA, 0xF3, 0xFD, 0xDB, 0xEA, 0xF3, 0xFD,
    0xEB, 0xF5, 0xFC, 0xFD, 0xDC, 0xEA, 0xF6, 0xFD, 0xDC, 0xEA, 0xF6, 0xFD, 0x6C, 0x7F, 0x98, 0xFD,
    0x2A, 0x34, 0x57, 0xFD, 0xC9, 0xD6, 0xEF, 0xFD, 0xC9, 0xD6, 0xEF, 0xFD, 0xF3, 0xFC, 0xFF, 0xFD,
    0xF0, 0xF9, 0xFE, 0xFD, 0xEE, 0xF7, 0xFC, 0xFD, 0xEE, 0xF7, 0xFC, 0xFD, 0xEF, 0xF8, 0xFE, 0xFD,
    0xEB, 0xF4, 0xFE, 0xFD, 0xE8, 0xF7, 0xFE, 0xFD, 0xE8, 0xF7, 0xFE, 0xFD, 0xD8, 0xEA, 0xFB, 0xFD,
    0xCE, 0xEA, 0xFD, 0xFD, 0xCE, 0xEA, 0xFD, 0xFD, 0xC0, 0xED, 0xFE, 0xFD, 0x9B, 0xD7, 0xFE, 0xFD,
    0x75, 0xC1, 0xFD, 0xFD, 0x75, 0xC1, 0xFD, 0xFD, 0x62, 0xC3, 0xFD, 0xFD, 0x4A, 0xAF, 0xFC, 0xFD,
    0x3F, 0xA3, 0xFC, 0xFD, 0x3F, 0xA3, 0xFC, 0xFD, 0x2F, 0x8E, 0xF7, 0xFD, 0x26, 0x7A, 0xE5, 0xFD,
    0x26, 0x7A, 0xE5, 0xFD, 0x0A, 0x47, 0xA1, 0xFD, 0x01, 0x29, 0x7D, 0xFC, 0x12, 0x55, 0xB8, 0xFC,
    0x12, 0x55, 0xB8, 0xFC, 0x17, 0x65, 0xD2, 0xFC, 0x09, 0x43, 0x9A, 0xFC, 0x10, 0x66, 0xC8, 0xFC,
    0x10, 0x66, 0xC8, 0xFC, 0x28, 0x94, 0xF8, 0xFC, 0x29, 0x9C, 0xFC, 0xFC, 0x29, 0x9A, 0xFC, 0xFC,
    0x29, 0x9A, 0xFC, 0xFC, 0x28, 0x9A, 0xFC, 0xFC, 0x24, 0x93, 0xFA, 0xFC, 0x24, 0x93, 0xFA, 0xFC,
    0x23, 0x97, 0xFB, 0xFB, 0x1E, 0x91, 0xFB, 0xFB, 0x18, 0x88, 0xFA, 0xFB, 0x18, 0x88, 0xFA, 0xFB,
    0x0F, 0x78, 0xED, 0xF9, 0x1C, 0x76, 0xDF, 0xF8, 0x03, 0x20, 0x5E, 0xEA, 0x03, 0x20, 0x5E, 0xEA,
    0x0D, 0x2F, 0x6B, 0x80, 0x3B, 0x7F, 0xC3, 0x1E, 0x3B, 0x7F, 0xC3, 0x1E, 0x38, 0x7D, 0xBD, 0x11,
    0x3B, 0x7D, 0xBE, 0x05, 0x3C, 0x7D, 0xBE, 0x02, 0x3C, 0x7D, 0xBE, 0x02, 0x3E, 0x7D, 0xBD, 0x02,
    0x00, 0x00, 0x00, 0x00, 0x00, 0x00, 0x00, 0x00, 0x00, 0x00, 0x00, 0x00, 0x00, 0x00, 0x00, 0x00,
    0x00, 0x00, 0x00, 0x00, 0x00, 0x00, 0x00, 0x00, 0x00, 0x00, 0x00, 0x00, 0x00, 0x00, 0x00, 0x00,
    0x00, 0x00, 0x00, 0x00, 0x00, 0x00, 0x00, 0x00, 0x00, 0x00, 0x00, 0x00, 0x00, 0x00, 0x00, 0x00,
    0x00, 0x00, 0x00, 0x00, 0x00, 0x00, 0x00, 0x00, 0x00, 0x00, 0x00, 0x00, 0x00, 0x00, 0x00, 0x00,
    0x00, 0x00, 0x00, 0x00, 0x00, 0x00, 0x00, 0x00, 0x00, 0x00, 0x00, 0x00, 0x00, 0x00, 0x00, 0x00,
    0x00, 0x00, 0x00, 0x00, 0x00, 0x00, 0x00, 0x00, 0x00, 0x00, 0x00, 0x00, 0x00, 0x00, 0x00, 0x00,
    0x58, 0x7F, 0xA6, 0x01, 0x57, 0x7F, 0xA5, 0x01, 0x57, 0x7F, 0xA5, 0x01, 0x58, 0x7E, 0xA3, 0x01,
    0x57, 0x7E, 0xA3, 0x02, 0x57, 0x7D, 0xA3, 0x01, 0x57, 0x7D, 0xA3, 0x01, 0x56, 0x7C, 0xA0, 0x05,
    0x58, 0x7F, 0xA1, 0x01, 0x58, 0x7F, 0xA1, 0x01, 0x51, 0x71, 0x8C, 0x2B, 0x13, 0x26, 0x45, 0x89,
    0x24, 0x4F, 0x91, 0xD0, 0x24, 0x4F, 0x91, 0xD0, 0x52, 0xA3, 0xF0, 0xEE, 0x4C, 0xA4, 0xF9, 0xF7,
    0x4A, 0xA9, 0xFA, 0xF7, 0x4A, 0xA9, 0xFA, 0xF7, 0x52, 0xA6, 0xF8, 0xFA, 0x5A, 0xAA, 0xF8, 0xFB,
    0x5A, 0xAA, 0xF8, 0xFB, 0x6F, 0xB5, 0xF8, 0xFB, 0xA5, 0xD8, 0xFD, 0xFC, 0xCA, 0xE2, 0xFA, 0xFC,
    0xCA, 0xE2, 0xFA, 0xFC, 0xDF, 0xED, 0xF9, 0xFC, 0xE5, 0xF0, 0xF8, 0xFC, 0xE3, 0xF0, 0xF7, 0xFC,
    0xE3, 0xF0, 0xF7, 0xFC, 0xEC, 0xF5, 0xFC, 0xFC, 0x94, 0x9E, 0xC2, 0xFC, 0x15, 0x24, 0x4B, 0xFC,
    0x15, 0x24, 0x4B, 0xFC, 0x67, 0x78, 0x93, 0xFD, 0x77, 0x88, 0xA5, 0xFD, 0x77, 0x88, 0xA5, 0xFD,
    0x27, 0x33, 0x59, 0xFD, 0x39, 0x43, 0x78, 0xFD, 0x5C, 0x5C, 0x9F, 0xFD, 0x5C, 0x5C, 0x9F, 0xFD,
    0x2D, 0x24, 0x6F, 0xFD, 0x10, 0x1C, 0x61, 0xFD, 0x50, 0x69, 0x98, 0xFD, 0x50, 0x69, 0x98, 0xFD,
    0x7C, 0x8D, 0xBB, 0xFD, 0x50, 0x6A, 0x8D, 0xFD, 0x50, 0x6A, 0x8D, 0xFD, 0x10, 0x22, 0x42, 0xFD,
    0x7B, 0x8C, 0xAA, 0xFD, 0xE2, 0xF0, 0xFC, 0xFD, 0xE2, 0xF0, 0xFC, 0xFD, 0xE5, 0xED, 0xFC, 0xFD,
    0xE6, 0xF2, 0xFB, 0xFD, 0xE9, 0xF7, 0xFD, 0xFD, 0xE9, 0xF7, 0xFD, 0xFD, 0xE9, 0xF6, 0xFE, 0xFD,
    0xE4, 0xEE, 0xFC, 0xFD, 0xDC, 0xEB, 0xFC, 0xFD, 0xDC, 0xEB, 0xFC, 0xFD, 0xD5, 0xEC, 0xFC, 0xFD,
    0xC9, 0xEA, 0xFD, 0xFD, 0xC9, 0xEA, 0xFD, 0xFD, 0xB6, 0xDE, 0xFC, 0xFD, 0x97, 0xCD, 0xFD, 0xFD,
    0x6F, 0xB8, 0xFC, 0xFD, 0x6F, 0xB8, 0xFC, 0xFD, 0x4B, 0xA4, 0xF9, 0xFD, 0x3D, 0x9B, 0xFA, 0xFD,
    0x40, 0xA4, 0xFD, 0xFD, 0x40, 0xA4, 0xFD, 0xFD, 0x36, 0x8B, 0xE6, 0xFD, 0x0E, 0x47, 0x9C, 0xFD,
    0x0E, 0x47, 0x9C, 0xFD, 0x01, 0x23, 0x7E, 0xFC, 0x18, 0x6D, 0xD2, 0xFC, 0x27, 0x9E, 0xFF, 0xFC,
    0x27, 0x9E, 0xFF, 0xFC, 0x13, 0x57, 0xB0, 0xFC, 0x04, 0x1E, 0x5E, 0xFC, 0x2D, 0x89, 0xE3, 0xFC,
    0x2D, 0x89, 0xE3, 0xFC, 0x33, 0xAB, 0xFF, 0xFC, 0x2A, 0x9C, 0xFC, 0xFC, 0x2A, 0x94, 0xF9, 0xFC,
    0x2A, 0x94, 0xF9, 0xFC, 0x2B, 0x99, 0xFB, 0xFC, 0x27, 0x97, 0xFC, 0xFC, 0x27, 0x97, 0xFC, 0xFC,
    0x20, 0x90, 0xFB, 0xFC, 0x17, 0x8A, 0xFA, 0xFB, 0x16, 0x86, 0xF9, 0xFB, 0x16, 0x86, 0xF9, 0xFB,
    0x11, 0x74, 0xE6, 0xF9, 0x1E, 0x68, 0xC6, 0xFA, 0x13, 0x3F, 0x7D, 0xE5, 0x13, 0x3F, 0x7D, 0xE5,
    0x16, 0x44, 0x86, 0x62, 0x3D, 0x7E, 0xC0, 0x15, 0x3D, 0x7E, 0xC0, 0x15, 0x3A, 0x7E, 0xBE, 0x10,
    0x3C, 0x7E, 0xBE, 0x05, 0x3E, 0x7E, 0xBE, 0x03, 0x3E, 0x7E, 0xBE, 0x03, 0x3E, 0x7D, 0xBD, 0x02,
    0x00, 0x00, 0x00, 0x00, 0x00, 0x00, 0x00, 0x00, 0x00, 0x00, 0x00, 0x00, 0x00, 0x00, 0x00, 0x00,
    0x00, 0x00, 0x00, 0x00, 0x00, 0x00, 0x00, 0x00, 0x00, 0x00, 0x00, 0x00, 0x00, 0x00, 0x00, 0x00,
    0x00, 0x00, 0x00, 0x00, 0x00, 0x00, 0x00, 0x00, 0x00, 0x00, 0x00, 0x00, 0x00, 0x00, 0x00, 0x00,
    0x00, 0x00, 0x00, 0x00, 0x00, 0x00, 0x00, 0x00, 0x00, 0x00, 0x00, 0x00, 0x00, 0x00, 0x00, 0x00,
    0x00, 0x00, 0x00, 0x00, 0x00, 0x00, 0x00, 0x00, 0x00, 0x00, 0x00, 0x00, 0x00, 0x00, 0x00, 0x00,
    0x00, 0x00, 0x00, 0x00, 0x00, 0x00, 0x00, 0x00, 0x00, 0x00, 0x00, 0x00, 0x00, 0x00, 0x00, 0x00,
    0x5A, 0x80, 0xA5, 0x01, 0x5A, 0x7F, 0xA4, 0x01, 0x5A, 0x7F, 0xA4, 0x01, 0x5A, 0x7F, 0xA3, 0x01,
    0x5A, 0x7F, 0xA4, 0x02, 0x59, 0x7E, 0xA2, 0x01, 0x59, 0x7E, 0xA2, 0x01, 0x5A, 0x7F, 0xA2, 0x01,
    0x59, 0x7E, 0xA0, 0x02, 0x59, 0x7E, 0xA0, 0x02, 0x60, 0x84, 0xA4, 0x01, 0x4A, 0x64, 0x82, 0x0D,
    0x22, 0x36, 0x55, 0x78, 0x22, 0x36, 0x55, 0x78, 0x2D, 0x55, 0x86, 0xD3, 0x35, 0x67, 0xB1, 0xEF,
    0x5C, 0xA6, 0xED, 0xF6, 0x5C, 0xA6, 0xED, 0xF6, 0x72, 0xBA, 0xF9, 0xF9, 0x7E, 0xC0, 0xFA, 0xFA,
    0x7E, 0xC0, 0xFA, 0xFA, 0x95, 0xCA, 0xF8, 0xFB, 0xBA, 0xDE, 0xFA, 0xFC, 0xD5, 0xE5, 0xF6, 0xFC,
    0xD5, 0xE5, 0xF6, 0xFC, 0xE3, 0xED, 0xF6, 0xFC, 0xE5, 0xEE, 0xF5, 0xFC, 0xE6, 0xF2, 0xF6, 0xFC,
    0xE6, 0xF2, 0xF6, 0xFC, 0xE9, 0xF1, 0xFB, 0xFC, 0xED, 0xF3, 0xFB, 0xFC, 0xB4, 0xBC, 0xD4, 0xFD,
    0xB4, 0xBC, 0xD4, 0xFD, 0x68, 0x73, 0x8F, 0xFD, 0x23, 0x2B, 0x56, 0xFC, 0x23, 0x2B, 0x56, 0xFC,
    0x4A, 0x53, 0x8C, 0xFC, 0xBA, 0xCE, 0xF7, 0xFD, 0xD5, 0xE2, 0xFB, 0xFD, 0xD5, 0xE2, 0xFB, 0xFD,
    0x9F, 0xA1, 0xF4, 0xFD, 0x5B, 0x6F, 0xD0, 0xFD, 0x32, 0x47, 0x98, 0xFD, 0x32, 0x47, 0x98, 0xFD,
    0x1B, 0x27, 0x6B, 0xFD, 0x20, 0x31, 0x60, 0xFD, 0x20, 0x31, 0x60, 0xFD, 0x88, 0xA0, 0xBC, 0xFD,
    0xDD, 0xF0, 0xFC, 0xFD, 0xE4, 0xF5, 0xFD, 0xFD, 0xE4, 0xF5, 0xFD, 0xFD, 0xE3, 0xF0, 0xFC, 0xFC,
    0xE3, 0xF1, 0xFC, 0xFD, 0xE2, 0xF3, 0xFC, 0xFD, 0xE2, 0xF3, 0xFC, 0xFD, 0xE3, 0xF4, 0xFD, 0xFD,
    0xDD, 0xF1, 0xFE, 0xFD, 0xD4, 0xF0, 0xFE, 0xFD, 0xD4, 0xF0, 0xFE, 0xFD, 0xC8, 0xEA, 0xFE, 0xFD,
    0xB8, 0xDE, 0xFD, 0xFD, 0xB8, 0xDE, 0xFD, 0xFD, 0xA8, 0xD5, 0xFB, 0xFD, 0x95, 0xD7, 0xFD, 0xFD,
    0x70, 0xBE, 0xFB, 0xFD, 0x70, 0xBE, 0xFB, 0xFD, 0x47, 0x91, 0xE2, 0xFD, 0x2A, 0x66, 0xBC, 0xFD,
    0x29, 0x63, 0xB4, 0xFD, 0x29, 0x63, 0xB4, 0xFD, 0x0C, 0x35, 0x82, 0xFD, 0x0C, 0x4B, 0x9C, 0xFD,
    0x0C, 0x4B, 0x9C, 0xFD, 0x1B, 0x6E, 0xD8, 0xFC, 0x1D, 0x88, 0xFE, 0xFC, 0x25, 0x92, 0xF6, 0xFC,
    0x25, 0x92, 0xF6, 0xFC, 0x08, 0x3B, 0x8C, 0xFC, 0x0F, 0x40, 0x93, 0xFC, 0x38, 0x9C, 0xFC, 0xFC,
    0x38, 0x9C, 0xFC, 0xFC, 0x30, 0xA2, 0xFE, 0xFC, 0x2D, 0xA1, 0xFC, 0xFC, 0x2D, 0x9C, 0xFC, 0xFC,
    0x2D, 0x9C, 0xFC, 0xFC, 0x2A, 0x97, 0xFB, 0xFC, 0x25, 0x95, 0xFC, 0xFC, 0x25, 0x95, 0xFC, 0xFC,
    0x1D, 0x8D, 0xFB, 0xFC, 0x16, 0x8A, 0xF9, 0xFB, 0x15, 0x85, 0xF6, 0xFB, 0x15, 0x85, 0xF6, 0xFB,
    0x14, 0x66, 0xD3, 0xF8, 0x03, 0x19, 0x57, 0xF9, 0x23, 0x52, 0x8C, 0xCD, 0x23, 0x52, 0x8C, 0xCD,
    0x39, 0x7C, 0xBC, 0x54, 0x3B, 0x7D, 0xBE, 0x12, 0x3B, 0x7D, 0xBE, 0x12, 0x3D, 0x7E, 0xBE, 0x0C,
    0x3E, 0x7D, 0xBE, 0x05, 0x3E, 0x7E, 0xBE, 0x03, 0x3E, 0x7E, 0xBE, 0x03, 0x3F, 0x7D, 0xBD, 0x02,
    0x00, 0x00, 0x00, 0x00, 0x00, 0x00, 0x00, 0x00, 0x00, 0x00, 0x00, 0x00, 0x00, 0x00, 0x00, 0x00,
    0x00, 0x00, 0x00, 0x00, 0x00, 0x00, 0x00, 0x00, 0x00, 0x00, 0x00, 0x00, 0x00, 0x00, 0x00, 0x00,
    0x00, 0x00, 0x00, 0x00, 0x00, 0x00, 0x00, 0x00, 0x00, 0x00, 0x00, 0x00, 0x00, 0x00, 0x00, 0x00,
    0x00, 0x00, 0x00, 0x00, 0x00, 0x00, 0x00, 0x00, 0x00, 0x00, 0x00, 0x00, 0x00, 0x00, 0x00, 0x00,
    0x00, 0x00, 0x00, 0x00, 0x00, 0x00, 0x00, 0x00, 0x00, 0x00, 0x00, 0x00, 0x00, 0x00, 0x00, 0x00,
    0x00, 0x00, 0x00, 0x00, 0x00, 0x00, 0x00, 0x00, 0x00, 0x00, 0x00, 0x00, 0x00, 0x00, 0x00, 0x00,
    0x5A, 0x80, 0xA5, 0x01, 0x5A, 0x7F, 0xA4, 0x01, 0x5A, 0x7F, 0xA4, 0x01, 0x5A, 0x7F, 0xA3, 0x01,
    0x5A, 0x7F, 0xA4, 0x02, 0x59, 0x7E, 0xA2, 0x01, 0x59, 0x7E, 0xA2, 0x01, 0x5A, 0x7F, 0xA2, 0x01,
    0x59, 0x7E, 0xA0, 0x02, 0x59, 0x7E, 0xA0, 0x02, 0x60, 0x84, 0xA4, 0x01, 0x4A, 0x64, 0x82, 0x0D,
    0x22, 0x36, 0x55, 0x78, 0x22, 0x36, 0x55, 0x78, 0x2D, 0x55, 0x86, 0xD3, 0x35, 0x67, 0xB1, 0xEF,
    0x5C, 0xA6, 0xED, 0xF6, 0x5C, 0xA6, 0xED, 0xF6, 0x72, 0xBA, 0xF9, 0xF9, 0x7E, 0xC0, 0xFA, 0xFA,
    0x7E, 0xC0, 0xFA, 0xFA, 0x95, 0xCA, 0xF8, 0xFB, 0xBA, 0xDE, 0xFA, 0xFC, 0xD5, 0xE5, 0xF6, 0xFC,
    0xD5, 0xE5, 0xF6, 0xFC, 0xE3, 0xED, 0xF6, 0xFC, 0xE5, 0xEE, 0xF5, 0xFC, 0xE6, 0xF2, 0xF6, 0xFC,
    0xE6, 0xF2, 0xF6, 0xFC, 0xE9, 0xF1, 0xFB, 0xFC, 0xED, 0xF3, 0xFB, 0xFC, 0xB4, 0xBC, 0xD4, 0xFD,
    0xB4, 0xBC, 0xD4, 0xFD, 0x68, 0x73, 0x8F, 0xFD, 0x23, 0x2B, 0x56, 0xFC, 0x23, 0x2B, 0x56, 0xFC,
    0x4A, 0x53, 0x8C, 0xFC, 0xBA, 0xCE, 0xF7, 0xFD, 0xD5, 0xE2, 0xFB, 0xFD, 0xD5, 0xE2, 0xFB, 0xFD,
    0x9F, 0xA1, 0xF4, 0xFD, 0x5B, 0x6F, 0xD0, 0xFD, 0x32, 0x47, 0x98, 0xFD, 0x32, 0x47, 0x98, 0xFD,
    0x1B, 0x27, 0x6B, 0xFD, 0x20, 0x31, 0x60, 0xFD, 0x20, 0x31, 0x60, 0xFD, 0x88, 0xA0, 0xBC, 0xFD,
    0xDD, 0xF0, 0xFC, 0xFD, 0xE4, 0xF5, 0xFD, 0xFD, 0xE4, 0xF5, 0xFD, 0xFD, 0xE3, 0xF0, 0xFC, 0xFC,
    0xE3, 0xF1, 0xFC, 0xFD, 0xE2, 0xF3, 0xFC, 0xFD, 0xE2, 0xF3, 0xFC, 0xFD, 0xE3, 0xF4, 0xFD, 0xFD,
    0xDD, 0xF1, 0xFE, 0xFD, 0xD4, 0xF0, 0xFE, 0xFD, 0xD4, 0xF0, 0xFE, 0xFD, 0xC8, 0xEA, 0xFE, 0xFD,
    0xB8, 0xDE, 0xFD, 0xFD, 0xB8, 0xDE, 0xFD, 0xFD, 0xA8, 0xD5, 0xFB, 0xFD, 0x95, 0xD7, 0xFD, 0xFD,
    0x70, 0xBE, 0xFB, 0xFD, 0x70, 0xBE, 0xFB, 0xFD, 0x47, 0x91, 0xE2, 0xFD, 0x2A, 0x66, 0xBC, 0xFD,
    0x29, 0x63, 0xB4, 0xFD, 0x29, 0x63, 0xB4, 0xFD, 0x0C, 0x35, 0x82, 0xFD, 0x0C, 0x4B, 0x9C, 0xFD,
    0x0C, 0x4B, 0x9C, 0xFD, 0x1B, 0x6E, 0xD8, 0xFC, 0x1D, 0x88, 0xFE, 0xFC, 0x25, 0x92, 0xF6, 0xFC,
    0x25, 0x92, 0xF6, 0xFC, 0x08, 0x3B, 0x8C, 0xFC, 0x0F, 0x40, 0x93, 0xFC, 0x38, 0x9C, 0xFC, 0xFC,
    0x38, 0x9C, 0xFC, 0xFC, 0x30, 0xA2, 0xFE, 0xFC, 0x2D, 0xA1, 0xFC, 0xFC, 0x2D, 0x9C, 0xFC, 0xFC,
    0x2D, 0x9C, 0xFC, 0xFC, 0x2A, 0x97, 0xFB, 0xFC, 0x25, 0x95, 0xFC, 0xFC, 0x25, 0x95, 0xFC, 0xFC,
    0x1D, 0x8D, 0xFB, 0xFC, 0x16, 0x8A, 0xF9, 0xFB, 0x15, 0x85, 0xF6, 0xFB, 0x15, 0x85, 0xF6, 0xFB,
    0x14, 0x66, 0xD3, 0xF8, 0x03, 0x19, 0x57, 0xF9, 0x23, 0x52, 0x8C, 0xCD, 0x23, 0x52, 0x8C, 0xCD,
    0x39, 0x7C, 0xBC, 0x54, 0x3B, 0x7D, 0xBE, 0x12, 0x3B, 0x7D, 0xBE, 0x12, 0x3D, 0x7E, 0xBE, 0x0C,
    0x3E, 0x7D, 0xBE, 0x05, 0x3E, 0x7E, 0xBE, 0x03, 0x3E, 0x7E, 0xBE, 0x03, 0x3F, 0x7D, 0xBD, 0x02,
    0x00, 0x00, 0x00, 0x00, 0x00, 0x00, 0x00, 0x00, 0x00, 0x00, 0x00, 0x00, 0x00, 0x00, 0x00, 0x00,
    0x00, 0x00, 0x00, 0x00, 0x00, 0x00, 0x00, 0x00, 0x00, 0x00, 0x00, 0x00, 0x00, 0x00, 0x00, 0x00,
    0x00, 0x00, 0x00, 0x00, 0x00, 0x00, 0x00, 0x00, 0x00, 0x00, 0x00, 0x00, 0x00, 0x00, 0x00, 0x00,
    0x00, 0x00, 0x00, 0x00, 0x00, 0x00, 0x00, 0x00, 0x00, 0x00, 0x00, 0x00, 0x00, 0x00, 0x00, 0x00,
    0x00, 0x00, 0x00, 0x00, 0x00, 0x00, 0x00, 0x00, 0x00, 0x00, 0x00, 0x00, 0x00, 0x00, 0x00, 0x00,
    0x00, 0x00, 0x00, 0x00, 0x00, 0x00, 0x00, 0x00, 0x00, 0x00, 0x00, 0x00, 0x00, 0x00, 0x00, 0x00,
    0x5C, 0x80, 0xA5, 0x01, 0x5C, 0x7F, 0xA4, 0x01, 0x5C, 0x7F, 0xA4, 0x01, 0x5D, 0x80, 0xA3, 0x02,
    0x5C, 0x7F, 0xA3, 0x01, 0x5B, 0x7F, 0xA2, 0x01, 0x5B, 0x7F, 0xA2, 0x01, 0x5C, 0x80, 0xA2, 0x01,
    0x5D, 0x80, 0xA1, 0x02, 0x5D, 0x80, 0xA1, 0x02, 0x5C, 0x7E, 0x9F, 0x06, 0x61, 0x82, 0xA1, 0x03,
    0x54, 0x70, 0x8F, 0x1B, 0x54, 0x70, 0x8F, 0x1B, 0x3A, 0x4A, 0x6A, 0x5F, 0x2D, 0x3A, 0x5E, 0xA7,
    0x1B, 0x2A, 0x4C, 0xF7, 0x1B, 0x2A, 0x4C, 0xF7, 0x4F, 0x71, 0x9F, 0xF7, 0xA7, 0xDF, 0xFC, 0xFA,
    0xA7, 0xDF, 0xFC, 0xFA, 0xC2, 0xF0, 0xFD, 0xFB, 0xD6, 0xF3, 0xFD, 0xFB, 0xE4, 0xF1, 0xFC, 0xFC,
    0xE4, 0xF1, 0xFC, 0xFC, 0xF4, 0xFC, 0xFE, 0xFC, 0xEE, 0xF7, 0xFB, 0xFC, 0xEE, 0xF6, 0xF8, 0xFC,
    0xEE, 0xF6, 0xF8, 0xFC, 0xE8, 0xEA, 0xF0, 0xFC, 0xEA, 0xF0, 0xF5, 0xFC, 0xF0, 0xF8, 0xFD, 0xFD,
    0xF0, 0xF8, 0xFD, 0xFD, 0xEF, 0xF8, 0xFD, 0xFC, 0xAB, 0xB3, 0xD4, 0xFD, 0xAB, 0xB3, 0xD4, 0xFD,
    0x89, 0x92, 0xCA, 0xFD, 0xB3, 0xC5, 0xF8, 0xFD, 0xB0, 0xBC, 0xFC, 0xFD, 0xB0, 0xBC, 0xFC, 0xFD,
    0x9A, 0xA9, 0xFC, 0xFD, 0x87, 0xA9, 0xFC, 0xFD, 0x5A, 0x75, 0xD4, 0xFD, 0x5A, 0x75, 0xD4, 0xFD,
    0x56, 0x6C, 0xAB, 0xFD, 0xAF, 0xC0, 0xDC, 0xFD, 0xAF, 0xC0, 0xDC, 0xFD, 0xE8, 0xF7, 0xFD, 0xFD,
    0xE4, 0xF3, 0xFD, 0xFD, 0xDE, 0xEE, 0xFA, 0xFD, 0xDE, 0xEE, 0xFA, 0xFD, 0xE0, 0xEF, 0xFC, 0xFD,
    0xDF, 0xF1, 0xFC, 0xFC, 0xDA, 0xE9, 0xF9, 0xFC, 0xDA, 0xE9, 0xF9, 0xFC, 0xD9, 0xE6, 0xFA, 0xFD,
    0xD5, 0xE9, 0xFC, 0xFC, 0xCA, 0xE9, 0xFD, 0xFC, 0xCA, 0xE9, 0xFD, 0xFC, 0xB9, 0xE1, 0xFD, 0xFC,
    0xA9, 0xE1, 0xFD, 0xFD, 0xA9, 0xE1, 0xFD, 0xFD, 0x96, 0xCC, 0xFA, 0xFD, 0x86, 0xC8, 0xFA, 0xFD,
    0x6E, 0xB5, 0xF1, 0xFD, 0x6E, 0xB5, 0xF1, 0xFD, 0x39, 0x79, 0xBE, 0xFD, 0x0A, 0x29, 0x72, 0xFD,
    0x07, 0x26, 0x74, 0xFD, 0x07, 0x26, 0x74, 0xFD, 0x0F, 0x45, 0xA3, 0xFD, 0x1F, 0x82, 0xEB, 0xFC,
    0x1F, 0x82, 0xEB, 0xFC, 0x1B, 0x86, 0xFD, 0xFC, 0x1D, 0x7C, 0xEC, 0xFC, 0x0B, 0x4B, 0xA3, 0xFC,
    0x0B, 0x4B, 0xA3, 0xFC, 0x17, 0x63, 0xBE, 0xFC, 0x31, 0x92, 0xF6, 0xFC, 0x32, 0x9D, 0xFE, 0xFC,
    0x32, 0x9D, 0xFE, 0xFC, 0x2A, 0x98, 0xFA, 0xFC, 0x2B, 0x9A, 0xFB, 0xFC, 0x2B, 0x9C, 0xFD, 0xFC,
    0x2B, 0x9C, 0xFD, 0xFC, 0x27, 0x95, 0xFC, 0xFC, 0x1F, 0x8B, 0xF9, 0xFC, 0x1F, 0x8B, 0xF9, 0xFC,
    0x1C, 0x8B, 0xFB, 0xFC, 0x12, 0x7E, 0xF1, 0xFC, 0x11, 0x78, 0xEA, 0xFB, 0x11, 0x78, 0xEA, 0xFB,
    0x17, 0x63, 0xC7, 0xF8, 0x01, 0x0A, 0x33, 0xF0, 0x1F, 0x50, 0x89, 0x61, 0x1F, 0x50, 0x89, 0x61,
    0x3A, 0x82, 0xC2, 0x1C, 0x38, 0x7B, 0xBA, 0x13, 0x38, 0x7B, 0xBA, 0x13, 0x3E, 0x7E, 0xBE, 0x07,
    0x3F, 0x7E, 0xBD, 0x06, 0x3F, 0x7E, 0xBD, 0x03, 0x3F, 0x7E, 0xBD, 0x03, 0x3F, 0x7D, 0xBC, 0x02,
    0x00, 0x00, 0x00, 0x00, 0x00, 0x00, 0x00, 0x00, 0x00, 0x00, 0x00, 0x00, 0x00, 0x00, 0x00, 0x00,
    0x00, 0x00, 0x00, 0x00, 0x00, 0x00, 0x00, 0x00, 0x00, 0x00, 0x00, 0x00, 0x00, 0x00, 0x00, 0x00,
    0x00, 0x00, 0x00, 0x00, 0x00, 0x00, 0x00, 0x00, 0x00, 0x00, 0x00, 0x00, 0x00, 0x00, 0x00, 0x00,
    0x00, 0x00, 0x00, 0x00, 0x00, 0x00, 0x00, 0x00, 0x00, 0x00, 0x00, 0x00, 0x00, 0x00, 0x00, 0x00,
    0x00, 0x00, 0x00, 0x00, 0x00, 0x00, 0x00, 0x00, 0x00, 0x00, 0x00, 0x00, 0x00, 0x00, 0x00, 0x00,
    0x00, 0x00, 0x00, 0x00, 0x00, 0x00, 0x00, 0x00, 0x00, 0x00, 0x00, 0x00, 0x00, 0x00, 0x00, 0x00,
    0x5E, 0x81, 0xA4, 0x01, 0x5E, 0x80, 0xA4, 0x01, 0x5E, 0x80, 0xA4, 0x01, 0x60, 0x81, 0xA2, 0x01,
    0x5F, 0x81, 0xA3, 0x01, 0x5D, 0x80, 0xA3, 0x01, 0x5D, 0x80, 0xA3, 0x01, 0x5F, 0x80, 0xA2, 0x01,
    0x60, 0x81, 0xA2, 0x01, 0x60, 0x81, 0xA2, 0x01, 0x61, 0x81, 0xA2, 0x01, 0x5D, 0x7E, 0xA1, 0x02,
    0x58, 0x7B, 0x9F, 0x0D, 0x58, 0x7B, 0x9F, 0x0D, 0x5D, 0x79, 0x99, 0x31, 0x6D, 0x81, 0x97, 0x6B,
    0x3B, 0x3B, 0x44, 0xED, 0x3B, 0x3B, 0x44, 0xED, 0x15, 0x12, 0x1D, 0xF7, 0x5A, 0x73, 0x87, 0xFA,
    0x5A, 0x73, 0x87, 0xFA, 0x9E, 0xB9, 0xCA, 0xFB, 0xAE, 0xC7, 0xD2, 0xFB, 0xA2, 0xAD, 0xB7, 0xFC,
    0xA2, 0xAD, 0xB7, 0xFC, 0xA9, 0xB8, 0xC3, 0xFC, 0xC7, 0xD1, 0xD8, 0xFC, 0xEE, 0xF4, 0xFA, 0xFC,
    0xEE, 0xF4, 0xFA, 0xFC, 0xEE, 0xF3, 0xF4, 0xFC, 0xEE, 0xF5, 0xF4, 0xFC, 0xE2, 0xE4, 0xE7, 0xFC,
    0xE2, 0xE4, 0xE7, 0xFC, 0xE4, 0xE6, 0xED, 0xFC, 0xDE, 0xE6, 0xF2, 0xFC, 0xDE, 0xE6, 0xF2, 0xFC,
    0xAE, 0xBB, 0xE3, 0xFC, 0x8A, 0x93, 0xDD, 0xFD, 0x8E, 0x9D, 0xF5, 0xFD, 0x8E, 0x9D, 0xF5, 0xFD,
    0x7F, 0x8D, 0xF5, 0xFD, 0x6A, 0x7E, 0xF2, 0xFD, 0x63, 0x7E, 0xD9, 0xFD, 0x63, 0x7E, 0xD9, 0xFD,
    0xAD, 0xC5, 0xEB, 0xFD, 0xE7, 0xF5, 0xFC, 0xFD, 0xE7, 0xF5, 0xFC, 0xFD, 0xDD, 0xEC, 0xF4, 0xFD,
    0xDC, 0xEC, 0xF5, 0xFD, 0xDB, 0xEE, 0xF9, 0xFC, 0xDB, 0xEE, 0xF9, 0xFC, 0xD6, 0xE4, 0xFB, 0xFC,
    0xD4, 0xEC, 0xFD, 0xFC, 0xD0, 0xED, 0xFC, 0xFC, 0xD0, 0xED, 0xFC, 0xFC, 0xCB, 0xE7, 0xFC, 0xFC,
    0xC7, 0xE7, 0xFC, 0xFC, 0xBA, 0xDD, 0xF9, 0xFC, 0xBA, 0xDD, 0xF9, 0xFC, 0x99, 0xBE, 0xE8, 0xFC,
    0x7E, 0xB6, 0xE2, 0xFC, 0x7E, 0xB6, 0xE2, 0xFC, 0x60, 0x94, 0xC6, 0xFC, 0x3E, 0x72, 0xAB, 0xFC,
    0x19, 0x46, 0x87, 0xFC, 0x19, 0x46, 0x87, 0xFC, 0x10, 0x46, 0x92, 0xFD, 0x10, 0x4C, 0xAC, 0xFC,
    0x21, 0x70, 0xDB, 0xFC, 0x21, 0x70, 0xDB, 0xFC, 0x21, 0x80, 0xF3, 0xFC, 0x18, 0x89, 0xFC, 0xFC,
    0x18, 0x89, 0xFC, 0xFC, 0x13, 0x7F, 0xF7, 0xFC, 0x12, 0x59, 0xBD, 0xFC, 0x0E, 0x4F, 0xA2, 0xFC,
    0x0E, 0x4F, 0xA2, 0xFC, 0x37, 0xAB, 0xFF, 0xFC, 0x2B, 0xA0, 0xFF, 0xFC, 0x27, 0x95, 0xFC, 0xFC,
    0x27, 0x95, 0xFC, 0xFC, 0x29, 0x94, 0xFA, 0xFC, 0x2B, 0x97, 0xFB, 0xFC, 0x27, 0x95, 0xFC, 0xFC,
    0x27, 0x95, 0xFC, 0xFC, 0x23, 0x91, 0xFB, 0xFC, 0x1E, 0x8A, 0xFA, 0xFC, 0x1E, 0x8A, 0xFA, 0xFC,
    0x14, 0x82, 0xF7, 0xFB, 0x09, 0x6D, 0xE6, 0xFB, 0x0F, 0x6D, 0xDF, 0xF6, 0x0F, 0x6D, 0xDF, 0xF6,
    0x1D, 0x62, 0xBB, 0xF1, 0x12, 0x39, 0x71, 0xD4, 0x37, 0x74, 0xAE, 0x52, 0x37, 0x74, 0xAE, 0x52,
    0x3A, 0x7E, 0xBE, 0x0A, 0x3C, 0x7D, 0xBC, 0x0D, 0x3C, 0x7D, 0xBC, 0x0D, 0x3F, 0x7E, 0xBE, 0x04,
    0x40, 0x7E, 0xBE, 0x05, 0x40, 0x7F, 0xBD, 0x02, 0x40, 0x7F, 0xBD, 0x02, 0x41, 0x7E, 0xBD, 0x02,
    0x00, 0x00, 0x00, 0x00, 0x00, 0x00, 0x00, 0x00, 0x00, 0x00, 0x00, 0x00, 0x00, 0x00, 0x00, 0x00,
    0x00, 0x00, 0x00, 0x00, 0x00, 0x00, 0x00, 0x00, 0x00, 0x00, 0x00, 0x00, 0x00, 0x00, 0x00, 0x00,
    0x00, 0x00, 0x00, 0x00, 0x00, 0x00, 0x00, 0x00, 0x00, 0x00, 0x00, 0x00, 0x00, 0x00, 0x00, 0x00,
    0x00, 0x00, 0x00, 0x00, 0x00, 0x00, 0x00, 0x00, 0x00, 0x00, 0x00, 0x00, 0x00, 0x00, 0x00, 0x00,
    0x00, 0x00, 0x00, 0x00, 0x00, 0x00, 0x00, 0x00, 0x00, 0x00, 0x00, 0x00, 0x00, 0x00, 0x00, 0x00,
    0x00, 0x00, 0x00, 0x00, 0x00, 0x00, 0x00, 0x00, 0x00, 0x00, 0x00, 0x00, 0x00, 0x00, 0x00, 0x00,
    0x60, 0x81, 0xA3, 0x01, 0x60, 0x81, 0xA3, 0x01, 0x60, 0x81, 0xA3, 0x01, 0x61, 0x82, 0xA2, 0x01,
    0x62, 0x81, 0xA2, 0x01, 0x61, 0x82, 0xA1, 0x01, 0x61, 0x82, 0xA1, 0x01, 0x62, 0x82, 0xA1, 0x01,
    0x63, 0x82, 0xA0, 0x01, 0x63, 0x82, 0xA0, 0x01, 0x63, 0x80, 0xA0, 0x03, 0x64, 0x83, 0xA2, 0x03,
    0x5E, 0x7B, 0x9B, 0x02, 0x5E, 0x7B, 0x9B, 0x02, 0x5D, 0x77, 0x92, 0x04, 0x7A, 0x87, 0x93, 0x26,
    0x5D, 0x54, 0x49, 0xE7, 0x5D, 0x54, 0x49, 0xE7, 0x2D, 0x1A, 0x10, 0xFB, 0x1F, 0x15, 0x0E, 0xFA,
    0x1F, 0x15, 0x0E, 0xFA, 0x1A, 0x1B, 0x14, 0xFB, 0x1D, 0x22, 0x18, 0xFB, 0x16, 0x10, 0x0C, 0xFB,
    0x16, 0x10, 0x0C, 0xFB, 0x1B, 0x14, 0x10, 0xFC, 0x24, 0x1F, 0x1E, 0xFC, 0x90, 0x92, 0x95, 0xFC,
    0x90, 0x92, 0x95, 0xFC, 0xF0, 0xF6, 0xF9, 0xFC, 0xFC, 0xFF, 0xFF, 0xFC, 0xF6, 0xF9, 0xF5, 0xFD,
    0xF6, 0xF9, 0xF5, 0xFD, 0xF8, 0xFB, 0xF5, 0xFC, 0xEB, 0xF1, 0xF3, 0xFC, 0xEB, 0xF1, 0xF3, 0xFC,
    0xC8, 0xD5, 0xF1, 0xFC, 0x8D, 0x95, 0xE0, 0xFD, 0x78, 0x84, 0xEA, 0xFC, 0x78, 0x84, 0xEA, 0xFC,
    0x67, 0x67, 0xE2, 0xFD, 0x64, 0x6C, 0xE5, 0xFD, 0x7D, 0x90, 0xDD, 0xFD, 0x7D, 0x90, 0xDD, 0xFD,
    0xD0, 0xE0, 0xF9, 0xFD, 0xE8, 0xF5, 0xFA, 0xFD, 0xE8, 0xF5, 0xFA, 0xFD, 0xDF, 0xF1, 0xF5, 0xFD,
    0xD9, 0xEC, 0xF6, 0xFC, 0xD6, 0xEE, 0xFB, 0xFD, 0xD6, 0xEE, 0xFB, 0xFD, 0xD0, 0xE4, 0xFC, 0xFC,
    0xBE, 0xDE, 0xFB, 0xFC, 0xA4, 0xCA, 0xEF, 0xFC, 0xA4, 0xCA, 0xEF, 0xFC, 0x9D, 0xCB, 0xF5, 0xFC,
    0x93, 0xC1, 0xED, 0xFC, 0x6F, 0x9C, 0xCB, 0xFC, 0x6F, 0x9C, 0xCB, 0xFC, 0x34, 0x54, 0x87, 0xFC,
    0x15, 0x36, 0x67, 0xFC, 0x15, 0x36, 0x67, 0xFC, 0x0D, 0x2F, 0x64, 0xFC, 0x14, 0x46, 0x84, 0xFC,
    0x14, 0x4D, 0xAA, 0xFC, 0x14, 0x4D, 0xAA, 0xFC, 0x20, 0x78, 0xE2, 0xFC, 0x1D, 0x86, 0xF7, 0xFC,
    0x1D, 0x8E, 0xFC, 0xFC, 0x1D, 0x8E, 0xFC, 0xFC, 0x10, 0x77, 0xF4, 0xFC, 0x0E, 0x78, 0xF3, 0xFC,
    0x0E, 0x78, 0xF3, 0xFC, 0x19, 0x7D, 0xEB, 0xFC, 0x04, 0x29, 0x84, 0xFC, 0x1E, 0x64, 0xC1, 0xFC,
    0x1E, 0x64, 0xC1, 0xFC, 0x31, 0xA3, 0xFF, 0xFC, 0x25, 0x98, 0xFE, 0xFC, 0x25, 0x8F, 0xFA, 0xFC,
    0x25, 0x8F, 0xFA, 0xFC, 0x24, 0x8B, 0xF9, 0xFC, 0x25, 0x8C, 0xFA, 0xFC, 0x1F, 0x87, 0xF6, 0xFC,
    0x1F, 0x87, 0xF6, 0xFC, 0x1F, 0x8A, 0xF9, 0xFC, 0x16, 0x7E, 0xF3, 0xFB, 0x16, 0x7E, 0xF3, 0xFB,
    0x08, 0x6C, 0xE6, 0xFB, 0x0C, 0x6F, 0xE5, 0xF9, 0x18, 0x66, 0xCF, 0xFA, 0x18, 0x66, 0xCF, 0xFA,
    0x04, 0x15, 0x5C, 0xE1, 0x1F, 0x4E, 0x8C, 0x55, 0x41, 0x84, 0xC2, 0x15, 0x41, 0x84, 0xC2, 0x15,
    0x3A, 0x7B, 0xBC, 0x06, 0x3F, 0x7E, 0xBE, 0x09, 0x3F, 0x7E, 0xBE, 0x09, 0x3F, 0x7F, 0xBD, 0x05,
    0x40, 0x7F, 0xBD, 0x04, 0x40, 0x7F, 0xBD, 0x02, 0x40, 0x7F, 0xBD, 0x02, 0x41, 0x7E, 0xBC, 0x02,
    0x00, 0x00, 0x00, 0x00, 0x00, 0x00, 0x00, 0x00, 0x00, 0x00, 0x00, 0x00, 0x00, 0x00, 0x00, 0x00,
    0x00, 0x00, 0x00, 0x00, 0x00, 0x00, 0x00, 0x00, 0x00, 0x00, 0x00, 0x00, 0x00, 0x00, 0x00, 0x00,
    0x00, 0x00, 0x00, 0x00, 0x00, 0x00, 0x00, 0x00, 0x00, 0x00, 0x00, 0x00, 0x00, 0x00, 0x00, 0x00,
    0x00, 0x00, 0x00, 0x00, 0x00, 0x00, 0x00, 0x00, 0x00, 0x00, 0x00, 0x00, 0x00, 0x00, 0x00, 0x00,
    0x00, 0x00, 0x00, 0x00, 0x00, 0x00, 0x00, 0x00, 0x00, 0x00, 0x00, 0x00, 0x00, 0x00, 0x00, 0x00,
    0x00, 0x00, 0x00, 0x00, 0x00, 0x00, 0x00, 0x00, 0x00, 0x00, 0x00, 0x00, 0x00, 0x00, 0x00, 0x00,
    0x60, 0x81, 0xA3, 0x01, 0x60, 0x81, 0xA3, 0x01, 0x60, 0x81, 0xA3, 0x01, 0x61, 0x82, 0xA2, 0x01,
    0x62, 0x81, 0xA2, 0x01, 0x61, 0x82, 0xA1, 0x01, 0x61, 0x82, 0xA1, 0x01, 0x62, 0x82, 0xA1, 0x01,
    0x63, 0x82, 0xA0, 0x01, 0x63, 0x82, 0xA0, 0x01, 0x63, 0x80, 0xA0, 0x03, 0x64, 0x83, 0xA2, 0x03,
    0x5E, 0x7B, 0x9B, 0x02, 0x5E, 0x7B, 0x9B, 0x02, 0x5D, 0x77, 0x92, 0x04, 0x7A, 0x87, 0x93, 0x26,
    0x5D, 0x54, 0x49, 0xE7, 0x5D, 0x54, 0x49, 0xE7, 0x2D, 0x1A, 0x10, 0xFB, 0x1F, 0x15, 0x0E, 0xFA,
    0x1F, 0x15, 0x0E, 0xFA, 0x1A, 0x1B, 0x14, 0xFB, 0x1D, 0x22, 0x18, 0xFB, 0x16, 0x10, 0x0C, 0xFB,
    0x16, 0x10, 0x0C, 0xFB, 0x1B, 0x14, 0x10, 0xFC, 0x24, 0x1F, 0x1E, 0xFC, 0x90, 0x92, 0x95, 0xFC,
    0x90, 0x92, 0x95, 0xFC, 0xF0, 0xF6, 0xF9, 0xFC, 0xFC, 0xFF, 0xFF, 0xFC, 0xF6, 0xF9, 0xF5, 0xFD,
    0xF6, 0xF9, 0xF5, 0xFD, 0xF8, 0xFB, 0xF5, 0xFC, 0xEB, 0xF1, 0xF3, 0xFC, 0xEB, 0xF1, 0xF3, 0xFC,
    0xC8, 0xD5, 0xF1, 0xFC, 0x8D, 0x95, 0xE0, 0xFD, 0x78, 0x84, 0xEA, 0xFC, 0x78, 0x84, 0xEA, 0xFC,
    0x67, 0x67, 0xE2, 0xFD, 0x64, 0x6C, 0xE5, 0xFD, 0x7D, 0x90, 0xDD, 0xFD, 0x7D, 0x90, 0xDD, 0xFD,
    0xD0, 0xE0, 0xF9, 0xFD, 0xE8, 0xF5, 0xFA, 0xFD, 0xE8, 0xF5, 0xFA, 0xFD, 0xDF, 0xF1, 0xF5, 0xFD,
    0xD9, 0xEC, 0xF6, 0xFC, 0xD6, 0xEE, 0xFB, 0xFD, 0xD6, 0xEE, 0xFB, 0xFD, 0xD0, 0xE4, 0xFC, 0xFC,
    0xBE, 0xDE, 0xFB, 0xFC, 0xA4, 0xCA, 0xEF, 0xFC, 0xA4, 0xCA, 0xEF, 0xFC, 0x9D, 0xCB, 0xF5, 0xFC,
    0x93, 0xC1, 0xED, 0xFC, 0x6F, 0x9C, 0xCB, 0xFC, 0x6F, 0x9C, 0xCB, 0xFC, 0x34, 0x54, 0x87, 0xFC,
    0x15, 0x36, 0x67, 0xFC, 0x15, 0x36, 0x67, 0xFC, 0x0D, 0x2F, 0x64, 0xFC, 0x14, 0x46, 0x84, 0xFC,
    0x14, 0x4D, 0xAA, 0xFC, 0x14, 0x4D, 0xAA, 0xFC, 0x20, 0x78, 0xE2, 0xFC, 0x1D, 0x86, 0xF7, 0xFC,
    0x1D, 0x8E, 0xFC, 0xFC, 0x1D, 0x8E, 0xFC, 0xFC, 0x10, 0x77, 0xF4, 0xFC, 0x0E, 0x78, 0xF3, 0xFC,
    0x0E, 0x78, 0xF3, 0xFC, 0x19, 0x7D, 0xEB, 0xFC, 0x04, 0x29, 0x84, 0xFC, 0x1E, 0x64, 0xC1, 0xFC,
    0x1E, 0x64, 0xC1, 0xFC, 0x31, 0xA3, 0xFF, 0xFC, 0x25, 0x98, 0xFE, 0xFC, 0x25, 0x8F, 0xFA, 0xFC,
    0x25, 0x8F, 0xFA, 0xFC, 0x24, 0x8B, 0xF9, 0xFC, 0x25, 0x8C, 0xFA, 0xFC, 0x1F, 0x87, 0xF6, 0xFC,
    0x1F, 0x87, 0xF6, 0xFC, 0x1F, 0x8A, 0xF9, 0xFC, 0x16, 0x7E, 0xF3, 0xFB, 0x16, 0x7E, 0xF3, 0xFB,
    0x08, 0x6C, 0xE6, 0xFB, 0x0C, 0x6F, 0xE5, 0xF9, 0x18, 0x66, 0xCF, 0xFA, 0x18, 0x66, 0xCF, 0xFA,
    0x04, 0x15, 0x5C, 0xE1, 0x1F, 0x4E, 0x8C, 0x55, 0x41, 0x84, 0xC2, 0x15, 0x41, 0x84, 0xC2, 0x15,
    0x3A, 0x7B, 0xBC, 0x06, 0x3F, 0x7E, 0xBE, 0x09, 0x3F, 0x7E, 0xBE, 0x09, 0x3F, 0x7F, 0xBD, 0x05,
    0x40, 0x7F, 0xBD, 0x04, 0x40, 0x7F, 0xBD, 0x02, 0x40, 0x7F, 0xBD, 0x02, 0x41, 0x7E, 0xBC, 0x02,
    0x00, 0x00, 0x00, 0x00, 0x00, 0x00, 0x00, 0x00, 0x00, 0x00, 0x00, 0x00, 0x00, 0x00, 0x00, 0x00,
    0x00, 0x00, 0x00, 0x00, 0x00, 0x00, 0x00, 0x00, 0x00, 0x00, 0x00, 0x00, 0x00, 0x00, 0x00, 0x00,
    0x00, 0x00, 0x00, 0x00, 0x00, 0x00, 0x00, 0x00, 0x00, 0x00, 0x00, 0x00, 0x00, 0x00, 0x00, 0x00,
    0x00, 0x00, 0x00, 0x00, 0x00, 0x00, 0x00, 0x00, 0x00, 0x00, 0x00, 0x00, 0x00, 0x00, 0x00, 0x00,
    0x00, 0x00, 0x00, 0x00, 0x00, 0x00, 0x00, 0x00, 0x00, 0x00, 0x00, 0x00, 0x00, 0x00, 0x00, 0x00,
    0x00, 0x00, 0x00, 0x00, 0x00, 0x00, 0x00, 0x00, 0x00, 0x00, 0x00, 0x00, 0x00, 0x00, 0x00, 0x00,
    0x61, 0x82, 0xA3, 0x01, 0x62, 0x82, 0xA3, 0x01, 0x62, 0x82, 0xA3, 0x01, 0x62, 0x83, 0xA3, 0x01,
    0x65, 0x83, 0xA0, 0x01, 0x66, 0x83, 0xA0, 0x01, 0x66, 0x83, 0xA0, 0x01, 0x68, 0x85, 0xA1, 0x02,
    0x67, 0x86, 0xA1, 0x01, 0x67, 0x86, 0xA1, 0x01, 0x64, 0x82, 0x9E, 0x04, 0x6B, 0x87, 0x9E, 0x01,
    0x59, 0x60, 0x6F, 0x21, 0x59, 0x60, 0x6F, 0x21, 0x47, 0x3A, 0x3A, 0x96, 0x5C, 0x3F, 0x2D, 0xC6,
    0x7A, 0x4F, 0x24, 0xFB, 0x7A, 0x4F, 0x24, 0xFB, 0x8F, 0x5C, 0x23, 0xF9, 0xA1, 0x6C, 0x2D, 0xFA,
    0xA1, 0x6C, 0x2D, 0xFA, 0x9C, 0x69, 0x2A, 0xFB, 0x96, 0x67, 0x2E, 0xFB, 0x91, 0x5C, 0x28, 0xFB,
    0x91, 0x5C, 0x28, 0xFB, 0x8B, 0x57, 0x27, 0xFB, 0x6A, 0x41, 0x19, 0xFC, 0x50, 0x3D, 0x23, 0xFC,
    0x50, 0x3D, 0x23, 0xFC, 0x6C, 0x55, 0x4D, 0xFC, 0xBC, 0xB6, 0xB6, 0xFC, 0xD2, 0xD4, 0xD3, 0xFC,
    0xD2, 0xD4, 0xD3, 0xFC, 0xDA, 0xE2, 0xDE, 0xFC, 0xCA, 0xCF, 0xDA, 0xFC, 0xCA, 0xCF, 0xDA, 0xFC,
    0xB1, 0xC1, 0xE5, 0xFC, 0x80, 0x8E, 0xDC, 0xFC, 0x71, 0x8B, 0xEE, 0xFC, 0x71, 0x8B, 0xEE, 0xFC,
    0x6F, 0x87, 0xF1, 0xFC, 0x6F, 0x89, 0xF1, 0xFC, 0x7D, 0x95, 0xDE, 0xFC, 0x7D, 0x95, 0xDE, 0xFC,
    0xB8, 0xCC, 0xEE, 0xFC, 0xC8, 0xDB, 0xEB, 0xFC, 0xC8, 0xDB, 0xEB, 0xFC, 0xCA, 0xE6, 0xF3, 0xFC,
    0xC9, 0xE0, 0xF1, 0xFC, 0xC5, 0xE4, 0xF3, 0xFC, 0xC5, 0xE4, 0xF3, 0xFC, 0xAF, 0xCB, 0xE7, 0xFC,
    0x7A, 0x9D, 0xBF, 0xFC, 0x47, 0x6D, 0x9A, 0xFC, 0x47, 0x6D, 0x9A, 0xFC, 0x48, 0x79, 0xB9, 0xFC,
    0x43, 0x77, 0xC0, 0xFC, 0x34, 0x72, 0xB3, 0xFC, 0x34, 0x72, 0xB3, 0xFC, 0x1D, 0x52, 0x98, 0xFC,
    0x21, 0x61, 0xA8, 0xFC, 0x21, 0x61, 0xA8, 0xFC, 0x26, 0x6E, 0xC3, 0xFC, 0x2C, 0x8F, 0xEC, 0xFC,
    0x28, 0x94, 0xF7, 0xFC, 0x28, 0x94, 0xF7, 0xFC, 0x20, 0x8D, 0xF9, 0xFC, 0x15, 0x83, 0xF8, 0xFC,
    0x11, 0x82, 0xF9, 0xFC, 0x11, 0x82, 0xF9, 0xFC, 0x0E, 0x7F, 0xF8, 0xFC, 0x18, 0x85, 0xF4, 0xFC,
    0x18, 0x85, 0xF4, 0xFC, 0x0D, 0x5D, 0xC0, 0xFC, 0x10, 0x4D, 0xA3, 0xFC, 0x3F, 0x9A, 0xF1, 0xFC,
    0x3F, 0x9A, 0xF1, 0xFC, 0x2E, 0x9A, 0xFD, 0xFC, 0x24, 0x92, 0xFB, 0xFC, 0x24, 0x94, 0xFB, 0xFC,
    0x24, 0x94, 0xFB, 0xFC, 0x24, 0x96, 0xFB, 0xFC, 0x20, 0x90, 0xFA, 0xFC, 0x1D, 0x87, 0xF7, 0xFB,
    0x1D, 0x87, 0xF7, 0xFB, 0x19, 0x82, 0xF4, 0xFB, 0x0E, 0x72, 0xEA, 0xFB, 0x0E, 0x72, 0xEA, 0xFB,
    0x0B, 0x6D, 0xE9, 0xF9, 0x16, 0x75, 0xE4, 0xF6, 0x09, 0x2D, 0x73, 0xE9, 0x09, 0x2D, 0x73, 0xE9,
    0x0B, 0x23, 0x58, 0xA4, 0x39, 0x76, 0xB7, 0x21, 0x3C, 0x81, 0xBE, 0x06, 0x3C, 0x81, 0xBE, 0x06,
    0x3E, 0x7F, 0xBE, 0x05, 0x3F, 0x7F, 0xBE, 0x05, 0x3F, 0x7F, 0xBE, 0x05, 0x40, 0x80, 0xBE, 0x04,
    0x40, 0x7F, 0xBD, 0x03, 0x41, 0x80, 0xBD, 0x02, 0x41, 0x80, 0xBD, 0x02, 0x42, 0x7F, 0xBC, 0x02,
    0x00, 0x00, 0x00, 0x00, 0x00, 0x00, 0x00, 0x00, 0x00, 0x00, 0x00, 0x00, 0x00, 0x00, 0x00, 0x00,
    0x00, 0x00, 0x00, 0x00, 0x00, 0x00, 0x00, 0x00, 0x00, 0x00, 0x00, 0x00, 0x00, 0x00, 0x00, 0x00,
    0x00, 0x00, 0x00, 0x00, 0x00, 0x00, 0x00, 0x00, 0x00, 0x00, 0x00, 0x00, 0x00, 0x00, 0x00, 0x00,
    0x00, 0x00, 0x00, 0x00, 0x00, 0x00, 0x00, 0x00, 0x00, 0x00, 0x00, 0x00, 0x00, 0x00, 0x00, 0x00,
    0x00, 0x00, 0x00, 0x00, 0x00, 0x00, 0x00, 0x00, 0x00, 0x00, 0x00, 0x00, 0x00, 0x00, 0x00, 0x00,
    0x00, 0x00, 0x00, 0x00, 0x00, 0x00, 0x00, 0x00, 0x00, 0x00, 0x00, 0x00, 0x00, 0x00, 0x00, 0x00,
    0x62, 0x82, 0xA3, 0x01, 0x64, 0x83, 0xA3, 0x01, 0x64, 0x83, 0xA3, 0x01, 0x64, 0x84, 0xA3, 0x01,
    0x68, 0x85, 0xA1, 0x01, 0x6B, 0x85, 0xA0, 0x01, 0x6B, 0x85, 0xA0, 0x01, 0x6C, 0x85, 0x9F, 0x02,
    0x6D, 0x89, 0xA1, 0x01, 0x6D, 0x89, 0xA1, 0x01, 0x69, 0x7E, 0x99, 0x02, 0x4E, 0x4E, 0x59, 0x39,
    0x45, 0x31, 0x1F, 0xCC, 0x45, 0x31, 0x1F, 0xCC, 0x7B, 0x4E, 0x23, 0xFB, 0xB1, 0x6F, 0x30, 0xFB,
    0xD5, 0x98, 0x46, 0xFA, 0xD5, 0x98, 0x46, 0xFA, 0xE1, 0xA1, 0x48, 0xFA, 0xEB, 0xB0, 0x52, 0xFB,
    0xEB, 0xB0, 0x52, 0xFB, 0xE5, 0xA5, 0x4B, 0xFC, 0xE9, 0xA8, 0x50, 0xFB, 0xE0, 0x99, 0x47, 0xFC,
    0xE0, 0x99, 0x47, 0xFC, 0xE1, 0x9E, 0x4B, 0xFB, 0xD7, 0x9A, 0x4B, 0xFC, 0xB4, 0x73, 0x3B, 0xFC,
    0xB4, 0x73, 0x3B, 0xFC, 0x68, 0x31, 0x12, 0xFC, 0x3A, 0x24, 0x17, 0xFC, 0x27, 0x1E, 0x20, 0xFC,
    0x27, 0x1E, 0x20, 0xFC, 0x32, 0x33, 0x3C, 0xFC, 0x29, 0x2A, 0x52, 0xFC, 0x29, 0x2A, 0x52, 0xFC,
    0x2E, 0x34, 0x83, 0xFC, 0x33, 0x37, 0xA5, 0xFC, 0x41, 0x5C, 0xCB, 0xFC, 0x41, 0x5C, 0xCB, 0xFC,
    0x44, 0x58, 0xCC, 0xFC, 0x3F, 0x58, 0xC8, 0xFC, 0x3B, 0x52, 0xAD, 0xFC, 0x3B, 0x52, 0xAD, 0xFC,
    0x44, 0x54, 0x96, 0xFC, 0x49, 0x5E, 0x8A, 0xFC, 0x49, 0x5E, 0x8A, 0xFC, 0x55, 0x7C, 0x99, 0xFC,
    0x56, 0x72, 0x93, 0xFC, 0x5B, 0x7E, 0x98, 0xFC, 0x5B, 0x7E, 0x98, 0xFC, 0x48, 0x60, 0x82, 0xFC,
    0x2C, 0x46, 0x64, 0xFC, 0x36, 0x66, 0x8D, 0xFC, 0x36, 0x66, 0x8D, 0xFC, 0x55, 0x91, 0xD7, 0xFC,
    0x55, 0x99, 0xEB, 0xFC, 0x56, 0xAD, 0xF6, 0xFC, 0x56, 0xAD, 0xF6, 0xFC, 0x47, 0xA8, 0xF6, 0xFC,
    0x40, 0xAD, 0xFB, 0xFC, 0x40, 0xAD, 0xFB, 0xFC, 0x33, 0xA1, 0xFC, 0xFC, 0x25, 0x9A, 0xFC, 0xFC,
    0x1A, 0x93, 0xFC, 0xFC, 0x1A, 0x93, 0xFC, 0xFC, 0x16, 0x89, 0xFC, 0xFC, 0x13, 0x82, 0xF9, 0xFC,
    0x0E, 0x7C, 0xF8, 0xFC, 0x0E, 0x7C, 0xF8, 0xFC, 0x13, 0x82, 0xF7, 0xFC, 0x14, 0x6F, 0xD9, 0xFC,
    0x14, 0x6F, 0xD9, 0xFC, 0x04, 0x2E, 0x82, 0xFC, 0x40, 0x87, 0xCD, 0xFC, 0x6F, 0xCB, 0xFB, 0xFC,
    0x6F, 0xCB, 0xFB, 0xFC, 0x52, 0xAF, 0xF9, 0xFC, 0x36, 0x94, 0xF7, 0xFC, 0x2A, 0x95, 0xFA, 0xFC,
    0x2A, 0x95, 0xFA, 0xFC, 0x1C, 0x86, 0xF6, 0xFC, 0x1D, 0x8C, 0xFA, 0xFC, 0x17, 0x80, 0xF5, 0xFC,
    0x17, 0x80, 0xF5, 0xFC, 0x0F, 0x71, 0xED, 0xFB, 0x0E, 0x6F, 0xEB, 0xFA, 0x0E, 0x6F, 0xEB, 0xFA,
    0x1B, 0x7B, 0xEA, 0xF8, 0x0B, 0x34, 0x7F, 0xFB, 0x03, 0x16, 0x46, 0xAD, 0x03, 0x16, 0x46, 0xAD,
    0x3D, 0x78, 0xB2, 0x23, 0x3E, 0x83, 0xC2, 0x08, 0x3D, 0x7F, 0xBD, 0x07, 0x3D, 0x7F, 0xBD, 0x07,
    0x41, 0x81, 0xC0, 0x05, 0x41, 0x80, 0xBF, 0x05, 0x41, 0x80, 0xBF, 0x05, 0x41, 0x80, 0xBE, 0x03,
    0x42, 0x80, 0xBD, 0x03, 0x42, 0x7F, 0xBC, 0x02, 0x42, 0x7F, 0xBC, 0x02, 0x43, 0x7F, 0xBB, 0x01,
    0x00, 0x00, 0x00, 0x00, 0x00, 0x00, 0x00, 0x00, 0x00, 0x00, 0x00, 0x00, 0x00, 0x00, 0x00, 0x00,
    0x00, 0x00, 0x00, 0x00, 0x00, 0x00, 0x00, 0x00, 0x00, 0x00, 0x00, 0x00, 0x00, 0x00, 0x00, 0x00,
    0x00, 0x00, 0x00, 0x00, 0x00, 0x00, 0x00, 0x00, 0x00, 0x00, 0x00, 0x00, 0x00, 0x00, 0x00, 0x00,
    0x00, 0x00, 0x00, 0x00, 0x00, 0x00, 0x00, 0x00, 0x00, 0x00, 0x00, 0x00, 0x00, 0x00, 0x00, 0x00,
    0x00, 0x00, 0x00, 0x00, 0x00, 0x00, 0x00, 0x00, 0x00, 0x00, 0x00, 0x00, 0x00, 0x00, 0x00, 0x00,
    0x00, 0x00, 0x00, 0x00, 0x00, 0x00, 0x00, 0x00, 0x00, 0x00, 0x00, 0x00, 0x00, 0x00, 0x00, 0x00,
    0x63, 0x83, 0xA3, 0x01, 0x66, 0x84, 0xA2, 0x01, 0x66, 0x84, 0xA2, 0x01, 0x67, 0x84, 0xA3, 0x01,
    0x69, 0x85, 0xA2, 0x01, 0x6B, 0x86, 0xA2, 0x01, 0x6B, 0x86, 0xA2, 0x01, 0x6E, 0x87, 0xA0, 0x01,
    0x6B, 0x7F, 0x96, 0x04, 0x6B, 0x7F, 0x96, 0x04, 0x50, 0x4B, 0x54, 0x46, 0x48, 0x20, 0x14, 0xE3,
    0x95, 0x64, 0x32, 0xF2, 0x95, 0x64, 0x32, 0xF2, 0xD5, 0xA2, 0x4F, 0xF3, 0xE7, 0x9F, 0x48, 0xF9,
    0xEA, 0xAA, 0x4D, 0xFA, 0xEA, 0xAA, 0x4D, 0xFA, 0xE5, 0xA3, 0x49, 0xFB, 0xE3, 0xA5, 0x49, 0xFB,
    0xE3, 0xA5, 0x49, 0xFB, 0xE1, 0xA1, 0x45, 0xFB, 0xE3, 0xA2, 0x48, 0xFB, 0xDD, 0x97, 0x41, 0xFB,
    0xDD, 0x97, 0x41, 0xFB, 0xD6, 0x92, 0x3C, 0xFB, 0xCE, 0x88, 0x34, 0xFC, 0xD6, 0x86, 0x3B, 0xFB,
    0xD6, 0x86, 0x3B, 0xFB, 0xC5, 0x7B, 0x36, 0xFC, 0x8D, 0x58, 0x2B, 0xFC, 0x50, 0x2E, 0x17, 0xFC,
    0x50, 0x2E, 0x17, 0xFC, 0x26, 0x19, 0x19, 0xFC, 0x2A, 0x2D, 0x64, 0xFC, 0x2A, 0x2D, 0x64, 0xFC,
    0x2D, 0x3C, 0xA6, 0xFB, 0x22, 0x32, 0xB1, 0xFC, 0x22, 0x36, 0xB3, 0xFB, 0x22, 0x36, 0xB3, 0xFB,
    0x1D, 0x27, 0xAA, 0xFB, 0x25, 0x40, 0xB9, 0xFB, 0x18, 0x2E, 0x94, 0xFC, 0x18, 0x2E, 0x94, 0xFC,
    0x18, 0x25, 0x71, 0xFC, 0x19, 0x34, 0x62, 0xFC, 0x19, 0x34, 0x62, 0xFC, 0x1B, 0x3F, 0x63, 0xFB,
    0x18, 0x2F, 0x59, 0xFB, 0x25, 0x3F, 0x66, 0xFC, 0x25, 0x3F, 0x66, 0xFC, 0x19, 0x28, 0x50, 0xFC,
    0x14, 0x25, 0x49, 0xFB, 0x51, 0x87, 0xB0, 0xFC, 0x51, 0x87, 0xB0, 0xFC, 0x79, 0xBD, 0xF6, 0xFC,
    0x74, 0xBF, 0xFC, 0xFC, 0x5F, 0xB5, 0xFC, 0xFC, 0x5F, 0xB5, 0xFC, 0xFC, 0x4F, 0xB2, 0xFB, 0xFC,
    0x41, 0xB0, 0xFC, 0xFC, 0x41, 0xB0, 0xFC, 0xFC, 0x32, 0xA5, 0xFC, 0xFC, 0x27, 0x9B, 0xFB, 0xFC,
    0x20, 0x98, 0xFB, 0xFC, 0x20, 0x98, 0xFB, 0xFC, 0x1C, 0x92, 0xFB, 0xFB, 0x16, 0x89, 0xF9, 0xFB,
    0x15, 0x86, 0xF7, 0xFB, 0x15, 0x86, 0xF7, 0xFB, 0x1E, 0x7E, 0xED, 0xFC, 0x0D, 0x43, 0x92, 0xFC,
    0x0D, 0x43, 0x92, 0xFC, 0x28, 0x58, 0x8E, 0xFC, 0x8C, 0xC8, 0xF1, 0xFB, 0x8E, 0xCB, 0xF1, 0xFC,
    0x8E, 0xCB, 0xF1, 0xFC, 0x91, 0xD1, 0xF4, 0xFC, 0x7E, 0xC6, 0xF9, 0xFC, 0x57, 0xB1, 0xF9, 0xFB,
    0x57, 0xB1, 0xF9, 0xFB, 0x23, 0x84, 0xF1, 0xFA, 0x1E, 0x8D, 0xFA, 0xF9, 0x12, 0x7C, 0xF7, 0xFA,
    0x12, 0x7C, 0xF7, 0xFA, 0x16, 0x7B, 0xF2, 0xF6, 0x1A, 0x67, 0xD1, 0xF6, 0x1A, 0x67, 0xD1, 0xF6,
    0x07, 0x2A, 0x75, 0xEA, 0x07, 0x1E, 0x51, 0xB1, 0x38, 0x6F, 0xB0, 0x30, 0x38, 0x6F, 0xB0, 0x30,
    0x40, 0x82, 0xC6, 0x05, 0x3C, 0x7F, 0xC0, 0x06, 0x42, 0x80, 0xC1, 0x04, 0x42, 0x80, 0xC1, 0x04,
    0x42, 0x81, 0xC0, 0x04, 0x41, 0x80, 0xBE, 0x04, 0x41, 0x80, 0xBE, 0x04, 0x42, 0x80, 0xBE, 0x03,
    0x42, 0x80, 0xBD, 0x03, 0x43, 0x80, 0xBC, 0x02, 0x43, 0x80, 0xBC, 0x02, 0x43, 0x7F, 0xBB, 0x01,
    0x00, 0x00, 0x00, 0x00, 0x00, 0x00, 0x00, 0x00, 0x00, 0x00, 0x00, 0x00, 0x00, 0x00, 0x00, 0x00,
    0x00, 0x00, 0x00, 0x00, 0x00, 0x00, 0x00, 0x00, 0x00, 0x00, 0x00, 0x00, 0x00, 0x00, 0x00, 0x00,
    0x00, 0x00, 0x00, 0x00, 0x00, 0x00, 0x00, 0x00, 0x00, 0x00, 0x00, 0x00, 0x00, 0x00, 0x00, 0x00,
    0x00, 0x00, 0x00, 0x00, 0x00, 0x00, 0x00, 0x00, 0x00, 0x00, 0x00, 0x00, 0x00, 0x00, 0x00, 0x00,
    0x00, 0x00, 0x00, 0x00, 0x00, 0x00, 0x00, 0x00, 0x00, 0x00, 0x00, 0x00, 0x00, 0x00, 0x00, 0x00,
    0x00, 0x00, 0x00, 0x00, 0x00, 0x00, 0x00, 0x00, 0x00, 0x00, 0x00, 0x00, 0x00, 0x00, 0x00, 0x00,
    0x63, 0x83, 0xA3, 0x01, 0x66, 0x84, 0xA2, 0x01, 0x66, 0x84, 0xA2, 0x01, 0x67, 0x84, 0xA3, 0x01,
    0x69, 0x85, 0xA2, 0x01, 0x6B, 0x86, 0xA2, 0x01, 0x6B, 0x86, 0xA2, 0x01, 0x6E, 0x87, 0xA0, 0x01,
    0x6B, 0x7F, 0x96, 0x04, 0x6B, 0x7F, 0x96, 0x04, 0x50, 0x4B, 0x54, 0x46, 0x48, 0x20, 0x14, 0xE3,
    0x95, 0x64, 0x32, 0xF2, 0x95, 0x64, 0x32, 0xF2, 0xD5, 0xA2, 0x4F, 0xF3, 0xE7, 0x9F, 0x48, 0xF9,
    0xEA, 0xAA, 0x4D, 0xFA, 0xEA, 0xAA, 0x4D, 0xFA, 0xE5, 0xA3, 0x49, 0xFB, 0xE3, 0xA5, 0x49, 0xFB,
    0xE3, 0xA5, 0x49, 0xFB, 0xE1, 0xA1, 0x45, 0xFB, 0xE3, 0xA2, 0x48, 0xFB, 0xDD, 0x97, 0x41, 0xFB,
    0xDD, 0x97, 0x41, 0xFB, 0xD6, 0x92, 0x3C, 0xFB, 0xCE, 0x88, 0x34, 0xFC, 0xD6, 0x86, 0x3B, 0xFB,
    0xD6, 0x86, 0x3B, 0xFB, 0xC5, 0x7B, 0x36, 0xFC, 0x8D, 0x58, 0x2B, 0xFC, 0x50, 0x2E, 0x17, 0xFC,
    0x50, 0x2E, 0x17, 0xFC, 0x26, 0x19, 0x19, 0xFC, 0x2A, 0x2D, 0x64, 0xFC, 0x2A, 0x2D, 0x64, 0xFC,
    0x2D, 0x3C, 0xA6, 0xFB, 0x22, 0x32, 0xB1, 0xFC, 0x22, 0x36, 0xB3, 0xFB, 0x22, 0x36, 0xB3, 0xFB,
    0x1D, 0x27, 0xAA, 0xFB, 0x25, 0x40, 0xB9, 0xFB, 0x18, 0x2E, 0x94, 0xFC, 0x18, 0x2E, 0x94, 0xFC,
    0x18, 0x25, 0x71, 0xFC, 0x19, 0x34, 0x62, 0xFC, 0x19, 0x34, 0x62, 0xFC, 0x1B, 0x3F, 0x63, 0xFB,
    0x18, 0x2F, 0x59, 0xFB, 0x25, 0x3F, 0x66, 0xFC, 0x25, 0x3F, 0x66, 0xFC, 0x19, 0x28, 0x50, 0xFC,
    0x14, 0x25, 0x49, 0xFB, 0x51, 0x87, 0xB0, 0xFC, 0x51, 0x87, 0xB0, 0xFC, 0x79, 0xBD, 0xF6, 0xFC,
    0x74, 0xBF, 0xFC, 0xFC, 0x5F, 0xB5, 0xFC, 0xFC, 0x5F, 0xB5, 0xFC, 0xFC, 0x4F, 0xB2, 0xFB, 0xFC,
    0x41, 0xB0, 0xFC, 0xFC, 0x41, 0xB0, 0xFC, 0xFC, 0x32, 0xA5, 0xFC, 0xFC, 0x27, 0x9B, 0xFB, 0xFC,
    0x20, 0x98, 0xFB, 0xFC, 0x20, 0x98, 0xFB, 0xFC, 0x1C, 0x92, 0xFB, 0xFB, 0x16, 0x89, 0xF9, 0xFB,
    0x15, 0x86, 0xF7, 0xFB, 0x15, 0x86, 0xF7, 0xFB, 0x1E, 0x7E, 0xED, 0xFC, 0x0D, 0x43, 0x92, 0xFC,
    0x0D, 0x43, 0x92, 0xFC, 0x28, 0x58, 0x8E, 0xFC, 0x8C, 0xC8, 0xF1, 0xFB, 0x8E, 0xCB, 0xF1, 0xFC,
    0x8E, 0xCB, 0xF1, 0xFC, 0x91, 0xD1, 0xF4, 0xFC, 0x7E, 0xC6, 0xF9, 0xFC, 0x57, 0xB1, 0xF9, 0xFB,
    0x57, 0xB1, 0xF9, 0xFB, 0x23, 0x84, 0xF1, 0xFA, 0x1E, 0x8D, 0xFA, 0xF9, 0x12, 0x7C, 0xF7, 0xFA,
    0x12, 0x7C, 0xF7, 0xFA, 0x16, 0x7B, 0xF2, 0xF6, 0x1A, 0x67, 0xD1, 0xF6, 0x1A, 0x67, 0xD1, 0xF6,
    0x07, 0x2A, 0x75, 0xEA, 0x07, 0x1E, 0x51, 0xB1, 0x38, 0x6F, 0xB0, 0x30, 0x38, 0x6F, 0xB0, 0x30,
    0x40, 0x82, 0xC6, 0x05, 0x3C, 0x7F, 0xC0, 0x06, 0x42, 0x80, 0xC1, 0x04, 0x42, 0x80, 0xC1, 0x04,
    0x42, 0x81, 0xC0, 0x04, 0x41, 0x80, 0xBE, 0x04, 0x41, 0x80, 0xBE, 0x04, 0x42, 0x80, 0xBE, 0x03,
    0x42, 0x80, 0xBD, 0x03, 0x43, 0x80, 0xBC, 0x02, 0x43, 0x80, 0xBC, 0x02, 0x43, 0x7F, 0xBB, 0x01,
    0x00, 0x00, 0x00, 0x00, 0x00, 0x00, 0x00, 0x00, 0x00, 0x00, 0x00, 0x00, 0x00, 0x00, 0x00, 0x00,
    0x00, 0x00, 0x00, 0x00, 0x00, 0x00, 0x00, 0x00, 0x00, 0x00, 0x00, 0x00, 0x00, 0x00, 0x00, 0x00,
    0x00, 0x00, 0x00, 0x00, 0x00, 0x00, 0x00, 0x00, 0x00, 0x00, 0x00, 0x00, 0x00, 0x00, 0x00, 0x00,
    0x00, 0x00, 0x00, 0x00, 0x00, 0x00, 0x00, 0x00, 0x00, 0x00, 0x00, 0x00, 0x00, 0x00, 0x00, 0x00,
    0x00, 0x00, 0x00, 0x00, 0x00, 0x00, 0x00, 0x00, 0x00, 0x00, 0x00, 0x00, 0x00, 0x00, 0x00, 0x00,
    0x00, 0x00, 0x00, 0x00, 0x00, 0x00, 0x00, 0x00, 0x00, 0x00, 0x00, 0x00, 0x00, 0x00, 0x00, 0x00,
    0x64, 0x83, 0xA2, 0x01, 0x67, 0x84, 0xA2, 0x01, 0x67, 0x84, 0xA2, 0x01, 0x69, 0x85, 0xA3, 0x01,
    0x6A, 0x85, 0xA1, 0x01, 0x69, 0x85, 0xA0, 0x03, 0x69, 0x85, 0xA0, 0x03, 0x6F, 0x89, 0xA0, 0x01,
    0x54, 0x58, 0x62, 0x34, 0x54, 0x58, 0x62, 0x34, 0x4C, 0x2C, 0x15, 0x91, 0xA5, 0x6A, 0x35, 0xF4,
    0xCE, 0x8C, 0x3E, 0xF5, 0xCE, 0x8C, 0x3E, 0xF5, 0xE4, 0xA8, 0x4C, 0xF8, 0xE1, 0x9E, 0x46, 0xFB,
    0xE6, 0xA8, 0x4E, 0xFA, 0xE6, 0xA8, 0x4E, 0xFA, 0xE4, 0xA0, 0x49, 0xFB, 0xE1, 0x9C, 0x45, 0xFB,
    0xE1, 0x9C, 0x45, 0xFB, 0xE3, 0xA2, 0x4A, 0xFB, 0xE6, 0xA7, 0x4C, 0xFB, 0xD6, 0x93, 0x3D, 0xFB,
    0xD6, 0x93, 0x3D, 0xFB, 0xCD, 0x88, 0x36, 0xFB, 0xC4, 0x7D, 0x2E, 0xFB, 0xCB, 0x82, 0x34, 0xFC,
    0xCB, 0x82, 0x34, 0xFC, 0xCA, 0x7D, 0x33, 0xFB, 0xCA, 0x83, 0x3D, 0xFB, 0xA3, 0x6A, 0x35, 0xFC,
    0xA3, 0x6A, 0x35, 0xFC, 0x4D, 0x30, 0x1C, 0xFB, 0x71, 0x82, 0xAB, 0xFC, 0x71, 0x82, 0xAB, 0xFC,
    0x92, 0xC0, 0xFE, 0xFC, 0x55, 0x80, 0xF0, 0xFC, 0x37, 0x53, 0xCC, 0xFC, 0x37, 0x53, 0xCC, 0xFC,
    0x2B, 0x41, 0xC3, 0xFC, 0x29, 0x4A, 0xC3, 0xFB, 0x35, 0x59, 0xB5, 0xFA, 0x35, 0x59, 0xB5, 0xFA,
    0x62, 0x81, 0xBD, 0xFA, 0x74, 0x97, 0xBF, 0xFC, 0x74, 0x97, 0xBF, 0xFC, 0x75, 0x9C, 0xC3, 0xFC,
    0x8F, 0xB3, 0xDA, 0xFC, 0x65, 0x83, 0xAD, 0xFB, 0x65, 0x83, 0xAD, 0xFB, 0x18, 0x2A, 0x4E, 0xFB,
    0x5A, 0x73, 0x94, 0xFC, 0xA3, 0xD2, 0xED, 0xFC, 0xA3, 0xD2, 0xED, 0xFC, 0x8C, 0xC2, 0xF2, 0xFC,
    0x89, 0xBD, 0xF6, 0xFC, 0x8A, 0xCB, 0xFB, 0xFC, 0x8A, 0xCB, 0xFB, 0xFC, 0x74, 0xC0, 0xFB, 0xFC,
    0x5F, 0xB7, 0xFB, 0xFB, 0x5F, 0xB7, 0xFB, 0xFB, 0x55, 0xBB, 0xFB, 0xFC, 0x41, 0xAB, 0xFB, 0xFC,
    0x2D, 0x97, 0xF8, 0xFC, 0x2D, 0x97, 0xF8, 0xFC, 0x20, 0x91, 0xF8, 0xFB, 0x1C, 0x8E, 0xF7, 0xFC,
    0x22, 0x8D, 0xF2, 0xFB, 0x22, 0x8D, 0xF2, 0xFB, 0x1C, 0x56, 0xAB, 0xFB, 0x0A, 0x17, 0x42, 0xFA,
    0x0A, 0x17, 0x42, 0xFA, 0x47, 0x6C, 0x8E, 0xFB, 0xB2, 0xE7, 0xF8, 0xFB, 0x9F, 0xD0, 0xE7, 0xFB,
    0x9F, 0xD0, 0xE7, 0xFB, 0xAF, 0xE0, 0xF0, 0xFB, 0xAF, 0xDC, 0xF7, 0xFB, 0x97, 0xCD, 0xF7, 0xFB,
    0x97, 0xCD, 0xF7, 0xFB, 0x5A, 0xAD, 0xF2, 0xFB, 0x23, 0x6F, 0xCC, 0xF9, 0x12, 0x4C, 0xAE, 0xFB,
    0x12, 0x4C, 0xAE, 0xFB, 0x14, 0x4A, 0xA1, 0xF5, 0x03, 0x18, 0x59, 0xE7, 0x03, 0x18, 0x59, 0xE7,
    0x12, 0x2E, 0x68, 0x92, 0x3D, 0x79, 0xB6, 0x28, 0x43, 0x86, 0xCA, 0x03, 0x43, 0x86, 0xCA, 0x03,
    0x3D, 0x7E, 0xC0, 0x06, 0x42, 0x81, 0xC2, 0x05, 0x43, 0x81, 0xC1, 0x04, 0x43, 0x81, 0xC1, 0x04,
    0x43, 0x81, 0xBF, 0x04, 0x42, 0x80, 0xBE, 0x03, 0x42, 0x80, 0xBE, 0x03, 0x43, 0x80, 0xBE, 0x03,
    0x43, 0x80, 0xBD, 0x03, 0x44, 0x80, 0xBC, 0x02, 0x44, 0x80, 0xBC, 0x02, 0x44, 0x80, 0xBB, 0x01,
    0x00, 0x00, 0x00, 0x00, 0x00, 0x00, 0x00, 0x00, 0x00, 0x00, 0x00, 0x00, 0x00, 0x00, 0x00, 0x00,
    0x00, 0x00, 0x00, 0x00, 0x00, 0x00, 0x00, 0x00, 0x00, 0x00, 0x00, 0x00, 0x00, 0x00, 0x00, 0x00,
    0x00, 0x00, 0x00, 0x00, 0x00, 0x00, 0x00, 0x00, 0x00, 0x00, 0x00, 0x00, 0x00, 0x00, 0x00, 0x00,
    0x00, 0x00, 0x00, 0x00, 0x00, 0x00, 0x00, 0x00, 0x00, 0x00, 0x00, 0x00, 0x00, 0x00, 0x00, 0x00,
    0x00, 0x00, 0x00, 0x00, 0x00, 0x00, 0x00, 0x00, 0x00, 0x00, 0x00, 0x00, 0x00, 0x00, 0x00, 0x00,
    0x00, 0x00, 0x00, 0x00, 0x00, 0x00, 0x00, 0x00, 0x00, 0x00, 0x00, 0x00, 0x00, 0x00, 0x00, 0x00,
    0x65, 0x82, 0xA1, 0x01, 0x68, 0x83, 0xA0, 0x01, 0x68, 0x83, 0xA0, 0x01, 0x6A, 0x83, 0xA1, 0x01,
    0x6B, 0x84, 0xA0, 0x01, 0x68, 0x85, 0xA1, 0x03, 0x68, 0x85, 0xA1, 0x03, 0x67, 0x7C, 0x94, 0x0C,
    0x40, 0x31, 0x29, 0xAE, 0x40, 0x31, 0x29, 0xAE, 0x88, 0x57, 0x24, 0xF6, 0xEE, 0xB2, 0x52, 0xF4,
    0xDD, 0x95, 0x3C, 0xF7, 0xDD, 0x95, 0x3C, 0xF7, 0xDB, 0x97, 0x3D, 0xF8, 0xE8, 0xA9, 0x4E, 0xFB,
    0xE9, 0xAF, 0x53, 0xFB, 0xE9, 0xAF, 0x53, 0xFB, 0xE3, 0xA2, 0x49, 0xFB, 0xEC, 0xAD, 0x54, 0xFB,
    0xEC, 0xAD, 0x54, 0xFB, 0xE6, 0xA5, 0x4D, 0xFB, 0xDA, 0x97, 0x40, 0xFB, 0xCE, 0x8A, 0x37, 0xFB,
    0xCE, 0x8A, 0x37, 0xFB, 0xC8, 0x82, 0x32, 0xFB, 0xCC, 0x85, 0x33, 0xFB, 0xCF, 0x89, 0x36, 0xFB,
    0xCF, 0x89, 0x36, 0xFB, 0xCA, 0x82, 0x31, 0xFB, 0xC9, 0x81, 0x35, 0xFB, 0xBF, 0x75, 0x32, 0xFB,
    0xBF, 0x75, 0x32, 0xFB, 0x8D, 0x5C, 0x2B, 0xFB, 0x54, 0x54, 0x67, 0xFB, 0x54, 0x54, 0x67, 0xFB,
    0x87, 0xA9, 0xF3, 0xFB, 0x6D, 0x96, 0xF7, 0xFB, 0x64, 0x8D, 0xEF, 0xFA, 0x64, 0x8D, 0xEF, 0xFA,
    0x5D, 0x8C, 0xF0, 0xFA, 0x2F, 0x4A, 0xB5, 0xF8, 0x3E, 0x58, 0xA7, 0xFC, 0x3E, 0x58, 0xA7, 0xFC,
    0x98, 0xBD, 0xEE, 0xF9, 0xA2, 0xC6, 0xEC, 0xF9, 0xA2, 0xC6, 0xEC, 0xF9, 0xA2, 0xC8, 0xEB, 0xF9,
    0x8E, 0xB3, 0xD6, 0xF9, 0x18, 0x31, 0x52, 0xFA, 0x18, 0x31, 0x52, 0xFA, 0x2E, 0x41, 0x62, 0xFD,
    0xBB, 0xD3, 0xE6, 0xFB, 0xCB, 0xE9, 0xF5, 0xFB, 0xCB, 0xE9, 0xF5, 0xFB, 0xCB, 0xE8, 0xF6, 0xFC,
    0xCA, 0xE4, 0xF7, 0xFB, 0xCB, 0xEC, 0xFA, 0xFB, 0xCB, 0xEC, 0xFA, 0xFB, 0xB4, 0xDC, 0xF9, 0xFC,
    0xA0, 0xDA, 0xFC, 0xFC, 0xA0, 0xDA, 0xFC, 0xFC, 0x89, 0xCB, 0xFB, 0xFB, 0x6D, 0xC5, 0xFB, 0xFB,
    0x4A, 0xB0, 0xFB, 0xFB, 0x4A, 0xB0, 0xFB, 0xFB, 0x34, 0xA4, 0xFA, 0xFB, 0x28, 0x88, 0xF0, 0xF9,
    0x1B, 0x58, 0xB0, 0xF7, 0x1B, 0x58, 0xB0, 0xF7, 0x0E, 0x28, 0x60, 0xF9, 0x06, 0x0C, 0x27, 0xF9,
    0x06, 0x0C, 0x27, 0xF9, 0x1E, 0x2B, 0x44, 0xFA, 0x90, 0xB3, 0xCC, 0xFA, 0xB5, 0xE0, 0xF1, 0xFB,
    0xB5, 0xE0, 0xF1, 0xFB, 0xBE, 0xEB, 0xF7, 0xFA, 0xA0, 0xC1, 0xDC, 0xF9, 0x91, 0xB1, 0xCF, 0xF7,
    0x91, 0xB1, 0xCF, 0xF7, 0x91, 0xC6, 0xE3, 0xF6, 0x23, 0x3F, 0x73, 0xF6, 0x08, 0x10, 0x46, 0xD7,
    0x08, 0x10, 0x46, 0xD7, 0x1A, 0x3B, 0x76, 0xA3, 0x27, 0x56, 0x94, 0x7F, 0x27, 0x56, 0x94, 0x7F,
    0x44, 0x85, 0xC8, 0x1B, 0x3E, 0x80, 0xC4, 0x04, 0x3E, 0x81, 0xC3, 0x04, 0x3E, 0x81, 0xC3, 0x04,
    0x43, 0x81, 0xC3, 0x04, 0x43, 0x81, 0xC1, 0x03, 0x43, 0x81, 0xC0, 0x03, 0x43, 0x81, 0xC0, 0x03,
    0x43, 0x81, 0xBF, 0x03, 0x43, 0x81, 0xBE, 0x03, 0x43, 0x81, 0xBE, 0x03, 0x43, 0x81, 0xBE, 0x02,
    0x44, 0x81, 0xBD, 0x02, 0x44, 0x81, 0xBC, 0x01, 0x44, 0x81, 0xBC, 0x01, 0x45, 0x80, 0xBB, 0x01,
    0x00, 0x00, 0x00, 0x00, 0x00, 0x00, 0x00, 0x00, 0x00, 0x00, 0x00, 0x00, 0x00, 0x00, 0x00, 0x00,
    0x00, 0x00, 0x00, 0x00, 0x00, 0x00, 0x00, 0x00, 0x00, 0x00, 0x00, 0x00, 0x00, 0x00, 0x00, 0x00,
    0x00, 0x00, 0x00, 0x00, 0x00, 0x00, 0x00, 0x00, 0x00, 0x00, 0x00, 0x00, 0x00, 0x00, 0x00, 0x00,
    0x00, 0x00, 0x00, 0x00, 0x00, 0x00, 0x00, 0x00, 0x00, 0x00, 0x00, 0x00, 0x00, 0x00, 0x00, 0x00,
    0x00, 0x00, 0x00, 0x00, 0x00, 0x00, 0x00, 0x00, 0x00, 0x00, 0x00, 0x00, 0x00, 0x00, 0x00, 0x00,
    0x00, 0x00, 0x00, 0x00, 0x00, 0x00, 0x00, 0x00, 0x00, 0x00, 0x00, 0x00, 0x00, 0x00, 0x00, 0x00,
    0x65, 0x82, 0xA1, 0x01, 0x68, 0x83, 0xA0, 0x01, 0x68, 0x83, 0xA0, 0x01, 0x6A, 0x83, 0xA1, 0x01,
    0x6B, 0x84, 0xA0, 0x01, 0x68, 0x85, 0xA1, 0x03, 0x68, 0x85, 0xA1, 0x03, 0x67, 0x7C, 0x94, 0x0C,
    0x40, 0x31, 0x29, 0xAE, 0x40, 0x31, 0x29, 0xAE, 0x88, 0x57, 0x24, 0xF6, 0xEE, 0xB2, 0x52, 0xF4,
    0xDD, 0x95, 0x3C, 0xF7, 0xDD, 0x95, 0x3C, 0xF7, 0xDB, 0x97, 0x3D, 0xF8, 0xE8, 0xA9, 0x4E, 0xFB,
    0xE9, 0xAF, 0x53, 0xFB, 0xE9, 0xAF, 0x53, 0xFB, 0xE3, 0xA2, 0x49, 0xFB, 0xEC, 0xAD, 0x54, 0xFB,
    0xEC, 0xAD, 0x54, 0xFB, 0xE6, 0xA5, 0x4D, 0xFB, 0xDA, 0x97, 0x40, 0xFB, 0xCE, 0x8A, 0x37, 0xFB,
    0xCE, 0x8A, 0x37, 0xFB, 0xC8, 0x82, 0x32, 0xFB, 0xCC, 0x85, 0x33, 0xFB, 0xCF, 0x89, 0x36, 0xFB,
    0xCF, 0x89, 0x36, 0xFB, 0xCA, 0x82, 0x31, 0xFB, 0xC9, 0x81, 0x35, 0xFB, 0xBF, 0x75, 0x32, 0xFB,
    0xBF, 0x75, 0x32, 0xFB, 0x8D, 0x5C, 0x2B, 0xFB, 0x54, 0x54, 0x67, 0xFB, 0x54, 0x54, 0x67, 0xFB,
    0x87, 0xA9, 0xF3, 0xFB, 0x6D, 0x96, 0xF7, 0xFB, 0x64, 0x8D, 0xEF, 0xFA, 0x64, 0x8D, 0xEF, 0xFA,
    0x5D, 0x8C, 0xF0, 0xFA, 0x2F, 0x4A, 0xB5, 0xF8, 0x3E, 0x58, 0xA7, 0xFC, 0x3E, 0x58, 0xA7, 0xFC,
    0x98, 0xBD, 0xEE, 0xF9, 0xA2, 0xC6, 0xEC, 0xF9, 0xA2, 0xC6, 0xEC, 0xF9, 0xA2, 0xC8, 0xEB, 0xF9,
    0x8E, 0xB3, 0xD6, 0xF9, 0x18, 0x31, 0x52, 0xFA, 0x18, 0x31, 0x52, 0xFA, 0x2E, 0x41, 0x62, 0xFD,
    0xBB, 0xD3, 0xE6, 0xFB, 0xCB, 0xE9, 0xF5, 0xFB, 0xCB, 0xE9, 0xF5, 0xFB, 0xCB, 0xE8, 0xF6, 0xFC,
    0xCA, 0xE4, 0xF7, 0xFB, 0xCB, 0xEC, 0xFA, 0xFB, 0xCB, 0xEC, 0xFA, 0xFB, 0xB4, 0xDC, 0xF9, 0xFC,
    0xA0, 0xDA, 0xFC, 0xFC, 0xA0, 0xDA, 0xFC, 0xFC, 0x89, 0xCB, 0xFB, 0xFB, 0x6D, 0xC5, 0xFB, 0xFB,
    0x4A, 0xB0, 0xFB, 0xFB, 0x4A, 0xB0, 0xFB, 0xFB, 0x34, 0xA4, 0xFA, 0xFB, 0x28, 0x88, 0xF0, 0xF9,
    0x1B, 0x58, 0xB0, 0xF7, 0x1B, 0x58, 0xB0, 0xF7, 0x0E, 0x28, 0x60, 0xF9, 0x06, 0x0C, 0x27, 0xF9,
    0x06, 0x0C, 0x27, 0xF9, 0x1E, 0x2B, 0x44, 0xFA, 0x90, 0xB3, 0xCC, 0xFA, 0xB5, 0xE0, 0xF1, 0xFB,
    0xB5, 0xE0, 0xF1, 0xFB, 0xBE, 0xEB, 0xF7, 0xFA, 0xA0, 0xC1, 0xDC, 0xF9, 0x91, 0xB1, 0xCF, 0xF7,
    0x91, 0xB1, 0xCF, 0xF7, 0x91, 0xC6, 0xE3, 0xF6, 0x23, 0x3F, 0x73, 0xF6, 0x08, 0x10, 0x46, 0xD7,
    0x08, 0x10, 0x46, 0xD7, 0x1A, 0x3B, 0x76, 0xA3, 0x27, 0x56, 0x94, 0x7F, 0x27, 0x56, 0x94, 0x7F,
    0x44, 0x85, 0xC8, 0x1B, 0x3E, 0x80, 0xC4, 0x04, 0x3E, 0x81, 0xC3, 0x04, 0x3E, 0x81, 0xC3, 0x04,
    0x43, 0x81, 0xC3, 0x04, 0x43, 0x81, 0xC1, 0x03, 0x43, 0x81, 0xC0, 0x03, 0x43, 0x81, 0xC0, 0x03,
    0x43, 0x81, 0xBF, 0x03, 0x43, 0x81, 0xBE, 0x03, 0x43, 0x81, 0xBE, 0x03, 0x43, 0x81, 0xBE, 0x02,
    0x44, 0x81, 0xBD, 0x02, 0x44, 0x81, 0xBC, 0x01, 0x44, 0x81, 0xBC, 0x01, 0x45, 0x80, 0xBB, 0x01,
    0x00, 0x00, 0x00, 0x00, 0x00, 0x00, 0x00, 0x00, 0x00, 0x00, 0x00, 0x00, 0x00, 0x00, 0x00, 0x00,
    0x00, 0x00, 0x00, 0x00, 0x00, 0x00, 0x00, 0x00, 0x00, 0x00, 0x00, 0x00, 0x00, 0x00, 0x00, 0x00,
    0x00, 0x00, 0x00, 0x00, 0x00, 0x00, 0x00, 0x00, 0x00, 0x00, 0x00, 0x00, 0x00, 0x00, 0x00, 0x00,
    0x00, 0x00, 0x00, 0x00, 0x00, 0x00, 0x00, 0x00, 0x00, 0x00, 0x00, 0x00, 0x00, 0x00, 0x00, 0x00,
    0x00, 0x00, 0x00, 0x00, 0x00, 0x00, 0x00, 0x00, 0x00, 0x00, 0x00, 0x00, 0x00, 0x00, 0x00, 0x00,
    0x00, 0x00, 0x00, 0x00, 0x00, 0x00, 0x00, 0x00, 0x00, 0x00, 0x00, 0x00, 0x00, 0x00, 0x00, 0x00,
    0x66, 0x81, 0xA0, 0x01, 0x68, 0x82, 0x9F, 0x01, 0x68, 0x82, 0x9F, 0x01, 0x6A, 0x82, 0xA0, 0x02,
    0x00, 0x00, 0x00, 0x00, 0x67, 0x83, 0x9E, 0x0A, 0x67, 0x83, 0x9E, 0x0A, 0x65, 0x6C, 0x7A, 0x2F,
    0x41, 0x1B, 0x0F, 0xB8, 0x41, 0x1B, 0x0F, 0xB8, 0x9C, 0x52, 0x1A, 0xFB, 0xF4, 0xB4, 0x54, 0xF5,
    0xE7, 0xA5, 0x45, 0xF9, 0xE7, 0xA5, 0x45, 0xF9, 0xE3, 0xA2, 0x45, 0xFA, 0xE8, 0xA7, 0x4E, 0xFB,
    0xE2, 0x9F, 0x4A, 0xFA, 0xE2, 0x9F, 0x4A, 0xFA, 0xE8, 0xA8, 0x52, 0xFB, 0xE8, 0xA9, 0x53, 0xFB,
    0xE8, 0xA9, 0x53, 0xFB, 0xE1, 0x9E, 0x49, 0xFB, 0xD3, 0x89, 0x36, 0xFB, 0xCC, 0x85, 0x33, 0xFB,
    0xCC, 0x85, 0x33, 0xFB, 0xD3, 0x90, 0x3C, 0xFB, 0xD0, 0x8B, 0x35, 0xFB, 0xCD, 0x86, 0x34, 0xFB,
    0xCD, 0x86, 0x34, 0xFB, 0xC5, 0x79, 0x2A, 0xFB, 0xBD, 0x72, 0x28, 0xFB, 0xBB, 0x74, 0x2C, 0xFB,
    0xBB, 0x74, 0x2C, 0xFB, 0xB4, 0x75, 0x33, 0xFB, 0x5B, 0x39, 0x28, 0xFB, 0x5B, 0x39, 0x28, 0xFB,
    0x53, 0x54, 0x97, 0xFA, 0x7E, 0xA0, 0xF6, 0xFB, 0x78, 0xAF, 0xFB, 0xFA, 0x78, 0xAF, 0xFB, 0xFA,
    0x84, 0xB9, 0xFA, 0xF8, 0x4D, 0x64, 0xB3, 0xF7, 0x35, 0x43, 0x79, 0xF7, 0x35, 0x43, 0x79, 0xF7,
    0x7B, 0x96, 0xBC, 0xF9, 0x6C, 0x87, 0xA6, 0xFA, 0x6C, 0x87, 0xA6, 0xFA, 0x4E, 0x6B, 0x88, 0xFC,
    0x26, 0x38, 0x55, 0xFD, 0x07, 0x0F, 0x25, 0xF9, 0x07, 0x0F, 0x25, 0xF9, 0x80, 0x96, 0xB0, 0xF9,
    0xE0, 0xF3, 0xFA, 0xFB, 0xCA, 0xE0, 0xEC, 0xFC, 0xCA, 0xE0, 0xEC, 0xFC, 0xDC, 0xED, 0xF4, 0xFA,
    0xE2, 0xEE, 0xF5, 0xFB, 0xDE, 0xEC, 0xF5, 0xFB, 0xDE, 0xEC, 0xF5, 0xFB, 0xDB, 0xEF, 0xF9, 0xFB,
    0xD5, 0xF4, 0xFD, 0xFB, 0xD5, 0xF4, 0xFD, 0xFB, 0xB7, 0xDE, 0xFA, 0xFB, 0xA9, 0xEB, 0xFE, 0xF9,
    0x7E, 0xD7, 0xFE, 0xF9, 0x7E, 0xD7, 0xFE, 0xF9, 0x4E, 0xA8, 0xF8, 0xF6, 0x17, 0x4B, 0xA0, 0xF5,
    0x0E, 0x2A, 0x6A, 0xF9, 0x0E, 0x2A, 0x6A, 0xF9, 0x32, 0x5B, 0x8E, 0xF2, 0x2F, 0x50, 0x7C, 0xF5,
    0x2F, 0x50, 0x7C, 0xF5, 0x05, 0x15, 0x32, 0xF9, 0x0A, 0x18, 0x31, 0xF6, 0x1B, 0x34, 0x4C, 0xF9,
    0x1B, 0x34, 0x4C, 0xF9, 0x20, 0x40, 0x58, 0xFA, 0x12, 0x21, 0x42, 0xFC, 0x0E, 0x18, 0x36, 0xFC,
    0x0E, 0x18, 0x36, 0xFC, 0x12, 0x23, 0x44, 0xE7, 0x08, 0x17, 0x38, 0xD7, 0x21, 0x40, 0x73, 0x81,
    0x21, 0x40, 0x73, 0x81, 0x46, 0x8A, 0xC9, 0x1D, 0x42, 0x85, 0xC8, 0x15, 0x42, 0x85, 0xC8, 0x15,
    0x3E, 0x7F, 0xC4, 0x03, 0x41, 0x80, 0xC3, 0x04, 0x44, 0x81, 0xC3, 0x03, 0x44, 0x81, 0xC3, 0x03,
    0x44, 0x81, 0xC1, 0x03, 0x43, 0x82, 0xC1, 0x03, 0x43, 0x81, 0xC0, 0x03, 0x43, 0x81, 0xC0, 0x03,
    0x44, 0x82, 0xC0, 0x02, 0x44, 0x81, 0xBE, 0x03, 0x44, 0x81, 0xBE, 0x03, 0x44, 0x81, 0xBE, 0x02,
    0x45, 0x81, 0xBD, 0x02, 0x45, 0x80, 0xBC, 0x02, 0x45, 0x80, 0xBC, 0x02, 0x45, 0x80, 0xBB, 0x01,
    0x00, 0x00, 0x00, 0x00, 0x00, 0x00, 0x00, 0x00, 0x00, 0x00, 0x00, 0x00, 0x00, 0x00, 0x00, 0x00,
    0x00, 0x00, 0x00, 0x00, 0x00, 0x00, 0x00, 0x00, 0x00, 0x00, 0x00, 0x00, 0x00, 0x00, 0x00, 0x00,
    0x00, 0x00, 0x00, 0x00, 0x00, 0x00, 0x00, 0x00, 0x00, 0x00, 0x00, 0x00, 0x00, 0x00, 0x00, 0x00,
    0x00, 0x00, 0x00, 0x00, 0x00, 0x00, 0x00, 0x00, 0x00, 0x00, 0x00, 0x00, 0x00, 0x00, 0x00, 0x00,
    0x00, 0x00, 0x00, 0x00, 0x00, 0x00, 0x00, 0x00, 0x00, 0x00, 0x00, 0x00, 0x00, 0x00, 0x00, 0x00,
    0x00, 0x00, 0x00, 0x00, 0x00, 0x00, 0x00, 0x00, 0x00, 0x00, 0x00, 0x00, 0x00, 0x00, 0x00, 0x00,
    0x66, 0x81, 0x9F, 0x01, 0x67, 0x82, 0x9E, 0x01, 0x67, 0x82, 0x9E, 0x01, 0x69, 0x81, 0x9E, 0x03,
    0x00, 0x00, 0x00, 0x00, 0x5A, 0x6B, 0x7C, 0x29, 0x5A, 0x6B, 0x7C, 0x29, 0x53, 0x43, 0x3A, 0xB4,
    0x95, 0x5E, 0x35, 0xE7, 0x95, 0x5E, 0x35, 0xE7, 0xC0, 0x79, 0x30, 0xFA, 0xF7, 0xBF, 0x5D, 0xF6,
    0xED, 0xB2, 0x50, 0xF9, 0xED, 0xB2, 0x50, 0xF9, 0xE8, 0xAD, 0x4D, 0xF9, 0xE5, 0xA3, 0x4B, 0xFB,
    0xE5, 0xA4, 0x50, 0xFA, 0xE5, 0xA4, 0x50, 0xFA, 0xE9, 0xAC, 0x57, 0xFB, 0xED, 0xAF, 0x57, 0xFB,
    0xED, 0xAF, 0x57, 0xFB, 0xDE, 0x9D, 0x43, 0xFB, 0xD6, 0x8F, 0x38, 0xFB, 0xD4, 0x8E, 0x3A, 0xFB,
    0xD4, 0x8E, 0x3A, 0xFB, 0xD1, 0x8E, 0x3A, 0xFB, 0xCC, 0x89, 0x36, 0xFB, 0xCB, 0x88, 0x35, 0xFB,
    0xCB, 0x88, 0x35, 0xFB, 0xC3, 0x7E, 0x2E, 0xFA, 0xBE, 0x78, 0x2E, 0xFA, 0xB6, 0x74, 0x2D, 0xFB,
    0xB6, 0x74, 0x2D, 0xFB, 0xB7, 0x75, 0x2D, 0xF9, 0x84, 0x55, 0x25, 0xFA, 0x84, 0x55, 0x25, 0xFA,
    0x42, 0x35, 0x45, 0xF7, 0x6B, 0x7A, 0xC1, 0xFA, 0x62, 0x7E, 0xC4, 0xF8, 0x62, 0x7E, 0xC4, 0xF8,
    0x43, 0x59, 0x8F, 0xEE, 0x24, 0x30, 0x59, 0xF9, 0x12, 0x19, 0x35, 0xEC, 0x12, 0x19, 0x35, 0xEC,
    0x18, 0x25, 0x40, 0xE5, 0x0D, 0x1A, 0x36, 0xE9, 0x0D, 0x1A, 0x36, 0xE9, 0x17, 0x2B, 0x45, 0xD7,
    0x2C, 0x40, 0x5F, 0xD8, 0x1E, 0x2C, 0x46, 0xEF, 0x1E, 0x2C, 0x46, 0xEF, 0x3A, 0x48, 0x63, 0xFB,
    0xB6, 0xCD, 0xE1, 0xF7, 0xC3, 0xE3, 0xF3, 0xFB, 0xC3, 0xE3, 0xF3, 0xFB, 0xCD, 0xE9, 0xF5, 0xF9,
    0xDA, 0xEF, 0xF8, 0xFB, 0xD2, 0xE4, 0xF4, 0xFA, 0xD2, 0xE4, 0xF4, 0xFA, 0xC2, 0xD9, 0xEA, 0xFA,
    0xC0, 0xDD, 0xF1, 0xF9, 0xC0, 0xDD, 0xF1, 0xF9, 0xB9, 0xDE, 0xF6, 0xFA, 0xA2, 0xD4, 0xF7, 0xF9,
    0x54, 0x87, 0xC4, 0xFC, 0x54, 0x87, 0xC4, 0xFC, 0x1B, 0x48, 0x8A, 0xF1, 0x13, 0x36, 0x75, 0xE3,
    0x39, 0x64, 0x9F, 0xB5, 0x39, 0x64, 0x9F, 0xB5, 0x4D, 0x85, 0xC3, 0x68, 0x50, 0x8D, 0xC8, 0x84,
    0x50, 0x8D, 0xC8, 0x84, 0x3F, 0x6F, 0xA7, 0xB1, 0x31, 0x58, 0x86, 0xC3, 0x21, 0x48, 0x71, 0xCF,
    0x21, 0x48, 0x71, 0xCF, 0x1D, 0x45, 0x73, 0xCB, 0x22, 0x4B, 0x80, 0xC5, 0x2C, 0x5C, 0x91, 0xB1,
    0x2C, 0x5C, 0x91, 0xB1, 0x2E, 0x62, 0x9B, 0x85, 0x3A, 0x76, 0xB1, 0x47, 0x41, 0x7F, 0xBF, 0x21,
    0x41, 0x7F, 0xBF, 0x21, 0x3E, 0x7E, 0xC0, 0x07, 0x3D, 0x7E, 0xBE, 0x05, 0x3D, 0x7E, 0xBE, 0x05,
    0x43, 0x81, 0xC3, 0x03, 0x44, 0x81, 0xC2, 0x03, 0x44, 0x81, 0xC1, 0x02, 0x44, 0x81, 0xC1, 0x02,
    0x44, 0x80, 0xC0, 0x02, 0x43, 0x81, 0xC0, 0x02, 0x44, 0x82, 0xBF, 0x02, 0x44, 0x82, 0xBF, 0x02,
    0x44, 0x82, 0xBF, 0x02, 0x44, 0x82, 0xBE, 0x02, 0x44, 0x82, 0xBE, 0x02, 0x44, 0x82, 0xBD, 0x02,
    0x45, 0x81, 0xBC, 0x02, 0x45, 0x80, 0xBB, 0x01, 0x45, 0x80, 0xBB, 0x01, 0x45, 0x80, 0xBA, 0x01,
    0x00, 0x00, 0x00, 0x00, 0x00, 0x00, 0x00, 0x00, 0x00, 0x00, 0x00, 0x00, 0x00, 0x00, 0x00, 0x00,
    0x00, 0x00, 0x00, 0x00, 0x00, 0x00, 0x00, 0x00, 0x00, 0x00, 0x00, 0x00, 0x00, 0x00, 0x00, 0x00,
    0x00, 0x00, 0x00, 0x00, 0x00, 0x00, 0x00, 0x00, 0x00, 0x00, 0x00, 0x00, 0x00, 0x00, 0x00, 0x00,
    0x00, 0x00, 0x00, 0x00, 0x00, 0x00, 0x00, 0x00, 0x00, 0x00, 0x00, 0x00, 0x00, 0x00, 0x00, 0x00,
    0x00, 0x00, 0x00, 0x00, 0x00, 0x00, 0x00, 0x00, 0x00, 0x00, 0x00, 0x00, 0x00, 0x00, 0x00, 0x00,
    0x00, 0x00, 0x00, 0x00, 0x00, 0x00, 0x00, 0x00, 0x00, 0x00, 0x00, 0x00, 0x00, 0x00, 0x00, 0x00,
    0x66, 0x80, 0x9E, 0x01, 0x68, 0x81, 0x9D, 0x01, 0x68, 0x81, 0x9D, 0x01, 0x67, 0x81, 0x9B, 0x04,
    0x70, 0x86, 0x9C, 0x01, 0x40, 0x43, 0x4E, 0x3F, 0x40, 0x43, 0x4E, 0x3F, 0x3D, 0x1C, 0x0F, 0xD9,
    0xE0, 0xAA, 0x6A, 0xF0, 0xE0, 0xAA, 0x6A, 0xF0, 0xDF, 0xA1, 0x4F, 0xF8, 0xE0, 0xA0, 0x49, 0xF8,
    0xEA, 0xAF, 0x54, 0xFA, 0xEA, 0xAF, 0x54, 0xFA, 0xE1, 0x9F, 0x46, 0xF9, 0xE6, 0xA7, 0x4D, 0xFB,
    0xEB, 0xB1, 0x58, 0xFB, 0xEB, 0xB1, 0x58, 0xFB, 0xE6, 0xA4, 0x54, 0xFB, 0xE1, 0x9D, 0x48, 0xFA,
    0xE1, 0x9D, 0x48, 0xFA, 0xD6, 0x91, 0x37, 0xFB, 0xD6, 0x90, 0x37, 0xFB, 0xD5, 0x8F, 0x3A, 0xFB,
    0xD5, 0x8F, 0x3A, 0xFB, 0xCC, 0x86, 0x34, 0xFB, 0xC0, 0x77, 0x2A, 0xFB, 0xC0, 0x7B, 0x2C, 0xFA,
    0xC0, 0x7B, 0x2C, 0xFA, 0xBF, 0x7C, 0x2F, 0xFA, 0xBE, 0x7F, 0x34, 0xFA, 0xAD, 0x66, 0x24, 0xFA,
    0xAD, 0x66, 0x24, 0xFA, 0xA9, 0x5F, 0x21, 0xF9, 0x8D, 0x59, 0x21, 0xF9, 0x8D, 0x59, 0x21, 0xF9,
    0x46, 0x32, 0x26, 0xF9, 0x38, 0x33, 0x56, 0xF4, 0x1C, 0x21, 0x40, 0xEF, 0x1C, 0x21, 0x40, 0xEF,
    0x15, 0x15, 0x2B, 0xDF, 0x27, 0x31, 0x46, 0xCA, 0x39, 0x49, 0x61, 0x98, 0x39, 0x49, 0x61, 0x98,
    0x4D, 0x62, 0x7A, 0x48, 0x4F, 0x63, 0x82, 0x3A, 0x4F, 0x63, 0x82, 0x3A, 0x54, 0x6E, 0x92, 0x23,
    0x5F, 0x80, 0xA5, 0x22, 0x5B, 0x74, 0x9A, 0x8F, 0x5B, 0x74, 0x9A, 0x8F, 0x11, 0x1C, 0x39, 0xEB,
    0x64, 0x7E, 0x99, 0xF3, 0xC8, 0xF2, 0xFA, 0xFB, 0xC8, 0xF2, 0xFA, 0xFB, 0x5F, 0x83, 0xA3, 0xF9,
    0x7F, 0x95, 0xB7, 0xF9, 0xDE, 0xF8, 0xFE, 0xF7, 0xDE, 0xF8, 0xFE, 0xF7, 0xE1, 0xF9, 0xFF, 0xF8,
    0xD6, 0xF5, 0xFE, 0xF8, 0xD6, 0xF5, 0xFE, 0xF8, 0xB9, 0xE0, 0xF6, 0xF9, 0x43, 0x67, 0x96, 0xEB,
    0x0F, 0x27, 0x5F, 0xE2, 0x0F, 0x27, 0x5F, 0xE2, 0x22, 0x44, 0x7E, 0xC3, 0x41, 0x73, 0xAB, 0x6B,
    0x54, 0x8D, 0xC5, 0x23, 0x54, 0x8D, 0xC5, 0x23, 0x4B, 0x80, 0xC1, 0x05, 0x49, 0x82, 0xC3, 0x09,
    0x49, 0x82, 0xC3, 0x09, 0x4A, 0x82, 0xC4, 0x17, 0x4C, 0x86, 0xC7, 0x1A, 0x4A, 0x88, 0xC3, 0x1E,
    0x4A, 0x88, 0xC3, 0x1E, 0x4B, 0x8A, 0xC5, 0x19, 0x47, 0x85, 0xC3, 0x14, 0x46, 0x87, 0xC8, 0x08,
    0x46, 0x87, 0xC8, 0x08, 0x43, 0x83, 0xC5, 0x04, 0x00, 0x00, 0x00, 0x00, 0x42, 0x7E, 0xC1, 0x01,
    0x42, 0x7E, 0xC1, 0x01, 0x43, 0x7E, 0xC0, 0x02, 0x43, 0x81, 0xC0, 0x03, 0x43, 0x81, 0xC0, 0x03,
    0x43, 0x7F, 0xC0, 0x02, 0x44, 0x80, 0xC0, 0x02, 0x43, 0x80, 0xBF, 0x02, 0x43, 0x80, 0xBF, 0x02,
    0x43, 0x80, 0xBE, 0x02, 0x44, 0x81, 0xBF, 0x01, 0x45, 0x81, 0xBE, 0x01, 0x45, 0x81, 0xBE, 0x01,
    0x45, 0x81, 0xBE, 0x01, 0x46, 0x81, 0xBD, 0x02, 0x46, 0x81, 0xBD, 0x02, 0x46, 0x81, 0xBC, 0x01,
    0x46, 0x81, 0xBB, 0x01, 0x46, 0x80, 0xBA, 0x01, 0x46, 0x80, 0xBA, 0x01, 0x46, 0x80, 0xB9, 0x01,
    0x00, 0x00, 0x00, 0x00, 0x00, 0x00, 0x00, 0x00, 0x00, 0x00, 0x00, 0x00, 0x00, 0x00, 0x00, 0x00,
    0x00, 0x00, 0x00, 0x00, 0x00, 0x00, 0x00, 0x00, 0x00, 0x00, 0x00, 0x00, 0x00, 0x00, 0x00, 0x00,
    0x00, 0x00, 0x00, 0x00, 0x00, 0x00, 0x00, 0x00, 0x00, 0x00, 0x00, 0x00, 0x00, 0x00, 0x00, 0x00,
    0x00, 0x00, 0x00, 0x00, 0x00, 0x00, 0x00, 0x00, 0x00, 0x00, 0x00, 0x00, 0x00, 0x00, 0x00, 0x00,
    0x00, 0x00, 0x00, 0x00, 0x00, 0x00, 0x00, 0x00, 0x00, 0x00, 0x00, 0x00, 0x00, 0x00, 0x00, 0x00,
    0x00, 0x00, 0x00, 0x00, 0x00, 0x00, 0x00, 0x00, 0x00, 0x00, 0x00, 0x00, 0x00, 0x00, 0x00, 0x00,
    0x66, 0x80, 0x9E, 0x01, 0x68, 0x81, 0x9D, 0x01, 0x68, 0x81, 0x9D, 0x01, 0x67, 0x81, 0x9B, 0x04,
    0x70, 0x86, 0x9C, 0x01, 0x40, 0x43, 0x4E, 0x3F, 0x40, 0x43, 0x4E, 0x3F, 0x3D, 0x1C, 0x0F, 0xD9,
    0xE0, 0xAA, 0x6A, 0xF0, 0xE0, 0xAA, 0x6A, 0xF0, 0xDF, 0xA1, 0x4F, 0xF8, 0xE0, 0xA0, 0x49, 0xF8,
    0xEA, 0xAF, 0x54, 0xFA, 0xEA, 0xAF, 0x54, 0xFA, 0xE1, 0x9F, 0x46, 0xF9, 0xE6, 0xA7, 0x4D, 0xFB,
    0xEB, 0xB1, 0x58, 0xFB, 0xEB, 0xB1, 0x58, 0xFB, 0xE6, 0xA4, 0x54, 0xFB, 0xE1, 0x9D, 0x48, 0xFA,
    0xE1, 0x9D, 0x48, 0xFA, 0xD6, 0x91, 0x37, 0xFB, 0xD6, 0x90, 0x37, 0xFB, 0xD5, 0x8F, 0x3A, 0xFB,
    0xD5, 0x8F, 0x3A, 0xFB, 0xCC, 0x86, 0x34, 0xFB, 0xC0, 0x77, 0x2A, 0xFB, 0xC0, 0x7B, 0x2C, 0xFA,
    0xC0, 0x7B, 0x2C, 0xFA, 0xBF, 0x7C, 0x2F, 0xFA, 0xBE, 0x7F, 0x34, 0xFA, 0xAD, 0x66, 0x24, 0xFA,
    0xAD, 0x66, 0x24, 0xFA, 0xA9, 0x5F, 0x21, 0xF9, 0x8D, 0x59, 0x21, 0xF9, 0x8D, 0x59, 0x21, 0xF9,
    0x46, 0x32, 0x26, 0xF9, 0x38, 0x33, 0x56, 0xF4, 0x1C, 0x21, 0x40, 0xEF, 0x1C, 0x21, 0x40, 0xEF,
    0x15, 0x15, 0x2B, 0xDF, 0x27, 0x31, 0x46, 0xCA, 0x39, 0x49, 0x61, 0x98, 0x39, 0x49, 0x61, 0x98,
    0x4D, 0x62, 0x7A, 0x48, 0x4F, 0x63, 0x82, 0x3A, 0x4F, 0x63, 0x82, 0x3A, 0x54, 0x6E, 0x92, 0x23,
    0x5F, 0x80, 0xA5, 0x22, 0x5B, 0x74, 0x9A, 0x8F, 0x5B, 0x74, 0x9A, 0x8F, 0x11, 0x1C, 0x39, 0xEB,
    0x64, 0x7E, 0x99, 0xF3, 0xC8, 0xF2, 0xFA, 0xFB, 0xC8, 0xF2, 0xFA, 0xFB, 0x5F, 0x83, 0xA3, 0xF9,
    0x7F, 0x95, 0xB7, 0xF9, 0xDE, 0xF8, 0xFE, 0xF7, 0xDE, 0xF8, 0xFE, 0xF7, 0xE1, 0xF9, 0xFF, 0xF8,
    0xD6, 0xF5, 0xFE, 0xF8, 0xD6, 0xF5, 0xFE, 0xF8, 0xB9, 0xE0, 0xF6, 0xF9, 0x43, 0x67, 0x96, 0xEB,
    0x0F, 0x27, 0x5F, 0xE2, 0x0F, 0x27, 0x5F, 0xE2, 0x22, 0x44, 0x7E, 0xC3, 0x41, 0x73, 0xAB, 0x6B,
    0x54, 0x8D, 0xC5, 0x23, 0x54, 0x8D, 0xC5, 0x23, 0x4B, 0x80, 0xC1, 0x05, 0x49, 0x82, 0xC3, 0x09,
    0x49, 0x82, 0xC3, 0x09, 0x4A, 0x82, 0xC4, 0x17, 0x4C, 0x86, 0xC7, 0x1A, 0x4A, 0x88, 0xC3, 0x1E,
    0x4A, 0x88, 0xC3, 0x1E, 0x4B, 0x8A, 0xC5, 0x19, 0x47, 0x85, 0xC3, 0x14, 0x46, 0x87, 0xC8, 0x08,
    0x46, 0x87, 0xC8, 0x08, 0x43, 0x83, 0xC5, 0x04, 0x00, 0x00, 0x00, 0x00, 0x42, 0x7E, 0xC1, 0x01,
    0x42, 0x7E, 0xC1, 0x01, 0x43, 0x7E, 0xC0, 0x02, 0x43, 0x81, 0xC0, 0x03, 0x43, 0x81, 0xC0, 0x03,
    0x43, 0x7F, 0xC0, 0x02, 0x44, 0x80, 0xC0, 0x02, 0x43, 0x80, 0xBF, 0x02, 0x43, 0x80, 0xBF, 0x02,
    0x43, 0x80, 0xBE, 0x02, 0x44, 0x81, 0xBF, 0x01, 0x45, 0x81, 0xBE, 0x01, 0x45, 0x81, 0xBE, 0x01,
    0x45, 0x81, 0xBE, 0x01, 0x46, 0x81, 0xBD, 0x02, 0x46, 0x81, 0xBD, 0x02, 0x46, 0x81, 0xBC, 0x01,
    0x46, 0x81, 0xBB, 0x01, 0x46, 0x80, 0xBA, 0x01, 0x46, 0x80, 0xBA, 0x01, 0x46, 0x80, 0xB9, 0x01,
    0x00, 0x00, 0x00, 0x00, 0x00, 0x00, 0x00, 0x00, 0x00, 0x00, 0x00, 0x00, 0x00, 0x00, 0x00, 0x00,
    0x00, 0x00, 0x00, 0x00, 0x00, 0x00, 0x00, 0x00, 0x00, 0x00, 0x00, 0x00, 0x00, 0x00, 0x00, 0x00,
    0x00, 0x00, 0x00, 0x00, 0x00, 0x00, 0x00, 0x00, 0x00, 0x00, 0x00, 0x00, 0x00, 0x00, 0x00, 0x00,
    0x00, 0x00, 0x00, 0x00, 0x00, 0x00, 0x00, 0x00, 0x00, 0x00, 0x00, 0x00, 0x00, 0x00, 0x00, 0x00,
    0x00, 0x00, 0x00, 0x00, 0x00, 0x00, 0x00, 0x00, 0x00, 0x00, 0x00, 0x00, 0x00, 0x00, 0x00, 0x00,
    0x00, 0x00, 0x00, 0x00, 0x00, 0x00, 0x00, 0x00, 0x00, 0x00, 0x00, 0x00, 0x00, 0x00, 0x00, 0x00,
    0x66, 0x7F, 0x9D, 0x01, 0x00, 0x00, 0x00, 0x00, 0x00, 0x00, 0x00, 0x00, 0x69, 0x80, 0x9A, 0x04,
    0x71, 0x84, 0x96, 0x01, 0x34, 0x33, 0x3E, 0x5C, 0x34, 0x33, 0x3E, 0x5C, 0x4A, 0x24, 0x12, 0xE7,
    0xED, 0xBB, 0x6F, 0xF2, 0xED, 0xBB, 0x6F, 0xF2, 0xE3, 0xAB, 0x55, 0xF8, 0xDB, 0x99, 0x43, 0xF8,
    0xE4, 0xA4, 0x4A, 0xF9, 0xE4, 0xA4, 0x4A, 0xF9, 0xE5, 0xA5, 0x4A, 0xF9, 0xE6, 0xA9, 0x4F, 0xFA,
    0xEA, 0xB3, 0x5A, 0xFA, 0xEA, 0xB3, 0x5A, 0xFA, 0xE6, 0xA8, 0x54, 0xFB, 0xD7, 0x91, 0x3A, 0xFA,
    0xD7, 0x91, 0x3A, 0xFA, 0xCC, 0x82, 0x29, 0xFA, 0xD4, 0x8E, 0x35, 0xFB, 0xD5, 0x93, 0x3D, 0xFA,
    0xD5, 0x93, 0x3D, 0xFA, 0xCE, 0x8C, 0x3A, 0xFA, 0xC5, 0x83, 0x36, 0xFA, 0xC6, 0x86, 0x3B, 0xFA,
    0xC6, 0x86, 0x3B, 0xFA, 0xBC, 0x7A, 0x35, 0xFA, 0xB4, 0x78, 0x34, 0xF9, 0xA6, 0x66, 0x27, 0xF9,
    0xA6, 0x66, 0x27, 0xF9, 0xA4, 0x63, 0x25, 0xF7, 0x94, 0x62, 0x26, 0xF7, 0x94, 0x62, 0x26, 0xF7,
    0x43, 0x2E, 0x18, 0xF1, 0x4A, 0x48, 0x57, 0xB5, 0x4B, 0x5A, 0x76, 0x59, 0x4B, 0x5A, 0x76, 0x59,
    0x53, 0x66, 0x84, 0x40, 0x65, 0x7D, 0x9B, 0x1B, 0x67, 0x83, 0xA2, 0x0B, 0x67, 0x83, 0xA2, 0x0B,
    0x00, 0x00, 0x00, 0x00, 0x00, 0x00, 0x00, 0x00, 0x00, 0x00, 0x00, 0x00, 0x00, 0x00, 0x00, 0x00,
    0x00, 0x00, 0x00, 0x00, 0x62, 0x86, 0xAE, 0x0A, 0x62, 0x86, 0xAE, 0x0A, 0x5E, 0x7C, 0xA1, 0x3E,
    0x39, 0x53, 0x6F, 0xB2, 0x40, 0x5C, 0x79, 0xDE, 0x40, 0x5C, 0x79, 0xDE, 0x0A, 0x19, 0x35, 0xE4,
    0x0B, 0x18, 0x34, 0xEF, 0x46, 0x65, 0x80, 0xF0, 0x46, 0x65, 0x80, 0xF0, 0x50, 0x69, 0x84, 0xF7,
    0x4F, 0x68, 0x82, 0xF2, 0x4F, 0x68, 0x82, 0xF2, 0x30, 0x48, 0x65, 0xEF, 0x2F, 0x54, 0x7B, 0xB9,
    0x49, 0x7A, 0xAA, 0x48, 0x49, 0x7A, 0xAA, 0x48, 0x50, 0x82, 0xB9, 0x1D, 0x4E, 0x86, 0xBE, 0x01,
    0x00, 0x00, 0x00, 0x00, 0x00, 0x00, 0x00, 0x00, 0x4C, 0x83, 0xC2, 0x02, 0x4A, 0x84, 0xC2, 0x01,
    0x4A, 0x84, 0xC2, 0x01, 0x47, 0x83, 0xC1, 0x01, 0x00, 0x00, 0x00, 0x00, 0x00, 0x00, 0x00, 0x00,
    0x00, 0x00, 0x00, 0x00, 0x00, 0x00, 0x00, 0x00, 0x46, 0x83, 0xBF, 0x01, 0x45, 0x82, 0xC0, 0x01,
    0x45, 0x82, 0xC0, 0x01, 0x43, 0x80, 0xBF, 0x03, 0x42, 0x81, 0xC0, 0x03, 0x42, 0x81, 0xC0, 0x02,
    0x42, 0x81, 0xC0, 0x02, 0x42, 0x80, 0xC0, 0x01, 0x42, 0x80, 0xBF, 0x01, 0x42, 0x80, 0xBF, 0x01,
    0x44, 0x80, 0xC0, 0x01, 0x44, 0x80, 0xBF, 0x01, 0x44, 0x81, 0xBF, 0x01, 0x44, 0x81, 0xBF, 0x01,
    0x44, 0x81, 0xBE, 0x01, 0x44, 0x82, 0xBE, 0x01, 0x45, 0x81, 0xBE, 0x01, 0x45, 0x81, 0xBE, 0x01,
    0x45, 0x81, 0xBD, 0x01, 0x46, 0x81, 0xBD, 0x01, 0x46, 0x81, 0xBD, 0x01, 0x46, 0x81, 0xBC, 0x01,
    0x46, 0x81, 0xBB, 0x01, 0x47, 0x81, 0xBB, 0x01, 0x47, 0x81, 0xBB, 0x01, 0x47, 0x80, 0xB9, 0x01,
    0x00, 0x00, 0x00, 0x00, 0x00, 0x00, 0x00, 0x00, 0x00, 0x00, 0x00, 0x00, 0x00, 0x00, 0x00, 0x00,
    0x00, 0x00, 0x00, 0x00, 0x00, 0x00, 0x00, 0x00, 0x00, 0x00, 0x00, 0x00, 0x00, 0x00, 0x00, 0x00,
    0x00, 0x00, 0x00, 0x00, 0x00, 0x00, 0x00, 0x00, 0x00, 0x00, 0x00, 0x00, 0x00, 0x00, 0x00, 0x00,
    0x00, 0x00, 0x00, 0x00, 0x00, 0x00, 0x00, 0x00, 0x00, 0x00, 0x00, 0x00, 0x00, 0x00, 0x00, 0x00,
    0x00, 0x00, 0x00, 0x00, 0x00, 0x00, 0x00, 0x00, 0x00, 0x00, 0x00, 0x00, 0x00, 0x00, 0x00, 0x00,
    0x00, 0x00, 0x00, 0x00, 0x00, 0x00, 0x00, 0x00, 0x00, 0x00, 0x00, 0x00, 0x00, 0x00, 0x00, 0x00,
    0x66, 0x7E, 0x9B, 0x01, 0x68, 0x7F, 0x9A, 0x01, 0x68, 0x7F, 0x9A, 0x01, 0x69, 0x7E, 0x97, 0x04,
    0x00, 0x00, 0x00, 0x00, 0x34, 0x31, 0x3C, 0x5F, 0x34, 0x31, 0x3C, 0x5F, 0x46, 0x1B, 0x0D, 0xEE,
    0xE4, 0xA7, 0x5D, 0xF2, 0xE4, 0xA7, 0x5D, 0xF2, 0xDF, 0xA1, 0x49, 0xF8, 0xD4, 0x88, 0x32, 0xF8,
    0xE3, 0x9D, 0x43, 0xF9, 0xE3, 0x9D, 0x43, 0xF9, 0xE9, 0xAC, 0x4F, 0xFA, 0xE0, 0x9C, 0x4A, 0xFA,
    0xE4, 0xA6, 0x53, 0xFA, 0xE4, 0xA6, 0x53, 0xFA, 0xDC, 0x9C, 0x4A, 0xFB, 0xC8, 0x7D, 0x2B, 0xFA,
    0xC8, 0x7D, 0x2B, 0xFA, 0xC3, 0x73, 0x20, 0xFA, 0xCA, 0x81, 0x2B, 0xFA, 0xC4, 0x7A, 0x2D, 0xFB,
    0xC4, 0x7A, 0x2D, 0xFB, 0xC6, 0x82, 0x37, 0xFA, 0xCB, 0x8E, 0x41, 0xFA, 0xC6, 0x8A, 0x41, 0xFA,
    0xC6, 0x8A, 0x41, 0xFA, 0xB9, 0x76, 0x35, 0xFA, 0xA7, 0x64, 0x27, 0xF8, 0x99, 0x59, 0x1F, 0xF9,
    0x99, 0x59, 0x1F, 0xF9, 0xA4, 0x66, 0x2A, 0xF8, 0x96, 0x5B, 0x25, 0xF3, 0x96, 0x5B, 0x25, 0xF3,
    0x33, 0x21, 0x11, 0xEE, 0x4A, 0x52, 0x66, 0x75, 0x6F, 0x88, 0xA9, 0x01, 0x6F, 0x88, 0xA9, 0x01,
    0x64, 0x82, 0xA5, 0x01, 0x00, 0x00, 0x00, 0x00, 0x00, 0x00, 0x00, 0x00, 0x00, 0x00, 0x00, 0x00,
    0x62, 0x7F, 0xA6, 0x01, 0x5F, 0x7F, 0xA7, 0x02, 0x5F, 0x7F, 0xA7, 0x02, 0x60, 0x80, 0xAA, 0x01,
    0x5E, 0x7F, 0xA8, 0x02, 0x5B, 0x7E, 0xA6, 0x01, 0x5B, 0x7E, 0xA6, 0x01, 0x63, 0x88, 0xB1, 0x02,
    0x4D, 0x6B, 0x92, 0x29, 0x21, 0x3D, 0x5E, 0x3E, 0x21, 0x3D, 0x5E, 0x3E, 0x2A, 0x42, 0x61, 0x52,
    0x2A, 0x43, 0x63, 0x62, 0x1C, 0x39, 0x5A, 0x66, 0x1C, 0x39, 0x5A, 0x66, 0x0E, 0x25, 0x47, 0x71,
    0x10, 0x2A, 0x4E, 0x66, 0x10, 0x2A, 0x4E, 0x66, 0x0D, 0x24, 0x4C, 0x57, 0x40, 0x6D, 0x9D, 0x2E,
    0x57, 0x8E, 0xC2, 0x01, 0x57, 0x8E, 0xC2, 0x01, 0x00, 0x00, 0x00, 0x00, 0x4D, 0x84, 0xBE, 0x02,
    0x4E, 0x84, 0xBF, 0x01, 0x4E, 0x84, 0xBF, 0x01, 0x4C, 0x84, 0xC1, 0x01, 0x4A, 0x84, 0xC2, 0x01,
    0x4A, 0x84, 0xC2, 0x01, 0x49, 0x85, 0xC2, 0x02, 0x49, 0x85, 0xC2, 0x02, 0x48, 0x85, 0xC1, 0x02,
    0x48, 0x85, 0xC1, 0x02, 0x47, 0x85, 0xC2, 0x02, 0x47, 0x84, 0xC1, 0x02, 0x46, 0x83, 0xC2, 0x01,
    0x46, 0x83, 0xC2, 0x01, 0x00, 0x00, 0x00, 0x00, 0x00, 0x00, 0x00, 0x00, 0x44, 0x82, 0xC0, 0x01,
    0x44, 0x82, 0xC0, 0x01, 0x44, 0x82, 0xBF, 0x01, 0x44, 0x81, 0xBF, 0x01, 0x44, 0x81, 0xBF, 0x01,
    0x44, 0x80, 0xBF, 0x01, 0x45, 0x81, 0xBE, 0x01, 0x45, 0x81, 0xBE, 0x01, 0x45, 0x81, 0xBE, 0x01,
    0x45, 0x81, 0xBE, 0x01, 0x44, 0x81, 0xBD, 0x01, 0x45, 0x81, 0xBD, 0x01, 0x45, 0x81, 0xBD, 0x01,
    0x45, 0x81, 0xBD, 0x01, 0x46, 0x80, 0xBC, 0x01, 0x46, 0x80, 0xBC, 0x01, 0x46, 0x81, 0xBC, 0x01,
    0x47, 0x81, 0xBB, 0x01, 0x48, 0x80, 0xBA, 0x01, 0x48, 0x80, 0xBA, 0x01, 0x48, 0x80, 0xB9, 0x01,
    0x00, 0x00, 0x00, 0x00, 0x00, 0x00, 0x00, 0x00, 0x00, 0x00, 0x00, 0x00, 0x00, 0x00, 0x00, 0x00,
    0x00, 0x00, 0x00, 0x00, 0x00, 0x00, 0x00, 0x00, 0x00, 0x00, 0x00, 0x00, 0x00, 0x00, 0x00, 0x00,
    0x00, 0x00, 0x00, 0x00, 0x00, 0x00, 0x00, 0x00, 0x00, 0x00, 0x00, 0x00, 0x00, 0x00, 0x00, 0x00,
    0x00, 0x00, 0x00, 0x00, 0x00, 0x00, 0x00, 0x00, 0x00, 0x00, 0x00, 0x00, 0x00, 0x00, 0x00, 0x00,
    0x00, 0x00, 0x00, 0x00, 0x00, 0x00, 0x00, 0x00, 0x00, 0x00, 0x00, 0x00, 0x00, 0x00, 0x00, 0x00,
    0x00, 0x00, 0x00, 0x00, 0x00, 0x00, 0x00, 0x00, 0x00, 0x00, 0x00, 0x00, 0x00, 0x00, 0x00, 0x00,
    0x65, 0x7E, 0x9A, 0x01, 0x00, 0x00, 0x00, 0x00, 0x00, 0x00, 0x00, 0x00, 0x68, 0x7C, 0x96, 0x03,
    0x72, 0x84, 0x91, 0x01, 0x3B, 0x3A, 0x43, 0x5F, 0x3B, 0x3A, 0x43, 0x5F, 0x4B, 0x24, 0x11, 0xEC,
    0xE6, 0xA7, 0x58, 0xF2, 0xE6, 0xA7, 0x58, 0xF2, 0xDB, 0x99, 0x3D, 0xF8, 0xDD, 0x96, 0x3B, 0xF8,
    0xE3, 0x9E, 0x44, 0xF9, 0xE3, 0x9E, 0x44, 0xF9, 0xE7, 0xA9, 0x4C, 0xF9, 0xE4, 0xA3, 0x4F, 0xFA,
    0xE7, 0xAB, 0x57, 0xFA, 0xE7, 0xAB, 0x57, 0xFA, 0xDA, 0x9B, 0x49, 0xFA, 0xC8, 0x82, 0x30, 0xFA,
    0xC8, 0x82, 0x30, 0xFA, 0xC6, 0x7C, 0x29, 0xFA, 0xC5, 0x7C, 0x2D, 0xF9, 0xB1, 0x63, 0x1E, 0xFA,
    0xB1, 0x63, 0x1E, 0xFA, 0xAB, 0x67, 0x23, 0xF9, 0xA4, 0x60, 0x20, 0xF9, 0xA6, 0x68, 0x29, 0xF9,
    0xA6, 0x68, 0x29, 0xF9, 0xA5, 0x66, 0x27, 0xF9, 0xA1, 0x62, 0x26, 0xF7, 0x9E, 0x5F, 0x24, 0xF7,
    0x9E, 0x5F, 0x24, 0xF7, 0xA6, 0x68, 0x29, 0xF6, 0x9B, 0x64, 0x27, 0xEE, 0x9B, 0x64, 0x27, 0xEE,
    0x32, 0x23, 0x12, 0xED, 0x45, 0x4D, 0x63, 0x63, 0x00, 0x00, 0x00, 0x00, 0x00, 0x00, 0x00, 0x00,
    0x61, 0x81, 0xA6, 0x05, 0x64, 0x83, 0xA7, 0x01, 0x00, 0x00, 0x00, 0x00, 0x00, 0x00, 0x00, 0x00,
    0x00, 0x00, 0x00, 0x00, 0x00, 0x00, 0x00, 0x00, 0x00, 0x00, 0x00, 0x00, 0x00, 0x00, 0x00, 0x00,
    0x00, 0x00, 0x00, 0x00, 0x60, 0x84, 0xAD, 0x01, 0x60, 0x84, 0xAD, 0x01, 0x5D, 0x81, 0xAB, 0x02,
    0x00, 0x00, 0x00, 0x00, 0x00, 0x00, 0x00, 0x00, 0x00, 0x00, 0x00, 0x00, 0x00, 0x00, 0x00, 0x00,
    0x5E, 0x8A, 0xB7, 0x01, 0x00, 0x00, 0x00, 0x00, 0x00, 0x00, 0x00, 0x00, 0x5F, 0x8B, 0xBA, 0x01,
    0x00, 0x00, 0x00, 0x00, 0x00, 0x00, 0x00, 0x00, 0x00, 0x00, 0x00, 0x00, 0x00, 0x00, 0x00, 0x00,
    0x52, 0x85, 0xBC, 0x01, 0x52, 0x85, 0xBC, 0x01, 0x50, 0x85, 0xBE, 0x01, 0x4E, 0x85, 0xBF, 0x01,
    0x00, 0x00, 0x00, 0x00, 0x00, 0x00, 0x00, 0x00, 0x00, 0x00, 0x00, 0x00, 0x00, 0x00, 0x00, 0x00,
    0x00, 0x00, 0x00, 0x00, 0x00, 0x00, 0x00, 0x00, 0x00, 0x00, 0x00, 0x00, 0x48, 0x85, 0xC1, 0x01,
    0x48, 0x85, 0xC1, 0x01, 0x00, 0x00, 0x00, 0x00, 0x48, 0x84, 0xC2, 0x01, 0x00, 0x00, 0x00, 0x00,
    0x00, 0x00, 0x00, 0x00, 0x00, 0x00, 0x00, 0x00, 0x00, 0x00, 0x00, 0x00, 0x00, 0x00, 0x00, 0x00,
    0x00, 0x00, 0x00, 0x00, 0x00, 0x00, 0x00, 0x00, 0x00, 0x00, 0x00, 0x00, 0x00, 0x00, 0x00, 0x00,
    0x00, 0x00, 0x00, 0x00, 0x00, 0x00, 0x00, 0x00, 0x00, 0x00, 0x00, 0x00, 0x00, 0x00, 0x00, 0x00,
    0x00, 0x00, 0x00, 0x00, 0x00, 0x00, 0x00, 0x00, 0x00, 0x00, 0x00, 0x00, 0x00, 0x00, 0x00, 0x00,
    0x00, 0x00, 0x00, 0x00, 0x00, 0x00, 0x00, 0x00, 0x00, 0x00, 0x00, 0x00, 0x00, 0x00, 0x00, 0x00,
    0x00, 0x00, 0x00, 0x00, 0x00, 0x00, 0x00, 0x00, 0x00, 0x00, 0x00, 0x00, 0x00, 0x00, 0x00, 0x00,
    0x00, 0x00, 0x00, 0x00, 0x00, 0x00, 0x00, 0x00, 0x00, 0x00, 0x00, 0x00, 0x00, 0x00, 0x00, 0x00,
    0x00, 0x00, 0x00, 0x00, 0x00, 0x00, 0x00, 0x00, 0x00, 0x00, 0x00, 0x00, 0x00, 0x00, 0x00, 0x00,
    0x00, 0x00, 0x00, 0x00, 0x00, 0x00, 0x00, 0x00, 0x00, 0x00, 0x00, 0x00, 0x00, 0x00, 0x00, 0x00,
    0x00, 0x00, 0x00, 0x00, 0x00, 0x00, 0x00, 0x00, 0x00, 0x00, 0x00, 0x00, 0x00, 0x00, 0x00, 0x00,
    0x00, 0x00, 0x00, 0x00, 0x00, 0x00, 0x00, 0x00, 0x00, 0x00, 0x00, 0x00, 0x00, 0x00, 0x00, 0x00,
    0x00, 0x00, 0x00, 0x00, 0x00, 0x00, 0x00, 0x00, 0x00, 0x00, 0x00, 0x00, 0x00, 0x00, 0x00, 0x00,
    0x65, 0x7E, 0x9A, 0x01, 0x00, 0x00, 0x00, 0x00, 0x00, 0x00, 0x00, 0x00, 0x68, 0x7C, 0x96, 0x03,
    0x72, 0x84, 0x91, 0x01, 0x3B, 0x3A, 0x43, 0x5F, 0x3B, 0x3A, 0x43, 0x5F, 0x4B, 0x24, 0x11, 0xEC,
    0xE6, 0xA7, 0x58, 0xF2, 0xE6, 0xA7, 0x58, 0xF2, 0xDB, 0x99, 0x3D, 0xF8, 0xDD, 0x96, 0x3B, 0xF8,
    0xE3, 0x9E, 0x44, 0xF9, 0xE3, 0x9E, 0x44, 0xF9, 0xE7, 0xA9, 0x4C, 0xF9, 0xE4, 0xA3, 0x4F, 0xFA,
    0xE7, 0xAB, 0x57, 0xFA, 0xE7, 0xAB, 0x57, 0xFA, 0xDA, 0x9B, 0x49, 0xFA, 0xC8, 0x82, 0x30, 0xFA,
    0xC8, 0x82, 0x30, 0xFA, 0xC6, 0x7C, 0x29, 0xFA, 0xC5, 0x7C, 0x2D, 0xF9, 0xB1, 0x63, 0x1E, 0xFA,
    0xB1, 0x63, 0x1E, 0xFA, 0xAB, 0x67, 0x23, 0xF9, 0xA4, 0x60, 0x20, 0xF9, 0xA6, 0x68, 0x29, 0xF9,
    0xA6, 0x68, 0x29, 0xF9, 0xA5, 0x66, 0x27, 0xF9, 0xA1, 0x62, 0x26, 0xF7, 0x9E, 0x5F, 0x24, 0xF7,
    0x9E, 0x5F, 0x24, 0xF7, 0xA6, 0x68, 0x29, 0xF6, 0x9B, 0x64, 0x27, 0xEE, 0x9B, 0x64, 0x27, 0xEE,
    0x32, 0x23, 0x12, 0xED, 0x45, 0x4D, 0x63, 0x63, 0x00, 0x00, 0x00, 0x00, 0x00, 0x00, 0x00, 0x00,
    0x61, 0x81, 0xA6, 0x05, 0x64, 0x83, 0xA7, 0x01, 0x00, 0x00, 0x00, 0x00, 0x00, 0x00, 0x00, 0x00,
    0x00, 0x00, 0x00, 0x00, 0x00, 0x00, 0x00, 0x00, 0x00, 0x00, 0x00, 0x00, 0x00, 0x00, 0x00, 0x00,
    0x00, 0x00, 0x00, 0x00, 0x60, 0x84, 0xAD, 0x01, 0x60, 0x84, 0xAD, 0x01, 0x5D, 0x81, 0xAB, 0x02,
    0x00, 0x00, 0x00, 0x00, 0x00, 0x00, 0x00, 0x00, 0x00, 0x00, 0x00, 0x00, 0x00, 0x00, 0x00, 0x00,
    0x5E, 0x8A, 0xB7, 0x01, 0x00, 0x00, 0x00, 0x00, 0x00, 0x00, 0x00, 0x00, 0x5F, 0x8B, 0xBA, 0x01,
    0x00, 0x00, 0x00, 0x00, 0x00, 0x00, 0x00, 0x00, 0x00, 0x00, 0x00, 0x00, 0x00, 0x00, 0x00, 0x00,
    0x52, 0x85, 0xBC, 0x01, 0x52, 0x85, 0xBC, 0x01, 0x50, 0x85, 0xBE, 0x01, 0x4E, 0x85, 0xBF, 0x01,
    0x00, 0x00, 0x00, 0x00, 0x00, 0x00, 0x00, 0x00, 0x00, 0x00, 0x00, 0x00, 0x00, 0x00, 0x00, 0x00,
    0x00, 0x00, 0x00, 0x00, 0x00, 0x00, 0x00, 0x00, 0x00, 0x00, 0x00, 0x00, 0x48, 0x85, 0xC1, 0x01,
    0x48, 0x85, 0xC1, 0x01, 0x00, 0x00, 0x00, 0x00, 0x48, 0x84, 0xC2, 0x01, 0x00, 0x00, 0x00, 0x00,
    0x00, 0x00, 0x00, 0x00, 0x00, 0x00, 0x00, 0x00, 0x00, 0x00, 0x00, 0x00, 0x00, 0x00, 0x00, 0x00,
    0x00, 0x00, 0x00, 0x00, 0x00, 0x00, 0x00, 0x00, 0x00, 0x00, 0x00, 0x00, 0x00, 0x00, 0x00, 0x00,
    0x00, 0x00, 0x00, 0x00, 0x00, 0x00, 0x00, 0x00, 0x00, 0x00, 0x00, 0x00, 0x00, 0x00, 0x00, 0x00,
    0x00, 0x00, 0x00, 0x00, 0x00, 0x00, 0x00, 0x00, 0x00, 0x00, 0x00, 0x00, 0x00, 0x00, 0x00, 0x00,
    0x00, 0x00, 0x00, 0x00, 0x00, 0x00, 0x00, 0x00, 0x00, 0x00, 0x00, 0x00, 0x00, 0x00, 0x00, 0x00,
    0x00, 0x00, 0x00, 0x00, 0x00, 0x00, 0x00, 0x00, 0x00, 0x00, 0x00, 0x00, 0x00, 0x00, 0x00, 0x00,
    0x00, 0x00, 0x00, 0x00, 0x00, 0x00, 0x00, 0x00, 0x00, 0x00, 0x00, 0x00, 0x00, 0x00, 0x00, 0x00,
    0x00, 0x00, 0x00, 0x00, 0x00, 0x00, 0x00, 0x00, 0x00, 0x00, 0x00, 0x00, 0x00, 0x00, 0x00, 0x00,
    0x00, 0x00, 0x00, 0x00, 0x00, 0x00, 0x00, 0x00, 0x00, 0x00, 0x00, 0x00, 0x00, 0x00, 0x00, 0x00,
    0x00, 0x00, 0x00, 0x00, 0x00, 0x00, 0x00, 0x00, 0x00, 0x00, 0x00, 0x00, 0x00, 0x00, 0x00, 0x00,
    0x00, 0x00, 0x00, 0x00, 0x00, 0x00, 0x00, 0x00, 0x00, 0x00, 0x00, 0x00, 0x00, 0x00, 0x00, 0x00,
    0x00, 0x00, 0x00, 0x00, 0x00, 0x00, 0x00, 0x00, 0x00, 0x00, 0x00, 0x00, 0x00, 0x00, 0x00, 0x00,
    0x65, 0x7C, 0x99, 0x01, 0x66, 0x7D, 0x97, 0x01, 0x66, 0x7D, 0x97, 0x01, 0x66, 0x7B, 0x94, 0x04,
    0x70, 0x80, 0x8F, 0x01, 0x38, 0x37, 0x43, 0x61, 0x38, 0x37, 0x43, 0x61, 0x4C, 0x24, 0x14, 0xEE,
    0xD9, 0x92, 0x49, 0xF4, 0xD9, 0x92, 0x49, 0xF4, 0xD0, 0x85, 0x2F, 0xF8, 0xE5, 0xA6, 0x48, 0xF8,
    0xDD, 0x92, 0x3B, 0xF9, 0xDD, 0x92, 0x3B, 0xF9, 0xD8, 0x8D, 0x37, 0xF9, 0xE4, 0xA6, 0x51, 0xFA,
    0xE6, 0xA9, 0x55, 0xFA, 0xE6, 0xA9, 0x55, 0xFA, 0xCE, 0x84, 0x39, 0xFA, 0xC2, 0x73, 0x2A, 0xFA,
    0xC2, 0x73, 0x2A, 0xFA, 0xCD, 0x86, 0x36, 0xFA, 0xCC, 0x85, 0x38, 0xFA, 0xBD, 0x74, 0x2E, 0xFA,
    0xBD, 0x74, 0x2E, 0xFA, 0xAE, 0x6A, 0x28, 0xFA, 0x93, 0x4A, 0x12, 0xF9, 0x9C, 0x5E, 0x23, 0xF9,
    0x9C, 0x5E, 0x23, 0xF9, 0x9F, 0x5E, 0x24, 0xF8, 0xA5, 0x6D, 0x2E, 0xF7, 0x9D, 0x5C, 0x23, 0xF6,
    0x9D, 0x5C, 0x23, 0xF6, 0x9D, 0x57, 0x1C, 0xF5, 0x9D, 0x67, 0x2A, 0xEF, 0x9D, 0x67, 0x2A, 0xEF,
    0x30, 0x20, 0x12, 0xEA, 0x42, 0x49, 0x62, 0x5B, 0x00, 0x00, 0x00, 0x00, 0x00, 0x00, 0x00, 0x00,
    0x65, 0x84, 0xA7, 0x02, 0x00, 0x00, 0x00, 0x00, 0x00, 0x00, 0x00, 0x00, 0x00, 0x00, 0x00, 0x00,
    0x00, 0x00, 0x00, 0x00, 0x00, 0x00, 0x00, 0x00, 0x00, 0x00, 0x00, 0x00, 0x00, 0x00, 0x00, 0x00,
    0x00, 0x00, 0x00, 0x00, 0x00, 0x00, 0x00, 0x00, 0x00, 0x00, 0x00, 0x00, 0x5E, 0x82, 0xAD, 0x01,
    0x5A, 0x82, 0xAE, 0x03, 0x56, 0x82, 0xAE, 0x04, 0x56, 0x82, 0xAE, 0x04, 0x58, 0x86, 0xB1, 0x03,
    0x58, 0x83, 0xB1, 0x04, 0x59, 0x86, 0xB3, 0x03, 0x59, 0x86, 0xB3, 0x03, 0x57, 0x85, 0xB3, 0x04,
    0x55, 0x86, 0xB6, 0x03, 0x55, 0x86, 0xB6, 0x03, 0x53, 0x85, 0xB7, 0x03, 0x52, 0x85, 0xB9, 0x01,
    0x00, 0x00, 0x00, 0x00, 0x00, 0x00, 0x00, 0x00, 0x00, 0x00, 0x00, 0x00, 0x00, 0x00, 0x00, 0x00,
    0x00, 0x00, 0x00, 0x00, 0x00, 0x00, 0x00, 0x00, 0x00, 0x00, 0x00, 0x00, 0x00, 0x00, 0x00, 0x00,
    0x00, 0x00, 0x00, 0x00, 0x00, 0x00, 0x00, 0x00, 0x00, 0x00, 0x00, 0x00, 0x00, 0x00, 0x00, 0x00,
    0x00, 0x00, 0x00, 0x00, 0x49, 0x84, 0xC1, 0x01, 0x00, 0x00, 0x00, 0x00, 0x00, 0x00, 0x00, 0x00,
    0x00, 0x00, 0x00, 0x00, 0x00, 0x00, 0x00, 0x00, 0x00, 0x00, 0x00, 0x00, 0x00, 0x00, 0x00, 0x00,
    0x00, 0x00, 0x00, 0x00, 0x00, 0x00, 0x00, 0x00, 0x00, 0x00, 0x00, 0x00, 0x00, 0x00, 0x00, 0x00,
    0x00, 0x00, 0x00, 0x00, 0x00, 0x00, 0x00, 0x00, 0x00, 0x00, 0x00, 0x00, 0x00, 0x00, 0x00, 0x00,
    0x00, 0x00, 0x00, 0x00, 0x00, 0x00, 0x00, 0x00, 0x00, 0x00, 0x00, 0x00, 0x00, 0x00, 0x00, 0x00,
    0x00, 0x00, 0x00, 0x00, 0x00, 0x00, 0x00, 0x00, 0x00, 0x00, 0x00, 0x00, 0x00, 0x00, 0x00, 0x00,
    0x00, 0x00, 0x00, 0x00, 0x00, 0x00, 0x00, 0x00, 0x00, 0x00, 0x00, 0x00, 0x00, 0x00, 0x00, 0x00,
    0x00, 0x00, 0x00, 0x00, 0x00, 0x00, 0x00, 0x00, 0x00, 0x00, 0x00, 0x00, 0x00, 0x00, 0x00, 0x00,
    0x00, 0x00, 0x00, 0x00, 0x00, 0x00, 0x00, 0x00, 0x00, 0x00, 0x00, 0x00, 0x00, 0x00, 0x00, 0x00,
    0x00, 0x00, 0x00, 0x00, 0x00, 0x00, 0x00, 0x00, 0x00, 0x00, 0x00, 0x00, 0x00, 0x00, 0x00, 0x00,
    0x00, 0x00, 0x00, 0x00, 0x00, 0x00, 0x00, 0x00, 0x00, 0x00, 0x00, 0x00, 0x00, 0x00, 0x00, 0x00,
    0x00, 0x00, 0x00, 0x00, 0x00, 0x00, 0x00, 0x00, 0x00, 0x00, 0x00, 0x00, 0x00, 0x00, 0x00, 0x00,
    0x00, 0x00, 0x00, 0x00, 0x00, 0x00, 0x00, 0x00, 0x00, 0x00, 0x00, 0x00, 0x00, 0x00, 0x00, 0x00,
    0x65, 0x7C, 0x98, 0x01, 0x66, 0x7C, 0x96, 0x01, 0x66, 0x7C, 0x96, 0x01, 0x66, 0x7A, 0x93, 0x03,
    0x70, 0x80, 0x90, 0x02, 0x38, 0x37, 0x4A, 0x58, 0x38, 0x37, 0x4A, 0x58, 0x47, 0x21, 0x15, 0xE5,
    0xDC, 0x9C, 0x51, 0xF0, 0xDC, 0x9C, 0x51, 0xF0, 0xD4, 0x8F, 0x38, 0xF8, 0xDD, 0x9B, 0x41, 0xF8,
    0xD4, 0x89, 0x32, 0xF9, 0xD4, 0x89, 0x32, 0xF9, 0xCF, 0x82, 0x2D, 0xF9, 0xDF, 0x9B, 0x46, 0xFA,
    0xDC, 0x9A, 0x47, 0xFA, 0xDC, 0x9A, 0x47, 0xFA, 0xC9, 0x80, 0x32, 0xFA, 0xC1, 0x72, 0x29, 0xFA,
    0xC1, 0x72, 0x29, 0xFA, 0xCB, 0x80, 0x34, 0xFA, 0xC8, 0x7B, 0x31, 0xFA, 0xC5, 0x7B, 0x32, 0xFA,
    0xC5, 0x7B, 0x32, 0xFA, 0xC7, 0x85, 0x3C, 0xFA, 0xB6, 0x74, 0x30, 0xF9, 0xA7, 0x64, 0x2A, 0xF8,
    0xA7, 0x64, 0x2A, 0xF8, 0x9E, 0x59, 0x23, 0xF8, 0xA4, 0x6B, 0x2E, 0xF6, 0x9B, 0x5C, 0x21, 0xF6,
    0x9B, 0x5C, 0x21, 0xF6, 0x9F, 0x5A, 0x1F, 0xF3, 0x9C, 0x69, 0x31, 0xEC, 0x9C, 0x69, 0x31, 0xEC,
    0x31, 0x22, 0x1A, 0xDC, 0x40, 0x45, 0x61, 0x45, 0x00, 0x00, 0x00, 0x00, 0x00, 0x00, 0x00, 0x00,
    0x67, 0x86, 0xA8, 0x03, 0x00, 0x00, 0x00, 0x00, 0x00, 0x00, 0x00, 0x00, 0x00, 0x00, 0x00, 0x00,
    0x00, 0x00, 0x00, 0x00, 0x00, 0x00, 0x00, 0x00, 0x00, 0x00, 0x00, 0x00, 0x00, 0x00, 0x00, 0x00,
    0x00, 0x00, 0x00, 0x00, 0x00, 0x00, 0x00, 0x00, 0x00, 0x00, 0x00, 0x00, 0x00, 0x00, 0x00, 0x00,
    0x00, 0x00, 0x00, 0x00, 0x5A, 0x83, 0xAF, 0x01, 0x5A, 0x83, 0xAF, 0x01, 0x00, 0x00, 0x00, 0x00,
    0x00, 0x00, 0x00, 0x00, 0x00, 0x00, 0x00, 0x00, 0x00, 0x00, 0x00, 0x00, 0x00, 0x00, 0x00, 0x00,
    0x00, 0x00, 0x00, 0x00, 0x00, 0x00, 0x00, 0x00, 0x00, 0x00, 0x00, 0x00, 0x00, 0x00, 0x00, 0x00,
    0x00, 0x00, 0x00, 0x00, 0x00, 0x00, 0x00, 0x00, 0x00, 0x00, 0x00, 0x00, 0x00, 0x00, 0x00, 0x00,
    0x00, 0x00, 0x00, 0x00, 0x00, 0x00, 0x00, 0x00, 0x00, 0x00, 0x00, 0x00, 0x00, 0x00, 0x00, 0x00,
    0x00, 0x00, 0x00, 0x00, 0x00, 0x00, 0x00, 0x00, 0x00, 0x00, 0x00, 0x00, 0x00, 0x00, 0x00, 0x00,
    0x00, 0x00, 0x00, 0x00, 0x00, 0x00, 0x00, 0x00, 0x00, 0x00, 0x00, 0x00, 0x00, 0x00, 0x00, 0x00,
    0x00, 0x00, 0x00, 0x00, 0x00, 0x00, 0x00, 0x00, 0x00, 0x00, 0x00, 0x00, 0x00, 0x00, 0x00, 0x00,
    0x00, 0x00, 0x00, 0x00, 0x00, 0x00, 0x00, 0x00, 0x00, 0x00, 0x00, 0x00, 0x00, 0x00, 0x00, 0x00,
    0x00, 0x00, 0x00, 0x00, 0x00, 0x00, 0x00, 0x00, 0x00, 0x00, 0x00, 0x00, 0x00, 0x00, 0x00, 0x00,
    0x00, 0x00, 0x00, 0x00, 0x00, 0x00, 0x00, 0x00, 0x00, 0x00, 0x00, 0x00, 0x00, 0x00, 0x00, 0x00,
    0x00, 0x00, 0x00, 0x00, 0x00, 0x00, 0x00, 0x00, 0x00, 0x00, 0x00, 0x00, 0x00, 0x00, 0x00, 0x00,
    0x00, 0x00, 0x00, 0x00, 0x00, 0x00, 0x00, 0x00, 0x00, 0x00, 0x00, 0x00, 0x00, 0x00, 0x00, 0x00,
    0x00, 0x00, 0x00, 0x00, 0x00, 0x00, 0x00, 0x00, 0x00, 0x00, 0x00, 0x00, 0x00, 0x00, 0x00, 0x00,
    0x00, 0x00, 0x00, 0x00, 0x00, 0x00, 0x00, 0x00, 0x00, 0x00, 0x00, 0x00, 0x00, 0x00, 0x00, 0x00,
    0x00, 0x00, 0x00, 0x00, 0x00, 0x00, 0x00, 0x00, 0x00, 0x00, 0x00, 0x00, 0x00, 0x00, 0x00, 0x00,
    0x00, 0x00, 0x00, 0x00, 0x00, 0x00, 0x00, 0x00, 0x00, 0x00, 0x00, 0x00, 0x00, 0x00, 0x00, 0x00,
    0x00, 0x00, 0x00, 0x00, 0x00, 0x00, 0x00, 0x00, 0x00, 0x00, 0x00, 0x00, 0x00, 0x00, 0x00, 0x00,
    0x00, 0x00, 0x00, 0x00, 0x00, 0x00, 0x00, 0x00, 0x00, 0x00, 0x00, 0x00, 0x00, 0x00, 0x00, 0x00,
    0x65, 0x7C, 0x98, 0x01, 0x66, 0x7C, 0x96, 0x01, 0x66, 0x7C, 0x96, 0x01, 0x66, 0x7A, 0x93, 0x03,
    0x70, 0x80, 0x90, 0x02, 0x38, 0x37, 0x4A, 0x58, 0x38, 0x37, 0x4A, 0x58, 0x47, 0x21, 0x15, 0xE5,
    0xDC, 0x9C, 0x51, 0xF0, 0xDC, 0x9C, 0x51, 0xF0, 0xD4, 0x8F, 0x38, 0xF8, 0xDD, 0x9B, 0x41, 0xF8,
    0xD4, 0x89, 0x32, 0xF9, 0xD4, 0x89, 0x32, 0xF9, 0xCF, 0x82, 0x2D, 0xF9, 0xDF, 0x9B, 0x46, 0xFA,
    0xDC, 0x9A, 0x47, 0xFA, 0xDC, 0x9A, 0x47, 0xFA, 0xC9, 0x80, 0x32, 0xFA, 0xC1, 0x72, 0x29, 0xFA,
    0xC1, 0x72, 0x29, 0xFA, 0xCB, 0x80, 0x34, 0xFA, 0xC8, 0x7B, 0x31, 0xFA, 0xC5, 0x7B, 0x32, 0xFA,
    0xC5, 0x7B, 0x32, 0xFA, 0xC7, 0x85, 0x3C, 0xFA, 0xB6, 0x74, 0x30, 0xF9, 0xA7, 0x64, 0x2A, 0xF8,
    0xA7, 0x64, 0x2A, 0xF8, 0x9E, 0x59, 0x23, 0xF8, 0xA4, 0x6B, 0x2E, 0xF6, 0x9B, 0x5C, 0x21, 0xF6,
    0x9B, 0x5C, 0x21, 0xF6, 0x9F, 0x5A, 0x1F, 0xF3, 0x9C, 0x69, 0x31, 0xEC, 0x9C, 0x69, 0x31, 0xEC,
    0x31, 0x22, 0x1A, 0xDC, 0x40, 0x45, 0x61, 0x45, 0x00, 0x00, 0x00, 0x00, 0x00, 0x00, 0x00, 0x00,
    0x67, 0x86, 0xA8, 0x03, 0x00, 0x00, 0x00, 0x00, 0x00, 0x00, 0x00, 0x00, 0x00, 0x00, 0x00, 0x00,
    0x00, 0x00, 0x00, 0x00, 0x00, 0x00, 0x00, 0x00, 0x00, 0x00, 0x00, 0x00, 0x00, 0x00, 0x00, 0x00,
    0x00, 0x00, 0x00, 0x00, 0x00, 0x00, 0x00, 0x00, 0x00, 0x00, 0x00, 0x00, 0x00, 0x00, 0x00, 0x00,
    0x00, 0x00, 0x00, 0x00, 0x5A, 0x83, 0xAF, 0x01, 0x5A, 0x83, 0xAF, 0x01, 0x00, 0x00, 0x00, 0x00,
    0x00, 0x00, 0x00, 0x00, 0x00, 0x00, 0x00, 0x00, 0x00, 0x00, 0x00, 0x00, 0x00, 0x00, 0x00, 0x00,
    0x00, 0x00, 0x00, 0x00, 0x00, 0x00, 0x00, 0x00, 0x00, 0x00, 0x00, 0x00, 0x00, 0x00, 0x00, 0x00,
    0x00, 0x00, 0x00, 0x00, 0x00, 0x00, 0x00, 0x00, 0x00, 0x00, 0x00, 0x00, 0x00, 0x00, 0x00, 0x00,
    0x00, 0x00, 0x00, 0x00, 0x00, 0x00, 0x00, 0x00, 0x00, 0x00, 0x00, 0x00, 0x00, 0x00, 0x00, 0x00,
    0x00, 0x00, 0x00, 0x00, 0x00, 0x00, 0x00, 0x00, 0x00, 0x00, 0x00, 0x00, 0x00, 0x00, 0x00, 0x00,
    0x00, 0x00, 0x00, 0x00, 0x00, 0x00, 0x00, 0x00, 0x00, 0x00, 0x00, 0x00, 0x00, 0x00, 0x00, 0x00,
    0x00, 0x00, 0x00, 0x00, 0x00, 0x00, 0x00, 0x00, 0x00, 0x00, 0x00, 0x00, 0x00, 0x00, 0x00, 0x00,
    0x00, 0x00, 0x00, 0x00, 0x00, 0x00, 0x00, 0x00, 0x00, 0x00, 0x00, 0x00, 0x00, 0x00, 0x00, 0x00,
    0x00, 0x00, 0x00, 0x00, 0x00, 0x00, 0x00, 0x00, 0x00, 0x00, 0x00, 0x00, 0x00, 0x00, 0x00, 0x00,
    0x00, 0x00, 0x00, 0x00, 0x00, 0x00, 0x00, 0x00, 0x00, 0x00, 0x00, 0x00, 0x00, 0x00, 0x00, 0x00,
    0x00, 0x00, 0x00, 0x00, 0x00, 0x00, 0x00, 0x00, 0x00, 0x00, 0x00, 0x00, 0x00, 0x00, 0x00, 0x00,
    0x00, 0x00, 0x00, 0x00, 0x00, 0x00, 0x00, 0x00, 0x00, 0x00, 0x00, 0x00, 0x00, 0x00, 0x00, 0x00,
    0x00, 0x00, 0x00, 0x00, 0x00, 0x00, 0x00, 0x00, 0x00, 0x00, 0x00, 0x00, 0x00, 0x00, 0x00, 0x00,
    0x00, 0x00, 0x00, 0x00, 0x00, 0x00, 0x00, 0x00, 0x00, 0x00, 0x00, 0x00, 0x00, 0x00, 0x00, 0x00,
    0x00, 0x00, 0x00, 0x00, 0x00, 0x00, 0x00, 0x00, 0x00, 0x00, 0x00, 0x00, 0x00, 0x00, 0x00, 0x00,
    0x00, 0x00, 0x00, 0x00, 0x00, 0x00, 0x00, 0x00, 0x00, 0x00, 0x00, 0x00, 0x00, 0x00, 0x00, 0x00,
    0x00, 0x00, 0x00, 0x00, 0x00, 0x00, 0x00, 0x00, 0x00, 0x00, 0x00, 0x00, 0x00, 0x00, 0x00, 0x00,
    0x00, 0x00, 0x00, 0x00, 0x00, 0x00, 0x00, 0x00, 0x00, 0x00, 0x00, 0x00, 0x00, 0x00, 0x00, 0x00,
    0x65, 0x7C, 0x99, 0x01, 0x66, 0x7D, 0x97, 0x01, 0x66, 0x7D, 0x97, 0x01, 0x65, 0x7B, 0x94, 0x03,
    0x6F, 0x81, 0x92, 0x03, 0x3C, 0x3B, 0x4F, 0x4E, 0x3C, 0x3B, 0x4F, 0x4E, 0x56, 0x33, 0x24, 0xE1,
    0xD6, 0x9E, 0x53, 0xEF, 0xD6, 0x9E, 0x53, 0xEF, 0xC7, 0x83, 0x33, 0xF8, 0xC7, 0x79, 0x29, 0xF8,
    0xCF, 0x85, 0x2E, 0xF9, 0xCF, 0x85, 0x2E, 0xF9, 0xCE, 0x84, 0x2E, 0xF9, 0xCA, 0x7B, 0x2B, 0xF9,
    0xCA, 0x81, 0x30, 0xFA, 0xCA, 0x81, 0x30, 0xFA, 0xBD, 0x73, 0x26, 0xFA, 0xBD, 0x70, 0x27, 0xFA,
    0xBD, 0x70, 0x27, 0xFA, 0xC3, 0x72, 0x28, 0xFA, 0xC3, 0x72, 0x28, 0xFA, 0xC5, 0x7A, 0x32, 0xFA,
    0xC5, 0x7A, 0x32, 0xFA, 0xC3, 0x7C, 0x35, 0xF9, 0xB2, 0x70, 0x2D, 0xF9, 0x9C, 0x58, 0x20, 0xF8,
    0x9C, 0x58, 0x20, 0xF8, 0xA4, 0x62, 0x2A, 0xF7, 0x99, 0x59, 0x23, 0xF6, 0x98, 0x57, 0x1D, 0xF6,
    0x98, 0x57, 0x1D, 0xF6, 0xA1, 0x62, 0x26, 0xF4, 0x82, 0x59, 0x2F, 0xED, 0x82, 0x59, 0x2F, 0xED,
    0x41, 0x36, 0x37, 0xD4, 0x54, 0x5D, 0x7B, 0x34, 0x00, 0x00, 0x00, 0x00, 0x00, 0x00, 0x00, 0x00,
    0x67, 0x86, 0xA6, 0x03, 0x00, 0x00, 0x00, 0x00, 0x00, 0x00, 0x00, 0x00, 0x00, 0x00, 0x00, 0x00,
    0x00, 0x00, 0x00, 0x00, 0x00, 0x00, 0x00, 0x00, 0x00, 0x00, 0x00, 0x00, 0x00, 0x00, 0x00, 0x00,
    0x00, 0x00, 0x00, 0x00, 0x00, 0x00, 0x00, 0x00, 0x00, 0x00, 0x00, 0x00, 0x00, 0x00, 0x00, 0x00,
    0x00, 0x00, 0x00, 0x00, 0x00, 0x00, 0x00, 0x00, 0x00, 0x00, 0x00, 0x00, 0x00, 0x00, 0x00, 0x00,
    0x58, 0x83, 0xB2, 0x01, 0x00, 0x00, 0x00, 0x00, 0x00, 0x00, 0x00, 0x00, 0x00, 0x00, 0x00, 0x00,
    0x00, 0x00, 0x00, 0x00, 0x00, 0x00, 0x00, 0x00, 0x00, 0x00, 0x00, 0x00, 0x00, 0x00, 0x00, 0x00,
    0x00, 0x00, 0x00, 0x00, 0x00, 0x00, 0x00, 0x00, 0x00, 0x00, 0x00, 0x00, 0x00, 0x00, 0x00, 0x00,
    0x00, 0x00, 0x00, 0x00, 0x00, 0x00, 0x00, 0x00, 0x00, 0x00, 0x00, 0x00, 0x00, 0x00, 0x00, 0x00,
    0x00, 0x00, 0x00, 0x00, 0x00, 0x00, 0x00, 0x00, 0x00, 0x00, 0x00, 0x00, 0x00, 0x00, 0x00, 0x00,
    0x00, 0x00, 0x00, 0x00, 0x00, 0x00, 0x00, 0x00, 0x00, 0x00, 0x00, 0x00, 0x00, 0x00, 0x00, 0x00,
    0x00, 0x00, 0x00, 0x00, 0x00, 0x00, 0x00, 0x00, 0x00, 0x00, 0x00, 0x00, 0x00, 0x00, 0x00, 0x00,
    0x00, 0x00, 0x00, 0x00, 0x00, 0x00, 0x00, 0x00, 0x00, 0x00, 0x00, 0x00, 0x00, 0x00, 0x00, 0x00,
    0x00, 0x00, 0x00, 0x00, 0x00, 0x00, 0x00, 0x00, 0x00, 0x00, 0x00, 0x00, 0x00, 0x00, 0x00, 0x00,
    0x00, 0x00, 0x00, 0x00, 0x00, 0x00, 0x00, 0x00, 0x00, 0x00, 0x00, 0x00, 0x00, 0x00, 0x00, 0x00,
    0x00, 0x00, 0x00, 0x00, 0x00, 0x00, 0x00, 0x00, 0x00, 0x00, 0x00, 0x00, 0x00, 0x00, 0x00, 0x00,
    0x00, 0x00, 0x00, 0x00, 0x00, 0x00, 0x00, 0x00, 0x00, 0x00, 0x00, 0x00, 0x00, 0x00, 0x00, 0x00,
    0x00, 0x00, 0x00, 0x00, 0x00, 0x00, 0x00, 0x00, 0x00, 0x00, 0x00, 0x00, 0x00, 0x00, 0x00, 0x00,
    0x00, 0x00, 0x00, 0x00, 0x00, 0x00, 0x00, 0x00, 0x00, 0x00, 0x00, 0x00, 0x00, 0x00, 0x00, 0x00,
    0x00, 0x00, 0x00, 0x00, 0x00, 0x00, 0x00, 0x00, 0x00, 0x00, 0x00, 0x00, 0x00, 0x00, 0x00, 0x00,
    0x00, 0x00, 0x00, 0x00, 0x00, 0x00, 0x00, 0x00, 0x00, 0x00, 0x00, 0x00, 0x00, 0x00, 0x00, 0x00,
    0x00, 0x00, 0x00, 0x00, 0x00, 0x00, 0x00, 0x00, 0x00, 0x00, 0x00, 0x00, 0x00, 0x00, 0x00, 0x00,
    0x00, 0x00, 0x00, 0x00, 0x00, 0x00, 0x00, 0x00, 0x00, 0x00, 0x00, 0x00, 0x00, 0x00, 0x00, 0x00,
    0x64, 0x7D, 0x9A, 0x01, 0x66, 0x7D, 0x98, 0x01, 0x66, 0x7D, 0x98, 0x01, 0x65, 0x7C, 0x97, 0x03,
    0x6D, 0x80, 0x93, 0x01, 0x57, 0x59, 0x6C, 0x28, 0x57, 0x59, 0x6C, 0x28, 0x61, 0x48, 0x40, 0xB1,
    0x97, 0x5E, 0x2C, 0xE7, 0x97, 0x5E, 0x2C, 0xE7, 0xAD, 0x68, 0x22, 0xF8, 0xC4, 0x7E, 0x2C, 0xF7,
    0xCA, 0x84, 0x2F, 0xF9, 0xCA, 0x84, 0x2F, 0xF9, 0xCB, 0x85, 0x31, 0xF9, 0xC4, 0x79, 0x2B, 0xF9,
    0xC0, 0x77, 0x2A, 0xF9, 0xC0, 0x77, 0x2A, 0xF9, 0xB7, 0x6B, 0x23, 0xF9, 0xBB, 0x6D, 0x25, 0xF9,
    0xBB, 0x6D, 0x25, 0xF9, 0xC2, 0x74, 0x29, 0xFA, 0xC5, 0x7A, 0x2F, 0xF9, 0xC0, 0x79, 0x34, 0xFA,
    0xC0, 0x79, 0x34, 0xFA, 0xB1, 0x68, 0x2A, 0xF9, 0x9A, 0x55, 0x1B, 0xF9, 0x9C, 0x5D, 0x25, 0xF7,
    0x9C, 0x5D, 0x25, 0xF7, 0xA8, 0x6A, 0x30, 0xF7, 0x98, 0x59, 0x22, 0xF5, 0x9B, 0x5D, 0x22, 0xF3,
    0x9B, 0x5D, 0x22, 0xF3, 0x97, 0x5E, 0x2C, 0xED, 0x57, 0x3E, 0x2A, 0xC9, 0x57, 0x3E, 0x2A, 0xC9,
    0x67, 0x70, 0x7F, 0x64, 0x6F, 0x88, 0xA9, 0x11, 0x00, 0x00, 0x00, 0x00, 0x00, 0x00, 0x00, 0x00,
    0x67, 0x85, 0xA6, 0x02, 0x00, 0x00, 0x00, 0x00, 0x65, 0x86, 0xAA, 0x01, 0x65, 0x86, 0xAA, 0x01,
    0x00, 0x00, 0x00, 0x00, 0x00, 0x00, 0x00, 0x00, 0x00, 0x00, 0x00, 0x00, 0x00, 0x00, 0x00, 0x00,
    0x00, 0x00, 0x00, 0x00, 0x00, 0x00, 0x00, 0x00, 0x00, 0x00, 0x00, 0x00, 0x00, 0x00, 0x00, 0x00,
    0x00, 0x00, 0x00, 0x00, 0x00, 0x00, 0x00, 0x00, 0x00, 0x00, 0x00, 0x00, 0x00, 0x00, 0x00, 0x00,
    0x00, 0x00, 0x00, 0x00, 0x00, 0x00, 0x00, 0x00, 0x00, 0x00, 0x00, 0x00, 0x00, 0x00, 0x00, 0x00,
    0x00, 0x00, 0x00, 0x00, 0x00, 0x00, 0x00, 0x00, 0x00, 0x00, 0x00, 0x00, 0x00, 0x00, 0x00, 0x00,
    0x00, 0x00, 0x00, 0x00, 0x00, 0x00, 0x00, 0x00, 0x00, 0x00, 0x00, 0x00, 0x00, 0x00, 0x00, 0x00,
    0x00, 0x00, 0x00, 0x00, 0x00, 0x00, 0x00, 0x00, 0x00, 0x00, 0x00, 0x00, 0x00, 0x00, 0x00, 0x00,
    0x00, 0x00, 0x00, 0x00, 0x00, 0x00, 0x00, 0x00, 0x00, 0x00, 0x00, 0x00, 0x00, 0x00, 0x00, 0x00,
    0x00, 0x00, 0x00, 0x00, 0x00, 0x00, 0x00, 0x00, 0x00, 0x00, 0x00, 0x00, 0x00, 0x00, 0x00, 0x00,
    0x00, 0x00, 0x00, 0x00, 0x00, 0x00, 0x00, 0x00, 0x00, 0x00, 0x00, 0x00, 0x00, 0x00, 0x00, 0x00,
    0x00, 0x00, 0x00, 0x00, 0x00, 0x00, 0x00, 0x00, 0x00, 0x00, 0x00, 0x00, 0x00, 0x00, 0x00, 0x00,
    0x00, 0x00, 0x00, 0x00, 0x00, 0x00, 0x00, 0x00, 0x00, 0x00, 0x00, 0x00, 0x00, 0x00, 0x00, 0x00,
    0x00, 0x00, 0x00, 0x00, 0x00, 0x00, 0x00, 0x00, 0x00, 0x00, 0x00, 0x00, 0x00, 0x00, 0x00, 0x00,
    0x00, 0x00, 0x00, 0x00, 0x00, 0x00, 0x00, 0x00, 0x00, 0x00, 0x00, 0x00, 0x00, 0x00, 0x00, 0x00,
    0x00, 0x00, 0x00, 0x00, 0x00, 0x00, 0x00, 0x00, 0x00, 0x00, 0x00, 0x00, 0x00, 0x00, 0x00, 0x00,
    0x00, 0x00, 0x00, 0x00, 0x00, 0x00, 0x00, 0x00, 0x00, 0x00, 0x00, 0x00, 0x00, 0x00, 0x00, 0x00,
    0x00, 0x00, 0x00, 0x00, 0x00, 0x00, 0x00, 0x00, 0x00, 0x00, 0x00, 0x00, 0x00, 0x00, 0x00, 0x00,
    0x00, 0x00, 0x00, 0x00, 0x00, 0x00, 0x00, 0x00, 0x00, 0x00, 0x00, 0x00, 0x00, 0x00, 0x00, 0x00,
    0x00, 0x00, 0x00, 0x00, 0x00, 0x00, 0x00, 0x00, 0x00, 0x00, 0x00, 0x00, 0x00, 0x00, 0x00, 0x00,
    0x00, 0x00, 0x00, 0x00, 0x00, 0x00, 0x00, 0x00, 0x00, 0x00, 0x00, 0x00, 0x00, 0x00, 0x00, 0x00,
    0x00, 0x00, 0x00, 0x00, 0x00, 0x00, 0x00, 0x00, 0x00, 0x00, 0x00, 0x00, 0x00, 0x00, 0x00, 0x00,
    0x64, 0x7D, 0x9C, 0x01, 0x66, 0x7D, 0x9A, 0x01, 0x66, 0x7D, 0x9A, 0x01, 0x67, 0x7D, 0x9A, 0x02,
    0x68, 0x7C, 0x94, 0x02, 0x6B, 0x75, 0x8A, 0x0C, 0x6B, 0x75, 0x8A, 0x0C, 0x55, 0x45, 0x4B, 0x3E,
    0x4A, 0x11, 0x06, 0xCD, 0x4A, 0x11, 0x06, 0xCD, 0xA0, 0x5C, 0x23, 0xFA, 0xC1, 0x83, 0x35, 0xF5,
    0xB8, 0x6F, 0x25, 0xF8, 0xB8, 0x6F, 0x25, 0xF8, 0xC0, 0x79, 0x2E, 0xF9, 0xBE, 0x7A, 0x30, 0xF9,
    0xAC, 0x64, 0x20, 0xF9, 0xAC, 0x64, 0x20, 0xF9, 0xB0, 0x65, 0x21, 0xF9, 0xBC, 0x75, 0x2D, 0xF9,
    0xBC, 0x75, 0x2D, 0xF9, 0xB9, 0x6D, 0x27, 0xFA, 0xB9, 0x70, 0x2B, 0xF9, 0xB5, 0x73, 0x32, 0xF9,
    0xB5, 0x73, 0x32, 0xF9, 0x9F, 0x59, 0x20, 0xF9, 0x93, 0x52, 0x1C, 0xF8, 0xA5, 0x67, 0x2F, 0xF7,
    0xA5, 0x67, 0x2F, 0xF7, 0x98, 0x53, 0x22, 0xF7, 0x95, 0x5A, 0x25, 0xF4, 0x9B, 0x69, 0x32, 0xE8,
    0x9B, 0x69, 0x32, 0xE8, 0x5C, 0x32, 0x18, 0xE9, 0x47, 0x37, 0x3A, 0xAC, 0x47, 0x37, 0x3A, 0xAC,
    0x76, 0x8C, 0xA7, 0x0B, 0x64, 0x82, 0xA4, 0x03, 0x67, 0x84, 0xA8, 0x02, 0x67, 0x84, 0xA8, 0x02,
    0x67, 0x85, 0xA8, 0x01, 0x00, 0x00, 0x00, 0x00, 0x65, 0x85, 0xAB, 0x01, 0x65, 0x85, 0xAB, 0x01,
    0x00, 0x00, 0x00, 0x00, 0x00, 0x00, 0x00, 0x00, 0x00, 0x00, 0x00, 0x00, 0x00, 0x00, 0x00, 0x00,
    0x00, 0x00, 0x00, 0x00, 0x00, 0x00, 0x00, 0x00, 0x00, 0x00, 0x00, 0x00, 0x00, 0x00, 0x00, 0x00,
    0x00, 0x00, 0x00, 0x00, 0x00, 0x00, 0x00, 0x00, 0x00, 0x00, 0x00, 0x00, 0x00, 0x00, 0x00, 0x00,
    0x00, 0x00, 0x00, 0x00, 0x00, 0x00, 0x00, 0x00, 0x00, 0x00, 0x00, 0x00, 0x00, 0x00, 0x00, 0x00,
    0x00, 0x00, 0x00, 0x00, 0x00, 0x00, 0x00, 0x00, 0x00, 0x00, 0x00, 0x00, 0x00, 0x00, 0x00, 0x00,
    0x00, 0x00, 0x00, 0x00, 0x00, 0x00, 0x00, 0x00, 0x00, 0x00, 0x00, 0x00, 0x00, 0x00, 0x00, 0x00,
    0x00, 0x00, 0x00, 0x00, 0x00, 0x00, 0x00, 0x00, 0x00, 0x00, 0x00, 0x00, 0x00, 0x00, 0x00, 0x00,
    0x00, 0x00, 0x00, 0x00, 0x00, 0x00, 0x00, 0x00, 0x00, 0x00, 0x00, 0x00, 0x00, 0x00, 0x00, 0x00,
    0x00, 0x00, 0x00, 0x00, 0x00, 0x00, 0x00, 0x00, 0x00, 0x00, 0x00, 0x00, 0x00, 0x00, 0x00, 0x00,
    0x00, 0x00, 0x00, 0x00, 0x00, 0x00, 0x00, 0x00, 0x00, 0x00, 0x00, 0x00, 0x00, 0x00, 0x00, 0x00,
    0x00, 0x00, 0x00, 0x00, 0x00, 0x00, 0x00, 0x00, 0x00, 0x00, 0x00, 0x00, 0x00, 0x00, 0x00, 0x00,
    0x00, 0x00, 0x00, 0x00, 0x00, 0x00, 0x00, 0x00, 0x00, 0x00, 0x00, 0x00, 0x00, 0x00, 0x00, 0x00,
    0x00, 0x00, 0x00, 0x00, 0x00, 0x00, 0x00, 0x00, 0x00, 0x00, 0x00, 0x00, 0x00, 0x00, 0x00, 0x00,
    0x00, 0x00, 0x00, 0x00, 0x00, 0x00, 0x00, 0x00, 0x00, 0x00, 0x00, 0x00, 0x00, 0x00, 0x00, 0x00,
    0x00, 0x00, 0x00, 0x00, 0x00, 0x00, 0x00, 0x00, 0x00, 0x00, 0x00, 0x00, 0x00, 0x00, 0x00, 0x00,
    0x00, 0x00, 0x00, 0x00, 0x00, 0x00, 0x00, 0x00, 0x00, 0x00, 0x00, 0x00, 0x00, 0x00, 0x00, 0x00,
    0x00, 0x00, 0x00, 0x00, 0x00, 0x00, 0x00, 0x00, 0x00, 0x00, 0x00, 0x00, 0x00, 0x00, 0x00, 0x00,
    0x00, 0x00, 0x00, 0x00, 0x00, 0x00, 0x00, 0x00, 0x00, 0x00, 0x00, 0x00, 0x00, 0x00, 0x00, 0x00,
    0x00, 0x00, 0x00, 0x00, 0x00, 0x00, 0x00, 0x00, 0x00, 0x00, 0x00, 0x00, 0x00, 0x00, 0x00, 0x00,
    0x00, 0x00, 0x00, 0x00, 0x00, 0x00, 0x00, 0x00, 0x00, 0x00, 0x00, 0x00, 0x00, 0x00, 0x00, 0x00,
    0x00, 0x00, 0x00, 0x00, 0x00, 0x00, 0x00, 0x00, 0x00, 0x00, 0x00, 0x00, 0x00, 0x00, 0x00, 0x00,
    0x64, 0x7D, 0x9C, 0x01, 0x66, 0x7D, 0x9A, 0x01, 0x66, 0x7D, 0x9A, 0x01, 0x67, 0x7D, 0x9A, 0x02,
    0x68, 0x7C, 0x94, 0x02, 0x6B, 0x75, 0x8A, 0x0C, 0x6B, 0x75, 0x8A, 0x0C, 0x55, 0x45, 0x4B, 0x3E,
    0x4A, 0x11, 0x06, 0xCD, 0x4A, 0x11, 0x06, 0xCD, 0xA0, 0x5C, 0x23, 0xFA, 0xC1, 0x83, 0x35, 0xF5,
    0xB8, 0x6F, 0x25, 0xF8, 0xB8, 0x6F, 0x25, 0xF8, 0xC0, 0x79, 0x2E, 0xF9, 0xBE, 0x7A, 0x30, 0xF9,
    0xAC, 0x64, 0x20, 0xF9, 0xAC, 0x64, 0x20, 0xF9, 0xB0, 0x65, 0x21, 0xF9, 0xBC, 0x75, 0x2D, 0xF9,
    0xBC, 0x75, 0x2D, 0xF9, 0xB9, 0x6D, 0x27, 0xFA, 0xB9, 0x70, 0x2B, 0xF9, 0xB5, 0x73, 0x32, 0xF9,
    0xB5, 0x73, 0x32, 0xF9, 0x9F, 0x59, 0x20, 0xF9, 0x93, 0x52, 0x1C, 0xF8, 0xA5, 0x67, 0x2F, 0xF7,
    0xA5, 0x67, 0x2F, 0xF7, 0x98, 0x53, 0x22, 0xF7, 0x95, 0x5A, 0x25, 0xF4, 0x9B, 0x69, 0x32, 0xE8,
    0x9B, 0x69, 0x32, 0xE8, 0x5C, 0x32, 0x18, 0xE9, 0x47, 0x37, 0x3A, 0xAC, 0x47, 0x37, 0x3A, 0xAC,
    0x76, 0x8C, 0xA7, 0x0B, 0x64, 0x82, 0xA4, 0x03, 0x67, 0x84, 0xA8, 0x02, 0x67, 0x84, 0xA8, 0x02,
    0x67, 0x85, 0xA8, 0x01, 0x00, 0x00, 0x00, 0x00, 0x65, 0x85, 0xAB, 0x01, 0x65, 0x85, 0xAB, 0x01,
    0x00, 0x00, 0x00, 0x00, 0x00, 0x00, 0x00, 0x00, 0x00, 0x00, 0x00, 0x00, 0x00, 0x00, 0x00, 0x00,
    0x00, 0x00, 0x00, 0x00, 0x00, 0x00, 0x00, 0x00, 0x00, 0x00, 0x00, 0x00, 0x00, 0x00, 0x00, 0x00,
    0x00, 0x00, 0x00, 0x00, 0x00, 0x00, 0x00, 0x00, 0x00, 0x00, 0x00, 0x00, 0x00, 0x00, 0x00, 0x00,
    0x00, 0x00, 0x00, 0x00, 0x00, 0x00, 0x00, 0x00, 0x00, 0x00, 0x00, 0x00, 0x00, 0x00, 0x00, 0x00,
    0x00, 0x00, 0x00, 0x00, 0x00, 0x00, 0x00, 0x00, 0x00, 0x00, 0x00, 0x00, 0x00, 0x00, 0x00, 0x00,
    0x00, 0x00, 0x00, 0x00, 0x00, 0x00, 0x00, 0x00, 0x00, 0x00, 0x00, 0x00, 0x00, 0x00, 0x00, 0x00,
    0x00, 0x00, 0x00, 0x00, 0x00, 0x00, 0x00, 0x00, 0x00, 0x00, 0x00, 0x00, 0x00, 0x00, 0x00, 0x00,
    0x00, 0x00, 0x00, 0x00, 0x00, 0x00, 0x00, 0x00, 0x00, 0x00, 0x00, 0x00, 0x00, 0x00, 0x00, 0x00,
    0x00, 0x00, 0x00, 0x00, 0x00, 0x00, 0x00, 0x00, 0x00, 0x00, 0x00, 0x00, 0x00, 0x00, 0x00, 0x00,
    0x00, 0x00, 0x00, 0x00, 0x00, 0x00, 0x00, 0x00, 0x00, 0x00, 0x00, 0x00, 0x00, 0x00, 0x00, 0x00,
    0x00, 0x00, 0x00, 0x00, 0x00, 0x00, 0x00, 0x00, 0x00, 0x00, 0x00, 0x00, 0x00, 0x00, 0x00, 0x00,
    0x00, 0x00, 0x00, 0x00, 0x00, 0x00, 0x00, 0x00, 0x00, 0x00, 0x00, 0x00, 0x00, 0x00, 0x00, 0x00,
    0x00, 0x00, 0x00, 0x00, 0x00, 0x00, 0x00, 0x00, 0x00, 0x00, 0x00, 0x00, 0x00, 0x00, 0x00, 0x00,
    0x00, 0x00, 0x00, 0x00, 0x00, 0x00, 0x00, 0x00, 0x00, 0x00, 0x00, 0x00, 0x00, 0x00, 0x00, 0x00,
    0x00, 0x00, 0x00, 0x00, 0x00, 0x00, 0x00, 0x00, 0x00, 0x00, 0x00, 0x00, 0x00, 0x00, 0x00, 0x00,
    0x00, 0x00, 0x00, 0x00, 0x00, 0x00, 0x00, 0x00, 0x00, 0x00, 0x00, 0x00, 0x00, 0x00, 0x00, 0x00,
    0x00, 0x00, 0x00, 0x00, 0x00, 0x00, 0x00, 0x00, 0x00, 0x00, 0x00, 0x00, 0x00, 0x00, 0x00, 0x00,
    0x00, 0x00, 0x00, 0x00, 0x00, 0x00, 0x00, 0x00, 0x00, 0x00, 0x00, 0x00, 0x00, 0x00, 0x00, 0x00,
    0x00, 0x00, 0x00, 0x00, 0x00, 0x00, 0x00, 0x00, 0x00, 0x00, 0x00, 0x00, 0x00, 0x00, 0x00, 0x00,
    0x00, 0x00, 0x00, 0x00, 0x00, 0x00, 0x00, 0x00, 0x00, 0x00, 0x00, 0x00, 0x00, 0x00, 0x00, 0x00,
    0x00, 0x00, 0x00, 0x00, 0x00, 0x00, 0x00, 0x00, 0x00, 0x00, 0x00, 0x00, 0x00, 0x00, 0x00, 0x00,
    0x62, 0x7D, 0x9D, 0x01, 0x00, 0x00, 0x00, 0x00, 0x00, 0x00, 0x00, 0x00, 0x66, 0x7E, 0x9C, 0x01,
    0x65, 0x7D, 0x99, 0x01, 0x64, 0x7E, 0x95, 0x06, 0x64, 0x7E, 0x95, 0x06, 0x5B, 0x64, 0x72, 0x22,
    0x3C, 0x1C, 0x14, 0xBB, 0x3C, 0x1C, 0x14, 0xBB, 0x93, 0x5D, 0x2E, 0xF4, 0xB9, 0x7E, 0x37, 0xF5,
    0xB0, 0x6E, 0x29, 0xF8, 0xB0, 0x6E, 0x29, 0xF8, 0xB8, 0x79, 0x31, 0xF7, 0xB2, 0x70, 0x2C, 0xF9,
    0xAC, 0x67, 0x26, 0xF8, 0xAC, 0x67, 0x26, 0xF8, 0xB1, 0x6A, 0x29, 0xF9, 0xB8, 0x74, 0x2F, 0xF9,
    0xB8, 0x74, 0x2F, 0xF9, 0xB3, 0x6B, 0x29, 0xF9, 0xB3, 0x6D, 0x2D, 0xF8, 0xAD, 0x6D, 0x30, 0xF9,
    0xAD, 0x6D, 0x30, 0xF9, 0xA1, 0x62, 0x2A, 0xF8, 0x9C, 0x5D, 0x28, 0xF7, 0x9D, 0x63, 0x2C, 0xF5,
    0x9D, 0x63, 0x2C, 0xF5, 0x94, 0x56, 0x23, 0xF4, 0x97, 0x66, 0x34, 0xF4, 0x73, 0x50, 0x2C, 0xE7,
    0x73, 0x50, 0x2C, 0xE7, 0x2E, 0x20, 0x1B, 0xEC, 0x64, 0x69, 0x7B, 0x78, 0x64, 0x69, 0x7B, 0x78,
    0x6F, 0x89, 0xA5, 0x04, 0x65, 0x84, 0xA4, 0x05, 0x66, 0x85, 0xA9, 0x01, 0x66, 0x85, 0xA9, 0x01,
    0x67, 0x86, 0xA9, 0x01, 0x66, 0x86, 0xAA, 0x01, 0x64, 0x85, 0xAB, 0x01, 0x64, 0x85, 0xAB, 0x01,
    0x00, 0x00, 0x00, 0x00, 0x00, 0x00, 0x00, 0x00, 0x00, 0x00, 0x00, 0x00, 0x00, 0x00, 0x00, 0x00,
    0x00, 0x00, 0x00, 0x00, 0x00, 0x00, 0x00, 0x00, 0x00, 0x00, 0x00, 0x00, 0x00, 0x00, 0x00, 0x00,
    0x00, 0x00, 0x00, 0x00, 0x00, 0x00, 0x00, 0x00, 0x00, 0x00, 0x00, 0x00, 0x00, 0x00, 0x00, 0x00,
    0x00, 0x00, 0x00, 0x00, 0x00, 0x00, 0x00, 0x00, 0x00, 0x00, 0x00, 0x00, 0x00, 0x00, 0x00, 0x00,
    0x00, 0x00, 0x00, 0x00, 0x00, 0x00, 0x00, 0x00, 0x00, 0x00, 0x00, 0x00, 0x00, 0x00, 0x00, 0x00,
    0x00, 0x00, 0x00, 0x00, 0x00, 0x00, 0x00, 0x00, 0x00, 0x00, 0x00, 0x00, 0x00, 0x00, 0x00, 0x00,
    0x00, 0x00, 0x00, 0x00, 0x00, 0x00, 0x00, 0x00, 0x00, 0x00, 0x00, 0x00, 0x00, 0x00, 0x00, 0x00,
    0x00, 0x00, 0x00, 0x00, 0x00, 0x00, 0x00, 0x00, 0x00, 0x00, 0x00, 0x00, 0x00, 0x00, 0x00, 0x00,
    0x00, 0x00, 0x00, 0x00, 0x00, 0x00, 0x00, 0x00, 0x00, 0x00, 0x00, 0x00, 0x00, 0x00, 0x00, 0x00,
    0x00, 0x00, 0x00, 0x00, 0x00, 0x00, 0x00, 0x00, 0x00, 0x00, 0x00, 0x00, 0x00, 0x00, 0x00, 0x00,
    0x00, 0x00, 0x00, 0x00, 0x00, 0x00, 0x00, 0x00, 0x00, 0x00, 0x00, 0x00, 0x00, 0x00, 0x00, 0x00,
    0x00, 0x00, 0x00, 0x00, 0x00, 0x00, 0x00, 0x00, 0x00, 0x00, 0x00, 0x00, 0x00, 0x00, 0x00, 0x00,
    0x00, 0x00, 0x00, 0x00, 0x00, 0x00, 0x00, 0x00, 0x00, 0x00, 0x00, 0x00, 0x00, 0x00, 0x00, 0x00,
    0x00, 0x00, 0x00, 0x00, 0x00, 0x00, 0x00, 0x00, 0x00, 0x00, 0x00, 0x00, 0x00, 0x00, 0x00, 0x00,
    0x00, 0x00, 0x00, 0x00, 0x00, 0x00, 0x00, 0x00, 0x00, 0x00, 0x00, 0x00, 0x00, 0x00, 0x00, 0x00,
    0x00, 0x00, 0x00, 0x00, 0x00, 0x00, 0x00, 0x00, 0x00, 0x00, 0x00, 0x00, 0x00, 0x00, 0x00, 0x00,
    0x00, 0x00, 0x00, 0x00, 0x00, 0x00, 0x00, 0x00, 0x00, 0x00, 0x00, 0x00, 0x00, 0x00, 0x00, 0x00,
    0x00, 0x00, 0x00, 0x00, 0x00, 0x00, 0x00, 0x00, 0x00, 0x00, 0x00, 0x00, 0x00, 0x00, 0x00, 0x00,
    0x00, 0x00, 0x00, 0x00, 0x00, 0x00, 0x00, 0x00, 0x00, 0x00, 0x00, 0x00, 0x00, 0x00, 0x00, 0x00,
    0x00, 0x00, 0x00, 0x00, 0x00, 0x00, 0x00, 0x00, 0x00, 0x00, 0x00, 0x00, 0x00, 0x00, 0x00, 0x00,
    0x00, 0x00, 0x00, 0x00, 0x00, 0x00, 0x00, 0x00, 0x00, 0x00, 0x00, 0x00, 0x00, 0x00, 0x00, 0x00,
    0x00, 0x00, 0x00, 0x00, 0x62, 0x7D, 0x9D, 0x01, 0x62, 0x7D, 0x9D, 0x01, 0x64, 0x7D, 0x9C, 0x01,
    0x65, 0x7D, 0x9C, 0x02, 0x60, 0x7A, 0x97, 0x03, 0x60, 0x7A, 0x97, 0x03, 0x62, 0x79, 0x8F, 0x03,
    0x57, 0x52, 0x53, 0x3F, 0x57, 0x52, 0x53, 0x3F, 0x55, 0x2A, 0x15, 0xA7, 0x94, 0x57, 0x21, 0xF4,
    0xB6, 0x7D, 0x35, 0xF8, 0xB6, 0x7D, 0x35, 0xF8, 0xB2, 0x76, 0x32, 0xF6, 0xA8, 0x62, 0x26, 0xF9,
    0xAC, 0x68, 0x29, 0xF7, 0xAC, 0x68, 0x29, 0xF7, 0xAE, 0x65, 0x29, 0xF9, 0xAD, 0x65, 0x27, 0xF8,
    0xAD, 0x65, 0x27, 0xF8, 0xAF, 0x6C, 0x2D, 0xF9, 0xAE, 0x6A, 0x2E, 0xF8, 0xA3, 0x5C, 0x27, 0xF9,
    0xA3, 0x5C, 0x27, 0xF9, 0xA2, 0x63, 0x2E, 0xF8, 0x95, 0x53, 0x22, 0xF7, 0x92, 0x55, 0x26, 0xF3,
    0x92, 0x55, 0x26, 0xF3, 0x9B, 0x68, 0x37, 0xF1, 0x73, 0x4B, 0x2D, 0xF6, 0x31, 0x19, 0x11, 0xD0,
    0x31, 0x19, 0x11, 0xD0, 0x5B, 0x58, 0x5F, 0x5F, 0x74, 0x86, 0x9E, 0x08, 0x74, 0x86, 0x9E, 0x08,
    0x66, 0x83, 0xA2, 0x02, 0x67, 0x85, 0xA6, 0x02, 0x67, 0x85, 0xA7, 0x01, 0x67, 0x85, 0xA7, 0x01,
    0x66, 0x85, 0xA9, 0x01, 0x65, 0x85, 0xA9, 0x01, 0x63, 0x84, 0xAB, 0x01, 0x63, 0x84, 0xAB, 0x01,
    0x00, 0x00, 0x00, 0x00, 0x60, 0x85, 0xAC, 0x01, 0x60, 0x85, 0xAC, 0x01, 0x00, 0x00, 0x00, 0x00,
    0x00, 0x00, 0x00, 0x00, 0x00, 0x00, 0x00, 0x00, 0x00, 0x00, 0x00, 0x00, 0x00, 0x00, 0x00, 0x00,
    0x00, 0x00, 0x00, 0x00, 0x00, 0x00, 0x00, 0x00, 0x00, 0x00, 0x00, 0x00, 0x00, 0x00, 0x00, 0x00,
    0x00, 0x00, 0x00, 0x00, 0x00, 0x00, 0x00, 0x00, 0x00, 0x00, 0x00, 0x00, 0x00, 0x00, 0x00, 0x00,
    0x00, 0x00, 0x00, 0x00, 0x00, 0x00, 0x00, 0x00, 0x00, 0x00, 0x00, 0x00, 0x00, 0x00, 0x00, 0x00,
    0x00, 0x00, 0x00, 0x00, 0x00, 0x00, 0x00, 0x00, 0x00, 0x00, 0x00, 0x00, 0x00, 0x00, 0x00, 0x00,
    0x00, 0x00, 0x00, 0x00, 0x00, 0x00, 0x00, 0x00, 0x00, 0x00, 0x00, 0x00, 0x00, 0x00, 0x00, 0x00,
    0x00, 0x00, 0x00, 0x00, 0x00, 0x00, 0x00, 0x00, 0x00, 0x00, 0x00, 0x00, 0x00, 0x00, 0x00, 0x00,
    0x00, 0x00, 0x00, 0x00, 0x00, 0x00, 0x00, 0x00, 0x00, 0x00, 0x00, 0x00, 0x00, 0x00, 0x00, 0x00,
    0x00, 0x00, 0x00, 0x00, 0x00, 0x00, 0x00, 0x00, 0x00, 0x00, 0x00, 0x00, 0x00, 0x00, 0x00, 0x00,
    0x00, 0x00, 0x00, 0x00, 0x00, 0x00, 0x00, 0x00, 0x00, 0x00, 0x00, 0x00, 0x00, 0x00, 0x00, 0x00,
    0x00, 0x00, 0x00, 0x00, 0x00, 0x00, 0x00, 0x00, 0x00, 0x00, 0x00, 0x00, 0x00, 0x00, 0x00, 0x00,
    0x00, 0x00, 0x00, 0x00, 0x00, 0x00, 0x00, 0x00, 0x00, 0x00, 0x00, 0x00, 0x00, 0x00, 0x00, 0x00,
    0x00, 0x00, 0x00, 0x00, 0x00, 0x00, 0x00, 0x00, 0x00, 0x00, 0x00, 0x00, 0x00, 0x00, 0x00, 0x00,
    0x00, 0x00, 0x00, 0x00, 0x00, 0x00, 0x00, 0x00, 0x00, 0x00, 0x00, 0x00, 0x00, 0x00, 0x00, 0x00,
    0x00, 0x00, 0x00, 0x00, 0x00, 0x00, 0x00, 0x00, 0x00, 0x00, 0x00, 0x00, 0x00, 0x00, 0x00, 0x00,
    0x00, 0x00, 0x00, 0x00, 0x00, 0x00, 0x00, 0x00, 0x00, 0x00, 0x00, 0x00, 0x00, 0x00, 0x00, 0x00,
    0x00, 0x00, 0x00, 0x00, 0x00, 0x00, 0x00, 0x00, 0x00, 0x00, 0x00, 0x00, 0x00, 0x00, 0x00, 0x00,
    0x00, 0x00, 0x00, 0x00, 0x00, 0x00, 0x00, 0x00, 0x00, 0x00, 0x00, 0x00, 0x00, 0x00, 0x00, 0x00,
    0x00, 0x00, 0x00, 0x00, 0x00, 0x00, 0x00, 0x00, 0x00, 0x00, 0x00, 0x00, 0x00, 0x00, 0x00, 0x00,
    0x00, 0x00, 0x00, 0x00, 0x00, 0x00, 0x00, 0x00, 0x00, 0x00, 0x00, 0x00, 0x00, 0x00, 0x00, 0x00,
    0x00, 0x00, 0x00, 0x00, 0x60, 0x7C, 0x9D, 0x01, 0x60, 0x7C, 0x9D, 0x01, 0x62, 0x7D, 0x9D, 0x01,
    0x00, 0x00, 0x00, 0x00, 0x62, 0x7B, 0x9A, 0x02, 0x62, 0x7B, 0x9A, 0x02, 0x5E, 0x79, 0x93, 0x02,
    0x66, 0x79, 0x8F, 0x03, 0x66, 0x79, 0x8F, 0x03, 0x4E, 0x46, 0x48, 0x44, 0x3F, 0x22, 0x11, 0xBC,
    0x76, 0x4B, 0x23, 0xD8, 0x76, 0x4B, 0x23, 0xD8, 0x9B, 0x60, 0x2D, 0xF5, 0xA1, 0x65, 0x2C, 0xF7,
    0xA8, 0x6F, 0x30, 0xF8, 0xA8, 0x6F, 0x30, 0xF8, 0xA5, 0x66, 0x2A, 0xF9, 0xA7, 0x66, 0x2B, 0xF7,
    0xA7, 0x66, 0x2B, 0xF7, 0xA5, 0x68, 0x2F, 0xF8, 0xA4, 0x66, 0x2F, 0xF7, 0x9F, 0x61, 0x2C, 0xF7,
    0x9F, 0x61, 0x2C, 0xF7, 0x9D, 0x65, 0x2F, 0xF5, 0x99, 0x5E, 0x2C, 0xF3, 0x87, 0x51, 0x29, 0xF2,
    0x87, 0x51, 0x29, 0xF2, 0x66, 0x3E, 0x26, 0xF7, 0x3A, 0x25, 0x1E, 0xC2, 0x55, 0x4E, 0x54, 0x7B,
    0x55, 0x4E, 0x54, 0x7B, 0x76, 0x84, 0x98, 0x15, 0x67, 0x80, 0x9C, 0x02, 0x67, 0x80, 0x9C, 0x02,
    0x67, 0x84, 0xA3, 0x03, 0x66, 0x84, 0xA6, 0x02, 0x65, 0x84, 0xA6, 0x01, 0x65, 0x84, 0xA6, 0x01,
    0x64, 0x84, 0xA8, 0x01, 0x62, 0x84, 0xA9, 0x01, 0x62, 0x84, 0xAB, 0x01, 0x62, 0x84, 0xAB, 0x01,
    0x61, 0x84, 0xAC, 0x01, 0x00, 0x00, 0x00, 0x00, 0x00, 0x00, 0x00, 0x00, 0x00, 0x00, 0x00, 0x00,
    0x00, 0x00, 0x00, 0x00, 0x00, 0x00, 0x00, 0x00, 0x00, 0x00, 0x00, 0x00, 0x00, 0x00, 0x00, 0x00,
    0x00, 0x00, 0x00, 0x00, 0x00, 0x00, 0x00, 0x00, 0x00, 0x00, 0x00, 0x00, 0x00, 0x00, 0x00, 0x00,
    0x00, 0x00, 0x00, 0x00, 0x00, 0x00, 0x00, 0x00, 0x00, 0x00, 0x00, 0x00, 0x00, 0x00, 0x00, 0x00,
    0x00, 0x00, 0x00, 0x00, 0x00, 0x00, 0x00, 0x00, 0x00, 0x00, 0x00, 0x00, 0x00, 0x00, 0x00, 0x00,
    0x00, 0x00, 0x00, 0x00, 0x00, 0x00, 0x00, 0x00, 0x00, 0x00, 0x00, 0x00, 0x00, 0x00, 0x00, 0x00,
    0x00, 0x00, 0x00, 0x00, 0x00, 0x00, 0x00, 0x00, 0x00, 0x00, 0x00, 0x00, 0x00, 0x00, 0x00, 0x00,
    0x00, 0x00, 0x00, 0x00, 0x00, 0x00, 0x00, 0x00, 0x00, 0x00, 0x00, 0x00, 0x00, 0x00, 0x00, 0x00,
    0x00, 0x00, 0x00, 0x00, 0x00, 0x00, 0x00, 0x00, 0x00, 0x00, 0x00, 0x00, 0x00, 0x00, 0x00, 0x00,
    0x00, 0x00, 0x00, 0x00, 0x00, 0x00, 0x00, 0x00, 0x00, 0x00, 0x00, 0x00, 0x00, 0x00, 0x00, 0x00,
    0x00, 0x00, 0x00, 0x00, 0x00, 0x00, 0x00, 0x00, 0x00, 0x00, 0x00, 0x00, 0x00, 0x00, 0x00, 0x00,
    0x00, 0x00, 0x00, 0x00, 0x00, 0x00, 0x00, 0x00, 0x00, 0x00, 0x00, 0x00, 0x00, 0x00, 0x00, 0x00,
    0x00, 0x00, 0x00, 0x00, 0x00, 0x00, 0x00, 0x00, 0x00, 0x00, 0x00, 0x00, 0x00, 0x00, 0x00, 0x00,
    0x00, 0x00, 0x00, 0x00, 0x00, 0x00, 0x00, 0x00, 0x00, 0x00, 0x00, 0x00, 0x00, 0x00, 0x00, 0x00,
    0x00, 0x00, 0x00, 0x00, 0x00, 0x00, 0x00, 0x00, 0x00, 0x00, 0x00, 0x00, 0x00, 0x00, 0x00, 0x00,
    0x00, 0x00, 0x00, 0x00, 0x00, 0x00, 0x00, 0x00, 0x00, 0x00, 0x00, 0x00, 0x00, 0x00, 0x00, 0x00,
    0x00, 0x00, 0x00, 0x00, 0x00, 0x00, 0x00, 0x00, 0x00, 0x00, 0x00, 0x00, 0x00, 0x00, 0x00, 0x00,
    0x00, 0x00, 0x00, 0x00, 0x00, 0x00, 0x00, 0x00, 0x00, 0x00, 0x00, 0x00, 0x00, 0x00, 0x00, 0x00,
    0x00, 0x00, 0x00, 0x00, 0x00, 0x00, 0x00, 0x00, 0x00, 0x00, 0x00, 0x00, 0x00, 0x00, 0x00, 0x00,
    0x00, 0x00, 0x00, 0x00, 0x00, 0x00, 0x00, 0x00, 0x00, 0x00, 0x00, 0x00, 0x00, 0x00, 0x00, 0x00,
    0x00, 0x00, 0x00, 0x00, 0x00, 0x00, 0x00, 0x00, 0x00, 0x00, 0x00, 0x00, 0x00, 0x00, 0x00, 0x00,
    0x00, 0x00, 0x00, 0x00, 0x60, 0x7C, 0x9D, 0x01, 0x60, 0x7C, 0x9D, 0x01, 0x62, 0x7D, 0x9D, 0x01,
    0x00, 0x00, 0x00, 0x00, 0x62, 0x7B, 0x9A, 0x02, 0x62, 0x7B, 0x9A, 0x02, 0x5E, 0x79, 0x93, 0x02,
    0x66, 0x79, 0x8F, 0x03, 0x66, 0x79, 0x8F, 0x03, 0x4E, 0x46, 0x48, 0x44, 0x3F, 0x22, 0x11, 0xBC,
    0x76, 0x4B, 0x23, 0xD8, 0x76, 0x4B, 0x23, 0xD8, 0x9B, 0x60, 0x2D, 0xF5, 0xA1, 0x65, 0x2C, 0xF7,
    0xA8, 0x6F, 0x30, 0xF8, 0xA8, 0x6F, 0x30, 0xF8, 0xA5, 0x66, 0x2A, 0xF9, 0xA7, 0x66, 0x2B, 0xF7,
    0xA7, 0x66, 0x2B, 0xF7, 0xA5, 0x68, 0x2F, 0xF8, 0xA4, 0x66, 0x2F, 0xF7, 0x9F, 0x61, 0x2C, 0xF7,
    0x9F, 0x61, 0x2C, 0xF7, 0x9D, 0x65, 0x2F, 0xF5, 0x99, 0x5E, 0x2C, 0xF3, 0x87, 0x51, 0x29, 0xF2,
    0x87, 0x51, 0x29, 0xF2, 0x66, 0x3E, 0x26, 0xF7, 0x3A, 0x25, 0x1E, 0xC2, 0x55, 0x4E, 0x54, 0x7B,
    0x55, 0x4E, 0x54, 0x7B, 0x76, 0x84, 0x98, 0x15, 0x67, 0x80, 0x9C, 0x02, 0x67, 0x80, 0x9C, 0x02,
    0x67, 0x84, 0xA3, 0x03, 0x66, 0x84, 0xA6, 0x02, 0x65, 0x84, 0xA6, 0x01, 0x65, 0x84, 0xA6, 0x01,
    0x64, 0x84, 0xA8, 0x01, 0x62, 0x84, 0xA9, 0x01, 0x62, 0x84, 0xAB, 0x01, 0x62, 0x84, 0xAB, 0x01,
    0x61, 0x84, 0xAC, 0x01, 0x00, 0x00, 0x00, 0x00, 0x00, 0x00, 0x00, 0x00, 0x00, 0x00, 0x00, 0x00,
    0x00, 0x00, 0x00, 0x00, 0x00, 0x00, 0x00, 0x00, 0x00, 0x00, 0x00, 0x00, 0x00, 0x00, 0x00, 0x00,
    0x00, 0x00, 0x00, 0x00, 0x00, 0x00, 0x00, 0x00, 0x00, 0x00, 0x00, 0x00, 0x00, 0x00, 0x00, 0x00,
    0x00, 0x00, 0x00, 0x00, 0x00, 0x00, 0x00, 0x00, 0x00, 0x00, 0x00, 0x00, 0x00, 0x00, 0x00, 0x00,
    0x00, 0x00, 0x00, 0x00, 0x00, 0x00, 0x00, 0x00, 0x00, 0x00, 0x00, 0x00, 0x00, 0x00, 0x00, 0x00,
    0x00, 0x00, 0x00, 0x00, 0x00, 0x00, 0x00, 0x00, 0x00, 0x00, 0x00, 0x00, 0x00, 0x00, 0x00, 0x00,
    0x00, 0x00, 0x00, 0x00, 0x00, 0x00, 0x00, 0x00, 0x00, 0x00, 0x00, 0x00, 0x00, 0x00, 0x00, 0x00,
    0x00, 0x00, 0x00, 0x00, 0x00, 0x00, 0x00, 0x00, 0x00, 0x00, 0x00, 0x00, 0x00, 0x00, 0x00, 0x00,
    0x00, 0x00, 0x00, 0x00, 0x00, 0x00, 0x00, 0x00, 0x00, 0x00, 0x00, 0x00, 0x00, 0x00, 0x00, 0x00,
    0x00, 0x00, 0x00, 0x00, 0x00, 0x00, 0x00, 0x00, 0x00, 0x00, 0x00, 0x00, 0x00, 0x00, 0x00, 0x00,
    0x00, 0x00, 0x00, 0x00, 0x00, 0x00, 0x00, 0x00, 0x00, 0x00, 0x00, 0x00, 0x00, 0x00, 0x00, 0x00,
    0x00, 0x00, 0x00, 0x00, 0x00, 0x00, 0x00, 0x00, 0x00, 0x00, 0x00, 0x00, 0x00, 0x00, 0x00, 0x00,
    0x00, 0x00, 0x00, 0x00, 0x00, 0x00, 0x00, 0x00, 0x00, 0x00, 0x00, 0x00, 0x00, 0x00, 0x00, 0x00,
    0x00, 0x00, 0x00, 0x00, 0x00, 0x00, 0x00, 0x00, 0x00, 0x00, 0x00, 0x00, 0x00, 0x00, 0x00, 0x00,
    0x00, 0x00, 0x00, 0x00, 0x00, 0x00, 0x00, 0x00, 0x00, 0x00, 0x00, 0x00, 0x00, 0x00, 0x00, 0x00,
    0x00, 0x00, 0x00, 0x00, 0x00, 0x00, 0x00, 0x00, 0x00, 0x00, 0x00, 0x00, 0x00, 0x00, 0x00, 0x00,
    0x00, 0x00, 0x00, 0x00, 0x00, 0x00, 0x00, 0x00, 0x00, 0x00, 0x00, 0x00, 0x00, 0x00, 0x00, 0x00,
    0x00, 0x00, 0x00, 0x00, 0x00, 0x00, 0x00, 0x00, 0x00, 0x00, 0x00, 0x00, 0x00, 0x00, 0x00, 0x00,
    0x00, 0x00, 0x00, 0x00, 0x00, 0x00, 0x00, 0x00, 0x00, 0x00, 0x00, 0x00, 0x00, 0x00, 0x00, 0x00,
    0x00, 0x00, 0x00, 0x00, 0x00, 0x00, 0x00, 0x00, 0x00, 0x00, 0x00, 0x00, 0x00, 0x00, 0x00, 0x00,
    0x00, 0x00, 0x00, 0x00, 0x00, 0x00, 0x00, 0x00, 0x00, 0x00, 0x00, 0x00, 0x00, 0x00, 0x00, 0x00,
    0x5D, 0x7B, 0x9E, 0x01, 0x00, 0x00, 0x00, 0x00, 0x00, 0x00, 0x00, 0x00, 0x5E, 0x7B, 0x9C, 0x01,
    0x5F, 0x7A, 0x9B, 0x01, 0x00, 0x00, 0x00, 0x00, 0x00, 0x00, 0x00, 0x00, 0x5E, 0x78, 0x98, 0x03,
    0x5C, 0x74, 0x94, 0x02, 0x5C, 0x74, 0x94, 0x02, 0x64, 0x76, 0x90, 0x06, 0x49, 0x4E, 0x56, 0x33,
    0x1A, 0x12, 0x0D, 0xA4, 0x1A, 0x12, 0x0D, 0xA4, 0x39, 0x19, 0x0A, 0xD0, 0x63, 0x3E, 0x1E, 0xD5,
    0x84, 0x5C, 0x31, 0xEC, 0x84, 0x5C, 0x31, 0xEC, 0x8A, 0x5A, 0x2D, 0xF2, 0x8F, 0x5F, 0x30, 0xF2,
    0x8F, 0x5F, 0x30, 0xF2, 0x8B, 0x58, 0x2C, 0xF3, 0x8F, 0x5E, 0x30, 0xF2, 0x8D, 0x5E, 0x30, 0xF3,
    0x8D, 0x5E, 0x30, 0xF3, 0x87, 0x59, 0x2F, 0xF2, 0x6E, 0x47, 0x23, 0xF0, 0x4E, 0x31, 0x1E, 0xB8,
    0x4E, 0x31, 0x1E, 0xB8, 0x3D, 0x2C, 0x2C, 0xA3, 0x60, 0x68, 0x75, 0x4F, 0x6A, 0x7F, 0x96, 0x16,
    0x6A, 0x7F, 0x96, 0x16, 0x65, 0x7E, 0x9C, 0x05, 0x65, 0x82, 0xA1, 0x03, 0x65, 0x82, 0xA1, 0x03,
    0x64, 0x83, 0xA5, 0x02, 0x63, 0x83, 0xA6, 0x02, 0x62, 0x82, 0xA7, 0x01, 0x62, 0x82, 0xA7, 0x01,
    0x61, 0x82, 0xA8, 0x01, 0x60, 0x83, 0xA9, 0x01, 0x5F, 0x83, 0xAB, 0x01, 0x5F, 0x83, 0xAB, 0x01,
    0x5E, 0x84, 0xAC, 0x01, 0x00, 0x00, 0x00, 0x00, 0x00, 0x00, 0x00, 0x00, 0x00, 0x00, 0x00, 0x00,
    0x00, 0x00, 0x00, 0x00, 0x00, 0x00, 0x00, 0x00, 0x00, 0x00, 0x00, 0x00, 0x00, 0x00, 0x00, 0x00,
    0x00, 0x00, 0x00, 0x00, 0x00, 0x00, 0x00, 0x00, 0x00, 0x00, 0x00, 0x00, 0x00, 0x00, 0x00, 0x00,
    0x00, 0x00, 0x00, 0x00, 0x00, 0x00, 0x00, 0x00, 0x00, 0x00, 0x00, 0x00, 0x00, 0x00, 0x00, 0x00,
    0x00, 0x00, 0x00, 0x00, 0x00, 0x00, 0x00, 0x00, 0x00, 0x00, 0x00, 0x00, 0x00, 0x00, 0x00, 0x00,
    0x00, 0x00, 0x00, 0x00, 0x00, 0x00, 0x00, 0x00, 0x00, 0x00, 0x00, 0x00, 0x00, 0x00, 0x00, 0x00,
    0x00, 0x00, 0x00, 0x00, 0x00, 0x00, 0x00, 0x00, 0x00, 0x00, 0x00, 0x00, 0x00, 0x00, 0x00, 0x00,
    0x00, 0x00, 0x00, 0x00, 0x00, 0x00, 0x00, 0x00, 0x00, 0x00, 0x00, 0x00, 0x00, 0x00, 0x00, 0x00,
    0x00, 0x00, 0x00, 0x00, 0x00, 0x00, 0x00, 0x00, 0x00, 0x00, 0x00, 0x00, 0x00, 0x00, 0x00, 0x00,
    0x00, 0x00, 0x00, 0x00, 0x00, 0x00, 0x00, 0x00, 0x00, 0x00, 0x00, 0x00, 0x00, 0x00, 0x00, 0x00,
    0x00, 0x00, 0x00, 0x00, 0x00, 0x00, 0x00, 0x00, 0x00, 0x00, 0x00, 0x00, 0x00, 0x00, 0x00, 0x00,
    0x00, 0x00, 0x00, 0x00, 0x00, 0x00, 0x00, 0x00, 0x00, 0x00, 0x00, 0x00, 0x00, 0x00, 0x00, 0x00,
    0x00, 0x00, 0x00, 0x00, 0x00, 0x00, 0x00, 0x00, 0x00, 0x00, 0x00, 0x00, 0x00, 0x00, 0x00, 0x00,
    0x00, 0x00, 0x00, 0x00, 0x00, 0x00, 0x00, 0x00, 0x00, 0x00, 0x00, 0x00, 0x00, 0x00, 0x00, 0x00,
    0x00, 0x00, 0x00, 0x00, 0x00, 0x00, 0x00, 0x00, 0x00, 0x00, 0x00, 0x00, 0x00, 0x00, 0x00, 0x00,
    0x00, 0x00, 0x00, 0x00, 0x00, 0x00, 0x00, 0x00, 0x00, 0x00, 0x00, 0x00, 0x00, 0x00, 0x00, 0x00,
    0x00, 0x00, 0x00, 0x00, 0x00, 0x00, 0x00, 0x00, 0x00, 0x00, 0x00, 0x00, 0x00, 0x00, 0x00, 0x00,
    0x00, 0x00, 0x00, 0x00, 0x00, 0x00, 0x00, 0x00, 0x00, 0x00, 0x00, 0x00, 0x00, 0x00, 0x00, 0x00,
    0x00, 0x00, 0x00, 0x00, 0x00, 0x00, 0x00, 0x00, 0x00, 0x00, 0x00, 0x00, 0x00, 0x00, 0x00, 0x00,
    0x00, 0x00, 0x00, 0x00, 0x00, 0x00, 0x00, 0x00, 0x00, 0x00, 0x00, 0x00, 0x00, 0x00, 0x00, 0x00,
    0x00, 0x00, 0x00, 0x00, 0x00, 0x00, 0x00, 0x00, 0x00, 0x00, 0x00, 0x00, 0x00, 0x00, 0x00, 0x00,
    0x00, 0x00, 0x00, 0x00, 0x00, 0x00, 0x00, 0x00, 0x00, 0x00, 0x00, 0x00, 0x5C, 0x7B, 0x9F, 0x01,
    0x5D, 0x7B, 0x9D, 0x01, 0x5D, 0x7B, 0x9C, 0x01, 0x5D, 0x7B, 0x9C, 0x01, 0x5E, 0x7A, 0x9A, 0x01,
    0x5E, 0x79, 0x99, 0x01, 0x5E, 0x79, 0x99, 0x01, 0x5E, 0x77, 0x96, 0x01, 0x00, 0x00, 0x00, 0x00,
    0x57, 0x64, 0x79, 0x1D, 0x57, 0x64, 0x79, 0x1D, 0x44, 0x4A, 0x58, 0x48, 0x4E, 0x50, 0x55, 0x99,
    0x3C, 0x33, 0x30, 0xD2, 0x3C, 0x33, 0x30, 0xD2, 0x18, 0x0E, 0x08, 0xCE, 0x15, 0x0A, 0x03, 0xDE,
    0x15, 0x0A, 0x03, 0xDE, 0x15, 0x0A, 0x04, 0xE3, 0x18, 0x0E, 0x07, 0xE1, 0x1B, 0x0D, 0x08, 0xE4,
    0x1B, 0x0D, 0x08, 0xE4, 0x29, 0x14, 0x0D, 0xD0, 0x4A, 0x3F, 0x39, 0xBC, 0x60, 0x6B, 0x75, 0x52,
    0x60, 0x6B, 0x75, 0x52, 0x65, 0x77, 0x8F, 0x1E, 0x67, 0x80, 0x9D, 0x0B, 0x5F, 0x7E, 0x9D, 0x07,
    0x5F, 0x7E, 0x9D, 0x07, 0x62, 0x80, 0xA2, 0x03, 0x62, 0x81, 0xA4, 0x02, 0x62, 0x81, 0xA4, 0x02,
    0x62, 0x82, 0xA6, 0x01, 0x61, 0x82, 0xA7, 0x02, 0x5F, 0x82, 0xA7, 0x01, 0x5F, 0x82, 0xA7, 0x01,
    0x5E, 0x82, 0xA9, 0x01, 0x5E, 0x82, 0xAA, 0x01, 0x5C, 0x82, 0xAB, 0x01, 0x5C, 0x82, 0xAB, 0x01,
    0x00, 0x00, 0x00, 0x00, 0x00, 0x00, 0x00, 0x00, 0x00, 0x00, 0x00, 0x00, 0x00, 0x00, 0x00, 0x00,
    0x00, 0x00, 0x00, 0x00, 0x00, 0x00, 0x00, 0x00, 0x00, 0x00, 0x00, 0x00, 0x00, 0x00, 0x00, 0x00,
    0x00, 0x00, 0x00, 0x00, 0x00, 0x00, 0x00, 0x00, 0x00, 0x00, 0x00, 0x00, 0x00, 0x00, 0x00, 0x00,
    0x00, 0x00, 0x00, 0x00, 0x00, 0x00, 0x00, 0x00, 0x00, 0x00, 0x00, 0x00, 0x00, 0x00, 0x00, 0x00,
    0x00, 0x00, 0x00, 0x00, 0x00, 0x00, 0x00, 0x00, 0x00, 0x00, 0x00, 0x00, 0x00, 0x00, 0x00, 0x00,
    0x00, 0x00, 0x00, 0x00, 0x00, 0x00, 0x00, 0x00, 0x00, 0x00, 0x00, 0x00, 0x00, 0x00, 0x00, 0x00,
    0x00, 0x00, 0x00, 0x00, 0x00, 0x00, 0x00, 0x00, 0x00, 0x00, 0x00, 0x00, 0x00, 0x00, 0x00, 0x00,
    0x00, 0x00, 0x00, 0x00, 0x00, 0x00, 0x00, 0x00, 0x00, 0x00, 0x00, 0x00, 0x00, 0x00, 0x00, 0x00,
    0x00, 0x00, 0x00, 0x00, 0x00, 0x00, 0x00, 0x00, 0x00, 0x00, 0x00, 0x00, 0x00, 0x00, 0x00, 0x00,
    0x00, 0x00, 0x00, 0x00, 0x00, 0x00, 0x00, 0x00, 0x00, 0x00, 0x00, 0x00, 0x00, 0x00, 0x00, 0x00,
    0x00, 0x00, 0x00, 0x00, 0x00, 0x00, 0x00, 0x00, 0x00, 0x00, 0x00, 0x00, 0x00, 0x00, 0x00, 0x00,
    0x00, 0x00, 0x00, 0x00, 0x00, 0x00, 0x00, 0x00, 0x00, 0x00, 0x00, 0x00, 0x00, 0x00, 0x00, 0x00,
    0x00, 0x00, 0x00, 0x00, 0x00, 0x00, 0x00, 0x00, 0x00, 0x00, 0x00, 0x00, 0x00, 0x00, 0x00, 0x00,
    0x00, 0x00, 0x00, 0x00, 0x00, 0x00, 0x00, 0x00, 0x00, 0x00, 0x00, 0x00, 0x00, 0x00, 0x00, 0x00,
    0x00, 0x00, 0x00, 0x00, 0x00, 0x00, 0x00, 0x00, 0x00, 0x00, 0x00, 0x00, 0x00, 0x00, 0x00, 0x00,
    0x00, 0x00, 0x00, 0x00, 0x00, 0x00, 0x00, 0x00, 0x00, 0x00, 0x00, 0x00, 0x00, 0x00, 0x00, 0x00,
    0x00, 0x00, 0x00, 0x00, 0x00, 0x00, 0x00, 0x00, 0x00, 0x00, 0x00, 0x00, 0x00, 0x00, 0x00, 0x00,
    0x00, 0x00, 0x00, 0x00, 0x00, 0x00, 0x00, 0x00, 0x00, 0x00, 0x00, 0x00, 0x00, 0x00, 0x00, 0x00,
    0x00, 0x00, 0x00, 0x00, 0x00, 0x00, 0x00, 0x00, 0x00, 0x00, 0x00, 0x00, 0x00, 0x00, 0x00, 0x00,
    0x00, 0x00, 0x00, 0x00, 0x00, 0x00, 0x00, 0x00, 0x00, 0x00, 0x00, 0x00, 0x00, 0x00, 0x00, 0x00,
    0x00, 0x00, 0x00, 0x00, 0x00, 0x00, 0x00, 0x00, 0x00, 0x00, 0x00, 0x00, 0x00, 0x00, 0x00, 0x00,
    0x00, 0x00, 0x00, 0x00, 0x5A, 0x7B, 0xA0, 0x01, 0x5A, 0x7B, 0xA0, 0x01, 0x5B, 0x7C, 0xA0, 0x01,
    0x5C, 0x7B, 0x9F, 0x01, 0x5B, 0x7A, 0x9C, 0x01, 0x5B, 0x7A, 0x9C, 0x01, 0x5C, 0x7A, 0x9B, 0x01,
    0x5D, 0x79, 0x9B, 0x01, 0x5D, 0x79, 0x9B, 0x01, 0x5D, 0x78, 0x99, 0x02, 0x5B, 0x77, 0x96, 0x03,
    0x5D, 0x78, 0x97, 0x02, 0x5D, 0x78, 0x97, 0x02, 0x61, 0x7B, 0x9B, 0x12, 0x60, 0x76, 0x91, 0x2F,
    0x35, 0x3D, 0x4C, 0x3D, 0x35, 0x3D, 0x4C, 0x3D, 0x28, 0x2D, 0x37, 0x2E, 0x33, 0x3A, 0x42, 0x38,
    0x33, 0x3A, 0x42, 0x38, 0x34, 0x3B, 0x46, 0x3D, 0x2F, 0x38, 0x44, 0x39, 0x2A, 0x31, 0x40, 0x42,
    0x2A, 0x31, 0x40, 0x42, 0x46, 0x4B, 0x5A, 0x2E, 0x69, 0x7A, 0x90, 0x23, 0x62, 0x80, 0x9F, 0x0F,
    0x62, 0x80, 0x9F, 0x0F, 0x5D, 0x7D, 0x9E, 0x09, 0x5F, 0x7E, 0xA1, 0x05, 0x5F, 0x80, 0xA3, 0x04,
    0x5F, 0x80, 0xA3, 0x04, 0x60, 0x7F, 0xA4, 0x03, 0x5F, 0x80, 0xA5, 0x02, 0x5F, 0x80, 0xA5, 0x02,
    0x5E, 0x81, 0xA6, 0x02, 0x5E, 0x81, 0xA7, 0x01, 0x5D, 0x81, 0xA9, 0x01, 0x5D, 0x81, 0xA9, 0x01,
    0x5C, 0x81, 0xAA, 0x01, 0x5C, 0x81, 0xAB, 0x01, 0x5B, 0x81, 0xAC, 0x01, 0x5B, 0x81, 0xAC, 0x01,
    0x00, 0x00, 0x00, 0x00, 0x00, 0x00, 0x00, 0x00, 0x00, 0x00, 0x00, 0x00, 0x00, 0x00, 0x00, 0x00,
    0x00, 0x00, 0x00, 0x00, 0x00, 0x00, 0x00, 0x00, 0x00, 0x00, 0x00, 0x00, 0x00, 0x00, 0x00, 0x00,
    0x00, 0x00, 0x00, 0x00, 0x00, 0x00, 0x00, 0x00, 0x00, 0x00, 0x00, 0x00, 0x00, 0x00, 0x00, 0x00,
    0x00, 0x00, 0x00, 0x00, 0x00, 0x00, 0x00, 0x00, 0x00, 0x00, 0x00, 0x00, 0x00, 0x00, 0x00, 0x00,
    0x00, 0x00, 0x00, 0x00, 0x00, 0x00, 0x00, 0x00, 0x00, 0x00, 0x00, 0x00, 0x00, 0x00, 0x00, 0x00,
    0x00, 0x00, 0x00, 0x00, 0x00, 0x00, 0x00, 0x00, 0x00, 0x00, 0x00, 0x00, 0x00, 0x00, 0x00, 0x00,
    0x00, 0x00, 0x00, 0x00, 0x00, 0x00, 0x00, 0x00, 0x00, 0x00, 0x00, 0x00, 0x00, 0x00, 0x00, 0x00,
    0x00, 0x00, 0x00, 0x00, 0x00, 0x00, 0x00, 0x00, 0x00, 0x00, 0x00, 0x00, 0x00, 0x00, 0x00, 0x00,
    0x00, 0x00, 0x00, 0x00, 0x00, 0x00, 0x00, 0x00, 0x00, 0x00, 0x00, 0x00, 0x00, 0x00, 0x00, 0x00,
    0x00, 0x00, 0x00, 0x00, 0x00, 0x00, 0x00, 0x00, 0x00, 0x00, 0x00, 0x00, 0x00, 0x00, 0x00, 0x00,
    0x00, 0x00, 0x00, 0x00, 0x00, 0x00, 0x00, 0x00, 0x00, 0x00, 0x00, 0x00, 0x00, 0x00, 0x00, 0x00,
    0x00, 0x00, 0x00, 0x00, 0x00, 0x00, 0x00, 0x00, 0x00, 0x00, 0x00, 0x00, 0x00, 0x00, 0x00, 0x00,
    0x00, 0x00, 0x00, 0x00, 0x00, 0x00, 0x00, 0x00, 0x00, 0x00, 0x00, 0x00, 0x00, 0x00, 0x00, 0x00,
    0x00, 0x00, 0x00, 0x00, 0x00, 0x00, 0x00, 0x00, 0x00, 0x00, 0x00, 0x00, 0x00, 0x00, 0x00, 0x00,
    0x00, 0x00, 0x00, 0x00, 0x00, 0x00, 0x00, 0x00, 0x00, 0x00, 0x00, 0x00, 0x00, 0x00, 0x00, 0x00,
    0x00, 0x00, 0x00, 0x00, 0x00, 0x00, 0x00, 0x00, 0x00, 0x00, 0x00, 0x00, 0x00, 0x00, 0x00, 0x00,
    0x00, 0x00, 0x00, 0x00, 0x00, 0x00, 0x00, 0x00, 0x00, 0x00, 0x00, 0x00, 0x00, 0x00, 0x00, 0x00,
    0x00, 0x00, 0x00, 0x00, 0x00, 0x00, 0x00, 0x00, 0x00, 0x00, 0x00, 0x00, 0x00, 0x00, 0x00, 0x00,
    0x00, 0x00, 0x00, 0x00, 0x00, 0x00, 0x00, 0x00, 0x00, 0x00, 0x00, 0x00, 0x00, 0x00, 0x00, 0x00,
    0x00, 0x00, 0x00, 0x00, 0x00, 0x00, 0x00, 0x00, 0x00, 0x00, 0x00, 0x00, 0x00, 0x00, 0x00, 0x00,
    0x00, 0x00, 0x00, 0x00, 0x00, 0x00, 0x00, 0x00, 0x00, 0x00, 0x00, 0x00, 0x00, 0x00, 0x00, 0x00,
    0x00, 0x00, 0x00, 0x00, 0x5A, 0x7B, 0xA0, 0x01, 0x5A, 0x7B, 0xA0, 0x01, 0x5B, 0x7C, 0xA0, 0x01,
    0x5C, 0x7B, 0x9F, 0x01, 0x5B, 0x7A, 0x9C, 0x01, 0x5B, 0x7A, 0x9C, 0x01, 0x5C, 0x7A, 0x9B, 0x01,
    0x5D, 0x79, 0x9B, 0x01, 0x5D, 0x79, 0x9B, 0x01, 0x5D, 0x78, 0x99, 0x02, 0x5B, 0x77, 0x96, 0x03,
    0x5D, 0x78, 0x97, 0x02, 0x5D, 0x78, 0x97, 0x02, 0x61, 0x7B, 0x9B, 0x12, 0x60, 0x76, 0x91, 0x2F,
    0x35, 0x3D, 0x4C, 0x3D, 0x35, 0x3D, 0x4C, 0x3D, 0x28, 0x2D, 0x37, 0x2E, 0x33, 0x3A, 0x42, 0x38,
    0x33, 0x3A, 0x42, 0x38, 0x34, 0x3B, 0x46, 0x3D, 0x2F, 0x38, 0x44, 0x39, 0x2A, 0x31, 0x40, 0x42,
    0x2A, 0x31, 0x40, 0x42, 0x46, 0x4B, 0x5A, 0x2E, 0x69, 0x7A, 0x90, 0x23, 0x62, 0x80, 0x9F, 0x0F,
    0x62, 0x80, 0x9F, 0x0F, 0x5D, 0x7D, 0x9E, 0x09, 0x5F, 0x7E, 0xA1, 0x05, 0x5F, 0x80, 0xA3, 0x04,
    0x5F, 0x80, 0xA3, 0x04, 0x60, 0x7F, 0xA4, 0x03, 0x5F, 0x80, 0xA5, 0x02, 0x5F, 0x80, 0xA5, 0x02,
    0x5E, 0x81, 0xA6, 0x02, 0x5E, 0x81, 0xA7, 0x01, 0x5D, 0x81, 0xA9, 0x01, 0x5D, 0x81, 0xA9, 0x01,
    0x5C, 0x81, 0xAA, 0x01, 0x5C, 0x81, 0xAB, 0x01, 0x5B, 0x81, 0xAC, 0x01, 0x5B, 0x81, 0xAC, 0x01,
    0x00, 0x00, 0x00, 0x00, 0x00, 0x00, 0x00, 0x00, 0x00, 0x00, 0x00, 0x00, 0x00, 0x00, 0x00, 0x00,
    0x00, 0x00, 0x00, 0x00, 0x00, 0x00, 0x00, 0x00, 0x00, 0x00, 0x00, 0x00, 0x00, 0x00, 0x00, 0x00,
    0x00, 0x00, 0x00, 0x00, 0x00, 0x00, 0x00, 0x00, 0x00, 0x00, 0x00, 0x00, 0x00, 0x00, 0x00, 0x00,
    0x00, 0x00, 0x00, 0x00, 0x00, 0x00, 0x00, 0x00, 0x00, 0x00, 0x00, 0x00, 0x00, 0x00, 0x00, 0x00,
    0x00, 0x00, 0x00, 0x00, 0x00, 0x00, 0x00, 0x00, 0x00, 0x00, 0x00, 0x00, 0x00, 0x00, 0x00, 0x00,
    0x00, 0x00, 0x00, 0x00, 0x00, 0x00, 0x00, 0x00, 0x00, 0x00, 0x00, 0x00, 0x00, 0x00, 0x00, 0x00,
    0x00, 0x00, 0x00, 0x00, 0x00, 0x00, 0x00, 0x00, 0x00, 0x00, 0x00, 0x00, 0x00, 0x00, 0x00, 0x00,
    0x00, 0x00, 0x00, 0x00, 0x00, 0x00, 0x00, 0x00, 0x00, 0x00, 0x00, 0x00, 0x00, 0x00, 0x00, 0x00,
    0x00, 0x00, 0x00, 0x00, 0x00, 0x00, 0x00, 0x00, 0x00, 0x00, 0x00, 0x00, 0x00, 0x00, 0x00, 0x00,
    0x00, 0x00, 0x00, 0x00, 0x00, 0x00, 0x00, 0x00, 0x00, 0x00, 0x00, 0x00, 0x00, 0x00, 0x00, 0x00,
    0x00, 0x00, 0x00, 0x00, 0x00, 0x00, 0x00, 0x00, 0x00, 0x00, 0x00, 0x00, 0x00, 0x00, 0x00, 0x00,
    0x00, 0x00, 0x00, 0x00, 0x00, 0x00, 0x00, 0x00, 0x00, 0x00, 0x00, 0x00, 0x00, 0x00, 0x00, 0x00,
    0x00, 0x00, 0x00, 0x00, 0x00, 0x00, 0x00, 0x00, 0x00, 0x00, 0x00, 0x00, 0x00, 0x00, 0x00, 0x00,
    0x00, 0x00, 0x00, 0x00, 0x00, 0x00, 0x00, 0x00, 0x00, 0x00, 0x00, 0x00, 0x00, 0x00, 0x00, 0x00,
    0x00, 0x00, 0x00, 0x00, 0x00, 0x00, 0x00, 0x00, 0x00, 0x00, 0x00, 0x00, 0x00, 0x00, 0x00, 0x00,
    0x00, 0x00, 0x00, 0x00, 0x00, 0x00, 0x00, 0x00, 0x00, 0x00, 0x00, 0x00, 0x00, 0x00, 0x00, 0x00,
    0x00, 0x00, 0x00, 0x00, 0x00, 0x00, 0x00, 0x00, 0x00, 0x00, 0x00, 0x00, 0x00, 0x00, 0x00, 0x00,
    0x00, 0x00, 0x00, 0x00, 0x00, 0x00, 0x00, 0x00, 0x00, 0x00, 0x00, 0x00, 0x00, 0x00, 0x00, 0x00,
    0x00, 0x00, 0x00, 0x00, 0x00, 0x00, 0x00, 0x00, 0x00, 0x00, 0x00, 0x00, 0x00, 0x00, 0x00, 0x00,
    0x00, 0x00, 0x00, 0x00, 0x00, 0x00, 0x00, 0x00, 0x00, 0x00, 0x00, 0x00, 0x00, 0x00, 0x00, 0x00,
    0x00, 0x00, 0x00, 0x00, 0x00, 0x00, 0x00, 0x00, 0x00, 0x00, 0x00, 0x00, 0x00, 0x00, 0x00, 0x00,
    0x00, 0x00, 0x00, 0x00, 0x00, 0x00, 0x00, 0x00, 0x00, 0x00, 0x00, 0x00, 0x00, 0x00, 0x00, 0x00,
    0x00, 0x00, 0x00, 0x00, 0x5A, 0x7B, 0x9F, 0x01, 0x5A, 0x7B, 0x9F, 0x01, 0x5B, 0x7B, 0x9D, 0x01,
    0x5C, 0x7A, 0x9C, 0x01, 0x5C, 0x7A, 0x9C, 0x01, 0x5D, 0x79, 0x9B, 0x01, 0x5C, 0x7A, 0x9B, 0x01,
    0x5B, 0x78, 0x9A, 0x02, 0x5B, 0x78, 0x9A, 0x02, 0x5A, 0x78, 0x9C, 0x03, 0x5D, 0x79, 0x9B, 0x01,
    0x66, 0x82, 0x9D, 0x04, 0x66, 0x82, 0x9D, 0x04, 0x6B, 0x84, 0xA1, 0x07, 0x6D, 0x86, 0xA3, 0x03,
    0x6D, 0x86, 0xA3, 0x03, 0x6C, 0x85, 0xA4, 0x03, 0x6A, 0x88, 0xA5, 0x02, 0x66, 0x84, 0xA4, 0x04,
    0x66, 0x84, 0xA4, 0x04, 0x66, 0x81, 0xA1, 0x07, 0x60, 0x7C, 0x9E, 0x06, 0x5B, 0x7C, 0xA0, 0x05,
    0x5B, 0x7C, 0xA0, 0x05, 0x5C, 0x7E, 0xA3, 0x04, 0x5D, 0x7E, 0xA5, 0x03, 0x5C, 0x7F, 0xA5, 0x02,
    0x5C, 0x7F, 0xA5, 0x02, 0x5C, 0x80, 0xA6, 0x02, 0x5C, 0x80, 0xA6, 0x02, 0x5C, 0x80, 0xA6, 0x02,
    0x5C, 0x80, 0xA7, 0x01, 0x5B, 0x81, 0xA9, 0x01, 0x5B, 0x81, 0xAA, 0x01, 0x5B, 0x81, 0xAA, 0x01,
    0x5B, 0x81, 0xAB, 0x01, 0x5A, 0x81, 0xAB, 0x01, 0x00, 0x00, 0x00, 0x00, 0x00, 0x00, 0x00, 0x00,
    0x00, 0x00, 0x00, 0x00, 0x00, 0x00, 0x00, 0x00, 0x00, 0x00, 0x00, 0x00, 0x00, 0x00, 0x00, 0x00,
    0x00, 0x00, 0x00, 0x00, 0x00, 0x00, 0x00, 0x00, 0x00, 0x00, 0x00, 0x00, 0x00, 0x00, 0x00, 0x00,
    0x00, 0x00, 0x00, 0x00, 0x00, 0x00, 0x00, 0x00, 0x00, 0x00, 0x00, 0x00, 0x00, 0x00, 0x00, 0x00,
    0x00, 0x00, 0x00, 0x00, 0x00, 0x00, 0x00, 0x00, 0x00, 0x00, 0x00, 0x00, 0x00, 0x00, 0x00, 0x00,
    0x00, 0x00, 0x00, 0x00, 0x00, 0x00, 0x00, 0x00, 0x00, 0x00, 0x00, 0x00, 0x00, 0x00, 0x00, 0x00,
    0x00, 0x00, 0x00, 0x00, 0x00, 0x00, 0x00, 0x00, 0x00, 0x00, 0x00, 0x00, 0x00, 0x00, 0x00, 0x00,
    0x00, 0x00, 0x00, 0x00, 0x00, 0x00, 0x00, 0x00, 0x00, 0x00, 0x00, 0x00, 0x00, 0x00, 0x00, 0x00,
    0x00, 0x00, 0x00, 0x00, 0x00, 0x00, 0x00, 0x00, 0x00, 0x00, 0x00, 0x00, 0x00, 0x00, 0x00, 0x00,
    0x00, 0x00, 0x00, 0x00, 0x00, 0x00, 0x00, 0x00, 0x00, 0x00, 0x00, 0x00, 0x00, 0x00, 0x00, 0x00,
    0x00, 0x00, 0x00, 0x00, 0x00, 0x00, 0x00, 0x00, 0x00, 0x00, 0x00, 0x00, 0x00, 0x00, 0x00, 0x00,
    0x00, 0x00, 0x00, 0x00, 0x00, 0x00, 0x00, 0x00, 0x00, 0x00, 0x00, 0x00, 0x00, 0x00, 0x00, 0x00,
    0x00, 0x00, 0x00, 0x00, 0x00, 0x00, 0x00, 0x00, 0x00, 0x00, 0x00, 0x00, 0x00, 0x00, 0x00, 0x00,
    0x00, 0x00, 0x00, 0x00, 0x00, 0x00, 0x00, 0x00, 0x00, 0x00, 0x00, 0x00, 0x00, 0x00, 0x00, 0x00,
    0x00, 0x00, 0x00, 0x00, 0x00, 0x00, 0x00, 0x00, 0x00, 0x00, 0x00, 0x00, 0x00, 0x00, 0x00, 0x00,
    0x00, 0x00, 0x00, 0x00, 0x00, 0x00, 0x00, 0x00, 0x00, 0x00, 0x00, 0x00, 0x00, 0x00, 0x00, 0x00,
    0x00, 0x00, 0x00, 0x00, 0x00, 0x00, 0x00, 0x00, 0x00, 0x00, 0x00, 0x00, 0x00, 0x00, 0x00, 0x00,
    0x00, 0x00, 0x00, 0x00, 0x00, 0x00, 0x00, 0x00, 0x00, 0x00, 0x00, 0x00, 0x00, 0x00, 0x00, 0x00,
    0x00, 0x00, 0x00, 0x00, 0x00, 0x00, 0x00, 0x00, 0x00, 0x00, 0x00, 0x00, 0x00, 0x00, 0x00, 0x00,
    0x00, 0x00, 0x00, 0x00, 0x00, 0x00, 0x00, 0x00, 0x00, 0x00, 0x00, 0x00, 0x00, 0x00, 0x00, 0x00,
    0x00, 0x00, 0x00, 0x00, 0x00, 0x00, 0x00, 0x00, 0x00, 0x00, 0x00, 0x00, 0x00, 0x00, 0x00, 0x00,
    0x00, 0x00, 0x00, 0x00, 0x00, 0x00, 0x00, 0x00, 0x00, 0x00, 0x00, 0x00, 0x00, 0x00, 0x00, 0x00,
    0x00, 0x00, 0x00, 0x00, 0x00, 0x00, 0x00, 0x00, 0x00, 0x00, 0x00, 0x00, 0x00, 0x00, 0x00, 0x00,
    0x00, 0x00, 0x00, 0x00, 0x59, 0x7B, 0xA1, 0x01, 0x59, 0x7B, 0xA1, 0x01, 0x5A, 0x7A, 0xA0, 0x01,
    0x5B, 0x79, 0x9E, 0x01, 0x5B, 0x79, 0x9E, 0x01, 0x5B, 0x79, 0x9E, 0x01, 0x5C, 0x79, 0x9E, 0x02,
    0x5C, 0x79, 0x9F, 0x02, 0x5C, 0x79, 0x9F, 0x02, 0x5D, 0x7B, 0xA1, 0x03, 0x5D, 0x7A, 0xA0, 0x07,
    0x5E, 0x7D, 0xA1, 0x05, 0x5E, 0x7D, 0xA1, 0x05, 0x5E, 0x7C, 0xA0, 0x05, 0x60, 0x7C, 0xA0, 0x05,
    0x60, 0x7C, 0xA0, 0x05, 0x60, 0x7B, 0xA1, 0x05, 0x5F, 0x7E, 0xA3, 0x05, 0x5D, 0x7D, 0xA3, 0x05,
    0x5D, 0x7D, 0xA3, 0x05, 0x5C, 0x7D, 0xA2, 0x05, 0x5B, 0x7D, 0xA5, 0x04, 0x5A, 0x7D, 0xA6, 0x03,
    0x5A, 0x7D, 0xA6, 0x03, 0x5A, 0x7E, 0xA7, 0x03, 0x5A, 0x7E, 0xA7, 0x02, 0x59, 0x7E, 0xA7, 0x02,
    0x59, 0x7E, 0xA7, 0x02, 0x5A, 0x7F, 0xA8, 0x02, 0x59, 0x7F, 0xA8, 0x01, 0x59, 0x7F, 0xA8, 0x01,
    0x5A, 0x7F, 0xA8, 0x01, 0x5A, 0x80, 0xA9, 0x01, 0x00, 0x00, 0x00, 0x00, 0x00, 0x00, 0x00, 0x00,
    0x59, 0x80, 0xAC, 0x01, 0x00, 0x00, 0x00, 0x00, 0x00, 0x00, 0x00, 0x00, 0x00, 0x00, 0x00, 0x00,
    0x00, 0x00, 0x00, 0x00, 0x00, 0x00, 0x00, 0x00, 0x00, 0x00, 0x00, 0x00, 0x00, 0x00, 0x00, 0x00,
    0x00, 0x00, 0x00, 0x00, 0x00, 0x00, 0x00, 0x00, 0x00, 0x00, 0x00, 0x00, 0x00, 0x00, 0x00, 0x00,
    0x00, 0x00, 0x00, 0x00, 0x00, 0x00, 0x00, 0x00, 0x00, 0x00, 0x00, 0x00, 0x00, 0x00, 0x00, 0x00,
    0x00, 0x00, 0x00, 0x00, 0x00, 0x00, 0x00, 0x00, 0x00, 0x00, 0x00, 0x00, 0x00, 0x00, 0x00, 0x00,
    0x00, 0x00, 0x00, 0x00, 0x00, 0x00, 0x00, 0x00, 0x00, 0x00, 0x00, 0x00, 0x00, 0x00, 0x00, 0x00,
    0x00, 0x00, 0x00, 0x00, 0x00, 0x00, 0x00, 0x00, 0x00, 0x00, 0x00, 0x00, 0x00, 0x00, 0x00, 0x00,
    0x00, 0x00, 0x00, 0x00, 0x00, 0x00, 0x00, 0x00, 0x00, 0x00, 0x00, 0x00, 0x00, 0x00, 0x00, 0x00,
    0x00, 0x00, 0x00, 0x00, 0x00, 0x00, 0x00, 0x00, 0x00, 0x00, 0x00, 0x00, 0x00, 0x00, 0x00, 0x00,
    0x00, 0x00, 0x00, 0x00, 0x00, 0x00, 0x00, 0x00, 0x00, 0x00, 0x00, 0x00, 0x00, 0x00, 0x00, 0x00,
    0x00, 0x00, 0x00, 0x00, 0x00, 0x00, 0x00, 0x00, 0x00, 0x00, 0x00, 0x00, 0x00, 0x00, 0x00, 0x00,
    0x00, 0x00, 0x00, 0x00, 0x00, 0x00, 0x00, 0x00, 0x00, 0x00, 0x00, 0x00, 0x00, 0x00, 0x00, 0x00,
    0x00, 0x00, 0x00, 0x00, 0x00, 0x00, 0x00, 0x00, 0x00, 0x00, 0x00, 0x00, 0x00, 0x00, 0x00, 0x00,
    0x00, 0x00, 0x00, 0x00, 0x00, 0x00, 0x00, 0x00, 0x00, 0x00, 0x00, 0x00, 0x00, 0x00, 0x00, 0x00,
    0x00, 0x00, 0x00, 0x00, 0x00, 0x00, 0x00, 0x00, 0x00, 0x00, 0x00, 0x00, 0x00, 0x00, 0x00, 0x00,
    0x00, 0x00, 0x00, 0x00, 0x00, 0x00, 0x00, 0x00, 0x00, 0x00, 0x00, 0x00, 0x00, 0x00, 0x00, 0x00,
    0x00, 0x00, 0x00, 0x00, 0x00, 0x00, 0x00, 0x00, 0x00, 0x00, 0x00, 0x00, 0x00, 0x00, 0x00, 0x00,
    0x00, 0x00, 0x00, 0x00, 0x00, 0x00, 0x00, 0x00, 0x00, 0x00, 0x00, 0x00, 0x00, 0x00, 0x00, 0x00,
    0x00, 0x00, 0x00, 0x00, 0x00, 0x00, 0x00, 0x00, 0x00, 0x00, 0x00, 0x00, 0x00, 0x00, 0x00, 0x00,
    0x00, 0x00, 0x00, 0x00, 0x00, 0x00, 0x00, 0x00, 0x00, 0x00, 0x00, 0x00, 0x00, 0x00, 0x00, 0x00,
    0x00, 0x00, 0x00, 0x00, 0x00, 0x00, 0x00, 0x00, 0x00, 0x00, 0x00, 0x00, 0x00, 0x00, 0x00, 0x00,
    0x00, 0x00, 0x00, 0x00, 0x00, 0x00, 0x00, 0x00, 0x00, 0x00, 0x00, 0x00, 0x00, 0x00, 0x00, 0x00,
    0x00, 0x00, 0x00, 0x00, 0x00, 0x00, 0x00, 0x00, 0x00, 0x00, 0x00, 0x00, 0x00, 0x00, 0x00, 0x00,
    0x00, 0x00, 0x00, 0x00, 0x59, 0x7B, 0xA1, 0x01, 0x59, 0x7B, 0xA1, 0x01, 0x5A, 0x7A, 0xA0, 0x01,
    0x5B, 0x79, 0x9E, 0x01, 0x5B, 0x79, 0x9E, 0x01, 0x5B, 0x79, 0x9E, 0x01, 0x5C, 0x79, 0x9E, 0x02,
    0x5C, 0x79, 0x9F, 0x02, 0x5C, 0x79, 0x9F, 0x02, 0x5D, 0x7B, 0xA1, 0x03, 0x5D, 0x7A, 0xA0, 0x07,
    0x5E, 0x7D, 0xA1, 0x05, 0x5E, 0x7D, 0xA1, 0x05, 0x5E, 0x7C, 0xA0, 0x05, 0x60, 0x7C, 0xA0, 0x05,
    0x60, 0x7C, 0xA0, 0x05, 0x60, 0x7B, 0xA1, 0x05, 0x5F, 0x7E, 0xA3, 0x05, 0x5D, 0x7D, 0xA3, 0x05,
    0x5D, 0x7D, 0xA3, 0x05, 0x5C, 0x7D, 0xA2, 0x05, 0x5B, 0x7D, 0xA5, 0x04, 0x5A, 0x7D, 0xA6, 0x03,
    0x5A, 0x7D, 0xA6, 0x03, 0x5A, 0x7E, 0xA7, 0x03, 0x5A, 0x7E, 0xA7, 0x02, 0x59, 0x7E, 0xA7, 0x02,
    0x59, 0x7E, 0xA7, 0x02, 0x5A, 0x7F, 0xA8, 0x02, 0x59, 0x7F, 0xA8, 0x01, 0x59, 0x7F, 0xA8, 0x01,
    0x5A, 0x7F, 0xA8, 0x01, 0x5A, 0x80, 0xA9, 0x01, 0x00, 0x00, 0x00, 0x00, 0x00, 0x00, 0x00, 0x00,
    0x59, 0x80, 0xAC, 0x01, 0x00, 0x00, 0x00, 0x00, 0x00, 0x00, 0x00, 0x00, 0x00, 0x00, 0x00, 0x00,
    0x00, 0x00, 0x00, 0x00, 0x00, 0x00, 0x00, 0x00, 0x00, 0x00, 0x00, 0x00, 0x00, 0x00, 0x00, 0x00,
    0x00, 0x00, 0x00, 0x00, 0x00, 0x00, 0x00, 0x00, 0x00, 0x00, 0x00, 0x00, 0x00, 0x00, 0x00, 0x00,
    0x00, 0x00, 0x00, 0x00, 0x00, 0x00, 0x00, 0x00, 0x00, 0x00, 0x00, 0x00, 0x00, 0x00, 0x00, 0x00,
    0x00, 0x00, 0x00, 0x00, 0x00, 0x00, 0x00, 0x00, 0x00, 0x00, 0x00, 0x00, 0x00, 0x00, 0x00, 0x00,
    0x00, 0x00, 0x00, 0x00, 0x00, 0x00, 0x00, 0x00, 0x00, 0x00, 0x00, 0x00, 0x00, 0x00, 0x00, 0x00,
    0x00, 0x00, 0x00, 0x00, 0x00, 0x00, 0x00, 0x00, 0x00, 0x00, 0x00, 0x00, 0x00, 0x00, 0x00, 0x00,
    0x00, 0x00, 0x00, 0x00, 0x00, 0x00, 0x00, 0x00, 0x00, 0x00, 0x00, 0x00, 0x00, 0x00, 0x00, 0x00,
    0x00, 0x00, 0x00, 0x00, 0x00, 0x00, 0x00, 0x00, 0x00, 0x00, 0x00, 0x00, 0x00, 0x00, 0x00, 0x00,
    0x00, 0x00, 0x00, 0x00, 0x00, 0x00, 0x00, 0x00, 0x00, 0x00, 0x00, 0x00, 0x00, 0x00, 0x00, 0x00,
    0x00, 0x00, 0x00, 0x00, 0x00, 0x00, 0x00, 0x00, 0x00, 0x00, 0x00, 0x00, 0x00, 0x00, 0x00, 0x00,
    0x00, 0x00, 0x00, 0x00, 0x00, 0x00, 0x00, 0x00, 0x00, 0x00, 0x00, 0x00, 0x00, 0x00, 0x00, 0x00,
    0x00, 0x00, 0x00, 0x00, 0x00, 0x00, 0x00, 0x00, 0x00, 0x00, 0x00, 0x00, 0x00, 0x00, 0x00, 0x00,
    0x00, 0x00, 0x00, 0x00, 0x00, 0x00, 0x00, 0x00, 0x00, 0x00, 0x00, 0x00, 0x00, 0x00, 0x00, 0x00,
    0x00, 0x00, 0x00, 0x00, 0x00, 0x00, 0x00, 0x00, 0x00, 0x00, 0x00, 0x00, 0x00, 0x00, 0x00, 0x00,
    0x00, 0x00, 0x00, 0x00, 0x00, 0x00, 0x00, 0x00, 0x00, 0x00, 0x00, 0x00, 0x00, 0x00, 0x00, 0x00,
    0x00, 0x00, 0x00, 0x00, 0x00, 0x00, 0x00, 0x00, 0x00, 0x00, 0x00, 0x00, 0x00, 0x00, 0x00, 0x00,
    0x00, 0x00, 0x00, 0x00, 0x00, 0x00, 0x00, 0x00, 0x00, 0x00, 0x00, 0x00, 0x00, 0x00, 0x00, 0x00,
    0x00, 0x00, 0x00, 0x00, 0x00, 0x00, 0x00, 0x00, 0x00, 0x00, 0x00, 0x00, 0x00, 0x00, 0x00, 0x00,
    0x00, 0x00, 0x00, 0x00, 0x00, 0x00, 0x00, 0x00, 0x00, 0x00, 0x00, 0x00, 0x00, 0x00, 0x00, 0x00,
    0x00, 0x00, 0x00, 0x00, 0x00, 0x00, 0x00, 0x00, 0x00, 0x00, 0x00, 0x00, 0x00, 0x00, 0x00, 0x00,
    0x00, 0x00, 0x00, 0x00, 0x00, 0x00, 0x00, 0x00, 0x00, 0x00, 0x00, 0x00, 0x00, 0x00, 0x00, 0x00,
    0x00, 0x00, 0x00, 0x00, 0x00, 0x00, 0x00, 0x00, 0x00, 0x00, 0x00, 0x00, 0x00, 0x00, 0x00, 0x00,
    0x00, 0x00, 0x00, 0x00, 0x00, 0x00, 0x00, 0x00, 0x00, 0x00, 0x00, 0x00, 0x59, 0x7B, 0xA4, 0x01,
    0x5A, 0x7C, 0xA3, 0x01, 0x5A, 0x7C, 0xA3, 0x01, 0x5B, 0x7B, 0xA3, 0x01, 0x5B, 0x7B, 0xA2, 0x01,
    0x5C, 0x7C, 0xA2, 0x02, 0x5C, 0x7C, 0xA2, 0x02, 0x5D, 0x7C, 0xA3, 0x02, 0x5E, 0x7C, 0xA5, 0x02,
    0x5F, 0x7E, 0xA4, 0x02, 0x5F, 0x7E, 0xA4, 0x02, 0x60, 0x7F, 0xA4, 0x02, 0x61, 0x7F, 0xA5, 0x02,
    0x61, 0x7F, 0xA5, 0x02, 0x61, 0x80, 0xA7, 0x02, 0x60, 0x80, 0xA8, 0x02, 0x5E, 0x80, 0xA8, 0x02,
    0x5E, 0x80, 0xA8, 0x02, 0x5C, 0x80, 0xA9, 0x01, 0x5B, 0x80, 0xA9, 0x02, 0x5A, 0x81, 0xAA, 0x02,
    0x5A, 0x81, 0xAA, 0x02, 0x59, 0x80, 0xA9, 0x01, 0x59, 0x80, 0xAA, 0x01, 0x59, 0x7F, 0xAB, 0x01,
    0x59, 0x7F, 0xAB, 0x01, 0x58, 0x80, 0xAB, 0x01, 0x58, 0x80, 0xAB, 0x01, 0x58, 0x80, 0xAB, 0x01,
    0x58, 0x80, 0xAC, 0x01, 0x58, 0x81, 0xAC, 0x01, 0x58, 0x81, 0xAD, 0x01, 0x58, 0x81, 0xAD, 0x01,
    0x57, 0x81, 0xAE, 0x01, 0x00, 0x00, 0x00, 0x00, 0x00, 0x00, 0x00, 0x00, 0x00, 0x00, 0x00, 0x00,
    0x00, 0x00, 0x00, 0x00, 0x00, 0x00, 0x00, 0x00, 0x00, 0x00, 0x00, 0x00, 0x00, 0x00, 0x00, 0x00,
    0x00, 0x00, 0x00, 0x00, 0x00, 0x00, 0x00, 0x00, 0x00, 0x00, 0x00, 0x00, 0x00, 0x00, 0x00, 0x00,
    0x00, 0x00, 0x00, 0x00, 0x00, 0x00, 0x00, 0x00, 0x00, 0x00, 0x00, 0x00, 0x00, 0x00, 0x00, 0x00,
    0x00, 0x00, 0x00, 0x00, 0x00, 0x00, 0x00, 0x00, 0x00, 0x00, 0x00, 0x00, 0x00, 0x00, 0x00, 0x00,
    0x00, 0x00, 0x00, 0x00, 0x00, 0x00, 0x00, 0x00, 0x00, 0x00, 0x00, 0x00, 0x00, 0x00, 0x00, 0x00,
    0x00, 0x00, 0x00, 0x00, 0x00, 0x00, 0x00, 0x00, 0x00, 0x00, 0x00, 0x00, 0x00, 0x00, 0x00, 0x00,
    0x00, 0x00, 0x00, 0x00, 0x00, 0x00, 0x00, 0x00, 0x00, 0x00, 0x00, 0x00, 0x00, 0x00, 0x00, 0x00,
    0x00, 0x00, 0x00, 0x00, 0x00, 0x00, 0x00, 0x00, 0x00, 0x00, 0x00, 0x00, 0x00, 0x00, 0x00, 0x00,
    0x00, 0x00, 0x00, 0x00, 0x00, 0x00, 0x00, 0x00, 0x00, 0x00, 0x00, 0x00, 0x00, 0x00, 0x00, 0x00,
    0x00, 0x00, 0x00, 0x00, 0x00, 0x00, 0x00, 0x00, 0x00, 0x00, 0x00, 0x00, 0x00, 0x00, 0x00, 0x00,
    0x00, 0x00, 0x00, 0x00, 0x00, 0x00, 0x00, 0x00, 0x00, 0x00, 0x00, 0x00, 0x00, 0x00, 0x00, 0x00,
    0x00, 0x00, 0x00, 0x00, 0x00, 0x00, 0x00, 0x00, 0x00, 0x00, 0x00, 0x00, 0x00, 0x00, 0x00, 0x00,
    0x00, 0x00, 0x00, 0x00, 0x00, 0x00, 0x00, 0x00, 0x00, 0x00, 0x00, 0x00, 0x00, 0x00, 0x00, 0x00,
    0x00, 0x00, 0x00, 0x00, 0x00, 0x00, 0x00, 0x00, 0x00, 0x00, 0x00, 0x00, 0x00, 0x00, 0x00, 0x00,
    0x00, 0x00, 0x00, 0x00, 0x00, 0x00, 0x00, 0x00, 0x00, 0x00, 0x00, 0x00, 0x00, 0x00, 0x00, 0x00,
    0x00, 0x00, 0x00, 0x00, 0x00, 0x00, 0x00, 0x00, 0x00, 0x00, 0x00, 0x00, 0x00, 0x00, 0x00, 0x00,
    0x00, 0x00, 0x00, 0x00, 0x00, 0x00, 0x00, 0x00, 0x00, 0x00, 0x00, 0x00, 0x00, 0x00, 0x00, 0x00,
    0x00, 0x00, 0x00, 0x00, 0x00, 0x00, 0x00, 0x00, 0x00, 0x00, 0x00, 0x00, 0x00, 0x00, 0x00, 0x00,
    0x00, 0x00, 0x00, 0x00, 0x00, 0x00, 0x00, 0x00, 0x00, 0x00, 0x00, 0x00, 0x00, 0x00, 0x00, 0x00,
    0x00, 0x00, 0x00, 0x00, 0x00, 0x00, 0x00, 0x00, 0x00, 0x00, 0x00, 0x00, 0x00, 0x00, 0x00, 0x00,
    0x00, 0x00, 0x00, 0x00, 0x00, 0x00, 0x00, 0x00, 0x00, 0x00, 0x00, 0x00, 0x00, 0x00, 0x00, 0x00,
    0x00, 0x00, 0x00, 0x00, 0x00, 0x00, 0x00, 0x00, 0x00, 0x00, 0x00, 0x00, 0x00, 0x00, 0x00, 0x00,
    0x00, 0x00, 0x00, 0x00, 0x00, 0x00, 0x00, 0x00, 0x00, 0x00, 0x00, 0x00, 0x00, 0x00, 0x00, 0x00,
    0x00, 0x00, 0x00, 0x00, 0x00, 0x00, 0x00, 0x00, 0x00, 0x00, 0x00, 0x00, 0x00, 0x00, 0x00, 0x00,
    0x00, 0x00, 0x00, 0x00, 0x00, 0x00, 0x00, 0x00, 0x00, 0x00, 0x00, 0x00, 0x00, 0x00, 0x00, 0x00,
    0x00, 0x00, 0x00, 0x00, 0x00, 0x00, 0x00, 0x00, 0x00, 0x00, 0x00, 0x00, 0x00, 0x00, 0x00, 0x00,
    0x00, 0x00, 0x00, 0x00, 0x00, 0x00, 0x00, 0x00, 0x00, 0x00, 0x00, 0x00, 0x00, 0x00, 0x00, 0x00,
    0x00, 0x00, 0x00, 0x00, 0x00, 0x00, 0x00, 0x00, 0x00, 0x00, 0x00, 0x00, 0x00, 0x00, 0x00, 0x00,
    0x00, 0x00, 0x00, 0x00, 0x00, 0x00, 0x00, 0x00, 0x00, 0x00, 0x00, 0x00, 0x00, 0x00, 0x00, 0x00,
    0x00, 0x00, 0x00, 0x00, 0x00, 0x00, 0x00, 0x00, 0x00, 0x00, 0x00, 0x00, 0x00, 0x00, 0x00, 0x00,
    0x00, 0x00, 0x00, 0x00, 0x00, 0x00, 0x00, 0x00, 0x00, 0x00, 0x00, 0x00, 0x00, 0x00, 0x00, 0x00,
    0x00, 0x00, 0x00, 0x00, 0x00, 0x00, 0x00, 0x00, 0x00, 0x00, 0x00, 0x00, 0x00, 0x00, 0x00, 0x00,
    0x00, 0x00, 0x00, 0x00, 0x00, 0x00, 0x00, 0x00, 0x00, 0x00, 0x00, 0x00, 0x00, 0x00, 0x00, 0x00,
    0x00, 0x00, 0x00, 0x00, 0x00, 0x00, 0x00, 0x00, 0x00, 0x00, 0x00, 0x00, 0x00, 0x00, 0x00, 0x00,
    0x00, 0x00, 0x00, 0x00, 0x00, 0x00, 0x00, 0x00, 0x00, 0x00, 0x00, 0x00, 0x00, 0x00, 0x00, 0x00,
    0x00, 0x00, 0x00, 0x00, 0x00, 0x00, 0x00, 0x00, 0x00, 0x00, 0x00, 0x00, 0x00, 0x00, 0x00, 0x00,
    0x00, 0x00, 0x00, 0x00, 0x00, 0x00, 0x00, 0x00, 0x00, 0x00, 0x00, 0x00, 0x00, 0x00, 0x00, 0x00,
    0x00, 0x00, 0x00, 0x00, 0x00, 0x00, 0x00, 0x00, 0x00, 0x00, 0x00, 0x00, 0x00, 0x00, 0x00, 0x00,
    0x00, 0x00, 0x00, 0x00, 0x00, 0x00, 0x00, 0x00, 0x00, 0x00, 0x00, 0x00, 0x00, 0x00, 0x00, 0x00,
    0x00, 0x00, 0x00, 0x00, 0x00, 0x00, 0x00, 0x00, 0x00, 0x00, 0x00, 0x00, 0x00, 0x00, 0x00, 0x00,
    0x00, 0x00, 0x00, 0x00, 0x00, 0x00, 0x00, 0x00, 0x00, 0x00, 0x00, 0x00, 0x00, 0x00, 0x00, 0x00,
    0x00, 0x00, 0x00, 0x00, 0x00, 0x00, 0x00, 0x00, 0x00, 0x00, 0x00, 0x00, 0x00, 0x00, 0x00, 0x00,
    0x00, 0x00, 0x00, 0x00, 0x00, 0x00, 0x00, 0x00, 0x00, 0x00, 0x00, 0x00, 0x00, 0x00, 0x00, 0x00,
    0x00, 0x00, 0x00, 0x00, 0x00, 0x00, 0x00, 0x00, 0x00, 0x00, 0x00, 0x00, 0x00, 0x00, 0x00, 0x00,
    0x00, 0x00, 0x00, 0x00, 0x00, 0x00, 0x00, 0x00, 0x00, 0x00, 0x00, 0x00, 0x00, 0x00, 0x00, 0x00,
    0x00, 0x00, 0x00, 0x00, 0x00, 0x00, 0x00, 0x00, 0x00, 0x00, 0x00, 0x00, 0x00, 0x00, 0x00, 0x00,
    0x00, 0x00, 0x00, 0x00, 0x00, 0x00, 0x00, 0x00, 0x00, 0x00, 0x00, 0x00, 0x00, 0x00, 0x00, 0x00,
    0x00, 0x00, 0x00, 0x00, 0x00, 0x00, 0x00, 0x00, 0x00, 0x00, 0x00, 0x00, 0x00, 0x00, 0x00, 0x00,
    0x00, 0x00, 0x00, 0x00, 0x00, 0x00, 0x00, 0x00, 0x00, 0x00, 0x00, 0x00, 0x00, 0x00, 0x00, 0x00,
    0x00, 0x00, 0x00, 0x00, 0x00, 0x00, 0x00, 0x00, 0x00, 0x00, 0x00, 0x00, 0x00, 0x00, 0x00, 0x00,
    0x00, 0x00, 0x00, 0x00, 0x00, 0x00, 0x00, 0x00, 0x00, 0x00, 0x00, 0x00, 0x00, 0x00, 0x00, 0x00,
    0x00, 0x00, 0x00, 0x00, 0x00, 0x00, 0x00, 0x00, 0x00, 0x00, 0x00, 0x00, 0x00, 0x00, 0x00, 0x00,
    0x00, 0x00, 0x00, 0x00, 0x00, 0x00, 0x00, 0x00, 0x00, 0x00, 0x00, 0x00, 0x00, 0x00, 0x00, 0x00,
    0x00, 0x00, 0x00, 0x00, 0x00, 0x00, 0x00, 0x00, 0x00, 0x00, 0x00, 0x00, 0x00, 0x00, 0x00, 0x00,
    0x00, 0x00, 0x00, 0x00, 0x00, 0x00, 0x00, 0x00, 0x00, 0x00, 0x00, 0x00, 0x00, 0x00, 0x00, 0x00,
    0x00, 0x00, 0x00, 0x00, 0x00, 0x00, 0x00, 0x00, 0x00, 0x00, 0x00, 0x00, 0x00, 0x00, 0x00, 0x00,
    0x00, 0x00, 0x00, 0x00, 0x00, 0x00, 0x00, 0x00, 0x00, 0x00, 0x00, 0x00, 0x00, 0x00, 0x00, 0x00,
    0x00, 0x00, 0x00, 0x00, 0x00, 0x00, 0x00, 0x00, 0x00, 0x00, 0x00, 0x00, 0x00, 0x00, 0x00, 0x00,
    0x00, 0x00, 0x00, 0x00, 0x00, 0x00, 0x00, 0x00, 0x00, 0x00, 0x00, 0x00, 0x00, 0x00, 0x00, 0x00,
    0x00, 0x00, 0x00, 0x00, 0x00, 0x00, 0x00, 0x00, 0x00, 0x00, 0x00, 0x00, 0x00, 0x00, 0x00, 0x00,
    0x00, 0x00, 0x00, 0x00, 0x00, 0x00, 0x00, 0x00, 0x00, 0x00, 0x00, 0x00, 0x00, 0x00, 0x00, 0x00,
    0x00, 0x00, 0x00, 0x00, 0x00, 0x00, 0x00, 0x00, 0x00, 0x00, 0x00, 0x00, 0x00, 0x00, 0x00, 0x00,
    0x00, 0x00, 0x00, 0x00, 0x00, 0x00, 0x00, 0x00, 0x00, 0x00, 0x00, 0x00, 0x00, 0x00, 0x00, 0x00,
    0x00, 0x00, 0x00, 0x00, 0x00, 0x00, 0x00, 0x00, 0x00, 0x00, 0x00, 0x00, 0x00, 0x00, 0x00, 0x00,
    0x00, 0x00, 0x00, 0x00, 0x00, 0x00, 0x00, 0x00, 0x00, 0x00, 0x00, 0x00, 0x00, 0x00, 0x00, 0x00,
    0x00, 0x00, 0x00, 0x00, 0x00, 0x00, 0x00, 0x00, 0x00, 0x00, 0x00, 0x00, 0x00, 0x00, 0x00, 0x00,
    0x00, 0x00, 0x00, 0x00, 0x00, 0x00, 0x00, 0x00, 0x00, 0x00, 0x00, 0x00, 0x00, 0x00, 0x00, 0x00,
    0x00, 0x00, 0x00, 0x00, 0x00, 0x00, 0x00, 0x00, 0x00, 0x00, 0x00, 0x00, 0x00, 0x00, 0x00, 0x00,
    0x00, 0x00, 0x00, 0x00, 0x00, 0x00, 0x00, 0x00, 0x00, 0x00, 0x00, 0x00, 0x00, 0x00, 0x00, 0x00,
    0x00, 0x00, 0x00, 0x00, 0x00, 0x00, 0x00, 0x00, 0x00, 0x00, 0x00, 0x00, 0x00, 0x00, 0x00, 0x00,
    0x00, 0x00, 0x00, 0x00, 0x00, 0x00, 0x00, 0x00, 0x00, 0x00, 0x00, 0x00, 0x00, 0x00, 0x00, 0x00,
    0x00, 0x00, 0x00, 0x00, 0x00, 0x00, 0x00, 0x00, 0x00, 0x00, 0x00, 0x00, 0x00, 0x00, 0x00, 0x00,
    0x00, 0x00, 0x00, 0x00, 0x00, 0x00, 0x00, 0x00, 0x00, 0x00, 0x00, 0x00, 0x00, 0x00, 0x00, 0x00,
    0x00, 0x00, 0x00, 0x00, 0x00, 0x00, 0x00, 0x00, 0x00, 0x00, 0x00, 0x00, 0x00, 0x00, 0x00, 0x00,
    0x00, 0x00, 0x00, 0x00, 0x00, 0x00, 0x00, 0x00, 0x00, 0x00, 0x00, 0x00, 0x00, 0x00, 0x00, 0x00,
    0x00, 0x00, 0x00, 0x00, 0x00, 0x00, 0x00, 0x00, 0x00, 0x00, 0x00, 0x00, 0x00, 0x00, 0x00, 0x00,
    0x00, 0x00, 0x00, 0x00, 0x00, 0x00, 0x00, 0x00, 0x00, 0x00, 0x00, 0x00, 0x00, 0x00, 0x00, 0x00,
    0x00, 0x00, 0x00, 0x00, 0x00, 0x00, 0x00, 0x00, 0x00, 0x00, 0x00, 0x00, 0x00, 0x00, 0x00, 0x00,
    0x00, 0x00, 0x00, 0x00, 0x00, 0x00, 0x00, 0x00, 0x00, 0x00, 0x00, 0x00, 0x00, 0x00, 0x00, 0x00,
    0x00, 0x00, 0x00, 0x00, 0x00, 0x00, 0x00, 0x00, 0x00, 0x00, 0x00, 0x00, 0x00, 0x00, 0x00, 0x00,
    0x00, 0x00, 0x00, 0x00, 0x00, 0x00, 0x00, 0x00, 0x00, 0x00, 0x00, 0x00, 0x00, 0x00, 0x00, 0x00,
    0x00, 0x00, 0x00, 0x00, 0x00, 0x00, 0x00, 0x00, 0x00, 0x00, 0x00, 0x00, 0x00, 0x00, 0x00, 0x00,
    0x00, 0x00, 0x00, 0x00, 0x00, 0x00, 0x00, 0x00, 0x00, 0x00, 0x00, 0x00, 0x00, 0x00, 0x00, 0x00,
    0x00, 0x00, 0x00, 0x00, 0x00, 0x00, 0x00, 0x00, 0x00, 0x00, 0x00, 0x00, 0x00, 0x00, 0x00, 0x00,
    0x00, 0x00, 0x00, 0x00, 0x00, 0x00, 0x00, 0x00, 0x00, 0x00, 0x00, 0x00, 0x00, 0x00, 0x00, 0x00,
    0x00, 0x00, 0x00, 0x00, 0x00, 0x00, 0x00, 0x00, 0x00, 0x00, 0x00, 0x00, 0x00, 0x00, 0x00, 0x00,
    0x00, 0x00, 0x00, 0x00, 0x00, 0x00, 0x00, 0x00, 0x00, 0x00, 0x00, 0x00, 0x00, 0x00, 0x00, 0x00,
    0x00, 0x00, 0x00, 0x00, 0x00, 0x00, 0x00, 0x00, 0x00, 0x00, 0x00, 0x00, 0x00, 0x00, 0x00, 0x00,
    0x00, 0x00, 0x00, 0x00, 0x00, 0x00, 0x00, 0x00, 0x00, 0x00, 0x00, 0x00, 0x00, 0x00, 0x00, 0x00,
    0x00, 0x00, 0x00, 0x00, 0x00, 0x00, 0x00, 0x00, 0x00, 0x00, 0x00, 0x00, 0x00, 0x00, 0x00, 0x00,
    0x00, 0x00, 0x00, 0x00, 0x00, 0x00, 0x00, 0x00, 0x00, 0x00, 0x00, 0x00, 0x00, 0x00, 0x00, 0x00,
    0x00, 0x00, 0x00, 0x00, 0x00, 0x00, 0x00, 0x00, 0x00, 0x00, 0x00, 0x00, 0x00, 0x00, 0x00, 0x00,
    0x00, 0x00, 0x00, 0x00, 0x00, 0x00, 0x00, 0x00, 0x00, 0x00, 0x00, 0x00, 0x00, 0x00, 0x00, 0x00,
    0x00, 0x00, 0x00, 0x00, 0x00, 0x00, 0x00, 0x00, 0x00, 0x00, 0x00, 0x00, 0x00, 0x00, 0x00, 0x00,
    0x00, 0x00, 0x00, 0x00, 0x00, 0x00, 0x00, 0x00, 0x00, 0x00, 0x00, 0x00, 0x00, 0x00, 0x00, 0x00,
    0x00, 0x00, 0x00, 0x00, 0x00, 0x00, 0x00, 0x00, 0x00, 0x00, 0x00, 0x00, 0x00, 0x00, 0x00, 0x00,
    0x00, 0x00, 0x00, 0x00, 0x00, 0x00, 0x00, 0x00, 0x00, 0x00, 0x00, 0x00, 0x00, 0x00, 0x00, 0x00,
    0x00, 0x00, 0x00, 0x00, 0x00, 0x00, 0x00, 0x00, 0x00, 0x00, 0x00, 0x00, 0x00, 0x00, 0x00, 0x00,
    0x00, 0x00, 0x00, 0x00, 0x00, 0x00, 0x00, 0x00, 0x00, 0x00, 0x00, 0x00, 0x00, 0x00, 0x00, 0x00,
    0x00, 0x00, 0x00, 0x00, 0x00, 0x00, 0x00, 0x00, 0x00, 0x00, 0x00, 0x00, 0x00, 0x00, 0x00, 0x00,
    0x00, 0x00, 0x00, 0x00, 0x00, 0x00, 0x00, 0x00, 0x00, 0x00, 0x00, 0x00, 0x00, 0x00, 0x00, 0x00,
    0x00, 0x00, 0x00, 0x00, 0x00, 0x00, 0x00, 0x00, 0x00, 0x00, 0x00, 0x00, 0x00, 0x00, 0x00, 0x00,
    0x00, 0x00, 0x00, 0x00, 0x00, 0x00, 0x00, 0x00, 0x00, 0x00, 0x00, 0x00, 0x00, 0x00, 0x00, 0x00,
    0x00, 0x00, 0x00, 0x00, 0x00, 0x00, 0x00, 0x00, 0x00, 0x00, 0x00, 0x00, 0x00, 0x00, 0x00, 0x00,
    0x00, 0x00, 0x00, 0x00, 0x00, 0x00, 0x00, 0x00, 0x00, 0x00, 0x00, 0x00, 0x00, 0x00, 0x00, 0x00,
    0x00, 0x00, 0x00, 0x00, 0x00, 0x00, 0x00, 0x00, 0x00, 0x00, 0x00, 0x00, 0x00, 0x00, 0x00, 0x00,
    0x00, 0x00, 0x00, 0x00, 0x00, 0x00, 0x00, 0x00, 0x00, 0x00, 0x00, 0x00, 0x00, 0x00, 0x00, 0x00,
    0x00, 0x00, 0x00, 0x00, 0x00, 0x00, 0x00, 0x00, 0x00, 0x00, 0x00, 0x00, 0x00, 0x00, 0x00, 0x00,
    0x00, 0x00, 0x00, 0x00, 0x00, 0x00, 0x00, 0x00, 0x00, 0x00, 0x00, 0x00, 0x00, 0x00, 0x00, 0x00,
    0x00, 0x00, 0x00, 0x00, 0x00, 0x00, 0x00, 0x00, 0x00, 0x00, 0x00, 0x00, 0x00, 0x00, 0x00, 0x00,
    0x00, 0x00, 0x00, 0x00, 0x00, 0x00, 0x00, 0x00, 0x00, 0x00, 0x00, 0x00, 0x00, 0x00, 0x00, 0x00,
    0x00, 0x00, 0x00, 0x00, 0x00, 0x00, 0x00, 0x00, 0x00, 0x00, 0x00, 0x00, 0x00, 0x00, 0x00, 0x00,
    0x00, 0x00, 0x00, 0x00, 0x00, 0x00, 0x00, 0x00, 0x00, 0x00, 0x00, 0x00, 0x00, 0x00, 0x00, 0x00,
    0x00, 0x00, 0x00, 0x00, 0x00, 0x00, 0x00, 0x00, 0x00, 0x00, 0x00, 0x00, 0x00, 0x00, 0x00, 0x00,
    0x00, 0x00, 0x00, 0x00, 0x00, 0x00, 0x00, 0x00, 0x00, 0x00, 0x00, 0x00, 0x00, 0x00, 0x00, 0x00,
    0x00, 0x00, 0x00, 0x00, 0x00, 0x00, 0x00, 0x00, 0x00, 0x00, 0x00, 0x00, 0x00, 0x00, 0x00, 0x00,
    0x00, 0x00, 0x00, 0x00, 0x00, 0x00, 0x00, 0x00, 0x00, 0x00, 0x00, 0x00, 0x00, 0x00, 0x00, 0x00,
    0x00, 0x00, 0x00, 0x00, 0x00, 0x00, 0x00, 0x00, 0x00, 0x00, 0x00, 0x00, 0x00, 0x00, 0x00, 0x00,
    0x00, 0x00, 0x00, 0x00, 0x00, 0x00, 0x00, 0x00, 0x00, 0x00, 0x00, 0x00, 0x00, 0x00, 0x00, 0x00,
    0x00, 0x00, 0x00, 0x00, 0x00, 0x00, 0x00, 0x00, 0x00, 0x00, 0x00, 0x00, 0x00, 0x00, 0x00, 0x00,
    0x00, 0x00, 0x00, 0x00, 0x00, 0x00, 0x00, 0x00, 0x00, 0x00, 0x00, 0x00, 0x00, 0x00, 0x00, 0x00,
    0x00, 0x00, 0x00, 0x00, 0x00, 0x00, 0x00, 0x00, 0x00, 0x00, 0x00, 0x00, 0x00, 0x00, 0x00, 0x00,
    0x00, 0x00, 0x00, 0x00, 0x00, 0x00, 0x00, 0x00, 0x00, 0x00, 0x00, 0x00, 0x00, 0x00, 0x00, 0x00,
    0x00, 0x00, 0x00, 0x00, 0x00, 0x00, 0x00, 0x00, 0x00, 0x00, 0x00, 0x00, 0x00, 0x00, 0x00, 0x00,
    0x00, 0x00, 0x00, 0x00, 0x00, 0x00, 0x00, 0x00, 0x00, 0x00, 0x00, 0x00, 0x00, 0x00, 0x00, 0x00,
    0x00, 0x00, 0x00, 0x00, 0x00, 0x00, 0x00, 0x00, 0x00, 0x00, 0x00, 0x00, 0x00, 0x00, 0x00, 0x00,
    0x00, 0x00, 0x00, 0x00, 0x00, 0x00, 0x00, 0x00, 0x00, 0x00, 0x00, 0x00, 0x00, 0x00, 0x00, 0x00,
    0x00, 0x00, 0x00, 0x00, 0x00, 0x00, 0x00, 0x00, 0x00, 0x00, 0x00, 0x00, 0x00, 0x00, 0x00, 0x00,
    0x00, 0x00, 0x00, 0x00, 0x00, 0x00, 0x00, 0x00, 0x00, 0x00, 0x00, 0x00, 0x00, 0x00, 0x00, 0x00,
    0x00, 0x00, 0x00, 0x00, 0x00, 0x00, 0x00, 0x00, 0x00, 0x00, 0x00, 0x00, 0x00, 0x00, 0x00, 0x00,
    0x00, 0x00, 0x00, 0x00, 0x00, 0x00, 0x00, 0x00, 0x00, 0x00, 0x00, 0x00, 0x00, 0x00, 0x00, 0x00,
    0x00, 0x00, 0x00, 0x00, 0x00, 0x00, 0x00, 0x00, 0x00, 0x00, 0x00, 0x00, 0x00, 0x00, 0x00, 0x00,
    0x00, 0x00, 0x00, 0x00, 0x00, 0x00, 0x00, 0x00, 0x00, 0x00, 0x00, 0x00, 0x00, 0x00, 0x00, 0x00,
    0x00, 0x00, 0x00, 0x00, 0x00, 0x00, 0x00, 0x00, 0x00, 0x00, 0x00, 0x00, 0x00, 0x00, 0x00, 0x00,
    0x00, 0x00, 0x00, 0x00, 0x00, 0x00, 0x00, 0x00, 0x00, 0x00, 0x00, 0x00, 0x00, 0x00, 0x00, 0x00,
    0x00, 0x00, 0x00, 0x00, 0x00, 0x00, 0x00, 0x00, 0x00, 0x00, 0x00, 0x00, 0x00, 0x00, 0x00, 0x00,
    0x00, 0x00, 0x00, 0x00, 0x00, 0x00, 0x00, 0x00, 0x00, 0x00, 0x00, 0x00, 0x00, 0x00, 0x00, 0x00,
    0x00, 0x00, 0x00, 0x00, 0x00, 0x00, 0x00, 0x00, 0x00, 0x00, 0x00, 0x00, 0x00, 0x00, 0x00, 0x00,
    0x00, 0x00, 0x00, 0x00, 0x00, 0x00, 0x00, 0x00, 0x00, 0x00, 0x00, 0x00, 0x00, 0x00, 0x00, 0x00,
    0x00, 0x00, 0x00, 0x00, 0x00, 0x00, 0x00, 0x00, 0x00, 0x00, 0x00, 0x00, 0x00, 0x00, 0x00, 0x00,
    0x00, 0x00, 0x00, 0x00, 0x00, 0x00, 0x00, 0x00, 0x00, 0x00, 0x00, 0x00, 0x00, 0x00, 0x00, 0x00,
    0x00, 0x00, 0x00, 0x00, 0x00, 0x00, 0x00, 0x00, 0x00, 0x00, 0x00, 0x00, 0x00, 0x00, 0x00, 0x00,
    0x00, 0x00, 0x00, 0x00, 0x00, 0x00, 0x00, 0x00, 0x00, 0x00, 0x00, 0x00, 0x00, 0x00, 0x00, 0x00,
    0x00, 0x00, 0x00, 0x00, 0x00, 0x00, 0x00, 0x00, 0x00, 0x00, 0x00, 0x00, 0x00, 0x00, 0x00, 0x00,
    0x00, 0x00, 0x00, 0x00, 0x00, 0x00, 0x00, 0x00, 0x00, 0x00, 0x00, 0x00, 0x00, 0x00, 0x00, 0x00,
    0x00, 0x00, 0x00, 0x00, 0x00, 0x00, 0x00, 0x00, 0x00, 0x00, 0x00, 0x00, 0x00, 0x00, 0x00, 0x00,
    0x00, 0x00, 0x00, 0x00, 0x00, 0x00, 0x00, 0x00, 0x00, 0x00, 0x00, 0x00, 0x00, 0x00, 0x00, 0x00,
    0x00, 0x00, 0x00, 0x00, 0x00, 0x00, 0x00, 0x00, 0x00, 0x00, 0x00, 0x00, 0x00, 0x00, 0x00, 0x00,
    0x00, 0x00, 0x00, 0x00, 0x00, 0x00, 0x00, 0x00, 0x00, 0x00, 0x00, 0x00, 0x00, 0x00, 0x00, 0x00,
    0x00, 0x00, 0x00, 0x00, 0x00, 0x00, 0x00, 0x00, 0x00, 0x00, 0x00, 0x00, 0x00, 0x00, 0x00, 0x00,
    0x00, 0x00, 0x00, 0x00, 0x00, 0x00, 0x00, 0x00, 0x00, 0x00, 0x00, 0x00, 0x00, 0x00, 0x00, 0x00,
    0x00, 0x00, 0x00, 0x00, 0x00, 0x00, 0x00, 0x00, 0x00, 0x00, 0x00, 0x00, 0x00, 0x00, 0x00, 0x00,
    0x00, 0x00, 0x00, 0x00, 0x00, 0x00, 0x00, 0x00, 0x00, 0x00, 0x00, 0x00, 0x00, 0x00, 0x00, 0x00,
    0x00, 0x00, 0x00, 0x00, 0x00, 0x00, 0x00, 0x00, 0x00, 0x00, 0x00, 0x00, 0x00, 0x00, 0x00, 0x00,
    0x00, 0x00, 0x00, 0x00, 0x00, 0x00, 0x00, 0x00, 0x00, 0x00, 0x00, 0x00, 0x00, 0x00, 0x00, 0x00,
    0x00, 0x00, 0x00, 0x00, 0x00, 0x00, 0x00, 0x00, 0x00, 0x00, 0x00, 0x00, 0x00, 0x00, 0x00, 0x00,
    0x00, 0x00, 0x00, 0x00, 0x00, 0x00, 0x00, 0x00, 0x00, 0x00, 0x00, 0x00, 0x00, 0x00, 0x00, 0x00,
    0x00, 0x00, 0x00, 0x00, 0x00, 0x00, 0x00, 0x00, 0x00, 0x00, 0x00, 0x00, 0x00, 0x00, 0x00, 0x00,
    0x00, 0x00, 0x00, 0x00, 0x00, 0x00, 0x00, 0x00, 0x00, 0x00, 0x00, 0x00, 0x00, 0x00, 0x00, 0x00,
    0x00, 0x00, 0x00, 0x00, 0x00, 0x00, 0x00, 0x00, 0x00, 0x00, 0x00, 0x00, 0x00, 0x00, 0x00, 0x00,
    0x00, 0x00, 0x00, 0x00, 0x00, 0x00, 0x00, 0x00, 0x00, 0x00, 0x00, 0x00, 0x00, 0x00, 0x00, 0x00,
    0x00, 0x00, 0x00, 0x00, 0x00, 0x00, 0x00, 0x00, 0x00, 0x00, 0x00, 0x00, 0x00, 0x00, 0x00, 0x00,
    0x00, 0x00, 0x00, 0x00, 0x00, 0x00, 0x00, 0x00, 0x00, 0x00, 0x00, 0x00, 0x00, 0x00, 0x00, 0x00,
    0x00, 0x00, 0x00, 0x00, 0x00, 0x00, 0x00, 0x00, 0x00, 0x00, 0x00, 0x00, 0x00, 0x00, 0x00, 0x00,
    0x00, 0x00, 0x00, 0x00, 0x00, 0x00, 0x00, 0x00, 0x00, 0x00, 0x00, 0x00, 0x00, 0x00, 0x00, 0x00,
    0x00, 0x00, 0x00, 0x00, 0x00, 0x00, 0x00, 0x00, 0x00, 0x00, 0x00, 0x00, 0x00, 0x00, 0x00, 0x00,
    0x00, 0x00, 0x00, 0x00, 0x00, 0x00, 0x00, 0x00, 0x00, 0x00, 0x00, 0x00, 0x00, 0x00, 0x00, 0x00,
    0x00, 0x00, 0x00, 0x00, 0x00, 0x00, 0x00, 0x00, 0x00, 0x00, 0x00, 0x00, 0x00, 0x00, 0x00, 0x00,
    0x00, 0x00, 0x00, 0x00, 0x00, 0x00, 0x00, 0x00, 0x00, 0x00, 0x00, 0x00, 0x00, 0x00, 0x00, 0x00,
    0x00, 0x00, 0x00, 0x00, 0x00, 0x00, 0x00, 0x00, 0x00, 0x00, 0x00, 0x00, 0x00, 0x00, 0x00, 0x00,
    0x00, 0x00, 0x00, 0x00, 0x00, 0x00, 0x00, 0x00, 0x00, 0x00, 0x00, 0x00, 0x00, 0x00, 0x00, 0x00,
    0x00, 0x00, 0x00, 0x00, 0x00, 0x00, 0x00, 0x00, 0x00, 0x00, 0x00, 0x00, 0x00, 0x00, 0x00, 0x00,
    0x00, 0x00, 0x00, 0x00, 0x00, 0x00, 0x00, 0x00, 0x00, 0x00, 0x00, 0x00, 0x00, 0x00, 0x00, 0x00,
    0x00, 0x00, 0x00, 0x00, 0x00, 0x00, 0x00, 0x00, 0x00, 0x00, 0x00, 0x00, 0x00, 0x00, 0x00, 0x00,
    0x00, 0x00, 0x00, 0x00, 0x00, 0x00, 0x00, 0x00, 0x00, 0x00, 0x00, 0x00, 0x00, 0x00, 0x00, 0x00,
    0x00, 0x00, 0x00, 0x00, 0x00, 0x00, 0x00, 0x00, 0x00, 0x00, 0x00, 0x00, 0x00, 0x00, 0x00, 0x00,
    0x00, 0x00, 0x00, 0x00, 0x00, 0x00, 0x00, 0x00, 0x00, 0x00, 0x00, 0x00, 0x00, 0x00, 0x00, 0x00,
    0x00, 0x00, 0x00, 0x00, 0x00, 0x00, 0x00, 0x00, 0x00, 0x00, 0x00, 0x00, 0x00, 0x00, 0x00, 0x00,
    0x00, 0x00, 0x00, 0x00, 0x00, 0x00, 0x00, 0x00, 0x00, 0x00, 0x00, 0x00, 0x00, 0x00, 0x00, 0x00,
    0x00, 0x00, 0x00, 0x00, 0x00, 0x00, 0x00, 0x00, 0x00, 0x00, 0x00, 0x00, 0x00, 0x00, 0x00, 0x00,
    0x00, 0x00, 0x00, 0x00, 0x00, 0x00, 0x00, 0x00, 0x00, 0x00, 0x00, 0x00, 0x00, 0x00, 0x00, 0x00,
    0x00, 0x00, 0x00, 0x00, 0x00, 0x00, 0x00, 0x00, 0x00, 0x00, 0x00, 0x00, 0x00, 0x00, 0x00, 0x00,
    0x00, 0x00, 0x00, 0x00, 0x00, 0x00, 0x00, 0x00, 0x00, 0x00, 0x00, 0x00, 0x00, 0x00, 0x00, 0x00,
    0x00, 0x00, 0x00, 0x00, 0x00, 0x00, 0x00, 0x00, 0x00, 0x00, 0x00, 0x00, 0x00, 0x00, 0x00, 0x00,
    0x00, 0x00, 0x00, 0x00, 0x00, 0x00, 0x00, 0x00, 0x00, 0x00, 0x00, 0x00, 0x00, 0x00, 0x00, 0x00,
    0x00, 0x00, 0x00, 0x00, 0x00, 0x00, 0x00, 0x00, 0x00, 0x00, 0x00, 0x00, 0x00, 0x00, 0x00, 0x00,
    0x00, 0x00, 0x00, 0x00, 0x00, 0x00, 0x00, 0x00, 0x00, 0x00, 0x00, 0x00, 0x00, 0x00, 0x00, 0x00,
    0x00, 0x00, 0x00, 0x00, 0x00, 0x00, 0x00, 0x00, 0x00, 0x00, 0x00, 0x00, 0x00, 0x00, 0x00, 0x00,
    0x00, 0x00, 0x00, 0x00, 0x00, 0x00, 0x00, 0x00, 0x00, 0x00, 0x00, 0x00, 0x00, 0x00, 0x00, 0x00,
    0x00, 0x00, 0x00, 0x00, 0x00, 0x00, 0x00, 0x00, 0x00, 0x00, 0x00, 0x00, 0x00, 0x00, 0x00, 0x00,
    0x00, 0x00, 0x00, 0x00, 0x00, 0x00, 0x00, 0x00, 0x00, 0x00, 0x00, 0x00, 0x00, 0x00, 0x00, 0x00,
    0x00, 0x00, 0x00, 0x00, 0x00, 0x00, 0x00, 0x00, 0x00, 0x00, 0x00, 0x00, 0x00, 0x00, 0x00, 0x00,
    0x00, 0x00, 0x00, 0x00, 0x00, 0x00, 0x00, 0x00, 0x00, 0x00, 0x00, 0x00, 0x00, 0x00, 0x00, 0x00,
    0x00, 0x00, 0x00, 0x00, 0x00, 0x00, 0x00, 0x00, 0x00, 0x00, 0x00, 0x00, 0x00, 0x00, 0x00, 0x00,
    0x00, 0x00, 0x00, 0x00, 0x00, 0x00, 0x00, 0x00, 0x00, 0x00, 0x00, 0x00, 0x00, 0x00, 0x00, 0x00,
    0x00, 0x00, 0x00, 0x00, 0x00, 0x00, 0x00, 0x00, 0x00, 0x00, 0x00, 0x00, 0x00, 0x00, 0x00, 0x00,
    0x00, 0x00, 0x00, 0x00, 0x00, 0x00, 0x00, 0x00, 0x00, 0x00, 0x00, 0x00, 0x00, 0x00, 0x00, 0x00,
    0x00, 0x00, 0x00, 0x00, 0x00, 0x00, 0x00, 0x00, 0x00, 0x00, 0x00, 0x00, 0x00, 0x00, 0x00, 0x00,
    0x00, 0x00, 0x00, 0x00, 0x00, 0x00, 0x00, 0x00, 0x00, 0x00, 0x00, 0x00, 0x00, 0x00, 0x00, 0x00,
    0x00, 0x00, 0x00, 0x00, 0x00, 0x00, 0x00, 0x00, 0x00, 0x00, 0x00, 0x00, 0x00, 0x00, 0x00, 0x00,
    0x00, 0x00, 0x00, 0x00, 0x00, 0x00, 0x00, 0x00, 0x00, 0x00, 0x00, 0x00, 0x00, 0x00, 0x00, 0x00,
    0x00, 0x00, 0x00, 0x00, 0x00, 0x00, 0x00, 0x00, 0x00, 0x00, 0x00, 0x00, 0x00, 0x00, 0x00, 0x00,
    0x00, 0x00, 0x00, 0x00, 0x00, 0x00, 0x00, 0x00, 0x00, 0x00, 0x00, 0x00, 0x00, 0x00, 0x00, 0x00,
    0x00, 0x00, 0x00, 0x00, 0x00, 0x00, 0x00, 0x00, 0x00, 0x00, 0x00, 0x00, 0x00, 0x00, 0x00, 0x00,
    0x00, 0x00, 0x00, 0x00, 0x00, 0x00, 0x00, 0x00, 0x00, 0x00, 0x00, 0x00, 0x00, 0x00, 0x00, 0x00,
    0x00, 0x00, 0x00, 0x00, 0x00, 0x00, 0x00, 0x00, 0x00, 0x00, 0x00, 0x00, 0x00, 0x00, 0x00, 0x00,
    0x00, 0x00, 0x00, 0x00, 0x00, 0x00, 0x00, 0x00, 0x00, 0x00, 0x00, 0x00, 0x00, 0x00, 0x00, 0x00,
    0x00, 0x00, 0x00, 0x00, 0x00, 0x00, 0x00, 0x00, 0x00, 0x00, 0x00, 0x00, 0x00, 0x00, 0x00, 0x00,
    0x00, 0x00, 0x00, 0x00, 0x00, 0x00, 0x00, 0x00, 0x00, 0x00, 0x00, 0x00, 0x00, 0x00, 0x00, 0x00,
    0x00, 0x00, 0x00, 0x00, 0x00, 0x00, 0x00, 0x00, 0x00, 0x00, 0x00, 0x00, 0x00, 0x00, 0x00, 0x00,
    0x00, 0x00, 0x00, 0x00, 0x00, 0x00, 0x00, 0x00, 0x00, 0x00, 0x00, 0x00, 0x00, 0x00, 0x00, 0x00,
    0x00, 0x00, 0x00, 0x00, 0x00, 0x00, 0x00, 0x00, 0x00, 0x00, 0x00, 0x00, 0x00, 0x00, 0x00, 0x00,
    0x00, 0x00, 0x00, 0x00, 0x00, 0x00, 0x00, 0x00, 0x00, 0x00, 0x00, 0x00, 0x00, 0x00, 0x00, 0x00,
    0x00, 0x00, 0x00, 0x00, 0x00, 0x00, 0x00, 0x00, 0x00, 0x00, 0x00, 0x00, 0x00, 0x00, 0x00, 0x00,
    0x00, 0x00, 0x00, 0x00, 0x00, 0x00, 0x00, 0x00, 0x00, 0x00, 0x00, 0x00, 0x00, 0x00, 0x00, 0x00,
    0x00, 0x00, 0x00, 0x00, 0x00, 0x00, 0x00, 0x00, 0x00, 0x00, 0x00, 0x00, 0x00, 0x00, 0x00, 0x00,
    0x00, 0x00, 0x00, 0x00, 0x00, 0x00, 0x00, 0x00, 0x00, 0x00, 0x00, 0x00, 0x00, 0x00, 0x00, 0x00,
    0x00, 0x00, 0x00, 0x00, 0x00, 0x00, 0x00, 0x00, 0x00, 0x00, 0x00, 0x00, 0x00, 0x00, 0x00, 0x00,
    0x00, 0x00, 0x00, 0x00, 0x00, 0x00, 0x00, 0x00, 0x00, 0x00, 0x00, 0x00, 0x00, 0x00, 0x00, 0x00,
    0x00, 0x00, 0x00, 0x00, 0x00, 0x00, 0x00, 0x00, 0x00, 0x00, 0x00, 0x00, 0x00, 0x00, 0x00, 0x00,
    0x00, 0x00, 0x00, 0x00, 0x00, 0x00, 0x00, 0x00, 0x00, 0x00, 0x00, 0x00, 0x00, 0x00, 0x00, 0x00,
    0x00, 0x00, 0x00, 0x00, 0x00, 0x00, 0x00, 0x00, 0x00, 0x00, 0x00, 0x00, 0x00, 0x00, 0x00, 0x00,
    0x00, 0x00, 0x00, 0x00, 0x00, 0x00, 0x00, 0x00, 0x00, 0x00, 0x00, 0x00, 0x00, 0x00, 0x00, 0x00,
    0x00, 0x00, 0x00, 0x00, 0x00, 0x00, 0x00, 0x00, 0x00, 0x00, 0x00, 0x00, 0x00, 0x00, 0x00, 0x00,
    0x00, 0x00, 0x00, 0x00, 0x00, 0x00, 0x00, 0x00, 0x00, 0x00, 0x00, 0x00, 0x00, 0x00, 0x00, 0x00,
    0x00, 0x00, 0x00, 0x00, 0x00, 0x00, 0x00, 0x00, 0x00, 0x00, 0x00, 0x00, 0x00, 0x00, 0x00, 0x00,
    0x00, 0x00, 0x00, 0x00, 0x00, 0x00, 0x00, 0x00, 0x00, 0x00, 0x00, 0x00, 0x00, 0x00, 0x00, 0x00,
    0x00, 0x00, 0x00, 0x00, 0x00, 0x00, 0x00, 0x00, 0x00, 0x00, 0x00, 0x00, 0x00, 0x00, 0x00, 0x00,
    0x00, 0x00, 0x00, 0x00, 0x00, 0x00, 0x00, 0x00, 0x00, 0x00, 0x00, 0x00, 0x00, 0x00, 0x00, 0x00,
    0x00, 0x00, 0x00, 0x00, 0x00, 0x00, 0x00, 0x00, 0x00, 0x00, 0x00, 0x00, 0x00, 0x00, 0x00, 0x00,
    0x00, 0x00, 0x00, 0x00, 0x00, 0x00, 0x00, 0x00, 0x00, 0x00, 0x00, 0x00, 0x00, 0x00, 0x00, 0x00,
    0x00, 0x00, 0x00, 0x00, 0x00, 0x00, 0x00, 0x00, 0x00, 0x00, 0x00, 0x00, 0x00, 0x00, 0x00, 0x00,
    0x00, 0x00, 0x00, 0x00, 0x00, 0x00, 0x00, 0x00, 0x00, 0x00, 0x00, 0x00, 0x00, 0x00, 0x00, 0x00,
    0x00, 0x00, 0x00, 0x00, 0x00, 0x00, 0x00, 0x00, 0x00, 0x00, 0x00, 0x00, 0x00, 0x00, 0x00, 0x00,
    0x00, 0x00, 0x00, 0x00, 0x00, 0x00, 0x00, 0x00, 0x00, 0x00, 0x00, 0x00, 0x00, 0x00, 0x00, 0x00,
    0x00, 0x00, 0x00, 0x00, 0x00, 0x00, 0x00, 0x00, 0x00, 0x00, 0x00, 0x00, 0x00, 0x00, 0x00, 0x00,
    0x00, 0x00, 0x00, 0x00, 0x00, 0x00, 0x00, 0x00, 0x00, 0x00, 0x00, 0x00, 0x00, 0x00, 0x00, 0x00,
    0x00, 0x00, 0x00, 0x00, 0x00, 0x00, 0x00, 0x00, 0x00, 0x00, 0x00, 0x00, 0x00, 0x00, 0x00, 0x00,
    0x00, 0x00, 0x00, 0x00, 0x00, 0x00, 0x00, 0x00, 0x00, 0x00, 0x00, 0x00, 0x00, 0x00, 0x00, 0x00,
    0x00, 0x00, 0x00, 0x00, 0x00, 0x00, 0x00, 0x00, 0x00, 0x00, 0x00, 0x00, 0x00, 0x00, 0x00, 0x00,
    0x00, 0x00, 0x00, 0x00, 0x00, 0x00, 0x00, 0x00, 0x00, 0x00, 0x00, 0x00, 0x00, 0x00, 0x00, 0x00,
    0x00, 0x00, 0x00, 0x00, 0x00, 0x00, 0x00, 0x00, 0x00, 0x00, 0x00, 0x00, 0x00, 0x00, 0x00, 0x00,
    0x00, 0x00, 0x00, 0x00, 0x00, 0x00, 0x00, 0x00, 0x00, 0x00, 0x00, 0x00, 0x00, 0x00, 0x00, 0x00,
    0x00, 0x00, 0x00, 0x00, 0x00, 0x00, 0x00, 0x00, 0x00, 0x00, 0x00, 0x00, 0x00, 0x00, 0x00, 0x00,
    0x00, 0x00, 0x00, 0x00, 0x00, 0x00, 0x00, 0x00, 0x00, 0x00, 0x00, 0x00, 0x00, 0x00, 0x00, 0x00,
    0x00, 0x00, 0x00, 0x00, 0x00, 0x00, 0x00, 0x00, 0x00, 0x00, 0x00, 0x00, 0x00, 0x00, 0x00, 0x00,
    0x00, 0x00, 0x00, 0x00, 0x00, 0x00, 0x00, 0x00, 0x00, 0x00, 0x00, 0x00, 0x00, 0x00, 0x00, 0x00,
    0x00, 0x00, 0x00, 0x00, 0x00, 0x00, 0x00, 0x00, 0x00, 0x00, 0x00, 0x00, 0x00, 0x00, 0x00, 0x00,
    0x00, 0x00, 0x00, 0x00, 0x00, 0x00, 0x00, 0x00, 0x00, 0x00, 0x00, 0x00, 0x00, 0x00, 0x00, 0x00,
    0x00, 0x00, 0x00, 0x00, 0x00, 0x00, 0x00, 0x00, 0x00, 0x00, 0x00, 0x00, 0x00, 0x00, 0x00, 0x00,
    0x00, 0x00, 0x00, 0x00, 0x00, 0x00, 0x00, 0x00, 0x00, 0x00, 0x00, 0x00, 0x00, 0x00, 0x00, 0x00,
    0x00, 0x00, 0x00, 0x00, 0x00, 0x00, 0x00, 0x00, 0x00, 0x00, 0x00, 0x00, 0x00, 0x00, 0x00, 0x00,
    0x00, 0x00, 0x00, 0x00, 0x00, 0x00, 0x00, 0x00, 0x00, 0x00, 0x00, 0x00, 0x00, 0x00, 0x00, 0x00,
    0x00, 0x00, 0x00, 0x00, 0x00, 0x00, 0x00, 0x00, 0x00, 0x00, 0x00, 0x00, 0x00, 0x00, 0x00, 0x00,
    0x00, 0x00, 0x00, 0x00, 0x00, 0x00, 0x00, 0x00, 0x00, 0x00, 0x00, 0x00, 0x00, 0x00, 0x00, 0x00,
    0x00, 0x00, 0x00, 0x00, 0x00, 0x00, 0x00, 0x00, 0x00, 0x00, 0x00, 0x00, 0x00, 0x00, 0x00, 0x00,
    0x00, 0x00, 0x00, 0x00, 0x00, 0x00, 0x00, 0x00, 0x00, 0x00, 0x00, 0x00, 0x00, 0x00, 0x00, 0x00,
    0x00, 0x00, 0x00, 0x00, 0x00, 0x00, 0x00, 0x00, 0x00, 0x00, 0x00, 0x00, 0x00, 0x00, 0x00, 0x00,
    0x00, 0x00, 0x00, 0x00, 0x00, 0x00, 0x00, 0x00, 0x00, 0x00, 0x00, 0x00, 0x00, 0x00, 0x00, 0x00,
    0x00, 0x00, 0x00, 0x00, 0x00, 0x00, 0x00, 0x00, 0x00, 0x00, 0x00, 0x00, 0x00, 0x00, 0x00, 0x00,
    0x00, 0x00, 0x00, 0x00, 0x00, 0x00, 0x00, 0x00, 0x00, 0x00, 0x00, 0x00, 0x00, 0x00, 0x00, 0x00,
    0x00, 0x00, 0x00, 0x00, 0x00, 0x00, 0x00, 0x00, 0x00, 0x00, 0x00, 0x00, 0x00, 0x00, 0x00, 0x00,
    0x00, 0x00, 0x00, 0x00, 0x00, 0x00, 0x00, 0x00, 0x00, 0x00, 0x00, 0x00, 0x00, 0x00, 0x00, 0x00,
    0x00, 0x00, 0x00, 0x00, 0x00, 0x00, 0x00, 0x00, 0x00, 0x00, 0x00, 0x00, 0x00, 0x00, 0x00, 0x00,
    0x00, 0x00, 0x00, 0x00, 0x00, 0x00, 0x00, 0x00, 0x00, 0x00, 0x00, 0x00, 0x00, 0x00, 0x00, 0x00,
    0x00, 0x00, 0x00, 0x00, 0x00, 0x00, 0x00, 0x00, 0x00, 0x00, 0x00, 0x00, 0x00, 0x00, 0x00, 0x00,
    0x00, 0x00, 0x00, 0x00, 0x00, 0x00, 0x00, 0x00, 0x00, 0x00, 0x00, 0x00, 0x00, 0x00, 0x00, 0x00,
    0x00, 0x00, 0x00, 0x00, 0x00, 0x00, 0x00, 0x00, 0x00, 0x00, 0x00, 0x00, 0x00, 0x00, 0x00, 0x00,
    0x00, 0x00, 0x00, 0x00, 0x00, 0x00, 0x00, 0x00, 0x00, 0x00, 0x00, 0x00, 0x00, 0x00, 0x00, 0x00,
    0x00, 0x00, 0x00, 0x00, 0x00, 0x00, 0x00, 0x00, 0x00, 0x00, 0x00, 0x00, 0x00, 0x00, 0x00, 0x00,
    0x00, 0x00, 0x00, 0x00, 0x00, 0x00, 0x00, 0x00, 0x00, 0x00, 0x00, 0x00, 0x00, 0x00, 0x00, 0x00,
    0x00, 0x00, 0x00, 0x00, 0x00, 0x00, 0x00, 0x00, 0x00, 0x00, 0x00, 0x00, 0x00, 0x00, 0x00, 0x00,
    0x00, 0x00, 0x00, 0x00, 0x00, 0x00, 0x00, 0x00, 0x00, 0x00, 0x00, 0x00, 0x00, 0x00, 0x00, 0x00,
    0x00, 0x00, 0x00, 0x00, 0x00, 0x00, 0x00, 0x00, 0x00, 0x00, 0x00, 0x00, 0x00, 0x00, 0x00, 0x00,
    0x00, 0x00, 0x00, 0x00, 0x00, 0x00, 0x00, 0x00, 0x00, 0x00, 0x00, 0x00, 0x00, 0x00, 0x00, 0x00,
    0x00, 0x00, 0x00, 0x00, 0x00, 0x00, 0x00, 0x00, 0x00, 0x00, 0x00, 0x00, 0x00, 0x00, 0x00, 0x00,
    0x00, 0x00, 0x00, 0x00, 0x00, 0x00, 0x00, 0x00, 0x00, 0x00, 0x00, 0x00, 0x00, 0x00, 0x00, 0x00,
    0x00, 0x00, 0x00, 0x00, 0x00, 0x00, 0x00, 0x00, 0x00, 0x00, 0x00, 0x00, 0x00, 0x00, 0x00, 0x00,
    0x00, 0x00, 0x00, 0x00, 0x00, 0x00, 0x00, 0x00, 0x00, 0x00, 0x00, 0x00, 0x00, 0x00, 0x00, 0x00,
    0x00, 0x00, 0x00, 0x00, 0x00, 0x00, 0x00, 0x00, 0x00, 0x00, 0x00, 0x00, 0x00, 0x00, 0x00, 0x00,
    0x00, 0x00, 0x00, 0x00, 0x00, 0x00, 0x00, 0x00, 0x00, 0x00, 0x00, 0x00, 0x00, 0x00, 0x00, 0x00,
    0x00, 0x00, 0x00, 0x00, 0x00, 0x00, 0x00, 0x00, 0x00, 0x00, 0x00, 0x00, 0x00, 0x00, 0x00, 0x00,
    0x00, 0x00, 0x00, 0x00, 0x00, 0x00, 0x00, 0x00, 0x00, 0x00, 0x00, 0x00, 0x00, 0x00, 0x00, 0x00,
    0x00, 0x00, 0x00, 0x00, 0x00, 0x00, 0x00, 0x00, 0x00, 0x00, 0x00, 0x00, 0x00, 0x00, 0x00, 0x00,
    0x00, 0x00, 0x00, 0x00, 0x00, 0x00, 0x00, 0x00, 0x00, 0x00, 0x00, 0x00, 0x00, 0x00, 0x00, 0x00,
    0x00, 0x00, 0x00, 0x00, 0x00, 0x00, 0x00, 0x00, 0x00, 0x00, 0x00, 0x00, 0x00, 0x00, 0x00, 0x00,
    0x00, 0x00, 0x00, 0x00, 0x00, 0x00, 0x00, 0x00, 0x00, 0x00, 0x00, 0x00, 0x00, 0x00, 0x00, 0x00,
    0x00, 0x00, 0x00, 0x00, 0x00, 0x00, 0x00, 0x00, 0x00, 0x00, 0x00, 0x00, 0x00, 0x00, 0x00, 0x00,
    0x00, 0x00, 0x00, 0x00, 0x00, 0x00, 0x00, 0x00, 0x00, 0x00, 0x00, 0x00, 0x00, 0x00, 0x00, 0x00,
    0x00, 0x00, 0x00, 0x00, 0x00, 0x00, 0x00, 0x00, 0x00, 0x00, 0x00, 0x00, 0x00, 0x00, 0x00, 0x00,
    0x00, 0x00, 0x00, 0x00, 0x00, 0x00, 0x00, 0x00, 0x00, 0x00, 0x00, 0x00, 0x00, 0x00, 0x00, 0x00,
    0x00, 0x00, 0x00, 0x00, 0x00, 0x00, 0x00, 0x00, 0x00, 0x00, 0x00, 0x00, 0x00, 0x00, 0x00, 0x00,
    0x00, 0x00, 0x00, 0x00, 0x00, 0x00, 0x00, 0x00, 0x00, 0x00, 0x00, 0x00, 0x00, 0x00, 0x00, 0x00,
    0x00, 0x00, 0x00, 0x00, 0x00, 0x00, 0x00, 0x00, 0x00, 0x00, 0x00, 0x00, 0x00, 0x00, 0x00, 0x00,
    0x00, 0x00, 0x00, 0x00, 0x00, 0x00, 0x00, 0x00, 0x00, 0x00, 0x00, 0x00, 0x00, 0x00, 0x00, 0x00,
    0x00, 0x00, 0x00, 0x00, 0x00, 0x00, 0x00, 0x00, 0x00, 0x00, 0x00, 0x00, 0x00, 0x00, 0x00, 0x00,
    0x00, 0x00, 0x00, 0x00, 0x00, 0x00, 0x00, 0x00, 0x00, 0x00, 0x00, 0x00, 0x00, 0x00, 0x00, 0x00,
    0x00, 0x00, 0x00, 0x00, 0x00, 0x00, 0x00, 0x00, 0x00, 0x00, 0x00, 0x00, 0x00, 0x00, 0x00, 0x00,
    0x00, 0x00, 0x00, 0x00, 0x00, 0x00, 0x00, 0x00, 0x00, 0x00, 0x00, 0x00, 0x00, 0x00, 0x00, 0x00,
    0x00, 0x00, 0x00, 0x00, 0x00, 0x00, 0x00, 0x00, 0x00, 0x00, 0x00, 0x00, 0x00, 0x00, 0x00, 0x00,
    0x00, 0x00, 0x00, 0x00, 0x00, 0x00, 0x00, 0x00, 0x00, 0x00, 0x00, 0x00, 0x00, 0x00, 0x00, 0x00,
    0x00, 0x00, 0x00, 0x00, 0x00, 0x00, 0x00, 0x00, 0x00, 0x00, 0x00, 0x00, 0x00, 0x00, 0x00, 0x00,
    0x00, 0x00, 0x00, 0x00, 0x00, 0x00, 0x00, 0x00, 0x00, 0x00, 0x00, 0x00, 0x00, 0x00, 0x00, 0x00,
    0x00, 0x00, 0x00, 0x00, 0x00, 0x00, 0x00, 0x00, 0x00, 0x00, 0x00, 0x00, 0x00, 0x00, 0x00, 0x00,
    0x00, 0x00, 0x00, 0x00, 0x00, 0x00, 0x00, 0x00, 0x00, 0x00, 0x00, 0x00, 0x00, 0x00, 0x00, 0x00,
    0x00, 0x00, 0x00, 0x00, 0x00, 0x00, 0x00, 0x00, 0x00, 0x00, 0x00, 0x00, 0x00, 0x00, 0x00, 0x00,
    0x00, 0x00, 0x00, 0x00, 0x00, 0x00, 0x00, 0x00, 0x00, 0x00, 0x00, 0x00, 0x00, 0x00, 0x00, 0x00,
    0x00, 0x00, 0x00, 0x00, 0x00, 0x00, 0x00, 0x00, 0x00, 0x00, 0x00, 0x00, 0x00, 0x00, 0x00, 0x00,
    0x00, 0x00, 0x00, 0x00, 0x00, 0x00, 0x00, 0x00, 0x00, 0x00, 0x00, 0x00, 0x00, 0x00, 0x00, 0x00,
    0x00, 0x00, 0x00, 0x00, 0x00, 0x00, 0x00, 0x00, 0x00, 0x00, 0x00, 0x00, 0x00, 0x00, 0x00, 0x00,
    0x00, 0x00, 0x00, 0x00, 0x00, 0x00, 0x00, 0x00, 0x00, 0x00, 0x00, 0x00, 0x00, 0x00, 0x00, 0x00,
    0x00, 0x00, 0x00, 0x00, 0x00, 0x00, 0x00, 0x00, 0x00, 0x00, 0x00, 0x00, 0x00, 0x00, 0x00, 0x00,
    0x00, 0x00, 0x00, 0x00, 0x00, 0x00, 0x00, 0x00, 0x00, 0x00, 0x00, 0x00, 0x00, 0x00, 0x00, 0x00,
    0x00, 0x00, 0x00, 0x00, 0x00, 0x00, 0x00, 0x00, 0x00, 0x00, 0x00, 0x00, 0x00, 0x00, 0x00, 0x00,
    0x00, 0x00, 0x00, 0x00, 0x00, 0x00, 0x00, 0x00, 0x00, 0x00, 0x00, 0x00, 0x00, 0x00, 0x00, 0x00,
    0x00, 0x00, 0x00, 0x00, 0x00, 0x00, 0x00, 0x00, 0x00, 0x00, 0x00, 0x00, 0x00, 0x00, 0x00, 0x00,
    0x00, 0x00, 0x00, 0x00, 0x00, 0x00, 0x00, 0x00, 0x00, 0x00, 0x00, 0x00, 0x00, 0x00, 0x00, 0x00,
    0x00, 0x00, 0x00, 0x00, 0x00, 0x00, 0x00, 0x00, 0x00, 0x00, 0x00, 0x00, 0x00, 0x00, 0x00, 0x00,
    0x00, 0x00, 0x00, 0x00, 0x00, 0x00, 0x00, 0x00, 0x00, 0x00, 0x00, 0x00, 0x00, 0x00, 0x00, 0x00,
    0x00, 0x00, 0x00, 0x00, 0x00, 0x00, 0x00, 0x00, 0x00, 0x00, 0x00, 0x00, 0x00, 0x00, 0x00, 0x00,
    0x00, 0x00, 0x00, 0x00, 0x00, 0x00, 0x00, 0x00, 0x00, 0x00, 0x00, 0x00, 0x00, 0x00, 0x00, 0x00,
    0x00, 0x00, 0x00, 0x00, 0x00, 0x00, 0x00, 0x00, 0x00, 0x00, 0x00, 0x00, 0x00, 0x00, 0x00, 0x00,
    0x00, 0x00, 0x00, 0x00, 0x00, 0x00, 0x00, 0x00, 0x00, 0x00, 0x00, 0x00, 0x00, 0x00, 0x00, 0x00,
    0x00, 0x00, 0x00, 0x00, 0x00, 0x00, 0x00, 0x00, 0x00, 0x00, 0x00, 0x00, 0x00, 0x00, 0x00, 0x00,
    0x00, 0x00, 0x00, 0x00, 0x00, 0x00, 0x00, 0x00, 0x00, 0x00, 0x00, 0x00, 0x00, 0x00, 0x00, 0x00,
    0x00, 0x00, 0x00, 0x00, 0x00, 0x00, 0x00, 0x00, 0x00, 0x00, 0x00, 0x00, 0x00, 0x00, 0x00, 0x00,
    0x00, 0x00, 0x00, 0x00, 0x00, 0x00, 0x00, 0x00, 0x00, 0x00, 0x00, 0x00, 0x00, 0x00, 0x00, 0x00,
    0x00, 0x00, 0x00, 0x00, 0x00, 0x00, 0x00, 0x00, 0x00, 0x00, 0x00, 0x00, 0x00, 0x00, 0x00, 0x00,
    0x00, 0x00, 0x00, 0x00, 0x00, 0x00, 0x00, 0x00, 0x00, 0x00, 0x00, 0x00, 0x00, 0x00, 0x00, 0x00,
    0x00, 0x00, 0x00, 0x00, 0x00, 0x00, 0x00, 0x00, 0x00, 0x00, 0x00, 0x00, 0x00, 0x00, 0x00, 0x00,
    0x00, 0x00, 0x00, 0x00, 0x00, 0x00, 0x00, 0x00, 0x00, 0x00, 0x00, 0x00, 0x00, 0x00, 0x00, 0x00,
    0x00, 0x00, 0x00, 0x00, 0x00, 0x00, 0x00, 0x00, 0x00, 0x00, 0x00, 0x00, 0x00, 0x00, 0x00, 0x00,
    0x00, 0x00, 0x00, 0x00, 0x00, 0x00, 0x00, 0x00, 0x00, 0x00, 0x00, 0x00, 0x00, 0x00, 0x00, 0x00,
    0x00, 0x00, 0x00, 0x00, 0x00, 0x00, 0x00, 0x00, 0x00, 0x00, 0x00, 0x00, 0x00, 0x00, 0x00, 0x00,
    0x00, 0x00, 0x00, 0x00, 0x00, 0x00, 0x00, 0x00, 0x00, 0x00, 0x00, 0x00, 0x00, 0x00, 0x00, 0x00,
    0x00, 0x00, 0x00, 0x00, 0x00, 0x00, 0x00, 0x00, 0x00, 0x00, 0x00, 0x00, 0x00, 0x00, 0x00, 0x00,
    0x00, 0x00, 0x00, 0x00, 0x00, 0x00, 0x00, 0x00, 0x00, 0x00, 0x00, 0x00, 0x00, 0x00, 0x00, 0x00,
    0x00, 0x00, 0x00, 0x00, 0x00, 0x00, 0x00, 0x00, 0x00, 0x00, 0x00, 0x00, 0x00, 0x00, 0x00, 0x00,
    0x00, 0x00, 0x00, 0x00, 0x00, 0x00, 0x00, 0x00, 0x00, 0x00, 0x00, 0x00, 0x00, 0x00, 0x00, 0x00,
    0x00, 0x00, 0x00, 0x00, 0x00, 0x00, 0x00, 0x00, 0x00, 0x00, 0x00, 0x00, 0x00, 0x00, 0x00, 0x00,
    0x00, 0x00, 0x00, 0x00, 0x00, 0x00, 0x00, 0x00, 0x00, 0x00, 0x00, 0x00, 0x00, 0x00, 0x00, 0x00,
    0x00, 0x00, 0x00, 0x00, 0x00, 0x00, 0x00, 0x00, 0x00, 0x00, 0x00, 0x00, 0x00, 0x00, 0x00, 0x00,
    0x00, 0x00, 0x00, 0x00, 0x00, 0x00, 0x00, 0x00, 0x00, 0x00, 0x00, 0x00, 0x00, 0x00, 0x00, 0x00,
    0x00, 0x00, 0x00, 0x00, 0x00, 0x00, 0x00, 0x00, 0x00, 0x00, 0x00, 0x00, 0x00, 0x00, 0x00, 0x00,
    0x00, 0x00, 0x00, 0x00, 0x00, 0x00, 0x00, 0x00, 0x00, 0x00, 0x00, 0x00, 0x00, 0x00, 0x00, 0x00,
    0x00, 0x00, 0x00, 0x00, 0x00, 0x00, 0x00, 0x00, 0x00, 0x00, 0x00, 0x00, 0x00, 0x00, 0x00, 0x00,
    0x00, 0x00, 0x00, 0x00, 0x00, 0x00, 0x00, 0x00, 0x00, 0x00, 0x00, 0x00, 0x00, 0x00, 0x00, 0x00,
    0x00, 0x00, 0x00, 0x00, 0x00, 0x00, 0x00, 0x00, 0x00, 0x00, 0x00, 0x00, 0x00, 0x00, 0x00, 0x00,
    0x00, 0x00, 0x00, 0x00, 0x00, 0x00, 0x00, 0x00, 0x00, 0x00, 0x00, 0x00, 0x00, 0x00, 0x00, 0x00,
    0x00, 0x00, 0x00, 0x00, 0x00, 0x00, 0x00, 0x00, 0x00, 0x00, 0x00, 0x00, 0x00, 0x00, 0x00, 0x00,
    0x00, 0x00, 0x00, 0x00, 0x00, 0x00, 0x00, 0x00, 0x00, 0x00, 0x00, 0x00, 0x00, 0x00, 0x00, 0x00,
    0x00, 0x00, 0x00, 0x00, 0x00, 0x00, 0x00, 0x00, 0x00, 0x00, 0x00, 0x00, 0x00, 0x00, 0x00, 0x00,
    0x00, 0x00, 0x00, 0x00, 0x00, 0x00, 0x00, 0x00, 0x00, 0x00, 0x00, 0x00, 0x00, 0x00, 0x00, 0x00,
    0x00, 0x00, 0x00, 0x00, 0x00, 0x00, 0x00, 0x00, 0x00, 0x00, 0x00, 0x00, 0x00, 0x00, 0x00, 0x00,
    0x00, 0x00, 0x00, 0x00, 0x00, 0x00, 0x00, 0x00, 0x00, 0x00, 0x00, 0x00, 0x00, 0x00, 0x00, 0x00,
    0x00, 0x00, 0x00, 0x00, 0x00, 0x00, 0x00, 0x00, 0x00, 0x00, 0x00, 0x00, 0x00, 0x00, 0x00, 0x00,
    0x00, 0x00, 0x00, 0x00, 0x00, 0x00, 0x00, 0x00, 0x00, 0x00, 0x00, 0x00, 0x00, 0x00, 0x00, 0x00,
    0x00, 0x00, 0x00, 0x00, 0x00, 0x00, 0x00, 0x00, 0x00, 0x00, 0x00, 0x00, 0x00, 0x00, 0x00, 0x00,
    0x00, 0x00, 0x00, 0x00, 0x00, 0x00, 0x00, 0x00, 0x00, 0x00, 0x00, 0x00, 0x00, 0x00, 0x00, 0x00,
    0x00, 0x00, 0x00, 0x00, 0x00, 0x00, 0x00, 0x00, 0x00, 0x00, 0x00, 0x00, 0x00, 0x00, 0x00, 0x00,
    0x00, 0x00, 0x00, 0x00, 0x00, 0x00, 0x00, 0x00, 0x00, 0x00, 0x00, 0x00, 0x00, 0x00, 0x00, 0x00,
    0x00, 0x00, 0x00, 0x00, 0x00, 0x00, 0x00, 0x00, 0x00, 0x00, 0x00, 0x00, 0x00, 0x00, 0x00, 0x00,
    0x00, 0x00, 0x00, 0x00, 0x00, 0x00, 0x00, 0x00, 0x00, 0x00, 0x00, 0x00, 0x00, 0x00, 0x00, 0x00,
    0x00, 0x00, 0x00, 0x00, 0x00, 0x00, 0x00, 0x00, 0x00, 0x00, 0x00, 0x00, 0x00, 0x00, 0x00, 0x00,
    0x00, 0x00, 0x00, 0x00, 0x00, 0x00, 0x00, 0x00, 0x00, 0x00, 0x00, 0x00, 0x00, 0x00, 0x00, 0x00,
    0x00, 0x00, 0x00, 0x00, 0x00, 0x00, 0x00, 0x00, 0x00, 0x00, 0x00, 0x00, 0x00, 0x00, 0x00, 0x00,
    0x00, 0x00, 0x00, 0x00, 0x00, 0x00, 0x00, 0x00, 0x00, 0x00, 0x00, 0x00, 0x00, 0x00, 0x00, 0x00,
    0x00, 0x00, 0x00, 0x00, 0x00, 0x00, 0x00, 0x00, 0x00, 0x00, 0x00, 0x00, 0x00, 0x00, 0x00, 0x00,
    0x00, 0x00, 0x00, 0x00, 0x00, 0x00, 0x00, 0x00, 0x00, 0x00, 0x00, 0x00, 0x00, 0x00, 0x00, 0x00,
    0x00, 0x00, 0x00, 0x00, 0x00, 0x00, 0x00, 0x00, 0x00, 0x00, 0x00, 0x00, 0x00, 0x00, 0x00, 0x00,
    0x00, 0x00, 0x00, 0x00, 0x00, 0x00, 0x00, 0x00, 0x00, 0x00, 0x00, 0x00, 0x00, 0x00, 0x00, 0x00,
    0x00, 0x00, 0x00, 0x00, 0x00, 0x00, 0x00, 0x00, 0x00, 0x00, 0x00, 0x00, 0x00, 0x00, 0x00, 0x00,
    0x00, 0x00, 0x00, 0x00, 0x00, 0x00, 0x00, 0x00, 0x00, 0x00, 0x00, 0x00, 0x00, 0x00, 0x00, 0x00,
    0x00, 0x00, 0x00, 0x00, 0x00, 0x00, 0x00, 0x00, 0x00, 0x00, 0x00, 0x00, 0x00, 0x00, 0x00, 0x00,
    0x00, 0x00, 0x00, 0x00, 0x00, 0x00, 0x00, 0x00, 0x00, 0x00, 0x00, 0x00, 0x00, 0x00, 0x00, 0x00,
    0x00, 0x00, 0x00, 0x00, 0x00, 0x00, 0x00, 0x00, 0x00, 0x00, 0x00, 0x00, 0x00, 0x00, 0x00, 0x00,
    0x00, 0x00, 0x00, 0x00, 0x00, 0x00, 0x00, 0x00, 0x00, 0x00, 0x00, 0x00, 0x00, 0x00, 0x00, 0x00,
    0x00, 0x00, 0x00, 0x00, 0x00, 0x00, 0x00, 0x00, 0x00, 0x00, 0x00, 0x00, 0x00, 0x00, 0x00, 0x00,
    0x00, 0x00, 0x00, 0x00, 0x00, 0x00, 0x00, 0x00, 0x00, 0x00, 0x00, 0x00, 0x00, 0x00, 0x00, 0x00,
    0x00, 0x00, 0x00, 0x00, 0x00, 0x00, 0x00, 0x00, 0x00, 0x00, 0x00, 0x00, 0x00, 0x00, 0x00, 0x00,
    0x00, 0x00, 0x00, 0x00, 0x00, 0x00, 0x00, 0x00, 0x00, 0x00, 0x00, 0x00, 0x00, 0x00, 0x00, 0x00,
    0x00, 0x00, 0x00, 0x00, 0x00, 0x00, 0x00, 0x00, 0x00, 0x00, 0x00, 0x00, 0x00, 0x00, 0x00, 0x00,
    0x00, 0x00, 0x00, 0x00, 0x00, 0x00, 0x00, 0x00, 0x00, 0x00, 0x00, 0x00, 0x00, 0x00, 0x00, 0x00,
    0x00, 0x00, 0x00, 0x00, 0x00, 0x00, 0x00, 0x00, 0x00, 0x00, 0x00, 0x00, 0x00, 0x00, 0x00, 0x00,
    0x00, 0x00, 0x00, 0x00, 0x00, 0x00, 0x00, 0x00, 0x00, 0x00, 0x00, 0x00, 0x00, 0x00, 0x00, 0x00,
    0x00, 0x00, 0x00, 0x00, 0x00, 0x00, 0x00, 0x00, 0x00, 0x00, 0x00, 0x00, 0x00, 0x00, 0x00, 0x00,
    0x00, 0x00, 0x00, 0x00, 0x00, 0x00, 0x00, 0x00, 0x00, 0x00, 0x00, 0x00, 0x00, 0x00, 0x00, 0x00,
    0x00, 0x00, 0x00, 0x00, 0x00, 0x00, 0x00, 0x00, 0x00, 0x00, 0x00, 0x00, 0x00, 0x00, 0x00, 0x00,
    0x00, 0x00, 0x00, 0x00, 0x00, 0x00, 0x00, 0x00, 0x00, 0x00, 0x00, 0x00, 0x00, 0x00, 0x00, 0x00,
    0x00, 0x00, 0x00, 0x00, 0x00, 0x00, 0x00, 0x00, 0x00, 0x00, 0x00, 0x00, 0x00, 0x00, 0x00, 0x00,
    0x00, 0x00, 0x00, 0x00, 0x00, 0x00, 0x00, 0x00, 0x00, 0x00, 0x00, 0x00, 0x00, 0x00, 0x00, 0x00,
    0x00, 0x00, 0x00, 0x00, 0x00, 0x00, 0x00, 0x00, 0x00, 0x00, 0x00, 0x00, 0x00, 0x00, 0x00, 0x00,
    0x00, 0x00, 0x00, 0x00, 0x00, 0x00, 0x00, 0x00, 0x00, 0x00, 0x00, 0x00, 0x00, 0x00, 0x00, 0x00,
    0x00, 0x00, 0x00, 0x00, 0x00, 0x00, 0x00, 0x00, 0x00, 0x00, 0x00, 0x00, 0x00, 0x00, 0x00, 0x00,
    0x00, 0x00, 0x00, 0x00, 0x00, 0x00, 0x00, 0x00, 0x00, 0x00, 0x00, 0x00, 0x00, 0x00, 0x00, 0x00,
    0x00, 0x00, 0x00, 0x00, 0x00, 0x00, 0x00, 0x00, 0x00, 0x00, 0x00, 0x00, 0x00, 0x00, 0x00, 0x00,
    0x00, 0x00, 0x00, 0x00, 0x00, 0x00, 0x00, 0x00, 0x00, 0x00, 0x00, 0x00, 0x00, 0x00, 0x00, 0x00,
    0x00, 0x00, 0x00, 0x00, 0x00, 0x00, 0x00, 0x00, 0x00, 0x00, 0x00, 0x00, 0x00, 0x00, 0x00, 0x00,
    0x00, 0x00, 0x00, 0x00, 0x00, 0x00, 0x00, 0x00, 0x00, 0x00, 0x00, 0x00, 0x00, 0x00, 0x00, 0x00,
    0x00, 0x00, 0x00, 0x00, 0x00, 0x00, 0x00, 0x00, 0x00, 0x00, 0x00, 0x00, 0x00, 0x00, 0x00, 0x00,
    0x00, 0x00, 0x00, 0x00, 0x00, 0x00, 0x00, 0x00, 0x00, 0x00, 0x00, 0x00, 0x00, 0x00, 0x00, 0x00,
    0x00, 0x00, 0x00, 0x00, 0x00, 0x00, 0x00, 0x00, 0x00, 0x00, 0x00, 0x00, 0x00, 0x00, 0x00, 0x00,
    0x00, 0x00, 0x00, 0x00, 0x00, 0x00, 0x00, 0x00, 0x00, 0x00, 0x00, 0x00, 0x00, 0x00, 0x00, 0x00,
    0x00, 0x00, 0x00, 0x00, 0x00, 0x00, 0x00, 0x00, 0x00, 0x00, 0x00, 0x00, 0x00, 0x00, 0x00, 0x00,
    0x00, 0x00, 0x00, 0x00, 0x00, 0x00, 0x00, 0x00, 0x00, 0x00, 0x00, 0x00, 0x00, 0x00, 0x00, 0x00,
    0x00, 0x00, 0x00, 0x00, 0x00, 0x00, 0x00, 0x00, 0x00, 0x00, 0x00, 0x00, 0x00, 0x00, 0x00, 0x00,
    0x00, 0x00, 0x00, 0x00, 0x00, 0x00, 0x00, 0x00, 0x00, 0x00, 0x00, 0x00, 0x00, 0x00, 0x00, 0x00,
    0x00, 0x00, 0x00, 0x00, 0x00, 0x00, 0x00, 0x00, 0x00, 0x00, 0x00, 0x00, 0x00, 0x00, 0x00, 0x00,
    0x00, 0x00, 0x00, 0x00, 0x00, 0x00, 0x00, 0x00, 0x00, 0x00, 0x00, 0x00, 0x00, 0x00, 0x00, 0x00,
    0x00, 0x00, 0x00, 0x00, 0x00, 0x00, 0x00, 0x00, 0x00, 0x00, 0x00, 0x00, 0x00, 0x00, 0x00, 0x00,
    0x00, 0x00, 0x00, 0x00, 0x00, 0x00, 0x00, 0x00, 0x00, 0x00, 0x00, 0x00, 0x00, 0x00, 0x00, 0x00,
    0x00, 0x00, 0x00, 0x00, 0x00, 0x00, 0x00, 0x00, 0x00, 0x00, 0x00, 0x00, 0x00, 0x00, 0x00, 0x00,
    0x00, 0x00, 0x00, 0x00, 0x00, 0x00, 0x00, 0x00, 0x00, 0x00, 0x00, 0x00, 0x00, 0x00, 0x00, 0x00,
    0x00, 0x00, 0x00, 0x00, 0x00, 0x00, 0x00, 0x00, 0x00, 0x00, 0x00, 0x00, 0x00, 0x00, 0x00, 0x00,
    0x00, 0x00, 0x00, 0x00, 0x00, 0x00, 0x00, 0x00, 0x00, 0x00, 0x00, 0x00, 0x00, 0x00, 0x00, 0x00,
    0x00, 0x00, 0x00, 0x00, 0x00, 0x00, 0x00, 0x00, 0x00, 0x00, 0x00, 0x00, 0x00, 0x00, 0x00, 0x00,
    0x00, 0x00, 0x00, 0x00, 0x00, 0x00, 0x00, 0x00, 0x00, 0x00, 0x00, 0x00, 0x00, 0x00, 0x00, 0x00,
    0x00, 0x00, 0x00, 0x00, 0x00, 0x00, 0x00, 0x00, 0x00, 0x00, 0x00, 0x00, 0x00, 0x00, 0x00, 0x00,
    0x00, 0x00, 0x00, 0x00, 0x00, 0x00, 0x00, 0x00, 0x00, 0x00, 0x00, 0x00, 0x00, 0x00, 0x00, 0x00,
    0x00, 0x00, 0x00, 0x00, 0x00, 0x00, 0x00, 0x00, 0x00, 0x00, 0x00, 0x00, 0x00, 0x00, 0x00, 0x00,
    0x00, 0x00, 0x00, 0x00, 0x00, 0x00, 0x00, 0x00, 0x00, 0x00, 0x00, 0x00, 0x00, 0x00, 0x00, 0x00,
    0x00, 0x00, 0x00, 0x00, 0x00, 0x00, 0x00, 0x00, 0x00, 0x00, 0x00, 0x00, 0x00, 0x00, 0x00, 0x00,
    0x00, 0x00, 0x00, 0x00, 0x00, 0x00, 0x00, 0x00, 0x00, 0x00, 0x00, 0x00, 0x00, 0x00, 0x00, 0x00,
    0x00, 0x00, 0x00, 0x00, 0x00, 0x00, 0x00, 0x00, 0x00, 0x00, 0x00, 0x00, 0x00, 0x00, 0x00, 0x00,
    0x00, 0x00, 0x00, 0x00, 0x00, 0x00, 0x00, 0x00, 0x00, 0x00, 0x00, 0x00, 0x00, 0x00, 0x00, 0x00,
    0x00, 0x00, 0x00, 0x00, 0x00, 0x00, 0x00, 0x00, 0x00, 0x00, 0x00, 0x00, 0x00, 0x00, 0x00, 0x00,
    0x00, 0x00, 0x00, 0x00, 0x00, 0x00, 0x00, 0x00, 0x00, 0x00, 0x00, 0x00, 0x00, 0x00, 0x00, 0x00,
    0x00, 0x00, 0x00, 0x00, 0x00, 0x00, 0x00, 0x00, 0x00, 0x00, 0x00, 0x00, 0x00, 0x00, 0x00, 0x00,
    0x00, 0x00, 0x00, 0x00, 0x00, 0x00, 0x00, 0x00, 0x00, 0x00, 0x00, 0x00, 0x00, 0x00, 0x00, 0x00,
    0x00, 0x00, 0x00, 0x00, 0x00, 0x00, 0x00, 0x00, 0x00, 0x00, 0x00, 0x00, 0x00, 0x00, 0x00, 0x00,
    0x00, 0x00, 0x00, 0x00, 0x00, 0x00, 0x00, 0x00, 0x00, 0x00, 0x00, 0x00, 0x00, 0x00, 0x00, 0x00,
    0x00, 0x00, 0x00, 0x00, 0x00, 0x00, 0x00, 0x00, 0x00, 0x00, 0x00, 0x00, 0x00, 0x00, 0x00, 0x00,
    0x00, 0x00, 0x00, 0x00, 0x00, 0x00, 0x00, 0x00, 0x00, 0x00, 0x00, 0x00, 0x00, 0x00, 0x00, 0x00,
    0x00, 0x00, 0x00, 0x00, 0x00, 0x00, 0x00, 0x00, 0x00, 0x00, 0x00, 0x00, 0x00, 0x00, 0x00, 0x00,
    0x00, 0x00, 0x00, 0x00, 0x00, 0x00, 0x00, 0x00, 0x00, 0x00, 0x00, 0x00, 0x00, 0x00, 0x00, 0x00,
    0x00, 0x00, 0x00, 0x00, 0x00, 0x00, 0x00, 0x00, 0x00, 0x00, 0x00, 0x00, 0x00, 0x00, 0x00, 0x00,
    0x00, 0x00, 0x00, 0x00, 0x00, 0x00, 0x00, 0x00, 0x00, 0x00, 0x00, 0x00, 0x00, 0x00, 0x00, 0x00,
    0x00, 0x00, 0x00, 0x00, 0x00, 0x00, 0x00, 0x00, 0x00, 0x00, 0x00, 0x00, 0x00, 0x00, 0x00, 0x00,
    0x00, 0x00, 0x00, 0x00, 0x00, 0x00, 0x00, 0x00, 0x00, 0x00, 0x00, 0x00, 0x00, 0x00, 0x00, 0x00,
    0x00, 0x00, 0x00, 0x00, 0x00, 0x00, 0x00, 0x00, 0x00, 0x00, 0x00, 0x00, 0x00, 0x00, 0x00, 0x00,
    0x00, 0x00, 0x00, 0x00, 0x00, 0x00, 0x00, 0x00, 0x00, 0x00, 0x00, 0x00, 0x00, 0x00, 0x00, 0x00,
    0x00, 0x00, 0x00, 0x00, 0x00, 0x00, 0x00, 0x00, 0x00, 0x00, 0x00, 0x00, 0x00, 0x00, 0x00, 0x00,
    0x00, 0x00, 0x00, 0x00, 0x00, 0x00, 0x00, 0x00, 0x00, 0x00, 0x00, 0x00, 0x00, 0x00, 0x00, 0x00,
    0x00, 0x00, 0x00, 0x00, 0x00, 0x00, 0x00, 0x00, 0x00, 0x00, 0x00, 0x00, 0x00, 0x00, 0x00, 0x00,
    0x00, 0x00, 0x00, 0x00, 0x00, 0x00, 0x00, 0x00, 0x00, 0x00, 0x00, 0x00, 0x00, 0x00, 0x00, 0x00,
    0x00, 0x00, 0x00, 0x00, 0x00, 0x00, 0x00, 0x00, 0x00, 0x00, 0x00, 0x00, 0x00, 0x00, 0x00, 0x00,
    0x00, 0x00, 0x00, 0x00, 0x00, 0x00, 0x00, 0x00, 0x00, 0x00, 0x00, 0x00, 0x00, 0x00, 0x00, 0x00,
    0x00, 0x00, 0x00, 0x00, 0x00, 0x00, 0x00, 0x00, 0x00, 0x00, 0x00, 0x00, 0x00, 0x00, 0x00, 0x00,
    0x00, 0x00, 0x00, 0x00, 0x00, 0x00, 0x00, 0x00, 0x00, 0x00, 0x00, 0x00, 0x00, 0x00, 0x00, 0x00,
    0x00, 0x00, 0x00, 0x00, 0x00, 0x00, 0x00, 0x00, 0x00, 0x00, 0x00, 0x00, 0x00, 0x00, 0x00, 0x00,
    0x00, 0x00, 0x00, 0x00, 0x00, 0x00, 0x00, 0x00, 0x00, 0x00, 0x00, 0x00, 0x00, 0x00, 0x00, 0x00,
    0x00, 0x00, 0x00, 0x00, 0x00, 0x00, 0x00, 0x00, 0x00, 0x00, 0x00, 0x00, 0x00, 0x00, 0x00, 0x00,
    0x00, 0x00, 0x00, 0x00, 0x00, 0x00, 0x00, 0x00, 0x00, 0x00, 0x00, 0x00, 0x00, 0x00, 0x00, 0x00,
    0x00, 0x00, 0x00, 0x00, 0x00, 0x00, 0x00, 0x00, 0x00, 0x00, 0x00, 0x00, 0x00, 0x00, 0x00, 0x00,
    0x00, 0x00, 0x00, 0x00, 0x00, 0x00, 0x00, 0x00, 0x00, 0x00, 0x00, 0x00, 0x00, 0x00, 0x00, 0x00,
    0x00, 0x00, 0x00, 0x00, 0x00, 0x00, 0x00, 0x00, 0x00, 0x00, 0x00, 0x00, 0x00, 0x00, 0x00, 0x00,
    0x00, 0x00, 0x00, 0x00, 0x00, 0x00, 0x00, 0x00, 0x00, 0x00, 0x00, 0x00, 0x00, 0x00, 0x00, 0x00,
    0x00, 0x00, 0x00, 0x00, 0x00, 0x00, 0x00, 0x00, 0x00, 0x00, 0x00, 0x00, 0x00, 0x00, 0x00, 0x00,
    0x00, 0x00, 0x00, 0x00, 0x00, 0x00, 0x00, 0x00, 0x00, 0x00, 0x00, 0x00, 0x00, 0x00, 0x00, 0x00,
    0x00, 0x00, 0x00, 0x00, 0x00, 0x00, 0x00, 0x00, 0x00, 0x00, 0x00, 0x00, 0x00, 0x00, 0x00, 0x00,
    0x00, 0x00, 0x00, 0x00, 0x00, 0x00, 0x00, 0x00, 0x00, 0x00, 0x00, 0x00, 0x00, 0x00, 0x00, 0x00,
    0x00, 0x00, 0x00, 0x00, 0x00, 0x00, 0x00, 0x00, 0x00, 0x00, 0x00, 0x00, 0x00, 0x00, 0x00, 0x00,
    0x00, 0x00, 0x00, 0x00, 0x00, 0x00, 0x00, 0x00, 0x00, 0x00, 0x00, 0x00, 0x00, 0x00, 0x00, 0x00,
    0x00, 0x00, 0x00, 0x00, 0x00, 0x00, 0x00, 0x00, 0x00, 0x00, 0x00, 0x00, 0x00, 0x00, 0x00, 0x00,
    0x00, 0x00, 0x00, 0x00, 0x00, 0x00, 0x00, 0x00, 0x00, 0x00, 0x00, 0x00, 0x00, 0x00, 0x00, 0x00,
    0x00, 0x00, 0x00, 0x00, 0x00, 0x00, 0x00, 0x00, 0x00, 0x00, 0x00, 0x00, 0x00, 0x00, 0x00, 0x00,
    0x00, 0x00, 0x00, 0x00, 0x00, 0x00, 0x00, 0x00, 0x00, 0x00, 0x00, 0x00, 0x00, 0x00, 0x00, 0x00,
    0x00, 0x00, 0x00, 0x00, 0x00, 0x00, 0x00, 0x00, 0x00, 0x00, 0x00, 0x00, 0x00, 0x00, 0x00, 0x00,
    0x00, 0x00, 0x00, 0x00, 0x00, 0x00, 0x00, 0x00, 0x00, 0x00, 0x00, 0x00, 0x00, 0x00, 0x00, 0x00,
    0x00, 0x00, 0x00, 0x00, 0x00, 0x00, 0x00, 0x00, 0x00, 0x00, 0x00, 0x00, 0x00, 0x00, 0x00, 0x00,
    0x00, 0x00, 0x00, 0x00, 0x00, 0x00, 0x00, 0x00, 0x00, 0x00, 0x00, 0x00, 0x00, 0x00, 0x00, 0x00,
    0x00, 0x00, 0x00, 0x00, 0x00, 0x00, 0x00, 0x00, 0x00, 0x00, 0x00, 0x00, 0x00, 0x00, 0x00, 0x00,
    0x00, 0x00, 0x00, 0x00, 0x00, 0x00, 0x00, 0x00, 0x00, 0x00, 0x00, 0x00, 0x00, 0x00, 0x00, 0x00,
    0x00, 0x00, 0x00, 0x00, 0x00, 0x00, 0x00, 0x00, 0x00, 0x00, 0x00, 0x00, 0x00, 0x00, 0x00, 0x00,
    0x00, 0x00, 0x00, 0x00, 0x00, 0x00, 0x00, 0x00, 0x00, 0x00, 0x00, 0x00, 0x00, 0x00, 0x00, 0x00,
    0x00, 0x00, 0x00, 0x00, 0x00, 0x00, 0x00, 0x00, 0x00, 0x00, 0x00, 0x00, 0x00, 0x00, 0x00, 0x00,
    0x00, 0x00, 0x00, 0x00, 0x00, 0x00, 0x00, 0x00, 0x00, 0x00, 0x00, 0x00, 0x00, 0x00, 0x00, 0x00,
    0x00, 0x00, 0x00, 0x00, 0x00, 0x00, 0x00, 0x00, 0x00, 0x00, 0x00, 0x00, 0x00, 0x00, 0x00, 0x00,
    0x00, 0x00, 0x00, 0x00, 0x00, 0x00, 0x00, 0x00, 0x00, 0x00, 0x00, 0x00, 0x00, 0x00, 0x00, 0x00,
    0x00, 0x00, 0x00, 0x00, 0x00, 0x00, 0x00, 0x00, 0x00, 0x00, 0x00, 0x00, 0x00, 0x00, 0x00, 0x00,
    0x00, 0x00, 0x00, 0x00, 0x00, 0x00, 0x00, 0x00, 0x00, 0x00, 0x00, 0x00, 0x00, 0x00, 0x00, 0x00,
    0x00, 0x00, 0x00, 0x00, 0x00, 0x00, 0x00, 0x00, 0x00, 0x00, 0x00, 0x00, 0x00, 0x00, 0x00, 0x00,
    0x00, 0x00, 0x00, 0x00, 0x00, 0x00, 0x00, 0x00, 0x00, 0x00, 0x00, 0x00, 0x00, 0x00, 0x00, 0x00,
    0x00, 0x00, 0x00, 0x00, 0x00, 0x00, 0x00, 0x00, 0x00, 0x00, 0x00, 0x00, 0x00, 0x00, 0x00, 0x00,
    0x00, 0x00, 0x00, 0x00, 0x00, 0x00, 0x00, 0x00, 0x00, 0x00, 0x00, 0x00, 0x00, 0x00, 0x00, 0x00,
    0x00, 0x00, 0x00, 0x00, 0x00, 0x00, 0x00, 0x00, 0x00, 0x00, 0x00, 0x00, 0x00, 0x00, 0x00, 0x00,
    0x00, 0x00, 0x00, 0x00, 0x00, 0x00, 0x00, 0x00, 0x00, 0x00, 0x00, 0x00, 0x00, 0x00, 0x00, 0x00,
    0x00, 0x00, 0x00, 0x00, 0x00, 0x00, 0x00, 0x00, 0x00, 0x00, 0x00, 0x00, 0x00, 0x00, 0x00, 0x00,
    0x00, 0x00, 0x00, 0x00, 0x00, 0x00, 0x00, 0x00, 0x00, 0x00, 0x00, 0x00, 0x00, 0x00, 0x00, 0x00,
    0x00, 0x00, 0x00, 0x00, 0x00, 0x00, 0x00, 0x00, 0x00, 0x00, 0x00, 0x00, 0x00, 0x00, 0x00, 0x00,
    0x00, 0x00, 0x00, 0x00, 0x00, 0x00, 0x00, 0x00, 0x00, 0x00, 0x00, 0x00, 0x00, 0x00, 0x00, 0x00,
    0x00, 0x00, 0x00, 0x00, 0x00, 0x00, 0x00, 0x00, 0x00, 0x00, 0x00, 0x00, 0x00, 0x00, 0x00, 0x00,
    0x00, 0x00, 0x00, 0x00, 0x00, 0x00, 0x00, 0x00, 0x00, 0x00, 0x00, 0x00, 0x00, 0x00, 0x00, 0x00,
    0x00, 0x00, 0x00, 0x00, 0x00, 0x00, 0x00, 0x00, 0x00, 0x00, 0x00, 0x00, 0x00, 0x00, 0x00, 0x00,
    0x00, 0x00, 0x00, 0x00, 0x00, 0x00, 0x00, 0x00, 0x00, 0x00, 0x00, 0x00, 0x00, 0x00, 0x00, 0x00,
    0x00, 0x00, 0x00, 0x00, 0x00, 0x00, 0x00, 0x00, 0x00, 0x00, 0x00, 0x00, 0x00, 0x00, 0x00, 0x00,
    0x00, 0x00, 0x00, 0x00, 0x00, 0x00, 0x00, 0x00, 0x00, 0x00, 0x00, 0x00, 0x00, 0x00, 0x00, 0x00,
    0x00, 0x00, 0x00, 0x00, 0x00, 0x00, 0x00, 0x00, 0x00, 0x00, 0x00, 0x00, 0x00, 0x00, 0x00, 0x00,
    0x00, 0x00, 0x00, 0x00, 0x00, 0x00, 0x00, 0x00, 0x00, 0x00, 0x00, 0x00, 0x00, 0x00, 0x00, 0x00,
    0x00, 0x00, 0x00, 0x00, 0x00, 0x00, 0x00, 0x00, 0x00, 0x00, 0x00, 0x00, 0x00, 0x00, 0x00, 0x00,
    0x00, 0x00, 0x00, 0x00, 0x00, 0x00, 0x00, 0x00, 0x00, 0x00, 0x00, 0x00, 0x00, 0x00, 0x00, 0x00,
    0x00, 0x00, 0x00, 0x00, 0x00, 0x00, 0x00, 0x00, 0x00, 0x00, 0x00, 0x00, 0x00, 0x00, 0x00, 0x00,
    0x00, 0x00, 0x00, 0x00, 0x00, 0x00, 0x00, 0x00, 0x00, 0x00, 0x00, 0x00, 0x00, 0x00, 0x00, 0x00,
    0x00, 0x00, 0x00, 0x00, 0x00, 0x00, 0x00, 0x00, 0x00, 0x00, 0x00, 0x00, 0x00, 0x00, 0x00, 0x00,
    0x00, 0x00, 0x00, 0x00, 0x00, 0x00, 0x00, 0x00, 0x00, 0x00, 0x00, 0x00, 0x00, 0x00, 0x00, 0x00,
    0x00, 0x00, 0x00, 0x00, 0x00, 0x00, 0x00, 0x00, 0x00, 0x00, 0x00, 0x00, 0x00, 0x00, 0x00, 0x00,
    0x00, 0x00, 0x00, 0x00, 0x00, 0x00, 0x00, 0x00, 0x00, 0x00, 0x00, 0x00, 0x00, 0x00, 0x00, 0x00,
    0x00, 0x00, 0x00, 0x00, 0x00, 0x00, 0x00, 0x00, 0x00, 0x00, 0x00, 0x00, 0x00, 0x00, 0x00, 0x00,
    0x00, 0x00, 0x00, 0x00, 0x00, 0x00, 0x00, 0x00, 0x00, 0x00, 0x00, 0x00, 0x00, 0x00, 0x00, 0x00,
    0x00, 0x00, 0x00, 0x00, 0x00, 0x00, 0x00, 0x00, 0x00, 0x00, 0x00, 0x00, 0x00, 0x00, 0x00, 0x00,
    0x00, 0x00, 0x00, 0x00, 0x00, 0x00, 0x00, 0x00, 0x00, 0x00, 0x00, 0x00, 0x00, 0x00, 0x00, 0x00,
    0x00, 0x00, 0x00, 0x00, 0x00, 0x00, 0x00, 0x00, 0x00, 0x00, 0x00, 0x00, 0x00, 0x00, 0x00, 0x00,
    0x00, 0x00, 0x00, 0x00, 0x00, 0x00, 0x00, 0x00, 0x00, 0x00, 0x00, 0x00, 0x00, 0x00, 0x00, 0x00,
    0x00, 0x00, 0x00, 0x00, 0x00, 0x00, 0x00, 0x00, 0x00, 0x00, 0x00, 0x00, 0x00, 0x00, 0x00, 0x00,
    0x00, 0x00, 0x00, 0x00, 0x00, 0x00, 0x00, 0x00, 0x00, 0x00, 0x00, 0x00, 0x00, 0x00, 0x00, 0x00,
    0x00, 0x00, 0x00, 0x00, 0x00, 0x00, 0x00, 0x00, 0x00, 0x00, 0x00, 0x00, 0x00, 0x00, 0x00, 0x00,
    0x00, 0x00, 0x00, 0x00, 0x00, 0x00, 0x00, 0x00, 0x00, 0x00, 0x00, 0x00, 0x00, 0x00, 0x00, 0x00,
    0x00, 0x00, 0x00, 0x00, 0x00, 0x00, 0x00, 0x00, 0x00, 0x00, 0x00, 0x00, 0x00, 0x00, 0x00, 0x00,
    0x00, 0x00, 0x00, 0x00, 0x00, 0x00, 0x00, 0x00, 0x00, 0x00, 0x00, 0x00, 0x00, 0x00, 0x00, 0x00,
    0x00, 0x00, 0x00, 0x00, 0x00, 0x00, 0x00, 0x00, 0x00, 0x00, 0x00, 0x00, 0x00, 0x00, 0x00, 0x00,
    0x00, 0x00, 0x00, 0x00, 0x00, 0x00, 0x00, 0x00, 0x00, 0x00, 0x00, 0x00, 0x00, 0x00, 0x00, 0x00,
    0x00, 0x00, 0x00, 0x00, 0x00, 0x00, 0x00, 0x00, 0x00, 0x00, 0x00, 0x00, 0x00, 0x00, 0x00, 0x00,
    0x00, 0x00, 0x00, 0x00, 0x00, 0x00, 0x00, 0x00, 0x00, 0x00, 0x00, 0x00, 0x00, 0x00, 0x00, 0x00,
    0x00, 0x00, 0x00, 0x00, 0x00, 0x00, 0x00, 0x00, 0x00, 0x00, 0x00, 0x00, 0x00, 0x00, 0x00, 0x00,
    0x00, 0x00, 0x00, 0x00, 0x00, 0x00, 0x00, 0x00, 0x00, 0x00, 0x00, 0x00, 0x00, 0x00, 0x00, 0x00,
    0x00, 0x00, 0x00, 0x00, 0x00, 0x00, 0x00, 0x00, 0x00, 0x00, 0x00, 0x00, 0x00, 0x00, 0x00, 0x00,
    0x00, 0x00, 0x00, 0x00, 0x00, 0x00, 0x00, 0x00, 0x00, 0x00, 0x00, 0x00, 0x00, 0x00, 0x00, 0x00,
    0x00, 0x00, 0x00, 0x00, 0x00, 0x00, 0x00, 0x00, 0x00, 0x00, 0x00, 0x00, 0x00, 0x00, 0x00, 0x00,
    0x00, 0x00, 0x00, 0x00, 0x00, 0x00, 0x00, 0x00, 0x00, 0x00, 0x00, 0x00, 0x00, 0x00, 0x00, 0x00,
    0x00, 0x00, 0x00, 0x00, 0x00, 0x00, 0x00, 0x00, 0x00, 0x00, 0x00, 0x00, 0x00, 0x00, 0x00, 0x00
};

const lv_image_dsc_t pet_cat_play_09 = {
    .header = {
        .magic = LV_IMAGE_HEADER_MAGIC,
        .cf = LV_COLOR_FORMAT_ARGB8888,
        .flags = 0,
        .w = 128,
        .h = 128,
        .stride = 512,
    },
    .data_size = 65536,
    .data = pet_cat_play_09_map,
};
