/* Auto-generated — do not edit */
#include <lvgl/lvgl.h>

static const uint8_t pet_cat_touch_07_map[] = {
    0x00, 0x00, 0x00, 0x00, 0x00, 0x00, 0x00, 0x00, 0x00, 0x00, 0x00, 0x00, 0x00, 0x00, 0x00, 0x00,
    0x00, 0x00, 0x00, 0x00, 0x00, 0x00, 0x00, 0x00, 0x00, 0x00, 0x00, 0x00, 0x00, 0x00, 0x00, 0x00,
    0x00, 0x00, 0x00, 0x00, 0x00, 0x00, 0x00, 0x00, 0x00, 0x00, 0x00, 0x00, 0x00, 0x00, 0x00, 0x00,
    0x00, 0x00, 0x00, 0x00, 0x00, 0x00, 0x00, 0x00, 0x00, 0x00, 0x00, 0x00, 0x00, 0x00, 0x00, 0x00,
    0x00, 0x00, 0x00, 0x00, 0x00, 0x00, 0x00, 0x00, 0x00, 0x00, 0x00, 0x00, 0x00, 0x00, 0x00, 0x00,
    0x00, 0x00, 0x00, 0x00, 0x00, 0x00, 0x00, 0x00, 0x00, 0x00, 0x00, 0x00, 0x00, 0x00, 0x00, 0x00,
    0x00, 0x00, 0x00, 0x00, 0x00, 0x00, 0x00, 0x00, 0x00, 0x00, 0x00, 0x00, 0x00, 0x00, 0x00, 0x00,
    0x00, 0x00, 0x00, 0x00, 0x00, 0x00, 0x00, 0x00, 0x00, 0x00, 0x00, 0x00, 0x00, 0x00, 0x00, 0x00,
    0x00, 0x00, 0x00, 0x00, 0x00, 0x00, 0x00, 0x00, 0x00, 0x00, 0x00, 0x00, 0x00, 0x00, 0x00, 0x00,
    0x00, 0x00, 0x00, 0x00, 0x00, 0x00, 0x00, 0x00, 0x00, 0x00, 0x00, 0x00, 0x00, 0x00, 0x00, 0x00,
    0x00, 0x00, 0x00, 0x00, 0x00, 0x00, 0x00, 0x00, 0x00, 0x00, 0x00, 0x00, 0x00, 0x00, 0x00, 0x00,
    0x00, 0x00, 0x00, 0x00, 0x00, 0x00, 0x00, 0x00, 0x00, 0x00, 0x00, 0x00, 0x00, 0x00, 0x00, 0x00,
    0x00, 0x00, 0x00, 0x00, 0x00, 0x00, 0x00, 0x00, 0x00, 0x00, 0x00, 0x00, 0x00, 0x00, 0x00, 0x00,
    0x00, 0x00, 0x00, 0x00, 0x00, 0x00, 0x00, 0x00, 0x00, 0x00, 0x00, 0x00, 0x00, 0x00, 0x00, 0x00,
    0x00, 0x00, 0x00, 0x00, 0x00, 0x00, 0x00, 0x00, 0x00, 0x00, 0x00, 0x00, 0x00, 0x00, 0x00, 0x00,
    0x00, 0x00, 0x00, 0x00, 0x00, 0x00, 0x00, 0x00, 0x00, 0x00, 0x00, 0x00, 0x00, 0x00, 0x00, 0x00,
    0x00, 0x00, 0x00, 0x00, 0x00, 0x00, 0x00, 0x00, 0x00, 0x00, 0x00, 0x00, 0x00, 0x00, 0x00, 0x00,
    0x00, 0x00, 0x00, 0x00, 0x00, 0x00, 0x00, 0x00, 0x00, 0x00, 0x00, 0x00, 0x00, 0x00, 0x00, 0x00,
    0x00, 0x00, 0x00, 0x00, 0x00, 0x00, 0x00, 0x00, 0x00, 0x00, 0x00, 0x00, 0x00, 0x00, 0x00, 0x00,
    0x00, 0x00, 0x00, 0x00, 0x00, 0x00, 0x00, 0x00, 0x00, 0x00, 0x00, 0x00, 0x00, 0x00, 0x00, 0x00,
    0x00, 0x00, 0x00, 0x00, 0x00, 0x00, 0x00, 0x00, 0x00, 0x00, 0x00, 0x00, 0x00, 0x00, 0x00, 0x00,
    0x00, 0x00, 0x00, 0x00, 0x00, 0x00, 0x00, 0x00, 0x00, 0x00, 0x00, 0x00, 0x00, 0x00, 0x00, 0x00,
    0x00, 0x00, 0x00, 0x00, 0x00, 0x00, 0x00, 0x00, 0x00, 0x00, 0x00, 0x00, 0x00, 0x00, 0x00, 0x00,
    0x00, 0x00, 0x00, 0x00, 0x00, 0x00, 0x00, 0x00, 0x00, 0x00, 0x00, 0x00, 0x00, 0x00, 0x00, 0x00,
    0x00, 0x00, 0x00, 0x00, 0x00, 0x00, 0x00, 0x00, 0x00, 0x00, 0x00, 0x00, 0x00, 0x00, 0x00, 0x00,
    0x00, 0x00, 0x00, 0x00, 0x00, 0x00, 0x00, 0x00, 0x00, 0x00, 0x00, 0x00, 0x00, 0x00, 0x00, 0x00,
    0x00, 0x00, 0x00, 0x00, 0x00, 0x00, 0x00, 0x00, 0x00, 0x00, 0x00, 0x00, 0x00, 0x00, 0x00, 0x00,
    0x00, 0x00, 0x00, 0x00, 0x00, 0x00, 0x00, 0x00, 0x00, 0x00, 0x00, 0x00, 0x00, 0x00, 0x00, 0x00,
    0x00, 0x00, 0x00, 0x00, 0x00, 0x00, 0x00, 0x00, 0x00, 0x00, 0x00, 0x00, 0x00, 0x00, 0x00, 0x00,
    0x00, 0x00, 0x00, 0x00, 0x00, 0x00, 0x00, 0x00, 0x00, 0x00, 0x00, 0x00, 0x00, 0x00, 0x00, 0x00,
    0x00, 0x00, 0x00, 0x00, 0x00, 0x00, 0x00, 0x00, 0x00, 0x00, 0x00, 0x00, 0x00, 0x00, 0x00, 0x00,
    0x00, 0x00, 0x00, 0x00, 0x00, 0x00, 0x00, 0x00, 0x00, 0x00, 0x00, 0x00, 0x00, 0x00, 0x00, 0x00,
    0x00, 0x00, 0x00, 0x00, 0x00, 0x00, 0x00, 0x00, 0x00, 0x00, 0x00, 0x00, 0x00, 0x00, 0x00, 0x00,
    0x00, 0x00, 0x00, 0x00, 0x00, 0x00, 0x00, 0x00, 0x00, 0x00, 0x00, 0x00, 0x00, 0x00, 0x00, 0x00,
    0x00, 0x00, 0x00, 0x00, 0x00, 0x00, 0x00, 0x00, 0x00, 0x00, 0x00, 0x00, 0x00, 0x00, 0x00, 0x00,
    0x00, 0x00, 0x00, 0x00, 0x00, 0x00, 0x00, 0x00, 0x00, 0x00, 0x00, 0x00, 0x00, 0x00, 0x00, 0x00,
    0x00, 0x00, 0x00, 0x00, 0x00, 0x00, 0x00, 0x00, 0x00, 0x00, 0x00, 0x00, 0x00, 0x00, 0x00, 0x00,
    0x00, 0x00, 0x00, 0x00, 0x00, 0x00, 0x00, 0x00, 0x00, 0x00, 0x00, 0x00, 0x00, 0x00, 0x00, 0x00,
    0x00, 0x00, 0x00, 0x00, 0x00, 0x00, 0x00, 0x00, 0x00, 0x00, 0x00, 0x00, 0x00, 0x00, 0x00, 0x00,
    0x00, 0x00, 0x00, 0x00, 0x00, 0x00, 0x00, 0x00, 0x00, 0x00, 0x00, 0x00, 0x00, 0x00, 0x00, 0x00,
    0x00, 0x00, 0x00, 0x00, 0x00, 0x00, 0x00, 0x00, 0x00, 0x00, 0x00, 0x00, 0x00, 0x00, 0x00, 0x00,
    0x00, 0x00, 0x00, 0x00, 0x00, 0x00, 0x00, 0x00, 0x00, 0x00, 0x00, 0x00, 0x00, 0x00, 0x00, 0x00,
    0x00, 0x00, 0x00, 0x00, 0x00, 0x00, 0x00, 0x00, 0x00, 0x00, 0x00, 0x00, 0x00, 0x00, 0x00, 0x00,
    0x00, 0x00, 0x00, 0x00, 0x00, 0x00, 0x00, 0x00, 0x00, 0x00, 0x00, 0x00, 0x00, 0x00, 0x00, 0x00,
    0x00, 0x00, 0x00, 0x00, 0x00, 0x00, 0x00, 0x00, 0x00, 0x00, 0x00, 0x00, 0x00, 0x00, 0x00, 0x00,
    0x00, 0x00, 0x00, 0x00, 0x00, 0x00, 0x00, 0x00, 0x00, 0x00, 0x00, 0x00, 0x00, 0x00, 0x00, 0x00,
    0x00, 0x00, 0x00, 0x00, 0x00, 0x00, 0x00, 0x00, 0x00, 0x00, 0x00, 0x00, 0x00, 0x00, 0x00, 0x00,
    0x00, 0x00, 0x00, 0x00, 0x00, 0x00, 0x00, 0x00, 0x00, 0x00, 0x00, 0x00, 0x00, 0x00, 0x00, 0x00,
    0x00, 0x00, 0x00, 0x00, 0x00, 0x00, 0x00, 0x00, 0x00, 0x00, 0x00, 0x00, 0x00, 0x00, 0x00, 0x00,
    0x00, 0x00, 0x00, 0x00, 0x00, 0x00, 0x00, 0x00, 0x00, 0x00, 0x00, 0x00, 0x00, 0x00, 0x00, 0x00,
    0x00, 0x00, 0x00, 0x00, 0x00, 0x00, 0x00, 0x00, 0x00, 0x00, 0x00, 0x00, 0x00, 0x00, 0x00, 0x00,
    0x00, 0x00, 0x00, 0x00, 0x00, 0x00, 0x00, 0x00, 0x00, 0x00, 0x00, 0x00, 0x00, 0x00, 0x00, 0x00,
    0x00, 0x00, 0x00, 0x00, 0x00, 0x00, 0x00, 0x00, 0x00, 0x00, 0x00, 0x00, 0x00, 0x00, 0x00, 0x00,
    0x00, 0x00, 0x00, 0x00, 0x00, 0x00, 0x00, 0x00, 0x00, 0x00, 0x00, 0x00, 0x00, 0x00, 0x00, 0x00,
    0x00, 0x00, 0x00, 0x00, 0x00, 0x00, 0x00, 0x00, 0x00, 0x00, 0x00, 0x00, 0x00, 0x00, 0x00, 0x00,
    0x00, 0x00, 0x00, 0x00, 0x00, 0x00, 0x00, 0x00, 0x00, 0x00, 0x00, 0x00, 0x00, 0x00, 0x00, 0x00,
    0x00, 0x00, 0x00, 0x00, 0x00, 0x00, 0x00, 0x00, 0x00, 0x00, 0x00, 0x00, 0x00, 0x00, 0x00, 0x00,
    0x00, 0x00, 0x00, 0x00, 0x00, 0x00, 0x00, 0x00, 0x00, 0x00, 0x00, 0x00, 0x00, 0x00, 0x00, 0x00,
    0x00, 0x00, 0x00, 0x00, 0x00, 0x00, 0x00, 0x00, 0x00, 0x00, 0x00, 0x00, 0x00, 0x00, 0x00, 0x00,
    0x00, 0x00, 0x00, 0x00, 0x00, 0x00, 0x00, 0x00, 0x00, 0x00, 0x00, 0x00, 0x00, 0x00, 0x00, 0x00,
    0x00, 0x00, 0x00, 0x00, 0x00, 0x00, 0x00, 0x00, 0x00, 0x00, 0x00, 0x00, 0x00, 0x00, 0x00, 0x00,
    0x00, 0x00, 0x00, 0x00, 0x00, 0x00, 0x00, 0x00, 0x00, 0x00, 0x00, 0x00, 0x00, 0x00, 0x00, 0x00,
    0x00, 0x00, 0x00, 0x00, 0x00, 0x00, 0x00, 0x00, 0x00, 0x00, 0x00, 0x00, 0x00, 0x00, 0x00, 0x00,
    0x00, 0x00, 0x00, 0x00, 0x00, 0x00, 0x00, 0x00, 0x00, 0x00, 0x00, 0x00, 0x00, 0x00, 0x00, 0x00,
    0x00, 0x00, 0x00, 0x00, 0x00, 0x00, 0x00, 0x00, 0x00, 0x00, 0x00, 0x00, 0x00, 0x00, 0x00, 0x00,
    0x00, 0x00, 0x00, 0x00, 0x00, 0x00, 0x00, 0x00, 0x00, 0x00, 0x00, 0x00, 0x00, 0x00, 0x00, 0x00,
    0x00, 0x00, 0x00, 0x00, 0x00, 0x00, 0x00, 0x00, 0x00, 0x00, 0x00, 0x00, 0x00, 0x00, 0x00, 0x00,
    0x00, 0x00, 0x00, 0x00, 0x00, 0x00, 0x00, 0x00, 0x00, 0x00, 0x00, 0x00, 0x00, 0x00, 0x00, 0x00,
    0x00, 0x00, 0x00, 0x00, 0x00, 0x00, 0x00, 0x00, 0x00, 0x00, 0x00, 0x00, 0x00, 0x00, 0x00, 0x00,
    0x00, 0x00, 0x00, 0x00, 0x00, 0x00, 0x00, 0x00, 0x00, 0x00, 0x00, 0x00, 0x00, 0x00, 0x00, 0x00,
    0x00, 0x00, 0x00, 0x00, 0x00, 0x00, 0x00, 0x00, 0x00, 0x00, 0x00, 0x00, 0x00, 0x00, 0x00, 0x00,
    0x00, 0x00, 0x00, 0x00, 0x00, 0x00, 0x00, 0x00, 0x00, 0x00, 0x00, 0x00, 0x00, 0x00, 0x00, 0x00,
    0x00, 0x00, 0x00, 0x00, 0x00, 0x00, 0x00, 0x00, 0x00, 0x00, 0x00, 0x00, 0x00, 0x00, 0x00, 0x00,
    0x00, 0x00, 0x00, 0x00, 0x00, 0x00, 0x00, 0x00, 0x00, 0x00, 0x00, 0x00, 0x00, 0x00, 0x00, 0x00,
    0x00, 0x00, 0x00, 0x00, 0x00, 0x00, 0x00, 0x00, 0x00, 0x00, 0x00, 0x00, 0x00, 0x00, 0x00, 0x00,
    0x00, 0x00, 0x00, 0x00, 0x00, 0x00, 0x00, 0x00, 0x00, 0x00, 0x00, 0x00, 0x00, 0x00, 0x00, 0x00,
    0x00, 0x00, 0x00, 0x00, 0x00, 0x00, 0x00, 0x00, 0x00, 0x00, 0x00, 0x00, 0x00, 0x00, 0x00, 0x00,
    0x00, 0x00, 0x00, 0x00, 0x00, 0x00, 0x00, 0x00, 0x00, 0x00, 0x00, 0x00, 0x00, 0x00, 0x00, 0x00,
    0x00, 0x00, 0x00, 0x00, 0x00, 0x00, 0x00, 0x00, 0x00, 0x00, 0x00, 0x00, 0x00, 0x00, 0x00, 0x00,
    0x00, 0x00, 0x00, 0x00, 0x00, 0x00, 0x00, 0x00, 0x00, 0x00, 0x00, 0x00, 0x00, 0x00, 0x00, 0x00,
    0x00, 0x00, 0x00, 0x00, 0x00, 0x00, 0x00, 0x00, 0x00, 0x00, 0x00, 0x00, 0x00, 0x00, 0x00, 0x00,
    0x00, 0x00, 0x00, 0x00, 0x00, 0x00, 0x00, 0x00, 0x00, 0x00, 0x00, 0x00, 0x00, 0x00, 0x00, 0x00,
    0x00, 0x00, 0x00, 0x00, 0x00, 0x00, 0x00, 0x00, 0x00, 0x00, 0x00, 0x00, 0x00, 0x00, 0x00, 0x00,
    0x00, 0x00, 0x00, 0x00, 0x00, 0x00, 0x00, 0x00, 0x00, 0x00, 0x00, 0x00, 0x00, 0x00, 0x00, 0x00,
    0x00, 0x00, 0x00, 0x00, 0x00, 0x00, 0x00, 0x00, 0x00, 0x00, 0x00, 0x00, 0x00, 0x00, 0x00, 0x00,
    0x00, 0x00, 0x00, 0x00, 0x00, 0x00, 0x00, 0x00, 0x00, 0x00, 0x00, 0x00, 0x00, 0x00, 0x00, 0x00,
    0x00, 0x00, 0x00, 0x00, 0x00, 0x00, 0x00, 0x00, 0x00, 0x00, 0x00, 0x00, 0x00, 0x00, 0x00, 0x00,
    0x00, 0x00, 0x00, 0x00, 0x00, 0x00, 0x00, 0x00, 0x00, 0x00, 0x00, 0x00, 0x00, 0x00, 0x00, 0x00,
    0x00, 0x00, 0x00, 0x00, 0x00, 0x00, 0x00, 0x00, 0x00, 0x00, 0x00, 0x00, 0x00, 0x00, 0x00, 0x00,
    0x00, 0x00, 0x00, 0x00, 0x00, 0x00, 0x00, 0x00, 0x00, 0x00, 0x00, 0x00, 0x00, 0x00, 0x00, 0x00,
    0x00, 0x00, 0x00, 0x00, 0x00, 0x00, 0x00, 0x00, 0x00, 0x00, 0x00, 0x00, 0x00, 0x00, 0x00, 0x00,
    0x00, 0x00, 0x00, 0x00, 0x00, 0x00, 0x00, 0x00, 0x00, 0x00, 0x00, 0x00, 0x00, 0x00, 0x00, 0x00,
    0x00, 0x00, 0x00, 0x00, 0x00, 0x00, 0x00, 0x00, 0x00, 0x00, 0x00, 0x00, 0x00, 0x00, 0x00, 0x00,
    0x00, 0x00, 0x00, 0x00, 0x00, 0x00, 0x00, 0x00, 0x00, 0x00, 0x00, 0x00, 0x00, 0x00, 0x00, 0x00,
    0x00, 0x00, 0x00, 0x00, 0x00, 0x00, 0x00, 0x00, 0x00, 0x00, 0x00, 0x00, 0x00, 0x00, 0x00, 0x00,
    0x00, 0x00, 0x00, 0x00, 0x00, 0x00, 0x00, 0x00, 0x00, 0x00, 0x00, 0x00, 0x00, 0x00, 0x00, 0x00,
    0x00, 0x00, 0x00, 0x00, 0x00, 0x00, 0x00, 0x00, 0x00, 0x00, 0x00, 0x00, 0x00, 0x00, 0x00, 0x00,
    0x00, 0x00, 0x00, 0x00, 0x00, 0x00, 0x00, 0x00, 0x00, 0x00, 0x00, 0x00, 0x00, 0x00, 0x00, 0x00,
    0x00, 0x00, 0x00, 0x00, 0x00, 0x00, 0x00, 0x00, 0x00, 0x00, 0x00, 0x00, 0x00, 0x00, 0x00, 0x00,
    0x00, 0x00, 0x00, 0x00, 0x00, 0x00, 0x00, 0x00, 0x00, 0x00, 0x00, 0x00, 0x00, 0x00, 0x00, 0x00,
    0x00, 0x00, 0x00, 0x00, 0x00, 0x00, 0x00, 0x00, 0x00, 0x00, 0x00, 0x00, 0x00, 0x00, 0x00, 0x00,
    0x00, 0x00, 0x00, 0x00, 0x00, 0x00, 0x00, 0x00, 0x00, 0x00, 0x00, 0x00, 0x00, 0x00, 0x00, 0x00,
    0x00, 0x00, 0x00, 0x00, 0x00, 0x00, 0x00, 0x00, 0x00, 0x00, 0x00, 0x00, 0x00, 0x00, 0x00, 0x00,
    0x00, 0x00, 0x00, 0x00, 0x00, 0x00, 0x00, 0x00, 0x00, 0x00, 0x00, 0x00, 0x00, 0x00, 0x00, 0x00,
    0x00, 0x00, 0x00, 0x00, 0x00, 0x00, 0x00, 0x00, 0x00, 0x00, 0x00, 0x00, 0x00, 0x00, 0x00, 0x00,
    0x00, 0x00, 0x00, 0x00, 0x00, 0x00, 0x00, 0x00, 0x00, 0x00, 0x00, 0x00, 0x00, 0x00, 0x00, 0x00,
    0x00, 0x00, 0x00, 0x00, 0x00, 0x00, 0x00, 0x00, 0x00, 0x00, 0x00, 0x00, 0x00, 0x00, 0x00, 0x00,
    0x00, 0x00, 0x00, 0x00, 0x00, 0x00, 0x00, 0x00, 0x00, 0x00, 0x00, 0x00, 0x00, 0x00, 0x00, 0x00,
    0x00, 0x00, 0x00, 0x00, 0x00, 0x00, 0x00, 0x00, 0x00, 0x00, 0x00, 0x00, 0x00, 0x00, 0x00, 0x00,
    0x00, 0x00, 0x00, 0x00, 0x00, 0x00, 0x00, 0x00, 0x00, 0x00, 0x00, 0x00, 0x00, 0x00, 0x00, 0x00,
    0x00, 0x00, 0x00, 0x00, 0x00, 0x00, 0x00, 0x00, 0x00, 0x00, 0x00, 0x00, 0x00, 0x00, 0x00, 0x00,
    0x00, 0x00, 0x00, 0x00, 0x00, 0x00, 0x00, 0x00, 0x00, 0x00, 0x00, 0x00, 0x00, 0x00, 0x00, 0x00,
    0x00, 0x00, 0x00, 0x00, 0x00, 0x00, 0x00, 0x00, 0x00, 0x00, 0x00, 0x00, 0x00, 0x00, 0x00, 0x00,
    0x00, 0x00, 0x00, 0x00, 0x00, 0x00, 0x00, 0x00, 0x00, 0x00, 0x00, 0x00, 0x00, 0x00, 0x00, 0x00,
    0x00, 0x00, 0x00, 0x00, 0x00, 0x00, 0x00, 0x00, 0x00, 0x00, 0x00, 0x00, 0x00, 0x00, 0x00, 0x00,
    0x00, 0x00, 0x00, 0x00, 0x00, 0x00, 0x00, 0x00, 0x00, 0x00, 0x00, 0x00, 0x00, 0x00, 0x00, 0x00,
    0x00, 0x00, 0x00, 0x00, 0x00, 0x00, 0x00, 0x00, 0x00, 0x00, 0x00, 0x00, 0x00, 0x00, 0x00, 0x00,
    0x00, 0x00, 0x00, 0x00, 0x00, 0x00, 0x00, 0x00, 0x00, 0x00, 0x00, 0x00, 0x00, 0x00, 0x00, 0x00,
    0x00, 0x00, 0x00, 0x00, 0x00, 0x00, 0x00, 0x00, 0x00, 0x00, 0x00, 0x00, 0x00, 0x00, 0x00, 0x00,
    0x00, 0x00, 0x00, 0x00, 0x00, 0x00, 0x00, 0x00, 0x00, 0x00, 0x00, 0x00, 0x00, 0x00, 0x00, 0x00,
    0x00, 0x00, 0x00, 0x00, 0x00, 0x00, 0x00, 0x00, 0x00, 0x00, 0x00, 0x00, 0x00, 0x00, 0x00, 0x00,
    0x00, 0x00, 0x00, 0x00, 0x00, 0x00, 0x00, 0x00, 0x00, 0x00, 0x00, 0x00, 0x00, 0x00, 0x00, 0x00,
    0x00, 0x00, 0x00, 0x00, 0x00, 0x00, 0x00, 0x00, 0x00, 0x00, 0x00, 0x00, 0x00, 0x00, 0x00, 0x00,
    0x00, 0x00, 0x00, 0x00, 0x00, 0x00, 0x00, 0x00, 0x00, 0x00, 0x00, 0x00, 0x00, 0x00, 0x00, 0x00,
    0x00, 0x00, 0x00, 0x00, 0x00, 0x00, 0x00, 0x00, 0x00, 0x00, 0x00, 0x00, 0x00, 0x00, 0x00, 0x00,
    0x00, 0x00, 0x00, 0x00, 0x00, 0x00, 0x00, 0x00, 0x00, 0x00, 0x00, 0x00, 0x00, 0x00, 0x00, 0x00,
    0x00, 0x00, 0x00, 0x00, 0x00, 0x00, 0x00, 0x00, 0x00, 0x00, 0x00, 0x00, 0x00, 0x00, 0x00, 0x00,
    0x00, 0x00, 0x00, 0x00, 0x00, 0x00, 0x00, 0x00, 0x00, 0x00, 0x00, 0x00, 0x00, 0x00, 0x00, 0x00,
    0x00, 0x00, 0x00, 0x00, 0x00, 0x00, 0x00, 0x00, 0x00, 0x00, 0x00, 0x00, 0x00, 0x00, 0x00, 0x00,
    0x00, 0x00, 0x00, 0x00, 0x00, 0x00, 0x00, 0x00, 0x00, 0x00, 0x00, 0x00, 0x00, 0x00, 0x00, 0x00,
    0x00, 0x00, 0x00, 0x00, 0x00, 0x00, 0x00, 0x00, 0x00, 0x00, 0x00, 0x00, 0x00, 0x00, 0x00, 0x00,
    0x00, 0x00, 0x00, 0x00, 0x00, 0x00, 0x00, 0x00, 0x00, 0x00, 0x00, 0x00, 0x00, 0x00, 0x00, 0x00,
    0x00, 0x00, 0x00, 0x00, 0x00, 0x00, 0x00, 0x00, 0x00, 0x00, 0x00, 0x00, 0x00, 0x00, 0x00, 0x00,
    0x00, 0x00, 0x00, 0x00, 0x00, 0x00, 0x00, 0x00, 0x00, 0x00, 0x00, 0x00, 0x00, 0x00, 0x00, 0x00,
    0x00, 0x00, 0x00, 0x00, 0x00, 0x00, 0x00, 0x00, 0x00, 0x00, 0x00, 0x00, 0x00, 0x00, 0x00, 0x00,
    0x00, 0x00, 0x00, 0x00, 0x00, 0x00, 0x00, 0x00, 0x00, 0x00, 0x00, 0x00, 0x00, 0x00, 0x00, 0x00,
    0x00, 0x00, 0x00, 0x00, 0x00, 0x00, 0x00, 0x00, 0x00, 0x00, 0x00, 0x00, 0x00, 0x00, 0x00, 0x00,
    0x00, 0x00, 0x00, 0x00, 0x00, 0x00, 0x00, 0x00, 0x00, 0x00, 0x00, 0x00, 0x00, 0x00, 0x00, 0x00,
    0x00, 0x00, 0x00, 0x00, 0x00, 0x00, 0x00, 0x00, 0x00, 0x00, 0x00, 0x00, 0x00, 0x00, 0x00, 0x00,
    0x00, 0x00, 0x00, 0x00, 0x00, 0x00, 0x00, 0x00, 0x00, 0x00, 0x00, 0x00, 0x00, 0x00, 0x00, 0x00,
    0x00, 0x00, 0x00, 0x00, 0x00, 0x00, 0x00, 0x00, 0x00, 0x00, 0x00, 0x00, 0x00, 0x00, 0x00, 0x00,
    0x00, 0x00, 0x00, 0x00, 0x00, 0x00, 0x00, 0x00, 0x00, 0x00, 0x00, 0x00, 0x00, 0x00, 0x00, 0x00,
    0x00, 0x00, 0x00, 0x00, 0x00, 0x00, 0x00, 0x00, 0x00, 0x00, 0x00, 0x00, 0x00, 0x00, 0x00, 0x00,
    0x00, 0x00, 0x00, 0x00, 0x00, 0x00, 0x00, 0x00, 0x00, 0x00, 0x00, 0x00, 0x00, 0x00, 0x00, 0x00,
    0x00, 0x00, 0x00, 0x00, 0x00, 0x00, 0x00, 0x00, 0x00, 0x00, 0x00, 0x00, 0x00, 0x00, 0x00, 0x00,
    0x00, 0x00, 0x00, 0x00, 0x00, 0x00, 0x00, 0x00, 0x00, 0x00, 0x00, 0x00, 0x00, 0x00, 0x00, 0x00,
    0x00, 0x00, 0x00, 0x00, 0x00, 0x00, 0x00, 0x00, 0x00, 0x00, 0x00, 0x00, 0x00, 0x00, 0x00, 0x00,
    0x00, 0x00, 0x00, 0x00, 0x00, 0x00, 0x00, 0x00, 0x00, 0x00, 0x00, 0x00, 0x00, 0x00, 0x00, 0x00,
    0x00, 0x00, 0x00, 0x00, 0x00, 0x00, 0x00, 0x00, 0x00, 0x00, 0x00, 0x00, 0x00, 0x00, 0x00, 0x00,
    0x00, 0x00, 0x00, 0x00, 0x00, 0x00, 0x00, 0x00, 0x00, 0x00, 0x00, 0x00, 0x00, 0x00, 0x00, 0x00,
    0x00, 0x00, 0x00, 0x00, 0x00, 0x00, 0x00, 0x00, 0x00, 0x00, 0x00, 0x00, 0x00, 0x00, 0x00, 0x00,
    0x00, 0x00, 0x00, 0x00, 0x00, 0x00, 0x00, 0x00, 0x00, 0x00, 0x00, 0x00, 0x00, 0x00, 0x00, 0x00,
    0x00, 0x00, 0x00, 0x00, 0x00, 0x00, 0x00, 0x00, 0x00, 0x00, 0x00, 0x00, 0x00, 0x00, 0x00, 0x00,
    0x00, 0x00, 0x00, 0x00, 0x00, 0x00, 0x00, 0x00, 0x00, 0x00, 0x00, 0x00, 0x00, 0x00, 0x00, 0x00,
    0x00, 0x00, 0x00, 0x00, 0x00, 0x00, 0x00, 0x00, 0x00, 0x00, 0x00, 0x00, 0x00, 0x00, 0x00, 0x00,
    0x00, 0x00, 0x00, 0x00, 0x00, 0x00, 0x00, 0x00, 0x00, 0x00, 0x00, 0x00, 0x00, 0x00, 0x00, 0x00,
    0x00, 0x00, 0x00, 0x00, 0x00, 0x00, 0x00, 0x00, 0x00, 0x00, 0x00, 0x00, 0x00, 0x00, 0x00, 0x00,
    0x00, 0x00, 0x00, 0x00, 0x00, 0x00, 0x00, 0x00, 0x00, 0x00, 0x00, 0x00, 0x00, 0x00, 0x00, 0x00,
    0x00, 0x00, 0x00, 0x00, 0x00, 0x00, 0x00, 0x00, 0x00, 0x00, 0x00, 0x00, 0x00, 0x00, 0x00, 0x00,
    0x00, 0x00, 0x00, 0x00, 0x00, 0x00, 0x00, 0x00, 0x00, 0x00, 0x00, 0x00, 0x00, 0x00, 0x00, 0x00,
    0x00, 0x00, 0x00, 0x00, 0x00, 0x00, 0x00, 0x00, 0x00, 0x00, 0x00, 0x00, 0x00, 0x00, 0x00, 0x00,
    0x00, 0x00, 0x00, 0x00, 0x00, 0x00, 0x00, 0x00, 0x00, 0x00, 0x00, 0x00, 0x00, 0x00, 0x00, 0x00,
    0x00, 0x00, 0x00, 0x00, 0x00, 0x00, 0x00, 0x00, 0x00, 0x00, 0x00, 0x00, 0x00, 0x00, 0x00, 0x00,
    0x00, 0x00, 0x00, 0x00, 0x00, 0x00, 0x00, 0x00, 0x00, 0x00, 0x00, 0x00, 0x00, 0x00, 0x00, 0x00,
    0x00, 0x00, 0x00, 0x00, 0x00, 0x00, 0x00, 0x00, 0x00, 0x00, 0x00, 0x00, 0x00, 0x00, 0x00, 0x00,
    0x00, 0x00, 0x00, 0x00, 0x00, 0x00, 0x00, 0x00, 0x00, 0x00, 0x00, 0x00, 0x00, 0x00, 0x00, 0x00,
    0x00, 0x00, 0x00, 0x00, 0x00, 0x00, 0x00, 0x00, 0x00, 0x00, 0x00, 0x00, 0x00, 0x00, 0x00, 0x00,
    0x00, 0x00, 0x00, 0x00, 0x00, 0x00, 0x00, 0x00, 0x00, 0x00, 0x00, 0x00, 0x00, 0x00, 0x00, 0x00,
    0x00, 0x00, 0x00, 0x00, 0x00, 0x00, 0x00, 0x00, 0x00, 0x00, 0x00, 0x00, 0x00, 0x00, 0x00, 0x00,
    0x00, 0x00, 0x00, 0x00, 0x00, 0x00, 0x00, 0x00, 0x00, 0x00, 0x00, 0x00, 0x00, 0x00, 0x00, 0x00,
    0x00, 0x00, 0x00, 0x00, 0x00, 0x00, 0x00, 0x00, 0x00, 0x00, 0x00, 0x00, 0x00, 0x00, 0x00, 0x00,
    0x00, 0x00, 0x00, 0x00, 0x00, 0x00, 0x00, 0x00, 0x00, 0x00, 0x00, 0x00, 0x00, 0x00, 0x00, 0x00,
    0x00, 0x00, 0x00, 0x00, 0x00, 0x00, 0x00, 0x00, 0x00, 0x00, 0x00, 0x00, 0x00, 0x00, 0x00, 0x00,
    0x00, 0x00, 0x00, 0x00, 0x00, 0x00, 0x00, 0x00, 0x00, 0x00, 0x00, 0x00, 0x00, 0x00, 0x00, 0x00,
    0x00, 0x00, 0x00, 0x00, 0x00, 0x00, 0x00, 0x00, 0x00, 0x00, 0x00, 0x00, 0x00, 0x00, 0x00, 0x00,
    0x00, 0x00, 0x00, 0x00, 0x00, 0x00, 0x00, 0x00, 0x00, 0x00, 0x00, 0x00, 0x00, 0x00, 0x00, 0x00,
    0x00, 0x00, 0x00, 0x00, 0x00, 0x00, 0x00, 0x00, 0x00, 0x00, 0x00, 0x00, 0x00, 0x00, 0x00, 0x00,
    0x00, 0x00, 0x00, 0x00, 0x00, 0x00, 0x00, 0x00, 0x00, 0x00, 0x00, 0x00, 0x00, 0x00, 0x00, 0x00,
    0x00, 0x00, 0x00, 0x00, 0x00, 0x00, 0x00, 0x00, 0x00, 0x00, 0x00, 0x00, 0x00, 0x00, 0x00, 0x00,
    0x00, 0x00, 0x00, 0x00, 0x00, 0x00, 0x00, 0x00, 0x00, 0x00, 0x00, 0x00, 0x00, 0x00, 0x00, 0x00,
    0x00, 0x00, 0x00, 0x00, 0x00, 0x00, 0x00, 0x00, 0x00, 0x00, 0x00, 0x00, 0x00, 0x00, 0x00, 0x00,
    0x00, 0x00, 0x00, 0x00, 0x00, 0x00, 0x00, 0x00, 0x00, 0x00, 0x00, 0x00, 0x00, 0x00, 0x00, 0x00,
    0x00, 0x00, 0x00, 0x00, 0x00, 0x00, 0x00, 0x00, 0x00, 0x00, 0x00, 0x00, 0x00, 0x00, 0x00, 0x00,
    0x00, 0x00, 0x00, 0x00, 0x00, 0x00, 0x00, 0x00, 0x00, 0x00, 0x00, 0x00, 0x00, 0x00, 0x00, 0x00,
    0x00, 0x00, 0x00, 0x00, 0x00, 0x00, 0x00, 0x00, 0x00, 0x00, 0x00, 0x00, 0x00, 0x00, 0x00, 0x00,
    0x00, 0x00, 0x00, 0x00, 0x00, 0x00, 0x00, 0x00, 0x00, 0x00, 0x00, 0x00, 0x00, 0x00, 0x00, 0x00,
    0x00, 0x00, 0x00, 0x00, 0x00, 0x00, 0x00, 0x00, 0x00, 0x00, 0x00, 0x00, 0x00, 0x00, 0x00, 0x00,
    0x00, 0x00, 0x00, 0x00, 0x00, 0x00, 0x00, 0x00, 0x00, 0x00, 0x00, 0x00, 0x00, 0x00, 0x00, 0x00,
    0x00, 0x00, 0x00, 0x00, 0x00, 0x00, 0x00, 0x00, 0x00, 0x00, 0x00, 0x00, 0x00, 0x00, 0x00, 0x00,
    0x00, 0x00, 0x00, 0x00, 0x00, 0x00, 0x00, 0x00, 0x00, 0x00, 0x00, 0x00, 0x00, 0x00, 0x00, 0x00,
    0x00, 0x00, 0x00, 0x00, 0x00, 0x00, 0x00, 0x00, 0x00, 0x00, 0x00, 0x00, 0x00, 0x00, 0x00, 0x00,
    0x00, 0x00, 0x00, 0x00, 0x00, 0x00, 0x00, 0x00, 0x00, 0x00, 0x00, 0x00, 0x00, 0x00, 0x00, 0x00,
    0x00, 0x00, 0x00, 0x00, 0x00, 0x00, 0x00, 0x00, 0x00, 0x00, 0x00, 0x00, 0x00, 0x00, 0x00, 0x00,
    0x00, 0x00, 0x00, 0x00, 0x00, 0x00, 0x00, 0x00, 0x00, 0x00, 0x00, 0x00, 0x00, 0x00, 0x00, 0x00,
    0x00, 0x00, 0x00, 0x00, 0x00, 0x00, 0x00, 0x00, 0x00, 0x00, 0x00, 0x00, 0x00, 0x00, 0x00, 0x00,
    0x00, 0x00, 0x00, 0x00, 0x00, 0x00, 0x00, 0x00, 0x00, 0x00, 0x00, 0x00, 0x00, 0x00, 0x00, 0x00,
    0x00, 0x00, 0x00, 0x00, 0x00, 0x00, 0x00, 0x00, 0x00, 0x00, 0x00, 0x00, 0x00, 0x00, 0x00, 0x00,
    0x00, 0x00, 0x00, 0x00, 0x00, 0x00, 0x00, 0x00, 0x00, 0x00, 0x00, 0x00, 0x00, 0x00, 0x00, 0x00,
    0x00, 0x00, 0x00, 0x00, 0x00, 0x00, 0x00, 0x00, 0x00, 0x00, 0x00, 0x00, 0x00, 0x00, 0x00, 0x00,
    0x00, 0x00, 0x00, 0x00, 0x00, 0x00, 0x00, 0x00, 0x00, 0x00, 0x00, 0x00, 0x00, 0x00, 0x00, 0x00,
    0x00, 0x00, 0x00, 0x00, 0x00, 0x00, 0x00, 0x00, 0x00, 0x00, 0x00, 0x00, 0x00, 0x00, 0x00, 0x00,
    0x00, 0x00, 0x00, 0x00, 0x00, 0x00, 0x00, 0x00, 0x00, 0x00, 0x00, 0x00, 0x56, 0x8F, 0xCA, 0x01,
    0x56, 0x8F, 0xCA, 0x01, 0x57, 0x90, 0xCA, 0x01, 0x57, 0x90, 0xCA, 0x01, 0x59, 0x91, 0xCB, 0x01,
    0x59, 0x91, 0xCB, 0x01, 0x59, 0x91, 0xCB, 0x01, 0x5B, 0x92, 0xCC, 0x01, 0x5B, 0x92, 0xCC, 0x01,
    0x5B, 0x92, 0xCC, 0x01, 0x5C, 0x92, 0xCD, 0x01, 0x5D, 0x92, 0xCE, 0x01, 0x5D, 0x92, 0xCE, 0x01,
    0x5E, 0x94, 0xCF, 0x01, 0x5F, 0x95, 0xD0, 0x01, 0x00, 0x00, 0x00, 0x00, 0x00, 0x00, 0x00, 0x00,
    0x60, 0x97, 0xD2, 0x01, 0x63, 0x9A, 0xD4, 0x01, 0x63, 0x9A, 0xD4, 0x01, 0x65, 0x9C, 0xD5, 0x02,
    0x68, 0x9E, 0xD7, 0x02, 0x6A, 0xA1, 0xD9, 0x03, 0x6A, 0xA1, 0xD9, 0x03, 0x6F, 0xA3, 0xDC, 0x02,
    0x70, 0xA3, 0xDD, 0x02, 0x71, 0xA4, 0xDD, 0x02, 0x71, 0xA4, 0xDD, 0x02, 0x72, 0xA4, 0xDE, 0x03,
    0x72, 0xA4, 0xDE, 0x03, 0x72, 0xA4, 0xDE, 0x03, 0x72, 0xA5, 0xE0, 0x04, 0x6F, 0xA4, 0xE1, 0x02,
    0x6E, 0xA1, 0xDF, 0x08, 0x6E, 0xA1, 0xDF, 0x08, 0x6C, 0xA1, 0xDC, 0x08, 0x6B, 0xA3, 0xDC, 0x09,
    0x68, 0xA4, 0xDF, 0x06, 0x68, 0xA4, 0xDF, 0x06, 0x64, 0xA0, 0xE1, 0x08, 0x6A, 0xAB, 0xE9, 0x0E,
    0x6A, 0xAB, 0xE9, 0x0E, 0x62, 0xA2, 0xE3, 0x08, 0x60, 0xA0, 0xE3, 0x04, 0x58, 0x97, 0xDC, 0x02,
    0x58, 0x97, 0xDC, 0x02, 0x53, 0x91, 0xD7, 0x02, 0x55, 0x92, 0xD7, 0x03, 0x53, 0x8E, 0xD5, 0x02,
    0x53, 0x8E, 0xD5, 0x02, 0x50, 0x8C, 0xD3, 0x02, 0x4F, 0x8B, 0xD2, 0x02, 0x4F, 0x8B, 0xD2, 0x02,
    0x4D, 0x8A, 0xCF, 0x02, 0x4B, 0x88, 0xCE, 0x02, 0x49, 0x87, 0xCC, 0x02, 0x49, 0x87, 0xCC, 0x02,
    0x48, 0x87, 0xCC, 0x01, 0x47, 0x86, 0xCC, 0x01, 0x47, 0x86, 0xCC, 0x01, 0x47, 0x86, 0xCC, 0x01,
    0x47, 0x86, 0xCC, 0x01, 0x46, 0x85, 0xCC, 0x01, 0x46, 0x85, 0xCC, 0x01, 0x00, 0x00, 0x00, 0x00,
    0x00, 0x00, 0x00, 0x00, 0x00, 0x00, 0x00, 0x00, 0x00, 0x00, 0x00, 0x00, 0x00, 0x00, 0x00, 0x00,
    0x00, 0x00, 0x00, 0x00, 0x00, 0x00, 0x00, 0x00, 0x00, 0x00, 0x00, 0x00, 0x00, 0x00, 0x00, 0x00,
    0x00, 0x00, 0x00, 0x00, 0x00, 0x00, 0x00, 0x00, 0x00, 0x00, 0x00, 0x00, 0x00, 0x00, 0x00, 0x00,
    0x00, 0x00, 0x00, 0x00, 0x00, 0x00, 0x00, 0x00, 0x00, 0x00, 0x00, 0x00, 0x00, 0x00, 0x00, 0x00,
    0x00, 0x00, 0x00, 0x00, 0x00, 0x00, 0x00, 0x00, 0x00, 0x00, 0x00, 0x00, 0x00, 0x00, 0x00, 0x00,
    0x00, 0x00, 0x00, 0x00, 0x00, 0x00, 0x00, 0x00, 0x00, 0x00, 0x00, 0x00, 0x00, 0x00, 0x00, 0x00,
    0x00, 0x00, 0x00, 0x00, 0x00, 0x00, 0x00, 0x00, 0x00, 0x00, 0x00, 0x00, 0x00, 0x00, 0x00, 0x00,
    0x00, 0x00, 0x00, 0x00, 0x00, 0x00, 0x00, 0x00, 0x00, 0x00, 0x00, 0x00, 0x00, 0x00, 0x00, 0x00,
    0x00, 0x00, 0x00, 0x00, 0x00, 0x00, 0x00, 0x00, 0x00, 0x00, 0x00, 0x00, 0x00, 0x00, 0x00, 0x00,
    0x00, 0x00, 0x00, 0x00, 0x00, 0x00, 0x00, 0x00, 0x00, 0x00, 0x00, 0x00, 0x00, 0x00, 0x00, 0x00,
    0x00, 0x00, 0x00, 0x00, 0x00, 0x00, 0x00, 0x00, 0x00, 0x00, 0x00, 0x00, 0x00, 0x00, 0x00, 0x00,
    0x00, 0x00, 0x00, 0x00, 0x00, 0x00, 0x00, 0x00, 0x00, 0x00, 0x00, 0x00, 0x00, 0x00, 0x00, 0x00,
    0x00, 0x00, 0x00, 0x00, 0x00, 0x00, 0x00, 0x00, 0x00, 0x00, 0x00, 0x00, 0x00, 0x00, 0x00, 0x00,
    0x00, 0x00, 0x00, 0x00, 0x00, 0x00, 0x00, 0x00, 0x00, 0x00, 0x00, 0x00, 0x00, 0x00, 0x00, 0x00,
    0x00, 0x00, 0x00, 0x00, 0x00, 0x00, 0x00, 0x00, 0x00, 0x00, 0x00, 0x00, 0x00, 0x00, 0x00, 0x00,
    0x00, 0x00, 0x00, 0x00, 0x00, 0x00, 0x00, 0x00, 0x00, 0x00, 0x00, 0x00, 0x56, 0x8F, 0xCB, 0x01,
    0x56, 0x8F, 0xCB, 0x01, 0x56, 0x90, 0xCA, 0x01, 0x57, 0x91, 0xCA, 0x01, 0x58, 0x91, 0xCB, 0x01,
    0x58, 0x91, 0xCB, 0x01, 0x59, 0x91, 0xCB, 0x01, 0x5A, 0x91, 0xCB, 0x01, 0x5A, 0x91, 0xCB, 0x01,
    0x5B, 0x92, 0xCC, 0x01, 0x5B, 0x92, 0xCC, 0x01, 0x5C, 0x92, 0xCD, 0x01, 0x5C, 0x92, 0xCD, 0x01,
    0x5D, 0x93, 0xCD, 0x01, 0x5E, 0x95, 0xCF, 0x01, 0x5F, 0x96, 0xD0, 0x01, 0x5F, 0x96, 0xD0, 0x01,
    0x00, 0x00, 0x00, 0x00, 0x00, 0x00, 0x00, 0x00, 0x00, 0x00, 0x00, 0x00, 0x00, 0x00, 0x00, 0x00,
    0x00, 0x00, 0x00, 0x00, 0x6C, 0x9E, 0xD6, 0x01, 0x6C, 0x9E, 0xD6, 0x01, 0x6E, 0x9F, 0xD9, 0x01,
    0x70, 0xA1, 0xDB, 0x03, 0x73, 0xA6, 0xDE, 0x04, 0x73, 0xA6, 0xDE, 0x04, 0x74, 0xA5, 0xDD, 0x05,
    0x75, 0xA5, 0xDD, 0x05, 0x75, 0xA5, 0xDD, 0x05, 0x74, 0xA5, 0xDC, 0x06, 0x71, 0xA3, 0xDC, 0x06,
    0x70, 0xA1, 0xDA, 0x09, 0x70, 0xA1, 0xDA, 0x09, 0x6F, 0xA2, 0xDA, 0x08, 0x6C, 0xA0, 0xD6, 0x0D,
    0x68, 0x9F, 0xD6, 0x09, 0x68, 0x9F, 0xD6, 0x09, 0x67, 0x9F, 0xD6, 0x0C, 0x64, 0x9E, 0xD6, 0x08,
    0x64, 0x9E, 0xD6, 0x08, 0x5E, 0x99, 0xD3, 0x08, 0x5A, 0x96, 0xD5, 0x06, 0x58, 0x94, 0xD5, 0x05,
    0x58, 0x94, 0xD5, 0x05, 0x59, 0x94, 0xD6, 0x02, 0x56, 0x93, 0xD5, 0x02, 0x54, 0x90, 0xD4, 0x02,
    0x54, 0x90, 0xD4, 0x02, 0x51, 0x8D, 0xD1, 0x02, 0x4F, 0x8C, 0xD0, 0x02, 0x4F, 0x8C, 0xD0, 0x02,
    0x4D, 0x8A, 0xCF, 0x02, 0x4B, 0x89, 0xCD, 0x02, 0x49, 0x88, 0xCC, 0x01, 0x49, 0x88, 0xCC, 0x01,
    0x48, 0x87, 0xCB, 0x01, 0x46, 0x86, 0xCB, 0x01, 0x47, 0x86, 0xCC, 0x01, 0x47, 0x86, 0xCC, 0x01,
    0x46, 0x86, 0xCB, 0x01, 0x46, 0x85, 0xCB, 0x01, 0x46, 0x85, 0xCB, 0x01, 0x00, 0x00, 0x00, 0x00,
    0x00, 0x00, 0x00, 0x00, 0x00, 0x00, 0x00, 0x00, 0x00, 0x00, 0x00, 0x00, 0x00, 0x00, 0x00, 0x00,
    0x00, 0x00, 0x00, 0x00, 0x00, 0x00, 0x00, 0x00, 0x00, 0x00, 0x00, 0x00, 0x00, 0x00, 0x00, 0x00,
    0x00, 0x00, 0x00, 0x00, 0x00, 0x00, 0x00, 0x00, 0x00, 0x00, 0x00, 0x00, 0x00, 0x00, 0x00, 0x00,
    0x00, 0x00, 0x00, 0x00, 0x00, 0x00, 0x00, 0x00, 0x00, 0x00, 0x00, 0x00, 0x00, 0x00, 0x00, 0x00,
    0x00, 0x00, 0x00, 0x00, 0x00, 0x00, 0x00, 0x00, 0x00, 0x00, 0x00, 0x00, 0x00, 0x00, 0x00, 0x00,
    0x00, 0x00, 0x00, 0x00, 0x00, 0x00, 0x00, 0x00, 0x00, 0x00, 0x00, 0x00, 0x00, 0x00, 0x00, 0x00,
    0x00, 0x00, 0x00, 0x00, 0x00, 0x00, 0x00, 0x00, 0x00, 0x00, 0x00, 0x00, 0x00, 0x00, 0x00, 0x00,
    0x00, 0x00, 0x00, 0x00, 0x00, 0x00, 0x00, 0x00, 0x00, 0x00, 0x00, 0x00, 0x00, 0x00, 0x00, 0x00,
    0x00, 0x00, 0x00, 0x00, 0x00, 0x00, 0x00, 0x00, 0x00, 0x00, 0x00, 0x00, 0x00, 0x00, 0x00, 0x00,
    0x00, 0x00, 0x00, 0x00, 0x00, 0x00, 0x00, 0x00, 0x00, 0x00, 0x00, 0x00, 0x00, 0x00, 0x00, 0x00,
    0x00, 0x00, 0x00, 0x00, 0x00, 0x00, 0x00, 0x00, 0x00, 0x00, 0x00, 0x00, 0x00, 0x00, 0x00, 0x00,
    0x00, 0x00, 0x00, 0x00, 0x00, 0x00, 0x00, 0x00, 0x00, 0x00, 0x00, 0x00, 0x00, 0x00, 0x00, 0x00,
    0x00, 0x00, 0x00, 0x00, 0x00, 0x00, 0x00, 0x00, 0x00, 0x00, 0x00, 0x00, 0x00, 0x00, 0x00, 0x00,
    0x00, 0x00, 0x00, 0x00, 0x00, 0x00, 0x00, 0x00, 0x00, 0x00, 0x00, 0x00, 0x00, 0x00, 0x00, 0x00,
    0x00, 0x00, 0x00, 0x00, 0x00, 0x00, 0x00, 0x00, 0x00, 0x00, 0x00, 0x00, 0x00, 0x00, 0x00, 0x00,
    0x00, 0x00, 0x00, 0x00, 0x00, 0x00, 0x00, 0x00, 0x00, 0x00, 0x00, 0x00, 0x56, 0x8F, 0xCB, 0x01,
    0x56, 0x8F, 0xCB, 0x01, 0x56, 0x90, 0xCA, 0x01, 0x57, 0x91, 0xCA, 0x01, 0x58, 0x91, 0xCB, 0x01,
    0x58, 0x91, 0xCB, 0x01, 0x59, 0x91, 0xCB, 0x01, 0x5A, 0x91, 0xCB, 0x01, 0x5A, 0x91, 0xCB, 0x01,
    0x5B, 0x92, 0xCC, 0x01, 0x5B, 0x92, 0xCC, 0x01, 0x5C, 0x92, 0xCD, 0x01, 0x5C, 0x92, 0xCD, 0x01,
    0x5D, 0x93, 0xCD, 0x01, 0x5E, 0x95, 0xCF, 0x01, 0x5F, 0x96, 0xD0, 0x01, 0x5F, 0x96, 0xD0, 0x01,
    0x00, 0x00, 0x00, 0x00, 0x00, 0x00, 0x00, 0x00, 0x00, 0x00, 0x00, 0x00, 0x00, 0x00, 0x00, 0x00,
    0x00, 0x00, 0x00, 0x00, 0x6C, 0x9E, 0xD6, 0x01, 0x6C, 0x9E, 0xD6, 0x01, 0x6E, 0x9F, 0xD9, 0x01,
    0x70, 0xA1, 0xDB, 0x03, 0x73, 0xA6, 0xDE, 0x04, 0x73, 0xA6, 0xDE, 0x04, 0x74, 0xA5, 0xDD, 0x05,
    0x75, 0xA5, 0xDD, 0x05, 0x75, 0xA5, 0xDD, 0x05, 0x74, 0xA5, 0xDC, 0x06, 0x71, 0xA3, 0xDC, 0x06,
    0x70, 0xA1, 0xDA, 0x09, 0x70, 0xA1, 0xDA, 0x09, 0x6F, 0xA2, 0xDA, 0x08, 0x6C, 0xA0, 0xD6, 0x0D,
    0x68, 0x9F, 0xD6, 0x09, 0x68, 0x9F, 0xD6, 0x09, 0x67, 0x9F, 0xD6, 0x0C, 0x64, 0x9E, 0xD6, 0x08,
    0x64, 0x9E, 0xD6, 0x08, 0x5E, 0x99, 0xD3, 0x08, 0x5A, 0x96, 0xD5, 0x06, 0x58, 0x94, 0xD5, 0x05,
    0x58, 0x94, 0xD5, 0x05, 0x59, 0x94, 0xD6, 0x02, 0x56, 0x93, 0xD5, 0x02, 0x54, 0x90, 0xD4, 0x02,
    0x54, 0x90, 0xD4, 0x02, 0x51, 0x8D, 0xD1, 0x02, 0x4F, 0x8C, 0xD0, 0x02, 0x4F, 0x8C, 0xD0, 0x02,
    0x4D, 0x8A, 0xCF, 0x02, 0x4B, 0x89, 0xCD, 0x02, 0x49, 0x88, 0xCC, 0x01, 0x49, 0x88, 0xCC, 0x01,
    0x48, 0x87, 0xCB, 0x01, 0x46, 0x86, 0xCB, 0x01, 0x47, 0x86, 0xCC, 0x01, 0x47, 0x86, 0xCC, 0x01,
    0x46, 0x86, 0xCB, 0x01, 0x46, 0x85, 0xCB, 0x01, 0x46, 0x85, 0xCB, 0x01, 0x00, 0x00, 0x00, 0x00,
    0x00, 0x00, 0x00, 0x00, 0x00, 0x00, 0x00, 0x00, 0x00, 0x00, 0x00, 0x00, 0x00, 0x00, 0x00, 0x00,
    0x00, 0x00, 0x00, 0x00, 0x00, 0x00, 0x00, 0x00, 0x00, 0x00, 0x00, 0x00, 0x00, 0x00, 0x00, 0x00,
    0x00, 0x00, 0x00, 0x00, 0x00, 0x00, 0x00, 0x00, 0x00, 0x00, 0x00, 0x00, 0x00, 0x00, 0x00, 0x00,
    0x00, 0x00, 0x00, 0x00, 0x00, 0x00, 0x00, 0x00, 0x00, 0x00, 0x00, 0x00, 0x00, 0x00, 0x00, 0x00,
    0x00, 0x00, 0x00, 0x00, 0x00, 0x00, 0x00, 0x00, 0x00, 0x00, 0x00, 0x00, 0x00, 0x00, 0x00, 0x00,
    0x00, 0x00, 0x00, 0x00, 0x00, 0x00, 0x00, 0x00, 0x00, 0x00, 0x00, 0x00, 0x00, 0x00, 0x00, 0x00,
    0x00, 0x00, 0x00, 0x00, 0x00, 0x00, 0x00, 0x00, 0x00, 0x00, 0x00, 0x00, 0x00, 0x00, 0x00, 0x00,
    0x00, 0x00, 0x00, 0x00, 0x00, 0x00, 0x00, 0x00, 0x00, 0x00, 0x00, 0x00, 0x00, 0x00, 0x00, 0x00,
    0x00, 0x00, 0x00, 0x00, 0x00, 0x00, 0x00, 0x00, 0x00, 0x00, 0x00, 0x00, 0x00, 0x00, 0x00, 0x00,
    0x00, 0x00, 0x00, 0x00, 0x00, 0x00, 0x00, 0x00, 0x00, 0x00, 0x00, 0x00, 0x00, 0x00, 0x00, 0x00,
    0x00, 0x00, 0x00, 0x00, 0x00, 0x00, 0x00, 0x00, 0x00, 0x00, 0x00, 0x00, 0x00, 0x00, 0x00, 0x00,
    0x00, 0x00, 0x00, 0x00, 0x00, 0x00, 0x00, 0x00, 0x00, 0x00, 0x00, 0x00, 0x00, 0x00, 0x00, 0x00,
    0x00, 0x00, 0x00, 0x00, 0x00, 0x00, 0x00, 0x00, 0x00, 0x00, 0x00, 0x00, 0x00, 0x00, 0x00, 0x00,
    0x00, 0x00, 0x00, 0x00, 0x00, 0x00, 0x00, 0x00, 0x00, 0x00, 0x00, 0x00, 0x00, 0x00, 0x00, 0x00,
    0x00, 0x00, 0x00, 0x00, 0x00, 0x00, 0x00, 0x00, 0x00, 0x00, 0x00, 0x00, 0x00, 0x00, 0x00, 0x00,
    0x00, 0x00, 0x00, 0x00, 0x00, 0x00, 0x00, 0x00, 0x00, 0x00, 0x00, 0x00, 0x56, 0x8F, 0xCB, 0x01,
    0x56, 0x8F, 0xCB, 0x01, 0x56, 0x90, 0xCB, 0x01, 0x57, 0x90, 0xCA, 0x01, 0x58, 0x91, 0xCA, 0x01,
    0x58, 0x91, 0xCA, 0x01, 0x58, 0x91, 0xCA, 0x01, 0x5A, 0x91, 0xCB, 0x01, 0x5A, 0x91, 0xCB, 0x01,
    0x5A, 0x90, 0xCB, 0x01, 0x5B, 0x91, 0xCB, 0x01, 0x5B, 0x91, 0xCC, 0x01, 0x5B, 0x91, 0xCC, 0x01,
    0x5D, 0x92, 0xCC, 0x01, 0x5D, 0x93, 0xCD, 0x01, 0x5E, 0x93, 0xCD, 0x01, 0x5E, 0x93, 0xCD, 0x01,
    0x61, 0x95, 0xCF, 0x01, 0x00, 0x00, 0x00, 0x00, 0x00, 0x00, 0x00, 0x00, 0x67, 0x98, 0xD1, 0x02,
    0x6A, 0x99, 0xD2, 0x01, 0x6C, 0x9B, 0xD4, 0x03, 0x6C, 0x9B, 0xD4, 0x03, 0x6E, 0x9D, 0xD5, 0x03,
    0x70, 0x9D, 0xD5, 0x01, 0x73, 0xA0, 0xD6, 0x01, 0x73, 0xA0, 0xD6, 0x01, 0x74, 0x9F, 0xD3, 0x01,
    0x75, 0xA0, 0xD2, 0x01, 0x75, 0xA0, 0xD2, 0x01, 0x73, 0x9C, 0xCF, 0x04, 0x71, 0x9D, 0xCF, 0x03,
    0x70, 0x9E, 0xD1, 0x07, 0x70, 0x9E, 0xD1, 0x07, 0x70, 0x9F, 0xD4, 0x07, 0x6E, 0x9D, 0xD3, 0x0B,
    0x6E, 0x9F, 0xD4, 0x0C, 0x6E, 0x9F, 0xD4, 0x0C, 0x6B, 0x9C, 0xD2, 0x0B, 0x6A, 0x99, 0xD1, 0x07,
    0x6A, 0x99, 0xD1, 0x07, 0x66, 0x97, 0xD0, 0x0B, 0x62, 0x97, 0xD2, 0x05, 0x5D, 0x94, 0xD3, 0x04,
    0x5D, 0x94, 0xD3, 0x04, 0x5B, 0x93, 0xD4, 0x03, 0x56, 0x8F, 0xD2, 0x03, 0x54, 0x90, 0xD2, 0x02,
    0x54, 0x90, 0xD2, 0x02, 0x52, 0x8E, 0xD1, 0x03, 0x4F, 0x8B, 0xCF, 0x03, 0x4F, 0x8B, 0xCF, 0x03,
    0x4D, 0x89, 0xCE, 0x02, 0x4C, 0x89, 0xCD, 0x02, 0x4A, 0x88, 0xCC, 0x02, 0x4A, 0x88, 0xCC, 0x02,
    0x49, 0x88, 0xCB, 0x01, 0x47, 0x87, 0xCB, 0x01, 0x47, 0x86, 0xCC, 0x01, 0x47, 0x86, 0xCC, 0x01,
    0x47, 0x85, 0xCB, 0x01, 0x46, 0x85, 0xCB, 0x01, 0x46, 0x85, 0xCB, 0x01, 0x45, 0x84, 0xCB, 0x01,
    0x00, 0x00, 0x00, 0x00, 0x00, 0x00, 0x00, 0x00, 0x00, 0x00, 0x00, 0x00, 0x00, 0x00, 0x00, 0x00,
    0x00, 0x00, 0x00, 0x00, 0x00, 0x00, 0x00, 0x00, 0x00, 0x00, 0x00, 0x00, 0x00, 0x00, 0x00, 0x00,
    0x00, 0x00, 0x00, 0x00, 0x00, 0x00, 0x00, 0x00, 0x00, 0x00, 0x00, 0x00, 0x00, 0x00, 0x00, 0x00,
    0x00, 0x00, 0x00, 0x00, 0x00, 0x00, 0x00, 0x00, 0x00, 0x00, 0x00, 0x00, 0x00, 0x00, 0x00, 0x00,
    0x00, 0x00, 0x00, 0x00, 0x00, 0x00, 0x00, 0x00, 0x00, 0x00, 0x00, 0x00, 0x00, 0x00, 0x00, 0x00,
    0x00, 0x00, 0x00, 0x00, 0x00, 0x00, 0x00, 0x00, 0x00, 0x00, 0x00, 0x00, 0x00, 0x00, 0x00, 0x00,
    0x00, 0x00, 0x00, 0x00, 0x00, 0x00, 0x00, 0x00, 0x00, 0x00, 0x00, 0x00, 0x00, 0x00, 0x00, 0x00,
    0x00, 0x00, 0x00, 0x00, 0x00, 0x00, 0x00, 0x00, 0x00, 0x00, 0x00, 0x00, 0x00, 0x00, 0x00, 0x00,
    0x00, 0x00, 0x00, 0x00, 0x00, 0x00, 0x00, 0x00, 0x00, 0x00, 0x00, 0x00, 0x00, 0x00, 0x00, 0x00,
    0x00, 0x00, 0x00, 0x00, 0x00, 0x00, 0x00, 0x00, 0x00, 0x00, 0x00, 0x00, 0x00, 0x00, 0x00, 0x00,
    0x00, 0x00, 0x00, 0x00, 0x00, 0x00, 0x00, 0x00, 0x00, 0x00, 0x00, 0x00, 0x00, 0x00, 0x00, 0x00,
    0x00, 0x00, 0x00, 0x00, 0x00, 0x00, 0x00, 0x00, 0x00, 0x00, 0x00, 0x00, 0x00, 0x00, 0x00, 0x00,
    0x00, 0x00, 0x00, 0x00, 0x00, 0x00, 0x00, 0x00, 0x00, 0x00, 0x00, 0x00, 0x00, 0x00, 0x00, 0x00,
    0x00, 0x00, 0x00, 0x00, 0x00, 0x00, 0x00, 0x00, 0x00, 0x00, 0x00, 0x00, 0x00, 0x00, 0x00, 0x00,
    0x00, 0x00, 0x00, 0x00, 0x00, 0x00, 0x00, 0x00, 0x00, 0x00, 0x00, 0x00, 0x00, 0x00, 0x00, 0x00,
    0x00, 0x00, 0x00, 0x00, 0x00, 0x00, 0x00, 0x00, 0x00, 0x00, 0x00, 0x00, 0x00, 0x00, 0x00, 0x00,
    0x00, 0x00, 0x00, 0x00, 0x00, 0x00, 0x00, 0x00, 0x57, 0x90, 0xCA, 0x01, 0x58, 0x90, 0xCA, 0x01,
    0x58, 0x90, 0xCA, 0x01, 0x59, 0x91, 0xCB, 0x01, 0x59, 0x91, 0xCB, 0x01, 0x59, 0x91, 0xCB, 0x01,
    0x5A, 0x91, 0xCB, 0x01, 0x5A, 0x91, 0xCB, 0x01, 0x5B, 0x91, 0xCB, 0x01, 0x5B, 0x91, 0xCB, 0x01,
    0x5C, 0x92, 0xCC, 0x01, 0x5C, 0x92, 0xCB, 0x01, 0x00, 0x00, 0x00, 0x00, 0x00, 0x00, 0x00, 0x00,
    0x61, 0x93, 0xCD, 0x01, 0x00, 0x00, 0x00, 0x00, 0x00, 0x00, 0x00, 0x00, 0x66, 0x95, 0xCD, 0x01,
    0x00, 0x00, 0x00, 0x00, 0x6A, 0x98, 0xCD, 0x01, 0x6A, 0x98, 0xCD, 0x01, 0x6D, 0x9A, 0xCC, 0x05,
    0x71, 0x9B, 0xCB, 0x0D, 0x70, 0x98, 0xC5, 0x12, 0x70, 0x98, 0xC5, 0x12, 0x6D, 0x94, 0xBD, 0x1C,
    0x6E, 0x94, 0xBB, 0x17, 0x6E, 0x94, 0xBB, 0x17, 0x6E, 0x91, 0xBA, 0x1B, 0x6D, 0x93, 0xB9, 0x13,
    0x6D, 0x93, 0xBB, 0x14, 0x6D, 0x93, 0xBB, 0x14, 0x6D, 0x93, 0xBD, 0x13, 0x6D, 0x95, 0xC0, 0x12,
    0x6E, 0x98, 0xC5, 0x12, 0x6E, 0x98, 0xC5, 0x12, 0x6E, 0x99, 0xC9, 0x0C, 0x6E, 0x9A, 0xCC, 0x09,
    0x6E, 0x9A, 0xCC, 0x09, 0x6A, 0x98, 0xCC, 0x0B, 0x66, 0x95, 0xCC, 0x06, 0x62, 0x93, 0xCC, 0x03,
    0x62, 0x93, 0xCC, 0x03, 0x5D, 0x91, 0xCE, 0x03, 0x58, 0x90, 0xCF, 0x05, 0x55, 0x91, 0xD2, 0x03,
    0x55, 0x91, 0xD2, 0x03, 0x51, 0x8E, 0xD0, 0x04, 0x4F, 0x8C, 0xCF, 0x02, 0x4F, 0x8C, 0xCF, 0x02,
    0x4D, 0x8A, 0xCD, 0x02, 0x4B, 0x89, 0xCC, 0x02, 0x4A, 0x88, 0xCC, 0x01, 0x4A, 0x88, 0xCC, 0x01,
    0x49, 0x88, 0xCB, 0x01, 0x48, 0x87, 0xCC, 0x01, 0x48, 0x87, 0xCC, 0x01, 0x48, 0x87, 0xCC, 0x01,
    0x47, 0x86, 0xCB, 0x01, 0x46, 0x86, 0xCC, 0x01, 0x46, 0x86, 0xCC, 0x01, 0x46, 0x85, 0xCC, 0x01,
    0x00, 0x00, 0x00, 0x00, 0x00, 0x00, 0x00, 0x00, 0x00, 0x00, 0x00, 0x00, 0x00, 0x00, 0x00, 0x00,
    0x00, 0x00, 0x00, 0x00, 0x00, 0x00, 0x00, 0x00, 0x00, 0x00, 0x00, 0x00, 0x00, 0x00, 0x00, 0x00,
    0x00, 0x00, 0x00, 0x00, 0x00, 0x00, 0x00, 0x00, 0x00, 0x00, 0x00, 0x00, 0x00, 0x00, 0x00, 0x00,
    0x00, 0x00, 0x00, 0x00, 0x00, 0x00, 0x00, 0x00, 0x00, 0x00, 0x00, 0x00, 0x00, 0x00, 0x00, 0x00,
    0x00, 0x00, 0x00, 0x00, 0x00, 0x00, 0x00, 0x00, 0x00, 0x00, 0x00, 0x00, 0x00, 0x00, 0x00, 0x00,
    0x00, 0x00, 0x00, 0x00, 0x00, 0x00, 0x00, 0x00, 0x00, 0x00, 0x00, 0x00, 0x00, 0x00, 0x00, 0x00,
    0x00, 0x00, 0x00, 0x00, 0x00, 0x00, 0x00, 0x00, 0x00, 0x00, 0x00, 0x00, 0x00, 0x00, 0x00, 0x00,
    0x00, 0x00, 0x00, 0x00, 0x00, 0x00, 0x00, 0x00, 0x00, 0x00, 0x00, 0x00, 0x00, 0x00, 0x00, 0x00,
    0x00, 0x00, 0x00, 0x00, 0x00, 0x00, 0x00, 0x00, 0x00, 0x00, 0x00, 0x00, 0x00, 0x00, 0x00, 0x00,
    0x00, 0x00, 0x00, 0x00, 0x00, 0x00, 0x00, 0x00, 0x00, 0x00, 0x00, 0x00, 0x00, 0x00, 0x00, 0x00,
    0x00, 0x00, 0x00, 0x00, 0x00, 0x00, 0x00, 0x00, 0x00, 0x00, 0x00, 0x00, 0x00, 0x00, 0x00, 0x00,
    0x00, 0x00, 0x00, 0x00, 0x00, 0x00, 0x00, 0x00, 0x00, 0x00, 0x00, 0x00, 0x00, 0x00, 0x00, 0x00,
    0x00, 0x00, 0x00, 0x00, 0x00, 0x00, 0x00, 0x00, 0x00, 0x00, 0x00, 0x00, 0x00, 0x00, 0x00, 0x00,
    0x00, 0x00, 0x00, 0x00, 0x00, 0x00, 0x00, 0x00, 0x00, 0x00, 0x00, 0x00, 0x00, 0x00, 0x00, 0x00,
    0x00, 0x00, 0x00, 0x00, 0x00, 0x00, 0x00, 0x00, 0x00, 0x00, 0x00, 0x00, 0x00, 0x00, 0x00, 0x00,
    0x00, 0x00, 0x00, 0x00, 0x00, 0x00, 0x00, 0x00, 0x00, 0x00, 0x00, 0x00, 0x00, 0x00, 0x00, 0x00,
    0x00, 0x00, 0x00, 0x00, 0x00, 0x00, 0x00, 0x00, 0x57, 0x90, 0xCA, 0x01, 0x58, 0x90, 0xCA, 0x01,
    0x58, 0x90, 0xCA, 0x01, 0x59, 0x91, 0xCB, 0x01, 0x59, 0x91, 0xCB, 0x01, 0x59, 0x91, 0xCB, 0x01,
    0x5A, 0x91, 0xCB, 0x01, 0x5A, 0x91, 0xCB, 0x01, 0x5B, 0x91, 0xCB, 0x01, 0x5B, 0x91, 0xCB, 0x01,
    0x5C, 0x92, 0xCC, 0x01, 0x5C, 0x92, 0xCB, 0x01, 0x00, 0x00, 0x00, 0x00, 0x00, 0x00, 0x00, 0x00,
    0x61, 0x93, 0xCD, 0x01, 0x00, 0x00, 0x00, 0x00, 0x00, 0x00, 0x00, 0x00, 0x66, 0x95, 0xCD, 0x01,
    0x00, 0x00, 0x00, 0x00, 0x6A, 0x98, 0xCD, 0x01, 0x6A, 0x98, 0xCD, 0x01, 0x6D, 0x9A, 0xCC, 0x05,
    0x71, 0x9B, 0xCB, 0x0D, 0x70, 0x98, 0xC5, 0x12, 0x70, 0x98, 0xC5, 0x12, 0x6D, 0x94, 0xBD, 0x1C,
    0x6E, 0x94, 0xBB, 0x17, 0x6E, 0x94, 0xBB, 0x17, 0x6E, 0x91, 0xBA, 0x1B, 0x6D, 0x93, 0xB9, 0x13,
    0x6D, 0x93, 0xBB, 0x14, 0x6D, 0x93, 0xBB, 0x14, 0x6D, 0x93, 0xBD, 0x13, 0x6D, 0x95, 0xC0, 0x12,
    0x6E, 0x98, 0xC5, 0x12, 0x6E, 0x98, 0xC5, 0x12, 0x6E, 0x99, 0xC9, 0x0C, 0x6E, 0x9A, 0xCC, 0x09,
    0x6E, 0x9A, 0xCC, 0x09, 0x6A, 0x98, 0xCC, 0x0B, 0x66, 0x95, 0xCC, 0x06, 0x62, 0x93, 0xCC, 0x03,
    0x62, 0x93, 0xCC, 0x03, 0x5D, 0x91, 0xCE, 0x03, 0x58, 0x90, 0xCF, 0x05, 0x55, 0x91, 0xD2, 0x03,
    0x55, 0x91, 0xD2, 0x03, 0x51, 0x8E, 0xD0, 0x04, 0x4F, 0x8C, 0xCF, 0x02, 0x4F, 0x8C, 0xCF, 0x02,
    0x4D, 0x8A, 0xCD, 0x02, 0x4B, 0x89, 0xCC, 0x02, 0x4A, 0x88, 0xCC, 0x01, 0x4A, 0x88, 0xCC, 0x01,
    0x49, 0x88, 0xCB, 0x01, 0x48, 0x87, 0xCC, 0x01, 0x48, 0x87, 0xCC, 0x01, 0x48, 0x87, 0xCC, 0x01,
    0x47, 0x86, 0xCB, 0x01, 0x46, 0x86, 0xCC, 0x01, 0x46, 0x86, 0xCC, 0x01, 0x46, 0x85, 0xCC, 0x01,
    0x00, 0x00, 0x00, 0x00, 0x00, 0x00, 0x00, 0x00, 0x00, 0x00, 0x00, 0x00, 0x00, 0x00, 0x00, 0x00,
    0x00, 0x00, 0x00, 0x00, 0x00, 0x00, 0x00, 0x00, 0x00, 0x00, 0x00, 0x00, 0x00, 0x00, 0x00, 0x00,
    0x00, 0x00, 0x00, 0x00, 0x00, 0x00, 0x00, 0x00, 0x00, 0x00, 0x00, 0x00, 0x00, 0x00, 0x00, 0x00,
    0x00, 0x00, 0x00, 0x00, 0x00, 0x00, 0x00, 0x00, 0x00, 0x00, 0x00, 0x00, 0x00, 0x00, 0x00, 0x00,
    0x00, 0x00, 0x00, 0x00, 0x00, 0x00, 0x00, 0x00, 0x00, 0x00, 0x00, 0x00, 0x00, 0x00, 0x00, 0x00,
    0x00, 0x00, 0x00, 0x00, 0x00, 0x00, 0x00, 0x00, 0x00, 0x00, 0x00, 0x00, 0x00, 0x00, 0x00, 0x00,
    0x00, 0x00, 0x00, 0x00, 0x00, 0x00, 0x00, 0x00, 0x00, 0x00, 0x00, 0x00, 0x00, 0x00, 0x00, 0x00,
    0x00, 0x00, 0x00, 0x00, 0x00, 0x00, 0x00, 0x00, 0x00, 0x00, 0x00, 0x00, 0x00, 0x00, 0x00, 0x00,
    0x00, 0x00, 0x00, 0x00, 0x00, 0x00, 0x00, 0x00, 0x00, 0x00, 0x00, 0x00, 0x00, 0x00, 0x00, 0x00,
    0x00, 0x00, 0x00, 0x00, 0x00, 0x00, 0x00, 0x00, 0x00, 0x00, 0x00, 0x00, 0x00, 0x00, 0x00, 0x00,
    0x00, 0x00, 0x00, 0x00, 0x00, 0x00, 0x00, 0x00, 0x00, 0x00, 0x00, 0x00, 0x00, 0x00, 0x00, 0x00,
    0x00, 0x00, 0x00, 0x00, 0x00, 0x00, 0x00, 0x00, 0x00, 0x00, 0x00, 0x00, 0x00, 0x00, 0x00, 0x00,
    0x00, 0x00, 0x00, 0x00, 0x00, 0x00, 0x00, 0x00, 0x00, 0x00, 0x00, 0x00, 0x00, 0x00, 0x00, 0x00,
    0x00, 0x00, 0x00, 0x00, 0x00, 0x00, 0x00, 0x00, 0x00, 0x00, 0x00, 0x00, 0x00, 0x00, 0x00, 0x00,
    0x00, 0x00, 0x00, 0x00, 0x00, 0x00, 0x00, 0x00, 0x00, 0x00, 0x00, 0x00, 0x00, 0x00, 0x00, 0x00,
    0x00, 0x00, 0x00, 0x00, 0x00, 0x00, 0x00, 0x00, 0x00, 0x00, 0x00, 0x00, 0x00, 0x00, 0x00, 0x00,
    0x00, 0x00, 0x00, 0x00, 0x00, 0x00, 0x00, 0x00, 0x57, 0x90, 0xCB, 0x01, 0x58, 0x91, 0xCC, 0x01,
    0x58, 0x91, 0xCC, 0x01, 0x58, 0x91, 0xCA, 0x01, 0x59, 0x92, 0xCA, 0x01, 0x59, 0x92, 0xCA, 0x01,
    0x5A, 0x91, 0xCB, 0x01, 0x5B, 0x91, 0xCB, 0x01, 0x5B, 0x90, 0xCB, 0x01, 0x5B, 0x90, 0xCB, 0x01,
    0x5B, 0x90, 0xCA, 0x01, 0x5B, 0x91, 0xCA, 0x01, 0x5C, 0x91, 0xCA, 0x01, 0x5C, 0x91, 0xCA, 0x01,
    0x5F, 0x91, 0xC9, 0x02, 0x63, 0x93, 0xC9, 0x01, 0x63, 0x93, 0xC9, 0x01, 0x66, 0x93, 0xC4, 0x0C,
    0x68, 0x92, 0xC0, 0x1B, 0x68, 0x8F, 0xB9, 0x27, 0x68, 0x8F, 0xB9, 0x27, 0x6B, 0x8F, 0xB6, 0x2D,
    0x6E, 0x8E, 0xB5, 0x45, 0x6D, 0x8E, 0xB0, 0x47, 0x6D, 0x8E, 0xB0, 0x47, 0x6A, 0x8B, 0xA8, 0x4E,
    0x6A, 0x88, 0xA8, 0x47, 0x6A, 0x88, 0xA8, 0x47, 0x6B, 0x88, 0xAA, 0x44, 0x6C, 0x8C, 0xAC, 0x42,
    0x6B, 0x89, 0xAB, 0x44, 0x6B, 0x89, 0xAB, 0x44, 0x6B, 0x8A, 0xAB, 0x41, 0x6A, 0x8A, 0xAB, 0x47,
    0x6A, 0x8B, 0xAD, 0x42, 0x6A, 0x8B, 0xAD, 0x42, 0x69, 0x8B, 0xAF, 0x3A, 0x69, 0x8D, 0xB3, 0x2D,
    0x69, 0x8D, 0xB3, 0x2D, 0x67, 0x8C, 0xB5, 0x24, 0x66, 0x8D, 0xB7, 0x1D, 0x62, 0x88, 0xB5, 0x1C,
    0x62, 0x88, 0xB5, 0x1C, 0x5E, 0x88, 0xB9, 0x11, 0x5A, 0x8B, 0xC1, 0x03, 0x57, 0x8C, 0xC9, 0x03,
    0x57, 0x8C, 0xC9, 0x03, 0x52, 0x8B, 0xCC, 0x04, 0x4F, 0x8B, 0xCD, 0x03, 0x4F, 0x8B, 0xCD, 0x03,
    0x4D, 0x8A, 0xCC, 0x03, 0x4C, 0x8A, 0xCC, 0x02, 0x4A, 0x88, 0xCC, 0x02, 0x4A, 0x88, 0xCC, 0x02,
    0x4A, 0x88, 0xCB, 0x01, 0x49, 0x87, 0xCC, 0x01, 0x48, 0x87, 0xCC, 0x01, 0x48, 0x87, 0xCC, 0x01,
    0x47, 0x86, 0xCC, 0x01, 0x47, 0x86, 0xCD, 0x01, 0x47, 0x86, 0xCD, 0x01, 0x46, 0x85, 0xCC, 0x01,
    0x00, 0x00, 0x00, 0x00, 0x00, 0x00, 0x00, 0x00, 0x00, 0x00, 0x00, 0x00, 0x00, 0x00, 0x00, 0x00,
    0x00, 0x00, 0x00, 0x00, 0x00, 0x00, 0x00, 0x00, 0x00, 0x00, 0x00, 0x00, 0x00, 0x00, 0x00, 0x00,
    0x00, 0x00, 0x00, 0x00, 0x00, 0x00, 0x00, 0x00, 0x00, 0x00, 0x00, 0x00, 0x00, 0x00, 0x00, 0x00,
    0x00, 0x00, 0x00, 0x00, 0x00, 0x00, 0x00, 0x00, 0x00, 0x00, 0x00, 0x00, 0x00, 0x00, 0x00, 0x00,
    0x00, 0x00, 0x00, 0x00, 0x00, 0x00, 0x00, 0x00, 0x00, 0x00, 0x00, 0x00, 0x00, 0x00, 0x00, 0x00,
    0x00, 0x00, 0x00, 0x00, 0x00, 0x00, 0x00, 0x00, 0x00, 0x00, 0x00, 0x00, 0x00, 0x00, 0x00, 0x00,
    0x00, 0x00, 0x00, 0x00, 0x00, 0x00, 0x00, 0x00, 0x00, 0x00, 0x00, 0x00, 0x00, 0x00, 0x00, 0x00,
    0x00, 0x00, 0x00, 0x00, 0x00, 0x00, 0x00, 0x00, 0x00, 0x00, 0x00, 0x00, 0x00, 0x00, 0x00, 0x00,
    0x00, 0x00, 0x00, 0x00, 0x00, 0x00, 0x00, 0x00, 0x00, 0x00, 0x00, 0x00, 0x00, 0x00, 0x00, 0x00,
    0x00, 0x00, 0x00, 0x00, 0x00, 0x00, 0x00, 0x00, 0x00, 0x00, 0x00, 0x00, 0x00, 0x00, 0x00, 0x00,
    0x00, 0x00, 0x00, 0x00, 0x00, 0x00, 0x00, 0x00, 0x00, 0x00, 0x00, 0x00, 0x00, 0x00, 0x00, 0x00,
    0x00, 0x00, 0x00, 0x00, 0x00, 0x00, 0x00, 0x00, 0x00, 0x00, 0x00, 0x00, 0x00, 0x00, 0x00, 0x00,
    0x00, 0x00, 0x00, 0x00, 0x00, 0x00, 0x00, 0x00, 0x00, 0x00, 0x00, 0x00, 0x00, 0x00, 0x00, 0x00,
    0x00, 0x00, 0x00, 0x00, 0x00, 0x00, 0x00, 0x00, 0x00, 0x00, 0x00, 0x00, 0x00, 0x00, 0x00, 0x00,
    0x00, 0x00, 0x00, 0x00, 0x00, 0x00, 0x00, 0x00, 0x00, 0x00, 0x00, 0x00, 0x00, 0x00, 0x00, 0x00,
    0x00, 0x00, 0x00, 0x00, 0x00, 0x00, 0x00, 0x00, 0x00, 0x00, 0x00, 0x00, 0x00, 0x00, 0x00, 0x00,
    0x00, 0x00, 0x00, 0x00, 0x00, 0x00, 0x00, 0x00, 0x57, 0x90, 0xCC, 0x01, 0x58, 0x91, 0xCC, 0x01,
    0x58, 0x91, 0xCC, 0x01, 0x59, 0x91, 0xCB, 0x01, 0x5A, 0x91, 0xCA, 0x01, 0x5A, 0x91, 0xCA, 0x01,
    0x5A, 0x91, 0xCB, 0x01, 0x5A, 0x91, 0xCA, 0x01, 0x5A, 0x90, 0xCA, 0x01, 0x5A, 0x90, 0xCA, 0x01,
    0x5A, 0x90, 0xCA, 0x01, 0x5A, 0x90, 0xCA, 0x01, 0x00, 0x00, 0x00, 0x00, 0x00, 0x00, 0x00, 0x00,
    0x5D, 0x8F, 0xC6, 0x09, 0x5E, 0x8A, 0xB9, 0x17, 0x5E, 0x8A, 0xB9, 0x17, 0x60, 0x86, 0xAE, 0x2E,
    0x64, 0x87, 0xAD, 0x37, 0x67, 0x87, 0xAA, 0x3C, 0x67, 0x87, 0xAA, 0x3C, 0x69, 0x8A, 0xA9, 0x38,
    0x6A, 0x85, 0xA5, 0x44, 0x6B, 0x86, 0xA2, 0x46, 0x6B, 0x86, 0xA2, 0x46, 0x6A, 0x87, 0xA1, 0x4B,
    0x6D, 0x89, 0xA6, 0x4D, 0x6D, 0x89, 0xA6, 0x4D, 0x6D, 0x8A, 0xA8, 0x55, 0x6C, 0x8A, 0xA7, 0x58,
    0x6B, 0x88, 0xA6, 0x5F, 0x6B, 0x88, 0xA6, 0x5F, 0x6A, 0x88, 0xA6, 0x58, 0x68, 0x86, 0xA3, 0x61,
    0x67, 0x84, 0xA3, 0x60, 0x67, 0x84, 0xA3, 0x60, 0x66, 0x84, 0xA3, 0x62, 0x65, 0x83, 0xA3, 0x58,
    0x65, 0x83, 0xA3, 0x58, 0x61, 0x81, 0xA1, 0x57, 0x5F, 0x80, 0xA2, 0x50, 0x5D, 0x7F, 0xA2, 0x54,
    0x5D, 0x7F, 0xA2, 0x54, 0x5C, 0x83, 0xA8, 0x48, 0x59, 0x80, 0xAB, 0x33, 0x55, 0x82, 0xB5, 0x1E,
    0x55, 0x82, 0xB5, 0x1E, 0x52, 0x8B, 0xC6, 0x04, 0x50, 0x8D, 0xCF, 0x04, 0x50, 0x8D, 0xCF, 0x04,
    0x4E, 0x8B, 0xCD, 0x03, 0x4D, 0x8A, 0xCD, 0x01, 0x4B, 0x89, 0xCC, 0x02, 0x4B, 0x89, 0xCC, 0x02,
    0x4A, 0x88, 0xCC, 0x01, 0x49, 0x87, 0xCC, 0x01, 0x49, 0x87, 0xCC, 0x01, 0x49, 0x87, 0xCC, 0x01,
    0x48, 0x87, 0xCC, 0x01, 0x48, 0x86, 0xCC, 0x01, 0x48, 0x86, 0xCC, 0x01, 0x47, 0x86, 0xCD, 0x01,
    0x00, 0x00, 0x00, 0x00, 0x00, 0x00, 0x00, 0x00, 0x00, 0x00, 0x00, 0x00, 0x00, 0x00, 0x00, 0x00,
    0x00, 0x00, 0x00, 0x00, 0x00, 0x00, 0x00, 0x00, 0x00, 0x00, 0x00, 0x00, 0x00, 0x00, 0x00, 0x00,
    0x00, 0x00, 0x00, 0x00, 0x00, 0x00, 0x00, 0x00, 0x00, 0x00, 0x00, 0x00, 0x00, 0x00, 0x00, 0x00,
    0x00, 0x00, 0x00, 0x00, 0x00, 0x00, 0x00, 0x00, 0x00, 0x00, 0x00, 0x00, 0x00, 0x00, 0x00, 0x00,
    0x00, 0x00, 0x00, 0x00, 0x00, 0x00, 0x00, 0x00, 0x00, 0x00, 0x00, 0x00, 0x00, 0x00, 0x00, 0x00,
    0x00, 0x00, 0x00, 0x00, 0x00, 0x00, 0x00, 0x00, 0x00, 0x00, 0x00, 0x00, 0x00, 0x00, 0x00, 0x00,
    0x00, 0x00, 0x00, 0x00, 0x00, 0x00, 0x00, 0x00, 0x00, 0x00, 0x00, 0x00, 0x00, 0x00, 0x00, 0x00,
    0x00, 0x00, 0x00, 0x00, 0x00, 0x00, 0x00, 0x00, 0x00, 0x00, 0x00, 0x00, 0x00, 0x00, 0x00, 0x00,
    0x00, 0x00, 0x00, 0x00, 0x00, 0x00, 0x00, 0x00, 0x00, 0x00, 0x00, 0x00, 0x00, 0x00, 0x00, 0x00,
    0x00, 0x00, 0x00, 0x00, 0x00, 0x00, 0x00, 0x00, 0x00, 0x00, 0x00, 0x00, 0x00, 0x00, 0x00, 0x00,
    0x00, 0x00, 0x00, 0x00, 0x00, 0x00, 0x00, 0x00, 0x00, 0x00, 0x00, 0x00, 0x00, 0x00, 0x00, 0x00,
    0x00, 0x00, 0x00, 0x00, 0x00, 0x00, 0x00, 0x00, 0x00, 0x00, 0x00, 0x00, 0x00, 0x00, 0x00, 0x00,
    0x00, 0x00, 0x00, 0x00, 0x00, 0x00, 0x00, 0x00, 0x00, 0x00, 0x00, 0x00, 0x00, 0x00, 0x00, 0x00,
    0x00, 0x00, 0x00, 0x00, 0x00, 0x00, 0x00, 0x00, 0x00, 0x00, 0x00, 0x00, 0x00, 0x00, 0x00, 0x00,
    0x00, 0x00, 0x00, 0x00, 0x00, 0x00, 0x00, 0x00, 0x00, 0x00, 0x00, 0x00, 0x00, 0x00, 0x00, 0x00,
    0x00, 0x00, 0x00, 0x00, 0x00, 0x00, 0x00, 0x00, 0x00, 0x00, 0x00, 0x00, 0x00, 0x00, 0x00, 0x00,
    0x00, 0x00, 0x00, 0x00, 0x00, 0x00, 0x00, 0x00, 0x00, 0x00, 0x00, 0x00, 0x58, 0x90, 0xCA, 0x01,
    0x58, 0x90, 0xCA, 0x01, 0x59, 0x90, 0xCB, 0x01, 0x59, 0x90, 0xCA, 0x01, 0x59, 0x90, 0xCA, 0x01,
    0x5A, 0x90, 0xCA, 0x01, 0x5A, 0x90, 0xCA, 0x01, 0x5A, 0x90, 0xC9, 0x01, 0x5A, 0x90, 0xC9, 0x01,
    0x59, 0x8F, 0xC9, 0x01, 0x58, 0x8E, 0xC8, 0x01, 0x00, 0x00, 0x00, 0x00, 0x00, 0x00, 0x00, 0x00,
    0x5A, 0x8B, 0xC1, 0x04, 0x58, 0x83, 0xB1, 0x0C, 0x58, 0x83, 0xB1, 0x0C, 0x5A, 0x7D, 0xA6, 0x22,
    0x5F, 0x7F, 0xA5, 0x33, 0x61, 0x80, 0xA4, 0x3C, 0x61, 0x80, 0xA4, 0x3C, 0x63, 0x83, 0xA5, 0x3E,
    0x67, 0x84, 0xA5, 0x49, 0x6A, 0x88, 0xA4, 0x52, 0x6A, 0x88, 0xA4, 0x52, 0x69, 0x86, 0xA2, 0x5E,
    0x69, 0x84, 0xA3, 0x58, 0x69, 0x84, 0xA3, 0x58, 0x68, 0x84, 0xA3, 0x5B, 0x68, 0x86, 0xA3, 0x52,
    0x68, 0x85, 0xA3, 0x52, 0x68, 0x85, 0xA3, 0x52, 0x67, 0x84, 0xA3, 0x55, 0x65, 0x83, 0xA2, 0x55,
    0x64, 0x83, 0xA2, 0x54, 0x64, 0x83, 0xA2, 0x54, 0x64, 0x82, 0xA3, 0x62, 0x63, 0x81, 0xA1, 0x63,
    0x63, 0x81, 0xA1, 0x63, 0x61, 0x81, 0xA2, 0x61, 0x61, 0x83, 0xA3, 0x54, 0x5E, 0x80, 0xA1, 0x53,
    0x5E, 0x80, 0xA1, 0x53, 0x5A, 0x7E, 0xA0, 0x58, 0x58, 0x7B, 0x9F, 0x47, 0x57, 0x81, 0xAA, 0x31,
    0x57, 0x81, 0xAA, 0x31, 0x53, 0x87, 0xBA, 0x13, 0x52, 0x8C, 0xCD, 0x0A, 0x52, 0x8C, 0xCD, 0x0A,
    0x50, 0x8D, 0xCF, 0x05, 0x4E, 0x8B, 0xCD, 0x03, 0x4D, 0x89, 0xCD, 0x02, 0x4D, 0x89, 0xCD, 0x02,
    0x4C, 0x89, 0xCD, 0x02, 0x4A, 0x88, 0xCD, 0x02, 0x49, 0x87, 0xCD, 0x01, 0x49, 0x87, 0xCD, 0x01,
    0x48, 0x86, 0xCD, 0x01, 0x48, 0x86, 0xCC, 0x01, 0x48, 0x86, 0xCC, 0x01, 0x47, 0x86, 0xCC, 0x01,
    0x00, 0x00, 0x00, 0x00, 0x00, 0x00, 0x00, 0x00, 0x00, 0x00, 0x00, 0x00, 0x00, 0x00, 0x00, 0x00,
    0x00, 0x00, 0x00, 0x00, 0x00, 0x00, 0x00, 0x00, 0x00, 0x00, 0x00, 0x00, 0x00, 0x00, 0x00, 0x00,
    0x00, 0x00, 0x00, 0x00, 0x00, 0x00, 0x00, 0x00, 0x00, 0x00, 0x00, 0x00, 0x00, 0x00, 0x00, 0x00,
    0x00, 0x00, 0x00, 0x00, 0x00, 0x00, 0x00, 0x00, 0x00, 0x00, 0x00, 0x00, 0x00, 0x00, 0x00, 0x00,
    0x00, 0x00, 0x00, 0x00, 0x00, 0x00, 0x00, 0x00, 0x00, 0x00, 0x00, 0x00, 0x00, 0x00, 0x00, 0x00,
    0x00, 0x00, 0x00, 0x00, 0x00, 0x00, 0x00, 0x00, 0x00, 0x00, 0x00, 0x00, 0x00, 0x00, 0x00, 0x00,
    0x00, 0x00, 0x00, 0x00, 0x00, 0x00, 0x00, 0x00, 0x00, 0x00, 0x00, 0x00, 0x00, 0x00, 0x00, 0x00,
    0x00, 0x00, 0x00, 0x00, 0x00, 0x00, 0x00, 0x00, 0x00, 0x00, 0x00, 0x00, 0x00, 0x00, 0x00, 0x00,
    0x00, 0x00, 0x00, 0x00, 0x00, 0x00, 0x00, 0x00, 0x00, 0x00, 0x00, 0x00, 0x00, 0x00, 0x00, 0x00,
    0x00, 0x00, 0x00, 0x00, 0x00, 0x00, 0x00, 0x00, 0x00, 0x00, 0x00, 0x00, 0x00, 0x00, 0x00, 0x00,
    0x00, 0x00, 0x00, 0x00, 0x00, 0x00, 0x00, 0x00, 0x00, 0x00, 0x00, 0x00, 0x00, 0x00, 0x00, 0x00,
    0x00, 0x00, 0x00, 0x00, 0x00, 0x00, 0x00, 0x00, 0x00, 0x00, 0x00, 0x00, 0x00, 0x00, 0x00, 0x00,
    0x00, 0x00, 0x00, 0x00, 0x00, 0x00, 0x00, 0x00, 0x00, 0x00, 0x00, 0x00, 0x00, 0x00, 0x00, 0x00,
    0x00, 0x00, 0x00, 0x00, 0x00, 0x00, 0x00, 0x00, 0x00, 0x00, 0x00, 0x00, 0x00, 0x00, 0x00, 0x00,
    0x00, 0x00, 0x00, 0x00, 0x00, 0x00, 0x00, 0x00, 0x00, 0x00, 0x00, 0x00, 0x00, 0x00, 0x00, 0x00,
    0x00, 0x00, 0x00, 0x00, 0x00, 0x00, 0x00, 0x00, 0x00, 0x00, 0x00, 0x00, 0x00, 0x00, 0x00, 0x00,
    0x00, 0x00, 0x00, 0x00, 0x00, 0x00, 0x00, 0x00, 0x00, 0x00, 0x00, 0x00, 0x58, 0x90, 0xCA, 0x01,
    0x58, 0x90, 0xCA, 0x01, 0x59, 0x90, 0xCB, 0x01, 0x59, 0x90, 0xCA, 0x01, 0x59, 0x90, 0xCA, 0x01,
    0x5A, 0x90, 0xCA, 0x01, 0x5A, 0x90, 0xCA, 0x01, 0x5A, 0x90, 0xC9, 0x01, 0x5A, 0x90, 0xC9, 0x01,
    0x59, 0x8F, 0xC9, 0x01, 0x58, 0x8E, 0xC8, 0x01, 0x00, 0x00, 0x00, 0x00, 0x00, 0x00, 0x00, 0x00,
    0x5A, 0x8B, 0xC1, 0x04, 0x58, 0x83, 0xB1, 0x0C, 0x58, 0x83, 0xB1, 0x0C, 0x5A, 0x7D, 0xA6, 0x22,
    0x5F, 0x7F, 0xA5, 0x33, 0x61, 0x80, 0xA4, 0x3C, 0x61, 0x80, 0xA4, 0x3C, 0x63, 0x83, 0xA5, 0x3E,
    0x67, 0x84, 0xA5, 0x49, 0x6A, 0x88, 0xA4, 0x52, 0x6A, 0x88, 0xA4, 0x52, 0x69, 0x86, 0xA2, 0x5E,
    0x69, 0x84, 0xA3, 0x58, 0x69, 0x84, 0xA3, 0x58, 0x68, 0x84, 0xA3, 0x5B, 0x68, 0x86, 0xA3, 0x52,
    0x68, 0x85, 0xA3, 0x52, 0x68, 0x85, 0xA3, 0x52, 0x67, 0x84, 0xA3, 0x55, 0x65, 0x83, 0xA2, 0x55,
    0x64, 0x83, 0xA2, 0x54, 0x64, 0x83, 0xA2, 0x54, 0x64, 0x82, 0xA3, 0x62, 0x63, 0x81, 0xA1, 0x63,
    0x63, 0x81, 0xA1, 0x63, 0x61, 0x81, 0xA2, 0x61, 0x61, 0x83, 0xA3, 0x54, 0x5E, 0x80, 0xA1, 0x53,
    0x5E, 0x80, 0xA1, 0x53, 0x5A, 0x7E, 0xA0, 0x58, 0x58, 0x7B, 0x9F, 0x47, 0x57, 0x81, 0xAA, 0x31,
    0x57, 0x81, 0xAA, 0x31, 0x53, 0x87, 0xBA, 0x13, 0x52, 0x8C, 0xCD, 0x0A, 0x52, 0x8C, 0xCD, 0x0A,
    0x50, 0x8D, 0xCF, 0x05, 0x4E, 0x8B, 0xCD, 0x03, 0x4D, 0x89, 0xCD, 0x02, 0x4D, 0x89, 0xCD, 0x02,
    0x4C, 0x89, 0xCD, 0x02, 0x4A, 0x88, 0xCD, 0x02, 0x49, 0x87, 0xCD, 0x01, 0x49, 0x87, 0xCD, 0x01,
    0x48, 0x86, 0xCD, 0x01, 0x48, 0x86, 0xCC, 0x01, 0x48, 0x86, 0xCC, 0x01, 0x47, 0x86, 0xCC, 0x01,
    0x00, 0x00, 0x00, 0x00, 0x00, 0x00, 0x00, 0x00, 0x00, 0x00, 0x00, 0x00, 0x00, 0x00, 0x00, 0x00,
    0x00, 0x00, 0x00, 0x00, 0x00, 0x00, 0x00, 0x00, 0x00, 0x00, 0x00, 0x00, 0x00, 0x00, 0x00, 0x00,
    0x00, 0x00, 0x00, 0x00, 0x00, 0x00, 0x00, 0x00, 0x00, 0x00, 0x00, 0x00, 0x00, 0x00, 0x00, 0x00,
    0x00, 0x00, 0x00, 0x00, 0x00, 0x00, 0x00, 0x00, 0x00, 0x00, 0x00, 0x00, 0x00, 0x00, 0x00, 0x00,
    0x00, 0x00, 0x00, 0x00, 0x00, 0x00, 0x00, 0x00, 0x00, 0x00, 0x00, 0x00, 0x00, 0x00, 0x00, 0x00,
    0x00, 0x00, 0x00, 0x00, 0x00, 0x00, 0x00, 0x00, 0x00, 0x00, 0x00, 0x00, 0x00, 0x00, 0x00, 0x00,
    0x00, 0x00, 0x00, 0x00, 0x00, 0x00, 0x00, 0x00, 0x00, 0x00, 0x00, 0x00, 0x00, 0x00, 0x00, 0x00,
    0x00, 0x00, 0x00, 0x00, 0x00, 0x00, 0x00, 0x00, 0x00, 0x00, 0x00, 0x00, 0x00, 0x00, 0x00, 0x00,
    0x00, 0x00, 0x00, 0x00, 0x00, 0x00, 0x00, 0x00, 0x00, 0x00, 0x00, 0x00, 0x00, 0x00, 0x00, 0x00,
    0x00, 0x00, 0x00, 0x00, 0x00, 0x00, 0x00, 0x00, 0x00, 0x00, 0x00, 0x00, 0x00, 0x00, 0x00, 0x00,
    0x00, 0x00, 0x00, 0x00, 0x00, 0x00, 0x00, 0x00, 0x00, 0x00, 0x00, 0x00, 0x00, 0x00, 0x00, 0x00,
    0x00, 0x00, 0x00, 0x00, 0x00, 0x00, 0x00, 0x00, 0x00, 0x00, 0x00, 0x00, 0x00, 0x00, 0x00, 0x00,
    0x00, 0x00, 0x00, 0x00, 0x00, 0x00, 0x00, 0x00, 0x00, 0x00, 0x00, 0x00, 0x00, 0x00, 0x00, 0x00,
    0x00, 0x00, 0x00, 0x00, 0x00, 0x00, 0x00, 0x00, 0x00, 0x00, 0x00, 0x00, 0x00, 0x00, 0x00, 0x00,
    0x00, 0x00, 0x00, 0x00, 0x00, 0x00, 0x00, 0x00, 0x00, 0x00, 0x00, 0x00, 0x00, 0x00, 0x00, 0x00,
    0x00, 0x00, 0x00, 0x00, 0x00, 0x00, 0x00, 0x00, 0x00, 0x00, 0x00, 0x00, 0x00, 0x00, 0x00, 0x00,
    0x00, 0x00, 0x00, 0x00, 0x00, 0x00, 0x00, 0x00, 0x00, 0x00, 0x00, 0x00, 0x57, 0x8F, 0xCA, 0x01,
    0x57, 0x8F, 0xCA, 0x01, 0x58, 0x90, 0xCB, 0x01, 0x59, 0x8F, 0xCB, 0x01, 0x59, 0x8F, 0xCB, 0x01,
    0x5A, 0x8F, 0xCA, 0x01, 0x5A, 0x8F, 0xCA, 0x01, 0x5A, 0x8F, 0xC9, 0x01, 0x5A, 0x8F, 0xC9, 0x01,
    0x59, 0x8F, 0xC9, 0x01, 0x58, 0x8E, 0xC8, 0x01, 0x58, 0x8D, 0xC7, 0x01, 0x58, 0x8D, 0xC7, 0x01,
    0x58, 0x8D, 0xC4, 0x01, 0x00, 0x00, 0x00, 0x00, 0x00, 0x00, 0x00, 0x00, 0x5D, 0x8A, 0xBD, 0x02,
    0x5E, 0x8B, 0xBA, 0x0F, 0x5F, 0x8B, 0xB7, 0x20, 0x5F, 0x8B, 0xB7, 0x20, 0x62, 0x8B, 0xB5, 0x28,
    0x61, 0x83, 0xAE, 0x39, 0x62, 0x85, 0xAD, 0x3B, 0x62, 0x85, 0xAD, 0x3B, 0x64, 0x89, 0xAC, 0x44,
    0x68, 0x8C, 0xAE, 0x46, 0x68, 0x8C, 0xAE, 0x46, 0x67, 0x88, 0xAB, 0x53, 0x66, 0x87, 0xAA, 0x55,
    0x66, 0x87, 0xAA, 0x5E, 0x66, 0x87, 0xAA, 0x5E, 0x66, 0x86, 0xAA, 0x5E, 0x64, 0x84, 0xA7, 0x5F,
    0x62, 0x83, 0xA8, 0x5F, 0x62, 0x83, 0xA8, 0x5F, 0x62, 0x83, 0xA8, 0x60, 0x62, 0x83, 0xA8, 0x5E,
    0x62, 0x83, 0xA8, 0x5E, 0x5F, 0x81, 0xA6, 0x63, 0x5D, 0x80, 0xA6, 0x5D, 0x5B, 0x81, 0xA8, 0x5E,
    0x5B, 0x81, 0xA8, 0x5E, 0x5E, 0x89, 0xAE, 0x52, 0x5C, 0x88, 0xAE, 0x34, 0x5D, 0x8B, 0xB4, 0x24,
    0x5D, 0x8B, 0xB4, 0x24, 0x55, 0x83, 0xB6, 0x0D, 0x52, 0x87, 0xC6, 0x01, 0x52, 0x87, 0xC6, 0x01,
    0x53, 0x8D, 0xCE, 0x07, 0x51, 0x8F, 0xCF, 0x05, 0x4E, 0x8C, 0xCF, 0x03, 0x4E, 0x8C, 0xCF, 0x03,
    0x4C, 0x8B, 0xCE, 0x02, 0x4B, 0x89, 0xCE, 0x02, 0x4A, 0x88, 0xCD, 0x01, 0x4A, 0x88, 0xCD, 0x01,
    0x49, 0x87, 0xCD, 0x01, 0x48, 0x87, 0xCD, 0x01, 0x48, 0x87, 0xCD, 0x01, 0x48, 0x87, 0xCD, 0x01,
    0x00, 0x00, 0x00, 0x00, 0x00, 0x00, 0x00, 0x00, 0x00, 0x00, 0x00, 0x00, 0x00, 0x00, 0x00, 0x00,
    0x00, 0x00, 0x00, 0x00, 0x00, 0x00, 0x00, 0x00, 0x00, 0x00, 0x00, 0x00, 0x00, 0x00, 0x00, 0x00,
    0x00, 0x00, 0x00, 0x00, 0x00, 0x00, 0x00, 0x00, 0x00, 0x00, 0x00, 0x00, 0x00, 0x00, 0x00, 0x00,
    0x00, 0x00, 0x00, 0x00, 0x00, 0x00, 0x00, 0x00, 0x00, 0x00, 0x00, 0x00, 0x00, 0x00, 0x00, 0x00,
    0x00, 0x00, 0x00, 0x00, 0x00, 0x00, 0x00, 0x00, 0x00, 0x00, 0x00, 0x00, 0x00, 0x00, 0x00, 0x00,
    0x00, 0x00, 0x00, 0x00, 0x00, 0x00, 0x00, 0x00, 0x00, 0x00, 0x00, 0x00, 0x00, 0x00, 0x00, 0x00,
    0x00, 0x00, 0x00, 0x00, 0x00, 0x00, 0x00, 0x00, 0x00, 0x00, 0x00, 0x00, 0x00, 0x00, 0x00, 0x00,
    0x00, 0x00, 0x00, 0x00, 0x00, 0x00, 0x00, 0x00, 0x00, 0x00, 0x00, 0x00, 0x00, 0x00, 0x00, 0x00,
    0x00, 0x00, 0x00, 0x00, 0x00, 0x00, 0x00, 0x00, 0x00, 0x00, 0x00, 0x00, 0x00, 0x00, 0x00, 0x00,
    0x00, 0x00, 0x00, 0x00, 0x00, 0x00, 0x00, 0x00, 0x00, 0x00, 0x00, 0x00, 0x00, 0x00, 0x00, 0x00,
    0x00, 0x00, 0x00, 0x00, 0x00, 0x00, 0x00, 0x00, 0x00, 0x00, 0x00, 0x00, 0x00, 0x00, 0x00, 0x00,
    0x00, 0x00, 0x00, 0x00, 0x00, 0x00, 0x00, 0x00, 0x00, 0x00, 0x00, 0x00, 0x00, 0x00, 0x00, 0x00,
    0x00, 0x00, 0x00, 0x00, 0x00, 0x00, 0x00, 0x00, 0x00, 0x00, 0x00, 0x00, 0x00, 0x00, 0x00, 0x00,
    0x00, 0x00, 0x00, 0x00, 0x00, 0x00, 0x00, 0x00, 0x00, 0x00, 0x00, 0x00, 0x00, 0x00, 0x00, 0x00,
    0x00, 0x00, 0x00, 0x00, 0x00, 0x00, 0x00, 0x00, 0x00, 0x00, 0x00, 0x00, 0x00, 0x00, 0x00, 0x00,
    0x00, 0x00, 0x00, 0x00, 0x00, 0x00, 0x00, 0x00, 0x00, 0x00, 0x00, 0x00, 0x00, 0x00, 0x00, 0x00,
    0x00, 0x00, 0x00, 0x00, 0x00, 0x00, 0x00, 0x00, 0x55, 0x8E, 0xCA, 0x01, 0x56, 0x8F, 0xCB, 0x01,
    0x56, 0x8F, 0xCB, 0x01, 0x57, 0x8F, 0xCA, 0x01, 0x58, 0x8F, 0xCB, 0x01, 0x58, 0x8F, 0xCB, 0x01,
    0x59, 0x8F, 0xCB, 0x01, 0x59, 0x8F, 0xC9, 0x01, 0x59, 0x8F, 0xC8, 0x01, 0x59, 0x8F, 0xC8, 0x01,
    0x58, 0x8E, 0xC8, 0x01, 0x57, 0x8D, 0xC8, 0x01, 0x00, 0x00, 0x00, 0x00, 0x00, 0x00, 0x00, 0x00,
    0x55, 0x8D, 0xC7, 0x01, 0x59, 0x90, 0xCA, 0x03, 0x59, 0x90, 0xCA, 0x03, 0x5B, 0x92, 0xCC, 0x02,
    0x00, 0x00, 0x00, 0x00, 0x5D, 0x93, 0xCC, 0x03, 0x5D, 0x93, 0xCC, 0x03, 0x5E, 0x91, 0xC9, 0x02,
    0x5F, 0x90, 0xC7, 0x06, 0x61, 0x93, 0xC5, 0x06, 0x61, 0x93, 0xC5, 0x06, 0x61, 0x91, 0xBF, 0x09,
    0x62, 0x8E, 0xBC, 0x0D, 0x62, 0x8E, 0xBC, 0x0D, 0x64, 0x8F, 0xBD, 0x10, 0x68, 0x94, 0xC0, 0x13,
    0x68, 0x93, 0xC0, 0x1A, 0x68, 0x93, 0xC0, 0x1A, 0x68, 0x93, 0xC0, 0x1D, 0x69, 0x95, 0xC2, 0x26,
    0x69, 0x95, 0xC2, 0x2C, 0x69, 0x95, 0xC2, 0x2C, 0x69, 0x93, 0xC1, 0x38, 0x69, 0x93, 0xC1, 0x37,
    0x69, 0x93, 0xC1, 0x37, 0x67, 0x92, 0xC1, 0x39, 0x67, 0x94, 0xC3, 0x31, 0x65, 0x91, 0xC2, 0x3E,
    0x65, 0x91, 0xC2, 0x3E, 0x63, 0x91, 0xC3, 0x2A, 0x62, 0x91, 0xC8, 0x03, 0x61, 0x8F, 0xCF, 0x06,
    0x61, 0x8F, 0xCF, 0x06, 0x5F, 0x8D, 0xD0, 0x1F, 0x6C, 0xA2, 0xE6, 0x49, 0x6C, 0xA2, 0xE6, 0x49,
    0x66, 0x9D, 0xDF, 0x10, 0x56, 0x91, 0xD0, 0x02, 0x4F, 0x8D, 0xCC, 0x05, 0x4F, 0x8D, 0xCC, 0x05,
    0x4E, 0x8D, 0xCE, 0x03, 0x4B, 0x8B, 0xCE, 0x02, 0x4B, 0x8A, 0xCE, 0x02, 0x4B, 0x8A, 0xCE, 0x02,
    0x4A, 0x88, 0xCE, 0x02, 0x49, 0x88, 0xCE, 0x01, 0x49, 0x88, 0xCE, 0x01, 0x48, 0x87, 0xCE, 0x01,
    0x00, 0x00, 0x00, 0x00, 0x00, 0x00, 0x00, 0x00, 0x00, 0x00, 0x00, 0x00, 0x00, 0x00, 0x00, 0x00,
    0x00, 0x00, 0x00, 0x00, 0x00, 0x00, 0x00, 0x00, 0x00, 0x00, 0x00, 0x00, 0x00, 0x00, 0x00, 0x00,
    0x00, 0x00, 0x00, 0x00, 0x00, 0x00, 0x00, 0x00, 0x00, 0x00, 0x00, 0x00, 0x00, 0x00, 0x00, 0x00,
    0x00, 0x00, 0x00, 0x00, 0x00, 0x00, 0x00, 0x00, 0x00, 0x00, 0x00, 0x00, 0x00, 0x00, 0x00, 0x00,
    0x00, 0x00, 0x00, 0x00, 0x00, 0x00, 0x00, 0x00, 0x00, 0x00, 0x00, 0x00, 0x00, 0x00, 0x00, 0x00,
    0x00, 0x00, 0x00, 0x00, 0x00, 0x00, 0x00, 0x00, 0x00, 0x00, 0x00, 0x00, 0x00, 0x00, 0x00, 0x00,
    0x00, 0x00, 0x00, 0x00, 0x00, 0x00, 0x00, 0x00, 0x00, 0x00, 0x00, 0x00, 0x00, 0x00, 0x00, 0x00,
    0x00, 0x00, 0x00, 0x00, 0x00, 0x00, 0x00, 0x00, 0x00, 0x00, 0x00, 0x00, 0x00, 0x00, 0x00, 0x00,
    0x00, 0x00, 0x00, 0x00, 0x00, 0x00, 0x00, 0x00, 0x00, 0x00, 0x00, 0x00, 0x00, 0x00, 0x00, 0x00,
    0x00, 0x00, 0x00, 0x00, 0x00, 0x00, 0x00, 0x00, 0x00, 0x00, 0x00, 0x00, 0x00, 0x00, 0x00, 0x00,
    0x00, 0x00, 0x00, 0x00, 0x00, 0x00, 0x00, 0x00, 0x00, 0x00, 0x00, 0x00, 0x00, 0x00, 0x00, 0x00,
    0x00, 0x00, 0x00, 0x00, 0x00, 0x00, 0x00, 0x00, 0x00, 0x00, 0x00, 0x00, 0x00, 0x00, 0x00, 0x00,
    0x00, 0x00, 0x00, 0x00, 0x00, 0x00, 0x00, 0x00, 0x00, 0x00, 0x00, 0x00, 0x00, 0x00, 0x00, 0x00,
    0x00, 0x00, 0x00, 0x00, 0x00, 0x00, 0x00, 0x00, 0x00, 0x00, 0x00, 0x00, 0x00, 0x00, 0x00, 0x00,
    0x00, 0x00, 0x00, 0x00, 0x00, 0x00, 0x00, 0x00, 0x00, 0x00, 0x00, 0x00, 0x00, 0x00, 0x00, 0x00,
    0x00, 0x00, 0x00, 0x00, 0x00, 0x00, 0x00, 0x00, 0x00, 0x00, 0x00, 0x00, 0x00, 0x00, 0x00, 0x00,
    0x00, 0x00, 0x00, 0x00, 0x00, 0x00, 0x00, 0x00, 0x54, 0x8E, 0xCB, 0x01, 0x55, 0x8F, 0xCB, 0x01,
    0x55, 0x8F, 0xCB, 0x01, 0x56, 0x8F, 0xCA, 0x01, 0x57, 0x90, 0xCB, 0x01, 0x57, 0x90, 0xCB, 0x01,
    0x57, 0x90, 0xCA, 0x01, 0x58, 0x8F, 0xC9, 0x01, 0x58, 0x8E, 0xC9, 0x01, 0x58, 0x8E, 0xC9, 0x01,
    0x57, 0x8E, 0xC8, 0x01, 0x56, 0x8D, 0xC8, 0x01, 0x55, 0x8C, 0xC8, 0x01, 0x55, 0x8C, 0xC8, 0x01,
    0x54, 0x8C, 0xC8, 0x01, 0x00, 0x00, 0x00, 0x00, 0x00, 0x00, 0x00, 0x00, 0x56, 0x8E, 0xCB, 0x05,
    0x56, 0x8E, 0xCD, 0x06, 0x56, 0x8F, 0xCC, 0x0B, 0x56, 0x8F, 0xCC, 0x0B, 0x5A, 0x93, 0xCF, 0x04,
    0x5E, 0x99, 0xD6, 0x03, 0x63, 0x9D, 0xD8, 0x02, 0x63, 0x9D, 0xD8, 0x02, 0x64, 0x9D, 0xD6, 0x02,
    0x69, 0xA1, 0xD8, 0x01, 0x69, 0xA1, 0xD8, 0x01, 0x6B, 0xA3, 0xDA, 0x02, 0x6C, 0xA7, 0xDD, 0x03,
    0x6D, 0xA4, 0xDB, 0x05, 0x6D, 0xA4, 0xDB, 0x05, 0x6B, 0xA4, 0xDD, 0x06, 0x68, 0xA1, 0xDA, 0x07,
    0x67, 0xA0, 0xD9, 0x04, 0x67, 0xA0, 0xD9, 0x04, 0x68, 0x9E, 0xD6, 0x08, 0x6E, 0xA0, 0xD6, 0x09,
    0x6E, 0xA0, 0xD6, 0x09, 0x6F, 0xA2, 0xD7, 0x0C, 0x6B, 0xA3, 0xD9, 0x03, 0x68, 0x9C, 0xDB, 0x11,
    0x68, 0x9C, 0xDB, 0x11, 0x72, 0xA3, 0xEB, 0x20, 0x7C, 0xB4, 0xF9, 0x6B, 0x81, 0xBD, 0xFD, 0x9E,
    0x81, 0xBD, 0xFD, 0x9E, 0x7F, 0xBA, 0xFC, 0xB6, 0x8B, 0xC9, 0xFF, 0xD7, 0x8B, 0xC9, 0xFF, 0xD7,
    0x81, 0xB8, 0xFC, 0x92, 0x68, 0x9C, 0xE6, 0x2E, 0x52, 0x8C, 0xCF, 0x05, 0x52, 0x8C, 0xCF, 0x05,
    0x50, 0x90, 0xD0, 0x05, 0x4C, 0x8C, 0xCF, 0x04, 0x4A, 0x8A, 0xCF, 0x02, 0x4A, 0x8A, 0xCF, 0x02,
    0x4A, 0x89, 0xCF, 0x02, 0x49, 0x89, 0xCF, 0x01, 0x49, 0x89, 0xCF, 0x01, 0x47, 0x88, 0xCF, 0x01,
    0x00, 0x00, 0x00, 0x00, 0x00, 0x00, 0x00, 0x00, 0x00, 0x00, 0x00, 0x00, 0x00, 0x00, 0x00, 0x00,
    0x00, 0x00, 0x00, 0x00, 0x00, 0x00, 0x00, 0x00, 0x00, 0x00, 0x00, 0x00, 0x00, 0x00, 0x00, 0x00,
    0x00, 0x00, 0x00, 0x00, 0x00, 0x00, 0x00, 0x00, 0x00, 0x00, 0x00, 0x00, 0x00, 0x00, 0x00, 0x00,
    0x00, 0x00, 0x00, 0x00, 0x00, 0x00, 0x00, 0x00, 0x00, 0x00, 0x00, 0x00, 0x00, 0x00, 0x00, 0x00,
    0x00, 0x00, 0x00, 0x00, 0x00, 0x00, 0x00, 0x00, 0x00, 0x00, 0x00, 0x00, 0x00, 0x00, 0x00, 0x00,
    0x00, 0x00, 0x00, 0x00, 0x00, 0x00, 0x00, 0x00, 0x00, 0x00, 0x00, 0x00, 0x00, 0x00, 0x00, 0x00,
    0x00, 0x00, 0x00, 0x00, 0x00, 0x00, 0x00, 0x00, 0x00, 0x00, 0x00, 0x00, 0x00, 0x00, 0x00, 0x00,
    0x00, 0x00, 0x00, 0x00, 0x00, 0x00, 0x00, 0x00, 0x00, 0x00, 0x00, 0x00, 0x00, 0x00, 0x00, 0x00,
    0x00, 0x00, 0x00, 0x00, 0x00, 0x00, 0x00, 0x00, 0x00, 0x00, 0x00, 0x00, 0x00, 0x00, 0x00, 0x00,
    0x00, 0x00, 0x00, 0x00, 0x00, 0x00, 0x00, 0x00, 0x00, 0x00, 0x00, 0x00, 0x00, 0x00, 0x00, 0x00,
    0x00, 0x00, 0x00, 0x00, 0x00, 0x00, 0x00, 0x00, 0x00, 0x00, 0x00, 0x00, 0x00, 0x00, 0x00, 0x00,
    0x00, 0x00, 0x00, 0x00, 0x00, 0x00, 0x00, 0x00, 0x00, 0x00, 0x00, 0x00, 0x00, 0x00, 0x00, 0x00,
    0x00, 0x00, 0x00, 0x00, 0x00, 0x00, 0x00, 0x00, 0x00, 0x00, 0x00, 0x00, 0x00, 0x00, 0x00, 0x00,
    0x00, 0x00, 0x00, 0x00, 0x00, 0x00, 0x00, 0x00, 0x00, 0x00, 0x00, 0x00, 0x00, 0x00, 0x00, 0x00,
    0x00, 0x00, 0x00, 0x00, 0x00, 0x00, 0x00, 0x00, 0x00, 0x00, 0x00, 0x00, 0x00, 0x00, 0x00, 0x00,
    0x00, 0x00, 0x00, 0x00, 0x00, 0x00, 0x00, 0x00, 0x00, 0x00, 0x00, 0x00, 0x00, 0x00, 0x00, 0x00,
    0x00, 0x00, 0x00, 0x00, 0x00, 0x00, 0x00, 0x00, 0x54, 0x8E, 0xCB, 0x01, 0x55, 0x8F, 0xCB, 0x01,
    0x55, 0x8F, 0xCB, 0x01, 0x56, 0x8F, 0xCA, 0x01, 0x57, 0x90, 0xCB, 0x01, 0x57, 0x90, 0xCB, 0x01,
    0x57, 0x90, 0xCA, 0x01, 0x58, 0x8F, 0xC9, 0x01, 0x58, 0x8E, 0xC9, 0x01, 0x58, 0x8E, 0xC9, 0x01,
    0x57, 0x8E, 0xC8, 0x01, 0x56, 0x8D, 0xC8, 0x01, 0x55, 0x8C, 0xC8, 0x01, 0x55, 0x8C, 0xC8, 0x01,
    0x54, 0x8C, 0xC8, 0x01, 0x00, 0x00, 0x00, 0x00, 0x00, 0x00, 0x00, 0x00, 0x56, 0x8E, 0xCB, 0x05,
    0x56, 0x8E, 0xCD, 0x06, 0x56, 0x8F, 0xCC, 0x0B, 0x56, 0x8F, 0xCC, 0x0B, 0x5A, 0x93, 0xCF, 0x04,
    0x5E, 0x99, 0xD6, 0x03, 0x63, 0x9D, 0xD8, 0x02, 0x63, 0x9D, 0xD8, 0x02, 0x64, 0x9D, 0xD6, 0x02,
    0x69, 0xA1, 0xD8, 0x01, 0x69, 0xA1, 0xD8, 0x01, 0x6B, 0xA3, 0xDA, 0x02, 0x6C, 0xA7, 0xDD, 0x03,
    0x6D, 0xA4, 0xDB, 0x05, 0x6D, 0xA4, 0xDB, 0x05, 0x6B, 0xA4, 0xDD, 0x06, 0x68, 0xA1, 0xDA, 0x07,
    0x67, 0xA0, 0xD9, 0x04, 0x67, 0xA0, 0xD9, 0x04, 0x68, 0x9E, 0xD6, 0x08, 0x6E, 0xA0, 0xD6, 0x09,
    0x6E, 0xA0, 0xD6, 0x09, 0x6F, 0xA2, 0xD7, 0x0C, 0x6B, 0xA3, 0xD9, 0x03, 0x68, 0x9C, 0xDB, 0x11,
    0x68, 0x9C, 0xDB, 0x11, 0x72, 0xA3, 0xEB, 0x20, 0x7C, 0xB4, 0xF9, 0x6B, 0x81, 0xBD, 0xFD, 0x9E,
    0x81, 0xBD, 0xFD, 0x9E, 0x7F, 0xBA, 0xFC, 0xB6, 0x8B, 0xC9, 0xFF, 0xD7, 0x8B, 0xC9, 0xFF, 0xD7,
    0x81, 0xB8, 0xFC, 0x92, 0x68, 0x9C, 0xE6, 0x2E, 0x52, 0x8C, 0xCF, 0x05, 0x52, 0x8C, 0xCF, 0x05,
    0x50, 0x90, 0xD0, 0x05, 0x4C, 0x8C, 0xCF, 0x04, 0x4A, 0x8A, 0xCF, 0x02, 0x4A, 0x8A, 0xCF, 0x02,
    0x4A, 0x89, 0xCF, 0x02, 0x49, 0x89, 0xCF, 0x01, 0x49, 0x89, 0xCF, 0x01, 0x47, 0x88, 0xCF, 0x01,
    0x00, 0x00, 0x00, 0x00, 0x00, 0x00, 0x00, 0x00, 0x00, 0x00, 0x00, 0x00, 0x00, 0x00, 0x00, 0x00,
    0x00, 0x00, 0x00, 0x00, 0x00, 0x00, 0x00, 0x00, 0x00, 0x00, 0x00, 0x00, 0x00, 0x00, 0x00, 0x00,
    0x00, 0x00, 0x00, 0x00, 0x00, 0x00, 0x00, 0x00, 0x00, 0x00, 0x00, 0x00, 0x00, 0x00, 0x00, 0x00,
    0x00, 0x00, 0x00, 0x00, 0x00, 0x00, 0x00, 0x00, 0x00, 0x00, 0x00, 0x00, 0x00, 0x00, 0x00, 0x00,
    0x00, 0x00, 0x00, 0x00, 0x00, 0x00, 0x00, 0x00, 0x00, 0x00, 0x00, 0x00, 0x00, 0x00, 0x00, 0x00,
    0x00, 0x00, 0x00, 0x00, 0x00, 0x00, 0x00, 0x00, 0x00, 0x00, 0x00, 0x00, 0x00, 0x00, 0x00, 0x00,
    0x00, 0x00, 0x00, 0x00, 0x00, 0x00, 0x00, 0x00, 0x00, 0x00, 0x00, 0x00, 0x00, 0x00, 0x00, 0x00,
    0x00, 0x00, 0x00, 0x00, 0x00, 0x00, 0x00, 0x00, 0x00, 0x00, 0x00, 0x00, 0x00, 0x00, 0x00, 0x00,
    0x00, 0x00, 0x00, 0x00, 0x00, 0x00, 0x00, 0x00, 0x00, 0x00, 0x00, 0x00, 0x00, 0x00, 0x00, 0x00,
    0x00, 0x00, 0x00, 0x00, 0x00, 0x00, 0x00, 0x00, 0x00, 0x00, 0x00, 0x00, 0x00, 0x00, 0x00, 0x00,
    0x00, 0x00, 0x00, 0x00, 0x00, 0x00, 0x00, 0x00, 0x00, 0x00, 0x00, 0x00, 0x00, 0x00, 0x00, 0x00,
    0x00, 0x00, 0x00, 0x00, 0x00, 0x00, 0x00, 0x00, 0x00, 0x00, 0x00, 0x00, 0x00, 0x00, 0x00, 0x00,
    0x00, 0x00, 0x00, 0x00, 0x00, 0x00, 0x00, 0x00, 0x00, 0x00, 0x00, 0x00, 0x00, 0x00, 0x00, 0x00,
    0x00, 0x00, 0x00, 0x00, 0x00, 0x00, 0x00, 0x00, 0x00, 0x00, 0x00, 0x00, 0x00, 0x00, 0x00, 0x00,
    0x00, 0x00, 0x00, 0x00, 0x00, 0x00, 0x00, 0x00, 0x00, 0x00, 0x00, 0x00, 0x00, 0x00, 0x00, 0x00,
    0x00, 0x00, 0x00, 0x00, 0x00, 0x00, 0x00, 0x00, 0x00, 0x00, 0x00, 0x00, 0x51, 0x8D, 0xCA, 0x01,
    0x51, 0x8D, 0xCA, 0x01, 0x52, 0x8E, 0xCB, 0x01, 0x54, 0x8E, 0xCB, 0x01, 0x55, 0x8E, 0xCA, 0x01,
    0x55, 0x8E, 0xCA, 0x01, 0x55, 0x8E, 0xCA, 0x01, 0x56, 0x8E, 0xCA, 0x01, 0x56, 0x8E, 0xCA, 0x01,
    0x56, 0x8E, 0xCA, 0x01, 0x57, 0x8E, 0xCA, 0x01, 0x57, 0x8E, 0xC9, 0x01, 0x57, 0x8E, 0xC9, 0x01,
    0x57, 0x8E, 0xC9, 0x01, 0x55, 0x8D, 0xC8, 0x02, 0x53, 0x8C, 0xC9, 0x03, 0x53, 0x8C, 0xC9, 0x03,
    0x53, 0x8B, 0xC8, 0x05, 0x53, 0x8C, 0xCB, 0x01, 0x53, 0x8C, 0xCB, 0x01, 0x57, 0x8F, 0xCF, 0x01,
    0x00, 0x00, 0x00, 0x00, 0x61, 0x9B, 0xD7, 0x04, 0x61, 0x9B, 0xD7, 0x04, 0x67, 0x9F, 0xD5, 0x13,
    0x5F, 0x8F, 0xC3, 0x0F, 0x56, 0x84, 0xBB, 0x1A, 0x56, 0x84, 0xBB, 0x1A, 0x4D, 0x83, 0xC0, 0x1C,
    0x52, 0x8B, 0xC7, 0x15, 0x52, 0x8B, 0xC7, 0x15, 0x59, 0x8C, 0xC6, 0x12, 0x5D, 0x92, 0xC4, 0x0A,
    0x5F, 0x90, 0xC2, 0x08, 0x5F, 0x90, 0xC2, 0x08, 0x63, 0x96, 0xC9, 0x04, 0x65, 0x99, 0xD0, 0x05,
    0x66, 0xA1, 0xDA, 0x04, 0x66, 0xA1, 0xDA, 0x04, 0x60, 0x99, 0xD3, 0x10, 0x57, 0x8C, 0xC5, 0x10,
    0x57, 0x8C, 0xC5, 0x10, 0x50, 0x7E, 0xB8, 0x43, 0x63, 0x94, 0xD3, 0x6E, 0x80, 0xBB, 0xF8, 0xA8,
    0x80, 0xBB, 0xF8, 0xA8, 0x8A, 0xCB, 0xFE, 0xB7, 0x7C, 0xB8, 0xFC, 0xF0, 0x7A, 0xB9, 0xFC, 0xF4,
    0x7A, 0xB9, 0xFC, 0xF4, 0x76, 0xB3, 0xFC, 0xEE, 0x6C, 0xA4, 0xFA, 0xDC, 0x6C, 0xA4, 0xFA, 0xDC,
    0x73, 0xAD, 0xFD, 0xE7, 0x72, 0xA9, 0xFC, 0xD6, 0x60, 0x94, 0xE9, 0x4B, 0x60, 0x94, 0xE9, 0x4B,
    0x51, 0x8C, 0xD2, 0x05, 0x4D, 0x8C, 0xCF, 0x08, 0x4B, 0x8B, 0xD1, 0x04, 0x4B, 0x8B, 0xD1, 0x04,
    0x49, 0x89, 0xD0, 0x03, 0x48, 0x89, 0xCF, 0x01, 0x48, 0x89, 0xCF, 0x01, 0x47, 0x87, 0xCE, 0x01,
    0x00, 0x00, 0x00, 0x00, 0x00, 0x00, 0x00, 0x00, 0x00, 0x00, 0x00, 0x00, 0x00, 0x00, 0x00, 0x00,
    0x00, 0x00, 0x00, 0x00, 0x00, 0x00, 0x00, 0x00, 0x00, 0x00, 0x00, 0x00, 0x00, 0x00, 0x00, 0x00,
    0x00, 0x00, 0x00, 0x00, 0x00, 0x00, 0x00, 0x00, 0x00, 0x00, 0x00, 0x00, 0x00, 0x00, 0x00, 0x00,
    0x00, 0x00, 0x00, 0x00, 0x00, 0x00, 0x00, 0x00, 0x00, 0x00, 0x00, 0x00, 0x00, 0x00, 0x00, 0x00,
    0x00, 0x00, 0x00, 0x00, 0x00, 0x00, 0x00, 0x00, 0x00, 0x00, 0x00, 0x00, 0x00, 0x00, 0x00, 0x00,
    0x00, 0x00, 0x00, 0x00, 0x00, 0x00, 0x00, 0x00, 0x00, 0x00, 0x00, 0x00, 0x00, 0x00, 0x00, 0x00,
    0x00, 0x00, 0x00, 0x00, 0x00, 0x00, 0x00, 0x00, 0x00, 0x00, 0x00, 0x00, 0x00, 0x00, 0x00, 0x00,
    0x00, 0x00, 0x00, 0x00, 0x00, 0x00, 0x00, 0x00, 0x00, 0x00, 0x00, 0x00, 0x00, 0x00, 0x00, 0x00,
    0x00, 0x00, 0x00, 0x00, 0x00, 0x00, 0x00, 0x00, 0x00, 0x00, 0x00, 0x00, 0x00, 0x00, 0x00, 0x00,
    0x00, 0x00, 0x00, 0x00, 0x00, 0x00, 0x00, 0x00, 0x00, 0x00, 0x00, 0x00, 0x00, 0x00, 0x00, 0x00,
    0x00, 0x00, 0x00, 0x00, 0x00, 0x00, 0x00, 0x00, 0x00, 0x00, 0x00, 0x00, 0x00, 0x00, 0x00, 0x00,
    0x00, 0x00, 0x00, 0x00, 0x00, 0x00, 0x00, 0x00, 0x00, 0x00, 0x00, 0x00, 0x00, 0x00, 0x00, 0x00,
    0x00, 0x00, 0x00, 0x00, 0x00, 0x00, 0x00, 0x00, 0x00, 0x00, 0x00, 0x00, 0x00, 0x00, 0x00, 0x00,
    0x00, 0x00, 0x00, 0x00, 0x00, 0x00, 0x00, 0x00, 0x00, 0x00, 0x00, 0x00, 0x00, 0x00, 0x00, 0x00,
    0x00, 0x00, 0x00, 0x00, 0x00, 0x00, 0x00, 0x00, 0x00, 0x00, 0x00, 0x00, 0x00, 0x00, 0x00, 0x00,
    0x00, 0x00, 0x00, 0x00, 0x00, 0x00, 0x00, 0x00, 0x00, 0x00, 0x00, 0x00, 0x51, 0x8C, 0xCA, 0x01,
    0x51, 0x8C, 0xCA, 0x01, 0x51, 0x8D, 0xCB, 0x01, 0x52, 0x8D, 0xCA, 0x01, 0x53, 0x8D, 0xCA, 0x01,
    0x53, 0x8D, 0xCA, 0x01, 0x54, 0x8D, 0xCA, 0x01, 0x55, 0x8D, 0xC9, 0x01, 0x55, 0x8D, 0xC9, 0x01,
    0x55, 0x8C, 0xCA, 0x01, 0x54, 0x8D, 0xCA, 0x01, 0x56, 0x8F, 0xCB, 0x01, 0x56, 0x8F, 0xCB, 0x01,
    0x54, 0x8D, 0xC8, 0x02, 0x53, 0x8B, 0xC8, 0x01, 0x00, 0x00, 0x00, 0x00, 0x00, 0x00, 0x00, 0x00,
    0x57, 0x93, 0xCE, 0x01, 0x58, 0x96, 0xD1, 0x08, 0x58, 0x96, 0xD1, 0x08, 0x52, 0x82, 0xBF, 0x1D,
    0x44, 0x70, 0xA5, 0x6B, 0x32, 0x55, 0x84, 0x81, 0x32, 0x55, 0x84, 0x81, 0x24, 0x3E, 0x61, 0xD8,
    0x0A, 0x19, 0x3E, 0xE4, 0x12, 0x25, 0x56, 0xF0, 0x12, 0x25, 0x56, 0xF0, 0x40, 0x70, 0xAC, 0xF4,
    0x43, 0x79, 0xBA, 0xEE, 0x43, 0x79, 0xBA, 0xEE, 0x2E, 0x53, 0x94, 0xEB, 0x25, 0x48, 0x7D, 0xE4,
    0x1D, 0x39, 0x68, 0xDE, 0x1D, 0x39, 0x68, 0xDE, 0x23, 0x3F, 0x6B, 0xD3, 0x22, 0x3C, 0x69, 0xD0,
    0x2D, 0x4F, 0x7E, 0xC8, 0x2D, 0x4F, 0x7E, 0xC8, 0x3F, 0x6B, 0xA2, 0xD0, 0x68, 0x9E, 0xD8, 0xCA,
    0x68, 0x9E, 0xD8, 0xCA, 0x7B, 0xB4, 0xF0, 0xE0, 0x8F, 0xC8, 0xFD, 0xE9, 0x89, 0xC7, 0xFE, 0xFD,
    0x89, 0xC7, 0xFE, 0xFD, 0x7D, 0xBF, 0xFD, 0xF9, 0x71, 0xAE, 0xFB, 0xF3, 0x6E, 0xA6, 0xFA, 0xED,
    0x6E, 0xA6, 0xFA, 0xED, 0x6F, 0xAA, 0xFB, 0xF4, 0x6F, 0xAC, 0xFC, 0xF6, 0x6F, 0xAC, 0xFC, 0xF6,
    0x6D, 0xA8, 0xFD, 0xF2, 0x6C, 0xA6, 0xFE, 0xEA, 0x77, 0xB1, 0xFE, 0xC2, 0x77, 0xB1, 0xFE, 0xC2,
    0x64, 0x9A, 0xED, 0x53, 0x4C, 0x8A, 0xD1, 0x0D, 0x4A, 0x8C, 0xD1, 0x05, 0x4A, 0x8C, 0xD1, 0x05,
    0x47, 0x88, 0xD0, 0x04, 0x47, 0x88, 0xD0, 0x01, 0x47, 0x88, 0xD0, 0x01, 0x46, 0x88, 0xCF, 0x01,
    0x00, 0x00, 0x00, 0x00, 0x00, 0x00, 0x00, 0x00, 0x00, 0x00, 0x00, 0x00, 0x00, 0x00, 0x00, 0x00,
    0x00, 0x00, 0x00, 0x00, 0x00, 0x00, 0x00, 0x00, 0x00, 0x00, 0x00, 0x00, 0x00, 0x00, 0x00, 0x00,
    0x00, 0x00, 0x00, 0x00, 0x00, 0x00, 0x00, 0x00, 0x00, 0x00, 0x00, 0x00, 0x00, 0x00, 0x00, 0x00,
    0x00, 0x00, 0x00, 0x00, 0x00, 0x00, 0x00, 0x00, 0x00, 0x00, 0x00, 0x00, 0x00, 0x00, 0x00, 0x00,
    0x00, 0x00, 0x00, 0x00, 0x00, 0x00, 0x00, 0x00, 0x00, 0x00, 0x00, 0x00, 0x00, 0x00, 0x00, 0x00,
    0x00, 0x00, 0x00, 0x00, 0x00, 0x00, 0x00, 0x00, 0x00, 0x00, 0x00, 0x00, 0x00, 0x00, 0x00, 0x00,
    0x00, 0x00, 0x00, 0x00, 0x00, 0x00, 0x00, 0x00, 0x00, 0x00, 0x00, 0x00, 0x00, 0x00, 0x00, 0x00,
    0x00, 0x00, 0x00, 0x00, 0x00, 0x00, 0x00, 0x00, 0x00, 0x00, 0x00, 0x00, 0x00, 0x00, 0x00, 0x00,
    0x00, 0x00, 0x00, 0x00, 0x00, 0x00, 0x00, 0x00, 0x00, 0x00, 0x00, 0x00, 0x00, 0x00, 0x00, 0x00,
    0x00, 0x00, 0x00, 0x00, 0x00, 0x00, 0x00, 0x00, 0x00, 0x00, 0x00, 0x00, 0x00, 0x00, 0x00, 0x00,
    0x00, 0x00, 0x00, 0x00, 0x00, 0x00, 0x00, 0x00, 0x00, 0x00, 0x00, 0x00, 0x00, 0x00, 0x00, 0x00,
    0x00, 0x00, 0x00, 0x00, 0x00, 0x00, 0x00, 0x00, 0x00, 0x00, 0x00, 0x00, 0x00, 0x00, 0x00, 0x00,
    0x00, 0x00, 0x00, 0x00, 0x00, 0x00, 0x00, 0x00, 0x00, 0x00, 0x00, 0x00, 0x00, 0x00, 0x00, 0x00,
    0x00, 0x00, 0x00, 0x00, 0x00, 0x00, 0x00, 0x00, 0x00, 0x00, 0x00, 0x00, 0x00, 0x00, 0x00, 0x00,
    0x00, 0x00, 0x00, 0x00, 0x00, 0x00, 0x00, 0x00, 0x00, 0x00, 0x00, 0x00, 0x00, 0x00, 0x00, 0x00,
    0x00, 0x00, 0x00, 0x00, 0x00, 0x00, 0x00, 0x00, 0x00, 0x00, 0x00, 0x00, 0x51, 0x8C, 0xCA, 0x01,
    0x51, 0x8C, 0xCA, 0x01, 0x51, 0x8D, 0xCB, 0x01, 0x52, 0x8D, 0xCA, 0x01, 0x53, 0x8D, 0xCA, 0x01,
    0x53, 0x8D, 0xCA, 0x01, 0x54, 0x8D, 0xCA, 0x01, 0x55, 0x8D, 0xC9, 0x01, 0x55, 0x8D, 0xC9, 0x01,
    0x55, 0x8C, 0xCA, 0x01, 0x54, 0x8D, 0xCA, 0x01, 0x56, 0x8F, 0xCB, 0x01, 0x56, 0x8F, 0xCB, 0x01,
    0x54, 0x8D, 0xC8, 0x02, 0x53, 0x8B, 0xC8, 0x01, 0x00, 0x00, 0x00, 0x00, 0x00, 0x00, 0x00, 0x00,
    0x57, 0x93, 0xCE, 0x01, 0x58, 0x96, 0xD1, 0x08, 0x58, 0x96, 0xD1, 0x08, 0x52, 0x82, 0xBF, 0x1D,
    0x44, 0x70, 0xA5, 0x6B, 0x32, 0x55, 0x84, 0x81, 0x32, 0x55, 0x84, 0x81, 0x24, 0x3E, 0x61, 0xD8,
    0x0A, 0x19, 0x3E, 0xE4, 0x12, 0x25, 0x56, 0xF0, 0x12, 0x25, 0x56, 0xF0, 0x40, 0x70, 0xAC, 0xF4,
    0x43, 0x79, 0xBA, 0xEE, 0x43, 0x79, 0xBA, 0xEE, 0x2E, 0x53, 0x94, 0xEB, 0x25, 0x48, 0x7D, 0xE4,
    0x1D, 0x39, 0x68, 0xDE, 0x1D, 0x39, 0x68, 0xDE, 0x23, 0x3F, 0x6B, 0xD3, 0x22, 0x3C, 0x69, 0xD0,
    0x2D, 0x4F, 0x7E, 0xC8, 0x2D, 0x4F, 0x7E, 0xC8, 0x3F, 0x6B, 0xA2, 0xD0, 0x68, 0x9E, 0xD8, 0xCA,
    0x68, 0x9E, 0xD8, 0xCA, 0x7B, 0xB4, 0xF0, 0xE0, 0x8F, 0xC8, 0xFD, 0xE9, 0x89, 0xC7, 0xFE, 0xFD,
    0x89, 0xC7, 0xFE, 0xFD, 0x7D, 0xBF, 0xFD, 0xF9, 0x71, 0xAE, 0xFB, 0xF3, 0x6E, 0xA6, 0xFA, 0xED,
    0x6E, 0xA6, 0xFA, 0xED, 0x6F, 0xAA, 0xFB, 0xF4, 0x6F, 0xAC, 0xFC, 0xF6, 0x6F, 0xAC, 0xFC, 0xF6,
    0x6D, 0xA8, 0xFD, 0xF2, 0x6C, 0xA6, 0xFE, 0xEA, 0x77, 0xB1, 0xFE, 0xC2, 0x77, 0xB1, 0xFE, 0xC2,
    0x64, 0x9A, 0xED, 0x53, 0x4C, 0x8A, 0xD1, 0x0D, 0x4A, 0x8C, 0xD1, 0x05, 0x4A, 0x8C, 0xD1, 0x05,
    0x47, 0x88, 0xD0, 0x04, 0x47, 0x88, 0xD0, 0x01, 0x47, 0x88, 0xD0, 0x01, 0x46, 0x88, 0xCF, 0x01,
    0x00, 0x00, 0x00, 0x00, 0x00, 0x00, 0x00, 0x00, 0x00, 0x00, 0x00, 0x00, 0x00, 0x00, 0x00, 0x00,
    0x00, 0x00, 0x00, 0x00, 0x00, 0x00, 0x00, 0x00, 0x00, 0x00, 0x00, 0x00, 0x00, 0x00, 0x00, 0x00,
    0x00, 0x00, 0x00, 0x00, 0x00, 0x00, 0x00, 0x00, 0x00, 0x00, 0x00, 0x00, 0x00, 0x00, 0x00, 0x00,
    0x00, 0x00, 0x00, 0x00, 0x00, 0x00, 0x00, 0x00, 0x00, 0x00, 0x00, 0x00, 0x00, 0x00, 0x00, 0x00,
    0x00, 0x00, 0x00, 0x00, 0x00, 0x00, 0x00, 0x00, 0x00, 0x00, 0x00, 0x00, 0x00, 0x00, 0x00, 0x00,
    0x00, 0x00, 0x00, 0x00, 0x00, 0x00, 0x00, 0x00, 0x00, 0x00, 0x00, 0x00, 0x00, 0x00, 0x00, 0x00,
    0x00, 0x00, 0x00, 0x00, 0x00, 0x00, 0x00, 0x00, 0x00, 0x00, 0x00, 0x00, 0x00, 0x00, 0x00, 0x00,
    0x00, 0x00, 0x00, 0x00, 0x00, 0x00, 0x00, 0x00, 0x00, 0x00, 0x00, 0x00, 0x00, 0x00, 0x00, 0x00,
    0x00, 0x00, 0x00, 0x00, 0x00, 0x00, 0x00, 0x00, 0x00, 0x00, 0x00, 0x00, 0x00, 0x00, 0x00, 0x00,
    0x00, 0x00, 0x00, 0x00, 0x00, 0x00, 0x00, 0x00, 0x00, 0x00, 0x00, 0x00, 0x00, 0x00, 0x00, 0x00,
    0x00, 0x00, 0x00, 0x00, 0x00, 0x00, 0x00, 0x00, 0x00, 0x00, 0x00, 0x00, 0x00, 0x00, 0x00, 0x00,
    0x00, 0x00, 0x00, 0x00, 0x00, 0x00, 0x00, 0x00, 0x00, 0x00, 0x00, 0x00, 0x00, 0x00, 0x00, 0x00,
    0x00, 0x00, 0x00, 0x00, 0x00, 0x00, 0x00, 0x00, 0x00, 0x00, 0x00, 0x00, 0x00, 0x00, 0x00, 0x00,
    0x00, 0x00, 0x00, 0x00, 0x00, 0x00, 0x00, 0x00, 0x00, 0x00, 0x00, 0x00, 0x00, 0x00, 0x00, 0x00,
    0x00, 0x00, 0x00, 0x00, 0x00, 0x00, 0x00, 0x00, 0x00, 0x00, 0x00, 0x00, 0x00, 0x00, 0x00, 0x00,
    0x00, 0x00, 0x00, 0x00, 0x4D, 0x8B, 0xCA, 0x01, 0x4F, 0x8B, 0xCB, 0x01, 0x4F, 0x8B, 0xCA, 0x01,
    0x4F, 0x8B, 0xCA, 0x01, 0x50, 0x8C, 0xCA, 0x01, 0x50, 0x8C, 0xCA, 0x01, 0x51, 0x8C, 0xC9, 0x01,
    0x51, 0x8C, 0xC9, 0x01, 0x52, 0x8C, 0xC9, 0x01, 0x53, 0x8C, 0xC9, 0x01, 0x53, 0x8C, 0xC9, 0x01,
    0x54, 0x8D, 0xC9, 0x01, 0x54, 0x8E, 0xCA, 0x01, 0x52, 0x8C, 0xC8, 0x02, 0x52, 0x8C, 0xC8, 0x02,
    0x00, 0x00, 0x00, 0x00, 0x5A, 0x8D, 0xC6, 0x0A, 0x49, 0x77, 0xA9, 0x4E, 0x49, 0x77, 0xA9, 0x4E,
    0x39, 0x64, 0x95, 0x64, 0x30, 0x5B, 0x8B, 0xA7, 0x30, 0x5B, 0x8B, 0xA7, 0x14, 0x32, 0x5E, 0xC0,
    0x12, 0x2B, 0x5B, 0xF8, 0x06, 0x12, 0x43, 0xFA, 0x06, 0x12, 0x43, 0xFA, 0x1F, 0x33, 0x61, 0xFA,
    0x5B, 0x85, 0xB5, 0xF9, 0x7B, 0xA4, 0xDD, 0xF8, 0x7B, 0xA4, 0xDD, 0xF8, 0x8C, 0xC0, 0xF7, 0xF9,
    0x8C, 0xC5, 0xFA, 0xFA, 0x8C, 0xC5, 0xFA, 0xFA, 0x8A, 0xBB, 0xF6, 0xFB, 0x8A, 0xBE, 0xF4, 0xFC,
    0x83, 0xB5, 0xEC, 0xFC, 0x83, 0xB5, 0xEC, 0xFC, 0x82, 0xB3, 0xE8, 0xFD, 0x77, 0xA3, 0xDA, 0xFE,
    0x7A, 0xA8, 0xDF, 0xFD, 0x7A, 0xA8, 0xDF, 0xFD, 0x7A, 0xAB, 0xE8, 0xFD, 0x8A, 0xC6, 0xFC, 0xFD,
    0x8A, 0xC6, 0xFC, 0xFD, 0x88, 0xC9, 0xFD, 0xFD, 0x82, 0xC0, 0xFD, 0xF7, 0x77, 0xB0, 0xFC, 0xF5,
    0x77, 0xB0, 0xFC, 0xF5, 0x74, 0xAF, 0xFC, 0xF5, 0x74, 0xB2, 0xFD, 0xF7, 0x75, 0xB3, 0xFE, 0xF8,
    0x75, 0xB3, 0xFE, 0xF8, 0x76, 0xB5, 0xFE, 0xF8, 0x76, 0xB7, 0xFE, 0xF4, 0x76, 0xB7, 0xFE, 0xF4,
    0x6A, 0xA5, 0xFC, 0xF3, 0x6E, 0xA8, 0xFD, 0xF2, 0x70, 0xA7, 0xFE, 0xEE, 0x70, 0xA7, 0xFE, 0xEE,
    0x74, 0xA9, 0xFD, 0xD5, 0x5D, 0x97, 0xE9, 0x5B, 0x47, 0x87, 0xD2, 0x09, 0x47, 0x87, 0xD2, 0x09,
    0x45, 0x86, 0xD1, 0x06, 0x45, 0x88, 0xD1, 0x02, 0x45, 0x88, 0xD1, 0x02, 0x45, 0x87, 0xD0, 0x01,
    0x00, 0x00, 0x00, 0x00, 0x00, 0x00, 0x00, 0x00, 0x00, 0x00, 0x00, 0x00, 0x00, 0x00, 0x00, 0x00,
    0x00, 0x00, 0x00, 0x00, 0x00, 0x00, 0x00, 0x00, 0x00, 0x00, 0x00, 0x00, 0x00, 0x00, 0x00, 0x00,
    0x00, 0x00, 0x00, 0x00, 0x00, 0x00, 0x00, 0x00, 0x00, 0x00, 0x00, 0x00, 0x00, 0x00, 0x00, 0x00,
    0x00, 0x00, 0x00, 0x00, 0x00, 0x00, 0x00, 0x00, 0x00, 0x00, 0x00, 0x00, 0x00, 0x00, 0x00, 0x00,
    0x00, 0x00, 0x00, 0x00, 0x00, 0x00, 0x00, 0x00, 0x00, 0x00, 0x00, 0x00, 0x00, 0x00, 0x00, 0x00,
    0x00, 0x00, 0x00, 0x00, 0x00, 0x00, 0x00, 0x00, 0x00, 0x00, 0x00, 0x00, 0x00, 0x00, 0x00, 0x00,
    0x00, 0x00, 0x00, 0x00, 0x00, 0x00, 0x00, 0x00, 0x00, 0x00, 0x00, 0x00, 0x00, 0x00, 0x00, 0x00,
    0x00, 0x00, 0x00, 0x00, 0x00, 0x00, 0x00, 0x00, 0x00, 0x00, 0x00, 0x00, 0x00, 0x00, 0x00, 0x00,
    0x00, 0x00, 0x00, 0x00, 0x00, 0x00, 0x00, 0x00, 0x00, 0x00, 0x00, 0x00, 0x00, 0x00, 0x00, 0x00,
    0x00, 0x00, 0x00, 0x00, 0x00, 0x00, 0x00, 0x00, 0x00, 0x00, 0x00, 0x00, 0x00, 0x00, 0x00, 0x00,
    0x00, 0x00, 0x00, 0x00, 0x00, 0x00, 0x00, 0x00, 0x00, 0x00, 0x00, 0x00, 0x00, 0x00, 0x00, 0x00,
    0x00, 0x00, 0x00, 0x00, 0x00, 0x00, 0x00, 0x00, 0x00, 0x00, 0x00, 0x00, 0x00, 0x00, 0x00, 0x00,
    0x00, 0x00, 0x00, 0x00, 0x00, 0x00, 0x00, 0x00, 0x00, 0x00, 0x00, 0x00, 0x00, 0x00, 0x00, 0x00,
    0x00, 0x00, 0x00, 0x00, 0x00, 0x00, 0x00, 0x00, 0x00, 0x00, 0x00, 0x00, 0x00, 0x00, 0x00, 0x00,
    0x00, 0x00, 0x00, 0x00, 0x00, 0x00, 0x00, 0x00, 0x00, 0x00, 0x00, 0x00, 0x00, 0x00, 0x00, 0x00,
    0x00, 0x00, 0x00, 0x00, 0x4D, 0x8B, 0xCB, 0x01, 0x4E, 0x8C, 0xCB, 0x01, 0x4E, 0x8C, 0xCA, 0x01,
    0x4E, 0x8C, 0xCA, 0x01, 0x4F, 0x8C, 0xCA, 0x01, 0x4F, 0x8C, 0xC9, 0x01, 0x50, 0x8C, 0xC9, 0x01,
    0x50, 0x8C, 0xC9, 0x01, 0x50, 0x8B, 0xC9, 0x01, 0x51, 0x8C, 0xC7, 0x02, 0x51, 0x8C, 0xC7, 0x02,
    0x50, 0x8C, 0xC7, 0x03, 0x51, 0x8D, 0xC9, 0x02, 0x56, 0x8D, 0xCA, 0x04, 0x56, 0x8D, 0xCA, 0x04,
    0x5D, 0x91, 0xC8, 0x26, 0x30, 0x55, 0x7C, 0x4A, 0x11, 0x2C, 0x4F, 0xDB, 0x11, 0x2C, 0x4F, 0xDB,
    0x1C, 0x34, 0x5F, 0xE1, 0x14, 0x24, 0x56, 0xFC, 0x14, 0x24, 0x56, 0xFC, 0x4D, 0x74, 0xA8, 0xFC,
    0x77, 0xAC, 0xE1, 0xF7, 0x69, 0x94, 0xD7, 0xFA, 0x69, 0x94, 0xD7, 0xFA, 0x88, 0xB1, 0xED, 0xF9,
    0xA1, 0xD8, 0xFA, 0xFA, 0x99, 0xD1, 0xFC, 0xFC, 0x99, 0xD1, 0xFC, 0xFC, 0x8E, 0xC6, 0xFB, 0xFC,
    0x8E, 0xC8, 0xFB, 0xFC, 0x8E, 0xC8, 0xFB, 0xFC, 0x91, 0xCC, 0xFD, 0xFB, 0x94, 0xD0, 0xFD, 0xFB,
    0x94, 0xD0, 0xFD, 0xFB, 0x94, 0xD0, 0xFD, 0xFB, 0x95, 0xD1, 0xFD, 0xFA, 0x94, 0xD0, 0xFD, 0xFA,
    0x94, 0xD3, 0xFD, 0xF9, 0x94, 0xD3, 0xFD, 0xF9, 0x8C, 0xCB, 0xFD, 0xF8, 0x83, 0xBE, 0xFC, 0xF7,
    0x83, 0xBE, 0xFC, 0xF7, 0x78, 0xB3, 0xFA, 0xF8, 0x76, 0xB4, 0xFD, 0xF8, 0x76, 0xB5, 0xFD, 0xF8,
    0x76, 0xB5, 0xFD, 0xF8, 0x73, 0xAF, 0xFD, 0xF8, 0x72, 0xB2, 0xFE, 0xF8, 0x75, 0xB8, 0xFE, 0xF8,
    0x75, 0xB8, 0xFE, 0xF8, 0x6E, 0xAB, 0xFD, 0xF7, 0x6C, 0xAA, 0xFD, 0xF7, 0x6C, 0xAA, 0xFD, 0xF7,
    0x6F, 0xAE, 0xFE, 0xF9, 0x6D, 0xAB, 0xFE, 0xF4, 0x68, 0x9E, 0xFB, 0xF1, 0x68, 0x9E, 0xFB, 0xF1,
    0x6E, 0xA8, 0xFE, 0xEE, 0x65, 0xA2, 0xFB, 0xB5, 0x4A, 0x85, 0xDF, 0x39, 0x4A, 0x85, 0xDF, 0x39,
    0x46, 0x87, 0xD7, 0x05, 0x44, 0x87, 0xD2, 0x02, 0x44, 0x87, 0xD2, 0x02, 0x44, 0x87, 0xD1, 0x02,
    0x00, 0x00, 0x00, 0x00, 0x00, 0x00, 0x00, 0x00, 0x00, 0x00, 0x00, 0x00, 0x00, 0x00, 0x00, 0x00,
    0x00, 0x00, 0x00, 0x00, 0x00, 0x00, 0x00, 0x00, 0x00, 0x00, 0x00, 0x00, 0x00, 0x00, 0x00, 0x00,
    0x00, 0x00, 0x00, 0x00, 0x00, 0x00, 0x00, 0x00, 0x00, 0x00, 0x00, 0x00, 0x00, 0x00, 0x00, 0x00,
    0x00, 0x00, 0x00, 0x00, 0x00, 0x00, 0x00, 0x00, 0x00, 0x00, 0x00, 0x00, 0x00, 0x00, 0x00, 0x00,
    0x00, 0x00, 0x00, 0x00, 0x00, 0x00, 0x00, 0x00, 0x00, 0x00, 0x00, 0x00, 0x00, 0x00, 0x00, 0x00,
    0x00, 0x00, 0x00, 0x00, 0x00, 0x00, 0x00, 0x00, 0x00, 0x00, 0x00, 0x00, 0x00, 0x00, 0x00, 0x00,
    0x00, 0x00, 0x00, 0x00, 0x00, 0x00, 0x00, 0x00, 0x00, 0x00, 0x00, 0x00, 0x00, 0x00, 0x00, 0x00,
    0x00, 0x00, 0x00, 0x00, 0x00, 0x00, 0x00, 0x00, 0x00, 0x00, 0x00, 0x00, 0x00, 0x00, 0x00, 0x00,
    0x00, 0x00, 0x00, 0x00, 0x00, 0x00, 0x00, 0x00, 0x00, 0x00, 0x00, 0x00, 0x00, 0x00, 0x00, 0x00,
    0x00, 0x00, 0x00, 0x00, 0x00, 0x00, 0x00, 0x00, 0x00, 0x00, 0x00, 0x00, 0x00, 0x00, 0x00, 0x00,
    0x00, 0x00, 0x00, 0x00, 0x00, 0x00, 0x00, 0x00, 0x00, 0x00, 0x00, 0x00, 0x00, 0x00, 0x00, 0x00,
    0x00, 0x00, 0x00, 0x00, 0x00, 0x00, 0x00, 0x00, 0x00, 0x00, 0x00, 0x00, 0x00, 0x00, 0x00, 0x00,
    0x00, 0x00, 0x00, 0x00, 0x00, 0x00, 0x00, 0x00, 0x00, 0x00, 0x00, 0x00, 0x00, 0x00, 0x00, 0x00,
    0x00, 0x00, 0x00, 0x00, 0x00, 0x00, 0x00, 0x00, 0x00, 0x00, 0x00, 0x00, 0x00, 0x00, 0x00, 0x00,
    0x00, 0x00, 0x00, 0x00, 0x00, 0x00, 0x00, 0x00, 0x00, 0x00, 0x00, 0x00, 0x00, 0x00, 0x00, 0x00,
    0x00, 0x00, 0x00, 0x00, 0x4C, 0x8B, 0xCB, 0x01, 0x4D, 0x8B, 0xCB, 0x01, 0x4D, 0x8B, 0xCA, 0x01,
    0x4D, 0x8B, 0xCA, 0x01, 0x4E, 0x8B, 0xC9, 0x02, 0x4E, 0x8B, 0xC9, 0x02, 0x4F, 0x8B, 0xC8, 0x02,
    0x4F, 0x8B, 0xC8, 0x02, 0x4F, 0x8C, 0xC8, 0x03, 0x4B, 0x89, 0xC5, 0x04, 0x4B, 0x89, 0xC5, 0x04,
    0x50, 0x8D, 0xC9, 0x05, 0x52, 0x8D, 0xC7, 0x09, 0x4C, 0x7C, 0xAC, 0x4D, 0x4C, 0x7C, 0xAC, 0x4D,
    0x1B, 0x37, 0x5A, 0xDA, 0x02, 0x06, 0x19, 0xE0, 0x44, 0x66, 0x8C, 0xF2, 0x44, 0x66, 0x8C, 0xF2,
    0x71, 0x9D, 0xCD, 0xF8, 0x66, 0x85, 0xCA, 0xF8, 0x66, 0x85, 0xCA, 0xF8, 0x9C, 0xCE, 0xFB, 0xFA,
    0x90, 0xC9, 0xFB, 0xFB, 0x8C, 0xC3, 0xF9, 0xFC, 0x8C, 0xC3, 0xF9, 0xFC, 0x95, 0xC8, 0xF9, 0xFC,
    0x8E, 0xC1, 0xF7, 0xFC, 0x8F, 0xC4, 0xF8, 0xFC, 0x8F, 0xC4, 0xF8, 0xFC, 0x90, 0xC8, 0xFB, 0xFC,
    0x91, 0xC9, 0xFC, 0xFC, 0x91, 0xC9, 0xFC, 0xFC, 0x91, 0xC8, 0xFC, 0xFC, 0x8F, 0xC7, 0xFC, 0xFC,
    0x8D, 0xC5, 0xFB, 0xFC, 0x8D, 0xC5, 0xFB, 0xFC, 0x8E, 0xC6, 0xFB, 0xFC, 0x8E, 0xC7, 0xFB, 0xFC,
    0x8B, 0xC4, 0xFB, 0xFC, 0x8B, 0xC4, 0xFB, 0xFC, 0x87, 0xC2, 0xFC, 0xFB, 0x85, 0xBF, 0xFD, 0xFB,
    0x85, 0xBF, 0xFD, 0xFB, 0x7D, 0xBA, 0xFD, 0xFA, 0x77, 0xB4, 0xFD, 0xFA, 0x6F, 0xAA, 0xFD, 0xFA,
    0x6F, 0xAA, 0xFD, 0xFA, 0x6F, 0xAD, 0xFD, 0xFA, 0x69, 0xA4, 0xFB, 0xF9, 0x66, 0xA0, 0xFA, 0xF9,
    0x66, 0xA0, 0xFA, 0xF9, 0x68, 0xA6, 0xFB, 0xF9, 0x65, 0xA2, 0xFB, 0xF7, 0x65, 0xA2, 0xFB, 0xF7,
    0x61, 0x9C, 0xFA, 0xF6, 0x62, 0x9C, 0xFA, 0xF4, 0x5E, 0x97, 0xF7, 0xF4, 0x5E, 0x97, 0xF7, 0xF4,
    0x5B, 0x94, 0xF7, 0xEF, 0x55, 0x8E, 0xF5, 0xE7, 0x49, 0x85, 0xEA, 0x9B, 0x49, 0x85, 0xEA, 0x9B,
    0x41, 0x80, 0xDD, 0x1A, 0x44, 0x86, 0xD6, 0x02, 0x44, 0x86, 0xD6, 0x02, 0x43, 0x86, 0xD2, 0x02,
    0x00, 0x00, 0x00, 0x00, 0x00, 0x00, 0x00, 0x00, 0x00, 0x00, 0x00, 0x00, 0x00, 0x00, 0x00, 0x00,
    0x00, 0x00, 0x00, 0x00, 0x00, 0x00, 0x00, 0x00, 0x00, 0x00, 0x00, 0x00, 0x00, 0x00, 0x00, 0x00,
    0x00, 0x00, 0x00, 0x00, 0x00, 0x00, 0x00, 0x00, 0x00, 0x00, 0x00, 0x00, 0x00, 0x00, 0x00, 0x00,
    0x00, 0x00, 0x00, 0x00, 0x00, 0x00, 0x00, 0x00, 0x00, 0x00, 0x00, 0x00, 0x00, 0x00, 0x00, 0x00,
    0x00, 0x00, 0x00, 0x00, 0x00, 0x00, 0x00, 0x00, 0x00, 0x00, 0x00, 0x00, 0x00, 0x00, 0x00, 0x00,
    0x00, 0x00, 0x00, 0x00, 0x00, 0x00, 0x00, 0x00, 0x00, 0x00, 0x00, 0x00, 0x00, 0x00, 0x00, 0x00,
    0x00, 0x00, 0x00, 0x00, 0x00, 0x00, 0x00, 0x00, 0x00, 0x00, 0x00, 0x00, 0x00, 0x00, 0x00, 0x00,
    0x00, 0x00, 0x00, 0x00, 0x00, 0x00, 0x00, 0x00, 0x00, 0x00, 0x00, 0x00, 0x00, 0x00, 0x00, 0x00,
    0x00, 0x00, 0x00, 0x00, 0x00, 0x00, 0x00, 0x00, 0x00, 0x00, 0x00, 0x00, 0x00, 0x00, 0x00, 0x00,
    0x00, 0x00, 0x00, 0x00, 0x00, 0x00, 0x00, 0x00, 0x00, 0x00, 0x00, 0x00, 0x00, 0x00, 0x00, 0x00,
    0x00, 0x00, 0x00, 0x00, 0x00, 0x00, 0x00, 0x00, 0x00, 0x00, 0x00, 0x00, 0x00, 0x00, 0x00, 0x00,
    0x00, 0x00, 0x00, 0x00, 0x00, 0x00, 0x00, 0x00, 0x00, 0x00, 0x00, 0x00, 0x00, 0x00, 0x00, 0x00,
    0x00, 0x00, 0x00, 0x00, 0x00, 0x00, 0x00, 0x00, 0x00, 0x00, 0x00, 0x00, 0x00, 0x00, 0x00, 0x00,
    0x00, 0x00, 0x00, 0x00, 0x00, 0x00, 0x00, 0x00, 0x00, 0x00, 0x00, 0x00, 0x00, 0x00, 0x00, 0x00,
    0x00, 0x00, 0x00, 0x00, 0x00, 0x00, 0x00, 0x00, 0x00, 0x00, 0x00, 0x00, 0x00, 0x00, 0x00, 0x00,
    0x00, 0x00, 0x00, 0x00, 0x4C, 0x8B, 0xCB, 0x01, 0x4D, 0x8B, 0xCB, 0x01, 0x4D, 0x8B, 0xCA, 0x01,
    0x4D, 0x8B, 0xCA, 0x01, 0x4E, 0x8B, 0xC9, 0x02, 0x4E, 0x8B, 0xC9, 0x02, 0x4F, 0x8B, 0xC8, 0x02,
    0x4F, 0x8B, 0xC8, 0x02, 0x4F, 0x8C, 0xC8, 0x03, 0x4B, 0x89, 0xC5, 0x04, 0x4B, 0x89, 0xC5, 0x04,
    0x50, 0x8D, 0xC9, 0x05, 0x52, 0x8D, 0xC7, 0x09, 0x4C, 0x7C, 0xAC, 0x4D, 0x4C, 0x7C, 0xAC, 0x4D,
    0x1B, 0x37, 0x5A, 0xDA, 0x02, 0x06, 0x19, 0xE0, 0x44, 0x66, 0x8C, 0xF2, 0x44, 0x66, 0x8C, 0xF2,
    0x71, 0x9D, 0xCD, 0xF8, 0x66, 0x85, 0xCA, 0xF8, 0x66, 0x85, 0xCA, 0xF8, 0x9C, 0xCE, 0xFB, 0xFA,
    0x90, 0xC9, 0xFB, 0xFB, 0x8C, 0xC3, 0xF9, 0xFC, 0x8C, 0xC3, 0xF9, 0xFC, 0x95, 0xC8, 0xF9, 0xFC,
    0x8E, 0xC1, 0xF7, 0xFC, 0x8F, 0xC4, 0xF8, 0xFC, 0x8F, 0xC4, 0xF8, 0xFC, 0x90, 0xC8, 0xFB, 0xFC,
    0x91, 0xC9, 0xFC, 0xFC, 0x91, 0xC9, 0xFC, 0xFC, 0x91, 0xC8, 0xFC, 0xFC, 0x8F, 0xC7, 0xFC, 0xFC,
    0x8D, 0xC5, 0xFB, 0xFC, 0x8D, 0xC5, 0xFB, 0xFC, 0x8E, 0xC6, 0xFB, 0xFC, 0x8E, 0xC7, 0xFB, 0xFC,
    0x8B, 0xC4, 0xFB, 0xFC, 0x8B, 0xC4, 0xFB, 0xFC, 0x87, 0xC2, 0xFC, 0xFB, 0x85, 0xBF, 0xFD, 0xFB,
    0x85, 0xBF, 0xFD, 0xFB, 0x7D, 0xBA, 0xFD, 0xFA, 0x77, 0xB4, 0xFD, 0xFA, 0x6F, 0xAA, 0xFD, 0xFA,
    0x6F, 0xAA, 0xFD, 0xFA, 0x6F, 0xAD, 0xFD, 0xFA, 0x69, 0xA4, 0xFB, 0xF9, 0x66, 0xA0, 0xFA, 0xF9,
    0x66, 0xA0, 0xFA, 0xF9, 0x68, 0xA6, 0xFB, 0xF9, 0x65, 0xA2, 0xFB, 0xF7, 0x65, 0xA2, 0xFB, 0xF7,
    0x61, 0x9C, 0xFA, 0xF6, 0x62, 0x9C, 0xFA, 0xF4, 0x5E, 0x97, 0xF7, 0xF4, 0x5E, 0x97, 0xF7, 0xF4,
    0x5B, 0x94, 0xF7, 0xEF, 0x55, 0x8E, 0xF5, 0xE7, 0x49, 0x85, 0xEA, 0x9B, 0x49, 0x85, 0xEA, 0x9B,
    0x41, 0x80, 0xDD, 0x1A, 0x44, 0x86, 0xD6, 0x02, 0x44, 0x86, 0xD6, 0x02, 0x43, 0x86, 0xD2, 0x02,
    0x00, 0x00, 0x00, 0x00, 0x00, 0x00, 0x00, 0x00, 0x00, 0x00, 0x00, 0x00, 0x00, 0x00, 0x00, 0x00,
    0x00, 0x00, 0x00, 0x00, 0x00, 0x00, 0x00, 0x00, 0x00, 0x00, 0x00, 0x00, 0x00, 0x00, 0x00, 0x00,
    0x00, 0x00, 0x00, 0x00, 0x00, 0x00, 0x00, 0x00, 0x00, 0x00, 0x00, 0x00, 0x00, 0x00, 0x00, 0x00,
    0x00, 0x00, 0x00, 0x00, 0x00, 0x00, 0x00, 0x00, 0x00, 0x00, 0x00, 0x00, 0x00, 0x00, 0x00, 0x00,
    0x00, 0x00, 0x00, 0x00, 0x00, 0x00, 0x00, 0x00, 0x00, 0x00, 0x00, 0x00, 0x00, 0x00, 0x00, 0x00,
    0x00, 0x00, 0x00, 0x00, 0x00, 0x00, 0x00, 0x00, 0x00, 0x00, 0x00, 0x00, 0x00, 0x00, 0x00, 0x00,
    0x00, 0x00, 0x00, 0x00, 0x00, 0x00, 0x00, 0x00, 0x00, 0x00, 0x00, 0x00, 0x00, 0x00, 0x00, 0x00,
    0x00, 0x00, 0x00, 0x00, 0x00, 0x00, 0x00, 0x00, 0x00, 0x00, 0x00, 0x00, 0x00, 0x00, 0x00, 0x00,
    0x00, 0x00, 0x00, 0x00, 0x00, 0x00, 0x00, 0x00, 0x00, 0x00, 0x00, 0x00, 0x00, 0x00, 0x00, 0x00,
    0x00, 0x00, 0x00, 0x00, 0x00, 0x00, 0x00, 0x00, 0x00, 0x00, 0x00, 0x00, 0x00, 0x00, 0x00, 0x00,
    0x00, 0x00, 0x00, 0x00, 0x00, 0x00, 0x00, 0x00, 0x00, 0x00, 0x00, 0x00, 0x00, 0x00, 0x00, 0x00,
    0x00, 0x00, 0x00, 0x00, 0x00, 0x00, 0x00, 0x00, 0x00, 0x00, 0x00, 0x00, 0x00, 0x00, 0x00, 0x00,
    0x00, 0x00, 0x00, 0x00, 0x00, 0x00, 0x00, 0x00, 0x00, 0x00, 0x00, 0x00, 0x00, 0x00, 0x00, 0x00,
    0x00, 0x00, 0x00, 0x00, 0x00, 0x00, 0x00, 0x00, 0x00, 0x00, 0x00, 0x00, 0x00, 0x00, 0x00, 0x00,
    0x00, 0x00, 0x00, 0x00, 0x00, 0x00, 0x00, 0x00, 0x00, 0x00, 0x00, 0x00, 0x00, 0x00, 0x00, 0x00,
    0x00, 0x00, 0x00, 0x00, 0x4C, 0x8B, 0xCB, 0x01, 0x4D, 0x8C, 0xCB, 0x01, 0x4D, 0x8B, 0xCA, 0x01,
    0x4D, 0x8B, 0xCA, 0x01, 0x4D, 0x8B, 0xC9, 0x02, 0x4E, 0x8A, 0xC9, 0x02, 0x4E, 0x8B, 0xC8, 0x03,
    0x4E, 0x8B, 0xC8, 0x03, 0x4A, 0x89, 0xC5, 0x05, 0x4F, 0x8C, 0xC6, 0x04, 0x4F, 0x8C, 0xC6, 0x04,
    0x4C, 0x7F, 0xB1, 0x2B, 0x2D, 0x57, 0x81, 0x7F, 0x3A, 0x60, 0x85, 0xDA, 0x3A, 0x60, 0x85, 0xDA,
    0x20, 0x39, 0x5D, 0xF3, 0x2F, 0x42, 0x6D, 0xFA, 0x98, 0xC5, 0xF1, 0xFB, 0x98, 0xC5, 0xF1, 0xFB,
    0x7A, 0xAC, 0xED, 0xFC, 0x46, 0x67, 0xBB, 0xFB, 0x46, 0x67, 0xBB, 0xFB, 0x65, 0x88, 0xD9, 0xFC,
    0x7D, 0xAD, 0xF3, 0xFC, 0x8C, 0xBC, 0xF7, 0xFC, 0x8C, 0xBC, 0xF7, 0xFC, 0x96, 0xC7, 0xFA, 0xFC,
    0x93, 0xC4, 0xF9, 0xFC, 0x94, 0xC6, 0xFB, 0xFC, 0x94, 0xC6, 0xFB, 0xFC, 0x93, 0xC9, 0xFC, 0xFC,
    0x95, 0xCB, 0xFD, 0xFC, 0x95, 0xCB, 0xFD, 0xFC, 0x92, 0xC8, 0xFC, 0xFC, 0x91, 0xC6, 0xFC, 0xFC,
    0x90, 0xC7, 0xFC, 0xFC, 0x90, 0xC7, 0xFC, 0xFC, 0x92, 0xC8, 0xFC, 0xFC, 0x8F, 0xC5, 0xFC, 0xFC,
    0x8D, 0xC3, 0xFC, 0xFC, 0x8D, 0xC3, 0xFC, 0xFC, 0x8A, 0xC3, 0xFD, 0xFC, 0x86, 0xC1, 0xFD, 0xFB,
    0x86, 0xC1, 0xFD, 0xFB, 0x7E, 0xB8, 0xFD, 0xFB, 0x78, 0xB1, 0xFD, 0xFB, 0x72, 0xAB, 0xFC, 0xFA,
    0x72, 0xAB, 0xFC, 0xFA, 0x6D, 0xA9, 0xFD, 0xF9, 0x63, 0x9E, 0xFB, 0xF9, 0x60, 0x98, 0xF9, 0xF9,
    0x60, 0x98, 0xF9, 0xF9, 0x5A, 0x93, 0xF5, 0xF9, 0x5B, 0x94, 0xF5, 0xF8, 0x5B, 0x94, 0xF5, 0xF8,
    0x5A, 0x93, 0xF4, 0xF7, 0x5A, 0x94, 0xF7, 0xF6, 0x5B, 0x98, 0xF9, 0xF3, 0x5B, 0x98, 0xF9, 0xF3,
    0x57, 0x92, 0xF8, 0xE9, 0x4D, 0x86, 0xF2, 0xE7, 0x46, 0x82, 0xEE, 0xBF, 0x46, 0x82, 0xEE, 0xBF,
    0x3C, 0x7D, 0xE3, 0x44, 0x40, 0x84, 0xDA, 0x0A, 0x40, 0x84, 0xDA, 0x0A, 0x40, 0x85, 0xD3, 0x03,
    0x00, 0x00, 0x00, 0x00, 0x00, 0x00, 0x00, 0x00, 0x00, 0x00, 0x00, 0x00, 0x00, 0x00, 0x00, 0x00,
    0x00, 0x00, 0x00, 0x00, 0x00, 0x00, 0x00, 0x00, 0x00, 0x00, 0x00, 0x00, 0x00, 0x00, 0x00, 0x00,
    0x00, 0x00, 0x00, 0x00, 0x00, 0x00, 0x00, 0x00, 0x00, 0x00, 0x00, 0x00, 0x00, 0x00, 0x00, 0x00,
    0x00, 0x00, 0x00, 0x00, 0x00, 0x00, 0x00, 0x00, 0x00, 0x00, 0x00, 0x00, 0x00, 0x00, 0x00, 0x00,
    0x00, 0x00, 0x00, 0x00, 0x00, 0x00, 0x00, 0x00, 0x00, 0x00, 0x00, 0x00, 0x00, 0x00, 0x00, 0x00,
    0x00, 0x00, 0x00, 0x00, 0x00, 0x00, 0x00, 0x00, 0x00, 0x00, 0x00, 0x00, 0x00, 0x00, 0x00, 0x00,
    0x00, 0x00, 0x00, 0x00, 0x00, 0x00, 0x00, 0x00, 0x00, 0x00, 0x00, 0x00, 0x00, 0x00, 0x00, 0x00,
    0x00, 0x00, 0x00, 0x00, 0x00, 0x00, 0x00, 0x00, 0x00, 0x00, 0x00, 0x00, 0x00, 0x00, 0x00, 0x00,
    0x00, 0x00, 0x00, 0x00, 0x00, 0x00, 0x00, 0x00, 0x00, 0x00, 0x00, 0x00, 0x00, 0x00, 0x00, 0x00,
    0x00, 0x00, 0x00, 0x00, 0x00, 0x00, 0x00, 0x00, 0x00, 0x00, 0x00, 0x00, 0x00, 0x00, 0x00, 0x00,
    0x00, 0x00, 0x00, 0x00, 0x00, 0x00, 0x00, 0x00, 0x00, 0x00, 0x00, 0x00, 0x00, 0x00, 0x00, 0x00,
    0x00, 0x00, 0x00, 0x00, 0x00, 0x00, 0x00, 0x00, 0x00, 0x00, 0x00, 0x00, 0x00, 0x00, 0x00, 0x00,
    0x00, 0x00, 0x00, 0x00, 0x00, 0x00, 0x00, 0x00, 0x00, 0x00, 0x00, 0x00, 0x00, 0x00, 0x00, 0x00,
    0x00, 0x00, 0x00, 0x00, 0x00, 0x00, 0x00, 0x00, 0x00, 0x00, 0x00, 0x00, 0x00, 0x00, 0x00, 0x00,
    0x00, 0x00, 0x00, 0x00, 0x00, 0x00, 0x00, 0x00, 0x00, 0x00, 0x00, 0x00, 0x00, 0x00, 0x00, 0x00,
    0x00, 0x00, 0x00, 0x00, 0x4B, 0x8B, 0xCC, 0x01, 0x4C, 0x8B, 0xCB, 0x01, 0x4C, 0x8A, 0xCB, 0x01,
    0x4C, 0x8A, 0xCB, 0x01, 0x4D, 0x8A, 0xCA, 0x02, 0x4D, 0x8A, 0xC8, 0x03, 0x49, 0x88, 0xC5, 0x05,
    0x49, 0x88, 0xC5, 0x05, 0x47, 0x89, 0xC6, 0x08, 0x4A, 0x80, 0xB3, 0x23, 0x4A, 0x80, 0xB3, 0x23,
    0x21, 0x3B, 0x61, 0xAC, 0x06, 0x0E, 0x33, 0xEF, 0x68, 0x8A, 0xBA, 0xFD, 0x68, 0x8A, 0xBA, 0xFD,
    0xA8, 0xD8, 0xF9, 0xF7, 0x96, 0xB9, 0xF1, 0xFA, 0x4B, 0x67, 0xB1, 0xFA, 0x4B, 0x67, 0xB1, 0xFA,
    0x44, 0x6D, 0xBC, 0xFC, 0x67, 0x8C, 0xDB, 0xFB, 0x67, 0x8C, 0xDB, 0xFB, 0x78, 0x99, 0xE9, 0xFC,
    0x8F, 0xC2, 0xFC, 0xFC, 0x90, 0xC2, 0xFB, 0xFC, 0x90, 0xC2, 0xFB, 0xFC, 0x91, 0xC2, 0xFA, 0xFC,
    0x94, 0xC7, 0xFB, 0xFC, 0x96, 0xCB, 0xFD, 0xFC, 0x96, 0xCB, 0xFD, 0xFC, 0x96, 0xCA, 0xFD, 0xFC,
    0x96, 0xCA, 0xFD, 0xFC, 0x96, 0xCA, 0xFD, 0xFC, 0x94, 0xCA, 0xFD, 0xFC, 0x94, 0xCB, 0xFD, 0xFC,
    0x93, 0xC9, 0xFD, 0xFC, 0x93, 0xC9, 0xFD, 0xFC, 0x8F, 0xC5, 0xFC, 0xFC, 0x8F, 0xC6, 0xFC, 0xFC,
    0x8E, 0xC6, 0xFD, 0xFC, 0x8E, 0xC6, 0xFD, 0xFC, 0x88, 0xC1, 0xFD, 0xFC, 0x84, 0xBC, 0xFD, 0xFC,
    0x84, 0xBC, 0xFD, 0xFC, 0x80, 0xBA, 0xFD, 0xFB, 0x7D, 0xB7, 0xFE, 0xFB, 0x71, 0xA9, 0xFA, 0xFB,
    0x71, 0xA9, 0xFA, 0xFB, 0x66, 0x9C, 0xF7, 0xFA, 0x5F, 0x99, 0xF8, 0xFA, 0x5C, 0x95, 0xF9, 0xF9,
    0x5C, 0x95, 0xF9, 0xF9, 0x55, 0x8B, 0xF2, 0xF9, 0x57, 0x90, 0xF4, 0xF8, 0x57, 0x90, 0xF4, 0xF8,
    0x57, 0x93, 0xF5, 0xF7, 0x59, 0x95, 0xF7, 0xF4, 0x52, 0x89, 0xEF, 0xF7, 0x52, 0x89, 0xEF, 0xF7,
    0x53, 0x8B, 0xF2, 0xEF, 0x4A, 0x83, 0xF1, 0xED, 0x41, 0x81, 0xF0, 0xF5, 0x41, 0x81, 0xF0, 0xF5,
    0x3B, 0x7E, 0xE7, 0x91, 0x44, 0x87, 0xE1, 0x19, 0x44, 0x87, 0xE1, 0x19, 0x3F, 0x85, 0xD7, 0x02,
    0x41, 0x87, 0xD2, 0x01, 0x00, 0x00, 0x00, 0x00, 0x00, 0x00, 0x00, 0x00, 0x00, 0x00, 0x00, 0x00,
    0x00, 0x00, 0x00, 0x00, 0x00, 0x00, 0x00, 0x00, 0x00, 0x00, 0x00, 0x00, 0x00, 0x00, 0x00, 0x00,
    0x00, 0x00, 0x00, 0x00, 0x00, 0x00, 0x00, 0x00, 0x00, 0x00, 0x00, 0x00, 0x00, 0x00, 0x00, 0x00,
    0x00, 0x00, 0x00, 0x00, 0x00, 0x00, 0x00, 0x00, 0x00, 0x00, 0x00, 0x00, 0x00, 0x00, 0x00, 0x00,
    0x00, 0x00, 0x00, 0x00, 0x00, 0x00, 0x00, 0x00, 0x00, 0x00, 0x00, 0x00, 0x00, 0x00, 0x00, 0x00,
    0x00, 0x00, 0x00, 0x00, 0x00, 0x00, 0x00, 0x00, 0x00, 0x00, 0x00, 0x00, 0x00, 0x00, 0x00, 0x00,
    0x00, 0x00, 0x00, 0x00, 0x00, 0x00, 0x00, 0x00, 0x00, 0x00, 0x00, 0x00, 0x00, 0x00, 0x00, 0x00,
    0x00, 0x00, 0x00, 0x00, 0x00, 0x00, 0x00, 0x00, 0x00, 0x00, 0x00, 0x00, 0x00, 0x00, 0x00, 0x00,
    0x00, 0x00, 0x00, 0x00, 0x00, 0x00, 0x00, 0x00, 0x00, 0x00, 0x00, 0x00, 0x00, 0x00, 0x00, 0x00,
    0x00, 0x00, 0x00, 0x00, 0x00, 0x00, 0x00, 0x00, 0x00, 0x00, 0x00, 0x00, 0x00, 0x00, 0x00, 0x00,
    0x00, 0x00, 0x00, 0x00, 0x00, 0x00, 0x00, 0x00, 0x00, 0x00, 0x00, 0x00, 0x00, 0x00, 0x00, 0x00,
    0x00, 0x00, 0x00, 0x00, 0x00, 0x00, 0x00, 0x00, 0x00, 0x00, 0x00, 0x00, 0x00, 0x00, 0x00, 0x00,
    0x00, 0x00, 0x00, 0x00, 0x00, 0x00, 0x00, 0x00, 0x00, 0x00, 0x00, 0x00, 0x00, 0x00, 0x00, 0x00,
    0x00, 0x00, 0x00, 0x00, 0x00, 0x00, 0x00, 0x00, 0x00, 0x00, 0x00, 0x00, 0x00, 0x00, 0x00, 0x00,
    0x00, 0x00, 0x00, 0x00, 0x00, 0x00, 0x00, 0x00, 0x00, 0x00, 0x00, 0x00, 0x00, 0x00, 0x00, 0x00,
    0x00, 0x00, 0x00, 0x00, 0x4B, 0x8A, 0xCC, 0x01, 0x00, 0x00, 0x00, 0x00, 0x4C, 0x89, 0xCC, 0x02,
    0x4C, 0x89, 0xCC, 0x02, 0x4D, 0x8B, 0xCB, 0x02, 0x48, 0x89, 0xC8, 0x06, 0x47, 0x88, 0xC7, 0x08,
    0x47, 0x88, 0xC7, 0x08, 0x52, 0x8F, 0xC7, 0x38, 0x2F, 0x54, 0x80, 0xC7, 0x2F, 0x54, 0x80, 0xC7,
    0x08, 0x12, 0x35, 0xF9, 0x2D, 0x3E, 0x76, 0xF4, 0xA0, 0xC6, 0xF8, 0xF9, 0xA0, 0xC6, 0xF8, 0xF9,
    0x82, 0xA7, 0xE0, 0xFB, 0x27, 0x47, 0x91, 0xFC, 0x49, 0x60, 0xB3, 0xFC, 0x49, 0x60, 0xB3, 0xFC,
    0x98, 0xBA, 0xF7, 0xFC, 0xA4, 0xCD, 0xFD, 0xFC, 0xA4, 0xCD, 0xFD, 0xFC, 0x99, 0xC1, 0xFD, 0xFC,
    0x90, 0xBF, 0xFC, 0xFC, 0x90, 0xC2, 0xFB, 0xFC, 0x90, 0xC2, 0xFB, 0xFC, 0x95, 0xC7, 0xFD, 0xFC,
    0x94, 0xC8, 0xFC, 0xFC, 0x99, 0xCD, 0xFE, 0xFC, 0x99, 0xCD, 0xFE, 0xFC, 0x99, 0xCD, 0xFE, 0xFC,
    0x99, 0xCC, 0xFD, 0xFC, 0x99, 0xCC, 0xFD, 0xFC, 0x98, 0xCB, 0xFC, 0xFC, 0x97, 0xCC, 0xFC, 0xFC,
    0x96, 0xC9, 0xFB, 0xFC, 0x96, 0xC9, 0xFB, 0xFC, 0x95, 0xCA, 0xFC, 0xFC, 0x91, 0xC7, 0xFC, 0xFC,
    0x8C, 0xC5, 0xFD, 0xFC, 0x8C, 0xC5, 0xFD, 0xFC, 0x89, 0xC2, 0xFD, 0xFC, 0x82, 0xBA, 0xFC, 0xFC,
    0x82, 0xBA, 0xFC, 0xFC, 0x83, 0xBE, 0xFE, 0xFB, 0x80, 0xBA, 0xFE, 0xFB, 0x74, 0xAB, 0xFC, 0xFB,
    0x74, 0xAB, 0xFC, 0xFB, 0x6A, 0xA2, 0xFA, 0xFA, 0x5D, 0x94, 0xF4, 0xFA, 0x5A, 0x92, 0xF7, 0xF9,
    0x5A, 0x92, 0xF7, 0xF9, 0x59, 0x94, 0xF8, 0xF9, 0x59, 0x94, 0xF8, 0xF8, 0x59, 0x94, 0xF8, 0xF8,
    0x55, 0x8C, 0xF0, 0xF7, 0x57, 0x91, 0xF5, 0xF4, 0x53, 0x8A, 0xF2, 0xF4, 0x53, 0x8A, 0xF2, 0xF4,
    0x51, 0x88, 0xF1, 0xEF, 0x49, 0x80, 0xEC, 0xDE, 0x49, 0x88, 0xEC, 0xDD, 0x49, 0x88, 0xEC, 0xDD,
    0x2E, 0x60, 0xB3, 0xE9, 0x1D, 0x41, 0x87, 0x60, 0x1D, 0x41, 0x87, 0x60, 0x42, 0x81, 0xCB, 0x01,
    0x41, 0x89, 0xD3, 0x02, 0x00, 0x00, 0x00, 0x00, 0x00, 0x00, 0x00, 0x00, 0x00, 0x00, 0x00, 0x00,
    0x00, 0x00, 0x00, 0x00, 0x00, 0x00, 0x00, 0x00, 0x00, 0x00, 0x00, 0x00, 0x00, 0x00, 0x00, 0x00,
    0x00, 0x00, 0x00, 0x00, 0x00, 0x00, 0x00, 0x00, 0x00, 0x00, 0x00, 0x00, 0x00, 0x00, 0x00, 0x00,
    0x00, 0x00, 0x00, 0x00, 0x00, 0x00, 0x00, 0x00, 0x00, 0x00, 0x00, 0x00, 0x00, 0x00, 0x00, 0x00,
    0x00, 0x00, 0x00, 0x00, 0x00, 0x00, 0x00, 0x00, 0x00, 0x00, 0x00, 0x00, 0x00, 0x00, 0x00, 0x00,
    0x00, 0x00, 0x00, 0x00, 0x00, 0x00, 0x00, 0x00, 0x00, 0x00, 0x00, 0x00, 0x00, 0x00, 0x00, 0x00,
    0x00, 0x00, 0x00, 0x00, 0x00, 0x00, 0x00, 0x00, 0x00, 0x00, 0x00, 0x00, 0x00, 0x00, 0x00, 0x00,
    0x00, 0x00, 0x00, 0x00, 0x00, 0x00, 0x00, 0x00, 0x00, 0x00, 0x00, 0x00, 0x00, 0x00, 0x00, 0x00,
    0x00, 0x00, 0x00, 0x00, 0x00, 0x00, 0x00, 0x00, 0x00, 0x00, 0x00, 0x00, 0x00, 0x00, 0x00, 0x00,
    0x00, 0x00, 0x00, 0x00, 0x00, 0x00, 0x00, 0x00, 0x00, 0x00, 0x00, 0x00, 0x00, 0x00, 0x00, 0x00,
    0x00, 0x00, 0x00, 0x00, 0x00, 0x00, 0x00, 0x00, 0x00, 0x00, 0x00, 0x00, 0x00, 0x00, 0x00, 0x00,
    0x00, 0x00, 0x00, 0x00, 0x00, 0x00, 0x00, 0x00, 0x00, 0x00, 0x00, 0x00, 0x00, 0x00, 0x00, 0x00,
    0x00, 0x00, 0x00, 0x00, 0x00, 0x00, 0x00, 0x00, 0x00, 0x00, 0x00, 0x00, 0x00, 0x00, 0x00, 0x00,
    0x00, 0x00, 0x00, 0x00, 0x00, 0x00, 0x00, 0x00, 0x00, 0x00, 0x00, 0x00, 0x00, 0x00, 0x00, 0x00,
    0x00, 0x00, 0x00, 0x00, 0x00, 0x00, 0x00, 0x00, 0x00, 0x00, 0x00, 0x00, 0x00, 0x00, 0x00, 0x00,
    0x00, 0x00, 0x00, 0x00, 0x4B, 0x8A, 0xCC, 0x01, 0x00, 0x00, 0x00, 0x00, 0x4C, 0x89, 0xCC, 0x02,
    0x4C, 0x89, 0xCC, 0x02, 0x4D, 0x8B, 0xCB, 0x02, 0x48, 0x89, 0xC8, 0x06, 0x47, 0x88, 0xC7, 0x08,
    0x47, 0x88, 0xC7, 0x08, 0x52, 0x8F, 0xC7, 0x38, 0x2F, 0x54, 0x80, 0xC7, 0x2F, 0x54, 0x80, 0xC7,
    0x08, 0x12, 0x35, 0xF9, 0x2D, 0x3E, 0x76, 0xF4, 0xA0, 0xC6, 0xF8, 0xF9, 0xA0, 0xC6, 0xF8, 0xF9,
    0x82, 0xA7, 0xE0, 0xFB, 0x27, 0x47, 0x91, 0xFC, 0x49, 0x60, 0xB3, 0xFC, 0x49, 0x60, 0xB3, 0xFC,
    0x98, 0xBA, 0xF7, 0xFC, 0xA4, 0xCD, 0xFD, 0xFC, 0xA4, 0xCD, 0xFD, 0xFC, 0x99, 0xC1, 0xFD, 0xFC,
    0x90, 0xBF, 0xFC, 0xFC, 0x90, 0xC2, 0xFB, 0xFC, 0x90, 0xC2, 0xFB, 0xFC, 0x95, 0xC7, 0xFD, 0xFC,
    0x94, 0xC8, 0xFC, 0xFC, 0x99, 0xCD, 0xFE, 0xFC, 0x99, 0xCD, 0xFE, 0xFC, 0x99, 0xCD, 0xFE, 0xFC,
    0x99, 0xCC, 0xFD, 0xFC, 0x99, 0xCC, 0xFD, 0xFC, 0x98, 0xCB, 0xFC, 0xFC, 0x97, 0xCC, 0xFC, 0xFC,
    0x96, 0xC9, 0xFB, 0xFC, 0x96, 0xC9, 0xFB, 0xFC, 0x95, 0xCA, 0xFC, 0xFC, 0x91, 0xC7, 0xFC, 0xFC,
    0x8C, 0xC5, 0xFD, 0xFC, 0x8C, 0xC5, 0xFD, 0xFC, 0x89, 0xC2, 0xFD, 0xFC, 0x82, 0xBA, 0xFC, 0xFC,
    0x82, 0xBA, 0xFC, 0xFC, 0x83, 0xBE, 0xFE, 0xFB, 0x80, 0xBA, 0xFE, 0xFB, 0x74, 0xAB, 0xFC, 0xFB,
    0x74, 0xAB, 0xFC, 0xFB, 0x6A, 0xA2, 0xFA, 0xFA, 0x5D, 0x94, 0xF4, 0xFA, 0x5A, 0x92, 0xF7, 0xF9,
    0x5A, 0x92, 0xF7, 0xF9, 0x59, 0x94, 0xF8, 0xF9, 0x59, 0x94, 0xF8, 0xF8, 0x59, 0x94, 0xF8, 0xF8,
    0x55, 0x8C, 0xF0, 0xF7, 0x57, 0x91, 0xF5, 0xF4, 0x53, 0x8A, 0xF2, 0xF4, 0x53, 0x8A, 0xF2, 0xF4,
    0x51, 0x88, 0xF1, 0xEF, 0x49, 0x80, 0xEC, 0xDE, 0x49, 0x88, 0xEC, 0xDD, 0x49, 0x88, 0xEC, 0xDD,
    0x2E, 0x60, 0xB3, 0xE9, 0x1D, 0x41, 0x87, 0x60, 0x1D, 0x41, 0x87, 0x60, 0x42, 0x81, 0xCB, 0x01,
    0x41, 0x89, 0xD3, 0x02, 0x00, 0x00, 0x00, 0x00, 0x00, 0x00, 0x00, 0x00, 0x00, 0x00, 0x00, 0x00,
    0x00, 0x00, 0x00, 0x00, 0x00, 0x00, 0x00, 0x00, 0x00, 0x00, 0x00, 0x00, 0x00, 0x00, 0x00, 0x00,
    0x00, 0x00, 0x00, 0x00, 0x00, 0x00, 0x00, 0x00, 0x00, 0x00, 0x00, 0x00, 0x00, 0x00, 0x00, 0x00,
    0x00, 0x00, 0x00, 0x00, 0x00, 0x00, 0x00, 0x00, 0x00, 0x00, 0x00, 0x00, 0x00, 0x00, 0x00, 0x00,
    0x00, 0x00, 0x00, 0x00, 0x00, 0x00, 0x00, 0x00, 0x00, 0x00, 0x00, 0x00, 0x00, 0x00, 0x00, 0x00,
    0x00, 0x00, 0x00, 0x00, 0x00, 0x00, 0x00, 0x00, 0x00, 0x00, 0x00, 0x00, 0x00, 0x00, 0x00, 0x00,
    0x00, 0x00, 0x00, 0x00, 0x00, 0x00, 0x00, 0x00, 0x00, 0x00, 0x00, 0x00, 0x00, 0x00, 0x00, 0x00,
    0x00, 0x00, 0x00, 0x00, 0x00, 0x00, 0x00, 0x00, 0x00, 0x00, 0x00, 0x00, 0x00, 0x00, 0x00, 0x00,
    0x00, 0x00, 0x00, 0x00, 0x00, 0x00, 0x00, 0x00, 0x00, 0x00, 0x00, 0x00, 0x00, 0x00, 0x00, 0x00,
    0x00, 0x00, 0x00, 0x00, 0x00, 0x00, 0x00, 0x00, 0x00, 0x00, 0x00, 0x00, 0x00, 0x00, 0x00, 0x00,
    0x00, 0x00, 0x00, 0x00, 0x00, 0x00, 0x00, 0x00, 0x00, 0x00, 0x00, 0x00, 0x00, 0x00, 0x00, 0x00,
    0x00, 0x00, 0x00, 0x00, 0x00, 0x00, 0x00, 0x00, 0x00, 0x00, 0x00, 0x00, 0x00, 0x00, 0x00, 0x00,
    0x00, 0x00, 0x00, 0x00, 0x00, 0x00, 0x00, 0x00, 0x00, 0x00, 0x00, 0x00, 0x00, 0x00, 0x00, 0x00,
    0x00, 0x00, 0x00, 0x00, 0x00, 0x00, 0x00, 0x00, 0x00, 0x00, 0x00, 0x00, 0x00, 0x00, 0x00, 0x00,
    0x00, 0x00, 0x00, 0x00, 0x00, 0x00, 0x00, 0x00, 0x00, 0x00, 0x00, 0x00, 0x00, 0x00, 0x00, 0x00,
    0x00, 0x00, 0x00, 0x00, 0x00, 0x00, 0x00, 0x00, 0x4C, 0x89, 0xCC, 0x01, 0x4D, 0x88, 0xCC, 0x02,
    0x4D, 0x88, 0xCC, 0x02, 0x4A, 0x8A, 0xC9, 0x07, 0x47, 0x88, 0xCC, 0x06, 0x51, 0x87, 0xC8, 0x18,
    0x51, 0x87, 0xC8, 0x18, 0x1F, 0x3A, 0x74, 0xB9, 0x4C, 0x72, 0xA0, 0xEF, 0x4C, 0x72, 0xA0, 0xEF,
    0x5B, 0x76, 0xB0, 0xF9, 0x95, 0xBA, 0xF4, 0xF9, 0x6B, 0x88, 0xD0, 0xFC, 0x6B, 0x88, 0xD0, 0xFC,
    0x23, 0x37, 0x89, 0xFC, 0x78, 0x9C, 0xD8, 0xFC, 0xAA, 0xD1, 0xFC, 0xFC, 0xAA, 0xD1, 0xFC, 0xFC,
    0xA5, 0xC3, 0xFB, 0xFC, 0xA2, 0xC8, 0xFC, 0xFC, 0xA2, 0xC8, 0xFC, 0xFC, 0x96, 0xC0, 0xFC, 0xFC,
    0x92, 0xBF, 0xFB, 0xFC, 0x92, 0xC1, 0xFC, 0xFC, 0x92, 0xC1, 0xFC, 0xFC, 0x95, 0xC6, 0xFD, 0xFC,
    0x95, 0xC7, 0xFD, 0xFC, 0x96, 0xC8, 0xFD, 0xFC, 0x96, 0xC8, 0xFD, 0xFC, 0x9A, 0xCC, 0xFD, 0xFC,
    0x9C, 0xCD, 0xFC, 0xFC, 0x9C, 0xCD, 0xFC, 0xFC, 0x9A, 0xCA, 0xFB, 0xFC, 0x9D, 0xCC, 0xFA, 0xFC,
    0x99, 0xC9, 0xF8, 0xFC, 0x99, 0xC9, 0xF8, 0xFC, 0x97, 0xCB, 0xFA, 0xFC, 0x92, 0xC6, 0xFB, 0xFC,
    0x8C, 0xC4, 0xFC, 0xFC, 0x8C, 0xC4, 0xFC, 0xFC, 0x86, 0xBB, 0xFB, 0xFC, 0x84, 0xBB, 0xFC, 0xFC,
    0x84, 0xBB, 0xFC, 0xFC, 0x85, 0xBC, 0xFD, 0xFC, 0x81, 0xB6, 0xFD, 0xFB, 0x77, 0xAD, 0xFD, 0xFB,
    0x77, 0xAD, 0xFD, 0xFB, 0x6C, 0xA4, 0xFC, 0xFA, 0x5F, 0x94, 0xF3, 0xFA, 0x5C, 0x92, 0xF4, 0xF9,
    0x5C, 0x92, 0xF4, 0xF9, 0x56, 0x8E, 0xF1, 0xF9, 0x55, 0x8F, 0xF2, 0xF8, 0x55, 0x8F, 0xF2, 0xF8,
    0x51, 0x83, 0xE9, 0xF7, 0x4F, 0x83, 0xEC, 0xF5, 0x55, 0x91, 0xF4, 0xF1, 0x55, 0x91, 0xF4, 0xF1,
    0x52, 0x87, 0xE3, 0xF1, 0x29, 0x4D, 0x9C, 0xEC, 0x20, 0x3E, 0x81, 0xDC, 0x20, 0x3E, 0x81, 0xDC,
    0x12, 0x2D, 0x67, 0xDF, 0x1E, 0x45, 0x81, 0x5E, 0x1E, 0x45, 0x81, 0x5E, 0x00, 0x00, 0x00, 0x00,
    0x3E, 0x86, 0xD1, 0x01, 0x00, 0x00, 0x00, 0x00, 0x00, 0x00, 0x00, 0x00, 0x00, 0x00, 0x00, 0x00,
    0x00, 0x00, 0x00, 0x00, 0x00, 0x00, 0x00, 0x00, 0x00, 0x00, 0x00, 0x00, 0x00, 0x00, 0x00, 0x00,
    0x00, 0x00, 0x00, 0x00, 0x00, 0x00, 0x00, 0x00, 0x00, 0x00, 0x00, 0x00, 0x00, 0x00, 0x00, 0x00,
    0x00, 0x00, 0x00, 0x00, 0x00, 0x00, 0x00, 0x00, 0x00, 0x00, 0x00, 0x00, 0x00, 0x00, 0x00, 0x00,
    0x00, 0x00, 0x00, 0x00, 0x00, 0x00, 0x00, 0x00, 0x00, 0x00, 0x00, 0x00, 0x00, 0x00, 0x00, 0x00,
    0x00, 0x00, 0x00, 0x00, 0x00, 0x00, 0x00, 0x00, 0x00, 0x00, 0x00, 0x00, 0x00, 0x00, 0x00, 0x00,
    0x00, 0x00, 0x00, 0x00, 0x00, 0x00, 0x00, 0x00, 0x00, 0x00, 0x00, 0x00, 0x00, 0x00, 0x00, 0x00,
    0x00, 0x00, 0x00, 0x00, 0x00, 0x00, 0x00, 0x00, 0x00, 0x00, 0x00, 0x00, 0x00, 0x00, 0x00, 0x00,
    0x00, 0x00, 0x00, 0x00, 0x00, 0x00, 0x00, 0x00, 0x00, 0x00, 0x00, 0x00, 0x00, 0x00, 0x00, 0x00,
    0x00, 0x00, 0x00, 0x00, 0x00, 0x00, 0x00, 0x00, 0x00, 0x00, 0x00, 0x00, 0x00, 0x00, 0x00, 0x00,
    0x00, 0x00, 0x00, 0x00, 0x00, 0x00, 0x00, 0x00, 0x00, 0x00, 0x00, 0x00, 0x00, 0x00, 0x00, 0x00,
    0x00, 0x00, 0x00, 0x00, 0x00, 0x00, 0x00, 0x00, 0x00, 0x00, 0x00, 0x00, 0x00, 0x00, 0x00, 0x00,
    0x00, 0x00, 0x00, 0x00, 0x00, 0x00, 0x00, 0x00, 0x00, 0x00, 0x00, 0x00, 0x00, 0x00, 0x00, 0x00,
    0x00, 0x00, 0x00, 0x00, 0x00, 0x00, 0x00, 0x00, 0x00, 0x00, 0x00, 0x00, 0x00, 0x00, 0x00, 0x00,
    0x00, 0x00, 0x00, 0x00, 0x00, 0x00, 0x00, 0x00, 0x00, 0x00, 0x00, 0x00, 0x00, 0x00, 0x00, 0x00,
    0x00, 0x00, 0x00, 0x00, 0x00, 0x00, 0x00, 0x00, 0x49, 0x88, 0xCC, 0x01, 0x4B, 0x8B, 0xCE, 0x02,
    0x4B, 0x8B, 0xCE, 0x02, 0x46, 0x86, 0xC9, 0x05, 0x56, 0x96, 0xD8, 0x25, 0x29, 0x53, 0x8E, 0xB1,
    0x29, 0x53, 0x8E, 0xB1, 0x1F, 0x31, 0x69, 0xF0, 0xAA, 0xCF, 0xF4, 0xF1, 0xAA, 0xCF, 0xF4, 0xF1,
    0xB1, 0xD3, 0xFA, 0xFA, 0x3D, 0x55, 0xA3, 0xFB, 0x3E, 0x5F, 0xB0, 0xFB, 0x3E, 0x5F, 0xB0, 0xFB,
    0x8A, 0xAE, 0xED, 0xFC, 0xAD, 0xD8, 0xFC, 0xFC, 0xA8, 0xD3, 0xFC, 0xFC, 0xA8, 0xD3, 0xFC, 0xFC,
    0x8A, 0xA7, 0xE7, 0xFC, 0x65, 0x86, 0xD5, 0xFC, 0x65, 0x86, 0xD5, 0xFC, 0x88, 0xB6, 0xFB, 0xFC,
    0x93, 0xC7, 0xFD, 0xFC, 0x93, 0xC5, 0xFB, 0xFC, 0x93, 0xC5, 0xFB, 0xFC, 0x95, 0xC6, 0xFB, 0xFC,
    0x96, 0xC8, 0xFB, 0xFC, 0x97, 0xC9, 0xFC, 0xFC, 0x97, 0xC9, 0xFC, 0xFC, 0x98, 0xC8, 0xFC, 0xFC,
    0xA1, 0xD5, 0xFD, 0xFC, 0xA1, 0xD5, 0xFD, 0xFC, 0xA6, 0xDB, 0xFC, 0xFC, 0xA1, 0xD5, 0xFB, 0xFC,
    0x98, 0xCD, 0xF9, 0xFC, 0x98, 0xCD, 0xF9, 0xFC, 0x95, 0xCE, 0xFB, 0xFC, 0x90, 0xC6, 0xFC, 0xFC,
    0x8B, 0xC4, 0xFC, 0xFC, 0x8B, 0xC4, 0xFC, 0xFC, 0x85, 0xBB, 0xFB, 0xFC, 0x89, 0xC4, 0xFE, 0xFC,
    0x89, 0xC4, 0xFE, 0xFC, 0x84, 0xBC, 0xFD, 0xFC, 0x81, 0xB8, 0xFD, 0xFB, 0x77, 0xAC, 0xFC, 0xFB,
    0x77, 0xAC, 0xFC, 0xFB, 0x70, 0xA6, 0xFC, 0xFA, 0x65, 0x9D, 0xF8, 0xFA, 0x5F, 0x96, 0xF5, 0xF9,
    0x5F, 0x96, 0xF5, 0xF9, 0x50, 0x86, 0xE7, 0xF9, 0x55, 0x92, 0xF0, 0xF7, 0x55, 0x92, 0xF0, 0xF7,
    0x52, 0x8A, 0xEF, 0xF7, 0x58, 0x92, 0xF0, 0xEF, 0x4F, 0x83, 0xD9, 0xF2, 0x4F, 0x83, 0xD9, 0xF2,
    0x24, 0x48, 0x8E, 0xF9, 0x13, 0x33, 0x6F, 0xA0, 0x30, 0x5F, 0xA1, 0x52, 0x30, 0x5F, 0xA1, 0x52,
    0x3C, 0x7C, 0xC5, 0x2D, 0x45, 0x8B, 0xD7, 0x05, 0x45, 0x8B, 0xD7, 0x05, 0x41, 0x86, 0xD2, 0x01,
    0x00, 0x00, 0x00, 0x00, 0x00, 0x00, 0x00, 0x00, 0x00, 0x00, 0x00, 0x00, 0x00, 0x00, 0x00, 0x00,
    0x00, 0x00, 0x00, 0x00, 0x00, 0x00, 0x00, 0x00, 0x00, 0x00, 0x00, 0x00, 0x00, 0x00, 0x00, 0x00,
    0x00, 0x00, 0x00, 0x00, 0x00, 0x00, 0x00, 0x00, 0x00, 0x00, 0x00, 0x00, 0x00, 0x00, 0x00, 0x00,
    0x00, 0x00, 0x00, 0x00, 0x00, 0x00, 0x00, 0x00, 0x00, 0x00, 0x00, 0x00, 0x00, 0x00, 0x00, 0x00,
    0x00, 0x00, 0x00, 0x00, 0x00, 0x00, 0x00, 0x00, 0x00, 0x00, 0x00, 0x00, 0x00, 0x00, 0x00, 0x00,
    0x00, 0x00, 0x00, 0x00, 0x00, 0x00, 0x00, 0x00, 0x00, 0x00, 0x00, 0x00, 0x00, 0x00, 0x00, 0x00,
    0x00, 0x00, 0x00, 0x00, 0x00, 0x00, 0x00, 0x00, 0x00, 0x00, 0x00, 0x00, 0x00, 0x00, 0x00, 0x00,
    0x00, 0x00, 0x00, 0x00, 0x00, 0x00, 0x00, 0x00, 0x00, 0x00, 0x00, 0x00, 0x00, 0x00, 0x00, 0x00,
    0x00, 0x00, 0x00, 0x00, 0x00, 0x00, 0x00, 0x00, 0x00, 0x00, 0x00, 0x00, 0x00, 0x00, 0x00, 0x00,
    0x00, 0x00, 0x00, 0x00, 0x00, 0x00, 0x00, 0x00, 0x00, 0x00, 0x00, 0x00, 0x00, 0x00, 0x00, 0x00,
    0x00, 0x00, 0x00, 0x00, 0x00, 0x00, 0x00, 0x00, 0x00, 0x00, 0x00, 0x00, 0x00, 0x00, 0x00, 0x00,
    0x00, 0x00, 0x00, 0x00, 0x00, 0x00, 0x00, 0x00, 0x00, 0x00, 0x00, 0x00, 0x00, 0x00, 0x00, 0x00,
    0x00, 0x00, 0x00, 0x00, 0x00, 0x00, 0x00, 0x00, 0x00, 0x00, 0x00, 0x00, 0x00, 0x00, 0x00, 0x00,
    0x00, 0x00, 0x00, 0x00, 0x00, 0x00, 0x00, 0x00, 0x00, 0x00, 0x00, 0x00, 0x00, 0x00, 0x00, 0x00,
    0x00, 0x00, 0x00, 0x00, 0x00, 0x00, 0x00, 0x00, 0x00, 0x00, 0x00, 0x00, 0x00, 0x00, 0x00, 0x00,
    0x00, 0x00, 0x00, 0x00, 0x00, 0x00, 0x00, 0x00, 0x49, 0x88, 0xCC, 0x01, 0x4B, 0x8B, 0xCE, 0x02,
    0x4B, 0x8B, 0xCE, 0x02, 0x46, 0x86, 0xC9, 0x05, 0x56, 0x96, 0xD8, 0x25, 0x29, 0x53, 0x8E, 0xB1,
    0x29, 0x53, 0x8E, 0xB1, 0x1F, 0x31, 0x69, 0xF0, 0xAA, 0xCF, 0xF4, 0xF1, 0xAA, 0xCF, 0xF4, 0xF1,
    0xB1, 0xD3, 0xFA, 0xFA, 0x3D, 0x55, 0xA3, 0xFB, 0x3E, 0x5F, 0xB0, 0xFB, 0x3E, 0x5F, 0xB0, 0xFB,
    0x8A, 0xAE, 0xED, 0xFC, 0xAD, 0xD8, 0xFC, 0xFC, 0xA8, 0xD3, 0xFC, 0xFC, 0xA8, 0xD3, 0xFC, 0xFC,
    0x8A, 0xA7, 0xE7, 0xFC, 0x65, 0x86, 0xD5, 0xFC, 0x65, 0x86, 0xD5, 0xFC, 0x88, 0xB6, 0xFB, 0xFC,
    0x93, 0xC7, 0xFD, 0xFC, 0x93, 0xC5, 0xFB, 0xFC, 0x93, 0xC5, 0xFB, 0xFC, 0x95, 0xC6, 0xFB, 0xFC,
    0x96, 0xC8, 0xFB, 0xFC, 0x97, 0xC9, 0xFC, 0xFC, 0x97, 0xC9, 0xFC, 0xFC, 0x98, 0xC8, 0xFC, 0xFC,
    0xA1, 0xD5, 0xFD, 0xFC, 0xA1, 0xD5, 0xFD, 0xFC, 0xA6, 0xDB, 0xFC, 0xFC, 0xA1, 0xD5, 0xFB, 0xFC,
    0x98, 0xCD, 0xF9, 0xFC, 0x98, 0xCD, 0xF9, 0xFC, 0x95, 0xCE, 0xFB, 0xFC, 0x90, 0xC6, 0xFC, 0xFC,
    0x8B, 0xC4, 0xFC, 0xFC, 0x8B, 0xC4, 0xFC, 0xFC, 0x85, 0xBB, 0xFB, 0xFC, 0x89, 0xC4, 0xFE, 0xFC,
    0x89, 0xC4, 0xFE, 0xFC, 0x84, 0xBC, 0xFD, 0xFC, 0x81, 0xB8, 0xFD, 0xFB, 0x77, 0xAC, 0xFC, 0xFB,
    0x77, 0xAC, 0xFC, 0xFB, 0x70, 0xA6, 0xFC, 0xFA, 0x65, 0x9D, 0xF8, 0xFA, 0x5F, 0x96, 0xF5, 0xF9,
    0x5F, 0x96, 0xF5, 0xF9, 0x50, 0x86, 0xE7, 0xF9, 0x55, 0x92, 0xF0, 0xF7, 0x55, 0x92, 0xF0, 0xF7,
    0x52, 0x8A, 0xEF, 0xF7, 0x58, 0x92, 0xF0, 0xEF, 0x4F, 0x83, 0xD9, 0xF2, 0x4F, 0x83, 0xD9, 0xF2,
    0x24, 0x48, 0x8E, 0xF9, 0x13, 0x33, 0x6F, 0xA0, 0x30, 0x5F, 0xA1, 0x52, 0x30, 0x5F, 0xA1, 0x52,
    0x3C, 0x7C, 0xC5, 0x2D, 0x45, 0x8B, 0xD7, 0x05, 0x45, 0x8B, 0xD7, 0x05, 0x41, 0x86, 0xD2, 0x01,
    0x00, 0x00, 0x00, 0x00, 0x00, 0x00, 0x00, 0x00, 0x00, 0x00, 0x00, 0x00, 0x00, 0x00, 0x00, 0x00,
    0x00, 0x00, 0x00, 0x00, 0x00, 0x00, 0x00, 0x00, 0x00, 0x00, 0x00, 0x00, 0x00, 0x00, 0x00, 0x00,
    0x00, 0x00, 0x00, 0x00, 0x00, 0x00, 0x00, 0x00, 0x00, 0x00, 0x00, 0x00, 0x00, 0x00, 0x00, 0x00,
    0x00, 0x00, 0x00, 0x00, 0x00, 0x00, 0x00, 0x00, 0x00, 0x00, 0x00, 0x00, 0x00, 0x00, 0x00, 0x00,
    0x00, 0x00, 0x00, 0x00, 0x00, 0x00, 0x00, 0x00, 0x00, 0x00, 0x00, 0x00, 0x00, 0x00, 0x00, 0x00,
    0x00, 0x00, 0x00, 0x00, 0x00, 0x00, 0x00, 0x00, 0x00, 0x00, 0x00, 0x00, 0x00, 0x00, 0x00, 0x00,
    0x00, 0x00, 0x00, 0x00, 0x00, 0x00, 0x00, 0x00, 0x00, 0x00, 0x00, 0x00, 0x00, 0x00, 0x00, 0x00,
    0x00, 0x00, 0x00, 0x00, 0x00, 0x00, 0x00, 0x00, 0x00, 0x00, 0x00, 0x00, 0x00, 0x00, 0x00, 0x00,
    0x00, 0x00, 0x00, 0x00, 0x00, 0x00, 0x00, 0x00, 0x00, 0x00, 0x00, 0x00, 0x00, 0x00, 0x00, 0x00,
    0x00, 0x00, 0x00, 0x00, 0x00, 0x00, 0x00, 0x00, 0x00, 0x00, 0x00, 0x00, 0x00, 0x00, 0x00, 0x00,
    0x00, 0x00, 0x00, 0x00, 0x00, 0x00, 0x00, 0x00, 0x00, 0x00, 0x00, 0x00, 0x00, 0x00, 0x00, 0x00,
    0x00, 0x00, 0x00, 0x00, 0x00, 0x00, 0x00, 0x00, 0x00, 0x00, 0x00, 0x00, 0x00, 0x00, 0x00, 0x00,
    0x00, 0x00, 0x00, 0x00, 0x00, 0x00, 0x00, 0x00, 0x00, 0x00, 0x00, 0x00, 0x00, 0x00, 0x00, 0x00,
    0x00, 0x00, 0x00, 0x00, 0x00, 0x00, 0x00, 0x00, 0x00, 0x00, 0x00, 0x00, 0x00, 0x00, 0x00, 0x00,
    0x00, 0x00, 0x00, 0x00, 0x00, 0x00, 0x00, 0x00, 0x00, 0x00, 0x00, 0x00, 0x49, 0x89, 0xCD, 0x01,
    0x49, 0x89, 0xCD, 0x01, 0x49, 0x88, 0xCD, 0x01, 0x48, 0x87, 0xCB, 0x02, 0x46, 0x87, 0xCB, 0x04,
    0x46, 0x87, 0xCB, 0x04, 0x51, 0x8E, 0xD2, 0x0F, 0x3D, 0x74, 0xB0, 0x6F, 0x23, 0x49, 0x80, 0xF5,
    0x23, 0x49, 0x80, 0xF5, 0xB6, 0xDB, 0xF8, 0xF4, 0xC0, 0xE2, 0xFC, 0xF8, 0xC0, 0xE2, 0xFC, 0xF8,
    0x46, 0x5F, 0xA8, 0xFB, 0x2D, 0x3F, 0x97, 0xFB, 0x93, 0xB8, 0xF5, 0xFC, 0x93, 0xB8, 0xF5, 0xFC,
    0xAD, 0xDA, 0xFD, 0xFC, 0x9F, 0xC4, 0xF8, 0xFC, 0x77, 0x9A, 0xE0, 0xFC, 0x77, 0x9A, 0xE0, 0xFC,
    0x28, 0x40, 0x97, 0xFC, 0x42, 0x5A, 0xB7, 0xFC, 0x42, 0x5A, 0xB7, 0xFC, 0x91, 0xBF, 0xFD, 0xFC,
    0x8D, 0xC2, 0xFC, 0xFC, 0x93, 0xC3, 0xF9, 0xFC, 0x93, 0xC3, 0xF9, 0xFC, 0x99, 0xC6, 0xF7, 0xFC,
    0x97, 0xC4, 0xF7, 0xFC, 0x94, 0xC6, 0xFA, 0xFC, 0x94, 0xC6, 0xFA, 0xFC, 0x97, 0xC9, 0xFC, 0xFC,
    0x86, 0xB2, 0xE2, 0xFC, 0x86, 0xB2, 0xE2, 0xFC, 0x78, 0x9A, 0xC4, 0xFC, 0x98, 0xC6, 0xF1, 0xFD,
    0xAB, 0xE1, 0xFE, 0xFC, 0xAB, 0xE1, 0xFE, 0xFC, 0x9F, 0xD4, 0xFE, 0xFC, 0x8A, 0xBF, 0xFA, 0xFC,
    0x87, 0xBE, 0xFB, 0xFC, 0x87, 0xBE, 0xFB, 0xFC, 0x8C, 0xBF, 0xFC, 0xFC, 0x8A, 0xBE, 0xFD, 0xFC,
    0x8A, 0xBE, 0xFD, 0xFC, 0x89, 0xBF, 0xFE, 0xFC, 0x82, 0xB8, 0xFE, 0xFB, 0x76, 0xA8, 0xFC, 0xFB,
    0x76, 0xA8, 0xFC, 0xFB, 0x71, 0xA6, 0xFD, 0xFA, 0x67, 0x9D, 0xF8, 0xFA, 0x5E, 0x92, 0xF2, 0xFA,
    0x5E, 0x92, 0xF2, 0xFA, 0x50, 0x86, 0xE1, 0xF9, 0x49, 0x7D, 0xCD, 0xF9, 0x49, 0x7D, 0xCD, 0xF9,
    0x44, 0x75, 0xC2, 0xFA, 0x47, 0x81, 0xCD, 0xF4, 0x23, 0x4A, 0x96, 0xE3, 0x23, 0x4A, 0x96, 0xE3,
    0x0A, 0x23, 0x6A, 0xBA, 0x3F, 0x79, 0xBC, 0x59, 0x4B, 0x95, 0xE0, 0x04, 0x4B, 0x95, 0xE0, 0x04,
    0x3F, 0x88, 0xD6, 0x01, 0x3D, 0x85, 0xD5, 0x02, 0x3D, 0x85, 0xD5, 0x02, 0x3E, 0x85, 0xD3, 0x01,
    0x00, 0x00, 0x00, 0x00, 0x00, 0x00, 0x00, 0x00, 0x00, 0x00, 0x00, 0x00, 0x00, 0x00, 0x00, 0x00,
    0x00, 0x00, 0x00, 0x00, 0x00, 0x00, 0x00, 0x00, 0x00, 0x00, 0x00, 0x00, 0x00, 0x00, 0x00, 0x00,
    0x00, 0x00, 0x00, 0x00, 0x00, 0x00, 0x00, 0x00, 0x00, 0x00, 0x00, 0x00, 0x00, 0x00, 0x00, 0x00,
    0x00, 0x00, 0x00, 0x00, 0x00, 0x00, 0x00, 0x00, 0x00, 0x00, 0x00, 0x00, 0x00, 0x00, 0x00, 0x00,
    0x00, 0x00, 0x00, 0x00, 0x00, 0x00, 0x00, 0x00, 0x00, 0x00, 0x00, 0x00, 0x00, 0x00, 0x00, 0x00,
    0x00, 0x00, 0x00, 0x00, 0x00, 0x00, 0x00, 0x00, 0x00, 0x00, 0x00, 0x00, 0x00, 0x00, 0x00, 0x00,
    0x00, 0x00, 0x00, 0x00, 0x00, 0x00, 0x00, 0x00, 0x00, 0x00, 0x00, 0x00, 0x00, 0x00, 0x00, 0x00,
    0x00, 0x00, 0x00, 0x00, 0x00, 0x00, 0x00, 0x00, 0x00, 0x00, 0x00, 0x00, 0x00, 0x00, 0x00, 0x00,
    0x00, 0x00, 0x00, 0x00, 0x00, 0x00, 0x00, 0x00, 0x00, 0x00, 0x00, 0x00, 0x00, 0x00, 0x00, 0x00,
    0x00, 0x00, 0x00, 0x00, 0x00, 0x00, 0x00, 0x00, 0x00, 0x00, 0x00, 0x00, 0x00, 0x00, 0x00, 0x00,
    0x00, 0x00, 0x00, 0x00, 0x00, 0x00, 0x00, 0x00, 0x00, 0x00, 0x00, 0x00, 0x00, 0x00, 0x00, 0x00,
    0x00, 0x00, 0x00, 0x00, 0x00, 0x00, 0x00, 0x00, 0x00, 0x00, 0x00, 0x00, 0x00, 0x00, 0x00, 0x00,
    0x00, 0x00, 0x00, 0x00, 0x00, 0x00, 0x00, 0x00, 0x00, 0x00, 0x00, 0x00, 0x00, 0x00, 0x00, 0x00,
    0x00, 0x00, 0x00, 0x00, 0x00, 0x00, 0x00, 0x00, 0x00, 0x00, 0x00, 0x00, 0x00, 0x00, 0x00, 0x00,
    0x00, 0x00, 0x00, 0x00, 0x00, 0x00, 0x00, 0x00, 0x00, 0x00, 0x00, 0x00, 0x49, 0x89, 0xCD, 0x01,
    0x49, 0x89, 0xCD, 0x01, 0x49, 0x8A, 0xCE, 0x01, 0x46, 0x8A, 0xCC, 0x01, 0x44, 0x86, 0xCA, 0x0F,
    0x44, 0x86, 0xCA, 0x0F, 0x55, 0x8D, 0xD1, 0x65, 0x1C, 0x3A, 0x72, 0xC9, 0x4D, 0x6B, 0x9E, 0xEB,
    0x4D, 0x6B, 0x9E, 0xEB, 0x9D, 0xC4, 0xF2, 0xF6, 0x5B, 0x79, 0xC1, 0xF9, 0x5B, 0x79, 0xC1, 0xF9,
    0x51, 0x6C, 0xBE, 0xFB, 0x96, 0xBC, 0xF9, 0xFB, 0xA3, 0xC3, 0xFB, 0xFC, 0xA3, 0xC3, 0xFB, 0xFC,
    0x91, 0xB7, 0xF5, 0xFC, 0x45, 0x66, 0xB5, 0xFC, 0x27, 0x3D, 0x9D, 0xFC, 0x27, 0x3D, 0x9D, 0xFC,
    0x64, 0x85, 0xDC, 0xFC, 0x95, 0xBE, 0xFC, 0xFC, 0x95, 0xBE, 0xFC, 0xFC, 0x8D, 0xBD, 0xFC, 0xFC,
    0x8C, 0xC1, 0xFB, 0xFC, 0x92, 0xC2, 0xF9, 0xFC, 0x92, 0xC2, 0xF9, 0xFC, 0x96, 0xC5, 0xF8, 0xFC,
    0x97, 0xC7, 0xF8, 0xFC, 0x9A, 0xD1, 0xFB, 0xFC, 0x9A, 0xD1, 0xFB, 0xFC, 0xA3, 0xD8, 0xFB, 0xFC,
    0x34, 0x48, 0x6E, 0xFC, 0x34, 0x48, 0x6E, 0xFC, 0x0D, 0x0D, 0x21, 0xFD, 0x2D, 0x3B, 0x57, 0xFD,
    0x4B, 0x63, 0x85, 0xFD, 0x4B, 0x63, 0x85, 0xFD, 0x6A, 0x89, 0xB9, 0xFC, 0x89, 0xBD, 0xF7, 0xFC,
    0x8C, 0xC6, 0xFE, 0xFC, 0x8C, 0xC6, 0xFE, 0xFC, 0x8D, 0xC4, 0xFC, 0xFC, 0x8D, 0xC2, 0xFC, 0xFC,
    0x8D, 0xC2, 0xFC, 0xFC, 0x89, 0xBE, 0xFC, 0xFC, 0x80, 0xB6, 0xFD, 0xFB, 0x78, 0xAA, 0xFC, 0xFB,
    0x78, 0xAA, 0xFC, 0xFB, 0x72, 0xA7, 0xFC, 0xFA, 0x69, 0xA0, 0xF8, 0xFA, 0x64, 0x9A, 0xF5, 0xF9,
    0x64, 0x9A, 0xF5, 0xF9, 0x4A, 0x7A, 0xCE, 0xF9, 0x1B, 0x35, 0x6B, 0xF3, 0x1B, 0x35, 0x6B, 0xF3,
    0x14, 0x2B, 0x5F, 0xD7, 0x2E, 0x62, 0xA8, 0xB6, 0x3D, 0x78, 0xC0, 0x93, 0x3D, 0x78, 0xC0, 0x93,
    0x44, 0x7E, 0xC7, 0x06, 0x4B, 0x8D, 0xD5, 0x08, 0x40, 0x88, 0xD5, 0x05, 0x40, 0x88, 0xD5, 0x05,
    0x3E, 0x86, 0xD5, 0x03, 0x3F, 0x87, 0xD6, 0x02, 0x3F, 0x87, 0xD6, 0x02, 0x00, 0x00, 0x00, 0x00,
    0x00, 0x00, 0x00, 0x00, 0x00, 0x00, 0x00, 0x00, 0x00, 0x00, 0x00, 0x00, 0x00, 0x00, 0x00, 0x00,
    0x00, 0x00, 0x00, 0x00, 0x00, 0x00, 0x00, 0x00, 0x00, 0x00, 0x00, 0x00, 0x00, 0x00, 0x00, 0x00,
    0x00, 0x00, 0x00, 0x00, 0x00, 0x00, 0x00, 0x00, 0x00, 0x00, 0x00, 0x00, 0x00, 0x00, 0x00, 0x00,
    0x00, 0x00, 0x00, 0x00, 0x00, 0x00, 0x00, 0x00, 0x00, 0x00, 0x00, 0x00, 0x00, 0x00, 0x00, 0x00,
    0x00, 0x00, 0x00, 0x00, 0x00, 0x00, 0x00, 0x00, 0x00, 0x00, 0x00, 0x00, 0x00, 0x00, 0x00, 0x00,
    0x00, 0x00, 0x00, 0x00, 0x00, 0x00, 0x00, 0x00, 0x00, 0x00, 0x00, 0x00, 0x00, 0x00, 0x00, 0x00,
    0x00, 0x00, 0x00, 0x00, 0x00, 0x00, 0x00, 0x00, 0x00, 0x00, 0x00, 0x00, 0x00, 0x00, 0x00, 0x00,
    0x00, 0x00, 0x00, 0x00, 0x00, 0x00, 0x00, 0x00, 0x00, 0x00, 0x00, 0x00, 0x00, 0x00, 0x00, 0x00,
    0x00, 0x00, 0x00, 0x00, 0x00, 0x00, 0x00, 0x00, 0x00, 0x00, 0x00, 0x00, 0x00, 0x00, 0x00, 0x00,
    0x00, 0x00, 0x00, 0x00, 0x00, 0x00, 0x00, 0x00, 0x00, 0x00, 0x00, 0x00, 0x00, 0x00, 0x00, 0x00,
    0x00, 0x00, 0x00, 0x00, 0x00, 0x00, 0x00, 0x00, 0x00, 0x00, 0x00, 0x00, 0x00, 0x00, 0x00, 0x00,
    0x00, 0x00, 0x00, 0x00, 0x00, 0x00, 0x00, 0x00, 0x00, 0x00, 0x00, 0x00, 0x00, 0x00, 0x00, 0x00,
    0x00, 0x00, 0x00, 0x00, 0x00, 0x00, 0x00, 0x00, 0x00, 0x00, 0x00, 0x00, 0x00, 0x00, 0x00, 0x00,
    0x00, 0x00, 0x00, 0x00, 0x00, 0x00, 0x00, 0x00, 0x00, 0x00, 0x00, 0x00, 0x00, 0x00, 0x00, 0x00,
    0x00, 0x00, 0x00, 0x00, 0x00, 0x00, 0x00, 0x00, 0x00, 0x00, 0x00, 0x00, 0x49, 0x8A, 0xCE, 0x01,
    0x49, 0x8A, 0xCE, 0x01, 0x47, 0x89, 0xCD, 0x03, 0x42, 0x87, 0xCC, 0x02, 0x43, 0x87, 0xCB, 0x16,
    0x43, 0x87, 0xCB, 0x16, 0x2C, 0x59, 0x96, 0x8A, 0x07, 0x11, 0x41, 0xFB, 0x0B, 0x13, 0x4C, 0xF6,
    0x0B, 0x13, 0x4C, 0xF6, 0x53, 0x76, 0xBD, 0xF9, 0x84, 0xAD, 0xED, 0xFA, 0x84, 0xAD, 0xED, 0xFA,
    0x9A, 0xBE, 0xFB, 0xFC, 0xAB, 0xD5, 0xFD, 0xFC, 0x5D, 0x74, 0xBA, 0xFC, 0x5D, 0x74, 0xBA, 0xFC,
    0x26, 0x35, 0x81, 0xFC, 0x40, 0x5C, 0xB1, 0xFC, 0x84, 0xB0, 0xF8, 0xFC, 0x84, 0xB0, 0xF8, 0xFC,
    0x94, 0xC3, 0xFC, 0xFC, 0x90, 0xC3, 0xFB, 0xFC, 0x90, 0xC3, 0xFB, 0xFC, 0x8C, 0xBD, 0xF9, 0xFC,
    0x8A, 0xBF, 0xF9, 0xFC, 0x89, 0xBD, 0xFA, 0xFC, 0x89, 0xBD, 0xFA, 0xFC, 0x8C, 0xC4, 0xFB, 0xFC,
    0x8D, 0xC0, 0xF9, 0xFC, 0x86, 0xB3, 0xEA, 0xFC, 0x86, 0xB3, 0xEA, 0xFC, 0x65, 0x8F, 0xC0, 0xFD,
    0x1B, 0x2C, 0x56, 0xFC, 0x1B, 0x2C, 0x56, 0xFC, 0x47, 0x5A, 0x86, 0xFD, 0x5C, 0x7B, 0xA5, 0xFD,
    0x24, 0x2F, 0x53, 0xFD, 0x24, 0x2F, 0x53, 0xFD, 0x35, 0x48, 0x6E, 0xFD, 0x90, 0xC7, 0xF8, 0xFD,
    0x89, 0xC0, 0xFD, 0xFC, 0x89, 0xC0, 0xFD, 0xFC, 0x83, 0xB8, 0xFA, 0xFC, 0x8D, 0xC4, 0xFA, 0xFC,
    0x8D, 0xC4, 0xFA, 0xFC, 0x82, 0xB1, 0xF9, 0xFC, 0x7F, 0xB3, 0xFB, 0xFB, 0x77, 0xAA, 0xFC, 0xFB,
    0x77, 0xAA, 0xFC, 0xFB, 0x70, 0xA3, 0xFA, 0xFA, 0x63, 0x9A, 0xF4, 0xFA, 0x64, 0x9C, 0xF7, 0xF8,
    0x64, 0x9C, 0xF7, 0xF8, 0x3C, 0x67, 0xB8, 0xF8, 0x07, 0x17, 0x45, 0xF4, 0x07, 0x17, 0x45, 0xF4,
    0x31, 0x5F, 0x9C, 0x93, 0x4C, 0x92, 0xE0, 0x24, 0x49, 0x91, 0xE0, 0x13, 0x49, 0x91, 0xE0, 0x13,
    0x00, 0x00, 0x00, 0x00, 0x42, 0x89, 0xD7, 0x06, 0x41, 0x88, 0xD7, 0x03, 0x41, 0x88, 0xD7, 0x03,
    0x40, 0x87, 0xD6, 0x01, 0x3F, 0x87, 0xD4, 0x01, 0x3F, 0x87, 0xD4, 0x01, 0x3F, 0x85, 0xD3, 0x01,
    0x00, 0x00, 0x00, 0x00, 0x00, 0x00, 0x00, 0x00, 0x00, 0x00, 0x00, 0x00, 0x00, 0x00, 0x00, 0x00,
    0x00, 0x00, 0x00, 0x00, 0x00, 0x00, 0x00, 0x00, 0x00, 0x00, 0x00, 0x00, 0x00, 0x00, 0x00, 0x00,
    0x00, 0x00, 0x00, 0x00, 0x00, 0x00, 0x00, 0x00, 0x00, 0x00, 0x00, 0x00, 0x00, 0x00, 0x00, 0x00,
    0x00, 0x00, 0x00, 0x00, 0x00, 0x00, 0x00, 0x00, 0x00, 0x00, 0x00, 0x00, 0x00, 0x00, 0x00, 0x00,
    0x00, 0x00, 0x00, 0x00, 0x00, 0x00, 0x00, 0x00, 0x00, 0x00, 0x00, 0x00, 0x00, 0x00, 0x00, 0x00,
    0x00, 0x00, 0x00, 0x00, 0x00, 0x00, 0x00, 0x00, 0x00, 0x00, 0x00, 0x00, 0x00, 0x00, 0x00, 0x00,
    0x00, 0x00, 0x00, 0x00, 0x00, 0x00, 0x00, 0x00, 0x00, 0x00, 0x00, 0x00, 0x00, 0x00, 0x00, 0x00,
    0x00, 0x00, 0x00, 0x00, 0x00, 0x00, 0x00, 0x00, 0x00, 0x00, 0x00, 0x00, 0x00, 0x00, 0x00, 0x00,
    0x00, 0x00, 0x00, 0x00, 0x00, 0x00, 0x00, 0x00, 0x00, 0x00, 0x00, 0x00, 0x00, 0x00, 0x00, 0x00,
    0x00, 0x00, 0x00, 0x00, 0x00, 0x00, 0x00, 0x00, 0x00, 0x00, 0x00, 0x00, 0x00, 0x00, 0x00, 0x00,
    0x00, 0x00, 0x00, 0x00, 0x00, 0x00, 0x00, 0x00, 0x00, 0x00, 0x00, 0x00, 0x00, 0x00, 0x00, 0x00,
    0x00, 0x00, 0x00, 0x00, 0x00, 0x00, 0x00, 0x00, 0x00, 0x00, 0x00, 0x00, 0x00, 0x00, 0x00, 0x00,
    0x00, 0x00, 0x00, 0x00, 0x00, 0x00, 0x00, 0x00, 0x00, 0x00, 0x00, 0x00, 0x00, 0x00, 0x00, 0x00,
    0x00, 0x00, 0x00, 0x00, 0x00, 0x00, 0x00, 0x00, 0x00, 0x00, 0x00, 0x00, 0x00, 0x00, 0x00, 0x00,
    0x00, 0x00, 0x00, 0x00, 0x00, 0x00, 0x00, 0x00, 0x00, 0x00, 0x00, 0x00, 0x49, 0x8A, 0xCE, 0x01,
    0x49, 0x8A, 0xCE, 0x01, 0x47, 0x89, 0xCD, 0x03, 0x42, 0x87, 0xCC, 0x02, 0x43, 0x87, 0xCB, 0x16,
    0x43, 0x87, 0xCB, 0x16, 0x2C, 0x59, 0x96, 0x8A, 0x07, 0x11, 0x41, 0xFB, 0x0B, 0x13, 0x4C, 0xF6,
    0x0B, 0x13, 0x4C, 0xF6, 0x53, 0x76, 0xBD, 0xF9, 0x84, 0xAD, 0xED, 0xFA, 0x84, 0xAD, 0xED, 0xFA,
    0x9A, 0xBE, 0xFB, 0xFC, 0xAB, 0xD5, 0xFD, 0xFC, 0x5D, 0x74, 0xBA, 0xFC, 0x5D, 0x74, 0xBA, 0xFC,
    0x26, 0x35, 0x81, 0xFC, 0x40, 0x5C, 0xB1, 0xFC, 0x84, 0xB0, 0xF8, 0xFC, 0x84, 0xB0, 0xF8, 0xFC,
    0x94, 0xC3, 0xFC, 0xFC, 0x90, 0xC3, 0xFB, 0xFC, 0x90, 0xC3, 0xFB, 0xFC, 0x8C, 0xBD, 0xF9, 0xFC,
    0x8A, 0xBF, 0xF9, 0xFC, 0x89, 0xBD, 0xFA, 0xFC, 0x89, 0xBD, 0xFA, 0xFC, 0x8C, 0xC4, 0xFB, 0xFC,
    0x8D, 0xC0, 0xF9, 0xFC, 0x86, 0xB3, 0xEA, 0xFC, 0x86, 0xB3, 0xEA, 0xFC, 0x65, 0x8F, 0xC0, 0xFD,
    0x1B, 0x2C, 0x56, 0xFC, 0x1B, 0x2C, 0x56, 0xFC, 0x47, 0x5A, 0x86, 0xFD, 0x5C, 0x7B, 0xA5, 0xFD,
    0x24, 0x2F, 0x53, 0xFD, 0x24, 0x2F, 0x53, 0xFD, 0x35, 0x48, 0x6E, 0xFD, 0x90, 0xC7, 0xF8, 0xFD,
    0x89, 0xC0, 0xFD, 0xFC, 0x89, 0xC0, 0xFD, 0xFC, 0x83, 0xB8, 0xFA, 0xFC, 0x8D, 0xC4, 0xFA, 0xFC,
    0x8D, 0xC4, 0xFA, 0xFC, 0x82, 0xB1, 0xF9, 0xFC, 0x7F, 0xB3, 0xFB, 0xFB, 0x77, 0xAA, 0xFC, 0xFB,
    0x77, 0xAA, 0xFC, 0xFB, 0x70, 0xA3, 0xFA, 0xFA, 0x63, 0x9A, 0xF4, 0xFA, 0x64, 0x9C, 0xF7, 0xF8,
    0x64, 0x9C, 0xF7, 0xF8, 0x3C, 0x67, 0xB8, 0xF8, 0x07, 0x17, 0x45, 0xF4, 0x07, 0x17, 0x45, 0xF4,
    0x31, 0x5F, 0x9C, 0x93, 0x4C, 0x92, 0xE0, 0x24, 0x49, 0x91, 0xE0, 0x13, 0x49, 0x91, 0xE0, 0x13,
    0x00, 0x00, 0x00, 0x00, 0x42, 0x89, 0xD7, 0x06, 0x41, 0x88, 0xD7, 0x03, 0x41, 0x88, 0xD7, 0x03,
    0x40, 0x87, 0xD6, 0x01, 0x3F, 0x87, 0xD4, 0x01, 0x3F, 0x87, 0xD4, 0x01, 0x3F, 0x85, 0xD3, 0x01,
    0x00, 0x00, 0x00, 0x00, 0x00, 0x00, 0x00, 0x00, 0x00, 0x00, 0x00, 0x00, 0x00, 0x00, 0x00, 0x00,
    0x00, 0x00, 0x00, 0x00, 0x00, 0x00, 0x00, 0x00, 0x00, 0x00, 0x00, 0x00, 0x00, 0x00, 0x00, 0x00,
    0x00, 0x00, 0x00, 0x00, 0x00, 0x00, 0x00, 0x00, 0x00, 0x00, 0x00, 0x00, 0x00, 0x00, 0x00, 0x00,
    0x00, 0x00, 0x00, 0x00, 0x00, 0x00, 0x00, 0x00, 0x00, 0x00, 0x00, 0x00, 0x00, 0x00, 0x00, 0x00,
    0x00, 0x00, 0x00, 0x00, 0x00, 0x00, 0x00, 0x00, 0x00, 0x00, 0x00, 0x00, 0x00, 0x00, 0x00, 0x00,
    0x00, 0x00, 0x00, 0x00, 0x00, 0x00, 0x00, 0x00, 0x00, 0x00, 0x00, 0x00, 0x00, 0x00, 0x00, 0x00,
    0x00, 0x00, 0x00, 0x00, 0x00, 0x00, 0x00, 0x00, 0x00, 0x00, 0x00, 0x00, 0x00, 0x00, 0x00, 0x00,
    0x00, 0x00, 0x00, 0x00, 0x00, 0x00, 0x00, 0x00, 0x00, 0x00, 0x00, 0x00, 0x00, 0x00, 0x00, 0x00,
    0x00, 0x00, 0x00, 0x00, 0x00, 0x00, 0x00, 0x00, 0x00, 0x00, 0x00, 0x00, 0x00, 0x00, 0x00, 0x00,
    0x00, 0x00, 0x00, 0x00, 0x00, 0x00, 0x00, 0x00, 0x00, 0x00, 0x00, 0x00, 0x00, 0x00, 0x00, 0x00,
    0x00, 0x00, 0x00, 0x00, 0x00, 0x00, 0x00, 0x00, 0x00, 0x00, 0x00, 0x00, 0x00, 0x00, 0x00, 0x00,
    0x00, 0x00, 0x00, 0x00, 0x00, 0x00, 0x00, 0x00, 0x00, 0x00, 0x00, 0x00, 0x00, 0x00, 0x00, 0x00,
    0x00, 0x00, 0x00, 0x00, 0x00, 0x00, 0x00, 0x00, 0x00, 0x00, 0x00, 0x00, 0x00, 0x00, 0x00, 0x00,
    0x00, 0x00, 0x00, 0x00, 0x00, 0x00, 0x00, 0x00, 0x00, 0x00, 0x00, 0x00, 0x00, 0x00, 0x00, 0x00,
    0x00, 0x00, 0x00, 0x00, 0x00, 0x00, 0x00, 0x00, 0x00, 0x00, 0x00, 0x00, 0x48, 0x8A, 0xCE, 0x02,
    0x48, 0x8A, 0xCE, 0x02, 0x45, 0x8A, 0xCD, 0x02, 0x3F, 0x85, 0xCD, 0x06, 0x3E, 0x7D, 0xBF, 0x56,
    0x3E, 0x7D, 0xBF, 0x56, 0x1D, 0x46, 0x79, 0xC0, 0x35, 0x58, 0x87, 0xF8, 0x77, 0x94, 0xCC, 0xF5,
    0x77, 0x94, 0xCC, 0xF5, 0xA3, 0xC8, 0xF9, 0xF8, 0xAF, 0xDB, 0xFD, 0xFA, 0xAF, 0xDB, 0xFD, 0xFA,
    0x96, 0xB3, 0xF1, 0xFC, 0x38, 0x46, 0x8C, 0xFB, 0x21, 0x30, 0x74, 0xFC, 0x21, 0x30, 0x74, 0xFC,
    0x57, 0x78, 0xC8, 0xFC, 0x87, 0xB7, 0xFB, 0xFC, 0x8D, 0xC7, 0xFD, 0xFC, 0x8D, 0xC7, 0xFD, 0xFC,
    0x88, 0xBB, 0xFB, 0xFC, 0x8C, 0xBF, 0xFA, 0xFC, 0x8C, 0xBF, 0xFA, 0xFC, 0x8D, 0xBD, 0xF9, 0xFC,
    0x85, 0xBD, 0xF9, 0xFC, 0x80, 0xBF, 0xFB, 0xFC, 0x80, 0xBF, 0xFB, 0xFC, 0x6A, 0xA1, 0xE8, 0xFC,
    0x2F, 0x4B, 0x88, 0xFC, 0x20, 0x32, 0x66, 0xFC, 0x20, 0x32, 0x66, 0xFC, 0x35, 0x57, 0x89, 0xFD,
    0x63, 0x8C, 0xCB, 0xFC, 0x63, 0x8C, 0xCB, 0xFC, 0x94, 0xCB, 0xF9, 0xFD, 0x9E, 0xDC, 0xFC, 0xFD,
    0x7F, 0xAD, 0xE7, 0xFD, 0x7F, 0xAD, 0xE7, 0xFD, 0x30, 0x4F, 0x7E, 0xFD, 0x66, 0x88, 0xBD, 0xFD,
    0x8B, 0xBF, 0xFB, 0xFD, 0x8B, 0xBF, 0xFB, 0xFD, 0x80, 0xBB, 0xFB, 0xFC, 0x81, 0xB7, 0xFA, 0xFC,
    0x81, 0xB7, 0xFA, 0xFC, 0x7B, 0xAB, 0xF9, 0xFC, 0x7A, 0xAF, 0xFB, 0xFB, 0x75, 0xA9, 0xFC, 0xFB,
    0x75, 0xA9, 0xFC, 0xFB, 0x6C, 0xA2, 0xFA, 0xFA, 0x5F, 0x97, 0xF5, 0xF9, 0x5A, 0x98, 0xF7, 0xF5,
    0x5A, 0x98, 0xF7, 0xF5, 0x36, 0x6D, 0xBB, 0xF2, 0x11, 0x37, 0x76, 0xB1, 0x11, 0x37, 0x76, 0xB1,
    0x4E, 0x91, 0xDB, 0x25, 0x48, 0x91, 0xE2, 0x05, 0x40, 0x89, 0xD9, 0x05, 0x40, 0x89, 0xD9, 0x05,
    0x41, 0x8B, 0xD9, 0x04, 0x40, 0x8A, 0xD8, 0x04, 0x41, 0x88, 0xD8, 0x01, 0x41, 0x88, 0xD8, 0x01,
    0x40, 0x88, 0xD6, 0x01, 0x3F, 0x87, 0xD5, 0x01, 0x3F, 0x87, 0xD5, 0x01, 0x00, 0x00, 0x00, 0x00,
    0x00, 0x00, 0x00, 0x00, 0x00, 0x00, 0x00, 0x00, 0x00, 0x00, 0x00, 0x00, 0x00, 0x00, 0x00, 0x00,
    0x00, 0x00, 0x00, 0x00, 0x00, 0x00, 0x00, 0x00, 0x00, 0x00, 0x00, 0x00, 0x00, 0x00, 0x00, 0x00,
    0x00, 0x00, 0x00, 0x00, 0x00, 0x00, 0x00, 0x00, 0x00, 0x00, 0x00, 0x00, 0x00, 0x00, 0x00, 0x00,
    0x00, 0x00, 0x00, 0x00, 0x00, 0x00, 0x00, 0x00, 0x00, 0x00, 0x00, 0x00, 0x00, 0x00, 0x00, 0x00,
    0x00, 0x00, 0x00, 0x00, 0x00, 0x00, 0x00, 0x00, 0x00, 0x00, 0x00, 0x00, 0x00, 0x00, 0x00, 0x00,
    0x00, 0x00, 0x00, 0x00, 0x00, 0x00, 0x00, 0x00, 0x00, 0x00, 0x00, 0x00, 0x00, 0x00, 0x00, 0x00,
    0x00, 0x00, 0x00, 0x00, 0x00, 0x00, 0x00, 0x00, 0x00, 0x00, 0x00, 0x00, 0x00, 0x00, 0x00, 0x00,
    0x00, 0x00, 0x00, 0x00, 0x00, 0x00, 0x00, 0x00, 0x00, 0x00, 0x00, 0x00, 0x00, 0x00, 0x00, 0x00,
    0x00, 0x00, 0x00, 0x00, 0x00, 0x00, 0x00, 0x00, 0x00, 0x00, 0x00, 0x00, 0x00, 0x00, 0x00, 0x00,
    0x00, 0x00, 0x00, 0x00, 0x00, 0x00, 0x00, 0x00, 0x00, 0x00, 0x00, 0x00, 0x00, 0x00, 0x00, 0x00,
    0x00, 0x00, 0x00, 0x00, 0x00, 0x00, 0x00, 0x00, 0x00, 0x00, 0x00, 0x00, 0x00, 0x00, 0x00, 0x00,
    0x00, 0x00, 0x00, 0x00, 0x00, 0x00, 0x00, 0x00, 0x00, 0x00, 0x00, 0x00, 0x00, 0x00, 0x00, 0x00,
    0x00, 0x00, 0x00, 0x00, 0x00, 0x00, 0x00, 0x00, 0x00, 0x00, 0x00, 0x00, 0x00, 0x00, 0x00, 0x00,
    0x00, 0x00, 0x00, 0x00, 0x00, 0x00, 0x00, 0x00, 0x00, 0x00, 0x00, 0x00, 0x00, 0x00, 0x00, 0x00,
    0x47, 0x89, 0xCF, 0x01, 0x47, 0x89, 0xCF, 0x01, 0x47, 0x89, 0xCE, 0x01, 0x45, 0x88, 0xCC, 0x03,
    0x45, 0x88, 0xCC, 0x03, 0x42, 0x89, 0xCC, 0x02, 0x49, 0x8B, 0xD1, 0x21, 0x18, 0x3F, 0x7D, 0xC2,
    0x18, 0x3F, 0x7D, 0xC2, 0x17, 0x34, 0x6E, 0xF4, 0x98, 0xC9, 0xEF, 0xF8, 0xAB, 0xDD, 0xFC, 0xF8,
    0xAB, 0xDD, 0xFC, 0xF8, 0x97, 0xBB, 0xF8, 0xFA, 0x99, 0xBF, 0xF5, 0xFB, 0x99, 0xBF, 0xF5, 0xFB,
    0x46, 0x62, 0xA7, 0xFC, 0x23, 0x2C, 0x7D, 0xFC, 0x69, 0x90, 0xDF, 0xFC, 0x69, 0x90, 0xDF, 0xFC,
    0x87, 0xCA, 0xFD, 0xFC, 0x7A, 0xB3, 0xFA, 0xFC, 0x82, 0xBC, 0xFA, 0xFC, 0x82, 0xBC, 0xFA, 0xFC,
    0x8A, 0xC2, 0xFA, 0xFC, 0x88, 0xC2, 0xFB, 0xFC, 0x88, 0xC2, 0xFB, 0xFC, 0x82, 0xB8, 0xFC, 0xFC,
    0x77, 0xBA, 0xFC, 0xFC, 0x71, 0xB8, 0xFB, 0xFC, 0x71, 0xB8, 0xFB, 0xFC, 0x3D, 0x6E, 0xB4, 0xFC,
    0x17, 0x26, 0x5D, 0xFC, 0x47, 0x63, 0x9E, 0xFC, 0x47, 0x63, 0x9E, 0xFC, 0x84, 0xBA, 0xF2, 0xFD,
    0x8A, 0xCE, 0xFC, 0xFD, 0x8A, 0xCE, 0xFC, 0xFD, 0x7D, 0xBC, 0xFA, 0xFD, 0x76, 0xB5, 0xF9, 0xFD,
    0x89, 0xC9, 0xFC, 0xFD, 0x89, 0xC9, 0xFC, 0xFD, 0x5F, 0x89, 0xCB, 0xFD, 0x29, 0x37, 0x6F, 0xFD,
    0x64, 0x8C, 0xC2, 0xFD, 0x64, 0x8C, 0xC2, 0xFD, 0x6B, 0x98, 0xE2, 0xFC, 0x6B, 0x97, 0xF2, 0xFC,
    0x6B, 0x97, 0xF2, 0xFC, 0x6E, 0xA5, 0xFC, 0xFC, 0x6D, 0xA5, 0xFC, 0xFB, 0x6D, 0xA1, 0xFB, 0xFB,
    0x6D, 0xA1, 0xFB, 0xFB, 0x66, 0xA0, 0xFB, 0xF9, 0x55, 0x93, 0xF6, 0xF9, 0x5C, 0x9A, 0xF3, 0xF4,
    0x5C, 0x9A, 0xF3, 0xF4, 0x22, 0x5A, 0x9C, 0xED, 0x2B, 0x67, 0xAF, 0x5C, 0x2B, 0x67, 0xAF, 0x5C,
    0x4A, 0x8D, 0xDE, 0x03, 0x44, 0x8D, 0xDC, 0x09, 0x44, 0x8B, 0xDB, 0x04, 0x44, 0x8B, 0xDB, 0x04,
    0x44, 0x8B, 0xD9, 0x02, 0x41, 0x8A, 0xD8, 0x03, 0x40, 0x89, 0xD7, 0x01, 0x40, 0x89, 0xD7, 0x01,
    0x3F, 0x88, 0xD5, 0x01, 0x3F, 0x88, 0xD5, 0x01, 0x3F, 0x88, 0xD5, 0x01, 0x3E, 0x87, 0xD4, 0x01,
    0x00, 0x00, 0x00, 0x00, 0x00, 0x00, 0x00, 0x00, 0x00, 0x00, 0x00, 0x00, 0x00, 0x00, 0x00, 0x00,
    0x00, 0x00, 0x00, 0x00, 0x00, 0x00, 0x00, 0x00, 0x00, 0x00, 0x00, 0x00, 0x00, 0x00, 0x00, 0x00,
    0x00, 0x00, 0x00, 0x00, 0x00, 0x00, 0x00, 0x00, 0x00, 0x00, 0x00, 0x00, 0x00, 0x00, 0x00, 0x00,
    0x00, 0x00, 0x00, 0x00, 0x00, 0x00, 0x00, 0x00, 0x00, 0x00, 0x00, 0x00, 0x00, 0x00, 0x00, 0x00,
    0x00, 0x00, 0x00, 0x00, 0x00, 0x00, 0x00, 0x00, 0x00, 0x00, 0x00, 0x00, 0x00, 0x00, 0x00, 0x00,
    0x00, 0x00, 0x00, 0x00, 0x00, 0x00, 0x00, 0x00, 0x00, 0x00, 0x00, 0x00, 0x00, 0x00, 0x00, 0x00,
    0x00, 0x00, 0x00, 0x00, 0x00, 0x00, 0x00, 0x00, 0x00, 0x00, 0x00, 0x00, 0x00, 0x00, 0x00, 0x00,
    0x00, 0x00, 0x00, 0x00, 0x00, 0x00, 0x00, 0x00, 0x00, 0x00, 0x00, 0x00, 0x00, 0x00, 0x00, 0x00,
    0x00, 0x00, 0x00, 0x00, 0x00, 0x00, 0x00, 0x00, 0x00, 0x00, 0x00, 0x00, 0x00, 0x00, 0x00, 0x00,
    0x00, 0x00, 0x00, 0x00, 0x00, 0x00, 0x00, 0x00, 0x00, 0x00, 0x00, 0x00, 0x00, 0x00, 0x00, 0x00,
    0x00, 0x00, 0x00, 0x00, 0x00, 0x00, 0x00, 0x00, 0x00, 0x00, 0x00, 0x00, 0x00, 0x00, 0x00, 0x00,
    0x00, 0x00, 0x00, 0x00, 0x00, 0x00, 0x00, 0x00, 0x00, 0x00, 0x00, 0x00, 0x00, 0x00, 0x00, 0x00,
    0x00, 0x00, 0x00, 0x00, 0x00, 0x00, 0x00, 0x00, 0x00, 0x00, 0x00, 0x00, 0x00, 0x00, 0x00, 0x00,
    0x00, 0x00, 0x00, 0x00, 0x00, 0x00, 0x00, 0x00, 0x00, 0x00, 0x00, 0x00, 0x45, 0x89, 0xD0, 0x01,
    0x47, 0x89, 0xCF, 0x01, 0x47, 0x89, 0xCF, 0x01, 0x47, 0x88, 0xCF, 0x01, 0x44, 0x89, 0xCD, 0x04,
    0x44, 0x89, 0xCD, 0x04, 0x47, 0x91, 0xD2, 0x01, 0x46, 0x82, 0xC4, 0x1E, 0x03, 0x10, 0x47, 0xCC,
    0x03, 0x10, 0x47, 0xCC, 0x3A, 0x57, 0x94, 0xF4, 0xA0, 0xD0, 0xF9, 0xF9, 0x8D, 0xBF, 0xF6, 0xF9,
    0x8D, 0xBF, 0xF6, 0xF9, 0x8F, 0xB4, 0xEF, 0xFB, 0x42, 0x55, 0xA2, 0xFA, 0x42, 0x55, 0xA2, 0xFA,
    0x48, 0x67, 0xB5, 0xFC, 0x79, 0x9F, 0xEF, 0xFC, 0x7E, 0xAF, 0xF9, 0xFC, 0x7E, 0xAF, 0xF9, 0xFC,
    0x77, 0xB7, 0xFA, 0xFC, 0x74, 0xB2, 0xF9, 0xFC, 0x76, 0xB1, 0xFA, 0xFC, 0x76, 0xB1, 0xFA, 0xFC,
    0x75, 0xB4, 0xFB, 0xFC, 0x78, 0xBC, 0xFD, 0xFC, 0x78, 0xBC, 0xFD, 0xFC, 0x6C, 0xA9, 0xFB, 0xFC,
    0x5F, 0x9F, 0xF4, 0xFC, 0x56, 0x94, 0xE3, 0xFC, 0x56, 0x94, 0xE3, 0xFC, 0x35, 0x65, 0xA7, 0xFC,
    0x57, 0x84, 0xC0, 0xFC, 0x93, 0xC5, 0xF9, 0xFC, 0x93, 0xC5, 0xF9, 0xFC, 0x8B, 0xC4, 0xF9, 0xFD,
    0x84, 0xC5, 0xFB, 0xFD, 0x84, 0xC5, 0xFB, 0xFD, 0x7C, 0xBB, 0xFA, 0xFD, 0x79, 0xBC, 0xFB, 0xFD,
    0x7E, 0xC2, 0xFC, 0xFD, 0x7E, 0xC2, 0xFC, 0xFD, 0x7C, 0xB1, 0xF7, 0xFD, 0x4C, 0x69, 0xB1, 0xFD,
    0x36, 0x4B, 0x89, 0xFD, 0x36, 0x4B, 0x89, 0xFD, 0x28, 0x34, 0x7D, 0xFD, 0x42, 0x64, 0xB8, 0xFC,
    0x42, 0x64, 0xB8, 0xFC, 0x73, 0xB2, 0xFD, 0xFC, 0x69, 0xA4, 0xFD, 0xFB, 0x61, 0x98, 0xFA, 0xFB,
    0x61, 0x98, 0xFA, 0xFB, 0x64, 0xA3, 0xFC, 0xF7, 0x52, 0x8C, 0xE5, 0xF5, 0x1E, 0x3F, 0x87, 0xE0,
    0x1E, 0x3F, 0x87, 0xE0, 0x14, 0x3C, 0x7A, 0x83, 0x48, 0x94, 0xDE, 0x17, 0x48, 0x94, 0xDE, 0x17,
    0x45, 0x90, 0xE0, 0x05, 0x41, 0x8B, 0xDA, 0x05, 0x43, 0x8B, 0xDB, 0x03, 0x43, 0x8B, 0xDB, 0x03,
    0x42, 0x8B, 0xD9, 0x03, 0x41, 0x8B, 0xD8, 0x02, 0x40, 0x8A, 0xD8, 0x01, 0x40, 0x8A, 0xD8, 0x01,
    0x3E, 0x89, 0xD6, 0x01, 0x3E, 0x88, 0xD5, 0x01, 0x3E, 0x88, 0xD5, 0x01, 0x00, 0x00, 0x00, 0x00,
    0x00, 0x00, 0x00, 0x00, 0x00, 0x00, 0x00, 0x00, 0x00, 0x00, 0x00, 0x00, 0x00, 0x00, 0x00, 0x00,
    0x00, 0x00, 0x00, 0x00, 0x00, 0x00, 0x00, 0x00, 0x00, 0x00, 0x00, 0x00, 0x00, 0x00, 0x00, 0x00,
    0x00, 0x00, 0x00, 0x00, 0x00, 0x00, 0x00, 0x00, 0x00, 0x00, 0x00, 0x00, 0x00, 0x00, 0x00, 0x00,
    0x00, 0x00, 0x00, 0x00, 0x00, 0x00, 0x00, 0x00, 0x00, 0x00, 0x00, 0x00, 0x00, 0x00, 0x00, 0x00,
    0x00, 0x00, 0x00, 0x00, 0x00, 0x00, 0x00, 0x00, 0x00, 0x00, 0x00, 0x00, 0x00, 0x00, 0x00, 0x00,
    0x00, 0x00, 0x00, 0x00, 0x00, 0x00, 0x00, 0x00, 0x00, 0x00, 0x00, 0x00, 0x00, 0x00, 0x00, 0x00,
    0x00, 0x00, 0x00, 0x00, 0x00, 0x00, 0x00, 0x00, 0x00, 0x00, 0x00, 0x00, 0x00, 0x00, 0x00, 0x00,
    0x00, 0x00, 0x00, 0x00, 0x00, 0x00, 0x00, 0x00, 0x00, 0x00, 0x00, 0x00, 0x00, 0x00, 0x00, 0x00,
    0x00, 0x00, 0x00, 0x00, 0x00, 0x00, 0x00, 0x00, 0x00, 0x00, 0x00, 0x00, 0x00, 0x00, 0x00, 0x00,
    0x00, 0x00, 0x00, 0x00, 0x00, 0x00, 0x00, 0x00, 0x00, 0x00, 0x00, 0x00, 0x00, 0x00, 0x00, 0x00,
    0x00, 0x00, 0x00, 0x00, 0x00, 0x00, 0x00, 0x00, 0x00, 0x00, 0x00, 0x00, 0x00, 0x00, 0x00, 0x00,
    0x00, 0x00, 0x00, 0x00, 0x00, 0x00, 0x00, 0x00, 0x00, 0x00, 0x00, 0x00, 0x00, 0x00, 0x00, 0x00,
    0x00, 0x00, 0x00, 0x00, 0x00, 0x00, 0x00, 0x00, 0x00, 0x00, 0x00, 0x00, 0x00, 0x00, 0x00, 0x00,
    0x00, 0x00, 0x00, 0x00, 0x00, 0x00, 0x00, 0x00, 0x00, 0x00, 0x00, 0x00, 0x45, 0x89, 0xD0, 0x01,
    0x47, 0x89, 0xCF, 0x01, 0x47, 0x89, 0xCF, 0x01, 0x47, 0x88, 0xCF, 0x01, 0x44, 0x89, 0xCD, 0x04,
    0x44, 0x89, 0xCD, 0x04, 0x47, 0x91, 0xD2, 0x01, 0x46, 0x82, 0xC4, 0x1E, 0x03, 0x10, 0x47, 0xCC,
    0x03, 0x10, 0x47, 0xCC, 0x3A, 0x57, 0x94, 0xF4, 0xA0, 0xD0, 0xF9, 0xF9, 0x8D, 0xBF, 0xF6, 0xF9,
    0x8D, 0xBF, 0xF6, 0xF9, 0x8F, 0xB4, 0xEF, 0xFB, 0x42, 0x55, 0xA2, 0xFA, 0x42, 0x55, 0xA2, 0xFA,
    0x48, 0x67, 0xB5, 0xFC, 0x79, 0x9F, 0xEF, 0xFC, 0x7E, 0xAF, 0xF9, 0xFC, 0x7E, 0xAF, 0xF9, 0xFC,
    0x77, 0xB7, 0xFA, 0xFC, 0x74, 0xB2, 0xF9, 0xFC, 0x76, 0xB1, 0xFA, 0xFC, 0x76, 0xB1, 0xFA, 0xFC,
    0x75, 0xB4, 0xFB, 0xFC, 0x78, 0xBC, 0xFD, 0xFC, 0x78, 0xBC, 0xFD, 0xFC, 0x6C, 0xA9, 0xFB, 0xFC,
    0x5F, 0x9F, 0xF4, 0xFC, 0x56, 0x94, 0xE3, 0xFC, 0x56, 0x94, 0xE3, 0xFC, 0x35, 0x65, 0xA7, 0xFC,
    0x57, 0x84, 0xC0, 0xFC, 0x93, 0xC5, 0xF9, 0xFC, 0x93, 0xC5, 0xF9, 0xFC, 0x8B, 0xC4, 0xF9, 0xFD,
    0x84, 0xC5, 0xFB, 0xFD, 0x84, 0xC5, 0xFB, 0xFD, 0x7C, 0xBB, 0xFA, 0xFD, 0x79, 0xBC, 0xFB, 0xFD,
    0x7E, 0xC2, 0xFC, 0xFD, 0x7E, 0xC2, 0xFC, 0xFD, 0x7C, 0xB1, 0xF7, 0xFD, 0x4C, 0x69, 0xB1, 0xFD,
    0x36, 0x4B, 0x89, 0xFD, 0x36, 0x4B, 0x89, 0xFD, 0x28, 0x34, 0x7D, 0xFD, 0x42, 0x64, 0xB8, 0xFC,
    0x42, 0x64, 0xB8, 0xFC, 0x73, 0xB2, 0xFD, 0xFC, 0x69, 0xA4, 0xFD, 0xFB, 0x61, 0x98, 0xFA, 0xFB,
    0x61, 0x98, 0xFA, 0xFB, 0x64, 0xA3, 0xFC, 0xF7, 0x52, 0x8C, 0xE5, 0xF5, 0x1E, 0x3F, 0x87, 0xE0,
    0x1E, 0x3F, 0x87, 0xE0, 0x14, 0x3C, 0x7A, 0x83, 0x48, 0x94, 0xDE, 0x17, 0x48, 0x94, 0xDE, 0x17,
    0x45, 0x90, 0xE0, 0x05, 0x41, 0x8B, 0xDA, 0x05, 0x43, 0x8B, 0xDB, 0x03, 0x43, 0x8B, 0xDB, 0x03,
    0x42, 0x8B, 0xD9, 0x03, 0x41, 0x8B, 0xD8, 0x02, 0x40, 0x8A, 0xD8, 0x01, 0x40, 0x8A, 0xD8, 0x01,
    0x3E, 0x89, 0xD6, 0x01, 0x3E, 0x88, 0xD5, 0x01, 0x3E, 0x88, 0xD5, 0x01, 0x00, 0x00, 0x00, 0x00,
    0x00, 0x00, 0x00, 0x00, 0x00, 0x00, 0x00, 0x00, 0x00, 0x00, 0x00, 0x00, 0x00, 0x00, 0x00, 0x00,
    0x00, 0x00, 0x00, 0x00, 0x00, 0x00, 0x00, 0x00, 0x00, 0x00, 0x00, 0x00, 0x00, 0x00, 0x00, 0x00,
    0x00, 0x00, 0x00, 0x00, 0x00, 0x00, 0x00, 0x00, 0x00, 0x00, 0x00, 0x00, 0x00, 0x00, 0x00, 0x00,
    0x00, 0x00, 0x00, 0x00, 0x00, 0x00, 0x00, 0x00, 0x00, 0x00, 0x00, 0x00, 0x00, 0x00, 0x00, 0x00,
    0x00, 0x00, 0x00, 0x00, 0x00, 0x00, 0x00, 0x00, 0x00, 0x00, 0x00, 0x00, 0x00, 0x00, 0x00, 0x00,
    0x00, 0x00, 0x00, 0x00, 0x00, 0x00, 0x00, 0x00, 0x00, 0x00, 0x00, 0x00, 0x00, 0x00, 0x00, 0x00,
    0x00, 0x00, 0x00, 0x00, 0x00, 0x00, 0x00, 0x00, 0x00, 0x00, 0x00, 0x00, 0x00, 0x00, 0x00, 0x00,
    0x00, 0x00, 0x00, 0x00, 0x00, 0x00, 0x00, 0x00, 0x00, 0x00, 0x00, 0x00, 0x00, 0x00, 0x00, 0x00,
    0x00, 0x00, 0x00, 0x00, 0x00, 0x00, 0x00, 0x00, 0x00, 0x00, 0x00, 0x00, 0x00, 0x00, 0x00, 0x00,
    0x00, 0x00, 0x00, 0x00, 0x00, 0x00, 0x00, 0x00, 0x00, 0x00, 0x00, 0x00, 0x00, 0x00, 0x00, 0x00,
    0x00, 0x00, 0x00, 0x00, 0x00, 0x00, 0x00, 0x00, 0x00, 0x00, 0x00, 0x00, 0x00, 0x00, 0x00, 0x00,
    0x00, 0x00, 0x00, 0x00, 0x00, 0x00, 0x00, 0x00, 0x00, 0x00, 0x00, 0x00, 0x00, 0x00, 0x00, 0x00,
    0x00, 0x00, 0x00, 0x00, 0x00, 0x00, 0x00, 0x00, 0x00, 0x00, 0x00, 0x00, 0x00, 0x00, 0x00, 0x00,
    0x00, 0x00, 0x00, 0x00, 0x00, 0x00, 0x00, 0x00, 0x45, 0x88, 0xD0, 0x01, 0x45, 0x88, 0xCF, 0x01,
    0x46, 0x88, 0xCF, 0x02, 0x46, 0x88, 0xCF, 0x02, 0x47, 0x88, 0xCE, 0x02, 0x43, 0x86, 0xCB, 0x06,
    0x43, 0x86, 0xCB, 0x06, 0x44, 0x91, 0xD3, 0x0A, 0x46, 0x8A, 0xCE, 0x64, 0x06, 0x23, 0x62, 0xEC,
    0x06, 0x23, 0x62, 0xEC, 0x5D, 0x8B, 0xC1, 0xFC, 0x96, 0xC9, 0xF9, 0xFA, 0x72, 0xA0, 0xE8, 0xFB,
    0x72, 0xA0, 0xE8, 0xFB, 0x54, 0x78, 0xC6, 0xFB, 0x38, 0x4F, 0xA1, 0xFB, 0x38, 0x4F, 0xA1, 0xFB,
    0x83, 0xAE, 0xF3, 0xFC, 0x89, 0xBF, 0xF7, 0xFC, 0x79, 0xA7, 0xF0, 0xFC, 0x79, 0xA7, 0xF0, 0xFC,
    0x75, 0xAB, 0xF5, 0xFC, 0x73, 0xB3, 0xF9, 0xFC, 0x67, 0xAA, 0xFA, 0xFC, 0x67, 0xAA, 0xFA, 0xFC,
    0x4C, 0x81, 0xD8, 0xFC, 0x39, 0x64, 0xB1, 0xFC, 0x39, 0x64, 0xB1, 0xFC, 0x26, 0x46, 0x94, 0xFC,
    0x21, 0x3F, 0x8B, 0xFC, 0x1E, 0x35, 0x7D, 0xFC, 0x1E, 0x35, 0x7D, 0xFC, 0x27, 0x42, 0x87, 0xFC,
    0x76, 0xA8, 0xE3, 0xFD, 0x8E, 0xC3, 0xF9, 0xFD, 0x8E, 0xC3, 0xF9, 0xFD, 0x85, 0xB7, 0xF4, 0xFD,
    0x83, 0xB9, 0xF8, 0xFD, 0x83, 0xB9, 0xF8, 0xFD, 0x7F, 0xBC, 0xFA, 0xFD, 0x7C, 0xC0, 0xFC, 0xFD,
    0x74, 0xAF, 0xFA, 0xFD, 0x74, 0xAF, 0xFA, 0xFD, 0x73, 0xAC, 0xFA, 0xFD, 0x6F, 0xA9, 0xF7, 0xFD,
    0x59, 0x81, 0xDB, 0xFD, 0x59, 0x81, 0xDB, 0xFD, 0x46, 0x61, 0xB4, 0xFD, 0x23, 0x3E, 0x89, 0xFC,
    0x23, 0x3E, 0x89, 0xFC, 0x51, 0x78, 0xD2, 0xFC, 0x64, 0xA0, 0xFA, 0xFB, 0x5A, 0x98, 0xFA, 0xFA,
    0x5A, 0x98, 0xFA, 0xFA, 0x5B, 0x9A, 0xF3, 0xF6, 0x21, 0x45, 0x87, 0xF9, 0x09, 0x14, 0x4A, 0xB8,
    0x09, 0x14, 0x4A, 0xB8, 0x38, 0x72, 0xB7, 0x19, 0x42, 0x8F, 0xDD, 0x04, 0x42, 0x8F, 0xDD, 0x04,
    0x3F, 0x8C, 0xD9, 0x07, 0x42, 0x8D, 0xDA, 0x04, 0x42, 0x8B, 0xD9, 0x04, 0x42, 0x8B, 0xD9, 0x04,
    0x41, 0x8B, 0xD8, 0x03, 0x40, 0x8A, 0xD8, 0x02, 0x40, 0x89, 0xD8, 0x02, 0x40, 0x89, 0xD8, 0x02,
    0x3E, 0x89, 0xD6, 0x01, 0x3D, 0x88, 0xD5, 0x01, 0x3D, 0x88, 0xD5, 0x01, 0x00, 0x00, 0x00, 0x00,
    0x00, 0x00, 0x00, 0x00, 0x00, 0x00, 0x00, 0x00, 0x00, 0x00, 0x00, 0x00, 0x00, 0x00, 0x00, 0x00,
    0x00, 0x00, 0x00, 0x00, 0x00, 0x00, 0x00, 0x00, 0x00, 0x00, 0x00, 0x00, 0x00, 0x00, 0x00, 0x00,
    0x00, 0x00, 0x00, 0x00, 0x00, 0x00, 0x00, 0x00, 0x00, 0x00, 0x00, 0x00, 0x00, 0x00, 0x00, 0x00,
    0x00, 0x00, 0x00, 0x00, 0x00, 0x00, 0x00, 0x00, 0x00, 0x00, 0x00, 0x00, 0x00, 0x00, 0x00, 0x00,
    0x00, 0x00, 0x00, 0x00, 0x00, 0x00, 0x00, 0x00, 0x00, 0x00, 0x00, 0x00, 0x00, 0x00, 0x00, 0x00,
    0x00, 0x00, 0x00, 0x00, 0x00, 0x00, 0x00, 0x00, 0x00, 0x00, 0x00, 0x00, 0x00, 0x00, 0x00, 0x00,
    0x00, 0x00, 0x00, 0x00, 0x00, 0x00, 0x00, 0x00, 0x00, 0x00, 0x00, 0x00, 0x00, 0x00, 0x00, 0x00,
    0x00, 0x00, 0x00, 0x00, 0x00, 0x00, 0x00, 0x00, 0x00, 0x00, 0x00, 0x00, 0x00, 0x00, 0x00, 0x00,
    0x00, 0x00, 0x00, 0x00, 0x00, 0x00, 0x00, 0x00, 0x00, 0x00, 0x00, 0x00, 0x00, 0x00, 0x00, 0x00,
    0x00, 0x00, 0x00, 0x00, 0x00, 0x00, 0x00, 0x00, 0x00, 0x00, 0x00, 0x00, 0x00, 0x00, 0x00, 0x00,
    0x00, 0x00, 0x00, 0x00, 0x00, 0x00, 0x00, 0x00, 0x00, 0x00, 0x00, 0x00, 0x00, 0x00, 0x00, 0x00,
    0x00, 0x00, 0x00, 0x00, 0x00, 0x00, 0x00, 0x00, 0x00, 0x00, 0x00, 0x00, 0x00, 0x00, 0x00, 0x00,
    0x00, 0x00, 0x00, 0x00, 0x00, 0x00, 0x00, 0x00, 0x00, 0x00, 0x00, 0x00, 0x00, 0x00, 0x00, 0x00,
    0x43, 0x87, 0xD0, 0x01, 0x43, 0x87, 0xD0, 0x01, 0x44, 0x87, 0xD0, 0x01, 0x45, 0x87, 0xD0, 0x01,
    0x46, 0x89, 0xD0, 0x02, 0x46, 0x89, 0xD0, 0x02, 0x46, 0x8B, 0xD0, 0x04, 0x3F, 0x85, 0xCB, 0x04,
    0x3F, 0x85, 0xCB, 0x04, 0x46, 0x90, 0xD6, 0x14, 0x59, 0x9F, 0xDC, 0xA0, 0x10, 0x32, 0x71, 0xF2,
    0x10, 0x32, 0x71, 0xF2, 0x2E, 0x4F, 0x95, 0xF9, 0x7F, 0xB0, 0xF5, 0xFB, 0x70, 0xA1, 0xEE, 0xFB,
    0x70, 0xA1, 0xEE, 0xFB, 0x35, 0x53, 0xAC, 0xFB, 0x42, 0x60, 0xB5, 0xFB, 0x42, 0x60, 0xB5, 0xFB,
    0x80, 0xB3, 0xF7, 0xFC, 0x76, 0xAF, 0xF6, 0xFC, 0x78, 0xAF, 0xF4, 0xFC, 0x78, 0xAF, 0xF4, 0xFC,
    0x76, 0xB3, 0xF7, 0xFC, 0x70, 0xB4, 0xFB, 0xFC, 0x5D, 0x9F, 0xED, 0xFC, 0x5D, 0x9F, 0xED, 0xFC,
    0x1B, 0x3A, 0x89, 0xFC, 0x0B, 0x1F, 0x6E, 0xFC, 0x0B, 0x1F, 0x6E, 0xFC, 0x15, 0x39, 0x8F, 0xFC,
    0x15, 0x43, 0x9E, 0xFD, 0x17, 0x3E, 0x95, 0xFD, 0x17, 0x3E, 0x95, 0xFD, 0x1C, 0x3F, 0x8F, 0xFD,
    0x75, 0xAC, 0xEA, 0xFD, 0x89, 0xC7, 0xFB, 0xFD, 0x89, 0xC7, 0xFB, 0xFD, 0x82, 0xBC, 0xF9, 0xFD,
    0x82, 0xB9, 0xF9, 0xFD, 0x82, 0xB9, 0xF9, 0xFD, 0x7B, 0xB2, 0xF8, 0xFD, 0x77, 0xB0, 0xF9, 0xFD,
    0x72, 0xA6, 0xF8, 0xFD, 0x72, 0xA6, 0xF8, 0xFD, 0x6F, 0xAA, 0xFB, 0xFD, 0x67, 0x9F, 0xF9, 0xFD,
    0x58, 0x89, 0xF1, 0xFD, 0x58, 0x89, 0xF1, 0xFD, 0x5D, 0x98, 0xF0, 0xFD, 0x37, 0x5D, 0xAE, 0xFC,
    0x37, 0x5D, 0xAE, 0xFC, 0x1D, 0x34, 0x82, 0xFC, 0x5E, 0x9C, 0xEF, 0xFB, 0x6A, 0xB7, 0xFB, 0xFA,
    0x6A, 0xB7, 0xFB, 0xFA, 0x38, 0x6E, 0xC1, 0xF3, 0x07, 0x23, 0x5E, 0xD7, 0x2F, 0x65, 0xA9, 0x72,
    0x2F, 0x65, 0xA9, 0x72, 0x43, 0x93, 0xDE, 0x14, 0x40, 0x8F, 0xDD, 0x09, 0x40, 0x8F, 0xDD, 0x09,
    0x40, 0x8D, 0xD9, 0x09, 0x40, 0x8C, 0xD9, 0x04, 0x41, 0x8C, 0xD9, 0x04, 0x41, 0x8C, 0xD9, 0x04,
    0x40, 0x8B, 0xD8, 0x03, 0x40, 0x8B, 0xD8, 0x02, 0x3F, 0x8A, 0xD7, 0x02, 0x3F, 0x8A, 0xD7, 0x02,
    0x3D, 0x88, 0xD5, 0x01, 0x3C, 0x88, 0xD4, 0x01, 0x3C, 0x88, 0xD4, 0x01, 0x3B, 0x86, 0xD4, 0x01,
    0x00, 0x00, 0x00, 0x00, 0x00, 0x00, 0x00, 0x00, 0x00, 0x00, 0x00, 0x00, 0x00, 0x00, 0x00, 0x00,
    0x00, 0x00, 0x00, 0x00, 0x00, 0x00, 0x00, 0x00, 0x00, 0x00, 0x00, 0x00, 0x00, 0x00, 0x00, 0x00,
    0x00, 0x00, 0x00, 0x00, 0x00, 0x00, 0x00, 0x00, 0x00, 0x00, 0x00, 0x00, 0x00, 0x00, 0x00, 0x00,
    0x00, 0x00, 0x00, 0x00, 0x00, 0x00, 0x00, 0x00, 0x00, 0x00, 0x00, 0x00, 0x00, 0x00, 0x00, 0x00,
    0x00, 0x00, 0x00, 0x00, 0x00, 0x00, 0x00, 0x00, 0x00, 0x00, 0x00, 0x00, 0x00, 0x00, 0x00, 0x00,
    0x00, 0x00, 0x00, 0x00, 0x00, 0x00, 0x00, 0x00, 0x00, 0x00, 0x00, 0x00, 0x00, 0x00, 0x00, 0x00,
    0x00, 0x00, 0x00, 0x00, 0x00, 0x00, 0x00, 0x00, 0x00, 0x00, 0x00, 0x00, 0x00, 0x00, 0x00, 0x00,
    0x00, 0x00, 0x00, 0x00, 0x00, 0x00, 0x00, 0x00, 0x00, 0x00, 0x00, 0x00, 0x00, 0x00, 0x00, 0x00,
    0x00, 0x00, 0x00, 0x00, 0x00, 0x00, 0x00, 0x00, 0x00, 0x00, 0x00, 0x00, 0x00, 0x00, 0x00, 0x00,
    0x00, 0x00, 0x00, 0x00, 0x00, 0x00, 0x00, 0x00, 0x00, 0x00, 0x00, 0x00, 0x00, 0x00, 0x00, 0x00,
    0x00, 0x00, 0x00, 0x00, 0x00, 0x00, 0x00, 0x00, 0x00, 0x00, 0x00, 0x00, 0x00, 0x00, 0x00, 0x00,
    0x00, 0x00, 0x00, 0x00, 0x00, 0x00, 0x00, 0x00, 0x00, 0x00, 0x00, 0x00, 0x00, 0x00, 0x00, 0x00,
    0x00, 0x00, 0x00, 0x00, 0x00, 0x00, 0x00, 0x00, 0x00, 0x00, 0x00, 0x00, 0x00, 0x00, 0x00, 0x00,
    0x43, 0x87, 0xD0, 0x01, 0x43, 0x87, 0xD0, 0x01, 0x44, 0x87, 0xD0, 0x01, 0x45, 0x87, 0xD0, 0x01,
    0x46, 0x89, 0xD0, 0x02, 0x46, 0x89, 0xD0, 0x02, 0x46, 0x8B, 0xD0, 0x04, 0x3F, 0x85, 0xCB, 0x04,
    0x3F, 0x85, 0xCB, 0x04, 0x46, 0x90, 0xD6, 0x14, 0x59, 0x9F, 0xDC, 0xA0, 0x10, 0x32, 0x71, 0xF2,
    0x10, 0x32, 0x71, 0xF2, 0x2E, 0x4F, 0x95, 0xF9, 0x7F, 0xB0, 0xF5, 0xFB, 0x70, 0xA1, 0xEE, 0xFB,
    0x70, 0xA1, 0xEE, 0xFB, 0x35, 0x53, 0xAC, 0xFB, 0x42, 0x60, 0xB5, 0xFB, 0x42, 0x60, 0xB5, 0xFB,
    0x80, 0xB3, 0xF7, 0xFC, 0x76, 0xAF, 0xF6, 0xFC, 0x78, 0xAF, 0xF4, 0xFC, 0x78, 0xAF, 0xF4, 0xFC,
    0x76, 0xB3, 0xF7, 0xFC, 0x70, 0xB4, 0xFB, 0xFC, 0x5D, 0x9F, 0xED, 0xFC, 0x5D, 0x9F, 0xED, 0xFC,
    0x1B, 0x3A, 0x89, 0xFC, 0x0B, 0x1F, 0x6E, 0xFC, 0x0B, 0x1F, 0x6E, 0xFC, 0x15, 0x39, 0x8F, 0xFC,
    0x15, 0x43, 0x9E, 0xFD, 0x17, 0x3E, 0x95, 0xFD, 0x17, 0x3E, 0x95, 0xFD, 0x1C, 0x3F, 0x8F, 0xFD,
    0x75, 0xAC, 0xEA, 0xFD, 0x89, 0xC7, 0xFB, 0xFD, 0x89, 0xC7, 0xFB, 0xFD, 0x82, 0xBC, 0xF9, 0xFD,
    0x82, 0xB9, 0xF9, 0xFD, 0x82, 0xB9, 0xF9, 0xFD, 0x7B, 0xB2, 0xF8, 0xFD, 0x77, 0xB0, 0xF9, 0xFD,
    0x72, 0xA6, 0xF8, 0xFD, 0x72, 0xA6, 0xF8, 0xFD, 0x6F, 0xAA, 0xFB, 0xFD, 0x67, 0x9F, 0xF9, 0xFD,
    0x58, 0x89, 0xF1, 0xFD, 0x58, 0x89, 0xF1, 0xFD, 0x5D, 0x98, 0xF0, 0xFD, 0x37, 0x5D, 0xAE, 0xFC,
    0x37, 0x5D, 0xAE, 0xFC, 0x1D, 0x34, 0x82, 0xFC, 0x5E, 0x9C, 0xEF, 0xFB, 0x6A, 0xB7, 0xFB, 0xFA,
    0x6A, 0xB7, 0xFB, 0xFA, 0x38, 0x6E, 0xC1, 0xF3, 0x07, 0x23, 0x5E, 0xD7, 0x2F, 0x65, 0xA9, 0x72,
    0x2F, 0x65, 0xA9, 0x72, 0x43, 0x93, 0xDE, 0x14, 0x40, 0x8F, 0xDD, 0x09, 0x40, 0x8F, 0xDD, 0x09,
    0x40, 0x8D, 0xD9, 0x09, 0x40, 0x8C, 0xD9, 0x04, 0x41, 0x8C, 0xD9, 0x04, 0x41, 0x8C, 0xD9, 0x04,
    0x40, 0x8B, 0xD8, 0x03, 0x40, 0x8B, 0xD8, 0x02, 0x3F, 0x8A, 0xD7, 0x02, 0x3F, 0x8A, 0xD7, 0x02,
    0x3D, 0x88, 0xD5, 0x01, 0x3C, 0x88, 0xD4, 0x01, 0x3C, 0x88, 0xD4, 0x01, 0x3B, 0x86, 0xD4, 0x01,
    0x00, 0x00, 0x00, 0x00, 0x00, 0x00, 0x00, 0x00, 0x00, 0x00, 0x00, 0x00, 0x00, 0x00, 0x00, 0x00,
    0x00, 0x00, 0x00, 0x00, 0x00, 0x00, 0x00, 0x00, 0x00, 0x00, 0x00, 0x00, 0x00, 0x00, 0x00, 0x00,
    0x00, 0x00, 0x00, 0x00, 0x00, 0x00, 0x00, 0x00, 0x00, 0x00, 0x00, 0x00, 0x00, 0x00, 0x00, 0x00,
    0x00, 0x00, 0x00, 0x00, 0x00, 0x00, 0x00, 0x00, 0x00, 0x00, 0x00, 0x00, 0x00, 0x00, 0x00, 0x00,
    0x00, 0x00, 0x00, 0x00, 0x00, 0x00, 0x00, 0x00, 0x00, 0x00, 0x00, 0x00, 0x00, 0x00, 0x00, 0x00,
    0x00, 0x00, 0x00, 0x00, 0x00, 0x00, 0x00, 0x00, 0x00, 0x00, 0x00, 0x00, 0x00, 0x00, 0x00, 0x00,
    0x00, 0x00, 0x00, 0x00, 0x00, 0x00, 0x00, 0x00, 0x00, 0x00, 0x00, 0x00, 0x00, 0x00, 0x00, 0x00,
    0x00, 0x00, 0x00, 0x00, 0x00, 0x00, 0x00, 0x00, 0x00, 0x00, 0x00, 0x00, 0x00, 0x00, 0x00, 0x00,
    0x00, 0x00, 0x00, 0x00, 0x00, 0x00, 0x00, 0x00, 0x00, 0x00, 0x00, 0x00, 0x00, 0x00, 0x00, 0x00,
    0x00, 0x00, 0x00, 0x00, 0x00, 0x00, 0x00, 0x00, 0x00, 0x00, 0x00, 0x00, 0x00, 0x00, 0x00, 0x00,
    0x00, 0x00, 0x00, 0x00, 0x00, 0x00, 0x00, 0x00, 0x00, 0x00, 0x00, 0x00, 0x00, 0x00, 0x00, 0x00,
    0x00, 0x00, 0x00, 0x00, 0x00, 0x00, 0x00, 0x00, 0x00, 0x00, 0x00, 0x00, 0x00, 0x00, 0x00, 0x00,
    0x42, 0x87, 0xD0, 0x01, 0x42, 0x87, 0xD0, 0x01, 0x42, 0x88, 0xD0, 0x01, 0x42, 0x87, 0xD1, 0x01,
    0x44, 0x87, 0xD0, 0x01, 0x44, 0x87, 0xD0, 0x01, 0x45, 0x87, 0xD1, 0x01, 0x45, 0x86, 0xD0, 0x02,
    0x45, 0x87, 0xCF, 0x03, 0x45, 0x87, 0xCF, 0x03, 0x40, 0x88, 0xCF, 0x04, 0x51, 0x9B, 0xDB, 0x2A,
    0x51, 0x9B, 0xDB, 0x2A, 0x38, 0x6C, 0xAA, 0x95, 0x0D, 0x2B, 0x67, 0xEF, 0x08, 0x1D, 0x66, 0xFB,
    0x08, 0x1D, 0x66, 0xFB, 0x16, 0x27, 0x75, 0xFA, 0x7B, 0xAF, 0xF4, 0xFC, 0x6D, 0x9C, 0xF3, 0xFB,
    0x6D, 0x9C, 0xF3, 0xFB, 0x35, 0x4A, 0xB3, 0xFC, 0x19, 0x27, 0x87, 0xFC, 0x19, 0x27, 0x87, 0xFC,
    0x5F, 0x84, 0xE1, 0xFC, 0x7A, 0xBE, 0xFB, 0xFC, 0x6A, 0xA8, 0xF8, 0xFC, 0x6A, 0xA8, 0xF8, 0xFC,
    0x69, 0xA3, 0xF4, 0xFC, 0x49, 0x74, 0xC4, 0xFC, 0x1D, 0x44, 0x92, 0xFC, 0x1D, 0x44, 0x92, 0xFC,
    0x08, 0x2C, 0x85, 0xFC, 0x1A, 0x56, 0xC3, 0xFD, 0x1A, 0x56, 0xC3, 0xFD, 0x2A, 0x8B, 0xF5, 0xFD,
    0x2F, 0x9E, 0xFC, 0xFD, 0x31, 0x95, 0xF7, 0xFD, 0x31, 0x95, 0xF7, 0xFD, 0x23, 0x68, 0xC5, 0xFD,
    0x3C, 0x72, 0xC2, 0xFD, 0x66, 0x9B, 0xE5, 0xFD, 0x66, 0x9B, 0xE5, 0xFD, 0x6A, 0x9E, 0xE8, 0xFD,
    0x72, 0xA8, 0xF2, 0xFD, 0x72, 0xA8, 0xF2, 0xFD, 0x73, 0xA6, 0xF2, 0xFD, 0x73, 0xAB, 0xF7, 0xFD,
    0x75, 0xAB, 0xFA, 0xFD, 0x75, 0xAB, 0xFA, 0xFD, 0x6E, 0xA4, 0xF9, 0xFD, 0x62, 0x8F, 0xF3, 0xFD,
    0x4B, 0x7B, 0xEA, 0xFD, 0x4B, 0x7B, 0xEA, 0xFD, 0x4B, 0x91, 0xF3, 0xFD, 0x55, 0x8D, 0xE5, 0xFC,
    0x55, 0x8D, 0xE5, 0xFC, 0x12, 0x20, 0x62, 0xFC, 0x1F, 0x42, 0x8A, 0xFB, 0x55, 0x92, 0xE3, 0xFB,
    0x55, 0x92, 0xE3, 0xFB, 0x1B, 0x4C, 0x99, 0xF5, 0x1F, 0x62, 0xAD, 0xB1, 0x3A, 0x8F, 0xDC, 0x55,
    0x3A, 0x8F, 0xDC, 0x55, 0x31, 0x82, 0xD2, 0x1F, 0x3B, 0x8B, 0xD8, 0x08, 0x3B, 0x8B, 0xD8, 0x08,
    0x41, 0x8F, 0xDB, 0x0B, 0x41, 0x8E, 0xDB, 0x05, 0x40, 0x8C, 0xD9, 0x05, 0x40, 0x8C, 0xD9, 0x05,
    0x40, 0x8C, 0xD9, 0x03, 0x40, 0x8A, 0xD8, 0x02, 0x3F, 0x89, 0xD7, 0x02, 0x3F, 0x89, 0xD7, 0x02,
    0x3D, 0x88, 0xD6, 0x01, 0x3C, 0x87, 0xD5, 0x01, 0x3C, 0x87, 0xD5, 0x01, 0x3A, 0x86, 0xD4, 0x01,
    0x00, 0x00, 0x00, 0x00, 0x00, 0x00, 0x00, 0x00, 0x00, 0x00, 0x00, 0x00, 0x00, 0x00, 0x00, 0x00,
    0x00, 0x00, 0x00, 0x00, 0x00, 0x00, 0x00, 0x00, 0x00, 0x00, 0x00, 0x00, 0x00, 0x00, 0x00, 0x00,
    0x00, 0x00, 0x00, 0x00, 0x00, 0x00, 0x00, 0x00, 0x00, 0x00, 0x00, 0x00, 0x00, 0x00, 0x00, 0x00,
    0x00, 0x00, 0x00, 0x00, 0x00, 0x00, 0x00, 0x00, 0x00, 0x00, 0x00, 0x00, 0x00, 0x00, 0x00, 0x00,
    0x00, 0x00, 0x00, 0x00, 0x00, 0x00, 0x00, 0x00, 0x00, 0x00, 0x00, 0x00, 0x00, 0x00, 0x00, 0x00,
    0x00, 0x00, 0x00, 0x00, 0x00, 0x00, 0x00, 0x00, 0x00, 0x00, 0x00, 0x00, 0x00, 0x00, 0x00, 0x00,
    0x00, 0x00, 0x00, 0x00, 0x00, 0x00, 0x00, 0x00, 0x00, 0x00, 0x00, 0x00, 0x00, 0x00, 0x00, 0x00,
    0x00, 0x00, 0x00, 0x00, 0x00, 0x00, 0x00, 0x00, 0x00, 0x00, 0x00, 0x00, 0x00, 0x00, 0x00, 0x00,
    0x00, 0x00, 0x00, 0x00, 0x00, 0x00, 0x00, 0x00, 0x00, 0x00, 0x00, 0x00, 0x00, 0x00, 0x00, 0x00,
    0x00, 0x00, 0x00, 0x00, 0x00, 0x00, 0x00, 0x00, 0x00, 0x00, 0x00, 0x00, 0x00, 0x00, 0x00, 0x00,
    0x00, 0x00, 0x00, 0x00, 0x00, 0x00, 0x00, 0x00, 0x00, 0x00, 0x00, 0x00, 0x00, 0x00, 0x00, 0x00,
    0x00, 0x00, 0x00, 0x00, 0x42, 0x88, 0xCF, 0x01, 0x42, 0x88, 0xCF, 0x01, 0x43, 0x88, 0xD0, 0x01,
    0x43, 0x88, 0xD0, 0x01, 0x43, 0x88, 0xD0, 0x01, 0x42, 0x88, 0xD1, 0x01, 0x43, 0x88, 0xD1, 0x01,
    0x44, 0x87, 0xD1, 0x01, 0x44, 0x87, 0xD1, 0x01, 0x46, 0x88, 0xD3, 0x01, 0x44, 0x89, 0xD1, 0x03,
    0x42, 0x8A, 0xD1, 0x03, 0x42, 0x8A, 0xD1, 0x03, 0x47, 0x8C, 0xD1, 0x14, 0x32, 0x69, 0xA1, 0x7A,
    0x32, 0x69, 0xA1, 0x7A, 0x02, 0x19, 0x52, 0xF2, 0x0D, 0x37, 0x84, 0xF4, 0x31, 0x72, 0xCF, 0xF9,
    0x31, 0x72, 0xCF, 0xF9, 0x08, 0x1E, 0x79, 0xFA, 0x41, 0x5E, 0xB0, 0xFC, 0x66, 0x91, 0xEE, 0xFC,
    0x66, 0x91, 0xEE, 0xFC, 0x63, 0x96, 0xF4, 0xFC, 0x37, 0x56, 0xB8, 0xFC, 0x37, 0x56, 0xB8, 0xFC,
    0x24, 0x37, 0x93, 0xFC, 0x37, 0x5B, 0xAE, 0xFC, 0x27, 0x45, 0x95, 0xFC, 0x27, 0x45, 0x95, 0xFC,
    0x16, 0x30, 0x7E, 0xFC, 0x04, 0x18, 0x62, 0xFC, 0x04, 0x29, 0x84, 0xFC, 0x04, 0x29, 0x84, 0xFC,
    0x0F, 0x5E, 0xCA, 0xFD, 0x27, 0x96, 0xFC, 0xFD, 0x27, 0x96, 0xFC, 0xFD, 0x2D, 0x9F, 0xFD, 0xFD,
    0x2D, 0xA2, 0xFC, 0xFD, 0x2E, 0xA4, 0xFD, 0xFD, 0x2E, 0xA4, 0xFD, 0xFD, 0x2F, 0x94, 0xF6, 0xFD,
    0x19, 0x5C, 0xC0, 0xFD, 0x15, 0x4B, 0xA7, 0xFD, 0x15, 0x4B, 0xA7, 0xFD, 0x1A, 0x48, 0x9F, 0xFD,
    0x23, 0x55, 0xA6, 0xFD, 0x23, 0x55, 0xA6, 0xFD, 0x2A, 0x5A, 0xAB, 0xFD, 0x43, 0x78, 0xC7, 0xFD,
    0x53, 0x85, 0xDA, 0xFD, 0x53, 0x85, 0xDA, 0xFD, 0x5C, 0x92, 0xE9, 0xFD, 0x5F, 0x98, 0xF4, 0xFD,
    0x58, 0x95, 0xF5, 0xFD, 0x58, 0x95, 0xF5, 0xFD, 0x37, 0x6F, 0xD4, 0xFD, 0x2F, 0x5F, 0xB6, 0xFC,
    0x2F, 0x5F, 0xB6, 0xFC, 0x14, 0x27, 0x6C, 0xFC, 0x09, 0x1E, 0x59, 0xFA, 0x0D, 0x24, 0x62, 0xFA,
    0x0D, 0x24, 0x62, 0xFA, 0x0F, 0x30, 0x72, 0xE9, 0x2F, 0x7B, 0xC9, 0x79, 0x35, 0x92, 0xE4, 0x2B,
    0x35, 0x92, 0xE4, 0x2B, 0x34, 0x89, 0xD9, 0x10, 0x3A, 0x8E, 0xDA, 0x05, 0x3A, 0x8E, 0xDA, 0x05,
    0x3C, 0x8B, 0xD7, 0x05, 0x3E, 0x8D, 0xDA, 0x05, 0x40, 0x8D, 0xDC, 0x05, 0x40, 0x8D, 0xDC, 0x05,
    0x3E, 0x8D, 0xDA, 0x03, 0x3E, 0x8A, 0xD8, 0x03, 0x3E, 0x89, 0xD8, 0x02, 0x3E, 0x89, 0xD8, 0x02,
    0x3C, 0x88, 0xD6, 0x01, 0x3B, 0x87, 0xD5, 0x01, 0x3B, 0x87, 0xD5, 0x01, 0x3A, 0x86, 0xD5, 0x01,
    0x00, 0x00, 0x00, 0x00, 0x00, 0x00, 0x00, 0x00, 0x00, 0x00, 0x00, 0x00, 0x00, 0x00, 0x00, 0x00,
    0x00, 0x00, 0x00, 0x00, 0x00, 0x00, 0x00, 0x00, 0x00, 0x00, 0x00, 0x00, 0x00, 0x00, 0x00, 0x00,
    0x00, 0x00, 0x00, 0x00, 0x00, 0x00, 0x00, 0x00, 0x00, 0x00, 0x00, 0x00, 0x00, 0x00, 0x00, 0x00,
    0x00, 0x00, 0x00, 0x00, 0x00, 0x00, 0x00, 0x00, 0x00, 0x00, 0x00, 0x00, 0x00, 0x00, 0x00, 0x00,
    0x00, 0x00, 0x00, 0x00, 0x00, 0x00, 0x00, 0x00, 0x00, 0x00, 0x00, 0x00, 0x00, 0x00, 0x00, 0x00,
    0x00, 0x00, 0x00, 0x00, 0x00, 0x00, 0x00, 0x00, 0x00, 0x00, 0x00, 0x00, 0x00, 0x00, 0x00, 0x00,
    0x00, 0x00, 0x00, 0x00, 0x00, 0x00, 0x00, 0x00, 0x00, 0x00, 0x00, 0x00, 0x00, 0x00, 0x00, 0x00,
    0x00, 0x00, 0x00, 0x00, 0x00, 0x00, 0x00, 0x00, 0x00, 0x00, 0x00, 0x00, 0x00, 0x00, 0x00, 0x00,
    0x00, 0x00, 0x00, 0x00, 0x00, 0x00, 0x00, 0x00, 0x00, 0x00, 0x00, 0x00, 0x00, 0x00, 0x00, 0x00,
    0x00, 0x00, 0x00, 0x00, 0x00, 0x00, 0x00, 0x00, 0x00, 0x00, 0x00, 0x00, 0x00, 0x00, 0x00, 0x00,
    0x00, 0x00, 0x00, 0x00, 0x00, 0x00, 0x00, 0x00, 0x00, 0x00, 0x00, 0x00, 0x00, 0x00, 0x00, 0x00,
    0x00, 0x00, 0x00, 0x00, 0x42, 0x88, 0xD0, 0x01, 0x42, 0x88, 0xD0, 0x01, 0x42, 0x88, 0xD1, 0x01,
    0x43, 0x89, 0xD1, 0x01, 0x43, 0x89, 0xD1, 0x01, 0x43, 0x88, 0xD1, 0x01, 0x43, 0x89, 0xD2, 0x01,
    0x45, 0x88, 0xD2, 0x01, 0x45, 0x88, 0xD2, 0x01, 0x45, 0x8A, 0xD3, 0x02, 0x40, 0x89, 0xD1, 0x05,
    0x4C, 0x97, 0xD6, 0x12, 0x4C, 0x97, 0xD6, 0x12, 0x2B, 0x5D, 0x97, 0x88, 0x01, 0x10, 0x43, 0xDB,
    0x01, 0x10, 0x43, 0xDB, 0x21, 0x65, 0xB7, 0xF9, 0x30, 0x97, 0xF5, 0xF8, 0x26, 0x8C, 0xF8, 0xFB,
    0x26, 0x8C, 0xF8, 0xFB, 0x16, 0x4E, 0xC0, 0xFB, 0x02, 0x0B, 0x61, 0xFC, 0x13, 0x25, 0x7A, 0xFC,
    0x13, 0x25, 0x7A, 0xFC, 0x34, 0x54, 0xAC, 0xFC, 0x25, 0x40, 0x9E, 0xFC, 0x25, 0x40, 0x9E, 0xFC,
    0x04, 0x0E, 0x67, 0xFC, 0x02, 0x0F, 0x66, 0xFC, 0x02, 0x11, 0x65, 0xFC, 0x02, 0x11, 0x65, 0xFC,
    0x0B, 0x38, 0x95, 0xFC, 0x0C, 0x4E, 0xB6, 0xFC, 0x0F, 0x6E, 0xDF, 0xFC, 0x0F, 0x6E, 0xDF, 0xFC,
    0x0E, 0x7A, 0xEC, 0xFD, 0x29, 0x9E, 0xFF, 0xFD, 0x29, 0x9E, 0xFF, 0xFD, 0x33, 0x9F, 0xFB, 0xFD,
    0x33, 0x9E, 0xFA, 0xFD, 0x33, 0xA1, 0xFC, 0xFD, 0x33, 0xA1, 0xFC, 0xFD, 0x32, 0x9D, 0xFC, 0xFD,
    0x30, 0x90, 0xF4, 0xFD, 0x2D, 0x87, 0xE8, 0xFD, 0x2D, 0x87, 0xE8, 0xFD, 0x25, 0x76, 0xD7, 0xFD,
    0x1A, 0x65, 0xC6, 0xFD, 0x1A, 0x65, 0xC6, 0xFD, 0x0D, 0x4B, 0xA6, 0xFD, 0x0C, 0x40, 0x98, 0xFD,
    0x0A, 0x2E, 0x8C, 0xFD, 0x0A, 0x2E, 0x8C, 0xFD, 0x17, 0x46, 0x9E, 0xFD, 0x1D, 0x4F, 0xA9, 0xFD,
    0x28, 0x60, 0xBA, 0xFD, 0x28, 0x60, 0xBA, 0xFD, 0x17, 0x44, 0xA1, 0xFD, 0x0B, 0x31, 0x8C, 0xFC,
    0x0B, 0x31, 0x8C, 0xFC, 0x0A, 0x32, 0x8E, 0xFC, 0x13, 0x50, 0xA1, 0xFA, 0x04, 0x22, 0x66, 0xFB,
    0x04, 0x22, 0x66, 0xFB, 0x06, 0x1F, 0x53, 0xE9, 0x0D, 0x30, 0x72, 0xA4, 0x10, 0x3E, 0x84, 0x65,
    0x10, 0x3E, 0x84, 0x65, 0x1C, 0x55, 0x9C, 0x6E, 0x37, 0x85, 0xC4, 0x43, 0x37, 0x85, 0xC4, 0x43,
    0x42, 0x8E, 0xD8, 0x03, 0x3D, 0x8E, 0xDC, 0x09, 0x39, 0x85, 0xD6, 0x07, 0x39, 0x85, 0xD6, 0x07,
    0x3C, 0x89, 0xD8, 0x05, 0x3C, 0x89, 0xD9, 0x03, 0x3D, 0x89, 0xD9, 0x02, 0x3D, 0x89, 0xD9, 0x02,
    0x3C, 0x88, 0xD7, 0x01, 0x3B, 0x88, 0xD6, 0x01, 0x3B, 0x88, 0xD6, 0x01, 0x3A, 0x86, 0xD5, 0x01,
    0x00, 0x00, 0x00, 0x00, 0x00, 0x00, 0x00, 0x00, 0x00, 0x00, 0x00, 0x00, 0x00, 0x00, 0x00, 0x00,
    0x00, 0x00, 0x00, 0x00, 0x00, 0x00, 0x00, 0x00, 0x00, 0x00, 0x00, 0x00, 0x00, 0x00, 0x00, 0x00,
    0x00, 0x00, 0x00, 0x00, 0x00, 0x00, 0x00, 0x00, 0x00, 0x00, 0x00, 0x00, 0x00, 0x00, 0x00, 0x00,
    0x00, 0x00, 0x00, 0x00, 0x00, 0x00, 0x00, 0x00, 0x00, 0x00, 0x00, 0x00, 0x00, 0x00, 0x00, 0x00,
    0x00, 0x00, 0x00, 0x00, 0x00, 0x00, 0x00, 0x00, 0x00, 0x00, 0x00, 0x00, 0x00, 0x00, 0x00, 0x00,
    0x00, 0x00, 0x00, 0x00, 0x00, 0x00, 0x00, 0x00, 0x00, 0x00, 0x00, 0x00, 0x00, 0x00, 0x00, 0x00,
    0x00, 0x00, 0x00, 0x00, 0x00, 0x00, 0x00, 0x00, 0x00, 0x00, 0x00, 0x00, 0x00, 0x00, 0x00, 0x00,
    0x00, 0x00, 0x00, 0x00, 0x00, 0x00, 0x00, 0x00, 0x00, 0x00, 0x00, 0x00, 0x00, 0x00, 0x00, 0x00,
    0x00, 0x00, 0x00, 0x00, 0x00, 0x00, 0x00, 0x00, 0x00, 0x00, 0x00, 0x00, 0x00, 0x00, 0x00, 0x00,
    0x00, 0x00, 0x00, 0x00, 0x00, 0x00, 0x00, 0x00, 0x00, 0x00, 0x00, 0x00, 0x00, 0x00, 0x00, 0x00,
    0x00, 0x00, 0x00, 0x00, 0x00, 0x00, 0x00, 0x00, 0x00, 0x00, 0x00, 0x00, 0x00, 0x00, 0x00, 0x00,
    0x00, 0x00, 0x00, 0x00, 0x42, 0x88, 0xD0, 0x01, 0x42, 0x88, 0xD0, 0x01, 0x42, 0x88, 0xD1, 0x01,
    0x43, 0x89, 0xD1, 0x01, 0x43, 0x89, 0xD1, 0x01, 0x43, 0x88, 0xD1, 0x01, 0x43, 0x89, 0xD2, 0x01,
    0x45, 0x88, 0xD2, 0x01, 0x45, 0x88, 0xD2, 0x01, 0x45, 0x8A, 0xD3, 0x02, 0x40, 0x89, 0xD1, 0x05,
    0x4C, 0x97, 0xD6, 0x12, 0x4C, 0x97, 0xD6, 0x12, 0x2B, 0x5D, 0x97, 0x88, 0x01, 0x10, 0x43, 0xDB,
    0x01, 0x10, 0x43, 0xDB, 0x21, 0x65, 0xB7, 0xF9, 0x30, 0x97, 0xF5, 0xF8, 0x26, 0x8C, 0xF8, 0xFB,
    0x26, 0x8C, 0xF8, 0xFB, 0x16, 0x4E, 0xC0, 0xFB, 0x02, 0x0B, 0x61, 0xFC, 0x13, 0x25, 0x7A, 0xFC,
    0x13, 0x25, 0x7A, 0xFC, 0x34, 0x54, 0xAC, 0xFC, 0x25, 0x40, 0x9E, 0xFC, 0x25, 0x40, 0x9E, 0xFC,
    0x04, 0x0E, 0x67, 0xFC, 0x02, 0x0F, 0x66, 0xFC, 0x02, 0x11, 0x65, 0xFC, 0x02, 0x11, 0x65, 0xFC,
    0x0B, 0x38, 0x95, 0xFC, 0x0C, 0x4E, 0xB6, 0xFC, 0x0F, 0x6E, 0xDF, 0xFC, 0x0F, 0x6E, 0xDF, 0xFC,
    0x0E, 0x7A, 0xEC, 0xFD, 0x29, 0x9E, 0xFF, 0xFD, 0x29, 0x9E, 0xFF, 0xFD, 0x33, 0x9F, 0xFB, 0xFD,
    0x33, 0x9E, 0xFA, 0xFD, 0x33, 0xA1, 0xFC, 0xFD, 0x33, 0xA1, 0xFC, 0xFD, 0x32, 0x9D, 0xFC, 0xFD,
    0x30, 0x90, 0xF4, 0xFD, 0x2D, 0x87, 0xE8, 0xFD, 0x2D, 0x87, 0xE8, 0xFD, 0x25, 0x76, 0xD7, 0xFD,
    0x1A, 0x65, 0xC6, 0xFD, 0x1A, 0x65, 0xC6, 0xFD, 0x0D, 0x4B, 0xA6, 0xFD, 0x0C, 0x40, 0x98, 0xFD,
    0x0A, 0x2E, 0x8C, 0xFD, 0x0A, 0x2E, 0x8C, 0xFD, 0x17, 0x46, 0x9E, 0xFD, 0x1D, 0x4F, 0xA9, 0xFD,
    0x28, 0x60, 0xBA, 0xFD, 0x28, 0x60, 0xBA, 0xFD, 0x17, 0x44, 0xA1, 0xFD, 0x0B, 0x31, 0x8C, 0xFC,
    0x0B, 0x31, 0x8C, 0xFC, 0x0A, 0x32, 0x8E, 0xFC, 0x13, 0x50, 0xA1, 0xFA, 0x04, 0x22, 0x66, 0xFB,
    0x04, 0x22, 0x66, 0xFB, 0x06, 0x1F, 0x53, 0xE9, 0x0D, 0x30, 0x72, 0xA4, 0x10, 0x3E, 0x84, 0x65,
    0x10, 0x3E, 0x84, 0x65, 0x1C, 0x55, 0x9C, 0x6E, 0x37, 0x85, 0xC4, 0x43, 0x37, 0x85, 0xC4, 0x43,
    0x42, 0x8E, 0xD8, 0x03, 0x3D, 0x8E, 0xDC, 0x09, 0x39, 0x85, 0xD6, 0x07, 0x39, 0x85, 0xD6, 0x07,
    0x3C, 0x89, 0xD8, 0x05, 0x3C, 0x89, 0xD9, 0x03, 0x3D, 0x89, 0xD9, 0x02, 0x3D, 0x89, 0xD9, 0x02,
    0x3C, 0x88, 0xD7, 0x01, 0x3B, 0x88, 0xD6, 0x01, 0x3B, 0x88, 0xD6, 0x01, 0x3A, 0x86, 0xD5, 0x01,
    0x00, 0x00, 0x00, 0x00, 0x00, 0x00, 0x00, 0x00, 0x00, 0x00, 0x00, 0x00, 0x00, 0x00, 0x00, 0x00,
    0x00, 0x00, 0x00, 0x00, 0x00, 0x00, 0x00, 0x00, 0x00, 0x00, 0x00, 0x00, 0x00, 0x00, 0x00, 0x00,
    0x00, 0x00, 0x00, 0x00, 0x00, 0x00, 0x00, 0x00, 0x00, 0x00, 0x00, 0x00, 0x00, 0x00, 0x00, 0x00,
    0x00, 0x00, 0x00, 0x00, 0x00, 0x00, 0x00, 0x00, 0x00, 0x00, 0x00, 0x00, 0x00, 0x00, 0x00, 0x00,
    0x00, 0x00, 0x00, 0x00, 0x00, 0x00, 0x00, 0x00, 0x00, 0x00, 0x00, 0x00, 0x00, 0x00, 0x00, 0x00,
    0x00, 0x00, 0x00, 0x00, 0x00, 0x00, 0x00, 0x00, 0x00, 0x00, 0x00, 0x00, 0x00, 0x00, 0x00, 0x00,
    0x00, 0x00, 0x00, 0x00, 0x00, 0x00, 0x00, 0x00, 0x00, 0x00, 0x00, 0x00, 0x00, 0x00, 0x00, 0x00,
    0x00, 0x00, 0x00, 0x00, 0x00, 0x00, 0x00, 0x00, 0x00, 0x00, 0x00, 0x00, 0x00, 0x00, 0x00, 0x00,
    0x00, 0x00, 0x00, 0x00, 0x00, 0x00, 0x00, 0x00, 0x00, 0x00, 0x00, 0x00, 0x00, 0x00, 0x00, 0x00,
    0x00, 0x00, 0x00, 0x00, 0x00, 0x00, 0x00, 0x00, 0x00, 0x00, 0x00, 0x00, 0x00, 0x00, 0x00, 0x00,
    0x00, 0x00, 0x00, 0x00, 0x00, 0x00, 0x00, 0x00, 0x00, 0x00, 0x00, 0x00, 0x00, 0x00, 0x00, 0x00,
    0x42, 0x88, 0xD0, 0x01, 0x43, 0x88, 0xD1, 0x01, 0x43, 0x88, 0xD1, 0x01, 0x43, 0x89, 0xD1, 0x01,
    0x43, 0x89, 0xD1, 0x01, 0x43, 0x89, 0xD1, 0x01, 0x43, 0x89, 0xD2, 0x01, 0x43, 0x8A, 0xD3, 0x01,
    0x44, 0x8A, 0xD1, 0x02, 0x44, 0x8A, 0xD1, 0x02, 0x43, 0x8B, 0xD2, 0x02, 0x46, 0x8B, 0xD1, 0x09,
    0x27, 0x55, 0x91, 0x50, 0x27, 0x55, 0x91, 0x50, 0x03, 0x20, 0x57, 0xDC, 0x1F, 0x67, 0xB9, 0xF9,
    0x1F, 0x67, 0xB9, 0xF9, 0x31, 0x98, 0xF7, 0xF7, 0x1C, 0x84, 0xF3, 0xF9, 0x10, 0x73, 0xEC, 0xFB,
    0x10, 0x73, 0xEC, 0xFB, 0x20, 0x7F, 0xF0, 0xFB, 0x1E, 0x5A, 0xCB, 0xFC, 0x12, 0x3A, 0x99, 0xFC,
    0x12, 0x3A, 0x99, 0xFC, 0x01, 0x0D, 0x6C, 0xFC, 0x00, 0x0B, 0x6F, 0xFC, 0x00, 0x0B, 0x6F, 0xFC,
    0x0B, 0x35, 0xA0, 0xFC, 0x1A, 0x63, 0xCC, 0xFC, 0x19, 0x6A, 0xD8, 0xFC, 0x19, 0x6A, 0xD8, 0xFC,
    0x19, 0x83, 0xF5, 0xFC, 0x11, 0x84, 0xF7, 0xFD, 0x10, 0x8B, 0xFC, 0xFD, 0x10, 0x8B, 0xFC, 0xFD,
    0x0D, 0x83, 0xF5, 0xFD, 0x26, 0x99, 0xFD, 0xFD, 0x26, 0x99, 0xFD, 0xFD, 0x37, 0xA4, 0xFC, 0xFD,
    0x38, 0xA5, 0xFC, 0xFD, 0x33, 0x9F, 0xFB, 0xFD, 0x33, 0x9F, 0xFB, 0xFD, 0x33, 0xA2, 0xFD, 0xFD,
    0x35, 0xA4, 0xFD, 0xFD, 0x36, 0xA8, 0xFE, 0xFD, 0x36, 0xA8, 0xFE, 0xFD, 0x36, 0xA6, 0xFD, 0xFD,
    0x32, 0xA0, 0xFB, 0xFD, 0x32, 0xA0, 0xFB, 0xFD, 0x2A, 0x91, 0xF1, 0xFD, 0x26, 0x82, 0xE3, 0xFD,
    0x1E, 0x6A, 0xD0, 0xFD, 0x1E, 0x6A, 0xD0, 0xFD, 0x17, 0x62, 0xC5, 0xFD, 0x0C, 0x52, 0xB3, 0xFD,
    0x13, 0x5A, 0xB9, 0xFD, 0x13, 0x5A, 0xB9, 0xFD, 0x12, 0x5D, 0xBF, 0xFD, 0x12, 0x5E, 0xCB, 0xFD,
    0x12, 0x5E, 0xCB, 0xFD, 0x0E, 0x61, 0xD0, 0xFC, 0x12, 0x77, 0xDF, 0xFB, 0x0E, 0x5D, 0xBE, 0xFA,
    0x0E, 0x5D, 0xBE, 0xFA, 0x05, 0x30, 0x76, 0xF3, 0x0E, 0x37, 0x81, 0xF2, 0x13, 0x4D, 0x9D, 0xDF,
    0x13, 0x4D, 0x9D, 0xDF, 0x05, 0x31, 0x78, 0xE1, 0x08, 0x2C, 0x5F, 0xB1, 0x08, 0x2C, 0x5F, 0xB1,
    0x16, 0x3A, 0x73, 0x45, 0x3E, 0x82, 0xC5, 0x3B, 0x37, 0x85, 0xD0, 0x01, 0x37, 0x85, 0xD0, 0x01,
    0x3A, 0x8E, 0xDC, 0x06, 0x39, 0x88, 0xDA, 0x03, 0x3B, 0x88, 0xD9, 0x03, 0x3B, 0x88, 0xD9, 0x03,
    0x3C, 0x89, 0xD8, 0x01, 0x3C, 0x88, 0xD6, 0x01, 0x3C, 0x88, 0xD6, 0x01, 0x3A, 0x87, 0xD5, 0x01,
    0x00, 0x00, 0x00, 0x00, 0x00, 0x00, 0x00, 0x00, 0x00, 0x00, 0x00, 0x00, 0x00, 0x00, 0x00, 0x00,
    0x00, 0x00, 0x00, 0x00, 0x00, 0x00, 0x00, 0x00, 0x00, 0x00, 0x00, 0x00, 0x00, 0x00, 0x00, 0x00,
    0x00, 0x00, 0x00, 0x00, 0x00, 0x00, 0x00, 0x00, 0x00, 0x00, 0x00, 0x00, 0x00, 0x00, 0x00, 0x00,
    0x00, 0x00, 0x00, 0x00, 0x00, 0x00, 0x00, 0x00, 0x00, 0x00, 0x00, 0x00, 0x00, 0x00, 0x00, 0x00,
    0x00, 0x00, 0x00, 0x00, 0x00, 0x00, 0x00, 0x00, 0x00, 0x00, 0x00, 0x00, 0x00, 0x00, 0x00, 0x00,
    0x00, 0x00, 0x00, 0x00, 0x00, 0x00, 0x00, 0x00, 0x00, 0x00, 0x00, 0x00, 0x00, 0x00, 0x00, 0x00,
    0x00, 0x00, 0x00, 0x00, 0x00, 0x00, 0x00, 0x00, 0x00, 0x00, 0x00, 0x00, 0x00, 0x00, 0x00, 0x00,
    0x00, 0x00, 0x00, 0x00, 0x00, 0x00, 0x00, 0x00, 0x00, 0x00, 0x00, 0x00, 0x00, 0x00, 0x00, 0x00,
    0x00, 0x00, 0x00, 0x00, 0x00, 0x00, 0x00, 0x00, 0x00, 0x00, 0x00, 0x00, 0x00, 0x00, 0x00, 0x00,
    0x00, 0x00, 0x00, 0x00, 0x00, 0x00, 0x00, 0x00, 0x00, 0x00, 0x00, 0x00, 0x00, 0x00, 0x00, 0x00,
    0x00, 0x00, 0x00, 0x00, 0x42, 0x89, 0xD1, 0x01, 0x42, 0x89, 0xD1, 0x01, 0x43, 0x89, 0xD1, 0x01,
    0x42, 0x89, 0xD1, 0x01, 0x42, 0x88, 0xD1, 0x01, 0x42, 0x88, 0xD1, 0x01, 0x43, 0x89, 0xD1, 0x01,
    0x43, 0x8A, 0xD1, 0x01, 0x43, 0x8A, 0xD1, 0x01, 0x43, 0x8A, 0xD2, 0x01, 0x43, 0x89, 0xD2, 0x02,
    0x3F, 0x88, 0xD0, 0x03, 0x3F, 0x88, 0xD0, 0x03, 0x46, 0x95, 0xD9, 0x08, 0x33, 0x70, 0xAA, 0x4C,
    0x02, 0x12, 0x47, 0xC0, 0x02, 0x12, 0x47, 0xC0, 0x11, 0x49, 0x99, 0xF2, 0x3A, 0xA9, 0xF9, 0xF7,
    0x3A, 0xA9, 0xF9, 0xF7, 0x1E, 0x82, 0xF0, 0xFA, 0x16, 0x7F, 0xEE, 0xFA, 0x15, 0x7D, 0xEE, 0xFC,
    0x15, 0x7D, 0xEE, 0xFC, 0x19, 0x7E, 0xF3, 0xFB, 0x25, 0x8F, 0xFB, 0xFC, 0x29, 0x92, 0xFA, 0xFC,
    0x29, 0x92, 0xFA, 0xFC, 0x1B, 0x6F, 0xE1, 0xFC, 0x16, 0x66, 0xDC, 0xFC, 0x16, 0x66, 0xDC, 0xFC,
    0x1A, 0x7C, 0xF3, 0xFC, 0x1F, 0x96, 0xFD, 0xFC, 0x18, 0x8C, 0xFA, 0xFC, 0x18, 0x8C, 0xFA, 0xFC,
    0x19, 0x92, 0xFC, 0xFC, 0x14, 0x8B, 0xFA, 0xFD, 0x10, 0x85, 0xF5, 0xFD, 0x10, 0x85, 0xF5, 0xFD,
    0x11, 0x87, 0xF4, 0xFD, 0x29, 0x9A, 0xFC, 0xFD, 0x29, 0x9A, 0xFC, 0xFD, 0x35, 0xA1, 0xFD, 0xFD,
    0x36, 0xA4, 0xFD, 0xFD, 0x35, 0xA2, 0xFC, 0xFD, 0x35, 0xA2, 0xFC, 0xFD, 0x36, 0xA4, 0xFD, 0xFD,
    0x35, 0xA2, 0xFD, 0xFD, 0x37, 0xA5, 0xFD, 0xFD, 0x37, 0xA5, 0xFD, 0xFD, 0x34, 0xA0, 0xFB, 0xFD,
    0x31, 0xA0, 0xFB, 0xFD, 0x31, 0xA0, 0xFB, 0xFD, 0x2D, 0x9F, 0xFA, 0xFD, 0x2B, 0x9C, 0xFA, 0xFD,
    0x29, 0x9A, 0xFA, 0xFD, 0x29, 0x9A, 0xFA, 0xFD, 0x26, 0x98, 0xF9, 0xFD, 0x25, 0x94, 0xF7, 0xFD,
    0x26, 0x93, 0xF7, 0xFD, 0x26, 0x93, 0xF7, 0xFD, 0x1E, 0x8C, 0xF4, 0xFD, 0x1F, 0x92, 0xF8, 0xFD,
    0x1F, 0x92, 0xF8, 0xFD, 0x15, 0x7D, 0xF0, 0xFC, 0x0B, 0x73, 0xE6, 0xFC, 0x18, 0x83, 0xED, 0xFB,
    0x18, 0x83, 0xED, 0xFB, 0x08, 0x44, 0xA7, 0xF7, 0x03, 0x27, 0x80, 0xF5, 0x24, 0x8D, 0xEE, 0xF3,
    0x24, 0x8D, 0xEE, 0xF3, 0x1B, 0x86, 0xE9, 0xF5, 0x13, 0x56, 0xB2, 0xEE, 0x13, 0x56, 0xB2, 0xEE,
    0x03, 0x1F, 0x65, 0xE0, 0x0B, 0x32, 0x74, 0xB7, 0x2B, 0x6A, 0xAE, 0x69, 0x2B, 0x6A, 0xAE, 0x69,
    0x2C, 0x6E, 0xB6, 0x42, 0x00, 0x00, 0x00, 0x00, 0x37, 0x87, 0xD8, 0x05, 0x37, 0x87, 0xD8, 0x05,
    0x39, 0x89, 0xD7, 0x02, 0x3B, 0x88, 0xD7, 0x01, 0x3B, 0x88, 0xD7, 0x01, 0x3A, 0x88, 0xD6, 0x01,
    0x00, 0x00, 0x00, 0x00, 0x00, 0x00, 0x00, 0x00, 0x00, 0x00, 0x00, 0x00, 0x00, 0x00, 0x00, 0x00,
    0x00, 0x00, 0x00, 0x00, 0x00, 0x00, 0x00, 0x00, 0x00, 0x00, 0x00, 0x00, 0x00, 0x00, 0x00, 0x00,
    0x00, 0x00, 0x00, 0x00, 0x00, 0x00, 0x00, 0x00, 0x00, 0x00, 0x00, 0x00, 0x00, 0x00, 0x00, 0x00,
    0x00, 0x00, 0x00, 0x00, 0x00, 0x00, 0x00, 0x00, 0x00, 0x00, 0x00, 0x00, 0x00, 0x00, 0x00, 0x00,
    0x00, 0x00, 0x00, 0x00, 0x00, 0x00, 0x00, 0x00, 0x00, 0x00, 0x00, 0x00, 0x00, 0x00, 0x00, 0x00,
    0x00, 0x00, 0x00, 0x00, 0x00, 0x00, 0x00, 0x00, 0x00, 0x00, 0x00, 0x00, 0x00, 0x00, 0x00, 0x00,
    0x00, 0x00, 0x00, 0x00, 0x00, 0x00, 0x00, 0x00, 0x00, 0x00, 0x00, 0x00, 0x00, 0x00, 0x00, 0x00,
    0x00, 0x00, 0x00, 0x00, 0x00, 0x00, 0x00, 0x00, 0x00, 0x00, 0x00, 0x00, 0x00, 0x00, 0x00, 0x00,
    0x00, 0x00, 0x00, 0x00, 0x00, 0x00, 0x00, 0x00, 0x00, 0x00, 0x00, 0x00, 0x00, 0x00, 0x00, 0x00,
    0x00, 0x00, 0x00, 0x00, 0x00, 0x00, 0x00, 0x00, 0x00, 0x00, 0x00, 0x00, 0x00, 0x00, 0x00, 0x00,
    0x00, 0x00, 0x00, 0x00, 0x43, 0x89, 0xD2, 0x01, 0x43, 0x89, 0xD2, 0x01, 0x43, 0x8A, 0xD2, 0x01,
    0x42, 0x89, 0xD2, 0x01, 0x42, 0x89, 0xD2, 0x01, 0x42, 0x89, 0xD2, 0x01, 0x43, 0x89, 0xD2, 0x01,
    0x42, 0x88, 0xD2, 0x01, 0x42, 0x88, 0xD2, 0x01, 0x42, 0x8A, 0xD3, 0x01, 0x41, 0x8A, 0xD2, 0x03,
    0x46, 0x90, 0xD9, 0x03, 0x46, 0x90, 0xD9, 0x03, 0x37, 0x74, 0xB3, 0x19, 0x09, 0x2F, 0x5F, 0xA4,
    0x11, 0x4B, 0x8E, 0xF9, 0x11, 0x4B, 0x8E, 0xF9, 0x39, 0x98, 0xF0, 0xF2, 0x25, 0x8D, 0xF3, 0xF8,
    0x25, 0x8D, 0xF3, 0xF8, 0x1D, 0x8A, 0xF4, 0xFA, 0x18, 0x85, 0xF2, 0xFA, 0x1B, 0x84, 0xF1, 0xFC,
    0x1B, 0x84, 0xF1, 0xFC, 0x1D, 0x8A, 0xF7, 0xFC, 0x17, 0x84, 0xF4, 0xFC, 0x17, 0x88, 0xF7, 0xFC,
    0x17, 0x88, 0xF7, 0xFC, 0x14, 0x82, 0xF5, 0xFC, 0x14, 0x86, 0xFA, 0xFC, 0x14, 0x86, 0xFA, 0xFC,
    0x11, 0x82, 0xF7, 0xFC, 0x17, 0x8D, 0xFA, 0xFC, 0x1C, 0x8F, 0xF9, 0xFC, 0x1C, 0x8F, 0xF9, 0xFC,
    0x20, 0x94, 0xFA, 0xFC, 0x22, 0x9F, 0xFD, 0xFD, 0x18, 0x8C, 0xF8, 0xFD, 0x18, 0x8C, 0xF8, 0xFD,
    0x12, 0x84, 0xF1, 0xFD, 0x2A, 0x9D, 0xFD, 0xFD, 0x2A, 0x9D, 0xFD, 0xFD, 0x35, 0xA4, 0xFE, 0xFD,
    0x34, 0xA3, 0xFD, 0xFD, 0x35, 0xA3, 0xFD, 0xFD, 0x35, 0xA3, 0xFD, 0xFD, 0x36, 0xA4, 0xFD, 0xFD,
    0x37, 0xA3, 0xFD, 0xFD, 0x38, 0xA5, 0xFD, 0xFD, 0x38, 0xA5, 0xFD, 0xFD, 0x38, 0xA4, 0xFC, 0xFD,
    0x36, 0xA3, 0xFD, 0xFD, 0x36, 0xA3, 0xFD, 0xFD, 0x32, 0xA2, 0xFC, 0xFD, 0x2E, 0xA1, 0xFC, 0xFD,
    0x2A, 0x9B, 0xFB, 0xFD, 0x2A, 0x9B, 0xFB, 0xFD, 0x29, 0x9B, 0xFB, 0xFD, 0x29, 0x9D, 0xFB, 0xFD,
    0x27, 0x99, 0xFB, 0xFD, 0x27, 0x99, 0xFB, 0xFD, 0x22, 0x94, 0xF8, 0xFD, 0x1E, 0x94, 0xFA, 0xFC,
    0x1E, 0x94, 0xFA, 0xFC, 0x18, 0x8A, 0xF7, 0xFC, 0x13, 0x87, 0xF5, 0xFB, 0x16, 0x89, 0xF4, 0xFC,
    0x16, 0x89, 0xF4, 0xFC, 0x1C, 0x77, 0xE2, 0xFA, 0x03, 0x26, 0x7D, 0xF9, 0x0B, 0x4A, 0xA7, 0xF8,
    0x0B, 0x4A, 0xA7, 0xF8, 0x15, 0x85, 0xF3, 0xF9, 0x16, 0x88, 0xF4, 0xF7, 0x16, 0x88, 0xF4, 0xF7,
    0x18, 0x7A, 0xDF, 0xF8, 0x0F, 0x5A, 0xBA, 0xE5, 0x15, 0x4F, 0xA0, 0xEB, 0x15, 0x4F, 0xA0, 0xEB,
    0x07, 0x1D, 0x56, 0xA8, 0x28, 0x5E, 0xA1, 0x32, 0x40, 0x99, 0xE9, 0x18, 0x40, 0x99, 0xE9, 0x18,
    0x00, 0x00, 0x00, 0x00, 0x38, 0x89, 0xD7, 0x04, 0x38, 0x89, 0xD7, 0x04, 0x39, 0x87, 0xD6, 0x01,
    0x39, 0x87, 0xD5, 0x01, 0x00, 0x00, 0x00, 0x00, 0x00, 0x00, 0x00, 0x00, 0x00, 0x00, 0x00, 0x00,
    0x00, 0x00, 0x00, 0x00, 0x00, 0x00, 0x00, 0x00, 0x00, 0x00, 0x00, 0x00, 0x00, 0x00, 0x00, 0x00,
    0x00, 0x00, 0x00, 0x00, 0x00, 0x00, 0x00, 0x00, 0x00, 0x00, 0x00, 0x00, 0x00, 0x00, 0x00, 0x00,
    0x00, 0x00, 0x00, 0x00, 0x00, 0x00, 0x00, 0x00, 0x00, 0x00, 0x00, 0x00, 0x00, 0x00, 0x00, 0x00,
    0x00, 0x00, 0x00, 0x00, 0x00, 0x00, 0x00, 0x00, 0x00, 0x00, 0x00, 0x00, 0x00, 0x00, 0x00, 0x00,
    0x00, 0x00, 0x00, 0x00, 0x00, 0x00, 0x00, 0x00, 0x00, 0x00, 0x00, 0x00, 0x00, 0x00, 0x00, 0x00,
    0x00, 0x00, 0x00, 0x00, 0x00, 0x00, 0x00, 0x00, 0x00, 0x00, 0x00, 0x00, 0x00, 0x00, 0x00, 0x00,
    0x00, 0x00, 0x00, 0x00, 0x00, 0x00, 0x00, 0x00, 0x00, 0x00, 0x00, 0x00, 0x00, 0x00, 0x00, 0x00,
    0x00, 0x00, 0x00, 0x00, 0x00, 0x00, 0x00, 0x00, 0x00, 0x00, 0x00, 0x00, 0x00, 0x00, 0x00, 0x00,
    0x00, 0x00, 0x00, 0x00, 0x00, 0x00, 0x00, 0x00, 0x00, 0x00, 0x00, 0x00, 0x00, 0x00, 0x00, 0x00,
    0x00, 0x00, 0x00, 0x00, 0x43, 0x89, 0xD2, 0x01, 0x43, 0x89, 0xD2, 0x01, 0x43, 0x8A, 0xD2, 0x01,
    0x42, 0x89, 0xD2, 0x01, 0x42, 0x89, 0xD2, 0x01, 0x42, 0x89, 0xD2, 0x01, 0x43, 0x89, 0xD2, 0x01,
    0x42, 0x88, 0xD2, 0x01, 0x42, 0x88, 0xD2, 0x01, 0x42, 0x8A, 0xD3, 0x01, 0x41, 0x8A, 0xD2, 0x03,
    0x46, 0x90, 0xD9, 0x03, 0x46, 0x90, 0xD9, 0x03, 0x37, 0x74, 0xB3, 0x19, 0x09, 0x2F, 0x5F, 0xA4,
    0x11, 0x4B, 0x8E, 0xF9, 0x11, 0x4B, 0x8E, 0xF9, 0x39, 0x98, 0xF0, 0xF2, 0x25, 0x8D, 0xF3, 0xF8,
    0x25, 0x8D, 0xF3, 0xF8, 0x1D, 0x8A, 0xF4, 0xFA, 0x18, 0x85, 0xF2, 0xFA, 0x1B, 0x84, 0xF1, 0xFC,
    0x1B, 0x84, 0xF1, 0xFC, 0x1D, 0x8A, 0xF7, 0xFC, 0x17, 0x84, 0xF4, 0xFC, 0x17, 0x88, 0xF7, 0xFC,
    0x17, 0x88, 0xF7, 0xFC, 0x14, 0x82, 0xF5, 0xFC, 0x14, 0x86, 0xFA, 0xFC, 0x14, 0x86, 0xFA, 0xFC,
    0x11, 0x82, 0xF7, 0xFC, 0x17, 0x8D, 0xFA, 0xFC, 0x1C, 0x8F, 0xF9, 0xFC, 0x1C, 0x8F, 0xF9, 0xFC,
    0x20, 0x94, 0xFA, 0xFC, 0x22, 0x9F, 0xFD, 0xFD, 0x18, 0x8C, 0xF8, 0xFD, 0x18, 0x8C, 0xF8, 0xFD,
    0x12, 0x84, 0xF1, 0xFD, 0x2A, 0x9D, 0xFD, 0xFD, 0x2A, 0x9D, 0xFD, 0xFD, 0x35, 0xA4, 0xFE, 0xFD,
    0x34, 0xA3, 0xFD, 0xFD, 0x35, 0xA3, 0xFD, 0xFD, 0x35, 0xA3, 0xFD, 0xFD, 0x36, 0xA4, 0xFD, 0xFD,
    0x37, 0xA3, 0xFD, 0xFD, 0x38, 0xA5, 0xFD, 0xFD, 0x38, 0xA5, 0xFD, 0xFD, 0x38, 0xA4, 0xFC, 0xFD,
    0x36, 0xA3, 0xFD, 0xFD, 0x36, 0xA3, 0xFD, 0xFD, 0x32, 0xA2, 0xFC, 0xFD, 0x2E, 0xA1, 0xFC, 0xFD,
    0x2A, 0x9B, 0xFB, 0xFD, 0x2A, 0x9B, 0xFB, 0xFD, 0x29, 0x9B, 0xFB, 0xFD, 0x29, 0x9D, 0xFB, 0xFD,
    0x27, 0x99, 0xFB, 0xFD, 0x27, 0x99, 0xFB, 0xFD, 0x22, 0x94, 0xF8, 0xFD, 0x1E, 0x94, 0xFA, 0xFC,
    0x1E, 0x94, 0xFA, 0xFC, 0x18, 0x8A, 0xF7, 0xFC, 0x13, 0x87, 0xF5, 0xFB, 0x16, 0x89, 0xF4, 0xFC,
    0x16, 0x89, 0xF4, 0xFC, 0x1C, 0x77, 0xE2, 0xFA, 0x03, 0x26, 0x7D, 0xF9, 0x0B, 0x4A, 0xA7, 0xF8,
    0x0B, 0x4A, 0xA7, 0xF8, 0x15, 0x85, 0xF3, 0xF9, 0x16, 0x88, 0xF4, 0xF7, 0x16, 0x88, 0xF4, 0xF7,
    0x18, 0x7A, 0xDF, 0xF8, 0x0F, 0x5A, 0xBA, 0xE5, 0x15, 0x4F, 0xA0, 0xEB, 0x15, 0x4F, 0xA0, 0xEB,
    0x07, 0x1D, 0x56, 0xA8, 0x28, 0x5E, 0xA1, 0x32, 0x40, 0x99, 0xE9, 0x18, 0x40, 0x99, 0xE9, 0x18,
    0x00, 0x00, 0x00, 0x00, 0x38, 0x89, 0xD7, 0x04, 0x38, 0x89, 0xD7, 0x04, 0x39, 0x87, 0xD6, 0x01,
    0x39, 0x87, 0xD5, 0x01, 0x00, 0x00, 0x00, 0x00, 0x00, 0x00, 0x00, 0x00, 0x00, 0x00, 0x00, 0x00,
    0x00, 0x00, 0x00, 0x00, 0x00, 0x00, 0x00, 0x00, 0x00, 0x00, 0x00, 0x00, 0x00, 0x00, 0x00, 0x00,
    0x00, 0x00, 0x00, 0x00, 0x00, 0x00, 0x00, 0x00, 0x00, 0x00, 0x00, 0x00, 0x00, 0x00, 0x00, 0x00,
    0x00, 0x00, 0x00, 0x00, 0x00, 0x00, 0x00, 0x00, 0x00, 0x00, 0x00, 0x00, 0x00, 0x00, 0x00, 0x00,
    0x00, 0x00, 0x00, 0x00, 0x00, 0x00, 0x00, 0x00, 0x00, 0x00, 0x00, 0x00, 0x00, 0x00, 0x00, 0x00,
    0x00, 0x00, 0x00, 0x00, 0x00, 0x00, 0x00, 0x00, 0x00, 0x00, 0x00, 0x00, 0x00, 0x00, 0x00, 0x00,
    0x00, 0x00, 0x00, 0x00, 0x00, 0x00, 0x00, 0x00, 0x00, 0x00, 0x00, 0x00, 0x00, 0x00, 0x00, 0x00,
    0x00, 0x00, 0x00, 0x00, 0x00, 0x00, 0x00, 0x00, 0x00, 0x00, 0x00, 0x00, 0x00, 0x00, 0x00, 0x00,
    0x00, 0x00, 0x00, 0x00, 0x00, 0x00, 0x00, 0x00, 0x00, 0x00, 0x00, 0x00, 0x00, 0x00, 0x00, 0x00,
    0x00, 0x00, 0x00, 0x00, 0x00, 0x00, 0x00, 0x00, 0x00, 0x00, 0x00, 0x00, 0x00, 0x00, 0x00, 0x00,
    0x42, 0x89, 0xD1, 0x01, 0x43, 0x89, 0xD1, 0x01, 0x43, 0x89, 0xD1, 0x01, 0x43, 0x89, 0xD2, 0x01,
    0x42, 0x89, 0xD1, 0x01, 0x42, 0x89, 0xD2, 0x01, 0x42, 0x89, 0xD2, 0x01, 0x42, 0x89, 0xD2, 0x01,
    0x42, 0x89, 0xD3, 0x01, 0x42, 0x89, 0xD3, 0x01, 0x42, 0x89, 0xD2, 0x03, 0x42, 0x8F, 0xD9, 0x03,
    0x41, 0x86, 0xCE, 0x10, 0x41, 0x86, 0xCE, 0x10, 0x09, 0x29, 0x63, 0x9F, 0x03, 0x26, 0x63, 0xE0,
    0x34, 0x96, 0xEF, 0xF8, 0x34, 0x96, 0xEF, 0xF8, 0x2A, 0x96, 0xF6, 0xF6, 0x1F, 0x87, 0xF1, 0xF9,
    0x1F, 0x87, 0xF1, 0xF9, 0x1E, 0x8A, 0xF4, 0xFB, 0x1A, 0x84, 0xF2, 0xFB, 0x1A, 0x82, 0xF0, 0xFC,
    0x1A, 0x82, 0xF0, 0xFC, 0x22, 0x91, 0xFA, 0xFC, 0x1C, 0x86, 0xF5, 0xFC, 0x18, 0x83, 0xF2, 0xFC,
    0x18, 0x83, 0xF2, 0xFC, 0x11, 0x7B, 0xEE, 0xFC, 0x13, 0x83, 0xF4, 0xFC, 0x13, 0x83, 0xF4, 0xFC,
    0x16, 0x85, 0xF5, 0xFC, 0x21, 0x94, 0xFC, 0xFC, 0x25, 0x92, 0xF9, 0xFC, 0x25, 0x92, 0xF9, 0xFC,
    0x25, 0x90, 0xF6, 0xFD, 0x27, 0x9B, 0xFC, 0xFD, 0x1A, 0x8C, 0xF7, 0xFD, 0x1A, 0x8C, 0xF7, 0xFD,
    0x12, 0x80, 0xED, 0xFD, 0x28, 0x98, 0xFB, 0xFD, 0x28, 0x98, 0xFB, 0xFD, 0x34, 0xA3, 0xFE, 0xFD,
    0x33, 0xA2, 0xFD, 0xFD, 0x35, 0xA2, 0xFD, 0xFD, 0x35, 0xA2, 0xFD, 0xFD, 0x37, 0xA4, 0xFD, 0xFD,
    0x38, 0xA4, 0xFD, 0xFD, 0x38, 0xA3, 0xFD, 0xFD, 0x38, 0xA3, 0xFD, 0xFD, 0x39, 0xA5, 0xFD, 0xFD,
    0x37, 0xA2, 0xFD, 0xFD, 0x37, 0xA2, 0xFD, 0xFD, 0x35, 0xA1, 0xFD, 0xFD, 0x34, 0xA2, 0xFD, 0xFD,
    0x34, 0xA2, 0xFD, 0xFD, 0x34, 0xA2, 0xFD, 0xFD, 0x33, 0xA1, 0xFD, 0xFD, 0x31, 0x9E, 0xFC, 0xFD,
    0x31, 0x9E, 0xFC, 0xFD, 0x31, 0x9E, 0xFC, 0xFD, 0x2B, 0x98, 0xFA, 0xFD, 0x24, 0x91, 0xF7, 0xFD,
    0x24, 0x91, 0xF7, 0xFD, 0x1F, 0x8F, 0xF8, 0xFC, 0x16, 0x88, 0xF7, 0xFC, 0x0D, 0x78, 0xED, 0xFB,
    0x0D, 0x78, 0xED, 0xFB, 0x16, 0x83, 0xF4, 0xFB, 0x17, 0x59, 0xC0, 0xFB, 0x01, 0x15, 0x65, 0xFB,
    0x01, 0x15, 0x65, 0xFB, 0x11, 0x65, 0xCD, 0xF9, 0x0F, 0x81, 0xF6, 0xF8, 0x0F, 0x81, 0xF6, 0xF8,
    0x09, 0x74, 0xF2, 0xF7, 0x17, 0x89, 0xF6, 0xF8, 0x1C, 0x7B, 0xE9, 0xF5, 0x1C, 0x7B, 0xE9, 0xF5,
    0x10, 0x47, 0xA2, 0xEA, 0x09, 0x28, 0x6B, 0xE0, 0x32, 0x72, 0xBB, 0x8A, 0x32, 0x72, 0xBB, 0x8A,
    0x35, 0x86, 0xD9, 0x0D, 0x36, 0x8E, 0xDF, 0x04, 0x36, 0x8E, 0xDF, 0x04, 0x35, 0x87, 0xD7, 0x01,
    0x37, 0x87, 0xD6, 0x01, 0x38, 0x86, 0xD5, 0x01, 0x38, 0x86, 0xD5, 0x01, 0x00, 0x00, 0x00, 0x00,
    0x00, 0x00, 0x00, 0x00, 0x00, 0x00, 0x00, 0x00, 0x00, 0x00, 0x00, 0x00, 0x00, 0x00, 0x00, 0x00,
    0x00, 0x00, 0x00, 0x00, 0x00, 0x00, 0x00, 0x00, 0x00, 0x00, 0x00, 0x00, 0x00, 0x00, 0x00, 0x00,
    0x00, 0x00, 0x00, 0x00, 0x00, 0x00, 0x00, 0x00, 0x00, 0x00, 0x00, 0x00, 0x00, 0x00, 0x00, 0x00,
    0x00, 0x00, 0x00, 0x00, 0x00, 0x00, 0x00, 0x00, 0x00, 0x00, 0x00, 0x00, 0x00, 0x00, 0x00, 0x00,
    0x00, 0x00, 0x00, 0x00, 0x00, 0x00, 0x00, 0x00, 0x00, 0x00, 0x00, 0x00, 0x00, 0x00, 0x00, 0x00,
    0x00, 0x00, 0x00, 0x00, 0x00, 0x00, 0x00, 0x00, 0x00, 0x00, 0x00, 0x00, 0x00, 0x00, 0x00, 0x00,
    0x00, 0x00, 0x00, 0x00, 0x00, 0x00, 0x00, 0x00, 0x00, 0x00, 0x00, 0x00, 0x00, 0x00, 0x00, 0x00,
    0x00, 0x00, 0x00, 0x00, 0x00, 0x00, 0x00, 0x00, 0x00, 0x00, 0x00, 0x00, 0x00, 0x00, 0x00, 0x00,
    0x00, 0x00, 0x00, 0x00, 0x00, 0x00, 0x00, 0x00, 0x00, 0x00, 0x00, 0x00, 0x00, 0x00, 0x00, 0x00,
    0x41, 0x88, 0xD0, 0x01, 0x42, 0x88, 0xD1, 0x01, 0x42, 0x88, 0xD1, 0x01, 0x42, 0x89, 0xD2, 0x01,
    0x41, 0x88, 0xD2, 0x01, 0x41, 0x89, 0xD2, 0x01, 0x41, 0x89, 0xD2, 0x01, 0x40, 0x8A, 0xD3, 0x02,
    0x40, 0x8B, 0xD4, 0x02, 0x40, 0x8B, 0xD4, 0x02, 0x3A, 0x83, 0xD1, 0x05, 0x3E, 0x8D, 0xD9, 0x01,
    0x36, 0x7F, 0xC1, 0x40, 0x36, 0x7F, 0xC1, 0x40, 0x02, 0x21, 0x60, 0xF1, 0x1A, 0x60, 0xB2, 0xF1,
    0x2F, 0x9C, 0xFA, 0xF6, 0x2F, 0x9C, 0xFA, 0xF6, 0x1F, 0x90, 0xF7, 0xF8, 0x21, 0x91, 0xF8, 0xFA,
    0x21, 0x91, 0xF8, 0xFA, 0x1F, 0x8A, 0xF6, 0xFB, 0x1B, 0x87, 0xF3, 0xFB, 0x1F, 0x8B, 0xF6, 0xFC,
    0x1F, 0x8B, 0xF6, 0xFC, 0x26, 0x97, 0xFC, 0xFC, 0x1D, 0x8A, 0xF4, 0xFC, 0x16, 0x81, 0xEF, 0xFC,
    0x16, 0x81, 0xEF, 0xFC, 0x16, 0x82, 0xF0, 0xFC, 0x18, 0x86, 0xF3, 0xFC, 0x18, 0x86, 0xF3, 0xFC,
    0x1A, 0x88, 0xF4, 0xFC, 0x22, 0x92, 0xFB, 0xFC, 0x2A, 0x99, 0xFD, 0xFD, 0x2A, 0x99, 0xFD, 0xFD,
    0x2F, 0x9F, 0xFD, 0xFD, 0x2A, 0x9A, 0xFC, 0xFD, 0x24, 0x98, 0xFC, 0xFD, 0x24, 0x98, 0xFC, 0xFD,
    0x1B, 0x8F, 0xF8, 0xFD, 0x2B, 0x9D, 0xFD, 0xFD, 0x2B, 0x9D, 0xFD, 0xFD, 0x32, 0xA3, 0xFE, 0xFD,
    0x34, 0xA4, 0xFE, 0xFD, 0x35, 0xA4, 0xFD, 0xFD, 0x35, 0xA4, 0xFD, 0xFD, 0x37, 0xA5, 0xFE, 0xFD,
    0x38, 0xA5, 0xFE, 0xFD, 0x39, 0xA4, 0xFE, 0xFD, 0x39, 0xA4, 0xFE, 0xFD, 0x38, 0xA4, 0xFE, 0xFD,
    0x37, 0xA3, 0xFE, 0xFD, 0x37, 0xA3, 0xFE, 0xFD, 0x36, 0xA2, 0xFD, 0xFD, 0x37, 0xA2, 0xFD, 0xFD,
    0x37, 0xA3, 0xFD, 0xFD, 0x37, 0xA3, 0xFD, 0xFD, 0x38, 0xA3, 0xFD, 0xFD, 0x38, 0xA2, 0xFD, 0xFD,
    0x37, 0xA2, 0xFD, 0xFD, 0x37, 0xA2, 0xFD, 0xFD, 0x34, 0xA0, 0xFC, 0xFD, 0x2E, 0x9A, 0xFA, 0xFD,
    0x2E, 0x9A, 0xFA, 0xFD, 0x1E, 0x8B, 0xF4, 0xFC, 0x19, 0x88, 0xF7, 0xFC, 0x14, 0x88, 0xF7, 0xFC,
    0x14, 0x88, 0xF7, 0xFC, 0x11, 0x83, 0xF5, 0xFB, 0x19, 0x7D, 0xF1, 0xFB, 0x06, 0x3A, 0x95, 0xFA,
    0x06, 0x3A, 0x95, 0xFA, 0x03, 0x37, 0x8C, 0xFA, 0x19, 0x82, 0xEF, 0xF9, 0x19, 0x82, 0xEF, 0xF9,
    0x12, 0x83, 0xF7, 0xF9, 0x15, 0x86, 0xF6, 0xF7, 0x14, 0x77, 0xF1, 0xF8, 0x14, 0x77, 0xF1, 0xF8,
    0x23, 0x8F, 0xF7, 0xF9, 0x1C, 0x68, 0xC6, 0xF6, 0x04, 0x21, 0x70, 0xD7, 0x04, 0x21, 0x70, 0xD7,
    0x1B, 0x52, 0x99, 0xBB, 0x32, 0x7E, 0xC6, 0x3C, 0x32, 0x7E, 0xC6, 0x3C, 0x32, 0x85, 0xDA, 0x02,
    0x34, 0x86, 0xD7, 0x02, 0x36, 0x86, 0xD5, 0x01, 0x36, 0x86, 0xD5, 0x01, 0x00, 0x00, 0x00, 0x00,
    0x00, 0x00, 0x00, 0x00, 0x00, 0x00, 0x00, 0x00, 0x00, 0x00, 0x00, 0x00, 0x00, 0x00, 0x00, 0x00,
    0x00, 0x00, 0x00, 0x00, 0x00, 0x00, 0x00, 0x00, 0x00, 0x00, 0x00, 0x00, 0x00, 0x00, 0x00, 0x00,
    0x00, 0x00, 0x00, 0x00, 0x00, 0x00, 0x00, 0x00, 0x00, 0x00, 0x00, 0x00, 0x00, 0x00, 0x00, 0x00,
    0x00, 0x00, 0x00, 0x00, 0x00, 0x00, 0x00, 0x00, 0x00, 0x00, 0x00, 0x00, 0x00, 0x00, 0x00, 0x00,
    0x00, 0x00, 0x00, 0x00, 0x00, 0x00, 0x00, 0x00, 0x00, 0x00, 0x00, 0x00, 0x00, 0x00, 0x00, 0x00,
    0x00, 0x00, 0x00, 0x00, 0x00, 0x00, 0x00, 0x00, 0x00, 0x00, 0x00, 0x00, 0x00, 0x00, 0x00, 0x00,
    0x00, 0x00, 0x00, 0x00, 0x00, 0x00, 0x00, 0x00, 0x00, 0x00, 0x00, 0x00, 0x00, 0x00, 0x00, 0x00,
    0x00, 0x00, 0x00, 0x00, 0x00, 0x00, 0x00, 0x00, 0x00, 0x00, 0x00, 0x00, 0x00, 0x00, 0x00, 0x00,
    0x00, 0x00, 0x00, 0x00, 0x00, 0x00, 0x00, 0x00, 0x00, 0x00, 0x00, 0x00, 0x00, 0x00, 0x00, 0x00,
    0x41, 0x88, 0xD0, 0x01, 0x42, 0x88, 0xD1, 0x01, 0x42, 0x88, 0xD1, 0x01, 0x42, 0x89, 0xD2, 0x01,
    0x41, 0x88, 0xD2, 0x01, 0x41, 0x89, 0xD2, 0x01, 0x41, 0x89, 0xD2, 0x01, 0x40, 0x8A, 0xD3, 0x02,
    0x40, 0x8B, 0xD4, 0x02, 0x40, 0x8B, 0xD4, 0x02, 0x3A, 0x83, 0xD1, 0x05, 0x3E, 0x8D, 0xD9, 0x01,
    0x36, 0x7F, 0xC1, 0x40, 0x36, 0x7F, 0xC1, 0x40, 0x02, 0x21, 0x60, 0xF1, 0x1A, 0x60, 0xB2, 0xF1,
    0x2F, 0x9C, 0xFA, 0xF6, 0x2F, 0x9C, 0xFA, 0xF6, 0x1F, 0x90, 0xF7, 0xF8, 0x21, 0x91, 0xF8, 0xFA,
    0x21, 0x91, 0xF8, 0xFA, 0x1F, 0x8A, 0xF6, 0xFB, 0x1B, 0x87, 0xF3, 0xFB, 0x1F, 0x8B, 0xF6, 0xFC,
    0x1F, 0x8B, 0xF6, 0xFC, 0x26, 0x97, 0xFC, 0xFC, 0x1D, 0x8A, 0xF4, 0xFC, 0x16, 0x81, 0xEF, 0xFC,
    0x16, 0x81, 0xEF, 0xFC, 0x16, 0x82, 0xF0, 0xFC, 0x18, 0x86, 0xF3, 0xFC, 0x18, 0x86, 0xF3, 0xFC,
    0x1A, 0x88, 0xF4, 0xFC, 0x22, 0x92, 0xFB, 0xFC, 0x2A, 0x99, 0xFD, 0xFD, 0x2A, 0x99, 0xFD, 0xFD,
    0x2F, 0x9F, 0xFD, 0xFD, 0x2A, 0x9A, 0xFC, 0xFD, 0x24, 0x98, 0xFC, 0xFD, 0x24, 0x98, 0xFC, 0xFD,
    0x1B, 0x8F, 0xF8, 0xFD, 0x2B, 0x9D, 0xFD, 0xFD, 0x2B, 0x9D, 0xFD, 0xFD, 0x32, 0xA3, 0xFE, 0xFD,
    0x34, 0xA4, 0xFE, 0xFD, 0x35, 0xA4, 0xFD, 0xFD, 0x35, 0xA4, 0xFD, 0xFD, 0x37, 0xA5, 0xFE, 0xFD,
    0x38, 0xA5, 0xFE, 0xFD, 0x39, 0xA4, 0xFE, 0xFD, 0x39, 0xA4, 0xFE, 0xFD, 0x38, 0xA4, 0xFE, 0xFD,
    0x37, 0xA3, 0xFE, 0xFD, 0x37, 0xA3, 0xFE, 0xFD, 0x36, 0xA2, 0xFD, 0xFD, 0x37, 0xA2, 0xFD, 0xFD,
    0x37, 0xA3, 0xFD, 0xFD, 0x37, 0xA3, 0xFD, 0xFD, 0x38, 0xA3, 0xFD, 0xFD, 0x38, 0xA2, 0xFD, 0xFD,
    0x37, 0xA2, 0xFD, 0xFD, 0x37, 0xA2, 0xFD, 0xFD, 0x34, 0xA0, 0xFC, 0xFD, 0x2E, 0x9A, 0xFA, 0xFD,
    0x2E, 0x9A, 0xFA, 0xFD, 0x1E, 0x8B, 0xF4, 0xFC, 0x19, 0x88, 0xF7, 0xFC, 0x14, 0x88, 0xF7, 0xFC,
    0x14, 0x88, 0xF7, 0xFC, 0x11, 0x83, 0xF5, 0xFB, 0x19, 0x7D, 0xF1, 0xFB, 0x06, 0x3A, 0x95, 0xFA,
    0x06, 0x3A, 0x95, 0xFA, 0x03, 0x37, 0x8C, 0xFA, 0x19, 0x82, 0xEF, 0xF9, 0x19, 0x82, 0xEF, 0xF9,
    0x12, 0x83, 0xF7, 0xF9, 0x15, 0x86, 0xF6, 0xF7, 0x14, 0x77, 0xF1, 0xF8, 0x14, 0x77, 0xF1, 0xF8,
    0x23, 0x8F, 0xF7, 0xF9, 0x1C, 0x68, 0xC6, 0xF6, 0x04, 0x21, 0x70, 0xD7, 0x04, 0x21, 0x70, 0xD7,
    0x1B, 0x52, 0x99, 0xBB, 0x32, 0x7E, 0xC6, 0x3C, 0x32, 0x7E, 0xC6, 0x3C, 0x32, 0x85, 0xDA, 0x02,
    0x34, 0x86, 0xD7, 0x02, 0x36, 0x86, 0xD5, 0x01, 0x36, 0x86, 0xD5, 0x01, 0x00, 0x00, 0x00, 0x00,
    0x00, 0x00, 0x00, 0x00, 0x00, 0x00, 0x00, 0x00, 0x00, 0x00, 0x00, 0x00, 0x00, 0x00, 0x00, 0x00,
    0x00, 0x00, 0x00, 0x00, 0x00, 0x00, 0x00, 0x00, 0x00, 0x00, 0x00, 0x00, 0x00, 0x00, 0x00, 0x00,
    0x00, 0x00, 0x00, 0x00, 0x00, 0x00, 0x00, 0x00, 0x00, 0x00, 0x00, 0x00, 0x00, 0x00, 0x00, 0x00,
    0x00, 0x00, 0x00, 0x00, 0x00, 0x00, 0x00, 0x00, 0x00, 0x00, 0x00, 0x00, 0x00, 0x00, 0x00, 0x00,
    0x00, 0x00, 0x00, 0x00, 0x00, 0x00, 0x00, 0x00, 0x00, 0x00, 0x00, 0x00, 0x00, 0x00, 0x00, 0x00,
    0x00, 0x00, 0x00, 0x00, 0x00, 0x00, 0x00, 0x00, 0x00, 0x00, 0x00, 0x00, 0x00, 0x00, 0x00, 0x00,
    0x00, 0x00, 0x00, 0x00, 0x00, 0x00, 0x00, 0x00, 0x00, 0x00, 0x00, 0x00, 0x00, 0x00, 0x00, 0x00,
    0x00, 0x00, 0x00, 0x00, 0x00, 0x00, 0x00, 0x00, 0x00, 0x00, 0x00, 0x00, 0x00, 0x00, 0x00, 0x00,
    0x00, 0x00, 0x00, 0x00, 0x00, 0x00, 0x00, 0x00, 0x00, 0x00, 0x00, 0x00, 0x00, 0x00, 0x00, 0x00,
    0x41, 0x88, 0xD1, 0x01, 0x41, 0x87, 0xD2, 0x01, 0x41, 0x87, 0xD2, 0x01, 0x41, 0x89, 0xD3, 0x01,
    0x42, 0x8A, 0xD5, 0x02, 0x42, 0x89, 0xD2, 0x03, 0x42, 0x89, 0xD2, 0x03, 0x40, 0x89, 0xD2, 0x04,
    0x3C, 0x89, 0xD3, 0x02, 0x3C, 0x89, 0xD3, 0x02, 0x37, 0x89, 0xD5, 0x11, 0x44, 0x8F, 0xD4, 0x33,
    0x1F, 0x60, 0x99, 0xA8, 0x1F, 0x60, 0x99, 0xA8, 0x11, 0x59, 0xA2, 0xF8, 0x34, 0x9A, 0xF2, 0xF7,
    0x22, 0x90, 0xF6, 0xF9, 0x22, 0x90, 0xF6, 0xF9, 0x20, 0x8E, 0xF4, 0xFA, 0x23, 0x94, 0xFA, 0xFA,
    0x23, 0x94, 0xFA, 0xFA, 0x21, 0x8B, 0xF6, 0xFB, 0x1B, 0x85, 0xF0, 0xFC, 0x1E, 0x8A, 0xF2, 0xFC,
    0x1E, 0x8A, 0xF2, 0xFC, 0x20, 0x8D, 0xF6, 0xFC, 0x1F, 0x8C, 0xF2, 0xFC, 0x15, 0x80, 0xEB, 0xFC,
    0x15, 0x80, 0xEB, 0xFC, 0x16, 0x82, 0xEE, 0xFC, 0x1D, 0x8A, 0xF4, 0xFC, 0x1D, 0x8A, 0xF4, 0xFC,
    0x1C, 0x89, 0xF3, 0xFC, 0x20, 0x8D, 0xF6, 0xFD, 0x2A, 0x96, 0xFC, 0xFD, 0x2A, 0x96, 0xFC, 0xFD,
    0x32, 0xA3, 0xFE, 0xFD, 0x2D, 0x99, 0xFC, 0xFD, 0x29, 0x9B, 0xFD, 0xFD, 0x29, 0x9B, 0xFD, 0xFD,
    0x28, 0x9A, 0xFD, 0xFD, 0x2E, 0x9E, 0xFD, 0xFD, 0x2E, 0x9E, 0xFD, 0xFD, 0x33, 0xA1, 0xFD, 0xFD,
    0x34, 0xA4, 0xFE, 0xFD, 0x35, 0xA4, 0xFD, 0xFD, 0x35, 0xA4, 0xFD, 0xFD, 0x37, 0xA4, 0xFD, 0xFD,
    0x37, 0xA4, 0xFE, 0xFD, 0x38, 0xA4, 0xFE, 0xFD, 0x38, 0xA4, 0xFE, 0xFD, 0x38, 0xA3, 0xFE, 0xFD,
    0x36, 0xA3, 0xFD, 0xFD, 0x36, 0xA3, 0xFD, 0xFD, 0x36, 0xA2, 0xFD, 0xFD, 0x38, 0xA4, 0xFD, 0xFD,
    0x38, 0xA3, 0xFD, 0xFD, 0x38, 0xA3, 0xFD, 0xFD, 0x38, 0xA3, 0xFD, 0xFD, 0x39, 0xA5, 0xFD, 0xFD,
    0x38, 0xA2, 0xFC, 0xFD, 0x38, 0xA2, 0xFC, 0xFD, 0x38, 0xA4, 0xFD, 0xFD, 0x33, 0xA2, 0xFC, 0xFD,
    0x33, 0xA2, 0xFC, 0xFD, 0x29, 0x95, 0xF9, 0xFD, 0x22, 0x90, 0xF9, 0xFC, 0x1F, 0x8F, 0xF8, 0xFC,
    0x1F, 0x8F, 0xF8, 0xFC, 0x14, 0x7F, 0xEF, 0xFC, 0x13, 0x7C, 0xF1, 0xFC, 0x1B, 0x6E, 0xD5, 0xFB,
    0x1B, 0x6E, 0xD5, 0xFB, 0x01, 0x17, 0x61, 0xFB, 0x0D, 0x4A, 0xAF, 0xFB, 0x0D, 0x4A, 0xAF, 0xFB,
    0x20, 0x87, 0xF6, 0xFA, 0x16, 0x80, 0xF1, 0xFB, 0x17, 0x7D, 0xF0, 0xFA, 0x17, 0x7D, 0xF0, 0xFA,
    0x19, 0x88, 0xF9, 0xFA, 0x21, 0x8C, 0xF6, 0xF7, 0x1E, 0x6F, 0xD2, 0xF3, 0x1E, 0x6F, 0xD2, 0xF3,
    0x1A, 0x58, 0x9E, 0xF1, 0x04, 0x17, 0x4D, 0x99, 0x04, 0x17, 0x4D, 0x99, 0x23, 0x5C, 0xA3, 0x29,
    0x36, 0x8D, 0xDE, 0x01, 0x32, 0x84, 0xD4, 0x03, 0x32, 0x84, 0xD4, 0x03, 0x00, 0x00, 0x00, 0x00,
    0x00, 0x00, 0x00, 0x00, 0x00, 0x00, 0x00, 0x00, 0x00, 0x00, 0x00, 0x00, 0x00, 0x00, 0x00, 0x00,
    0x00, 0x00, 0x00, 0x00, 0x00, 0x00, 0x00, 0x00, 0x00, 0x00, 0x00, 0x00, 0x00, 0x00, 0x00, 0x00,
    0x00, 0x00, 0x00, 0x00, 0x00, 0x00, 0x00, 0x00, 0x00, 0x00, 0x00, 0x00, 0x00, 0x00, 0x00, 0x00,
    0x00, 0x00, 0x00, 0x00, 0x00, 0x00, 0x00, 0x00, 0x00, 0x00, 0x00, 0x00, 0x00, 0x00, 0x00, 0x00,
    0x00, 0x00, 0x00, 0x00, 0x00, 0x00, 0x00, 0x00, 0x00, 0x00, 0x00, 0x00, 0x00, 0x00, 0x00, 0x00,
    0x00, 0x00, 0x00, 0x00, 0x00, 0x00, 0x00, 0x00, 0x00, 0x00, 0x00, 0x00, 0x00, 0x00, 0x00, 0x00,
    0x00, 0x00, 0x00, 0x00, 0x00, 0x00, 0x00, 0x00, 0x00, 0x00, 0x00, 0x00, 0x00, 0x00, 0x00, 0x00,
    0x00, 0x00, 0x00, 0x00, 0x00, 0x00, 0x00, 0x00, 0x00, 0x00, 0x00, 0x00, 0x00, 0x00, 0x00, 0x00,
    0x00, 0x00, 0x00, 0x00, 0x00, 0x00, 0x00, 0x00, 0x00, 0x00, 0x00, 0x00, 0x00, 0x00, 0x00, 0x00,
    0x41, 0x88, 0xD2, 0x01, 0x41, 0x88, 0xD2, 0x04, 0x41, 0x88, 0xD2, 0x04, 0x42, 0x8A, 0xD4, 0x04,
    0x3F, 0x88, 0xD5, 0x07, 0x42, 0x8B, 0xD8, 0x03, 0x42, 0x8B, 0xD8, 0x03, 0x45, 0x8F, 0xD8, 0x13,
    0x43, 0x90, 0xD8, 0x33, 0x43, 0x90, 0xD8, 0x33, 0x47, 0x9A, 0xDC, 0x37, 0x1E, 0x4F, 0x84, 0xB9,
    0x00, 0x12, 0x38, 0xFA, 0x00, 0x12, 0x38, 0xFA, 0x20, 0x73, 0xC0, 0xF4, 0x32, 0xA8, 0xFB, 0xF8,
    0x21, 0x92, 0xF8, 0xF9, 0x21, 0x92, 0xF8, 0xF9, 0x22, 0x90, 0xF7, 0xFA, 0x26, 0x98, 0xFB, 0xFB,
    0x26, 0x98, 0xFB, 0xFB, 0x20, 0x8E, 0xF7, 0xFC, 0x1A, 0x86, 0xEF, 0xFC, 0x1C, 0x89, 0xF0, 0xFC,
    0x1C, 0x89, 0xF0, 0xFC, 0x23, 0x90, 0xF7, 0xFC, 0x24, 0x8F, 0xF6, 0xFC, 0x1F, 0x8B, 0xF4, 0xFC,
    0x1F, 0x8B, 0xF4, 0xFC, 0x1B, 0x88, 0xF0, 0xFC, 0x1F, 0x8D, 0xF4, 0xFD, 0x1F, 0x8D, 0xF4, 0xFD,
    0x1E, 0x8C, 0xF5, 0xFD, 0x21, 0x91, 0xF8, 0xFD, 0x26, 0x95, 0xFA, 0xFD, 0x26, 0x95, 0xFA, 0xFD,
    0x2E, 0xA0, 0xFE, 0xFD, 0x32, 0xA2, 0xFE, 0xFD, 0x30, 0xA2, 0xFE, 0xFD, 0x30, 0xA2, 0xFE, 0xFD,
    0x30, 0xA1, 0xFD, 0xFD, 0x33, 0xA4, 0xFE, 0xFD, 0x33, 0xA4, 0xFE, 0xFD, 0x34, 0xA3, 0xFD, 0xFD,
    0x34, 0xA5, 0xFE, 0xFD, 0x35, 0xA4, 0xFD, 0xFD, 0x35, 0xA4, 0xFD, 0xFD, 0x37, 0xA5, 0xFE, 0xFD,
    0x37, 0xA5, 0xFE, 0xFD, 0x38, 0xA5, 0xFD, 0xFD, 0x38, 0xA5, 0xFD, 0xFD, 0x37, 0xA4, 0xFD, 0xFD,
    0x36, 0xA3, 0xFD, 0xFD, 0x36, 0xA3, 0xFD, 0xFD, 0x37, 0xA3, 0xFD, 0xFD, 0x38, 0xA4, 0xFC, 0xFD,
    0x38, 0xA4, 0xFC, 0xFD, 0x38, 0xA4, 0xFC, 0xFD, 0x38, 0xA5, 0xFC, 0xFD, 0x38, 0xA4, 0xFC, 0xFD,
    0x3A, 0xA5, 0xFC, 0xFD, 0x3A, 0xA5, 0xFC, 0xFD, 0x39, 0xA5, 0xFC, 0xFD, 0x37, 0xA4, 0xFC, 0xFD,
    0x37, 0xA4, 0xFC, 0xFD, 0x32, 0xA1, 0xFC, 0xFD, 0x2C, 0x9B, 0xFC, 0xFC, 0x25, 0x94, 0xFA, 0xFC,
    0x25, 0x94, 0xFA, 0xFC, 0x1D, 0x8B, 0xF7, 0xFC, 0x14, 0x83, 0xF5, 0xFC, 0x1E, 0x85, 0xF3, 0xFB,
    0x1E, 0x85, 0xF3, 0xFB, 0x05, 0x32, 0x86, 0xFB, 0x06, 0x2E, 0x84, 0xFB, 0x06, 0x2E, 0x84, 0xFB,
    0x29, 0x90, 0xF6, 0xFB, 0x1A, 0x87, 0xF5, 0xFA, 0x1E, 0x8D, 0xF7, 0xFA, 0x1E, 0x8D, 0xF7, 0xFA,
    0x1C, 0x8D, 0xFA, 0xF9, 0x17, 0x80, 0xF1, 0xF8, 0x1C, 0x89, 0xF5, 0xF6, 0x1C, 0x89, 0xF5, 0xF6,
    0x27, 0x8A, 0xE9, 0xF2, 0x14, 0x45, 0x8F, 0xE4, 0x14, 0x45, 0x8F, 0xE4, 0x0C, 0x31, 0x68, 0xBF,
    0x3E, 0x90, 0xD8, 0x1E, 0x32, 0x83, 0xD5, 0x04, 0x32, 0x83, 0xD5, 0x04, 0x32, 0x84, 0xD3, 0x02,
    0x35, 0x83, 0xD4, 0x01, 0x00, 0x00, 0x00, 0x00, 0x00, 0x00, 0x00, 0x00, 0x00, 0x00, 0x00, 0x00,
    0x00, 0x00, 0x00, 0x00, 0x00, 0x00, 0x00, 0x00, 0x00, 0x00, 0x00, 0x00, 0x00, 0x00, 0x00, 0x00,
    0x00, 0x00, 0x00, 0x00, 0x00, 0x00, 0x00, 0x00, 0x00, 0x00, 0x00, 0x00, 0x00, 0x00, 0x00, 0x00,
    0x00, 0x00, 0x00, 0x00, 0x00, 0x00, 0x00, 0x00, 0x00, 0x00, 0x00, 0x00, 0x00, 0x00, 0x00, 0x00,
    0x00, 0x00, 0x00, 0x00, 0x00, 0x00, 0x00, 0x00, 0x00, 0x00, 0x00, 0x00, 0x00, 0x00, 0x00, 0x00,
    0x00, 0x00, 0x00, 0x00, 0x00, 0x00, 0x00, 0x00, 0x00, 0x00, 0x00, 0x00, 0x00, 0x00, 0x00, 0x00,
    0x00, 0x00, 0x00, 0x00, 0x00, 0x00, 0x00, 0x00, 0x00, 0x00, 0x00, 0x00, 0x00, 0x00, 0x00, 0x00,
    0x00, 0x00, 0x00, 0x00, 0x00, 0x00, 0x00, 0x00, 0x00, 0x00, 0x00, 0x00, 0x00, 0x00, 0x00, 0x00,
    0x00, 0x00, 0x00, 0x00, 0x00, 0x00, 0x00, 0x00, 0x42, 0x88, 0xD2, 0x01, 0x42, 0x88, 0xD2, 0x01,
    0x42, 0x88, 0xD1, 0x01, 0x40, 0x89, 0xD2, 0x02, 0x40, 0x89, 0xD2, 0x02, 0x40, 0x87, 0xD1, 0x03,
    0x40, 0x8A, 0xD2, 0x0F, 0x3D, 0x7A, 0xBA, 0x28, 0x3D, 0x7A, 0xBA, 0x28, 0x1F, 0x4C, 0x7E, 0x61,
    0x0F, 0x37, 0x67, 0xCD, 0x0F, 0x37, 0x67, 0xCD, 0x0D, 0x38, 0x63, 0xDE, 0x00, 0x0E, 0x2D, 0xF3,
    0x01, 0x1A, 0x4B, 0xF7, 0x01, 0x1A, 0x4B, 0xF7, 0x2C, 0x87, 0xDA, 0xF8, 0x28, 0x9A, 0xF8, 0xFB,
    0x1F, 0x92, 0xF7, 0xFA, 0x1F, 0x92, 0xF7, 0xFA, 0x1F, 0x90, 0xF7, 0xFB, 0x22, 0x94, 0xF9, 0xFB,
    0x22, 0x94, 0xF9, 0xFB, 0x1F, 0x8F, 0xF7, 0xFB, 0x17, 0x85, 0xEF, 0xFC, 0x1D, 0x8C, 0xF4, 0xFC,
    0x1D, 0x8C, 0xF4, 0xFC, 0x2A, 0x9B, 0xFC, 0xFC, 0x2C, 0x98, 0xFB, 0xFC, 0x29, 0x98, 0xFC, 0xFC,
    0x29, 0x98, 0xFC, 0xFC, 0x1E, 0x8B, 0xF4, 0xFD, 0x1D, 0x8B, 0xF3, 0xFD, 0x1D, 0x8B, 0xF3, 0xFD,
    0x20, 0x8D, 0xF7, 0xFD, 0x21, 0x91, 0xFA, 0xFD, 0x20, 0x90, 0xF8, 0xFD, 0x20, 0x90, 0xF8, 0xFD,
    0x23, 0x94, 0xFA, 0xFD, 0x2B, 0x9C, 0xFD, 0xFD, 0x33, 0xA3, 0xFE, 0xFD, 0x33, 0xA3, 0xFE, 0xFD,
    0x36, 0xA5, 0xFE, 0xFD, 0x36, 0xA7, 0xFE, 0xFD, 0x36, 0xA7, 0xFE, 0xFD, 0x35, 0xA2, 0xFD, 0xFD,
    0x36, 0xA5, 0xFD, 0xFD, 0x36, 0xA5, 0xFE, 0xFD, 0x36, 0xA5, 0xFE, 0xFD, 0x37, 0xA6, 0xFE, 0xFD,
    0x37, 0xA5, 0xFD, 0xFD, 0x36, 0xA4, 0xFD, 0xFD, 0x36, 0xA4, 0xFD, 0xFD, 0x36, 0xA3, 0xFD, 0xFD,
    0x36, 0xA4, 0xFD, 0xFD, 0x36, 0xA4, 0xFD, 0xFD, 0x36, 0xA3, 0xFC, 0xFD, 0x37, 0xA4, 0xFC, 0xFD,
    0x37, 0xA5, 0xFC, 0xFD, 0x37, 0xA5, 0xFC, 0xFD, 0x38, 0xA5, 0xFC, 0xFD, 0x39, 0xA5, 0xFC, 0xFD,
    0x3A, 0xA5, 0xFC, 0xFD, 0x3A, 0xA5, 0xFC, 0xFD, 0x39, 0xA4, 0xFD, 0xFD, 0x39, 0xA6, 0xFD, 0xFD,
    0x39, 0xA6, 0xFD, 0xFD, 0x36, 0xA3, 0xFD, 0xFD, 0x33, 0xA1, 0xFD, 0xFD, 0x2B, 0x98, 0xFB, 0xFC,
    0x2B, 0x98, 0xFB, 0xFC, 0x25, 0x92, 0xFA, 0xFC, 0x17, 0x84, 0xF5, 0xFC, 0x13, 0x7C, 0xF0, 0xFC,
    0x13, 0x7C, 0xF0, 0xFC, 0x0C, 0x53, 0xBA, 0xFC, 0x02, 0x1F, 0x7B, 0xFB, 0x02, 0x1F, 0x7B, 0xFB,
    0x2D, 0x8F, 0xF3, 0xFC, 0x24, 0x97, 0xFA, 0xFA, 0x16, 0x81, 0xF5, 0xFB, 0x16, 0x81, 0xF5, 0xFB,
    0x1C, 0x8D, 0xF8, 0xFA, 0x1C, 0x8A, 0xF5, 0xFB, 0x1B, 0x8B, 0xF8, 0xF9, 0x1B, 0x8B, 0xF8, 0xF9,
    0x15, 0x7B, 0xEB, 0xF8, 0x24, 0x89, 0xE2, 0xF4, 0x24, 0x89, 0xE2, 0xF4, 0x11, 0x4C, 0x91, 0xEC,
    0x0F, 0x36, 0x78, 0xAB, 0x38, 0x88, 0xD8, 0x12, 0x38, 0x88, 0xD8, 0x12, 0x31, 0x85, 0xD7, 0x06,
    0x31, 0x83, 0xD4, 0x04, 0x32, 0x81, 0xD3, 0x01, 0x32, 0x81, 0xD3, 0x01, 0x32, 0x81, 0xD2, 0x01,
    0x00, 0x00, 0x00, 0x00, 0x00, 0x00, 0x00, 0x00, 0x00, 0x00, 0x00, 0x00, 0x00, 0x00, 0x00, 0x00,
    0x00, 0x00, 0x00, 0x00, 0x00, 0x00, 0x00, 0x00, 0x00, 0x00, 0x00, 0x00, 0x00, 0x00, 0x00, 0x00,
    0x00, 0x00, 0x00, 0x00, 0x00, 0x00, 0x00, 0x00, 0x00, 0x00, 0x00, 0x00, 0x00, 0x00, 0x00, 0x00,
    0x00, 0x00, 0x00, 0x00, 0x00, 0x00, 0x00, 0x00, 0x00, 0x00, 0x00, 0x00, 0x00, 0x00, 0x00, 0x00,
    0x00, 0x00, 0x00, 0x00, 0x00, 0x00, 0x00, 0x00, 0x00, 0x00, 0x00, 0x00, 0x00, 0x00, 0x00, 0x00,
    0x00, 0x00, 0x00, 0x00, 0x00, 0x00, 0x00, 0x00, 0x00, 0x00, 0x00, 0x00, 0x00, 0x00, 0x00, 0x00,
    0x00, 0x00, 0x00, 0x00, 0x00, 0x00, 0x00, 0x00, 0x00, 0x00, 0x00, 0x00, 0x00, 0x00, 0x00, 0x00,
    0x00, 0x00, 0x00, 0x00, 0x00, 0x00, 0x00, 0x00, 0x42, 0x88, 0xD2, 0x01, 0x42, 0x88, 0xD2, 0x01,
    0x42, 0x88, 0xD1, 0x01, 0x40, 0x89, 0xD2, 0x02, 0x40, 0x89, 0xD2, 0x02, 0x40, 0x87, 0xD1, 0x03,
    0x40, 0x8A, 0xD2, 0x0F, 0x3D, 0x7A, 0xBA, 0x28, 0x3D, 0x7A, 0xBA, 0x28, 0x1F, 0x4C, 0x7E, 0x61,
    0x0F, 0x37, 0x67, 0xCD, 0x0F, 0x37, 0x67, 0xCD, 0x0D, 0x38, 0x63, 0xDE, 0x00, 0x0E, 0x2D, 0xF3,
    0x01, 0x1A, 0x4B, 0xF7, 0x01, 0x1A, 0x4B, 0xF7, 0x2C, 0x87, 0xDA, 0xF8, 0x28, 0x9A, 0xF8, 0xFB,
    0x1F, 0x92, 0xF7, 0xFA, 0x1F, 0x92, 0xF7, 0xFA, 0x1F, 0x90, 0xF7, 0xFB, 0x22, 0x94, 0xF9, 0xFB,
    0x22, 0x94, 0xF9, 0xFB, 0x1F, 0x8F, 0xF7, 0xFB, 0x17, 0x85, 0xEF, 0xFC, 0x1D, 0x8C, 0xF4, 0xFC,
    0x1D, 0x8C, 0xF4, 0xFC, 0x2A, 0x9B, 0xFC, 0xFC, 0x2C, 0x98, 0xFB, 0xFC, 0x29, 0x98, 0xFC, 0xFC,
    0x29, 0x98, 0xFC, 0xFC, 0x1E, 0x8B, 0xF4, 0xFD, 0x1D, 0x8B, 0xF3, 0xFD, 0x1D, 0x8B, 0xF3, 0xFD,
    0x20, 0x8D, 0xF7, 0xFD, 0x21, 0x91, 0xFA, 0xFD, 0x20, 0x90, 0xF8, 0xFD, 0x20, 0x90, 0xF8, 0xFD,
    0x23, 0x94, 0xFA, 0xFD, 0x2B, 0x9C, 0xFD, 0xFD, 0x33, 0xA3, 0xFE, 0xFD, 0x33, 0xA3, 0xFE, 0xFD,
    0x36, 0xA5, 0xFE, 0xFD, 0x36, 0xA7, 0xFE, 0xFD, 0x36, 0xA7, 0xFE, 0xFD, 0x35, 0xA2, 0xFD, 0xFD,
    0x36, 0xA5, 0xFD, 0xFD, 0x36, 0xA5, 0xFE, 0xFD, 0x36, 0xA5, 0xFE, 0xFD, 0x37, 0xA6, 0xFE, 0xFD,
    0x37, 0xA5, 0xFD, 0xFD, 0x36, 0xA4, 0xFD, 0xFD, 0x36, 0xA4, 0xFD, 0xFD, 0x36, 0xA3, 0xFD, 0xFD,
    0x36, 0xA4, 0xFD, 0xFD, 0x36, 0xA4, 0xFD, 0xFD, 0x36, 0xA3, 0xFC, 0xFD, 0x37, 0xA4, 0xFC, 0xFD,
    0x37, 0xA5, 0xFC, 0xFD, 0x37, 0xA5, 0xFC, 0xFD, 0x38, 0xA5, 0xFC, 0xFD, 0x39, 0xA5, 0xFC, 0xFD,
    0x3A, 0xA5, 0xFC, 0xFD, 0x3A, 0xA5, 0xFC, 0xFD, 0x39, 0xA4, 0xFD, 0xFD, 0x39, 0xA6, 0xFD, 0xFD,
    0x39, 0xA6, 0xFD, 0xFD, 0x36, 0xA3, 0xFD, 0xFD, 0x33, 0xA1, 0xFD, 0xFD, 0x2B, 0x98, 0xFB, 0xFC,
    0x2B, 0x98, 0xFB, 0xFC, 0x25, 0x92, 0xFA, 0xFC, 0x17, 0x84, 0xF5, 0xFC, 0x13, 0x7C, 0xF0, 0xFC,
    0x13, 0x7C, 0xF0, 0xFC, 0x0C, 0x53, 0xBA, 0xFC, 0x02, 0x1F, 0x7B, 0xFB, 0x02, 0x1F, 0x7B, 0xFB,
    0x2D, 0x8F, 0xF3, 0xFC, 0x24, 0x97, 0xFA, 0xFA, 0x16, 0x81, 0xF5, 0xFB, 0x16, 0x81, 0xF5, 0xFB,
    0x1C, 0x8D, 0xF8, 0xFA, 0x1C, 0x8A, 0xF5, 0xFB, 0x1B, 0x8B, 0xF8, 0xF9, 0x1B, 0x8B, 0xF8, 0xF9,
    0x15, 0x7B, 0xEB, 0xF8, 0x24, 0x89, 0xE2, 0xF4, 0x24, 0x89, 0xE2, 0xF4, 0x11, 0x4C, 0x91, 0xEC,
    0x0F, 0x36, 0x78, 0xAB, 0x38, 0x88, 0xD8, 0x12, 0x38, 0x88, 0xD8, 0x12, 0x31, 0x85, 0xD7, 0x06,
    0x31, 0x83, 0xD4, 0x04, 0x32, 0x81, 0xD3, 0x01, 0x32, 0x81, 0xD3, 0x01, 0x32, 0x81, 0xD2, 0x01,
    0x00, 0x00, 0x00, 0x00, 0x00, 0x00, 0x00, 0x00, 0x00, 0x00, 0x00, 0x00, 0x00, 0x00, 0x00, 0x00,
    0x00, 0x00, 0x00, 0x00, 0x00, 0x00, 0x00, 0x00, 0x00, 0x00, 0x00, 0x00, 0x00, 0x00, 0x00, 0x00,
    0x00, 0x00, 0x00, 0x00, 0x00, 0x00, 0x00, 0x00, 0x00, 0x00, 0x00, 0x00, 0x00, 0x00, 0x00, 0x00,
    0x00, 0x00, 0x00, 0x00, 0x00, 0x00, 0x00, 0x00, 0x00, 0x00, 0x00, 0x00, 0x00, 0x00, 0x00, 0x00,
    0x00, 0x00, 0x00, 0x00, 0x00, 0x00, 0x00, 0x00, 0x00, 0x00, 0x00, 0x00, 0x00, 0x00, 0x00, 0x00,
    0x00, 0x00, 0x00, 0x00, 0x00, 0x00, 0x00, 0x00, 0x00, 0x00, 0x00, 0x00, 0x00, 0x00, 0x00, 0x00,
    0x00, 0x00, 0x00, 0x00, 0x00, 0x00, 0x00, 0x00, 0x00, 0x00, 0x00, 0x00, 0x00, 0x00, 0x00, 0x00,
    0x00, 0x00, 0x00, 0x00, 0x00, 0x00, 0x00, 0x00, 0x40, 0x87, 0xD1, 0x02, 0x40, 0x87, 0xD1, 0x02,
    0x3F, 0x89, 0xD3, 0x01, 0x41, 0x8D, 0xD6, 0x12, 0x41, 0x8D, 0xD6, 0x12, 0x40, 0x8A, 0xC8, 0x46,
    0x40, 0x8B, 0xB9, 0x5B, 0x09, 0x34, 0x59, 0xD2, 0x09, 0x34, 0x59, 0xD2, 0x01, 0x0B, 0x27, 0xEB,
    0x0D, 0x36, 0x65, 0xF6, 0x0D, 0x36, 0x65, 0xF6, 0x15, 0x51, 0x8B, 0xF8, 0x1A, 0x62, 0xA4, 0xF6,
    0x2B, 0x87, 0xD5, 0xF9, 0x2B, 0x87, 0xD5, 0xF9, 0x31, 0xA0, 0xF8, 0xFA, 0x22, 0x95, 0xF7, 0xFA,
    0x1F, 0x95, 0xF9, 0xFB, 0x1F, 0x95, 0xF9, 0xFB, 0x1F, 0x95, 0xFA, 0xFB, 0x1F, 0x93, 0xF9, 0xFB,
    0x1F, 0x93, 0xF9, 0xFB, 0x1F, 0x91, 0xF8, 0xFC, 0x1D, 0x8E, 0xF5, 0xFC, 0x20, 0x91, 0xF7, 0xFC,
    0x20, 0x91, 0xF7, 0xFC, 0x27, 0x99, 0xFC, 0xFC, 0x2D, 0x9C, 0xFC, 0xFC, 0x2D, 0x9E, 0xFD, 0xFD,
    0x2D, 0x9E, 0xFD, 0xFD, 0x21, 0x92, 0xF9, 0xFD, 0x1D, 0x8E, 0xF5, 0xFD, 0x1D, 0x8E, 0xF5, 0xFD,
    0x20, 0x90, 0xF7, 0xFD, 0x23, 0x93, 0xFA, 0xFD, 0x22, 0x90, 0xF9, 0xFD, 0x22, 0x90, 0xF9, 0xFD,
    0x22, 0x93, 0xF9, 0xFD, 0x26, 0x96, 0xF9, 0xFD, 0x35, 0xA3, 0xFE, 0xFD, 0x35, 0xA3, 0xFE, 0xFD,
    0x3B, 0xAB, 0xFE, 0xFD, 0x3A, 0xAA, 0xFE, 0xFD, 0x3A, 0xAA, 0xFE, 0xFD, 0x39, 0xA7, 0xFD, 0xFD,
    0x37, 0xA7, 0xFD, 0xFD, 0x37, 0xA7, 0xFE, 0xFD, 0x37, 0xA7, 0xFE, 0xFD, 0x37, 0xA6, 0xFD, 0xFD,
    0x37, 0xA6, 0xFD, 0xFD, 0x37, 0xA7, 0xFD, 0xFD, 0x37, 0xA7, 0xFD, 0xFD, 0x35, 0xA5, 0xFD, 0xFD,
    0x36, 0xA6, 0xFD, 0xFD, 0x36, 0xA6, 0xFD, 0xFD, 0x36, 0xA5, 0xFD, 0xFD, 0x36, 0xA5, 0xFD, 0xFD,
    0x37, 0xA5, 0xFD, 0xFD, 0x37, 0xA5, 0xFD, 0xFD, 0x38, 0xA5, 0xFD, 0xFD, 0x39, 0xA6, 0xFD, 0xFD,
    0x39, 0xA6, 0xFD, 0xFD, 0x39, 0xA6, 0xFD, 0xFD, 0x39, 0xA5, 0xFD, 0xFD, 0x39, 0xA6, 0xFD, 0xFD,
    0x39, 0xA6, 0xFD, 0xFD, 0x37, 0xA6, 0xFD, 0xFD, 0x34, 0xA3, 0xFD, 0xFD, 0x2F, 0x9C, 0xFC, 0xFC,
    0x2F, 0x9C, 0xFC, 0xFC, 0x28, 0x96, 0xFC, 0xFC, 0x17, 0x83, 0xF5, 0xFC, 0x0E, 0x7B, 0xEF, 0xFC,
    0x0E, 0x7B, 0xEF, 0xFC, 0x13, 0x78, 0xEA, 0xFC, 0x09, 0x43, 0xA4, 0xFB, 0x09, 0x43, 0xA4, 0xFB,
    0x09, 0x42, 0xA4, 0xFB, 0x21, 0x84, 0xF2, 0xFB, 0x1D, 0x8C, 0xFA, 0xFB, 0x1D, 0x8C, 0xFA, 0xFB,
    0x1A, 0x8B, 0xF7, 0xFA, 0x1F, 0x90, 0xF9, 0xFA, 0x22, 0x93, 0xFB, 0xFA, 0x22, 0x93, 0xFB, 0xFA,
    0x1C, 0x85, 0xF3, 0xF9, 0x18, 0x82, 0xEC, 0xF5, 0x18, 0x82, 0xEC, 0xF5, 0x1A, 0x6D, 0xCD, 0xF1,
    0x08, 0x2C, 0x73, 0xE6, 0x1B, 0x59, 0x98, 0x7D, 0x1B, 0x59, 0x98, 0x7D, 0x3C, 0x90, 0xDE, 0x09,
    0x2C, 0x7F, 0xD6, 0x01, 0x30, 0x82, 0xD4, 0x03, 0x30, 0x82, 0xD4, 0x03, 0x32, 0x81, 0xD2, 0x01,
    0x00, 0x00, 0x00, 0x00, 0x00, 0x00, 0x00, 0x00, 0x00, 0x00, 0x00, 0x00, 0x00, 0x00, 0x00, 0x00,
    0x00, 0x00, 0x00, 0x00, 0x00, 0x00, 0x00, 0x00, 0x00, 0x00, 0x00, 0x00, 0x00, 0x00, 0x00, 0x00,
    0x00, 0x00, 0x00, 0x00, 0x00, 0x00, 0x00, 0x00, 0x00, 0x00, 0x00, 0x00, 0x00, 0x00, 0x00, 0x00,
    0x00, 0x00, 0x00, 0x00, 0x00, 0x00, 0x00, 0x00, 0x00, 0x00, 0x00, 0x00, 0x00, 0x00, 0x00, 0x00,
    0x00, 0x00, 0x00, 0x00, 0x00, 0x00, 0x00, 0x00, 0x00, 0x00, 0x00, 0x00, 0x00, 0x00, 0x00, 0x00,
    0x00, 0x00, 0x00, 0x00, 0x00, 0x00, 0x00, 0x00, 0x00, 0x00, 0x00, 0x00, 0x00, 0x00, 0x00, 0x00,
    0x00, 0x00, 0x00, 0x00, 0x00, 0x00, 0x00, 0x00, 0x00, 0x00, 0x00, 0x00, 0x00, 0x00, 0x00, 0x00,
    0x00, 0x00, 0x00, 0x00, 0x42, 0x87, 0xD1, 0x01, 0x3E, 0x87, 0xD1, 0x03, 0x3E, 0x87, 0xD1, 0x03,
    0x40, 0x8F, 0xD3, 0x01, 0x25, 0x5E, 0x88, 0x61, 0x25, 0x5E, 0x88, 0x61, 0x0A, 0x27, 0x39, 0xE3,
    0x0A, 0x31, 0x49, 0xEA, 0x3B, 0x7F, 0xA5, 0xF8, 0x3B, 0x7F, 0xA5, 0xF8, 0x4B, 0x8F, 0xCD, 0xF4,
    0x56, 0xB3, 0xF6, 0xF4, 0x56, 0xB3, 0xF6, 0xF4, 0x35, 0x8D, 0xED, 0xF8, 0x22, 0x84, 0xE9, 0xF9,
    0x2E, 0xA1, 0xFA, 0xFB, 0x2E, 0xA1, 0xFA, 0xFB, 0x25, 0x9A, 0xFA, 0xFB, 0x22, 0x98, 0xF9, 0xFB,
    0x24, 0x9B, 0xFB, 0xFB, 0x24, 0x9B, 0xFB, 0xFB, 0x20, 0x94, 0xF9, 0xFB, 0x1F, 0x91, 0xF8, 0xFB,
    0x1F, 0x91, 0xF8, 0xFB, 0x23, 0x92, 0xF8, 0xFC, 0x23, 0x94, 0xF8, 0xFC, 0x21, 0x91, 0xF6, 0xFC,
    0x21, 0x91, 0xF6, 0xFC, 0x25, 0x95, 0xF9, 0xFC, 0x2C, 0x9D, 0xFC, 0xFD, 0x2C, 0x9B, 0xFC, 0xFD,
    0x2C, 0x9B, 0xFC, 0xFD, 0x26, 0x97, 0xFB, 0xFD, 0x1C, 0x8D, 0xF3, 0xFD, 0x1C, 0x8D, 0xF3, 0xFD,
    0x1F, 0x90, 0xF6, 0xFD, 0x2A, 0x9A, 0xFC, 0xFD, 0x30, 0x9D, 0xFD, 0xFD, 0x30, 0x9D, 0xFD, 0xFD,
    0x2E, 0x9E, 0xFD, 0xFD, 0x2C, 0x9B, 0xFB, 0xFD, 0x36, 0xA6, 0xFE, 0xFD, 0x36, 0xA6, 0xFE, 0xFD,
    0x3B, 0xA9, 0xFE, 0xFD, 0x3D, 0xAA, 0xFE, 0xFD, 0x3D, 0xAA, 0xFE, 0xFD, 0x3D, 0xA9, 0xFE, 0xFD,
    0x3B, 0xA9, 0xFD, 0xFD, 0x3A, 0xA5, 0xFC, 0xFD, 0x3A, 0xA5, 0xFC, 0xFD, 0x3F, 0xA7, 0xFC, 0xFD,
    0x3E, 0xA6, 0xFC, 0xFD, 0x3A, 0xA7, 0xFD, 0xFD, 0x3A, 0xA7, 0xFD, 0xFD, 0x38, 0xA6, 0xFD, 0xFD,
    0x37, 0xA6, 0xFE, 0xFD, 0x37, 0xA6, 0xFE, 0xFD, 0x37, 0xA6, 0xFD, 0xFD, 0x38, 0xA5, 0xFD, 0xFD,
    0x38, 0xA5, 0xFD, 0xFD, 0x38, 0xA5, 0xFD, 0xFD, 0x38, 0xA6, 0xFE, 0xFD, 0x39, 0xA5, 0xFD, 0xFD,
    0x39, 0xA6, 0xFD, 0xFD, 0x39, 0xA6, 0xFD, 0xFD, 0x39, 0xA5, 0xFD, 0xFD, 0x38, 0xA5, 0xFD, 0xFD,
    0x38, 0xA5, 0xFD, 0xFD, 0x36, 0xA5, 0xFC, 0xFD, 0x33, 0xA3, 0xFC, 0xFD, 0x30, 0x9F, 0xFC, 0xFD,
    0x30, 0x9F, 0xFC, 0xFD, 0x24, 0x8F, 0xF8, 0xFC, 0x1B, 0x87, 0xF6, 0xFC, 0x0E, 0x7A, 0xED, 0xFC,
    0x0E, 0x7A, 0xED, 0xFC, 0x10, 0x7D, 0xF3, 0xFC, 0x17, 0x68, 0xD6, 0xFC, 0x17, 0x68, 0xD6, 0xFC,
    0x00, 0x13, 0x68, 0xFC, 0x0F, 0x5C, 0xC5, 0xFB, 0x20, 0x93, 0xFB, 0xFB, 0x20, 0x93, 0xFB, 0xFB,
    0x18, 0x89, 0xF5, 0xFC, 0x1E, 0x8B, 0xF5, 0xFB, 0x21, 0x8D, 0xF8, 0xFB, 0x21, 0x8D, 0xF8, 0xFB,
    0x24, 0x94, 0xFA, 0xFB, 0x1F, 0x8C, 0xF7, 0xFA, 0x1F, 0x8C, 0xF7, 0xFA, 0x15, 0x7C, 0xE5, 0xF6,
    0x1D, 0x74, 0xC9, 0xF1, 0x08, 0x34, 0x73, 0xEC, 0x08, 0x34, 0x73, 0xEC, 0x0F, 0x30, 0x6D, 0x85,
    0x32, 0x7F, 0xD0, 0x0A, 0x2D, 0x81, 0xD4, 0x03, 0x2D, 0x81, 0xD4, 0x03, 0x2D, 0x7F, 0xCF, 0x02,
    0x00, 0x00, 0x00, 0x00, 0x00, 0x00, 0x00, 0x00, 0x00, 0x00, 0x00, 0x00, 0x00, 0x00, 0x00, 0x00,
    0x00, 0x00, 0x00, 0x00, 0x00, 0x00, 0x00, 0x00, 0x00, 0x00, 0x00, 0x00, 0x00, 0x00, 0x00, 0x00,
    0x00, 0x00, 0x00, 0x00, 0x00, 0x00, 0x00, 0x00, 0x00, 0x00, 0x00, 0x00, 0x00, 0x00, 0x00, 0x00,
    0x00, 0x00, 0x00, 0x00, 0x00, 0x00, 0x00, 0x00, 0x00, 0x00, 0x00, 0x00, 0x00, 0x00, 0x00, 0x00,
    0x00, 0x00, 0x00, 0x00, 0x00, 0x00, 0x00, 0x00, 0x00, 0x00, 0x00, 0x00, 0x00, 0x00, 0x00, 0x00,
    0x00, 0x00, 0x00, 0x00, 0x00, 0x00, 0x00, 0x00, 0x00, 0x00, 0x00, 0x00, 0x00, 0x00, 0x00, 0x00,
    0x00, 0x00, 0x00, 0x00, 0x00, 0x00, 0x00, 0x00, 0x00, 0x00, 0x00, 0x00, 0x00, 0x00, 0x00, 0x00,
    0x3F, 0x87, 0xD0, 0x01, 0x3F, 0x87, 0xCF, 0x01, 0x41, 0x8F, 0xCF, 0x0B, 0x41, 0x8F, 0xCF, 0x0B,
    0x40, 0x8B, 0xB0, 0x67, 0x11, 0x3D, 0x4B, 0xBE, 0x11, 0x3D, 0x4B, 0xBE, 0x05, 0x1D, 0x2A, 0xF5,
    0x40, 0x7A, 0xAD, 0xF6, 0x73, 0xCD, 0xFA, 0xF7, 0x73, 0xCD, 0xFA, 0xF7, 0x57, 0xAE, 0xF9, 0xFA,
    0x42, 0x98, 0xF6, 0xFA, 0x42, 0x98, 0xF6, 0xFA, 0x14, 0x5B, 0xCA, 0xFB, 0x07, 0x56, 0xC7, 0xFA,
    0x2D, 0x9C, 0xFA, 0xFA, 0x2D, 0x9C, 0xFA, 0xFA, 0x29, 0x9F, 0xFC, 0xFB, 0x28, 0x9E, 0xFC, 0xFB,
    0x28, 0x9F, 0xFD, 0xFB, 0x28, 0x9F, 0xFD, 0xFB, 0x25, 0x9A, 0xFC, 0xFB, 0x26, 0x99, 0xFB, 0xFC,
    0x26, 0x99, 0xFB, 0xFC, 0x2D, 0x9C, 0xFC, 0xFC, 0x2C, 0x9C, 0xFB, 0xFC, 0x22, 0x94, 0xF7, 0xFC,
    0x22, 0x94, 0xF7, 0xFC, 0x24, 0x98, 0xFA, 0xFD, 0x2A, 0x9D, 0xFC, 0xFD, 0x2D, 0x9D, 0xFC, 0xFD,
    0x2D, 0x9D, 0xFC, 0xFD, 0x2C, 0x9D, 0xFD, 0xFD, 0x20, 0x92, 0xF7, 0xFD, 0x20, 0x92, 0xF7, 0xFD,
    0x21, 0x93, 0xF8, 0xFD, 0x31, 0xA1, 0xFE, 0xFD, 0x3B, 0xAA, 0xFE, 0xFD, 0x3B, 0xAA, 0xFE, 0xFD,
    0x39, 0xA8, 0xFE, 0xFD, 0x37, 0xA6, 0xFE, 0xFD, 0x38, 0xA9, 0xFE, 0xFD, 0x38, 0xA9, 0xFE, 0xFD,
    0x3A, 0xA8, 0xFE, 0xFD, 0x3D, 0xAB, 0xFE, 0xFD, 0x3D, 0xAB, 0xFE, 0xFD, 0x3E, 0xA9, 0xFE, 0xFD,
    0x3F, 0xAA, 0xFE, 0xFD, 0x47, 0xAC, 0xFC, 0xFD, 0x47, 0xAC, 0xFC, 0xFD, 0x5B, 0xB8, 0xFD, 0xFD,
    0x56, 0xB4, 0xFD, 0xFD, 0x41, 0xA9, 0xFC, 0xFD, 0x41, 0xA9, 0xFC, 0xFD, 0x3A, 0xA7, 0xFD, 0xFD,
    0x39, 0xA8, 0xFE, 0xFD, 0x39, 0xA8, 0xFE, 0xFD, 0x38, 0xA6, 0xFE, 0xFD, 0x38, 0xA6, 0xFD, 0xFD,
    0x38, 0xA6, 0xFE, 0xFD, 0x38, 0xA6, 0xFE, 0xFD, 0x38, 0xA6, 0xFE, 0xFD, 0x38, 0xA6, 0xFD, 0xFD,
    0x38, 0xA6, 0xFD, 0xFD, 0x38, 0xA6, 0xFD, 0xFD, 0x38, 0xA5, 0xFD, 0xFD, 0x37, 0xA5, 0xFC, 0xFD,
    0x37, 0xA5, 0xFC, 0xFD, 0x36, 0xA4, 0xFC, 0xFD, 0x35, 0xA3, 0xFC, 0xFD, 0x2F, 0x9E, 0xFB, 0xFD,
    0x2F, 0x9E, 0xFB, 0xFD, 0x29, 0x96, 0xFA, 0xFC, 0x1D, 0x89, 0xF5, 0xFC, 0x12, 0x7E, 0xEF, 0xFC,
    0x12, 0x7E, 0xEF, 0xFC, 0x12, 0x84, 0xF5, 0xFC, 0x1D, 0x7D, 0xED, 0xFC, 0x1D, 0x7D, 0xED, 0xFC,
    0x01, 0x1F, 0x71, 0xFC, 0x0D, 0x4F, 0xAD, 0xFB, 0x2C, 0xA1, 0xFB, 0xFC, 0x2C, 0xA1, 0xFB, 0xFC,
    0x1B, 0x8E, 0xF6, 0xFB, 0x1F, 0x8C, 0xF6, 0xFB, 0x22, 0x8E, 0xF8, 0xFB, 0x22, 0x8E, 0xF8, 0xFB,
    0x23, 0x94, 0xF9, 0xFB, 0x23, 0x96, 0xFB, 0xFA, 0x23, 0x96, 0xFB, 0xFA, 0x19, 0x8B, 0xF3, 0xFA,
    0x1A, 0x8D, 0xED, 0xF6, 0x1B, 0x63, 0xB8, 0xDF, 0x1B, 0x63, 0xB8, 0xDF, 0x01, 0x0E, 0x3C, 0xC3,
    0x24, 0x66, 0xB1, 0x2F, 0x2A, 0x82, 0xD5, 0x08, 0x2A, 0x82, 0xD5, 0x08, 0x28, 0x7E, 0xCF, 0x02,
    0x00, 0x00, 0x00, 0x00, 0x00, 0x00, 0x00, 0x00, 0x00, 0x00, 0x00, 0x00, 0x00, 0x00, 0x00, 0x00,
    0x00, 0x00, 0x00, 0x00, 0x00, 0x00, 0x00, 0x00, 0x00, 0x00, 0x00, 0x00, 0x00, 0x00, 0x00, 0x00,
    0x00, 0x00, 0x00, 0x00, 0x00, 0x00, 0x00, 0x00, 0x00, 0x00, 0x00, 0x00, 0x00, 0x00, 0x00, 0x00,
    0x00, 0x00, 0x00, 0x00, 0x00, 0x00, 0x00, 0x00, 0x00, 0x00, 0x00, 0x00, 0x00, 0x00, 0x00, 0x00,
    0x00, 0x00, 0x00, 0x00, 0x00, 0x00, 0x00, 0x00, 0x00, 0x00, 0x00, 0x00, 0x00, 0x00, 0x00, 0x00,
    0x00, 0x00, 0x00, 0x00, 0x00, 0x00, 0x00, 0x00, 0x00, 0x00, 0x00, 0x00, 0x00, 0x00, 0x00, 0x00,
    0x00, 0x00, 0x00, 0x00, 0x00, 0x00, 0x00, 0x00, 0x00, 0x00, 0x00, 0x00, 0x00, 0x00, 0x00, 0x00,
    0x3F, 0x87, 0xD0, 0x01, 0x3F, 0x87, 0xCF, 0x01, 0x41, 0x8F, 0xCF, 0x0B, 0x41, 0x8F, 0xCF, 0x0B,
    0x40, 0x8B, 0xB0, 0x67, 0x11, 0x3D, 0x4B, 0xBE, 0x11, 0x3D, 0x4B, 0xBE, 0x05, 0x1D, 0x2A, 0xF5,
    0x40, 0x7A, 0xAD, 0xF6, 0x73, 0xCD, 0xFA, 0xF7, 0x73, 0xCD, 0xFA, 0xF7, 0x57, 0xAE, 0xF9, 0xFA,
    0x42, 0x98, 0xF6, 0xFA, 0x42, 0x98, 0xF6, 0xFA, 0x14, 0x5B, 0xCA, 0xFB, 0x07, 0x56, 0xC7, 0xFA,
    0x2D, 0x9C, 0xFA, 0xFA, 0x2D, 0x9C, 0xFA, 0xFA, 0x29, 0x9F, 0xFC, 0xFB, 0x28, 0x9E, 0xFC, 0xFB,
    0x28, 0x9F, 0xFD, 0xFB, 0x28, 0x9F, 0xFD, 0xFB, 0x25, 0x9A, 0xFC, 0xFB, 0x26, 0x99, 0xFB, 0xFC,
    0x26, 0x99, 0xFB, 0xFC, 0x2D, 0x9C, 0xFC, 0xFC, 0x2C, 0x9C, 0xFB, 0xFC, 0x22, 0x94, 0xF7, 0xFC,
    0x22, 0x94, 0xF7, 0xFC, 0x24, 0x98, 0xFA, 0xFD, 0x2A, 0x9D, 0xFC, 0xFD, 0x2D, 0x9D, 0xFC, 0xFD,
    0x2D, 0x9D, 0xFC, 0xFD, 0x2C, 0x9D, 0xFD, 0xFD, 0x20, 0x92, 0xF7, 0xFD, 0x20, 0x92, 0xF7, 0xFD,
    0x21, 0x93, 0xF8, 0xFD, 0x31, 0xA1, 0xFE, 0xFD, 0x3B, 0xAA, 0xFE, 0xFD, 0x3B, 0xAA, 0xFE, 0xFD,
    0x39, 0xA8, 0xFE, 0xFD, 0x37, 0xA6, 0xFE, 0xFD, 0x38, 0xA9, 0xFE, 0xFD, 0x38, 0xA9, 0xFE, 0xFD,
    0x3A, 0xA8, 0xFE, 0xFD, 0x3D, 0xAB, 0xFE, 0xFD, 0x3D, 0xAB, 0xFE, 0xFD, 0x3E, 0xA9, 0xFE, 0xFD,
    0x3F, 0xAA, 0xFE, 0xFD, 0x47, 0xAC, 0xFC, 0xFD, 0x47, 0xAC, 0xFC, 0xFD, 0x5B, 0xB8, 0xFD, 0xFD,
    0x56, 0xB4, 0xFD, 0xFD, 0x41, 0xA9, 0xFC, 0xFD, 0x41, 0xA9, 0xFC, 0xFD, 0x3A, 0xA7, 0xFD, 0xFD,
    0x39, 0xA8, 0xFE, 0xFD, 0x39, 0xA8, 0xFE, 0xFD, 0x38, 0xA6, 0xFE, 0xFD, 0x38, 0xA6, 0xFD, 0xFD,
    0x38, 0xA6, 0xFE, 0xFD, 0x38, 0xA6, 0xFE, 0xFD, 0x38, 0xA6, 0xFE, 0xFD, 0x38, 0xA6, 0xFD, 0xFD,
    0x38, 0xA6, 0xFD, 0xFD, 0x38, 0xA6, 0xFD, 0xFD, 0x38, 0xA5, 0xFD, 0xFD, 0x37, 0xA5, 0xFC, 0xFD,
    0x37, 0xA5, 0xFC, 0xFD, 0x36, 0xA4, 0xFC, 0xFD, 0x35, 0xA3, 0xFC, 0xFD, 0x2F, 0x9E, 0xFB, 0xFD,
    0x2F, 0x9E, 0xFB, 0xFD, 0x29, 0x96, 0xFA, 0xFC, 0x1D, 0x89, 0xF5, 0xFC, 0x12, 0x7E, 0xEF, 0xFC,
    0x12, 0x7E, 0xEF, 0xFC, 0x12, 0x84, 0xF5, 0xFC, 0x1D, 0x7D, 0xED, 0xFC, 0x1D, 0x7D, 0xED, 0xFC,
    0x01, 0x1F, 0x71, 0xFC, 0x0D, 0x4F, 0xAD, 0xFB, 0x2C, 0xA1, 0xFB, 0xFC, 0x2C, 0xA1, 0xFB, 0xFC,
    0x1B, 0x8E, 0xF6, 0xFB, 0x1F, 0x8C, 0xF6, 0xFB, 0x22, 0x8E, 0xF8, 0xFB, 0x22, 0x8E, 0xF8, 0xFB,
    0x23, 0x94, 0xF9, 0xFB, 0x23, 0x96, 0xFB, 0xFA, 0x23, 0x96, 0xFB, 0xFA, 0x19, 0x8B, 0xF3, 0xFA,
    0x1A, 0x8D, 0xED, 0xF6, 0x1B, 0x63, 0xB8, 0xDF, 0x1B, 0x63, 0xB8, 0xDF, 0x01, 0x0E, 0x3C, 0xC3,
    0x24, 0x66, 0xB1, 0x2F, 0x2A, 0x82, 0xD5, 0x08, 0x2A, 0x82, 0xD5, 0x08, 0x28, 0x7E, 0xCF, 0x02,
    0x00, 0x00, 0x00, 0x00, 0x00, 0x00, 0x00, 0x00, 0x00, 0x00, 0x00, 0x00, 0x00, 0x00, 0x00, 0x00,
    0x00, 0x00, 0x00, 0x00, 0x00, 0x00, 0x00, 0x00, 0x00, 0x00, 0x00, 0x00, 0x00, 0x00, 0x00, 0x00,
    0x00, 0x00, 0x00, 0x00, 0x00, 0x00, 0x00, 0x00, 0x00, 0x00, 0x00, 0x00, 0x00, 0x00, 0x00, 0x00,
    0x00, 0x00, 0x00, 0x00, 0x00, 0x00, 0x00, 0x00, 0x00, 0x00, 0x00, 0x00, 0x00, 0x00, 0x00, 0x00,
    0x00, 0x00, 0x00, 0x00, 0x00, 0x00, 0x00, 0x00, 0x00, 0x00, 0x00, 0x00, 0x00, 0x00, 0x00, 0x00,
    0x00, 0x00, 0x00, 0x00, 0x00, 0x00, 0x00, 0x00, 0x00, 0x00, 0x00, 0x00, 0x00, 0x00, 0x00, 0x00,
    0x00, 0x00, 0x00, 0x00, 0x00, 0x00, 0x00, 0x00, 0x41, 0x86, 0xCF, 0x01, 0x41, 0x86, 0xCF, 0x01,
    0x3C, 0x87, 0xD0, 0x02, 0x3A, 0x84, 0xC8, 0x05, 0x1E, 0x4A, 0x74, 0x4A, 0x1E, 0x4A, 0x74, 0x4A,
    0x0F, 0x29, 0x38, 0xDC, 0x58, 0x9B, 0xB7, 0xF7, 0x58, 0x9B, 0xB7, 0xF7, 0x7C, 0xC4, 0xF2, 0xFC,
    0x76, 0xBB, 0xF9, 0xFA, 0x58, 0x9C, 0xF7, 0xFA, 0x58, 0x9C, 0xF7, 0xFA, 0x4A, 0x91, 0xF5, 0xFB,
    0x39, 0x82, 0xEE, 0xFB, 0x39, 0x82, 0xEE, 0xFB, 0x16, 0x56, 0xCB, 0xFB, 0x1E, 0x6F, 0xD8, 0xFC,
    0x36, 0x9F, 0xFB, 0xFC, 0x36, 0x9F, 0xFB, 0xFC, 0x2F, 0x9F, 0xFD, 0xFC, 0x2A, 0x9A, 0xFB, 0xFC,
    0x2A, 0x9D, 0xFC, 0xFC, 0x2A, 0x9D, 0xFC, 0xFC, 0x26, 0x99, 0xFB, 0xFC, 0x25, 0x96, 0xF9, 0xFC,
    0x25, 0x96, 0xF9, 0xFC, 0x34, 0x9E, 0xFC, 0xFC, 0x37, 0xA2, 0xFC, 0xFC, 0x27, 0x97, 0xF7, 0xFC,
    0x27, 0x97, 0xF7, 0xFC, 0x22, 0x94, 0xF8, 0xFD, 0x2A, 0x9B, 0xFC, 0xFD, 0x31, 0xA1, 0xFD, 0xFD,
    0x31, 0xA1, 0xFD, 0xFD, 0x2E, 0x9D, 0xFD, 0xFD, 0x23, 0x94, 0xF8, 0xFD, 0x23, 0x94, 0xF8, 0xFD,
    0x24, 0x95, 0xFA, 0xFD, 0x34, 0xA4, 0xFE, 0xFD, 0x3B, 0xA9, 0xFF, 0xFD, 0x3B, 0xA9, 0xFF, 0xFD,
    0x3B, 0xA8, 0xFF, 0xFD, 0x3B, 0xAB, 0xFF, 0xFD, 0x3A, 0xA9, 0xFE, 0xFD, 0x3A, 0xA9, 0xFE, 0xFD,
    0x3B, 0xA9, 0xFE, 0xFD, 0x3D, 0xAB, 0xFE, 0xFD, 0x3D, 0xAB, 0xFE, 0xFD, 0x3D, 0xA9, 0xFE, 0xFD,
    0x3D, 0xA7, 0xFD, 0xFD, 0x4F, 0xAF, 0xFD, 0xFD, 0x4F, 0xAF, 0xFD, 0xFD, 0x71, 0xC4, 0xFE, 0xFD,
    0x66, 0xBF, 0xFE, 0xFD, 0x48, 0xAE, 0xFC, 0xFD, 0x48, 0xAE, 0xFC, 0xFD, 0x3C, 0xA8, 0xFC, 0xFD,
    0x3A, 0xA8, 0xFD, 0xFD, 0x3A, 0xA8, 0xFD, 0xFD, 0x39, 0xA7, 0xFD, 0xFD, 0x38, 0xA8, 0xFD, 0xFD,
    0x38, 0xA7, 0xFD, 0xFD, 0x38, 0xA7, 0xFD, 0xFD, 0x38, 0xA6, 0xFD, 0xFD, 0x39, 0xA5, 0xFD, 0xFD,
    0x39, 0xA5, 0xFD, 0xFD, 0x39, 0xA5, 0xFD, 0xFD, 0x38, 0xA4, 0xFD, 0xFD, 0x38, 0xA5, 0xFD, 0xFD,
    0x38, 0xA5, 0xFD, 0xFD, 0x36, 0xA3, 0xFD, 0xFD, 0x35, 0xA0, 0xFD, 0xFD, 0x31, 0x9F, 0xFD, 0xFD,
    0x31, 0x9F, 0xFD, 0xFD, 0x2B, 0x9A, 0xFC, 0xFD, 0x1E, 0x88, 0xF5, 0xFC, 0x15, 0x81, 0xF3, 0xFC,
    0x15, 0x81, 0xF3, 0xFC, 0x12, 0x83, 0xF4, 0xFC, 0x16, 0x75, 0xE7, 0xFC, 0x16, 0x75, 0xE7, 0xFC,
    0x00, 0x1C, 0x79, 0xFC, 0x06, 0x3E, 0x9C, 0xFC, 0x2D, 0x98, 0xF9, 0xFC, 0x2D, 0x98, 0xF9, 0xFC,
    0x19, 0x84, 0xF1, 0xFC, 0x21, 0x91, 0xF8, 0xFC, 0x23, 0x91, 0xF9, 0xFC, 0x23, 0x91, 0xF9, 0xFC,
    0x21, 0x8D, 0xF5, 0xFC, 0x24, 0x96, 0xFB, 0xFB, 0x24, 0x96, 0xFB, 0xFB, 0x1F, 0x91, 0xF9, 0xFB,
    0x10, 0x7E, 0xEB, 0xF9, 0x16, 0x7B, 0xDF, 0xF9, 0x16, 0x7B, 0xDF, 0xF9, 0x05, 0x37, 0x84, 0xF8,
    0x19, 0x5F, 0xA4, 0x64, 0x33, 0x8F, 0xE2, 0x03, 0x33, 0x8F, 0xE2, 0x03, 0x25, 0x7C, 0xD0, 0x05,
    0x2C, 0x7F, 0xD1, 0x01, 0x2E, 0x7F, 0xCF, 0x01, 0x2E, 0x7F, 0xCF, 0x01, 0x00, 0x00, 0x00, 0x00,
    0x00, 0x00, 0x00, 0x00, 0x00, 0x00, 0x00, 0x00, 0x00, 0x00, 0x00, 0x00, 0x00, 0x00, 0x00, 0x00,
    0x00, 0x00, 0x00, 0x00, 0x00, 0x00, 0x00, 0x00, 0x00, 0x00, 0x00, 0x00, 0x00, 0x00, 0x00, 0x00,
    0x00, 0x00, 0x00, 0x00, 0x00, 0x00, 0x00, 0x00, 0x00, 0x00, 0x00, 0x00, 0x00, 0x00, 0x00, 0x00,
    0x00, 0x00, 0x00, 0x00, 0x00, 0x00, 0x00, 0x00, 0x00, 0x00, 0x00, 0x00, 0x00, 0x00, 0x00, 0x00,
    0x00, 0x00, 0x00, 0x00, 0x00, 0x00, 0x00, 0x00, 0x00, 0x00, 0x00, 0x00, 0x00, 0x00, 0x00, 0x00,
    0x00, 0x00, 0x00, 0x00, 0x00, 0x00, 0x00, 0x00, 0x41, 0x87, 0xD1, 0x02, 0x41, 0x87, 0xD1, 0x02,
    0x00, 0x00, 0x00, 0x00, 0x32, 0x7E, 0xBC, 0x2C, 0x04, 0x1B, 0x36, 0xB0, 0x04, 0x1B, 0x36, 0xB0,
    0x05, 0x11, 0x2A, 0xE7, 0x74, 0xB0, 0xE7, 0xFA, 0x74, 0xB0, 0xE7, 0xFA, 0x74, 0xB6, 0xFB, 0xFA,
    0x65, 0xA4, 0xFA, 0xFB, 0x5E, 0x9B, 0xFB, 0xFB, 0x5E, 0x9B, 0xFB, 0xFB, 0x50, 0x8C, 0xF6, 0xFB,
    0x38, 0x79, 0xEA, 0xFB, 0x38, 0x79, 0xEA, 0xFB, 0x28, 0x74, 0xE5, 0xFB, 0x36, 0x95, 0xF7, 0xFB,
    0x37, 0xA3, 0xFC, 0xFB, 0x37, 0xA3, 0xFC, 0xFB, 0x34, 0xA4, 0xFD, 0xFC, 0x31, 0xA1, 0xFD, 0xFC,
    0x2E, 0x9F, 0xFC, 0xFC, 0x2E, 0x9F, 0xFC, 0xFC, 0x23, 0x94, 0xF7, 0xFC, 0x23, 0x93, 0xF7, 0xFC,
    0x23, 0x93, 0xF7, 0xFC, 0x38, 0xA3, 0xFD, 0xFC, 0x43, 0xAF, 0xFE, 0xFC, 0x2F, 0x9C, 0xFA, 0xFD,
    0x2F, 0x9C, 0xFA, 0xFD, 0x26, 0x97, 0xF9, 0xFD, 0x2E, 0xA0, 0xFD, 0xFD, 0x32, 0xA4, 0xFE, 0xFD,
    0x32, 0xA4, 0xFE, 0xFD, 0x30, 0xA1, 0xFE, 0xFD, 0x27, 0x99, 0xFB, 0xFD, 0x27, 0x99, 0xFB, 0xFD,
    0x24, 0x97, 0xFB, 0xFD, 0x34, 0xA6, 0xFE, 0xFD, 0x3A, 0xA8, 0xFF, 0xFD, 0x3A, 0xA8, 0xFF, 0xFD,
    0x3B, 0xA9, 0xFF, 0xFD, 0x3B, 0xAB, 0xFF, 0xFD, 0x3C, 0xAB, 0xFF, 0xFD, 0x3C, 0xAB, 0xFF, 0xFD,
    0x3C, 0xAA, 0xFE, 0xFD, 0x3D, 0xAC, 0xFE, 0xFD, 0x3D, 0xAC, 0xFE, 0xFD, 0x3D, 0xAB, 0xFE, 0xFD,
    0x3E, 0xAB, 0xFE, 0xFD, 0x4A, 0xAF, 0xFD, 0xFD, 0x4A, 0xAF, 0xFD, 0xFD, 0x63, 0xBD, 0xFE, 0xFD,
    0x5A, 0xB8, 0xFE, 0xFD, 0x46, 0xAD, 0xFD, 0xFD, 0x46, 0xAD, 0xFD, 0xFD, 0x3F, 0xAB, 0xFD, 0xFD,
    0x3C, 0xAA, 0xFD, 0xFD, 0x3C, 0xAA, 0xFD, 0xFD, 0x39, 0xA8, 0xFD, 0xFD, 0x38, 0xA8, 0xFD, 0xFD,
    0x37, 0xA7, 0xFD, 0xFD, 0x37, 0xA7, 0xFD, 0xFD, 0x38, 0xA7, 0xFD, 0xFD, 0x38, 0xA5, 0xFC, 0xFD,
    0x39, 0xA5, 0xFC, 0xFD, 0x39, 0xA5, 0xFC, 0xFD, 0x39, 0xA5, 0xFD, 0xFD, 0x38, 0xA4, 0xFD, 0xFD,
    0x38, 0xA4, 0xFD, 0xFD, 0x36, 0xA4, 0xFD, 0xFD, 0x35, 0xA3, 0xFD, 0xFD, 0x32, 0x9F, 0xFD, 0xFD,
    0x32, 0x9F, 0xFD, 0xFD, 0x2F, 0x9D, 0xFD, 0xFD, 0x24, 0x90, 0xFA, 0xFD, 0x19, 0x89, 0xF8, 0xFC,
    0x19, 0x89, 0xF8, 0xFC, 0x10, 0x83, 0xF3, 0xFC, 0x0F, 0x73, 0xE5, 0xFC, 0x0F, 0x73, 0xE5, 0xFC,
    0x04, 0x37, 0x95, 0xFC, 0x02, 0x32, 0x89, 0xFC, 0x2B, 0x99, 0xF7, 0xFC, 0x2B, 0x99, 0xF7, 0xFC,
    0x20, 0x94, 0xFA, 0xFC, 0x1F, 0x93, 0xF9, 0xFC, 0x26, 0x99, 0xFC, 0xFC, 0x26, 0x99, 0xFC, 0xFC,
    0x23, 0x91, 0xF8, 0xFC, 0x25, 0x97, 0xF9, 0xFC, 0x25, 0x97, 0xF9, 0xFC, 0x21, 0x96, 0xFB, 0xFB,
    0x19, 0x90, 0xFA, 0xFA, 0x15, 0x89, 0xF3, 0xF8, 0x15, 0x89, 0xF3, 0xF8, 0x14, 0x75, 0xCF, 0xF4,
    0x06, 0x3D, 0x81, 0xDD, 0x18, 0x58, 0xA6, 0x6D, 0x18, 0x58, 0xA6, 0x6D, 0x2B, 0x81, 0xD7, 0x04,
    0x2A, 0x7F, 0xD1, 0x03, 0x2E, 0x7E, 0xCF, 0x01, 0x2E, 0x7E, 0xCF, 0x01, 0x2F, 0x7E, 0xCF, 0x01,
    0x00, 0x00, 0x00, 0x00, 0x00, 0x00, 0x00, 0x00, 0x00, 0x00, 0x00, 0x00, 0x00, 0x00, 0x00, 0x00,
    0x00, 0x00, 0x00, 0x00, 0x00, 0x00, 0x00, 0x00, 0x00, 0x00, 0x00, 0x00, 0x00, 0x00, 0x00, 0x00,
    0x00, 0x00, 0x00, 0x00, 0x00, 0x00, 0x00, 0x00, 0x00, 0x00, 0x00, 0x00, 0x00, 0x00, 0x00, 0x00,
    0x00, 0x00, 0x00, 0x00, 0x00, 0x00, 0x00, 0x00, 0x00, 0x00, 0x00, 0x00, 0x00, 0x00, 0x00, 0x00,
    0x00, 0x00, 0x00, 0x00, 0x00, 0x00, 0x00, 0x00, 0x00, 0x00, 0x00, 0x00, 0x00, 0x00, 0x00, 0x00,
    0x00, 0x00, 0x00, 0x00, 0x00, 0x00, 0x00, 0x00, 0x41, 0x87, 0xD1, 0x02, 0x41, 0x87, 0xD1, 0x02,
    0x00, 0x00, 0x00, 0x00, 0x32, 0x7E, 0xBC, 0x2C, 0x04, 0x1B, 0x36, 0xB0, 0x04, 0x1B, 0x36, 0xB0,
    0x05, 0x11, 0x2A, 0xE7, 0x74, 0xB0, 0xE7, 0xFA, 0x74, 0xB0, 0xE7, 0xFA, 0x74, 0xB6, 0xFB, 0xFA,
    0x65, 0xA4, 0xFA, 0xFB, 0x5E, 0x9B, 0xFB, 0xFB, 0x5E, 0x9B, 0xFB, 0xFB, 0x50, 0x8C, 0xF6, 0xFB,
    0x38, 0x79, 0xEA, 0xFB, 0x38, 0x79, 0xEA, 0xFB, 0x28, 0x74, 0xE5, 0xFB, 0x36, 0x95, 0xF7, 0xFB,
    0x37, 0xA3, 0xFC, 0xFB, 0x37, 0xA3, 0xFC, 0xFB, 0x34, 0xA4, 0xFD, 0xFC, 0x31, 0xA1, 0xFD, 0xFC,
    0x2E, 0x9F, 0xFC, 0xFC, 0x2E, 0x9F, 0xFC, 0xFC, 0x23, 0x94, 0xF7, 0xFC, 0x23, 0x93, 0xF7, 0xFC,
    0x23, 0x93, 0xF7, 0xFC, 0x38, 0xA3, 0xFD, 0xFC, 0x43, 0xAF, 0xFE, 0xFC, 0x2F, 0x9C, 0xFA, 0xFD,
    0x2F, 0x9C, 0xFA, 0xFD, 0x26, 0x97, 0xF9, 0xFD, 0x2E, 0xA0, 0xFD, 0xFD, 0x32, 0xA4, 0xFE, 0xFD,
    0x32, 0xA4, 0xFE, 0xFD, 0x30, 0xA1, 0xFE, 0xFD, 0x27, 0x99, 0xFB, 0xFD, 0x27, 0x99, 0xFB, 0xFD,
    0x24, 0x97, 0xFB, 0xFD, 0x34, 0xA6, 0xFE, 0xFD, 0x3A, 0xA8, 0xFF, 0xFD, 0x3A, 0xA8, 0xFF, 0xFD,
    0x3B, 0xA9, 0xFF, 0xFD, 0x3B, 0xAB, 0xFF, 0xFD, 0x3C, 0xAB, 0xFF, 0xFD, 0x3C, 0xAB, 0xFF, 0xFD,
    0x3C, 0xAA, 0xFE, 0xFD, 0x3D, 0xAC, 0xFE, 0xFD, 0x3D, 0xAC, 0xFE, 0xFD, 0x3D, 0xAB, 0xFE, 0xFD,
    0x3E, 0xAB, 0xFE, 0xFD, 0x4A, 0xAF, 0xFD, 0xFD, 0x4A, 0xAF, 0xFD, 0xFD, 0x63, 0xBD, 0xFE, 0xFD,
    0x5A, 0xB8, 0xFE, 0xFD, 0x46, 0xAD, 0xFD, 0xFD, 0x46, 0xAD, 0xFD, 0xFD, 0x3F, 0xAB, 0xFD, 0xFD,
    0x3C, 0xAA, 0xFD, 0xFD, 0x3C, 0xAA, 0xFD, 0xFD, 0x39, 0xA8, 0xFD, 0xFD, 0x38, 0xA8, 0xFD, 0xFD,
    0x37, 0xA7, 0xFD, 0xFD, 0x37, 0xA7, 0xFD, 0xFD, 0x38, 0xA7, 0xFD, 0xFD, 0x38, 0xA5, 0xFC, 0xFD,
    0x39, 0xA5, 0xFC, 0xFD, 0x39, 0xA5, 0xFC, 0xFD, 0x39, 0xA5, 0xFD, 0xFD, 0x38, 0xA4, 0xFD, 0xFD,
    0x38, 0xA4, 0xFD, 0xFD, 0x36, 0xA4, 0xFD, 0xFD, 0x35, 0xA3, 0xFD, 0xFD, 0x32, 0x9F, 0xFD, 0xFD,
    0x32, 0x9F, 0xFD, 0xFD, 0x2F, 0x9D, 0xFD, 0xFD, 0x24, 0x90, 0xFA, 0xFD, 0x19, 0x89, 0xF8, 0xFC,
    0x19, 0x89, 0xF8, 0xFC, 0x10, 0x83, 0xF3, 0xFC, 0x0F, 0x73, 0xE5, 0xFC, 0x0F, 0x73, 0xE5, 0xFC,
    0x04, 0x37, 0x95, 0xFC, 0x02, 0x32, 0x89, 0xFC, 0x2B, 0x99, 0xF7, 0xFC, 0x2B, 0x99, 0xF7, 0xFC,
    0x20, 0x94, 0xFA, 0xFC, 0x1F, 0x93, 0xF9, 0xFC, 0x26, 0x99, 0xFC, 0xFC, 0x26, 0x99, 0xFC, 0xFC,
    0x23, 0x91, 0xF8, 0xFC, 0x25, 0x97, 0xF9, 0xFC, 0x25, 0x97, 0xF9, 0xFC, 0x21, 0x96, 0xFB, 0xFB,
    0x19, 0x90, 0xFA, 0xFA, 0x15, 0x89, 0xF3, 0xF8, 0x15, 0x89, 0xF3, 0xF8, 0x14, 0x75, 0xCF, 0xF4,
    0x06, 0x3D, 0x81, 0xDD, 0x18, 0x58, 0xA6, 0x6D, 0x18, 0x58, 0xA6, 0x6D, 0x2B, 0x81, 0xD7, 0x04,
    0x2A, 0x7F, 0xD1, 0x03, 0x2E, 0x7E, 0xCF, 0x01, 0x2E, 0x7E, 0xCF, 0x01, 0x2F, 0x7E, 0xCF, 0x01,
    0x00, 0x00, 0x00, 0x00, 0x00, 0x00, 0x00, 0x00, 0x00, 0x00, 0x00, 0x00, 0x00, 0x00, 0x00, 0x00,
    0x00, 0x00, 0x00, 0x00, 0x00, 0x00, 0x00, 0x00, 0x00, 0x00, 0x00, 0x00, 0x00, 0x00, 0x00, 0x00,
    0x00, 0x00, 0x00, 0x00, 0x00, 0x00, 0x00, 0x00, 0x00, 0x00, 0x00, 0x00, 0x00, 0x00, 0x00, 0x00,
    0x00, 0x00, 0x00, 0x00, 0x00, 0x00, 0x00, 0x00, 0x00, 0x00, 0x00, 0x00, 0x00, 0x00, 0x00, 0x00,
    0x00, 0x00, 0x00, 0x00, 0x00, 0x00, 0x00, 0x00, 0x00, 0x00, 0x00, 0x00, 0x00, 0x00, 0x00, 0x00,
    0x00, 0x00, 0x00, 0x00, 0x40, 0x86, 0xCF, 0x01, 0x3F, 0x86, 0xD1, 0x03, 0x3F, 0x86, 0xD1, 0x03,
    0x00, 0x00, 0x00, 0x00, 0x1E, 0x5C, 0x97, 0x57, 0x3C, 0x6D, 0x96, 0xE6, 0x3C, 0x6D, 0x96, 0xE6,
    0x6D, 0x96, 0xCC, 0xF7, 0x8C, 0xBF, 0xFB, 0xFC, 0x8C, 0xBF, 0xFB, 0xFC, 0x76, 0xA9, 0xFA, 0xFB,
    0x6F, 0x9C, 0xF9, 0xFC, 0x6E, 0xA1, 0xFD, 0xFC, 0x6E, 0xA1, 0xFD, 0xFC, 0x53, 0x80, 0xF2, 0xFC,
    0x32, 0x65, 0xDC, 0xFC, 0x32, 0x65, 0xDC, 0xFC, 0x31, 0x7E, 0xEC, 0xFC, 0x3C, 0xA1, 0xFC, 0xFC,
    0x37, 0x9F, 0xFB, 0xFC, 0x37, 0x9F, 0xFB, 0xFC, 0x37, 0x9F, 0xFB, 0xFC, 0x3A, 0xA6, 0xFE, 0xFC,
    0x36, 0xA4, 0xFE, 0xFC, 0x36, 0xA4, 0xFE, 0xFC, 0x2D, 0x9A, 0xFB, 0xFC, 0x29, 0x98, 0xF9, 0xFC,
    0x29, 0x98, 0xF9, 0xFC, 0x38, 0xA3, 0xFC, 0xFC, 0x42, 0xAB, 0xFE, 0xFC, 0x3C, 0xA6, 0xFD, 0xFD,
    0x3C, 0xA6, 0xFD, 0xFD, 0x2E, 0x9D, 0xFC, 0xFD, 0x2F, 0x9F, 0xFD, 0xFD, 0x33, 0xA3, 0xFE, 0xFD,
    0x33, 0xA3, 0xFE, 0xFD, 0x33, 0xA5, 0xFE, 0xFD, 0x28, 0x9A, 0xFB, 0xFD, 0x28, 0x9A, 0xFB, 0xFD,
    0x23, 0x95, 0xF9, 0xFD, 0x31, 0xA1, 0xFD, 0xFD, 0x3B, 0xA8, 0xFE, 0xFD, 0x3B, 0xA8, 0xFE, 0xFD,
    0x3C, 0xAA, 0xFE, 0xFD, 0x3B, 0xA7, 0xFE, 0xFD, 0x3C, 0xAA, 0xFF, 0xFD, 0x3C, 0xAA, 0xFF, 0xFD,
    0x3C, 0xAB, 0xFF, 0xFD, 0x3C, 0xAB, 0xFE, 0xFD, 0x3C, 0xAB, 0xFE, 0xFD, 0x3C, 0xAB, 0xFE, 0xFD,
    0x3F, 0xAF, 0xFE, 0xFD, 0x45, 0xAE, 0xFE, 0xFD, 0x45, 0xAE, 0xFE, 0xFD, 0x4D, 0xB2, 0xFE, 0xFD,
    0x49, 0xB1, 0xFE, 0xFD, 0x43, 0xAE, 0xFE, 0xFD, 0x43, 0xAE, 0xFE, 0xFD, 0x3F, 0xAB, 0xFD, 0xFD,
    0x3C, 0xAB, 0xFD, 0xFD, 0x3C, 0xAB, 0xFD, 0xFD, 0x3A, 0xA9, 0xFD, 0xFD, 0x38, 0xA8, 0xFD, 0xFD,
    0x37, 0xA6, 0xFD, 0xFD, 0x37, 0xA6, 0xFD, 0xFD, 0x37, 0xA6, 0xFD, 0xFD, 0x38, 0xA5, 0xFD, 0xFD,
    0x39, 0xA6, 0xFC, 0xFD, 0x39, 0xA6, 0xFC, 0xFD, 0x39, 0xA4, 0xFD, 0xFD, 0x38, 0xA4, 0xFD, 0xFD,
    0x38, 0xA4, 0xFD, 0xFD, 0x37, 0xA4, 0xFD, 0xFD, 0x36, 0xA2, 0xFC, 0xFD, 0x34, 0x9F, 0xFC, 0xFD,
    0x34, 0x9F, 0xFC, 0xFD, 0x32, 0x9C, 0xFC, 0xFD, 0x29, 0x93, 0xFB, 0xFD, 0x1A, 0x87, 0xF8, 0xFD,
    0x1A, 0x87, 0xF8, 0xFD, 0x0A, 0x79, 0xEC, 0xFD, 0x0B, 0x70, 0xE3, 0xFD, 0x0B, 0x70, 0xE3, 0xFD,
    0x06, 0x45, 0xAC, 0xFD, 0x00, 0x17, 0x6D, 0xFC, 0x20, 0x7D, 0xDE, 0xFD, 0x20, 0x7D, 0xDE, 0xFD,
    0x24, 0x9D, 0xFE, 0xFD, 0x1A, 0x8C, 0xF7, 0xFD, 0x21, 0x92, 0xF9, 0xFC, 0x21, 0x92, 0xF9, 0xFC,
    0x24, 0x95, 0xFA, 0xFC, 0x22, 0x90, 0xF6, 0xFC, 0x22, 0x90, 0xF6, 0xFC, 0x23, 0x95, 0xF9, 0xFC,
    0x1E, 0x91, 0xFA, 0xFB, 0x11, 0x80, 0xEE, 0xFB, 0x11, 0x80, 0xEE, 0xFB, 0x19, 0x85, 0xEC, 0xF8,
    0x04, 0x36, 0x84, 0xF5, 0x00, 0x15, 0x50, 0xAE, 0x00, 0x15, 0x50, 0xAE, 0x23, 0x71, 0xC8, 0x06,
    0x26, 0x7D, 0xD1, 0x06, 0x2B, 0x7E, 0xCF, 0x01, 0x2B, 0x7E, 0xCF, 0x01, 0x2E, 0x7E, 0xCE, 0x01,
    0x00, 0x00, 0x00, 0x00, 0x00, 0x00, 0x00, 0x00, 0x00, 0x00, 0x00, 0x00, 0x00, 0x00, 0x00, 0x00,
    0x00, 0x00, 0x00, 0x00, 0x00, 0x00, 0x00, 0x00, 0x00, 0x00, 0x00, 0x00, 0x00, 0x00, 0x00, 0x00,
    0x00, 0x00, 0x00, 0x00, 0x00, 0x00, 0x00, 0x00, 0x00, 0x00, 0x00, 0x00, 0x00, 0x00, 0x00, 0x00,
    0x00, 0x00, 0x00, 0x00, 0x00, 0x00, 0x00, 0x00, 0x00, 0x00, 0x00, 0x00, 0x00, 0x00, 0x00, 0x00,
    0x00, 0x00, 0x00, 0x00, 0x00, 0x00, 0x00, 0x00, 0x00, 0x00, 0x00, 0x00, 0x00, 0x00, 0x00, 0x00,
    0x00, 0x00, 0x00, 0x00, 0x40, 0x87, 0xCE, 0x01, 0x41, 0x88, 0xD2, 0x03, 0x41, 0x88, 0xD2, 0x03,
    0x00, 0x00, 0x00, 0x00, 0x06, 0x1B, 0x47, 0x5F, 0x67, 0x97, 0xD0, 0xE6, 0x67, 0x97, 0xD0, 0xE6,
    0x9B, 0xCC, 0xFC, 0xF7, 0x7C, 0xAA, 0xFA, 0xFB, 0x7C, 0xAA, 0xFA, 0xFB, 0x83, 0xB4, 0xFD, 0xFB,
    0x7E, 0xA4, 0xFC, 0xFC, 0x77, 0xA1, 0xFD, 0xFC, 0x77, 0xA1, 0xFD, 0xFC, 0x56, 0x80, 0xEE, 0xFC,
    0x34, 0x68, 0xD9, 0xFC, 0x34, 0x68, 0xD9, 0xFC, 0x36, 0x87, 0xF0, 0xFC, 0x3D, 0xA3, 0xFD, 0xFC,
    0x3A, 0xA4, 0xFC, 0xFC, 0x3A, 0xA4, 0xFC, 0xFC, 0x3B, 0xA4, 0xFC, 0xFC, 0x3B, 0xA6, 0xFD, 0xFC,
    0x3B, 0xA8, 0xFE, 0xFC, 0x3B, 0xA8, 0xFE, 0xFC, 0x38, 0xA7, 0xFE, 0xFC, 0x37, 0xA7, 0xFE, 0xFC,
    0x37, 0xA7, 0xFE, 0xFC, 0x39, 0xA6, 0xFE, 0xFC, 0x43, 0xAF, 0xFF, 0xFD, 0x40, 0xAC, 0xFF, 0xFD,
    0x40, 0xAC, 0xFF, 0xFD, 0x33, 0xA2, 0xFE, 0xFD, 0x31, 0xA3, 0xFE, 0xFD, 0x35, 0xA6, 0xFE, 0xFD,
    0x35, 0xA6, 0xFE, 0xFD, 0x34, 0xA5, 0xFD, 0xFD, 0x2B, 0x9D, 0xFC, 0xFD, 0x2B, 0x9D, 0xFC, 0xFD,
    0x27, 0x99, 0xFA, 0xFD, 0x32, 0xA2, 0xFD, 0xFD, 0x3B, 0xA9, 0xFE, 0xFD, 0x3B, 0xA9, 0xFE, 0xFD,
    0x3D, 0xAB, 0xFE, 0xFD, 0x3D, 0xAB, 0xFE, 0xFD, 0x3E, 0xAC, 0xFE, 0xFD, 0x3E, 0xAC, 0xFE, 0xFD,
    0x3D, 0xAC, 0xFE, 0xFD, 0x3E, 0xAD, 0xFE, 0xFD, 0x3E, 0xAD, 0xFE, 0xFD, 0x3F, 0xAD, 0xFF, 0xFD,
    0x41, 0xB1, 0xFF, 0xFD, 0x44, 0xB1, 0xFF, 0xFD, 0x44, 0xB1, 0xFF, 0xFD, 0x48, 0xB2, 0xFF, 0xFD,
    0x46, 0xB1, 0xFE, 0xFD, 0x43, 0xB0, 0xFE, 0xFD, 0x43, 0xB0, 0xFE, 0xFD, 0x3F, 0xAD, 0xFE, 0xFD,
    0x3D, 0xAC, 0xFE, 0xFD, 0x3D, 0xAC, 0xFE, 0xFD, 0x3A, 0xAA, 0xFE, 0xFD, 0x38, 0xA9, 0xFE, 0xFD,
    0x35, 0xA6, 0xFD, 0xFD, 0x35, 0xA6, 0xFD, 0xFD, 0x36, 0xA6, 0xFD, 0xFD, 0x37, 0xA6, 0xFD, 0xFD,
    0x38, 0xA6, 0xFD, 0xFD, 0x38, 0xA6, 0xFD, 0xFD, 0x39, 0xA5, 0xFD, 0xFD, 0x38, 0xA5, 0xFD, 0xFD,
    0x38, 0xA5, 0xFD, 0xFD, 0x38, 0xA4, 0xFC, 0xFD, 0x38, 0xA2, 0xFD, 0xFD, 0x38, 0xA3, 0xFC, 0xFD,
    0x38, 0xA3, 0xFC, 0xFD, 0x33, 0x9C, 0xFC, 0xFD, 0x29, 0x94, 0xFA, 0xFD, 0x1A, 0x87, 0xF8, 0xFD,
    0x1A, 0x87, 0xF8, 0xFD, 0x09, 0x75, 0xEB, 0xFD, 0x0D, 0x77, 0xEC, 0xFD, 0x0D, 0x77, 0xEC, 0xFD,
    0x0E, 0x5E, 0xCB, 0xFD, 0x02, 0x29, 0x7E, 0xFD, 0x08, 0x49, 0xA2, 0xFD, 0x08, 0x49, 0xA2, 0xFD,
    0x17, 0x80, 0xEA, 0xFC, 0x0E, 0x7D, 0xEB, 0xFD, 0x19, 0x89, 0xF3, 0xFC, 0x19, 0x89, 0xF3, 0xFC,
    0x1E, 0x8E, 0xF5, 0xFC, 0x24, 0x97, 0xFA, 0xFC, 0x24, 0x97, 0xFA, 0xFC, 0x23, 0x94, 0xF8, 0xFC,
    0x20, 0x90, 0xF9, 0xFB, 0x17, 0x86, 0xF3, 0xFB, 0x17, 0x86, 0xF3, 0xFB, 0x18, 0x89, 0xF4, 0xF9,
    0x0E, 0x5C, 0xBE, 0xF3, 0x03, 0x26, 0x70, 0xDB, 0x03, 0x26, 0x70, 0xDB, 0x1C, 0x5C, 0xA9, 0x53,
    0x28, 0x7F, 0xD4, 0x07, 0x29, 0x7C, 0xCF, 0x01, 0x29, 0x7C, 0xCF, 0x01, 0x2D, 0x7E, 0xCE, 0x02,
    0x2E, 0x7D, 0xCC, 0x01, 0x2E, 0x7D, 0xCC, 0x01, 0x00, 0x00, 0x00, 0x00, 0x00, 0x00, 0x00, 0x00,
    0x00, 0x00, 0x00, 0x00, 0x00, 0x00, 0x00, 0x00, 0x00, 0x00, 0x00, 0x00, 0x00, 0x00, 0x00, 0x00,
    0x00, 0x00, 0x00, 0x00, 0x00, 0x00, 0x00, 0x00, 0x00, 0x00, 0x00, 0x00, 0x00, 0x00, 0x00, 0x00,
    0x00, 0x00, 0x00, 0x00, 0x00, 0x00, 0x00, 0x00, 0x00, 0x00, 0x00, 0x00, 0x00, 0x00, 0x00, 0x00,
    0x00, 0x00, 0x00, 0x00, 0x00, 0x00, 0x00, 0x00, 0x00, 0x00, 0x00, 0x00, 0x00, 0x00, 0x00, 0x00,
    0x00, 0x00, 0x00, 0x00, 0x40, 0x86, 0xCD, 0x01, 0x3E, 0x87, 0xCF, 0x03, 0x3E, 0x87, 0xCF, 0x03,
    0x00, 0x00, 0x00, 0x00, 0x02, 0x09, 0x2E, 0x5E, 0x5E, 0x7F, 0xC4, 0xEC, 0x5E, 0x7F, 0xC4, 0xEC,
    0x95, 0xBE, 0xFC, 0xFB, 0x7F, 0xA2, 0xF8, 0xFB, 0x7F, 0xA2, 0xF8, 0xFB, 0x86, 0xAC, 0xFB, 0xFC,
    0x8C, 0xAF, 0xFD, 0xFC, 0x7A, 0x95, 0xF9, 0xFC, 0x7A, 0x95, 0xF9, 0xFC, 0x51, 0x76, 0xE1, 0xFC,
    0x2E, 0x64, 0xD2, 0xFC, 0x2E, 0x64, 0xD2, 0xFC, 0x37, 0x8A, 0xF2, 0xFC, 0x3D, 0xA4, 0xFD, 0xFC,
    0x3B, 0xA3, 0xFC, 0xFC, 0x3B, 0xA3, 0xFC, 0xFC, 0x3C, 0xA6, 0xFD, 0xFC, 0x3A, 0xA3, 0xFD, 0xFC,
    0x3C, 0xA7, 0xFE, 0xFC, 0x3C, 0xA7, 0xFE, 0xFC, 0x3D, 0xA9, 0xFE, 0xFC, 0x3B, 0xA9, 0xFF, 0xFC,
    0x3B, 0xA9, 0xFF, 0xFC, 0x3A, 0xA6, 0xFE, 0xFD, 0x3C, 0xAA, 0xFE, 0xFD, 0x3A, 0xA7, 0xFE, 0xFD,
    0x3A, 0xA7, 0xFE, 0xFD, 0x36, 0xA7, 0xFE, 0xFD, 0x33, 0xA5, 0xFD, 0xFD, 0x33, 0xA5, 0xFD, 0xFD,
    0x33, 0xA5, 0xFD, 0xFD, 0x34, 0xA5, 0xFD, 0xFD, 0x34, 0xA7, 0xFE, 0xFD, 0x34, 0xA7, 0xFE, 0xFD,
    0x35, 0xA5, 0xFD, 0xFD, 0x39, 0xAA, 0xFE, 0xFD, 0x3B, 0xA8, 0xFE, 0xFD, 0x3B, 0xA8, 0xFE, 0xFD,
    0x3E, 0xAA, 0xFE, 0xFD, 0x40, 0xAC, 0xFE, 0xFD, 0x41, 0xAD, 0xFE, 0xFD, 0x41, 0xAD, 0xFE, 0xFD,
    0x40, 0xAB, 0xFE, 0xFD, 0x3F, 0xAB, 0xFE, 0xFD, 0x3F, 0xAB, 0xFE, 0xFD, 0x41, 0xAB, 0xFE, 0xFD,
    0x44, 0xB0, 0xFF, 0xFD, 0x46, 0xB1, 0xFF, 0xFD, 0x46, 0xB1, 0xFF, 0xFD, 0x48, 0xB2, 0xFF, 0xFD,
    0x46, 0xB0, 0xFF, 0xFD, 0x42, 0xAF, 0xFE, 0xFD, 0x42, 0xAF, 0xFE, 0xFD, 0x40, 0xAE, 0xFE, 0xFD,
    0x3D, 0xAD, 0xFE, 0xFD, 0x3D, 0xAD, 0xFE, 0xFD, 0x39, 0xAA, 0xFE, 0xFD, 0x36, 0xA8, 0xFD, 0xFD,
    0x34, 0xA6, 0xFD, 0xFD, 0x34, 0xA6, 0xFD, 0xFD, 0x33, 0xA6, 0xFD, 0xFD, 0x36, 0xA6, 0xFD, 0xFD,
    0x38, 0xA7, 0xFD, 0xFD, 0x38, 0xA7, 0xFD, 0xFD, 0x39, 0xA5, 0xFD, 0xFD, 0x38, 0xA5, 0xFD, 0xFD,
    0x38, 0xA5, 0xFD, 0xFD, 0x38, 0xA4, 0xFD, 0xFD, 0x39, 0xA4, 0xFE, 0xFD, 0x38, 0xA4, 0xFE, 0xFD,
    0x38, 0xA4, 0xFE, 0xFD, 0x33, 0xA1, 0xFD, 0xFD, 0x24, 0x8E, 0xF8, 0xFD, 0x17, 0x82, 0xF5, 0xFD,
    0x17, 0x82, 0xF5, 0xFD, 0x0C, 0x76, 0xED, 0xFD, 0x0F, 0x7B, 0xF1, 0xFD, 0x0F, 0x7B, 0xF1, 0xFD,
    0x16, 0x72, 0xE5, 0xFD, 0x01, 0x2A, 0x86, 0xFD, 0x00, 0x26, 0x79, 0xFD, 0x00, 0x26, 0x79, 0xFD,
    0x1D, 0x81, 0xE7, 0xFD, 0x1F, 0x95, 0xFF, 0xFD, 0x20, 0x93, 0xFD, 0xFD, 0x20, 0x93, 0xFD, 0xFD,
    0x1C, 0x88, 0xF2, 0xFD, 0x21, 0x93, 0xF8, 0xFC, 0x21, 0x93, 0xF8, 0xFC, 0x1E, 0x8D, 0xF5, 0xFC,
    0x1F, 0x8D, 0xF8, 0xFC, 0x17, 0x83, 0xF2, 0xFB, 0x17, 0x83, 0xF2, 0xFB, 0x0E, 0x7A, 0xEB, 0xFC,
    0x17, 0x84, 0xF0, 0xF7, 0x24, 0x79, 0xD2, 0xF0, 0x24, 0x79, 0xD2, 0xF0, 0x03, 0x25, 0x6B, 0xC8,
    0x1C, 0x64, 0xB5, 0x23, 0x00, 0x00, 0x00, 0x00, 0x00, 0x00, 0x00, 0x00, 0x2A, 0x7B, 0xCB, 0x04,
    0x2D, 0x7D, 0xCB, 0x01, 0x2D, 0x7D, 0xCB, 0x01, 0x2E, 0x7D, 0xCC, 0x01, 0x00, 0x00, 0x00, 0x00,
    0x00, 0x00, 0x00, 0x00, 0x00, 0x00, 0x00, 0x00, 0x00, 0x00, 0x00, 0x00, 0x00, 0x00, 0x00, 0x00,
    0x00, 0x00, 0x00, 0x00, 0x00, 0x00, 0x00, 0x00, 0x00, 0x00, 0x00, 0x00, 0x00, 0x00, 0x00, 0x00,
    0x00, 0x00, 0x00, 0x00, 0x00, 0x00, 0x00, 0x00, 0x00, 0x00, 0x00, 0x00, 0x00, 0x00, 0x00, 0x00,
    0x00, 0x00, 0x00, 0x00, 0x00, 0x00, 0x00, 0x00, 0x00, 0x00, 0x00, 0x00, 0x00, 0x00, 0x00, 0x00,
    0x00, 0x00, 0x00, 0x00, 0x40, 0x86, 0xCD, 0x01, 0x3E, 0x87, 0xCF, 0x03, 0x3E, 0x87, 0xCF, 0x03,
    0x00, 0x00, 0x00, 0x00, 0x02, 0x09, 0x2E, 0x5E, 0x5E, 0x7F, 0xC4, 0xEC, 0x5E, 0x7F, 0xC4, 0xEC,
    0x95, 0xBE, 0xFC, 0xFB, 0x7F, 0xA2, 0xF8, 0xFB, 0x7F, 0xA2, 0xF8, 0xFB, 0x86, 0xAC, 0xFB, 0xFC,
    0x8C, 0xAF, 0xFD, 0xFC, 0x7A, 0x95, 0xF9, 0xFC, 0x7A, 0x95, 0xF9, 0xFC, 0x51, 0x76, 0xE1, 0xFC,
    0x2E, 0x64, 0xD2, 0xFC, 0x2E, 0x64, 0xD2, 0xFC, 0x37, 0x8A, 0xF2, 0xFC, 0x3D, 0xA4, 0xFD, 0xFC,
    0x3B, 0xA3, 0xFC, 0xFC, 0x3B, 0xA3, 0xFC, 0xFC, 0x3C, 0xA6, 0xFD, 0xFC, 0x3A, 0xA3, 0xFD, 0xFC,
    0x3C, 0xA7, 0xFE, 0xFC, 0x3C, 0xA7, 0xFE, 0xFC, 0x3D, 0xA9, 0xFE, 0xFC, 0x3B, 0xA9, 0xFF, 0xFC,
    0x3B, 0xA9, 0xFF, 0xFC, 0x3A, 0xA6, 0xFE, 0xFD, 0x3C, 0xAA, 0xFE, 0xFD, 0x3A, 0xA7, 0xFE, 0xFD,
    0x3A, 0xA7, 0xFE, 0xFD, 0x36, 0xA7, 0xFE, 0xFD, 0x33, 0xA5, 0xFD, 0xFD, 0x33, 0xA5, 0xFD, 0xFD,
    0x33, 0xA5, 0xFD, 0xFD, 0x34, 0xA5, 0xFD, 0xFD, 0x34, 0xA7, 0xFE, 0xFD, 0x34, 0xA7, 0xFE, 0xFD,
    0x35, 0xA5, 0xFD, 0xFD, 0x39, 0xAA, 0xFE, 0xFD, 0x3B, 0xA8, 0xFE, 0xFD, 0x3B, 0xA8, 0xFE, 0xFD,
    0x3E, 0xAA, 0xFE, 0xFD, 0x40, 0xAC, 0xFE, 0xFD, 0x41, 0xAD, 0xFE, 0xFD, 0x41, 0xAD, 0xFE, 0xFD,
    0x40, 0xAB, 0xFE, 0xFD, 0x3F, 0xAB, 0xFE, 0xFD, 0x3F, 0xAB, 0xFE, 0xFD, 0x41, 0xAB, 0xFE, 0xFD,
    0x44, 0xB0, 0xFF, 0xFD, 0x46, 0xB1, 0xFF, 0xFD, 0x46, 0xB1, 0xFF, 0xFD, 0x48, 0xB2, 0xFF, 0xFD,
    0x46, 0xB0, 0xFF, 0xFD, 0x42, 0xAF, 0xFE, 0xFD, 0x42, 0xAF, 0xFE, 0xFD, 0x40, 0xAE, 0xFE, 0xFD,
    0x3D, 0xAD, 0xFE, 0xFD, 0x3D, 0xAD, 0xFE, 0xFD, 0x39, 0xAA, 0xFE, 0xFD, 0x36, 0xA8, 0xFD, 0xFD,
    0x34, 0xA6, 0xFD, 0xFD, 0x34, 0xA6, 0xFD, 0xFD, 0x33, 0xA6, 0xFD, 0xFD, 0x36, 0xA6, 0xFD, 0xFD,
    0x38, 0xA7, 0xFD, 0xFD, 0x38, 0xA7, 0xFD, 0xFD, 0x39, 0xA5, 0xFD, 0xFD, 0x38, 0xA5, 0xFD, 0xFD,
    0x38, 0xA5, 0xFD, 0xFD, 0x38, 0xA4, 0xFD, 0xFD, 0x39, 0xA4, 0xFE, 0xFD, 0x38, 0xA4, 0xFE, 0xFD,
    0x38, 0xA4, 0xFE, 0xFD, 0x33, 0xA1, 0xFD, 0xFD, 0x24, 0x8E, 0xF8, 0xFD, 0x17, 0x82, 0xF5, 0xFD,
    0x17, 0x82, 0xF5, 0xFD, 0x0C, 0x76, 0xED, 0xFD, 0x0F, 0x7B, 0xF1, 0xFD, 0x0F, 0x7B, 0xF1, 0xFD,
    0x16, 0x72, 0xE5, 0xFD, 0x01, 0x2A, 0x86, 0xFD, 0x00, 0x26, 0x79, 0xFD, 0x00, 0x26, 0x79, 0xFD,
    0x1D, 0x81, 0xE7, 0xFD, 0x1F, 0x95, 0xFF, 0xFD, 0x20, 0x93, 0xFD, 0xFD, 0x20, 0x93, 0xFD, 0xFD,
    0x1C, 0x88, 0xF2, 0xFD, 0x21, 0x93, 0xF8, 0xFC, 0x21, 0x93, 0xF8, 0xFC, 0x1E, 0x8D, 0xF5, 0xFC,
    0x1F, 0x8D, 0xF8, 0xFC, 0x17, 0x83, 0xF2, 0xFB, 0x17, 0x83, 0xF2, 0xFB, 0x0E, 0x7A, 0xEB, 0xFC,
    0x17, 0x84, 0xF0, 0xF7, 0x24, 0x79, 0xD2, 0xF0, 0x24, 0x79, 0xD2, 0xF0, 0x03, 0x25, 0x6B, 0xC8,
    0x1C, 0x64, 0xB5, 0x23, 0x00, 0x00, 0x00, 0x00, 0x00, 0x00, 0x00, 0x00, 0x2A, 0x7B, 0xCB, 0x04,
    0x2D, 0x7D, 0xCB, 0x01, 0x2D, 0x7D, 0xCB, 0x01, 0x2E, 0x7D, 0xCC, 0x01, 0x00, 0x00, 0x00, 0x00,
    0x00, 0x00, 0x00, 0x00, 0x00, 0x00, 0x00, 0x00, 0x00, 0x00, 0x00, 0x00, 0x00, 0x00, 0x00, 0x00,
    0x00, 0x00, 0x00, 0x00, 0x00, 0x00, 0x00, 0x00, 0x00, 0x00, 0x00, 0x00, 0x00, 0x00, 0x00, 0x00,
    0x00, 0x00, 0x00, 0x00, 0x00, 0x00, 0x00, 0x00, 0x00, 0x00, 0x00, 0x00, 0x00, 0x00, 0x00, 0x00,
    0x00, 0x00, 0x00, 0x00, 0x00, 0x00, 0x00, 0x00, 0x00, 0x00, 0x00, 0x00, 0x00, 0x00, 0x00, 0x00,
    0x00, 0x00, 0x00, 0x00, 0x41, 0x87, 0xCE, 0x01, 0x3C, 0x85, 0xCD, 0x02, 0x3C, 0x85, 0xCD, 0x02,
    0x00, 0x00, 0x00, 0x00, 0x0A, 0x21, 0x59, 0x43, 0x66, 0x8D, 0xCC, 0xD4, 0x66, 0x8D, 0xCC, 0xD4,
    0x9D, 0xCD, 0xFD, 0xF9, 0x81, 0xA1, 0xF9, 0xFB, 0x81, 0xA1, 0xF9, 0xFB, 0x8C, 0xA9, 0xFB, 0xFC,
    0x94, 0xB9, 0xFE, 0xFC, 0x79, 0x95, 0xF9, 0xFC, 0x79, 0x95, 0xF9, 0xFC, 0x4A, 0x70, 0xDC, 0xFC,
    0x30, 0x69, 0xD5, 0xFC, 0x30, 0x69, 0xD5, 0xFC, 0x39, 0x91, 0xF9, 0xFC, 0x3E, 0xA6, 0xFE, 0xFC,
    0x3D, 0xA5, 0xFD, 0xFC, 0x3D, 0xA5, 0xFD, 0xFC, 0x3E, 0xA7, 0xFD, 0xFC, 0x3C, 0xA6, 0xFE, 0xFC,
    0x3C, 0xA8, 0xFE, 0xFC, 0x3C, 0xA8, 0xFE, 0xFC, 0x39, 0xA7, 0xFE, 0xFC, 0x39, 0xA9, 0xFE, 0xFC,
    0x39, 0xA9, 0xFE, 0xFC, 0x39, 0xA8, 0xFF, 0xFD, 0x3A, 0xAA, 0xFF, 0xFD, 0x38, 0xA8, 0xFE, 0xFD,
    0x38, 0xA8, 0xFE, 0xFD, 0x39, 0xAA, 0xFE, 0xFD, 0x36, 0xA7, 0xFE, 0xFD, 0x36, 0xA8, 0xFE, 0xFD,
    0x36, 0xA8, 0xFE, 0xFD, 0x36, 0xA6, 0xFE, 0xFD, 0x39, 0xAB, 0xFE, 0xFD, 0x39, 0xAB, 0xFE, 0xFD,
    0x3B, 0xAB, 0xFE, 0xFD, 0x3C, 0xAD, 0xFE, 0xFD, 0x3B, 0xAB, 0xFD, 0xFD, 0x3B, 0xAB, 0xFD, 0xFD,
    0x3E, 0xAC, 0xFD, 0xFD, 0x40, 0xAD, 0xFE, 0xFD, 0x43, 0xAE, 0xFE, 0xFD, 0x43, 0xAE, 0xFE, 0xFD,
    0x4A, 0xAF, 0xFE, 0xFD, 0x51, 0xB4, 0xFE, 0xFD, 0x51, 0xB4, 0xFE, 0xFD, 0x4D, 0xB1, 0xFE, 0xFD,
    0x48, 0xB1, 0xFE, 0xFD, 0x48, 0xB3, 0xFF, 0xFD, 0x48, 0xB3, 0xFF, 0xFD, 0x49, 0xB3, 0xFF, 0xFD,
    0x46, 0xB2, 0xFF, 0xFD, 0x43, 0xB1, 0xFE, 0xFD, 0x43, 0xB1, 0xFE, 0xFD, 0x41, 0xAF, 0xFE, 0xFD,
    0x3D, 0xAE, 0xFE, 0xFD, 0x3D, 0xAE, 0xFE, 0xFD, 0x3A, 0xAA, 0xFE, 0xFD, 0x34, 0xA6, 0xFD, 0xFD,
    0x32, 0xA5, 0xFD, 0xFD, 0x32, 0xA5, 0xFD, 0xFD, 0x33, 0xA6, 0xFD, 0xFD, 0x37, 0xA6, 0xFE, 0xFD,
    0x3A, 0xA9, 0xFE, 0xFD, 0x3A, 0xA9, 0xFE, 0xFD, 0x39, 0xA6, 0xFE, 0xFD, 0x39, 0xA6, 0xFE, 0xFD,
    0x39, 0xA6, 0xFE, 0xFD, 0x36, 0xA2, 0xFD, 0xFD, 0x33, 0xA0, 0xFD, 0xFD, 0x2F, 0x9C, 0xFC, 0xFD,
    0x2F, 0x9C, 0xFC, 0xFD, 0x2A, 0x98, 0xFC, 0xFD, 0x23, 0x8D, 0xF9, 0xFD, 0x1C, 0x88, 0xF9, 0xFD,
    0x1C, 0x88, 0xF9, 0xFD, 0x14, 0x82, 0xF6, 0xFD, 0x14, 0x84, 0xF8, 0xFD, 0x14, 0x84, 0xF8, 0xFD,
    0x1D, 0x81, 0xF8, 0xFD, 0x04, 0x38, 0x93, 0xFD, 0x01, 0x2B, 0x78, 0xFD, 0x01, 0x2B, 0x78, 0xFD,
    0x2F, 0x96, 0xF8, 0xFD, 0x27, 0xA1, 0xFF, 0xFD, 0x23, 0x98, 0xFF, 0xFD, 0x23, 0x98, 0xFF, 0xFD,
    0x21, 0x8E, 0xF8, 0xFD, 0x1F, 0x8E, 0xF6, 0xFC, 0x1F, 0x8E, 0xF6, 0xFC, 0x1D, 0x8C, 0xF5, 0xFC,
    0x1F, 0x90, 0xFA, 0xFC, 0x19, 0x88, 0xF5, 0xFB, 0x19, 0x88, 0xF5, 0xFB, 0x12, 0x81, 0xEF, 0xFC,
    0x1A, 0x8A, 0xF8, 0xF6, 0x19, 0x69, 0xC9, 0xEC, 0x19, 0x69, 0xC9, 0xEC, 0x01, 0x0D, 0x3D, 0xD4,
    0x1D, 0x5B, 0xA3, 0x35, 0x00, 0x00, 0x00, 0x00, 0x00, 0x00, 0x00, 0x00, 0x29, 0x7B, 0xC9, 0x05,
    0x2D, 0x7D, 0xCB, 0x01, 0x2D, 0x7D, 0xCB, 0x01, 0x2E, 0x7D, 0xCB, 0x01, 0x00, 0x00, 0x00, 0x00,
    0x00, 0x00, 0x00, 0x00, 0x00, 0x00, 0x00, 0x00, 0x00, 0x00, 0x00, 0x00, 0x00, 0x00, 0x00, 0x00,
    0x00, 0x00, 0x00, 0x00, 0x00, 0x00, 0x00, 0x00, 0x00, 0x00, 0x00, 0x00, 0x00, 0x00, 0x00, 0x00,
    0x00, 0x00, 0x00, 0x00, 0x00, 0x00, 0x00, 0x00, 0x00, 0x00, 0x00, 0x00, 0x00, 0x00, 0x00, 0x00,
    0x00, 0x00, 0x00, 0x00, 0x00, 0x00, 0x00, 0x00, 0x00, 0x00, 0x00, 0x00, 0x00, 0x00, 0x00, 0x00,
    0x00, 0x00, 0x00, 0x00, 0x42, 0x87, 0xCF, 0x01, 0x3C, 0x85, 0xCE, 0x02, 0x3C, 0x85, 0xCE, 0x02,
    0x39, 0x86, 0xCE, 0x02, 0x2D, 0x67, 0xAB, 0x1C, 0x39, 0x64, 0x9B, 0xBE, 0x39, 0x64, 0x9B, 0xBE,
    0x62, 0x83, 0xCA, 0xFB, 0x85, 0xA4, 0xF7, 0xFC, 0x85, 0xA4, 0xF7, 0xFC, 0x8E, 0xAA, 0xFB, 0xFC,
    0x93, 0xB2, 0xFC, 0xFC, 0x71, 0x8E, 0xF4, 0xFC, 0x71, 0x8E, 0xF4, 0xFC, 0x41, 0x66, 0xD6, 0xFC,
    0x2D, 0x67, 0xD4, 0xFC, 0x2D, 0x67, 0xD4, 0xFC, 0x3B, 0x95, 0xFB, 0xFC, 0x3E, 0xA6, 0xFE, 0xFC,
    0x3D, 0xA5, 0xFD, 0xFC, 0x3D, 0xA5, 0xFD, 0xFC, 0x3D, 0xA6, 0xFD, 0xFC, 0x3B, 0xA7, 0xFE, 0xFC,
    0x38, 0xA5, 0xFE, 0xFC, 0x38, 0xA5, 0xFE, 0xFC, 0x36, 0xA5, 0xFE, 0xFC, 0x37, 0xA7, 0xFE, 0xFC,
    0x37, 0xA7, 0xFE, 0xFC, 0x36, 0xA4, 0xFE, 0xFD, 0x38, 0xA7, 0xFE, 0xFD, 0x3A, 0xA8, 0xFE, 0xFD,
    0x3A, 0xA8, 0xFE, 0xFD, 0x39, 0xA9, 0xFF, 0xFD, 0x36, 0xA7, 0xFE, 0xFD, 0x37, 0xA9, 0xFE, 0xFD,
    0x37, 0xA9, 0xFE, 0xFD, 0x37, 0xA9, 0xFE, 0xFD, 0x38, 0xAA, 0xFE, 0xFD, 0x38, 0xAA, 0xFE, 0xFD,
    0x39, 0xAA, 0xFD, 0xFD, 0x39, 0xAA, 0xFD, 0xFD, 0x3B, 0xAA, 0xFD, 0xFD, 0x3B, 0xAA, 0xFD, 0xFD,
    0x3D, 0xAC, 0xFE, 0xFD, 0x3D, 0xAA, 0xFE, 0xFD, 0x42, 0xAC, 0xFF, 0xFD, 0x42, 0xAC, 0xFF, 0xFD,
    0x52, 0xB2, 0xFE, 0xFD, 0x70, 0xC6, 0xFE, 0xFD, 0x70, 0xC6, 0xFE, 0xFD, 0x6C, 0xC5, 0xFE, 0xFD,
    0x51, 0xB6, 0xFD, 0xFD, 0x49, 0xB1, 0xFE, 0xFD, 0x49, 0xB1, 0xFE, 0xFD, 0x49, 0xB3, 0xFF, 0xFD,
    0x46, 0xB3, 0xFE, 0xFD, 0x43, 0xB1, 0xFE, 0xFD, 0x43, 0xB1, 0xFE, 0xFD, 0x40, 0xAE, 0xFD, 0xFD,
    0x3D, 0xAE, 0xFD, 0xFD, 0x3D, 0xAE, 0xFD, 0xFD, 0x39, 0xAB, 0xFD, 0xFD, 0x37, 0xA8, 0xFB, 0xFD,
    0x2A, 0x97, 0xF1, 0xFD, 0x2A, 0x97, 0xF1, 0xFD, 0x34, 0xA2, 0xFC, 0xFD, 0x3A, 0xA8, 0xFE, 0xFD,
    0x3A, 0xA5, 0xFD, 0xFD, 0x3A, 0xA5, 0xFD, 0xFD, 0x3B, 0xA8, 0xFE, 0xFD, 0x37, 0xA6, 0xFE, 0xFD,
    0x37, 0xA6, 0xFE, 0xFD, 0x2C, 0x9B, 0xFB, 0xFD, 0x24, 0x94, 0xF7, 0xFD, 0x21, 0x8E, 0xF5, 0xFD,
    0x21, 0x8E, 0xF5, 0xFD, 0x24, 0x93, 0xFB, 0xFD, 0x22, 0x8C, 0xF9, 0xFD, 0x1E, 0x88, 0xF9, 0xFD,
    0x1E, 0x88, 0xF9, 0xFD, 0x1B, 0x8A, 0xFA, 0xFD, 0x10, 0x7E, 0xF3, 0xFD, 0x10, 0x7E, 0xF3, 0xFD,
    0x1E, 0x83, 0xFC, 0xFD, 0x03, 0x34, 0x93, 0xFD, 0x00, 0x26, 0x77, 0xFD, 0x00, 0x26, 0x77, 0xFD,
    0x31, 0x99, 0xFB, 0xFD, 0x22, 0x97, 0xFF, 0xFD, 0x1F, 0x8F, 0xFA, 0xFD, 0x1F, 0x8F, 0xFA, 0xFD,
    0x22, 0x90, 0xF9, 0xFD, 0x1E, 0x8C, 0xF6, 0xFC, 0x1E, 0x8C, 0xF6, 0xFC, 0x1A, 0x8A, 0xF3, 0xFC,
    0x1C, 0x8C, 0xF9, 0xFC, 0x17, 0x85, 0xF4, 0xFB, 0x17, 0x85, 0xF4, 0xFB, 0x10, 0x7F, 0xF0, 0xFC,
    0x1C, 0x8B, 0xF8, 0xFA, 0x12, 0x58, 0xB7, 0xF7, 0x12, 0x58, 0xB7, 0xF7, 0x00, 0x0C, 0x3C, 0xDD,
    0x23, 0x5F, 0xA7, 0x35, 0x28, 0x7E, 0xD3, 0x03, 0x28, 0x7E, 0xD3, 0x03, 0x28, 0x7A, 0xC8, 0x06,
    0x2D, 0x7D, 0xCB, 0x01, 0x2D, 0x7D, 0xCB, 0x01, 0x2E, 0x7E, 0xCC, 0x01, 0x00, 0x00, 0x00, 0x00,
    0x00, 0x00, 0x00, 0x00, 0x00, 0x00, 0x00, 0x00, 0x00, 0x00, 0x00, 0x00, 0x00, 0x00, 0x00, 0x00,
    0x00, 0x00, 0x00, 0x00, 0x00, 0x00, 0x00, 0x00, 0x00, 0x00, 0x00, 0x00, 0x00, 0x00, 0x00, 0x00,
    0x00, 0x00, 0x00, 0x00, 0x00, 0x00, 0x00, 0x00, 0x00, 0x00, 0x00, 0x00, 0x00, 0x00, 0x00, 0x00,
    0x00, 0x00, 0x00, 0x00, 0x00, 0x00, 0x00, 0x00, 0x00, 0x00, 0x00, 0x00, 0x00, 0x00, 0x00, 0x00,
    0x00, 0x00, 0x00, 0x00, 0x40, 0x86, 0xCF, 0x01, 0x40, 0x87, 0xD0, 0x01, 0x40, 0x87, 0xD0, 0x01,
    0x36, 0x82, 0xCB, 0x03, 0x3C, 0x87, 0xCF, 0x01, 0x29, 0x50, 0x86, 0x60, 0x29, 0x50, 0x86, 0x60,
    0x11, 0x14, 0x44, 0xE9, 0x76, 0x98, 0xDE, 0xFC, 0x76, 0x98, 0xDE, 0xFC, 0xA1, 0xC5, 0xFD, 0xFA,
    0x8F, 0xA6, 0xF7, 0xFC, 0x6A, 0x88, 0xEB, 0xFC, 0x6A, 0x88, 0xEB, 0xFC, 0x3D, 0x67, 0xD7, 0xFC,
    0x33, 0x76, 0xE3, 0xFC, 0x33, 0x76, 0xE3, 0xFC, 0x3C, 0x9D, 0xFD, 0xFC, 0x3D, 0xA7, 0xFE, 0xFC,
    0x3D, 0xA6, 0xFE, 0xFC, 0x3D, 0xA6, 0xFE, 0xFC, 0x3E, 0xA8, 0xFD, 0xFC, 0x3A, 0xA6, 0xFD, 0xFC,
    0x39, 0xA7, 0xFD, 0xFC, 0x39, 0xA7, 0xFD, 0xFC, 0x35, 0xA6, 0xFD, 0xFC, 0x34, 0xA5, 0xFE, 0xFD,
    0x34, 0xA5, 0xFE, 0xFD, 0x38, 0xA5, 0xFD, 0xFD, 0x41, 0xAA, 0xFC, 0xFD, 0x43, 0xAC, 0xFD, 0xFD,
    0x43, 0xAC, 0xFD, 0xFD, 0x3C, 0xAB, 0xFE, 0xFD, 0x37, 0xAA, 0xFE, 0xFD, 0x37, 0xAA, 0xFE, 0xFD,
    0x37, 0xAA, 0xFE, 0xFD, 0x38, 0xAB, 0xFE, 0xFD, 0x39, 0xAB, 0xFE, 0xFD, 0x39, 0xAB, 0xFE, 0xFD,
    0x38, 0xAB, 0xFE, 0xFD, 0x39, 0xAD, 0xFE, 0xFD, 0x39, 0xAA, 0xFD, 0xFD, 0x39, 0xAA, 0xFD, 0xFD,
    0x3B, 0xAB, 0xFE, 0xFD, 0x3E, 0xAD, 0xFE, 0xFD, 0x41, 0xAC, 0xFF, 0xFD, 0x41, 0xAC, 0xFF, 0xFD,
    0x4D, 0xAF, 0xFE, 0xFD, 0x67, 0xC0, 0xFE, 0xFD, 0x67, 0xC0, 0xFE, 0xFD, 0x67, 0xC0, 0xFE, 0xFD,
    0x4F, 0xB2, 0xFD, 0xFD, 0x4B, 0xB4, 0xFE, 0xFD, 0x4B, 0xB4, 0xFE, 0xFD, 0x4A, 0xB4, 0xFE, 0xFD,
    0x47, 0xB2, 0xFE, 0xFD, 0x43, 0xB1, 0xFE, 0xFD, 0x43, 0xB1, 0xFE, 0xFD, 0x3D, 0xAE, 0xFD, 0xFD,
    0x3B, 0xAD, 0xFD, 0xFD, 0x3B, 0xAD, 0xFD, 0xFD, 0x38, 0xA7, 0xFB, 0xFD, 0x27, 0x89, 0xE0, 0xFD,
    0x10, 0x69, 0xBE, 0xFD, 0x10, 0x69, 0xBE, 0xFD, 0x39, 0xA4, 0xFA, 0xFD, 0x3E, 0xAD, 0xFD, 0xFD,
    0x3B, 0xA7, 0xFD, 0xFD, 0x3B, 0xA7, 0xFD, 0xFD, 0x3A, 0xA5, 0xFD, 0xFD, 0x33, 0xA4, 0xFE, 0xFD,
    0x33, 0xA4, 0xFE, 0xFD, 0x2A, 0x9C, 0xFC, 0xFD, 0x29, 0x99, 0xFA, 0xFD, 0x29, 0x96, 0xFA, 0xFD,
    0x29, 0x96, 0xFA, 0xFD, 0x2D, 0x9C, 0xFC, 0xFD, 0x25, 0x90, 0xF9, 0xFD, 0x1F, 0x89, 0xF8, 0xFD,
    0x1F, 0x89, 0xF8, 0xFD, 0x1A, 0x8B, 0xFA, 0xFD, 0x12, 0x83, 0xF8, 0xFD, 0x12, 0x83, 0xF8, 0xFD,
    0x1F, 0x86, 0xFF, 0xFD, 0x03, 0x37, 0x92, 0xFD, 0x04, 0x38, 0x87, 0xFD, 0x04, 0x38, 0x87, 0xFD,
    0x37, 0xA5, 0xFF, 0xFD, 0x22, 0x9A, 0xFF, 0xFD, 0x20, 0x91, 0xFB, 0xFD, 0x20, 0x91, 0xFB, 0xFD,
    0x21, 0x90, 0xFA, 0xFD, 0x22, 0x96, 0xFA, 0xFC, 0x22, 0x96, 0xFA, 0xFC, 0x1B, 0x8D, 0xF6, 0xFC,
    0x1B, 0x8B, 0xF8, 0xFC, 0x1A, 0x86, 0xF7, 0xFC, 0x1A, 0x86, 0xF7, 0xFC, 0x12, 0x82, 0xF5, 0xFB,
    0x15, 0x87, 0xF7, 0xF9, 0x10, 0x66, 0xD3, 0xF8, 0x10, 0x66, 0xD3, 0xF8, 0x02, 0x2B, 0x7D, 0xEA,
    0x1B, 0x55, 0x9A, 0x75, 0x21, 0x6F, 0xBD, 0x0F, 0x21, 0x6F, 0xBD, 0x0F, 0x2B, 0x7D, 0xCD, 0x03,
    0x2C, 0x7D, 0xCC, 0x03, 0x2C, 0x7D, 0xCC, 0x03, 0x2E, 0x7E, 0xCC, 0x01, 0x00, 0x00, 0x00, 0x00,
    0x00, 0x00, 0x00, 0x00, 0x00, 0x00, 0x00, 0x00, 0x00, 0x00, 0x00, 0x00, 0x00, 0x00, 0x00, 0x00,
    0x00, 0x00, 0x00, 0x00, 0x00, 0x00, 0x00, 0x00, 0x00, 0x00, 0x00, 0x00, 0x00, 0x00, 0x00, 0x00,
    0x00, 0x00, 0x00, 0x00, 0x00, 0x00, 0x00, 0x00, 0x00, 0x00, 0x00, 0x00, 0x00, 0x00, 0x00, 0x00,
    0x00, 0x00, 0x00, 0x00, 0x00, 0x00, 0x00, 0x00, 0x00, 0x00, 0x00, 0x00, 0x00, 0x00, 0x00, 0x00,
    0x00, 0x00, 0x00, 0x00, 0x40, 0x86, 0xCF, 0x01, 0x40, 0x87, 0xD0, 0x01, 0x40, 0x87, 0xD0, 0x01,
    0x36, 0x82, 0xCB, 0x03, 0x3C, 0x87, 0xCF, 0x01, 0x29, 0x50, 0x86, 0x60, 0x29, 0x50, 0x86, 0x60,
    0x11, 0x14, 0x44, 0xE9, 0x76, 0x98, 0xDE, 0xFC, 0x76, 0x98, 0xDE, 0xFC, 0xA1, 0xC5, 0xFD, 0xFA,
    0x8F, 0xA6, 0xF7, 0xFC, 0x6A, 0x88, 0xEB, 0xFC, 0x6A, 0x88, 0xEB, 0xFC, 0x3D, 0x67, 0xD7, 0xFC,
    0x33, 0x76, 0xE3, 0xFC, 0x33, 0x76, 0xE3, 0xFC, 0x3C, 0x9D, 0xFD, 0xFC, 0x3D, 0xA7, 0xFE, 0xFC,
    0x3D, 0xA6, 0xFE, 0xFC, 0x3D, 0xA6, 0xFE, 0xFC, 0x3E, 0xA8, 0xFD, 0xFC, 0x3A, 0xA6, 0xFD, 0xFC,
    0x39, 0xA7, 0xFD, 0xFC, 0x39, 0xA7, 0xFD, 0xFC, 0x35, 0xA6, 0xFD, 0xFC, 0x34, 0xA5, 0xFE, 0xFD,
    0x34, 0xA5, 0xFE, 0xFD, 0x38, 0xA5, 0xFD, 0xFD, 0x41, 0xAA, 0xFC, 0xFD, 0x43, 0xAC, 0xFD, 0xFD,
    0x43, 0xAC, 0xFD, 0xFD, 0x3C, 0xAB, 0xFE, 0xFD, 0x37, 0xAA, 0xFE, 0xFD, 0x37, 0xAA, 0xFE, 0xFD,
    0x37, 0xAA, 0xFE, 0xFD, 0x38, 0xAB, 0xFE, 0xFD, 0x39, 0xAB, 0xFE, 0xFD, 0x39, 0xAB, 0xFE, 0xFD,
    0x38, 0xAB, 0xFE, 0xFD, 0x39, 0xAD, 0xFE, 0xFD, 0x39, 0xAA, 0xFD, 0xFD, 0x39, 0xAA, 0xFD, 0xFD,
    0x3B, 0xAB, 0xFE, 0xFD, 0x3E, 0xAD, 0xFE, 0xFD, 0x41, 0xAC, 0xFF, 0xFD, 0x41, 0xAC, 0xFF, 0xFD,
    0x4D, 0xAF, 0xFE, 0xFD, 0x67, 0xC0, 0xFE, 0xFD, 0x67, 0xC0, 0xFE, 0xFD, 0x67, 0xC0, 0xFE, 0xFD,
    0x4F, 0xB2, 0xFD, 0xFD, 0x4B, 0xB4, 0xFE, 0xFD, 0x4B, 0xB4, 0xFE, 0xFD, 0x4A, 0xB4, 0xFE, 0xFD,
    0x47, 0xB2, 0xFE, 0xFD, 0x43, 0xB1, 0xFE, 0xFD, 0x43, 0xB1, 0xFE, 0xFD, 0x3D, 0xAE, 0xFD, 0xFD,
    0x3B, 0xAD, 0xFD, 0xFD, 0x3B, 0xAD, 0xFD, 0xFD, 0x38, 0xA7, 0xFB, 0xFD, 0x27, 0x89, 0xE0, 0xFD,
    0x10, 0x69, 0xBE, 0xFD, 0x10, 0x69, 0xBE, 0xFD, 0x39, 0xA4, 0xFA, 0xFD, 0x3E, 0xAD, 0xFD, 0xFD,
    0x3B, 0xA7, 0xFD, 0xFD, 0x3B, 0xA7, 0xFD, 0xFD, 0x3A, 0xA5, 0xFD, 0xFD, 0x33, 0xA4, 0xFE, 0xFD,
    0x33, 0xA4, 0xFE, 0xFD, 0x2A, 0x9C, 0xFC, 0xFD, 0x29, 0x99, 0xFA, 0xFD, 0x29, 0x96, 0xFA, 0xFD,
    0x29, 0x96, 0xFA, 0xFD, 0x2D, 0x9C, 0xFC, 0xFD, 0x25, 0x90, 0xF9, 0xFD, 0x1F, 0x89, 0xF8, 0xFD,
    0x1F, 0x89, 0xF8, 0xFD, 0x1A, 0x8B, 0xFA, 0xFD, 0x12, 0x83, 0xF8, 0xFD, 0x12, 0x83, 0xF8, 0xFD,
    0x1F, 0x86, 0xFF, 0xFD, 0x03, 0x37, 0x92, 0xFD, 0x04, 0x38, 0x87, 0xFD, 0x04, 0x38, 0x87, 0xFD,
    0x37, 0xA5, 0xFF, 0xFD, 0x22, 0x9A, 0xFF, 0xFD, 0x20, 0x91, 0xFB, 0xFD, 0x20, 0x91, 0xFB, 0xFD,
    0x21, 0x90, 0xFA, 0xFD, 0x22, 0x96, 0xFA, 0xFC, 0x22, 0x96, 0xFA, 0xFC, 0x1B, 0x8D, 0xF6, 0xFC,
    0x1B, 0x8B, 0xF8, 0xFC, 0x1A, 0x86, 0xF7, 0xFC, 0x1A, 0x86, 0xF7, 0xFC, 0x12, 0x82, 0xF5, 0xFB,
    0x15, 0x87, 0xF7, 0xF9, 0x10, 0x66, 0xD3, 0xF8, 0x10, 0x66, 0xD3, 0xF8, 0x02, 0x2B, 0x7D, 0xEA,
    0x1B, 0x55, 0x9A, 0x75, 0x21, 0x6F, 0xBD, 0x0F, 0x21, 0x6F, 0xBD, 0x0F, 0x2B, 0x7D, 0xCD, 0x03,
    0x2C, 0x7D, 0xCC, 0x03, 0x2C, 0x7D, 0xCC, 0x03, 0x2E, 0x7E, 0xCC, 0x01, 0x00, 0x00, 0x00, 0x00,
    0x00, 0x00, 0x00, 0x00, 0x00, 0x00, 0x00, 0x00, 0x00, 0x00, 0x00, 0x00, 0x00, 0x00, 0x00, 0x00,
    0x00, 0x00, 0x00, 0x00, 0x00, 0x00, 0x00, 0x00, 0x00, 0x00, 0x00, 0x00, 0x00, 0x00, 0x00, 0x00,
    0x00, 0x00, 0x00, 0x00, 0x00, 0x00, 0x00, 0x00, 0x00, 0x00, 0x00, 0x00, 0x00, 0x00, 0x00, 0x00,
    0x00, 0x00, 0x00, 0x00, 0x00, 0x00, 0x00, 0x00, 0x00, 0x00, 0x00, 0x00, 0x00, 0x00, 0x00, 0x00,
    0x00, 0x00, 0x00, 0x00, 0x40, 0x86, 0xCF, 0x01, 0x41, 0x87, 0xD1, 0x01, 0x41, 0x87, 0xD1, 0x01,
    0x3D, 0x86, 0xD0, 0x03, 0x3A, 0x88, 0xD2, 0x06, 0x44, 0x80, 0xBF, 0x06, 0x44, 0x80, 0xBF, 0x06,
    0x0F, 0x1B, 0x49, 0x9F, 0x4E, 0x72, 0xAB, 0xFD, 0x4E, 0x72, 0xAB, 0xFD, 0xA5, 0xC8, 0xFC, 0xFB,
    0x8C, 0x9C, 0xEE, 0xFC, 0x67, 0x88, 0xE9, 0xFC, 0x67, 0x88, 0xE9, 0xFC, 0x32, 0x5B, 0xD1, 0xFC,
    0x33, 0x79, 0xEA, 0xFC, 0x33, 0x79, 0xEA, 0xFC, 0x3E, 0xA1, 0xFE, 0xFC, 0x3D, 0xA6, 0xFE, 0xFC,
    0x3E, 0xA8, 0xFE, 0xFC, 0x3E, 0xA8, 0xFE, 0xFC, 0x3E, 0xA9, 0xFE, 0xFC, 0x3B, 0xA6, 0xFD, 0xFC,
    0x39, 0xA7, 0xFD, 0xFC, 0x39, 0xA7, 0xFD, 0xFC, 0x34, 0xA5, 0xFD, 0xFC, 0x32, 0xA2, 0xFC, 0xFD,
    0x32, 0xA2, 0xFC, 0xFD, 0x41, 0xA6, 0xFA, 0xFD, 0x5D, 0xB6, 0xFC, 0xFD, 0x5C, 0xB6, 0xFC, 0xFD,
    0x5C, 0xB6, 0xFC, 0xFD, 0x40, 0xAA, 0xFC, 0xFD, 0x36, 0xA9, 0xFD, 0xFD, 0x38, 0xAA, 0xFD, 0xFD,
    0x38, 0xAA, 0xFD, 0xFD, 0x38, 0xA9, 0xFE, 0xFD, 0x39, 0xAB, 0xFE, 0xFD, 0x39, 0xAB, 0xFE, 0xFD,
    0x39, 0xAA, 0xFE, 0xFD, 0x37, 0xAA, 0xFE, 0xFD, 0x3A, 0xAB, 0xFE, 0xFD, 0x3A, 0xAB, 0xFE, 0xFD,
    0x3B, 0xAB, 0xFE, 0xFD, 0x3D, 0xA9, 0xFE, 0xFD, 0x42, 0xAD, 0xFE, 0xFD, 0x42, 0xAD, 0xFE, 0xFD,
    0x47, 0xAD, 0xFD, 0xFD, 0x50, 0xB0, 0xFD, 0xFD, 0x50, 0xB0, 0xFD, 0xFD, 0x4F, 0xB0, 0xFD, 0xFD,
    0x48, 0xAC, 0xFD, 0xFD, 0x49, 0xB0, 0xFD, 0xFD, 0x49, 0xB0, 0xFD, 0xFD, 0x4A, 0xB3, 0xFC, 0xFD,
    0x44, 0xAF, 0xFC, 0xFD, 0x3E, 0xAD, 0xFD, 0xFD, 0x3E, 0xAD, 0xFD, 0xFD, 0x38, 0xAA, 0xFD, 0xFD,
    0x31, 0xA3, 0xFA, 0xFD, 0x31, 0xA3, 0xFA, 0xFD, 0x20, 0x7F, 0xDA, 0xFD, 0x0C, 0x59, 0xAA, 0xFD,
    0x0C, 0x5C, 0xB3, 0xFD, 0x0C, 0x5C, 0xB3, 0xFD, 0x3B, 0xA7, 0xFA, 0xFD, 0x39, 0xAA, 0xFC, 0xFD,
    0x38, 0xA7, 0xFD, 0xFD, 0x38, 0xA7, 0xFD, 0xFD, 0x36, 0xA1, 0xFD, 0xFD, 0x33, 0xA3, 0xFE, 0xFD,
    0x33, 0xA3, 0xFE, 0xFD, 0x31, 0x9F, 0xFE, 0xFD, 0x37, 0xA4, 0xFE, 0xFD, 0x39, 0xA4, 0xFD, 0xFD,
    0x39, 0xA4, 0xFD, 0xFD, 0x2E, 0x96, 0xFA, 0xFD, 0x25, 0x8E, 0xF7, 0xFD, 0x1E, 0x88, 0xF7, 0xFD,
    0x1E, 0x88, 0xF7, 0xFD, 0x11, 0x7E, 0xF2, 0xFD, 0x10, 0x82, 0xF9, 0xFD, 0x10, 0x82, 0xF9, 0xFD,
    0x1B, 0x7D, 0xF8, 0xFD, 0x01, 0x21, 0x78, 0xFD, 0x07, 0x3C, 0x90, 0xFD, 0x07, 0x3C, 0x90, 0xFD,
    0x38, 0xA5, 0xFF, 0xFD, 0x21, 0x95, 0xFB, 0xFD, 0x20, 0x92, 0xFA, 0xFD, 0x20, 0x92, 0xFA, 0xFD,
    0x21, 0x91, 0xFB, 0xFC, 0x20, 0x91, 0xF8, 0xFC, 0x20, 0x91, 0xF8, 0xFC, 0x19, 0x8A, 0xF5, 0xFC,
    0x1C, 0x8A, 0xF9, 0xFC, 0x18, 0x83, 0xF6, 0xFC, 0x18, 0x83, 0xF6, 0xFC, 0x15, 0x84, 0xF8, 0xFB,
    0x0F, 0x7B, 0xF2, 0xFB, 0x10, 0x75, 0xEE, 0xFA, 0x10, 0x75, 0xEE, 0xFA, 0x13, 0x5F, 0xC6, 0xF8,
    0x00, 0x1B, 0x57, 0xDF, 0x11, 0x48, 0x8F, 0x46, 0x11, 0x48, 0x8F, 0x46, 0x30, 0x84, 0xD6, 0x01,
    0x2B, 0x7E, 0xCC, 0x05, 0x2B, 0x7E, 0xCC, 0x05, 0x2F, 0x7F, 0xCD, 0x02, 0x00, 0x00, 0x00, 0x00,
    0x00, 0x00, 0x00, 0x00, 0x00, 0x00, 0x00, 0x00, 0x00, 0x00, 0x00, 0x00, 0x00, 0x00, 0x00, 0x00,
    0x00, 0x00, 0x00, 0x00, 0x00, 0x00, 0x00, 0x00, 0x00, 0x00, 0x00, 0x00, 0x00, 0x00, 0x00, 0x00,
    0x00, 0x00, 0x00, 0x00, 0x00, 0x00, 0x00, 0x00, 0x00, 0x00, 0x00, 0x00, 0x00, 0x00, 0x00, 0x00,
    0x00, 0x00, 0x00, 0x00, 0x00, 0x00, 0x00, 0x00, 0x00, 0x00, 0x00, 0x00, 0x00, 0x00, 0x00, 0x00,
    0x00, 0x00, 0x00, 0x00, 0x40, 0x88, 0xD0, 0x01, 0x42, 0x88, 0xD1, 0x01, 0x42, 0x88, 0xD1, 0x01,
    0x42, 0x8A, 0xD1, 0x01, 0x3E, 0x8B, 0xD1, 0x04, 0x43, 0x8F, 0xD2, 0x01, 0x43, 0x8F, 0xD2, 0x01,
    0x39, 0x72, 0xAF, 0x53, 0x20, 0x44, 0x84, 0xD6, 0x20, 0x44, 0x84, 0xD6, 0x3D, 0x61, 0xA9, 0xFA,
    0x8B, 0xB0, 0xF6, 0xFB, 0x72, 0xA3, 0xF9, 0xFB, 0x72, 0xA3, 0xF9, 0xFB, 0x2F, 0x66, 0xDC, 0xFC,
    0x32, 0x87, 0xF4, 0xFC, 0x32, 0x87, 0xF4, 0xFC, 0x3D, 0xA3, 0xFE, 0xFC, 0x3F, 0xA7, 0xFE, 0xFC,
    0x40, 0xAA, 0xFE, 0xFC, 0x40, 0xAA, 0xFE, 0xFC, 0x3F, 0xAB, 0xFE, 0xFC, 0x3D, 0xAA, 0xFE, 0xFC,
    0x3B, 0xAA, 0xFE, 0xFC, 0x3B, 0xAA, 0xFE, 0xFC, 0x36, 0xA7, 0xFD, 0xFD, 0x36, 0xA4, 0xFD, 0xFD,
    0x36, 0xA4, 0xFD, 0xFD, 0x4D, 0xAC, 0xFA, 0xFD, 0x7A, 0xC5, 0xFD, 0xFD, 0x74, 0xC3, 0xFC, 0xFD,
    0x74, 0xC3, 0xFC, 0xFD, 0x48, 0xAE, 0xFB, 0xFD, 0x37, 0xAA, 0xFC, 0xFD, 0x38, 0xAC, 0xFD, 0xFD,
    0x38, 0xAC, 0xFD, 0xFD, 0x3A, 0xAD, 0xFE, 0xFD, 0x3B, 0xAE, 0xFE, 0xFD, 0x3B, 0xAE, 0xFE, 0xFD,
    0x3B, 0xAD, 0xFE, 0xFD, 0x3C, 0xAE, 0xFE, 0xFD, 0x3C, 0xAB, 0xFD, 0xFD, 0x3C, 0xAB, 0xFD, 0xFD,
    0x3E, 0xAE, 0xFE, 0xFD, 0x42, 0xAE, 0xFE, 0xFD, 0x45, 0xAF, 0xFE, 0xFD, 0x45, 0xAF, 0xFE, 0xFD,
    0x49, 0xAE, 0xFD, 0xFD, 0x4C, 0xAF, 0xFD, 0xFD, 0x4C, 0xAF, 0xFD, 0xFD, 0x4B, 0xAF, 0xFD, 0xFD,
    0x4A, 0xB0, 0xFD, 0xFD, 0x48, 0xAE, 0xFC, 0xFD, 0x48, 0xAE, 0xFC, 0xFD, 0x47, 0xB3, 0xFC, 0xFD,
    0x3D, 0xAE, 0xFC, 0xFD, 0x3C, 0xAF, 0xFC, 0xFD, 0x3C, 0xAF, 0xFC, 0xFD, 0x2F, 0x9C, 0xF6, 0xFD,
    0x1F, 0x85, 0xDD, 0xFD, 0x1F, 0x85, 0xDD, 0xFD, 0x11, 0x6D, 0xC4, 0xFD, 0x1F, 0x7D, 0xD4, 0xFD,
    0x31, 0x97, 0xED, 0xFD, 0x31, 0x97, 0xED, 0xFD, 0x3C, 0xAB, 0xFC, 0xFD, 0x37, 0xA9, 0xFC, 0xFD,
    0x38, 0xAA, 0xFD, 0xFD, 0x38, 0xAA, 0xFD, 0xFD, 0x36, 0xA4, 0xFE, 0xFD, 0x33, 0xA1, 0xFE, 0xFD,
    0x33, 0xA1, 0xFE, 0xFD, 0x36, 0xA3, 0xFE, 0xFD, 0x3E, 0xAA, 0xFE, 0xFD, 0x39, 0xA3, 0xFD, 0xFD,
    0x39, 0xA3, 0xFD, 0xFD, 0x33, 0x9F, 0xFD, 0xFD, 0x23, 0x8D, 0xF8, 0xFD, 0x19, 0x84, 0xF5, 0xFD,
    0x19, 0x84, 0xF5, 0xFD, 0x12, 0x7F, 0xF2, 0xFD, 0x12, 0x88, 0xFB, 0xFD, 0x12, 0x88, 0xFB, 0xFD,
    0x18, 0x7C, 0xF3, 0xFD, 0x00, 0x17, 0x6D, 0xFD, 0x13, 0x53, 0xAC, 0xFD, 0x13, 0x53, 0xAC, 0xFD,
    0x3A, 0xAD, 0xFF, 0xFD, 0x28, 0xA1, 0xFD, 0xFD, 0x25, 0x9B, 0xFD, 0xFC, 0x25, 0x9B, 0xFD, 0xFC,
    0x24, 0x96, 0xFC, 0xFC, 0x13, 0x7D, 0xE6, 0xFC, 0x13, 0x7D, 0xE6, 0xFC, 0x0F, 0x79, 0xE5, 0xFC,
    0x1F, 0x91, 0xFC, 0xFC, 0x19, 0x88, 0xF9, 0xFC, 0x19, 0x88, 0xF9, 0xFC, 0x1A, 0x8D, 0xFC, 0xFB,
    0x0E, 0x7A, 0xF2, 0xFB, 0x10, 0x7F, 0xF6, 0xFA, 0x10, 0x7F, 0xF6, 0xFA, 0x12, 0x6D, 0xD9, 0xF6,
    0x00, 0x0F, 0x42, 0xE8, 0x14, 0x43, 0x80, 0x69, 0x14, 0x43, 0x80, 0x69, 0x30, 0x86, 0xD4, 0x02,
    0x2B, 0x7F, 0xCC, 0x06, 0x2B, 0x7F, 0xCC, 0x06, 0x2F, 0x7F, 0xCD, 0x01, 0x00, 0x00, 0x00, 0x00,
    0x00, 0x00, 0x00, 0x00, 0x00, 0x00, 0x00, 0x00, 0x00, 0x00, 0x00, 0x00, 0x00, 0x00, 0x00, 0x00,
    0x00, 0x00, 0x00, 0x00, 0x00, 0x00, 0x00, 0x00, 0x00, 0x00, 0x00, 0x00, 0x00, 0x00, 0x00, 0x00,
    0x00, 0x00, 0x00, 0x00, 0x00, 0x00, 0x00, 0x00, 0x00, 0x00, 0x00, 0x00, 0x00, 0x00, 0x00, 0x00,
    0x00, 0x00, 0x00, 0x00, 0x00, 0x00, 0x00, 0x00, 0x00, 0x00, 0x00, 0x00, 0x00, 0x00, 0x00, 0x00,
    0x00, 0x00, 0x00, 0x00, 0x40, 0x88, 0xD0, 0x01, 0x42, 0x88, 0xD1, 0x01, 0x42, 0x88, 0xD1, 0x01,
    0x42, 0x8A, 0xD1, 0x01, 0x3E, 0x8B, 0xD1, 0x04, 0x43, 0x8F, 0xD2, 0x01, 0x43, 0x8F, 0xD2, 0x01,
    0x39, 0x72, 0xAF, 0x53, 0x20, 0x44, 0x84, 0xD6, 0x20, 0x44, 0x84, 0xD6, 0x3D, 0x61, 0xA9, 0xFA,
    0x8B, 0xB0, 0xF6, 0xFB, 0x72, 0xA3, 0xF9, 0xFB, 0x72, 0xA3, 0xF9, 0xFB, 0x2F, 0x66, 0xDC, 0xFC,
    0x32, 0x87, 0xF4, 0xFC, 0x32, 0x87, 0xF4, 0xFC, 0x3D, 0xA3, 0xFE, 0xFC, 0x3F, 0xA7, 0xFE, 0xFC,
    0x40, 0xAA, 0xFE, 0xFC, 0x40, 0xAA, 0xFE, 0xFC, 0x3F, 0xAB, 0xFE, 0xFC, 0x3D, 0xAA, 0xFE, 0xFC,
    0x3B, 0xAA, 0xFE, 0xFC, 0x3B, 0xAA, 0xFE, 0xFC, 0x36, 0xA7, 0xFD, 0xFD, 0x36, 0xA4, 0xFD, 0xFD,
    0x36, 0xA4, 0xFD, 0xFD, 0x4D, 0xAC, 0xFA, 0xFD, 0x7A, 0xC5, 0xFD, 0xFD, 0x74, 0xC3, 0xFC, 0xFD,
    0x74, 0xC3, 0xFC, 0xFD, 0x48, 0xAE, 0xFB, 0xFD, 0x37, 0xAA, 0xFC, 0xFD, 0x38, 0xAC, 0xFD, 0xFD,
    0x38, 0xAC, 0xFD, 0xFD, 0x3A, 0xAD, 0xFE, 0xFD, 0x3B, 0xAE, 0xFE, 0xFD, 0x3B, 0xAE, 0xFE, 0xFD,
    0x3B, 0xAD, 0xFE, 0xFD, 0x3C, 0xAE, 0xFE, 0xFD, 0x3C, 0xAB, 0xFD, 0xFD, 0x3C, 0xAB, 0xFD, 0xFD,
    0x3E, 0xAE, 0xFE, 0xFD, 0x42, 0xAE, 0xFE, 0xFD, 0x45, 0xAF, 0xFE, 0xFD, 0x45, 0xAF, 0xFE, 0xFD,
    0x49, 0xAE, 0xFD, 0xFD, 0x4C, 0xAF, 0xFD, 0xFD, 0x4C, 0xAF, 0xFD, 0xFD, 0x4B, 0xAF, 0xFD, 0xFD,
    0x4A, 0xB0, 0xFD, 0xFD, 0x48, 0xAE, 0xFC, 0xFD, 0x48, 0xAE, 0xFC, 0xFD, 0x47, 0xB3, 0xFC, 0xFD,
    0x3D, 0xAE, 0xFC, 0xFD, 0x3C, 0xAF, 0xFC, 0xFD, 0x3C, 0xAF, 0xFC, 0xFD, 0x2F, 0x9C, 0xF6, 0xFD,
    0x1F, 0x85, 0xDD, 0xFD, 0x1F, 0x85, 0xDD, 0xFD, 0x11, 0x6D, 0xC4, 0xFD, 0x1F, 0x7D, 0xD4, 0xFD,
    0x31, 0x97, 0xED, 0xFD, 0x31, 0x97, 0xED, 0xFD, 0x3C, 0xAB, 0xFC, 0xFD, 0x37, 0xA9, 0xFC, 0xFD,
    0x38, 0xAA, 0xFD, 0xFD, 0x38, 0xAA, 0xFD, 0xFD, 0x36, 0xA4, 0xFE, 0xFD, 0x33, 0xA1, 0xFE, 0xFD,
    0x33, 0xA1, 0xFE, 0xFD, 0x36, 0xA3, 0xFE, 0xFD, 0x3E, 0xAA, 0xFE, 0xFD, 0x39, 0xA3, 0xFD, 0xFD,
    0x39, 0xA3, 0xFD, 0xFD, 0x33, 0x9F, 0xFD, 0xFD, 0x23, 0x8D, 0xF8, 0xFD, 0x19, 0x84, 0xF5, 0xFD,
    0x19, 0x84, 0xF5, 0xFD, 0x12, 0x7F, 0xF2, 0xFD, 0x12, 0x88, 0xFB, 0xFD, 0x12, 0x88, 0xFB, 0xFD,
    0x18, 0x7C, 0xF3, 0xFD, 0x00, 0x17, 0x6D, 0xFD, 0x13, 0x53, 0xAC, 0xFD, 0x13, 0x53, 0xAC, 0xFD,
    0x3A, 0xAD, 0xFF, 0xFD, 0x28, 0xA1, 0xFD, 0xFD, 0x25, 0x9B, 0xFD, 0xFC, 0x25, 0x9B, 0xFD, 0xFC,
    0x24, 0x96, 0xFC, 0xFC, 0x13, 0x7D, 0xE6, 0xFC, 0x13, 0x7D, 0xE6, 0xFC, 0x0F, 0x79, 0xE5, 0xFC,
    0x1F, 0x91, 0xFC, 0xFC, 0x19, 0x88, 0xF9, 0xFC, 0x19, 0x88, 0xF9, 0xFC, 0x1A, 0x8D, 0xFC, 0xFB,
    0x0E, 0x7A, 0xF2, 0xFB, 0x10, 0x7F, 0xF6, 0xFA, 0x10, 0x7F, 0xF6, 0xFA, 0x12, 0x6D, 0xD9, 0xF6,
    0x00, 0x0F, 0x42, 0xE8, 0x14, 0x43, 0x80, 0x69, 0x14, 0x43, 0x80, 0x69, 0x30, 0x86, 0xD4, 0x02,
    0x2B, 0x7F, 0xCC, 0x06, 0x2B, 0x7F, 0xCC, 0x06, 0x2F, 0x7F, 0xCD, 0x01, 0x00, 0x00, 0x00, 0x00,
    0x00, 0x00, 0x00, 0x00, 0x00, 0x00, 0x00, 0x00, 0x00, 0x00, 0x00, 0x00, 0x00, 0x00, 0x00, 0x00,
    0x00, 0x00, 0x00, 0x00, 0x00, 0x00, 0x00, 0x00, 0x00, 0x00, 0x00, 0x00, 0x00, 0x00, 0x00, 0x00,
    0x00, 0x00, 0x00, 0x00, 0x00, 0x00, 0x00, 0x00, 0x00, 0x00, 0x00, 0x00, 0x00, 0x00, 0x00, 0x00,
    0x00, 0x00, 0x00, 0x00, 0x00, 0x00, 0x00, 0x00, 0x00, 0x00, 0x00, 0x00, 0x00, 0x00, 0x00, 0x00,
    0x00, 0x00, 0x00, 0x00, 0x40, 0x89, 0xD0, 0x01, 0x41, 0x8A, 0xD1, 0x01, 0x41, 0x8A, 0xD1, 0x01,
    0x42, 0x8A, 0xD1, 0x01, 0x41, 0x8B, 0xD2, 0x03, 0x3C, 0x89, 0xD1, 0x03, 0x3C, 0x89, 0xD1, 0x03,
    0x3F, 0x92, 0xDD, 0x08, 0x36, 0x78, 0xC6, 0x4B, 0x36, 0x78, 0xC6, 0x4B, 0x1F, 0x55, 0x9D, 0xEF,
    0x34, 0x61, 0xA0, 0xFC, 0x4C, 0x7E, 0xD6, 0xFC, 0x4C, 0x7E, 0xD6, 0xFC, 0x30, 0x7C, 0xF0, 0xFC,
    0x2B, 0x8B, 0xF8, 0xFC, 0x2B, 0x8B, 0xF8, 0xFC, 0x39, 0x9F, 0xFC, 0xFC, 0x3F, 0xA8, 0xFD, 0xFC,
    0x3E, 0xA8, 0xFD, 0xFC, 0x3E, 0xA8, 0xFD, 0xFC, 0x3F, 0xAD, 0xFE, 0xFC, 0x3E, 0xAC, 0xFE, 0xFC,
    0x3C, 0xAB, 0xFE, 0xFC, 0x3C, 0xAB, 0xFE, 0xFC, 0x3A, 0xAA, 0xFE, 0xFD, 0x3D, 0xA8, 0xFD, 0xFD,
    0x3D, 0xA8, 0xFD, 0xFD, 0x50, 0xAD, 0xFB, 0xFD, 0x71, 0xBD, 0xFB, 0xFD, 0x72, 0xC0, 0xFB, 0xFD,
    0x72, 0xC0, 0xFB, 0xFD, 0x4D, 0xB0, 0xFB, 0xFD, 0x3B, 0xAB, 0xFC, 0xFD, 0x3B, 0xAD, 0xFD, 0xFD,
    0x3B, 0xAD, 0xFD, 0xFD, 0x3C, 0xAD, 0xFD, 0xFD, 0x3F, 0xAF, 0xFE, 0xFD, 0x3F, 0xAF, 0xFE, 0xFD,
    0x42, 0xAF, 0xFE, 0xFD, 0x47, 0xAE, 0xFD, 0xFD, 0x4B, 0xAE, 0xFD, 0xFD, 0x4B, 0xAE, 0xFD, 0xFD,
    0x4B, 0xB0, 0xFD, 0xFD, 0x49, 0xAE, 0xFD, 0xFD, 0x4B, 0xAF, 0xFE, 0xFD, 0x4B, 0xAF, 0xFE, 0xFD,
    0x4E, 0xB0, 0xFD, 0xFD, 0x51, 0xB2, 0xFD, 0xFD, 0x51, 0xB2, 0xFD, 0xFD, 0x50, 0xB0, 0xFC, 0xFD,
    0x4B, 0xAD, 0xFC, 0xFD, 0x47, 0xAB, 0xFD, 0xFD, 0x47, 0xAB, 0xFD, 0xFD, 0x4B, 0xB4, 0xFE, 0xFD,
    0x4B, 0xB1, 0xFC, 0xFD, 0x36, 0x8F, 0xE0, 0xFD, 0x36, 0x8F, 0xE0, 0xFD, 0x10, 0x53, 0x9D, 0xFD,
    0x0A, 0x4F, 0xA3, 0xFD, 0x0A, 0x4F, 0xA3, 0xFD, 0x2A, 0x8A, 0xE8, 0xFD, 0x41, 0xB5, 0xFD, 0xFD,
    0x40, 0xB2, 0xFE, 0xFD, 0x40, 0xB2, 0xFE, 0xFD, 0x3F, 0xAE, 0xFE, 0xFD, 0x3A, 0xA8, 0xFD, 0xFD,
    0x39, 0xA9, 0xFD, 0xFD, 0x39, 0xA9, 0xFD, 0xFD, 0x37, 0xA4, 0xFE, 0xFD, 0x33, 0xA1, 0xFE, 0xFD,
    0x33, 0xA1, 0xFE, 0xFD, 0x2F, 0x9D, 0xFD, 0xFD, 0x30, 0x9B, 0xFD, 0xFD, 0x31, 0x9E, 0xFD, 0xFD,
    0x31, 0x9E, 0xFD, 0xFD, 0x27, 0x95, 0xFC, 0xFD, 0x1B, 0x84, 0xF6, 0xFD, 0x18, 0x84, 0xF6, 0xFD,
    0x18, 0x84, 0xF6, 0xFD, 0x0E, 0x78, 0xED, 0xFD, 0x0F, 0x7C, 0xF4, 0xFD, 0x0F, 0x7C, 0xF4, 0xFD,
    0x15, 0x71, 0xE4, 0xFD, 0x02, 0x2E, 0x92, 0xFD, 0x2B, 0x80, 0xE0, 0xFD, 0x2B, 0x80, 0xE0, 0xFD,
    0x36, 0xA6, 0xFE, 0xFD, 0x26, 0x96, 0xF7, 0xFD, 0x2A, 0x9E, 0xFD, 0xFC, 0x2A, 0x9E, 0xFD, 0xFC,
    0x27, 0x96, 0xFB, 0xFC, 0x03, 0x5A, 0xC5, 0xFC, 0x03, 0x5A, 0xC5, 0xFC, 0x0D, 0x70, 0xDC, 0xFC,
    0x24, 0x96, 0xFC, 0xFC, 0x1A, 0x88, 0xF9, 0xFC, 0x1A, 0x88, 0xF9, 0xFC, 0x1B, 0x8B, 0xFC, 0xFB,
    0x10, 0x7E, 0xF5, 0xFB, 0x0C, 0x7A, 0xF4, 0xFB, 0x0C, 0x7A, 0xF4, 0xFB, 0x10, 0x6B, 0xDB, 0xF7,
    0x00, 0x0E, 0x43, 0xF4, 0x11, 0x3D, 0x7C, 0x84, 0x11, 0x3D, 0x7C, 0x84, 0x31, 0x84, 0xD4, 0x05,
    0x2D, 0x7F, 0xCD, 0x06, 0x2D, 0x7F, 0xCD, 0x06, 0x2F, 0x7F, 0xCE, 0x02, 0x00, 0x00, 0x00, 0x00,
    0x00, 0x00, 0x00, 0x00, 0x00, 0x00, 0x00, 0x00, 0x00, 0x00, 0x00, 0x00, 0x00, 0x00, 0x00, 0x00,
    0x00, 0x00, 0x00, 0x00, 0x00, 0x00, 0x00, 0x00, 0x00, 0x00, 0x00, 0x00, 0x00, 0x00, 0x00, 0x00,
    0x00, 0x00, 0x00, 0x00, 0x00, 0x00, 0x00, 0x00, 0x00, 0x00, 0x00, 0x00, 0x00, 0x00, 0x00, 0x00,
    0x00, 0x00, 0x00, 0x00, 0x00, 0x00, 0x00, 0x00, 0x00, 0x00, 0x00, 0x00, 0x00, 0x00, 0x00, 0x00,
    0x00, 0x00, 0x00, 0x00, 0x40, 0x89, 0xCF, 0x01, 0x41, 0x8A, 0xD0, 0x01, 0x41, 0x8A, 0xD0, 0x01,
    0x41, 0x8A, 0xD1, 0x02, 0x42, 0x8B, 0xD2, 0x01, 0x42, 0x8C, 0xD3, 0x03, 0x42, 0x8C, 0xD3, 0x03,
    0x3A, 0x8B, 0xD5, 0x03, 0x38, 0x8E, 0xDA, 0x19, 0x38, 0x8E, 0xDA, 0x19, 0x3C, 0x88, 0xCE, 0xAB,
    0x06, 0x1F, 0x51, 0xE9, 0x08, 0x2A, 0x76, 0xFC, 0x08, 0x2A, 0x76, 0xFC, 0x2C, 0x87, 0xF6, 0xFC,
    0x2E, 0x99, 0xFC, 0xFB, 0x2E, 0x99, 0xFC, 0xFB, 0x38, 0xA1, 0xFB, 0xFC, 0x3E, 0xA7, 0xFB, 0xFC,
    0x3F, 0xA9, 0xFD, 0xFC, 0x3F, 0xA9, 0xFD, 0xFC, 0x3F, 0xAD, 0xFE, 0xFC, 0x3F, 0xAD, 0xFF, 0xFC,
    0x3D, 0xAC, 0xFE, 0xFC, 0x3D, 0xAC, 0xFE, 0xFC, 0x3F, 0xAD, 0xFE, 0xFD, 0x44, 0xB0, 0xFE, 0xFD,
    0x44, 0xB0, 0xFE, 0xFD, 0x4C, 0xAF, 0xFD, 0xFD, 0x5D, 0xB9, 0xFC, 0xFD, 0x62, 0xBA, 0xFC, 0xFD,
    0x62, 0xBA, 0xFC, 0xFD, 0x53, 0xB6, 0xFD, 0xFD, 0x43, 0xB2, 0xFD, 0xFD, 0x3F, 0xB1, 0xFD, 0xFD,
    0x3F, 0xB1, 0xFD, 0xFD, 0x3F, 0xAF, 0xFD, 0xFD, 0x46, 0xB4, 0xFE, 0xFD, 0x46, 0xB4, 0xFE, 0xFD,
    0x53, 0xB5, 0xFE, 0xFD, 0x6C, 0xC0, 0xFE, 0xFD, 0x77, 0xC3, 0xFE, 0xFD, 0x77, 0xC3, 0xFE, 0xFD,
    0x6C, 0xBF, 0xFE, 0xFD, 0x5A, 0xB5, 0xFD, 0xFD, 0x53, 0xB2, 0xFE, 0xFD, 0x53, 0xB2, 0xFE, 0xFD,
    0x54, 0xB2, 0xFD, 0xFD, 0x56, 0xB4, 0xFD, 0xFD, 0x56, 0xB4, 0xFD, 0xFD, 0x54, 0xB3, 0xFC, 0xFD,
    0x50, 0xB2, 0xFD, 0xFD, 0x4E, 0xB1, 0xFD, 0xFD, 0x4E, 0xB1, 0xFD, 0xFD, 0x40, 0x95, 0xEA, 0xFD,
    0x17, 0x52, 0x9A, 0xFD, 0x07, 0x2D, 0x69, 0xFD, 0x07, 0x2D, 0x69, 0xFD, 0x12, 0x4F, 0x94, 0xFD,
    0x31, 0x8B, 0xE4, 0xFD, 0x31, 0x8B, 0xE4, 0xFD, 0x44, 0xAD, 0xFD, 0xFD, 0x45, 0xB5, 0xFE, 0xFD,
    0x45, 0xB4, 0xFE, 0xFD, 0x45, 0xB4, 0xFE, 0xFD, 0x46, 0xB5, 0xFE, 0xFD, 0x42, 0xB3, 0xFE, 0xFD,
    0x3F, 0xAF, 0xFE, 0xFD, 0x3F, 0xAF, 0xFE, 0xFD, 0x37, 0xA6, 0xFE, 0xFD, 0x31, 0xA4, 0xFE, 0xFD,
    0x31, 0xA4, 0xFE, 0xFD, 0x2A, 0xA0, 0xFE, 0xFD, 0x27, 0x9C, 0xFD, 0xFD, 0x1E, 0x8F, 0xF8, 0xFD,
    0x1E, 0x8F, 0xF8, 0xFD, 0x1B, 0x8B, 0xFA, 0xFD, 0x1A, 0x89, 0xFA, 0xFD, 0x16, 0x86, 0xF8, 0xFD,
    0x16, 0x86, 0xF8, 0xFD, 0x0F, 0x77, 0xED, 0xFD, 0x13, 0x71, 0xE3, 0xFD, 0x13, 0x71, 0xE3, 0xFD,
    0x08, 0x4C, 0xB7, 0xFD, 0x13, 0x64, 0xC8, 0xFD, 0x40, 0xAB, 0xFD, 0xFD, 0x40, 0xAB, 0xFD, 0xFD,
    0x37, 0xAB, 0xFD, 0xFC, 0x2F, 0x9F, 0xFA, 0xFC, 0x2C, 0x9F, 0xFC, 0xFC, 0x2C, 0x9F, 0xFC, 0xFC,
    0x2A, 0x9D, 0xFA, 0xFC, 0x02, 0x59, 0xBF, 0xFC, 0x02, 0x59, 0xBF, 0xFC, 0x13, 0x77, 0xE1, 0xFC,
    0x26, 0x9D, 0xFD, 0xFC, 0x1C, 0x8D, 0xFA, 0xFC, 0x1C, 0x8D, 0xFA, 0xFC, 0x19, 0x86, 0xFB, 0xFB,
    0x11, 0x82, 0xF9, 0xFB, 0x0A, 0x7B, 0xF7, 0xFB, 0x0A, 0x7B, 0xF7, 0xFB, 0x11, 0x70, 0xE0, 0xF7,
    0x01, 0x11, 0x44, 0xF6, 0x11, 0x3C, 0x79, 0x8D, 0x11, 0x3C, 0x79, 0x8D, 0x32, 0x86, 0xD4, 0x06,
    0x2E, 0x7F, 0xCD, 0x05, 0x2E, 0x7F, 0xCD, 0x05, 0x30, 0x7F, 0xCE, 0x02, 0x00, 0x00, 0x00, 0x00,
    0x00, 0x00, 0x00, 0x00, 0x00, 0x00, 0x00, 0x00, 0x00, 0x00, 0x00, 0x00, 0x00, 0x00, 0x00, 0x00,
    0x00, 0x00, 0x00, 0x00, 0x00, 0x00, 0x00, 0x00, 0x00, 0x00, 0x00, 0x00, 0x00, 0x00, 0x00, 0x00,
    0x00, 0x00, 0x00, 0x00, 0x00, 0x00, 0x00, 0x00, 0x00, 0x00, 0x00, 0x00, 0x00, 0x00, 0x00, 0x00,
    0x00, 0x00, 0x00, 0x00, 0x00, 0x00, 0x00, 0x00, 0x00, 0x00, 0x00, 0x00, 0x00, 0x00, 0x00, 0x00,
    0x00, 0x00, 0x00, 0x00, 0x3F, 0x89, 0xCF, 0x01, 0x40, 0x89, 0xD0, 0x01, 0x40, 0x89, 0xD0, 0x01,
    0x41, 0x8B, 0xD1, 0x01, 0x43, 0x8C, 0xD1, 0x01, 0x43, 0x8C, 0xD3, 0x02, 0x43, 0x8C, 0xD3, 0x02,
    0x40, 0x8B, 0xD3, 0x05, 0x3C, 0x8C, 0xD4, 0x06, 0x3C, 0x8C, 0xD4, 0x06, 0x3A, 0x80, 0xC4, 0x63,
    0x06, 0x19, 0x46, 0xDF, 0x09, 0x32, 0x75, 0xF8, 0x09, 0x32, 0x75, 0xF8, 0x33, 0x9A, 0xFA, 0xF9,
    0x2B, 0x98, 0xFA, 0xFC, 0x2B, 0x98, 0xFA, 0xFC, 0x34, 0x9B, 0xF8, 0xFC, 0x40, 0xAA, 0xFA, 0xFC,
    0x3D, 0xA9, 0xFC, 0xFC, 0x3D, 0xA9, 0xFC, 0xFC, 0x3E, 0xAC, 0xFE, 0xFC, 0x3E, 0xAC, 0xFF, 0xFC,
    0x3F, 0xAE, 0xFF, 0xFC, 0x3F, 0xAE, 0xFF, 0xFC, 0x41, 0xAD, 0xFE, 0xFD, 0x46, 0xB0, 0xFE, 0xFD,
    0x46, 0xB0, 0xFE, 0xFD, 0x4A, 0xB0, 0xFE, 0xFD, 0x4D, 0xB0, 0xFD, 0xFD, 0x54, 0xB3, 0xFD, 0xFD,
    0x54, 0xB3, 0xFD, 0xFD, 0x55, 0xB9, 0xFE, 0xFD, 0x47, 0xB3, 0xFD, 0xFD, 0x43, 0xB3, 0xFE, 0xFD,
    0x43, 0xB3, 0xFE, 0xFD, 0x44, 0xB0, 0xFE, 0xFD, 0x4A, 0xB3, 0xFE, 0xFD, 0x4A, 0xB3, 0xFE, 0xFD,
    0x61, 0xBA, 0xFE, 0xFD, 0x8E, 0xD2, 0xFF, 0xFD, 0xA0, 0xD1, 0xFD, 0xFD, 0xA0, 0xD1, 0xFD, 0xFD,
    0x9F, 0xD6, 0xFE, 0xFD, 0x7B, 0xC5, 0xFE, 0xFD, 0x5C, 0xB4, 0xFD, 0xFD, 0x5C, 0xB4, 0xFD, 0xFD,
    0x55, 0xB2, 0xFD, 0xFD, 0x58, 0xB6, 0xFD, 0xFD, 0x58, 0xB6, 0xFD, 0xFD, 0x54, 0xAF, 0xFC, 0xFD,
    0x53, 0xB1, 0xFD, 0xFD, 0x51, 0xB2, 0xFD, 0xFD, 0x51, 0xB2, 0xFD, 0xFD, 0x2E, 0x7E, 0xD3, 0xFD,
    0x1A, 0x5A, 0xA7, 0xFD, 0x33, 0x78, 0xCC, 0xFD, 0x33, 0x78, 0xCC, 0xFD, 0x48, 0xA7, 0xF9, 0xFD,
    0x4E, 0xBE, 0xFE, 0xFD, 0x4E, 0xBE, 0xFE, 0xFD, 0x46, 0xB0, 0xFD, 0xFD, 0x48, 0xB3, 0xFD, 0xFD,
    0x4C, 0xB5, 0xFD, 0xFD, 0x4C, 0xB5, 0xFD, 0xFD, 0x4B, 0xB4, 0xFE, 0xFD, 0x49, 0xB6, 0xFE, 0xFD,
    0x45, 0xB1, 0xFE, 0xFD, 0x45, 0xB1, 0xFE, 0xFD, 0x3D, 0xAA, 0xFE, 0xFD, 0x33, 0xA6, 0xFE, 0xFD,
    0x33, 0xA6, 0xFE, 0xFD, 0x28, 0x9A, 0xFC, 0xFD, 0x1F, 0x94, 0xFA, 0xFD, 0x1B, 0x8D, 0xF8, 0xFD,
    0x1B, 0x8D, 0xF8, 0xFD, 0x1A, 0x8B, 0xFA, 0xFD, 0x15, 0x81, 0xF5, 0xFD, 0x11, 0x7B, 0xF0, 0xFD,
    0x11, 0x7B, 0xF0, 0xFD, 0x10, 0x78, 0xE9, 0xFD, 0x0A, 0x4D, 0xB6, 0xFD, 0x0A, 0x4D, 0xB6, 0xFD,
    0x01, 0x1F, 0x79, 0xFD, 0x15, 0x64, 0xC9, 0xFC, 0x37, 0xA6, 0xFB, 0xFC, 0x37, 0xA6, 0xFB, 0xFC,
    0x2C, 0x9A, 0xF8, 0xFC, 0x31, 0xA4, 0xFA, 0xFC, 0x32, 0xA9, 0xFC, 0xFC, 0x32, 0xA9, 0xFC, 0xFC,
    0x22, 0x8A, 0xEE, 0xFC, 0x00, 0x4F, 0xB5, 0xFC, 0x00, 0x4F, 0xB5, 0xFC, 0x1B, 0x7F, 0xE7, 0xFC,
    0x24, 0x98, 0xFC, 0xFC, 0x1A, 0x8B, 0xF8, 0xFC, 0x1A, 0x8B, 0xF8, 0xFC, 0x1B, 0x8F, 0xFC, 0xFB,
    0x0E, 0x7F, 0xF7, 0xFB, 0x05, 0x76, 0xF2, 0xFB, 0x05, 0x76, 0xF2, 0xFB, 0x10, 0x70, 0xE1, 0xF6,
    0x00, 0x10, 0x44, 0xF8, 0x0F, 0x39, 0x76, 0x91, 0x0F, 0x39, 0x76, 0x91, 0x31, 0x86, 0xD4, 0x07,
    0x2E, 0x80, 0xCD, 0x05, 0x2E, 0x80, 0xCD, 0x05, 0x30, 0x80, 0xCE, 0x02, 0x00, 0x00, 0x00, 0x00,
    0x00, 0x00, 0x00, 0x00, 0x00, 0x00, 0x00, 0x00, 0x00, 0x00, 0x00, 0x00, 0x00, 0x00, 0x00, 0x00,
    0x00, 0x00, 0x00, 0x00, 0x00, 0x00, 0x00, 0x00, 0x00, 0x00, 0x00, 0x00, 0x00, 0x00, 0x00, 0x00,
    0x00, 0x00, 0x00, 0x00, 0x00, 0x00, 0x00, 0x00, 0x00, 0x00, 0x00, 0x00, 0x00, 0x00, 0x00, 0x00,
    0x00, 0x00, 0x00, 0x00, 0x00, 0x00, 0x00, 0x00, 0x00, 0x00, 0x00, 0x00, 0x00, 0x00, 0x00, 0x00,
    0x00, 0x00, 0x00, 0x00, 0x3F, 0x89, 0xCF, 0x01, 0x40, 0x89, 0xD0, 0x01, 0x40, 0x89, 0xD0, 0x01,
    0x41, 0x8B, 0xD1, 0x01, 0x43, 0x8C, 0xD1, 0x01, 0x43, 0x8C, 0xD3, 0x02, 0x43, 0x8C, 0xD3, 0x02,
    0x40, 0x8B, 0xD3, 0x05, 0x3C, 0x8C, 0xD4, 0x06, 0x3C, 0x8C, 0xD4, 0x06, 0x3A, 0x80, 0xC4, 0x63,
    0x06, 0x19, 0x46, 0xDF, 0x09, 0x32, 0x75, 0xF8, 0x09, 0x32, 0x75, 0xF8, 0x33, 0x9A, 0xFA, 0xF9,
    0x2B, 0x98, 0xFA, 0xFC, 0x2B, 0x98, 0xFA, 0xFC, 0x34, 0x9B, 0xF8, 0xFC, 0x40, 0xAA, 0xFA, 0xFC,
    0x3D, 0xA9, 0xFC, 0xFC, 0x3D, 0xA9, 0xFC, 0xFC, 0x3E, 0xAC, 0xFE, 0xFC, 0x3E, 0xAC, 0xFF, 0xFC,
    0x3F, 0xAE, 0xFF, 0xFC, 0x3F, 0xAE, 0xFF, 0xFC, 0x41, 0xAD, 0xFE, 0xFD, 0x46, 0xB0, 0xFE, 0xFD,
    0x46, 0xB0, 0xFE, 0xFD, 0x4A, 0xB0, 0xFE, 0xFD, 0x4D, 0xB0, 0xFD, 0xFD, 0x54, 0xB3, 0xFD, 0xFD,
    0x54, 0xB3, 0xFD, 0xFD, 0x55, 0xB9, 0xFE, 0xFD, 0x47, 0xB3, 0xFD, 0xFD, 0x43, 0xB3, 0xFE, 0xFD,
    0x43, 0xB3, 0xFE, 0xFD, 0x44, 0xB0, 0xFE, 0xFD, 0x4A, 0xB3, 0xFE, 0xFD, 0x4A, 0xB3, 0xFE, 0xFD,
    0x61, 0xBA, 0xFE, 0xFD, 0x8E, 0xD2, 0xFF, 0xFD, 0xA0, 0xD1, 0xFD, 0xFD, 0xA0, 0xD1, 0xFD, 0xFD,
    0x9F, 0xD6, 0xFE, 0xFD, 0x7B, 0xC5, 0xFE, 0xFD, 0x5C, 0xB4, 0xFD, 0xFD, 0x5C, 0xB4, 0xFD, 0xFD,
    0x55, 0xB2, 0xFD, 0xFD, 0x58, 0xB6, 0xFD, 0xFD, 0x58, 0xB6, 0xFD, 0xFD, 0x54, 0xAF, 0xFC, 0xFD,
    0x53, 0xB1, 0xFD, 0xFD, 0x51, 0xB2, 0xFD, 0xFD, 0x51, 0xB2, 0xFD, 0xFD, 0x2E, 0x7E, 0xD3, 0xFD,
    0x1A, 0x5A, 0xA7, 0xFD, 0x33, 0x78, 0xCC, 0xFD, 0x33, 0x78, 0xCC, 0xFD, 0x48, 0xA7, 0xF9, 0xFD,
    0x4E, 0xBE, 0xFE, 0xFD, 0x4E, 0xBE, 0xFE, 0xFD, 0x46, 0xB0, 0xFD, 0xFD, 0x48, 0xB3, 0xFD, 0xFD,
    0x4C, 0xB5, 0xFD, 0xFD, 0x4C, 0xB5, 0xFD, 0xFD, 0x4B, 0xB4, 0xFE, 0xFD, 0x49, 0xB6, 0xFE, 0xFD,
    0x45, 0xB1, 0xFE, 0xFD, 0x45, 0xB1, 0xFE, 0xFD, 0x3D, 0xAA, 0xFE, 0xFD, 0x33, 0xA6, 0xFE, 0xFD,
    0x33, 0xA6, 0xFE, 0xFD, 0x28, 0x9A, 0xFC, 0xFD, 0x1F, 0x94, 0xFA, 0xFD, 0x1B, 0x8D, 0xF8, 0xFD,
    0x1B, 0x8D, 0xF8, 0xFD, 0x1A, 0x8B, 0xFA, 0xFD, 0x15, 0x81, 0xF5, 0xFD, 0x11, 0x7B, 0xF0, 0xFD,
    0x11, 0x7B, 0xF0, 0xFD, 0x10, 0x78, 0xE9, 0xFD, 0x0A, 0x4D, 0xB6, 0xFD, 0x0A, 0x4D, 0xB6, 0xFD,
    0x01, 0x1F, 0x79, 0xFD, 0x15, 0x64, 0xC9, 0xFC, 0x37, 0xA6, 0xFB, 0xFC, 0x37, 0xA6, 0xFB, 0xFC,
    0x2C, 0x9A, 0xF8, 0xFC, 0x31, 0xA4, 0xFA, 0xFC, 0x32, 0xA9, 0xFC, 0xFC, 0x32, 0xA9, 0xFC, 0xFC,
    0x22, 0x8A, 0xEE, 0xFC, 0x00, 0x4F, 0xB5, 0xFC, 0x00, 0x4F, 0xB5, 0xFC, 0x1B, 0x7F, 0xE7, 0xFC,
    0x24, 0x98, 0xFC, 0xFC, 0x1A, 0x8B, 0xF8, 0xFC, 0x1A, 0x8B, 0xF8, 0xFC, 0x1B, 0x8F, 0xFC, 0xFB,
    0x0E, 0x7F, 0xF7, 0xFB, 0x05, 0x76, 0xF2, 0xFB, 0x05, 0x76, 0xF2, 0xFB, 0x10, 0x70, 0xE1, 0xF6,
    0x00, 0x10, 0x44, 0xF8, 0x0F, 0x39, 0x76, 0x91, 0x0F, 0x39, 0x76, 0x91, 0x31, 0x86, 0xD4, 0x07,
    0x2E, 0x80, 0xCD, 0x05, 0x2E, 0x80, 0xCD, 0x05, 0x30, 0x80, 0xCE, 0x02, 0x00, 0x00, 0x00, 0x00,
    0x00, 0x00, 0x00, 0x00, 0x00, 0x00, 0x00, 0x00, 0x00, 0x00, 0x00, 0x00, 0x00, 0x00, 0x00, 0x00,
    0x00, 0x00, 0x00, 0x00, 0x00, 0x00, 0x00, 0x00, 0x00, 0x00, 0x00, 0x00, 0x00, 0x00, 0x00, 0x00,
    0x00, 0x00, 0x00, 0x00, 0x00, 0x00, 0x00, 0x00, 0x00, 0x00, 0x00, 0x00, 0x00, 0x00, 0x00, 0x00,
    0x00, 0x00, 0x00, 0x00, 0x00, 0x00, 0x00, 0x00, 0x00, 0x00, 0x00, 0x00, 0x00, 0x00, 0x00, 0x00,
    0x00, 0x00, 0x00, 0x00, 0x3F, 0x88, 0xCF, 0x01, 0x41, 0x89, 0xD0, 0x01, 0x41, 0x89, 0xD0, 0x01,
    0x42, 0x8A, 0xD1, 0x01, 0x43, 0x8B, 0xD1, 0x02, 0x43, 0x8B, 0xD2, 0x01, 0x43, 0x8B, 0xD2, 0x01,
    0x41, 0x89, 0xD1, 0x04, 0x40, 0x8E, 0xD6, 0x01, 0x40, 0x8E, 0xD6, 0x01, 0x3D, 0x80, 0xC3, 0x49,
    0x04, 0x15, 0x43, 0xE5, 0x17, 0x4F, 0x99, 0xF6, 0x17, 0x4F, 0x99, 0xF6, 0x3C, 0xB0, 0xFD, 0xF9,
    0x2A, 0x9C, 0xF9, 0xFC, 0x2A, 0x9C, 0xF9, 0xFC, 0x32, 0x9C, 0xF8, 0xFC, 0x3F, 0xA9, 0xFA, 0xFC,
    0x3D, 0xAA, 0xFC, 0xFC, 0x3D, 0xAA, 0xFC, 0xFC, 0x3C, 0xAB, 0xFE, 0xFC, 0x3D, 0xAD, 0xFF, 0xFC,
    0x40, 0xB1, 0xFF, 0xFC, 0x40, 0xB1, 0xFF, 0xFC, 0x41, 0xAE, 0xFE, 0xFD, 0x47, 0xB1, 0xFE, 0xFD,
    0x47, 0xB1, 0xFE, 0xFD, 0x4C, 0xB4, 0xFE, 0xFD, 0x4B, 0xB0, 0xFD, 0xFD, 0x53, 0xB7, 0xFD, 0xFD,
    0x53, 0xB7, 0xFD, 0xFD, 0x54, 0xBC, 0xFD, 0xFD, 0x4B, 0xB6, 0xFD, 0xFD, 0x46, 0xB3, 0xFD, 0xFD,
    0x46, 0xB3, 0xFD, 0xFD, 0x47, 0xB3, 0xFE, 0xFD, 0x4B, 0xB6, 0xFE, 0xFD, 0x4B, 0xB6, 0xFE, 0xFD,
    0x5F, 0xB9, 0xFE, 0xFD, 0x8F, 0xCE, 0xFE, 0xFD, 0xB1, 0xD9, 0xFC, 0xFD, 0xB1, 0xD9, 0xFC, 0xFD,
    0xBA, 0xE1, 0xFE, 0xFD, 0x9A, 0xD1, 0xFE, 0xFD, 0x6A, 0xBA, 0xFD, 0xFD, 0x6A, 0xBA, 0xFD, 0xFD,
    0x57, 0xB3, 0xFD, 0xFD, 0x58, 0xB7, 0xFE, 0xFD, 0x58, 0xB7, 0xFE, 0xFD, 0x57, 0xB4, 0xFE, 0xFD,
    0x55, 0xB4, 0xFE, 0xFD, 0x4E, 0xB0, 0xFE, 0xFD, 0x4E, 0xB0, 0xFE, 0xFD, 0x4B, 0xAB, 0xFD, 0xFD,
    0x4F, 0xB0, 0xFE, 0xFD, 0x58, 0xBB, 0xFE, 0xFD, 0x58, 0xBB, 0xFE, 0xFD, 0x4A, 0xB1, 0xFD, 0xFD,
    0x44, 0xB0, 0xFD, 0xFD, 0x44, 0xB0, 0xFD, 0xFD, 0x4A, 0xB6, 0xFD, 0xFD, 0x4F, 0xBA, 0xFD, 0xFD,
    0x54, 0xBD, 0xFD, 0xFD, 0x54, 0xBD, 0xFD, 0xFD, 0x55, 0xBE, 0xFE, 0xFD, 0x4F, 0xB7, 0xFE, 0xFD,
    0x49, 0xB1, 0xFF, 0xFD, 0x49, 0xB1, 0xFF, 0xFD, 0x45, 0xB5, 0xFF, 0xFD, 0x3C, 0xB0, 0xFE, 0xFD,
    0x3C, 0xB0, 0xFE, 0xFD, 0x2E, 0xA0, 0xFD, 0xFD, 0x26, 0x97, 0xFB, 0xFD, 0x1F, 0x92, 0xFA, 0xFD,
    0x1F, 0x92, 0xFA, 0xFD, 0x20, 0x95, 0xFC, 0xFD, 0x18, 0x88, 0xF7, 0xFD, 0x0F, 0x79, 0xED, 0xFC,
    0x0F, 0x79, 0xED, 0xFC, 0x12, 0x72, 0xDF, 0xFC, 0x09, 0x42, 0x9A, 0xFC, 0x09, 0x42, 0x9A, 0xFC,
    0x01, 0x1B, 0x6C, 0xFC, 0x23, 0x79, 0xDC, 0xFC, 0x35, 0xA7, 0xFA, 0xFC, 0x35, 0xA7, 0xFA, 0xFC,
    0x2B, 0x9D, 0xFB, 0xFC, 0x2A, 0x9C, 0xFA, 0xFC, 0x34, 0xAF, 0xFC, 0xFC, 0x34, 0xAF, 0xFC, 0xFC,
    0x1F, 0x89, 0xEA, 0xFC, 0x05, 0x5C, 0xC1, 0xFC, 0x05, 0x5C, 0xC1, 0xFC, 0x23, 0x8D, 0xF5, 0xFC,
    0x24, 0x99, 0xFC, 0xFC, 0x1C, 0x8D, 0xFA, 0xFC, 0x1C, 0x8D, 0xFA, 0xFC, 0x19, 0x8F, 0xFC, 0xFB,
    0x0C, 0x7F, 0xF6, 0xFB, 0x07, 0x78, 0xF5, 0xFB, 0x07, 0x78, 0xF5, 0xFB, 0x11, 0x72, 0xE6, 0xF6,
    0x00, 0x11, 0x47, 0xF7, 0x0F, 0x38, 0x78, 0x91, 0x0F, 0x38, 0x78, 0x91, 0x32, 0x87, 0xD6, 0x06,
    0x2E, 0x80, 0xCE, 0x05, 0x2E, 0x80, 0xCE, 0x05, 0x30, 0x80, 0xCE, 0x01, 0x00, 0x00, 0x00, 0x00,
    0x00, 0x00, 0x00, 0x00, 0x00, 0x00, 0x00, 0x00, 0x00, 0x00, 0x00, 0x00, 0x00, 0x00, 0x00, 0x00,
    0x00, 0x00, 0x00, 0x00, 0x00, 0x00, 0x00, 0x00, 0x00, 0x00, 0x00, 0x00, 0x00, 0x00, 0x00, 0x00,
    0x00, 0x00, 0x00, 0x00, 0x00, 0x00, 0x00, 0x00, 0x00, 0x00, 0x00, 0x00, 0x00, 0x00, 0x00, 0x00,
    0x00, 0x00, 0x00, 0x00, 0x00, 0x00, 0x00, 0x00, 0x00, 0x00, 0x00, 0x00, 0x00, 0x00, 0x00, 0x00,
    0x00, 0x00, 0x00, 0x00, 0x40, 0x89, 0xCF, 0x01, 0x41, 0x8A, 0xD0, 0x01, 0x41, 0x8A, 0xD0, 0x01,
    0x42, 0x8A, 0xD0, 0x01, 0x42, 0x8A, 0xD0, 0x01, 0x42, 0x8B, 0xD1, 0x01, 0x42, 0x8B, 0xD1, 0x01,
    0x40, 0x8B, 0xD1, 0x05, 0x41, 0x8F, 0xD6, 0x02, 0x41, 0x8F, 0xD6, 0x02, 0x3E, 0x7C, 0xBD, 0x3B,
    0x01, 0x09, 0x30, 0xDF, 0x15, 0x4E, 0x9E, 0xF3, 0x15, 0x4E, 0x9E, 0xF3, 0x3B, 0xAC, 0xFD, 0xFA,
    0x22, 0x94, 0xF8, 0xFB, 0x22, 0x94, 0xF8, 0xFB, 0x30, 0xA1, 0xF9, 0xFC, 0x3A, 0xA6, 0xFA, 0xFC,
    0x3A, 0xA9, 0xFC, 0xFC, 0x3A, 0xA9, 0xFC, 0xFC, 0x3A, 0xAA, 0xFE, 0xFC, 0x3B, 0xAA, 0xFE, 0xFC,
    0x3E, 0xAE, 0xFE, 0xFC, 0x3E, 0xAE, 0xFE, 0xFC, 0x41, 0xB0, 0xFD, 0xFD, 0x45, 0xB1, 0xFD, 0xFD,
    0x45, 0xB1, 0xFD, 0xFD, 0x48, 0xAE, 0xFC, 0xFD, 0x4E, 0xB4, 0xFC, 0xFD, 0x50, 0xB6, 0xFC, 0xFD,
    0x50, 0xB6, 0xFC, 0xFD, 0x50, 0xB4, 0xFC, 0xFD, 0x48, 0xB3, 0xFC, 0xFD, 0x42, 0xB0, 0xFD, 0xFD,
    0x42, 0xB0, 0xFD, 0xFD, 0x47, 0xB5, 0xFD, 0xFD, 0x49, 0xB6, 0xFE, 0xFD, 0x49, 0xB6, 0xFE, 0xFD,
    0x56, 0xB5, 0xFD, 0xFD, 0x85, 0xC6, 0xFD, 0xFD, 0xB6, 0xDD, 0xFD, 0xFD, 0xB6, 0xDD, 0xFD, 0xFD,
    0xC1, 0xDF, 0xFC, 0xFD, 0xB1, 0xDC, 0xFE, 0xFD, 0x7B, 0xC0, 0xFD, 0xFD, 0x7B, 0xC0, 0xFD, 0xFD,
    0x5A, 0xAF, 0xFC, 0xFD, 0x59, 0xB1, 0xFE, 0xFD, 0x59, 0xB1, 0xFE, 0xFD, 0x58, 0xB6, 0xFE, 0xFD,
    0x5B, 0xB8, 0xFE, 0xFD, 0x58, 0xB0, 0xFD, 0xFD, 0x58, 0xB0, 0xFD, 0xFD, 0x5A, 0xB6, 0xFD, 0xFD,
    0x56, 0xB5, 0xFD, 0xFD, 0x52, 0xB4, 0xFD, 0xFD, 0x52, 0xB4, 0xFD, 0xFD, 0x50, 0xB9, 0xFD, 0xFD,
    0x54, 0xBC, 0xFD, 0xFD, 0x54, 0xBC, 0xFD, 0xFD, 0x52, 0xB7, 0xFE, 0xFD, 0x56, 0xBE, 0xFE, 0xFD,
    0x59, 0xBD, 0xFE, 0xFD, 0x59, 0xBD, 0xFE, 0xFD, 0x5A, 0xBE, 0xFE, 0xFD, 0x57, 0xBE, 0xFF, 0xFD,
    0x52, 0xBA, 0xFE, 0xFD, 0x52, 0xBA, 0xFE, 0xFD, 0x46, 0xB0, 0xFE, 0xFD, 0x3D, 0xA8, 0xFE, 0xFD,
    0x3D, 0xA8, 0xFE, 0xFD, 0x35, 0xA6, 0xFD, 0xFD, 0x2E, 0xA3, 0xFD, 0xFD, 0x25, 0x98, 0xFB, 0xFD,
    0x25, 0x98, 0xFB, 0xFD, 0x1B, 0x8B, 0xF8, 0xFD, 0x13, 0x80, 0xF1, 0xFC, 0x12, 0x7B, 0xEA, 0xFD,
    0x12, 0x7B, 0xEA, 0xFD, 0x08, 0x51, 0xBD, 0xFC, 0x01, 0x21, 0x77, 0xFC, 0x01, 0x21, 0x77, 0xFC,
    0x08, 0x40, 0x97, 0xFC, 0x2C, 0x8D, 0xEF, 0xFC, 0x20, 0x8C, 0xF7, 0xFC, 0x20, 0x8C, 0xF7, 0xFC,
    0x28, 0xA0, 0xFC, 0xFC, 0x1E, 0x85, 0xEB, 0xFC, 0x19, 0x76, 0xD8, 0xFC, 0x19, 0x76, 0xD8, 0xFC,
    0x10, 0x69, 0xC6, 0xFC, 0x0B, 0x66, 0xCE, 0xFC, 0x0B, 0x66, 0xCE, 0xFC, 0x26, 0x96, 0xFA, 0xFC,
    0x1F, 0x90, 0xFB, 0xFC, 0x1E, 0x8F, 0xFB, 0xFC, 0x1E, 0x8F, 0xFB, 0xFC, 0x17, 0x8C, 0xFB, 0xFB,
    0x0B, 0x7A, 0xF3, 0xFB, 0x0A, 0x79, 0xF5, 0xFB, 0x0A, 0x79, 0xF5, 0xFB, 0x13, 0x72, 0xE5, 0xF7,
    0x00, 0x0F, 0x43, 0xF8, 0x0F, 0x39, 0x79, 0x8E, 0x0F, 0x39, 0x79, 0x8E, 0x33, 0x89, 0xD8, 0x05,
    0x2E, 0x80, 0xCE, 0x05, 0x2E, 0x80, 0xCE, 0x05, 0x30, 0x80, 0xCE, 0x01, 0x00, 0x00, 0x00, 0x00,
    0x00, 0x00, 0x00, 0x00, 0x00, 0x00, 0x00, 0x00, 0x00, 0x00, 0x00, 0x00, 0x00, 0x00, 0x00, 0x00,
    0x00, 0x00, 0x00, 0x00, 0x00, 0x00, 0x00, 0x00, 0x00, 0x00, 0x00, 0x00, 0x00, 0x00, 0x00, 0x00,
    0x00, 0x00, 0x00, 0x00, 0x00, 0x00, 0x00, 0x00, 0x00, 0x00, 0x00, 0x00, 0x00, 0x00, 0x00, 0x00,
    0x00, 0x00, 0x00, 0x00, 0x00, 0x00, 0x00, 0x00, 0x00, 0x00, 0x00, 0x00, 0x00, 0x00, 0x00, 0x00,
    0x00, 0x00, 0x00, 0x00, 0x40, 0x89, 0xCF, 0x01, 0x41, 0x8A, 0xD0, 0x01, 0x41, 0x8A, 0xD0, 0x01,
    0x41, 0x8A, 0xD0, 0x01, 0x41, 0x8A, 0xD0, 0x01, 0x42, 0x8A, 0xD0, 0x01, 0x42, 0x8A, 0xD0, 0x01,
    0x41, 0x8B, 0xD1, 0x04, 0x42, 0x8F, 0xD5, 0x01, 0x42, 0x8F, 0xD5, 0x01, 0x3E, 0x7D, 0xBC, 0x2D,
    0x01, 0x0B, 0x2B, 0xD0, 0x16, 0x4F, 0x9A, 0xF3, 0x16, 0x4F, 0x9A, 0xF3, 0x3A, 0xB4, 0xFC, 0xF9,
    0x22, 0x9B, 0xFA, 0xFB, 0x22, 0x9B, 0xFA, 0xFB, 0x21, 0x91, 0xF7, 0xFC, 0x2D, 0x98, 0xF8, 0xFC,
    0x35, 0xA5, 0xFC, 0xFC, 0x35, 0xA5, 0xFC, 0xFC, 0x37, 0xA9, 0xFE, 0xFC, 0x39, 0xAB, 0xFE, 0xFC,
    0x3A, 0xAC, 0xFE, 0xFC, 0x3A, 0xAC, 0xFE, 0xFC, 0x3A, 0xAC, 0xFD, 0xFD, 0x3F, 0xB1, 0xFD, 0xFD,
    0x3F, 0xB1, 0xFD, 0xFD, 0x44, 0xAF, 0xFC, 0xFD, 0x4B, 0xB5, 0xFC, 0xFD, 0x4E, 0xB4, 0xFC, 0xFD,
    0x4E, 0xB4, 0xFC, 0xFD, 0x4B, 0xB5, 0xFC, 0xFD, 0x41, 0xB1, 0xFC, 0xFD, 0x3E, 0xB1, 0xFD, 0xFD,
    0x3E, 0xB1, 0xFD, 0xFD, 0x41, 0xB2, 0xFD, 0xFD, 0x46, 0xB7, 0xFD, 0xFD, 0x46, 0xB7, 0xFD, 0xFD,
    0x50, 0xB5, 0xFD, 0xFD, 0x81, 0xC6, 0xFE, 0xFD, 0xB8, 0xE0, 0xFE, 0xFD, 0xB8, 0xE0, 0xFE, 0xFD,
    0xC7, 0xE6, 0xFE, 0xFD, 0xC1, 0xE6, 0xFF, 0xFD, 0x97, 0xCD, 0xFE, 0xFD, 0x97, 0xCD, 0xFE, 0xFD,
    0x72, 0xB7, 0xFC, 0xFD, 0x6E, 0xB4, 0xFC, 0xFD, 0x6E, 0xB4, 0xFC, 0xFD, 0x7E, 0xC1, 0xFD, 0xFD,
    0x8F, 0xCD, 0xFD, 0xFD, 0x92, 0xCA, 0xFC, 0xFD, 0x92, 0xCA, 0xFC, 0xFD, 0x8C, 0xCA, 0xFC, 0xFD,
    0x76, 0xC0, 0xFC, 0xFD, 0x6D, 0xC1, 0xFD, 0xFD, 0x6D, 0xC1, 0xFD, 0xFD, 0x69, 0xC0, 0xFD, 0xFD,
    0x6A, 0xC0, 0xFD, 0xFD, 0x6A, 0xC0, 0xFD, 0xFD, 0x6F, 0xC4, 0xFE, 0xFD, 0x72, 0xCC, 0xFF, 0xFD,
    0x68, 0xC1, 0xFE, 0xFD, 0x68, 0xC1, 0xFE, 0xFD, 0x66, 0xC4, 0xFE, 0xFD, 0x5D, 0xC5, 0xFE, 0xFD,
    0x57, 0xC3, 0xFE, 0xFD, 0x57, 0xC3, 0xFE, 0xFD, 0x4A, 0xB5, 0xFE, 0xFD, 0x3C, 0xA9, 0xFE, 0xFD,
    0x3C, 0xA9, 0xFE, 0xFD, 0x34, 0xA9, 0xFE, 0xFD, 0x2C, 0xA5, 0xFE, 0xFD, 0x24, 0x9A, 0xFC, 0xFD,
    0x24, 0x9A, 0xFC, 0xFD, 0x1D, 0x94, 0xFA, 0xFC, 0x13, 0x84, 0xF3, 0xFC, 0x0F, 0x74, 0xE2, 0xFC,
    0x0F, 0x74, 0xE2, 0xFC, 0x08, 0x51, 0xB3, 0xFC, 0x01, 0x2C, 0x86, 0xFC, 0x01, 0x2C, 0x86, 0xFC,
    0x1B, 0x70, 0xCE, 0xFC, 0x2A, 0xA0, 0xF4, 0xFC, 0x1E, 0x90, 0xF6, 0xFC, 0x1E, 0x90, 0xF6, 0xFC,
    0x22, 0x92, 0xF6, 0xFC, 0x09, 0x59, 0xB8, 0xFC, 0x00, 0x31, 0x8E, 0xFC, 0x00, 0x31, 0x8E, 0xFC,
    0x09, 0x56, 0xB4, 0xFC, 0x15, 0x7C, 0xE7, 0xFC, 0x15, 0x7C, 0xE7, 0xFC, 0x20, 0x96, 0xFB, 0xFC,
    0x21, 0x96, 0xFC, 0xFB, 0x18, 0x88, 0xF9, 0xFB, 0x18, 0x88, 0xF9, 0xFB, 0x17, 0x8B, 0xFC, 0xFB,
    0x0C, 0x7A, 0xF4, 0xFB, 0x0A, 0x77, 0xF2, 0xFB, 0x0A, 0x77, 0xF2, 0xFB, 0x15, 0x73, 0xE0, 0xF6,
    0x00, 0x0E, 0x3C, 0xF0, 0x13, 0x3E, 0x7C, 0x7B, 0x13, 0x3E, 0x7C, 0x7B, 0x35, 0x8C, 0xDB, 0x03,
    0x2D, 0x80, 0xCD, 0x05, 0x2D, 0x80, 0xCD, 0x05, 0x30, 0x80, 0xCE, 0x01, 0x00, 0x00, 0x00, 0x00,
    0x00, 0x00, 0x00, 0x00, 0x00, 0x00, 0x00, 0x00, 0x00, 0x00, 0x00, 0x00, 0x00, 0x00, 0x00, 0x00,
    0x00, 0x00, 0x00, 0x00, 0x00, 0x00, 0x00, 0x00, 0x00, 0x00, 0x00, 0x00, 0x00, 0x00, 0x00, 0x00,
    0x00, 0x00, 0x00, 0x00, 0x00, 0x00, 0x00, 0x00, 0x00, 0x00, 0x00, 0x00, 0x00, 0x00, 0x00, 0x00,
    0x00, 0x00, 0x00, 0x00, 0x00, 0x00, 0x00, 0x00, 0x00, 0x00, 0x00, 0x00, 0x00, 0x00, 0x00, 0x00,
    0x00, 0x00, 0x00, 0x00, 0x40, 0x89, 0xCF, 0x01, 0x41, 0x8A, 0xD0, 0x01, 0x41, 0x8A, 0xD0, 0x01,
    0x41, 0x8A, 0xD0, 0x01, 0x41, 0x8A, 0xD0, 0x01, 0x42, 0x8A, 0xD0, 0x01, 0x42, 0x8A, 0xD0, 0x01,
    0x41, 0x8B, 0xD1, 0x04, 0x42, 0x8F, 0xD5, 0x01, 0x42, 0x8F, 0xD5, 0x01, 0x3E, 0x7D, 0xBC, 0x2D,
    0x01, 0x0B, 0x2B, 0xD0, 0x16, 0x4F, 0x9A, 0xF3, 0x16, 0x4F, 0x9A, 0xF3, 0x3A, 0xB4, 0xFC, 0xF9,
    0x22, 0x9B, 0xFA, 0xFB, 0x22, 0x9B, 0xFA, 0xFB, 0x21, 0x91, 0xF7, 0xFC, 0x2D, 0x98, 0xF8, 0xFC,
    0x35, 0xA5, 0xFC, 0xFC, 0x35, 0xA5, 0xFC, 0xFC, 0x37, 0xA9, 0xFE, 0xFC, 0x39, 0xAB, 0xFE, 0xFC,
    0x3A, 0xAC, 0xFE, 0xFC, 0x3A, 0xAC, 0xFE, 0xFC, 0x3A, 0xAC, 0xFD, 0xFD, 0x3F, 0xB1, 0xFD, 0xFD,
    0x3F, 0xB1, 0xFD, 0xFD, 0x44, 0xAF, 0xFC, 0xFD, 0x4B, 0xB5, 0xFC, 0xFD, 0x4E, 0xB4, 0xFC, 0xFD,
    0x4E, 0xB4, 0xFC, 0xFD, 0x4B, 0xB5, 0xFC, 0xFD, 0x41, 0xB1, 0xFC, 0xFD, 0x3E, 0xB1, 0xFD, 0xFD,
    0x3E, 0xB1, 0xFD, 0xFD, 0x41, 0xB2, 0xFD, 0xFD, 0x46, 0xB7, 0xFD, 0xFD, 0x46, 0xB7, 0xFD, 0xFD,
    0x50, 0xB5, 0xFD, 0xFD, 0x81, 0xC6, 0xFE, 0xFD, 0xB8, 0xE0, 0xFE, 0xFD, 0xB8, 0xE0, 0xFE, 0xFD,
    0xC7, 0xE6, 0xFE, 0xFD, 0xC1, 0xE6, 0xFF, 0xFD, 0x97, 0xCD, 0xFE, 0xFD, 0x97, 0xCD, 0xFE, 0xFD,
    0x72, 0xB7, 0xFC, 0xFD, 0x6E, 0xB4, 0xFC, 0xFD, 0x6E, 0xB4, 0xFC, 0xFD, 0x7E, 0xC1, 0xFD, 0xFD,
    0x8F, 0xCD, 0xFD, 0xFD, 0x92, 0xCA, 0xFC, 0xFD, 0x92, 0xCA, 0xFC, 0xFD, 0x8C, 0xCA, 0xFC, 0xFD,
    0x76, 0xC0, 0xFC, 0xFD, 0x6D, 0xC1, 0xFD, 0xFD, 0x6D, 0xC1, 0xFD, 0xFD, 0x69, 0xC0, 0xFD, 0xFD,
    0x6A, 0xC0, 0xFD, 0xFD, 0x6A, 0xC0, 0xFD, 0xFD, 0x6F, 0xC4, 0xFE, 0xFD, 0x72, 0xCC, 0xFF, 0xFD,
    0x68, 0xC1, 0xFE, 0xFD, 0x68, 0xC1, 0xFE, 0xFD, 0x66, 0xC4, 0xFE, 0xFD, 0x5D, 0xC5, 0xFE, 0xFD,
    0x57, 0xC3, 0xFE, 0xFD, 0x57, 0xC3, 0xFE, 0xFD, 0x4A, 0xB5, 0xFE, 0xFD, 0x3C, 0xA9, 0xFE, 0xFD,
    0x3C, 0xA9, 0xFE, 0xFD, 0x34, 0xA9, 0xFE, 0xFD, 0x2C, 0xA5, 0xFE, 0xFD, 0x24, 0x9A, 0xFC, 0xFD,
    0x24, 0x9A, 0xFC, 0xFD, 0x1D, 0x94, 0xFA, 0xFC, 0x13, 0x84, 0xF3, 0xFC, 0x0F, 0x74, 0xE2, 0xFC,
    0x0F, 0x74, 0xE2, 0xFC, 0x08, 0x51, 0xB3, 0xFC, 0x01, 0x2C, 0x86, 0xFC, 0x01, 0x2C, 0x86, 0xFC,
    0x1B, 0x70, 0xCE, 0xFC, 0x2A, 0xA0, 0xF4, 0xFC, 0x1E, 0x90, 0xF6, 0xFC, 0x1E, 0x90, 0xF6, 0xFC,
    0x22, 0x92, 0xF6, 0xFC, 0x09, 0x59, 0xB8, 0xFC, 0x00, 0x31, 0x8E, 0xFC, 0x00, 0x31, 0x8E, 0xFC,
    0x09, 0x56, 0xB4, 0xFC, 0x15, 0x7C, 0xE7, 0xFC, 0x15, 0x7C, 0xE7, 0xFC, 0x20, 0x96, 0xFB, 0xFC,
    0x21, 0x96, 0xFC, 0xFB, 0x18, 0x88, 0xF9, 0xFB, 0x18, 0x88, 0xF9, 0xFB, 0x17, 0x8B, 0xFC, 0xFB,
    0x0C, 0x7A, 0xF4, 0xFB, 0x0A, 0x77, 0xF2, 0xFB, 0x0A, 0x77, 0xF2, 0xFB, 0x15, 0x73, 0xE0, 0xF6,
    0x00, 0x0E, 0x3C, 0xF0, 0x13, 0x3E, 0x7C, 0x7B, 0x13, 0x3E, 0x7C, 0x7B, 0x35, 0x8C, 0xDB, 0x03,
    0x2D, 0x80, 0xCD, 0x05, 0x2D, 0x80, 0xCD, 0x05, 0x30, 0x80, 0xCE, 0x01, 0x00, 0x00, 0x00, 0x00,
    0x00, 0x00, 0x00, 0x00, 0x00, 0x00, 0x00, 0x00, 0x00, 0x00, 0x00, 0x00, 0x00, 0x00, 0x00, 0x00,
    0x00, 0x00, 0x00, 0x00, 0x00, 0x00, 0x00, 0x00, 0x00, 0x00, 0x00, 0x00, 0x00, 0x00, 0x00, 0x00,
    0x00, 0x00, 0x00, 0x00, 0x00, 0x00, 0x00, 0x00, 0x00, 0x00, 0x00, 0x00, 0x00, 0x00, 0x00, 0x00,
    0x00, 0x00, 0x00, 0x00, 0x00, 0x00, 0x00, 0x00, 0x00, 0x00, 0x00, 0x00, 0x00, 0x00, 0x00, 0x00,
    0x00, 0x00, 0x00, 0x00, 0x40, 0x89, 0xCF, 0x01, 0x41, 0x8A, 0xD0, 0x01, 0x41, 0x8A, 0xD0, 0x01,
    0x41, 0x8A, 0xD0, 0x01, 0x41, 0x8A, 0xD0, 0x01, 0x42, 0x8A, 0xD1, 0x01, 0x42, 0x8A, 0xD1, 0x01,
    0x40, 0x8A, 0xD0, 0x03, 0x43, 0x8D, 0xD4, 0x01, 0x43, 0x8D, 0xD4, 0x01, 0x3E, 0x7C, 0xB9, 0x24,
    0x00, 0x07, 0x1D, 0xCC, 0x0D, 0x39, 0x7D, 0xF6, 0x0D, 0x39, 0x7D, 0xF6, 0x32, 0xA7, 0xFA, 0xF8,
    0x1E, 0x97, 0xF9, 0xFB, 0x1E, 0x97, 0xF9, 0xFB, 0x17, 0x81, 0xF0, 0xFC, 0x1F, 0x88, 0xF1, 0xFC,
    0x2E, 0x9E, 0xFB, 0xFC, 0x2E, 0x9E, 0xFB, 0xFC, 0x32, 0xA5, 0xFD, 0xFC, 0x31, 0xA2, 0xFE, 0xFC,
    0x31, 0xA2, 0xFD, 0xFC, 0x31, 0xA2, 0xFD, 0xFC, 0x34, 0xA8, 0xFD, 0xFC, 0x42, 0xB2, 0xFD, 0xFD,
    0x42, 0xB2, 0xFD, 0xFD, 0x4A, 0xB4, 0xFD, 0xFD, 0x4E, 0xBC, 0xFD, 0xFD, 0x4F, 0xB9, 0xFD, 0xFD,
    0x4F, 0xB9, 0xFD, 0xFD, 0x4E, 0xC0, 0xFE, 0xFD, 0x44, 0xB9, 0xFD, 0xFD, 0x3D, 0xB3, 0xFD, 0xFD,
    0x3D, 0xB3, 0xFD, 0xFD, 0x3D, 0xA9, 0xFD, 0xFD, 0x44, 0xAB, 0xFD, 0xFD, 0x44, 0xAB, 0xFD, 0xFD,
    0x58, 0xB0, 0xFB, 0xFD, 0x8E, 0xC8, 0xFD, 0xFD, 0xBC, 0xDE, 0xFE, 0xFD, 0xBC, 0xDE, 0xFE, 0xFD,
    0xCA, 0xE7, 0xFE, 0xFD, 0xC2, 0xE0, 0xFE, 0xFD, 0xB0, 0xD4, 0xFD, 0xFD, 0xB0, 0xD4, 0xFD, 0xFD,
    0xA8, 0xD1, 0xFC, 0xFD, 0xC0, 0xE3, 0xFC, 0xFD, 0xC0, 0xE3, 0xFC, 0xFD, 0xCE, 0xE2, 0xF8, 0xFD,
    0xDC, 0xEA, 0xF9, 0xFD, 0xE6, 0xEF, 0xFA, 0xFD, 0xE6, 0xEF, 0xFA, 0xFD, 0xDE, 0xEF, 0xFD, 0xFD,
    0xB7, 0xDE, 0xFC, 0xFD, 0x95, 0xCF, 0xFD, 0xFD, 0x95, 0xCF, 0xFD, 0xFD, 0x89, 0xC4, 0xFC, 0xFD,
    0x9A, 0xD4, 0xFE, 0xFD, 0x9A, 0xD4, 0xFE, 0xFD, 0xAD, 0xE7, 0xFE, 0xFD, 0xA1, 0xDD, 0xFE, 0xFD,
    0x90, 0xDA, 0xFE, 0xFD, 0x90, 0xDA, 0xFE, 0xFD, 0x78, 0xD0, 0xFE, 0xFD, 0x60, 0xBE, 0xFD, 0xFD,
    0x4F, 0xB6, 0xFD, 0xFD, 0x4F, 0xB6, 0xFD, 0xFD, 0x40, 0xAE, 0xFE, 0xFD, 0x39, 0xAC, 0xFE, 0xFD,
    0x39, 0xAC, 0xFE, 0xFD, 0x2B, 0x9C, 0xFD, 0xFD, 0x24, 0x97, 0xFB, 0xFC, 0x17, 0x83, 0xF0, 0xFD,
    0x17, 0x83, 0xF0, 0xFD, 0x16, 0x86, 0xF1, 0xFC, 0x12, 0x7F, 0xEB, 0xFD, 0x11, 0x69, 0xCD, 0xFC,
    0x11, 0x69, 0xCD, 0xFC, 0x05, 0x3A, 0x90, 0xFC, 0x0C, 0x52, 0xA6, 0xFC, 0x0C, 0x52, 0xA6, 0xFC,
    0x28, 0x91, 0xED, 0xFC, 0x20, 0x90, 0xF1, 0xFC, 0x27, 0x90, 0xEF, 0xFC, 0x27, 0x90, 0xEF, 0xFC,
    0x0F, 0x59, 0xB5, 0xFC, 0x02, 0x33, 0x83, 0xFC, 0x12, 0x57, 0xB0, 0xFC, 0x12, 0x57, 0xB0, 0xFC,
    0x1E, 0x82, 0xE6, 0xFC, 0x18, 0x89, 0xF7, 0xFB, 0x18, 0x89, 0xF7, 0xFB, 0x15, 0x83, 0xF7, 0xFB,
    0x1D, 0x95, 0xFD, 0xFB, 0x16, 0x85, 0xFB, 0xFB, 0x16, 0x85, 0xFB, 0xFB, 0x11, 0x83, 0xFA, 0xFB,
    0x0A, 0x78, 0xF4, 0xFB, 0x09, 0x6B, 0xE9, 0xFA, 0x09, 0x6B, 0xE9, 0xFA, 0x12, 0x66, 0xD3, 0xF6,
    0x00, 0x0C, 0x3F, 0xEA, 0x10, 0x3E, 0x80, 0x5C, 0x10, 0x3E, 0x80, 0x5C, 0x37, 0x8D, 0xDC, 0x01,
    0x2E, 0x7F, 0xCC, 0x06, 0x2E, 0x7F, 0xCC, 0x06, 0x30, 0x80, 0xCE, 0x01, 0x00, 0x00, 0x00, 0x00,
    0x00, 0x00, 0x00, 0x00, 0x00, 0x00, 0x00, 0x00, 0x00, 0x00, 0x00, 0x00, 0x00, 0x00, 0x00, 0x00,
    0x00, 0x00, 0x00, 0x00, 0x00, 0x00, 0x00, 0x00, 0x00, 0x00, 0x00, 0x00, 0x00, 0x00, 0x00, 0x00,
    0x00, 0x00, 0x00, 0x00, 0x00, 0x00, 0x00, 0x00, 0x00, 0x00, 0x00, 0x00, 0x00, 0x00, 0x00, 0x00,
    0x00, 0x00, 0x00, 0x00, 0x00, 0x00, 0x00, 0x00, 0x00, 0x00, 0x00, 0x00, 0x00, 0x00, 0x00, 0x00,
    0x00, 0x00, 0x00, 0x00, 0x40, 0x89, 0xCF, 0x01, 0x41, 0x8A, 0xD0, 0x01, 0x41, 0x8A, 0xD0, 0x01,
    0x41, 0x8A, 0xD0, 0x01, 0x41, 0x8A, 0xD0, 0x01, 0x42, 0x8B, 0xD0, 0x01, 0x42, 0x8B, 0xD0, 0x01,
    0x41, 0x8A, 0xD1, 0x02, 0x43, 0x8D, 0xD4, 0x02, 0x43, 0x8D, 0xD4, 0x02, 0x42, 0x81, 0xC0, 0x18,
    0x01, 0x0B, 0x2A, 0xB0, 0x06, 0x2C, 0x6C, 0xEF, 0x06, 0x2C, 0x6C, 0xEF, 0x2C, 0xA0, 0xF7, 0xF8,
    0x1F, 0x99, 0xFA, 0xFB, 0x1F, 0x99, 0xFA, 0xFB, 0x1E, 0x90, 0xF8, 0xFC, 0x26, 0x94, 0xF9, 0xFC,
    0x2F, 0x9E, 0xFC, 0xFC, 0x2F, 0x9E, 0xFC, 0xFC, 0x32, 0xA4, 0xFD, 0xFC, 0x2E, 0x9F, 0xFD, 0xFC,
    0x30, 0x9F, 0xFD, 0xFC, 0x30, 0x9F, 0xFD, 0xFC, 0x27, 0x8F, 0xEA, 0xFD, 0x23, 0x77, 0xC6, 0xFC,
    0x23, 0x77, 0xC6, 0xFC, 0x35, 0x86, 0xD2, 0xFD, 0x44, 0x9E, 0xE6, 0xFD, 0x42, 0x99, 0xE6, 0xFD,
    0x42, 0x99, 0xE6, 0xFD, 0x45, 0x9C, 0xE8, 0xFD, 0x32, 0x85, 0xD3, 0xFD, 0x2A, 0x7F, 0xD6, 0xFD,
    0x2A, 0x7F, 0xD6, 0xFD, 0x45, 0x9E, 0xF3, 0xFD, 0x63, 0xB0, 0xFA, 0xFD, 0x63, 0xB0, 0xFA, 0xFD,
    0x8E, 0xC6, 0xF9, 0xFD, 0xBC, 0xE3, 0xFE, 0xFD, 0xCC, 0xE3, 0xFB, 0xFD, 0xCC, 0xE3, 0xFB, 0xFD,
    0xCD, 0xE5, 0xFB, 0xFD, 0xC3, 0xDC, 0xFA, 0xFD, 0xC3, 0xE1, 0xFC, 0xFD, 0xC3, 0xE1, 0xFC, 0xFD,
    0xC8, 0xE1, 0xFA, 0xFD, 0xDC, 0xEB, 0xFA, 0xFD, 0xDC, 0xEB, 0xFA, 0xFD, 0xE3, 0xE7, 0xF4, 0xFD,
    0xEE, 0xF2, 0xF9, 0xFD, 0xF5, 0xF8, 0xFC, 0xFD, 0xF5, 0xF8, 0xFC, 0xFD, 0xF4, 0xFA, 0xFD, 0xFD,
    0xD9, 0xED, 0xFC, 0xFD, 0xBD, 0xE1, 0xFC, 0xFD, 0xBD, 0xE1, 0xFC, 0xFD, 0xB8, 0xE3, 0xFD, 0xFD,
    0xC1, 0xEB, 0xFD, 0xFD, 0xC1, 0xEB, 0xFD, 0xFD, 0xBE, 0xE0, 0xFB, 0xFD, 0xC4, 0xF0, 0xFE, 0xFD,
    0xA8, 0xE3, 0xFD, 0xFD, 0xA8, 0xE3, 0xFD, 0xFD, 0x7E, 0xCD, 0xFD, 0xFD, 0x5C, 0xBA, 0xFC, 0xFD,
    0x4E, 0xBF, 0xFE, 0xFD, 0x4E, 0xBF, 0xFE, 0xFD, 0x37, 0xA6, 0xFF, 0xFD, 0x29, 0x92, 0xFC, 0xFD,
    0x29, 0x92, 0xFC, 0xFD, 0x14, 0x73, 0xE7, 0xFD, 0x0E, 0x71, 0xE4, 0xFC, 0x0A, 0x6E, 0xE2, 0xFC,
    0x0A, 0x6E, 0xE2, 0xFC, 0x13, 0x75, 0xE1, 0xFC, 0x0E, 0x5E, 0xC0, 0xFC, 0x0A, 0x39, 0x89, 0xFC,
    0x0A, 0x39, 0x89, 0xFC, 0x03, 0x1D, 0x61, 0xFC, 0x15, 0x51, 0x9C, 0xFC, 0x15, 0x51, 0x9C, 0xFC,
    0x24, 0x81, 0xD3, 0xFC, 0x17, 0x6E, 0xCA, 0xFC, 0x07, 0x44, 0x9F, 0xFC, 0x07, 0x44, 0x9F, 0xFC,
    0x03, 0x33, 0x83, 0xFC, 0x18, 0x68, 0xBB, 0xFC, 0x2F, 0x97, 0xF2, 0xFC, 0x2F, 0x97, 0xF2, 0xFC,
    0x2A, 0xA1, 0xFA, 0xFB, 0x19, 0x91, 0xFB, 0xFB, 0x19, 0x91, 0xFB, 0xFB, 0x11, 0x82, 0xF5, 0xFB,
    0x1A, 0x91, 0xFC, 0xFB, 0x13, 0x84, 0xFA, 0xFB, 0x13, 0x84, 0xFA, 0xFB, 0x0D, 0x7D, 0xF7, 0xFA,
    0x0C, 0x7C, 0xF6, 0xFB, 0x0B, 0x62, 0xD9, 0xF9, 0x0B, 0x62, 0xD9, 0xF9, 0x05, 0x37, 0x95, 0xF5,
    0x16, 0x43, 0x83, 0xD6, 0x23, 0x66, 0xAD, 0x34, 0x23, 0x66, 0xAD, 0x34, 0x00, 0x00, 0x00, 0x00,
    0x2E, 0x80, 0xCC, 0x04, 0x2E, 0x80, 0xCC, 0x04, 0x30, 0x80, 0xCD, 0x01, 0x00, 0x00, 0x00, 0x00,
    0x00, 0x00, 0x00, 0x00, 0x00, 0x00, 0x00, 0x00, 0x00, 0x00, 0x00, 0x00, 0x00, 0x00, 0x00, 0x00,
    0x00, 0x00, 0x00, 0x00, 0x00, 0x00, 0x00, 0x00, 0x00, 0x00, 0x00, 0x00, 0x00, 0x00, 0x00, 0x00,
    0x00, 0x00, 0x00, 0x00, 0x00, 0x00, 0x00, 0x00, 0x00, 0x00, 0x00, 0x00, 0x00, 0x00, 0x00, 0x00,
    0x00, 0x00, 0x00, 0x00, 0x00, 0x00, 0x00, 0x00, 0x00, 0x00, 0x00, 0x00, 0x00, 0x00, 0x00, 0x00,
    0x00, 0x00, 0x00, 0x00, 0x40, 0x89, 0xCF, 0x01, 0x41, 0x8A, 0xD0, 0x01, 0x41, 0x8A, 0xD0, 0x01,
    0x41, 0x8A, 0xD0, 0x01, 0x41, 0x8A, 0xD0, 0x01, 0x42, 0x8B, 0xD0, 0x01, 0x42, 0x8B, 0xD0, 0x01,
    0x41, 0x8A, 0xD1, 0x02, 0x43, 0x8D, 0xD4, 0x02, 0x43, 0x8D, 0xD4, 0x02, 0x42, 0x81, 0xC0, 0x18,
    0x01, 0x0B, 0x2A, 0xB0, 0x06, 0x2C, 0x6C, 0xEF, 0x06, 0x2C, 0x6C, 0xEF, 0x2C, 0xA0, 0xF7, 0xF8,
    0x1F, 0x99, 0xFA, 0xFB, 0x1F, 0x99, 0xFA, 0xFB, 0x1E, 0x90, 0xF8, 0xFC, 0x26, 0x94, 0xF9, 0xFC,
    0x2F, 0x9E, 0xFC, 0xFC, 0x2F, 0x9E, 0xFC, 0xFC, 0x32, 0xA4, 0xFD, 0xFC, 0x2E, 0x9F, 0xFD, 0xFC,
    0x30, 0x9F, 0xFD, 0xFC, 0x30, 0x9F, 0xFD, 0xFC, 0x27, 0x8F, 0xEA, 0xFD, 0x23, 0x77, 0xC6, 0xFC,
    0x23, 0x77, 0xC6, 0xFC, 0x35, 0x86, 0xD2, 0xFD, 0x44, 0x9E, 0xE6, 0xFD, 0x42, 0x99, 0xE6, 0xFD,
    0x42, 0x99, 0xE6, 0xFD, 0x45, 0x9C, 0xE8, 0xFD, 0x32, 0x85, 0xD3, 0xFD, 0x2A, 0x7F, 0xD6, 0xFD,
    0x2A, 0x7F, 0xD6, 0xFD, 0x45, 0x9E, 0xF3, 0xFD, 0x63, 0xB0, 0xFA, 0xFD, 0x63, 0xB0, 0xFA, 0xFD,
    0x8E, 0xC6, 0xF9, 0xFD, 0xBC, 0xE3, 0xFE, 0xFD, 0xCC, 0xE3, 0xFB, 0xFD, 0xCC, 0xE3, 0xFB, 0xFD,
    0xCD, 0xE5, 0xFB, 0xFD, 0xC3, 0xDC, 0xFA, 0xFD, 0xC3, 0xE1, 0xFC, 0xFD, 0xC3, 0xE1, 0xFC, 0xFD,
    0xC8, 0xE1, 0xFA, 0xFD, 0xDC, 0xEB, 0xFA, 0xFD, 0xDC, 0xEB, 0xFA, 0xFD, 0xE3, 0xE7, 0xF4, 0xFD,
    0xEE, 0xF2, 0xF9, 0xFD, 0xF5, 0xF8, 0xFC, 0xFD, 0xF5, 0xF8, 0xFC, 0xFD, 0xF4, 0xFA, 0xFD, 0xFD,
    0xD9, 0xED, 0xFC, 0xFD, 0xBD, 0xE1, 0xFC, 0xFD, 0xBD, 0xE1, 0xFC, 0xFD, 0xB8, 0xE3, 0xFD, 0xFD,
    0xC1, 0xEB, 0xFD, 0xFD, 0xC1, 0xEB, 0xFD, 0xFD, 0xBE, 0xE0, 0xFB, 0xFD, 0xC4, 0xF0, 0xFE, 0xFD,
    0xA8, 0xE3, 0xFD, 0xFD, 0xA8, 0xE3, 0xFD, 0xFD, 0x7E, 0xCD, 0xFD, 0xFD, 0x5C, 0xBA, 0xFC, 0xFD,
    0x4E, 0xBF, 0xFE, 0xFD, 0x4E, 0xBF, 0xFE, 0xFD, 0x37, 0xA6, 0xFF, 0xFD, 0x29, 0x92, 0xFC, 0xFD,
    0x29, 0x92, 0xFC, 0xFD, 0x14, 0x73, 0xE7, 0xFD, 0x0E, 0x71, 0xE4, 0xFC, 0x0A, 0x6E, 0xE2, 0xFC,
    0x0A, 0x6E, 0xE2, 0xFC, 0x13, 0x75, 0xE1, 0xFC, 0x0E, 0x5E, 0xC0, 0xFC, 0x0A, 0x39, 0x89, 0xFC,
    0x0A, 0x39, 0x89, 0xFC, 0x03, 0x1D, 0x61, 0xFC, 0x15, 0x51, 0x9C, 0xFC, 0x15, 0x51, 0x9C, 0xFC,
    0x24, 0x81, 0xD3, 0xFC, 0x17, 0x6E, 0xCA, 0xFC, 0x07, 0x44, 0x9F, 0xFC, 0x07, 0x44, 0x9F, 0xFC,
    0x03, 0x33, 0x83, 0xFC, 0x18, 0x68, 0xBB, 0xFC, 0x2F, 0x97, 0xF2, 0xFC, 0x2F, 0x97, 0xF2, 0xFC,
    0x2A, 0xA1, 0xFA, 0xFB, 0x19, 0x91, 0xFB, 0xFB, 0x19, 0x91, 0xFB, 0xFB, 0x11, 0x82, 0xF5, 0xFB,
    0x1A, 0x91, 0xFC, 0xFB, 0x13, 0x84, 0xFA, 0xFB, 0x13, 0x84, 0xFA, 0xFB, 0x0D, 0x7D, 0xF7, 0xFA,
    0x0C, 0x7C, 0xF6, 0xFB, 0x0B, 0x62, 0xD9, 0xF9, 0x0B, 0x62, 0xD9, 0xF9, 0x05, 0x37, 0x95, 0xF5,
    0x16, 0x43, 0x83, 0xD6, 0x23, 0x66, 0xAD, 0x34, 0x23, 0x66, 0xAD, 0x34, 0x00, 0x00, 0x00, 0x00,
    0x2E, 0x80, 0xCC, 0x04, 0x2E, 0x80, 0xCC, 0x04, 0x30, 0x80, 0xCD, 0x01, 0x00, 0x00, 0x00, 0x00,
    0x00, 0x00, 0x00, 0x00, 0x00, 0x00, 0x00, 0x00, 0x00, 0x00, 0x00, 0x00, 0x00, 0x00, 0x00, 0x00,
    0x00, 0x00, 0x00, 0x00, 0x00, 0x00, 0x00, 0x00, 0x00, 0x00, 0x00, 0x00, 0x00, 0x00, 0x00, 0x00,
    0x00, 0x00, 0x00, 0x00, 0x00, 0x00, 0x00, 0x00, 0x00, 0x00, 0x00, 0x00, 0x00, 0x00, 0x00, 0x00,
    0x00, 0x00, 0x00, 0x00, 0x00, 0x00, 0x00, 0x00, 0x00, 0x00, 0x00, 0x00, 0x00, 0x00, 0x00, 0x00,
    0x00, 0x00, 0x00, 0x00, 0x40, 0x89, 0xCF, 0x01, 0x41, 0x89, 0xCF, 0x01, 0x41, 0x89, 0xCF, 0x01,
    0x42, 0x8A, 0xD0, 0x01, 0x42, 0x8B, 0xD0, 0x01, 0x43, 0x8B, 0xD1, 0x01, 0x43, 0x8B, 0xD1, 0x01,
    0x43, 0x8B, 0xD1, 0x01, 0x44, 0x8C, 0xD4, 0x04, 0x44, 0x8C, 0xD4, 0x04, 0x41, 0x86, 0xC9, 0x0A,
    0x20, 0x54, 0x8E, 0x81, 0x14, 0x48, 0x8B, 0xEE, 0x14, 0x48, 0x8B, 0xEE, 0x25, 0x88, 0xE5, 0xF7,
    0x27, 0xA0, 0xFB, 0xFB, 0x27, 0xA0, 0xFB, 0xFB, 0x24, 0x9A, 0xFC, 0xFC, 0x2D, 0xA0, 0xFC, 0xFC,
    0x30, 0x9B, 0xFB, 0xFC, 0x30, 0x9B, 0xFB, 0xFC, 0x2F, 0x9C, 0xFB, 0xFC, 0x34, 0xA1, 0xFC, 0xFC,
    0x37, 0xA5, 0xFD, 0xFC, 0x37, 0xA5, 0xFD, 0xFC, 0x2F, 0x8C, 0xEB, 0xFC, 0x10, 0x4D, 0x99, 0xFC,
    0x10, 0x4D, 0x99, 0xFC, 0x08, 0x36, 0x7A, 0xFD, 0x0B, 0x3F, 0x82, 0xFD, 0x0B, 0x38, 0x81, 0xFD,
    0x0B, 0x38, 0x81, 0xFD, 0x0E, 0x3B, 0x81, 0xFD, 0x0A, 0x2D, 0x75, 0xFD, 0x22, 0x55, 0xA0, 0xFD,
    0x22, 0x55, 0xA0, 0xFD, 0x81, 0xBC, 0xF5, 0xFD, 0xBA, 0xE2, 0xFD, 0xFD, 0xBA, 0xE2, 0xFD, 0xFD,
    0xD2, 0xE9, 0xFB, 0xFD, 0xE2, 0xF2, 0xFC, 0xFD, 0xDC, 0xE7, 0xF7, 0xFD, 0xDC, 0xE7, 0xF7, 0xFD,
    0xDA, 0xE8, 0xFA, 0xFD, 0xCE, 0xE1, 0xFB, 0xFD, 0xC4, 0xE0, 0xFA, 0xFD, 0xC4, 0xE0, 0xFA, 0xFD,
    0xC5, 0xDD, 0xF8, 0xFD, 0xE4, 0xF2, 0xFC, 0xFD, 0xE4, 0xF2, 0xFC, 0xFD, 0xDA, 0xE2, 0xF7, 0xFD,
    0xE1, 0xEC, 0xFA, 0xFD, 0xD1, 0xDB, 0xF2, 0xFD, 0xD1, 0xDB, 0xF2, 0xFD, 0xD6, 0xE2, 0xF3, 0xFD,
    0xDF, 0xEE, 0xFA, 0xFD, 0xD3, 0xE8, 0xF9, 0xFD, 0xD3, 0xE8, 0xF9, 0xFD, 0xCE, 0xE5, 0xF9, 0xFD,
    0xD1, 0xEC, 0xFB, 0xFD, 0xD1, 0xEC, 0xFB, 0xFD, 0xCB, 0xE3, 0xF7, 0xFD, 0xC1, 0xDF, 0xF7, 0xFD,
    0xA2, 0xCD, 0xF5, 0xFD, 0xA2, 0xCD, 0xF5, 0xFD, 0x8A, 0xDA, 0xFD, 0xFD, 0x62, 0xC1, 0xFD, 0xFD,
    0x43, 0xA7, 0xFE, 0xFD, 0x43, 0xA7, 0xFE, 0xFD, 0x28, 0x84, 0xED, 0xFD, 0x17, 0x70, 0xE0, 0xFD,
    0x17, 0x70, 0xE0, 0xFD, 0x0B, 0x5F, 0xD3, 0xFC, 0x0D, 0x6D, 0xE4, 0xFC, 0x1A, 0x82, 0xF4, 0xFC,
    0x1A, 0x82, 0xF4, 0xFC, 0x1D, 0x70, 0xD8, 0xFC, 0x04, 0x28, 0x74, 0xFC, 0x00, 0x11, 0x4C, 0xFC,
    0x00, 0x11, 0x4C, 0xFC, 0x01, 0x17, 0x57, 0xFC, 0x03, 0x27, 0x71, 0xFC, 0x03, 0x27, 0x71, 0xFC,
    0x03, 0x36, 0x89, 0xFC, 0x0A, 0x57, 0xAB, 0xFB, 0x04, 0x41, 0x9E, 0xFC, 0x04, 0x41, 0x9E, 0xFC,
    0x08, 0x51, 0xB2, 0xFB, 0x2B, 0x98, 0xF1, 0xFC, 0x2C, 0x9D, 0xF8, 0xFC, 0x2C, 0x9D, 0xF8, 0xFC,
    0x1E, 0x8A, 0xF4, 0xFB, 0x1E, 0x92, 0xFA, 0xFB, 0x1E, 0x92, 0xFA, 0xFB, 0x13, 0x84, 0xF7, 0xFB,
    0x13, 0x86, 0xFA, 0xFA, 0x10, 0x80, 0xF8, 0xFB, 0x10, 0x80, 0xF8, 0xFB, 0x07, 0x71, 0xF0, 0xFB,
    0x0D, 0x78, 0xF4, 0xFB, 0x0B, 0x4D, 0xBC, 0xFA, 0x0B, 0x4D, 0xBC, 0xFA, 0x00, 0x09, 0x48, 0xE4,
    0x24, 0x62, 0xA5, 0x5B, 0x32, 0x87, 0xD1, 0x07, 0x32, 0x87, 0xD1, 0x07, 0x2C, 0x80, 0xCD, 0x01,
    0x30, 0x80, 0xCD, 0x02, 0x30, 0x80, 0xCD, 0x02, 0x30, 0x80, 0xCD, 0x01, 0x00, 0x00, 0x00, 0x00,
    0x00, 0x00, 0x00, 0x00, 0x00, 0x00, 0x00, 0x00, 0x00, 0x00, 0x00, 0x00, 0x00, 0x00, 0x00, 0x00,
    0x00, 0x00, 0x00, 0x00, 0x00, 0x00, 0x00, 0x00, 0x00, 0x00, 0x00, 0x00, 0x00, 0x00, 0x00, 0x00,
    0x00, 0x00, 0x00, 0x00, 0x00, 0x00, 0x00, 0x00, 0x00, 0x00, 0x00, 0x00, 0x00, 0x00, 0x00, 0x00,
    0x00, 0x00, 0x00, 0x00, 0x00, 0x00, 0x00, 0x00, 0x00, 0x00, 0x00, 0x00, 0x00, 0x00, 0x00, 0x00,
    0x00, 0x00, 0x00, 0x00, 0x00, 0x00, 0x00, 0x00, 0x00, 0x00, 0x00, 0x00, 0x00, 0x00, 0x00, 0x00,
    0x00, 0x00, 0x00, 0x00, 0x43, 0x8B, 0xD0, 0x01, 0x43, 0x8B, 0xD1, 0x01, 0x43, 0x8B, 0xD1, 0x01,
    0x44, 0x8A, 0xD1, 0x01, 0x47, 0x8C, 0xD3, 0x03, 0x47, 0x8C, 0xD3, 0x03, 0x3D, 0x83, 0xCA, 0x04,
    0x42, 0x83, 0xC1, 0x7A, 0x18, 0x42, 0x7C, 0xE9, 0x18, 0x42, 0x7C, 0xE9, 0x05, 0x35, 0x8C, 0xF4,
    0x24, 0x8F, 0xF1, 0xF8, 0x24, 0x8F, 0xF1, 0xF8, 0x26, 0x9B, 0xFB, 0xFB, 0x2A, 0x9A, 0xFC, 0xFB,
    0x30, 0x9B, 0xFB, 0xFC, 0x30, 0x9B, 0xFB, 0xFC, 0x36, 0xA3, 0xFC, 0xFB, 0x31, 0x9A, 0xFB, 0xFC,
    0x36, 0xA0, 0xFD, 0xFC, 0x36, 0xA0, 0xFD, 0xFC, 0x3F, 0xA8, 0xFD, 0xFC, 0x3C, 0x97, 0xEF, 0xFC,
    0x3C, 0x97, 0xEF, 0xFC, 0x33, 0x84, 0xD6, 0xFD, 0x34, 0x83, 0xD3, 0xFD, 0x3A, 0x85, 0xD7, 0xFD,
    0x3A, 0x85, 0xD7, 0xFD, 0x44, 0x91, 0xDE, 0xFD, 0x48, 0x8E, 0xD9, 0xFD, 0x87, 0xBF, 0xF3, 0xFD,
    0x87, 0xBF, 0xF3, 0xFD, 0xCD, 0xED, 0xFE, 0xFD, 0xE4, 0xF5, 0xFE, 0xFD, 0xE4, 0xF5, 0xFE, 0xFD,
    0xE7, 0xF0, 0xF8, 0xFD, 0xE8, 0xEF, 0xF8, 0xFD, 0xED, 0xF6, 0xFC, 0xFD, 0xED, 0xF6, 0xFC, 0xFD,
    0xF1, 0xF8, 0xFC, 0xFD, 0xDF, 0xEE, 0xFB, 0xFD, 0x9F, 0xB9, 0xE2, 0xFD, 0x9F, 0xB9, 0xE2, 0xFD,
    0x5C, 0x72, 0xA5, 0xFD, 0x50, 0x65, 0x96, 0xFD, 0x50, 0x65, 0x96, 0xFD, 0x34, 0x3E, 0x6E, 0xFE,
    0x2D, 0x3D, 0x6F, 0xFD, 0x18, 0x25, 0x59, 0xFD, 0x18, 0x25, 0x59, 0xFD, 0x95, 0xA8, 0xCE, 0xFD,
    0xED, 0xF7, 0xFC, 0xFD, 0xE5, 0xF3, 0xFB, 0xFD, 0xE5, 0xF3, 0xFB, 0xFD, 0xD7, 0xE5, 0xF7, 0xFD,
    0xD3, 0xEA, 0xFC, 0xFD, 0xD3, 0xEA, 0xFC, 0xFD, 0xCE, 0xEE, 0xFC, 0xFD, 0xBB, 0xE6, 0xFD, 0xFD,
    0xA4, 0xDB, 0xFD, 0xFD, 0xA4, 0xDB, 0xFD, 0xFD, 0x87, 0xD3, 0xFF, 0xFD, 0x54, 0xA6, 0xEF, 0xFD,
    0x2C, 0x7A, 0xD6, 0xFD, 0x2C, 0x7A, 0xD6, 0xFD, 0x0F, 0x51, 0xBA, 0xFD, 0x13, 0x63, 0xD2, 0xFC,
    0x13, 0x63, 0xD2, 0xFC, 0x13, 0x74, 0xE5, 0xFC, 0x1D, 0x90, 0xFF, 0xFC, 0x30, 0xA2, 0xFF, 0xFC,
    0x30, 0xA2, 0xFF, 0xFC, 0x1C, 0x66, 0xB9, 0xFC, 0x01, 0x1B, 0x58, 0xFC, 0x0F, 0x3B, 0x82, 0xFC,
    0x0F, 0x3B, 0x82, 0xFC, 0x26, 0x71, 0xC1, 0xFC, 0x1C, 0x6A, 0xC6, 0xFC, 0x1C, 0x6A, 0xC6, 0xFC,
    0x20, 0x72, 0xD2, 0xFC, 0x2B, 0x97, 0xEF, 0xFB, 0x1E, 0x87, 0xEC, 0xFB, 0x1E, 0x87, 0xEC, 0xFB,
    0x14, 0x7E, 0xE8, 0xFB, 0x1C, 0x8D, 0xF2, 0xFB, 0x26, 0x99, 0xF9, 0xFB, 0x26, 0x99, 0xF9, 0xFB,
    0x28, 0x98, 0xFA, 0xFB, 0x20, 0x93, 0xFB, 0xFB, 0x20, 0x93, 0xFB, 0xFB, 0x12, 0x85, 0xF8, 0xFB,
    0x0F, 0x81, 0xF8, 0xFA, 0x0D, 0x7E, 0xF6, 0xFA, 0x0D, 0x7E, 0xF6, 0xFA, 0x07, 0x73, 0xF0, 0xF9,
    0x0B, 0x6F, 0xEA, 0xF8, 0x0F, 0x4C, 0xA5, 0xF0, 0x0F, 0x4C, 0xA5, 0xF0, 0x00, 0x06, 0x35, 0xCE,
    0x16, 0x4F, 0x95, 0x1C, 0x2F, 0x82, 0xD1, 0x02, 0x2F, 0x82, 0xD1, 0x02, 0x2C, 0x7E, 0xCA, 0x02,
    0x2F, 0x80, 0xCC, 0x01, 0x2F, 0x80, 0xCC, 0x01, 0x30, 0x80, 0xCC, 0x01, 0x00, 0x00, 0x00, 0x00,
    0x00, 0x00, 0x00, 0x00, 0x00, 0x00, 0x00, 0x00, 0x00, 0x00, 0x00, 0x00, 0x00, 0x00, 0x00, 0x00,
    0x00, 0x00, 0x00, 0x00, 0x00, 0x00, 0x00, 0x00, 0x00, 0x00, 0x00, 0x00, 0x00, 0x00, 0x00, 0x00,
    0x00, 0x00, 0x00, 0x00, 0x00, 0x00, 0x00, 0x00, 0x00, 0x00, 0x00, 0x00, 0x00, 0x00, 0x00, 0x00,
    0x00, 0x00, 0x00, 0x00, 0x00, 0x00, 0x00, 0x00, 0x00, 0x00, 0x00, 0x00, 0x00, 0x00, 0x00, 0x00,
    0x00, 0x00, 0x00, 0x00, 0x00, 0x00, 0x00, 0x00, 0x00, 0x00, 0x00, 0x00, 0x00, 0x00, 0x00, 0x00,
    0x00, 0x00, 0x00, 0x00, 0x00, 0x00, 0x00, 0x00, 0x00, 0x00, 0x00, 0x00, 0x00, 0x00, 0x00, 0x00,
    0x45, 0x8A, 0xD1, 0x01, 0x00, 0x00, 0x00, 0x00, 0x00, 0x00, 0x00, 0x00, 0x48, 0x8E, 0xD4, 0x07,
    0x31, 0x64, 0x9D, 0x29, 0x02, 0x12, 0x34, 0xA9, 0x02, 0x12, 0x34, 0xA9, 0x14, 0x4D, 0x9C, 0xFA,
    0x1B, 0x81, 0xE8, 0xF5, 0x1B, 0x81, 0xE8, 0xF5, 0x1C, 0x88, 0xF4, 0xFD, 0x27, 0x95, 0xFA, 0xFB,
    0x2A, 0x92, 0xF8, 0xFC, 0x2A, 0x92, 0xF8, 0xFC, 0x2E, 0x98, 0xFA, 0xFC, 0x31, 0x9B, 0xFB, 0xFC,
    0x32, 0x9E, 0xFC, 0xFC, 0x32, 0x9E, 0xFC, 0xFC, 0x35, 0x9F, 0xFD, 0xFC, 0x40, 0xA9, 0xFD, 0xFC,
    0x40, 0xA9, 0xFD, 0xFC, 0x4B, 0xAF, 0xFD, 0xFD, 0x5C, 0xC0, 0xFE, 0xFD, 0x6B, 0xC9, 0xFE, 0xFD,
    0x6B, 0xC9, 0xFE, 0xFD, 0x7A, 0xD3, 0xFE, 0xFD, 0x8B, 0xDA, 0xFD, 0xFD, 0xC1, 0xED, 0xFD, 0xFD,
    0xC1, 0xED, 0xFD, 0xFD, 0xE1, 0xEF, 0xFD, 0xFD, 0xE9, 0xF1, 0xF9, 0xFD, 0xE9, 0xF1, 0xF9, 0xFD,
    0xEC, 0xF3, 0xF9, 0xFD, 0xF4, 0xF9, 0xFC, 0xFD, 0xC4, 0xCC, 0xDD, 0xFD, 0xC4, 0xCC, 0xDD, 0xFD,
    0x4E, 0x58, 0x7A, 0xFD, 0x5E, 0x69, 0x8B, 0xFD, 0x7F, 0x98, 0xC3, 0xFD, 0x7F, 0x98, 0xC3, 0xFD,
    0x3B, 0x51, 0x85, 0xFD, 0x17, 0x23, 0x5B, 0xFD, 0x17, 0x23, 0x5B, 0xFD, 0x27, 0x2E, 0x64, 0xFE,
    0x22, 0x2F, 0x67, 0xFE, 0x21, 0x2B, 0x60, 0xFE, 0x21, 0x2B, 0x60, 0xFE, 0xC4, 0xD1, 0xEB, 0xFD,
    0xEA, 0xF4, 0xFB, 0xFD, 0xDD, 0xEB, 0xF7, 0xFD, 0xDD, 0xEB, 0xF7, 0xFD, 0xE0, 0xF9, 0xFE, 0xFD,
    0xCC, 0xF2, 0xFE, 0xFD, 0xCC, 0xF2, 0xFE, 0xFD, 0xAE, 0xD4, 0xF8, 0xFD, 0x9E, 0xD9, 0xFC, 0xFD,
    0x86, 0xCA, 0xFB, 0xFD, 0x86, 0xCA, 0xFB, 0xFD, 0x47, 0x92, 0xD8, 0xFD, 0x14, 0x5A, 0xAD, 0xFD,
    0x13, 0x5F, 0xBA, 0xFD, 0x13, 0x5F, 0xBA, 0xFD, 0x10, 0x5D, 0xC5, 0xFD, 0x1B, 0x78, 0xE6, 0xFC,
    0x1B, 0x78, 0xE6, 0xFC, 0x17, 0x7A, 0xEE, 0xFC, 0x2B, 0xA1, 0xFF, 0xFC, 0x20, 0x74, 0xD2, 0xFC,
    0x20, 0x74, 0xD2, 0xFC, 0x01, 0x19, 0x66, 0xFC, 0x1B, 0x5A, 0xA2, 0xFC, 0x47, 0xA5, 0xF3, 0xFC,
    0x47, 0xA5, 0xF3, 0xFC, 0x36, 0xA7, 0xFA, 0xFC, 0x28, 0xA0, 0xFB, 0xFB, 0x28, 0xA0, 0xFB, 0xFB,
    0x24, 0x9A, 0xFB, 0xFB, 0x25, 0x9E, 0xFB, 0xFB, 0x1A, 0x90, 0xFA, 0xFB, 0x1A, 0x90, 0xFA, 0xFB,
    0x0F, 0x84, 0xF8, 0xFB, 0x0C, 0x7F, 0xF2, 0xFB, 0x1A, 0x8B, 0xF9, 0xFB, 0x1A, 0x8B, 0xF9, 0xFB,
    0x24, 0x97, 0xFB, 0xFB, 0x1E, 0x8F, 0xFA, 0xFB, 0x1E, 0x8F, 0xFA, 0xFB, 0x0E, 0x7F, 0xF5, 0xFA,
    0x0B, 0x7B, 0xF7, 0xFA, 0x06, 0x6E, 0xEB, 0xFA, 0x06, 0x6E, 0xEB, 0xFA, 0x09, 0x71, 0xED, 0xF8,
    0x0C, 0x62, 0xD4, 0xF5, 0x06, 0x2D, 0x76, 0xDE, 0x06, 0x2D, 0x76, 0xDE, 0x1B, 0x49, 0x86, 0x9E,
    0x32, 0x7F, 0xC6, 0x08, 0x2F, 0x80, 0xCD, 0x02, 0x2F, 0x80, 0xCD, 0x02, 0x2D, 0x7D, 0xCA, 0x02,
    0x2F, 0x80, 0xCC, 0x01, 0x2F, 0x80, 0xCC, 0x01, 0x30, 0x80, 0xCC, 0x01, 0x00, 0x00, 0x00, 0x00,
    0x00, 0x00, 0x00, 0x00, 0x00, 0x00, 0x00, 0x00, 0x00, 0x00, 0x00, 0x00, 0x00, 0x00, 0x00, 0x00,
    0x00, 0x00, 0x00, 0x00, 0x00, 0x00, 0x00, 0x00, 0x00, 0x00, 0x00, 0x00, 0x00, 0x00, 0x00, 0x00,
    0x00, 0x00, 0x00, 0x00, 0x00, 0x00, 0x00, 0x00, 0x00, 0x00, 0x00, 0x00, 0x00, 0x00, 0x00, 0x00,
    0x00, 0x00, 0x00, 0x00, 0x00, 0x00, 0x00, 0x00, 0x00, 0x00, 0x00, 0x00, 0x00, 0x00, 0x00, 0x00,
    0x00, 0x00, 0x00, 0x00, 0x00, 0x00, 0x00, 0x00, 0x00, 0x00, 0x00, 0x00, 0x00, 0x00, 0x00, 0x00,
    0x00, 0x00, 0x00, 0x00, 0x00, 0x00, 0x00, 0x00, 0x00, 0x00, 0x00, 0x00, 0x00, 0x00, 0x00, 0x00,
    0x45, 0x8A, 0xD1, 0x01, 0x00, 0x00, 0x00, 0x00, 0x00, 0x00, 0x00, 0x00, 0x48, 0x8E, 0xD4, 0x07,
    0x31, 0x64, 0x9D, 0x29, 0x02, 0x12, 0x34, 0xA9, 0x02, 0x12, 0x34, 0xA9, 0x14, 0x4D, 0x9C, 0xFA,
    0x1B, 0x81, 0xE8, 0xF5, 0x1B, 0x81, 0xE8, 0xF5, 0x1C, 0x88, 0xF4, 0xFD, 0x27, 0x95, 0xFA, 0xFB,
    0x2A, 0x92, 0xF8, 0xFC, 0x2A, 0x92, 0xF8, 0xFC, 0x2E, 0x98, 0xFA, 0xFC, 0x31, 0x9B, 0xFB, 0xFC,
    0x32, 0x9E, 0xFC, 0xFC, 0x32, 0x9E, 0xFC, 0xFC, 0x35, 0x9F, 0xFD, 0xFC, 0x40, 0xA9, 0xFD, 0xFC,
    0x40, 0xA9, 0xFD, 0xFC, 0x4B, 0xAF, 0xFD, 0xFD, 0x5C, 0xC0, 0xFE, 0xFD, 0x6B, 0xC9, 0xFE, 0xFD,
    0x6B, 0xC9, 0xFE, 0xFD, 0x7A, 0xD3, 0xFE, 0xFD, 0x8B, 0xDA, 0xFD, 0xFD, 0xC1, 0xED, 0xFD, 0xFD,
    0xC1, 0xED, 0xFD, 0xFD, 0xE1, 0xEF, 0xFD, 0xFD, 0xE9, 0xF1, 0xF9, 0xFD, 0xE9, 0xF1, 0xF9, 0xFD,
    0xEC, 0xF3, 0xF9, 0xFD, 0xF4, 0xF9, 0xFC, 0xFD, 0xC4, 0xCC, 0xDD, 0xFD, 0xC4, 0xCC, 0xDD, 0xFD,
    0x4E, 0x58, 0x7A, 0xFD, 0x5E, 0x69, 0x8B, 0xFD, 0x7F, 0x98, 0xC3, 0xFD, 0x7F, 0x98, 0xC3, 0xFD,
    0x3B, 0x51, 0x85, 0xFD, 0x17, 0x23, 0x5B, 0xFD, 0x17, 0x23, 0x5B, 0xFD, 0x27, 0x2E, 0x64, 0xFE,
    0x22, 0x2F, 0x67, 0xFE, 0x21, 0x2B, 0x60, 0xFE, 0x21, 0x2B, 0x60, 0xFE, 0xC4, 0xD1, 0xEB, 0xFD,
    0xEA, 0xF4, 0xFB, 0xFD, 0xDD, 0xEB, 0xF7, 0xFD, 0xDD, 0xEB, 0xF7, 0xFD, 0xE0, 0xF9, 0xFE, 0xFD,
    0xCC, 0xF2, 0xFE, 0xFD, 0xCC, 0xF2, 0xFE, 0xFD, 0xAE, 0xD4, 0xF8, 0xFD, 0x9E, 0xD9, 0xFC, 0xFD,
    0x86, 0xCA, 0xFB, 0xFD, 0x86, 0xCA, 0xFB, 0xFD, 0x47, 0x92, 0xD8, 0xFD, 0x14, 0x5A, 0xAD, 0xFD,
    0x13, 0x5F, 0xBA, 0xFD, 0x13, 0x5F, 0xBA, 0xFD, 0x10, 0x5D, 0xC5, 0xFD, 0x1B, 0x78, 0xE6, 0xFC,
    0x1B, 0x78, 0xE6, 0xFC, 0x17, 0x7A, 0xEE, 0xFC, 0x2B, 0xA1, 0xFF, 0xFC, 0x20, 0x74, 0xD2, 0xFC,
    0x20, 0x74, 0xD2, 0xFC, 0x01, 0x19, 0x66, 0xFC, 0x1B, 0x5A, 0xA2, 0xFC, 0x47, 0xA5, 0xF3, 0xFC,
    0x47, 0xA5, 0xF3, 0xFC, 0x36, 0xA7, 0xFA, 0xFC, 0x28, 0xA0, 0xFB, 0xFB, 0x28, 0xA0, 0xFB, 0xFB,
    0x24, 0x9A, 0xFB, 0xFB, 0x25, 0x9E, 0xFB, 0xFB, 0x1A, 0x90, 0xFA, 0xFB, 0x1A, 0x90, 0xFA, 0xFB,
    0x0F, 0x84, 0xF8, 0xFB, 0x0C, 0x7F, 0xF2, 0xFB, 0x1A, 0x8B, 0xF9, 0xFB, 0x1A, 0x8B, 0xF9, 0xFB,
    0x24, 0x97, 0xFB, 0xFB, 0x1E, 0x8F, 0xFA, 0xFB, 0x1E, 0x8F, 0xFA, 0xFB, 0x0E, 0x7F, 0xF5, 0xFA,
    0x0B, 0x7B, 0xF7, 0xFA, 0x06, 0x6E, 0xEB, 0xFA, 0x06, 0x6E, 0xEB, 0xFA, 0x09, 0x71, 0xED, 0xF8,
    0x0C, 0x62, 0xD4, 0xF5, 0x06, 0x2D, 0x76, 0xDE, 0x06, 0x2D, 0x76, 0xDE, 0x1B, 0x49, 0x86, 0x9E,
    0x32, 0x7F, 0xC6, 0x08, 0x2F, 0x80, 0xCD, 0x02, 0x2F, 0x80, 0xCD, 0x02, 0x2D, 0x7D, 0xCA, 0x02,
    0x2F, 0x80, 0xCC, 0x01, 0x2F, 0x80, 0xCC, 0x01, 0x30, 0x80, 0xCC, 0x01, 0x00, 0x00, 0x00, 0x00,
    0x00, 0x00, 0x00, 0x00, 0x00, 0x00, 0x00, 0x00, 0x00, 0x00, 0x00, 0x00, 0x00, 0x00, 0x00, 0x00,
    0x00, 0x00, 0x00, 0x00, 0x00, 0x00, 0x00, 0x00, 0x00, 0x00, 0x00, 0x00, 0x00, 0x00, 0x00, 0x00,
    0x00, 0x00, 0x00, 0x00, 0x00, 0x00, 0x00, 0x00, 0x00, 0x00, 0x00, 0x00, 0x00, 0x00, 0x00, 0x00,
    0x00, 0x00, 0x00, 0x00, 0x00, 0x00, 0x00, 0x00, 0x00, 0x00, 0x00, 0x00, 0x00, 0x00, 0x00, 0x00,
    0x00, 0x00, 0x00, 0x00, 0x00, 0x00, 0x00, 0x00, 0x00, 0x00, 0x00, 0x00, 0x00, 0x00, 0x00, 0x00,
    0x00, 0x00, 0x00, 0x00, 0x00, 0x00, 0x00, 0x00, 0x00, 0x00, 0x00, 0x00, 0x00, 0x00, 0x00, 0x00,
    0x44, 0x8A, 0xD0, 0x01, 0x00, 0x00, 0x00, 0x00, 0x00, 0x00, 0x00, 0x00, 0x49, 0x8F, 0xD7, 0x07,
    0x38, 0x6E, 0xA9, 0x03, 0x02, 0x13, 0x3B, 0x9C, 0x02, 0x13, 0x3B, 0x9C, 0x29, 0x74, 0xC4, 0xF9,
    0x1F, 0x86, 0xED, 0xF1, 0x1F, 0x86, 0xED, 0xF1, 0x18, 0x7E, 0xEE, 0xFD, 0x28, 0x98, 0xFB, 0xFA,
    0x2B, 0x95, 0xF9, 0xFB, 0x2B, 0x95, 0xF9, 0xFB, 0x29, 0x91, 0xF6, 0xFB, 0x31, 0x9D, 0xFB, 0xFC,
    0x33, 0xA0, 0xFC, 0xFC, 0x33, 0xA0, 0xFC, 0xFC, 0x31, 0x9A, 0xFA, 0xFC, 0x39, 0xA2, 0xFC, 0xFC,
    0x39, 0xA2, 0xFC, 0xFC, 0x46, 0xA6, 0xFB, 0xFD, 0x5C, 0xBC, 0xFD, 0xFD, 0x6B, 0xBF, 0xFC, 0xFD,
    0x6B, 0xBF, 0xFC, 0xFD, 0x74, 0xC2, 0xFC, 0xFD, 0x96, 0xDA, 0xFD, 0xFD, 0xC4, 0xE4, 0xFD, 0xFD,
    0xC4, 0xE4, 0xFD, 0xFD, 0xE5, 0xEF, 0xFB, 0xFD, 0xF0, 0xF5, 0xFA, 0xFD, 0xF0, 0xF5, 0xFA, 0xFD,
    0xEE, 0xF4, 0xF9, 0xFD, 0xF2, 0xF8, 0xFC, 0xFD, 0xC8, 0xCD, 0xDF, 0xFD, 0xC8, 0xCD, 0xDF, 0xFD,
    0x5F, 0x64, 0x85, 0xFD, 0x38, 0x3D, 0x60, 0xFD, 0x2B, 0x37, 0x65, 0xFD, 0x2B, 0x37, 0x65, 0xFD,
    0x3A, 0x4C, 0x78, 0xFD, 0x9E, 0xB0, 0xCD, 0xFD, 0x9E, 0xB0, 0xCD, 0xFD, 0xCF, 0xDE, 0xF0, 0xFE,
    0xC1, 0xD2, 0xEE, 0xFE, 0x87, 0x95, 0xBD, 0xFE, 0x87, 0x95, 0xBD, 0xFE, 0xD2, 0xE0, 0xF4, 0xFD,
    0xED, 0xF7, 0xFC, 0xFE, 0xE6, 0xF6, 0xFD, 0xFD, 0xE6, 0xF6, 0xFD, 0xFD, 0xC1, 0xE2, 0xF9, 0xFD,
    0x75, 0xA7, 0xD1, 0xFD, 0x75, 0xA7, 0xD1, 0xFD, 0x3E, 0x67, 0x9F, 0xFD, 0x37, 0x6F, 0xAB, 0xFD,
    0x23, 0x63, 0xAA, 0xFD, 0x23, 0x63, 0xAA, 0xFD, 0x14, 0x5C, 0xAE, 0xFD, 0x13, 0x5E, 0xBE, 0xFD,
    0x1D, 0x78, 0xDF, 0xFD, 0x1D, 0x78, 0xDF, 0xFD, 0x1E, 0x83, 0xED, 0xFD, 0x22, 0x90, 0xFA, 0xFC,
    0x22, 0x90, 0xFA, 0xFC, 0x22, 0x8C, 0xF9, 0xFC, 0x1C, 0x6A, 0xD2, 0xFC, 0x04, 0x30, 0x82, 0xFC,
    0x04, 0x30, 0x82, 0xFC, 0x1C, 0x53, 0xA0, 0xFC, 0x60, 0xB9, 0xF7, 0xFC, 0x62, 0xCF, 0xFE, 0xFC,
    0x62, 0xCF, 0xFE, 0xFC, 0x31, 0x9B, 0xF8, 0xFB, 0x27, 0xA0, 0xFC, 0xFB, 0x27, 0xA0, 0xFC, 0xFB,
    0x24, 0x9C, 0xFC, 0xFB, 0x1E, 0x8F, 0xFB, 0xFB, 0x1F, 0x96, 0xFD, 0xFB, 0x1F, 0x96, 0xFD, 0xFB,
    0x13, 0x8C, 0xFC, 0xFB, 0x09, 0x7D, 0xF6, 0xFB, 0x11, 0x84, 0xF8, 0xFB, 0x11, 0x84, 0xF8, 0xFB,
    0x16, 0x85, 0xF8, 0xFB, 0x13, 0x7F, 0xF5, 0xFA, 0x13, 0x7F, 0xF5, 0xFA, 0x10, 0x81, 0xF6, 0xFA,
    0x0C, 0x7E, 0xF6, 0xF9, 0x07, 0x6A, 0xE6, 0xF7, 0x07, 0x6A, 0xE6, 0xF7, 0x0A, 0x66, 0xDB, 0xF3,
    0x0B, 0x49, 0xA6, 0xF1, 0x02, 0x1A, 0x62, 0xAB, 0x02, 0x1A, 0x62, 0xAB, 0x33, 0x7E, 0xC4, 0x29,
    0x2B, 0x81, 0xCD, 0x01, 0x2B, 0x7B, 0xCA, 0x02, 0x2B, 0x7B, 0xCA, 0x02, 0x2F, 0x7E, 0xCC, 0x01,
    0x2F, 0x7F, 0xCB, 0x01, 0x2F, 0x7F, 0xCB, 0x01, 0x30, 0x7F, 0xCC, 0x01, 0x00, 0x00, 0x00, 0x00,
    0x00, 0x00, 0x00, 0x00, 0x00, 0x00, 0x00, 0x00, 0x00, 0x00, 0x00, 0x00, 0x00, 0x00, 0x00, 0x00,
    0x00, 0x00, 0x00, 0x00, 0x00, 0x00, 0x00, 0x00, 0x00, 0x00, 0x00, 0x00, 0x00, 0x00, 0x00, 0x00,
    0x00, 0x00, 0x00, 0x00, 0x00, 0x00, 0x00, 0x00, 0x00, 0x00, 0x00, 0x00, 0x00, 0x00, 0x00, 0x00,
    0x00, 0x00, 0x00, 0x00, 0x00, 0x00, 0x00, 0x00, 0x00, 0x00, 0x00, 0x00, 0x00, 0x00, 0x00, 0x00,
    0x00, 0x00, 0x00, 0x00, 0x00, 0x00, 0x00, 0x00, 0x00, 0x00, 0x00, 0x00, 0x00, 0x00, 0x00, 0x00,
    0x00, 0x00, 0x00, 0x00, 0x00, 0x00, 0x00, 0x00, 0x00, 0x00, 0x00, 0x00, 0x00, 0x00, 0x00, 0x00,
    0x00, 0x00, 0x00, 0x00, 0x00, 0x00, 0x00, 0x00, 0x00, 0x00, 0x00, 0x00, 0x42, 0x8A, 0xD1, 0x04,
    0x00, 0x00, 0x00, 0x00, 0x1A, 0x44, 0x79, 0x49, 0x1A, 0x44, 0x79, 0x49, 0x11, 0x44, 0x85, 0xB9,
    0x10, 0x5A, 0xBD, 0xEE, 0x10, 0x5A, 0xBD, 0xEE, 0x1B, 0x7F, 0xEC, 0xF7, 0x20, 0x8B, 0xF4, 0xFB,
    0x22, 0x8A, 0xF3, 0xFC, 0x22, 0x8A, 0xF3, 0xFC, 0x2C, 0x97, 0xF9, 0xFB, 0x27, 0x8E, 0xF5, 0xFC,
    0x2A, 0x96, 0xFA, 0xFC, 0x2A, 0x96, 0xFA, 0xFC, 0x2D, 0x9B, 0xFB, 0xFC, 0x35, 0xA2, 0xFC, 0xFC,
    0x35, 0xA2, 0xFC, 0xFC, 0x41, 0xA7, 0xFC, 0xFD, 0x53, 0xB8, 0xFD, 0xFD, 0x5F, 0xB5, 0xFC, 0xFD,
    0x5F, 0xB5, 0xFC, 0xFD, 0x70, 0xC7, 0xFE, 0xFD, 0x88, 0xD1, 0xFE, 0xFD, 0xB7, 0xDF, 0xFD, 0xFD,
    0xB7, 0xDF, 0xFD, 0xFD, 0xEA, 0xF7, 0xFE, 0xFD, 0xEF, 0xF5, 0xFA, 0xFD, 0xEF, 0xF5, 0xFA, 0xFD,
    0xEB, 0xEE, 0xF4, 0xFD, 0xF3, 0xF8, 0xFB, 0xFD, 0xF4, 0xF9, 0xFC, 0xFD, 0xF4, 0xF9, 0xFC, 0xFD,
    0xF8, 0xFB, 0xFD, 0xFD, 0xB8, 0xBF, 0xD9, 0xFD, 0x08, 0x0E, 0x32, 0xFD, 0x08, 0x0E, 0x32, 0xFD,
    0x4F, 0x5F, 0x84, 0xFD, 0xE1, 0xF1, 0xF7, 0xFE, 0xE1, 0xF1, 0xF7, 0xFE, 0xE4, 0xF1, 0xF8, 0xFE,
    0xEB, 0xF7, 0xFB, 0xFE, 0xAA, 0xB8, 0xDB, 0xFE, 0xAA, 0xB8, 0xDB, 0xFE, 0xBD, 0xC9, 0xEB, 0xFE,
    0xBF, 0xDB, 0xF0, 0xFE, 0x72, 0x94, 0xBA, 0xFE, 0x72, 0x94, 0xBA, 0xFE, 0x2A, 0x4B, 0x86, 0xFD,
    0x15, 0x3D, 0x7F, 0xFD, 0x15, 0x3D, 0x7F, 0xFD, 0x0F, 0x36, 0x83, 0xFD, 0x16, 0x4F, 0xA3, 0xFD,
    0x19, 0x5E, 0xBB, 0xFD, 0x19, 0x5E, 0xBB, 0xFD, 0x27, 0x85, 0xE7, 0xFD, 0x2B, 0x93, 0xF6, 0xFD,
    0x2B, 0x95, 0xFB, 0xFD, 0x2B, 0x95, 0xFB, 0xFD, 0x1E, 0x86, 0xF5, 0xFD, 0x1D, 0x88, 0xF6, 0xFC,
    0x1D, 0x88, 0xF6, 0xFC, 0x20, 0x80, 0xE9, 0xFC, 0x05, 0x2F, 0x8B, 0xFC, 0x2E, 0x69, 0xB0, 0xFC,
    0x2E, 0x69, 0xB0, 0xFC, 0x7A, 0xC8, 0xF9, 0xFC, 0x7B, 0xC4, 0xF8, 0xFC, 0x6D, 0xBE, 0xF8, 0xFC,
    0x6D, 0xBE, 0xF8, 0xFC, 0x48, 0xAE, 0xFB, 0xFB, 0x29, 0x9A, 0xFC, 0xFB, 0x29, 0x9A, 0xFC, 0xFB,
    0x25, 0x97, 0xFD, 0xFB, 0x25, 0x94, 0xFC, 0xFB, 0x21, 0x91, 0xFC, 0xFB, 0x21, 0x91, 0xFC, 0xFB,
    0x16, 0x89, 0xFC, 0xFB, 0x0C, 0x7B, 0xF6, 0xFB, 0x06, 0x70, 0xEF, 0xFB, 0x06, 0x70, 0xEF, 0xFB,
    0x0B, 0x78, 0xF3, 0xFB, 0x0F, 0x82, 0xF6, 0xFB, 0x0F, 0x82, 0xF6, 0xFB, 0x08, 0x6D, 0xE8, 0xFA,
    0x0A, 0x6E, 0xE8, 0xFA, 0x0E, 0x6E, 0xE1, 0xF3, 0x0E, 0x6E, 0xE1, 0xF3, 0x17, 0x5C, 0xB9, 0xF2,
    0x02, 0x18, 0x51, 0xF3, 0x1D, 0x4F, 0x94, 0x77, 0x1D, 0x4F, 0x94, 0x77, 0x32, 0x7C, 0xC9, 0x09,
    0x2A, 0x7C, 0xC9, 0x02, 0x2F, 0x7D, 0xCB, 0x01, 0x2F, 0x7D, 0xCB, 0x01, 0x2F, 0x7D, 0xCB, 0x01,
    0x2F, 0x7F, 0xCB, 0x01, 0x2F, 0x7F, 0xCB, 0x01, 0x00, 0x00, 0x00, 0x00, 0x00, 0x00, 0x00, 0x00,
    0x00, 0x00, 0x00, 0x00, 0x00, 0x00, 0x00, 0x00, 0x00, 0x00, 0x00, 0x00, 0x00, 0x00, 0x00, 0x00,
    0x00, 0x00, 0x00, 0x00, 0x00, 0x00, 0x00, 0x00, 0x00, 0x00, 0x00, 0x00, 0x00, 0x00, 0x00, 0x00,
    0x00, 0x00, 0x00, 0x00, 0x00, 0x00, 0x00, 0x00, 0x00, 0x00, 0x00, 0x00, 0x00, 0x00, 0x00, 0x00,
    0x00, 0x00, 0x00, 0x00, 0x00, 0x00, 0x00, 0x00, 0x00, 0x00, 0x00, 0x00, 0x00, 0x00, 0x00, 0x00,
    0x00, 0x00, 0x00, 0x00, 0x00, 0x00, 0x00, 0x00, 0x00, 0x00, 0x00, 0x00, 0x00, 0x00, 0x00, 0x00,
    0x00, 0x00, 0x00, 0x00, 0x00, 0x00, 0x00, 0x00, 0x00, 0x00, 0x00, 0x00, 0x00, 0x00, 0x00, 0x00,
    0x00, 0x00, 0x00, 0x00, 0x00, 0x00, 0x00, 0x00, 0x00, 0x00, 0x00, 0x00, 0x43, 0x8A, 0xD0, 0x01,
    0x42, 0x8E, 0xD0, 0x01, 0x45, 0x81, 0xBB, 0x04, 0x45, 0x81, 0xBB, 0x04, 0x0A, 0x27, 0x58, 0x61,
    0x0C, 0x3B, 0x83, 0xF7, 0x0C, 0x3B, 0x83, 0xF7, 0x2A, 0x93, 0xF4, 0xF1, 0x1C, 0x87, 0xF4, 0xF9,
    0x21, 0x8B, 0xF3, 0xFA, 0x21, 0x8B, 0xF3, 0xFA, 0x27, 0x94, 0xF7, 0xFB, 0x26, 0x90, 0xF5, 0xFB,
    0x28, 0x95, 0xF7, 0xFB, 0x28, 0x95, 0xF7, 0xFB, 0x28, 0x90, 0xF3, 0xFC, 0x32, 0x97, 0xF6, 0xFC,
    0x32, 0x97, 0xF6, 0xFC, 0x38, 0x9D, 0xF6, 0xFC, 0x41, 0xA8, 0xFA, 0xFD, 0x44, 0x9D, 0xF4, 0xFD,
    0x44, 0x9D, 0xF4, 0xFD, 0x55, 0xB3, 0xFB, 0xFD, 0x59, 0xA9, 0xF3, 0xFD, 0x92, 0xCB, 0xF8, 0xFD,
    0x92, 0xCB, 0xF8, 0xFD, 0xD9, 0xF0, 0xFD, 0xFD, 0xF0, 0xF7, 0xFD, 0xFD, 0xF0, 0xF7, 0xFD, 0xFD,
    0xF1, 0xF6, 0xF9, 0xFD, 0xF2, 0xF6, 0xF7, 0xFD, 0xEA, 0xEA, 0xEF, 0xFD, 0xEA, 0xEA, 0xEF, 0xFD,
    0xF3, 0xF7, 0xFA, 0xFD, 0xDD, 0xE9, 0xF0, 0xFD, 0x54, 0x63, 0x7E, 0xFD, 0x54, 0x63, 0x7E, 0xFD,
    0x9B, 0xAB, 0xBE, 0xFD, 0xEA, 0xF5, 0xF8, 0xFD, 0xEA, 0xF5, 0xF8, 0xFD, 0xEA, 0xEF, 0xF4, 0xFE,
    0xD5, 0xE2, 0xED, 0xFE, 0x59, 0x65, 0x8C, 0xFE, 0x59, 0x65, 0x8C, 0xFE, 0x32, 0x45, 0x7B, 0xFE,
    0x1B, 0x3B, 0x75, 0xFE, 0x10, 0x34, 0x75, 0xFE, 0x10, 0x34, 0x75, 0xFE, 0x19, 0x3D, 0x8D, 0xFD,
    0x28, 0x65, 0xBB, 0xFD, 0x28, 0x65, 0xBB, 0xFD, 0x2F, 0x75, 0xD4, 0xFD, 0x3B, 0x99, 0xF4, 0xFD,
    0x3A, 0x9C, 0xFA, 0xFD, 0x3A, 0x9C, 0xFA, 0xFD, 0x34, 0x9D, 0xFC, 0xFD, 0x2E, 0x99, 0xFA, 0xFD,
    0x27, 0x93, 0xFA, 0xFD, 0x27, 0x93, 0xFA, 0xFD, 0x22, 0x91, 0xFA, 0xFD, 0x28, 0x91, 0xF9, 0xFC,
    0x28, 0x91, 0xF9, 0xFC, 0x10, 0x5A, 0xBA, 0xFC, 0x2C, 0x69, 0xB1, 0xFC, 0x95, 0xD2, 0xF8, 0xFC,
    0x95, 0xD2, 0xF8, 0xFC, 0x9B, 0xDF, 0xFA, 0xFC, 0x9F, 0xDB, 0xF7, 0xFC, 0x90, 0xD3, 0xF8, 0xFB,
    0x90, 0xD3, 0xF8, 0xFB, 0x57, 0xBA, 0xFA, 0xFB, 0x2E, 0xA1, 0xFD, 0xFB, 0x2E, 0xA1, 0xFD, 0xFB,
    0x24, 0x96, 0xFD, 0xFB, 0x27, 0x9A, 0xFD, 0xFB, 0x1E, 0x8A, 0xFB, 0xFB, 0x1E, 0x8A, 0xFB, 0xFB,
    0x1C, 0x8C, 0xFC, 0xFA, 0x11, 0x7C, 0xF6, 0xFA, 0x09, 0x6E, 0xED, 0xFA, 0x09, 0x6E, 0xED, 0xFA,
    0x08, 0x6D, 0xEC, 0xFA, 0x09, 0x76, 0xEE, 0xF9, 0x09, 0x76, 0xEE, 0xF9, 0x09, 0x6A, 0xE2, 0xF8,
    0x11, 0x6C, 0xDA, 0xF7, 0x10, 0x40, 0x98, 0xF0, 0x10, 0x40, 0x98, 0xF0, 0x04, 0x14, 0x4C, 0xDC,
    0x09, 0x23, 0x59, 0x98, 0x3A, 0x85, 0xD0, 0x0F, 0x3A, 0x85, 0xD0, 0x0F, 0x2E, 0x7A, 0xC9, 0x01,
    0x2D, 0x7C, 0xCA, 0x02, 0x30, 0x7C, 0xCC, 0x01, 0x30, 0x7C, 0xCC, 0x01, 0x30, 0x7E, 0xCB, 0x01,
    0x2F, 0x7F, 0xCB, 0x01, 0x2F, 0x7F, 0xCB, 0x01, 0x00, 0x00, 0x00, 0x00, 0x00, 0x00, 0x00, 0x00,
    0x00, 0x00, 0x00, 0x00, 0x00, 0x00, 0x00, 0x00, 0x00, 0x00, 0x00, 0x00, 0x00, 0x00, 0x00, 0x00,
    0x00, 0x00, 0x00, 0x00, 0x00, 0x00, 0x00, 0x00, 0x00, 0x00, 0x00, 0x00, 0x00, 0x00, 0x00, 0x00,
    0x00, 0x00, 0x00, 0x00, 0x00, 0x00, 0x00, 0x00, 0x00, 0x00, 0x00, 0x00, 0x00, 0x00, 0x00, 0x00,
    0x00, 0x00, 0x00, 0x00, 0x00, 0x00, 0x00, 0x00, 0x00, 0x00, 0x00, 0x00, 0x00, 0x00, 0x00, 0x00,
    0x00, 0x00, 0x00, 0x00, 0x00, 0x00, 0x00, 0x00, 0x00, 0x00, 0x00, 0x00, 0x00, 0x00, 0x00, 0x00,
    0x00, 0x00, 0x00, 0x00, 0x00, 0x00, 0x00, 0x00, 0x00, 0x00, 0x00, 0x00, 0x00, 0x00, 0x00, 0x00,
    0x00, 0x00, 0x00, 0x00, 0x00, 0x00, 0x00, 0x00, 0x00, 0x00, 0x00, 0x00, 0x43, 0x8A, 0xD0, 0x01,
    0x42, 0x8E, 0xD0, 0x01, 0x45, 0x81, 0xBB, 0x04, 0x45, 0x81, 0xBB, 0x04, 0x0A, 0x27, 0x58, 0x61,
    0x0C, 0x3B, 0x83, 0xF7, 0x0C, 0x3B, 0x83, 0xF7, 0x2A, 0x93, 0xF4, 0xF1, 0x1C, 0x87, 0xF4, 0xF9,
    0x21, 0x8B, 0xF3, 0xFA, 0x21, 0x8B, 0xF3, 0xFA, 0x27, 0x94, 0xF7, 0xFB, 0x26, 0x90, 0xF5, 0xFB,
    0x28, 0x95, 0xF7, 0xFB, 0x28, 0x95, 0xF7, 0xFB, 0x28, 0x90, 0xF3, 0xFC, 0x32, 0x97, 0xF6, 0xFC,
    0x32, 0x97, 0xF6, 0xFC, 0x38, 0x9D, 0xF6, 0xFC, 0x41, 0xA8, 0xFA, 0xFD, 0x44, 0x9D, 0xF4, 0xFD,
    0x44, 0x9D, 0xF4, 0xFD, 0x55, 0xB3, 0xFB, 0xFD, 0x59, 0xA9, 0xF3, 0xFD, 0x92, 0xCB, 0xF8, 0xFD,
    0x92, 0xCB, 0xF8, 0xFD, 0xD9, 0xF0, 0xFD, 0xFD, 0xF0, 0xF7, 0xFD, 0xFD, 0xF0, 0xF7, 0xFD, 0xFD,
    0xF1, 0xF6, 0xF9, 0xFD, 0xF2, 0xF6, 0xF7, 0xFD, 0xEA, 0xEA, 0xEF, 0xFD, 0xEA, 0xEA, 0xEF, 0xFD,
    0xF3, 0xF7, 0xFA, 0xFD, 0xDD, 0xE9, 0xF0, 0xFD, 0x54, 0x63, 0x7E, 0xFD, 0x54, 0x63, 0x7E, 0xFD,
    0x9B, 0xAB, 0xBE, 0xFD, 0xEA, 0xF5, 0xF8, 0xFD, 0xEA, 0xF5, 0xF8, 0xFD, 0xEA, 0xEF, 0xF4, 0xFE,
    0xD5, 0xE2, 0xED, 0xFE, 0x59, 0x65, 0x8C, 0xFE, 0x59, 0x65, 0x8C, 0xFE, 0x32, 0x45, 0x7B, 0xFE,
    0x1B, 0x3B, 0x75, 0xFE, 0x10, 0x34, 0x75, 0xFE, 0x10, 0x34, 0x75, 0xFE, 0x19, 0x3D, 0x8D, 0xFD,
    0x28, 0x65, 0xBB, 0xFD, 0x28, 0x65, 0xBB, 0xFD, 0x2F, 0x75, 0xD4, 0xFD, 0x3B, 0x99, 0xF4, 0xFD,
    0x3A, 0x9C, 0xFA, 0xFD, 0x3A, 0x9C, 0xFA, 0xFD, 0x34, 0x9D, 0xFC, 0xFD, 0x2E, 0x99, 0xFA, 0xFD,
    0x27, 0x93, 0xFA, 0xFD, 0x27, 0x93, 0xFA, 0xFD, 0x22, 0x91, 0xFA, 0xFD, 0x28, 0x91, 0xF9, 0xFC,
    0x28, 0x91, 0xF9, 0xFC, 0x10, 0x5A, 0xBA, 0xFC, 0x2C, 0x69, 0xB1, 0xFC, 0x95, 0xD2, 0xF8, 0xFC,
    0x95, 0xD2, 0xF8, 0xFC, 0x9B, 0xDF, 0xFA, 0xFC, 0x9F, 0xDB, 0xF7, 0xFC, 0x90, 0xD3, 0xF8, 0xFB,
    0x90, 0xD3, 0xF8, 0xFB, 0x57, 0xBA, 0xFA, 0xFB, 0x2E, 0xA1, 0xFD, 0xFB, 0x2E, 0xA1, 0xFD, 0xFB,
    0x24, 0x96, 0xFD, 0xFB, 0x27, 0x9A, 0xFD, 0xFB, 0x1E, 0x8A, 0xFB, 0xFB, 0x1E, 0x8A, 0xFB, 0xFB,
    0x1C, 0x8C, 0xFC, 0xFA, 0x11, 0x7C, 0xF6, 0xFA, 0x09, 0x6E, 0xED, 0xFA, 0x09, 0x6E, 0xED, 0xFA,
    0x08, 0x6D, 0xEC, 0xFA, 0x09, 0x76, 0xEE, 0xF9, 0x09, 0x76, 0xEE, 0xF9, 0x09, 0x6A, 0xE2, 0xF8,
    0x11, 0x6C, 0xDA, 0xF7, 0x10, 0x40, 0x98, 0xF0, 0x10, 0x40, 0x98, 0xF0, 0x04, 0x14, 0x4C, 0xDC,
    0x09, 0x23, 0x59, 0x98, 0x3A, 0x85, 0xD0, 0x0F, 0x3A, 0x85, 0xD0, 0x0F, 0x2E, 0x7A, 0xC9, 0x01,
    0x2D, 0x7C, 0xCA, 0x02, 0x30, 0x7C, 0xCC, 0x01, 0x30, 0x7C, 0xCC, 0x01, 0x30, 0x7E, 0xCB, 0x01,
    0x2F, 0x7F, 0xCB, 0x01, 0x2F, 0x7F, 0xCB, 0x01, 0x00, 0x00, 0x00, 0x00, 0x00, 0x00, 0x00, 0x00,
    0x00, 0x00, 0x00, 0x00, 0x00, 0x00, 0x00, 0x00, 0x00, 0x00, 0x00, 0x00, 0x00, 0x00, 0x00, 0x00,
    0x00, 0x00, 0x00, 0x00, 0x00, 0x00, 0x00, 0x00, 0x00, 0x00, 0x00, 0x00, 0x00, 0x00, 0x00, 0x00,
    0x00, 0x00, 0x00, 0x00, 0x00, 0x00, 0x00, 0x00, 0x00, 0x00, 0x00, 0x00, 0x00, 0x00, 0x00, 0x00,
    0x00, 0x00, 0x00, 0x00, 0x00, 0x00, 0x00, 0x00, 0x00, 0x00, 0x00, 0x00, 0x00, 0x00, 0x00, 0x00,
    0x00, 0x00, 0x00, 0x00, 0x00, 0x00, 0x00, 0x00, 0x00, 0x00, 0x00, 0x00, 0x00, 0x00, 0x00, 0x00,
    0x00, 0x00, 0x00, 0x00, 0x00, 0x00, 0x00, 0x00, 0x00, 0x00, 0x00, 0x00, 0x00, 0x00, 0x00, 0x00,
    0x00, 0x00, 0x00, 0x00, 0x00, 0x00, 0x00, 0x00, 0x00, 0x00, 0x00, 0x00, 0x00, 0x00, 0x00, 0x00,
    0x41, 0x87, 0xCC, 0x01, 0x45, 0x8F, 0xCF, 0x04, 0x45, 0x8F, 0xCF, 0x04, 0x3C, 0x72, 0xAB, 0x19,
    0x08, 0x29, 0x5B, 0xAC, 0x08, 0x29, 0x5B, 0xAC, 0x16, 0x54, 0xA6, 0xF1, 0x2C, 0x97, 0xF6, 0xF6,
    0x23, 0x89, 0xF2, 0xFB, 0x23, 0x89, 0xF2, 0xFB, 0x1D, 0x83, 0xED, 0xFA, 0x25, 0x8E, 0xF5, 0xFC,
    0x2C, 0x90, 0xEE, 0xFB, 0x2C, 0x90, 0xEE, 0xFB, 0x17, 0x5E, 0xC0, 0xFC, 0x0D, 0x42, 0xA5, 0xFC,
    0x0D, 0x42, 0xA5, 0xFC, 0x15, 0x51, 0xAE, 0xFD, 0x38, 0x8B, 0xDD, 0xFD, 0x3D, 0x86, 0xDB, 0xFD,
    0x3D, 0x86, 0xDB, 0xFD, 0x39, 0x80, 0xD9, 0xFD, 0x33, 0x70, 0xC5, 0xFD, 0x3E, 0x74, 0xBF, 0xFD,
    0x3E, 0x74, 0xBF, 0xFD, 0x65, 0x81, 0xC0, 0xFD, 0xC3, 0xD6, 0xEC, 0xFD, 0xC3, 0xD6, 0xEC, 0xFD,
    0xF5, 0xFB, 0xFD, 0xFD, 0xFB, 0xFD, 0xFE, 0xFD, 0xFC, 0xFD, 0xFE, 0xFD, 0xFC, 0xFD, 0xFE, 0xFD,
    0xFC, 0xFD, 0xFD, 0xFD, 0xEC, 0xF3, 0xF8, 0xFD, 0xC9, 0xD8, 0xEA, 0xFD, 0xC9, 0xD8, 0xEA, 0xFD,
    0xE9, 0xF7, 0xFC, 0xFD, 0xF2, 0xF9, 0xFC, 0xFD, 0xF2, 0xF9, 0xFC, 0xFD, 0x9F, 0xA3, 0xB4, 0xFD,
    0x3C, 0x49, 0x60, 0xFE, 0x3A, 0x42, 0x69, 0xFE, 0x3A, 0x42, 0x69, 0xFE, 0x5D, 0x7E, 0xAD, 0xFE,
    0x64, 0x91, 0xC8, 0xFE, 0x78, 0xB8, 0xED, 0xFE, 0x78, 0xB8, 0xED, 0xFE, 0x74, 0xBA, 0xF8, 0xFD,
    0x6B, 0xC8, 0xFD, 0xFD, 0x6B, 0xC8, 0xFD, 0xFD, 0x59, 0xBD, 0xFD, 0xFD, 0x4B, 0xB4, 0xFD, 0xFD,
    0x3A, 0xA4, 0xFC, 0xFD, 0x3A, 0xA4, 0xFC, 0xFD, 0x32, 0x9D, 0xFC, 0xFD, 0x2B, 0x91, 0xF9, 0xFD,
    0x22, 0x8B, 0xF7, 0xFD, 0x22, 0x8B, 0xF7, 0xFD, 0x21, 0x8F, 0xF9, 0xFD, 0x20, 0x79, 0xE2, 0xFC,
    0x20, 0x79, 0xE2, 0xFC, 0x08, 0x37, 0x91, 0xFC, 0x77, 0xB3, 0xE3, 0xFC, 0xB1, 0xEC, 0xFC, 0xFC,
    0xB1, 0xEC, 0xFC, 0xFC, 0x99, 0xD0, 0xEF, 0xFC, 0xB3, 0xE8, 0xFA, 0xFB, 0xB1, 0xF0, 0xFD, 0xFB,
    0xB1, 0xF0, 0xFD, 0xFB, 0x5F, 0xC4, 0xFC, 0xFB, 0x29, 0x9E, 0xFD, 0xFB, 0x29, 0x9E, 0xFD, 0xFB,
    0x29, 0xA1, 0xFE, 0xFB, 0x20, 0x90, 0xFD, 0xFA, 0x1A, 0x82, 0xF8, 0xFA, 0x1A, 0x82, 0xF8, 0xFA,
    0x15, 0x7D, 0xF5, 0xFB, 0x0F, 0x70, 0xEB, 0xFB, 0x08, 0x66, 0xE5, 0xFA, 0x08, 0x66, 0xE5, 0xFA,
    0x09, 0x68, 0xE8, 0xF9, 0x0A, 0x69, 0xE3, 0xF8, 0x0A, 0x69, 0xE3, 0xF8, 0x19, 0x74, 0xDE, 0xF3,
    0x0C, 0x36, 0x84, 0xF3, 0x02, 0x10, 0x3F, 0xF1, 0x02, 0x10, 0x3F, 0xF1, 0x0F, 0x28, 0x62, 0x60,
    0x31, 0x71, 0xB8, 0x09, 0x30, 0x7D, 0xCB, 0x01, 0x30, 0x7D, 0xCB, 0x01, 0x2D, 0x7C, 0xC9, 0x01,
    0x30, 0x7D, 0xCB, 0x01, 0x31, 0x7E, 0xCC, 0x01, 0x31, 0x7E, 0xCC, 0x01, 0x00, 0x00, 0x00, 0x00,
    0x31, 0x7F, 0xCC, 0x01, 0x31, 0x7F, 0xCC, 0x01, 0x00, 0x00, 0x00, 0x00, 0x00, 0x00, 0x00, 0x00,
    0x00, 0x00, 0x00, 0x00, 0x00, 0x00, 0x00, 0x00, 0x00, 0x00, 0x00, 0x00, 0x00, 0x00, 0x00, 0x00,
    0x00, 0x00, 0x00, 0x00, 0x00, 0x00, 0x00, 0x00, 0x00, 0x00, 0x00, 0x00, 0x00, 0x00, 0x00, 0x00,
    0x00, 0x00, 0x00, 0x00, 0x00, 0x00, 0x00, 0x00, 0x00, 0x00, 0x00, 0x00, 0x00, 0x00, 0x00, 0x00,
    0x00, 0x00, 0x00, 0x00, 0x00, 0x00, 0x00, 0x00, 0x00, 0x00, 0x00, 0x00, 0x00, 0x00, 0x00, 0x00,
    0x00, 0x00, 0x00, 0x00, 0x00, 0x00, 0x00, 0x00, 0x00, 0x00, 0x00, 0x00, 0x00, 0x00, 0x00, 0x00,
    0x00, 0x00, 0x00, 0x00, 0x00, 0x00, 0x00, 0x00, 0x00, 0x00, 0x00, 0x00, 0x00, 0x00, 0x00, 0x00,
    0x00, 0x00, 0x00, 0x00, 0x00, 0x00, 0x00, 0x00, 0x00, 0x00, 0x00, 0x00, 0x00, 0x00, 0x00, 0x00,
    0x00, 0x00, 0x00, 0x00, 0x41, 0x88, 0xCA, 0x01, 0x41, 0x88, 0xCA, 0x01, 0x00, 0x00, 0x00, 0x00,
    0x33, 0x6B, 0xA2, 0x17, 0x33, 0x6B, 0xA2, 0x17, 0x03, 0x16, 0x45, 0xAF, 0x24, 0x63, 0xAA, 0xFA,
    0x3A, 0x9B, 0xF4, 0xF8, 0x3A, 0x9B, 0xF4, 0xF8, 0x2F, 0x99, 0xF8, 0xF6, 0x2B, 0x8B, 0xF2, 0xFB,
    0x15, 0x4D, 0xB5, 0xFA, 0x15, 0x4D, 0xB5, 0xFA, 0x1D, 0x51, 0xAB, 0xFC, 0x45, 0x77, 0xB9, 0xFA,
    0x45, 0x77, 0xB9, 0xFA, 0x7B, 0xA4, 0xD6, 0xFD, 0xA1, 0xCE, 0xF3, 0xFC, 0xA5, 0xCE, 0xF3, 0xFC,
    0xA5, 0xCE, 0xF3, 0xFC, 0x9F, 0xC4, 0xED, 0xFD, 0x87, 0xAB, 0xDA, 0xFD, 0x80, 0xA1, 0xD0, 0xFC,
    0x80, 0xA1, 0xD0, 0xFC, 0x72, 0x8C, 0xBA, 0xFD, 0x55, 0x6B, 0x8E, 0xFD, 0x55, 0x6B, 0x8E, 0xFD,
    0x8E, 0x96, 0xB1, 0xFD, 0xD5, 0xE0, 0xEC, 0xFC, 0xC1, 0xC5, 0xD9, 0xFD, 0xC1, 0xC5, 0xD9, 0xFD,
    0xB9, 0xBE, 0xD1, 0xFC, 0x90, 0x98, 0xB8, 0xFD, 0x7A, 0x86, 0xB0, 0xFD, 0x7A, 0x86, 0xB0, 0xFD,
    0x8F, 0xA0, 0xC2, 0xFD, 0x59, 0x69, 0x8A, 0xFD, 0x59, 0x69, 0x8A, 0xFD, 0x35, 0x3B, 0x50, 0xFD,
    0x96, 0x9F, 0xB0, 0xFD, 0xD3, 0xE8, 0xF6, 0xFE, 0xD3, 0xE8, 0xF6, 0xFE, 0xD3, 0xF7, 0xFE, 0xFD,
    0xBF, 0xF3, 0xFD, 0xFE, 0xB0, 0xE9, 0xFD, 0xFE, 0xB0, 0xE9, 0xFD, 0xFE, 0x94, 0xD7, 0xFC, 0xFD,
    0x7C, 0xD6, 0xFD, 0xFD, 0x7C, 0xD6, 0xFD, 0xFD, 0x5E, 0xBF, 0xFB, 0xFD, 0x49, 0xA7, 0xFA, 0xFD,
    0x40, 0xA7, 0xFA, 0xFD, 0x40, 0xA7, 0xFA, 0xFD, 0x36, 0xA2, 0xFB, 0xFD, 0x27, 0x8F, 0xF9, 0xFD,
    0x20, 0x8A, 0xF8, 0xFC, 0x20, 0x8A, 0xF8, 0xFC, 0x25, 0x93, 0xF6, 0xFC, 0x1D, 0x67, 0xC1, 0xFC,
    0x1D, 0x67, 0xC1, 0xFC, 0x09, 0x25, 0x6B, 0xFC, 0x78, 0xB1, 0xDF, 0xFC, 0x9B, 0xE5, 0xFA, 0xFC,
    0x9B, 0xE5, 0xFA, 0xFC, 0x7A, 0xBC, 0xE5, 0xFB, 0x90, 0xCF, 0xF0, 0xFC, 0x81, 0xCF, 0xF7, 0xFB,
    0x81, 0xCF, 0xF7, 0xFB, 0x40, 0xA6, 0xF3, 0xFB, 0x20, 0x8D, 0xF9, 0xFA, 0x20, 0x8D, 0xF9, 0xFA,
    0x1C, 0x8D, 0xFC, 0xFB, 0x19, 0x88, 0xFB, 0xFA, 0x14, 0x81, 0xF6, 0xF9, 0x14, 0x81, 0xF6, 0xF9,
    0x12, 0x7B, 0xF2, 0xF8, 0x0D, 0x6B, 0xE5, 0xF8, 0x0C, 0x68, 0xE6, 0xF8, 0x0C, 0x68, 0xE6, 0xF8,
    0x17, 0x80, 0xF3, 0xF7, 0x10, 0x52, 0xB7, 0xFD, 0x10, 0x52, 0xB7, 0xFD, 0x0B, 0x2C, 0x73, 0xFC,
    0x04, 0x19, 0x4C, 0xE9, 0x29, 0x64, 0xA1, 0x3F, 0x29, 0x64, 0xA1, 0x3F, 0x3B, 0x88, 0xD0, 0x04,
    0x2E, 0x7D, 0xCA, 0x01, 0x2D, 0x7C, 0xCA, 0x02, 0x2D, 0x7C, 0xCA, 0x02, 0x2F, 0x7E, 0xCB, 0x01,
    0x00, 0x00, 0x00, 0x00, 0x31, 0x7E, 0xCB, 0x01, 0x31, 0x7E, 0xCB, 0x01, 0x31, 0x7F, 0xCB, 0x01,
    0x31, 0x7F, 0xCC, 0x01, 0x31, 0x7F, 0xCC, 0x01, 0x00, 0x00, 0x00, 0x00, 0x00, 0x00, 0x00, 0x00,
    0x00, 0x00, 0x00, 0x00, 0x00, 0x00, 0x00, 0x00, 0x00, 0x00, 0x00, 0x00, 0x00, 0x00, 0x00, 0x00,
    0x00, 0x00, 0x00, 0x00, 0x00, 0x00, 0x00, 0x00, 0x00, 0x00, 0x00, 0x00, 0x00, 0x00, 0x00, 0x00,
    0x00, 0x00, 0x00, 0x00, 0x00, 0x00, 0x00, 0x00, 0x00, 0x00, 0x00, 0x00, 0x00, 0x00, 0x00, 0x00,
    0x00, 0x00, 0x00, 0x00, 0x00, 0x00, 0x00, 0x00, 0x00, 0x00, 0x00, 0x00, 0x00, 0x00, 0x00, 0x00,
    0x00, 0x00, 0x00, 0x00, 0x00, 0x00, 0x00, 0x00, 0x00, 0x00, 0x00, 0x00, 0x00, 0x00, 0x00, 0x00,
    0x00, 0x00, 0x00, 0x00, 0x00, 0x00, 0x00, 0x00, 0x00, 0x00, 0x00, 0x00, 0x00, 0x00, 0x00, 0x00,
    0x00, 0x00, 0x00, 0x00, 0x00, 0x00, 0x00, 0x00, 0x00, 0x00, 0x00, 0x00, 0x00, 0x00, 0x00, 0x00,
    0x00, 0x00, 0x00, 0x00, 0x41, 0x88, 0xCA, 0x01, 0x41, 0x88, 0xCA, 0x01, 0x00, 0x00, 0x00, 0x00,
    0x33, 0x6B, 0xA2, 0x17, 0x33, 0x6B, 0xA2, 0x17, 0x03, 0x16, 0x45, 0xAF, 0x24, 0x63, 0xAA, 0xFA,
    0x3A, 0x9B, 0xF4, 0xF8, 0x3A, 0x9B, 0xF4, 0xF8, 0x2F, 0x99, 0xF8, 0xF6, 0x2B, 0x8B, 0xF2, 0xFB,
    0x15, 0x4D, 0xB5, 0xFA, 0x15, 0x4D, 0xB5, 0xFA, 0x1D, 0x51, 0xAB, 0xFC, 0x45, 0x77, 0xB9, 0xFA,
    0x45, 0x77, 0xB9, 0xFA, 0x7B, 0xA4, 0xD6, 0xFD, 0xA1, 0xCE, 0xF3, 0xFC, 0xA5, 0xCE, 0xF3, 0xFC,
    0xA5, 0xCE, 0xF3, 0xFC, 0x9F, 0xC4, 0xED, 0xFD, 0x87, 0xAB, 0xDA, 0xFD, 0x80, 0xA1, 0xD0, 0xFC,
    0x80, 0xA1, 0xD0, 0xFC, 0x72, 0x8C, 0xBA, 0xFD, 0x55, 0x6B, 0x8E, 0xFD, 0x55, 0x6B, 0x8E, 0xFD,
    0x8E, 0x96, 0xB1, 0xFD, 0xD5, 0xE0, 0xEC, 0xFC, 0xC1, 0xC5, 0xD9, 0xFD, 0xC1, 0xC5, 0xD9, 0xFD,
    0xB9, 0xBE, 0xD1, 0xFC, 0x90, 0x98, 0xB8, 0xFD, 0x7A, 0x86, 0xB0, 0xFD, 0x7A, 0x86, 0xB0, 0xFD,
    0x8F, 0xA0, 0xC2, 0xFD, 0x59, 0x69, 0x8A, 0xFD, 0x59, 0x69, 0x8A, 0xFD, 0x35, 0x3B, 0x50, 0xFD,
    0x96, 0x9F, 0xB0, 0xFD, 0xD3, 0xE8, 0xF6, 0xFE, 0xD3, 0xE8, 0xF6, 0xFE, 0xD3, 0xF7, 0xFE, 0xFD,
    0xBF, 0xF3, 0xFD, 0xFE, 0xB0, 0xE9, 0xFD, 0xFE, 0xB0, 0xE9, 0xFD, 0xFE, 0x94, 0xD7, 0xFC, 0xFD,
    0x7C, 0xD6, 0xFD, 0xFD, 0x7C, 0xD6, 0xFD, 0xFD, 0x5E, 0xBF, 0xFB, 0xFD, 0x49, 0xA7, 0xFA, 0xFD,
    0x40, 0xA7, 0xFA, 0xFD, 0x40, 0xA7, 0xFA, 0xFD, 0x36, 0xA2, 0xFB, 0xFD, 0x27, 0x8F, 0xF9, 0xFD,
    0x20, 0x8A, 0xF8, 0xFC, 0x20, 0x8A, 0xF8, 0xFC, 0x25, 0x93, 0xF6, 0xFC, 0x1D, 0x67, 0xC1, 0xFC,
    0x1D, 0x67, 0xC1, 0xFC, 0x09, 0x25, 0x6B, 0xFC, 0x78, 0xB1, 0xDF, 0xFC, 0x9B, 0xE5, 0xFA, 0xFC,
    0x9B, 0xE5, 0xFA, 0xFC, 0x7A, 0xBC, 0xE5, 0xFB, 0x90, 0xCF, 0xF0, 0xFC, 0x81, 0xCF, 0xF7, 0xFB,
    0x81, 0xCF, 0xF7, 0xFB, 0x40, 0xA6, 0xF3, 0xFB, 0x20, 0x8D, 0xF9, 0xFA, 0x20, 0x8D, 0xF9, 0xFA,
    0x1C, 0x8D, 0xFC, 0xFB, 0x19, 0x88, 0xFB, 0xFA, 0x14, 0x81, 0xF6, 0xF9, 0x14, 0x81, 0xF6, 0xF9,
    0x12, 0x7B, 0xF2, 0xF8, 0x0D, 0x6B, 0xE5, 0xF8, 0x0C, 0x68, 0xE6, 0xF8, 0x0C, 0x68, 0xE6, 0xF8,
    0x17, 0x80, 0xF3, 0xF7, 0x10, 0x52, 0xB7, 0xFD, 0x10, 0x52, 0xB7, 0xFD, 0x0B, 0x2C, 0x73, 0xFC,
    0x04, 0x19, 0x4C, 0xE9, 0x29, 0x64, 0xA1, 0x3F, 0x29, 0x64, 0xA1, 0x3F, 0x3B, 0x88, 0xD0, 0x04,
    0x2E, 0x7D, 0xCA, 0x01, 0x2D, 0x7C, 0xCA, 0x02, 0x2D, 0x7C, 0xCA, 0x02, 0x2F, 0x7E, 0xCB, 0x01,
    0x00, 0x00, 0x00, 0x00, 0x31, 0x7E, 0xCB, 0x01, 0x31, 0x7E, 0xCB, 0x01, 0x31, 0x7F, 0xCB, 0x01,
    0x31, 0x7F, 0xCC, 0x01, 0x31, 0x7F, 0xCC, 0x01, 0x00, 0x00, 0x00, 0x00, 0x00, 0x00, 0x00, 0x00,
    0x00, 0x00, 0x00, 0x00, 0x00, 0x00, 0x00, 0x00, 0x00, 0x00, 0x00, 0x00, 0x00, 0x00, 0x00, 0x00,
    0x00, 0x00, 0x00, 0x00, 0x00, 0x00, 0x00, 0x00, 0x00, 0x00, 0x00, 0x00, 0x00, 0x00, 0x00, 0x00,
    0x00, 0x00, 0x00, 0x00, 0x00, 0x00, 0x00, 0x00, 0x00, 0x00, 0x00, 0x00, 0x00, 0x00, 0x00, 0x00,
    0x00, 0x00, 0x00, 0x00, 0x00, 0x00, 0x00, 0x00, 0x00, 0x00, 0x00, 0x00, 0x00, 0x00, 0x00, 0x00,
    0x00, 0x00, 0x00, 0x00, 0x00, 0x00, 0x00, 0x00, 0x00, 0x00, 0x00, 0x00, 0x00, 0x00, 0x00, 0x00,
    0x00, 0x00, 0x00, 0x00, 0x00, 0x00, 0x00, 0x00, 0x00, 0x00, 0x00, 0x00, 0x00, 0x00, 0x00, 0x00,
    0x00, 0x00, 0x00, 0x00, 0x00, 0x00, 0x00, 0x00, 0x00, 0x00, 0x00, 0x00, 0x00, 0x00, 0x00, 0x00,
    0x00, 0x00, 0x00, 0x00, 0x00, 0x00, 0x00, 0x00, 0x00, 0x00, 0x00, 0x00, 0x42, 0x86, 0xC9, 0x02,
    0x4A, 0x90, 0xCD, 0x01, 0x4A, 0x90, 0xCD, 0x01, 0x35, 0x62, 0x95, 0x1F, 0x03, 0x0E, 0x2C, 0xB6,
    0x11, 0x2B, 0x65, 0xEA, 0x11, 0x2B, 0x65, 0xEA, 0x48, 0x97, 0xD8, 0xF9, 0x3B, 0x7D, 0xC9, 0xFB,
    0x29, 0x50, 0x9B, 0xFA, 0x29, 0x50, 0x9B, 0xFA, 0x99, 0xCB, 0xF3, 0xFC, 0xB6, 0xE2, 0xF9, 0xFC,
    0xB6, 0xE2, 0xF9, 0xFC, 0xCE, 0xEB, 0xFA, 0xFC, 0xD3, 0xEA, 0xF7, 0xFC, 0xD4, 0xE6, 0xF4, 0xFC,
    0xD4, 0xE6, 0xF4, 0xFC, 0xE0, 0xF1, 0xFA, 0xFB, 0xDF, 0xF3, 0xFB, 0xFD, 0xDF, 0xF3, 0xFB, 0xFD,
    0xDF, 0xF3, 0xFB, 0xFD, 0xE1, 0xF3, 0xFD, 0xFD, 0x72, 0x7B, 0x9A, 0xFC, 0x72, 0x7B, 0x9A, 0xFC,
    0x29, 0x32, 0x58, 0xFD, 0x54, 0x65, 0x9F, 0xFD, 0x23, 0x2D, 0x7C, 0xFE, 0x23, 0x2D, 0x7C, 0xFE,
    0x20, 0x30, 0x82, 0xFD, 0x1B, 0x2B, 0x86, 0xFE, 0x1F, 0x33, 0x8F, 0xFD, 0x1F, 0x33, 0x8F, 0xFD,
    0x1F, 0x33, 0x8A, 0xFE, 0x1A, 0x25, 0x65, 0xFE, 0x1A, 0x25, 0x65, 0xFE, 0x9F, 0xA7, 0xBF, 0xFE,
    0xF9, 0xFD, 0xFE, 0xFE, 0xDA, 0xEE, 0xF9, 0xFD, 0xDA, 0xEE, 0xF9, 0xFD, 0xB8, 0xD9, 0xF1, 0xFD,
    0xBF, 0xE6, 0xF8, 0xFE, 0xBA, 0xDE, 0xF5, 0xFD, 0xBA, 0xDE, 0xF5, 0xFD, 0xA5, 0xD9, 0xFA, 0xFD,
    0x7F, 0xC9, 0xFB, 0xFD, 0x7F, 0xC9, 0xFB, 0xFD, 0x63, 0xBA, 0xF9, 0xFD, 0x54, 0xB3, 0xF8, 0xFD,
    0x3E, 0xA0, 0xF8, 0xFE, 0x3E, 0xA0, 0xF8, 0xFE, 0x2B, 0x8F, 0xF8, 0xFD, 0x24, 0x8F, 0xF9, 0xFD,
    0x23, 0x8B, 0xF7, 0xFD, 0x23, 0x8B, 0xF7, 0xFD, 0x20, 0x70, 0xD0, 0xFB, 0x11, 0x32, 0x71, 0xFA,
    0x11, 0x32, 0x71, 0xFA, 0x04, 0x08, 0x30, 0xFA, 0x22, 0x38, 0x6C, 0xFA, 0x82, 0xC0, 0xE8, 0xFC,
    0x82, 0xC0, 0xE8, 0xFC, 0x8E, 0xD2, 0xF7, 0xFB, 0x89, 0xCD, 0xF6, 0xFB, 0x65, 0xB3, 0xF1, 0xFB,
    0x65, 0xB3, 0xF1, 0xFB, 0x2D, 0x8D, 0xEC, 0xFB, 0x1A, 0x85, 0xF6, 0xFB, 0x1A, 0x85, 0xF6, 0xFB,
    0x14, 0x7D, 0xF6, 0xFA, 0x13, 0x83, 0xF9, 0xF9, 0x11, 0x75, 0xF0, 0xF9, 0x11, 0x75, 0xF0, 0xF9,
    0x19, 0x77, 0xE9, 0xF7, 0x14, 0x5A, 0xC3, 0xF8, 0x19, 0x55, 0xB0, 0xF8, 0x19, 0x55, 0xB0, 0xF8,
    0x10, 0x44, 0x8F, 0xFB, 0x03, 0x19, 0x54, 0xCA, 0x03, 0x19, 0x54, 0xCA, 0x06, 0x1C, 0x57, 0xAE,
    0x29, 0x64, 0xAA, 0x4C, 0x00, 0x00, 0x00, 0x00, 0x00, 0x00, 0x00, 0x00, 0x2B, 0x7C, 0xCA, 0x04,
    0x2D, 0x7D, 0xCA, 0x02, 0x31, 0x7E, 0xCB, 0x01, 0x31, 0x7E, 0xCB, 0x01, 0x31, 0x7E, 0xCB, 0x01,
    0x31, 0x7F, 0xCB, 0x01, 0x31, 0x7E, 0xCA, 0x01, 0x31, 0x7E, 0xCA, 0x01, 0x00, 0x00, 0x00, 0x00,
    0x00, 0x00, 0x00, 0x00, 0x00, 0x00, 0x00, 0x00, 0x00, 0x00, 0x00, 0x00, 0x00, 0x00, 0x00, 0x00,
    0x00, 0x00, 0x00, 0x00, 0x00, 0x00, 0x00, 0x00, 0x00, 0x00, 0x00, 0x00, 0x00, 0x00, 0x00, 0x00,
    0x00, 0x00, 0x00, 0x00, 0x00, 0x00, 0x00, 0x00, 0x00, 0x00, 0x00, 0x00, 0x00, 0x00, 0x00, 0x00,
    0x00, 0x00, 0x00, 0x00, 0x00, 0x00, 0x00, 0x00, 0x00, 0x00, 0x00, 0x00, 0x00, 0x00, 0x00, 0x00,
    0x00, 0x00, 0x00, 0x00, 0x00, 0x00, 0x00, 0x00, 0x00, 0x00, 0x00, 0x00, 0x00, 0x00, 0x00, 0x00,
    0x00, 0x00, 0x00, 0x00, 0x00, 0x00, 0x00, 0x00, 0x00, 0x00, 0x00, 0x00, 0x00, 0x00, 0x00, 0x00,
    0x00, 0x00, 0x00, 0x00, 0x00, 0x00, 0x00, 0x00, 0x00, 0x00, 0x00, 0x00, 0x00, 0x00, 0x00, 0x00,
    0x00, 0x00, 0x00, 0x00, 0x00, 0x00, 0x00, 0x00, 0x00, 0x00, 0x00, 0x00, 0x00, 0x00, 0x00, 0x00,
    0x00, 0x00, 0x00, 0x00, 0x00, 0x00, 0x00, 0x00, 0x00, 0x00, 0x00, 0x00, 0x00, 0x00, 0x00, 0x00,
    0x45, 0x89, 0xC9, 0x01, 0x45, 0x89, 0xC9, 0x01, 0x00, 0x00, 0x00, 0x00, 0x44, 0x73, 0xA5, 0x19,
    0x19, 0x2D, 0x52, 0x88, 0x19, 0x2D, 0x52, 0x88, 0x17, 0x2F, 0x53, 0xDD, 0x0A, 0x17, 0x3C, 0xE3,
    0x23, 0x32, 0x5B, 0xF2, 0x23, 0x32, 0x5B, 0xF2, 0xAF, 0xDE, 0xF3, 0xF5, 0xAF, 0xD4, 0xEB, 0xFA,
    0xAF, 0xD4, 0xEB, 0xFA, 0xCD, 0xE5, 0xF3, 0xFB, 0xD5, 0xE6, 0xF1, 0xFB, 0xD4, 0xE3, 0xEB, 0xFD,
    0xD4, 0xE3, 0xEB, 0xFD, 0xDE, 0xEB, 0xF1, 0xFC, 0xDA, 0xE7, 0xEC, 0xFC, 0xD6, 0xE2, 0xE7, 0xFB,
    0xD6, 0xE2, 0xE7, 0xFB, 0xE9, 0xF5, 0xFA, 0xFC, 0xAC, 0xB8, 0xCC, 0xFB, 0xAC, 0xB8, 0xCC, 0xFB,
    0x2C, 0x39, 0x66, 0xFB, 0x7F, 0x9A, 0xE7, 0xF9, 0x71, 0x91, 0xF3, 0xFB, 0x71, 0x91, 0xF3, 0xFB,
    0x68, 0x93, 0xF6, 0xF9, 0x60, 0x8A, 0xF5, 0xFA, 0x61, 0x96, 0xF9, 0xF9, 0x61, 0x96, 0xF9, 0xF9,
    0x5D, 0x93, 0xF4, 0xFC, 0x33, 0x4D, 0x9A, 0xFB, 0x33, 0x4D, 0x9A, 0xFB, 0xB9, 0xBF, 0xD3, 0xFD,
    0xF6, 0xFB, 0xFC, 0xFD, 0xBE, 0xD3, 0xE5, 0xFE, 0xBE, 0xD3, 0xE5, 0xFE, 0x97, 0xB8, 0xDE, 0xFD,
    0xC2, 0xE6, 0xF8, 0xFE, 0xCB, 0xEE, 0xFB, 0xFD, 0xCB, 0xEE, 0xFB, 0xFD, 0xA8, 0xD4, 0xF5, 0xFD,
    0x7F, 0xBB, 0xF8, 0xFD, 0x7F, 0xBB, 0xF8, 0xFD, 0x62, 0xB5, 0xF9, 0xFD, 0x4C, 0xB4, 0xF9, 0xFC,
    0x3C, 0xA2, 0xF8, 0xFD, 0x3C, 0xA2, 0xF8, 0xFD, 0x30, 0x96, 0xF7, 0xFC, 0x29, 0x91, 0xF6, 0xFB,
    0x2B, 0x81, 0xDE, 0xFC, 0x2B, 0x81, 0xDE, 0xFC, 0x07, 0x22, 0x64, 0xFB, 0x01, 0x05, 0x27, 0xFE,
    0x01, 0x05, 0x27, 0xFE, 0x01, 0x03, 0x1B, 0xFE, 0x12, 0x18, 0x36, 0xFB, 0x8D, 0xAD, 0xC6, 0xF9,
    0x8D, 0xAD, 0xC6, 0xF9, 0x9A, 0xC3, 0xE2, 0xF9, 0x89, 0xB2, 0xD5, 0xF9, 0x7E, 0xB4, 0xE2, 0xF7,
    0x7E, 0xB4, 0xE2, 0xF7, 0x5D, 0xA8, 0xEE, 0xF8, 0x47, 0xA5, 0xF7, 0xF6, 0x47, 0xA5, 0xF7, 0xF6,
    0x33, 0x90, 0xF0, 0xF7, 0x29, 0x7F, 0xE0, 0xF5, 0x0E, 0x44, 0x9D, 0xF8, 0x0E, 0x44, 0x9D, 0xF8,
    0x05, 0x2A, 0x75, 0xFC, 0x01, 0x0E, 0x47, 0xEB, 0x00, 0x07, 0x2C, 0xE8, 0x00, 0x07, 0x2C, 0xE8,
    0x0A, 0x28, 0x5F, 0xCE, 0x33, 0x7B, 0xBC, 0x29, 0x33, 0x7B, 0xBC, 0x29, 0x37, 0x84, 0xD2, 0x0A,
    0x00, 0x00, 0x00, 0x00, 0x2C, 0x7A, 0xC9, 0x03, 0x2C, 0x7A, 0xC9, 0x03, 0x31, 0x7F, 0xCC, 0x02,
    0x00, 0x00, 0x00, 0x00, 0x00, 0x00, 0x00, 0x00, 0x00, 0x00, 0x00, 0x00, 0x32, 0x7E, 0xCB, 0x01,
    0x00, 0x00, 0x00, 0x00, 0x00, 0x00, 0x00, 0x00, 0x00, 0x00, 0x00, 0x00, 0x00, 0x00, 0x00, 0x00,
    0x00, 0x00, 0x00, 0x00, 0x00, 0x00, 0x00, 0x00, 0x00, 0x00, 0x00, 0x00, 0x00, 0x00, 0x00, 0x00,
    0x00, 0x00, 0x00, 0x00, 0x00, 0x00, 0x00, 0x00, 0x00, 0x00, 0x00, 0x00, 0x00, 0x00, 0x00, 0x00,
    0x00, 0x00, 0x00, 0x00, 0x00, 0x00, 0x00, 0x00, 0x00, 0x00, 0x00, 0x00, 0x00, 0x00, 0x00, 0x00,
    0x00, 0x00, 0x00, 0x00, 0x00, 0x00, 0x00, 0x00, 0x00, 0x00, 0x00, 0x00, 0x00, 0x00, 0x00, 0x00,
    0x00, 0x00, 0x00, 0x00, 0x00, 0x00, 0x00, 0x00, 0x00, 0x00, 0x00, 0x00, 0x00, 0x00, 0x00, 0x00,
    0x00, 0x00, 0x00, 0x00, 0x00, 0x00, 0x00, 0x00, 0x00, 0x00, 0x00, 0x00, 0x00, 0x00, 0x00, 0x00,
    0x00, 0x00, 0x00, 0x00, 0x00, 0x00, 0x00, 0x00, 0x00, 0x00, 0x00, 0x00, 0x00, 0x00, 0x00, 0x00,
    0x00, 0x00, 0x00, 0x00, 0x00, 0x00, 0x00, 0x00, 0x00, 0x00, 0x00, 0x00, 0x00, 0x00, 0x00, 0x00,
    0x00, 0x00, 0x00, 0x00, 0x00, 0x00, 0x00, 0x00, 0x00, 0x00, 0x00, 0x00, 0x00, 0x00, 0x00, 0x00,
    0x00, 0x00, 0x00, 0x00, 0x00, 0x00, 0x00, 0x00, 0x45, 0x88, 0xC8, 0x02, 0x4C, 0x8C, 0xCE, 0x01,
    0x4D, 0x8B, 0xCA, 0x08, 0x4D, 0x8B, 0xCA, 0x08, 0x45, 0x7D, 0xB1, 0x3C, 0x2D, 0x51, 0x81, 0x6E,
    0x0D, 0x1C, 0x45, 0xE1, 0x0D, 0x1C, 0x45, 0xE1, 0x23, 0x47, 0x74, 0xE2, 0x13, 0x2B, 0x5E, 0xF7,
    0x13, 0x2B, 0x5E, 0xF7, 0x8E, 0xAA, 0xCB, 0xF4, 0xE7, 0xFA, 0xFD, 0xF8, 0xEA, 0xF9, 0xFD, 0xFA,
    0xEA, 0xF9, 0xFD, 0xFA, 0xF2, 0xFB, 0xFE, 0xFA, 0xF5, 0xFB, 0xFD, 0xFB, 0xF5, 0xFA, 0xFC, 0xFA,
    0xF5, 0xFA, 0xFC, 0xFA, 0xF7, 0xFC, 0xFD, 0xFC, 0xBF, 0xCF, 0xD8, 0xFA, 0xBF, 0xCF, 0xD8, 0xFA,
    0x1D, 0x2A, 0x54, 0xF9, 0x38, 0x4E, 0x96, 0xF7, 0x46, 0x61, 0xB4, 0xF9, 0x46, 0x61, 0xB4, 0xF9,
    0x44, 0x6A, 0xC0, 0xF8, 0x42, 0x66, 0xC4, 0xFA, 0x43, 0x70, 0xCC, 0xF6, 0x43, 0x70, 0xCC, 0xF6,
    0x3A, 0x66, 0xC0, 0xFA, 0x15, 0x20, 0x66, 0xF9, 0x15, 0x20, 0x66, 0xF9, 0x9D, 0xA2, 0xB8, 0xFD,
    0xFB, 0xFE, 0xFE, 0xFC, 0xCE, 0xE7, 0xF4, 0xFE, 0xCE, 0xE7, 0xF4, 0xFE, 0x94, 0xB0, 0xCF, 0xFD,
    0xD9, 0xF5, 0xFC, 0xFE, 0xDF, 0xF8, 0xFD, 0xFE, 0xDF, 0xF8, 0xFD, 0xFE, 0xC0, 0xE3, 0xF6, 0xFE,
    0xA3, 0xD9, 0xFC, 0xFE, 0xA3, 0xD9, 0xFC, 0xFE, 0x76, 0xBC, 0xFA, 0xFE, 0x55, 0xAE, 0xF9, 0xFC,
    0x3E, 0x8C, 0xE7, 0xFB, 0x3E, 0x8C, 0xE7, 0xFB, 0x39, 0x83, 0xD2, 0xFA, 0x2D, 0x67, 0xAB, 0xFC,
    0x14, 0x36, 0x69, 0xF9, 0x14, 0x36, 0x69, 0xF9, 0x07, 0x19, 0x46, 0xEC, 0x1E, 0x3C, 0x66, 0xC3,
    0x1E, 0x3C, 0x66, 0xC3, 0x1F, 0x40, 0x71, 0xC8, 0x1D, 0x3F, 0x6C, 0xF0, 0x04, 0x16, 0x3C, 0xF1,
    0x04, 0x16, 0x3C, 0xF1, 0x00, 0x04, 0x19, 0xFA, 0x01, 0x04, 0x14, 0xFB, 0x03, 0x08, 0x20, 0xFA,
    0x03, 0x08, 0x20, 0xFA, 0x02, 0x07, 0x26, 0xFB, 0x04, 0x11, 0x39, 0xF8, 0x04, 0x11, 0x39, 0xF8,
    0x02, 0x0D, 0x37, 0xF8, 0x01, 0x0D, 0x3B, 0xF3, 0x0B, 0x28, 0x61, 0xB4, 0x0B, 0x28, 0x61, 0xB4,
    0x28, 0x5E, 0x9A, 0x90, 0x25, 0x5C, 0x9C, 0x3D, 0x22, 0x57, 0x9B, 0x33, 0x22, 0x57, 0x9B, 0x33,
    0x2F, 0x79, 0xC1, 0x1A, 0x30, 0x87, 0xD5, 0x03, 0x30, 0x87, 0xD5, 0x03, 0x2B, 0x7C, 0xCB, 0x04,
    0x2F, 0x7F, 0xCC, 0x03, 0x32, 0x7E, 0xCB, 0x01, 0x32, 0x7E, 0xCB, 0x01, 0x32, 0x7E, 0xCC, 0x01,
    0x00, 0x00, 0x00, 0x00, 0x32, 0x7F, 0xCC, 0x01, 0x32, 0x7F, 0xCC, 0x01, 0x00, 0x00, 0x00, 0x00,
    0x00, 0x00, 0x00, 0x00, 0x00, 0x00, 0x00, 0x00, 0x00, 0x00, 0x00, 0x00, 0x00, 0x00, 0x00, 0x00,
    0x00, 0x00, 0x00, 0x00, 0x00, 0x00, 0x00, 0x00, 0x00, 0x00, 0x00, 0x00, 0x00, 0x00, 0x00, 0x00,
    0x00, 0x00, 0x00, 0x00, 0x00, 0x00, 0x00, 0x00, 0x00, 0x00, 0x00, 0x00, 0x00, 0x00, 0x00, 0x00,
    0x00, 0x00, 0x00, 0x00, 0x00, 0x00, 0x00, 0x00, 0x00, 0x00, 0x00, 0x00, 0x00, 0x00, 0x00, 0x00,
    0x00, 0x00, 0x00, 0x00, 0x00, 0x00, 0x00, 0x00, 0x00, 0x00, 0x00, 0x00, 0x00, 0x00, 0x00, 0x00,
    0x00, 0x00, 0x00, 0x00, 0x00, 0x00, 0x00, 0x00, 0x00, 0x00, 0x00, 0x00, 0x00, 0x00, 0x00, 0x00,
    0x00, 0x00, 0x00, 0x00, 0x00, 0x00, 0x00, 0x00, 0x00, 0x00, 0x00, 0x00, 0x00, 0x00, 0x00, 0x00,
    0x00, 0x00, 0x00, 0x00, 0x00, 0x00, 0x00, 0x00, 0x00, 0x00, 0x00, 0x00, 0x00, 0x00, 0x00, 0x00,
    0x00, 0x00, 0x00, 0x00, 0x00, 0x00, 0x00, 0x00, 0x00, 0x00, 0x00, 0x00, 0x00, 0x00, 0x00, 0x00,
    0x00, 0x00, 0x00, 0x00, 0x00, 0x00, 0x00, 0x00, 0x00, 0x00, 0x00, 0x00, 0x00, 0x00, 0x00, 0x00,
    0x00, 0x00, 0x00, 0x00, 0x00, 0x00, 0x00, 0x00, 0x45, 0x88, 0xC8, 0x02, 0x4C, 0x8C, 0xCE, 0x01,
    0x4D, 0x8B, 0xCA, 0x08, 0x4D, 0x8B, 0xCA, 0x08, 0x45, 0x7D, 0xB1, 0x3C, 0x2D, 0x51, 0x81, 0x6E,
    0x0D, 0x1C, 0x45, 0xE1, 0x0D, 0x1C, 0x45, 0xE1, 0x23, 0x47, 0x74, 0xE2, 0x13, 0x2B, 0x5E, 0xF7,
    0x13, 0x2B, 0x5E, 0xF7, 0x8E, 0xAA, 0xCB, 0xF4, 0xE7, 0xFA, 0xFD, 0xF8, 0xEA, 0xF9, 0xFD, 0xFA,
    0xEA, 0xF9, 0xFD, 0xFA, 0xF2, 0xFB, 0xFE, 0xFA, 0xF5, 0xFB, 0xFD, 0xFB, 0xF5, 0xFA, 0xFC, 0xFA,
    0xF5, 0xFA, 0xFC, 0xFA, 0xF7, 0xFC, 0xFD, 0xFC, 0xBF, 0xCF, 0xD8, 0xFA, 0xBF, 0xCF, 0xD8, 0xFA,
    0x1D, 0x2A, 0x54, 0xF9, 0x38, 0x4E, 0x96, 0xF7, 0x46, 0x61, 0xB4, 0xF9, 0x46, 0x61, 0xB4, 0xF9,
    0x44, 0x6A, 0xC0, 0xF8, 0x42, 0x66, 0xC4, 0xFA, 0x43, 0x70, 0xCC, 0xF6, 0x43, 0x70, 0xCC, 0xF6,
    0x3A, 0x66, 0xC0, 0xFA, 0x15, 0x20, 0x66, 0xF9, 0x15, 0x20, 0x66, 0xF9, 0x9D, 0xA2, 0xB8, 0xFD,
    0xFB, 0xFE, 0xFE, 0xFC, 0xCE, 0xE7, 0xF4, 0xFE, 0xCE, 0xE7, 0xF4, 0xFE, 0x94, 0xB0, 0xCF, 0xFD,
    0xD9, 0xF5, 0xFC, 0xFE, 0xDF, 0xF8, 0xFD, 0xFE, 0xDF, 0xF8, 0xFD, 0xFE, 0xC0, 0xE3, 0xF6, 0xFE,
    0xA3, 0xD9, 0xFC, 0xFE, 0xA3, 0xD9, 0xFC, 0xFE, 0x76, 0xBC, 0xFA, 0xFE, 0x55, 0xAE, 0xF9, 0xFC,
    0x3E, 0x8C, 0xE7, 0xFB, 0x3E, 0x8C, 0xE7, 0xFB, 0x39, 0x83, 0xD2, 0xFA, 0x2D, 0x67, 0xAB, 0xFC,
    0x14, 0x36, 0x69, 0xF9, 0x14, 0x36, 0x69, 0xF9, 0x07, 0x19, 0x46, 0xEC, 0x1E, 0x3C, 0x66, 0xC3,
    0x1E, 0x3C, 0x66, 0xC3, 0x1F, 0x40, 0x71, 0xC8, 0x1D, 0x3F, 0x6C, 0xF0, 0x04, 0x16, 0x3C, 0xF1,
    0x04, 0x16, 0x3C, 0xF1, 0x00, 0x04, 0x19, 0xFA, 0x01, 0x04, 0x14, 0xFB, 0x03, 0x08, 0x20, 0xFA,
    0x03, 0x08, 0x20, 0xFA, 0x02, 0x07, 0x26, 0xFB, 0x04, 0x11, 0x39, 0xF8, 0x04, 0x11, 0x39, 0xF8,
    0x02, 0x0D, 0x37, 0xF8, 0x01, 0x0D, 0x3B, 0xF3, 0x0B, 0x28, 0x61, 0xB4, 0x0B, 0x28, 0x61, 0xB4,
    0x28, 0x5E, 0x9A, 0x90, 0x25, 0x5C, 0x9C, 0x3D, 0x22, 0x57, 0x9B, 0x33, 0x22, 0x57, 0x9B, 0x33,
    0x2F, 0x79, 0xC1, 0x1A, 0x30, 0x87, 0xD5, 0x03, 0x30, 0x87, 0xD5, 0x03, 0x2B, 0x7C, 0xCB, 0x04,
    0x2F, 0x7F, 0xCC, 0x03, 0x32, 0x7E, 0xCB, 0x01, 0x32, 0x7E, 0xCB, 0x01, 0x32, 0x7E, 0xCC, 0x01,
    0x00, 0x00, 0x00, 0x00, 0x32, 0x7F, 0xCC, 0x01, 0x32, 0x7F, 0xCC, 0x01, 0x00, 0x00, 0x00, 0x00,
    0x00, 0x00, 0x00, 0x00, 0x00, 0x00, 0x00, 0x00, 0x00, 0x00, 0x00, 0x00, 0x00, 0x00, 0x00, 0x00,
    0x00, 0x00, 0x00, 0x00, 0x00, 0x00, 0x00, 0x00, 0x00, 0x00, 0x00, 0x00, 0x00, 0x00, 0x00, 0x00,
    0x00, 0x00, 0x00, 0x00, 0x00, 0x00, 0x00, 0x00, 0x00, 0x00, 0x00, 0x00, 0x00, 0x00, 0x00, 0x00,
    0x00, 0x00, 0x00, 0x00, 0x00, 0x00, 0x00, 0x00, 0x00, 0x00, 0x00, 0x00, 0x00, 0x00, 0x00, 0x00,
    0x00, 0x00, 0x00, 0x00, 0x00, 0x00, 0x00, 0x00, 0x00, 0x00, 0x00, 0x00, 0x00, 0x00, 0x00, 0x00,
    0x00, 0x00, 0x00, 0x00, 0x00, 0x00, 0x00, 0x00, 0x00, 0x00, 0x00, 0x00, 0x00, 0x00, 0x00, 0x00,
    0x00, 0x00, 0x00, 0x00, 0x00, 0x00, 0x00, 0x00, 0x00, 0x00, 0x00, 0x00, 0x00, 0x00, 0x00, 0x00,
    0x00, 0x00, 0x00, 0x00, 0x00, 0x00, 0x00, 0x00, 0x00, 0x00, 0x00, 0x00, 0x00, 0x00, 0x00, 0x00,
    0x00, 0x00, 0x00, 0x00, 0x00, 0x00, 0x00, 0x00, 0x00, 0x00, 0x00, 0x00, 0x00, 0x00, 0x00, 0x00,
    0x00, 0x00, 0x00, 0x00, 0x00, 0x00, 0x00, 0x00, 0x00, 0x00, 0x00, 0x00, 0x00, 0x00, 0x00, 0x00,
    0x00, 0x00, 0x00, 0x00, 0x00, 0x00, 0x00, 0x00, 0x48, 0x8B, 0xCA, 0x01, 0x46, 0x8A, 0xCA, 0x02,
    0x46, 0x89, 0xCB, 0x02, 0x46, 0x89, 0xCB, 0x02, 0x48, 0x8B, 0xCC, 0x07, 0x4D, 0x91, 0xCE, 0x19,
    0x42, 0x7E, 0xBF, 0x6A, 0x42, 0x7E, 0xBF, 0x6A, 0x32, 0x6F, 0xAD, 0x76, 0x22, 0x51, 0x89, 0xDD,
    0x22, 0x51, 0x89, 0xDD, 0x1A, 0x3A, 0x63, 0xEA, 0x3A, 0x59, 0x74, 0xF5, 0x43, 0x5C, 0x74, 0xFC,
    0x43, 0x5C, 0x74, 0xFC, 0x5A, 0x6F, 0x86, 0xFC, 0x61, 0x72, 0x87, 0xFD, 0x6A, 0x7A, 0x8B, 0xFC,
    0x6A, 0x7A, 0x8B, 0xFC, 0x59, 0x6A, 0x78, 0xFC, 0x23, 0x38, 0x4A, 0xF5, 0x23, 0x38, 0x4A, 0xF5,
    0x17, 0x2E, 0x52, 0xF1, 0x11, 0x24, 0x52, 0xF0, 0x0D, 0x18, 0x43, 0xE9, 0x0D, 0x18, 0x43, 0xE9,
    0x0D, 0x1C, 0x43, 0xDF, 0x0D, 0x1A, 0x42, 0xE1, 0x0F, 0x18, 0x43, 0xDD, 0x0F, 0x18, 0x43, 0xDD,
    0x0D, 0x1B, 0x48, 0xE9, 0x0D, 0x17, 0x3B, 0xED, 0x0D, 0x17, 0x3B, 0xED, 0x66, 0x6B, 0x7C, 0xFA,
    0xD2, 0xDC, 0xDE, 0xFB, 0xC2, 0xD2, 0xDC, 0xFC, 0xC2, 0xD2, 0xDC, 0xFC, 0x78, 0x8C, 0xA0, 0xFB,
    0xDD, 0xEC, 0xF1, 0xFC, 0xEE, 0xF9, 0xFC, 0xFB, 0xEE, 0xF9, 0xFC, 0xFB, 0xE0, 0xF1, 0xF8, 0xFB,
    0xC6, 0xE3, 0xF7, 0xF9, 0xC6, 0xE3, 0xF7, 0xF9, 0x77, 0x9C, 0xC6, 0xFB, 0x37, 0x5F, 0x94, 0xF8,
    0x0B, 0x15, 0x48, 0xFD, 0x0B, 0x15, 0x48, 0xFD, 0x04, 0x09, 0x2B, 0xF8, 0x01, 0x04, 0x19, 0xF2,
    0x14, 0x25, 0x4B, 0xAE, 0x14, 0x25, 0x4B, 0xAE, 0x3C, 0x78, 0xAE, 0x87, 0x3D, 0x85, 0xC5, 0x39,
    0x3D, 0x85, 0xC5, 0x39, 0x3B, 0x7F, 0xC7, 0x38, 0x38, 0x7C, 0xC0, 0x55, 0x33, 0x67, 0xA8, 0x55,
    0x33, 0x67, 0xA8, 0x55, 0x33, 0x65, 0xA1, 0x64, 0x2F, 0x60, 0x9C, 0x6A, 0x2F, 0x60, 0x9B, 0x6B,
    0x2F, 0x60, 0x9B, 0x6B, 0x2F, 0x5D, 0x9A, 0x6E, 0x2E, 0x60, 0x9A, 0x69, 0x2E, 0x60, 0x9A, 0x69,
    0x2A, 0x5E, 0x9B, 0x62, 0x27, 0x60, 0xA4, 0x55, 0x30, 0x76, 0xBE, 0x2A, 0x30, 0x76, 0xBE, 0x2A,
    0x35, 0x86, 0xD1, 0x09, 0x31, 0x85, 0xD2, 0x01, 0x30, 0x84, 0xD2, 0x02, 0x30, 0x84, 0xD2, 0x02,
    0x2F, 0x80, 0xCE, 0x01, 0x30, 0x80, 0xCC, 0x02, 0x30, 0x80, 0xCC, 0x02, 0x33, 0x80, 0xCB, 0x02,
    0x33, 0x7F, 0xCC, 0x01, 0x33, 0x7F, 0xCB, 0x01, 0x33, 0x7F, 0xCB, 0x01, 0x00, 0x00, 0x00, 0x00,
    0x00, 0x00, 0x00, 0x00, 0x00, 0x00, 0x00, 0x00, 0x00, 0x00, 0x00, 0x00, 0x00, 0x00, 0x00, 0x00,
    0x00, 0x00, 0x00, 0x00, 0x00, 0x00, 0x00, 0x00, 0x00, 0x00, 0x00, 0x00, 0x00, 0x00, 0x00, 0x00,
    0x00, 0x00, 0x00, 0x00, 0x00, 0x00, 0x00, 0x00, 0x00, 0x00, 0x00, 0x00, 0x00, 0x00, 0x00, 0x00,
    0x00, 0x00, 0x00, 0x00, 0x00, 0x00, 0x00, 0x00, 0x00, 0x00, 0x00, 0x00, 0x00, 0x00, 0x00, 0x00,
    0x00, 0x00, 0x00, 0x00, 0x00, 0x00, 0x00, 0x00, 0x00, 0x00, 0x00, 0x00, 0x00, 0x00, 0x00, 0x00,
    0x00, 0x00, 0x00, 0x00, 0x00, 0x00, 0x00, 0x00, 0x00, 0x00, 0x00, 0x00, 0x00, 0x00, 0x00, 0x00,
    0x00, 0x00, 0x00, 0x00, 0x00, 0x00, 0x00, 0x00, 0x00, 0x00, 0x00, 0x00, 0x00, 0x00, 0x00, 0x00,
    0x00, 0x00, 0x00, 0x00, 0x00, 0x00, 0x00, 0x00, 0x00, 0x00, 0x00, 0x00, 0x00, 0x00, 0x00, 0x00,
    0x00, 0x00, 0x00, 0x00, 0x00, 0x00, 0x00, 0x00, 0x00, 0x00, 0x00, 0x00, 0x00, 0x00, 0x00, 0x00,
    0x00, 0x00, 0x00, 0x00, 0x00, 0x00, 0x00, 0x00, 0x00, 0x00, 0x00, 0x00, 0x00, 0x00, 0x00, 0x00,
    0x00, 0x00, 0x00, 0x00, 0x00, 0x00, 0x00, 0x00, 0x00, 0x00, 0x00, 0x00, 0x00, 0x00, 0x00, 0x00,
    0x00, 0x00, 0x00, 0x00, 0x00, 0x00, 0x00, 0x00, 0x00, 0x00, 0x00, 0x00, 0x48, 0x8B, 0xCB, 0x01,
    0x48, 0x8A, 0xCB, 0x01, 0x48, 0x8A, 0xCB, 0x01, 0x48, 0x8A, 0xCA, 0x05, 0x47, 0x89, 0xC9, 0x02,
    0x45, 0x89, 0xCB, 0x10, 0x45, 0x89, 0xCB, 0x10, 0x45, 0x8B, 0xCD, 0x39, 0x41, 0x83, 0xBF, 0x8F,
    0x41, 0x83, 0xBF, 0x8F, 0x13, 0x39, 0x6E, 0xA2, 0x09, 0x25, 0x4F, 0xBB, 0x08, 0x25, 0x4A, 0xC1,
    0x08, 0x25, 0x4A, 0xC1, 0x09, 0x29, 0x52, 0xBF, 0x05, 0x1F, 0x4B, 0xC6, 0x07, 0x25, 0x53, 0xC1,
    0x07, 0x25, 0x53, 0xC1, 0x09, 0x28, 0x5A, 0xC5, 0x22, 0x4C, 0x7D, 0xBC, 0x22, 0x4C, 0x7D, 0xBC,
    0x49, 0x8B, 0xBD, 0x7D, 0x5D, 0x9D, 0xCD, 0x59, 0x60, 0x97, 0xC5, 0x4D, 0x60, 0x97, 0xC5, 0x4D,
    0x60, 0x9A, 0xC4, 0x45, 0x5E, 0x98, 0xC4, 0x46, 0x60, 0x97, 0xC5, 0x45, 0x60, 0x97, 0xC5, 0x45,
    0x5B, 0x97, 0xC2, 0x56, 0x50, 0x85, 0xB1, 0x79, 0x50, 0x85, 0xB1, 0x79, 0x27, 0x3F, 0x5F, 0xD4,
    0x0C, 0x17, 0x2E, 0xF4, 0x0D, 0x15, 0x26, 0xFA, 0x0D, 0x15, 0x26, 0xFA, 0x0A, 0x10, 0x1E, 0xFB,
    0x1D, 0x2A, 0x38, 0xFD, 0x21, 0x2F, 0x3C, 0xFD, 0x21, 0x2F, 0x3C, 0xFD, 0x22, 0x2E, 0x3C, 0xFE,
    0x1A, 0x21, 0x31, 0xFD, 0x1A, 0x21, 0x31, 0xFD, 0x0B, 0x0E, 0x21, 0xFB, 0x2E, 0x46, 0x66, 0xEB,
    0x3B, 0x59, 0x81, 0xC7, 0x3B, 0x59, 0x81, 0xC7, 0x23, 0x42, 0x6A, 0x83, 0x25, 0x4B, 0x7C, 0x75,
    0x41, 0x79, 0xB3, 0x36, 0x41, 0x79, 0xB3, 0x36, 0x41, 0x88, 0xC8, 0x15, 0x3C, 0x85, 0xC8, 0x09,
    0x3C, 0x85, 0xC8, 0x09, 0x3C, 0x82, 0xC9, 0x0D, 0x3D, 0x86, 0xCC, 0x07, 0x40, 0x84, 0xCC, 0x07,
    0x40, 0x84, 0xCC, 0x07, 0x3F, 0x88, 0xCE, 0x05, 0x3D, 0x88, 0xCE, 0x06, 0x3C, 0x87, 0xCF, 0x05,
    0x3C, 0x87, 0xCF, 0x05, 0x3A, 0x86, 0xD0, 0x06, 0x38, 0x86, 0xD2, 0x05, 0x38, 0x86, 0xD2, 0x05,
    0x36, 0x86, 0xD1, 0x04, 0x35, 0x85, 0xCF, 0x03, 0x34, 0x82, 0xCC, 0x05, 0x34, 0x82, 0xCC, 0x05,
    0x36, 0x80, 0xCC, 0x03, 0x36, 0x82, 0xCD, 0x03, 0x34, 0x81, 0xCD, 0x04, 0x34, 0x81, 0xCD, 0x04,
    0x34, 0x82, 0xCD, 0x03, 0x35, 0x81, 0xCD, 0x01, 0x35, 0x81, 0xCD, 0x01, 0x36, 0x80, 0xCC, 0x01,
    0x00, 0x00, 0x00, 0x00, 0x35, 0x7F, 0xCB, 0x01, 0x35, 0x7F, 0xCB, 0x01, 0x00, 0x00, 0x00, 0x00,
    0x00, 0x00, 0x00, 0x00, 0x00, 0x00, 0x00, 0x00, 0x00, 0x00, 0x00, 0x00, 0x00, 0x00, 0x00, 0x00,
    0x00, 0x00, 0x00, 0x00, 0x00, 0x00, 0x00, 0x00, 0x00, 0x00, 0x00, 0x00, 0x00, 0x00, 0x00, 0x00,
    0x00, 0x00, 0x00, 0x00, 0x00, 0x00, 0x00, 0x00, 0x00, 0x00, 0x00, 0x00, 0x00, 0x00, 0x00, 0x00,
    0x00, 0x00, 0x00, 0x00, 0x00, 0x00, 0x00, 0x00, 0x00, 0x00, 0x00, 0x00, 0x00, 0x00, 0x00, 0x00,
    0x00, 0x00, 0x00, 0x00, 0x00, 0x00, 0x00, 0x00, 0x00, 0x00, 0x00, 0x00, 0x00, 0x00, 0x00, 0x00,
    0x00, 0x00, 0x00, 0x00, 0x00, 0x00, 0x00, 0x00, 0x00, 0x00, 0x00, 0x00, 0x00, 0x00, 0x00, 0x00,
    0x00, 0x00, 0x00, 0x00, 0x00, 0x00, 0x00, 0x00, 0x00, 0x00, 0x00, 0x00, 0x00, 0x00, 0x00, 0x00,
    0x00, 0x00, 0x00, 0x00, 0x00, 0x00, 0x00, 0x00, 0x00, 0x00, 0x00, 0x00, 0x00, 0x00, 0x00, 0x00,
    0x00, 0x00, 0x00, 0x00, 0x00, 0x00, 0x00, 0x00, 0x00, 0x00, 0x00, 0x00, 0x00, 0x00, 0x00, 0x00,
    0x00, 0x00, 0x00, 0x00, 0x00, 0x00, 0x00, 0x00, 0x00, 0x00, 0x00, 0x00, 0x00, 0x00, 0x00, 0x00,
    0x00, 0x00, 0x00, 0x00, 0x00, 0x00, 0x00, 0x00, 0x00, 0x00, 0x00, 0x00, 0x00, 0x00, 0x00, 0x00,
    0x00, 0x00, 0x00, 0x00, 0x00, 0x00, 0x00, 0x00, 0x00, 0x00, 0x00, 0x00, 0x00, 0x00, 0x00, 0x00,
    0x00, 0x00, 0x00, 0x00, 0x00, 0x00, 0x00, 0x00, 0x48, 0x8B, 0xCA, 0x01, 0x49, 0x8A, 0xCA, 0x02,
    0x4A, 0x8D, 0xCC, 0x02, 0x4A, 0x8D, 0xCC, 0x02, 0x48, 0x8D, 0xCC, 0x05, 0x47, 0x8F, 0xCE, 0x0C,
    0x47, 0x8F, 0xCE, 0x0C, 0x4B, 0x8D, 0xCE, 0x18, 0x4C, 0x91, 0xCC, 0x21, 0x4C, 0x91, 0xC8, 0x26,
    0x4C, 0x91, 0xC8, 0x26, 0x4D, 0x90, 0xC9, 0x25, 0x4D, 0x8F, 0xC7, 0x27, 0x4D, 0x93, 0xCB, 0x25,
    0x4D, 0x93, 0xCB, 0x25, 0x4C, 0x8F, 0xCA, 0x1F, 0x4F, 0x92, 0xCC, 0x1A, 0x4F, 0x92, 0xCC, 0x1A,
    0x4E, 0x92, 0xCB, 0x0C, 0x52, 0x93, 0xCC, 0x04, 0x54, 0x92, 0xCB, 0x04, 0x54, 0x92, 0xCB, 0x04,
    0x53, 0x95, 0xCB, 0x03, 0x52, 0x96, 0xCD, 0x03, 0x53, 0x97, 0xD1, 0x03, 0x53, 0x97, 0xD1, 0x03,
    0x53, 0x98, 0xCE, 0x07, 0x53, 0x96, 0xCD, 0x17, 0x53, 0x96, 0xCD, 0x17, 0x4B, 0x7D, 0xB0, 0x49,
    0x39, 0x66, 0x8B, 0x71, 0x30, 0x57, 0x78, 0x91, 0x30, 0x57, 0x78, 0x91, 0x2E, 0x52, 0x71, 0x9A,
    0x1C, 0x3E, 0x5A, 0xA4, 0x15, 0x33, 0x4F, 0xA5, 0x15, 0x33, 0x4F, 0xA5, 0x15, 0x2D, 0x4B, 0xA6,
    0x19, 0x31, 0x4F, 0x9A, 0x19, 0x31, 0x4F, 0x9A, 0x1E, 0x3D, 0x65, 0x81, 0x34, 0x6A, 0xA1, 0x67,
    0x48, 0x8C, 0xCB, 0x34, 0x48, 0x8C, 0xCB, 0x34, 0x47, 0x8E, 0xD0, 0x0B, 0x46, 0x8B, 0xCF, 0x0A,
    0x40, 0x86, 0xCC, 0x03, 0x40, 0x86, 0xCC, 0x03, 0x3E, 0x85, 0xC9, 0x03, 0x3F, 0x88, 0xCC, 0x03,
    0x3F, 0x88, 0xCC, 0x03, 0x3F, 0x87, 0xCC, 0x05, 0x3E, 0x85, 0xCB, 0x03, 0x3D, 0x84, 0xCA, 0x04,
    0x3D, 0x84, 0xCA, 0x04, 0x3D, 0x84, 0xCA, 0x03, 0x3C, 0x85, 0xCA, 0x04, 0x3A, 0x84, 0xC9, 0x03,
    0x3A, 0x84, 0xC9, 0x03, 0x39, 0x83, 0xCA, 0x04, 0x39, 0x83, 0xCB, 0x03, 0x39, 0x83, 0xCB, 0x03,
    0x37, 0x83, 0xCB, 0x04, 0x35, 0x83, 0xCB, 0x03, 0x35, 0x82, 0xCB, 0x02, 0x35, 0x82, 0xCB, 0x02,
    0x37, 0x82, 0xCC, 0x02, 0x37, 0x81, 0xCC, 0x01, 0x00, 0x00, 0x00, 0x00, 0x00, 0x00, 0x00, 0x00,
    0x35, 0x81, 0xCC, 0x01, 0x00, 0x00, 0x00, 0x00, 0x00, 0x00, 0x00, 0x00, 0x00, 0x00, 0x00, 0x00,
    0x00, 0x00, 0x00, 0x00, 0x00, 0x00, 0x00, 0x00, 0x00, 0x00, 0x00, 0x00, 0x00, 0x00, 0x00, 0x00,
    0x00, 0x00, 0x00, 0x00, 0x00, 0x00, 0x00, 0x00, 0x00, 0x00, 0x00, 0x00, 0x00, 0x00, 0x00, 0x00,
    0x00, 0x00, 0x00, 0x00, 0x00, 0x00, 0x00, 0x00, 0x00, 0x00, 0x00, 0x00, 0x00, 0x00, 0x00, 0x00,
    0x00, 0x00, 0x00, 0x00, 0x00, 0x00, 0x00, 0x00, 0x00, 0x00, 0x00, 0x00, 0x00, 0x00, 0x00, 0x00,
    0x00, 0x00, 0x00, 0x00, 0x00, 0x00, 0x00, 0x00, 0x00, 0x00, 0x00, 0x00, 0x00, 0x00, 0x00, 0x00,
    0x00, 0x00, 0x00, 0x00, 0x00, 0x00, 0x00, 0x00, 0x00, 0x00, 0x00, 0x00, 0x00, 0x00, 0x00, 0x00,
    0x00, 0x00, 0x00, 0x00, 0x00, 0x00, 0x00, 0x00, 0x00, 0x00, 0x00, 0x00, 0x00, 0x00, 0x00, 0x00,
    0x00, 0x00, 0x00, 0x00, 0x00, 0x00, 0x00, 0x00, 0x00, 0x00, 0x00, 0x00, 0x00, 0x00, 0x00, 0x00,
    0x00, 0x00, 0x00, 0x00, 0x00, 0x00, 0x00, 0x00, 0x00, 0x00, 0x00, 0x00, 0x00, 0x00, 0x00, 0x00,
    0x00, 0x00, 0x00, 0x00, 0x00, 0x00, 0x00, 0x00, 0x00, 0x00, 0x00, 0x00, 0x00, 0x00, 0x00, 0x00,
    0x00, 0x00, 0x00, 0x00, 0x00, 0x00, 0x00, 0x00, 0x00, 0x00, 0x00, 0x00, 0x00, 0x00, 0x00, 0x00,
    0x00, 0x00, 0x00, 0x00, 0x00, 0x00, 0x00, 0x00, 0x00, 0x00, 0x00, 0x00, 0x00, 0x00, 0x00, 0x00,
    0x00, 0x00, 0x00, 0x00, 0x00, 0x00, 0x00, 0x00, 0x00, 0x00, 0x00, 0x00, 0x00, 0x00, 0x00, 0x00,
    0x00, 0x00, 0x00, 0x00, 0x00, 0x00, 0x00, 0x00, 0x48, 0x8B, 0xCA, 0x01, 0x49, 0x8A, 0xCA, 0x02,
    0x4A, 0x8D, 0xCC, 0x02, 0x4A, 0x8D, 0xCC, 0x02, 0x48, 0x8D, 0xCC, 0x05, 0x47, 0x8F, 0xCE, 0x0C,
    0x47, 0x8F, 0xCE, 0x0C, 0x4B, 0x8D, 0xCE, 0x18, 0x4C, 0x91, 0xCC, 0x21, 0x4C, 0x91, 0xC8, 0x26,
    0x4C, 0x91, 0xC8, 0x26, 0x4D, 0x90, 0xC9, 0x25, 0x4D, 0x8F, 0xC7, 0x27, 0x4D, 0x93, 0xCB, 0x25,
    0x4D, 0x93, 0xCB, 0x25, 0x4C, 0x8F, 0xCA, 0x1F, 0x4F, 0x92, 0xCC, 0x1A, 0x4F, 0x92, 0xCC, 0x1A,
    0x4E, 0x92, 0xCB, 0x0C, 0x52, 0x93, 0xCC, 0x04, 0x54, 0x92, 0xCB, 0x04, 0x54, 0x92, 0xCB, 0x04,
    0x53, 0x95, 0xCB, 0x03, 0x52, 0x96, 0xCD, 0x03, 0x53, 0x97, 0xD1, 0x03, 0x53, 0x97, 0xD1, 0x03,
    0x53, 0x98, 0xCE, 0x07, 0x53, 0x96, 0xCD, 0x17, 0x53, 0x96, 0xCD, 0x17, 0x4B, 0x7D, 0xB0, 0x49,
    0x39, 0x66, 0x8B, 0x71, 0x30, 0x57, 0x78, 0x91, 0x30, 0x57, 0x78, 0x91, 0x2E, 0x52, 0x71, 0x9A,
    0x1C, 0x3E, 0x5A, 0xA4, 0x15, 0x33, 0x4F, 0xA5, 0x15, 0x33, 0x4F, 0xA5, 0x15, 0x2D, 0x4B, 0xA6,
    0x19, 0x31, 0x4F, 0x9A, 0x19, 0x31, 0x4F, 0x9A, 0x1E, 0x3D, 0x65, 0x81, 0x34, 0x6A, 0xA1, 0x67,
    0x48, 0x8C, 0xCB, 0x34, 0x48, 0x8C, 0xCB, 0x34, 0x47, 0x8E, 0xD0, 0x0B, 0x46, 0x8B, 0xCF, 0x0A,
    0x40, 0x86, 0xCC, 0x03, 0x40, 0x86, 0xCC, 0x03, 0x3E, 0x85, 0xC9, 0x03, 0x3F, 0x88, 0xCC, 0x03,
    0x3F, 0x88, 0xCC, 0x03, 0x3F, 0x87, 0xCC, 0x05, 0x3E, 0x85, 0xCB, 0x03, 0x3D, 0x84, 0xCA, 0x04,
    0x3D, 0x84, 0xCA, 0x04, 0x3D, 0x84, 0xCA, 0x03, 0x3C, 0x85, 0xCA, 0x04, 0x3A, 0x84, 0xC9, 0x03,
    0x3A, 0x84, 0xC9, 0x03, 0x39, 0x83, 0xCA, 0x04, 0x39, 0x83, 0xCB, 0x03, 0x39, 0x83, 0xCB, 0x03,
    0x37, 0x83, 0xCB, 0x04, 0x35, 0x83, 0xCB, 0x03, 0x35, 0x82, 0xCB, 0x02, 0x35, 0x82, 0xCB, 0x02,
    0x37, 0x82, 0xCC, 0x02, 0x37, 0x81, 0xCC, 0x01, 0x00, 0x00, 0x00, 0x00, 0x00, 0x00, 0x00, 0x00,
    0x35, 0x81, 0xCC, 0x01, 0x00, 0x00, 0x00, 0x00, 0x00, 0x00, 0x00, 0x00, 0x00, 0x00, 0x00, 0x00,
    0x00, 0x00, 0x00, 0x00, 0x00, 0x00, 0x00, 0x00, 0x00, 0x00, 0x00, 0x00, 0x00, 0x00, 0x00, 0x00,
    0x00, 0x00, 0x00, 0x00, 0x00, 0x00, 0x00, 0x00, 0x00, 0x00, 0x00, 0x00, 0x00, 0x00, 0x00, 0x00,
    0x00, 0x00, 0x00, 0x00, 0x00, 0x00, 0x00, 0x00, 0x00, 0x00, 0x00, 0x00, 0x00, 0x00, 0x00, 0x00,
    0x00, 0x00, 0x00, 0x00, 0x00, 0x00, 0x00, 0x00, 0x00, 0x00, 0x00, 0x00, 0x00, 0x00, 0x00, 0x00,
    0x00, 0x00, 0x00, 0x00, 0x00, 0x00, 0x00, 0x00, 0x00, 0x00, 0x00, 0x00, 0x00, 0x00, 0x00, 0x00,
    0x00, 0x00, 0x00, 0x00, 0x00, 0x00, 0x00, 0x00, 0x00, 0x00, 0x00, 0x00, 0x00, 0x00, 0x00, 0x00,
    0x00, 0x00, 0x00, 0x00, 0x00, 0x00, 0x00, 0x00, 0x00, 0x00, 0x00, 0x00, 0x00, 0x00, 0x00, 0x00,
    0x00, 0x00, 0x00, 0x00, 0x00, 0x00, 0x00, 0x00, 0x00, 0x00, 0x00, 0x00, 0x00, 0x00, 0x00, 0x00,
    0x00, 0x00, 0x00, 0x00, 0x00, 0x00, 0x00, 0x00, 0x00, 0x00, 0x00, 0x00, 0x00, 0x00, 0x00, 0x00,
    0x00, 0x00, 0x00, 0x00, 0x00, 0x00, 0x00, 0x00, 0x00, 0x00, 0x00, 0x00, 0x00, 0x00, 0x00, 0x00,
    0x00, 0x00, 0x00, 0x00, 0x00, 0x00, 0x00, 0x00, 0x00, 0x00, 0x00, 0x00, 0x00, 0x00, 0x00, 0x00,
    0x00, 0x00, 0x00, 0x00, 0x00, 0x00, 0x00, 0x00, 0x00, 0x00, 0x00, 0x00, 0x00, 0x00, 0x00, 0x00,
    0x00, 0x00, 0x00, 0x00, 0x00, 0x00, 0x00, 0x00, 0x00, 0x00, 0x00, 0x00, 0x00, 0x00, 0x00, 0x00,
    0x00, 0x00, 0x00, 0x00, 0x00, 0x00, 0x00, 0x00, 0x00, 0x00, 0x00, 0x00, 0x49, 0x8C, 0xCB, 0x01,
    0x49, 0x8D, 0xCD, 0x01, 0x49, 0x8D, 0xCD, 0x01, 0x49, 0x8D, 0xCD, 0x02, 0x48, 0x8E, 0xCD, 0x01,
    0x48, 0x8E, 0xCD, 0x01, 0x49, 0x8D, 0xCD, 0x02, 0x4A, 0x90, 0xCD, 0x01, 0x4B, 0x91, 0xCD, 0x01,
    0x4B, 0x91, 0xCD, 0x01, 0x00, 0x00, 0x00, 0x00, 0x00, 0x00, 0x00, 0x00, 0x00, 0x00, 0x00, 0x00,
    0x00, 0x00, 0x00, 0x00, 0x00, 0x00, 0x00, 0x00, 0x00, 0x00, 0x00, 0x00, 0x00, 0x00, 0x00, 0x00,
    0x52, 0x92, 0xCB, 0x01, 0x55, 0x92, 0xCB, 0x02, 0x55, 0x90, 0xCA, 0x02, 0x55, 0x90, 0xCA, 0x02,
    0x55, 0x92, 0xCA, 0x02, 0x56, 0x92, 0xCA, 0x02, 0x57, 0x91, 0xCC, 0x02, 0x57, 0x91, 0xCC, 0x02,
    0x56, 0x93, 0xCC, 0x02, 0x55, 0x92, 0xCC, 0x01, 0x55, 0x92, 0xCC, 0x01, 0x57, 0x92, 0xCE, 0x01,
    0x58, 0x95, 0xCE, 0x01, 0x58, 0x96, 0xCC, 0x04, 0x58, 0x96, 0xCC, 0x04, 0x57, 0x95, 0xCA, 0x04,
    0x56, 0x95, 0xCB, 0x06, 0x53, 0x92, 0xC9, 0x06, 0x53, 0x92, 0xC9, 0x06, 0x52, 0x8F, 0xC8, 0x06,
    0x54, 0x92, 0xC9, 0x06, 0x54, 0x92, 0xC9, 0x06, 0x51, 0x91, 0xCC, 0x05, 0x4E, 0x8E, 0xCF, 0x02,
    0x48, 0x8A, 0xCC, 0x02, 0x48, 0x8A, 0xCC, 0x02, 0x46, 0x89, 0xCC, 0x02, 0x43, 0x88, 0xCC, 0x02,
    0x43, 0x87, 0xCC, 0x02, 0x43, 0x87, 0xCC, 0x02, 0x42, 0x87, 0xCB, 0x02, 0x40, 0x87, 0xCB, 0x02,
    0x40, 0x87, 0xCB, 0x02, 0x40, 0x86, 0xCB, 0x02, 0x3F, 0x86, 0xCB, 0x01, 0x3F, 0x85, 0xCB, 0x01,
    0x3F, 0x85, 0xCB, 0x01, 0x3D, 0x84, 0xCA, 0x01, 0x3C, 0x85, 0xCA, 0x01, 0x3B, 0x84, 0xCA, 0x01,
    0x3B, 0x84, 0xCA, 0x01, 0x3A, 0x83, 0xCA, 0x01, 0x3A, 0x83, 0xCB, 0x01, 0x3A, 0x83, 0xCB, 0x01,
    0x00, 0x00, 0x00, 0x00, 0x00, 0x00, 0x00, 0x00, 0x37, 0x81, 0xCB, 0x01, 0x37, 0x81, 0xCB, 0x01,
    0x00, 0x00, 0x00, 0x00, 0x37, 0x81, 0xCB, 0x01, 0x00, 0x00, 0x00, 0x00, 0x00, 0x00, 0x00, 0x00,
    0x37, 0x80, 0xCA, 0x01, 0x00, 0x00, 0x00, 0x00, 0x00, 0x00, 0x00, 0x00, 0x00, 0x00, 0x00, 0x00,
    0x00, 0x00, 0x00, 0x00, 0x00, 0x00, 0x00, 0x00, 0x00, 0x00, 0x00, 0x00, 0x00, 0x00, 0x00, 0x00,
    0x00, 0x00, 0x00, 0x00, 0x00, 0x00, 0x00, 0x00, 0x00, 0x00, 0x00, 0x00, 0x00, 0x00, 0x00, 0x00,
    0x00, 0x00, 0x00, 0x00, 0x00, 0x00, 0x00, 0x00, 0x00, 0x00, 0x00, 0x00, 0x00, 0x00, 0x00, 0x00,
    0x00, 0x00, 0x00, 0x00, 0x00, 0x00, 0x00, 0x00, 0x00, 0x00, 0x00, 0x00, 0x00, 0x00, 0x00, 0x00,
    0x00, 0x00, 0x00, 0x00, 0x00, 0x00, 0x00, 0x00, 0x00, 0x00, 0x00, 0x00, 0x00, 0x00, 0x00, 0x00,
    0x00, 0x00, 0x00, 0x00, 0x00, 0x00, 0x00, 0x00, 0x00, 0x00, 0x00, 0x00, 0x00, 0x00, 0x00, 0x00,
    0x00, 0x00, 0x00, 0x00, 0x00, 0x00, 0x00, 0x00, 0x00, 0x00, 0x00, 0x00, 0x00, 0x00, 0x00, 0x00,
    0x00, 0x00, 0x00, 0x00, 0x00, 0x00, 0x00, 0x00, 0x00, 0x00, 0x00, 0x00, 0x00, 0x00, 0x00, 0x00,
    0x00, 0x00, 0x00, 0x00, 0x00, 0x00, 0x00, 0x00, 0x00, 0x00, 0x00, 0x00, 0x00, 0x00, 0x00, 0x00,
    0x00, 0x00, 0x00, 0x00, 0x00, 0x00, 0x00, 0x00, 0x00, 0x00, 0x00, 0x00, 0x00, 0x00, 0x00, 0x00,
    0x00, 0x00, 0x00, 0x00, 0x00, 0x00, 0x00, 0x00, 0x00, 0x00, 0x00, 0x00, 0x00, 0x00, 0x00, 0x00,
    0x00, 0x00, 0x00, 0x00, 0x00, 0x00, 0x00, 0x00, 0x00, 0x00, 0x00, 0x00, 0x00, 0x00, 0x00, 0x00,
    0x00, 0x00, 0x00, 0x00, 0x00, 0x00, 0x00, 0x00, 0x00, 0x00, 0x00, 0x00, 0x00, 0x00, 0x00, 0x00,
    0x00, 0x00, 0x00, 0x00, 0x00, 0x00, 0x00, 0x00, 0x00, 0x00, 0x00, 0x00, 0x00, 0x00, 0x00, 0x00,
    0x00, 0x00, 0x00, 0x00, 0x00, 0x00, 0x00, 0x00, 0x00, 0x00, 0x00, 0x00, 0x4B, 0x8E, 0xCE, 0x01,
    0x4B, 0x8E, 0xCE, 0x01, 0x4B, 0x8E, 0xCD, 0x01, 0x4C, 0x8F, 0xCC, 0x01, 0x4D, 0x90, 0xCB, 0x01,
    0x4D, 0x90, 0xCB, 0x01, 0x4E, 0x91, 0xCD, 0x01, 0x4F, 0x92, 0xCD, 0x02, 0x51, 0x92, 0xCD, 0x01,
    0x51, 0x92, 0xCD, 0x01, 0x51, 0x91, 0xCC, 0x02, 0x51, 0x92, 0xCC, 0x02, 0x51, 0x92, 0xCC, 0x02,
    0x52, 0x93, 0xCD, 0x01, 0x52, 0x92, 0xCD, 0x01, 0x53, 0x92, 0xCD, 0x01, 0x53, 0x92, 0xCD, 0x01,
    0x00, 0x00, 0x00, 0x00, 0x00, 0x00, 0x00, 0x00, 0x00, 0x00, 0x00, 0x00, 0x00, 0x00, 0x00, 0x00,
    0x56, 0x93, 0xCF, 0x01, 0x57, 0x94, 0xCF, 0x01, 0x57, 0x94, 0xCF, 0x01, 0x56, 0x93, 0xCF, 0x03,
    0x56, 0x94, 0xD0, 0x03, 0x56, 0x95, 0xD0, 0x03, 0x56, 0x95, 0xD0, 0x03, 0x54, 0x95, 0xCF, 0x03,
    0x53, 0x95, 0xCE, 0x04, 0x53, 0x94, 0xCE, 0x03, 0x53, 0x94, 0xCE, 0x03, 0x52, 0x93, 0xCE, 0x04,
    0x4F, 0x91, 0xCD, 0x03, 0x4F, 0x91, 0xCD, 0x03, 0x4A, 0x8E, 0xCB, 0x04, 0x49, 0x8C, 0xCC, 0x04,
    0x48, 0x8B, 0xCD, 0x02, 0x48, 0x8B, 0xCD, 0x02, 0x47, 0x8B, 0xCD, 0x01, 0x45, 0x89, 0xCC, 0x02,
    0x44, 0x88, 0xCD, 0x01, 0x44, 0x88, 0xCD, 0x01, 0x43, 0x89, 0xCC, 0x01, 0x00, 0x00, 0x00, 0x00,
    0x00, 0x00, 0x00, 0x00, 0x41, 0x87, 0xCB, 0x01, 0x40, 0x87, 0xCA, 0x01, 0x3F, 0x86, 0xCA, 0x01,
    0x3F, 0x86, 0xCA, 0x01, 0x3F, 0x85, 0xCA, 0x01, 0x3E, 0x85, 0xCA, 0x01, 0x3D, 0x84, 0xCA, 0x01,
    0x3D, 0x84, 0xCA, 0x01, 0x00, 0x00, 0x00, 0x00, 0x00, 0x00, 0x00, 0x00, 0x00, 0x00, 0x00, 0x00,
    0x00, 0x00, 0x00, 0x00, 0x00, 0x00, 0x00, 0x00, 0x00, 0x00, 0x00, 0x00, 0x00, 0x00, 0x00, 0x00,
    0x00, 0x00, 0x00, 0x00, 0x00, 0x00, 0x00, 0x00, 0x00, 0x00, 0x00, 0x00, 0x00, 0x00, 0x00, 0x00,
    0x00, 0x00, 0x00, 0x00, 0x00, 0x00, 0x00, 0x00, 0x00, 0x00, 0x00, 0x00, 0x00, 0x00, 0x00, 0x00,
    0x00, 0x00, 0x00, 0x00, 0x00, 0x00, 0x00, 0x00, 0x00, 0x00, 0x00, 0x00, 0x00, 0x00, 0x00, 0x00,
    0x00, 0x00, 0x00, 0x00, 0x00, 0x00, 0x00, 0x00, 0x00, 0x00, 0x00, 0x00, 0x00, 0x00, 0x00, 0x00,
    0x00, 0x00, 0x00, 0x00, 0x00, 0x00, 0x00, 0x00, 0x00, 0x00, 0x00, 0x00, 0x00, 0x00, 0x00, 0x00,
    0x00, 0x00, 0x00, 0x00, 0x00, 0x00, 0x00, 0x00, 0x00, 0x00, 0x00, 0x00, 0x00, 0x00, 0x00, 0x00,
    0x00, 0x00, 0x00, 0x00, 0x00, 0x00, 0x00, 0x00, 0x00, 0x00, 0x00, 0x00, 0x00, 0x00, 0x00, 0x00,
    0x00, 0x00, 0x00, 0x00, 0x00, 0x00, 0x00, 0x00, 0x00, 0x00, 0x00, 0x00, 0x00, 0x00, 0x00, 0x00,
    0x00, 0x00, 0x00, 0x00, 0x00, 0x00, 0x00, 0x00, 0x00, 0x00, 0x00, 0x00, 0x00, 0x00, 0x00, 0x00,
    0x00, 0x00, 0x00, 0x00, 0x00, 0x00, 0x00, 0x00, 0x00, 0x00, 0x00, 0x00, 0x00, 0x00, 0x00, 0x00,
    0x00, 0x00, 0x00, 0x00, 0x00, 0x00, 0x00, 0x00, 0x00, 0x00, 0x00, 0x00, 0x00, 0x00, 0x00, 0x00,
    0x00, 0x00, 0x00, 0x00, 0x00, 0x00, 0x00, 0x00, 0x00, 0x00, 0x00, 0x00, 0x00, 0x00, 0x00, 0x00,
    0x00, 0x00, 0x00, 0x00, 0x00, 0x00, 0x00, 0x00, 0x00, 0x00, 0x00, 0x00, 0x00, 0x00, 0x00, 0x00,
    0x00, 0x00, 0x00, 0x00, 0x00, 0x00, 0x00, 0x00, 0x00, 0x00, 0x00, 0x00, 0x00, 0x00, 0x00, 0x00,
    0x00, 0x00, 0x00, 0x00, 0x00, 0x00, 0x00, 0x00, 0x00, 0x00, 0x00, 0x00, 0x00, 0x00, 0x00, 0x00,
    0x00, 0x00, 0x00, 0x00, 0x00, 0x00, 0x00, 0x00, 0x00, 0x00, 0x00, 0x00, 0x00, 0x00, 0x00, 0x00,
    0x00, 0x00, 0x00, 0x00, 0x00, 0x00, 0x00, 0x00, 0x00, 0x00, 0x00, 0x00, 0x4B, 0x8E, 0xCE, 0x01,
    0x4B, 0x8E, 0xCE, 0x01, 0x4B, 0x8E, 0xCD, 0x01, 0x4C, 0x8F, 0xCC, 0x01, 0x4D, 0x90, 0xCB, 0x01,
    0x4D, 0x90, 0xCB, 0x01, 0x4E, 0x91, 0xCD, 0x01, 0x4F, 0x92, 0xCD, 0x02, 0x51, 0x92, 0xCD, 0x01,
    0x51, 0x92, 0xCD, 0x01, 0x51, 0x91, 0xCC, 0x02, 0x51, 0x92, 0xCC, 0x02, 0x51, 0x92, 0xCC, 0x02,
    0x52, 0x93, 0xCD, 0x01, 0x52, 0x92, 0xCD, 0x01, 0x53, 0x92, 0xCD, 0x01, 0x53, 0x92, 0xCD, 0x01,
    0x00, 0x00, 0x00, 0x00, 0x00, 0x00, 0x00, 0x00, 0x00, 0x00, 0x00, 0x00, 0x00, 0x00, 0x00, 0x00,
    0x56, 0x93, 0xCF, 0x01, 0x57, 0x94, 0xCF, 0x01, 0x57, 0x94, 0xCF, 0x01, 0x56, 0x93, 0xCF, 0x03,
    0x56, 0x94, 0xD0, 0x03, 0x56, 0x95, 0xD0, 0x03, 0x56, 0x95, 0xD0, 0x03, 0x54, 0x95, 0xCF, 0x03,
    0x53, 0x95, 0xCE, 0x04, 0x53, 0x94, 0xCE, 0x03, 0x53, 0x94, 0xCE, 0x03, 0x52, 0x93, 0xCE, 0x04,
    0x4F, 0x91, 0xCD, 0x03, 0x4F, 0x91, 0xCD, 0x03, 0x4A, 0x8E, 0xCB, 0x04, 0x49, 0x8C, 0xCC, 0x04,
    0x48, 0x8B, 0xCD, 0x02, 0x48, 0x8B, 0xCD, 0x02, 0x47, 0x8B, 0xCD, 0x01, 0x45, 0x89, 0xCC, 0x02,
    0x44, 0x88, 0xCD, 0x01, 0x44, 0x88, 0xCD, 0x01, 0x43, 0x89, 0xCC, 0x01, 0x00, 0x00, 0x00, 0x00,
    0x00, 0x00, 0x00, 0x00, 0x41, 0x87, 0xCB, 0x01, 0x40, 0x87, 0xCA, 0x01, 0x3F, 0x86, 0xCA, 0x01,
    0x3F, 0x86, 0xCA, 0x01, 0x3F, 0x85, 0xCA, 0x01, 0x3E, 0x85, 0xCA, 0x01, 0x3D, 0x84, 0xCA, 0x01,
    0x3D, 0x84, 0xCA, 0x01, 0x00, 0x00, 0x00, 0x00, 0x00, 0x00, 0x00, 0x00, 0x00, 0x00, 0x00, 0x00,
    0x00, 0x00, 0x00, 0x00, 0x00, 0x00, 0x00, 0x00, 0x00, 0x00, 0x00, 0x00, 0x00, 0x00, 0x00, 0x00,
    0x00, 0x00, 0x00, 0x00, 0x00, 0x00, 0x00, 0x00, 0x00, 0x00, 0x00, 0x00, 0x00, 0x00, 0x00, 0x00,
    0x00, 0x00, 0x00, 0x00, 0x00, 0x00, 0x00, 0x00, 0x00, 0x00, 0x00, 0x00, 0x00, 0x00, 0x00, 0x00,
    0x00, 0x00, 0x00, 0x00, 0x00, 0x00, 0x00, 0x00, 0x00, 0x00, 0x00, 0x00, 0x00, 0x00, 0x00, 0x00,
    0x00, 0x00, 0x00, 0x00, 0x00, 0x00, 0x00, 0x00, 0x00, 0x00, 0x00, 0x00, 0x00, 0x00, 0x00, 0x00,
    0x00, 0x00, 0x00, 0x00, 0x00, 0x00, 0x00, 0x00, 0x00, 0x00, 0x00, 0x00, 0x00, 0x00, 0x00, 0x00,
    0x00, 0x00, 0x00, 0x00, 0x00, 0x00, 0x00, 0x00, 0x00, 0x00, 0x00, 0x00, 0x00, 0x00, 0x00, 0x00,
    0x00, 0x00, 0x00, 0x00, 0x00, 0x00, 0x00, 0x00, 0x00, 0x00, 0x00, 0x00, 0x00, 0x00, 0x00, 0x00,
    0x00, 0x00, 0x00, 0x00, 0x00, 0x00, 0x00, 0x00, 0x00, 0x00, 0x00, 0x00, 0x00, 0x00, 0x00, 0x00,
    0x00, 0x00, 0x00, 0x00, 0x00, 0x00, 0x00, 0x00, 0x00, 0x00, 0x00, 0x00, 0x00, 0x00, 0x00, 0x00,
    0x00, 0x00, 0x00, 0x00, 0x00, 0x00, 0x00, 0x00, 0x00, 0x00, 0x00, 0x00, 0x00, 0x00, 0x00, 0x00,
    0x00, 0x00, 0x00, 0x00, 0x00, 0x00, 0x00, 0x00, 0x00, 0x00, 0x00, 0x00, 0x00, 0x00, 0x00, 0x00,
    0x00, 0x00, 0x00, 0x00, 0x00, 0x00, 0x00, 0x00, 0x00, 0x00, 0x00, 0x00, 0x00, 0x00, 0x00, 0x00,
    0x00, 0x00, 0x00, 0x00, 0x00, 0x00, 0x00, 0x00, 0x00, 0x00, 0x00, 0x00, 0x00, 0x00, 0x00, 0x00,
    0x00, 0x00, 0x00, 0x00, 0x00, 0x00, 0x00, 0x00, 0x00, 0x00, 0x00, 0x00, 0x00, 0x00, 0x00, 0x00,
    0x00, 0x00, 0x00, 0x00, 0x00, 0x00, 0x00, 0x00, 0x00, 0x00, 0x00, 0x00, 0x00, 0x00, 0x00, 0x00,
    0x00, 0x00, 0x00, 0x00, 0x00, 0x00, 0x00, 0x00, 0x00, 0x00, 0x00, 0x00, 0x00, 0x00, 0x00, 0x00,
    0x00, 0x00, 0x00, 0x00, 0x00, 0x00, 0x00, 0x00, 0x00, 0x00, 0x00, 0x00, 0x00, 0x00, 0x00, 0x00,
    0x00, 0x00, 0x00, 0x00, 0x00, 0x00, 0x00, 0x00, 0x00, 0x00, 0x00, 0x00, 0x00, 0x00, 0x00, 0x00,
    0x00, 0x00, 0x00, 0x00, 0x00, 0x00, 0x00, 0x00, 0x00, 0x00, 0x00, 0x00, 0x00, 0x00, 0x00, 0x00,
    0x00, 0x00, 0x00, 0x00, 0x00, 0x00, 0x00, 0x00, 0x00, 0x00, 0x00, 0x00, 0x00, 0x00, 0x00, 0x00,
    0x00, 0x00, 0x00, 0x00, 0x00, 0x00, 0x00, 0x00, 0x00, 0x00, 0x00, 0x00, 0x00, 0x00, 0x00, 0x00,
    0x00, 0x00, 0x00, 0x00, 0x00, 0x00, 0x00, 0x00, 0x00, 0x00, 0x00, 0x00, 0x00, 0x00, 0x00, 0x00,
    0x00, 0x00, 0x00, 0x00, 0x00, 0x00, 0x00, 0x00, 0x00, 0x00, 0x00, 0x00, 0x00, 0x00, 0x00, 0x00,
    0x00, 0x00, 0x00, 0x00, 0x00, 0x00, 0x00, 0x00, 0x00, 0x00, 0x00, 0x00, 0x52, 0x93, 0xCE, 0x01,
    0x00, 0x00, 0x00, 0x00, 0x50, 0x92, 0xCD, 0x01, 0x50, 0x92, 0xCD, 0x01, 0x4F, 0x91, 0xCC, 0x01,
    0x4E, 0x90, 0xCC, 0x01, 0x4E, 0x90, 0xCC, 0x01, 0x4B, 0x8E, 0xCB, 0x01, 0x4A, 0x8D, 0xCB, 0x01,
    0x49, 0x8B, 0xCC, 0x01, 0x49, 0x8B, 0xCC, 0x01, 0x00, 0x00, 0x00, 0x00, 0x47, 0x8A, 0xCC, 0x01,
    0x00, 0x00, 0x00, 0x00, 0x00, 0x00, 0x00, 0x00, 0x44, 0x89, 0xCB, 0x01, 0x00, 0x00, 0x00, 0x00,
    0x00, 0x00, 0x00, 0x00, 0x00, 0x00, 0x00, 0x00, 0x00, 0x00, 0x00, 0x00, 0x00, 0x00, 0x00, 0x00,
    0x00, 0x00, 0x00, 0x00, 0x00, 0x00, 0x00, 0x00, 0x00, 0x00, 0x00, 0x00, 0x00, 0x00, 0x00, 0x00,
    0x00, 0x00, 0x00, 0x00, 0x00, 0x00, 0x00, 0x00, 0x00, 0x00, 0x00, 0x00, 0x00, 0x00, 0x00, 0x00,
    0x00, 0x00, 0x00, 0x00, 0x00, 0x00, 0x00, 0x00, 0x00, 0x00, 0x00, 0x00, 0x00, 0x00, 0x00, 0x00,
    0x00, 0x00, 0x00, 0x00, 0x00, 0x00, 0x00, 0x00, 0x00, 0x00, 0x00, 0x00, 0x00, 0x00, 0x00, 0x00,
    0x00, 0x00, 0x00, 0x00, 0x00, 0x00, 0x00, 0x00, 0x00, 0x00, 0x00, 0x00, 0x00, 0x00, 0x00, 0x00,
    0x00, 0x00, 0x00, 0x00, 0x00, 0x00, 0x00, 0x00, 0x00, 0x00, 0x00, 0x00, 0x00, 0x00, 0x00, 0x00,
    0x00, 0x00, 0x00, 0x00, 0x00, 0x00, 0x00, 0x00, 0x00, 0x00, 0x00, 0x00, 0x00, 0x00, 0x00, 0x00,
    0x00, 0x00, 0x00, 0x00, 0x00, 0x00, 0x00, 0x00, 0x00, 0x00, 0x00, 0x00, 0x00, 0x00, 0x00, 0x00,
    0x00, 0x00, 0x00, 0x00, 0x00, 0x00, 0x00, 0x00, 0x00, 0x00, 0x00, 0x00, 0x00, 0x00, 0x00, 0x00,
    0x00, 0x00, 0x00, 0x00, 0x00, 0x00, 0x00, 0x00, 0x00, 0x00, 0x00, 0x00, 0x00, 0x00, 0x00, 0x00,
    0x00, 0x00, 0x00, 0x00, 0x00, 0x00, 0x00, 0x00, 0x00, 0x00, 0x00, 0x00, 0x00, 0x00, 0x00, 0x00,
    0x00, 0x00, 0x00, 0x00, 0x00, 0x00, 0x00, 0x00, 0x00, 0x00, 0x00, 0x00, 0x00, 0x00, 0x00, 0x00,
    0x00, 0x00, 0x00, 0x00, 0x00, 0x00, 0x00, 0x00, 0x00, 0x00, 0x00, 0x00, 0x00, 0x00, 0x00, 0x00,
    0x00, 0x00, 0x00, 0x00, 0x00, 0x00, 0x00, 0x00, 0x00, 0x00, 0x00, 0x00, 0x00, 0x00, 0x00, 0x00,
    0x00, 0x00, 0x00, 0x00, 0x00, 0x00, 0x00, 0x00, 0x00, 0x00, 0x00, 0x00, 0x00, 0x00, 0x00, 0x00,
    0x00, 0x00, 0x00, 0x00, 0x00, 0x00, 0x00, 0x00, 0x00, 0x00, 0x00, 0x00, 0x00, 0x00, 0x00, 0x00,
    0x00, 0x00, 0x00, 0x00, 0x00, 0x00, 0x00, 0x00, 0x00, 0x00, 0x00, 0x00, 0x00, 0x00, 0x00, 0x00,
    0x00, 0x00, 0x00, 0x00, 0x00, 0x00, 0x00, 0x00, 0x00, 0x00, 0x00, 0x00, 0x00, 0x00, 0x00, 0x00,
    0x00, 0x00, 0x00, 0x00, 0x00, 0x00, 0x00, 0x00, 0x00, 0x00, 0x00, 0x00, 0x00, 0x00, 0x00, 0x00,
    0x00, 0x00, 0x00, 0x00, 0x00, 0x00, 0x00, 0x00, 0x00, 0x00, 0x00, 0x00, 0x00, 0x00, 0x00, 0x00,
    0x00, 0x00, 0x00, 0x00, 0x00, 0x00, 0x00, 0x00, 0x00, 0x00, 0x00, 0x00, 0x00, 0x00, 0x00, 0x00,
    0x00, 0x00, 0x00, 0x00, 0x00, 0x00, 0x00, 0x00, 0x00, 0x00, 0x00, 0x00, 0x00, 0x00, 0x00, 0x00,
    0x00, 0x00, 0x00, 0x00, 0x00, 0x00, 0x00, 0x00, 0x00, 0x00, 0x00, 0x00, 0x00, 0x00, 0x00, 0x00,
    0x00, 0x00, 0x00, 0x00, 0x00, 0x00, 0x00, 0x00, 0x00, 0x00, 0x00, 0x00, 0x00, 0x00, 0x00, 0x00,
    0x00, 0x00, 0x00, 0x00, 0x00, 0x00, 0x00, 0x00, 0x00, 0x00, 0x00, 0x00, 0x00, 0x00, 0x00, 0x00,
    0x00, 0x00, 0x00, 0x00, 0x00, 0x00, 0x00, 0x00, 0x00, 0x00, 0x00, 0x00, 0x00, 0x00, 0x00, 0x00,
    0x00, 0x00, 0x00, 0x00, 0x00, 0x00, 0x00, 0x00, 0x00, 0x00, 0x00, 0x00, 0x00, 0x00, 0x00, 0x00,
    0x00, 0x00, 0x00, 0x00, 0x00, 0x00, 0x00, 0x00, 0x00, 0x00, 0x00, 0x00, 0x00, 0x00, 0x00, 0x00,
    0x00, 0x00, 0x00, 0x00, 0x00, 0x00, 0x00, 0x00, 0x00, 0x00, 0x00, 0x00, 0x00, 0x00, 0x00, 0x00,
    0x00, 0x00, 0x00, 0x00, 0x00, 0x00, 0x00, 0x00, 0x00, 0x00, 0x00, 0x00, 0x00, 0x00, 0x00, 0x00,
    0x00, 0x00, 0x00, 0x00, 0x00, 0x00, 0x00, 0x00, 0x00, 0x00, 0x00, 0x00, 0x00, 0x00, 0x00, 0x00,
    0x00, 0x00, 0x00, 0x00, 0x00, 0x00, 0x00, 0x00, 0x00, 0x00, 0x00, 0x00, 0x00, 0x00, 0x00, 0x00,
    0x00, 0x00, 0x00, 0x00, 0x00, 0x00, 0x00, 0x00, 0x00, 0x00, 0x00, 0x00, 0x00, 0x00, 0x00, 0x00,
    0x00, 0x00, 0x00, 0x00, 0x00, 0x00, 0x00, 0x00, 0x00, 0x00, 0x00, 0x00, 0x00, 0x00, 0x00, 0x00,
    0x00, 0x00, 0x00, 0x00, 0x00, 0x00, 0x00, 0x00, 0x00, 0x00, 0x00, 0x00, 0x00, 0x00, 0x00, 0x00,
    0x00, 0x00, 0x00, 0x00, 0x00, 0x00, 0x00, 0x00, 0x00, 0x00, 0x00, 0x00, 0x00, 0x00, 0x00, 0x00,
    0x00, 0x00, 0x00, 0x00, 0x00, 0x00, 0x00, 0x00, 0x00, 0x00, 0x00, 0x00, 0x00, 0x00, 0x00, 0x00,
    0x00, 0x00, 0x00, 0x00, 0x00, 0x00, 0x00, 0x00, 0x00, 0x00, 0x00, 0x00, 0x00, 0x00, 0x00, 0x00,
    0x00, 0x00, 0x00, 0x00, 0x00, 0x00, 0x00, 0x00, 0x00, 0x00, 0x00, 0x00, 0x00, 0x00, 0x00, 0x00,
    0x00, 0x00, 0x00, 0x00, 0x00, 0x00, 0x00, 0x00, 0x00, 0x00, 0x00, 0x00, 0x00, 0x00, 0x00, 0x00,
    0x00, 0x00, 0x00, 0x00, 0x00, 0x00, 0x00, 0x00, 0x00, 0x00, 0x00, 0x00, 0x00, 0x00, 0x00, 0x00,
    0x00, 0x00, 0x00, 0x00, 0x00, 0x00, 0x00, 0x00, 0x00, 0x00, 0x00, 0x00, 0x00, 0x00, 0x00, 0x00,
    0x00, 0x00, 0x00, 0x00, 0x00, 0x00, 0x00, 0x00, 0x00, 0x00, 0x00, 0x00, 0x00, 0x00, 0x00, 0x00,
    0x00, 0x00, 0x00, 0x00, 0x00, 0x00, 0x00, 0x00, 0x00, 0x00, 0x00, 0x00, 0x00, 0x00, 0x00, 0x00,
    0x00, 0x00, 0x00, 0x00, 0x00, 0x00, 0x00, 0x00, 0x00, 0x00, 0x00, 0x00, 0x00, 0x00, 0x00, 0x00,
    0x00, 0x00, 0x00, 0x00, 0x00, 0x00, 0x00, 0x00, 0x00, 0x00, 0x00, 0x00, 0x00, 0x00, 0x00, 0x00,
    0x00, 0x00, 0x00, 0x00, 0x00, 0x00, 0x00, 0x00, 0x00, 0x00, 0x00, 0x00, 0x00, 0x00, 0x00, 0x00,
    0x00, 0x00, 0x00, 0x00, 0x00, 0x00, 0x00, 0x00, 0x00, 0x00, 0x00, 0x00, 0x00, 0x00, 0x00, 0x00,
    0x00, 0x00, 0x00, 0x00, 0x00, 0x00, 0x00, 0x00, 0x00, 0x00, 0x00, 0x00, 0x00, 0x00, 0x00, 0x00,
    0x00, 0x00, 0x00, 0x00, 0x00, 0x00, 0x00, 0x00, 0x00, 0x00, 0x00, 0x00, 0x00, 0x00, 0x00, 0x00,
    0x00, 0x00, 0x00, 0x00, 0x00, 0x00, 0x00, 0x00, 0x00, 0x00, 0x00, 0x00, 0x00, 0x00, 0x00, 0x00,
    0x00, 0x00, 0x00, 0x00, 0x00, 0x00, 0x00, 0x00, 0x00, 0x00, 0x00, 0x00, 0x00, 0x00, 0x00, 0x00,
    0x00, 0x00, 0x00, 0x00, 0x00, 0x00, 0x00, 0x00, 0x00, 0x00, 0x00, 0x00, 0x00, 0x00, 0x00, 0x00,
    0x00, 0x00, 0x00, 0x00, 0x00, 0x00, 0x00, 0x00, 0x00, 0x00, 0x00, 0x00, 0x00, 0x00, 0x00, 0x00,
    0x00, 0x00, 0x00, 0x00, 0x00, 0x00, 0x00, 0x00, 0x00, 0x00, 0x00, 0x00, 0x00, 0x00, 0x00, 0x00,
    0x00, 0x00, 0x00, 0x00, 0x00, 0x00, 0x00, 0x00, 0x00, 0x00, 0x00, 0x00, 0x00, 0x00, 0x00, 0x00,
    0x00, 0x00, 0x00, 0x00, 0x00, 0x00, 0x00, 0x00, 0x00, 0x00, 0x00, 0x00, 0x00, 0x00, 0x00, 0x00,
    0x00, 0x00, 0x00, 0x00, 0x00, 0x00, 0x00, 0x00, 0x00, 0x00, 0x00, 0x00, 0x00, 0x00, 0x00, 0x00,
    0x00, 0x00, 0x00, 0x00, 0x00, 0x00, 0x00, 0x00, 0x00, 0x00, 0x00, 0x00, 0x00, 0x00, 0x00, 0x00,
    0x00, 0x00, 0x00, 0x00, 0x00, 0x00, 0x00, 0x00, 0x00, 0x00, 0x00, 0x00, 0x00, 0x00, 0x00, 0x00,
    0x00, 0x00, 0x00, 0x00, 0x00, 0x00, 0x00, 0x00, 0x00, 0x00, 0x00, 0x00, 0x00, 0x00, 0x00, 0x00,
    0x00, 0x00, 0x00, 0x00, 0x00, 0x00, 0x00, 0x00, 0x00, 0x00, 0x00, 0x00, 0x00, 0x00, 0x00, 0x00,
    0x00, 0x00, 0x00, 0x00, 0x00, 0x00, 0x00, 0x00, 0x00, 0x00, 0x00, 0x00, 0x00, 0x00, 0x00, 0x00,
    0x00, 0x00, 0x00, 0x00, 0x00, 0x00, 0x00, 0x00, 0x00, 0x00, 0x00, 0x00, 0x00, 0x00, 0x00, 0x00,
    0x00, 0x00, 0x00, 0x00, 0x00, 0x00, 0x00, 0x00, 0x00, 0x00, 0x00, 0x00, 0x00, 0x00, 0x00, 0x00,
    0x00, 0x00, 0x00, 0x00, 0x00, 0x00, 0x00, 0x00, 0x00, 0x00, 0x00, 0x00, 0x00, 0x00, 0x00, 0x00,
    0x00, 0x00, 0x00, 0x00, 0x00, 0x00, 0x00, 0x00, 0x00, 0x00, 0x00, 0x00, 0x00, 0x00, 0x00, 0x00,
    0x00, 0x00, 0x00, 0x00, 0x00, 0x00, 0x00, 0x00, 0x00, 0x00, 0x00, 0x00, 0x00, 0x00, 0x00, 0x00,
    0x00, 0x00, 0x00, 0x00, 0x00, 0x00, 0x00, 0x00, 0x00, 0x00, 0x00, 0x00, 0x00, 0x00, 0x00, 0x00,
    0x00, 0x00, 0x00, 0x00, 0x00, 0x00, 0x00, 0x00, 0x00, 0x00, 0x00, 0x00, 0x00, 0x00, 0x00, 0x00,
    0x00, 0x00, 0x00, 0x00, 0x00, 0x00, 0x00, 0x00, 0x00, 0x00, 0x00, 0x00, 0x00, 0x00, 0x00, 0x00,
    0x00, 0x00, 0x00, 0x00, 0x00, 0x00, 0x00, 0x00, 0x00, 0x00, 0x00, 0x00, 0x00, 0x00, 0x00, 0x00,
    0x00, 0x00, 0x00, 0x00, 0x00, 0x00, 0x00, 0x00, 0x00, 0x00, 0x00, 0x00, 0x00, 0x00, 0x00, 0x00,
    0x00, 0x00, 0x00, 0x00, 0x00, 0x00, 0x00, 0x00, 0x00, 0x00, 0x00, 0x00, 0x00, 0x00, 0x00, 0x00,
    0x00, 0x00, 0x00, 0x00, 0x00, 0x00, 0x00, 0x00, 0x00, 0x00, 0x00, 0x00, 0x00, 0x00, 0x00, 0x00,
    0x00, 0x00, 0x00, 0x00, 0x00, 0x00, 0x00, 0x00, 0x00, 0x00, 0x00, 0x00, 0x00, 0x00, 0x00, 0x00,
    0x00, 0x00, 0x00, 0x00, 0x00, 0x00, 0x00, 0x00, 0x00, 0x00, 0x00, 0x00, 0x00, 0x00, 0x00, 0x00,
    0x00, 0x00, 0x00, 0x00, 0x00, 0x00, 0x00, 0x00, 0x00, 0x00, 0x00, 0x00, 0x00, 0x00, 0x00, 0x00,
    0x00, 0x00, 0x00, 0x00, 0x00, 0x00, 0x00, 0x00, 0x00, 0x00, 0x00, 0x00, 0x00, 0x00, 0x00, 0x00,
    0x00, 0x00, 0x00, 0x00, 0x00, 0x00, 0x00, 0x00, 0x00, 0x00, 0x00, 0x00, 0x00, 0x00, 0x00, 0x00,
    0x00, 0x00, 0x00, 0x00, 0x00, 0x00, 0x00, 0x00, 0x00, 0x00, 0x00, 0x00, 0x00, 0x00, 0x00, 0x00,
    0x00, 0x00, 0x00, 0x00, 0x00, 0x00, 0x00, 0x00, 0x00, 0x00, 0x00, 0x00, 0x00, 0x00, 0x00, 0x00,
    0x00, 0x00, 0x00, 0x00, 0x00, 0x00, 0x00, 0x00, 0x00, 0x00, 0x00, 0x00, 0x00, 0x00, 0x00, 0x00,
    0x00, 0x00, 0x00, 0x00, 0x00, 0x00, 0x00, 0x00, 0x00, 0x00, 0x00, 0x00, 0x00, 0x00, 0x00, 0x00,
    0x00, 0x00, 0x00, 0x00, 0x00, 0x00, 0x00, 0x00, 0x00, 0x00, 0x00, 0x00, 0x00, 0x00, 0x00, 0x00,
    0x00, 0x00, 0x00, 0x00, 0x00, 0x00, 0x00, 0x00, 0x00, 0x00, 0x00, 0x00, 0x00, 0x00, 0x00, 0x00,
    0x00, 0x00, 0x00, 0x00, 0x00, 0x00, 0x00, 0x00, 0x00, 0x00, 0x00, 0x00, 0x00, 0x00, 0x00, 0x00,
    0x00, 0x00, 0x00, 0x00, 0x00, 0x00, 0x00, 0x00, 0x00, 0x00, 0x00, 0x00, 0x00, 0x00, 0x00, 0x00,
    0x00, 0x00, 0x00, 0x00, 0x00, 0x00, 0x00, 0x00, 0x00, 0x00, 0x00, 0x00, 0x00, 0x00, 0x00, 0x00,
    0x00, 0x00, 0x00, 0x00, 0x00, 0x00, 0x00, 0x00, 0x00, 0x00, 0x00, 0x00, 0x00, 0x00, 0x00, 0x00,
    0x00, 0x00, 0x00, 0x00, 0x00, 0x00, 0x00, 0x00, 0x00, 0x00, 0x00, 0x00, 0x00, 0x00, 0x00, 0x00,
    0x00, 0x00, 0x00, 0x00, 0x00, 0x00, 0x00, 0x00, 0x00, 0x00, 0x00, 0x00, 0x00, 0x00, 0x00, 0x00,
    0x00, 0x00, 0x00, 0x00, 0x00, 0x00, 0x00, 0x00, 0x00, 0x00, 0x00, 0x00, 0x00, 0x00, 0x00, 0x00,
    0x00, 0x00, 0x00, 0x00, 0x00, 0x00, 0x00, 0x00, 0x00, 0x00, 0x00, 0x00, 0x00, 0x00, 0x00, 0x00,
    0x00, 0x00, 0x00, 0x00, 0x00, 0x00, 0x00, 0x00, 0x00, 0x00, 0x00, 0x00, 0x00, 0x00, 0x00, 0x00,
    0x00, 0x00, 0x00, 0x00, 0x00, 0x00, 0x00, 0x00, 0x00, 0x00, 0x00, 0x00, 0x00, 0x00, 0x00, 0x00,
    0x00, 0x00, 0x00, 0x00, 0x00, 0x00, 0x00, 0x00, 0x00, 0x00, 0x00, 0x00, 0x00, 0x00, 0x00, 0x00,
    0x00, 0x00, 0x00, 0x00, 0x00, 0x00, 0x00, 0x00, 0x00, 0x00, 0x00, 0x00, 0x00, 0x00, 0x00, 0x00,
    0x00, 0x00, 0x00, 0x00, 0x00, 0x00, 0x00, 0x00, 0x00, 0x00, 0x00, 0x00, 0x00, 0x00, 0x00, 0x00,
    0x00, 0x00, 0x00, 0x00, 0x00, 0x00, 0x00, 0x00, 0x00, 0x00, 0x00, 0x00, 0x00, 0x00, 0x00, 0x00,
    0x00, 0x00, 0x00, 0x00, 0x00, 0x00, 0x00, 0x00, 0x00, 0x00, 0x00, 0x00, 0x00, 0x00, 0x00, 0x00,
    0x00, 0x00, 0x00, 0x00, 0x00, 0x00, 0x00, 0x00, 0x00, 0x00, 0x00, 0x00, 0x00, 0x00, 0x00, 0x00,
    0x00, 0x00, 0x00, 0x00, 0x00, 0x00, 0x00, 0x00, 0x00, 0x00, 0x00, 0x00, 0x00, 0x00, 0x00, 0x00,
    0x00, 0x00, 0x00, 0x00, 0x00, 0x00, 0x00, 0x00, 0x00, 0x00, 0x00, 0x00, 0x00, 0x00, 0x00, 0x00,
    0x00, 0x00, 0x00, 0x00, 0x00, 0x00, 0x00, 0x00, 0x00, 0x00, 0x00, 0x00, 0x00, 0x00, 0x00, 0x00,
    0x00, 0x00, 0x00, 0x00, 0x00, 0x00, 0x00, 0x00, 0x00, 0x00, 0x00, 0x00, 0x00, 0x00, 0x00, 0x00,
    0x00, 0x00, 0x00, 0x00, 0x00, 0x00, 0x00, 0x00, 0x00, 0x00, 0x00, 0x00, 0x00, 0x00, 0x00, 0x00,
    0x00, 0x00, 0x00, 0x00, 0x00, 0x00, 0x00, 0x00, 0x00, 0x00, 0x00, 0x00, 0x00, 0x00, 0x00, 0x00,
    0x00, 0x00, 0x00, 0x00, 0x00, 0x00, 0x00, 0x00, 0x00, 0x00, 0x00, 0x00, 0x00, 0x00, 0x00, 0x00,
    0x00, 0x00, 0x00, 0x00, 0x00, 0x00, 0x00, 0x00, 0x00, 0x00, 0x00, 0x00, 0x00, 0x00, 0x00, 0x00,
    0x00, 0x00, 0x00, 0x00, 0x00, 0x00, 0x00, 0x00, 0x00, 0x00, 0x00, 0x00, 0x00, 0x00, 0x00, 0x00,
    0x00, 0x00, 0x00, 0x00, 0x00, 0x00, 0x00, 0x00, 0x00, 0x00, 0x00, 0x00, 0x00, 0x00, 0x00, 0x00,
    0x00, 0x00, 0x00, 0x00, 0x00, 0x00, 0x00, 0x00, 0x00, 0x00, 0x00, 0x00, 0x00, 0x00, 0x00, 0x00,
    0x00, 0x00, 0x00, 0x00, 0x00, 0x00, 0x00, 0x00, 0x00, 0x00, 0x00, 0x00, 0x00, 0x00, 0x00, 0x00,
    0x00, 0x00, 0x00, 0x00, 0x00, 0x00, 0x00, 0x00, 0x00, 0x00, 0x00, 0x00, 0x00, 0x00, 0x00, 0x00,
    0x00, 0x00, 0x00, 0x00, 0x00, 0x00, 0x00, 0x00, 0x00, 0x00, 0x00, 0x00, 0x00, 0x00, 0x00, 0x00,
    0x00, 0x00, 0x00, 0x00, 0x00, 0x00, 0x00, 0x00, 0x00, 0x00, 0x00, 0x00, 0x00, 0x00, 0x00, 0x00,
    0x00, 0x00, 0x00, 0x00, 0x00, 0x00, 0x00, 0x00, 0x00, 0x00, 0x00, 0x00, 0x00, 0x00, 0x00, 0x00,
    0x00, 0x00, 0x00, 0x00, 0x00, 0x00, 0x00, 0x00, 0x00, 0x00, 0x00, 0x00, 0x00, 0x00, 0x00, 0x00,
    0x00, 0x00, 0x00, 0x00, 0x00, 0x00, 0x00, 0x00, 0x00, 0x00, 0x00, 0x00, 0x00, 0x00, 0x00, 0x00,
    0x00, 0x00, 0x00, 0x00, 0x00, 0x00, 0x00, 0x00, 0x00, 0x00, 0x00, 0x00, 0x00, 0x00, 0x00, 0x00,
    0x00, 0x00, 0x00, 0x00, 0x00, 0x00, 0x00, 0x00, 0x00, 0x00, 0x00, 0x00, 0x00, 0x00, 0x00, 0x00,
    0x00, 0x00, 0x00, 0x00, 0x00, 0x00, 0x00, 0x00, 0x00, 0x00, 0x00, 0x00, 0x00, 0x00, 0x00, 0x00,
    0x00, 0x00, 0x00, 0x00, 0x00, 0x00, 0x00, 0x00, 0x00, 0x00, 0x00, 0x00, 0x00, 0x00, 0x00, 0x00,
    0x00, 0x00, 0x00, 0x00, 0x00, 0x00, 0x00, 0x00, 0x00, 0x00, 0x00, 0x00, 0x00, 0x00, 0x00, 0x00,
    0x00, 0x00, 0x00, 0x00, 0x00, 0x00, 0x00, 0x00, 0x00, 0x00, 0x00, 0x00, 0x00, 0x00, 0x00, 0x00,
    0x00, 0x00, 0x00, 0x00, 0x00, 0x00, 0x00, 0x00, 0x00, 0x00, 0x00, 0x00, 0x00, 0x00, 0x00, 0x00,
    0x00, 0x00, 0x00, 0x00, 0x00, 0x00, 0x00, 0x00, 0x00, 0x00, 0x00, 0x00, 0x00, 0x00, 0x00, 0x00,
    0x00, 0x00, 0x00, 0x00, 0x00, 0x00, 0x00, 0x00, 0x00, 0x00, 0x00, 0x00, 0x00, 0x00, 0x00, 0x00,
    0x00, 0x00, 0x00, 0x00, 0x00, 0x00, 0x00, 0x00, 0x00, 0x00, 0x00, 0x00, 0x00, 0x00, 0x00, 0x00,
    0x00, 0x00, 0x00, 0x00, 0x00, 0x00, 0x00, 0x00, 0x00, 0x00, 0x00, 0x00, 0x00, 0x00, 0x00, 0x00,
    0x00, 0x00, 0x00, 0x00, 0x00, 0x00, 0x00, 0x00, 0x00, 0x00, 0x00, 0x00, 0x00, 0x00, 0x00, 0x00,
    0x00, 0x00, 0x00, 0x00, 0x00, 0x00, 0x00, 0x00, 0x00, 0x00, 0x00, 0x00, 0x00, 0x00, 0x00, 0x00,
    0x00, 0x00, 0x00, 0x00, 0x00, 0x00, 0x00, 0x00, 0x00, 0x00, 0x00, 0x00, 0x00, 0x00, 0x00, 0x00,
    0x00, 0x00, 0x00, 0x00, 0x00, 0x00, 0x00, 0x00, 0x00, 0x00, 0x00, 0x00, 0x00, 0x00, 0x00, 0x00,
    0x00, 0x00, 0x00, 0x00, 0x00, 0x00, 0x00, 0x00, 0x00, 0x00, 0x00, 0x00, 0x00, 0x00, 0x00, 0x00,
    0x00, 0x00, 0x00, 0x00, 0x00, 0x00, 0x00, 0x00, 0x00, 0x00, 0x00, 0x00, 0x00, 0x00, 0x00, 0x00,
    0x00, 0x00, 0x00, 0x00, 0x00, 0x00, 0x00, 0x00, 0x00, 0x00, 0x00, 0x00, 0x00, 0x00, 0x00, 0x00,
    0x00, 0x00, 0x00, 0x00, 0x00, 0x00, 0x00, 0x00, 0x00, 0x00, 0x00, 0x00, 0x00, 0x00, 0x00, 0x00,
    0x00, 0x00, 0x00, 0x00, 0x00, 0x00, 0x00, 0x00, 0x00, 0x00, 0x00, 0x00, 0x00, 0x00, 0x00, 0x00,
    0x00, 0x00, 0x00, 0x00, 0x00, 0x00, 0x00, 0x00, 0x00, 0x00, 0x00, 0x00, 0x00, 0x00, 0x00, 0x00,
    0x00, 0x00, 0x00, 0x00, 0x00, 0x00, 0x00, 0x00, 0x00, 0x00, 0x00, 0x00, 0x00, 0x00, 0x00, 0x00,
    0x00, 0x00, 0x00, 0x00, 0x00, 0x00, 0x00, 0x00, 0x00, 0x00, 0x00, 0x00, 0x00, 0x00, 0x00, 0x00,
    0x00, 0x00, 0x00, 0x00, 0x00, 0x00, 0x00, 0x00, 0x00, 0x00, 0x00, 0x00, 0x00, 0x00, 0x00, 0x00,
    0x00, 0x00, 0x00, 0x00, 0x00, 0x00, 0x00, 0x00, 0x00, 0x00, 0x00, 0x00, 0x00, 0x00, 0x00, 0x00,
    0x00, 0x00, 0x00, 0x00, 0x00, 0x00, 0x00, 0x00, 0x00, 0x00, 0x00, 0x00, 0x00, 0x00, 0x00, 0x00,
    0x00, 0x00, 0x00, 0x00, 0x00, 0x00, 0x00, 0x00, 0x00, 0x00, 0x00, 0x00, 0x00, 0x00, 0x00, 0x00,
    0x00, 0x00, 0x00, 0x00, 0x00, 0x00, 0x00, 0x00, 0x00, 0x00, 0x00, 0x00, 0x00, 0x00, 0x00, 0x00,
    0x00, 0x00, 0x00, 0x00, 0x00, 0x00, 0x00, 0x00, 0x00, 0x00, 0x00, 0x00, 0x00, 0x00, 0x00, 0x00,
    0x00, 0x00, 0x00, 0x00, 0x00, 0x00, 0x00, 0x00, 0x00, 0x00, 0x00, 0x00, 0x00, 0x00, 0x00, 0x00,
    0x00, 0x00, 0x00, 0x00, 0x00, 0x00, 0x00, 0x00, 0x00, 0x00, 0x00, 0x00, 0x00, 0x00, 0x00, 0x00,
    0x00, 0x00, 0x00, 0x00, 0x00, 0x00, 0x00, 0x00, 0x00, 0x00, 0x00, 0x00, 0x00, 0x00, 0x00, 0x00,
    0x00, 0x00, 0x00, 0x00, 0x00, 0x00, 0x00, 0x00, 0x00, 0x00, 0x00, 0x00, 0x00, 0x00, 0x00, 0x00,
    0x00, 0x00, 0x00, 0x00, 0x00, 0x00, 0x00, 0x00, 0x00, 0x00, 0x00, 0x00, 0x00, 0x00, 0x00, 0x00,
    0x00, 0x00, 0x00, 0x00, 0x00, 0x00, 0x00, 0x00, 0x00, 0x00, 0x00, 0x00, 0x00, 0x00, 0x00, 0x00,
    0x00, 0x00, 0x00, 0x00, 0x00, 0x00, 0x00, 0x00, 0x00, 0x00, 0x00, 0x00, 0x00, 0x00, 0x00, 0x00,
    0x00, 0x00, 0x00, 0x00, 0x00, 0x00, 0x00, 0x00, 0x00, 0x00, 0x00, 0x00, 0x00, 0x00, 0x00, 0x00,
    0x00, 0x00, 0x00, 0x00, 0x00, 0x00, 0x00, 0x00, 0x00, 0x00, 0x00, 0x00, 0x00, 0x00, 0x00, 0x00,
    0x00, 0x00, 0x00, 0x00, 0x00, 0x00, 0x00, 0x00, 0x00, 0x00, 0x00, 0x00, 0x00, 0x00, 0x00, 0x00,
    0x00, 0x00, 0x00, 0x00, 0x00, 0x00, 0x00, 0x00, 0x00, 0x00, 0x00, 0x00, 0x00, 0x00, 0x00, 0x00,
    0x00, 0x00, 0x00, 0x00, 0x00, 0x00, 0x00, 0x00, 0x00, 0x00, 0x00, 0x00, 0x00, 0x00, 0x00, 0x00,
    0x00, 0x00, 0x00, 0x00, 0x00, 0x00, 0x00, 0x00, 0x00, 0x00, 0x00, 0x00, 0x00, 0x00, 0x00, 0x00,
    0x00, 0x00, 0x00, 0x00, 0x00, 0x00, 0x00, 0x00, 0x00, 0x00, 0x00, 0x00, 0x00, 0x00, 0x00, 0x00,
    0x00, 0x00, 0x00, 0x00, 0x00, 0x00, 0x00, 0x00, 0x00, 0x00, 0x00, 0x00, 0x00, 0x00, 0x00, 0x00,
    0x00, 0x00, 0x00, 0x00, 0x00, 0x00, 0x00, 0x00, 0x00, 0x00, 0x00, 0x00, 0x00, 0x00, 0x00, 0x00,
    0x00, 0x00, 0x00, 0x00, 0x00, 0x00, 0x00, 0x00, 0x00, 0x00, 0x00, 0x00, 0x00, 0x00, 0x00, 0x00,
    0x00, 0x00, 0x00, 0x00, 0x00, 0x00, 0x00, 0x00, 0x00, 0x00, 0x00, 0x00, 0x00, 0x00, 0x00, 0x00,
    0x00, 0x00, 0x00, 0x00, 0x00, 0x00, 0x00, 0x00, 0x00, 0x00, 0x00, 0x00, 0x00, 0x00, 0x00, 0x00,
    0x00, 0x00, 0x00, 0x00, 0x00, 0x00, 0x00, 0x00, 0x00, 0x00, 0x00, 0x00, 0x00, 0x00, 0x00, 0x00,
    0x00, 0x00, 0x00, 0x00, 0x00, 0x00, 0x00, 0x00, 0x00, 0x00, 0x00, 0x00, 0x00, 0x00, 0x00, 0x00,
    0x00, 0x00, 0x00, 0x00, 0x00, 0x00, 0x00, 0x00, 0x00, 0x00, 0x00, 0x00, 0x00, 0x00, 0x00, 0x00,
    0x00, 0x00, 0x00, 0x00, 0x00, 0x00, 0x00, 0x00, 0x00, 0x00, 0x00, 0x00, 0x00, 0x00, 0x00, 0x00,
    0x00, 0x00, 0x00, 0x00, 0x00, 0x00, 0x00, 0x00, 0x00, 0x00, 0x00, 0x00, 0x00, 0x00, 0x00, 0x00,
    0x00, 0x00, 0x00, 0x00, 0x00, 0x00, 0x00, 0x00, 0x00, 0x00, 0x00, 0x00, 0x00, 0x00, 0x00, 0x00,
    0x00, 0x00, 0x00, 0x00, 0x00, 0x00, 0x00, 0x00, 0x00, 0x00, 0x00, 0x00, 0x00, 0x00, 0x00, 0x00,
    0x00, 0x00, 0x00, 0x00, 0x00, 0x00, 0x00, 0x00, 0x00, 0x00, 0x00, 0x00, 0x00, 0x00, 0x00, 0x00,
    0x00, 0x00, 0x00, 0x00, 0x00, 0x00, 0x00, 0x00, 0x00, 0x00, 0x00, 0x00, 0x00, 0x00, 0x00, 0x00,
    0x00, 0x00, 0x00, 0x00, 0x00, 0x00, 0x00, 0x00, 0x00, 0x00, 0x00, 0x00, 0x00, 0x00, 0x00, 0x00,
    0x00, 0x00, 0x00, 0x00, 0x00, 0x00, 0x00, 0x00, 0x00, 0x00, 0x00, 0x00, 0x00, 0x00, 0x00, 0x00,
    0x00, 0x00, 0x00, 0x00, 0x00, 0x00, 0x00, 0x00, 0x00, 0x00, 0x00, 0x00, 0x00, 0x00, 0x00, 0x00,
    0x00, 0x00, 0x00, 0x00, 0x00, 0x00, 0x00, 0x00, 0x00, 0x00, 0x00, 0x00, 0x00, 0x00, 0x00, 0x00,
    0x00, 0x00, 0x00, 0x00, 0x00, 0x00, 0x00, 0x00, 0x00, 0x00, 0x00, 0x00, 0x00, 0x00, 0x00, 0x00,
    0x00, 0x00, 0x00, 0x00, 0x00, 0x00, 0x00, 0x00, 0x00, 0x00, 0x00, 0x00, 0x00, 0x00, 0x00, 0x00,
    0x00, 0x00, 0x00, 0x00, 0x00, 0x00, 0x00, 0x00, 0x00, 0x00, 0x00, 0x00, 0x00, 0x00, 0x00, 0x00,
    0x00, 0x00, 0x00, 0x00, 0x00, 0x00, 0x00, 0x00, 0x00, 0x00, 0x00, 0x00, 0x00, 0x00, 0x00, 0x00,
    0x00, 0x00, 0x00, 0x00, 0x00, 0x00, 0x00, 0x00, 0x00, 0x00, 0x00, 0x00, 0x00, 0x00, 0x00, 0x00,
    0x00, 0x00, 0x00, 0x00, 0x00, 0x00, 0x00, 0x00, 0x00, 0x00, 0x00, 0x00, 0x00, 0x00, 0x00, 0x00,
    0x00, 0x00, 0x00, 0x00, 0x00, 0x00, 0x00, 0x00, 0x00, 0x00, 0x00, 0x00, 0x00, 0x00, 0x00, 0x00,
    0x00, 0x00, 0x00, 0x00, 0x00, 0x00, 0x00, 0x00, 0x00, 0x00, 0x00, 0x00, 0x00, 0x00, 0x00, 0x00,
    0x00, 0x00, 0x00, 0x00, 0x00, 0x00, 0x00, 0x00, 0x00, 0x00, 0x00, 0x00, 0x00, 0x00, 0x00, 0x00,
    0x00, 0x00, 0x00, 0x00, 0x00, 0x00, 0x00, 0x00, 0x00, 0x00, 0x00, 0x00, 0x00, 0x00, 0x00, 0x00,
    0x00, 0x00, 0x00, 0x00, 0x00, 0x00, 0x00, 0x00, 0x00, 0x00, 0x00, 0x00, 0x00, 0x00, 0x00, 0x00,
    0x00, 0x00, 0x00, 0x00, 0x00, 0x00, 0x00, 0x00, 0x00, 0x00, 0x00, 0x00, 0x00, 0x00, 0x00, 0x00,
    0x00, 0x00, 0x00, 0x00, 0x00, 0x00, 0x00, 0x00, 0x00, 0x00, 0x00, 0x00, 0x00, 0x00, 0x00, 0x00,
    0x00, 0x00, 0x00, 0x00, 0x00, 0x00, 0x00, 0x00, 0x00, 0x00, 0x00, 0x00, 0x00, 0x00, 0x00, 0x00,
    0x00, 0x00, 0x00, 0x00, 0x00, 0x00, 0x00, 0x00, 0x00, 0x00, 0x00, 0x00, 0x00, 0x00, 0x00, 0x00,
    0x00, 0x00, 0x00, 0x00, 0x00, 0x00, 0x00, 0x00, 0x00, 0x00, 0x00, 0x00, 0x00, 0x00, 0x00, 0x00,
    0x00, 0x00, 0x00, 0x00, 0x00, 0x00, 0x00, 0x00, 0x00, 0x00, 0x00, 0x00, 0x00, 0x00, 0x00, 0x00,
    0x00, 0x00, 0x00, 0x00, 0x00, 0x00, 0x00, 0x00, 0x00, 0x00, 0x00, 0x00, 0x00, 0x00, 0x00, 0x00,
    0x00, 0x00, 0x00, 0x00, 0x00, 0x00, 0x00, 0x00, 0x00, 0x00, 0x00, 0x00, 0x00, 0x00, 0x00, 0x00,
    0x00, 0x00, 0x00, 0x00, 0x00, 0x00, 0x00, 0x00, 0x00, 0x00, 0x00, 0x00, 0x00, 0x00, 0x00, 0x00,
    0x00, 0x00, 0x00, 0x00, 0x00, 0x00, 0x00, 0x00, 0x00, 0x00, 0x00, 0x00, 0x00, 0x00, 0x00, 0x00,
    0x00, 0x00, 0x00, 0x00, 0x00, 0x00, 0x00, 0x00, 0x00, 0x00, 0x00, 0x00, 0x00, 0x00, 0x00, 0x00,
    0x00, 0x00, 0x00, 0x00, 0x00, 0x00, 0x00, 0x00, 0x00, 0x00, 0x00, 0x00, 0x00, 0x00, 0x00, 0x00,
    0x00, 0x00, 0x00, 0x00, 0x00, 0x00, 0x00, 0x00, 0x00, 0x00, 0x00, 0x00, 0x00, 0x00, 0x00, 0x00,
    0x00, 0x00, 0x00, 0x00, 0x00, 0x00, 0x00, 0x00, 0x00, 0x00, 0x00, 0x00, 0x00, 0x00, 0x00, 0x00,
    0x00, 0x00, 0x00, 0x00, 0x00, 0x00, 0x00, 0x00, 0x00, 0x00, 0x00, 0x00, 0x00, 0x00, 0x00, 0x00,
    0x00, 0x00, 0x00, 0x00, 0x00, 0x00, 0x00, 0x00, 0x00, 0x00, 0x00, 0x00, 0x00, 0x00, 0x00, 0x00,
    0x00, 0x00, 0x00, 0x00, 0x00, 0x00, 0x00, 0x00, 0x00, 0x00, 0x00, 0x00, 0x00, 0x00, 0x00, 0x00,
    0x00, 0x00, 0x00, 0x00, 0x00, 0x00, 0x00, 0x00, 0x00, 0x00, 0x00, 0x00, 0x00, 0x00, 0x00, 0x00,
    0x00, 0x00, 0x00, 0x00, 0x00, 0x00, 0x00, 0x00, 0x00, 0x00, 0x00, 0x00, 0x00, 0x00, 0x00, 0x00,
    0x00, 0x00, 0x00, 0x00, 0x00, 0x00, 0x00, 0x00, 0x00, 0x00, 0x00, 0x00, 0x00, 0x00, 0x00, 0x00,
    0x00, 0x00, 0x00, 0x00, 0x00, 0x00, 0x00, 0x00, 0x00, 0x00, 0x00, 0x00, 0x00, 0x00, 0x00, 0x00,
    0x00, 0x00, 0x00, 0x00, 0x00, 0x00, 0x00, 0x00, 0x00, 0x00, 0x00, 0x00, 0x00, 0x00, 0x00, 0x00,
    0x00, 0x00, 0x00, 0x00, 0x00, 0x00, 0x00, 0x00, 0x00, 0x00, 0x00, 0x00, 0x00, 0x00, 0x00, 0x00,
    0x00, 0x00, 0x00, 0x00, 0x00, 0x00, 0x00, 0x00, 0x00, 0x00, 0x00, 0x00, 0x00, 0x00, 0x00, 0x00,
    0x00, 0x00, 0x00, 0x00, 0x00, 0x00, 0x00, 0x00, 0x00, 0x00, 0x00, 0x00, 0x00, 0x00, 0x00, 0x00,
    0x00, 0x00, 0x00, 0x00, 0x00, 0x00, 0x00, 0x00, 0x00, 0x00, 0x00, 0x00, 0x00, 0x00, 0x00, 0x00,
    0x00, 0x00, 0x00, 0x00, 0x00, 0x00, 0x00, 0x00, 0x00, 0x00, 0x00, 0x00, 0x00, 0x00, 0x00, 0x00,
    0x00, 0x00, 0x00, 0x00, 0x00, 0x00, 0x00, 0x00, 0x00, 0x00, 0x00, 0x00, 0x00, 0x00, 0x00, 0x00,
    0x00, 0x00, 0x00, 0x00, 0x00, 0x00, 0x00, 0x00, 0x00, 0x00, 0x00, 0x00, 0x00, 0x00, 0x00, 0x00,
    0x00, 0x00, 0x00, 0x00, 0x00, 0x00, 0x00, 0x00, 0x00, 0x00, 0x00, 0x00, 0x00, 0x00, 0x00, 0x00,
    0x00, 0x00, 0x00, 0x00, 0x00, 0x00, 0x00, 0x00, 0x00, 0x00, 0x00, 0x00, 0x00, 0x00, 0x00, 0x00,
    0x00, 0x00, 0x00, 0x00, 0x00, 0x00, 0x00, 0x00, 0x00, 0x00, 0x00, 0x00, 0x00, 0x00, 0x00, 0x00,
    0x00, 0x00, 0x00, 0x00, 0x00, 0x00, 0x00, 0x00, 0x00, 0x00, 0x00, 0x00, 0x00, 0x00, 0x00, 0x00,
    0x00, 0x00, 0x00, 0x00, 0x00, 0x00, 0x00, 0x00, 0x00, 0x00, 0x00, 0x00, 0x00, 0x00, 0x00, 0x00,
    0x00, 0x00, 0x00, 0x00, 0x00, 0x00, 0x00, 0x00, 0x00, 0x00, 0x00, 0x00, 0x00, 0x00, 0x00, 0x00,
    0x00, 0x00, 0x00, 0x00, 0x00, 0x00, 0x00, 0x00, 0x00, 0x00, 0x00, 0x00, 0x00, 0x00, 0x00, 0x00,
    0x00, 0x00, 0x00, 0x00, 0x00, 0x00, 0x00, 0x00, 0x00, 0x00, 0x00, 0x00, 0x00, 0x00, 0x00, 0x00,
    0x00, 0x00, 0x00, 0x00, 0x00, 0x00, 0x00, 0x00, 0x00, 0x00, 0x00, 0x00, 0x00, 0x00, 0x00, 0x00,
    0x00, 0x00, 0x00, 0x00, 0x00, 0x00, 0x00, 0x00, 0x00, 0x00, 0x00, 0x00, 0x00, 0x00, 0x00, 0x00,
    0x00, 0x00, 0x00, 0x00, 0x00, 0x00, 0x00, 0x00, 0x00, 0x00, 0x00, 0x00, 0x00, 0x00, 0x00, 0x00,
    0x00, 0x00, 0x00, 0x00, 0x00, 0x00, 0x00, 0x00, 0x00, 0x00, 0x00, 0x00, 0x00, 0x00, 0x00, 0x00,
    0x00, 0x00, 0x00, 0x00, 0x00, 0x00, 0x00, 0x00, 0x00, 0x00, 0x00, 0x00, 0x00, 0x00, 0x00, 0x00,
    0x00, 0x00, 0x00, 0x00, 0x00, 0x00, 0x00, 0x00, 0x00, 0x00, 0x00, 0x00, 0x00, 0x00, 0x00, 0x00,
    0x00, 0x00, 0x00, 0x00, 0x00, 0x00, 0x00, 0x00, 0x00, 0x00, 0x00, 0x00, 0x00, 0x00, 0x00, 0x00,
    0x00, 0x00, 0x00, 0x00, 0x00, 0x00, 0x00, 0x00, 0x00, 0x00, 0x00, 0x00, 0x00, 0x00, 0x00, 0x00,
    0x00, 0x00, 0x00, 0x00, 0x00, 0x00, 0x00, 0x00, 0x00, 0x00, 0x00, 0x00, 0x00, 0x00, 0x00, 0x00,
    0x00, 0x00, 0x00, 0x00, 0x00, 0x00, 0x00, 0x00, 0x00, 0x00, 0x00, 0x00, 0x00, 0x00, 0x00, 0x00,
    0x00, 0x00, 0x00, 0x00, 0x00, 0x00, 0x00, 0x00, 0x00, 0x00, 0x00, 0x00, 0x00, 0x00, 0x00, 0x00,
    0x00, 0x00, 0x00, 0x00, 0x00, 0x00, 0x00, 0x00, 0x00, 0x00, 0x00, 0x00, 0x00, 0x00, 0x00, 0x00,
    0x00, 0x00, 0x00, 0x00, 0x00, 0x00, 0x00, 0x00, 0x00, 0x00, 0x00, 0x00, 0x00, 0x00, 0x00, 0x00,
    0x00, 0x00, 0x00, 0x00, 0x00, 0x00, 0x00, 0x00, 0x00, 0x00, 0x00, 0x00, 0x00, 0x00, 0x00, 0x00,
    0x00, 0x00, 0x00, 0x00, 0x00, 0x00, 0x00, 0x00, 0x00, 0x00, 0x00, 0x00, 0x00, 0x00, 0x00, 0x00,
    0x00, 0x00, 0x00, 0x00, 0x00, 0x00, 0x00, 0x00, 0x00, 0x00, 0x00, 0x00, 0x00, 0x00, 0x00, 0x00,
    0x00, 0x00, 0x00, 0x00, 0x00, 0x00, 0x00, 0x00, 0x00, 0x00, 0x00, 0x00, 0x00, 0x00, 0x00, 0x00,
    0x00, 0x00, 0x00, 0x00, 0x00, 0x00, 0x00, 0x00, 0x00, 0x00, 0x00, 0x00, 0x00, 0x00, 0x00, 0x00,
    0x00, 0x00, 0x00, 0x00, 0x00, 0x00, 0x00, 0x00, 0x00, 0x00, 0x00, 0x00, 0x00, 0x00, 0x00, 0x00,
    0x00, 0x00, 0x00, 0x00, 0x00, 0x00, 0x00, 0x00, 0x00, 0x00, 0x00, 0x00, 0x00, 0x00, 0x00, 0x00,
    0x00, 0x00, 0x00, 0x00, 0x00, 0x00, 0x00, 0x00, 0x00, 0x00, 0x00, 0x00, 0x00, 0x00, 0x00, 0x00,
    0x00, 0x00, 0x00, 0x00, 0x00, 0x00, 0x00, 0x00, 0x00, 0x00, 0x00, 0x00, 0x00, 0x00, 0x00, 0x00,
    0x00, 0x00, 0x00, 0x00, 0x00, 0x00, 0x00, 0x00, 0x00, 0x00, 0x00, 0x00, 0x00, 0x00, 0x00, 0x00,
    0x00, 0x00, 0x00, 0x00, 0x00, 0x00, 0x00, 0x00, 0x00, 0x00, 0x00, 0x00, 0x00, 0x00, 0x00, 0x00,
    0x00, 0x00, 0x00, 0x00, 0x00, 0x00, 0x00, 0x00, 0x00, 0x00, 0x00, 0x00, 0x00, 0x00, 0x00, 0x00,
    0x00, 0x00, 0x00, 0x00, 0x00, 0x00, 0x00, 0x00, 0x00, 0x00, 0x00, 0x00, 0x00, 0x00, 0x00, 0x00,
    0x00, 0x00, 0x00, 0x00, 0x00, 0x00, 0x00, 0x00, 0x00, 0x00, 0x00, 0x00, 0x00, 0x00, 0x00, 0x00,
    0x00, 0x00, 0x00, 0x00, 0x00, 0x00, 0x00, 0x00, 0x00, 0x00, 0x00, 0x00, 0x00, 0x00, 0x00, 0x00,
    0x00, 0x00, 0x00, 0x00, 0x00, 0x00, 0x00, 0x00, 0x00, 0x00, 0x00, 0x00, 0x00, 0x00, 0x00, 0x00,
    0x00, 0x00, 0x00, 0x00, 0x00, 0x00, 0x00, 0x00, 0x00, 0x00, 0x00, 0x00, 0x00, 0x00, 0x00, 0x00,
    0x00, 0x00, 0x00, 0x00, 0x00, 0x00, 0x00, 0x00, 0x00, 0x00, 0x00, 0x00, 0x00, 0x00, 0x00, 0x00,
    0x00, 0x00, 0x00, 0x00, 0x00, 0x00, 0x00, 0x00, 0x00, 0x00, 0x00, 0x00, 0x00, 0x00, 0x00, 0x00,
    0x00, 0x00, 0x00, 0x00, 0x00, 0x00, 0x00, 0x00, 0x00, 0x00, 0x00, 0x00, 0x00, 0x00, 0x00, 0x00,
    0x00, 0x00, 0x00, 0x00, 0x00, 0x00, 0x00, 0x00, 0x00, 0x00, 0x00, 0x00, 0x00, 0x00, 0x00, 0x00,
    0x00, 0x00, 0x00, 0x00, 0x00, 0x00, 0x00, 0x00, 0x00, 0x00, 0x00, 0x00, 0x00, 0x00, 0x00, 0x00,
    0x00, 0x00, 0x00, 0x00, 0x00, 0x00, 0x00, 0x00, 0x00, 0x00, 0x00, 0x00, 0x00, 0x00, 0x00, 0x00,
    0x00, 0x00, 0x00, 0x00, 0x00, 0x00, 0x00, 0x00, 0x00, 0x00, 0x00, 0x00, 0x00, 0x00, 0x00, 0x00,
    0x00, 0x00, 0x00, 0x00, 0x00, 0x00, 0x00, 0x00, 0x00, 0x00, 0x00, 0x00, 0x00, 0x00, 0x00, 0x00,
    0x00, 0x00, 0x00, 0x00, 0x00, 0x00, 0x00, 0x00, 0x00, 0x00, 0x00, 0x00, 0x00, 0x00, 0x00, 0x00,
    0x00, 0x00, 0x00, 0x00, 0x00, 0x00, 0x00, 0x00, 0x00, 0x00, 0x00, 0x00, 0x00, 0x00, 0x00, 0x00,
    0x00, 0x00, 0x00, 0x00, 0x00, 0x00, 0x00, 0x00, 0x00, 0x00, 0x00, 0x00, 0x00, 0x00, 0x00, 0x00,
    0x00, 0x00, 0x00, 0x00, 0x00, 0x00, 0x00, 0x00, 0x00, 0x00, 0x00, 0x00, 0x00, 0x00, 0x00, 0x00,
    0x00, 0x00, 0x00, 0x00, 0x00, 0x00, 0x00, 0x00, 0x00, 0x00, 0x00, 0x00, 0x00, 0x00, 0x00, 0x00,
    0x00, 0x00, 0x00, 0x00, 0x00, 0x00, 0x00, 0x00, 0x00, 0x00, 0x00, 0x00, 0x00, 0x00, 0x00, 0x00,
    0x00, 0x00, 0x00, 0x00, 0x00, 0x00, 0x00, 0x00, 0x00, 0x00, 0x00, 0x00, 0x00, 0x00, 0x00, 0x00,
    0x00, 0x00, 0x00, 0x00, 0x00, 0x00, 0x00, 0x00, 0x00, 0x00, 0x00, 0x00, 0x00, 0x00, 0x00, 0x00,
    0x00, 0x00, 0x00, 0x00, 0x00, 0x00, 0x00, 0x00, 0x00, 0x00, 0x00, 0x00, 0x00, 0x00, 0x00, 0x00,
    0x00, 0x00, 0x00, 0x00, 0x00, 0x00, 0x00, 0x00, 0x00, 0x00, 0x00, 0x00, 0x00, 0x00, 0x00, 0x00,
    0x00, 0x00, 0x00, 0x00, 0x00, 0x00, 0x00, 0x00, 0x00, 0x00, 0x00, 0x00, 0x00, 0x00, 0x00, 0x00,
    0x00, 0x00, 0x00, 0x00, 0x00, 0x00, 0x00, 0x00, 0x00, 0x00, 0x00, 0x00, 0x00, 0x00, 0x00, 0x00,
    0x00, 0x00, 0x00, 0x00, 0x00, 0x00, 0x00, 0x00, 0x00, 0x00, 0x00, 0x00, 0x00, 0x00, 0x00, 0x00,
    0x00, 0x00, 0x00, 0x00, 0x00, 0x00, 0x00, 0x00, 0x00, 0x00, 0x00, 0x00, 0x00, 0x00, 0x00, 0x00,
    0x00, 0x00, 0x00, 0x00, 0x00, 0x00, 0x00, 0x00, 0x00, 0x00, 0x00, 0x00, 0x00, 0x00, 0x00, 0x00,
    0x00, 0x00, 0x00, 0x00, 0x00, 0x00, 0x00, 0x00, 0x00, 0x00, 0x00, 0x00, 0x00, 0x00, 0x00, 0x00,
    0x00, 0x00, 0x00, 0x00, 0x00, 0x00, 0x00, 0x00, 0x00, 0x00, 0x00, 0x00, 0x00, 0x00, 0x00, 0x00,
    0x00, 0x00, 0x00, 0x00, 0x00, 0x00, 0x00, 0x00, 0x00, 0x00, 0x00, 0x00, 0x00, 0x00, 0x00, 0x00,
    0x00, 0x00, 0x00, 0x00, 0x00, 0x00, 0x00, 0x00, 0x00, 0x00, 0x00, 0x00, 0x00, 0x00, 0x00, 0x00,
    0x00, 0x00, 0x00, 0x00, 0x00, 0x00, 0x00, 0x00, 0x00, 0x00, 0x00, 0x00, 0x00, 0x00, 0x00, 0x00,
    0x00, 0x00, 0x00, 0x00, 0x00, 0x00, 0x00, 0x00, 0x00, 0x00, 0x00, 0x00, 0x00, 0x00, 0x00, 0x00,
    0x00, 0x00, 0x00, 0x00, 0x00, 0x00, 0x00, 0x00, 0x00, 0x00, 0x00, 0x00, 0x00, 0x00, 0x00, 0x00,
    0x00, 0x00, 0x00, 0x00, 0x00, 0x00, 0x00, 0x00, 0x00, 0x00, 0x00, 0x00, 0x00, 0x00, 0x00, 0x00,
    0x00, 0x00, 0x00, 0x00, 0x00, 0x00, 0x00, 0x00, 0x00, 0x00, 0x00, 0x00, 0x00, 0x00, 0x00, 0x00,
    0x00, 0x00, 0x00, 0x00, 0x00, 0x00, 0x00, 0x00, 0x00, 0x00, 0x00, 0x00, 0x00, 0x00, 0x00, 0x00,
    0x00, 0x00, 0x00, 0x00, 0x00, 0x00, 0x00, 0x00, 0x00, 0x00, 0x00, 0x00, 0x00, 0x00, 0x00, 0x00,
    0x00, 0x00, 0x00, 0x00, 0x00, 0x00, 0x00, 0x00, 0x00, 0x00, 0x00, 0x00, 0x00, 0x00, 0x00, 0x00,
    0x00, 0x00, 0x00, 0x00, 0x00, 0x00, 0x00, 0x00, 0x00, 0x00, 0x00, 0x00, 0x00, 0x00, 0x00, 0x00,
    0x00, 0x00, 0x00, 0x00, 0x00, 0x00, 0x00, 0x00, 0x00, 0x00, 0x00, 0x00, 0x00, 0x00, 0x00, 0x00,
    0x00, 0x00, 0x00, 0x00, 0x00, 0x00, 0x00, 0x00, 0x00, 0x00, 0x00, 0x00, 0x00, 0x00, 0x00, 0x00,
    0x00, 0x00, 0x00, 0x00, 0x00, 0x00, 0x00, 0x00, 0x00, 0x00, 0x00, 0x00, 0x00, 0x00, 0x00, 0x00,
    0x00, 0x00, 0x00, 0x00, 0x00, 0x00, 0x00, 0x00, 0x00, 0x00, 0x00, 0x00, 0x00, 0x00, 0x00, 0x00,
    0x00, 0x00, 0x00, 0x00, 0x00, 0x00, 0x00, 0x00, 0x00, 0x00, 0x00, 0x00, 0x00, 0x00, 0x00, 0x00,
    0x00, 0x00, 0x00, 0x00, 0x00, 0x00, 0x00, 0x00, 0x00, 0x00, 0x00, 0x00, 0x00, 0x00, 0x00, 0x00,
    0x00, 0x00, 0x00, 0x00, 0x00, 0x00, 0x00, 0x00, 0x00, 0x00, 0x00, 0x00, 0x00, 0x00, 0x00, 0x00,
    0x00, 0x00, 0x00, 0x00, 0x00, 0x00, 0x00, 0x00, 0x00, 0x00, 0x00, 0x00, 0x00, 0x00, 0x00, 0x00,
    0x00, 0x00, 0x00, 0x00, 0x00, 0x00, 0x00, 0x00, 0x00, 0x00, 0x00, 0x00, 0x00, 0x00, 0x00, 0x00,
    0x00, 0x00, 0x00, 0x00, 0x00, 0x00, 0x00, 0x00, 0x00, 0x00, 0x00, 0x00, 0x00, 0x00, 0x00, 0x00,
    0x00, 0x00, 0x00, 0x00, 0x00, 0x00, 0x00, 0x00, 0x00, 0x00, 0x00, 0x00, 0x00, 0x00, 0x00, 0x00,
    0x00, 0x00, 0x00, 0x00, 0x00, 0x00, 0x00, 0x00, 0x00, 0x00, 0x00, 0x00, 0x00, 0x00, 0x00, 0x00,
    0x00, 0x00, 0x00, 0x00, 0x00, 0x00, 0x00, 0x00, 0x00, 0x00, 0x00, 0x00, 0x00, 0x00, 0x00, 0x00,
    0x00, 0x00, 0x00, 0x00, 0x00, 0x00, 0x00, 0x00, 0x00, 0x00, 0x00, 0x00, 0x00, 0x00, 0x00, 0x00,
    0x00, 0x00, 0x00, 0x00, 0x00, 0x00, 0x00, 0x00, 0x00, 0x00, 0x00, 0x00, 0x00, 0x00, 0x00, 0x00,
    0x00, 0x00, 0x00, 0x00, 0x00, 0x00, 0x00, 0x00, 0x00, 0x00, 0x00, 0x00, 0x00, 0x00, 0x00, 0x00,
    0x00, 0x00, 0x00, 0x00, 0x00, 0x00, 0x00, 0x00, 0x00, 0x00, 0x00, 0x00, 0x00, 0x00, 0x00, 0x00,
    0x00, 0x00, 0x00, 0x00, 0x00, 0x00, 0x00, 0x00, 0x00, 0x00, 0x00, 0x00, 0x00, 0x00, 0x00, 0x00,
    0x00, 0x00, 0x00, 0x00, 0x00, 0x00, 0x00, 0x00, 0x00, 0x00, 0x00, 0x00, 0x00, 0x00, 0x00, 0x00,
    0x00, 0x00, 0x00, 0x00, 0x00, 0x00, 0x00, 0x00, 0x00, 0x00, 0x00, 0x00, 0x00, 0x00, 0x00, 0x00,
    0x00, 0x00, 0x00, 0x00, 0x00, 0x00, 0x00, 0x00, 0x00, 0x00, 0x00, 0x00, 0x00, 0x00, 0x00, 0x00,
    0x00, 0x00, 0x00, 0x00, 0x00, 0x00, 0x00, 0x00, 0x00, 0x00, 0x00, 0x00, 0x00, 0x00, 0x00, 0x00,
    0x00, 0x00, 0x00, 0x00, 0x00, 0x00, 0x00, 0x00, 0x00, 0x00, 0x00, 0x00, 0x00, 0x00, 0x00, 0x00,
    0x00, 0x00, 0x00, 0x00, 0x00, 0x00, 0x00, 0x00, 0x00, 0x00, 0x00, 0x00, 0x00, 0x00, 0x00, 0x00,
    0x00, 0x00, 0x00, 0x00, 0x00, 0x00, 0x00, 0x00, 0x00, 0x00, 0x00, 0x00, 0x00, 0x00, 0x00, 0x00,
    0x00, 0x00, 0x00, 0x00, 0x00, 0x00, 0x00, 0x00, 0x00, 0x00, 0x00, 0x00, 0x00, 0x00, 0x00, 0x00,
    0x00, 0x00, 0x00, 0x00, 0x00, 0x00, 0x00, 0x00, 0x00, 0x00, 0x00, 0x00, 0x00, 0x00, 0x00, 0x00,
    0x00, 0x00, 0x00, 0x00, 0x00, 0x00, 0x00, 0x00, 0x00, 0x00, 0x00, 0x00, 0x00, 0x00, 0x00, 0x00,
    0x00, 0x00, 0x00, 0x00, 0x00, 0x00, 0x00, 0x00, 0x00, 0x00, 0x00, 0x00, 0x00, 0x00, 0x00, 0x00,
    0x00, 0x00, 0x00, 0x00, 0x00, 0x00, 0x00, 0x00, 0x00, 0x00, 0x00, 0x00, 0x00, 0x00, 0x00, 0x00,
    0x00, 0x00, 0x00, 0x00, 0x00, 0x00, 0x00, 0x00, 0x00, 0x00, 0x00, 0x00, 0x00, 0x00, 0x00, 0x00,
    0x00, 0x00, 0x00, 0x00, 0x00, 0x00, 0x00, 0x00, 0x00, 0x00, 0x00, 0x00, 0x00, 0x00, 0x00, 0x00,
    0x00, 0x00, 0x00, 0x00, 0x00, 0x00, 0x00, 0x00, 0x00, 0x00, 0x00, 0x00, 0x00, 0x00, 0x00, 0x00,
    0x00, 0x00, 0x00, 0x00, 0x00, 0x00, 0x00, 0x00, 0x00, 0x00, 0x00, 0x00, 0x00, 0x00, 0x00, 0x00,
    0x00, 0x00, 0x00, 0x00, 0x00, 0x00, 0x00, 0x00, 0x00, 0x00, 0x00, 0x00, 0x00, 0x00, 0x00, 0x00,
    0x00, 0x00, 0x00, 0x00, 0x00, 0x00, 0x00, 0x00, 0x00, 0x00, 0x00, 0x00, 0x00, 0x00, 0x00, 0x00,
    0x00, 0x00, 0x00, 0x00, 0x00, 0x00, 0x00, 0x00, 0x00, 0x00, 0x00, 0x00, 0x00, 0x00, 0x00, 0x00,
    0x00, 0x00, 0x00, 0x00, 0x00, 0x00, 0x00, 0x00, 0x00, 0x00, 0x00, 0x00, 0x00, 0x00, 0x00, 0x00,
    0x00, 0x00, 0x00, 0x00, 0x00, 0x00, 0x00, 0x00, 0x00, 0x00, 0x00, 0x00, 0x00, 0x00, 0x00, 0x00,
    0x00, 0x00, 0x00, 0x00, 0x00, 0x00, 0x00, 0x00, 0x00, 0x00, 0x00, 0x00, 0x00, 0x00, 0x00, 0x00,
    0x00, 0x00, 0x00, 0x00, 0x00, 0x00, 0x00, 0x00, 0x00, 0x00, 0x00, 0x00, 0x00, 0x00, 0x00, 0x00,
    0x00, 0x00, 0x00, 0x00, 0x00, 0x00, 0x00, 0x00, 0x00, 0x00, 0x00, 0x00, 0x00, 0x00, 0x00, 0x00,
    0x00, 0x00, 0x00, 0x00, 0x00, 0x00, 0x00, 0x00, 0x00, 0x00, 0x00, 0x00, 0x00, 0x00, 0x00, 0x00,
    0x00, 0x00, 0x00, 0x00, 0x00, 0x00, 0x00, 0x00, 0x00, 0x00, 0x00, 0x00, 0x00, 0x00, 0x00, 0x00,
    0x00, 0x00, 0x00, 0x00, 0x00, 0x00, 0x00, 0x00, 0x00, 0x00, 0x00, 0x00, 0x00, 0x00, 0x00, 0x00,
    0x00, 0x00, 0x00, 0x00, 0x00, 0x00, 0x00, 0x00, 0x00, 0x00, 0x00, 0x00, 0x00, 0x00, 0x00, 0x00,
    0x00, 0x00, 0x00, 0x00, 0x00, 0x00, 0x00, 0x00, 0x00, 0x00, 0x00, 0x00, 0x00, 0x00, 0x00, 0x00,
    0x00, 0x00, 0x00, 0x00, 0x00, 0x00, 0x00, 0x00, 0x00, 0x00, 0x00, 0x00, 0x00, 0x00, 0x00, 0x00,
    0x00, 0x00, 0x00, 0x00, 0x00, 0x00, 0x00, 0x00, 0x00, 0x00, 0x00, 0x00, 0x00, 0x00, 0x00, 0x00,
    0x00, 0x00, 0x00, 0x00, 0x00, 0x00, 0x00, 0x00, 0x00, 0x00, 0x00, 0x00, 0x00, 0x00, 0x00, 0x00,
    0x00, 0x00, 0x00, 0x00, 0x00, 0x00, 0x00, 0x00, 0x00, 0x00, 0x00, 0x00, 0x00, 0x00, 0x00, 0x00,
    0x00, 0x00, 0x00, 0x00, 0x00, 0x00, 0x00, 0x00, 0x00, 0x00, 0x00, 0x00, 0x00, 0x00, 0x00, 0x00,
    0x00, 0x00, 0x00, 0x00, 0x00, 0x00, 0x00, 0x00, 0x00, 0x00, 0x00, 0x00, 0x00, 0x00, 0x00, 0x00,
    0x00, 0x00, 0x00, 0x00, 0x00, 0x00, 0x00, 0x00, 0x00, 0x00, 0x00, 0x00, 0x00, 0x00, 0x00, 0x00,
    0x00, 0x00, 0x00, 0x00, 0x00, 0x00, 0x00, 0x00, 0x00, 0x00, 0x00, 0x00, 0x00, 0x00, 0x00, 0x00,
    0x00, 0x00, 0x00, 0x00, 0x00, 0x00, 0x00, 0x00, 0x00, 0x00, 0x00, 0x00, 0x00, 0x00, 0x00, 0x00,
    0x00, 0x00, 0x00, 0x00, 0x00, 0x00, 0x00, 0x00, 0x00, 0x00, 0x00, 0x00, 0x00, 0x00, 0x00, 0x00,
    0x00, 0x00, 0x00, 0x00, 0x00, 0x00, 0x00, 0x00, 0x00, 0x00, 0x00, 0x00, 0x00, 0x00, 0x00, 0x00,
    0x00, 0x00, 0x00, 0x00, 0x00, 0x00, 0x00, 0x00, 0x00, 0x00, 0x00, 0x00, 0x00, 0x00, 0x00, 0x00,
    0x00, 0x00, 0x00, 0x00, 0x00, 0x00, 0x00, 0x00, 0x00, 0x00, 0x00, 0x00, 0x00, 0x00, 0x00, 0x00,
    0x00, 0x00, 0x00, 0x00, 0x00, 0x00, 0x00, 0x00, 0x00, 0x00, 0x00, 0x00, 0x00, 0x00, 0x00, 0x00,
    0x00, 0x00, 0x00, 0x00, 0x00, 0x00, 0x00, 0x00, 0x00, 0x00, 0x00, 0x00, 0x00, 0x00, 0x00, 0x00,
    0x00, 0x00, 0x00, 0x00, 0x00, 0x00, 0x00, 0x00, 0x00, 0x00, 0x00, 0x00, 0x00, 0x00, 0x00, 0x00,
    0x00, 0x00, 0x00, 0x00, 0x00, 0x00, 0x00, 0x00, 0x00, 0x00, 0x00, 0x00, 0x00, 0x00, 0x00, 0x00,
    0x00, 0x00, 0x00, 0x00, 0x00, 0x00, 0x00, 0x00, 0x00, 0x00, 0x00, 0x00, 0x00, 0x00, 0x00, 0x00,
    0x00, 0x00, 0x00, 0x00, 0x00, 0x00, 0x00, 0x00, 0x00, 0x00, 0x00, 0x00, 0x00, 0x00, 0x00, 0x00,
    0x00, 0x00, 0x00, 0x00, 0x00, 0x00, 0x00, 0x00, 0x00, 0x00, 0x00, 0x00, 0x00, 0x00, 0x00, 0x00,
    0x00, 0x00, 0x00, 0x00, 0x00, 0x00, 0x00, 0x00, 0x00, 0x00, 0x00, 0x00, 0x00, 0x00, 0x00, 0x00,
    0x00, 0x00, 0x00, 0x00, 0x00, 0x00, 0x00, 0x00, 0x00, 0x00, 0x00, 0x00, 0x00, 0x00, 0x00, 0x00,
    0x00, 0x00, 0x00, 0x00, 0x00, 0x00, 0x00, 0x00, 0x00, 0x00, 0x00, 0x00, 0x00, 0x00, 0x00, 0x00,
    0x00, 0x00, 0x00, 0x00, 0x00, 0x00, 0x00, 0x00, 0x00, 0x00, 0x00, 0x00, 0x00, 0x00, 0x00, 0x00,
    0x00, 0x00, 0x00, 0x00, 0x00, 0x00, 0x00, 0x00, 0x00, 0x00, 0x00, 0x00, 0x00, 0x00, 0x00, 0x00,
    0x00, 0x00, 0x00, 0x00, 0x00, 0x00, 0x00, 0x00, 0x00, 0x00, 0x00, 0x00, 0x00, 0x00, 0x00, 0x00,
    0x00, 0x00, 0x00, 0x00, 0x00, 0x00, 0x00, 0x00, 0x00, 0x00, 0x00, 0x00, 0x00, 0x00, 0x00, 0x00,
    0x00, 0x00, 0x00, 0x00, 0x00, 0x00, 0x00, 0x00, 0x00, 0x00, 0x00, 0x00, 0x00, 0x00, 0x00, 0x00,
    0x00, 0x00, 0x00, 0x00, 0x00, 0x00, 0x00, 0x00, 0x00, 0x00, 0x00, 0x00, 0x00, 0x00, 0x00, 0x00,
    0x00, 0x00, 0x00, 0x00, 0x00, 0x00, 0x00, 0x00, 0x00, 0x00, 0x00, 0x00, 0x00, 0x00, 0x00, 0x00,
    0x00, 0x00, 0x00, 0x00, 0x00, 0x00, 0x00, 0x00, 0x00, 0x00, 0x00, 0x00, 0x00, 0x00, 0x00, 0x00,
    0x00, 0x00, 0x00, 0x00, 0x00, 0x00, 0x00, 0x00, 0x00, 0x00, 0x00, 0x00, 0x00, 0x00, 0x00, 0x00,
    0x00, 0x00, 0x00, 0x00, 0x00, 0x00, 0x00, 0x00, 0x00, 0x00, 0x00, 0x00, 0x00, 0x00, 0x00, 0x00,
    0x00, 0x00, 0x00, 0x00, 0x00, 0x00, 0x00, 0x00, 0x00, 0x00, 0x00, 0x00, 0x00, 0x00, 0x00, 0x00,
    0x00, 0x00, 0x00, 0x00, 0x00, 0x00, 0x00, 0x00, 0x00, 0x00, 0x00, 0x00, 0x00, 0x00, 0x00, 0x00,
    0x00, 0x00, 0x00, 0x00, 0x00, 0x00, 0x00, 0x00, 0x00, 0x00, 0x00, 0x00, 0x00, 0x00, 0x00, 0x00,
    0x00, 0x00, 0x00, 0x00, 0x00, 0x00, 0x00, 0x00, 0x00, 0x00, 0x00, 0x00, 0x00, 0x00, 0x00, 0x00,
    0x00, 0x00, 0x00, 0x00, 0x00, 0x00, 0x00, 0x00, 0x00, 0x00, 0x00, 0x00, 0x00, 0x00, 0x00, 0x00,
    0x00, 0x00, 0x00, 0x00, 0x00, 0x00, 0x00, 0x00, 0x00, 0x00, 0x00, 0x00, 0x00, 0x00, 0x00, 0x00,
    0x00, 0x00, 0x00, 0x00, 0x00, 0x00, 0x00, 0x00, 0x00, 0x00, 0x00, 0x00, 0x00, 0x00, 0x00, 0x00,
    0x00, 0x00, 0x00, 0x00, 0x00, 0x00, 0x00, 0x00, 0x00, 0x00, 0x00, 0x00, 0x00, 0x00, 0x00, 0x00,
    0x00, 0x00, 0x00, 0x00, 0x00, 0x00, 0x00, 0x00, 0x00, 0x00, 0x00, 0x00, 0x00, 0x00, 0x00, 0x00,
    0x00, 0x00, 0x00, 0x00, 0x00, 0x00, 0x00, 0x00, 0x00, 0x00, 0x00, 0x00, 0x00, 0x00, 0x00, 0x00,
    0x00, 0x00, 0x00, 0x00, 0x00, 0x00, 0x00, 0x00, 0x00, 0x00, 0x00, 0x00, 0x00, 0x00, 0x00, 0x00,
    0x00, 0x00, 0x00, 0x00, 0x00, 0x00, 0x00, 0x00, 0x00, 0x00, 0x00, 0x00, 0x00, 0x00, 0x00, 0x00,
    0x00, 0x00, 0x00, 0x00, 0x00, 0x00, 0x00, 0x00, 0x00, 0x00, 0x00, 0x00, 0x00, 0x00, 0x00, 0x00,
    0x00, 0x00, 0x00, 0x00, 0x00, 0x00, 0x00, 0x00, 0x00, 0x00, 0x00, 0x00, 0x00, 0x00, 0x00, 0x00,
    0x00, 0x00, 0x00, 0x00, 0x00, 0x00, 0x00, 0x00, 0x00, 0x00, 0x00, 0x00, 0x00, 0x00, 0x00, 0x00,
    0x00, 0x00, 0x00, 0x00, 0x00, 0x00, 0x00, 0x00, 0x00, 0x00, 0x00, 0x00, 0x00, 0x00, 0x00, 0x00,
    0x00, 0x00, 0x00, 0x00, 0x00, 0x00, 0x00, 0x00, 0x00, 0x00, 0x00, 0x00, 0x00, 0x00, 0x00, 0x00,
    0x00, 0x00, 0x00, 0x00, 0x00, 0x00, 0x00, 0x00, 0x00, 0x00, 0x00, 0x00, 0x00, 0x00, 0x00, 0x00,
    0x00, 0x00, 0x00, 0x00, 0x00, 0x00, 0x00, 0x00, 0x00, 0x00, 0x00, 0x00, 0x00, 0x00, 0x00, 0x00,
    0x00, 0x00, 0x00, 0x00, 0x00, 0x00, 0x00, 0x00, 0x00, 0x00, 0x00, 0x00, 0x00, 0x00, 0x00, 0x00,
    0x00, 0x00, 0x00, 0x00, 0x00, 0x00, 0x00, 0x00, 0x00, 0x00, 0x00, 0x00, 0x00, 0x00, 0x00, 0x00,
    0x00, 0x00, 0x00, 0x00, 0x00, 0x00, 0x00, 0x00, 0x00, 0x00, 0x00, 0x00, 0x00, 0x00, 0x00, 0x00,
    0x00, 0x00, 0x00, 0x00, 0x00, 0x00, 0x00, 0x00, 0x00, 0x00, 0x00, 0x00, 0x00, 0x00, 0x00, 0x00,
    0x00, 0x00, 0x00, 0x00, 0x00, 0x00, 0x00, 0x00, 0x00, 0x00, 0x00, 0x00, 0x00, 0x00, 0x00, 0x00,
    0x00, 0x00, 0x00, 0x00, 0x00, 0x00, 0x00, 0x00, 0x00, 0x00, 0x00, 0x00, 0x00, 0x00, 0x00, 0x00,
    0x00, 0x00, 0x00, 0x00, 0x00, 0x00, 0x00, 0x00, 0x00, 0x00, 0x00, 0x00, 0x00, 0x00, 0x00, 0x00,
    0x00, 0x00, 0x00, 0x00, 0x00, 0x00, 0x00, 0x00, 0x00, 0x00, 0x00, 0x00, 0x00, 0x00, 0x00, 0x00,
    0x00, 0x00, 0x00, 0x00, 0x00, 0x00, 0x00, 0x00, 0x00, 0x00, 0x00, 0x00, 0x00, 0x00, 0x00, 0x00,
    0x00, 0x00, 0x00, 0x00, 0x00, 0x00, 0x00, 0x00, 0x00, 0x00, 0x00, 0x00, 0x00, 0x00, 0x00, 0x00,
    0x00, 0x00, 0x00, 0x00, 0x00, 0x00, 0x00, 0x00, 0x00, 0x00, 0x00, 0x00, 0x00, 0x00, 0x00, 0x00,
    0x00, 0x00, 0x00, 0x00, 0x00, 0x00, 0x00, 0x00, 0x00, 0x00, 0x00, 0x00, 0x00, 0x00, 0x00, 0x00,
    0x00, 0x00, 0x00, 0x00, 0x00, 0x00, 0x00, 0x00, 0x00, 0x00, 0x00, 0x00, 0x00, 0x00, 0x00, 0x00,
    0x00, 0x00, 0x00, 0x00, 0x00, 0x00, 0x00, 0x00, 0x00, 0x00, 0x00, 0x00, 0x00, 0x00, 0x00, 0x00,
    0x00, 0x00, 0x00, 0x00, 0x00, 0x00, 0x00, 0x00, 0x00, 0x00, 0x00, 0x00, 0x00, 0x00, 0x00, 0x00,
    0x00, 0x00, 0x00, 0x00, 0x00, 0x00, 0x00, 0x00, 0x00, 0x00, 0x00, 0x00, 0x00, 0x00, 0x00, 0x00,
    0x00, 0x00, 0x00, 0x00, 0x00, 0x00, 0x00, 0x00, 0x00, 0x00, 0x00, 0x00, 0x00, 0x00, 0x00, 0x00,
    0x00, 0x00, 0x00, 0x00, 0x00, 0x00, 0x00, 0x00, 0x00, 0x00, 0x00, 0x00, 0x00, 0x00, 0x00, 0x00,
    0x00, 0x00, 0x00, 0x00, 0x00, 0x00, 0x00, 0x00, 0x00, 0x00, 0x00, 0x00, 0x00, 0x00, 0x00, 0x00,
    0x00, 0x00, 0x00, 0x00, 0x00, 0x00, 0x00, 0x00, 0x00, 0x00, 0x00, 0x00, 0x00, 0x00, 0x00, 0x00,
    0x00, 0x00, 0x00, 0x00, 0x00, 0x00, 0x00, 0x00, 0x00, 0x00, 0x00, 0x00, 0x00, 0x00, 0x00, 0x00,
    0x00, 0x00, 0x00, 0x00, 0x00, 0x00, 0x00, 0x00, 0x00, 0x00, 0x00, 0x00, 0x00, 0x00, 0x00, 0x00,
    0x00, 0x00, 0x00, 0x00, 0x00, 0x00, 0x00, 0x00, 0x00, 0x00, 0x00, 0x00, 0x00, 0x00, 0x00, 0x00,
    0x00, 0x00, 0x00, 0x00, 0x00, 0x00, 0x00, 0x00, 0x00, 0x00, 0x00, 0x00, 0x00, 0x00, 0x00, 0x00,
    0x00, 0x00, 0x00, 0x00, 0x00, 0x00, 0x00, 0x00, 0x00, 0x00, 0x00, 0x00, 0x00, 0x00, 0x00, 0x00,
    0x00, 0x00, 0x00, 0x00, 0x00, 0x00, 0x00, 0x00, 0x00, 0x00, 0x00, 0x00, 0x00, 0x00, 0x00, 0x00,
    0x00, 0x00, 0x00, 0x00, 0x00, 0x00, 0x00, 0x00, 0x00, 0x00, 0x00, 0x00, 0x00, 0x00, 0x00, 0x00,
    0x00, 0x00, 0x00, 0x00, 0x00, 0x00, 0x00, 0x00, 0x00, 0x00, 0x00, 0x00, 0x00, 0x00, 0x00, 0x00,
    0x00, 0x00, 0x00, 0x00, 0x00, 0x00, 0x00, 0x00, 0x00, 0x00, 0x00, 0x00, 0x00, 0x00, 0x00, 0x00,
    0x00, 0x00, 0x00, 0x00, 0x00, 0x00, 0x00, 0x00, 0x00, 0x00, 0x00, 0x00, 0x00, 0x00, 0x00, 0x00,
    0x00, 0x00, 0x00, 0x00, 0x00, 0x00, 0x00, 0x00, 0x00, 0x00, 0x00, 0x00, 0x00, 0x00, 0x00, 0x00,
    0x00, 0x00, 0x00, 0x00, 0x00, 0x00, 0x00, 0x00, 0x00, 0x00, 0x00, 0x00, 0x00, 0x00, 0x00, 0x00,
    0x00, 0x00, 0x00, 0x00, 0x00, 0x00, 0x00, 0x00, 0x00, 0x00, 0x00, 0x00, 0x00, 0x00, 0x00, 0x00,
    0x00, 0x00, 0x00, 0x00, 0x00, 0x00, 0x00, 0x00, 0x00, 0x00, 0x00, 0x00, 0x00, 0x00, 0x00, 0x00,
    0x00, 0x00, 0x00, 0x00, 0x00, 0x00, 0x00, 0x00, 0x00, 0x00, 0x00, 0x00, 0x00, 0x00, 0x00, 0x00,
    0x00, 0x00, 0x00, 0x00, 0x00, 0x00, 0x00, 0x00, 0x00, 0x00, 0x00, 0x00, 0x00, 0x00, 0x00, 0x00,
    0x00, 0x00, 0x00, 0x00, 0x00, 0x00, 0x00, 0x00, 0x00, 0x00, 0x00, 0x00, 0x00, 0x00, 0x00, 0x00,
    0x00, 0x00, 0x00, 0x00, 0x00, 0x00, 0x00, 0x00, 0x00, 0x00, 0x00, 0x00, 0x00, 0x00, 0x00, 0x00,
    0x00, 0x00, 0x00, 0x00, 0x00, 0x00, 0x00, 0x00, 0x00, 0x00, 0x00, 0x00, 0x00, 0x00, 0x00, 0x00,
    0x00, 0x00, 0x00, 0x00, 0x00, 0x00, 0x00, 0x00, 0x00, 0x00, 0x00, 0x00, 0x00, 0x00, 0x00, 0x00,
    0x00, 0x00, 0x00, 0x00, 0x00, 0x00, 0x00, 0x00, 0x00, 0x00, 0x00, 0x00, 0x00, 0x00, 0x00, 0x00,
    0x00, 0x00, 0x00, 0x00, 0x00, 0x00, 0x00, 0x00, 0x00, 0x00, 0x00, 0x00, 0x00, 0x00, 0x00, 0x00,
    0x00, 0x00, 0x00, 0x00, 0x00, 0x00, 0x00, 0x00, 0x00, 0x00, 0x00, 0x00, 0x00, 0x00, 0x00, 0x00,
    0x00, 0x00, 0x00, 0x00, 0x00, 0x00, 0x00, 0x00, 0x00, 0x00, 0x00, 0x00, 0x00, 0x00, 0x00, 0x00,
    0x00, 0x00, 0x00, 0x00, 0x00, 0x00, 0x00, 0x00, 0x00, 0x00, 0x00, 0x00, 0x00, 0x00, 0x00, 0x00,
    0x00, 0x00, 0x00, 0x00, 0x00, 0x00, 0x00, 0x00, 0x00, 0x00, 0x00, 0x00, 0x00, 0x00, 0x00, 0x00,
    0x00, 0x00, 0x00, 0x00, 0x00, 0x00, 0x00, 0x00, 0x00, 0x00, 0x00, 0x00, 0x00, 0x00, 0x00, 0x00,
    0x00, 0x00, 0x00, 0x00, 0x00, 0x00, 0x00, 0x00, 0x00, 0x00, 0x00, 0x00, 0x00, 0x00, 0x00, 0x00,
    0x00, 0x00, 0x00, 0x00, 0x00, 0x00, 0x00, 0x00, 0x00, 0x00, 0x00, 0x00, 0x00, 0x00, 0x00, 0x00,
    0x00, 0x00, 0x00, 0x00, 0x00, 0x00, 0x00, 0x00, 0x00, 0x00, 0x00, 0x00, 0x00, 0x00, 0x00, 0x00,
    0x00, 0x00, 0x00, 0x00, 0x00, 0x00, 0x00, 0x00, 0x00, 0x00, 0x00, 0x00, 0x00, 0x00, 0x00, 0x00,
    0x00, 0x00, 0x00, 0x00, 0x00, 0x00, 0x00, 0x00, 0x00, 0x00, 0x00, 0x00, 0x00, 0x00, 0x00, 0x00,
    0x00, 0x00, 0x00, 0x00, 0x00, 0x00, 0x00, 0x00, 0x00, 0x00, 0x00, 0x00, 0x00, 0x00, 0x00, 0x00,
    0x00, 0x00, 0x00, 0x00, 0x00, 0x00, 0x00, 0x00, 0x00, 0x00, 0x00, 0x00, 0x00, 0x00, 0x00, 0x00,
    0x00, 0x00, 0x00, 0x00, 0x00, 0x00, 0x00, 0x00, 0x00, 0x00, 0x00, 0x00, 0x00, 0x00, 0x00, 0x00,
    0x00, 0x00, 0x00, 0x00, 0x00, 0x00, 0x00, 0x00, 0x00, 0x00, 0x00, 0x00, 0x00, 0x00, 0x00, 0x00,
    0x00, 0x00, 0x00, 0x00, 0x00, 0x00, 0x00, 0x00, 0x00, 0x00, 0x00, 0x00, 0x00, 0x00, 0x00, 0x00,
    0x00, 0x00, 0x00, 0x00, 0x00, 0x00, 0x00, 0x00, 0x00, 0x00, 0x00, 0x00, 0x00, 0x00, 0x00, 0x00,
    0x00, 0x00, 0x00, 0x00, 0x00, 0x00, 0x00, 0x00, 0x00, 0x00, 0x00, 0x00, 0x00, 0x00, 0x00, 0x00,
    0x00, 0x00, 0x00, 0x00, 0x00, 0x00, 0x00, 0x00, 0x00, 0x00, 0x00, 0x00, 0x00, 0x00, 0x00, 0x00,
    0x00, 0x00, 0x00, 0x00, 0x00, 0x00, 0x00, 0x00, 0x00, 0x00, 0x00, 0x00, 0x00, 0x00, 0x00, 0x00,
    0x00, 0x00, 0x00, 0x00, 0x00, 0x00, 0x00, 0x00, 0x00, 0x00, 0x00, 0x00, 0x00, 0x00, 0x00, 0x00,
    0x00, 0x00, 0x00, 0x00, 0x00, 0x00, 0x00, 0x00, 0x00, 0x00, 0x00, 0x00, 0x00, 0x00, 0x00, 0x00,
    0x00, 0x00, 0x00, 0x00, 0x00, 0x00, 0x00, 0x00, 0x00, 0x00, 0x00, 0x00, 0x00, 0x00, 0x00, 0x00,
    0x00, 0x00, 0x00, 0x00, 0x00, 0x00, 0x00, 0x00, 0x00, 0x00, 0x00, 0x00, 0x00, 0x00, 0x00, 0x00,
    0x00, 0x00, 0x00, 0x00, 0x00, 0x00, 0x00, 0x00, 0x00, 0x00, 0x00, 0x00, 0x00, 0x00, 0x00, 0x00,
    0x00, 0x00, 0x00, 0x00, 0x00, 0x00, 0x00, 0x00, 0x00, 0x00, 0x00, 0x00, 0x00, 0x00, 0x00, 0x00,
    0x00, 0x00, 0x00, 0x00, 0x00, 0x00, 0x00, 0x00, 0x00, 0x00, 0x00, 0x00, 0x00, 0x00, 0x00, 0x00,
    0x00, 0x00, 0x00, 0x00, 0x00, 0x00, 0x00, 0x00, 0x00, 0x00, 0x00, 0x00, 0x00, 0x00, 0x00, 0x00,
    0x00, 0x00, 0x00, 0x00, 0x00, 0x00, 0x00, 0x00, 0x00, 0x00, 0x00, 0x00, 0x00, 0x00, 0x00, 0x00,
    0x00, 0x00, 0x00, 0x00, 0x00, 0x00, 0x00, 0x00, 0x00, 0x00, 0x00, 0x00, 0x00, 0x00, 0x00, 0x00,
    0x00, 0x00, 0x00, 0x00, 0x00, 0x00, 0x00, 0x00, 0x00, 0x00, 0x00, 0x00, 0x00, 0x00, 0x00, 0x00,
    0x00, 0x00, 0x00, 0x00, 0x00, 0x00, 0x00, 0x00, 0x00, 0x00, 0x00, 0x00, 0x00, 0x00, 0x00, 0x00,
    0x00, 0x00, 0x00, 0x00, 0x00, 0x00, 0x00, 0x00, 0x00, 0x00, 0x00, 0x00, 0x00, 0x00, 0x00, 0x00,
    0x00, 0x00, 0x00, 0x00, 0x00, 0x00, 0x00, 0x00, 0x00, 0x00, 0x00, 0x00, 0x00, 0x00, 0x00, 0x00,
    0x00, 0x00, 0x00, 0x00, 0x00, 0x00, 0x00, 0x00, 0x00, 0x00, 0x00, 0x00, 0x00, 0x00, 0x00, 0x00,
    0x00, 0x00, 0x00, 0x00, 0x00, 0x00, 0x00, 0x00, 0x00, 0x00, 0x00, 0x00, 0x00, 0x00, 0x00, 0x00,
    0x00, 0x00, 0x00, 0x00, 0x00, 0x00, 0x00, 0x00, 0x00, 0x00, 0x00, 0x00, 0x00, 0x00, 0x00, 0x00,
    0x00, 0x00, 0x00, 0x00, 0x00, 0x00, 0x00, 0x00, 0x00, 0x00, 0x00, 0x00, 0x00, 0x00, 0x00, 0x00,
    0x00, 0x00, 0x00, 0x00, 0x00, 0x00, 0x00, 0x00, 0x00, 0x00, 0x00, 0x00, 0x00, 0x00, 0x00, 0x00,
    0x00, 0x00, 0x00, 0x00, 0x00, 0x00, 0x00, 0x00, 0x00, 0x00, 0x00, 0x00, 0x00, 0x00, 0x00, 0x00,
    0x00, 0x00, 0x00, 0x00, 0x00, 0x00, 0x00, 0x00, 0x00, 0x00, 0x00, 0x00, 0x00, 0x00, 0x00, 0x00,
    0x00, 0x00, 0x00, 0x00, 0x00, 0x00, 0x00, 0x00, 0x00, 0x00, 0x00, 0x00, 0x00, 0x00, 0x00, 0x00,
    0x00, 0x00, 0x00, 0x00, 0x00, 0x00, 0x00, 0x00, 0x00, 0x00, 0x00, 0x00, 0x00, 0x00, 0x00, 0x00,
    0x00, 0x00, 0x00, 0x00, 0x00, 0x00, 0x00, 0x00, 0x00, 0x00, 0x00, 0x00, 0x00, 0x00, 0x00, 0x00,
    0x00, 0x00, 0x00, 0x00, 0x00, 0x00, 0x00, 0x00, 0x00, 0x00, 0x00, 0x00, 0x00, 0x00, 0x00, 0x00,
    0x00, 0x00, 0x00, 0x00, 0x00, 0x00, 0x00, 0x00, 0x00, 0x00, 0x00, 0x00, 0x00, 0x00, 0x00, 0x00,
    0x00, 0x00, 0x00, 0x00, 0x00, 0x00, 0x00, 0x00, 0x00, 0x00, 0x00, 0x00, 0x00, 0x00, 0x00, 0x00,
    0x00, 0x00, 0x00, 0x00, 0x00, 0x00, 0x00, 0x00, 0x00, 0x00, 0x00, 0x00, 0x00, 0x00, 0x00, 0x00,
    0x00, 0x00, 0x00, 0x00, 0x00, 0x00, 0x00, 0x00, 0x00, 0x00, 0x00, 0x00, 0x00, 0x00, 0x00, 0x00,
    0x00, 0x00, 0x00, 0x00, 0x00, 0x00, 0x00, 0x00, 0x00, 0x00, 0x00, 0x00, 0x00, 0x00, 0x00, 0x00,
    0x00, 0x00, 0x00, 0x00, 0x00, 0x00, 0x00, 0x00, 0x00, 0x00, 0x00, 0x00, 0x00, 0x00, 0x00, 0x00,
    0x00, 0x00, 0x00, 0x00, 0x00, 0x00, 0x00, 0x00, 0x00, 0x00, 0x00, 0x00, 0x00, 0x00, 0x00, 0x00,
    0x00, 0x00, 0x00, 0x00, 0x00, 0x00, 0x00, 0x00, 0x00, 0x00, 0x00, 0x00, 0x00, 0x00, 0x00, 0x00,
    0x00, 0x00, 0x00, 0x00, 0x00, 0x00, 0x00, 0x00, 0x00, 0x00, 0x00, 0x00, 0x00, 0x00, 0x00, 0x00,
    0x00, 0x00, 0x00, 0x00, 0x00, 0x00, 0x00, 0x00, 0x00, 0x00, 0x00, 0x00, 0x00, 0x00, 0x00, 0x00,
    0x00, 0x00, 0x00, 0x00, 0x00, 0x00, 0x00, 0x00, 0x00, 0x00, 0x00, 0x00, 0x00, 0x00, 0x00, 0x00,
    0x00, 0x00, 0x00, 0x00, 0x00, 0x00, 0x00, 0x00, 0x00, 0x00, 0x00, 0x00, 0x00, 0x00, 0x00, 0x00,
    0x00, 0x00, 0x00, 0x00, 0x00, 0x00, 0x00, 0x00, 0x00, 0x00, 0x00, 0x00, 0x00, 0x00, 0x00, 0x00,
    0x00, 0x00, 0x00, 0x00, 0x00, 0x00, 0x00, 0x00, 0x00, 0x00, 0x00, 0x00, 0x00, 0x00, 0x00, 0x00,
    0x00, 0x00, 0x00, 0x00, 0x00, 0x00, 0x00, 0x00, 0x00, 0x00, 0x00, 0x00, 0x00, 0x00, 0x00, 0x00,
    0x00, 0x00, 0x00, 0x00, 0x00, 0x00, 0x00, 0x00, 0x00, 0x00, 0x00, 0x00, 0x00, 0x00, 0x00, 0x00,
    0x00, 0x00, 0x00, 0x00, 0x00, 0x00, 0x00, 0x00, 0x00, 0x00, 0x00, 0x00, 0x00, 0x00, 0x00, 0x00,
    0x00, 0x00, 0x00, 0x00, 0x00, 0x00, 0x00, 0x00, 0x00, 0x00, 0x00, 0x00, 0x00, 0x00, 0x00, 0x00,
    0x00, 0x00, 0x00, 0x00, 0x00, 0x00, 0x00, 0x00, 0x00, 0x00, 0x00, 0x00, 0x00, 0x00, 0x00, 0x00,
    0x00, 0x00, 0x00, 0x00, 0x00, 0x00, 0x00, 0x00, 0x00, 0x00, 0x00, 0x00, 0x00, 0x00, 0x00, 0x00,
    0x00, 0x00, 0x00, 0x00, 0x00, 0x00, 0x00, 0x00, 0x00, 0x00, 0x00, 0x00, 0x00, 0x00, 0x00, 0x00,
    0x00, 0x00, 0x00, 0x00, 0x00, 0x00, 0x00, 0x00, 0x00, 0x00, 0x00, 0x00, 0x00, 0x00, 0x00, 0x00,
    0x00, 0x00, 0x00, 0x00, 0x00, 0x00, 0x00, 0x00, 0x00, 0x00, 0x00, 0x00, 0x00, 0x00, 0x00, 0x00,
    0x00, 0x00, 0x00, 0x00, 0x00, 0x00, 0x00, 0x00, 0x00, 0x00, 0x00, 0x00, 0x00, 0x00, 0x00, 0x00,
    0x00, 0x00, 0x00, 0x00, 0x00, 0x00, 0x00, 0x00, 0x00, 0x00, 0x00, 0x00, 0x00, 0x00, 0x00, 0x00,
    0x00, 0x00, 0x00, 0x00, 0x00, 0x00, 0x00, 0x00, 0x00, 0x00, 0x00, 0x00, 0x00, 0x00, 0x00, 0x00,
    0x00, 0x00, 0x00, 0x00, 0x00, 0x00, 0x00, 0x00, 0x00, 0x00, 0x00, 0x00, 0x00, 0x00, 0x00, 0x00,
    0x00, 0x00, 0x00, 0x00, 0x00, 0x00, 0x00, 0x00, 0x00, 0x00, 0x00, 0x00, 0x00, 0x00, 0x00, 0x00,
    0x00, 0x00, 0x00, 0x00, 0x00, 0x00, 0x00, 0x00, 0x00, 0x00, 0x00, 0x00, 0x00, 0x00, 0x00, 0x00,
    0x00, 0x00, 0x00, 0x00, 0x00, 0x00, 0x00, 0x00, 0x00, 0x00, 0x00, 0x00, 0x00, 0x00, 0x00, 0x00,
    0x00, 0x00, 0x00, 0x00, 0x00, 0x00, 0x00, 0x00, 0x00, 0x00, 0x00, 0x00, 0x00, 0x00, 0x00, 0x00,
    0x00, 0x00, 0x00, 0x00, 0x00, 0x00, 0x00, 0x00, 0x00, 0x00, 0x00, 0x00, 0x00, 0x00, 0x00, 0x00,
    0x00, 0x00, 0x00, 0x00, 0x00, 0x00, 0x00, 0x00, 0x00, 0x00, 0x00, 0x00, 0x00, 0x00, 0x00, 0x00,
    0x00, 0x00, 0x00, 0x00, 0x00, 0x00, 0x00, 0x00, 0x00, 0x00, 0x00, 0x00, 0x00, 0x00, 0x00, 0x00,
    0x00, 0x00, 0x00, 0x00, 0x00, 0x00, 0x00, 0x00, 0x00, 0x00, 0x00, 0x00, 0x00, 0x00, 0x00, 0x00,
    0x00, 0x00, 0x00, 0x00, 0x00, 0x00, 0x00, 0x00, 0x00, 0x00, 0x00, 0x00, 0x00, 0x00, 0x00, 0x00,
    0x00, 0x00, 0x00, 0x00, 0x00, 0x00, 0x00, 0x00, 0x00, 0x00, 0x00, 0x00, 0x00, 0x00, 0x00, 0x00,
    0x00, 0x00, 0x00, 0x00, 0x00, 0x00, 0x00, 0x00, 0x00, 0x00, 0x00, 0x00, 0x00, 0x00, 0x00, 0x00,
    0x00, 0x00, 0x00, 0x00, 0x00, 0x00, 0x00, 0x00, 0x00, 0x00, 0x00, 0x00, 0x00, 0x00, 0x00, 0x00,
    0x00, 0x00, 0x00, 0x00, 0x00, 0x00, 0x00, 0x00, 0x00, 0x00, 0x00, 0x00, 0x00, 0x00, 0x00, 0x00,
    0x00, 0x00, 0x00, 0x00, 0x00, 0x00, 0x00, 0x00, 0x00, 0x00, 0x00, 0x00, 0x00, 0x00, 0x00, 0x00,
    0x00, 0x00, 0x00, 0x00, 0x00, 0x00, 0x00, 0x00, 0x00, 0x00, 0x00, 0x00, 0x00, 0x00, 0x00, 0x00,
    0x00, 0x00, 0x00, 0x00, 0x00, 0x00, 0x00, 0x00, 0x00, 0x00, 0x00, 0x00, 0x00, 0x00, 0x00, 0x00
};

const lv_image_dsc_t pet_cat_touch_07 = {
    .header = {
        .magic = LV_IMAGE_HEADER_MAGIC,
        .cf = LV_COLOR_FORMAT_ARGB8888,
        .flags = 0,
        .w = 128,
        .h = 128,
        .stride = 512,
    },
    .data_size = 65536,
    .data = pet_cat_touch_07_map,
};
