/* Auto-generated — do not edit */
#include <lvgl/lvgl.h>

static const uint8_t pet_cat_play_05_map[] = {
    0x00, 0x00, 0x00, 0x00, 0x00, 0x00, 0x00, 0x00, 0x00, 0x00, 0x00, 0x00, 0x00, 0x00, 0x00, 0x00,
    0x00, 0x00, 0x00, 0x00, 0x00, 0x00, 0x00, 0x00, 0x00, 0x00, 0x00, 0x00, 0x00, 0x00, 0x00, 0x00,
    0x00, 0x00, 0x00, 0x00, 0x00, 0x00, 0x00, 0x00, 0x00, 0x00, 0x00, 0x00, 0x00, 0x00, 0x00, 0x00,
    0x00, 0x00, 0x00, 0x00, 0x00, 0x00, 0x00, 0x00, 0x00, 0x00, 0x00, 0x00, 0x00, 0x00, 0x00, 0x00,
    0x00, 0x00, 0x00, 0x00, 0x00, 0x00, 0x00, 0x00, 0x00, 0x00, 0x00, 0x00, 0x00, 0x00, 0x00, 0x00,
    0x00, 0x00, 0x00, 0x00, 0x00, 0x00, 0x00, 0x00, 0x00, 0x00, 0x00, 0x00, 0x00, 0x00, 0x00, 0x00,
    0x00, 0x00, 0x00, 0x00, 0x00, 0x00, 0x00, 0x00, 0x00, 0x00, 0x00, 0x00, 0x00, 0x00, 0x00, 0x00,
    0x00, 0x00, 0x00, 0x00, 0x00, 0x00, 0x00, 0x00, 0x00, 0x00, 0x00, 0x00, 0x00, 0x00, 0x00, 0x00,
    0x00, 0x00, 0x00, 0x00, 0x00, 0x00, 0x00, 0x00, 0x00, 0x00, 0x00, 0x00, 0x00, 0x00, 0x00, 0x00,
    0x00, 0x00, 0x00, 0x00, 0x00, 0x00, 0x00, 0x00, 0x00, 0x00, 0x00, 0x00, 0x00, 0x00, 0x00, 0x00,
    0x00, 0x00, 0x00, 0x00, 0x00, 0x00, 0x00, 0x00, 0x00, 0x00, 0x00, 0x00, 0x00, 0x00, 0x00, 0x00,
    0x00, 0x00, 0x00, 0x00, 0x00, 0x00, 0x00, 0x00, 0x00, 0x00, 0x00, 0x00, 0x00, 0x00, 0x00, 0x00,
    0x00, 0x00, 0x00, 0x00, 0x00, 0x00, 0x00, 0x00, 0x00, 0x00, 0x00, 0x00, 0x00, 0x00, 0x00, 0x00,
    0x00, 0x00, 0x00, 0x00, 0x00, 0x00, 0x00, 0x00, 0x00, 0x00, 0x00, 0x00, 0x00, 0x00, 0x00, 0x00,
    0x00, 0x00, 0x00, 0x00, 0x00, 0x00, 0x00, 0x00, 0x00, 0x00, 0x00, 0x00, 0x00, 0x00, 0x00, 0x00,
    0x00, 0x00, 0x00, 0x00, 0x00, 0x00, 0x00, 0x00, 0x00, 0x00, 0x00, 0x00, 0x00, 0x00, 0x00, 0x00,
    0x00, 0x00, 0x00, 0x00, 0x00, 0x00, 0x00, 0x00, 0x00, 0x00, 0x00, 0x00, 0x00, 0x00, 0x00, 0x00,
    0x00, 0x00, 0x00, 0x00, 0x00, 0x00, 0x00, 0x00, 0x00, 0x00, 0x00, 0x00, 0x00, 0x00, 0x00, 0x00,
    0x00, 0x00, 0x00, 0x00, 0x00, 0x00, 0x00, 0x00, 0x00, 0x00, 0x00, 0x00, 0x00, 0x00, 0x00, 0x00,
    0x00, 0x00, 0x00, 0x00, 0x00, 0x00, 0x00, 0x00, 0x00, 0x00, 0x00, 0x00, 0x00, 0x00, 0x00, 0x00,
    0x00, 0x00, 0x00, 0x00, 0x00, 0x00, 0x00, 0x00, 0x00, 0x00, 0x00, 0x00, 0x00, 0x00, 0x00, 0x00,
    0x00, 0x00, 0x00, 0x00, 0x00, 0x00, 0x00, 0x00, 0x00, 0x00, 0x00, 0x00, 0x00, 0x00, 0x00, 0x00,
    0x00, 0x00, 0x00, 0x00, 0x00, 0x00, 0x00, 0x00, 0x00, 0x00, 0x00, 0x00, 0x00, 0x00, 0x00, 0x00,
    0x00, 0x00, 0x00, 0x00, 0x00, 0x00, 0x00, 0x00, 0x00, 0x00, 0x00, 0x00, 0x00, 0x00, 0x00, 0x00,
    0x00, 0x00, 0x00, 0x00, 0x00, 0x00, 0x00, 0x00, 0x00, 0x00, 0x00, 0x00, 0x00, 0x00, 0x00, 0x00,
    0x00, 0x00, 0x00, 0x00, 0x00, 0x00, 0x00, 0x00, 0x00, 0x00, 0x00, 0x00, 0x00, 0x00, 0x00, 0x00,
    0x00, 0x00, 0x00, 0x00, 0x00, 0x00, 0x00, 0x00, 0x00, 0x00, 0x00, 0x00, 0x00, 0x00, 0x00, 0x00,
    0x00, 0x00, 0x00, 0x00, 0x00, 0x00, 0x00, 0x00, 0x00, 0x00, 0x00, 0x00, 0x00, 0x00, 0x00, 0x00,
    0x00, 0x00, 0x00, 0x00, 0x00, 0x00, 0x00, 0x00, 0x00, 0x00, 0x00, 0x00, 0x00, 0x00, 0x00, 0x00,
    0x00, 0x00, 0x00, 0x00, 0x00, 0x00, 0x00, 0x00, 0x00, 0x00, 0x00, 0x00, 0x00, 0x00, 0x00, 0x00,
    0x00, 0x00, 0x00, 0x00, 0x00, 0x00, 0x00, 0x00, 0x00, 0x00, 0x00, 0x00, 0x00, 0x00, 0x00, 0x00,
    0x00, 0x00, 0x00, 0x00, 0x00, 0x00, 0x00, 0x00, 0x00, 0x00, 0x00, 0x00, 0x00, 0x00, 0x00, 0x00,
    0x00, 0x00, 0x00, 0x00, 0x00, 0x00, 0x00, 0x00, 0x00, 0x00, 0x00, 0x00, 0x00, 0x00, 0x00, 0x00,
    0x00, 0x00, 0x00, 0x00, 0x00, 0x00, 0x00, 0x00, 0x00, 0x00, 0x00, 0x00, 0x00, 0x00, 0x00, 0x00,
    0x00, 0x00, 0x00, 0x00, 0x00, 0x00, 0x00, 0x00, 0x00, 0x00, 0x00, 0x00, 0x00, 0x00, 0x00, 0x00,
    0x00, 0x00, 0x00, 0x00, 0x00, 0x00, 0x00, 0x00, 0x00, 0x00, 0x00, 0x00, 0x00, 0x00, 0x00, 0x00,
    0x00, 0x00, 0x00, 0x00, 0x00, 0x00, 0x00, 0x00, 0x00, 0x00, 0x00, 0x00, 0x00, 0x00, 0x00, 0x00,
    0x00, 0x00, 0x00, 0x00, 0x00, 0x00, 0x00, 0x00, 0x00, 0x00, 0x00, 0x00, 0x00, 0x00, 0x00, 0x00,
    0x00, 0x00, 0x00, 0x00, 0x00, 0x00, 0x00, 0x00, 0x00, 0x00, 0x00, 0x00, 0x00, 0x00, 0x00, 0x00,
    0x00, 0x00, 0x00, 0x00, 0x00, 0x00, 0x00, 0x00, 0x00, 0x00, 0x00, 0x00, 0x00, 0x00, 0x00, 0x00,
    0x00, 0x00, 0x00, 0x00, 0x00, 0x00, 0x00, 0x00, 0x00, 0x00, 0x00, 0x00, 0x00, 0x00, 0x00, 0x00,
    0x00, 0x00, 0x00, 0x00, 0x00, 0x00, 0x00, 0x00, 0x00, 0x00, 0x00, 0x00, 0x00, 0x00, 0x00, 0x00,
    0x00, 0x00, 0x00, 0x00, 0x00, 0x00, 0x00, 0x00, 0x00, 0x00, 0x00, 0x00, 0x00, 0x00, 0x00, 0x00,
    0x00, 0x00, 0x00, 0x00, 0x00, 0x00, 0x00, 0x00, 0x00, 0x00, 0x00, 0x00, 0x00, 0x00, 0x00, 0x00,
    0x00, 0x00, 0x00, 0x00, 0x00, 0x00, 0x00, 0x00, 0x00, 0x00, 0x00, 0x00, 0x00, 0x00, 0x00, 0x00,
    0x00, 0x00, 0x00, 0x00, 0x00, 0x00, 0x00, 0x00, 0x00, 0x00, 0x00, 0x00, 0x00, 0x00, 0x00, 0x00,
    0x00, 0x00, 0x00, 0x00, 0x00, 0x00, 0x00, 0x00, 0x00, 0x00, 0x00, 0x00, 0x00, 0x00, 0x00, 0x00,
    0x00, 0x00, 0x00, 0x00, 0x00, 0x00, 0x00, 0x00, 0x00, 0x00, 0x00, 0x00, 0x00, 0x00, 0x00, 0x00,
    0x00, 0x00, 0x00, 0x00, 0x00, 0x00, 0x00, 0x00, 0x00, 0x00, 0x00, 0x00, 0x00, 0x00, 0x00, 0x00,
    0x00, 0x00, 0x00, 0x00, 0x00, 0x00, 0x00, 0x00, 0x00, 0x00, 0x00, 0x00, 0x00, 0x00, 0x00, 0x00,
    0x00, 0x00, 0x00, 0x00, 0x00, 0x00, 0x00, 0x00, 0x00, 0x00, 0x00, 0x00, 0x00, 0x00, 0x00, 0x00,
    0x00, 0x00, 0x00, 0x00, 0x00, 0x00, 0x00, 0x00, 0x00, 0x00, 0x00, 0x00, 0x00, 0x00, 0x00, 0x00,
    0x00, 0x00, 0x00, 0x00, 0x00, 0x00, 0x00, 0x00, 0x00, 0x00, 0x00, 0x00, 0x00, 0x00, 0x00, 0x00,
    0x00, 0x00, 0x00, 0x00, 0x00, 0x00, 0x00, 0x00, 0x00, 0x00, 0x00, 0x00, 0x00, 0x00, 0x00, 0x00,
    0x00, 0x00, 0x00, 0x00, 0x00, 0x00, 0x00, 0x00, 0x00, 0x00, 0x00, 0x00, 0x00, 0x00, 0x00, 0x00,
    0x00, 0x00, 0x00, 0x00, 0x00, 0x00, 0x00, 0x00, 0x00, 0x00, 0x00, 0x00, 0x00, 0x00, 0x00, 0x00,
    0x00, 0x00, 0x00, 0x00, 0x00, 0x00, 0x00, 0x00, 0x00, 0x00, 0x00, 0x00, 0x00, 0x00, 0x00, 0x00,
    0x00, 0x00, 0x00, 0x00, 0x00, 0x00, 0x00, 0x00, 0x00, 0x00, 0x00, 0x00, 0x00, 0x00, 0x00, 0x00,
    0x00, 0x00, 0x00, 0x00, 0x00, 0x00, 0x00, 0x00, 0x00, 0x00, 0x00, 0x00, 0x00, 0x00, 0x00, 0x00,
    0x00, 0x00, 0x00, 0x00, 0x00, 0x00, 0x00, 0x00, 0x00, 0x00, 0x00, 0x00, 0x00, 0x00, 0x00, 0x00,
    0x00, 0x00, 0x00, 0x00, 0x00, 0x00, 0x00, 0x00, 0x00, 0x00, 0x00, 0x00, 0x00, 0x00, 0x00, 0x00,
    0x00, 0x00, 0x00, 0x00, 0x00, 0x00, 0x00, 0x00, 0x00, 0x00, 0x00, 0x00, 0x00, 0x00, 0x00, 0x00,
    0x00, 0x00, 0x00, 0x00, 0x00, 0x00, 0x00, 0x00, 0x00, 0x00, 0x00, 0x00, 0x00, 0x00, 0x00, 0x00,
    0x00, 0x00, 0x00, 0x00, 0x00, 0x00, 0x00, 0x00, 0x00, 0x00, 0x00, 0x00, 0x00, 0x00, 0x00, 0x00,
    0x00, 0x00, 0x00, 0x00, 0x00, 0x00, 0x00, 0x00, 0x00, 0x00, 0x00, 0x00, 0x00, 0x00, 0x00, 0x00,
    0x00, 0x00, 0x00, 0x00, 0x00, 0x00, 0x00, 0x00, 0x00, 0x00, 0x00, 0x00, 0x00, 0x00, 0x00, 0x00,
    0x00, 0x00, 0x00, 0x00, 0x00, 0x00, 0x00, 0x00, 0x00, 0x00, 0x00, 0x00, 0x00, 0x00, 0x00, 0x00,
    0x00, 0x00, 0x00, 0x00, 0x00, 0x00, 0x00, 0x00, 0x00, 0x00, 0x00, 0x00, 0x00, 0x00, 0x00, 0x00,
    0x00, 0x00, 0x00, 0x00, 0x00, 0x00, 0x00, 0x00, 0x00, 0x00, 0x00, 0x00, 0x00, 0x00, 0x00, 0x00,
    0x00, 0x00, 0x00, 0x00, 0x00, 0x00, 0x00, 0x00, 0x00, 0x00, 0x00, 0x00, 0x00, 0x00, 0x00, 0x00,
    0x00, 0x00, 0x00, 0x00, 0x00, 0x00, 0x00, 0x00, 0x00, 0x00, 0x00, 0x00, 0x00, 0x00, 0x00, 0x00,
    0x00, 0x00, 0x00, 0x00, 0x00, 0x00, 0x00, 0x00, 0x00, 0x00, 0x00, 0x00, 0x00, 0x00, 0x00, 0x00,
    0x00, 0x00, 0x00, 0x00, 0x00, 0x00, 0x00, 0x00, 0x00, 0x00, 0x00, 0x00, 0x00, 0x00, 0x00, 0x00,
    0x00, 0x00, 0x00, 0x00, 0x00, 0x00, 0x00, 0x00, 0x00, 0x00, 0x00, 0x00, 0x00, 0x00, 0x00, 0x00,
    0x00, 0x00, 0x00, 0x00, 0x00, 0x00, 0x00, 0x00, 0x00, 0x00, 0x00, 0x00, 0x00, 0x00, 0x00, 0x00,
    0x00, 0x00, 0x00, 0x00, 0x00, 0x00, 0x00, 0x00, 0x00, 0x00, 0x00, 0x00, 0x00, 0x00, 0x00, 0x00,
    0x00, 0x00, 0x00, 0x00, 0x00, 0x00, 0x00, 0x00, 0x00, 0x00, 0x00, 0x00, 0x00, 0x00, 0x00, 0x00,
    0x00, 0x00, 0x00, 0x00, 0x00, 0x00, 0x00, 0x00, 0x4F, 0x7C, 0xAF, 0x01, 0x4E, 0x7C, 0xB0, 0x01,
    0x4E, 0x7C, 0xB0, 0x01, 0x4D, 0x7C, 0xB1, 0x01, 0x4D, 0x7C, 0xB1, 0x01, 0x4D, 0x7D, 0xB2, 0x01,
    0x4D, 0x7D, 0xB3, 0x01, 0x4D, 0x7D, 0xB2, 0x01, 0x4D, 0x7D, 0xB2, 0x01, 0x4E, 0x7D, 0xB3, 0x01,
    0x4E, 0x7E, 0xB5, 0x01, 0x4F, 0x7E, 0xB6, 0x01, 0x4F, 0x7E, 0xB6, 0x01, 0x4E, 0x7F, 0xB6, 0x01,
    0x4D, 0x7E, 0xB6, 0x01, 0x4C, 0x7E, 0xB6, 0x01, 0x4C, 0x7E, 0xB6, 0x01, 0x4B, 0x7E, 0xB7, 0x01,
    0x49, 0x7D, 0xB7, 0x01, 0x49, 0x7E, 0xB8, 0x01, 0x48, 0x7F, 0xB8, 0x01, 0x48, 0x7F, 0xB8, 0x01,
    0x47, 0x7E, 0xB8, 0x01, 0x46, 0x7D, 0xB8, 0x01, 0x45, 0x7D, 0xB8, 0x01, 0x45, 0x7D, 0xB8, 0x01,
    0x44, 0x7C, 0xB7, 0x01, 0x43, 0x7C, 0xB7, 0x01, 0x42, 0x7B, 0xB7, 0x01, 0x42, 0x7B, 0xB7, 0x01,
    0x42, 0x7B, 0xB7, 0x01, 0x42, 0x7B, 0xB7, 0x01, 0x42, 0x7B, 0xB7, 0x01, 0x42, 0x7B, 0xB7, 0x01,
    0x41, 0x7A, 0xB6, 0x01, 0x41, 0x7A, 0xB6, 0x01, 0x41, 0x7A, 0xB6, 0x01, 0x00, 0x00, 0x00, 0x00,
    0x00, 0x00, 0x00, 0x00, 0x00, 0x00, 0x00, 0x00, 0x00, 0x00, 0x00, 0x00, 0x00, 0x00, 0x00, 0x00,
    0x00, 0x00, 0x00, 0x00, 0x00, 0x00, 0x00, 0x00, 0x00, 0x00, 0x00, 0x00, 0x00, 0x00, 0x00, 0x00,
    0x00, 0x00, 0x00, 0x00, 0x00, 0x00, 0x00, 0x00, 0x00, 0x00, 0x00, 0x00, 0x00, 0x00, 0x00, 0x00,
    0x00, 0x00, 0x00, 0x00, 0x00, 0x00, 0x00, 0x00, 0x00, 0x00, 0x00, 0x00, 0x00, 0x00, 0x00, 0x00,
    0x00, 0x00, 0x00, 0x00, 0x00, 0x00, 0x00, 0x00, 0x00, 0x00, 0x00, 0x00, 0x00, 0x00, 0x00, 0x00,
    0x00, 0x00, 0x00, 0x00, 0x00, 0x00, 0x00, 0x00, 0x00, 0x00, 0x00, 0x00, 0x00, 0x00, 0x00, 0x00,
    0x00, 0x00, 0x00, 0x00, 0x00, 0x00, 0x00, 0x00, 0x00, 0x00, 0x00, 0x00, 0x00, 0x00, 0x00, 0x00,
    0x00, 0x00, 0x00, 0x00, 0x00, 0x00, 0x00, 0x00, 0x00, 0x00, 0x00, 0x00, 0x00, 0x00, 0x00, 0x00,
    0x00, 0x00, 0x00, 0x00, 0x00, 0x00, 0x00, 0x00, 0x00, 0x00, 0x00, 0x00, 0x00, 0x00, 0x00, 0x00,
    0x00, 0x00, 0x00, 0x00, 0x00, 0x00, 0x00, 0x00, 0x00, 0x00, 0x00, 0x00, 0x00, 0x00, 0x00, 0x00,
    0x00, 0x00, 0x00, 0x00, 0x00, 0x00, 0x00, 0x00, 0x00, 0x00, 0x00, 0x00, 0x00, 0x00, 0x00, 0x00,
    0x00, 0x00, 0x00, 0x00, 0x00, 0x00, 0x00, 0x00, 0x00, 0x00, 0x00, 0x00, 0x00, 0x00, 0x00, 0x00,
    0x00, 0x00, 0x00, 0x00, 0x00, 0x00, 0x00, 0x00, 0x00, 0x00, 0x00, 0x00, 0x00, 0x00, 0x00, 0x00,
    0x00, 0x00, 0x00, 0x00, 0x00, 0x00, 0x00, 0x00, 0x00, 0x00, 0x00, 0x00, 0x00, 0x00, 0x00, 0x00,
    0x00, 0x00, 0x00, 0x00, 0x00, 0x00, 0x00, 0x00, 0x00, 0x00, 0x00, 0x00, 0x00, 0x00, 0x00, 0x00,
    0x00, 0x00, 0x00, 0x00, 0x00, 0x00, 0x00, 0x00, 0x00, 0x00, 0x00, 0x00, 0x00, 0x00, 0x00, 0x00,
    0x00, 0x00, 0x00, 0x00, 0x00, 0x00, 0x00, 0x00, 0x00, 0x00, 0x00, 0x00, 0x00, 0x00, 0x00, 0x00,
    0x00, 0x00, 0x00, 0x00, 0x00, 0x00, 0x00, 0x00, 0x00, 0x00, 0x00, 0x00, 0x00, 0x00, 0x00, 0x00,
    0x00, 0x00, 0x00, 0x00, 0x00, 0x00, 0x00, 0x00, 0x00, 0x00, 0x00, 0x00, 0x00, 0x00, 0x00, 0x00,
    0x00, 0x00, 0x00, 0x00, 0x00, 0x00, 0x00, 0x00, 0x00, 0x00, 0x00, 0x00, 0x00, 0x00, 0x00, 0x00,
    0x00, 0x00, 0x00, 0x00, 0x00, 0x00, 0x00, 0x00, 0x00, 0x00, 0x00, 0x00, 0x00, 0x00, 0x00, 0x00,
    0x00, 0x00, 0x00, 0x00, 0x00, 0x00, 0x00, 0x00, 0x00, 0x00, 0x00, 0x00, 0x00, 0x00, 0x00, 0x00,
    0x00, 0x00, 0x00, 0x00, 0x00, 0x00, 0x00, 0x00, 0x4C, 0x7C, 0xB3, 0x01, 0x4D, 0x7D, 0xB3, 0x01,
    0x4C, 0x7D, 0xB4, 0x01, 0x4C, 0x7D, 0xB5, 0x01, 0x4C, 0x7D, 0xB5, 0x01, 0x4D, 0x7E, 0xB5, 0x01,
    0x4D, 0x7E, 0xB6, 0x01, 0x4D, 0x7E, 0xB6, 0x01, 0x4D, 0x7E, 0xB6, 0x01, 0x4E, 0x7F, 0xB6, 0x01,
    0x4F, 0x7E, 0xB6, 0x01, 0x4F, 0x7F, 0xB7, 0x01, 0x4F, 0x7F, 0xB7, 0x01, 0x4F, 0x7F, 0xB8, 0x02,
    0x4E, 0x80, 0xB9, 0x02, 0x4C, 0x7F, 0xB9, 0x02, 0x4C, 0x7F, 0xB9, 0x02, 0x4B, 0x7E, 0xB9, 0x01,
    0x4A, 0x7F, 0xBA, 0x01, 0x49, 0x7F, 0xBA, 0x01, 0x48, 0x7F, 0xBA, 0x01, 0x48, 0x7F, 0xBA, 0x01,
    0x47, 0x7F, 0xBA, 0x01, 0x45, 0x7F, 0xB9, 0x01, 0x44, 0x7E, 0xBA, 0x01, 0x44, 0x7E, 0xBA, 0x01,
    0x43, 0x7D, 0xBA, 0x01, 0x42, 0x7C, 0xB9, 0x01, 0x42, 0x7C, 0xB9, 0x01, 0x42, 0x7C, 0xB9, 0x01,
    0x41, 0x7C, 0xB9, 0x01, 0x41, 0x7B, 0xB8, 0x01, 0x41, 0x7B, 0xB8, 0x01, 0x41, 0x7B, 0xB8, 0x01,
    0x41, 0x7B, 0xB8, 0x01, 0x40, 0x7B, 0xB8, 0x01, 0x40, 0x7A, 0xB7, 0x01, 0x40, 0x7A, 0xB7, 0x01,
    0x40, 0x7A, 0xB7, 0x01, 0x00, 0x00, 0x00, 0x00, 0x00, 0x00, 0x00, 0x00, 0x00, 0x00, 0x00, 0x00,
    0x00, 0x00, 0x00, 0x00, 0x00, 0x00, 0x00, 0x00, 0x00, 0x00, 0x00, 0x00, 0x00, 0x00, 0x00, 0x00,
    0x00, 0x00, 0x00, 0x00, 0x00, 0x00, 0x00, 0x00, 0x00, 0x00, 0x00, 0x00, 0x00, 0x00, 0x00, 0x00,
    0x00, 0x00, 0x00, 0x00, 0x00, 0x00, 0x00, 0x00, 0x00, 0x00, 0x00, 0x00, 0x00, 0x00, 0x00, 0x00,
    0x00, 0x00, 0x00, 0x00, 0x00, 0x00, 0x00, 0x00, 0x00, 0x00, 0x00, 0x00, 0x00, 0x00, 0x00, 0x00,
    0x00, 0x00, 0x00, 0x00, 0x00, 0x00, 0x00, 0x00, 0x00, 0x00, 0x00, 0x00, 0x00, 0x00, 0x00, 0x00,
    0x00, 0x00, 0x00, 0x00, 0x00, 0x00, 0x00, 0x00, 0x00, 0x00, 0x00, 0x00, 0x00, 0x00, 0x00, 0x00,
    0x00, 0x00, 0x00, 0x00, 0x00, 0x00, 0x00, 0x00, 0x00, 0x00, 0x00, 0x00, 0x00, 0x00, 0x00, 0x00,
    0x00, 0x00, 0x00, 0x00, 0x00, 0x00, 0x00, 0x00, 0x00, 0x00, 0x00, 0x00, 0x00, 0x00, 0x00, 0x00,
    0x00, 0x00, 0x00, 0x00, 0x00, 0x00, 0x00, 0x00, 0x00, 0x00, 0x00, 0x00, 0x00, 0x00, 0x00, 0x00,
    0x00, 0x00, 0x00, 0x00, 0x00, 0x00, 0x00, 0x00, 0x00, 0x00, 0x00, 0x00, 0x00, 0x00, 0x00, 0x00,
    0x00, 0x00, 0x00, 0x00, 0x00, 0x00, 0x00, 0x00, 0x00, 0x00, 0x00, 0x00, 0x00, 0x00, 0x00, 0x00,
    0x00, 0x00, 0x00, 0x00, 0x00, 0x00, 0x00, 0x00, 0x00, 0x00, 0x00, 0x00, 0x00, 0x00, 0x00, 0x00,
    0x00, 0x00, 0x00, 0x00, 0x00, 0x00, 0x00, 0x00, 0x00, 0x00, 0x00, 0x00, 0x00, 0x00, 0x00, 0x00,
    0x00, 0x00, 0x00, 0x00, 0x00, 0x00, 0x00, 0x00, 0x00, 0x00, 0x00, 0x00, 0x00, 0x00, 0x00, 0x00,
    0x00, 0x00, 0x00, 0x00, 0x00, 0x00, 0x00, 0x00, 0x00, 0x00, 0x00, 0x00, 0x00, 0x00, 0x00, 0x00,
    0x00, 0x00, 0x00, 0x00, 0x00, 0x00, 0x00, 0x00, 0x00, 0x00, 0x00, 0x00, 0x00, 0x00, 0x00, 0x00,
    0x00, 0x00, 0x00, 0x00, 0x00, 0x00, 0x00, 0x00, 0x00, 0x00, 0x00, 0x00, 0x00, 0x00, 0x00, 0x00,
    0x00, 0x00, 0x00, 0x00, 0x00, 0x00, 0x00, 0x00, 0x00, 0x00, 0x00, 0x00, 0x00, 0x00, 0x00, 0x00,
    0x00, 0x00, 0x00, 0x00, 0x00, 0x00, 0x00, 0x00, 0x00, 0x00, 0x00, 0x00, 0x00, 0x00, 0x00, 0x00,
    0x00, 0x00, 0x00, 0x00, 0x00, 0x00, 0x00, 0x00, 0x00, 0x00, 0x00, 0x00, 0x00, 0x00, 0x00, 0x00,
    0x00, 0x00, 0x00, 0x00, 0x00, 0x00, 0x00, 0x00, 0x00, 0x00, 0x00, 0x00, 0x00, 0x00, 0x00, 0x00,
    0x00, 0x00, 0x00, 0x00, 0x00, 0x00, 0x00, 0x00, 0x4C, 0x7C, 0xB3, 0x01, 0x4D, 0x7D, 0xB3, 0x01,
    0x4C, 0x7D, 0xB4, 0x01, 0x4C, 0x7D, 0xB5, 0x01, 0x4C, 0x7D, 0xB5, 0x01, 0x4D, 0x7E, 0xB5, 0x01,
    0x4D, 0x7E, 0xB6, 0x01, 0x4D, 0x7E, 0xB6, 0x01, 0x4D, 0x7E, 0xB6, 0x01, 0x4E, 0x7F, 0xB6, 0x01,
    0x4F, 0x7E, 0xB6, 0x01, 0x4F, 0x7F, 0xB7, 0x01, 0x4F, 0x7F, 0xB7, 0x01, 0x4F, 0x7F, 0xB8, 0x02,
    0x4E, 0x80, 0xB9, 0x02, 0x4C, 0x7F, 0xB9, 0x02, 0x4C, 0x7F, 0xB9, 0x02, 0x4B, 0x7E, 0xB9, 0x01,
    0x4A, 0x7F, 0xBA, 0x01, 0x49, 0x7F, 0xBA, 0x01, 0x48, 0x7F, 0xBA, 0x01, 0x48, 0x7F, 0xBA, 0x01,
    0x47, 0x7F, 0xBA, 0x01, 0x45, 0x7F, 0xB9, 0x01, 0x44, 0x7E, 0xBA, 0x01, 0x44, 0x7E, 0xBA, 0x01,
    0x43, 0x7D, 0xBA, 0x01, 0x42, 0x7C, 0xB9, 0x01, 0x42, 0x7C, 0xB9, 0x01, 0x42, 0x7C, 0xB9, 0x01,
    0x41, 0x7C, 0xB9, 0x01, 0x41, 0x7B, 0xB8, 0x01, 0x41, 0x7B, 0xB8, 0x01, 0x41, 0x7B, 0xB8, 0x01,
    0x41, 0x7B, 0xB8, 0x01, 0x40, 0x7B, 0xB8, 0x01, 0x40, 0x7A, 0xB7, 0x01, 0x40, 0x7A, 0xB7, 0x01,
    0x40, 0x7A, 0xB7, 0x01, 0x00, 0x00, 0x00, 0x00, 0x00, 0x00, 0x00, 0x00, 0x00, 0x00, 0x00, 0x00,
    0x00, 0x00, 0x00, 0x00, 0x00, 0x00, 0x00, 0x00, 0x00, 0x00, 0x00, 0x00, 0x00, 0x00, 0x00, 0x00,
    0x00, 0x00, 0x00, 0x00, 0x00, 0x00, 0x00, 0x00, 0x00, 0x00, 0x00, 0x00, 0x00, 0x00, 0x00, 0x00,
    0x00, 0x00, 0x00, 0x00, 0x00, 0x00, 0x00, 0x00, 0x00, 0x00, 0x00, 0x00, 0x00, 0x00, 0x00, 0x00,
    0x00, 0x00, 0x00, 0x00, 0x00, 0x00, 0x00, 0x00, 0x00, 0x00, 0x00, 0x00, 0x00, 0x00, 0x00, 0x00,
    0x00, 0x00, 0x00, 0x00, 0x00, 0x00, 0x00, 0x00, 0x00, 0x00, 0x00, 0x00, 0x00, 0x00, 0x00, 0x00,
    0x00, 0x00, 0x00, 0x00, 0x00, 0x00, 0x00, 0x00, 0x00, 0x00, 0x00, 0x00, 0x00, 0x00, 0x00, 0x00,
    0x00, 0x00, 0x00, 0x00, 0x00, 0x00, 0x00, 0x00, 0x00, 0x00, 0x00, 0x00, 0x00, 0x00, 0x00, 0x00,
    0x00, 0x00, 0x00, 0x00, 0x00, 0x00, 0x00, 0x00, 0x00, 0x00, 0x00, 0x00, 0x00, 0x00, 0x00, 0x00,
    0x00, 0x00, 0x00, 0x00, 0x00, 0x00, 0x00, 0x00, 0x00, 0x00, 0x00, 0x00, 0x00, 0x00, 0x00, 0x00,
    0x00, 0x00, 0x00, 0x00, 0x00, 0x00, 0x00, 0x00, 0x00, 0x00, 0x00, 0x00, 0x00, 0x00, 0x00, 0x00,
    0x00, 0x00, 0x00, 0x00, 0x00, 0x00, 0x00, 0x00, 0x00, 0x00, 0x00, 0x00, 0x00, 0x00, 0x00, 0x00,
    0x00, 0x00, 0x00, 0x00, 0x00, 0x00, 0x00, 0x00, 0x00, 0x00, 0x00, 0x00, 0x00, 0x00, 0x00, 0x00,
    0x00, 0x00, 0x00, 0x00, 0x00, 0x00, 0x00, 0x00, 0x00, 0x00, 0x00, 0x00, 0x00, 0x00, 0x00, 0x00,
    0x00, 0x00, 0x00, 0x00, 0x00, 0x00, 0x00, 0x00, 0x00, 0x00, 0x00, 0x00, 0x00, 0x00, 0x00, 0x00,
    0x00, 0x00, 0x00, 0x00, 0x00, 0x00, 0x00, 0x00, 0x00, 0x00, 0x00, 0x00, 0x00, 0x00, 0x00, 0x00,
    0x00, 0x00, 0x00, 0x00, 0x00, 0x00, 0x00, 0x00, 0x00, 0x00, 0x00, 0x00, 0x00, 0x00, 0x00, 0x00,
    0x00, 0x00, 0x00, 0x00, 0x00, 0x00, 0x00, 0x00, 0x00, 0x00, 0x00, 0x00, 0x00, 0x00, 0x00, 0x00,
    0x00, 0x00, 0x00, 0x00, 0x00, 0x00, 0x00, 0x00, 0x00, 0x00, 0x00, 0x00, 0x00, 0x00, 0x00, 0x00,
    0x00, 0x00, 0x00, 0x00, 0x00, 0x00, 0x00, 0x00, 0x00, 0x00, 0x00, 0x00, 0x00, 0x00, 0x00, 0x00,
    0x00, 0x00, 0x00, 0x00, 0x00, 0x00, 0x00, 0x00, 0x00, 0x00, 0x00, 0x00, 0x00, 0x00, 0x00, 0x00,
    0x00, 0x00, 0x00, 0x00, 0x00, 0x00, 0x00, 0x00, 0x00, 0x00, 0x00, 0x00, 0x00, 0x00, 0x00, 0x00,
    0x00, 0x00, 0x00, 0x00, 0x00, 0x00, 0x00, 0x00, 0x00, 0x00, 0x00, 0x00, 0x4C, 0x7E, 0xB7, 0x01,
    0x4C, 0x7F, 0xB8, 0x01, 0x4D, 0x80, 0xB9, 0x01, 0x4D, 0x80, 0xB9, 0x01, 0x4E, 0x80, 0xB9, 0x01,
    0x4F, 0x81, 0xB9, 0x01, 0x4F, 0x81, 0xB9, 0x01, 0x4F, 0x81, 0xB9, 0x01, 0x50, 0x81, 0xBA, 0x01,
    0x50, 0x81, 0xBA, 0x02, 0x51, 0x82, 0xBA, 0x02, 0x51, 0x82, 0xBA, 0x02, 0x4F, 0x82, 0xBC, 0x03,
    0x4A, 0x81, 0xBD, 0x01, 0x49, 0x82, 0xBE, 0x01, 0x49, 0x82, 0xBE, 0x01, 0x49, 0x82, 0xC0, 0x03,
    0x46, 0x7E, 0xBC, 0x05, 0x48, 0x81, 0xBD, 0x03, 0x48, 0x80, 0xBC, 0x02, 0x48, 0x80, 0xBC, 0x02,
    0x46, 0x80, 0xBB, 0x01, 0x46, 0x7F, 0xBB, 0x02, 0x45, 0x7F, 0xBC, 0x01, 0x45, 0x7F, 0xBC, 0x01,
    0x44, 0x7E, 0xBC, 0x01, 0x43, 0x7E, 0xBB, 0x01, 0x42, 0x7D, 0xBB, 0x01, 0x42, 0x7D, 0xBB, 0x01,
    0x41, 0x7C, 0xBA, 0x01, 0x41, 0x7B, 0xB9, 0x01, 0x41, 0x7B, 0xB9, 0x01, 0x41, 0x7B, 0xB9, 0x01,
    0x40, 0x7B, 0xB9, 0x01, 0x40, 0x7B, 0xB9, 0x01, 0x40, 0x7B, 0xB8, 0x01, 0x40, 0x7B, 0xB8, 0x01,
    0x40, 0x7B, 0xB8, 0x01, 0x40, 0x7A, 0xB8, 0x01, 0x00, 0x00, 0x00, 0x00, 0x00, 0x00, 0x00, 0x00,
    0x00, 0x00, 0x00, 0x00, 0x00, 0x00, 0x00, 0x00, 0x00, 0x00, 0x00, 0x00, 0x00, 0x00, 0x00, 0x00,
    0x00, 0x00, 0x00, 0x00, 0x00, 0x00, 0x00, 0x00, 0x00, 0x00, 0x00, 0x00, 0x00, 0x00, 0x00, 0x00,
    0x00, 0x00, 0x00, 0x00, 0x00, 0x00, 0x00, 0x00, 0x00, 0x00, 0x00, 0x00, 0x00, 0x00, 0x00, 0x00,
    0x00, 0x00, 0x00, 0x00, 0x00, 0x00, 0x00, 0x00, 0x00, 0x00, 0x00, 0x00, 0x00, 0x00, 0x00, 0x00,
    0x00, 0x00, 0x00, 0x00, 0x00, 0x00, 0x00, 0x00, 0x00, 0x00, 0x00, 0x00, 0x00, 0x00, 0x00, 0x00,
    0x00, 0x00, 0x00, 0x00, 0x00, 0x00, 0x00, 0x00, 0x00, 0x00, 0x00, 0x00, 0x00, 0x00, 0x00, 0x00,
    0x00, 0x00, 0x00, 0x00, 0x00, 0x00, 0x00, 0x00, 0x00, 0x00, 0x00, 0x00, 0x00, 0x00, 0x00, 0x00,
    0x00, 0x00, 0x00, 0x00, 0x00, 0x00, 0x00, 0x00, 0x00, 0x00, 0x00, 0x00, 0x00, 0x00, 0x00, 0x00,
    0x00, 0x00, 0x00, 0x00, 0x00, 0x00, 0x00, 0x00, 0x00, 0x00, 0x00, 0x00, 0x00, 0x00, 0x00, 0x00,
    0x00, 0x00, 0x00, 0x00, 0x00, 0x00, 0x00, 0x00, 0x00, 0x00, 0x00, 0x00, 0x00, 0x00, 0x00, 0x00,
    0x00, 0x00, 0x00, 0x00, 0x00, 0x00, 0x00, 0x00, 0x00, 0x00, 0x00, 0x00, 0x00, 0x00, 0x00, 0x00,
    0x00, 0x00, 0x00, 0x00, 0x00, 0x00, 0x00, 0x00, 0x00, 0x00, 0x00, 0x00, 0x00, 0x00, 0x00, 0x00,
    0x00, 0x00, 0x00, 0x00, 0x00, 0x00, 0x00, 0x00, 0x00, 0x00, 0x00, 0x00, 0x00, 0x00, 0x00, 0x00,
    0x00, 0x00, 0x00, 0x00, 0x00, 0x00, 0x00, 0x00, 0x00, 0x00, 0x00, 0x00, 0x00, 0x00, 0x00, 0x00,
    0x00, 0x00, 0x00, 0x00, 0x00, 0x00, 0x00, 0x00, 0x00, 0x00, 0x00, 0x00, 0x00, 0x00, 0x00, 0x00,
    0x00, 0x00, 0x00, 0x00, 0x00, 0x00, 0x00, 0x00, 0x00, 0x00, 0x00, 0x00, 0x00, 0x00, 0x00, 0x00,
    0x00, 0x00, 0x00, 0x00, 0x00, 0x00, 0x00, 0x00, 0x00, 0x00, 0x00, 0x00, 0x00, 0x00, 0x00, 0x00,
    0x00, 0x00, 0x00, 0x00, 0x00, 0x00, 0x00, 0x00, 0x00, 0x00, 0x00, 0x00, 0x00, 0x00, 0x00, 0x00,
    0x00, 0x00, 0x00, 0x00, 0x00, 0x00, 0x00, 0x00, 0x00, 0x00, 0x00, 0x00, 0x00, 0x00, 0x00, 0x00,
    0x00, 0x00, 0x00, 0x00, 0x00, 0x00, 0x00, 0x00, 0x00, 0x00, 0x00, 0x00, 0x00, 0x00, 0x00, 0x00,
    0x00, 0x00, 0x00, 0x00, 0x00, 0x00, 0x00, 0x00, 0x00, 0x00, 0x00, 0x00, 0x00, 0x00, 0x00, 0x00,
    0x00, 0x00, 0x00, 0x00, 0x00, 0x00, 0x00, 0x00, 0x4A, 0x7E, 0xB9, 0x01, 0x4B, 0x7F, 0xBA, 0x01,
    0x4C, 0x80, 0xBB, 0x01, 0x4D, 0x81, 0xBC, 0x01, 0x4D, 0x81, 0xBC, 0x01, 0x4F, 0x83, 0xBD, 0x01,
    0x4F, 0x83, 0xBD, 0x01, 0x50, 0x83, 0xBD, 0x02, 0x50, 0x83, 0xBD, 0x02, 0x50, 0x83, 0xBD, 0x02,
    0x50, 0x83, 0xBD, 0x05, 0x4D, 0x81, 0xBC, 0x04, 0x4D, 0x81, 0xBC, 0x04, 0x49, 0x80, 0xBD, 0x08,
    0x4E, 0x82, 0xC0, 0x10, 0x44, 0x77, 0xB5, 0x21, 0x44, 0x77, 0xB5, 0x21, 0x45, 0x7D, 0xBF, 0x0C,
    0x49, 0x83, 0xC7, 0x06, 0x44, 0x80, 0xBF, 0x02, 0x45, 0x81, 0xBD, 0x04, 0x45, 0x81, 0xBD, 0x04,
    0x46, 0x80, 0xBD, 0x02, 0x46, 0x80, 0xBD, 0x02, 0x46, 0x80, 0xBD, 0x02, 0x46, 0x80, 0xBD, 0x02,
    0x45, 0x7F, 0xBC, 0x01, 0x43, 0x7E, 0xBD, 0x01, 0x42, 0x7E, 0xBC, 0x01, 0x42, 0x7E, 0xBC, 0x01,
    0x41, 0x7C, 0xBB, 0x01, 0x40, 0x7B, 0xBB, 0x01, 0x40, 0x7C, 0xBA, 0x01, 0x40, 0x7C, 0xBA, 0x01,
    0x40, 0x7C, 0xBA, 0x01, 0x3F, 0x7B, 0xB9, 0x01, 0x3F, 0x7B, 0xB9, 0x01, 0x3F, 0x7B, 0xB9, 0x01,
    0x3F, 0x7B, 0xB9, 0x01, 0x40, 0x7B, 0xB9, 0x01, 0x00, 0x00, 0x00, 0x00, 0x00, 0x00, 0x00, 0x00,
    0x00, 0x00, 0x00, 0x00, 0x00, 0x00, 0x00, 0x00, 0x00, 0x00, 0x00, 0x00, 0x00, 0x00, 0x00, 0x00,
    0x00, 0x00, 0x00, 0x00, 0x00, 0x00, 0x00, 0x00, 0x00, 0x00, 0x00, 0x00, 0x00, 0x00, 0x00, 0x00,
    0x00, 0x00, 0x00, 0x00, 0x00, 0x00, 0x00, 0x00, 0x00, 0x00, 0x00, 0x00, 0x00, 0x00, 0x00, 0x00,
    0x00, 0x00, 0x00, 0x00, 0x00, 0x00, 0x00, 0x00, 0x00, 0x00, 0x00, 0x00, 0x00, 0x00, 0x00, 0x00,
    0x00, 0x00, 0x00, 0x00, 0x00, 0x00, 0x00, 0x00, 0x00, 0x00, 0x00, 0x00, 0x00, 0x00, 0x00, 0x00,
    0x00, 0x00, 0x00, 0x00, 0x00, 0x00, 0x00, 0x00, 0x00, 0x00, 0x00, 0x00, 0x00, 0x00, 0x00, 0x00,
    0x00, 0x00, 0x00, 0x00, 0x00, 0x00, 0x00, 0x00, 0x00, 0x00, 0x00, 0x00, 0x00, 0x00, 0x00, 0x00,
    0x00, 0x00, 0x00, 0x00, 0x00, 0x00, 0x00, 0x00, 0x00, 0x00, 0x00, 0x00, 0x00, 0x00, 0x00, 0x00,
    0x00, 0x00, 0x00, 0x00, 0x00, 0x00, 0x00, 0x00, 0x00, 0x00, 0x00, 0x00, 0x00, 0x00, 0x00, 0x00,
    0x00, 0x00, 0x00, 0x00, 0x00, 0x00, 0x00, 0x00, 0x00, 0x00, 0x00, 0x00, 0x00, 0x00, 0x00, 0x00,
    0x00, 0x00, 0x00, 0x00, 0x00, 0x00, 0x00, 0x00, 0x00, 0x00, 0x00, 0x00, 0x00, 0x00, 0x00, 0x00,
    0x00, 0x00, 0x00, 0x00, 0x00, 0x00, 0x00, 0x00, 0x00, 0x00, 0x00, 0x00, 0x00, 0x00, 0x00, 0x00,
    0x00, 0x00, 0x00, 0x00, 0x00, 0x00, 0x00, 0x00, 0x00, 0x00, 0x00, 0x00, 0x00, 0x00, 0x00, 0x00,
    0x00, 0x00, 0x00, 0x00, 0x00, 0x00, 0x00, 0x00, 0x00, 0x00, 0x00, 0x00, 0x00, 0x00, 0x00, 0x00,
    0x00, 0x00, 0x00, 0x00, 0x00, 0x00, 0x00, 0x00, 0x00, 0x00, 0x00, 0x00, 0x00, 0x00, 0x00, 0x00,
    0x00, 0x00, 0x00, 0x00, 0x00, 0x00, 0x00, 0x00, 0x00, 0x00, 0x00, 0x00, 0x00, 0x00, 0x00, 0x00,
    0x00, 0x00, 0x00, 0x00, 0x00, 0x00, 0x00, 0x00, 0x00, 0x00, 0x00, 0x00, 0x00, 0x00, 0x00, 0x00,
    0x00, 0x00, 0x00, 0x00, 0x00, 0x00, 0x00, 0x00, 0x00, 0x00, 0x00, 0x00, 0x00, 0x00, 0x00, 0x00,
    0x00, 0x00, 0x00, 0x00, 0x00, 0x00, 0x00, 0x00, 0x00, 0x00, 0x00, 0x00, 0x00, 0x00, 0x00, 0x00,
    0x00, 0x00, 0x00, 0x00, 0x00, 0x00, 0x00, 0x00, 0x00, 0x00, 0x00, 0x00, 0x00, 0x00, 0x00, 0x00,
    0x00, 0x00, 0x00, 0x00, 0x00, 0x00, 0x00, 0x00, 0x00, 0x00, 0x00, 0x00, 0x00, 0x00, 0x00, 0x00,
    0x00, 0x00, 0x00, 0x00, 0x00, 0x00, 0x00, 0x00, 0x4A, 0x80, 0xBB, 0x01, 0x4B, 0x81, 0xBC, 0x01,
    0x4C, 0x82, 0xBD, 0x01, 0x4E, 0x83, 0xBE, 0x01, 0x4E, 0x83, 0xBE, 0x01, 0x4F, 0x84, 0xBF, 0x01,
    0x50, 0x84, 0xBF, 0x01, 0x50, 0x83, 0xBF, 0x02, 0x50, 0x83, 0xBF, 0x02, 0x4F, 0x84, 0xBF, 0x03,
    0x48, 0x7F, 0xBF, 0x02, 0x4C, 0x86, 0xC8, 0x02, 0x4C, 0x86, 0xC8, 0x02, 0x39, 0x72, 0xAC, 0x4A,
    0x07, 0x24, 0x58, 0xB0, 0x02, 0x0E, 0x3B, 0xBD, 0x02, 0x0E, 0x3B, 0xBD, 0x08, 0x1A, 0x47, 0x85,
    0x27, 0x49, 0x7F, 0x6D, 0x49, 0x89, 0xC6, 0x08, 0x42, 0x80, 0xBF, 0x05, 0x42, 0x80, 0xBF, 0x05,
    0x45, 0x80, 0xBF, 0x04, 0x46, 0x81, 0xBF, 0x03, 0x45, 0x80, 0xBE, 0x02, 0x45, 0x80, 0xBE, 0x02,
    0x45, 0x80, 0xBE, 0x02, 0x43, 0x7F, 0xBE, 0x02, 0x42, 0x7F, 0xBE, 0x01, 0x42, 0x7F, 0xBE, 0x01,
    0x41, 0x7E, 0xBD, 0x02, 0x41, 0x7D, 0xBD, 0x02, 0x40, 0x7D, 0xBC, 0x01, 0x40, 0x7D, 0xBC, 0x01,
    0x40, 0x7C, 0xBB, 0x01, 0x40, 0x7C, 0xBB, 0x01, 0x3F, 0x7C, 0xBB, 0x01, 0x3F, 0x7C, 0xBA, 0x01,
    0x3F, 0x7C, 0xBA, 0x01, 0x3F, 0x7B, 0xB9, 0x01, 0x00, 0x00, 0x00, 0x00, 0x00, 0x00, 0x00, 0x00,
    0x00, 0x00, 0x00, 0x00, 0x00, 0x00, 0x00, 0x00, 0x00, 0x00, 0x00, 0x00, 0x00, 0x00, 0x00, 0x00,
    0x00, 0x00, 0x00, 0x00, 0x00, 0x00, 0x00, 0x00, 0x00, 0x00, 0x00, 0x00, 0x00, 0x00, 0x00, 0x00,
    0x00, 0x00, 0x00, 0x00, 0x00, 0x00, 0x00, 0x00, 0x00, 0x00, 0x00, 0x00, 0x00, 0x00, 0x00, 0x00,
    0x00, 0x00, 0x00, 0x00, 0x00, 0x00, 0x00, 0x00, 0x00, 0x00, 0x00, 0x00, 0x00, 0x00, 0x00, 0x00,
    0x00, 0x00, 0x00, 0x00, 0x00, 0x00, 0x00, 0x00, 0x00, 0x00, 0x00, 0x00, 0x00, 0x00, 0x00, 0x00,
    0x00, 0x00, 0x00, 0x00, 0x00, 0x00, 0x00, 0x00, 0x00, 0x00, 0x00, 0x00, 0x00, 0x00, 0x00, 0x00,
    0x00, 0x00, 0x00, 0x00, 0x00, 0x00, 0x00, 0x00, 0x00, 0x00, 0x00, 0x00, 0x00, 0x00, 0x00, 0x00,
    0x00, 0x00, 0x00, 0x00, 0x00, 0x00, 0x00, 0x00, 0x00, 0x00, 0x00, 0x00, 0x00, 0x00, 0x00, 0x00,
    0x00, 0x00, 0x00, 0x00, 0x00, 0x00, 0x00, 0x00, 0x00, 0x00, 0x00, 0x00, 0x00, 0x00, 0x00, 0x00,
    0x00, 0x00, 0x00, 0x00, 0x00, 0x00, 0x00, 0x00, 0x00, 0x00, 0x00, 0x00, 0x00, 0x00, 0x00, 0x00,
    0x00, 0x00, 0x00, 0x00, 0x00, 0x00, 0x00, 0x00, 0x00, 0x00, 0x00, 0x00, 0x00, 0x00, 0x00, 0x00,
    0x00, 0x00, 0x00, 0x00, 0x00, 0x00, 0x00, 0x00, 0x00, 0x00, 0x00, 0x00, 0x00, 0x00, 0x00, 0x00,
    0x00, 0x00, 0x00, 0x00, 0x00, 0x00, 0x00, 0x00, 0x00, 0x00, 0x00, 0x00, 0x00, 0x00, 0x00, 0x00,
    0x00, 0x00, 0x00, 0x00, 0x00, 0x00, 0x00, 0x00, 0x00, 0x00, 0x00, 0x00, 0x00, 0x00, 0x00, 0x00,
    0x00, 0x00, 0x00, 0x00, 0x00, 0x00, 0x00, 0x00, 0x00, 0x00, 0x00, 0x00, 0x00, 0x00, 0x00, 0x00,
    0x00, 0x00, 0x00, 0x00, 0x00, 0x00, 0x00, 0x00, 0x00, 0x00, 0x00, 0x00, 0x00, 0x00, 0x00, 0x00,
    0x00, 0x00, 0x00, 0x00, 0x00, 0x00, 0x00, 0x00, 0x00, 0x00, 0x00, 0x00, 0x00, 0x00, 0x00, 0x00,
    0x00, 0x00, 0x00, 0x00, 0x00, 0x00, 0x00, 0x00, 0x00, 0x00, 0x00, 0x00, 0x00, 0x00, 0x00, 0x00,
    0x00, 0x00, 0x00, 0x00, 0x00, 0x00, 0x00, 0x00, 0x00, 0x00, 0x00, 0x00, 0x00, 0x00, 0x00, 0x00,
    0x00, 0x00, 0x00, 0x00, 0x00, 0x00, 0x00, 0x00, 0x00, 0x00, 0x00, 0x00, 0x00, 0x00, 0x00, 0x00,
    0x00, 0x00, 0x00, 0x00, 0x00, 0x00, 0x00, 0x00, 0x00, 0x00, 0x00, 0x00, 0x00, 0x00, 0x00, 0x00,
    0x00, 0x00, 0x00, 0x00, 0x00, 0x00, 0x00, 0x00, 0x4A, 0x80, 0xBB, 0x01, 0x4B, 0x81, 0xBC, 0x01,
    0x4C, 0x82, 0xBD, 0x01, 0x4E, 0x83, 0xBE, 0x01, 0x4E, 0x83, 0xBE, 0x01, 0x4F, 0x84, 0xBF, 0x01,
    0x50, 0x84, 0xBF, 0x01, 0x50, 0x83, 0xBF, 0x02, 0x50, 0x83, 0xBF, 0x02, 0x4F, 0x84, 0xBF, 0x03,
    0x48, 0x7F, 0xBF, 0x02, 0x4C, 0x86, 0xC8, 0x02, 0x4C, 0x86, 0xC8, 0x02, 0x39, 0x72, 0xAC, 0x4A,
    0x07, 0x24, 0x58, 0xB0, 0x02, 0x0E, 0x3B, 0xBD, 0x02, 0x0E, 0x3B, 0xBD, 0x08, 0x1A, 0x47, 0x85,
    0x27, 0x49, 0x7F, 0x6D, 0x49, 0x89, 0xC6, 0x08, 0x42, 0x80, 0xBF, 0x05, 0x42, 0x80, 0xBF, 0x05,
    0x45, 0x80, 0xBF, 0x04, 0x46, 0x81, 0xBF, 0x03, 0x45, 0x80, 0xBE, 0x02, 0x45, 0x80, 0xBE, 0x02,
    0x45, 0x80, 0xBE, 0x02, 0x43, 0x7F, 0xBE, 0x02, 0x42, 0x7F, 0xBE, 0x01, 0x42, 0x7F, 0xBE, 0x01,
    0x41, 0x7E, 0xBD, 0x02, 0x41, 0x7D, 0xBD, 0x02, 0x40, 0x7D, 0xBC, 0x01, 0x40, 0x7D, 0xBC, 0x01,
    0x40, 0x7C, 0xBB, 0x01, 0x40, 0x7C, 0xBB, 0x01, 0x3F, 0x7C, 0xBB, 0x01, 0x3F, 0x7C, 0xBA, 0x01,
    0x3F, 0x7C, 0xBA, 0x01, 0x3F, 0x7B, 0xB9, 0x01, 0x00, 0x00, 0x00, 0x00, 0x00, 0x00, 0x00, 0x00,
    0x00, 0x00, 0x00, 0x00, 0x00, 0x00, 0x00, 0x00, 0x00, 0x00, 0x00, 0x00, 0x00, 0x00, 0x00, 0x00,
    0x00, 0x00, 0x00, 0x00, 0x00, 0x00, 0x00, 0x00, 0x00, 0x00, 0x00, 0x00, 0x00, 0x00, 0x00, 0x00,
    0x00, 0x00, 0x00, 0x00, 0x00, 0x00, 0x00, 0x00, 0x00, 0x00, 0x00, 0x00, 0x00, 0x00, 0x00, 0x00,
    0x00, 0x00, 0x00, 0x00, 0x00, 0x00, 0x00, 0x00, 0x00, 0x00, 0x00, 0x00, 0x00, 0x00, 0x00, 0x00,
    0x00, 0x00, 0x00, 0x00, 0x00, 0x00, 0x00, 0x00, 0x00, 0x00, 0x00, 0x00, 0x00, 0x00, 0x00, 0x00,
    0x00, 0x00, 0x00, 0x00, 0x00, 0x00, 0x00, 0x00, 0x00, 0x00, 0x00, 0x00, 0x00, 0x00, 0x00, 0x00,
    0x00, 0x00, 0x00, 0x00, 0x00, 0x00, 0x00, 0x00, 0x00, 0x00, 0x00, 0x00, 0x00, 0x00, 0x00, 0x00,
    0x00, 0x00, 0x00, 0x00, 0x00, 0x00, 0x00, 0x00, 0x00, 0x00, 0x00, 0x00, 0x00, 0x00, 0x00, 0x00,
    0x00, 0x00, 0x00, 0x00, 0x00, 0x00, 0x00, 0x00, 0x00, 0x00, 0x00, 0x00, 0x00, 0x00, 0x00, 0x00,
    0x00, 0x00, 0x00, 0x00, 0x00, 0x00, 0x00, 0x00, 0x00, 0x00, 0x00, 0x00, 0x00, 0x00, 0x00, 0x00,
    0x00, 0x00, 0x00, 0x00, 0x00, 0x00, 0x00, 0x00, 0x00, 0x00, 0x00, 0x00, 0x00, 0x00, 0x00, 0x00,
    0x00, 0x00, 0x00, 0x00, 0x00, 0x00, 0x00, 0x00, 0x00, 0x00, 0x00, 0x00, 0x00, 0x00, 0x00, 0x00,
    0x00, 0x00, 0x00, 0x00, 0x00, 0x00, 0x00, 0x00, 0x00, 0x00, 0x00, 0x00, 0x00, 0x00, 0x00, 0x00,
    0x00, 0x00, 0x00, 0x00, 0x00, 0x00, 0x00, 0x00, 0x00, 0x00, 0x00, 0x00, 0x00, 0x00, 0x00, 0x00,
    0x00, 0x00, 0x00, 0x00, 0x00, 0x00, 0x00, 0x00, 0x00, 0x00, 0x00, 0x00, 0x00, 0x00, 0x00, 0x00,
    0x00, 0x00, 0x00, 0x00, 0x00, 0x00, 0x00, 0x00, 0x00, 0x00, 0x00, 0x00, 0x00, 0x00, 0x00, 0x00,
    0x00, 0x00, 0x00, 0x00, 0x00, 0x00, 0x00, 0x00, 0x00, 0x00, 0x00, 0x00, 0x00, 0x00, 0x00, 0x00,
    0x00, 0x00, 0x00, 0x00, 0x00, 0x00, 0x00, 0x00, 0x00, 0x00, 0x00, 0x00, 0x00, 0x00, 0x00, 0x00,
    0x00, 0x00, 0x00, 0x00, 0x00, 0x00, 0x00, 0x00, 0x00, 0x00, 0x00, 0x00, 0x00, 0x00, 0x00, 0x00,
    0x00, 0x00, 0x00, 0x00, 0x00, 0x00, 0x00, 0x00, 0x00, 0x00, 0x00, 0x00, 0x00, 0x00, 0x00, 0x00,
    0x00, 0x00, 0x00, 0x00, 0x00, 0x00, 0x00, 0x00, 0x00, 0x00, 0x00, 0x00, 0x00, 0x00, 0x00, 0x00,
    0x00, 0x00, 0x00, 0x00, 0x00, 0x00, 0x00, 0x00, 0x49, 0x82, 0xBE, 0x01, 0x4A, 0x82, 0xBF, 0x01,
    0x4C, 0x83, 0xC0, 0x01, 0x4D, 0x83, 0xC1, 0x01, 0x4D, 0x83, 0xC1, 0x01, 0x4E, 0x84, 0xC1, 0x01,
    0x4F, 0x84, 0xC1, 0x02, 0x4B, 0x82, 0xC1, 0x04, 0x4B, 0x82, 0xC1, 0x04, 0x46, 0x83, 0xC5, 0x01,
    0x47, 0x84, 0xC7, 0x15, 0x2F, 0x5E, 0x98, 0x5A, 0x2F, 0x5E, 0x98, 0x5A, 0x0B, 0x3E, 0x78, 0xB6,
    0x24, 0x66, 0xAD, 0xF0, 0x38, 0x86, 0xD0, 0xEF, 0x38, 0x86, 0xD0, 0xEF, 0x2F, 0x6F, 0xB7, 0xEE,
    0x07, 0x22, 0x5C, 0xD3, 0x3A, 0x6C, 0xA3, 0x45, 0x4D, 0x89, 0xC7, 0x08, 0x4D, 0x89, 0xC7, 0x08,
    0x44, 0x84, 0xC4, 0x04, 0x42, 0x80, 0xBF, 0x04, 0x43, 0x80, 0xC0, 0x02, 0x43, 0x80, 0xC0, 0x02,
    0x43, 0x80, 0xC0, 0x02, 0x43, 0x80, 0xC0, 0x02, 0x41, 0x7F, 0xBF, 0x02, 0x41, 0x7F, 0xBF, 0x02,
    0x41, 0x7F, 0xBF, 0x02, 0x40, 0x7E, 0xBE, 0x02, 0x40, 0x7E, 0xBE, 0x02, 0x40, 0x7E, 0xBE, 0x02,
    0x3F, 0x7D, 0xBD, 0x02, 0x3F, 0x7C, 0xBD, 0x02, 0x3F, 0x7C, 0xBC, 0x01, 0x3F, 0x7C, 0xBB, 0x01,
    0x3F, 0x7C, 0xBB, 0x01, 0x3E, 0x7B, 0xBA, 0x01, 0x3F, 0x7B, 0xBB, 0x01, 0x00, 0x00, 0x00, 0x00,
    0x00, 0x00, 0x00, 0x00, 0x00, 0x00, 0x00, 0x00, 0x00, 0x00, 0x00, 0x00, 0x00, 0x00, 0x00, 0x00,
    0x00, 0x00, 0x00, 0x00, 0x00, 0x00, 0x00, 0x00, 0x00, 0x00, 0x00, 0x00, 0x00, 0x00, 0x00, 0x00,
    0x00, 0x00, 0x00, 0x00, 0x00, 0x00, 0x00, 0x00, 0x00, 0x00, 0x00, 0x00, 0x00, 0x00, 0x00, 0x00,
    0x00, 0x00, 0x00, 0x00, 0x00, 0x00, 0x00, 0x00, 0x00, 0x00, 0x00, 0x00, 0x00, 0x00, 0x00, 0x00,
    0x00, 0x00, 0x00, 0x00, 0x00, 0x00, 0x00, 0x00, 0x00, 0x00, 0x00, 0x00, 0x00, 0x00, 0x00, 0x00,
    0x00, 0x00, 0x00, 0x00, 0x00, 0x00, 0x00, 0x00, 0x00, 0x00, 0x00, 0x00, 0x00, 0x00, 0x00, 0x00,
    0x00, 0x00, 0x00, 0x00, 0x00, 0x00, 0x00, 0x00, 0x00, 0x00, 0x00, 0x00, 0x00, 0x00, 0x00, 0x00,
    0x00, 0x00, 0x00, 0x00, 0x00, 0x00, 0x00, 0x00, 0x00, 0x00, 0x00, 0x00, 0x00, 0x00, 0x00, 0x00,
    0x00, 0x00, 0x00, 0x00, 0x00, 0x00, 0x00, 0x00, 0x00, 0x00, 0x00, 0x00, 0x00, 0x00, 0x00, 0x00,
    0x00, 0x00, 0x00, 0x00, 0x00, 0x00, 0x00, 0x00, 0x00, 0x00, 0x00, 0x00, 0x00, 0x00, 0x00, 0x00,
    0x00, 0x00, 0x00, 0x00, 0x00, 0x00, 0x00, 0x00, 0x00, 0x00, 0x00, 0x00, 0x00, 0x00, 0x00, 0x00,
    0x00, 0x00, 0x00, 0x00, 0x00, 0x00, 0x00, 0x00, 0x00, 0x00, 0x00, 0x00, 0x00, 0x00, 0x00, 0x00,
    0x00, 0x00, 0x00, 0x00, 0x00, 0x00, 0x00, 0x00, 0x00, 0x00, 0x00, 0x00, 0x00, 0x00, 0x00, 0x00,
    0x00, 0x00, 0x00, 0x00, 0x00, 0x00, 0x00, 0x00, 0x00, 0x00, 0x00, 0x00, 0x00, 0x00, 0x00, 0x00,
    0x00, 0x00, 0x00, 0x00, 0x00, 0x00, 0x00, 0x00, 0x00, 0x00, 0x00, 0x00, 0x00, 0x00, 0x00, 0x00,
    0x00, 0x00, 0x00, 0x00, 0x00, 0x00, 0x00, 0x00, 0x00, 0x00, 0x00, 0x00, 0x00, 0x00, 0x00, 0x00,
    0x00, 0x00, 0x00, 0x00, 0x00, 0x00, 0x00, 0x00, 0x00, 0x00, 0x00, 0x00, 0x00, 0x00, 0x00, 0x00,
    0x00, 0x00, 0x00, 0x00, 0x00, 0x00, 0x00, 0x00, 0x00, 0x00, 0x00, 0x00, 0x00, 0x00, 0x00, 0x00,
    0x00, 0x00, 0x00, 0x00, 0x00, 0x00, 0x00, 0x00, 0x00, 0x00, 0x00, 0x00, 0x00, 0x00, 0x00, 0x00,
    0x00, 0x00, 0x00, 0x00, 0x00, 0x00, 0x00, 0x00, 0x00, 0x00, 0x00, 0x00, 0x00, 0x00, 0x00, 0x00,
    0x00, 0x00, 0x00, 0x00, 0x00, 0x00, 0x00, 0x00, 0x00, 0x00, 0x00, 0x00, 0x00, 0x00, 0x00, 0x00,
    0x49, 0x82, 0xBF, 0x01, 0x49, 0x82, 0xBF, 0x01, 0x48, 0x81, 0xC0, 0x01, 0x49, 0x82, 0xC1, 0x01,
    0x4A, 0x82, 0xC1, 0x01, 0x4B, 0x83, 0xC3, 0x01, 0x4B, 0x83, 0xC3, 0x01, 0x4C, 0x84, 0xC3, 0x02,
    0x4B, 0x84, 0xC2, 0x03, 0x47, 0x84, 0xC6, 0x03, 0x47, 0x84, 0xC6, 0x03, 0x40, 0x7D, 0xBE, 0x0A,
    0x1F, 0x49, 0x7B, 0x8C, 0x01, 0x0F, 0x39, 0xDB, 0x01, 0x0F, 0x39, 0xDB, 0x07, 0x3A, 0x8A, 0xF3,
    0x3E, 0xA7, 0xFA, 0xF1, 0x3E, 0xA1, 0xFA, 0xF1, 0x3E, 0xA1, 0xFA, 0xF1, 0x48, 0xAA, 0xFA, 0xEE,
    0x2A, 0x66, 0xBE, 0xE7, 0x03, 0x15, 0x4B, 0xBA, 0x1D, 0x49, 0x82, 0x6B, 0x1D, 0x49, 0x82, 0x6B,
    0x44, 0x89, 0xC8, 0x05, 0x42, 0x82, 0xC3, 0x07, 0x42, 0x81, 0xC2, 0x05, 0x42, 0x81, 0xC2, 0x05,
    0x43, 0x80, 0xC2, 0x02, 0x42, 0x80, 0xC2, 0x02, 0x41, 0x80, 0xC1, 0x02, 0x41, 0x80, 0xC1, 0x02,
    0x40, 0x7F, 0xC1, 0x02, 0x40, 0x7E, 0xC0, 0x02, 0x3F, 0x7E, 0xBF, 0x02, 0x3F, 0x7E, 0xBF, 0x02,
    0x3F, 0x7E, 0xBE, 0x02, 0x3F, 0x7D, 0xBE, 0x01, 0x3E, 0x7D, 0xBD, 0x01, 0x3E, 0x7D, 0xBC, 0x01,
    0x3E, 0x7D, 0xBC, 0x01, 0x3E, 0x7D, 0xBC, 0x01, 0x3E, 0x7C, 0xBC, 0x01, 0x00, 0x00, 0x00, 0x00,
    0x00, 0x00, 0x00, 0x00, 0x00, 0x00, 0x00, 0x00, 0x00, 0x00, 0x00, 0x00, 0x00, 0x00, 0x00, 0x00,
    0x00, 0x00, 0x00, 0x00, 0x00, 0x00, 0x00, 0x00, 0x00, 0x00, 0x00, 0x00, 0x00, 0x00, 0x00, 0x00,
    0x00, 0x00, 0x00, 0x00, 0x00, 0x00, 0x00, 0x00, 0x00, 0x00, 0x00, 0x00, 0x00, 0x00, 0x00, 0x00,
    0x00, 0x00, 0x00, 0x00, 0x00, 0x00, 0x00, 0x00, 0x00, 0x00, 0x00, 0x00, 0x00, 0x00, 0x00, 0x00,
    0x00, 0x00, 0x00, 0x00, 0x00, 0x00, 0x00, 0x00, 0x00, 0x00, 0x00, 0x00, 0x00, 0x00, 0x00, 0x00,
    0x00, 0x00, 0x00, 0x00, 0x00, 0x00, 0x00, 0x00, 0x00, 0x00, 0x00, 0x00, 0x00, 0x00, 0x00, 0x00,
    0x00, 0x00, 0x00, 0x00, 0x00, 0x00, 0x00, 0x00, 0x00, 0x00, 0x00, 0x00, 0x00, 0x00, 0x00, 0x00,
    0x00, 0x00, 0x00, 0x00, 0x00, 0x00, 0x00, 0x00, 0x00, 0x00, 0x00, 0x00, 0x00, 0x00, 0x00, 0x00,
    0x00, 0x00, 0x00, 0x00, 0x00, 0x00, 0x00, 0x00, 0x00, 0x00, 0x00, 0x00, 0x00, 0x00, 0x00, 0x00,
    0x00, 0x00, 0x00, 0x00, 0x00, 0x00, 0x00, 0x00, 0x00, 0x00, 0x00, 0x00, 0x00, 0x00, 0x00, 0x00,
    0x00, 0x00, 0x00, 0x00, 0x00, 0x00, 0x00, 0x00, 0x00, 0x00, 0x00, 0x00, 0x00, 0x00, 0x00, 0x00,
    0x00, 0x00, 0x00, 0x00, 0x00, 0x00, 0x00, 0x00, 0x00, 0x00, 0x00, 0x00, 0x00, 0x00, 0x00, 0x00,
    0x00, 0x00, 0x00, 0x00, 0x00, 0x00, 0x00, 0x00, 0x00, 0x00, 0x00, 0x00, 0x00, 0x00, 0x00, 0x00,
    0x00, 0x00, 0x00, 0x00, 0x00, 0x00, 0x00, 0x00, 0x00, 0x00, 0x00, 0x00, 0x00, 0x00, 0x00, 0x00,
    0x00, 0x00, 0x00, 0x00, 0x00, 0x00, 0x00, 0x00, 0x00, 0x00, 0x00, 0x00, 0x00, 0x00, 0x00, 0x00,
    0x00, 0x00, 0x00, 0x00, 0x00, 0x00, 0x00, 0x00, 0x00, 0x00, 0x00, 0x00, 0x00, 0x00, 0x00, 0x00,
    0x00, 0x00, 0x00, 0x00, 0x00, 0x00, 0x00, 0x00, 0x00, 0x00, 0x00, 0x00, 0x00, 0x00, 0x00, 0x00,
    0x00, 0x00, 0x00, 0x00, 0x00, 0x00, 0x00, 0x00, 0x00, 0x00, 0x00, 0x00, 0x00, 0x00, 0x00, 0x00,
    0x00, 0x00, 0x00, 0x00, 0x00, 0x00, 0x00, 0x00, 0x00, 0x00, 0x00, 0x00, 0x00, 0x00, 0x00, 0x00,
    0x00, 0x00, 0x00, 0x00, 0x00, 0x00, 0x00, 0x00, 0x00, 0x00, 0x00, 0x00, 0x00, 0x00, 0x00, 0x00,
    0x4A, 0x85, 0xC0, 0x01, 0x4A, 0x85, 0xC0, 0x01, 0x49, 0x84, 0xC0, 0x01, 0x48, 0x83, 0xC1, 0x01,
    0x47, 0x82, 0xC2, 0x01, 0x47, 0x82, 0xC2, 0x01, 0x46, 0x82, 0xC2, 0x02, 0x47, 0x82, 0xC3, 0x02,
    0x48, 0x82, 0xC3, 0x02, 0x48, 0x83, 0xC5, 0x02, 0x48, 0x83, 0xC5, 0x02, 0x48, 0x83, 0xC6, 0x03,
    0x44, 0x83, 0xC5, 0x02, 0x48, 0x87, 0xCC, 0x0D, 0x48, 0x87, 0xCC, 0x0D, 0x11, 0x36, 0x6F, 0x8D,
    0x01, 0x17, 0x4A, 0xDC, 0x2D, 0x7F, 0xC4, 0xDF, 0x2D, 0x7F, 0xC4, 0xDF, 0x37, 0xA1, 0xF5, 0xF6,
    0x32, 0x91, 0xF7, 0xF3, 0x35, 0x86, 0xF4, 0xF7, 0x35, 0x86, 0xF4, 0xF7, 0x42, 0x94, 0xF7, 0xF4,
    0x49, 0x9E, 0xF6, 0xF3, 0x3A, 0x81, 0xD3, 0xEC, 0x23, 0x64, 0x93, 0xCD, 0x23, 0x64, 0x93, 0xCD,
    0x2F, 0x73, 0xAC, 0x34, 0x3F, 0x82, 0xC4, 0x01, 0x3E, 0x81, 0xC4, 0x05, 0x3E, 0x81, 0xC4, 0x05,
    0x40, 0x7F, 0xC4, 0x04, 0x41, 0x80, 0xC4, 0x03, 0x41, 0x7F, 0xC2, 0x03, 0x41, 0x7F, 0xC2, 0x03,
    0x3F, 0x7F, 0xC2, 0x03, 0x3E, 0x7E, 0xC1, 0x02, 0x3E, 0x7E, 0xC0, 0x02, 0x3E, 0x7E, 0xC0, 0x02,
    0x3D, 0x7E, 0xBF, 0x02, 0x3D, 0x7D, 0xBF, 0x02, 0x3D, 0x7D, 0xBE, 0x01, 0x3D, 0x7D, 0xBE, 0x01,
    0x3D, 0x7D, 0xBE, 0x01, 0x3E, 0x7E, 0xBE, 0x01, 0x3D, 0x7D, 0xBD, 0x01, 0x3D, 0x7C, 0xBD, 0x01,
    0x3D, 0x7C, 0xBD, 0x01, 0x00, 0x00, 0x00, 0x00, 0x00, 0x00, 0x00, 0x00, 0x00, 0x00, 0x00, 0x00,
    0x00, 0x00, 0x00, 0x00, 0x00, 0x00, 0x00, 0x00, 0x00, 0x00, 0x00, 0x00, 0x00, 0x00, 0x00, 0x00,
    0x00, 0x00, 0x00, 0x00, 0x00, 0x00, 0x00, 0x00, 0x00, 0x00, 0x00, 0x00, 0x00, 0x00, 0x00, 0x00,
    0x00, 0x00, 0x00, 0x00, 0x00, 0x00, 0x00, 0x00, 0x00, 0x00, 0x00, 0x00, 0x00, 0x00, 0x00, 0x00,
    0x00, 0x00, 0x00, 0x00, 0x00, 0x00, 0x00, 0x00, 0x00, 0x00, 0x00, 0x00, 0x00, 0x00, 0x00, 0x00,
    0x00, 0x00, 0x00, 0x00, 0x00, 0x00, 0x00, 0x00, 0x00, 0x00, 0x00, 0x00, 0x00, 0x00, 0x00, 0x00,
    0x00, 0x00, 0x00, 0x00, 0x00, 0x00, 0x00, 0x00, 0x00, 0x00, 0x00, 0x00, 0x00, 0x00, 0x00, 0x00,
    0x00, 0x00, 0x00, 0x00, 0x00, 0x00, 0x00, 0x00, 0x00, 0x00, 0x00, 0x00, 0x00, 0x00, 0x00, 0x00,
    0x00, 0x00, 0x00, 0x00, 0x00, 0x00, 0x00, 0x00, 0x00, 0x00, 0x00, 0x00, 0x00, 0x00, 0x00, 0x00,
    0x00, 0x00, 0x00, 0x00, 0x00, 0x00, 0x00, 0x00, 0x00, 0x00, 0x00, 0x00, 0x00, 0x00, 0x00, 0x00,
    0x00, 0x00, 0x00, 0x00, 0x00, 0x00, 0x00, 0x00, 0x00, 0x00, 0x00, 0x00, 0x00, 0x00, 0x00, 0x00,
    0x00, 0x00, 0x00, 0x00, 0x00, 0x00, 0x00, 0x00, 0x00, 0x00, 0x00, 0x00, 0x00, 0x00, 0x00, 0x00,
    0x00, 0x00, 0x00, 0x00, 0x00, 0x00, 0x00, 0x00, 0x00, 0x00, 0x00, 0x00, 0x00, 0x00, 0x00, 0x00,
    0x00, 0x00, 0x00, 0x00, 0x00, 0x00, 0x00, 0x00, 0x00, 0x00, 0x00, 0x00, 0x00, 0x00, 0x00, 0x00,
    0x00, 0x00, 0x00, 0x00, 0x00, 0x00, 0x00, 0x00, 0x41, 0x7B, 0xB6, 0x01, 0x40, 0x7B, 0xB7, 0x01,
    0x40, 0x7B, 0xB7, 0x01, 0x40, 0x7D, 0xBA, 0x01, 0x3E, 0x7C, 0xB8, 0x02, 0x3F, 0x7C, 0xB9, 0x01,
    0x3F, 0x7C, 0xB9, 0x01, 0x00, 0x00, 0x00, 0x00, 0x00, 0x00, 0x00, 0x00, 0x00, 0x00, 0x00, 0x00,
    0x00, 0x00, 0x00, 0x00, 0x00, 0x00, 0x00, 0x00, 0x00, 0x00, 0x00, 0x00, 0x00, 0x00, 0x00, 0x00,
    0x00, 0x00, 0x00, 0x00, 0x00, 0x00, 0x00, 0x00, 0x00, 0x00, 0x00, 0x00, 0x00, 0x00, 0x00, 0x00,
    0x4A, 0x85, 0xC1, 0x01, 0x4A, 0x85, 0xC1, 0x01, 0x4B, 0x87, 0xC3, 0x01, 0x4B, 0x87, 0xC4, 0x02,
    0x46, 0x86, 0xC4, 0x04, 0x46, 0x86, 0xC4, 0x04, 0x46, 0x86, 0xC5, 0x04, 0x46, 0x86, 0xC4, 0x05,
    0x45, 0x85, 0xC5, 0x04, 0x45, 0x85, 0xC5, 0x04, 0x45, 0x83, 0xC4, 0x05, 0x45, 0x82, 0xC4, 0x04,
    0x45, 0x80, 0xC3, 0x04, 0x44, 0x80, 0xC5, 0x03, 0x44, 0x80, 0xC5, 0x03, 0x40, 0x82, 0xC9, 0x05,
    0x44, 0x85, 0xCD, 0x10, 0x23, 0x57, 0x95, 0x7E, 0x23, 0x57, 0x95, 0x7E, 0x08, 0x3C, 0x80, 0xF1,
    0x2D, 0x88, 0xDA, 0xF7, 0x36, 0xAA, 0xFB, 0xF6, 0x36, 0xAA, 0xFB, 0xF6, 0x1F, 0x8C, 0xF5, 0xF7,
    0x2F, 0x90, 0xF9, 0xF3, 0x49, 0x99, 0xFB, 0xF6, 0x49, 0x99, 0xFB, 0xF6, 0x51, 0x9C, 0xFB, 0xF5,
    0x4A, 0x97, 0xF9, 0xF5, 0x58, 0xB1, 0xFB, 0xF2, 0x23, 0x66, 0xAC, 0xD6, 0x23, 0x66, 0xAC, 0xD6,
    0x02, 0x21, 0x53, 0x7A, 0x35, 0x7D, 0xBB, 0x33, 0x3C, 0x85, 0xCB, 0x0A, 0x3C, 0x85, 0xCB, 0x0A,
    0x3C, 0x80, 0xC5, 0x06, 0x3F, 0x80, 0xC6, 0x02, 0x3F, 0x80, 0xC4, 0x04, 0x3F, 0x80, 0xC4, 0x04,
    0x3E, 0x80, 0xC4, 0x03, 0x3E, 0x80, 0xC3, 0x03, 0x3E, 0x7F, 0xC2, 0x02, 0x3E, 0x7F, 0xC2, 0x02,
    0x3D, 0x7F, 0xC1, 0x02, 0x3D, 0x7E, 0xC0, 0x02, 0x3D, 0x7E, 0xBF, 0x02, 0x3D, 0x7E, 0xBF, 0x01,
    0x3D, 0x7E, 0xBF, 0x01, 0x3D, 0x7E, 0xBE, 0x01, 0x3D, 0x7D, 0xBE, 0x01, 0x3D, 0x7D, 0xBE, 0x01,
    0x3D, 0x7D, 0xBE, 0x01, 0x00, 0x00, 0x00, 0x00, 0x00, 0x00, 0x00, 0x00, 0x00, 0x00, 0x00, 0x00,
    0x00, 0x00, 0x00, 0x00, 0x00, 0x00, 0x00, 0x00, 0x00, 0x00, 0x00, 0x00, 0x00, 0x00, 0x00, 0x00,
    0x00, 0x00, 0x00, 0x00, 0x00, 0x00, 0x00, 0x00, 0x00, 0x00, 0x00, 0x00, 0x00, 0x00, 0x00, 0x00,
    0x00, 0x00, 0x00, 0x00, 0x00, 0x00, 0x00, 0x00, 0x00, 0x00, 0x00, 0x00, 0x00, 0x00, 0x00, 0x00,
    0x00, 0x00, 0x00, 0x00, 0x00, 0x00, 0x00, 0x00, 0x00, 0x00, 0x00, 0x00, 0x00, 0x00, 0x00, 0x00,
    0x00, 0x00, 0x00, 0x00, 0x00, 0x00, 0x00, 0x00, 0x00, 0x00, 0x00, 0x00, 0x00, 0x00, 0x00, 0x00,
    0x00, 0x00, 0x00, 0x00, 0x00, 0x00, 0x00, 0x00, 0x00, 0x00, 0x00, 0x00, 0x00, 0x00, 0x00, 0x00,
    0x00, 0x00, 0x00, 0x00, 0x00, 0x00, 0x00, 0x00, 0x00, 0x00, 0x00, 0x00, 0x00, 0x00, 0x00, 0x00,
    0x00, 0x00, 0x00, 0x00, 0x00, 0x00, 0x00, 0x00, 0x00, 0x00, 0x00, 0x00, 0x00, 0x00, 0x00, 0x00,
    0x00, 0x00, 0x00, 0x00, 0x00, 0x00, 0x00, 0x00, 0x00, 0x00, 0x00, 0x00, 0x00, 0x00, 0x00, 0x00,
    0x00, 0x00, 0x00, 0x00, 0x00, 0x00, 0x00, 0x00, 0x00, 0x00, 0x00, 0x00, 0x00, 0x00, 0x00, 0x00,
    0x00, 0x00, 0x00, 0x00, 0x00, 0x00, 0x00, 0x00, 0x00, 0x00, 0x00, 0x00, 0x00, 0x00, 0x00, 0x00,
    0x00, 0x00, 0x00, 0x00, 0x00, 0x00, 0x00, 0x00, 0x00, 0x00, 0x00, 0x00, 0x00, 0x00, 0x00, 0x00,
    0x00, 0x00, 0x00, 0x00, 0x00, 0x00, 0x00, 0x00, 0x00, 0x00, 0x00, 0x00, 0x00, 0x00, 0x00, 0x00,
    0x00, 0x00, 0x00, 0x00, 0x00, 0x00, 0x00, 0x00, 0x41, 0x7B, 0xB6, 0x01, 0x40, 0x7B, 0xB7, 0x01,
    0x40, 0x7B, 0xB7, 0x01, 0x40, 0x7D, 0xBA, 0x01, 0x3E, 0x7C, 0xB8, 0x02, 0x3F, 0x7C, 0xB9, 0x01,
    0x3F, 0x7C, 0xB9, 0x01, 0x00, 0x00, 0x00, 0x00, 0x00, 0x00, 0x00, 0x00, 0x00, 0x00, 0x00, 0x00,
    0x00, 0x00, 0x00, 0x00, 0x00, 0x00, 0x00, 0x00, 0x00, 0x00, 0x00, 0x00, 0x00, 0x00, 0x00, 0x00,
    0x00, 0x00, 0x00, 0x00, 0x00, 0x00, 0x00, 0x00, 0x00, 0x00, 0x00, 0x00, 0x00, 0x00, 0x00, 0x00,
    0x4A, 0x85, 0xC1, 0x01, 0x4A, 0x85, 0xC1, 0x01, 0x4B, 0x87, 0xC3, 0x01, 0x4B, 0x87, 0xC4, 0x02,
    0x46, 0x86, 0xC4, 0x04, 0x46, 0x86, 0xC4, 0x04, 0x46, 0x86, 0xC5, 0x04, 0x46, 0x86, 0xC4, 0x05,
    0x45, 0x85, 0xC5, 0x04, 0x45, 0x85, 0xC5, 0x04, 0x45, 0x83, 0xC4, 0x05, 0x45, 0x82, 0xC4, 0x04,
    0x45, 0x80, 0xC3, 0x04, 0x44, 0x80, 0xC5, 0x03, 0x44, 0x80, 0xC5, 0x03, 0x40, 0x82, 0xC9, 0x05,
    0x44, 0x85, 0xCD, 0x10, 0x23, 0x57, 0x95, 0x7E, 0x23, 0x57, 0x95, 0x7E, 0x08, 0x3C, 0x80, 0xF1,
    0x2D, 0x88, 0xDA, 0xF7, 0x36, 0xAA, 0xFB, 0xF6, 0x36, 0xAA, 0xFB, 0xF6, 0x1F, 0x8C, 0xF5, 0xF7,
    0x2F, 0x90, 0xF9, 0xF3, 0x49, 0x99, 0xFB, 0xF6, 0x49, 0x99, 0xFB, 0xF6, 0x51, 0x9C, 0xFB, 0xF5,
    0x4A, 0x97, 0xF9, 0xF5, 0x58, 0xB1, 0xFB, 0xF2, 0x23, 0x66, 0xAC, 0xD6, 0x23, 0x66, 0xAC, 0xD6,
    0x02, 0x21, 0x53, 0x7A, 0x35, 0x7D, 0xBB, 0x33, 0x3C, 0x85, 0xCB, 0x0A, 0x3C, 0x85, 0xCB, 0x0A,
    0x3C, 0x80, 0xC5, 0x06, 0x3F, 0x80, 0xC6, 0x02, 0x3F, 0x80, 0xC4, 0x04, 0x3F, 0x80, 0xC4, 0x04,
    0x3E, 0x80, 0xC4, 0x03, 0x3E, 0x80, 0xC3, 0x03, 0x3E, 0x7F, 0xC2, 0x02, 0x3E, 0x7F, 0xC2, 0x02,
    0x3D, 0x7F, 0xC1, 0x02, 0x3D, 0x7E, 0xC0, 0x02, 0x3D, 0x7E, 0xBF, 0x02, 0x3D, 0x7E, 0xBF, 0x01,
    0x3D, 0x7E, 0xBF, 0x01, 0x3D, 0x7E, 0xBE, 0x01, 0x3D, 0x7D, 0xBE, 0x01, 0x3D, 0x7D, 0xBE, 0x01,
    0x3D, 0x7D, 0xBE, 0x01, 0x00, 0x00, 0x00, 0x00, 0x00, 0x00, 0x00, 0x00, 0x00, 0x00, 0x00, 0x00,
    0x00, 0x00, 0x00, 0x00, 0x00, 0x00, 0x00, 0x00, 0x00, 0x00, 0x00, 0x00, 0x00, 0x00, 0x00, 0x00,
    0x00, 0x00, 0x00, 0x00, 0x00, 0x00, 0x00, 0x00, 0x00, 0x00, 0x00, 0x00, 0x00, 0x00, 0x00, 0x00,
    0x00, 0x00, 0x00, 0x00, 0x00, 0x00, 0x00, 0x00, 0x00, 0x00, 0x00, 0x00, 0x00, 0x00, 0x00, 0x00,
    0x00, 0x00, 0x00, 0x00, 0x00, 0x00, 0x00, 0x00, 0x00, 0x00, 0x00, 0x00, 0x00, 0x00, 0x00, 0x00,
    0x00, 0x00, 0x00, 0x00, 0x00, 0x00, 0x00, 0x00, 0x00, 0x00, 0x00, 0x00, 0x00, 0x00, 0x00, 0x00,
    0x00, 0x00, 0x00, 0x00, 0x00, 0x00, 0x00, 0x00, 0x00, 0x00, 0x00, 0x00, 0x00, 0x00, 0x00, 0x00,
    0x00, 0x00, 0x00, 0x00, 0x00, 0x00, 0x00, 0x00, 0x00, 0x00, 0x00, 0x00, 0x00, 0x00, 0x00, 0x00,
    0x00, 0x00, 0x00, 0x00, 0x00, 0x00, 0x00, 0x00, 0x00, 0x00, 0x00, 0x00, 0x00, 0x00, 0x00, 0x00,
    0x00, 0x00, 0x00, 0x00, 0x00, 0x00, 0x00, 0x00, 0x00, 0x00, 0x00, 0x00, 0x00, 0x00, 0x00, 0x00,
    0x00, 0x00, 0x00, 0x00, 0x00, 0x00, 0x00, 0x00, 0x00, 0x00, 0x00, 0x00, 0x00, 0x00, 0x00, 0x00,
    0x00, 0x00, 0x00, 0x00, 0x00, 0x00, 0x00, 0x00, 0x00, 0x00, 0x00, 0x00, 0x00, 0x00, 0x00, 0x00,
    0x00, 0x00, 0x00, 0x00, 0x00, 0x00, 0x00, 0x00, 0x00, 0x00, 0x00, 0x00, 0x00, 0x00, 0x00, 0x00,
    0x00, 0x00, 0x00, 0x00, 0x00, 0x00, 0x00, 0x00, 0x43, 0x7B, 0xB8, 0x01, 0x43, 0x7D, 0xB9, 0x01,
    0x43, 0x7D, 0xB9, 0x01, 0x3F, 0x7B, 0xB7, 0x01, 0x00, 0x00, 0x00, 0x00, 0x46, 0x7C, 0xBA, 0x04,
    0x46, 0x7C, 0xBA, 0x04, 0x45, 0x7E, 0xBB, 0x03, 0x48, 0x80, 0xBF, 0x02, 0x00, 0x00, 0x00, 0x00,
    0x00, 0x00, 0x00, 0x00, 0x3D, 0x7C, 0xBB, 0x03, 0x3D, 0x7B, 0xBA, 0x03, 0x40, 0x7D, 0xBC, 0x01,
    0x40, 0x7D, 0xBC, 0x01, 0x00, 0x00, 0x00, 0x00, 0x00, 0x00, 0x00, 0x00, 0x00, 0x00, 0x00, 0x00,
    0x00, 0x00, 0x00, 0x00, 0x00, 0x00, 0x00, 0x00, 0x4C, 0x86, 0xC7, 0x02, 0x4B, 0x85, 0xC5, 0x04,
    0x49, 0x85, 0xC4, 0x04, 0x49, 0x85, 0xC4, 0x04, 0x46, 0x84, 0xC4, 0x03, 0x43, 0x85, 0xC6, 0x02,
    0x44, 0x87, 0xC8, 0x01, 0x44, 0x87, 0xC8, 0x01, 0x48, 0x8A, 0xC9, 0x01, 0x4B, 0x8B, 0xC8, 0x03,
    0x4A, 0x8C, 0xCA, 0x03, 0x4A, 0x8C, 0xCA, 0x03, 0x4E, 0x8A, 0xCD, 0x07, 0x4E, 0x8C, 0xD0, 0x0B,
    0x4B, 0x89, 0xD1, 0x0F, 0x46, 0x89, 0xD2, 0x15, 0x46, 0x89, 0xD2, 0x15, 0x46, 0x8F, 0xD5, 0x25,
    0x32, 0x71, 0xAA, 0x4B, 0x02, 0x1D, 0x5D, 0xE5, 0x02, 0x1D, 0x5D, 0xE5, 0x24, 0x7D, 0xD1, 0xEE,
    0x2F, 0xA0, 0xF9, 0xF4, 0x21, 0x8C, 0xF6, 0xF4, 0x21, 0x8C, 0xF6, 0xF4, 0x22, 0x84, 0xF4, 0xF8,
    0x35, 0x84, 0xF6, 0xF6, 0x53, 0x96, 0xFD, 0xF7, 0x53, 0x96, 0xFD, 0xF7, 0x58, 0x96, 0xFC, 0xF8,
    0x51, 0x8E, 0xF8, 0xF6, 0x58, 0xA2, 0xFC, 0xF6, 0x40, 0x86, 0xE0, 0xEF, 0x40, 0x86, 0xE0, 0xEF,
    0x01, 0x1C, 0x47, 0xDA, 0x1F, 0x5A, 0x83, 0x7C, 0x3D, 0x84, 0xC6, 0x03, 0x3D, 0x84, 0xC6, 0x03,
    0x39, 0x7F, 0xC4, 0x0E, 0x3C, 0x7F, 0xC6, 0x05, 0x3D, 0x7F, 0xC5, 0x04, 0x3D, 0x7F, 0xC5, 0x04,
    0x3F, 0x81, 0xC5, 0x04, 0x3E, 0x80, 0xC4, 0x03, 0x3E, 0x80, 0xC4, 0x03, 0x3E, 0x80, 0xC4, 0x03,
    0x3D, 0x7F, 0xC3, 0x03, 0x3C, 0x7E, 0xC2, 0x02, 0x3C, 0x7E, 0xC1, 0x02, 0x3C, 0x7E, 0xC0, 0x01,
    0x3C, 0x7E, 0xC0, 0x01, 0x3C, 0x7D, 0xBF, 0x01, 0x3C, 0x7D, 0xC0, 0x01, 0x3C, 0x7D, 0xBF, 0x01,
    0x3C, 0x7D, 0xBF, 0x01, 0x00, 0x00, 0x00, 0x00, 0x00, 0x00, 0x00, 0x00, 0x00, 0x00, 0x00, 0x00,
    0x00, 0x00, 0x00, 0x00, 0x00, 0x00, 0x00, 0x00, 0x00, 0x00, 0x00, 0x00, 0x00, 0x00, 0x00, 0x00,
    0x00, 0x00, 0x00, 0x00, 0x00, 0x00, 0x00, 0x00, 0x00, 0x00, 0x00, 0x00, 0x00, 0x00, 0x00, 0x00,
    0x00, 0x00, 0x00, 0x00, 0x00, 0x00, 0x00, 0x00, 0x00, 0x00, 0x00, 0x00, 0x00, 0x00, 0x00, 0x00,
    0x00, 0x00, 0x00, 0x00, 0x00, 0x00, 0x00, 0x00, 0x00, 0x00, 0x00, 0x00, 0x00, 0x00, 0x00, 0x00,
    0x00, 0x00, 0x00, 0x00, 0x00, 0x00, 0x00, 0x00, 0x00, 0x00, 0x00, 0x00, 0x00, 0x00, 0x00, 0x00,
    0x00, 0x00, 0x00, 0x00, 0x00, 0x00, 0x00, 0x00, 0x00, 0x00, 0x00, 0x00, 0x00, 0x00, 0x00, 0x00,
    0x00, 0x00, 0x00, 0x00, 0x00, 0x00, 0x00, 0x00, 0x00, 0x00, 0x00, 0x00, 0x00, 0x00, 0x00, 0x00,
    0x00, 0x00, 0x00, 0x00, 0x00, 0x00, 0x00, 0x00, 0x00, 0x00, 0x00, 0x00, 0x00, 0x00, 0x00, 0x00,
    0x00, 0x00, 0x00, 0x00, 0x00, 0x00, 0x00, 0x00, 0x00, 0x00, 0x00, 0x00, 0x00, 0x00, 0x00, 0x00,
    0x00, 0x00, 0x00, 0x00, 0x00, 0x00, 0x00, 0x00, 0x00, 0x00, 0x00, 0x00, 0x00, 0x00, 0x00, 0x00,
    0x00, 0x00, 0x00, 0x00, 0x00, 0x00, 0x00, 0x00, 0x00, 0x00, 0x00, 0x00, 0x00, 0x00, 0x00, 0x00,
    0x00, 0x00, 0x00, 0x00, 0x00, 0x00, 0x00, 0x00, 0x00, 0x00, 0x00, 0x00, 0x00, 0x00, 0x00, 0x00,
    0x00, 0x00, 0x00, 0x00, 0x00, 0x00, 0x00, 0x00, 0x43, 0x7D, 0xB9, 0x01, 0x3F, 0x7B, 0xB8, 0x01,
    0x3F, 0x7B, 0xB8, 0x01, 0x42, 0x81, 0xBE, 0x06, 0x2C, 0x60, 0x9C, 0x62, 0x05, 0x1C, 0x55, 0xBA,
    0x05, 0x1C, 0x55, 0xBA, 0x03, 0x14, 0x4E, 0xBA, 0x04, 0x13, 0x4E, 0xB7, 0x13, 0x3C, 0x79, 0x72,
    0x13, 0x3C, 0x79, 0x72, 0x33, 0x76, 0xB2, 0x02, 0x00, 0x00, 0x00, 0x00, 0x00, 0x00, 0x00, 0x00,
    0x00, 0x00, 0x00, 0x00, 0x3F, 0x80, 0xC0, 0x01, 0x00, 0x00, 0x00, 0x00, 0x45, 0x83, 0xC6, 0x01,
    0x45, 0x84, 0xC4, 0x03, 0x45, 0x84, 0xC4, 0x03, 0x42, 0x81, 0xC4, 0x01, 0x00, 0x00, 0x00, 0x00,
    0x00, 0x00, 0x00, 0x00, 0x00, 0x00, 0x00, 0x00, 0x00, 0x00, 0x00, 0x00, 0x47, 0x94, 0xD5, 0x09,
    0x1E, 0x58, 0x97, 0x78, 0x1E, 0x58, 0x97, 0x78, 0x04, 0x28, 0x61, 0x9A, 0x04, 0x26, 0x5D, 0xB1,
    0x05, 0x26, 0x5A, 0xB8, 0x05, 0x26, 0x5A, 0xB8, 0x04, 0x20, 0x56, 0xBF, 0x09, 0x27, 0x5A, 0xC1,
    0x0C, 0x28, 0x59, 0xC2, 0x0F, 0x2C, 0x5F, 0xC2, 0x0F, 0x2C, 0x5F, 0xC2, 0x10, 0x33, 0x65, 0xD1,
    0x03, 0x2E, 0x5A, 0xDA, 0x17, 0x65, 0xAC, 0xF8, 0x17, 0x65, 0xAC, 0xF8, 0x2E, 0x9F, 0xF6, 0xF6,
    0x28, 0x98, 0xF9, 0xF8, 0x26, 0x8B, 0xF8, 0xF7, 0x26, 0x8B, 0xF8, 0xF7, 0x2D, 0x83, 0xF6, 0xF7,
    0x45, 0x86, 0xF9, 0xF7, 0x5E, 0x92, 0xFC, 0xF8, 0x5E, 0x92, 0xFC, 0xF8, 0x5F, 0x92, 0xFC, 0xF7,
    0x5D, 0x95, 0xFC, 0xF8, 0x57, 0x9A, 0xFD, 0xF7, 0x5D, 0xAF, 0xFB, 0xF4, 0x5D, 0xAF, 0xFB, 0xF4,
    0x2D, 0x77, 0xB3, 0xE7, 0x00, 0x06, 0x1F, 0xC3, 0x21, 0x57, 0x91, 0x54, 0x21, 0x57, 0x91, 0x54,
    0x3D, 0x86, 0xCA, 0x11, 0x38, 0x7D, 0xC3, 0x07, 0x3D, 0x80, 0xC5, 0x04, 0x3D, 0x80, 0xC5, 0x04,
    0x3D, 0x80, 0xC6, 0x03, 0x3E, 0x81, 0xC6, 0x04, 0x3D, 0x81, 0xC6, 0x03, 0x3D, 0x81, 0xC6, 0x03,
    0x3E, 0x81, 0xC5, 0x03, 0x3D, 0x80, 0xC4, 0x02, 0x3D, 0x80, 0xC3, 0x02, 0x3C, 0x7F, 0xC1, 0x02,
    0x3C, 0x7F, 0xC1, 0x02, 0x3D, 0x7E, 0xC1, 0x01, 0x3C, 0x7E, 0xC1, 0x01, 0x3C, 0x7D, 0xC0, 0x01,
    0x3C, 0x7D, 0xC0, 0x01, 0x00, 0x00, 0x00, 0x00, 0x00, 0x00, 0x00, 0x00, 0x00, 0x00, 0x00, 0x00,
    0x00, 0x00, 0x00, 0x00, 0x00, 0x00, 0x00, 0x00, 0x00, 0x00, 0x00, 0x00, 0x00, 0x00, 0x00, 0x00,
    0x00, 0x00, 0x00, 0x00, 0x00, 0x00, 0x00, 0x00, 0x00, 0x00, 0x00, 0x00, 0x00, 0x00, 0x00, 0x00,
    0x00, 0x00, 0x00, 0x00, 0x00, 0x00, 0x00, 0x00, 0x00, 0x00, 0x00, 0x00, 0x00, 0x00, 0x00, 0x00,
    0x00, 0x00, 0x00, 0x00, 0x00, 0x00, 0x00, 0x00, 0x00, 0x00, 0x00, 0x00, 0x00, 0x00, 0x00, 0x00,
    0x00, 0x00, 0x00, 0x00, 0x00, 0x00, 0x00, 0x00, 0x00, 0x00, 0x00, 0x00, 0x00, 0x00, 0x00, 0x00,
    0x00, 0x00, 0x00, 0x00, 0x00, 0x00, 0x00, 0x00, 0x00, 0x00, 0x00, 0x00, 0x00, 0x00, 0x00, 0x00,
    0x00, 0x00, 0x00, 0x00, 0x00, 0x00, 0x00, 0x00, 0x00, 0x00, 0x00, 0x00, 0x00, 0x00, 0x00, 0x00,
    0x00, 0x00, 0x00, 0x00, 0x00, 0x00, 0x00, 0x00, 0x00, 0x00, 0x00, 0x00, 0x00, 0x00, 0x00, 0x00,
    0x00, 0x00, 0x00, 0x00, 0x00, 0x00, 0x00, 0x00, 0x00, 0x00, 0x00, 0x00, 0x00, 0x00, 0x00, 0x00,
    0x00, 0x00, 0x00, 0x00, 0x00, 0x00, 0x00, 0x00, 0x00, 0x00, 0x00, 0x00, 0x00, 0x00, 0x00, 0x00,
    0x00, 0x00, 0x00, 0x00, 0x00, 0x00, 0x00, 0x00, 0x00, 0x00, 0x00, 0x00, 0x00, 0x00, 0x00, 0x00,
    0x00, 0x00, 0x00, 0x00, 0x00, 0x00, 0x00, 0x00, 0x00, 0x00, 0x00, 0x00, 0x00, 0x00, 0x00, 0x00,
    0x00, 0x00, 0x00, 0x00, 0x40, 0x7C, 0xBA, 0x01, 0x00, 0x00, 0x00, 0x00, 0x3F, 0x7B, 0xB9, 0x0A,
    0x3F, 0x7B, 0xB9, 0x0A, 0x29, 0x64, 0xA0, 0x33, 0x12, 0x43, 0x86, 0xBB, 0x40, 0x7E, 0xC8, 0xF5,
    0x40, 0x7E, 0xC8, 0xF5, 0x3A, 0x78, 0xC8, 0xEC, 0x1F, 0x4B, 0xA4, 0xF3, 0x1C, 0x58, 0x9F, 0xEB,
    0x1C, 0x58, 0x9F, 0xEB, 0x07, 0x2E, 0x66, 0x9A, 0x21, 0x4E, 0x84, 0x76, 0x3D, 0x7D, 0xBC, 0x0B,
    0x3D, 0x7D, 0xBC, 0x0B, 0x40, 0x86, 0xC7, 0x07, 0x39, 0x7A, 0xBE, 0x05, 0x3B, 0x7E, 0xC2, 0x04,
    0x3D, 0x81, 0xC4, 0x01, 0x3D, 0x81, 0xC4, 0x01, 0x49, 0x92, 0xCE, 0x13, 0x2F, 0x64, 0x9E, 0x5A,
    0x18, 0x44, 0x7C, 0x5E, 0x18, 0x44, 0x7C, 0x5E, 0x16, 0x41, 0x7B, 0x7C, 0x13, 0x45, 0x82, 0xA7,
    0x04, 0x34, 0x7C, 0xEA, 0x04, 0x34, 0x7C, 0xEA, 0x05, 0x39, 0x85, 0xF3, 0x0D, 0x48, 0x9B, 0xFC,
    0x10, 0x51, 0xA7, 0xFB, 0x10, 0x51, 0xA7, 0xFB, 0x0F, 0x4C, 0xA1, 0xFC, 0x0C, 0x49, 0x9B, 0xFB,
    0x07, 0x3B, 0x85, 0xFC, 0x0A, 0x35, 0x76, 0xFA, 0x0A, 0x35, 0x76, 0xFA, 0x01, 0x1D, 0x5B, 0xFB,
    0x08, 0x49, 0x92, 0xFA, 0x30, 0xA9, 0xF6, 0xF7, 0x30, 0xA9, 0xF6, 0xF7, 0x27, 0x9B, 0xF8, 0xF8,
    0x27, 0x95, 0xF9, 0xF9, 0x33, 0x94, 0xFB, 0xF9, 0x33, 0x94, 0xFB, 0xF9, 0x3B, 0x83, 0xF6, 0xF9,
    0x55, 0x88, 0xFA, 0xF9, 0x62, 0x84, 0xF7, 0xF9, 0x62, 0x84, 0xF7, 0xF9, 0x65, 0x8C, 0xFA, 0xF8,
    0x64, 0x94, 0xFC, 0xF8, 0x59, 0x8B, 0xFA, 0xF8, 0x58, 0x9E, 0xFA, 0xF9, 0x58, 0x9E, 0xFA, 0xF9,
    0x50, 0xA8, 0xF2, 0xEE, 0x03, 0x2C, 0x66, 0xDB, 0x18, 0x51, 0x86, 0x77, 0x18, 0x51, 0x86, 0x77,
    0x43, 0x8D, 0xCF, 0x0D, 0x3A, 0x7F, 0xC5, 0x0C, 0x3A, 0x7E, 0xC4, 0x08, 0x3A, 0x7E, 0xC4, 0x08,
    0x3C, 0x80, 0xC6, 0x04, 0x3C, 0x81, 0xC7, 0x05, 0x3D, 0x82, 0xC8, 0x04, 0x3D, 0x82, 0xC8, 0x04,
    0x3D, 0x81, 0xC6, 0x03, 0x3D, 0x82, 0xC6, 0x03, 0x3D, 0x81, 0xC5, 0x02, 0x3D, 0x80, 0xC3, 0x01,
    0x3D, 0x80, 0xC3, 0x01, 0x3C, 0x80, 0xC2, 0x01, 0x3C, 0x7F, 0xC2, 0x01, 0x3C, 0x7E, 0xC2, 0x01,
    0x3C, 0x7E, 0xC2, 0x01, 0x00, 0x00, 0x00, 0x00, 0x00, 0x00, 0x00, 0x00, 0x00, 0x00, 0x00, 0x00,
    0x00, 0x00, 0x00, 0x00, 0x00, 0x00, 0x00, 0x00, 0x00, 0x00, 0x00, 0x00, 0x00, 0x00, 0x00, 0x00,
    0x00, 0x00, 0x00, 0x00, 0x00, 0x00, 0x00, 0x00, 0x00, 0x00, 0x00, 0x00, 0x00, 0x00, 0x00, 0x00,
    0x00, 0x00, 0x00, 0x00, 0x00, 0x00, 0x00, 0x00, 0x00, 0x00, 0x00, 0x00, 0x00, 0x00, 0x00, 0x00,
    0x00, 0x00, 0x00, 0x00, 0x00, 0x00, 0x00, 0x00, 0x00, 0x00, 0x00, 0x00, 0x00, 0x00, 0x00, 0x00,
    0x00, 0x00, 0x00, 0x00, 0x00, 0x00, 0x00, 0x00, 0x00, 0x00, 0x00, 0x00, 0x00, 0x00, 0x00, 0x00,
    0x00, 0x00, 0x00, 0x00, 0x00, 0x00, 0x00, 0x00, 0x00, 0x00, 0x00, 0x00, 0x00, 0x00, 0x00, 0x00,
    0x00, 0x00, 0x00, 0x00, 0x00, 0x00, 0x00, 0x00, 0x00, 0x00, 0x00, 0x00, 0x00, 0x00, 0x00, 0x00,
    0x00, 0x00, 0x00, 0x00, 0x00, 0x00, 0x00, 0x00, 0x00, 0x00, 0x00, 0x00, 0x00, 0x00, 0x00, 0x00,
    0x00, 0x00, 0x00, 0x00, 0x00, 0x00, 0x00, 0x00, 0x00, 0x00, 0x00, 0x00, 0x00, 0x00, 0x00, 0x00,
    0x00, 0x00, 0x00, 0x00, 0x00, 0x00, 0x00, 0x00, 0x00, 0x00, 0x00, 0x00, 0x00, 0x00, 0x00, 0x00,
    0x00, 0x00, 0x00, 0x00, 0x00, 0x00, 0x00, 0x00, 0x00, 0x00, 0x00, 0x00, 0x00, 0x00, 0x00, 0x00,
    0x00, 0x00, 0x00, 0x00, 0x00, 0x00, 0x00, 0x00, 0x00, 0x00, 0x00, 0x00, 0x00, 0x00, 0x00, 0x00,
    0x00, 0x00, 0x00, 0x00, 0x40, 0x7C, 0xBA, 0x01, 0x00, 0x00, 0x00, 0x00, 0x3F, 0x7B, 0xB9, 0x0A,
    0x3F, 0x7B, 0xB9, 0x0A, 0x29, 0x64, 0xA0, 0x33, 0x12, 0x43, 0x86, 0xBB, 0x40, 0x7E, 0xC8, 0xF5,
    0x40, 0x7E, 0xC8, 0xF5, 0x3A, 0x78, 0xC8, 0xEC, 0x1F, 0x4B, 0xA4, 0xF3, 0x1C, 0x58, 0x9F, 0xEB,
    0x1C, 0x58, 0x9F, 0xEB, 0x07, 0x2E, 0x66, 0x9A, 0x21, 0x4E, 0x84, 0x76, 0x3D, 0x7D, 0xBC, 0x0B,
    0x3D, 0x7D, 0xBC, 0x0B, 0x40, 0x86, 0xC7, 0x07, 0x39, 0x7A, 0xBE, 0x05, 0x3B, 0x7E, 0xC2, 0x04,
    0x3D, 0x81, 0xC4, 0x01, 0x3D, 0x81, 0xC4, 0x01, 0x49, 0x92, 0xCE, 0x13, 0x2F, 0x64, 0x9E, 0x5A,
    0x18, 0x44, 0x7C, 0x5E, 0x18, 0x44, 0x7C, 0x5E, 0x16, 0x41, 0x7B, 0x7C, 0x13, 0x45, 0x82, 0xA7,
    0x04, 0x34, 0x7C, 0xEA, 0x04, 0x34, 0x7C, 0xEA, 0x05, 0x39, 0x85, 0xF3, 0x0D, 0x48, 0x9B, 0xFC,
    0x10, 0x51, 0xA7, 0xFB, 0x10, 0x51, 0xA7, 0xFB, 0x0F, 0x4C, 0xA1, 0xFC, 0x0C, 0x49, 0x9B, 0xFB,
    0x07, 0x3B, 0x85, 0xFC, 0x0A, 0x35, 0x76, 0xFA, 0x0A, 0x35, 0x76, 0xFA, 0x01, 0x1D, 0x5B, 0xFB,
    0x08, 0x49, 0x92, 0xFA, 0x30, 0xA9, 0xF6, 0xF7, 0x30, 0xA9, 0xF6, 0xF7, 0x27, 0x9B, 0xF8, 0xF8,
    0x27, 0x95, 0xF9, 0xF9, 0x33, 0x94, 0xFB, 0xF9, 0x33, 0x94, 0xFB, 0xF9, 0x3B, 0x83, 0xF6, 0xF9,
    0x55, 0x88, 0xFA, 0xF9, 0x62, 0x84, 0xF7, 0xF9, 0x62, 0x84, 0xF7, 0xF9, 0x65, 0x8C, 0xFA, 0xF8,
    0x64, 0x94, 0xFC, 0xF8, 0x59, 0x8B, 0xFA, 0xF8, 0x58, 0x9E, 0xFA, 0xF9, 0x58, 0x9E, 0xFA, 0xF9,
    0x50, 0xA8, 0xF2, 0xEE, 0x03, 0x2C, 0x66, 0xDB, 0x18, 0x51, 0x86, 0x77, 0x18, 0x51, 0x86, 0x77,
    0x43, 0x8D, 0xCF, 0x0D, 0x3A, 0x7F, 0xC5, 0x0C, 0x3A, 0x7E, 0xC4, 0x08, 0x3A, 0x7E, 0xC4, 0x08,
    0x3C, 0x80, 0xC6, 0x04, 0x3C, 0x81, 0xC7, 0x05, 0x3D, 0x82, 0xC8, 0x04, 0x3D, 0x82, 0xC8, 0x04,
    0x3D, 0x81, 0xC6, 0x03, 0x3D, 0x82, 0xC6, 0x03, 0x3D, 0x81, 0xC5, 0x02, 0x3D, 0x80, 0xC3, 0x01,
    0x3D, 0x80, 0xC3, 0x01, 0x3C, 0x80, 0xC2, 0x01, 0x3C, 0x7F, 0xC2, 0x01, 0x3C, 0x7E, 0xC2, 0x01,
    0x3C, 0x7E, 0xC2, 0x01, 0x00, 0x00, 0x00, 0x00, 0x00, 0x00, 0x00, 0x00, 0x00, 0x00, 0x00, 0x00,
    0x00, 0x00, 0x00, 0x00, 0x00, 0x00, 0x00, 0x00, 0x00, 0x00, 0x00, 0x00, 0x00, 0x00, 0x00, 0x00,
    0x00, 0x00, 0x00, 0x00, 0x00, 0x00, 0x00, 0x00, 0x00, 0x00, 0x00, 0x00, 0x00, 0x00, 0x00, 0x00,
    0x00, 0x00, 0x00, 0x00, 0x00, 0x00, 0x00, 0x00, 0x00, 0x00, 0x00, 0x00, 0x00, 0x00, 0x00, 0x00,
    0x00, 0x00, 0x00, 0x00, 0x00, 0x00, 0x00, 0x00, 0x00, 0x00, 0x00, 0x00, 0x00, 0x00, 0x00, 0x00,
    0x00, 0x00, 0x00, 0x00, 0x00, 0x00, 0x00, 0x00, 0x00, 0x00, 0x00, 0x00, 0x00, 0x00, 0x00, 0x00,
    0x00, 0x00, 0x00, 0x00, 0x00, 0x00, 0x00, 0x00, 0x00, 0x00, 0x00, 0x00, 0x00, 0x00, 0x00, 0x00,
    0x00, 0x00, 0x00, 0x00, 0x00, 0x00, 0x00, 0x00, 0x00, 0x00, 0x00, 0x00, 0x00, 0x00, 0x00, 0x00,
    0x00, 0x00, 0x00, 0x00, 0x00, 0x00, 0x00, 0x00, 0x00, 0x00, 0x00, 0x00, 0x00, 0x00, 0x00, 0x00,
    0x00, 0x00, 0x00, 0x00, 0x00, 0x00, 0x00, 0x00, 0x00, 0x00, 0x00, 0x00, 0x00, 0x00, 0x00, 0x00,
    0x00, 0x00, 0x00, 0x00, 0x00, 0x00, 0x00, 0x00, 0x00, 0x00, 0x00, 0x00, 0x00, 0x00, 0x00, 0x00,
    0x00, 0x00, 0x00, 0x00, 0x00, 0x00, 0x00, 0x00, 0x00, 0x00, 0x00, 0x00, 0x00, 0x00, 0x00, 0x00,
    0x00, 0x00, 0x00, 0x00, 0x00, 0x00, 0x00, 0x00, 0x00, 0x00, 0x00, 0x00, 0x00, 0x00, 0x00, 0x00,
    0x00, 0x00, 0x00, 0x00, 0x3F, 0x7B, 0xBB, 0x01, 0x3A, 0x7A, 0xB8, 0x01, 0x3F, 0x7A, 0xB3, 0x34,
    0x3F, 0x7A, 0xB3, 0x34, 0x07, 0x32, 0x69, 0x82, 0x2F, 0x6E, 0xB7, 0xC3, 0x65, 0xB7, 0xF7, 0xF1,
    0x65, 0xB7, 0xF7, 0xF1, 0x51, 0xA5, 0xF6, 0xED, 0x52, 0xA7, 0xF6, 0xF2, 0x51, 0xB4, 0xF5, 0xF4,
    0x51, 0xB4, 0xF5, 0xF4, 0x13, 0x4D, 0x9D, 0xFB, 0x01, 0x0D, 0x48, 0xFA, 0x06, 0x26, 0x60, 0xAD,
    0x06, 0x26, 0x60, 0xAD, 0x29, 0x6A, 0xA5, 0x3B, 0x3E, 0x85, 0xC7, 0x02, 0x48, 0x90, 0xCE, 0x21,
    0x3B, 0x78, 0xB7, 0x1B, 0x3B, 0x78, 0xB7, 0x1B, 0x21, 0x53, 0x8A, 0x87, 0x01, 0x14, 0x46, 0xF4,
    0x00, 0x11, 0x51, 0xF6, 0x00, 0x11, 0x51, 0xF6, 0x01, 0x1E, 0x6F, 0xFD, 0x06, 0x41, 0xA1, 0xFD,
    0x0F, 0x68, 0xD4, 0xFA, 0x0F, 0x68, 0xD4, 0xFA, 0x1F, 0x8E, 0xFB, 0xF7, 0x26, 0x98, 0xFF, 0xF8,
    0x25, 0x9D, 0xFF, 0xF7, 0x25, 0x9D, 0xFF, 0xF7, 0x25, 0x99, 0xFF, 0xF7, 0x23, 0x9E, 0xFF, 0xF7,
    0x22, 0x9B, 0xFC, 0xF7, 0x22, 0x8A, 0xEB, 0xF6, 0x22, 0x8A, 0xEB, 0xF6, 0x08, 0x4E, 0xAB, 0xF7,
    0x1A, 0x7E, 0xDA, 0xF8, 0x2B, 0xA5, 0xFB, 0xF9, 0x2B, 0xA5, 0xFB, 0xF9, 0x29, 0xA0, 0xFB, 0xFA,
    0x2C, 0x96, 0xFA, 0xF9, 0x39, 0x93, 0xFC, 0xF9, 0x39, 0x93, 0xFC, 0xF9, 0x4A, 0x88, 0xF8, 0xF9,
    0x62, 0x8C, 0xFB, 0xF9, 0x6A, 0x84, 0xF9, 0xF9, 0x6A, 0x84, 0xF9, 0xF9, 0x6B, 0x8C, 0xFB, 0xF9,
    0x66, 0x8F, 0xFB, 0xF8, 0x66, 0x95, 0xFB, 0xF8, 0x5C, 0x98, 0xF8, 0xF8, 0x5C, 0x98, 0xF8, 0xF8,
    0x53, 0xA9, 0xF6, 0xF4, 0x2C, 0x86, 0xD0, 0xDD, 0x0D, 0x41, 0x70, 0xC8, 0x0D, 0x41, 0x70, 0xC8,
    0x0F, 0x3C, 0x71, 0x67, 0x42, 0x89, 0xCD, 0x0A, 0x3A, 0x7F, 0xC7, 0x08, 0x3A, 0x7F, 0xC7, 0x08,
    0x3A, 0x80, 0xC6, 0x05, 0x3B, 0x82, 0xC8, 0x05, 0x3C, 0x82, 0xC8, 0x04, 0x3C, 0x82, 0xC8, 0x04,
    0x3D, 0x82, 0xC7, 0x04, 0x3D, 0x82, 0xC7, 0x03, 0x3D, 0x81, 0xC6, 0x02, 0x3C, 0x81, 0xC5, 0x01,
    0x3C, 0x81, 0xC5, 0x01, 0x3C, 0x80, 0xC3, 0x01, 0x3C, 0x80, 0xC3, 0x01, 0x3C, 0x7F, 0xC3, 0x01,
    0x3C, 0x7F, 0xC3, 0x01, 0x00, 0x00, 0x00, 0x00, 0x00, 0x00, 0x00, 0x00, 0x00, 0x00, 0x00, 0x00,
    0x00, 0x00, 0x00, 0x00, 0x00, 0x00, 0x00, 0x00, 0x00, 0x00, 0x00, 0x00, 0x00, 0x00, 0x00, 0x00,
    0x00, 0x00, 0x00, 0x00, 0x00, 0x00, 0x00, 0x00, 0x00, 0x00, 0x00, 0x00, 0x00, 0x00, 0x00, 0x00,
    0x00, 0x00, 0x00, 0x00, 0x00, 0x00, 0x00, 0x00, 0x00, 0x00, 0x00, 0x00, 0x00, 0x00, 0x00, 0x00,
    0x00, 0x00, 0x00, 0x00, 0x00, 0x00, 0x00, 0x00, 0x00, 0x00, 0x00, 0x00, 0x00, 0x00, 0x00, 0x00,
    0x00, 0x00, 0x00, 0x00, 0x00, 0x00, 0x00, 0x00, 0x00, 0x00, 0x00, 0x00, 0x00, 0x00, 0x00, 0x00,
    0x00, 0x00, 0x00, 0x00, 0x00, 0x00, 0x00, 0x00, 0x00, 0x00, 0x00, 0x00, 0x00, 0x00, 0x00, 0x00,
    0x00, 0x00, 0x00, 0x00, 0x00, 0x00, 0x00, 0x00, 0x00, 0x00, 0x00, 0x00, 0x00, 0x00, 0x00, 0x00,
    0x00, 0x00, 0x00, 0x00, 0x00, 0x00, 0x00, 0x00, 0x00, 0x00, 0x00, 0x00, 0x00, 0x00, 0x00, 0x00,
    0x00, 0x00, 0x00, 0x00, 0x00, 0x00, 0x00, 0x00, 0x00, 0x00, 0x00, 0x00, 0x00, 0x00, 0x00, 0x00,
    0x00, 0x00, 0x00, 0x00, 0x00, 0x00, 0x00, 0x00, 0x00, 0x00, 0x00, 0x00, 0x00, 0x00, 0x00, 0x00,
    0x00, 0x00, 0x00, 0x00, 0x00, 0x00, 0x00, 0x00, 0x00, 0x00, 0x00, 0x00, 0x00, 0x00, 0x00, 0x00,
    0x00, 0x00, 0x00, 0x00, 0x00, 0x00, 0x00, 0x00, 0x40, 0x7C, 0xBE, 0x01, 0x40, 0x7C, 0xBE, 0x01,
    0x00, 0x00, 0x00, 0x00, 0x3D, 0x7A, 0xBC, 0x03, 0x39, 0x7A, 0xBA, 0x02, 0x32, 0x65, 0x9E, 0x5A,
    0x32, 0x65, 0x9E, 0x5A, 0x05, 0x22, 0x51, 0xDF, 0x49, 0x8A, 0xD2, 0xEC, 0x56, 0xA1, 0xF7, 0xF3,
    0x56, 0xA1, 0xF7, 0xF3, 0x3A, 0x88, 0xEE, 0xF5, 0x3C, 0x90, 0xF3, 0xF6, 0x3A, 0x9D, 0xF5, 0xF6,
    0x3A, 0x9D, 0xF5, 0xF6, 0x3A, 0xA1, 0xF0, 0xF6, 0x32, 0x91, 0xE4, 0xF4, 0x20, 0x77, 0xBD, 0xFB,
    0x20, 0x77, 0xBD, 0xFB, 0x06, 0x36, 0x73, 0xEA, 0x19, 0x43, 0x77, 0x9D, 0x1B, 0x44, 0x73, 0xC6,
    0x01, 0x13, 0x46, 0xD1, 0x01, 0x13, 0x46, 0xD1, 0x00, 0x15, 0x62, 0xF6, 0x0B, 0x52, 0xB0, 0xF5,
    0x18, 0x7C, 0xE3, 0xF3, 0x18, 0x7C, 0xE3, 0xF3, 0x15, 0x7B, 0xEA, 0xF6, 0x1A, 0x83, 0xF3, 0xF7,
    0x19, 0x81, 0xF2, 0xFA, 0x19, 0x81, 0xF2, 0xFA, 0x1D, 0x89, 0xF7, 0xFA, 0x1E, 0x8A, 0xF7, 0xFB,
    0x20, 0x90, 0xFA, 0xFA, 0x20, 0x90, 0xFA, 0xFA, 0x1E, 0x89, 0xF5, 0xFB, 0x1E, 0x8D, 0xF6, 0xFB,
    0x17, 0x84, 0xED, 0xFA, 0x10, 0x6A, 0xD5, 0xFA, 0x10, 0x6A, 0xD5, 0xFA, 0x18, 0x73, 0xD7, 0xFB,
    0x2E, 0x9D, 0xF9, 0xFA, 0x2C, 0x9C, 0xFB, 0xFA, 0x2C, 0x9C, 0xFB, 0xFA, 0x2C, 0x9C, 0xFB, 0xFA,
    0x30, 0x95, 0xFA, 0xFA, 0x35, 0x80, 0xEF, 0xFA, 0x35, 0x80, 0xEF, 0xFA, 0x4C, 0x80, 0xEE, 0xFA,
    0x62, 0x85, 0xF7, 0xFA, 0x6D, 0x86, 0xFA, 0xFA, 0x6D, 0x86, 0xFA, 0xFA, 0x70, 0x8E, 0xFB, 0xF9,
    0x6A, 0x8C, 0xF9, 0xF9, 0x69, 0x95, 0xF9, 0xF9, 0x60, 0x8E, 0xF5, 0xF8, 0x60, 0x8E, 0xF5, 0xF8,
    0x5A, 0xA2, 0xF6, 0xF9, 0x40, 0x91, 0xE6, 0xF1, 0x00, 0x16, 0x44, 0xEC, 0x00, 0x16, 0x44, 0xEC,
    0x01, 0x19, 0x46, 0x88, 0x39, 0x82, 0xC0, 0x0A, 0x38, 0x7E, 0xC6, 0x0D, 0x38, 0x7E, 0xC6, 0x0D,
    0x3A, 0x82, 0xC7, 0x05, 0x3B, 0x83, 0xC8, 0x06, 0x3C, 0x83, 0xC9, 0x05, 0x3C, 0x83, 0xC9, 0x05,
    0x3D, 0x82, 0xC8, 0x04, 0x3C, 0x81, 0xC8, 0x03, 0x3C, 0x81, 0xC7, 0x03, 0x3C, 0x81, 0xC5, 0x02,
    0x3C, 0x81, 0xC5, 0x02, 0x3B, 0x80, 0xC4, 0x01, 0x3B, 0x80, 0xC4, 0x01, 0x3B, 0x80, 0xC3, 0x01,
    0x3B, 0x80, 0xC3, 0x01, 0x00, 0x00, 0x00, 0x00, 0x00, 0x00, 0x00, 0x00, 0x00, 0x00, 0x00, 0x00,
    0x00, 0x00, 0x00, 0x00, 0x00, 0x00, 0x00, 0x00, 0x00, 0x00, 0x00, 0x00, 0x00, 0x00, 0x00, 0x00,
    0x00, 0x00, 0x00, 0x00, 0x00, 0x00, 0x00, 0x00, 0x00, 0x00, 0x00, 0x00, 0x00, 0x00, 0x00, 0x00,
    0x00, 0x00, 0x00, 0x00, 0x00, 0x00, 0x00, 0x00, 0x00, 0x00, 0x00, 0x00, 0x00, 0x00, 0x00, 0x00,
    0x00, 0x00, 0x00, 0x00, 0x00, 0x00, 0x00, 0x00, 0x00, 0x00, 0x00, 0x00, 0x00, 0x00, 0x00, 0x00,
    0x00, 0x00, 0x00, 0x00, 0x00, 0x00, 0x00, 0x00, 0x00, 0x00, 0x00, 0x00, 0x00, 0x00, 0x00, 0x00,
    0x00, 0x00, 0x00, 0x00, 0x00, 0x00, 0x00, 0x00, 0x00, 0x00, 0x00, 0x00, 0x00, 0x00, 0x00, 0x00,
    0x00, 0x00, 0x00, 0x00, 0x00, 0x00, 0x00, 0x00, 0x00, 0x00, 0x00, 0x00, 0x00, 0x00, 0x00, 0x00,
    0x00, 0x00, 0x00, 0x00, 0x00, 0x00, 0x00, 0x00, 0x00, 0x00, 0x00, 0x00, 0x00, 0x00, 0x00, 0x00,
    0x00, 0x00, 0x00, 0x00, 0x00, 0x00, 0x00, 0x00, 0x00, 0x00, 0x00, 0x00, 0x00, 0x00, 0x00, 0x00,
    0x00, 0x00, 0x00, 0x00, 0x00, 0x00, 0x00, 0x00, 0x00, 0x00, 0x00, 0x00, 0x00, 0x00, 0x00, 0x00,
    0x00, 0x00, 0x00, 0x00, 0x00, 0x00, 0x00, 0x00, 0x40, 0x7D, 0xBC, 0x01, 0x40, 0x7D, 0xBC, 0x01,
    0x40, 0x7D, 0xBD, 0x01, 0x3F, 0x7D, 0xBD, 0x01, 0x40, 0x7D, 0xBE, 0x01, 0x40, 0x7D, 0xBE, 0x01,
    0x3F, 0x7C, 0xBF, 0x01, 0x3B, 0x7D, 0xBF, 0x02, 0x3A, 0x7F, 0xBF, 0x02, 0x31, 0x64, 0x9E, 0x61,
    0x31, 0x64, 0x9E, 0x61, 0x03, 0x11, 0x44, 0xEF, 0x5D, 0x9C, 0xED, 0xEE, 0x67, 0xB5, 0xFB, 0xF2,
    0x67, 0xB5, 0xFB, 0xF2, 0x46, 0x92, 0xF6, 0xF6, 0x4B, 0xA2, 0xF9, 0xF7, 0x40, 0xA3, 0xF9, 0xF7,
    0x40, 0xA3, 0xF9, 0xF7, 0x2A, 0x93, 0xF4, 0xF8, 0x27, 0xAB, 0xF9, 0xF7, 0x27, 0xB0, 0xF5, 0xF8,
    0x27, 0xB0, 0xF5, 0xF8, 0x10, 0x59, 0xA5, 0xFB, 0x00, 0x0B, 0x3E, 0xFD, 0x02, 0x17, 0x53, 0xFD,
    0x0C, 0x48, 0x99, 0xFA, 0x0C, 0x48, 0x99, 0xFA, 0x17, 0x73, 0xDF, 0xF9, 0x1A, 0x89, 0xF9, 0xFA,
    0x19, 0x8F, 0xFD, 0xFB, 0x19, 0x8F, 0xFD, 0xFB, 0x14, 0x83, 0xF7, 0xFC, 0x14, 0x80, 0xF3, 0xFB,
    0x1B, 0x86, 0xF4, 0xFB, 0x1B, 0x86, 0xF4, 0xFB, 0x21, 0x8D, 0xF7, 0xFB, 0x25, 0x90, 0xF8, 0xFB,
    0x28, 0x96, 0xFB, 0xFB, 0x28, 0x96, 0xFB, 0xFB, 0x25, 0x8E, 0xF8, 0xFB, 0x21, 0x88, 0xF3, 0xFB,
    0x1F, 0x8A, 0xF2, 0xFB, 0x24, 0x88, 0xF1, 0xFB, 0x24, 0x88, 0xF1, 0xFB, 0x35, 0x9A, 0xFB, 0xFB,
    0x37, 0xA5, 0xFD, 0xFB, 0x36, 0xA1, 0xFC, 0xFB, 0x36, 0xA1, 0xFC, 0xFB, 0x34, 0xA0, 0xFD, 0xFB,
    0x33, 0x94, 0xFA, 0xFB, 0x33, 0x7E, 0xED, 0xFA, 0x33, 0x7E, 0xED, 0xFA, 0x3F, 0x77, 0xE7, 0xFA,
    0x53, 0x7B, 0xF0, 0xFA, 0x61, 0x7B, 0xF0, 0xFA, 0x61, 0x7B, 0xF0, 0xFA, 0x6A, 0x83, 0xF6, 0xFA,
    0x6B, 0x88, 0xF8, 0xFA, 0x68, 0x90, 0xFA, 0xF9, 0x64, 0x93, 0xF9, 0xF9, 0x64, 0x93, 0xF9, 0xF9,
    0x5A, 0x9B, 0xF9, 0xF8, 0x53, 0xA5, 0xF8, 0xF2, 0x12, 0x4D, 0x98, 0xEA, 0x12, 0x4D, 0x98, 0xEA,
    0x05, 0x33, 0x66, 0xA1, 0x42, 0x8A, 0xC2, 0x24, 0x38, 0x7E, 0xC4, 0x0F, 0x38, 0x7E, 0xC4, 0x0F,
    0x3B, 0x84, 0xC9, 0x07, 0x3B, 0x83, 0xCA, 0x06, 0x3C, 0x84, 0xCB, 0x05, 0x3C, 0x84, 0xCB, 0x05,
    0x3C, 0x83, 0xC9, 0x05, 0x3C, 0x82, 0xC9, 0x03, 0x3C, 0x82, 0xC7, 0x03, 0x3B, 0x81, 0xC6, 0x02,
    0x3B, 0x81, 0xC6, 0x02, 0x3B, 0x81, 0xC6, 0x02, 0x3B, 0x80, 0xC5, 0x01, 0x3B, 0x80, 0xC5, 0x01,
    0x3B, 0x80, 0xC5, 0x01, 0x00, 0x00, 0x00, 0x00, 0x00, 0x00, 0x00, 0x00, 0x00, 0x00, 0x00, 0x00,
    0x00, 0x00, 0x00, 0x00, 0x00, 0x00, 0x00, 0x00, 0x00, 0x00, 0x00, 0x00, 0x00, 0x00, 0x00, 0x00,
    0x00, 0x00, 0x00, 0x00, 0x00, 0x00, 0x00, 0x00, 0x00, 0x00, 0x00, 0x00, 0x00, 0x00, 0x00, 0x00,
    0x00, 0x00, 0x00, 0x00, 0x00, 0x00, 0x00, 0x00, 0x00, 0x00, 0x00, 0x00, 0x00, 0x00, 0x00, 0x00,
    0x00, 0x00, 0x00, 0x00, 0x00, 0x00, 0x00, 0x00, 0x00, 0x00, 0x00, 0x00, 0x00, 0x00, 0x00, 0x00,
    0x00, 0x00, 0x00, 0x00, 0x00, 0x00, 0x00, 0x00, 0x00, 0x00, 0x00, 0x00, 0x00, 0x00, 0x00, 0x00,
    0x00, 0x00, 0x00, 0x00, 0x00, 0x00, 0x00, 0x00, 0x00, 0x00, 0x00, 0x00, 0x00, 0x00, 0x00, 0x00,
    0x00, 0x00, 0x00, 0x00, 0x00, 0x00, 0x00, 0x00, 0x00, 0x00, 0x00, 0x00, 0x00, 0x00, 0x00, 0x00,
    0x00, 0x00, 0x00, 0x00, 0x00, 0x00, 0x00, 0x00, 0x00, 0x00, 0x00, 0x00, 0x00, 0x00, 0x00, 0x00,
    0x00, 0x00, 0x00, 0x00, 0x00, 0x00, 0x00, 0x00, 0x00, 0x00, 0x00, 0x00, 0x00, 0x00, 0x00, 0x00,
    0x00, 0x00, 0x00, 0x00, 0x00, 0x00, 0x00, 0x00, 0x00, 0x00, 0x00, 0x00, 0x00, 0x00, 0x00, 0x00,
    0x00, 0x00, 0x00, 0x00, 0x00, 0x00, 0x00, 0x00, 0x40, 0x7D, 0xBC, 0x01, 0x40, 0x7D, 0xBC, 0x01,
    0x40, 0x7D, 0xBD, 0x01, 0x3F, 0x7D, 0xBD, 0x01, 0x40, 0x7D, 0xBE, 0x01, 0x40, 0x7D, 0xBE, 0x01,
    0x3F, 0x7C, 0xBF, 0x01, 0x3B, 0x7D, 0xBF, 0x02, 0x3A, 0x7F, 0xBF, 0x02, 0x31, 0x64, 0x9E, 0x61,
    0x31, 0x64, 0x9E, 0x61, 0x03, 0x11, 0x44, 0xEF, 0x5D, 0x9C, 0xED, 0xEE, 0x67, 0xB5, 0xFB, 0xF2,
    0x67, 0xB5, 0xFB, 0xF2, 0x46, 0x92, 0xF6, 0xF6, 0x4B, 0xA2, 0xF9, 0xF7, 0x40, 0xA3, 0xF9, 0xF7,
    0x40, 0xA3, 0xF9, 0xF7, 0x2A, 0x93, 0xF4, 0xF8, 0x27, 0xAB, 0xF9, 0xF7, 0x27, 0xB0, 0xF5, 0xF8,
    0x27, 0xB0, 0xF5, 0xF8, 0x10, 0x59, 0xA5, 0xFB, 0x00, 0x0B, 0x3E, 0xFD, 0x02, 0x17, 0x53, 0xFD,
    0x0C, 0x48, 0x99, 0xFA, 0x0C, 0x48, 0x99, 0xFA, 0x17, 0x73, 0xDF, 0xF9, 0x1A, 0x89, 0xF9, 0xFA,
    0x19, 0x8F, 0xFD, 0xFB, 0x19, 0x8F, 0xFD, 0xFB, 0x14, 0x83, 0xF7, 0xFC, 0x14, 0x80, 0xF3, 0xFB,
    0x1B, 0x86, 0xF4, 0xFB, 0x1B, 0x86, 0xF4, 0xFB, 0x21, 0x8D, 0xF7, 0xFB, 0x25, 0x90, 0xF8, 0xFB,
    0x28, 0x96, 0xFB, 0xFB, 0x28, 0x96, 0xFB, 0xFB, 0x25, 0x8E, 0xF8, 0xFB, 0x21, 0x88, 0xF3, 0xFB,
    0x1F, 0x8A, 0xF2, 0xFB, 0x24, 0x88, 0xF1, 0xFB, 0x24, 0x88, 0xF1, 0xFB, 0x35, 0x9A, 0xFB, 0xFB,
    0x37, 0xA5, 0xFD, 0xFB, 0x36, 0xA1, 0xFC, 0xFB, 0x36, 0xA1, 0xFC, 0xFB, 0x34, 0xA0, 0xFD, 0xFB,
    0x33, 0x94, 0xFA, 0xFB, 0x33, 0x7E, 0xED, 0xFA, 0x33, 0x7E, 0xED, 0xFA, 0x3F, 0x77, 0xE7, 0xFA,
    0x53, 0x7B, 0xF0, 0xFA, 0x61, 0x7B, 0xF0, 0xFA, 0x61, 0x7B, 0xF0, 0xFA, 0x6A, 0x83, 0xF6, 0xFA,
    0x6B, 0x88, 0xF8, 0xFA, 0x68, 0x90, 0xFA, 0xF9, 0x64, 0x93, 0xF9, 0xF9, 0x64, 0x93, 0xF9, 0xF9,
    0x5A, 0x9B, 0xF9, 0xF8, 0x53, 0xA5, 0xF8, 0xF2, 0x12, 0x4D, 0x98, 0xEA, 0x12, 0x4D, 0x98, 0xEA,
    0x05, 0x33, 0x66, 0xA1, 0x42, 0x8A, 0xC2, 0x24, 0x38, 0x7E, 0xC4, 0x0F, 0x38, 0x7E, 0xC4, 0x0F,
    0x3B, 0x84, 0xC9, 0x07, 0x3B, 0x83, 0xCA, 0x06, 0x3C, 0x84, 0xCB, 0x05, 0x3C, 0x84, 0xCB, 0x05,
    0x3C, 0x83, 0xC9, 0x05, 0x3C, 0x82, 0xC9, 0x03, 0x3C, 0x82, 0xC7, 0x03, 0x3B, 0x81, 0xC6, 0x02,
    0x3B, 0x81, 0xC6, 0x02, 0x3B, 0x81, 0xC6, 0x02, 0x3B, 0x80, 0xC5, 0x01, 0x3B, 0x80, 0xC5, 0x01,
    0x3B, 0x80, 0xC5, 0x01, 0x00, 0x00, 0x00, 0x00, 0x00, 0x00, 0x00, 0x00, 0x00, 0x00, 0x00, 0x00,
    0x00, 0x00, 0x00, 0x00, 0x00, 0x00, 0x00, 0x00, 0x00, 0x00, 0x00, 0x00, 0x00, 0x00, 0x00, 0x00,
    0x00, 0x00, 0x00, 0x00, 0x00, 0x00, 0x00, 0x00, 0x00, 0x00, 0x00, 0x00, 0x00, 0x00, 0x00, 0x00,
    0x00, 0x00, 0x00, 0x00, 0x00, 0x00, 0x00, 0x00, 0x00, 0x00, 0x00, 0x00, 0x00, 0x00, 0x00, 0x00,
    0x00, 0x00, 0x00, 0x00, 0x00, 0x00, 0x00, 0x00, 0x00, 0x00, 0x00, 0x00, 0x00, 0x00, 0x00, 0x00,
    0x00, 0x00, 0x00, 0x00, 0x00, 0x00, 0x00, 0x00, 0x00, 0x00, 0x00, 0x00, 0x00, 0x00, 0x00, 0x00,
    0x00, 0x00, 0x00, 0x00, 0x00, 0x00, 0x00, 0x00, 0x00, 0x00, 0x00, 0x00, 0x00, 0x00, 0x00, 0x00,
    0x00, 0x00, 0x00, 0x00, 0x00, 0x00, 0x00, 0x00, 0x00, 0x00, 0x00, 0x00, 0x00, 0x00, 0x00, 0x00,
    0x00, 0x00, 0x00, 0x00, 0x00, 0x00, 0x00, 0x00, 0x00, 0x00, 0x00, 0x00, 0x00, 0x00, 0x00, 0x00,
    0x00, 0x00, 0x00, 0x00, 0x00, 0x00, 0x00, 0x00, 0x00, 0x00, 0x00, 0x00, 0x00, 0x00, 0x00, 0x00,
    0x00, 0x00, 0x00, 0x00, 0x00, 0x00, 0x00, 0x00, 0x00, 0x00, 0x00, 0x00, 0x00, 0x00, 0x00, 0x00,
    0x00, 0x00, 0x00, 0x00, 0x40, 0x7C, 0xBC, 0x01, 0x40, 0x7C, 0xBD, 0x01, 0x40, 0x7C, 0xBD, 0x01,
    0x40, 0x7C, 0xBD, 0x01, 0x3F, 0x7D, 0xBE, 0x01, 0x3F, 0x7D, 0xBE, 0x02, 0x3F, 0x7D, 0xBE, 0x02,
    0x3F, 0x7C, 0xBF, 0x02, 0x41, 0x81, 0xC0, 0x02, 0x29, 0x5F, 0x97, 0x25, 0x36, 0x69, 0x9B, 0x94,
    0x36, 0x69, 0x9B, 0x94, 0x29, 0x4F, 0x97, 0xF5, 0x75, 0xA8, 0xF9, 0xF5, 0x5F, 0x9C, 0xFB, 0xF6,
    0x5F, 0x9C, 0xFB, 0xF6, 0x50, 0x94, 0xFA, 0xF6, 0x4D, 0x9B, 0xFA, 0xF9, 0x48, 0xA2, 0xFB, 0xF8,
    0x48, 0xA2, 0xFB, 0xF8, 0x36, 0x9A, 0xFA, 0xFA, 0x23, 0x9C, 0xFB, 0xFA, 0x0D, 0x7F, 0xEA, 0xF9,
    0x0D, 0x7F, 0xEA, 0xF9, 0x08, 0x5D, 0xBC, 0xF8, 0x08, 0x40, 0x95, 0xF8, 0x18, 0x64, 0xC1, 0xF9,
    0x1B, 0x84, 0xEA, 0xFA, 0x1B, 0x84, 0xEA, 0xFA, 0x1C, 0x8E, 0xFA, 0xFA, 0x17, 0x80, 0xF8, 0xFB,
    0x1A, 0x86, 0xF8, 0xFB, 0x1A, 0x86, 0xF8, 0xFB, 0x19, 0x85, 0xF5, 0xFC, 0x18, 0x80, 0xF2, 0xFC,
    0x1E, 0x87, 0xF6, 0xFC, 0x1E, 0x87, 0xF6, 0xFC, 0x26, 0x92, 0xFB, 0xFC, 0x28, 0x90, 0xFA, 0xFC,
    0x26, 0x8F, 0xFA, 0xFC, 0x26, 0x8F, 0xFA, 0xFC, 0x25, 0x8E, 0xF8, 0xFC, 0x1F, 0x86, 0xF3, 0xFC,
    0x24, 0x92, 0xF9, 0xFC, 0x30, 0x9D, 0xFD, 0xFC, 0x30, 0x9D, 0xFD, 0xFC, 0x36, 0x9F, 0xFD, 0xFC,
    0x38, 0xA0, 0xFC, 0xFC, 0x3A, 0xA0, 0xFC, 0xFC, 0x3A, 0xA0, 0xFC, 0xFC, 0x3B, 0xA5, 0xFE, 0xFC,
    0x3B, 0xA2, 0xFE, 0xFB, 0x3B, 0x9B, 0xFD, 0xFB, 0x3B, 0x9B, 0xFD, 0xFB, 0x3D, 0x8E, 0xF8, 0xFB,
    0x47, 0x87, 0xF8, 0xFB, 0x51, 0x79, 0xF0, 0xFB, 0x51, 0x79, 0xF0, 0xFB, 0x59, 0x76, 0xED, 0xFB,
    0x5E, 0x7C, 0xF0, 0xFA, 0x65, 0x8C, 0xFB, 0xFA, 0x63, 0x92, 0xFC, 0xF9, 0x63, 0x92, 0xFC, 0xF9,
    0x56, 0x90, 0xF9, 0xF8, 0x51, 0xA4, 0xFC, 0xF7, 0x3A, 0x8D, 0xE5, 0xF0, 0x3A, 0x8D, 0xE5, 0xF0,
    0x00, 0x1A, 0x58, 0xD3, 0x16, 0x4E, 0x93, 0x73, 0x3C, 0x84, 0xCD, 0x10, 0x3C, 0x84, 0xCD, 0x10,
    0x38, 0x83, 0xCA, 0x07, 0x3C, 0x83, 0xCD, 0x08, 0x3C, 0x84, 0xCD, 0x06, 0x3C, 0x84, 0xCD, 0x06,
    0x3C, 0x83, 0xCA, 0x06, 0x3C, 0x83, 0xCA, 0x05, 0x3B, 0x82, 0xC9, 0x03, 0x3B, 0x81, 0xC8, 0x02,
    0x3B, 0x81, 0xC8, 0x02, 0x3A, 0x80, 0xC6, 0x02, 0x3B, 0x80, 0xC6, 0x01, 0x3A, 0x80, 0xC5, 0x01,
    0x3A, 0x80, 0xC5, 0x01, 0x00, 0x00, 0x00, 0x00, 0x00, 0x00, 0x00, 0x00, 0x00, 0x00, 0x00, 0x00,
    0x00, 0x00, 0x00, 0x00, 0x00, 0x00, 0x00, 0x00, 0x00, 0x00, 0x00, 0x00, 0x00, 0x00, 0x00, 0x00,
    0x00, 0x00, 0x00, 0x00, 0x00, 0x00, 0x00, 0x00, 0x00, 0x00, 0x00, 0x00, 0x00, 0x00, 0x00, 0x00,
    0x00, 0x00, 0x00, 0x00, 0x00, 0x00, 0x00, 0x00, 0x00, 0x00, 0x00, 0x00, 0x00, 0x00, 0x00, 0x00,
    0x00, 0x00, 0x00, 0x00, 0x00, 0x00, 0x00, 0x00, 0x00, 0x00, 0x00, 0x00, 0x00, 0x00, 0x00, 0x00,
    0x00, 0x00, 0x00, 0x00, 0x00, 0x00, 0x00, 0x00, 0x00, 0x00, 0x00, 0x00, 0x00, 0x00, 0x00, 0x00,
    0x00, 0x00, 0x00, 0x00, 0x00, 0x00, 0x00, 0x00, 0x00, 0x00, 0x00, 0x00, 0x00, 0x00, 0x00, 0x00,
    0x00, 0x00, 0x00, 0x00, 0x00, 0x00, 0x00, 0x00, 0x00, 0x00, 0x00, 0x00, 0x00, 0x00, 0x00, 0x00,
    0x00, 0x00, 0x00, 0x00, 0x00, 0x00, 0x00, 0x00, 0x00, 0x00, 0x00, 0x00, 0x00, 0x00, 0x00, 0x00,
    0x00, 0x00, 0x00, 0x00, 0x00, 0x00, 0x00, 0x00, 0x00, 0x00, 0x00, 0x00, 0x00, 0x00, 0x00, 0x00,
    0x00, 0x00, 0x00, 0x00, 0x00, 0x00, 0x00, 0x00, 0x00, 0x00, 0x00, 0x00, 0x00, 0x00, 0x00, 0x00,
    0x00, 0x00, 0x00, 0x00, 0x3F, 0x7D, 0xBE, 0x01, 0x3F, 0x7D, 0xBE, 0x01, 0x3F, 0x7D, 0xBE, 0x01,
    0x3F, 0x7D, 0xBF, 0x02, 0x3E, 0x7D, 0xBF, 0x01, 0x3D, 0x7E, 0xBF, 0x03, 0x3D, 0x7E, 0xBF, 0x03,
    0x3D, 0x7F, 0xC2, 0x01, 0x44, 0x83, 0xC3, 0x10, 0x09, 0x22, 0x54, 0xA8, 0x25, 0x4A, 0x81, 0xEC,
    0x25, 0x4A, 0x81, 0xEC, 0x86, 0xB7, 0xF7, 0xF2, 0x7F, 0xAB, 0xFB, 0xF4, 0x66, 0x92, 0xF7, 0xF7,
    0x66, 0x92, 0xF7, 0xF7, 0x60, 0x98, 0xFB, 0xF7, 0x4C, 0x86, 0xF4, 0xF9, 0x4D, 0x9F, 0xFC, 0xF9,
    0x4D, 0x9F, 0xFC, 0xF9, 0x40, 0xA7, 0xFD, 0xFA, 0x21, 0x97, 0xFC, 0xFA, 0x03, 0x70, 0xE8, 0xFA,
    0x03, 0x70, 0xE8, 0xFA, 0x05, 0x6E, 0xDE, 0xFB, 0x0B, 0x75, 0xE0, 0xFB, 0x17, 0x8A, 0xF3, 0xFB,
    0x10, 0x7F, 0xF0, 0xFB, 0x10, 0x7F, 0xF0, 0xFB, 0x17, 0x89, 0xF8, 0xFC, 0x18, 0x87, 0xFA, 0xFC,
    0x1B, 0x88, 0xF8, 0xFC, 0x1B, 0x88, 0xF8, 0xFC, 0x16, 0x82, 0xF2, 0xFC, 0x18, 0x83, 0xF3, 0xFC,
    0x1F, 0x8B, 0xF9, 0xFC, 0x1F, 0x8B, 0xF9, 0xFC, 0x25, 0x94, 0xFC, 0xFC, 0x27, 0x93, 0xFC, 0xFC,
    0x27, 0x93, 0xFC, 0xFC, 0x27, 0x93, 0xFC, 0xFC, 0x21, 0x8E, 0xF7, 0xFC, 0x1F, 0x8D, 0xF5, 0xFC,
    0x22, 0x90, 0xF5, 0xFC, 0x2D, 0x9B, 0xFC, 0xFC, 0x2D, 0x9B, 0xFC, 0xFC, 0x34, 0xA2, 0xFD, 0xFC,
    0x38, 0xA4, 0xFE, 0xFC, 0x39, 0xA1, 0xFD, 0xFC, 0x39, 0xA1, 0xFD, 0xFC, 0x3A, 0xA4, 0xFE, 0xFC,
    0x3A, 0xA3, 0xFE, 0xFC, 0x3B, 0xA5, 0xFE, 0xFB, 0x3B, 0xA5, 0xFE, 0xFB, 0x3B, 0xA4, 0xFE, 0xFB,
    0x3E, 0x9F, 0xFE, 0xFB, 0x46, 0x8E, 0xFC, 0xFB, 0x46, 0x8E, 0xFC, 0xFB, 0x4E, 0x83, 0xF8, 0xFB,
    0x4E, 0x7F, 0xEF, 0xFB, 0x58, 0x88, 0xF7, 0xFA, 0x5F, 0x96, 0xFD, 0xFA, 0x5F, 0x96, 0xFD, 0xFA,
    0x5A, 0x99, 0xFC, 0xF9, 0x4E, 0xA1, 0xFC, 0xF8, 0x4A, 0xA1, 0xF7, 0xF2, 0x4A, 0xA1, 0xF7, 0xF2,
    0x00, 0x20, 0x62, 0xDE, 0x0E, 0x3D, 0x7E, 0xA3, 0x3A, 0x8D, 0xD8, 0x27, 0x3A, 0x8D, 0xD8, 0x27,
    0x37, 0x83, 0xCD, 0x0B, 0x3A, 0x83, 0xCE, 0x09, 0x3B, 0x84, 0xCE, 0x06, 0x3B, 0x84, 0xCE, 0x06,
    0x3B, 0x83, 0xCB, 0x06, 0x3B, 0x82, 0xCB, 0x05, 0x3B, 0x82, 0xCA, 0x03, 0x3A, 0x81, 0xC9, 0x02,
    0x3A, 0x81, 0xC9, 0x02, 0x3A, 0x80, 0xC7, 0x02, 0x3A, 0x80, 0xC7, 0x01, 0x3A, 0x80, 0xC6, 0x01,
    0x3A, 0x80, 0xC6, 0x01, 0x00, 0x00, 0x00, 0x00, 0x00, 0x00, 0x00, 0x00, 0x00, 0x00, 0x00, 0x00,
    0x00, 0x00, 0x00, 0x00, 0x00, 0x00, 0x00, 0x00, 0x00, 0x00, 0x00, 0x00, 0x00, 0x00, 0x00, 0x00,
    0x00, 0x00, 0x00, 0x00, 0x00, 0x00, 0x00, 0x00, 0x00, 0x00, 0x00, 0x00, 0x00, 0x00, 0x00, 0x00,
    0x00, 0x00, 0x00, 0x00, 0x00, 0x00, 0x00, 0x00, 0x00, 0x00, 0x00, 0x00, 0x00, 0x00, 0x00, 0x00,
    0x00, 0x00, 0x00, 0x00, 0x00, 0x00, 0x00, 0x00, 0x00, 0x00, 0x00, 0x00, 0x00, 0x00, 0x00, 0x00,
    0x00, 0x00, 0x00, 0x00, 0x00, 0x00, 0x00, 0x00, 0x00, 0x00, 0x00, 0x00, 0x00, 0x00, 0x00, 0x00,
    0x00, 0x00, 0x00, 0x00, 0x00, 0x00, 0x00, 0x00, 0x00, 0x00, 0x00, 0x00, 0x00, 0x00, 0x00, 0x00,
    0x00, 0x00, 0x00, 0x00, 0x00, 0x00, 0x00, 0x00, 0x00, 0x00, 0x00, 0x00, 0x00, 0x00, 0x00, 0x00,
    0x00, 0x00, 0x00, 0x00, 0x00, 0x00, 0x00, 0x00, 0x00, 0x00, 0x00, 0x00, 0x00, 0x00, 0x00, 0x00,
    0x00, 0x00, 0x00, 0x00, 0x00, 0x00, 0x00, 0x00, 0x00, 0x00, 0x00, 0x00, 0x00, 0x00, 0x00, 0x00,
    0x00, 0x00, 0x00, 0x00, 0x00, 0x00, 0x00, 0x00, 0x00, 0x00, 0x00, 0x00, 0x00, 0x00, 0x00, 0x00,
    0x00, 0x00, 0x00, 0x00, 0x3F, 0x7E, 0xBF, 0x01, 0x3F, 0x7E, 0xC0, 0x02, 0x3F, 0x7E, 0xC0, 0x02,
    0x3E, 0x7D, 0xC0, 0x02, 0x3E, 0x7D, 0xC0, 0x02, 0x3D, 0x7E, 0xC0, 0x04, 0x3D, 0x7E, 0xC0, 0x04,
    0x3D, 0x7F, 0xC3, 0x01, 0x44, 0x83, 0xC4, 0x16, 0x04, 0x16, 0x45, 0xC0, 0x29, 0x41, 0x7D, 0xEF,
    0x29, 0x41, 0x7D, 0xEF, 0x9A, 0xBE, 0xFC, 0xF3, 0x7B, 0x9D, 0xF5, 0xF5, 0x72, 0x91, 0xF5, 0xF8,
    0x72, 0x91, 0xF5, 0xF8, 0x67, 0x91, 0xFA, 0xF8, 0x61, 0x93, 0xF9, 0xFA, 0x51, 0x9B, 0xFB, 0xFA,
    0x51, 0x9B, 0xFB, 0xFA, 0x2A, 0x81, 0xF0, 0xFA, 0x17, 0x84, 0xF6, 0xFB, 0x0A, 0x7E, 0xF3, 0xFB,
    0x0A, 0x7E, 0xF3, 0xFB, 0x0C, 0x85, 0xF7, 0xFB, 0x08, 0x7A, 0xEF, 0xFB, 0x10, 0x86, 0xF9, 0xFC,
    0x12, 0x81, 0xF6, 0xFC, 0x12, 0x81, 0xF6, 0xFC, 0x18, 0x86, 0xF7, 0xFC, 0x1B, 0x8A, 0xFA, 0xFC,
    0x18, 0x87, 0xF7, 0xFC, 0x18, 0x87, 0xF7, 0xFC, 0x15, 0x82, 0xF1, 0xFC, 0x16, 0x82, 0xF3, 0xFC,
    0x1F, 0x8C, 0xF9, 0xFC, 0x1F, 0x8C, 0xF9, 0xFC, 0x23, 0x8E, 0xFA, 0xFC, 0x27, 0x93, 0xFD, 0xFC,
    0x25, 0x90, 0xFB, 0xFC, 0x25, 0x90, 0xFB, 0xFC, 0x1F, 0x89, 0xF5, 0xFC, 0x21, 0x8E, 0xF8, 0xFC,
    0x24, 0x8F, 0xF6, 0xFC, 0x30, 0x9C, 0xFC, 0xFC, 0x30, 0x9C, 0xFC, 0xFC, 0x34, 0xA1, 0xFD, 0xFC,
    0x35, 0xA3, 0xFE, 0xFC, 0x36, 0xA3, 0xFF, 0xFC, 0x36, 0xA3, 0xFF, 0xFC, 0x38, 0xA3, 0xFE, 0xFC,
    0x3A, 0xA2, 0xFE, 0xFC, 0x39, 0xA3, 0xFE, 0xFC, 0x39, 0xA3, 0xFE, 0xFC, 0x38, 0xA3, 0xFE, 0xFC,
    0x37, 0xA3, 0xFF, 0xFC, 0x3B, 0xA1, 0xFF, 0xFC, 0x3B, 0xA1, 0xFF, 0xFC, 0x43, 0x9A, 0xFE, 0xFB,
    0x40, 0x89, 0xF6, 0xFB, 0x46, 0x86, 0xF4, 0xFA, 0x52, 0x93, 0xFB, 0xFA, 0x52, 0x93, 0xFB, 0xFA,
    0x53, 0x9A, 0xFB, 0xF9, 0x45, 0x93, 0xF7, 0xF9, 0x49, 0x9F, 0xF8, 0xF6, 0x49, 0x9F, 0xF8, 0xF6,
    0x08, 0x36, 0x77, 0xEC, 0x0B, 0x3A, 0x6F, 0xD4, 0x40, 0x8F, 0xD5, 0x5E, 0x40, 0x8F, 0xD5, 0x5E,
    0x36, 0x82, 0xCD, 0x0F, 0x38, 0x83, 0xCE, 0x0E, 0x3A, 0x83, 0xCE, 0x0A, 0x3A, 0x83, 0xCE, 0x0A,
    0x39, 0x82, 0xCC, 0x09, 0x3A, 0x82, 0xCC, 0x06, 0x39, 0x81, 0xCA, 0x05, 0x39, 0x81, 0xCA, 0x02,
    0x39, 0x81, 0xCA, 0x02, 0x39, 0x81, 0xC9, 0x02, 0x39, 0x80, 0xC7, 0x01, 0x39, 0x80, 0xC6, 0x01,
    0x39, 0x80, 0xC6, 0x01, 0x00, 0x00, 0x00, 0x00, 0x00, 0x00, 0x00, 0x00, 0x00, 0x00, 0x00, 0x00,
    0x00, 0x00, 0x00, 0x00, 0x00, 0x00, 0x00, 0x00, 0x00, 0x00, 0x00, 0x00, 0x00, 0x00, 0x00, 0x00,
    0x00, 0x00, 0x00, 0x00, 0x00, 0x00, 0x00, 0x00, 0x00, 0x00, 0x00, 0x00, 0x00, 0x00, 0x00, 0x00,
    0x00, 0x00, 0x00, 0x00, 0x00, 0x00, 0x00, 0x00, 0x00, 0x00, 0x00, 0x00, 0x00, 0x00, 0x00, 0x00,
    0x00, 0x00, 0x00, 0x00, 0x00, 0x00, 0x00, 0x00, 0x00, 0x00, 0x00, 0x00, 0x00, 0x00, 0x00, 0x00,
    0x00, 0x00, 0x00, 0x00, 0x00, 0x00, 0x00, 0x00, 0x00, 0x00, 0x00, 0x00, 0x00, 0x00, 0x00, 0x00,
    0x00, 0x00, 0x00, 0x00, 0x00, 0x00, 0x00, 0x00, 0x00, 0x00, 0x00, 0x00, 0x00, 0x00, 0x00, 0x00,
    0x00, 0x00, 0x00, 0x00, 0x00, 0x00, 0x00, 0x00, 0x00, 0x00, 0x00, 0x00, 0x00, 0x00, 0x00, 0x00,
    0x00, 0x00, 0x00, 0x00, 0x00, 0x00, 0x00, 0x00, 0x00, 0x00, 0x00, 0x00, 0x00, 0x00, 0x00, 0x00,
    0x00, 0x00, 0x00, 0x00, 0x00, 0x00, 0x00, 0x00, 0x00, 0x00, 0x00, 0x00, 0x00, 0x00, 0x00, 0x00,
    0x00, 0x00, 0x00, 0x00, 0x00, 0x00, 0x00, 0x00, 0x00, 0x00, 0x00, 0x00, 0x00, 0x00, 0x00, 0x00,
    0x00, 0x00, 0x00, 0x00, 0x3F, 0x7E, 0xBF, 0x01, 0x3F, 0x7E, 0xC0, 0x02, 0x3F, 0x7E, 0xC0, 0x02,
    0x3E, 0x7D, 0xC0, 0x02, 0x3E, 0x7D, 0xC0, 0x02, 0x3D, 0x7E, 0xC0, 0x04, 0x3D, 0x7E, 0xC0, 0x04,
    0x3D, 0x7F, 0xC3, 0x01, 0x44, 0x83, 0xC4, 0x16, 0x04, 0x16, 0x45, 0xC0, 0x29, 0x41, 0x7D, 0xEF,
    0x29, 0x41, 0x7D, 0xEF, 0x9A, 0xBE, 0xFC, 0xF3, 0x7B, 0x9D, 0xF5, 0xF5, 0x72, 0x91, 0xF5, 0xF8,
    0x72, 0x91, 0xF5, 0xF8, 0x67, 0x91, 0xFA, 0xF8, 0x61, 0x93, 0xF9, 0xFA, 0x51, 0x9B, 0xFB, 0xFA,
    0x51, 0x9B, 0xFB, 0xFA, 0x2A, 0x81, 0xF0, 0xFA, 0x17, 0x84, 0xF6, 0xFB, 0x0A, 0x7E, 0xF3, 0xFB,
    0x0A, 0x7E, 0xF3, 0xFB, 0x0C, 0x85, 0xF7, 0xFB, 0x08, 0x7A, 0xEF, 0xFB, 0x10, 0x86, 0xF9, 0xFC,
    0x12, 0x81, 0xF6, 0xFC, 0x12, 0x81, 0xF6, 0xFC, 0x18, 0x86, 0xF7, 0xFC, 0x1B, 0x8A, 0xFA, 0xFC,
    0x18, 0x87, 0xF7, 0xFC, 0x18, 0x87, 0xF7, 0xFC, 0x15, 0x82, 0xF1, 0xFC, 0x16, 0x82, 0xF3, 0xFC,
    0x1F, 0x8C, 0xF9, 0xFC, 0x1F, 0x8C, 0xF9, 0xFC, 0x23, 0x8E, 0xFA, 0xFC, 0x27, 0x93, 0xFD, 0xFC,
    0x25, 0x90, 0xFB, 0xFC, 0x25, 0x90, 0xFB, 0xFC, 0x1F, 0x89, 0xF5, 0xFC, 0x21, 0x8E, 0xF8, 0xFC,
    0x24, 0x8F, 0xF6, 0xFC, 0x30, 0x9C, 0xFC, 0xFC, 0x30, 0x9C, 0xFC, 0xFC, 0x34, 0xA1, 0xFD, 0xFC,
    0x35, 0xA3, 0xFE, 0xFC, 0x36, 0xA3, 0xFF, 0xFC, 0x36, 0xA3, 0xFF, 0xFC, 0x38, 0xA3, 0xFE, 0xFC,
    0x3A, 0xA2, 0xFE, 0xFC, 0x39, 0xA3, 0xFE, 0xFC, 0x39, 0xA3, 0xFE, 0xFC, 0x38, 0xA3, 0xFE, 0xFC,
    0x37, 0xA3, 0xFF, 0xFC, 0x3B, 0xA1, 0xFF, 0xFC, 0x3B, 0xA1, 0xFF, 0xFC, 0x43, 0x9A, 0xFE, 0xFB,
    0x40, 0x89, 0xF6, 0xFB, 0x46, 0x86, 0xF4, 0xFA, 0x52, 0x93, 0xFB, 0xFA, 0x52, 0x93, 0xFB, 0xFA,
    0x53, 0x9A, 0xFB, 0xF9, 0x45, 0x93, 0xF7, 0xF9, 0x49, 0x9F, 0xF8, 0xF6, 0x49, 0x9F, 0xF8, 0xF6,
    0x08, 0x36, 0x77, 0xEC, 0x0B, 0x3A, 0x6F, 0xD4, 0x40, 0x8F, 0xD5, 0x5E, 0x40, 0x8F, 0xD5, 0x5E,
    0x36, 0x82, 0xCD, 0x0F, 0x38, 0x83, 0xCE, 0x0E, 0x3A, 0x83, 0xCE, 0x0A, 0x3A, 0x83, 0xCE, 0x0A,
    0x39, 0x82, 0xCC, 0x09, 0x3A, 0x82, 0xCC, 0x06, 0x39, 0x81, 0xCA, 0x05, 0x39, 0x81, 0xCA, 0x02,
    0x39, 0x81, 0xCA, 0x02, 0x39, 0x81, 0xC9, 0x02, 0x39, 0x80, 0xC7, 0x01, 0x39, 0x80, 0xC6, 0x01,
    0x39, 0x80, 0xC6, 0x01, 0x00, 0x00, 0x00, 0x00, 0x00, 0x00, 0x00, 0x00, 0x00, 0x00, 0x00, 0x00,
    0x00, 0x00, 0x00, 0x00, 0x00, 0x00, 0x00, 0x00, 0x00, 0x00, 0x00, 0x00, 0x00, 0x00, 0x00, 0x00,
    0x00, 0x00, 0x00, 0x00, 0x00, 0x00, 0x00, 0x00, 0x00, 0x00, 0x00, 0x00, 0x00, 0x00, 0x00, 0x00,
    0x00, 0x00, 0x00, 0x00, 0x00, 0x00, 0x00, 0x00, 0x00, 0x00, 0x00, 0x00, 0x00, 0x00, 0x00, 0x00,
    0x00, 0x00, 0x00, 0x00, 0x00, 0x00, 0x00, 0x00, 0x00, 0x00, 0x00, 0x00, 0x00, 0x00, 0x00, 0x00,
    0x00, 0x00, 0x00, 0x00, 0x00, 0x00, 0x00, 0x00, 0x00, 0x00, 0x00, 0x00, 0x00, 0x00, 0x00, 0x00,
    0x00, 0x00, 0x00, 0x00, 0x00, 0x00, 0x00, 0x00, 0x00, 0x00, 0x00, 0x00, 0x00, 0x00, 0x00, 0x00,
    0x00, 0x00, 0x00, 0x00, 0x00, 0x00, 0x00, 0x00, 0x00, 0x00, 0x00, 0x00, 0x00, 0x00, 0x00, 0x00,
    0x00, 0x00, 0x00, 0x00, 0x00, 0x00, 0x00, 0x00, 0x00, 0x00, 0x00, 0x00, 0x00, 0x00, 0x00, 0x00,
    0x00, 0x00, 0x00, 0x00, 0x00, 0x00, 0x00, 0x00, 0x00, 0x00, 0x00, 0x00, 0x00, 0x00, 0x00, 0x00,
    0x00, 0x00, 0x00, 0x00, 0x00, 0x00, 0x00, 0x00, 0x00, 0x00, 0x00, 0x00, 0x00, 0x00, 0x00, 0x00,
    0x00, 0x00, 0x00, 0x00, 0x3F, 0x7E, 0xC1, 0x01, 0x3F, 0x7E, 0xC2, 0x02, 0x3F, 0x7E, 0xC2, 0x02,
    0x3F, 0x7F, 0xC2, 0x02, 0x3E, 0x7F, 0xC2, 0x02, 0x3F, 0x7F, 0xC2, 0x04, 0x3F, 0x7F, 0xC2, 0x04,
    0x3D, 0x81, 0xC4, 0x01, 0x40, 0x83, 0xC2, 0x1C, 0x03, 0x1A, 0x47, 0xC9, 0x33, 0x4B, 0x88, 0xF1,
    0x33, 0x4B, 0x88, 0xF1, 0xA2, 0xC0, 0xFD, 0xF3, 0x7F, 0x9C, 0xF6, 0xF6, 0x7A, 0x98, 0xF8, 0xF8,
    0x7A, 0x98, 0xF8, 0xF8, 0x72, 0x96, 0xFA, 0xF8, 0x5D, 0x86, 0xF0, 0xFA, 0x3C, 0x7F, 0xEE, 0xFA,
    0x3C, 0x7F, 0xEE, 0xFA, 0x1E, 0x79, 0xED, 0xFB, 0x17, 0x84, 0xF7, 0xFB, 0x14, 0x8D, 0xFA, 0xFB,
    0x14, 0x8D, 0xFA, 0xFB, 0x15, 0x93, 0xFC, 0xFB, 0x0D, 0x81, 0xF6, 0xFC, 0x13, 0x86, 0xF9, 0xFC,
    0x14, 0x85, 0xF8, 0xFC, 0x14, 0x85, 0xF8, 0xFC, 0x1B, 0x8C, 0xFA, 0xFC, 0x1B, 0x8A, 0xFA, 0xFC,
    0x1A, 0x88, 0xF7, 0xFC, 0x1A, 0x88, 0xF7, 0xFC, 0x14, 0x82, 0xF1, 0xFC, 0x17, 0x83, 0xF3, 0xFC,
    0x1F, 0x8D, 0xF9, 0xFC, 0x1F, 0x8D, 0xF9, 0xFC, 0x23, 0x91, 0xFB, 0xFC, 0x25, 0x92, 0xFC, 0xFC,
    0x24, 0x91, 0xFB, 0xFC, 0x24, 0x91, 0xFB, 0xFC, 0x22, 0x8D, 0xF8, 0xFC, 0x25, 0x92, 0xFB, 0xFC,
    0x27, 0x92, 0xF9, 0xFC, 0x31, 0x9E, 0xFD, 0xFC, 0x31, 0x9E, 0xFD, 0xFC, 0x34, 0xA1, 0xFE, 0xFC,
    0x34, 0xA2, 0xFE, 0xFC, 0x36, 0xA3, 0xFF, 0xFC, 0x36, 0xA3, 0xFF, 0xFC, 0x37, 0xA3, 0xFF, 0xFC,
    0x38, 0xA3, 0xFE, 0xFC, 0x39, 0xA3, 0xFE, 0xFC, 0x39, 0xA3, 0xFE, 0xFC, 0x39, 0xA3, 0xFE, 0xFC,
    0x38, 0xA5, 0xFE, 0xFC, 0x38, 0xA7, 0xFF, 0xFC, 0x38, 0xA7, 0xFF, 0xFC, 0x3B, 0xA5, 0xFF, 0xFB,
    0x3B, 0x9B, 0xFD, 0xFB, 0x3B, 0x95, 0xFB, 0xFB, 0x40, 0x93, 0xFA, 0xFA, 0x40, 0x93, 0xFA, 0xFA,
    0x43, 0x9A, 0xFB, 0xFA, 0x3C, 0x9B, 0xFB, 0xF9, 0x44, 0xA7, 0xFC, 0xF8, 0x44, 0xA7, 0xFC, 0xF8,
    0x13, 0x4B, 0x92, 0xF0, 0x04, 0x1C, 0x4F, 0xDF, 0x27, 0x5E, 0xA3, 0x7F, 0x27, 0x5E, 0xA3, 0x7F,
    0x3B, 0x88, 0xD5, 0x22, 0x35, 0x82, 0xCE, 0x15, 0x39, 0x83, 0xCF, 0x0C, 0x39, 0x83, 0xCF, 0x0C,
    0x38, 0x81, 0xCD, 0x0A, 0x38, 0x81, 0xCC, 0x07, 0x38, 0x80, 0xCA, 0x05, 0x38, 0x81, 0xCA, 0x02,
    0x38, 0x81, 0xCA, 0x02, 0x38, 0x80, 0xC9, 0x02, 0x38, 0x80, 0xC7, 0x01, 0x38, 0x7F, 0xC6, 0x01,
    0x38, 0x7F, 0xC6, 0x01, 0x00, 0x00, 0x00, 0x00, 0x00, 0x00, 0x00, 0x00, 0x00, 0x00, 0x00, 0x00,
    0x00, 0x00, 0x00, 0x00, 0x00, 0x00, 0x00, 0x00, 0x00, 0x00, 0x00, 0x00, 0x00, 0x00, 0x00, 0x00,
    0x00, 0x00, 0x00, 0x00, 0x00, 0x00, 0x00, 0x00, 0x00, 0x00, 0x00, 0x00, 0x00, 0x00, 0x00, 0x00,
    0x00, 0x00, 0x00, 0x00, 0x00, 0x00, 0x00, 0x00, 0x00, 0x00, 0x00, 0x00, 0x00, 0x00, 0x00, 0x00,
    0x00, 0x00, 0x00, 0x00, 0x00, 0x00, 0x00, 0x00, 0x00, 0x00, 0x00, 0x00, 0x00, 0x00, 0x00, 0x00,
    0x00, 0x00, 0x00, 0x00, 0x00, 0x00, 0x00, 0x00, 0x00, 0x00, 0x00, 0x00, 0x00, 0x00, 0x00, 0x00,
    0x00, 0x00, 0x00, 0x00, 0x00, 0x00, 0x00, 0x00, 0x00, 0x00, 0x00, 0x00, 0x00, 0x00, 0x00, 0x00,
    0x00, 0x00, 0x00, 0x00, 0x00, 0x00, 0x00, 0x00, 0x00, 0x00, 0x00, 0x00, 0x00, 0x00, 0x00, 0x00,
    0x00, 0x00, 0x00, 0x00, 0x00, 0x00, 0x00, 0x00, 0x00, 0x00, 0x00, 0x00, 0x00, 0x00, 0x00, 0x00,
    0x00, 0x00, 0x00, 0x00, 0x00, 0x00, 0x00, 0x00, 0x00, 0x00, 0x00, 0x00, 0x00, 0x00, 0x00, 0x00,
    0x00, 0x00, 0x00, 0x00, 0x00, 0x00, 0x00, 0x00, 0x00, 0x00, 0x00, 0x00, 0x00, 0x00, 0x00, 0x00,
    0x00, 0x00, 0x00, 0x00, 0x40, 0x7F, 0xC2, 0x01, 0x40, 0x7F, 0xC2, 0x02, 0x40, 0x7F, 0xC2, 0x02,
    0x3F, 0x80, 0xC3, 0x02, 0x3F, 0x81, 0xC3, 0x02, 0x3F, 0x81, 0xC3, 0x05, 0x3F, 0x81, 0xC3, 0x05,
    0x3E, 0x83, 0xC6, 0x01, 0x3D, 0x80, 0xBF, 0x1E, 0x01, 0x15, 0x43, 0xCD, 0x33, 0x4B, 0x8C, 0xF3,
    0x33, 0x4B, 0x8C, 0xF3, 0x9F, 0xB9, 0xFD, 0xF3, 0x7E, 0x95, 0xF5, 0xF7, 0x7B, 0x93, 0xF8, 0xF8,
    0x7B, 0x93, 0xF8, 0xF8, 0x6F, 0x8F, 0xF5, 0xF9, 0x41, 0x6A, 0xDA, 0xFA, 0x1B, 0x63, 0xDC, 0xFA,
    0x1B, 0x63, 0xDC, 0xFA, 0x20, 0x89, 0xF6, 0xFB, 0x22, 0x95, 0xFB, 0xFB, 0x1D, 0x90, 0xFA, 0xFB,
    0x1D, 0x90, 0xFA, 0xFB, 0x17, 0x8C, 0xF9, 0xFC, 0x10, 0x82, 0xF5, 0xFC, 0x0F, 0x7C, 0xF2, 0xFC,
    0x17, 0x86, 0xF6, 0xFC, 0x17, 0x86, 0xF6, 0xFC, 0x1E, 0x90, 0xFB, 0xFC, 0x19, 0x84, 0xF6, 0xFC,
    0x1A, 0x88, 0xF7, 0xFC, 0x1A, 0x88, 0xF7, 0xFC, 0x14, 0x82, 0xF2, 0xFD, 0x17, 0x84, 0xF3, 0xFD,
    0x1E, 0x8D, 0xF9, 0xFD, 0x1E, 0x8D, 0xF9, 0xFD, 0x22, 0x94, 0xFB, 0xFD, 0x24, 0x93, 0xFC, 0xFD,
    0x21, 0x8E, 0xF9, 0xFD, 0x21, 0x8E, 0xF9, 0xFD, 0x1E, 0x8A, 0xF5, 0xFD, 0x26, 0x92, 0xFA, 0xFD,
    0x28, 0x94, 0xFA, 0xFD, 0x30, 0x9D, 0xFD, 0xFC, 0x30, 0x9D, 0xFD, 0xFC, 0x33, 0xA1, 0xFE, 0xFC,
    0x34, 0xA3, 0xFE, 0xFC, 0x35, 0xA3, 0xFE, 0xFC, 0x35, 0xA3, 0xFE, 0xFC, 0x36, 0xA3, 0xFE, 0xFC,
    0x37, 0xA3, 0xFE, 0xFC, 0x37, 0xA3, 0xFE, 0xFC, 0x37, 0xA3, 0xFE, 0xFC, 0x38, 0xA4, 0xFE, 0xFC,
    0x39, 0xA6, 0xFE, 0xFC, 0x39, 0xA6, 0xFE, 0xFC, 0x39, 0xA6, 0xFE, 0xFC, 0x38, 0xA5, 0xFE, 0xFB,
    0x39, 0xA6, 0xFE, 0xFB, 0x3B, 0xA5, 0xFE, 0xFB, 0x3A, 0x9B, 0xFC, 0xFB, 0x3A, 0x9B, 0xFC, 0xFB,
    0x3B, 0x9D, 0xFC, 0xFA, 0x38, 0xA0, 0xFD, 0xFA, 0x2F, 0x92, 0xF7, 0xF8, 0x2F, 0x92, 0xF7, 0xF8,
    0x0A, 0x48, 0xA2, 0xF8, 0x04, 0x25, 0x6F, 0xEE, 0x06, 0x2F, 0x76, 0xC5, 0x06, 0x2F, 0x76, 0xC5,
    0x35, 0x85, 0xCC, 0x71, 0x35, 0x83, 0xD2, 0x22, 0x36, 0x81, 0xCE, 0x12, 0x36, 0x81, 0xCE, 0x12,
    0x38, 0x81, 0xCE, 0x0E, 0x37, 0x80, 0xCC, 0x07, 0x37, 0x80, 0xCA, 0x05, 0x37, 0x80, 0xCA, 0x03,
    0x37, 0x80, 0xCA, 0x03, 0x36, 0x7F, 0xC8, 0x02, 0x36, 0x7F, 0xC8, 0x01, 0x00, 0x00, 0x00, 0x00,
    0x00, 0x00, 0x00, 0x00, 0x00, 0x00, 0x00, 0x00, 0x00, 0x00, 0x00, 0x00, 0x00, 0x00, 0x00, 0x00,
    0x00, 0x00, 0x00, 0x00, 0x00, 0x00, 0x00, 0x00, 0x00, 0x00, 0x00, 0x00, 0x00, 0x00, 0x00, 0x00,
    0x00, 0x00, 0x00, 0x00, 0x00, 0x00, 0x00, 0x00, 0x00, 0x00, 0x00, 0x00, 0x00, 0x00, 0x00, 0x00,
    0x00, 0x00, 0x00, 0x00, 0x00, 0x00, 0x00, 0x00, 0x00, 0x00, 0x00, 0x00, 0x00, 0x00, 0x00, 0x00,
    0x00, 0x00, 0x00, 0x00, 0x00, 0x00, 0x00, 0x00, 0x00, 0x00, 0x00, 0x00, 0x00, 0x00, 0x00, 0x00,
    0x00, 0x00, 0x00, 0x00, 0x00, 0x00, 0x00, 0x00, 0x00, 0x00, 0x00, 0x00, 0x00, 0x00, 0x00, 0x00,
    0x00, 0x00, 0x00, 0x00, 0x00, 0x00, 0x00, 0x00, 0x00, 0x00, 0x00, 0x00, 0x00, 0x00, 0x00, 0x00,
    0x00, 0x00, 0x00, 0x00, 0x00, 0x00, 0x00, 0x00, 0x00, 0x00, 0x00, 0x00, 0x00, 0x00, 0x00, 0x00,
    0x00, 0x00, 0x00, 0x00, 0x00, 0x00, 0x00, 0x00, 0x00, 0x00, 0x00, 0x00, 0x00, 0x00, 0x00, 0x00,
    0x00, 0x00, 0x00, 0x00, 0x00, 0x00, 0x00, 0x00, 0x00, 0x00, 0x00, 0x00, 0x00, 0x00, 0x00, 0x00,
    0x00, 0x00, 0x00, 0x00, 0x00, 0x00, 0x00, 0x00, 0x00, 0x00, 0x00, 0x00, 0x00, 0x00, 0x00, 0x00,
    0x00, 0x00, 0x00, 0x00, 0x40, 0x80, 0xC2, 0x02, 0x40, 0x81, 0xC3, 0x02, 0x40, 0x81, 0xC3, 0x02,
    0x40, 0x82, 0xC4, 0x02, 0x40, 0x82, 0xC5, 0x02, 0x40, 0x83, 0xC4, 0x05, 0x40, 0x83, 0xC4, 0x05,
    0x3F, 0x85, 0xC7, 0x01, 0x3C, 0x80, 0xBF, 0x1F, 0x02, 0x13, 0x42, 0xCC, 0x37, 0x4D, 0x90, 0xF3,
    0x37, 0x4D, 0x90, 0xF3, 0x9A, 0xB7, 0xFD, 0xF4, 0x80, 0x98, 0xF9, 0xF7, 0x73, 0x87, 0xF4, 0xF8,
    0x73, 0x87, 0xF4, 0xF8, 0x45, 0x66, 0xDE, 0xF9, 0x24, 0x66, 0xDB, 0xFA, 0x26, 0x84, 0xF2, 0xFA,
    0x26, 0x84, 0xF2, 0xFA, 0x2B, 0x9C, 0xFB, 0xFB, 0x2A, 0xA1, 0xFC, 0xFB, 0x23, 0x99, 0xFC, 0xFC,
    0x23, 0x99, 0xFC, 0xFC, 0x1D, 0x91, 0xFA, 0xFC, 0x11, 0x84, 0xF5, 0xFC, 0x12, 0x82, 0xF5, 0xFC,
    0x1E, 0x8E, 0xFA, 0xFC, 0x1E, 0x8E, 0xFA, 0xFC, 0x22, 0x94, 0xFC, 0xFC, 0x1C, 0x89, 0xF9, 0xFC,
    0x1B, 0x89, 0xF8, 0xFD, 0x1B, 0x89, 0xF8, 0xFD, 0x15, 0x83, 0xF3, 0xFD, 0x19, 0x87, 0xF6, 0xFD,
    0x21, 0x91, 0xFA, 0xFD, 0x21, 0x91, 0xFA, 0xFD, 0x26, 0x97, 0xFB, 0xFD, 0x25, 0x92, 0xFB, 0xFD,
    0x1D, 0x8A, 0xF4, 0xFD, 0x1D, 0x8A, 0xF4, 0xFD, 0x1A, 0x87, 0xEF, 0xFD, 0x24, 0x8F, 0xF7, 0xFD,
    0x2C, 0x9A, 0xFC, 0xFD, 0x33, 0xA2, 0xFE, 0xFD, 0x33, 0xA2, 0xFE, 0xFD, 0x33, 0xA1, 0xFD, 0xFD,
    0x34, 0xA4, 0xFE, 0xFC, 0x35, 0xA3, 0xFE, 0xFC, 0x35, 0xA3, 0xFE, 0xFC, 0x35, 0xA3, 0xFE, 0xFC,
    0x36, 0xA4, 0xFE, 0xFC, 0x37, 0xA4, 0xFE, 0xFC, 0x37, 0xA4, 0xFE, 0xFC, 0x37, 0xA4, 0xFE, 0xFC,
    0x37, 0xA5, 0xFE, 0xFC, 0x38, 0xA5, 0xFE, 0xFC, 0x38, 0xA5, 0xFE, 0xFC, 0x39, 0xA6, 0xFF, 0xFB,
    0x38, 0xA8, 0xFF, 0xFB, 0x39, 0xA8, 0xFE, 0xFB, 0x3C, 0xA5, 0xFE, 0xFB, 0x3C, 0xA5, 0xFE, 0xFB,
    0x3C, 0xA6, 0xFD, 0xFA, 0x35, 0xA2, 0xFD, 0xFA, 0x2E, 0x9C, 0xFD, 0xF8, 0x2E, 0x9C, 0xFD, 0xF8,
    0x18, 0x77, 0xE1, 0xF7, 0x11, 0x64, 0xCC, 0xF2, 0x15, 0x65, 0xB9, 0xE9, 0x15, 0x65, 0xB9, 0xE9,
    0x0E, 0x47, 0x8C, 0xB8, 0x36, 0x84, 0xD2, 0x3D, 0x31, 0x81, 0xD1, 0x1D, 0x31, 0x81, 0xD1, 0x1D,
    0x36, 0x82, 0xCF, 0x0E, 0x37, 0x80, 0xCD, 0x08, 0x37, 0x80, 0xCB, 0x06, 0x37, 0x80, 0xCB, 0x03,
    0x37, 0x80, 0xCB, 0x03, 0x36, 0x7F, 0xCA, 0x02, 0x36, 0x7F, 0xC9, 0x01, 0x00, 0x00, 0x00, 0x00,
    0x00, 0x00, 0x00, 0x00, 0x00, 0x00, 0x00, 0x00, 0x00, 0x00, 0x00, 0x00, 0x00, 0x00, 0x00, 0x00,
    0x00, 0x00, 0x00, 0x00, 0x00, 0x00, 0x00, 0x00, 0x00, 0x00, 0x00, 0x00, 0x00, 0x00, 0x00, 0x00,
    0x00, 0x00, 0x00, 0x00, 0x00, 0x00, 0x00, 0x00, 0x00, 0x00, 0x00, 0x00, 0x00, 0x00, 0x00, 0x00,
    0x00, 0x00, 0x00, 0x00, 0x00, 0x00, 0x00, 0x00, 0x00, 0x00, 0x00, 0x00, 0x00, 0x00, 0x00, 0x00,
    0x00, 0x00, 0x00, 0x00, 0x00, 0x00, 0x00, 0x00, 0x00, 0x00, 0x00, 0x00, 0x00, 0x00, 0x00, 0x00,
    0x00, 0x00, 0x00, 0x00, 0x00, 0x00, 0x00, 0x00, 0x00, 0x00, 0x00, 0x00, 0x00, 0x00, 0x00, 0x00,
    0x00, 0x00, 0x00, 0x00, 0x00, 0x00, 0x00, 0x00, 0x00, 0x00, 0x00, 0x00, 0x00, 0x00, 0x00, 0x00,
    0x00, 0x00, 0x00, 0x00, 0x00, 0x00, 0x00, 0x00, 0x00, 0x00, 0x00, 0x00, 0x00, 0x00, 0x00, 0x00,
    0x00, 0x00, 0x00, 0x00, 0x00, 0x00, 0x00, 0x00, 0x00, 0x00, 0x00, 0x00, 0x00, 0x00, 0x00, 0x00,
    0x00, 0x00, 0x00, 0x00, 0x00, 0x00, 0x00, 0x00, 0x00, 0x00, 0x00, 0x00, 0x00, 0x00, 0x00, 0x00,
    0x00, 0x00, 0x00, 0x00, 0x00, 0x00, 0x00, 0x00, 0x00, 0x00, 0x00, 0x00, 0x00, 0x00, 0x00, 0x00,
    0x00, 0x00, 0x00, 0x00, 0x40, 0x81, 0xC3, 0x02, 0x41, 0x81, 0xC4, 0x02, 0x41, 0x81, 0xC4, 0x02,
    0x41, 0x82, 0xC5, 0x02, 0x41, 0x83, 0xC5, 0x02, 0x41, 0x84, 0xC5, 0x05, 0x41, 0x84, 0xC5, 0x05,
    0x3F, 0x86, 0xC8, 0x01, 0x3A, 0x81, 0xBF, 0x22, 0x01, 0x10, 0x3F, 0xCE, 0x35, 0x4C, 0x90, 0xF3,
    0x35, 0x4C, 0x90, 0xF3, 0x93, 0xB0, 0xFD, 0xF4, 0x76, 0x93, 0xF6, 0xF7, 0x52, 0x74, 0xE8, 0xF9,
    0x52, 0x74, 0xE8, 0xF9, 0x2A, 0x60, 0xDF, 0xF9, 0x2C, 0x88, 0xF5, 0xFA, 0x34, 0xA5, 0xFD, 0xFB,
    0x34, 0xA5, 0xFD, 0xFB, 0x30, 0xA2, 0xFD, 0xFB, 0x2D, 0xA2, 0xFD, 0xFB, 0x2B, 0xA2, 0xFD, 0xFC,
    0x2B, 0xA2, 0xFD, 0xFC, 0x1F, 0x93, 0xFB, 0xFC, 0x12, 0x83, 0xF3, 0xFC, 0x19, 0x8B, 0xF8, 0xFC,
    0x27, 0x96, 0xFB, 0xFC, 0x27, 0x96, 0xFB, 0xFC, 0x23, 0x90, 0xF8, 0xFC, 0x1F, 0x8D, 0xF9, 0xFD,
    0x1C, 0x8A, 0xF7, 0xFD, 0x1C, 0x8A, 0xF7, 0xFD, 0x16, 0x84, 0xF1, 0xFD, 0x1B, 0x88, 0xF4, 0xFD,
    0x26, 0x94, 0xFB, 0xFD, 0x26, 0x94, 0xFB, 0xFD, 0x2B, 0x98, 0xFB, 0xFD, 0x2C, 0x98, 0xFC, 0xFD,
    0x26, 0x95, 0xFA, 0xFD, 0x26, 0x95, 0xFA, 0xFD, 0x21, 0x8E, 0xF6, 0xFD, 0x2A, 0x98, 0xFB, 0xFD,
    0x2D, 0x9A, 0xFB, 0xFD, 0x33, 0xA2, 0xFD, 0xFD, 0x33, 0xA2, 0xFD, 0xFD, 0x34, 0xA2, 0xFD, 0xFD,
    0x35, 0xA3, 0xFE, 0xFD, 0x34, 0xA3, 0xFE, 0xFD, 0x34, 0xA3, 0xFE, 0xFD, 0x34, 0xA4, 0xFD, 0xFC,
    0x35, 0xA4, 0xFD, 0xFC, 0x36, 0xA5, 0xFD, 0xFC, 0x36, 0xA5, 0xFD, 0xFC, 0x36, 0xA5, 0xFE, 0xFC,
    0x36, 0xA5, 0xFE, 0xFC, 0x37, 0xA5, 0xFF, 0xFC, 0x37, 0xA5, 0xFF, 0xFC, 0x38, 0xA6, 0xFF, 0xFC,
    0x38, 0xA7, 0xFE, 0xFB, 0x39, 0xA7, 0xFE, 0xFB, 0x3D, 0xA8, 0xFE, 0xFB, 0x3D, 0xA8, 0xFE, 0xFB,
    0x3F, 0xA9, 0xFD, 0xFA, 0x35, 0x9F, 0xFC, 0xFA, 0x2A, 0x99, 0xFD, 0xFA, 0x2A, 0x99, 0xFD, 0xFA,
    0x1E, 0x8D, 0xF9, 0xF9, 0x11, 0x81, 0xF3, 0xF6, 0x1B, 0x84, 0xEF, 0xF7, 0x1B, 0x84, 0xEF, 0xF7,
    0x01, 0x1D, 0x6E, 0xE4, 0x13, 0x48, 0x90, 0x99, 0x36, 0x8A, 0xD8, 0x34, 0x36, 0x8A, 0xD8, 0x34,
    0x30, 0x81, 0xCF, 0x11, 0x35, 0x83, 0xCE, 0x0D, 0x36, 0x80, 0xCB, 0x06, 0x37, 0x80, 0xCC, 0x03,
    0x37, 0x80, 0xCC, 0x03, 0x36, 0x7F, 0xCA, 0x02, 0x36, 0x7F, 0xCA, 0x01, 0x00, 0x00, 0x00, 0x00,
    0x00, 0x00, 0x00, 0x00, 0x00, 0x00, 0x00, 0x00, 0x00, 0x00, 0x00, 0x00, 0x00, 0x00, 0x00, 0x00,
    0x00, 0x00, 0x00, 0x00, 0x00, 0x00, 0x00, 0x00, 0x00, 0x00, 0x00, 0x00, 0x00, 0x00, 0x00, 0x00,
    0x00, 0x00, 0x00, 0x00, 0x00, 0x00, 0x00, 0x00, 0x00, 0x00, 0x00, 0x00, 0x00, 0x00, 0x00, 0x00,
    0x00, 0x00, 0x00, 0x00, 0x00, 0x00, 0x00, 0x00, 0x00, 0x00, 0x00, 0x00, 0x00, 0x00, 0x00, 0x00,
    0x00, 0x00, 0x00, 0x00, 0x00, 0x00, 0x00, 0x00, 0x00, 0x00, 0x00, 0x00, 0x00, 0x00, 0x00, 0x00,
    0x00, 0x00, 0x00, 0x00, 0x00, 0x00, 0x00, 0x00, 0x00, 0x00, 0x00, 0x00, 0x00, 0x00, 0x00, 0x00,
    0x00, 0x00, 0x00, 0x00, 0x00, 0x00, 0x00, 0x00, 0x00, 0x00, 0x00, 0x00, 0x00, 0x00, 0x00, 0x00,
    0x00, 0x00, 0x00, 0x00, 0x00, 0x00, 0x00, 0x00, 0x00, 0x00, 0x00, 0x00, 0x00, 0x00, 0x00, 0x00,
    0x00, 0x00, 0x00, 0x00, 0x00, 0x00, 0x00, 0x00, 0x00, 0x00, 0x00, 0x00, 0x00, 0x00, 0x00, 0x00,
    0x00, 0x00, 0x00, 0x00, 0x00, 0x00, 0x00, 0x00, 0x00, 0x00, 0x00, 0x00, 0x00, 0x00, 0x00, 0x00,
    0x00, 0x00, 0x00, 0x00, 0x00, 0x00, 0x00, 0x00, 0x00, 0x00, 0x00, 0x00, 0x00, 0x00, 0x00, 0x00,
    0x00, 0x00, 0x00, 0x00, 0x40, 0x81, 0xC3, 0x02, 0x41, 0x81, 0xC4, 0x02, 0x41, 0x81, 0xC4, 0x02,
    0x41, 0x82, 0xC5, 0x02, 0x41, 0x83, 0xC5, 0x02, 0x41, 0x84, 0xC5, 0x05, 0x41, 0x84, 0xC5, 0x05,
    0x3F, 0x86, 0xC8, 0x01, 0x3A, 0x81, 0xBF, 0x22, 0x01, 0x10, 0x3F, 0xCE, 0x35, 0x4C, 0x90, 0xF3,
    0x35, 0x4C, 0x90, 0xF3, 0x93, 0xB0, 0xFD, 0xF4, 0x76, 0x93, 0xF6, 0xF7, 0x52, 0x74, 0xE8, 0xF9,
    0x52, 0x74, 0xE8, 0xF9, 0x2A, 0x60, 0xDF, 0xF9, 0x2C, 0x88, 0xF5, 0xFA, 0x34, 0xA5, 0xFD, 0xFB,
    0x34, 0xA5, 0xFD, 0xFB, 0x30, 0xA2, 0xFD, 0xFB, 0x2D, 0xA2, 0xFD, 0xFB, 0x2B, 0xA2, 0xFD, 0xFC,
    0x2B, 0xA2, 0xFD, 0xFC, 0x1F, 0x93, 0xFB, 0xFC, 0x12, 0x83, 0xF3, 0xFC, 0x19, 0x8B, 0xF8, 0xFC,
    0x27, 0x96, 0xFB, 0xFC, 0x27, 0x96, 0xFB, 0xFC, 0x23, 0x90, 0xF8, 0xFC, 0x1F, 0x8D, 0xF9, 0xFD,
    0x1C, 0x8A, 0xF7, 0xFD, 0x1C, 0x8A, 0xF7, 0xFD, 0x16, 0x84, 0xF1, 0xFD, 0x1B, 0x88, 0xF4, 0xFD,
    0x26, 0x94, 0xFB, 0xFD, 0x26, 0x94, 0xFB, 0xFD, 0x2B, 0x98, 0xFB, 0xFD, 0x2C, 0x98, 0xFC, 0xFD,
    0x26, 0x95, 0xFA, 0xFD, 0x26, 0x95, 0xFA, 0xFD, 0x21, 0x8E, 0xF6, 0xFD, 0x2A, 0x98, 0xFB, 0xFD,
    0x2D, 0x9A, 0xFB, 0xFD, 0x33, 0xA2, 0xFD, 0xFD, 0x33, 0xA2, 0xFD, 0xFD, 0x34, 0xA2, 0xFD, 0xFD,
    0x35, 0xA3, 0xFE, 0xFD, 0x34, 0xA3, 0xFE, 0xFD, 0x34, 0xA3, 0xFE, 0xFD, 0x34, 0xA4, 0xFD, 0xFC,
    0x35, 0xA4, 0xFD, 0xFC, 0x36, 0xA5, 0xFD, 0xFC, 0x36, 0xA5, 0xFD, 0xFC, 0x36, 0xA5, 0xFE, 0xFC,
    0x36, 0xA5, 0xFE, 0xFC, 0x37, 0xA5, 0xFF, 0xFC, 0x37, 0xA5, 0xFF, 0xFC, 0x38, 0xA6, 0xFF, 0xFC,
    0x38, 0xA7, 0xFE, 0xFB, 0x39, 0xA7, 0xFE, 0xFB, 0x3D, 0xA8, 0xFE, 0xFB, 0x3D, 0xA8, 0xFE, 0xFB,
    0x3F, 0xA9, 0xFD, 0xFA, 0x35, 0x9F, 0xFC, 0xFA, 0x2A, 0x99, 0xFD, 0xFA, 0x2A, 0x99, 0xFD, 0xFA,
    0x1E, 0x8D, 0xF9, 0xF9, 0x11, 0x81, 0xF3, 0xF6, 0x1B, 0x84, 0xEF, 0xF7, 0x1B, 0x84, 0xEF, 0xF7,
    0x01, 0x1D, 0x6E, 0xE4, 0x13, 0x48, 0x90, 0x99, 0x36, 0x8A, 0xD8, 0x34, 0x36, 0x8A, 0xD8, 0x34,
    0x30, 0x81, 0xCF, 0x11, 0x35, 0x83, 0xCE, 0x0D, 0x36, 0x80, 0xCB, 0x06, 0x37, 0x80, 0xCC, 0x03,
    0x37, 0x80, 0xCC, 0x03, 0x36, 0x7F, 0xCA, 0x02, 0x36, 0x7F, 0xCA, 0x01, 0x00, 0x00, 0x00, 0x00,
    0x00, 0x00, 0x00, 0x00, 0x00, 0x00, 0x00, 0x00, 0x00, 0x00, 0x00, 0x00, 0x00, 0x00, 0x00, 0x00,
    0x00, 0x00, 0x00, 0x00, 0x00, 0x00, 0x00, 0x00, 0x00, 0x00, 0x00, 0x00, 0x00, 0x00, 0x00, 0x00,
    0x00, 0x00, 0x00, 0x00, 0x00, 0x00, 0x00, 0x00, 0x00, 0x00, 0x00, 0x00, 0x00, 0x00, 0x00, 0x00,
    0x00, 0x00, 0x00, 0x00, 0x00, 0x00, 0x00, 0x00, 0x00, 0x00, 0x00, 0x00, 0x00, 0x00, 0x00, 0x00,
    0x00, 0x00, 0x00, 0x00, 0x00, 0x00, 0x00, 0x00, 0x00, 0x00, 0x00, 0x00, 0x00, 0x00, 0x00, 0x00,
    0x00, 0x00, 0x00, 0x00, 0x00, 0x00, 0x00, 0x00, 0x00, 0x00, 0x00, 0x00, 0x00, 0x00, 0x00, 0x00,
    0x00, 0x00, 0x00, 0x00, 0x00, 0x00, 0x00, 0x00, 0x00, 0x00, 0x00, 0x00, 0x00, 0x00, 0x00, 0x00,
    0x00, 0x00, 0x00, 0x00, 0x00, 0x00, 0x00, 0x00, 0x00, 0x00, 0x00, 0x00, 0x00, 0x00, 0x00, 0x00,
    0x00, 0x00, 0x00, 0x00, 0x00, 0x00, 0x00, 0x00, 0x00, 0x00, 0x00, 0x00, 0x00, 0x00, 0x00, 0x00,
    0x00, 0x00, 0x00, 0x00, 0x00, 0x00, 0x00, 0x00, 0x00, 0x00, 0x00, 0x00, 0x00, 0x00, 0x00, 0x00,
    0x00, 0x00, 0x00, 0x00, 0x00, 0x00, 0x00, 0x00, 0x00, 0x00, 0x00, 0x00, 0x00, 0x00, 0x00, 0x00,
    0x00, 0x00, 0x00, 0x00, 0x40, 0x82, 0xC4, 0x02, 0x41, 0x82, 0xC4, 0x02, 0x41, 0x82, 0xC4, 0x02,
    0x41, 0x83, 0xC5, 0x02, 0x41, 0x84, 0xC5, 0x02, 0x41, 0x85, 0xC5, 0x05, 0x41, 0x85, 0xC5, 0x05,
    0x40, 0x87, 0xC8, 0x01, 0x3B, 0x82, 0xBF, 0x21, 0x01, 0x11, 0x3F, 0xCD, 0x37, 0x4F, 0x94, 0xF3,
    0x37, 0x4F, 0x94, 0xF3, 0x8E, 0xAF, 0xFC, 0xF5, 0x5C, 0x84, 0xEE, 0xF7, 0x34, 0x71, 0xE7, 0xF9,
    0x34, 0x71, 0xE7, 0xF9, 0x34, 0x8F, 0xF9, 0xF9, 0x34, 0xA2, 0xFD, 0xFB, 0x32, 0xA7, 0xFE, 0xFB,
    0x32, 0xA7, 0xFE, 0xFB, 0x34, 0xA8, 0xFD, 0xFC, 0x35, 0xA8, 0xFD, 0xFC, 0x31, 0xA8, 0xFD, 0xFC,
    0x31, 0xA8, 0xFD, 0xFC, 0x25, 0x9A, 0xFC, 0xFC, 0x18, 0x8C, 0xF7, 0xFC, 0x23, 0x96, 0xFC, 0xFC,
    0x30, 0xA2, 0xFD, 0xFC, 0x30, 0xA2, 0xFD, 0xFC, 0x2A, 0x99, 0xFC, 0xFD, 0x1F, 0x8D, 0xF8, 0xFD,
    0x1E, 0x8E, 0xF8, 0xFD, 0x1E, 0x8E, 0xF8, 0xFD, 0x19, 0x87, 0xF1, 0xFD, 0x1F, 0x8C, 0xF6, 0xFD,
    0x2A, 0x9A, 0xFC, 0xFD, 0x2A, 0x9A, 0xFC, 0xFD, 0x2F, 0x9E, 0xFD, 0xFD, 0x30, 0x9D, 0xFD, 0xFD,
    0x2D, 0x9E, 0xFD, 0xFD, 0x2D, 0x9E, 0xFD, 0xFD, 0x25, 0x94, 0xFA, 0xFD, 0x2B, 0x9C, 0xFD, 0xFD,
    0x2F, 0x9E, 0xFD, 0xFD, 0x35, 0xA3, 0xFD, 0xFD, 0x35, 0xA3, 0xFD, 0xFD, 0x35, 0xA2, 0xFD, 0xFD,
    0x34, 0xA3, 0xFE, 0xFD, 0x34, 0xA3, 0xFD, 0xFD, 0x34, 0xA3, 0xFD, 0xFD, 0x34, 0xA4, 0xFD, 0xFC,
    0x34, 0xA4, 0xFE, 0xFC, 0x35, 0xA5, 0xFE, 0xFC, 0x35, 0xA5, 0xFE, 0xFC, 0x35, 0xA5, 0xFE, 0xFC,
    0x35, 0xA6, 0xFE, 0xFC, 0x36, 0xA6, 0xFF, 0xFC, 0x36, 0xA6, 0xFF, 0xFC, 0x37, 0xA6, 0xFE, 0xFC,
    0x38, 0xA7, 0xFE, 0xFC, 0x3A, 0xA8, 0xFE, 0xFB, 0x3B, 0xA8, 0xFE, 0xFB, 0x3B, 0xA8, 0xFE, 0xFB,
    0x3D, 0xAB, 0xFE, 0xFA, 0x38, 0xA8, 0xFE, 0xFA, 0x28, 0x94, 0xF9, 0xF9, 0x28, 0x94, 0xF9, 0xF9,
    0x1D, 0x8B, 0xF6, 0xFA, 0x17, 0x87, 0xF6, 0xF7, 0x16, 0x83, 0xF3, 0xF4, 0x16, 0x83, 0xF3, 0xF4,
    0x16, 0x5E, 0xC0, 0xE7, 0x02, 0x1B, 0x5C, 0xE5, 0x21, 0x60, 0xAD, 0x77, 0x21, 0x60, 0xAD, 0x77,
    0x2F, 0x81, 0xCE, 0x23, 0x34, 0x83, 0xCF, 0x0E, 0x35, 0x81, 0xCC, 0x07, 0x35, 0x80, 0xCC, 0x03,
    0x35, 0x80, 0xCC, 0x03, 0x34, 0x7F, 0xCB, 0x03, 0x35, 0x7F, 0xCB, 0x01, 0x36, 0x7E, 0xC9, 0x01,
    0x36, 0x7E, 0xC9, 0x01, 0x00, 0x00, 0x00, 0x00, 0x00, 0x00, 0x00, 0x00, 0x00, 0x00, 0x00, 0x00,
    0x00, 0x00, 0x00, 0x00, 0x00, 0x00, 0x00, 0x00, 0x00, 0x00, 0x00, 0x00, 0x00, 0x00, 0x00, 0x00,
    0x00, 0x00, 0x00, 0x00, 0x00, 0x00, 0x00, 0x00, 0x00, 0x00, 0x00, 0x00, 0x00, 0x00, 0x00, 0x00,
    0x00, 0x00, 0x00, 0x00, 0x00, 0x00, 0x00, 0x00, 0x00, 0x00, 0x00, 0x00, 0x00, 0x00, 0x00, 0x00,
    0x00, 0x00, 0x00, 0x00, 0x00, 0x00, 0x00, 0x00, 0x00, 0x00, 0x00, 0x00, 0x00, 0x00, 0x00, 0x00,
    0x00, 0x00, 0x00, 0x00, 0x00, 0x00, 0x00, 0x00, 0x00, 0x00, 0x00, 0x00, 0x00, 0x00, 0x00, 0x00,
    0x00, 0x00, 0x00, 0x00, 0x00, 0x00, 0x00, 0x00, 0x00, 0x00, 0x00, 0x00, 0x00, 0x00, 0x00, 0x00,
    0x00, 0x00, 0x00, 0x00, 0x00, 0x00, 0x00, 0x00, 0x00, 0x00, 0x00, 0x00, 0x00, 0x00, 0x00, 0x00,
    0x00, 0x00, 0x00, 0x00, 0x00, 0x00, 0x00, 0x00, 0x00, 0x00, 0x00, 0x00, 0x00, 0x00, 0x00, 0x00,
    0x00, 0x00, 0x00, 0x00, 0x00, 0x00, 0x00, 0x00, 0x00, 0x00, 0x00, 0x00, 0x00, 0x00, 0x00, 0x00,
    0x00, 0x00, 0x00, 0x00, 0x00, 0x00, 0x00, 0x00, 0x00, 0x00, 0x00, 0x00, 0x00, 0x00, 0x00, 0x00,
    0x00, 0x00, 0x00, 0x00, 0x40, 0x82, 0xC4, 0x02, 0x41, 0x82, 0xC5, 0x02, 0x41, 0x82, 0xC5, 0x02,
    0x41, 0x83, 0xC5, 0x02, 0x41, 0x85, 0xC6, 0x02, 0x42, 0x85, 0xC6, 0x05, 0x42, 0x85, 0xC6, 0x05,
    0x3F, 0x88, 0xCA, 0x01, 0x3C, 0x81, 0xC2, 0x21, 0x01, 0x11, 0x42, 0xCF, 0x31, 0x4A, 0x93, 0xF2,
    0x31, 0x4A, 0x93, 0xF2, 0x70, 0xA2, 0xFA, 0xF6, 0x31, 0x6B, 0xE4, 0xF7, 0x32, 0x85, 0xF6, 0xF9,
    0x32, 0x85, 0xF6, 0xF9, 0x3B, 0xAC, 0xFD, 0xF9, 0x33, 0xA7, 0xFE, 0xFB, 0x36, 0xA6, 0xFE, 0xFB,
    0x36, 0xA6, 0xFE, 0xFB, 0x37, 0xA8, 0xFE, 0xFC, 0x39, 0xAB, 0xFD, 0xFC, 0x35, 0xA7, 0xFD, 0xFC,
    0x35, 0xA7, 0xFD, 0xFC, 0x2D, 0xA0, 0xFC, 0xFC, 0x1C, 0x8E, 0xF7, 0xFC, 0x23, 0x93, 0xFA, 0xFC,
    0x31, 0xA2, 0xFE, 0xFD, 0x31, 0xA2, 0xFE, 0xFD, 0x2A, 0x99, 0xFC, 0xFD, 0x23, 0x8F, 0xF9, 0xFD,
    0x22, 0x91, 0xF8, 0xFD, 0x22, 0x91, 0xF8, 0xFD, 0x1B, 0x88, 0xF1, 0xFD, 0x22, 0x8F, 0xF6, 0xFD,
    0x2C, 0x9B, 0xFD, 0xFD, 0x2C, 0x9B, 0xFD, 0xFD, 0x31, 0xA0, 0xFD, 0xFD, 0x33, 0xA0, 0xFE, 0xFD,
    0x2B, 0x98, 0xFC, 0xFD, 0x2B, 0x98, 0xFC, 0xFD, 0x1F, 0x8D, 0xF3, 0xFD, 0x28, 0x96, 0xFA, 0xFD,
    0x33, 0xA2, 0xFE, 0xFD, 0x35, 0xA2, 0xFE, 0xFD, 0x35, 0xA2, 0xFE, 0xFD, 0x35, 0xA2, 0xFD, 0xFD,
    0x35, 0xA3, 0xFE, 0xFD, 0x34, 0xA3, 0xFD, 0xFD, 0x34, 0xA3, 0xFD, 0xFD, 0x35, 0xA4, 0xFE, 0xFC,
    0x34, 0xA5, 0xFE, 0xFC, 0x35, 0xA5, 0xFF, 0xFC, 0x35, 0xA5, 0xFF, 0xFC, 0x35, 0xA6, 0xFF, 0xFC,
    0x35, 0xA6, 0xFF, 0xFC, 0x35, 0xA7, 0xFF, 0xFC, 0x35, 0xA7, 0xFF, 0xFC, 0x37, 0xA7, 0xFF, 0xFC,
    0x38, 0xA7, 0xFE, 0xFC, 0x39, 0xA7, 0xFE, 0xFB, 0x3A, 0xA8, 0xFE, 0xFB, 0x3A, 0xA8, 0xFE, 0xFB,
    0x3A, 0xA7, 0xFE, 0xFA, 0x35, 0xA6, 0xFE, 0xFB, 0x28, 0x92, 0xF6, 0xFA, 0x28, 0x92, 0xF6, 0xFA,
    0x23, 0x8D, 0xF6, 0xFA, 0x1F, 0x8A, 0xF7, 0xF9, 0x16, 0x7D, 0xEE, 0xF8, 0x16, 0x7D, 0xEE, 0xF8,
    0x1E, 0x84, 0xEF, 0xF5, 0x02, 0x26, 0x7E, 0xF3, 0x08, 0x38, 0x7D, 0xCF, 0x08, 0x38, 0x7D, 0xCF,
    0x39, 0x8B, 0xD4, 0x63, 0x30, 0x7E, 0xCB, 0x14, 0x34, 0x82, 0xCD, 0x08, 0x33, 0x80, 0xCD, 0x04,
    0x33, 0x80, 0xCD, 0x04, 0x32, 0x7F, 0xCB, 0x03, 0x32, 0x7E, 0xCA, 0x01, 0x00, 0x00, 0x00, 0x00,
    0x00, 0x00, 0x00, 0x00, 0x00, 0x00, 0x00, 0x00, 0x00, 0x00, 0x00, 0x00, 0x00, 0x00, 0x00, 0x00,
    0x00, 0x00, 0x00, 0x00, 0x00, 0x00, 0x00, 0x00, 0x00, 0x00, 0x00, 0x00, 0x00, 0x00, 0x00, 0x00,
    0x00, 0x00, 0x00, 0x00, 0x00, 0x00, 0x00, 0x00, 0x00, 0x00, 0x00, 0x00, 0x00, 0x00, 0x00, 0x00,
    0x00, 0x00, 0x00, 0x00, 0x00, 0x00, 0x00, 0x00, 0x00, 0x00, 0x00, 0x00, 0x00, 0x00, 0x00, 0x00,
    0x00, 0x00, 0x00, 0x00, 0x00, 0x00, 0x00, 0x00, 0x00, 0x00, 0x00, 0x00, 0x00, 0x00, 0x00, 0x00,
    0x00, 0x00, 0x00, 0x00, 0x00, 0x00, 0x00, 0x00, 0x00, 0x00, 0x00, 0x00, 0x00, 0x00, 0x00, 0x00,
    0x00, 0x00, 0x00, 0x00, 0x00, 0x00, 0x00, 0x00, 0x00, 0x00, 0x00, 0x00, 0x00, 0x00, 0x00, 0x00,
    0x00, 0x00, 0x00, 0x00, 0x00, 0x00, 0x00, 0x00, 0x00, 0x00, 0x00, 0x00, 0x00, 0x00, 0x00, 0x00,
    0x00, 0x00, 0x00, 0x00, 0x00, 0x00, 0x00, 0x00, 0x00, 0x00, 0x00, 0x00, 0x00, 0x00, 0x00, 0x00,
    0x00, 0x00, 0x00, 0x00, 0x00, 0x00, 0x00, 0x00, 0x00, 0x00, 0x00, 0x00, 0x00, 0x00, 0x00, 0x00,
    0x00, 0x00, 0x00, 0x00, 0x00, 0x00, 0x00, 0x00, 0x00, 0x00, 0x00, 0x00, 0x00, 0x00, 0x00, 0x00,
    0x00, 0x00, 0x00, 0x00, 0x40, 0x82, 0xC4, 0x02, 0x41, 0x83, 0xC5, 0x02, 0x41, 0x83, 0xC5, 0x02,
    0x41, 0x83, 0xC5, 0x02, 0x41, 0x84, 0xC5, 0x02, 0x42, 0x85, 0xC6, 0x05, 0x42, 0x85, 0xC6, 0x05,
    0x3D, 0x86, 0xCA, 0x01, 0x3A, 0x84, 0xC7, 0x21, 0x02, 0x18, 0x4D, 0xCD, 0x2E, 0x4D, 0x97, 0xF0,
    0x2E, 0x4D, 0x97, 0xF0, 0x49, 0x91, 0xF4, 0xF6, 0x25, 0x7B, 0xF0, 0xF7, 0x3D, 0xA1, 0xFC, 0xF9,
    0x3D, 0xA1, 0xFC, 0xF9, 0x3A, 0xA8, 0xFD, 0xFA, 0x39, 0xA9, 0xFD, 0xFB, 0x3B, 0xAA, 0xFD, 0xFB,
    0x3B, 0xAA, 0xFD, 0xFB, 0x3B, 0xAA, 0xFE, 0xFC, 0x3A, 0xAB, 0xFE, 0xFC, 0x3A, 0xAD, 0xFE, 0xFC,
    0x3A, 0xAD, 0xFE, 0xFC, 0x33, 0xA8, 0xFE, 0xFC, 0x23, 0x96, 0xFA, 0xFD, 0x25, 0x98, 0xFA, 0xFD,
    0x2E, 0x9D, 0xFD, 0xFD, 0x2E, 0x9D, 0xFD, 0xFD, 0x2D, 0x9C, 0xFD, 0xFD, 0x29, 0x97, 0xFC, 0xFD,
    0x25, 0x94, 0xF9, 0xFD, 0x25, 0x94, 0xF9, 0xFD, 0x1D, 0x8B, 0xF3, 0xFD, 0x23, 0x92, 0xF7, 0xFD,
    0x2D, 0x9D, 0xFD, 0xFD, 0x2D, 0x9D, 0xFD, 0xFD, 0x33, 0xA4, 0xFE, 0xFD, 0x35, 0xA5, 0xFE, 0xFD,
    0x2C, 0x99, 0xFA, 0xFD, 0x2C, 0x99, 0xFA, 0xFD, 0x1D, 0x8B, 0xF0, 0xFD, 0x2C, 0x99, 0xFB, 0xFD,
    0x35, 0xA4, 0xFE, 0xFD, 0x35, 0xA4, 0xFE, 0xFD, 0x35, 0xA4, 0xFE, 0xFD, 0x35, 0xA3, 0xFE, 0xFD,
    0x35, 0xA4, 0xFE, 0xFD, 0x34, 0xA3, 0xFE, 0xFD, 0x34, 0xA3, 0xFE, 0xFD, 0x34, 0xA4, 0xFE, 0xFC,
    0x34, 0xA5, 0xFE, 0xFC, 0x34, 0xA6, 0xFE, 0xFC, 0x34, 0xA6, 0xFE, 0xFC, 0x34, 0xA6, 0xFE, 0xFC,
    0x35, 0xA7, 0xFE, 0xFC, 0x35, 0xA7, 0xFF, 0xFC, 0x35, 0xA7, 0xFF, 0xFC, 0x36, 0xA7, 0xFE, 0xFC,
    0x37, 0xA7, 0xFE, 0xFC, 0x37, 0xA7, 0xFE, 0xFB, 0x39, 0xA8, 0xFE, 0xFB, 0x39, 0xA8, 0xFE, 0xFB,
    0x3A, 0xA9, 0xFE, 0xFB, 0x35, 0xA6, 0xFE, 0xFB, 0x30, 0x9E, 0xFC, 0xFA, 0x30, 0x9E, 0xFC, 0xFA,
    0x2C, 0x98, 0xFB, 0xFA, 0x29, 0x95, 0xFB, 0xF8, 0x1E, 0x8E, 0xF7, 0xFA, 0x1E, 0x8E, 0xF7, 0xFA,
    0x15, 0x87, 0xF5, 0xF5, 0x15, 0x71, 0xD5, 0xF1, 0x02, 0x2D, 0x71, 0xE6, 0x02, 0x2D, 0x71, 0xE6,
    0x1B, 0x52, 0x9D, 0x9E, 0x31, 0x81, 0xD1, 0x55, 0x2C, 0x80, 0xCB, 0x17, 0x2F, 0x80, 0xCD, 0x07,
    0x2F, 0x80, 0xCD, 0x07, 0x2F, 0x7F, 0xCD, 0x04, 0x31, 0x7E, 0xCC, 0x01, 0x00, 0x00, 0x00, 0x00,
    0x00, 0x00, 0x00, 0x00, 0x00, 0x00, 0x00, 0x00, 0x00, 0x00, 0x00, 0x00, 0x00, 0x00, 0x00, 0x00,
    0x00, 0x00, 0x00, 0x00, 0x00, 0x00, 0x00, 0x00, 0x00, 0x00, 0x00, 0x00, 0x00, 0x00, 0x00, 0x00,
    0x00, 0x00, 0x00, 0x00, 0x00, 0x00, 0x00, 0x00, 0x00, 0x00, 0x00, 0x00, 0x00, 0x00, 0x00, 0x00,
    0x00, 0x00, 0x00, 0x00, 0x00, 0x00, 0x00, 0x00, 0x00, 0x00, 0x00, 0x00, 0x00, 0x00, 0x00, 0x00,
    0x00, 0x00, 0x00, 0x00, 0x00, 0x00, 0x00, 0x00, 0x00, 0x00, 0x00, 0x00, 0x00, 0x00, 0x00, 0x00,
    0x00, 0x00, 0x00, 0x00, 0x00, 0x00, 0x00, 0x00, 0x00, 0x00, 0x00, 0x00, 0x00, 0x00, 0x00, 0x00,
    0x00, 0x00, 0x00, 0x00, 0x00, 0x00, 0x00, 0x00, 0x00, 0x00, 0x00, 0x00, 0x00, 0x00, 0x00, 0x00,
    0x00, 0x00, 0x00, 0x00, 0x00, 0x00, 0x00, 0x00, 0x00, 0x00, 0x00, 0x00, 0x00, 0x00, 0x00, 0x00,
    0x00, 0x00, 0x00, 0x00, 0x00, 0x00, 0x00, 0x00, 0x00, 0x00, 0x00, 0x00, 0x00, 0x00, 0x00, 0x00,
    0x00, 0x00, 0x00, 0x00, 0x00, 0x00, 0x00, 0x00, 0x00, 0x00, 0x00, 0x00, 0x00, 0x00, 0x00, 0x00,
    0x00, 0x00, 0x00, 0x00, 0x00, 0x00, 0x00, 0x00, 0x00, 0x00, 0x00, 0x00, 0x00, 0x00, 0x00, 0x00,
    0x00, 0x00, 0x00, 0x00, 0x40, 0x82, 0xC4, 0x02, 0x41, 0x83, 0xC5, 0x02, 0x41, 0x83, 0xC5, 0x02,
    0x41, 0x83, 0xC5, 0x02, 0x41, 0x84, 0xC5, 0x02, 0x42, 0x85, 0xC6, 0x05, 0x42, 0x85, 0xC6, 0x05,
    0x3D, 0x86, 0xCA, 0x01, 0x3A, 0x84, 0xC7, 0x21, 0x02, 0x18, 0x4D, 0xCD, 0x2E, 0x4D, 0x97, 0xF0,
    0x2E, 0x4D, 0x97, 0xF0, 0x49, 0x91, 0xF4, 0xF6, 0x25, 0x7B, 0xF0, 0xF7, 0x3D, 0xA1, 0xFC, 0xF9,
    0x3D, 0xA1, 0xFC, 0xF9, 0x3A, 0xA8, 0xFD, 0xFA, 0x39, 0xA9, 0xFD, 0xFB, 0x3B, 0xAA, 0xFD, 0xFB,
    0x3B, 0xAA, 0xFD, 0xFB, 0x3B, 0xAA, 0xFE, 0xFC, 0x3A, 0xAB, 0xFE, 0xFC, 0x3A, 0xAD, 0xFE, 0xFC,
    0x3A, 0xAD, 0xFE, 0xFC, 0x33, 0xA8, 0xFE, 0xFC, 0x23, 0x96, 0xFA, 0xFD, 0x25, 0x98, 0xFA, 0xFD,
    0x2E, 0x9D, 0xFD, 0xFD, 0x2E, 0x9D, 0xFD, 0xFD, 0x2D, 0x9C, 0xFD, 0xFD, 0x29, 0x97, 0xFC, 0xFD,
    0x25, 0x94, 0xF9, 0xFD, 0x25, 0x94, 0xF9, 0xFD, 0x1D, 0x8B, 0xF3, 0xFD, 0x23, 0x92, 0xF7, 0xFD,
    0x2D, 0x9D, 0xFD, 0xFD, 0x2D, 0x9D, 0xFD, 0xFD, 0x33, 0xA4, 0xFE, 0xFD, 0x35, 0xA5, 0xFE, 0xFD,
    0x2C, 0x99, 0xFA, 0xFD, 0x2C, 0x99, 0xFA, 0xFD, 0x1D, 0x8B, 0xF0, 0xFD, 0x2C, 0x99, 0xFB, 0xFD,
    0x35, 0xA4, 0xFE, 0xFD, 0x35, 0xA4, 0xFE, 0xFD, 0x35, 0xA4, 0xFE, 0xFD, 0x35, 0xA3, 0xFE, 0xFD,
    0x35, 0xA4, 0xFE, 0xFD, 0x34, 0xA3, 0xFE, 0xFD, 0x34, 0xA3, 0xFE, 0xFD, 0x34, 0xA4, 0xFE, 0xFC,
    0x34, 0xA5, 0xFE, 0xFC, 0x34, 0xA6, 0xFE, 0xFC, 0x34, 0xA6, 0xFE, 0xFC, 0x34, 0xA6, 0xFE, 0xFC,
    0x35, 0xA7, 0xFE, 0xFC, 0x35, 0xA7, 0xFF, 0xFC, 0x35, 0xA7, 0xFF, 0xFC, 0x36, 0xA7, 0xFE, 0xFC,
    0x37, 0xA7, 0xFE, 0xFC, 0x37, 0xA7, 0xFE, 0xFB, 0x39, 0xA8, 0xFE, 0xFB, 0x39, 0xA8, 0xFE, 0xFB,
    0x3A, 0xA9, 0xFE, 0xFB, 0x35, 0xA6, 0xFE, 0xFB, 0x30, 0x9E, 0xFC, 0xFA, 0x30, 0x9E, 0xFC, 0xFA,
    0x2C, 0x98, 0xFB, 0xFA, 0x29, 0x95, 0xFB, 0xF8, 0x1E, 0x8E, 0xF7, 0xFA, 0x1E, 0x8E, 0xF7, 0xFA,
    0x15, 0x87, 0xF5, 0xF5, 0x15, 0x71, 0xD5, 0xF1, 0x02, 0x2D, 0x71, 0xE6, 0x02, 0x2D, 0x71, 0xE6,
    0x1B, 0x52, 0x9D, 0x9E, 0x31, 0x81, 0xD1, 0x55, 0x2C, 0x80, 0xCB, 0x17, 0x2F, 0x80, 0xCD, 0x07,
    0x2F, 0x80, 0xCD, 0x07, 0x2F, 0x7F, 0xCD, 0x04, 0x31, 0x7E, 0xCC, 0x01, 0x00, 0x00, 0x00, 0x00,
    0x00, 0x00, 0x00, 0x00, 0x00, 0x00, 0x00, 0x00, 0x00, 0x00, 0x00, 0x00, 0x00, 0x00, 0x00, 0x00,
    0x00, 0x00, 0x00, 0x00, 0x00, 0x00, 0x00, 0x00, 0x00, 0x00, 0x00, 0x00, 0x00, 0x00, 0x00, 0x00,
    0x00, 0x00, 0x00, 0x00, 0x00, 0x00, 0x00, 0x00, 0x00, 0x00, 0x00, 0x00, 0x00, 0x00, 0x00, 0x00,
    0x00, 0x00, 0x00, 0x00, 0x00, 0x00, 0x00, 0x00, 0x00, 0x00, 0x00, 0x00, 0x00, 0x00, 0x00, 0x00,
    0x00, 0x00, 0x00, 0x00, 0x00, 0x00, 0x00, 0x00, 0x00, 0x00, 0x00, 0x00, 0x00, 0x00, 0x00, 0x00,
    0x00, 0x00, 0x00, 0x00, 0x00, 0x00, 0x00, 0x00, 0x00, 0x00, 0x00, 0x00, 0x00, 0x00, 0x00, 0x00,
    0x00, 0x00, 0x00, 0x00, 0x00, 0x00, 0x00, 0x00, 0x00, 0x00, 0x00, 0x00, 0x00, 0x00, 0x00, 0x00,
    0x00, 0x00, 0x00, 0x00, 0x00, 0x00, 0x00, 0x00, 0x00, 0x00, 0x00, 0x00, 0x00, 0x00, 0x00, 0x00,
    0x00, 0x00, 0x00, 0x00, 0x00, 0x00, 0x00, 0x00, 0x00, 0x00, 0x00, 0x00, 0x00, 0x00, 0x00, 0x00,
    0x00, 0x00, 0x00, 0x00, 0x00, 0x00, 0x00, 0x00, 0x00, 0x00, 0x00, 0x00, 0x00, 0x00, 0x00, 0x00,
    0x00, 0x00, 0x00, 0x00, 0x00, 0x00, 0x00, 0x00, 0x00, 0x00, 0x00, 0x00, 0x00, 0x00, 0x00, 0x00,
    0x00, 0x00, 0x00, 0x00, 0x40, 0x82, 0xC4, 0x02, 0x40, 0x82, 0xC5, 0x02, 0x40, 0x82, 0xC5, 0x02,
    0x40, 0x83, 0xC5, 0x02, 0x41, 0x84, 0xC5, 0x02, 0x41, 0x85, 0xC6, 0x05, 0x41, 0x85, 0xC6, 0x05,
    0x3C, 0x86, 0xCA, 0x01, 0x38, 0x83, 0xCA, 0x25, 0x05, 0x1F, 0x58, 0xD2, 0x18, 0x30, 0x7B, 0xEF,
    0x18, 0x30, 0x7B, 0xEF, 0x25, 0x6B, 0xD3, 0xF6, 0x31, 0x98, 0xFA, 0xF7, 0x39, 0xA5, 0xFC, 0xF9,
    0x39, 0xA5, 0xFC, 0xF9, 0x3C, 0xA8, 0xFC, 0xFA, 0x3D, 0xA9, 0xFC, 0xFB, 0x3D, 0xAB, 0xFD, 0xFB,
    0x3D, 0xAB, 0xFD, 0xFB, 0x3D, 0xAD, 0xFE, 0xFC, 0x3D, 0xAC, 0xFE, 0xFC, 0x3D, 0xAF, 0xFF, 0xFC,
    0x3D, 0xAF, 0xFF, 0xFC, 0x37, 0xA8, 0xFE, 0xFC, 0x2B, 0x9A, 0xFB, 0xFD, 0x27, 0x96, 0xFA, 0xFD,
    0x2E, 0x9C, 0xFD, 0xFD, 0x2E, 0x9C, 0xFD, 0xFD, 0x34, 0xA4, 0xFE, 0xFD, 0x2E, 0x9A, 0xFD, 0xFD,
    0x25, 0x92, 0xF7, 0xFD, 0x25, 0x92, 0xF7, 0xFD, 0x20, 0x8E, 0xF5, 0xFD, 0x23, 0x91, 0xF7, 0xFD,
    0x2E, 0x9D, 0xFC, 0xFD, 0x2E, 0x9D, 0xFC, 0xFD, 0x34, 0xA2, 0xFD, 0xFD, 0x36, 0xA3, 0xFE, 0xFD,
    0x32, 0xA1, 0xFD, 0xFD, 0x32, 0xA1, 0xFD, 0xFD, 0x2E, 0x9C, 0xFB, 0xFD, 0x37, 0xA4, 0xFD, 0xFD,
    0x37, 0xA3, 0xFE, 0xFD, 0x36, 0xA2, 0xFD, 0xFD, 0x36, 0xA2, 0xFD, 0xFD, 0x35, 0xA3, 0xFD, 0xFD,
    0x35, 0xA3, 0xFE, 0xFD, 0x34, 0xA3, 0xFE, 0xFD, 0x34, 0xA3, 0xFE, 0xFD, 0x34, 0xA4, 0xFD, 0xFC,
    0x34, 0xA5, 0xFD, 0xFC, 0x33, 0xA5, 0xFE, 0xFC, 0x33, 0xA5, 0xFE, 0xFC, 0x34, 0xA6, 0xFE, 0xFC,
    0x35, 0xA6, 0xFE, 0xFC, 0x35, 0xA6, 0xFE, 0xFC, 0x35, 0xA6, 0xFE, 0xFC, 0x36, 0xA6, 0xFE, 0xFC,
    0x36, 0xA6, 0xFE, 0xFC, 0x36, 0xA7, 0xFE, 0xFB, 0x37, 0xA5, 0xFE, 0xFB, 0x37, 0xA5, 0xFE, 0xFB,
    0x38, 0xA7, 0xFE, 0xFB, 0x38, 0xA8, 0xFF, 0xFB, 0x39, 0xA9, 0xFE, 0xFA, 0x39, 0xA9, 0xFE, 0xFA,
    0x35, 0xA2, 0xFD, 0xFA, 0x2E, 0x9B, 0xFD, 0xFA, 0x21, 0x8E, 0xF8, 0xFA, 0x21, 0x8E, 0xF8, 0xFA,
    0x14, 0x81, 0xF3, 0xF8, 0x19, 0x86, 0xF2, 0xFA, 0x05, 0x41, 0x9E, 0xF6, 0x05, 0x41, 0x9E, 0xF6,
    0x00, 0x11, 0x55, 0xE9, 0x2A, 0x78, 0xC4, 0xB0, 0x2F, 0x87, 0xDC, 0x2D, 0x32, 0x89, 0xDC, 0x0D,
    0x32, 0x89, 0xDC, 0x0D, 0x2D, 0x7C, 0xCE, 0x03, 0x31, 0x80, 0xCE, 0x03, 0x30, 0x7E, 0xCA, 0x02,
    0x30, 0x7E, 0xCA, 0x02, 0x00, 0x00, 0x00, 0x00, 0x00, 0x00, 0x00, 0x00, 0x00, 0x00, 0x00, 0x00,
    0x00, 0x00, 0x00, 0x00, 0x00, 0x00, 0x00, 0x00, 0x00, 0x00, 0x00, 0x00, 0x00, 0x00, 0x00, 0x00,
    0x00, 0x00, 0x00, 0x00, 0x00, 0x00, 0x00, 0x00, 0x00, 0x00, 0x00, 0x00, 0x00, 0x00, 0x00, 0x00,
    0x00, 0x00, 0x00, 0x00, 0x00, 0x00, 0x00, 0x00, 0x00, 0x00, 0x00, 0x00, 0x00, 0x00, 0x00, 0x00,
    0x00, 0x00, 0x00, 0x00, 0x00, 0x00, 0x00, 0x00, 0x00, 0x00, 0x00, 0x00, 0x00, 0x00, 0x00, 0x00,
    0x00, 0x00, 0x00, 0x00, 0x00, 0x00, 0x00, 0x00, 0x00, 0x00, 0x00, 0x00, 0x00, 0x00, 0x00, 0x00,
    0x00, 0x00, 0x00, 0x00, 0x00, 0x00, 0x00, 0x00, 0x00, 0x00, 0x00, 0x00, 0x00, 0x00, 0x00, 0x00,
    0x00, 0x00, 0x00, 0x00, 0x00, 0x00, 0x00, 0x00, 0x00, 0x00, 0x00, 0x00, 0x00, 0x00, 0x00, 0x00,
    0x00, 0x00, 0x00, 0x00, 0x00, 0x00, 0x00, 0x00, 0x00, 0x00, 0x00, 0x00, 0x00, 0x00, 0x00, 0x00,
    0x00, 0x00, 0x00, 0x00, 0x00, 0x00, 0x00, 0x00, 0x00, 0x00, 0x00, 0x00, 0x00, 0x00, 0x00, 0x00,
    0x00, 0x00, 0x00, 0x00, 0x00, 0x00, 0x00, 0x00, 0x00, 0x00, 0x00, 0x00, 0x00, 0x00, 0x00, 0x00,
    0x00, 0x00, 0x00, 0x00, 0x40, 0x82, 0xC4, 0x02, 0x3F, 0x82, 0xC5, 0x02, 0x3F, 0x82, 0xC5, 0x02,
    0x3F, 0x83, 0xC5, 0x02, 0x3F, 0x83, 0xC5, 0x02, 0x3F, 0x84, 0xC6, 0x04, 0x3F, 0x84, 0xC6, 0x04,
    0x39, 0x85, 0xCB, 0x02, 0x36, 0x83, 0xCA, 0x24, 0x07, 0x24, 0x61, 0xBD, 0x01, 0x0E, 0x56, 0xF2,
    0x01, 0x0E, 0x56, 0xF2, 0x28, 0x7C, 0xE0, 0xF6, 0x38, 0xAC, 0xFE, 0xF8, 0x37, 0xA9, 0xFD, 0xF9,
    0x37, 0xA9, 0xFD, 0xF9, 0x3C, 0xAB, 0xFC, 0xFA, 0x3E, 0xAB, 0xFC, 0xFB, 0x3E, 0xAE, 0xFD, 0xFB,
    0x3E, 0xAE, 0xFD, 0xFB, 0x3D, 0xAE, 0xFE, 0xFC, 0x3E, 0xAF, 0xFF, 0xFC, 0x3D, 0xAF, 0xFF, 0xFC,
    0x3D, 0xAF, 0xFF, 0xFC, 0x3B, 0xAD, 0xFF, 0xFC, 0x34, 0xA5, 0xFE, 0xFD, 0x31, 0xA0, 0xFE, 0xFD,
    0x37, 0xA6, 0xFE, 0xFD, 0x37, 0xA6, 0xFE, 0xFD, 0x3B, 0xAD, 0xFF, 0xFD, 0x33, 0xA2, 0xFE, 0xFD,
    0x28, 0x96, 0xF9, 0xFD, 0x28, 0x96, 0xF9, 0xFD, 0x21, 0x90, 0xF6, 0xFD, 0x24, 0x93, 0xF7, 0xFD,
    0x30, 0xA1, 0xFD, 0xFD, 0x30, 0xA1, 0xFD, 0xFD, 0x37, 0xA6, 0xFE, 0xFD, 0x38, 0xA4, 0xFE, 0xFD,
    0x39, 0xA8, 0xFE, 0xFD, 0x39, 0xA8, 0xFE, 0xFD, 0x37, 0xA7, 0xFE, 0xFD, 0x37, 0xA6, 0xFE, 0xFD,
    0x35, 0xA4, 0xFE, 0xFD, 0x35, 0xA4, 0xFE, 0xFD, 0x35, 0xA4, 0xFE, 0xFD, 0x34, 0xA3, 0xFD, 0xFD,
    0x34, 0xA4, 0xFD, 0xFD, 0x33, 0xA3, 0xFD, 0xFD, 0x33, 0xA3, 0xFD, 0xFD, 0x33, 0xA5, 0xFD, 0xFC,
    0x33, 0xA4, 0xFD, 0xFC, 0x33, 0xA5, 0xFE, 0xFC, 0x33, 0xA5, 0xFE, 0xFC, 0x34, 0xA6, 0xFE, 0xFC,
    0x34, 0xA6, 0xFE, 0xFC, 0x34, 0xA5, 0xFE, 0xFC, 0x34, 0xA5, 0xFE, 0xFC, 0x35, 0xA6, 0xFE, 0xFC,
    0x35, 0xA6, 0xFD, 0xFC, 0x36, 0xA6, 0xFD, 0xFB, 0x37, 0xA6, 0xFE, 0xFB, 0x37, 0xA6, 0xFE, 0xFB,
    0x38, 0xA7, 0xFE, 0xFB, 0x38, 0xA8, 0xFE, 0xFB, 0x38, 0xA8, 0xFE, 0xFA, 0x38, 0xA8, 0xFE, 0xFA,
    0x35, 0xA3, 0xFE, 0xFA, 0x32, 0xA1, 0xFE, 0xFA, 0x26, 0x94, 0xFC, 0xFA, 0x26, 0x94, 0xFC, 0xFA,
    0x1B, 0x8B, 0xF8, 0xF8, 0x15, 0x83, 0xF1, 0xF8, 0x18, 0x75, 0xD9, 0xF6, 0x18, 0x75, 0xD9, 0xF6,
    0x05, 0x30, 0x78, 0xF7, 0x0D, 0x30, 0x67, 0xEC, 0x10, 0x32, 0x74, 0xB1, 0x20, 0x60, 0xA5, 0x8B,
    0x20, 0x60, 0xA5, 0x8B, 0x31, 0x7D, 0xCC, 0x1C, 0x00, 0x00, 0x00, 0x00, 0x2F, 0x7D, 0xC8, 0x04,
    0x2F, 0x7D, 0xC8, 0x04, 0x31, 0x80, 0xCA, 0x01, 0x33, 0x7D, 0xC9, 0x01, 0x00, 0x00, 0x00, 0x00,
    0x00, 0x00, 0x00, 0x00, 0x00, 0x00, 0x00, 0x00, 0x00, 0x00, 0x00, 0x00, 0x00, 0x00, 0x00, 0x00,
    0x00, 0x00, 0x00, 0x00, 0x00, 0x00, 0x00, 0x00, 0x00, 0x00, 0x00, 0x00, 0x00, 0x00, 0x00, 0x00,
    0x00, 0x00, 0x00, 0x00, 0x00, 0x00, 0x00, 0x00, 0x00, 0x00, 0x00, 0x00, 0x00, 0x00, 0x00, 0x00,
    0x00, 0x00, 0x00, 0x00, 0x00, 0x00, 0x00, 0x00, 0x00, 0x00, 0x00, 0x00, 0x00, 0x00, 0x00, 0x00,
    0x00, 0x00, 0x00, 0x00, 0x00, 0x00, 0x00, 0x00, 0x00, 0x00, 0x00, 0x00, 0x00, 0x00, 0x00, 0x00,
    0x00, 0x00, 0x00, 0x00, 0x00, 0x00, 0x00, 0x00, 0x00, 0x00, 0x00, 0x00, 0x00, 0x00, 0x00, 0x00,
    0x00, 0x00, 0x00, 0x00, 0x00, 0x00, 0x00, 0x00, 0x00, 0x00, 0x00, 0x00, 0x00, 0x00, 0x00, 0x00,
    0x00, 0x00, 0x00, 0x00, 0x00, 0x00, 0x00, 0x00, 0x00, 0x00, 0x00, 0x00, 0x00, 0x00, 0x00, 0x00,
    0x00, 0x00, 0x00, 0x00, 0x00, 0x00, 0x00, 0x00, 0x00, 0x00, 0x00, 0x00, 0x00, 0x00, 0x00, 0x00,
    0x00, 0x00, 0x00, 0x00, 0x00, 0x00, 0x00, 0x00, 0x00, 0x00, 0x00, 0x00, 0x00, 0x00, 0x00, 0x00,
    0x00, 0x00, 0x00, 0x00, 0x3F, 0x81, 0xC4, 0x02, 0x3E, 0x81, 0xC5, 0x02, 0x3E, 0x81, 0xC5, 0x02,
    0x3E, 0x82, 0xC5, 0x02, 0x3D, 0x82, 0xC5, 0x02, 0x3D, 0x82, 0xC5, 0x06, 0x3D, 0x82, 0xC5, 0x06,
    0x36, 0x84, 0xCC, 0x01, 0x35, 0x85, 0xCD, 0x3F, 0x15, 0x46, 0x88, 0xC6, 0x10, 0x44, 0x9F, 0xF1,
    0x10, 0x44, 0x9F, 0xF1, 0x32, 0x99, 0xF5, 0xF7, 0x34, 0xA9, 0xFE, 0xF8, 0x38, 0xAA, 0xFD, 0xFA,
    0x38, 0xAA, 0xFD, 0xFA, 0x3D, 0xAD, 0xFD, 0xFA, 0x3E, 0xAE, 0xFD, 0xFB, 0x3E, 0xAF, 0xFD, 0xFC,
    0x3E, 0xAF, 0xFD, 0xFC, 0x3D, 0xAF, 0xFE, 0xFC, 0x3D, 0xAF, 0xFE, 0xFC, 0x3E, 0xAE, 0xFF, 0xFC,
    0x3E, 0xAE, 0xFF, 0xFC, 0x3E, 0xAF, 0xFE, 0xFD, 0x3D, 0xAD, 0xFF, 0xFD, 0x3F, 0xAF, 0xFF, 0xFD,
    0x40, 0xAC, 0xFF, 0xFD, 0x40, 0xAC, 0xFF, 0xFD, 0x3E, 0xAA, 0xFF, 0xFD, 0x3B, 0xA9, 0xFF, 0xFD,
    0x2B, 0x97, 0xF9, 0xFD, 0x2B, 0x97, 0xF9, 0xFD, 0x22, 0x8F, 0xF5, 0xFD, 0x27, 0x96, 0xF9, 0xFD,
    0x34, 0xA3, 0xFE, 0xFD, 0x34, 0xA3, 0xFE, 0xFD, 0x39, 0xA6, 0xFE, 0xFD, 0x3A, 0xA4, 0xFE, 0xFD,
    0x3A, 0xA7, 0xFE, 0xFD, 0x3A, 0xA7, 0xFE, 0xFD, 0x37, 0xA5, 0xFD, 0xFD, 0x36, 0xA5, 0xFD, 0xFD,
    0x34, 0xA3, 0xFE, 0xFD, 0x34, 0xA5, 0xFE, 0xFD, 0x34, 0xA5, 0xFE, 0xFD, 0x32, 0xA3, 0xFD, 0xFD,
    0x32, 0xA3, 0xFD, 0xFD, 0x31, 0xA2, 0xFD, 0xFD, 0x31, 0xA2, 0xFD, 0xFD, 0x32, 0xA3, 0xFD, 0xFC,
    0x31, 0xA3, 0xFD, 0xFC, 0x33, 0xA4, 0xFE, 0xFC, 0x33, 0xA4, 0xFE, 0xFC, 0x33, 0xA5, 0xFE, 0xFC,
    0x33, 0xA5, 0xFE, 0xFC, 0x33, 0xA4, 0xFE, 0xFC, 0x33, 0xA4, 0xFE, 0xFC, 0x34, 0xA5, 0xFD, 0xFC,
    0x36, 0xA5, 0xFD, 0xFC, 0x37, 0xA5, 0xFD, 0xFC, 0x37, 0xA5, 0xFD, 0xFB, 0x37, 0xA5, 0xFD, 0xFB,
    0x37, 0xA6, 0xFD, 0xFC, 0x36, 0xA6, 0xFD, 0xFB, 0x36, 0xA4, 0xFD, 0xFB, 0x36, 0xA4, 0xFD, 0xFB,
    0x37, 0xA5, 0xFE, 0xFB, 0x31, 0x9F, 0xFE, 0xFA, 0x28, 0x95, 0xFC, 0xFA, 0x28, 0x95, 0xFC, 0xFA,
    0x1D, 0x8A, 0xF8, 0xFA, 0x13, 0x7E, 0xEB, 0xF9, 0x1A, 0x7F, 0xE9, 0xF8, 0x1A, 0x7F, 0xE9, 0xF8,
    0x11, 0x4C, 0xA2, 0xF8, 0x00, 0x07, 0x34, 0xF7, 0x08, 0x1E, 0x54, 0xF0, 0x04, 0x22, 0x56, 0xDC,
    0x04, 0x22, 0x56, 0xDC, 0x08, 0x21, 0x53, 0x89, 0x34, 0x79, 0xBB, 0x37, 0x35, 0x84, 0xCF, 0x0D,
    0x35, 0x84, 0xCF, 0x0D, 0x2D, 0x7E, 0xC7, 0x02, 0x30, 0x80, 0xC8, 0x03, 0x35, 0x7E, 0xCB, 0x01,
    0x35, 0x7E, 0xCB, 0x01, 0x00, 0x00, 0x00, 0x00, 0x00, 0x00, 0x00, 0x00, 0x00, 0x00, 0x00, 0x00,
    0x00, 0x00, 0x00, 0x00, 0x00, 0x00, 0x00, 0x00, 0x00, 0x00, 0x00, 0x00, 0x00, 0x00, 0x00, 0x00,
    0x00, 0x00, 0x00, 0x00, 0x00, 0x00, 0x00, 0x00, 0x00, 0x00, 0x00, 0x00, 0x00, 0x00, 0x00, 0x00,
    0x00, 0x00, 0x00, 0x00, 0x00, 0x00, 0x00, 0x00, 0x00, 0x00, 0x00, 0x00, 0x00, 0x00, 0x00, 0x00,
    0x00, 0x00, 0x00, 0x00, 0x00, 0x00, 0x00, 0x00, 0x00, 0x00, 0x00, 0x00, 0x00, 0x00, 0x00, 0x00,
    0x00, 0x00, 0x00, 0x00, 0x00, 0x00, 0x00, 0x00, 0x00, 0x00, 0x00, 0x00, 0x00, 0x00, 0x00, 0x00,
    0x00, 0x00, 0x00, 0x00, 0x00, 0x00, 0x00, 0x00, 0x00, 0x00, 0x00, 0x00, 0x00, 0x00, 0x00, 0x00,
    0x00, 0x00, 0x00, 0x00, 0x00, 0x00, 0x00, 0x00, 0x00, 0x00, 0x00, 0x00, 0x00, 0x00, 0x00, 0x00,
    0x00, 0x00, 0x00, 0x00, 0x00, 0x00, 0x00, 0x00, 0x00, 0x00, 0x00, 0x00, 0x00, 0x00, 0x00, 0x00,
    0x00, 0x00, 0x00, 0x00, 0x00, 0x00, 0x00, 0x00, 0x00, 0x00, 0x00, 0x00, 0x00, 0x00, 0x00, 0x00,
    0x00, 0x00, 0x00, 0x00, 0x3F, 0x81, 0xC4, 0x02, 0x3E, 0x81, 0xC5, 0x02, 0x3E, 0x81, 0xC5, 0x02,
    0x3E, 0x82, 0xC5, 0x02, 0x3D, 0x82, 0xC5, 0x02, 0x3D, 0x82, 0xC5, 0x06, 0x3D, 0x82, 0xC5, 0x06,
    0x36, 0x84, 0xCC, 0x01, 0x35, 0x85, 0xCD, 0x3F, 0x15, 0x46, 0x88, 0xC6, 0x10, 0x44, 0x9F, 0xF1,
    0x10, 0x44, 0x9F, 0xF1, 0x32, 0x99, 0xF5, 0xF7, 0x34, 0xA9, 0xFE, 0xF8, 0x38, 0xAA, 0xFD, 0xFA,
    0x38, 0xAA, 0xFD, 0xFA, 0x3D, 0xAD, 0xFD, 0xFA, 0x3E, 0xAE, 0xFD, 0xFB, 0x3E, 0xAF, 0xFD, 0xFC,
    0x3E, 0xAF, 0xFD, 0xFC, 0x3D, 0xAF, 0xFE, 0xFC, 0x3D, 0xAF, 0xFE, 0xFC, 0x3E, 0xAE, 0xFF, 0xFC,
    0x3E, 0xAE, 0xFF, 0xFC, 0x3E, 0xAF, 0xFE, 0xFD, 0x3D, 0xAD, 0xFF, 0xFD, 0x3F, 0xAF, 0xFF, 0xFD,
    0x40, 0xAC, 0xFF, 0xFD, 0x40, 0xAC, 0xFF, 0xFD, 0x3E, 0xAA, 0xFF, 0xFD, 0x3B, 0xA9, 0xFF, 0xFD,
    0x2B, 0x97, 0xF9, 0xFD, 0x2B, 0x97, 0xF9, 0xFD, 0x22, 0x8F, 0xF5, 0xFD, 0x27, 0x96, 0xF9, 0xFD,
    0x34, 0xA3, 0xFE, 0xFD, 0x34, 0xA3, 0xFE, 0xFD, 0x39, 0xA6, 0xFE, 0xFD, 0x3A, 0xA4, 0xFE, 0xFD,
    0x3A, 0xA7, 0xFE, 0xFD, 0x3A, 0xA7, 0xFE, 0xFD, 0x37, 0xA5, 0xFD, 0xFD, 0x36, 0xA5, 0xFD, 0xFD,
    0x34, 0xA3, 0xFE, 0xFD, 0x34, 0xA5, 0xFE, 0xFD, 0x34, 0xA5, 0xFE, 0xFD, 0x32, 0xA3, 0xFD, 0xFD,
    0x32, 0xA3, 0xFD, 0xFD, 0x31, 0xA2, 0xFD, 0xFD, 0x31, 0xA2, 0xFD, 0xFD, 0x32, 0xA3, 0xFD, 0xFC,
    0x31, 0xA3, 0xFD, 0xFC, 0x33, 0xA4, 0xFE, 0xFC, 0x33, 0xA4, 0xFE, 0xFC, 0x33, 0xA5, 0xFE, 0xFC,
    0x33, 0xA5, 0xFE, 0xFC, 0x33, 0xA4, 0xFE, 0xFC, 0x33, 0xA4, 0xFE, 0xFC, 0x34, 0xA5, 0xFD, 0xFC,
    0x36, 0xA5, 0xFD, 0xFC, 0x37, 0xA5, 0xFD, 0xFC, 0x37, 0xA5, 0xFD, 0xFB, 0x37, 0xA5, 0xFD, 0xFB,
    0x37, 0xA6, 0xFD, 0xFC, 0x36, 0xA6, 0xFD, 0xFB, 0x36, 0xA4, 0xFD, 0xFB, 0x36, 0xA4, 0xFD, 0xFB,
    0x37, 0xA5, 0xFE, 0xFB, 0x31, 0x9F, 0xFE, 0xFA, 0x28, 0x95, 0xFC, 0xFA, 0x28, 0x95, 0xFC, 0xFA,
    0x1D, 0x8A, 0xF8, 0xFA, 0x13, 0x7E, 0xEB, 0xF9, 0x1A, 0x7F, 0xE9, 0xF8, 0x1A, 0x7F, 0xE9, 0xF8,
    0x11, 0x4C, 0xA2, 0xF8, 0x00, 0x07, 0x34, 0xF7, 0x08, 0x1E, 0x54, 0xF0, 0x04, 0x22, 0x56, 0xDC,
    0x04, 0x22, 0x56, 0xDC, 0x08, 0x21, 0x53, 0x89, 0x34, 0x79, 0xBB, 0x37, 0x35, 0x84, 0xCF, 0x0D,
    0x35, 0x84, 0xCF, 0x0D, 0x2D, 0x7E, 0xC7, 0x02, 0x30, 0x80, 0xC8, 0x03, 0x35, 0x7E, 0xCB, 0x01,
    0x35, 0x7E, 0xCB, 0x01, 0x00, 0x00, 0x00, 0x00, 0x00, 0x00, 0x00, 0x00, 0x00, 0x00, 0x00, 0x00,
    0x00, 0x00, 0x00, 0x00, 0x00, 0x00, 0x00, 0x00, 0x00, 0x00, 0x00, 0x00, 0x00, 0x00, 0x00, 0x00,
    0x00, 0x00, 0x00, 0x00, 0x00, 0x00, 0x00, 0x00, 0x00, 0x00, 0x00, 0x00, 0x00, 0x00, 0x00, 0x00,
    0x00, 0x00, 0x00, 0x00, 0x00, 0x00, 0x00, 0x00, 0x00, 0x00, 0x00, 0x00, 0x00, 0x00, 0x00, 0x00,
    0x00, 0x00, 0x00, 0x00, 0x00, 0x00, 0x00, 0x00, 0x00, 0x00, 0x00, 0x00, 0x00, 0x00, 0x00, 0x00,
    0x00, 0x00, 0x00, 0x00, 0x00, 0x00, 0x00, 0x00, 0x00, 0x00, 0x00, 0x00, 0x00, 0x00, 0x00, 0x00,
    0x00, 0x00, 0x00, 0x00, 0x00, 0x00, 0x00, 0x00, 0x00, 0x00, 0x00, 0x00, 0x00, 0x00, 0x00, 0x00,
    0x00, 0x00, 0x00, 0x00, 0x00, 0x00, 0x00, 0x00, 0x00, 0x00, 0x00, 0x00, 0x00, 0x00, 0x00, 0x00,
    0x00, 0x00, 0x00, 0x00, 0x00, 0x00, 0x00, 0x00, 0x00, 0x00, 0x00, 0x00, 0x00, 0x00, 0x00, 0x00,
    0x00, 0x00, 0x00, 0x00, 0x00, 0x00, 0x00, 0x00, 0x00, 0x00, 0x00, 0x00, 0x00, 0x00, 0x00, 0x00,
    0x00, 0x00, 0x00, 0x00, 0x3E, 0x81, 0xC4, 0x02, 0x3D, 0x80, 0xC5, 0x02, 0x3D, 0x80, 0xC5, 0x02,
    0x3D, 0x80, 0xC4, 0x02, 0x3C, 0x81, 0xC3, 0x03, 0x39, 0x81, 0xC3, 0x05, 0x39, 0x81, 0xC3, 0x05,
    0x3A, 0x89, 0xD2, 0x03, 0x1F, 0x5F, 0x9F, 0x7A, 0x18, 0x4E, 0x95, 0xE6, 0x37, 0x99, 0xF6, 0xEC,
    0x37, 0x99, 0xF6, 0xEC, 0x30, 0xA1, 0xFB, 0xF8, 0x35, 0xA8, 0xFD, 0xF8, 0x3B, 0xAB, 0xFD, 0xFA,
    0x3B, 0xAB, 0xFD, 0xFA, 0x3E, 0xAF, 0xFD, 0xFA, 0x3E, 0xAF, 0xFE, 0xFB, 0x3F, 0xB0, 0xFE, 0xFC,
    0x3F, 0xB0, 0xFE, 0xFC, 0x3E, 0xB0, 0xFE, 0xFC, 0x3E, 0xB0, 0xFF, 0xFC, 0x3F, 0xB0, 0xFE, 0xFC,
    0x3F, 0xB0, 0xFE, 0xFC, 0x40, 0xB1, 0xFE, 0xFD, 0x41, 0xB0, 0xFE, 0xFD, 0x45, 0xB4, 0xFF, 0xFD,
    0x45, 0xB0, 0xFF, 0xFD, 0x45, 0xB0, 0xFF, 0xFD, 0x44, 0xAF, 0xFF, 0xFD, 0x40, 0xAE, 0xFF, 0xFD,
    0x2E, 0x9B, 0xFA, 0xFD, 0x2E, 0x9B, 0xFA, 0xFD, 0x23, 0x90, 0xF4, 0xFD, 0x2B, 0x99, 0xFA, 0xFD,
    0x38, 0xA5, 0xFE, 0xFD, 0x38, 0xA5, 0xFE, 0xFD, 0x3C, 0xA8, 0xFE, 0xFD, 0x3D, 0xA8, 0xFE, 0xFD,
    0x3A, 0xA6, 0xFE, 0xFD, 0x3A, 0xA6, 0xFE, 0xFD, 0x37, 0xA6, 0xFD, 0xFD, 0x36, 0xA6, 0xFD, 0xFD,
    0x34, 0xA5, 0xFE, 0xFD, 0x33, 0xA4, 0xFD, 0xFD, 0x33, 0xA4, 0xFD, 0xFD, 0x32, 0xA3, 0xFC, 0xFD,
    0x30, 0xA3, 0xFC, 0xFD, 0x2F, 0xA3, 0xFC, 0xFD, 0x2F, 0xA3, 0xFC, 0xFD, 0x2F, 0xA3, 0xFC, 0xFD,
    0x30, 0xA3, 0xFD, 0xFC, 0x31, 0xA4, 0xFD, 0xFC, 0x31, 0xA4, 0xFD, 0xFC, 0x32, 0xA3, 0xFD, 0xFC,
    0x33, 0xA4, 0xFD, 0xFC, 0x33, 0xA4, 0xFE, 0xFC, 0x33, 0xA4, 0xFE, 0xFC, 0x35, 0xA4, 0xFE, 0xFC,
    0x36, 0xA5, 0xFE, 0xFC, 0x36, 0xA5, 0xFE, 0xFC, 0x37, 0xA5, 0xFD, 0xFB, 0x37, 0xA5, 0xFD, 0xFB,
    0x37, 0xA5, 0xFD, 0xFB, 0x36, 0xA5, 0xFD, 0xFB, 0x37, 0xA5, 0xFD, 0xFB, 0x37, 0xA5, 0xFD, 0xFB,
    0x35, 0xA3, 0xFE, 0xFB, 0x32, 0xA1, 0xFE, 0xFA, 0x28, 0x96, 0xFC, 0xFA, 0x28, 0x96, 0xFC, 0xFA,
    0x1E, 0x8B, 0xF8, 0xFA, 0x13, 0x81, 0xED, 0xFA, 0x1C, 0x87, 0xF2, 0xF9, 0x1C, 0x87, 0xF2, 0xF9,
    0x16, 0x60, 0xC0, 0xF9, 0x00, 0x0D, 0x46, 0xF6, 0x31, 0x81, 0xC8, 0xF6, 0x33, 0x8B, 0xD3, 0xF3,
    0x33, 0x8B, 0xD3, 0xF3, 0x02, 0x11, 0x43, 0xE3, 0x05, 0x1A, 0x50, 0xC8, 0x1F, 0x58, 0x9B, 0x70,
    0x1F, 0x58, 0x9B, 0x70, 0x43, 0x9B, 0xE4, 0x01, 0x2E, 0x7F, 0xCC, 0x02, 0x33, 0x80, 0xCC, 0x02,
    0x33, 0x80, 0xCC, 0x02, 0x00, 0x00, 0x00, 0x00, 0x00, 0x00, 0x00, 0x00, 0x00, 0x00, 0x00, 0x00,
    0x00, 0x00, 0x00, 0x00, 0x00, 0x00, 0x00, 0x00, 0x00, 0x00, 0x00, 0x00, 0x00, 0x00, 0x00, 0x00,
    0x00, 0x00, 0x00, 0x00, 0x00, 0x00, 0x00, 0x00, 0x00, 0x00, 0x00, 0x00, 0x00, 0x00, 0x00, 0x00,
    0x00, 0x00, 0x00, 0x00, 0x00, 0x00, 0x00, 0x00, 0x00, 0x00, 0x00, 0x00, 0x00, 0x00, 0x00, 0x00,
    0x00, 0x00, 0x00, 0x00, 0x00, 0x00, 0x00, 0x00, 0x00, 0x00, 0x00, 0x00, 0x00, 0x00, 0x00, 0x00,
    0x00, 0x00, 0x00, 0x00, 0x00, 0x00, 0x00, 0x00, 0x00, 0x00, 0x00, 0x00, 0x00, 0x00, 0x00, 0x00,
    0x00, 0x00, 0x00, 0x00, 0x00, 0x00, 0x00, 0x00, 0x00, 0x00, 0x00, 0x00, 0x00, 0x00, 0x00, 0x00,
    0x00, 0x00, 0x00, 0x00, 0x00, 0x00, 0x00, 0x00, 0x00, 0x00, 0x00, 0x00, 0x00, 0x00, 0x00, 0x00,
    0x00, 0x00, 0x00, 0x00, 0x00, 0x00, 0x00, 0x00, 0x00, 0x00, 0x00, 0x00, 0x00, 0x00, 0x00, 0x00,
    0x00, 0x00, 0x00, 0x00, 0x00, 0x00, 0x00, 0x00, 0x00, 0x00, 0x00, 0x00, 0x00, 0x00, 0x00, 0x00,
    0x00, 0x00, 0x00, 0x00, 0x3E, 0x80, 0xC4, 0x02, 0x3D, 0x80, 0xC5, 0x02, 0x3D, 0x80, 0xC5, 0x02,
    0x3E, 0x7F, 0xC4, 0x04, 0x3E, 0x81, 0xC3, 0x03, 0x37, 0x7F, 0xC2, 0x05, 0x37, 0x7F, 0xC2, 0x05,
    0x3E, 0x89, 0xD0, 0x11, 0x09, 0x2D, 0x61, 0x65, 0x03, 0x21, 0x62, 0xE9, 0x36, 0xA1, 0xF8, 0xF1,
    0x36, 0xA1, 0xF8, 0xF1, 0x2D, 0xA1, 0xFA, 0xF8, 0x36, 0xA7, 0xFB, 0xF8, 0x3D, 0xAC, 0xFD, 0xFA,
    0x3D, 0xAC, 0xFD, 0xFA, 0x3D, 0xB0, 0xFE, 0xFA, 0x3E, 0xB0, 0xFE, 0xFB, 0x40, 0xB1, 0xFF, 0xFC,
    0x40, 0xB1, 0xFF, 0xFC, 0x40, 0xB0, 0xFF, 0xFC, 0x40, 0xB0, 0xFF, 0xFC, 0x41, 0xB1, 0xFE, 0xFC,
    0x41, 0xB1, 0xFE, 0xFC, 0x42, 0xB1, 0xFE, 0xFD, 0x41, 0xAF, 0xFE, 0xFD, 0x44, 0xB2, 0xFF, 0xFD,
    0x46, 0xB0, 0xFF, 0xFD, 0x46, 0xB0, 0xFF, 0xFD, 0x48, 0xB2, 0xFF, 0xFD, 0x41, 0xAE, 0xFF, 0xFD,
    0x2D, 0x9B, 0xF9, 0xFD, 0x2D, 0x9B, 0xF9, 0xFD, 0x21, 0x90, 0xF1, 0xFD, 0x2A, 0x98, 0xF8, 0xFD,
    0x3A, 0xA7, 0xFE, 0xFD, 0x3A, 0xA7, 0xFE, 0xFD, 0x3D, 0xA8, 0xFE, 0xFD, 0x3B, 0xA5, 0xFE, 0xFD,
    0x3A, 0xA7, 0xFE, 0xFD, 0x3A, 0xA7, 0xFE, 0xFD, 0x38, 0xA5, 0xFD, 0xFD, 0x37, 0xA4, 0xFD, 0xFD,
    0x36, 0xA4, 0xFD, 0xFD, 0x3C, 0xA5, 0xFC, 0xFD, 0x3C, 0xA5, 0xFC, 0xFD, 0x45, 0xA9, 0xFB, 0xFD,
    0x3C, 0xA5, 0xFB, 0xFD, 0x31, 0xA2, 0xFB, 0xFD, 0x31, 0xA2, 0xFB, 0xFD, 0x30, 0xA4, 0xFC, 0xFD,
    0x2F, 0xA2, 0xFC, 0xFD, 0x30, 0xA2, 0xFC, 0xFC, 0x30, 0xA2, 0xFC, 0xFC, 0x31, 0xA3, 0xFD, 0xFC,
    0x32, 0xA3, 0xFD, 0xFC, 0x33, 0xA3, 0xFD, 0xFC, 0x33, 0xA3, 0xFD, 0xFC, 0x35, 0xA4, 0xFE, 0xFC,
    0x35, 0xA4, 0xFE, 0xFC, 0x36, 0xA5, 0xFD, 0xFC, 0x37, 0xA4, 0xFD, 0xFC, 0x37, 0xA4, 0xFD, 0xFC,
    0x37, 0xA4, 0xFD, 0xFB, 0x37, 0xA5, 0xFD, 0xFC, 0x36, 0xA2, 0xFD, 0xFB, 0x36, 0xA2, 0xFD, 0xFB,
    0x35, 0xA2, 0xFD, 0xFB, 0x2F, 0x9D, 0xFD, 0xFB, 0x24, 0x90, 0xFA, 0xFB, 0x24, 0x90, 0xFA, 0xFB,
    0x1D, 0x8A, 0xF7, 0xFB, 0x14, 0x80, 0xEE, 0xFB, 0x18, 0x81, 0xF0, 0xFA, 0x18, 0x81, 0xF0, 0xFA,
    0x1B, 0x6B, 0xD0, 0xFA, 0x00, 0x11, 0x4E, 0xF9, 0x24, 0x76, 0xCF, 0xF8, 0x2A, 0x9E, 0xF9, 0xF7,
    0x2A, 0x9E, 0xF9, 0xF7, 0x17, 0x67, 0xC7, 0xF8, 0x25, 0x71, 0xC5, 0xF0, 0x0A, 0x3F, 0x86, 0xD1,
    0x0A, 0x3F, 0x86, 0xD1, 0x18, 0x48, 0x83, 0x6E, 0x3B, 0x84, 0xCE, 0x21, 0x00, 0x00, 0x00, 0x00,
    0x00, 0x00, 0x00, 0x00, 0x32, 0x81, 0xCB, 0x02, 0x00, 0x00, 0x00, 0x00, 0x00, 0x00, 0x00, 0x00,
    0x00, 0x00, 0x00, 0x00, 0x00, 0x00, 0x00, 0x00, 0x00, 0x00, 0x00, 0x00, 0x00, 0x00, 0x00, 0x00,
    0x00, 0x00, 0x00, 0x00, 0x00, 0x00, 0x00, 0x00, 0x00, 0x00, 0x00, 0x00, 0x00, 0x00, 0x00, 0x00,
    0x00, 0x00, 0x00, 0x00, 0x00, 0x00, 0x00, 0x00, 0x00, 0x00, 0x00, 0x00, 0x00, 0x00, 0x00, 0x00,
    0x00, 0x00, 0x00, 0x00, 0x00, 0x00, 0x00, 0x00, 0x00, 0x00, 0x00, 0x00, 0x00, 0x00, 0x00, 0x00,
    0x00, 0x00, 0x00, 0x00, 0x00, 0x00, 0x00, 0x00, 0x00, 0x00, 0x00, 0x00, 0x00, 0x00, 0x00, 0x00,
    0x00, 0x00, 0x00, 0x00, 0x00, 0x00, 0x00, 0x00, 0x00, 0x00, 0x00, 0x00, 0x00, 0x00, 0x00, 0x00,
    0x00, 0x00, 0x00, 0x00, 0x00, 0x00, 0x00, 0x00, 0x00, 0x00, 0x00, 0x00, 0x00, 0x00, 0x00, 0x00,
    0x00, 0x00, 0x00, 0x00, 0x00, 0x00, 0x00, 0x00, 0x00, 0x00, 0x00, 0x00, 0x00, 0x00, 0x00, 0x00,
    0x00, 0x00, 0x00, 0x00, 0x00, 0x00, 0x00, 0x00, 0x00, 0x00, 0x00, 0x00, 0x00, 0x00, 0x00, 0x00,
    0x00, 0x00, 0x00, 0x00, 0x3D, 0x80, 0xC4, 0x02, 0x3D, 0x80, 0xC5, 0x02, 0x3D, 0x80, 0xC5, 0x02,
    0x3E, 0x80, 0xC4, 0x03, 0x3D, 0x81, 0xC2, 0x05, 0x39, 0x82, 0xC6, 0x07, 0x39, 0x82, 0xC6, 0x07,
    0x35, 0x7C, 0xBE, 0x3D, 0x11, 0x3D, 0x72, 0xB4, 0x0A, 0x38, 0x85, 0xF3, 0x2F, 0x98, 0xF3, 0xF4,
    0x2F, 0x98, 0xF3, 0xF4, 0x2E, 0xA1, 0xF9, 0xF8, 0x38, 0xA8, 0xFB, 0xF9, 0x3D, 0xAD, 0xFC, 0xFA,
    0x3D, 0xAD, 0xFC, 0xFA, 0x3E, 0xB0, 0xFE, 0xFB, 0x3F, 0xB1, 0xFF, 0xFC, 0x40, 0xB2, 0xFF, 0xFC,
    0x40, 0xB2, 0xFF, 0xFC, 0x40, 0xB1, 0xFF, 0xFC, 0x40, 0xB2, 0xFF, 0xFC, 0x41, 0xB1, 0xFF, 0xFC,
    0x41, 0xB1, 0xFF, 0xFC, 0x42, 0xB2, 0xFF, 0xFD, 0x45, 0xB3, 0xFF, 0xFD, 0x46, 0xB4, 0xFF, 0xFD,
    0x46, 0xB0, 0xFF, 0xFD, 0x46, 0xB0, 0xFF, 0xFD, 0x48, 0xB3, 0xFF, 0xFD, 0x43, 0xAF, 0xFF, 0xFD,
    0x31, 0x9E, 0xFA, 0xFD, 0x31, 0x9E, 0xFA, 0xFD, 0x25, 0x94, 0xF3, 0xFD, 0x2F, 0x9C, 0xF9, 0xFD,
    0x3A, 0xA6, 0xFE, 0xFD, 0x3A, 0xA6, 0xFE, 0xFD, 0x3C, 0xA8, 0xFE, 0xFD, 0x3B, 0xA7, 0xFE, 0xFD,
    0x3A, 0xA7, 0xFE, 0xFD, 0x3A, 0xA7, 0xFE, 0xFD, 0x39, 0xA6, 0xFE, 0xFD, 0x38, 0xA6, 0xFD, 0xFD,
    0x3C, 0xA4, 0xFC, 0xFD, 0x54, 0xB1, 0xFC, 0xFD, 0x54, 0xB1, 0xFC, 0xFD, 0x72, 0xC4, 0xFD, 0xFD,
    0x63, 0xBB, 0xFC, 0xFD, 0x41, 0xAA, 0xFC, 0xFD, 0x41, 0xAA, 0xFC, 0xFD, 0x36, 0xA8, 0xFD, 0xFD,
    0x32, 0xA5, 0xFD, 0xFD, 0x32, 0xA4, 0xFD, 0xFC, 0x32, 0xA4, 0xFD, 0xFC, 0x32, 0xA4, 0xFD, 0xFC,
    0x32, 0xA4, 0xFD, 0xFC, 0x33, 0xA4, 0xFE, 0xFC, 0x33, 0xA4, 0xFE, 0xFC, 0x34, 0xA4, 0xFD, 0xFC,
    0x36, 0xA4, 0xFD, 0xFC, 0x37, 0xA4, 0xFD, 0xFC, 0x37, 0xA3, 0xFD, 0xFC, 0x37, 0xA3, 0xFD, 0xFC,
    0x37, 0xA3, 0xFD, 0xFC, 0x36, 0xA3, 0xFD, 0xFC, 0x36, 0xA2, 0xFD, 0xFB, 0x36, 0xA2, 0xFD, 0xFB,
    0x36, 0xA4, 0xFD, 0xFB, 0x2E, 0x9C, 0xFC, 0xFB, 0x24, 0x91, 0xFA, 0xFB, 0x24, 0x91, 0xFA, 0xFB,
    0x1C, 0x89, 0xF6, 0xFB, 0x16, 0x85, 0xF3, 0xFB, 0x17, 0x85, 0xF6, 0xFB, 0x17, 0x85, 0xF6, 0xFB,
    0x1E, 0x7A, 0xE6, 0xFA, 0x01, 0x1C, 0x67, 0xFA, 0x16, 0x5C, 0xBA, 0xFA, 0x24, 0x97, 0xFB, 0xF8,
    0x24, 0x97, 0xFB, 0xF8, 0x20, 0x92, 0xF9, 0xF7, 0x2F, 0xA7, 0xFF, 0xF2, 0x2F, 0x8D, 0xEC, 0xF7,
    0x2F, 0x8D, 0xEC, 0xF7, 0x02, 0x16, 0x52, 0xE5, 0x09, 0x2A, 0x61, 0x96, 0x32, 0x81, 0xCA, 0x07,
    0x32, 0x81, 0xCA, 0x07, 0x33, 0x84, 0xD1, 0x03, 0x35, 0x82, 0xCD, 0x01, 0x38, 0x82, 0xCB, 0x01,
    0x38, 0x82, 0xCB, 0x01, 0x00, 0x00, 0x00, 0x00, 0x00, 0x00, 0x00, 0x00, 0x00, 0x00, 0x00, 0x00,
    0x00, 0x00, 0x00, 0x00, 0x00, 0x00, 0x00, 0x00, 0x00, 0x00, 0x00, 0x00, 0x00, 0x00, 0x00, 0x00,
    0x00, 0x00, 0x00, 0x00, 0x00, 0x00, 0x00, 0x00, 0x00, 0x00, 0x00, 0x00, 0x00, 0x00, 0x00, 0x00,
    0x00, 0x00, 0x00, 0x00, 0x00, 0x00, 0x00, 0x00, 0x00, 0x00, 0x00, 0x00, 0x00, 0x00, 0x00, 0x00,
    0x00, 0x00, 0x00, 0x00, 0x00, 0x00, 0x00, 0x00, 0x00, 0x00, 0x00, 0x00, 0x00, 0x00, 0x00, 0x00,
    0x00, 0x00, 0x00, 0x00, 0x00, 0x00, 0x00, 0x00, 0x00, 0x00, 0x00, 0x00, 0x00, 0x00, 0x00, 0x00,
    0x00, 0x00, 0x00, 0x00, 0x00, 0x00, 0x00, 0x00, 0x00, 0x00, 0x00, 0x00, 0x00, 0x00, 0x00, 0x00,
    0x00, 0x00, 0x00, 0x00, 0x00, 0x00, 0x00, 0x00, 0x00, 0x00, 0x00, 0x00, 0x00, 0x00, 0x00, 0x00,
    0x00, 0x00, 0x00, 0x00, 0x00, 0x00, 0x00, 0x00, 0x00, 0x00, 0x00, 0x00, 0x00, 0x00, 0x00, 0x00,
    0x00, 0x00, 0x00, 0x00, 0x3D, 0x80, 0xC4, 0x02, 0x3D, 0x80, 0xC5, 0x02, 0x3D, 0x80, 0xC5, 0x02,
    0x3E, 0x80, 0xC4, 0x03, 0x3D, 0x81, 0xC2, 0x05, 0x39, 0x82, 0xC6, 0x07, 0x39, 0x82, 0xC6, 0x07,
    0x35, 0x7C, 0xBE, 0x3D, 0x11, 0x3D, 0x72, 0xB4, 0x0A, 0x38, 0x85, 0xF3, 0x2F, 0x98, 0xF3, 0xF4,
    0x2F, 0x98, 0xF3, 0xF4, 0x2E, 0xA1, 0xF9, 0xF8, 0x38, 0xA8, 0xFB, 0xF9, 0x3D, 0xAD, 0xFC, 0xFA,
    0x3D, 0xAD, 0xFC, 0xFA, 0x3E, 0xB0, 0xFE, 0xFB, 0x3F, 0xB1, 0xFF, 0xFC, 0x40, 0xB2, 0xFF, 0xFC,
    0x40, 0xB2, 0xFF, 0xFC, 0x40, 0xB1, 0xFF, 0xFC, 0x40, 0xB2, 0xFF, 0xFC, 0x41, 0xB1, 0xFF, 0xFC,
    0x41, 0xB1, 0xFF, 0xFC, 0x42, 0xB2, 0xFF, 0xFD, 0x45, 0xB3, 0xFF, 0xFD, 0x46, 0xB4, 0xFF, 0xFD,
    0x46, 0xB0, 0xFF, 0xFD, 0x46, 0xB0, 0xFF, 0xFD, 0x48, 0xB3, 0xFF, 0xFD, 0x43, 0xAF, 0xFF, 0xFD,
    0x31, 0x9E, 0xFA, 0xFD, 0x31, 0x9E, 0xFA, 0xFD, 0x25, 0x94, 0xF3, 0xFD, 0x2F, 0x9C, 0xF9, 0xFD,
    0x3A, 0xA6, 0xFE, 0xFD, 0x3A, 0xA6, 0xFE, 0xFD, 0x3C, 0xA8, 0xFE, 0xFD, 0x3B, 0xA7, 0xFE, 0xFD,
    0x3A, 0xA7, 0xFE, 0xFD, 0x3A, 0xA7, 0xFE, 0xFD, 0x39, 0xA6, 0xFE, 0xFD, 0x38, 0xA6, 0xFD, 0xFD,
    0x3C, 0xA4, 0xFC, 0xFD, 0x54, 0xB1, 0xFC, 0xFD, 0x54, 0xB1, 0xFC, 0xFD, 0x72, 0xC4, 0xFD, 0xFD,
    0x63, 0xBB, 0xFC, 0xFD, 0x41, 0xAA, 0xFC, 0xFD, 0x41, 0xAA, 0xFC, 0xFD, 0x36, 0xA8, 0xFD, 0xFD,
    0x32, 0xA5, 0xFD, 0xFD, 0x32, 0xA4, 0xFD, 0xFC, 0x32, 0xA4, 0xFD, 0xFC, 0x32, 0xA4, 0xFD, 0xFC,
    0x32, 0xA4, 0xFD, 0xFC, 0x33, 0xA4, 0xFE, 0xFC, 0x33, 0xA4, 0xFE, 0xFC, 0x34, 0xA4, 0xFD, 0xFC,
    0x36, 0xA4, 0xFD, 0xFC, 0x37, 0xA4, 0xFD, 0xFC, 0x37, 0xA3, 0xFD, 0xFC, 0x37, 0xA3, 0xFD, 0xFC,
    0x37, 0xA3, 0xFD, 0xFC, 0x36, 0xA3, 0xFD, 0xFC, 0x36, 0xA2, 0xFD, 0xFB, 0x36, 0xA2, 0xFD, 0xFB,
    0x36, 0xA4, 0xFD, 0xFB, 0x2E, 0x9C, 0xFC, 0xFB, 0x24, 0x91, 0xFA, 0xFB, 0x24, 0x91, 0xFA, 0xFB,
    0x1C, 0x89, 0xF6, 0xFB, 0x16, 0x85, 0xF3, 0xFB, 0x17, 0x85, 0xF6, 0xFB, 0x17, 0x85, 0xF6, 0xFB,
    0x1E, 0x7A, 0xE6, 0xFA, 0x01, 0x1C, 0x67, 0xFA, 0x16, 0x5C, 0xBA, 0xFA, 0x24, 0x97, 0xFB, 0xF8,
    0x24, 0x97, 0xFB, 0xF8, 0x20, 0x92, 0xF9, 0xF7, 0x2F, 0xA7, 0xFF, 0xF2, 0x2F, 0x8D, 0xEC, 0xF7,
    0x2F, 0x8D, 0xEC, 0xF7, 0x02, 0x16, 0x52, 0xE5, 0x09, 0x2A, 0x61, 0x96, 0x32, 0x81, 0xCA, 0x07,
    0x32, 0x81, 0xCA, 0x07, 0x33, 0x84, 0xD1, 0x03, 0x35, 0x82, 0xCD, 0x01, 0x38, 0x82, 0xCB, 0x01,
    0x38, 0x82, 0xCB, 0x01, 0x00, 0x00, 0x00, 0x00, 0x00, 0x00, 0x00, 0x00, 0x00, 0x00, 0x00, 0x00,
    0x00, 0x00, 0x00, 0x00, 0x00, 0x00, 0x00, 0x00, 0x00, 0x00, 0x00, 0x00, 0x00, 0x00, 0x00, 0x00,
    0x00, 0x00, 0x00, 0x00, 0x00, 0x00, 0x00, 0x00, 0x00, 0x00, 0x00, 0x00, 0x00, 0x00, 0x00, 0x00,
    0x00, 0x00, 0x00, 0x00, 0x00, 0x00, 0x00, 0x00, 0x00, 0x00, 0x00, 0x00, 0x00, 0x00, 0x00, 0x00,
    0x00, 0x00, 0x00, 0x00, 0x00, 0x00, 0x00, 0x00, 0x00, 0x00, 0x00, 0x00, 0x00, 0x00, 0x00, 0x00,
    0x00, 0x00, 0x00, 0x00, 0x00, 0x00, 0x00, 0x00, 0x00, 0x00, 0x00, 0x00, 0x00, 0x00, 0x00, 0x00,
    0x00, 0x00, 0x00, 0x00, 0x00, 0x00, 0x00, 0x00, 0x00, 0x00, 0x00, 0x00, 0x00, 0x00, 0x00, 0x00,
    0x00, 0x00, 0x00, 0x00, 0x00, 0x00, 0x00, 0x00, 0x00, 0x00, 0x00, 0x00, 0x00, 0x00, 0x00, 0x00,
    0x00, 0x00, 0x00, 0x00, 0x00, 0x00, 0x00, 0x00, 0x00, 0x00, 0x00, 0x00, 0x00, 0x00, 0x00, 0x00,
    0x00, 0x00, 0x00, 0x00, 0x3E, 0x80, 0xC4, 0x02, 0x3D, 0x81, 0xC5, 0x03, 0x3D, 0x81, 0xC5, 0x03,
    0x3E, 0x81, 0xC3, 0x03, 0x3C, 0x80, 0xC2, 0x07, 0x3F, 0x85, 0xCC, 0x0C, 0x3F, 0x85, 0xCC, 0x0C,
    0x17, 0x48, 0x81, 0x7C, 0x0F, 0x41, 0x7C, 0xED, 0x34, 0x8F, 0xE7, 0xF3, 0x23, 0x93, 0xF2, 0xF7,
    0x23, 0x93, 0xF2, 0xF7, 0x2D, 0xA0, 0xF9, 0xFA, 0x38, 0xA9, 0xFB, 0xFA, 0x3C, 0xAD, 0xFC, 0xFB,
    0x3C, 0xAD, 0xFC, 0xFB, 0x3F, 0xB1, 0xFD, 0xFB, 0x40, 0xB1, 0xFE, 0xFC, 0x40, 0xB1, 0xFF, 0xFC,
    0x40, 0xB1, 0xFF, 0xFC, 0x41, 0xB2, 0xFF, 0xFC, 0x40, 0xB2, 0xFF, 0xFC, 0x45, 0xB0, 0xFE, 0xFD,
    0x45, 0xB0, 0xFE, 0xFD, 0x4B, 0xB1, 0xFE, 0xFD, 0x47, 0xAF, 0xFF, 0xFD, 0x46, 0xB2, 0xFF, 0xFD,
    0x45, 0xAF, 0xFF, 0xFD, 0x45, 0xAF, 0xFF, 0xFD, 0x44, 0xAD, 0xFE, 0xFD, 0x42, 0xAE, 0xFE, 0xFD,
    0x3C, 0xA7, 0xFD, 0xFD, 0x3C, 0xA7, 0xFD, 0xFD, 0x36, 0xA1, 0xFC, 0xFD, 0x38, 0xA4, 0xFC, 0xFD,
    0x39, 0xA5, 0xFD, 0xFD, 0x39, 0xA5, 0xFD, 0xFD, 0x39, 0xA5, 0xFE, 0xFD, 0x3B, 0xA6, 0xFE, 0xFD,
    0x3A, 0xA6, 0xFE, 0xFD, 0x3A, 0xA6, 0xFE, 0xFD, 0x3A, 0xA6, 0xFE, 0xFD, 0x3A, 0xA6, 0xFD, 0xFD,
    0x40, 0xA6, 0xFC, 0xFD, 0x5F, 0xB6, 0xFC, 0xFD, 0x5F, 0xB6, 0xFC, 0xFD, 0x82, 0xCB, 0xFD, 0xFD,
    0x78, 0xC6, 0xFD, 0xFD, 0x52, 0xB7, 0xFE, 0xFD, 0x52, 0xB7, 0xFE, 0xFD, 0x3E, 0xAE, 0xFE, 0xFD,
    0x35, 0xA6, 0xFD, 0xFD, 0x34, 0xA6, 0xFD, 0xFD, 0x34, 0xA6, 0xFD, 0xFD, 0x33, 0xA4, 0xFD, 0xFD,
    0x33, 0xA4, 0xFE, 0xFC, 0x33, 0xA3, 0xFD, 0xFC, 0x33, 0xA3, 0xFD, 0xFC, 0x35, 0xA3, 0xFD, 0xFC,
    0x35, 0xA2, 0xFD, 0xFC, 0x37, 0xA2, 0xFD, 0xFC, 0x37, 0xA2, 0xFD, 0xFC, 0x37, 0xA2, 0xFD, 0xFC,
    0x36, 0xA2, 0xFD, 0xFC, 0x35, 0xA1, 0xFD, 0xFC, 0x36, 0xA2, 0xFD, 0xFC, 0x36, 0xA2, 0xFD, 0xFC,
    0x34, 0xA0, 0xFD, 0xFC, 0x31, 0x9F, 0xFD, 0xFC, 0x27, 0x95, 0xFB, 0xFC, 0x27, 0x95, 0xFB, 0xFC,
    0x1D, 0x8A, 0xF7, 0xFC, 0x17, 0x86, 0xF3, 0xFC, 0x13, 0x7F, 0xF2, 0xFB, 0x13, 0x7F, 0xF2, 0xFB,
    0x1D, 0x7F, 0xEF, 0xFB, 0x06, 0x3B, 0x9E, 0xFB, 0x0D, 0x50, 0xB0, 0xFB, 0x26, 0x90, 0xF2, 0xFB,
    0x26, 0x90, 0xF2, 0xFB, 0x26, 0x92, 0xFA, 0xFA, 0x26, 0x93, 0xFD, 0xF9, 0x2F, 0x9C, 0xFF, 0xF8,
    0x2F, 0x9C, 0xFF, 0xF8, 0x27, 0x79, 0xE1, 0xF1, 0x08, 0x3A, 0x7E, 0xE3, 0x09, 0x3A, 0x78, 0xAC,
    0x09, 0x3A, 0x78, 0xAC, 0x27, 0x70, 0xBE, 0x08, 0x31, 0x82, 0xD0, 0x02, 0x36, 0x83, 0xCC, 0x02,
    0x36, 0x83, 0xCC, 0x02, 0x00, 0x00, 0x00, 0x00, 0x00, 0x00, 0x00, 0x00, 0x00, 0x00, 0x00, 0x00,
    0x00, 0x00, 0x00, 0x00, 0x00, 0x00, 0x00, 0x00, 0x00, 0x00, 0x00, 0x00, 0x00, 0x00, 0x00, 0x00,
    0x00, 0x00, 0x00, 0x00, 0x00, 0x00, 0x00, 0x00, 0x00, 0x00, 0x00, 0x00, 0x00, 0x00, 0x00, 0x00,
    0x00, 0x00, 0x00, 0x00, 0x00, 0x00, 0x00, 0x00, 0x00, 0x00, 0x00, 0x00, 0x00, 0x00, 0x00, 0x00,
    0x00, 0x00, 0x00, 0x00, 0x00, 0x00, 0x00, 0x00, 0x00, 0x00, 0x00, 0x00, 0x00, 0x00, 0x00, 0x00,
    0x00, 0x00, 0x00, 0x00, 0x00, 0x00, 0x00, 0x00, 0x00, 0x00, 0x00, 0x00, 0x00, 0x00, 0x00, 0x00,
    0x00, 0x00, 0x00, 0x00, 0x00, 0x00, 0x00, 0x00, 0x00, 0x00, 0x00, 0x00, 0x00, 0x00, 0x00, 0x00,
    0x00, 0x00, 0x00, 0x00, 0x00, 0x00, 0x00, 0x00, 0x00, 0x00, 0x00, 0x00, 0x00, 0x00, 0x00, 0x00,
    0x00, 0x00, 0x00, 0x00, 0x00, 0x00, 0x00, 0x00, 0x00, 0x00, 0x00, 0x00, 0x00, 0x00, 0x00, 0x00,
    0x00, 0x00, 0x00, 0x00, 0x3E, 0x80, 0xC4, 0x02, 0x3D, 0x80, 0xC5, 0x03, 0x3D, 0x80, 0xC5, 0x03,
    0x3E, 0x81, 0xC3, 0x04, 0x3B, 0x80, 0xC2, 0x06, 0x43, 0x87, 0xCE, 0x0F, 0x43, 0x87, 0xCE, 0x0F,
    0x0B, 0x2D, 0x5D, 0x99, 0x06, 0x33, 0x72, 0xF3, 0x30, 0x99, 0xF4, 0xF4, 0x1E, 0x8F, 0xF4, 0xF9,
    0x1E, 0x8F, 0xF4, 0xF9, 0x2E, 0xA0, 0xF9, 0xFA, 0x3A, 0xAA, 0xFB, 0xFA, 0x3E, 0xAD, 0xFC, 0xFB,
    0x3E, 0xAD, 0xFC, 0xFB, 0x40, 0xB2, 0xFD, 0xFB, 0x41, 0xB1, 0xFE, 0xFC, 0x41, 0xB2, 0xFF, 0xFC,
    0x41, 0xB2, 0xFF, 0xFC, 0x40, 0xB3, 0xFF, 0xFC, 0x42, 0xB2, 0xFE, 0xFC, 0x5D, 0xB9, 0xFD, 0xFD,
    0x5D, 0xB9, 0xFD, 0xFD, 0x7A, 0xC9, 0xFE, 0xFD, 0x5C, 0xBA, 0xFE, 0xFD, 0x47, 0xB0, 0xFF, 0xFD,
    0x43, 0xAF, 0xFF, 0xFD, 0x43, 0xAF, 0xFF, 0xFD, 0x42, 0xAF, 0xFF, 0xFD, 0x40, 0xAB, 0xFE, 0xFD,
    0x40, 0xAB, 0xFE, 0xFD, 0x40, 0xAB, 0xFE, 0xFD, 0x3F, 0xA9, 0xFE, 0xFD, 0x3D, 0xA9, 0xFE, 0xFD,
    0x39, 0xA5, 0xFD, 0xFD, 0x39, 0xA5, 0xFD, 0xFD, 0x3A, 0xA6, 0xFD, 0xFD, 0x3A, 0xA6, 0xFD, 0xFD,
    0x3B, 0xA8, 0xFD, 0xFD, 0x3B, 0xA8, 0xFD, 0xFD, 0x3D, 0xA7, 0xFD, 0xFD, 0x3F, 0xA9, 0xFD, 0xFD,
    0x44, 0xAA, 0xFD, 0xFD, 0x57, 0xB4, 0xFD, 0xFD, 0x57, 0xB4, 0xFD, 0xFD, 0x6C, 0xC0, 0xFD, 0xFD,
    0x68, 0xBE, 0xFE, 0xFD, 0x4E, 0xB4, 0xFE, 0xFD, 0x4E, 0xB4, 0xFE, 0xFD, 0x41, 0xAE, 0xFE, 0xFD,
    0x3A, 0xAA, 0xFE, 0xFD, 0x37, 0xA9, 0xFE, 0xFD, 0x37, 0xA9, 0xFE, 0xFD, 0x34, 0xA6, 0xFD, 0xFD,
    0x33, 0xA5, 0xFD, 0xFD, 0x33, 0xA4, 0xFD, 0xFC, 0x33, 0xA4, 0xFD, 0xFC, 0x34, 0xA3, 0xFD, 0xFC,
    0x35, 0xA3, 0xFD, 0xFC, 0x36, 0xA3, 0xFD, 0xFC, 0x37, 0xA2, 0xFD, 0xFC, 0x37, 0xA2, 0xFD, 0xFC,
    0x37, 0xA2, 0xFD, 0xFC, 0x36, 0xA1, 0xFD, 0xFC, 0x36, 0xA1, 0xFD, 0xFC, 0x36, 0xA1, 0xFD, 0xFC,
    0x35, 0xA1, 0xFD, 0xFC, 0x35, 0xA4, 0xFD, 0xFC, 0x2F, 0x9D, 0xFD, 0xFC, 0x2F, 0x9D, 0xFD, 0xFC,
    0x24, 0x94, 0xFB, 0xFC, 0x19, 0x87, 0xF4, 0xFC, 0x14, 0x82, 0xF5, 0xFB, 0x14, 0x82, 0xF5, 0xFB,
    0x1B, 0x86, 0xF8, 0xFB, 0x1A, 0x78, 0xE2, 0xFB, 0x0F, 0x60, 0xC1, 0xFB, 0x0A, 0x55, 0xB7, 0xFB,
    0x0A, 0x55, 0xB7, 0xFB, 0x2B, 0x9D, 0xFF, 0xFB, 0x2C, 0xA1, 0xFF, 0xFA, 0x29, 0x97, 0xFF, 0xF8,
    0x29, 0x97, 0xFF, 0xF8, 0x2C, 0x9D, 0xFF, 0xF9, 0x2E, 0x92, 0xEE, 0xF5, 0x0B, 0x44, 0x92, 0xF2,
    0x0B, 0x44, 0x92, 0xF2, 0x0C, 0x41, 0x88, 0x87, 0x34, 0x8F, 0xD9, 0x14, 0x30, 0x7F, 0xCE, 0x03,
    0x30, 0x7F, 0xCE, 0x03, 0x36, 0x81, 0xCC, 0x02, 0x3A, 0x81, 0xCA, 0x01, 0x00, 0x00, 0x00, 0x00,
    0x3B, 0x80, 0xC7, 0x01, 0x3B, 0x80, 0xC7, 0x01, 0x00, 0x00, 0x00, 0x00, 0x00, 0x00, 0x00, 0x00,
    0x00, 0x00, 0x00, 0x00, 0x00, 0x00, 0x00, 0x00, 0x00, 0x00, 0x00, 0x00, 0x00, 0x00, 0x00, 0x00,
    0x00, 0x00, 0x00, 0x00, 0x00, 0x00, 0x00, 0x00, 0x00, 0x00, 0x00, 0x00, 0x00, 0x00, 0x00, 0x00,
    0x00, 0x00, 0x00, 0x00, 0x00, 0x00, 0x00, 0x00, 0x00, 0x00, 0x00, 0x00, 0x00, 0x00, 0x00, 0x00,
    0x00, 0x00, 0x00, 0x00, 0x00, 0x00, 0x00, 0x00, 0x00, 0x00, 0x00, 0x00, 0x00, 0x00, 0x00, 0x00,
    0x00, 0x00, 0x00, 0x00, 0x00, 0x00, 0x00, 0x00, 0x00, 0x00, 0x00, 0x00, 0x00, 0x00, 0x00, 0x00,
    0x00, 0x00, 0x00, 0x00, 0x00, 0x00, 0x00, 0x00, 0x00, 0x00, 0x00, 0x00, 0x00, 0x00, 0x00, 0x00,
    0x00, 0x00, 0x00, 0x00, 0x00, 0x00, 0x00, 0x00, 0x00, 0x00, 0x00, 0x00, 0x00, 0x00, 0x00, 0x00,
    0x00, 0x00, 0x00, 0x00, 0x3E, 0x81, 0xC5, 0x02, 0x3E, 0x81, 0xC5, 0x02, 0x3E, 0x81, 0xC5, 0x02,
    0x3E, 0x80, 0xC4, 0x04, 0x3B, 0x80, 0xC3, 0x07, 0x40, 0x84, 0xCB, 0x15, 0x40, 0x84, 0xCB, 0x15,
    0x09, 0x2C, 0x5D, 0xB1, 0x07, 0x39, 0x7B, 0xF8, 0x2D, 0x93, 0xF3, 0xF5, 0x1F, 0x8E, 0xF4, 0xFA,
    0x1F, 0x8E, 0xF4, 0xFA, 0x30, 0x9F, 0xF9, 0xFA, 0x3A, 0xA8, 0xFA, 0xFB, 0x3D, 0xAE, 0xFC, 0xFB,
    0x3D, 0xAE, 0xFC, 0xFB, 0x3F, 0xB1, 0xFD, 0xFB, 0x41, 0xB1, 0xFE, 0xFC, 0x41, 0xB3, 0xFF, 0xFC,
    0x41, 0xB3, 0xFF, 0xFC, 0x3F, 0xB3, 0xFE, 0xFC, 0x45, 0xB2, 0xFE, 0xFC, 0x78, 0xC4, 0xFB, 0xFD,
    0x78, 0xC4, 0xFB, 0xFD, 0xBC, 0xE7, 0xFE, 0xFD, 0x82, 0xCC, 0xFD, 0xFD, 0x48, 0xAE, 0xFD, 0xFD,
    0x40, 0xAC, 0xFE, 0xFD, 0x40, 0xAC, 0xFE, 0xFD, 0x3F, 0xAC, 0xFF, 0xFD, 0x3F, 0xA8, 0xFE, 0xFD,
    0x40, 0xAA, 0xFF, 0xFD, 0x40, 0xAA, 0xFF, 0xFD, 0x3F, 0xA8, 0xFE, 0xFD, 0x3E, 0xA7, 0xFE, 0xFD,
    0x3B, 0xA5, 0xFD, 0xFD, 0x3B, 0xA5, 0xFD, 0xFD, 0x3B, 0xA6, 0xFD, 0xFD, 0x3B, 0xA4, 0xFC, 0xFD,
    0x3D, 0xA7, 0xFC, 0xFD, 0x3D, 0xA7, 0xFC, 0xFD, 0x3F, 0xA7, 0xFC, 0xFD, 0x41, 0xA9, 0xFD, 0xFD,
    0x45, 0xAC, 0xFD, 0xFD, 0x4C, 0xAF, 0xFD, 0xFD, 0x4C, 0xAF, 0xFD, 0xFD, 0x53, 0xB3, 0xFE, 0xFD,
    0x50, 0xB2, 0xFE, 0xFD, 0x47, 0xAD, 0xFE, 0xFD, 0x47, 0xAD, 0xFE, 0xFD, 0x42, 0xAC, 0xFE, 0xFD,
    0x3D, 0xAA, 0xFE, 0xFD, 0x38, 0xA8, 0xFD, 0xFD, 0x38, 0xA8, 0xFD, 0xFD, 0x35, 0xA6, 0xFD, 0xFD,
    0x34, 0xA5, 0xFD, 0xFD, 0x33, 0xA3, 0xFC, 0xFD, 0x33, 0xA3, 0xFC, 0xFD, 0x33, 0xA3, 0xFD, 0xFD,
    0x34, 0xA2, 0xFD, 0xFD, 0x36, 0xA3, 0xFE, 0xFC, 0x36, 0xA2, 0xFD, 0xFC, 0x36, 0xA2, 0xFD, 0xFC,
    0x36, 0xA2, 0xFD, 0xFC, 0x36, 0xA2, 0xFD, 0xFC, 0x36, 0xA1, 0xFD, 0xFC, 0x36, 0xA1, 0xFD, 0xFC,
    0x35, 0xA0, 0xFC, 0xFC, 0x36, 0xA1, 0xFD, 0xFC, 0x35, 0xA2, 0xFD, 0xFC, 0x35, 0xA2, 0xFD, 0xFC,
    0x2B, 0x97, 0xFC, 0xFC, 0x1E, 0x88, 0xF4, 0xFC, 0x1B, 0x86, 0xF7, 0xFC, 0x1B, 0x86, 0xF7, 0xFC,
    0x17, 0x7F, 0xF2, 0xFC, 0x1E, 0x87, 0xF6, 0xFC, 0x0F, 0x5C, 0xC2, 0xFC, 0x00, 0x21, 0x78, 0xFB,
    0x00, 0x21, 0x78, 0xFB, 0x26, 0x8F, 0xFE, 0xFB, 0x28, 0x9F, 0xFF, 0xFB, 0x2A, 0x95, 0xFD, 0xFA,
    0x2A, 0x95, 0xFD, 0xFA, 0x2E, 0x9E, 0xFC, 0xF9, 0x2B, 0x97, 0xFB, 0xF9, 0x23, 0x7B, 0xDF, 0xEF,
    0x23, 0x7B, 0xDF, 0xEF, 0x07, 0x42, 0x91, 0xFB, 0x12, 0x56, 0x9C, 0x8F, 0x37, 0x83, 0xD2, 0x0B,
    0x37, 0x83, 0xD2, 0x0B, 0x38, 0x85, 0xD2, 0x04, 0x36, 0x80, 0xCB, 0x03, 0x39, 0x80, 0xC9, 0x01,
    0x3A, 0x7F, 0xC7, 0x01, 0x3A, 0x7F, 0xC7, 0x01, 0x3B, 0x7F, 0xC6, 0x01, 0x3B, 0x7E, 0xC5, 0x01,
    0x00, 0x00, 0x00, 0x00, 0x00, 0x00, 0x00, 0x00, 0x3A, 0x7D, 0xC3, 0x01, 0x00, 0x00, 0x00, 0x00,
    0x00, 0x00, 0x00, 0x00, 0x00, 0x00, 0x00, 0x00, 0x00, 0x00, 0x00, 0x00, 0x00, 0x00, 0x00, 0x00,
    0x00, 0x00, 0x00, 0x00, 0x00, 0x00, 0x00, 0x00, 0x00, 0x00, 0x00, 0x00, 0x00, 0x00, 0x00, 0x00,
    0x00, 0x00, 0x00, 0x00, 0x00, 0x00, 0x00, 0x00, 0x00, 0x00, 0x00, 0x00, 0x00, 0x00, 0x00, 0x00,
    0x00, 0x00, 0x00, 0x00, 0x00, 0x00, 0x00, 0x00, 0x00, 0x00, 0x00, 0x00, 0x00, 0x00, 0x00, 0x00,
    0x00, 0x00, 0x00, 0x00, 0x00, 0x00, 0x00, 0x00, 0x00, 0x00, 0x00, 0x00, 0x00, 0x00, 0x00, 0x00,
    0x00, 0x00, 0x00, 0x00, 0x00, 0x00, 0x00, 0x00, 0x00, 0x00, 0x00, 0x00, 0x00, 0x00, 0x00, 0x00,
    0x00, 0x00, 0x00, 0x00, 0x3E, 0x81, 0xC5, 0x02, 0x3E, 0x81, 0xC5, 0x02, 0x3E, 0x81, 0xC5, 0x02,
    0x3E, 0x80, 0xC4, 0x04, 0x3B, 0x80, 0xC3, 0x07, 0x40, 0x84, 0xCB, 0x15, 0x40, 0x84, 0xCB, 0x15,
    0x09, 0x2C, 0x5D, 0xB1, 0x07, 0x39, 0x7B, 0xF8, 0x2D, 0x93, 0xF3, 0xF5, 0x1F, 0x8E, 0xF4, 0xFA,
    0x1F, 0x8E, 0xF4, 0xFA, 0x30, 0x9F, 0xF9, 0xFA, 0x3A, 0xA8, 0xFA, 0xFB, 0x3D, 0xAE, 0xFC, 0xFB,
    0x3D, 0xAE, 0xFC, 0xFB, 0x3F, 0xB1, 0xFD, 0xFB, 0x41, 0xB1, 0xFE, 0xFC, 0x41, 0xB3, 0xFF, 0xFC,
    0x41, 0xB3, 0xFF, 0xFC, 0x3F, 0xB3, 0xFE, 0xFC, 0x45, 0xB2, 0xFE, 0xFC, 0x78, 0xC4, 0xFB, 0xFD,
    0x78, 0xC4, 0xFB, 0xFD, 0xBC, 0xE7, 0xFE, 0xFD, 0x82, 0xCC, 0xFD, 0xFD, 0x48, 0xAE, 0xFD, 0xFD,
    0x40, 0xAC, 0xFE, 0xFD, 0x40, 0xAC, 0xFE, 0xFD, 0x3F, 0xAC, 0xFF, 0xFD, 0x3F, 0xA8, 0xFE, 0xFD,
    0x40, 0xAA, 0xFF, 0xFD, 0x40, 0xAA, 0xFF, 0xFD, 0x3F, 0xA8, 0xFE, 0xFD, 0x3E, 0xA7, 0xFE, 0xFD,
    0x3B, 0xA5, 0xFD, 0xFD, 0x3B, 0xA5, 0xFD, 0xFD, 0x3B, 0xA6, 0xFD, 0xFD, 0x3B, 0xA4, 0xFC, 0xFD,
    0x3D, 0xA7, 0xFC, 0xFD, 0x3D, 0xA7, 0xFC, 0xFD, 0x3F, 0xA7, 0xFC, 0xFD, 0x41, 0xA9, 0xFD, 0xFD,
    0x45, 0xAC, 0xFD, 0xFD, 0x4C, 0xAF, 0xFD, 0xFD, 0x4C, 0xAF, 0xFD, 0xFD, 0x53, 0xB3, 0xFE, 0xFD,
    0x50, 0xB2, 0xFE, 0xFD, 0x47, 0xAD, 0xFE, 0xFD, 0x47, 0xAD, 0xFE, 0xFD, 0x42, 0xAC, 0xFE, 0xFD,
    0x3D, 0xAA, 0xFE, 0xFD, 0x38, 0xA8, 0xFD, 0xFD, 0x38, 0xA8, 0xFD, 0xFD, 0x35, 0xA6, 0xFD, 0xFD,
    0x34, 0xA5, 0xFD, 0xFD, 0x33, 0xA3, 0xFC, 0xFD, 0x33, 0xA3, 0xFC, 0xFD, 0x33, 0xA3, 0xFD, 0xFD,
    0x34, 0xA2, 0xFD, 0xFD, 0x36, 0xA3, 0xFE, 0xFC, 0x36, 0xA2, 0xFD, 0xFC, 0x36, 0xA2, 0xFD, 0xFC,
    0x36, 0xA2, 0xFD, 0xFC, 0x36, 0xA2, 0xFD, 0xFC, 0x36, 0xA1, 0xFD, 0xFC, 0x36, 0xA1, 0xFD, 0xFC,
    0x35, 0xA0, 0xFC, 0xFC, 0x36, 0xA1, 0xFD, 0xFC, 0x35, 0xA2, 0xFD, 0xFC, 0x35, 0xA2, 0xFD, 0xFC,
    0x2B, 0x97, 0xFC, 0xFC, 0x1E, 0x88, 0xF4, 0xFC, 0x1B, 0x86, 0xF7, 0xFC, 0x1B, 0x86, 0xF7, 0xFC,
    0x17, 0x7F, 0xF2, 0xFC, 0x1E, 0x87, 0xF6, 0xFC, 0x0F, 0x5C, 0xC2, 0xFC, 0x00, 0x21, 0x78, 0xFB,
    0x00, 0x21, 0x78, 0xFB, 0x26, 0x8F, 0xFE, 0xFB, 0x28, 0x9F, 0xFF, 0xFB, 0x2A, 0x95, 0xFD, 0xFA,
    0x2A, 0x95, 0xFD, 0xFA, 0x2E, 0x9E, 0xFC, 0xF9, 0x2B, 0x97, 0xFB, 0xF9, 0x23, 0x7B, 0xDF, 0xEF,
    0x23, 0x7B, 0xDF, 0xEF, 0x07, 0x42, 0x91, 0xFB, 0x12, 0x56, 0x9C, 0x8F, 0x37, 0x83, 0xD2, 0x0B,
    0x37, 0x83, 0xD2, 0x0B, 0x38, 0x85, 0xD2, 0x04, 0x36, 0x80, 0xCB, 0x03, 0x39, 0x80, 0xC9, 0x01,
    0x3A, 0x7F, 0xC7, 0x01, 0x3A, 0x7F, 0xC7, 0x01, 0x3B, 0x7F, 0xC6, 0x01, 0x3B, 0x7E, 0xC5, 0x01,
    0x00, 0x00, 0x00, 0x00, 0x00, 0x00, 0x00, 0x00, 0x3A, 0x7D, 0xC3, 0x01, 0x00, 0x00, 0x00, 0x00,
    0x00, 0x00, 0x00, 0x00, 0x00, 0x00, 0x00, 0x00, 0x00, 0x00, 0x00, 0x00, 0x00, 0x00, 0x00, 0x00,
    0x00, 0x00, 0x00, 0x00, 0x00, 0x00, 0x00, 0x00, 0x00, 0x00, 0x00, 0x00, 0x00, 0x00, 0x00, 0x00,
    0x00, 0x00, 0x00, 0x00, 0x00, 0x00, 0x00, 0x00, 0x00, 0x00, 0x00, 0x00, 0x00, 0x00, 0x00, 0x00,
    0x00, 0x00, 0x00, 0x00, 0x00, 0x00, 0x00, 0x00, 0x00, 0x00, 0x00, 0x00, 0x00, 0x00, 0x00, 0x00,
    0x00, 0x00, 0x00, 0x00, 0x00, 0x00, 0x00, 0x00, 0x00, 0x00, 0x00, 0x00, 0x00, 0x00, 0x00, 0x00,
    0x00, 0x00, 0x00, 0x00, 0x00, 0x00, 0x00, 0x00, 0x00, 0x00, 0x00, 0x00, 0x00, 0x00, 0x00, 0x00,
    0x00, 0x00, 0x00, 0x00, 0x3F, 0x81, 0xC5, 0x02, 0x3F, 0x81, 0xC6, 0x03, 0x3F, 0x81, 0xC6, 0x03,
    0x3F, 0x81, 0xC6, 0x04, 0x3C, 0x81, 0xC6, 0x05, 0x41, 0x86, 0xCA, 0x16, 0x41, 0x86, 0xCA, 0x16,
    0x0C, 0x30, 0x61, 0xB6, 0x0A, 0x3F, 0x86, 0xF7, 0x2B, 0x91, 0xF4, 0xF6, 0x21, 0x8F, 0xF5, 0xFA,
    0x21, 0x8F, 0xF5, 0xFA, 0x30, 0x9E, 0xF9, 0xFA, 0x39, 0xA7, 0xFA, 0xFB, 0x3C, 0xAC, 0xFC, 0xFB,
    0x3C, 0xAC, 0xFC, 0xFB, 0x3E, 0xAF, 0xFD, 0xFB, 0x41, 0xB1, 0xFE, 0xFC, 0x40, 0xB2, 0xFF, 0xFC,
    0x40, 0xB2, 0xFF, 0xFC, 0x41, 0xB3, 0xFF, 0xFC, 0x45, 0xB2, 0xFF, 0xFC, 0x65, 0xBD, 0xFC, 0xFC,
    0x65, 0xBD, 0xFC, 0xFC, 0xA4, 0xDD, 0xFE, 0xFD, 0x7C, 0xC9, 0xFE, 0xFD, 0x43, 0xAC, 0xFD, 0xFD,
    0x3D, 0xAB, 0xFE, 0xFD, 0x3D, 0xAB, 0xFE, 0xFD, 0x3D, 0xAB, 0xFE, 0xFD, 0x3C, 0xA7, 0xFE, 0xFD,
    0x3C, 0xA6, 0xFE, 0xFD, 0x3C, 0xA6, 0xFE, 0xFD, 0x3D, 0xA8, 0xFE, 0xFD, 0x3D, 0xA8, 0xFE, 0xFD,
    0x3B, 0xA6, 0xFC, 0xFD, 0x3B, 0xA6, 0xFC, 0xFD, 0x3B, 0xA6, 0xFC, 0xFD, 0x3D, 0xA6, 0xFC, 0xFD,
    0x3F, 0xA7, 0xFC, 0xFD, 0x3F, 0xA7, 0xFC, 0xFD, 0x41, 0xA9, 0xFC, 0xFD, 0x44, 0xAB, 0xFD, 0xFD,
    0x47, 0xAD, 0xFE, 0xFD, 0x4A, 0xB0, 0xFE, 0xFD, 0x4A, 0xB0, 0xFE, 0xFD, 0x4C, 0xB1, 0xFE, 0xFD,
    0x4D, 0xB2, 0xFF, 0xFD, 0x49, 0xB0, 0xFE, 0xFD, 0x49, 0xB0, 0xFE, 0xFD, 0x45, 0xAE, 0xFD, 0xFD,
    0x40, 0xAB, 0xFB, 0xFD, 0x3E, 0xA9, 0xFB, 0xFD, 0x3E, 0xA9, 0xFB, 0xFD, 0x39, 0xA7, 0xFB, 0xFD,
    0x36, 0xA7, 0xFB, 0xFD, 0x33, 0xA4, 0xFC, 0xFD, 0x33, 0xA4, 0xFC, 0xFD, 0x35, 0xA5, 0xFC, 0xFD,
    0x35, 0xA3, 0xFD, 0xFD, 0x36, 0xA3, 0xFE, 0xFD, 0x36, 0xA2, 0xFE, 0xFD, 0x36, 0xA2, 0xFE, 0xFD,
    0x36, 0xA3, 0xFD, 0xFC, 0x36, 0xA2, 0xFD, 0xFC, 0x36, 0xA3, 0xFD, 0xFC, 0x36, 0xA3, 0xFD, 0xFC,
    0x36, 0xA3, 0xFD, 0xFC, 0x36, 0xA2, 0xFE, 0xFC, 0x35, 0xA2, 0xFE, 0xFC, 0x35, 0xA2, 0xFE, 0xFC,
    0x2F, 0x9A, 0xFD, 0xFC, 0x24, 0x8D, 0xF9, 0xFC, 0x23, 0x8E, 0xFB, 0xFC, 0x23, 0x8E, 0xFB, 0xFC,
    0x1B, 0x84, 0xF5, 0xFC, 0x24, 0x94, 0xFE, 0xFC, 0x14, 0x64, 0xCA, 0xFC, 0x00, 0x21, 0x6F, 0xFB,
    0x00, 0x21, 0x6F, 0xFB, 0x29, 0x8E, 0xFB, 0xFB, 0x27, 0xA0, 0xFF, 0xFB, 0x2D, 0x9B, 0xFB, 0xFA,
    0x2D, 0x9B, 0xFB, 0xFA, 0x35, 0xA1, 0xF8, 0xFA, 0x2B, 0x93, 0xF8, 0xF9, 0x28, 0x9A, 0xFC, 0xF9,
    0x28, 0x9A, 0xFC, 0xF9, 0x22, 0x85, 0xDF, 0xF2, 0x08, 0x3B, 0x80, 0xD4, 0x12, 0x41, 0x83, 0x71,
    0x12, 0x41, 0x83, 0x71, 0x3B, 0x88, 0xD4, 0x0B, 0x35, 0x81, 0xCB, 0x04, 0x37, 0x80, 0xC8, 0x02,
    0x39, 0x7F, 0xC7, 0x02, 0x39, 0x7F, 0xC7, 0x02, 0x3A, 0x7F, 0xC7, 0x01, 0x3A, 0x7E, 0xC5, 0x01,
    0x00, 0x00, 0x00, 0x00, 0x00, 0x00, 0x00, 0x00, 0x3A, 0x7D, 0xC3, 0x01, 0x00, 0x00, 0x00, 0x00,
    0x00, 0x00, 0x00, 0x00, 0x00, 0x00, 0x00, 0x00, 0x00, 0x00, 0x00, 0x00, 0x00, 0x00, 0x00, 0x00,
    0x00, 0x00, 0x00, 0x00, 0x00, 0x00, 0x00, 0x00, 0x00, 0x00, 0x00, 0x00, 0x00, 0x00, 0x00, 0x00,
    0x00, 0x00, 0x00, 0x00, 0x00, 0x00, 0x00, 0x00, 0x00, 0x00, 0x00, 0x00, 0x00, 0x00, 0x00, 0x00,
    0x00, 0x00, 0x00, 0x00, 0x00, 0x00, 0x00, 0x00, 0x00, 0x00, 0x00, 0x00, 0x00, 0x00, 0x00, 0x00,
    0x00, 0x00, 0x00, 0x00, 0x00, 0x00, 0x00, 0x00, 0x00, 0x00, 0x00, 0x00, 0x00, 0x00, 0x00, 0x00,
    0x00, 0x00, 0x00, 0x00, 0x00, 0x00, 0x00, 0x00, 0x00, 0x00, 0x00, 0x00, 0x00, 0x00, 0x00, 0x00,
    0x00, 0x00, 0x00, 0x00, 0x40, 0x82, 0xC5, 0x02, 0x40, 0x82, 0xC5, 0x03, 0x40, 0x82, 0xC5, 0x03,
    0x40, 0x82, 0xC6, 0x04, 0x3C, 0x83, 0xC7, 0x05, 0x42, 0x85, 0xCA, 0x1B, 0x42, 0x85, 0xCA, 0x1B,
    0x09, 0x2B, 0x5E, 0xC1, 0x06, 0x3D, 0x8B, 0xF8, 0x26, 0x90, 0xF5, 0xF7, 0x1F, 0x8E, 0xF5, 0xF9,
    0x1F, 0x8E, 0xF5, 0xF9, 0x30, 0x9E, 0xFA, 0xFB, 0x38, 0xA7, 0xFA, 0xFB, 0x3A, 0xAA, 0xFC, 0xFB,
    0x3A, 0xAA, 0xFC, 0xFB, 0x3C, 0xAE, 0xFD, 0xFB, 0x3F, 0xAF, 0xFE, 0xFC, 0x40, 0xB2, 0xFF, 0xFC,
    0x40, 0xB2, 0xFF, 0xFC, 0x42, 0xB3, 0xFF, 0xFC, 0x44, 0xB2, 0xFF, 0xFC, 0x4E, 0xB6, 0xFE, 0xFD,
    0x4E, 0xB6, 0xFE, 0xFD, 0x65, 0xBE, 0xFD, 0xFD, 0x54, 0xB6, 0xFE, 0xFD, 0x3D, 0xA8, 0xFD, 0xFD,
    0x3A, 0xA8, 0xFE, 0xFD, 0x3A, 0xA8, 0xFE, 0xFD, 0x3A, 0xA6, 0xFD, 0xFD, 0x38, 0xA4, 0xFD, 0xFD,
    0x3B, 0xA7, 0xFE, 0xFD, 0x3B, 0xA7, 0xFE, 0xFD, 0x3C, 0xA5, 0xFD, 0xFD, 0x3D, 0xA6, 0xFD, 0xFD,
    0x3C, 0xA4, 0xFB, 0xFD, 0x3C, 0xA4, 0xFB, 0xFD, 0x3C, 0xA5, 0xFB, 0xFD, 0x3E, 0xA7, 0xFC, 0xFD,
    0x41, 0xA8, 0xFC, 0xFD, 0x41, 0xA8, 0xFC, 0xFD, 0x43, 0xA9, 0xFC, 0xFD, 0x47, 0xAB, 0xFD, 0xFD,
    0x4A, 0xAE, 0xFE, 0xFD, 0x4C, 0xAF, 0xFF, 0xFD, 0x4C, 0xAF, 0xFF, 0xFD, 0x4C, 0xB0, 0xFE, 0xFD,
    0x4C, 0xB0, 0xFE, 0xFD, 0x49, 0xAE, 0xFD, 0xFD, 0x49, 0xAE, 0xFD, 0xFD, 0x46, 0xAD, 0xFB, 0xFD,
    0x42, 0xAA, 0xF9, 0xFD, 0x40, 0xA9, 0xF9, 0xFD, 0x40, 0xA9, 0xF9, 0xFD, 0x3D, 0xAA, 0xFA, 0xFD,
    0x3A, 0xAB, 0xFB, 0xFD, 0x38, 0xA8, 0xFC, 0xFD, 0x38, 0xA8, 0xFC, 0xFD, 0x37, 0xA6, 0xFC, 0xFD,
    0x36, 0xA4, 0xFD, 0xFD, 0x37, 0xA4, 0xFE, 0xFD, 0x37, 0xA3, 0xFE, 0xFD, 0x37, 0xA3, 0xFE, 0xFD,
    0x37, 0xA4, 0xFE, 0xFD, 0x36, 0xA3, 0xFD, 0xFD, 0x36, 0xA4, 0xFE, 0xFD, 0x36, 0xA4, 0xFE, 0xFD,
    0x35, 0xA3, 0xFE, 0xFD, 0x34, 0xA5, 0xFE, 0xFC, 0x2C, 0x99, 0xFC, 0xFC, 0x2C, 0x99, 0xFC, 0xFC,
    0x29, 0x94, 0xFB, 0xFC, 0x24, 0x8D, 0xF8, 0xFC, 0x20, 0x86, 0xF6, 0xFC, 0x20, 0x86, 0xF6, 0xFC,
    0x1D, 0x88, 0xF7, 0xFC, 0x21, 0x8C, 0xFC, 0xFC, 0x0E, 0x57, 0xBD, 0xFC, 0x00, 0x10, 0x62, 0xFC,
    0x00, 0x10, 0x62, 0xFC, 0x18, 0x70, 0xDE, 0xFC, 0x27, 0x9F, 0xFF, 0xFB, 0x2C, 0x99, 0xFA, 0xFB,
    0x2C, 0x99, 0xFA, 0xFB, 0x32, 0x98, 0xF6, 0xFA, 0x2E, 0x97, 0xF6, 0xFA, 0x23, 0x95, 0xFB, 0xFB,
    0x23, 0x95, 0xFB, 0xFB, 0x1E, 0x8A, 0xF3, 0xF7, 0x0A, 0x4C, 0xA4, 0xF7, 0x03, 0x27, 0x68, 0xE6,
    0x03, 0x27, 0x68, 0xE6, 0x29, 0x6E, 0xAF, 0x37, 0x37, 0x84, 0xCE, 0x09, 0x35, 0x7F, 0xC7, 0x04,
    0x39, 0x7F, 0xC7, 0x03, 0x39, 0x7F, 0xC7, 0x03, 0x39, 0x7E, 0xC6, 0x02, 0x3A, 0x7E, 0xC4, 0x01,
    0x3B, 0x7E, 0xC4, 0x01, 0x3B, 0x7E, 0xC4, 0x01, 0x00, 0x00, 0x00, 0x00, 0x00, 0x00, 0x00, 0x00,
    0x00, 0x00, 0x00, 0x00, 0x00, 0x00, 0x00, 0x00, 0x00, 0x00, 0x00, 0x00, 0x00, 0x00, 0x00, 0x00,
    0x00, 0x00, 0x00, 0x00, 0x00, 0x00, 0x00, 0x00, 0x00, 0x00, 0x00, 0x00, 0x00, 0x00, 0x00, 0x00,
    0x00, 0x00, 0x00, 0x00, 0x00, 0x00, 0x00, 0x00, 0x00, 0x00, 0x00, 0x00, 0x00, 0x00, 0x00, 0x00,
    0x00, 0x00, 0x00, 0x00, 0x00, 0x00, 0x00, 0x00, 0x00, 0x00, 0x00, 0x00, 0x00, 0x00, 0x00, 0x00,
    0x00, 0x00, 0x00, 0x00, 0x00, 0x00, 0x00, 0x00, 0x00, 0x00, 0x00, 0x00, 0x00, 0x00, 0x00, 0x00,
    0x00, 0x00, 0x00, 0x00, 0x00, 0x00, 0x00, 0x00, 0x00, 0x00, 0x00, 0x00, 0x00, 0x00, 0x00, 0x00,
    0x00, 0x00, 0x00, 0x00, 0x42, 0x82, 0xC4, 0x02, 0x41, 0x83, 0xC5, 0x02, 0x41, 0x83, 0xC5, 0x02,
    0x40, 0x83, 0xC6, 0x05, 0x3C, 0x82, 0xC7, 0x03, 0x43, 0x86, 0xCB, 0x1E, 0x43, 0x86, 0xCB, 0x1E,
    0x08, 0x2B, 0x5F, 0xC2, 0x07, 0x40, 0x91, 0xF8, 0x26, 0x91, 0xF7, 0xF8, 0x21, 0x90, 0xF6, 0xFA,
    0x21, 0x90, 0xF6, 0xFA, 0x30, 0x9F, 0xFA, 0xFB, 0x38, 0xA7, 0xFA, 0xFB, 0x39, 0xA8, 0xFB, 0xFB,
    0x39, 0xA8, 0xFB, 0xFB, 0x3B, 0xAC, 0xFD, 0xFB, 0x3C, 0xAD, 0xFE, 0xFC, 0x3E, 0xAF, 0xFE, 0xFC,
    0x3E, 0xAF, 0xFE, 0xFC, 0x42, 0xB1, 0xFD, 0xFC, 0x48, 0xB4, 0xFD, 0xFC, 0x4B, 0xB5, 0xFD, 0xFC,
    0x4B, 0xB5, 0xFD, 0xFC, 0x53, 0xB5, 0xFD, 0xFD, 0x48, 0xAE, 0xFD, 0xFD, 0x3D, 0xA9, 0xFD, 0xFD,
    0x3A, 0xA8, 0xFE, 0xFD, 0x3A, 0xA8, 0xFE, 0xFD, 0x37, 0xA5, 0xFE, 0xFD, 0x37, 0xA5, 0xFE, 0xFD,
    0x39, 0xA7, 0xFE, 0xFD, 0x39, 0xA7, 0xFE, 0xFD, 0x3E, 0xA7, 0xFD, 0xFD, 0x45, 0xAA, 0xFD, 0xFD,
    0x45, 0xAA, 0xFD, 0xFD, 0x45, 0xAA, 0xFD, 0xFD, 0x41, 0xA8, 0xFC, 0xFD, 0x3F, 0xA6, 0xFC, 0xFD,
    0x42, 0xA9, 0xFD, 0xFD, 0x42, 0xA9, 0xFD, 0xFD, 0x45, 0xAA, 0xFD, 0xFD, 0x49, 0xAC, 0xFD, 0xFD,
    0x4D, 0xAF, 0xFC, 0xFD, 0x50, 0xB1, 0xFC, 0xFD, 0x50, 0xB1, 0xFC, 0xFD, 0x4F, 0xB0, 0xFD, 0xFD,
    0x4D, 0xB0, 0xFD, 0xFD, 0x48, 0xAF, 0xFE, 0xFD, 0x48, 0xAF, 0xFE, 0xFD, 0x44, 0xB1, 0xFE, 0xFD,
    0x41, 0xAF, 0xFE, 0xFD, 0x40, 0xAC, 0xFD, 0xFD, 0x40, 0xAC, 0xFD, 0xFD, 0x3B, 0xA7, 0xFA, 0xFD,
    0x3C, 0xA6, 0xF6, 0xFD, 0x39, 0xA3, 0xF7, 0xFD, 0x39, 0xA3, 0xF7, 0xFD, 0x3C, 0xA7, 0xFC, 0xFD,
    0x3C, 0xA5, 0xFC, 0xFD, 0x3D, 0xA6, 0xFC, 0xFD, 0x3C, 0xA4, 0xFD, 0xFD, 0x3C, 0xA4, 0xFD, 0xFD,
    0x3A, 0xA5, 0xFE, 0xFD, 0x37, 0xA4, 0xFE, 0xFD, 0x34, 0xA1, 0xFE, 0xFD, 0x34, 0xA1, 0xFE, 0xFD,
    0x2B, 0x98, 0xFC, 0xFD, 0x27, 0x97, 0xFC, 0xFD, 0x26, 0x92, 0xF9, 0xFC, 0x26, 0x92, 0xF9, 0xFC,
    0x24, 0x90, 0xFA, 0xFC, 0x27, 0x92, 0xF9, 0xFC, 0x1F, 0x85, 0xF5, 0xFC, 0x1F, 0x85, 0xF5, 0xFC,
    0x1E, 0x89, 0xF9, 0xFC, 0x1F, 0x86, 0xF5, 0xFC, 0x06, 0x4A, 0xB3, 0xFC, 0x08, 0x42, 0xA5, 0xFC,
    0x08, 0x42, 0xA5, 0xFC, 0x16, 0x77, 0xE2, 0xFC, 0x1E, 0x93, 0xFF, 0xFC, 0x27, 0x98, 0xFD, 0xFB,
    0x27, 0x98, 0xFD, 0xFB, 0x2C, 0x99, 0xF9, 0xFA, 0x2D, 0x9D, 0xFA, 0xFA, 0x23, 0x95, 0xFC, 0xFA,
    0x23, 0x95, 0xFC, 0xFA, 0x1E, 0x8F, 0xFA, 0xFA, 0x12, 0x70, 0xD7, 0xF8, 0x17, 0x60, 0xA9, 0xE5,
    0x17, 0x60, 0xA9, 0xE5, 0x1B, 0x56, 0x91, 0x92, 0x35, 0x80, 0xC7, 0x22, 0x36, 0x7F, 0xC7, 0x02,
    0x38, 0x7D, 0xC3, 0x04, 0x38, 0x7D, 0xC3, 0x04, 0x3A, 0x7D, 0xC4, 0x02, 0x3A, 0x7D, 0xC2, 0x01,
    0x3B, 0x7D, 0xC3, 0x01, 0x3B, 0x7D, 0xC3, 0x01, 0x00, 0x00, 0x00, 0x00, 0x00, 0x00, 0x00, 0x00,
    0x00, 0x00, 0x00, 0x00, 0x00, 0x00, 0x00, 0x00, 0x00, 0x00, 0x00, 0x00, 0x00, 0x00, 0x00, 0x00,
    0x00, 0x00, 0x00, 0x00, 0x00, 0x00, 0x00, 0x00, 0x00, 0x00, 0x00, 0x00, 0x00, 0x00, 0x00, 0x00,
    0x00, 0x00, 0x00, 0x00, 0x00, 0x00, 0x00, 0x00, 0x00, 0x00, 0x00, 0x00, 0x00, 0x00, 0x00, 0x00,
    0x00, 0x00, 0x00, 0x00, 0x00, 0x00, 0x00, 0x00, 0x00, 0x00, 0x00, 0x00, 0x00, 0x00, 0x00, 0x00,
    0x00, 0x00, 0x00, 0x00, 0x00, 0x00, 0x00, 0x00, 0x00, 0x00, 0x00, 0x00, 0x00, 0x00, 0x00, 0x00,
    0x00, 0x00, 0x00, 0x00, 0x00, 0x00, 0x00, 0x00, 0x00, 0x00, 0x00, 0x00, 0x00, 0x00, 0x00, 0x00,
    0x00, 0x00, 0x00, 0x00, 0x42, 0x83, 0xC4, 0x02, 0x42, 0x83, 0xC5, 0x02, 0x42, 0x83, 0xC5, 0x02,
    0x41, 0x83, 0xC6, 0x05, 0x3D, 0x84, 0xC9, 0x04, 0x40, 0x83, 0xC6, 0x29, 0x40, 0x83, 0xC6, 0x29,
    0x06, 0x23, 0x55, 0xCD, 0x06, 0x3E, 0x92, 0xF9, 0x25, 0x90, 0xF9, 0xF7, 0x20, 0x90, 0xF8, 0xFA,
    0x20, 0x90, 0xF8, 0xFA, 0x2E, 0x9E, 0xFA, 0xFA, 0x38, 0xA6, 0xFA, 0xFB, 0x3A, 0xA9, 0xFB, 0xFB,
    0x3A, 0xA9, 0xFB, 0xFB, 0x39, 0xAA, 0xFD, 0xFB, 0x3B, 0xAA, 0xFD, 0xFC, 0x3E, 0xAD, 0xFD, 0xFC,
    0x3E, 0xAD, 0xFD, 0xFC, 0x41, 0xAF, 0xFC, 0xFC, 0x46, 0xB0, 0xFB, 0xFC, 0x4A, 0xB1, 0xFB, 0xFD,
    0x4A, 0xB1, 0xFB, 0xFD, 0x4F, 0xB6, 0xFB, 0xFD, 0x44, 0xAD, 0xFC, 0xFD, 0x3B, 0xAA, 0xFC, 0xFD,
    0x35, 0xA4, 0xFD, 0xFD, 0x35, 0xA4, 0xFD, 0xFD, 0x35, 0xA5, 0xFE, 0xFD, 0x35, 0xA4, 0xFE, 0xFD,
    0x38, 0xA5, 0xFD, 0xFD, 0x38, 0xA5, 0xFD, 0xFD, 0x46, 0xAD, 0xFD, 0xFD, 0x5C, 0xBA, 0xFE, 0xFD,
    0x5F, 0xBB, 0xFE, 0xFD, 0x5F, 0xBB, 0xFE, 0xFD, 0x4F, 0xB2, 0xFD, 0xFD, 0x44, 0xAA, 0xFD, 0xFD,
    0x44, 0xAA, 0xFD, 0xFD, 0x44, 0xAA, 0xFD, 0xFD, 0x46, 0xAB, 0xFC, 0xFD, 0x4B, 0xAD, 0xFC, 0xFD,
    0x4E, 0xAD, 0xFB, 0xFD, 0x50, 0xAE, 0xFA, 0xFD, 0x50, 0xAE, 0xFA, 0xFD, 0x4D, 0xAE, 0xFB, 0xFD,
    0x4B, 0xAF, 0xFD, 0xFD, 0x48, 0xAC, 0xFE, 0xFD, 0x48, 0xAC, 0xFE, 0xFD, 0x44, 0xA7, 0xF7, 0xFD,
    0x2E, 0x82, 0xCF, 0xFD, 0x20, 0x6B, 0xAD, 0xFD, 0x20, 0x6B, 0xAD, 0xFD, 0x11, 0x4A, 0x81, 0xFD,
    0x0A, 0x3A, 0x68, 0xFD, 0x11, 0x50, 0x8C, 0xFD, 0x11, 0x50, 0x8C, 0xFD, 0x3E, 0x9E, 0xF3, 0xFD,
    0x44, 0xAA, 0xFC, 0xFD, 0x41, 0xA6, 0xFA, 0xFD, 0x42, 0xA6, 0xFC, 0xFD, 0x42, 0xA6, 0xFC, 0xFD,
    0x3E, 0xA8, 0xFE, 0xFD, 0x36, 0xA2, 0xFE, 0xFD, 0x2A, 0x96, 0xFA, 0xFD, 0x2A, 0x96, 0xFA, 0xFD,
    0x24, 0x91, 0xF8, 0xFD, 0x24, 0x91, 0xFA, 0xFD, 0x24, 0x8D, 0xF8, 0xFD, 0x24, 0x8D, 0xF8, 0xFD,
    0x28, 0x92, 0xFA, 0xFC, 0x22, 0x87, 0xF2, 0xFC, 0x20, 0x89, 0xF6, 0xFC, 0x20, 0x89, 0xF6, 0xFC,
    0x18, 0x80, 0xF4, 0xFC, 0x14, 0x73, 0xE7, 0xFC, 0x02, 0x3C, 0xA7, 0xFC, 0x22, 0x76, 0xD9, 0xFC,
    0x22, 0x76, 0xD9, 0xFC, 0x20, 0x8B, 0xFB, 0xFC, 0x0B, 0x71, 0xEC, 0xFB, 0x1F, 0x90, 0xFD, 0xFB,
    0x1F, 0x90, 0xFD, 0xFB, 0x26, 0x9A, 0xFD, 0xFB, 0x25, 0x95, 0xFB, 0xFB, 0x24, 0x95, 0xFC, 0xFA,
    0x24, 0x95, 0xFC, 0xFA, 0x1C, 0x89, 0xF7, 0xFA, 0x19, 0x89, 0xF1, 0xF9, 0x19, 0x6D, 0xC5, 0xF8,
    0x19, 0x6D, 0xC5, 0xF8, 0x01, 0x16, 0x4E, 0xEC, 0x1C, 0x55, 0x98, 0x4F, 0x3B, 0x83, 0xCB, 0x09,
    0x35, 0x7B, 0xC0, 0x06, 0x35, 0x7B, 0xC0, 0x06, 0x3A, 0x7C, 0xC2, 0x03, 0x3A, 0x7C, 0xC0, 0x02,
    0x3A, 0x7C, 0xC0, 0x01, 0x3A, 0x7C, 0xC0, 0x01, 0x3A, 0x7C, 0xC0, 0x01, 0x00, 0x00, 0x00, 0x00,
    0x00, 0x00, 0x00, 0x00, 0x00, 0x00, 0x00, 0x00, 0x00, 0x00, 0x00, 0x00, 0x00, 0x00, 0x00, 0x00,
    0x00, 0x00, 0x00, 0x00, 0x00, 0x00, 0x00, 0x00, 0x00, 0x00, 0x00, 0x00, 0x00, 0x00, 0x00, 0x00,
    0x00, 0x00, 0x00, 0x00, 0x00, 0x00, 0x00, 0x00, 0x00, 0x00, 0x00, 0x00, 0x00, 0x00, 0x00, 0x00,
    0x00, 0x00, 0x00, 0x00, 0x00, 0x00, 0x00, 0x00, 0x00, 0x00, 0x00, 0x00, 0x00, 0x00, 0x00, 0x00,
    0x00, 0x00, 0x00, 0x00, 0x00, 0x00, 0x00, 0x00, 0x00, 0x00, 0x00, 0x00, 0x00, 0x00, 0x00, 0x00,
    0x00, 0x00, 0x00, 0x00, 0x00, 0x00, 0x00, 0x00, 0x00, 0x00, 0x00, 0x00, 0x00, 0x00, 0x00, 0x00,
    0x00, 0x00, 0x00, 0x00, 0x42, 0x83, 0xC4, 0x02, 0x42, 0x83, 0xC5, 0x02, 0x42, 0x83, 0xC5, 0x02,
    0x41, 0x83, 0xC6, 0x05, 0x3D, 0x84, 0xC9, 0x04, 0x40, 0x83, 0xC6, 0x29, 0x40, 0x83, 0xC6, 0x29,
    0x06, 0x23, 0x55, 0xCD, 0x06, 0x3E, 0x92, 0xF9, 0x25, 0x90, 0xF9, 0xF7, 0x20, 0x90, 0xF8, 0xFA,
    0x20, 0x90, 0xF8, 0xFA, 0x2E, 0x9E, 0xFA, 0xFA, 0x38, 0xA6, 0xFA, 0xFB, 0x3A, 0xA9, 0xFB, 0xFB,
    0x3A, 0xA9, 0xFB, 0xFB, 0x39, 0xAA, 0xFD, 0xFB, 0x3B, 0xAA, 0xFD, 0xFC, 0x3E, 0xAD, 0xFD, 0xFC,
    0x3E, 0xAD, 0xFD, 0xFC, 0x41, 0xAF, 0xFC, 0xFC, 0x46, 0xB0, 0xFB, 0xFC, 0x4A, 0xB1, 0xFB, 0xFD,
    0x4A, 0xB1, 0xFB, 0xFD, 0x4F, 0xB6, 0xFB, 0xFD, 0x44, 0xAD, 0xFC, 0xFD, 0x3B, 0xAA, 0xFC, 0xFD,
    0x35, 0xA4, 0xFD, 0xFD, 0x35, 0xA4, 0xFD, 0xFD, 0x35, 0xA5, 0xFE, 0xFD, 0x35, 0xA4, 0xFE, 0xFD,
    0x38, 0xA5, 0xFD, 0xFD, 0x38, 0xA5, 0xFD, 0xFD, 0x46, 0xAD, 0xFD, 0xFD, 0x5C, 0xBA, 0xFE, 0xFD,
    0x5F, 0xBB, 0xFE, 0xFD, 0x5F, 0xBB, 0xFE, 0xFD, 0x4F, 0xB2, 0xFD, 0xFD, 0x44, 0xAA, 0xFD, 0xFD,
    0x44, 0xAA, 0xFD, 0xFD, 0x44, 0xAA, 0xFD, 0xFD, 0x46, 0xAB, 0xFC, 0xFD, 0x4B, 0xAD, 0xFC, 0xFD,
    0x4E, 0xAD, 0xFB, 0xFD, 0x50, 0xAE, 0xFA, 0xFD, 0x50, 0xAE, 0xFA, 0xFD, 0x4D, 0xAE, 0xFB, 0xFD,
    0x4B, 0xAF, 0xFD, 0xFD, 0x48, 0xAC, 0xFE, 0xFD, 0x48, 0xAC, 0xFE, 0xFD, 0x44, 0xA7, 0xF7, 0xFD,
    0x2E, 0x82, 0xCF, 0xFD, 0x20, 0x6B, 0xAD, 0xFD, 0x20, 0x6B, 0xAD, 0xFD, 0x11, 0x4A, 0x81, 0xFD,
    0x0A, 0x3A, 0x68, 0xFD, 0x11, 0x50, 0x8C, 0xFD, 0x11, 0x50, 0x8C, 0xFD, 0x3E, 0x9E, 0xF3, 0xFD,
    0x44, 0xAA, 0xFC, 0xFD, 0x41, 0xA6, 0xFA, 0xFD, 0x42, 0xA6, 0xFC, 0xFD, 0x42, 0xA6, 0xFC, 0xFD,
    0x3E, 0xA8, 0xFE, 0xFD, 0x36, 0xA2, 0xFE, 0xFD, 0x2A, 0x96, 0xFA, 0xFD, 0x2A, 0x96, 0xFA, 0xFD,
    0x24, 0x91, 0xF8, 0xFD, 0x24, 0x91, 0xFA, 0xFD, 0x24, 0x8D, 0xF8, 0xFD, 0x24, 0x8D, 0xF8, 0xFD,
    0x28, 0x92, 0xFA, 0xFC, 0x22, 0x87, 0xF2, 0xFC, 0x20, 0x89, 0xF6, 0xFC, 0x20, 0x89, 0xF6, 0xFC,
    0x18, 0x80, 0xF4, 0xFC, 0x14, 0x73, 0xE7, 0xFC, 0x02, 0x3C, 0xA7, 0xFC, 0x22, 0x76, 0xD9, 0xFC,
    0x22, 0x76, 0xD9, 0xFC, 0x20, 0x8B, 0xFB, 0xFC, 0x0B, 0x71, 0xEC, 0xFB, 0x1F, 0x90, 0xFD, 0xFB,
    0x1F, 0x90, 0xFD, 0xFB, 0x26, 0x9A, 0xFD, 0xFB, 0x25, 0x95, 0xFB, 0xFB, 0x24, 0x95, 0xFC, 0xFA,
    0x24, 0x95, 0xFC, 0xFA, 0x1C, 0x89, 0xF7, 0xFA, 0x19, 0x89, 0xF1, 0xF9, 0x19, 0x6D, 0xC5, 0xF8,
    0x19, 0x6D, 0xC5, 0xF8, 0x01, 0x16, 0x4E, 0xEC, 0x1C, 0x55, 0x98, 0x4F, 0x3B, 0x83, 0xCB, 0x09,
    0x35, 0x7B, 0xC0, 0x06, 0x35, 0x7B, 0xC0, 0x06, 0x3A, 0x7C, 0xC2, 0x03, 0x3A, 0x7C, 0xC0, 0x02,
    0x3A, 0x7C, 0xC0, 0x01, 0x3A, 0x7C, 0xC0, 0x01, 0x3A, 0x7C, 0xC0, 0x01, 0x00, 0x00, 0x00, 0x00,
    0x00, 0x00, 0x00, 0x00, 0x00, 0x00, 0x00, 0x00, 0x00, 0x00, 0x00, 0x00, 0x00, 0x00, 0x00, 0x00,
    0x00, 0x00, 0x00, 0x00, 0x00, 0x00, 0x00, 0x00, 0x00, 0x00, 0x00, 0x00, 0x00, 0x00, 0x00, 0x00,
    0x00, 0x00, 0x00, 0x00, 0x00, 0x00, 0x00, 0x00, 0x00, 0x00, 0x00, 0x00, 0x00, 0x00, 0x00, 0x00,
    0x00, 0x00, 0x00, 0x00, 0x00, 0x00, 0x00, 0x00, 0x00, 0x00, 0x00, 0x00, 0x00, 0x00, 0x00, 0x00,
    0x00, 0x00, 0x00, 0x00, 0x00, 0x00, 0x00, 0x00, 0x00, 0x00, 0x00, 0x00, 0x00, 0x00, 0x00, 0x00,
    0x00, 0x00, 0x00, 0x00, 0x00, 0x00, 0x00, 0x00, 0x00, 0x00, 0x00, 0x00, 0x00, 0x00, 0x00, 0x00,
    0x00, 0x00, 0x00, 0x00, 0x42, 0x83, 0xC3, 0x02, 0x42, 0x83, 0xC4, 0x02, 0x42, 0x83, 0xC4, 0x02,
    0x43, 0x85, 0xC6, 0x05, 0x3F, 0x85, 0xC9, 0x06, 0x40, 0x84, 0xC2, 0x28, 0x40, 0x84, 0xC2, 0x28,
    0x04, 0x1C, 0x51, 0xCA, 0x05, 0x3C, 0x97, 0xFB, 0x23, 0x91, 0xFA, 0xF7, 0x20, 0x92, 0xFA, 0xFA,
    0x20, 0x92, 0xFA, 0xFA, 0x2E, 0x9E, 0xFC, 0xFA, 0x38, 0xA8, 0xFB, 0xFB, 0x39, 0xA8, 0xFB, 0xFB,
    0x39, 0xA8, 0xFB, 0xFB, 0x3B, 0xAA, 0xFC, 0xFB, 0x3C, 0xAA, 0xFC, 0xFC, 0x3D, 0xAB, 0xFC, 0xFC,
    0x3D, 0xAB, 0xFC, 0xFC, 0x3D, 0xAA, 0xFC, 0xFC, 0x42, 0xAE, 0xFC, 0xFC, 0x47, 0xB3, 0xFC, 0xFD,
    0x47, 0xB3, 0xFC, 0xFD, 0x4A, 0xB9, 0xFC, 0xFD, 0x3D, 0xAC, 0xFC, 0xFD, 0x35, 0xA8, 0xFC, 0xFD,
    0x32, 0xA1, 0xFC, 0xFD, 0x32, 0xA1, 0xFC, 0xFD, 0x35, 0xA5, 0xFC, 0xFD, 0x34, 0xA1, 0xFC, 0xFD,
    0x3A, 0xA5, 0xFD, 0xFD, 0x3A, 0xA5, 0xFD, 0xFD, 0x53, 0xB4, 0xFD, 0xFD, 0x7D, 0xCD, 0xFE, 0xFD,
    0x88, 0xD4, 0xFF, 0xFD, 0x88, 0xD4, 0xFF, 0xFD, 0x6E, 0xC7, 0xFE, 0xFD, 0x52, 0xB4, 0xFE, 0xFD,
    0x4A, 0xAD, 0xFD, 0xFD, 0x4A, 0xAD, 0xFD, 0xFD, 0x4B, 0xAB, 0xFC, 0xFD, 0x4D, 0xAD, 0xFD, 0xFD,
    0x4D, 0xAC, 0xFC, 0xFD, 0x4D, 0xAE, 0xFC, 0xFD, 0x4D, 0xAE, 0xFC, 0xFD, 0x4F, 0xB6, 0xFD, 0xFD,
    0x4E, 0xB2, 0xFB, 0xFD, 0x3B, 0x95, 0xE6, 0xFD, 0x3B, 0x95, 0xE6, 0xFD, 0x0C, 0x40, 0x7F, 0xFD,
    0x02, 0x13, 0x3C, 0xFD, 0x06, 0x2C, 0x56, 0xFD, 0x06, 0x2C, 0x56, 0xFD, 0x04, 0x2B, 0x4F, 0xFD,
    0x00, 0x10, 0x25, 0xFD, 0x03, 0x2C, 0x5C, 0xFD, 0x03, 0x2C, 0x5C, 0xFD, 0x41, 0x9D, 0xEE, 0xFD,
    0x4A, 0xB0, 0xFC, 0xFD, 0x45, 0xAB, 0xFB, 0xFD, 0x44, 0xA7, 0xFC, 0xFD, 0x44, 0xA7, 0xFC, 0xFD,
    0x40, 0xA9, 0xFE, 0xFD, 0x35, 0xA5, 0xFE, 0xFD, 0x2D, 0x9A, 0xFD, 0xFD, 0x2D, 0x9A, 0xFD, 0xFD,
    0x2B, 0x96, 0xFA, 0xFD, 0x30, 0x9F, 0xFD, 0xFD, 0x30, 0x9C, 0xFC, 0xFD, 0x30, 0x9C, 0xFC, 0xFD,
    0x2D, 0x99, 0xFC, 0xFC, 0x27, 0x8F, 0xF6, 0xFC, 0x1F, 0x8A, 0xF5, 0xFC, 0x1F, 0x8A, 0xF5, 0xFC,
    0x15, 0x83, 0xF5, 0xFC, 0x1A, 0x7D, 0xF0, 0xFC, 0x05, 0x3C, 0x9D, 0xFC, 0x04, 0x31, 0x8F, 0xFC,
    0x04, 0x31, 0x8F, 0xFC, 0x21, 0x83, 0xF3, 0xFC, 0x13, 0x7D, 0xF2, 0xFB, 0x18, 0x88, 0xF8, 0xFB,
    0x18, 0x88, 0xF8, 0xFB, 0x24, 0x98, 0xFE, 0xFA, 0x23, 0x94, 0xFB, 0xFB, 0x25, 0x98, 0xFC, 0xFB,
    0x25, 0x98, 0xFC, 0xFB, 0x21, 0x90, 0xFB, 0xFB, 0x20, 0x95, 0xFA, 0xF9, 0x1E, 0x7F, 0xE3, 0xF6,
    0x1E, 0x7F, 0xE3, 0xF6, 0x11, 0x48, 0x98, 0xEF, 0x10, 0x3F, 0x7F, 0x99, 0x3A, 0x81, 0xC7, 0x27,
    0x38, 0x7C, 0xC2, 0x02, 0x38, 0x7C, 0xC2, 0x02, 0x39, 0x7C, 0xC0, 0x05, 0x3A, 0x7C, 0xC0, 0x02,
    0x3A, 0x7C, 0xC0, 0x01, 0x3A, 0x7C, 0xC0, 0x01, 0x3A, 0x7B, 0xBE, 0x01, 0x00, 0x00, 0x00, 0x00,
    0x00, 0x00, 0x00, 0x00, 0x00, 0x00, 0x00, 0x00, 0x00, 0x00, 0x00, 0x00, 0x00, 0x00, 0x00, 0x00,
    0x00, 0x00, 0x00, 0x00, 0x00, 0x00, 0x00, 0x00, 0x00, 0x00, 0x00, 0x00, 0x00, 0x00, 0x00, 0x00,
    0x00, 0x00, 0x00, 0x00, 0x00, 0x00, 0x00, 0x00, 0x00, 0x00, 0x00, 0x00, 0x00, 0x00, 0x00, 0x00,
    0x00, 0x00, 0x00, 0x00, 0x00, 0x00, 0x00, 0x00, 0x00, 0x00, 0x00, 0x00, 0x00, 0x00, 0x00, 0x00,
    0x00, 0x00, 0x00, 0x00, 0x00, 0x00, 0x00, 0x00, 0x00, 0x00, 0x00, 0x00, 0x00, 0x00, 0x00, 0x00,
    0x00, 0x00, 0x00, 0x00, 0x00, 0x00, 0x00, 0x00, 0x00, 0x00, 0x00, 0x00, 0x00, 0x00, 0x00, 0x00,
    0x00, 0x00, 0x00, 0x00, 0x43, 0x82, 0xC3, 0x02, 0x43, 0x83, 0xC4, 0x03, 0x43, 0x83, 0xC4, 0x03,
    0x43, 0x84, 0xC5, 0x06, 0x40, 0x87, 0xC8, 0x08, 0x30, 0x72, 0xB0, 0x69, 0x30, 0x72, 0xB0, 0x69,
    0x0D, 0x3E, 0x8A, 0xDE, 0x0E, 0x57, 0xC1, 0xFB, 0x1B, 0x86, 0xF6, 0xF8, 0x1F, 0x91, 0xFC, 0xFA,
    0x1F, 0x91, 0xFC, 0xFA, 0x2C, 0x9C, 0xFD, 0xFB, 0x38, 0xA7, 0xFC, 0xFB, 0x3B, 0xA7, 0xFC, 0xFB,
    0x3B, 0xA7, 0xFC, 0xFB, 0x3B, 0xA8, 0xFB, 0xFB, 0x3A, 0xA6, 0xFB, 0xFC, 0x3C, 0xAA, 0xFC, 0xFC,
    0x3C, 0xAA, 0xFC, 0xFC, 0x44, 0xB0, 0xFC, 0xFC, 0x50, 0xB6, 0xFC, 0xFC, 0x54, 0xB8, 0xFC, 0xFC,
    0x54, 0xB8, 0xFC, 0xFC, 0x56, 0xC0, 0xFD, 0xFD, 0x4A, 0xBE, 0xFD, 0xFD, 0x38, 0xAE, 0xFC, 0xFD,
    0x2D, 0x9F, 0xFC, 0xFD, 0x2D, 0x9F, 0xFC, 0xFD, 0x30, 0x9F, 0xFB, 0xFD, 0x33, 0x9F, 0xFB, 0xFD,
    0x3B, 0xA4, 0xFC, 0xFD, 0x3B, 0xA4, 0xFC, 0xFD, 0x5A, 0xB5, 0xFD, 0xFD, 0x8C, 0xD0, 0xFE, 0xFD,
    0x9B, 0xD8, 0xFE, 0xFD, 0x9B, 0xD8, 0xFE, 0xFD, 0x82, 0xCF, 0xFE, 0xFD, 0x5C, 0xBA, 0xFE, 0xFD,
    0x4F, 0xAF, 0xFC, 0xFD, 0x4F, 0xAF, 0xFC, 0xFD, 0x4D, 0xAB, 0xFC, 0xFD, 0x4C, 0xAB, 0xFC, 0xFD,
    0x47, 0xA9, 0xFD, 0xFD, 0x4B, 0xAB, 0xFB, 0xFD, 0x4B, 0xAB, 0xFB, 0xFD, 0x35, 0x88, 0xCF, 0xFD,
    0x25, 0x71, 0xAD, 0xFD, 0x3C, 0x99, 0xDB, 0xFD, 0x3C, 0x99, 0xDB, 0xFD, 0x1F, 0x74, 0xB5, 0xFD,
    0x17, 0x5F, 0xA9, 0xFD, 0x21, 0x74, 0xC2, 0xFD, 0x21, 0x74, 0xC2, 0xFD, 0x2D, 0x83, 0xC8, 0xFD,
    0x1D, 0x5E, 0xA2, 0xFD, 0x22, 0x6B, 0xB5, 0xFD, 0x22, 0x6B, 0xB5, 0xFD, 0x45, 0xA7, 0xF8, 0xFD,
    0x45, 0xAB, 0xFC, 0xFD, 0x42, 0xA8, 0xFC, 0xFD, 0x46, 0xAA, 0xFD, 0xFD, 0x46, 0xAA, 0xFD, 0xFD,
    0x3E, 0xA7, 0xFE, 0xFD, 0x35, 0xA1, 0xFE, 0xFD, 0x35, 0xA1, 0xFE, 0xFD, 0x35, 0xA1, 0xFE, 0xFD,
    0x38, 0x9F, 0xFD, 0xFD, 0x39, 0xA1, 0xFD, 0xFD, 0x39, 0xA4, 0xFD, 0xFD, 0x39, 0xA4, 0xFD, 0xFD,
    0x34, 0xA0, 0xFD, 0xFC, 0x28, 0x8F, 0xF6, 0xFC, 0x1D, 0x82, 0xF2, 0xFC, 0x1D, 0x82, 0xF2, 0xFC,
    0x17, 0x83, 0xF6, 0xFC, 0x1D, 0x82, 0xF3, 0xFC, 0x08, 0x43, 0xA0, 0xFC, 0x01, 0x20, 0x7B, 0xFC,
    0x01, 0x20, 0x7B, 0xFC, 0x20, 0x7F, 0xED, 0xFC, 0x11, 0x78, 0xEA, 0xFC, 0x0D, 0x70, 0xE5, 0xFB,
    0x0D, 0x70, 0xE5, 0xFB, 0x23, 0x92, 0xFC, 0xFC, 0x23, 0x92, 0xFA, 0xFB, 0x26, 0x98, 0xFB, 0xFB,
    0x26, 0x98, 0xFB, 0xFB, 0x24, 0x91, 0xFA, 0xFB, 0x1E, 0x8B, 0xF8, 0xFA, 0x1C, 0x87, 0xF1, 0xF9,
    0x1C, 0x87, 0xF1, 0xF9, 0x32, 0x97, 0xF0, 0xF6, 0x0A, 0x41, 0x87, 0xEA, 0x1E, 0x51, 0x92, 0x6A,
    0x40, 0x82, 0xC8, 0x08, 0x40, 0x82, 0xC8, 0x08, 0x37, 0x7A, 0xBE, 0x0B, 0x39, 0x7B, 0xBF, 0x04,
    0x3A, 0x7B, 0xBF, 0x02, 0x3A, 0x7B, 0xBF, 0x02, 0x3A, 0x7A, 0xBE, 0x01, 0x00, 0x00, 0x00, 0x00,
    0x00, 0x00, 0x00, 0x00, 0x00, 0x00, 0x00, 0x00, 0x00, 0x00, 0x00, 0x00, 0x00, 0x00, 0x00, 0x00,
    0x00, 0x00, 0x00, 0x00, 0x00, 0x00, 0x00, 0x00, 0x00, 0x00, 0x00, 0x00, 0x00, 0x00, 0x00, 0x00,
    0x00, 0x00, 0x00, 0x00, 0x00, 0x00, 0x00, 0x00, 0x00, 0x00, 0x00, 0x00, 0x00, 0x00, 0x00, 0x00,
    0x00, 0x00, 0x00, 0x00, 0x00, 0x00, 0x00, 0x00, 0x00, 0x00, 0x00, 0x00, 0x00, 0x00, 0x00, 0x00,
    0x00, 0x00, 0x00, 0x00, 0x00, 0x00, 0x00, 0x00, 0x00, 0x00, 0x00, 0x00, 0x00, 0x00, 0x00, 0x00,
    0x00, 0x00, 0x00, 0x00, 0x00, 0x00, 0x00, 0x00, 0x00, 0x00, 0x00, 0x00, 0x00, 0x00, 0x00, 0x00,
    0x00, 0x00, 0x00, 0x00, 0x45, 0x83, 0xC2, 0x01, 0x44, 0x84, 0xC3, 0x03, 0x44, 0x84, 0xC3, 0x03,
    0x44, 0x86, 0xC7, 0x05, 0x42, 0x84, 0xC2, 0x06, 0x11, 0x40, 0x79, 0xA6, 0x11, 0x40, 0x79, 0xA6,
    0x1F, 0x65, 0xBB, 0xF2, 0x22, 0x84, 0xF3, 0xF6, 0x13, 0x77, 0xED, 0xF9, 0x1F, 0x8F, 0xFA, 0xFA,
    0x1F, 0x8F, 0xFA, 0xFA, 0x2D, 0x9D, 0xFC, 0xFB, 0x36, 0xA4, 0xFC, 0xFB, 0x3A, 0xA7, 0xFC, 0xFB,
    0x3A, 0xA7, 0xFC, 0xFB, 0x39, 0xAA, 0xFC, 0xFB, 0x38, 0xA7, 0xFC, 0xFC, 0x4B, 0xB2, 0xFA, 0xFC,
    0x4B, 0xB2, 0xFA, 0xFC, 0x37, 0x84, 0xDB, 0xFC, 0x0E, 0x3A, 0x79, 0xFC, 0x08, 0x2D, 0x5B, 0xFC,
    0x08, 0x2D, 0x5B, 0xFC, 0x0D, 0x38, 0x65, 0xFD, 0x17, 0x52, 0x9E, 0xFD, 0x37, 0x8E, 0xE8, 0xFD,
    0x3B, 0xA5, 0xF8, 0xFD, 0x3B, 0xA5, 0xF8, 0xFD, 0x2F, 0xA0, 0xFB, 0xFD, 0x33, 0xA1, 0xFB, 0xFD,
    0x3B, 0xA5, 0xFB, 0xFD, 0x3B, 0xA5, 0xFB, 0xFD, 0x5E, 0xBA, 0xFC, 0xFD, 0x92, 0xD5, 0xFD, 0xFD,
    0xA3, 0xDD, 0xFE, 0xFD, 0xA3, 0xDD, 0xFE, 0xFD, 0x93, 0xD8, 0xFF, 0xFD, 0x68, 0xC2, 0xFD, 0xFD,
    0x53, 0xB1, 0xFA, 0xFD, 0x53, 0xB1, 0xFA, 0xFD, 0x4F, 0xAA, 0xF9, 0xFD, 0x4C, 0xAB, 0xF9, 0xFD,
    0x4A, 0xAF, 0xFB, 0xFD, 0x40, 0x93, 0xE3, 0xFD, 0x40, 0x93, 0xE3, 0xFD, 0x05, 0x20, 0x47, 0xFD,
    0x03, 0x12, 0x24, 0xFD, 0x0F, 0x39, 0x5B, 0xFD, 0x0F, 0x39, 0x5B, 0xFD, 0x0D, 0x46, 0x7D, 0xFD,
    0x2C, 0x8D, 0xDF, 0xFD, 0x35, 0x9E, 0xF8, 0xFD, 0x35, 0x9E, 0xF8, 0xFD, 0x3C, 0xA1, 0xF8, 0xFD,
    0x46, 0xAB, 0xFB, 0xFD, 0x43, 0xA6, 0xFA, 0xFD, 0x43, 0xA6, 0xFA, 0xFD, 0x43, 0xAB, 0xFC, 0xFD,
    0x40, 0xA9, 0xFC, 0xFD, 0x43, 0xAB, 0xFD, 0xFD, 0x42, 0xA9, 0xFD, 0xFD, 0x42, 0xA9, 0xFD, 0xFD,
    0x41, 0xAC, 0xFE, 0xFD, 0x41, 0xAC, 0xFF, 0xFD, 0x45, 0xB0, 0xFF, 0xFD, 0x45, 0xB0, 0xFF, 0xFD,
    0x47, 0xB2, 0xFF, 0xFD, 0x45, 0xB1, 0xFF, 0xFD, 0x3B, 0xA4, 0xFD, 0xFD, 0x3B, 0xA4, 0xFD, 0xFD,
    0x31, 0x9C, 0xFC, 0xFC, 0x27, 0x91, 0xF8, 0xFC, 0x23, 0x8F, 0xFA, 0xFC, 0x23, 0x8F, 0xFA, 0xFC,
    0x1B, 0x84, 0xF5, 0xFC, 0x0E, 0x5F, 0xCA, 0xFC, 0x02, 0x3B, 0x99, 0xFC, 0x19, 0x71, 0xD3, 0xFC,
    0x19, 0x71, 0xD3, 0xFC, 0x24, 0x94, 0xFB, 0xFC, 0x0B, 0x6D, 0xDD, 0xFC, 0x0B, 0x68, 0xDA, 0xFC,
    0x0B, 0x68, 0xDA, 0xFC, 0x26, 0x9A, 0xFC, 0xFB, 0x26, 0x9A, 0xFB, 0xFB, 0x26, 0x97, 0xF9, 0xFB,
    0x26, 0x97, 0xF9, 0xFB, 0x27, 0x97, 0xFA, 0xFB, 0x24, 0x94, 0xFA, 0xFA, 0x1E, 0x8D, 0xF5, 0xF9,
    0x1E, 0x8D, 0xF5, 0xF9, 0x25, 0x8D, 0xF0, 0xF2, 0x03, 0x31, 0x7A, 0xF3, 0x0A, 0x28, 0x5E, 0x9C,
    0x40, 0x80, 0xC5, 0x13, 0x40, 0x80, 0xC5, 0x13, 0x34, 0x78, 0xBB, 0x0C, 0x38, 0x7B, 0xBE, 0x03,
    0x3A, 0x7A, 0xBE, 0x02, 0x3A, 0x7A, 0xBE, 0x02, 0x3A, 0x79, 0xBC, 0x01, 0x00, 0x00, 0x00, 0x00,
    0x00, 0x00, 0x00, 0x00, 0x00, 0x00, 0x00, 0x00, 0x00, 0x00, 0x00, 0x00, 0x00, 0x00, 0x00, 0x00,
    0x00, 0x00, 0x00, 0x00, 0x00, 0x00, 0x00, 0x00, 0x00, 0x00, 0x00, 0x00, 0x00, 0x00, 0x00, 0x00,
    0x00, 0x00, 0x00, 0x00, 0x00, 0x00, 0x00, 0x00, 0x00, 0x00, 0x00, 0x00, 0x00, 0x00, 0x00, 0x00,
    0x00, 0x00, 0x00, 0x00, 0x00, 0x00, 0x00, 0x00, 0x00, 0x00, 0x00, 0x00, 0x00, 0x00, 0x00, 0x00,
    0x00, 0x00, 0x00, 0x00, 0x00, 0x00, 0x00, 0x00, 0x00, 0x00, 0x00, 0x00, 0x00, 0x00, 0x00, 0x00,
    0x00, 0x00, 0x00, 0x00, 0x00, 0x00, 0x00, 0x00, 0x00, 0x00, 0x00, 0x00, 0x00, 0x00, 0x00, 0x00,
    0x00, 0x00, 0x00, 0x00, 0x45, 0x83, 0xC2, 0x01, 0x44, 0x84, 0xC3, 0x03, 0x44, 0x84, 0xC3, 0x03,
    0x44, 0x86, 0xC7, 0x05, 0x42, 0x84, 0xC2, 0x06, 0x11, 0x40, 0x79, 0xA6, 0x11, 0x40, 0x79, 0xA6,
    0x1F, 0x65, 0xBB, 0xF2, 0x22, 0x84, 0xF3, 0xF6, 0x13, 0x77, 0xED, 0xF9, 0x1F, 0x8F, 0xFA, 0xFA,
    0x1F, 0x8F, 0xFA, 0xFA, 0x2D, 0x9D, 0xFC, 0xFB, 0x36, 0xA4, 0xFC, 0xFB, 0x3A, 0xA7, 0xFC, 0xFB,
    0x3A, 0xA7, 0xFC, 0xFB, 0x39, 0xAA, 0xFC, 0xFB, 0x38, 0xA7, 0xFC, 0xFC, 0x4B, 0xB2, 0xFA, 0xFC,
    0x4B, 0xB2, 0xFA, 0xFC, 0x37, 0x84, 0xDB, 0xFC, 0x0E, 0x3A, 0x79, 0xFC, 0x08, 0x2D, 0x5B, 0xFC,
    0x08, 0x2D, 0x5B, 0xFC, 0x0D, 0x38, 0x65, 0xFD, 0x17, 0x52, 0x9E, 0xFD, 0x37, 0x8E, 0xE8, 0xFD,
    0x3B, 0xA5, 0xF8, 0xFD, 0x3B, 0xA5, 0xF8, 0xFD, 0x2F, 0xA0, 0xFB, 0xFD, 0x33, 0xA1, 0xFB, 0xFD,
    0x3B, 0xA5, 0xFB, 0xFD, 0x3B, 0xA5, 0xFB, 0xFD, 0x5E, 0xBA, 0xFC, 0xFD, 0x92, 0xD5, 0xFD, 0xFD,
    0xA3, 0xDD, 0xFE, 0xFD, 0xA3, 0xDD, 0xFE, 0xFD, 0x93, 0xD8, 0xFF, 0xFD, 0x68, 0xC2, 0xFD, 0xFD,
    0x53, 0xB1, 0xFA, 0xFD, 0x53, 0xB1, 0xFA, 0xFD, 0x4F, 0xAA, 0xF9, 0xFD, 0x4C, 0xAB, 0xF9, 0xFD,
    0x4A, 0xAF, 0xFB, 0xFD, 0x40, 0x93, 0xE3, 0xFD, 0x40, 0x93, 0xE3, 0xFD, 0x05, 0x20, 0x47, 0xFD,
    0x03, 0x12, 0x24, 0xFD, 0x0F, 0x39, 0x5B, 0xFD, 0x0F, 0x39, 0x5B, 0xFD, 0x0D, 0x46, 0x7D, 0xFD,
    0x2C, 0x8D, 0xDF, 0xFD, 0x35, 0x9E, 0xF8, 0xFD, 0x35, 0x9E, 0xF8, 0xFD, 0x3C, 0xA1, 0xF8, 0xFD,
    0x46, 0xAB, 0xFB, 0xFD, 0x43, 0xA6, 0xFA, 0xFD, 0x43, 0xA6, 0xFA, 0xFD, 0x43, 0xAB, 0xFC, 0xFD,
    0x40, 0xA9, 0xFC, 0xFD, 0x43, 0xAB, 0xFD, 0xFD, 0x42, 0xA9, 0xFD, 0xFD, 0x42, 0xA9, 0xFD, 0xFD,
    0x41, 0xAC, 0xFE, 0xFD, 0x41, 0xAC, 0xFF, 0xFD, 0x45, 0xB0, 0xFF, 0xFD, 0x45, 0xB0, 0xFF, 0xFD,
    0x47, 0xB2, 0xFF, 0xFD, 0x45, 0xB1, 0xFF, 0xFD, 0x3B, 0xA4, 0xFD, 0xFD, 0x3B, 0xA4, 0xFD, 0xFD,
    0x31, 0x9C, 0xFC, 0xFC, 0x27, 0x91, 0xF8, 0xFC, 0x23, 0x8F, 0xFA, 0xFC, 0x23, 0x8F, 0xFA, 0xFC,
    0x1B, 0x84, 0xF5, 0xFC, 0x0E, 0x5F, 0xCA, 0xFC, 0x02, 0x3B, 0x99, 0xFC, 0x19, 0x71, 0xD3, 0xFC,
    0x19, 0x71, 0xD3, 0xFC, 0x24, 0x94, 0xFB, 0xFC, 0x0B, 0x6D, 0xDD, 0xFC, 0x0B, 0x68, 0xDA, 0xFC,
    0x0B, 0x68, 0xDA, 0xFC, 0x26, 0x9A, 0xFC, 0xFB, 0x26, 0x9A, 0xFB, 0xFB, 0x26, 0x97, 0xF9, 0xFB,
    0x26, 0x97, 0xF9, 0xFB, 0x27, 0x97, 0xFA, 0xFB, 0x24, 0x94, 0xFA, 0xFA, 0x1E, 0x8D, 0xF5, 0xF9,
    0x1E, 0x8D, 0xF5, 0xF9, 0x25, 0x8D, 0xF0, 0xF2, 0x03, 0x31, 0x7A, 0xF3, 0x0A, 0x28, 0x5E, 0x9C,
    0x40, 0x80, 0xC5, 0x13, 0x40, 0x80, 0xC5, 0x13, 0x34, 0x78, 0xBB, 0x0C, 0x38, 0x7B, 0xBE, 0x03,
    0x3A, 0x7A, 0xBE, 0x02, 0x3A, 0x7A, 0xBE, 0x02, 0x3A, 0x79, 0xBC, 0x01, 0x00, 0x00, 0x00, 0x00,
    0x00, 0x00, 0x00, 0x00, 0x00, 0x00, 0x00, 0x00, 0x00, 0x00, 0x00, 0x00, 0x00, 0x00, 0x00, 0x00,
    0x00, 0x00, 0x00, 0x00, 0x00, 0x00, 0x00, 0x00, 0x00, 0x00, 0x00, 0x00, 0x00, 0x00, 0x00, 0x00,
    0x00, 0x00, 0x00, 0x00, 0x00, 0x00, 0x00, 0x00, 0x00, 0x00, 0x00, 0x00, 0x00, 0x00, 0x00, 0x00,
    0x00, 0x00, 0x00, 0x00, 0x00, 0x00, 0x00, 0x00, 0x00, 0x00, 0x00, 0x00, 0x00, 0x00, 0x00, 0x00,
    0x00, 0x00, 0x00, 0x00, 0x00, 0x00, 0x00, 0x00, 0x00, 0x00, 0x00, 0x00, 0x00, 0x00, 0x00, 0x00,
    0x00, 0x00, 0x00, 0x00, 0x00, 0x00, 0x00, 0x00, 0x00, 0x00, 0x00, 0x00, 0x00, 0x00, 0x00, 0x00,
    0x00, 0x00, 0x00, 0x00, 0x47, 0x83, 0xC2, 0x01, 0x45, 0x83, 0xC2, 0x02, 0x45, 0x83, 0xC2, 0x02,
    0x44, 0x86, 0xC7, 0x07, 0x44, 0x80, 0xBD, 0x06, 0x05, 0x20, 0x50, 0xAC, 0x05, 0x20, 0x50, 0xAC,
    0x0D, 0x49, 0xA1, 0xF8, 0x1E, 0x82, 0xF3, 0xF5, 0x11, 0x70, 0xE8, 0xFA, 0x1E, 0x89, 0xF6, 0xFA,
    0x1E, 0x89, 0xF6, 0xFA, 0x2A, 0x96, 0xFA, 0xFB, 0x35, 0xA2, 0xFB, 0xFB, 0x36, 0xA1, 0xFB, 0xFB,
    0x36, 0xA1, 0xFB, 0xFB, 0x33, 0xA2, 0xFD, 0xFB, 0x40, 0xA9, 0xFC, 0xFC, 0x38, 0x7F, 0xCB, 0xFC,
    0x38, 0x7F, 0xCB, 0xFC, 0x08, 0x1D, 0x3B, 0xFC, 0x39, 0x4D, 0x54, 0xFC, 0xA5, 0xB1, 0xB9, 0xFC,
    0xA5, 0xB1, 0xB9, 0xFC, 0x51, 0x5B, 0x65, 0xFC, 0x00, 0x00, 0x00, 0xFD, 0x00, 0x10, 0x24, 0xFD,
    0x30, 0x7A, 0xC8, 0xFD, 0x30, 0x7A, 0xC8, 0xFD, 0x38, 0xA0, 0xF8, 0xFD, 0x2F, 0x9A, 0xF9, 0xFD,
    0x42, 0xA9, 0xFA, 0xFD, 0x42, 0xA9, 0xFA, 0xFD, 0x66, 0xBD, 0xFB, 0xFD, 0x91, 0xCF, 0xFC, 0xFD,
    0xAC, 0xDD, 0xFD, 0xFD, 0xAC, 0xDD, 0xFD, 0xFD, 0xA9, 0xDF, 0xFF, 0xFD, 0x88, 0xD0, 0xFC, 0xFD,
    0x5F, 0xB9, 0xF8, 0xFD, 0x5F, 0xB9, 0xF8, 0xFD, 0x54, 0xAC, 0xF5, 0xFD, 0x4D, 0xA8, 0xF6, 0xFD,
    0x4A, 0xAB, 0xF7, 0xFD, 0x32, 0x77, 0xC0, 0xFD, 0x32, 0x77, 0xC0, 0xFD, 0x01, 0x0A, 0x18, 0xFD,
    0x03, 0x06, 0x06, 0xFD, 0x01, 0x05, 0x0A, 0xFD, 0x01, 0x05, 0x0A, 0xFD, 0x00, 0x11, 0x2C, 0xFD,
    0x2B, 0x7F, 0xCF, 0xFD, 0x3B, 0x9E, 0xF8, 0xFD, 0x3B, 0x9E, 0xF8, 0xFD, 0x39, 0x96, 0xF2, 0xFD,
    0x43, 0xA5, 0xF8, 0xFD, 0x40, 0xA2, 0xF8, 0xFD, 0x40, 0xA2, 0xF8, 0xFD, 0x41, 0xA5, 0xFA, 0xFD,
    0x40, 0xAA, 0xFC, 0xFD, 0x44, 0xB2, 0xFE, 0xFD, 0x43, 0xAD, 0xFE, 0xFD, 0x43, 0xAD, 0xFE, 0xFD,
    0x45, 0xAE, 0xFE, 0xFD, 0x47, 0xAE, 0xFE, 0xFD, 0x4D, 0xB5, 0xFF, 0xFD, 0x4D, 0xB5, 0xFF, 0xFD,
    0x48, 0xB1, 0xFF, 0xFD, 0x3E, 0xAA, 0xFE, 0xFD, 0x32, 0x9B, 0xFB, 0xFD, 0x32, 0x9B, 0xFB, 0xFD,
    0x2A, 0x92, 0xF9, 0xFC, 0x24, 0x8A, 0xF5, 0xFC, 0x23, 0x8E, 0xF9, 0xFC, 0x23, 0x8E, 0xF9, 0xFC,
    0x1C, 0x7E, 0xED, 0xFC, 0x03, 0x3A, 0x9F, 0xFC, 0x00, 0x33, 0x96, 0xFC, 0x24, 0x91, 0xFB, 0xFC,
    0x24, 0x91, 0xFB, 0xFC, 0x1C, 0x8E, 0xFD, 0xFC, 0x11, 0x73, 0xE3, 0xFC, 0x07, 0x5D, 0xCF, 0xFC,
    0x07, 0x5D, 0xCF, 0xFC, 0x22, 0x8F, 0xF9, 0xFC, 0x2C, 0x9D, 0xFC, 0xFC, 0x28, 0x95, 0xF8, 0xFB,
    0x28, 0x95, 0xF8, 0xFB, 0x2B, 0x9C, 0xFA, 0xFB, 0x25, 0x95, 0xFA, 0xFB, 0x1F, 0x8D, 0xF6, 0xF9,
    0x1F, 0x8D, 0xF6, 0xF9, 0x1D, 0x81, 0xE7, 0xF6, 0x04, 0x3A, 0x90, 0xF8, 0x07, 0x2A, 0x66, 0xA8,
    0x3F, 0x7D, 0xC0, 0x36, 0x3F, 0x7D, 0xC0, 0x36, 0x32, 0x77, 0xBC, 0x1F, 0x35, 0x7A, 0xBD, 0x03,
    0x39, 0x7A, 0xBD, 0x03, 0x39, 0x7A, 0xBD, 0x03, 0x3A, 0x79, 0xBB, 0x01, 0x00, 0x00, 0x00, 0x00,
    0x00, 0x00, 0x00, 0x00, 0x00, 0x00, 0x00, 0x00, 0x00, 0x00, 0x00, 0x00, 0x00, 0x00, 0x00, 0x00,
    0x00, 0x00, 0x00, 0x00, 0x00, 0x00, 0x00, 0x00, 0x00, 0x00, 0x00, 0x00, 0x00, 0x00, 0x00, 0x00,
    0x00, 0x00, 0x00, 0x00, 0x00, 0x00, 0x00, 0x00, 0x00, 0x00, 0x00, 0x00, 0x00, 0x00, 0x00, 0x00,
    0x00, 0x00, 0x00, 0x00, 0x00, 0x00, 0x00, 0x00, 0x00, 0x00, 0x00, 0x00, 0x00, 0x00, 0x00, 0x00,
    0x00, 0x00, 0x00, 0x00, 0x00, 0x00, 0x00, 0x00, 0x00, 0x00, 0x00, 0x00, 0x00, 0x00, 0x00, 0x00,
    0x00, 0x00, 0x00, 0x00, 0x00, 0x00, 0x00, 0x00, 0x00, 0x00, 0x00, 0x00, 0x00, 0x00, 0x00, 0x00,
    0x00, 0x00, 0x00, 0x00, 0x49, 0x83, 0xC1, 0x01, 0x48, 0x85, 0xC3, 0x02, 0x48, 0x85, 0xC3, 0x02,
    0x43, 0x85, 0xC6, 0x04, 0x46, 0x84, 0xBE, 0x11, 0x0A, 0x2C, 0x5E, 0xB4, 0x0A, 0x2C, 0x5E, 0xB4,
    0x13, 0x51, 0xAA, 0xF8, 0x22, 0x86, 0xF4, 0xF5, 0x14, 0x74, 0xEA, 0xF9, 0x21, 0x8A, 0xF6, 0xFA,
    0x21, 0x8A, 0xF6, 0xFA, 0x2B, 0x95, 0xF9, 0xFA, 0x35, 0x9E, 0xF9, 0xFB, 0x36, 0x9F, 0xF9, 0xFB,
    0x36, 0x9F, 0xF9, 0xFB, 0x39, 0xA4, 0xFA, 0xFB, 0x3E, 0x91, 0xEB, 0xFC, 0x15, 0x35, 0x4D, 0xFC,
    0x15, 0x35, 0x4D, 0xFC, 0x0B, 0x0B, 0x04, 0xFC, 0xAC, 0xAD, 0xA0, 0xFC, 0xF8, 0xF8, 0xF7, 0xFC,
    0xF8, 0xF8, 0xF7, 0xFC, 0x85, 0x8B, 0x8B, 0xFC, 0x00, 0x00, 0x00, 0xFD, 0x00, 0x00, 0x00, 0xFD,
    0x09, 0x20, 0x38, 0xFD, 0x09, 0x20, 0x38, 0xFD, 0x3D, 0x8C, 0xE2, 0xFD, 0x3B, 0xA0, 0xF8, 0xFD,
    0x4D, 0xB0, 0xF8, 0xFD, 0x4D, 0xB0, 0xF8, 0xFD, 0x74, 0xC4, 0xF8, 0xFD, 0x9F, 0xD7, 0xFA, 0xFD,
    0xC0, 0xE7, 0xFB, 0xFD, 0xC0, 0xE7, 0xFB, 0xFD, 0xD3, 0xF3, 0xFD, 0xFD, 0xCA, 0xEB, 0xFC, 0xFD,
    0xA1, 0xD9, 0xF9, 0xFD, 0xA1, 0xD9, 0xF9, 0xFD, 0x6D, 0xBA, 0xF6, 0xFD, 0x55, 0xAF, 0xF6, 0xFD,
    0x51, 0xB6, 0xF7, 0xFD, 0x33, 0x7C, 0xBE, 0xFD, 0x33, 0x7C, 0xBE, 0xFD, 0x01, 0x0B, 0x15, 0xFD,
    0x09, 0x0C, 0x0C, 0xFD, 0x02, 0x08, 0x0B, 0xFD, 0x02, 0x08, 0x0B, 0xFD, 0x06, 0x28, 0x43, 0xFD,
    0x37, 0x95, 0xE8, 0xFD, 0x40, 0xAE, 0xFC, 0xFD, 0x40, 0xAE, 0xFC, 0xFD, 0x3B, 0xA1, 0xFA, 0xFD,
    0x3E, 0xA4, 0xFA, 0xFD, 0x3D, 0xA4, 0xFA, 0xFD, 0x3D, 0xA4, 0xFA, 0xFD, 0x3F, 0xA9, 0xFB, 0xFD,
    0x3A, 0xA5, 0xFC, 0xFD, 0x3E, 0xAA, 0xFE, 0xFD, 0x44, 0xAB, 0xFE, 0xFD, 0x44, 0xAB, 0xFE, 0xFD,
    0x4B, 0xB7, 0xFF, 0xFD, 0x47, 0xB1, 0xFE, 0xFD, 0x43, 0xAC, 0xFF, 0xFD, 0x43, 0xAC, 0xFF, 0xFD,
    0x3C, 0xA4, 0xFE, 0xFD, 0x32, 0x9A, 0xFB, 0xFD, 0x2B, 0x92, 0xF8, 0xFC, 0x2B, 0x92, 0xF8, 0xFC,
    0x2D, 0x9B, 0xFC, 0xFC, 0x26, 0x90, 0xF8, 0xFC, 0x20, 0x89, 0xF6, 0xFC, 0x20, 0x89, 0xF6, 0xFC,
    0x17, 0x73, 0xE1, 0xFC, 0x02, 0x36, 0x94, 0xFC, 0x08, 0x4F, 0xB0, 0xFC, 0x28, 0x96, 0xFE, 0xFC,
    0x28, 0x96, 0xFE, 0xFC, 0x21, 0x93, 0xFD, 0xFC, 0x20, 0x8C, 0xF6, 0xFC, 0x0D, 0x6A, 0xD6, 0xFC,
    0x0D, 0x6A, 0xD6, 0xFC, 0x21, 0x88, 0xF1, 0xFC, 0x2F, 0xA0, 0xFE, 0xFC, 0x2C, 0x9C, 0xFB, 0xFB,
    0x2C, 0x9C, 0xFB, 0xFB, 0x30, 0x9D, 0xFB, 0xFB, 0x2B, 0x99, 0xFB, 0xFA, 0x21, 0x8C, 0xF7, 0xFA,
    0x21, 0x8C, 0xF7, 0xFA, 0x16, 0x7C, 0xE7, 0xF6, 0x12, 0x66, 0xCB, 0xF4, 0x13, 0x4F, 0x9C, 0xDD,
    0x28, 0x60, 0xA1, 0x8B, 0x28, 0x60, 0xA1, 0x8B, 0x31, 0x71, 0xB5, 0x2B, 0x36, 0x7B, 0xBF, 0x08,
    0x39, 0x7A, 0xBC, 0x02, 0x39, 0x7A, 0xBC, 0x02, 0x3A, 0x79, 0xBA, 0x02, 0x00, 0x00, 0x00, 0x00,
    0x00, 0x00, 0x00, 0x00, 0x00, 0x00, 0x00, 0x00, 0x00, 0x00, 0x00, 0x00, 0x00, 0x00, 0x00, 0x00,
    0x00, 0x00, 0x00, 0x00, 0x00, 0x00, 0x00, 0x00, 0x00, 0x00, 0x00, 0x00, 0x00, 0x00, 0x00, 0x00,
    0x00, 0x00, 0x00, 0x00, 0x00, 0x00, 0x00, 0x00, 0x00, 0x00, 0x00, 0x00, 0x00, 0x00, 0x00, 0x00,
    0x00, 0x00, 0x00, 0x00, 0x00, 0x00, 0x00, 0x00, 0x00, 0x00, 0x00, 0x00, 0x00, 0x00, 0x00, 0x00,
    0x00, 0x00, 0x00, 0x00, 0x00, 0x00, 0x00, 0x00, 0x00, 0x00, 0x00, 0x00, 0x00, 0x00, 0x00, 0x00,
    0x00, 0x00, 0x00, 0x00, 0x00, 0x00, 0x00, 0x00, 0x00, 0x00, 0x00, 0x00, 0x00, 0x00, 0x00, 0x00,
    0x00, 0x00, 0x00, 0x00, 0x4B, 0x84, 0xC0, 0x01, 0x49, 0x85, 0xC1, 0x04, 0x49, 0x85, 0xC1, 0x04,
    0x00, 0x00, 0x00, 0x00, 0x3B, 0x71, 0xA7, 0x40, 0x0D, 0x3A, 0x74, 0xDF, 0x0D, 0x3A, 0x74, 0xDF,
    0x34, 0x8C, 0xE6, 0xF6, 0x2C, 0x9A, 0xFC, 0xF6, 0x16, 0x7A, 0xED, 0xF9, 0x1D, 0x85, 0xF3, 0xFA,
    0x1D, 0x85, 0xF3, 0xFA, 0x2B, 0x94, 0xF7, 0xFA, 0x33, 0x98, 0xF6, 0xFB, 0x35, 0x99, 0xF6, 0xFB,
    0x35, 0x99, 0xF6, 0xFB, 0x40, 0xA2, 0xF7, 0xFB, 0x32, 0x75, 0xBF, 0xFC, 0x06, 0x14, 0x1A, 0xFC,
    0x06, 0x14, 0x1A, 0xFC, 0x06, 0x05, 0x00, 0xFC, 0x26, 0x28, 0x25, 0xFC, 0x4A, 0x51, 0x4C, 0xFC,
    0x4A, 0x51, 0x4C, 0xFC, 0x0D, 0x11, 0x12, 0xFC, 0x00, 0x00, 0x00, 0xFC, 0x01, 0x03, 0x00, 0xFD,
    0x00, 0x02, 0x02, 0xFD, 0x00, 0x02, 0x02, 0xFD, 0x28, 0x53, 0x91, 0xFD, 0x54, 0xA3, 0xF5, 0xFD,
    0x68, 0xB3, 0xF4, 0xFD, 0x68, 0xB3, 0xF4, 0xFD, 0x98, 0xCD, 0xF5, 0xFD, 0xC6, 0xE5, 0xF8, 0xFD,
    0xD5, 0xE1, 0xF4, 0xFD, 0xD5, 0xE1, 0xF4, 0xFD, 0xE5, 0xEE, 0xF7, 0xFD, 0xEF, 0xF5, 0xF9, 0xFD,
    0xEE, 0xF7, 0xFB, 0xFD, 0xEE, 0xF7, 0xFB, 0xFD, 0xAF, 0xD6, 0xF4, 0xFD, 0x73, 0xB4, 0xEF, 0xFD,
    0x6D, 0xBD, 0xF6, 0xFD, 0x47, 0x84, 0xBF, 0xFD, 0x47, 0x84, 0xBF, 0xFD, 0x00, 0x02, 0x0E, 0xFD,
    0x00, 0x00, 0x00, 0xFD, 0x00, 0x00, 0x02, 0xFD, 0x00, 0x00, 0x02, 0xFD, 0x07, 0x37, 0x68, 0xFD,
    0x38, 0x9B, 0xF4, 0xFD, 0x35, 0x9F, 0xFB, 0xFD, 0x35, 0x9F, 0xFB, 0xFD, 0x3B, 0xA1, 0xFC, 0xFD,
    0x3B, 0xA0, 0xFC, 0xFD, 0x36, 0x9B, 0xFA, 0xFD, 0x36, 0x9B, 0xFA, 0xFD, 0x3A, 0xA1, 0xFB, 0xFD,
    0x44, 0xA8, 0xFB, 0xFD, 0x50, 0xAF, 0xFD, 0xFD, 0x53, 0xAF, 0xFE, 0xFD, 0x53, 0xAF, 0xFE, 0xFD,
    0x49, 0xAE, 0xFE, 0xFD, 0x40, 0xAB, 0xFE, 0xFD, 0x39, 0xA5, 0xFE, 0xFD, 0x39, 0xA5, 0xFE, 0xFD,
    0x34, 0x9D, 0xFE, 0xFD, 0x33, 0x9D, 0xFE, 0xFD, 0x31, 0x98, 0xFC, 0xFC, 0x31, 0x98, 0xFC, 0xFC,
    0x29, 0x92, 0xFA, 0xFC, 0x21, 0x8C, 0xF7, 0xFC, 0x22, 0x8F, 0xFB, 0xFC, 0x22, 0x8F, 0xFB, 0xFC,
    0x11, 0x65, 0xD4, 0xFC, 0x00, 0x26, 0x89, 0xFC, 0x19, 0x6E, 0xD5, 0xFC, 0x28, 0x92, 0xFB, 0xFC,
    0x28, 0x92, 0xFB, 0xFC, 0x22, 0x8A, 0xF3, 0xFC, 0x26, 0x91, 0xF7, 0xFC, 0x0A, 0x5A, 0xBF, 0xFC,
    0x0A, 0x5A, 0xBF, 0xFC, 0x0E, 0x5E, 0xC0, 0xFC, 0x35, 0x9F, 0xFF, 0xFC, 0x32, 0xA2, 0xFE, 0xFB,
    0x32, 0xA2, 0xFE, 0xFB, 0x31, 0x9A, 0xFC, 0xFB, 0x2C, 0x98, 0xFC, 0xFB, 0x20, 0x8A, 0xF8, 0xFA,
    0x20, 0x8A, 0xF8, 0xFA, 0x17, 0x85, 0xF4, 0xF9, 0x1A, 0x85, 0xF3, 0xF4, 0x13, 0x5D, 0xB9, 0xF3,
    0x02, 0x1A, 0x53, 0xC0, 0x02, 0x1A, 0x53, 0xC0, 0x25, 0x5B, 0x9D, 0x46, 0x39, 0x7E, 0xC4, 0x0F,
    0x37, 0x79, 0xBB, 0x02, 0x37, 0x79, 0xBB, 0x02, 0x3B, 0x79, 0xBA, 0x02, 0x00, 0x00, 0x00, 0x00,
    0x00, 0x00, 0x00, 0x00, 0x00, 0x00, 0x00, 0x00, 0x00, 0x00, 0x00, 0x00, 0x00, 0x00, 0x00, 0x00,
    0x00, 0x00, 0x00, 0x00, 0x00, 0x00, 0x00, 0x00, 0x00, 0x00, 0x00, 0x00, 0x00, 0x00, 0x00, 0x00,
    0x00, 0x00, 0x00, 0x00, 0x00, 0x00, 0x00, 0x00, 0x00, 0x00, 0x00, 0x00, 0x00, 0x00, 0x00, 0x00,
    0x00, 0x00, 0x00, 0x00, 0x00, 0x00, 0x00, 0x00, 0x00, 0x00, 0x00, 0x00, 0x00, 0x00, 0x00, 0x00,
    0x00, 0x00, 0x00, 0x00, 0x00, 0x00, 0x00, 0x00, 0x00, 0x00, 0x00, 0x00, 0x00, 0x00, 0x00, 0x00,
    0x00, 0x00, 0x00, 0x00, 0x00, 0x00, 0x00, 0x00, 0x00, 0x00, 0x00, 0x00, 0x00, 0x00, 0x00, 0x00,
    0x00, 0x00, 0x00, 0x00, 0x4B, 0x84, 0xC0, 0x01, 0x49, 0x85, 0xC1, 0x04, 0x49, 0x85, 0xC1, 0x04,
    0x00, 0x00, 0x00, 0x00, 0x3B, 0x71, 0xA7, 0x40, 0x0D, 0x3A, 0x74, 0xDF, 0x0D, 0x3A, 0x74, 0xDF,
    0x34, 0x8C, 0xE6, 0xF6, 0x2C, 0x9A, 0xFC, 0xF6, 0x16, 0x7A, 0xED, 0xF9, 0x1D, 0x85, 0xF3, 0xFA,
    0x1D, 0x85, 0xF3, 0xFA, 0x2B, 0x94, 0xF7, 0xFA, 0x33, 0x98, 0xF6, 0xFB, 0x35, 0x99, 0xF6, 0xFB,
    0x35, 0x99, 0xF6, 0xFB, 0x40, 0xA2, 0xF7, 0xFB, 0x32, 0x75, 0xBF, 0xFC, 0x06, 0x14, 0x1A, 0xFC,
    0x06, 0x14, 0x1A, 0xFC, 0x06, 0x05, 0x00, 0xFC, 0x26, 0x28, 0x25, 0xFC, 0x4A, 0x51, 0x4C, 0xFC,
    0x4A, 0x51, 0x4C, 0xFC, 0x0D, 0x11, 0x12, 0xFC, 0x00, 0x00, 0x00, 0xFC, 0x01, 0x03, 0x00, 0xFD,
    0x00, 0x02, 0x02, 0xFD, 0x00, 0x02, 0x02, 0xFD, 0x28, 0x53, 0x91, 0xFD, 0x54, 0xA3, 0xF5, 0xFD,
    0x68, 0xB3, 0xF4, 0xFD, 0x68, 0xB3, 0xF4, 0xFD, 0x98, 0xCD, 0xF5, 0xFD, 0xC6, 0xE5, 0xF8, 0xFD,
    0xD5, 0xE1, 0xF4, 0xFD, 0xD5, 0xE1, 0xF4, 0xFD, 0xE5, 0xEE, 0xF7, 0xFD, 0xEF, 0xF5, 0xF9, 0xFD,
    0xEE, 0xF7, 0xFB, 0xFD, 0xEE, 0xF7, 0xFB, 0xFD, 0xAF, 0xD6, 0xF4, 0xFD, 0x73, 0xB4, 0xEF, 0xFD,
    0x6D, 0xBD, 0xF6, 0xFD, 0x47, 0x84, 0xBF, 0xFD, 0x47, 0x84, 0xBF, 0xFD, 0x00, 0x02, 0x0E, 0xFD,
    0x00, 0x00, 0x00, 0xFD, 0x00, 0x00, 0x02, 0xFD, 0x00, 0x00, 0x02, 0xFD, 0x07, 0x37, 0x68, 0xFD,
    0x38, 0x9B, 0xF4, 0xFD, 0x35, 0x9F, 0xFB, 0xFD, 0x35, 0x9F, 0xFB, 0xFD, 0x3B, 0xA1, 0xFC, 0xFD,
    0x3B, 0xA0, 0xFC, 0xFD, 0x36, 0x9B, 0xFA, 0xFD, 0x36, 0x9B, 0xFA, 0xFD, 0x3A, 0xA1, 0xFB, 0xFD,
    0x44, 0xA8, 0xFB, 0xFD, 0x50, 0xAF, 0xFD, 0xFD, 0x53, 0xAF, 0xFE, 0xFD, 0x53, 0xAF, 0xFE, 0xFD,
    0x49, 0xAE, 0xFE, 0xFD, 0x40, 0xAB, 0xFE, 0xFD, 0x39, 0xA5, 0xFE, 0xFD, 0x39, 0xA5, 0xFE, 0xFD,
    0x34, 0x9D, 0xFE, 0xFD, 0x33, 0x9D, 0xFE, 0xFD, 0x31, 0x98, 0xFC, 0xFC, 0x31, 0x98, 0xFC, 0xFC,
    0x29, 0x92, 0xFA, 0xFC, 0x21, 0x8C, 0xF7, 0xFC, 0x22, 0x8F, 0xFB, 0xFC, 0x22, 0x8F, 0xFB, 0xFC,
    0x11, 0x65, 0xD4, 0xFC, 0x00, 0x26, 0x89, 0xFC, 0x19, 0x6E, 0xD5, 0xFC, 0x28, 0x92, 0xFB, 0xFC,
    0x28, 0x92, 0xFB, 0xFC, 0x22, 0x8A, 0xF3, 0xFC, 0x26, 0x91, 0xF7, 0xFC, 0x0A, 0x5A, 0xBF, 0xFC,
    0x0A, 0x5A, 0xBF, 0xFC, 0x0E, 0x5E, 0xC0, 0xFC, 0x35, 0x9F, 0xFF, 0xFC, 0x32, 0xA2, 0xFE, 0xFB,
    0x32, 0xA2, 0xFE, 0xFB, 0x31, 0x9A, 0xFC, 0xFB, 0x2C, 0x98, 0xFC, 0xFB, 0x20, 0x8A, 0xF8, 0xFA,
    0x20, 0x8A, 0xF8, 0xFA, 0x17, 0x85, 0xF4, 0xF9, 0x1A, 0x85, 0xF3, 0xF4, 0x13, 0x5D, 0xB9, 0xF3,
    0x02, 0x1A, 0x53, 0xC0, 0x02, 0x1A, 0x53, 0xC0, 0x25, 0x5B, 0x9D, 0x46, 0x39, 0x7E, 0xC4, 0x0F,
    0x37, 0x79, 0xBB, 0x02, 0x37, 0x79, 0xBB, 0x02, 0x3B, 0x79, 0xBA, 0x02, 0x00, 0x00, 0x00, 0x00,
    0x00, 0x00, 0x00, 0x00, 0x00, 0x00, 0x00, 0x00, 0x00, 0x00, 0x00, 0x00, 0x00, 0x00, 0x00, 0x00,
    0x00, 0x00, 0x00, 0x00, 0x00, 0x00, 0x00, 0x00, 0x00, 0x00, 0x00, 0x00, 0x00, 0x00, 0x00, 0x00,
    0x00, 0x00, 0x00, 0x00, 0x00, 0x00, 0x00, 0x00, 0x00, 0x00, 0x00, 0x00, 0x00, 0x00, 0x00, 0x00,
    0x00, 0x00, 0x00, 0x00, 0x00, 0x00, 0x00, 0x00, 0x00, 0x00, 0x00, 0x00, 0x00, 0x00, 0x00, 0x00,
    0x00, 0x00, 0x00, 0x00, 0x00, 0x00, 0x00, 0x00, 0x00, 0x00, 0x00, 0x00, 0x00, 0x00, 0x00, 0x00,
    0x00, 0x00, 0x00, 0x00, 0x00, 0x00, 0x00, 0x00, 0x00, 0x00, 0x00, 0x00, 0x00, 0x00, 0x00, 0x00,
    0x00, 0x00, 0x00, 0x00, 0x4C, 0x85, 0xBF, 0x01, 0x4A, 0x85, 0xBF, 0x04, 0x4A, 0x85, 0xBF, 0x04,
    0x00, 0x00, 0x00, 0x00, 0x17, 0x3D, 0x72, 0x4F, 0x05, 0x27, 0x66, 0xD8, 0x05, 0x27, 0x66, 0xD8,
    0x35, 0x93, 0xF2, 0xF0, 0x25, 0x96, 0xFD, 0xF7, 0x16, 0x7E, 0xF2, 0xF9, 0x1B, 0x87, 0xF3, 0xF9,
    0x1B, 0x87, 0xF3, 0xF9, 0x27, 0x93, 0xF8, 0xFB, 0x2E, 0x96, 0xF8, 0xFA, 0x33, 0x9C, 0xF7, 0xFB,
    0x33, 0x9C, 0xF7, 0xFB, 0x46, 0xAA, 0xF7, 0xFB, 0x30, 0x70, 0xBC, 0xFB, 0x00, 0x06, 0x0E, 0xFC,
    0x00, 0x06, 0x0E, 0xFC, 0x09, 0x0B, 0x0B, 0xFC, 0x00, 0x00, 0x01, 0xFC, 0x00, 0x00, 0x00, 0xFC,
    0x00, 0x00, 0x00, 0xFC, 0x00, 0x00, 0x03, 0xFC, 0x02, 0x03, 0x06, 0xFC, 0x05, 0x09, 0x08, 0xFC,
    0x01, 0x03, 0x04, 0xFD, 0x01, 0x03, 0x04, 0xFD, 0x1A, 0x35, 0x55, 0xFD, 0x7F, 0xB9, 0xF0, 0xFD,
    0xB4, 0xD9, 0xF5, 0xFD, 0xB4, 0xD9, 0xF5, 0xFD, 0xD5, 0xE5, 0xF6, 0xFD, 0xEC, 0xF5, 0xFA, 0xFD,
    0xF0, 0xF5, 0xFA, 0xFD, 0xF0, 0xF5, 0xFA, 0xFD, 0xF7, 0xFB, 0xFC, 0xFD, 0xF6, 0xF7, 0xFA, 0xFD,
    0xF8, 0xF9, 0xFB, 0xFD, 0xF8, 0xF9, 0xFB, 0xFD, 0xE4, 0xEC, 0xF8, 0xFD, 0xBC, 0xD8, 0xF1, 0xFD,
    0xAD, 0xDB, 0xF8, 0xFD, 0x99, 0xCD, 0xF0, 0xFD, 0x99, 0xCD, 0xF0, 0xFD, 0x4F, 0x7D, 0x9E, 0xFD,
    0x29, 0x46, 0x64, 0xFD, 0x1E, 0x46, 0x6F, 0xFD, 0x1E, 0x46, 0x6F, 0xFD, 0x37, 0x83, 0xC7, 0xFD,
    0x49, 0xB0, 0xFA, 0xFD, 0x4A, 0xAF, 0xFD, 0xFD, 0x4A, 0xAF, 0xFD, 0xFD, 0x4F, 0xA9, 0xFC, 0xFD,
    0x59, 0xB2, 0xFD, 0xFD, 0x63, 0xB8, 0xFD, 0xFD, 0x63, 0xB8, 0xFD, 0xFD, 0x6D, 0xBC, 0xFD, 0xFD,
    0x81, 0xC8, 0xFD, 0xFD, 0x8D, 0xD5, 0xFE, 0xFD, 0x75, 0xC9, 0xFE, 0xFD, 0x75, 0xC9, 0xFE, 0xFD,
    0x54, 0xB5, 0xFE, 0xFD, 0x3D, 0xA5, 0xFD, 0xFD, 0x39, 0xA4, 0xFE, 0xFD, 0x39, 0xA4, 0xFE, 0xFD,
    0x3A, 0xA4, 0xFD, 0xFD, 0x3B, 0xA7, 0xFD, 0xFD, 0x32, 0x9D, 0xFE, 0xFC, 0x32, 0x9D, 0xFE, 0xFC,
    0x26, 0x92, 0xFD, 0xFC, 0x1B, 0x8D, 0xFB, 0xFC, 0x1F, 0x90, 0xFC, 0xFC, 0x1F, 0x90, 0xFC, 0xFC,
    0x0E, 0x64, 0xC8, 0xFC, 0x01, 0x3D, 0xA3, 0xFC, 0x23, 0x8A, 0xF5, 0xFC, 0x2B, 0x9D, 0xFF, 0xFC,
    0x2B, 0x9D, 0xFF, 0xFC, 0x24, 0x8D, 0xF6, 0xFC, 0x2C, 0x98, 0xFA, 0xFC, 0x07, 0x4D, 0xAA, 0xFC,
    0x07, 0x4D, 0xAA, 0xFC, 0x05, 0x41, 0x9D, 0xFC, 0x3B, 0xA2, 0xFF, 0xFC, 0x36, 0xA5, 0xFF, 0xFB,
    0x36, 0xA5, 0xFF, 0xFB, 0x34, 0x9F, 0xFC, 0xFC, 0x2F, 0x9E, 0xFC, 0xFA, 0x25, 0x93, 0xFC, 0xFA,
    0x25, 0x93, 0xFC, 0xFA, 0x1A, 0x8A, 0xF8, 0xF9, 0x17, 0x87, 0xF6, 0xF4, 0x10, 0x61, 0xC3, 0xF0,
    0x00, 0x11, 0x44, 0xCD, 0x00, 0x11, 0x44, 0xCD, 0x27, 0x5A, 0x99, 0x57, 0x37, 0x7E, 0xC2, 0x0F,
    0x36, 0x79, 0xBA, 0x02, 0x36, 0x79, 0xBA, 0x02, 0x3B, 0x7A, 0xBA, 0x02, 0x00, 0x00, 0x00, 0x00,
    0x00, 0x00, 0x00, 0x00, 0x00, 0x00, 0x00, 0x00, 0x00, 0x00, 0x00, 0x00, 0x00, 0x00, 0x00, 0x00,
    0x00, 0x00, 0x00, 0x00, 0x00, 0x00, 0x00, 0x00, 0x00, 0x00, 0x00, 0x00, 0x00, 0x00, 0x00, 0x00,
    0x00, 0x00, 0x00, 0x00, 0x00, 0x00, 0x00, 0x00, 0x00, 0x00, 0x00, 0x00, 0x00, 0x00, 0x00, 0x00,
    0x00, 0x00, 0x00, 0x00, 0x00, 0x00, 0x00, 0x00, 0x00, 0x00, 0x00, 0x00, 0x00, 0x00, 0x00, 0x00,
    0x00, 0x00, 0x00, 0x00, 0x00, 0x00, 0x00, 0x00, 0x00, 0x00, 0x00, 0x00, 0x00, 0x00, 0x00, 0x00,
    0x00, 0x00, 0x00, 0x00, 0x00, 0x00, 0x00, 0x00, 0x00, 0x00, 0x00, 0x00, 0x00, 0x00, 0x00, 0x00,
    0x00, 0x00, 0x00, 0x00, 0x4E, 0x84, 0xBE, 0x01, 0x4C, 0x85, 0xBE, 0x03, 0x4C, 0x85, 0xBE, 0x03,
    0x00, 0x00, 0x00, 0x00, 0x20, 0x4A, 0x81, 0x40, 0x0B, 0x32, 0x72, 0xD6, 0x0B, 0x32, 0x72, 0xD6,
    0x2B, 0x83, 0xE3, 0xF7, 0x1E, 0x89, 0xF8, 0xF6, 0x0F, 0x74, 0xED, 0xF9, 0x14, 0x7F, 0xF1, 0xF9,
    0x14, 0x7F, 0xF1, 0xF9, 0x23, 0x8E, 0xF9, 0xFA, 0x2C, 0x94, 0xF9, 0xFA, 0x32, 0x92, 0xF6, 0xFB,
    0x32, 0x92, 0xF6, 0xFB, 0x42, 0x9E, 0xF7, 0xFB, 0x52, 0x9C, 0xE5, 0xFB, 0x17, 0x33, 0x51, 0xFC,
    0x17, 0x33, 0x51, 0xFC, 0x00, 0x00, 0x00, 0xFC, 0x08, 0x08, 0x09, 0xFC, 0x0D, 0x11, 0x0F, 0xFC,
    0x0D, 0x11, 0x0F, 0xFC, 0x0D, 0x14, 0x13, 0xFC, 0x07, 0x07, 0x0C, 0xFC, 0x0B, 0x0E, 0x10, 0xFC,
    0x02, 0x03, 0x06, 0xFD, 0x02, 0x03, 0x06, 0xFD, 0x0D, 0x19, 0x3A, 0xFD, 0xA4, 0xC5, 0xEE, 0xFD,
    0xDA, 0xEC, 0xFA, 0xFD, 0xDA, 0xEC, 0xFA, 0xFD, 0xEF, 0xF9, 0xFD, 0xFD, 0xEB, 0xF7, 0xFD, 0xFD,
    0xBD, 0xCC, 0xE1, 0xFD, 0xBD, 0xCC, 0xE1, 0xFD, 0xC8, 0xDB, 0xEC, 0xFD, 0xD5, 0xDA, 0xEA, 0xFD,
    0xEF, 0xF3, 0xF7, 0xFD, 0xEF, 0xF3, 0xF7, 0xFD, 0xED, 0xF1, 0xF8, 0xFD, 0xDA, 0xE5, 0xF3, 0xFD,
    0xCE, 0xE1, 0xF7, 0xFD, 0xCA, 0xEC, 0xFC, 0xFD, 0xCA, 0xEC, 0xFC, 0xFD, 0xBF, 0xEA, 0xFB, 0xFD,
    0xAC, 0xDE, 0xFA, 0xFD, 0x99, 0xD2, 0xF8, 0xFD, 0x99, 0xD2, 0xF8, 0xFD, 0x89, 0xCF, 0xFB, 0xFD,
    0x75, 0xC1, 0xFC, 0xFD, 0x7F, 0xC9, 0xFE, 0xFD, 0x7F, 0xC9, 0xFE, 0xFD, 0x91, 0xD2, 0xFE, 0xFD,
    0xA0, 0xD7, 0xFE, 0xFD, 0xA7, 0xD6, 0xFE, 0xFD, 0xA7, 0xD6, 0xFE, 0xFD, 0xB0, 0xE0, 0xFE, 0xFD,
    0xA0, 0xD2, 0xFC, 0xFD, 0x96, 0xD6, 0xFD, 0xFD, 0x73, 0xC6, 0xFD, 0xFD, 0x73, 0xC6, 0xFD, 0xFD,
    0x51, 0xB3, 0xFD, 0xFD, 0x3F, 0xA7, 0xFD, 0xFD, 0x3C, 0xA6, 0xFD, 0xFD, 0x3C, 0xA6, 0xFD, 0xFD,
    0x38, 0xA0, 0xFC, 0xFD, 0x37, 0x9E, 0xFC, 0xFD, 0x2C, 0x96, 0xFD, 0xFC, 0x2C, 0x96, 0xFD, 0xFC,
    0x22, 0x95, 0xFF, 0xFC, 0x1B, 0x87, 0xF7, 0xFC, 0x13, 0x6C, 0xD3, 0xFC, 0x13, 0x6C, 0xD3, 0xFC,
    0x00, 0x34, 0x90, 0xFC, 0x0E, 0x65, 0xCB, 0xFC, 0x26, 0x92, 0xFD, 0xFC, 0x21, 0x8F, 0xFA, 0xFC,
    0x21, 0x8F, 0xFA, 0xFC, 0x26, 0x90, 0xF9, 0xFC, 0x22, 0x81, 0xE9, 0xFC, 0x05, 0x42, 0x9E, 0xFC,
    0x05, 0x42, 0x9E, 0xFC, 0x0B, 0x50, 0xAF, 0xFC, 0x43, 0xA9, 0xFF, 0xFC, 0x37, 0xA2, 0xFE, 0xFC,
    0x37, 0xA2, 0xFE, 0xFC, 0x36, 0x9E, 0xFB, 0xFB, 0x34, 0xA1, 0xFC, 0xFB, 0x26, 0x95, 0xFC, 0xFA,
    0x26, 0x95, 0xFC, 0xFA, 0x17, 0x85, 0xF7, 0xF9, 0x15, 0x83, 0xF4, 0xF5, 0x11, 0x63, 0xC9, 0xF3,
    0x00, 0x0D, 0x43, 0xD4, 0x00, 0x0D, 0x43, 0xD4, 0x22, 0x54, 0x95, 0x5D, 0x36, 0x7C, 0xC0, 0x10,
    0x37, 0x78, 0xB9, 0x02, 0x37, 0x78, 0xB9, 0x02, 0x3B, 0x79, 0xBA, 0x03, 0x00, 0x00, 0x00, 0x00,
    0x00, 0x00, 0x00, 0x00, 0x00, 0x00, 0x00, 0x00, 0x00, 0x00, 0x00, 0x00, 0x00, 0x00, 0x00, 0x00,
    0x00, 0x00, 0x00, 0x00, 0x00, 0x00, 0x00, 0x00, 0x00, 0x00, 0x00, 0x00, 0x00, 0x00, 0x00, 0x00,
    0x00, 0x00, 0x00, 0x00, 0x00, 0x00, 0x00, 0x00, 0x00, 0x00, 0x00, 0x00, 0x00, 0x00, 0x00, 0x00,
    0x00, 0x00, 0x00, 0x00, 0x00, 0x00, 0x00, 0x00, 0x00, 0x00, 0x00, 0x00, 0x00, 0x00, 0x00, 0x00,
    0x00, 0x00, 0x00, 0x00, 0x00, 0x00, 0x00, 0x00, 0x00, 0x00, 0x00, 0x00, 0x00, 0x00, 0x00, 0x00,
    0x00, 0x00, 0x00, 0x00, 0x00, 0x00, 0x00, 0x00, 0x00, 0x00, 0x00, 0x00, 0x00, 0x00, 0x00, 0x00,
    0x00, 0x00, 0x00, 0x00, 0x00, 0x00, 0x00, 0x00, 0x4F, 0x85, 0xBE, 0x02, 0x4F, 0x85, 0xBE, 0x02,
    0x4E, 0x89, 0xC2, 0x02, 0x43, 0x7E, 0xB0, 0x16, 0x22, 0x51, 0x85, 0x95, 0x22, 0x51, 0x85, 0x95,
    0x09, 0x3B, 0x8C, 0xF0, 0x10, 0x65, 0xD7, 0xF6, 0x14, 0x80, 0xF3, 0xF7, 0x18, 0x87, 0xF5, 0xF9,
    0x18, 0x87, 0xF5, 0xF9, 0x24, 0x8F, 0xF9, 0xFA, 0x30, 0x98, 0xFA, 0xFA, 0x3C, 0x99, 0xF6, 0xFB,
    0x3C, 0x99, 0xF6, 0xFB, 0x49, 0xA6, 0xFA, 0xFB, 0x5C, 0xBF, 0xF9, 0xFB, 0x5B, 0xAE, 0xE6, 0xFB,
    0x5B, 0xAE, 0xE6, 0xFB, 0x1E, 0x43, 0x63, 0xFC, 0x13, 0x20, 0x1E, 0xFC, 0x12, 0x18, 0x13, 0xFC,
    0x12, 0x18, 0x13, 0xFC, 0x11, 0x16, 0x12, 0xFC, 0x0B, 0x0A, 0x0D, 0xFC, 0x11, 0x1B, 0x18, 0xFC,
    0x04, 0x09, 0x0C, 0xFC, 0x04, 0x09, 0x0C, 0xFC, 0x3F, 0x57, 0x85, 0xFD, 0xCE, 0xE7, 0xFC, 0xFD,
    0xEB, 0xF9, 0xFF, 0xFD, 0xEB, 0xF9, 0xFF, 0xFD, 0xCE, 0xDD, 0xF0, 0xFD, 0x44, 0x52, 0x7F, 0xFD,
    0x1C, 0x2B, 0x54, 0xFD, 0x1C, 0x2B, 0x54, 0xFD, 0x3B, 0x54, 0x7D, 0xFD, 0x32, 0x3C, 0x65, 0xFD,
    0xBB, 0xC1, 0xD4, 0xFD, 0xBB, 0xC1, 0xD4, 0xFD, 0xF4, 0xF9, 0xFD, 0xFD, 0xE8, 0xF3, 0xFB, 0xFD,
    0xDB, 0xE8, 0xF5, 0xFD, 0xD7, 0xE8, 0xF7, 0xFD, 0xD7, 0xE8, 0xF7, 0xFD, 0xD3, 0xE4, 0xF6, 0xFD,
    0xD4, 0xE9, 0xFB, 0xFD, 0xCD, 0xE7, 0xFC, 0xFD, 0xCD, 0xE7, 0xFC, 0xFD, 0xC1, 0xE4, 0xFD, 0xFD,
    0xB2, 0xDB, 0xFD, 0xFD, 0xAA, 0xD6, 0xFC, 0xFD, 0xAA, 0xD6, 0xFC, 0xFD, 0xAF, 0xDA, 0xFD, 0xFD,
    0xB8, 0xE4, 0xFE, 0xFD, 0xA5, 0xD3, 0xFE, 0xFD, 0xA5, 0xD3, 0xFE, 0xFD, 0x91, 0xCD, 0xFE, 0xFD,
    0x78, 0xBE, 0xFB, 0xFD, 0x6A, 0xB9, 0xFC, 0xFD, 0x5D, 0xB3, 0xFD, 0xFD, 0x5D, 0xB3, 0xFD, 0xFD,
    0x4F, 0xB1, 0xFD, 0xFD, 0x41, 0xAC, 0xFE, 0xFD, 0x3D, 0xAD, 0xFE, 0xFD, 0x3D, 0xAD, 0xFE, 0xFD,
    0x33, 0x9E, 0xFD, 0xFD, 0x2E, 0x98, 0xFC, 0xFD, 0x26, 0x92, 0xFB, 0xFC, 0x26, 0x92, 0xFB, 0xFC,
    0x22, 0x91, 0xF9, 0xFC, 0x14, 0x68, 0xCD, 0xFC, 0x02, 0x36, 0x90, 0xFC, 0x02, 0x36, 0x90, 0xFC,
    0x04, 0x44, 0x9F, 0xFC, 0x26, 0x8D, 0xF7, 0xFC, 0x2A, 0x9E, 0xFF, 0xFC, 0x23, 0x92, 0xFC, 0xFC,
    0x23, 0x92, 0xFC, 0xFC, 0x29, 0x9C, 0xFD, 0xFC, 0x1D, 0x7C, 0xE3, 0xFC, 0x06, 0x48, 0xA7, 0xFC,
    0x06, 0x48, 0xA7, 0xFC, 0x25, 0x80, 0xDD, 0xFC, 0x47, 0xB1, 0xFF, 0xFC, 0x3B, 0xA8, 0xFD, 0xFB,
    0x3B, 0xA8, 0xFD, 0xFB, 0x3A, 0xA2, 0xFB, 0xFC, 0x33, 0x9E, 0xFC, 0xFB, 0x25, 0x94, 0xFC, 0xFA,
    0x25, 0x94, 0xFC, 0xFA, 0x18, 0x88, 0xF8, 0xF9, 0x14, 0x83, 0xF4, 0xF5, 0x12, 0x69, 0xD0, 0xF3,
    0x00, 0x10, 0x45, 0xD5, 0x00, 0x10, 0x45, 0xD5, 0x21, 0x52, 0x90, 0x5E, 0x36, 0x7C, 0xBF, 0x0F,
    0x37, 0x79, 0xB9, 0x02, 0x37, 0x79, 0xB9, 0x02, 0x3C, 0x79, 0xBA, 0x02, 0x00, 0x00, 0x00, 0x00,
    0x00, 0x00, 0x00, 0x00, 0x00, 0x00, 0x00, 0x00, 0x00, 0x00, 0x00, 0x00, 0x00, 0x00, 0x00, 0x00,
    0x00, 0x00, 0x00, 0x00, 0x00, 0x00, 0x00, 0x00, 0x00, 0x00, 0x00, 0x00, 0x00, 0x00, 0x00, 0x00,
    0x00, 0x00, 0x00, 0x00, 0x00, 0x00, 0x00, 0x00, 0x00, 0x00, 0x00, 0x00, 0x00, 0x00, 0x00, 0x00,
    0x00, 0x00, 0x00, 0x00, 0x00, 0x00, 0x00, 0x00, 0x00, 0x00, 0x00, 0x00, 0x00, 0x00, 0x00, 0x00,
    0x00, 0x00, 0x00, 0x00, 0x00, 0x00, 0x00, 0x00, 0x00, 0x00, 0x00, 0x00, 0x00, 0x00, 0x00, 0x00,
    0x00, 0x00, 0x00, 0x00, 0x00, 0x00, 0x00, 0x00, 0x00, 0x00, 0x00, 0x00, 0x00, 0x00, 0x00, 0x00,
    0x00, 0x00, 0x00, 0x00, 0x00, 0x00, 0x00, 0x00, 0x4F, 0x85, 0xBE, 0x02, 0x4F, 0x85, 0xBE, 0x02,
    0x4E, 0x89, 0xC2, 0x02, 0x43, 0x7E, 0xB0, 0x16, 0x22, 0x51, 0x85, 0x95, 0x22, 0x51, 0x85, 0x95,
    0x09, 0x3B, 0x8C, 0xF0, 0x10, 0x65, 0xD7, 0xF6, 0x14, 0x80, 0xF3, 0xF7, 0x18, 0x87, 0xF5, 0xF9,
    0x18, 0x87, 0xF5, 0xF9, 0x24, 0x8F, 0xF9, 0xFA, 0x30, 0x98, 0xFA, 0xFA, 0x3C, 0x99, 0xF6, 0xFB,
    0x3C, 0x99, 0xF6, 0xFB, 0x49, 0xA6, 0xFA, 0xFB, 0x5C, 0xBF, 0xF9, 0xFB, 0x5B, 0xAE, 0xE6, 0xFB,
    0x5B, 0xAE, 0xE6, 0xFB, 0x1E, 0x43, 0x63, 0xFC, 0x13, 0x20, 0x1E, 0xFC, 0x12, 0x18, 0x13, 0xFC,
    0x12, 0x18, 0x13, 0xFC, 0x11, 0x16, 0x12, 0xFC, 0x0B, 0x0A, 0x0D, 0xFC, 0x11, 0x1B, 0x18, 0xFC,
    0x04, 0x09, 0x0C, 0xFC, 0x04, 0x09, 0x0C, 0xFC, 0x3F, 0x57, 0x85, 0xFD, 0xCE, 0xE7, 0xFC, 0xFD,
    0xEB, 0xF9, 0xFF, 0xFD, 0xEB, 0xF9, 0xFF, 0xFD, 0xCE, 0xDD, 0xF0, 0xFD, 0x44, 0x52, 0x7F, 0xFD,
    0x1C, 0x2B, 0x54, 0xFD, 0x1C, 0x2B, 0x54, 0xFD, 0x3B, 0x54, 0x7D, 0xFD, 0x32, 0x3C, 0x65, 0xFD,
    0xBB, 0xC1, 0xD4, 0xFD, 0xBB, 0xC1, 0xD4, 0xFD, 0xF4, 0xF9, 0xFD, 0xFD, 0xE8, 0xF3, 0xFB, 0xFD,
    0xDB, 0xE8, 0xF5, 0xFD, 0xD7, 0xE8, 0xF7, 0xFD, 0xD7, 0xE8, 0xF7, 0xFD, 0xD3, 0xE4, 0xF6, 0xFD,
    0xD4, 0xE9, 0xFB, 0xFD, 0xCD, 0xE7, 0xFC, 0xFD, 0xCD, 0xE7, 0xFC, 0xFD, 0xC1, 0xE4, 0xFD, 0xFD,
    0xB2, 0xDB, 0xFD, 0xFD, 0xAA, 0xD6, 0xFC, 0xFD, 0xAA, 0xD6, 0xFC, 0xFD, 0xAF, 0xDA, 0xFD, 0xFD,
    0xB8, 0xE4, 0xFE, 0xFD, 0xA5, 0xD3, 0xFE, 0xFD, 0xA5, 0xD3, 0xFE, 0xFD, 0x91, 0xCD, 0xFE, 0xFD,
    0x78, 0xBE, 0xFB, 0xFD, 0x6A, 0xB9, 0xFC, 0xFD, 0x5D, 0xB3, 0xFD, 0xFD, 0x5D, 0xB3, 0xFD, 0xFD,
    0x4F, 0xB1, 0xFD, 0xFD, 0x41, 0xAC, 0xFE, 0xFD, 0x3D, 0xAD, 0xFE, 0xFD, 0x3D, 0xAD, 0xFE, 0xFD,
    0x33, 0x9E, 0xFD, 0xFD, 0x2E, 0x98, 0xFC, 0xFD, 0x26, 0x92, 0xFB, 0xFC, 0x26, 0x92, 0xFB, 0xFC,
    0x22, 0x91, 0xF9, 0xFC, 0x14, 0x68, 0xCD, 0xFC, 0x02, 0x36, 0x90, 0xFC, 0x02, 0x36, 0x90, 0xFC,
    0x04, 0x44, 0x9F, 0xFC, 0x26, 0x8D, 0xF7, 0xFC, 0x2A, 0x9E, 0xFF, 0xFC, 0x23, 0x92, 0xFC, 0xFC,
    0x23, 0x92, 0xFC, 0xFC, 0x29, 0x9C, 0xFD, 0xFC, 0x1D, 0x7C, 0xE3, 0xFC, 0x06, 0x48, 0xA7, 0xFC,
    0x06, 0x48, 0xA7, 0xFC, 0x25, 0x80, 0xDD, 0xFC, 0x47, 0xB1, 0xFF, 0xFC, 0x3B, 0xA8, 0xFD, 0xFB,
    0x3B, 0xA8, 0xFD, 0xFB, 0x3A, 0xA2, 0xFB, 0xFC, 0x33, 0x9E, 0xFC, 0xFB, 0x25, 0x94, 0xFC, 0xFA,
    0x25, 0x94, 0xFC, 0xFA, 0x18, 0x88, 0xF8, 0xF9, 0x14, 0x83, 0xF4, 0xF5, 0x12, 0x69, 0xD0, 0xF3,
    0x00, 0x10, 0x45, 0xD5, 0x00, 0x10, 0x45, 0xD5, 0x21, 0x52, 0x90, 0x5E, 0x36, 0x7C, 0xBF, 0x0F,
    0x37, 0x79, 0xB9, 0x02, 0x37, 0x79, 0xB9, 0x02, 0x3C, 0x79, 0xBA, 0x02, 0x00, 0x00, 0x00, 0x00,
    0x00, 0x00, 0x00, 0x00, 0x00, 0x00, 0x00, 0x00, 0x00, 0x00, 0x00, 0x00, 0x00, 0x00, 0x00, 0x00,
    0x00, 0x00, 0x00, 0x00, 0x00, 0x00, 0x00, 0x00, 0x00, 0x00, 0x00, 0x00, 0x00, 0x00, 0x00, 0x00,
    0x00, 0x00, 0x00, 0x00, 0x00, 0x00, 0x00, 0x00, 0x00, 0x00, 0x00, 0x00, 0x00, 0x00, 0x00, 0x00,
    0x00, 0x00, 0x00, 0x00, 0x00, 0x00, 0x00, 0x00, 0x00, 0x00, 0x00, 0x00, 0x00, 0x00, 0x00, 0x00,
    0x00, 0x00, 0x00, 0x00, 0x00, 0x00, 0x00, 0x00, 0x00, 0x00, 0x00, 0x00, 0x00, 0x00, 0x00, 0x00,
    0x00, 0x00, 0x00, 0x00, 0x00, 0x00, 0x00, 0x00, 0x00, 0x00, 0x00, 0x00, 0x00, 0x00, 0x00, 0x00,
    0x00, 0x00, 0x00, 0x00, 0x51, 0x84, 0xBD, 0x01, 0x51, 0x85, 0xBD, 0x01, 0x51, 0x85, 0xBD, 0x01,
    0x4D, 0x85, 0xBC, 0x06, 0x4E, 0x88, 0xBD, 0x02, 0x28, 0x4F, 0x7E, 0x49, 0x28, 0x4F, 0x7E, 0x49,
    0x03, 0x1A, 0x50, 0xE0, 0x1B, 0x6A, 0xD5, 0xF7, 0x18, 0x83, 0xF3, 0xF7, 0x15, 0x7A, 0xEC, 0xF9,
    0x15, 0x7A, 0xEC, 0xF9, 0x25, 0x89, 0xF6, 0xFA, 0x36, 0xA1, 0xFC, 0xFA, 0x42, 0xA8, 0xFC, 0xFB,
    0x42, 0xA8, 0xFC, 0xFB, 0x48, 0xAC, 0xFD, 0xFB, 0x44, 0xA7, 0xFB, 0xFB, 0x53, 0xB5, 0xF9, 0xFB,
    0x53, 0xB5, 0xF9, 0xFB, 0x51, 0x98, 0xEB, 0xFC, 0x1A, 0x36, 0x67, 0xFC, 0x06, 0x0F, 0x1C, 0xFC,
    0x06, 0x0F, 0x1C, 0xFC, 0x00, 0x02, 0x06, 0xFC, 0x00, 0x01, 0x03, 0xFC, 0x01, 0x03, 0x07, 0xFC,
    0x2A, 0x3F, 0x66, 0xFC, 0x2A, 0x3F, 0x66, 0xFC, 0xAD, 0xD2, 0xF2, 0xFC, 0xDF, 0xEC, 0xFC, 0xFD,
    0xEC, 0xF8, 0xFE, 0xFD, 0xEC, 0xF8, 0xFE, 0xFD, 0xCA, 0xD9, 0xEC, 0xFD, 0x59, 0x64, 0x96, 0xFD,
    0x2B, 0x38, 0x64, 0xFD, 0x2B, 0x38, 0x64, 0xFD, 0x1B, 0x2B, 0x5F, 0xFD, 0x5C, 0x63, 0x8B, 0xFD,
    0xDE, 0xE2, 0xF1, 0xFD, 0xDE, 0xE2, 0xF1, 0xFD, 0xF1, 0xF4, 0xF9, 0xFD, 0xE9, 0xEE, 0xF8, 0xFD,
    0xE2, 0xE9, 0xF6, 0xFD, 0xE3, 0xED, 0xFB, 0xFD, 0xE3, 0xED, 0xFB, 0xFD, 0xE4, 0xF2, 0xFC, 0xFD,
    0xE7, 0xEF, 0xFA, 0xFD, 0xE7, 0xED, 0xF9, 0xFD, 0xE7, 0xED, 0xF9, 0xFD, 0xE5, 0xF1, 0xFC, 0xFD,
    0xD8, 0xE8, 0xFC, 0xFD, 0xCB, 0xE6, 0xFC, 0xFD, 0xCB, 0xE6, 0xFC, 0xFD, 0xBC, 0xDE, 0xFC, 0xFD,
    0xA3, 0xD4, 0xFE, 0xFD, 0x83, 0xC3, 0xFD, 0xFD, 0x83, 0xC3, 0xFD, 0xFD, 0x68, 0xB6, 0xFD, 0xFD,
    0x61, 0xB5, 0xFD, 0xFD, 0x68, 0xBC, 0xFE, 0xFD, 0x62, 0xB3, 0xFD, 0xFD, 0x62, 0xB3, 0xFD, 0xFD,
    0x59, 0xB7, 0xFD, 0xFD, 0x41, 0xA8, 0xFD, 0xFD, 0x36, 0xA0, 0xFD, 0xFD, 0x36, 0xA0, 0xFD, 0xFD,
    0x2C, 0x99, 0xFD, 0xFD, 0x26, 0x92, 0xFC, 0xFD, 0x1E, 0x7E, 0xEF, 0xFD, 0x1E, 0x7E, 0xEF, 0xFD,
    0x14, 0x66, 0xC8, 0xFC, 0x02, 0x31, 0x85, 0xFC, 0x02, 0x24, 0x84, 0xFC, 0x02, 0x24, 0x84, 0xFC,
    0x2B, 0x8D, 0xED, 0xFC, 0x34, 0xA6, 0xFE, 0xFC, 0x24, 0x8F, 0xFC, 0xFC, 0x26, 0x94, 0xFC, 0xFC,
    0x26, 0x94, 0xFC, 0xFC, 0x1F, 0x8B, 0xF6, 0xFC, 0x17, 0x76, 0xDD, 0xFC, 0x09, 0x55, 0xB7, 0xFC,
    0x09, 0x55, 0xB7, 0xFC, 0x36, 0x9D, 0xF5, 0xFC, 0x41, 0xAC, 0xFE, 0xFC, 0x39, 0xA3, 0xFC, 0xFC,
    0x39, 0xA3, 0xFC, 0xFC, 0x3B, 0xA7, 0xFC, 0xFC, 0x31, 0x9C, 0xFC, 0xFC, 0x23, 0x92, 0xFB, 0xFA,
    0x23, 0x92, 0xFB, 0xFA, 0x14, 0x83, 0xF5, 0xF9, 0x10, 0x80, 0xF2, 0xF5, 0x11, 0x6A, 0xD2, 0xF3,
    0x00, 0x0D, 0x43, 0xD6, 0x00, 0x0D, 0x43, 0xD6, 0x1E, 0x4D, 0x8B, 0x5F, 0x37, 0x7C, 0xBF, 0x0E,
    0x37, 0x79, 0xB8, 0x02, 0x37, 0x79, 0xB8, 0x02, 0x3C, 0x79, 0xBA, 0x02, 0x00, 0x00, 0x00, 0x00,
    0x00, 0x00, 0x00, 0x00, 0x00, 0x00, 0x00, 0x00, 0x00, 0x00, 0x00, 0x00, 0x00, 0x00, 0x00, 0x00,
    0x00, 0x00, 0x00, 0x00, 0x00, 0x00, 0x00, 0x00, 0x00, 0x00, 0x00, 0x00, 0x00, 0x00, 0x00, 0x00,
    0x00, 0x00, 0x00, 0x00, 0x00, 0x00, 0x00, 0x00, 0x00, 0x00, 0x00, 0x00, 0x00, 0x00, 0x00, 0x00,
    0x00, 0x00, 0x00, 0x00, 0x00, 0x00, 0x00, 0x00, 0x00, 0x00, 0x00, 0x00, 0x00, 0x00, 0x00, 0x00,
    0x00, 0x00, 0x00, 0x00, 0x00, 0x00, 0x00, 0x00, 0x00, 0x00, 0x00, 0x00, 0x00, 0x00, 0x00, 0x00,
    0x00, 0x00, 0x00, 0x00, 0x00, 0x00, 0x00, 0x00, 0x00, 0x00, 0x00, 0x00, 0x00, 0x00, 0x00, 0x00,
    0x00, 0x00, 0x00, 0x00, 0x51, 0x85, 0xBB, 0x01, 0x52, 0x85, 0xBB, 0x01, 0x52, 0x85, 0xBB, 0x01,
    0x4F, 0x84, 0xBA, 0x04, 0x53, 0x8B, 0xC0, 0x01, 0x2C, 0x52, 0x80, 0x50, 0x2C, 0x52, 0x80, 0x50,
    0x05, 0x1C, 0x4C, 0xE8, 0x28, 0x7E, 0xDF, 0xF0, 0x19, 0x87, 0xF2, 0xF5, 0x1A, 0x82, 0xF2, 0xF7,
    0x1A, 0x82, 0xF2, 0xF7, 0x25, 0x8C, 0xF7, 0xF9, 0x2A, 0x93, 0xF9, 0xF9, 0x2C, 0x95, 0xF8, 0xFA,
    0x2C, 0x95, 0xF8, 0xFA, 0x34, 0x9E, 0xFA, 0xFA, 0x2D, 0x90, 0xF4, 0xFB, 0x38, 0x95, 0xF8, 0xFB,
    0x38, 0x95, 0xF8, 0xFB, 0x49, 0x90, 0xF3, 0xFB, 0x52, 0x8F, 0xE2, 0xFB, 0x3A, 0x6E, 0xB0, 0xFC,
    0x3A, 0x6E, 0xB0, 0xFC, 0x2F, 0x51, 0x84, 0xFC, 0x50, 0x78, 0x9E, 0xFC, 0x6C, 0x8C, 0xB3, 0xFC,
    0xB6, 0xD7, 0xF3, 0xFC, 0xB6, 0xD7, 0xF3, 0xFC, 0xE9, 0xFC, 0xFE, 0xFC, 0xE4, 0xEC, 0xF8, 0xFC,
    0xF0, 0xF7, 0xFA, 0xFC, 0xF0, 0xF7, 0xFA, 0xFC, 0xF5, 0xFA, 0xFC, 0xFD, 0xF6, 0xFB, 0xFE, 0xFD,
    0xAC, 0xC1, 0xE3, 0xFD, 0xAC, 0xC1, 0xE3, 0xFD, 0x2B, 0x3D, 0x6E, 0xFD, 0xAC, 0xBA, 0xD4, 0xFD,
    0xFC, 0xFE, 0xFF, 0xFD, 0xFC, 0xFE, 0xFF, 0xFD, 0xEF, 0xF1, 0xF4, 0xFD, 0xEA, 0xEE, 0xF4, 0xFD,
    0xE8, 0xF0, 0xFB, 0xFD, 0xD8, 0xE6, 0xF9, 0xFD, 0xD8, 0xE6, 0xF9, 0xFD, 0xCD, 0xDE, 0xEF, 0xFD,
    0xEE, 0xF6, 0xFE, 0xFD, 0xF2, 0xF6, 0xFC, 0xFD, 0xF2, 0xF6, 0xFC, 0xFD, 0xF0, 0xF7, 0xFC, 0xFD,
    0xEC, 0xF4, 0xFD, 0xFD, 0xE6, 0xF8, 0xFD, 0xFD, 0xE6, 0xF8, 0xFD, 0xFD, 0xD4, 0xEC, 0xFD, 0xFD,
    0xB9, 0xDD, 0xFD, 0xFD, 0x96, 0xCC, 0xFD, 0xFD, 0x96, 0xCC, 0xFD, 0xFD, 0x80, 0xC0, 0xFD, 0xFD,
    0x82, 0xCA, 0xFE, 0xFD, 0x89, 0xD3, 0xFE, 0xFD, 0x7B, 0xC5, 0xFD, 0xFD, 0x7B, 0xC5, 0xFD, 0xFD,
    0x68, 0xC0, 0xFC, 0xFD, 0x4A, 0xAE, 0xFB, 0xFD, 0x31, 0x9A, 0xFA, 0xFD, 0x31, 0x9A, 0xFA, 0xFD,
    0x2B, 0x9D, 0xFA, 0xFD, 0x25, 0x91, 0xF6, 0xFD, 0x18, 0x65, 0xCB, 0xFD, 0x18, 0x65, 0xCB, 0xFD,
    0x06, 0x36, 0x88, 0xFC, 0x01, 0x2F, 0x80, 0xFC, 0x20, 0x72, 0xD8, 0xFC, 0x20, 0x72, 0xD8, 0xFC,
    0x3F, 0xAD, 0xFA, 0xFC, 0x38, 0xB1, 0xFC, 0xFC, 0x2D, 0xA1, 0xFE, 0xFC, 0x22, 0x8A, 0xF6, 0xFC,
    0x22, 0x8A, 0xF6, 0xFC, 0x0F, 0x62, 0xC9, 0xFC, 0x14, 0x6B, 0xCB, 0xFC, 0x07, 0x49, 0xAD, 0xFC,
    0x07, 0x49, 0xAD, 0xFC, 0x2C, 0x90, 0xF2, 0xFC, 0x40, 0xB0, 0xFE, 0xFC, 0x39, 0xA5, 0xFC, 0xFC,
    0x39, 0xA5, 0xFC, 0xFC, 0x38, 0xA4, 0xFC, 0xFC, 0x30, 0x9C, 0xFC, 0xFC, 0x22, 0x90, 0xFA, 0xFB,
    0x22, 0x90, 0xFA, 0xFB, 0x13, 0x82, 0xF5, 0xF9, 0x12, 0x82, 0xF4, 0xF6, 0x14, 0x6B, 0xD4, 0xF3,
    0x00, 0x10, 0x44, 0xD4, 0x00, 0x10, 0x44, 0xD4, 0x1E, 0x4A, 0x87, 0x5C, 0x37, 0x7C, 0xBE, 0x0E,
    0x37, 0x78, 0xB7, 0x02, 0x37, 0x78, 0xB7, 0x02, 0x3C, 0x79, 0xB9, 0x02, 0x00, 0x00, 0x00, 0x00,
    0x00, 0x00, 0x00, 0x00, 0x00, 0x00, 0x00, 0x00, 0x00, 0x00, 0x00, 0x00, 0x00, 0x00, 0x00, 0x00,
    0x00, 0x00, 0x00, 0x00, 0x00, 0x00, 0x00, 0x00, 0x00, 0x00, 0x00, 0x00, 0x00, 0x00, 0x00, 0x00,
    0x00, 0x00, 0x00, 0x00, 0x00, 0x00, 0x00, 0x00, 0x00, 0x00, 0x00, 0x00, 0x00, 0x00, 0x00, 0x00,
    0x00, 0x00, 0x00, 0x00, 0x00, 0x00, 0x00, 0x00, 0x00, 0x00, 0x00, 0x00, 0x00, 0x00, 0x00, 0x00,
    0x00, 0x00, 0x00, 0x00, 0x00, 0x00, 0x00, 0x00, 0x00, 0x00, 0x00, 0x00, 0x00, 0x00, 0x00, 0x00,
    0x00, 0x00, 0x00, 0x00, 0x00, 0x00, 0x00, 0x00, 0x00, 0x00, 0x00, 0x00, 0x00, 0x00, 0x00, 0x00,
    0x00, 0x00, 0x00, 0x00, 0x52, 0x85, 0xB9, 0x01, 0x53, 0x85, 0xB8, 0x01, 0x53, 0x85, 0xB8, 0x01,
    0x51, 0x84, 0xB8, 0x03, 0x4F, 0x86, 0xBB, 0x01, 0x4A, 0x7C, 0xAB, 0x15, 0x4A, 0x7C, 0xAB, 0x15,
    0x25, 0x50, 0x84, 0x96, 0x26, 0x6E, 0xBB, 0xDD, 0x1E, 0x79, 0xDF, 0xF7, 0x1B, 0x7A, 0xE9, 0xF5,
    0x1B, 0x7A, 0xE9, 0xF5, 0x19, 0x78, 0xEB, 0xF8, 0x1A, 0x7E, 0xEF, 0xFA, 0x1A, 0x7D, 0xEE, 0xF9,
    0x1A, 0x7D, 0xEE, 0xF9, 0x25, 0x8A, 0xF6, 0xFA, 0x31, 0x98, 0xFB, 0xFB, 0x43, 0xAA, 0xFE, 0xFB,
    0x43, 0xAA, 0xFE, 0xFB, 0x54, 0xAD, 0xFD, 0xFB, 0x69, 0xC6, 0xFE, 0xFB, 0x74, 0xCE, 0xFD, 0xFC,
    0x74, 0xCE, 0xFD, 0xFC, 0x85, 0xCC, 0xFC, 0xFC, 0xBD, 0xEE, 0xFD, 0xFC, 0xD9, 0xF7, 0xFD, 0xFC,
    0xD6, 0xED, 0xFB, 0xFC, 0xD6, 0xED, 0xFB, 0xFC, 0xDE, 0xEF, 0xF9, 0xFC, 0xED, 0xF3, 0xF9, 0xFD,
    0xF6, 0xF8, 0xF8, 0xFC, 0xF6, 0xF8, 0xF8, 0xFC, 0xEF, 0xEA, 0xEE, 0xFD, 0xF4, 0xF4, 0xF8, 0xFD,
    0xE4, 0xEE, 0xF9, 0xFD, 0xE4, 0xEE, 0xF9, 0xFD, 0x3E, 0x56, 0x79, 0xFD, 0x9E, 0xA9, 0xBD, 0xFD,
    0xFF, 0xFF, 0xFF, 0xFD, 0xFF, 0xFF, 0xFF, 0xFD, 0xFA, 0xFC, 0xFE, 0xFD, 0xF9, 0xFD, 0xFF, 0xFD,
    0xEF, 0xF9, 0xFF, 0xFD, 0x74, 0x88, 0xA7, 0xFD, 0x74, 0x88, 0xA7, 0xFD, 0x62, 0x77, 0x94, 0xFD,
    0xF0, 0xF7, 0xFF, 0xFD, 0xF6, 0xF9, 0xFD, 0xFD, 0xF6, 0xF9, 0xFD, 0xFD, 0xF5, 0xF8, 0xFC, 0xFD,
    0xF4, 0xF7, 0xFC, 0xFD, 0xF0, 0xF7, 0xFD, 0xFD, 0xF0, 0xF7, 0xFD, 0xFD, 0xE9, 0xF6, 0xFD, 0xFD,
    0xDA, 0xF0, 0xFD, 0xFD, 0xC3, 0xE1, 0xFC, 0xFD, 0xC3, 0xE1, 0xFC, 0xFD, 0xB4, 0xDD, 0xFD, 0xFD,
    0xA3, 0xD1, 0xFD, 0xFD, 0x9D, 0xD3, 0xFD, 0xFD, 0x8E, 0xCB, 0xFC, 0xFD, 0x8E, 0xCB, 0xFC, 0xFD,
    0x6C, 0xB5, 0xFB, 0xFD, 0x4B, 0xA9, 0xFA, 0xFD, 0x37, 0xA3, 0xF8, 0xFD, 0x37, 0xA3, 0xF8, 0xFD,
    0x25, 0x85, 0xEE, 0xFD, 0x21, 0x76, 0xD4, 0xFD, 0x0E, 0x41, 0x92, 0xFC, 0x0E, 0x41, 0x92, 0xFC,
    0x00, 0x1A, 0x63, 0xFC, 0x09, 0x4C, 0xAB, 0xFC, 0x3C, 0xAC, 0xF8, 0xFC, 0x3C, 0xAC, 0xF8, 0xFC,
    0x38, 0xA3, 0xF8, 0xFC, 0x30, 0x9E, 0xF9, 0xFC, 0x39, 0xAC, 0xFD, 0xFC, 0x17, 0x72, 0xDA, 0xFC,
    0x17, 0x72, 0xDA, 0xFC, 0x01, 0x2C, 0x8C, 0xFC, 0x04, 0x41, 0xA3, 0xFD, 0x08, 0x54, 0xBC, 0xFD,
    0x08, 0x54, 0xBC, 0xFD, 0x32, 0x9B, 0xFC, 0xFD, 0x39, 0xA9, 0xFE, 0xFC, 0x38, 0xA8, 0xFD, 0xFC,
    0x38, 0xA8, 0xFD, 0xFC, 0x33, 0x9E, 0xFC, 0xFD, 0x2A, 0x97, 0xFC, 0xFC, 0x1E, 0x8B, 0xF9, 0xFB,
    0x1E, 0x8B, 0xF9, 0xFB, 0x15, 0x83, 0xF7, 0xF9, 0x11, 0x7D, 0xF2, 0xF6, 0x15, 0x6A, 0xD5, 0xF4,
    0x00, 0x0E, 0x45, 0xD0, 0x00, 0x0E, 0x45, 0xD0, 0x1C, 0x47, 0x84, 0x58, 0x39, 0x7C, 0xBF, 0x0E,
    0x38, 0x78, 0xB7, 0x02, 0x38, 0x78, 0xB7, 0x02, 0x3D, 0x79, 0xB8, 0x02, 0x00, 0x00, 0x00, 0x00,
    0x00, 0x00, 0x00, 0x00, 0x00, 0x00, 0x00, 0x00, 0x00, 0x00, 0x00, 0x00, 0x00, 0x00, 0x00, 0x00,
    0x00, 0x00, 0x00, 0x00, 0x00, 0x00, 0x00, 0x00, 0x00, 0x00, 0x00, 0x00, 0x00, 0x00, 0x00, 0x00,
    0x00, 0x00, 0x00, 0x00, 0x00, 0x00, 0x00, 0x00, 0x00, 0x00, 0x00, 0x00, 0x00, 0x00, 0x00, 0x00,
    0x00, 0x00, 0x00, 0x00, 0x00, 0x00, 0x00, 0x00, 0x00, 0x00, 0x00, 0x00, 0x00, 0x00, 0x00, 0x00,
    0x00, 0x00, 0x00, 0x00, 0x00, 0x00, 0x00, 0x00, 0x00, 0x00, 0x00, 0x00, 0x00, 0x00, 0x00, 0x00,
    0x00, 0x00, 0x00, 0x00, 0x00, 0x00, 0x00, 0x00, 0x00, 0x00, 0x00, 0x00, 0x00, 0x00, 0x00, 0x00,
    0x00, 0x00, 0x00, 0x00, 0x00, 0x00, 0x00, 0x00, 0x53, 0x84, 0xB7, 0x01, 0x53, 0x84, 0xB7, 0x01,
    0x54, 0x84, 0xB8, 0x01, 0x51, 0x83, 0xB7, 0x03, 0x50, 0x85, 0xB4, 0x02, 0x50, 0x85, 0xB4, 0x02,
    0x53, 0x84, 0xB1, 0x13, 0x1B, 0x3B, 0x67, 0x8D, 0x14, 0x3F, 0x86, 0xEF, 0x29, 0x7B, 0xE0, 0xF2,
    0x29, 0x7B, 0xE0, 0xF2, 0x18, 0x76, 0xEA, 0xF6, 0x1E, 0x86, 0xF6, 0xF8, 0x24, 0x89, 0xF8, 0xF9,
    0x24, 0x89, 0xF8, 0xF9, 0x2C, 0x91, 0xFA, 0xF9, 0x3B, 0x9F, 0xFC, 0xFA, 0x49, 0xB2, 0xFE, 0xFA,
    0x49, 0xB2, 0xFE, 0xFA, 0x4E, 0xAB, 0xFD, 0xFB, 0x57, 0xB8, 0xFE, 0xFB, 0x5A, 0xBC, 0xFD, 0xFB,
    0x5A, 0xBC, 0xFD, 0xFB, 0x77, 0xC3, 0xFB, 0xFC, 0xB5, 0xDB, 0xFA, 0xFC, 0xD8, 0xF1, 0xFB, 0xFC,
    0xD8, 0xED, 0xF8, 0xFC, 0xD8, 0xED, 0xF8, 0xFC, 0xDB, 0xEE, 0xFA, 0xFC, 0xE1, 0xF2, 0xFB, 0xFC,
    0xF5, 0xF9, 0xFB, 0xFC, 0xF5, 0xF9, 0xFB, 0xFC, 0xFA, 0xFA, 0xFB, 0xFC, 0xFB, 0xFB, 0xFC, 0xFD,
    0xE8, 0xEE, 0xF9, 0xFD, 0xE8, 0xEE, 0xF9, 0xFD, 0x37, 0x42, 0x68, 0xFD, 0x2E, 0x33, 0x57, 0xFD,
    0x97, 0x9F, 0xB8, 0xFD, 0x97, 0x9F, 0xB8, 0xFD, 0xBC, 0xC5, 0xDA, 0xFD, 0xD7, 0xE8, 0xF8, 0xFD,
    0xB3, 0xCB, 0xE2, 0xFD, 0x1F, 0x34, 0x5E, 0xFD, 0x1F, 0x34, 0x5E, 0xFD, 0x5E, 0x6E, 0x92, 0xFD,
    0xF5, 0xFB, 0xFF, 0xFD, 0xF9, 0xFB, 0xFE, 0xFD, 0xF9, 0xFB, 0xFE, 0xFD, 0xFA, 0xFD, 0xFE, 0xFD,
    0xFA, 0xFC, 0xFE, 0xFD, 0xF5, 0xFA, 0xFD, 0xFD, 0xF5, 0xFA, 0xFD, 0xFD, 0xF0, 0xF5, 0xFB, 0xFD,
    0xE8, 0xF1, 0xFC, 0xFD, 0xDF, 0xF0, 0xFD, 0xFD, 0xDF, 0xF0, 0xFD, 0xFD, 0xD4, 0xF0, 0xFD, 0xFD,
    0xBE, 0xDE, 0xFC, 0xFD, 0xAF, 0xD6, 0xFB, 0xFD, 0x8F, 0xC0, 0xF9, 0xFD, 0x8F, 0xC0, 0xF9, 0xFD,
    0x78, 0xC0, 0xFC, 0xFD, 0x4E, 0xA7, 0xF9, 0xFD, 0x3B, 0x9D, 0xF6, 0xFD, 0x3B, 0x9D, 0xF6, 0xFD,
    0x1E, 0x67, 0xC4, 0xFD, 0x13, 0x52, 0xA0, 0xFD, 0x02, 0x2A, 0x77, 0xFD, 0x02, 0x2A, 0x77, 0xFD,
    0x00, 0x29, 0x7F, 0xFC, 0x14, 0x68, 0xD0, 0xFC, 0x33, 0xAD, 0xF9, 0xFC, 0x33, 0xAD, 0xF9, 0xFC,
    0x31, 0xA9, 0xF9, 0xFC, 0x37, 0xA8, 0xFA, 0xFC, 0x31, 0x97, 0xF8, 0xFC, 0x09, 0x4A, 0xA4, 0xFC,
    0x09, 0x4A, 0xA4, 0xFC, 0x02, 0x34, 0x8B, 0xFC, 0x15, 0x6E, 0xD0, 0xFC, 0x24, 0x8D, 0xF1, 0xFD,
    0x24, 0x8D, 0xF1, 0xFD, 0x37, 0xA6, 0xFE, 0xFC, 0x35, 0xA4, 0xFD, 0xFD, 0x34, 0xA6, 0xFE, 0xFC,
    0x34, 0xA6, 0xFE, 0xFC, 0x2E, 0x9E, 0xFD, 0xFD, 0x25, 0x96, 0xFD, 0xFC, 0x1A, 0x88, 0xF8, 0xFC,
    0x1A, 0x88, 0xF8, 0xFC, 0x12, 0x82, 0xF5, 0xFA, 0x11, 0x7D, 0xF2, 0xF6, 0x16, 0x6B, 0xD6, 0xF4,
    0x00, 0x11, 0x47, 0xC7, 0x00, 0x11, 0x47, 0xC7, 0x1C, 0x4A, 0x87, 0x50, 0x3A, 0x7E, 0xC0, 0x0D,
    0x39, 0x78, 0xB7, 0x02, 0x39, 0x78, 0xB7, 0x02, 0x3F, 0x79, 0xB9, 0x02, 0x00, 0x00, 0x00, 0x00,
    0x00, 0x00, 0x00, 0x00, 0x00, 0x00, 0x00, 0x00, 0x00, 0x00, 0x00, 0x00, 0x00, 0x00, 0x00, 0x00,
    0x00, 0x00, 0x00, 0x00, 0x00, 0x00, 0x00, 0x00, 0x00, 0x00, 0x00, 0x00, 0x00, 0x00, 0x00, 0x00,
    0x00, 0x00, 0x00, 0x00, 0x00, 0x00, 0x00, 0x00, 0x00, 0x00, 0x00, 0x00, 0x00, 0x00, 0x00, 0x00,
    0x00, 0x00, 0x00, 0x00, 0x00, 0x00, 0x00, 0x00, 0x00, 0x00, 0x00, 0x00, 0x00, 0x00, 0x00, 0x00,
    0x00, 0x00, 0x00, 0x00, 0x00, 0x00, 0x00, 0x00, 0x00, 0x00, 0x00, 0x00, 0x00, 0x00, 0x00, 0x00,
    0x00, 0x00, 0x00, 0x00, 0x00, 0x00, 0x00, 0x00, 0x00, 0x00, 0x00, 0x00, 0x00, 0x00, 0x00, 0x00,
    0x00, 0x00, 0x00, 0x00, 0x00, 0x00, 0x00, 0x00, 0x53, 0x84, 0xB7, 0x01, 0x53, 0x84, 0xB7, 0x01,
    0x54, 0x84, 0xB8, 0x01, 0x51, 0x83, 0xB7, 0x03, 0x50, 0x85, 0xB4, 0x02, 0x50, 0x85, 0xB4, 0x02,
    0x53, 0x84, 0xB1, 0x13, 0x1B, 0x3B, 0x67, 0x8D, 0x14, 0x3F, 0x86, 0xEF, 0x29, 0x7B, 0xE0, 0xF2,
    0x29, 0x7B, 0xE0, 0xF2, 0x18, 0x76, 0xEA, 0xF6, 0x1E, 0x86, 0xF6, 0xF8, 0x24, 0x89, 0xF8, 0xF9,
    0x24, 0x89, 0xF8, 0xF9, 0x2C, 0x91, 0xFA, 0xF9, 0x3B, 0x9F, 0xFC, 0xFA, 0x49, 0xB2, 0xFE, 0xFA,
    0x49, 0xB2, 0xFE, 0xFA, 0x4E, 0xAB, 0xFD, 0xFB, 0x57, 0xB8, 0xFE, 0xFB, 0x5A, 0xBC, 0xFD, 0xFB,
    0x5A, 0xBC, 0xFD, 0xFB, 0x77, 0xC3, 0xFB, 0xFC, 0xB5, 0xDB, 0xFA, 0xFC, 0xD8, 0xF1, 0xFB, 0xFC,
    0xD8, 0xED, 0xF8, 0xFC, 0xD8, 0xED, 0xF8, 0xFC, 0xDB, 0xEE, 0xFA, 0xFC, 0xE1, 0xF2, 0xFB, 0xFC,
    0xF5, 0xF9, 0xFB, 0xFC, 0xF5, 0xF9, 0xFB, 0xFC, 0xFA, 0xFA, 0xFB, 0xFC, 0xFB, 0xFB, 0xFC, 0xFD,
    0xE8, 0xEE, 0xF9, 0xFD, 0xE8, 0xEE, 0xF9, 0xFD, 0x37, 0x42, 0x68, 0xFD, 0x2E, 0x33, 0x57, 0xFD,
    0x97, 0x9F, 0xB8, 0xFD, 0x97, 0x9F, 0xB8, 0xFD, 0xBC, 0xC5, 0xDA, 0xFD, 0xD7, 0xE8, 0xF8, 0xFD,
    0xB3, 0xCB, 0xE2, 0xFD, 0x1F, 0x34, 0x5E, 0xFD, 0x1F, 0x34, 0x5E, 0xFD, 0x5E, 0x6E, 0x92, 0xFD,
    0xF5, 0xFB, 0xFF, 0xFD, 0xF9, 0xFB, 0xFE, 0xFD, 0xF9, 0xFB, 0xFE, 0xFD, 0xFA, 0xFD, 0xFE, 0xFD,
    0xFA, 0xFC, 0xFE, 0xFD, 0xF5, 0xFA, 0xFD, 0xFD, 0xF5, 0xFA, 0xFD, 0xFD, 0xF0, 0xF5, 0xFB, 0xFD,
    0xE8, 0xF1, 0xFC, 0xFD, 0xDF, 0xF0, 0xFD, 0xFD, 0xDF, 0xF0, 0xFD, 0xFD, 0xD4, 0xF0, 0xFD, 0xFD,
    0xBE, 0xDE, 0xFC, 0xFD, 0xAF, 0xD6, 0xFB, 0xFD, 0x8F, 0xC0, 0xF9, 0xFD, 0x8F, 0xC0, 0xF9, 0xFD,
    0x78, 0xC0, 0xFC, 0xFD, 0x4E, 0xA7, 0xF9, 0xFD, 0x3B, 0x9D, 0xF6, 0xFD, 0x3B, 0x9D, 0xF6, 0xFD,
    0x1E, 0x67, 0xC4, 0xFD, 0x13, 0x52, 0xA0, 0xFD, 0x02, 0x2A, 0x77, 0xFD, 0x02, 0x2A, 0x77, 0xFD,
    0x00, 0x29, 0x7F, 0xFC, 0x14, 0x68, 0xD0, 0xFC, 0x33, 0xAD, 0xF9, 0xFC, 0x33, 0xAD, 0xF9, 0xFC,
    0x31, 0xA9, 0xF9, 0xFC, 0x37, 0xA8, 0xFA, 0xFC, 0x31, 0x97, 0xF8, 0xFC, 0x09, 0x4A, 0xA4, 0xFC,
    0x09, 0x4A, 0xA4, 0xFC, 0x02, 0x34, 0x8B, 0xFC, 0x15, 0x6E, 0xD0, 0xFC, 0x24, 0x8D, 0xF1, 0xFD,
    0x24, 0x8D, 0xF1, 0xFD, 0x37, 0xA6, 0xFE, 0xFC, 0x35, 0xA4, 0xFD, 0xFD, 0x34, 0xA6, 0xFE, 0xFC,
    0x34, 0xA6, 0xFE, 0xFC, 0x2E, 0x9E, 0xFD, 0xFD, 0x25, 0x96, 0xFD, 0xFC, 0x1A, 0x88, 0xF8, 0xFC,
    0x1A, 0x88, 0xF8, 0xFC, 0x12, 0x82, 0xF5, 0xFA, 0x11, 0x7D, 0xF2, 0xF6, 0x16, 0x6B, 0xD6, 0xF4,
    0x00, 0x11, 0x47, 0xC7, 0x00, 0x11, 0x47, 0xC7, 0x1C, 0x4A, 0x87, 0x50, 0x3A, 0x7E, 0xC0, 0x0D,
    0x39, 0x78, 0xB7, 0x02, 0x39, 0x78, 0xB7, 0x02, 0x3F, 0x79, 0xB9, 0x02, 0x00, 0x00, 0x00, 0x00,
    0x00, 0x00, 0x00, 0x00, 0x00, 0x00, 0x00, 0x00, 0x00, 0x00, 0x00, 0x00, 0x00, 0x00, 0x00, 0x00,
    0x00, 0x00, 0x00, 0x00, 0x00, 0x00, 0x00, 0x00, 0x00, 0x00, 0x00, 0x00, 0x00, 0x00, 0x00, 0x00,
    0x00, 0x00, 0x00, 0x00, 0x00, 0x00, 0x00, 0x00, 0x00, 0x00, 0x00, 0x00, 0x00, 0x00, 0x00, 0x00,
    0x00, 0x00, 0x00, 0x00, 0x00, 0x00, 0x00, 0x00, 0x00, 0x00, 0x00, 0x00, 0x00, 0x00, 0x00, 0x00,
    0x00, 0x00, 0x00, 0x00, 0x00, 0x00, 0x00, 0x00, 0x00, 0x00, 0x00, 0x00, 0x00, 0x00, 0x00, 0x00,
    0x00, 0x00, 0x00, 0x00, 0x00, 0x00, 0x00, 0x00, 0x00, 0x00, 0x00, 0x00, 0x00, 0x00, 0x00, 0x00,
    0x00, 0x00, 0x00, 0x00, 0x54, 0x84, 0xB6, 0x01, 0x54, 0x84, 0xB5, 0x01, 0x54, 0x84, 0xB5, 0x01,
    0x55, 0x83, 0xB6, 0x01, 0x54, 0x84, 0xB6, 0x01, 0x51, 0x81, 0xB1, 0x06, 0x51, 0x81, 0xB1, 0x06,
    0x5A, 0x8A, 0xB6, 0x04, 0x39, 0x56, 0x77, 0x59, 0x0C, 0x1F, 0x42, 0xD8, 0x41, 0x8C, 0xD8, 0xEB,
    0x41, 0x8C, 0xD8, 0xEB, 0x31, 0x93, 0xF5, 0xF4, 0x23, 0x86, 0xF6, 0xF7, 0x22, 0x85, 0xF3, 0xF9,
    0x22, 0x85, 0xF3, 0xF9, 0x34, 0x98, 0xFA, 0xF9, 0x3B, 0x92, 0xF4, 0xFA, 0x45, 0x9C, 0xF9, 0xFB,
    0x45, 0x9C, 0xF9, 0xFB, 0x4F, 0xAB, 0xFD, 0xFB, 0x53, 0xB3, 0xFE, 0xFB, 0x53, 0xAE, 0xFC, 0xFC,
    0x53, 0xAE, 0xFC, 0xFC, 0x7E, 0xC2, 0xFB, 0xFC, 0xC1, 0xE3, 0xFC, 0xFC, 0xD2, 0xEA, 0xF9, 0xFC,
    0xD9, 0xED, 0xFA, 0xFC, 0xD9, 0xED, 0xFA, 0xFC, 0xDD, 0xF2, 0xFC, 0xFC, 0xA5, 0xBE, 0xE8, 0xFC,
    0x5C, 0x77, 0xAA, 0xFC, 0x5C, 0x77, 0xAA, 0xFC, 0x9A, 0xAB, 0xC9, 0xFC, 0xB1, 0xBC, 0xD9, 0xFC,
    0x6B, 0x78, 0xA0, 0xFD, 0x6B, 0x78, 0xA0, 0xFD, 0x0B, 0x0C, 0x36, 0xFD, 0x09, 0x0C, 0x39, 0xFD,
    0x12, 0x20, 0x4D, 0xFD, 0x12, 0x20, 0x4D, 0xFD, 0x16, 0x27, 0x5A, 0xFD, 0x21, 0x3B, 0x77, 0xFD,
    0x25, 0x40, 0x77, 0xFD, 0x35, 0x51, 0x84, 0xFD, 0x35, 0x51, 0x84, 0xFD, 0xAD, 0xC0, 0xDE, 0xFD,
    0xF5, 0xFB, 0xFF, 0xFD, 0xFA, 0xFB, 0xFE, 0xFD, 0xFA, 0xFB, 0xFE, 0xFD, 0xFA, 0xFD, 0xFE, 0xFD,
    0xFB, 0xFD, 0xFE, 0xFD, 0xF5, 0xF9, 0xFD, 0xFD, 0xF5, 0xF9, 0xFD, 0xFD, 0xF1, 0xF7, 0xFC, 0xFD,
    0xF2, 0xFA, 0xFD, 0xFD, 0xE6, 0xEE, 0xFA, 0xFD, 0xE6, 0xEE, 0xFA, 0xFD, 0xDA, 0xE7, 0xFB, 0xFD,
    0xCB, 0xE1, 0xFA, 0xFD, 0xB0, 0xD2, 0xF8, 0xFD, 0x90, 0xBE, 0xF6, 0xFD, 0x90, 0xBE, 0xF6, 0xFD,
    0x76, 0xBC, 0xF9, 0xFD, 0x47, 0x8E, 0xDD, 0xFD, 0x1D, 0x60, 0xAF, 0xFD, 0x1D, 0x60, 0xAF, 0xFD,
    0x0B, 0x3D, 0x88, 0xFD, 0x07, 0x3C, 0x88, 0xFD, 0x0B, 0x4E, 0xA6, 0xFD, 0x0B, 0x4E, 0xA6, 0xFD,
    0x0B, 0x57, 0xBF, 0xFC, 0x10, 0x6C, 0xDD, 0xFC, 0x28, 0xA1, 0xFA, 0xFC, 0x28, 0xA1, 0xFA, 0xFC,
    0x2F, 0xAA, 0xFA, 0xFC, 0x42, 0xB5, 0xFA, 0xFC, 0x18, 0x5E, 0xB9, 0xFD, 0x00, 0x16, 0x62, 0xFC,
    0x00, 0x16, 0x62, 0xFC, 0x0C, 0x4E, 0xB0, 0xFD, 0x2D, 0xA2, 0xFC, 0xFD, 0x32, 0xA9, 0xFD, 0xFD,
    0x32, 0xA9, 0xFD, 0xFD, 0x32, 0xA2, 0xFC, 0xFD, 0x31, 0x9F, 0xFC, 0xFD, 0x2F, 0xA2, 0xFE, 0xFD,
    0x2F, 0xA2, 0xFE, 0xFD, 0x28, 0x9B, 0xFE, 0xFC, 0x21, 0x95, 0xFE, 0xFC, 0x17, 0x85, 0xF8, 0xFC,
    0x17, 0x85, 0xF8, 0xFC, 0x10, 0x7B, 0xF0, 0xFA, 0x12, 0x7C, 0xF2, 0xF7, 0x19, 0x6E, 0xD8, 0xF3,
    0x00, 0x0C, 0x41, 0xBA, 0x00, 0x0C, 0x41, 0xBA, 0x1F, 0x4D, 0x8A, 0x44, 0x3E, 0x7F, 0xC2, 0x0C,
    0x3B, 0x79, 0xB7, 0x01, 0x3B, 0x79, 0xB7, 0x01, 0x40, 0x7A, 0xB9, 0x02, 0x00, 0x00, 0x00, 0x00,
    0x00, 0x00, 0x00, 0x00, 0x00, 0x00, 0x00, 0x00, 0x00, 0x00, 0x00, 0x00, 0x00, 0x00, 0x00, 0x00,
    0x00, 0x00, 0x00, 0x00, 0x00, 0x00, 0x00, 0x00, 0x00, 0x00, 0x00, 0x00, 0x00, 0x00, 0x00, 0x00,
    0x00, 0x00, 0x00, 0x00, 0x00, 0x00, 0x00, 0x00, 0x00, 0x00, 0x00, 0x00, 0x00, 0x00, 0x00, 0x00,
    0x00, 0x00, 0x00, 0x00, 0x00, 0x00, 0x00, 0x00, 0x00, 0x00, 0x00, 0x00, 0x00, 0x00, 0x00, 0x00,
    0x00, 0x00, 0x00, 0x00, 0x00, 0x00, 0x00, 0x00, 0x00, 0x00, 0x00, 0x00, 0x00, 0x00, 0x00, 0x00,
    0x00, 0x00, 0x00, 0x00, 0x00, 0x00, 0x00, 0x00, 0x00, 0x00, 0x00, 0x00, 0x00, 0x00, 0x00, 0x00,
    0x00, 0x00, 0x00, 0x00, 0x55, 0x84, 0xB5, 0x01, 0x55, 0x84, 0xB5, 0x01, 0x55, 0x84, 0xB5, 0x01,
    0x57, 0x84, 0xB5, 0x01, 0x56, 0x83, 0xB4, 0x01, 0x58, 0x85, 0xB3, 0x03, 0x58, 0x85, 0xB3, 0x03,
    0x56, 0x83, 0xB1, 0x01, 0x5B, 0x87, 0xAD, 0x0D, 0x2A, 0x48, 0x64, 0x7C, 0x25, 0x57, 0x89, 0xCB,
    0x25, 0x57, 0x89, 0xCB, 0x45, 0x97, 0xEB, 0xF2, 0x31, 0x8F, 0xF1, 0xF3, 0x2D, 0x8E, 0xF3, 0xF7,
    0x2D, 0x8E, 0xF3, 0xF7, 0x34, 0x9A, 0xFA, 0xF8, 0x3D, 0x99, 0xF8, 0xF9, 0x45, 0xA1, 0xFB, 0xF9,
    0x45, 0xA1, 0xFB, 0xF9, 0x51, 0xB0, 0xFD, 0xFA, 0x56, 0xB6, 0xFD, 0xFB, 0x64, 0xB9, 0xFD, 0xFB,
    0x64, 0xB9, 0xFD, 0xFB, 0x98, 0xCD, 0xFC, 0xFB, 0xCE, 0xEC, 0xFD, 0xFC, 0xD8, 0xF0, 0xFC, 0xFC,
    0xD6, 0xEB, 0xF8, 0xFC, 0xD6, 0xEB, 0xF8, 0xFC, 0xDD, 0xF2, 0xFC, 0xFC, 0xC1, 0xD5, 0xF8, 0xFC,
    0x3E, 0x58, 0x99, 0xFC, 0x3E, 0x58, 0x99, 0xFC, 0x05, 0x11, 0x4A, 0xFD, 0x0A, 0x0D, 0x46, 0xFC,
    0x04, 0x08, 0x37, 0xFC, 0x04, 0x08, 0x37, 0xFC, 0x49, 0x54, 0x8F, 0xFC, 0xBD, 0xCD, 0xED, 0xFD,
    0xCD, 0xDD, 0xF9, 0xFD, 0xCD, 0xDD, 0xF9, 0xFD, 0x82, 0x9C, 0xD2, 0xFD, 0x1D, 0x34, 0x80, 0xFD,
    0x37, 0x50, 0x94, 0xFD, 0x98, 0xB6, 0xE6, 0xFD, 0x98, 0xB6, 0xE6, 0xFD, 0xDF, 0xF3, 0xFF, 0xFD,
    0xF3, 0xFA, 0xFF, 0xFD, 0xFA, 0xFB, 0xFD, 0xFD, 0xFA, 0xFB, 0xFD, 0xFD, 0xF9, 0xFB, 0xFD, 0xFD,
    0xF7, 0xFA, 0xFD, 0xFD, 0xF4, 0xFB, 0xFD, 0xFD, 0xF4, 0xFB, 0xFD, 0xFD, 0xEE, 0xF6, 0xFD, 0xFD,
    0xEA, 0xF5, 0xFD, 0xFD, 0xE5, 0xF3, 0xFE, 0xFD, 0xE5, 0xF3, 0xFE, 0xFD, 0xD6, 0xEA, 0xFD, 0xFD,
    0xC5, 0xE0, 0xFC, 0xFD, 0xAE, 0xD9, 0xFA, 0xFD, 0x99, 0xCF, 0xF8, 0xFD, 0x99, 0xCF, 0xF8, 0xFD,
    0x65, 0x9D, 0xD8, 0xFD, 0x1B, 0x4A, 0x88, 0xFD, 0x03, 0x26, 0x68, 0xFD, 0x03, 0x26, 0x68, 0xFD,
    0x08, 0x44, 0x90, 0xFD, 0x15, 0x65, 0xC7, 0xFD, 0x22, 0x87, 0xEF, 0xFD, 0x22, 0x87, 0xEF, 0xFD,
    0x1D, 0x8D, 0xF5, 0xFC, 0x19, 0x82, 0xF1, 0xFC, 0x23, 0x8A, 0xF0, 0xFC, 0x23, 0x8A, 0xF0, 0xFC,
    0x25, 0x80, 0xDC, 0xFC, 0x11, 0x53, 0xA9, 0xFC, 0x00, 0x12, 0x5C, 0xFC, 0x05, 0x3A, 0x8D, 0xFC,
    0x05, 0x3A, 0x8D, 0xFC, 0x29, 0x94, 0xF4, 0xFD, 0x28, 0x9D, 0xFD, 0xFD, 0x2A, 0x9D, 0xFC, 0xFD,
    0x2A, 0x9D, 0xFC, 0xFD, 0x33, 0xA5, 0xFC, 0xFD, 0x2F, 0x9F, 0xFC, 0xFD, 0x2D, 0xA0, 0xFE, 0xFD,
    0x2D, 0xA0, 0xFE, 0xFD, 0x22, 0x94, 0xFE, 0xFD, 0x1C, 0x91, 0xFD, 0xFC, 0x14, 0x85, 0xF7, 0xFC,
    0x14, 0x85, 0xF7, 0xFC, 0x11, 0x79, 0xF0, 0xF9, 0x15, 0x78, 0xEA, 0xF7, 0x1C, 0x6A, 0xCD, 0xF0,
    0x02, 0x17, 0x53, 0xA5, 0x02, 0x17, 0x53, 0xA5, 0x22, 0x53, 0x93, 0x2E, 0x3F, 0x7F, 0xC4, 0x0B,
    0x3D, 0x7B, 0xB9, 0x02, 0x3D, 0x7B, 0xB9, 0x02, 0x41, 0x7B, 0xB9, 0x02, 0x00, 0x00, 0x00, 0x00,
    0x00, 0x00, 0x00, 0x00, 0x00, 0x00, 0x00, 0x00, 0x00, 0x00, 0x00, 0x00, 0x00, 0x00, 0x00, 0x00,
    0x00, 0x00, 0x00, 0x00, 0x00, 0x00, 0x00, 0x00, 0x00, 0x00, 0x00, 0x00, 0x00, 0x00, 0x00, 0x00,
    0x00, 0x00, 0x00, 0x00, 0x00, 0x00, 0x00, 0x00, 0x00, 0x00, 0x00, 0x00, 0x00, 0x00, 0x00, 0x00,
    0x00, 0x00, 0x00, 0x00, 0x00, 0x00, 0x00, 0x00, 0x00, 0x00, 0x00, 0x00, 0x00, 0x00, 0x00, 0x00,
    0x00, 0x00, 0x00, 0x00, 0x00, 0x00, 0x00, 0x00, 0x00, 0x00, 0x00, 0x00, 0x00, 0x00, 0x00, 0x00,
    0x00, 0x00, 0x00, 0x00, 0x00, 0x00, 0x00, 0x00, 0x00, 0x00, 0x00, 0x00, 0x00, 0x00, 0x00, 0x00,
    0x00, 0x00, 0x00, 0x00, 0x55, 0x83, 0xB3, 0x01, 0x57, 0x84, 0xB3, 0x01, 0x57, 0x84, 0xB3, 0x01,
    0x58, 0x83, 0xB3, 0x01, 0x59, 0x84, 0xB2, 0x01, 0x5B, 0x84, 0xB1, 0x02, 0x5B, 0x84, 0xB1, 0x02,
    0x5B, 0x83, 0xAF, 0x05, 0x5C, 0x85, 0xAF, 0x02, 0x5F, 0x88, 0xAA, 0x20, 0x35, 0x52, 0x71, 0x7F,
    0x35, 0x52, 0x71, 0x7F, 0x25, 0x4D, 0x7E, 0xE0, 0x4A, 0x97, 0xE1, 0xE9, 0x40, 0x9D, 0xF4, 0xFA,
    0x40, 0x9D, 0xF4, 0xFA, 0x37, 0x96, 0xF5, 0xF5, 0x3D, 0x9D, 0xF9, 0xF9, 0x47, 0xAD, 0xFD, 0xF9,
    0x47, 0xAD, 0xFD, 0xF9, 0x49, 0xA2, 0xFB, 0xFB, 0x55, 0xA9, 0xFA, 0xFB, 0x7F, 0xC8, 0xFC, 0xFB,
    0x7F, 0xC8, 0xFC, 0xFB, 0xBE, 0xE8, 0xFD, 0xFC, 0xCD, 0xE3, 0xFA, 0xFC, 0xD4, 0xEA, 0xF9, 0xFC,
    0xD6, 0xEA, 0xF7, 0xFC, 0xD6, 0xEA, 0xF7, 0xFC, 0xDA, 0xEF, 0xFB, 0xFC, 0xDF, 0xF1, 0xFD, 0xFC,
    0xD9, 0xEE, 0xFB, 0xFC, 0xD9, 0xEE, 0xFB, 0xFC, 0xA8, 0xB6, 0xDA, 0xFC, 0x85, 0x8E, 0xBA, 0xFC,
    0x4D, 0x56, 0x97, 0xFD, 0x4D, 0x56, 0x97, 0xFD, 0x7E, 0x93, 0xD5, 0xFC, 0xDA, 0xF6, 0xFF, 0xFD,
    0xE5, 0xFC, 0xFF, 0xFD, 0xE5, 0xFC, 0xFF, 0xFD, 0xA0, 0xC2, 0xFB, 0xFD, 0x3F, 0x5C, 0xB2, 0xFD,
    0x89, 0xA3, 0xDA, 0xFD, 0xD3, 0xE7, 0xFF, 0xFD, 0xD3, 0xE7, 0xFF, 0xFD, 0xEB, 0xF6, 0xFF, 0xFD,
    0xF1, 0xF7, 0xFD, 0xFD, 0xF8, 0xFA, 0xFC, 0xFD, 0xF8, 0xFA, 0xFC, 0xFD, 0xF7, 0xFB, 0xFC, 0xFD,
    0xED, 0xF0, 0xF9, 0xFD, 0xE9, 0xF3, 0xFC, 0xFD, 0xE9, 0xF3, 0xFC, 0xFD, 0xE6, 0xF2, 0xFC, 0xFD,
    0xDF, 0xED, 0xFD, 0xFD, 0xDA, 0xEE, 0xFE, 0xFD, 0xDA, 0xEE, 0xFE, 0xFD, 0xD1, 0xED, 0xFE, 0xFD,
    0xA0, 0xBE, 0xE1, 0xFD, 0x76, 0xA2, 0xCC, 0xFD, 0x62, 0x98, 0xC5, 0xFD, 0x62, 0x98, 0xC5, 0xFD,
    0x2C, 0x63, 0x97, 0xFD, 0x06, 0x2E, 0x6C, 0xFD, 0x0A, 0x3E, 0x8F, 0xFD, 0x0A, 0x3E, 0x8F, 0xFD,
    0x20, 0x81, 0xE1, 0xFD, 0x24, 0x97, 0xFB, 0xFD, 0x17, 0x85, 0xF5, 0xFC, 0x17, 0x85, 0xF5, 0xFC,
    0x1E, 0x95, 0xF7, 0xFC, 0x27, 0x94, 0xF2, 0xFC, 0x08, 0x40, 0x9E, 0xFC, 0x08, 0x40, 0x9E, 0xFC,
    0x00, 0x21, 0x71, 0xFC, 0x08, 0x40, 0x88, 0xFC, 0x06, 0x35, 0x8A, 0xFC, 0x12, 0x63, 0xC8, 0xFC,
    0x12, 0x63, 0xC8, 0xFC, 0x24, 0x9C, 0xFC, 0xFD, 0x23, 0x9C, 0xFD, 0xFD, 0x25, 0x96, 0xFB, 0xFD,
    0x25, 0x96, 0xFB, 0xFD, 0x2B, 0x9D, 0xFC, 0xFD, 0x2B, 0xA0, 0xFC, 0xFD, 0x27, 0x9B, 0xFD, 0xFD,
    0x27, 0x9B, 0xFD, 0xFD, 0x1D, 0x8D, 0xFC, 0xFD, 0x15, 0x87, 0xFA, 0xFC, 0x11, 0x82, 0xF5, 0xFC,
    0x11, 0x82, 0xF5, 0xFC, 0x19, 0x81, 0xF4, 0xFA, 0x0B, 0x4C, 0xB0, 0xFB, 0x07, 0x32, 0x82, 0xD4,
    0x1C, 0x4F, 0x93, 0x85, 0x1C, 0x4F, 0x93, 0x85, 0x33, 0x70, 0xB1, 0x1F, 0x3F, 0x7F, 0xC0, 0x05,
    0x3F, 0x7C, 0xBA, 0x02, 0x3F, 0x7C, 0xBA, 0x02, 0x41, 0x7C, 0xB9, 0x02, 0x00, 0x00, 0x00, 0x00,
    0x00, 0x00, 0x00, 0x00, 0x00, 0x00, 0x00, 0x00, 0x00, 0x00, 0x00, 0x00, 0x00, 0x00, 0x00, 0x00,
    0x00, 0x00, 0x00, 0x00, 0x00, 0x00, 0x00, 0x00, 0x00, 0x00, 0x00, 0x00, 0x00, 0x00, 0x00, 0x00,
    0x00, 0x00, 0x00, 0x00, 0x00, 0x00, 0x00, 0x00, 0x00, 0x00, 0x00, 0x00, 0x00, 0x00, 0x00, 0x00,
    0x00, 0x00, 0x00, 0x00, 0x00, 0x00, 0x00, 0x00, 0x00, 0x00, 0x00, 0x00, 0x00, 0x00, 0x00, 0x00,
    0x00, 0x00, 0x00, 0x00, 0x00, 0x00, 0x00, 0x00, 0x00, 0x00, 0x00, 0x00, 0x00, 0x00, 0x00, 0x00,
    0x00, 0x00, 0x00, 0x00, 0x00, 0x00, 0x00, 0x00, 0x00, 0x00, 0x00, 0x00, 0x00, 0x00, 0x00, 0x00,
    0x00, 0x00, 0x00, 0x00, 0x55, 0x83, 0xB3, 0x01, 0x57, 0x84, 0xB3, 0x01, 0x57, 0x84, 0xB3, 0x01,
    0x58, 0x83, 0xB3, 0x01, 0x59, 0x84, 0xB2, 0x01, 0x5B, 0x84, 0xB1, 0x02, 0x5B, 0x84, 0xB1, 0x02,
    0x5B, 0x83, 0xAF, 0x05, 0x5C, 0x85, 0xAF, 0x02, 0x5F, 0x88, 0xAA, 0x20, 0x35, 0x52, 0x71, 0x7F,
    0x35, 0x52, 0x71, 0x7F, 0x25, 0x4D, 0x7E, 0xE0, 0x4A, 0x97, 0xE1, 0xE9, 0x40, 0x9D, 0xF4, 0xFA,
    0x40, 0x9D, 0xF4, 0xFA, 0x37, 0x96, 0xF5, 0xF5, 0x3D, 0x9D, 0xF9, 0xF9, 0x47, 0xAD, 0xFD, 0xF9,
    0x47, 0xAD, 0xFD, 0xF9, 0x49, 0xA2, 0xFB, 0xFB, 0x55, 0xA9, 0xFA, 0xFB, 0x7F, 0xC8, 0xFC, 0xFB,
    0x7F, 0xC8, 0xFC, 0xFB, 0xBE, 0xE8, 0xFD, 0xFC, 0xCD, 0xE3, 0xFA, 0xFC, 0xD4, 0xEA, 0xF9, 0xFC,
    0xD6, 0xEA, 0xF7, 0xFC, 0xD6, 0xEA, 0xF7, 0xFC, 0xDA, 0xEF, 0xFB, 0xFC, 0xDF, 0xF1, 0xFD, 0xFC,
    0xD9, 0xEE, 0xFB, 0xFC, 0xD9, 0xEE, 0xFB, 0xFC, 0xA8, 0xB6, 0xDA, 0xFC, 0x85, 0x8E, 0xBA, 0xFC,
    0x4D, 0x56, 0x97, 0xFD, 0x4D, 0x56, 0x97, 0xFD, 0x7E, 0x93, 0xD5, 0xFC, 0xDA, 0xF6, 0xFF, 0xFD,
    0xE5, 0xFC, 0xFF, 0xFD, 0xE5, 0xFC, 0xFF, 0xFD, 0xA0, 0xC2, 0xFB, 0xFD, 0x3F, 0x5C, 0xB2, 0xFD,
    0x89, 0xA3, 0xDA, 0xFD, 0xD3, 0xE7, 0xFF, 0xFD, 0xD3, 0xE7, 0xFF, 0xFD, 0xEB, 0xF6, 0xFF, 0xFD,
    0xF1, 0xF7, 0xFD, 0xFD, 0xF8, 0xFA, 0xFC, 0xFD, 0xF8, 0xFA, 0xFC, 0xFD, 0xF7, 0xFB, 0xFC, 0xFD,
    0xED, 0xF0, 0xF9, 0xFD, 0xE9, 0xF3, 0xFC, 0xFD, 0xE9, 0xF3, 0xFC, 0xFD, 0xE6, 0xF2, 0xFC, 0xFD,
    0xDF, 0xED, 0xFD, 0xFD, 0xDA, 0xEE, 0xFE, 0xFD, 0xDA, 0xEE, 0xFE, 0xFD, 0xD1, 0xED, 0xFE, 0xFD,
    0xA0, 0xBE, 0xE1, 0xFD, 0x76, 0xA2, 0xCC, 0xFD, 0x62, 0x98, 0xC5, 0xFD, 0x62, 0x98, 0xC5, 0xFD,
    0x2C, 0x63, 0x97, 0xFD, 0x06, 0x2E, 0x6C, 0xFD, 0x0A, 0x3E, 0x8F, 0xFD, 0x0A, 0x3E, 0x8F, 0xFD,
    0x20, 0x81, 0xE1, 0xFD, 0x24, 0x97, 0xFB, 0xFD, 0x17, 0x85, 0xF5, 0xFC, 0x17, 0x85, 0xF5, 0xFC,
    0x1E, 0x95, 0xF7, 0xFC, 0x27, 0x94, 0xF2, 0xFC, 0x08, 0x40, 0x9E, 0xFC, 0x08, 0x40, 0x9E, 0xFC,
    0x00, 0x21, 0x71, 0xFC, 0x08, 0x40, 0x88, 0xFC, 0x06, 0x35, 0x8A, 0xFC, 0x12, 0x63, 0xC8, 0xFC,
    0x12, 0x63, 0xC8, 0xFC, 0x24, 0x9C, 0xFC, 0xFD, 0x23, 0x9C, 0xFD, 0xFD, 0x25, 0x96, 0xFB, 0xFD,
    0x25, 0x96, 0xFB, 0xFD, 0x2B, 0x9D, 0xFC, 0xFD, 0x2B, 0xA0, 0xFC, 0xFD, 0x27, 0x9B, 0xFD, 0xFD,
    0x27, 0x9B, 0xFD, 0xFD, 0x1D, 0x8D, 0xFC, 0xFD, 0x15, 0x87, 0xFA, 0xFC, 0x11, 0x82, 0xF5, 0xFC,
    0x11, 0x82, 0xF5, 0xFC, 0x19, 0x81, 0xF4, 0xFA, 0x0B, 0x4C, 0xB0, 0xFB, 0x07, 0x32, 0x82, 0xD4,
    0x1C, 0x4F, 0x93, 0x85, 0x1C, 0x4F, 0x93, 0x85, 0x33, 0x70, 0xB1, 0x1F, 0x3F, 0x7F, 0xC0, 0x05,
    0x3F, 0x7C, 0xBA, 0x02, 0x3F, 0x7C, 0xBA, 0x02, 0x41, 0x7C, 0xB9, 0x02, 0x00, 0x00, 0x00, 0x00,
    0x00, 0x00, 0x00, 0x00, 0x00, 0x00, 0x00, 0x00, 0x00, 0x00, 0x00, 0x00, 0x00, 0x00, 0x00, 0x00,
    0x00, 0x00, 0x00, 0x00, 0x00, 0x00, 0x00, 0x00, 0x00, 0x00, 0x00, 0x00, 0x00, 0x00, 0x00, 0x00,
    0x00, 0x00, 0x00, 0x00, 0x00, 0x00, 0x00, 0x00, 0x00, 0x00, 0x00, 0x00, 0x00, 0x00, 0x00, 0x00,
    0x00, 0x00, 0x00, 0x00, 0x00, 0x00, 0x00, 0x00, 0x00, 0x00, 0x00, 0x00, 0x00, 0x00, 0x00, 0x00,
    0x00, 0x00, 0x00, 0x00, 0x00, 0x00, 0x00, 0x00, 0x00, 0x00, 0x00, 0x00, 0x00, 0x00, 0x00, 0x00,
    0x00, 0x00, 0x00, 0x00, 0x00, 0x00, 0x00, 0x00, 0x00, 0x00, 0x00, 0x00, 0x00, 0x00, 0x00, 0x00,
    0x00, 0x00, 0x00, 0x00, 0x55, 0x82, 0xB1, 0x01, 0x56, 0x82, 0xB1, 0x01, 0x56, 0x82, 0xB1, 0x01,
    0x58, 0x83, 0xB1, 0x01, 0x59, 0x83, 0xB0, 0x01, 0x5B, 0x84, 0xAF, 0x01, 0x5B, 0x84, 0xAF, 0x01,
    0x5D, 0x85, 0xAF, 0x02, 0x5C, 0x85, 0xAE, 0x01, 0x5F, 0x88, 0xAE, 0x05, 0x66, 0x89, 0xAA, 0x19,
    0x66, 0x89, 0xAA, 0x19, 0x43, 0x5E, 0x77, 0x7F, 0x27, 0x4B, 0x6A, 0xC6, 0x32, 0x68, 0xA2, 0xF5,
    0x32, 0x68, 0xA2, 0xF5, 0x4D, 0x9F, 0xE8, 0xF4, 0x4F, 0xAA, 0xF8, 0xF9, 0x4C, 0xAD, 0xFB, 0xF7,
    0x4C, 0xAD, 0xFB, 0xF7, 0x4D, 0xA5, 0xFB, 0xF9, 0x63, 0xB1, 0xFA, 0xFA, 0x96, 0xCC, 0xF8, 0xFB,
    0x96, 0xCC, 0xF8, 0xFB, 0xCB, 0xEA, 0xFB, 0xFB, 0xD6, 0xE7, 0xF6, 0xFC, 0xD9, 0xEC, 0xF6, 0xFC,
    0xDA, 0xEC, 0xF5, 0xFC, 0xDA, 0xEC, 0xF5, 0xFC, 0xDF, 0xEF, 0xF5, 0xFC, 0xDF, 0xE8, 0xF4, 0xFC,
    0xE7, 0xF3, 0xF9, 0xFC, 0xE7, 0xF3, 0xF9, 0xFC, 0xEB, 0xF6, 0xFA, 0xFC, 0xED, 0xF9, 0xFC, 0xFC,
    0xA8, 0xBE, 0xEF, 0xFC, 0xA8, 0xBE, 0xEF, 0xFC, 0x56, 0x69, 0xBF, 0xFC, 0x70, 0x89, 0xDD, 0xFD,
    0x7B, 0x9C, 0xED, 0xFD, 0x7B, 0x9C, 0xED, 0xFD, 0x52, 0x6C, 0xD2, 0xFD, 0x68, 0x85, 0xD2, 0xFD,
    0xC9, 0xE1, 0xFA, 0xFD, 0xE5, 0xF3, 0xFD, 0xFD, 0xE5, 0xF3, 0xFD, 0xFD, 0xE9, 0xF0, 0xF8, 0xFD,
    0xEE, 0xF5, 0xFA, 0xFD, 0xED, 0xF1, 0xF8, 0xFD, 0xED, 0xF1, 0xF8, 0xFD, 0xE9, 0xF2, 0xFA, 0xFD,
    0xE2, 0xED, 0xFB, 0xFD, 0xD5, 0xE9, 0xFA, 0xFD, 0xD5, 0xE9, 0xFA, 0xFD, 0xC9, 0xDF, 0xF7, 0xFD,
    0xC9, 0xE7, 0xFA, 0xFD, 0xA5, 0xBE, 0xE0, 0xFD, 0xA5, 0xBE, 0xE0, 0xFD, 0x75, 0x98, 0xBA, 0xFD,
    0x2D, 0x45, 0x6F, 0xFD, 0x11, 0x32, 0x61, 0xFD, 0x1D, 0x55, 0x8B, 0xFD, 0x1D, 0x55, 0x8B, 0xFD,
    0x1A, 0x5B, 0xA1, 0xFD, 0x20, 0x70, 0xC6, 0xFD, 0x2C, 0x8B, 0xF1, 0xFD, 0x2C, 0x8B, 0xF1, 0xFD,
    0x26, 0x95, 0xFA, 0xFD, 0x1C, 0x94, 0xFB, 0xFC, 0x15, 0x87, 0xF7, 0xFC, 0x15, 0x87, 0xF7, 0xFC,
    0x23, 0x94, 0xF6, 0xFC, 0x1B, 0x6E, 0xD1, 0xFC, 0x00, 0x19, 0x69, 0xFC, 0x00, 0x19, 0x69, 0xFC,
    0x1D, 0x64, 0xC0, 0xFC, 0x34, 0xA0, 0xF4, 0xFC, 0x25, 0x91, 0xF6, 0xFC, 0x20, 0x90, 0xF9, 0xFC,
    0x20, 0x90, 0xF9, 0xFC, 0x19, 0x91, 0xFB, 0xFD, 0x1A, 0x95, 0xFD, 0xFD, 0x1F, 0x96, 0xFC, 0xFD,
    0x1F, 0x96, 0xFC, 0xFD, 0x22, 0x96, 0xFC, 0xFD, 0x22, 0x98, 0xFC, 0xFD, 0x1D, 0x91, 0xFC, 0xFD,
    0x1D, 0x91, 0xFC, 0xFD, 0x17, 0x8B, 0xFB, 0xFC, 0x15, 0x87, 0xFA, 0xFD, 0x10, 0x7D, 0xF0, 0xFC,
    0x10, 0x7D, 0xF0, 0xFC, 0x1F, 0x82, 0xF2, 0xF8, 0x05, 0x2B, 0x85, 0xF5, 0x0A, 0x28, 0x6C, 0x89,
    0x3D, 0x7F, 0xC2, 0x37, 0x3D, 0x7F, 0xC2, 0x37, 0x3D, 0x80, 0xBF, 0x0E, 0x41, 0x7F, 0xBD, 0x04,
    0x43, 0x7D, 0xBB, 0x01, 0x43, 0x7D, 0xBB, 0x01, 0x43, 0x7C, 0xB9, 0x02, 0x00, 0x00, 0x00, 0x00,
    0x00, 0x00, 0x00, 0x00, 0x00, 0x00, 0x00, 0x00, 0x00, 0x00, 0x00, 0x00, 0x00, 0x00, 0x00, 0x00,
    0x00, 0x00, 0x00, 0x00, 0x00, 0x00, 0x00, 0x00, 0x00, 0x00, 0x00, 0x00, 0x00, 0x00, 0x00, 0x00,
    0x00, 0x00, 0x00, 0x00, 0x00, 0x00, 0x00, 0x00, 0x00, 0x00, 0x00, 0x00, 0x00, 0x00, 0x00, 0x00,
    0x00, 0x00, 0x00, 0x00, 0x00, 0x00, 0x00, 0x00, 0x00, 0x00, 0x00, 0x00, 0x00, 0x00, 0x00, 0x00,
    0x00, 0x00, 0x00, 0x00, 0x00, 0x00, 0x00, 0x00, 0x00, 0x00, 0x00, 0x00, 0x00, 0x00, 0x00, 0x00,
    0x00, 0x00, 0x00, 0x00, 0x00, 0x00, 0x00, 0x00, 0x00, 0x00, 0x00, 0x00, 0x00, 0x00, 0x00, 0x00,
    0x00, 0x00, 0x00, 0x00, 0x55, 0x81, 0xAF, 0x01, 0x56, 0x81, 0xAE, 0x01, 0x56, 0x81, 0xAE, 0x01,
    0x58, 0x82, 0xAE, 0x01, 0x59, 0x83, 0xAF, 0x01, 0x5C, 0x84, 0xAE, 0x01, 0x5C, 0x84, 0xAE, 0x01,
    0x5E, 0x84, 0xAD, 0x03, 0x61, 0x87, 0xAD, 0x02, 0x61, 0x87, 0xAC, 0x02, 0x64, 0x88, 0xAD, 0x01,
    0x64, 0x88, 0xAD, 0x01, 0x67, 0x8C, 0xAD, 0x0D, 0x53, 0x70, 0x88, 0x6C, 0x21, 0x32, 0x45, 0xA6,
    0x21, 0x32, 0x45, 0xA6, 0x26, 0x44, 0x62, 0xED, 0x43, 0x74, 0xAE, 0xF2, 0x56, 0xA5, 0xE9, 0xF9,
    0x56, 0xA5, 0xE9, 0xF9, 0x5D, 0xAD, 0xF6, 0xFA, 0x7D, 0xC4, 0xFA, 0xFA, 0xB5, 0xE4, 0xFB, 0xFB,
    0xB5, 0xE4, 0xFB, 0xFB, 0xDB, 0xF3, 0xFB, 0xFB, 0xE1, 0xF2, 0xFA, 0xFC, 0xE9, 0xF8, 0xFC, 0xFC,
    0xEA, 0xF7, 0xFC, 0xFC, 0xEA, 0xF7, 0xFC, 0xFC, 0xED, 0xF6, 0xF9, 0xFC, 0xEC, 0xF1, 0xF3, 0xFC,
    0xEE, 0xF1, 0xF0, 0xFC, 0xEE, 0xF1, 0xF0, 0xFC, 0xE5, 0xE2, 0xE4, 0xFD, 0xE7, 0xEB, 0xF2, 0xFC,
    0xC3, 0xD4, 0xF3, 0xFC, 0xC3, 0xD4, 0xF3, 0xFC, 0x74, 0x80, 0xD5, 0xFC, 0x59, 0x66, 0xCF, 0xFC,
    0x63, 0x7E, 0xDF, 0xFD, 0x63, 0x7E, 0xDF, 0xFD, 0x69, 0x80, 0xDE, 0xFD, 0x9C, 0xB6, 0xF2, 0xFD,
    0xD7, 0xE8, 0xF9, 0xFD, 0xE8, 0xF0, 0xF9, 0xFD, 0xE8, 0xF0, 0xF9, 0xFD, 0xE7, 0xED, 0xF5, 0xFD,
    0xE8, 0xF3, 0xFA, 0xFD, 0xE5, 0xEE, 0xFA, 0xFD, 0xE5, 0xEE, 0xFA, 0xFD, 0xDF, 0xEE, 0xFB, 0xFD,
    0xCC, 0xDD, 0xF4, 0xFD, 0x9C, 0xB5, 0xD6, 0xFD, 0x9C, 0xB5, 0xD6, 0xFD, 0x74, 0x92, 0xBB, 0xFD,
    0x69, 0x95, 0xC0, 0xFD, 0x43, 0x6C, 0xA1, 0xFC, 0x43, 0x6C, 0xA1, 0xFC, 0x22, 0x4D, 0x85, 0xFC,
    0x16, 0x3B, 0x7A, 0xFD, 0x22, 0x5A, 0x9F, 0xFC, 0x32, 0x7D, 0xD1, 0xFD, 0x32, 0x7D, 0xD1, 0xFD,
    0x33, 0x93, 0xF2, 0xFC, 0x2A, 0x92, 0xF8, 0xFC, 0x28, 0x96, 0xFC, 0xFC, 0x28, 0x96, 0xFC, 0xFC,
    0x22, 0x8D, 0xFA, 0xFC, 0x18, 0x87, 0xF7, 0xFC, 0x19, 0x8C, 0xF8, 0xFC, 0x19, 0x8C, 0xF8, 0xFC,
    0x29, 0x8B, 0xF2, 0xFC, 0x02, 0x28, 0x7C, 0xFC, 0x06, 0x37, 0x8B, 0xFC, 0x06, 0x37, 0x8B, 0xFC,
    0x36, 0xA4, 0xF9, 0xFC, 0x23, 0x9D, 0xFC, 0xFC, 0x20, 0x9A, 0xFD, 0xFC, 0x1C, 0x96, 0xFC, 0xFC,
    0x1C, 0x96, 0xFC, 0xFC, 0x13, 0x86, 0xF9, 0xFD, 0x15, 0x8B, 0xFB, 0xFD, 0x16, 0x8F, 0xFC, 0xFD,
    0x16, 0x8F, 0xFC, 0xFD, 0x17, 0x8E, 0xFC, 0xFD, 0x13, 0x84, 0xF9, 0xFD, 0x16, 0x8C, 0xFC, 0xFD,
    0x16, 0x8C, 0xFC, 0xFD, 0x13, 0x86, 0xFA, 0xFD, 0x0E, 0x79, 0xF3, 0xFC, 0x0E, 0x74, 0xEA, 0xFB,
    0x0E, 0x74, 0xEA, 0xFB, 0x1B, 0x7B, 0xE9, 0xF6, 0x10, 0x3E, 0x8E, 0xF0, 0x0D, 0x2B, 0x6E, 0x96,
    0x38, 0x74, 0xB6, 0x21, 0x38, 0x74, 0xB6, 0x21, 0x3F, 0x7F, 0xBD, 0x05, 0x43, 0x7E, 0xBC, 0x06,
    0x45, 0x7D, 0xBA, 0x01, 0x45, 0x7D, 0xBA, 0x01, 0x45, 0x7D, 0xB9, 0x01, 0x00, 0x00, 0x00, 0x00,
    0x00, 0x00, 0x00, 0x00, 0x00, 0x00, 0x00, 0x00, 0x00, 0x00, 0x00, 0x00, 0x00, 0x00, 0x00, 0x00,
    0x00, 0x00, 0x00, 0x00, 0x00, 0x00, 0x00, 0x00, 0x00, 0x00, 0x00, 0x00, 0x00, 0x00, 0x00, 0x00,
    0x00, 0x00, 0x00, 0x00, 0x00, 0x00, 0x00, 0x00, 0x00, 0x00, 0x00, 0x00, 0x00, 0x00, 0x00, 0x00,
    0x00, 0x00, 0x00, 0x00, 0x00, 0x00, 0x00, 0x00, 0x00, 0x00, 0x00, 0x00, 0x00, 0x00, 0x00, 0x00,
    0x00, 0x00, 0x00, 0x00, 0x00, 0x00, 0x00, 0x00, 0x00, 0x00, 0x00, 0x00, 0x00, 0x00, 0x00, 0x00,
    0x00, 0x00, 0x00, 0x00, 0x00, 0x00, 0x00, 0x00, 0x00, 0x00, 0x00, 0x00, 0x00, 0x00, 0x00, 0x00,
    0x00, 0x00, 0x00, 0x00, 0x57, 0x82, 0xAE, 0x01, 0x58, 0x82, 0xAD, 0x01, 0x58, 0x82, 0xAD, 0x01,
    0x59, 0x82, 0xAD, 0x01, 0x5B, 0x83, 0xAE, 0x01, 0x5C, 0x84, 0xAE, 0x02, 0x5C, 0x84, 0xAE, 0x02,
    0x60, 0x86, 0xAD, 0x02, 0x62, 0x86, 0xAE, 0x01, 0x66, 0x88, 0xAB, 0x03, 0x66, 0x88, 0xAC, 0x05,
    0x66, 0x88, 0xAC, 0x05, 0x64, 0x87, 0xAA, 0x01, 0x68, 0x8B, 0xAC, 0x04, 0x62, 0x7E, 0x93, 0x21,
    0x62, 0x7E, 0x93, 0x21, 0x36, 0x42, 0x4E, 0xB3, 0x20, 0x2E, 0x3D, 0xD6, 0x27, 0x42, 0x60, 0xF2,
    0x27, 0x42, 0x60, 0xF2, 0x22, 0x43, 0x73, 0xFC, 0x58, 0x85, 0xAF, 0xFA, 0xA3, 0xC9, 0xDC, 0xFB,
    0xA3, 0xC9, 0xDC, 0xFB, 0xB1, 0xC8, 0xD0, 0xFB, 0xA0, 0xAD, 0xB7, 0xFC, 0x9C, 0xAF, 0xB8, 0xFB,
    0xA7, 0xB2, 0xBB, 0xFC, 0xA7, 0xB2, 0xBB, 0xFC, 0xD3, 0xDF, 0xE6, 0xFC, 0xEF, 0xF6, 0xFB, 0xFC,
    0xF9, 0xFC, 0xFD, 0xFC, 0xF9, 0xFC, 0xFD, 0xFC, 0xF7, 0xFB, 0xFA, 0xFC, 0xF0, 0xF7, 0xFB, 0xFC,
    0xCA, 0xD9, 0xF7, 0xFC, 0xCA, 0xD9, 0xF7, 0xFC, 0xA0, 0xBB, 0xF8, 0xFC, 0x8D, 0xAB, 0xF8, 0xFD,
    0x8B, 0xAC, 0xFC, 0xFC, 0x8B, 0xAC, 0xFC, 0xFC, 0x8F, 0xAD, 0xFC, 0xFC, 0xA8, 0xC4, 0xFC, 0xFD,
    0xC8, 0xDB, 0xFA, 0xFD, 0xD8, 0xE8, 0xF9, 0xFD, 0xD8, 0xE8, 0xF9, 0xFD, 0xD3, 0xE0, 0xF3, 0xFD,
    0xD2, 0xE1, 0xF2, 0xFD, 0xCC, 0xD8, 0xED, 0xFD, 0xCC, 0xD8, 0xED, 0xFD, 0xBA, 0xCC, 0xE0, 0xFD,
    0x7C, 0x92, 0xAD, 0xFD, 0x48, 0x69, 0x8E, 0xFC, 0x48, 0x69, 0x8E, 0xFC, 0x39, 0x5F, 0x97, 0xFD,
    0x42, 0x76, 0xBD, 0xFD, 0x3F, 0x82, 0xD3, 0xFC, 0x3F, 0x82, 0xD3, 0xFC, 0x43, 0x94, 0xE8, 0xFC,
    0x3B, 0x8E, 0xE8, 0xFC, 0x38, 0x96, 0xF4, 0xFC, 0x31, 0x95, 0xF7, 0xFC, 0x31, 0x95, 0xF7, 0xFC,
    0x2D, 0x9A, 0xFB, 0xFC, 0x24, 0x8F, 0xFB, 0xFC, 0x23, 0x90, 0xFC, 0xFC, 0x23, 0x90, 0xFC, 0xFC,
    0x21, 0x90, 0xFB, 0xFC, 0x1B, 0x8B, 0xFA, 0xFC, 0x20, 0x92, 0xFA, 0xFC, 0x20, 0x92, 0xFA, 0xFC,
    0x21, 0x7B, 0xDC, 0xFC, 0x00, 0x1A, 0x61, 0xFC, 0x1E, 0x63, 0xBE, 0xFC, 0x1E, 0x63, 0xBE, 0xFC,
    0x32, 0xAC, 0xFB, 0xFC, 0x1C, 0x93, 0xFB, 0xFC, 0x25, 0x94, 0xFC, 0xFC, 0x22, 0x9E, 0xFD, 0xFC,
    0x22, 0x9E, 0xFD, 0xFC, 0x13, 0x90, 0xFC, 0xFD, 0x0F, 0x8B, 0xFB, 0xFD, 0x0E, 0x82, 0xF9, 0xFD,
    0x0E, 0x82, 0xF9, 0xFD, 0x11, 0x88, 0xFB, 0xFD, 0x10, 0x82, 0xFA, 0xFD, 0x12, 0x86, 0xFB, 0xFC,
    0x12, 0x86, 0xFB, 0xFC, 0x10, 0x83, 0xFA, 0xFC, 0x0D, 0x79, 0xF5, 0xFB, 0x10, 0x73, 0xE8, 0xFA,
    0x10, 0x73, 0xE8, 0xFA, 0x0F, 0x53, 0xB7, 0xF4, 0x06, 0x2C, 0x75, 0xC9, 0x20, 0x51, 0x97, 0x5D,
    0x43, 0x81, 0xC1, 0x0F, 0x43, 0x81, 0xC1, 0x0F, 0x42, 0x80, 0xBE, 0x08, 0x42, 0x7E, 0xBB, 0x04,
    0x45, 0x7E, 0xBB, 0x01, 0x45, 0x7E, 0xBB, 0x01, 0x44, 0x7D, 0xB9, 0x01, 0x00, 0x00, 0x00, 0x00,
    0x00, 0x00, 0x00, 0x00, 0x00, 0x00, 0x00, 0x00, 0x00, 0x00, 0x00, 0x00, 0x00, 0x00, 0x00, 0x00,
    0x00, 0x00, 0x00, 0x00, 0x00, 0x00, 0x00, 0x00, 0x00, 0x00, 0x00, 0x00, 0x00, 0x00, 0x00, 0x00,
    0x00, 0x00, 0x00, 0x00, 0x00, 0x00, 0x00, 0x00, 0x00, 0x00, 0x00, 0x00, 0x00, 0x00, 0x00, 0x00,
    0x00, 0x00, 0x00, 0x00, 0x00, 0x00, 0x00, 0x00, 0x00, 0x00, 0x00, 0x00, 0x00, 0x00, 0x00, 0x00,
    0x00, 0x00, 0x00, 0x00, 0x00, 0x00, 0x00, 0x00, 0x00, 0x00, 0x00, 0x00, 0x00, 0x00, 0x00, 0x00,
    0x00, 0x00, 0x00, 0x00, 0x00, 0x00, 0x00, 0x00, 0x00, 0x00, 0x00, 0x00, 0x00, 0x00, 0x00, 0x00,
    0x00, 0x00, 0x00, 0x00, 0x57, 0x82, 0xAE, 0x01, 0x58, 0x82, 0xAD, 0x01, 0x58, 0x82, 0xAD, 0x01,
    0x59, 0x82, 0xAD, 0x01, 0x5B, 0x83, 0xAE, 0x01, 0x5C, 0x84, 0xAE, 0x02, 0x5C, 0x84, 0xAE, 0x02,
    0x60, 0x86, 0xAD, 0x02, 0x62, 0x86, 0xAE, 0x01, 0x66, 0x88, 0xAB, 0x03, 0x66, 0x88, 0xAC, 0x05,
    0x66, 0x88, 0xAC, 0x05, 0x64, 0x87, 0xAA, 0x01, 0x68, 0x8B, 0xAC, 0x04, 0x62, 0x7E, 0x93, 0x21,
    0x62, 0x7E, 0x93, 0x21, 0x36, 0x42, 0x4E, 0xB3, 0x20, 0x2E, 0x3D, 0xD6, 0x27, 0x42, 0x60, 0xF2,
    0x27, 0x42, 0x60, 0xF2, 0x22, 0x43, 0x73, 0xFC, 0x58, 0x85, 0xAF, 0xFA, 0xA3, 0xC9, 0xDC, 0xFB,
    0xA3, 0xC9, 0xDC, 0xFB, 0xB1, 0xC8, 0xD0, 0xFB, 0xA0, 0xAD, 0xB7, 0xFC, 0x9C, 0xAF, 0xB8, 0xFB,
    0xA7, 0xB2, 0xBB, 0xFC, 0xA7, 0xB2, 0xBB, 0xFC, 0xD3, 0xDF, 0xE6, 0xFC, 0xEF, 0xF6, 0xFB, 0xFC,
    0xF9, 0xFC, 0xFD, 0xFC, 0xF9, 0xFC, 0xFD, 0xFC, 0xF7, 0xFB, 0xFA, 0xFC, 0xF0, 0xF7, 0xFB, 0xFC,
    0xCA, 0xD9, 0xF7, 0xFC, 0xCA, 0xD9, 0xF7, 0xFC, 0xA0, 0xBB, 0xF8, 0xFC, 0x8D, 0xAB, 0xF8, 0xFD,
    0x8B, 0xAC, 0xFC, 0xFC, 0x8B, 0xAC, 0xFC, 0xFC, 0x8F, 0xAD, 0xFC, 0xFC, 0xA8, 0xC4, 0xFC, 0xFD,
    0xC8, 0xDB, 0xFA, 0xFD, 0xD8, 0xE8, 0xF9, 0xFD, 0xD8, 0xE8, 0xF9, 0xFD, 0xD3, 0xE0, 0xF3, 0xFD,
    0xD2, 0xE1, 0xF2, 0xFD, 0xCC, 0xD8, 0xED, 0xFD, 0xCC, 0xD8, 0xED, 0xFD, 0xBA, 0xCC, 0xE0, 0xFD,
    0x7C, 0x92, 0xAD, 0xFD, 0x48, 0x69, 0x8E, 0xFC, 0x48, 0x69, 0x8E, 0xFC, 0x39, 0x5F, 0x97, 0xFD,
    0x42, 0x76, 0xBD, 0xFD, 0x3F, 0x82, 0xD3, 0xFC, 0x3F, 0x82, 0xD3, 0xFC, 0x43, 0x94, 0xE8, 0xFC,
    0x3B, 0x8E, 0xE8, 0xFC, 0x38, 0x96, 0xF4, 0xFC, 0x31, 0x95, 0xF7, 0xFC, 0x31, 0x95, 0xF7, 0xFC,
    0x2D, 0x9A, 0xFB, 0xFC, 0x24, 0x8F, 0xFB, 0xFC, 0x23, 0x90, 0xFC, 0xFC, 0x23, 0x90, 0xFC, 0xFC,
    0x21, 0x90, 0xFB, 0xFC, 0x1B, 0x8B, 0xFA, 0xFC, 0x20, 0x92, 0xFA, 0xFC, 0x20, 0x92, 0xFA, 0xFC,
    0x21, 0x7B, 0xDC, 0xFC, 0x00, 0x1A, 0x61, 0xFC, 0x1E, 0x63, 0xBE, 0xFC, 0x1E, 0x63, 0xBE, 0xFC,
    0x32, 0xAC, 0xFB, 0xFC, 0x1C, 0x93, 0xFB, 0xFC, 0x25, 0x94, 0xFC, 0xFC, 0x22, 0x9E, 0xFD, 0xFC,
    0x22, 0x9E, 0xFD, 0xFC, 0x13, 0x90, 0xFC, 0xFD, 0x0F, 0x8B, 0xFB, 0xFD, 0x0E, 0x82, 0xF9, 0xFD,
    0x0E, 0x82, 0xF9, 0xFD, 0x11, 0x88, 0xFB, 0xFD, 0x10, 0x82, 0xFA, 0xFD, 0x12, 0x86, 0xFB, 0xFC,
    0x12, 0x86, 0xFB, 0xFC, 0x10, 0x83, 0xFA, 0xFC, 0x0D, 0x79, 0xF5, 0xFB, 0x10, 0x73, 0xE8, 0xFA,
    0x10, 0x73, 0xE8, 0xFA, 0x0F, 0x53, 0xB7, 0xF4, 0x06, 0x2C, 0x75, 0xC9, 0x20, 0x51, 0x97, 0x5D,
    0x43, 0x81, 0xC1, 0x0F, 0x43, 0x81, 0xC1, 0x0F, 0x42, 0x80, 0xBE, 0x08, 0x42, 0x7E, 0xBB, 0x04,
    0x45, 0x7E, 0xBB, 0x01, 0x45, 0x7E, 0xBB, 0x01, 0x44, 0x7D, 0xB9, 0x01, 0x00, 0x00, 0x00, 0x00,
    0x00, 0x00, 0x00, 0x00, 0x00, 0x00, 0x00, 0x00, 0x00, 0x00, 0x00, 0x00, 0x00, 0x00, 0x00, 0x00,
    0x00, 0x00, 0x00, 0x00, 0x00, 0x00, 0x00, 0x00, 0x00, 0x00, 0x00, 0x00, 0x00, 0x00, 0x00, 0x00,
    0x00, 0x00, 0x00, 0x00, 0x00, 0x00, 0x00, 0x00, 0x00, 0x00, 0x00, 0x00, 0x00, 0x00, 0x00, 0x00,
    0x00, 0x00, 0x00, 0x00, 0x00, 0x00, 0x00, 0x00, 0x00, 0x00, 0x00, 0x00, 0x00, 0x00, 0x00, 0x00,
    0x00, 0x00, 0x00, 0x00, 0x00, 0x00, 0x00, 0x00, 0x00, 0x00, 0x00, 0x00, 0x00, 0x00, 0x00, 0x00,
    0x00, 0x00, 0x00, 0x00, 0x00, 0x00, 0x00, 0x00, 0x00, 0x00, 0x00, 0x00, 0x00, 0x00, 0x00, 0x00,
    0x00, 0x00, 0x00, 0x00, 0x57, 0x81, 0xAD, 0x01, 0x58, 0x82, 0xAC, 0x01, 0x58, 0x82, 0xAC, 0x01,
    0x5A, 0x82, 0xAC, 0x01, 0x5C, 0x83, 0xAD, 0x01, 0x5D, 0x83, 0xAD, 0x02, 0x5D, 0x83, 0xAD, 0x02,
    0x60, 0x84, 0xAC, 0x02, 0x62, 0x85, 0xAB, 0x02, 0x65, 0x86, 0xAA, 0x02, 0x67, 0x86, 0xAA, 0x02,
    0x67, 0x86, 0xAA, 0x02, 0x66, 0x86, 0xA9, 0x03, 0x64, 0x85, 0xA7, 0x0E, 0x60, 0x81, 0xA4, 0x08,
    0x60, 0x81, 0xA4, 0x08, 0x4B, 0x6C, 0x8E, 0x28, 0x63, 0x87, 0xA1, 0x6A, 0x4D, 0x61, 0x6F, 0xC5,
    0x4D, 0x61, 0x6F, 0xC5, 0x11, 0x0F, 0x17, 0xFC, 0x14, 0x16, 0x20, 0xF9, 0x23, 0x27, 0x26, 0xFB,
    0x23, 0x27, 0x26, 0xFB, 0x23, 0x21, 0x1A, 0xFC, 0x1D, 0x13, 0x0D, 0xFC, 0x1F, 0x16, 0x0E, 0xFC,
    0x1B, 0x0D, 0x09, 0xFC, 0x1B, 0x0D, 0x09, 0xFC, 0x3C, 0x35, 0x34, 0xFC, 0x70, 0x68, 0x76, 0xFC,
    0xB7, 0xC1, 0xCA, 0xFC, 0xB7, 0xC1, 0xCA, 0xFC, 0xC2, 0xCF, 0xDB, 0xFC, 0xB1, 0xBC, 0xD6, 0xFC,
    0x82, 0x8A, 0xC2, 0xFC, 0x82, 0x8A, 0xC2, 0xFC, 0x7D, 0x92, 0xD6, 0xFC, 0x78, 0x8B, 0xD3, 0xFC,
    0x78, 0x89, 0xCD, 0xFC, 0x78, 0x89, 0xCD, 0xFC, 0x74, 0x83, 0xC5, 0xFD, 0x72, 0x80, 0xBB, 0xFC,
    0x68, 0x73, 0xA0, 0xFC, 0x62, 0x70, 0x97, 0xFD, 0x62, 0x70, 0x97, 0xFD, 0x58, 0x65, 0x89, 0xFD,
    0x50, 0x61, 0x81, 0xFD, 0x40, 0x4C, 0x6E, 0xFD, 0x40, 0x4C, 0x6E, 0xFD, 0x2F, 0x3F, 0x5D, 0xFD,
    0x1A, 0x2A, 0x4E, 0xFC, 0x3F, 0x66, 0x9A, 0xFD, 0x3F, 0x66, 0x9A, 0xFD, 0x5C, 0x9E, 0xE5, 0xFD,
    0x58, 0xA4, 0xF7, 0xFC, 0x47, 0x9B, 0xF8, 0xFC, 0x47, 0x9B, 0xF8, 0xFC, 0x40, 0xA1, 0xFC, 0xFC,
    0x34, 0x9A, 0xFA, 0xFC, 0x2D, 0x97, 0xFB, 0xFC, 0x29, 0x90, 0xFA, 0xFC, 0x29, 0x90, 0xFA, 0xFC,
    0x27, 0x92, 0xFB, 0xFC, 0x25, 0x94, 0xFC, 0xFC, 0x24, 0x93, 0xFC, 0xFC, 0x24, 0x93, 0xFC, 0xFC,
    0x1D, 0x8A, 0xFB, 0xFC, 0x1A, 0x8D, 0xFC, 0xFC, 0x28, 0x94, 0xFB, 0xFC, 0x28, 0x94, 0xFB, 0xFC,
    0x0D, 0x49, 0xA4, 0xFC, 0x03, 0x1C, 0x65, 0xFC, 0x2B, 0x79, 0xDB, 0xFC, 0x2B, 0x79, 0xDB, 0xFC,
    0x2A, 0x99, 0xF9, 0xFC, 0x3A, 0xAA, 0xFD, 0xFC, 0x44, 0xAE, 0xFD, 0xFC, 0x2E, 0x9E, 0xFB, 0xFC,
    0x2E, 0x9E, 0xFB, 0xFC, 0x14, 0x8E, 0xFA, 0xFC, 0x0D, 0x88, 0xFA, 0xFD, 0x0A, 0x7A, 0xF4, 0xFD,
    0x0A, 0x7A, 0xF4, 0xFD, 0x0B, 0x7B, 0xF8, 0xFD, 0x0F, 0x82, 0xFB, 0xFD, 0x0D, 0x7A, 0xF9, 0xFC,
    0x0D, 0x7A, 0xF9, 0xFC, 0x0A, 0x76, 0xF5, 0xFC, 0x0F, 0x7D, 0xF6, 0xFA, 0x16, 0x69, 0xD7, 0xFC,
    0x16, 0x69, 0xD7, 0xFC, 0x02, 0x16, 0x5F, 0xF7, 0x1A, 0x46, 0x85, 0x80, 0x47, 0x8B, 0xC9, 0x1C,
    0x3F, 0x7F, 0xBE, 0x0E, 0x3F, 0x7F, 0xBE, 0x0E, 0x42, 0x7F, 0xBD, 0x06, 0x44, 0x7F, 0xBC, 0x02,
    0x45, 0x7F, 0xBB, 0x02, 0x45, 0x7F, 0xBB, 0x02, 0x45, 0x7F, 0xBA, 0x01, 0x00, 0x00, 0x00, 0x00,
    0x00, 0x00, 0x00, 0x00, 0x00, 0x00, 0x00, 0x00, 0x00, 0x00, 0x00, 0x00, 0x00, 0x00, 0x00, 0x00,
    0x00, 0x00, 0x00, 0x00, 0x00, 0x00, 0x00, 0x00, 0x00, 0x00, 0x00, 0x00, 0x00, 0x00, 0x00, 0x00,
    0x00, 0x00, 0x00, 0x00, 0x00, 0x00, 0x00, 0x00, 0x00, 0x00, 0x00, 0x00, 0x00, 0x00, 0x00, 0x00,
    0x00, 0x00, 0x00, 0x00, 0x00, 0x00, 0x00, 0x00, 0x00, 0x00, 0x00, 0x00, 0x00, 0x00, 0x00, 0x00,
    0x00, 0x00, 0x00, 0x00, 0x00, 0x00, 0x00, 0x00, 0x00, 0x00, 0x00, 0x00, 0x00, 0x00, 0x00, 0x00,
    0x00, 0x00, 0x00, 0x00, 0x00, 0x00, 0x00, 0x00, 0x00, 0x00, 0x00, 0x00, 0x00, 0x00, 0x00, 0x00,
    0x00, 0x00, 0x00, 0x00, 0x57, 0x81, 0xAC, 0x01, 0x59, 0x82, 0xAB, 0x01, 0x59, 0x82, 0xAB, 0x01,
    0x5B, 0x82, 0xAA, 0x01, 0x5C, 0x82, 0xAA, 0x01, 0x5E, 0x83, 0xAA, 0x01, 0x5E, 0x83, 0xAA, 0x01,
    0x60, 0x84, 0xAA, 0x02, 0x63, 0x85, 0xAB, 0x01, 0x65, 0x86, 0xA9, 0x01, 0x68, 0x87, 0xA9, 0x01,
    0x68, 0x87, 0xA9, 0x01, 0x67, 0x85, 0xA7, 0x01, 0x6A, 0x8B, 0xAC, 0x04, 0x58, 0x7C, 0xA0, 0x06,
    0x58, 0x7C, 0xA0, 0x06, 0x50, 0x76, 0x9D, 0x02, 0x84, 0xA7, 0xBF, 0x45, 0x4B, 0x50, 0x4A, 0xC5,
    0x4B, 0x50, 0x4A, 0xC5, 0x27, 0x13, 0x07, 0xFD, 0x55, 0x31, 0x1A, 0xF9, 0x76, 0x49, 0x25, 0xFB,
    0x76, 0x49, 0x25, 0xFB, 0x8F, 0x5F, 0x36, 0xFC, 0x98, 0x5F, 0x38, 0xFC, 0xA5, 0x72, 0x42, 0xFC,
    0x98, 0x63, 0x37, 0xFC, 0x98, 0x63, 0x37, 0xFC, 0x84, 0x56, 0x35, 0xFC, 0x55, 0x2C, 0x1B, 0xFC,
    0x3B, 0x2D, 0x24, 0xFC, 0x3B, 0x2D, 0x24, 0xFC, 0x2D, 0x26, 0x2A, 0xFC, 0x2B, 0x27, 0x3C, 0xFB,
    0x1B, 0x1C, 0x47, 0xFC, 0x1B, 0x1C, 0x47, 0xFC, 0x16, 0x19, 0x4E, 0xFC, 0x14, 0x12, 0x42, 0xFC,
    0x19, 0x20, 0x4A, 0xFC, 0x19, 0x20, 0x4A, 0xFC, 0x12, 0x16, 0x41, 0xFC, 0x12, 0x16, 0x43, 0xFC,
    0x09, 0x14, 0x3E, 0xFC, 0x06, 0x14, 0x3D, 0xFC, 0x06, 0x14, 0x3D, 0xFC, 0x06, 0x14, 0x3A, 0xFC,
    0x0C, 0x1E, 0x41, 0xFC, 0x10, 0x1B, 0x43, 0xFC, 0x10, 0x1B, 0x43, 0xFC, 0x11, 0x23, 0x4F, 0xFC,
    0x2D, 0x4B, 0x80, 0xFD, 0x58, 0x8F, 0xD8, 0xFC, 0x58, 0x8F, 0xD8, 0xFC, 0x60, 0xB2, 0xF8, 0xFC,
    0x59, 0xB1, 0xFB, 0xFC, 0x4D, 0xA3, 0xFB, 0xFC, 0x4D, 0xA3, 0xFB, 0xFC, 0x42, 0x9D, 0xFB, 0xFC,
    0x37, 0x9D, 0xFC, 0xFC, 0x32, 0x9F, 0xFD, 0xFC, 0x2D, 0x9A, 0xFC, 0xFC, 0x2D, 0x9A, 0xFC, 0xFC,
    0x28, 0x92, 0xFB, 0xFC, 0x28, 0x98, 0xFC, 0xFC, 0x26, 0x97, 0xFD, 0xFC, 0x26, 0x97, 0xFD, 0xFC,
    0x1D, 0x8D, 0xFC, 0xFC, 0x1D, 0x91, 0xFD, 0xFC, 0x20, 0x83, 0xF1, 0xFC, 0x20, 0x83, 0xF1, 0xFC,
    0x04, 0x2B, 0x81, 0xFC, 0x15, 0x3D, 0x81, 0xFC, 0x4D, 0xA9, 0xF5, 0xFC, 0x4D, 0xA9, 0xF5, 0xFC,
    0x49, 0xA7, 0xF5, 0xFC, 0x63, 0xBB, 0xFB, 0xFC, 0x79, 0xDE, 0xFE, 0xFC, 0x55, 0xC3, 0xFD, 0xFC,
    0x55, 0xC3, 0xFD, 0xFC, 0x1A, 0x8D, 0xF6, 0xFC, 0x0D, 0x83, 0xF8, 0xFC, 0x0C, 0x7D, 0xF5, 0xFC,
    0x0C, 0x7D, 0xF5, 0xFC, 0x0D, 0x79, 0xF6, 0xFC, 0x0C, 0x79, 0xF5, 0xFC, 0x0E, 0x7A, 0xF6, 0xFB,
    0x0E, 0x7A, 0xF6, 0xFB, 0x0B, 0x6E, 0xEE, 0xFB, 0x1C, 0x7C, 0xE7, 0xF7, 0x0C, 0x37, 0x80, 0xF3,
    0x0C, 0x37, 0x80, 0xF3, 0x05, 0x1D, 0x55, 0xAD, 0x3B, 0x71, 0xB0, 0x32, 0x3F, 0x81, 0xBE, 0x10,
    0x40, 0x7E, 0xBC, 0x06, 0x40, 0x7E, 0xBC, 0x06, 0x45, 0x7F, 0xBD, 0x03, 0x46, 0x7F, 0xBC, 0x02,
    0x46, 0x80, 0xBB, 0x01, 0x46, 0x80, 0xBB, 0x01, 0x45, 0x7F, 0xBA, 0x01, 0x00, 0x00, 0x00, 0x00,
    0x00, 0x00, 0x00, 0x00, 0x00, 0x00, 0x00, 0x00, 0x00, 0x00, 0x00, 0x00, 0x00, 0x00, 0x00, 0x00,
    0x00, 0x00, 0x00, 0x00, 0x00, 0x00, 0x00, 0x00, 0x00, 0x00, 0x00, 0x00, 0x00, 0x00, 0x00, 0x00,
    0x00, 0x00, 0x00, 0x00, 0x00, 0x00, 0x00, 0x00, 0x00, 0x00, 0x00, 0x00, 0x00, 0x00, 0x00, 0x00,
    0x00, 0x00, 0x00, 0x00, 0x00, 0x00, 0x00, 0x00, 0x00, 0x00, 0x00, 0x00, 0x00, 0x00, 0x00, 0x00,
    0x00, 0x00, 0x00, 0x00, 0x00, 0x00, 0x00, 0x00, 0x00, 0x00, 0x00, 0x00, 0x00, 0x00, 0x00, 0x00,
    0x00, 0x00, 0x00, 0x00, 0x00, 0x00, 0x00, 0x00, 0x00, 0x00, 0x00, 0x00, 0x00, 0x00, 0x00, 0x00,
    0x00, 0x00, 0x00, 0x00, 0x58, 0x80, 0xAB, 0x01, 0x59, 0x80, 0xA9, 0x01, 0x59, 0x80, 0xA9, 0x01,
    0x5B, 0x81, 0xA8, 0x01, 0x5C, 0x82, 0xA8, 0x01, 0x5D, 0x83, 0xA7, 0x01, 0x5D, 0x83, 0xA7, 0x01,
    0x60, 0x83, 0xA7, 0x01, 0x63, 0x84, 0xA8, 0x02, 0x66, 0x85, 0xA7, 0x01, 0x68, 0x87, 0xA6, 0x02,
    0x68, 0x87, 0xA6, 0x02, 0x68, 0x85, 0xA4, 0x03, 0x63, 0x85, 0xA3, 0x0A, 0x65, 0x89, 0xA6, 0x07,
    0x65, 0x89, 0xA6, 0x07, 0x6D, 0x82, 0x93, 0x49, 0x49, 0x43, 0x38, 0xCB, 0x52, 0x27, 0x0C, 0xEF,
    0x52, 0x27, 0x0C, 0xEF, 0x9A, 0x55, 0x26, 0xFD, 0xD8, 0x92, 0x4D, 0xFA, 0xE1, 0x99, 0x51, 0xFC,
    0xE1, 0x99, 0x51, 0xFC, 0xEC, 0xA8, 0x5C, 0xFC, 0xE3, 0x94, 0x50, 0xFC, 0xE6, 0x9B, 0x53, 0xFC,
    0xE4, 0x9F, 0x54, 0xFC, 0xE4, 0x9F, 0x54, 0xFC, 0xE3, 0x98, 0x56, 0xFC, 0xC7, 0x7B, 0x43, 0xFC,
    0xA3, 0x69, 0x38, 0xFC, 0xA3, 0x69, 0x38, 0xFC, 0x74, 0x3A, 0x1A, 0xFC, 0x48, 0x23, 0x17, 0xFC,
    0x44, 0x39, 0x54, 0xFC, 0x44, 0x39, 0x54, 0xFC, 0x52, 0x4E, 0x9D, 0xFC, 0x32, 0x33, 0x9A, 0xFC,
    0x23, 0x34, 0x8B, 0xFC, 0x23, 0x34, 0x8B, 0xFC, 0x13, 0x19, 0x6F, 0xFC, 0x2C, 0x39, 0x89, 0xFC,
    0x54, 0x78, 0xBD, 0xFC, 0x57, 0x7A, 0xC3, 0xFC, 0x57, 0x7A, 0xC3, 0xFC, 0x51, 0x71, 0xB5, 0xFC,
    0x5F, 0x83, 0xBB, 0xFC, 0x5A, 0x74, 0xAF, 0xFC, 0x5A, 0x74, 0xAF, 0xFC, 0x43, 0x65, 0xA3, 0xFC,
    0x5D, 0x94, 0xD8, 0xFD, 0x6F, 0xB6, 0xFA, 0xFC, 0x6F, 0xB6, 0xFA, 0xFC, 0x62, 0xAF, 0xFB, 0xFC,
    0x5F, 0xB0, 0xFB, 0xFC, 0x5B, 0xB0, 0xFB, 0xFC, 0x5B, 0xB0, 0xFB, 0xFC, 0x53, 0xB0, 0xFC, 0xFC,
    0x44, 0xA5, 0xFD, 0xFC, 0x38, 0x9E, 0xFD, 0xFC, 0x33, 0x9D, 0xFD, 0xFC, 0x33, 0x9D, 0xFD, 0xFC,
    0x31, 0x9D, 0xFC, 0xFC, 0x29, 0x92, 0xFB, 0xFC, 0x24, 0x90, 0xFC, 0xFC, 0x24, 0x90, 0xFC, 0xFC,
    0x1C, 0x8D, 0xFD, 0xFC, 0x1F, 0x91, 0xFD, 0xFC, 0x14, 0x5E, 0xC6, 0xFC, 0x14, 0x5E, 0xC6, 0xFC,
    0x03, 0x1B, 0x66, 0xFC, 0x25, 0x52, 0x92, 0xFC, 0x84, 0xD2, 0xFE, 0xFC, 0x84, 0xD2, 0xFE, 0xFC,
    0x93, 0xDA, 0xFA, 0xFC, 0x9B, 0xDC, 0xFB, 0xFC, 0x9D, 0xE6, 0xFD, 0xFC, 0x69, 0xCA, 0xFD, 0xFC,
    0x69, 0xCA, 0xFD, 0xFC, 0x24, 0x96, 0xF8, 0xFC, 0x10, 0x83, 0xF8, 0xFC, 0x08, 0x70, 0xEE, 0xFC,
    0x08, 0x70, 0xEE, 0xFC, 0x0B, 0x72, 0xF0, 0xFC, 0x09, 0x6A, 0xEA, 0xFC, 0x0F, 0x7A, 0xF1, 0xFA,
    0x0F, 0x7A, 0xF1, 0xFA, 0x16, 0x6F, 0xD9, 0xFB, 0x0E, 0x33, 0x76, 0xF9, 0x03, 0x11, 0x3D, 0xCD,
    0x03, 0x11, 0x3D, 0xCD, 0x32, 0x64, 0x9F, 0x37, 0x42, 0x80, 0xBD, 0x08, 0x41, 0x7C, 0xBA, 0x05,
    0x44, 0x7E, 0xBB, 0x05, 0x44, 0x7E, 0xBB, 0x05, 0x45, 0x7F, 0xBB, 0x03, 0x46, 0x80, 0xBB, 0x03,
    0x46, 0x80, 0xBB, 0x01, 0x46, 0x80, 0xBB, 0x01, 0x45, 0x7F, 0xB9, 0x01, 0x00, 0x00, 0x00, 0x00,
    0x00, 0x00, 0x00, 0x00, 0x00, 0x00, 0x00, 0x00, 0x00, 0x00, 0x00, 0x00, 0x00, 0x00, 0x00, 0x00,
    0x00, 0x00, 0x00, 0x00, 0x00, 0x00, 0x00, 0x00, 0x00, 0x00, 0x00, 0x00, 0x00, 0x00, 0x00, 0x00,
    0x00, 0x00, 0x00, 0x00, 0x00, 0x00, 0x00, 0x00, 0x00, 0x00, 0x00, 0x00, 0x00, 0x00, 0x00, 0x00,
    0x00, 0x00, 0x00, 0x00, 0x00, 0x00, 0x00, 0x00, 0x00, 0x00, 0x00, 0x00, 0x00, 0x00, 0x00, 0x00,
    0x00, 0x00, 0x00, 0x00, 0x00, 0x00, 0x00, 0x00, 0x00, 0x00, 0x00, 0x00, 0x00, 0x00, 0x00, 0x00,
    0x00, 0x00, 0x00, 0x00, 0x00, 0x00, 0x00, 0x00, 0x00, 0x00, 0x00, 0x00, 0x00, 0x00, 0x00, 0x00,
    0x00, 0x00, 0x00, 0x00, 0x58, 0x80, 0xAB, 0x01, 0x59, 0x80, 0xA9, 0x01, 0x59, 0x80, 0xA9, 0x01,
    0x5B, 0x81, 0xA8, 0x01, 0x5C, 0x82, 0xA8, 0x01, 0x5D, 0x83, 0xA7, 0x01, 0x5D, 0x83, 0xA7, 0x01,
    0x60, 0x83, 0xA7, 0x01, 0x63, 0x84, 0xA8, 0x02, 0x66, 0x85, 0xA7, 0x01, 0x68, 0x87, 0xA6, 0x02,
    0x68, 0x87, 0xA6, 0x02, 0x68, 0x85, 0xA4, 0x03, 0x63, 0x85, 0xA3, 0x0A, 0x65, 0x89, 0xA6, 0x07,
    0x65, 0x89, 0xA6, 0x07, 0x6D, 0x82, 0x93, 0x49, 0x49, 0x43, 0x38, 0xCB, 0x52, 0x27, 0x0C, 0xEF,
    0x52, 0x27, 0x0C, 0xEF, 0x9A, 0x55, 0x26, 0xFD, 0xD8, 0x92, 0x4D, 0xFA, 0xE1, 0x99, 0x51, 0xFC,
    0xE1, 0x99, 0x51, 0xFC, 0xEC, 0xA8, 0x5C, 0xFC, 0xE3, 0x94, 0x50, 0xFC, 0xE6, 0x9B, 0x53, 0xFC,
    0xE4, 0x9F, 0x54, 0xFC, 0xE4, 0x9F, 0x54, 0xFC, 0xE3, 0x98, 0x56, 0xFC, 0xC7, 0x7B, 0x43, 0xFC,
    0xA3, 0x69, 0x38, 0xFC, 0xA3, 0x69, 0x38, 0xFC, 0x74, 0x3A, 0x1A, 0xFC, 0x48, 0x23, 0x17, 0xFC,
    0x44, 0x39, 0x54, 0xFC, 0x44, 0x39, 0x54, 0xFC, 0x52, 0x4E, 0x9D, 0xFC, 0x32, 0x33, 0x9A, 0xFC,
    0x23, 0x34, 0x8B, 0xFC, 0x23, 0x34, 0x8B, 0xFC, 0x13, 0x19, 0x6F, 0xFC, 0x2C, 0x39, 0x89, 0xFC,
    0x54, 0x78, 0xBD, 0xFC, 0x57, 0x7A, 0xC3, 0xFC, 0x57, 0x7A, 0xC3, 0xFC, 0x51, 0x71, 0xB5, 0xFC,
    0x5F, 0x83, 0xBB, 0xFC, 0x5A, 0x74, 0xAF, 0xFC, 0x5A, 0x74, 0xAF, 0xFC, 0x43, 0x65, 0xA3, 0xFC,
    0x5D, 0x94, 0xD8, 0xFD, 0x6F, 0xB6, 0xFA, 0xFC, 0x6F, 0xB6, 0xFA, 0xFC, 0x62, 0xAF, 0xFB, 0xFC,
    0x5F, 0xB0, 0xFB, 0xFC, 0x5B, 0xB0, 0xFB, 0xFC, 0x5B, 0xB0, 0xFB, 0xFC, 0x53, 0xB0, 0xFC, 0xFC,
    0x44, 0xA5, 0xFD, 0xFC, 0x38, 0x9E, 0xFD, 0xFC, 0x33, 0x9D, 0xFD, 0xFC, 0x33, 0x9D, 0xFD, 0xFC,
    0x31, 0x9D, 0xFC, 0xFC, 0x29, 0x92, 0xFB, 0xFC, 0x24, 0x90, 0xFC, 0xFC, 0x24, 0x90, 0xFC, 0xFC,
    0x1C, 0x8D, 0xFD, 0xFC, 0x1F, 0x91, 0xFD, 0xFC, 0x14, 0x5E, 0xC6, 0xFC, 0x14, 0x5E, 0xC6, 0xFC,
    0x03, 0x1B, 0x66, 0xFC, 0x25, 0x52, 0x92, 0xFC, 0x84, 0xD2, 0xFE, 0xFC, 0x84, 0xD2, 0xFE, 0xFC,
    0x93, 0xDA, 0xFA, 0xFC, 0x9B, 0xDC, 0xFB, 0xFC, 0x9D, 0xE6, 0xFD, 0xFC, 0x69, 0xCA, 0xFD, 0xFC,
    0x69, 0xCA, 0xFD, 0xFC, 0x24, 0x96, 0xF8, 0xFC, 0x10, 0x83, 0xF8, 0xFC, 0x08, 0x70, 0xEE, 0xFC,
    0x08, 0x70, 0xEE, 0xFC, 0x0B, 0x72, 0xF0, 0xFC, 0x09, 0x6A, 0xEA, 0xFC, 0x0F, 0x7A, 0xF1, 0xFA,
    0x0F, 0x7A, 0xF1, 0xFA, 0x16, 0x6F, 0xD9, 0xFB, 0x0E, 0x33, 0x76, 0xF9, 0x03, 0x11, 0x3D, 0xCD,
    0x03, 0x11, 0x3D, 0xCD, 0x32, 0x64, 0x9F, 0x37, 0x42, 0x80, 0xBD, 0x08, 0x41, 0x7C, 0xBA, 0x05,
    0x44, 0x7E, 0xBB, 0x05, 0x44, 0x7E, 0xBB, 0x05, 0x45, 0x7F, 0xBB, 0x03, 0x46, 0x80, 0xBB, 0x03,
    0x46, 0x80, 0xBB, 0x01, 0x46, 0x80, 0xBB, 0x01, 0x45, 0x7F, 0xB9, 0x01, 0x00, 0x00, 0x00, 0x00,
    0x00, 0x00, 0x00, 0x00, 0x00, 0x00, 0x00, 0x00, 0x00, 0x00, 0x00, 0x00, 0x00, 0x00, 0x00, 0x00,
    0x00, 0x00, 0x00, 0x00, 0x00, 0x00, 0x00, 0x00, 0x00, 0x00, 0x00, 0x00, 0x00, 0x00, 0x00, 0x00,
    0x00, 0x00, 0x00, 0x00, 0x00, 0x00, 0x00, 0x00, 0x00, 0x00, 0x00, 0x00, 0x00, 0x00, 0x00, 0x00,
    0x00, 0x00, 0x00, 0x00, 0x00, 0x00, 0x00, 0x00, 0x00, 0x00, 0x00, 0x00, 0x00, 0x00, 0x00, 0x00,
    0x00, 0x00, 0x00, 0x00, 0x00, 0x00, 0x00, 0x00, 0x00, 0x00, 0x00, 0x00, 0x00, 0x00, 0x00, 0x00,
    0x00, 0x00, 0x00, 0x00, 0x00, 0x00, 0x00, 0x00, 0x00, 0x00, 0x00, 0x00, 0x00, 0x00, 0x00, 0x00,
    0x00, 0x00, 0x00, 0x00, 0x58, 0x80, 0xA9, 0x01, 0x5A, 0x81, 0xA8, 0x01, 0x5A, 0x81, 0xA8, 0x01,
    0x5C, 0x81, 0xA7, 0x01, 0x5D, 0x81, 0xA6, 0x01, 0x5D, 0x82, 0xA6, 0x01, 0x5D, 0x82, 0xA6, 0x01,
    0x60, 0x82, 0xA5, 0x01, 0x63, 0x83, 0xA6, 0x02, 0x65, 0x84, 0xA5, 0x01, 0x68, 0x87, 0xA5, 0x01,
    0x68, 0x87, 0xA5, 0x01, 0x64, 0x85, 0xA2, 0x03, 0x6C, 0x8D, 0xA7, 0x08, 0x68, 0x70, 0x7E, 0x07,
    0x68, 0x70, 0x7E, 0x07, 0x46, 0x26, 0x15, 0xAE, 0x86, 0x4E, 0x1E, 0xFA, 0xD9, 0x99, 0x52, 0xF8,
    0xD9, 0x99, 0x52, 0xF8, 0xE8, 0x99, 0x4C, 0xFB, 0xE8, 0x9C, 0x4C, 0xFB, 0xDF, 0x94, 0x45, 0xFC,
    0xDF, 0x94, 0x45, 0xFC, 0xE5, 0x9D, 0x4D, 0xFB, 0xE0, 0x98, 0x4C, 0xFC, 0xDF, 0x97, 0x4C, 0xFC,
    0xD8, 0x92, 0x46, 0xFC, 0xD8, 0x92, 0x46, 0xFC, 0xD7, 0x89, 0x41, 0xFC, 0xDA, 0x8A, 0x42, 0xFC,
    0xDD, 0x8E, 0x47, 0xFB, 0xDD, 0x8E, 0x47, 0xFB, 0xC1, 0x6F, 0x31, 0xFC, 0x97, 0x57, 0x23, 0xFC,
    0x70, 0x55, 0x52, 0xFC, 0x70, 0x55, 0x52, 0xFC, 0x87, 0x86, 0xE5, 0xFB, 0x6A, 0x7E, 0xFE, 0xFC,
    0x3E, 0x5F, 0xF7, 0xFC, 0x3E, 0x5F, 0xF7, 0xFC, 0x29, 0x3C, 0xD6, 0xFC, 0x33, 0x49, 0xC7, 0xFB,
    0x59, 0x83, 0xEB, 0xFB, 0x5A, 0x8F, 0xF1, 0xFC, 0x5A, 0x8F, 0xF1, 0xFC, 0x56, 0x87, 0xE5, 0xFB,
    0x51, 0x78, 0xC1, 0xFB, 0x27, 0x3F, 0x77, 0xFC, 0x27, 0x3F, 0x77, 0xFC, 0x3B, 0x61, 0xA0, 0xFC,
    0x85, 0xBD, 0xF5, 0xFC, 0x81, 0xC6, 0xFD, 0xFC, 0x81, 0xC6, 0xFD, 0xFC, 0x7A, 0xC6, 0xFD, 0xFC,
    0x76, 0xC3, 0xFD, 0xFC, 0x73, 0xC1, 0xFC, 0xFC, 0x73, 0xC1, 0xFC, 0xFC, 0x6C, 0xC0, 0xFD, 0xFC,
    0x5F, 0xB6, 0xFE, 0xFC, 0x56, 0xB4, 0xFE, 0xFC, 0x48, 0xAB, 0xFD, 0xFC, 0x48, 0xAB, 0xFD, 0xFC,
    0x3F, 0xAA, 0xFB, 0xFC, 0x30, 0x97, 0xFA, 0xFC, 0x23, 0x8E, 0xFC, 0xFB, 0x23, 0x8E, 0xFC, 0xFB,
    0x1C, 0x91, 0xFE, 0xFB, 0x1E, 0x89, 0xF5, 0xFC, 0x0D, 0x3E, 0x94, 0xFC, 0x0D, 0x3E, 0x94, 0xFC,
    0x03, 0x18, 0x56, 0xFC, 0x47, 0x74, 0xA3, 0xFC, 0xBA, 0xEC, 0xFF, 0xFC, 0xBA, 0xEC, 0xFF, 0xFC,
    0xB5, 0xE3, 0xF4, 0xFD, 0xBB, 0xEB, 0xF8, 0xFC, 0x9B, 0xD0, 0xF1, 0xFC, 0x6A, 0xBB, 0xF8, 0xFC,
    0x6A, 0xBB, 0xF8, 0xFC, 0x2E, 0xA0, 0xFA, 0xFC, 0x14, 0x88, 0xFA, 0xFC, 0x08, 0x6A, 0xE9, 0xFB,
    0x08, 0x6A, 0xE9, 0xFB, 0x0A, 0x6A, 0xE5, 0xFA, 0x0E, 0x5F, 0xD4, 0xF8, 0x13, 0x56, 0xB6, 0xF6,
    0x13, 0x56, 0xB6, 0xF6, 0x0A, 0x2A, 0x61, 0xEF, 0x04, 0x14, 0x39, 0xA9, 0x2E, 0x5A, 0x92, 0x3E,
    0x2E, 0x5A, 0x92, 0x3E, 0x3E, 0x7E, 0xBD, 0x06, 0x3E, 0x7C, 0xBA, 0x05, 0x43, 0x7D, 0xBC, 0x04,
    0x44, 0x7E, 0xBB, 0x03, 0x44, 0x7E, 0xBB, 0x03, 0x45, 0x7F, 0xBB, 0x02, 0x45, 0x7F, 0xBA, 0x02,
    0x45, 0x7F, 0xBA, 0x01, 0x45, 0x7F, 0xBA, 0x01, 0x45, 0x7E, 0xB8, 0x01, 0x00, 0x00, 0x00, 0x00,
    0x00, 0x00, 0x00, 0x00, 0x00, 0x00, 0x00, 0x00, 0x00, 0x00, 0x00, 0x00, 0x00, 0x00, 0x00, 0x00,
    0x00, 0x00, 0x00, 0x00, 0x00, 0x00, 0x00, 0x00, 0x00, 0x00, 0x00, 0x00, 0x00, 0x00, 0x00, 0x00,
    0x00, 0x00, 0x00, 0x00, 0x00, 0x00, 0x00, 0x00, 0x00, 0x00, 0x00, 0x00, 0x00, 0x00, 0x00, 0x00,
    0x00, 0x00, 0x00, 0x00, 0x00, 0x00, 0x00, 0x00, 0x00, 0x00, 0x00, 0x00, 0x00, 0x00, 0x00, 0x00,
    0x00, 0x00, 0x00, 0x00, 0x00, 0x00, 0x00, 0x00, 0x00, 0x00, 0x00, 0x00, 0x00, 0x00, 0x00, 0x00,
    0x00, 0x00, 0x00, 0x00, 0x00, 0x00, 0x00, 0x00, 0x00, 0x00, 0x00, 0x00, 0x00, 0x00, 0x00, 0x00,
    0x00, 0x00, 0x00, 0x00, 0x59, 0x80, 0xA8, 0x01, 0x5A, 0x81, 0xA6, 0x01, 0x5A, 0x81, 0xA6, 0x01,
    0x5C, 0x80, 0xA5, 0x01, 0x5D, 0x80, 0xA5, 0x01, 0x5E, 0x81, 0xA4, 0x01, 0x5E, 0x81, 0xA4, 0x01,
    0x61, 0x82, 0xA4, 0x01, 0x63, 0x83, 0xA5, 0x01, 0x66, 0x83, 0xA4, 0x02, 0x64, 0x83, 0xA1, 0x05,
    0x64, 0x83, 0xA1, 0x05, 0x66, 0x86, 0xA2, 0x01, 0x6D, 0x85, 0x94, 0x2B, 0x4D, 0x3D, 0x29, 0x92,
    0x4D, 0x3D, 0x29, 0x92, 0x94, 0x5C, 0x29, 0xF2, 0xDD, 0x9A, 0x4B, 0xF9, 0xEF, 0xAD, 0x56, 0xFA,
    0xEF, 0xAD, 0x56, 0xFA, 0xE8, 0xA1, 0x4D, 0xFB, 0xE8, 0xA2, 0x4F, 0xFB, 0xDF, 0x95, 0x45, 0xFC,
    0xDF, 0x95, 0x45, 0xFC, 0xE4, 0x9C, 0x4C, 0xFB, 0xE6, 0xA6, 0x55, 0xFC, 0xE3, 0x9F, 0x51, 0xFB,
    0xD7, 0x8F, 0x44, 0xFC, 0xD7, 0x8F, 0x44, 0xFC, 0xD9, 0x93, 0x46, 0xFC, 0xD2, 0x87, 0x3B, 0xFC,
    0xCE, 0x7F, 0x35, 0xFC, 0xCE, 0x7F, 0x35, 0xFC, 0xD0, 0x83, 0x36, 0xFC, 0xC4, 0x7E, 0x33, 0xFB,
    0x83, 0x4D, 0x26, 0xFC, 0x83, 0x4D, 0x26, 0xFC, 0x64, 0x57, 0x85, 0xFC, 0x68, 0x73, 0xF3, 0xFC,
    0x3C, 0x59, 0xFA, 0xFB, 0x3C, 0x59, 0xFA, 0xFB, 0x31, 0x55, 0xF6, 0xFC, 0x2C, 0x44, 0xCF, 0xFC,
    0x40, 0x5B, 0xC9, 0xFB, 0x48, 0x73, 0xD4, 0xFB, 0x48, 0x73, 0xD4, 0xFB, 0x3A, 0x5C, 0xB4, 0xFB,
    0x12, 0x1D, 0x56, 0xFA, 0x20, 0x28, 0x4D, 0xFB, 0x20, 0x28, 0x4D, 0xFB, 0x95, 0xB5, 0xDC, 0xFC,
    0xB7, 0xE5, 0xFB, 0xFC, 0xA2, 0xD7, 0xFC, 0xFC, 0xA2, 0xD7, 0xFC, 0xFC, 0x95, 0xCE, 0xFD, 0xFC,
    0x97, 0xD5, 0xFE, 0xFC, 0x8F, 0xCC, 0xFD, 0xFC, 0x8F, 0xCC, 0xFD, 0xFC, 0x8E, 0xCA, 0xFD, 0xFC,
    0x8C, 0xD0, 0xFE, 0xFC, 0x88, 0xD7, 0xFE, 0xFC, 0x6B, 0xC1, 0xFC, 0xFC, 0x6B, 0xC1, 0xFC, 0xFC,
    0x4B, 0xA9, 0xFA, 0xFB, 0x35, 0x98, 0xFA, 0xFB, 0x20, 0x89, 0xFA, 0xFB, 0x20, 0x89, 0xFA, 0xFB,
    0x1C, 0x86, 0xF7, 0xFB, 0x15, 0x61, 0xC1, 0xF9, 0x0C, 0x2C, 0x6F, 0xFA, 0x0C, 0x2C, 0x6F, 0xFA,
    0x05, 0x18, 0x47, 0xF9, 0x63, 0x91, 0xB1, 0xFC, 0xE0, 0xFF, 0xFF, 0xFC, 0xE0, 0xFF, 0xFF, 0xFC,
    0xC6, 0xF1, 0xFC, 0xFC, 0xCC, 0xF6, 0xFD, 0xFC, 0xA8, 0xD7, 0xF9, 0xFC, 0x78, 0xCA, 0xFC, 0xFD,
    0x78, 0xCA, 0xFC, 0xFD, 0x3A, 0xA8, 0xFA, 0xFC, 0x19, 0x80, 0xF2, 0xFB, 0x15, 0x75, 0xEB, 0xFA,
    0x15, 0x75, 0xEB, 0xFA, 0x14, 0x65, 0xCA, 0xFA, 0x08, 0x2D, 0x79, 0xFC, 0x02, 0x14, 0x47, 0xF7,
    0x02, 0x14, 0x47, 0xF7, 0x05, 0x17, 0x40, 0x8F, 0x36, 0x6E, 0xA2, 0x24, 0x42, 0x80, 0xC0, 0x05,
    0x42, 0x80, 0xC0, 0x05, 0x3C, 0x78, 0xB8, 0x03, 0x41, 0x7C, 0xBA, 0x03, 0x44, 0x7D, 0xBB, 0x02,
    0x44, 0x7E, 0xBB, 0x03, 0x44, 0x7E, 0xBB, 0x03, 0x45, 0x7F, 0xBA, 0x03, 0x44, 0x7E, 0xB9, 0x02,
    0x45, 0x7F, 0xB9, 0x02, 0x45, 0x7F, 0xB9, 0x02, 0x46, 0x7E, 0xB8, 0x01, 0x00, 0x00, 0x00, 0x00,
    0x00, 0x00, 0x00, 0x00, 0x00, 0x00, 0x00, 0x00, 0x00, 0x00, 0x00, 0x00, 0x00, 0x00, 0x00, 0x00,
    0x00, 0x00, 0x00, 0x00, 0x00, 0x00, 0x00, 0x00, 0x00, 0x00, 0x00, 0x00, 0x00, 0x00, 0x00, 0x00,
    0x00, 0x00, 0x00, 0x00, 0x00, 0x00, 0x00, 0x00, 0x00, 0x00, 0x00, 0x00, 0x00, 0x00, 0x00, 0x00,
    0x00, 0x00, 0x00, 0x00, 0x00, 0x00, 0x00, 0x00, 0x00, 0x00, 0x00, 0x00, 0x00, 0x00, 0x00, 0x00,
    0x00, 0x00, 0x00, 0x00, 0x00, 0x00, 0x00, 0x00, 0x00, 0x00, 0x00, 0x00, 0x00, 0x00, 0x00, 0x00,
    0x00, 0x00, 0x00, 0x00, 0x00, 0x00, 0x00, 0x00, 0x00, 0x00, 0x00, 0x00, 0x00, 0x00, 0x00, 0x00,
    0x00, 0x00, 0x00, 0x00, 0x5A, 0x80, 0xA7, 0x01, 0x5C, 0x80, 0xA5, 0x01, 0x5C, 0x80, 0xA5, 0x01,
    0x5D, 0x80, 0xA5, 0x01, 0x5E, 0x80, 0xA4, 0x01, 0x5F, 0x80, 0xA3, 0x01, 0x5F, 0x80, 0xA3, 0x01,
    0x61, 0x81, 0xA3, 0x01, 0x62, 0x81, 0xA3, 0x01, 0x00, 0x00, 0x00, 0x00, 0x64, 0x83, 0xA1, 0x06,
    0x64, 0x83, 0xA1, 0x06, 0x6C, 0x87, 0xA5, 0x06, 0x3A, 0x31, 0x32, 0x8E, 0x6F, 0x48, 0x20, 0xE8,
    0x6F, 0x48, 0x20, 0xE8, 0xEB, 0xC2, 0x6A, 0xF7, 0xE6, 0xA2, 0x4A, 0xFA, 0xE4, 0x9D, 0x48, 0xFA,
    0xE4, 0x9D, 0x48, 0xFA, 0xED, 0xAD, 0x58, 0xFB, 0xF1, 0xB7, 0x60, 0xFB, 0xEB, 0xAD, 0x58, 0xFB,
    0xEB, 0xAD, 0x58, 0xFB, 0xE5, 0xA0, 0x4F, 0xFB, 0xDA, 0x95, 0x46, 0xFB, 0xDA, 0x96, 0x48, 0xFB,
    0xD9, 0x98, 0x49, 0xFB, 0xD9, 0x98, 0x49, 0xFB, 0xDC, 0x9D, 0x4D, 0xFB, 0xD0, 0x89, 0x3A, 0xFB,
    0xCE, 0x85, 0x37, 0xFB, 0xCE, 0x85, 0x37, 0xFB, 0xCA, 0x83, 0x34, 0xFB, 0xC7, 0x78, 0x2E, 0xFB,
    0xB4, 0x70, 0x28, 0xFC, 0xB4, 0x70, 0x28, 0xFC, 0x86, 0x5B, 0x37, 0xFB, 0x52, 0x46, 0x96, 0xFB,
    0x49, 0x5D, 0xEF, 0xFB, 0x49, 0x5D, 0xEF, 0xFB, 0x3D, 0x69, 0xF6, 0xFB, 0x2D, 0x3F, 0xB6, 0xFA,
    0x26, 0x28, 0x7C, 0xFA, 0x29, 0x3A, 0x87, 0xF7, 0x29, 0x3A, 0x87, 0xF7, 0x35, 0x48, 0x8B, 0xFA,
    0x08, 0x11, 0x32, 0xFB, 0x77, 0x89, 0xA1, 0xFD, 0x77, 0x89, 0xA1, 0xFD, 0xDC, 0xF1, 0xF8, 0xFC,
    0xC7, 0xE3, 0xF6, 0xFC, 0xC4, 0xE7, 0xF9, 0xFC, 0xC4, 0xE7, 0xF9, 0xFC, 0xBB, 0xE1, 0xFA, 0xFC,
    0xB7, 0xDE, 0xFC, 0xFC, 0xAF, 0xDC, 0xFD, 0xFC, 0xAF, 0xDC, 0xFD, 0xFC, 0xAD, 0xDC, 0xFC, 0xFC,
    0xB4, 0xE1, 0xFB, 0xFC, 0xB1, 0xE3, 0xFB, 0xFB, 0x90, 0xD2, 0xFB, 0xFB, 0x90, 0xD2, 0xFB, 0xFB,
    0x63, 0xBB, 0xFC, 0xFA, 0x36, 0x98, 0xFA, 0xFB, 0x22, 0x83, 0xF2, 0xF9, 0x22, 0x83, 0xF2, 0xF9,
    0x15, 0x5B, 0xC0, 0xF9, 0x05, 0x28, 0x71, 0xF7, 0x12, 0x33, 0x70, 0xFA, 0x12, 0x33, 0x70, 0xFA,
    0x05, 0x18, 0x44, 0xFA, 0x29, 0x44, 0x65, 0xFA, 0x94, 0xBD, 0xD7, 0xF7, 0x94, 0xBD, 0xD7, 0xF7,
    0x9A, 0xC6, 0xDD, 0xF9, 0xA5, 0xD2, 0xEA, 0xF9, 0x9B, 0xC6, 0xE6, 0xF9, 0x98, 0xD9, 0xFA, 0xF8,
    0x98, 0xD9, 0xFA, 0xF8, 0x5F, 0xAA, 0xE2, 0xF8, 0x13, 0x3F, 0x8D, 0xF9, 0x12, 0x30, 0x7B, 0xF7,
    0x12, 0x30, 0x7B, 0xF7, 0x0B, 0x28, 0x65, 0xDB, 0x16, 0x3C, 0x74, 0x9A, 0x2D, 0x63, 0x9D, 0x7F,
    0x2D, 0x63, 0x9D, 0x7F, 0x36, 0x6F, 0xAE, 0x19, 0x3F, 0x7D, 0xC1, 0x02, 0x3A, 0x78, 0xBB, 0x02,
    0x3A, 0x78, 0xBB, 0x02, 0x40, 0x7C, 0xBB, 0x02, 0x43, 0x7C, 0xBA, 0x02, 0x43, 0x7D, 0xBA, 0x01,
    0x44, 0x7E, 0xBA, 0x01, 0x44, 0x7E, 0xBA, 0x01, 0x45, 0x7E, 0xB9, 0x01, 0x45, 0x7E, 0xB8, 0x01,
    0x45, 0x7E, 0xB7, 0x01, 0x45, 0x7E, 0xB7, 0x01, 0x45, 0x7E, 0xB6, 0x01, 0x00, 0x00, 0x00, 0x00,
    0x00, 0x00, 0x00, 0x00, 0x00, 0x00, 0x00, 0x00, 0x00, 0x00, 0x00, 0x00, 0x00, 0x00, 0x00, 0x00,
    0x00, 0x00, 0x00, 0x00, 0x00, 0x00, 0x00, 0x00, 0x00, 0x00, 0x00, 0x00, 0x00, 0x00, 0x00, 0x00,
    0x00, 0x00, 0x00, 0x00, 0x00, 0x00, 0x00, 0x00, 0x00, 0x00, 0x00, 0x00, 0x00, 0x00, 0x00, 0x00,
    0x00, 0x00, 0x00, 0x00, 0x00, 0x00, 0x00, 0x00, 0x00, 0x00, 0x00, 0x00, 0x00, 0x00, 0x00, 0x00,
    0x00, 0x00, 0x00, 0x00, 0x00, 0x00, 0x00, 0x00, 0x00, 0x00, 0x00, 0x00, 0x00, 0x00, 0x00, 0x00,
    0x00, 0x00, 0x00, 0x00, 0x00, 0x00, 0x00, 0x00, 0x00, 0x00, 0x00, 0x00, 0x00, 0x00, 0x00, 0x00,
    0x00, 0x00, 0x00, 0x00, 0x5B, 0x7F, 0xA6, 0x01, 0x5D, 0x7F, 0xA4, 0x01, 0x5D, 0x7F, 0xA4, 0x01,
    0x5E, 0x7F, 0xA3, 0x01, 0x5F, 0x7F, 0xA2, 0x01, 0x5F, 0x80, 0xA1, 0x01, 0x5F, 0x80, 0xA1, 0x01,
    0x61, 0x80, 0xA1, 0x01, 0x62, 0x80, 0xA2, 0x02, 0x64, 0x81, 0xA1, 0x02, 0x62, 0x80, 0x9D, 0x0C,
    0x62, 0x80, 0x9D, 0x0C, 0x72, 0x8D, 0xA2, 0x11, 0x33, 0x14, 0x0E, 0xB3, 0x96, 0x51, 0x23, 0xEE,
    0x96, 0x51, 0x23, 0xEE, 0xEB, 0xB4, 0x5E, 0xFA, 0xE8, 0xAA, 0x53, 0xFA, 0xF1, 0xB7, 0x62, 0xFB,
    0xF1, 0xB7, 0x62, 0xFB, 0xE5, 0x9D, 0x53, 0xFC, 0xE7, 0xA6, 0x58, 0xFB, 0xEB, 0xB1, 0x5F, 0xFB,
    0xEB, 0xB1, 0x5F, 0xFB, 0xEA, 0xA8, 0x56, 0xFB, 0xD5, 0x8A, 0x3D, 0xFB, 0xD0, 0x86, 0x3A, 0xFB,
    0xCF, 0x88, 0x3E, 0xFB, 0xCF, 0x88, 0x3E, 0xFB, 0xD2, 0x91, 0x43, 0xFC, 0xCD, 0x8B, 0x3C, 0xFC,
    0xC8, 0x85, 0x36, 0xFB, 0xC8, 0x85, 0x36, 0xFB, 0xBA, 0x6C, 0x25, 0xFC, 0xB9, 0x68, 0x24, 0xFB,
    0xBB, 0x72, 0x24, 0xFB, 0xBB, 0x72, 0x24, 0xFB, 0xA7, 0x64, 0x1E, 0xFB, 0x5F, 0x39, 0x2D, 0xFB,
    0x37, 0x39, 0x8B, 0xF8, 0x37, 0x39, 0x8B, 0xF8, 0x1D, 0x2B, 0x94, 0xF8, 0x11, 0x17, 0x5E, 0xF6,
    0x29, 0x30, 0x63, 0xF8, 0x53, 0x67, 0x9A, 0xFC, 0x53, 0x67, 0x9A, 0xFC, 0x67, 0x82, 0xB1, 0xF9,
    0x16, 0x29, 0x46, 0xF4, 0x98, 0xAC, 0xBC, 0xFA, 0x98, 0xAC, 0xBC, 0xFA, 0xE8, 0xF4, 0xF8, 0xFA,
    0xCF, 0xDE, 0xEC, 0xFD, 0xD0, 0xE1, 0xEF, 0xFB, 0xD0, 0xE1, 0xEF, 0xFB, 0xCF, 0xE9, 0xF8, 0xFB,
    0xC5, 0xE8, 0xFB, 0xFB, 0xBC, 0xE9, 0xFD, 0xFB, 0xBC, 0xE9, 0xFD, 0xFB, 0xBC, 0xE4, 0xFC, 0xFB,
    0xBC, 0xDB, 0xF4, 0xFB, 0xB8, 0xE0, 0xF8, 0xFA, 0x9E, 0xE0, 0xFB, 0xFA, 0x9E, 0xE0, 0xFB, 0xFA,
    0x6B, 0xCA, 0xFE, 0xF7, 0x31, 0x85, 0xE8, 0xF5, 0x1F, 0x66, 0xC4, 0xEE, 0x1F, 0x66, 0xC4, 0xEE,
    0x07, 0x29, 0x74, 0xF2, 0x13, 0x33, 0x76, 0xF0, 0x3D, 0x7C, 0xBD, 0xDA, 0x3D, 0x7C, 0xBD, 0xDA,
    0x29, 0x5A, 0x96, 0xDC, 0x04, 0x1C, 0x45, 0xF6, 0x01, 0x0F, 0x31, 0xFC, 0x01, 0x0F, 0x31, 0xFC,
    0x01, 0x0E, 0x2A, 0xFD, 0x04, 0x17, 0x36, 0xFD, 0x06, 0x15, 0x33, 0xFD, 0x12, 0x25, 0x46, 0xF9,
    0x12, 0x25, 0x46, 0xF9, 0x0E, 0x25, 0x4D, 0xF7, 0x19, 0x36, 0x65, 0xD7, 0x05, 0x18, 0x46, 0xA0,
    0x05, 0x18, 0x46, 0xA0, 0x1F, 0x42, 0x7D, 0x66, 0x4B, 0x8C, 0xCC, 0x06, 0x3C, 0x7D, 0xC4, 0x06,
    0x3C, 0x7D, 0xC4, 0x06, 0x38, 0x78, 0xBD, 0x01, 0x3D, 0x79, 0xBE, 0x01, 0x41, 0x7B, 0xBD, 0x01,
    0x41, 0x7B, 0xBD, 0x01, 0x00, 0x00, 0x00, 0x00, 0x43, 0x7D, 0xBA, 0x01, 0x44, 0x7D, 0xBA, 0x01,
    0x44, 0x7D, 0xB8, 0x01, 0x44, 0x7D, 0xB8, 0x01, 0x45, 0x7D, 0xB8, 0x01, 0x45, 0x7D, 0xB7, 0x01,
    0x00, 0x00, 0x00, 0x00, 0x00, 0x00, 0x00, 0x00, 0x46, 0x7D, 0xB4, 0x01, 0x00, 0x00, 0x00, 0x00,
    0x00, 0x00, 0x00, 0x00, 0x00, 0x00, 0x00, 0x00, 0x00, 0x00, 0x00, 0x00, 0x00, 0x00, 0x00, 0x00,
    0x00, 0x00, 0x00, 0x00, 0x00, 0x00, 0x00, 0x00, 0x00, 0x00, 0x00, 0x00, 0x00, 0x00, 0x00, 0x00,
    0x00, 0x00, 0x00, 0x00, 0x00, 0x00, 0x00, 0x00, 0x00, 0x00, 0x00, 0x00, 0x00, 0x00, 0x00, 0x00,
    0x00, 0x00, 0x00, 0x00, 0x00, 0x00, 0x00, 0x00, 0x00, 0x00, 0x00, 0x00, 0x00, 0x00, 0x00, 0x00,
    0x00, 0x00, 0x00, 0x00, 0x00, 0x00, 0x00, 0x00, 0x00, 0x00, 0x00, 0x00, 0x00, 0x00, 0x00, 0x00,
    0x00, 0x00, 0x00, 0x00, 0x00, 0x00, 0x00, 0x00, 0x00, 0x00, 0x00, 0x00, 0x00, 0x00, 0x00, 0x00,
    0x00, 0x00, 0x00, 0x00, 0x5B, 0x7F, 0xA6, 0x01, 0x5D, 0x7F, 0xA4, 0x01, 0x5D, 0x7F, 0xA4, 0x01,
    0x5E, 0x7F, 0xA3, 0x01, 0x5F, 0x7F, 0xA2, 0x01, 0x5F, 0x80, 0xA1, 0x01, 0x5F, 0x80, 0xA1, 0x01,
    0x61, 0x80, 0xA1, 0x01, 0x62, 0x80, 0xA2, 0x02, 0x64, 0x81, 0xA1, 0x02, 0x62, 0x80, 0x9D, 0x0C,
    0x62, 0x80, 0x9D, 0x0C, 0x72, 0x8D, 0xA2, 0x11, 0x33, 0x14, 0x0E, 0xB3, 0x96, 0x51, 0x23, 0xEE,
    0x96, 0x51, 0x23, 0xEE, 0xEB, 0xB4, 0x5E, 0xFA, 0xE8, 0xAA, 0x53, 0xFA, 0xF1, 0xB7, 0x62, 0xFB,
    0xF1, 0xB7, 0x62, 0xFB, 0xE5, 0x9D, 0x53, 0xFC, 0xE7, 0xA6, 0x58, 0xFB, 0xEB, 0xB1, 0x5F, 0xFB,
    0xEB, 0xB1, 0x5F, 0xFB, 0xEA, 0xA8, 0x56, 0xFB, 0xD5, 0x8A, 0x3D, 0xFB, 0xD0, 0x86, 0x3A, 0xFB,
    0xCF, 0x88, 0x3E, 0xFB, 0xCF, 0x88, 0x3E, 0xFB, 0xD2, 0x91, 0x43, 0xFC, 0xCD, 0x8B, 0x3C, 0xFC,
    0xC8, 0x85, 0x36, 0xFB, 0xC8, 0x85, 0x36, 0xFB, 0xBA, 0x6C, 0x25, 0xFC, 0xB9, 0x68, 0x24, 0xFB,
    0xBB, 0x72, 0x24, 0xFB, 0xBB, 0x72, 0x24, 0xFB, 0xA7, 0x64, 0x1E, 0xFB, 0x5F, 0x39, 0x2D, 0xFB,
    0x37, 0x39, 0x8B, 0xF8, 0x37, 0x39, 0x8B, 0xF8, 0x1D, 0x2B, 0x94, 0xF8, 0x11, 0x17, 0x5E, 0xF6,
    0x29, 0x30, 0x63, 0xF8, 0x53, 0x67, 0x9A, 0xFC, 0x53, 0x67, 0x9A, 0xFC, 0x67, 0x82, 0xB1, 0xF9,
    0x16, 0x29, 0x46, 0xF4, 0x98, 0xAC, 0xBC, 0xFA, 0x98, 0xAC, 0xBC, 0xFA, 0xE8, 0xF4, 0xF8, 0xFA,
    0xCF, 0xDE, 0xEC, 0xFD, 0xD0, 0xE1, 0xEF, 0xFB, 0xD0, 0xE1, 0xEF, 0xFB, 0xCF, 0xE9, 0xF8, 0xFB,
    0xC5, 0xE8, 0xFB, 0xFB, 0xBC, 0xE9, 0xFD, 0xFB, 0xBC, 0xE9, 0xFD, 0xFB, 0xBC, 0xE4, 0xFC, 0xFB,
    0xBC, 0xDB, 0xF4, 0xFB, 0xB8, 0xE0, 0xF8, 0xFA, 0x9E, 0xE0, 0xFB, 0xFA, 0x9E, 0xE0, 0xFB, 0xFA,
    0x6B, 0xCA, 0xFE, 0xF7, 0x31, 0x85, 0xE8, 0xF5, 0x1F, 0x66, 0xC4, 0xEE, 0x1F, 0x66, 0xC4, 0xEE,
    0x07, 0x29, 0x74, 0xF2, 0x13, 0x33, 0x76, 0xF0, 0x3D, 0x7C, 0xBD, 0xDA, 0x3D, 0x7C, 0xBD, 0xDA,
    0x29, 0x5A, 0x96, 0xDC, 0x04, 0x1C, 0x45, 0xF6, 0x01, 0x0F, 0x31, 0xFC, 0x01, 0x0F, 0x31, 0xFC,
    0x01, 0x0E, 0x2A, 0xFD, 0x04, 0x17, 0x36, 0xFD, 0x06, 0x15, 0x33, 0xFD, 0x12, 0x25, 0x46, 0xF9,
    0x12, 0x25, 0x46, 0xF9, 0x0E, 0x25, 0x4D, 0xF7, 0x19, 0x36, 0x65, 0xD7, 0x05, 0x18, 0x46, 0xA0,
    0x05, 0x18, 0x46, 0xA0, 0x1F, 0x42, 0x7D, 0x66, 0x4B, 0x8C, 0xCC, 0x06, 0x3C, 0x7D, 0xC4, 0x06,
    0x3C, 0x7D, 0xC4, 0x06, 0x38, 0x78, 0xBD, 0x01, 0x3D, 0x79, 0xBE, 0x01, 0x41, 0x7B, 0xBD, 0x01,
    0x41, 0x7B, 0xBD, 0x01, 0x00, 0x00, 0x00, 0x00, 0x43, 0x7D, 0xBA, 0x01, 0x44, 0x7D, 0xBA, 0x01,
    0x44, 0x7D, 0xB8, 0x01, 0x44, 0x7D, 0xB8, 0x01, 0x45, 0x7D, 0xB8, 0x01, 0x45, 0x7D, 0xB7, 0x01,
    0x00, 0x00, 0x00, 0x00, 0x00, 0x00, 0x00, 0x00, 0x46, 0x7D, 0xB4, 0x01, 0x00, 0x00, 0x00, 0x00,
    0x00, 0x00, 0x00, 0x00, 0x00, 0x00, 0x00, 0x00, 0x00, 0x00, 0x00, 0x00, 0x00, 0x00, 0x00, 0x00,
    0x00, 0x00, 0x00, 0x00, 0x00, 0x00, 0x00, 0x00, 0x00, 0x00, 0x00, 0x00, 0x00, 0x00, 0x00, 0x00,
    0x00, 0x00, 0x00, 0x00, 0x00, 0x00, 0x00, 0x00, 0x00, 0x00, 0x00, 0x00, 0x00, 0x00, 0x00, 0x00,
    0x00, 0x00, 0x00, 0x00, 0x00, 0x00, 0x00, 0x00, 0x00, 0x00, 0x00, 0x00, 0x00, 0x00, 0x00, 0x00,
    0x00, 0x00, 0x00, 0x00, 0x00, 0x00, 0x00, 0x00, 0x00, 0x00, 0x00, 0x00, 0x00, 0x00, 0x00, 0x00,
    0x00, 0x00, 0x00, 0x00, 0x00, 0x00, 0x00, 0x00, 0x00, 0x00, 0x00, 0x00, 0x00, 0x00, 0x00, 0x00,
    0x00, 0x00, 0x00, 0x00, 0x5B, 0x80, 0xA5, 0x01, 0x5D, 0x80, 0xA3, 0x01, 0x5D, 0x80, 0xA3, 0x01,
    0x5F, 0x7F, 0xA2, 0x01, 0x5F, 0x7F, 0xA1, 0x01, 0x5F, 0x7F, 0xA1, 0x01, 0x5F, 0x7F, 0xA1, 0x01,
    0x61, 0x80, 0x9F, 0x01, 0x62, 0x80, 0x9E, 0x03, 0x00, 0x00, 0x00, 0x00, 0x62, 0x7A, 0x95, 0x12,
    0x62, 0x7A, 0x95, 0x12, 0x62, 0x6A, 0x70, 0x7A, 0x85, 0x5B, 0x37, 0xF0, 0xD1, 0x88, 0x3E, 0xF2,
    0xD1, 0x88, 0x3E, 0xF2, 0xED, 0xAC, 0x54, 0xF8, 0xEC, 0xB3, 0x5C, 0xFA, 0xF1, 0xC0, 0x6E, 0xFA,
    0xF1, 0xC0, 0x6E, 0xFA, 0xE4, 0xA9, 0x62, 0xFB, 0xED, 0xB7, 0x68, 0xFB, 0xE8, 0xB0, 0x62, 0xFB,
    0xE8, 0xB0, 0x62, 0xFB, 0xE0, 0xA0, 0x52, 0xFB, 0xD8, 0x97, 0x49, 0xFB, 0xDC, 0xA0, 0x4F, 0xFB,
    0xCE, 0x88, 0x3D, 0xFB, 0xCE, 0x88, 0x3D, 0xFB, 0xC9, 0x86, 0x3B, 0xFB, 0xBC, 0x78, 0x2D, 0xFB,
    0xB4, 0x70, 0x27, 0xFB, 0xB4, 0x70, 0x27, 0xFB, 0xB4, 0x6D, 0x25, 0xFB, 0xB5, 0x71, 0x29, 0xFA,
    0xB0, 0x6E, 0x25, 0xFB, 0xB0, 0x6E, 0x25, 0xFB, 0xB8, 0x73, 0x22, 0xF9, 0x88, 0x57, 0x26, 0xF9,
    0x23, 0x18, 0x1F, 0xF9, 0x23, 0x18, 0x1F, 0xF9, 0x21, 0x26, 0x53, 0xF7, 0x58, 0x67, 0x90, 0xEB,
    0x7A, 0x93, 0xB3, 0xE0, 0x84, 0xA6, 0xC8, 0xDB, 0x84, 0xA6, 0xC8, 0xDB, 0x7F, 0xA1, 0xC3, 0xE8,
    0x1F, 0x31, 0x4B, 0xED, 0x7C, 0x8F, 0x9E, 0xFA, 0x7C, 0x8F, 0x9E, 0xFA, 0xEE, 0xF7, 0xF9, 0xF8,
    0xDF, 0xF1, 0xF7, 0xFB, 0xE0, 0xF2, 0xF7, 0xFA, 0xE0, 0xF2, 0xF7, 0xFA, 0xEA, 0xF9, 0xFB, 0xFD,
    0x75, 0x9D, 0xC4, 0xFC, 0x6B, 0x97, 0xC5, 0xFC, 0x6B, 0x97, 0xC5, 0xFC, 0xC9, 0xF1, 0xFD, 0xFC,
    0xB8, 0xDC, 0xF5, 0xFA, 0xB5, 0xE2, 0xF9, 0xF9, 0x8C, 0xC6, 0xF1, 0xFA, 0x8C, 0xC6, 0xF1, 0xFA,
    0x61, 0xA9, 0xE5, 0xFA, 0x1E, 0x4B, 0x96, 0xF5, 0x12, 0x32, 0x75, 0xEE, 0x12, 0x32, 0x75, 0xEE,
    0x2B, 0x60, 0x98, 0xC2, 0x49, 0x84, 0xC4, 0x54, 0x48, 0x88, 0xCB, 0x36, 0x48, 0x88, 0xCB, 0x36,
    0x44, 0x86, 0xC7, 0x31, 0x39, 0x6C, 0xAB, 0x64, 0x34, 0x5E, 0x93, 0x76, 0x34, 0x5E, 0x93, 0x76,
    0x24, 0x4D, 0x7C, 0x8A, 0x1D, 0x42, 0x70, 0x8C, 0x19, 0x36, 0x65, 0x94, 0x13, 0x30, 0x5E, 0x77,
    0x13, 0x30, 0x5E, 0x77, 0x10, 0x32, 0x67, 0x6D, 0x39, 0x73, 0xAC, 0x49, 0x36, 0x76, 0xB2, 0x04,
    0x36, 0x76, 0xB2, 0x04, 0x3F, 0x7C, 0xBD, 0x04, 0x00, 0x00, 0x00, 0x00, 0x39, 0x79, 0xBD, 0x02,
    0x39, 0x79, 0xBD, 0x02, 0x3C, 0x7C, 0xBE, 0x02, 0x00, 0x00, 0x00, 0x00, 0x00, 0x00, 0x00, 0x00,
    0x00, 0x00, 0x00, 0x00, 0x00, 0x00, 0x00, 0x00, 0x00, 0x00, 0x00, 0x00, 0x00, 0x00, 0x00, 0x00,
    0x44, 0x7D, 0xB8, 0x01, 0x44, 0x7D, 0xB8, 0x01, 0x45, 0x7D, 0xB7, 0x01, 0x00, 0x00, 0x00, 0x00,
    0x00, 0x00, 0x00, 0x00, 0x00, 0x00, 0x00, 0x00, 0x00, 0x00, 0x00, 0x00, 0x00, 0x00, 0x00, 0x00,
    0x00, 0x00, 0x00, 0x00, 0x00, 0x00, 0x00, 0x00, 0x00, 0x00, 0x00, 0x00, 0x00, 0x00, 0x00, 0x00,
    0x00, 0x00, 0x00, 0x00, 0x00, 0x00, 0x00, 0x00, 0x00, 0x00, 0x00, 0x00, 0x00, 0x00, 0x00, 0x00,
    0x00, 0x00, 0x00, 0x00, 0x00, 0x00, 0x00, 0x00, 0x00, 0x00, 0x00, 0x00, 0x00, 0x00, 0x00, 0x00,
    0x00, 0x00, 0x00, 0x00, 0x00, 0x00, 0x00, 0x00, 0x00, 0x00, 0x00, 0x00, 0x00, 0x00, 0x00, 0x00,
    0x00, 0x00, 0x00, 0x00, 0x00, 0x00, 0x00, 0x00, 0x00, 0x00, 0x00, 0x00, 0x00, 0x00, 0x00, 0x00,
    0x00, 0x00, 0x00, 0x00, 0x00, 0x00, 0x00, 0x00, 0x00, 0x00, 0x00, 0x00, 0x00, 0x00, 0x00, 0x00,
    0x00, 0x00, 0x00, 0x00, 0x5C, 0x80, 0xA4, 0x01, 0x5E, 0x80, 0xA2, 0x01, 0x5E, 0x80, 0xA2, 0x01,
    0x5F, 0x7F, 0xA1, 0x01, 0x60, 0x7F, 0xA1, 0x01, 0x60, 0x7F, 0xA0, 0x01, 0x60, 0x7F, 0xA0, 0x01,
    0x63, 0x80, 0x9E, 0x01, 0x62, 0x7F, 0x9B, 0x05, 0x68, 0x83, 0x9E, 0x01, 0x5C, 0x6D, 0x87, 0x1C,
    0x5C, 0x6D, 0x87, 0x1C, 0x2E, 0x18, 0x15, 0xB9, 0xA9, 0x6E, 0x3B, 0xF1, 0xEF, 0xAF, 0x55, 0xF3,
    0xEF, 0xAF, 0x55, 0xF3, 0xE2, 0x9E, 0x45, 0xFA, 0xE2, 0x9F, 0x4F, 0xFB, 0xEC, 0xB8, 0x6A, 0xFB,
    0xEC, 0xB8, 0x6A, 0xFB, 0xEB, 0xBC, 0x73, 0xFB, 0xE4, 0xA9, 0x64, 0xFB, 0xE4, 0xA4, 0x5F, 0xFB,
    0xE4, 0xA4, 0x5F, 0xFB, 0xEF, 0xBA, 0x6C, 0xFB, 0xDC, 0x9C, 0x54, 0xFB, 0xE1, 0xA8, 0x5A, 0xFB,
    0xD5, 0x97, 0x48, 0xFB, 0xD5, 0x97, 0x48, 0xFB, 0xBD, 0x72, 0x28, 0xFB, 0xB4, 0x6A, 0x22, 0xFB,
    0xB3, 0x6C, 0x24, 0xFB, 0xB3, 0x6C, 0x24, 0xFB, 0xAD, 0x68, 0x22, 0xFB, 0xAF, 0x6C, 0x28, 0xFB,
    0xA3, 0x59, 0x1B, 0xFB, 0xA3, 0x59, 0x1B, 0xFB, 0xAD, 0x65, 0x1F, 0xF9, 0x91, 0x59, 0x23, 0xF7,
    0x29, 0x1A, 0x14, 0xF7, 0x29, 0x1A, 0x14, 0xF7, 0x69, 0x78, 0x92, 0xBE, 0xA1, 0xBD, 0xD8, 0x86,
    0x7E, 0x9A, 0xB6, 0x9D, 0x74, 0x90, 0xB1, 0x92, 0x74, 0x90, 0xB1, 0x92, 0x6F, 0x8A, 0xAA, 0xB6,
    0x24, 0x33, 0x49, 0xB3, 0x0E, 0x14, 0x26, 0xDB, 0x0E, 0x14, 0x26, 0xDB, 0x7C, 0x8A, 0x99, 0xF4,
    0xB7, 0xD0, 0xDD, 0xF8, 0xB0, 0xC2, 0xD1, 0xF6, 0xB0, 0xC2, 0xD1, 0xF6, 0xBD, 0xD8, 0xE3, 0xF5,
    0x78, 0x92, 0xAF, 0xF2, 0x94, 0xB4, 0xD3, 0xF4, 0x94, 0xB4, 0xD3, 0xF4, 0xDB, 0xFA, 0xFF, 0xF3,
    0xD3, 0xF4, 0xFD, 0xF7, 0xAA, 0xD5, 0xEC, 0xF4, 0x1F, 0x38, 0x65, 0xEB, 0x1F, 0x38, 0x65, 0xEB,
    0x0A, 0x20, 0x51, 0xD3, 0x0B, 0x23, 0x57, 0xA5, 0x1F, 0x3F, 0x7A, 0x81, 0x1F, 0x3F, 0x7A, 0x81,
    0x51, 0x92, 0xCA, 0x37, 0x00, 0x00, 0x00, 0x00, 0x00, 0x00, 0x00, 0x00, 0x00, 0x00, 0x00, 0x00,
    0x00, 0x00, 0x00, 0x00, 0x00, 0x00, 0x00, 0x00, 0x00, 0x00, 0x00, 0x00, 0x00, 0x00, 0x00, 0x00,
    0x44, 0x82, 0xC0, 0x01, 0x47, 0x84, 0xC1, 0x01, 0x46, 0x80, 0xBF, 0x04, 0x49, 0x84, 0xC4, 0x01,
    0x49, 0x84, 0xC4, 0x01, 0x45, 0x80, 0xBE, 0x02, 0x3C, 0x7A, 0xB9, 0x01, 0x3C, 0x7B, 0xBB, 0x01,
    0x3C, 0x7B, 0xBB, 0x01, 0x3D, 0x7D, 0xBE, 0x03, 0x3F, 0x7D, 0xBF, 0x01, 0x3F, 0x7D, 0xBF, 0x01,
    0x3F, 0x7D, 0xBF, 0x01, 0x00, 0x00, 0x00, 0x00, 0x00, 0x00, 0x00, 0x00, 0x00, 0x00, 0x00, 0x00,
    0x00, 0x00, 0x00, 0x00, 0x00, 0x00, 0x00, 0x00, 0x00, 0x00, 0x00, 0x00, 0x00, 0x00, 0x00, 0x00,
    0x00, 0x00, 0x00, 0x00, 0x00, 0x00, 0x00, 0x00, 0x00, 0x00, 0x00, 0x00, 0x00, 0x00, 0x00, 0x00,
    0x00, 0x00, 0x00, 0x00, 0x00, 0x00, 0x00, 0x00, 0x00, 0x00, 0x00, 0x00, 0x00, 0x00, 0x00, 0x00,
    0x00, 0x00, 0x00, 0x00, 0x00, 0x00, 0x00, 0x00, 0x00, 0x00, 0x00, 0x00, 0x00, 0x00, 0x00, 0x00,
    0x00, 0x00, 0x00, 0x00, 0x00, 0x00, 0x00, 0x00, 0x00, 0x00, 0x00, 0x00, 0x00, 0x00, 0x00, 0x00,
    0x00, 0x00, 0x00, 0x00, 0x00, 0x00, 0x00, 0x00, 0x00, 0x00, 0x00, 0x00, 0x00, 0x00, 0x00, 0x00,
    0x00, 0x00, 0x00, 0x00, 0x00, 0x00, 0x00, 0x00, 0x00, 0x00, 0x00, 0x00, 0x00, 0x00, 0x00, 0x00,
    0x00, 0x00, 0x00, 0x00, 0x00, 0x00, 0x00, 0x00, 0x00, 0x00, 0x00, 0x00, 0x00, 0x00, 0x00, 0x00,
    0x00, 0x00, 0x00, 0x00, 0x00, 0x00, 0x00, 0x00, 0x00, 0x00, 0x00, 0x00, 0x00, 0x00, 0x00, 0x00,
    0x00, 0x00, 0x00, 0x00, 0x5D, 0x80, 0xA3, 0x01, 0x5E, 0x80, 0xA2, 0x01, 0x5E, 0x80, 0xA2, 0x01,
    0x5F, 0x7F, 0xA1, 0x01, 0x61, 0x7F, 0xA0, 0x01, 0x61, 0x7F, 0xA0, 0x01, 0x61, 0x7F, 0xA0, 0x01,
    0x63, 0x7F, 0x9E, 0x01, 0x63, 0x7F, 0x9C, 0x04, 0x67, 0x82, 0x9D, 0x01, 0x55, 0x66, 0x7E, 0x1E,
    0x55, 0x66, 0x7E, 0x1E, 0x1F, 0x0A, 0x07, 0xC4, 0xB5, 0x72, 0x36, 0xF4, 0xF4, 0xB8, 0x57, 0xF3,
    0xF4, 0xB8, 0x57, 0xF3, 0xE6, 0xA9, 0x4B, 0xFA, 0xDD, 0x99, 0x45, 0xFA, 0xEB, 0xB1, 0x5F, 0xFB,
    0xEB, 0xB1, 0x5F, 0xFB, 0xE8, 0xB1, 0x65, 0xFB, 0xE7, 0xAE, 0x66, 0xFB, 0xE9, 0xAD, 0x64, 0xFB,
    0xE9, 0xAD, 0x64, 0xFB, 0xE9, 0xAF, 0x61, 0xFB, 0xDA, 0x98, 0x4F, 0xFB, 0xD1, 0x8D, 0x44, 0xFB,
    0xC7, 0x82, 0x36, 0xFB, 0xC7, 0x82, 0x36, 0xFB, 0xBA, 0x6F, 0x26, 0xFB, 0xB5, 0x6D, 0x25, 0xFB,
    0xB8, 0x78, 0x2E, 0xFB, 0xB8, 0x78, 0x2E, 0xFB, 0xAF, 0x69, 0x25, 0xFA, 0xAA, 0x66, 0x25, 0xFA,
    0xA8, 0x63, 0x22, 0xFB, 0xA8, 0x63, 0x22, 0xFB, 0xB1, 0x6F, 0x27, 0xF9, 0x99, 0x60, 0x27, 0xF5,
    0x2C, 0x18, 0x0C, 0xF3, 0x2C, 0x18, 0x0C, 0xF3, 0x4D, 0x57, 0x69, 0x80, 0x89, 0xA2, 0xB8, 0x10,
    0x66, 0x83, 0xA0, 0x20, 0x5B, 0x75, 0x97, 0x0F, 0x5B, 0x75, 0x97, 0x0F, 0x4B, 0x61, 0x83, 0x20,
    0x49, 0x60, 0x7B, 0x18, 0x34, 0x46, 0x5C, 0x3B, 0x34, 0x46, 0x5C, 0x3B, 0x17, 0x2B, 0x3C, 0xA7,
    0x0F, 0x1F, 0x30, 0xC9, 0x0B, 0x11, 0x1E, 0xE6, 0x0B, 0x11, 0x1E, 0xE6, 0x08, 0x0C, 0x17, 0xEE,
    0x28, 0x35, 0x4B, 0xED, 0x46, 0x5F, 0x76, 0xF0, 0x46, 0x5F, 0x76, 0xF0, 0x1B, 0x29, 0x3D, 0xEC,
    0x2C, 0x37, 0x49, 0xF1, 0x2D, 0x42, 0x59, 0xD8, 0x33, 0x53, 0x78, 0xAA, 0x33, 0x53, 0x78, 0xAA,
    0x48, 0x76, 0xA6, 0x2C, 0x49, 0x7B, 0xB4, 0x02, 0x00, 0x00, 0x00, 0x00, 0x00, 0x00, 0x00, 0x00,
    0x00, 0x00, 0x00, 0x00, 0x4B, 0x86, 0xC3, 0x01, 0x4D, 0x84, 0xC4, 0x03, 0x4D, 0x84, 0xC4, 0x03,
    0x4B, 0x83, 0xC3, 0x02, 0x47, 0x81, 0xC1, 0x04, 0x44, 0x7F, 0xC0, 0x03, 0x44, 0x7F, 0xC0, 0x03,
    0x41, 0x7D, 0xBD, 0x04, 0x40, 0x7D, 0xBD, 0x02, 0x3E, 0x7A, 0xBB, 0x02, 0x3B, 0x78, 0xBC, 0x03,
    0x3B, 0x78, 0xBC, 0x03, 0x3B, 0x7A, 0xBD, 0x03, 0x3C, 0x7B, 0xBE, 0x02, 0x3D, 0x7B, 0xBD, 0x01,
    0x3D, 0x7B, 0xBD, 0x01, 0x00, 0x00, 0x00, 0x00, 0x00, 0x00, 0x00, 0x00, 0x00, 0x00, 0x00, 0x00,
    0x00, 0x00, 0x00, 0x00, 0x00, 0x00, 0x00, 0x00, 0x00, 0x00, 0x00, 0x00, 0x00, 0x00, 0x00, 0x00,
    0x00, 0x00, 0x00, 0x00, 0x00, 0x00, 0x00, 0x00, 0x00, 0x00, 0x00, 0x00, 0x00, 0x00, 0x00, 0x00,
    0x00, 0x00, 0x00, 0x00, 0x00, 0x00, 0x00, 0x00, 0x00, 0x00, 0x00, 0x00, 0x00, 0x00, 0x00, 0x00,
    0x00, 0x00, 0x00, 0x00, 0x00, 0x00, 0x00, 0x00, 0x00, 0x00, 0x00, 0x00, 0x00, 0x00, 0x00, 0x00,
    0x00, 0x00, 0x00, 0x00, 0x00, 0x00, 0x00, 0x00, 0x00, 0x00, 0x00, 0x00, 0x00, 0x00, 0x00, 0x00,
    0x00, 0x00, 0x00, 0x00, 0x00, 0x00, 0x00, 0x00, 0x00, 0x00, 0x00, 0x00, 0x00, 0x00, 0x00, 0x00,
    0x00, 0x00, 0x00, 0x00, 0x00, 0x00, 0x00, 0x00, 0x00, 0x00, 0x00, 0x00, 0x00, 0x00, 0x00, 0x00,
    0x00, 0x00, 0x00, 0x00, 0x00, 0x00, 0x00, 0x00, 0x00, 0x00, 0x00, 0x00, 0x00, 0x00, 0x00, 0x00,
    0x00, 0x00, 0x00, 0x00, 0x00, 0x00, 0x00, 0x00, 0x00, 0x00, 0x00, 0x00, 0x00, 0x00, 0x00, 0x00,
    0x00, 0x00, 0x00, 0x00, 0x00, 0x00, 0x00, 0x00, 0x00, 0x00, 0x00, 0x00, 0x00, 0x00, 0x00, 0x00,
    0x00, 0x00, 0x00, 0x00, 0x5D, 0x80, 0xA3, 0x01, 0x5E, 0x80, 0xA2, 0x01, 0x5E, 0x80, 0xA2, 0x01,
    0x5F, 0x7F, 0xA1, 0x01, 0x61, 0x7F, 0xA0, 0x01, 0x61, 0x7F, 0xA0, 0x01, 0x61, 0x7F, 0xA0, 0x01,
    0x63, 0x7F, 0x9E, 0x01, 0x63, 0x7F, 0x9C, 0x04, 0x67, 0x82, 0x9D, 0x01, 0x55, 0x66, 0x7E, 0x1E,
    0x55, 0x66, 0x7E, 0x1E, 0x1F, 0x0A, 0x07, 0xC4, 0xB5, 0x72, 0x36, 0xF4, 0xF4, 0xB8, 0x57, 0xF3,
    0xF4, 0xB8, 0x57, 0xF3, 0xE6, 0xA9, 0x4B, 0xFA, 0xDD, 0x99, 0x45, 0xFA, 0xEB, 0xB1, 0x5F, 0xFB,
    0xEB, 0xB1, 0x5F, 0xFB, 0xE8, 0xB1, 0x65, 0xFB, 0xE7, 0xAE, 0x66, 0xFB, 0xE9, 0xAD, 0x64, 0xFB,
    0xE9, 0xAD, 0x64, 0xFB, 0xE9, 0xAF, 0x61, 0xFB, 0xDA, 0x98, 0x4F, 0xFB, 0xD1, 0x8D, 0x44, 0xFB,
    0xC7, 0x82, 0x36, 0xFB, 0xC7, 0x82, 0x36, 0xFB, 0xBA, 0x6F, 0x26, 0xFB, 0xB5, 0x6D, 0x25, 0xFB,
    0xB8, 0x78, 0x2E, 0xFB, 0xB8, 0x78, 0x2E, 0xFB, 0xAF, 0x69, 0x25, 0xFA, 0xAA, 0x66, 0x25, 0xFA,
    0xA8, 0x63, 0x22, 0xFB, 0xA8, 0x63, 0x22, 0xFB, 0xB1, 0x6F, 0x27, 0xF9, 0x99, 0x60, 0x27, 0xF5,
    0x2C, 0x18, 0x0C, 0xF3, 0x2C, 0x18, 0x0C, 0xF3, 0x4D, 0x57, 0x69, 0x80, 0x89, 0xA2, 0xB8, 0x10,
    0x66, 0x83, 0xA0, 0x20, 0x5B, 0x75, 0x97, 0x0F, 0x5B, 0x75, 0x97, 0x0F, 0x4B, 0x61, 0x83, 0x20,
    0x49, 0x60, 0x7B, 0x18, 0x34, 0x46, 0x5C, 0x3B, 0x34, 0x46, 0x5C, 0x3B, 0x17, 0x2B, 0x3C, 0xA7,
    0x0F, 0x1F, 0x30, 0xC9, 0x0B, 0x11, 0x1E, 0xE6, 0x0B, 0x11, 0x1E, 0xE6, 0x08, 0x0C, 0x17, 0xEE,
    0x28, 0x35, 0x4B, 0xED, 0x46, 0x5F, 0x76, 0xF0, 0x46, 0x5F, 0x76, 0xF0, 0x1B, 0x29, 0x3D, 0xEC,
    0x2C, 0x37, 0x49, 0xF1, 0x2D, 0x42, 0x59, 0xD8, 0x33, 0x53, 0x78, 0xAA, 0x33, 0x53, 0x78, 0xAA,
    0x48, 0x76, 0xA6, 0x2C, 0x49, 0x7B, 0xB4, 0x02, 0x00, 0x00, 0x00, 0x00, 0x00, 0x00, 0x00, 0x00,
    0x00, 0x00, 0x00, 0x00, 0x4B, 0x86, 0xC3, 0x01, 0x4D, 0x84, 0xC4, 0x03, 0x4D, 0x84, 0xC4, 0x03,
    0x4B, 0x83, 0xC3, 0x02, 0x47, 0x81, 0xC1, 0x04, 0x44, 0x7F, 0xC0, 0x03, 0x44, 0x7F, 0xC0, 0x03,
    0x41, 0x7D, 0xBD, 0x04, 0x40, 0x7D, 0xBD, 0x02, 0x3E, 0x7A, 0xBB, 0x02, 0x3B, 0x78, 0xBC, 0x03,
    0x3B, 0x78, 0xBC, 0x03, 0x3B, 0x7A, 0xBD, 0x03, 0x3C, 0x7B, 0xBE, 0x02, 0x3D, 0x7B, 0xBD, 0x01,
    0x3D, 0x7B, 0xBD, 0x01, 0x00, 0x00, 0x00, 0x00, 0x00, 0x00, 0x00, 0x00, 0x00, 0x00, 0x00, 0x00,
    0x00, 0x00, 0x00, 0x00, 0x00, 0x00, 0x00, 0x00, 0x00, 0x00, 0x00, 0x00, 0x00, 0x00, 0x00, 0x00,
    0x00, 0x00, 0x00, 0x00, 0x00, 0x00, 0x00, 0x00, 0x00, 0x00, 0x00, 0x00, 0x00, 0x00, 0x00, 0x00,
    0x00, 0x00, 0x00, 0x00, 0x00, 0x00, 0x00, 0x00, 0x00, 0x00, 0x00, 0x00, 0x00, 0x00, 0x00, 0x00,
    0x00, 0x00, 0x00, 0x00, 0x00, 0x00, 0x00, 0x00, 0x00, 0x00, 0x00, 0x00, 0x00, 0x00, 0x00, 0x00,
    0x00, 0x00, 0x00, 0x00, 0x00, 0x00, 0x00, 0x00, 0x00, 0x00, 0x00, 0x00, 0x00, 0x00, 0x00, 0x00,
    0x00, 0x00, 0x00, 0x00, 0x00, 0x00, 0x00, 0x00, 0x00, 0x00, 0x00, 0x00, 0x00, 0x00, 0x00, 0x00,
    0x00, 0x00, 0x00, 0x00, 0x00, 0x00, 0x00, 0x00, 0x00, 0x00, 0x00, 0x00, 0x00, 0x00, 0x00, 0x00,
    0x00, 0x00, 0x00, 0x00, 0x00, 0x00, 0x00, 0x00, 0x00, 0x00, 0x00, 0x00, 0x00, 0x00, 0x00, 0x00,
    0x00, 0x00, 0x00, 0x00, 0x00, 0x00, 0x00, 0x00, 0x00, 0x00, 0x00, 0x00, 0x00, 0x00, 0x00, 0x00,
    0x00, 0x00, 0x00, 0x00, 0x00, 0x00, 0x00, 0x00, 0x00, 0x00, 0x00, 0x00, 0x00, 0x00, 0x00, 0x00,
    0x00, 0x00, 0x00, 0x00, 0x5D, 0x80, 0xA3, 0x01, 0x5F, 0x80, 0xA1, 0x01, 0x5F, 0x80, 0xA1, 0x01,
    0x60, 0x7F, 0xA0, 0x01, 0x61, 0x7F, 0xA0, 0x01, 0x62, 0x80, 0xA0, 0x01, 0x62, 0x80, 0xA0, 0x01,
    0x64, 0x80, 0x9D, 0x01, 0x66, 0x80, 0x9E, 0x04, 0x69, 0x81, 0x9A, 0x02, 0x56, 0x63, 0x76, 0x25,
    0x56, 0x63, 0x76, 0x25, 0x1A, 0x07, 0x04, 0xCE, 0xB6, 0x6E, 0x30, 0xF6, 0xF3, 0xB1, 0x52, 0xF4,
    0xF3, 0xB1, 0x52, 0xF4, 0xDC, 0x98, 0x3B, 0xF9, 0xE0, 0x9E, 0x47, 0xFA, 0xDE, 0x9D, 0x4B, 0xFB,
    0xDE, 0x9D, 0x4B, 0xFB, 0xD9, 0x90, 0x44, 0xFB, 0xE6, 0xAC, 0x5A, 0xFB, 0xE2, 0xA3, 0x55, 0xFB,
    0xE2, 0xA3, 0x55, 0xFB, 0xC5, 0x75, 0x28, 0xFB, 0xCB, 0x87, 0x38, 0xFB, 0xD2, 0x8E, 0x41, 0xFB,
    0xBC, 0x71, 0x2A, 0xFB, 0xBC, 0x71, 0x2A, 0xFB, 0xC5, 0x87, 0x38, 0xFB, 0xB0, 0x66, 0x21, 0xFB,
    0xA8, 0x63, 0x20, 0xFB, 0xA8, 0x63, 0x20, 0xFB, 0xAA, 0x65, 0x24, 0xFB, 0xA4, 0x5F, 0x22, 0xFB,
    0xAB, 0x6E, 0x2A, 0xFA, 0xAB, 0x6E, 0x2A, 0xFA, 0xA6, 0x63, 0x20, 0xFB, 0x99, 0x5B, 0x24, 0xF3,
    0x34, 0x18, 0x09, 0xF6, 0x34, 0x18, 0x09, 0xF6, 0x29, 0x24, 0x2D, 0x70, 0x00, 0x00, 0x00, 0x00,
    0x61, 0x81, 0xA0, 0x02, 0x00, 0x00, 0x00, 0x00, 0x00, 0x00, 0x00, 0x00, 0x00, 0x00, 0x00, 0x00,
    0x00, 0x00, 0x00, 0x00, 0x6E, 0x8F, 0xAE, 0x04, 0x6E, 0x8F, 0xAE, 0x04, 0x62, 0x82, 0x9F, 0x2E,
    0x40, 0x54, 0x71, 0x3B, 0x30, 0x43, 0x5C, 0x5B, 0x30, 0x43, 0x5C, 0x5B, 0x2C, 0x3B, 0x56, 0x6B,
    0x3A, 0x52, 0x70, 0x67, 0x35, 0x52, 0x73, 0x6E, 0x35, 0x52, 0x73, 0x6E, 0x21, 0x35, 0x58, 0x60,
    0x17, 0x2D, 0x50, 0x54, 0x16, 0x33, 0x5F, 0x39, 0x50, 0x88, 0xBA, 0x28, 0x50, 0x88, 0xBA, 0x28,
    0x5B, 0x99, 0xD1, 0x01, 0x51, 0x8A, 0xC5, 0x04, 0x51, 0x89, 0xC5, 0x04, 0x51, 0x89, 0xC5, 0x04,
    0x4F, 0x87, 0xC4, 0x02, 0x4E, 0x87, 0xC5, 0x01, 0x00, 0x00, 0x00, 0x00, 0x00, 0x00, 0x00, 0x00,
    0x00, 0x00, 0x00, 0x00, 0x49, 0x82, 0xC3, 0x01, 0x46, 0x80, 0xC2, 0x01, 0x46, 0x80, 0xC2, 0x01,
    0x43, 0x80, 0xC0, 0x01, 0x00, 0x00, 0x00, 0x00, 0x3F, 0x7D, 0xBF, 0x01, 0x00, 0x00, 0x00, 0x00,
    0x00, 0x00, 0x00, 0x00, 0x00, 0x00, 0x00, 0x00, 0x00, 0x00, 0x00, 0x00, 0x00, 0x00, 0x00, 0x00,
    0x00, 0x00, 0x00, 0x00, 0x00, 0x00, 0x00, 0x00, 0x00, 0x00, 0x00, 0x00, 0x00, 0x00, 0x00, 0x00,
    0x00, 0x00, 0x00, 0x00, 0x00, 0x00, 0x00, 0x00, 0x00, 0x00, 0x00, 0x00, 0x00, 0x00, 0x00, 0x00,
    0x00, 0x00, 0x00, 0x00, 0x00, 0x00, 0x00, 0x00, 0x00, 0x00, 0x00, 0x00, 0x00, 0x00, 0x00, 0x00,
    0x00, 0x00, 0x00, 0x00, 0x00, 0x00, 0x00, 0x00, 0x00, 0x00, 0x00, 0x00, 0x00, 0x00, 0x00, 0x00,
    0x00, 0x00, 0x00, 0x00, 0x00, 0x00, 0x00, 0x00, 0x00, 0x00, 0x00, 0x00, 0x00, 0x00, 0x00, 0x00,
    0x00, 0x00, 0x00, 0x00, 0x00, 0x00, 0x00, 0x00, 0x00, 0x00, 0x00, 0x00, 0x00, 0x00, 0x00, 0x00,
    0x00, 0x00, 0x00, 0x00, 0x00, 0x00, 0x00, 0x00, 0x00, 0x00, 0x00, 0x00, 0x00, 0x00, 0x00, 0x00,
    0x00, 0x00, 0x00, 0x00, 0x00, 0x00, 0x00, 0x00, 0x00, 0x00, 0x00, 0x00, 0x00, 0x00, 0x00, 0x00,
    0x00, 0x00, 0x00, 0x00, 0x00, 0x00, 0x00, 0x00, 0x00, 0x00, 0x00, 0x00, 0x00, 0x00, 0x00, 0x00,
    0x00, 0x00, 0x00, 0x00, 0x00, 0x00, 0x00, 0x00, 0x00, 0x00, 0x00, 0x00, 0x00, 0x00, 0x00, 0x00,
    0x00, 0x00, 0x00, 0x00, 0x00, 0x00, 0x00, 0x00, 0x00, 0x00, 0x00, 0x00, 0x00, 0x00, 0x00, 0x00,
    0x00, 0x00, 0x00, 0x00, 0x5E, 0x80, 0xA3, 0x01, 0x5F, 0x80, 0xA1, 0x01, 0x5F, 0x80, 0xA1, 0x01,
    0x61, 0x80, 0xA0, 0x01, 0x62, 0x80, 0xA0, 0x01, 0x62, 0x80, 0xA0, 0x01, 0x62, 0x80, 0xA0, 0x01,
    0x64, 0x81, 0x9E, 0x01, 0x66, 0x81, 0x9D, 0x04, 0x69, 0x80, 0x99, 0x01, 0x58, 0x65, 0x76, 0x21,
    0x58, 0x65, 0x76, 0x21, 0x1F, 0x0B, 0x07, 0xCA, 0xBC, 0x74, 0x33, 0xF5, 0xF5, 0xB7, 0x55, 0xF4,
    0xF5, 0xB7, 0x55, 0xF4, 0xDD, 0x99, 0x3E, 0xF9, 0xDC, 0x9B, 0x45, 0xFA, 0xDF, 0x9E, 0x49, 0xFB,
    0xDF, 0x9E, 0x49, 0xFB, 0xCE, 0x7E, 0x30, 0xFB, 0xDD, 0x9D, 0x4C, 0xFB, 0xD8, 0x95, 0x45, 0xFB,
    0xD8, 0x95, 0x45, 0xFB, 0xBC, 0x69, 0x1A, 0xFB, 0xCE, 0x89, 0x36, 0xFB, 0xD2, 0x92, 0x3E, 0xFB,
    0xC2, 0x80, 0x35, 0xFB, 0xC2, 0x80, 0x35, 0xFB, 0xC6, 0x8D, 0x3D, 0xFB, 0xB2, 0x6D, 0x26, 0xFB,
    0xB5, 0x72, 0x2F, 0xFA, 0xB5, 0x72, 0x2F, 0xFA, 0xB2, 0x72, 0x2E, 0xFA, 0xAB, 0x67, 0x2A, 0xFA,
    0xA4, 0x62, 0x24, 0xFA, 0xA4, 0x62, 0x24, 0xFA, 0xA5, 0x61, 0x21, 0xFA, 0x99, 0x61, 0x29, 0xF2,
    0x38, 0x1B, 0x09, 0xF2, 0x38, 0x1B, 0x09, 0xF2, 0x2C, 0x26, 0x2F, 0x52, 0x00, 0x00, 0x00, 0x00,
    0x65, 0x86, 0xA7, 0x05, 0x64, 0x87, 0xAA, 0x01, 0x64, 0x87, 0xAA, 0x01, 0x63, 0x86, 0xA9, 0x03,
    0x62, 0x88, 0xA9, 0x01, 0x62, 0x86, 0xAA, 0x02, 0x62, 0x86, 0xAA, 0x02, 0x00, 0x00, 0x00, 0x00,
    0x00, 0x00, 0x00, 0x00, 0x67, 0x91, 0xB6, 0x01, 0x67, 0x91, 0xB6, 0x01, 0x67, 0x91, 0xB9, 0x01,
    0x68, 0x94, 0xBD, 0x01, 0x68, 0x93, 0xC1, 0x01, 0x68, 0x93, 0xC1, 0x01, 0x00, 0x00, 0x00, 0x00,
    0x65, 0x97, 0xC8, 0x02, 0x00, 0x00, 0x00, 0x00, 0x00, 0x00, 0x00, 0x00, 0x00, 0x00, 0x00, 0x00,
    0x50, 0x88, 0xBF, 0x02, 0x51, 0x88, 0xC2, 0x02, 0x50, 0x88, 0xC3, 0x01, 0x50, 0x88, 0xC3, 0x01,
    0x4F, 0x88, 0xC3, 0x01, 0x4E, 0x86, 0xC4, 0x01, 0x4C, 0x85, 0xC4, 0x01, 0x4C, 0x85, 0xC4, 0x01,
    0x4A, 0x84, 0xC3, 0x01, 0x49, 0x82, 0xC3, 0x01, 0x46, 0x81, 0xC2, 0x01, 0x46, 0x81, 0xC2, 0x01,
    0x00, 0x00, 0x00, 0x00, 0x42, 0x80, 0xC1, 0x01, 0x00, 0x00, 0x00, 0x00, 0x00, 0x00, 0x00, 0x00,
    0x00, 0x00, 0x00, 0x00, 0x00, 0x00, 0x00, 0x00, 0x00, 0x00, 0x00, 0x00, 0x00, 0x00, 0x00, 0x00,
    0x00, 0x00, 0x00, 0x00, 0x00, 0x00, 0x00, 0x00, 0x00, 0x00, 0x00, 0x00, 0x00, 0x00, 0x00, 0x00,
    0x00, 0x00, 0x00, 0x00, 0x00, 0x00, 0x00, 0x00, 0x00, 0x00, 0x00, 0x00, 0x00, 0x00, 0x00, 0x00,
    0x00, 0x00, 0x00, 0x00, 0x00, 0x00, 0x00, 0x00, 0x00, 0x00, 0x00, 0x00, 0x00, 0x00, 0x00, 0x00,
    0x00, 0x00, 0x00, 0x00, 0x00, 0x00, 0x00, 0x00, 0x00, 0x00, 0x00, 0x00, 0x00, 0x00, 0x00, 0x00,
    0x00, 0x00, 0x00, 0x00, 0x00, 0x00, 0x00, 0x00, 0x00, 0x00, 0x00, 0x00, 0x00, 0x00, 0x00, 0x00,
    0x00, 0x00, 0x00, 0x00, 0x00, 0x00, 0x00, 0x00, 0x00, 0x00, 0x00, 0x00, 0x00, 0x00, 0x00, 0x00,
    0x00, 0x00, 0x00, 0x00, 0x00, 0x00, 0x00, 0x00, 0x00, 0x00, 0x00, 0x00, 0x00, 0x00, 0x00, 0x00,
    0x00, 0x00, 0x00, 0x00, 0x00, 0x00, 0x00, 0x00, 0x00, 0x00, 0x00, 0x00, 0x00, 0x00, 0x00, 0x00,
    0x00, 0x00, 0x00, 0x00, 0x00, 0x00, 0x00, 0x00, 0x00, 0x00, 0x00, 0x00, 0x00, 0x00, 0x00, 0x00,
    0x00, 0x00, 0x00, 0x00, 0x00, 0x00, 0x00, 0x00, 0x00, 0x00, 0x00, 0x00, 0x00, 0x00, 0x00, 0x00,
    0x00, 0x00, 0x00, 0x00, 0x00, 0x00, 0x00, 0x00, 0x00, 0x00, 0x00, 0x00, 0x00, 0x00, 0x00, 0x00,
    0x00, 0x00, 0x00, 0x00, 0x5E, 0x7F, 0xA3, 0x01, 0x60, 0x80, 0xA1, 0x01, 0x60, 0x80, 0xA1, 0x01,
    0x61, 0x80, 0xA0, 0x01, 0x62, 0x80, 0xA0, 0x01, 0x63, 0x80, 0x9F, 0x02, 0x63, 0x80, 0x9F, 0x02,
    0x65, 0x81, 0x9F, 0x01, 0x66, 0x81, 0x9D, 0x04, 0x69, 0x80, 0x98, 0x01, 0x5C, 0x67, 0x79, 0x20,
    0x5C, 0x67, 0x79, 0x20, 0x18, 0x09, 0x06, 0xC9, 0xBC, 0x72, 0x35, 0xF6, 0xEA, 0xA6, 0x4B, 0xF4,
    0xEA, 0xA6, 0x4B, 0xF4, 0xDB, 0x9B, 0x41, 0xF9, 0xD6, 0x8F, 0x3D, 0xFA, 0xD1, 0x88, 0x38, 0xFA,
    0xD1, 0x88, 0x38, 0xFA, 0xD7, 0x91, 0x42, 0xFA, 0xD6, 0x92, 0x44, 0xFA, 0xD7, 0x92, 0x43, 0xFB,
    0xD7, 0x92, 0x43, 0xFB, 0xCD, 0x85, 0x34, 0xFB, 0xCB, 0x80, 0x2F, 0xFB, 0xC4, 0x7A, 0x2B, 0xFB,
    0xC5, 0x82, 0x38, 0xFB, 0xC5, 0x82, 0x38, 0xFB, 0xB9, 0x74, 0x30, 0xFB, 0xBA, 0x7B, 0x35, 0xFA,
    0xAF, 0x6F, 0x2E, 0xFA, 0xAF, 0x6F, 0x2E, 0xFA, 0xA4, 0x61, 0x24, 0xFA, 0xA3, 0x63, 0x26, 0xFA,
    0x9E, 0x59, 0x1D, 0xFA, 0x9E, 0x59, 0x1D, 0xFA, 0xA1, 0x5A, 0x1B, 0xFA, 0x8E, 0x52, 0x1E, 0xF1,
    0x32, 0x19, 0x09, 0xF7, 0x32, 0x19, 0x09, 0xF7, 0x50, 0x55, 0x5C, 0x51, 0x00, 0x00, 0x00, 0x00,
    0x61, 0x84, 0xA4, 0x04, 0x00, 0x00, 0x00, 0x00, 0x00, 0x00, 0x00, 0x00, 0x61, 0x84, 0xA8, 0x03,
    0x61, 0x87, 0xAA, 0x01, 0x62, 0x87, 0xAC, 0x04, 0x62, 0x87, 0xAC, 0x04, 0x61, 0x88, 0xAD, 0x03,
    0x61, 0x87, 0xAE, 0x05, 0x60, 0x88, 0xB1, 0x03, 0x60, 0x88, 0xB1, 0x03, 0x5E, 0x89, 0xB2, 0x05,
    0x5F, 0x8B, 0xB5, 0x04, 0x5E, 0x88, 0xB6, 0x04, 0x5E, 0x88, 0xB6, 0x04, 0x5C, 0x8A, 0xB7, 0x04,
    0x57, 0x88, 0xB8, 0x04, 0x52, 0x87, 0xB9, 0x04, 0x53, 0x88, 0xBC, 0x03, 0x53, 0x88, 0xBC, 0x03,
    0x53, 0x88, 0xBF, 0x02, 0x51, 0x87, 0xC0, 0x01, 0x50, 0x87, 0xC2, 0x01, 0x50, 0x87, 0xC2, 0x01,
    0x4E, 0x86, 0xC2, 0x02, 0x00, 0x00, 0x00, 0x00, 0x4B, 0x85, 0xC3, 0x01, 0x4B, 0x85, 0xC3, 0x01,
    0x4A, 0x83, 0xC3, 0x01, 0x49, 0x82, 0xC2, 0x01, 0x47, 0x81, 0xC2, 0x01, 0x47, 0x81, 0xC2, 0x01,
    0x45, 0x81, 0xC2, 0x01, 0x43, 0x80, 0xC1, 0x01, 0x43, 0x7F, 0xC1, 0x01, 0x42, 0x7E, 0xBF, 0x01,
    0x42, 0x7E, 0xBF, 0x01, 0x00, 0x00, 0x00, 0x00, 0x00, 0x00, 0x00, 0x00, 0x00, 0x00, 0x00, 0x00,
    0x00, 0x00, 0x00, 0x00, 0x00, 0x00, 0x00, 0x00, 0x00, 0x00, 0x00, 0x00, 0x00, 0x00, 0x00, 0x00,
    0x00, 0x00, 0x00, 0x00, 0x00, 0x00, 0x00, 0x00, 0x00, 0x00, 0x00, 0x00, 0x00, 0x00, 0x00, 0x00,
    0x00, 0x00, 0x00, 0x00, 0x00, 0x00, 0x00, 0x00, 0x00, 0x00, 0x00, 0x00, 0x00, 0x00, 0x00, 0x00,
    0x00, 0x00, 0x00, 0x00, 0x00, 0x00, 0x00, 0x00, 0x00, 0x00, 0x00, 0x00, 0x00, 0x00, 0x00, 0x00,
    0x00, 0x00, 0x00, 0x00, 0x00, 0x00, 0x00, 0x00, 0x00, 0x00, 0x00, 0x00, 0x00, 0x00, 0x00, 0x00,
    0x00, 0x00, 0x00, 0x00, 0x00, 0x00, 0x00, 0x00, 0x00, 0x00, 0x00, 0x00, 0x00, 0x00, 0x00, 0x00,
    0x00, 0x00, 0x00, 0x00, 0x00, 0x00, 0x00, 0x00, 0x00, 0x00, 0x00, 0x00, 0x00, 0x00, 0x00, 0x00,
    0x00, 0x00, 0x00, 0x00, 0x00, 0x00, 0x00, 0x00, 0x00, 0x00, 0x00, 0x00, 0x00, 0x00, 0x00, 0x00,
    0x00, 0x00, 0x00, 0x00, 0x00, 0x00, 0x00, 0x00, 0x00, 0x00, 0x00, 0x00, 0x00, 0x00, 0x00, 0x00,
    0x00, 0x00, 0x00, 0x00, 0x00, 0x00, 0x00, 0x00, 0x00, 0x00, 0x00, 0x00, 0x00, 0x00, 0x00, 0x00,
    0x00, 0x00, 0x00, 0x00, 0x00, 0x00, 0x00, 0x00, 0x00, 0x00, 0x00, 0x00, 0x00, 0x00, 0x00, 0x00,
    0x00, 0x00, 0x00, 0x00, 0x5E, 0x7F, 0xA3, 0x01, 0x60, 0x80, 0xA1, 0x01, 0x60, 0x80, 0xA1, 0x01,
    0x61, 0x80, 0xA0, 0x01, 0x62, 0x80, 0xA0, 0x01, 0x63, 0x80, 0x9F, 0x02, 0x63, 0x80, 0x9F, 0x02,
    0x65, 0x81, 0x9F, 0x01, 0x66, 0x81, 0x9D, 0x04, 0x69, 0x80, 0x98, 0x01, 0x5C, 0x67, 0x79, 0x20,
    0x5C, 0x67, 0x79, 0x20, 0x18, 0x09, 0x06, 0xC9, 0xBC, 0x72, 0x35, 0xF6, 0xEA, 0xA6, 0x4B, 0xF4,
    0xEA, 0xA6, 0x4B, 0xF4, 0xDB, 0x9B, 0x41, 0xF9, 0xD6, 0x8F, 0x3D, 0xFA, 0xD1, 0x88, 0x38, 0xFA,
    0xD1, 0x88, 0x38, 0xFA, 0xD7, 0x91, 0x42, 0xFA, 0xD6, 0x92, 0x44, 0xFA, 0xD7, 0x92, 0x43, 0xFB,
    0xD7, 0x92, 0x43, 0xFB, 0xCD, 0x85, 0x34, 0xFB, 0xCB, 0x80, 0x2F, 0xFB, 0xC4, 0x7A, 0x2B, 0xFB,
    0xC5, 0x82, 0x38, 0xFB, 0xC5, 0x82, 0x38, 0xFB, 0xB9, 0x74, 0x30, 0xFB, 0xBA, 0x7B, 0x35, 0xFA,
    0xAF, 0x6F, 0x2E, 0xFA, 0xAF, 0x6F, 0x2E, 0xFA, 0xA4, 0x61, 0x24, 0xFA, 0xA3, 0x63, 0x26, 0xFA,
    0x9E, 0x59, 0x1D, 0xFA, 0x9E, 0x59, 0x1D, 0xFA, 0xA1, 0x5A, 0x1B, 0xFA, 0x8E, 0x52, 0x1E, 0xF1,
    0x32, 0x19, 0x09, 0xF7, 0x32, 0x19, 0x09, 0xF7, 0x50, 0x55, 0x5C, 0x51, 0x00, 0x00, 0x00, 0x00,
    0x61, 0x84, 0xA4, 0x04, 0x00, 0x00, 0x00, 0x00, 0x00, 0x00, 0x00, 0x00, 0x61, 0x84, 0xA8, 0x03,
    0x61, 0x87, 0xAA, 0x01, 0x62, 0x87, 0xAC, 0x04, 0x62, 0x87, 0xAC, 0x04, 0x61, 0x88, 0xAD, 0x03,
    0x61, 0x87, 0xAE, 0x05, 0x60, 0x88, 0xB1, 0x03, 0x60, 0x88, 0xB1, 0x03, 0x5E, 0x89, 0xB2, 0x05,
    0x5F, 0x8B, 0xB5, 0x04, 0x5E, 0x88, 0xB6, 0x04, 0x5E, 0x88, 0xB6, 0x04, 0x5C, 0x8A, 0xB7, 0x04,
    0x57, 0x88, 0xB8, 0x04, 0x52, 0x87, 0xB9, 0x04, 0x53, 0x88, 0xBC, 0x03, 0x53, 0x88, 0xBC, 0x03,
    0x53, 0x88, 0xBF, 0x02, 0x51, 0x87, 0xC0, 0x01, 0x50, 0x87, 0xC2, 0x01, 0x50, 0x87, 0xC2, 0x01,
    0x4E, 0x86, 0xC2, 0x02, 0x00, 0x00, 0x00, 0x00, 0x4B, 0x85, 0xC3, 0x01, 0x4B, 0x85, 0xC3, 0x01,
    0x4A, 0x83, 0xC3, 0x01, 0x49, 0x82, 0xC2, 0x01, 0x47, 0x81, 0xC2, 0x01, 0x47, 0x81, 0xC2, 0x01,
    0x45, 0x81, 0xC2, 0x01, 0x43, 0x80, 0xC1, 0x01, 0x43, 0x7F, 0xC1, 0x01, 0x42, 0x7E, 0xBF, 0x01,
    0x42, 0x7E, 0xBF, 0x01, 0x00, 0x00, 0x00, 0x00, 0x00, 0x00, 0x00, 0x00, 0x00, 0x00, 0x00, 0x00,
    0x00, 0x00, 0x00, 0x00, 0x00, 0x00, 0x00, 0x00, 0x00, 0x00, 0x00, 0x00, 0x00, 0x00, 0x00, 0x00,
    0x00, 0x00, 0x00, 0x00, 0x00, 0x00, 0x00, 0x00, 0x00, 0x00, 0x00, 0x00, 0x00, 0x00, 0x00, 0x00,
    0x00, 0x00, 0x00, 0x00, 0x00, 0x00, 0x00, 0x00, 0x00, 0x00, 0x00, 0x00, 0x00, 0x00, 0x00, 0x00,
    0x00, 0x00, 0x00, 0x00, 0x00, 0x00, 0x00, 0x00, 0x00, 0x00, 0x00, 0x00, 0x00, 0x00, 0x00, 0x00,
    0x00, 0x00, 0x00, 0x00, 0x00, 0x00, 0x00, 0x00, 0x00, 0x00, 0x00, 0x00, 0x00, 0x00, 0x00, 0x00,
    0x00, 0x00, 0x00, 0x00, 0x00, 0x00, 0x00, 0x00, 0x00, 0x00, 0x00, 0x00, 0x00, 0x00, 0x00, 0x00,
    0x00, 0x00, 0x00, 0x00, 0x00, 0x00, 0x00, 0x00, 0x00, 0x00, 0x00, 0x00, 0x00, 0x00, 0x00, 0x00,
    0x00, 0x00, 0x00, 0x00, 0x00, 0x00, 0x00, 0x00, 0x00, 0x00, 0x00, 0x00, 0x00, 0x00, 0x00, 0x00,
    0x00, 0x00, 0x00, 0x00, 0x00, 0x00, 0x00, 0x00, 0x00, 0x00, 0x00, 0x00, 0x00, 0x00, 0x00, 0x00,
    0x00, 0x00, 0x00, 0x00, 0x00, 0x00, 0x00, 0x00, 0x00, 0x00, 0x00, 0x00, 0x00, 0x00, 0x00, 0x00,
    0x00, 0x00, 0x00, 0x00, 0x00, 0x00, 0x00, 0x00, 0x00, 0x00, 0x00, 0x00, 0x00, 0x00, 0x00, 0x00,
    0x00, 0x00, 0x00, 0x00, 0x5D, 0x80, 0xA3, 0x01, 0x5F, 0x80, 0xA1, 0x01, 0x5F, 0x80, 0xA1, 0x01,
    0x61, 0x80, 0xA0, 0x01, 0x62, 0x80, 0xA0, 0x01, 0x63, 0x80, 0xA0, 0x01, 0x63, 0x80, 0xA0, 0x01,
    0x65, 0x81, 0x9E, 0x01, 0x68, 0x81, 0x9D, 0x03, 0x69, 0x80, 0x98, 0x03, 0x5B, 0x66, 0x7A, 0x1C,
    0x5B, 0x66, 0x7A, 0x1C, 0x1C, 0x0C, 0x09, 0xBF, 0xBC, 0x78, 0x3A, 0xF2, 0xE8, 0xA7, 0x4C, 0xF2,
    0xE8, 0xA7, 0x4C, 0xF2, 0xCE, 0x8C, 0x36, 0xF8, 0xD5, 0x90, 0x3D, 0xFA, 0xD4, 0x8C, 0x3D, 0xFA,
    0xD4, 0x8C, 0x3D, 0xFA, 0xD5, 0x8E, 0x41, 0xFA, 0xD4, 0x8D, 0x3F, 0xFA, 0xD1, 0x8B, 0x3D, 0xFA,
    0xD1, 0x8B, 0x3D, 0xFA, 0xD7, 0x95, 0x42, 0xFA, 0xBD, 0x6F, 0x22, 0xFA, 0xC5, 0x7C, 0x30, 0xFA,
    0xCC, 0x90, 0x41, 0xFA, 0xCC, 0x90, 0x41, 0xFA, 0xBB, 0x7A, 0x35, 0xFB, 0xAA, 0x69, 0x28, 0xFA,
    0x93, 0x4F, 0x16, 0xFA, 0x93, 0x4F, 0x16, 0xFA, 0x88, 0x3F, 0x0B, 0xFA, 0x9C, 0x5E, 0x21, 0xF9,
    0xA7, 0x69, 0x27, 0xF9, 0xA7, 0x69, 0x27, 0xF9, 0xA3, 0x63, 0x22, 0xFA, 0x86, 0x51, 0x21, 0xF1,
    0x30, 0x19, 0x0F, 0xEC, 0x30, 0x19, 0x0F, 0xEC, 0x40, 0x43, 0x55, 0x43, 0x00, 0x00, 0x00, 0x00,
    0x60, 0x83, 0xA3, 0x05, 0x62, 0x84, 0xA8, 0x01, 0x62, 0x84, 0xA8, 0x01, 0x60, 0x84, 0xA9, 0x03,
    0x60, 0x86, 0xAB, 0x02, 0x60, 0x88, 0xAD, 0x02, 0x60, 0x88, 0xAD, 0x02, 0x60, 0x88, 0xAE, 0x01,
    0x61, 0x88, 0xB0, 0x02, 0x00, 0x00, 0x00, 0x00, 0x00, 0x00, 0x00, 0x00, 0x5F, 0x89, 0xB4, 0x01,
    0x5C, 0x89, 0xB4, 0x01, 0x5B, 0x89, 0xB7, 0x01, 0x5B, 0x89, 0xB7, 0x01, 0x5A, 0x88, 0xB7, 0x01,
    0x57, 0x87, 0xB8, 0x01, 0x00, 0x00, 0x00, 0x00, 0x51, 0x87, 0xBC, 0x01, 0x51, 0x87, 0xBC, 0x01,
    0x51, 0x87, 0xBD, 0x01, 0x4F, 0x87, 0xBF, 0x01, 0x4E, 0x86, 0xC0, 0x01, 0x4E, 0x86, 0xC0, 0x01,
    0x4C, 0x86, 0xC1, 0x01, 0x4B, 0x85, 0xC2, 0x01, 0x4B, 0x85, 0xC2, 0x01, 0x4B, 0x85, 0xC2, 0x01,
    0x4A, 0x84, 0xC2, 0x01, 0x48, 0x83, 0xC2, 0x01, 0x47, 0x82, 0xC2, 0x01, 0x47, 0x82, 0xC2, 0x01,
    0x45, 0x81, 0xC1, 0x01, 0x00, 0x00, 0x00, 0x00, 0x43, 0x80, 0xC1, 0x01, 0x42, 0x7F, 0xC0, 0x01,
    0x42, 0x7F, 0xC0, 0x01, 0x00, 0x00, 0x00, 0x00, 0x00, 0x00, 0x00, 0x00, 0x00, 0x00, 0x00, 0x00,
    0x00, 0x00, 0x00, 0x00, 0x00, 0x00, 0x00, 0x00, 0x00, 0x00, 0x00, 0x00, 0x00, 0x00, 0x00, 0x00,
    0x00, 0x00, 0x00, 0x00, 0x00, 0x00, 0x00, 0x00, 0x00, 0x00, 0x00, 0x00, 0x00, 0x00, 0x00, 0x00,
    0x00, 0x00, 0x00, 0x00, 0x00, 0x00, 0x00, 0x00, 0x00, 0x00, 0x00, 0x00, 0x00, 0x00, 0x00, 0x00,
    0x00, 0x00, 0x00, 0x00, 0x00, 0x00, 0x00, 0x00, 0x00, 0x00, 0x00, 0x00, 0x00, 0x00, 0x00, 0x00,
    0x00, 0x00, 0x00, 0x00, 0x00, 0x00, 0x00, 0x00, 0x00, 0x00, 0x00, 0x00, 0x00, 0x00, 0x00, 0x00,
    0x00, 0x00, 0x00, 0x00, 0x00, 0x00, 0x00, 0x00, 0x00, 0x00, 0x00, 0x00, 0x00, 0x00, 0x00, 0x00,
    0x00, 0x00, 0x00, 0x00, 0x00, 0x00, 0x00, 0x00, 0x00, 0x00, 0x00, 0x00, 0x00, 0x00, 0x00, 0x00,
    0x00, 0x00, 0x00, 0x00, 0x00, 0x00, 0x00, 0x00, 0x00, 0x00, 0x00, 0x00, 0x00, 0x00, 0x00, 0x00,
    0x00, 0x00, 0x00, 0x00, 0x00, 0x00, 0x00, 0x00, 0x00, 0x00, 0x00, 0x00, 0x00, 0x00, 0x00, 0x00,
    0x00, 0x00, 0x00, 0x00, 0x00, 0x00, 0x00, 0x00, 0x00, 0x00, 0x00, 0x00, 0x00, 0x00, 0x00, 0x00,
    0x00, 0x00, 0x00, 0x00, 0x00, 0x00, 0x00, 0x00, 0x00, 0x00, 0x00, 0x00, 0x00, 0x00, 0x00, 0x00,
    0x00, 0x00, 0x00, 0x00, 0x5D, 0x80, 0xA3, 0x01, 0x5E, 0x80, 0xA1, 0x01, 0x5E, 0x80, 0xA1, 0x01,
    0x61, 0x7F, 0xA1, 0x01, 0x63, 0x7F, 0xA0, 0x01, 0x63, 0x80, 0xA0, 0x01, 0x63, 0x80, 0xA0, 0x01,
    0x65, 0x81, 0x9F, 0x01, 0x67, 0x81, 0x9C, 0x03, 0x6D, 0x84, 0x9D, 0x04, 0x57, 0x60, 0x75, 0x0F,
    0x57, 0x60, 0x75, 0x0F, 0x34, 0x22, 0x25, 0xA4, 0x9D, 0x61, 0x30, 0xF2, 0xD4, 0x93, 0x41, 0xF3,
    0xD4, 0x93, 0x41, 0xF3, 0xC6, 0x80, 0x30, 0xF9, 0xCF, 0x89, 0x37, 0xF9, 0xD4, 0x93, 0x42, 0xFA,
    0xD4, 0x93, 0x42, 0xFA, 0xC9, 0x7C, 0x33, 0xFA, 0xCE, 0x84, 0x37, 0xFA, 0xCE, 0x85, 0x39, 0xFA,
    0xCE, 0x85, 0x39, 0xFA, 0xCA, 0x81, 0x34, 0xFA, 0xBB, 0x6B, 0x21, 0xFA, 0xBD, 0x72, 0x2D, 0xFA,
    0xC4, 0x85, 0x3D, 0xFA, 0xC4, 0x85, 0x3D, 0xFA, 0xB4, 0x75, 0x30, 0xFA, 0xA1, 0x5E, 0x1F, 0xFA,
    0x9F, 0x5F, 0x21, 0xFA, 0x9F, 0x5F, 0x21, 0xFA, 0x99, 0x55, 0x1D, 0xFA, 0xA7, 0x67, 0x2A, 0xFA,
    0x9C, 0x56, 0x1A, 0xFA, 0x9C, 0x56, 0x1A, 0xFA, 0xA2, 0x60, 0x25, 0xF7, 0x6B, 0x37, 0x16, 0xFA,
    0x2D, 0x19, 0x16, 0xE4, 0x2D, 0x19, 0x16, 0xE4, 0x46, 0x4A, 0x63, 0x5F, 0x00, 0x00, 0x00, 0x00,
    0x60, 0x82, 0xA4, 0x06, 0x5E, 0x81, 0xA6, 0x03, 0x5E, 0x81, 0xA6, 0x03, 0x5D, 0x82, 0xA9, 0x03,
    0x5E, 0x84, 0xAA, 0x02, 0x5E, 0x85, 0xAC, 0x03, 0x5E, 0x85, 0xAC, 0x03, 0x5F, 0x86, 0xAE, 0x02,
    0x60, 0x87, 0xB0, 0x02, 0x5F, 0x86, 0xB2, 0x02, 0x5F, 0x86, 0xB2, 0x02, 0x5D, 0x87, 0xB3, 0x01,
    0x5B, 0x87, 0xB4, 0x01, 0x58, 0x87, 0xB5, 0x01, 0x58, 0x87, 0xB5, 0x01, 0x57, 0x86, 0xB7, 0x01,
    0x55, 0x86, 0xB8, 0x01, 0x53, 0x86, 0xBA, 0x01, 0x51, 0x86, 0xBB, 0x01, 0x51, 0x86, 0xBB, 0x01,
    0x4F, 0x85, 0xBC, 0x01, 0x4E, 0x85, 0xBD, 0x01, 0x4D, 0x85, 0xBF, 0x01, 0x4D, 0x85, 0xBF, 0x01,
    0x4C, 0x86, 0xC1, 0x01, 0x4C, 0x86, 0xC2, 0x01, 0x4B, 0x85, 0xC2, 0x01, 0x4B, 0x85, 0xC2, 0x01,
    0x4A, 0x84, 0xC2, 0x01, 0x49, 0x83, 0xC1, 0x01, 0x48, 0x83, 0xC1, 0x01, 0x48, 0x83, 0xC1, 0x01,
    0x46, 0x81, 0xC0, 0x01, 0x46, 0x80, 0xC0, 0x01, 0x45, 0x80, 0xC0, 0x01, 0x00, 0x00, 0x00, 0x00,
    0x00, 0x00, 0x00, 0x00, 0x00, 0x00, 0x00, 0x00, 0x00, 0x00, 0x00, 0x00, 0x00, 0x00, 0x00, 0x00,
    0x00, 0x00, 0x00, 0x00, 0x00, 0x00, 0x00, 0x00, 0x00, 0x00, 0x00, 0x00, 0x00, 0x00, 0x00, 0x00,
    0x00, 0x00, 0x00, 0x00, 0x00, 0x00, 0x00, 0x00, 0x00, 0x00, 0x00, 0x00, 0x00, 0x00, 0x00, 0x00,
    0x00, 0x00, 0x00, 0x00, 0x00, 0x00, 0x00, 0x00, 0x00, 0x00, 0x00, 0x00, 0x00, 0x00, 0x00, 0x00,
    0x00, 0x00, 0x00, 0x00, 0x00, 0x00, 0x00, 0x00, 0x00, 0x00, 0x00, 0x00, 0x00, 0x00, 0x00, 0x00,
    0x00, 0x00, 0x00, 0x00, 0x00, 0x00, 0x00, 0x00, 0x00, 0x00, 0x00, 0x00, 0x00, 0x00, 0x00, 0x00,
    0x00, 0x00, 0x00, 0x00, 0x00, 0x00, 0x00, 0x00, 0x00, 0x00, 0x00, 0x00, 0x00, 0x00, 0x00, 0x00,
    0x00, 0x00, 0x00, 0x00, 0x00, 0x00, 0x00, 0x00, 0x00, 0x00, 0x00, 0x00, 0x00, 0x00, 0x00, 0x00,
    0x00, 0x00, 0x00, 0x00, 0x00, 0x00, 0x00, 0x00, 0x00, 0x00, 0x00, 0x00, 0x00, 0x00, 0x00, 0x00,
    0x00, 0x00, 0x00, 0x00, 0x00, 0x00, 0x00, 0x00, 0x00, 0x00, 0x00, 0x00, 0x00, 0x00, 0x00, 0x00,
    0x00, 0x00, 0x00, 0x00, 0x00, 0x00, 0x00, 0x00, 0x00, 0x00, 0x00, 0x00, 0x00, 0x00, 0x00, 0x00,
    0x00, 0x00, 0x00, 0x00, 0x00, 0x00, 0x00, 0x00, 0x00, 0x00, 0x00, 0x00, 0x00, 0x00, 0x00, 0x00,
    0x00, 0x00, 0x00, 0x00, 0x00, 0x00, 0x00, 0x00, 0x5F, 0x80, 0xA2, 0x01, 0x5F, 0x80, 0xA2, 0x01,
    0x61, 0x80, 0xA0, 0x01, 0x62, 0x80, 0xA0, 0x01, 0x63, 0x80, 0x9F, 0x01, 0x63, 0x80, 0x9F, 0x01,
    0x65, 0x80, 0x9F, 0x02, 0x67, 0x81, 0x9D, 0x02, 0x6E, 0x85, 0x9E, 0x02, 0x5F, 0x6C, 0x80, 0x0F,
    0x5F, 0x6C, 0x80, 0x0F, 0x5D, 0x58, 0x65, 0x89, 0x5F, 0x34, 0x1B, 0xE2, 0xA7, 0x68, 0x29, 0xED,
    0xA7, 0x68, 0x29, 0xED, 0xC8, 0x8B, 0x35, 0xF7, 0xCB, 0x8B, 0x36, 0xF9, 0xCF, 0x8F, 0x3E, 0xF9,
    0xCF, 0x8F, 0x3E, 0xF9, 0xCA, 0x80, 0x36, 0xFA, 0xC9, 0x82, 0x37, 0xFA, 0xD0, 0x8E, 0x42, 0xFA,
    0xD0, 0x8E, 0x42, 0xFA, 0xCB, 0x86, 0x3B, 0xFA, 0xBD, 0x76, 0x2B, 0xFA, 0xBF, 0x76, 0x30, 0xFA,
    0xBA, 0x72, 0x2E, 0xFA, 0xBA, 0x72, 0x2E, 0xFA, 0xB0, 0x6D, 0x27, 0xFA, 0xAB, 0x69, 0x28, 0xFA,
    0xB5, 0x79, 0x35, 0xF9, 0xB5, 0x79, 0x35, 0xF9, 0xA9, 0x67, 0x2A, 0xFA, 0xA4, 0x61, 0x25, 0xF9,
    0xA0, 0x5D, 0x20, 0xF9, 0xA0, 0x5D, 0x20, 0xF9, 0x95, 0x5B, 0x27, 0xF3, 0x50, 0x2A, 0x14, 0xF6,
    0x48, 0x47, 0x52, 0x97, 0x48, 0x47, 0x52, 0x97, 0x6A, 0x85, 0x9F, 0x33, 0x00, 0x00, 0x00, 0x00,
    0x5F, 0x80, 0xA3, 0x07, 0x5D, 0x80, 0xA6, 0x03, 0x5D, 0x80, 0xA6, 0x03, 0x5C, 0x81, 0xA8, 0x03,
    0x5C, 0x83, 0xAB, 0x02, 0x5D, 0x83, 0xAD, 0x02, 0x5D, 0x83, 0xAD, 0x02, 0x5C, 0x85, 0xAD, 0x02,
    0x5D, 0x85, 0xB0, 0x02, 0x5D, 0x85, 0xB1, 0x02, 0x5D, 0x85, 0xB1, 0x02, 0x5B, 0x85, 0xB3, 0x02,
    0x59, 0x86, 0xB5, 0x01, 0x57, 0x86, 0xB6, 0x01, 0x57, 0x86, 0xB6, 0x01, 0x56, 0x85, 0xB7, 0x01,
    0x54, 0x86, 0xB8, 0x01, 0x51, 0x85, 0xBA, 0x01, 0x4F, 0x85, 0xBB, 0x01, 0x4F, 0x85, 0xBB, 0x01,
    0x4E, 0x85, 0xBC, 0x01, 0x4D, 0x84, 0xBD, 0x01, 0x4C, 0x85, 0xBF, 0x01, 0x4C, 0x85, 0xBF, 0x01,
    0x4B, 0x85, 0xC0, 0x01, 0x4B, 0x85, 0xC1, 0x01, 0x4A, 0x85, 0xC2, 0x01, 0x4A, 0x85, 0xC2, 0x01,
    0x49, 0x84, 0xC2, 0x01, 0x49, 0x84, 0xC2, 0x01, 0x48, 0x83, 0xC2, 0x01, 0x48, 0x83, 0xC2, 0x01,
    0x47, 0x82, 0xC1, 0x01, 0x46, 0x82, 0xC1, 0x01, 0x46, 0x81, 0xC1, 0x01, 0x00, 0x00, 0x00, 0x00,
    0x00, 0x00, 0x00, 0x00, 0x00, 0x00, 0x00, 0x00, 0x00, 0x00, 0x00, 0x00, 0x00, 0x00, 0x00, 0x00,
    0x00, 0x00, 0x00, 0x00, 0x00, 0x00, 0x00, 0x00, 0x00, 0x00, 0x00, 0x00, 0x00, 0x00, 0x00, 0x00,
    0x00, 0x00, 0x00, 0x00, 0x00, 0x00, 0x00, 0x00, 0x00, 0x00, 0x00, 0x00, 0x00, 0x00, 0x00, 0x00,
    0x00, 0x00, 0x00, 0x00, 0x00, 0x00, 0x00, 0x00, 0x00, 0x00, 0x00, 0x00, 0x00, 0x00, 0x00, 0x00,
    0x00, 0x00, 0x00, 0x00, 0x00, 0x00, 0x00, 0x00, 0x00, 0x00, 0x00, 0x00, 0x00, 0x00, 0x00, 0x00,
    0x00, 0x00, 0x00, 0x00, 0x00, 0x00, 0x00, 0x00, 0x00, 0x00, 0x00, 0x00, 0x00, 0x00, 0x00, 0x00,
    0x00, 0x00, 0x00, 0x00, 0x00, 0x00, 0x00, 0x00, 0x00, 0x00, 0x00, 0x00, 0x00, 0x00, 0x00, 0x00,
    0x00, 0x00, 0x00, 0x00, 0x00, 0x00, 0x00, 0x00, 0x00, 0x00, 0x00, 0x00, 0x00, 0x00, 0x00, 0x00,
    0x00, 0x00, 0x00, 0x00, 0x00, 0x00, 0x00, 0x00, 0x00, 0x00, 0x00, 0x00, 0x00, 0x00, 0x00, 0x00,
    0x00, 0x00, 0x00, 0x00, 0x00, 0x00, 0x00, 0x00, 0x00, 0x00, 0x00, 0x00, 0x00, 0x00, 0x00, 0x00,
    0x00, 0x00, 0x00, 0x00, 0x00, 0x00, 0x00, 0x00, 0x00, 0x00, 0x00, 0x00, 0x00, 0x00, 0x00, 0x00,
    0x00, 0x00, 0x00, 0x00, 0x00, 0x00, 0x00, 0x00, 0x00, 0x00, 0x00, 0x00, 0x00, 0x00, 0x00, 0x00,
    0x00, 0x00, 0x00, 0x00, 0x00, 0x00, 0x00, 0x00, 0x5F, 0x80, 0xA2, 0x01, 0x5F, 0x80, 0xA2, 0x01,
    0x61, 0x80, 0xA0, 0x01, 0x62, 0x80, 0xA0, 0x01, 0x63, 0x80, 0x9F, 0x01, 0x63, 0x80, 0x9F, 0x01,
    0x65, 0x80, 0x9F, 0x02, 0x67, 0x81, 0x9D, 0x02, 0x6E, 0x85, 0x9E, 0x02, 0x5F, 0x6C, 0x80, 0x0F,
    0x5F, 0x6C, 0x80, 0x0F, 0x5D, 0x58, 0x65, 0x89, 0x5F, 0x34, 0x1B, 0xE2, 0xA7, 0x68, 0x29, 0xED,
    0xA7, 0x68, 0x29, 0xED, 0xC8, 0x8B, 0x35, 0xF7, 0xCB, 0x8B, 0x36, 0xF9, 0xCF, 0x8F, 0x3E, 0xF9,
    0xCF, 0x8F, 0x3E, 0xF9, 0xCA, 0x80, 0x36, 0xFA, 0xC9, 0x82, 0x37, 0xFA, 0xD0, 0x8E, 0x42, 0xFA,
    0xD0, 0x8E, 0x42, 0xFA, 0xCB, 0x86, 0x3B, 0xFA, 0xBD, 0x76, 0x2B, 0xFA, 0xBF, 0x76, 0x30, 0xFA,
    0xBA, 0x72, 0x2E, 0xFA, 0xBA, 0x72, 0x2E, 0xFA, 0xB0, 0x6D, 0x27, 0xFA, 0xAB, 0x69, 0x28, 0xFA,
    0xB5, 0x79, 0x35, 0xF9, 0xB5, 0x79, 0x35, 0xF9, 0xA9, 0x67, 0x2A, 0xFA, 0xA4, 0x61, 0x25, 0xF9,
    0xA0, 0x5D, 0x20, 0xF9, 0xA0, 0x5D, 0x20, 0xF9, 0x95, 0x5B, 0x27, 0xF3, 0x50, 0x2A, 0x14, 0xF6,
    0x48, 0x47, 0x52, 0x97, 0x48, 0x47, 0x52, 0x97, 0x6A, 0x85, 0x9F, 0x33, 0x00, 0x00, 0x00, 0x00,
    0x5F, 0x80, 0xA3, 0x07, 0x5D, 0x80, 0xA6, 0x03, 0x5D, 0x80, 0xA6, 0x03, 0x5C, 0x81, 0xA8, 0x03,
    0x5C, 0x83, 0xAB, 0x02, 0x5D, 0x83, 0xAD, 0x02, 0x5D, 0x83, 0xAD, 0x02, 0x5C, 0x85, 0xAD, 0x02,
    0x5D, 0x85, 0xB0, 0x02, 0x5D, 0x85, 0xB1, 0x02, 0x5D, 0x85, 0xB1, 0x02, 0x5B, 0x85, 0xB3, 0x02,
    0x59, 0x86, 0xB5, 0x01, 0x57, 0x86, 0xB6, 0x01, 0x57, 0x86, 0xB6, 0x01, 0x56, 0x85, 0xB7, 0x01,
    0x54, 0x86, 0xB8, 0x01, 0x51, 0x85, 0xBA, 0x01, 0x4F, 0x85, 0xBB, 0x01, 0x4F, 0x85, 0xBB, 0x01,
    0x4E, 0x85, 0xBC, 0x01, 0x4D, 0x84, 0xBD, 0x01, 0x4C, 0x85, 0xBF, 0x01, 0x4C, 0x85, 0xBF, 0x01,
    0x4B, 0x85, 0xC0, 0x01, 0x4B, 0x85, 0xC1, 0x01, 0x4A, 0x85, 0xC2, 0x01, 0x4A, 0x85, 0xC2, 0x01,
    0x49, 0x84, 0xC2, 0x01, 0x49, 0x84, 0xC2, 0x01, 0x48, 0x83, 0xC2, 0x01, 0x48, 0x83, 0xC2, 0x01,
    0x47, 0x82, 0xC1, 0x01, 0x46, 0x82, 0xC1, 0x01, 0x46, 0x81, 0xC1, 0x01, 0x00, 0x00, 0x00, 0x00,
    0x00, 0x00, 0x00, 0x00, 0x00, 0x00, 0x00, 0x00, 0x00, 0x00, 0x00, 0x00, 0x00, 0x00, 0x00, 0x00,
    0x00, 0x00, 0x00, 0x00, 0x00, 0x00, 0x00, 0x00, 0x00, 0x00, 0x00, 0x00, 0x00, 0x00, 0x00, 0x00,
    0x00, 0x00, 0x00, 0x00, 0x00, 0x00, 0x00, 0x00, 0x00, 0x00, 0x00, 0x00, 0x00, 0x00, 0x00, 0x00,
    0x00, 0x00, 0x00, 0x00, 0x00, 0x00, 0x00, 0x00, 0x00, 0x00, 0x00, 0x00, 0x00, 0x00, 0x00, 0x00,
    0x00, 0x00, 0x00, 0x00, 0x00, 0x00, 0x00, 0x00, 0x00, 0x00, 0x00, 0x00, 0x00, 0x00, 0x00, 0x00,
    0x00, 0x00, 0x00, 0x00, 0x00, 0x00, 0x00, 0x00, 0x00, 0x00, 0x00, 0x00, 0x00, 0x00, 0x00, 0x00,
    0x00, 0x00, 0x00, 0x00, 0x00, 0x00, 0x00, 0x00, 0x00, 0x00, 0x00, 0x00, 0x00, 0x00, 0x00, 0x00,
    0x00, 0x00, 0x00, 0x00, 0x00, 0x00, 0x00, 0x00, 0x00, 0x00, 0x00, 0x00, 0x00, 0x00, 0x00, 0x00,
    0x00, 0x00, 0x00, 0x00, 0x00, 0x00, 0x00, 0x00, 0x00, 0x00, 0x00, 0x00, 0x00, 0x00, 0x00, 0x00,
    0x00, 0x00, 0x00, 0x00, 0x00, 0x00, 0x00, 0x00, 0x00, 0x00, 0x00, 0x00, 0x00, 0x00, 0x00, 0x00,
    0x00, 0x00, 0x00, 0x00, 0x00, 0x00, 0x00, 0x00, 0x00, 0x00, 0x00, 0x00, 0x00, 0x00, 0x00, 0x00,
    0x00, 0x00, 0x00, 0x00, 0x00, 0x00, 0x00, 0x00, 0x00, 0x00, 0x00, 0x00, 0x00, 0x00, 0x00, 0x00,
    0x00, 0x00, 0x00, 0x00, 0x00, 0x00, 0x00, 0x00, 0x5F, 0x80, 0xA2, 0x01, 0x5F, 0x80, 0xA2, 0x01,
    0x61, 0x80, 0xA1, 0x01, 0x62, 0x80, 0xA0, 0x01, 0x63, 0x80, 0x9F, 0x01, 0x63, 0x80, 0x9F, 0x01,
    0x66, 0x81, 0x9E, 0x01, 0x68, 0x80, 0x9E, 0x01, 0x6C, 0x81, 0x9C, 0x02, 0x6D, 0x81, 0x97, 0x0B,
    0x6D, 0x81, 0x97, 0x0B, 0x69, 0x72, 0x85, 0x31, 0x33, 0x16, 0x12, 0xB6, 0x80, 0x43, 0x18, 0xF2,
    0x80, 0x43, 0x18, 0xF2, 0xC5, 0x88, 0x35, 0xF5, 0xC4, 0x80, 0x2D, 0xFA, 0xC6, 0x7F, 0x31, 0xF9,
    0xC6, 0x7F, 0x31, 0xF9, 0xCA, 0x84, 0x3A, 0xFA, 0xCA, 0x87, 0x3D, 0xFA, 0xC7, 0x82, 0x3A, 0xFA,
    0xC7, 0x82, 0x3A, 0xFA, 0xC4, 0x7D, 0x35, 0xFA, 0xB6, 0x71, 0x28, 0xFA, 0xB7, 0x70, 0x2A, 0xFA,
    0xB0, 0x63, 0x21, 0xFA, 0xB0, 0x63, 0x21, 0xFA, 0xB3, 0x71, 0x2A, 0xFA, 0xAD, 0x67, 0x27, 0xFA,
    0xAA, 0x63, 0x26, 0xFA, 0xAA, 0x63, 0x26, 0xFA, 0xA7, 0x61, 0x24, 0xFA, 0xA4, 0x5F, 0x23, 0xF9,
    0xA1, 0x64, 0x26, 0xF8, 0xA1, 0x64, 0x26, 0xF8, 0x67, 0x31, 0x12, 0xF9, 0x3F, 0x1E, 0x19, 0xF7,
    0x64, 0x73, 0x88, 0x30, 0x64, 0x73, 0x88, 0x30, 0x63, 0x85, 0xA4, 0x08, 0x5D, 0x7F, 0xA1, 0x07,
    0x5E, 0x80, 0xA4, 0x05, 0x5C, 0x80, 0xA7, 0x05, 0x5C, 0x80, 0xA7, 0x05, 0x5A, 0x80, 0xA8, 0x03,
    0x5B, 0x81, 0xAA, 0x02, 0x5B, 0x81, 0xAC, 0x02, 0x5B, 0x81, 0xAC, 0x02, 0x5B, 0x82, 0xAD, 0x02,
    0x5B, 0x83, 0xAF, 0x02, 0x5B, 0x83, 0xB1, 0x01, 0x5B, 0x83, 0xB1, 0x01, 0x59, 0x84, 0xB3, 0x02,
    0x57, 0x84, 0xB4, 0x01, 0x56, 0x84, 0xB6, 0x01, 0x56, 0x84, 0xB6, 0x01, 0x55, 0x85, 0xB7, 0x01,
    0x52, 0x84, 0xB8, 0x01, 0x50, 0x84, 0xBA, 0x01, 0x4F, 0x84, 0xBB, 0x01, 0x4F, 0x84, 0xBB, 0x01,
    0x4E, 0x83, 0xBC, 0x01, 0x4D, 0x84, 0xBE, 0x01, 0x4C, 0x84, 0xBF, 0x01, 0x4C, 0x84, 0xBF, 0x01,
    0x4B, 0x84, 0xBF, 0x01, 0x4B, 0x85, 0xC1, 0x01, 0x4A, 0x84, 0xC1, 0x01, 0x4A, 0x84, 0xC1, 0x01,
    0x49, 0x84, 0xC2, 0x01, 0x49, 0x83, 0xC3, 0x01, 0x48, 0x83, 0xC2, 0x01, 0x48, 0x83, 0xC2, 0x01,
    0x47, 0x83, 0xC2, 0x01, 0x47, 0x82, 0xC2, 0x01, 0x46, 0x82, 0xC1, 0x01, 0x00, 0x00, 0x00, 0x00,
    0x00, 0x00, 0x00, 0x00, 0x00, 0x00, 0x00, 0x00, 0x00, 0x00, 0x00, 0x00, 0x00, 0x00, 0x00, 0x00,
    0x00, 0x00, 0x00, 0x00, 0x00, 0x00, 0x00, 0x00, 0x00, 0x00, 0x00, 0x00, 0x00, 0x00, 0x00, 0x00,
    0x00, 0x00, 0x00, 0x00, 0x00, 0x00, 0x00, 0x00, 0x00, 0x00, 0x00, 0x00, 0x00, 0x00, 0x00, 0x00,
    0x00, 0x00, 0x00, 0x00, 0x00, 0x00, 0x00, 0x00, 0x00, 0x00, 0x00, 0x00, 0x00, 0x00, 0x00, 0x00,
    0x00, 0x00, 0x00, 0x00, 0x00, 0x00, 0x00, 0x00, 0x00, 0x00, 0x00, 0x00, 0x00, 0x00, 0x00, 0x00,
    0x00, 0x00, 0x00, 0x00, 0x00, 0x00, 0x00, 0x00, 0x00, 0x00, 0x00, 0x00, 0x00, 0x00, 0x00, 0x00,
    0x00, 0x00, 0x00, 0x00, 0x00, 0x00, 0x00, 0x00, 0x00, 0x00, 0x00, 0x00, 0x00, 0x00, 0x00, 0x00,
    0x00, 0x00, 0x00, 0x00, 0x00, 0x00, 0x00, 0x00, 0x00, 0x00, 0x00, 0x00, 0x00, 0x00, 0x00, 0x00,
    0x00, 0x00, 0x00, 0x00, 0x00, 0x00, 0x00, 0x00, 0x00, 0x00, 0x00, 0x00, 0x00, 0x00, 0x00, 0x00,
    0x00, 0x00, 0x00, 0x00, 0x00, 0x00, 0x00, 0x00, 0x00, 0x00, 0x00, 0x00, 0x00, 0x00, 0x00, 0x00,
    0x00, 0x00, 0x00, 0x00, 0x00, 0x00, 0x00, 0x00, 0x00, 0x00, 0x00, 0x00, 0x00, 0x00, 0x00, 0x00,
    0x00, 0x00, 0x00, 0x00, 0x00, 0x00, 0x00, 0x00, 0x00, 0x00, 0x00, 0x00, 0x00, 0x00, 0x00, 0x00,
    0x00, 0x00, 0x00, 0x00, 0x00, 0x00, 0x00, 0x00, 0x5E, 0x80, 0xA3, 0x01, 0x5E, 0x80, 0xA3, 0x01,
    0x60, 0x80, 0xA1, 0x01, 0x62, 0x80, 0xA1, 0x01, 0x63, 0x81, 0xA0, 0x01, 0x63, 0x81, 0xA0, 0x01,
    0x65, 0x81, 0x9E, 0x01, 0x69, 0x82, 0x9E, 0x02, 0x6D, 0x82, 0x9D, 0x01, 0x6B, 0x83, 0x9A, 0x08,
    0x6B, 0x83, 0x9A, 0x08, 0x6A, 0x7D, 0x91, 0x0C, 0x34, 0x27, 0x29, 0x87, 0x6B, 0x41, 0x22, 0xDB,
    0x6B, 0x41, 0x22, 0xDB, 0xBE, 0x82, 0x38, 0xEF, 0xB9, 0x74, 0x25, 0xFA, 0xC2, 0x7E, 0x31, 0xF8,
    0xC2, 0x7E, 0x31, 0xF8, 0xC4, 0x7D, 0x36, 0xF9, 0xC4, 0x81, 0x39, 0xF9, 0xB8, 0x6F, 0x2B, 0xFA,
    0xB8, 0x6F, 0x2B, 0xFA, 0xAE, 0x61, 0x20, 0xFA, 0xB0, 0x6B, 0x26, 0xF9, 0xB7, 0x74, 0x2E, 0xF9,
    0xAD, 0x68, 0x24, 0xF9, 0xAD, 0x68, 0x24, 0xF9, 0xB1, 0x73, 0x2D, 0xF9, 0xAB, 0x67, 0x24, 0xF9,
    0xA2, 0x59, 0x1D, 0xF8, 0xA2, 0x59, 0x1D, 0xF8, 0xA6, 0x60, 0x20, 0xF8, 0xA4, 0x61, 0x22, 0xF8,
    0x7E, 0x47, 0x19, 0xF6, 0x7E, 0x47, 0x19, 0xF6, 0x50, 0x2F, 0x1C, 0xE4, 0x54, 0x4C, 0x57, 0xAE,
    0x63, 0x7C, 0x9A, 0x18, 0x63, 0x7C, 0x9A, 0x18, 0x5F, 0x80, 0xA1, 0x0B, 0x60, 0x82, 0xA4, 0x06,
    0x5E, 0x81, 0xA6, 0x04, 0x5C, 0x80, 0xA8, 0x04, 0x5C, 0x80, 0xA8, 0x04, 0x5B, 0x81, 0xA9, 0x03,
    0x5A, 0x81, 0xAA, 0x02, 0x5A, 0x81, 0xAB, 0x02, 0x5A, 0x81, 0xAB, 0x02, 0x5A, 0x82, 0xAC, 0x02,
    0x59, 0x83, 0xAE, 0x02, 0x59, 0x83, 0xAF, 0x01, 0x59, 0x83, 0xAF, 0x01, 0x57, 0x83, 0xB1, 0x01,
    0x55, 0x84, 0xB3, 0x01, 0x53, 0x84, 0xB5, 0x01, 0x53, 0x84, 0xB5, 0x01, 0x52, 0x84, 0xB6, 0x01,
    0x51, 0x84, 0xB7, 0x01, 0x50, 0x84, 0xBA, 0x01, 0x4E, 0x84, 0xBB, 0x01, 0x4E, 0x84, 0xBB, 0x01,
    0x4D, 0x84, 0xBC, 0x01, 0x4C, 0x84, 0xBD, 0x01, 0x4B, 0x83, 0xBE, 0x01, 0x4B, 0x83, 0xBE, 0x01,
    0x4B, 0x84, 0xBF, 0x01, 0x4A, 0x84, 0xC0, 0x01, 0x49, 0x84, 0xC1, 0x01, 0x49, 0x84, 0xC1, 0x01,
    0x49, 0x84, 0xC2, 0x01, 0x48, 0x84, 0xC2, 0x01, 0x48, 0x84, 0xC3, 0x01, 0x48, 0x84, 0xC3, 0x01,
    0x47, 0x83, 0xC2, 0x01, 0x47, 0x83, 0xC2, 0x01, 0x00, 0x00, 0x00, 0x00, 0x00, 0x00, 0x00, 0x00,
    0x00, 0x00, 0x00, 0x00, 0x00, 0x00, 0x00, 0x00, 0x00, 0x00, 0x00, 0x00, 0x00, 0x00, 0x00, 0x00,
    0x00, 0x00, 0x00, 0x00, 0x00, 0x00, 0x00, 0x00, 0x00, 0x00, 0x00, 0x00, 0x00, 0x00, 0x00, 0x00,
    0x00, 0x00, 0x00, 0x00, 0x00, 0x00, 0x00, 0x00, 0x00, 0x00, 0x00, 0x00, 0x00, 0x00, 0x00, 0x00,
    0x00, 0x00, 0x00, 0x00, 0x00, 0x00, 0x00, 0x00, 0x00, 0x00, 0x00, 0x00, 0x00, 0x00, 0x00, 0x00,
    0x00, 0x00, 0x00, 0x00, 0x00, 0x00, 0x00, 0x00, 0x00, 0x00, 0x00, 0x00, 0x00, 0x00, 0x00, 0x00,
    0x00, 0x00, 0x00, 0x00, 0x00, 0x00, 0x00, 0x00, 0x00, 0x00, 0x00, 0x00, 0x00, 0x00, 0x00, 0x00,
    0x00, 0x00, 0x00, 0x00, 0x00, 0x00, 0x00, 0x00, 0x00, 0x00, 0x00, 0x00, 0x00, 0x00, 0x00, 0x00,
    0x00, 0x00, 0x00, 0x00, 0x00, 0x00, 0x00, 0x00, 0x00, 0x00, 0x00, 0x00, 0x00, 0x00, 0x00, 0x00,
    0x00, 0x00, 0x00, 0x00, 0x00, 0x00, 0x00, 0x00, 0x00, 0x00, 0x00, 0x00, 0x00, 0x00, 0x00, 0x00,
    0x00, 0x00, 0x00, 0x00, 0x00, 0x00, 0x00, 0x00, 0x00, 0x00, 0x00, 0x00, 0x00, 0x00, 0x00, 0x00,
    0x00, 0x00, 0x00, 0x00, 0x00, 0x00, 0x00, 0x00, 0x00, 0x00, 0x00, 0x00, 0x00, 0x00, 0x00, 0x00,
    0x00, 0x00, 0x00, 0x00, 0x00, 0x00, 0x00, 0x00, 0x00, 0x00, 0x00, 0x00, 0x00, 0x00, 0x00, 0x00,
    0x00, 0x00, 0x00, 0x00, 0x00, 0x00, 0x00, 0x00, 0x5D, 0x7F, 0xA3, 0x01, 0x5D, 0x7F, 0xA3, 0x01,
    0x5F, 0x80, 0xA2, 0x01, 0x61, 0x80, 0xA1, 0x01, 0x62, 0x80, 0xA1, 0x01, 0x62, 0x80, 0xA1, 0x01,
    0x65, 0x81, 0x9F, 0x01, 0x67, 0x81, 0x9E, 0x01, 0x6B, 0x81, 0x9E, 0x01, 0x69, 0x80, 0x9C, 0x05,
    0x69, 0x80, 0x9C, 0x05, 0x69, 0x80, 0x98, 0x09, 0x53, 0x5B, 0x6E, 0x36, 0x50, 0x3D, 0x3B, 0xA4,
    0x50, 0x3D, 0x3B, 0xA4, 0x7C, 0x4A, 0x26, 0xE0, 0xAD, 0x75, 0x30, 0xFA, 0xB6, 0x7A, 0x31, 0xF8,
    0xB6, 0x7A, 0x31, 0xF8, 0xB3, 0x6B, 0x2A, 0xF9, 0xB0, 0x67, 0x26, 0xF9, 0xAC, 0x63, 0x22, 0xF9,
    0xAC, 0x63, 0x22, 0xF9, 0xB5, 0x70, 0x2D, 0xF9, 0xB0, 0x69, 0x25, 0xF9, 0xAB, 0x61, 0x1F, 0xF9,
    0xAA, 0x63, 0x24, 0xF9, 0xAA, 0x63, 0x24, 0xF9, 0xA7, 0x61, 0x20, 0xF9, 0xAD, 0x66, 0x23, 0xF9,
    0xAF, 0x6C, 0x2B, 0xF8, 0xAF, 0x6C, 0x2B, 0xF8, 0xA5, 0x62, 0x24, 0xF7, 0x94, 0x5E, 0x27, 0xF4,
    0x52, 0x27, 0x0F, 0xFE, 0x52, 0x27, 0x0F, 0xFE, 0x49, 0x38, 0x3D, 0xB2, 0x69, 0x7D, 0x99, 0x2A,
    0x61, 0x82, 0xA3, 0x05, 0x61, 0x82, 0xA3, 0x05, 0x60, 0x83, 0xA6, 0x06, 0x61, 0x83, 0xA8, 0x04,
    0x5E, 0x82, 0xA8, 0x05, 0x5C, 0x81, 0xA9, 0x03, 0x5C, 0x81, 0xA9, 0x03, 0x5B, 0x81, 0xAA, 0x04,
    0x5A, 0x81, 0xAB, 0x02, 0x5A, 0x81, 0xAB, 0x02, 0x5A, 0x81, 0xAB, 0x02, 0x59, 0x82, 0xAC, 0x02,
    0x58, 0x82, 0xAE, 0x02, 0x57, 0x82, 0xB0, 0x01, 0x57, 0x82, 0xB0, 0x01, 0x55, 0x82, 0xB2, 0x01,
    0x52, 0x82, 0xB3, 0x01, 0x51, 0x83, 0xB5, 0x01, 0x51, 0x83, 0xB5, 0x01, 0x50, 0x83, 0xB6, 0x01,
    0x50, 0x83, 0xB8, 0x01, 0x4F, 0x84, 0xBA, 0x01, 0x4D, 0x83, 0xBB, 0x01, 0x4D, 0x83, 0xBB, 0x01,
    0x4C, 0x83, 0xBD, 0x01, 0x4B, 0x83, 0xBD, 0x01, 0x4B, 0x84, 0xBF, 0x01, 0x4B, 0x84, 0xBF, 0x01,
    0x4A, 0x84, 0xC0, 0x01, 0x49, 0x83, 0xC0, 0x01, 0x49, 0x84, 0xC2, 0x01, 0x49, 0x84, 0xC2, 0x01,
    0x49, 0x84, 0xC2, 0x01, 0x49, 0x84, 0xC3, 0x01, 0x00, 0x00, 0x00, 0x00, 0x00, 0x00, 0x00, 0x00,
    0x47, 0x83, 0xC2, 0x01, 0x00, 0x00, 0x00, 0x00, 0x00, 0x00, 0x00, 0x00, 0x00, 0x00, 0x00, 0x00,
    0x00, 0x00, 0x00, 0x00, 0x00, 0x00, 0x00, 0x00, 0x00, 0x00, 0x00, 0x00, 0x00, 0x00, 0x00, 0x00,
    0x00, 0x00, 0x00, 0x00, 0x00, 0x00, 0x00, 0x00, 0x00, 0x00, 0x00, 0x00, 0x00, 0x00, 0x00, 0x00,
    0x00, 0x00, 0x00, 0x00, 0x00, 0x00, 0x00, 0x00, 0x00, 0x00, 0x00, 0x00, 0x00, 0x00, 0x00, 0x00,
    0x00, 0x00, 0x00, 0x00, 0x00, 0x00, 0x00, 0x00, 0x00, 0x00, 0x00, 0x00, 0x00, 0x00, 0x00, 0x00,
    0x00, 0x00, 0x00, 0x00, 0x00, 0x00, 0x00, 0x00, 0x00, 0x00, 0x00, 0x00, 0x00, 0x00, 0x00, 0x00,
    0x00, 0x00, 0x00, 0x00, 0x00, 0x00, 0x00, 0x00, 0x00, 0x00, 0x00, 0x00, 0x00, 0x00, 0x00, 0x00,
    0x00, 0x00, 0x00, 0x00, 0x00, 0x00, 0x00, 0x00, 0x00, 0x00, 0x00, 0x00, 0x00, 0x00, 0x00, 0x00,
    0x00, 0x00, 0x00, 0x00, 0x00, 0x00, 0x00, 0x00, 0x00, 0x00, 0x00, 0x00, 0x00, 0x00, 0x00, 0x00,
    0x00, 0x00, 0x00, 0x00, 0x00, 0x00, 0x00, 0x00, 0x00, 0x00, 0x00, 0x00, 0x00, 0x00, 0x00, 0x00,
    0x00, 0x00, 0x00, 0x00, 0x00, 0x00, 0x00, 0x00, 0x00, 0x00, 0x00, 0x00, 0x00, 0x00, 0x00, 0x00,
    0x00, 0x00, 0x00, 0x00, 0x00, 0x00, 0x00, 0x00, 0x00, 0x00, 0x00, 0x00, 0x00, 0x00, 0x00, 0x00,
    0x00, 0x00, 0x00, 0x00, 0x00, 0x00, 0x00, 0x00, 0x00, 0x00, 0x00, 0x00, 0x00, 0x00, 0x00, 0x00,
    0x00, 0x00, 0x00, 0x00, 0x00, 0x00, 0x00, 0x00, 0x5D, 0x7F, 0xA3, 0x01, 0x5D, 0x7F, 0xA3, 0x01,
    0x5F, 0x80, 0xA2, 0x01, 0x61, 0x80, 0xA1, 0x01, 0x62, 0x80, 0xA1, 0x01, 0x62, 0x80, 0xA1, 0x01,
    0x65, 0x81, 0x9F, 0x01, 0x67, 0x81, 0x9E, 0x01, 0x6B, 0x81, 0x9E, 0x01, 0x69, 0x80, 0x9C, 0x05,
    0x69, 0x80, 0x9C, 0x05, 0x69, 0x80, 0x98, 0x09, 0x53, 0x5B, 0x6E, 0x36, 0x50, 0x3D, 0x3B, 0xA4,
    0x50, 0x3D, 0x3B, 0xA4, 0x7C, 0x4A, 0x26, 0xE0, 0xAD, 0x75, 0x30, 0xFA, 0xB6, 0x7A, 0x31, 0xF8,
    0xB6, 0x7A, 0x31, 0xF8, 0xB3, 0x6B, 0x2A, 0xF9, 0xB0, 0x67, 0x26, 0xF9, 0xAC, 0x63, 0x22, 0xF9,
    0xAC, 0x63, 0x22, 0xF9, 0xB5, 0x70, 0x2D, 0xF9, 0xB0, 0x69, 0x25, 0xF9, 0xAB, 0x61, 0x1F, 0xF9,
    0xAA, 0x63, 0x24, 0xF9, 0xAA, 0x63, 0x24, 0xF9, 0xA7, 0x61, 0x20, 0xF9, 0xAD, 0x66, 0x23, 0xF9,
    0xAF, 0x6C, 0x2B, 0xF8, 0xAF, 0x6C, 0x2B, 0xF8, 0xA5, 0x62, 0x24, 0xF7, 0x94, 0x5E, 0x27, 0xF4,
    0x52, 0x27, 0x0F, 0xFE, 0x52, 0x27, 0x0F, 0xFE, 0x49, 0x38, 0x3D, 0xB2, 0x69, 0x7D, 0x99, 0x2A,
    0x61, 0x82, 0xA3, 0x05, 0x61, 0x82, 0xA3, 0x05, 0x60, 0x83, 0xA6, 0x06, 0x61, 0x83, 0xA8, 0x04,
    0x5E, 0x82, 0xA8, 0x05, 0x5C, 0x81, 0xA9, 0x03, 0x5C, 0x81, 0xA9, 0x03, 0x5B, 0x81, 0xAA, 0x04,
    0x5A, 0x81, 0xAB, 0x02, 0x5A, 0x81, 0xAB, 0x02, 0x5A, 0x81, 0xAB, 0x02, 0x59, 0x82, 0xAC, 0x02,
    0x58, 0x82, 0xAE, 0x02, 0x57, 0x82, 0xB0, 0x01, 0x57, 0x82, 0xB0, 0x01, 0x55, 0x82, 0xB2, 0x01,
    0x52, 0x82, 0xB3, 0x01, 0x51, 0x83, 0xB5, 0x01, 0x51, 0x83, 0xB5, 0x01, 0x50, 0x83, 0xB6, 0x01,
    0x50, 0x83, 0xB8, 0x01, 0x4F, 0x84, 0xBA, 0x01, 0x4D, 0x83, 0xBB, 0x01, 0x4D, 0x83, 0xBB, 0x01,
    0x4C, 0x83, 0xBD, 0x01, 0x4B, 0x83, 0xBD, 0x01, 0x4B, 0x84, 0xBF, 0x01, 0x4B, 0x84, 0xBF, 0x01,
    0x4A, 0x84, 0xC0, 0x01, 0x49, 0x83, 0xC0, 0x01, 0x49, 0x84, 0xC2, 0x01, 0x49, 0x84, 0xC2, 0x01,
    0x49, 0x84, 0xC2, 0x01, 0x49, 0x84, 0xC3, 0x01, 0x00, 0x00, 0x00, 0x00, 0x00, 0x00, 0x00, 0x00,
    0x47, 0x83, 0xC2, 0x01, 0x00, 0x00, 0x00, 0x00, 0x00, 0x00, 0x00, 0x00, 0x00, 0x00, 0x00, 0x00,
    0x00, 0x00, 0x00, 0x00, 0x00, 0x00, 0x00, 0x00, 0x00, 0x00, 0x00, 0x00, 0x00, 0x00, 0x00, 0x00,
    0x00, 0x00, 0x00, 0x00, 0x00, 0x00, 0x00, 0x00, 0x00, 0x00, 0x00, 0x00, 0x00, 0x00, 0x00, 0x00,
    0x00, 0x00, 0x00, 0x00, 0x00, 0x00, 0x00, 0x00, 0x00, 0x00, 0x00, 0x00, 0x00, 0x00, 0x00, 0x00,
    0x00, 0x00, 0x00, 0x00, 0x00, 0x00, 0x00, 0x00, 0x00, 0x00, 0x00, 0x00, 0x00, 0x00, 0x00, 0x00,
    0x00, 0x00, 0x00, 0x00, 0x00, 0x00, 0x00, 0x00, 0x00, 0x00, 0x00, 0x00, 0x00, 0x00, 0x00, 0x00,
    0x00, 0x00, 0x00, 0x00, 0x00, 0x00, 0x00, 0x00, 0x00, 0x00, 0x00, 0x00, 0x00, 0x00, 0x00, 0x00,
    0x00, 0x00, 0x00, 0x00, 0x00, 0x00, 0x00, 0x00, 0x00, 0x00, 0x00, 0x00, 0x00, 0x00, 0x00, 0x00,
    0x00, 0x00, 0x00, 0x00, 0x00, 0x00, 0x00, 0x00, 0x00, 0x00, 0x00, 0x00, 0x00, 0x00, 0x00, 0x00,
    0x00, 0x00, 0x00, 0x00, 0x00, 0x00, 0x00, 0x00, 0x00, 0x00, 0x00, 0x00, 0x00, 0x00, 0x00, 0x00,
    0x00, 0x00, 0x00, 0x00, 0x00, 0x00, 0x00, 0x00, 0x00, 0x00, 0x00, 0x00, 0x00, 0x00, 0x00, 0x00,
    0x00, 0x00, 0x00, 0x00, 0x00, 0x00, 0x00, 0x00, 0x00, 0x00, 0x00, 0x00, 0x00, 0x00, 0x00, 0x00,
    0x00, 0x00, 0x00, 0x00, 0x00, 0x00, 0x00, 0x00, 0x00, 0x00, 0x00, 0x00, 0x00, 0x00, 0x00, 0x00,
    0x00, 0x00, 0x00, 0x00, 0x00, 0x00, 0x00, 0x00, 0x5B, 0x7F, 0xA4, 0x01, 0x5B, 0x7F, 0xA4, 0x01,
    0x5D, 0x7F, 0xA3, 0x01, 0x5F, 0x80, 0xA2, 0x01, 0x61, 0x80, 0xA1, 0x01, 0x61, 0x80, 0xA1, 0x01,
    0x63, 0x81, 0xA0, 0x01, 0x65, 0x81, 0x9F, 0x01, 0x67, 0x81, 0x9E, 0x02, 0x6A, 0x81, 0x9E, 0x02,
    0x6A, 0x81, 0x9E, 0x02, 0x67, 0x80, 0x99, 0x03, 0x65, 0x7E, 0x96, 0x09, 0x5A, 0x62, 0x7A, 0x44,
    0x5A, 0x62, 0x7A, 0x44, 0x47, 0x3B, 0x3B, 0x8D, 0x59, 0x37, 0x1C, 0xE3, 0x82, 0x4A, 0x1F, 0xF5,
    0x82, 0x4A, 0x1F, 0xF5, 0x9D, 0x5E, 0x26, 0xF6, 0xAA, 0x69, 0x2A, 0xF6, 0xA8, 0x63, 0x26, 0xFA,
    0xA8, 0x63, 0x26, 0xFA, 0xA9, 0x67, 0x2A, 0xF9, 0xA8, 0x64, 0x27, 0xF9, 0xAA, 0x66, 0x29, 0xF8,
    0xA8, 0x67, 0x29, 0xF8, 0xA8, 0x67, 0x29, 0xF8, 0xAB, 0x6A, 0x2C, 0xF7, 0xA6, 0x65, 0x26, 0xF6,
    0x97, 0x5B, 0x26, 0xF6, 0x97, 0x5B, 0x26, 0xF6, 0x6F, 0x37, 0x15, 0xFB, 0x42, 0x1A, 0x0B, 0xF2,
    0x4C, 0x3C, 0x38, 0xDA, 0x4C, 0x3C, 0x38, 0xDA, 0x70, 0x7C, 0x94, 0x51, 0x63, 0x81, 0xA5, 0x07,
    0x60, 0x82, 0xA9, 0x04, 0x60, 0x82, 0xA9, 0x04, 0x61, 0x83, 0xAA, 0x05, 0x61, 0x83, 0xAA, 0x03,
    0x5E, 0x82, 0xAA, 0x03, 0x5C, 0x81, 0xAA, 0x03, 0x5C, 0x81, 0xAA, 0x03, 0x5B, 0x81, 0xAB, 0x03,
    0x5A, 0x82, 0xAC, 0x02, 0x59, 0x82, 0xAC, 0x02, 0x59, 0x82, 0xAC, 0x02, 0x57, 0x81, 0xAD, 0x02,
    0x56, 0x81, 0xAE, 0x02, 0x56, 0x81, 0xB0, 0x01, 0x56, 0x81, 0xB0, 0x01, 0x53, 0x81, 0xB2, 0x01,
    0x51, 0x82, 0xB4, 0x01, 0x50, 0x81, 0xB4, 0x01, 0x50, 0x81, 0xB4, 0x01, 0x50, 0x82, 0xB7, 0x01,
    0x4F, 0x82, 0xB8, 0x01, 0x4D, 0x82, 0xB9, 0x01, 0x4C, 0x83, 0xBB, 0x01, 0x4C, 0x83, 0xBB, 0x01,
    0x4C, 0x83, 0xBD, 0x01, 0x4B, 0x83, 0xBE, 0x01, 0x4B, 0x83, 0xBF, 0x01, 0x4B, 0x83, 0xBF, 0x01,
    0x49, 0x83, 0xC0, 0x01, 0x49, 0x84, 0xC1, 0x01, 0x49, 0x84, 0xC1, 0x01, 0x49, 0x84, 0xC1, 0x01,
    0x49, 0x85, 0xC2, 0x01, 0x49, 0x85, 0xC4, 0x01, 0x48, 0x84, 0xC3, 0x01, 0x48, 0x84, 0xC3, 0x01,
    0x00, 0x00, 0x00, 0x00, 0x00, 0x00, 0x00, 0x00, 0x00, 0x00, 0x00, 0x00, 0x00, 0x00, 0x00, 0x00,
    0x00, 0x00, 0x00, 0x00, 0x00, 0x00, 0x00, 0x00, 0x00, 0x00, 0x00, 0x00, 0x00, 0x00, 0x00, 0x00,
    0x00, 0x00, 0x00, 0x00, 0x00, 0x00, 0x00, 0x00, 0x00, 0x00, 0x00, 0x00, 0x00, 0x00, 0x00, 0x00,
    0x00, 0x00, 0x00, 0x00, 0x00, 0x00, 0x00, 0x00, 0x00, 0x00, 0x00, 0x00, 0x00, 0x00, 0x00, 0x00,
    0x00, 0x00, 0x00, 0x00, 0x00, 0x00, 0x00, 0x00, 0x00, 0x00, 0x00, 0x00, 0x00, 0x00, 0x00, 0x00,
    0x00, 0x00, 0x00, 0x00, 0x00, 0x00, 0x00, 0x00, 0x00, 0x00, 0x00, 0x00, 0x00, 0x00, 0x00, 0x00,
    0x00, 0x00, 0x00, 0x00, 0x00, 0x00, 0x00, 0x00, 0x00, 0x00, 0x00, 0x00, 0x00, 0x00, 0x00, 0x00,
    0x00, 0x00, 0x00, 0x00, 0x00, 0x00, 0x00, 0x00, 0x00, 0x00, 0x00, 0x00, 0x00, 0x00, 0x00, 0x00,
    0x00, 0x00, 0x00, 0x00, 0x00, 0x00, 0x00, 0x00, 0x00, 0x00, 0x00, 0x00, 0x00, 0x00, 0x00, 0x00,
    0x00, 0x00, 0x00, 0x00, 0x00, 0x00, 0x00, 0x00, 0x00, 0x00, 0x00, 0x00, 0x00, 0x00, 0x00, 0x00,
    0x00, 0x00, 0x00, 0x00, 0x00, 0x00, 0x00, 0x00, 0x00, 0x00, 0x00, 0x00, 0x00, 0x00, 0x00, 0x00,
    0x00, 0x00, 0x00, 0x00, 0x00, 0x00, 0x00, 0x00, 0x00, 0x00, 0x00, 0x00, 0x00, 0x00, 0x00, 0x00,
    0x00, 0x00, 0x00, 0x00, 0x00, 0x00, 0x00, 0x00, 0x00, 0x00, 0x00, 0x00, 0x00, 0x00, 0x00, 0x00,
    0x00, 0x00, 0x00, 0x00, 0x00, 0x00, 0x00, 0x00, 0x59, 0x7F, 0xA4, 0x01, 0x59, 0x7F, 0xA4, 0x01,
    0x5C, 0x7F, 0xA3, 0x01, 0x5E, 0x7F, 0xA2, 0x01, 0x5F, 0x80, 0xA1, 0x01, 0x5F, 0x80, 0xA1, 0x01,
    0x61, 0x80, 0xA1, 0x01, 0x62, 0x80, 0xA0, 0x01, 0x64, 0x80, 0x9F, 0x02, 0x65, 0x80, 0x9E, 0x01,
    0x65, 0x80, 0x9E, 0x01, 0x67, 0x7F, 0x9D, 0x05, 0x63, 0x7C, 0x98, 0x04, 0x62, 0x79, 0x93, 0x10,
    0x62, 0x79, 0x93, 0x10, 0x56, 0x61, 0x76, 0x46, 0x29, 0x21, 0x24, 0xB3, 0x44, 0x27, 0x1A, 0xDC,
    0x44, 0x27, 0x1A, 0xDC, 0x72, 0x4F, 0x2E, 0xF3, 0x8B, 0x5D, 0x2F, 0xF2, 0x93, 0x5D, 0x2E, 0xF4,
    0x93, 0x5D, 0x2E, 0xF4, 0x96, 0x5E, 0x31, 0xF3, 0x97, 0x60, 0x30, 0xF4, 0x9D, 0x68, 0x34, 0xF5,
    0x95, 0x5B, 0x2B, 0xF7, 0x95, 0x5B, 0x2B, 0xF7, 0x92, 0x5F, 0x2F, 0xF6, 0x7C, 0x4A, 0x1E, 0xF8,
    0x61, 0x3B, 0x1F, 0xF3, 0x61, 0x3B, 0x1F, 0xF3, 0x4E, 0x37, 0x2D, 0xDC, 0x4B, 0x41, 0x46, 0xB5,
    0x6B, 0x78, 0x8F, 0x31, 0x6B, 0x78, 0x8F, 0x31, 0x6A, 0x89, 0xAC, 0x08, 0x5F, 0x80, 0xA7, 0x06,
    0x60, 0x83, 0xAC, 0x04, 0x60, 0x83, 0xAC, 0x04, 0x61, 0x84, 0xAC, 0x04, 0x60, 0x83, 0xAB, 0x03,
    0x5D, 0x82, 0xAB, 0x03, 0x5B, 0x82, 0xAC, 0x03, 0x5B, 0x82, 0xAC, 0x03, 0x5A, 0x81, 0xAC, 0x02,
    0x59, 0x82, 0xAD, 0x02, 0x57, 0x81, 0xAD, 0x02, 0x57, 0x81, 0xAD, 0x02, 0x56, 0x81, 0xAE, 0x01,
    0x55, 0x81, 0xAF, 0x02, 0x54, 0x80, 0xB0, 0x01, 0x54, 0x80, 0xB0, 0x01, 0x52, 0x80, 0xB3, 0x01,
    0x50, 0x80, 0xB4, 0x01, 0x4F, 0x81, 0xB5, 0x01, 0x4F, 0x81, 0xB5, 0x01, 0x4F, 0x81, 0xB7, 0x01,
    0x4E, 0x81, 0xB8, 0x01, 0x4C, 0x82, 0xB9, 0x01, 0x4C, 0x82, 0xBB, 0x01, 0x4C, 0x82, 0xBB, 0x01,
    0x4B, 0x82, 0xBD, 0x01, 0x4A, 0x82, 0xBF, 0x01, 0x4A, 0x82, 0xBF, 0x01, 0x4A, 0x82, 0xBF, 0x01,
    0x49, 0x83, 0xC0, 0x01, 0x48, 0x84, 0xC0, 0x01, 0x48, 0x84, 0xC1, 0x01, 0x48, 0x84, 0xC1, 0x01,
    0x49, 0x84, 0xC3, 0x01, 0x00, 0x00, 0x00, 0x00, 0x00, 0x00, 0x00, 0x00, 0x00, 0x00, 0x00, 0x00,
    0x00, 0x00, 0x00, 0x00, 0x00, 0x00, 0x00, 0x00, 0x00, 0x00, 0x00, 0x00, 0x00, 0x00, 0x00, 0x00,
    0x00, 0x00, 0x00, 0x00, 0x00, 0x00, 0x00, 0x00, 0x00, 0x00, 0x00, 0x00, 0x00, 0x00, 0x00, 0x00,
    0x00, 0x00, 0x00, 0x00, 0x00, 0x00, 0x00, 0x00, 0x00, 0x00, 0x00, 0x00, 0x00, 0x00, 0x00, 0x00,
    0x00, 0x00, 0x00, 0x00, 0x00, 0x00, 0x00, 0x00, 0x00, 0x00, 0x00, 0x00, 0x00, 0x00, 0x00, 0x00,
    0x00, 0x00, 0x00, 0x00, 0x00, 0x00, 0x00, 0x00, 0x00, 0x00, 0x00, 0x00, 0x00, 0x00, 0x00, 0x00,
    0x00, 0x00, 0x00, 0x00, 0x00, 0x00, 0x00, 0x00, 0x00, 0x00, 0x00, 0x00, 0x00, 0x00, 0x00, 0x00,
    0x00, 0x00, 0x00, 0x00, 0x00, 0x00, 0x00, 0x00, 0x00, 0x00, 0x00, 0x00, 0x00, 0x00, 0x00, 0x00,
    0x00, 0x00, 0x00, 0x00, 0x00, 0x00, 0x00, 0x00, 0x00, 0x00, 0x00, 0x00, 0x00, 0x00, 0x00, 0x00,
    0x00, 0x00, 0x00, 0x00, 0x00, 0x00, 0x00, 0x00, 0x00, 0x00, 0x00, 0x00, 0x00, 0x00, 0x00, 0x00,
    0x00, 0x00, 0x00, 0x00, 0x00, 0x00, 0x00, 0x00, 0x00, 0x00, 0x00, 0x00, 0x00, 0x00, 0x00, 0x00,
    0x00, 0x00, 0x00, 0x00, 0x00, 0x00, 0x00, 0x00, 0x00, 0x00, 0x00, 0x00, 0x00, 0x00, 0x00, 0x00,
    0x00, 0x00, 0x00, 0x00, 0x00, 0x00, 0x00, 0x00, 0x00, 0x00, 0x00, 0x00, 0x00, 0x00, 0x00, 0x00,
    0x00, 0x00, 0x00, 0x00, 0x00, 0x00, 0x00, 0x00, 0x00, 0x00, 0x00, 0x00, 0x00, 0x00, 0x00, 0x00,
    0x00, 0x00, 0x00, 0x00, 0x00, 0x00, 0x00, 0x00, 0x59, 0x7E, 0xA5, 0x01, 0x59, 0x7E, 0xA5, 0x01,
    0x5B, 0x7F, 0xA4, 0x01, 0x5D, 0x7F, 0xA3, 0x01, 0x5E, 0x7F, 0xA3, 0x01, 0x5E, 0x7F, 0xA3, 0x01,
    0x60, 0x7F, 0xA1, 0x01, 0x60, 0x7E, 0xA0, 0x01, 0x61, 0x7E, 0x9F, 0x01, 0x61, 0x7E, 0x9E, 0x02,
    0x61, 0x7E, 0x9E, 0x02, 0x63, 0x7E, 0x9D, 0x02, 0x63, 0x7E, 0x9B, 0x01, 0x61, 0x7D, 0x98, 0x02,
    0x61, 0x7D, 0x98, 0x02, 0x61, 0x7C, 0x97, 0x08, 0x5D, 0x6D, 0x7E, 0x40, 0x4C, 0x53, 0x57, 0x76,
    0x4C, 0x53, 0x57, 0x76, 0x51, 0x4F, 0x48, 0xC2, 0x32, 0x21, 0x16, 0xD8, 0x28, 0x16, 0x0A, 0xE0,
    0x28, 0x16, 0x0A, 0xE0, 0x31, 0x1E, 0x10, 0xEA, 0x34, 0x1E, 0x0F, 0xED, 0x37, 0x22, 0x12, 0xEC,
    0x37, 0x1D, 0x11, 0xEE, 0x37, 0x1D, 0x11, 0xEE, 0x2B, 0x15, 0x0B, 0xE6, 0x37, 0x1F, 0x14, 0xE0,
    0x74, 0x72, 0x71, 0xBD, 0x74, 0x72, 0x71, 0xBD, 0x6D, 0x82, 0x92, 0x32, 0x69, 0x82, 0x9F, 0x1C,
    0x65, 0x82, 0xA7, 0x06, 0x65, 0x82, 0xA7, 0x06, 0x5D, 0x7F, 0xA6, 0x04, 0x5D, 0x82, 0xAB, 0x04,
    0x5D, 0x82, 0xAC, 0x03, 0x5D, 0x82, 0xAC, 0x03, 0x5E, 0x83, 0xAC, 0x03, 0x5D, 0x83, 0xAB, 0x03,
    0x5B, 0x82, 0xAD, 0x02, 0x5A, 0x82, 0xAD, 0x02, 0x5A, 0x82, 0xAD, 0x02, 0x59, 0x82, 0xAE, 0x02,
    0x57, 0x82, 0xAE, 0x02, 0x57, 0x81, 0xAF, 0x02, 0x57, 0x81, 0xAF, 0x02, 0x56, 0x82, 0xB0, 0x01,
    0x55, 0x81, 0xB0, 0x01, 0x53, 0x81, 0xB1, 0x01, 0x53, 0x81, 0xB1, 0x01, 0x52, 0x81, 0xB4, 0x01,
    0x4F, 0x80, 0xB5, 0x01, 0x4E, 0x80, 0xB6, 0x01, 0x4E, 0x80, 0xB6, 0x01, 0x4E, 0x80, 0xB7, 0x01,
    0x4D, 0x81, 0xB9, 0x01, 0x4C, 0x82, 0xBB, 0x01, 0x4B, 0x81, 0xBC, 0x01, 0x4B, 0x81, 0xBC, 0x01,
    0x4B, 0x82, 0xBD, 0x01, 0x4A, 0x82, 0xBF, 0x01, 0x4A, 0x83, 0xC0, 0x01, 0x4A, 0x83, 0xC0, 0x01,
    0x49, 0x83, 0xC0, 0x01, 0x48, 0x83, 0xC0, 0x01, 0x48, 0x84, 0xC2, 0x01, 0x48, 0x84, 0xC2, 0x01,
    0x00, 0x00, 0x00, 0x00, 0x00, 0x00, 0x00, 0x00, 0x00, 0x00, 0x00, 0x00, 0x00, 0x00, 0x00, 0x00,
    0x00, 0x00, 0x00, 0x00, 0x00, 0x00, 0x00, 0x00, 0x00, 0x00, 0x00, 0x00, 0x00, 0x00, 0x00, 0x00,
    0x00, 0x00, 0x00, 0x00, 0x00, 0x00, 0x00, 0x00, 0x00, 0x00, 0x00, 0x00, 0x00, 0x00, 0x00, 0x00,
    0x00, 0x00, 0x00, 0x00, 0x00, 0x00, 0x00, 0x00, 0x00, 0x00, 0x00, 0x00, 0x00, 0x00, 0x00, 0x00,
    0x00, 0x00, 0x00, 0x00, 0x00, 0x00, 0x00, 0x00, 0x00, 0x00, 0x00, 0x00, 0x00, 0x00, 0x00, 0x00,
    0x00, 0x00, 0x00, 0x00, 0x00, 0x00, 0x00, 0x00, 0x00, 0x00, 0x00, 0x00, 0x00, 0x00, 0x00, 0x00,
    0x00, 0x00, 0x00, 0x00, 0x00, 0x00, 0x00, 0x00, 0x00, 0x00, 0x00, 0x00, 0x00, 0x00, 0x00, 0x00,
    0x00, 0x00, 0x00, 0x00, 0x00, 0x00, 0x00, 0x00, 0x00, 0x00, 0x00, 0x00, 0x00, 0x00, 0x00, 0x00,
    0x00, 0x00, 0x00, 0x00, 0x00, 0x00, 0x00, 0x00, 0x00, 0x00, 0x00, 0x00, 0x00, 0x00, 0x00, 0x00,
    0x00, 0x00, 0x00, 0x00, 0x00, 0x00, 0x00, 0x00, 0x00, 0x00, 0x00, 0x00, 0x00, 0x00, 0x00, 0x00,
    0x00, 0x00, 0x00, 0x00, 0x00, 0x00, 0x00, 0x00, 0x00, 0x00, 0x00, 0x00, 0x00, 0x00, 0x00, 0x00,
    0x00, 0x00, 0x00, 0x00, 0x00, 0x00, 0x00, 0x00, 0x00, 0x00, 0x00, 0x00, 0x00, 0x00, 0x00, 0x00,
    0x00, 0x00, 0x00, 0x00, 0x00, 0x00, 0x00, 0x00, 0x00, 0x00, 0x00, 0x00, 0x00, 0x00, 0x00, 0x00,
    0x00, 0x00, 0x00, 0x00, 0x00, 0x00, 0x00, 0x00, 0x00, 0x00, 0x00, 0x00, 0x00, 0x00, 0x00, 0x00,
    0x00, 0x00, 0x00, 0x00, 0x00, 0x00, 0x00, 0x00, 0x59, 0x7E, 0xA7, 0x01, 0x59, 0x7E, 0xA7, 0x01,
    0x5A, 0x7F, 0xA6, 0x01, 0x5C, 0x7E, 0xA4, 0x01, 0x5D, 0x7E, 0xA4, 0x01, 0x5D, 0x7E, 0xA4, 0x01,
    0x5D, 0x7E, 0xA1, 0x01, 0x5E, 0x7D, 0xA1, 0x01, 0x5E, 0x7C, 0x9F, 0x01, 0x5E, 0x7C, 0x9E, 0x01,
    0x5E, 0x7C, 0x9E, 0x01, 0x5E, 0x7C, 0x9D, 0x02, 0x60, 0x7C, 0x9C, 0x02, 0x60, 0x79, 0x9A, 0x03,
    0x60, 0x79, 0x9A, 0x03, 0x5E, 0x7A, 0x98, 0x03, 0x5F, 0x7B, 0x96, 0x09, 0x5F, 0x78, 0x90, 0x20,
    0x5F, 0x78, 0x90, 0x20, 0x55, 0x66, 0x77, 0x50, 0x31, 0x33, 0x3F, 0x6E, 0x28, 0x2A, 0x32, 0x6C,
    0x28, 0x2A, 0x32, 0x6C, 0x2D, 0x32, 0x3A, 0x75, 0x29, 0x2C, 0x36, 0x7E, 0x2D, 0x32, 0x3A, 0x79,
    0x2F, 0x31, 0x3C, 0x81, 0x2F, 0x31, 0x3C, 0x81, 0x30, 0x34, 0x3E, 0x73, 0x48, 0x49, 0x56, 0x55,
    0x67, 0x79, 0x93, 0x32, 0x67, 0x79, 0x93, 0x32, 0x59, 0x79, 0x9C, 0x0A, 0x59, 0x7C, 0xA3, 0x07,
    0x5C, 0x7F, 0xA7, 0x04, 0x5C, 0x7F, 0xA7, 0x04, 0x5E, 0x7F, 0xA9, 0x03, 0x5B, 0x80, 0xAB, 0x02,
    0x5B, 0x81, 0xAB, 0x02, 0x5B, 0x81, 0xAB, 0x02, 0x5B, 0x82, 0xAC, 0x02, 0x5A, 0x82, 0xAC, 0x02,
    0x5A, 0x82, 0xAD, 0x02, 0x59, 0x82, 0xAE, 0x02, 0x59, 0x82, 0xAE, 0x02, 0x58, 0x82, 0xAF, 0x02,
    0x57, 0x82, 0xB0, 0x02, 0x55, 0x81, 0xB0, 0x02, 0x55, 0x81, 0xB0, 0x02, 0x54, 0x81, 0xB1, 0x01,
    0x54, 0x81, 0xB2, 0x01, 0x53, 0x82, 0xB4, 0x01, 0x53, 0x82, 0xB4, 0x01, 0x51, 0x81, 0xB4, 0x01,
    0x4F, 0x81, 0xB6, 0x01, 0x4D, 0x80, 0xB8, 0x01, 0x4D, 0x80, 0xB8, 0x01, 0x4D, 0x81, 0xB9, 0x01,
    0x4C, 0x81, 0xBA, 0x01, 0x4B, 0x81, 0xBB, 0x01, 0x4B, 0x82, 0xBE, 0x01, 0x4B, 0x82, 0xBE, 0x01,
    0x4A, 0x81, 0xBE, 0x01, 0x49, 0x81, 0xBF, 0x01, 0x4A, 0x82, 0xC0, 0x01, 0x4A, 0x82, 0xC0, 0x01,
    0x49, 0x82, 0xC1, 0x01, 0x49, 0x83, 0xC2, 0x01, 0x48, 0x83, 0xC2, 0x01, 0x48, 0x83, 0xC2, 0x01,
    0x00, 0x00, 0x00, 0x00, 0x00, 0x00, 0x00, 0x00, 0x00, 0x00, 0x00, 0x00, 0x00, 0x00, 0x00, 0x00,
    0x00, 0x00, 0x00, 0x00, 0x00, 0x00, 0x00, 0x00, 0x00, 0x00, 0x00, 0x00, 0x00, 0x00, 0x00, 0x00,
    0x00, 0x00, 0x00, 0x00, 0x00, 0x00, 0x00, 0x00, 0x00, 0x00, 0x00, 0x00, 0x00, 0x00, 0x00, 0x00,
    0x00, 0x00, 0x00, 0x00, 0x00, 0x00, 0x00, 0x00, 0x00, 0x00, 0x00, 0x00, 0x00, 0x00, 0x00, 0x00,
    0x00, 0x00, 0x00, 0x00, 0x00, 0x00, 0x00, 0x00, 0x00, 0x00, 0x00, 0x00, 0x00, 0x00, 0x00, 0x00,
    0x00, 0x00, 0x00, 0x00, 0x00, 0x00, 0x00, 0x00, 0x00, 0x00, 0x00, 0x00, 0x00, 0x00, 0x00, 0x00,
    0x00, 0x00, 0x00, 0x00, 0x00, 0x00, 0x00, 0x00, 0x00, 0x00, 0x00, 0x00, 0x00, 0x00, 0x00, 0x00,
    0x00, 0x00, 0x00, 0x00, 0x00, 0x00, 0x00, 0x00, 0x00, 0x00, 0x00, 0x00, 0x00, 0x00, 0x00, 0x00,
    0x00, 0x00, 0x00, 0x00, 0x00, 0x00, 0x00, 0x00, 0x00, 0x00, 0x00, 0x00, 0x00, 0x00, 0x00, 0x00,
    0x00, 0x00, 0x00, 0x00, 0x00, 0x00, 0x00, 0x00, 0x00, 0x00, 0x00, 0x00, 0x00, 0x00, 0x00, 0x00,
    0x00, 0x00, 0x00, 0x00, 0x00, 0x00, 0x00, 0x00, 0x00, 0x00, 0x00, 0x00, 0x00, 0x00, 0x00, 0x00,
    0x00, 0x00, 0x00, 0x00, 0x00, 0x00, 0x00, 0x00, 0x00, 0x00, 0x00, 0x00, 0x00, 0x00, 0x00, 0x00,
    0x00, 0x00, 0x00, 0x00, 0x00, 0x00, 0x00, 0x00, 0x00, 0x00, 0x00, 0x00, 0x00, 0x00, 0x00, 0x00,
    0x00, 0x00, 0x00, 0x00, 0x00, 0x00, 0x00, 0x00, 0x00, 0x00, 0x00, 0x00, 0x00, 0x00, 0x00, 0x00,
    0x00, 0x00, 0x00, 0x00, 0x00, 0x00, 0x00, 0x00, 0x59, 0x7E, 0xA7, 0x01, 0x59, 0x7E, 0xA7, 0x01,
    0x5A, 0x7F, 0xA6, 0x01, 0x5C, 0x7E, 0xA4, 0x01, 0x5D, 0x7E, 0xA4, 0x01, 0x5D, 0x7E, 0xA4, 0x01,
    0x5D, 0x7E, 0xA1, 0x01, 0x5E, 0x7D, 0xA1, 0x01, 0x5E, 0x7C, 0x9F, 0x01, 0x5E, 0x7C, 0x9E, 0x01,
    0x5E, 0x7C, 0x9E, 0x01, 0x5E, 0x7C, 0x9D, 0x02, 0x60, 0x7C, 0x9C, 0x02, 0x60, 0x79, 0x9A, 0x03,
    0x60, 0x79, 0x9A, 0x03, 0x5E, 0x7A, 0x98, 0x03, 0x5F, 0x7B, 0x96, 0x09, 0x5F, 0x78, 0x90, 0x20,
    0x5F, 0x78, 0x90, 0x20, 0x55, 0x66, 0x77, 0x50, 0x31, 0x33, 0x3F, 0x6E, 0x28, 0x2A, 0x32, 0x6C,
    0x28, 0x2A, 0x32, 0x6C, 0x2D, 0x32, 0x3A, 0x75, 0x29, 0x2C, 0x36, 0x7E, 0x2D, 0x32, 0x3A, 0x79,
    0x2F, 0x31, 0x3C, 0x81, 0x2F, 0x31, 0x3C, 0x81, 0x30, 0x34, 0x3E, 0x73, 0x48, 0x49, 0x56, 0x55,
    0x67, 0x79, 0x93, 0x32, 0x67, 0x79, 0x93, 0x32, 0x59, 0x79, 0x9C, 0x0A, 0x59, 0x7C, 0xA3, 0x07,
    0x5C, 0x7F, 0xA7, 0x04, 0x5C, 0x7F, 0xA7, 0x04, 0x5E, 0x7F, 0xA9, 0x03, 0x5B, 0x80, 0xAB, 0x02,
    0x5B, 0x81, 0xAB, 0x02, 0x5B, 0x81, 0xAB, 0x02, 0x5B, 0x82, 0xAC, 0x02, 0x5A, 0x82, 0xAC, 0x02,
    0x5A, 0x82, 0xAD, 0x02, 0x59, 0x82, 0xAE, 0x02, 0x59, 0x82, 0xAE, 0x02, 0x58, 0x82, 0xAF, 0x02,
    0x57, 0x82, 0xB0, 0x02, 0x55, 0x81, 0xB0, 0x02, 0x55, 0x81, 0xB0, 0x02, 0x54, 0x81, 0xB1, 0x01,
    0x54, 0x81, 0xB2, 0x01, 0x53, 0x82, 0xB4, 0x01, 0x53, 0x82, 0xB4, 0x01, 0x51, 0x81, 0xB4, 0x01,
    0x4F, 0x81, 0xB6, 0x01, 0x4D, 0x80, 0xB8, 0x01, 0x4D, 0x80, 0xB8, 0x01, 0x4D, 0x81, 0xB9, 0x01,
    0x4C, 0x81, 0xBA, 0x01, 0x4B, 0x81, 0xBB, 0x01, 0x4B, 0x82, 0xBE, 0x01, 0x4B, 0x82, 0xBE, 0x01,
    0x4A, 0x81, 0xBE, 0x01, 0x49, 0x81, 0xBF, 0x01, 0x4A, 0x82, 0xC0, 0x01, 0x4A, 0x82, 0xC0, 0x01,
    0x49, 0x82, 0xC1, 0x01, 0x49, 0x83, 0xC2, 0x01, 0x48, 0x83, 0xC2, 0x01, 0x48, 0x83, 0xC2, 0x01,
    0x00, 0x00, 0x00, 0x00, 0x00, 0x00, 0x00, 0x00, 0x00, 0x00, 0x00, 0x00, 0x00, 0x00, 0x00, 0x00,
    0x00, 0x00, 0x00, 0x00, 0x00, 0x00, 0x00, 0x00, 0x00, 0x00, 0x00, 0x00, 0x00, 0x00, 0x00, 0x00,
    0x00, 0x00, 0x00, 0x00, 0x00, 0x00, 0x00, 0x00, 0x00, 0x00, 0x00, 0x00, 0x00, 0x00, 0x00, 0x00,
    0x00, 0x00, 0x00, 0x00, 0x00, 0x00, 0x00, 0x00, 0x00, 0x00, 0x00, 0x00, 0x00, 0x00, 0x00, 0x00,
    0x00, 0x00, 0x00, 0x00, 0x00, 0x00, 0x00, 0x00, 0x00, 0x00, 0x00, 0x00, 0x00, 0x00, 0x00, 0x00,
    0x00, 0x00, 0x00, 0x00, 0x00, 0x00, 0x00, 0x00, 0x00, 0x00, 0x00, 0x00, 0x00, 0x00, 0x00, 0x00,
    0x00, 0x00, 0x00, 0x00, 0x00, 0x00, 0x00, 0x00, 0x00, 0x00, 0x00, 0x00, 0x00, 0x00, 0x00, 0x00,
    0x00, 0x00, 0x00, 0x00, 0x00, 0x00, 0x00, 0x00, 0x00, 0x00, 0x00, 0x00, 0x00, 0x00, 0x00, 0x00,
    0x00, 0x00, 0x00, 0x00, 0x00, 0x00, 0x00, 0x00, 0x00, 0x00, 0x00, 0x00, 0x00, 0x00, 0x00, 0x00,
    0x00, 0x00, 0x00, 0x00, 0x00, 0x00, 0x00, 0x00, 0x00, 0x00, 0x00, 0x00, 0x00, 0x00, 0x00, 0x00,
    0x00, 0x00, 0x00, 0x00, 0x00, 0x00, 0x00, 0x00, 0x00, 0x00, 0x00, 0x00, 0x00, 0x00, 0x00, 0x00,
    0x00, 0x00, 0x00, 0x00, 0x00, 0x00, 0x00, 0x00, 0x00, 0x00, 0x00, 0x00, 0x00, 0x00, 0x00, 0x00,
    0x00, 0x00, 0x00, 0x00, 0x00, 0x00, 0x00, 0x00, 0x00, 0x00, 0x00, 0x00, 0x00, 0x00, 0x00, 0x00,
    0x00, 0x00, 0x00, 0x00, 0x00, 0x00, 0x00, 0x00, 0x00, 0x00, 0x00, 0x00, 0x00, 0x00, 0x00, 0x00,
    0x00, 0x00, 0x00, 0x00, 0x00, 0x00, 0x00, 0x00, 0x57, 0x7E, 0xA9, 0x01, 0x57, 0x7E, 0xA9, 0x01,
    0x00, 0x00, 0x00, 0x00, 0x5A, 0x7F, 0xA7, 0x01, 0x00, 0x00, 0x00, 0x00, 0x00, 0x00, 0x00, 0x00,
    0x5B, 0x7E, 0xA4, 0x01, 0x5B, 0x7E, 0xA3, 0x01, 0x5C, 0x7D, 0xA2, 0x01, 0x5C, 0x7D, 0xA1, 0x01,
    0x5C, 0x7D, 0xA1, 0x01, 0x5D, 0x7D, 0xA0, 0x01, 0x5D, 0x7C, 0x9E, 0x01, 0x5E, 0x7C, 0x9E, 0x01,
    0x5E, 0x7C, 0x9E, 0x01, 0x5E, 0x7C, 0x9C, 0x03, 0x5C, 0x79, 0x9A, 0x03, 0x5D, 0x7A, 0x9B, 0x03,
    0x5D, 0x7A, 0x9B, 0x03, 0x60, 0x7C, 0x9D, 0x0A, 0x65, 0x81, 0xA0, 0x15, 0x64, 0x7F, 0x9F, 0x12,
    0x64, 0x7F, 0x9F, 0x12, 0x64, 0x80, 0xA0, 0x0F, 0x62, 0x7F, 0x9F, 0x11, 0x65, 0x84, 0xA3, 0x0C,
    0x60, 0x7D, 0x9E, 0x10, 0x60, 0x7D, 0x9E, 0x10, 0x63, 0x80, 0x9F, 0x0E, 0x62, 0x7D, 0x9C, 0x05,
    0x5D, 0x7A, 0x9E, 0x01, 0x5D, 0x7A, 0x9E, 0x01, 0x58, 0x79, 0xA0, 0x04, 0x59, 0x7D, 0xA6, 0x03,
    0x5A, 0x7E, 0xA9, 0x02, 0x5A, 0x7E, 0xA9, 0x02, 0x5B, 0x7F, 0xAA, 0x02, 0x5A, 0x81, 0xAA, 0x02,
    0x59, 0x82, 0xAC, 0x02, 0x59, 0x82, 0xAC, 0x02, 0x59, 0x82, 0xAC, 0x02, 0x58, 0x82, 0xAE, 0x02,
    0x58, 0x82, 0xAE, 0x02, 0x57, 0x82, 0xAF, 0x02, 0x57, 0x82, 0xAF, 0x02, 0x56, 0x82, 0xB1, 0x02,
    0x55, 0x82, 0xB1, 0x01, 0x54, 0x81, 0xB2, 0x01, 0x54, 0x81, 0xB2, 0x01, 0x53, 0x82, 0xB3, 0x01,
    0x52, 0x82, 0xB5, 0x01, 0x51, 0x82, 0xB6, 0x01, 0x51, 0x82, 0xB6, 0x01, 0x50, 0x82, 0xB6, 0x01,
    0x4E, 0x82, 0xB8, 0x01, 0x4D, 0x82, 0xBA, 0x01, 0x4D, 0x82, 0xBA, 0x01, 0x4C, 0x82, 0xBB, 0x01,
    0x4C, 0x82, 0xBC, 0x01, 0x4B, 0x82, 0xBD, 0x01, 0x4A, 0x82, 0xBF, 0x01, 0x4A, 0x82, 0xBF, 0x01,
    0x49, 0x82, 0xC0, 0x01, 0x49, 0x81, 0xC0, 0x01, 0x49, 0x82, 0xC1, 0x01, 0x49, 0x82, 0xC1, 0x01,
    0x49, 0x83, 0xC2, 0x01, 0x48, 0x83, 0xC3, 0x01, 0x00, 0x00, 0x00, 0x00, 0x00, 0x00, 0x00, 0x00,
    0x00, 0x00, 0x00, 0x00, 0x00, 0x00, 0x00, 0x00, 0x00, 0x00, 0x00, 0x00, 0x00, 0x00, 0x00, 0x00,
    0x00, 0x00, 0x00, 0x00, 0x00, 0x00, 0x00, 0x00, 0x00, 0x00, 0x00, 0x00, 0x00, 0x00, 0x00, 0x00,
    0x00, 0x00, 0x00, 0x00, 0x00, 0x00, 0x00, 0x00, 0x00, 0x00, 0x00, 0x00, 0x00, 0x00, 0x00, 0x00,
    0x00, 0x00, 0x00, 0x00, 0x00, 0x00, 0x00, 0x00, 0x00, 0x00, 0x00, 0x00, 0x00, 0x00, 0x00, 0x00,
    0x00, 0x00, 0x00, 0x00, 0x00, 0x00, 0x00, 0x00, 0x00, 0x00, 0x00, 0x00, 0x00, 0x00, 0x00, 0x00,
    0x00, 0x00, 0x00, 0x00, 0x00, 0x00, 0x00, 0x00, 0x00, 0x00, 0x00, 0x00, 0x00, 0x00, 0x00, 0x00,
    0x00, 0x00, 0x00, 0x00, 0x00, 0x00, 0x00, 0x00, 0x00, 0x00, 0x00, 0x00, 0x00, 0x00, 0x00, 0x00,
    0x00, 0x00, 0x00, 0x00, 0x00, 0x00, 0x00, 0x00, 0x00, 0x00, 0x00, 0x00, 0x00, 0x00, 0x00, 0x00,
    0x00, 0x00, 0x00, 0x00, 0x00, 0x00, 0x00, 0x00, 0x00, 0x00, 0x00, 0x00, 0x00, 0x00, 0x00, 0x00,
    0x00, 0x00, 0x00, 0x00, 0x00, 0x00, 0x00, 0x00, 0x00, 0x00, 0x00, 0x00, 0x00, 0x00, 0x00, 0x00,
    0x00, 0x00, 0x00, 0x00, 0x00, 0x00, 0x00, 0x00, 0x00, 0x00, 0x00, 0x00, 0x00, 0x00, 0x00, 0x00,
    0x00, 0x00, 0x00, 0x00, 0x00, 0x00, 0x00, 0x00, 0x00, 0x00, 0x00, 0x00, 0x00, 0x00, 0x00, 0x00,
    0x00, 0x00, 0x00, 0x00, 0x00, 0x00, 0x00, 0x00, 0x00, 0x00, 0x00, 0x00, 0x00, 0x00, 0x00, 0x00,
    0x00, 0x00, 0x00, 0x00, 0x00, 0x00, 0x00, 0x00, 0x00, 0x00, 0x00, 0x00, 0x00, 0x00, 0x00, 0x00,
    0x00, 0x00, 0x00, 0x00, 0x00, 0x00, 0x00, 0x00, 0x00, 0x00, 0x00, 0x00, 0x00, 0x00, 0x00, 0x00,
    0x00, 0x00, 0x00, 0x00, 0x57, 0x7E, 0xA8, 0x01, 0x59, 0x7F, 0xA7, 0x01, 0x59, 0x7F, 0xA7, 0x01,
    0x59, 0x7E, 0xA7, 0x01, 0x59, 0x7E, 0xA6, 0x01, 0x59, 0x7D, 0xA4, 0x01, 0x5A, 0x7E, 0xA3, 0x01,
    0x5A, 0x7E, 0xA3, 0x01, 0x5B, 0x7D, 0xA2, 0x01, 0x5B, 0x7D, 0xA1, 0x01, 0x5B, 0x7B, 0x9F, 0x01,
    0x5B, 0x7B, 0x9F, 0x01, 0x5A, 0x7A, 0x9E, 0x01, 0x5A, 0x7A, 0x9F, 0x02, 0x5A, 0x7A, 0xA2, 0x03,
    0x5A, 0x7A, 0xA2, 0x03, 0x5A, 0x7A, 0xA3, 0x03, 0x59, 0x7C, 0xA3, 0x01, 0x58, 0x7B, 0xA2, 0x04,
    0x58, 0x7B, 0xA2, 0x04, 0x58, 0x79, 0xA1, 0x04, 0x59, 0x7C, 0xA3, 0x04, 0x58, 0x7C, 0xA3, 0x05,
    0x57, 0x7B, 0xA3, 0x05, 0x57, 0x7B, 0xA3, 0x05, 0x56, 0x7B, 0xA2, 0x05, 0x56, 0x7A, 0xA1, 0x06,
    0x57, 0x7A, 0xA3, 0x05, 0x57, 0x7A, 0xA3, 0x05, 0x57, 0x7B, 0xA6, 0x03, 0x58, 0x7C, 0xA8, 0x02,
    0x58, 0x7E, 0xA9, 0x02, 0x58, 0x7E, 0xA9, 0x02, 0x58, 0x80, 0xAB, 0x02, 0x58, 0x80, 0xAC, 0x02,
    0x58, 0x81, 0xAD, 0x02, 0x58, 0x81, 0xAD, 0x02, 0x58, 0x81, 0xAD, 0x02, 0x57, 0x82, 0xAF, 0x02,
    0x56, 0x81, 0xAF, 0x02, 0x56, 0x82, 0xB1, 0x02, 0x56, 0x82, 0xB1, 0x02, 0x54, 0x81, 0xB1, 0x02,
    0x54, 0x81, 0xB2, 0x01, 0x52, 0x81, 0xB3, 0x01, 0x52, 0x81, 0xB3, 0x01, 0x51, 0x82, 0xB5, 0x01,
    0x50, 0x82, 0xB6, 0x01, 0x50, 0x82, 0xB7, 0x01, 0x50, 0x82, 0xB7, 0x01, 0x4E, 0x83, 0xB9, 0x01,
    0x4D, 0x82, 0xBA, 0x01, 0x4C, 0x82, 0xBB, 0x01, 0x4C, 0x82, 0xBB, 0x01, 0x4C, 0x83, 0xBC, 0x01,
    0x4B, 0x82, 0xBE, 0x01, 0x4B, 0x82, 0xBE, 0x01, 0x4A, 0x82, 0xBF, 0x01, 0x4A, 0x82, 0xBF, 0x01,
    0x49, 0x82, 0xC0, 0x01, 0x48, 0x81, 0xC1, 0x01, 0x49, 0x82, 0xC3, 0x01, 0x49, 0x82, 0xC3, 0x01,
    0x48, 0x83, 0xC3, 0x01, 0x47, 0x83, 0xC3, 0x01, 0x00, 0x00, 0x00, 0x00, 0x00, 0x00, 0x00, 0x00,
    0x00, 0x00, 0x00, 0x00, 0x00, 0x00, 0x00, 0x00, 0x00, 0x00, 0x00, 0x00, 0x00, 0x00, 0x00, 0x00,
    0x00, 0x00, 0x00, 0x00, 0x00, 0x00, 0x00, 0x00, 0x00, 0x00, 0x00, 0x00, 0x00, 0x00, 0x00, 0x00,
    0x00, 0x00, 0x00, 0x00, 0x00, 0x00, 0x00, 0x00, 0x00, 0x00, 0x00, 0x00, 0x00, 0x00, 0x00, 0x00,
    0x00, 0x00, 0x00, 0x00, 0x00, 0x00, 0x00, 0x00, 0x00, 0x00, 0x00, 0x00, 0x00, 0x00, 0x00, 0x00,
    0x00, 0x00, 0x00, 0x00, 0x00, 0x00, 0x00, 0x00, 0x00, 0x00, 0x00, 0x00, 0x00, 0x00, 0x00, 0x00,
    0x00, 0x00, 0x00, 0x00, 0x00, 0x00, 0x00, 0x00, 0x00, 0x00, 0x00, 0x00, 0x00, 0x00, 0x00, 0x00,
    0x00, 0x00, 0x00, 0x00, 0x00, 0x00, 0x00, 0x00, 0x00, 0x00, 0x00, 0x00, 0x00, 0x00, 0x00, 0x00,
    0x00, 0x00, 0x00, 0x00, 0x00, 0x00, 0x00, 0x00, 0x00, 0x00, 0x00, 0x00, 0x00, 0x00, 0x00, 0x00,
    0x00, 0x00, 0x00, 0x00, 0x00, 0x00, 0x00, 0x00, 0x00, 0x00, 0x00, 0x00, 0x00, 0x00, 0x00, 0x00,
    0x00, 0x00, 0x00, 0x00, 0x00, 0x00, 0x00, 0x00, 0x00, 0x00, 0x00, 0x00, 0x00, 0x00, 0x00, 0x00,
    0x00, 0x00, 0x00, 0x00, 0x00, 0x00, 0x00, 0x00, 0x00, 0x00, 0x00, 0x00, 0x00, 0x00, 0x00, 0x00,
    0x00, 0x00, 0x00, 0x00, 0x00, 0x00, 0x00, 0x00, 0x00, 0x00, 0x00, 0x00, 0x00, 0x00, 0x00, 0x00,
    0x00, 0x00, 0x00, 0x00, 0x00, 0x00, 0x00, 0x00, 0x00, 0x00, 0x00, 0x00, 0x00, 0x00, 0x00, 0x00,
    0x00, 0x00, 0x00, 0x00, 0x00, 0x00, 0x00, 0x00, 0x00, 0x00, 0x00, 0x00, 0x00, 0x00, 0x00, 0x00,
    0x00, 0x00, 0x00, 0x00, 0x00, 0x00, 0x00, 0x00, 0x00, 0x00, 0x00, 0x00, 0x00, 0x00, 0x00, 0x00,
    0x00, 0x00, 0x00, 0x00, 0x00, 0x00, 0x00, 0x00, 0x00, 0x00, 0x00, 0x00, 0x00, 0x00, 0x00, 0x00,
    0x58, 0x7E, 0xA8, 0x01, 0x58, 0x7E, 0xA7, 0x01, 0x59, 0x7E, 0xA6, 0x01, 0x59, 0x7D, 0xA4, 0x01,
    0x59, 0x7D, 0xA4, 0x01, 0x5A, 0x7D, 0xA3, 0x01, 0x5A, 0x7C, 0xA2, 0x01, 0x59, 0x7B, 0xA1, 0x01,
    0x59, 0x7B, 0xA1, 0x01, 0x59, 0x7B, 0xA0, 0x01, 0x59, 0x7B, 0xA1, 0x01, 0x59, 0x7A, 0xA2, 0x01,
    0x59, 0x7A, 0xA2, 0x01, 0x59, 0x7A, 0xA3, 0x03, 0x59, 0x7B, 0xA4, 0x04, 0x59, 0x7B, 0xA4, 0x03,
    0x59, 0x7B, 0xA4, 0x03, 0x59, 0x7B, 0xA5, 0x02, 0x58, 0x7A, 0xA4, 0x03, 0x58, 0x79, 0xA5, 0x03,
    0x57, 0x7B, 0xA6, 0x02, 0x57, 0x7B, 0xA6, 0x02, 0x57, 0x7B, 0xA6, 0x02, 0x56, 0x7C, 0xA7, 0x02,
    0x56, 0x7C, 0xA7, 0x02, 0x56, 0x7C, 0xA7, 0x02, 0x57, 0x7D, 0xA8, 0x02, 0x57, 0x7E, 0xA9, 0x02,
    0x57, 0x7F, 0xAA, 0x02, 0x57, 0x7F, 0xAA, 0x02, 0x57, 0x80, 0xAB, 0x02, 0x57, 0x80, 0xAC, 0x02,
    0x56, 0x81, 0xAE, 0x02, 0x56, 0x81, 0xAE, 0x02, 0x56, 0x81, 0xAF, 0x02, 0x55, 0x81, 0xB0, 0x02,
    0x54, 0x81, 0xB1, 0x02, 0x54, 0x82, 0xB2, 0x02, 0x54, 0x82, 0xB2, 0x02, 0x53, 0x82, 0xB3, 0x01,
    0x53, 0x82, 0xB4, 0x01, 0x52, 0x82, 0xB6, 0x01, 0x52, 0x82, 0xB6, 0x01, 0x51, 0x82, 0xB8, 0x01,
    0x50, 0x83, 0xB9, 0x01, 0x4F, 0x83, 0xBA, 0x01, 0x4F, 0x83, 0xBA, 0x01, 0x4D, 0x83, 0xBB, 0x01,
    0x4C, 0x83, 0xBC, 0x01, 0x4C, 0x83, 0xBD, 0x01, 0x4C, 0x83, 0xBD, 0x01, 0x4C, 0x83, 0xBE, 0x01,
    0x4B, 0x83, 0xBF, 0x01, 0x4A, 0x83, 0xC0, 0x01, 0x49, 0x82, 0xC1, 0x01, 0x49, 0x82, 0xC1, 0x01,
    0x48, 0x82, 0xC1, 0x01, 0x48, 0x82, 0xC3, 0x01, 0x48, 0x83, 0xC4, 0x01, 0x48, 0x83, 0xC4, 0x01,
    0x48, 0x83, 0xC4, 0x01, 0x48, 0x84, 0xC5, 0x01, 0x00, 0x00, 0x00, 0x00, 0x00, 0x00, 0x00, 0x00,
    0x00, 0x00, 0x00, 0x00, 0x00, 0x00, 0x00, 0x00, 0x00, 0x00, 0x00, 0x00, 0x00, 0x00, 0x00, 0x00,
    0x00, 0x00, 0x00, 0x00, 0x00, 0x00, 0x00, 0x00, 0x00, 0x00, 0x00, 0x00, 0x00, 0x00, 0x00, 0x00,
    0x00, 0x00, 0x00, 0x00, 0x00, 0x00, 0x00, 0x00, 0x00, 0x00, 0x00, 0x00, 0x00, 0x00, 0x00, 0x00,
    0x00, 0x00, 0x00, 0x00, 0x00, 0x00, 0x00, 0x00, 0x00, 0x00, 0x00, 0x00, 0x00, 0x00, 0x00, 0x00,
    0x00, 0x00, 0x00, 0x00, 0x00, 0x00, 0x00, 0x00, 0x00, 0x00, 0x00, 0x00, 0x00, 0x00, 0x00, 0x00,
    0x00, 0x00, 0x00, 0x00, 0x00, 0x00, 0x00, 0x00, 0x00, 0x00, 0x00, 0x00, 0x00, 0x00, 0x00, 0x00,
    0x00, 0x00, 0x00, 0x00, 0x00, 0x00, 0x00, 0x00, 0x00, 0x00, 0x00, 0x00, 0x00, 0x00, 0x00, 0x00,
    0x00, 0x00, 0x00, 0x00, 0x00, 0x00, 0x00, 0x00, 0x00, 0x00, 0x00, 0x00, 0x00, 0x00, 0x00, 0x00,
    0x00, 0x00, 0x00, 0x00, 0x00, 0x00, 0x00, 0x00, 0x00, 0x00, 0x00, 0x00, 0x00, 0x00, 0x00, 0x00,
    0x00, 0x00, 0x00, 0x00, 0x00, 0x00, 0x00, 0x00, 0x00, 0x00, 0x00, 0x00, 0x00, 0x00, 0x00, 0x00,
    0x00, 0x00, 0x00, 0x00, 0x00, 0x00, 0x00, 0x00, 0x00, 0x00, 0x00, 0x00, 0x00, 0x00, 0x00, 0x00,
    0x00, 0x00, 0x00, 0x00, 0x00, 0x00, 0x00, 0x00, 0x00, 0x00, 0x00, 0x00, 0x00, 0x00, 0x00, 0x00,
    0x00, 0x00, 0x00, 0x00, 0x00, 0x00, 0x00, 0x00, 0x00, 0x00, 0x00, 0x00, 0x00, 0x00, 0x00, 0x00,
    0x00, 0x00, 0x00, 0x00, 0x00, 0x00, 0x00, 0x00, 0x00, 0x00, 0x00, 0x00, 0x00, 0x00, 0x00, 0x00,
    0x00, 0x00, 0x00, 0x00, 0x00, 0x00, 0x00, 0x00, 0x00, 0x00, 0x00, 0x00, 0x00, 0x00, 0x00, 0x00,
    0x00, 0x00, 0x00, 0x00, 0x00, 0x00, 0x00, 0x00, 0x00, 0x00, 0x00, 0x00, 0x00, 0x00, 0x00, 0x00,
    0x58, 0x7E, 0xA8, 0x01, 0x58, 0x7E, 0xA7, 0x01, 0x59, 0x7E, 0xA6, 0x01, 0x59, 0x7D, 0xA4, 0x01,
    0x59, 0x7D, 0xA4, 0x01, 0x5A, 0x7D, 0xA3, 0x01, 0x5A, 0x7C, 0xA2, 0x01, 0x59, 0x7B, 0xA1, 0x01,
    0x59, 0x7B, 0xA1, 0x01, 0x59, 0x7B, 0xA0, 0x01, 0x59, 0x7B, 0xA1, 0x01, 0x59, 0x7A, 0xA2, 0x01,
    0x59, 0x7A, 0xA2, 0x01, 0x59, 0x7A, 0xA3, 0x03, 0x59, 0x7B, 0xA4, 0x04, 0x59, 0x7B, 0xA4, 0x03,
    0x59, 0x7B, 0xA4, 0x03, 0x59, 0x7B, 0xA5, 0x02, 0x58, 0x7A, 0xA4, 0x03, 0x58, 0x79, 0xA5, 0x03,
    0x57, 0x7B, 0xA6, 0x02, 0x57, 0x7B, 0xA6, 0x02, 0x57, 0x7B, 0xA6, 0x02, 0x56, 0x7C, 0xA7, 0x02,
    0x56, 0x7C, 0xA7, 0x02, 0x56, 0x7C, 0xA7, 0x02, 0x57, 0x7D, 0xA8, 0x02, 0x57, 0x7E, 0xA9, 0x02,
    0x57, 0x7F, 0xAA, 0x02, 0x57, 0x7F, 0xAA, 0x02, 0x57, 0x80, 0xAB, 0x02, 0x57, 0x80, 0xAC, 0x02,
    0x56, 0x81, 0xAE, 0x02, 0x56, 0x81, 0xAE, 0x02, 0x56, 0x81, 0xAF, 0x02, 0x55, 0x81, 0xB0, 0x02,
    0x54, 0x81, 0xB1, 0x02, 0x54, 0x82, 0xB2, 0x02, 0x54, 0x82, 0xB2, 0x02, 0x53, 0x82, 0xB3, 0x01,
    0x53, 0x82, 0xB4, 0x01, 0x52, 0x82, 0xB6, 0x01, 0x52, 0x82, 0xB6, 0x01, 0x51, 0x82, 0xB8, 0x01,
    0x50, 0x83, 0xB9, 0x01, 0x4F, 0x83, 0xBA, 0x01, 0x4F, 0x83, 0xBA, 0x01, 0x4D, 0x83, 0xBB, 0x01,
    0x4C, 0x83, 0xBC, 0x01, 0x4C, 0x83, 0xBD, 0x01, 0x4C, 0x83, 0xBD, 0x01, 0x4C, 0x83, 0xBE, 0x01,
    0x4B, 0x83, 0xBF, 0x01, 0x4A, 0x83, 0xC0, 0x01, 0x49, 0x82, 0xC1, 0x01, 0x49, 0x82, 0xC1, 0x01,
    0x48, 0x82, 0xC1, 0x01, 0x48, 0x82, 0xC3, 0x01, 0x48, 0x83, 0xC4, 0x01, 0x48, 0x83, 0xC4, 0x01,
    0x48, 0x83, 0xC4, 0x01, 0x48, 0x84, 0xC5, 0x01, 0x00, 0x00, 0x00, 0x00, 0x00, 0x00, 0x00, 0x00,
    0x00, 0x00, 0x00, 0x00, 0x00, 0x00, 0x00, 0x00, 0x00, 0x00, 0x00, 0x00, 0x00, 0x00, 0x00, 0x00,
    0x00, 0x00, 0x00, 0x00, 0x00, 0x00, 0x00, 0x00, 0x00, 0x00, 0x00, 0x00, 0x00, 0x00, 0x00, 0x00,
    0x00, 0x00, 0x00, 0x00, 0x00, 0x00, 0x00, 0x00, 0x00, 0x00, 0x00, 0x00, 0x00, 0x00, 0x00, 0x00,
    0x00, 0x00, 0x00, 0x00, 0x00, 0x00, 0x00, 0x00, 0x00, 0x00, 0x00, 0x00, 0x00, 0x00, 0x00, 0x00,
    0x00, 0x00, 0x00, 0x00, 0x00, 0x00, 0x00, 0x00, 0x00, 0x00, 0x00, 0x00, 0x00, 0x00, 0x00, 0x00,
    0x00, 0x00, 0x00, 0x00, 0x00, 0x00, 0x00, 0x00, 0x00, 0x00, 0x00, 0x00, 0x00, 0x00, 0x00, 0x00,
    0x00, 0x00, 0x00, 0x00, 0x00, 0x00, 0x00, 0x00, 0x00, 0x00, 0x00, 0x00, 0x00, 0x00, 0x00, 0x00,
    0x00, 0x00, 0x00, 0x00, 0x00, 0x00, 0x00, 0x00, 0x00, 0x00, 0x00, 0x00, 0x00, 0x00, 0x00, 0x00,
    0x00, 0x00, 0x00, 0x00, 0x00, 0x00, 0x00, 0x00, 0x00, 0x00, 0x00, 0x00, 0x00, 0x00, 0x00, 0x00,
    0x00, 0x00, 0x00, 0x00, 0x00, 0x00, 0x00, 0x00, 0x00, 0x00, 0x00, 0x00, 0x00, 0x00, 0x00, 0x00,
    0x00, 0x00, 0x00, 0x00, 0x00, 0x00, 0x00, 0x00, 0x00, 0x00, 0x00, 0x00, 0x00, 0x00, 0x00, 0x00,
    0x00, 0x00, 0x00, 0x00, 0x00, 0x00, 0x00, 0x00, 0x00, 0x00, 0x00, 0x00, 0x00, 0x00, 0x00, 0x00,
    0x00, 0x00, 0x00, 0x00, 0x00, 0x00, 0x00, 0x00, 0x00, 0x00, 0x00, 0x00, 0x00, 0x00, 0x00, 0x00,
    0x00, 0x00, 0x00, 0x00, 0x00, 0x00, 0x00, 0x00, 0x00, 0x00, 0x00, 0x00, 0x00, 0x00, 0x00, 0x00,
    0x00, 0x00, 0x00, 0x00, 0x00, 0x00, 0x00, 0x00, 0x00, 0x00, 0x00, 0x00, 0x00, 0x00, 0x00, 0x00,
    0x00, 0x00, 0x00, 0x00, 0x00, 0x00, 0x00, 0x00, 0x00, 0x00, 0x00, 0x00, 0x00, 0x00, 0x00, 0x00,
    0x00, 0x00, 0x00, 0x00, 0x56, 0x7E, 0xA8, 0x01, 0x56, 0x7D, 0xA7, 0x01, 0x57, 0x7D, 0xA7, 0x01,
    0x57, 0x7D, 0xA7, 0x01, 0x57, 0x7C, 0xA5, 0x01, 0x57, 0x7B, 0xA3, 0x01, 0x57, 0x7B, 0xA3, 0x01,
    0x57, 0x7B, 0xA3, 0x01, 0x57, 0x7B, 0xA2, 0x01, 0x56, 0x7A, 0xA2, 0x01, 0x56, 0x7A, 0xA3, 0x01,
    0x56, 0x7A, 0xA3, 0x01, 0x56, 0x7A, 0xA4, 0x02, 0x57, 0x7A, 0xA5, 0x02, 0x56, 0x7A, 0xA5, 0x02,
    0x56, 0x7A, 0xA5, 0x02, 0x56, 0x79, 0xA6, 0x03, 0x55, 0x79, 0xA7, 0x02, 0x55, 0x7A, 0xA8, 0x02,
    0x55, 0x7A, 0xA9, 0x03, 0x55, 0x7A, 0xA9, 0x03, 0x56, 0x7C, 0xAA, 0x03, 0x56, 0x7D, 0xAB, 0x02,
    0x56, 0x7D, 0xAB, 0x02, 0x56, 0x7D, 0xAB, 0x02, 0x55, 0x7D, 0xAB, 0x02, 0x55, 0x7E, 0xAC, 0x02,
    0x54, 0x7F, 0xAD, 0x02, 0x54, 0x7F, 0xAD, 0x02, 0x54, 0x80, 0xAE, 0x02, 0x54, 0x80, 0xAF, 0x02,
    0x54, 0x80, 0xAF, 0x02, 0x54, 0x80, 0xAF, 0x02, 0x53, 0x80, 0xB0, 0x02, 0x53, 0x81, 0xB2, 0x02,
    0x52, 0x81, 0xB3, 0x02, 0x52, 0x81, 0xB4, 0x01, 0x52, 0x81, 0xB4, 0x01, 0x51, 0x81, 0xB5, 0x01,
    0x51, 0x82, 0xB7, 0x01, 0x50, 0x82, 0xB8, 0x01, 0x50, 0x82, 0xB8, 0x01, 0x4F, 0x83, 0xBA, 0x01,
    0x4E, 0x83, 0xBC, 0x01, 0x4D, 0x83, 0xBC, 0x01, 0x4D, 0x83, 0xBC, 0x01, 0x4C, 0x83, 0xBD, 0x01,
    0x4B, 0x83, 0xBE, 0x01, 0x4A, 0x82, 0xBE, 0x01, 0x4A, 0x82, 0xBE, 0x01, 0x4A, 0x83, 0xBF, 0x01,
    0x4A, 0x83, 0xC1, 0x01, 0x49, 0x83, 0xC1, 0x01, 0x48, 0x83, 0xC2, 0x01, 0x48, 0x83, 0xC2, 0x01,
    0x48, 0x83, 0xC3, 0x01, 0x47, 0x82, 0xC3, 0x01, 0x47, 0x83, 0xC4, 0x01, 0x47, 0x83, 0xC4, 0x01,
    0x47, 0x83, 0xC5, 0x01, 0x47, 0x84, 0xC6, 0x01, 0x00, 0x00, 0x00, 0x00, 0x00, 0x00, 0x00, 0x00,
    0x00, 0x00, 0x00, 0x00, 0x00, 0x00, 0x00, 0x00, 0x00, 0x00, 0x00, 0x00, 0x00, 0x00, 0x00, 0x00,
    0x00, 0x00, 0x00, 0x00, 0x00, 0x00, 0x00, 0x00, 0x00, 0x00, 0x00, 0x00, 0x00, 0x00, 0x00, 0x00,
    0x00, 0x00, 0x00, 0x00, 0x00, 0x00, 0x00, 0x00, 0x00, 0x00, 0x00, 0x00, 0x00, 0x00, 0x00, 0x00,
    0x00, 0x00, 0x00, 0x00, 0x00, 0x00, 0x00, 0x00, 0x00, 0x00, 0x00, 0x00, 0x00, 0x00, 0x00, 0x00,
    0x00, 0x00, 0x00, 0x00, 0x00, 0x00, 0x00, 0x00, 0x00, 0x00, 0x00, 0x00, 0x00, 0x00, 0x00, 0x00,
    0x00, 0x00, 0x00, 0x00, 0x00, 0x00, 0x00, 0x00, 0x00, 0x00, 0x00, 0x00, 0x00, 0x00, 0x00, 0x00,
    0x00, 0x00, 0x00, 0x00, 0x00, 0x00, 0x00, 0x00, 0x00, 0x00, 0x00, 0x00, 0x00, 0x00, 0x00, 0x00,
    0x00, 0x00, 0x00, 0x00, 0x00, 0x00, 0x00, 0x00, 0x00, 0x00, 0x00, 0x00, 0x00, 0x00, 0x00, 0x00,
    0x00, 0x00, 0x00, 0x00, 0x00, 0x00, 0x00, 0x00, 0x00, 0x00, 0x00, 0x00, 0x00, 0x00, 0x00, 0x00,
    0x00, 0x00, 0x00, 0x00, 0x00, 0x00, 0x00, 0x00, 0x00, 0x00, 0x00, 0x00, 0x00, 0x00, 0x00, 0x00,
    0x00, 0x00, 0x00, 0x00, 0x00, 0x00, 0x00, 0x00, 0x00, 0x00, 0x00, 0x00, 0x00, 0x00, 0x00, 0x00,
    0x00, 0x00, 0x00, 0x00, 0x00, 0x00, 0x00, 0x00, 0x00, 0x00, 0x00, 0x00, 0x00, 0x00, 0x00, 0x00,
    0x00, 0x00, 0x00, 0x00, 0x00, 0x00, 0x00, 0x00, 0x00, 0x00, 0x00, 0x00, 0x00, 0x00, 0x00, 0x00,
    0x00, 0x00, 0x00, 0x00, 0x00, 0x00, 0x00, 0x00, 0x00, 0x00, 0x00, 0x00, 0x00, 0x00, 0x00, 0x00,
    0x00, 0x00, 0x00, 0x00, 0x00, 0x00, 0x00, 0x00, 0x00, 0x00, 0x00, 0x00, 0x00, 0x00, 0x00, 0x00,
    0x00, 0x00, 0x00, 0x00, 0x00, 0x00, 0x00, 0x00, 0x00, 0x00, 0x00, 0x00, 0x00, 0x00, 0x00, 0x00,
    0x00, 0x00, 0x00, 0x00, 0x00, 0x00, 0x00, 0x00, 0x00, 0x00, 0x00, 0x00, 0x00, 0x00, 0x00, 0x00,
    0x00, 0x00, 0x00, 0x00, 0x00, 0x00, 0x00, 0x00, 0x00, 0x00, 0x00, 0x00, 0x00, 0x00, 0x00, 0x00,
    0x00, 0x00, 0x00, 0x00, 0x00, 0x00, 0x00, 0x00, 0x00, 0x00, 0x00, 0x00, 0x00, 0x00, 0x00, 0x00,
    0x00, 0x00, 0x00, 0x00, 0x00, 0x00, 0x00, 0x00, 0x00, 0x00, 0x00, 0x00, 0x00, 0x00, 0x00, 0x00,
    0x00, 0x00, 0x00, 0x00, 0x00, 0x00, 0x00, 0x00, 0x00, 0x00, 0x00, 0x00, 0x00, 0x00, 0x00, 0x00,
    0x00, 0x00, 0x00, 0x00, 0x00, 0x00, 0x00, 0x00, 0x00, 0x00, 0x00, 0x00, 0x00, 0x00, 0x00, 0x00,
    0x00, 0x00, 0x00, 0x00, 0x00, 0x00, 0x00, 0x00, 0x00, 0x00, 0x00, 0x00, 0x00, 0x00, 0x00, 0x00,
    0x00, 0x00, 0x00, 0x00, 0x00, 0x00, 0x00, 0x00, 0x00, 0x00, 0x00, 0x00, 0x00, 0x00, 0x00, 0x00,
    0x00, 0x00, 0x00, 0x00, 0x00, 0x00, 0x00, 0x00, 0x00, 0x00, 0x00, 0x00, 0x00, 0x00, 0x00, 0x00,
    0x00, 0x00, 0x00, 0x00, 0x00, 0x00, 0x00, 0x00, 0x00, 0x00, 0x00, 0x00, 0x00, 0x00, 0x00, 0x00,
    0x00, 0x00, 0x00, 0x00, 0x00, 0x00, 0x00, 0x00, 0x00, 0x00, 0x00, 0x00, 0x00, 0x00, 0x00, 0x00,
    0x00, 0x00, 0x00, 0x00, 0x00, 0x00, 0x00, 0x00, 0x00, 0x00, 0x00, 0x00, 0x00, 0x00, 0x00, 0x00,
    0x00, 0x00, 0x00, 0x00, 0x00, 0x00, 0x00, 0x00, 0x00, 0x00, 0x00, 0x00, 0x00, 0x00, 0x00, 0x00,
    0x00, 0x00, 0x00, 0x00, 0x00, 0x00, 0x00, 0x00, 0x00, 0x00, 0x00, 0x00, 0x00, 0x00, 0x00, 0x00,
    0x00, 0x00, 0x00, 0x00, 0x00, 0x00, 0x00, 0x00, 0x00, 0x00, 0x00, 0x00, 0x00, 0x00, 0x00, 0x00,
    0x00, 0x00, 0x00, 0x00, 0x00, 0x00, 0x00, 0x00, 0x00, 0x00, 0x00, 0x00, 0x00, 0x00, 0x00, 0x00,
    0x00, 0x00, 0x00, 0x00, 0x00, 0x00, 0x00, 0x00, 0x00, 0x00, 0x00, 0x00, 0x00, 0x00, 0x00, 0x00,
    0x00, 0x00, 0x00, 0x00, 0x00, 0x00, 0x00, 0x00, 0x00, 0x00, 0x00, 0x00, 0x00, 0x00, 0x00, 0x00,
    0x00, 0x00, 0x00, 0x00, 0x00, 0x00, 0x00, 0x00, 0x00, 0x00, 0x00, 0x00, 0x00, 0x00, 0x00, 0x00,
    0x00, 0x00, 0x00, 0x00, 0x00, 0x00, 0x00, 0x00, 0x00, 0x00, 0x00, 0x00, 0x00, 0x00, 0x00, 0x00,
    0x00, 0x00, 0x00, 0x00, 0x00, 0x00, 0x00, 0x00, 0x00, 0x00, 0x00, 0x00, 0x00, 0x00, 0x00, 0x00,
    0x00, 0x00, 0x00, 0x00, 0x00, 0x00, 0x00, 0x00, 0x00, 0x00, 0x00, 0x00, 0x00, 0x00, 0x00, 0x00,
    0x00, 0x00, 0x00, 0x00, 0x00, 0x00, 0x00, 0x00, 0x00, 0x00, 0x00, 0x00, 0x00, 0x00, 0x00, 0x00,
    0x00, 0x00, 0x00, 0x00, 0x00, 0x00, 0x00, 0x00, 0x00, 0x00, 0x00, 0x00, 0x00, 0x00, 0x00, 0x00,
    0x00, 0x00, 0x00, 0x00, 0x00, 0x00, 0x00, 0x00, 0x00, 0x00, 0x00, 0x00, 0x00, 0x00, 0x00, 0x00,
    0x00, 0x00, 0x00, 0x00, 0x00, 0x00, 0x00, 0x00, 0x00, 0x00, 0x00, 0x00, 0x00, 0x00, 0x00, 0x00,
    0x00, 0x00, 0x00, 0x00, 0x00, 0x00, 0x00, 0x00, 0x00, 0x00, 0x00, 0x00, 0x00, 0x00, 0x00, 0x00,
    0x00, 0x00, 0x00, 0x00, 0x00, 0x00, 0x00, 0x00, 0x00, 0x00, 0x00, 0x00, 0x00, 0x00, 0x00, 0x00,
    0x00, 0x00, 0x00, 0x00, 0x00, 0x00, 0x00, 0x00, 0x00, 0x00, 0x00, 0x00, 0x00, 0x00, 0x00, 0x00,
    0x00, 0x00, 0x00, 0x00, 0x00, 0x00, 0x00, 0x00, 0x00, 0x00, 0x00, 0x00, 0x00, 0x00, 0x00, 0x00,
    0x00, 0x00, 0x00, 0x00, 0x00, 0x00, 0x00, 0x00, 0x00, 0x00, 0x00, 0x00, 0x00, 0x00, 0x00, 0x00,
    0x00, 0x00, 0x00, 0x00, 0x00, 0x00, 0x00, 0x00, 0x00, 0x00, 0x00, 0x00, 0x00, 0x00, 0x00, 0x00,
    0x00, 0x00, 0x00, 0x00, 0x00, 0x00, 0x00, 0x00, 0x00, 0x00, 0x00, 0x00, 0x00, 0x00, 0x00, 0x00,
    0x00, 0x00, 0x00, 0x00, 0x00, 0x00, 0x00, 0x00, 0x00, 0x00, 0x00, 0x00, 0x00, 0x00, 0x00, 0x00,
    0x00, 0x00, 0x00, 0x00, 0x00, 0x00, 0x00, 0x00, 0x00, 0x00, 0x00, 0x00, 0x00, 0x00, 0x00, 0x00,
    0x00, 0x00, 0x00, 0x00, 0x00, 0x00, 0x00, 0x00, 0x00, 0x00, 0x00, 0x00, 0x00, 0x00, 0x00, 0x00,
    0x00, 0x00, 0x00, 0x00, 0x00, 0x00, 0x00, 0x00, 0x00, 0x00, 0x00, 0x00, 0x00, 0x00, 0x00, 0x00,
    0x00, 0x00, 0x00, 0x00, 0x00, 0x00, 0x00, 0x00, 0x00, 0x00, 0x00, 0x00, 0x00, 0x00, 0x00, 0x00,
    0x00, 0x00, 0x00, 0x00, 0x00, 0x00, 0x00, 0x00, 0x00, 0x00, 0x00, 0x00, 0x00, 0x00, 0x00, 0x00,
    0x00, 0x00, 0x00, 0x00, 0x00, 0x00, 0x00, 0x00, 0x00, 0x00, 0x00, 0x00, 0x00, 0x00, 0x00, 0x00,
    0x00, 0x00, 0x00, 0x00, 0x00, 0x00, 0x00, 0x00, 0x00, 0x00, 0x00, 0x00, 0x00, 0x00, 0x00, 0x00,
    0x00, 0x00, 0x00, 0x00, 0x00, 0x00, 0x00, 0x00, 0x00, 0x00, 0x00, 0x00, 0x00, 0x00, 0x00, 0x00,
    0x00, 0x00, 0x00, 0x00, 0x00, 0x00, 0x00, 0x00, 0x00, 0x00, 0x00, 0x00, 0x00, 0x00, 0x00, 0x00,
    0x00, 0x00, 0x00, 0x00, 0x00, 0x00, 0x00, 0x00, 0x00, 0x00, 0x00, 0x00, 0x00, 0x00, 0x00, 0x00,
    0x00, 0x00, 0x00, 0x00, 0x00, 0x00, 0x00, 0x00, 0x00, 0x00, 0x00, 0x00, 0x00, 0x00, 0x00, 0x00,
    0x00, 0x00, 0x00, 0x00, 0x00, 0x00, 0x00, 0x00, 0x00, 0x00, 0x00, 0x00, 0x00, 0x00, 0x00, 0x00,
    0x00, 0x00, 0x00, 0x00, 0x00, 0x00, 0x00, 0x00, 0x00, 0x00, 0x00, 0x00, 0x00, 0x00, 0x00, 0x00,
    0x00, 0x00, 0x00, 0x00, 0x00, 0x00, 0x00, 0x00, 0x00, 0x00, 0x00, 0x00, 0x00, 0x00, 0x00, 0x00,
    0x00, 0x00, 0x00, 0x00, 0x00, 0x00, 0x00, 0x00, 0x00, 0x00, 0x00, 0x00, 0x00, 0x00, 0x00, 0x00,
    0x00, 0x00, 0x00, 0x00, 0x00, 0x00, 0x00, 0x00, 0x00, 0x00, 0x00, 0x00, 0x00, 0x00, 0x00, 0x00,
    0x00, 0x00, 0x00, 0x00, 0x00, 0x00, 0x00, 0x00, 0x00, 0x00, 0x00, 0x00, 0x00, 0x00, 0x00, 0x00,
    0x00, 0x00, 0x00, 0x00, 0x00, 0x00, 0x00, 0x00, 0x00, 0x00, 0x00, 0x00, 0x00, 0x00, 0x00, 0x00,
    0x00, 0x00, 0x00, 0x00, 0x00, 0x00, 0x00, 0x00, 0x00, 0x00, 0x00, 0x00, 0x00, 0x00, 0x00, 0x00,
    0x00, 0x00, 0x00, 0x00, 0x00, 0x00, 0x00, 0x00, 0x00, 0x00, 0x00, 0x00, 0x00, 0x00, 0x00, 0x00,
    0x00, 0x00, 0x00, 0x00, 0x00, 0x00, 0x00, 0x00, 0x00, 0x00, 0x00, 0x00, 0x00, 0x00, 0x00, 0x00,
    0x00, 0x00, 0x00, 0x00, 0x00, 0x00, 0x00, 0x00, 0x00, 0x00, 0x00, 0x00, 0x00, 0x00, 0x00, 0x00,
    0x00, 0x00, 0x00, 0x00, 0x00, 0x00, 0x00, 0x00, 0x00, 0x00, 0x00, 0x00, 0x00, 0x00, 0x00, 0x00,
    0x00, 0x00, 0x00, 0x00, 0x00, 0x00, 0x00, 0x00, 0x00, 0x00, 0x00, 0x00, 0x00, 0x00, 0x00, 0x00,
    0x00, 0x00, 0x00, 0x00, 0x00, 0x00, 0x00, 0x00, 0x00, 0x00, 0x00, 0x00, 0x00, 0x00, 0x00, 0x00,
    0x00, 0x00, 0x00, 0x00, 0x00, 0x00, 0x00, 0x00, 0x00, 0x00, 0x00, 0x00, 0x00, 0x00, 0x00, 0x00,
    0x00, 0x00, 0x00, 0x00, 0x00, 0x00, 0x00, 0x00, 0x00, 0x00, 0x00, 0x00, 0x00, 0x00, 0x00, 0x00,
    0x00, 0x00, 0x00, 0x00, 0x00, 0x00, 0x00, 0x00, 0x00, 0x00, 0x00, 0x00, 0x00, 0x00, 0x00, 0x00,
    0x00, 0x00, 0x00, 0x00, 0x00, 0x00, 0x00, 0x00, 0x00, 0x00, 0x00, 0x00, 0x00, 0x00, 0x00, 0x00,
    0x00, 0x00, 0x00, 0x00, 0x00, 0x00, 0x00, 0x00, 0x00, 0x00, 0x00, 0x00, 0x00, 0x00, 0x00, 0x00,
    0x00, 0x00, 0x00, 0x00, 0x00, 0x00, 0x00, 0x00, 0x00, 0x00, 0x00, 0x00, 0x00, 0x00, 0x00, 0x00,
    0x00, 0x00, 0x00, 0x00, 0x00, 0x00, 0x00, 0x00, 0x00, 0x00, 0x00, 0x00, 0x00, 0x00, 0x00, 0x00,
    0x00, 0x00, 0x00, 0x00, 0x00, 0x00, 0x00, 0x00, 0x00, 0x00, 0x00, 0x00, 0x00, 0x00, 0x00, 0x00,
    0x00, 0x00, 0x00, 0x00, 0x00, 0x00, 0x00, 0x00, 0x00, 0x00, 0x00, 0x00, 0x00, 0x00, 0x00, 0x00,
    0x00, 0x00, 0x00, 0x00, 0x00, 0x00, 0x00, 0x00, 0x00, 0x00, 0x00, 0x00, 0x00, 0x00, 0x00, 0x00,
    0x00, 0x00, 0x00, 0x00, 0x00, 0x00, 0x00, 0x00, 0x00, 0x00, 0x00, 0x00, 0x00, 0x00, 0x00, 0x00,
    0x00, 0x00, 0x00, 0x00, 0x00, 0x00, 0x00, 0x00, 0x00, 0x00, 0x00, 0x00, 0x00, 0x00, 0x00, 0x00,
    0x00, 0x00, 0x00, 0x00, 0x00, 0x00, 0x00, 0x00, 0x00, 0x00, 0x00, 0x00, 0x00, 0x00, 0x00, 0x00,
    0x00, 0x00, 0x00, 0x00, 0x00, 0x00, 0x00, 0x00, 0x00, 0x00, 0x00, 0x00, 0x00, 0x00, 0x00, 0x00,
    0x00, 0x00, 0x00, 0x00, 0x00, 0x00, 0x00, 0x00, 0x00, 0x00, 0x00, 0x00, 0x00, 0x00, 0x00, 0x00,
    0x00, 0x00, 0x00, 0x00, 0x00, 0x00, 0x00, 0x00, 0x00, 0x00, 0x00, 0x00, 0x00, 0x00, 0x00, 0x00,
    0x00, 0x00, 0x00, 0x00, 0x00, 0x00, 0x00, 0x00, 0x00, 0x00, 0x00, 0x00, 0x00, 0x00, 0x00, 0x00,
    0x00, 0x00, 0x00, 0x00, 0x00, 0x00, 0x00, 0x00, 0x00, 0x00, 0x00, 0x00, 0x00, 0x00, 0x00, 0x00,
    0x00, 0x00, 0x00, 0x00, 0x00, 0x00, 0x00, 0x00, 0x00, 0x00, 0x00, 0x00, 0x00, 0x00, 0x00, 0x00,
    0x00, 0x00, 0x00, 0x00, 0x00, 0x00, 0x00, 0x00, 0x00, 0x00, 0x00, 0x00, 0x00, 0x00, 0x00, 0x00,
    0x00, 0x00, 0x00, 0x00, 0x00, 0x00, 0x00, 0x00, 0x00, 0x00, 0x00, 0x00, 0x00, 0x00, 0x00, 0x00,
    0x00, 0x00, 0x00, 0x00, 0x00, 0x00, 0x00, 0x00, 0x00, 0x00, 0x00, 0x00, 0x00, 0x00, 0x00, 0x00,
    0x00, 0x00, 0x00, 0x00, 0x00, 0x00, 0x00, 0x00, 0x00, 0x00, 0x00, 0x00, 0x00, 0x00, 0x00, 0x00,
    0x00, 0x00, 0x00, 0x00, 0x00, 0x00, 0x00, 0x00, 0x00, 0x00, 0x00, 0x00, 0x00, 0x00, 0x00, 0x00,
    0x00, 0x00, 0x00, 0x00, 0x00, 0x00, 0x00, 0x00, 0x00, 0x00, 0x00, 0x00, 0x00, 0x00, 0x00, 0x00,
    0x00, 0x00, 0x00, 0x00, 0x00, 0x00, 0x00, 0x00, 0x00, 0x00, 0x00, 0x00, 0x00, 0x00, 0x00, 0x00,
    0x00, 0x00, 0x00, 0x00, 0x00, 0x00, 0x00, 0x00, 0x00, 0x00, 0x00, 0x00, 0x00, 0x00, 0x00, 0x00,
    0x00, 0x00, 0x00, 0x00, 0x00, 0x00, 0x00, 0x00, 0x00, 0x00, 0x00, 0x00, 0x00, 0x00, 0x00, 0x00,
    0x00, 0x00, 0x00, 0x00, 0x00, 0x00, 0x00, 0x00, 0x00, 0x00, 0x00, 0x00, 0x00, 0x00, 0x00, 0x00,
    0x00, 0x00, 0x00, 0x00, 0x00, 0x00, 0x00, 0x00, 0x00, 0x00, 0x00, 0x00, 0x00, 0x00, 0x00, 0x00,
    0x00, 0x00, 0x00, 0x00, 0x00, 0x00, 0x00, 0x00, 0x00, 0x00, 0x00, 0x00, 0x00, 0x00, 0x00, 0x00,
    0x00, 0x00, 0x00, 0x00, 0x00, 0x00, 0x00, 0x00, 0x00, 0x00, 0x00, 0x00, 0x00, 0x00, 0x00, 0x00,
    0x00, 0x00, 0x00, 0x00, 0x00, 0x00, 0x00, 0x00, 0x00, 0x00, 0x00, 0x00, 0x00, 0x00, 0x00, 0x00,
    0x00, 0x00, 0x00, 0x00, 0x00, 0x00, 0x00, 0x00, 0x00, 0x00, 0x00, 0x00, 0x00, 0x00, 0x00, 0x00,
    0x00, 0x00, 0x00, 0x00, 0x00, 0x00, 0x00, 0x00, 0x00, 0x00, 0x00, 0x00, 0x00, 0x00, 0x00, 0x00,
    0x00, 0x00, 0x00, 0x00, 0x00, 0x00, 0x00, 0x00, 0x00, 0x00, 0x00, 0x00, 0x00, 0x00, 0x00, 0x00,
    0x00, 0x00, 0x00, 0x00, 0x00, 0x00, 0x00, 0x00, 0x00, 0x00, 0x00, 0x00, 0x00, 0x00, 0x00, 0x00,
    0x00, 0x00, 0x00, 0x00, 0x00, 0x00, 0x00, 0x00, 0x00, 0x00, 0x00, 0x00, 0x00, 0x00, 0x00, 0x00,
    0x00, 0x00, 0x00, 0x00, 0x00, 0x00, 0x00, 0x00, 0x00, 0x00, 0x00, 0x00, 0x00, 0x00, 0x00, 0x00,
    0x00, 0x00, 0x00, 0x00, 0x00, 0x00, 0x00, 0x00, 0x00, 0x00, 0x00, 0x00, 0x00, 0x00, 0x00, 0x00,
    0x00, 0x00, 0x00, 0x00, 0x00, 0x00, 0x00, 0x00, 0x00, 0x00, 0x00, 0x00, 0x00, 0x00, 0x00, 0x00,
    0x00, 0x00, 0x00, 0x00, 0x00, 0x00, 0x00, 0x00, 0x00, 0x00, 0x00, 0x00, 0x00, 0x00, 0x00, 0x00,
    0x00, 0x00, 0x00, 0x00, 0x00, 0x00, 0x00, 0x00, 0x00, 0x00, 0x00, 0x00, 0x00, 0x00, 0x00, 0x00,
    0x00, 0x00, 0x00, 0x00, 0x00, 0x00, 0x00, 0x00, 0x00, 0x00, 0x00, 0x00, 0x00, 0x00, 0x00, 0x00,
    0x00, 0x00, 0x00, 0x00, 0x00, 0x00, 0x00, 0x00, 0x00, 0x00, 0x00, 0x00, 0x00, 0x00, 0x00, 0x00,
    0x00, 0x00, 0x00, 0x00, 0x00, 0x00, 0x00, 0x00, 0x00, 0x00, 0x00, 0x00, 0x00, 0x00, 0x00, 0x00,
    0x00, 0x00, 0x00, 0x00, 0x00, 0x00, 0x00, 0x00, 0x00, 0x00, 0x00, 0x00, 0x00, 0x00, 0x00, 0x00,
    0x00, 0x00, 0x00, 0x00, 0x00, 0x00, 0x00, 0x00, 0x00, 0x00, 0x00, 0x00, 0x00, 0x00, 0x00, 0x00,
    0x00, 0x00, 0x00, 0x00, 0x00, 0x00, 0x00, 0x00, 0x00, 0x00, 0x00, 0x00, 0x00, 0x00, 0x00, 0x00,
    0x00, 0x00, 0x00, 0x00, 0x00, 0x00, 0x00, 0x00, 0x00, 0x00, 0x00, 0x00, 0x00, 0x00, 0x00, 0x00,
    0x00, 0x00, 0x00, 0x00, 0x00, 0x00, 0x00, 0x00, 0x00, 0x00, 0x00, 0x00, 0x00, 0x00, 0x00, 0x00,
    0x00, 0x00, 0x00, 0x00, 0x00, 0x00, 0x00, 0x00, 0x00, 0x00, 0x00, 0x00, 0x00, 0x00, 0x00, 0x00,
    0x00, 0x00, 0x00, 0x00, 0x00, 0x00, 0x00, 0x00, 0x00, 0x00, 0x00, 0x00, 0x00, 0x00, 0x00, 0x00,
    0x00, 0x00, 0x00, 0x00, 0x00, 0x00, 0x00, 0x00, 0x00, 0x00, 0x00, 0x00, 0x00, 0x00, 0x00, 0x00,
    0x00, 0x00, 0x00, 0x00, 0x00, 0x00, 0x00, 0x00, 0x00, 0x00, 0x00, 0x00, 0x00, 0x00, 0x00, 0x00,
    0x00, 0x00, 0x00, 0x00, 0x00, 0x00, 0x00, 0x00, 0x00, 0x00, 0x00, 0x00, 0x00, 0x00, 0x00, 0x00,
    0x00, 0x00, 0x00, 0x00, 0x00, 0x00, 0x00, 0x00, 0x00, 0x00, 0x00, 0x00, 0x00, 0x00, 0x00, 0x00,
    0x00, 0x00, 0x00, 0x00, 0x00, 0x00, 0x00, 0x00, 0x00, 0x00, 0x00, 0x00, 0x00, 0x00, 0x00, 0x00,
    0x00, 0x00, 0x00, 0x00, 0x00, 0x00, 0x00, 0x00, 0x00, 0x00, 0x00, 0x00, 0x00, 0x00, 0x00, 0x00,
    0x00, 0x00, 0x00, 0x00, 0x00, 0x00, 0x00, 0x00, 0x00, 0x00, 0x00, 0x00, 0x00, 0x00, 0x00, 0x00,
    0x00, 0x00, 0x00, 0x00, 0x00, 0x00, 0x00, 0x00, 0x00, 0x00, 0x00, 0x00, 0x00, 0x00, 0x00, 0x00,
    0x00, 0x00, 0x00, 0x00, 0x00, 0x00, 0x00, 0x00, 0x00, 0x00, 0x00, 0x00, 0x00, 0x00, 0x00, 0x00,
    0x00, 0x00, 0x00, 0x00, 0x00, 0x00, 0x00, 0x00, 0x00, 0x00, 0x00, 0x00, 0x00, 0x00, 0x00, 0x00,
    0x00, 0x00, 0x00, 0x00, 0x00, 0x00, 0x00, 0x00, 0x00, 0x00, 0x00, 0x00, 0x00, 0x00, 0x00, 0x00,
    0x00, 0x00, 0x00, 0x00, 0x00, 0x00, 0x00, 0x00, 0x00, 0x00, 0x00, 0x00, 0x00, 0x00, 0x00, 0x00,
    0x00, 0x00, 0x00, 0x00, 0x00, 0x00, 0x00, 0x00, 0x00, 0x00, 0x00, 0x00, 0x00, 0x00, 0x00, 0x00,
    0x00, 0x00, 0x00, 0x00, 0x00, 0x00, 0x00, 0x00, 0x00, 0x00, 0x00, 0x00, 0x00, 0x00, 0x00, 0x00,
    0x00, 0x00, 0x00, 0x00, 0x00, 0x00, 0x00, 0x00, 0x00, 0x00, 0x00, 0x00, 0x00, 0x00, 0x00, 0x00,
    0x00, 0x00, 0x00, 0x00, 0x00, 0x00, 0x00, 0x00, 0x00, 0x00, 0x00, 0x00, 0x00, 0x00, 0x00, 0x00,
    0x00, 0x00, 0x00, 0x00, 0x00, 0x00, 0x00, 0x00, 0x00, 0x00, 0x00, 0x00, 0x00, 0x00, 0x00, 0x00,
    0x00, 0x00, 0x00, 0x00, 0x00, 0x00, 0x00, 0x00, 0x00, 0x00, 0x00, 0x00, 0x00, 0x00, 0x00, 0x00,
    0x00, 0x00, 0x00, 0x00, 0x00, 0x00, 0x00, 0x00, 0x00, 0x00, 0x00, 0x00, 0x00, 0x00, 0x00, 0x00,
    0x00, 0x00, 0x00, 0x00, 0x00, 0x00, 0x00, 0x00, 0x00, 0x00, 0x00, 0x00, 0x00, 0x00, 0x00, 0x00,
    0x00, 0x00, 0x00, 0x00, 0x00, 0x00, 0x00, 0x00, 0x00, 0x00, 0x00, 0x00, 0x00, 0x00, 0x00, 0x00,
    0x00, 0x00, 0x00, 0x00, 0x00, 0x00, 0x00, 0x00, 0x00, 0x00, 0x00, 0x00, 0x00, 0x00, 0x00, 0x00,
    0x00, 0x00, 0x00, 0x00, 0x00, 0x00, 0x00, 0x00, 0x00, 0x00, 0x00, 0x00, 0x00, 0x00, 0x00, 0x00,
    0x00, 0x00, 0x00, 0x00, 0x00, 0x00, 0x00, 0x00, 0x00, 0x00, 0x00, 0x00, 0x00, 0x00, 0x00, 0x00,
    0x00, 0x00, 0x00, 0x00, 0x00, 0x00, 0x00, 0x00, 0x00, 0x00, 0x00, 0x00, 0x00, 0x00, 0x00, 0x00,
    0x00, 0x00, 0x00, 0x00, 0x00, 0x00, 0x00, 0x00, 0x00, 0x00, 0x00, 0x00, 0x00, 0x00, 0x00, 0x00,
    0x00, 0x00, 0x00, 0x00, 0x00, 0x00, 0x00, 0x00, 0x00, 0x00, 0x00, 0x00, 0x00, 0x00, 0x00, 0x00,
    0x00, 0x00, 0x00, 0x00, 0x00, 0x00, 0x00, 0x00, 0x00, 0x00, 0x00, 0x00, 0x00, 0x00, 0x00, 0x00,
    0x00, 0x00, 0x00, 0x00, 0x00, 0x00, 0x00, 0x00, 0x00, 0x00, 0x00, 0x00, 0x00, 0x00, 0x00, 0x00,
    0x00, 0x00, 0x00, 0x00, 0x00, 0x00, 0x00, 0x00, 0x00, 0x00, 0x00, 0x00, 0x00, 0x00, 0x00, 0x00,
    0x00, 0x00, 0x00, 0x00, 0x00, 0x00, 0x00, 0x00, 0x00, 0x00, 0x00, 0x00, 0x00, 0x00, 0x00, 0x00,
    0x00, 0x00, 0x00, 0x00, 0x00, 0x00, 0x00, 0x00, 0x00, 0x00, 0x00, 0x00, 0x00, 0x00, 0x00, 0x00,
    0x00, 0x00, 0x00, 0x00, 0x00, 0x00, 0x00, 0x00, 0x00, 0x00, 0x00, 0x00, 0x00, 0x00, 0x00, 0x00,
    0x00, 0x00, 0x00, 0x00, 0x00, 0x00, 0x00, 0x00, 0x00, 0x00, 0x00, 0x00, 0x00, 0x00, 0x00, 0x00,
    0x00, 0x00, 0x00, 0x00, 0x00, 0x00, 0x00, 0x00, 0x00, 0x00, 0x00, 0x00, 0x00, 0x00, 0x00, 0x00,
    0x00, 0x00, 0x00, 0x00, 0x00, 0x00, 0x00, 0x00, 0x00, 0x00, 0x00, 0x00, 0x00, 0x00, 0x00, 0x00,
    0x00, 0x00, 0x00, 0x00, 0x00, 0x00, 0x00, 0x00, 0x00, 0x00, 0x00, 0x00, 0x00, 0x00, 0x00, 0x00,
    0x00, 0x00, 0x00, 0x00, 0x00, 0x00, 0x00, 0x00, 0x00, 0x00, 0x00, 0x00, 0x00, 0x00, 0x00, 0x00,
    0x00, 0x00, 0x00, 0x00, 0x00, 0x00, 0x00, 0x00, 0x00, 0x00, 0x00, 0x00, 0x00, 0x00, 0x00, 0x00,
    0x00, 0x00, 0x00, 0x00, 0x00, 0x00, 0x00, 0x00, 0x00, 0x00, 0x00, 0x00, 0x00, 0x00, 0x00, 0x00,
    0x00, 0x00, 0x00, 0x00, 0x00, 0x00, 0x00, 0x00, 0x00, 0x00, 0x00, 0x00, 0x00, 0x00, 0x00, 0x00,
    0x00, 0x00, 0x00, 0x00, 0x00, 0x00, 0x00, 0x00, 0x00, 0x00, 0x00, 0x00, 0x00, 0x00, 0x00, 0x00,
    0x00, 0x00, 0x00, 0x00, 0x00, 0x00, 0x00, 0x00, 0x00, 0x00, 0x00, 0x00, 0x00, 0x00, 0x00, 0x00,
    0x00, 0x00, 0x00, 0x00, 0x00, 0x00, 0x00, 0x00, 0x00, 0x00, 0x00, 0x00, 0x00, 0x00, 0x00, 0x00,
    0x00, 0x00, 0x00, 0x00, 0x00, 0x00, 0x00, 0x00, 0x00, 0x00, 0x00, 0x00, 0x00, 0x00, 0x00, 0x00,
    0x00, 0x00, 0x00, 0x00, 0x00, 0x00, 0x00, 0x00, 0x00, 0x00, 0x00, 0x00, 0x00, 0x00, 0x00, 0x00,
    0x00, 0x00, 0x00, 0x00, 0x00, 0x00, 0x00, 0x00, 0x00, 0x00, 0x00, 0x00, 0x00, 0x00, 0x00, 0x00,
    0x00, 0x00, 0x00, 0x00, 0x00, 0x00, 0x00, 0x00, 0x00, 0x00, 0x00, 0x00, 0x00, 0x00, 0x00, 0x00,
    0x00, 0x00, 0x00, 0x00, 0x00, 0x00, 0x00, 0x00, 0x00, 0x00, 0x00, 0x00, 0x00, 0x00, 0x00, 0x00,
    0x00, 0x00, 0x00, 0x00, 0x00, 0x00, 0x00, 0x00, 0x00, 0x00, 0x00, 0x00, 0x00, 0x00, 0x00, 0x00,
    0x00, 0x00, 0x00, 0x00, 0x00, 0x00, 0x00, 0x00, 0x00, 0x00, 0x00, 0x00, 0x00, 0x00, 0x00, 0x00,
    0x00, 0x00, 0x00, 0x00, 0x00, 0x00, 0x00, 0x00, 0x00, 0x00, 0x00, 0x00, 0x00, 0x00, 0x00, 0x00,
    0x00, 0x00, 0x00, 0x00, 0x00, 0x00, 0x00, 0x00, 0x00, 0x00, 0x00, 0x00, 0x00, 0x00, 0x00, 0x00,
    0x00, 0x00, 0x00, 0x00, 0x00, 0x00, 0x00, 0x00, 0x00, 0x00, 0x00, 0x00, 0x00, 0x00, 0x00, 0x00,
    0x00, 0x00, 0x00, 0x00, 0x00, 0x00, 0x00, 0x00, 0x00, 0x00, 0x00, 0x00, 0x00, 0x00, 0x00, 0x00,
    0x00, 0x00, 0x00, 0x00, 0x00, 0x00, 0x00, 0x00, 0x00, 0x00, 0x00, 0x00, 0x00, 0x00, 0x00, 0x00,
    0x00, 0x00, 0x00, 0x00, 0x00, 0x00, 0x00, 0x00, 0x00, 0x00, 0x00, 0x00, 0x00, 0x00, 0x00, 0x00,
    0x00, 0x00, 0x00, 0x00, 0x00, 0x00, 0x00, 0x00, 0x00, 0x00, 0x00, 0x00, 0x00, 0x00, 0x00, 0x00,
    0x00, 0x00, 0x00, 0x00, 0x00, 0x00, 0x00, 0x00, 0x00, 0x00, 0x00, 0x00, 0x00, 0x00, 0x00, 0x00,
    0x00, 0x00, 0x00, 0x00, 0x00, 0x00, 0x00, 0x00, 0x00, 0x00, 0x00, 0x00, 0x00, 0x00, 0x00, 0x00,
    0x00, 0x00, 0x00, 0x00, 0x00, 0x00, 0x00, 0x00, 0x00, 0x00, 0x00, 0x00, 0x00, 0x00, 0x00, 0x00,
    0x00, 0x00, 0x00, 0x00, 0x00, 0x00, 0x00, 0x00, 0x00, 0x00, 0x00, 0x00, 0x00, 0x00, 0x00, 0x00,
    0x00, 0x00, 0x00, 0x00, 0x00, 0x00, 0x00, 0x00, 0x00, 0x00, 0x00, 0x00, 0x00, 0x00, 0x00, 0x00,
    0x00, 0x00, 0x00, 0x00, 0x00, 0x00, 0x00, 0x00, 0x00, 0x00, 0x00, 0x00, 0x00, 0x00, 0x00, 0x00,
    0x00, 0x00, 0x00, 0x00, 0x00, 0x00, 0x00, 0x00, 0x00, 0x00, 0x00, 0x00, 0x00, 0x00, 0x00, 0x00,
    0x00, 0x00, 0x00, 0x00, 0x00, 0x00, 0x00, 0x00, 0x00, 0x00, 0x00, 0x00, 0x00, 0x00, 0x00, 0x00,
    0x00, 0x00, 0x00, 0x00, 0x00, 0x00, 0x00, 0x00, 0x00, 0x00, 0x00, 0x00, 0x00, 0x00, 0x00, 0x00,
    0x00, 0x00, 0x00, 0x00, 0x00, 0x00, 0x00, 0x00, 0x00, 0x00, 0x00, 0x00, 0x00, 0x00, 0x00, 0x00,
    0x00, 0x00, 0x00, 0x00, 0x00, 0x00, 0x00, 0x00, 0x00, 0x00, 0x00, 0x00, 0x00, 0x00, 0x00, 0x00,
    0x00, 0x00, 0x00, 0x00, 0x00, 0x00, 0x00, 0x00, 0x00, 0x00, 0x00, 0x00, 0x00, 0x00, 0x00, 0x00,
    0x00, 0x00, 0x00, 0x00, 0x00, 0x00, 0x00, 0x00, 0x00, 0x00, 0x00, 0x00, 0x00, 0x00, 0x00, 0x00,
    0x00, 0x00, 0x00, 0x00, 0x00, 0x00, 0x00, 0x00, 0x00, 0x00, 0x00, 0x00, 0x00, 0x00, 0x00, 0x00,
    0x00, 0x00, 0x00, 0x00, 0x00, 0x00, 0x00, 0x00, 0x00, 0x00, 0x00, 0x00, 0x00, 0x00, 0x00, 0x00,
    0x00, 0x00, 0x00, 0x00, 0x00, 0x00, 0x00, 0x00, 0x00, 0x00, 0x00, 0x00, 0x00, 0x00, 0x00, 0x00,
    0x00, 0x00, 0x00, 0x00, 0x00, 0x00, 0x00, 0x00, 0x00, 0x00, 0x00, 0x00, 0x00, 0x00, 0x00, 0x00,
    0x00, 0x00, 0x00, 0x00, 0x00, 0x00, 0x00, 0x00, 0x00, 0x00, 0x00, 0x00, 0x00, 0x00, 0x00, 0x00,
    0x00, 0x00, 0x00, 0x00, 0x00, 0x00, 0x00, 0x00, 0x00, 0x00, 0x00, 0x00, 0x00, 0x00, 0x00, 0x00,
    0x00, 0x00, 0x00, 0x00, 0x00, 0x00, 0x00, 0x00, 0x00, 0x00, 0x00, 0x00, 0x00, 0x00, 0x00, 0x00,
    0x00, 0x00, 0x00, 0x00, 0x00, 0x00, 0x00, 0x00, 0x00, 0x00, 0x00, 0x00, 0x00, 0x00, 0x00, 0x00,
    0x00, 0x00, 0x00, 0x00, 0x00, 0x00, 0x00, 0x00, 0x00, 0x00, 0x00, 0x00, 0x00, 0x00, 0x00, 0x00,
    0x00, 0x00, 0x00, 0x00, 0x00, 0x00, 0x00, 0x00, 0x00, 0x00, 0x00, 0x00, 0x00, 0x00, 0x00, 0x00,
    0x00, 0x00, 0x00, 0x00, 0x00, 0x00, 0x00, 0x00, 0x00, 0x00, 0x00, 0x00, 0x00, 0x00, 0x00, 0x00,
    0x00, 0x00, 0x00, 0x00, 0x00, 0x00, 0x00, 0x00, 0x00, 0x00, 0x00, 0x00, 0x00, 0x00, 0x00, 0x00,
    0x00, 0x00, 0x00, 0x00, 0x00, 0x00, 0x00, 0x00, 0x00, 0x00, 0x00, 0x00, 0x00, 0x00, 0x00, 0x00,
    0x00, 0x00, 0x00, 0x00, 0x00, 0x00, 0x00, 0x00, 0x00, 0x00, 0x00, 0x00, 0x00, 0x00, 0x00, 0x00,
    0x00, 0x00, 0x00, 0x00, 0x00, 0x00, 0x00, 0x00, 0x00, 0x00, 0x00, 0x00, 0x00, 0x00, 0x00, 0x00,
    0x00, 0x00, 0x00, 0x00, 0x00, 0x00, 0x00, 0x00, 0x00, 0x00, 0x00, 0x00, 0x00, 0x00, 0x00, 0x00,
    0x00, 0x00, 0x00, 0x00, 0x00, 0x00, 0x00, 0x00, 0x00, 0x00, 0x00, 0x00, 0x00, 0x00, 0x00, 0x00,
    0x00, 0x00, 0x00, 0x00, 0x00, 0x00, 0x00, 0x00, 0x00, 0x00, 0x00, 0x00, 0x00, 0x00, 0x00, 0x00,
    0x00, 0x00, 0x00, 0x00, 0x00, 0x00, 0x00, 0x00, 0x00, 0x00, 0x00, 0x00, 0x00, 0x00, 0x00, 0x00,
    0x00, 0x00, 0x00, 0x00, 0x00, 0x00, 0x00, 0x00, 0x00, 0x00, 0x00, 0x00, 0x00, 0x00, 0x00, 0x00,
    0x00, 0x00, 0x00, 0x00, 0x00, 0x00, 0x00, 0x00, 0x00, 0x00, 0x00, 0x00, 0x00, 0x00, 0x00, 0x00,
    0x00, 0x00, 0x00, 0x00, 0x00, 0x00, 0x00, 0x00, 0x00, 0x00, 0x00, 0x00, 0x00, 0x00, 0x00, 0x00,
    0x00, 0x00, 0x00, 0x00, 0x00, 0x00, 0x00, 0x00, 0x00, 0x00, 0x00, 0x00, 0x00, 0x00, 0x00, 0x00,
    0x00, 0x00, 0x00, 0x00, 0x00, 0x00, 0x00, 0x00, 0x00, 0x00, 0x00, 0x00, 0x00, 0x00, 0x00, 0x00,
    0x00, 0x00, 0x00, 0x00, 0x00, 0x00, 0x00, 0x00, 0x00, 0x00, 0x00, 0x00, 0x00, 0x00, 0x00, 0x00,
    0x00, 0x00, 0x00, 0x00, 0x00, 0x00, 0x00, 0x00, 0x00, 0x00, 0x00, 0x00, 0x00, 0x00, 0x00, 0x00,
    0x00, 0x00, 0x00, 0x00, 0x00, 0x00, 0x00, 0x00, 0x00, 0x00, 0x00, 0x00, 0x00, 0x00, 0x00, 0x00,
    0x00, 0x00, 0x00, 0x00, 0x00, 0x00, 0x00, 0x00, 0x00, 0x00, 0x00, 0x00, 0x00, 0x00, 0x00, 0x00,
    0x00, 0x00, 0x00, 0x00, 0x00, 0x00, 0x00, 0x00, 0x00, 0x00, 0x00, 0x00, 0x00, 0x00, 0x00, 0x00,
    0x00, 0x00, 0x00, 0x00, 0x00, 0x00, 0x00, 0x00, 0x00, 0x00, 0x00, 0x00, 0x00, 0x00, 0x00, 0x00,
    0x00, 0x00, 0x00, 0x00, 0x00, 0x00, 0x00, 0x00, 0x00, 0x00, 0x00, 0x00, 0x00, 0x00, 0x00, 0x00,
    0x00, 0x00, 0x00, 0x00, 0x00, 0x00, 0x00, 0x00, 0x00, 0x00, 0x00, 0x00, 0x00, 0x00, 0x00, 0x00,
    0x00, 0x00, 0x00, 0x00, 0x00, 0x00, 0x00, 0x00, 0x00, 0x00, 0x00, 0x00, 0x00, 0x00, 0x00, 0x00,
    0x00, 0x00, 0x00, 0x00, 0x00, 0x00, 0x00, 0x00, 0x00, 0x00, 0x00, 0x00, 0x00, 0x00, 0x00, 0x00,
    0x00, 0x00, 0x00, 0x00, 0x00, 0x00, 0x00, 0x00, 0x00, 0x00, 0x00, 0x00, 0x00, 0x00, 0x00, 0x00,
    0x00, 0x00, 0x00, 0x00, 0x00, 0x00, 0x00, 0x00, 0x00, 0x00, 0x00, 0x00, 0x00, 0x00, 0x00, 0x00,
    0x00, 0x00, 0x00, 0x00, 0x00, 0x00, 0x00, 0x00, 0x00, 0x00, 0x00, 0x00, 0x00, 0x00, 0x00, 0x00,
    0x00, 0x00, 0x00, 0x00, 0x00, 0x00, 0x00, 0x00, 0x00, 0x00, 0x00, 0x00, 0x00, 0x00, 0x00, 0x00,
    0x00, 0x00, 0x00, 0x00, 0x00, 0x00, 0x00, 0x00, 0x00, 0x00, 0x00, 0x00, 0x00, 0x00, 0x00, 0x00,
    0x00, 0x00, 0x00, 0x00, 0x00, 0x00, 0x00, 0x00, 0x00, 0x00, 0x00, 0x00, 0x00, 0x00, 0x00, 0x00,
    0x00, 0x00, 0x00, 0x00, 0x00, 0x00, 0x00, 0x00, 0x00, 0x00, 0x00, 0x00, 0x00, 0x00, 0x00, 0x00,
    0x00, 0x00, 0x00, 0x00, 0x00, 0x00, 0x00, 0x00, 0x00, 0x00, 0x00, 0x00, 0x00, 0x00, 0x00, 0x00,
    0x00, 0x00, 0x00, 0x00, 0x00, 0x00, 0x00, 0x00, 0x00, 0x00, 0x00, 0x00, 0x00, 0x00, 0x00, 0x00,
    0x00, 0x00, 0x00, 0x00, 0x00, 0x00, 0x00, 0x00, 0x00, 0x00, 0x00, 0x00, 0x00, 0x00, 0x00, 0x00,
    0x00, 0x00, 0x00, 0x00, 0x00, 0x00, 0x00, 0x00, 0x00, 0x00, 0x00, 0x00, 0x00, 0x00, 0x00, 0x00,
    0x00, 0x00, 0x00, 0x00, 0x00, 0x00, 0x00, 0x00, 0x00, 0x00, 0x00, 0x00, 0x00, 0x00, 0x00, 0x00,
    0x00, 0x00, 0x00, 0x00, 0x00, 0x00, 0x00, 0x00, 0x00, 0x00, 0x00, 0x00, 0x00, 0x00, 0x00, 0x00,
    0x00, 0x00, 0x00, 0x00, 0x00, 0x00, 0x00, 0x00, 0x00, 0x00, 0x00, 0x00, 0x00, 0x00, 0x00, 0x00,
    0x00, 0x00, 0x00, 0x00, 0x00, 0x00, 0x00, 0x00, 0x00, 0x00, 0x00, 0x00, 0x00, 0x00, 0x00, 0x00,
    0x00, 0x00, 0x00, 0x00, 0x00, 0x00, 0x00, 0x00, 0x00, 0x00, 0x00, 0x00, 0x00, 0x00, 0x00, 0x00,
    0x00, 0x00, 0x00, 0x00, 0x00, 0x00, 0x00, 0x00, 0x00, 0x00, 0x00, 0x00, 0x00, 0x00, 0x00, 0x00,
    0x00, 0x00, 0x00, 0x00, 0x00, 0x00, 0x00, 0x00, 0x00, 0x00, 0x00, 0x00, 0x00, 0x00, 0x00, 0x00,
    0x00, 0x00, 0x00, 0x00, 0x00, 0x00, 0x00, 0x00, 0x00, 0x00, 0x00, 0x00, 0x00, 0x00, 0x00, 0x00,
    0x00, 0x00, 0x00, 0x00, 0x00, 0x00, 0x00, 0x00, 0x00, 0x00, 0x00, 0x00, 0x00, 0x00, 0x00, 0x00,
    0x00, 0x00, 0x00, 0x00, 0x00, 0x00, 0x00, 0x00, 0x00, 0x00, 0x00, 0x00, 0x00, 0x00, 0x00, 0x00,
    0x00, 0x00, 0x00, 0x00, 0x00, 0x00, 0x00, 0x00, 0x00, 0x00, 0x00, 0x00, 0x00, 0x00, 0x00, 0x00,
    0x00, 0x00, 0x00, 0x00, 0x00, 0x00, 0x00, 0x00, 0x00, 0x00, 0x00, 0x00, 0x00, 0x00, 0x00, 0x00,
    0x00, 0x00, 0x00, 0x00, 0x00, 0x00, 0x00, 0x00, 0x00, 0x00, 0x00, 0x00, 0x00, 0x00, 0x00, 0x00,
    0x00, 0x00, 0x00, 0x00, 0x00, 0x00, 0x00, 0x00, 0x00, 0x00, 0x00, 0x00, 0x00, 0x00, 0x00, 0x00,
    0x00, 0x00, 0x00, 0x00, 0x00, 0x00, 0x00, 0x00, 0x00, 0x00, 0x00, 0x00, 0x00, 0x00, 0x00, 0x00,
    0x00, 0x00, 0x00, 0x00, 0x00, 0x00, 0x00, 0x00, 0x00, 0x00, 0x00, 0x00, 0x00, 0x00, 0x00, 0x00,
    0x00, 0x00, 0x00, 0x00, 0x00, 0x00, 0x00, 0x00, 0x00, 0x00, 0x00, 0x00, 0x00, 0x00, 0x00, 0x00,
    0x00, 0x00, 0x00, 0x00, 0x00, 0x00, 0x00, 0x00, 0x00, 0x00, 0x00, 0x00, 0x00, 0x00, 0x00, 0x00,
    0x00, 0x00, 0x00, 0x00, 0x00, 0x00, 0x00, 0x00, 0x00, 0x00, 0x00, 0x00, 0x00, 0x00, 0x00, 0x00,
    0x00, 0x00, 0x00, 0x00, 0x00, 0x00, 0x00, 0x00, 0x00, 0x00, 0x00, 0x00, 0x00, 0x00, 0x00, 0x00,
    0x00, 0x00, 0x00, 0x00, 0x00, 0x00, 0x00, 0x00, 0x00, 0x00, 0x00, 0x00, 0x00, 0x00, 0x00, 0x00,
    0x00, 0x00, 0x00, 0x00, 0x00, 0x00, 0x00, 0x00, 0x00, 0x00, 0x00, 0x00, 0x00, 0x00, 0x00, 0x00,
    0x00, 0x00, 0x00, 0x00, 0x00, 0x00, 0x00, 0x00, 0x00, 0x00, 0x00, 0x00, 0x00, 0x00, 0x00, 0x00,
    0x00, 0x00, 0x00, 0x00, 0x00, 0x00, 0x00, 0x00, 0x00, 0x00, 0x00, 0x00, 0x00, 0x00, 0x00, 0x00,
    0x00, 0x00, 0x00, 0x00, 0x00, 0x00, 0x00, 0x00, 0x00, 0x00, 0x00, 0x00, 0x00, 0x00, 0x00, 0x00,
    0x00, 0x00, 0x00, 0x00, 0x00, 0x00, 0x00, 0x00, 0x00, 0x00, 0x00, 0x00, 0x00, 0x00, 0x00, 0x00,
    0x00, 0x00, 0x00, 0x00, 0x00, 0x00, 0x00, 0x00, 0x00, 0x00, 0x00, 0x00, 0x00, 0x00, 0x00, 0x00,
    0x00, 0x00, 0x00, 0x00, 0x00, 0x00, 0x00, 0x00, 0x00, 0x00, 0x00, 0x00, 0x00, 0x00, 0x00, 0x00,
    0x00, 0x00, 0x00, 0x00, 0x00, 0x00, 0x00, 0x00, 0x00, 0x00, 0x00, 0x00, 0x00, 0x00, 0x00, 0x00,
    0x00, 0x00, 0x00, 0x00, 0x00, 0x00, 0x00, 0x00, 0x00, 0x00, 0x00, 0x00, 0x00, 0x00, 0x00, 0x00,
    0x00, 0x00, 0x00, 0x00, 0x00, 0x00, 0x00, 0x00, 0x00, 0x00, 0x00, 0x00, 0x00, 0x00, 0x00, 0x00,
    0x00, 0x00, 0x00, 0x00, 0x00, 0x00, 0x00, 0x00, 0x00, 0x00, 0x00, 0x00, 0x00, 0x00, 0x00, 0x00,
    0x00, 0x00, 0x00, 0x00, 0x00, 0x00, 0x00, 0x00, 0x00, 0x00, 0x00, 0x00, 0x00, 0x00, 0x00, 0x00,
    0x00, 0x00, 0x00, 0x00, 0x00, 0x00, 0x00, 0x00, 0x00, 0x00, 0x00, 0x00, 0x00, 0x00, 0x00, 0x00,
    0x00, 0x00, 0x00, 0x00, 0x00, 0x00, 0x00, 0x00, 0x00, 0x00, 0x00, 0x00, 0x00, 0x00, 0x00, 0x00,
    0x00, 0x00, 0x00, 0x00, 0x00, 0x00, 0x00, 0x00, 0x00, 0x00, 0x00, 0x00, 0x00, 0x00, 0x00, 0x00,
    0x00, 0x00, 0x00, 0x00, 0x00, 0x00, 0x00, 0x00, 0x00, 0x00, 0x00, 0x00, 0x00, 0x00, 0x00, 0x00,
    0x00, 0x00, 0x00, 0x00, 0x00, 0x00, 0x00, 0x00, 0x00, 0x00, 0x00, 0x00, 0x00, 0x00, 0x00, 0x00,
    0x00, 0x00, 0x00, 0x00, 0x00, 0x00, 0x00, 0x00, 0x00, 0x00, 0x00, 0x00, 0x00, 0x00, 0x00, 0x00,
    0x00, 0x00, 0x00, 0x00, 0x00, 0x00, 0x00, 0x00, 0x00, 0x00, 0x00, 0x00, 0x00, 0x00, 0x00, 0x00,
    0x00, 0x00, 0x00, 0x00, 0x00, 0x00, 0x00, 0x00, 0x00, 0x00, 0x00, 0x00, 0x00, 0x00, 0x00, 0x00,
    0x00, 0x00, 0x00, 0x00, 0x00, 0x00, 0x00, 0x00, 0x00, 0x00, 0x00, 0x00, 0x00, 0x00, 0x00, 0x00,
    0x00, 0x00, 0x00, 0x00, 0x00, 0x00, 0x00, 0x00, 0x00, 0x00, 0x00, 0x00, 0x00, 0x00, 0x00, 0x00,
    0x00, 0x00, 0x00, 0x00, 0x00, 0x00, 0x00, 0x00, 0x00, 0x00, 0x00, 0x00, 0x00, 0x00, 0x00, 0x00,
    0x00, 0x00, 0x00, 0x00, 0x00, 0x00, 0x00, 0x00, 0x00, 0x00, 0x00, 0x00, 0x00, 0x00, 0x00, 0x00,
    0x00, 0x00, 0x00, 0x00, 0x00, 0x00, 0x00, 0x00, 0x00, 0x00, 0x00, 0x00, 0x00, 0x00, 0x00, 0x00,
    0x00, 0x00, 0x00, 0x00, 0x00, 0x00, 0x00, 0x00, 0x00, 0x00, 0x00, 0x00, 0x00, 0x00, 0x00, 0x00,
    0x00, 0x00, 0x00, 0x00, 0x00, 0x00, 0x00, 0x00, 0x00, 0x00, 0x00, 0x00, 0x00, 0x00, 0x00, 0x00,
    0x00, 0x00, 0x00, 0x00, 0x00, 0x00, 0x00, 0x00, 0x00, 0x00, 0x00, 0x00, 0x00, 0x00, 0x00, 0x00,
    0x00, 0x00, 0x00, 0x00, 0x00, 0x00, 0x00, 0x00, 0x00, 0x00, 0x00, 0x00, 0x00, 0x00, 0x00, 0x00,
    0x00, 0x00, 0x00, 0x00, 0x00, 0x00, 0x00, 0x00, 0x00, 0x00, 0x00, 0x00, 0x00, 0x00, 0x00, 0x00,
    0x00, 0x00, 0x00, 0x00, 0x00, 0x00, 0x00, 0x00, 0x00, 0x00, 0x00, 0x00, 0x00, 0x00, 0x00, 0x00,
    0x00, 0x00, 0x00, 0x00, 0x00, 0x00, 0x00, 0x00, 0x00, 0x00, 0x00, 0x00, 0x00, 0x00, 0x00, 0x00,
    0x00, 0x00, 0x00, 0x00, 0x00, 0x00, 0x00, 0x00, 0x00, 0x00, 0x00, 0x00, 0x00, 0x00, 0x00, 0x00,
    0x00, 0x00, 0x00, 0x00, 0x00, 0x00, 0x00, 0x00, 0x00, 0x00, 0x00, 0x00, 0x00, 0x00, 0x00, 0x00,
    0x00, 0x00, 0x00, 0x00, 0x00, 0x00, 0x00, 0x00, 0x00, 0x00, 0x00, 0x00, 0x00, 0x00, 0x00, 0x00,
    0x00, 0x00, 0x00, 0x00, 0x00, 0x00, 0x00, 0x00, 0x00, 0x00, 0x00, 0x00, 0x00, 0x00, 0x00, 0x00,
    0x00, 0x00, 0x00, 0x00, 0x00, 0x00, 0x00, 0x00, 0x00, 0x00, 0x00, 0x00, 0x00, 0x00, 0x00, 0x00,
    0x00, 0x00, 0x00, 0x00, 0x00, 0x00, 0x00, 0x00, 0x00, 0x00, 0x00, 0x00, 0x00, 0x00, 0x00, 0x00,
    0x00, 0x00, 0x00, 0x00, 0x00, 0x00, 0x00, 0x00, 0x00, 0x00, 0x00, 0x00, 0x00, 0x00, 0x00, 0x00,
    0x00, 0x00, 0x00, 0x00, 0x00, 0x00, 0x00, 0x00, 0x00, 0x00, 0x00, 0x00, 0x00, 0x00, 0x00, 0x00,
    0x00, 0x00, 0x00, 0x00, 0x00, 0x00, 0x00, 0x00, 0x00, 0x00, 0x00, 0x00, 0x00, 0x00, 0x00, 0x00,
    0x00, 0x00, 0x00, 0x00, 0x00, 0x00, 0x00, 0x00, 0x00, 0x00, 0x00, 0x00, 0x00, 0x00, 0x00, 0x00,
    0x00, 0x00, 0x00, 0x00, 0x00, 0x00, 0x00, 0x00, 0x00, 0x00, 0x00, 0x00, 0x00, 0x00, 0x00, 0x00,
    0x00, 0x00, 0x00, 0x00, 0x00, 0x00, 0x00, 0x00, 0x00, 0x00, 0x00, 0x00, 0x00, 0x00, 0x00, 0x00,
    0x00, 0x00, 0x00, 0x00, 0x00, 0x00, 0x00, 0x00, 0x00, 0x00, 0x00, 0x00, 0x00, 0x00, 0x00, 0x00,
    0x00, 0x00, 0x00, 0x00, 0x00, 0x00, 0x00, 0x00, 0x00, 0x00, 0x00, 0x00, 0x00, 0x00, 0x00, 0x00,
    0x00, 0x00, 0x00, 0x00, 0x00, 0x00, 0x00, 0x00, 0x00, 0x00, 0x00, 0x00, 0x00, 0x00, 0x00, 0x00,
    0x00, 0x00, 0x00, 0x00, 0x00, 0x00, 0x00, 0x00, 0x00, 0x00, 0x00, 0x00, 0x00, 0x00, 0x00, 0x00,
    0x00, 0x00, 0x00, 0x00, 0x00, 0x00, 0x00, 0x00, 0x00, 0x00, 0x00, 0x00, 0x00, 0x00, 0x00, 0x00,
    0x00, 0x00, 0x00, 0x00, 0x00, 0x00, 0x00, 0x00, 0x00, 0x00, 0x00, 0x00, 0x00, 0x00, 0x00, 0x00,
    0x00, 0x00, 0x00, 0x00, 0x00, 0x00, 0x00, 0x00, 0x00, 0x00, 0x00, 0x00, 0x00, 0x00, 0x00, 0x00,
    0x00, 0x00, 0x00, 0x00, 0x00, 0x00, 0x00, 0x00, 0x00, 0x00, 0x00, 0x00, 0x00, 0x00, 0x00, 0x00,
    0x00, 0x00, 0x00, 0x00, 0x00, 0x00, 0x00, 0x00, 0x00, 0x00, 0x00, 0x00, 0x00, 0x00, 0x00, 0x00,
    0x00, 0x00, 0x00, 0x00, 0x00, 0x00, 0x00, 0x00, 0x00, 0x00, 0x00, 0x00, 0x00, 0x00, 0x00, 0x00,
    0x00, 0x00, 0x00, 0x00, 0x00, 0x00, 0x00, 0x00, 0x00, 0x00, 0x00, 0x00, 0x00, 0x00, 0x00, 0x00,
    0x00, 0x00, 0x00, 0x00, 0x00, 0x00, 0x00, 0x00, 0x00, 0x00, 0x00, 0x00, 0x00, 0x00, 0x00, 0x00,
    0x00, 0x00, 0x00, 0x00, 0x00, 0x00, 0x00, 0x00, 0x00, 0x00, 0x00, 0x00, 0x00, 0x00, 0x00, 0x00,
    0x00, 0x00, 0x00, 0x00, 0x00, 0x00, 0x00, 0x00, 0x00, 0x00, 0x00, 0x00, 0x00, 0x00, 0x00, 0x00,
    0x00, 0x00, 0x00, 0x00, 0x00, 0x00, 0x00, 0x00, 0x00, 0x00, 0x00, 0x00, 0x00, 0x00, 0x00, 0x00,
    0x00, 0x00, 0x00, 0x00, 0x00, 0x00, 0x00, 0x00, 0x00, 0x00, 0x00, 0x00, 0x00, 0x00, 0x00, 0x00,
    0x00, 0x00, 0x00, 0x00, 0x00, 0x00, 0x00, 0x00, 0x00, 0x00, 0x00, 0x00, 0x00, 0x00, 0x00, 0x00,
    0x00, 0x00, 0x00, 0x00, 0x00, 0x00, 0x00, 0x00, 0x00, 0x00, 0x00, 0x00, 0x00, 0x00, 0x00, 0x00,
    0x00, 0x00, 0x00, 0x00, 0x00, 0x00, 0x00, 0x00, 0x00, 0x00, 0x00, 0x00, 0x00, 0x00, 0x00, 0x00,
    0x00, 0x00, 0x00, 0x00, 0x00, 0x00, 0x00, 0x00, 0x00, 0x00, 0x00, 0x00, 0x00, 0x00, 0x00, 0x00,
    0x00, 0x00, 0x00, 0x00, 0x00, 0x00, 0x00, 0x00, 0x00, 0x00, 0x00, 0x00, 0x00, 0x00, 0x00, 0x00,
    0x00, 0x00, 0x00, 0x00, 0x00, 0x00, 0x00, 0x00, 0x00, 0x00, 0x00, 0x00, 0x00, 0x00, 0x00, 0x00,
    0x00, 0x00, 0x00, 0x00, 0x00, 0x00, 0x00, 0x00, 0x00, 0x00, 0x00, 0x00, 0x00, 0x00, 0x00, 0x00,
    0x00, 0x00, 0x00, 0x00, 0x00, 0x00, 0x00, 0x00, 0x00, 0x00, 0x00, 0x00, 0x00, 0x00, 0x00, 0x00,
    0x00, 0x00, 0x00, 0x00, 0x00, 0x00, 0x00, 0x00, 0x00, 0x00, 0x00, 0x00, 0x00, 0x00, 0x00, 0x00,
    0x00, 0x00, 0x00, 0x00, 0x00, 0x00, 0x00, 0x00, 0x00, 0x00, 0x00, 0x00, 0x00, 0x00, 0x00, 0x00,
    0x00, 0x00, 0x00, 0x00, 0x00, 0x00, 0x00, 0x00, 0x00, 0x00, 0x00, 0x00, 0x00, 0x00, 0x00, 0x00,
    0x00, 0x00, 0x00, 0x00, 0x00, 0x00, 0x00, 0x00, 0x00, 0x00, 0x00, 0x00, 0x00, 0x00, 0x00, 0x00,
    0x00, 0x00, 0x00, 0x00, 0x00, 0x00, 0x00, 0x00, 0x00, 0x00, 0x00, 0x00, 0x00, 0x00, 0x00, 0x00,
    0x00, 0x00, 0x00, 0x00, 0x00, 0x00, 0x00, 0x00, 0x00, 0x00, 0x00, 0x00, 0x00, 0x00, 0x00, 0x00,
    0x00, 0x00, 0x00, 0x00, 0x00, 0x00, 0x00, 0x00, 0x00, 0x00, 0x00, 0x00, 0x00, 0x00, 0x00, 0x00,
    0x00, 0x00, 0x00, 0x00, 0x00, 0x00, 0x00, 0x00, 0x00, 0x00, 0x00, 0x00, 0x00, 0x00, 0x00, 0x00,
    0x00, 0x00, 0x00, 0x00, 0x00, 0x00, 0x00, 0x00, 0x00, 0x00, 0x00, 0x00, 0x00, 0x00, 0x00, 0x00,
    0x00, 0x00, 0x00, 0x00, 0x00, 0x00, 0x00, 0x00, 0x00, 0x00, 0x00, 0x00, 0x00, 0x00, 0x00, 0x00,
    0x00, 0x00, 0x00, 0x00, 0x00, 0x00, 0x00, 0x00, 0x00, 0x00, 0x00, 0x00, 0x00, 0x00, 0x00, 0x00,
    0x00, 0x00, 0x00, 0x00, 0x00, 0x00, 0x00, 0x00, 0x00, 0x00, 0x00, 0x00, 0x00, 0x00, 0x00, 0x00,
    0x00, 0x00, 0x00, 0x00, 0x00, 0x00, 0x00, 0x00, 0x00, 0x00, 0x00, 0x00, 0x00, 0x00, 0x00, 0x00,
    0x00, 0x00, 0x00, 0x00, 0x00, 0x00, 0x00, 0x00, 0x00, 0x00, 0x00, 0x00, 0x00, 0x00, 0x00, 0x00,
    0x00, 0x00, 0x00, 0x00, 0x00, 0x00, 0x00, 0x00, 0x00, 0x00, 0x00, 0x00, 0x00, 0x00, 0x00, 0x00,
    0x00, 0x00, 0x00, 0x00, 0x00, 0x00, 0x00, 0x00, 0x00, 0x00, 0x00, 0x00, 0x00, 0x00, 0x00, 0x00,
    0x00, 0x00, 0x00, 0x00, 0x00, 0x00, 0x00, 0x00, 0x00, 0x00, 0x00, 0x00, 0x00, 0x00, 0x00, 0x00,
    0x00, 0x00, 0x00, 0x00, 0x00, 0x00, 0x00, 0x00, 0x00, 0x00, 0x00, 0x00, 0x00, 0x00, 0x00, 0x00,
    0x00, 0x00, 0x00, 0x00, 0x00, 0x00, 0x00, 0x00, 0x00, 0x00, 0x00, 0x00, 0x00, 0x00, 0x00, 0x00,
    0x00, 0x00, 0x00, 0x00, 0x00, 0x00, 0x00, 0x00, 0x00, 0x00, 0x00, 0x00, 0x00, 0x00, 0x00, 0x00,
    0x00, 0x00, 0x00, 0x00, 0x00, 0x00, 0x00, 0x00, 0x00, 0x00, 0x00, 0x00, 0x00, 0x00, 0x00, 0x00,
    0x00, 0x00, 0x00, 0x00, 0x00, 0x00, 0x00, 0x00, 0x00, 0x00, 0x00, 0x00, 0x00, 0x00, 0x00, 0x00,
    0x00, 0x00, 0x00, 0x00, 0x00, 0x00, 0x00, 0x00, 0x00, 0x00, 0x00, 0x00, 0x00, 0x00, 0x00, 0x00,
    0x00, 0x00, 0x00, 0x00, 0x00, 0x00, 0x00, 0x00, 0x00, 0x00, 0x00, 0x00, 0x00, 0x00, 0x00, 0x00,
    0x00, 0x00, 0x00, 0x00, 0x00, 0x00, 0x00, 0x00, 0x00, 0x00, 0x00, 0x00, 0x00, 0x00, 0x00, 0x00,
    0x00, 0x00, 0x00, 0x00, 0x00, 0x00, 0x00, 0x00, 0x00, 0x00, 0x00, 0x00, 0x00, 0x00, 0x00, 0x00,
    0x00, 0x00, 0x00, 0x00, 0x00, 0x00, 0x00, 0x00, 0x00, 0x00, 0x00, 0x00, 0x00, 0x00, 0x00, 0x00,
    0x00, 0x00, 0x00, 0x00, 0x00, 0x00, 0x00, 0x00, 0x00, 0x00, 0x00, 0x00, 0x00, 0x00, 0x00, 0x00,
    0x00, 0x00, 0x00, 0x00, 0x00, 0x00, 0x00, 0x00, 0x00, 0x00, 0x00, 0x00, 0x00, 0x00, 0x00, 0x00,
    0x00, 0x00, 0x00, 0x00, 0x00, 0x00, 0x00, 0x00, 0x00, 0x00, 0x00, 0x00, 0x00, 0x00, 0x00, 0x00,
    0x00, 0x00, 0x00, 0x00, 0x00, 0x00, 0x00, 0x00, 0x00, 0x00, 0x00, 0x00, 0x00, 0x00, 0x00, 0x00,
    0x00, 0x00, 0x00, 0x00, 0x00, 0x00, 0x00, 0x00, 0x00, 0x00, 0x00, 0x00, 0x00, 0x00, 0x00, 0x00,
    0x00, 0x00, 0x00, 0x00, 0x00, 0x00, 0x00, 0x00, 0x00, 0x00, 0x00, 0x00, 0x00, 0x00, 0x00, 0x00,
    0x00, 0x00, 0x00, 0x00, 0x00, 0x00, 0x00, 0x00, 0x00, 0x00, 0x00, 0x00, 0x00, 0x00, 0x00, 0x00,
    0x00, 0x00, 0x00, 0x00, 0x00, 0x00, 0x00, 0x00, 0x00, 0x00, 0x00, 0x00, 0x00, 0x00, 0x00, 0x00,
    0x00, 0x00, 0x00, 0x00, 0x00, 0x00, 0x00, 0x00, 0x00, 0x00, 0x00, 0x00, 0x00, 0x00, 0x00, 0x00,
    0x00, 0x00, 0x00, 0x00, 0x00, 0x00, 0x00, 0x00, 0x00, 0x00, 0x00, 0x00, 0x00, 0x00, 0x00, 0x00,
    0x00, 0x00, 0x00, 0x00, 0x00, 0x00, 0x00, 0x00, 0x00, 0x00, 0x00, 0x00, 0x00, 0x00, 0x00, 0x00,
    0x00, 0x00, 0x00, 0x00, 0x00, 0x00, 0x00, 0x00, 0x00, 0x00, 0x00, 0x00, 0x00, 0x00, 0x00, 0x00,
    0x00, 0x00, 0x00, 0x00, 0x00, 0x00, 0x00, 0x00, 0x00, 0x00, 0x00, 0x00, 0x00, 0x00, 0x00, 0x00,
    0x00, 0x00, 0x00, 0x00, 0x00, 0x00, 0x00, 0x00, 0x00, 0x00, 0x00, 0x00, 0x00, 0x00, 0x00, 0x00,
    0x00, 0x00, 0x00, 0x00, 0x00, 0x00, 0x00, 0x00, 0x00, 0x00, 0x00, 0x00, 0x00, 0x00, 0x00, 0x00,
    0x00, 0x00, 0x00, 0x00, 0x00, 0x00, 0x00, 0x00, 0x00, 0x00, 0x00, 0x00, 0x00, 0x00, 0x00, 0x00,
    0x00, 0x00, 0x00, 0x00, 0x00, 0x00, 0x00, 0x00, 0x00, 0x00, 0x00, 0x00, 0x00, 0x00, 0x00, 0x00,
    0x00, 0x00, 0x00, 0x00, 0x00, 0x00, 0x00, 0x00, 0x00, 0x00, 0x00, 0x00, 0x00, 0x00, 0x00, 0x00,
    0x00, 0x00, 0x00, 0x00, 0x00, 0x00, 0x00, 0x00, 0x00, 0x00, 0x00, 0x00, 0x00, 0x00, 0x00, 0x00,
    0x00, 0x00, 0x00, 0x00, 0x00, 0x00, 0x00, 0x00, 0x00, 0x00, 0x00, 0x00, 0x00, 0x00, 0x00, 0x00,
    0x00, 0x00, 0x00, 0x00, 0x00, 0x00, 0x00, 0x00, 0x00, 0x00, 0x00, 0x00, 0x00, 0x00, 0x00, 0x00,
    0x00, 0x00, 0x00, 0x00, 0x00, 0x00, 0x00, 0x00, 0x00, 0x00, 0x00, 0x00, 0x00, 0x00, 0x00, 0x00,
    0x00, 0x00, 0x00, 0x00, 0x00, 0x00, 0x00, 0x00, 0x00, 0x00, 0x00, 0x00, 0x00, 0x00, 0x00, 0x00,
    0x00, 0x00, 0x00, 0x00, 0x00, 0x00, 0x00, 0x00, 0x00, 0x00, 0x00, 0x00, 0x00, 0x00, 0x00, 0x00,
    0x00, 0x00, 0x00, 0x00, 0x00, 0x00, 0x00, 0x00, 0x00, 0x00, 0x00, 0x00, 0x00, 0x00, 0x00, 0x00,
    0x00, 0x00, 0x00, 0x00, 0x00, 0x00, 0x00, 0x00, 0x00, 0x00, 0x00, 0x00, 0x00, 0x00, 0x00, 0x00,
    0x00, 0x00, 0x00, 0x00, 0x00, 0x00, 0x00, 0x00, 0x00, 0x00, 0x00, 0x00, 0x00, 0x00, 0x00, 0x00,
    0x00, 0x00, 0x00, 0x00, 0x00, 0x00, 0x00, 0x00, 0x00, 0x00, 0x00, 0x00, 0x00, 0x00, 0x00, 0x00,
    0x00, 0x00, 0x00, 0x00, 0x00, 0x00, 0x00, 0x00, 0x00, 0x00, 0x00, 0x00, 0x00, 0x00, 0x00, 0x00,
    0x00, 0x00, 0x00, 0x00, 0x00, 0x00, 0x00, 0x00, 0x00, 0x00, 0x00, 0x00, 0x00, 0x00, 0x00, 0x00,
    0x00, 0x00, 0x00, 0x00, 0x00, 0x00, 0x00, 0x00, 0x00, 0x00, 0x00, 0x00, 0x00, 0x00, 0x00, 0x00,
    0x00, 0x00, 0x00, 0x00, 0x00, 0x00, 0x00, 0x00, 0x00, 0x00, 0x00, 0x00, 0x00, 0x00, 0x00, 0x00,
    0x00, 0x00, 0x00, 0x00, 0x00, 0x00, 0x00, 0x00, 0x00, 0x00, 0x00, 0x00, 0x00, 0x00, 0x00, 0x00,
    0x00, 0x00, 0x00, 0x00, 0x00, 0x00, 0x00, 0x00, 0x00, 0x00, 0x00, 0x00, 0x00, 0x00, 0x00, 0x00,
    0x00, 0x00, 0x00, 0x00, 0x00, 0x00, 0x00, 0x00, 0x00, 0x00, 0x00, 0x00, 0x00, 0x00, 0x00, 0x00,
    0x00, 0x00, 0x00, 0x00, 0x00, 0x00, 0x00, 0x00, 0x00, 0x00, 0x00, 0x00, 0x00, 0x00, 0x00, 0x00,
    0x00, 0x00, 0x00, 0x00, 0x00, 0x00, 0x00, 0x00, 0x00, 0x00, 0x00, 0x00, 0x00, 0x00, 0x00, 0x00,
    0x00, 0x00, 0x00, 0x00, 0x00, 0x00, 0x00, 0x00, 0x00, 0x00, 0x00, 0x00, 0x00, 0x00, 0x00, 0x00,
    0x00, 0x00, 0x00, 0x00, 0x00, 0x00, 0x00, 0x00, 0x00, 0x00, 0x00, 0x00, 0x00, 0x00, 0x00, 0x00,
    0x00, 0x00, 0x00, 0x00, 0x00, 0x00, 0x00, 0x00, 0x00, 0x00, 0x00, 0x00, 0x00, 0x00, 0x00, 0x00,
    0x00, 0x00, 0x00, 0x00, 0x00, 0x00, 0x00, 0x00, 0x00, 0x00, 0x00, 0x00, 0x00, 0x00, 0x00, 0x00,
    0x00, 0x00, 0x00, 0x00, 0x00, 0x00, 0x00, 0x00, 0x00, 0x00, 0x00, 0x00, 0x00, 0x00, 0x00, 0x00,
    0x00, 0x00, 0x00, 0x00, 0x00, 0x00, 0x00, 0x00, 0x00, 0x00, 0x00, 0x00, 0x00, 0x00, 0x00, 0x00,
    0x00, 0x00, 0x00, 0x00, 0x00, 0x00, 0x00, 0x00, 0x00, 0x00, 0x00, 0x00, 0x00, 0x00, 0x00, 0x00,
    0x00, 0x00, 0x00, 0x00, 0x00, 0x00, 0x00, 0x00, 0x00, 0x00, 0x00, 0x00, 0x00, 0x00, 0x00, 0x00,
    0x00, 0x00, 0x00, 0x00, 0x00, 0x00, 0x00, 0x00, 0x00, 0x00, 0x00, 0x00, 0x00, 0x00, 0x00, 0x00,
    0x00, 0x00, 0x00, 0x00, 0x00, 0x00, 0x00, 0x00, 0x00, 0x00, 0x00, 0x00, 0x00, 0x00, 0x00, 0x00,
    0x00, 0x00, 0x00, 0x00, 0x00, 0x00, 0x00, 0x00, 0x00, 0x00, 0x00, 0x00, 0x00, 0x00, 0x00, 0x00,
    0x00, 0x00, 0x00, 0x00, 0x00, 0x00, 0x00, 0x00, 0x00, 0x00, 0x00, 0x00, 0x00, 0x00, 0x00, 0x00,
    0x00, 0x00, 0x00, 0x00, 0x00, 0x00, 0x00, 0x00, 0x00, 0x00, 0x00, 0x00, 0x00, 0x00, 0x00, 0x00,
    0x00, 0x00, 0x00, 0x00, 0x00, 0x00, 0x00, 0x00, 0x00, 0x00, 0x00, 0x00, 0x00, 0x00, 0x00, 0x00,
    0x00, 0x00, 0x00, 0x00, 0x00, 0x00, 0x00, 0x00, 0x00, 0x00, 0x00, 0x00, 0x00, 0x00, 0x00, 0x00,
    0x00, 0x00, 0x00, 0x00, 0x00, 0x00, 0x00, 0x00, 0x00, 0x00, 0x00, 0x00, 0x00, 0x00, 0x00, 0x00,
    0x00, 0x00, 0x00, 0x00, 0x00, 0x00, 0x00, 0x00, 0x00, 0x00, 0x00, 0x00, 0x00, 0x00, 0x00, 0x00,
    0x00, 0x00, 0x00, 0x00, 0x00, 0x00, 0x00, 0x00, 0x00, 0x00, 0x00, 0x00, 0x00, 0x00, 0x00, 0x00,
    0x00, 0x00, 0x00, 0x00, 0x00, 0x00, 0x00, 0x00, 0x00, 0x00, 0x00, 0x00, 0x00, 0x00, 0x00, 0x00,
    0x00, 0x00, 0x00, 0x00, 0x00, 0x00, 0x00, 0x00, 0x00, 0x00, 0x00, 0x00, 0x00, 0x00, 0x00, 0x00,
    0x00, 0x00, 0x00, 0x00, 0x00, 0x00, 0x00, 0x00, 0x00, 0x00, 0x00, 0x00, 0x00, 0x00, 0x00, 0x00,
    0x00, 0x00, 0x00, 0x00, 0x00, 0x00, 0x00, 0x00, 0x00, 0x00, 0x00, 0x00, 0x00, 0x00, 0x00, 0x00,
    0x00, 0x00, 0x00, 0x00, 0x00, 0x00, 0x00, 0x00, 0x00, 0x00, 0x00, 0x00, 0x00, 0x00, 0x00, 0x00,
    0x00, 0x00, 0x00, 0x00, 0x00, 0x00, 0x00, 0x00, 0x00, 0x00, 0x00, 0x00, 0x00, 0x00, 0x00, 0x00,
    0x00, 0x00, 0x00, 0x00, 0x00, 0x00, 0x00, 0x00, 0x00, 0x00, 0x00, 0x00, 0x00, 0x00, 0x00, 0x00,
    0x00, 0x00, 0x00, 0x00, 0x00, 0x00, 0x00, 0x00, 0x00, 0x00, 0x00, 0x00, 0x00, 0x00, 0x00, 0x00,
    0x00, 0x00, 0x00, 0x00, 0x00, 0x00, 0x00, 0x00, 0x00, 0x00, 0x00, 0x00, 0x00, 0x00, 0x00, 0x00,
    0x00, 0x00, 0x00, 0x00, 0x00, 0x00, 0x00, 0x00, 0x00, 0x00, 0x00, 0x00, 0x00, 0x00, 0x00, 0x00,
    0x00, 0x00, 0x00, 0x00, 0x00, 0x00, 0x00, 0x00, 0x00, 0x00, 0x00, 0x00, 0x00, 0x00, 0x00, 0x00,
    0x00, 0x00, 0x00, 0x00, 0x00, 0x00, 0x00, 0x00, 0x00, 0x00, 0x00, 0x00, 0x00, 0x00, 0x00, 0x00,
    0x00, 0x00, 0x00, 0x00, 0x00, 0x00, 0x00, 0x00, 0x00, 0x00, 0x00, 0x00, 0x00, 0x00, 0x00, 0x00,
    0x00, 0x00, 0x00, 0x00, 0x00, 0x00, 0x00, 0x00, 0x00, 0x00, 0x00, 0x00, 0x00, 0x00, 0x00, 0x00,
    0x00, 0x00, 0x00, 0x00, 0x00, 0x00, 0x00, 0x00, 0x00, 0x00, 0x00, 0x00, 0x00, 0x00, 0x00, 0x00,
    0x00, 0x00, 0x00, 0x00, 0x00, 0x00, 0x00, 0x00, 0x00, 0x00, 0x00, 0x00, 0x00, 0x00, 0x00, 0x00,
    0x00, 0x00, 0x00, 0x00, 0x00, 0x00, 0x00, 0x00, 0x00, 0x00, 0x00, 0x00, 0x00, 0x00, 0x00, 0x00,
    0x00, 0x00, 0x00, 0x00, 0x00, 0x00, 0x00, 0x00, 0x00, 0x00, 0x00, 0x00, 0x00, 0x00, 0x00, 0x00,
    0x00, 0x00, 0x00, 0x00, 0x00, 0x00, 0x00, 0x00, 0x00, 0x00, 0x00, 0x00, 0x00, 0x00, 0x00, 0x00,
    0x00, 0x00, 0x00, 0x00, 0x00, 0x00, 0x00, 0x00, 0x00, 0x00, 0x00, 0x00, 0x00, 0x00, 0x00, 0x00,
    0x00, 0x00, 0x00, 0x00, 0x00, 0x00, 0x00, 0x00, 0x00, 0x00, 0x00, 0x00, 0x00, 0x00, 0x00, 0x00,
    0x00, 0x00, 0x00, 0x00, 0x00, 0x00, 0x00, 0x00, 0x00, 0x00, 0x00, 0x00, 0x00, 0x00, 0x00, 0x00,
    0x00, 0x00, 0x00, 0x00, 0x00, 0x00, 0x00, 0x00, 0x00, 0x00, 0x00, 0x00, 0x00, 0x00, 0x00, 0x00,
    0x00, 0x00, 0x00, 0x00, 0x00, 0x00, 0x00, 0x00, 0x00, 0x00, 0x00, 0x00, 0x00, 0x00, 0x00, 0x00,
    0x00, 0x00, 0x00, 0x00, 0x00, 0x00, 0x00, 0x00, 0x00, 0x00, 0x00, 0x00, 0x00, 0x00, 0x00, 0x00,
    0x00, 0x00, 0x00, 0x00, 0x00, 0x00, 0x00, 0x00, 0x00, 0x00, 0x00, 0x00, 0x00, 0x00, 0x00, 0x00,
    0x00, 0x00, 0x00, 0x00, 0x00, 0x00, 0x00, 0x00, 0x00, 0x00, 0x00, 0x00, 0x00, 0x00, 0x00, 0x00,
    0x00, 0x00, 0x00, 0x00, 0x00, 0x00, 0x00, 0x00, 0x00, 0x00, 0x00, 0x00, 0x00, 0x00, 0x00, 0x00,
    0x00, 0x00, 0x00, 0x00, 0x00, 0x00, 0x00, 0x00, 0x00, 0x00, 0x00, 0x00, 0x00, 0x00, 0x00, 0x00,
    0x00, 0x00, 0x00, 0x00, 0x00, 0x00, 0x00, 0x00, 0x00, 0x00, 0x00, 0x00, 0x00, 0x00, 0x00, 0x00,
    0x00, 0x00, 0x00, 0x00, 0x00, 0x00, 0x00, 0x00, 0x00, 0x00, 0x00, 0x00, 0x00, 0x00, 0x00, 0x00,
    0x00, 0x00, 0x00, 0x00, 0x00, 0x00, 0x00, 0x00, 0x00, 0x00, 0x00, 0x00, 0x00, 0x00, 0x00, 0x00,
    0x00, 0x00, 0x00, 0x00, 0x00, 0x00, 0x00, 0x00, 0x00, 0x00, 0x00, 0x00, 0x00, 0x00, 0x00, 0x00,
    0x00, 0x00, 0x00, 0x00, 0x00, 0x00, 0x00, 0x00, 0x00, 0x00, 0x00, 0x00, 0x00, 0x00, 0x00, 0x00,
    0x00, 0x00, 0x00, 0x00, 0x00, 0x00, 0x00, 0x00, 0x00, 0x00, 0x00, 0x00, 0x00, 0x00, 0x00, 0x00,
    0x00, 0x00, 0x00, 0x00, 0x00, 0x00, 0x00, 0x00, 0x00, 0x00, 0x00, 0x00, 0x00, 0x00, 0x00, 0x00,
    0x00, 0x00, 0x00, 0x00, 0x00, 0x00, 0x00, 0x00, 0x00, 0x00, 0x00, 0x00, 0x00, 0x00, 0x00, 0x00,
    0x00, 0x00, 0x00, 0x00, 0x00, 0x00, 0x00, 0x00, 0x00, 0x00, 0x00, 0x00, 0x00, 0x00, 0x00, 0x00,
    0x00, 0x00, 0x00, 0x00, 0x00, 0x00, 0x00, 0x00, 0x00, 0x00, 0x00, 0x00, 0x00, 0x00, 0x00, 0x00,
    0x00, 0x00, 0x00, 0x00, 0x00, 0x00, 0x00, 0x00, 0x00, 0x00, 0x00, 0x00, 0x00, 0x00, 0x00, 0x00,
    0x00, 0x00, 0x00, 0x00, 0x00, 0x00, 0x00, 0x00, 0x00, 0x00, 0x00, 0x00, 0x00, 0x00, 0x00, 0x00,
    0x00, 0x00, 0x00, 0x00, 0x00, 0x00, 0x00, 0x00, 0x00, 0x00, 0x00, 0x00, 0x00, 0x00, 0x00, 0x00,
    0x00, 0x00, 0x00, 0x00, 0x00, 0x00, 0x00, 0x00, 0x00, 0x00, 0x00, 0x00, 0x00, 0x00, 0x00, 0x00,
    0x00, 0x00, 0x00, 0x00, 0x00, 0x00, 0x00, 0x00, 0x00, 0x00, 0x00, 0x00, 0x00, 0x00, 0x00, 0x00,
    0x00, 0x00, 0x00, 0x00, 0x00, 0x00, 0x00, 0x00, 0x00, 0x00, 0x00, 0x00, 0x00, 0x00, 0x00, 0x00,
    0x00, 0x00, 0x00, 0x00, 0x00, 0x00, 0x00, 0x00, 0x00, 0x00, 0x00, 0x00, 0x00, 0x00, 0x00, 0x00,
    0x00, 0x00, 0x00, 0x00, 0x00, 0x00, 0x00, 0x00, 0x00, 0x00, 0x00, 0x00, 0x00, 0x00, 0x00, 0x00,
    0x00, 0x00, 0x00, 0x00, 0x00, 0x00, 0x00, 0x00, 0x00, 0x00, 0x00, 0x00, 0x00, 0x00, 0x00, 0x00,
    0x00, 0x00, 0x00, 0x00, 0x00, 0x00, 0x00, 0x00, 0x00, 0x00, 0x00, 0x00, 0x00, 0x00, 0x00, 0x00,
    0x00, 0x00, 0x00, 0x00, 0x00, 0x00, 0x00, 0x00, 0x00, 0x00, 0x00, 0x00, 0x00, 0x00, 0x00, 0x00,
    0x00, 0x00, 0x00, 0x00, 0x00, 0x00, 0x00, 0x00, 0x00, 0x00, 0x00, 0x00, 0x00, 0x00, 0x00, 0x00,
    0x00, 0x00, 0x00, 0x00, 0x00, 0x00, 0x00, 0x00, 0x00, 0x00, 0x00, 0x00, 0x00, 0x00, 0x00, 0x00,
    0x00, 0x00, 0x00, 0x00, 0x00, 0x00, 0x00, 0x00, 0x00, 0x00, 0x00, 0x00, 0x00, 0x00, 0x00, 0x00,
    0x00, 0x00, 0x00, 0x00, 0x00, 0x00, 0x00, 0x00, 0x00, 0x00, 0x00, 0x00, 0x00, 0x00, 0x00, 0x00,
    0x00, 0x00, 0x00, 0x00, 0x00, 0x00, 0x00, 0x00, 0x00, 0x00, 0x00, 0x00, 0x00, 0x00, 0x00, 0x00,
    0x00, 0x00, 0x00, 0x00, 0x00, 0x00, 0x00, 0x00, 0x00, 0x00, 0x00, 0x00, 0x00, 0x00, 0x00, 0x00,
    0x00, 0x00, 0x00, 0x00, 0x00, 0x00, 0x00, 0x00, 0x00, 0x00, 0x00, 0x00, 0x00, 0x00, 0x00, 0x00,
    0x00, 0x00, 0x00, 0x00, 0x00, 0x00, 0x00, 0x00, 0x00, 0x00, 0x00, 0x00, 0x00, 0x00, 0x00, 0x00,
    0x00, 0x00, 0x00, 0x00, 0x00, 0x00, 0x00, 0x00, 0x00, 0x00, 0x00, 0x00, 0x00, 0x00, 0x00, 0x00,
    0x00, 0x00, 0x00, 0x00, 0x00, 0x00, 0x00, 0x00, 0x00, 0x00, 0x00, 0x00, 0x00, 0x00, 0x00, 0x00,
    0x00, 0x00, 0x00, 0x00, 0x00, 0x00, 0x00, 0x00, 0x00, 0x00, 0x00, 0x00, 0x00, 0x00, 0x00, 0x00,
    0x00, 0x00, 0x00, 0x00, 0x00, 0x00, 0x00, 0x00, 0x00, 0x00, 0x00, 0x00, 0x00, 0x00, 0x00, 0x00,
    0x00, 0x00, 0x00, 0x00, 0x00, 0x00, 0x00, 0x00, 0x00, 0x00, 0x00, 0x00, 0x00, 0x00, 0x00, 0x00,
    0x00, 0x00, 0x00, 0x00, 0x00, 0x00, 0x00, 0x00, 0x00, 0x00, 0x00, 0x00, 0x00, 0x00, 0x00, 0x00,
    0x00, 0x00, 0x00, 0x00, 0x00, 0x00, 0x00, 0x00, 0x00, 0x00, 0x00, 0x00, 0x00, 0x00, 0x00, 0x00,
    0x00, 0x00, 0x00, 0x00, 0x00, 0x00, 0x00, 0x00, 0x00, 0x00, 0x00, 0x00, 0x00, 0x00, 0x00, 0x00,
    0x00, 0x00, 0x00, 0x00, 0x00, 0x00, 0x00, 0x00, 0x00, 0x00, 0x00, 0x00, 0x00, 0x00, 0x00, 0x00,
    0x00, 0x00, 0x00, 0x00, 0x00, 0x00, 0x00, 0x00, 0x00, 0x00, 0x00, 0x00, 0x00, 0x00, 0x00, 0x00,
    0x00, 0x00, 0x00, 0x00, 0x00, 0x00, 0x00, 0x00, 0x00, 0x00, 0x00, 0x00, 0x00, 0x00, 0x00, 0x00,
    0x00, 0x00, 0x00, 0x00, 0x00, 0x00, 0x00, 0x00, 0x00, 0x00, 0x00, 0x00, 0x00, 0x00, 0x00, 0x00,
    0x00, 0x00, 0x00, 0x00, 0x00, 0x00, 0x00, 0x00, 0x00, 0x00, 0x00, 0x00, 0x00, 0x00, 0x00, 0x00,
    0x00, 0x00, 0x00, 0x00, 0x00, 0x00, 0x00, 0x00, 0x00, 0x00, 0x00, 0x00, 0x00, 0x00, 0x00, 0x00,
    0x00, 0x00, 0x00, 0x00, 0x00, 0x00, 0x00, 0x00, 0x00, 0x00, 0x00, 0x00, 0x00, 0x00, 0x00, 0x00,
    0x00, 0x00, 0x00, 0x00, 0x00, 0x00, 0x00, 0x00, 0x00, 0x00, 0x00, 0x00, 0x00, 0x00, 0x00, 0x00,
    0x00, 0x00, 0x00, 0x00, 0x00, 0x00, 0x00, 0x00, 0x00, 0x00, 0x00, 0x00, 0x00, 0x00, 0x00, 0x00,
    0x00, 0x00, 0x00, 0x00, 0x00, 0x00, 0x00, 0x00, 0x00, 0x00, 0x00, 0x00, 0x00, 0x00, 0x00, 0x00,
    0x00, 0x00, 0x00, 0x00, 0x00, 0x00, 0x00, 0x00, 0x00, 0x00, 0x00, 0x00, 0x00, 0x00, 0x00, 0x00,
    0x00, 0x00, 0x00, 0x00, 0x00, 0x00, 0x00, 0x00, 0x00, 0x00, 0x00, 0x00, 0x00, 0x00, 0x00, 0x00,
    0x00, 0x00, 0x00, 0x00, 0x00, 0x00, 0x00, 0x00, 0x00, 0x00, 0x00, 0x00, 0x00, 0x00, 0x00, 0x00,
    0x00, 0x00, 0x00, 0x00, 0x00, 0x00, 0x00, 0x00, 0x00, 0x00, 0x00, 0x00, 0x00, 0x00, 0x00, 0x00,
    0x00, 0x00, 0x00, 0x00, 0x00, 0x00, 0x00, 0x00, 0x00, 0x00, 0x00, 0x00, 0x00, 0x00, 0x00, 0x00,
    0x00, 0x00, 0x00, 0x00, 0x00, 0x00, 0x00, 0x00, 0x00, 0x00, 0x00, 0x00, 0x00, 0x00, 0x00, 0x00,
    0x00, 0x00, 0x00, 0x00, 0x00, 0x00, 0x00, 0x00, 0x00, 0x00, 0x00, 0x00, 0x00, 0x00, 0x00, 0x00,
    0x00, 0x00, 0x00, 0x00, 0x00, 0x00, 0x00, 0x00, 0x00, 0x00, 0x00, 0x00, 0x00, 0x00, 0x00, 0x00,
    0x00, 0x00, 0x00, 0x00, 0x00, 0x00, 0x00, 0x00, 0x00, 0x00, 0x00, 0x00, 0x00, 0x00, 0x00, 0x00,
    0x00, 0x00, 0x00, 0x00, 0x00, 0x00, 0x00, 0x00, 0x00, 0x00, 0x00, 0x00, 0x00, 0x00, 0x00, 0x00,
    0x00, 0x00, 0x00, 0x00, 0x00, 0x00, 0x00, 0x00, 0x00, 0x00, 0x00, 0x00, 0x00, 0x00, 0x00, 0x00,
    0x00, 0x00, 0x00, 0x00, 0x00, 0x00, 0x00, 0x00, 0x00, 0x00, 0x00, 0x00, 0x00, 0x00, 0x00, 0x00,
    0x00, 0x00, 0x00, 0x00, 0x00, 0x00, 0x00, 0x00, 0x00, 0x00, 0x00, 0x00, 0x00, 0x00, 0x00, 0x00,
    0x00, 0x00, 0x00, 0x00, 0x00, 0x00, 0x00, 0x00, 0x00, 0x00, 0x00, 0x00, 0x00, 0x00, 0x00, 0x00,
    0x00, 0x00, 0x00, 0x00, 0x00, 0x00, 0x00, 0x00, 0x00, 0x00, 0x00, 0x00, 0x00, 0x00, 0x00, 0x00,
    0x00, 0x00, 0x00, 0x00, 0x00, 0x00, 0x00, 0x00, 0x00, 0x00, 0x00, 0x00, 0x00, 0x00, 0x00, 0x00,
    0x00, 0x00, 0x00, 0x00, 0x00, 0x00, 0x00, 0x00, 0x00, 0x00, 0x00, 0x00, 0x00, 0x00, 0x00, 0x00,
    0x00, 0x00, 0x00, 0x00, 0x00, 0x00, 0x00, 0x00, 0x00, 0x00, 0x00, 0x00, 0x00, 0x00, 0x00, 0x00,
    0x00, 0x00, 0x00, 0x00, 0x00, 0x00, 0x00, 0x00, 0x00, 0x00, 0x00, 0x00, 0x00, 0x00, 0x00, 0x00,
    0x00, 0x00, 0x00, 0x00, 0x00, 0x00, 0x00, 0x00, 0x00, 0x00, 0x00, 0x00, 0x00, 0x00, 0x00, 0x00,
    0x00, 0x00, 0x00, 0x00, 0x00, 0x00, 0x00, 0x00, 0x00, 0x00, 0x00, 0x00, 0x00, 0x00, 0x00, 0x00,
    0x00, 0x00, 0x00, 0x00, 0x00, 0x00, 0x00, 0x00, 0x00, 0x00, 0x00, 0x00, 0x00, 0x00, 0x00, 0x00,
    0x00, 0x00, 0x00, 0x00, 0x00, 0x00, 0x00, 0x00, 0x00, 0x00, 0x00, 0x00, 0x00, 0x00, 0x00, 0x00,
    0x00, 0x00, 0x00, 0x00, 0x00, 0x00, 0x00, 0x00, 0x00, 0x00, 0x00, 0x00, 0x00, 0x00, 0x00, 0x00,
    0x00, 0x00, 0x00, 0x00, 0x00, 0x00, 0x00, 0x00, 0x00, 0x00, 0x00, 0x00, 0x00, 0x00, 0x00, 0x00,
    0x00, 0x00, 0x00, 0x00, 0x00, 0x00, 0x00, 0x00, 0x00, 0x00, 0x00, 0x00, 0x00, 0x00, 0x00, 0x00,
    0x00, 0x00, 0x00, 0x00, 0x00, 0x00, 0x00, 0x00, 0x00, 0x00, 0x00, 0x00, 0x00, 0x00, 0x00, 0x00,
    0x00, 0x00, 0x00, 0x00, 0x00, 0x00, 0x00, 0x00, 0x00, 0x00, 0x00, 0x00, 0x00, 0x00, 0x00, 0x00,
    0x00, 0x00, 0x00, 0x00, 0x00, 0x00, 0x00, 0x00, 0x00, 0x00, 0x00, 0x00, 0x00, 0x00, 0x00, 0x00,
    0x00, 0x00, 0x00, 0x00, 0x00, 0x00, 0x00, 0x00, 0x00, 0x00, 0x00, 0x00, 0x00, 0x00, 0x00, 0x00,
    0x00, 0x00, 0x00, 0x00, 0x00, 0x00, 0x00, 0x00, 0x00, 0x00, 0x00, 0x00, 0x00, 0x00, 0x00, 0x00,
    0x00, 0x00, 0x00, 0x00, 0x00, 0x00, 0x00, 0x00, 0x00, 0x00, 0x00, 0x00, 0x00, 0x00, 0x00, 0x00
};

const lv_image_dsc_t pet_cat_play_05 = {
    .header = {
        .magic = LV_IMAGE_HEADER_MAGIC,
        .cf = LV_COLOR_FORMAT_ARGB8888,
        .flags = 0,
        .w = 128,
        .h = 128,
        .stride = 512,
    },
    .data_size = 65536,
    .data = pet_cat_play_05_map,
};
