/* Auto-generated — do not edit */
#include <lvgl/lvgl.h>

static const uint8_t pet_cat_idle_05_map[] = {
    0x00, 0x00, 0x00, 0x00, 0x00, 0x00, 0x00, 0x00, 0x00, 0x00, 0x00, 0x00, 0x00, 0x00, 0x00, 0x00,
    0x00, 0x00, 0x00, 0x00, 0x00, 0x00, 0x00, 0x00, 0x00, 0x00, 0x00, 0x00, 0x00, 0x00, 0x00, 0x00,
    0x00, 0x00, 0x00, 0x00, 0x00, 0x00, 0x00, 0x00, 0x00, 0x00, 0x00, 0x00, 0x00, 0x00, 0x00, 0x00,
    0x00, 0x00, 0x00, 0x00, 0x00, 0x00, 0x00, 0x00, 0x00, 0x00, 0x00, 0x00, 0x00, 0x00, 0x00, 0x00,
    0x00, 0x00, 0x00, 0x00, 0x00, 0x00, 0x00, 0x00, 0x00, 0x00, 0x00, 0x00, 0x00, 0x00, 0x00, 0x00,
    0x00, 0x00, 0x00, 0x00, 0x00, 0x00, 0x00, 0x00, 0x00, 0x00, 0x00, 0x00, 0x00, 0x00, 0x00, 0x00,
    0x00, 0x00, 0x00, 0x00, 0x00, 0x00, 0x00, 0x00, 0x00, 0x00, 0x00, 0x00, 0x00, 0x00, 0x00, 0x00,
    0x00, 0x00, 0x00, 0x00, 0x00, 0x00, 0x00, 0x00, 0x00, 0x00, 0x00, 0x00, 0x00, 0x00, 0x00, 0x00,
    0x00, 0x00, 0x00, 0x00, 0x00, 0x00, 0x00, 0x00, 0x00, 0x00, 0x00, 0x00, 0x00, 0x00, 0x00, 0x00,
    0x00, 0x00, 0x00, 0x00, 0x00, 0x00, 0x00, 0x00, 0x00, 0x00, 0x00, 0x00, 0x00, 0x00, 0x00, 0x00,
    0x00, 0x00, 0x00, 0x00, 0x00, 0x00, 0x00, 0x00, 0x00, 0x00, 0x00, 0x00, 0x00, 0x00, 0x00, 0x00,
    0x00, 0x00, 0x00, 0x00, 0x00, 0x00, 0x00, 0x00, 0x00, 0x00, 0x00, 0x00, 0x00, 0x00, 0x00, 0x00,
    0x00, 0x00, 0x00, 0x00, 0x00, 0x00, 0x00, 0x00, 0x00, 0x00, 0x00, 0x00, 0x00, 0x00, 0x00, 0x00,
    0x00, 0x00, 0x00, 0x00, 0x00, 0x00, 0x00, 0x00, 0x00, 0x00, 0x00, 0x00, 0x00, 0x00, 0x00, 0x00,
    0x00, 0x00, 0x00, 0x00, 0x00, 0x00, 0x00, 0x00, 0x00, 0x00, 0x00, 0x00, 0x00, 0x00, 0x00, 0x00,
    0x00, 0x00, 0x00, 0x00, 0x00, 0x00, 0x00, 0x00, 0x00, 0x00, 0x00, 0x00, 0x00, 0x00, 0x00, 0x00,
    0x00, 0x00, 0x00, 0x00, 0x00, 0x00, 0x00, 0x00, 0x00, 0x00, 0x00, 0x00, 0x00, 0x00, 0x00, 0x00,
    0x00, 0x00, 0x00, 0x00, 0x00, 0x00, 0x00, 0x00, 0x00, 0x00, 0x00, 0x00, 0x00, 0x00, 0x00, 0x00,
    0x00, 0x00, 0x00, 0x00, 0x00, 0x00, 0x00, 0x00, 0x00, 0x00, 0x00, 0x00, 0x00, 0x00, 0x00, 0x00,
    0x00, 0x00, 0x00, 0x00, 0x00, 0x00, 0x00, 0x00, 0x00, 0x00, 0x00, 0x00, 0x00, 0x00, 0x00, 0x00,
    0x00, 0x00, 0x00, 0x00, 0x00, 0x00, 0x00, 0x00, 0x00, 0x00, 0x00, 0x00, 0x00, 0x00, 0x00, 0x00,
    0x00, 0x00, 0x00, 0x00, 0x00, 0x00, 0x00, 0x00, 0x00, 0x00, 0x00, 0x00, 0x00, 0x00, 0x00, 0x00,
    0x00, 0x00, 0x00, 0x00, 0x00, 0x00, 0x00, 0x00, 0x00, 0x00, 0x00, 0x00, 0x00, 0x00, 0x00, 0x00,
    0x00, 0x00, 0x00, 0x00, 0x00, 0x00, 0x00, 0x00, 0x00, 0x00, 0x00, 0x00, 0x00, 0x00, 0x00, 0x00,
    0x00, 0x00, 0x00, 0x00, 0x00, 0x00, 0x00, 0x00, 0x00, 0x00, 0x00, 0x00, 0x00, 0x00, 0x00, 0x00,
    0x00, 0x00, 0x00, 0x00, 0x00, 0x00, 0x00, 0x00, 0x00, 0x00, 0x00, 0x00, 0x00, 0x00, 0x00, 0x00,
    0x00, 0x00, 0x00, 0x00, 0x00, 0x00, 0x00, 0x00, 0x00, 0x00, 0x00, 0x00, 0x00, 0x00, 0x00, 0x00,
    0x00, 0x00, 0x00, 0x00, 0x00, 0x00, 0x00, 0x00, 0x00, 0x00, 0x00, 0x00, 0x00, 0x00, 0x00, 0x00,
    0x00, 0x00, 0x00, 0x00, 0x00, 0x00, 0x00, 0x00, 0x00, 0x00, 0x00, 0x00, 0x00, 0x00, 0x00, 0x00,
    0x00, 0x00, 0x00, 0x00, 0x00, 0x00, 0x00, 0x00, 0x00, 0x00, 0x00, 0x00, 0x00, 0x00, 0x00, 0x00,
    0x00, 0x00, 0x00, 0x00, 0x00, 0x00, 0x00, 0x00, 0x00, 0x00, 0x00, 0x00, 0x00, 0x00, 0x00, 0x00,
    0x00, 0x00, 0x00, 0x00, 0x00, 0x00, 0x00, 0x00, 0x00, 0x00, 0x00, 0x00, 0x00, 0x00, 0x00, 0x00,
    0x00, 0x00, 0x00, 0x00, 0x00, 0x00, 0x00, 0x00, 0x00, 0x00, 0x00, 0x00, 0x00, 0x00, 0x00, 0x00,
    0x00, 0x00, 0x00, 0x00, 0x00, 0x00, 0x00, 0x00, 0x00, 0x00, 0x00, 0x00, 0x00, 0x00, 0x00, 0x00,
    0x00, 0x00, 0x00, 0x00, 0x00, 0x00, 0x00, 0x00, 0x00, 0x00, 0x00, 0x00, 0x00, 0x00, 0x00, 0x00,
    0x00, 0x00, 0x00, 0x00, 0x00, 0x00, 0x00, 0x00, 0x00, 0x00, 0x00, 0x00, 0x00, 0x00, 0x00, 0x00,
    0x00, 0x00, 0x00, 0x00, 0x00, 0x00, 0x00, 0x00, 0x00, 0x00, 0x00, 0x00, 0x00, 0x00, 0x00, 0x00,
    0x00, 0x00, 0x00, 0x00, 0x00, 0x00, 0x00, 0x00, 0x00, 0x00, 0x00, 0x00, 0x00, 0x00, 0x00, 0x00,
    0x00, 0x00, 0x00, 0x00, 0x00, 0x00, 0x00, 0x00, 0x00, 0x00, 0x00, 0x00, 0x00, 0x00, 0x00, 0x00,
    0x00, 0x00, 0x00, 0x00, 0x00, 0x00, 0x00, 0x00, 0x00, 0x00, 0x00, 0x00, 0x00, 0x00, 0x00, 0x00,
    0x00, 0x00, 0x00, 0x00, 0x00, 0x00, 0x00, 0x00, 0x00, 0x00, 0x00, 0x00, 0x00, 0x00, 0x00, 0x00,
    0x00, 0x00, 0x00, 0x00, 0x00, 0x00, 0x00, 0x00, 0x00, 0x00, 0x00, 0x00, 0x00, 0x00, 0x00, 0x00,
    0x00, 0x00, 0x00, 0x00, 0x00, 0x00, 0x00, 0x00, 0x00, 0x00, 0x00, 0x00, 0x00, 0x00, 0x00, 0x00,
    0x00, 0x00, 0x00, 0x00, 0x00, 0x00, 0x00, 0x00, 0x00, 0x00, 0x00, 0x00, 0x00, 0x00, 0x00, 0x00,
    0x00, 0x00, 0x00, 0x00, 0x00, 0x00, 0x00, 0x00, 0x00, 0x00, 0x00, 0x00, 0x00, 0x00, 0x00, 0x00,
    0x00, 0x00, 0x00, 0x00, 0x00, 0x00, 0x00, 0x00, 0x00, 0x00, 0x00, 0x00, 0x00, 0x00, 0x00, 0x00,
    0x00, 0x00, 0x00, 0x00, 0x00, 0x00, 0x00, 0x00, 0x00, 0x00, 0x00, 0x00, 0x00, 0x00, 0x00, 0x00,
    0x00, 0x00, 0x00, 0x00, 0x00, 0x00, 0x00, 0x00, 0x00, 0x00, 0x00, 0x00, 0x00, 0x00, 0x00, 0x00,
    0x00, 0x00, 0x00, 0x00, 0x00, 0x00, 0x00, 0x00, 0x00, 0x00, 0x00, 0x00, 0x00, 0x00, 0x00, 0x00,
    0x00, 0x00, 0x00, 0x00, 0x00, 0x00, 0x00, 0x00, 0x00, 0x00, 0x00, 0x00, 0x00, 0x00, 0x00, 0x00,
    0x00, 0x00, 0x00, 0x00, 0x00, 0x00, 0x00, 0x00, 0x00, 0x00, 0x00, 0x00, 0x00, 0x00, 0x00, 0x00,
    0x00, 0x00, 0x00, 0x00, 0x00, 0x00, 0x00, 0x00, 0x00, 0x00, 0x00, 0x00, 0x00, 0x00, 0x00, 0x00,
    0x00, 0x00, 0x00, 0x00, 0x00, 0x00, 0x00, 0x00, 0x00, 0x00, 0x00, 0x00, 0x00, 0x00, 0x00, 0x00,
    0x00, 0x00, 0x00, 0x00, 0x00, 0x00, 0x00, 0x00, 0x00, 0x00, 0x00, 0x00, 0x00, 0x00, 0x00, 0x00,
    0x00, 0x00, 0x00, 0x00, 0x00, 0x00, 0x00, 0x00, 0x00, 0x00, 0x00, 0x00, 0x00, 0x00, 0x00, 0x00,
    0x00, 0x00, 0x00, 0x00, 0x00, 0x00, 0x00, 0x00, 0x00, 0x00, 0x00, 0x00, 0x00, 0x00, 0x00, 0x00,
    0x00, 0x00, 0x00, 0x00, 0x00, 0x00, 0x00, 0x00, 0x00, 0x00, 0x00, 0x00, 0x00, 0x00, 0x00, 0x00,
    0x00, 0x00, 0x00, 0x00, 0x00, 0x00, 0x00, 0x00, 0x00, 0x00, 0x00, 0x00, 0x00, 0x00, 0x00, 0x00,
    0x00, 0x00, 0x00, 0x00, 0x00, 0x00, 0x00, 0x00, 0x00, 0x00, 0x00, 0x00, 0x00, 0x00, 0x00, 0x00,
    0x00, 0x00, 0x00, 0x00, 0x00, 0x00, 0x00, 0x00, 0x00, 0x00, 0x00, 0x00, 0x00, 0x00, 0x00, 0x00,
    0x00, 0x00, 0x00, 0x00, 0x00, 0x00, 0x00, 0x00, 0x00, 0x00, 0x00, 0x00, 0x00, 0x00, 0x00, 0x00,
    0x00, 0x00, 0x00, 0x00, 0x00, 0x00, 0x00, 0x00, 0x00, 0x00, 0x00, 0x00, 0x00, 0x00, 0x00, 0x00,
    0x00, 0x00, 0x00, 0x00, 0x00, 0x00, 0x00, 0x00, 0x00, 0x00, 0x00, 0x00, 0x00, 0x00, 0x00, 0x00,
    0x00, 0x00, 0x00, 0x00, 0x00, 0x00, 0x00, 0x00, 0x00, 0x00, 0x00, 0x00, 0x00, 0x00, 0x00, 0x00,
    0x00, 0x00, 0x00, 0x00, 0x00, 0x00, 0x00, 0x00, 0x00, 0x00, 0x00, 0x00, 0x00, 0x00, 0x00, 0x00,
    0x00, 0x00, 0x00, 0x00, 0x00, 0x00, 0x00, 0x00, 0x00, 0x00, 0x00, 0x00, 0x00, 0x00, 0x00, 0x00,
    0x00, 0x00, 0x00, 0x00, 0x00, 0x00, 0x00, 0x00, 0x00, 0x00, 0x00, 0x00, 0x00, 0x00, 0x00, 0x00,
    0x00, 0x00, 0x00, 0x00, 0x00, 0x00, 0x00, 0x00, 0x00, 0x00, 0x00, 0x00, 0x00, 0x00, 0x00, 0x00,
    0x00, 0x00, 0x00, 0x00, 0x00, 0x00, 0x00, 0x00, 0x00, 0x00, 0x00, 0x00, 0x00, 0x00, 0x00, 0x00,
    0x00, 0x00, 0x00, 0x00, 0x00, 0x00, 0x00, 0x00, 0x00, 0x00, 0x00, 0x00, 0x00, 0x00, 0x00, 0x00,
    0x00, 0x00, 0x00, 0x00, 0x00, 0x00, 0x00, 0x00, 0x00, 0x00, 0x00, 0x00, 0x00, 0x00, 0x00, 0x00,
    0x00, 0x00, 0x00, 0x00, 0x00, 0x00, 0x00, 0x00, 0x00, 0x00, 0x00, 0x00, 0x00, 0x00, 0x00, 0x00,
    0x00, 0x00, 0x00, 0x00, 0x00, 0x00, 0x00, 0x00, 0x00, 0x00, 0x00, 0x00, 0x00, 0x00, 0x00, 0x00,
    0x00, 0x00, 0x00, 0x00, 0x00, 0x00, 0x00, 0x00, 0x00, 0x00, 0x00, 0x00, 0x00, 0x00, 0x00, 0x00,
    0x00, 0x00, 0x00, 0x00, 0x00, 0x00, 0x00, 0x00, 0x00, 0x00, 0x00, 0x00, 0x00, 0x00, 0x00, 0x00,
    0x00, 0x00, 0x00, 0x00, 0x00, 0x00, 0x00, 0x00, 0x00, 0x00, 0x00, 0x00, 0x00, 0x00, 0x00, 0x00,
    0x00, 0x00, 0x00, 0x00, 0x00, 0x00, 0x00, 0x00, 0x00, 0x00, 0x00, 0x00, 0x00, 0x00, 0x00, 0x00,
    0x00, 0x00, 0x00, 0x00, 0x00, 0x00, 0x00, 0x00, 0x00, 0x00, 0x00, 0x00, 0x00, 0x00, 0x00, 0x00,
    0x00, 0x00, 0x00, 0x00, 0x00, 0x00, 0x00, 0x00, 0x00, 0x00, 0x00, 0x00, 0x00, 0x00, 0x00, 0x00,
    0x00, 0x00, 0x00, 0x00, 0x00, 0x00, 0x00, 0x00, 0x00, 0x00, 0x00, 0x00, 0x00, 0x00, 0x00, 0x00,
    0x00, 0x00, 0x00, 0x00, 0x00, 0x00, 0x00, 0x00, 0x00, 0x00, 0x00, 0x00, 0x00, 0x00, 0x00, 0x00,
    0x00, 0x00, 0x00, 0x00, 0x00, 0x00, 0x00, 0x00, 0x00, 0x00, 0x00, 0x00, 0x00, 0x00, 0x00, 0x00,
    0x00, 0x00, 0x00, 0x00, 0x00, 0x00, 0x00, 0x00, 0x00, 0x00, 0x00, 0x00, 0x00, 0x00, 0x00, 0x00,
    0x00, 0x00, 0x00, 0x00, 0x00, 0x00, 0x00, 0x00, 0x00, 0x00, 0x00, 0x00, 0x00, 0x00, 0x00, 0x00,
    0x00, 0x00, 0x00, 0x00, 0x00, 0x00, 0x00, 0x00, 0x00, 0x00, 0x00, 0x00, 0x00, 0x00, 0x00, 0x00,
    0x00, 0x00, 0x00, 0x00, 0x00, 0x00, 0x00, 0x00, 0x00, 0x00, 0x00, 0x00, 0x00, 0x00, 0x00, 0x00,
    0x00, 0x00, 0x00, 0x00, 0x00, 0x00, 0x00, 0x00, 0x00, 0x00, 0x00, 0x00, 0x00, 0x00, 0x00, 0x00,
    0x00, 0x00, 0x00, 0x00, 0x00, 0x00, 0x00, 0x00, 0x00, 0x00, 0x00, 0x00, 0x00, 0x00, 0x00, 0x00,
    0x00, 0x00, 0x00, 0x00, 0x00, 0x00, 0x00, 0x00, 0x00, 0x00, 0x00, 0x00, 0x00, 0x00, 0x00, 0x00,
    0x00, 0x00, 0x00, 0x00, 0x00, 0x00, 0x00, 0x00, 0x00, 0x00, 0x00, 0x00, 0x00, 0x00, 0x00, 0x00,
    0x00, 0x00, 0x00, 0x00, 0x00, 0x00, 0x00, 0x00, 0x00, 0x00, 0x00, 0x00, 0x00, 0x00, 0x00, 0x00,
    0x00, 0x00, 0x00, 0x00, 0x00, 0x00, 0x00, 0x00, 0x00, 0x00, 0x00, 0x00, 0x00, 0x00, 0x00, 0x00,
    0x00, 0x00, 0x00, 0x00, 0x00, 0x00, 0x00, 0x00, 0x00, 0x00, 0x00, 0x00, 0x00, 0x00, 0x00, 0x00,
    0x00, 0x00, 0x00, 0x00, 0x00, 0x00, 0x00, 0x00, 0x00, 0x00, 0x00, 0x00, 0x00, 0x00, 0x00, 0x00,
    0x00, 0x00, 0x00, 0x00, 0x00, 0x00, 0x00, 0x00, 0x00, 0x00, 0x00, 0x00, 0x00, 0x00, 0x00, 0x00,
    0x00, 0x00, 0x00, 0x00, 0x00, 0x00, 0x00, 0x00, 0x00, 0x00, 0x00, 0x00, 0x00, 0x00, 0x00, 0x00,
    0x00, 0x00, 0x00, 0x00, 0x00, 0x00, 0x00, 0x00, 0x00, 0x00, 0x00, 0x00, 0x00, 0x00, 0x00, 0x00,
    0x00, 0x00, 0x00, 0x00, 0x00, 0x00, 0x00, 0x00, 0x00, 0x00, 0x00, 0x00, 0x00, 0x00, 0x00, 0x00,
    0x00, 0x00, 0x00, 0x00, 0x00, 0x00, 0x00, 0x00, 0x00, 0x00, 0x00, 0x00, 0x00, 0x00, 0x00, 0x00,
    0x00, 0x00, 0x00, 0x00, 0x00, 0x00, 0x00, 0x00, 0x32, 0x76, 0xBD, 0x01, 0x32, 0x76, 0xBD, 0x01,
    0x32, 0x76, 0xBE, 0x01, 0x33, 0x76, 0xBE, 0x01, 0x33, 0x76, 0xBE, 0x01, 0x33, 0x76, 0xBE, 0x01,
    0x33, 0x76, 0xBE, 0x01, 0x33, 0x76, 0xBE, 0x01, 0x33, 0x76, 0xBE, 0x01, 0x33, 0x76, 0xBE, 0x01,
    0x33, 0x76, 0xBE, 0x01, 0x33, 0x75, 0xBE, 0x01, 0x32, 0x75, 0xBE, 0x01, 0x32, 0x73, 0xBD, 0x01,
    0x32, 0x73, 0xBD, 0x01, 0x32, 0x73, 0xBD, 0x01, 0x31, 0x73, 0xBD, 0x01, 0x30, 0x72, 0xBD, 0x01,
    0x30, 0x72, 0xBD, 0x01, 0x2F, 0x72, 0xBC, 0x01, 0x00, 0x00, 0x00, 0x00, 0x00, 0x00, 0x00, 0x00,
    0x00, 0x00, 0x00, 0x00, 0x00, 0x00, 0x00, 0x00, 0x00, 0x00, 0x00, 0x00, 0x00, 0x00, 0x00, 0x00,
    0x00, 0x00, 0x00, 0x00, 0x00, 0x00, 0x00, 0x00, 0x00, 0x00, 0x00, 0x00, 0x00, 0x00, 0x00, 0x00,
    0x00, 0x00, 0x00, 0x00, 0x00, 0x00, 0x00, 0x00, 0x00, 0x00, 0x00, 0x00, 0x00, 0x00, 0x00, 0x00,
    0x00, 0x00, 0x00, 0x00, 0x00, 0x00, 0x00, 0x00, 0x00, 0x00, 0x00, 0x00, 0x00, 0x00, 0x00, 0x00,
    0x00, 0x00, 0x00, 0x00, 0x00, 0x00, 0x00, 0x00, 0x00, 0x00, 0x00, 0x00, 0x00, 0x00, 0x00, 0x00,
    0x2C, 0x74, 0xBF, 0x01, 0x2C, 0x74, 0xBF, 0x01, 0x2C, 0x74, 0xBF, 0x01, 0x2C, 0x74, 0xBF, 0x01,
    0x2B, 0x74, 0xBF, 0x01, 0x2C, 0x74, 0xBF, 0x01, 0x2C, 0x74, 0xBF, 0x01, 0x2C, 0x74, 0xBF, 0x01,
    0x2B, 0x74, 0xBF, 0x01, 0x2B, 0x74, 0xC0, 0x01, 0x2B, 0x74, 0xC0, 0x01, 0x2B, 0x74, 0xC0, 0x01,
    0x2B, 0x74, 0xC1, 0x01, 0x2C, 0x74, 0xC1, 0x01, 0x2C, 0x74, 0xC1, 0x01, 0x2D, 0x75, 0xC1, 0x01,
    0x2D, 0x75, 0xC0, 0x01, 0x2E, 0x75, 0xC0, 0x01, 0x2E, 0x74, 0xBF, 0x01, 0x2E, 0x74, 0xBF, 0x01,
    0x2F, 0x74, 0xBE, 0x01, 0x2F, 0x73, 0xBE, 0x01, 0x30, 0x73, 0xBD, 0x01, 0x30, 0x73, 0xBD, 0x01,
    0x30, 0x73, 0xBC, 0x01, 0x31, 0x72, 0xBC, 0x01, 0x31, 0x72, 0xBC, 0x01, 0x31, 0x72, 0xBC, 0x01,
    0x31, 0x72, 0xBC, 0x02, 0x31, 0x72, 0xBD, 0x02, 0x31, 0x73, 0xBE, 0x02, 0x31, 0x73, 0xBE, 0x02,
    0x32, 0x73, 0xBF, 0x02, 0x32, 0x75, 0xC1, 0x02, 0x31, 0x75, 0xC2, 0x02, 0x32, 0x75, 0xC3, 0x02,
    0x32, 0x75, 0xC3, 0x02, 0x32, 0x75, 0xC3, 0x02, 0x32, 0x75, 0xC3, 0x01, 0x32, 0x75, 0xC3, 0x01,
    0x32, 0x75, 0xC3, 0x01, 0x00, 0x00, 0x00, 0x00, 0x00, 0x00, 0x00, 0x00, 0x00, 0x00, 0x00, 0x00,
    0x00, 0x00, 0x00, 0x00, 0x00, 0x00, 0x00, 0x00, 0x00, 0x00, 0x00, 0x00, 0x00, 0x00, 0x00, 0x00,
    0x00, 0x00, 0x00, 0x00, 0x00, 0x00, 0x00, 0x00, 0x00, 0x00, 0x00, 0x00, 0x00, 0x00, 0x00, 0x00,
    0x00, 0x00, 0x00, 0x00, 0x00, 0x00, 0x00, 0x00, 0x00, 0x00, 0x00, 0x00, 0x00, 0x00, 0x00, 0x00,
    0x00, 0x00, 0x00, 0x00, 0x00, 0x00, 0x00, 0x00, 0x00, 0x00, 0x00, 0x00, 0x00, 0x00, 0x00, 0x00,
    0x00, 0x00, 0x00, 0x00, 0x00, 0x00, 0x00, 0x00, 0x00, 0x00, 0x00, 0x00, 0x00, 0x00, 0x00, 0x00,
    0x00, 0x00, 0x00, 0x00, 0x00, 0x00, 0x00, 0x00, 0x00, 0x00, 0x00, 0x00, 0x00, 0x00, 0x00, 0x00,
    0x00, 0x00, 0x00, 0x00, 0x00, 0x00, 0x00, 0x00, 0x00, 0x00, 0x00, 0x00, 0x00, 0x00, 0x00, 0x00,
    0x00, 0x00, 0x00, 0x00, 0x00, 0x00, 0x00, 0x00, 0x00, 0x00, 0x00, 0x00, 0x00, 0x00, 0x00, 0x00,
    0x00, 0x00, 0x00, 0x00, 0x00, 0x00, 0x00, 0x00, 0x00, 0x00, 0x00, 0x00, 0x00, 0x00, 0x00, 0x00,
    0x00, 0x00, 0x00, 0x00, 0x00, 0x00, 0x00, 0x00, 0x00, 0x00, 0x00, 0x00, 0x00, 0x00, 0x00, 0x00,
    0x00, 0x00, 0x00, 0x00, 0x00, 0x00, 0x00, 0x00, 0x32, 0x77, 0xBE, 0x01, 0x32, 0x77, 0xBE, 0x01,
    0x33, 0x77, 0xBE, 0x01, 0x33, 0x77, 0xBE, 0x02, 0x34, 0x77, 0xBF, 0x02, 0x34, 0x77, 0xBF, 0x02,
    0x34, 0x77, 0xBF, 0x02, 0x34, 0x77, 0xBF, 0x02, 0x34, 0x77, 0xBF, 0x02, 0x34, 0x77, 0xBF, 0x02,
    0x34, 0x77, 0xBF, 0x02, 0x33, 0x76, 0xBF, 0x02, 0x33, 0x76, 0xBF, 0x02, 0x31, 0x74, 0xBF, 0x02,
    0x31, 0x74, 0xBF, 0x02, 0x31, 0x72, 0xBD, 0x02, 0x30, 0x72, 0xBD, 0x02, 0x30, 0x72, 0xBD, 0x01,
    0x30, 0x72, 0xBD, 0x01, 0x2F, 0x72, 0xBC, 0x01, 0x00, 0x00, 0x00, 0x00, 0x00, 0x00, 0x00, 0x00,
    0x00, 0x00, 0x00, 0x00, 0x00, 0x00, 0x00, 0x00, 0x00, 0x00, 0x00, 0x00, 0x00, 0x00, 0x00, 0x00,
    0x00, 0x00, 0x00, 0x00, 0x00, 0x00, 0x00, 0x00, 0x00, 0x00, 0x00, 0x00, 0x00, 0x00, 0x00, 0x00,
    0x00, 0x00, 0x00, 0x00, 0x00, 0x00, 0x00, 0x00, 0x00, 0x00, 0x00, 0x00, 0x00, 0x00, 0x00, 0x00,
    0x00, 0x00, 0x00, 0x00, 0x00, 0x00, 0x00, 0x00, 0x00, 0x00, 0x00, 0x00, 0x00, 0x00, 0x00, 0x00,
    0x00, 0x00, 0x00, 0x00, 0x00, 0x00, 0x00, 0x00, 0x00, 0x00, 0x00, 0x00, 0x00, 0x00, 0x00, 0x00,
    0x00, 0x00, 0x00, 0x00, 0x2D, 0x76, 0xC3, 0x01, 0x2D, 0x76, 0xC3, 0x01, 0x2D, 0x76, 0xC2, 0x01,
    0x2D, 0x76, 0xC2, 0x01, 0x2D, 0x75, 0xC2, 0x01, 0x2D, 0x75, 0xC2, 0x01, 0x2D, 0x75, 0xC2, 0x01,
    0x2C, 0x75, 0xC2, 0x01, 0x2C, 0x75, 0xC3, 0x01, 0x2C, 0x75, 0xC3, 0x01, 0x2C, 0x75, 0xC2, 0x01,
    0x2C, 0x76, 0xC3, 0x01, 0x2D, 0x76, 0xC3, 0x01, 0x2D, 0x76, 0xC3, 0x01, 0x2E, 0x76, 0xC2, 0x01,
    0x2E, 0x76, 0xC1, 0x01, 0x2E, 0x75, 0xC1, 0x01, 0x2F, 0x75, 0xC0, 0x01, 0x2F, 0x75, 0xC0, 0x01,
    0x2F, 0x75, 0xBF, 0x01, 0x30, 0x74, 0xBF, 0x01, 0x31, 0x74, 0xBE, 0x02, 0x31, 0x74, 0xBE, 0x02,
    0x31, 0x73, 0xBD, 0x03, 0x32, 0x73, 0xBD, 0x03, 0x32, 0x73, 0xBD, 0x04, 0x32, 0x73, 0xBD, 0x04,
    0x33, 0x73, 0xBE, 0x04, 0x31, 0x73, 0xBD, 0x04, 0x31, 0x72, 0xBD, 0x04, 0x31, 0x72, 0xBD, 0x04,
    0x32, 0x74, 0xC0, 0x04, 0x32, 0x76, 0xC1, 0x04, 0x32, 0x77, 0xC3, 0x04, 0x32, 0x77, 0xC5, 0x04,
    0x32, 0x77, 0xC5, 0x04, 0x32, 0x76, 0xC5, 0x03, 0x31, 0x76, 0xC5, 0x02, 0x32, 0x76, 0xC4, 0x02,
    0x32, 0x76, 0xC4, 0x02, 0x32, 0x76, 0xC4, 0x01, 0x32, 0x76, 0xC3, 0x01, 0x00, 0x00, 0x00, 0x00,
    0x00, 0x00, 0x00, 0x00, 0x00, 0x00, 0x00, 0x00, 0x00, 0x00, 0x00, 0x00, 0x00, 0x00, 0x00, 0x00,
    0x00, 0x00, 0x00, 0x00, 0x00, 0x00, 0x00, 0x00, 0x00, 0x00, 0x00, 0x00, 0x00, 0x00, 0x00, 0x00,
    0x00, 0x00, 0x00, 0x00, 0x00, 0x00, 0x00, 0x00, 0x00, 0x00, 0x00, 0x00, 0x00, 0x00, 0x00, 0x00,
    0x00, 0x00, 0x00, 0x00, 0x00, 0x00, 0x00, 0x00, 0x00, 0x00, 0x00, 0x00, 0x00, 0x00, 0x00, 0x00,
    0x00, 0x00, 0x00, 0x00, 0x00, 0x00, 0x00, 0x00, 0x00, 0x00, 0x00, 0x00, 0x00, 0x00, 0x00, 0x00,
    0x00, 0x00, 0x00, 0x00, 0x00, 0x00, 0x00, 0x00, 0x00, 0x00, 0x00, 0x00, 0x00, 0x00, 0x00, 0x00,
    0x00, 0x00, 0x00, 0x00, 0x00, 0x00, 0x00, 0x00, 0x00, 0x00, 0x00, 0x00, 0x00, 0x00, 0x00, 0x00,
    0x00, 0x00, 0x00, 0x00, 0x00, 0x00, 0x00, 0x00, 0x00, 0x00, 0x00, 0x00, 0x00, 0x00, 0x00, 0x00,
    0x00, 0x00, 0x00, 0x00, 0x00, 0x00, 0x00, 0x00, 0x00, 0x00, 0x00, 0x00, 0x00, 0x00, 0x00, 0x00,
    0x00, 0x00, 0x00, 0x00, 0x00, 0x00, 0x00, 0x00, 0x00, 0x00, 0x00, 0x00, 0x00, 0x00, 0x00, 0x00,
    0x00, 0x00, 0x00, 0x00, 0x00, 0x00, 0x00, 0x00, 0x32, 0x77, 0xBE, 0x01, 0x32, 0x77, 0xBE, 0x01,
    0x33, 0x77, 0xBE, 0x01, 0x33, 0x77, 0xBE, 0x02, 0x34, 0x77, 0xBF, 0x02, 0x34, 0x77, 0xBF, 0x02,
    0x34, 0x77, 0xBF, 0x02, 0x34, 0x77, 0xBF, 0x02, 0x34, 0x77, 0xBF, 0x02, 0x34, 0x77, 0xBF, 0x02,
    0x34, 0x77, 0xBF, 0x02, 0x33, 0x76, 0xBF, 0x02, 0x33, 0x76, 0xBF, 0x02, 0x31, 0x74, 0xBF, 0x02,
    0x31, 0x74, 0xBF, 0x02, 0x31, 0x72, 0xBD, 0x02, 0x30, 0x72, 0xBD, 0x02, 0x30, 0x72, 0xBD, 0x01,
    0x30, 0x72, 0xBD, 0x01, 0x2F, 0x72, 0xBC, 0x01, 0x00, 0x00, 0x00, 0x00, 0x00, 0x00, 0x00, 0x00,
    0x00, 0x00, 0x00, 0x00, 0x00, 0x00, 0x00, 0x00, 0x00, 0x00, 0x00, 0x00, 0x00, 0x00, 0x00, 0x00,
    0x00, 0x00, 0x00, 0x00, 0x00, 0x00, 0x00, 0x00, 0x00, 0x00, 0x00, 0x00, 0x00, 0x00, 0x00, 0x00,
    0x00, 0x00, 0x00, 0x00, 0x00, 0x00, 0x00, 0x00, 0x00, 0x00, 0x00, 0x00, 0x00, 0x00, 0x00, 0x00,
    0x00, 0x00, 0x00, 0x00, 0x00, 0x00, 0x00, 0x00, 0x00, 0x00, 0x00, 0x00, 0x00, 0x00, 0x00, 0x00,
    0x00, 0x00, 0x00, 0x00, 0x00, 0x00, 0x00, 0x00, 0x00, 0x00, 0x00, 0x00, 0x00, 0x00, 0x00, 0x00,
    0x00, 0x00, 0x00, 0x00, 0x2D, 0x76, 0xC3, 0x01, 0x2D, 0x76, 0xC3, 0x01, 0x2D, 0x76, 0xC2, 0x01,
    0x2D, 0x76, 0xC2, 0x01, 0x2D, 0x75, 0xC2, 0x01, 0x2D, 0x75, 0xC2, 0x01, 0x2D, 0x75, 0xC2, 0x01,
    0x2C, 0x75, 0xC2, 0x01, 0x2C, 0x75, 0xC3, 0x01, 0x2C, 0x75, 0xC3, 0x01, 0x2C, 0x75, 0xC2, 0x01,
    0x2C, 0x76, 0xC3, 0x01, 0x2D, 0x76, 0xC3, 0x01, 0x2D, 0x76, 0xC3, 0x01, 0x2E, 0x76, 0xC2, 0x01,
    0x2E, 0x76, 0xC1, 0x01, 0x2E, 0x75, 0xC1, 0x01, 0x2F, 0x75, 0xC0, 0x01, 0x2F, 0x75, 0xC0, 0x01,
    0x2F, 0x75, 0xBF, 0x01, 0x30, 0x74, 0xBF, 0x01, 0x31, 0x74, 0xBE, 0x02, 0x31, 0x74, 0xBE, 0x02,
    0x31, 0x73, 0xBD, 0x03, 0x32, 0x73, 0xBD, 0x03, 0x32, 0x73, 0xBD, 0x04, 0x32, 0x73, 0xBD, 0x04,
    0x33, 0x73, 0xBE, 0x04, 0x31, 0x73, 0xBD, 0x04, 0x31, 0x72, 0xBD, 0x04, 0x31, 0x72, 0xBD, 0x04,
    0x32, 0x74, 0xC0, 0x04, 0x32, 0x76, 0xC1, 0x04, 0x32, 0x77, 0xC3, 0x04, 0x32, 0x77, 0xC5, 0x04,
    0x32, 0x77, 0xC5, 0x04, 0x32, 0x76, 0xC5, 0x03, 0x31, 0x76, 0xC5, 0x02, 0x32, 0x76, 0xC4, 0x02,
    0x32, 0x76, 0xC4, 0x02, 0x32, 0x76, 0xC4, 0x01, 0x32, 0x76, 0xC3, 0x01, 0x00, 0x00, 0x00, 0x00,
    0x00, 0x00, 0x00, 0x00, 0x00, 0x00, 0x00, 0x00, 0x00, 0x00, 0x00, 0x00, 0x00, 0x00, 0x00, 0x00,
    0x00, 0x00, 0x00, 0x00, 0x00, 0x00, 0x00, 0x00, 0x00, 0x00, 0x00, 0x00, 0x00, 0x00, 0x00, 0x00,
    0x00, 0x00, 0x00, 0x00, 0x00, 0x00, 0x00, 0x00, 0x00, 0x00, 0x00, 0x00, 0x00, 0x00, 0x00, 0x00,
    0x00, 0x00, 0x00, 0x00, 0x00, 0x00, 0x00, 0x00, 0x00, 0x00, 0x00, 0x00, 0x00, 0x00, 0x00, 0x00,
    0x00, 0x00, 0x00, 0x00, 0x00, 0x00, 0x00, 0x00, 0x00, 0x00, 0x00, 0x00, 0x00, 0x00, 0x00, 0x00,
    0x00, 0x00, 0x00, 0x00, 0x00, 0x00, 0x00, 0x00, 0x00, 0x00, 0x00, 0x00, 0x00, 0x00, 0x00, 0x00,
    0x00, 0x00, 0x00, 0x00, 0x00, 0x00, 0x00, 0x00, 0x00, 0x00, 0x00, 0x00, 0x00, 0x00, 0x00, 0x00,
    0x00, 0x00, 0x00, 0x00, 0x00, 0x00, 0x00, 0x00, 0x00, 0x00, 0x00, 0x00, 0x00, 0x00, 0x00, 0x00,
    0x00, 0x00, 0x00, 0x00, 0x00, 0x00, 0x00, 0x00, 0x00, 0x00, 0x00, 0x00, 0x00, 0x00, 0x00, 0x00,
    0x00, 0x00, 0x00, 0x00, 0x00, 0x00, 0x00, 0x00, 0x00, 0x00, 0x00, 0x00, 0x00, 0x00, 0x00, 0x00,
    0x00, 0x00, 0x00, 0x00, 0x00, 0x00, 0x00, 0x00, 0x33, 0x78, 0xBF, 0x01, 0x33, 0x78, 0xBF, 0x01,
    0x33, 0x78, 0xBE, 0x01, 0x34, 0x78, 0xBF, 0x02, 0x34, 0x79, 0xC1, 0x02, 0x35, 0x79, 0xC1, 0x02,
    0x35, 0x79, 0xC1, 0x02, 0x35, 0x79, 0xC1, 0x02, 0x35, 0x78, 0xC1, 0x02, 0x34, 0x77, 0xC0, 0x03,
    0x34, 0x77, 0xC0, 0x03, 0x31, 0x76, 0xC0, 0x04, 0x31, 0x75, 0xC1, 0x05, 0x31, 0x77, 0xC7, 0x07,
    0x31, 0x77, 0xC7, 0x07, 0x32, 0x7A, 0xC9, 0x06, 0x31, 0x7A, 0xC5, 0x06, 0x2F, 0x76, 0xC1, 0x05,
    0x2F, 0x76, 0xC1, 0x05, 0x2D, 0x72, 0xBC, 0x05, 0x2F, 0x72, 0xBC, 0x02, 0x2F, 0x71, 0xBB, 0x01,
    0x00, 0x00, 0x00, 0x00, 0x00, 0x00, 0x00, 0x00, 0x00, 0x00, 0x00, 0x00, 0x00, 0x00, 0x00, 0x00,
    0x00, 0x00, 0x00, 0x00, 0x00, 0x00, 0x00, 0x00, 0x00, 0x00, 0x00, 0x00, 0x00, 0x00, 0x00, 0x00,
    0x00, 0x00, 0x00, 0x00, 0x00, 0x00, 0x00, 0x00, 0x00, 0x00, 0x00, 0x00, 0x00, 0x00, 0x00, 0x00,
    0x00, 0x00, 0x00, 0x00, 0x00, 0x00, 0x00, 0x00, 0x00, 0x00, 0x00, 0x00, 0x00, 0x00, 0x00, 0x00,
    0x00, 0x00, 0x00, 0x00, 0x00, 0x00, 0x00, 0x00, 0x00, 0x00, 0x00, 0x00, 0x00, 0x00, 0x00, 0x00,
    0x00, 0x00, 0x00, 0x00, 0x2F, 0x79, 0xC6, 0x01, 0x2F, 0x79, 0xC6, 0x01, 0x00, 0x00, 0x00, 0x00,
    0x2E, 0x79, 0xC6, 0x01, 0x2E, 0x78, 0xC5, 0x01, 0x2E, 0x78, 0xC5, 0x01, 0x2E, 0x77, 0xC5, 0x01,
    0x2E, 0x77, 0xC5, 0x01, 0x2E, 0x77, 0xC5, 0x01, 0x2E, 0x77, 0xC5, 0x01, 0x2E, 0x78, 0xC5, 0x01,
    0x2E, 0x78, 0xC5, 0x01, 0x2F, 0x78, 0xC5, 0x01, 0x2F, 0x78, 0xC5, 0x01, 0x2F, 0x78, 0xC4, 0x01,
    0x2F, 0x77, 0xC3, 0x01, 0x30, 0x77, 0xC1, 0x01, 0x30, 0x76, 0xC0, 0x01, 0x30, 0x76, 0xC0, 0x01,
    0x31, 0x76, 0xC0, 0x01, 0x31, 0x75, 0xBF, 0x01, 0x31, 0x73, 0xBE, 0x02, 0x31, 0x73, 0xBE, 0x02,
    0x31, 0x73, 0xBD, 0x05, 0x30, 0x73, 0xBD, 0x06, 0x31, 0x73, 0xBD, 0x07, 0x31, 0x73, 0xBD, 0x07,
    0x30, 0x73, 0xBE, 0x06, 0x2F, 0x75, 0xC2, 0x08, 0x34, 0x7B, 0xC8, 0x09, 0x34, 0x7B, 0xC8, 0x09,
    0x34, 0x7D, 0xCB, 0x09, 0x34, 0x7E, 0xCA, 0x08, 0x30, 0x78, 0xC5, 0x0A, 0x32, 0x79, 0xC6, 0x08,
    0x32, 0x79, 0xC6, 0x08, 0x33, 0x79, 0xC6, 0x05, 0x32, 0x77, 0xC5, 0x03, 0x33, 0x78, 0xC5, 0x02,
    0x33, 0x78, 0xC5, 0x02, 0x33, 0x77, 0xC5, 0x01, 0x32, 0x77, 0xC4, 0x01, 0x00, 0x00, 0x00, 0x00,
    0x00, 0x00, 0x00, 0x00, 0x00, 0x00, 0x00, 0x00, 0x00, 0x00, 0x00, 0x00, 0x00, 0x00, 0x00, 0x00,
    0x00, 0x00, 0x00, 0x00, 0x00, 0x00, 0x00, 0x00, 0x00, 0x00, 0x00, 0x00, 0x00, 0x00, 0x00, 0x00,
    0x00, 0x00, 0x00, 0x00, 0x00, 0x00, 0x00, 0x00, 0x00, 0x00, 0x00, 0x00, 0x00, 0x00, 0x00, 0x00,
    0x00, 0x00, 0x00, 0x00, 0x00, 0x00, 0x00, 0x00, 0x00, 0x00, 0x00, 0x00, 0x00, 0x00, 0x00, 0x00,
    0x00, 0x00, 0x00, 0x00, 0x00, 0x00, 0x00, 0x00, 0x00, 0x00, 0x00, 0x00, 0x00, 0x00, 0x00, 0x00,
    0x00, 0x00, 0x00, 0x00, 0x00, 0x00, 0x00, 0x00, 0x00, 0x00, 0x00, 0x00, 0x00, 0x00, 0x00, 0x00,
    0x00, 0x00, 0x00, 0x00, 0x00, 0x00, 0x00, 0x00, 0x00, 0x00, 0x00, 0x00, 0x00, 0x00, 0x00, 0x00,
    0x00, 0x00, 0x00, 0x00, 0x00, 0x00, 0x00, 0x00, 0x00, 0x00, 0x00, 0x00, 0x00, 0x00, 0x00, 0x00,
    0x00, 0x00, 0x00, 0x00, 0x00, 0x00, 0x00, 0x00, 0x00, 0x00, 0x00, 0x00, 0x00, 0x00, 0x00, 0x00,
    0x00, 0x00, 0x00, 0x00, 0x00, 0x00, 0x00, 0x00, 0x00, 0x00, 0x00, 0x00, 0x00, 0x00, 0x00, 0x00,
    0x00, 0x00, 0x00, 0x00, 0x00, 0x00, 0x00, 0x00, 0x33, 0x79, 0xC0, 0x01, 0x33, 0x79, 0xC0, 0x01,
    0x34, 0x79, 0xC1, 0x01, 0x34, 0x79, 0xC1, 0x02, 0x35, 0x7A, 0xC2, 0x02, 0x36, 0x7A, 0xC2, 0x03,
    0x36, 0x7A, 0xC2, 0x03, 0x36, 0x7A, 0xC2, 0x03, 0x36, 0x79, 0xC2, 0x04, 0x33, 0x78, 0xC2, 0x09,
    0x33, 0x78, 0xC2, 0x09, 0x30, 0x7B, 0xC6, 0x09, 0x30, 0x78, 0xC4, 0x0F, 0x30, 0x6C, 0xB2, 0x0F,
    0x30, 0x6C, 0xB2, 0x0F, 0x28, 0x56, 0x90, 0x12, 0x25, 0x53, 0x8B, 0x13, 0x2B, 0x69, 0xAF, 0x10,
    0x2B, 0x69, 0xAF, 0x10, 0x2A, 0x72, 0xBE, 0x06, 0x29, 0x71, 0xBB, 0x02, 0x2D, 0x71, 0xBC, 0x04,
    0x30, 0x75, 0xBD, 0x01, 0x30, 0x75, 0xBD, 0x01, 0x31, 0x76, 0xBE, 0x01, 0x00, 0x00, 0x00, 0x00,
    0x00, 0x00, 0x00, 0x00, 0x00, 0x00, 0x00, 0x00, 0x00, 0x00, 0x00, 0x00, 0x00, 0x00, 0x00, 0x00,
    0x00, 0x00, 0x00, 0x00, 0x00, 0x00, 0x00, 0x00, 0x00, 0x00, 0x00, 0x00, 0x00, 0x00, 0x00, 0x00,
    0x00, 0x00, 0x00, 0x00, 0x00, 0x00, 0x00, 0x00, 0x00, 0x00, 0x00, 0x00, 0x00, 0x00, 0x00, 0x00,
    0x00, 0x00, 0x00, 0x00, 0x00, 0x00, 0x00, 0x00, 0x00, 0x00, 0x00, 0x00, 0x00, 0x00, 0x00, 0x00,
    0x00, 0x00, 0x00, 0x00, 0x00, 0x00, 0x00, 0x00, 0x00, 0x00, 0x00, 0x00, 0x00, 0x00, 0x00, 0x00,
    0x00, 0x00, 0x00, 0x00, 0x00, 0x00, 0x00, 0x00, 0x00, 0x00, 0x00, 0x00, 0x00, 0x00, 0x00, 0x00,
    0x2F, 0x79, 0xC7, 0x01, 0x2F, 0x7A, 0xC6, 0x01, 0x2F, 0x7A, 0xC6, 0x01, 0x2F, 0x79, 0xC6, 0x01,
    0x2F, 0x79, 0xC6, 0x01, 0x30, 0x79, 0xC5, 0x01, 0x30, 0x79, 0xC5, 0x01, 0x30, 0x79, 0xC5, 0x01,
    0x31, 0x78, 0xC3, 0x01, 0x31, 0x78, 0xC2, 0x01, 0x30, 0x77, 0xC1, 0x01, 0x30, 0x77, 0xC1, 0x01,
    0x31, 0x76, 0xC0, 0x01, 0x31, 0x75, 0xBF, 0x02, 0x32, 0x75, 0xBF, 0x03, 0x32, 0x75, 0xBF, 0x03,
    0x2F, 0x72, 0xBD, 0x05, 0x32, 0x75, 0xC0, 0x03, 0x2E, 0x74, 0xC1, 0x04, 0x2E, 0x74, 0xC1, 0x04,
    0x2F, 0x76, 0xC3, 0x14, 0x2C, 0x6D, 0xB3, 0x2D, 0x24, 0x55, 0x92, 0x2E, 0x24, 0x55, 0x92, 0x2E,
    0x28, 0x55, 0x8F, 0x36, 0x2E, 0x63, 0xA3, 0x29, 0x36, 0x7A, 0xC6, 0x17, 0x31, 0x7A, 0xC9, 0x0A,
    0x31, 0x7A, 0xC9, 0x0A, 0x2F, 0x77, 0xC4, 0x06, 0x32, 0x7A, 0xC8, 0x06, 0x32, 0x78, 0xC6, 0x03,
    0x32, 0x78, 0xC6, 0x03, 0x33, 0x79, 0xC6, 0x01, 0x00, 0x00, 0x00, 0x00, 0x00, 0x00, 0x00, 0x00,
    0x00, 0x00, 0x00, 0x00, 0x00, 0x00, 0x00, 0x00, 0x00, 0x00, 0x00, 0x00, 0x00, 0x00, 0x00, 0x00,
    0x00, 0x00, 0x00, 0x00, 0x00, 0x00, 0x00, 0x00, 0x00, 0x00, 0x00, 0x00, 0x00, 0x00, 0x00, 0x00,
    0x00, 0x00, 0x00, 0x00, 0x00, 0x00, 0x00, 0x00, 0x00, 0x00, 0x00, 0x00, 0x00, 0x00, 0x00, 0x00,
    0x00, 0x00, 0x00, 0x00, 0x00, 0x00, 0x00, 0x00, 0x00, 0x00, 0x00, 0x00, 0x00, 0x00, 0x00, 0x00,
    0x00, 0x00, 0x00, 0x00, 0x00, 0x00, 0x00, 0x00, 0x00, 0x00, 0x00, 0x00, 0x00, 0x00, 0x00, 0x00,
    0x00, 0x00, 0x00, 0x00, 0x00, 0x00, 0x00, 0x00, 0x00, 0x00, 0x00, 0x00, 0x00, 0x00, 0x00, 0x00,
    0x00, 0x00, 0x00, 0x00, 0x00, 0x00, 0x00, 0x00, 0x00, 0x00, 0x00, 0x00, 0x00, 0x00, 0x00, 0x00,
    0x00, 0x00, 0x00, 0x00, 0x00, 0x00, 0x00, 0x00, 0x00, 0x00, 0x00, 0x00, 0x00, 0x00, 0x00, 0x00,
    0x00, 0x00, 0x00, 0x00, 0x00, 0x00, 0x00, 0x00, 0x00, 0x00, 0x00, 0x00, 0x00, 0x00, 0x00, 0x00,
    0x00, 0x00, 0x00, 0x00, 0x00, 0x00, 0x00, 0x00, 0x00, 0x00, 0x00, 0x00, 0x00, 0x00, 0x00, 0x00,
    0x00, 0x00, 0x00, 0x00, 0x00, 0x00, 0x00, 0x00, 0x35, 0x7A, 0xC1, 0x01, 0x35, 0x7A, 0xC1, 0x01,
    0x35, 0x7A, 0xC3, 0x01, 0x36, 0x7A, 0xC2, 0x02, 0x36, 0x7A, 0xC2, 0x02, 0x36, 0x7A, 0xC3, 0x03,
    0x36, 0x7A, 0xC3, 0x03, 0x38, 0x7B, 0xC4, 0x04, 0x35, 0x7C, 0xC4, 0x05, 0x34, 0x7B, 0xC2, 0x05,
    0x34, 0x7B, 0xC2, 0x05, 0x2B, 0x70, 0xB1, 0x04, 0x27, 0x67, 0xA0, 0x80, 0x0D, 0x36, 0x66, 0xD8,
    0x0D, 0x36, 0x66, 0xD8, 0x00, 0x02, 0x1B, 0xDA, 0x00, 0x03, 0x1E, 0xE0, 0x07, 0x24, 0x5F, 0xD5,
    0x07, 0x24, 0x5F, 0xD5, 0x1C, 0x57, 0x9B, 0xA7, 0x2D, 0x73, 0xB7, 0x1C, 0x30, 0x74, 0xBC, 0x02,
    0x31, 0x78, 0xC0, 0x01, 0x31, 0x78, 0xC0, 0x01, 0x30, 0x76, 0xBE, 0x03, 0x32, 0x78, 0xC1, 0x01,
    0x00, 0x00, 0x00, 0x00, 0x00, 0x00, 0x00, 0x00, 0x00, 0x00, 0x00, 0x00, 0x00, 0x00, 0x00, 0x00,
    0x00, 0x00, 0x00, 0x00, 0x00, 0x00, 0x00, 0x00, 0x00, 0x00, 0x00, 0x00, 0x00, 0x00, 0x00, 0x00,
    0x00, 0x00, 0x00, 0x00, 0x00, 0x00, 0x00, 0x00, 0x00, 0x00, 0x00, 0x00, 0x36, 0x80, 0xCB, 0x01,
    0x35, 0x7F, 0xCA, 0x02, 0x35, 0x7F, 0xCA, 0x02, 0x34, 0x7D, 0xC9, 0x02, 0x34, 0x7D, 0xC9, 0x01,
    0x34, 0x7D, 0xC9, 0x02, 0x34, 0x7E, 0xC9, 0x01, 0x34, 0x7E, 0xC9, 0x01, 0x34, 0x7C, 0xC8, 0x02,
    0x33, 0x7C, 0xC9, 0x02, 0x30, 0x7B, 0xC9, 0x01, 0x30, 0x7B, 0xC9, 0x01, 0x2E, 0x7A, 0xC8, 0x02,
    0x2E, 0x7A, 0xC9, 0x02, 0x2F, 0x7A, 0xC8, 0x01, 0x2F, 0x7A, 0xC8, 0x01, 0x30, 0x79, 0xC7, 0x01,
    0x00, 0x00, 0x00, 0x00, 0x31, 0x78, 0xC6, 0x01, 0x31, 0x78, 0xC6, 0x01, 0x31, 0x79, 0xC4, 0x01,
    0x31, 0x78, 0xC4, 0x01, 0x30, 0x77, 0xC4, 0x01, 0x31, 0x77, 0xC3, 0x01, 0x31, 0x77, 0xC3, 0x01,
    0x32, 0x76, 0xC2, 0x01, 0x30, 0x74, 0xBF, 0x05, 0x2E, 0x73, 0xBF, 0x03, 0x2E, 0x73, 0xBF, 0x03,
    0x30, 0x74, 0xC1, 0x06, 0x33, 0x71, 0xBD, 0x20, 0x30, 0x6C, 0xB6, 0x20, 0x30, 0x6C, 0xB6, 0x20,
    0x33, 0x74, 0xBC, 0x62, 0x0F, 0x3F, 0x7E, 0xC4, 0x02, 0x0E, 0x3E, 0xCF, 0x02, 0x0E, 0x3E, 0xCF,
    0x02, 0x0F, 0x39, 0xE4, 0x03, 0x15, 0x40, 0xC6, 0x07, 0x2E, 0x69, 0xBD, 0x2E, 0x79, 0xC2, 0x6E,
    0x2E, 0x79, 0xC2, 0x6E, 0x31, 0x7D, 0xCC, 0x1A, 0x31, 0x79, 0xC8, 0x0A, 0x33, 0x7B, 0xC9, 0x03,
    0x33, 0x7B, 0xC9, 0x03, 0x33, 0x79, 0xC7, 0x02, 0x33, 0x79, 0xC6, 0x01, 0x00, 0x00, 0x00, 0x00,
    0x00, 0x00, 0x00, 0x00, 0x00, 0x00, 0x00, 0x00, 0x00, 0x00, 0x00, 0x00, 0x00, 0x00, 0x00, 0x00,
    0x00, 0x00, 0x00, 0x00, 0x00, 0x00, 0x00, 0x00, 0x00, 0x00, 0x00, 0x00, 0x00, 0x00, 0x00, 0x00,
    0x00, 0x00, 0x00, 0x00, 0x00, 0x00, 0x00, 0x00, 0x00, 0x00, 0x00, 0x00, 0x00, 0x00, 0x00, 0x00,
    0x00, 0x00, 0x00, 0x00, 0x00, 0x00, 0x00, 0x00, 0x00, 0x00, 0x00, 0x00, 0x00, 0x00, 0x00, 0x00,
    0x00, 0x00, 0x00, 0x00, 0x00, 0x00, 0x00, 0x00, 0x00, 0x00, 0x00, 0x00, 0x00, 0x00, 0x00, 0x00,
    0x00, 0x00, 0x00, 0x00, 0x00, 0x00, 0x00, 0x00, 0x00, 0x00, 0x00, 0x00, 0x00, 0x00, 0x00, 0x00,
    0x00, 0x00, 0x00, 0x00, 0x00, 0x00, 0x00, 0x00, 0x00, 0x00, 0x00, 0x00, 0x00, 0x00, 0x00, 0x00,
    0x00, 0x00, 0x00, 0x00, 0x00, 0x00, 0x00, 0x00, 0x00, 0x00, 0x00, 0x00, 0x00, 0x00, 0x00, 0x00,
    0x00, 0x00, 0x00, 0x00, 0x00, 0x00, 0x00, 0x00, 0x00, 0x00, 0x00, 0x00, 0x00, 0x00, 0x00, 0x00,
    0x00, 0x00, 0x00, 0x00, 0x00, 0x00, 0x00, 0x00, 0x00, 0x00, 0x00, 0x00, 0x00, 0x00, 0x00, 0x00,
    0x00, 0x00, 0x00, 0x00, 0x00, 0x00, 0x00, 0x00, 0x35, 0x7A, 0xC1, 0x01, 0x35, 0x7A, 0xC1, 0x01,
    0x35, 0x7A, 0xC3, 0x01, 0x36, 0x7A, 0xC2, 0x02, 0x36, 0x7A, 0xC2, 0x02, 0x36, 0x7A, 0xC3, 0x03,
    0x36, 0x7A, 0xC3, 0x03, 0x38, 0x7B, 0xC4, 0x04, 0x35, 0x7C, 0xC4, 0x05, 0x34, 0x7B, 0xC2, 0x05,
    0x34, 0x7B, 0xC2, 0x05, 0x2B, 0x70, 0xB1, 0x04, 0x27, 0x67, 0xA0, 0x80, 0x0D, 0x36, 0x66, 0xD8,
    0x0D, 0x36, 0x66, 0xD8, 0x00, 0x02, 0x1B, 0xDA, 0x00, 0x03, 0x1E, 0xE0, 0x07, 0x24, 0x5F, 0xD5,
    0x07, 0x24, 0x5F, 0xD5, 0x1C, 0x57, 0x9B, 0xA7, 0x2D, 0x73, 0xB7, 0x1C, 0x30, 0x74, 0xBC, 0x02,
    0x31, 0x78, 0xC0, 0x01, 0x31, 0x78, 0xC0, 0x01, 0x30, 0x76, 0xBE, 0x03, 0x32, 0x78, 0xC1, 0x01,
    0x00, 0x00, 0x00, 0x00, 0x00, 0x00, 0x00, 0x00, 0x00, 0x00, 0x00, 0x00, 0x00, 0x00, 0x00, 0x00,
    0x00, 0x00, 0x00, 0x00, 0x00, 0x00, 0x00, 0x00, 0x00, 0x00, 0x00, 0x00, 0x00, 0x00, 0x00, 0x00,
    0x00, 0x00, 0x00, 0x00, 0x00, 0x00, 0x00, 0x00, 0x00, 0x00, 0x00, 0x00, 0x36, 0x80, 0xCB, 0x01,
    0x35, 0x7F, 0xCA, 0x02, 0x35, 0x7F, 0xCA, 0x02, 0x34, 0x7D, 0xC9, 0x02, 0x34, 0x7D, 0xC9, 0x01,
    0x34, 0x7D, 0xC9, 0x02, 0x34, 0x7E, 0xC9, 0x01, 0x34, 0x7E, 0xC9, 0x01, 0x34, 0x7C, 0xC8, 0x02,
    0x33, 0x7C, 0xC9, 0x02, 0x30, 0x7B, 0xC9, 0x01, 0x30, 0x7B, 0xC9, 0x01, 0x2E, 0x7A, 0xC8, 0x02,
    0x2E, 0x7A, 0xC9, 0x02, 0x2F, 0x7A, 0xC8, 0x01, 0x2F, 0x7A, 0xC8, 0x01, 0x30, 0x79, 0xC7, 0x01,
    0x00, 0x00, 0x00, 0x00, 0x31, 0x78, 0xC6, 0x01, 0x31, 0x78, 0xC6, 0x01, 0x31, 0x79, 0xC4, 0x01,
    0x31, 0x78, 0xC4, 0x01, 0x30, 0x77, 0xC4, 0x01, 0x31, 0x77, 0xC3, 0x01, 0x31, 0x77, 0xC3, 0x01,
    0x32, 0x76, 0xC2, 0x01, 0x30, 0x74, 0xBF, 0x05, 0x2E, 0x73, 0xBF, 0x03, 0x2E, 0x73, 0xBF, 0x03,
    0x30, 0x74, 0xC1, 0x06, 0x33, 0x71, 0xBD, 0x20, 0x30, 0x6C, 0xB6, 0x20, 0x30, 0x6C, 0xB6, 0x20,
    0x33, 0x74, 0xBC, 0x62, 0x0F, 0x3F, 0x7E, 0xC4, 0x02, 0x0E, 0x3E, 0xCF, 0x02, 0x0E, 0x3E, 0xCF,
    0x02, 0x0F, 0x39, 0xE4, 0x03, 0x15, 0x40, 0xC6, 0x07, 0x2E, 0x69, 0xBD, 0x2E, 0x79, 0xC2, 0x6E,
    0x2E, 0x79, 0xC2, 0x6E, 0x31, 0x7D, 0xCC, 0x1A, 0x31, 0x79, 0xC8, 0x0A, 0x33, 0x7B, 0xC9, 0x03,
    0x33, 0x7B, 0xC9, 0x03, 0x33, 0x79, 0xC7, 0x02, 0x33, 0x79, 0xC6, 0x01, 0x00, 0x00, 0x00, 0x00,
    0x00, 0x00, 0x00, 0x00, 0x00, 0x00, 0x00, 0x00, 0x00, 0x00, 0x00, 0x00, 0x00, 0x00, 0x00, 0x00,
    0x00, 0x00, 0x00, 0x00, 0x00, 0x00, 0x00, 0x00, 0x00, 0x00, 0x00, 0x00, 0x00, 0x00, 0x00, 0x00,
    0x00, 0x00, 0x00, 0x00, 0x00, 0x00, 0x00, 0x00, 0x00, 0x00, 0x00, 0x00, 0x00, 0x00, 0x00, 0x00,
    0x00, 0x00, 0x00, 0x00, 0x00, 0x00, 0x00, 0x00, 0x00, 0x00, 0x00, 0x00, 0x00, 0x00, 0x00, 0x00,
    0x00, 0x00, 0x00, 0x00, 0x00, 0x00, 0x00, 0x00, 0x00, 0x00, 0x00, 0x00, 0x00, 0x00, 0x00, 0x00,
    0x00, 0x00, 0x00, 0x00, 0x00, 0x00, 0x00, 0x00, 0x00, 0x00, 0x00, 0x00, 0x00, 0x00, 0x00, 0x00,
    0x00, 0x00, 0x00, 0x00, 0x00, 0x00, 0x00, 0x00, 0x00, 0x00, 0x00, 0x00, 0x00, 0x00, 0x00, 0x00,
    0x00, 0x00, 0x00, 0x00, 0x00, 0x00, 0x00, 0x00, 0x00, 0x00, 0x00, 0x00, 0x00, 0x00, 0x00, 0x00,
    0x00, 0x00, 0x00, 0x00, 0x00, 0x00, 0x00, 0x00, 0x00, 0x00, 0x00, 0x00, 0x00, 0x00, 0x00, 0x00,
    0x00, 0x00, 0x00, 0x00, 0x00, 0x00, 0x00, 0x00, 0x00, 0x00, 0x00, 0x00, 0x00, 0x00, 0x00, 0x00,
    0x00, 0x00, 0x00, 0x00, 0x00, 0x00, 0x00, 0x00, 0x35, 0x7A, 0xC2, 0x01, 0x35, 0x7A, 0xC2, 0x01,
    0x35, 0x7B, 0xC3, 0x01, 0x36, 0x7B, 0xC3, 0x01, 0x36, 0x7B, 0xC3, 0x03, 0x38, 0x7B, 0xC4, 0x04,
    0x38, 0x7B, 0xC4, 0x04, 0x36, 0x7A, 0xC2, 0x09, 0x36, 0x80, 0xC7, 0x05, 0x29, 0x6D, 0xAF, 0x2A,
    0x29, 0x6D, 0xAF, 0x2A, 0x05, 0x29, 0x5D, 0x99, 0x05, 0x26, 0x56, 0xE1, 0x3D, 0x8B, 0xC6, 0xFD,
    0x3D, 0x8B, 0xC6, 0xFD, 0x3E, 0x9A, 0xDD, 0xFA, 0x3B, 0x93, 0xDB, 0xFC, 0x33, 0x86, 0xD6, 0xF9,
    0x33, 0x86, 0xD6, 0xF9, 0x03, 0x26, 0x70, 0xF4, 0x00, 0x10, 0x46, 0xA8, 0x0C, 0x2C, 0x6E, 0x80,
    0x28, 0x6C, 0xB4, 0x13, 0x28, 0x6C, 0xB4, 0x13, 0x00, 0x00, 0x00, 0x00, 0x00, 0x00, 0x00, 0x00,
    0x30, 0x7B, 0xC4, 0x02, 0x30, 0x7B, 0xC4, 0x02, 0x31, 0x7C, 0xC7, 0x01, 0x00, 0x00, 0x00, 0x00,
    0x00, 0x00, 0x00, 0x00, 0x00, 0x00, 0x00, 0x00, 0x35, 0x81, 0xCD, 0x01, 0x35, 0x80, 0xCD, 0x02,
    0x36, 0x81, 0xCE, 0x02, 0x36, 0x81, 0xCE, 0x02, 0x37, 0x82, 0xCF, 0x02, 0x35, 0x83, 0xD0, 0x01,
    0x00, 0x00, 0x00, 0x00, 0x00, 0x00, 0x00, 0x00, 0x00, 0x00, 0x00, 0x00, 0x00, 0x00, 0x00, 0x00,
    0x00, 0x00, 0x00, 0x00, 0x00, 0x00, 0x00, 0x00, 0x00, 0x00, 0x00, 0x00, 0x00, 0x00, 0x00, 0x00,
    0x00, 0x00, 0x00, 0x00, 0x00, 0x00, 0x00, 0x00, 0x00, 0x00, 0x00, 0x00, 0x00, 0x00, 0x00, 0x00,
    0x00, 0x00, 0x00, 0x00, 0x2F, 0x7B, 0xCA, 0x01, 0x2F, 0x7B, 0xCA, 0x01, 0x2F, 0x7A, 0xC8, 0x02,
    0x2F, 0x79, 0xC7, 0x01, 0x30, 0x78, 0xC5, 0x02, 0x30, 0x78, 0xC5, 0x02, 0x31, 0x78, 0xC4, 0x01,
    0x30, 0x77, 0xC3, 0x01, 0x31, 0x77, 0xC4, 0x01, 0x31, 0x77, 0xC4, 0x02, 0x31, 0x77, 0xC4, 0x02,
    0x2E, 0x76, 0xC3, 0x02, 0x00, 0x00, 0x00, 0x00, 0x34, 0x7E, 0xC9, 0x09, 0x34, 0x7E, 0xC9, 0x09,
    0x23, 0x61, 0xA5, 0x75, 0x07, 0x20, 0x57, 0xD0, 0x00, 0x08, 0x33, 0xD8, 0x00, 0x08, 0x33, 0xD8,
    0x02, 0x12, 0x45, 0xDC, 0x2A, 0x72, 0xB6, 0xF3, 0x43, 0xAA, 0xED, 0xE8, 0x43, 0xAA, 0xED, 0xE8,
    0x45, 0xA9, 0xEF, 0xEC, 0x47, 0xAD, 0xF0, 0xEE, 0x33, 0x88, 0xCA, 0xF9, 0x0D, 0x38, 0x70, 0xC1,
    0x0D, 0x38, 0x70, 0xC1, 0x25, 0x62, 0xAA, 0x6A, 0x32, 0x7C, 0xCE, 0x21, 0x31, 0x7B, 0xC8, 0x02,
    0x31, 0x7B, 0xC8, 0x02, 0x34, 0x7A, 0xC9, 0x03, 0x33, 0x79, 0xC7, 0x01, 0x00, 0x00, 0x00, 0x00,
    0x00, 0x00, 0x00, 0x00, 0x00, 0x00, 0x00, 0x00, 0x00, 0x00, 0x00, 0x00, 0x00, 0x00, 0x00, 0x00,
    0x00, 0x00, 0x00, 0x00, 0x00, 0x00, 0x00, 0x00, 0x00, 0x00, 0x00, 0x00, 0x00, 0x00, 0x00, 0x00,
    0x00, 0x00, 0x00, 0x00, 0x00, 0x00, 0x00, 0x00, 0x00, 0x00, 0x00, 0x00, 0x00, 0x00, 0x00, 0x00,
    0x00, 0x00, 0x00, 0x00, 0x00, 0x00, 0x00, 0x00, 0x00, 0x00, 0x00, 0x00, 0x00, 0x00, 0x00, 0x00,
    0x00, 0x00, 0x00, 0x00, 0x00, 0x00, 0x00, 0x00, 0x00, 0x00, 0x00, 0x00, 0x00, 0x00, 0x00, 0x00,
    0x00, 0x00, 0x00, 0x00, 0x00, 0x00, 0x00, 0x00, 0x00, 0x00, 0x00, 0x00, 0x00, 0x00, 0x00, 0x00,
    0x00, 0x00, 0x00, 0x00, 0x00, 0x00, 0x00, 0x00, 0x00, 0x00, 0x00, 0x00, 0x00, 0x00, 0x00, 0x00,
    0x00, 0x00, 0x00, 0x00, 0x00, 0x00, 0x00, 0x00, 0x00, 0x00, 0x00, 0x00, 0x00, 0x00, 0x00, 0x00,
    0x00, 0x00, 0x00, 0x00, 0x00, 0x00, 0x00, 0x00, 0x00, 0x00, 0x00, 0x00, 0x00, 0x00, 0x00, 0x00,
    0x00, 0x00, 0x00, 0x00, 0x00, 0x00, 0x00, 0x00, 0x00, 0x00, 0x00, 0x00, 0x00, 0x00, 0x00, 0x00,
    0x00, 0x00, 0x00, 0x00, 0x00, 0x00, 0x00, 0x00, 0x35, 0x7B, 0xC3, 0x01, 0x35, 0x7B, 0xC3, 0x01,
    0x36, 0x7C, 0xC3, 0x01, 0x36, 0x7B, 0xC3, 0x01, 0x37, 0x7C, 0xC4, 0x03, 0x39, 0x7D, 0xC5, 0x02,
    0x39, 0x7D, 0xC5, 0x02, 0x37, 0x7B, 0xC4, 0x0A, 0x2F, 0x7B, 0xC6, 0x0D, 0x24, 0x68, 0xA4, 0x48,
    0x24, 0x68, 0xA4, 0x48, 0x05, 0x29, 0x4D, 0xC9, 0x18, 0x4A, 0x87, 0xF5, 0x42, 0x9C, 0xF4, 0xF8,
    0x42, 0x9C, 0xF4, 0xF8, 0x37, 0xA3, 0xFA, 0xF8, 0x31, 0xA1, 0xFB, 0xF9, 0x31, 0x9F, 0xFB, 0xF8,
    0x31, 0x9F, 0xFB, 0xF8, 0x1D, 0x6E, 0xD4, 0xF9, 0x11, 0x43, 0x9B, 0xFA, 0x0C, 0x3D, 0x8C, 0xFA,
    0x12, 0x51, 0x97, 0xAB, 0x12, 0x51, 0x97, 0xAB, 0x14, 0x49, 0x8A, 0x73, 0x36, 0x80, 0xC9, 0x0A,
    0x00, 0x00, 0x00, 0x00, 0x00, 0x00, 0x00, 0x00, 0x2E, 0x7D, 0xC9, 0x01, 0x31, 0x7F, 0xCB, 0x01,
    0x33, 0x81, 0xCF, 0x01, 0x33, 0x81, 0xCF, 0x01, 0x32, 0x82, 0xD1, 0x02, 0x33, 0x85, 0xD6, 0x01,
    0x00, 0x00, 0x00, 0x00, 0x00, 0x00, 0x00, 0x00, 0x00, 0x00, 0x00, 0x00, 0x2F, 0x84, 0xD7, 0x03,
    0x2B, 0x72, 0xBB, 0x22, 0x2B, 0x72, 0xBB, 0x22, 0x26, 0x65, 0xA7, 0x29, 0x2D, 0x70, 0xB3, 0x2D,
    0x2D, 0x73, 0xB9, 0x31, 0x2E, 0x78, 0xBE, 0x31, 0x2E, 0x78, 0xBE, 0x31, 0x2C, 0x76, 0xBF, 0x32,
    0x2E, 0x79, 0xC1, 0x2E, 0x2C, 0x75, 0xBD, 0x25, 0x2C, 0x75, 0xBD, 0x25, 0x24, 0x6B, 0xB5, 0x1F,
    0x27, 0x79, 0xC9, 0x12, 0x27, 0x7D, 0xD2, 0x01, 0x27, 0x7D, 0xD2, 0x01, 0x28, 0x7B, 0xCC, 0x01,
    0x00, 0x00, 0x00, 0x00, 0x2D, 0x77, 0xC5, 0x01, 0x2D, 0x77, 0xC5, 0x01, 0x2E, 0x76, 0xC3, 0x02,
    0x30, 0x77, 0xC3, 0x02, 0x30, 0x78, 0xC5, 0x03, 0x2A, 0x75, 0xC5, 0x02, 0x2A, 0x75, 0xC5, 0x02,
    0x36, 0x81, 0xCF, 0x04, 0x34, 0x6B, 0xB6, 0x31, 0x16, 0x3B, 0x7D, 0x88, 0x16, 0x3B, 0x7D, 0x88,
    0x13, 0x3F, 0x7A, 0xEF, 0x12, 0x42, 0x80, 0xEB, 0x16, 0x4B, 0x90, 0xF5, 0x16, 0x4B, 0x90, 0xF5,
    0x29, 0x77, 0xC7, 0xF7, 0x34, 0x9E, 0xF0, 0xFA, 0x31, 0xA3, 0xF8, 0xF9, 0x31, 0xA3, 0xF8, 0xF9,
    0x2E, 0x9C, 0xF8, 0xFA, 0x31, 0xA6, 0xFB, 0xF6, 0x43, 0xAA, 0xFA, 0xF8, 0x05, 0x21, 0x5F, 0xEE,
    0x05, 0x21, 0x5F, 0xEE, 0x08, 0x24, 0x5E, 0xE8, 0x2E, 0x75, 0xC6, 0x6B, 0x2F, 0x78, 0xC9, 0x08,
    0x2F, 0x78, 0xC9, 0x08, 0x32, 0x7A, 0xCA, 0x02, 0x34, 0x7A, 0xC9, 0x01, 0x00, 0x00, 0x00, 0x00,
    0x00, 0x00, 0x00, 0x00, 0x00, 0x00, 0x00, 0x00, 0x00, 0x00, 0x00, 0x00, 0x00, 0x00, 0x00, 0x00,
    0x00, 0x00, 0x00, 0x00, 0x00, 0x00, 0x00, 0x00, 0x00, 0x00, 0x00, 0x00, 0x00, 0x00, 0x00, 0x00,
    0x00, 0x00, 0x00, 0x00, 0x00, 0x00, 0x00, 0x00, 0x00, 0x00, 0x00, 0x00, 0x00, 0x00, 0x00, 0x00,
    0x00, 0x00, 0x00, 0x00, 0x00, 0x00, 0x00, 0x00, 0x00, 0x00, 0x00, 0x00, 0x00, 0x00, 0x00, 0x00,
    0x00, 0x00, 0x00, 0x00, 0x00, 0x00, 0x00, 0x00, 0x00, 0x00, 0x00, 0x00, 0x00, 0x00, 0x00, 0x00,
    0x00, 0x00, 0x00, 0x00, 0x00, 0x00, 0x00, 0x00, 0x00, 0x00, 0x00, 0x00, 0x00, 0x00, 0x00, 0x00,
    0x00, 0x00, 0x00, 0x00, 0x00, 0x00, 0x00, 0x00, 0x00, 0x00, 0x00, 0x00, 0x00, 0x00, 0x00, 0x00,
    0x00, 0x00, 0x00, 0x00, 0x00, 0x00, 0x00, 0x00, 0x00, 0x00, 0x00, 0x00, 0x00, 0x00, 0x00, 0x00,
    0x00, 0x00, 0x00, 0x00, 0x00, 0x00, 0x00, 0x00, 0x00, 0x00, 0x00, 0x00, 0x00, 0x00, 0x00, 0x00,
    0x00, 0x00, 0x00, 0x00, 0x00, 0x00, 0x00, 0x00, 0x00, 0x00, 0x00, 0x00, 0x00, 0x00, 0x00, 0x00,
    0x00, 0x00, 0x00, 0x00, 0x00, 0x00, 0x00, 0x00, 0x35, 0x7B, 0xC3, 0x01, 0x35, 0x7B, 0xC3, 0x01,
    0x35, 0x7C, 0xC4, 0x01, 0x36, 0x7C, 0xC4, 0x01, 0x37, 0x7D, 0xC4, 0x03, 0x37, 0x7C, 0xC4, 0x07,
    0x37, 0x7C, 0xC4, 0x07, 0x35, 0x7B, 0xC3, 0x18, 0x2F, 0x78, 0xC2, 0x4F, 0x0D, 0x3C, 0x75, 0xA0,
    0x0D, 0x3C, 0x75, 0xA0, 0x02, 0x1C, 0x4B, 0xE0, 0x4C, 0x8D, 0xD8, 0xFC, 0x4C, 0x9C, 0xFA, 0xFB,
    0x4C, 0x9C, 0xFA, 0xFB, 0x34, 0x8B, 0xF5, 0xFB, 0x30, 0x92, 0xFB, 0xFC, 0x2F, 0x9A, 0xFE, 0xFB,
    0x2F, 0x9A, 0xFE, 0xFB, 0x34, 0xA6, 0xFB, 0xFB, 0x35, 0xAA, 0xF7, 0xFA, 0x23, 0x8F, 0xEC, 0xF8,
    0x09, 0x58, 0xB3, 0xFA, 0x09, 0x58, 0xB3, 0xFA, 0x00, 0x14, 0x4F, 0xFE, 0x0F, 0x35, 0x6C, 0xBA,
    0x28, 0x69, 0xB1, 0x35, 0x28, 0x69, 0xB1, 0x35, 0x32, 0x86, 0xD4, 0x06, 0x29, 0x78, 0xC9, 0x05,
    0x2A, 0x7C, 0xCF, 0x04, 0x2A, 0x7C, 0xCF, 0x04, 0x2A, 0x7E, 0xCF, 0x16, 0x2D, 0x78, 0xC6, 0x2B,
    0x2E, 0x79, 0xC7, 0x4B, 0x2E, 0x79, 0xC7, 0x4B, 0x2D, 0x7E, 0xCA, 0x3D, 0x24, 0x76, 0xBE, 0x69,
    0x04, 0x35, 0x78, 0xDB, 0x04, 0x35, 0x78, 0xDB, 0x00, 0x0F, 0x3F, 0xEE, 0x00, 0x10, 0x3C, 0xF8,
    0x00, 0x0D, 0x33, 0xFC, 0x00, 0x0F, 0x34, 0xFC, 0x00, 0x0F, 0x34, 0xFC, 0x00, 0x0C, 0x2E, 0xFD,
    0x00, 0x0C, 0x30, 0xFC, 0x00, 0x09, 0x31, 0xFA, 0x00, 0x09, 0x31, 0xFA, 0x00, 0x08, 0x33, 0xF4,
    0x0F, 0x44, 0x8C, 0xDD, 0x2B, 0x7E, 0xCC, 0x60, 0x2B, 0x7E, 0xCC, 0x60, 0x24, 0x71, 0xBF, 0x2B,
    0x27, 0x77, 0xC4, 0x21, 0x2B, 0x77, 0xC7, 0x19, 0x2B, 0x77, 0xC7, 0x19, 0x2B, 0x78, 0xC8, 0x04,
    0x25, 0x6F, 0xC1, 0x03, 0x23, 0x71, 0xC3, 0x06, 0x24, 0x6E, 0xBF, 0x04, 0x24, 0x6E, 0xBF, 0x04,
    0x1D, 0x44, 0x81, 0x6E, 0x07, 0x11, 0x3F, 0xE1, 0x00, 0x01, 0x30, 0xEC, 0x00, 0x01, 0x30, 0xEC,
    0x1D, 0x62, 0xB4, 0xFC, 0x37, 0xB5, 0xF4, 0xF6, 0x33, 0xB2, 0xF6, 0xFA, 0x33, 0xB2, 0xF6, 0xFA,
    0x36, 0xB0, 0xF8, 0xFA, 0x32, 0xA0, 0xF9, 0xFA, 0x37, 0x9D, 0xF9, 0xF9, 0x37, 0x9D, 0xF9, 0xF9,
    0x39, 0x98, 0xF8, 0xFB, 0x37, 0x9B, 0xFB, 0xFB, 0x3E, 0xA3, 0xFC, 0xF9, 0x36, 0x84, 0xDE, 0xFA,
    0x36, 0x84, 0xDE, 0xFA, 0x15, 0x46, 0x90, 0xF0, 0x10, 0x40, 0x88, 0x94, 0x35, 0x7C, 0xCB, 0x29,
    0x35, 0x7C, 0xCB, 0x29, 0x32, 0x7A, 0xCC, 0x01, 0x33, 0x7A, 0xCA, 0x03, 0x00, 0x00, 0x00, 0x00,
    0x00, 0x00, 0x00, 0x00, 0x00, 0x00, 0x00, 0x00, 0x00, 0x00, 0x00, 0x00, 0x00, 0x00, 0x00, 0x00,
    0x00, 0x00, 0x00, 0x00, 0x00, 0x00, 0x00, 0x00, 0x00, 0x00, 0x00, 0x00, 0x00, 0x00, 0x00, 0x00,
    0x00, 0x00, 0x00, 0x00, 0x00, 0x00, 0x00, 0x00, 0x00, 0x00, 0x00, 0x00, 0x00, 0x00, 0x00, 0x00,
    0x00, 0x00, 0x00, 0x00, 0x00, 0x00, 0x00, 0x00, 0x00, 0x00, 0x00, 0x00, 0x00, 0x00, 0x00, 0x00,
    0x00, 0x00, 0x00, 0x00, 0x00, 0x00, 0x00, 0x00, 0x00, 0x00, 0x00, 0x00, 0x00, 0x00, 0x00, 0x00,
    0x00, 0x00, 0x00, 0x00, 0x00, 0x00, 0x00, 0x00, 0x00, 0x00, 0x00, 0x00, 0x00, 0x00, 0x00, 0x00,
    0x00, 0x00, 0x00, 0x00, 0x00, 0x00, 0x00, 0x00, 0x00, 0x00, 0x00, 0x00, 0x00, 0x00, 0x00, 0x00,
    0x00, 0x00, 0x00, 0x00, 0x00, 0x00, 0x00, 0x00, 0x00, 0x00, 0x00, 0x00, 0x00, 0x00, 0x00, 0x00,
    0x00, 0x00, 0x00, 0x00, 0x00, 0x00, 0x00, 0x00, 0x00, 0x00, 0x00, 0x00, 0x00, 0x00, 0x00, 0x00,
    0x00, 0x00, 0x00, 0x00, 0x00, 0x00, 0x00, 0x00, 0x00, 0x00, 0x00, 0x00, 0x00, 0x00, 0x00, 0x00,
    0x00, 0x00, 0x00, 0x00, 0x00, 0x00, 0x00, 0x00, 0x35, 0x7B, 0xC3, 0x01, 0x35, 0x7B, 0xC3, 0x01,
    0x35, 0x7C, 0xC4, 0x01, 0x36, 0x7C, 0xC4, 0x01, 0x37, 0x7D, 0xC4, 0x03, 0x37, 0x7C, 0xC4, 0x07,
    0x37, 0x7C, 0xC4, 0x07, 0x35, 0x7B, 0xC3, 0x18, 0x2F, 0x78, 0xC2, 0x4F, 0x0D, 0x3C, 0x75, 0xA0,
    0x0D, 0x3C, 0x75, 0xA0, 0x02, 0x1C, 0x4B, 0xE0, 0x4C, 0x8D, 0xD8, 0xFC, 0x4C, 0x9C, 0xFA, 0xFB,
    0x4C, 0x9C, 0xFA, 0xFB, 0x34, 0x8B, 0xF5, 0xFB, 0x30, 0x92, 0xFB, 0xFC, 0x2F, 0x9A, 0xFE, 0xFB,
    0x2F, 0x9A, 0xFE, 0xFB, 0x34, 0xA6, 0xFB, 0xFB, 0x35, 0xAA, 0xF7, 0xFA, 0x23, 0x8F, 0xEC, 0xF8,
    0x09, 0x58, 0xB3, 0xFA, 0x09, 0x58, 0xB3, 0xFA, 0x00, 0x14, 0x4F, 0xFE, 0x0F, 0x35, 0x6C, 0xBA,
    0x28, 0x69, 0xB1, 0x35, 0x28, 0x69, 0xB1, 0x35, 0x32, 0x86, 0xD4, 0x06, 0x29, 0x78, 0xC9, 0x05,
    0x2A, 0x7C, 0xCF, 0x04, 0x2A, 0x7C, 0xCF, 0x04, 0x2A, 0x7E, 0xCF, 0x16, 0x2D, 0x78, 0xC6, 0x2B,
    0x2E, 0x79, 0xC7, 0x4B, 0x2E, 0x79, 0xC7, 0x4B, 0x2D, 0x7E, 0xCA, 0x3D, 0x24, 0x76, 0xBE, 0x69,
    0x04, 0x35, 0x78, 0xDB, 0x04, 0x35, 0x78, 0xDB, 0x00, 0x0F, 0x3F, 0xEE, 0x00, 0x10, 0x3C, 0xF8,
    0x00, 0x0D, 0x33, 0xFC, 0x00, 0x0F, 0x34, 0xFC, 0x00, 0x0F, 0x34, 0xFC, 0x00, 0x0C, 0x2E, 0xFD,
    0x00, 0x0C, 0x30, 0xFC, 0x00, 0x09, 0x31, 0xFA, 0x00, 0x09, 0x31, 0xFA, 0x00, 0x08, 0x33, 0xF4,
    0x0F, 0x44, 0x8C, 0xDD, 0x2B, 0x7E, 0xCC, 0x60, 0x2B, 0x7E, 0xCC, 0x60, 0x24, 0x71, 0xBF, 0x2B,
    0x27, 0x77, 0xC4, 0x21, 0x2B, 0x77, 0xC7, 0x19, 0x2B, 0x77, 0xC7, 0x19, 0x2B, 0x78, 0xC8, 0x04,
    0x25, 0x6F, 0xC1, 0x03, 0x23, 0x71, 0xC3, 0x06, 0x24, 0x6E, 0xBF, 0x04, 0x24, 0x6E, 0xBF, 0x04,
    0x1D, 0x44, 0x81, 0x6E, 0x07, 0x11, 0x3F, 0xE1, 0x00, 0x01, 0x30, 0xEC, 0x00, 0x01, 0x30, 0xEC,
    0x1D, 0x62, 0xB4, 0xFC, 0x37, 0xB5, 0xF4, 0xF6, 0x33, 0xB2, 0xF6, 0xFA, 0x33, 0xB2, 0xF6, 0xFA,
    0x36, 0xB0, 0xF8, 0xFA, 0x32, 0xA0, 0xF9, 0xFA, 0x37, 0x9D, 0xF9, 0xF9, 0x37, 0x9D, 0xF9, 0xF9,
    0x39, 0x98, 0xF8, 0xFB, 0x37, 0x9B, 0xFB, 0xFB, 0x3E, 0xA3, 0xFC, 0xF9, 0x36, 0x84, 0xDE, 0xFA,
    0x36, 0x84, 0xDE, 0xFA, 0x15, 0x46, 0x90, 0xF0, 0x10, 0x40, 0x88, 0x94, 0x35, 0x7C, 0xCB, 0x29,
    0x35, 0x7C, 0xCB, 0x29, 0x32, 0x7A, 0xCC, 0x01, 0x33, 0x7A, 0xCA, 0x03, 0x00, 0x00, 0x00, 0x00,
    0x00, 0x00, 0x00, 0x00, 0x00, 0x00, 0x00, 0x00, 0x00, 0x00, 0x00, 0x00, 0x00, 0x00, 0x00, 0x00,
    0x00, 0x00, 0x00, 0x00, 0x00, 0x00, 0x00, 0x00, 0x00, 0x00, 0x00, 0x00, 0x00, 0x00, 0x00, 0x00,
    0x00, 0x00, 0x00, 0x00, 0x00, 0x00, 0x00, 0x00, 0x00, 0x00, 0x00, 0x00, 0x00, 0x00, 0x00, 0x00,
    0x00, 0x00, 0x00, 0x00, 0x00, 0x00, 0x00, 0x00, 0x00, 0x00, 0x00, 0x00, 0x00, 0x00, 0x00, 0x00,
    0x00, 0x00, 0x00, 0x00, 0x00, 0x00, 0x00, 0x00, 0x00, 0x00, 0x00, 0x00, 0x00, 0x00, 0x00, 0x00,
    0x00, 0x00, 0x00, 0x00, 0x00, 0x00, 0x00, 0x00, 0x00, 0x00, 0x00, 0x00, 0x00, 0x00, 0x00, 0x00,
    0x00, 0x00, 0x00, 0x00, 0x00, 0x00, 0x00, 0x00, 0x00, 0x00, 0x00, 0x00, 0x00, 0x00, 0x00, 0x00,
    0x00, 0x00, 0x00, 0x00, 0x00, 0x00, 0x00, 0x00, 0x00, 0x00, 0x00, 0x00, 0x00, 0x00, 0x00, 0x00,
    0x00, 0x00, 0x00, 0x00, 0x00, 0x00, 0x00, 0x00, 0x00, 0x00, 0x00, 0x00, 0x00, 0x00, 0x00, 0x00,
    0x00, 0x00, 0x00, 0x00, 0x00, 0x00, 0x00, 0x00, 0x00, 0x00, 0x00, 0x00, 0x00, 0x00, 0x00, 0x00,
    0x00, 0x00, 0x00, 0x00, 0x00, 0x00, 0x00, 0x00, 0x35, 0x7B, 0xC4, 0x01, 0x35, 0x7B, 0xC4, 0x01,
    0x35, 0x7C, 0xC4, 0x01, 0x35, 0x7C, 0xC4, 0x01, 0x36, 0x7C, 0xC4, 0x03, 0x35, 0x7D, 0xC5, 0x09,
    0x35, 0x7D, 0xC5, 0x09, 0x36, 0x7D, 0xC3, 0x1E, 0x1C, 0x58, 0x95, 0x8D, 0x19, 0x4A, 0x7D, 0xE5,
    0x19, 0x4A, 0x7D, 0xE5, 0x51, 0x88, 0xC5, 0xF0, 0x64, 0xA0, 0xF6, 0xFA, 0x53, 0x93, 0xFA, 0xFA,
    0x53, 0x93, 0xFA, 0xFA, 0x45, 0x8D, 0xFA, 0xFB, 0x3C, 0x92, 0xFB, 0xFC, 0x3A, 0x9B, 0xFD, 0xFB,
    0x3A, 0x9B, 0xFD, 0xFB, 0x2C, 0x97, 0xFC, 0xFB, 0x28, 0xA1, 0xFB, 0xFC, 0x22, 0x9F, 0xFA, 0xFB,
    0x1D, 0x97, 0xF5, 0xFB, 0x1D, 0x97, 0xF5, 0xFB, 0x17, 0x66, 0xBA, 0xF6, 0x01, 0x19, 0x57, 0xF6,
    0x01, 0x19, 0x53, 0xF6, 0x01, 0x19, 0x53, 0xF6, 0x1E, 0x6C, 0xB2, 0x8F, 0x2A, 0x82, 0xD3, 0x07,
    0x2E, 0x89, 0xD9, 0x42, 0x2E, 0x89, 0xD9, 0x42, 0x20, 0x72, 0xBC, 0xD0, 0x01, 0x22, 0x61, 0xE4,
    0x00, 0x0D, 0x42, 0xFC, 0x00, 0x0D, 0x42, 0xFC, 0x01, 0x18, 0x53, 0xF9, 0x01, 0x2E, 0x7F, 0xFC,
    0x10, 0x6C, 0xCB, 0xF9, 0x10, 0x6C, 0xCB, 0xF9, 0x18, 0x83, 0xE9, 0xF5, 0x19, 0x84, 0xEA, 0xF5,
    0x17, 0x7C, 0xE6, 0xF7, 0x17, 0x7B, 0xE3, 0xF7, 0x17, 0x7B, 0xE3, 0xF7, 0x12, 0x73, 0xDE, 0xF8,
    0x12, 0x71, 0xDE, 0xF8, 0x13, 0x75, 0xDF, 0xF9, 0x13, 0x75, 0xDF, 0xF9, 0x19, 0x74, 0xD7, 0xFA,
    0x07, 0x47, 0x9C, 0xFC, 0x00, 0x15, 0x54, 0xF8, 0x00, 0x15, 0x54, 0xF8, 0x00, 0x0B, 0x3D, 0xF0,
    0x00, 0x12, 0x42, 0xE5, 0x02, 0x1E, 0x56, 0xDB, 0x02, 0x1E, 0x56, 0xDB, 0x1B, 0x53, 0x93, 0x79,
    0x1F, 0x72, 0xC1, 0x0C, 0x22, 0x83, 0xD1, 0x27, 0x10, 0x49, 0x89, 0x73, 0x10, 0x49, 0x89, 0x73,
    0x00, 0x01, 0x29, 0xEC, 0x08, 0x21, 0x60, 0xF4, 0x23, 0x6E, 0xC3, 0xF6, 0x23, 0x6E, 0xC3, 0xF6,
    0x2D, 0xA3, 0xF1, 0xF9, 0x25, 0xA1, 0xF4, 0xFA, 0x20, 0x9C, 0xF6, 0xFA, 0x20, 0x9C, 0xF6, 0xFA,
    0x25, 0x9C, 0xF8, 0xF9, 0x31, 0x9B, 0xFB, 0xFA, 0x3D, 0x9A, 0xFC, 0xFA, 0x3D, 0x9A, 0xFC, 0xFA,
    0x45, 0x98, 0xFC, 0xFA, 0x4A, 0x9C, 0xFD, 0xFA, 0x46, 0x9B, 0xFD, 0xF9, 0x49, 0xAD, 0xFD, 0xFB,
    0x49, 0xAD, 0xFD, 0xFB, 0x38, 0x8F, 0xE6, 0xF9, 0x04, 0x26, 0x5C, 0xE7, 0x18, 0x53, 0x91, 0x81,
    0x18, 0x53, 0x91, 0x81, 0x35, 0x7E, 0xD2, 0x05, 0x30, 0x77, 0xC9, 0x02, 0x34, 0x7B, 0xCB, 0x01,
    0x34, 0x7B, 0xCB, 0x01, 0x00, 0x00, 0x00, 0x00, 0x00, 0x00, 0x00, 0x00, 0x00, 0x00, 0x00, 0x00,
    0x00, 0x00, 0x00, 0x00, 0x00, 0x00, 0x00, 0x00, 0x00, 0x00, 0x00, 0x00, 0x00, 0x00, 0x00, 0x00,
    0x00, 0x00, 0x00, 0x00, 0x00, 0x00, 0x00, 0x00, 0x00, 0x00, 0x00, 0x00, 0x00, 0x00, 0x00, 0x00,
    0x00, 0x00, 0x00, 0x00, 0x00, 0x00, 0x00, 0x00, 0x00, 0x00, 0x00, 0x00, 0x00, 0x00, 0x00, 0x00,
    0x00, 0x00, 0x00, 0x00, 0x00, 0x00, 0x00, 0x00, 0x00, 0x00, 0x00, 0x00, 0x00, 0x00, 0x00, 0x00,
    0x00, 0x00, 0x00, 0x00, 0x00, 0x00, 0x00, 0x00, 0x00, 0x00, 0x00, 0x00, 0x00, 0x00, 0x00, 0x00,
    0x00, 0x00, 0x00, 0x00, 0x00, 0x00, 0x00, 0x00, 0x00, 0x00, 0x00, 0x00, 0x00, 0x00, 0x00, 0x00,
    0x00, 0x00, 0x00, 0x00, 0x00, 0x00, 0x00, 0x00, 0x00, 0x00, 0x00, 0x00, 0x00, 0x00, 0x00, 0x00,
    0x00, 0x00, 0x00, 0x00, 0x00, 0x00, 0x00, 0x00, 0x00, 0x00, 0x00, 0x00, 0x00, 0x00, 0x00, 0x00,
    0x00, 0x00, 0x00, 0x00, 0x00, 0x00, 0x00, 0x00, 0x00, 0x00, 0x00, 0x00, 0x00, 0x00, 0x00, 0x00,
    0x00, 0x00, 0x00, 0x00, 0x00, 0x00, 0x00, 0x00, 0x35, 0x7C, 0xC5, 0x01, 0x35, 0x7C, 0xC5, 0x01,
    0x35, 0x7C, 0xC5, 0x01, 0x36, 0x7C, 0xC5, 0x01, 0x36, 0x7C, 0xC5, 0x03, 0x34, 0x7F, 0xC9, 0x08,
    0x34, 0x7F, 0xC9, 0x08, 0x2E, 0x71, 0xB4, 0x21, 0x06, 0x20, 0x4B, 0x8A, 0x30, 0x5A, 0x8D, 0xE4,
    0x30, 0x5A, 0x8D, 0xE4, 0x7A, 0xB1, 0xF3, 0xF7, 0x6D, 0x96, 0xF7, 0xFA, 0x5F, 0x86, 0xF7, 0xFB,
    0x5F, 0x86, 0xF7, 0xFB, 0x56, 0x89, 0xF9, 0xFC, 0x46, 0x83, 0xF3, 0xFC, 0x3F, 0x8B, 0xF9, 0xFC,
    0x3F, 0x8B, 0xF9, 0xFC, 0x37, 0x9A, 0xFD, 0xFC, 0x2F, 0x9E, 0xFE, 0xFC, 0x24, 0x95, 0xFC, 0xFC,
    0x1D, 0x9B, 0xFB, 0xFC, 0x1D, 0x9B, 0xFB, 0xFC, 0x1C, 0x99, 0xF6, 0xFB, 0x18, 0x7F, 0xD9, 0xF9,
    0x18, 0x73, 0xB9, 0xF8, 0x18, 0x73, 0xB9, 0xF8, 0x0E, 0x46, 0x80, 0xF7, 0x0D, 0x2E, 0x62, 0xD5,
    0x0B, 0x2D, 0x65, 0xEE, 0x0B, 0x2D, 0x65, 0xEE, 0x05, 0x2F, 0x74, 0xFB, 0x0F, 0x51, 0x9D, 0xF3,
    0x12, 0x52, 0xAD, 0xF7, 0x12, 0x52, 0xAD, 0xF7, 0x19, 0x67, 0xC9, 0xF7, 0x19, 0x80, 0xEC, 0xF8,
    0x1A, 0x91, 0xFF, 0xF8, 0x1A, 0x91, 0xFF, 0xF8, 0x15, 0x8E, 0xFF, 0xFA, 0x15, 0x8F, 0xFF, 0xFA,
    0x14, 0x8D, 0xFF, 0xFB, 0x14, 0x8E, 0xFF, 0xFB, 0x14, 0x8E, 0xFF, 0xFB, 0x13, 0x8D, 0xFF, 0xFC,
    0x13, 0x8D, 0xFF, 0xFC, 0x14, 0x8D, 0xFF, 0xFC, 0x14, 0x8D, 0xFF, 0xFC, 0x18, 0x92, 0xFF, 0xFB,
    0x1B, 0x85, 0xF5, 0xFA, 0x15, 0x63, 0xC7, 0xFB, 0x15, 0x63, 0xC7, 0xFB, 0x0B, 0x4B, 0xA7, 0xF9,
    0x08, 0x53, 0xA7, 0xF3, 0x05, 0x40, 0x86, 0xF8, 0x05, 0x40, 0x86, 0xF8, 0x00, 0x0C, 0x3A, 0xED,
    0x08, 0x1F, 0x50, 0xC1, 0x13, 0x34, 0x64, 0xD9, 0x04, 0x24, 0x58, 0xE4, 0x04, 0x24, 0x58, 0xE4,
    0x18, 0x5F, 0xAA, 0xF7, 0x26, 0x90, 0xE6, 0xF7, 0x2C, 0xAA, 0xF3, 0xFA, 0x2C, 0xAA, 0xF3, 0xFA,
    0x22, 0x9C, 0xF4, 0xFA, 0x20, 0x98, 0xF6, 0xF9, 0x25, 0x9D, 0xF8, 0xFA, 0x25, 0x9D, 0xF8, 0xFA,
    0x32, 0xA0, 0xFA, 0xFB, 0x39, 0x90, 0xFB, 0xFB, 0x46, 0x87, 0xF8, 0xFA, 0x46, 0x87, 0xF8, 0xFA,
    0x58, 0x93, 0xFD, 0xFB, 0x5E, 0x97, 0xFD, 0xFA, 0x58, 0x8B, 0xF8, 0xFB, 0x57, 0xA0, 0xFE, 0xFA,
    0x57, 0xA0, 0xFE, 0xFA, 0x3A, 0x82, 0xE1, 0xFA, 0x01, 0x0D, 0x2E, 0xF5, 0x10, 0x41, 0x73, 0x82,
    0x10, 0x41, 0x73, 0x82, 0x3A, 0x8A, 0xDF, 0x19, 0x2E, 0x76, 0xC9, 0x01, 0x32, 0x7B, 0xCB, 0x02,
    0x32, 0x7B, 0xCB, 0x02, 0x00, 0x00, 0x00, 0x00, 0x00, 0x00, 0x00, 0x00, 0x00, 0x00, 0x00, 0x00,
    0x00, 0x00, 0x00, 0x00, 0x00, 0x00, 0x00, 0x00, 0x00, 0x00, 0x00, 0x00, 0x00, 0x00, 0x00, 0x00,
    0x00, 0x00, 0x00, 0x00, 0x00, 0x00, 0x00, 0x00, 0x00, 0x00, 0x00, 0x00, 0x00, 0x00, 0x00, 0x00,
    0x00, 0x00, 0x00, 0x00, 0x00, 0x00, 0x00, 0x00, 0x00, 0x00, 0x00, 0x00, 0x00, 0x00, 0x00, 0x00,
    0x00, 0x00, 0x00, 0x00, 0x00, 0x00, 0x00, 0x00, 0x00, 0x00, 0x00, 0x00, 0x00, 0x00, 0x00, 0x00,
    0x00, 0x00, 0x00, 0x00, 0x00, 0x00, 0x00, 0x00, 0x00, 0x00, 0x00, 0x00, 0x00, 0x00, 0x00, 0x00,
    0x00, 0x00, 0x00, 0x00, 0x00, 0x00, 0x00, 0x00, 0x00, 0x00, 0x00, 0x00, 0x00, 0x00, 0x00, 0x00,
    0x00, 0x00, 0x00, 0x00, 0x00, 0x00, 0x00, 0x00, 0x00, 0x00, 0x00, 0x00, 0x00, 0x00, 0x00, 0x00,
    0x00, 0x00, 0x00, 0x00, 0x00, 0x00, 0x00, 0x00, 0x00, 0x00, 0x00, 0x00, 0x00, 0x00, 0x00, 0x00,
    0x00, 0x00, 0x00, 0x00, 0x00, 0x00, 0x00, 0x00, 0x00, 0x00, 0x00, 0x00, 0x00, 0x00, 0x00, 0x00,
    0x00, 0x00, 0x00, 0x00, 0x00, 0x00, 0x00, 0x00, 0x36, 0x7D, 0xC6, 0x01, 0x36, 0x7D, 0xC6, 0x01,
    0x35, 0x7D, 0xC5, 0x01, 0x36, 0x7D, 0xC6, 0x01, 0x33, 0x7C, 0xC5, 0x05, 0x37, 0x87, 0xCF, 0x0F,
    0x37, 0x87, 0xCF, 0x0F, 0x3A, 0x7E, 0xBB, 0x52, 0x03, 0x10, 0x31, 0x9E, 0x14, 0x21, 0x5A, 0xF7,
    0x14, 0x21, 0x5A, 0xF7, 0x73, 0x95, 0xEC, 0xFB, 0x76, 0x97, 0xFB, 0xFA, 0x6B, 0x8A, 0xFA, 0xFB,
    0x6B, 0x8A, 0xFA, 0xFB, 0x63, 0x86, 0xF9, 0xFB, 0x55, 0x7C, 0xED, 0xFB, 0x4B, 0x80, 0xF2, 0xFB,
    0x4B, 0x80, 0xF2, 0xFB, 0x41, 0x97, 0xFC, 0xFC, 0x36, 0x9F, 0xFD, 0xFC, 0x2B, 0x96, 0xFC, 0xFC,
    0x25, 0x9C, 0xFC, 0xFC, 0x25, 0x9C, 0xFC, 0xFC, 0x1A, 0x97, 0xFA, 0xFC, 0x19, 0xA0, 0xFA, 0xFC,
    0x28, 0xAB, 0xF7, 0xFB, 0x28, 0xAB, 0xF7, 0xFB, 0x05, 0x3A, 0x7E, 0xFB, 0x00, 0x0F, 0x3F, 0xFE,
    0x12, 0x4B, 0x99, 0xFC, 0x12, 0x4B, 0x99, 0xFC, 0x16, 0x72, 0xDD, 0xFA, 0x24, 0x9A, 0xFE, 0xFA,
    0x20, 0x93, 0xFF, 0xFB, 0x20, 0x93, 0xFF, 0xFB, 0x26, 0x9C, 0xFF, 0xFA, 0x22, 0x9A, 0xFF, 0xFA,
    0x21, 0x93, 0xFE, 0xFA, 0x21, 0x93, 0xFE, 0xFA, 0x1D, 0x8D, 0xF9, 0xFB, 0x1C, 0x8B, 0xF9, 0xFB,
    0x1B, 0x89, 0xF8, 0xFC, 0x1A, 0x88, 0xF7, 0xFC, 0x1A, 0x88, 0xF7, 0xFC, 0x1A, 0x89, 0xF7, 0xFC,
    0x1A, 0x89, 0xF8, 0xFC, 0x1B, 0x89, 0xF9, 0xFC, 0x1B, 0x89, 0xF9, 0xFC, 0x1D, 0x8F, 0xFC, 0xFC,
    0x1D, 0x90, 0xFD, 0xFC, 0x1D, 0x90, 0xFC, 0xFB, 0x1D, 0x90, 0xFC, 0xFB, 0x13, 0x83, 0xF5, 0xFA,
    0x0D, 0x84, 0xF1, 0xFA, 0x0E, 0x7D, 0xE4, 0xFA, 0x0E, 0x7D, 0xE4, 0xFA, 0x0F, 0x4C, 0xA3, 0xFA,
    0x04, 0x18, 0x51, 0xFC, 0x00, 0x03, 0x29, 0xFA, 0x10, 0x4A, 0x97, 0xF8, 0x10, 0x4A, 0x97, 0xF8,
    0x2A, 0xA7, 0xF2, 0xF9, 0x23, 0xA0, 0xF4, 0xFB, 0x1D, 0x9B, 0xF5, 0xFA, 0x1D, 0x9B, 0xF5, 0xFA,
    0x21, 0x9D, 0xF8, 0xFB, 0x24, 0xA0, 0xFA, 0xFA, 0x28, 0x9D, 0xFC, 0xFB, 0x28, 0x9D, 0xFC, 0xFB,
    0x3A, 0x98, 0xFC, 0xFA, 0x49, 0x85, 0xF8, 0xFB, 0x5D, 0x7F, 0xF4, 0xFB, 0x5D, 0x7F, 0xF4, 0xFB,
    0x6B, 0x88, 0xFA, 0xFB, 0x6F, 0x8F, 0xFC, 0xFB, 0x70, 0x8F, 0xFB, 0xFC, 0x6F, 0xA1, 0xFE, 0xFB,
    0x6F, 0xA1, 0xFE, 0xFB, 0x45, 0x7D, 0xE3, 0xFA, 0x04, 0x1D, 0x57, 0xFB, 0x0E, 0x3F, 0x76, 0xC3,
    0x0E, 0x3F, 0x76, 0xC3, 0x2F, 0x75, 0xBF, 0x56, 0x00, 0x00, 0x00, 0x00, 0x33, 0x7D, 0xCD, 0x03,
    0x33, 0x7D, 0xCD, 0x03, 0x00, 0x00, 0x00, 0x00, 0x00, 0x00, 0x00, 0x00, 0x00, 0x00, 0x00, 0x00,
    0x00, 0x00, 0x00, 0x00, 0x00, 0x00, 0x00, 0x00, 0x00, 0x00, 0x00, 0x00, 0x00, 0x00, 0x00, 0x00,
    0x00, 0x00, 0x00, 0x00, 0x00, 0x00, 0x00, 0x00, 0x00, 0x00, 0x00, 0x00, 0x00, 0x00, 0x00, 0x00,
    0x00, 0x00, 0x00, 0x00, 0x00, 0x00, 0x00, 0x00, 0x00, 0x00, 0x00, 0x00, 0x00, 0x00, 0x00, 0x00,
    0x00, 0x00, 0x00, 0x00, 0x00, 0x00, 0x00, 0x00, 0x00, 0x00, 0x00, 0x00, 0x00, 0x00, 0x00, 0x00,
    0x00, 0x00, 0x00, 0x00, 0x00, 0x00, 0x00, 0x00, 0x00, 0x00, 0x00, 0x00, 0x00, 0x00, 0x00, 0x00,
    0x00, 0x00, 0x00, 0x00, 0x00, 0x00, 0x00, 0x00, 0x00, 0x00, 0x00, 0x00, 0x00, 0x00, 0x00, 0x00,
    0x00, 0x00, 0x00, 0x00, 0x00, 0x00, 0x00, 0x00, 0x00, 0x00, 0x00, 0x00, 0x00, 0x00, 0x00, 0x00,
    0x00, 0x00, 0x00, 0x00, 0x00, 0x00, 0x00, 0x00, 0x00, 0x00, 0x00, 0x00, 0x00, 0x00, 0x00, 0x00,
    0x00, 0x00, 0x00, 0x00, 0x00, 0x00, 0x00, 0x00, 0x00, 0x00, 0x00, 0x00, 0x00, 0x00, 0x00, 0x00,
    0x00, 0x00, 0x00, 0x00, 0x00, 0x00, 0x00, 0x00, 0x36, 0x7E, 0xC6, 0x01, 0x36, 0x7E, 0xC6, 0x01,
    0x36, 0x7E, 0xC6, 0x01, 0x36, 0x7E, 0xC5, 0x01, 0x37, 0x7E, 0xC7, 0x08, 0x34, 0x77, 0xB9, 0x34,
    0x34, 0x77, 0xB9, 0x34, 0x12, 0x39, 0x6B, 0xCC, 0x30, 0x4F, 0x83, 0xE8, 0x66, 0x85, 0xCF, 0xFB,
    0x66, 0x85, 0xCF, 0xFB, 0x7E, 0x9D, 0xF7, 0xF9, 0x75, 0x8F, 0xFA, 0xFA, 0x6C, 0x84, 0xF8, 0xFC,
    0x6C, 0x84, 0xF8, 0xFC, 0x64, 0x7F, 0xF4, 0xFB, 0x5F, 0x7A, 0xEC, 0xFB, 0x55, 0x77, 0xE9, 0xFB,
    0x55, 0x77, 0xE9, 0xFB, 0x45, 0x7F, 0xF1, 0xFC, 0x3D, 0x96, 0xFB, 0xFC, 0x35, 0x9D, 0xFD, 0xFC,
    0x30, 0xA2, 0xFD, 0xFC, 0x30, 0xA2, 0xFD, 0xFC, 0x23, 0x92, 0xFB, 0xFC, 0x14, 0x86, 0xF3, 0xFC,
    0x0D, 0x70, 0xD7, 0xFC, 0x0D, 0x70, 0xD7, 0xFC, 0x13, 0x66, 0xC1, 0xFB, 0x2C, 0x86, 0xE6, 0xFA,
    0x32, 0xA9, 0xFD, 0xFA, 0x32, 0xA9, 0xFD, 0xFA, 0x22, 0x8F, 0xFA, 0xFB, 0x1F, 0x8C, 0xF9, 0xFB,
    0x23, 0x92, 0xFB, 0xFB, 0x23, 0x92, 0xFB, 0xFB, 0x25, 0x92, 0xFA, 0xFB, 0x27, 0x96, 0xFA, 0xFB,
    0x24, 0x93, 0xF8, 0xFB, 0x24, 0x93, 0xF8, 0xFB, 0x21, 0x8E, 0xF5, 0xFB, 0x1F, 0x8C, 0xF5, 0xFC,
    0x1D, 0x89, 0xF4, 0xFB, 0x1C, 0x88, 0xF3, 0xFC, 0x1C, 0x88, 0xF3, 0xFC, 0x1D, 0x89, 0xF3, 0xFC,
    0x21, 0x8E, 0xF9, 0xFC, 0x23, 0x90, 0xFB, 0xFC, 0x23, 0x90, 0xFB, 0xFC, 0x24, 0x93, 0xFC, 0xFC,
    0x1C, 0x89, 0xF7, 0xFC, 0x1B, 0x8B, 0xFA, 0xFC, 0x1B, 0x8B, 0xFA, 0xFC, 0x15, 0x85, 0xF5, 0xFC,
    0x0F, 0x81, 0xF0, 0xFC, 0x0E, 0x7C, 0xE9, 0xFC, 0x0E, 0x7C, 0xE9, 0xFC, 0x18, 0x83, 0xEA, 0xFB,
    0x1C, 0x6F, 0xCF, 0xFA, 0x1D, 0x68, 0xC2, 0xFA, 0x2C, 0x96, 0xED, 0xFC, 0x2C, 0x96, 0xED, 0xFC,
    0x28, 0x9D, 0xF5, 0xFB, 0x23, 0x9C, 0xF7, 0xFB, 0x27, 0xA1, 0xF9, 0xFB, 0x27, 0xA1, 0xF9, 0xFB,
    0x27, 0x98, 0xF9, 0xFB, 0x25, 0x97, 0xFC, 0xFB, 0x36, 0xA1, 0xFD, 0xFB, 0x36, 0xA1, 0xFD, 0xFB,
    0x44, 0x89, 0xFA, 0xFB, 0x56, 0x74, 0xEC, 0xFB, 0x6C, 0x7F, 0xF4, 0xFB, 0x6C, 0x7F, 0xF4, 0xFB,
    0x76, 0x84, 0xF7, 0xFC, 0x77, 0x87, 0xF9, 0xFC, 0x7B, 0x8C, 0xFB, 0xFC, 0x72, 0x8E, 0xFC, 0xFC,
    0x72, 0x8E, 0xFC, 0xFC, 0x64, 0x9A, 0xFA, 0xFC, 0x60, 0xAB, 0xF5, 0xFA, 0x12, 0x4F, 0x8C, 0xFB,
    0x12, 0x4F, 0x8C, 0xFB, 0x02, 0x1B, 0x5D, 0xA1, 0x38, 0x7B, 0xCD, 0x05, 0x33, 0x7E, 0xD0, 0x02,
    0x33, 0x7E, 0xD0, 0x02, 0x34, 0x7C, 0xCB, 0x01, 0x00, 0x00, 0x00, 0x00, 0x00, 0x00, 0x00, 0x00,
    0x00, 0x00, 0x00, 0x00, 0x00, 0x00, 0x00, 0x00, 0x00, 0x00, 0x00, 0x00, 0x00, 0x00, 0x00, 0x00,
    0x00, 0x00, 0x00, 0x00, 0x00, 0x00, 0x00, 0x00, 0x00, 0x00, 0x00, 0x00, 0x00, 0x00, 0x00, 0x00,
    0x00, 0x00, 0x00, 0x00, 0x00, 0x00, 0x00, 0x00, 0x00, 0x00, 0x00, 0x00, 0x00, 0x00, 0x00, 0x00,
    0x00, 0x00, 0x00, 0x00, 0x00, 0x00, 0x00, 0x00, 0x00, 0x00, 0x00, 0x00, 0x00, 0x00, 0x00, 0x00,
    0x00, 0x00, 0x00, 0x00, 0x00, 0x00, 0x00, 0x00, 0x00, 0x00, 0x00, 0x00, 0x00, 0x00, 0x00, 0x00,
    0x00, 0x00, 0x00, 0x00, 0x00, 0x00, 0x00, 0x00, 0x00, 0x00, 0x00, 0x00, 0x00, 0x00, 0x00, 0x00,
    0x00, 0x00, 0x00, 0x00, 0x00, 0x00, 0x00, 0x00, 0x00, 0x00, 0x00, 0x00, 0x00, 0x00, 0x00, 0x00,
    0x00, 0x00, 0x00, 0x00, 0x00, 0x00, 0x00, 0x00, 0x00, 0x00, 0x00, 0x00, 0x00, 0x00, 0x00, 0x00,
    0x00, 0x00, 0x00, 0x00, 0x00, 0x00, 0x00, 0x00, 0x00, 0x00, 0x00, 0x00, 0x00, 0x00, 0x00, 0x00,
    0x00, 0x00, 0x00, 0x00, 0x00, 0x00, 0x00, 0x00, 0x36, 0x7E, 0xC6, 0x01, 0x36, 0x7E, 0xC6, 0x01,
    0x36, 0x7E, 0xC6, 0x01, 0x36, 0x7E, 0xC5, 0x01, 0x37, 0x7E, 0xC7, 0x08, 0x34, 0x77, 0xB9, 0x34,
    0x34, 0x77, 0xB9, 0x34, 0x12, 0x39, 0x6B, 0xCC, 0x30, 0x4F, 0x83, 0xE8, 0x66, 0x85, 0xCF, 0xFB,
    0x66, 0x85, 0xCF, 0xFB, 0x7E, 0x9D, 0xF7, 0xF9, 0x75, 0x8F, 0xFA, 0xFA, 0x6C, 0x84, 0xF8, 0xFC,
    0x6C, 0x84, 0xF8, 0xFC, 0x64, 0x7F, 0xF4, 0xFB, 0x5F, 0x7A, 0xEC, 0xFB, 0x55, 0x77, 0xE9, 0xFB,
    0x55, 0x77, 0xE9, 0xFB, 0x45, 0x7F, 0xF1, 0xFC, 0x3D, 0x96, 0xFB, 0xFC, 0x35, 0x9D, 0xFD, 0xFC,
    0x30, 0xA2, 0xFD, 0xFC, 0x30, 0xA2, 0xFD, 0xFC, 0x23, 0x92, 0xFB, 0xFC, 0x14, 0x86, 0xF3, 0xFC,
    0x0D, 0x70, 0xD7, 0xFC, 0x0D, 0x70, 0xD7, 0xFC, 0x13, 0x66, 0xC1, 0xFB, 0x2C, 0x86, 0xE6, 0xFA,
    0x32, 0xA9, 0xFD, 0xFA, 0x32, 0xA9, 0xFD, 0xFA, 0x22, 0x8F, 0xFA, 0xFB, 0x1F, 0x8C, 0xF9, 0xFB,
    0x23, 0x92, 0xFB, 0xFB, 0x23, 0x92, 0xFB, 0xFB, 0x25, 0x92, 0xFA, 0xFB, 0x27, 0x96, 0xFA, 0xFB,
    0x24, 0x93, 0xF8, 0xFB, 0x24, 0x93, 0xF8, 0xFB, 0x21, 0x8E, 0xF5, 0xFB, 0x1F, 0x8C, 0xF5, 0xFC,
    0x1D, 0x89, 0xF4, 0xFB, 0x1C, 0x88, 0xF3, 0xFC, 0x1C, 0x88, 0xF3, 0xFC, 0x1D, 0x89, 0xF3, 0xFC,
    0x21, 0x8E, 0xF9, 0xFC, 0x23, 0x90, 0xFB, 0xFC, 0x23, 0x90, 0xFB, 0xFC, 0x24, 0x93, 0xFC, 0xFC,
    0x1C, 0x89, 0xF7, 0xFC, 0x1B, 0x8B, 0xFA, 0xFC, 0x1B, 0x8B, 0xFA, 0xFC, 0x15, 0x85, 0xF5, 0xFC,
    0x0F, 0x81, 0xF0, 0xFC, 0x0E, 0x7C, 0xE9, 0xFC, 0x0E, 0x7C, 0xE9, 0xFC, 0x18, 0x83, 0xEA, 0xFB,
    0x1C, 0x6F, 0xCF, 0xFA, 0x1D, 0x68, 0xC2, 0xFA, 0x2C, 0x96, 0xED, 0xFC, 0x2C, 0x96, 0xED, 0xFC,
    0x28, 0x9D, 0xF5, 0xFB, 0x23, 0x9C, 0xF7, 0xFB, 0x27, 0xA1, 0xF9, 0xFB, 0x27, 0xA1, 0xF9, 0xFB,
    0x27, 0x98, 0xF9, 0xFB, 0x25, 0x97, 0xFC, 0xFB, 0x36, 0xA1, 0xFD, 0xFB, 0x36, 0xA1, 0xFD, 0xFB,
    0x44, 0x89, 0xFA, 0xFB, 0x56, 0x74, 0xEC, 0xFB, 0x6C, 0x7F, 0xF4, 0xFB, 0x6C, 0x7F, 0xF4, 0xFB,
    0x76, 0x84, 0xF7, 0xFC, 0x77, 0x87, 0xF9, 0xFC, 0x7B, 0x8C, 0xFB, 0xFC, 0x72, 0x8E, 0xFC, 0xFC,
    0x72, 0x8E, 0xFC, 0xFC, 0x64, 0x9A, 0xFA, 0xFC, 0x60, 0xAB, 0xF5, 0xFA, 0x12, 0x4F, 0x8C, 0xFB,
    0x12, 0x4F, 0x8C, 0xFB, 0x02, 0x1B, 0x5D, 0xA1, 0x38, 0x7B, 0xCD, 0x05, 0x33, 0x7E, 0xD0, 0x02,
    0x33, 0x7E, 0xD0, 0x02, 0x34, 0x7C, 0xCB, 0x01, 0x00, 0x00, 0x00, 0x00, 0x00, 0x00, 0x00, 0x00,
    0x00, 0x00, 0x00, 0x00, 0x00, 0x00, 0x00, 0x00, 0x00, 0x00, 0x00, 0x00, 0x00, 0x00, 0x00, 0x00,
    0x00, 0x00, 0x00, 0x00, 0x00, 0x00, 0x00, 0x00, 0x00, 0x00, 0x00, 0x00, 0x00, 0x00, 0x00, 0x00,
    0x00, 0x00, 0x00, 0x00, 0x00, 0x00, 0x00, 0x00, 0x00, 0x00, 0x00, 0x00, 0x00, 0x00, 0x00, 0x00,
    0x00, 0x00, 0x00, 0x00, 0x00, 0x00, 0x00, 0x00, 0x00, 0x00, 0x00, 0x00, 0x00, 0x00, 0x00, 0x00,
    0x00, 0x00, 0x00, 0x00, 0x00, 0x00, 0x00, 0x00, 0x00, 0x00, 0x00, 0x00, 0x00, 0x00, 0x00, 0x00,
    0x00, 0x00, 0x00, 0x00, 0x00, 0x00, 0x00, 0x00, 0x00, 0x00, 0x00, 0x00, 0x00, 0x00, 0x00, 0x00,
    0x00, 0x00, 0x00, 0x00, 0x00, 0x00, 0x00, 0x00, 0x00, 0x00, 0x00, 0x00, 0x00, 0x00, 0x00, 0x00,
    0x00, 0x00, 0x00, 0x00, 0x00, 0x00, 0x00, 0x00, 0x00, 0x00, 0x00, 0x00, 0x00, 0x00, 0x00, 0x00,
    0x00, 0x00, 0x00, 0x00, 0x00, 0x00, 0x00, 0x00, 0x00, 0x00, 0x00, 0x00, 0x00, 0x00, 0x00, 0x00,
    0x00, 0x00, 0x00, 0x00, 0x35, 0x7E, 0xC6, 0x01, 0x36, 0x7E, 0xC6, 0x01, 0x36, 0x7E, 0xC6, 0x01,
    0x36, 0x7E, 0xC7, 0x01, 0x34, 0x7D, 0xC5, 0x01, 0x39, 0x84, 0xCC, 0x0D, 0x28, 0x61, 0xA0, 0x50,
    0x28, 0x61, 0xA0, 0x50, 0x00, 0x06, 0x1F, 0xD8, 0x5E, 0x84, 0xC8, 0xF2, 0x93, 0xBB, 0xFB, 0xFA,
    0x93, 0xBB, 0xFB, 0xFA, 0x75, 0x93, 0xF8, 0xFA, 0x73, 0x8B, 0xFA, 0xFB, 0x6B, 0x82, 0xF8, 0xFB,
    0x6B, 0x82, 0xF8, 0xFB, 0x68, 0x81, 0xF6, 0xFB, 0x61, 0x78, 0xEC, 0xFB, 0x5A, 0x73, 0xE9, 0xFB,
    0x5A, 0x73, 0xE9, 0xFB, 0x4C, 0x78, 0xEB, 0xFC, 0x46, 0x94, 0xFA, 0xFC, 0x3C, 0xA0, 0xFD, 0xFC,
    0x32, 0x9F, 0xFD, 0xFC, 0x32, 0x9F, 0xFD, 0xFC, 0x29, 0x96, 0xFB, 0xFC, 0x25, 0x94, 0xFA, 0xFC,
    0x1C, 0x85, 0xF2, 0xFC, 0x1C, 0x85, 0xF2, 0xFC, 0x27, 0x96, 0xFB, 0xFB, 0x24, 0x94, 0xFB, 0xFC,
    0x21, 0x93, 0xFB, 0xFB, 0x21, 0x93, 0xFB, 0xFB, 0x1E, 0x8F, 0xF8, 0xFC, 0x22, 0x91, 0xF9, 0xFB,
    0x25, 0x92, 0xF9, 0xFC, 0x25, 0x92, 0xF9, 0xFC, 0x2B, 0x98, 0xFC, 0xFC, 0x2A, 0x98, 0xFC, 0xFB,
    0x24, 0x92, 0xFA, 0xFC, 0x24, 0x92, 0xFA, 0xFC, 0x1D, 0x8B, 0xF5, 0xFB, 0x1C, 0x8A, 0xF4, 0xFB,
    0x1B, 0x8A, 0xF4, 0xFC, 0x1D, 0x8C, 0xF6, 0xFC, 0x1D, 0x8C, 0xF6, 0xFC, 0x1D, 0x8A, 0xF3, 0xFC,
    0x22, 0x91, 0xF9, 0xFC, 0x26, 0x96, 0xFC, 0xFC, 0x26, 0x96, 0xFC, 0xFC, 0x23, 0x92, 0xFB, 0xFC,
    0x1F, 0x8F, 0xF9, 0xFC, 0x1C, 0x8D, 0xF8, 0xFC, 0x1C, 0x8D, 0xF8, 0xFC, 0x17, 0x88, 0xF6, 0xFC,
    0x17, 0x8B, 0xF7, 0xFC, 0x12, 0x85, 0xF2, 0xFC, 0x12, 0x85, 0xF2, 0xFC, 0x14, 0x87, 0xF5, 0xFC,
    0x1C, 0x8D, 0xF6, 0xFC, 0x29, 0x9F, 0xFA, 0xFC, 0x2A, 0xA1, 0xFA, 0xFC, 0x2A, 0xA1, 0xFA, 0xFC,
    0x26, 0x9C, 0xFA, 0xFC, 0x26, 0x9B, 0xFB, 0xFB, 0x2A, 0xA1, 0xFC, 0xFB, 0x2A, 0xA1, 0xFC, 0xFB,
    0x28, 0x97, 0xFC, 0xFB, 0x35, 0x9E, 0xFD, 0xFB, 0x43, 0x99, 0xFC, 0xFB, 0x43, 0x99, 0xFC, 0xFB,
    0x52, 0x7F, 0xF6, 0xFB, 0x63, 0x72, 0xEF, 0xFB, 0x71, 0x7D, 0xF4, 0xFB, 0x71, 0x7D, 0xF4, 0xFB,
    0x77, 0x85, 0xF7, 0xFB, 0x7F, 0x8D, 0xFB, 0xFC, 0x7E, 0x8A, 0xF9, 0xFC, 0x7B, 0x91, 0xFA, 0xFC,
    0x7B, 0x91, 0xFA, 0xFC, 0x6C, 0x9B, 0xFB, 0xFD, 0x6B, 0xB9, 0xFF, 0xF9, 0x0C, 0x46, 0x8B, 0xF9,
    0x0C, 0x46, 0x8B, 0xF9, 0x02, 0x18, 0x51, 0xB9, 0x39, 0x7E, 0xC9, 0x18, 0x00, 0x00, 0x00, 0x00,
    0x00, 0x00, 0x00, 0x00, 0x33, 0x7C, 0xCD, 0x01, 0x00, 0x00, 0x00, 0x00, 0x00, 0x00, 0x00, 0x00,
    0x00, 0x00, 0x00, 0x00, 0x00, 0x00, 0x00, 0x00, 0x00, 0x00, 0x00, 0x00, 0x00, 0x00, 0x00, 0x00,
    0x00, 0x00, 0x00, 0x00, 0x00, 0x00, 0x00, 0x00, 0x00, 0x00, 0x00, 0x00, 0x00, 0x00, 0x00, 0x00,
    0x00, 0x00, 0x00, 0x00, 0x00, 0x00, 0x00, 0x00, 0x00, 0x00, 0x00, 0x00, 0x00, 0x00, 0x00, 0x00,
    0x00, 0x00, 0x00, 0x00, 0x00, 0x00, 0x00, 0x00, 0x00, 0x00, 0x00, 0x00, 0x00, 0x00, 0x00, 0x00,
    0x00, 0x00, 0x00, 0x00, 0x00, 0x00, 0x00, 0x00, 0x00, 0x00, 0x00, 0x00, 0x00, 0x00, 0x00, 0x00,
    0x00, 0x00, 0x00, 0x00, 0x00, 0x00, 0x00, 0x00, 0x00, 0x00, 0x00, 0x00, 0x00, 0x00, 0x00, 0x00,
    0x00, 0x00, 0x00, 0x00, 0x00, 0x00, 0x00, 0x00, 0x00, 0x00, 0x00, 0x00, 0x00, 0x00, 0x00, 0x00,
    0x00, 0x00, 0x00, 0x00, 0x00, 0x00, 0x00, 0x00, 0x00, 0x00, 0x00, 0x00, 0x00, 0x00, 0x00, 0x00,
    0x00, 0x00, 0x00, 0x00, 0x00, 0x00, 0x00, 0x00, 0x00, 0x00, 0x00, 0x00, 0x00, 0x00, 0x00, 0x00,
    0x00, 0x00, 0x00, 0x00, 0x36, 0x7E, 0xC7, 0x01, 0x36, 0x7E, 0xC7, 0x01, 0x36, 0x7E, 0xC7, 0x01,
    0x36, 0x7F, 0xC8, 0x02, 0x34, 0x7D, 0xC7, 0x01, 0x36, 0x82, 0xCC, 0x0E, 0x2A, 0x69, 0xA7, 0x6C,
    0x2A, 0x69, 0xA7, 0x6C, 0x00, 0x08, 0x24, 0xED, 0x59, 0x76, 0xC3, 0xF3, 0x8C, 0xA7, 0xFC, 0xFA,
    0x8C, 0xA7, 0xFC, 0xFA, 0x76, 0x8F, 0xF8, 0xFA, 0x73, 0x8C, 0xFB, 0xFB, 0x6D, 0x83, 0xF9, 0xFC,
    0x6D, 0x83, 0xF9, 0xFC, 0x68, 0x7C, 0xF2, 0xFB, 0x62, 0x77, 0xEB, 0xFC, 0x5F, 0x74, 0xE9, 0xFC,
    0x5F, 0x74, 0xE9, 0xFC, 0x51, 0x6F, 0xE4, 0xFC, 0x3B, 0x73, 0xE5, 0xFC, 0x36, 0x8E, 0xF7, 0xFC,
    0x32, 0x9C, 0xFB, 0xFC, 0x32, 0x9C, 0xFB, 0xFC, 0x32, 0x9E, 0xFD, 0xFC, 0x36, 0xAA, 0xFE, 0xFC,
    0x2E, 0x9E, 0xFD, 0xFC, 0x2E, 0x9E, 0xFD, 0xFC, 0x24, 0x91, 0xFA, 0xFC, 0x1F, 0x8B, 0xF8, 0xFC,
    0x22, 0x8F, 0xF9, 0xFC, 0x22, 0x8F, 0xF9, 0xFC, 0x23, 0x91, 0xF9, 0xFC, 0x23, 0x94, 0xFA, 0xFC,
    0x25, 0x8E, 0xF6, 0xFC, 0x25, 0x8E, 0xF6, 0xFC, 0x30, 0x9B, 0xFC, 0xFC, 0x2A, 0x97, 0xFB, 0xFC,
    0x1F, 0x8C, 0xF7, 0xFC, 0x1F, 0x8C, 0xF7, 0xFC, 0x1A, 0x89, 0xF5, 0xFC, 0x1A, 0x89, 0xF5, 0xFC,
    0x18, 0x86, 0xF4, 0xFC, 0x1A, 0x8A, 0xF6, 0xFC, 0x1A, 0x8A, 0xF6, 0xFC, 0x1E, 0x8E, 0xF7, 0xFC,
    0x22, 0x90, 0xF9, 0xFC, 0x22, 0x8E, 0xF9, 0xFC, 0x22, 0x8E, 0xF9, 0xFC, 0x22, 0x8F, 0xF9, 0xFC,
    0x1F, 0x8F, 0xF8, 0xFD, 0x1C, 0x8B, 0xF7, 0xFC, 0x1C, 0x8B, 0xF7, 0xFC, 0x18, 0x87, 0xF4, 0xFC,
    0x18, 0x8A, 0xF6, 0xFC, 0x16, 0x89, 0xF5, 0xFD, 0x16, 0x89, 0xF5, 0xFD, 0x1A, 0x8C, 0xF8, 0xFD,
    0x1F, 0x8F, 0xF9, 0xFC, 0x2E, 0xA0, 0xFD, 0xFC, 0x2F, 0x9F, 0xFC, 0xFC, 0x2F, 0x9F, 0xFC, 0xFC,
    0x30, 0xA0, 0xFD, 0xFC, 0x2C, 0x9C, 0xFD, 0xFC, 0x22, 0x8C, 0xFA, 0xFC, 0x22, 0x8C, 0xFA, 0xFC,
    0x2F, 0x97, 0xFD, 0xFC, 0x41, 0x9B, 0xFD, 0xFB, 0x45, 0x78, 0xF2, 0xFB, 0x45, 0x78, 0xF2, 0xFB,
    0x53, 0x68, 0xEA, 0xFB, 0x65, 0x71, 0xF2, 0xFB, 0x72, 0x7E, 0xF8, 0xFB, 0x72, 0x7E, 0xF8, 0xFB,
    0x76, 0x7F, 0xF4, 0xFC, 0x7C, 0x8A, 0xFA, 0xFC, 0x7E, 0x89, 0xF9, 0xFC, 0x7D, 0x91, 0xFA, 0xFD,
    0x7D, 0x91, 0xFA, 0xFD, 0x6B, 0x91, 0xF7, 0xFD, 0x65, 0xAB, 0xFF, 0xFB, 0x0F, 0x44, 0x8F, 0xFD,
    0x0F, 0x44, 0x8F, 0xFD, 0x02, 0x14, 0x4F, 0xD5, 0x33, 0x79, 0xC4, 0x24, 0x00, 0x00, 0x00, 0x00,
    0x00, 0x00, 0x00, 0x00, 0x34, 0x7D, 0xCE, 0x01, 0x00, 0x00, 0x00, 0x00, 0x00, 0x00, 0x00, 0x00,
    0x00, 0x00, 0x00, 0x00, 0x00, 0x00, 0x00, 0x00, 0x00, 0x00, 0x00, 0x00, 0x00, 0x00, 0x00, 0x00,
    0x00, 0x00, 0x00, 0x00, 0x00, 0x00, 0x00, 0x00, 0x00, 0x00, 0x00, 0x00, 0x00, 0x00, 0x00, 0x00,
    0x00, 0x00, 0x00, 0x00, 0x00, 0x00, 0x00, 0x00, 0x00, 0x00, 0x00, 0x00, 0x00, 0x00, 0x00, 0x00,
    0x00, 0x00, 0x00, 0x00, 0x00, 0x00, 0x00, 0x00, 0x00, 0x00, 0x00, 0x00, 0x00, 0x00, 0x00, 0x00,
    0x00, 0x00, 0x00, 0x00, 0x00, 0x00, 0x00, 0x00, 0x00, 0x00, 0x00, 0x00, 0x00, 0x00, 0x00, 0x00,
    0x00, 0x00, 0x00, 0x00, 0x00, 0x00, 0x00, 0x00, 0x00, 0x00, 0x00, 0x00, 0x00, 0x00, 0x00, 0x00,
    0x00, 0x00, 0x00, 0x00, 0x00, 0x00, 0x00, 0x00, 0x00, 0x00, 0x00, 0x00, 0x00, 0x00, 0x00, 0x00,
    0x00, 0x00, 0x00, 0x00, 0x00, 0x00, 0x00, 0x00, 0x00, 0x00, 0x00, 0x00, 0x00, 0x00, 0x00, 0x00,
    0x00, 0x00, 0x00, 0x00, 0x00, 0x00, 0x00, 0x00, 0x00, 0x00, 0x00, 0x00, 0x00, 0x00, 0x00, 0x00,
    0x00, 0x00, 0x00, 0x00, 0x37, 0x80, 0xC8, 0x01, 0x37, 0x7F, 0xC9, 0x01, 0x37, 0x7F, 0xC9, 0x01,
    0x36, 0x7F, 0xC9, 0x02, 0x36, 0x80, 0xC8, 0x02, 0x36, 0x84, 0xCD, 0x0D, 0x28, 0x6A, 0xA9, 0x71,
    0x28, 0x6A, 0xA9, 0x71, 0x00, 0x09, 0x28, 0xEF, 0x58, 0x77, 0xC3, 0xF4, 0x8C, 0xA7, 0xFD, 0xFA,
    0x8C, 0xA7, 0xFD, 0xFA, 0x78, 0x8E, 0xF9, 0xFA, 0x75, 0x8F, 0xFC, 0xFB, 0x70, 0x87, 0xF9, 0xFB,
    0x70, 0x87, 0xF9, 0xFB, 0x69, 0x7F, 0xF3, 0xFB, 0x65, 0x7B, 0xEC, 0xFC, 0x63, 0x7A, 0xEC, 0xFC,
    0x63, 0x7A, 0xEC, 0xFC, 0x52, 0x6F, 0xE4, 0xFC, 0x33, 0x6B, 0xDE, 0xFC, 0x30, 0x8D, 0xF5, 0xFC,
    0x38, 0xA6, 0xFE, 0xFC, 0x38, 0xA6, 0xFE, 0xFC, 0x3A, 0xA8, 0xFE, 0xFC, 0x3A, 0xAB, 0xFE, 0xFC,
    0x2F, 0x9E, 0xFD, 0xFC, 0x2F, 0x9E, 0xFD, 0xFC, 0x24, 0x92, 0xF9, 0xFC, 0x22, 0x91, 0xF8, 0xFC,
    0x25, 0x94, 0xFB, 0xFC, 0x25, 0x94, 0xFB, 0xFC, 0x22, 0x90, 0xF9, 0xFC, 0x20, 0x91, 0xF8, 0xFC,
    0x2A, 0x98, 0xFA, 0xFC, 0x2A, 0x98, 0xFA, 0xFC, 0x2F, 0x9C, 0xFC, 0xFC, 0x28, 0x97, 0xFA, 0xFC,
    0x1A, 0x89, 0xF5, 0xFC, 0x1A, 0x89, 0xF5, 0xFC, 0x17, 0x87, 0xF4, 0xFC, 0x17, 0x88, 0xF5, 0xFC,
    0x17, 0x87, 0xF6, 0xFC, 0x18, 0x89, 0xF7, 0xFC, 0x18, 0x89, 0xF7, 0xFC, 0x1B, 0x8A, 0xF6, 0xFC,
    0x22, 0x91, 0xF9, 0xFC, 0x22, 0x91, 0xFA, 0xFD, 0x22, 0x91, 0xFA, 0xFD, 0x22, 0x92, 0xFB, 0xFD,
    0x1C, 0x8B, 0xF7, 0xFD, 0x1D, 0x8E, 0xF8, 0xFD, 0x1D, 0x8E, 0xF8, 0xFD, 0x1D, 0x8D, 0xF7, 0xFD,
    0x1B, 0x8C, 0xF6, 0xFD, 0x1C, 0x8F, 0xF6, 0xFD, 0x1C, 0x8F, 0xF6, 0xFD, 0x22, 0x93, 0xFA, 0xFD,
    0x2D, 0x9C, 0xFC, 0xFD, 0x33, 0xA3, 0xFD, 0xFC, 0x34, 0xA3, 0xFD, 0xFC, 0x34, 0xA3, 0xFD, 0xFC,
    0x38, 0xA6, 0xFD, 0xFC, 0x2F, 0x9C, 0xFD, 0xFC, 0x25, 0x88, 0xF8, 0xFC, 0x25, 0x88, 0xF8, 0xFC,
    0x2D, 0x83, 0xF8, 0xFC, 0x39, 0x7C, 0xF8, 0xFB, 0x42, 0x66, 0xE8, 0xFB, 0x42, 0x66, 0xE8, 0xFB,
    0x53, 0x67, 0xEC, 0xFB, 0x62, 0x74, 0xF4, 0xFB, 0x6E, 0x7F, 0xF8, 0xFB, 0x6E, 0x7F, 0xF8, 0xFB,
    0x73, 0x7D, 0xF4, 0xFC, 0x79, 0x88, 0xF9, 0xFC, 0x7E, 0x8D, 0xFA, 0xFC, 0x7B, 0x90, 0xFA, 0xFC,
    0x7B, 0x90, 0xFA, 0xFC, 0x70, 0x96, 0xFA, 0xFD, 0x67, 0xAF, 0xFF, 0xFB, 0x0F, 0x4B, 0x97, 0xFC,
    0x0F, 0x4B, 0x97, 0xFC, 0x02, 0x16, 0x50, 0xE0, 0x33, 0x7B, 0xC5, 0x2B, 0x00, 0x00, 0x00, 0x00,
    0x00, 0x00, 0x00, 0x00, 0x33, 0x7E, 0xCD, 0x01, 0x00, 0x00, 0x00, 0x00, 0x00, 0x00, 0x00, 0x00,
    0x00, 0x00, 0x00, 0x00, 0x00, 0x00, 0x00, 0x00, 0x00, 0x00, 0x00, 0x00, 0x00, 0x00, 0x00, 0x00,
    0x00, 0x00, 0x00, 0x00, 0x00, 0x00, 0x00, 0x00, 0x00, 0x00, 0x00, 0x00, 0x00, 0x00, 0x00, 0x00,
    0x00, 0x00, 0x00, 0x00, 0x00, 0x00, 0x00, 0x00, 0x00, 0x00, 0x00, 0x00, 0x00, 0x00, 0x00, 0x00,
    0x00, 0x00, 0x00, 0x00, 0x00, 0x00, 0x00, 0x00, 0x00, 0x00, 0x00, 0x00, 0x00, 0x00, 0x00, 0x00,
    0x00, 0x00, 0x00, 0x00, 0x00, 0x00, 0x00, 0x00, 0x00, 0x00, 0x00, 0x00, 0x00, 0x00, 0x00, 0x00,
    0x00, 0x00, 0x00, 0x00, 0x00, 0x00, 0x00, 0x00, 0x00, 0x00, 0x00, 0x00, 0x00, 0x00, 0x00, 0x00,
    0x00, 0x00, 0x00, 0x00, 0x00, 0x00, 0x00, 0x00, 0x00, 0x00, 0x00, 0x00, 0x00, 0x00, 0x00, 0x00,
    0x00, 0x00, 0x00, 0x00, 0x00, 0x00, 0x00, 0x00, 0x00, 0x00, 0x00, 0x00, 0x00, 0x00, 0x00, 0x00,
    0x00, 0x00, 0x00, 0x00, 0x00, 0x00, 0x00, 0x00, 0x00, 0x00, 0x00, 0x00, 0x00, 0x00, 0x00, 0x00,
    0x00, 0x00, 0x00, 0x00, 0x37, 0x80, 0xC8, 0x01, 0x37, 0x7F, 0xC9, 0x01, 0x37, 0x7F, 0xC9, 0x01,
    0x36, 0x7F, 0xC9, 0x02, 0x36, 0x80, 0xC8, 0x02, 0x36, 0x84, 0xCD, 0x0D, 0x28, 0x6A, 0xA9, 0x71,
    0x28, 0x6A, 0xA9, 0x71, 0x00, 0x09, 0x28, 0xEF, 0x58, 0x77, 0xC3, 0xF4, 0x8C, 0xA7, 0xFD, 0xFA,
    0x8C, 0xA7, 0xFD, 0xFA, 0x78, 0x8E, 0xF9, 0xFA, 0x75, 0x8F, 0xFC, 0xFB, 0x70, 0x87, 0xF9, 0xFB,
    0x70, 0x87, 0xF9, 0xFB, 0x69, 0x7F, 0xF3, 0xFB, 0x65, 0x7B, 0xEC, 0xFC, 0x63, 0x7A, 0xEC, 0xFC,
    0x63, 0x7A, 0xEC, 0xFC, 0x52, 0x6F, 0xE4, 0xFC, 0x33, 0x6B, 0xDE, 0xFC, 0x30, 0x8D, 0xF5, 0xFC,
    0x38, 0xA6, 0xFE, 0xFC, 0x38, 0xA6, 0xFE, 0xFC, 0x3A, 0xA8, 0xFE, 0xFC, 0x3A, 0xAB, 0xFE, 0xFC,
    0x2F, 0x9E, 0xFD, 0xFC, 0x2F, 0x9E, 0xFD, 0xFC, 0x24, 0x92, 0xF9, 0xFC, 0x22, 0x91, 0xF8, 0xFC,
    0x25, 0x94, 0xFB, 0xFC, 0x25, 0x94, 0xFB, 0xFC, 0x22, 0x90, 0xF9, 0xFC, 0x20, 0x91, 0xF8, 0xFC,
    0x2A, 0x98, 0xFA, 0xFC, 0x2A, 0x98, 0xFA, 0xFC, 0x2F, 0x9C, 0xFC, 0xFC, 0x28, 0x97, 0xFA, 0xFC,
    0x1A, 0x89, 0xF5, 0xFC, 0x1A, 0x89, 0xF5, 0xFC, 0x17, 0x87, 0xF4, 0xFC, 0x17, 0x88, 0xF5, 0xFC,
    0x17, 0x87, 0xF6, 0xFC, 0x18, 0x89, 0xF7, 0xFC, 0x18, 0x89, 0xF7, 0xFC, 0x1B, 0x8A, 0xF6, 0xFC,
    0x22, 0x91, 0xF9, 0xFC, 0x22, 0x91, 0xFA, 0xFD, 0x22, 0x91, 0xFA, 0xFD, 0x22, 0x92, 0xFB, 0xFD,
    0x1C, 0x8B, 0xF7, 0xFD, 0x1D, 0x8E, 0xF8, 0xFD, 0x1D, 0x8E, 0xF8, 0xFD, 0x1D, 0x8D, 0xF7, 0xFD,
    0x1B, 0x8C, 0xF6, 0xFD, 0x1C, 0x8F, 0xF6, 0xFD, 0x1C, 0x8F, 0xF6, 0xFD, 0x22, 0x93, 0xFA, 0xFD,
    0x2D, 0x9C, 0xFC, 0xFD, 0x33, 0xA3, 0xFD, 0xFC, 0x34, 0xA3, 0xFD, 0xFC, 0x34, 0xA3, 0xFD, 0xFC,
    0x38, 0xA6, 0xFD, 0xFC, 0x2F, 0x9C, 0xFD, 0xFC, 0x25, 0x88, 0xF8, 0xFC, 0x25, 0x88, 0xF8, 0xFC,
    0x2D, 0x83, 0xF8, 0xFC, 0x39, 0x7C, 0xF8, 0xFB, 0x42, 0x66, 0xE8, 0xFB, 0x42, 0x66, 0xE8, 0xFB,
    0x53, 0x67, 0xEC, 0xFB, 0x62, 0x74, 0xF4, 0xFB, 0x6E, 0x7F, 0xF8, 0xFB, 0x6E, 0x7F, 0xF8, 0xFB,
    0x73, 0x7D, 0xF4, 0xFC, 0x79, 0x88, 0xF9, 0xFC, 0x7E, 0x8D, 0xFA, 0xFC, 0x7B, 0x90, 0xFA, 0xFC,
    0x7B, 0x90, 0xFA, 0xFC, 0x70, 0x96, 0xFA, 0xFD, 0x67, 0xAF, 0xFF, 0xFB, 0x0F, 0x4B, 0x97, 0xFC,
    0x0F, 0x4B, 0x97, 0xFC, 0x02, 0x16, 0x50, 0xE0, 0x33, 0x7B, 0xC5, 0x2B, 0x00, 0x00, 0x00, 0x00,
    0x00, 0x00, 0x00, 0x00, 0x33, 0x7E, 0xCD, 0x01, 0x00, 0x00, 0x00, 0x00, 0x00, 0x00, 0x00, 0x00,
    0x00, 0x00, 0x00, 0x00, 0x00, 0x00, 0x00, 0x00, 0x00, 0x00, 0x00, 0x00, 0x00, 0x00, 0x00, 0x00,
    0x00, 0x00, 0x00, 0x00, 0x00, 0x00, 0x00, 0x00, 0x00, 0x00, 0x00, 0x00, 0x00, 0x00, 0x00, 0x00,
    0x00, 0x00, 0x00, 0x00, 0x00, 0x00, 0x00, 0x00, 0x00, 0x00, 0x00, 0x00, 0x00, 0x00, 0x00, 0x00,
    0x00, 0x00, 0x00, 0x00, 0x00, 0x00, 0x00, 0x00, 0x00, 0x00, 0x00, 0x00, 0x00, 0x00, 0x00, 0x00,
    0x00, 0x00, 0x00, 0x00, 0x00, 0x00, 0x00, 0x00, 0x00, 0x00, 0x00, 0x00, 0x00, 0x00, 0x00, 0x00,
    0x00, 0x00, 0x00, 0x00, 0x00, 0x00, 0x00, 0x00, 0x00, 0x00, 0x00, 0x00, 0x00, 0x00, 0x00, 0x00,
    0x00, 0x00, 0x00, 0x00, 0x00, 0x00, 0x00, 0x00, 0x00, 0x00, 0x00, 0x00, 0x00, 0x00, 0x00, 0x00,
    0x00, 0x00, 0x00, 0x00, 0x00, 0x00, 0x00, 0x00, 0x00, 0x00, 0x00, 0x00, 0x00, 0x00, 0x00, 0x00,
    0x00, 0x00, 0x00, 0x00, 0x00, 0x00, 0x00, 0x00, 0x00, 0x00, 0x00, 0x00, 0x00, 0x00, 0x00, 0x00,
    0x00, 0x00, 0x00, 0x00, 0x38, 0x80, 0xC9, 0x01, 0x38, 0x80, 0xCA, 0x01, 0x38, 0x80, 0xCA, 0x01,
    0x36, 0x81, 0xC9, 0x01, 0x35, 0x81, 0xC8, 0x02, 0x37, 0x85, 0xCD, 0x0F, 0x28, 0x69, 0xA9, 0x78,
    0x28, 0x69, 0xA9, 0x78, 0x00, 0x09, 0x27, 0xF2, 0x53, 0x74, 0xC2, 0xF6, 0x89, 0xA4, 0xFD, 0xFB,
    0x89, 0xA4, 0xFD, 0xFB, 0x7A, 0x8F, 0xFB, 0xFA, 0x77, 0x8D, 0xFC, 0xFB, 0x6F, 0x83, 0xF7, 0xFB,
    0x6F, 0x83, 0xF7, 0xFB, 0x6E, 0x86, 0xF8, 0xFB, 0x66, 0x7A, 0xEE, 0xFC, 0x60, 0x75, 0xE9, 0xFC,
    0x60, 0x75, 0xE9, 0xFC, 0x47, 0x71, 0xE3, 0xFC, 0x33, 0x7E, 0xEC, 0xFC, 0x3A, 0xA3, 0xFD, 0xFC,
    0x3B, 0xAB, 0xFF, 0xFC, 0x3B, 0xAB, 0xFF, 0xFC, 0x38, 0xA3, 0xFD, 0xFC, 0x38, 0xA3, 0xFE, 0xFC,
    0x34, 0xA3, 0xFE, 0xFC, 0x34, 0xA3, 0xFE, 0xFC, 0x27, 0x91, 0xF9, 0xFC, 0x22, 0x8D, 0xF6, 0xFC,
    0x26, 0x96, 0xFB, 0xFC, 0x26, 0x96, 0xFB, 0xFC, 0x21, 0x8F, 0xF8, 0xFC, 0x1F, 0x8C, 0xF5, 0xFC,
    0x2D, 0x9A, 0xFC, 0xFC, 0x2D, 0x9A, 0xFC, 0xFC, 0x2F, 0x9B, 0xFC, 0xFC, 0x23, 0x90, 0xF7, 0xFC,
    0x18, 0x88, 0xF5, 0xFC, 0x18, 0x88, 0xF5, 0xFC, 0x14, 0x85, 0xF4, 0xFC, 0x14, 0x86, 0xF5, 0xFC,
    0x15, 0x86, 0xF6, 0xFC, 0x17, 0x87, 0xF6, 0xFC, 0x17, 0x87, 0xF6, 0xFC, 0x24, 0x92, 0xFA, 0xFC,
    0x24, 0x92, 0xFA, 0xFD, 0x1F, 0x8C, 0xF7, 0xFD, 0x1F, 0x8C, 0xF7, 0xFD, 0x1D, 0x8D, 0xF9, 0xFD,
    0x1C, 0x8C, 0xF8, 0xFD, 0x1E, 0x8E, 0xF9, 0xFD, 0x1E, 0x8E, 0xF9, 0xFD, 0x1F, 0x8E, 0xF8, 0xFD,
    0x20, 0x91, 0xF8, 0xFD, 0x1F, 0x90, 0xF5, 0xFD, 0x1F, 0x90, 0xF5, 0xFD, 0x26, 0x95, 0xF9, 0xFD,
    0x32, 0xA2, 0xFD, 0xFD, 0x36, 0xA4, 0xFD, 0xFD, 0x35, 0xA1, 0xFD, 0xFD, 0x35, 0xA1, 0xFD, 0xFD,
    0x34, 0x9F, 0xFD, 0xFC, 0x37, 0xA5, 0xFD, 0xFC, 0x32, 0x9A, 0xFC, 0xFC, 0x32, 0x9A, 0xFC, 0xFC,
    0x26, 0x73, 0xEF, 0xFC, 0x3B, 0x78, 0xF3, 0xFC, 0x46, 0x6F, 0xEF, 0xFC, 0x46, 0x6F, 0xEF, 0xFC,
    0x56, 0x71, 0xF4, 0xFB, 0x5C, 0x6B, 0xEF, 0xFB, 0x6B, 0x77, 0xF4, 0xFB, 0x6B, 0x77, 0xF4, 0xFB,
    0x74, 0x81, 0xF7, 0xFC, 0x79, 0x88, 0xF9, 0xFC, 0x7B, 0x88, 0xF7, 0xFC, 0x7C, 0x91, 0xFA, 0xFC,
    0x7C, 0x91, 0xFA, 0xFC, 0x70, 0x95, 0xF9, 0xFD, 0x68, 0xAF, 0xFF, 0xFC, 0x0E, 0x4A, 0x95, 0xFC,
    0x0E, 0x4A, 0x95, 0xFC, 0x01, 0x11, 0x4A, 0xE5, 0x31, 0x79, 0xC4, 0x30, 0x00, 0x00, 0x00, 0x00,
    0x00, 0x00, 0x00, 0x00, 0x34, 0x7F, 0xCE, 0x02, 0x00, 0x00, 0x00, 0x00, 0x00, 0x00, 0x00, 0x00,
    0x00, 0x00, 0x00, 0x00, 0x00, 0x00, 0x00, 0x00, 0x00, 0x00, 0x00, 0x00, 0x00, 0x00, 0x00, 0x00,
    0x00, 0x00, 0x00, 0x00, 0x00, 0x00, 0x00, 0x00, 0x00, 0x00, 0x00, 0x00, 0x00, 0x00, 0x00, 0x00,
    0x00, 0x00, 0x00, 0x00, 0x00, 0x00, 0x00, 0x00, 0x00, 0x00, 0x00, 0x00, 0x00, 0x00, 0x00, 0x00,
    0x00, 0x00, 0x00, 0x00, 0x00, 0x00, 0x00, 0x00, 0x00, 0x00, 0x00, 0x00, 0x00, 0x00, 0x00, 0x00,
    0x00, 0x00, 0x00, 0x00, 0x00, 0x00, 0x00, 0x00, 0x00, 0x00, 0x00, 0x00, 0x00, 0x00, 0x00, 0x00,
    0x00, 0x00, 0x00, 0x00, 0x00, 0x00, 0x00, 0x00, 0x00, 0x00, 0x00, 0x00, 0x00, 0x00, 0x00, 0x00,
    0x00, 0x00, 0x00, 0x00, 0x00, 0x00, 0x00, 0x00, 0x00, 0x00, 0x00, 0x00, 0x00, 0x00, 0x00, 0x00,
    0x00, 0x00, 0x00, 0x00, 0x00, 0x00, 0x00, 0x00, 0x00, 0x00, 0x00, 0x00, 0x00, 0x00, 0x00, 0x00,
    0x00, 0x00, 0x00, 0x00, 0x00, 0x00, 0x00, 0x00, 0x00, 0x00, 0x00, 0x00, 0x00, 0x00, 0x00, 0x00,
    0x00, 0x00, 0x00, 0x00, 0x38, 0x81, 0xCA, 0x01, 0x39, 0x81, 0xCB, 0x01, 0x39, 0x81, 0xCB, 0x01,
    0x38, 0x82, 0xCB, 0x01, 0x36, 0x82, 0xCA, 0x03, 0x37, 0x86, 0xCF, 0x0E, 0x28, 0x6A, 0xA9, 0x7C,
    0x28, 0x6A, 0xA9, 0x7C, 0x00, 0x0C, 0x2D, 0xF5, 0x53, 0x73, 0xC5, 0xF7, 0x8C, 0xA5, 0xFE, 0xFA,
    0x8C, 0xA5, 0xFE, 0xFA, 0x78, 0x8E, 0xFB, 0xFB, 0x78, 0x91, 0xFD, 0xFB, 0x71, 0x86, 0xF8, 0xFB,
    0x71, 0x86, 0xF8, 0xFB, 0x6C, 0x81, 0xF5, 0xFB, 0x64, 0x7C, 0xEF, 0xFC, 0x4F, 0x72, 0xE4, 0xFC,
    0x4F, 0x72, 0xE4, 0xFC, 0x3F, 0x84, 0xF1, 0xFC, 0x3D, 0xA1, 0xFD, 0xFC, 0x39, 0xA9, 0xFE, 0xFC,
    0x37, 0xA8, 0xFE, 0xFC, 0x37, 0xA8, 0xFE, 0xFC, 0x39, 0xA6, 0xFF, 0xFC, 0x3B, 0xA7, 0xFF, 0xFC,
    0x30, 0xA0, 0xFE, 0xFC, 0x30, 0xA0, 0xFE, 0xFC, 0x24, 0x92, 0xF9, 0xFC, 0x23, 0x91, 0xF8, 0xFC,
    0x24, 0x94, 0xFA, 0xFC, 0x24, 0x94, 0xFA, 0xFC, 0x20, 0x90, 0xF9, 0xFC, 0x21, 0x90, 0xF9, 0xFC,
    0x2D, 0x9A, 0xFD, 0xFC, 0x2D, 0x9A, 0xFD, 0xFC, 0x30, 0x9E, 0xFD, 0xFC, 0x21, 0x90, 0xF9, 0xFC,
    0x16, 0x86, 0xF5, 0xFC, 0x16, 0x86, 0xF5, 0xFC, 0x13, 0x85, 0xF5, 0xFC, 0x12, 0x86, 0xF5, 0xFC,
    0x14, 0x87, 0xF6, 0xFC, 0x1D, 0x8F, 0xFA, 0xFC, 0x1D, 0x8F, 0xFA, 0xFC, 0x2B, 0x9C, 0xFC, 0xFD,
    0x2C, 0x9D, 0xFC, 0xFD, 0x21, 0x90, 0xFA, 0xFD, 0x21, 0x90, 0xFA, 0xFD, 0x1C, 0x8C, 0xF9, 0xFD,
    0x1D, 0x8E, 0xFA, 0xFD, 0x21, 0x92, 0xFB, 0xFD, 0x21, 0x92, 0xFB, 0xFD, 0x20, 0x90, 0xF9, 0xFD,
    0x22, 0x94, 0xF8, 0xFD, 0x25, 0x96, 0xF7, 0xFD, 0x25, 0x96, 0xF7, 0xFD, 0x2F, 0x9D, 0xFB, 0xFD,
    0x36, 0xA4, 0xFC, 0xFD, 0x37, 0xA6, 0xFD, 0xFD, 0x35, 0xA3, 0xFD, 0xFD, 0x35, 0xA3, 0xFD, 0xFD,
    0x37, 0xA5, 0xFD, 0xFD, 0x36, 0xA5, 0xFD, 0xFC, 0x33, 0xA4, 0xFD, 0xFC, 0x33, 0xA4, 0xFD, 0xFC,
    0x2F, 0x92, 0xFA, 0xFC, 0x31, 0x81, 0xF8, 0xFC, 0x42, 0x80, 0xF8, 0xFC, 0x42, 0x80, 0xF8, 0xFC,
    0x50, 0x78, 0xF8, 0xFC, 0x55, 0x6A, 0xF1, 0xFC, 0x68, 0x77, 0xF6, 0xFC, 0x68, 0x77, 0xF6, 0xFC,
    0x72, 0x80, 0xF7, 0xFC, 0x78, 0x87, 0xF8, 0xFC, 0x7D, 0x8C, 0xF8, 0xFC, 0x7E, 0x94, 0xFA, 0xFD,
    0x7E, 0x94, 0xFA, 0xFD, 0x70, 0x94, 0xF7, 0xFD, 0x69, 0xAF, 0xFE, 0xFC, 0x10, 0x4C, 0x94, 0xFC,
    0x10, 0x4C, 0x94, 0xFC, 0x01, 0x11, 0x48, 0xE7, 0x2E, 0x77, 0xC2, 0x35, 0x00, 0x00, 0x00, 0x00,
    0x00, 0x00, 0x00, 0x00, 0x33, 0x7E, 0xCF, 0x02, 0x00, 0x00, 0x00, 0x00, 0x00, 0x00, 0x00, 0x00,
    0x00, 0x00, 0x00, 0x00, 0x00, 0x00, 0x00, 0x00, 0x00, 0x00, 0x00, 0x00, 0x00, 0x00, 0x00, 0x00,
    0x00, 0x00, 0x00, 0x00, 0x00, 0x00, 0x00, 0x00, 0x00, 0x00, 0x00, 0x00, 0x00, 0x00, 0x00, 0x00,
    0x00, 0x00, 0x00, 0x00, 0x00, 0x00, 0x00, 0x00, 0x00, 0x00, 0x00, 0x00, 0x00, 0x00, 0x00, 0x00,
    0x00, 0x00, 0x00, 0x00, 0x00, 0x00, 0x00, 0x00, 0x00, 0x00, 0x00, 0x00, 0x00, 0x00, 0x00, 0x00,
    0x00, 0x00, 0x00, 0x00, 0x00, 0x00, 0x00, 0x00, 0x00, 0x00, 0x00, 0x00, 0x00, 0x00, 0x00, 0x00,
    0x00, 0x00, 0x00, 0x00, 0x00, 0x00, 0x00, 0x00, 0x00, 0x00, 0x00, 0x00, 0x00, 0x00, 0x00, 0x00,
    0x00, 0x00, 0x00, 0x00, 0x00, 0x00, 0x00, 0x00, 0x00, 0x00, 0x00, 0x00, 0x00, 0x00, 0x00, 0x00,
    0x00, 0x00, 0x00, 0x00, 0x00, 0x00, 0x00, 0x00, 0x00, 0x00, 0x00, 0x00, 0x00, 0x00, 0x00, 0x00,
    0x00, 0x00, 0x00, 0x00, 0x00, 0x00, 0x00, 0x00, 0x00, 0x00, 0x00, 0x00, 0x00, 0x00, 0x00, 0x00,
    0x00, 0x00, 0x00, 0x00, 0x38, 0x81, 0xCA, 0x01, 0x39, 0x81, 0xCB, 0x01, 0x39, 0x81, 0xCB, 0x01,
    0x38, 0x82, 0xCB, 0x01, 0x37, 0x83, 0xCB, 0x03, 0x39, 0x87, 0xD1, 0x0D, 0x26, 0x69, 0xA9, 0x7F,
    0x26, 0x69, 0xA9, 0x7F, 0x01, 0x0B, 0x2E, 0xF7, 0x55, 0x73, 0xC7, 0xF7, 0x8E, 0xA6, 0xFE, 0xFB,
    0x8E, 0xA6, 0xFE, 0xFB, 0x78, 0x8D, 0xFA, 0xFB, 0x74, 0x8E, 0xFC, 0xFB, 0x70, 0x89, 0xF7, 0xFB,
    0x70, 0x89, 0xF7, 0xFB, 0x61, 0x79, 0xEA, 0xFB, 0x50, 0x75, 0xE6, 0xFC, 0x46, 0x83, 0xF0, 0xFC,
    0x46, 0x83, 0xF0, 0xFC, 0x43, 0xA2, 0xFD, 0xFC, 0x3C, 0xAE, 0xFE, 0xFC, 0x37, 0xA5, 0xFE, 0xFC,
    0x39, 0xA6, 0xFE, 0xFC, 0x39, 0xA6, 0xFE, 0xFC, 0x3A, 0xA6, 0xFF, 0xFC, 0x3A, 0xA8, 0xFF, 0xFC,
    0x2E, 0x9C, 0xFD, 0xFC, 0x2E, 0x9C, 0xFD, 0xFC, 0x22, 0x8E, 0xF6, 0xFC, 0x23, 0x91, 0xF8, 0xFC,
    0x25, 0x93, 0xFA, 0xFC, 0x25, 0x93, 0xFA, 0xFC, 0x1E, 0x8C, 0xF5, 0xFC, 0x20, 0x8E, 0xF7, 0xFC,
    0x2E, 0x9B, 0xFC, 0xFC, 0x2E, 0x9B, 0xFC, 0xFC, 0x2D, 0x9A, 0xFC, 0xFC, 0x1F, 0x8E, 0xF8, 0xFC,
    0x15, 0x86, 0xF5, 0xFC, 0x15, 0x86, 0xF5, 0xFC, 0x13, 0x86, 0xF6, 0xFC, 0x12, 0x86, 0xF5, 0xFC,
    0x14, 0x86, 0xF5, 0xFD, 0x21, 0x94, 0xFB, 0xFD, 0x21, 0x94, 0xFB, 0xFD, 0x2D, 0x9D, 0xFB, 0xFD,
    0x2B, 0x9A, 0xFB, 0xFD, 0x20, 0x8F, 0xF9, 0xFD, 0x20, 0x8F, 0xF9, 0xFD, 0x1C, 0x8B, 0xF7, 0xFD,
    0x1E, 0x90, 0xFA, 0xFD, 0x20, 0x93, 0xFB, 0xFD, 0x20, 0x93, 0xFB, 0xFD, 0x21, 0x91, 0xF9, 0xFD,
    0x23, 0x94, 0xF7, 0xFD, 0x2C, 0x9E, 0xFB, 0xFD, 0x2C, 0x9E, 0xFB, 0xFD, 0x34, 0xA4, 0xFC, 0xFD,
    0x36, 0xA4, 0xFC, 0xFD, 0x35, 0xA4, 0xFD, 0xFD, 0x37, 0xA5, 0xFD, 0xFD, 0x37, 0xA5, 0xFD, 0xFD,
    0x38, 0xA5, 0xFD, 0xFD, 0x37, 0xA3, 0xFD, 0xFD, 0x35, 0xA5, 0xFD, 0xFC, 0x35, 0xA5, 0xFD, 0xFC,
    0x32, 0xA7, 0xFD, 0xFC, 0x35, 0x9E, 0xFD, 0xFC, 0x30, 0x7D, 0xF4, 0xFC, 0x30, 0x7D, 0xF4, 0xFC,
    0x42, 0x7A, 0xF7, 0xFC, 0x4F, 0x73, 0xF5, 0xFC, 0x5B, 0x6F, 0xF2, 0xFC, 0x5B, 0x6F, 0xF2, 0xFC,
    0x6A, 0x78, 0xF5, 0xFC, 0x78, 0x89, 0xF9, 0xFC, 0x7A, 0x89, 0xF7, 0xFC, 0x7A, 0x91, 0xF8, 0xFD,
    0x7A, 0x91, 0xF8, 0xFD, 0x6D, 0x93, 0xF6, 0xFD, 0x65, 0xAB, 0xFD, 0xFC, 0x10, 0x4E, 0x93, 0xFC,
    0x10, 0x4E, 0x93, 0xFC, 0x01, 0x11, 0x49, 0xE8, 0x2E, 0x76, 0xC1, 0x39, 0x00, 0x00, 0x00, 0x00,
    0x00, 0x00, 0x00, 0x00, 0x33, 0x7F, 0xCF, 0x01, 0x00, 0x00, 0x00, 0x00, 0x00, 0x00, 0x00, 0x00,
    0x00, 0x00, 0x00, 0x00, 0x00, 0x00, 0x00, 0x00, 0x00, 0x00, 0x00, 0x00, 0x00, 0x00, 0x00, 0x00,
    0x00, 0x00, 0x00, 0x00, 0x00, 0x00, 0x00, 0x00, 0x00, 0x00, 0x00, 0x00, 0x00, 0x00, 0x00, 0x00,
    0x00, 0x00, 0x00, 0x00, 0x00, 0x00, 0x00, 0x00, 0x00, 0x00, 0x00, 0x00, 0x00, 0x00, 0x00, 0x00,
    0x00, 0x00, 0x00, 0x00, 0x00, 0x00, 0x00, 0x00, 0x00, 0x00, 0x00, 0x00, 0x00, 0x00, 0x00, 0x00,
    0x00, 0x00, 0x00, 0x00, 0x00, 0x00, 0x00, 0x00, 0x00, 0x00, 0x00, 0x00, 0x00, 0x00, 0x00, 0x00,
    0x00, 0x00, 0x00, 0x00, 0x00, 0x00, 0x00, 0x00, 0x00, 0x00, 0x00, 0x00, 0x00, 0x00, 0x00, 0x00,
    0x00, 0x00, 0x00, 0x00, 0x00, 0x00, 0x00, 0x00, 0x00, 0x00, 0x00, 0x00, 0x00, 0x00, 0x00, 0x00,
    0x00, 0x00, 0x00, 0x00, 0x00, 0x00, 0x00, 0x00, 0x00, 0x00, 0x00, 0x00, 0x00, 0x00, 0x00, 0x00,
    0x00, 0x00, 0x00, 0x00, 0x00, 0x00, 0x00, 0x00, 0x00, 0x00, 0x00, 0x00, 0x00, 0x00, 0x00, 0x00,
    0x00, 0x00, 0x00, 0x00, 0x38, 0x81, 0xCA, 0x01, 0x39, 0x81, 0xCB, 0x01, 0x39, 0x81, 0xCB, 0x01,
    0x38, 0x82, 0xCB, 0x01, 0x37, 0x83, 0xCB, 0x03, 0x39, 0x87, 0xD1, 0x0D, 0x26, 0x69, 0xA9, 0x7F,
    0x26, 0x69, 0xA9, 0x7F, 0x01, 0x0B, 0x2E, 0xF7, 0x55, 0x73, 0xC7, 0xF7, 0x8E, 0xA6, 0xFE, 0xFB,
    0x8E, 0xA6, 0xFE, 0xFB, 0x78, 0x8D, 0xFA, 0xFB, 0x74, 0x8E, 0xFC, 0xFB, 0x70, 0x89, 0xF7, 0xFB,
    0x70, 0x89, 0xF7, 0xFB, 0x61, 0x79, 0xEA, 0xFB, 0x50, 0x75, 0xE6, 0xFC, 0x46, 0x83, 0xF0, 0xFC,
    0x46, 0x83, 0xF0, 0xFC, 0x43, 0xA2, 0xFD, 0xFC, 0x3C, 0xAE, 0xFE, 0xFC, 0x37, 0xA5, 0xFE, 0xFC,
    0x39, 0xA6, 0xFE, 0xFC, 0x39, 0xA6, 0xFE, 0xFC, 0x3A, 0xA6, 0xFF, 0xFC, 0x3A, 0xA8, 0xFF, 0xFC,
    0x2E, 0x9C, 0xFD, 0xFC, 0x2E, 0x9C, 0xFD, 0xFC, 0x22, 0x8E, 0xF6, 0xFC, 0x23, 0x91, 0xF8, 0xFC,
    0x25, 0x93, 0xFA, 0xFC, 0x25, 0x93, 0xFA, 0xFC, 0x1E, 0x8C, 0xF5, 0xFC, 0x20, 0x8E, 0xF7, 0xFC,
    0x2E, 0x9B, 0xFC, 0xFC, 0x2E, 0x9B, 0xFC, 0xFC, 0x2D, 0x9A, 0xFC, 0xFC, 0x1F, 0x8E, 0xF8, 0xFC,
    0x15, 0x86, 0xF5, 0xFC, 0x15, 0x86, 0xF5, 0xFC, 0x13, 0x86, 0xF6, 0xFC, 0x12, 0x86, 0xF5, 0xFC,
    0x14, 0x86, 0xF5, 0xFD, 0x21, 0x94, 0xFB, 0xFD, 0x21, 0x94, 0xFB, 0xFD, 0x2D, 0x9D, 0xFB, 0xFD,
    0x2B, 0x9A, 0xFB, 0xFD, 0x20, 0x8F, 0xF9, 0xFD, 0x20, 0x8F, 0xF9, 0xFD, 0x1C, 0x8B, 0xF7, 0xFD,
    0x1E, 0x90, 0xFA, 0xFD, 0x20, 0x93, 0xFB, 0xFD, 0x20, 0x93, 0xFB, 0xFD, 0x21, 0x91, 0xF9, 0xFD,
    0x23, 0x94, 0xF7, 0xFD, 0x2C, 0x9E, 0xFB, 0xFD, 0x2C, 0x9E, 0xFB, 0xFD, 0x34, 0xA4, 0xFC, 0xFD,
    0x36, 0xA4, 0xFC, 0xFD, 0x35, 0xA4, 0xFD, 0xFD, 0x37, 0xA5, 0xFD, 0xFD, 0x37, 0xA5, 0xFD, 0xFD,
    0x38, 0xA5, 0xFD, 0xFD, 0x37, 0xA3, 0xFD, 0xFD, 0x35, 0xA5, 0xFD, 0xFC, 0x35, 0xA5, 0xFD, 0xFC,
    0x32, 0xA7, 0xFD, 0xFC, 0x35, 0x9E, 0xFD, 0xFC, 0x30, 0x7D, 0xF4, 0xFC, 0x30, 0x7D, 0xF4, 0xFC,
    0x42, 0x7A, 0xF7, 0xFC, 0x4F, 0x73, 0xF5, 0xFC, 0x5B, 0x6F, 0xF2, 0xFC, 0x5B, 0x6F, 0xF2, 0xFC,
    0x6A, 0x78, 0xF5, 0xFC, 0x78, 0x89, 0xF9, 0xFC, 0x7A, 0x89, 0xF7, 0xFC, 0x7A, 0x91, 0xF8, 0xFD,
    0x7A, 0x91, 0xF8, 0xFD, 0x6D, 0x93, 0xF6, 0xFD, 0x65, 0xAB, 0xFD, 0xFC, 0x10, 0x4E, 0x93, 0xFC,
    0x10, 0x4E, 0x93, 0xFC, 0x01, 0x11, 0x49, 0xE8, 0x2E, 0x76, 0xC1, 0x39, 0x00, 0x00, 0x00, 0x00,
    0x00, 0x00, 0x00, 0x00, 0x33, 0x7F, 0xCF, 0x01, 0x00, 0x00, 0x00, 0x00, 0x00, 0x00, 0x00, 0x00,
    0x00, 0x00, 0x00, 0x00, 0x00, 0x00, 0x00, 0x00, 0x00, 0x00, 0x00, 0x00, 0x00, 0x00, 0x00, 0x00,
    0x00, 0x00, 0x00, 0x00, 0x00, 0x00, 0x00, 0x00, 0x00, 0x00, 0x00, 0x00, 0x00, 0x00, 0x00, 0x00,
    0x00, 0x00, 0x00, 0x00, 0x00, 0x00, 0x00, 0x00, 0x00, 0x00, 0x00, 0x00, 0x00, 0x00, 0x00, 0x00,
    0x00, 0x00, 0x00, 0x00, 0x00, 0x00, 0x00, 0x00, 0x00, 0x00, 0x00, 0x00, 0x00, 0x00, 0x00, 0x00,
    0x00, 0x00, 0x00, 0x00, 0x00, 0x00, 0x00, 0x00, 0x00, 0x00, 0x00, 0x00, 0x00, 0x00, 0x00, 0x00,
    0x00, 0x00, 0x00, 0x00, 0x00, 0x00, 0x00, 0x00, 0x00, 0x00, 0x00, 0x00, 0x00, 0x00, 0x00, 0x00,
    0x00, 0x00, 0x00, 0x00, 0x00, 0x00, 0x00, 0x00, 0x00, 0x00, 0x00, 0x00, 0x00, 0x00, 0x00, 0x00,
    0x00, 0x00, 0x00, 0x00, 0x00, 0x00, 0x00, 0x00, 0x00, 0x00, 0x00, 0x00, 0x00, 0x00, 0x00, 0x00,
    0x00, 0x00, 0x00, 0x00, 0x00, 0x00, 0x00, 0x00, 0x00, 0x00, 0x00, 0x00, 0x00, 0x00, 0x00, 0x00,
    0x00, 0x00, 0x00, 0x00, 0x39, 0x81, 0xCA, 0x01, 0x39, 0x81, 0xCA, 0x01, 0x39, 0x81, 0xCA, 0x01,
    0x38, 0x82, 0xCA, 0x01, 0x39, 0x83, 0xCA, 0x04, 0x3B, 0x88, 0xD2, 0x0C, 0x26, 0x68, 0xA8, 0x81,
    0x26, 0x68, 0xA8, 0x81, 0x02, 0x0B, 0x2D, 0xF8, 0x56, 0x74, 0xCA, 0xF8, 0x8C, 0xA9, 0xFF, 0xFA,
    0x8C, 0xA9, 0xFF, 0xFA, 0x79, 0x93, 0xFC, 0xFB, 0x6D, 0x87, 0xF9, 0xFB, 0x5D, 0x7C, 0xEB, 0xFC,
    0x5D, 0x7C, 0xEB, 0xFC, 0x4F, 0x7D, 0xEA, 0xFB, 0x47, 0x89, 0xF4, 0xFC, 0x48, 0xA3, 0xFE, 0xFC,
    0x48, 0xA3, 0xFE, 0xFC, 0x3F, 0xA8, 0xFE, 0xFC, 0x39, 0xA9, 0xFE, 0xFC, 0x39, 0xA8, 0xFE, 0xFC,
    0x3A, 0xA6, 0xFE, 0xFC, 0x3A, 0xA6, 0xFE, 0xFC, 0x39, 0xA6, 0xFF, 0xFC, 0x36, 0xA6, 0xFF, 0xFC,
    0x31, 0xA2, 0xFE, 0xFC, 0x31, 0xA2, 0xFE, 0xFC, 0x28, 0x96, 0xFB, 0xFC, 0x29, 0x98, 0xFC, 0xFC,
    0x2B, 0x9D, 0xFD, 0xFC, 0x2B, 0x9D, 0xFD, 0xFC, 0x1E, 0x8C, 0xF5, 0xFC, 0x1F, 0x8F, 0xF7, 0xFC,
    0x2E, 0x9D, 0xFD, 0xFC, 0x2E, 0x9D, 0xFD, 0xFC, 0x2B, 0x9A, 0xFC, 0xFC, 0x1C, 0x8D, 0xF8, 0xFC,
    0x16, 0x88, 0xF6, 0xFC, 0x16, 0x88, 0xF6, 0xFC, 0x14, 0x88, 0xF6, 0xFC, 0x14, 0x88, 0xF7, 0xFD,
    0x15, 0x87, 0xF7, 0xFD, 0x21, 0x95, 0xFB, 0xFD, 0x21, 0x95, 0xFB, 0xFD, 0x28, 0x98, 0xFA, 0xFD,
    0x29, 0x9A, 0xFB, 0xFD, 0x24, 0x96, 0xFB, 0xFD, 0x24, 0x96, 0xFB, 0xFD, 0x1B, 0x8B, 0xF7, 0xFD,
    0x1D, 0x8F, 0xF8, 0xFD, 0x21, 0x93, 0xF9, 0xFD, 0x21, 0x93, 0xF9, 0xFD, 0x23, 0x94, 0xF8, 0xFD,
    0x2A, 0x9C, 0xFA, 0xFD, 0x33, 0xA5, 0xFD, 0xFD, 0x33, 0xA5, 0xFD, 0xFD, 0x37, 0xA8, 0xFD, 0xFD,
    0x35, 0xA6, 0xFD, 0xFD, 0x36, 0xA7, 0xFD, 0xFD, 0x36, 0xA6, 0xFD, 0xFD, 0x36, 0xA6, 0xFD, 0xFD,
    0x39, 0xA6, 0xFE, 0xFD, 0x3A, 0xA6, 0xFD, 0xFD, 0x39, 0xA7, 0xFD, 0xFC, 0x39, 0xA7, 0xFD, 0xFC,
    0x37, 0xA9, 0xFD, 0xFC, 0x38, 0xA9, 0xFE, 0xFC, 0x3A, 0xA1, 0xFD, 0xFC, 0x3A, 0xA1, 0xFD, 0xFC,
    0x3D, 0x92, 0xFC, 0xFC, 0x42, 0x7B, 0xF6, 0xFC, 0x4C, 0x72, 0xF3, 0xFC, 0x4C, 0x72, 0xF3, 0xFC,
    0x5D, 0x79, 0xF6, 0xFC, 0x70, 0x86, 0xFA, 0xFC, 0x76, 0x8C, 0xFA, 0xFD, 0x77, 0x92, 0xF9, 0xFD,
    0x77, 0x92, 0xF9, 0xFD, 0x6B, 0x96, 0xF8, 0xFD, 0x61, 0xA8, 0xFD, 0xFC, 0x10, 0x4D, 0x93, 0xFC,
    0x10, 0x4D, 0x93, 0xFC, 0x01, 0x12, 0x4C, 0xE9, 0x2E, 0x76, 0xC2, 0x3C, 0x00, 0x00, 0x00, 0x00,
    0x00, 0x00, 0x00, 0x00, 0x34, 0x80, 0xD0, 0x02, 0x00, 0x00, 0x00, 0x00, 0x00, 0x00, 0x00, 0x00,
    0x00, 0x00, 0x00, 0x00, 0x00, 0x00, 0x00, 0x00, 0x00, 0x00, 0x00, 0x00, 0x00, 0x00, 0x00, 0x00,
    0x00, 0x00, 0x00, 0x00, 0x00, 0x00, 0x00, 0x00, 0x00, 0x00, 0x00, 0x00, 0x00, 0x00, 0x00, 0x00,
    0x00, 0x00, 0x00, 0x00, 0x00, 0x00, 0x00, 0x00, 0x00, 0x00, 0x00, 0x00, 0x00, 0x00, 0x00, 0x00,
    0x00, 0x00, 0x00, 0x00, 0x00, 0x00, 0x00, 0x00, 0x00, 0x00, 0x00, 0x00, 0x00, 0x00, 0x00, 0x00,
    0x00, 0x00, 0x00, 0x00, 0x00, 0x00, 0x00, 0x00, 0x00, 0x00, 0x00, 0x00, 0x00, 0x00, 0x00, 0x00,
    0x00, 0x00, 0x00, 0x00, 0x00, 0x00, 0x00, 0x00, 0x00, 0x00, 0x00, 0x00, 0x00, 0x00, 0x00, 0x00,
    0x00, 0x00, 0x00, 0x00, 0x00, 0x00, 0x00, 0x00, 0x00, 0x00, 0x00, 0x00, 0x00, 0x00, 0x00, 0x00,
    0x00, 0x00, 0x00, 0x00, 0x00, 0x00, 0x00, 0x00, 0x00, 0x00, 0x00, 0x00, 0x00, 0x00, 0x00, 0x00,
    0x00, 0x00, 0x00, 0x00, 0x00, 0x00, 0x00, 0x00, 0x00, 0x00, 0x00, 0x00, 0x00, 0x00, 0x00, 0x00,
    0x00, 0x00, 0x00, 0x00, 0x38, 0x81, 0xC9, 0x01, 0x39, 0x81, 0xCA, 0x01, 0x39, 0x81, 0xCA, 0x01,
    0x37, 0x82, 0xCA, 0x01, 0x38, 0x83, 0xCA, 0x04, 0x3A, 0x89, 0xD2, 0x0A, 0x24, 0x67, 0xA6, 0x83,
    0x24, 0x67, 0xA6, 0x83, 0x03, 0x0A, 0x29, 0xFA, 0x53, 0x73, 0xC9, 0xF8, 0x84, 0xA4, 0xFF, 0xFA,
    0x84, 0xA4, 0xFF, 0xFA, 0x73, 0x95, 0xFD, 0xFB, 0x60, 0x88, 0xF6, 0xFB, 0x47, 0x79, 0xE6, 0xFC,
    0x47, 0x79, 0xE6, 0xFC, 0x45, 0x90, 0xF7, 0xFB, 0x45, 0xA6, 0xFE, 0xFC, 0x3F, 0xAC, 0xFF, 0xFC,
    0x3F, 0xAC, 0xFF, 0xFC, 0x3B, 0xA8, 0xFE, 0xFC, 0x3A, 0xA7, 0xFE, 0xFC, 0x39, 0xA7, 0xFE, 0xFC,
    0x39, 0xA7, 0xFE, 0xFC, 0x39, 0xA7, 0xFE, 0xFC, 0x37, 0xA4, 0xFE, 0xFC, 0x36, 0xA5, 0xFF, 0xFC,
    0x36, 0xA7, 0xFF, 0xFC, 0x36, 0xA7, 0xFF, 0xFC, 0x35, 0xA7, 0xFF, 0xFC, 0x33, 0xA2, 0xFF, 0xFC,
    0x2A, 0x98, 0xFC, 0xFC, 0x2A, 0x98, 0xFC, 0xFC, 0x21, 0x90, 0xF7, 0xFC, 0x24, 0x94, 0xFA, 0xFC,
    0x2B, 0x9B, 0xFC, 0xFC, 0x2B, 0x9B, 0xFC, 0xFC, 0x25, 0x94, 0xFA, 0xFC, 0x1A, 0x8B, 0xF6, 0xFC,
    0x18, 0x8B, 0xF8, 0xFC, 0x18, 0x8B, 0xF8, 0xFC, 0x14, 0x87, 0xF5, 0xFC, 0x14, 0x88, 0xF7, 0xFD,
    0x15, 0x89, 0xF8, 0xFD, 0x19, 0x8C, 0xF8, 0xFD, 0x19, 0x8C, 0xF8, 0xFD, 0x25, 0x97, 0xFA, 0xFD,
    0x27, 0x99, 0xFC, 0xFD, 0x1E, 0x90, 0xFA, 0xFD, 0x1E, 0x90, 0xFA, 0xFD, 0x1E, 0x92, 0xFA, 0xFD,
    0x1E, 0x90, 0xF9, 0xFD, 0x25, 0x97, 0xFA, 0xFD, 0x25, 0x97, 0xFA, 0xFD, 0x2D, 0x9F, 0xFB, 0xFD,
    0x34, 0xA7, 0xFD, 0xFD, 0x34, 0xA4, 0xFD, 0xFD, 0x34, 0xA4, 0xFD, 0xFD, 0x36, 0xA7, 0xFE, 0xFD,
    0x36, 0xA7, 0xFE, 0xFD, 0x36, 0xA7, 0xFE, 0xFD, 0x37, 0xA6, 0xFE, 0xFD, 0x37, 0xA6, 0xFE, 0xFD,
    0x39, 0xA7, 0xFE, 0xFD, 0x3A, 0xA6, 0xFD, 0xFD, 0x3A, 0xA8, 0xFD, 0xFC, 0x3A, 0xA8, 0xFD, 0xFC,
    0x39, 0xA9, 0xFD, 0xFC, 0x38, 0xA8, 0xFE, 0xFC, 0x39, 0xAC, 0xFE, 0xFC, 0x39, 0xAC, 0xFE, 0xFC,
    0x3A, 0xA8, 0xFE, 0xFC, 0x3D, 0x97, 0xFC, 0xFC, 0x41, 0x84, 0xF7, 0xFC, 0x41, 0x84, 0xF7, 0xFC,
    0x48, 0x76, 0xF1, 0xFC, 0x5D, 0x7C, 0xF6, 0xFC, 0x71, 0x90, 0xFD, 0xFC, 0x6E, 0x8E, 0xF9, 0xFD,
    0x6E, 0x8E, 0xF9, 0xFD, 0x65, 0x93, 0xF7, 0xFD, 0x5E, 0xA5, 0xFC, 0xFC, 0x0E, 0x4B, 0x92, 0xFC,
    0x0E, 0x4B, 0x92, 0xFC, 0x00, 0x12, 0x4E, 0xEA, 0x2C, 0x75, 0xC0, 0x3D, 0x00, 0x00, 0x00, 0x00,
    0x00, 0x00, 0x00, 0x00, 0x33, 0x7F, 0xD0, 0x02, 0x00, 0x00, 0x00, 0x00, 0x00, 0x00, 0x00, 0x00,
    0x00, 0x00, 0x00, 0x00, 0x00, 0x00, 0x00, 0x00, 0x00, 0x00, 0x00, 0x00, 0x00, 0x00, 0x00, 0x00,
    0x00, 0x00, 0x00, 0x00, 0x00, 0x00, 0x00, 0x00, 0x00, 0x00, 0x00, 0x00, 0x00, 0x00, 0x00, 0x00,
    0x00, 0x00, 0x00, 0x00, 0x00, 0x00, 0x00, 0x00, 0x00, 0x00, 0x00, 0x00, 0x00, 0x00, 0x00, 0x00,
    0x00, 0x00, 0x00, 0x00, 0x00, 0x00, 0x00, 0x00, 0x00, 0x00, 0x00, 0x00, 0x00, 0x00, 0x00, 0x00,
    0x00, 0x00, 0x00, 0x00, 0x00, 0x00, 0x00, 0x00, 0x00, 0x00, 0x00, 0x00, 0x00, 0x00, 0x00, 0x00,
    0x00, 0x00, 0x00, 0x00, 0x00, 0x00, 0x00, 0x00, 0x00, 0x00, 0x00, 0x00, 0x00, 0x00, 0x00, 0x00,
    0x00, 0x00, 0x00, 0x00, 0x00, 0x00, 0x00, 0x00, 0x00, 0x00, 0x00, 0x00, 0x00, 0x00, 0x00, 0x00,
    0x00, 0x00, 0x00, 0x00, 0x00, 0x00, 0x00, 0x00, 0x00, 0x00, 0x00, 0x00, 0x00, 0x00, 0x00, 0x00,
    0x00, 0x00, 0x00, 0x00, 0x00, 0x00, 0x00, 0x00, 0x00, 0x00, 0x00, 0x00, 0x00, 0x00, 0x00, 0x00,
    0x00, 0x00, 0x00, 0x00, 0x38, 0x81, 0xCA, 0x01, 0x38, 0x81, 0xCA, 0x01, 0x38, 0x81, 0xCA, 0x01,
    0x37, 0x82, 0xCB, 0x01, 0x37, 0x83, 0xCB, 0x04, 0x3B, 0x8A, 0xD3, 0x08, 0x23, 0x66, 0xA4, 0x84,
    0x23, 0x66, 0xA4, 0x84, 0x02, 0x0A, 0x2A, 0xFA, 0x4F, 0x74, 0xC9, 0xF8, 0x7E, 0xA7, 0xFF, 0xFA,
    0x7E, 0xA7, 0xFF, 0xFA, 0x63, 0x90, 0xF9, 0xFB, 0x49, 0x8A, 0xF3, 0xFB, 0x45, 0x99, 0xF9, 0xFC,
    0x45, 0x99, 0xF9, 0xFC, 0x41, 0xA6, 0xFD, 0xFC, 0x3B, 0xA8, 0xFE, 0xFC, 0x39, 0xA9, 0xFE, 0xFC,
    0x39, 0xA9, 0xFE, 0xFC, 0x3A, 0xA9, 0xFE, 0xFC, 0x3A, 0xA7, 0xFE, 0xFC, 0x38, 0xA6, 0xFE, 0xFC,
    0x37, 0xA6, 0xFE, 0xFC, 0x37, 0xA6, 0xFE, 0xFC, 0x36, 0xA6, 0xFE, 0xFC, 0x36, 0xA6, 0xFE, 0xFC,
    0x37, 0xA7, 0xFF, 0xFC, 0x37, 0xA7, 0xFF, 0xFC, 0x36, 0xA8, 0xFF, 0xFC, 0x33, 0xA5, 0xFF, 0xFC,
    0x30, 0xA1, 0xFE, 0xFC, 0x30, 0xA1, 0xFE, 0xFC, 0x23, 0x94, 0xFA, 0xFC, 0x27, 0x9A, 0xFD, 0xFC,
    0x2B, 0x9D, 0xFD, 0xFC, 0x2B, 0x9D, 0xFD, 0xFC, 0x24, 0x96, 0xFA, 0xFC, 0x1A, 0x8A, 0xF6, 0xFC,
    0x18, 0x8D, 0xF9, 0xFC, 0x18, 0x8D, 0xF9, 0xFC, 0x14, 0x89, 0xF7, 0xFD, 0x12, 0x87, 0xF5, 0xFD,
    0x16, 0x8C, 0xF8, 0xFD, 0x1E, 0x93, 0xFB, 0xFD, 0x1E, 0x93, 0xFB, 0xFD, 0x27, 0x9A, 0xFB, 0xFD,
    0x27, 0x9C, 0xFC, 0xFD, 0x1F, 0x93, 0xFB, 0xFD, 0x1F, 0x93, 0xFB, 0xFD, 0x1D, 0x95, 0xFB, 0xFD,
    0x22, 0x99, 0xFC, 0xFD, 0x2E, 0xA2, 0xFC, 0xFD, 0x2E, 0xA2, 0xFC, 0xFD, 0x32, 0xA3, 0xFC, 0xFD,
    0x34, 0xA6, 0xFD, 0xFD, 0x34, 0xA5, 0xFD, 0xFD, 0x34, 0xA5, 0xFD, 0xFD, 0x34, 0xA5, 0xFD, 0xFD,
    0x35, 0xA6, 0xFE, 0xFD, 0x36, 0xA7, 0xFE, 0xFD, 0x37, 0xA8, 0xFE, 0xFD, 0x37, 0xA8, 0xFE, 0xFD,
    0x38, 0xA7, 0xFE, 0xFD, 0x3A, 0xA8, 0xFE, 0xFD, 0x3A, 0xA8, 0xFD, 0xFC, 0x3A, 0xA8, 0xFD, 0xFC,
    0x3A, 0xAA, 0xFE, 0xFC, 0x3A, 0xAB, 0xFE, 0xFC, 0x39, 0xAB, 0xFE, 0xFC, 0x39, 0xAB, 0xFE, 0xFC,
    0x37, 0xAA, 0xFE, 0xFC, 0x3A, 0xAB, 0xFE, 0xFC, 0x3F, 0x9F, 0xFE, 0xFC, 0x3F, 0x9F, 0xFE, 0xFC,
    0x3D, 0x82, 0xF6, 0xFC, 0x4B, 0x7F, 0xF7, 0xFC, 0x62, 0x8A, 0xFC, 0xFC, 0x67, 0x8F, 0xFB, 0xFD,
    0x67, 0x8F, 0xFB, 0xFD, 0x61, 0x93, 0xFA, 0xFD, 0x59, 0xA2, 0xFB, 0xFB, 0x0E, 0x4A, 0x91, 0xFC,
    0x0E, 0x4A, 0x91, 0xFC, 0x00, 0x13, 0x4D, 0xE9, 0x2C, 0x74, 0xBD, 0x3D, 0x00, 0x00, 0x00, 0x00,
    0x00, 0x00, 0x00, 0x00, 0x32, 0x7F, 0xCF, 0x02, 0x00, 0x00, 0x00, 0x00, 0x00, 0x00, 0x00, 0x00,
    0x00, 0x00, 0x00, 0x00, 0x00, 0x00, 0x00, 0x00, 0x00, 0x00, 0x00, 0x00, 0x00, 0x00, 0x00, 0x00,
    0x00, 0x00, 0x00, 0x00, 0x00, 0x00, 0x00, 0x00, 0x00, 0x00, 0x00, 0x00, 0x00, 0x00, 0x00, 0x00,
    0x00, 0x00, 0x00, 0x00, 0x00, 0x00, 0x00, 0x00, 0x00, 0x00, 0x00, 0x00, 0x00, 0x00, 0x00, 0x00,
    0x00, 0x00, 0x00, 0x00, 0x00, 0x00, 0x00, 0x00, 0x00, 0x00, 0x00, 0x00, 0x00, 0x00, 0x00, 0x00,
    0x00, 0x00, 0x00, 0x00, 0x00, 0x00, 0x00, 0x00, 0x00, 0x00, 0x00, 0x00, 0x00, 0x00, 0x00, 0x00,
    0x00, 0x00, 0x00, 0x00, 0x00, 0x00, 0x00, 0x00, 0x00, 0x00, 0x00, 0x00, 0x00, 0x00, 0x00, 0x00,
    0x00, 0x00, 0x00, 0x00, 0x00, 0x00, 0x00, 0x00, 0x00, 0x00, 0x00, 0x00, 0x00, 0x00, 0x00, 0x00,
    0x00, 0x00, 0x00, 0x00, 0x00, 0x00, 0x00, 0x00, 0x00, 0x00, 0x00, 0x00, 0x00, 0x00, 0x00, 0x00,
    0x00, 0x00, 0x00, 0x00, 0x00, 0x00, 0x00, 0x00, 0x00, 0x00, 0x00, 0x00, 0x00, 0x00, 0x00, 0x00,
    0x00, 0x00, 0x00, 0x00, 0x38, 0x81, 0xCA, 0x01, 0x38, 0x81, 0xCA, 0x01, 0x38, 0x81, 0xCA, 0x01,
    0x37, 0x82, 0xCB, 0x01, 0x37, 0x83, 0xCB, 0x04, 0x3B, 0x8A, 0xD3, 0x08, 0x23, 0x66, 0xA4, 0x84,
    0x23, 0x66, 0xA4, 0x84, 0x02, 0x0A, 0x2A, 0xFA, 0x4F, 0x74, 0xC9, 0xF8, 0x7E, 0xA7, 0xFF, 0xFA,
    0x7E, 0xA7, 0xFF, 0xFA, 0x63, 0x90, 0xF9, 0xFB, 0x49, 0x8A, 0xF3, 0xFB, 0x45, 0x99, 0xF9, 0xFC,
    0x45, 0x99, 0xF9, 0xFC, 0x41, 0xA6, 0xFD, 0xFC, 0x3B, 0xA8, 0xFE, 0xFC, 0x39, 0xA9, 0xFE, 0xFC,
    0x39, 0xA9, 0xFE, 0xFC, 0x3A, 0xA9, 0xFE, 0xFC, 0x3A, 0xA7, 0xFE, 0xFC, 0x38, 0xA6, 0xFE, 0xFC,
    0x37, 0xA6, 0xFE, 0xFC, 0x37, 0xA6, 0xFE, 0xFC, 0x36, 0xA6, 0xFE, 0xFC, 0x36, 0xA6, 0xFE, 0xFC,
    0x37, 0xA7, 0xFF, 0xFC, 0x37, 0xA7, 0xFF, 0xFC, 0x36, 0xA8, 0xFF, 0xFC, 0x33, 0xA5, 0xFF, 0xFC,
    0x30, 0xA1, 0xFE, 0xFC, 0x30, 0xA1, 0xFE, 0xFC, 0x23, 0x94, 0xFA, 0xFC, 0x27, 0x9A, 0xFD, 0xFC,
    0x2B, 0x9D, 0xFD, 0xFC, 0x2B, 0x9D, 0xFD, 0xFC, 0x24, 0x96, 0xFA, 0xFC, 0x1A, 0x8A, 0xF6, 0xFC,
    0x18, 0x8D, 0xF9, 0xFC, 0x18, 0x8D, 0xF9, 0xFC, 0x14, 0x89, 0xF7, 0xFD, 0x12, 0x87, 0xF5, 0xFD,
    0x16, 0x8C, 0xF8, 0xFD, 0x1E, 0x93, 0xFB, 0xFD, 0x1E, 0x93, 0xFB, 0xFD, 0x27, 0x9A, 0xFB, 0xFD,
    0x27, 0x9C, 0xFC, 0xFD, 0x1F, 0x93, 0xFB, 0xFD, 0x1F, 0x93, 0xFB, 0xFD, 0x1D, 0x95, 0xFB, 0xFD,
    0x22, 0x99, 0xFC, 0xFD, 0x2E, 0xA2, 0xFC, 0xFD, 0x2E, 0xA2, 0xFC, 0xFD, 0x32, 0xA3, 0xFC, 0xFD,
    0x34, 0xA6, 0xFD, 0xFD, 0x34, 0xA5, 0xFD, 0xFD, 0x34, 0xA5, 0xFD, 0xFD, 0x34, 0xA5, 0xFD, 0xFD,
    0x35, 0xA6, 0xFE, 0xFD, 0x36, 0xA7, 0xFE, 0xFD, 0x37, 0xA8, 0xFE, 0xFD, 0x37, 0xA8, 0xFE, 0xFD,
    0x38, 0xA7, 0xFE, 0xFD, 0x3A, 0xA8, 0xFE, 0xFD, 0x3A, 0xA8, 0xFD, 0xFC, 0x3A, 0xA8, 0xFD, 0xFC,
    0x3A, 0xAA, 0xFE, 0xFC, 0x3A, 0xAB, 0xFE, 0xFC, 0x39, 0xAB, 0xFE, 0xFC, 0x39, 0xAB, 0xFE, 0xFC,
    0x37, 0xAA, 0xFE, 0xFC, 0x3A, 0xAB, 0xFE, 0xFC, 0x3F, 0x9F, 0xFE, 0xFC, 0x3F, 0x9F, 0xFE, 0xFC,
    0x3D, 0x82, 0xF6, 0xFC, 0x4B, 0x7F, 0xF7, 0xFC, 0x62, 0x8A, 0xFC, 0xFC, 0x67, 0x8F, 0xFB, 0xFD,
    0x67, 0x8F, 0xFB, 0xFD, 0x61, 0x93, 0xFA, 0xFD, 0x59, 0xA2, 0xFB, 0xFB, 0x0E, 0x4A, 0x91, 0xFC,
    0x0E, 0x4A, 0x91, 0xFC, 0x00, 0x13, 0x4D, 0xE9, 0x2C, 0x74, 0xBD, 0x3D, 0x00, 0x00, 0x00, 0x00,
    0x00, 0x00, 0x00, 0x00, 0x32, 0x7F, 0xCF, 0x02, 0x00, 0x00, 0x00, 0x00, 0x00, 0x00, 0x00, 0x00,
    0x00, 0x00, 0x00, 0x00, 0x00, 0x00, 0x00, 0x00, 0x00, 0x00, 0x00, 0x00, 0x00, 0x00, 0x00, 0x00,
    0x00, 0x00, 0x00, 0x00, 0x00, 0x00, 0x00, 0x00, 0x00, 0x00, 0x00, 0x00, 0x00, 0x00, 0x00, 0x00,
    0x00, 0x00, 0x00, 0x00, 0x00, 0x00, 0x00, 0x00, 0x00, 0x00, 0x00, 0x00, 0x00, 0x00, 0x00, 0x00,
    0x00, 0x00, 0x00, 0x00, 0x00, 0x00, 0x00, 0x00, 0x00, 0x00, 0x00, 0x00, 0x00, 0x00, 0x00, 0x00,
    0x00, 0x00, 0x00, 0x00, 0x00, 0x00, 0x00, 0x00, 0x00, 0x00, 0x00, 0x00, 0x00, 0x00, 0x00, 0x00,
    0x00, 0x00, 0x00, 0x00, 0x00, 0x00, 0x00, 0x00, 0x00, 0x00, 0x00, 0x00, 0x00, 0x00, 0x00, 0x00,
    0x00, 0x00, 0x00, 0x00, 0x00, 0x00, 0x00, 0x00, 0x00, 0x00, 0x00, 0x00, 0x00, 0x00, 0x00, 0x00,
    0x00, 0x00, 0x00, 0x00, 0x00, 0x00, 0x00, 0x00, 0x00, 0x00, 0x00, 0x00, 0x00, 0x00, 0x00, 0x00,
    0x00, 0x00, 0x00, 0x00, 0x00, 0x00, 0x00, 0x00, 0x00, 0x00, 0x00, 0x00, 0x00, 0x00, 0x00, 0x00,
    0x00, 0x00, 0x00, 0x00, 0x38, 0x81, 0xCA, 0x01, 0x38, 0x80, 0xCB, 0x01, 0x38, 0x80, 0xCB, 0x01,
    0x38, 0x81, 0xCB, 0x01, 0x38, 0x82, 0xCB, 0x04, 0x3B, 0x8A, 0xD2, 0x07, 0x23, 0x65, 0xA6, 0x86,
    0x23, 0x65, 0xA6, 0x86, 0x02, 0x09, 0x28, 0xFB, 0x42, 0x70, 0xC1, 0xF8, 0x6B, 0xAA, 0xFF, 0xFB,
    0x6B, 0xAA, 0xFF, 0xFB, 0x46, 0x8A, 0xF4, 0xFB, 0x3C, 0x92, 0xF8, 0xFB, 0x40, 0xA6, 0xFC, 0xFC,
    0x40, 0xA6, 0xFC, 0xFC, 0x3D, 0xAA, 0xFD, 0xFC, 0x39, 0xA8, 0xFD, 0xFC, 0x39, 0xA8, 0xFE, 0xFC,
    0x39, 0xA8, 0xFE, 0xFC, 0x38, 0xA7, 0xFE, 0xFC, 0x37, 0xA8, 0xFF, 0xFC, 0x37, 0xA7, 0xFF, 0xFC,
    0x37, 0xA6, 0xFE, 0xFC, 0x37, 0xA6, 0xFE, 0xFC, 0x36, 0xA6, 0xFE, 0xFC, 0x35, 0xA6, 0xFE, 0xFC,
    0x36, 0xA6, 0xFE, 0xFC, 0x36, 0xA6, 0xFE, 0xFC, 0x35, 0xA5, 0xFE, 0xFC, 0x36, 0xA7, 0xFF, 0xFC,
    0x2B, 0x9C, 0xFD, 0xFC, 0x2B, 0x9C, 0xFD, 0xFC, 0x1D, 0x8C, 0xF2, 0xFC, 0x29, 0x9A, 0xFB, 0xFC,
    0x2E, 0xA0, 0xFD, 0xFC, 0x2E, 0xA0, 0xFD, 0xFC, 0x25, 0x95, 0xFA, 0xFC, 0x1B, 0x8B, 0xF6, 0xFC,
    0x19, 0x8C, 0xF8, 0xFC, 0x19, 0x8C, 0xF8, 0xFC, 0x15, 0x8B, 0xF8, 0xFD, 0x14, 0x89, 0xF6, 0xFD,
    0x1D, 0x90, 0xF9, 0xFD, 0x2A, 0x9F, 0xFD, 0xFD, 0x2A, 0x9F, 0xFD, 0xFD, 0x2B, 0x9B, 0xFC, 0xFD,
    0x2A, 0x9B, 0xFC, 0xFD, 0x1C, 0x8F, 0xF7, 0xFD, 0x1C, 0x8F, 0xF7, 0xFD, 0x16, 0x8A, 0xF5, 0xFD,
    0x26, 0x9C, 0xFC, 0xFD, 0x30, 0xA3, 0xFD, 0xFD, 0x30, 0xA3, 0xFD, 0xFD, 0x33, 0xA4, 0xFC, 0xFD,
    0x34, 0xA5, 0xFD, 0xFD, 0x34, 0xA5, 0xFD, 0xFD, 0x34, 0xA5, 0xFD, 0xFD, 0x34, 0xA5, 0xFD, 0xFD,
    0x35, 0xA6, 0xFE, 0xFD, 0x36, 0xA7, 0xFE, 0xFD, 0x37, 0xA8, 0xFF, 0xFD, 0x37, 0xA8, 0xFF, 0xFD,
    0x38, 0xA8, 0xFE, 0xFD, 0x39, 0xA8, 0xFE, 0xFD, 0x39, 0xA9, 0xFE, 0xFC, 0x39, 0xA9, 0xFE, 0xFC,
    0x39, 0xA9, 0xFE, 0xFC, 0x3A, 0xAA, 0xFE, 0xFC, 0x3A, 0xAA, 0xFE, 0xFC, 0x3A, 0xAA, 0xFE, 0xFC,
    0x3B, 0xAD, 0xFE, 0xFC, 0x39, 0xAA, 0xFE, 0xFC, 0x3C, 0xA6, 0xFE, 0xFC, 0x3C, 0xA6, 0xFE, 0xFC,
    0x3E, 0x98, 0xFD, 0xFC, 0x3F, 0x85, 0xFA, 0xFC, 0x4E, 0x82, 0xF8, 0xFC, 0x5B, 0x8F, 0xFB, 0xFD,
    0x5B, 0x8F, 0xFB, 0xFD, 0x57, 0x90, 0xFA, 0xFD, 0x51, 0x9E, 0xFA, 0xFC, 0x0D, 0x47, 0x91, 0xFC,
    0x0D, 0x47, 0x91, 0xFC, 0x00, 0x11, 0x4A, 0xE8, 0x2C, 0x74, 0xBD, 0x3B, 0x00, 0x00, 0x00, 0x00,
    0x00, 0x00, 0x00, 0x00, 0x32, 0x7E, 0xCE, 0x02, 0x00, 0x00, 0x00, 0x00, 0x00, 0x00, 0x00, 0x00,
    0x00, 0x00, 0x00, 0x00, 0x00, 0x00, 0x00, 0x00, 0x00, 0x00, 0x00, 0x00, 0x00, 0x00, 0x00, 0x00,
    0x00, 0x00, 0x00, 0x00, 0x00, 0x00, 0x00, 0x00, 0x00, 0x00, 0x00, 0x00, 0x00, 0x00, 0x00, 0x00,
    0x00, 0x00, 0x00, 0x00, 0x00, 0x00, 0x00, 0x00, 0x00, 0x00, 0x00, 0x00, 0x00, 0x00, 0x00, 0x00,
    0x00, 0x00, 0x00, 0x00, 0x00, 0x00, 0x00, 0x00, 0x00, 0x00, 0x00, 0x00, 0x00, 0x00, 0x00, 0x00,
    0x00, 0x00, 0x00, 0x00, 0x00, 0x00, 0x00, 0x00, 0x00, 0x00, 0x00, 0x00, 0x00, 0x00, 0x00, 0x00,
    0x00, 0x00, 0x00, 0x00, 0x00, 0x00, 0x00, 0x00, 0x00, 0x00, 0x00, 0x00, 0x00, 0x00, 0x00, 0x00,
    0x00, 0x00, 0x00, 0x00, 0x00, 0x00, 0x00, 0x00, 0x00, 0x00, 0x00, 0x00, 0x00, 0x00, 0x00, 0x00,
    0x00, 0x00, 0x00, 0x00, 0x00, 0x00, 0x00, 0x00, 0x00, 0x00, 0x00, 0x00, 0x00, 0x00, 0x00, 0x00,
    0x00, 0x00, 0x00, 0x00, 0x00, 0x00, 0x00, 0x00, 0x00, 0x00, 0x00, 0x00, 0x00, 0x00, 0x00, 0x00,
    0x00, 0x00, 0x00, 0x00, 0x38, 0x80, 0xCA, 0x01, 0x38, 0x7F, 0xCA, 0x01, 0x38, 0x7F, 0xCA, 0x01,
    0x38, 0x81, 0xCA, 0x01, 0x38, 0x82, 0xCB, 0x05, 0x39, 0x88, 0xD2, 0x05, 0x28, 0x6D, 0xAD, 0x84,
    0x28, 0x6D, 0xAD, 0x84, 0x01, 0x10, 0x37, 0xFA, 0x28, 0x60, 0xAF, 0xF8, 0x42, 0x95, 0xFD, 0xFA,
    0x42, 0x95, 0xFD, 0xFA, 0x36, 0x93, 0xF8, 0xFC, 0x3F, 0xA5, 0xFD, 0xFB, 0x3F, 0xA6, 0xFB, 0xFC,
    0x3F, 0xA6, 0xFB, 0xFC, 0x3D, 0xA7, 0xFB, 0xFC, 0x3B, 0xA7, 0xFD, 0xFC, 0x39, 0xA7, 0xFE, 0xFC,
    0x39, 0xA7, 0xFE, 0xFC, 0x38, 0xA7, 0xFF, 0xFC, 0x37, 0xA6, 0xFF, 0xFC, 0x36, 0xA6, 0xFF, 0xFC,
    0x36, 0xA6, 0xFE, 0xFC, 0x36, 0xA6, 0xFE, 0xFC, 0x35, 0xA6, 0xFE, 0xFC, 0x35, 0xA6, 0xFE, 0xFC,
    0x35, 0xA6, 0xFE, 0xFC, 0x35, 0xA6, 0xFE, 0xFC, 0x35, 0xA6, 0xFE, 0xFC, 0x36, 0xA9, 0xFF, 0xFC,
    0x2C, 0x9D, 0xFC, 0xFC, 0x2C, 0x9D, 0xFC, 0xFC, 0x1D, 0x8D, 0xF2, 0xFC, 0x2C, 0x9D, 0xFB, 0xFC,
    0x33, 0xA5, 0xFD, 0xFC, 0x33, 0xA5, 0xFD, 0xFC, 0x29, 0x9A, 0xFB, 0xFC, 0x20, 0x92, 0xF8, 0xFC,
    0x1B, 0x8F, 0xF9, 0xFC, 0x1B, 0x8F, 0xF9, 0xFC, 0x16, 0x8B, 0xF7, 0xFD, 0x1B, 0x92, 0xF9, 0xFD,
    0x28, 0x9A, 0xFD, 0xFD, 0x30, 0xA3, 0xFD, 0xFD, 0x30, 0xA3, 0xFD, 0xFD, 0x32, 0xA4, 0xFD, 0xFD,
    0x2F, 0xA0, 0xFC, 0xFD, 0x21, 0x92, 0xF8, 0xFD, 0x21, 0x92, 0xF8, 0xFD, 0x1B, 0x8D, 0xF5, 0xFD,
    0x2A, 0x9D, 0xFC, 0xFD, 0x32, 0xA4, 0xFD, 0xFD, 0x32, 0xA4, 0xFD, 0xFD, 0x34, 0xA5, 0xFD, 0xFD,
    0x35, 0xA6, 0xFD, 0xFD, 0x35, 0xA6, 0xFD, 0xFD, 0x35, 0xA6, 0xFD, 0xFD, 0x35, 0xA6, 0xFD, 0xFD,
    0x35, 0xA7, 0xFE, 0xFD, 0x36, 0xA8, 0xFE, 0xFD, 0x37, 0xA9, 0xFE, 0xFD, 0x37, 0xA9, 0xFE, 0xFD,
    0x38, 0xA9, 0xFF, 0xFD, 0x39, 0xA9, 0xFE, 0xFD, 0x39, 0xA9, 0xFE, 0xFC, 0x39, 0xA9, 0xFE, 0xFC,
    0x3A, 0xA9, 0xFE, 0xFC, 0x3B, 0xA9, 0xFE, 0xFC, 0x3C, 0xAA, 0xFE, 0xFC, 0x3C, 0xAA, 0xFE, 0xFC,
    0x3D, 0xAB, 0xFE, 0xFC, 0x3D, 0xAB, 0xFE, 0xFC, 0x3A, 0xA8, 0xFE, 0xFC, 0x3A, 0xA8, 0xFE, 0xFC,
    0x3A, 0xA4, 0xFE, 0xFC, 0x3D, 0x94, 0xFD, 0xFC, 0x41, 0x89, 0xFB, 0xFD, 0x4C, 0x90, 0xFB, 0xFC,
    0x4C, 0x90, 0xFB, 0xFC, 0x47, 0x8D, 0xF7, 0xFD, 0x47, 0x99, 0xF8, 0xFB, 0x0B, 0x44, 0x8D, 0xFB,
    0x0B, 0x44, 0x8D, 0xFB, 0x00, 0x17, 0x4C, 0xE4, 0x2C, 0x76, 0xBF, 0x38, 0x00, 0x00, 0x00, 0x00,
    0x00, 0x00, 0x00, 0x00, 0x33, 0x7F, 0xCE, 0x02, 0x00, 0x00, 0x00, 0x00, 0x00, 0x00, 0x00, 0x00,
    0x00, 0x00, 0x00, 0x00, 0x00, 0x00, 0x00, 0x00, 0x00, 0x00, 0x00, 0x00, 0x00, 0x00, 0x00, 0x00,
    0x00, 0x00, 0x00, 0x00, 0x00, 0x00, 0x00, 0x00, 0x00, 0x00, 0x00, 0x00, 0x00, 0x00, 0x00, 0x00,
    0x00, 0x00, 0x00, 0x00, 0x00, 0x00, 0x00, 0x00, 0x00, 0x00, 0x00, 0x00, 0x00, 0x00, 0x00, 0x00,
    0x00, 0x00, 0x00, 0x00, 0x00, 0x00, 0x00, 0x00, 0x00, 0x00, 0x00, 0x00, 0x00, 0x00, 0x00, 0x00,
    0x00, 0x00, 0x00, 0x00, 0x00, 0x00, 0x00, 0x00, 0x00, 0x00, 0x00, 0x00, 0x00, 0x00, 0x00, 0x00,
    0x00, 0x00, 0x00, 0x00, 0x00, 0x00, 0x00, 0x00, 0x00, 0x00, 0x00, 0x00, 0x00, 0x00, 0x00, 0x00,
    0x00, 0x00, 0x00, 0x00, 0x00, 0x00, 0x00, 0x00, 0x00, 0x00, 0x00, 0x00, 0x00, 0x00, 0x00, 0x00,
    0x00, 0x00, 0x00, 0x00, 0x00, 0x00, 0x00, 0x00, 0x00, 0x00, 0x00, 0x00, 0x00, 0x00, 0x00, 0x00,
    0x00, 0x00, 0x00, 0x00, 0x00, 0x00, 0x00, 0x00, 0x00, 0x00, 0x00, 0x00, 0x00, 0x00, 0x00, 0x00,
    0x00, 0x00, 0x00, 0x00, 0x00, 0x00, 0x00, 0x00, 0x38, 0x80, 0xCA, 0x01, 0x38, 0x80, 0xCA, 0x01,
    0x38, 0x81, 0xCB, 0x01, 0x37, 0x80, 0xCB, 0x06, 0x36, 0x86, 0xD2, 0x04, 0x2D, 0x73, 0xB8, 0x87,
    0x2D, 0x73, 0xB8, 0x87, 0x01, 0x11, 0x3E, 0xF6, 0x12, 0x47, 0x96, 0xFA, 0x28, 0x87, 0xF2, 0xFB,
    0x28, 0x87, 0xF2, 0xFB, 0x37, 0x9D, 0xFE, 0xFC, 0x3E, 0xA7, 0xFD, 0xFC, 0x40, 0xA5, 0xF9, 0xFC,
    0x40, 0xA5, 0xF9, 0xFC, 0x3E, 0xA7, 0xFA, 0xFC, 0x3B, 0xA7, 0xFD, 0xFC, 0x38, 0xA8, 0xFF, 0xFC,
    0x38, 0xA8, 0xFF, 0xFC, 0x37, 0xA6, 0xFF, 0xFC, 0x35, 0xA6, 0xFF, 0xFC, 0x35, 0xA5, 0xFE, 0xFC,
    0x34, 0xA5, 0xFE, 0xFC, 0x34, 0xA5, 0xFE, 0xFC, 0x35, 0xA5, 0xFE, 0xFC, 0x35, 0xA5, 0xFD, 0xFC,
    0x35, 0xA4, 0xFE, 0xFC, 0x35, 0xA4, 0xFE, 0xFC, 0x34, 0xA4, 0xFE, 0xFC, 0x35, 0xA6, 0xFE, 0xFC,
    0x32, 0xA4, 0xFE, 0xFC, 0x32, 0xA4, 0xFE, 0xFC, 0x2D, 0x9D, 0xFB, 0xFC, 0x34, 0xA4, 0xFC, 0xFC,
    0x34, 0xA2, 0xFC, 0xFC, 0x34, 0xA2, 0xFC, 0xFC, 0x30, 0xA0, 0xFC, 0xFC, 0x26, 0x95, 0xF9, 0xFC,
    0x1E, 0x90, 0xF8, 0xFC, 0x1E, 0x90, 0xF8, 0xFC, 0x18, 0x8A, 0xF4, 0xFD, 0x20, 0x92, 0xF9, 0xFD,
    0x30, 0xA1, 0xFD, 0xFD, 0x32, 0xA2, 0xFD, 0xFD, 0x32, 0xA2, 0xFD, 0xFD, 0x32, 0xA1, 0xFC, 0xFD,
    0x32, 0xA3, 0xFD, 0xFD, 0x30, 0xA1, 0xFD, 0xFD, 0x30, 0xA1, 0xFD, 0xFD, 0x2D, 0x9F, 0xFD, 0xFD,
    0x30, 0xA2, 0xFD, 0xFD, 0x33, 0xA3, 0xFD, 0xFD, 0x33, 0xA3, 0xFD, 0xFD, 0x34, 0xA4, 0xFD, 0xFD,
    0x36, 0xA6, 0xFE, 0xFD, 0x36, 0xA6, 0xFE, 0xFD, 0x36, 0xA6, 0xFE, 0xFD, 0x36, 0xA6, 0xFE, 0xFD,
    0x35, 0xA6, 0xFE, 0xFD, 0x36, 0xA8, 0xFE, 0xFD, 0x36, 0xA8, 0xFF, 0xFD, 0x36, 0xA8, 0xFF, 0xFD,
    0x37, 0xA9, 0xFF, 0xFD, 0x38, 0xAA, 0xFF, 0xFD, 0x38, 0xAA, 0xFF, 0xFC, 0x38, 0xAA, 0xFF, 0xFC,
    0x39, 0xA9, 0xFF, 0xFC, 0x3A, 0xA9, 0xFE, 0xFC, 0x3A, 0xAA, 0xFE, 0xFC, 0x3A, 0xAA, 0xFE, 0xFC,
    0x3B, 0xAA, 0xFE, 0xFC, 0x3B, 0xAB, 0xFF, 0xFC, 0x39, 0xAA, 0xFE, 0xFC, 0x39, 0xAA, 0xFE, 0xFC,
    0x31, 0x9D, 0xFB, 0xFC, 0x2F, 0x8F, 0xF9, 0xFC, 0x3C, 0x92, 0xFC, 0xFD, 0x3B, 0x88, 0xF9, 0xFC,
    0x3B, 0x88, 0xF9, 0xFC, 0x37, 0x89, 0xF6, 0xFD, 0x40, 0x9C, 0xF9, 0xFB, 0x0B, 0x46, 0x97, 0xFB,
    0x0B, 0x46, 0x97, 0xFB, 0x00, 0x0F, 0x44, 0xDE, 0x30, 0x77, 0xC3, 0x30, 0x00, 0x00, 0x00, 0x00,
    0x00, 0x00, 0x00, 0x00, 0x32, 0x7D, 0xCE, 0x02, 0x00, 0x00, 0x00, 0x00, 0x00, 0x00, 0x00, 0x00,
    0x00, 0x00, 0x00, 0x00, 0x00, 0x00, 0x00, 0x00, 0x00, 0x00, 0x00, 0x00, 0x00, 0x00, 0x00, 0x00,
    0x00, 0x00, 0x00, 0x00, 0x00, 0x00, 0x00, 0x00, 0x00, 0x00, 0x00, 0x00, 0x00, 0x00, 0x00, 0x00,
    0x00, 0x00, 0x00, 0x00, 0x00, 0x00, 0x00, 0x00, 0x00, 0x00, 0x00, 0x00, 0x00, 0x00, 0x00, 0x00,
    0x00, 0x00, 0x00, 0x00, 0x00, 0x00, 0x00, 0x00, 0x00, 0x00, 0x00, 0x00, 0x00, 0x00, 0x00, 0x00,
    0x00, 0x00, 0x00, 0x00, 0x00, 0x00, 0x00, 0x00, 0x00, 0x00, 0x00, 0x00, 0x00, 0x00, 0x00, 0x00,
    0x00, 0x00, 0x00, 0x00, 0x00, 0x00, 0x00, 0x00, 0x00, 0x00, 0x00, 0x00, 0x00, 0x00, 0x00, 0x00,
    0x00, 0x00, 0x00, 0x00, 0x00, 0x00, 0x00, 0x00, 0x00, 0x00, 0x00, 0x00, 0x00, 0x00, 0x00, 0x00,
    0x00, 0x00, 0x00, 0x00, 0x00, 0x00, 0x00, 0x00, 0x00, 0x00, 0x00, 0x00, 0x00, 0x00, 0x00, 0x00,
    0x00, 0x00, 0x00, 0x00, 0x00, 0x00, 0x00, 0x00, 0x00, 0x00, 0x00, 0x00, 0x00, 0x00, 0x00, 0x00,
    0x00, 0x00, 0x00, 0x00, 0x00, 0x00, 0x00, 0x00, 0x38, 0x80, 0xCA, 0x01, 0x38, 0x80, 0xCA, 0x01,
    0x38, 0x81, 0xCB, 0x01, 0x37, 0x80, 0xCB, 0x06, 0x36, 0x86, 0xD2, 0x04, 0x2D, 0x73, 0xB8, 0x87,
    0x2D, 0x73, 0xB8, 0x87, 0x01, 0x11, 0x3E, 0xF6, 0x12, 0x47, 0x96, 0xFA, 0x28, 0x87, 0xF2, 0xFB,
    0x28, 0x87, 0xF2, 0xFB, 0x37, 0x9D, 0xFE, 0xFC, 0x3E, 0xA7, 0xFD, 0xFC, 0x40, 0xA5, 0xF9, 0xFC,
    0x40, 0xA5, 0xF9, 0xFC, 0x3E, 0xA7, 0xFA, 0xFC, 0x3B, 0xA7, 0xFD, 0xFC, 0x38, 0xA8, 0xFF, 0xFC,
    0x38, 0xA8, 0xFF, 0xFC, 0x37, 0xA6, 0xFF, 0xFC, 0x35, 0xA6, 0xFF, 0xFC, 0x35, 0xA5, 0xFE, 0xFC,
    0x34, 0xA5, 0xFE, 0xFC, 0x34, 0xA5, 0xFE, 0xFC, 0x35, 0xA5, 0xFE, 0xFC, 0x35, 0xA5, 0xFD, 0xFC,
    0x35, 0xA4, 0xFE, 0xFC, 0x35, 0xA4, 0xFE, 0xFC, 0x34, 0xA4, 0xFE, 0xFC, 0x35, 0xA6, 0xFE, 0xFC,
    0x32, 0xA4, 0xFE, 0xFC, 0x32, 0xA4, 0xFE, 0xFC, 0x2D, 0x9D, 0xFB, 0xFC, 0x34, 0xA4, 0xFC, 0xFC,
    0x34, 0xA2, 0xFC, 0xFC, 0x34, 0xA2, 0xFC, 0xFC, 0x30, 0xA0, 0xFC, 0xFC, 0x26, 0x95, 0xF9, 0xFC,
    0x1E, 0x90, 0xF8, 0xFC, 0x1E, 0x90, 0xF8, 0xFC, 0x18, 0x8A, 0xF4, 0xFD, 0x20, 0x92, 0xF9, 0xFD,
    0x30, 0xA1, 0xFD, 0xFD, 0x32, 0xA2, 0xFD, 0xFD, 0x32, 0xA2, 0xFD, 0xFD, 0x32, 0xA1, 0xFC, 0xFD,
    0x32, 0xA3, 0xFD, 0xFD, 0x30, 0xA1, 0xFD, 0xFD, 0x30, 0xA1, 0xFD, 0xFD, 0x2D, 0x9F, 0xFD, 0xFD,
    0x30, 0xA2, 0xFD, 0xFD, 0x33, 0xA3, 0xFD, 0xFD, 0x33, 0xA3, 0xFD, 0xFD, 0x34, 0xA4, 0xFD, 0xFD,
    0x36, 0xA6, 0xFE, 0xFD, 0x36, 0xA6, 0xFE, 0xFD, 0x36, 0xA6, 0xFE, 0xFD, 0x36, 0xA6, 0xFE, 0xFD,
    0x35, 0xA6, 0xFE, 0xFD, 0x36, 0xA8, 0xFE, 0xFD, 0x36, 0xA8, 0xFF, 0xFD, 0x36, 0xA8, 0xFF, 0xFD,
    0x37, 0xA9, 0xFF, 0xFD, 0x38, 0xAA, 0xFF, 0xFD, 0x38, 0xAA, 0xFF, 0xFC, 0x38, 0xAA, 0xFF, 0xFC,
    0x39, 0xA9, 0xFF, 0xFC, 0x3A, 0xA9, 0xFE, 0xFC, 0x3A, 0xAA, 0xFE, 0xFC, 0x3A, 0xAA, 0xFE, 0xFC,
    0x3B, 0xAA, 0xFE, 0xFC, 0x3B, 0xAB, 0xFF, 0xFC, 0x39, 0xAA, 0xFE, 0xFC, 0x39, 0xAA, 0xFE, 0xFC,
    0x31, 0x9D, 0xFB, 0xFC, 0x2F, 0x8F, 0xF9, 0xFC, 0x3C, 0x92, 0xFC, 0xFD, 0x3B, 0x88, 0xF9, 0xFC,
    0x3B, 0x88, 0xF9, 0xFC, 0x37, 0x89, 0xF6, 0xFD, 0x40, 0x9C, 0xF9, 0xFB, 0x0B, 0x46, 0x97, 0xFB,
    0x0B, 0x46, 0x97, 0xFB, 0x00, 0x0F, 0x44, 0xDE, 0x30, 0x77, 0xC3, 0x30, 0x00, 0x00, 0x00, 0x00,
    0x00, 0x00, 0x00, 0x00, 0x32, 0x7D, 0xCE, 0x02, 0x00, 0x00, 0x00, 0x00, 0x00, 0x00, 0x00, 0x00,
    0x00, 0x00, 0x00, 0x00, 0x00, 0x00, 0x00, 0x00, 0x00, 0x00, 0x00, 0x00, 0x00, 0x00, 0x00, 0x00,
    0x00, 0x00, 0x00, 0x00, 0x00, 0x00, 0x00, 0x00, 0x00, 0x00, 0x00, 0x00, 0x00, 0x00, 0x00, 0x00,
    0x00, 0x00, 0x00, 0x00, 0x00, 0x00, 0x00, 0x00, 0x00, 0x00, 0x00, 0x00, 0x00, 0x00, 0x00, 0x00,
    0x00, 0x00, 0x00, 0x00, 0x00, 0x00, 0x00, 0x00, 0x00, 0x00, 0x00, 0x00, 0x00, 0x00, 0x00, 0x00,
    0x00, 0x00, 0x00, 0x00, 0x00, 0x00, 0x00, 0x00, 0x00, 0x00, 0x00, 0x00, 0x00, 0x00, 0x00, 0x00,
    0x00, 0x00, 0x00, 0x00, 0x00, 0x00, 0x00, 0x00, 0x00, 0x00, 0x00, 0x00, 0x00, 0x00, 0x00, 0x00,
    0x00, 0x00, 0x00, 0x00, 0x00, 0x00, 0x00, 0x00, 0x00, 0x00, 0x00, 0x00, 0x00, 0x00, 0x00, 0x00,
    0x00, 0x00, 0x00, 0x00, 0x00, 0x00, 0x00, 0x00, 0x00, 0x00, 0x00, 0x00, 0x00, 0x00, 0x00, 0x00,
    0x00, 0x00, 0x00, 0x00, 0x00, 0x00, 0x00, 0x00, 0x00, 0x00, 0x00, 0x00, 0x00, 0x00, 0x00, 0x00,
    0x00, 0x00, 0x00, 0x00, 0x00, 0x00, 0x00, 0x00, 0x37, 0x81, 0xCB, 0x01, 0x37, 0x81, 0xCB, 0x01,
    0x37, 0x82, 0xCB, 0x01, 0x36, 0x82, 0xCC, 0x06, 0x33, 0x86, 0xD3, 0x06, 0x32, 0x7A, 0xC2, 0x83,
    0x32, 0x7A, 0xC2, 0x83, 0x01, 0x12, 0x49, 0xF6, 0x0F, 0x4A, 0xA1, 0xF8, 0x35, 0xA0, 0xFF, 0xFC,
    0x35, 0xA0, 0xFF, 0xFC, 0x39, 0xA6, 0xFF, 0xFB, 0x3E, 0xA8, 0xFC, 0xFC, 0x40, 0xA8, 0xFA, 0xFC,
    0x40, 0xA8, 0xFA, 0xFC, 0x3E, 0xA8, 0xFB, 0xFC, 0x3B, 0xA8, 0xFD, 0xFC, 0x38, 0xA8, 0xFF, 0xFC,
    0x38, 0xA8, 0xFF, 0xFC, 0x35, 0xA6, 0xFF, 0xFC, 0x34, 0xA6, 0xFE, 0xFC, 0x33, 0xA5, 0xFE, 0xFC,
    0x33, 0xA4, 0xFE, 0xFC, 0x33, 0xA4, 0xFE, 0xFC, 0x34, 0xA4, 0xFE, 0xFC, 0x34, 0xA4, 0xFD, 0xFC,
    0x34, 0xA4, 0xFE, 0xFC, 0x34, 0xA4, 0xFE, 0xFC, 0x34, 0xA5, 0xFE, 0xFC, 0x35, 0xA5, 0xFE, 0xFC,
    0x36, 0xA7, 0xFE, 0xFC, 0x36, 0xA7, 0xFE, 0xFC, 0x35, 0xA5, 0xFD, 0xFC, 0x36, 0xA7, 0xFD, 0xFC,
    0x36, 0xA4, 0xFC, 0xFC, 0x36, 0xA4, 0xFC, 0xFC, 0x36, 0xA6, 0xFD, 0xFC, 0x2B, 0x9A, 0xFB, 0xFC,
    0x22, 0x94, 0xF9, 0xFC, 0x22, 0x94, 0xF9, 0xFC, 0x1C, 0x8D, 0xF6, 0xFC, 0x25, 0x94, 0xFA, 0xFD,
    0x36, 0xA5, 0xFD, 0xFD, 0x36, 0xA5, 0xFD, 0xFD, 0x36, 0xA5, 0xFD, 0xFD, 0x34, 0xA2, 0xFD, 0xFD,
    0x35, 0xA5, 0xFD, 0xFD, 0x34, 0xA4, 0xFE, 0xFD, 0x34, 0xA4, 0xFE, 0xFD, 0x32, 0xA4, 0xFE, 0xFD,
    0x31, 0xA5, 0xFE, 0xFD, 0x33, 0xA7, 0xFE, 0xFD, 0x33, 0xA7, 0xFE, 0xFD, 0x35, 0xA7, 0xFD, 0xFD,
    0x36, 0xA8, 0xFE, 0xFD, 0x34, 0xA6, 0xFE, 0xFD, 0x34, 0xA6, 0xFE, 0xFD, 0x35, 0xA7, 0xFE, 0xFD,
    0x35, 0xA6, 0xFE, 0xFD, 0x35, 0xA7, 0xFE, 0xFD, 0x35, 0xA7, 0xFF, 0xFD, 0x35, 0xA7, 0xFF, 0xFD,
    0x36, 0xA9, 0xFF, 0xFD, 0x37, 0xAA, 0xFF, 0xFD, 0x37, 0xAA, 0xFF, 0xFC, 0x37, 0xAA, 0xFF, 0xFC,
    0x37, 0xA9, 0xFE, 0xFC, 0x38, 0xA9, 0xFE, 0xFC, 0x38, 0xA9, 0xFE, 0xFC, 0x38, 0xA9, 0xFE, 0xFC,
    0x39, 0xAA, 0xFE, 0xFC, 0x39, 0xAB, 0xFE, 0xFC, 0x39, 0xAC, 0xFE, 0xFC, 0x39, 0xAC, 0xFE, 0xFC,
    0x2E, 0x9C, 0xF9, 0xFC, 0x26, 0x8B, 0xF3, 0xFC, 0x27, 0x85, 0xF5, 0xFC, 0x2D, 0x86, 0xF8, 0xFC,
    0x2D, 0x86, 0xF8, 0xFC, 0x24, 0x7E, 0xED, 0xFD, 0x27, 0x7B, 0xE2, 0xFB, 0x11, 0x4E, 0x9D, 0xF9,
    0x11, 0x4E, 0x9D, 0xF9, 0x03, 0x2A, 0x6E, 0xD3, 0x3A, 0x83, 0xCE, 0x2A, 0x00, 0x00, 0x00, 0x00,
    0x00, 0x00, 0x00, 0x00, 0x33, 0x7F, 0xCF, 0x02, 0x00, 0x00, 0x00, 0x00, 0x00, 0x00, 0x00, 0x00,
    0x00, 0x00, 0x00, 0x00, 0x00, 0x00, 0x00, 0x00, 0x00, 0x00, 0x00, 0x00, 0x00, 0x00, 0x00, 0x00,
    0x00, 0x00, 0x00, 0x00, 0x00, 0x00, 0x00, 0x00, 0x00, 0x00, 0x00, 0x00, 0x00, 0x00, 0x00, 0x00,
    0x00, 0x00, 0x00, 0x00, 0x00, 0x00, 0x00, 0x00, 0x00, 0x00, 0x00, 0x00, 0x00, 0x00, 0x00, 0x00,
    0x00, 0x00, 0x00, 0x00, 0x00, 0x00, 0x00, 0x00, 0x00, 0x00, 0x00, 0x00, 0x00, 0x00, 0x00, 0x00,
    0x00, 0x00, 0x00, 0x00, 0x00, 0x00, 0x00, 0x00, 0x00, 0x00, 0x00, 0x00, 0x00, 0x00, 0x00, 0x00,
    0x00, 0x00, 0x00, 0x00, 0x00, 0x00, 0x00, 0x00, 0x00, 0x00, 0x00, 0x00, 0x00, 0x00, 0x00, 0x00,
    0x00, 0x00, 0x00, 0x00, 0x00, 0x00, 0x00, 0x00, 0x00, 0x00, 0x00, 0x00, 0x00, 0x00, 0x00, 0x00,
    0x00, 0x00, 0x00, 0x00, 0x00, 0x00, 0x00, 0x00, 0x00, 0x00, 0x00, 0x00, 0x00, 0x00, 0x00, 0x00,
    0x00, 0x00, 0x00, 0x00, 0x00, 0x00, 0x00, 0x00, 0x00, 0x00, 0x00, 0x00, 0x00, 0x00, 0x00, 0x00,
    0x00, 0x00, 0x00, 0x00, 0x00, 0x00, 0x00, 0x00, 0x37, 0x82, 0xCB, 0x01, 0x37, 0x82, 0xCB, 0x01,
    0x35, 0x82, 0xCB, 0x01, 0x32, 0x7F, 0xCC, 0x06, 0x3B, 0x88, 0xD2, 0x06, 0x23, 0x64, 0xA6, 0x7D,
    0x23, 0x64, 0xA6, 0x7D, 0x04, 0x27, 0x76, 0xFC, 0x1C, 0x65, 0xCB, 0xF8, 0x37, 0xA5, 0xFF, 0xFC,
    0x37, 0xA5, 0xFF, 0xFC, 0x3A, 0xA6, 0xFE, 0xFC, 0x3E, 0xA7, 0xFC, 0xFC, 0x3E, 0xA9, 0xFC, 0xFC,
    0x3E, 0xA9, 0xFC, 0xFC, 0x3C, 0xA9, 0xFC, 0xFC, 0x38, 0xA7, 0xFD, 0xFC, 0x35, 0xA7, 0xFE, 0xFC,
    0x35, 0xA7, 0xFE, 0xFC, 0x34, 0xA6, 0xFE, 0xFC, 0x32, 0xA6, 0xFE, 0xFC, 0x32, 0xA4, 0xFD, 0xFC,
    0x31, 0xA3, 0xFD, 0xFC, 0x31, 0xA3, 0xFD, 0xFC, 0x32, 0xA3, 0xFD, 0xFC, 0x32, 0xA3, 0xFD, 0xFC,
    0x32, 0xA3, 0xFD, 0xFC, 0x32, 0xA3, 0xFD, 0xFC, 0x32, 0xA3, 0xFD, 0xFC, 0x32, 0xA2, 0xFD, 0xFC,
    0x35, 0xA5, 0xFD, 0xFC, 0x35, 0xA5, 0xFD, 0xFC, 0x34, 0xA5, 0xFD, 0xFC, 0x35, 0xA6, 0xFD, 0xFC,
    0x36, 0xA4, 0xFD, 0xFC, 0x36, 0xA4, 0xFD, 0xFC, 0x35, 0xA5, 0xFD, 0xFC, 0x31, 0xA1, 0xFD, 0xFC,
    0x22, 0x91, 0xF7, 0xFC, 0x22, 0x91, 0xF7, 0xFC, 0x1E, 0x8F, 0xF6, 0xFC, 0x29, 0x97, 0xFB, 0xFD,
    0x38, 0xA4, 0xFD, 0xFD, 0x38, 0xA6, 0xFD, 0xFD, 0x38, 0xA6, 0xFD, 0xFD, 0x38, 0xA5, 0xFE, 0xFD,
    0x37, 0xA5, 0xFE, 0xFD, 0x35, 0xA4, 0xFE, 0xFD, 0x35, 0xA4, 0xFE, 0xFD, 0x35, 0xA6, 0xFE, 0xFD,
    0x33, 0xA4, 0xFE, 0xFD, 0x35, 0xA7, 0xFE, 0xFD, 0x35, 0xA7, 0xFE, 0xFD, 0x36, 0xA7, 0xFE, 0xFD,
    0x35, 0xA7, 0xFE, 0xFD, 0x34, 0xA7, 0xFE, 0xFD, 0x34, 0xA7, 0xFE, 0xFD, 0x33, 0xA7, 0xFF, 0xFD,
    0x33, 0xA6, 0xFF, 0xFD, 0x34, 0xA7, 0xFF, 0xFD, 0x34, 0xA7, 0xFE, 0xFD, 0x34, 0xA7, 0xFE, 0xFD,
    0x35, 0xA8, 0xFE, 0xFD, 0x35, 0xA9, 0xFF, 0xFD, 0x36, 0xA9, 0xFF, 0xFC, 0x36, 0xA9, 0xFF, 0xFC,
    0x36, 0xA9, 0xFF, 0xFC, 0x36, 0xA9, 0xFE, 0xFC, 0x37, 0xA9, 0xFE, 0xFC, 0x37, 0xA9, 0xFE, 0xFC,
    0x37, 0xA8, 0xFE, 0xFC, 0x38, 0xA9, 0xFE, 0xFC, 0x35, 0xA8, 0xFE, 0xFC, 0x35, 0xA8, 0xFE, 0xFC,
    0x30, 0xA1, 0xFC, 0xFC, 0x26, 0x90, 0xF5, 0xFC, 0x1E, 0x81, 0xF1, 0xFD, 0x21, 0x87, 0xF8, 0xFC,
    0x21, 0x87, 0xF8, 0xFC, 0x18, 0x6F, 0xE0, 0xFC, 0x01, 0x1E, 0x77, 0xFA, 0x08, 0x2A, 0x6A, 0xFC,
    0x08, 0x2A, 0x6A, 0xFC, 0x2C, 0x78, 0xC0, 0x9E, 0x35, 0x87, 0xD5, 0x13, 0x30, 0x7E, 0xCE, 0x02,
    0x30, 0x7E, 0xCE, 0x02, 0x34, 0x7F, 0xD0, 0x02, 0x00, 0x00, 0x00, 0x00, 0x00, 0x00, 0x00, 0x00,
    0x00, 0x00, 0x00, 0x00, 0x00, 0x00, 0x00, 0x00, 0x00, 0x00, 0x00, 0x00, 0x00, 0x00, 0x00, 0x00,
    0x00, 0x00, 0x00, 0x00, 0x00, 0x00, 0x00, 0x00, 0x00, 0x00, 0x00, 0x00, 0x00, 0x00, 0x00, 0x00,
    0x00, 0x00, 0x00, 0x00, 0x00, 0x00, 0x00, 0x00, 0x00, 0x00, 0x00, 0x00, 0x00, 0x00, 0x00, 0x00,
    0x00, 0x00, 0x00, 0x00, 0x00, 0x00, 0x00, 0x00, 0x00, 0x00, 0x00, 0x00, 0x00, 0x00, 0x00, 0x00,
    0x00, 0x00, 0x00, 0x00, 0x00, 0x00, 0x00, 0x00, 0x00, 0x00, 0x00, 0x00, 0x00, 0x00, 0x00, 0x00,
    0x00, 0x00, 0x00, 0x00, 0x00, 0x00, 0x00, 0x00, 0x00, 0x00, 0x00, 0x00, 0x00, 0x00, 0x00, 0x00,
    0x00, 0x00, 0x00, 0x00, 0x00, 0x00, 0x00, 0x00, 0x00, 0x00, 0x00, 0x00, 0x00, 0x00, 0x00, 0x00,
    0x00, 0x00, 0x00, 0x00, 0x00, 0x00, 0x00, 0x00, 0x00, 0x00, 0x00, 0x00, 0x00, 0x00, 0x00, 0x00,
    0x00, 0x00, 0x00, 0x00, 0x00, 0x00, 0x00, 0x00, 0x00, 0x00, 0x00, 0x00, 0x00, 0x00, 0x00, 0x00,
    0x00, 0x00, 0x00, 0x00, 0x38, 0x82, 0xCA, 0x01, 0x37, 0x82, 0xCB, 0x01, 0x37, 0x82, 0xCB, 0x01,
    0x34, 0x83, 0xCB, 0x03, 0x3A, 0x89, 0xD5, 0x02, 0x29, 0x63, 0xA7, 0x4F, 0x03, 0x21, 0x62, 0xD4,
    0x03, 0x21, 0x62, 0xD4, 0x28, 0x7D, 0xD8, 0xFB, 0x30, 0x97, 0xF9, 0xFA, 0x36, 0xA3, 0xFE, 0xFC,
    0x36, 0xA3, 0xFE, 0xFC, 0x3B, 0xA6, 0xFE, 0xFC, 0x3C, 0xA8, 0xFE, 0xFC, 0x3A, 0xA8, 0xFE, 0xFC,
    0x3A, 0xA8, 0xFE, 0xFC, 0x39, 0xA9, 0xFE, 0xFC, 0x36, 0xA6, 0xFE, 0xFC, 0x34, 0xA6, 0xFE, 0xFC,
    0x34, 0xA6, 0xFE, 0xFC, 0x32, 0xA5, 0xFE, 0xFC, 0x31, 0xA5, 0xFE, 0xFC, 0x30, 0xA4, 0xFE, 0xFC,
    0x2E, 0xA4, 0xFD, 0xFC, 0x2E, 0xA4, 0xFD, 0xFC, 0x2E, 0xA4, 0xFD, 0xFC, 0x2E, 0xA2, 0xFD, 0xFC,
    0x2F, 0xA4, 0xFD, 0xFC, 0x2F, 0xA4, 0xFD, 0xFC, 0x30, 0xA5, 0xFD, 0xFC, 0x31, 0xA5, 0xFE, 0xFC,
    0x33, 0xA6, 0xFE, 0xFC, 0x33, 0xA6, 0xFE, 0xFC, 0x34, 0xA6, 0xFD, 0xFC, 0x35, 0xA5, 0xFD, 0xFC,
    0x35, 0xA6, 0xFD, 0xFC, 0x35, 0xA6, 0xFD, 0xFC, 0x38, 0xA8, 0xFD, 0xFC, 0x33, 0xA3, 0xFD, 0xFC,
    0x24, 0x94, 0xF7, 0xFC, 0x24, 0x94, 0xF7, 0xFC, 0x1F, 0x8F, 0xF4, 0xFD, 0x2F, 0x9D, 0xFD, 0xFD,
    0x3D, 0xA9, 0xFE, 0xFD, 0x3C, 0xA7, 0xFE, 0xFD, 0x3C, 0xA7, 0xFE, 0xFD, 0x3A, 0xA6, 0xFE, 0xFD,
    0x3A, 0xA7, 0xFE, 0xFD, 0x39, 0xA7, 0xFE, 0xFD, 0x39, 0xA7, 0xFE, 0xFD, 0x39, 0xA9, 0xFF, 0xFD,
    0x36, 0xA8, 0xFF, 0xFD, 0x35, 0xA9, 0xFF, 0xFD, 0x35, 0xA9, 0xFF, 0xFD, 0x37, 0xAA, 0xFE, 0xFD,
    0x37, 0xAB, 0xFE, 0xFD, 0x34, 0xA9, 0xFF, 0xFD, 0x34, 0xA9, 0xFF, 0xFD, 0x32, 0xA9, 0xFF, 0xFD,
    0x2F, 0xA6, 0xFE, 0xFD, 0x32, 0xA7, 0xFE, 0xFD, 0x33, 0xA8, 0xFE, 0xFD, 0x33, 0xA8, 0xFE, 0xFD,
    0x34, 0xA8, 0xFF, 0xFD, 0x35, 0xA9, 0xFF, 0xFD, 0x36, 0xA9, 0xFF, 0xFC, 0x36, 0xA9, 0xFF, 0xFC,
    0x36, 0xA9, 0xFF, 0xFC, 0x37, 0xA9, 0xFF, 0xFC, 0x36, 0xA9, 0xFF, 0xFC, 0x36, 0xA9, 0xFF, 0xFC,
    0x36, 0xA8, 0xFE, 0xFC, 0x36, 0xA7, 0xFE, 0xFC, 0x35, 0xA7, 0xFD, 0xFC, 0x35, 0xA7, 0xFD, 0xFC,
    0x35, 0xA8, 0xFE, 0xFC, 0x2D, 0x9E, 0xFC, 0xFC, 0x22, 0x90, 0xF7, 0xFD, 0x1B, 0x85, 0xF5, 0xFD,
    0x1B, 0x85, 0xF5, 0xFD, 0x1D, 0x7B, 0xEA, 0xFD, 0x02, 0x21, 0x76, 0xFA, 0x00, 0x0F, 0x46, 0xFD,
    0x00, 0x0F, 0x46, 0xFD, 0x30, 0x7C, 0xC8, 0x9D, 0x2D, 0x80, 0xD1, 0x0B, 0x30, 0x7E, 0xCD, 0x04,
    0x30, 0x7E, 0xCD, 0x04, 0x34, 0x7F, 0xCF, 0x01, 0x00, 0x00, 0x00, 0x00, 0x00, 0x00, 0x00, 0x00,
    0x00, 0x00, 0x00, 0x00, 0x00, 0x00, 0x00, 0x00, 0x00, 0x00, 0x00, 0x00, 0x00, 0x00, 0x00, 0x00,
    0x00, 0x00, 0x00, 0x00, 0x00, 0x00, 0x00, 0x00, 0x00, 0x00, 0x00, 0x00, 0x00, 0x00, 0x00, 0x00,
    0x00, 0x00, 0x00, 0x00, 0x00, 0x00, 0x00, 0x00, 0x00, 0x00, 0x00, 0x00, 0x00, 0x00, 0x00, 0x00,
    0x00, 0x00, 0x00, 0x00, 0x00, 0x00, 0x00, 0x00, 0x00, 0x00, 0x00, 0x00, 0x00, 0x00, 0x00, 0x00,
    0x00, 0x00, 0x00, 0x00, 0x00, 0x00, 0x00, 0x00, 0x00, 0x00, 0x00, 0x00, 0x00, 0x00, 0x00, 0x00,
    0x00, 0x00, 0x00, 0x00, 0x00, 0x00, 0x00, 0x00, 0x00, 0x00, 0x00, 0x00, 0x00, 0x00, 0x00, 0x00,
    0x00, 0x00, 0x00, 0x00, 0x00, 0x00, 0x00, 0x00, 0x00, 0x00, 0x00, 0x00, 0x00, 0x00, 0x00, 0x00,
    0x00, 0x00, 0x00, 0x00, 0x00, 0x00, 0x00, 0x00, 0x00, 0x00, 0x00, 0x00, 0x00, 0x00, 0x00, 0x00,
    0x00, 0x00, 0x00, 0x00, 0x00, 0x00, 0x00, 0x00, 0x00, 0x00, 0x00, 0x00, 0x00, 0x00, 0x00, 0x00,
    0x00, 0x00, 0x00, 0x00, 0x38, 0x82, 0xCB, 0x01, 0x39, 0x84, 0xCC, 0x01, 0x39, 0x84, 0xCC, 0x01,
    0x2F, 0x7E, 0xC8, 0x04, 0x40, 0x93, 0xDE, 0x03, 0x18, 0x45, 0x7F, 0xA4, 0x02, 0x19, 0x52, 0xF2,
    0x02, 0x19, 0x52, 0xF2, 0x33, 0x98, 0xF5, 0xF8, 0x2D, 0x9E, 0xFC, 0xFD, 0x34, 0x9F, 0xFC, 0xFB,
    0x34, 0x9F, 0xFC, 0xFB, 0x3B, 0xA5, 0xFD, 0xFC, 0x3A, 0xA8, 0xFE, 0xFC, 0x37, 0xA8, 0xFE, 0xFC,
    0x37, 0xA8, 0xFE, 0xFC, 0x36, 0xA7, 0xFE, 0xFC, 0x35, 0xA6, 0xFE, 0xFC, 0x33, 0xA6, 0xFD, 0xFC,
    0x33, 0xA6, 0xFD, 0xFC, 0x31, 0xA4, 0xFD, 0xFC, 0x30, 0xA5, 0xFD, 0xFC, 0x2F, 0xA5, 0xFD, 0xFC,
    0x2C, 0xA5, 0xFD, 0xFC, 0x2C, 0xA5, 0xFD, 0xFC, 0x2C, 0xA3, 0xFC, 0xFC, 0x34, 0xA4, 0xFC, 0xFC,
    0x37, 0xA5, 0xFD, 0xFC, 0x37, 0xA5, 0xFD, 0xFC, 0x32, 0xA6, 0xFD, 0xFC, 0x31, 0xA5, 0xFE, 0xFC,
    0x33, 0xA5, 0xFD, 0xFC, 0x33, 0xA5, 0xFD, 0xFC, 0x34, 0xA5, 0xFD, 0xFC, 0x37, 0xA7, 0xFD, 0xFC,
    0x35, 0xA5, 0xFD, 0xFC, 0x35, 0xA5, 0xFD, 0xFC, 0x36, 0xA6, 0xFD, 0xFC, 0x34, 0xA4, 0xFD, 0xFC,
    0x29, 0x98, 0xF7, 0xFC, 0x29, 0x98, 0xF7, 0xFC, 0x27, 0x94, 0xF5, 0xFC, 0x34, 0xA0, 0xFD, 0xFD,
    0x3D, 0xA8, 0xFE, 0xFD, 0x3C, 0xA8, 0xFE, 0xFD, 0x3C, 0xA8, 0xFE, 0xFD, 0x3C, 0xA7, 0xFE, 0xFD,
    0x3C, 0xA9, 0xFE, 0xFD, 0x3C, 0xA9, 0xFE, 0xFD, 0x3C, 0xA9, 0xFE, 0xFD, 0x3B, 0xA8, 0xFE, 0xFD,
    0x3A, 0xAA, 0xFF, 0xFD, 0x37, 0xA9, 0xFF, 0xFD, 0x37, 0xA9, 0xFF, 0xFD, 0x3E, 0xAB, 0xFE, 0xFD,
    0x4D, 0xB4, 0xFE, 0xFD, 0x44, 0xB0, 0xFE, 0xFD, 0x44, 0xB0, 0xFE, 0xFD, 0x33, 0xA8, 0xFE, 0xFD,
    0x30, 0xA9, 0xFF, 0xFD, 0x30, 0xA8, 0xFE, 0xFD, 0x32, 0xA8, 0xFF, 0xFD, 0x32, 0xA8, 0xFF, 0xFD,
    0x33, 0xA8, 0xFF, 0xFD, 0x34, 0xA8, 0xFE, 0xFD, 0x35, 0xA8, 0xFE, 0xFD, 0x35, 0xA8, 0xFE, 0xFD,
    0x36, 0xA8, 0xFE, 0xFD, 0x36, 0xA8, 0xFE, 0xFC, 0x36, 0xA8, 0xFE, 0xFC, 0x36, 0xA8, 0xFE, 0xFC,
    0x36, 0xA8, 0xFE, 0xFC, 0x35, 0xA6, 0xFD, 0xFC, 0x35, 0xA7, 0xFD, 0xFC, 0x35, 0xA7, 0xFD, 0xFC,
    0x34, 0xA7, 0xFD, 0xFC, 0x32, 0xA3, 0xFE, 0xFD, 0x26, 0x93, 0xFA, 0xFD, 0x17, 0x7F, 0xF0, 0xFD,
    0x17, 0x7F, 0xF0, 0xFD, 0x19, 0x7B, 0xEB, 0xFD, 0x0F, 0x50, 0xB5, 0xFB, 0x03, 0x23, 0x70, 0xFD,
    0x03, 0x23, 0x70, 0xFD, 0x27, 0x6B, 0xB8, 0xD6, 0x32, 0x86, 0xD9, 0x26, 0x2F, 0x7D, 0xCD, 0x01,
    0x2F, 0x7D, 0xCD, 0x01, 0x32, 0x7F, 0xCE, 0x02, 0x00, 0x00, 0x00, 0x00, 0x00, 0x00, 0x00, 0x00,
    0x00, 0x00, 0x00, 0x00, 0x00, 0x00, 0x00, 0x00, 0x00, 0x00, 0x00, 0x00, 0x00, 0x00, 0x00, 0x00,
    0x00, 0x00, 0x00, 0x00, 0x00, 0x00, 0x00, 0x00, 0x00, 0x00, 0x00, 0x00, 0x00, 0x00, 0x00, 0x00,
    0x00, 0x00, 0x00, 0x00, 0x00, 0x00, 0x00, 0x00, 0x00, 0x00, 0x00, 0x00, 0x00, 0x00, 0x00, 0x00,
    0x00, 0x00, 0x00, 0x00, 0x00, 0x00, 0x00, 0x00, 0x00, 0x00, 0x00, 0x00, 0x00, 0x00, 0x00, 0x00,
    0x00, 0x00, 0x00, 0x00, 0x00, 0x00, 0x00, 0x00, 0x00, 0x00, 0x00, 0x00, 0x00, 0x00, 0x00, 0x00,
    0x00, 0x00, 0x00, 0x00, 0x00, 0x00, 0x00, 0x00, 0x00, 0x00, 0x00, 0x00, 0x00, 0x00, 0x00, 0x00,
    0x00, 0x00, 0x00, 0x00, 0x00, 0x00, 0x00, 0x00, 0x00, 0x00, 0x00, 0x00, 0x00, 0x00, 0x00, 0x00,
    0x00, 0x00, 0x00, 0x00, 0x00, 0x00, 0x00, 0x00, 0x00, 0x00, 0x00, 0x00, 0x00, 0x00, 0x00, 0x00,
    0x00, 0x00, 0x00, 0x00, 0x00, 0x00, 0x00, 0x00, 0x00, 0x00, 0x00, 0x00, 0x00, 0x00, 0x00, 0x00,
    0x00, 0x00, 0x00, 0x00, 0x38, 0x82, 0xCB, 0x01, 0x39, 0x84, 0xCC, 0x01, 0x39, 0x84, 0xCC, 0x01,
    0x2F, 0x7E, 0xC8, 0x04, 0x40, 0x93, 0xDE, 0x03, 0x18, 0x45, 0x7F, 0xA4, 0x02, 0x19, 0x52, 0xF2,
    0x02, 0x19, 0x52, 0xF2, 0x33, 0x98, 0xF5, 0xF8, 0x2D, 0x9E, 0xFC, 0xFD, 0x34, 0x9F, 0xFC, 0xFB,
    0x34, 0x9F, 0xFC, 0xFB, 0x3B, 0xA5, 0xFD, 0xFC, 0x3A, 0xA8, 0xFE, 0xFC, 0x37, 0xA8, 0xFE, 0xFC,
    0x37, 0xA8, 0xFE, 0xFC, 0x36, 0xA7, 0xFE, 0xFC, 0x35, 0xA6, 0xFE, 0xFC, 0x33, 0xA6, 0xFD, 0xFC,
    0x33, 0xA6, 0xFD, 0xFC, 0x31, 0xA4, 0xFD, 0xFC, 0x30, 0xA5, 0xFD, 0xFC, 0x2F, 0xA5, 0xFD, 0xFC,
    0x2C, 0xA5, 0xFD, 0xFC, 0x2C, 0xA5, 0xFD, 0xFC, 0x2C, 0xA3, 0xFC, 0xFC, 0x34, 0xA4, 0xFC, 0xFC,
    0x37, 0xA5, 0xFD, 0xFC, 0x37, 0xA5, 0xFD, 0xFC, 0x32, 0xA6, 0xFD, 0xFC, 0x31, 0xA5, 0xFE, 0xFC,
    0x33, 0xA5, 0xFD, 0xFC, 0x33, 0xA5, 0xFD, 0xFC, 0x34, 0xA5, 0xFD, 0xFC, 0x37, 0xA7, 0xFD, 0xFC,
    0x35, 0xA5, 0xFD, 0xFC, 0x35, 0xA5, 0xFD, 0xFC, 0x36, 0xA6, 0xFD, 0xFC, 0x34, 0xA4, 0xFD, 0xFC,
    0x29, 0x98, 0xF7, 0xFC, 0x29, 0x98, 0xF7, 0xFC, 0x27, 0x94, 0xF5, 0xFC, 0x34, 0xA0, 0xFD, 0xFD,
    0x3D, 0xA8, 0xFE, 0xFD, 0x3C, 0xA8, 0xFE, 0xFD, 0x3C, 0xA8, 0xFE, 0xFD, 0x3C, 0xA7, 0xFE, 0xFD,
    0x3C, 0xA9, 0xFE, 0xFD, 0x3C, 0xA9, 0xFE, 0xFD, 0x3C, 0xA9, 0xFE, 0xFD, 0x3B, 0xA8, 0xFE, 0xFD,
    0x3A, 0xAA, 0xFF, 0xFD, 0x37, 0xA9, 0xFF, 0xFD, 0x37, 0xA9, 0xFF, 0xFD, 0x3E, 0xAB, 0xFE, 0xFD,
    0x4D, 0xB4, 0xFE, 0xFD, 0x44, 0xB0, 0xFE, 0xFD, 0x44, 0xB0, 0xFE, 0xFD, 0x33, 0xA8, 0xFE, 0xFD,
    0x30, 0xA9, 0xFF, 0xFD, 0x30, 0xA8, 0xFE, 0xFD, 0x32, 0xA8, 0xFF, 0xFD, 0x32, 0xA8, 0xFF, 0xFD,
    0x33, 0xA8, 0xFF, 0xFD, 0x34, 0xA8, 0xFE, 0xFD, 0x35, 0xA8, 0xFE, 0xFD, 0x35, 0xA8, 0xFE, 0xFD,
    0x36, 0xA8, 0xFE, 0xFD, 0x36, 0xA8, 0xFE, 0xFC, 0x36, 0xA8, 0xFE, 0xFC, 0x36, 0xA8, 0xFE, 0xFC,
    0x36, 0xA8, 0xFE, 0xFC, 0x35, 0xA6, 0xFD, 0xFC, 0x35, 0xA7, 0xFD, 0xFC, 0x35, 0xA7, 0xFD, 0xFC,
    0x34, 0xA7, 0xFD, 0xFC, 0x32, 0xA3, 0xFE, 0xFD, 0x26, 0x93, 0xFA, 0xFD, 0x17, 0x7F, 0xF0, 0xFD,
    0x17, 0x7F, 0xF0, 0xFD, 0x19, 0x7B, 0xEB, 0xFD, 0x0F, 0x50, 0xB5, 0xFB, 0x03, 0x23, 0x70, 0xFD,
    0x03, 0x23, 0x70, 0xFD, 0x27, 0x6B, 0xB8, 0xD6, 0x32, 0x86, 0xD9, 0x26, 0x2F, 0x7D, 0xCD, 0x01,
    0x2F, 0x7D, 0xCD, 0x01, 0x32, 0x7F, 0xCE, 0x02, 0x00, 0x00, 0x00, 0x00, 0x00, 0x00, 0x00, 0x00,
    0x00, 0x00, 0x00, 0x00, 0x00, 0x00, 0x00, 0x00, 0x00, 0x00, 0x00, 0x00, 0x00, 0x00, 0x00, 0x00,
    0x00, 0x00, 0x00, 0x00, 0x00, 0x00, 0x00, 0x00, 0x00, 0x00, 0x00, 0x00, 0x00, 0x00, 0x00, 0x00,
    0x00, 0x00, 0x00, 0x00, 0x00, 0x00, 0x00, 0x00, 0x00, 0x00, 0x00, 0x00, 0x00, 0x00, 0x00, 0x00,
    0x00, 0x00, 0x00, 0x00, 0x00, 0x00, 0x00, 0x00, 0x00, 0x00, 0x00, 0x00, 0x00, 0x00, 0x00, 0x00,
    0x00, 0x00, 0x00, 0x00, 0x00, 0x00, 0x00, 0x00, 0x00, 0x00, 0x00, 0x00, 0x00, 0x00, 0x00, 0x00,
    0x00, 0x00, 0x00, 0x00, 0x00, 0x00, 0x00, 0x00, 0x00, 0x00, 0x00, 0x00, 0x00, 0x00, 0x00, 0x00,
    0x00, 0x00, 0x00, 0x00, 0x00, 0x00, 0x00, 0x00, 0x00, 0x00, 0x00, 0x00, 0x00, 0x00, 0x00, 0x00,
    0x00, 0x00, 0x00, 0x00, 0x00, 0x00, 0x00, 0x00, 0x00, 0x00, 0x00, 0x00, 0x00, 0x00, 0x00, 0x00,
    0x00, 0x00, 0x00, 0x00, 0x00, 0x00, 0x00, 0x00, 0x00, 0x00, 0x00, 0x00, 0x00, 0x00, 0x00, 0x00,
    0x00, 0x00, 0x00, 0x00, 0x38, 0x83, 0xCB, 0x01, 0x39, 0x84, 0xCD, 0x01, 0x39, 0x84, 0xCD, 0x01,
    0x34, 0x85, 0xCE, 0x04, 0x31, 0x7E, 0xC4, 0x25, 0x16, 0x3F, 0x74, 0xD0, 0x01, 0x12, 0x4B, 0xF4,
    0x01, 0x12, 0x4B, 0xF4, 0x2F, 0x95, 0xF4, 0xFB, 0x2C, 0xA1, 0xFD, 0xFC, 0x33, 0xA0, 0xFB, 0xFB,
    0x33, 0xA0, 0xFB, 0xFB, 0x39, 0xA5, 0xFC, 0xFC, 0x38, 0xA7, 0xFD, 0xFC, 0x35, 0xA7, 0xFE, 0xFC,
    0x35, 0xA7, 0xFE, 0xFC, 0x35, 0xA7, 0xFE, 0xFC, 0x34, 0xA6, 0xFE, 0xFC, 0x32, 0xA5, 0xFE, 0xFC,
    0x32, 0xA5, 0xFE, 0xFC, 0x31, 0xA4, 0xFD, 0xFC, 0x30, 0xA4, 0xFD, 0xFC, 0x2F, 0xA4, 0xFD, 0xFC,
    0x2C, 0xA4, 0xFD, 0xFC, 0x2C, 0xA4, 0xFD, 0xFC, 0x3D, 0xA8, 0xFB, 0xFC, 0x80, 0xD0, 0xFD, 0xFC,
    0x78, 0xCB, 0xFE, 0xFC, 0x78, 0xCB, 0xFE, 0xFC, 0x37, 0xA9, 0xFD, 0xFC, 0x32, 0xA7, 0xFE, 0xFC,
    0x34, 0xA8, 0xFE, 0xFC, 0x34, 0xA8, 0xFE, 0xFC, 0x35, 0xA6, 0xFE, 0xFC, 0x37, 0xA8, 0xFD, 0xFC,
    0x36, 0xA6, 0xFD, 0xFC, 0x36, 0xA6, 0xFD, 0xFC, 0x37, 0xA6, 0xFD, 0xFC, 0x35, 0xA5, 0xFD, 0xFC,
    0x32, 0xA0, 0xFB, 0xFC, 0x32, 0xA0, 0xFB, 0xFC, 0x33, 0xA0, 0xFC, 0xFC, 0x3A, 0xA6, 0xFE, 0xFD,
    0x3C, 0xA8, 0xFE, 0xFD, 0x3C, 0xA9, 0xFE, 0xFD, 0x3C, 0xA9, 0xFE, 0xFD, 0x3D, 0xA9, 0xFE, 0xFD,
    0x3E, 0xAA, 0xFE, 0xFD, 0x3E, 0xAA, 0xFE, 0xFD, 0x3E, 0xAA, 0xFE, 0xFD, 0x40, 0xAB, 0xFE, 0xFD,
    0x3D, 0xAB, 0xFF, 0xFD, 0x3D, 0xAB, 0xFF, 0xFD, 0x3D, 0xAB, 0xFF, 0xFD, 0x57, 0xB6, 0xFE, 0xFD,
    0x90, 0xDA, 0xFF, 0xFD, 0x81, 0xD4, 0xFF, 0xFD, 0x81, 0xD4, 0xFF, 0xFD, 0x47, 0xB3, 0xFE, 0xFD,
    0x34, 0xA8, 0xFF, 0xFD, 0x31, 0xA8, 0xFF, 0xFD, 0x31, 0xA7, 0xFF, 0xFD, 0x31, 0xA7, 0xFF, 0xFD,
    0x32, 0xA8, 0xFF, 0xFD, 0x33, 0xA7, 0xFE, 0xFD, 0x34, 0xA8, 0xFE, 0xFD, 0x34, 0xA8, 0xFE, 0xFD,
    0x34, 0xA7, 0xFE, 0xFD, 0x35, 0xA7, 0xFE, 0xFD, 0x35, 0xA7, 0xFE, 0xFD, 0x35, 0xA7, 0xFE, 0xFD,
    0x34, 0xA7, 0xFD, 0xFC, 0x34, 0xA6, 0xFD, 0xFD, 0x34, 0xA6, 0xFC, 0xFC, 0x34, 0xA6, 0xFC, 0xFC,
    0x33, 0xA5, 0xFC, 0xFD, 0x32, 0xA4, 0xFD, 0xFD, 0x2A, 0x97, 0xFB, 0xFD, 0x1B, 0x87, 0xF5, 0xFD,
    0x1B, 0x87, 0xF5, 0xFD, 0x11, 0x79, 0xEA, 0xFD, 0x10, 0x70, 0xDC, 0xFB, 0x11, 0x5B, 0xB6, 0xFC,
    0x11, 0x5B, 0xB6, 0xFC, 0x07, 0x30, 0x73, 0xE2, 0x2A, 0x72, 0xBF, 0x49, 0x00, 0x00, 0x00, 0x00,
    0x00, 0x00, 0x00, 0x00, 0x31, 0x7E, 0xCD, 0x03, 0x00, 0x00, 0x00, 0x00, 0x00, 0x00, 0x00, 0x00,
    0x00, 0x00, 0x00, 0x00, 0x00, 0x00, 0x00, 0x00, 0x00, 0x00, 0x00, 0x00, 0x00, 0x00, 0x00, 0x00,
    0x00, 0x00, 0x00, 0x00, 0x00, 0x00, 0x00, 0x00, 0x00, 0x00, 0x00, 0x00, 0x00, 0x00, 0x00, 0x00,
    0x00, 0x00, 0x00, 0x00, 0x00, 0x00, 0x00, 0x00, 0x00, 0x00, 0x00, 0x00, 0x00, 0x00, 0x00, 0x00,
    0x00, 0x00, 0x00, 0x00, 0x00, 0x00, 0x00, 0x00, 0x00, 0x00, 0x00, 0x00, 0x00, 0x00, 0x00, 0x00,
    0x00, 0x00, 0x00, 0x00, 0x00, 0x00, 0x00, 0x00, 0x00, 0x00, 0x00, 0x00, 0x00, 0x00, 0x00, 0x00,
    0x00, 0x00, 0x00, 0x00, 0x00, 0x00, 0x00, 0x00, 0x00, 0x00, 0x00, 0x00, 0x00, 0x00, 0x00, 0x00,
    0x00, 0x00, 0x00, 0x00, 0x00, 0x00, 0x00, 0x00, 0x00, 0x00, 0x00, 0x00, 0x00, 0x00, 0x00, 0x00,
    0x00, 0x00, 0x00, 0x00, 0x00, 0x00, 0x00, 0x00, 0x00, 0x00, 0x00, 0x00, 0x00, 0x00, 0x00, 0x00,
    0x00, 0x00, 0x00, 0x00, 0x00, 0x00, 0x00, 0x00, 0x00, 0x00, 0x00, 0x00, 0x00, 0x00, 0x00, 0x00,
    0x00, 0x00, 0x00, 0x00, 0x3A, 0x84, 0xCB, 0x01, 0x39, 0x85, 0xCC, 0x02, 0x39, 0x85, 0xCC, 0x02,
    0x3F, 0x8B, 0xD5, 0x02, 0x13, 0x46, 0x8A, 0x6C, 0x0A, 0x2D, 0x66, 0xEE, 0x06, 0x33, 0x83, 0xF4,
    0x06, 0x33, 0x83, 0xF4, 0x1A, 0x80, 0xE5, 0xFE, 0x28, 0x9B, 0xFB, 0xFB, 0x31, 0xA1, 0xFC, 0xFC,
    0x31, 0xA1, 0xFC, 0xFC, 0x36, 0xA4, 0xFB, 0xFC, 0x35, 0xA5, 0xFC, 0xFC, 0x33, 0xA5, 0xFD, 0xFC,
    0x33, 0xA5, 0xFD, 0xFC, 0x33, 0xA5, 0xFD, 0xFC, 0x33, 0xA4, 0xFD, 0xFC, 0x31, 0xA4, 0xFD, 0xFC,
    0x31, 0xA4, 0xFD, 0xFC, 0x31, 0xA3, 0xFD, 0xFC, 0x30, 0xA4, 0xFD, 0xFC, 0x2E, 0xA4, 0xFD, 0xFC,
    0x2F, 0xA3, 0xFD, 0xFC, 0x2F, 0xA3, 0xFD, 0xFC, 0x5B, 0xB5, 0xFB, 0xFC, 0xCB, 0xF0, 0xFF, 0xFC,
    0xB6, 0xEB, 0xFF, 0xFC, 0xB6, 0xEB, 0xFF, 0xFC, 0x42, 0xB0, 0xFD, 0xFC, 0x32, 0xA5, 0xFD, 0xFC,
    0x34, 0xA7, 0xFE, 0xFC, 0x34, 0xA7, 0xFE, 0xFC, 0x36, 0xA6, 0xFE, 0xFC, 0x36, 0xA5, 0xFD, 0xFC,
    0x37, 0xA6, 0xFD, 0xFC, 0x37, 0xA6, 0xFD, 0xFC, 0x36, 0xA6, 0xFD, 0xFC, 0x36, 0xA4, 0xFD, 0xFC,
    0x38, 0xA6, 0xFD, 0xFC, 0x38, 0xA6, 0xFD, 0xFC, 0x3A, 0xA6, 0xFE, 0xFD, 0x3C, 0xA8, 0xFE, 0xFD,
    0x3B, 0xA6, 0xFE, 0xFD, 0x3B, 0xA8, 0xFD, 0xFD, 0x3B, 0xA8, 0xFD, 0xFD, 0x3C, 0xA8, 0xFE, 0xFD,
    0x3E, 0xA9, 0xFE, 0xFD, 0x40, 0xAA, 0xFE, 0xFD, 0x40, 0xAA, 0xFE, 0xFD, 0x41, 0xAC, 0xFE, 0xFD,
    0x40, 0xAC, 0xFF, 0xFD, 0x42, 0xAC, 0xFF, 0xFD, 0x42, 0xAC, 0xFF, 0xFD, 0x69, 0xC1, 0xFE, 0xFD,
    0xBF, 0xEF, 0xFF, 0xFD, 0xAF, 0xE7, 0xFF, 0xFD, 0xAF, 0xE7, 0xFF, 0xFD, 0x68, 0xC5, 0xFE, 0xFD,
    0x46, 0xB3, 0xFE, 0xFD, 0x3A, 0xAC, 0xFF, 0xFD, 0x32, 0xA5, 0xFE, 0xFD, 0x32, 0xA5, 0xFE, 0xFD,
    0x31, 0xA6, 0xFE, 0xFD, 0x32, 0xA6, 0xFE, 0xFD, 0x33, 0xA6, 0xFD, 0xFD, 0x33, 0xA6, 0xFD, 0xFD,
    0x33, 0xA6, 0xFE, 0xFD, 0x34, 0xA6, 0xFD, 0xFD, 0x35, 0xA6, 0xFD, 0xFD, 0x35, 0xA6, 0xFD, 0xFD,
    0x34, 0xA6, 0xFD, 0xFD, 0x34, 0xA6, 0xFD, 0xFD, 0x33, 0xA5, 0xFC, 0xFD, 0x33, 0xA5, 0xFC, 0xFD,
    0x31, 0xA3, 0xFC, 0xFD, 0x31, 0xA2, 0xFD, 0xFD, 0x2A, 0x97, 0xFB, 0xFD, 0x1B, 0x85, 0xF3, 0xFD,
    0x1B, 0x85, 0xF3, 0xFD, 0x0F, 0x77, 0xE8, 0xFD, 0x0F, 0x74, 0xE8, 0xFD, 0x0D, 0x57, 0xBB, 0xFB,
    0x0D, 0x57, 0xBB, 0xFB, 0x00, 0x08, 0x34, 0xF9, 0x21, 0x5B, 0xA4, 0x8C, 0x33, 0x84, 0xD6, 0x07,
    0x33, 0x84, 0xD6, 0x07, 0x31, 0x7F, 0xCE, 0x03, 0x00, 0x00, 0x00, 0x00, 0x00, 0x00, 0x00, 0x00,
    0x00, 0x00, 0x00, 0x00, 0x00, 0x00, 0x00, 0x00, 0x00, 0x00, 0x00, 0x00, 0x00, 0x00, 0x00, 0x00,
    0x00, 0x00, 0x00, 0x00, 0x00, 0x00, 0x00, 0x00, 0x00, 0x00, 0x00, 0x00, 0x00, 0x00, 0x00, 0x00,
    0x00, 0x00, 0x00, 0x00, 0x00, 0x00, 0x00, 0x00, 0x00, 0x00, 0x00, 0x00, 0x00, 0x00, 0x00, 0x00,
    0x00, 0x00, 0x00, 0x00, 0x00, 0x00, 0x00, 0x00, 0x00, 0x00, 0x00, 0x00, 0x00, 0x00, 0x00, 0x00,
    0x00, 0x00, 0x00, 0x00, 0x00, 0x00, 0x00, 0x00, 0x00, 0x00, 0x00, 0x00, 0x00, 0x00, 0x00, 0x00,
    0x00, 0x00, 0x00, 0x00, 0x00, 0x00, 0x00, 0x00, 0x00, 0x00, 0x00, 0x00, 0x00, 0x00, 0x00, 0x00,
    0x00, 0x00, 0x00, 0x00, 0x00, 0x00, 0x00, 0x00, 0x00, 0x00, 0x00, 0x00, 0x00, 0x00, 0x00, 0x00,
    0x00, 0x00, 0x00, 0x00, 0x00, 0x00, 0x00, 0x00, 0x00, 0x00, 0x00, 0x00, 0x00, 0x00, 0x00, 0x00,
    0x00, 0x00, 0x00, 0x00, 0x00, 0x00, 0x00, 0x00, 0x00, 0x00, 0x00, 0x00, 0x00, 0x00, 0x00, 0x00,
    0x00, 0x00, 0x00, 0x00, 0x3B, 0x85, 0xCD, 0x01, 0x38, 0x84, 0xCE, 0x04, 0x38, 0x84, 0xCE, 0x04,
    0x42, 0x91, 0xDE, 0x03, 0x1A, 0x4F, 0x8D, 0x79, 0x06, 0x2F, 0x6D, 0xEF, 0x24, 0x7E, 0xDA, 0xF4,
    0x24, 0x7E, 0xDA, 0xF4, 0x12, 0x7B, 0xE6, 0xFD, 0x1F, 0x90, 0xF6, 0xFC, 0x2F, 0xA2, 0xFD, 0xFC,
    0x2F, 0xA2, 0xFD, 0xFC, 0x32, 0xA3, 0xFC, 0xFC, 0x31, 0xA3, 0xFC, 0xFC, 0x30, 0xA3, 0xFC, 0xFC,
    0x30, 0xA3, 0xFC, 0xFC, 0x30, 0xA4, 0xFD, 0xFC, 0x2F, 0xA2, 0xFD, 0xFC, 0x2F, 0xA4, 0xFE, 0xFC,
    0x2F, 0xA4, 0xFE, 0xFC, 0x30, 0xA4, 0xFE, 0xFC, 0x2F, 0xA4, 0xFE, 0xFC, 0x2E, 0xA5, 0xFE, 0xFC,
    0x31, 0xA6, 0xFE, 0xFC, 0x31, 0xA6, 0xFE, 0xFC, 0x66, 0xBF, 0xFE, 0xFC, 0xD6, 0xF4, 0xFF, 0xFC,
    0x9D, 0xDE, 0xFF, 0xFC, 0x9D, 0xDE, 0xFF, 0xFC, 0x3D, 0xAC, 0xFE, 0xFC, 0x33, 0xA7, 0xFE, 0xFC,
    0x34, 0xA7, 0xFE, 0xFC, 0x34, 0xA7, 0xFE, 0xFC, 0x36, 0xA7, 0xFD, 0xFC, 0x36, 0xA6, 0xFE, 0xFC,
    0x36, 0xA6, 0xFD, 0xFC, 0x36, 0xA6, 0xFD, 0xFC, 0x37, 0xA7, 0xFD, 0xFC, 0x37, 0xA5, 0xFD, 0xFC,
    0x3A, 0xA8, 0xFE, 0xFD, 0x3A, 0xA8, 0xFE, 0xFD, 0x3B, 0xA9, 0xFE, 0xFD, 0x3B, 0xA9, 0xFF, 0xFD,
    0x3C, 0xA6, 0xFE, 0xFD, 0x3C, 0xA8, 0xFE, 0xFD, 0x3C, 0xA8, 0xFE, 0xFD, 0x3D, 0xA8, 0xFE, 0xFD,
    0x3F, 0xAA, 0xFE, 0xFD, 0x41, 0xAC, 0xFE, 0xFD, 0x41, 0xAC, 0xFE, 0xFD, 0x42, 0xAD, 0xFE, 0xFD,
    0x43, 0xAE, 0xFF, 0xFD, 0x46, 0xAF, 0xFF, 0xFD, 0x46, 0xAF, 0xFF, 0xFD, 0x5A, 0xB9, 0xFE, 0xFD,
    0xA6, 0xE2, 0xFF, 0xFD, 0xB4, 0xE9, 0xFE, 0xFD, 0xB4, 0xE9, 0xFE, 0xFD, 0x7F, 0xD2, 0xFE, 0xFD,
    0x61, 0xC9, 0xFE, 0xFD, 0x46, 0xB5, 0xFE, 0xFD, 0x34, 0xA6, 0xFD, 0xFD, 0x34, 0xA6, 0xFD, 0xFD,
    0x30, 0xA6, 0xFD, 0xFD, 0x30, 0xA5, 0xFD, 0xFD, 0x31, 0xA5, 0xFE, 0xFD, 0x31, 0xA5, 0xFE, 0xFD,
    0x32, 0xA6, 0xFE, 0xFD, 0x33, 0xA6, 0xFE, 0xFD, 0x33, 0xA6, 0xFD, 0xFD, 0x33, 0xA6, 0xFD, 0xFD,
    0x33, 0xA5, 0xFD, 0xFD, 0x33, 0xA5, 0xFD, 0xFD, 0x32, 0xA4, 0xFC, 0xFD, 0x32, 0xA4, 0xFC, 0xFD,
    0x31, 0xA4, 0xFC, 0xFD, 0x31, 0xA2, 0xFD, 0xFD, 0x2A, 0x97, 0xFB, 0xFD, 0x1C, 0x86, 0xF3, 0xFD,
    0x1C, 0x86, 0xF3, 0xFD, 0x12, 0x7C, 0xEC, 0xFD, 0x15, 0x83, 0xF2, 0xFD, 0x12, 0x62, 0xC6, 0xF9,
    0x12, 0x62, 0xC6, 0xF9, 0x01, 0x12, 0x3A, 0xFC, 0x2E, 0x6E, 0xAF, 0xA7, 0x2E, 0x81, 0xD2, 0x12,
    0x2E, 0x81, 0xD2, 0x12, 0x30, 0x7E, 0xCF, 0x05, 0x00, 0x00, 0x00, 0x00, 0x34, 0x81, 0xD0, 0x01,
    0x34, 0x81, 0xD0, 0x01, 0x00, 0x00, 0x00, 0x00, 0x00, 0x00, 0x00, 0x00, 0x00, 0x00, 0x00, 0x00,
    0x00, 0x00, 0x00, 0x00, 0x00, 0x00, 0x00, 0x00, 0x00, 0x00, 0x00, 0x00, 0x00, 0x00, 0x00, 0x00,
    0x00, 0x00, 0x00, 0x00, 0x00, 0x00, 0x00, 0x00, 0x00, 0x00, 0x00, 0x00, 0x00, 0x00, 0x00, 0x00,
    0x00, 0x00, 0x00, 0x00, 0x00, 0x00, 0x00, 0x00, 0x00, 0x00, 0x00, 0x00, 0x00, 0x00, 0x00, 0x00,
    0x00, 0x00, 0x00, 0x00, 0x00, 0x00, 0x00, 0x00, 0x00, 0x00, 0x00, 0x00, 0x00, 0x00, 0x00, 0x00,
    0x00, 0x00, 0x00, 0x00, 0x00, 0x00, 0x00, 0x00, 0x00, 0x00, 0x00, 0x00, 0x00, 0x00, 0x00, 0x00,
    0x00, 0x00, 0x00, 0x00, 0x00, 0x00, 0x00, 0x00, 0x00, 0x00, 0x00, 0x00, 0x00, 0x00, 0x00, 0x00,
    0x00, 0x00, 0x00, 0x00, 0x00, 0x00, 0x00, 0x00, 0x00, 0x00, 0x00, 0x00, 0x00, 0x00, 0x00, 0x00,
    0x00, 0x00, 0x00, 0x00, 0x00, 0x00, 0x00, 0x00, 0x00, 0x00, 0x00, 0x00, 0x00, 0x00, 0x00, 0x00,
    0x00, 0x00, 0x00, 0x00, 0x3B, 0x85, 0xCD, 0x01, 0x38, 0x84, 0xCE, 0x04, 0x38, 0x84, 0xCE, 0x04,
    0x42, 0x91, 0xDE, 0x03, 0x1A, 0x4F, 0x8D, 0x79, 0x06, 0x2F, 0x6D, 0xEF, 0x24, 0x7E, 0xDA, 0xF4,
    0x24, 0x7E, 0xDA, 0xF4, 0x12, 0x7B, 0xE6, 0xFD, 0x1F, 0x90, 0xF6, 0xFC, 0x2F, 0xA2, 0xFD, 0xFC,
    0x2F, 0xA2, 0xFD, 0xFC, 0x32, 0xA3, 0xFC, 0xFC, 0x31, 0xA3, 0xFC, 0xFC, 0x30, 0xA3, 0xFC, 0xFC,
    0x30, 0xA3, 0xFC, 0xFC, 0x30, 0xA4, 0xFD, 0xFC, 0x2F, 0xA2, 0xFD, 0xFC, 0x2F, 0xA4, 0xFE, 0xFC,
    0x2F, 0xA4, 0xFE, 0xFC, 0x30, 0xA4, 0xFE, 0xFC, 0x2F, 0xA4, 0xFE, 0xFC, 0x2E, 0xA5, 0xFE, 0xFC,
    0x31, 0xA6, 0xFE, 0xFC, 0x31, 0xA6, 0xFE, 0xFC, 0x66, 0xBF, 0xFE, 0xFC, 0xD6, 0xF4, 0xFF, 0xFC,
    0x9D, 0xDE, 0xFF, 0xFC, 0x9D, 0xDE, 0xFF, 0xFC, 0x3D, 0xAC, 0xFE, 0xFC, 0x33, 0xA7, 0xFE, 0xFC,
    0x34, 0xA7, 0xFE, 0xFC, 0x34, 0xA7, 0xFE, 0xFC, 0x36, 0xA7, 0xFD, 0xFC, 0x36, 0xA6, 0xFE, 0xFC,
    0x36, 0xA6, 0xFD, 0xFC, 0x36, 0xA6, 0xFD, 0xFC, 0x37, 0xA7, 0xFD, 0xFC, 0x37, 0xA5, 0xFD, 0xFC,
    0x3A, 0xA8, 0xFE, 0xFD, 0x3A, 0xA8, 0xFE, 0xFD, 0x3B, 0xA9, 0xFE, 0xFD, 0x3B, 0xA9, 0xFF, 0xFD,
    0x3C, 0xA6, 0xFE, 0xFD, 0x3C, 0xA8, 0xFE, 0xFD, 0x3C, 0xA8, 0xFE, 0xFD, 0x3D, 0xA8, 0xFE, 0xFD,
    0x3F, 0xAA, 0xFE, 0xFD, 0x41, 0xAC, 0xFE, 0xFD, 0x41, 0xAC, 0xFE, 0xFD, 0x42, 0xAD, 0xFE, 0xFD,
    0x43, 0xAE, 0xFF, 0xFD, 0x46, 0xAF, 0xFF, 0xFD, 0x46, 0xAF, 0xFF, 0xFD, 0x5A, 0xB9, 0xFE, 0xFD,
    0xA6, 0xE2, 0xFF, 0xFD, 0xB4, 0xE9, 0xFE, 0xFD, 0xB4, 0xE9, 0xFE, 0xFD, 0x7F, 0xD2, 0xFE, 0xFD,
    0x61, 0xC9, 0xFE, 0xFD, 0x46, 0xB5, 0xFE, 0xFD, 0x34, 0xA6, 0xFD, 0xFD, 0x34, 0xA6, 0xFD, 0xFD,
    0x30, 0xA6, 0xFD, 0xFD, 0x30, 0xA5, 0xFD, 0xFD, 0x31, 0xA5, 0xFE, 0xFD, 0x31, 0xA5, 0xFE, 0xFD,
    0x32, 0xA6, 0xFE, 0xFD, 0x33, 0xA6, 0xFE, 0xFD, 0x33, 0xA6, 0xFD, 0xFD, 0x33, 0xA6, 0xFD, 0xFD,
    0x33, 0xA5, 0xFD, 0xFD, 0x33, 0xA5, 0xFD, 0xFD, 0x32, 0xA4, 0xFC, 0xFD, 0x32, 0xA4, 0xFC, 0xFD,
    0x31, 0xA4, 0xFC, 0xFD, 0x31, 0xA2, 0xFD, 0xFD, 0x2A, 0x97, 0xFB, 0xFD, 0x1C, 0x86, 0xF3, 0xFD,
    0x1C, 0x86, 0xF3, 0xFD, 0x12, 0x7C, 0xEC, 0xFD, 0x15, 0x83, 0xF2, 0xFD, 0x12, 0x62, 0xC6, 0xF9,
    0x12, 0x62, 0xC6, 0xF9, 0x01, 0x12, 0x3A, 0xFC, 0x2E, 0x6E, 0xAF, 0xA7, 0x2E, 0x81, 0xD2, 0x12,
    0x2E, 0x81, 0xD2, 0x12, 0x30, 0x7E, 0xCF, 0x05, 0x00, 0x00, 0x00, 0x00, 0x34, 0x81, 0xD0, 0x01,
    0x34, 0x81, 0xD0, 0x01, 0x00, 0x00, 0x00, 0x00, 0x00, 0x00, 0x00, 0x00, 0x00, 0x00, 0x00, 0x00,
    0x00, 0x00, 0x00, 0x00, 0x00, 0x00, 0x00, 0x00, 0x00, 0x00, 0x00, 0x00, 0x00, 0x00, 0x00, 0x00,
    0x00, 0x00, 0x00, 0x00, 0x00, 0x00, 0x00, 0x00, 0x00, 0x00, 0x00, 0x00, 0x00, 0x00, 0x00, 0x00,
    0x00, 0x00, 0x00, 0x00, 0x00, 0x00, 0x00, 0x00, 0x00, 0x00, 0x00, 0x00, 0x00, 0x00, 0x00, 0x00,
    0x00, 0x00, 0x00, 0x00, 0x00, 0x00, 0x00, 0x00, 0x00, 0x00, 0x00, 0x00, 0x00, 0x00, 0x00, 0x00,
    0x00, 0x00, 0x00, 0x00, 0x00, 0x00, 0x00, 0x00, 0x00, 0x00, 0x00, 0x00, 0x00, 0x00, 0x00, 0x00,
    0x00, 0x00, 0x00, 0x00, 0x00, 0x00, 0x00, 0x00, 0x00, 0x00, 0x00, 0x00, 0x00, 0x00, 0x00, 0x00,
    0x00, 0x00, 0x00, 0x00, 0x00, 0x00, 0x00, 0x00, 0x00, 0x00, 0x00, 0x00, 0x00, 0x00, 0x00, 0x00,
    0x00, 0x00, 0x00, 0x00, 0x00, 0x00, 0x00, 0x00, 0x00, 0x00, 0x00, 0x00, 0x00, 0x00, 0x00, 0x00,
    0x00, 0x00, 0x00, 0x00, 0x3C, 0x85, 0xCD, 0x01, 0x38, 0x83, 0xCC, 0x04, 0x38, 0x83, 0xCC, 0x04,
    0x3E, 0x8C, 0xD9, 0x08, 0x1B, 0x4A, 0x8A, 0x99, 0x02, 0x15, 0x50, 0xFA, 0x24, 0x83, 0xE9, 0xFB,
    0x24, 0x83, 0xE9, 0xFB, 0x18, 0x87, 0xF3, 0xFD, 0x21, 0x90, 0xF7, 0xFC, 0x2B, 0x9F, 0xFC, 0xFC,
    0x2B, 0x9F, 0xFC, 0xFC, 0x2E, 0x9F, 0xFC, 0xFC, 0x2F, 0xA1, 0xFC, 0xFC, 0x2E, 0xA0, 0xFC, 0xFC,
    0x2E, 0xA0, 0xFC, 0xFC, 0x2D, 0xA1, 0xFD, 0xFC, 0x2D, 0xA2, 0xFD, 0xFC, 0x2D, 0xA2, 0xFD, 0xFC,
    0x2D, 0xA2, 0xFD, 0xFC, 0x2E, 0xA3, 0xFE, 0xFC, 0x2D, 0xA3, 0xFE, 0xFC, 0x2D, 0xA4, 0xFE, 0xFC,
    0x3C, 0xAB, 0xFE, 0xFC, 0x3C, 0xAB, 0xFE, 0xFC, 0x5D, 0xB3, 0xFD, 0xFC, 0x7C, 0xC3, 0xFD, 0xFC,
    0x4D, 0xAF, 0xFD, 0xFC, 0x4D, 0xAF, 0xFD, 0xFC, 0x33, 0xA5, 0xFD, 0xFC, 0x34, 0xA5, 0xFE, 0xFC,
    0x36, 0xA7, 0xFE, 0xFC, 0x36, 0xA7, 0xFE, 0xFC, 0x35, 0xA5, 0xFE, 0xFD, 0x37, 0xA6, 0xFE, 0xFC,
    0x37, 0xA5, 0xFD, 0xFD, 0x37, 0xA5, 0xFD, 0xFD, 0x38, 0xA6, 0xFE, 0xFC, 0x39, 0xA6, 0xFE, 0xFC,
    0x3A, 0xA6, 0xFE, 0xFD, 0x3A, 0xA6, 0xFE, 0xFD, 0x3C, 0xA8, 0xFE, 0xFD, 0x3B, 0xA7, 0xFF, 0xFD,
    0x3C, 0xA6, 0xFE, 0xFD, 0x3D, 0xA7, 0xFE, 0xFD, 0x3D, 0xA7, 0xFE, 0xFD, 0x3D, 0xA6, 0xFD, 0xFD,
    0x3F, 0xA9, 0xFE, 0xFD, 0x42, 0xAB, 0xFE, 0xFD, 0x42, 0xAB, 0xFE, 0xFD, 0x43, 0xAD, 0xFE, 0xFD,
    0x44, 0xAD, 0xFE, 0xFD, 0x46, 0xAF, 0xFE, 0xFD, 0x46, 0xAF, 0xFE, 0xFD, 0x4B, 0xAE, 0xFD, 0xFD,
    0x62, 0xB6, 0xFC, 0xFD, 0x7D, 0xCB, 0xFD, 0xFD, 0x7D, 0xCB, 0xFD, 0xFD, 0x68, 0xC2, 0xFD, 0xFD,
    0x50, 0xB6, 0xFD, 0xFD, 0x44, 0xB1, 0xFD, 0xFD, 0x38, 0xAA, 0xFD, 0xFD, 0x38, 0xAA, 0xFD, 0xFD,
    0x32, 0xA6, 0xFD, 0xFD, 0x30, 0xA3, 0xFD, 0xFD, 0x32, 0xA5, 0xFE, 0xFD, 0x32, 0xA5, 0xFE, 0xFD,
    0x32, 0xA5, 0xFE, 0xFD, 0x33, 0xA5, 0xFE, 0xFD, 0x33, 0xA5, 0xFD, 0xFD, 0x33, 0xA5, 0xFD, 0xFD,
    0x33, 0xA5, 0xFD, 0xFD, 0x33, 0xA3, 0xFC, 0xFD, 0x31, 0xA4, 0xFC, 0xFD, 0x31, 0xA4, 0xFC, 0xFD,
    0x30, 0xA3, 0xFC, 0xFD, 0x30, 0xA1, 0xFD, 0xFD, 0x2A, 0x97, 0xFB, 0xFD, 0x1B, 0x84, 0xF2, 0xFD,
    0x1B, 0x84, 0xF2, 0xFD, 0x13, 0x7C, 0xEC, 0xFD, 0x11, 0x7C, 0xEF, 0xFD, 0x15, 0x72, 0xDC, 0xFB,
    0x15, 0x72, 0xDC, 0xFB, 0x01, 0x1B, 0x58, 0xFE, 0x28, 0x61, 0xA0, 0xBF, 0x2B, 0x7B, 0xCC, 0x17,
    0x2B, 0x7B, 0xCC, 0x17, 0x31, 0x80, 0xD2, 0x0A, 0x00, 0x00, 0x00, 0x00, 0x34, 0x80, 0xCF, 0x01,
    0x34, 0x80, 0xCF, 0x01, 0x00, 0x00, 0x00, 0x00, 0x00, 0x00, 0x00, 0x00, 0x00, 0x00, 0x00, 0x00,
    0x00, 0x00, 0x00, 0x00, 0x00, 0x00, 0x00, 0x00, 0x00, 0x00, 0x00, 0x00, 0x00, 0x00, 0x00, 0x00,
    0x00, 0x00, 0x00, 0x00, 0x00, 0x00, 0x00, 0x00, 0x00, 0x00, 0x00, 0x00, 0x00, 0x00, 0x00, 0x00,
    0x00, 0x00, 0x00, 0x00, 0x00, 0x00, 0x00, 0x00, 0x00, 0x00, 0x00, 0x00, 0x00, 0x00, 0x00, 0x00,
    0x00, 0x00, 0x00, 0x00, 0x00, 0x00, 0x00, 0x00, 0x00, 0x00, 0x00, 0x00, 0x00, 0x00, 0x00, 0x00,
    0x00, 0x00, 0x00, 0x00, 0x00, 0x00, 0x00, 0x00, 0x00, 0x00, 0x00, 0x00, 0x00, 0x00, 0x00, 0x00,
    0x00, 0x00, 0x00, 0x00, 0x00, 0x00, 0x00, 0x00, 0x00, 0x00, 0x00, 0x00, 0x00, 0x00, 0x00, 0x00,
    0x00, 0x00, 0x00, 0x00, 0x00, 0x00, 0x00, 0x00, 0x00, 0x00, 0x00, 0x00, 0x00, 0x00, 0x00, 0x00,
    0x00, 0x00, 0x00, 0x00, 0x00, 0x00, 0x00, 0x00, 0x3B, 0x83, 0xCC, 0x01, 0x3B, 0x83, 0xCC, 0x01,
    0x00, 0x00, 0x00, 0x00, 0x3C, 0x86, 0xCE, 0x01, 0x36, 0x82, 0xCC, 0x03, 0x36, 0x82, 0xCC, 0x03,
    0x3E, 0x8D, 0xDB, 0x0B, 0x1D, 0x4E, 0x87, 0xA9, 0x02, 0x1B, 0x55, 0xFB, 0x21, 0x7F, 0xE2, 0xF9,
    0x21, 0x7F, 0xE2, 0xF9, 0x1D, 0x90, 0xF7, 0xFC, 0x25, 0x95, 0xF9, 0xFD, 0x2D, 0x9D, 0xFB, 0xFC,
    0x2D, 0x9D, 0xFB, 0xFC, 0x2D, 0x9C, 0xFB, 0xFD, 0x2E, 0xA1, 0xFC, 0xFC, 0x2C, 0xA0, 0xFD, 0xFC,
    0x2C, 0xA0, 0xFD, 0xFC, 0x2B, 0xA0, 0xFD, 0xFC, 0x2C, 0xA1, 0xFD, 0xFC, 0x2D, 0xA2, 0xFD, 0xFC,
    0x2D, 0xA2, 0xFD, 0xFC, 0x2C, 0xA2, 0xFD, 0xFC, 0x2D, 0xA5, 0xFE, 0xFC, 0x2E, 0xA2, 0xFD, 0xFC,
    0x3E, 0xB0, 0xFD, 0xFC, 0x3E, 0xB0, 0xFD, 0xFC, 0x48, 0xB0, 0xFC, 0xFC, 0x3F, 0xA5, 0xFB, 0xFC,
    0x2E, 0x9D, 0xFB, 0xFD, 0x2E, 0x9D, 0xFB, 0xFD, 0x30, 0xA4, 0xFD, 0xFC, 0x33, 0xA4, 0xFD, 0xFD,
    0x35, 0xA6, 0xFD, 0xFC, 0x35, 0xA6, 0xFD, 0xFC, 0x35, 0xA5, 0xFD, 0xFD, 0x37, 0xA7, 0xFE, 0xFC,
    0x37, 0xA7, 0xFE, 0xFD, 0x37, 0xA7, 0xFE, 0xFD, 0x39, 0xA7, 0xFE, 0xFD, 0x39, 0xA7, 0xFE, 0xFD,
    0x3B, 0xA9, 0xFF, 0xFD, 0x3B, 0xA9, 0xFF, 0xFD, 0x3B, 0xA8, 0xFF, 0xFD, 0x3C, 0xA9, 0xFF, 0xFD,
    0x3D, 0xA7, 0xFE, 0xFD, 0x3E, 0xA7, 0xFE, 0xFD, 0x3E, 0xA7, 0xFE, 0xFD, 0x3E, 0xA8, 0xFD, 0xFD,
    0x40, 0xAA, 0xFE, 0xFD, 0x41, 0xAA, 0xFE, 0xFD, 0x41, 0xAA, 0xFE, 0xFD, 0x44, 0xAC, 0xFF, 0xFD,
    0x47, 0xAE, 0xFE, 0xFD, 0x4B, 0xB1, 0xFD, 0xFD, 0x4B, 0xB1, 0xFD, 0xFD, 0x4C, 0xB0, 0xFB, 0xFD,
    0x52, 0xB1, 0xFB, 0xFD, 0x5D, 0xBB, 0xFC, 0xFD, 0x5D, 0xBB, 0xFC, 0xFD, 0x52, 0xB6, 0xFC, 0xFD,
    0x3D, 0xA4, 0xFB, 0xFD, 0x3C, 0xA9, 0xFB, 0xFD, 0x36, 0xA5, 0xFA, 0xFD, 0x36, 0xA5, 0xFA, 0xFD,
    0x37, 0xA8, 0xFC, 0xFD, 0x34, 0xA5, 0xFD, 0xFD, 0x34, 0xA6, 0xFE, 0xFD, 0x34, 0xA6, 0xFE, 0xFD,
    0x33, 0xA5, 0xFE, 0xFD, 0x34, 0xA5, 0xFE, 0xFD, 0x33, 0xA5, 0xFD, 0xFD, 0x33, 0xA5, 0xFD, 0xFD,
    0x33, 0xA5, 0xFD, 0xFD, 0x32, 0xA4, 0xFD, 0xFD, 0x31, 0xA4, 0xFC, 0xFD, 0x31, 0xA4, 0xFC, 0xFD,
    0x30, 0xA3, 0xFC, 0xFD, 0x31, 0xA2, 0xFD, 0xFD, 0x2A, 0x97, 0xFB, 0xFD, 0x1C, 0x87, 0xF4, 0xFD,
    0x1C, 0x87, 0xF4, 0xFD, 0x11, 0x7C, 0xEE, 0xFD, 0x0D, 0x7B, 0xF0, 0xFD, 0x14, 0x84, 0xF2, 0xFC,
    0x14, 0x84, 0xF2, 0xFC, 0x14, 0x59, 0xA9, 0xFD, 0x06, 0x25, 0x5B, 0xE9, 0x1F, 0x5E, 0xAB, 0x5B,
    0x1F, 0x5E, 0xAB, 0x5B, 0x37, 0x88, 0xDB, 0x02, 0x31, 0x7E, 0xCE, 0x02, 0x33, 0x81, 0xCF, 0x01,
    0x33, 0x81, 0xCF, 0x01, 0x00, 0x00, 0x00, 0x00, 0x00, 0x00, 0x00, 0x00, 0x00, 0x00, 0x00, 0x00,
    0x00, 0x00, 0x00, 0x00, 0x00, 0x00, 0x00, 0x00, 0x00, 0x00, 0x00, 0x00, 0x00, 0x00, 0x00, 0x00,
    0x00, 0x00, 0x00, 0x00, 0x00, 0x00, 0x00, 0x00, 0x00, 0x00, 0x00, 0x00, 0x00, 0x00, 0x00, 0x00,
    0x00, 0x00, 0x00, 0x00, 0x00, 0x00, 0x00, 0x00, 0x00, 0x00, 0x00, 0x00, 0x00, 0x00, 0x00, 0x00,
    0x00, 0x00, 0x00, 0x00, 0x00, 0x00, 0x00, 0x00, 0x00, 0x00, 0x00, 0x00, 0x00, 0x00, 0x00, 0x00,
    0x00, 0x00, 0x00, 0x00, 0x00, 0x00, 0x00, 0x00, 0x00, 0x00, 0x00, 0x00, 0x00, 0x00, 0x00, 0x00,
    0x00, 0x00, 0x00, 0x00, 0x00, 0x00, 0x00, 0x00, 0x00, 0x00, 0x00, 0x00, 0x00, 0x00, 0x00, 0x00,
    0x00, 0x00, 0x00, 0x00, 0x00, 0x00, 0x00, 0x00, 0x00, 0x00, 0x00, 0x00, 0x00, 0x00, 0x00, 0x00,
    0x00, 0x00, 0x00, 0x00, 0x00, 0x00, 0x00, 0x00, 0x3B, 0x83, 0xCC, 0x01, 0x3B, 0x83, 0xCC, 0x01,
    0x00, 0x00, 0x00, 0x00, 0x3B, 0x84, 0xCC, 0x02, 0x39, 0x85, 0xCF, 0x04, 0x39, 0x85, 0xCF, 0x04,
    0x3C, 0x85, 0xCD, 0x23, 0x0B, 0x2E, 0x66, 0xBB, 0x09, 0x34, 0x81, 0xFE, 0x19, 0x78, 0xDD, 0xFB,
    0x19, 0x78, 0xDD, 0xFB, 0x1D, 0x8F, 0xF5, 0xFC, 0x24, 0x95, 0xF9, 0xFD, 0x29, 0x99, 0xFA, 0xFC,
    0x29, 0x99, 0xFA, 0xFC, 0x2D, 0x9E, 0xFB, 0xFD, 0x2A, 0x9E, 0xFC, 0xFC, 0x2B, 0xA0, 0xFD, 0xFC,
    0x2B, 0xA0, 0xFD, 0xFC, 0x2A, 0xA0, 0xFD, 0xFC, 0x2A, 0x9F, 0xFD, 0xFC, 0x2B, 0xA1, 0xFD, 0xFC,
    0x2B, 0xA1, 0xFD, 0xFC, 0x29, 0xA0, 0xFC, 0xFC, 0x2E, 0xA7, 0xFC, 0xFC, 0x3A, 0xB0, 0xFB, 0xFC,
    0x50, 0xCC, 0xFB, 0xFC, 0x50, 0xCC, 0xFB, 0xFC, 0x52, 0xCA, 0xFA, 0xFC, 0x3F, 0xB2, 0xF9, 0xFC,
    0x2D, 0xA0, 0xFA, 0xFD, 0x2D, 0xA0, 0xFA, 0xFD, 0x2B, 0xA1, 0xFC, 0xFC, 0x2B, 0x9F, 0xFD, 0xFD,
    0x31, 0xA3, 0xFD, 0xFD, 0x31, 0xA3, 0xFD, 0xFD, 0x35, 0xA4, 0xFE, 0xFD, 0x36, 0xA5, 0xFE, 0xFD,
    0x38, 0xA7, 0xFE, 0xFD, 0x38, 0xA7, 0xFE, 0xFD, 0x3A, 0xA7, 0xFE, 0xFD, 0x3A, 0xA8, 0xFE, 0xFD,
    0x3B, 0xA9, 0xFF, 0xFD, 0x3B, 0xA9, 0xFF, 0xFD, 0x3B, 0xA7, 0xFE, 0xFD, 0x3D, 0xAA, 0xFF, 0xFD,
    0x3E, 0xA8, 0xFE, 0xFD, 0x3F, 0xA9, 0xFE, 0xFD, 0x3F, 0xA9, 0xFE, 0xFD, 0x3F, 0xA9, 0xFE, 0xFD,
    0x3F, 0xA9, 0xFD, 0xFD, 0x42, 0xAB, 0xFE, 0xFD, 0x42, 0xAB, 0xFE, 0xFD, 0x46, 0xAC, 0xFE, 0xFD,
    0x46, 0xAB, 0xFC, 0xFD, 0x49, 0xAD, 0xFC, 0xFD, 0x49, 0xAD, 0xFC, 0xFD, 0x49, 0xAB, 0xFC, 0xFD,
    0x55, 0xB8, 0xFE, 0xFD, 0x5B, 0xC3, 0xFF, 0xFD, 0x5B, 0xC3, 0xFF, 0xFD, 0x50, 0xBD, 0xFF, 0xFD,
    0x40, 0xAC, 0xFE, 0xFD, 0x3A, 0xAA, 0xFD, 0xFD, 0x31, 0xA2, 0xFC, 0xFD, 0x31, 0xA2, 0xFC, 0xFD,
    0x34, 0xA7, 0xFC, 0xFD, 0x35, 0xA5, 0xFD, 0xFD, 0x36, 0xA7, 0xFD, 0xFD, 0x36, 0xA7, 0xFD, 0xFD,
    0x35, 0xA5, 0xFD, 0xFD, 0x34, 0xA5, 0xFD, 0xFD, 0x34, 0xA5, 0xFE, 0xFD, 0x34, 0xA5, 0xFE, 0xFD,
    0x33, 0xA4, 0xFD, 0xFD, 0x33, 0xA4, 0xFD, 0xFD, 0x32, 0xA5, 0xFC, 0xFD, 0x32, 0xA5, 0xFC, 0xFD,
    0x31, 0xA2, 0xFC, 0xFD, 0x30, 0xA0, 0xFC, 0xFD, 0x2B, 0x97, 0xFB, 0xFD, 0x19, 0x84, 0xF2, 0xFD,
    0x19, 0x84, 0xF2, 0xFD, 0x12, 0x80, 0xF2, 0xFD, 0x0A, 0x79, 0xEE, 0xFD, 0x0F, 0x7E, 0xF3, 0xFD,
    0x0F, 0x7E, 0xF3, 0xFD, 0x16, 0x68, 0xCA, 0xFA, 0x00, 0x05, 0x2D, 0xFC, 0x1B, 0x52, 0x98, 0x87,
    0x1B, 0x52, 0x98, 0x87, 0x00, 0x00, 0x00, 0x00, 0x30, 0x7D, 0xCC, 0x05, 0x34, 0x81, 0xCF, 0x01,
    0x34, 0x81, 0xCF, 0x01, 0x00, 0x00, 0x00, 0x00, 0x00, 0x00, 0x00, 0x00, 0x00, 0x00, 0x00, 0x00,
    0x00, 0x00, 0x00, 0x00, 0x00, 0x00, 0x00, 0x00, 0x00, 0x00, 0x00, 0x00, 0x00, 0x00, 0x00, 0x00,
    0x00, 0x00, 0x00, 0x00, 0x00, 0x00, 0x00, 0x00, 0x00, 0x00, 0x00, 0x00, 0x00, 0x00, 0x00, 0x00,
    0x00, 0x00, 0x00, 0x00, 0x00, 0x00, 0x00, 0x00, 0x00, 0x00, 0x00, 0x00, 0x00, 0x00, 0x00, 0x00,
    0x00, 0x00, 0x00, 0x00, 0x00, 0x00, 0x00, 0x00, 0x00, 0x00, 0x00, 0x00, 0x00, 0x00, 0x00, 0x00,
    0x00, 0x00, 0x00, 0x00, 0x00, 0x00, 0x00, 0x00, 0x00, 0x00, 0x00, 0x00, 0x00, 0x00, 0x00, 0x00,
    0x00, 0x00, 0x00, 0x00, 0x00, 0x00, 0x00, 0x00, 0x00, 0x00, 0x00, 0x00, 0x00, 0x00, 0x00, 0x00,
    0x00, 0x00, 0x00, 0x00, 0x00, 0x00, 0x00, 0x00, 0x00, 0x00, 0x00, 0x00, 0x00, 0x00, 0x00, 0x00,
    0x00, 0x00, 0x00, 0x00, 0x00, 0x00, 0x00, 0x00, 0x3B, 0x83, 0xCC, 0x01, 0x3B, 0x83, 0xCC, 0x01,
    0x00, 0x00, 0x00, 0x00, 0x3B, 0x84, 0xCC, 0x02, 0x39, 0x85, 0xCF, 0x04, 0x39, 0x85, 0xCF, 0x04,
    0x3C, 0x85, 0xCD, 0x23, 0x0B, 0x2E, 0x66, 0xBB, 0x09, 0x34, 0x81, 0xFE, 0x19, 0x78, 0xDD, 0xFB,
    0x19, 0x78, 0xDD, 0xFB, 0x1D, 0x8F, 0xF5, 0xFC, 0x24, 0x95, 0xF9, 0xFD, 0x29, 0x99, 0xFA, 0xFC,
    0x29, 0x99, 0xFA, 0xFC, 0x2D, 0x9E, 0xFB, 0xFD, 0x2A, 0x9E, 0xFC, 0xFC, 0x2B, 0xA0, 0xFD, 0xFC,
    0x2B, 0xA0, 0xFD, 0xFC, 0x2A, 0xA0, 0xFD, 0xFC, 0x2A, 0x9F, 0xFD, 0xFC, 0x2B, 0xA1, 0xFD, 0xFC,
    0x2B, 0xA1, 0xFD, 0xFC, 0x29, 0xA0, 0xFC, 0xFC, 0x2E, 0xA7, 0xFC, 0xFC, 0x3A, 0xB0, 0xFB, 0xFC,
    0x50, 0xCC, 0xFB, 0xFC, 0x50, 0xCC, 0xFB, 0xFC, 0x52, 0xCA, 0xFA, 0xFC, 0x3F, 0xB2, 0xF9, 0xFC,
    0x2D, 0xA0, 0xFA, 0xFD, 0x2D, 0xA0, 0xFA, 0xFD, 0x2B, 0xA1, 0xFC, 0xFC, 0x2B, 0x9F, 0xFD, 0xFD,
    0x31, 0xA3, 0xFD, 0xFD, 0x31, 0xA3, 0xFD, 0xFD, 0x35, 0xA4, 0xFE, 0xFD, 0x36, 0xA5, 0xFE, 0xFD,
    0x38, 0xA7, 0xFE, 0xFD, 0x38, 0xA7, 0xFE, 0xFD, 0x3A, 0xA7, 0xFE, 0xFD, 0x3A, 0xA8, 0xFE, 0xFD,
    0x3B, 0xA9, 0xFF, 0xFD, 0x3B, 0xA9, 0xFF, 0xFD, 0x3B, 0xA7, 0xFE, 0xFD, 0x3D, 0xAA, 0xFF, 0xFD,
    0x3E, 0xA8, 0xFE, 0xFD, 0x3F, 0xA9, 0xFE, 0xFD, 0x3F, 0xA9, 0xFE, 0xFD, 0x3F, 0xA9, 0xFE, 0xFD,
    0x3F, 0xA9, 0xFD, 0xFD, 0x42, 0xAB, 0xFE, 0xFD, 0x42, 0xAB, 0xFE, 0xFD, 0x46, 0xAC, 0xFE, 0xFD,
    0x46, 0xAB, 0xFC, 0xFD, 0x49, 0xAD, 0xFC, 0xFD, 0x49, 0xAD, 0xFC, 0xFD, 0x49, 0xAB, 0xFC, 0xFD,
    0x55, 0xB8, 0xFE, 0xFD, 0x5B, 0xC3, 0xFF, 0xFD, 0x5B, 0xC3, 0xFF, 0xFD, 0x50, 0xBD, 0xFF, 0xFD,
    0x40, 0xAC, 0xFE, 0xFD, 0x3A, 0xAA, 0xFD, 0xFD, 0x31, 0xA2, 0xFC, 0xFD, 0x31, 0xA2, 0xFC, 0xFD,
    0x34, 0xA7, 0xFC, 0xFD, 0x35, 0xA5, 0xFD, 0xFD, 0x36, 0xA7, 0xFD, 0xFD, 0x36, 0xA7, 0xFD, 0xFD,
    0x35, 0xA5, 0xFD, 0xFD, 0x34, 0xA5, 0xFD, 0xFD, 0x34, 0xA5, 0xFE, 0xFD, 0x34, 0xA5, 0xFE, 0xFD,
    0x33, 0xA4, 0xFD, 0xFD, 0x33, 0xA4, 0xFD, 0xFD, 0x32, 0xA5, 0xFC, 0xFD, 0x32, 0xA5, 0xFC, 0xFD,
    0x31, 0xA2, 0xFC, 0xFD, 0x30, 0xA0, 0xFC, 0xFD, 0x2B, 0x97, 0xFB, 0xFD, 0x19, 0x84, 0xF2, 0xFD,
    0x19, 0x84, 0xF2, 0xFD, 0x12, 0x80, 0xF2, 0xFD, 0x0A, 0x79, 0xEE, 0xFD, 0x0F, 0x7E, 0xF3, 0xFD,
    0x0F, 0x7E, 0xF3, 0xFD, 0x16, 0x68, 0xCA, 0xFA, 0x00, 0x05, 0x2D, 0xFC, 0x1B, 0x52, 0x98, 0x87,
    0x1B, 0x52, 0x98, 0x87, 0x00, 0x00, 0x00, 0x00, 0x30, 0x7D, 0xCC, 0x05, 0x34, 0x81, 0xCF, 0x01,
    0x34, 0x81, 0xCF, 0x01, 0x00, 0x00, 0x00, 0x00, 0x00, 0x00, 0x00, 0x00, 0x00, 0x00, 0x00, 0x00,
    0x00, 0x00, 0x00, 0x00, 0x00, 0x00, 0x00, 0x00, 0x00, 0x00, 0x00, 0x00, 0x00, 0x00, 0x00, 0x00,
    0x00, 0x00, 0x00, 0x00, 0x00, 0x00, 0x00, 0x00, 0x00, 0x00, 0x00, 0x00, 0x00, 0x00, 0x00, 0x00,
    0x00, 0x00, 0x00, 0x00, 0x00, 0x00, 0x00, 0x00, 0x00, 0x00, 0x00, 0x00, 0x00, 0x00, 0x00, 0x00,
    0x00, 0x00, 0x00, 0x00, 0x00, 0x00, 0x00, 0x00, 0x00, 0x00, 0x00, 0x00, 0x00, 0x00, 0x00, 0x00,
    0x00, 0x00, 0x00, 0x00, 0x00, 0x00, 0x00, 0x00, 0x00, 0x00, 0x00, 0x00, 0x00, 0x00, 0x00, 0x00,
    0x00, 0x00, 0x00, 0x00, 0x00, 0x00, 0x00, 0x00, 0x00, 0x00, 0x00, 0x00, 0x00, 0x00, 0x00, 0x00,
    0x00, 0x00, 0x00, 0x00, 0x00, 0x00, 0x00, 0x00, 0x00, 0x00, 0x00, 0x00, 0x00, 0x00, 0x00, 0x00,
    0x00, 0x00, 0x00, 0x00, 0x00, 0x00, 0x00, 0x00, 0x3C, 0x84, 0xCC, 0x01, 0x3C, 0x84, 0xCC, 0x01,
    0x3C, 0x85, 0xCD, 0x01, 0x3A, 0x84, 0xCC, 0x01, 0x3A, 0x83, 0xCC, 0x0A, 0x3A, 0x83, 0xCC, 0x0A,
    0x1F, 0x58, 0x97, 0x5B, 0x11, 0x41, 0x82, 0xD1, 0x28, 0x7B, 0xDB, 0xFD, 0x0F, 0x70, 0xD9, 0xFB,
    0x0F, 0x70, 0xD9, 0xFB, 0x1C, 0x8D, 0xF4, 0xFC, 0x24, 0x96, 0xFA, 0xFD, 0x28, 0x9A, 0xFC, 0xFC,
    0x28, 0x9A, 0xFC, 0xFC, 0x2A, 0x9E, 0xFD, 0xFC, 0x2A, 0xA0, 0xFD, 0xFC, 0x28, 0x9D, 0xFD, 0xFC,
    0x28, 0x9D, 0xFD, 0xFC, 0x29, 0xA0, 0xFD, 0xFC, 0x28, 0xA0, 0xFD, 0xFC, 0x27, 0x9D, 0xFC, 0xFC,
    0x27, 0x9D, 0xFC, 0xFC, 0x2E, 0xA3, 0xFA, 0xFC, 0x34, 0x8D, 0xE7, 0xFC, 0x20, 0x5A, 0xAE, 0xFC,
    0x2A, 0x63, 0xB5, 0xFC, 0x2A, 0x63, 0xB5, 0xFC, 0x25, 0x5E, 0xAC, 0xFD, 0x29, 0x6B, 0xC5, 0xFC,
    0x40, 0xA6, 0xF6, 0xFD, 0x40, 0xA6, 0xF6, 0xFD, 0x31, 0xA6, 0xFB, 0xFC, 0x28, 0x9F, 0xFD, 0xFD,
    0x2D, 0xA4, 0xFE, 0xFD, 0x2D, 0xA4, 0xFE, 0xFD, 0x33, 0xA2, 0xFE, 0xFD, 0x37, 0xA6, 0xFE, 0xFD,
    0x39, 0xA8, 0xFE, 0xFD, 0x39, 0xA8, 0xFE, 0xFD, 0x3C, 0xA9, 0xFE, 0xFD, 0x3D, 0xA9, 0xFE, 0xFD,
    0x3F, 0xAA, 0xFD, 0xFD, 0x3F, 0xAA, 0xFD, 0xFD, 0x41, 0xAA, 0xFD, 0xFD, 0x40, 0xAA, 0xFD, 0xFD,
    0x40, 0xAA, 0xFE, 0xFD, 0x40, 0xAB, 0xFE, 0xFD, 0x40, 0xAB, 0xFE, 0xFD, 0x40, 0xAA, 0xFD, 0xFD,
    0x42, 0xAB, 0xFD, 0xFD, 0x45, 0xAB, 0xFB, 0xFD, 0x45, 0xAB, 0xFB, 0xFD, 0x48, 0xAD, 0xFB, 0xFD,
    0x43, 0xAA, 0xFD, 0xFD, 0x45, 0xAD, 0xFF, 0xFD, 0x45, 0xAD, 0xFF, 0xFD, 0x53, 0xAE, 0xFE, 0xFD,
    0x4C, 0x95, 0xE2, 0xFD, 0x41, 0x87, 0xCB, 0xFD, 0x41, 0x87, 0xCB, 0xFD, 0x31, 0x73, 0xB4, 0xFD,
    0x24, 0x64, 0xAC, 0xFD, 0x34, 0x8E, 0xE7, 0xFD, 0x37, 0xAD, 0xFF, 0xFD, 0x37, 0xAD, 0xFF, 0xFD,
    0x31, 0xA5, 0xFF, 0xFD, 0x33, 0xA4, 0xFB, 0xFD, 0x3A, 0xA8, 0xFA, 0xFD, 0x3A, 0xA8, 0xFA, 0xFD,
    0x3A, 0xA7, 0xFA, 0xFD, 0x38, 0xA6, 0xFC, 0xFD, 0x36, 0xA6, 0xFE, 0xFD, 0x36, 0xA6, 0xFE, 0xFD,
    0x34, 0xA5, 0xFE, 0xFD, 0x34, 0xA5, 0xFD, 0xFD, 0x33, 0xA6, 0xFD, 0xFD, 0x33, 0xA6, 0xFD, 0xFD,
    0x32, 0xA3, 0xFD, 0xFD, 0x31, 0xA0, 0xFD, 0xFD, 0x2A, 0x96, 0xFC, 0xFD, 0x1A, 0x85, 0xF4, 0xFD,
    0x1A, 0x85, 0xF4, 0xFD, 0x12, 0x81, 0xF4, 0xFD, 0x0A, 0x7A, 0xF0, 0xFD, 0x0C, 0x7E, 0xF4, 0xFD,
    0x0C, 0x7E, 0xF4, 0xFD, 0x1A, 0x7A, 0xE0, 0xF9, 0x00, 0x13, 0x3B, 0xFD, 0x1F, 0x5B, 0x9B, 0x8E,
    0x1F, 0x5B, 0x9B, 0x8E, 0x00, 0x00, 0x00, 0x00, 0x31, 0x7E, 0xCB, 0x05, 0x34, 0x81, 0xCF, 0x01,
    0x34, 0x81, 0xCF, 0x01, 0x00, 0x00, 0x00, 0x00, 0x00, 0x00, 0x00, 0x00, 0x00, 0x00, 0x00, 0x00,
    0x00, 0x00, 0x00, 0x00, 0x00, 0x00, 0x00, 0x00, 0x00, 0x00, 0x00, 0x00, 0x00, 0x00, 0x00, 0x00,
    0x00, 0x00, 0x00, 0x00, 0x00, 0x00, 0x00, 0x00, 0x00, 0x00, 0x00, 0x00, 0x00, 0x00, 0x00, 0x00,
    0x00, 0x00, 0x00, 0x00, 0x00, 0x00, 0x00, 0x00, 0x00, 0x00, 0x00, 0x00, 0x00, 0x00, 0x00, 0x00,
    0x00, 0x00, 0x00, 0x00, 0x00, 0x00, 0x00, 0x00, 0x00, 0x00, 0x00, 0x00, 0x00, 0x00, 0x00, 0x00,
    0x00, 0x00, 0x00, 0x00, 0x00, 0x00, 0x00, 0x00, 0x00, 0x00, 0x00, 0x00, 0x00, 0x00, 0x00, 0x00,
    0x00, 0x00, 0x00, 0x00, 0x00, 0x00, 0x00, 0x00, 0x00, 0x00, 0x00, 0x00, 0x00, 0x00, 0x00, 0x00,
    0x00, 0x00, 0x00, 0x00, 0x00, 0x00, 0x00, 0x00, 0x00, 0x00, 0x00, 0x00, 0x00, 0x00, 0x00, 0x00,
    0x00, 0x00, 0x00, 0x00, 0x00, 0x00, 0x00, 0x00, 0x00, 0x00, 0x00, 0x00, 0x00, 0x00, 0x00, 0x00,
    0x3B, 0x85, 0xCC, 0x02, 0x00, 0x00, 0x00, 0x00, 0x2E, 0x6B, 0xAE, 0x17, 0x2E, 0x6B, 0xAE, 0x17,
    0x01, 0x14, 0x45, 0xB4, 0x1A, 0x56, 0xA4, 0xF7, 0x29, 0x93, 0xF7, 0xFC, 0x08, 0x66, 0xD9, 0xFC,
    0x08, 0x66, 0xD9, 0xFC, 0x15, 0x81, 0xEC, 0xFC, 0x20, 0x93, 0xFA, 0xFD, 0x26, 0x9B, 0xFC, 0xFC,
    0x26, 0x9B, 0xFC, 0xFC, 0x27, 0x99, 0xFC, 0xFC, 0x29, 0x9E, 0xFC, 0xFC, 0x2A, 0x9F, 0xFC, 0xFC,
    0x2A, 0x9F, 0xFC, 0xFC, 0x29, 0x9F, 0xFB, 0xFC, 0x27, 0x9D, 0xFA, 0xFC, 0x36, 0xA9, 0xFA, 0xFC,
    0x36, 0xA9, 0xFA, 0xFC, 0x2C, 0x7F, 0xD7, 0xFC, 0x03, 0x19, 0x44, 0xFC, 0x00, 0x00, 0x12, 0xFC,
    0x0B, 0x05, 0x10, 0xFC, 0x0B, 0x05, 0x10, 0xFC, 0x00, 0x00, 0x00, 0xFD, 0x00, 0x00, 0x00, 0xFC,
    0x10, 0x34, 0x61, 0xFD, 0x10, 0x34, 0x61, 0xFD, 0x37, 0x99, 0xF0, 0xFD, 0x32, 0xA7, 0xFC, 0xFD,
    0x2C, 0xA2, 0xFD, 0xFD, 0x2C, 0xA2, 0xFD, 0xFD, 0x33, 0xA3, 0xFC, 0xFD, 0x39, 0xA8, 0xFC, 0xFD,
    0x3B, 0xA7, 0xFC, 0xFD, 0x3B, 0xA7, 0xFC, 0xFD, 0x3E, 0xAA, 0xFD, 0xFD, 0x44, 0xAB, 0xFD, 0xFD,
    0x56, 0xB6, 0xFE, 0xFD, 0x56, 0xB6, 0xFE, 0xFD, 0x62, 0xBF, 0xFF, 0xFD, 0x49, 0xAE, 0xFC, 0xFD,
    0x42, 0xAB, 0xFD, 0xFD, 0x41, 0xAB, 0xFD, 0xFD, 0x41, 0xAB, 0xFD, 0xFD, 0x42, 0xAB, 0xFD, 0xFD,
    0x44, 0xAC, 0xFC, 0xFD, 0x47, 0xAB, 0xFA, 0xFD, 0x47, 0xAB, 0xFA, 0xFD, 0x47, 0xAA, 0xFA, 0xFD,
    0x4B, 0xB1, 0xFE, 0xFD, 0x56, 0xAF, 0xF3, 0xFD, 0x56, 0xAF, 0xF3, 0xFD, 0x28, 0x57, 0x7F, 0xFD,
    0x0B, 0x20, 0x3B, 0xFD, 0x04, 0x0A, 0x15, 0xFD, 0x04, 0x0A, 0x15, 0xFD, 0x03, 0x09, 0x10, 0xFD,
    0x02, 0x09, 0x15, 0xFD, 0x05, 0x1C, 0x43, 0xFD, 0x21, 0x73, 0xC1, 0xFD, 0x21, 0x73, 0xC1, 0xFD,
    0x36, 0xA7, 0xFF, 0xFD, 0x32, 0xA3, 0xFC, 0xFD, 0x38, 0xA7, 0xF9, 0xFD, 0x38, 0xA7, 0xF9, 0xFD,
    0x3B, 0xA7, 0xFA, 0xFD, 0x3A, 0xA8, 0xFC, 0xFD, 0x37, 0xA5, 0xFD, 0xFD, 0x37, 0xA5, 0xFD, 0xFD,
    0x36, 0xA7, 0xFE, 0xFD, 0x35, 0xA6, 0xFD, 0xFD, 0x33, 0xA4, 0xFD, 0xFD, 0x33, 0xA4, 0xFD, 0xFD,
    0x33, 0xA4, 0xFD, 0xFD, 0x30, 0x9E, 0xFD, 0xFD, 0x26, 0x91, 0xFA, 0xFD, 0x18, 0x84, 0xF4, 0xFD,
    0x18, 0x84, 0xF4, 0xFD, 0x10, 0x7D, 0xF2, 0xFD, 0x0A, 0x79, 0xF1, 0xFD, 0x0C, 0x7B, 0xF2, 0xFD,
    0x0C, 0x7B, 0xF2, 0xFD, 0x1A, 0x72, 0xD7, 0xFA, 0x00, 0x0B, 0x32, 0xFE, 0x1C, 0x55, 0x9A, 0xB5,
    0x1C, 0x55, 0x9A, 0xB5, 0x34, 0x88, 0xD5, 0x01, 0x30, 0x7F, 0xCB, 0x06, 0x00, 0x00, 0x00, 0x00,
    0x00, 0x00, 0x00, 0x00, 0x00, 0x00, 0x00, 0x00, 0x00, 0x00, 0x00, 0x00, 0x00, 0x00, 0x00, 0x00,
    0x00, 0x00, 0x00, 0x00, 0x00, 0x00, 0x00, 0x00, 0x00, 0x00, 0x00, 0x00, 0x00, 0x00, 0x00, 0x00,
    0x00, 0x00, 0x00, 0x00, 0x00, 0x00, 0x00, 0x00, 0x00, 0x00, 0x00, 0x00, 0x00, 0x00, 0x00, 0x00,
    0x00, 0x00, 0x00, 0x00, 0x00, 0x00, 0x00, 0x00, 0x00, 0x00, 0x00, 0x00, 0x00, 0x00, 0x00, 0x00,
    0x00, 0x00, 0x00, 0x00, 0x00, 0x00, 0x00, 0x00, 0x00, 0x00, 0x00, 0x00, 0x00, 0x00, 0x00, 0x00,
    0x00, 0x00, 0x00, 0x00, 0x00, 0x00, 0x00, 0x00, 0x00, 0x00, 0x00, 0x00, 0x00, 0x00, 0x00, 0x00,
    0x00, 0x00, 0x00, 0x00, 0x00, 0x00, 0x00, 0x00, 0x00, 0x00, 0x00, 0x00, 0x00, 0x00, 0x00, 0x00,
    0x00, 0x00, 0x00, 0x00, 0x00, 0x00, 0x00, 0x00, 0x00, 0x00, 0x00, 0x00, 0x00, 0x00, 0x00, 0x00,
    0x00, 0x00, 0x00, 0x00, 0x00, 0x00, 0x00, 0x00, 0x00, 0x00, 0x00, 0x00, 0x00, 0x00, 0x00, 0x00,
    0x3A, 0x85, 0xCC, 0x01, 0x00, 0x00, 0x00, 0x00, 0x29, 0x65, 0xA3, 0x2A, 0x29, 0x65, 0xA3, 0x2A,
    0x01, 0x0C, 0x30, 0xD5, 0x26, 0x6D, 0xBC, 0xFB, 0x23, 0x93, 0xFA, 0xFA, 0x0B, 0x70, 0xE6, 0xFC,
    0x0B, 0x70, 0xE6, 0xFC, 0x11, 0x7A, 0xEA, 0xFC, 0x1D, 0x93, 0xFA, 0xFD, 0x23, 0x9B, 0xFC, 0xFC,
    0x23, 0x9B, 0xFC, 0xFC, 0x28, 0x9A, 0xFB, 0xFD, 0x2A, 0x9C, 0xFA, 0xFC, 0x2C, 0x9E, 0xF9, 0xFC,
    0x2C, 0x9E, 0xF9, 0xFC, 0x2B, 0x9F, 0xF8, 0xFC, 0x35, 0xA2, 0xF5, 0xFC, 0x33, 0x81, 0xD4, 0xFC,
    0x33, 0x81, 0xD4, 0xFC, 0x04, 0x20, 0x47, 0xFC, 0x13, 0x1E, 0x2E, 0xFC, 0xB0, 0xAD, 0xA8, 0xFC,
    0xD4, 0xD3, 0xD0, 0xFC, 0xD4, 0xD3, 0xD0, 0xFC, 0x44, 0x46, 0x3B, 0xFD, 0x00, 0x00, 0x00, 0xFC,
    0x00, 0x00, 0x01, 0xFD, 0x00, 0x00, 0x01, 0xFD, 0x0C, 0x37, 0x64, 0xFC, 0x3D, 0xA1, 0xF3, 0xFD,
    0x37, 0xA7, 0xFA, 0xFD, 0x37, 0xA7, 0xFA, 0xFD, 0x36, 0xA4, 0xF8, 0xFD, 0x3D, 0xA8, 0xF8, 0xFD,
    0x3F, 0xA8, 0xFA, 0xFD, 0x3F, 0xA8, 0xFA, 0xFD, 0x42, 0xAB, 0xFD, 0xFD, 0x51, 0xB1, 0xFE, 0xFD,
    0x7C, 0xCD, 0xFF, 0xFD, 0x7C, 0xCD, 0xFF, 0xFD, 0x9A, 0xE3, 0xFF, 0xFD, 0x5F, 0xBB, 0xFD, 0xFD,
    0x45, 0xAC, 0xFC, 0xFD, 0x45, 0xAC, 0xFC, 0xFD, 0x45, 0xAC, 0xFC, 0xFD, 0x45, 0xAB, 0xFB, 0xFD,
    0x45, 0xAB, 0xFC, 0xFD, 0x45, 0xAA, 0xFC, 0xFD, 0x45, 0xAA, 0xFC, 0xFD, 0x49, 0xAA, 0xFC, 0xFD,
    0x59, 0xAE, 0xF4, 0xFD, 0x22, 0x47, 0x65, 0xFD, 0x22, 0x47, 0x65, 0xFD, 0x44, 0x54, 0x5E, 0xFD,
    0xE0, 0xE2, 0xE4, 0xFD, 0x73, 0x7B, 0x73, 0xFD, 0x73, 0x7B, 0x73, 0xFD, 0x07, 0x09, 0x0A, 0xFD,
    0x0F, 0x12, 0x15, 0xFD, 0x04, 0x09, 0x14, 0xFD, 0x01, 0x0E, 0x2B, 0xFD, 0x01, 0x0E, 0x2B, 0xFD,
    0x1B, 0x5E, 0xA7, 0xFD, 0x3A, 0xA8, 0xFC, 0xFD, 0x36, 0xA8, 0xFC, 0xFD, 0x36, 0xA8, 0xFC, 0xFD,
    0x38, 0xA8, 0xFC, 0xFD, 0x3A, 0xA9, 0xFC, 0xFD, 0x39, 0xA7, 0xFC, 0xFD, 0x39, 0xA7, 0xFC, 0xFD,
    0x37, 0xA7, 0xFD, 0xFD, 0x34, 0xA5, 0xFD, 0xFD, 0x33, 0xA5, 0xFD, 0xFD, 0x33, 0xA5, 0xFD, 0xFD,
    0x32, 0xA3, 0xFD, 0xFD, 0x2E, 0x9E, 0xFD, 0xFD, 0x23, 0x90, 0xF9, 0xFD, 0x18, 0x84, 0xF5, 0xFD,
    0x18, 0x84, 0xF5, 0xFD, 0x12, 0x80, 0xF4, 0xFD, 0x0D, 0x7E, 0xF5, 0xFD, 0x0F, 0x80, 0xF6, 0xFD,
    0x0F, 0x80, 0xF6, 0xFD, 0x18, 0x6C, 0xD6, 0xFA, 0x00, 0x0E, 0x3E, 0xFD, 0x27, 0x65, 0xA7, 0xC9,
    0x27, 0x65, 0xA7, 0xC9, 0x32, 0x88, 0xD3, 0x11, 0x2F, 0x80, 0xCD, 0x02, 0x34, 0x83, 0xD0, 0x01,
    0x34, 0x83, 0xD0, 0x01, 0x35, 0x82, 0xD0, 0x01, 0x00, 0x00, 0x00, 0x00, 0x00, 0x00, 0x00, 0x00,
    0x00, 0x00, 0x00, 0x00, 0x00, 0x00, 0x00, 0x00, 0x00, 0x00, 0x00, 0x00, 0x00, 0x00, 0x00, 0x00,
    0x00, 0x00, 0x00, 0x00, 0x00, 0x00, 0x00, 0x00, 0x00, 0x00, 0x00, 0x00, 0x00, 0x00, 0x00, 0x00,
    0x00, 0x00, 0x00, 0x00, 0x00, 0x00, 0x00, 0x00, 0x00, 0x00, 0x00, 0x00, 0x00, 0x00, 0x00, 0x00,
    0x00, 0x00, 0x00, 0x00, 0x00, 0x00, 0x00, 0x00, 0x00, 0x00, 0x00, 0x00, 0x00, 0x00, 0x00, 0x00,
    0x00, 0x00, 0x00, 0x00, 0x00, 0x00, 0x00, 0x00, 0x00, 0x00, 0x00, 0x00, 0x00, 0x00, 0x00, 0x00,
    0x00, 0x00, 0x00, 0x00, 0x00, 0x00, 0x00, 0x00, 0x00, 0x00, 0x00, 0x00, 0x00, 0x00, 0x00, 0x00,
    0x00, 0x00, 0x00, 0x00, 0x00, 0x00, 0x00, 0x00, 0x00, 0x00, 0x00, 0x00, 0x00, 0x00, 0x00, 0x00,
    0x00, 0x00, 0x00, 0x00, 0x00, 0x00, 0x00, 0x00, 0x00, 0x00, 0x00, 0x00, 0x00, 0x00, 0x00, 0x00,
    0x3A, 0x85, 0xCC, 0x01, 0x00, 0x00, 0x00, 0x00, 0x29, 0x65, 0xA3, 0x2A, 0x29, 0x65, 0xA3, 0x2A,
    0x01, 0x0C, 0x30, 0xD5, 0x26, 0x6D, 0xBC, 0xFB, 0x23, 0x93, 0xFA, 0xFA, 0x0B, 0x70, 0xE6, 0xFC,
    0x0B, 0x70, 0xE6, 0xFC, 0x11, 0x7A, 0xEA, 0xFC, 0x1D, 0x93, 0xFA, 0xFD, 0x23, 0x9B, 0xFC, 0xFC,
    0x23, 0x9B, 0xFC, 0xFC, 0x28, 0x9A, 0xFB, 0xFD, 0x2A, 0x9C, 0xFA, 0xFC, 0x2C, 0x9E, 0xF9, 0xFC,
    0x2C, 0x9E, 0xF9, 0xFC, 0x2B, 0x9F, 0xF8, 0xFC, 0x35, 0xA2, 0xF5, 0xFC, 0x33, 0x81, 0xD4, 0xFC,
    0x33, 0x81, 0xD4, 0xFC, 0x04, 0x20, 0x47, 0xFC, 0x13, 0x1E, 0x2E, 0xFC, 0xB0, 0xAD, 0xA8, 0xFC,
    0xD4, 0xD3, 0xD0, 0xFC, 0xD4, 0xD3, 0xD0, 0xFC, 0x44, 0x46, 0x3B, 0xFD, 0x00, 0x00, 0x00, 0xFC,
    0x00, 0x00, 0x01, 0xFD, 0x00, 0x00, 0x01, 0xFD, 0x0C, 0x37, 0x64, 0xFC, 0x3D, 0xA1, 0xF3, 0xFD,
    0x37, 0xA7, 0xFA, 0xFD, 0x37, 0xA7, 0xFA, 0xFD, 0x36, 0xA4, 0xF8, 0xFD, 0x3D, 0xA8, 0xF8, 0xFD,
    0x3F, 0xA8, 0xFA, 0xFD, 0x3F, 0xA8, 0xFA, 0xFD, 0x42, 0xAB, 0xFD, 0xFD, 0x51, 0xB1, 0xFE, 0xFD,
    0x7C, 0xCD, 0xFF, 0xFD, 0x7C, 0xCD, 0xFF, 0xFD, 0x9A, 0xE3, 0xFF, 0xFD, 0x5F, 0xBB, 0xFD, 0xFD,
    0x45, 0xAC, 0xFC, 0xFD, 0x45, 0xAC, 0xFC, 0xFD, 0x45, 0xAC, 0xFC, 0xFD, 0x45, 0xAB, 0xFB, 0xFD,
    0x45, 0xAB, 0xFC, 0xFD, 0x45, 0xAA, 0xFC, 0xFD, 0x45, 0xAA, 0xFC, 0xFD, 0x49, 0xAA, 0xFC, 0xFD,
    0x59, 0xAE, 0xF4, 0xFD, 0x22, 0x47, 0x65, 0xFD, 0x22, 0x47, 0x65, 0xFD, 0x44, 0x54, 0x5E, 0xFD,
    0xE0, 0xE2, 0xE4, 0xFD, 0x73, 0x7B, 0x73, 0xFD, 0x73, 0x7B, 0x73, 0xFD, 0x07, 0x09, 0x0A, 0xFD,
    0x0F, 0x12, 0x15, 0xFD, 0x04, 0x09, 0x14, 0xFD, 0x01, 0x0E, 0x2B, 0xFD, 0x01, 0x0E, 0x2B, 0xFD,
    0x1B, 0x5E, 0xA7, 0xFD, 0x3A, 0xA8, 0xFC, 0xFD, 0x36, 0xA8, 0xFC, 0xFD, 0x36, 0xA8, 0xFC, 0xFD,
    0x38, 0xA8, 0xFC, 0xFD, 0x3A, 0xA9, 0xFC, 0xFD, 0x39, 0xA7, 0xFC, 0xFD, 0x39, 0xA7, 0xFC, 0xFD,
    0x37, 0xA7, 0xFD, 0xFD, 0x34, 0xA5, 0xFD, 0xFD, 0x33, 0xA5, 0xFD, 0xFD, 0x33, 0xA5, 0xFD, 0xFD,
    0x32, 0xA3, 0xFD, 0xFD, 0x2E, 0x9E, 0xFD, 0xFD, 0x23, 0x90, 0xF9, 0xFD, 0x18, 0x84, 0xF5, 0xFD,
    0x18, 0x84, 0xF5, 0xFD, 0x12, 0x80, 0xF4, 0xFD, 0x0D, 0x7E, 0xF5, 0xFD, 0x0F, 0x80, 0xF6, 0xFD,
    0x0F, 0x80, 0xF6, 0xFD, 0x18, 0x6C, 0xD6, 0xFA, 0x00, 0x0E, 0x3E, 0xFD, 0x27, 0x65, 0xA7, 0xC9,
    0x27, 0x65, 0xA7, 0xC9, 0x32, 0x88, 0xD3, 0x11, 0x2F, 0x80, 0xCD, 0x02, 0x34, 0x83, 0xD0, 0x01,
    0x34, 0x83, 0xD0, 0x01, 0x35, 0x82, 0xD0, 0x01, 0x00, 0x00, 0x00, 0x00, 0x00, 0x00, 0x00, 0x00,
    0x00, 0x00, 0x00, 0x00, 0x00, 0x00, 0x00, 0x00, 0x00, 0x00, 0x00, 0x00, 0x00, 0x00, 0x00, 0x00,
    0x00, 0x00, 0x00, 0x00, 0x00, 0x00, 0x00, 0x00, 0x00, 0x00, 0x00, 0x00, 0x00, 0x00, 0x00, 0x00,
    0x00, 0x00, 0x00, 0x00, 0x00, 0x00, 0x00, 0x00, 0x00, 0x00, 0x00, 0x00, 0x00, 0x00, 0x00, 0x00,
    0x00, 0x00, 0x00, 0x00, 0x00, 0x00, 0x00, 0x00, 0x00, 0x00, 0x00, 0x00, 0x00, 0x00, 0x00, 0x00,
    0x00, 0x00, 0x00, 0x00, 0x00, 0x00, 0x00, 0x00, 0x00, 0x00, 0x00, 0x00, 0x00, 0x00, 0x00, 0x00,
    0x00, 0x00, 0x00, 0x00, 0x00, 0x00, 0x00, 0x00, 0x00, 0x00, 0x00, 0x00, 0x00, 0x00, 0x00, 0x00,
    0x00, 0x00, 0x00, 0x00, 0x00, 0x00, 0x00, 0x00, 0x00, 0x00, 0x00, 0x00, 0x00, 0x00, 0x00, 0x00,
    0x00, 0x00, 0x00, 0x00, 0x00, 0x00, 0x00, 0x00, 0x00, 0x00, 0x00, 0x00, 0x00, 0x00, 0x00, 0x00,
    0x3A, 0x85, 0xCC, 0x03, 0x00, 0x00, 0x00, 0x00, 0x28, 0x65, 0xA5, 0x4B, 0x28, 0x65, 0xA5, 0x4B,
    0x00, 0x07, 0x23, 0xFA, 0x1E, 0x60, 0xB3, 0xFA, 0x1D, 0x8B, 0xF9, 0xFB, 0x0F, 0x78, 0xEE, 0xFD,
    0x0F, 0x78, 0xEE, 0xFD, 0x16, 0x81, 0xF4, 0xFD, 0x1C, 0x8D, 0xF9, 0xFD, 0x1F, 0x92, 0xFA, 0xFD,
    0x1F, 0x92, 0xFA, 0xFD, 0x26, 0x98, 0xFB, 0xFD, 0x29, 0x9C, 0xFA, 0xFD, 0x29, 0x97, 0xF8, 0xFC,
    0x29, 0x97, 0xF8, 0xFC, 0x30, 0x9F, 0xF7, 0xFC, 0x36, 0x8D, 0xE0, 0xFC, 0x0B, 0x1F, 0x4B, 0xFC,
    0x0B, 0x1F, 0x4B, 0xFC, 0x00, 0x00, 0x05, 0xFC, 0x47, 0x44, 0x43, 0xFC, 0xF1, 0xF4, 0xF2, 0xFC,
    0xF7, 0xF9, 0xFA, 0xFC, 0xF7, 0xF9, 0xFA, 0xFC, 0x54, 0x54, 0x4A, 0xFD, 0x00, 0x00, 0x00, 0xFC,
    0x02, 0x04, 0x01, 0xFD, 0x02, 0x04, 0x01, 0xFD, 0x00, 0x02, 0x06, 0xFC, 0x1C, 0x58, 0x91, 0xFD,
    0x3B, 0xA8, 0xF8, 0xFD, 0x3B, 0xA8, 0xF8, 0xFD, 0x36, 0xA7, 0xF8, 0xFD, 0x3C, 0xA7, 0xF6, 0xFD,
    0x40, 0xAA, 0xF9, 0xFD, 0x40, 0xAA, 0xF9, 0xFD, 0x49, 0xB0, 0xFC, 0xFD, 0x5E, 0xB5, 0xFE, 0xFD,
    0x93, 0xD4, 0xFF, 0xFD, 0x93, 0xD4, 0xFF, 0xFD, 0xAF, 0xE6, 0xFF, 0xFD, 0x70, 0xC3, 0xFD, 0xFD,
    0x45, 0xAB, 0xFA, 0xFD, 0x46, 0xAD, 0xFB, 0xFD, 0x46, 0xAD, 0xFB, 0xFD, 0x45, 0xA9, 0xFA, 0xFD,
    0x44, 0xAA, 0xFC, 0xFD, 0x41, 0xA8, 0xFC, 0xFD, 0x41, 0xA8, 0xFC, 0xFD, 0x4A, 0xA9, 0xFA, 0xFD,
    0x33, 0x65, 0x92, 0xFD, 0x08, 0x0B, 0x14, 0xFD, 0x08, 0x0B, 0x14, 0xFD, 0xCF, 0xCD, 0xC8, 0xFD,
    0xFF, 0xFF, 0xFF, 0xFD, 0xBA, 0xB8, 0xB3, 0xFD, 0xBA, 0xB8, 0xB3, 0xFD, 0x06, 0x06, 0x06, 0xFD,
    0x09, 0x0C, 0x0D, 0xFD, 0x09, 0x0C, 0x11, 0xFD, 0x02, 0x07, 0x10, 0xFD, 0x02, 0x07, 0x10, 0xFD,
    0x03, 0x10, 0x26, 0xFD, 0x29, 0x75, 0xC1, 0xFD, 0x38, 0xAB, 0xFD, 0xFD, 0x38, 0xAB, 0xFD, 0xFD,
    0x33, 0xA5, 0xFD, 0xFD, 0x39, 0xA8, 0xFB, 0xFD, 0x3A, 0xA6, 0xFA, 0xFD, 0x3A, 0xA6, 0xFA, 0xFD,
    0x38, 0xA7, 0xFB, 0xFD, 0x34, 0xA3, 0xFC, 0xFD, 0x32, 0xA3, 0xFD, 0xFD, 0x32, 0xA3, 0xFD, 0xFD,
    0x2F, 0x9E, 0xFD, 0xFD, 0x2A, 0x98, 0xFC, 0xFD, 0x22, 0x8D, 0xF9, 0xFD, 0x1E, 0x8A, 0xF9, 0xFD,
    0x1E, 0x8A, 0xF9, 0xFD, 0x15, 0x7F, 0xF3, 0xFD, 0x0E, 0x7A, 0xF4, 0xFD, 0x0D, 0x7A, 0xF4, 0xFD,
    0x0D, 0x7A, 0xF4, 0xFD, 0x18, 0x78, 0xE5, 0xFB, 0x08, 0x39, 0x8A, 0xFB, 0x17, 0x4B, 0x8F, 0xE4,
    0x17, 0x4B, 0x8F, 0xE4, 0x1F, 0x62, 0xA9, 0x65, 0x00, 0x00, 0x00, 0x00, 0x34, 0x82, 0xD1, 0x02,
    0x34, 0x82, 0xD1, 0x02, 0x35, 0x82, 0xD0, 0x01, 0x00, 0x00, 0x00, 0x00, 0x00, 0x00, 0x00, 0x00,
    0x00, 0x00, 0x00, 0x00, 0x00, 0x00, 0x00, 0x00, 0x00, 0x00, 0x00, 0x00, 0x00, 0x00, 0x00, 0x00,
    0x00, 0x00, 0x00, 0x00, 0x00, 0x00, 0x00, 0x00, 0x00, 0x00, 0x00, 0x00, 0x00, 0x00, 0x00, 0x00,
    0x00, 0x00, 0x00, 0x00, 0x00, 0x00, 0x00, 0x00, 0x00, 0x00, 0x00, 0x00, 0x00, 0x00, 0x00, 0x00,
    0x00, 0x00, 0x00, 0x00, 0x00, 0x00, 0x00, 0x00, 0x00, 0x00, 0x00, 0x00, 0x00, 0x00, 0x00, 0x00,
    0x00, 0x00, 0x00, 0x00, 0x00, 0x00, 0x00, 0x00, 0x00, 0x00, 0x00, 0x00, 0x00, 0x00, 0x00, 0x00,
    0x00, 0x00, 0x00, 0x00, 0x00, 0x00, 0x00, 0x00, 0x00, 0x00, 0x00, 0x00, 0x00, 0x00, 0x00, 0x00,
    0x00, 0x00, 0x00, 0x00, 0x00, 0x00, 0x00, 0x00, 0x00, 0x00, 0x00, 0x00, 0x00, 0x00, 0x00, 0x00,
    0x00, 0x00, 0x00, 0x00, 0x00, 0x00, 0x00, 0x00, 0x3B, 0x84, 0xCC, 0x01, 0x3B, 0x84, 0xCC, 0x01,
    0x36, 0x84, 0xCC, 0x05, 0x00, 0x00, 0x00, 0x00, 0x2B, 0x6D, 0xAB, 0x4F, 0x2B, 0x6D, 0xAB, 0x4F,
    0x00, 0x10, 0x3B, 0xFB, 0x16, 0x5D, 0xB6, 0xF9, 0x1B, 0x8C, 0xF9, 0xFB, 0x17, 0x88, 0xF7, 0xFD,
    0x17, 0x88, 0xF7, 0xFD, 0x1F, 0x92, 0xFB, 0xFD, 0x21, 0x94, 0xFC, 0xFD, 0x24, 0x98, 0xFC, 0xFC,
    0x24, 0x98, 0xFC, 0xFC, 0x24, 0x97, 0xFC, 0xFD, 0x26, 0x9D, 0xFC, 0xFC, 0x29, 0xA0, 0xFB, 0xFC,
    0x29, 0xA0, 0xFB, 0xFC, 0x38, 0xA7, 0xFA, 0xFC, 0x18, 0x4C, 0x94, 0xFC, 0x00, 0x01, 0x0E, 0xFC,
    0x00, 0x01, 0x0E, 0xFC, 0x05, 0x06, 0x06, 0xFC, 0x05, 0x07, 0x06, 0xFC, 0x3E, 0x3C, 0x34, 0xFD,
    0x40, 0x3F, 0x3C, 0xFC, 0x40, 0x3F, 0x3C, 0xFC, 0x00, 0x03, 0x03, 0xFD, 0x00, 0x01, 0x01, 0xFC,
    0x00, 0x05, 0x03, 0xFC, 0x00, 0x05, 0x03, 0xFC, 0x00, 0x02, 0x03, 0xFD, 0x05, 0x21, 0x38, 0xFD,
    0x33, 0x99, 0xE7, 0xFD, 0x33, 0x99, 0xE7, 0xFD, 0x34, 0xA9, 0xF8, 0xFD, 0x39, 0xA8, 0xF9, 0xFD,
    0x41, 0xAC, 0xFB, 0xFD, 0x41, 0xAC, 0xFB, 0xFD, 0x4D, 0xB3, 0xFD, 0xFD, 0x6E, 0xC2, 0xFE, 0xFD,
    0xAA, 0xE1, 0xFF, 0xFD, 0xAA, 0xE1, 0xFF, 0xFD, 0xC2, 0xEE, 0xFF, 0xFD, 0x85, 0xCE, 0xFE, 0xFD,
    0x49, 0xAD, 0xF9, 0xFD, 0x46, 0xAE, 0xF9, 0xFD, 0x46, 0xAE, 0xF9, 0xFD, 0x46, 0xAA, 0xF8, 0xFD,
    0x42, 0xA9, 0xFA, 0xFD, 0x3F, 0xAB, 0xFD, 0xFD, 0x3F, 0xAB, 0xFD, 0xFD, 0x43, 0x9E, 0xF0, 0xFD,
    0x11, 0x2A, 0x43, 0xFD, 0x07, 0x06, 0x08, 0xFD, 0x07, 0x06, 0x08, 0xFD, 0x57, 0x54, 0x50, 0xFD,
    0x75, 0x75, 0x6F, 0xFD, 0x1E, 0x1E, 0x1D, 0xFD, 0x1E, 0x1E, 0x1D, 0xFD, 0x06, 0x06, 0x05, 0xFD,
    0x09, 0x0C, 0x0A, 0xFD, 0x08, 0x0C, 0x0C, 0xFD, 0x06, 0x0A, 0x0C, 0xFD, 0x06, 0x0A, 0x0C, 0xFD,
    0x02, 0x08, 0x0C, 0xFD, 0x07, 0x22, 0x4C, 0xFD, 0x33, 0x95, 0xF4, 0xFD, 0x33, 0x95, 0xF4, 0xFD,
    0x35, 0xAA, 0xFD, 0xFD, 0x37, 0xA6, 0xF9, 0xFD, 0x3C, 0xA4, 0xF7, 0xFD, 0x3C, 0xA4, 0xF7, 0xFD,
    0x38, 0xA6, 0xF9, 0xFD, 0x34, 0xA3, 0xFC, 0xFD, 0x30, 0xA3, 0xFD, 0xFD, 0x30, 0xA3, 0xFD, 0xFD,
    0x29, 0x9A, 0xFC, 0xFD, 0x25, 0x95, 0xFC, 0xFD, 0x26, 0x90, 0xFB, 0xFD, 0x25, 0x94, 0xFB, 0xFD,
    0x25, 0x94, 0xFB, 0xFD, 0x1C, 0x88, 0xF7, 0xFD, 0x15, 0x83, 0xF9, 0xFD, 0x11, 0x81, 0xF6, 0xFD,
    0x11, 0x81, 0xF6, 0xFD, 0x16, 0x87, 0xF6, 0xFC, 0x25, 0x81, 0xE1, 0xF7, 0x07, 0x2E, 0x6A, 0xF1,
    0x07, 0x2E, 0x6A, 0xF1, 0x08, 0x2B, 0x68, 0x85, 0x00, 0x00, 0x00, 0x00, 0x33, 0x82, 0xD2, 0x03,
    0x33, 0x82, 0xD2, 0x03, 0x36, 0x84, 0xD1, 0x01, 0x00, 0x00, 0x00, 0x00, 0x00, 0x00, 0x00, 0x00,
    0x00, 0x00, 0x00, 0x00, 0x00, 0x00, 0x00, 0x00, 0x00, 0x00, 0x00, 0x00, 0x00, 0x00, 0x00, 0x00,
    0x00, 0x00, 0x00, 0x00, 0x00, 0x00, 0x00, 0x00, 0x00, 0x00, 0x00, 0x00, 0x00, 0x00, 0x00, 0x00,
    0x00, 0x00, 0x00, 0x00, 0x00, 0x00, 0x00, 0x00, 0x00, 0x00, 0x00, 0x00, 0x00, 0x00, 0x00, 0x00,
    0x00, 0x00, 0x00, 0x00, 0x00, 0x00, 0x00, 0x00, 0x00, 0x00, 0x00, 0x00, 0x00, 0x00, 0x00, 0x00,
    0x00, 0x00, 0x00, 0x00, 0x00, 0x00, 0x00, 0x00, 0x00, 0x00, 0x00, 0x00, 0x00, 0x00, 0x00, 0x00,
    0x00, 0x00, 0x00, 0x00, 0x00, 0x00, 0x00, 0x00, 0x00, 0x00, 0x00, 0x00, 0x00, 0x00, 0x00, 0x00,
    0x00, 0x00, 0x00, 0x00, 0x00, 0x00, 0x00, 0x00, 0x00, 0x00, 0x00, 0x00, 0x00, 0x00, 0x00, 0x00,
    0x00, 0x00, 0x00, 0x00, 0x00, 0x00, 0x00, 0x00, 0x3A, 0x84, 0xCB, 0x02, 0x3A, 0x84, 0xCB, 0x02,
    0x36, 0x85, 0xCE, 0x05, 0x33, 0x7C, 0xC0, 0x09, 0x0D, 0x34, 0x68, 0x8B, 0x0D, 0x34, 0x68, 0x8B,
    0x0B, 0x3B, 0x80, 0xFD, 0x1D, 0x7A, 0xE0, 0xFA, 0x17, 0x86, 0xF8, 0xFC, 0x18, 0x88, 0xF7, 0xFD,
    0x18, 0x88, 0xF7, 0xFD, 0x1F, 0x91, 0xFC, 0xFD, 0x26, 0x98, 0xFD, 0xFD, 0x27, 0x9A, 0xFD, 0xFC,
    0x27, 0x9A, 0xFD, 0xFC, 0x28, 0x99, 0xFC, 0xFD, 0x28, 0x9D, 0xFC, 0xFD, 0x2A, 0x9D, 0xFC, 0xFC,
    0x2A, 0x9D, 0xFC, 0xFC, 0x42, 0xA8, 0xFB, 0xFC, 0x0B, 0x23, 0x56, 0xFC, 0x00, 0x00, 0x00, 0xFC,
    0x00, 0x00, 0x00, 0xFC, 0x04, 0x06, 0x07, 0xFC, 0x00, 0x01, 0x01, 0xFC, 0x00, 0x00, 0x00, 0xFD,
    0x00, 0x00, 0x01, 0xFC, 0x00, 0x00, 0x01, 0xFC, 0x00, 0x00, 0x02, 0xFC, 0x00, 0x02, 0x04, 0xFD,
    0x00, 0x04, 0x05, 0xFC, 0x00, 0x04, 0x05, 0xFC, 0x00, 0x03, 0x05, 0xFD, 0x01, 0x12, 0x20, 0xFD,
    0x29, 0x8B, 0xD6, 0xFD, 0x29, 0x8B, 0xD6, 0xFD, 0x32, 0xA4, 0xF8, 0xFD, 0x38, 0xA6, 0xFA, 0xFD,
    0x44, 0xAE, 0xFC, 0xFD, 0x44, 0xAE, 0xFC, 0xFD, 0x57, 0xB5, 0xFD, 0xFD, 0x87, 0xCB, 0xFE, 0xFD,
    0xBD, 0xE2, 0xFE, 0xFD, 0xBD, 0xE2, 0xFE, 0xFD, 0xD5, 0xF2, 0xFE, 0xFD, 0xAD, 0xE3, 0xFE, 0xFD,
    0x54, 0xB4, 0xF8, 0xFD, 0x44, 0xAB, 0xF6, 0xFD, 0x44, 0xAB, 0xF6, 0xFD, 0x45, 0xA9, 0xF7, 0xFD,
    0x40, 0xA7, 0xF9, 0xFD, 0x3F, 0xA9, 0xFD, 0xFD, 0x3F, 0xA9, 0xFD, 0xFD, 0x39, 0x8A, 0xDE, 0xFD,
    0x05, 0x11, 0x21, 0xFD, 0x04, 0x04, 0x05, 0xFD, 0x04, 0x04, 0x05, 0xFD, 0x04, 0x04, 0x04, 0xFD,
    0x04, 0x04, 0x04, 0xFD, 0x03, 0x04, 0x03, 0xFD, 0x03, 0x04, 0x03, 0xFD, 0x04, 0x06, 0x05, 0xFD,
    0x03, 0x05, 0x05, 0xFD, 0x05, 0x08, 0x08, 0xFD, 0x05, 0x09, 0x0A, 0xFD, 0x05, 0x09, 0x0A, 0xFD,
    0x03, 0x08, 0x09, 0xFD, 0x00, 0x07, 0x17, 0xFD, 0x2C, 0x7E, 0xD6, 0xFD, 0x2C, 0x7E, 0xD6, 0xFD,
    0x3A, 0xAD, 0xFC, 0xFD, 0x33, 0xA0, 0xF7, 0xFD, 0x3C, 0xA3, 0xF5, 0xFD, 0x3C, 0xA3, 0xF5, 0xFD,
    0x39, 0xA3, 0xF7, 0xFD, 0x32, 0xA2, 0xFB, 0xFD, 0x2A, 0x9D, 0xFD, 0xFD, 0x2A, 0x9D, 0xFD, 0xFD,
    0x22, 0x95, 0xFB, 0xFD, 0x24, 0x93, 0xFB, 0xFD, 0x2A, 0x94, 0xFC, 0xFD, 0x29, 0x8F, 0xF9, 0xFD,
    0x29, 0x8F, 0xF9, 0xFD, 0x25, 0x90, 0xFA, 0xFD, 0x20, 0x8E, 0xFC, 0xFD, 0x15, 0x81, 0xF7, 0xFD,
    0x15, 0x81, 0xF7, 0xFD, 0x13, 0x83, 0xF7, 0xFC, 0x27, 0x87, 0xF4, 0xF8, 0x04, 0x22, 0x59, 0xF8,
    0x04, 0x22, 0x59, 0xF8, 0x09, 0x2B, 0x60, 0x85, 0x00, 0x00, 0x00, 0x00, 0x33, 0x81, 0xD2, 0x03,
    0x33, 0x81, 0xD2, 0x03, 0x36, 0x83, 0xD2, 0x01, 0x00, 0x00, 0x00, 0x00, 0x00, 0x00, 0x00, 0x00,
    0x00, 0x00, 0x00, 0x00, 0x00, 0x00, 0x00, 0x00, 0x00, 0x00, 0x00, 0x00, 0x00, 0x00, 0x00, 0x00,
    0x00, 0x00, 0x00, 0x00, 0x00, 0x00, 0x00, 0x00, 0x00, 0x00, 0x00, 0x00, 0x00, 0x00, 0x00, 0x00,
    0x00, 0x00, 0x00, 0x00, 0x00, 0x00, 0x00, 0x00, 0x00, 0x00, 0x00, 0x00, 0x00, 0x00, 0x00, 0x00,
    0x00, 0x00, 0x00, 0x00, 0x00, 0x00, 0x00, 0x00, 0x00, 0x00, 0x00, 0x00, 0x00, 0x00, 0x00, 0x00,
    0x00, 0x00, 0x00, 0x00, 0x00, 0x00, 0x00, 0x00, 0x00, 0x00, 0x00, 0x00, 0x00, 0x00, 0x00, 0x00,
    0x00, 0x00, 0x00, 0x00, 0x00, 0x00, 0x00, 0x00, 0x00, 0x00, 0x00, 0x00, 0x00, 0x00, 0x00, 0x00,
    0x00, 0x00, 0x00, 0x00, 0x00, 0x00, 0x00, 0x00, 0x00, 0x00, 0x00, 0x00, 0x00, 0x00, 0x00, 0x00,
    0x00, 0x00, 0x00, 0x00, 0x00, 0x00, 0x00, 0x00, 0x3A, 0x84, 0xCB, 0x02, 0x3A, 0x84, 0xCB, 0x02,
    0x36, 0x85, 0xCE, 0x05, 0x33, 0x7C, 0xC0, 0x09, 0x0D, 0x34, 0x68, 0x8B, 0x0D, 0x34, 0x68, 0x8B,
    0x0B, 0x3B, 0x80, 0xFD, 0x1D, 0x7A, 0xE0, 0xFA, 0x17, 0x86, 0xF8, 0xFC, 0x18, 0x88, 0xF7, 0xFD,
    0x18, 0x88, 0xF7, 0xFD, 0x1F, 0x91, 0xFC, 0xFD, 0x26, 0x98, 0xFD, 0xFD, 0x27, 0x9A, 0xFD, 0xFC,
    0x27, 0x9A, 0xFD, 0xFC, 0x28, 0x99, 0xFC, 0xFD, 0x28, 0x9D, 0xFC, 0xFD, 0x2A, 0x9D, 0xFC, 0xFC,
    0x2A, 0x9D, 0xFC, 0xFC, 0x42, 0xA8, 0xFB, 0xFC, 0x0B, 0x23, 0x56, 0xFC, 0x00, 0x00, 0x00, 0xFC,
    0x00, 0x00, 0x00, 0xFC, 0x04, 0x06, 0x07, 0xFC, 0x00, 0x01, 0x01, 0xFC, 0x00, 0x00, 0x00, 0xFD,
    0x00, 0x00, 0x01, 0xFC, 0x00, 0x00, 0x01, 0xFC, 0x00, 0x00, 0x02, 0xFC, 0x00, 0x02, 0x04, 0xFD,
    0x00, 0x04, 0x05, 0xFC, 0x00, 0x04, 0x05, 0xFC, 0x00, 0x03, 0x05, 0xFD, 0x01, 0x12, 0x20, 0xFD,
    0x29, 0x8B, 0xD6, 0xFD, 0x29, 0x8B, 0xD6, 0xFD, 0x32, 0xA4, 0xF8, 0xFD, 0x38, 0xA6, 0xFA, 0xFD,
    0x44, 0xAE, 0xFC, 0xFD, 0x44, 0xAE, 0xFC, 0xFD, 0x57, 0xB5, 0xFD, 0xFD, 0x87, 0xCB, 0xFE, 0xFD,
    0xBD, 0xE2, 0xFE, 0xFD, 0xBD, 0xE2, 0xFE, 0xFD, 0xD5, 0xF2, 0xFE, 0xFD, 0xAD, 0xE3, 0xFE, 0xFD,
    0x54, 0xB4, 0xF8, 0xFD, 0x44, 0xAB, 0xF6, 0xFD, 0x44, 0xAB, 0xF6, 0xFD, 0x45, 0xA9, 0xF7, 0xFD,
    0x40, 0xA7, 0xF9, 0xFD, 0x3F, 0xA9, 0xFD, 0xFD, 0x3F, 0xA9, 0xFD, 0xFD, 0x39, 0x8A, 0xDE, 0xFD,
    0x05, 0x11, 0x21, 0xFD, 0x04, 0x04, 0x05, 0xFD, 0x04, 0x04, 0x05, 0xFD, 0x04, 0x04, 0x04, 0xFD,
    0x04, 0x04, 0x04, 0xFD, 0x03, 0x04, 0x03, 0xFD, 0x03, 0x04, 0x03, 0xFD, 0x04, 0x06, 0x05, 0xFD,
    0x03, 0x05, 0x05, 0xFD, 0x05, 0x08, 0x08, 0xFD, 0x05, 0x09, 0x0A, 0xFD, 0x05, 0x09, 0x0A, 0xFD,
    0x03, 0x08, 0x09, 0xFD, 0x00, 0x07, 0x17, 0xFD, 0x2C, 0x7E, 0xD6, 0xFD, 0x2C, 0x7E, 0xD6, 0xFD,
    0x3A, 0xAD, 0xFC, 0xFD, 0x33, 0xA0, 0xF7, 0xFD, 0x3C, 0xA3, 0xF5, 0xFD, 0x3C, 0xA3, 0xF5, 0xFD,
    0x39, 0xA3, 0xF7, 0xFD, 0x32, 0xA2, 0xFB, 0xFD, 0x2A, 0x9D, 0xFD, 0xFD, 0x2A, 0x9D, 0xFD, 0xFD,
    0x22, 0x95, 0xFB, 0xFD, 0x24, 0x93, 0xFB, 0xFD, 0x2A, 0x94, 0xFC, 0xFD, 0x29, 0x8F, 0xF9, 0xFD,
    0x29, 0x8F, 0xF9, 0xFD, 0x25, 0x90, 0xFA, 0xFD, 0x20, 0x8E, 0xFC, 0xFD, 0x15, 0x81, 0xF7, 0xFD,
    0x15, 0x81, 0xF7, 0xFD, 0x13, 0x83, 0xF7, 0xFC, 0x27, 0x87, 0xF4, 0xF8, 0x04, 0x22, 0x59, 0xF8,
    0x04, 0x22, 0x59, 0xF8, 0x09, 0x2B, 0x60, 0x85, 0x00, 0x00, 0x00, 0x00, 0x33, 0x81, 0xD2, 0x03,
    0x33, 0x81, 0xD2, 0x03, 0x36, 0x83, 0xD2, 0x01, 0x00, 0x00, 0x00, 0x00, 0x00, 0x00, 0x00, 0x00,
    0x00, 0x00, 0x00, 0x00, 0x00, 0x00, 0x00, 0x00, 0x00, 0x00, 0x00, 0x00, 0x00, 0x00, 0x00, 0x00,
    0x00, 0x00, 0x00, 0x00, 0x00, 0x00, 0x00, 0x00, 0x00, 0x00, 0x00, 0x00, 0x00, 0x00, 0x00, 0x00,
    0x00, 0x00, 0x00, 0x00, 0x00, 0x00, 0x00, 0x00, 0x00, 0x00, 0x00, 0x00, 0x00, 0x00, 0x00, 0x00,
    0x00, 0x00, 0x00, 0x00, 0x00, 0x00, 0x00, 0x00, 0x00, 0x00, 0x00, 0x00, 0x00, 0x00, 0x00, 0x00,
    0x00, 0x00, 0x00, 0x00, 0x00, 0x00, 0x00, 0x00, 0x00, 0x00, 0x00, 0x00, 0x00, 0x00, 0x00, 0x00,
    0x00, 0x00, 0x00, 0x00, 0x00, 0x00, 0x00, 0x00, 0x00, 0x00, 0x00, 0x00, 0x00, 0x00, 0x00, 0x00,
    0x00, 0x00, 0x00, 0x00, 0x00, 0x00, 0x00, 0x00, 0x00, 0x00, 0x00, 0x00, 0x00, 0x00, 0x00, 0x00,
    0x00, 0x00, 0x00, 0x00, 0x00, 0x00, 0x00, 0x00, 0x38, 0x84, 0xCA, 0x03, 0x38, 0x84, 0xCA, 0x03,
    0x39, 0x89, 0xD1, 0x03, 0x1C, 0x50, 0x8A, 0x30, 0x01, 0x0D, 0x30, 0xD4, 0x01, 0x0D, 0x30, 0xD4,
    0x23, 0x75, 0xCD, 0xFB, 0x1C, 0x8F, 0xF9, 0xF9, 0x14, 0x86, 0xF9, 0xFC, 0x18, 0x89, 0xFA, 0xFD,
    0x18, 0x89, 0xFA, 0xFD, 0x1E, 0x91, 0xFC, 0xFD, 0x23, 0x94, 0xFC, 0xFD, 0x2A, 0x9E, 0xFD, 0xFC,
    0x2A, 0x9E, 0xFD, 0xFC, 0x2F, 0xA0, 0xFE, 0xFD, 0x2F, 0xA0, 0xFD, 0xFC, 0x32, 0xA1, 0xFD, 0xFC,
    0x32, 0xA1, 0xFD, 0xFC, 0x52, 0xBF, 0xFE, 0xFC, 0x15, 0x34, 0x57, 0xFC, 0x01, 0x01, 0x05, 0xFC,
    0x01, 0x01, 0x05, 0xFC, 0x08, 0x0A, 0x0B, 0xFC, 0x04, 0x07, 0x08, 0xFC, 0x05, 0x08, 0x09, 0xFD,
    0x05, 0x0A, 0x0B, 0xFC, 0x05, 0x0A, 0x0B, 0xFC, 0x02, 0x06, 0x08, 0xFC, 0x01, 0x04, 0x08, 0xFC,
    0x03, 0x0A, 0x0B, 0xFC, 0x03, 0x0A, 0x0B, 0xFC, 0x01, 0x07, 0x09, 0xFD, 0x02, 0x19, 0x23, 0xFD,
    0x25, 0x8A, 0xD7, 0xFC, 0x25, 0x8A, 0xD7, 0xFC, 0x31, 0xA8, 0xFA, 0xFD, 0x3C, 0xAC, 0xFC, 0xFD,
    0x48, 0xAF, 0xFC, 0xFD, 0x48, 0xAF, 0xFC, 0xFD, 0x69, 0xBF, 0xFD, 0xFD, 0xAD, 0xDE, 0xFE, 0xFD,
    0xD6, 0xEE, 0xFD, 0xFD, 0xD6, 0xEE, 0xFD, 0xFD, 0xE5, 0xF9, 0xFE, 0xFD, 0xD2, 0xF4, 0xFE, 0xFD,
    0x75, 0xC7, 0xFA, 0xFD, 0x49, 0xAE, 0xF6, 0xFD, 0x49, 0xAE, 0xF6, 0xFD, 0x45, 0xA9, 0xF6, 0xFD,
    0x3F, 0xA5, 0xF7, 0xFD, 0x3B, 0xA7, 0xFA, 0xFD, 0x3B, 0xA7, 0xFA, 0xFD, 0x38, 0x8A, 0xDB, 0xFD,
    0x05, 0x10, 0x1C, 0xFD, 0x07, 0x07, 0x08, 0xFD, 0x07, 0x07, 0x08, 0xFD, 0x07, 0x0A, 0x0A, 0xFD,
    0x06, 0x09, 0x09, 0xFD, 0x03, 0x05, 0x04, 0xFD, 0x03, 0x05, 0x04, 0xFD, 0x02, 0x03, 0x03, 0xFD,
    0x02, 0x04, 0x04, 0xFD, 0x05, 0x08, 0x09, 0xFD, 0x07, 0x0B, 0x0D, 0xFD, 0x07, 0x0B, 0x0D, 0xFD,
    0x05, 0x0C, 0x0B, 0xFD, 0x00, 0x09, 0x11, 0xFD, 0x30, 0x85, 0xD0, 0xFD, 0x30, 0x85, 0xD0, 0xFD,
    0x3C, 0xB0, 0xF9, 0xFD, 0x31, 0x9E, 0xF5, 0xFD, 0x39, 0xA2, 0xF5, 0xFD, 0x39, 0xA2, 0xF5, 0xFD,
    0x38, 0xA4, 0xF7, 0xFD, 0x31, 0xA5, 0xFA, 0xFD, 0x20, 0x94, 0xF9, 0xFD, 0x20, 0x94, 0xF9, 0xFD,
    0x12, 0x86, 0xF2, 0xFD, 0x1A, 0x8B, 0xF8, 0xFD, 0x28, 0x95, 0xFC, 0xFD, 0x26, 0x8E, 0xFA, 0xFD,
    0x26, 0x8E, 0xFA, 0xFD, 0x23, 0x8E, 0xFA, 0xFD, 0x1F, 0x8D, 0xFC, 0xFC, 0x18, 0x86, 0xFB, 0xFC,
    0x18, 0x86, 0xFB, 0xFC, 0x17, 0x89, 0xFC, 0xFC, 0x27, 0x89, 0xFA, 0xF6, 0x07, 0x29, 0x63, 0xF8,
    0x07, 0x29, 0x63, 0xF8, 0x0F, 0x36, 0x6A, 0x89, 0x00, 0x00, 0x00, 0x00, 0x34, 0x82, 0xD3, 0x04,
    0x34, 0x82, 0xD3, 0x04, 0x37, 0x84, 0xD2, 0x01, 0x00, 0x00, 0x00, 0x00, 0x00, 0x00, 0x00, 0x00,
    0x00, 0x00, 0x00, 0x00, 0x00, 0x00, 0x00, 0x00, 0x00, 0x00, 0x00, 0x00, 0x00, 0x00, 0x00, 0x00,
    0x00, 0x00, 0x00, 0x00, 0x00, 0x00, 0x00, 0x00, 0x00, 0x00, 0x00, 0x00, 0x00, 0x00, 0x00, 0x00,
    0x00, 0x00, 0x00, 0x00, 0x00, 0x00, 0x00, 0x00, 0x00, 0x00, 0x00, 0x00, 0x00, 0x00, 0x00, 0x00,
    0x00, 0x00, 0x00, 0x00, 0x00, 0x00, 0x00, 0x00, 0x00, 0x00, 0x00, 0x00, 0x00, 0x00, 0x00, 0x00,
    0x00, 0x00, 0x00, 0x00, 0x00, 0x00, 0x00, 0x00, 0x00, 0x00, 0x00, 0x00, 0x00, 0x00, 0x00, 0x00,
    0x00, 0x00, 0x00, 0x00, 0x00, 0x00, 0x00, 0x00, 0x00, 0x00, 0x00, 0x00, 0x00, 0x00, 0x00, 0x00,
    0x00, 0x00, 0x00, 0x00, 0x00, 0x00, 0x00, 0x00, 0x00, 0x00, 0x00, 0x00, 0x00, 0x00, 0x00, 0x00,
    0x00, 0x00, 0x00, 0x00, 0x3B, 0x84, 0xCB, 0x01, 0x37, 0x82, 0xC9, 0x03, 0x37, 0x82, 0xC9, 0x03,
    0x39, 0x89, 0xD2, 0x05, 0x19, 0x4C, 0x86, 0x24, 0x01, 0x0D, 0x33, 0xC3, 0x01, 0x0D, 0x33, 0xC3,
    0x1D, 0x71, 0xCC, 0xFD, 0x17, 0x89, 0xF8, 0xF9, 0x0D, 0x7B, 0xF4, 0xFD, 0x11, 0x80, 0xF5, 0xFD,
    0x11, 0x80, 0xF5, 0xFD, 0x14, 0x85, 0xF6, 0xFD, 0x16, 0x85, 0xF3, 0xFD, 0x1E, 0x90, 0xFA, 0xFC,
    0x1E, 0x90, 0xFA, 0xFC, 0x29, 0x99, 0xFD, 0xFD, 0x31, 0x9F, 0xFC, 0xFC, 0x34, 0x9F, 0xFC, 0xFC,
    0x34, 0x9F, 0xFC, 0xFC, 0x57, 0xBB, 0xFF, 0xFC, 0x1A, 0x3B, 0x66, 0xFC, 0x01, 0x02, 0x05, 0xFC,
    0x01, 0x02, 0x05, 0xFC, 0x05, 0x06, 0x0B, 0xFC, 0x04, 0x06, 0x08, 0xFC, 0x05, 0x06, 0x07, 0xFC,
    0x04, 0x07, 0x09, 0xFC, 0x04, 0x07, 0x09, 0xFC, 0x04, 0x06, 0x09, 0xFC, 0x03, 0x07, 0x0A, 0xFC,
    0x04, 0x09, 0x0B, 0xFD, 0x04, 0x09, 0x0B, 0xFD, 0x02, 0x08, 0x0A, 0xFC, 0x03, 0x15, 0x1E, 0xFD,
    0x27, 0x88, 0xD3, 0xFC, 0x27, 0x88, 0xD3, 0xFC, 0x33, 0xA7, 0xF8, 0xFD, 0x40, 0xAE, 0xFB, 0xFD,
    0x57, 0xB7, 0xFC, 0xFD, 0x57, 0xB7, 0xFC, 0xFD, 0x8E, 0xCF, 0xFD, 0xFD, 0xD2, 0xE9, 0xFD, 0xFD,
    0xE8, 0xF4, 0xFC, 0xFD, 0xE8, 0xF4, 0xFC, 0xFD, 0xE1, 0xED, 0xF7, 0xFD, 0xDF, 0xF2, 0xFC, 0xFD,
    0xA8, 0xDD, 0xFB, 0xFD, 0x57, 0xB7, 0xF7, 0xFD, 0x57, 0xB7, 0xF7, 0xFD, 0x4A, 0xAB, 0xF6, 0xFD,
    0x40, 0xA6, 0xF6, 0xFD, 0x3A, 0xA7, 0xF7, 0xFD, 0x3A, 0xA7, 0xF7, 0xFD, 0x3A, 0x89, 0xDE, 0xFD,
    0x02, 0x0A, 0x1A, 0xFD, 0x05, 0x05, 0x07, 0xFD, 0x05, 0x05, 0x07, 0xFD, 0x06, 0x08, 0x0A, 0xFD,
    0x03, 0x06, 0x07, 0xFD, 0x01, 0x02, 0x03, 0xFD, 0x01, 0x02, 0x03, 0xFD, 0x01, 0x01, 0x01, 0xFD,
    0x02, 0x02, 0x04, 0xFD, 0x00, 0x02, 0x05, 0xFD, 0x00, 0x01, 0x04, 0xFD, 0x00, 0x01, 0x04, 0xFD,
    0x01, 0x05, 0x06, 0xFD, 0x00, 0x06, 0x0E, 0xFD, 0x32, 0x80, 0xCB, 0xFD, 0x32, 0x80, 0xCB, 0xFD,
    0x3B, 0xAD, 0xF7, 0xFD, 0x31, 0x9F, 0xF5, 0xFD, 0x39, 0xA3, 0xF5, 0xFD, 0x39, 0xA3, 0xF5, 0xFD,
    0x34, 0xA0, 0xF7, 0xFD, 0x2C, 0xA0, 0xFA, 0xFD, 0x1C, 0x8F, 0xF9, 0xFD, 0x1C, 0x8F, 0xF9, 0xFD,
    0x10, 0x82, 0xF2, 0xFD, 0x15, 0x86, 0xF6, 0xFC, 0x1A, 0x87, 0xF8, 0xFD, 0x1D, 0x8C, 0xFA, 0xFD,
    0x1D, 0x8C, 0xFA, 0xFD, 0x1B, 0x86, 0xF7, 0xFC, 0x16, 0x7E, 0xF5, 0xFC, 0x15, 0x82, 0xF9, 0xFC,
    0x15, 0x82, 0xF9, 0xFC, 0x10, 0x7A, 0xF4, 0xFC, 0x24, 0x82, 0xF5, 0xF6, 0x04, 0x22, 0x5C, 0xFB,
    0x04, 0x22, 0x5C, 0xFB, 0x0A, 0x2E, 0x68, 0x8F, 0x00, 0x00, 0x00, 0x00, 0x34, 0x83, 0xD3, 0x04,
    0x34, 0x83, 0xD3, 0x04, 0x38, 0x86, 0xD3, 0x01, 0x3A, 0x85, 0xD2, 0x01, 0x00, 0x00, 0x00, 0x00,
    0x00, 0x00, 0x00, 0x00, 0x00, 0x00, 0x00, 0x00, 0x00, 0x00, 0x00, 0x00, 0x00, 0x00, 0x00, 0x00,
    0x00, 0x00, 0x00, 0x00, 0x00, 0x00, 0x00, 0x00, 0x00, 0x00, 0x00, 0x00, 0x00, 0x00, 0x00, 0x00,
    0x00, 0x00, 0x00, 0x00, 0x00, 0x00, 0x00, 0x00, 0x00, 0x00, 0x00, 0x00, 0x00, 0x00, 0x00, 0x00,
    0x00, 0x00, 0x00, 0x00, 0x00, 0x00, 0x00, 0x00, 0x00, 0x00, 0x00, 0x00, 0x00, 0x00, 0x00, 0x00,
    0x00, 0x00, 0x00, 0x00, 0x00, 0x00, 0x00, 0x00, 0x00, 0x00, 0x00, 0x00, 0x00, 0x00, 0x00, 0x00,
    0x00, 0x00, 0x00, 0x00, 0x00, 0x00, 0x00, 0x00, 0x00, 0x00, 0x00, 0x00, 0x00, 0x00, 0x00, 0x00,
    0x00, 0x00, 0x00, 0x00, 0x00, 0x00, 0x00, 0x00, 0x00, 0x00, 0x00, 0x00, 0x00, 0x00, 0x00, 0x00,
    0x00, 0x00, 0x00, 0x00, 0x3A, 0x83, 0xCB, 0x01, 0x39, 0x82, 0xCB, 0x02, 0x39, 0x82, 0xCB, 0x02,
    0x33, 0x84, 0xCD, 0x06, 0x34, 0x7E, 0xBE, 0x0D, 0x12, 0x40, 0x75, 0x88, 0x12, 0x40, 0x75, 0x88,
    0x0A, 0x43, 0x8C, 0xFD, 0x15, 0x7E, 0xED, 0xF7, 0x11, 0x82, 0xF7, 0xFC, 0x0F, 0x80, 0xF5, 0xFD,
    0x0F, 0x80, 0xF5, 0xFD, 0x10, 0x7D, 0xF3, 0xFD, 0x0F, 0x7C, 0xEF, 0xFC, 0x14, 0x83, 0xF2, 0xFC,
    0x14, 0x83, 0xF2, 0xFC, 0x1C, 0x88, 0xF4, 0xFC, 0x27, 0x93, 0xF9, 0xFC, 0x33, 0xA0, 0xFC, 0xFC,
    0x33, 0xA0, 0xFC, 0xFC, 0x5B, 0xC2, 0xFF, 0xFC, 0x33, 0x64, 0xA9, 0xFC, 0x01, 0x04, 0x0A, 0xFC,
    0x01, 0x04, 0x0A, 0xFC, 0x0C, 0x12, 0x18, 0xFC, 0x0C, 0x11, 0x11, 0xFC, 0x06, 0x07, 0x05, 0xFC,
    0x06, 0x09, 0x06, 0xFC, 0x06, 0x09, 0x06, 0xFC, 0x06, 0x09, 0x07, 0xFC, 0x05, 0x07, 0x07, 0xFC,
    0x03, 0x07, 0x07, 0xFD, 0x03, 0x07, 0x07, 0xFD, 0x02, 0x08, 0x09, 0xFD, 0x08, 0x22, 0x31, 0xFD,
    0x42, 0xA0, 0xE8, 0xFC, 0x42, 0xA0, 0xE8, 0xFC, 0x54, 0xB6, 0xF8, 0xFD, 0x6A, 0xBE, 0xF9, 0xFD,
    0x88, 0xC8, 0xF9, 0xFD, 0x88, 0xC8, 0xF9, 0xFD, 0xCC, 0xEC, 0xFD, 0xFD, 0xE9, 0xF2, 0xFD, 0xFD,
    0xEF, 0xF8, 0xFE, 0xFD, 0xEF, 0xF8, 0xFE, 0xFD, 0xE3, 0xEE, 0xF8, 0xFD, 0xE5, 0xF3, 0xF9, 0xFD,
    0xD1, 0xEB, 0xF9, 0xFD, 0x8D, 0xCF, 0xF7, 0xFD, 0x8D, 0xCF, 0xF7, 0xFD, 0x60, 0xB6, 0xF6, 0xFD,
    0x4D, 0xAD, 0xF6, 0xFD, 0x46, 0xAD, 0xF7, 0xFD, 0x46, 0xAD, 0xF7, 0xFD, 0x48, 0x99, 0xED, 0xFD,
    0x05, 0x14, 0x27, 0xFD, 0x06, 0x05, 0x05, 0xFD, 0x06, 0x05, 0x05, 0xFD, 0x06, 0x07, 0x07, 0xFD,
    0x01, 0x03, 0x04, 0xFD, 0x00, 0x00, 0x01, 0xFD, 0x00, 0x00, 0x01, 0xFD, 0x00, 0x00, 0x00, 0xFD,
    0x00, 0x00, 0x00, 0xFD, 0x0E, 0x12, 0x15, 0xFD, 0x2F, 0x34, 0x3C, 0xFD, 0x2F, 0x34, 0x3C, 0xFD,
    0x08, 0x0D, 0x11, 0xFD, 0x03, 0x0A, 0x16, 0xFD, 0x41, 0x86, 0xCA, 0xFD, 0x41, 0x86, 0xCA, 0xFD,
    0x3B, 0xAB, 0xF5, 0xFD, 0x33, 0xA3, 0xF6, 0xFD, 0x34, 0xA1, 0xF7, 0xFD, 0x34, 0xA1, 0xF7, 0xFD,
    0x31, 0xA1, 0xF9, 0xFD, 0x2E, 0xA2, 0xFB, 0xFD, 0x2C, 0x9F, 0xFD, 0xFD, 0x2C, 0x9F, 0xFD, 0xFD,
    0x28, 0x97, 0xFB, 0xFD, 0x23, 0x92, 0xFA, 0xFD, 0x1E, 0x8A, 0xF7, 0xFC, 0x1F, 0x90, 0xFA, 0xFC,
    0x1F, 0x90, 0xFA, 0xFC, 0x19, 0x87, 0xF7, 0xFC, 0x16, 0x7F, 0xF5, 0xFC, 0x0E, 0x7A, 0xF2, 0xFC,
    0x0E, 0x7A, 0xF2, 0xFC, 0x0D, 0x77, 0xF1, 0xFB, 0x26, 0x8D, 0xF8, 0xF6, 0x0A, 0x33, 0x70, 0xF6,
    0x0A, 0x33, 0x70, 0xF6, 0x11, 0x41, 0x7E, 0x85, 0x00, 0x00, 0x00, 0x00, 0x32, 0x85, 0xD4, 0x04,
    0x32, 0x85, 0xD4, 0x04, 0x38, 0x86, 0xD3, 0x01, 0x3B, 0x86, 0xD2, 0x01, 0x3C, 0x86, 0xD1, 0x01,
    0x3C, 0x86, 0xD1, 0x01, 0x3A, 0x84, 0xD1, 0x01, 0x00, 0x00, 0x00, 0x00, 0x00, 0x00, 0x00, 0x00,
    0x00, 0x00, 0x00, 0x00, 0x00, 0x00, 0x00, 0x00, 0x00, 0x00, 0x00, 0x00, 0x00, 0x00, 0x00, 0x00,
    0x00, 0x00, 0x00, 0x00, 0x00, 0x00, 0x00, 0x00, 0x00, 0x00, 0x00, 0x00, 0x00, 0x00, 0x00, 0x00,
    0x00, 0x00, 0x00, 0x00, 0x00, 0x00, 0x00, 0x00, 0x00, 0x00, 0x00, 0x00, 0x00, 0x00, 0x00, 0x00,
    0x00, 0x00, 0x00, 0x00, 0x00, 0x00, 0x00, 0x00, 0x00, 0x00, 0x00, 0x00, 0x00, 0x00, 0x00, 0x00,
    0x00, 0x00, 0x00, 0x00, 0x00, 0x00, 0x00, 0x00, 0x00, 0x00, 0x00, 0x00, 0x00, 0x00, 0x00, 0x00,
    0x00, 0x00, 0x00, 0x00, 0x00, 0x00, 0x00, 0x00, 0x00, 0x00, 0x00, 0x00, 0x00, 0x00, 0x00, 0x00,
    0x00, 0x00, 0x00, 0x00, 0x3A, 0x83, 0xCA, 0x01, 0x3A, 0x83, 0xCC, 0x01, 0x3A, 0x83, 0xCC, 0x01,
    0x33, 0x82, 0xCA, 0x07, 0x36, 0x89, 0xCE, 0x09, 0x21, 0x5B, 0x95, 0x80, 0x21, 0x5B, 0x95, 0x80,
    0x00, 0x14, 0x44, 0xFE, 0x12, 0x6B, 0xD7, 0xF8, 0x14, 0x86, 0xFA, 0xFB, 0x12, 0x82, 0xF6, 0xFD,
    0x12, 0x82, 0xF6, 0xFD, 0x1A, 0x8B, 0xFA, 0xFC, 0x1C, 0x89, 0xF9, 0xFC, 0x1E, 0x8A, 0xF7, 0xFC,
    0x1E, 0x8A, 0xF7, 0xFC, 0x21, 0x89, 0xF6, 0xFC, 0x29, 0x92, 0xF9, 0xFC, 0x31, 0x94, 0xF9, 0xFC,
    0x31, 0x94, 0xF9, 0xFC, 0x41, 0x9E, 0xFB, 0xFC, 0x6E, 0xBE, 0xFD, 0xFC, 0x28, 0x4C, 0x74, 0xFC,
    0x28, 0x4C, 0x74, 0xFC, 0x09, 0x17, 0x23, 0xFC, 0x4B, 0x5D, 0x5D, 0xFC, 0x29, 0x2E, 0x29, 0xFC,
    0x08, 0x0A, 0x07, 0xFD, 0x08, 0x0A, 0x07, 0xFD, 0x05, 0x07, 0x05, 0xFC, 0x19, 0x25, 0x20, 0xFD,
    0x3C, 0x54, 0x4F, 0xFC, 0x3C, 0x54, 0x4F, 0xFC, 0x06, 0x12, 0x11, 0xFD, 0x33, 0x55, 0x6F, 0xFD,
    0xA5, 0xDD, 0xFD, 0xFC, 0xA5, 0xDD, 0xFD, 0xFC, 0xB1, 0xDB, 0xF9, 0xFD, 0xC2, 0xE0, 0xF9, 0xFD,
    0xCA, 0xE1, 0xF9, 0xFD, 0xCA, 0xE1, 0xF9, 0xFD, 0xED, 0xFD, 0xFD, 0xFD, 0xEF, 0xFA, 0xFF, 0xFD,
    0xD4, 0xEB, 0xFD, 0xFD, 0xD4, 0xEB, 0xFD, 0xFD, 0xC8, 0xE0, 0xF6, 0xFD, 0xF0, 0xFA, 0xFD, 0xFD,
    0xEF, 0xF8, 0xFB, 0xFD, 0xDC, 0xEF, 0xF9, 0xFD, 0xDC, 0xEF, 0xF9, 0xFD, 0xAB, 0xD5, 0xF6, 0xFD,
    0x84, 0xC8, 0xF8, 0xFD, 0x6F, 0xC1, 0xF8, 0xFD, 0x6F, 0xC1, 0xF8, 0xFD, 0x6E, 0xBA, 0xF7, 0xFD,
    0x17, 0x30, 0x4D, 0xFD, 0x01, 0x01, 0x02, 0xFD, 0x01, 0x01, 0x02, 0xFD, 0x07, 0x06, 0x05, 0xFD,
    0x03, 0x03, 0x02, 0xFD, 0x00, 0x00, 0x00, 0xFD, 0x00, 0x00, 0x00, 0xFD, 0x05, 0x05, 0x04, 0xFD,
    0x02, 0x03, 0x02, 0xFD, 0x7D, 0x7E, 0x7D, 0xFD, 0xA6, 0xB2, 0xC0, 0xFD, 0xA6, 0xB2, 0xC0, 0xFD,
    0x04, 0x0C, 0x11, 0xFD, 0x43, 0x57, 0x6F, 0xFD, 0x83, 0xB7, 0xE4, 0xFD, 0x83, 0xB7, 0xE4, 0xFD,
    0x3C, 0x9F, 0xF2, 0xFD, 0x30, 0x9D, 0xF7, 0xFD, 0x30, 0x9F, 0xF9, 0xFD, 0x30, 0x9F, 0xF9, 0xFD,
    0x33, 0xA6, 0xFB, 0xFD, 0x31, 0x9C, 0xFB, 0xFD, 0x37, 0xA4, 0xFD, 0xFD, 0x37, 0xA4, 0xFD, 0xFD,
    0x39, 0xA7, 0xFD, 0xFD, 0x35, 0xA3, 0xFD, 0xFD, 0x29, 0x94, 0xFB, 0xFC, 0x22, 0x8F, 0xF9, 0xFC,
    0x22, 0x8F, 0xF9, 0xFC, 0x1E, 0x8A, 0xF8, 0xFC, 0x1C, 0x89, 0xFA, 0xFC, 0x11, 0x78, 0xF1, 0xFC,
    0x11, 0x78, 0xF1, 0xFC, 0x0D, 0x73, 0xE7, 0xFA, 0x27, 0x80, 0xE3, 0xFC, 0x07, 0x2F, 0x6C, 0xE5,
    0x07, 0x2F, 0x6C, 0xE5, 0x16, 0x4D, 0x96, 0x6B, 0x00, 0x00, 0x00, 0x00, 0x34, 0x86, 0xD5, 0x03,
    0x34, 0x86, 0xD5, 0x03, 0x38, 0x88, 0xD4, 0x01, 0x3A, 0x88, 0xD2, 0x01, 0x3C, 0x86, 0xD2, 0x01,
    0x3C, 0x86, 0xD2, 0x01, 0x3A, 0x85, 0xD1, 0x01, 0x00, 0x00, 0x00, 0x00, 0x00, 0x00, 0x00, 0x00,
    0x00, 0x00, 0x00, 0x00, 0x00, 0x00, 0x00, 0x00, 0x00, 0x00, 0x00, 0x00, 0x00, 0x00, 0x00, 0x00,
    0x00, 0x00, 0x00, 0x00, 0x00, 0x00, 0x00, 0x00, 0x00, 0x00, 0x00, 0x00, 0x00, 0x00, 0x00, 0x00,
    0x00, 0x00, 0x00, 0x00, 0x00, 0x00, 0x00, 0x00, 0x00, 0x00, 0x00, 0x00, 0x00, 0x00, 0x00, 0x00,
    0x00, 0x00, 0x00, 0x00, 0x00, 0x00, 0x00, 0x00, 0x00, 0x00, 0x00, 0x00, 0x00, 0x00, 0x00, 0x00,
    0x00, 0x00, 0x00, 0x00, 0x00, 0x00, 0x00, 0x00, 0x00, 0x00, 0x00, 0x00, 0x00, 0x00, 0x00, 0x00,
    0x00, 0x00, 0x00, 0x00, 0x00, 0x00, 0x00, 0x00, 0x00, 0x00, 0x00, 0x00, 0x00, 0x00, 0x00, 0x00,
    0x00, 0x00, 0x00, 0x00, 0x3A, 0x83, 0xCA, 0x01, 0x3A, 0x83, 0xCC, 0x01, 0x3A, 0x83, 0xCC, 0x01,
    0x33, 0x82, 0xCA, 0x07, 0x36, 0x89, 0xCE, 0x09, 0x21, 0x5B, 0x95, 0x80, 0x21, 0x5B, 0x95, 0x80,
    0x00, 0x14, 0x44, 0xFE, 0x12, 0x6B, 0xD7, 0xF8, 0x14, 0x86, 0xFA, 0xFB, 0x12, 0x82, 0xF6, 0xFD,
    0x12, 0x82, 0xF6, 0xFD, 0x1A, 0x8B, 0xFA, 0xFC, 0x1C, 0x89, 0xF9, 0xFC, 0x1E, 0x8A, 0xF7, 0xFC,
    0x1E, 0x8A, 0xF7, 0xFC, 0x21, 0x89, 0xF6, 0xFC, 0x29, 0x92, 0xF9, 0xFC, 0x31, 0x94, 0xF9, 0xFC,
    0x31, 0x94, 0xF9, 0xFC, 0x41, 0x9E, 0xFB, 0xFC, 0x6E, 0xBE, 0xFD, 0xFC, 0x28, 0x4C, 0x74, 0xFC,
    0x28, 0x4C, 0x74, 0xFC, 0x09, 0x17, 0x23, 0xFC, 0x4B, 0x5D, 0x5D, 0xFC, 0x29, 0x2E, 0x29, 0xFC,
    0x08, 0x0A, 0x07, 0xFD, 0x08, 0x0A, 0x07, 0xFD, 0x05, 0x07, 0x05, 0xFC, 0x19, 0x25, 0x20, 0xFD,
    0x3C, 0x54, 0x4F, 0xFC, 0x3C, 0x54, 0x4F, 0xFC, 0x06, 0x12, 0x11, 0xFD, 0x33, 0x55, 0x6F, 0xFD,
    0xA5, 0xDD, 0xFD, 0xFC, 0xA5, 0xDD, 0xFD, 0xFC, 0xB1, 0xDB, 0xF9, 0xFD, 0xC2, 0xE0, 0xF9, 0xFD,
    0xCA, 0xE1, 0xF9, 0xFD, 0xCA, 0xE1, 0xF9, 0xFD, 0xED, 0xFD, 0xFD, 0xFD, 0xEF, 0xFA, 0xFF, 0xFD,
    0xD4, 0xEB, 0xFD, 0xFD, 0xD4, 0xEB, 0xFD, 0xFD, 0xC8, 0xE0, 0xF6, 0xFD, 0xF0, 0xFA, 0xFD, 0xFD,
    0xEF, 0xF8, 0xFB, 0xFD, 0xDC, 0xEF, 0xF9, 0xFD, 0xDC, 0xEF, 0xF9, 0xFD, 0xAB, 0xD5, 0xF6, 0xFD,
    0x84, 0xC8, 0xF8, 0xFD, 0x6F, 0xC1, 0xF8, 0xFD, 0x6F, 0xC1, 0xF8, 0xFD, 0x6E, 0xBA, 0xF7, 0xFD,
    0x17, 0x30, 0x4D, 0xFD, 0x01, 0x01, 0x02, 0xFD, 0x01, 0x01, 0x02, 0xFD, 0x07, 0x06, 0x05, 0xFD,
    0x03, 0x03, 0x02, 0xFD, 0x00, 0x00, 0x00, 0xFD, 0x00, 0x00, 0x00, 0xFD, 0x05, 0x05, 0x04, 0xFD,
    0x02, 0x03, 0x02, 0xFD, 0x7D, 0x7E, 0x7D, 0xFD, 0xA6, 0xB2, 0xC0, 0xFD, 0xA6, 0xB2, 0xC0, 0xFD,
    0x04, 0x0C, 0x11, 0xFD, 0x43, 0x57, 0x6F, 0xFD, 0x83, 0xB7, 0xE4, 0xFD, 0x83, 0xB7, 0xE4, 0xFD,
    0x3C, 0x9F, 0xF2, 0xFD, 0x30, 0x9D, 0xF7, 0xFD, 0x30, 0x9F, 0xF9, 0xFD, 0x30, 0x9F, 0xF9, 0xFD,
    0x33, 0xA6, 0xFB, 0xFD, 0x31, 0x9C, 0xFB, 0xFD, 0x37, 0xA4, 0xFD, 0xFD, 0x37, 0xA4, 0xFD, 0xFD,
    0x39, 0xA7, 0xFD, 0xFD, 0x35, 0xA3, 0xFD, 0xFD, 0x29, 0x94, 0xFB, 0xFC, 0x22, 0x8F, 0xF9, 0xFC,
    0x22, 0x8F, 0xF9, 0xFC, 0x1E, 0x8A, 0xF8, 0xFC, 0x1C, 0x89, 0xFA, 0xFC, 0x11, 0x78, 0xF1, 0xFC,
    0x11, 0x78, 0xF1, 0xFC, 0x0D, 0x73, 0xE7, 0xFA, 0x27, 0x80, 0xE3, 0xFC, 0x07, 0x2F, 0x6C, 0xE5,
    0x07, 0x2F, 0x6C, 0xE5, 0x16, 0x4D, 0x96, 0x6B, 0x00, 0x00, 0x00, 0x00, 0x34, 0x86, 0xD5, 0x03,
    0x34, 0x86, 0xD5, 0x03, 0x38, 0x88, 0xD4, 0x01, 0x3A, 0x88, 0xD2, 0x01, 0x3C, 0x86, 0xD2, 0x01,
    0x3C, 0x86, 0xD2, 0x01, 0x3A, 0x85, 0xD1, 0x01, 0x00, 0x00, 0x00, 0x00, 0x00, 0x00, 0x00, 0x00,
    0x00, 0x00, 0x00, 0x00, 0x00, 0x00, 0x00, 0x00, 0x00, 0x00, 0x00, 0x00, 0x00, 0x00, 0x00, 0x00,
    0x00, 0x00, 0x00, 0x00, 0x00, 0x00, 0x00, 0x00, 0x00, 0x00, 0x00, 0x00, 0x00, 0x00, 0x00, 0x00,
    0x00, 0x00, 0x00, 0x00, 0x00, 0x00, 0x00, 0x00, 0x00, 0x00, 0x00, 0x00, 0x00, 0x00, 0x00, 0x00,
    0x00, 0x00, 0x00, 0x00, 0x00, 0x00, 0x00, 0x00, 0x00, 0x00, 0x00, 0x00, 0x00, 0x00, 0x00, 0x00,
    0x00, 0x00, 0x00, 0x00, 0x00, 0x00, 0x00, 0x00, 0x00, 0x00, 0x00, 0x00, 0x00, 0x00, 0x00, 0x00,
    0x00, 0x00, 0x00, 0x00, 0x00, 0x00, 0x00, 0x00, 0x00, 0x00, 0x00, 0x00, 0x00, 0x00, 0x00, 0x00,
    0x00, 0x00, 0x00, 0x00, 0x3A, 0x83, 0xCA, 0x01, 0x3A, 0x82, 0xCB, 0x01, 0x3A, 0x82, 0xCB, 0x01,
    0x35, 0x82, 0xC9, 0x04, 0x3A, 0x8C, 0xD3, 0x01, 0x23, 0x5D, 0x95, 0x57, 0x23, 0x5D, 0x95, 0x57,
    0x03, 0x20, 0x4B, 0xF1, 0x1F, 0x81, 0xE1, 0xF5, 0x18, 0x8E, 0xFD, 0xFA, 0x12, 0x82, 0xF8, 0xFC,
    0x12, 0x82, 0xF8, 0xFC, 0x1E, 0x90, 0xFC, 0xFC, 0x21, 0x90, 0xFC, 0xFC, 0x25, 0x94, 0xFC, 0xFC,
    0x25, 0x94, 0xFC, 0xFC, 0x2E, 0x9A, 0xFB, 0xFC, 0x35, 0xA1, 0xFB, 0xFC, 0x3C, 0xA1, 0xFA, 0xFC,
    0x3C, 0xA1, 0xFA, 0xFC, 0x48, 0xA8, 0xFB, 0xFC, 0x66, 0xBF, 0xFF, 0xFC, 0x82, 0xBE, 0xF9, 0xFC,
    0x82, 0xBE, 0xF9, 0xFC, 0x15, 0x32, 0x51, 0xFC, 0x0C, 0x19, 0x23, 0xFC, 0x29, 0x29, 0x2F, 0xFC,
    0x16, 0x1F, 0x20, 0xFC, 0x16, 0x1F, 0x20, 0xFC, 0x05, 0x08, 0x0A, 0xFC, 0x35, 0x44, 0x46, 0xFC,
    0x71, 0x98, 0x9F, 0xFD, 0x71, 0x98, 0x9F, 0xFD, 0x0A, 0x20, 0x2B, 0xFC, 0x92, 0xAA, 0xC4, 0xFD,
    0xFB, 0xFF, 0xFF, 0xFC, 0xFB, 0xFF, 0xFF, 0xFC, 0xF8, 0xFC, 0xFB, 0xFD, 0xFF, 0xFF, 0xFA, 0xFD,
    0xEC, 0xF4, 0xFB, 0xFD, 0xEC, 0xF4, 0xFB, 0xFD, 0x88, 0x9D, 0xD7, 0xFD, 0x5A, 0x73, 0xB8, 0xFD,
    0x3C, 0x5C, 0xA1, 0xFD, 0x3C, 0x5C, 0xA1, 0xFD, 0x2F, 0x47, 0x8B, 0xFD, 0x60, 0x76, 0xAC, 0xFD,
    0xB2, 0xC1, 0xDB, 0xFD, 0xF4, 0xF9, 0xFC, 0xFD, 0xF4, 0xF9, 0xFC, 0xFD, 0xE4, 0xED, 0xF9, 0xFD,
    0xD8, 0xF0, 0xFB, 0xFD, 0xB7, 0xE2, 0xFB, 0xFD, 0xB7, 0xE2, 0xFB, 0xFD, 0xAF, 0xE7, 0xFB, 0xFD,
    0x57, 0x80, 0xAD, 0xFD, 0x00, 0x02, 0x0A, 0xFD, 0x00, 0x02, 0x0A, 0xFD, 0x09, 0x0C, 0x0B, 0xFD,
    0x12, 0x18, 0x14, 0xFD, 0x12, 0x15, 0x13, 0xFD, 0x12, 0x15, 0x13, 0xFD, 0x1D, 0x23, 0x1E, 0xFD,
    0x18, 0x19, 0x19, 0xFD, 0x51, 0x53, 0x58, 0xFD, 0x2C, 0x37, 0x44, 0xFD, 0x2C, 0x37, 0x44, 0xFD,
    0x25, 0x3C, 0x50, 0xFD, 0xC2, 0xD7, 0xEA, 0xFD, 0xB3, 0xE4, 0xFA, 0xFD, 0xB3, 0xE4, 0xFA, 0xFD,
    0x50, 0xAC, 0xF6, 0xFD, 0x31, 0x9F, 0xFB, 0xFD, 0x36, 0xAB, 0xFD, 0xFD, 0x36, 0xAB, 0xFD, 0xFD,
    0x37, 0xAB, 0xFD, 0xFD, 0x36, 0xA3, 0xFD, 0xFD, 0x38, 0xA7, 0xFD, 0xFD, 0x38, 0xA7, 0xFD, 0xFD,
    0x37, 0xA4, 0xFD, 0xFD, 0x36, 0xA2, 0xFE, 0xFC, 0x2C, 0x97, 0xFD, 0xFC, 0x24, 0x90, 0xFB, 0xFC,
    0x24, 0x90, 0xFB, 0xFC, 0x22, 0x8F, 0xFB, 0xFC, 0x21, 0x91, 0xFC, 0xFC, 0x15, 0x83, 0xF8, 0xFB,
    0x15, 0x83, 0xF8, 0xFB, 0x17, 0x77, 0xE7, 0xF9, 0x0E, 0x3F, 0x91, 0xFC, 0x0E, 0x3E, 0x80, 0xC7,
    0x0E, 0x3E, 0x80, 0xC7, 0x35, 0x85, 0xD3, 0x36, 0x2E, 0x82, 0xD9, 0x05, 0x30, 0x83, 0xD3, 0x06,
    0x30, 0x83, 0xD3, 0x06, 0x35, 0x88, 0xD4, 0x04, 0x39, 0x87, 0xD3, 0x03, 0x3C, 0x87, 0xD3, 0x02,
    0x3C, 0x87, 0xD3, 0x02, 0x39, 0x85, 0xD2, 0x01, 0x00, 0x00, 0x00, 0x00, 0x39, 0x84, 0xD0, 0x01,
    0x00, 0x00, 0x00, 0x00, 0x00, 0x00, 0x00, 0x00, 0x00, 0x00, 0x00, 0x00, 0x00, 0x00, 0x00, 0x00,
    0x00, 0x00, 0x00, 0x00, 0x00, 0x00, 0x00, 0x00, 0x00, 0x00, 0x00, 0x00, 0x00, 0x00, 0x00, 0x00,
    0x00, 0x00, 0x00, 0x00, 0x00, 0x00, 0x00, 0x00, 0x00, 0x00, 0x00, 0x00, 0x00, 0x00, 0x00, 0x00,
    0x00, 0x00, 0x00, 0x00, 0x00, 0x00, 0x00, 0x00, 0x00, 0x00, 0x00, 0x00, 0x00, 0x00, 0x00, 0x00,
    0x00, 0x00, 0x00, 0x00, 0x00, 0x00, 0x00, 0x00, 0x00, 0x00, 0x00, 0x00, 0x00, 0x00, 0x00, 0x00,
    0x00, 0x00, 0x00, 0x00, 0x00, 0x00, 0x00, 0x00, 0x00, 0x00, 0x00, 0x00, 0x00, 0x00, 0x00, 0x00,
    0x00, 0x00, 0x00, 0x00, 0x00, 0x00, 0x00, 0x00, 0x39, 0x82, 0xCB, 0x01, 0x39, 0x82, 0xCB, 0x01,
    0x35, 0x81, 0xCA, 0x05, 0x3C, 0x8A, 0xD2, 0x01, 0x21, 0x55, 0x91, 0x4A, 0x21, 0x55, 0x91, 0x4A,
    0x03, 0x19, 0x47, 0xED, 0x15, 0x68, 0xC4, 0xF9, 0x12, 0x7F, 0xF6, 0xFA, 0x17, 0x85, 0xF8, 0xFC,
    0x17, 0x85, 0xF8, 0xFC, 0x19, 0x81, 0xF5, 0xFC, 0x1E, 0x86, 0xF7, 0xFC, 0x22, 0x8E, 0xF9, 0xFC,
    0x22, 0x8E, 0xF9, 0xFC, 0x2C, 0x95, 0xFA, 0xFC, 0x37, 0x9F, 0xFB, 0xFC, 0x41, 0xA6, 0xFC, 0xFC,
    0x41, 0xA6, 0xFC, 0xFC, 0x4A, 0xB0, 0xFD, 0xFC, 0x54, 0xAE, 0xFD, 0xFC, 0x7B, 0xC2, 0xFF, 0xFC,
    0x7B, 0xC2, 0xFF, 0xFC, 0x72, 0xAD, 0xED, 0xFC, 0x1C, 0x31, 0x57, 0xFC, 0x08, 0x0E, 0x1F, 0xFC,
    0x0B, 0x17, 0x23, 0xFC, 0x0B, 0x17, 0x23, 0xFC, 0x04, 0x07, 0x0C, 0xFC, 0x06, 0x0F, 0x19, 0xFC,
    0x13, 0x27, 0x36, 0xFD, 0x13, 0x27, 0x36, 0xFD, 0x5A, 0x72, 0x84, 0xFD, 0xEC, 0xF7, 0xFD, 0xFC,
    0xFF, 0xFF, 0xFF, 0xFD, 0xFF, 0xFF, 0xFF, 0xFD, 0xFC, 0xFA, 0xF9, 0xFD, 0xFF, 0xFF, 0xFB, 0xFD,
    0xF6, 0xF8, 0xFB, 0xFD, 0xF6, 0xF8, 0xFB, 0xFD, 0x63, 0x6A, 0xAF, 0xFD, 0x24, 0x2F, 0x81, 0xFD,
    0x33, 0x49, 0x9F, 0xFD, 0x33, 0x49, 0x9F, 0xFD, 0x15, 0x20, 0x6D, 0xFD, 0x0B, 0x0F, 0x54, 0xFD,
    0x94, 0x9F, 0xC6, 0xFD, 0xF8, 0xFB, 0xFD, 0xFD, 0xF8, 0xFB, 0xFD, 0xFD, 0xF0, 0xF5, 0xFB, 0xFD,
    0xF2, 0xF9, 0xFD, 0xFD, 0xE3, 0xF2, 0xFC, 0xFD, 0xE3, 0xF2, 0xFC, 0xFD, 0xD0, 0xED, 0xFB, 0xFD,
    0xB8, 0xDE, 0xF7, 0xFD, 0x53, 0x6C, 0x8D, 0xFD, 0x53, 0x6C, 0x8D, 0xFD, 0x11, 0x23, 0x32, 0xFD,
    0x0C, 0x17, 0x26, 0xFD, 0x01, 0x06, 0x18, 0xFD, 0x01, 0x06, 0x18, 0xFD, 0x09, 0x15, 0x22, 0xFD,
    0x08, 0x12, 0x1F, 0xFD, 0x0C, 0x19, 0x2F, 0xFD, 0x33, 0x4E, 0x74, 0xFD, 0x33, 0x4E, 0x74, 0xFD,
    0x91, 0xB7, 0xE0, 0xFD, 0xB5, 0xD8, 0xF7, 0xFD, 0x88, 0xCF, 0xFC, 0xFD, 0x88, 0xCF, 0xFC, 0xFD,
    0x4F, 0xB4, 0xFC, 0xFD, 0x38, 0xAA, 0xFE, 0xFD, 0x30, 0xA4, 0xFE, 0xFD, 0x30, 0xA4, 0xFE, 0xFD,
    0x31, 0xA3, 0xFE, 0xFD, 0x35, 0xA8, 0xFE, 0xFD, 0x30, 0xA2, 0xFD, 0xFD, 0x30, 0xA2, 0xFD, 0xFD,
    0x2B, 0x97, 0xFA, 0xFD, 0x27, 0x92, 0xFA, 0xFC, 0x23, 0x8A, 0xF8, 0xFC, 0x23, 0x8E, 0xFA, 0xFC,
    0x23, 0x8E, 0xFA, 0xFC, 0x1F, 0x89, 0xF7, 0xFC, 0x1B, 0x85, 0xF5, 0xFB, 0x19, 0x89, 0xFB, 0xFB,
    0x19, 0x89, 0xFB, 0xFB, 0x1C, 0x74, 0xDF, 0xF9, 0x02, 0x11, 0x55, 0xFC, 0x1D, 0x5A, 0xA8, 0xD3,
    0x1D, 0x5A, 0xA8, 0xD3, 0x37, 0x98, 0xEC, 0x16, 0x2E, 0x88, 0xDC, 0x02, 0x39, 0x8E, 0xDE, 0x02,
    0x39, 0x8E, 0xDE, 0x02, 0x00, 0x00, 0x00, 0x00, 0x3C, 0x88, 0xD6, 0x01, 0x3C, 0x87, 0xD5, 0x03,
    0x3C, 0x87, 0xD5, 0x03, 0x38, 0x87, 0xD3, 0x03, 0x39, 0x86, 0xD2, 0x02, 0x38, 0x84, 0xD0, 0x01,
    0x39, 0x85, 0xD0, 0x01, 0x39, 0x85, 0xD0, 0x01, 0x39, 0x83, 0xCF, 0x01, 0x00, 0x00, 0x00, 0x00,
    0x00, 0x00, 0x00, 0x00, 0x00, 0x00, 0x00, 0x00, 0x00, 0x00, 0x00, 0x00, 0x00, 0x00, 0x00, 0x00,
    0x00, 0x00, 0x00, 0x00, 0x00, 0x00, 0x00, 0x00, 0x00, 0x00, 0x00, 0x00, 0x00, 0x00, 0x00, 0x00,
    0x00, 0x00, 0x00, 0x00, 0x00, 0x00, 0x00, 0x00, 0x00, 0x00, 0x00, 0x00, 0x00, 0x00, 0x00, 0x00,
    0x00, 0x00, 0x00, 0x00, 0x00, 0x00, 0x00, 0x00, 0x00, 0x00, 0x00, 0x00, 0x00, 0x00, 0x00, 0x00,
    0x00, 0x00, 0x00, 0x00, 0x00, 0x00, 0x00, 0x00, 0x00, 0x00, 0x00, 0x00, 0x00, 0x00, 0x00, 0x00,
    0x00, 0x00, 0x00, 0x00, 0x00, 0x00, 0x00, 0x00, 0x00, 0x00, 0x00, 0x00, 0x00, 0x00, 0x00, 0x00,
    0x38, 0x83, 0xCC, 0x01, 0x39, 0x87, 0xCF, 0x02, 0x36, 0x7D, 0xBA, 0x1D, 0x36, 0x7D, 0xBA, 0x1D,
    0x1C, 0x54, 0x88, 0x90, 0x0E, 0x51, 0x9A, 0xF3, 0x19, 0x83, 0xF2, 0xF6, 0x1A, 0x89, 0xFA, 0xFA,
    0x1A, 0x89, 0xFA, 0xFA, 0x18, 0x83, 0xF6, 0xFB, 0x1E, 0x8A, 0xF8, 0xFC, 0x23, 0x94, 0xFB, 0xFB,
    0x23, 0x94, 0xFB, 0xFB, 0x23, 0x8E, 0xF6, 0xFC, 0x28, 0x92, 0xF9, 0xFC, 0x2E, 0x92, 0xF9, 0xFC,
    0x2E, 0x92, 0xF9, 0xFC, 0x38, 0x99, 0xFA, 0xFC, 0x3E, 0x98, 0xF8, 0xFC, 0x4B, 0x9F, 0xF9, 0xFC,
    0x4B, 0x9F, 0xF9, 0xFC, 0x6C, 0xC0, 0xFE, 0xFC, 0x7E, 0xC0, 0xFB, 0xFC, 0x6A, 0x9F, 0xD3, 0xFC,
    0x61, 0x8F, 0xAF, 0xFC, 0x61, 0x8F, 0xAF, 0xFC, 0x4B, 0x64, 0x7D, 0xFD, 0x6C, 0x7D, 0x8C, 0xFC,
    0xA3, 0xB6, 0xC2, 0xFD, 0xA3, 0xB6, 0xC2, 0xFD, 0xDD, 0xED, 0xF6, 0xFD, 0xFA, 0xFD, 0xFF, 0xFD,
    0xFD, 0xFE, 0xFE, 0xFD, 0xFD, 0xFE, 0xFE, 0xFD, 0xFA, 0xFA, 0xFA, 0xFD, 0xFA, 0xFB, 0xFB, 0xFD,
    0xF9, 0xFA, 0xFC, 0xFD, 0xF9, 0xFA, 0xFC, 0xFD, 0xE1, 0xE5, 0xF8, 0xFD, 0x8E, 0x9C, 0xD4, 0xFD,
    0x36, 0x45, 0x8C, 0xFD, 0x36, 0x45, 0x8C, 0xFD, 0x5C, 0x6F, 0xA3, 0xFD, 0xC5, 0xC9, 0xE4, 0xFD,
    0xF5, 0xF9, 0xFD, 0xFD, 0xF7, 0xF9, 0xFD, 0xFD, 0xF7, 0xF9, 0xFD, 0xFD, 0xF5, 0xF7, 0xFB, 0xFD,
    0xF6, 0xF9, 0xFB, 0xFD, 0xF3, 0xF8, 0xFB, 0xFD, 0xF3, 0xF8, 0xFB, 0xFD, 0xEA, 0xF5, 0xFA, 0xFD,
    0xE0, 0xF5, 0xFB, 0xFD, 0xD4, 0xEE, 0xF9, 0xFD, 0xD4, 0xEE, 0xF9, 0xFD, 0x94, 0xB3, 0xD0, 0xFD,
    0x5F, 0x83, 0xA9, 0xFD, 0x3F, 0x5F, 0x8B, 0xFD, 0x3F, 0x5F, 0x8B, 0xFD, 0x3B, 0x60, 0x89, 0xFD,
    0x44, 0x75, 0xA3, 0xFD, 0x69, 0x9E, 0xD8, 0xFD, 0x80, 0xBE, 0xF5, 0xFD, 0x80, 0xBE, 0xF5, 0xFD,
    0x84, 0xCF, 0xFB, 0xFD, 0x68, 0xAF, 0xF7, 0xFD, 0x52, 0xAF, 0xFA, 0xFD, 0x52, 0xAF, 0xFA, 0xFD,
    0x3B, 0xA5, 0xFC, 0xFD, 0x2B, 0x9D, 0xFD, 0xFD, 0x23, 0x97, 0xFC, 0xFD, 0x23, 0x97, 0xFC, 0xFD,
    0x27, 0x9C, 0xFC, 0xFD, 0x25, 0x95, 0xFB, 0xFD, 0x26, 0x97, 0xFC, 0xFD, 0x26, 0x97, 0xFC, 0xFD,
    0x25, 0x91, 0xF9, 0xFD, 0x22, 0x8D, 0xF7, 0xFC, 0x22, 0x89, 0xF5, 0xFC, 0x22, 0x8B, 0xF7, 0xFC,
    0x22, 0x8B, 0xF7, 0xFC, 0x20, 0x8B, 0xF5, 0xFC, 0x1A, 0x83, 0xF2, 0xFB, 0x21, 0x8F, 0xFC, 0xFC,
    0x21, 0x8F, 0xFC, 0xFC, 0x24, 0x74, 0xCD, 0xF6, 0x04, 0x1D, 0x5E, 0xF6, 0x3E, 0x8F, 0xE1, 0xD5,
    0x3E, 0x8F, 0xE1, 0xD5, 0x36, 0x8F, 0xDB, 0x6A, 0x16, 0x4D, 0x95, 0x8B, 0x0F, 0x41, 0x83, 0x79,
    0x0F, 0x41, 0x83, 0x79, 0x1B, 0x52, 0x8F, 0x80, 0x27, 0x5F, 0xA0, 0x58, 0x37, 0x88, 0xCE, 0x08,
    0x37, 0x88, 0xCE, 0x08, 0x36, 0x8C, 0xD9, 0x03, 0x35, 0x85, 0xD2, 0x03, 0x38, 0x86, 0xD3, 0x01,
    0x38, 0x84, 0xD1, 0x01, 0x38, 0x84, 0xD1, 0x01, 0x39, 0x83, 0xCF, 0x01, 0x00, 0x00, 0x00, 0x00,
    0x00, 0x00, 0x00, 0x00, 0x00, 0x00, 0x00, 0x00, 0x00, 0x00, 0x00, 0x00, 0x00, 0x00, 0x00, 0x00,
    0x00, 0x00, 0x00, 0x00, 0x00, 0x00, 0x00, 0x00, 0x00, 0x00, 0x00, 0x00, 0x00, 0x00, 0x00, 0x00,
    0x00, 0x00, 0x00, 0x00, 0x00, 0x00, 0x00, 0x00, 0x00, 0x00, 0x00, 0x00, 0x00, 0x00, 0x00, 0x00,
    0x00, 0x00, 0x00, 0x00, 0x00, 0x00, 0x00, 0x00, 0x00, 0x00, 0x00, 0x00, 0x00, 0x00, 0x00, 0x00,
    0x00, 0x00, 0x00, 0x00, 0x00, 0x00, 0x00, 0x00, 0x00, 0x00, 0x00, 0x00, 0x00, 0x00, 0x00, 0x00,
    0x00, 0x00, 0x00, 0x00, 0x00, 0x00, 0x00, 0x00, 0x00, 0x00, 0x00, 0x00, 0x00, 0x00, 0x00, 0x00,
    0x38, 0x83, 0xCC, 0x01, 0x39, 0x87, 0xCF, 0x02, 0x36, 0x7D, 0xBA, 0x1D, 0x36, 0x7D, 0xBA, 0x1D,
    0x1C, 0x54, 0x88, 0x90, 0x0E, 0x51, 0x9A, 0xF3, 0x19, 0x83, 0xF2, 0xF6, 0x1A, 0x89, 0xFA, 0xFA,
    0x1A, 0x89, 0xFA, 0xFA, 0x18, 0x83, 0xF6, 0xFB, 0x1E, 0x8A, 0xF8, 0xFC, 0x23, 0x94, 0xFB, 0xFB,
    0x23, 0x94, 0xFB, 0xFB, 0x23, 0x8E, 0xF6, 0xFC, 0x28, 0x92, 0xF9, 0xFC, 0x2E, 0x92, 0xF9, 0xFC,
    0x2E, 0x92, 0xF9, 0xFC, 0x38, 0x99, 0xFA, 0xFC, 0x3E, 0x98, 0xF8, 0xFC, 0x4B, 0x9F, 0xF9, 0xFC,
    0x4B, 0x9F, 0xF9, 0xFC, 0x6C, 0xC0, 0xFE, 0xFC, 0x7E, 0xC0, 0xFB, 0xFC, 0x6A, 0x9F, 0xD3, 0xFC,
    0x61, 0x8F, 0xAF, 0xFC, 0x61, 0x8F, 0xAF, 0xFC, 0x4B, 0x64, 0x7D, 0xFD, 0x6C, 0x7D, 0x8C, 0xFC,
    0xA3, 0xB6, 0xC2, 0xFD, 0xA3, 0xB6, 0xC2, 0xFD, 0xDD, 0xED, 0xF6, 0xFD, 0xFA, 0xFD, 0xFF, 0xFD,
    0xFD, 0xFE, 0xFE, 0xFD, 0xFD, 0xFE, 0xFE, 0xFD, 0xFA, 0xFA, 0xFA, 0xFD, 0xFA, 0xFB, 0xFB, 0xFD,
    0xF9, 0xFA, 0xFC, 0xFD, 0xF9, 0xFA, 0xFC, 0xFD, 0xE1, 0xE5, 0xF8, 0xFD, 0x8E, 0x9C, 0xD4, 0xFD,
    0x36, 0x45, 0x8C, 0xFD, 0x36, 0x45, 0x8C, 0xFD, 0x5C, 0x6F, 0xA3, 0xFD, 0xC5, 0xC9, 0xE4, 0xFD,
    0xF5, 0xF9, 0xFD, 0xFD, 0xF7, 0xF9, 0xFD, 0xFD, 0xF7, 0xF9, 0xFD, 0xFD, 0xF5, 0xF7, 0xFB, 0xFD,
    0xF6, 0xF9, 0xFB, 0xFD, 0xF3, 0xF8, 0xFB, 0xFD, 0xF3, 0xF8, 0xFB, 0xFD, 0xEA, 0xF5, 0xFA, 0xFD,
    0xE0, 0xF5, 0xFB, 0xFD, 0xD4, 0xEE, 0xF9, 0xFD, 0xD4, 0xEE, 0xF9, 0xFD, 0x94, 0xB3, 0xD0, 0xFD,
    0x5F, 0x83, 0xA9, 0xFD, 0x3F, 0x5F, 0x8B, 0xFD, 0x3F, 0x5F, 0x8B, 0xFD, 0x3B, 0x60, 0x89, 0xFD,
    0x44, 0x75, 0xA3, 0xFD, 0x69, 0x9E, 0xD8, 0xFD, 0x80, 0xBE, 0xF5, 0xFD, 0x80, 0xBE, 0xF5, 0xFD,
    0x84, 0xCF, 0xFB, 0xFD, 0x68, 0xAF, 0xF7, 0xFD, 0x52, 0xAF, 0xFA, 0xFD, 0x52, 0xAF, 0xFA, 0xFD,
    0x3B, 0xA5, 0xFC, 0xFD, 0x2B, 0x9D, 0xFD, 0xFD, 0x23, 0x97, 0xFC, 0xFD, 0x23, 0x97, 0xFC, 0xFD,
    0x27, 0x9C, 0xFC, 0xFD, 0x25, 0x95, 0xFB, 0xFD, 0x26, 0x97, 0xFC, 0xFD, 0x26, 0x97, 0xFC, 0xFD,
    0x25, 0x91, 0xF9, 0xFD, 0x22, 0x8D, 0xF7, 0xFC, 0x22, 0x89, 0xF5, 0xFC, 0x22, 0x8B, 0xF7, 0xFC,
    0x22, 0x8B, 0xF7, 0xFC, 0x20, 0x8B, 0xF5, 0xFC, 0x1A, 0x83, 0xF2, 0xFB, 0x21, 0x8F, 0xFC, 0xFC,
    0x21, 0x8F, 0xFC, 0xFC, 0x24, 0x74, 0xCD, 0xF6, 0x04, 0x1D, 0x5E, 0xF6, 0x3E, 0x8F, 0xE1, 0xD5,
    0x3E, 0x8F, 0xE1, 0xD5, 0x36, 0x8F, 0xDB, 0x6A, 0x16, 0x4D, 0x95, 0x8B, 0x0F, 0x41, 0x83, 0x79,
    0x0F, 0x41, 0x83, 0x79, 0x1B, 0x52, 0x8F, 0x80, 0x27, 0x5F, 0xA0, 0x58, 0x37, 0x88, 0xCE, 0x08,
    0x37, 0x88, 0xCE, 0x08, 0x36, 0x8C, 0xD9, 0x03, 0x35, 0x85, 0xD2, 0x03, 0x38, 0x86, 0xD3, 0x01,
    0x38, 0x84, 0xD1, 0x01, 0x38, 0x84, 0xD1, 0x01, 0x39, 0x83, 0xCF, 0x01, 0x00, 0x00, 0x00, 0x00,
    0x00, 0x00, 0x00, 0x00, 0x00, 0x00, 0x00, 0x00, 0x00, 0x00, 0x00, 0x00, 0x00, 0x00, 0x00, 0x00,
    0x00, 0x00, 0x00, 0x00, 0x00, 0x00, 0x00, 0x00, 0x00, 0x00, 0x00, 0x00, 0x00, 0x00, 0x00, 0x00,
    0x00, 0x00, 0x00, 0x00, 0x00, 0x00, 0x00, 0x00, 0x00, 0x00, 0x00, 0x00, 0x00, 0x00, 0x00, 0x00,
    0x00, 0x00, 0x00, 0x00, 0x00, 0x00, 0x00, 0x00, 0x00, 0x00, 0x00, 0x00, 0x00, 0x00, 0x00, 0x00,
    0x00, 0x00, 0x00, 0x00, 0x00, 0x00, 0x00, 0x00, 0x00, 0x00, 0x00, 0x00, 0x00, 0x00, 0x00, 0x00,
    0x00, 0x00, 0x00, 0x00, 0x00, 0x00, 0x00, 0x00, 0x00, 0x00, 0x00, 0x00, 0x00, 0x00, 0x00, 0x00,
    0x3A, 0x84, 0xCC, 0x01, 0x36, 0x83, 0xCB, 0x02, 0x00, 0x00, 0x00, 0x00, 0x00, 0x00, 0x00, 0x00,
    0x49, 0x98, 0xC9, 0x1C, 0x10, 0x41, 0x73, 0xE9, 0x0D, 0x55, 0xB4, 0xF6, 0x15, 0x7C, 0xF0, 0xFB,
    0x15, 0x7C, 0xF0, 0xFB, 0x19, 0x8A, 0xF6, 0xFA, 0x19, 0x81, 0xF1, 0xFB, 0x1D, 0x86, 0xF5, 0xFC,
    0x1D, 0x86, 0xF5, 0xFC, 0x24, 0x8F, 0xF8, 0xFC, 0x28, 0x8F, 0xF9, 0xFC, 0x2B, 0x91, 0xFA, 0xFC,
    0x2B, 0x91, 0xFA, 0xFC, 0x37, 0x99, 0xFB, 0xFC, 0x43, 0x9F, 0xFB, 0xFC, 0x53, 0xAF, 0xFD, 0xFC,
    0x53, 0xAF, 0xFD, 0xFC, 0x54, 0xAB, 0xFB, 0xFC, 0x68, 0xBE, 0xFF, 0xFC, 0x7B, 0xCD, 0xFF, 0xFD,
    0x92, 0xD8, 0xFF, 0xFC, 0x92, 0xD8, 0xFF, 0xFC, 0xA3, 0xD1, 0xFA, 0xFD, 0xDD, 0xF6, 0xFF, 0xFD,
    0xF8, 0xFF, 0xFF, 0xFD, 0xF8, 0xFF, 0xFF, 0xFD, 0xFA, 0xFF, 0xFF, 0xFD, 0xF7, 0xF7, 0xFC, 0xFD,
    0xFD, 0xFD, 0xFE, 0xFD, 0xFD, 0xFD, 0xFE, 0xFD, 0xF9, 0xFA, 0xFC, 0xFD, 0xFA, 0xFB, 0xFC, 0xFD,
    0xF9, 0xF9, 0xFA, 0xFD, 0xF9, 0xF9, 0xFA, 0xFD, 0xFF, 0xFF, 0xFF, 0xFD, 0xE4, 0xED, 0xFD, 0xFD,
    0x59, 0x6B, 0xA3, 0xFD, 0x59, 0x6B, 0xA3, 0xFD, 0xC9, 0xD9, 0xED, 0xFD, 0xFF, 0xFF, 0xFF, 0xFD,
    0xFC, 0xFD, 0xFD, 0xFD, 0xFB, 0xFC, 0xFD, 0xFD, 0xFB, 0xFC, 0xFD, 0xFD, 0xF9, 0xFA, 0xFC, 0xFD,
    0xF6, 0xF8, 0xFA, 0xFD, 0xF6, 0xF9, 0xFB, 0xFD, 0xF6, 0xF9, 0xFB, 0xFD, 0xF2, 0xF5, 0xFA, 0xFD,
    0xE8, 0xF0, 0xF9, 0xFD, 0xEB, 0xF7, 0xFB, 0xFD, 0xEB, 0xF7, 0xFB, 0xFD, 0xDF, 0xF5, 0xFB, 0xFD,
    0xCD, 0xF0, 0xFC, 0xFD, 0xAB, 0xDC, 0xFB, 0xFD, 0xAB, 0xDC, 0xFB, 0xFD, 0x92, 0xD1, 0xFB, 0xFD,
    0x7D, 0xC6, 0xFB, 0xFD, 0x75, 0xC7, 0xFD, 0xFD, 0x5B, 0xAF, 0xFB, 0xFD, 0x5B, 0xAF, 0xFB, 0xFD,
    0x4D, 0xAD, 0xFB, 0xFD, 0x42, 0xA8, 0xFC, 0xFD, 0x3B, 0xA6, 0xFD, 0xFD, 0x3B, 0xA6, 0xFD, 0xFD,
    0x3A, 0xA2, 0xFD, 0xFD, 0x39, 0xA9, 0xFE, 0xFD, 0x2E, 0xA2, 0xFD, 0xFD, 0x2E, 0xA2, 0xFD, 0xFD,
    0x29, 0x9A, 0xFD, 0xFD, 0x27, 0x92, 0xFA, 0xFD, 0x2B, 0x97, 0xFD, 0xFD, 0x2B, 0x97, 0xFD, 0xFD,
    0x27, 0x90, 0xF9, 0xFC, 0x26, 0x90, 0xF9, 0xFC, 0x22, 0x86, 0xF3, 0xFC, 0x1E, 0x80, 0xF0, 0xFC,
    0x1E, 0x80, 0xF0, 0xFC, 0x1A, 0x7F, 0xEF, 0xFB, 0x1A, 0x7E, 0xF3, 0xFB, 0x2A, 0x89, 0xF3, 0xFA,
    0x2A, 0x89, 0xF3, 0xFA, 0x08, 0x2E, 0x7C, 0xF8, 0x21, 0x57, 0xA1, 0xF6, 0x49, 0x93, 0xD7, 0xDE,
    0x49, 0x93, 0xD7, 0xDE, 0x08, 0x27, 0x5D, 0xEA, 0x1E, 0x3E, 0x71, 0xFB, 0x4B, 0x76, 0xA0, 0xF3,
    0x4B, 0x76, 0xA0, 0xF3, 0x2D, 0x53, 0x7D, 0xF6, 0x0A, 0x21, 0x50, 0xE3, 0x15, 0x3F, 0x79, 0x8B,
    0x15, 0x3F, 0x79, 0x8B, 0x2B, 0x6F, 0xB8, 0x30, 0x3A, 0x8D, 0xD9, 0x04, 0x35, 0x86, 0xD3, 0x04,
    0x37, 0x85, 0xD1, 0x02, 0x37, 0x85, 0xD1, 0x02, 0x38, 0x84, 0xCF, 0x01, 0x38, 0x83, 0xCE, 0x01,
    0x37, 0x82, 0xCD, 0x01, 0x37, 0x82, 0xCD, 0x01, 0x00, 0x00, 0x00, 0x00, 0x00, 0x00, 0x00, 0x00,
    0x00, 0x00, 0x00, 0x00, 0x00, 0x00, 0x00, 0x00, 0x00, 0x00, 0x00, 0x00, 0x00, 0x00, 0x00, 0x00,
    0x00, 0x00, 0x00, 0x00, 0x00, 0x00, 0x00, 0x00, 0x00, 0x00, 0x00, 0x00, 0x00, 0x00, 0x00, 0x00,
    0x00, 0x00, 0x00, 0x00, 0x00, 0x00, 0x00, 0x00, 0x00, 0x00, 0x00, 0x00, 0x00, 0x00, 0x00, 0x00,
    0x00, 0x00, 0x00, 0x00, 0x00, 0x00, 0x00, 0x00, 0x00, 0x00, 0x00, 0x00, 0x00, 0x00, 0x00, 0x00,
    0x00, 0x00, 0x00, 0x00, 0x00, 0x00, 0x00, 0x00, 0x00, 0x00, 0x00, 0x00, 0x00, 0x00, 0x00, 0x00,
    0x00, 0x00, 0x00, 0x00, 0x3C, 0x87, 0xCD, 0x01, 0x36, 0x85, 0xCA, 0x02, 0x36, 0x85, 0xCA, 0x02,
    0x41, 0x8B, 0xC4, 0x17, 0x11, 0x36, 0x5D, 0xB2, 0x0D, 0x48, 0x91, 0xDF, 0x16, 0x7E, 0xEE, 0xF5,
    0x16, 0x7E, 0xEE, 0xF5, 0x18, 0x89, 0xF7, 0xF9, 0x1F, 0x8E, 0xF9, 0xF9, 0x28, 0x96, 0xFC, 0xFA,
    0x28, 0x96, 0xFC, 0xFA, 0x2B, 0x96, 0xFC, 0xFB, 0x2E, 0x96, 0xFD, 0xFB, 0x3C, 0xA4, 0xFE, 0xFC,
    0x3C, 0xA4, 0xFE, 0xFC, 0x4A, 0xB2, 0xFF, 0xFC, 0x4F, 0xB3, 0xFE, 0xFC, 0x56, 0xBA, 0xFE, 0xFC,
    0x56, 0xBA, 0xFE, 0xFC, 0x56, 0xBB, 0xFE, 0xFC, 0x54, 0xB7, 0xFF, 0xFC, 0x46, 0xA1, 0xFD, 0xFC,
    0x4A, 0x98, 0xF7, 0xFC, 0x4A, 0x98, 0xF7, 0xFC, 0x61, 0x9A, 0xE7, 0xFD, 0xC0, 0xDB, 0xF5, 0xFD,
    0xE7, 0xF1, 0xF8, 0xFD, 0xE7, 0xF1, 0xF8, 0xFD, 0xF0, 0xF7, 0xFD, 0xFD, 0xF3, 0xFB, 0xFF, 0xFD,
    0xFF, 0xFF, 0xFF, 0xFD, 0xFF, 0xFF, 0xFF, 0xFD, 0xFF, 0xFF, 0xFF, 0xFD, 0xFF, 0xFE, 0xFE, 0xFD,
    0xFC, 0xF9, 0xF8, 0xFD, 0xFC, 0xF9, 0xF8, 0xFD, 0xFF, 0xFF, 0xFE, 0xFD, 0xEF, 0xF3, 0xFD, 0xFD,
    0x60, 0x76, 0xA1, 0xFD, 0x60, 0x76, 0xA1, 0xFD, 0xD8, 0xE1, 0xF1, 0xFD, 0xFF, 0xFF, 0xFF, 0xFD,
    0xFD, 0xFB, 0xFB, 0xFD, 0xFC, 0xFC, 0xFD, 0xFD, 0xFC, 0xFC, 0xFD, 0xFD, 0xFA, 0xFC, 0xFD, 0xFD,
    0xFA, 0xFC, 0xFD, 0xFD, 0xF6, 0xFB, 0xFD, 0xFD, 0xF6, 0xFB, 0xFD, 0xFD, 0xF2, 0xF8, 0xFC, 0xFD,
    0xEC, 0xF5, 0xFB, 0xFD, 0xED, 0xF7, 0xFB, 0xFD, 0xED, 0xF7, 0xFB, 0xFD, 0xDF, 0xEF, 0xF9, 0xFD,
    0xCA, 0xEA, 0xFB, 0xFD, 0x95, 0xCB, 0xFA, 0xFD, 0x95, 0xCB, 0xFA, 0xFD, 0x68, 0xB8, 0xFA, 0xFD,
    0x4D, 0xAB, 0xFA, 0xFD, 0x47, 0xAC, 0xFD, 0xFD, 0x40, 0xA6, 0xFD, 0xFD, 0x40, 0xA6, 0xFD, 0xFD,
    0x3D, 0xA6, 0xFD, 0xFD, 0x41, 0xAF, 0xFE, 0xFD, 0x42, 0xB1, 0xFE, 0xFD, 0x42, 0xB1, 0xFE, 0xFD,
    0x4D, 0xB6, 0xFE, 0xFD, 0x54, 0xBF, 0xFE, 0xFD, 0x45, 0xAF, 0xFE, 0xFD, 0x45, 0xAF, 0xFE, 0xFD,
    0x3F, 0xAC, 0xFF, 0xFD, 0x39, 0xA5, 0xFE, 0xFD, 0x33, 0x9C, 0xFD, 0xFC, 0x33, 0x9C, 0xFD, 0xFC,
    0x2F, 0x99, 0xFC, 0xFC, 0x2F, 0x99, 0xFC, 0xFC, 0x26, 0x8B, 0xF6, 0xFC, 0x1E, 0x83, 0xF2, 0xFB,
    0x1E, 0x83, 0xF2, 0xFB, 0x14, 0x75, 0xEC, 0xFB, 0x1E, 0x82, 0xF5, 0xFA, 0x16, 0x5D, 0xB5, 0xFA,
    0x16, 0x5D, 0xB5, 0xFA, 0x07, 0x27, 0x67, 0xF4, 0x3B, 0x6B, 0xB0, 0xF9, 0x07, 0x21, 0x53, 0xF6,
    0x07, 0x21, 0x53, 0xF6, 0x3D, 0x60, 0x8A, 0xF3, 0xCB, 0xE9, 0xFC, 0xEF, 0xE5, 0xFD, 0xFF, 0xF5,
    0xE5, 0xFD, 0xFF, 0xF5, 0xBB, 0xE1, 0xF6, 0xF7, 0x76, 0x94, 0xB9, 0xF2, 0x4D, 0x6E, 0x97, 0xF2,
    0x4D, 0x6E, 0x97, 0xF2, 0x0C, 0x2A, 0x58, 0xA2, 0x31, 0x7C, 0xC2, 0x1F, 0x39, 0x8A, 0xD7, 0x04,
    0x37, 0x86, 0xD1, 0x03, 0x37, 0x86, 0xD1, 0x03, 0x38, 0x84, 0xD0, 0x02, 0x38, 0x83, 0xCF, 0x01,
    0x37, 0x82, 0xCD, 0x01, 0x37, 0x82, 0xCD, 0x01, 0x00, 0x00, 0x00, 0x00, 0x00, 0x00, 0x00, 0x00,
    0x00, 0x00, 0x00, 0x00, 0x00, 0x00, 0x00, 0x00, 0x00, 0x00, 0x00, 0x00, 0x00, 0x00, 0x00, 0x00,
    0x00, 0x00, 0x00, 0x00, 0x00, 0x00, 0x00, 0x00, 0x00, 0x00, 0x00, 0x00, 0x00, 0x00, 0x00, 0x00,
    0x00, 0x00, 0x00, 0x00, 0x00, 0x00, 0x00, 0x00, 0x00, 0x00, 0x00, 0x00, 0x00, 0x00, 0x00, 0x00,
    0x00, 0x00, 0x00, 0x00, 0x00, 0x00, 0x00, 0x00, 0x00, 0x00, 0x00, 0x00, 0x00, 0x00, 0x00, 0x00,
    0x00, 0x00, 0x00, 0x00, 0x00, 0x00, 0x00, 0x00, 0x00, 0x00, 0x00, 0x00, 0x00, 0x00, 0x00, 0x00,
    0x00, 0x00, 0x00, 0x00, 0x3D, 0x87, 0xCD, 0x01, 0x3B, 0x87, 0xCD, 0x01, 0x3B, 0x87, 0xCD, 0x01,
    0x42, 0x8F, 0xCE, 0x07, 0x26, 0x5E, 0x8F, 0x63, 0x13, 0x4F, 0x88, 0xD9, 0x27, 0x96, 0xF4, 0xF8,
    0x27, 0x96, 0xF4, 0xF8, 0x13, 0x76, 0xED, 0xF4, 0x18, 0x80, 0xF3, 0xF9, 0x27, 0x94, 0xFC, 0xF8,
    0x27, 0x94, 0xFC, 0xF8, 0x27, 0x90, 0xFB, 0xFB, 0x31, 0x9C, 0xFD, 0xFB, 0x37, 0x9E, 0xFD, 0xFB,
    0x37, 0x9E, 0xFD, 0xFB, 0x3F, 0xA6, 0xFD, 0xFC, 0x47, 0xAF, 0xFF, 0xFC, 0x46, 0xAD, 0xFF, 0xFC,
    0x46, 0xAD, 0xFF, 0xFC, 0x3D, 0xA2, 0xFE, 0xFC, 0x3F, 0xA0, 0xFD, 0xFC, 0x44, 0x9E, 0xFA, 0xFC,
    0x56, 0xA3, 0xF7, 0xFC, 0x56, 0xA3, 0xF7, 0xFC, 0x86, 0xB2, 0xEF, 0xFD, 0xCF, 0xE6, 0xFA, 0xFD,
    0xE5, 0xF3, 0xFA, 0xFD, 0xE5, 0xF3, 0xFA, 0xFD, 0xEA, 0xF7, 0xFE, 0xFD, 0xD1, 0xE6, 0xFA, 0xFD,
    0xA5, 0xB9, 0xDB, 0xFD, 0xA5, 0xB9, 0xDB, 0xFD, 0xDC, 0xE1, 0xF5, 0xFD, 0xFF, 0xFF, 0xFF, 0xFD,
    0xFF, 0xFF, 0xFF, 0xFD, 0xFF, 0xFF, 0xFF, 0xFD, 0xFF, 0xFF, 0xFF, 0xFD, 0xC5, 0xCD, 0xE2, 0xFD,
    0x25, 0x2D, 0x5D, 0xFD, 0x25, 0x2D, 0x5D, 0xFD, 0xAF, 0xBC, 0xD8, 0xFD, 0xFF, 0xFF, 0xFF, 0xFD,
    0xFF, 0xFF, 0xFF, 0xFD, 0xFE, 0xFF, 0xFF, 0xFD, 0xFE, 0xFF, 0xFF, 0xFD, 0xFE, 0xFF, 0xFF, 0xFD,
    0xC4, 0xD2, 0xDF, 0xFD, 0x82, 0x9E, 0xB5, 0xFD, 0x82, 0x9E, 0xB5, 0xFD, 0xE4, 0xF3, 0xFC, 0xFD,
    0xED, 0xF7, 0xFC, 0xFD, 0xE9, 0xF1, 0xF9, 0xFD, 0xE9, 0xF1, 0xF9, 0xFD, 0xE9, 0xF6, 0xFA, 0xFD,
    0xD5, 0xEF, 0xFC, 0xFD, 0x97, 0xC8, 0xF6, 0xFD, 0x97, 0xC8, 0xF6, 0xFD, 0x57, 0xA2, 0xF2, 0xFD,
    0x41, 0x9D, 0xF8, 0xFD, 0x41, 0xA4, 0xFD, 0xFD, 0x3F, 0xA6, 0xFE, 0xFD, 0x3F, 0xA6, 0xFE, 0xFD,
    0x41, 0xAC, 0xFE, 0xFD, 0x3B, 0xA2, 0xFD, 0xFD, 0x47, 0xB3, 0xFE, 0xFD, 0x47, 0xB3, 0xFE, 0xFD,
    0x53, 0xB9, 0xFE, 0xFD, 0x54, 0xB2, 0xFD, 0xFD, 0x57, 0xBB, 0xFE, 0xFD, 0x57, 0xBB, 0xFE, 0xFD,
    0x51, 0xBC, 0xFF, 0xFD, 0x42, 0xAA, 0xFE, 0xFD, 0x33, 0x98, 0xFB, 0xFD, 0x33, 0x98, 0xFB, 0xFD,
    0x30, 0x98, 0xFA, 0xFC, 0x2B, 0x91, 0xFA, 0xFC, 0x24, 0x86, 0xF2, 0xFC, 0x1B, 0x82, 0xF2, 0xFB,
    0x1B, 0x82, 0xF2, 0xFB, 0x17, 0x7A, 0xEE, 0xFB, 0x15, 0x5C, 0xC7, 0xF9, 0x01, 0x15, 0x5A, 0xFA,
    0x01, 0x15, 0x5A, 0xFA, 0x17, 0x35, 0x6F, 0xF9, 0x03, 0x0E, 0x3B, 0xF6, 0x1F, 0x3A, 0x68, 0xF9,
    0x1F, 0x3A, 0x68, 0xF9, 0xC2, 0xEC, 0xFB, 0xFB, 0xCE, 0xF1, 0xFD, 0xFA, 0xB8, 0xD0, 0xE8, 0xFA,
    0xB8, 0xD0, 0xE8, 0xFA, 0xBC, 0xE0, 0xF5, 0xF6, 0xC6, 0xEC, 0xFC, 0xF8, 0xCC, 0xF4, 0xFE, 0xF7,
    0xCC, 0xF4, 0xFE, 0xF7, 0x52, 0x78, 0x95, 0xE6, 0x0F, 0x32, 0x5B, 0xB3, 0x3E, 0x89, 0xD2, 0x14,
    0x37, 0x86, 0xD2, 0x07, 0x37, 0x86, 0xD2, 0x07, 0x36, 0x84, 0xCE, 0x03, 0x37, 0x82, 0xCE, 0x02,
    0x38, 0x82, 0xCD, 0x01, 0x38, 0x82, 0xCD, 0x01, 0x00, 0x00, 0x00, 0x00, 0x00, 0x00, 0x00, 0x00,
    0x00, 0x00, 0x00, 0x00, 0x00, 0x00, 0x00, 0x00, 0x00, 0x00, 0x00, 0x00, 0x00, 0x00, 0x00, 0x00,
    0x00, 0x00, 0x00, 0x00, 0x00, 0x00, 0x00, 0x00, 0x00, 0x00, 0x00, 0x00, 0x00, 0x00, 0x00, 0x00,
    0x00, 0x00, 0x00, 0x00, 0x00, 0x00, 0x00, 0x00, 0x00, 0x00, 0x00, 0x00, 0x00, 0x00, 0x00, 0x00,
    0x00, 0x00, 0x00, 0x00, 0x00, 0x00, 0x00, 0x00, 0x00, 0x00, 0x00, 0x00, 0x00, 0x00, 0x00, 0x00,
    0x00, 0x00, 0x00, 0x00, 0x00, 0x00, 0x00, 0x00, 0x00, 0x00, 0x00, 0x00, 0x00, 0x00, 0x00, 0x00,
    0x00, 0x00, 0x00, 0x00, 0x3D, 0x87, 0xCD, 0x01, 0x3B, 0x87, 0xCD, 0x01, 0x3B, 0x87, 0xCD, 0x01,
    0x42, 0x8F, 0xCE, 0x07, 0x26, 0x5E, 0x8F, 0x63, 0x13, 0x4F, 0x88, 0xD9, 0x27, 0x96, 0xF4, 0xF8,
    0x27, 0x96, 0xF4, 0xF8, 0x13, 0x76, 0xED, 0xF4, 0x18, 0x80, 0xF3, 0xF9, 0x27, 0x94, 0xFC, 0xF8,
    0x27, 0x94, 0xFC, 0xF8, 0x27, 0x90, 0xFB, 0xFB, 0x31, 0x9C, 0xFD, 0xFB, 0x37, 0x9E, 0xFD, 0xFB,
    0x37, 0x9E, 0xFD, 0xFB, 0x3F, 0xA6, 0xFD, 0xFC, 0x47, 0xAF, 0xFF, 0xFC, 0x46, 0xAD, 0xFF, 0xFC,
    0x46, 0xAD, 0xFF, 0xFC, 0x3D, 0xA2, 0xFE, 0xFC, 0x3F, 0xA0, 0xFD, 0xFC, 0x44, 0x9E, 0xFA, 0xFC,
    0x56, 0xA3, 0xF7, 0xFC, 0x56, 0xA3, 0xF7, 0xFC, 0x86, 0xB2, 0xEF, 0xFD, 0xCF, 0xE6, 0xFA, 0xFD,
    0xE5, 0xF3, 0xFA, 0xFD, 0xE5, 0xF3, 0xFA, 0xFD, 0xEA, 0xF7, 0xFE, 0xFD, 0xD1, 0xE6, 0xFA, 0xFD,
    0xA5, 0xB9, 0xDB, 0xFD, 0xA5, 0xB9, 0xDB, 0xFD, 0xDC, 0xE1, 0xF5, 0xFD, 0xFF, 0xFF, 0xFF, 0xFD,
    0xFF, 0xFF, 0xFF, 0xFD, 0xFF, 0xFF, 0xFF, 0xFD, 0xFF, 0xFF, 0xFF, 0xFD, 0xC5, 0xCD, 0xE2, 0xFD,
    0x25, 0x2D, 0x5D, 0xFD, 0x25, 0x2D, 0x5D, 0xFD, 0xAF, 0xBC, 0xD8, 0xFD, 0xFF, 0xFF, 0xFF, 0xFD,
    0xFF, 0xFF, 0xFF, 0xFD, 0xFE, 0xFF, 0xFF, 0xFD, 0xFE, 0xFF, 0xFF, 0xFD, 0xFE, 0xFF, 0xFF, 0xFD,
    0xC4, 0xD2, 0xDF, 0xFD, 0x82, 0x9E, 0xB5, 0xFD, 0x82, 0x9E, 0xB5, 0xFD, 0xE4, 0xF3, 0xFC, 0xFD,
    0xED, 0xF7, 0xFC, 0xFD, 0xE9, 0xF1, 0xF9, 0xFD, 0xE9, 0xF1, 0xF9, 0xFD, 0xE9, 0xF6, 0xFA, 0xFD,
    0xD5, 0xEF, 0xFC, 0xFD, 0x97, 0xC8, 0xF6, 0xFD, 0x97, 0xC8, 0xF6, 0xFD, 0x57, 0xA2, 0xF2, 0xFD,
    0x41, 0x9D, 0xF8, 0xFD, 0x41, 0xA4, 0xFD, 0xFD, 0x3F, 0xA6, 0xFE, 0xFD, 0x3F, 0xA6, 0xFE, 0xFD,
    0x41, 0xAC, 0xFE, 0xFD, 0x3B, 0xA2, 0xFD, 0xFD, 0x47, 0xB3, 0xFE, 0xFD, 0x47, 0xB3, 0xFE, 0xFD,
    0x53, 0xB9, 0xFE, 0xFD, 0x54, 0xB2, 0xFD, 0xFD, 0x57, 0xBB, 0xFE, 0xFD, 0x57, 0xBB, 0xFE, 0xFD,
    0x51, 0xBC, 0xFF, 0xFD, 0x42, 0xAA, 0xFE, 0xFD, 0x33, 0x98, 0xFB, 0xFD, 0x33, 0x98, 0xFB, 0xFD,
    0x30, 0x98, 0xFA, 0xFC, 0x2B, 0x91, 0xFA, 0xFC, 0x24, 0x86, 0xF2, 0xFC, 0x1B, 0x82, 0xF2, 0xFB,
    0x1B, 0x82, 0xF2, 0xFB, 0x17, 0x7A, 0xEE, 0xFB, 0x15, 0x5C, 0xC7, 0xF9, 0x01, 0x15, 0x5A, 0xFA,
    0x01, 0x15, 0x5A, 0xFA, 0x17, 0x35, 0x6F, 0xF9, 0x03, 0x0E, 0x3B, 0xF6, 0x1F, 0x3A, 0x68, 0xF9,
    0x1F, 0x3A, 0x68, 0xF9, 0xC2, 0xEC, 0xFB, 0xFB, 0xCE, 0xF1, 0xFD, 0xFA, 0xB8, 0xD0, 0xE8, 0xFA,
    0xB8, 0xD0, 0xE8, 0xFA, 0xBC, 0xE0, 0xF5, 0xF6, 0xC6, 0xEC, 0xFC, 0xF8, 0xCC, 0xF4, 0xFE, 0xF7,
    0xCC, 0xF4, 0xFE, 0xF7, 0x52, 0x78, 0x95, 0xE6, 0x0F, 0x32, 0x5B, 0xB3, 0x3E, 0x89, 0xD2, 0x14,
    0x37, 0x86, 0xD2, 0x07, 0x37, 0x86, 0xD2, 0x07, 0x36, 0x84, 0xCE, 0x03, 0x37, 0x82, 0xCE, 0x02,
    0x38, 0x82, 0xCD, 0x01, 0x38, 0x82, 0xCD, 0x01, 0x00, 0x00, 0x00, 0x00, 0x00, 0x00, 0x00, 0x00,
    0x00, 0x00, 0x00, 0x00, 0x00, 0x00, 0x00, 0x00, 0x00, 0x00, 0x00, 0x00, 0x00, 0x00, 0x00, 0x00,
    0x00, 0x00, 0x00, 0x00, 0x00, 0x00, 0x00, 0x00, 0x00, 0x00, 0x00, 0x00, 0x00, 0x00, 0x00, 0x00,
    0x00, 0x00, 0x00, 0x00, 0x00, 0x00, 0x00, 0x00, 0x00, 0x00, 0x00, 0x00, 0x00, 0x00, 0x00, 0x00,
    0x00, 0x00, 0x00, 0x00, 0x00, 0x00, 0x00, 0x00, 0x00, 0x00, 0x00, 0x00, 0x00, 0x00, 0x00, 0x00,
    0x00, 0x00, 0x00, 0x00, 0x00, 0x00, 0x00, 0x00, 0x00, 0x00, 0x00, 0x00, 0x00, 0x00, 0x00, 0x00,
    0x00, 0x00, 0x00, 0x00, 0x00, 0x00, 0x00, 0x00, 0x3E, 0x88, 0xCD, 0x02, 0x3E, 0x88, 0xCD, 0x02,
    0x00, 0x00, 0x00, 0x00, 0x47, 0x92, 0xC8, 0x0C, 0x14, 0x42, 0x71, 0xBA, 0x10, 0x48, 0x8F, 0xE8,
    0x10, 0x48, 0x8F, 0xE8, 0x24, 0x8F, 0xF1, 0xF1, 0x23, 0x90, 0xFA, 0xFA, 0x22, 0x8C, 0xFA, 0xF8,
    0x22, 0x8C, 0xFA, 0xF8, 0x2A, 0x95, 0xFB, 0xFA, 0x34, 0xA1, 0xFD, 0xFB, 0x36, 0x9C, 0xFC, 0xFB,
    0x36, 0x9C, 0xFC, 0xFB, 0x3D, 0xA4, 0xFD, 0xFB, 0x3E, 0xA5, 0xFE, 0xFC, 0x3B, 0xA3, 0xFF, 0xFB,
    0x3B, 0xA3, 0xFF, 0xFB, 0x40, 0xA4, 0xFD, 0xFC, 0x5B, 0xAF, 0xFD, 0xFC, 0x86, 0xC7, 0xFD, 0xFD,
    0xAF, 0xE4, 0xFE, 0xFC, 0xAF, 0xE4, 0xFE, 0xFC, 0xCE, 0xEB, 0xFD, 0xFD, 0xE2, 0xF2, 0xFD, 0xFD,
    0xE4, 0xF1, 0xF9, 0xFD, 0xE4, 0xF1, 0xF9, 0xFD, 0xEA, 0xF7, 0xFE, 0xFD, 0xCE, 0xE2, 0xF9, 0xFD,
    0x3D, 0x52, 0x82, 0xFD, 0x3D, 0x52, 0x82, 0xFD, 0x41, 0x50, 0x7E, 0xFD, 0xBF, 0xCB, 0xE6, 0xFD,
    0xCF, 0xD8, 0xEE, 0xFD, 0xCF, 0xD8, 0xEE, 0xFD, 0x86, 0x95, 0xB0, 0xFD, 0x1F, 0x2D, 0x4E, 0xFD,
    0x13, 0x1F, 0x46, 0xFD, 0x13, 0x1F, 0x46, 0xFD, 0x25, 0x34, 0x58, 0xFD, 0xAD, 0xB8, 0xC8, 0xFD,
    0xF0, 0xF7, 0xFC, 0xFD, 0xF6, 0xFC, 0xFE, 0xFD, 0xF6, 0xFC, 0xFE, 0xFD, 0xE5, 0xF1, 0xF9, 0xFD,
    0x46, 0x5E, 0x77, 0xFD, 0x27, 0x3E, 0x5C, 0xFD, 0x27, 0x3E, 0x5C, 0xFD, 0xD2, 0xE5, 0xF8, 0xFD,
    0xEB, 0xF6, 0xFC, 0xFD, 0xEA, 0xF3, 0xFA, 0xFD, 0xEA, 0xF3, 0xFA, 0xFD, 0xEB, 0xF7, 0xFB, 0xFD,
    0xE1, 0xF4, 0xFC, 0xFD, 0xC5, 0xE3, 0xFC, 0xFD, 0xC5, 0xE3, 0xFC, 0xFD, 0x91, 0xC7, 0xF9, 0xFD,
    0x65, 0xB2, 0xF8, 0xFD, 0x52, 0xAC, 0xFB, 0xFD, 0x4D, 0xB2, 0xFD, 0xFD, 0x4D, 0xB2, 0xFD, 0xFD,
    0x49, 0xB5, 0xFE, 0xFD, 0x46, 0xAF, 0xFE, 0xFD, 0x49, 0xB1, 0xFE, 0xFD, 0x49, 0xB1, 0xFE, 0xFD,
    0x4E, 0xAF, 0xFD, 0xFD, 0x53, 0xB1, 0xFD, 0xFD, 0x53, 0xB6, 0xFE, 0xFD, 0x53, 0xB6, 0xFE, 0xFD,
    0x4B, 0xB0, 0xFE, 0xFD, 0x39, 0xA0, 0xFC, 0xFD, 0x37, 0xA3, 0xFE, 0xFC, 0x37, 0xA3, 0xFE, 0xFC,
    0x2E, 0x97, 0xFC, 0xFC, 0x29, 0x92, 0xFA, 0xFC, 0x1D, 0x84, 0xF0, 0xFB, 0x17, 0x78, 0xE8, 0xFB,
    0x17, 0x78, 0xE8, 0xFB, 0x20, 0x77, 0xD9, 0xFA, 0x09, 0x2A, 0x74, 0xF9, 0x12, 0x30, 0x6F, 0xFA,
    0x12, 0x30, 0x6F, 0xFA, 0x0D, 0x31, 0x61, 0xF7, 0x36, 0x5B, 0x82, 0xF7, 0xA8, 0xCB, 0xE8, 0xF8,
    0xA8, 0xCB, 0xE8, 0xF8, 0xB9, 0xDD, 0xF7, 0xFA, 0xB7, 0xE2, 0xF8, 0xF8, 0xB7, 0xDF, 0xF7, 0xFA,
    0xB7, 0xDF, 0xF7, 0xFA, 0xBD, 0xE7, 0xF9, 0xF9, 0xB7, 0xD9, 0xEC, 0xF9, 0xBF, 0xE6, 0xFB, 0xF7,
    0xBF, 0xE6, 0xFB, 0xF7, 0x95, 0xBF, 0xDE, 0xF4, 0x08, 0x1B, 0x36, 0xF1, 0x2B, 0x63, 0x9F, 0x50,
    0x3C, 0x8E, 0xDD, 0x0C, 0x3C, 0x8E, 0xDD, 0x0C, 0x33, 0x81, 0xCB, 0x04, 0x37, 0x83, 0xCE, 0x03,
    0x38, 0x82, 0xCD, 0x01, 0x38, 0x82, 0xCD, 0x01, 0x38, 0x82, 0xCD, 0x01, 0x00, 0x00, 0x00, 0x00,
    0x00, 0x00, 0x00, 0x00, 0x00, 0x00, 0x00, 0x00, 0x00, 0x00, 0x00, 0x00, 0x00, 0x00, 0x00, 0x00,
    0x00, 0x00, 0x00, 0x00, 0x00, 0x00, 0x00, 0x00, 0x00, 0x00, 0x00, 0x00, 0x00, 0x00, 0x00, 0x00,
    0x00, 0x00, 0x00, 0x00, 0x00, 0x00, 0x00, 0x00, 0x00, 0x00, 0x00, 0x00, 0x00, 0x00, 0x00, 0x00,
    0x00, 0x00, 0x00, 0x00, 0x00, 0x00, 0x00, 0x00, 0x00, 0x00, 0x00, 0x00, 0x00, 0x00, 0x00, 0x00,
    0x00, 0x00, 0x00, 0x00, 0x00, 0x00, 0x00, 0x00, 0x00, 0x00, 0x00, 0x00, 0x00, 0x00, 0x00, 0x00,
    0x00, 0x00, 0x00, 0x00, 0x00, 0x00, 0x00, 0x00, 0x40, 0x89, 0xCC, 0x02, 0x40, 0x89, 0xCC, 0x02,
    0x3E, 0x87, 0xCB, 0x03, 0x40, 0x8F, 0xCE, 0x03, 0x47, 0x86, 0xBA, 0x4E, 0x05, 0x1B, 0x3B, 0xBF,
    0x05, 0x1B, 0x3B, 0xBF, 0x1C, 0x5B, 0x93, 0xF4, 0x24, 0x7F, 0xDE, 0xEF, 0x22, 0x8A, 0xF8, 0xFC,
    0x22, 0x8A, 0xF8, 0xFC, 0x25, 0x90, 0xFA, 0xFA, 0x2D, 0x95, 0xFB, 0xFA, 0x3A, 0xA3, 0xFD, 0xFB,
    0x3A, 0xA3, 0xFD, 0xFB, 0x40, 0xAE, 0xFD, 0xFB, 0x3B, 0xA4, 0xFE, 0xFC, 0x3F, 0xA9, 0xFE, 0xFC,
    0x3F, 0xA9, 0xFE, 0xFC, 0x5F, 0xBE, 0xFE, 0xFC, 0x96, 0xD9, 0xFF, 0xFC, 0xB6, 0xDF, 0xFE, 0xFC,
    0xD0, 0xF0, 0xFE, 0xFD, 0xD0, 0xF0, 0xFE, 0xFD, 0xDC, 0xEF, 0xFC, 0xFD, 0xE4, 0xF1, 0xFB, 0xFD,
    0xE5, 0xF1, 0xFA, 0xFD, 0xE5, 0xF1, 0xFA, 0xFD, 0xE5, 0xF2, 0xFB, 0xFD, 0xE5, 0xF4, 0xFF, 0xFD,
    0xA0, 0xB2, 0xD5, 0xFD, 0xA0, 0xB2, 0xD5, 0xFD, 0x30, 0x44, 0x6C, 0xFD, 0x1E, 0x2F, 0x5D, 0xFD,
    0x15, 0x24, 0x50, 0xFD, 0x15, 0x24, 0x50, 0xFD, 0x12, 0x23, 0x46, 0xFD, 0x6A, 0x80, 0xA0, 0xFD,
    0xC2, 0xD0, 0xE5, 0xFD, 0xC2, 0xD0, 0xE5, 0xFD, 0x6E, 0x82, 0x9A, 0xFD, 0x1A, 0x2F, 0x48, 0xFD,
    0x45, 0x56, 0x6B, 0xFD, 0x55, 0x68, 0x7F, 0xFD, 0x55, 0x68, 0x7F, 0xFD, 0x44, 0x5C, 0x75, 0xFD,
    0x3C, 0x54, 0x73, 0xFD, 0x9A, 0xB2, 0xD1, 0xFD, 0x9A, 0xB2, 0xD1, 0xFD, 0xE0, 0xF1, 0xFB, 0xFD,
    0xE8, 0xF4, 0xFB, 0xFD, 0xEA, 0xF6, 0xFB, 0xFD, 0xEA, 0xF6, 0xFB, 0xFD, 0xE8, 0xF3, 0xF9, 0xFD,
    0xE8, 0xF5, 0xFC, 0xFD, 0xE5, 0xF6, 0xFD, 0xFD, 0xE5, 0xF6, 0xFD, 0xFD, 0xD0, 0xF0, 0xFE, 0xFD,
    0xA4, 0xD6, 0xFC, 0xFD, 0x84, 0xC7, 0xFB, 0xFD, 0x65, 0xB5, 0xF9, 0xFD, 0x65, 0xB5, 0xF9, 0xFD,
    0x54, 0xAE, 0xFC, 0xFD, 0x50, 0xB0, 0xFD, 0xFD, 0x4A, 0xA9, 0xFD, 0xFD, 0x4A, 0xA9, 0xFD, 0xFD,
    0x4D, 0xA9, 0xFC, 0xFD, 0x54, 0xB6, 0xFE, 0xFD, 0x47, 0xAA, 0xFD, 0xFD, 0x47, 0xAA, 0xFD, 0xFD,
    0x39, 0x9E, 0xFB, 0xFD, 0x34, 0x9D, 0xFC, 0xFD, 0x2D, 0x98, 0xFC, 0xFC, 0x2D, 0x98, 0xFC, 0xFC,
    0x21, 0x88, 0xF3, 0xFC, 0x18, 0x7F, 0xEC, 0xFB, 0x17, 0x7C, 0xEB, 0xFB, 0x1F, 0x78, 0xDF, 0xFB,
    0x1F, 0x78, 0xDF, 0xFB, 0x09, 0x35, 0x81, 0xFA, 0x12, 0x2D, 0x6A, 0xF9, 0x21, 0x4F, 0x88, 0xF9,
    0x21, 0x4F, 0x88, 0xF9, 0x1A, 0x4D, 0x7D, 0xFA, 0xC0, 0xEC, 0xFD, 0xF9, 0xCD, 0xF8, 0xFF, 0xF8,
    0xCD, 0xF8, 0xFF, 0xF8, 0x9A, 0xC5, 0xEB, 0xFB, 0x9E, 0xC9, 0xF2, 0xF9, 0xB9, 0xE6, 0xFD, 0xF9,
    0xB9, 0xE6, 0xFD, 0xF9, 0xBF, 0xE3, 0xFB, 0xFA, 0xB6, 0xCF, 0xE6, 0xF9, 0xB5, 0xDA, 0xF5, 0xF9,
    0xB5, 0xDA, 0xF5, 0xF9, 0x72, 0xA6, 0xD3, 0xF7, 0x1F, 0x42, 0x76, 0xF0, 0x1B, 0x4B, 0x83, 0xBC,
    0x3F, 0x88, 0xD1, 0x3D, 0x3F, 0x88, 0xD1, 0x3D, 0x36, 0x81, 0xCD, 0x02, 0x36, 0x82, 0xCC, 0x06,
    0x38, 0x82, 0xCC, 0x02, 0x38, 0x82, 0xCC, 0x02, 0x37, 0x82, 0xCD, 0x01, 0x00, 0x00, 0x00, 0x00,
    0x00, 0x00, 0x00, 0x00, 0x00, 0x00, 0x00, 0x00, 0x00, 0x00, 0x00, 0x00, 0x00, 0x00, 0x00, 0x00,
    0x00, 0x00, 0x00, 0x00, 0x00, 0x00, 0x00, 0x00, 0x00, 0x00, 0x00, 0x00, 0x00, 0x00, 0x00, 0x00,
    0x00, 0x00, 0x00, 0x00, 0x00, 0x00, 0x00, 0x00, 0x00, 0x00, 0x00, 0x00, 0x00, 0x00, 0x00, 0x00,
    0x00, 0x00, 0x00, 0x00, 0x00, 0x00, 0x00, 0x00, 0x00, 0x00, 0x00, 0x00, 0x00, 0x00, 0x00, 0x00,
    0x00, 0x00, 0x00, 0x00, 0x00, 0x00, 0x00, 0x00, 0x00, 0x00, 0x00, 0x00, 0x00, 0x00, 0x00, 0x00,
    0x00, 0x00, 0x00, 0x00, 0x3E, 0x88, 0xCC, 0x01, 0x40, 0x88, 0xCB, 0x01, 0x40, 0x88, 0xCB, 0x01,
    0x42, 0x8B, 0xCE, 0x01, 0x3F, 0x88, 0xCB, 0x01, 0x46, 0x91, 0xD1, 0x03, 0x3E, 0x77, 0xAA, 0x60,
    0x3E, 0x77, 0xAA, 0x60, 0x0C, 0x2C, 0x51, 0xCE, 0x12, 0x45, 0x87, 0xE5, 0x2E, 0x9C, 0xFB, 0xF6,
    0x2E, 0x9C, 0xFB, 0xF6, 0x29, 0x98, 0xFE, 0xF8, 0x31, 0x9A, 0xFE, 0xFA, 0x39, 0xA5, 0xFE, 0xFA,
    0x39, 0xA5, 0xFE, 0xFA, 0x3B, 0xA5, 0xFD, 0xFA, 0x3D, 0xA5, 0xFD, 0xFB, 0x48, 0xAB, 0xFD, 0xFB,
    0x48, 0xAB, 0xFD, 0xFB, 0x77, 0xC8, 0xFE, 0xFC, 0xA8, 0xE1, 0xFE, 0xFC, 0xB9, 0xDE, 0xFC, 0xFC,
    0xCC, 0xE6, 0xFB, 0xFD, 0xCC, 0xE6, 0xFB, 0xFD, 0xD9, 0xED, 0xFC, 0xFD, 0xE3, 0xF4, 0xFD, 0xFD,
    0xE3, 0xF2, 0xFC, 0xFD, 0xE3, 0xF2, 0xFC, 0xFD, 0xE4, 0xF1, 0xFB, 0xFD, 0xE5, 0xF3, 0xFD, 0xFD,
    0xEB, 0xFA, 0xFF, 0xFD, 0xEB, 0xFA, 0xFF, 0xFD, 0xC6, 0xD7, 0xEE, 0xFD, 0x89, 0x9A, 0xB6, 0xFD,
    0x7C, 0x8A, 0xA5, 0xFD, 0x7C, 0x8A, 0xA5, 0xFD, 0xB8, 0xC5, 0xD9, 0xFD, 0xF7, 0xFE, 0xFF, 0xFD,
    0xFE, 0xFF, 0xFF, 0xFD, 0xFE, 0xFF, 0xFF, 0xFD, 0xF6, 0xFF, 0xFF, 0xFD, 0x97, 0xA8, 0xB9, 0xFD,
    0x3D, 0x4D, 0x61, 0xFD, 0x33, 0x44, 0x5A, 0xFD, 0x33, 0x44, 0x5A, 0xFD, 0x6E, 0x84, 0x9D, 0xFD,
    0xC1, 0xDC, 0xF0, 0xFD, 0xE6, 0xFA, 0xFE, 0xFD, 0xE6, 0xFA, 0xFE, 0xFD, 0xE6, 0xF7, 0xFD, 0xFD,
    0xE9, 0xF5, 0xFB, 0xFD, 0xED, 0xFA, 0xFC, 0xFD, 0xED, 0xFA, 0xFC, 0xFD, 0xE9, 0xF7, 0xFB, 0xFD,
    0xEB, 0xF8, 0xFC, 0xFD, 0xEB, 0xF6, 0xFD, 0xFD, 0xEB, 0xF6, 0xFD, 0xFD, 0xE5, 0xF3, 0xFD, 0xFD,
    0xDB, 0xF2, 0xFE, 0xFD, 0xC1, 0xE8, 0xFD, 0xFD, 0x99, 0xD0, 0xFA, 0xFD, 0x99, 0xD0, 0xFA, 0xFD,
    0x7D, 0xC6, 0xFC, 0xFD, 0x66, 0xBA, 0xFD, 0xFD, 0x5B, 0xB7, 0xFE, 0xFD, 0x5B, 0xB7, 0xFE, 0xFD,
    0x56, 0xB4, 0xFE, 0xFD, 0x4F, 0xB2, 0xFE, 0xFD, 0x43, 0xAE, 0xFE, 0xFD, 0x43, 0xAE, 0xFE, 0xFD,
    0x35, 0xA1, 0xFD, 0xFC, 0x29, 0x91, 0xF8, 0xFD, 0x22, 0x89, 0xF2, 0xFC, 0x22, 0x89, 0xF2, 0xFC,
    0x1A, 0x82, 0xEF, 0xFC, 0x18, 0x81, 0xEF, 0xFB, 0x1A, 0x72, 0xDB, 0xFB, 0x0F, 0x4B, 0x99, 0xFB,
    0x0F, 0x4B, 0x99, 0xFB, 0x09, 0x2A, 0x62, 0xFA, 0x52, 0x78, 0xAC, 0xF9, 0x04, 0x1C, 0x4C, 0xFA,
    0x04, 0x1C, 0x4C, 0xFA, 0x3D, 0x67, 0x91, 0xF8, 0xC6, 0xED, 0xFE, 0xF9, 0xA5, 0xD5, 0xF0, 0xF9,
    0xA5, 0xD5, 0xF0, 0xF9, 0x95, 0xD0, 0xF5, 0xFA, 0x99, 0xCB, 0xF7, 0xF9, 0xB9, 0xE2, 0xFC, 0xFA,
    0xB9, 0xE2, 0xFC, 0xFA, 0xC9, 0xED, 0xFC, 0xF9, 0xC0, 0xE4, 0xF5, 0xFA, 0xB5, 0xE0, 0xFA, 0xF9,
    0xB5, 0xE0, 0xFA, 0xF9, 0x80, 0xC3, 0xEF, 0xF7, 0x69, 0xBC, 0xF3, 0xF1, 0x1B, 0x4E, 0x89, 0xF7,
    0x0F, 0x31, 0x67, 0x79, 0x0F, 0x31, 0x67, 0x79, 0x3F, 0x85, 0xCC, 0x04, 0x37, 0x82, 0xCC, 0x08,
    0x37, 0x82, 0xCB, 0x02, 0x37, 0x82, 0xCB, 0x02, 0x38, 0x82, 0xCC, 0x01, 0x00, 0x00, 0x00, 0x00,
    0x00, 0x00, 0x00, 0x00, 0x00, 0x00, 0x00, 0x00, 0x00, 0x00, 0x00, 0x00, 0x00, 0x00, 0x00, 0x00,
    0x00, 0x00, 0x00, 0x00, 0x00, 0x00, 0x00, 0x00, 0x00, 0x00, 0x00, 0x00, 0x00, 0x00, 0x00, 0x00,
    0x00, 0x00, 0x00, 0x00, 0x00, 0x00, 0x00, 0x00, 0x00, 0x00, 0x00, 0x00, 0x00, 0x00, 0x00, 0x00,
    0x00, 0x00, 0x00, 0x00, 0x00, 0x00, 0x00, 0x00, 0x00, 0x00, 0x00, 0x00, 0x00, 0x00, 0x00, 0x00,
    0x00, 0x00, 0x00, 0x00, 0x00, 0x00, 0x00, 0x00, 0x00, 0x00, 0x00, 0x00, 0x00, 0x00, 0x00, 0x00,
    0x00, 0x00, 0x00, 0x00, 0x3E, 0x88, 0xCC, 0x01, 0x40, 0x88, 0xCB, 0x01, 0x40, 0x88, 0xCB, 0x01,
    0x42, 0x8B, 0xCE, 0x01, 0x3F, 0x88, 0xCB, 0x01, 0x46, 0x91, 0xD1, 0x03, 0x3E, 0x77, 0xAA, 0x60,
    0x3E, 0x77, 0xAA, 0x60, 0x0C, 0x2C, 0x51, 0xCE, 0x12, 0x45, 0x87, 0xE5, 0x2E, 0x9C, 0xFB, 0xF6,
    0x2E, 0x9C, 0xFB, 0xF6, 0x29, 0x98, 0xFE, 0xF8, 0x31, 0x9A, 0xFE, 0xFA, 0x39, 0xA5, 0xFE, 0xFA,
    0x39, 0xA5, 0xFE, 0xFA, 0x3B, 0xA5, 0xFD, 0xFA, 0x3D, 0xA5, 0xFD, 0xFB, 0x48, 0xAB, 0xFD, 0xFB,
    0x48, 0xAB, 0xFD, 0xFB, 0x77, 0xC8, 0xFE, 0xFC, 0xA8, 0xE1, 0xFE, 0xFC, 0xB9, 0xDE, 0xFC, 0xFC,
    0xCC, 0xE6, 0xFB, 0xFD, 0xCC, 0xE6, 0xFB, 0xFD, 0xD9, 0xED, 0xFC, 0xFD, 0xE3, 0xF4, 0xFD, 0xFD,
    0xE3, 0xF2, 0xFC, 0xFD, 0xE3, 0xF2, 0xFC, 0xFD, 0xE4, 0xF1, 0xFB, 0xFD, 0xE5, 0xF3, 0xFD, 0xFD,
    0xEB, 0xFA, 0xFF, 0xFD, 0xEB, 0xFA, 0xFF, 0xFD, 0xC6, 0xD7, 0xEE, 0xFD, 0x89, 0x9A, 0xB6, 0xFD,
    0x7C, 0x8A, 0xA5, 0xFD, 0x7C, 0x8A, 0xA5, 0xFD, 0xB8, 0xC5, 0xD9, 0xFD, 0xF7, 0xFE, 0xFF, 0xFD,
    0xFE, 0xFF, 0xFF, 0xFD, 0xFE, 0xFF, 0xFF, 0xFD, 0xF6, 0xFF, 0xFF, 0xFD, 0x97, 0xA8, 0xB9, 0xFD,
    0x3D, 0x4D, 0x61, 0xFD, 0x33, 0x44, 0x5A, 0xFD, 0x33, 0x44, 0x5A, 0xFD, 0x6E, 0x84, 0x9D, 0xFD,
    0xC1, 0xDC, 0xF0, 0xFD, 0xE6, 0xFA, 0xFE, 0xFD, 0xE6, 0xFA, 0xFE, 0xFD, 0xE6, 0xF7, 0xFD, 0xFD,
    0xE9, 0xF5, 0xFB, 0xFD, 0xED, 0xFA, 0xFC, 0xFD, 0xED, 0xFA, 0xFC, 0xFD, 0xE9, 0xF7, 0xFB, 0xFD,
    0xEB, 0xF8, 0xFC, 0xFD, 0xEB, 0xF6, 0xFD, 0xFD, 0xEB, 0xF6, 0xFD, 0xFD, 0xE5, 0xF3, 0xFD, 0xFD,
    0xDB, 0xF2, 0xFE, 0xFD, 0xC1, 0xE8, 0xFD, 0xFD, 0x99, 0xD0, 0xFA, 0xFD, 0x99, 0xD0, 0xFA, 0xFD,
    0x7D, 0xC6, 0xFC, 0xFD, 0x66, 0xBA, 0xFD, 0xFD, 0x5B, 0xB7, 0xFE, 0xFD, 0x5B, 0xB7, 0xFE, 0xFD,
    0x56, 0xB4, 0xFE, 0xFD, 0x4F, 0xB2, 0xFE, 0xFD, 0x43, 0xAE, 0xFE, 0xFD, 0x43, 0xAE, 0xFE, 0xFD,
    0x35, 0xA1, 0xFD, 0xFC, 0x29, 0x91, 0xF8, 0xFD, 0x22, 0x89, 0xF2, 0xFC, 0x22, 0x89, 0xF2, 0xFC,
    0x1A, 0x82, 0xEF, 0xFC, 0x18, 0x81, 0xEF, 0xFB, 0x1A, 0x72, 0xDB, 0xFB, 0x0F, 0x4B, 0x99, 0xFB,
    0x0F, 0x4B, 0x99, 0xFB, 0x09, 0x2A, 0x62, 0xFA, 0x52, 0x78, 0xAC, 0xF9, 0x04, 0x1C, 0x4C, 0xFA,
    0x04, 0x1C, 0x4C, 0xFA, 0x3D, 0x67, 0x91, 0xF8, 0xC6, 0xED, 0xFE, 0xF9, 0xA5, 0xD5, 0xF0, 0xF9,
    0xA5, 0xD5, 0xF0, 0xF9, 0x95, 0xD0, 0xF5, 0xFA, 0x99, 0xCB, 0xF7, 0xF9, 0xB9, 0xE2, 0xFC, 0xFA,
    0xB9, 0xE2, 0xFC, 0xFA, 0xC9, 0xED, 0xFC, 0xF9, 0xC0, 0xE4, 0xF5, 0xFA, 0xB5, 0xE0, 0xFA, 0xF9,
    0xB5, 0xE0, 0xFA, 0xF9, 0x80, 0xC3, 0xEF, 0xF7, 0x69, 0xBC, 0xF3, 0xF1, 0x1B, 0x4E, 0x89, 0xF7,
    0x0F, 0x31, 0x67, 0x79, 0x0F, 0x31, 0x67, 0x79, 0x3F, 0x85, 0xCC, 0x04, 0x37, 0x82, 0xCC, 0x08,
    0x37, 0x82, 0xCB, 0x02, 0x37, 0x82, 0xCB, 0x02, 0x38, 0x82, 0xCC, 0x01, 0x00, 0x00, 0x00, 0x00,
    0x00, 0x00, 0x00, 0x00, 0x00, 0x00, 0x00, 0x00, 0x00, 0x00, 0x00, 0x00, 0x00, 0x00, 0x00, 0x00,
    0x00, 0x00, 0x00, 0x00, 0x00, 0x00, 0x00, 0x00, 0x00, 0x00, 0x00, 0x00, 0x00, 0x00, 0x00, 0x00,
    0x00, 0x00, 0x00, 0x00, 0x00, 0x00, 0x00, 0x00, 0x00, 0x00, 0x00, 0x00, 0x00, 0x00, 0x00, 0x00,
    0x00, 0x00, 0x00, 0x00, 0x00, 0x00, 0x00, 0x00, 0x00, 0x00, 0x00, 0x00, 0x00, 0x00, 0x00, 0x00,
    0x00, 0x00, 0x00, 0x00, 0x00, 0x00, 0x00, 0x00, 0x00, 0x00, 0x00, 0x00, 0x00, 0x00, 0x00, 0x00,
    0x00, 0x00, 0x00, 0x00, 0x3F, 0x88, 0xCC, 0x01, 0x41, 0x89, 0xCC, 0x01, 0x41, 0x89, 0xCC, 0x01,
    0x42, 0x89, 0xCC, 0x01, 0x43, 0x8A, 0xCE, 0x02, 0x40, 0x87, 0xCD, 0x04, 0x43, 0x90, 0xD3, 0x0B,
    0x43, 0x90, 0xD3, 0x0B, 0x41, 0x82, 0xBB, 0x2E, 0x22, 0x5C, 0x8D, 0xC2, 0x1B, 0x5E, 0x9B, 0xE6,
    0x1B, 0x5E, 0x9B, 0xE6, 0x32, 0x85, 0xDC, 0xF9, 0x3B, 0xA6, 0xFE, 0xF7, 0x37, 0xA0, 0xFD, 0xFC,
    0x37, 0xA0, 0xFD, 0xFC, 0x38, 0xA2, 0xFE, 0xFB, 0x38, 0x9E, 0xFC, 0xFB, 0x4E, 0xAD, 0xFC, 0xFB,
    0x4E, 0xAD, 0xFC, 0xFB, 0x7C, 0xBF, 0xFC, 0xFC, 0xA1, 0xD0, 0xFC, 0xFC, 0xB7, 0xDE, 0xFC, 0xFD,
    0xC9, 0xE7, 0xFC, 0xFD, 0xC9, 0xE7, 0xFC, 0xFD, 0xD7, 0xEC, 0xFD, 0xFD, 0xDC, 0xED, 0xFC, 0xFD,
    0xDF, 0xEE, 0xFC, 0xFD, 0xDF, 0xEE, 0xFC, 0xFD, 0xE3, 0xF2, 0xFC, 0xFD, 0xE2, 0xEF, 0xFA, 0xFD,
    0xE4, 0xF2, 0xFC, 0xFD, 0xE4, 0xF2, 0xFC, 0xFD, 0xEA, 0xFA, 0xFF, 0xFD, 0xF8, 0xFF, 0xFF, 0xFD,
    0xF7, 0xFF, 0xFF, 0xFD, 0xF7, 0xFF, 0xFF, 0xFD, 0xFB, 0xFF, 0xFF, 0xFD, 0xF3, 0xFA, 0xFC, 0xFD,
    0xF6, 0xF9, 0xFC, 0xFD, 0xF6, 0xF9, 0xFC, 0xFD, 0xF6, 0xFC, 0xFE, 0xFD, 0xF9, 0xFF, 0xFF, 0xFD,
    0xE4, 0xF2, 0xF9, 0xFD, 0xDF, 0xEE, 0xF6, 0xFD, 0xDF, 0xEE, 0xF6, 0xFD, 0xEC, 0xF9, 0xFD, 0xFD,
    0xED, 0xFB, 0xFE, 0xFD, 0xE6, 0xF6, 0xFC, 0xFD, 0xE6, 0xF6, 0xFC, 0xFD, 0xEA, 0xF6, 0xFC, 0xFD,
    0xEA, 0xF5, 0xFC, 0xFD, 0xE9, 0xF7, 0xFC, 0xFD, 0xE9, 0xF7, 0xFC, 0xFD, 0xEA, 0xF8, 0xFD, 0xFD,
    0xEC, 0xF9, 0xFD, 0xFD, 0xEA, 0xF5, 0xFB, 0xFD, 0xEA, 0xF5, 0xFB, 0xFD, 0xED, 0xF6, 0xFC, 0xFD,
    0xEA, 0xF6, 0xFD, 0xFD, 0xD9, 0xE8, 0xFB, 0xFD, 0xC3, 0xE0, 0xFA, 0xFD, 0xC3, 0xE0, 0xFA, 0xFD,
    0xA6, 0xD6, 0xFC, 0xFD, 0x7C, 0xB9, 0xF6, 0xFD, 0x64, 0xB2, 0xFC, 0xFD, 0x64, 0xB2, 0xFC, 0xFD,
    0x5D, 0xB9, 0xFE, 0xFD, 0x4D, 0xAD, 0xFE, 0xFD, 0x35, 0x99, 0xF8, 0xFD, 0x35, 0x99, 0xF8, 0xFD,
    0x29, 0x8F, 0xF9, 0xFD, 0x20, 0x81, 0xF1, 0xFC, 0x20, 0x8A, 0xF5, 0xFC, 0x20, 0x8A, 0xF5, 0xFC,
    0x19, 0x7D, 0xEB, 0xFC, 0x16, 0x6F, 0xD3, 0xFC, 0x07, 0x38, 0x8C, 0xFB, 0x06, 0x2B, 0x67, 0xFA,
    0x06, 0x2B, 0x67, 0xFA, 0x54, 0x89, 0xB6, 0xFA, 0x82, 0xB1, 0xDB, 0xFA, 0x02, 0x0F, 0x30, 0xFA,
    0x02, 0x0F, 0x30, 0xFA, 0x4F, 0x71, 0x98, 0xFA, 0xB6, 0xE4, 0xFD, 0xF9, 0x82, 0xB8, 0xE8, 0xFA,
    0x82, 0xB8, 0xE8, 0xFA, 0x78, 0xBC, 0xF5, 0xFA, 0x8B, 0xD0, 0xFC, 0xFA, 0xA2, 0xCF, 0xF9, 0xFA,
    0xA2, 0xCF, 0xF9, 0xFA, 0xB1, 0xDE, 0xFA, 0xFA, 0xB0, 0xE3, 0xFB, 0xFA, 0x9F, 0xD9, 0xFB, 0xFB,
    0x9F, 0xD9, 0xFB, 0xFB, 0x71, 0xC7, 0xF9, 0xFA, 0x65, 0xCC, 0xFB, 0xF4, 0x10, 0x3E, 0x81, 0xF4,
    0x01, 0x09, 0x28, 0x94, 0x01, 0x09, 0x28, 0x94, 0x3F, 0x82, 0xC3, 0x1E, 0x36, 0x82, 0xCC, 0x0B,
    0x37, 0x80, 0xCA, 0x01, 0x37, 0x80, 0xCA, 0x01, 0x38, 0x81, 0xCC, 0x02, 0x00, 0x00, 0x00, 0x00,
    0x00, 0x00, 0x00, 0x00, 0x00, 0x00, 0x00, 0x00, 0x00, 0x00, 0x00, 0x00, 0x00, 0x00, 0x00, 0x00,
    0x00, 0x00, 0x00, 0x00, 0x00, 0x00, 0x00, 0x00, 0x00, 0x00, 0x00, 0x00, 0x00, 0x00, 0x00, 0x00,
    0x00, 0x00, 0x00, 0x00, 0x00, 0x00, 0x00, 0x00, 0x00, 0x00, 0x00, 0x00, 0x00, 0x00, 0x00, 0x00,
    0x00, 0x00, 0x00, 0x00, 0x00, 0x00, 0x00, 0x00, 0x00, 0x00, 0x00, 0x00, 0x00, 0x00, 0x00, 0x00,
    0x00, 0x00, 0x00, 0x00, 0x00, 0x00, 0x00, 0x00, 0x00, 0x00, 0x00, 0x00, 0x00, 0x00, 0x00, 0x00,
    0x00, 0x00, 0x00, 0x00, 0x3F, 0x88, 0xCC, 0x01, 0x41, 0x8A, 0xCC, 0x01, 0x41, 0x8A, 0xCC, 0x01,
    0x42, 0x8A, 0xCD, 0x01, 0x44, 0x8A, 0xCD, 0x01, 0x46, 0x8B, 0xCE, 0x02, 0x43, 0x8A, 0xCD, 0x06,
    0x43, 0x8A, 0xCD, 0x06, 0x41, 0x8B, 0xCD, 0x02, 0x4B, 0x93, 0xC9, 0x3B, 0x17, 0x3C, 0x5F, 0x92,
    0x17, 0x3C, 0x5F, 0x92, 0x06, 0x19, 0x39, 0xE7, 0x2E, 0x74, 0xB3, 0xEF, 0x3D, 0x9D, 0xF5, 0xF7,
    0x3D, 0x9D, 0xF5, 0xF7, 0x39, 0xA8, 0xFE, 0xF6, 0x3A, 0xA5, 0xFD, 0xFA, 0x51, 0xB3, 0xFD, 0xF9,
    0x51, 0xB3, 0xFD, 0xF9, 0x7E, 0xC9, 0xFD, 0xFB, 0x9C, 0xD3, 0xFC, 0xFC, 0xAC, 0xDC, 0xFC, 0xFD,
    0xC0, 0xEA, 0xFD, 0xFD, 0xC0, 0xEA, 0xFD, 0xFD, 0xD3, 0xEE, 0xFD, 0xFD, 0xDB, 0xEE, 0xFC, 0xFD,
    0xDE, 0xF1, 0xFC, 0xFD, 0xDE, 0xF1, 0xFC, 0xFD, 0xE1, 0xF3, 0xFD, 0xFD, 0xE0, 0xF1, 0xFD, 0xFD,
    0xE4, 0xF3, 0xFC, 0xFD, 0xE4, 0xF3, 0xFC, 0xFD, 0xE8, 0xF3, 0xFA, 0xFD, 0xEA, 0xF5, 0xFB, 0xFD,
    0xEC, 0xF5, 0xFB, 0xFD, 0xEC, 0xF5, 0xFB, 0xFD, 0xF1, 0xF8, 0xFC, 0xFD, 0xF6, 0xFD, 0xFE, 0xFD,
    0xF6, 0xFC, 0xFD, 0xFD, 0xF6, 0xFC, 0xFD, 0xFD, 0xF2, 0xF9, 0xFC, 0xFD, 0xF0, 0xF8, 0xFB, 0xFD,
    0xF1, 0xFA, 0xFC, 0xFD, 0xF0, 0xFA, 0xFB, 0xFD, 0xF0, 0xFA, 0xFB, 0xFD, 0xEC, 0xF6, 0xFA, 0xFD,
    0xE9, 0xF5, 0xFB, 0xFD, 0xE7, 0xF5, 0xFC, 0xFD, 0xE7, 0xF5, 0xFC, 0xFD, 0xE7, 0xF6, 0xFD, 0xFD,
    0xE7, 0xF5, 0xFD, 0xFD, 0xE7, 0xF6, 0xFD, 0xFD, 0xE7, 0xF6, 0xFD, 0xFD, 0xE7, 0xF6, 0xFD, 0xFD,
    0xE8, 0xF5, 0xFC, 0xFD, 0xE9, 0xF6, 0xFD, 0xFD, 0xE9, 0xF6, 0xFD, 0xFD, 0xE6, 0xF3, 0xFC, 0xFD,
    0xE0, 0xED, 0xFA, 0xFD, 0xD9, 0xEB, 0xFB, 0xFD, 0xCF, 0xEB, 0xFC, 0xFD, 0xCF, 0xEB, 0xFC, 0xFD,
    0xB7, 0xDE, 0xFC, 0xFD, 0x92, 0xCE, 0xFB, 0xFD, 0x71, 0xC1, 0xFD, 0xFD, 0x71, 0xC1, 0xFD, 0xFD,
    0x56, 0xB0, 0xFC, 0xFD, 0x36, 0x92, 0xF1, 0xFC, 0x2B, 0x8A, 0xEF, 0xFD, 0x2B, 0x8A, 0xEF, 0xFD,
    0x2F, 0x9B, 0xFC, 0xFC, 0x25, 0x87, 0xF5, 0xFC, 0x21, 0x7D, 0xE3, 0xFC, 0x21, 0x7D, 0xE3, 0xFC,
    0x11, 0x54, 0xB1, 0xFB, 0x08, 0x36, 0x82, 0xFB, 0x1B, 0x4B, 0x8A, 0xFB, 0x54, 0x85, 0xB9, 0xFA,
    0x54, 0x85, 0xB9, 0xFA, 0x83, 0xBB, 0xDE, 0xFA, 0x81, 0xB5, 0xD7, 0xF9, 0x06, 0x25, 0x4B, 0xFA,
    0x06, 0x25, 0x4B, 0xFA, 0x3E, 0x71, 0x9F, 0xFA, 0x7F, 0xD2, 0xFB, 0xFA, 0x50, 0xAD, 0xF4, 0xF9,
    0x50, 0xAD, 0xF4, 0xF9, 0x52, 0xAC, 0xFA, 0xFA, 0x59, 0xB7, 0xFC, 0xFA, 0x61, 0xB4, 0xF9, 0xFA,
    0x61, 0xB4, 0xF9, 0xFA, 0x67, 0xC0, 0xFA, 0xFA, 0x5D, 0xB6, 0xF8, 0xFA, 0x56, 0xB0, 0xF9, 0xFA,
    0x56, 0xB0, 0xF9, 0xFA, 0x40, 0xA4, 0xF6, 0xF9, 0x47, 0xB3, 0xF8, 0xF4, 0x0F, 0x3F, 0x82, 0xF8,
    0x01, 0x0E, 0x28, 0xB9, 0x01, 0x0E, 0x28, 0xB9, 0x3D, 0x81, 0xBC, 0x26, 0x35, 0x81, 0xCA, 0x0B,
    0x37, 0x80, 0xCA, 0x02, 0x37, 0x80, 0xCA, 0x02, 0x39, 0x82, 0xCC, 0x02, 0x00, 0x00, 0x00, 0x00,
    0x00, 0x00, 0x00, 0x00, 0x00, 0x00, 0x00, 0x00, 0x00, 0x00, 0x00, 0x00, 0x00, 0x00, 0x00, 0x00,
    0x00, 0x00, 0x00, 0x00, 0x00, 0x00, 0x00, 0x00, 0x00, 0x00, 0x00, 0x00, 0x00, 0x00, 0x00, 0x00,
    0x00, 0x00, 0x00, 0x00, 0x00, 0x00, 0x00, 0x00, 0x00, 0x00, 0x00, 0x00, 0x00, 0x00, 0x00, 0x00,
    0x00, 0x00, 0x00, 0x00, 0x00, 0x00, 0x00, 0x00, 0x00, 0x00, 0x00, 0x00, 0x00, 0x00, 0x00, 0x00,
    0x00, 0x00, 0x00, 0x00, 0x00, 0x00, 0x00, 0x00, 0x00, 0x00, 0x00, 0x00, 0x00, 0x00, 0x00, 0x00,
    0x00, 0x00, 0x00, 0x00, 0x3F, 0x88, 0xCC, 0x01, 0x41, 0x89, 0xCC, 0x01, 0x41, 0x89, 0xCC, 0x01,
    0x42, 0x8A, 0xCC, 0x01, 0x44, 0x8A, 0xCC, 0x02, 0x46, 0x8B, 0xCD, 0x01, 0x47, 0x8C, 0xCE, 0x03,
    0x47, 0x8C, 0xCE, 0x03, 0x44, 0x8B, 0xCD, 0x04, 0x47, 0x90, 0xD2, 0x01, 0x48, 0x85, 0xBB, 0x18,
    0x48, 0x85, 0xBB, 0x18, 0x1A, 0x3A, 0x5D, 0x7C, 0x0A, 0x28, 0x45, 0xDA, 0x11, 0x40, 0x7A, 0xEC,
    0x11, 0x40, 0x7A, 0xEC, 0x34, 0x8B, 0xD2, 0xF8, 0x3C, 0x95, 0xEB, 0xFB, 0x4F, 0xA1, 0xF7, 0xFA,
    0x4F, 0xA1, 0xF7, 0xFA, 0x77, 0xC2, 0xFC, 0xFB, 0x91, 0xD4, 0xFD, 0xFB, 0x92, 0xC9, 0xF9, 0xFD,
    0xA4, 0xD4, 0xFA, 0xFD, 0xA4, 0xD4, 0xFA, 0xFD, 0xC4, 0xE5, 0xFD, 0xFD, 0xD5, 0xEC, 0xFC, 0xFD,
    0xD8, 0xEB, 0xFA, 0xFD, 0xD8, 0xEB, 0xFA, 0xFD, 0xDA, 0xED, 0xFB, 0xFD, 0xDF, 0xF1, 0xFD, 0xFD,
    0xE1, 0xF2, 0xFD, 0xFD, 0xE1, 0xF2, 0xFD, 0xFD, 0xE4, 0xF0, 0xFB, 0xFD, 0xE8, 0xF3, 0xFB, 0xFD,
    0xEA, 0xF4, 0xFC, 0xFD, 0xEA, 0xF4, 0xFC, 0xFD, 0xEC, 0xF6, 0xFC, 0xFD, 0xEC, 0xF5, 0xFC, 0xFD,
    0xEF, 0xF9, 0xFD, 0xFD, 0xEF, 0xF9, 0xFD, 0xFD, 0xEB, 0xF6, 0xFB, 0xFD, 0xEC, 0xF6, 0xFB, 0xFD,
    0xEB, 0xF4, 0xFA, 0xFD, 0xE9, 0xF3, 0xF9, 0xFD, 0xE9, 0xF3, 0xF9, 0xFD, 0xE8, 0xF3, 0xFA, 0xFD,
    0xE4, 0xF3, 0xFB, 0xFD, 0xE2, 0xF3, 0xFD, 0xFD, 0xE2, 0xF3, 0xFD, 0xFD, 0xE0, 0xF2, 0xFE, 0xFD,
    0xDF, 0xEF, 0xFD, 0xFD, 0xE0, 0xF1, 0xFD, 0xFD, 0xE0, 0xF1, 0xFD, 0xFD, 0xDF, 0xEF, 0xFC, 0xFD,
    0xDE, 0xED, 0xFB, 0xFD, 0xDE, 0xEC, 0xFB, 0xFD, 0xDE, 0xEC, 0xFB, 0xFD, 0xDB, 0xEF, 0xFC, 0xFD,
    0xD2, 0xE9, 0xFA, 0xFD, 0xCA, 0xE6, 0xFB, 0xFD, 0xBB, 0xD9, 0xF8, 0xFD, 0xBB, 0xD9, 0xF8, 0xFD,
    0xA7, 0xCF, 0xF8, 0xFD, 0x8C, 0xCA, 0xFB, 0xFD, 0x5F, 0xAE, 0xF9, 0xFD, 0x5F, 0xAE, 0xF9, 0xFD,
    0x3C, 0x90, 0xEE, 0xFD, 0x39, 0x98, 0xF7, 0xFC, 0x3E, 0x99, 0xF7, 0xFC, 0x3E, 0x99, 0xF7, 0xFC,
    0x35, 0x86, 0xE1, 0xFC, 0x19, 0x57, 0xAC, 0xFC, 0x0B, 0x31, 0x7D, 0xFC, 0x0B, 0x31, 0x7D, 0xFC,
    0x03, 0x1C, 0x5F, 0xFC, 0x1A, 0x44, 0x83, 0xFB, 0x62, 0xA4, 0xD5, 0xFB, 0x6F, 0xA5, 0xCF, 0xFA,
    0x6F, 0xA5, 0xCF, 0xFA, 0x6F, 0x98, 0xBD, 0xFA, 0x85, 0xB1, 0xD4, 0xFA, 0x0D, 0x27, 0x55, 0xFB,
    0x0D, 0x27, 0x55, 0xFB, 0x15, 0x45, 0x8A, 0xFA, 0x3C, 0x94, 0xEA, 0xFB, 0x2F, 0x9F, 0xF9, 0xFA,
    0x2F, 0x9F, 0xF9, 0xFA, 0x36, 0xA2, 0xFB, 0xFB, 0x3A, 0xA9, 0xFB, 0xFA, 0x34, 0xA1, 0xFA, 0xFA,
    0x34, 0xA1, 0xFA, 0xFA, 0x2F, 0xA1, 0xF9, 0xFA, 0x2E, 0x9D, 0xF9, 0xFA, 0x26, 0x93, 0xF8, 0xFA,
    0x26, 0x93, 0xF8, 0xFA, 0x20, 0x91, 0xF6, 0xFA, 0x30, 0xA0, 0xF6, 0xF6, 0x0D, 0x39, 0x80, 0xF9,
    0x00, 0x0A, 0x21, 0xC4, 0x00, 0x0A, 0x21, 0xC4, 0x39, 0x7C, 0xB9, 0x29, 0x33, 0x7F, 0xCA, 0x0C,
    0x37, 0x80, 0xCA, 0x03, 0x37, 0x80, 0xCA, 0x03, 0x38, 0x81, 0xCC, 0x02, 0x00, 0x00, 0x00, 0x00,
    0x00, 0x00, 0x00, 0x00, 0x00, 0x00, 0x00, 0x00, 0x00, 0x00, 0x00, 0x00, 0x00, 0x00, 0x00, 0x00,
    0x00, 0x00, 0x00, 0x00, 0x00, 0x00, 0x00, 0x00, 0x00, 0x00, 0x00, 0x00, 0x00, 0x00, 0x00, 0x00,
    0x00, 0x00, 0x00, 0x00, 0x00, 0x00, 0x00, 0x00, 0x00, 0x00, 0x00, 0x00, 0x00, 0x00, 0x00, 0x00,
    0x00, 0x00, 0x00, 0x00, 0x00, 0x00, 0x00, 0x00, 0x00, 0x00, 0x00, 0x00, 0x00, 0x00, 0x00, 0x00,
    0x00, 0x00, 0x00, 0x00, 0x00, 0x00, 0x00, 0x00, 0x00, 0x00, 0x00, 0x00, 0x00, 0x00, 0x00, 0x00,
    0x00, 0x00, 0x00, 0x00, 0x3F, 0x88, 0xCC, 0x01, 0x41, 0x89, 0xCC, 0x01, 0x41, 0x89, 0xCC, 0x01,
    0x42, 0x8A, 0xCC, 0x01, 0x44, 0x8A, 0xCC, 0x02, 0x46, 0x8B, 0xCD, 0x01, 0x47, 0x8C, 0xCE, 0x03,
    0x47, 0x8C, 0xCE, 0x03, 0x44, 0x8B, 0xCD, 0x04, 0x47, 0x90, 0xD2, 0x01, 0x48, 0x85, 0xBB, 0x18,
    0x48, 0x85, 0xBB, 0x18, 0x1A, 0x3A, 0x5D, 0x7C, 0x0A, 0x28, 0x45, 0xDA, 0x11, 0x40, 0x7A, 0xEC,
    0x11, 0x40, 0x7A, 0xEC, 0x34, 0x8B, 0xD2, 0xF8, 0x3C, 0x95, 0xEB, 0xFB, 0x4F, 0xA1, 0xF7, 0xFA,
    0x4F, 0xA1, 0xF7, 0xFA, 0x77, 0xC2, 0xFC, 0xFB, 0x91, 0xD4, 0xFD, 0xFB, 0x92, 0xC9, 0xF9, 0xFD,
    0xA4, 0xD4, 0xFA, 0xFD, 0xA4, 0xD4, 0xFA, 0xFD, 0xC4, 0xE5, 0xFD, 0xFD, 0xD5, 0xEC, 0xFC, 0xFD,
    0xD8, 0xEB, 0xFA, 0xFD, 0xD8, 0xEB, 0xFA, 0xFD, 0xDA, 0xED, 0xFB, 0xFD, 0xDF, 0xF1, 0xFD, 0xFD,
    0xE1, 0xF2, 0xFD, 0xFD, 0xE1, 0xF2, 0xFD, 0xFD, 0xE4, 0xF0, 0xFB, 0xFD, 0xE8, 0xF3, 0xFB, 0xFD,
    0xEA, 0xF4, 0xFC, 0xFD, 0xEA, 0xF4, 0xFC, 0xFD, 0xEC, 0xF6, 0xFC, 0xFD, 0xEC, 0xF5, 0xFC, 0xFD,
    0xEF, 0xF9, 0xFD, 0xFD, 0xEF, 0xF9, 0xFD, 0xFD, 0xEB, 0xF6, 0xFB, 0xFD, 0xEC, 0xF6, 0xFB, 0xFD,
    0xEB, 0xF4, 0xFA, 0xFD, 0xE9, 0xF3, 0xF9, 0xFD, 0xE9, 0xF3, 0xF9, 0xFD, 0xE8, 0xF3, 0xFA, 0xFD,
    0xE4, 0xF3, 0xFB, 0xFD, 0xE2, 0xF3, 0xFD, 0xFD, 0xE2, 0xF3, 0xFD, 0xFD, 0xE0, 0xF2, 0xFE, 0xFD,
    0xDF, 0xEF, 0xFD, 0xFD, 0xE0, 0xF1, 0xFD, 0xFD, 0xE0, 0xF1, 0xFD, 0xFD, 0xDF, 0xEF, 0xFC, 0xFD,
    0xDE, 0xED, 0xFB, 0xFD, 0xDE, 0xEC, 0xFB, 0xFD, 0xDE, 0xEC, 0xFB, 0xFD, 0xDB, 0xEF, 0xFC, 0xFD,
    0xD2, 0xE9, 0xFA, 0xFD, 0xCA, 0xE6, 0xFB, 0xFD, 0xBB, 0xD9, 0xF8, 0xFD, 0xBB, 0xD9, 0xF8, 0xFD,
    0xA7, 0xCF, 0xF8, 0xFD, 0x8C, 0xCA, 0xFB, 0xFD, 0x5F, 0xAE, 0xF9, 0xFD, 0x5F, 0xAE, 0xF9, 0xFD,
    0x3C, 0x90, 0xEE, 0xFD, 0x39, 0x98, 0xF7, 0xFC, 0x3E, 0x99, 0xF7, 0xFC, 0x3E, 0x99, 0xF7, 0xFC,
    0x35, 0x86, 0xE1, 0xFC, 0x19, 0x57, 0xAC, 0xFC, 0x0B, 0x31, 0x7D, 0xFC, 0x0B, 0x31, 0x7D, 0xFC,
    0x03, 0x1C, 0x5F, 0xFC, 0x1A, 0x44, 0x83, 0xFB, 0x62, 0xA4, 0xD5, 0xFB, 0x6F, 0xA5, 0xCF, 0xFA,
    0x6F, 0xA5, 0xCF, 0xFA, 0x6F, 0x98, 0xBD, 0xFA, 0x85, 0xB1, 0xD4, 0xFA, 0x0D, 0x27, 0x55, 0xFB,
    0x0D, 0x27, 0x55, 0xFB, 0x15, 0x45, 0x8A, 0xFA, 0x3C, 0x94, 0xEA, 0xFB, 0x2F, 0x9F, 0xF9, 0xFA,
    0x2F, 0x9F, 0xF9, 0xFA, 0x36, 0xA2, 0xFB, 0xFB, 0x3A, 0xA9, 0xFB, 0xFA, 0x34, 0xA1, 0xFA, 0xFA,
    0x34, 0xA1, 0xFA, 0xFA, 0x2F, 0xA1, 0xF9, 0xFA, 0x2E, 0x9D, 0xF9, 0xFA, 0x26, 0x93, 0xF8, 0xFA,
    0x26, 0x93, 0xF8, 0xFA, 0x20, 0x91, 0xF6, 0xFA, 0x30, 0xA0, 0xF6, 0xF6, 0x0D, 0x39, 0x80, 0xF9,
    0x00, 0x0A, 0x21, 0xC4, 0x00, 0x0A, 0x21, 0xC4, 0x39, 0x7C, 0xB9, 0x29, 0x33, 0x7F, 0xCA, 0x0C,
    0x37, 0x80, 0xCA, 0x03, 0x37, 0x80, 0xCA, 0x03, 0x38, 0x81, 0xCC, 0x02, 0x00, 0x00, 0x00, 0x00,
    0x00, 0x00, 0x00, 0x00, 0x00, 0x00, 0x00, 0x00, 0x00, 0x00, 0x00, 0x00, 0x00, 0x00, 0x00, 0x00,
    0x00, 0x00, 0x00, 0x00, 0x00, 0x00, 0x00, 0x00, 0x00, 0x00, 0x00, 0x00, 0x00, 0x00, 0x00, 0x00,
    0x00, 0x00, 0x00, 0x00, 0x00, 0x00, 0x00, 0x00, 0x00, 0x00, 0x00, 0x00, 0x00, 0x00, 0x00, 0x00,
    0x00, 0x00, 0x00, 0x00, 0x00, 0x00, 0x00, 0x00, 0x00, 0x00, 0x00, 0x00, 0x00, 0x00, 0x00, 0x00,
    0x00, 0x00, 0x00, 0x00, 0x00, 0x00, 0x00, 0x00, 0x00, 0x00, 0x00, 0x00, 0x00, 0x00, 0x00, 0x00,
    0x3E, 0x88, 0xCC, 0x01, 0x40, 0x89, 0xCC, 0x01, 0x41, 0x89, 0xCC, 0x01, 0x41, 0x89, 0xCC, 0x01,
    0x42, 0x89, 0xCC, 0x01, 0x43, 0x8A, 0xCC, 0x01, 0x45, 0x8C, 0xCD, 0x02, 0x47, 0x8C, 0xCE, 0x02,
    0x47, 0x8C, 0xCE, 0x02, 0x49, 0x8E, 0xD1, 0x02, 0x48, 0x8D, 0xD1, 0x04, 0x4E, 0x94, 0xD6, 0x03,
    0x4E, 0x94, 0xD6, 0x03, 0x53, 0x95, 0xCE, 0x09, 0x3F, 0x77, 0xA5, 0x4C, 0x28, 0x53, 0x7F, 0x76,
    0x28, 0x53, 0x7F, 0x76, 0x1D, 0x54, 0x84, 0xDF, 0x15, 0x48, 0x88, 0xE7, 0x35, 0x75, 0xBF, 0xF9,
    0x35, 0x75, 0xBF, 0xF9, 0x69, 0xB0, 0xF4, 0xFA, 0x7C, 0xCA, 0xFD, 0xFA, 0x67, 0xA8, 0xF1, 0xFD,
    0x6D, 0xA6, 0xE8, 0xFD, 0x6D, 0xA6, 0xE8, 0xFD, 0xA1, 0xCE, 0xF8, 0xFD, 0xC9, 0xEE, 0xFE, 0xFD,
    0xD1, 0xEA, 0xFC, 0xFD, 0xD1, 0xEA, 0xFC, 0xFD, 0xD1, 0xE6, 0xFA, 0xFD, 0xD4, 0xE8, 0xFA, 0xFD,
    0xD9, 0xED, 0xFC, 0xFD, 0xD9, 0xED, 0xFC, 0xFD, 0xDD, 0xEF, 0xFC, 0xFD, 0xDF, 0xEF, 0xFD, 0xFD,
    0xE1, 0xEF, 0xFC, 0xFD, 0xE1, 0xEF, 0xFC, 0xFD, 0xE3, 0xF2, 0xFD, 0xFD, 0xE2, 0xF1, 0xFC, 0xFD,
    0xDF, 0xEF, 0xFC, 0xFD, 0xDF, 0xEF, 0xFC, 0xFD, 0xDF, 0xF1, 0xFC, 0xFD, 0xDF, 0xF1, 0xFC, 0xFD,
    0xDE, 0xF0, 0xFC, 0xFD, 0xDD, 0xF0, 0xFC, 0xFD, 0xDD, 0xF0, 0xFC, 0xFD, 0xDC, 0xEF, 0xFC, 0xFD,
    0xDB, 0xEE, 0xFC, 0xFD, 0xD8, 0xEE, 0xFC, 0xFD, 0xD8, 0xEE, 0xFC, 0xFD, 0xD7, 0xED, 0xFD, 0xFD,
    0xD6, 0xEB, 0xFD, 0xFD, 0xD3, 0xE6, 0xFA, 0xFD, 0xD3, 0xE6, 0xFA, 0xFD, 0xD2, 0xE7, 0xFA, 0xFD,
    0xD3, 0xEA, 0xFC, 0xFD, 0xCE, 0xE2, 0xF8, 0xFD, 0xCE, 0xE2, 0xF8, 0xFD, 0xC4, 0xDD, 0xF7, 0xFD,
    0xB9, 0xD8, 0xF6, 0xFD, 0xAB, 0xCF, 0xF5, 0xFD, 0x96, 0xBE, 0xE8, 0xFD, 0x96, 0xBE, 0xE8, 0xFD,
    0x81, 0xB4, 0xE9, 0xFD, 0x68, 0xA6, 0xE8, 0xFD, 0x55, 0x9D, 0xED, 0xFC, 0x55, 0x9D, 0xED, 0xFC,
    0x47, 0x8C, 0xE0, 0xFC, 0x4F, 0x9F, 0xEF, 0xFC, 0x22, 0x5C, 0xAB, 0xFC, 0x22, 0x5C, 0xAB, 0xFC,
    0x06, 0x2B, 0x7D, 0xFC, 0x02, 0x1F, 0x6F, 0xFC, 0x08, 0x31, 0x78, 0xFC, 0x08, 0x31, 0x78, 0xFC,
    0x03, 0x1C, 0x61, 0xFC, 0x11, 0x35, 0x74, 0xFB, 0x4D, 0x88, 0xBE, 0xFB, 0x67, 0xA5, 0xCD, 0xFA,
    0x67, 0xA5, 0xCD, 0xFA, 0x67, 0x99, 0xBC, 0xFA, 0x88, 0xC2, 0xE0, 0xFA, 0x1B, 0x40, 0x65, 0xFA,
    0x1B, 0x40, 0x65, 0xFA, 0x0A, 0x39, 0x80, 0xFA, 0x27, 0x82, 0xE5, 0xFA, 0x2B, 0x9F, 0xF6, 0xFA,
    0x2B, 0x9F, 0xF6, 0xFA, 0x30, 0xA2, 0xF9, 0xFB, 0x31, 0xA5, 0xFA, 0xFA, 0x2E, 0xA3, 0xFA, 0xFA,
    0x2E, 0xA3, 0xFA, 0xFA, 0x2A, 0xA0, 0xF9, 0xFA, 0x26, 0x9B, 0xF9, 0xFA, 0x22, 0x97, 0xF8, 0xFA,
    0x22, 0x97, 0xF8, 0xFA, 0x1C, 0x96, 0xF8, 0xF9, 0x2A, 0x9F, 0xF7, 0xF6, 0x0D, 0x39, 0x7D, 0xF9,
    0x02, 0x10, 0x27, 0xC7, 0x02, 0x10, 0x27, 0xC7, 0x39, 0x7D, 0xBB, 0x2C, 0x32, 0x7F, 0xCA, 0x0D,
    0x35, 0x7F, 0xCA, 0x03, 0x35, 0x7F, 0xCA, 0x03, 0x37, 0x7F, 0xCB, 0x02, 0x00, 0x00, 0x00, 0x00,
    0x00, 0x00, 0x00, 0x00, 0x00, 0x00, 0x00, 0x00, 0x00, 0x00, 0x00, 0x00, 0x00, 0x00, 0x00, 0x00,
    0x00, 0x00, 0x00, 0x00, 0x00, 0x00, 0x00, 0x00, 0x00, 0x00, 0x00, 0x00, 0x00, 0x00, 0x00, 0x00,
    0x00, 0x00, 0x00, 0x00, 0x00, 0x00, 0x00, 0x00, 0x00, 0x00, 0x00, 0x00, 0x00, 0x00, 0x00, 0x00,
    0x00, 0x00, 0x00, 0x00, 0x00, 0x00, 0x00, 0x00, 0x00, 0x00, 0x00, 0x00, 0x00, 0x00, 0x00, 0x00,
    0x00, 0x00, 0x00, 0x00, 0x00, 0x00, 0x00, 0x00, 0x00, 0x00, 0x00, 0x00, 0x00, 0x00, 0x00, 0x00,
    0x3E, 0x88, 0xCC, 0x01, 0x00, 0x00, 0x00, 0x00, 0x40, 0x89, 0xCC, 0x01, 0x40, 0x89, 0xCC, 0x01,
    0x42, 0x8A, 0xCB, 0x01, 0x43, 0x8A, 0xCC, 0x01, 0x44, 0x8B, 0xCD, 0x02, 0x46, 0x8D, 0xCF, 0x01,
    0x46, 0x8D, 0xCF, 0x01, 0x48, 0x8E, 0xD0, 0x02, 0x4A, 0x90, 0xD1, 0x02, 0x4A, 0x90, 0xD1, 0x04,
    0x4A, 0x90, 0xD1, 0x04, 0x4B, 0x8F, 0xD2, 0x02, 0x51, 0x99, 0xD7, 0x01, 0x4D, 0x98, 0xCD, 0x06,
    0x4D, 0x98, 0xCD, 0x06, 0x4A, 0x8F, 0xBF, 0x5D, 0x1F, 0x49, 0x75, 0xAC, 0x0C, 0x26, 0x52, 0xEF,
    0x0C, 0x26, 0x52, 0xEF, 0x1F, 0x43, 0x7F, 0xF7, 0x41, 0x7A, 0xC0, 0xFB, 0x4D, 0x8E, 0xE4, 0xFD,
    0x57, 0xA3, 0xF0, 0xFD, 0x57, 0xA3, 0xF0, 0xFD, 0x78, 0xBC, 0xF7, 0xFD, 0x9B, 0xCC, 0xFA, 0xFD,
    0xAF, 0xD2, 0xF9, 0xFD, 0xAF, 0xD2, 0xF9, 0xFD, 0xC0, 0xE3, 0xFD, 0xFD, 0xC4, 0xE0, 0xFB, 0xFD,
    0xC8, 0xE0, 0xFA, 0xFD, 0xC8, 0xE0, 0xFA, 0xFD, 0xCC, 0xE3, 0xFA, 0xFD, 0xD1, 0xE5, 0xFA, 0xFD,
    0xD1, 0xE4, 0xF9, 0xFD, 0xD1, 0xE4, 0xF9, 0xFD, 0xD1, 0xE5, 0xF9, 0xFD, 0xD1, 0xE7, 0xFA, 0xFD,
    0xD0, 0xE7, 0xFB, 0xFD, 0xD0, 0xE7, 0xFB, 0xFD, 0xCE, 0xE5, 0xFA, 0xFD, 0xCC, 0xE4, 0xFA, 0xFD,
    0xCD, 0xE6, 0xFB, 0xFD, 0xCE, 0xE6, 0xFB, 0xFD, 0xCE, 0xE6, 0xFB, 0xFD, 0xCC, 0xE4, 0xFB, 0xFD,
    0xCB, 0xE3, 0xFB, 0xFD, 0xCA, 0xE2, 0xFA, 0xFD, 0xCA, 0xE2, 0xFA, 0xFD, 0xC9, 0xE1, 0xF9, 0xFD,
    0xC6, 0xDE, 0xF8, 0xFD, 0xC5, 0xDD, 0xF7, 0xFD, 0xC5, 0xDD, 0xF7, 0xFD, 0xC1, 0xDB, 0xF5, 0xFD,
    0xBC, 0xD8, 0xF4, 0xFD, 0xB4, 0xD2, 0xF3, 0xFD, 0xB4, 0xD2, 0xF3, 0xFD, 0xAC, 0xCC, 0xF2, 0xFD,
    0xA2, 0xC9, 0xF4, 0xFD, 0x97, 0xC9, 0xF8, 0xFD, 0x86, 0xBB, 0xF3, 0xFD, 0x86, 0xBB, 0xF3, 0xFD,
    0x82, 0xC5, 0xFA, 0xFD, 0x61, 0xA0, 0xE2, 0xFD, 0x3A, 0x74, 0xBA, 0xFC, 0x3A, 0x74, 0xBA, 0xFC,
    0x19, 0x36, 0x79, 0xFC, 0x0A, 0x25, 0x64, 0xFC, 0x05, 0x2F, 0x85, 0xFC, 0x05, 0x2F, 0x85, 0xFC,
    0x17, 0x67, 0xD0, 0xFC, 0x12, 0x67, 0xDA, 0xFC, 0x14, 0x6C, 0xD1, 0xFC, 0x14, 0x6C, 0xD1, 0xFC,
    0x03, 0x34, 0x94, 0xFB, 0x05, 0x2B, 0x7B, 0xFB, 0x17, 0x42, 0x85, 0xFC, 0x5E, 0x9C, 0xC5, 0xFA,
    0x5E, 0x9C, 0xC5, 0xFA, 0x68, 0x9F, 0xBC, 0xFB, 0x76, 0xA5, 0xC4, 0xFA, 0x1D, 0x3C, 0x60, 0xFB,
    0x1D, 0x3C, 0x60, 0xFB, 0x06, 0x2A, 0x72, 0xFA, 0x2E, 0x86, 0xE8, 0xFA, 0x2B, 0x9C, 0xF5, 0xFA,
    0x2B, 0x9C, 0xF5, 0xFA, 0x2F, 0x9B, 0xF8, 0xFA, 0x30, 0x9D, 0xF9, 0xFB, 0x32, 0xA3, 0xFA, 0xFA,
    0x32, 0xA3, 0xFA, 0xFA, 0x31, 0xA2, 0xF9, 0xFA, 0x2C, 0x9A, 0xF8, 0xFA, 0x26, 0x98, 0xF9, 0xFA,
    0x26, 0x98, 0xF9, 0xFA, 0x1A, 0x8F, 0xF8, 0xFA, 0x25, 0x94, 0xF6, 0xF5, 0x0A, 0x30, 0x70, 0xFA,
    0x03, 0x10, 0x29, 0xC7, 0x03, 0x10, 0x29, 0xC7, 0x39, 0x7E, 0xBE, 0x2D, 0x31, 0x7E, 0xC9, 0x0E,
    0x35, 0x7F, 0xCA, 0x03, 0x35, 0x7F, 0xCA, 0x03, 0x37, 0x7F, 0xCA, 0x02, 0x00, 0x00, 0x00, 0x00,
    0x00, 0x00, 0x00, 0x00, 0x00, 0x00, 0x00, 0x00, 0x00, 0x00, 0x00, 0x00, 0x00, 0x00, 0x00, 0x00,
    0x00, 0x00, 0x00, 0x00, 0x00, 0x00, 0x00, 0x00, 0x00, 0x00, 0x00, 0x00, 0x00, 0x00, 0x00, 0x00,
    0x00, 0x00, 0x00, 0x00, 0x00, 0x00, 0x00, 0x00, 0x00, 0x00, 0x00, 0x00, 0x00, 0x00, 0x00, 0x00,
    0x00, 0x00, 0x00, 0x00, 0x00, 0x00, 0x00, 0x00, 0x00, 0x00, 0x00, 0x00, 0x00, 0x00, 0x00, 0x00,
    0x00, 0x00, 0x00, 0x00, 0x00, 0x00, 0x00, 0x00, 0x00, 0x00, 0x00, 0x00, 0x00, 0x00, 0x00, 0x00,
    0x3F, 0x88, 0xCC, 0x01, 0x40, 0x89, 0xCD, 0x01, 0x40, 0x89, 0xCC, 0x01, 0x40, 0x89, 0xCC, 0x01,
    0x42, 0x8A, 0xCC, 0x01, 0x43, 0x8A, 0xCD, 0x01, 0x45, 0x8C, 0xCE, 0x01, 0x47, 0x8D, 0xCF, 0x01,
    0x47, 0x8D, 0xCF, 0x01, 0x49, 0x8E, 0xD0, 0x01, 0x4B, 0x90, 0xD1, 0x01, 0x4D, 0x92, 0xD2, 0x01,
    0x4D, 0x92, 0xD2, 0x01, 0x4D, 0x92, 0xD4, 0x02, 0x49, 0x93, 0xD5, 0x08, 0x44, 0x94, 0xD1, 0x07,
    0x44, 0x94, 0xD1, 0x07, 0x57, 0x9F, 0xD2, 0x0E, 0x21, 0x4A, 0x75, 0x96, 0x04, 0x17, 0x41, 0xED,
    0x04, 0x17, 0x41, 0xED, 0x05, 0x1B, 0x4F, 0xF7, 0x10, 0x34, 0x6E, 0xFB, 0x15, 0x40, 0x8D, 0xFD,
    0x2E, 0x75, 0xC7, 0xFD, 0x2E, 0x75, 0xC7, 0xFD, 0x44, 0x8B, 0xDD, 0xFD, 0x61, 0xA5, 0xEB, 0xFD,
    0x7B, 0xB8, 0xF2, 0xFD, 0x7B, 0xB8, 0xF2, 0xFD, 0x94, 0xCC, 0xFA, 0xFD, 0xA0, 0xCA, 0xF6, 0xFD,
    0xAB, 0xD0, 0xF5, 0xFD, 0xAB, 0xD0, 0xF5, 0xFD, 0xB6, 0xD7, 0xF7, 0xFD, 0xBB, 0xD9, 0xF6, 0xFD,
    0xBC, 0xD9, 0xF6, 0xFD, 0xBC, 0xD9, 0xF6, 0xFD, 0xBE, 0xDB, 0xF6, 0xFD, 0xBC, 0xD7, 0xF3, 0xFD,
    0xBC, 0xD7, 0xF4, 0xFD, 0xBC, 0xD7, 0xF4, 0xFD, 0xBD, 0xD9, 0xF5, 0xFD, 0xBE, 0xDC, 0xF7, 0xFD,
    0xBC, 0xDA, 0xF5, 0xFD, 0xBB, 0xD7, 0xF4, 0xFD, 0xBB, 0xD7, 0xF4, 0xFD, 0xBA, 0xD7, 0xF5, 0xFD,
    0xBA, 0xD8, 0xF6, 0xFD, 0xB7, 0xD3, 0xF2, 0xFD, 0xB7, 0xD3, 0xF2, 0xFD, 0xB6, 0xD2, 0xF1, 0xFD,
    0xB6, 0xD5, 0xF2, 0xFD, 0xB5, 0xD5, 0xF1, 0xFD, 0xB5, 0xD5, 0xF1, 0xFD, 0xAC, 0xCC, 0xEC, 0xFD,
    0xA5, 0xC9, 0xED, 0xFD, 0x9B, 0xC8, 0xF0, 0xFD, 0x9B, 0xC8, 0xF0, 0xFD, 0x91, 0xC2, 0xEE, 0xFD,
    0x79, 0xA5, 0xD9, 0xFD, 0x67, 0x9A, 0xD4, 0xFD, 0x4D, 0x85, 0xC7, 0xFD, 0x4D, 0x85, 0xC7, 0xFD,
    0x3E, 0x81, 0xC9, 0xFD, 0x1B, 0x52, 0xA4, 0xFD, 0x15, 0x50, 0xA1, 0xFC, 0x15, 0x50, 0xA1, 0xFC,
    0x05, 0x27, 0x78, 0xFC, 0x07, 0x30, 0x8B, 0xFC, 0x14, 0x6A, 0xDD, 0xFC, 0x14, 0x6A, 0xDD, 0xFC,
    0x13, 0x80, 0xFA, 0xFC, 0x0A, 0x71, 0xF1, 0xFC, 0x0B, 0x74, 0xED, 0xFC, 0x0B, 0x74, 0xED, 0xFC,
    0x03, 0x57, 0xCC, 0xFB, 0x07, 0x49, 0xAA, 0xFB, 0x04, 0x2D, 0x7A, 0xFB, 0x44, 0x81, 0xAC, 0xFA,
    0x44, 0x81, 0xAC, 0xFA, 0x6A, 0xA1, 0xBB, 0xFB, 0x73, 0x9C, 0xBB, 0xFA, 0x18, 0x37, 0x5C, 0xFB,
    0x18, 0x37, 0x5C, 0xFB, 0x15, 0x4F, 0x97, 0xFA, 0x30, 0x95, 0xF1, 0xFA, 0x2D, 0x9E, 0xF6, 0xFA,
    0x2D, 0x9E, 0xF6, 0xFA, 0x30, 0x9C, 0xF9, 0xFA, 0x32, 0x9D, 0xFA, 0xFA, 0x34, 0xA0, 0xFA, 0xFB,
    0x34, 0xA0, 0xFA, 0xFB, 0x34, 0xA1, 0xF9, 0xFA, 0x31, 0x9F, 0xF8, 0xFA, 0x2C, 0x9E, 0xF9, 0xF9,
    0x2C, 0x9E, 0xF9, 0xF9, 0x1D, 0x92, 0xF9, 0xFA, 0x2B, 0x97, 0xF6, 0xF5, 0x0A, 0x2E, 0x69, 0xF9,
    0x06, 0x18, 0x36, 0xC1, 0x06, 0x18, 0x36, 0xC1, 0x3A, 0x7F, 0xBE, 0x2C, 0x32, 0x7E, 0xC7, 0x0C,
    0x35, 0x7F, 0xCA, 0x03, 0x35, 0x7F, 0xCA, 0x03, 0x37, 0x7F, 0xCB, 0x02, 0x00, 0x00, 0x00, 0x00,
    0x00, 0x00, 0x00, 0x00, 0x00, 0x00, 0x00, 0x00, 0x00, 0x00, 0x00, 0x00, 0x00, 0x00, 0x00, 0x00,
    0x00, 0x00, 0x00, 0x00, 0x00, 0x00, 0x00, 0x00, 0x00, 0x00, 0x00, 0x00, 0x00, 0x00, 0x00, 0x00,
    0x00, 0x00, 0x00, 0x00, 0x00, 0x00, 0x00, 0x00, 0x00, 0x00, 0x00, 0x00, 0x00, 0x00, 0x00, 0x00,
    0x00, 0x00, 0x00, 0x00, 0x00, 0x00, 0x00, 0x00, 0x00, 0x00, 0x00, 0x00, 0x00, 0x00, 0x00, 0x00,
    0x00, 0x00, 0x00, 0x00, 0x00, 0x00, 0x00, 0x00, 0x00, 0x00, 0x00, 0x00, 0x00, 0x00, 0x00, 0x00,
    0x40, 0x88, 0xCD, 0x01, 0x00, 0x00, 0x00, 0x00, 0x41, 0x89, 0xCC, 0x01, 0x41, 0x89, 0xCC, 0x01,
    0x42, 0x89, 0xCD, 0x01, 0x43, 0x8A, 0xCD, 0x01, 0x45, 0x8C, 0xCE, 0x01, 0x47, 0x8D, 0xCF, 0x01,
    0x47, 0x8D, 0xCF, 0x01, 0x48, 0x8E, 0xCF, 0x01, 0x4A, 0x90, 0xD0, 0x01, 0x4C, 0x92, 0xD1, 0x02,
    0x4C, 0x92, 0xD1, 0x02, 0x4C, 0x92, 0xD3, 0x02, 0x4C, 0x93, 0xD4, 0x03, 0x4E, 0x93, 0xD1, 0x06,
    0x4E, 0x93, 0xD1, 0x06, 0x30, 0x61, 0x97, 0x2E, 0x08, 0x27, 0x64, 0xAA, 0x1A, 0x53, 0xA7, 0xF2,
    0x1A, 0x53, 0xA7, 0xF2, 0x20, 0x6D, 0xCC, 0xF7, 0x20, 0x6A, 0xC8, 0xFC, 0x1C, 0x5E, 0xBB, 0xFC,
    0x24, 0x73, 0xCC, 0xFD, 0x24, 0x73, 0xCC, 0xFD, 0x1A, 0x66, 0xC6, 0xFD, 0x27, 0x78, 0xD4, 0xFD,
    0x36, 0x81, 0xD8, 0xFD, 0x36, 0x81, 0xD8, 0xFD, 0x4F, 0x93, 0xE1, 0xFD, 0x6F, 0xAC, 0xEA, 0xFD,
    0x8A, 0xBF, 0xF1, 0xFD, 0x8A, 0xBF, 0xF1, 0xFD, 0x95, 0xBC, 0xEA, 0xFD, 0x9E, 0xC4, 0xEC, 0xFD,
    0xA3, 0xC7, 0xEE, 0xFD, 0xA3, 0xC7, 0xEE, 0xFD, 0xA6, 0xCA, 0xEF, 0xFD, 0xA9, 0xCC, 0xEF, 0xFD,
    0xA9, 0xCB, 0xEF, 0xFD, 0xA9, 0xCB, 0xEF, 0xFD, 0xA9, 0xCA, 0xEE, 0xFD, 0xAB, 0xCE, 0xF0, 0xFD,
    0xAC, 0xCD, 0xEF, 0xFD, 0xAA, 0xCC, 0xEF, 0xFD, 0xAA, 0xCC, 0xEF, 0xFD, 0xA9, 0xCA, 0xED, 0xFD,
    0xA8, 0xC9, 0xED, 0xFD, 0xA8, 0xCA, 0xEE, 0xFD, 0xA8, 0xCA, 0xEE, 0xFD, 0xA9, 0xCC, 0xEF, 0xFD,
    0xA3, 0xC5, 0xEA, 0xFD, 0x9B, 0xC1, 0xE7, 0xFD, 0x9B, 0xC1, 0xE7, 0xFD, 0x91, 0xBF, 0xE9, 0xFD,
    0x7E, 0xB3, 0xE4, 0xFD, 0x63, 0x97, 0xD2, 0xFD, 0x63, 0x97, 0xD2, 0xFD, 0x52, 0x91, 0xCD, 0xFD,
    0x30, 0x61, 0xA5, 0xFD, 0x17, 0x3F, 0x8F, 0xFD, 0x12, 0x45, 0xA0, 0xFD, 0x12, 0x45, 0xA0, 0xFD,
    0x12, 0x54, 0xB8, 0xFD, 0x0D, 0x53, 0xC3, 0xFD, 0x1C, 0x7B, 0xE7, 0xFC, 0x1C, 0x7B, 0xE7, 0xFC,
    0x17, 0x71, 0xE1, 0xFC, 0x10, 0x6A, 0xDE, 0xFC, 0x11, 0x76, 0xEE, 0xFC, 0x11, 0x76, 0xEE, 0xFC,
    0x0E, 0x7A, 0xF6, 0xFC, 0x0B, 0x71, 0xED, 0xFC, 0x08, 0x69, 0xE5, 0xFC, 0x08, 0x69, 0xE5, 0xFC,
    0x09, 0x6F, 0xE2, 0xFC, 0x09, 0x63, 0xCC, 0xFB, 0x04, 0x37, 0x91, 0xFC, 0x10, 0x3F, 0x76, 0xFB,
    0x10, 0x3F, 0x76, 0xFB, 0x5B, 0x91, 0xAF, 0xFA, 0x73, 0xA2, 0xBF, 0xFB, 0x08, 0x23, 0x4F, 0xFA,
    0x08, 0x23, 0x4F, 0xFA, 0x1D, 0x65, 0xC0, 0xFB, 0x26, 0x92, 0xF5, 0xFA, 0x24, 0x95, 0xF8, 0xFA,
    0x24, 0x95, 0xF8, 0xFA, 0x33, 0xA0, 0xFA, 0xFB, 0x34, 0xA2, 0xFB, 0xFA, 0x32, 0x9B, 0xFA, 0xFB,
    0x32, 0x9B, 0xFA, 0xFB, 0x32, 0x9D, 0xF9, 0xFA, 0x2F, 0x9D, 0xF9, 0xFB, 0x26, 0x95, 0xF9, 0xFA,
    0x26, 0x95, 0xF9, 0xFA, 0x1F, 0x94, 0xF9, 0xF9, 0x2E, 0x9C, 0xF7, 0xF5, 0x06, 0x26, 0x62, 0xF6,
    0x06, 0x1A, 0x44, 0xA5, 0x06, 0x1A, 0x44, 0xA5, 0x3C, 0x81, 0xC4, 0x27, 0x32, 0x7E, 0xC7, 0x0D,
    0x34, 0x7E, 0xC8, 0x03, 0x34, 0x7E, 0xC8, 0x03, 0x37, 0x7F, 0xCA, 0x02, 0x00, 0x00, 0x00, 0x00,
    0x00, 0x00, 0x00, 0x00, 0x00, 0x00, 0x00, 0x00, 0x00, 0x00, 0x00, 0x00, 0x00, 0x00, 0x00, 0x00,
    0x00, 0x00, 0x00, 0x00, 0x00, 0x00, 0x00, 0x00, 0x00, 0x00, 0x00, 0x00, 0x00, 0x00, 0x00, 0x00,
    0x00, 0x00, 0x00, 0x00, 0x00, 0x00, 0x00, 0x00, 0x00, 0x00, 0x00, 0x00, 0x00, 0x00, 0x00, 0x00,
    0x00, 0x00, 0x00, 0x00, 0x00, 0x00, 0x00, 0x00, 0x00, 0x00, 0x00, 0x00, 0x00, 0x00, 0x00, 0x00,
    0x00, 0x00, 0x00, 0x00, 0x00, 0x00, 0x00, 0x00, 0x00, 0x00, 0x00, 0x00, 0x00, 0x00, 0x00, 0x00,
    0x40, 0x88, 0xCD, 0x01, 0x00, 0x00, 0x00, 0x00, 0x41, 0x89, 0xCC, 0x01, 0x41, 0x89, 0xCC, 0x01,
    0x42, 0x89, 0xCD, 0x01, 0x43, 0x8A, 0xCD, 0x01, 0x45, 0x8C, 0xCE, 0x01, 0x47, 0x8D, 0xCF, 0x01,
    0x47, 0x8D, 0xCF, 0x01, 0x48, 0x8E, 0xCF, 0x01, 0x4A, 0x90, 0xD0, 0x01, 0x4C, 0x92, 0xD1, 0x02,
    0x4C, 0x92, 0xD1, 0x02, 0x4C, 0x92, 0xD3, 0x02, 0x4C, 0x93, 0xD4, 0x03, 0x4E, 0x93, 0xD1, 0x06,
    0x4E, 0x93, 0xD1, 0x06, 0x30, 0x61, 0x97, 0x2E, 0x08, 0x27, 0x64, 0xAA, 0x1A, 0x53, 0xA7, 0xF2,
    0x1A, 0x53, 0xA7, 0xF2, 0x20, 0x6D, 0xCC, 0xF7, 0x20, 0x6A, 0xC8, 0xFC, 0x1C, 0x5E, 0xBB, 0xFC,
    0x24, 0x73, 0xCC, 0xFD, 0x24, 0x73, 0xCC, 0xFD, 0x1A, 0x66, 0xC6, 0xFD, 0x27, 0x78, 0xD4, 0xFD,
    0x36, 0x81, 0xD8, 0xFD, 0x36, 0x81, 0xD8, 0xFD, 0x4F, 0x93, 0xE1, 0xFD, 0x6F, 0xAC, 0xEA, 0xFD,
    0x8A, 0xBF, 0xF1, 0xFD, 0x8A, 0xBF, 0xF1, 0xFD, 0x95, 0xBC, 0xEA, 0xFD, 0x9E, 0xC4, 0xEC, 0xFD,
    0xA3, 0xC7, 0xEE, 0xFD, 0xA3, 0xC7, 0xEE, 0xFD, 0xA6, 0xCA, 0xEF, 0xFD, 0xA9, 0xCC, 0xEF, 0xFD,
    0xA9, 0xCB, 0xEF, 0xFD, 0xA9, 0xCB, 0xEF, 0xFD, 0xA9, 0xCA, 0xEE, 0xFD, 0xAB, 0xCE, 0xF0, 0xFD,
    0xAC, 0xCD, 0xEF, 0xFD, 0xAA, 0xCC, 0xEF, 0xFD, 0xAA, 0xCC, 0xEF, 0xFD, 0xA9, 0xCA, 0xED, 0xFD,
    0xA8, 0xC9, 0xED, 0xFD, 0xA8, 0xCA, 0xEE, 0xFD, 0xA8, 0xCA, 0xEE, 0xFD, 0xA9, 0xCC, 0xEF, 0xFD,
    0xA3, 0xC5, 0xEA, 0xFD, 0x9B, 0xC1, 0xE7, 0xFD, 0x9B, 0xC1, 0xE7, 0xFD, 0x91, 0xBF, 0xE9, 0xFD,
    0x7E, 0xB3, 0xE4, 0xFD, 0x63, 0x97, 0xD2, 0xFD, 0x63, 0x97, 0xD2, 0xFD, 0x52, 0x91, 0xCD, 0xFD,
    0x30, 0x61, 0xA5, 0xFD, 0x17, 0x3F, 0x8F, 0xFD, 0x12, 0x45, 0xA0, 0xFD, 0x12, 0x45, 0xA0, 0xFD,
    0x12, 0x54, 0xB8, 0xFD, 0x0D, 0x53, 0xC3, 0xFD, 0x1C, 0x7B, 0xE7, 0xFC, 0x1C, 0x7B, 0xE7, 0xFC,
    0x17, 0x71, 0xE1, 0xFC, 0x10, 0x6A, 0xDE, 0xFC, 0x11, 0x76, 0xEE, 0xFC, 0x11, 0x76, 0xEE, 0xFC,
    0x0E, 0x7A, 0xF6, 0xFC, 0x0B, 0x71, 0xED, 0xFC, 0x08, 0x69, 0xE5, 0xFC, 0x08, 0x69, 0xE5, 0xFC,
    0x09, 0x6F, 0xE2, 0xFC, 0x09, 0x63, 0xCC, 0xFB, 0x04, 0x37, 0x91, 0xFC, 0x10, 0x3F, 0x76, 0xFB,
    0x10, 0x3F, 0x76, 0xFB, 0x5B, 0x91, 0xAF, 0xFA, 0x73, 0xA2, 0xBF, 0xFB, 0x08, 0x23, 0x4F, 0xFA,
    0x08, 0x23, 0x4F, 0xFA, 0x1D, 0x65, 0xC0, 0xFB, 0x26, 0x92, 0xF5, 0xFA, 0x24, 0x95, 0xF8, 0xFA,
    0x24, 0x95, 0xF8, 0xFA, 0x33, 0xA0, 0xFA, 0xFB, 0x34, 0xA2, 0xFB, 0xFA, 0x32, 0x9B, 0xFA, 0xFB,
    0x32, 0x9B, 0xFA, 0xFB, 0x32, 0x9D, 0xF9, 0xFA, 0x2F, 0x9D, 0xF9, 0xFB, 0x26, 0x95, 0xF9, 0xFA,
    0x26, 0x95, 0xF9, 0xFA, 0x1F, 0x94, 0xF9, 0xF9, 0x2E, 0x9C, 0xF7, 0xF5, 0x06, 0x26, 0x62, 0xF6,
    0x06, 0x1A, 0x44, 0xA5, 0x06, 0x1A, 0x44, 0xA5, 0x3C, 0x81, 0xC4, 0x27, 0x32, 0x7E, 0xC7, 0x0D,
    0x34, 0x7E, 0xC8, 0x03, 0x34, 0x7E, 0xC8, 0x03, 0x37, 0x7F, 0xCA, 0x02, 0x00, 0x00, 0x00, 0x00,
    0x00, 0x00, 0x00, 0x00, 0x00, 0x00, 0x00, 0x00, 0x00, 0x00, 0x00, 0x00, 0x00, 0x00, 0x00, 0x00,
    0x00, 0x00, 0x00, 0x00, 0x00, 0x00, 0x00, 0x00, 0x00, 0x00, 0x00, 0x00, 0x00, 0x00, 0x00, 0x00,
    0x00, 0x00, 0x00, 0x00, 0x00, 0x00, 0x00, 0x00, 0x00, 0x00, 0x00, 0x00, 0x00, 0x00, 0x00, 0x00,
    0x00, 0x00, 0x00, 0x00, 0x00, 0x00, 0x00, 0x00, 0x00, 0x00, 0x00, 0x00, 0x00, 0x00, 0x00, 0x00,
    0x00, 0x00, 0x00, 0x00, 0x00, 0x00, 0x00, 0x00, 0x00, 0x00, 0x00, 0x00, 0x00, 0x00, 0x00, 0x00,
    0x00, 0x00, 0x00, 0x00, 0x41, 0x89, 0xCD, 0x01, 0x41, 0x89, 0xCC, 0x01, 0x41, 0x89, 0xCC, 0x01,
    0x42, 0x8A, 0xCC, 0x01, 0x43, 0x8A, 0xCD, 0x01, 0x45, 0x8C, 0xCF, 0x01, 0x47, 0x8D, 0xCF, 0x01,
    0x47, 0x8D, 0xCF, 0x01, 0x47, 0x8E, 0xD0, 0x01, 0x48, 0x8F, 0xCF, 0x01, 0x49, 0x91, 0xD1, 0x01,
    0x49, 0x91, 0xD1, 0x01, 0x49, 0x90, 0xD2, 0x03, 0x4B, 0x94, 0xD6, 0x01, 0x4E, 0x90, 0xC7, 0x1F,
    0x4E, 0x90, 0xC7, 0x1F, 0x1A, 0x45, 0x74, 0xBB, 0x14, 0x51, 0xA3, 0xED, 0x19, 0x7C, 0xEF, 0xF8,
    0x19, 0x7C, 0xEF, 0xF8, 0x1D, 0x85, 0xF4, 0xF9, 0x22, 0x8A, 0xF5, 0xFB, 0x27, 0x8D, 0xF4, 0xFD,
    0x2C, 0x95, 0xF6, 0xFD, 0x2C, 0x95, 0xF6, 0xFD, 0x28, 0x89, 0xED, 0xFD, 0x2D, 0x8E, 0xF1, 0xFD,
    0x2D, 0x87, 0xEA, 0xFD, 0x2D, 0x87, 0xEA, 0xFD, 0x42, 0x96, 0xEF, 0xFD, 0x5D, 0xA2, 0xEA, 0xFD,
    0x7D, 0xB5, 0xEF, 0xFD, 0x7D, 0xB5, 0xEF, 0xFD, 0x8E, 0xB9, 0xEA, 0xFD, 0x93, 0xBE, 0xEC, 0xFD,
    0x94, 0xBC, 0xEA, 0xFD, 0x94, 0xBC, 0xEA, 0xFD, 0x97, 0xC0, 0xEB, 0xFD, 0x99, 0xC0, 0xE9, 0xFD,
    0x9D, 0xC2, 0xEA, 0xFD, 0x9D, 0xC2, 0xEA, 0xFD, 0xA0, 0xC5, 0xEB, 0xFD, 0xA2, 0xC6, 0xEC, 0xFD,
    0xA3, 0xC6, 0xEB, 0xFD, 0xA3, 0xC8, 0xED, 0xFD, 0xA3, 0xC8, 0xED, 0xFD, 0xA1, 0xC4, 0xEA, 0xFD,
    0xA1, 0xC5, 0xEA, 0xFD, 0x9E, 0xC2, 0xE8, 0xFD, 0x9E, 0xC2, 0xE8, 0xFD, 0x9A, 0xC1, 0xE9, 0xFD,
    0x95, 0xBA, 0xE4, 0xFD, 0x8C, 0xB5, 0xE2, 0xFD, 0x8C, 0xB5, 0xE2, 0xFD, 0x77, 0xAA, 0xE0, 0xFD,
    0x62, 0xA5, 0xE3, 0xFD, 0x4A, 0x8A, 0xD8, 0xFD, 0x4A, 0x8A, 0xD8, 0xFD, 0x45, 0x8E, 0xE1, 0xFD,
    0x41, 0x8D, 0xE1, 0xFD, 0x3A, 0x84, 0xE2, 0xFD, 0x31, 0x86, 0xEC, 0xFD, 0x31, 0x86, 0xEC, 0xFD,
    0x28, 0x84, 0xF3, 0xFD, 0x1E, 0x80, 0xF3, 0xFD, 0x1F, 0x88, 0xFA, 0xFC, 0x1F, 0x88, 0xFA, 0xFC,
    0x18, 0x81, 0xF7, 0xFC, 0x0E, 0x76, 0xEE, 0xFC, 0x0B, 0x76, 0xED, 0xFC, 0x0B, 0x76, 0xED, 0xFC,
    0x10, 0x80, 0xF6, 0xFC, 0x0D, 0x79, 0xF1, 0xFC, 0x0A, 0x74, 0xEC, 0xFC, 0x0A, 0x74, 0xEC, 0xFC,
    0x06, 0x70, 0xE3, 0xFC, 0x0A, 0x71, 0xE0, 0xFB, 0x0A, 0x56, 0xBB, 0xFB, 0x05, 0x2D, 0x65, 0xFB,
    0x05, 0x2D, 0x65, 0xFB, 0x4E, 0x85, 0xA1, 0xFA, 0x5D, 0x91, 0xAC, 0xFB, 0x07, 0x31, 0x67, 0xFA,
    0x07, 0x31, 0x67, 0xFA, 0x22, 0x80, 0xE9, 0xFA, 0x1B, 0x91, 0xF9, 0xFA, 0x19, 0x8F, 0xFB, 0xF9,
    0x19, 0x8F, 0xFB, 0xF9, 0x2A, 0x9B, 0xFC, 0xFB, 0x31, 0xA1, 0xFD, 0xFB, 0x31, 0x9F, 0xFC, 0xFA,
    0x31, 0x9F, 0xFC, 0xFA, 0x2F, 0x9E, 0xFC, 0xF9, 0x2A, 0x9D, 0xFB, 0xFA, 0x23, 0x96, 0xFB, 0xF9,
    0x23, 0x96, 0xFB, 0xF9, 0x1B, 0x8D, 0xF7, 0xF9, 0x22, 0x84, 0xE6, 0xF2, 0x0E, 0x3D, 0x7A, 0xF3,
    0x12, 0x39, 0x74, 0x92, 0x12, 0x39, 0x74, 0x92, 0x39, 0x82, 0xC5, 0x1D, 0x32, 0x7E, 0xC7, 0x0B,
    0x34, 0x7E, 0xC8, 0x03, 0x34, 0x7E, 0xC8, 0x03, 0x36, 0x7F, 0xCA, 0x02, 0x00, 0x00, 0x00, 0x00,
    0x00, 0x00, 0x00, 0x00, 0x00, 0x00, 0x00, 0x00, 0x00, 0x00, 0x00, 0x00, 0x00, 0x00, 0x00, 0x00,
    0x00, 0x00, 0x00, 0x00, 0x00, 0x00, 0x00, 0x00, 0x00, 0x00, 0x00, 0x00, 0x00, 0x00, 0x00, 0x00,
    0x00, 0x00, 0x00, 0x00, 0x00, 0x00, 0x00, 0x00, 0x00, 0x00, 0x00, 0x00, 0x00, 0x00, 0x00, 0x00,
    0x00, 0x00, 0x00, 0x00, 0x00, 0x00, 0x00, 0x00, 0x00, 0x00, 0x00, 0x00, 0x00, 0x00, 0x00, 0x00,
    0x00, 0x00, 0x00, 0x00, 0x00, 0x00, 0x00, 0x00, 0x00, 0x00, 0x00, 0x00, 0x00, 0x00, 0x00, 0x00,
    0x00, 0x00, 0x00, 0x00, 0x00, 0x00, 0x00, 0x00, 0x42, 0x89, 0xCC, 0x01, 0x42, 0x89, 0xCC, 0x01,
    0x43, 0x8A, 0xCC, 0x01, 0x44, 0x8A, 0xCE, 0x01, 0x46, 0x8C, 0xCF, 0x01, 0x47, 0x8C, 0xD0, 0x01,
    0x47, 0x8C, 0xD0, 0x01, 0x47, 0x8D, 0xD0, 0x02, 0x48, 0x8E, 0xD0, 0x01, 0x49, 0x8F, 0xD1, 0x01,
    0x49, 0x8F, 0xD1, 0x01, 0x47, 0x8E, 0xD1, 0x05, 0x4C, 0x95, 0xD7, 0x01, 0x3F, 0x79, 0xAC, 0x37,
    0x3F, 0x79, 0xAC, 0x37, 0x06, 0x20, 0x4A, 0xE4, 0x19, 0x65, 0xC6, 0xF2, 0x1B, 0x85, 0xF7, 0xF8,
    0x1B, 0x85, 0xF7, 0xF8, 0x15, 0x7A, 0xEE, 0xFB, 0x22, 0x8D, 0xF7, 0xFC, 0x27, 0x91, 0xF8, 0xFD,
    0x29, 0x91, 0xF8, 0xFD, 0x29, 0x91, 0xF8, 0xFD, 0x2F, 0x9A, 0xFA, 0xFD, 0x35, 0xA4, 0xFD, 0xFD,
    0x3C, 0xA6, 0xFC, 0xFD, 0x3C, 0xA6, 0xFC, 0xFD, 0x4D, 0xAB, 0xFB, 0xFD, 0x62, 0xA4, 0xEF, 0xFD,
    0x8C, 0xBB, 0xF2, 0xFD, 0x8C, 0xBB, 0xF2, 0xFD, 0xA0, 0xC7, 0xF3, 0xFD, 0xA0, 0xC8, 0xF3, 0xFD,
    0x9D, 0xC2, 0xF1, 0xFD, 0x9D, 0xC2, 0xF1, 0xFD, 0x9E, 0xC5, 0xF0, 0xFD, 0x9F, 0xC4, 0xEE, 0xFD,
    0xA5, 0xC8, 0xF0, 0xFD, 0xA5, 0xC8, 0xF0, 0xFD, 0xA5, 0xC6, 0xED, 0xFD, 0xA7, 0xC7, 0xEE, 0xFD,
    0xAA, 0xCA, 0xEF, 0xFD, 0xA9, 0xCB, 0xEF, 0xFD, 0xA9, 0xCB, 0xEF, 0xFD, 0xA8, 0xC9, 0xEF, 0xFD,
    0xA8, 0xCA, 0xEF, 0xFD, 0xA3, 0xC6, 0xEB, 0xFD, 0xA3, 0xC6, 0xEB, 0xFD, 0x9F, 0xC3, 0xEA, 0xFD,
    0x9C, 0xC1, 0xE8, 0xFD, 0x97, 0xC1, 0xED, 0xFD, 0x97, 0xC1, 0xED, 0xFD, 0x80, 0xB3, 0xEB, 0xFD,
    0x6B, 0xB3, 0xF4, 0xFD, 0x62, 0xB4, 0xFA, 0xFD, 0x62, 0xB4, 0xFA, 0xFD, 0x59, 0xB0, 0xFC, 0xFD,
    0x48, 0xA3, 0xFA, 0xFD, 0x3F, 0x9F, 0xFA, 0xFD, 0x34, 0x99, 0xFA, 0xFD, 0x34, 0x99, 0xFA, 0xFD,
    0x2E, 0x96, 0xFC, 0xFD, 0x27, 0x8D, 0xF9, 0xFD, 0x21, 0x88, 0xF8, 0xFC, 0x21, 0x88, 0xF8, 0xFC,
    0x1E, 0x88, 0xFA, 0xFC, 0x12, 0x79, 0xEF, 0xFC, 0x0A, 0x72, 0xE9, 0xFC, 0x0A, 0x72, 0xE9, 0xFC,
    0x0F, 0x7B, 0xF3, 0xFC, 0x0B, 0x75, 0xEF, 0xFC, 0x0D, 0x7D, 0xF2, 0xFC, 0x0D, 0x7D, 0xF2, 0xFC,
    0x04, 0x6B, 0xE2, 0xFC, 0x0A, 0x71, 0xE5, 0xFB, 0x0B, 0x5F, 0xCD, 0xFB, 0x03, 0x29, 0x6E, 0xFB,
    0x03, 0x29, 0x6E, 0xFB, 0x26, 0x4C, 0x6F, 0xFB, 0x16, 0x33, 0x4F, 0xFA, 0x09, 0x3D, 0x81, 0xFC,
    0x09, 0x3D, 0x81, 0xFC, 0x1D, 0x89, 0xF5, 0xFA, 0x10, 0x82, 0xF8, 0xFA, 0x12, 0x88, 0xFB, 0xFA,
    0x12, 0x88, 0xFB, 0xFA, 0x1D, 0x8E, 0xFB, 0xFB, 0x25, 0x94, 0xFC, 0xFA, 0x2B, 0x9C, 0xFD, 0xFA,
    0x2B, 0x9C, 0xFD, 0xFA, 0x2A, 0x9A, 0xFD, 0xFA, 0x22, 0x92, 0xFB, 0xF9, 0x22, 0x98, 0xFC, 0xF9,
    0x22, 0x98, 0xFC, 0xF9, 0x15, 0x73, 0xE2, 0xFA, 0x02, 0x26, 0x76, 0xF3, 0x1D, 0x51, 0x8E, 0xC8,
    0x34, 0x7A, 0xBD, 0x68, 0x34, 0x7A, 0xBD, 0x68, 0x33, 0x7E, 0xC4, 0x11, 0x33, 0x7E, 0xC7, 0x06,
    0x34, 0x7E, 0xC8, 0x04, 0x34, 0x7E, 0xC8, 0x04, 0x35, 0x7E, 0xC8, 0x01, 0x00, 0x00, 0x00, 0x00,
    0x00, 0x00, 0x00, 0x00, 0x00, 0x00, 0x00, 0x00, 0x00, 0x00, 0x00, 0x00, 0x00, 0x00, 0x00, 0x00,
    0x00, 0x00, 0x00, 0x00, 0x00, 0x00, 0x00, 0x00, 0x00, 0x00, 0x00, 0x00, 0x00, 0x00, 0x00, 0x00,
    0x00, 0x00, 0x00, 0x00, 0x00, 0x00, 0x00, 0x00, 0x00, 0x00, 0x00, 0x00, 0x00, 0x00, 0x00, 0x00,
    0x00, 0x00, 0x00, 0x00, 0x00, 0x00, 0x00, 0x00, 0x00, 0x00, 0x00, 0x00, 0x00, 0x00, 0x00, 0x00,
    0x00, 0x00, 0x00, 0x00, 0x00, 0x00, 0x00, 0x00, 0x00, 0x00, 0x00, 0x00, 0x00, 0x00, 0x00, 0x00,
    0x00, 0x00, 0x00, 0x00, 0x00, 0x00, 0x00, 0x00, 0x41, 0x8A, 0xCD, 0x01, 0x41, 0x8A, 0xCD, 0x01,
    0x43, 0x8A, 0xCD, 0x01, 0x43, 0x8B, 0xCE, 0x01, 0x45, 0x8B, 0xCE, 0x01, 0x46, 0x8C, 0xCF, 0x01,
    0x46, 0x8C, 0xCF, 0x01, 0x46, 0x8C, 0xCF, 0x01, 0x47, 0x8D, 0xD0, 0x01, 0x48, 0x8F, 0xD2, 0x01,
    0x48, 0x8F, 0xD2, 0x01, 0x47, 0x8F, 0xD2, 0x05, 0x48, 0x95, 0xD7, 0x01, 0x3C, 0x79, 0xAE, 0x65,
    0x3C, 0x79, 0xAE, 0x65, 0x02, 0x14, 0x3E, 0xFD, 0x19, 0x67, 0xCB, 0xF4, 0x1B, 0x8D, 0xF9, 0xF9,
    0x1B, 0x8D, 0xF9, 0xF9, 0x16, 0x82, 0xF2, 0xFB, 0x24, 0x8C, 0xF8, 0xFC, 0x29, 0x93, 0xFA, 0xFD,
    0x30, 0x9A, 0xFB, 0xFD, 0x30, 0x9A, 0xFB, 0xFD, 0x34, 0xA0, 0xFC, 0xFD, 0x38, 0xA7, 0xFD, 0xFD,
    0x40, 0xAA, 0xFD, 0xFD, 0x40, 0xAA, 0xFD, 0xFD, 0x54, 0xAE, 0xFC, 0xFD, 0x83, 0xC4, 0xFB, 0xFD,
    0xB5, 0xDF, 0xFD, 0xFD, 0xB5, 0xDF, 0xFD, 0xFD, 0xC0, 0xDE, 0xFC, 0xFD, 0xBE, 0xDE, 0xFC, 0xFD,
    0xBA, 0xD9, 0xFB, 0xFD, 0xBA, 0xD9, 0xFB, 0xFD, 0xB8, 0xD9, 0xFB, 0xFD, 0xB9, 0xD8, 0xF9, 0xFD,
    0xBB, 0xDA, 0xFA, 0xFD, 0xBB, 0xDA, 0xFA, 0xFD, 0xBC, 0xD8, 0xF8, 0xFD, 0xBE, 0xDC, 0xFA, 0xFD,
    0xBE, 0xDB, 0xF9, 0xFD, 0xBE, 0xDC, 0xF9, 0xFD, 0xBE, 0xDC, 0xF9, 0xFD, 0xC0, 0xDD, 0xFA, 0xFD,
    0xBE, 0xDD, 0xFA, 0xFD, 0xBA, 0xD8, 0xF6, 0xFD, 0xBA, 0xD8, 0xF6, 0xFD, 0xB8, 0xD5, 0xF3, 0xFD,
    0xBC, 0xDC, 0xF5, 0xFD, 0xB9, 0xE1, 0xFC, 0xFD, 0xB9, 0xE1, 0xFC, 0xFD, 0x94, 0xCC, 0xFA, 0xFD,
    0x78, 0xBD, 0xFA, 0xFD, 0x71, 0xC2, 0xFE, 0xFD, 0x71, 0xC2, 0xFE, 0xFD, 0x6C, 0xC2, 0xFE, 0xFD,
    0x54, 0xAF, 0xFD, 0xFD, 0x43, 0xA4, 0xFC, 0xFD, 0x37, 0x9C, 0xFB, 0xFD, 0x37, 0x9C, 0xFB, 0xFD,
    0x33, 0x9C, 0xFD, 0xFD, 0x2B, 0x96, 0xFB, 0xFD, 0x23, 0x8D, 0xF9, 0xFC, 0x23, 0x8D, 0xF9, 0xFC,
    0x20, 0x8F, 0xFC, 0xFC, 0x15, 0x81, 0xF3, 0xFC, 0x07, 0x70, 0xE6, 0xFC, 0x07, 0x70, 0xE6, 0xFC,
    0x0F, 0x7D, 0xF5, 0xFC, 0x0D, 0x7C, 0xF4, 0xFC, 0x0D, 0x80, 0xF6, 0xFC, 0x0D, 0x80, 0xF6, 0xFC,
    0x07, 0x76, 0xEC, 0xFC, 0x06, 0x75, 0xE8, 0xFB, 0x0B, 0x71, 0xE0, 0xFB, 0x07, 0x3E, 0x85, 0xFA,
    0x07, 0x3E, 0x85, 0xFA, 0x03, 0x1A, 0x3D, 0xFA, 0x00, 0x0E, 0x35, 0xFA, 0x15, 0x5E, 0xBD, 0xFA,
    0x15, 0x5E, 0xBD, 0xFA, 0x1B, 0x8C, 0xFA, 0xFA, 0x14, 0x8A, 0xFC, 0xFB, 0x15, 0x8A, 0xFC, 0xFA,
    0x15, 0x8A, 0xFC, 0xFA, 0x17, 0x88, 0xFA, 0xFA, 0x1D, 0x90, 0xFC, 0xFA, 0x1F, 0x90, 0xFC, 0xFA,
    0x1F, 0x90, 0xFC, 0xFA, 0x22, 0x93, 0xFD, 0xF9, 0x1E, 0x91, 0xFC, 0xFA, 0x1D, 0x97, 0xFD, 0xF8,
    0x1D, 0x97, 0xFD, 0xF8, 0x19, 0x79, 0xE5, 0xF5, 0x01, 0x0F, 0x44, 0xEF, 0x1A, 0x49, 0x86, 0x80,
    0x38, 0x88, 0xD1, 0x24, 0x38, 0x88, 0xD1, 0x24, 0x2F, 0x7A, 0xC5, 0x0A, 0x34, 0x7E, 0xC8, 0x04,
    0x33, 0x7C, 0xC7, 0x03, 0x33, 0x7C, 0xC7, 0x03, 0x34, 0x7E, 0xC8, 0x01, 0x00, 0x00, 0x00, 0x00,
    0x00, 0x00, 0x00, 0x00, 0x00, 0x00, 0x00, 0x00, 0x00, 0x00, 0x00, 0x00, 0x00, 0x00, 0x00, 0x00,
    0x00, 0x00, 0x00, 0x00, 0x00, 0x00, 0x00, 0x00, 0x00, 0x00, 0x00, 0x00, 0x00, 0x00, 0x00, 0x00,
    0x00, 0x00, 0x00, 0x00, 0x00, 0x00, 0x00, 0x00, 0x00, 0x00, 0x00, 0x00, 0x00, 0x00, 0x00, 0x00,
    0x00, 0x00, 0x00, 0x00, 0x00, 0x00, 0x00, 0x00, 0x00, 0x00, 0x00, 0x00, 0x00, 0x00, 0x00, 0x00,
    0x00, 0x00, 0x00, 0x00, 0x00, 0x00, 0x00, 0x00, 0x00, 0x00, 0x00, 0x00, 0x00, 0x00, 0x00, 0x00,
    0x00, 0x00, 0x00, 0x00, 0x00, 0x00, 0x00, 0x00, 0x41, 0x8A, 0xCD, 0x01, 0x41, 0x8A, 0xCD, 0x01,
    0x43, 0x8A, 0xCD, 0x01, 0x43, 0x8B, 0xCE, 0x01, 0x45, 0x8B, 0xCE, 0x01, 0x46, 0x8C, 0xCF, 0x01,
    0x46, 0x8C, 0xCF, 0x01, 0x46, 0x8C, 0xCF, 0x01, 0x47, 0x8D, 0xD0, 0x01, 0x48, 0x8F, 0xD2, 0x01,
    0x48, 0x8F, 0xD2, 0x01, 0x47, 0x8F, 0xD2, 0x05, 0x48, 0x95, 0xD7, 0x01, 0x3C, 0x79, 0xAE, 0x65,
    0x3C, 0x79, 0xAE, 0x65, 0x02, 0x14, 0x3E, 0xFD, 0x19, 0x67, 0xCB, 0xF4, 0x1B, 0x8D, 0xF9, 0xF9,
    0x1B, 0x8D, 0xF9, 0xF9, 0x16, 0x82, 0xF2, 0xFB, 0x24, 0x8C, 0xF8, 0xFC, 0x29, 0x93, 0xFA, 0xFD,
    0x30, 0x9A, 0xFB, 0xFD, 0x30, 0x9A, 0xFB, 0xFD, 0x34, 0xA0, 0xFC, 0xFD, 0x38, 0xA7, 0xFD, 0xFD,
    0x40, 0xAA, 0xFD, 0xFD, 0x40, 0xAA, 0xFD, 0xFD, 0x54, 0xAE, 0xFC, 0xFD, 0x83, 0xC4, 0xFB, 0xFD,
    0xB5, 0xDF, 0xFD, 0xFD, 0xB5, 0xDF, 0xFD, 0xFD, 0xC0, 0xDE, 0xFC, 0xFD, 0xBE, 0xDE, 0xFC, 0xFD,
    0xBA, 0xD9, 0xFB, 0xFD, 0xBA, 0xD9, 0xFB, 0xFD, 0xB8, 0xD9, 0xFB, 0xFD, 0xB9, 0xD8, 0xF9, 0xFD,
    0xBB, 0xDA, 0xFA, 0xFD, 0xBB, 0xDA, 0xFA, 0xFD, 0xBC, 0xD8, 0xF8, 0xFD, 0xBE, 0xDC, 0xFA, 0xFD,
    0xBE, 0xDB, 0xF9, 0xFD, 0xBE, 0xDC, 0xF9, 0xFD, 0xBE, 0xDC, 0xF9, 0xFD, 0xC0, 0xDD, 0xFA, 0xFD,
    0xBE, 0xDD, 0xFA, 0xFD, 0xBA, 0xD8, 0xF6, 0xFD, 0xBA, 0xD8, 0xF6, 0xFD, 0xB8, 0xD5, 0xF3, 0xFD,
    0xBC, 0xDC, 0xF5, 0xFD, 0xB9, 0xE1, 0xFC, 0xFD, 0xB9, 0xE1, 0xFC, 0xFD, 0x94, 0xCC, 0xFA, 0xFD,
    0x78, 0xBD, 0xFA, 0xFD, 0x71, 0xC2, 0xFE, 0xFD, 0x71, 0xC2, 0xFE, 0xFD, 0x6C, 0xC2, 0xFE, 0xFD,
    0x54, 0xAF, 0xFD, 0xFD, 0x43, 0xA4, 0xFC, 0xFD, 0x37, 0x9C, 0xFB, 0xFD, 0x37, 0x9C, 0xFB, 0xFD,
    0x33, 0x9C, 0xFD, 0xFD, 0x2B, 0x96, 0xFB, 0xFD, 0x23, 0x8D, 0xF9, 0xFC, 0x23, 0x8D, 0xF9, 0xFC,
    0x20, 0x8F, 0xFC, 0xFC, 0x15, 0x81, 0xF3, 0xFC, 0x07, 0x70, 0xE6, 0xFC, 0x07, 0x70, 0xE6, 0xFC,
    0x0F, 0x7D, 0xF5, 0xFC, 0x0D, 0x7C, 0xF4, 0xFC, 0x0D, 0x80, 0xF6, 0xFC, 0x0D, 0x80, 0xF6, 0xFC,
    0x07, 0x76, 0xEC, 0xFC, 0x06, 0x75, 0xE8, 0xFB, 0x0B, 0x71, 0xE0, 0xFB, 0x07, 0x3E, 0x85, 0xFA,
    0x07, 0x3E, 0x85, 0xFA, 0x03, 0x1A, 0x3D, 0xFA, 0x00, 0x0E, 0x35, 0xFA, 0x15, 0x5E, 0xBD, 0xFA,
    0x15, 0x5E, 0xBD, 0xFA, 0x1B, 0x8C, 0xFA, 0xFA, 0x14, 0x8A, 0xFC, 0xFB, 0x15, 0x8A, 0xFC, 0xFA,
    0x15, 0x8A, 0xFC, 0xFA, 0x17, 0x88, 0xFA, 0xFA, 0x1D, 0x90, 0xFC, 0xFA, 0x1F, 0x90, 0xFC, 0xFA,
    0x1F, 0x90, 0xFC, 0xFA, 0x22, 0x93, 0xFD, 0xF9, 0x1E, 0x91, 0xFC, 0xFA, 0x1D, 0x97, 0xFD, 0xF8,
    0x1D, 0x97, 0xFD, 0xF8, 0x19, 0x79, 0xE5, 0xF5, 0x01, 0x0F, 0x44, 0xEF, 0x1A, 0x49, 0x86, 0x80,
    0x38, 0x88, 0xD1, 0x24, 0x38, 0x88, 0xD1, 0x24, 0x2F, 0x7A, 0xC5, 0x0A, 0x34, 0x7E, 0xC8, 0x04,
    0x33, 0x7C, 0xC7, 0x03, 0x33, 0x7C, 0xC7, 0x03, 0x34, 0x7E, 0xC8, 0x01, 0x00, 0x00, 0x00, 0x00,
    0x00, 0x00, 0x00, 0x00, 0x00, 0x00, 0x00, 0x00, 0x00, 0x00, 0x00, 0x00, 0x00, 0x00, 0x00, 0x00,
    0x00, 0x00, 0x00, 0x00, 0x00, 0x00, 0x00, 0x00, 0x00, 0x00, 0x00, 0x00, 0x00, 0x00, 0x00, 0x00,
    0x00, 0x00, 0x00, 0x00, 0x00, 0x00, 0x00, 0x00, 0x00, 0x00, 0x00, 0x00, 0x00, 0x00, 0x00, 0x00,
    0x00, 0x00, 0x00, 0x00, 0x00, 0x00, 0x00, 0x00, 0x00, 0x00, 0x00, 0x00, 0x00, 0x00, 0x00, 0x00,
    0x00, 0x00, 0x00, 0x00, 0x00, 0x00, 0x00, 0x00, 0x00, 0x00, 0x00, 0x00, 0x00, 0x00, 0x00, 0x00,
    0x00, 0x00, 0x00, 0x00, 0x00, 0x00, 0x00, 0x00, 0x42, 0x8A, 0xCD, 0x01, 0x42, 0x8A, 0xCD, 0x01,
    0x43, 0x8A, 0xCE, 0x01, 0x44, 0x8B, 0xCE, 0x01, 0x45, 0x8B, 0xCE, 0x01, 0x46, 0x8B, 0xCF, 0x01,
    0x46, 0x8B, 0xCF, 0x01, 0x47, 0x8C, 0xCF, 0x01, 0x46, 0x8D, 0xCF, 0x01, 0x48, 0x8E, 0xD1, 0x02,
    0x48, 0x8E, 0xD1, 0x02, 0x4A, 0x90, 0xD1, 0x07, 0x44, 0x88, 0xC4, 0x08, 0x38, 0x78, 0xAE, 0x5B,
    0x38, 0x78, 0xAE, 0x5B, 0x02, 0x19, 0x59, 0xFD, 0x1C, 0x70, 0xD9, 0xF6, 0x17, 0x84, 0xF3, 0xFA,
    0x17, 0x84, 0xF3, 0xFA, 0x13, 0x7E, 0xED, 0xFC, 0x25, 0x8E, 0xF9, 0xFC, 0x2D, 0x98, 0xFB, 0xFD,
    0x34, 0xA4, 0xFD, 0xFD, 0x34, 0xA4, 0xFD, 0xFD, 0x36, 0xA1, 0xFC, 0xFD, 0x39, 0xA4, 0xFC, 0xFD,
    0x49, 0xB2, 0xFE, 0xFD, 0x49, 0xB2, 0xFE, 0xFD, 0x62, 0xB1, 0xFC, 0xFD, 0x99, 0xCA, 0xFB, 0xFD,
    0xD0, 0xE9, 0xFE, 0xFD, 0xD0, 0xE9, 0xFE, 0xFD, 0xDB, 0xEC, 0xFD, 0xFD, 0xD7, 0xEA, 0xFC, 0xFD,
    0xD3, 0xE9, 0xFD, 0xFD, 0xD3, 0xE9, 0xFD, 0xFD, 0xD1, 0xEC, 0xFE, 0xFD, 0xCF, 0xE9, 0xFD, 0xFD,
    0xCF, 0xE8, 0xFD, 0xFD, 0xCF, 0xE8, 0xFD, 0xFD, 0xD1, 0xE9, 0xFD, 0xFD, 0xD2, 0xEA, 0xFE, 0xFD,
    0xD3, 0xEA, 0xFD, 0xFD, 0xD4, 0xEB, 0xFD, 0xFD, 0xD4, 0xEB, 0xFD, 0xFD, 0xD6, 0xEA, 0xFD, 0xFD,
    0xD7, 0xED, 0xFE, 0xFD, 0xD6, 0xEE, 0xFE, 0xFD, 0xD6, 0xEE, 0xFE, 0xFD, 0xD5, 0xEA, 0xFA, 0xFD,
    0xDA, 0xEA, 0xF9, 0xFD, 0xC9, 0xE3, 0xFB, 0xFD, 0xC9, 0xE3, 0xFB, 0xFD, 0x99, 0xCF, 0xFA, 0xFD,
    0x80, 0xC4, 0xFC, 0xFD, 0x78, 0xC1, 0xFC, 0xFD, 0x78, 0xC1, 0xFC, 0xFD, 0x6E, 0xBC, 0xFC, 0xFD,
    0x5E, 0xB9, 0xFE, 0xFD, 0x4D, 0xB1, 0xFE, 0xFD, 0x3B, 0x9F, 0xFB, 0xFD, 0x3B, 0x9F, 0xFB, 0xFD,
    0x32, 0x99, 0xFB, 0xFD, 0x2A, 0x92, 0xFA, 0xFD, 0x27, 0x95, 0xFC, 0xFC, 0x27, 0x95, 0xFC, 0xFC,
    0x22, 0x8F, 0xFB, 0xFC, 0x17, 0x7F, 0xF0, 0xFC, 0x05, 0x68, 0xDD, 0xFC, 0x05, 0x68, 0xDD, 0xFC,
    0x11, 0x7B, 0xF3, 0xFC, 0x12, 0x82, 0xF9, 0xFC, 0x0A, 0x7B, 0xF2, 0xFC, 0x0A, 0x7B, 0xF2, 0xFC,
    0x0B, 0x80, 0xF3, 0xFC, 0x04, 0x6C, 0xE3, 0xFB, 0x0C, 0x6E, 0xDE, 0xFC, 0x06, 0x38, 0x81, 0xFB,
    0x06, 0x38, 0x81, 0xFB, 0x01, 0x14, 0x43, 0xFB, 0x14, 0x52, 0xA3, 0xFB, 0x1B, 0x7B, 0xED, 0xFA,
    0x1B, 0x7B, 0xED, 0xFA, 0x14, 0x80, 0xF9, 0xFA, 0x14, 0x84, 0xFA, 0xFA, 0x18, 0x8B, 0xFD, 0xFA,
    0x18, 0x8B, 0xFD, 0xFA, 0x18, 0x85, 0xF9, 0xFB, 0x19, 0x86, 0xF9, 0xFA, 0x18, 0x86, 0xFA, 0xFA,
    0x18, 0x86, 0xFA, 0xFA, 0x1A, 0x89, 0xFC, 0xF9, 0x17, 0x87, 0xFC, 0xFA, 0x16, 0x8A, 0xFB, 0xF9,
    0x16, 0x8A, 0xFB, 0xF9, 0x2A, 0x93, 0xF2, 0xF4, 0x05, 0x25, 0x60, 0xEA, 0x21, 0x57, 0x9A, 0x4F,
    0x37, 0x84, 0xCF, 0x08, 0x37, 0x84, 0xCF, 0x08, 0x31, 0x7B, 0xC4, 0x0A, 0x33, 0x7D, 0xC7, 0x03,
    0x34, 0x7D, 0xC7, 0x02, 0x34, 0x7D, 0xC7, 0x02, 0x34, 0x7E, 0xC7, 0x01, 0x00, 0x00, 0x00, 0x00,
    0x00, 0x00, 0x00, 0x00, 0x00, 0x00, 0x00, 0x00, 0x00, 0x00, 0x00, 0x00, 0x00, 0x00, 0x00, 0x00,
    0x00, 0x00, 0x00, 0x00, 0x00, 0x00, 0x00, 0x00, 0x00, 0x00, 0x00, 0x00, 0x00, 0x00, 0x00, 0x00,
    0x00, 0x00, 0x00, 0x00, 0x00, 0x00, 0x00, 0x00, 0x00, 0x00, 0x00, 0x00, 0x00, 0x00, 0x00, 0x00,
    0x00, 0x00, 0x00, 0x00, 0x00, 0x00, 0x00, 0x00, 0x00, 0x00, 0x00, 0x00, 0x00, 0x00, 0x00, 0x00,
    0x00, 0x00, 0x00, 0x00, 0x00, 0x00, 0x00, 0x00, 0x00, 0x00, 0x00, 0x00, 0x00, 0x00, 0x00, 0x00,
    0x00, 0x00, 0x00, 0x00, 0x00, 0x00, 0x00, 0x00, 0x42, 0x8A, 0xCE, 0x01, 0x42, 0x8A, 0xCE, 0x01,
    0x43, 0x8B, 0xCE, 0x01, 0x44, 0x8B, 0xCF, 0x01, 0x45, 0x8C, 0xCF, 0x01, 0x46, 0x8C, 0xCF, 0x01,
    0x46, 0x8C, 0xCF, 0x01, 0x47, 0x8C, 0xCF, 0x01, 0x45, 0x8D, 0xCF, 0x01, 0x46, 0x8D, 0xD0, 0x03,
    0x46, 0x8D, 0xD0, 0x03, 0x51, 0x93, 0xD2, 0x02, 0x2E, 0x5F, 0x8D, 0x3B, 0x24, 0x5E, 0x96, 0xAC,
    0x24, 0x5E, 0x96, 0xAC, 0x18, 0x62, 0xC0, 0xF9, 0x1B, 0x87, 0xF0, 0xF8, 0x0D, 0x76, 0xE6, 0xFB,
    0x0D, 0x76, 0xE6, 0xFB, 0x13, 0x7B, 0xE7, 0xFC, 0x2A, 0x97, 0xFC, 0xFC, 0x2D, 0x9A, 0xFC, 0xFD,
    0x34, 0xA5, 0xFD, 0xFD, 0x34, 0xA5, 0xFD, 0xFD, 0x36, 0xA3, 0xFD, 0xFD, 0x3D, 0xAB, 0xFD, 0xFD,
    0x49, 0xB0, 0xFD, 0xFD, 0x49, 0xB0, 0xFD, 0xFD, 0x6D, 0xBA, 0xFC, 0xFD, 0xB1, 0xDA, 0xFD, 0xFD,
    0xDC, 0xED, 0xFD, 0xFD, 0xDC, 0xED, 0xFD, 0xFD, 0xE8, 0xF5, 0xFD, 0xFD, 0xE5, 0xF3, 0xFD, 0xFD,
    0xE0, 0xF2, 0xFD, 0xFD, 0xE0, 0xF2, 0xFD, 0xFD, 0xDE, 0xF4, 0xFD, 0xFD, 0xDC, 0xF1, 0xFD, 0xFD,
    0xDD, 0xF0, 0xFE, 0xFD, 0xDD, 0xF0, 0xFE, 0xFD, 0xDD, 0xF0, 0xFE, 0xFD, 0xDE, 0xF0, 0xFE, 0xFD,
    0xE1, 0xF2, 0xFE, 0xFD, 0xE4, 0xF5, 0xFE, 0xFD, 0xE4, 0xF5, 0xFE, 0xFD, 0xE5, 0xF3, 0xFE, 0xFD,
    0xE7, 0xF5, 0xFE, 0xFD, 0xE7, 0xF7, 0xFE, 0xFD, 0xE7, 0xF7, 0xFE, 0xFD, 0xE8, 0xF5, 0xFC, 0xFD,
    0xEA, 0xF6, 0xFD, 0xFD, 0xCC, 0xE7, 0xFB, 0xFD, 0xCC, 0xE7, 0xFB, 0xFD, 0x94, 0xCD, 0xFA, 0xFD,
    0x80, 0xC9, 0xFE, 0xFD, 0x7D, 0xCA, 0xFE, 0xFD, 0x7D, 0xCA, 0xFE, 0xFD, 0x6F, 0xBE, 0xFD, 0xFD,
    0x5E, 0xBA, 0xFE, 0xFD, 0x4E, 0xB3, 0xFE, 0xFD, 0x3C, 0xA2, 0xFD, 0xFD, 0x3C, 0xA2, 0xFD, 0xFD,
    0x33, 0x9B, 0xFC, 0xFD, 0x2B, 0x95, 0xFA, 0xFD, 0x27, 0x94, 0xFC, 0xFC, 0x27, 0x94, 0xFC, 0xFC,
    0x25, 0x90, 0xFB, 0xFC, 0x1C, 0x81, 0xF0, 0xFC, 0x07, 0x66, 0xD5, 0xFC, 0x07, 0x66, 0xD5, 0xFC,
    0x19, 0x80, 0xF3, 0xFC, 0x18, 0x8A, 0xFB, 0xFC, 0x0E, 0x80, 0xF4, 0xFC, 0x0E, 0x80, 0xF4, 0xFC,
    0x09, 0x7B, 0xEF, 0xFC, 0x06, 0x76, 0xE8, 0xFB, 0x13, 0x78, 0xE9, 0xFB, 0x06, 0x39, 0x82, 0xFB,
    0x06, 0x39, 0x82, 0xFB, 0x03, 0x29, 0x6A, 0xFA, 0x23, 0x89, 0xED, 0xFA, 0x14, 0x84, 0xF9, 0xFA,
    0x14, 0x84, 0xF9, 0xFA, 0x10, 0x80, 0xF9, 0xFA, 0x17, 0x86, 0xFA, 0xFA, 0x1D, 0x8E, 0xFD, 0xFA,
    0x1D, 0x8E, 0xFD, 0xFA, 0x1A, 0x87, 0xFB, 0xFA, 0x1A, 0x87, 0xFB, 0xF9, 0x19, 0x88, 0xFB, 0xFA,
    0x19, 0x88, 0xFB, 0xFA, 0x16, 0x89, 0xFD, 0xF9, 0x17, 0x89, 0xFD, 0xF8, 0x18, 0x73, 0xE1, 0xF8,
    0x18, 0x73, 0xE1, 0xF8, 0x0E, 0x39, 0x85, 0xE5, 0x16, 0x44, 0x81, 0x98, 0x36, 0x7F, 0xC5, 0x23,
    0x31, 0x7D, 0xC7, 0x04, 0x31, 0x7D, 0xC7, 0x04, 0x32, 0x7C, 0xC5, 0x07, 0x33, 0x7D, 0xC6, 0x02,
    0x33, 0x7D, 0xC6, 0x02, 0x33, 0x7D, 0xC6, 0x02, 0x34, 0x7E, 0xC8, 0x01, 0x00, 0x00, 0x00, 0x00,
    0x00, 0x00, 0x00, 0x00, 0x00, 0x00, 0x00, 0x00, 0x00, 0x00, 0x00, 0x00, 0x00, 0x00, 0x00, 0x00,
    0x00, 0x00, 0x00, 0x00, 0x00, 0x00, 0x00, 0x00, 0x00, 0x00, 0x00, 0x00, 0x00, 0x00, 0x00, 0x00,
    0x00, 0x00, 0x00, 0x00, 0x00, 0x00, 0x00, 0x00, 0x00, 0x00, 0x00, 0x00, 0x00, 0x00, 0x00, 0x00,
    0x00, 0x00, 0x00, 0x00, 0x00, 0x00, 0x00, 0x00, 0x00, 0x00, 0x00, 0x00, 0x00, 0x00, 0x00, 0x00,
    0x00, 0x00, 0x00, 0x00, 0x00, 0x00, 0x00, 0x00, 0x00, 0x00, 0x00, 0x00, 0x00, 0x00, 0x00, 0x00,
    0x00, 0x00, 0x00, 0x00, 0x00, 0x00, 0x00, 0x00, 0x42, 0x8A, 0xCE, 0x01, 0x42, 0x8A, 0xCE, 0x01,
    0x44, 0x8A, 0xCE, 0x01, 0x45, 0x8B, 0xCF, 0x01, 0x46, 0x8C, 0xCF, 0x01, 0x47, 0x8B, 0xD0, 0x01,
    0x47, 0x8B, 0xD0, 0x01, 0x47, 0x8C, 0xD0, 0x01, 0x45, 0x8C, 0xCF, 0x01, 0x46, 0x8D, 0xCF, 0x05,
    0x46, 0x8D, 0xCF, 0x05, 0x53, 0x90, 0xCC, 0x01, 0x16, 0x36, 0x5A, 0x63, 0x0C, 0x40, 0x83, 0xF1,
    0x0C, 0x40, 0x83, 0xF1, 0x23, 0x90, 0xF5, 0xF7, 0x12, 0x89, 0xF7, 0xFA, 0x05, 0x6A, 0xE0, 0xFB,
    0x05, 0x6A, 0xE0, 0xFB, 0x0F, 0x74, 0xE5, 0xFC, 0x2C, 0x9D, 0xFD, 0xFC, 0x2B, 0x9A, 0xFC, 0xFD,
    0x31, 0xA1, 0xFD, 0xFD, 0x31, 0xA1, 0xFD, 0xFD, 0x37, 0xA5, 0xFE, 0xFD, 0x3E, 0xAE, 0xFE, 0xFD,
    0x45, 0xA9, 0xFD, 0xFD, 0x45, 0xA9, 0xFD, 0xFD, 0x6A, 0xB9, 0xFC, 0xFD, 0xB4, 0xDD, 0xFD, 0xFD,
    0xDC, 0xEF, 0xFD, 0xFD, 0xDC, 0xEF, 0xFD, 0xFD, 0xDF, 0xEF, 0xFC, 0xFD, 0xE8, 0xF6, 0xFD, 0xFD,
    0xE5, 0xF3, 0xFC, 0xFD, 0xE5, 0xF3, 0xFC, 0xFD, 0xE4, 0xF4, 0xFC, 0xFD, 0xE3, 0xF6, 0xFD, 0xFD,
    0xE4, 0xF6, 0xFE, 0xFD, 0xE4, 0xF6, 0xFE, 0xFD, 0xE4, 0xF4, 0xFE, 0xFD, 0xE6, 0xF4, 0xFE, 0xFD,
    0xE8, 0xF5, 0xFE, 0xFD, 0xEA, 0xF6, 0xFE, 0xFD, 0xEA, 0xF6, 0xFE, 0xFD, 0xEE, 0xF8, 0xFE, 0xFD,
    0xEE, 0xF7, 0xFE, 0xFD, 0xEE, 0xF5, 0xFC, 0xFD, 0xEE, 0xF5, 0xFC, 0xFD, 0xF4, 0xF9, 0xFB, 0xFD,
    0xED, 0xF6, 0xFB, 0xFD, 0xC3, 0xDE, 0xF5, 0xFD, 0xC3, 0xDE, 0xF5, 0xFD, 0x89, 0xC2, 0xF6, 0xFD,
    0x80, 0xCB, 0xFE, 0xFD, 0x7B, 0xC7, 0xFE, 0xFD, 0x7B, 0xC7, 0xFE, 0xFD, 0x71, 0xC1, 0xFD, 0xFD,
    0x5D, 0xB7, 0xFD, 0xFD, 0x4B, 0xAE, 0xFE, 0xFD, 0x3C, 0xA3, 0xFE, 0xFD, 0x3C, 0xA3, 0xFE, 0xFD,
    0x35, 0x9D, 0xFD, 0xFD, 0x2D, 0x97, 0xFB, 0xFD, 0x26, 0x90, 0xF9, 0xFC, 0x26, 0x90, 0xF9, 0xFC,
    0x24, 0x8E, 0xF9, 0xFC, 0x22, 0x85, 0xF2, 0xFC, 0x07, 0x5B, 0xC5, 0xFC, 0x07, 0x5B, 0xC5, 0xFC,
    0x18, 0x78, 0xE6, 0xFC, 0x1C, 0x8C, 0xFA, 0xFC, 0x0F, 0x82, 0xF5, 0xFC, 0x0F, 0x82, 0xF5, 0xFC,
    0x08, 0x79, 0xEF, 0xFC, 0x08, 0x7E, 0xEF, 0xFB, 0x13, 0x7B, 0xED, 0xFB, 0x05, 0x36, 0x84, 0xFB,
    0x05, 0x36, 0x84, 0xFB, 0x02, 0x28, 0x77, 0xFA, 0x1B, 0x82, 0xF3, 0xFB, 0x0F, 0x7F, 0xFA, 0xFB,
    0x0F, 0x7F, 0xFA, 0xFB, 0x11, 0x81, 0xF9, 0xFA, 0x15, 0x81, 0xF8, 0xFA, 0x18, 0x85, 0xF9, 0xFA,
    0x18, 0x85, 0xF9, 0xFA, 0x1B, 0x89, 0xFB, 0xFA, 0x1B, 0x89, 0xFB, 0xF9, 0x16, 0x80, 0xF7, 0xFA,
    0x16, 0x80, 0xF7, 0xFA, 0x11, 0x7F, 0xF8, 0xF8, 0x19, 0x89, 0xFB, 0xF8, 0x10, 0x44, 0x9C, 0xF9,
    0x10, 0x44, 0x9C, 0xF9, 0x00, 0x06, 0x33, 0xC2, 0x2D, 0x6D, 0xB0, 0x22, 0x2F, 0x7F, 0xC9, 0x14,
    0x2F, 0x7A, 0xC5, 0x04, 0x2F, 0x7A, 0xC5, 0x04, 0x33, 0x7C, 0xC6, 0x05, 0x33, 0x7E, 0xC6, 0x03,
    0x33, 0x7D, 0xC7, 0x02, 0x33, 0x7D, 0xC7, 0x02, 0x33, 0x7D, 0xC8, 0x01, 0x00, 0x00, 0x00, 0x00,
    0x00, 0x00, 0x00, 0x00, 0x00, 0x00, 0x00, 0x00, 0x00, 0x00, 0x00, 0x00, 0x00, 0x00, 0x00, 0x00,
    0x00, 0x00, 0x00, 0x00, 0x00, 0x00, 0x00, 0x00, 0x00, 0x00, 0x00, 0x00, 0x00, 0x00, 0x00, 0x00,
    0x00, 0x00, 0x00, 0x00, 0x00, 0x00, 0x00, 0x00, 0x00, 0x00, 0x00, 0x00, 0x00, 0x00, 0x00, 0x00,
    0x00, 0x00, 0x00, 0x00, 0x00, 0x00, 0x00, 0x00, 0x00, 0x00, 0x00, 0x00, 0x00, 0x00, 0x00, 0x00,
    0x00, 0x00, 0x00, 0x00, 0x00, 0x00, 0x00, 0x00, 0x00, 0x00, 0x00, 0x00, 0x00, 0x00, 0x00, 0x00,
    0x00, 0x00, 0x00, 0x00, 0x00, 0x00, 0x00, 0x00, 0x42, 0x8A, 0xCE, 0x01, 0x42, 0x8A, 0xCE, 0x01,
    0x44, 0x8A, 0xCE, 0x01, 0x45, 0x8B, 0xCF, 0x01, 0x46, 0x8C, 0xCF, 0x01, 0x47, 0x8B, 0xD0, 0x01,
    0x47, 0x8B, 0xD0, 0x01, 0x47, 0x8C, 0xD0, 0x01, 0x45, 0x8C, 0xCF, 0x01, 0x46, 0x8D, 0xCF, 0x05,
    0x46, 0x8D, 0xCF, 0x05, 0x53, 0x90, 0xCC, 0x01, 0x16, 0x36, 0x5A, 0x63, 0x0C, 0x40, 0x83, 0xF1,
    0x0C, 0x40, 0x83, 0xF1, 0x23, 0x90, 0xF5, 0xF7, 0x12, 0x89, 0xF7, 0xFA, 0x05, 0x6A, 0xE0, 0xFB,
    0x05, 0x6A, 0xE0, 0xFB, 0x0F, 0x74, 0xE5, 0xFC, 0x2C, 0x9D, 0xFD, 0xFC, 0x2B, 0x9A, 0xFC, 0xFD,
    0x31, 0xA1, 0xFD, 0xFD, 0x31, 0xA1, 0xFD, 0xFD, 0x37, 0xA5, 0xFE, 0xFD, 0x3E, 0xAE, 0xFE, 0xFD,
    0x45, 0xA9, 0xFD, 0xFD, 0x45, 0xA9, 0xFD, 0xFD, 0x6A, 0xB9, 0xFC, 0xFD, 0xB4, 0xDD, 0xFD, 0xFD,
    0xDC, 0xEF, 0xFD, 0xFD, 0xDC, 0xEF, 0xFD, 0xFD, 0xDF, 0xEF, 0xFC, 0xFD, 0xE8, 0xF6, 0xFD, 0xFD,
    0xE5, 0xF3, 0xFC, 0xFD, 0xE5, 0xF3, 0xFC, 0xFD, 0xE4, 0xF4, 0xFC, 0xFD, 0xE3, 0xF6, 0xFD, 0xFD,
    0xE4, 0xF6, 0xFE, 0xFD, 0xE4, 0xF6, 0xFE, 0xFD, 0xE4, 0xF4, 0xFE, 0xFD, 0xE6, 0xF4, 0xFE, 0xFD,
    0xE8, 0xF5, 0xFE, 0xFD, 0xEA, 0xF6, 0xFE, 0xFD, 0xEA, 0xF6, 0xFE, 0xFD, 0xEE, 0xF8, 0xFE, 0xFD,
    0xEE, 0xF7, 0xFE, 0xFD, 0xEE, 0xF5, 0xFC, 0xFD, 0xEE, 0xF5, 0xFC, 0xFD, 0xF4, 0xF9, 0xFB, 0xFD,
    0xED, 0xF6, 0xFB, 0xFD, 0xC3, 0xDE, 0xF5, 0xFD, 0xC3, 0xDE, 0xF5, 0xFD, 0x89, 0xC2, 0xF6, 0xFD,
    0x80, 0xCB, 0xFE, 0xFD, 0x7B, 0xC7, 0xFE, 0xFD, 0x7B, 0xC7, 0xFE, 0xFD, 0x71, 0xC1, 0xFD, 0xFD,
    0x5D, 0xB7, 0xFD, 0xFD, 0x4B, 0xAE, 0xFE, 0xFD, 0x3C, 0xA3, 0xFE, 0xFD, 0x3C, 0xA3, 0xFE, 0xFD,
    0x35, 0x9D, 0xFD, 0xFD, 0x2D, 0x97, 0xFB, 0xFD, 0x26, 0x90, 0xF9, 0xFC, 0x26, 0x90, 0xF9, 0xFC,
    0x24, 0x8E, 0xF9, 0xFC, 0x22, 0x85, 0xF2, 0xFC, 0x07, 0x5B, 0xC5, 0xFC, 0x07, 0x5B, 0xC5, 0xFC,
    0x18, 0x78, 0xE6, 0xFC, 0x1C, 0x8C, 0xFA, 0xFC, 0x0F, 0x82, 0xF5, 0xFC, 0x0F, 0x82, 0xF5, 0xFC,
    0x08, 0x79, 0xEF, 0xFC, 0x08, 0x7E, 0xEF, 0xFB, 0x13, 0x7B, 0xED, 0xFB, 0x05, 0x36, 0x84, 0xFB,
    0x05, 0x36, 0x84, 0xFB, 0x02, 0x28, 0x77, 0xFA, 0x1B, 0x82, 0xF3, 0xFB, 0x0F, 0x7F, 0xFA, 0xFB,
    0x0F, 0x7F, 0xFA, 0xFB, 0x11, 0x81, 0xF9, 0xFA, 0x15, 0x81, 0xF8, 0xFA, 0x18, 0x85, 0xF9, 0xFA,
    0x18, 0x85, 0xF9, 0xFA, 0x1B, 0x89, 0xFB, 0xFA, 0x1B, 0x89, 0xFB, 0xF9, 0x16, 0x80, 0xF7, 0xFA,
    0x16, 0x80, 0xF7, 0xFA, 0x11, 0x7F, 0xF8, 0xF8, 0x19, 0x89, 0xFB, 0xF8, 0x10, 0x44, 0x9C, 0xF9,
    0x10, 0x44, 0x9C, 0xF9, 0x00, 0x06, 0x33, 0xC2, 0x2D, 0x6D, 0xB0, 0x22, 0x2F, 0x7F, 0xC9, 0x14,
    0x2F, 0x7A, 0xC5, 0x04, 0x2F, 0x7A, 0xC5, 0x04, 0x33, 0x7C, 0xC6, 0x05, 0x33, 0x7E, 0xC6, 0x03,
    0x33, 0x7D, 0xC7, 0x02, 0x33, 0x7D, 0xC7, 0x02, 0x33, 0x7D, 0xC8, 0x01, 0x00, 0x00, 0x00, 0x00,
    0x00, 0x00, 0x00, 0x00, 0x00, 0x00, 0x00, 0x00, 0x00, 0x00, 0x00, 0x00, 0x00, 0x00, 0x00, 0x00,
    0x00, 0x00, 0x00, 0x00, 0x00, 0x00, 0x00, 0x00, 0x00, 0x00, 0x00, 0x00, 0x00, 0x00, 0x00, 0x00,
    0x00, 0x00, 0x00, 0x00, 0x00, 0x00, 0x00, 0x00, 0x00, 0x00, 0x00, 0x00, 0x00, 0x00, 0x00, 0x00,
    0x00, 0x00, 0x00, 0x00, 0x00, 0x00, 0x00, 0x00, 0x00, 0x00, 0x00, 0x00, 0x00, 0x00, 0x00, 0x00,
    0x00, 0x00, 0x00, 0x00, 0x00, 0x00, 0x00, 0x00, 0x00, 0x00, 0x00, 0x00, 0x00, 0x00, 0x00, 0x00,
    0x00, 0x00, 0x00, 0x00, 0x00, 0x00, 0x00, 0x00, 0x43, 0x8A, 0xCE, 0x01, 0x43, 0x8A, 0xCE, 0x01,
    0x45, 0x8A, 0xCE, 0x01, 0x46, 0x8B, 0xCE, 0x01, 0x46, 0x8C, 0xCF, 0x01, 0x47, 0x8B, 0xD0, 0x01,
    0x47, 0x8B, 0xD0, 0x01, 0x48, 0x8C, 0xD0, 0x01, 0x46, 0x8D, 0xCF, 0x01, 0x46, 0x8D, 0xCE, 0x04,
    0x46, 0x8D, 0xCE, 0x04, 0x51, 0x8D, 0xCB, 0x02, 0x18, 0x33, 0x54, 0x6B, 0x13, 0x44, 0x87, 0xF3,
    0x13, 0x44, 0x87, 0xF3, 0x23, 0x92, 0xF7, 0xF5, 0x0F, 0x87, 0xF7, 0xFB, 0x04, 0x6C, 0xE2, 0xFB,
    0x04, 0x6C, 0xE2, 0xFB, 0x0E, 0x76, 0xE7, 0xFC, 0x2B, 0x9F, 0xFD, 0xFC, 0x2A, 0x9C, 0xFC, 0xFD,
    0x2E, 0xA0, 0xFD, 0xFD, 0x2E, 0xA0, 0xFD, 0xFD, 0x37, 0xA6, 0xFE, 0xFD, 0x3B, 0xAD, 0xFE, 0xFD,
    0x3D, 0xA9, 0xFE, 0xFD, 0x3D, 0xA9, 0xFE, 0xFD, 0x54, 0xB2, 0xFD, 0xFD, 0x8A, 0xC3, 0xFA, 0xFD,
    0xC1, 0xDE, 0xFB, 0xFD, 0xC1, 0xDE, 0xFB, 0xFD, 0xB3, 0xCD, 0xEF, 0xFD, 0xDA, 0xEC, 0xFB, 0xFD,
    0xE7, 0xF5, 0xFD, 0xFD, 0xE7, 0xF5, 0xFD, 0xFD, 0xE7, 0xF6, 0xFD, 0xFD, 0xE8, 0xF8, 0xFE, 0xFD,
    0xE8, 0xF6, 0xFE, 0xFD, 0xE8, 0xF6, 0xFE, 0xFD, 0xEA, 0xF8, 0xFE, 0xFD, 0xEC, 0xF8, 0xFE, 0xFD,
    0xED, 0xF8, 0xFE, 0xFD, 0xEF, 0xF9, 0xFE, 0xFD, 0xEF, 0xF9, 0xFE, 0xFD, 0xF1, 0xFB, 0xFF, 0xFD,
    0xF2, 0xFA, 0xFE, 0xFD, 0xF2, 0xF8, 0xFD, 0xFD, 0xF2, 0xF8, 0xFD, 0xFD, 0xF7, 0xFC, 0xFD, 0xFD,
    0xEA, 0xF7, 0xFC, 0xFD, 0xB8, 0xE1, 0xFB, 0xFD, 0xB8, 0xE1, 0xFB, 0xFD, 0x82, 0xC5, 0xFA, 0xFD,
    0x7B, 0xC7, 0xFD, 0xFD, 0x77, 0xC3, 0xFD, 0xFD, 0x77, 0xC3, 0xFD, 0xFD, 0x70, 0xC5, 0xFE, 0xFD,
    0x5C, 0xB7, 0xFE, 0xFD, 0x48, 0xAA, 0xFE, 0xFD, 0x3C, 0xA3, 0xFE, 0xFD, 0x3C, 0xA3, 0xFE, 0xFD,
    0x37, 0xA0, 0xFE, 0xFD, 0x2D, 0x95, 0xFC, 0xFD, 0x25, 0x92, 0xFA, 0xFC, 0x25, 0x92, 0xFA, 0xFC,
    0x23, 0x8F, 0xF9, 0xFC, 0x25, 0x8A, 0xF5, 0xFC, 0x08, 0x53, 0xBB, 0xFC, 0x08, 0x53, 0xBB, 0xFC,
    0x0F, 0x64, 0xCF, 0xFC, 0x1B, 0x86, 0xF8, 0xFC, 0x11, 0x82, 0xF6, 0xFC, 0x11, 0x82, 0xF6, 0xFC,
    0x0C, 0x7E, 0xF4, 0xFC, 0x0A, 0x82, 0xF6, 0xFB, 0x15, 0x81, 0xF5, 0xFB, 0x07, 0x3D, 0x8E, 0xFB,
    0x07, 0x3D, 0x8E, 0xFB, 0x02, 0x2B, 0x7B, 0xFB, 0x1C, 0x7F, 0xF2, 0xFA, 0x0F, 0x7C, 0xF9, 0xFB,
    0x0F, 0x7C, 0xF9, 0xFB, 0x13, 0x82, 0xFA, 0xFA, 0x15, 0x7E, 0xF6, 0xFA, 0x16, 0x80, 0xF7, 0xF9,
    0x16, 0x80, 0xF7, 0xF9, 0x19, 0x85, 0xF9, 0xFA, 0x18, 0x85, 0xFA, 0xF9, 0x13, 0x7F, 0xF7, 0xF9,
    0x13, 0x7F, 0xF7, 0xF9, 0x11, 0x7C, 0xF5, 0xF7, 0x1E, 0x86, 0xEF, 0xF5, 0x0C, 0x3E, 0x81, 0xE1,
    0x0C, 0x3E, 0x81, 0xE1, 0x14, 0x3E, 0x80, 0x8C, 0x31, 0x7B, 0xC5, 0x10, 0x2D, 0x79, 0xC4, 0x0A,
    0x31, 0x7B, 0xC6, 0x03, 0x31, 0x7B, 0xC6, 0x03, 0x32, 0x7C, 0xC6, 0x04, 0x33, 0x7D, 0xC7, 0x02,
    0x33, 0x7D, 0xC7, 0x02, 0x33, 0x7D, 0xC7, 0x02, 0x33, 0x7E, 0xC9, 0x01, 0x00, 0x00, 0x00, 0x00,
    0x00, 0x00, 0x00, 0x00, 0x00, 0x00, 0x00, 0x00, 0x00, 0x00, 0x00, 0x00, 0x00, 0x00, 0x00, 0x00,
    0x00, 0x00, 0x00, 0x00, 0x00, 0x00, 0x00, 0x00, 0x00, 0x00, 0x00, 0x00, 0x00, 0x00, 0x00, 0x00,
    0x00, 0x00, 0x00, 0x00, 0x00, 0x00, 0x00, 0x00, 0x00, 0x00, 0x00, 0x00, 0x00, 0x00, 0x00, 0x00,
    0x00, 0x00, 0x00, 0x00, 0x00, 0x00, 0x00, 0x00, 0x00, 0x00, 0x00, 0x00, 0x00, 0x00, 0x00, 0x00,
    0x00, 0x00, 0x00, 0x00, 0x00, 0x00, 0x00, 0x00, 0x00, 0x00, 0x00, 0x00, 0x00, 0x00, 0x00, 0x00,
    0x00, 0x00, 0x00, 0x00, 0x00, 0x00, 0x00, 0x00, 0x43, 0x8A, 0xCD, 0x01, 0x43, 0x8A, 0xCD, 0x01,
    0x45, 0x8A, 0xCD, 0x01, 0x46, 0x8A, 0xCD, 0x01, 0x47, 0x8B, 0xCE, 0x01, 0x47, 0x8B, 0xCF, 0x01,
    0x47, 0x8B, 0xCF, 0x01, 0x48, 0x8C, 0xCF, 0x01, 0x46, 0x8E, 0xCF, 0x01, 0x47, 0x8D, 0xCE, 0x04,
    0x47, 0x8D, 0xCE, 0x04, 0x50, 0x8E, 0xCA, 0x02, 0x18, 0x35, 0x56, 0x75, 0x11, 0x44, 0x87, 0xF5,
    0x11, 0x44, 0x87, 0xF5, 0x21, 0x91, 0xF6, 0xF6, 0x10, 0x87, 0xF7, 0xFB, 0x04, 0x69, 0xDF, 0xFB,
    0x04, 0x69, 0xDF, 0xFB, 0x0C, 0x76, 0xE7, 0xFC, 0x28, 0x9B, 0xFD, 0xFC, 0x25, 0x99, 0xFC, 0xFD,
    0x2D, 0xA3, 0xFE, 0xFD, 0x2D, 0xA3, 0xFE, 0xFD, 0x31, 0xA3, 0xFE, 0xFD, 0x33, 0xA5, 0xFE, 0xFD,
    0x35, 0xA9, 0xFE, 0xFD, 0x35, 0xA9, 0xFE, 0xFD, 0x39, 0xA3, 0xFD, 0xFD, 0x58, 0xA9, 0xF8, 0xFD,
    0x90, 0xC4, 0xFB, 0xFD, 0x90, 0xC4, 0xFB, 0xFD, 0x80, 0xA7, 0xE5, 0xFD, 0xB7, 0xD4, 0xF4, 0xFD,
    0xE6, 0xF6, 0xFE, 0xFD, 0xE6, 0xF6, 0xFE, 0xFD, 0xE7, 0xF5, 0xFD, 0xFD, 0xEB, 0xF7, 0xFE, 0xFD,
    0xEC, 0xF7, 0xFE, 0xFD, 0xEC, 0xF7, 0xFE, 0xFD, 0xED, 0xF7, 0xFD, 0xFD, 0xEF, 0xF8, 0xFD, 0xFD,
    0xF2, 0xFA, 0xFE, 0xFD, 0xF3, 0xFA, 0xFE, 0xFD, 0xF3, 0xFA, 0xFE, 0xFD, 0xF3, 0xF9, 0xFE, 0xFD,
    0xF5, 0xFB, 0xFF, 0xFD, 0xF2, 0xFA, 0xFF, 0xFD, 0xF2, 0xFA, 0xFF, 0xFD, 0xD7, 0xE7, 0xF3, 0xFD,
    0xBE, 0xDD, 0xF5, 0xFD, 0x96, 0xCE, 0xFB, 0xFD, 0x96, 0xCE, 0xFB, 0xFD, 0x76, 0xC3, 0xFC, 0xFD,
    0x6F, 0xBE, 0xFC, 0xFD, 0x6C, 0xBD, 0xFD, 0xFD, 0x6C, 0xBD, 0xFD, 0xFD, 0x65, 0xBE, 0xFE, 0xFD,
    0x53, 0xB0, 0xFD, 0xFD, 0x46, 0xAD, 0xFE, 0xFD, 0x35, 0x9D, 0xFC, 0xFD, 0x35, 0x9D, 0xFC, 0xFD,
    0x2F, 0x98, 0xFC, 0xFD, 0x2B, 0x95, 0xFC, 0xFD, 0x25, 0x93, 0xFC, 0xFC, 0x25, 0x93, 0xFC, 0xFC,
    0x1D, 0x87, 0xF7, 0xFC, 0x22, 0x86, 0xF3, 0xFC, 0x07, 0x4E, 0xB5, 0xFC, 0x07, 0x4E, 0xB5, 0xFC,
    0x0E, 0x5E, 0xC6, 0xFC, 0x1F, 0x87, 0xF6, 0xFC, 0x15, 0x87, 0xF9, 0xFC, 0x15, 0x87, 0xF9, 0xFC,
    0x0C, 0x7D, 0xF3, 0xFC, 0x07, 0x7C, 0xF1, 0xFB, 0x16, 0x84, 0xF9, 0xFB, 0x05, 0x37, 0x8C, 0xFB,
    0x05, 0x37, 0x8C, 0xFB, 0x01, 0x26, 0x79, 0xFB, 0x14, 0x73, 0xEB, 0xFA, 0x0D, 0x78, 0xF8, 0xFB,
    0x0D, 0x78, 0xF8, 0xFB, 0x0E, 0x79, 0xF5, 0xFA, 0x13, 0x7E, 0xF7, 0xFA, 0x14, 0x81, 0xF9, 0xF9,
    0x14, 0x81, 0xF9, 0xF9, 0x11, 0x7B, 0xF5, 0xFA, 0x10, 0x7C, 0xF4, 0xF9, 0x10, 0x7B, 0xF6, 0xF8,
    0x10, 0x7B, 0xF6, 0xF8, 0x16, 0x7C, 0xF0, 0xF5, 0x0C, 0x44, 0x98, 0xFB, 0x0D, 0x41, 0x85, 0x9D,
    0x0D, 0x41, 0x85, 0x9D, 0x2E, 0x7B, 0xC6, 0x24, 0x2C, 0x7A, 0xC6, 0x09, 0x2F, 0x7B, 0xC6, 0x05,
    0x32, 0x7C, 0xC7, 0x03, 0x32, 0x7C, 0xC7, 0x03, 0x32, 0x7C, 0xC7, 0x05, 0x33, 0x7D, 0xC8, 0x03,
    0x33, 0x7E, 0xC8, 0x02, 0x33, 0x7E, 0xC8, 0x02, 0x34, 0x7F, 0xC8, 0x01, 0x00, 0x00, 0x00, 0x00,
    0x00, 0x00, 0x00, 0x00, 0x00, 0x00, 0x00, 0x00, 0x00, 0x00, 0x00, 0x00, 0x00, 0x00, 0x00, 0x00,
    0x00, 0x00, 0x00, 0x00, 0x00, 0x00, 0x00, 0x00, 0x00, 0x00, 0x00, 0x00, 0x00, 0x00, 0x00, 0x00,
    0x00, 0x00, 0x00, 0x00, 0x00, 0x00, 0x00, 0x00, 0x00, 0x00, 0x00, 0x00, 0x00, 0x00, 0x00, 0x00,
    0x00, 0x00, 0x00, 0x00, 0x00, 0x00, 0x00, 0x00, 0x00, 0x00, 0x00, 0x00, 0x00, 0x00, 0x00, 0x00,
    0x00, 0x00, 0x00, 0x00, 0x00, 0x00, 0x00, 0x00, 0x00, 0x00, 0x00, 0x00, 0x00, 0x00, 0x00, 0x00,
    0x00, 0x00, 0x00, 0x00, 0x00, 0x00, 0x00, 0x00, 0x43, 0x8A, 0xCD, 0x01, 0x43, 0x8A, 0xCD, 0x01,
    0x45, 0x8A, 0xCD, 0x01, 0x46, 0x8A, 0xCD, 0x01, 0x47, 0x8B, 0xCD, 0x01, 0x47, 0x8B, 0xCE, 0x01,
    0x47, 0x8B, 0xCE, 0x01, 0x48, 0x8B, 0xCE, 0x01, 0x47, 0x8D, 0xCF, 0x01, 0x48, 0x8E, 0xD0, 0x04,
    0x48, 0x8E, 0xD0, 0x04, 0x51, 0x8F, 0xC9, 0x01, 0x19, 0x37, 0x57, 0x78, 0x10, 0x43, 0x83, 0xF5,
    0x10, 0x43, 0x83, 0xF5, 0x22, 0x92, 0xF6, 0xF6, 0x14, 0x88, 0xF7, 0xFB, 0x07, 0x6A, 0xDE, 0xFB,
    0x07, 0x6A, 0xDE, 0xFB, 0x0E, 0x75, 0xE4, 0xFC, 0x2A, 0x9C, 0xFC, 0xFC, 0x25, 0x9A, 0xFC, 0xFC,
    0x2C, 0xA5, 0xFE, 0xFD, 0x2C, 0xA5, 0xFE, 0xFD, 0x2D, 0x9F, 0xFE, 0xFD, 0x30, 0xA2, 0xFE, 0xFD,
    0x2E, 0xA2, 0xFE, 0xFD, 0x2E, 0xA2, 0xFE, 0xFD, 0x2E, 0x9F, 0xFE, 0xFD, 0x3B, 0xA3, 0xFC, 0xFD,
    0x59, 0xAE, 0xFC, 0xFD, 0x59, 0xAE, 0xFC, 0xFD, 0x6E, 0xAD, 0xF5, 0xFD, 0x9C, 0xC3, 0xEF, 0xFD,
    0xE1, 0xF4, 0xFE, 0xFD, 0xE1, 0xF4, 0xFE, 0xFD, 0xE7, 0xF5, 0xFD, 0xFD, 0xEB, 0xF7, 0xFD, 0xFD,
    0xF1, 0xFB, 0xFE, 0xFD, 0xF1, 0xFB, 0xFE, 0xFD, 0xF0, 0xF9, 0xFE, 0xFD, 0xF2, 0xFA, 0xFD, 0xFD,
    0xF6, 0xFC, 0xFE, 0xFD, 0xF7, 0xFC, 0xFE, 0xFD, 0xF7, 0xFC, 0xFE, 0xFD, 0xF7, 0xFC, 0xFD, 0xFD,
    0xF9, 0xFF, 0xFF, 0xFD, 0xE6, 0xF3, 0xFD, 0xFD, 0xE6, 0xF3, 0xFD, 0xFD, 0x8E, 0xAA, 0xC8, 0xFD,
    0x7E, 0xB4, 0xE7, 0xFD, 0x79, 0xC9, 0xFD, 0xFD, 0x79, 0xC9, 0xFD, 0xFD, 0x66, 0xBD, 0xFD, 0xFD,
    0x63, 0xBC, 0xFD, 0xFD, 0x5D, 0xB5, 0xFD, 0xFD, 0x5D, 0xB5, 0xFD, 0xFD, 0x56, 0xB3, 0xFD, 0xFD,
    0x4C, 0xB0, 0xFE, 0xFD, 0x40, 0xAA, 0xFE, 0xFD, 0x2D, 0x97, 0xF9, 0xFD, 0x2D, 0x97, 0xF9, 0xFD,
    0x23, 0x91, 0xF9, 0xFD, 0x21, 0x8E, 0xF9, 0xFD, 0x1D, 0x8C, 0xFB, 0xFC, 0x1D, 0x8C, 0xFB, 0xFC,
    0x1B, 0x8B, 0xF9, 0xFC, 0x1A, 0x7C, 0xE8, 0xFC, 0x0D, 0x5F, 0xC0, 0xFC, 0x0D, 0x5F, 0xC0, 0xFC,
    0x21, 0x81, 0xE4, 0xFC, 0x22, 0x91, 0xF9, 0xFC, 0x17, 0x8C, 0xFA, 0xFC, 0x17, 0x8C, 0xFA, 0xFC,
    0x0D, 0x83, 0xF7, 0xFB, 0x09, 0x80, 0xF7, 0xFB, 0x18, 0x87, 0xF9, 0xFB, 0x06, 0x39, 0x8C, 0xFB,
    0x06, 0x39, 0x8C, 0xFB, 0x01, 0x2C, 0x7F, 0xFB, 0x12, 0x75, 0xF1, 0xFA, 0x0D, 0x7D, 0xFA, 0xFA,
    0x0D, 0x7D, 0xFA, 0xFA, 0x0F, 0x7A, 0xF7, 0xF9, 0x12, 0x7A, 0xF5, 0xF9, 0x12, 0x7D, 0xF8, 0xF9,
    0x12, 0x7D, 0xF8, 0xF9, 0x0F, 0x79, 0xF2, 0xF9, 0x0E, 0x78, 0xF3, 0xF6, 0x14, 0x7D, 0xF0, 0xF6,
    0x14, 0x7D, 0xF0, 0xF6, 0x21, 0x63, 0xB5, 0xED, 0x04, 0x11, 0x4A, 0xD8, 0x26, 0x66, 0xAE, 0x4A,
    0x26, 0x66, 0xAE, 0x4A, 0x2B, 0x7E, 0xCE, 0x07, 0x2C, 0x7B, 0xC7, 0x05, 0x32, 0x7C, 0xC8, 0x04,
    0x33, 0x7D, 0xC8, 0x03, 0x33, 0x7D, 0xC8, 0x03, 0x33, 0x7D, 0xC8, 0x03, 0x33, 0x7E, 0xC8, 0x03,
    0x33, 0x7E, 0xC8, 0x02, 0x33, 0x7E, 0xC8, 0x02, 0x33, 0x7F, 0xC8, 0x01, 0x00, 0x00, 0x00, 0x00,
    0x00, 0x00, 0x00, 0x00, 0x00, 0x00, 0x00, 0x00, 0x00, 0x00, 0x00, 0x00, 0x00, 0x00, 0x00, 0x00,
    0x00, 0x00, 0x00, 0x00, 0x00, 0x00, 0x00, 0x00, 0x00, 0x00, 0x00, 0x00, 0x00, 0x00, 0x00, 0x00,
    0x00, 0x00, 0x00, 0x00, 0x00, 0x00, 0x00, 0x00, 0x00, 0x00, 0x00, 0x00, 0x00, 0x00, 0x00, 0x00,
    0x00, 0x00, 0x00, 0x00, 0x00, 0x00, 0x00, 0x00, 0x00, 0x00, 0x00, 0x00, 0x00, 0x00, 0x00, 0x00,
    0x00, 0x00, 0x00, 0x00, 0x00, 0x00, 0x00, 0x00, 0x00, 0x00, 0x00, 0x00, 0x00, 0x00, 0x00, 0x00,
    0x00, 0x00, 0x00, 0x00, 0x00, 0x00, 0x00, 0x00, 0x43, 0x8A, 0xCD, 0x01, 0x43, 0x8A, 0xCD, 0x01,
    0x45, 0x8A, 0xCD, 0x01, 0x46, 0x8A, 0xCD, 0x01, 0x47, 0x8B, 0xCD, 0x01, 0x47, 0x8B, 0xCE, 0x01,
    0x47, 0x8B, 0xCE, 0x01, 0x48, 0x8B, 0xCE, 0x01, 0x47, 0x8D, 0xCF, 0x01, 0x48, 0x8E, 0xD0, 0x04,
    0x48, 0x8E, 0xD0, 0x04, 0x51, 0x8F, 0xC9, 0x01, 0x19, 0x37, 0x57, 0x78, 0x10, 0x43, 0x83, 0xF5,
    0x10, 0x43, 0x83, 0xF5, 0x22, 0x92, 0xF6, 0xF6, 0x14, 0x88, 0xF7, 0xFB, 0x07, 0x6A, 0xDE, 0xFB,
    0x07, 0x6A, 0xDE, 0xFB, 0x0E, 0x75, 0xE4, 0xFC, 0x2A, 0x9C, 0xFC, 0xFC, 0x25, 0x9A, 0xFC, 0xFC,
    0x2C, 0xA5, 0xFE, 0xFD, 0x2C, 0xA5, 0xFE, 0xFD, 0x2D, 0x9F, 0xFE, 0xFD, 0x30, 0xA2, 0xFE, 0xFD,
    0x2E, 0xA2, 0xFE, 0xFD, 0x2E, 0xA2, 0xFE, 0xFD, 0x2E, 0x9F, 0xFE, 0xFD, 0x3B, 0xA3, 0xFC, 0xFD,
    0x59, 0xAE, 0xFC, 0xFD, 0x59, 0xAE, 0xFC, 0xFD, 0x6E, 0xAD, 0xF5, 0xFD, 0x9C, 0xC3, 0xEF, 0xFD,
    0xE1, 0xF4, 0xFE, 0xFD, 0xE1, 0xF4, 0xFE, 0xFD, 0xE7, 0xF5, 0xFD, 0xFD, 0xEB, 0xF7, 0xFD, 0xFD,
    0xF1, 0xFB, 0xFE, 0xFD, 0xF1, 0xFB, 0xFE, 0xFD, 0xF0, 0xF9, 0xFE, 0xFD, 0xF2, 0xFA, 0xFD, 0xFD,
    0xF6, 0xFC, 0xFE, 0xFD, 0xF7, 0xFC, 0xFE, 0xFD, 0xF7, 0xFC, 0xFE, 0xFD, 0xF7, 0xFC, 0xFD, 0xFD,
    0xF9, 0xFF, 0xFF, 0xFD, 0xE6, 0xF3, 0xFD, 0xFD, 0xE6, 0xF3, 0xFD, 0xFD, 0x8E, 0xAA, 0xC8, 0xFD,
    0x7E, 0xB4, 0xE7, 0xFD, 0x79, 0xC9, 0xFD, 0xFD, 0x79, 0xC9, 0xFD, 0xFD, 0x66, 0xBD, 0xFD, 0xFD,
    0x63, 0xBC, 0xFD, 0xFD, 0x5D, 0xB5, 0xFD, 0xFD, 0x5D, 0xB5, 0xFD, 0xFD, 0x56, 0xB3, 0xFD, 0xFD,
    0x4C, 0xB0, 0xFE, 0xFD, 0x40, 0xAA, 0xFE, 0xFD, 0x2D, 0x97, 0xF9, 0xFD, 0x2D, 0x97, 0xF9, 0xFD,
    0x23, 0x91, 0xF9, 0xFD, 0x21, 0x8E, 0xF9, 0xFD, 0x1D, 0x8C, 0xFB, 0xFC, 0x1D, 0x8C, 0xFB, 0xFC,
    0x1B, 0x8B, 0xF9, 0xFC, 0x1A, 0x7C, 0xE8, 0xFC, 0x0D, 0x5F, 0xC0, 0xFC, 0x0D, 0x5F, 0xC0, 0xFC,
    0x21, 0x81, 0xE4, 0xFC, 0x22, 0x91, 0xF9, 0xFC, 0x17, 0x8C, 0xFA, 0xFC, 0x17, 0x8C, 0xFA, 0xFC,
    0x0D, 0x83, 0xF7, 0xFB, 0x09, 0x80, 0xF7, 0xFB, 0x18, 0x87, 0xF9, 0xFB, 0x06, 0x39, 0x8C, 0xFB,
    0x06, 0x39, 0x8C, 0xFB, 0x01, 0x2C, 0x7F, 0xFB, 0x12, 0x75, 0xF1, 0xFA, 0x0D, 0x7D, 0xFA, 0xFA,
    0x0D, 0x7D, 0xFA, 0xFA, 0x0F, 0x7A, 0xF7, 0xF9, 0x12, 0x7A, 0xF5, 0xF9, 0x12, 0x7D, 0xF8, 0xF9,
    0x12, 0x7D, 0xF8, 0xF9, 0x0F, 0x79, 0xF2, 0xF9, 0x0E, 0x78, 0xF3, 0xF6, 0x14, 0x7D, 0xF0, 0xF6,
    0x14, 0x7D, 0xF0, 0xF6, 0x21, 0x63, 0xB5, 0xED, 0x04, 0x11, 0x4A, 0xD8, 0x26, 0x66, 0xAE, 0x4A,
    0x26, 0x66, 0xAE, 0x4A, 0x2B, 0x7E, 0xCE, 0x07, 0x2C, 0x7B, 0xC7, 0x05, 0x32, 0x7C, 0xC8, 0x04,
    0x33, 0x7D, 0xC8, 0x03, 0x33, 0x7D, 0xC8, 0x03, 0x33, 0x7D, 0xC8, 0x03, 0x33, 0x7E, 0xC8, 0x03,
    0x33, 0x7E, 0xC8, 0x02, 0x33, 0x7E, 0xC8, 0x02, 0x33, 0x7F, 0xC8, 0x01, 0x00, 0x00, 0x00, 0x00,
    0x00, 0x00, 0x00, 0x00, 0x00, 0x00, 0x00, 0x00, 0x00, 0x00, 0x00, 0x00, 0x00, 0x00, 0x00, 0x00,
    0x00, 0x00, 0x00, 0x00, 0x00, 0x00, 0x00, 0x00, 0x00, 0x00, 0x00, 0x00, 0x00, 0x00, 0x00, 0x00,
    0x00, 0x00, 0x00, 0x00, 0x00, 0x00, 0x00, 0x00, 0x00, 0x00, 0x00, 0x00, 0x00, 0x00, 0x00, 0x00,
    0x00, 0x00, 0x00, 0x00, 0x00, 0x00, 0x00, 0x00, 0x00, 0x00, 0x00, 0x00, 0x00, 0x00, 0x00, 0x00,
    0x00, 0x00, 0x00, 0x00, 0x00, 0x00, 0x00, 0x00, 0x00, 0x00, 0x00, 0x00, 0x00, 0x00, 0x00, 0x00,
    0x00, 0x00, 0x00, 0x00, 0x00, 0x00, 0x00, 0x00, 0x42, 0x89, 0xCC, 0x01, 0x42, 0x89, 0xCC, 0x01,
    0x45, 0x89, 0xCC, 0x01, 0x46, 0x89, 0xCC, 0x01, 0x46, 0x8A, 0xCD, 0x01, 0x47, 0x8A, 0xCD, 0x01,
    0x47, 0x8A, 0xCD, 0x01, 0x48, 0x8B, 0xCD, 0x01, 0x47, 0x8C, 0xCE, 0x01, 0x48, 0x8D, 0xCF, 0x04,
    0x48, 0x8D, 0xCF, 0x04, 0x50, 0x8D, 0xC9, 0x01, 0x18, 0x37, 0x55, 0x77, 0x10, 0x41, 0x7F, 0xF4,
    0x10, 0x41, 0x7F, 0xF4, 0x24, 0x8F, 0xF6, 0xF6, 0x14, 0x87, 0xF5, 0xFB, 0x0D, 0x71, 0xDF, 0xFB,
    0x0D, 0x71, 0xDF, 0xFB, 0x0A, 0x5D, 0xC6, 0xFC, 0x28, 0x95, 0xFA, 0xFC, 0x24, 0x99, 0xFC, 0xFC,
    0x26, 0x9C, 0xFD, 0xFC, 0x26, 0x9C, 0xFD, 0xFC, 0x2B, 0x9D, 0xFD, 0xFD, 0x2B, 0x9C, 0xFD, 0xFD,
    0x2C, 0x9B, 0xFD, 0xFD, 0x2C, 0x9B, 0xFD, 0xFD, 0x30, 0xA3, 0xFE, 0xFD, 0x32, 0x9F, 0xFD, 0xFD,
    0x3C, 0xA1, 0xFC, 0xFD, 0x3C, 0xA1, 0xFC, 0xFD, 0x5D, 0xA8, 0xFA, 0xFD, 0x72, 0x9A, 0xDA, 0xFD,
    0xC6, 0xE0, 0xF9, 0xFD, 0xC6, 0xE0, 0xF9, 0xFD, 0xE3, 0xF3, 0xFE, 0xFD, 0xE3, 0xEF, 0xFB, 0xFD,
    0xEB, 0xF7, 0xFE, 0xFD, 0xEB, 0xF7, 0xFE, 0xFD, 0xEE, 0xF7, 0xFE, 0xFD, 0xF0, 0xF9, 0xFD, 0xFD,
    0xF0, 0xF7, 0xFD, 0xFD, 0xF4, 0xFC, 0xFE, 0xFD, 0xF4, 0xFC, 0xFE, 0xFD, 0xEF, 0xF4, 0xFD, 0xFD,
    0xEB, 0xF6, 0xFE, 0xFD, 0xD3, 0xE9, 0xFB, 0xFD, 0xD3, 0xE9, 0xFB, 0xFD, 0x78, 0x9D, 0xC4, 0xFD,
    0x5F, 0x9D, 0xE4, 0xFD, 0x59, 0xAE, 0xFC, 0xFD, 0x59, 0xAE, 0xFC, 0xFD, 0x57, 0xB0, 0xFC, 0xFD,
    0x57, 0xB4, 0xFD, 0xFD, 0x4F, 0xA9, 0xFC, 0xFD, 0x4F, 0xA9, 0xFC, 0xFD, 0x49, 0xA8, 0xFC, 0xFD,
    0x43, 0xA9, 0xFD, 0xFD, 0x3A, 0xA3, 0xFD, 0xFD, 0x2C, 0x95, 0xFA, 0xFD, 0x2C, 0x95, 0xFA, 0xFD,
    0x21, 0x8E, 0xF8, 0xFD, 0x15, 0x81, 0xEE, 0xFD, 0x14, 0x7E, 0xEF, 0xFC, 0x14, 0x7E, 0xEF, 0xFC,
    0x19, 0x85, 0xF4, 0xFC, 0x0E, 0x62, 0xCE, 0xFC, 0x0B, 0x5C, 0xC1, 0xFC, 0x0B, 0x5C, 0xC1, 0xFC,
    0x2D, 0x9A, 0xF7, 0xFC, 0x1C, 0x90, 0xF9, 0xFC, 0x12, 0x84, 0xF8, 0xFC, 0x12, 0x84, 0xF8, 0xFC,
    0x0C, 0x81, 0xF8, 0xFB, 0x0A, 0x84, 0xFB, 0xFB, 0x13, 0x78, 0xE9, 0xFB, 0x02, 0x29, 0x76, 0xFB,
    0x02, 0x29, 0x76, 0xFB, 0x01, 0x30, 0x87, 0xFB, 0x0F, 0x6E, 0xEC, 0xFB, 0x0A, 0x71, 0xF3, 0xFA,
    0x0A, 0x71, 0xF3, 0xFA, 0x0E, 0x7A, 0xF7, 0xFA, 0x0E, 0x72, 0xF0, 0xFA, 0x0D, 0x74, 0xF1, 0xF8,
    0x0D, 0x74, 0xF1, 0xF8, 0x0C, 0x72, 0xEF, 0xF7, 0x1B, 0x89, 0xF4, 0xF4, 0x1A, 0x5A, 0xAC, 0xF1,
    0x1A, 0x5A, 0xAC, 0xF1, 0x03, 0x0E, 0x3C, 0xDF, 0x16, 0x39, 0x74, 0x86, 0x2F, 0x7F, 0xCB, 0x0E,
    0x2F, 0x7F, 0xCB, 0x0E, 0x2E, 0x7E, 0xCD, 0x07, 0x30, 0x7C, 0xC9, 0x03, 0x33, 0x7D, 0xC9, 0x04,
    0x33, 0x7D, 0xC9, 0x03, 0x33, 0x7D, 0xC9, 0x03, 0x33, 0x7E, 0xC8, 0x03, 0x34, 0x7E, 0xC9, 0x03,
    0x33, 0x7E, 0xC8, 0x02, 0x33, 0x7E, 0xC8, 0x02, 0x33, 0x7F, 0xC7, 0x01, 0x00, 0x00, 0x00, 0x00,
    0x00, 0x00, 0x00, 0x00, 0x00, 0x00, 0x00, 0x00, 0x00, 0x00, 0x00, 0x00, 0x00, 0x00, 0x00, 0x00,
    0x00, 0x00, 0x00, 0x00, 0x00, 0x00, 0x00, 0x00, 0x00, 0x00, 0x00, 0x00, 0x00, 0x00, 0x00, 0x00,
    0x00, 0x00, 0x00, 0x00, 0x00, 0x00, 0x00, 0x00, 0x00, 0x00, 0x00, 0x00, 0x00, 0x00, 0x00, 0x00,
    0x00, 0x00, 0x00, 0x00, 0x00, 0x00, 0x00, 0x00, 0x00, 0x00, 0x00, 0x00, 0x00, 0x00, 0x00, 0x00,
    0x00, 0x00, 0x00, 0x00, 0x00, 0x00, 0x00, 0x00, 0x00, 0x00, 0x00, 0x00, 0x00, 0x00, 0x00, 0x00,
    0x00, 0x00, 0x00, 0x00, 0x00, 0x00, 0x00, 0x00, 0x42, 0x88, 0xCC, 0x01, 0x42, 0x88, 0xCC, 0x01,
    0x44, 0x89, 0xCC, 0x01, 0x45, 0x89, 0xCC, 0x01, 0x46, 0x8A, 0xCC, 0x01, 0x47, 0x8A, 0xCB, 0x01,
    0x47, 0x8A, 0xCB, 0x01, 0x47, 0x8A, 0xCC, 0x01, 0x48, 0x8C, 0xCE, 0x01, 0x48, 0x8C, 0xCE, 0x04,
    0x48, 0x8C, 0xCE, 0x04, 0x52, 0x8F, 0xCB, 0x01, 0x1B, 0x39, 0x56, 0x75, 0x13, 0x42, 0x7F, 0xF4,
    0x13, 0x42, 0x7F, 0xF4, 0x29, 0x90, 0xF6, 0xF6, 0x18, 0x8B, 0xF6, 0xFB, 0x17, 0x7F, 0xEB, 0xFB,
    0x17, 0x7F, 0xEB, 0xFB, 0x0A, 0x4B, 0xA4, 0xFC, 0x2E, 0x92, 0xF1, 0xFB, 0x28, 0x9C, 0xFC, 0xFC,
    0x26, 0x9D, 0xFD, 0xFC, 0x26, 0x9D, 0xFD, 0xFC, 0x29, 0x9E, 0xFD, 0xFC, 0x2D, 0xA1, 0xFD, 0xFC,
    0x2D, 0x9F, 0xFD, 0xFD, 0x2D, 0x9F, 0xFD, 0xFD, 0x33, 0xA6, 0xFD, 0xFD, 0x33, 0xA1, 0xFD, 0xFD,
    0x38, 0xA3, 0xFD, 0xFD, 0x38, 0xA3, 0xFD, 0xFD, 0x4A, 0xA1, 0xFD, 0xFD, 0x53, 0x8D, 0xDD, 0xFD,
    0x97, 0xBB, 0xE4, 0xFD, 0x97, 0xBB, 0xE4, 0xFD, 0xD7, 0xEE, 0xFE, 0xFD, 0xD5, 0xEA, 0xFB, 0xFD,
    0xDE, 0xF0, 0xFE, 0xFD, 0xDE, 0xF0, 0xFE, 0xFD, 0xE2, 0xF0, 0xFC, 0xFD, 0xE2, 0xF1, 0xFC, 0xFD,
    0xDF, 0xEC, 0xFA, 0xFD, 0xDF, 0xF2, 0xFE, 0xFD, 0xDF, 0xF2, 0xFE, 0xFD, 0xD9, 0xEC, 0xFD, 0xFD,
    0xD1, 0xE8, 0xFB, 0xFD, 0xC1, 0xDF, 0xF5, 0xFD, 0xC1, 0xDF, 0xF5, 0xFD, 0x6E, 0x9C, 0xC7, 0xFD,
    0x50, 0x9A, 0xE9, 0xFD, 0x52, 0xAB, 0xFD, 0xFD, 0x52, 0xAB, 0xFD, 0xFD, 0x4D, 0xAC, 0xFD, 0xFD,
    0x4C, 0xAC, 0xFD, 0xFD, 0x47, 0xA8, 0xFC, 0xFD, 0x47, 0xA8, 0xFC, 0xFD, 0x42, 0xA7, 0xFC, 0xFD,
    0x3C, 0xA3, 0xFC, 0xFD, 0x35, 0xA2, 0xFD, 0xFD, 0x2C, 0x9A, 0xFD, 0xFD, 0x2C, 0x9A, 0xFD, 0xFD,
    0x26, 0x96, 0xFB, 0xFD, 0x16, 0x7D, 0xEA, 0xFD, 0x12, 0x77, 0xE2, 0xFC, 0x12, 0x77, 0xE2, 0xFC,
    0x12, 0x6F, 0xD9, 0xFC, 0x0E, 0x5E, 0xBF, 0xFC, 0x13, 0x6A, 0xCE, 0xFC, 0x13, 0x6A, 0xCE, 0xFC,
    0x25, 0x95, 0xF7, 0xFC, 0x17, 0x8C, 0xF9, 0xFC, 0x11, 0x84, 0xF9, 0xFC, 0x11, 0x84, 0xF9, 0xFC,
    0x0B, 0x7F, 0xF6, 0xFB, 0x0F, 0x88, 0xF7, 0xFB, 0x0F, 0x6A, 0xD1, 0xFB, 0x01, 0x1E, 0x72, 0xFB,
    0x01, 0x1E, 0x72, 0xFB, 0x04, 0x43, 0xA7, 0xFA, 0x11, 0x7C, 0xF4, 0xFA, 0x08, 0x6E, 0xF1, 0xF9,
    0x08, 0x6E, 0xF1, 0xF9, 0x08, 0x6F, 0xF1, 0xF8, 0x0C, 0x71, 0xF1, 0xF7, 0x10, 0x7F, 0xF5, 0xF6,
    0x10, 0x7F, 0xF5, 0xF6, 0x16, 0x7E, 0xE9, 0xF6, 0x0C, 0x3F, 0x91, 0xF9, 0x03, 0x1A, 0x4E, 0xDE,
    0x03, 0x1A, 0x4E, 0xDE, 0x11, 0x36, 0x6F, 0x6D, 0x35, 0x82, 0xC7, 0x27, 0x31, 0x80, 0xCC, 0x03,
    0x31, 0x80, 0xCC, 0x03, 0x31, 0x7E, 0xCB, 0x05, 0x31, 0x7D, 0xCA, 0x04, 0x32, 0x7D, 0xC9, 0x04,
    0x33, 0x7E, 0xC8, 0x03, 0x33, 0x7E, 0xC8, 0x03, 0x33, 0x7E, 0xC8, 0x03, 0x34, 0x7F, 0xC8, 0x02,
    0x34, 0x7F, 0xC8, 0x02, 0x34, 0x7F, 0xC8, 0x02, 0x35, 0x80, 0xC8, 0x01, 0x00, 0x00, 0x00, 0x00,
    0x00, 0x00, 0x00, 0x00, 0x00, 0x00, 0x00, 0x00, 0x00, 0x00, 0x00, 0x00, 0x00, 0x00, 0x00, 0x00,
    0x00, 0x00, 0x00, 0x00, 0x00, 0x00, 0x00, 0x00, 0x00, 0x00, 0x00, 0x00, 0x00, 0x00, 0x00, 0x00,
    0x00, 0x00, 0x00, 0x00, 0x00, 0x00, 0x00, 0x00, 0x00, 0x00, 0x00, 0x00, 0x00, 0x00, 0x00, 0x00,
    0x00, 0x00, 0x00, 0x00, 0x00, 0x00, 0x00, 0x00, 0x00, 0x00, 0x00, 0x00, 0x00, 0x00, 0x00, 0x00,
    0x00, 0x00, 0x00, 0x00, 0x00, 0x00, 0x00, 0x00, 0x00, 0x00, 0x00, 0x00, 0x00, 0x00, 0x00, 0x00,
    0x00, 0x00, 0x00, 0x00, 0x00, 0x00, 0x00, 0x00, 0x42, 0x88, 0xCB, 0x01, 0x42, 0x88, 0xCB, 0x01,
    0x00, 0x00, 0x00, 0x00, 0x45, 0x88, 0xCB, 0x01, 0x46, 0x89, 0xCB, 0x01, 0x47, 0x8A, 0xCB, 0x01,
    0x47, 0x8A, 0xCB, 0x01, 0x47, 0x8A, 0xCC, 0x01, 0x47, 0x8B, 0xCD, 0x01, 0x46, 0x8B, 0xCD, 0x05,
    0x46, 0x8B, 0xCD, 0x05, 0x55, 0x92, 0xCE, 0x01, 0x1C, 0x38, 0x5A, 0x5C, 0x16, 0x41, 0x7F, 0xE7,
    0x16, 0x41, 0x7F, 0xE7, 0x27, 0x8E, 0xF6, 0xF8, 0x16, 0x82, 0xF6, 0xFB, 0x20, 0x88, 0xF3, 0xFB,
    0x20, 0x88, 0xF3, 0xFB, 0x0E, 0x48, 0x9C, 0xFB, 0x10, 0x47, 0x9C, 0xFB, 0x28, 0x89, 0xF1, 0xFC,
    0x2C, 0x9F, 0xFC, 0xFC, 0x2C, 0x9F, 0xFC, 0xFC, 0x27, 0x97, 0xFB, 0xFC, 0x30, 0xA1, 0xFC, 0xFC,
    0x33, 0xA3, 0xFC, 0xFC, 0x33, 0xA3, 0xFC, 0xFC, 0x34, 0xA1, 0xFC, 0xFC, 0x39, 0xA2, 0xFD, 0xFD,
    0x38, 0x9D, 0xFD, 0xFD, 0x38, 0x9D, 0xFD, 0xFD, 0x42, 0x9C, 0xFD, 0xFD, 0x4D, 0x8D, 0xE6, 0xFD,
    0x4E, 0x71, 0xAE, 0xFD, 0x4E, 0x71, 0xAE, 0xFD, 0xAC, 0xC8, 0xE9, 0xFD, 0xC8, 0xE6, 0xFC, 0xFD,
    0xC9, 0xDE, 0xF9, 0xFD, 0xC9, 0xDE, 0xF9, 0xFD, 0xCD, 0xDD, 0xF5, 0xFD, 0xD2, 0xE8, 0xFA, 0xFD,
    0xCF, 0xE2, 0xF6, 0xFD, 0xC4, 0xDA, 0xF5, 0xFD, 0xC4, 0xDA, 0xF5, 0xFD, 0xC1, 0xDA, 0xF9, 0xFD,
    0xB6, 0xD3, 0xF1, 0xFD, 0x5E, 0x7A, 0x9A, 0xFD, 0x5E, 0x7A, 0x9A, 0xFD, 0x30, 0x59, 0x90, 0xFD,
    0x4D, 0x9F, 0xF2, 0xFD, 0x4B, 0xAB, 0xFD, 0xFD, 0x4B, 0xAB, 0xFD, 0xFD, 0x45, 0xA4, 0xFB, 0xFD,
    0x47, 0xA7, 0xFC, 0xFD, 0x42, 0xA5, 0xFC, 0xFD, 0x42, 0xA5, 0xFC, 0xFD, 0x3E, 0xA2, 0xFC, 0xFD,
    0x39, 0x9D, 0xFC, 0xFD, 0x34, 0xA1, 0xFD, 0xFD, 0x2C, 0x9B, 0xFC, 0xFD, 0x2C, 0x9B, 0xFC, 0xFD,
    0x28, 0x98, 0xFA, 0xFD, 0x19, 0x7E, 0xEC, 0xFD, 0x17, 0x73, 0xDC, 0xFC, 0x17, 0x73, 0xDC, 0xFC,
    0x0A, 0x44, 0xAA, 0xFC, 0x09, 0x4D, 0xB1, 0xFC, 0x21, 0x86, 0xEE, 0xFC, 0x21, 0x86, 0xEE, 0xFC,
    0x1D, 0x8D, 0xF7, 0xFC, 0x12, 0x82, 0xF6, 0xFC, 0x10, 0x86, 0xFA, 0xFC, 0x10, 0x86, 0xFA, 0xFC,
    0x09, 0x75, 0xF1, 0xFC, 0x0C, 0x70, 0xE2, 0xFB, 0x05, 0x46, 0xA9, 0xFB, 0x06, 0x45, 0xAA, 0xFB,
    0x06, 0x45, 0xAA, 0xFB, 0x07, 0x5F, 0xD1, 0xFB, 0x06, 0x67, 0xE8, 0xFA, 0x08, 0x6C, 0xF0, 0xFB,
    0x08, 0x6C, 0xF0, 0xFB, 0x0B, 0x73, 0xF5, 0xF8, 0x11, 0x73, 0xEF, 0xF4, 0x21, 0x7F, 0xE1, 0xF3,
    0x21, 0x7F, 0xE1, 0xF3, 0x11, 0x48, 0x8F, 0xF2, 0x0A, 0x2D, 0x69, 0xB5, 0x30, 0x6A, 0xAA, 0x70,
    0x30, 0x6A, 0xAA, 0x70, 0x3E, 0x8A, 0xD0, 0x1F, 0x35, 0x84, 0xCE, 0x06, 0x32, 0x80, 0xCD, 0x07,
    0x32, 0x80, 0xCD, 0x07, 0x33, 0x7E, 0xCB, 0x04, 0x33, 0x7E, 0xCA, 0x04, 0x33, 0x7E, 0xCA, 0x04,
    0x33, 0x7F, 0xC9, 0x03, 0x33, 0x7F, 0xC9, 0x03, 0x34, 0x7F, 0xC9, 0x03, 0x34, 0x7F, 0xC8, 0x02,
    0x35, 0x7F, 0xC9, 0x02, 0x35, 0x7F, 0xC9, 0x02, 0x35, 0x7F, 0xC9, 0x01, 0x00, 0x00, 0x00, 0x00,
    0x00, 0x00, 0x00, 0x00, 0x00, 0x00, 0x00, 0x00, 0x00, 0x00, 0x00, 0x00, 0x00, 0x00, 0x00, 0x00,
    0x00, 0x00, 0x00, 0x00, 0x00, 0x00, 0x00, 0x00, 0x00, 0x00, 0x00, 0x00, 0x00, 0x00, 0x00, 0x00,
    0x00, 0x00, 0x00, 0x00, 0x00, 0x00, 0x00, 0x00, 0x00, 0x00, 0x00, 0x00, 0x00, 0x00, 0x00, 0x00,
    0x00, 0x00, 0x00, 0x00, 0x00, 0x00, 0x00, 0x00, 0x00, 0x00, 0x00, 0x00, 0x00, 0x00, 0x00, 0x00,
    0x00, 0x00, 0x00, 0x00, 0x00, 0x00, 0x00, 0x00, 0x00, 0x00, 0x00, 0x00, 0x00, 0x00, 0x00, 0x00,
    0x00, 0x00, 0x00, 0x00, 0x00, 0x00, 0x00, 0x00, 0x42, 0x88, 0xCB, 0x01, 0x42, 0x88, 0xCB, 0x01,
    0x00, 0x00, 0x00, 0x00, 0x45, 0x88, 0xCB, 0x01, 0x46, 0x89, 0xCB, 0x01, 0x47, 0x8A, 0xCB, 0x01,
    0x47, 0x8A, 0xCB, 0x01, 0x47, 0x8A, 0xCC, 0x01, 0x47, 0x8B, 0xCD, 0x01, 0x46, 0x8B, 0xCD, 0x05,
    0x46, 0x8B, 0xCD, 0x05, 0x55, 0x92, 0xCE, 0x01, 0x1C, 0x38, 0x5A, 0x5C, 0x16, 0x41, 0x7F, 0xE7,
    0x16, 0x41, 0x7F, 0xE7, 0x27, 0x8E, 0xF6, 0xF8, 0x16, 0x82, 0xF6, 0xFB, 0x20, 0x88, 0xF3, 0xFB,
    0x20, 0x88, 0xF3, 0xFB, 0x0E, 0x48, 0x9C, 0xFB, 0x10, 0x47, 0x9C, 0xFB, 0x28, 0x89, 0xF1, 0xFC,
    0x2C, 0x9F, 0xFC, 0xFC, 0x2C, 0x9F, 0xFC, 0xFC, 0x27, 0x97, 0xFB, 0xFC, 0x30, 0xA1, 0xFC, 0xFC,
    0x33, 0xA3, 0xFC, 0xFC, 0x33, 0xA3, 0xFC, 0xFC, 0x34, 0xA1, 0xFC, 0xFC, 0x39, 0xA2, 0xFD, 0xFD,
    0x38, 0x9D, 0xFD, 0xFD, 0x38, 0x9D, 0xFD, 0xFD, 0x42, 0x9C, 0xFD, 0xFD, 0x4D, 0x8D, 0xE6, 0xFD,
    0x4E, 0x71, 0xAE, 0xFD, 0x4E, 0x71, 0xAE, 0xFD, 0xAC, 0xC8, 0xE9, 0xFD, 0xC8, 0xE6, 0xFC, 0xFD,
    0xC9, 0xDE, 0xF9, 0xFD, 0xC9, 0xDE, 0xF9, 0xFD, 0xCD, 0xDD, 0xF5, 0xFD, 0xD2, 0xE8, 0xFA, 0xFD,
    0xCF, 0xE2, 0xF6, 0xFD, 0xC4, 0xDA, 0xF5, 0xFD, 0xC4, 0xDA, 0xF5, 0xFD, 0xC1, 0xDA, 0xF9, 0xFD,
    0xB6, 0xD3, 0xF1, 0xFD, 0x5E, 0x7A, 0x9A, 0xFD, 0x5E, 0x7A, 0x9A, 0xFD, 0x30, 0x59, 0x90, 0xFD,
    0x4D, 0x9F, 0xF2, 0xFD, 0x4B, 0xAB, 0xFD, 0xFD, 0x4B, 0xAB, 0xFD, 0xFD, 0x45, 0xA4, 0xFB, 0xFD,
    0x47, 0xA7, 0xFC, 0xFD, 0x42, 0xA5, 0xFC, 0xFD, 0x42, 0xA5, 0xFC, 0xFD, 0x3E, 0xA2, 0xFC, 0xFD,
    0x39, 0x9D, 0xFC, 0xFD, 0x34, 0xA1, 0xFD, 0xFD, 0x2C, 0x9B, 0xFC, 0xFD, 0x2C, 0x9B, 0xFC, 0xFD,
    0x28, 0x98, 0xFA, 0xFD, 0x19, 0x7E, 0xEC, 0xFD, 0x17, 0x73, 0xDC, 0xFC, 0x17, 0x73, 0xDC, 0xFC,
    0x0A, 0x44, 0xAA, 0xFC, 0x09, 0x4D, 0xB1, 0xFC, 0x21, 0x86, 0xEE, 0xFC, 0x21, 0x86, 0xEE, 0xFC,
    0x1D, 0x8D, 0xF7, 0xFC, 0x12, 0x82, 0xF6, 0xFC, 0x10, 0x86, 0xFA, 0xFC, 0x10, 0x86, 0xFA, 0xFC,
    0x09, 0x75, 0xF1, 0xFC, 0x0C, 0x70, 0xE2, 0xFB, 0x05, 0x46, 0xA9, 0xFB, 0x06, 0x45, 0xAA, 0xFB,
    0x06, 0x45, 0xAA, 0xFB, 0x07, 0x5F, 0xD1, 0xFB, 0x06, 0x67, 0xE8, 0xFA, 0x08, 0x6C, 0xF0, 0xFB,
    0x08, 0x6C, 0xF0, 0xFB, 0x0B, 0x73, 0xF5, 0xF8, 0x11, 0x73, 0xEF, 0xF4, 0x21, 0x7F, 0xE1, 0xF3,
    0x21, 0x7F, 0xE1, 0xF3, 0x11, 0x48, 0x8F, 0xF2, 0x0A, 0x2D, 0x69, 0xB5, 0x30, 0x6A, 0xAA, 0x70,
    0x30, 0x6A, 0xAA, 0x70, 0x3E, 0x8A, 0xD0, 0x1F, 0x35, 0x84, 0xCE, 0x06, 0x32, 0x80, 0xCD, 0x07,
    0x32, 0x80, 0xCD, 0x07, 0x33, 0x7E, 0xCB, 0x04, 0x33, 0x7E, 0xCA, 0x04, 0x33, 0x7E, 0xCA, 0x04,
    0x33, 0x7F, 0xC9, 0x03, 0x33, 0x7F, 0xC9, 0x03, 0x34, 0x7F, 0xC9, 0x03, 0x34, 0x7F, 0xC8, 0x02,
    0x35, 0x7F, 0xC9, 0x02, 0x35, 0x7F, 0xC9, 0x02, 0x35, 0x7F, 0xC9, 0x01, 0x00, 0x00, 0x00, 0x00,
    0x00, 0x00, 0x00, 0x00, 0x00, 0x00, 0x00, 0x00, 0x00, 0x00, 0x00, 0x00, 0x00, 0x00, 0x00, 0x00,
    0x00, 0x00, 0x00, 0x00, 0x00, 0x00, 0x00, 0x00, 0x00, 0x00, 0x00, 0x00, 0x00, 0x00, 0x00, 0x00,
    0x00, 0x00, 0x00, 0x00, 0x00, 0x00, 0x00, 0x00, 0x00, 0x00, 0x00, 0x00, 0x00, 0x00, 0x00, 0x00,
    0x00, 0x00, 0x00, 0x00, 0x00, 0x00, 0x00, 0x00, 0x00, 0x00, 0x00, 0x00, 0x00, 0x00, 0x00, 0x00,
    0x00, 0x00, 0x00, 0x00, 0x00, 0x00, 0x00, 0x00, 0x00, 0x00, 0x00, 0x00, 0x00, 0x00, 0x00, 0x00,
    0x00, 0x00, 0x00, 0x00, 0x00, 0x00, 0x00, 0x00, 0x42, 0x88, 0xCB, 0x01, 0x42, 0x88, 0xCB, 0x01,
    0x00, 0x00, 0x00, 0x00, 0x45, 0x88, 0xCB, 0x01, 0x45, 0x89, 0xCB, 0x01, 0x46, 0x8A, 0xCB, 0x02,
    0x46, 0x8A, 0xCB, 0x02, 0x48, 0x8A, 0xCC, 0x01, 0x47, 0x8B, 0xCC, 0x01, 0x47, 0x8B, 0xCC, 0x05,
    0x47, 0x8B, 0xCC, 0x05, 0x51, 0x90, 0xCD, 0x01, 0x2E, 0x58, 0x85, 0x56, 0x1F, 0x4E, 0x8C, 0xE6,
    0x1F, 0x4E, 0x8C, 0xE6, 0x23, 0x7E, 0xE7, 0xF7, 0x15, 0x80, 0xF6, 0xFA, 0x28, 0x98, 0xFB, 0xFA,
    0x28, 0x98, 0xFB, 0xFA, 0x17, 0x62, 0xC2, 0xFB, 0x0B, 0x2D, 0x6F, 0xFB, 0x2C, 0x81, 0xDC, 0xFC,
    0x2C, 0x9C, 0xFA, 0xFC, 0x2C, 0x9C, 0xFA, 0xFC, 0x2F, 0xA2, 0xFB, 0xFC, 0x34, 0xA6, 0xFB, 0xFC,
    0x36, 0xA4, 0xFB, 0xFC, 0x36, 0xA4, 0xFB, 0xFC, 0x3C, 0xA7, 0xFB, 0xFC, 0x3F, 0xA7, 0xFC, 0xFC,
    0x3D, 0xA4, 0xFD, 0xFC, 0x3D, 0xA4, 0xFD, 0xFC, 0x42, 0xA7, 0xFE, 0xFC, 0x50, 0x9D, 0xF8, 0xFC,
    0x34, 0x5E, 0xA6, 0xFC, 0x34, 0x5E, 0xA6, 0xFC, 0x68, 0x8E, 0xB7, 0xFC, 0xAF, 0xD0, 0xF1, 0xFC,
    0xBA, 0xD5, 0xF6, 0xFC, 0xBA, 0xD5, 0xF6, 0xFC, 0xC1, 0xDA, 0xF6, 0xFD, 0xC7, 0xE4, 0xFA, 0xFD,
    0xC1, 0xDC, 0xF6, 0xFD, 0xC1, 0xE2, 0xFA, 0xFD, 0xC1, 0xE2, 0xFA, 0xFD, 0xB8, 0xD9, 0xFA, 0xFD,
    0x6D, 0x8D, 0xB1, 0xFD, 0x1C, 0x33, 0x5D, 0xFD, 0x1C, 0x33, 0x5D, 0xFD, 0x34, 0x68, 0xB3, 0xFD,
    0x4A, 0xA8, 0xFB, 0xFD, 0x45, 0xAD, 0xFC, 0xFD, 0x45, 0xAD, 0xFC, 0xFD, 0x43, 0xA7, 0xFB, 0xFD,
    0x41, 0xA4, 0xFB, 0xFD, 0x3F, 0xA6, 0xFC, 0xFD, 0x3F, 0xA6, 0xFC, 0xFD, 0x3C, 0xA6, 0xFD, 0xFD,
    0x37, 0xA1, 0xFD, 0xFD, 0x32, 0xA1, 0xFD, 0xFD, 0x2A, 0x99, 0xFC, 0xFC, 0x2A, 0x99, 0xFC, 0xFC,
    0x2B, 0xA3, 0xFA, 0xFC, 0x1C, 0x85, 0xF2, 0xFC, 0x1E, 0x6F, 0xD2, 0xFC, 0x1E, 0x6F, 0xD2, 0xFC,
    0x05, 0x32, 0x8E, 0xFC, 0x14, 0x61, 0xCE, 0xFC, 0x27, 0x9E, 0xFB, 0xFC, 0x27, 0x9E, 0xFB, 0xFC,
    0x17, 0x91, 0xFC, 0xFC, 0x11, 0x85, 0xFA, 0xFC, 0x10, 0x88, 0xFA, 0xFB, 0x10, 0x88, 0xFA, 0xFB,
    0x0B, 0x7C, 0xF2, 0xFB, 0x09, 0x5B, 0xC4, 0xFA, 0x05, 0x3B, 0x9E, 0xFB, 0x10, 0x6F, 0xE9, 0xFA,
    0x10, 0x6F, 0xE9, 0xFA, 0x0A, 0x72, 0xF0, 0xFA, 0x07, 0x68, 0xF0, 0xF7, 0x0A, 0x6C, 0xED, 0xF7,
    0x0A, 0x6C, 0xED, 0xF7, 0x14, 0x6F, 0xDA, 0xF8, 0x0F, 0x4A, 0x9E, 0xF9, 0x02, 0x17, 0x57, 0xEE,
    0x02, 0x17, 0x57, 0xEE, 0x08, 0x26, 0x61, 0xC9, 0x48, 0x94, 0xD6, 0x2D, 0x3A, 0x8A, 0xD5, 0x0D,
    0x3A, 0x8A, 0xD5, 0x0D, 0x33, 0x82, 0xCE, 0x0C, 0x34, 0x82, 0xCF, 0x05, 0x34, 0x81, 0xCE, 0x04,
    0x34, 0x81, 0xCE, 0x04, 0x34, 0x7F, 0xCB, 0x03, 0x33, 0x7F, 0xCA, 0x03, 0x33, 0x7F, 0xCA, 0x03,
    0x34, 0x7F, 0xCA, 0x03, 0x34, 0x7F, 0xCA, 0x03, 0x34, 0x7E, 0xC9, 0x03, 0x35, 0x7F, 0xC9, 0x02,
    0x35, 0x7F, 0xC9, 0x02, 0x35, 0x7F, 0xC9, 0x02, 0x35, 0x80, 0xC9, 0x01, 0x00, 0x00, 0x00, 0x00,
    0x00, 0x00, 0x00, 0x00, 0x00, 0x00, 0x00, 0x00, 0x00, 0x00, 0x00, 0x00, 0x00, 0x00, 0x00, 0x00,
    0x00, 0x00, 0x00, 0x00, 0x00, 0x00, 0x00, 0x00, 0x00, 0x00, 0x00, 0x00, 0x00, 0x00, 0x00, 0x00,
    0x00, 0x00, 0x00, 0x00, 0x00, 0x00, 0x00, 0x00, 0x00, 0x00, 0x00, 0x00, 0x00, 0x00, 0x00, 0x00,
    0x00, 0x00, 0x00, 0x00, 0x00, 0x00, 0x00, 0x00, 0x00, 0x00, 0x00, 0x00, 0x00, 0x00, 0x00, 0x00,
    0x00, 0x00, 0x00, 0x00, 0x00, 0x00, 0x00, 0x00, 0x00, 0x00, 0x00, 0x00, 0x00, 0x00, 0x00, 0x00,
    0x00, 0x00, 0x00, 0x00, 0x00, 0x00, 0x00, 0x00, 0x42, 0x87, 0xCA, 0x01, 0x42, 0x87, 0xCA, 0x01,
    0x00, 0x00, 0x00, 0x00, 0x45, 0x88, 0xCB, 0x01, 0x46, 0x88, 0xCB, 0x01, 0x47, 0x89, 0xCB, 0x01,
    0x47, 0x89, 0xCB, 0x01, 0x48, 0x89, 0xCB, 0x02, 0x47, 0x8A, 0xCB, 0x01, 0x48, 0x8B, 0xCD, 0x05,
    0x48, 0x8B, 0xCD, 0x05, 0x48, 0x8A, 0xCB, 0x02, 0x50, 0x8C, 0xC8, 0x1E, 0x2E, 0x5C, 0x94, 0x8B,
    0x2E, 0x5C, 0x94, 0x8B, 0x0E, 0x32, 0x7E, 0xF0, 0x22, 0x76, 0xE2, 0xFC, 0x3D, 0xB0, 0xFD, 0xF9,
    0x3D, 0xB0, 0xFD, 0xF9, 0x42, 0x9F, 0xF3, 0xFB, 0x0F, 0x2C, 0x68, 0xFB, 0x1D, 0x4D, 0x9D, 0xFC,
    0x48, 0xA4, 0xF9, 0xFC, 0x48, 0xA4, 0xF9, 0xFC, 0x4B, 0xB4, 0xFB, 0xFC, 0x47, 0xAF, 0xFA, 0xFC,
    0x4B, 0xB0, 0xFB, 0xFC, 0x4B, 0xB0, 0xFB, 0xFC, 0x4D, 0xB2, 0xFB, 0xFC, 0x4C, 0xAF, 0xFB, 0xFC,
    0x49, 0xAD, 0xFD, 0xFC, 0x49, 0xAD, 0xFD, 0xFC, 0x45, 0xA7, 0xFE, 0xFC, 0x4F, 0xA2, 0xFC, 0xFC,
    0x43, 0x78, 0xCB, 0xFC, 0x43, 0x78, 0xCB, 0xFC, 0x2C, 0x4D, 0x83, 0xFC, 0x74, 0x96, 0xC2, 0xFC,
    0xA2, 0xC6, 0xF0, 0xFC, 0xA2, 0xC6, 0xF0, 0xFC, 0xA8, 0xC9, 0xEF, 0xFC, 0xAF, 0xCE, 0xF0, 0xFC,
    0xAB, 0xC9, 0xEC, 0xFD, 0xA3, 0xCB, 0xEF, 0xFD, 0xA3, 0xCB, 0xEF, 0xFD, 0xA6, 0xD1, 0xF7, 0xFD,
    0x3A, 0x5B, 0x85, 0xFD, 0x17, 0x36, 0x6F, 0xFD, 0x17, 0x36, 0x6F, 0xFD, 0x4D, 0x96, 0xE8, 0xFD,
    0x49, 0xA6, 0xFA, 0xFD, 0x40, 0xA4, 0xF9, 0xFD, 0x40, 0xA4, 0xF9, 0xFD, 0x42, 0xA6, 0xF9, 0xFD,
    0x3F, 0xA8, 0xFA, 0xFD, 0x3A, 0xA4, 0xFC, 0xFD, 0x3A, 0xA4, 0xFC, 0xFD, 0x38, 0xA5, 0xFD, 0xFC,
    0x36, 0xA4, 0xFD, 0xFC, 0x36, 0xA4, 0xFD, 0xFC, 0x2B, 0x97, 0xF8, 0xFC, 0x2B, 0x97, 0xF8, 0xFC,
    0x2D, 0xA0, 0xFA, 0xFC, 0x29, 0x8C, 0xEE, 0xFC, 0x07, 0x36, 0x95, 0xFC, 0x07, 0x36, 0x95, 0xFC,
    0x09, 0x42, 0xA1, 0xFC, 0x29, 0x8E, 0xF6, 0xFC, 0x1A, 0x8F, 0xFB, 0xFC, 0x1A, 0x8F, 0xFB, 0xFC,
    0x15, 0x90, 0xFC, 0xFC, 0x0F, 0x82, 0xFA, 0xFC, 0x0C, 0x7C, 0xF7, 0xFB, 0x0C, 0x7C, 0xF7, 0xFB,
    0x10, 0x7D, 0xED, 0xFC, 0x09, 0x3A, 0x8C, 0xFA, 0x08, 0x26, 0x6B, 0xF9, 0x14, 0x60, 0xC1, 0xF6,
    0x14, 0x60, 0xC1, 0xF6, 0x0E, 0x64, 0xD3, 0xF6, 0x11, 0x6A, 0xDA, 0xF6, 0x10, 0x49, 0xA9, 0xF7,
    0x10, 0x49, 0xA9, 0xF7, 0x02, 0x13, 0x53, 0xE3, 0x1E, 0x48, 0x7C, 0xC9, 0x21, 0x54, 0x92, 0x87,
    0x21, 0x54, 0x92, 0x87, 0x30, 0x6F, 0xB4, 0x58, 0x3C, 0x8A, 0xD4, 0x08, 0x32, 0x83, 0xCF, 0x09,
    0x32, 0x83, 0xCF, 0x09, 0x35, 0x83, 0xCF, 0x07, 0x36, 0x82, 0xCE, 0x04, 0x35, 0x81, 0xCD, 0x04,
    0x35, 0x81, 0xCD, 0x04, 0x34, 0x80, 0xCB, 0x04, 0x34, 0x80, 0xCB, 0x03, 0x34, 0x7F, 0xCA, 0x03,
    0x34, 0x7F, 0xCA, 0x02, 0x34, 0x7F, 0xCA, 0x02, 0x35, 0x7F, 0xCA, 0x02, 0x35, 0x7F, 0xCA, 0x02,
    0x35, 0x7F, 0xC9, 0x02, 0x35, 0x7F, 0xC9, 0x02, 0x35, 0x80, 0xCA, 0x01, 0x00, 0x00, 0x00, 0x00,
    0x00, 0x00, 0x00, 0x00, 0x00, 0x00, 0x00, 0x00, 0x00, 0x00, 0x00, 0x00, 0x00, 0x00, 0x00, 0x00,
    0x00, 0x00, 0x00, 0x00, 0x00, 0x00, 0x00, 0x00, 0x00, 0x00, 0x00, 0x00, 0x00, 0x00, 0x00, 0x00,
    0x00, 0x00, 0x00, 0x00, 0x00, 0x00, 0x00, 0x00, 0x00, 0x00, 0x00, 0x00, 0x00, 0x00, 0x00, 0x00,
    0x00, 0x00, 0x00, 0x00, 0x00, 0x00, 0x00, 0x00, 0x00, 0x00, 0x00, 0x00, 0x00, 0x00, 0x00, 0x00,
    0x00, 0x00, 0x00, 0x00, 0x00, 0x00, 0x00, 0x00, 0x00, 0x00, 0x00, 0x00, 0x00, 0x00, 0x00, 0x00,
    0x00, 0x00, 0x00, 0x00, 0x00, 0x00, 0x00, 0x00, 0x42, 0x87, 0xCA, 0x01, 0x42, 0x87, 0xCA, 0x01,
    0x00, 0x00, 0x00, 0x00, 0x44, 0x88, 0xCB, 0x01, 0x45, 0x88, 0xCA, 0x01, 0x46, 0x88, 0xCB, 0x01,
    0x46, 0x88, 0xCB, 0x01, 0x48, 0x89, 0xCB, 0x02, 0x47, 0x89, 0xCB, 0x01, 0x49, 0x8B, 0xCD, 0x01,
    0x49, 0x8B, 0xCD, 0x01, 0x47, 0x89, 0xCB, 0x06, 0x51, 0x93, 0xD3, 0x02, 0x2F, 0x56, 0x89, 0x4B,
    0x2F, 0x56, 0x89, 0x4B, 0x0C, 0x13, 0x36, 0xE4, 0x4D, 0x94, 0xDC, 0xFA, 0x69, 0xC8, 0xFE, 0xF9,
    0x69, 0xC8, 0xFE, 0xF9, 0x69, 0xBD, 0xFC, 0xFC, 0x32, 0x54, 0x95, 0xFA, 0x34, 0x57, 0x8C, 0xFC,
    0x89, 0xCF, 0xFA, 0xFA, 0x89, 0xCF, 0xFA, 0xFA, 0x96, 0xD6, 0xFD, 0xFB, 0x97, 0xD3, 0xFC, 0xFC,
    0x98, 0xD5, 0xFC, 0xFC, 0x98, 0xD5, 0xFC, 0xFC, 0x90, 0xD2, 0xFB, 0xFC, 0x87, 0xCC, 0xFB, 0xFC,
    0x83, 0xCC, 0xFC, 0xFC, 0x83, 0xCC, 0xFC, 0xFC, 0x7B, 0xC2, 0xFD, 0xFC, 0x7D, 0xC1, 0xFE, 0xFC,
    0x7B, 0xAF, 0xF1, 0xFB, 0x7B, 0xAF, 0xF1, 0xFB, 0x2E, 0x4E, 0x85, 0xFB, 0x46, 0x68, 0x9A, 0xFC,
    0x85, 0xAC, 0xE1, 0xFC, 0x85, 0xAC, 0xE1, 0xFC, 0x8C, 0xB3, 0xE3, 0xFC, 0x95, 0xB8, 0xE2, 0xFC,
    0x93, 0xB6, 0xE1, 0xFC, 0x8D, 0xB6, 0xE6, 0xFC, 0x8D, 0xB6, 0xE6, 0xFC, 0x87, 0xB5, 0xE6, 0xFD,
    0x24, 0x45, 0x74, 0xFD, 0x26, 0x49, 0x83, 0xFC, 0x26, 0x49, 0x83, 0xFC, 0x71, 0xB7, 0xF7, 0xFC,
    0x6D, 0xB8, 0xF8, 0xFD, 0x6B, 0xB9, 0xF7, 0xFD, 0x6B, 0xB9, 0xF7, 0xFD, 0x65, 0xB5, 0xF7, 0xFD,
    0x59, 0xB6, 0xFA, 0xFD, 0x48, 0xAB, 0xFA, 0xFC, 0x48, 0xAB, 0xFA, 0xFC, 0x45, 0xA8, 0xFB, 0xFC,
    0x53, 0xB1, 0xF9, 0xFD, 0x63, 0xBB, 0xFB, 0xFC, 0x5E, 0xBB, 0xFB, 0xFC, 0x5E, 0xBB, 0xFB, 0xFC,
    0x4E, 0xAC, 0xF9, 0xFC, 0x13, 0x5D, 0xC2, 0xFC, 0x01, 0x28, 0x8D, 0xFC, 0x01, 0x28, 0x8D, 0xFC,
    0x2A, 0x82, 0xE1, 0xFC, 0x2D, 0x9E, 0xF7, 0xFC, 0x1D, 0x8D, 0xF6, 0xFC, 0x1D, 0x8D, 0xF6, 0xFC,
    0x17, 0x8B, 0xF7, 0xFC, 0x12, 0x85, 0xF8, 0xFC, 0x12, 0x8B, 0xF8, 0xFB, 0x12, 0x8B, 0xF8, 0xFB,
    0x15, 0x78, 0xDA, 0xF8, 0x04, 0x1B, 0x4E, 0xF8, 0x01, 0x06, 0x22, 0xFD, 0x03, 0x11, 0x3E, 0xFD,
    0x03, 0x11, 0x3E, 0xFD, 0x03, 0x14, 0x4C, 0xF4, 0x05, 0x1C, 0x56, 0xF3, 0x0A, 0x1E, 0x50, 0xF4,
    0x0A, 0x1E, 0x50, 0xF4, 0x27, 0x4E, 0x88, 0x8F, 0x41, 0x8C, 0xCD, 0x4A, 0x3B, 0x8F, 0xDA, 0x18,
    0x3B, 0x8F, 0xDA, 0x18, 0x36, 0x84, 0xD0, 0x0D, 0x37, 0x84, 0xD1, 0x04, 0x36, 0x83, 0xD0, 0x06,
    0x36, 0x83, 0xD0, 0x06, 0x35, 0x82, 0xCF, 0x05, 0x35, 0x81, 0xCE, 0x03, 0x35, 0x81, 0xCD, 0x03,
    0x35, 0x81, 0xCD, 0x03, 0x34, 0x81, 0xCC, 0x03, 0x34, 0x80, 0xCB, 0x03, 0x34, 0x80, 0xCA, 0x03,
    0x34, 0x80, 0xCA, 0x02, 0x34, 0x80, 0xCA, 0x02, 0x34, 0x7F, 0xC9, 0x02, 0x35, 0x7F, 0xC9, 0x02,
    0x35, 0x7F, 0xCA, 0x02, 0x35, 0x7F, 0xCA, 0x02, 0x35, 0x80, 0xCA, 0x01, 0x00, 0x00, 0x00, 0x00,
    0x00, 0x00, 0x00, 0x00, 0x00, 0x00, 0x00, 0x00, 0x00, 0x00, 0x00, 0x00, 0x00, 0x00, 0x00, 0x00,
    0x00, 0x00, 0x00, 0x00, 0x00, 0x00, 0x00, 0x00, 0x00, 0x00, 0x00, 0x00, 0x00, 0x00, 0x00, 0x00,
    0x00, 0x00, 0x00, 0x00, 0x00, 0x00, 0x00, 0x00, 0x00, 0x00, 0x00, 0x00, 0x00, 0x00, 0x00, 0x00,
    0x00, 0x00, 0x00, 0x00, 0x00, 0x00, 0x00, 0x00, 0x00, 0x00, 0x00, 0x00, 0x00, 0x00, 0x00, 0x00,
    0x00, 0x00, 0x00, 0x00, 0x00, 0x00, 0x00, 0x00, 0x00, 0x00, 0x00, 0x00, 0x00, 0x00, 0x00, 0x00,
    0x00, 0x00, 0x00, 0x00, 0x00, 0x00, 0x00, 0x00, 0x00, 0x00, 0x00, 0x00, 0x00, 0x00, 0x00, 0x00,
    0x00, 0x00, 0x00, 0x00, 0x43, 0x87, 0xCA, 0x01, 0x44, 0x87, 0xCA, 0x01, 0x45, 0x88, 0xCB, 0x01,
    0x45, 0x88, 0xCB, 0x01, 0x47, 0x88, 0xCB, 0x01, 0x47, 0x89, 0xCC, 0x02, 0x48, 0x8B, 0xCC, 0x02,
    0x48, 0x8B, 0xCC, 0x02, 0x48, 0x8A, 0xCC, 0x05, 0x47, 0x8C, 0xCD, 0x02, 0x3C, 0x6F, 0xA8, 0x4D,
    0x3C, 0x6F, 0xA8, 0x4D, 0x18, 0x1F, 0x43, 0xDE, 0x70, 0xA3, 0xCF, 0xF9, 0x90, 0xD5, 0xFB, 0xF8,
    0x90, 0xD5, 0xFB, 0xF8, 0x7D, 0xBC, 0xF6, 0xFB, 0x66, 0x86, 0xBC, 0xFA, 0x44, 0x5B, 0x81, 0xFA,
    0x9A, 0xBE, 0xDF, 0xFB, 0x9A, 0xBE, 0xDF, 0xFB, 0xCE, 0xED, 0xFD, 0xFB, 0xD3, 0xEB, 0xFA, 0xFB,
    0xD4, 0xEB, 0xFA, 0xFB, 0xD4, 0xEB, 0xFA, 0xFB, 0xD6, 0xED, 0xFC, 0xFB, 0xD1, 0xEB, 0xFB, 0xFB,
    0xCE, 0xED, 0xFD, 0xFB, 0xCE, 0xED, 0xFD, 0xFB, 0xC5, 0xE9, 0xFD, 0xFC, 0xBE, 0xEA, 0xFF, 0xFC,
    0xC5, 0xED, 0xFF, 0xFC, 0xC5, 0xED, 0xFF, 0xFC, 0x45, 0x64, 0x92, 0xFB, 0x34, 0x51, 0x83, 0xFA,
    0x80, 0xAB, 0xE0, 0xF9, 0x80, 0xAB, 0xE0, 0xF9, 0x87, 0xB8, 0xED, 0xFA, 0x92, 0xBF, 0xED, 0xF9,
    0x8E, 0xB5, 0xE7, 0xFA, 0x8F, 0xBD, 0xF0, 0xFA, 0x8F, 0xBD, 0xF0, 0xFA, 0x7C, 0xA4, 0xD5, 0xFB,
    0x0E, 0x22, 0x51, 0xFB, 0x37, 0x5A, 0x8B, 0xFC, 0x37, 0x5A, 0x8B, 0xFC, 0xBB, 0xEA, 0xFC, 0xFD,
    0xBE, 0xE2, 0xF8, 0xFD, 0xC2, 0xE5, 0xF7, 0xFC, 0xC2, 0xE5, 0xF7, 0xFC, 0xC1, 0xE0, 0xF8, 0xFC,
    0xB6, 0xE1, 0xFA, 0xFC, 0xA0, 0xD9, 0xFB, 0xFC, 0xA0, 0xD9, 0xFB, 0xFC, 0xA0, 0xD9, 0xFB, 0xFC,
    0xB4, 0xE4, 0xF9, 0xFC, 0xB1, 0xDF, 0xF9, 0xFC, 0xB3, 0xEF, 0xFD, 0xFC, 0xB3, 0xEF, 0xFD, 0xFC,
    0x58, 0xA6, 0xE9, 0xFC, 0x05, 0x3C, 0x9E, 0xFC, 0x2C, 0x83, 0xE3, 0xFC, 0x2C, 0x83, 0xE3, 0xFC,
    0x37, 0xA4, 0xF7, 0xFC, 0x24, 0x93, 0xF6, 0xFC, 0x1B, 0x8C, 0xF4, 0xFC, 0x1B, 0x8C, 0xF4, 0xFC,
    0x1B, 0x92, 0xF6, 0xFB, 0x17, 0x84, 0xF2, 0xFA, 0x1C, 0x71, 0xD5, 0xFC, 0x1C, 0x71, 0xD5, 0xFC,
    0x0F, 0x44, 0x88, 0xFD, 0x15, 0x3E, 0x75, 0xF2, 0x28, 0x55, 0x91, 0xC5, 0x2C, 0x65, 0xA2, 0xBB,
    0x2C, 0x65, 0xA2, 0xBB, 0x27, 0x55, 0x96, 0x94, 0x2F, 0x68, 0xA6, 0x97, 0x31, 0x6C, 0xB0, 0x84,
    0x31, 0x6C, 0xB0, 0x84, 0x3A, 0x89, 0xD0, 0x29, 0x32, 0x7E, 0xC8, 0x12, 0x31, 0x82, 0xCC, 0x0B,
    0x31, 0x82, 0xCC, 0x0B, 0x34, 0x83, 0xCF, 0x07, 0x36, 0x82, 0xD0, 0x04, 0x36, 0x82, 0xCF, 0x04,
    0x36, 0x82, 0xCF, 0x04, 0x36, 0x82, 0xCE, 0x03, 0x36, 0x82, 0xCE, 0x04, 0x36, 0x81, 0xCD, 0x03,
    0x36, 0x81, 0xCD, 0x03, 0x35, 0x81, 0xCC, 0x02, 0x35, 0x81, 0xCB, 0x02, 0x35, 0x80, 0xCB, 0x02,
    0x35, 0x80, 0xCA, 0x02, 0x35, 0x80, 0xCA, 0x02, 0x35, 0x7F, 0xCA, 0x02, 0x35, 0x80, 0xCA, 0x01,
    0x35, 0x80, 0xC9, 0x01, 0x35, 0x80, 0xC9, 0x01, 0x35, 0x80, 0xC9, 0x01, 0x00, 0x00, 0x00, 0x00,
    0x00, 0x00, 0x00, 0x00, 0x00, 0x00, 0x00, 0x00, 0x00, 0x00, 0x00, 0x00, 0x00, 0x00, 0x00, 0x00,
    0x00, 0x00, 0x00, 0x00, 0x00, 0x00, 0x00, 0x00, 0x00, 0x00, 0x00, 0x00, 0x00, 0x00, 0x00, 0x00,
    0x00, 0x00, 0x00, 0x00, 0x00, 0x00, 0x00, 0x00, 0x00, 0x00, 0x00, 0x00, 0x00, 0x00, 0x00, 0x00,
    0x00, 0x00, 0x00, 0x00, 0x00, 0x00, 0x00, 0x00, 0x00, 0x00, 0x00, 0x00, 0x00, 0x00, 0x00, 0x00,
    0x00, 0x00, 0x00, 0x00, 0x00, 0x00, 0x00, 0x00, 0x00, 0x00, 0x00, 0x00, 0x00, 0x00, 0x00, 0x00,
    0x00, 0x00, 0x00, 0x00, 0x00, 0x00, 0x00, 0x00, 0x00, 0x00, 0x00, 0x00, 0x00, 0x00, 0x00, 0x00,
    0x00, 0x00, 0x00, 0x00, 0x43, 0x87, 0xCA, 0x01, 0x44, 0x87, 0xCA, 0x01, 0x45, 0x88, 0xCB, 0x01,
    0x45, 0x88, 0xCB, 0x01, 0x47, 0x88, 0xCB, 0x01, 0x47, 0x89, 0xCC, 0x02, 0x48, 0x8B, 0xCC, 0x02,
    0x48, 0x8B, 0xCC, 0x02, 0x48, 0x8A, 0xCC, 0x05, 0x47, 0x8C, 0xCD, 0x02, 0x3C, 0x6F, 0xA8, 0x4D,
    0x3C, 0x6F, 0xA8, 0x4D, 0x18, 0x1F, 0x43, 0xDE, 0x70, 0xA3, 0xCF, 0xF9, 0x90, 0xD5, 0xFB, 0xF8,
    0x90, 0xD5, 0xFB, 0xF8, 0x7D, 0xBC, 0xF6, 0xFB, 0x66, 0x86, 0xBC, 0xFA, 0x44, 0x5B, 0x81, 0xFA,
    0x9A, 0xBE, 0xDF, 0xFB, 0x9A, 0xBE, 0xDF, 0xFB, 0xCE, 0xED, 0xFD, 0xFB, 0xD3, 0xEB, 0xFA, 0xFB,
    0xD4, 0xEB, 0xFA, 0xFB, 0xD4, 0xEB, 0xFA, 0xFB, 0xD6, 0xED, 0xFC, 0xFB, 0xD1, 0xEB, 0xFB, 0xFB,
    0xCE, 0xED, 0xFD, 0xFB, 0xCE, 0xED, 0xFD, 0xFB, 0xC5, 0xE9, 0xFD, 0xFC, 0xBE, 0xEA, 0xFF, 0xFC,
    0xC5, 0xED, 0xFF, 0xFC, 0xC5, 0xED, 0xFF, 0xFC, 0x45, 0x64, 0x92, 0xFB, 0x34, 0x51, 0x83, 0xFA,
    0x80, 0xAB, 0xE0, 0xF9, 0x80, 0xAB, 0xE0, 0xF9, 0x87, 0xB8, 0xED, 0xFA, 0x92, 0xBF, 0xED, 0xF9,
    0x8E, 0xB5, 0xE7, 0xFA, 0x8F, 0xBD, 0xF0, 0xFA, 0x8F, 0xBD, 0xF0, 0xFA, 0x7C, 0xA4, 0xD5, 0xFB,
    0x0E, 0x22, 0x51, 0xFB, 0x37, 0x5A, 0x8B, 0xFC, 0x37, 0x5A, 0x8B, 0xFC, 0xBB, 0xEA, 0xFC, 0xFD,
    0xBE, 0xE2, 0xF8, 0xFD, 0xC2, 0xE5, 0xF7, 0xFC, 0xC2, 0xE5, 0xF7, 0xFC, 0xC1, 0xE0, 0xF8, 0xFC,
    0xB6, 0xE1, 0xFA, 0xFC, 0xA0, 0xD9, 0xFB, 0xFC, 0xA0, 0xD9, 0xFB, 0xFC, 0xA0, 0xD9, 0xFB, 0xFC,
    0xB4, 0xE4, 0xF9, 0xFC, 0xB1, 0xDF, 0xF9, 0xFC, 0xB3, 0xEF, 0xFD, 0xFC, 0xB3, 0xEF, 0xFD, 0xFC,
    0x58, 0xA6, 0xE9, 0xFC, 0x05, 0x3C, 0x9E, 0xFC, 0x2C, 0x83, 0xE3, 0xFC, 0x2C, 0x83, 0xE3, 0xFC,
    0x37, 0xA4, 0xF7, 0xFC, 0x24, 0x93, 0xF6, 0xFC, 0x1B, 0x8C, 0xF4, 0xFC, 0x1B, 0x8C, 0xF4, 0xFC,
    0x1B, 0x92, 0xF6, 0xFB, 0x17, 0x84, 0xF2, 0xFA, 0x1C, 0x71, 0xD5, 0xFC, 0x1C, 0x71, 0xD5, 0xFC,
    0x0F, 0x44, 0x88, 0xFD, 0x15, 0x3E, 0x75, 0xF2, 0x28, 0x55, 0x91, 0xC5, 0x2C, 0x65, 0xA2, 0xBB,
    0x2C, 0x65, 0xA2, 0xBB, 0x27, 0x55, 0x96, 0x94, 0x2F, 0x68, 0xA6, 0x97, 0x31, 0x6C, 0xB0, 0x84,
    0x31, 0x6C, 0xB0, 0x84, 0x3A, 0x89, 0xD0, 0x29, 0x32, 0x7E, 0xC8, 0x12, 0x31, 0x82, 0xCC, 0x0B,
    0x31, 0x82, 0xCC, 0x0B, 0x34, 0x83, 0xCF, 0x07, 0x36, 0x82, 0xD0, 0x04, 0x36, 0x82, 0xCF, 0x04,
    0x36, 0x82, 0xCF, 0x04, 0x36, 0x82, 0xCE, 0x03, 0x36, 0x82, 0xCE, 0x04, 0x36, 0x81, 0xCD, 0x03,
    0x36, 0x81, 0xCD, 0x03, 0x35, 0x81, 0xCC, 0x02, 0x35, 0x81, 0xCB, 0x02, 0x35, 0x80, 0xCB, 0x02,
    0x35, 0x80, 0xCA, 0x02, 0x35, 0x80, 0xCA, 0x02, 0x35, 0x7F, 0xCA, 0x02, 0x35, 0x80, 0xCA, 0x01,
    0x35, 0x80, 0xC9, 0x01, 0x35, 0x80, 0xC9, 0x01, 0x35, 0x80, 0xC9, 0x01, 0x00, 0x00, 0x00, 0x00,
    0x00, 0x00, 0x00, 0x00, 0x00, 0x00, 0x00, 0x00, 0x00, 0x00, 0x00, 0x00, 0x00, 0x00, 0x00, 0x00,
    0x00, 0x00, 0x00, 0x00, 0x00, 0x00, 0x00, 0x00, 0x00, 0x00, 0x00, 0x00, 0x00, 0x00, 0x00, 0x00,
    0x00, 0x00, 0x00, 0x00, 0x00, 0x00, 0x00, 0x00, 0x00, 0x00, 0x00, 0x00, 0x00, 0x00, 0x00, 0x00,
    0x00, 0x00, 0x00, 0x00, 0x00, 0x00, 0x00, 0x00, 0x00, 0x00, 0x00, 0x00, 0x00, 0x00, 0x00, 0x00,
    0x00, 0x00, 0x00, 0x00, 0x00, 0x00, 0x00, 0x00, 0x00, 0x00, 0x00, 0x00, 0x00, 0x00, 0x00, 0x00,
    0x00, 0x00, 0x00, 0x00, 0x00, 0x00, 0x00, 0x00, 0x00, 0x00, 0x00, 0x00, 0x00, 0x00, 0x00, 0x00,
    0x00, 0x00, 0x00, 0x00, 0x43, 0x87, 0xCA, 0x01, 0x44, 0x88, 0xCB, 0x01, 0x45, 0x88, 0xCA, 0x01,
    0x45, 0x88, 0xCA, 0x01, 0x45, 0x88, 0xCB, 0x01, 0x46, 0x89, 0xCB, 0x01, 0x00, 0x00, 0x00, 0x00,
    0x00, 0x00, 0x00, 0x00, 0x48, 0x8B, 0xCC, 0x03, 0x00, 0x00, 0x00, 0x00, 0x41, 0x86, 0xC9, 0x0B,
    0x41, 0x86, 0xC9, 0x0B, 0x35, 0x5F, 0x96, 0x62, 0x24, 0x39, 0x57, 0xD9, 0x4B, 0x5E, 0x77, 0xFB,
    0x4B, 0x5E, 0x77, 0xFB, 0xAC, 0xD2, 0xEC, 0xF8, 0xC2, 0xE2, 0xF7, 0xF7, 0x3F, 0x4A, 0x66, 0xFA,
    0x37, 0x41, 0x67, 0xF7, 0x37, 0x41, 0x67, 0xF7, 0xB9, 0xCC, 0xE0, 0xFB, 0xDD, 0xF2, 0xFD, 0xFA,
    0xD4, 0xE8, 0xF5, 0xFB, 0xD4, 0xE8, 0xF5, 0xFB, 0xDF, 0xF0, 0xFC, 0xFB, 0xDC, 0xED, 0xF9, 0xFB,
    0xDA, 0xEF, 0xFA, 0xFB, 0xDA, 0xEF, 0xFA, 0xFB, 0xD6, 0xED, 0xF7, 0xFB, 0xD2, 0xED, 0xFB, 0xFA,
    0xB5, 0xD3, 0xEF, 0xF9, 0xB5, 0xD3, 0xEF, 0xF9, 0x22, 0x32, 0x59, 0xF9, 0x20, 0x30, 0x5A, 0xF9,
    0x4B, 0x68, 0x98, 0xFA, 0x4B, 0x68, 0x98, 0xFA, 0x4B, 0x6E, 0x9E, 0xFD, 0x4E, 0x73, 0x9E, 0xFC,
    0x4A, 0x69, 0x97, 0xFD, 0x3D, 0x5F, 0x8D, 0xFD, 0x3D, 0x5F, 0x8D, 0xFD, 0x28, 0x40, 0x6B, 0xFD,
    0x04, 0x0E, 0x2F, 0xFB, 0x44, 0x65, 0x8B, 0xFB, 0x44, 0x65, 0x8B, 0xFB, 0xD4, 0xF3, 0xFB, 0xFB,
    0xCE, 0xE4, 0xF3, 0xFD, 0xD4, 0xE7, 0xF2, 0xFC, 0xD4, 0xE7, 0xF2, 0xFC, 0xDC, 0xEF, 0xF9, 0xFD,
    0xB7, 0xD8, 0xF2, 0xFC, 0x91, 0xBB, 0xDE, 0xFC, 0x91, 0xBB, 0xDE, 0xFC, 0xD3, 0xEE, 0xFA, 0xFC,
    0xD6, 0xED, 0xF4, 0xFC, 0xCD, 0xE9, 0xF3, 0xFC, 0xBF, 0xED, 0xFB, 0xFB, 0xBF, 0xED, 0xFB, 0xFB,
    0x2A, 0x63, 0x9D, 0xFA, 0x2C, 0x73, 0xC2, 0xFA, 0x59, 0xC8, 0xFB, 0xF8, 0x59, 0xC8, 0xFB, 0xF8,
    0x46, 0xB1, 0xFA, 0xFA, 0x3E, 0xB1, 0xFA, 0xF9, 0x2D, 0x9D, 0xF7, 0xFA, 0x2D, 0x9D, 0xF7, 0xFA,
    0x29, 0x95, 0xEC, 0xFA, 0x12, 0x57, 0xAC, 0xFD, 0x02, 0x0E, 0x57, 0xE6, 0x02, 0x0E, 0x57, 0xE6,
    0x1A, 0x45, 0x87, 0xBE, 0x3A, 0x91, 0xD9, 0x91, 0x31, 0x81, 0xD3, 0x2C, 0x33, 0x88, 0xD8, 0x1B,
    0x33, 0x88, 0xD8, 0x1B, 0x33, 0x83, 0xD4, 0x0D, 0x35, 0x88, 0xD5, 0x0B, 0x32, 0x82, 0xCE, 0x08,
    0x32, 0x82, 0xCE, 0x08, 0x31, 0x81, 0xCC, 0x03, 0x34, 0x82, 0xCD, 0x03, 0x36, 0x83, 0xCD, 0x03,
    0x36, 0x83, 0xCD, 0x03, 0x35, 0x82, 0xCE, 0x03, 0x35, 0x82, 0xCF, 0x02, 0x35, 0x82, 0xCE, 0x02,
    0x35, 0x82, 0xCE, 0x02, 0x35, 0x82, 0xCD, 0x02, 0x35, 0x82, 0xCD, 0x02, 0x35, 0x81, 0xCC, 0x02,
    0x35, 0x81, 0xCC, 0x02, 0x35, 0x81, 0xCC, 0x02, 0x35, 0x81, 0xCC, 0x01, 0x35, 0x81, 0xCB, 0x01,
    0x35, 0x80, 0xCB, 0x01, 0x35, 0x80, 0xCB, 0x01, 0x35, 0x80, 0xCA, 0x01, 0x35, 0x80, 0xCA, 0x01,
    0x35, 0x80, 0xC9, 0x01, 0x35, 0x80, 0xC9, 0x01, 0x35, 0x80, 0xC9, 0x01, 0x00, 0x00, 0x00, 0x00,
    0x00, 0x00, 0x00, 0x00, 0x00, 0x00, 0x00, 0x00, 0x00, 0x00, 0x00, 0x00, 0x00, 0x00, 0x00, 0x00,
    0x00, 0x00, 0x00, 0x00, 0x00, 0x00, 0x00, 0x00, 0x00, 0x00, 0x00, 0x00, 0x00, 0x00, 0x00, 0x00,
    0x00, 0x00, 0x00, 0x00, 0x00, 0x00, 0x00, 0x00, 0x00, 0x00, 0x00, 0x00, 0x00, 0x00, 0x00, 0x00,
    0x00, 0x00, 0x00, 0x00, 0x00, 0x00, 0x00, 0x00, 0x00, 0x00, 0x00, 0x00, 0x00, 0x00, 0x00, 0x00,
    0x00, 0x00, 0x00, 0x00, 0x00, 0x00, 0x00, 0x00, 0x00, 0x00, 0x00, 0x00, 0x00, 0x00, 0x00, 0x00,
    0x00, 0x00, 0x00, 0x00, 0x00, 0x00, 0x00, 0x00, 0x00, 0x00, 0x00, 0x00, 0x00, 0x00, 0x00, 0x00,
    0x00, 0x00, 0x00, 0x00, 0x43, 0x86, 0xCB, 0x01, 0x00, 0x00, 0x00, 0x00, 0x44, 0x87, 0xCA, 0x01,
    0x44, 0x87, 0xCA, 0x01, 0x45, 0x88, 0xCB, 0x01, 0x00, 0x00, 0x00, 0x00, 0x00, 0x00, 0x00, 0x00,
    0x00, 0x00, 0x00, 0x00, 0x47, 0x89, 0xCC, 0x01, 0x47, 0x89, 0xCF, 0x01, 0x43, 0x86, 0xCD, 0x04,
    0x43, 0x86, 0xCD, 0x04, 0x45, 0x85, 0xC9, 0x1D, 0x32, 0x57, 0x80, 0x7E, 0x0B, 0x15, 0x23, 0xD6,
    0x0B, 0x15, 0x23, 0xD6, 0x3A, 0x4A, 0x61, 0xF2, 0x5B, 0x6B, 0x88, 0xFA, 0x1A, 0x25, 0x40, 0xFC,
    0x13, 0x16, 0x34, 0xF5, 0x13, 0x16, 0x34, 0xF5, 0xA5, 0xB7, 0xC9, 0xF9, 0xF5, 0xFF, 0xFF, 0xF6,
    0xE8, 0xFC, 0xFF, 0xF8, 0xE8, 0xFC, 0xFF, 0xF8, 0xE9, 0xFB, 0xFF, 0xF7, 0xE5, 0xF8, 0xFF, 0xF8,
    0xEA, 0xFD, 0xFF, 0xF7, 0xEA, 0xFD, 0xFF, 0xF7, 0xEC, 0xFD, 0xFF, 0xF8, 0xF7, 0xFF, 0xFF, 0xFA,
    0xAE, 0xCE, 0xE5, 0xFB, 0xAE, 0xCE, 0xE5, 0xFB, 0x0E, 0x1D, 0x40, 0xEE, 0x17, 0x28, 0x55, 0xE0,
    0x1A, 0x31, 0x64, 0xD6, 0x1A, 0x31, 0x64, 0xD6, 0x18, 0x32, 0x62, 0xCD, 0x1B, 0x37, 0x63, 0xCF,
    0x18, 0x2F, 0x5F, 0xD8, 0x15, 0x30, 0x61, 0xD9, 0x15, 0x30, 0x61, 0xD9, 0x1A, 0x33, 0x67, 0xE9,
    0x19, 0x32, 0x5F, 0xF7, 0x23, 0x40, 0x68, 0xFD, 0x23, 0x40, 0x68, 0xFD, 0xCB, 0xE5, 0xF4, 0xF8,
    0xE5, 0xF6, 0xFA, 0xFA, 0xE5, 0xF6, 0xFA, 0xF9, 0xE5, 0xF6, 0xFA, 0xF9, 0xEA, 0xF7, 0xFB, 0xF9,
    0xA6, 0xC8, 0xE5, 0xF9, 0x88, 0xA6, 0xC8, 0xF9, 0x88, 0xA6, 0xC8, 0xF9, 0xEE, 0xFA, 0xFC, 0xF9,
    0xF0, 0xFA, 0xFC, 0xF9, 0xE9, 0xF9, 0xFC, 0xF9, 0x65, 0x8C, 0xAA, 0xF8, 0x65, 0x8C, 0xAA, 0xF8,
    0x01, 0x08, 0x31, 0xFC, 0x09, 0x1C, 0x58, 0xFD, 0x08, 0x2D, 0x6D, 0xFD, 0x08, 0x2D, 0x6D, 0xFD,
    0x0C, 0x2D, 0x6B, 0xFD, 0x12, 0x35, 0x6F, 0xFC, 0x0A, 0x24, 0x5C, 0xFC, 0x0A, 0x24, 0x5C, 0xFC,
    0x0A, 0x25, 0x5C, 0xF1, 0x23, 0x56, 0x8E, 0xEE, 0x29, 0x5A, 0xA1, 0x7F, 0x29, 0x5A, 0xA1, 0x7F,
    0x39, 0x7C, 0xC6, 0x16, 0x33, 0x80, 0xCC, 0x0D, 0x31, 0x7C, 0xC8, 0x01, 0x34, 0x7E, 0xCC, 0x01,
    0x34, 0x7E, 0xCC, 0x01, 0x32, 0x7E, 0xCB, 0x04, 0x33, 0x7E, 0xCB, 0x03, 0x33, 0x81, 0xCB, 0x03,
    0x33, 0x81, 0xCB, 0x03, 0x34, 0x81, 0xCC, 0x03, 0x34, 0x80, 0xCC, 0x02, 0x35, 0x82, 0xCD, 0x01,
    0x35, 0x82, 0xCD, 0x01, 0x35, 0x81, 0xCD, 0x01, 0x35, 0x81, 0xCD, 0x01, 0x34, 0x81, 0xCC, 0x01,
    0x34, 0x81, 0xCC, 0x01, 0x34, 0x81, 0xCD, 0x01, 0x34, 0x81, 0xCD, 0x01, 0x34, 0x81, 0xCC, 0x01,
    0x34, 0x81, 0xCC, 0x01, 0x34, 0x80, 0xCB, 0x01, 0x35, 0x80, 0xCB, 0x01, 0x35, 0x80, 0xCB, 0x01,
    0x35, 0x80, 0xCB, 0x01, 0x35, 0x80, 0xCB, 0x01, 0x36, 0x80, 0xCB, 0x01, 0x36, 0x80, 0xCA, 0x01,
    0x36, 0x80, 0xCA, 0x01, 0x36, 0x80, 0xCA, 0x01, 0x00, 0x00, 0x00, 0x00, 0x00, 0x00, 0x00, 0x00,
    0x00, 0x00, 0x00, 0x00, 0x00, 0x00, 0x00, 0x00, 0x00, 0x00, 0x00, 0x00, 0x00, 0x00, 0x00, 0x00,
    0x00, 0x00, 0x00, 0x00, 0x00, 0x00, 0x00, 0x00, 0x00, 0x00, 0x00, 0x00, 0x00, 0x00, 0x00, 0x00,
    0x00, 0x00, 0x00, 0x00, 0x00, 0x00, 0x00, 0x00, 0x00, 0x00, 0x00, 0x00, 0x00, 0x00, 0x00, 0x00,
    0x00, 0x00, 0x00, 0x00, 0x00, 0x00, 0x00, 0x00, 0x00, 0x00, 0x00, 0x00, 0x00, 0x00, 0x00, 0x00,
    0x00, 0x00, 0x00, 0x00, 0x00, 0x00, 0x00, 0x00, 0x00, 0x00, 0x00, 0x00, 0x00, 0x00, 0x00, 0x00,
    0x00, 0x00, 0x00, 0x00, 0x00, 0x00, 0x00, 0x00, 0x00, 0x00, 0x00, 0x00, 0x00, 0x00, 0x00, 0x00,
    0x00, 0x00, 0x00, 0x00, 0x00, 0x00, 0x00, 0x00, 0x00, 0x00, 0x00, 0x00, 0x42, 0x86, 0xCA, 0x01,
    0x42, 0x86, 0xCA, 0x01, 0x00, 0x00, 0x00, 0x00, 0x44, 0x88, 0xCC, 0x01, 0x00, 0x00, 0x00, 0x00,
    0x00, 0x00, 0x00, 0x00, 0x00, 0x00, 0x00, 0x00, 0x00, 0x00, 0x00, 0x00, 0x48, 0x8B, 0xCD, 0x01,
    0x48, 0x8B, 0xCD, 0x01, 0x46, 0x8A, 0xCC, 0x01, 0x47, 0x88, 0xC5, 0x08, 0x3F, 0x74, 0xA4, 0x2A,
    0x3F, 0x74, 0xA4, 0x2A, 0x1F, 0x45, 0x71, 0x5B, 0x13, 0x31, 0x5B, 0x7D, 0x39, 0x66, 0x94, 0x9D,
    0x36, 0x5F, 0x83, 0xDA, 0x36, 0x5F, 0x83, 0xDA, 0x25, 0x39, 0x54, 0xF4, 0x5D, 0x71, 0x88, 0xF4,
    0x4B, 0x5E, 0x75, 0xF9, 0x4B, 0x5E, 0x75, 0xF9, 0x43, 0x56, 0x6F, 0xF9, 0x38, 0x45, 0x60, 0xFB,
    0x3E, 0x51, 0x69, 0xF9, 0x3E, 0x51, 0x69, 0xF9, 0x48, 0x55, 0x6E, 0xF7, 0x48, 0x5E, 0x75, 0xE8,
    0x1E, 0x3B, 0x61, 0xDD, 0x1E, 0x3B, 0x61, 0xDD, 0x3D, 0x69, 0x9B, 0x75, 0x63, 0x9B, 0xD2, 0x33,
    0x60, 0x9A, 0xD7, 0x2E, 0x60, 0x9A, 0xD7, 0x2E, 0x61, 0x9A, 0xD8, 0x19, 0x62, 0x9C, 0xD9, 0x1C,
    0x5E, 0x99, 0xD8, 0x25, 0x57, 0x98, 0xD9, 0x29, 0x57, 0x98, 0xD9, 0x29, 0x51, 0x93, 0xD7, 0x4A,
    0x4E, 0x8A, 0xCA, 0x69, 0x22, 0x45, 0x6D, 0xCA, 0x22, 0x45, 0x6D, 0xCA, 0x2B, 0x39, 0x4F, 0xF7,
    0x46, 0x4F, 0x5F, 0xFC, 0x3F, 0x4A, 0x55, 0xFC, 0x3F, 0x4A, 0x55, 0xFC, 0x35, 0x41, 0x4F, 0xFD,
    0x19, 0x24, 0x38, 0xFC, 0x31, 0x39, 0x4D, 0xFD, 0x31, 0x39, 0x4D, 0xFD, 0x70, 0x81, 0x90, 0xFC,
    0x69, 0x74, 0x83, 0xFD, 0x4B, 0x62, 0x79, 0xFD, 0x09, 0x20, 0x3E, 0xF4, 0x09, 0x20, 0x3E, 0xF4,
    0x1F, 0x46, 0x74, 0xB2, 0x2D, 0x59, 0x89, 0x80, 0x24, 0x4E, 0x85, 0x6D, 0x24, 0x4E, 0x85, 0x6D,
    0x1E, 0x43, 0x7B, 0x63, 0x1B, 0x43, 0x7C, 0x50, 0x1B, 0x44, 0x83, 0x4C, 0x1B, 0x44, 0x83, 0x4C,
    0x29, 0x5E, 0xA3, 0x39, 0x3F, 0x88, 0xCF, 0x2B, 0x3C, 0x8A, 0xD7, 0x0D, 0x3C, 0x8A, 0xD7, 0x0D,
    0x00, 0x00, 0x00, 0x00, 0x34, 0x82, 0xCC, 0x01, 0x35, 0x81, 0xCC, 0x02, 0x34, 0x80, 0xCC, 0x01,
    0x34, 0x80, 0xCC, 0x01, 0x33, 0x80, 0xCC, 0x02, 0x34, 0x7F, 0xCC, 0x01, 0x34, 0x80, 0xCB, 0x01,
    0x34, 0x80, 0xCB, 0x01, 0x34, 0x80, 0xCC, 0x01, 0x34, 0x80, 0xCB, 0x01, 0x34, 0x81, 0xCC, 0x01,
    0x34, 0x81, 0xCC, 0x01, 0x34, 0x81, 0xCC, 0x01, 0x34, 0x81, 0xCC, 0x01, 0x34, 0x81, 0xCC, 0x01,
    0x34, 0x81, 0xCC, 0x01, 0x33, 0x81, 0xCD, 0x01, 0x33, 0x81, 0xCD, 0x01, 0x34, 0x81, 0xCC, 0x01,
    0x34, 0x81, 0xCC, 0x01, 0x34, 0x80, 0xCB, 0x01, 0x35, 0x80, 0xCB, 0x01, 0x35, 0x80, 0xCA, 0x01,
    0x00, 0x00, 0x00, 0x00, 0x00, 0x00, 0x00, 0x00, 0x35, 0x80, 0xCB, 0x01, 0x35, 0x80, 0xCA, 0x01,
    0x00, 0x00, 0x00, 0x00, 0x00, 0x00, 0x00, 0x00, 0x00, 0x00, 0x00, 0x00, 0x00, 0x00, 0x00, 0x00,
    0x00, 0x00, 0x00, 0x00, 0x00, 0x00, 0x00, 0x00, 0x00, 0x00, 0x00, 0x00, 0x00, 0x00, 0x00, 0x00,
    0x00, 0x00, 0x00, 0x00, 0x00, 0x00, 0x00, 0x00, 0x00, 0x00, 0x00, 0x00, 0x00, 0x00, 0x00, 0x00,
    0x00, 0x00, 0x00, 0x00, 0x00, 0x00, 0x00, 0x00, 0x00, 0x00, 0x00, 0x00, 0x00, 0x00, 0x00, 0x00,
    0x00, 0x00, 0x00, 0x00, 0x00, 0x00, 0x00, 0x00, 0x00, 0x00, 0x00, 0x00, 0x00, 0x00, 0x00, 0x00,
    0x00, 0x00, 0x00, 0x00, 0x00, 0x00, 0x00, 0x00, 0x00, 0x00, 0x00, 0x00, 0x00, 0x00, 0x00, 0x00,
    0x00, 0x00, 0x00, 0x00, 0x00, 0x00, 0x00, 0x00, 0x00, 0x00, 0x00, 0x00, 0x00, 0x00, 0x00, 0x00,
    0x00, 0x00, 0x00, 0x00, 0x00, 0x00, 0x00, 0x00, 0x00, 0x00, 0x00, 0x00, 0x42, 0x86, 0xCA, 0x01,
    0x42, 0x86, 0xCA, 0x01, 0x00, 0x00, 0x00, 0x00, 0x44, 0x88, 0xCC, 0x01, 0x00, 0x00, 0x00, 0x00,
    0x00, 0x00, 0x00, 0x00, 0x00, 0x00, 0x00, 0x00, 0x00, 0x00, 0x00, 0x00, 0x48, 0x8B, 0xCD, 0x01,
    0x48, 0x8B, 0xCD, 0x01, 0x46, 0x8A, 0xCC, 0x01, 0x47, 0x88, 0xC5, 0x08, 0x3F, 0x74, 0xA4, 0x2A,
    0x3F, 0x74, 0xA4, 0x2A, 0x1F, 0x45, 0x71, 0x5B, 0x13, 0x31, 0x5B, 0x7D, 0x39, 0x66, 0x94, 0x9D,
    0x36, 0x5F, 0x83, 0xDA, 0x36, 0x5F, 0x83, 0xDA, 0x25, 0x39, 0x54, 0xF4, 0x5D, 0x71, 0x88, 0xF4,
    0x4B, 0x5E, 0x75, 0xF9, 0x4B, 0x5E, 0x75, 0xF9, 0x43, 0x56, 0x6F, 0xF9, 0x38, 0x45, 0x60, 0xFB,
    0x3E, 0x51, 0x69, 0xF9, 0x3E, 0x51, 0x69, 0xF9, 0x48, 0x55, 0x6E, 0xF7, 0x48, 0x5E, 0x75, 0xE8,
    0x1E, 0x3B, 0x61, 0xDD, 0x1E, 0x3B, 0x61, 0xDD, 0x3D, 0x69, 0x9B, 0x75, 0x63, 0x9B, 0xD2, 0x33,
    0x60, 0x9A, 0xD7, 0x2E, 0x60, 0x9A, 0xD7, 0x2E, 0x61, 0x9A, 0xD8, 0x19, 0x62, 0x9C, 0xD9, 0x1C,
    0x5E, 0x99, 0xD8, 0x25, 0x57, 0x98, 0xD9, 0x29, 0x57, 0x98, 0xD9, 0x29, 0x51, 0x93, 0xD7, 0x4A,
    0x4E, 0x8A, 0xCA, 0x69, 0x22, 0x45, 0x6D, 0xCA, 0x22, 0x45, 0x6D, 0xCA, 0x2B, 0x39, 0x4F, 0xF7,
    0x46, 0x4F, 0x5F, 0xFC, 0x3F, 0x4A, 0x55, 0xFC, 0x3F, 0x4A, 0x55, 0xFC, 0x35, 0x41, 0x4F, 0xFD,
    0x19, 0x24, 0x38, 0xFC, 0x31, 0x39, 0x4D, 0xFD, 0x31, 0x39, 0x4D, 0xFD, 0x70, 0x81, 0x90, 0xFC,
    0x69, 0x74, 0x83, 0xFD, 0x4B, 0x62, 0x79, 0xFD, 0x09, 0x20, 0x3E, 0xF4, 0x09, 0x20, 0x3E, 0xF4,
    0x1F, 0x46, 0x74, 0xB2, 0x2D, 0x59, 0x89, 0x80, 0x24, 0x4E, 0x85, 0x6D, 0x24, 0x4E, 0x85, 0x6D,
    0x1E, 0x43, 0x7B, 0x63, 0x1B, 0x43, 0x7C, 0x50, 0x1B, 0x44, 0x83, 0x4C, 0x1B, 0x44, 0x83, 0x4C,
    0x29, 0x5E, 0xA3, 0x39, 0x3F, 0x88, 0xCF, 0x2B, 0x3C, 0x8A, 0xD7, 0x0D, 0x3C, 0x8A, 0xD7, 0x0D,
    0x00, 0x00, 0x00, 0x00, 0x34, 0x82, 0xCC, 0x01, 0x35, 0x81, 0xCC, 0x02, 0x34, 0x80, 0xCC, 0x01,
    0x34, 0x80, 0xCC, 0x01, 0x33, 0x80, 0xCC, 0x02, 0x34, 0x7F, 0xCC, 0x01, 0x34, 0x80, 0xCB, 0x01,
    0x34, 0x80, 0xCB, 0x01, 0x34, 0x80, 0xCC, 0x01, 0x34, 0x80, 0xCB, 0x01, 0x34, 0x81, 0xCC, 0x01,
    0x34, 0x81, 0xCC, 0x01, 0x34, 0x81, 0xCC, 0x01, 0x34, 0x81, 0xCC, 0x01, 0x34, 0x81, 0xCC, 0x01,
    0x34, 0x81, 0xCC, 0x01, 0x33, 0x81, 0xCD, 0x01, 0x33, 0x81, 0xCD, 0x01, 0x34, 0x81, 0xCC, 0x01,
    0x34, 0x81, 0xCC, 0x01, 0x34, 0x80, 0xCB, 0x01, 0x35, 0x80, 0xCB, 0x01, 0x35, 0x80, 0xCA, 0x01,
    0x00, 0x00, 0x00, 0x00, 0x00, 0x00, 0x00, 0x00, 0x35, 0x80, 0xCB, 0x01, 0x35, 0x80, 0xCA, 0x01,
    0x00, 0x00, 0x00, 0x00, 0x00, 0x00, 0x00, 0x00, 0x00, 0x00, 0x00, 0x00, 0x00, 0x00, 0x00, 0x00,
    0x00, 0x00, 0x00, 0x00, 0x00, 0x00, 0x00, 0x00, 0x00, 0x00, 0x00, 0x00, 0x00, 0x00, 0x00, 0x00,
    0x00, 0x00, 0x00, 0x00, 0x00, 0x00, 0x00, 0x00, 0x00, 0x00, 0x00, 0x00, 0x00, 0x00, 0x00, 0x00,
    0x00, 0x00, 0x00, 0x00, 0x00, 0x00, 0x00, 0x00, 0x00, 0x00, 0x00, 0x00, 0x00, 0x00, 0x00, 0x00,
    0x00, 0x00, 0x00, 0x00, 0x00, 0x00, 0x00, 0x00, 0x00, 0x00, 0x00, 0x00, 0x00, 0x00, 0x00, 0x00,
    0x00, 0x00, 0x00, 0x00, 0x00, 0x00, 0x00, 0x00, 0x00, 0x00, 0x00, 0x00, 0x00, 0x00, 0x00, 0x00,
    0x00, 0x00, 0x00, 0x00, 0x00, 0x00, 0x00, 0x00, 0x00, 0x00, 0x00, 0x00, 0x00, 0x00, 0x00, 0x00,
    0x00, 0x00, 0x00, 0x00, 0x00, 0x00, 0x00, 0x00, 0x00, 0x00, 0x00, 0x00, 0x00, 0x00, 0x00, 0x00,
    0x00, 0x00, 0x00, 0x00, 0x00, 0x00, 0x00, 0x00, 0x00, 0x00, 0x00, 0x00, 0x00, 0x00, 0x00, 0x00,
    0x00, 0x00, 0x00, 0x00, 0x44, 0x89, 0xCD, 0x01, 0x00, 0x00, 0x00, 0x00, 0x47, 0x8A, 0xCE, 0x01,
    0x47, 0x8A, 0xCE, 0x01, 0x47, 0x8C, 0xD0, 0x02, 0x47, 0x8C, 0xCF, 0x05, 0x00, 0x00, 0x00, 0x00,
    0x00, 0x00, 0x00, 0x00, 0x4C, 0x90, 0xD5, 0x03, 0x4D, 0x91, 0xD2, 0x08, 0x52, 0x9E, 0xDE, 0x0E,
    0x51, 0x97, 0xD0, 0x39, 0x51, 0x97, 0xD0, 0x39, 0x1D, 0x47, 0x79, 0x42, 0x13, 0x33, 0x5D, 0x5C,
    0x13, 0x2E, 0x57, 0x61, 0x13, 0x2E, 0x57, 0x61, 0x17, 0x36, 0x61, 0x67, 0x14, 0x31, 0x5D, 0x6B,
    0x14, 0x33, 0x5E, 0x64, 0x14, 0x33, 0x5E, 0x64, 0x0C, 0x26, 0x51, 0x5E, 0x0A, 0x22, 0x52, 0x46,
    0x23, 0x49, 0x82, 0x3E, 0x23, 0x49, 0x82, 0x3E, 0x5F, 0x9D, 0xDA, 0x0B, 0x00, 0x00, 0x00, 0x00,
    0x00, 0x00, 0x00, 0x00, 0x00, 0x00, 0x00, 0x00, 0x00, 0x00, 0x00, 0x00, 0x00, 0x00, 0x00, 0x00,
    0x00, 0x00, 0x00, 0x00, 0x00, 0x00, 0x00, 0x00, 0x00, 0x00, 0x00, 0x00, 0x00, 0x00, 0x00, 0x00,
    0x00, 0x00, 0x00, 0x00, 0x34, 0x66, 0x9F, 0x48, 0x34, 0x66, 0x9F, 0x48, 0x08, 0x1D, 0x3F, 0x91,
    0x04, 0x10, 0x2B, 0x97, 0x01, 0x0D, 0x25, 0x9F, 0x01, 0x0D, 0x25, 0x9F, 0x02, 0x0F, 0x2B, 0x9F,
    0x08, 0x1F, 0x40, 0x9A, 0x05, 0x1B, 0x3C, 0x9B, 0x05, 0x1B, 0x3C, 0x9B, 0x01, 0x0B, 0x23, 0x9B,
    0x01, 0x07, 0x1C, 0x9E, 0x01, 0x09, 0x27, 0x90, 0x12, 0x3D, 0x79, 0x71, 0x12, 0x3D, 0x79, 0x71,
    0x4A, 0x94, 0xD6, 0x11, 0x00, 0x00, 0x00, 0x00, 0x00, 0x00, 0x00, 0x00, 0x00, 0x00, 0x00, 0x00,
    0x00, 0x00, 0x00, 0x00, 0x00, 0x00, 0x00, 0x00, 0x00, 0x00, 0x00, 0x00, 0x00, 0x00, 0x00, 0x00,
    0x00, 0x00, 0x00, 0x00, 0x00, 0x00, 0x00, 0x00, 0x00, 0x00, 0x00, 0x00, 0x00, 0x00, 0x00, 0x00,
    0x37, 0x82, 0xCE, 0x01, 0x37, 0x81, 0xCD, 0x01, 0x36, 0x82, 0xCD, 0x01, 0x00, 0x00, 0x00, 0x00,
    0x00, 0x00, 0x00, 0x00, 0x00, 0x00, 0x00, 0x00, 0x00, 0x00, 0x00, 0x00, 0x35, 0x80, 0xCB, 0x01,
    0x35, 0x80, 0xCB, 0x01, 0x00, 0x00, 0x00, 0x00, 0x00, 0x00, 0x00, 0x00, 0x00, 0x00, 0x00, 0x00,
    0x00, 0x00, 0x00, 0x00, 0x00, 0x00, 0x00, 0x00, 0x00, 0x00, 0x00, 0x00, 0x34, 0x80, 0xCC, 0x01,
    0x34, 0x80, 0xCC, 0x01, 0x34, 0x81, 0xCC, 0x01, 0x34, 0x80, 0xCC, 0x01, 0x00, 0x00, 0x00, 0x00,
    0x00, 0x00, 0x00, 0x00, 0x35, 0x80, 0xCB, 0x01, 0x34, 0x80, 0xCA, 0x01, 0x00, 0x00, 0x00, 0x00,
    0x00, 0x00, 0x00, 0x00, 0x00, 0x00, 0x00, 0x00, 0x00, 0x00, 0x00, 0x00, 0x00, 0x00, 0x00, 0x00,
    0x00, 0x00, 0x00, 0x00, 0x00, 0x00, 0x00, 0x00, 0x00, 0x00, 0x00, 0x00, 0x00, 0x00, 0x00, 0x00,
    0x00, 0x00, 0x00, 0x00, 0x00, 0x00, 0x00, 0x00, 0x00, 0x00, 0x00, 0x00, 0x00, 0x00, 0x00, 0x00,
    0x00, 0x00, 0x00, 0x00, 0x00, 0x00, 0x00, 0x00, 0x00, 0x00, 0x00, 0x00, 0x00, 0x00, 0x00, 0x00,
    0x00, 0x00, 0x00, 0x00, 0x00, 0x00, 0x00, 0x00, 0x00, 0x00, 0x00, 0x00, 0x00, 0x00, 0x00, 0x00,
    0x00, 0x00, 0x00, 0x00, 0x00, 0x00, 0x00, 0x00, 0x00, 0x00, 0x00, 0x00, 0x00, 0x00, 0x00, 0x00,
    0x00, 0x00, 0x00, 0x00, 0x00, 0x00, 0x00, 0x00, 0x00, 0x00, 0x00, 0x00, 0x00, 0x00, 0x00, 0x00,
    0x00, 0x00, 0x00, 0x00, 0x00, 0x00, 0x00, 0x00, 0x00, 0x00, 0x00, 0x00, 0x00, 0x00, 0x00, 0x00,
    0x00, 0x00, 0x00, 0x00, 0x00, 0x00, 0x00, 0x00, 0x00, 0x00, 0x00, 0x00, 0x00, 0x00, 0x00, 0x00,
    0x00, 0x00, 0x00, 0x00, 0x00, 0x00, 0x00, 0x00, 0x00, 0x00, 0x00, 0x00, 0x00, 0x00, 0x00, 0x00,
    0x00, 0x00, 0x00, 0x00, 0x00, 0x00, 0x00, 0x00, 0x00, 0x00, 0x00, 0x00, 0x00, 0x00, 0x00, 0x00,
    0x00, 0x00, 0x00, 0x00, 0x00, 0x00, 0x00, 0x00, 0x47, 0x8C, 0xD1, 0x02, 0x46, 0x8D, 0xD1, 0x02,
    0x46, 0x8D, 0xD1, 0x02, 0x46, 0x8E, 0xD2, 0x06, 0x48, 0x91, 0xD2, 0x02, 0x48, 0x91, 0xD4, 0x01,
    0x00, 0x00, 0x00, 0x00, 0x00, 0x00, 0x00, 0x00, 0x00, 0x00, 0x00, 0x00, 0x00, 0x00, 0x00, 0x00,
    0x00, 0x00, 0x00, 0x00, 0x00, 0x00, 0x00, 0x00, 0x00, 0x00, 0x00, 0x00, 0x00, 0x00, 0x00, 0x00,
    0x00, 0x00, 0x00, 0x00, 0x00, 0x00, 0x00, 0x00, 0x00, 0x00, 0x00, 0x00, 0x00, 0x00, 0x00, 0x00,
    0x00, 0x00, 0x00, 0x00, 0x00, 0x00, 0x00, 0x00, 0x57, 0x97, 0xD8, 0x01, 0x53, 0x95, 0xD6, 0x04,
    0x54, 0x95, 0xD7, 0x03, 0x54, 0x95, 0xD7, 0x03, 0x52, 0x94, 0xD7, 0x02, 0x51, 0x93, 0xD6, 0x01,
    0x4F, 0x91, 0xD5, 0x03, 0x4D, 0x8F, 0xD5, 0x02, 0x4D, 0x8F, 0xD5, 0x02, 0x4B, 0x8E, 0xD6, 0x03,
    0x47, 0x8C, 0xD5, 0x02, 0x00, 0x00, 0x00, 0x00, 0x00, 0x00, 0x00, 0x00, 0x00, 0x00, 0x00, 0x00,
    0x00, 0x00, 0x00, 0x00, 0x00, 0x00, 0x00, 0x00, 0x00, 0x00, 0x00, 0x00, 0x00, 0x00, 0x00, 0x00,
    0x00, 0x00, 0x00, 0x00, 0x00, 0x00, 0x00, 0x00, 0x00, 0x00, 0x00, 0x00, 0x00, 0x00, 0x00, 0x00,
    0x00, 0x00, 0x00, 0x00, 0x00, 0x00, 0x00, 0x00, 0x00, 0x00, 0x00, 0x00, 0x00, 0x00, 0x00, 0x00,
    0x00, 0x00, 0x00, 0x00, 0x42, 0x89, 0xD2, 0x03, 0x41, 0x8A, 0xD4, 0x02, 0x41, 0x8A, 0xD4, 0x02,
    0x3F, 0x88, 0xD3, 0x03, 0x3C, 0x87, 0xD2, 0x02, 0x39, 0x86, 0xD2, 0x02, 0x39, 0x86, 0xD2, 0x02,
    0x39, 0x85, 0xD2, 0x02, 0x3A, 0x83, 0xD1, 0x02, 0x3A, 0x83, 0xD1, 0x01, 0x3A, 0x83, 0xD1, 0x01,
    0x00, 0x00, 0x00, 0x00, 0x00, 0x00, 0x00, 0x00, 0x00, 0x00, 0x00, 0x00, 0x00, 0x00, 0x00, 0x00,
    0x00, 0x00, 0x00, 0x00, 0x00, 0x00, 0x00, 0x00, 0x00, 0x00, 0x00, 0x00, 0x00, 0x00, 0x00, 0x00,
    0x00, 0x00, 0x00, 0x00, 0x00, 0x00, 0x00, 0x00, 0x00, 0x00, 0x00, 0x00, 0x00, 0x00, 0x00, 0x00,
    0x00, 0x00, 0x00, 0x00, 0x00, 0x00, 0x00, 0x00, 0x00, 0x00, 0x00, 0x00, 0x00, 0x00, 0x00, 0x00,
    0x00, 0x00, 0x00, 0x00, 0x00, 0x00, 0x00, 0x00, 0x00, 0x00, 0x00, 0x00, 0x00, 0x00, 0x00, 0x00,
    0x00, 0x00, 0x00, 0x00, 0x00, 0x00, 0x00, 0x00, 0x00, 0x00, 0x00, 0x00, 0x00, 0x00, 0x00, 0x00,
    0x00, 0x00, 0x00, 0x00, 0x00, 0x00, 0x00, 0x00, 0x00, 0x00, 0x00, 0x00, 0x00, 0x00, 0x00, 0x00,
    0x00, 0x00, 0x00, 0x00, 0x00, 0x00, 0x00, 0x00, 0x00, 0x00, 0x00, 0x00, 0x00, 0x00, 0x00, 0x00,
    0x00, 0x00, 0x00, 0x00, 0x00, 0x00, 0x00, 0x00, 0x00, 0x00, 0x00, 0x00, 0x00, 0x00, 0x00, 0x00,
    0x00, 0x00, 0x00, 0x00, 0x00, 0x00, 0x00, 0x00, 0x00, 0x00, 0x00, 0x00, 0x00, 0x00, 0x00, 0x00,
    0x00, 0x00, 0x00, 0x00, 0x00, 0x00, 0x00, 0x00, 0x00, 0x00, 0x00, 0x00, 0x00, 0x00, 0x00, 0x00,
    0x00, 0x00, 0x00, 0x00, 0x00, 0x00, 0x00, 0x00, 0x00, 0x00, 0x00, 0x00, 0x00, 0x00, 0x00, 0x00,
    0x00, 0x00, 0x00, 0x00, 0x00, 0x00, 0x00, 0x00, 0x00, 0x00, 0x00, 0x00, 0x00, 0x00, 0x00, 0x00,
    0x00, 0x00, 0x00, 0x00, 0x00, 0x00, 0x00, 0x00, 0x00, 0x00, 0x00, 0x00, 0x00, 0x00, 0x00, 0x00,
    0x00, 0x00, 0x00, 0x00, 0x00, 0x00, 0x00, 0x00, 0x00, 0x00, 0x00, 0x00, 0x00, 0x00, 0x00, 0x00,
    0x00, 0x00, 0x00, 0x00, 0x00, 0x00, 0x00, 0x00, 0x00, 0x00, 0x00, 0x00, 0x00, 0x00, 0x00, 0x00,
    0x00, 0x00, 0x00, 0x00, 0x00, 0x00, 0x00, 0x00, 0x00, 0x00, 0x00, 0x00, 0x00, 0x00, 0x00, 0x00,
    0x00, 0x00, 0x00, 0x00, 0x45, 0x8B, 0xCF, 0x01, 0x00, 0x00, 0x00, 0x00, 0x47, 0x8E, 0xD1, 0x01,
    0x47, 0x8E, 0xD1, 0x01, 0x47, 0x8F, 0xD1, 0x01, 0x00, 0x00, 0x00, 0x00, 0x4B, 0x91, 0xD3, 0x03,
    0x4D, 0x91, 0xD3, 0x03, 0x4D, 0x91, 0xD3, 0x03, 0x4E, 0x91, 0xD4, 0x04, 0x4F, 0x94, 0xD5, 0x05,
    0x50, 0x95, 0xD5, 0x03, 0x50, 0x95, 0xD5, 0x03, 0x52, 0x97, 0xD6, 0x04, 0x52, 0x97, 0xD6, 0x04,
    0x51, 0x97, 0xD6, 0x03, 0x51, 0x97, 0xD6, 0x03, 0x51, 0x96, 0xD6, 0x04, 0x50, 0x96, 0xD7, 0x04,
    0x4F, 0x95, 0xD5, 0x03, 0x4F, 0x95, 0xD5, 0x03, 0x51, 0x95, 0xD6, 0x01, 0x52, 0x95, 0xD7, 0x01,
    0x00, 0x00, 0x00, 0x00, 0x00, 0x00, 0x00, 0x00, 0x00, 0x00, 0x00, 0x00, 0x00, 0x00, 0x00, 0x00,
    0x00, 0x00, 0x00, 0x00, 0x00, 0x00, 0x00, 0x00, 0x00, 0x00, 0x00, 0x00, 0x00, 0x00, 0x00, 0x00,
    0x00, 0x00, 0x00, 0x00, 0x43, 0x8A, 0xD2, 0x02, 0x43, 0x8A, 0xD2, 0x02, 0x43, 0x8A, 0xD2, 0x03,
    0x42, 0x8A, 0xD2, 0x03, 0x42, 0x8B, 0xD2, 0x02, 0x42, 0x8B, 0xD2, 0x02, 0x42, 0x8A, 0xD1, 0x03,
    0x43, 0x8B, 0xD1, 0x02, 0x43, 0x8B, 0xD0, 0x03, 0x43, 0x8B, 0xD0, 0x03, 0x44, 0x8C, 0xD1, 0x03,
    0x44, 0x8C, 0xD0, 0x03, 0x42, 0x8C, 0xD1, 0x03, 0x40, 0x8B, 0xD1, 0x02, 0x40, 0x8B, 0xD1, 0x02,
    0x43, 0x8B, 0xD2, 0x01, 0x00, 0x00, 0x00, 0x00, 0x00, 0x00, 0x00, 0x00, 0x00, 0x00, 0x00, 0x00,
    0x00, 0x00, 0x00, 0x00, 0x00, 0x00, 0x00, 0x00, 0x00, 0x00, 0x00, 0x00, 0x00, 0x00, 0x00, 0x00,
    0x00, 0x00, 0x00, 0x00, 0x00, 0x00, 0x00, 0x00, 0x00, 0x00, 0x00, 0x00, 0x00, 0x00, 0x00, 0x00,
    0x00, 0x00, 0x00, 0x00, 0x00, 0x00, 0x00, 0x00, 0x00, 0x00, 0x00, 0x00, 0x00, 0x00, 0x00, 0x00,
    0x00, 0x00, 0x00, 0x00, 0x00, 0x00, 0x00, 0x00, 0x00, 0x00, 0x00, 0x00, 0x00, 0x00, 0x00, 0x00,
    0x00, 0x00, 0x00, 0x00, 0x00, 0x00, 0x00, 0x00, 0x00, 0x00, 0x00, 0x00, 0x00, 0x00, 0x00, 0x00,
    0x00, 0x00, 0x00, 0x00, 0x00, 0x00, 0x00, 0x00, 0x00, 0x00, 0x00, 0x00, 0x00, 0x00, 0x00, 0x00,
    0x00, 0x00, 0x00, 0x00, 0x00, 0x00, 0x00, 0x00, 0x00, 0x00, 0x00, 0x00, 0x00, 0x00, 0x00, 0x00,
    0x00, 0x00, 0x00, 0x00, 0x00, 0x00, 0x00, 0x00, 0x00, 0x00, 0x00, 0x00, 0x00, 0x00, 0x00, 0x00,
    0x00, 0x00, 0x00, 0x00, 0x00, 0x00, 0x00, 0x00, 0x00, 0x00, 0x00, 0x00, 0x00, 0x00, 0x00, 0x00,
    0x00, 0x00, 0x00, 0x00, 0x00, 0x00, 0x00, 0x00, 0x00, 0x00, 0x00, 0x00, 0x00, 0x00, 0x00, 0x00,
    0x00, 0x00, 0x00, 0x00, 0x00, 0x00, 0x00, 0x00, 0x00, 0x00, 0x00, 0x00, 0x00, 0x00, 0x00, 0x00,
    0x00, 0x00, 0x00, 0x00, 0x00, 0x00, 0x00, 0x00, 0x00, 0x00, 0x00, 0x00, 0x00, 0x00, 0x00, 0x00,
    0x00, 0x00, 0x00, 0x00, 0x00, 0x00, 0x00, 0x00, 0x00, 0x00, 0x00, 0x00, 0x00, 0x00, 0x00, 0x00,
    0x00, 0x00, 0x00, 0x00, 0x00, 0x00, 0x00, 0x00, 0x00, 0x00, 0x00, 0x00, 0x00, 0x00, 0x00, 0x00,
    0x00, 0x00, 0x00, 0x00, 0x00, 0x00, 0x00, 0x00, 0x00, 0x00, 0x00, 0x00, 0x00, 0x00, 0x00, 0x00,
    0x00, 0x00, 0x00, 0x00, 0x00, 0x00, 0x00, 0x00, 0x00, 0x00, 0x00, 0x00, 0x00, 0x00, 0x00, 0x00,
    0x00, 0x00, 0x00, 0x00, 0x00, 0x00, 0x00, 0x00, 0x00, 0x00, 0x00, 0x00, 0x00, 0x00, 0x00, 0x00,
    0x00, 0x00, 0x00, 0x00, 0x00, 0x00, 0x00, 0x00, 0x00, 0x00, 0x00, 0x00, 0x00, 0x00, 0x00, 0x00,
    0x00, 0x00, 0x00, 0x00, 0x00, 0x00, 0x00, 0x00, 0x00, 0x00, 0x00, 0x00, 0x00, 0x00, 0x00, 0x00,
    0x00, 0x00, 0x00, 0x00, 0x45, 0x8B, 0xCF, 0x01, 0x00, 0x00, 0x00, 0x00, 0x47, 0x8E, 0xD1, 0x01,
    0x47, 0x8E, 0xD1, 0x01, 0x47, 0x8F, 0xD1, 0x01, 0x00, 0x00, 0x00, 0x00, 0x4B, 0x91, 0xD3, 0x03,
    0x4D, 0x91, 0xD3, 0x03, 0x4D, 0x91, 0xD3, 0x03, 0x4E, 0x91, 0xD4, 0x04, 0x4F, 0x94, 0xD5, 0x05,
    0x50, 0x95, 0xD5, 0x03, 0x50, 0x95, 0xD5, 0x03, 0x52, 0x97, 0xD6, 0x04, 0x52, 0x97, 0xD6, 0x04,
    0x51, 0x97, 0xD6, 0x03, 0x51, 0x97, 0xD6, 0x03, 0x51, 0x96, 0xD6, 0x04, 0x50, 0x96, 0xD7, 0x04,
    0x4F, 0x95, 0xD5, 0x03, 0x4F, 0x95, 0xD5, 0x03, 0x51, 0x95, 0xD6, 0x01, 0x52, 0x95, 0xD7, 0x01,
    0x00, 0x00, 0x00, 0x00, 0x00, 0x00, 0x00, 0x00, 0x00, 0x00, 0x00, 0x00, 0x00, 0x00, 0x00, 0x00,
    0x00, 0x00, 0x00, 0x00, 0x00, 0x00, 0x00, 0x00, 0x00, 0x00, 0x00, 0x00, 0x00, 0x00, 0x00, 0x00,
    0x00, 0x00, 0x00, 0x00, 0x43, 0x8A, 0xD2, 0x02, 0x43, 0x8A, 0xD2, 0x02, 0x43, 0x8A, 0xD2, 0x03,
    0x42, 0x8A, 0xD2, 0x03, 0x42, 0x8B, 0xD2, 0x02, 0x42, 0x8B, 0xD2, 0x02, 0x42, 0x8A, 0xD1, 0x03,
    0x43, 0x8B, 0xD1, 0x02, 0x43, 0x8B, 0xD0, 0x03, 0x43, 0x8B, 0xD0, 0x03, 0x44, 0x8C, 0xD1, 0x03,
    0x44, 0x8C, 0xD0, 0x03, 0x42, 0x8C, 0xD1, 0x03, 0x40, 0x8B, 0xD1, 0x02, 0x40, 0x8B, 0xD1, 0x02,
    0x43, 0x8B, 0xD2, 0x01, 0x00, 0x00, 0x00, 0x00, 0x00, 0x00, 0x00, 0x00, 0x00, 0x00, 0x00, 0x00,
    0x00, 0x00, 0x00, 0x00, 0x00, 0x00, 0x00, 0x00, 0x00, 0x00, 0x00, 0x00, 0x00, 0x00, 0x00, 0x00,
    0x00, 0x00, 0x00, 0x00, 0x00, 0x00, 0x00, 0x00, 0x00, 0x00, 0x00, 0x00, 0x00, 0x00, 0x00, 0x00,
    0x00, 0x00, 0x00, 0x00, 0x00, 0x00, 0x00, 0x00, 0x00, 0x00, 0x00, 0x00, 0x00, 0x00, 0x00, 0x00,
    0x00, 0x00, 0x00, 0x00, 0x00, 0x00, 0x00, 0x00, 0x00, 0x00, 0x00, 0x00, 0x00, 0x00, 0x00, 0x00,
    0x00, 0x00, 0x00, 0x00, 0x00, 0x00, 0x00, 0x00, 0x00, 0x00, 0x00, 0x00, 0x00, 0x00, 0x00, 0x00,
    0x00, 0x00, 0x00, 0x00, 0x00, 0x00, 0x00, 0x00, 0x00, 0x00, 0x00, 0x00, 0x00, 0x00, 0x00, 0x00,
    0x00, 0x00, 0x00, 0x00, 0x00, 0x00, 0x00, 0x00, 0x00, 0x00, 0x00, 0x00, 0x00, 0x00, 0x00, 0x00,
    0x00, 0x00, 0x00, 0x00, 0x00, 0x00, 0x00, 0x00, 0x00, 0x00, 0x00, 0x00, 0x00, 0x00, 0x00, 0x00,
    0x00, 0x00, 0x00, 0x00, 0x00, 0x00, 0x00, 0x00, 0x00, 0x00, 0x00, 0x00, 0x00, 0x00, 0x00, 0x00,
    0x00, 0x00, 0x00, 0x00, 0x00, 0x00, 0x00, 0x00, 0x00, 0x00, 0x00, 0x00, 0x00, 0x00, 0x00, 0x00,
    0x00, 0x00, 0x00, 0x00, 0x00, 0x00, 0x00, 0x00, 0x00, 0x00, 0x00, 0x00, 0x00, 0x00, 0x00, 0x00,
    0x00, 0x00, 0x00, 0x00, 0x00, 0x00, 0x00, 0x00, 0x00, 0x00, 0x00, 0x00, 0x00, 0x00, 0x00, 0x00,
    0x00, 0x00, 0x00, 0x00, 0x00, 0x00, 0x00, 0x00, 0x00, 0x00, 0x00, 0x00, 0x00, 0x00, 0x00, 0x00,
    0x00, 0x00, 0x00, 0x00, 0x00, 0x00, 0x00, 0x00, 0x00, 0x00, 0x00, 0x00, 0x00, 0x00, 0x00, 0x00,
    0x00, 0x00, 0x00, 0x00, 0x00, 0x00, 0x00, 0x00, 0x00, 0x00, 0x00, 0x00, 0x00, 0x00, 0x00, 0x00,
    0x00, 0x00, 0x00, 0x00, 0x00, 0x00, 0x00, 0x00, 0x00, 0x00, 0x00, 0x00, 0x00, 0x00, 0x00, 0x00,
    0x00, 0x00, 0x00, 0x00, 0x00, 0x00, 0x00, 0x00, 0x00, 0x00, 0x00, 0x00, 0x00, 0x00, 0x00, 0x00,
    0x00, 0x00, 0x00, 0x00, 0x00, 0x00, 0x00, 0x00, 0x00, 0x00, 0x00, 0x00, 0x00, 0x00, 0x00, 0x00,
    0x00, 0x00, 0x00, 0x00, 0x00, 0x00, 0x00, 0x00, 0x00, 0x00, 0x00, 0x00, 0x00, 0x00, 0x00, 0x00,
    0x00, 0x00, 0x00, 0x00, 0x00, 0x00, 0x00, 0x00, 0x46, 0x8D, 0xD0, 0x01, 0x47, 0x8E, 0xD1, 0x01,
    0x47, 0x8E, 0xD1, 0x01, 0x00, 0x00, 0x00, 0x00, 0x00, 0x00, 0x00, 0x00, 0x00, 0x00, 0x00, 0x00,
    0x00, 0x00, 0x00, 0x00, 0x00, 0x00, 0x00, 0x00, 0x4E, 0x92, 0xD4, 0x01, 0x00, 0x00, 0x00, 0x00,
    0x00, 0x00, 0x00, 0x00, 0x00, 0x00, 0x00, 0x00, 0x51, 0x94, 0xD5, 0x01, 0x51, 0x95, 0xD6, 0x01,
    0x00, 0x00, 0x00, 0x00, 0x00, 0x00, 0x00, 0x00, 0x51, 0x95, 0xD6, 0x01, 0x00, 0x00, 0x00, 0x00,
    0x00, 0x00, 0x00, 0x00, 0x00, 0x00, 0x00, 0x00, 0x00, 0x00, 0x00, 0x00, 0x00, 0x00, 0x00, 0x00,
    0x00, 0x00, 0x00, 0x00, 0x00, 0x00, 0x00, 0x00, 0x4D, 0x90, 0xD4, 0x01, 0x00, 0x00, 0x00, 0x00,
    0x00, 0x00, 0x00, 0x00, 0x00, 0x00, 0x00, 0x00, 0x00, 0x00, 0x00, 0x00, 0x00, 0x00, 0x00, 0x00,
    0x00, 0x00, 0x00, 0x00, 0x00, 0x00, 0x00, 0x00, 0x00, 0x00, 0x00, 0x00, 0x00, 0x00, 0x00, 0x00,
    0x00, 0x00, 0x00, 0x00, 0x00, 0x00, 0x00, 0x00, 0x00, 0x00, 0x00, 0x00, 0x00, 0x00, 0x00, 0x00,
    0x00, 0x00, 0x00, 0x00, 0x00, 0x00, 0x00, 0x00, 0x00, 0x00, 0x00, 0x00, 0x00, 0x00, 0x00, 0x00,
    0x00, 0x00, 0x00, 0x00, 0x00, 0x00, 0x00, 0x00, 0x00, 0x00, 0x00, 0x00, 0x00, 0x00, 0x00, 0x00,
    0x00, 0x00, 0x00, 0x00, 0x00, 0x00, 0x00, 0x00, 0x00, 0x00, 0x00, 0x00, 0x00, 0x00, 0x00, 0x00,
    0x00, 0x00, 0x00, 0x00, 0x00, 0x00, 0x00, 0x00, 0x00, 0x00, 0x00, 0x00, 0x00, 0x00, 0x00, 0x00,
    0x00, 0x00, 0x00, 0x00, 0x00, 0x00, 0x00, 0x00, 0x00, 0x00, 0x00, 0x00, 0x00, 0x00, 0x00, 0x00,
    0x00, 0x00, 0x00, 0x00, 0x00, 0x00, 0x00, 0x00, 0x00, 0x00, 0x00, 0x00, 0x00, 0x00, 0x00, 0x00,
    0x00, 0x00, 0x00, 0x00, 0x00, 0x00, 0x00, 0x00, 0x00, 0x00, 0x00, 0x00, 0x00, 0x00, 0x00, 0x00,
    0x00, 0x00, 0x00, 0x00, 0x00, 0x00, 0x00, 0x00, 0x00, 0x00, 0x00, 0x00, 0x00, 0x00, 0x00, 0x00,
    0x00, 0x00, 0x00, 0x00, 0x00, 0x00, 0x00, 0x00, 0x00, 0x00, 0x00, 0x00, 0x00, 0x00, 0x00, 0x00,
    0x00, 0x00, 0x00, 0x00, 0x00, 0x00, 0x00, 0x00, 0x00, 0x00, 0x00, 0x00, 0x00, 0x00, 0x00, 0x00,
    0x00, 0x00, 0x00, 0x00, 0x00, 0x00, 0x00, 0x00, 0x00, 0x00, 0x00, 0x00, 0x00, 0x00, 0x00, 0x00,
    0x00, 0x00, 0x00, 0x00, 0x00, 0x00, 0x00, 0x00, 0x00, 0x00, 0x00, 0x00, 0x00, 0x00, 0x00, 0x00,
    0x00, 0x00, 0x00, 0x00, 0x00, 0x00, 0x00, 0x00, 0x00, 0x00, 0x00, 0x00, 0x00, 0x00, 0x00, 0x00,
    0x00, 0x00, 0x00, 0x00, 0x00, 0x00, 0x00, 0x00, 0x00, 0x00, 0x00, 0x00, 0x00, 0x00, 0x00, 0x00,
    0x00, 0x00, 0x00, 0x00, 0x00, 0x00, 0x00, 0x00, 0x00, 0x00, 0x00, 0x00, 0x00, 0x00, 0x00, 0x00,
    0x00, 0x00, 0x00, 0x00, 0x00, 0x00, 0x00, 0x00, 0x00, 0x00, 0x00, 0x00, 0x00, 0x00, 0x00, 0x00,
    0x00, 0x00, 0x00, 0x00, 0x00, 0x00, 0x00, 0x00, 0x00, 0x00, 0x00, 0x00, 0x00, 0x00, 0x00, 0x00,
    0x00, 0x00, 0x00, 0x00, 0x00, 0x00, 0x00, 0x00, 0x00, 0x00, 0x00, 0x00, 0x00, 0x00, 0x00, 0x00,
    0x00, 0x00, 0x00, 0x00, 0x00, 0x00, 0x00, 0x00, 0x00, 0x00, 0x00, 0x00, 0x00, 0x00, 0x00, 0x00,
    0x00, 0x00, 0x00, 0x00, 0x00, 0x00, 0x00, 0x00, 0x00, 0x00, 0x00, 0x00, 0x00, 0x00, 0x00, 0x00,
    0x00, 0x00, 0x00, 0x00, 0x00, 0x00, 0x00, 0x00, 0x00, 0x00, 0x00, 0x00, 0x00, 0x00, 0x00, 0x00,
    0x00, 0x00, 0x00, 0x00, 0x00, 0x00, 0x00, 0x00, 0x00, 0x00, 0x00, 0x00, 0x00, 0x00, 0x00, 0x00,
    0x00, 0x00, 0x00, 0x00, 0x00, 0x00, 0x00, 0x00, 0x00, 0x00, 0x00, 0x00, 0x00, 0x00, 0x00, 0x00,
    0x00, 0x00, 0x00, 0x00, 0x00, 0x00, 0x00, 0x00, 0x00, 0x00, 0x00, 0x00, 0x00, 0x00, 0x00, 0x00,
    0x00, 0x00, 0x00, 0x00, 0x00, 0x00, 0x00, 0x00, 0x00, 0x00, 0x00, 0x00, 0x00, 0x00, 0x00, 0x00,
    0x00, 0x00, 0x00, 0x00, 0x00, 0x00, 0x00, 0x00, 0x00, 0x00, 0x00, 0x00, 0x00, 0x00, 0x00, 0x00,
    0x00, 0x00, 0x00, 0x00, 0x00, 0x00, 0x00, 0x00, 0x00, 0x00, 0x00, 0x00, 0x00, 0x00, 0x00, 0x00,
    0x00, 0x00, 0x00, 0x00, 0x00, 0x00, 0x00, 0x00, 0x00, 0x00, 0x00, 0x00, 0x00, 0x00, 0x00, 0x00,
    0x00, 0x00, 0x00, 0x00, 0x00, 0x00, 0x00, 0x00, 0x00, 0x00, 0x00, 0x00, 0x00, 0x00, 0x00, 0x00,
    0x00, 0x00, 0x00, 0x00, 0x00, 0x00, 0x00, 0x00, 0x00, 0x00, 0x00, 0x00, 0x00, 0x00, 0x00, 0x00,
    0x00, 0x00, 0x00, 0x00, 0x00, 0x00, 0x00, 0x00, 0x00, 0x00, 0x00, 0x00, 0x00, 0x00, 0x00, 0x00,
    0x00, 0x00, 0x00, 0x00, 0x00, 0x00, 0x00, 0x00, 0x00, 0x00, 0x00, 0x00, 0x00, 0x00, 0x00, 0x00,
    0x00, 0x00, 0x00, 0x00, 0x00, 0x00, 0x00, 0x00, 0x00, 0x00, 0x00, 0x00, 0x00, 0x00, 0x00, 0x00,
    0x00, 0x00, 0x00, 0x00, 0x00, 0x00, 0x00, 0x00, 0x00, 0x00, 0x00, 0x00, 0x00, 0x00, 0x00, 0x00,
    0x00, 0x00, 0x00, 0x00, 0x00, 0x00, 0x00, 0x00, 0x00, 0x00, 0x00, 0x00, 0x00, 0x00, 0x00, 0x00,
    0x00, 0x00, 0x00, 0x00, 0x00, 0x00, 0x00, 0x00, 0x00, 0x00, 0x00, 0x00, 0x00, 0x00, 0x00, 0x00,
    0x00, 0x00, 0x00, 0x00, 0x00, 0x00, 0x00, 0x00, 0x00, 0x00, 0x00, 0x00, 0x00, 0x00, 0x00, 0x00,
    0x00, 0x00, 0x00, 0x00, 0x00, 0x00, 0x00, 0x00, 0x00, 0x00, 0x00, 0x00, 0x00, 0x00, 0x00, 0x00,
    0x00, 0x00, 0x00, 0x00, 0x00, 0x00, 0x00, 0x00, 0x00, 0x00, 0x00, 0x00, 0x00, 0x00, 0x00, 0x00,
    0x00, 0x00, 0x00, 0x00, 0x00, 0x00, 0x00, 0x00, 0x00, 0x00, 0x00, 0x00, 0x00, 0x00, 0x00, 0x00,
    0x00, 0x00, 0x00, 0x00, 0x00, 0x00, 0x00, 0x00, 0x00, 0x00, 0x00, 0x00, 0x00, 0x00, 0x00, 0x00,
    0x00, 0x00, 0x00, 0x00, 0x00, 0x00, 0x00, 0x00, 0x00, 0x00, 0x00, 0x00, 0x00, 0x00, 0x00, 0x00,
    0x00, 0x00, 0x00, 0x00, 0x00, 0x00, 0x00, 0x00, 0x00, 0x00, 0x00, 0x00, 0x00, 0x00, 0x00, 0x00,
    0x00, 0x00, 0x00, 0x00, 0x00, 0x00, 0x00, 0x00, 0x00, 0x00, 0x00, 0x00, 0x00, 0x00, 0x00, 0x00,
    0x00, 0x00, 0x00, 0x00, 0x00, 0x00, 0x00, 0x00, 0x00, 0x00, 0x00, 0x00, 0x00, 0x00, 0x00, 0x00,
    0x00, 0x00, 0x00, 0x00, 0x00, 0x00, 0x00, 0x00, 0x00, 0x00, 0x00, 0x00, 0x00, 0x00, 0x00, 0x00,
    0x00, 0x00, 0x00, 0x00, 0x00, 0x00, 0x00, 0x00, 0x00, 0x00, 0x00, 0x00, 0x00, 0x00, 0x00, 0x00,
    0x00, 0x00, 0x00, 0x00, 0x00, 0x00, 0x00, 0x00, 0x00, 0x00, 0x00, 0x00, 0x00, 0x00, 0x00, 0x00,
    0x00, 0x00, 0x00, 0x00, 0x00, 0x00, 0x00, 0x00, 0x00, 0x00, 0x00, 0x00, 0x00, 0x00, 0x00, 0x00,
    0x00, 0x00, 0x00, 0x00, 0x00, 0x00, 0x00, 0x00, 0x00, 0x00, 0x00, 0x00, 0x00, 0x00, 0x00, 0x00,
    0x00, 0x00, 0x00, 0x00, 0x00, 0x00, 0x00, 0x00, 0x00, 0x00, 0x00, 0x00, 0x00, 0x00, 0x00, 0x00,
    0x00, 0x00, 0x00, 0x00, 0x00, 0x00, 0x00, 0x00, 0x00, 0x00, 0x00, 0x00, 0x00, 0x00, 0x00, 0x00,
    0x00, 0x00, 0x00, 0x00, 0x00, 0x00, 0x00, 0x00, 0x00, 0x00, 0x00, 0x00, 0x00, 0x00, 0x00, 0x00,
    0x00, 0x00, 0x00, 0x00, 0x00, 0x00, 0x00, 0x00, 0x00, 0x00, 0x00, 0x00, 0x00, 0x00, 0x00, 0x00,
    0x00, 0x00, 0x00, 0x00, 0x00, 0x00, 0x00, 0x00, 0x00, 0x00, 0x00, 0x00, 0x00, 0x00, 0x00, 0x00,
    0x00, 0x00, 0x00, 0x00, 0x00, 0x00, 0x00, 0x00, 0x00, 0x00, 0x00, 0x00, 0x00, 0x00, 0x00, 0x00,
    0x00, 0x00, 0x00, 0x00, 0x00, 0x00, 0x00, 0x00, 0x00, 0x00, 0x00, 0x00, 0x00, 0x00, 0x00, 0x00,
    0x00, 0x00, 0x00, 0x00, 0x00, 0x00, 0x00, 0x00, 0x00, 0x00, 0x00, 0x00, 0x00, 0x00, 0x00, 0x00,
    0x00, 0x00, 0x00, 0x00, 0x00, 0x00, 0x00, 0x00, 0x00, 0x00, 0x00, 0x00, 0x00, 0x00, 0x00, 0x00,
    0x00, 0x00, 0x00, 0x00, 0x00, 0x00, 0x00, 0x00, 0x00, 0x00, 0x00, 0x00, 0x00, 0x00, 0x00, 0x00,
    0x00, 0x00, 0x00, 0x00, 0x00, 0x00, 0x00, 0x00, 0x00, 0x00, 0x00, 0x00, 0x00, 0x00, 0x00, 0x00,
    0x00, 0x00, 0x00, 0x00, 0x00, 0x00, 0x00, 0x00, 0x00, 0x00, 0x00, 0x00, 0x00, 0x00, 0x00, 0x00,
    0x00, 0x00, 0x00, 0x00, 0x00, 0x00, 0x00, 0x00, 0x00, 0x00, 0x00, 0x00, 0x00, 0x00, 0x00, 0x00,
    0x00, 0x00, 0x00, 0x00, 0x00, 0x00, 0x00, 0x00, 0x00, 0x00, 0x00, 0x00, 0x00, 0x00, 0x00, 0x00,
    0x00, 0x00, 0x00, 0x00, 0x00, 0x00, 0x00, 0x00, 0x00, 0x00, 0x00, 0x00, 0x00, 0x00, 0x00, 0x00,
    0x00, 0x00, 0x00, 0x00, 0x00, 0x00, 0x00, 0x00, 0x00, 0x00, 0x00, 0x00, 0x00, 0x00, 0x00, 0x00,
    0x00, 0x00, 0x00, 0x00, 0x00, 0x00, 0x00, 0x00, 0x00, 0x00, 0x00, 0x00, 0x00, 0x00, 0x00, 0x00,
    0x00, 0x00, 0x00, 0x00, 0x00, 0x00, 0x00, 0x00, 0x00, 0x00, 0x00, 0x00, 0x00, 0x00, 0x00, 0x00,
    0x00, 0x00, 0x00, 0x00, 0x00, 0x00, 0x00, 0x00, 0x00, 0x00, 0x00, 0x00, 0x00, 0x00, 0x00, 0x00,
    0x00, 0x00, 0x00, 0x00, 0x00, 0x00, 0x00, 0x00, 0x00, 0x00, 0x00, 0x00, 0x00, 0x00, 0x00, 0x00,
    0x00, 0x00, 0x00, 0x00, 0x00, 0x00, 0x00, 0x00, 0x00, 0x00, 0x00, 0x00, 0x00, 0x00, 0x00, 0x00,
    0x00, 0x00, 0x00, 0x00, 0x00, 0x00, 0x00, 0x00, 0x00, 0x00, 0x00, 0x00, 0x00, 0x00, 0x00, 0x00,
    0x00, 0x00, 0x00, 0x00, 0x00, 0x00, 0x00, 0x00, 0x00, 0x00, 0x00, 0x00, 0x00, 0x00, 0x00, 0x00,
    0x00, 0x00, 0x00, 0x00, 0x00, 0x00, 0x00, 0x00, 0x00, 0x00, 0x00, 0x00, 0x00, 0x00, 0x00, 0x00,
    0x00, 0x00, 0x00, 0x00, 0x00, 0x00, 0x00, 0x00, 0x00, 0x00, 0x00, 0x00, 0x00, 0x00, 0x00, 0x00,
    0x00, 0x00, 0x00, 0x00, 0x00, 0x00, 0x00, 0x00, 0x00, 0x00, 0x00, 0x00, 0x00, 0x00, 0x00, 0x00,
    0x00, 0x00, 0x00, 0x00, 0x00, 0x00, 0x00, 0x00, 0x00, 0x00, 0x00, 0x00, 0x00, 0x00, 0x00, 0x00,
    0x00, 0x00, 0x00, 0x00, 0x00, 0x00, 0x00, 0x00, 0x00, 0x00, 0x00, 0x00, 0x00, 0x00, 0x00, 0x00,
    0x00, 0x00, 0x00, 0x00, 0x00, 0x00, 0x00, 0x00, 0x00, 0x00, 0x00, 0x00, 0x00, 0x00, 0x00, 0x00,
    0x00, 0x00, 0x00, 0x00, 0x00, 0x00, 0x00, 0x00, 0x00, 0x00, 0x00, 0x00, 0x00, 0x00, 0x00, 0x00,
    0x00, 0x00, 0x00, 0x00, 0x00, 0x00, 0x00, 0x00, 0x00, 0x00, 0x00, 0x00, 0x00, 0x00, 0x00, 0x00,
    0x00, 0x00, 0x00, 0x00, 0x00, 0x00, 0x00, 0x00, 0x00, 0x00, 0x00, 0x00, 0x00, 0x00, 0x00, 0x00,
    0x00, 0x00, 0x00, 0x00, 0x00, 0x00, 0x00, 0x00, 0x00, 0x00, 0x00, 0x00, 0x00, 0x00, 0x00, 0x00,
    0x00, 0x00, 0x00, 0x00, 0x00, 0x00, 0x00, 0x00, 0x00, 0x00, 0x00, 0x00, 0x00, 0x00, 0x00, 0x00,
    0x00, 0x00, 0x00, 0x00, 0x00, 0x00, 0x00, 0x00, 0x00, 0x00, 0x00, 0x00, 0x00, 0x00, 0x00, 0x00,
    0x00, 0x00, 0x00, 0x00, 0x00, 0x00, 0x00, 0x00, 0x00, 0x00, 0x00, 0x00, 0x00, 0x00, 0x00, 0x00,
    0x00, 0x00, 0x00, 0x00, 0x00, 0x00, 0x00, 0x00, 0x00, 0x00, 0x00, 0x00, 0x00, 0x00, 0x00, 0x00,
    0x00, 0x00, 0x00, 0x00, 0x00, 0x00, 0x00, 0x00, 0x00, 0x00, 0x00, 0x00, 0x00, 0x00, 0x00, 0x00,
    0x00, 0x00, 0x00, 0x00, 0x00, 0x00, 0x00, 0x00, 0x00, 0x00, 0x00, 0x00, 0x00, 0x00, 0x00, 0x00,
    0x00, 0x00, 0x00, 0x00, 0x00, 0x00, 0x00, 0x00, 0x00, 0x00, 0x00, 0x00, 0x00, 0x00, 0x00, 0x00,
    0x00, 0x00, 0x00, 0x00, 0x00, 0x00, 0x00, 0x00, 0x00, 0x00, 0x00, 0x00, 0x00, 0x00, 0x00, 0x00,
    0x00, 0x00, 0x00, 0x00, 0x00, 0x00, 0x00, 0x00, 0x00, 0x00, 0x00, 0x00, 0x00, 0x00, 0x00, 0x00,
    0x00, 0x00, 0x00, 0x00, 0x00, 0x00, 0x00, 0x00, 0x00, 0x00, 0x00, 0x00, 0x00, 0x00, 0x00, 0x00,
    0x00, 0x00, 0x00, 0x00, 0x00, 0x00, 0x00, 0x00, 0x00, 0x00, 0x00, 0x00, 0x00, 0x00, 0x00, 0x00,
    0x00, 0x00, 0x00, 0x00, 0x00, 0x00, 0x00, 0x00, 0x00, 0x00, 0x00, 0x00, 0x00, 0x00, 0x00, 0x00,
    0x00, 0x00, 0x00, 0x00, 0x00, 0x00, 0x00, 0x00, 0x00, 0x00, 0x00, 0x00, 0x00, 0x00, 0x00, 0x00,
    0x00, 0x00, 0x00, 0x00, 0x00, 0x00, 0x00, 0x00, 0x00, 0x00, 0x00, 0x00, 0x00, 0x00, 0x00, 0x00,
    0x00, 0x00, 0x00, 0x00, 0x00, 0x00, 0x00, 0x00, 0x00, 0x00, 0x00, 0x00, 0x00, 0x00, 0x00, 0x00,
    0x00, 0x00, 0x00, 0x00, 0x00, 0x00, 0x00, 0x00, 0x00, 0x00, 0x00, 0x00, 0x00, 0x00, 0x00, 0x00,
    0x00, 0x00, 0x00, 0x00, 0x00, 0x00, 0x00, 0x00, 0x00, 0x00, 0x00, 0x00, 0x00, 0x00, 0x00, 0x00,
    0x00, 0x00, 0x00, 0x00, 0x00, 0x00, 0x00, 0x00, 0x00, 0x00, 0x00, 0x00, 0x00, 0x00, 0x00, 0x00,
    0x00, 0x00, 0x00, 0x00, 0x00, 0x00, 0x00, 0x00, 0x00, 0x00, 0x00, 0x00, 0x00, 0x00, 0x00, 0x00,
    0x00, 0x00, 0x00, 0x00, 0x00, 0x00, 0x00, 0x00, 0x00, 0x00, 0x00, 0x00, 0x00, 0x00, 0x00, 0x00,
    0x00, 0x00, 0x00, 0x00, 0x00, 0x00, 0x00, 0x00, 0x00, 0x00, 0x00, 0x00, 0x00, 0x00, 0x00, 0x00,
    0x00, 0x00, 0x00, 0x00, 0x00, 0x00, 0x00, 0x00, 0x00, 0x00, 0x00, 0x00, 0x00, 0x00, 0x00, 0x00,
    0x00, 0x00, 0x00, 0x00, 0x00, 0x00, 0x00, 0x00, 0x00, 0x00, 0x00, 0x00, 0x00, 0x00, 0x00, 0x00,
    0x00, 0x00, 0x00, 0x00, 0x00, 0x00, 0x00, 0x00, 0x00, 0x00, 0x00, 0x00, 0x00, 0x00, 0x00, 0x00,
    0x00, 0x00, 0x00, 0x00, 0x00, 0x00, 0x00, 0x00, 0x00, 0x00, 0x00, 0x00, 0x00, 0x00, 0x00, 0x00,
    0x00, 0x00, 0x00, 0x00, 0x00, 0x00, 0x00, 0x00, 0x00, 0x00, 0x00, 0x00, 0x00, 0x00, 0x00, 0x00,
    0x00, 0x00, 0x00, 0x00, 0x00, 0x00, 0x00, 0x00, 0x00, 0x00, 0x00, 0x00, 0x00, 0x00, 0x00, 0x00,
    0x00, 0x00, 0x00, 0x00, 0x00, 0x00, 0x00, 0x00, 0x00, 0x00, 0x00, 0x00, 0x00, 0x00, 0x00, 0x00,
    0x00, 0x00, 0x00, 0x00, 0x00, 0x00, 0x00, 0x00, 0x00, 0x00, 0x00, 0x00, 0x00, 0x00, 0x00, 0x00,
    0x00, 0x00, 0x00, 0x00, 0x00, 0x00, 0x00, 0x00, 0x00, 0x00, 0x00, 0x00, 0x00, 0x00, 0x00, 0x00,
    0x00, 0x00, 0x00, 0x00, 0x00, 0x00, 0x00, 0x00, 0x00, 0x00, 0x00, 0x00, 0x00, 0x00, 0x00, 0x00,
    0x00, 0x00, 0x00, 0x00, 0x00, 0x00, 0x00, 0x00, 0x00, 0x00, 0x00, 0x00, 0x00, 0x00, 0x00, 0x00,
    0x00, 0x00, 0x00, 0x00, 0x00, 0x00, 0x00, 0x00, 0x00, 0x00, 0x00, 0x00, 0x00, 0x00, 0x00, 0x00,
    0x00, 0x00, 0x00, 0x00, 0x00, 0x00, 0x00, 0x00, 0x00, 0x00, 0x00, 0x00, 0x00, 0x00, 0x00, 0x00,
    0x00, 0x00, 0x00, 0x00, 0x00, 0x00, 0x00, 0x00, 0x00, 0x00, 0x00, 0x00, 0x00, 0x00, 0x00, 0x00,
    0x00, 0x00, 0x00, 0x00, 0x00, 0x00, 0x00, 0x00, 0x00, 0x00, 0x00, 0x00, 0x00, 0x00, 0x00, 0x00,
    0x00, 0x00, 0x00, 0x00, 0x00, 0x00, 0x00, 0x00, 0x00, 0x00, 0x00, 0x00, 0x00, 0x00, 0x00, 0x00,
    0x00, 0x00, 0x00, 0x00, 0x00, 0x00, 0x00, 0x00, 0x00, 0x00, 0x00, 0x00, 0x00, 0x00, 0x00, 0x00,
    0x00, 0x00, 0x00, 0x00, 0x00, 0x00, 0x00, 0x00, 0x00, 0x00, 0x00, 0x00, 0x00, 0x00, 0x00, 0x00,
    0x00, 0x00, 0x00, 0x00, 0x00, 0x00, 0x00, 0x00, 0x00, 0x00, 0x00, 0x00, 0x00, 0x00, 0x00, 0x00,
    0x00, 0x00, 0x00, 0x00, 0x00, 0x00, 0x00, 0x00, 0x00, 0x00, 0x00, 0x00, 0x00, 0x00, 0x00, 0x00,
    0x00, 0x00, 0x00, 0x00, 0x00, 0x00, 0x00, 0x00, 0x00, 0x00, 0x00, 0x00, 0x00, 0x00, 0x00, 0x00,
    0x00, 0x00, 0x00, 0x00, 0x00, 0x00, 0x00, 0x00, 0x00, 0x00, 0x00, 0x00, 0x00, 0x00, 0x00, 0x00,
    0x00, 0x00, 0x00, 0x00, 0x00, 0x00, 0x00, 0x00, 0x00, 0x00, 0x00, 0x00, 0x00, 0x00, 0x00, 0x00,
    0x00, 0x00, 0x00, 0x00, 0x00, 0x00, 0x00, 0x00, 0x00, 0x00, 0x00, 0x00, 0x00, 0x00, 0x00, 0x00,
    0x00, 0x00, 0x00, 0x00, 0x00, 0x00, 0x00, 0x00, 0x00, 0x00, 0x00, 0x00, 0x00, 0x00, 0x00, 0x00,
    0x00, 0x00, 0x00, 0x00, 0x00, 0x00, 0x00, 0x00, 0x00, 0x00, 0x00, 0x00, 0x00, 0x00, 0x00, 0x00,
    0x00, 0x00, 0x00, 0x00, 0x00, 0x00, 0x00, 0x00, 0x00, 0x00, 0x00, 0x00, 0x00, 0x00, 0x00, 0x00,
    0x00, 0x00, 0x00, 0x00, 0x00, 0x00, 0x00, 0x00, 0x00, 0x00, 0x00, 0x00, 0x00, 0x00, 0x00, 0x00,
    0x00, 0x00, 0x00, 0x00, 0x00, 0x00, 0x00, 0x00, 0x00, 0x00, 0x00, 0x00, 0x00, 0x00, 0x00, 0x00,
    0x00, 0x00, 0x00, 0x00, 0x00, 0x00, 0x00, 0x00, 0x00, 0x00, 0x00, 0x00, 0x00, 0x00, 0x00, 0x00,
    0x00, 0x00, 0x00, 0x00, 0x00, 0x00, 0x00, 0x00, 0x00, 0x00, 0x00, 0x00, 0x00, 0x00, 0x00, 0x00,
    0x00, 0x00, 0x00, 0x00, 0x00, 0x00, 0x00, 0x00, 0x00, 0x00, 0x00, 0x00, 0x00, 0x00, 0x00, 0x00,
    0x00, 0x00, 0x00, 0x00, 0x00, 0x00, 0x00, 0x00, 0x00, 0x00, 0x00, 0x00, 0x00, 0x00, 0x00, 0x00,
    0x00, 0x00, 0x00, 0x00, 0x00, 0x00, 0x00, 0x00, 0x00, 0x00, 0x00, 0x00, 0x00, 0x00, 0x00, 0x00,
    0x00, 0x00, 0x00, 0x00, 0x00, 0x00, 0x00, 0x00, 0x00, 0x00, 0x00, 0x00, 0x00, 0x00, 0x00, 0x00,
    0x00, 0x00, 0x00, 0x00, 0x00, 0x00, 0x00, 0x00, 0x00, 0x00, 0x00, 0x00, 0x00, 0x00, 0x00, 0x00,
    0x00, 0x00, 0x00, 0x00, 0x00, 0x00, 0x00, 0x00, 0x00, 0x00, 0x00, 0x00, 0x00, 0x00, 0x00, 0x00,
    0x00, 0x00, 0x00, 0x00, 0x00, 0x00, 0x00, 0x00, 0x00, 0x00, 0x00, 0x00, 0x00, 0x00, 0x00, 0x00,
    0x00, 0x00, 0x00, 0x00, 0x00, 0x00, 0x00, 0x00, 0x00, 0x00, 0x00, 0x00, 0x00, 0x00, 0x00, 0x00,
    0x00, 0x00, 0x00, 0x00, 0x00, 0x00, 0x00, 0x00, 0x00, 0x00, 0x00, 0x00, 0x00, 0x00, 0x00, 0x00,
    0x00, 0x00, 0x00, 0x00, 0x00, 0x00, 0x00, 0x00, 0x00, 0x00, 0x00, 0x00, 0x00, 0x00, 0x00, 0x00,
    0x00, 0x00, 0x00, 0x00, 0x00, 0x00, 0x00, 0x00, 0x00, 0x00, 0x00, 0x00, 0x00, 0x00, 0x00, 0x00,
    0x00, 0x00, 0x00, 0x00, 0x00, 0x00, 0x00, 0x00, 0x00, 0x00, 0x00, 0x00, 0x00, 0x00, 0x00, 0x00,
    0x00, 0x00, 0x00, 0x00, 0x00, 0x00, 0x00, 0x00, 0x00, 0x00, 0x00, 0x00, 0x00, 0x00, 0x00, 0x00,
    0x00, 0x00, 0x00, 0x00, 0x00, 0x00, 0x00, 0x00, 0x00, 0x00, 0x00, 0x00, 0x00, 0x00, 0x00, 0x00,
    0x00, 0x00, 0x00, 0x00, 0x00, 0x00, 0x00, 0x00, 0x00, 0x00, 0x00, 0x00, 0x00, 0x00, 0x00, 0x00,
    0x00, 0x00, 0x00, 0x00, 0x00, 0x00, 0x00, 0x00, 0x00, 0x00, 0x00, 0x00, 0x00, 0x00, 0x00, 0x00,
    0x00, 0x00, 0x00, 0x00, 0x00, 0x00, 0x00, 0x00, 0x00, 0x00, 0x00, 0x00, 0x00, 0x00, 0x00, 0x00,
    0x00, 0x00, 0x00, 0x00, 0x00, 0x00, 0x00, 0x00, 0x00, 0x00, 0x00, 0x00, 0x00, 0x00, 0x00, 0x00,
    0x00, 0x00, 0x00, 0x00, 0x00, 0x00, 0x00, 0x00, 0x00, 0x00, 0x00, 0x00, 0x00, 0x00, 0x00, 0x00,
    0x00, 0x00, 0x00, 0x00, 0x00, 0x00, 0x00, 0x00, 0x00, 0x00, 0x00, 0x00, 0x00, 0x00, 0x00, 0x00,
    0x00, 0x00, 0x00, 0x00, 0x00, 0x00, 0x00, 0x00, 0x00, 0x00, 0x00, 0x00, 0x00, 0x00, 0x00, 0x00,
    0x00, 0x00, 0x00, 0x00, 0x00, 0x00, 0x00, 0x00, 0x00, 0x00, 0x00, 0x00, 0x00, 0x00, 0x00, 0x00,
    0x00, 0x00, 0x00, 0x00, 0x00, 0x00, 0x00, 0x00, 0x00, 0x00, 0x00, 0x00, 0x00, 0x00, 0x00, 0x00,
    0x00, 0x00, 0x00, 0x00, 0x00, 0x00, 0x00, 0x00, 0x00, 0x00, 0x00, 0x00, 0x00, 0x00, 0x00, 0x00,
    0x00, 0x00, 0x00, 0x00, 0x00, 0x00, 0x00, 0x00, 0x00, 0x00, 0x00, 0x00, 0x00, 0x00, 0x00, 0x00,
    0x00, 0x00, 0x00, 0x00, 0x00, 0x00, 0x00, 0x00, 0x00, 0x00, 0x00, 0x00, 0x00, 0x00, 0x00, 0x00,
    0x00, 0x00, 0x00, 0x00, 0x00, 0x00, 0x00, 0x00, 0x00, 0x00, 0x00, 0x00, 0x00, 0x00, 0x00, 0x00,
    0x00, 0x00, 0x00, 0x00, 0x00, 0x00, 0x00, 0x00, 0x00, 0x00, 0x00, 0x00, 0x00, 0x00, 0x00, 0x00,
    0x00, 0x00, 0x00, 0x00, 0x00, 0x00, 0x00, 0x00, 0x00, 0x00, 0x00, 0x00, 0x00, 0x00, 0x00, 0x00,
    0x00, 0x00, 0x00, 0x00, 0x00, 0x00, 0x00, 0x00, 0x00, 0x00, 0x00, 0x00, 0x00, 0x00, 0x00, 0x00,
    0x00, 0x00, 0x00, 0x00, 0x00, 0x00, 0x00, 0x00, 0x00, 0x00, 0x00, 0x00, 0x00, 0x00, 0x00, 0x00,
    0x00, 0x00, 0x00, 0x00, 0x00, 0x00, 0x00, 0x00, 0x00, 0x00, 0x00, 0x00, 0x00, 0x00, 0x00, 0x00,
    0x00, 0x00, 0x00, 0x00, 0x00, 0x00, 0x00, 0x00, 0x00, 0x00, 0x00, 0x00, 0x00, 0x00, 0x00, 0x00,
    0x00, 0x00, 0x00, 0x00, 0x00, 0x00, 0x00, 0x00, 0x00, 0x00, 0x00, 0x00, 0x00, 0x00, 0x00, 0x00,
    0x00, 0x00, 0x00, 0x00, 0x00, 0x00, 0x00, 0x00, 0x00, 0x00, 0x00, 0x00, 0x00, 0x00, 0x00, 0x00,
    0x00, 0x00, 0x00, 0x00, 0x00, 0x00, 0x00, 0x00, 0x00, 0x00, 0x00, 0x00, 0x00, 0x00, 0x00, 0x00,
    0x00, 0x00, 0x00, 0x00, 0x00, 0x00, 0x00, 0x00, 0x00, 0x00, 0x00, 0x00, 0x00, 0x00, 0x00, 0x00,
    0x00, 0x00, 0x00, 0x00, 0x00, 0x00, 0x00, 0x00, 0x00, 0x00, 0x00, 0x00, 0x00, 0x00, 0x00, 0x00,
    0x00, 0x00, 0x00, 0x00, 0x00, 0x00, 0x00, 0x00, 0x00, 0x00, 0x00, 0x00, 0x00, 0x00, 0x00, 0x00,
    0x00, 0x00, 0x00, 0x00, 0x00, 0x00, 0x00, 0x00, 0x00, 0x00, 0x00, 0x00, 0x00, 0x00, 0x00, 0x00,
    0x00, 0x00, 0x00, 0x00, 0x00, 0x00, 0x00, 0x00, 0x00, 0x00, 0x00, 0x00, 0x00, 0x00, 0x00, 0x00,
    0x00, 0x00, 0x00, 0x00, 0x00, 0x00, 0x00, 0x00, 0x00, 0x00, 0x00, 0x00, 0x00, 0x00, 0x00, 0x00,
    0x00, 0x00, 0x00, 0x00, 0x00, 0x00, 0x00, 0x00, 0x00, 0x00, 0x00, 0x00, 0x00, 0x00, 0x00, 0x00,
    0x00, 0x00, 0x00, 0x00, 0x00, 0x00, 0x00, 0x00, 0x00, 0x00, 0x00, 0x00, 0x00, 0x00, 0x00, 0x00,
    0x00, 0x00, 0x00, 0x00, 0x00, 0x00, 0x00, 0x00, 0x00, 0x00, 0x00, 0x00, 0x00, 0x00, 0x00, 0x00,
    0x00, 0x00, 0x00, 0x00, 0x00, 0x00, 0x00, 0x00, 0x00, 0x00, 0x00, 0x00, 0x00, 0x00, 0x00, 0x00,
    0x00, 0x00, 0x00, 0x00, 0x00, 0x00, 0x00, 0x00, 0x00, 0x00, 0x00, 0x00, 0x00, 0x00, 0x00, 0x00,
    0x00, 0x00, 0x00, 0x00, 0x00, 0x00, 0x00, 0x00, 0x00, 0x00, 0x00, 0x00, 0x00, 0x00, 0x00, 0x00,
    0x00, 0x00, 0x00, 0x00, 0x00, 0x00, 0x00, 0x00, 0x00, 0x00, 0x00, 0x00, 0x00, 0x00, 0x00, 0x00,
    0x00, 0x00, 0x00, 0x00, 0x00, 0x00, 0x00, 0x00, 0x00, 0x00, 0x00, 0x00, 0x00, 0x00, 0x00, 0x00,
    0x00, 0x00, 0x00, 0x00, 0x00, 0x00, 0x00, 0x00, 0x00, 0x00, 0x00, 0x00, 0x00, 0x00, 0x00, 0x00,
    0x00, 0x00, 0x00, 0x00, 0x00, 0x00, 0x00, 0x00, 0x00, 0x00, 0x00, 0x00, 0x00, 0x00, 0x00, 0x00,
    0x00, 0x00, 0x00, 0x00, 0x00, 0x00, 0x00, 0x00, 0x00, 0x00, 0x00, 0x00, 0x00, 0x00, 0x00, 0x00,
    0x00, 0x00, 0x00, 0x00, 0x00, 0x00, 0x00, 0x00, 0x00, 0x00, 0x00, 0x00, 0x00, 0x00, 0x00, 0x00,
    0x00, 0x00, 0x00, 0x00, 0x00, 0x00, 0x00, 0x00, 0x00, 0x00, 0x00, 0x00, 0x00, 0x00, 0x00, 0x00,
    0x00, 0x00, 0x00, 0x00, 0x00, 0x00, 0x00, 0x00, 0x00, 0x00, 0x00, 0x00, 0x00, 0x00, 0x00, 0x00,
    0x00, 0x00, 0x00, 0x00, 0x00, 0x00, 0x00, 0x00, 0x00, 0x00, 0x00, 0x00, 0x00, 0x00, 0x00, 0x00,
    0x00, 0x00, 0x00, 0x00, 0x00, 0x00, 0x00, 0x00, 0x00, 0x00, 0x00, 0x00, 0x00, 0x00, 0x00, 0x00,
    0x00, 0x00, 0x00, 0x00, 0x00, 0x00, 0x00, 0x00, 0x00, 0x00, 0x00, 0x00, 0x00, 0x00, 0x00, 0x00,
    0x00, 0x00, 0x00, 0x00, 0x00, 0x00, 0x00, 0x00, 0x00, 0x00, 0x00, 0x00, 0x00, 0x00, 0x00, 0x00,
    0x00, 0x00, 0x00, 0x00, 0x00, 0x00, 0x00, 0x00, 0x00, 0x00, 0x00, 0x00, 0x00, 0x00, 0x00, 0x00,
    0x00, 0x00, 0x00, 0x00, 0x00, 0x00, 0x00, 0x00, 0x00, 0x00, 0x00, 0x00, 0x00, 0x00, 0x00, 0x00,
    0x00, 0x00, 0x00, 0x00, 0x00, 0x00, 0x00, 0x00, 0x00, 0x00, 0x00, 0x00, 0x00, 0x00, 0x00, 0x00,
    0x00, 0x00, 0x00, 0x00, 0x00, 0x00, 0x00, 0x00, 0x00, 0x00, 0x00, 0x00, 0x00, 0x00, 0x00, 0x00,
    0x00, 0x00, 0x00, 0x00, 0x00, 0x00, 0x00, 0x00, 0x00, 0x00, 0x00, 0x00, 0x00, 0x00, 0x00, 0x00,
    0x00, 0x00, 0x00, 0x00, 0x00, 0x00, 0x00, 0x00, 0x00, 0x00, 0x00, 0x00, 0x00, 0x00, 0x00, 0x00,
    0x00, 0x00, 0x00, 0x00, 0x00, 0x00, 0x00, 0x00, 0x00, 0x00, 0x00, 0x00, 0x00, 0x00, 0x00, 0x00,
    0x00, 0x00, 0x00, 0x00, 0x00, 0x00, 0x00, 0x00, 0x00, 0x00, 0x00, 0x00, 0x00, 0x00, 0x00, 0x00,
    0x00, 0x00, 0x00, 0x00, 0x00, 0x00, 0x00, 0x00, 0x00, 0x00, 0x00, 0x00, 0x00, 0x00, 0x00, 0x00,
    0x00, 0x00, 0x00, 0x00, 0x00, 0x00, 0x00, 0x00, 0x00, 0x00, 0x00, 0x00, 0x00, 0x00, 0x00, 0x00,
    0x00, 0x00, 0x00, 0x00, 0x00, 0x00, 0x00, 0x00, 0x00, 0x00, 0x00, 0x00, 0x00, 0x00, 0x00, 0x00,
    0x00, 0x00, 0x00, 0x00, 0x00, 0x00, 0x00, 0x00, 0x00, 0x00, 0x00, 0x00, 0x00, 0x00, 0x00, 0x00,
    0x00, 0x00, 0x00, 0x00, 0x00, 0x00, 0x00, 0x00, 0x00, 0x00, 0x00, 0x00, 0x00, 0x00, 0x00, 0x00,
    0x00, 0x00, 0x00, 0x00, 0x00, 0x00, 0x00, 0x00, 0x00, 0x00, 0x00, 0x00, 0x00, 0x00, 0x00, 0x00,
    0x00, 0x00, 0x00, 0x00, 0x00, 0x00, 0x00, 0x00, 0x00, 0x00, 0x00, 0x00, 0x00, 0x00, 0x00, 0x00,
    0x00, 0x00, 0x00, 0x00, 0x00, 0x00, 0x00, 0x00, 0x00, 0x00, 0x00, 0x00, 0x00, 0x00, 0x00, 0x00,
    0x00, 0x00, 0x00, 0x00, 0x00, 0x00, 0x00, 0x00, 0x00, 0x00, 0x00, 0x00, 0x00, 0x00, 0x00, 0x00,
    0x00, 0x00, 0x00, 0x00, 0x00, 0x00, 0x00, 0x00, 0x00, 0x00, 0x00, 0x00, 0x00, 0x00, 0x00, 0x00,
    0x00, 0x00, 0x00, 0x00, 0x00, 0x00, 0x00, 0x00, 0x00, 0x00, 0x00, 0x00, 0x00, 0x00, 0x00, 0x00,
    0x00, 0x00, 0x00, 0x00, 0x00, 0x00, 0x00, 0x00, 0x00, 0x00, 0x00, 0x00, 0x00, 0x00, 0x00, 0x00,
    0x00, 0x00, 0x00, 0x00, 0x00, 0x00, 0x00, 0x00, 0x00, 0x00, 0x00, 0x00, 0x00, 0x00, 0x00, 0x00,
    0x00, 0x00, 0x00, 0x00, 0x00, 0x00, 0x00, 0x00, 0x00, 0x00, 0x00, 0x00, 0x00, 0x00, 0x00, 0x00,
    0x00, 0x00, 0x00, 0x00, 0x00, 0x00, 0x00, 0x00, 0x00, 0x00, 0x00, 0x00, 0x00, 0x00, 0x00, 0x00,
    0x00, 0x00, 0x00, 0x00, 0x00, 0x00, 0x00, 0x00, 0x00, 0x00, 0x00, 0x00, 0x00, 0x00, 0x00, 0x00,
    0x00, 0x00, 0x00, 0x00, 0x00, 0x00, 0x00, 0x00, 0x00, 0x00, 0x00, 0x00, 0x00, 0x00, 0x00, 0x00,
    0x00, 0x00, 0x00, 0x00, 0x00, 0x00, 0x00, 0x00, 0x00, 0x00, 0x00, 0x00, 0x00, 0x00, 0x00, 0x00,
    0x00, 0x00, 0x00, 0x00, 0x00, 0x00, 0x00, 0x00, 0x00, 0x00, 0x00, 0x00, 0x00, 0x00, 0x00, 0x00,
    0x00, 0x00, 0x00, 0x00, 0x00, 0x00, 0x00, 0x00, 0x00, 0x00, 0x00, 0x00, 0x00, 0x00, 0x00, 0x00,
    0x00, 0x00, 0x00, 0x00, 0x00, 0x00, 0x00, 0x00, 0x00, 0x00, 0x00, 0x00, 0x00, 0x00, 0x00, 0x00,
    0x00, 0x00, 0x00, 0x00, 0x00, 0x00, 0x00, 0x00, 0x00, 0x00, 0x00, 0x00, 0x00, 0x00, 0x00, 0x00,
    0x00, 0x00, 0x00, 0x00, 0x00, 0x00, 0x00, 0x00, 0x00, 0x00, 0x00, 0x00, 0x00, 0x00, 0x00, 0x00,
    0x00, 0x00, 0x00, 0x00, 0x00, 0x00, 0x00, 0x00, 0x00, 0x00, 0x00, 0x00, 0x00, 0x00, 0x00, 0x00,
    0x00, 0x00, 0x00, 0x00, 0x00, 0x00, 0x00, 0x00, 0x00, 0x00, 0x00, 0x00, 0x00, 0x00, 0x00, 0x00,
    0x00, 0x00, 0x00, 0x00, 0x00, 0x00, 0x00, 0x00, 0x00, 0x00, 0x00, 0x00, 0x00, 0x00, 0x00, 0x00,
    0x00, 0x00, 0x00, 0x00, 0x00, 0x00, 0x00, 0x00, 0x00, 0x00, 0x00, 0x00, 0x00, 0x00, 0x00, 0x00,
    0x00, 0x00, 0x00, 0x00, 0x00, 0x00, 0x00, 0x00, 0x00, 0x00, 0x00, 0x00, 0x00, 0x00, 0x00, 0x00,
    0x00, 0x00, 0x00, 0x00, 0x00, 0x00, 0x00, 0x00, 0x00, 0x00, 0x00, 0x00, 0x00, 0x00, 0x00, 0x00,
    0x00, 0x00, 0x00, 0x00, 0x00, 0x00, 0x00, 0x00, 0x00, 0x00, 0x00, 0x00, 0x00, 0x00, 0x00, 0x00,
    0x00, 0x00, 0x00, 0x00, 0x00, 0x00, 0x00, 0x00, 0x00, 0x00, 0x00, 0x00, 0x00, 0x00, 0x00, 0x00,
    0x00, 0x00, 0x00, 0x00, 0x00, 0x00, 0x00, 0x00, 0x00, 0x00, 0x00, 0x00, 0x00, 0x00, 0x00, 0x00,
    0x00, 0x00, 0x00, 0x00, 0x00, 0x00, 0x00, 0x00, 0x00, 0x00, 0x00, 0x00, 0x00, 0x00, 0x00, 0x00,
    0x00, 0x00, 0x00, 0x00, 0x00, 0x00, 0x00, 0x00, 0x00, 0x00, 0x00, 0x00, 0x00, 0x00, 0x00, 0x00,
    0x00, 0x00, 0x00, 0x00, 0x00, 0x00, 0x00, 0x00, 0x00, 0x00, 0x00, 0x00, 0x00, 0x00, 0x00, 0x00,
    0x00, 0x00, 0x00, 0x00, 0x00, 0x00, 0x00, 0x00, 0x00, 0x00, 0x00, 0x00, 0x00, 0x00, 0x00, 0x00,
    0x00, 0x00, 0x00, 0x00, 0x00, 0x00, 0x00, 0x00, 0x00, 0x00, 0x00, 0x00, 0x00, 0x00, 0x00, 0x00,
    0x00, 0x00, 0x00, 0x00, 0x00, 0x00, 0x00, 0x00, 0x00, 0x00, 0x00, 0x00, 0x00, 0x00, 0x00, 0x00,
    0x00, 0x00, 0x00, 0x00, 0x00, 0x00, 0x00, 0x00, 0x00, 0x00, 0x00, 0x00, 0x00, 0x00, 0x00, 0x00,
    0x00, 0x00, 0x00, 0x00, 0x00, 0x00, 0x00, 0x00, 0x00, 0x00, 0x00, 0x00, 0x00, 0x00, 0x00, 0x00,
    0x00, 0x00, 0x00, 0x00, 0x00, 0x00, 0x00, 0x00, 0x00, 0x00, 0x00, 0x00, 0x00, 0x00, 0x00, 0x00,
    0x00, 0x00, 0x00, 0x00, 0x00, 0x00, 0x00, 0x00, 0x00, 0x00, 0x00, 0x00, 0x00, 0x00, 0x00, 0x00,
    0x00, 0x00, 0x00, 0x00, 0x00, 0x00, 0x00, 0x00, 0x00, 0x00, 0x00, 0x00, 0x00, 0x00, 0x00, 0x00,
    0x00, 0x00, 0x00, 0x00, 0x00, 0x00, 0x00, 0x00, 0x00, 0x00, 0x00, 0x00, 0x00, 0x00, 0x00, 0x00,
    0x00, 0x00, 0x00, 0x00, 0x00, 0x00, 0x00, 0x00, 0x00, 0x00, 0x00, 0x00, 0x00, 0x00, 0x00, 0x00,
    0x00, 0x00, 0x00, 0x00, 0x00, 0x00, 0x00, 0x00, 0x00, 0x00, 0x00, 0x00, 0x00, 0x00, 0x00, 0x00,
    0x00, 0x00, 0x00, 0x00, 0x00, 0x00, 0x00, 0x00, 0x00, 0x00, 0x00, 0x00, 0x00, 0x00, 0x00, 0x00,
    0x00, 0x00, 0x00, 0x00, 0x00, 0x00, 0x00, 0x00, 0x00, 0x00, 0x00, 0x00, 0x00, 0x00, 0x00, 0x00,
    0x00, 0x00, 0x00, 0x00, 0x00, 0x00, 0x00, 0x00, 0x00, 0x00, 0x00, 0x00, 0x00, 0x00, 0x00, 0x00,
    0x00, 0x00, 0x00, 0x00, 0x00, 0x00, 0x00, 0x00, 0x00, 0x00, 0x00, 0x00, 0x00, 0x00, 0x00, 0x00,
    0x00, 0x00, 0x00, 0x00, 0x00, 0x00, 0x00, 0x00, 0x00, 0x00, 0x00, 0x00, 0x00, 0x00, 0x00, 0x00,
    0x00, 0x00, 0x00, 0x00, 0x00, 0x00, 0x00, 0x00, 0x00, 0x00, 0x00, 0x00, 0x00, 0x00, 0x00, 0x00,
    0x00, 0x00, 0x00, 0x00, 0x00, 0x00, 0x00, 0x00, 0x00, 0x00, 0x00, 0x00, 0x00, 0x00, 0x00, 0x00,
    0x00, 0x00, 0x00, 0x00, 0x00, 0x00, 0x00, 0x00, 0x00, 0x00, 0x00, 0x00, 0x00, 0x00, 0x00, 0x00,
    0x00, 0x00, 0x00, 0x00, 0x00, 0x00, 0x00, 0x00, 0x00, 0x00, 0x00, 0x00, 0x00, 0x00, 0x00, 0x00,
    0x00, 0x00, 0x00, 0x00, 0x00, 0x00, 0x00, 0x00, 0x00, 0x00, 0x00, 0x00, 0x00, 0x00, 0x00, 0x00,
    0x00, 0x00, 0x00, 0x00, 0x00, 0x00, 0x00, 0x00, 0x00, 0x00, 0x00, 0x00, 0x00, 0x00, 0x00, 0x00,
    0x00, 0x00, 0x00, 0x00, 0x00, 0x00, 0x00, 0x00, 0x00, 0x00, 0x00, 0x00, 0x00, 0x00, 0x00, 0x00,
    0x00, 0x00, 0x00, 0x00, 0x00, 0x00, 0x00, 0x00, 0x00, 0x00, 0x00, 0x00, 0x00, 0x00, 0x00, 0x00,
    0x00, 0x00, 0x00, 0x00, 0x00, 0x00, 0x00, 0x00, 0x00, 0x00, 0x00, 0x00, 0x00, 0x00, 0x00, 0x00,
    0x00, 0x00, 0x00, 0x00, 0x00, 0x00, 0x00, 0x00, 0x00, 0x00, 0x00, 0x00, 0x00, 0x00, 0x00, 0x00,
    0x00, 0x00, 0x00, 0x00, 0x00, 0x00, 0x00, 0x00, 0x00, 0x00, 0x00, 0x00, 0x00, 0x00, 0x00, 0x00,
    0x00, 0x00, 0x00, 0x00, 0x00, 0x00, 0x00, 0x00, 0x00, 0x00, 0x00, 0x00, 0x00, 0x00, 0x00, 0x00,
    0x00, 0x00, 0x00, 0x00, 0x00, 0x00, 0x00, 0x00, 0x00, 0x00, 0x00, 0x00, 0x00, 0x00, 0x00, 0x00,
    0x00, 0x00, 0x00, 0x00, 0x00, 0x00, 0x00, 0x00, 0x00, 0x00, 0x00, 0x00, 0x00, 0x00, 0x00, 0x00,
    0x00, 0x00, 0x00, 0x00, 0x00, 0x00, 0x00, 0x00, 0x00, 0x00, 0x00, 0x00, 0x00, 0x00, 0x00, 0x00,
    0x00, 0x00, 0x00, 0x00, 0x00, 0x00, 0x00, 0x00, 0x00, 0x00, 0x00, 0x00, 0x00, 0x00, 0x00, 0x00,
    0x00, 0x00, 0x00, 0x00, 0x00, 0x00, 0x00, 0x00, 0x00, 0x00, 0x00, 0x00, 0x00, 0x00, 0x00, 0x00,
    0x00, 0x00, 0x00, 0x00, 0x00, 0x00, 0x00, 0x00, 0x00, 0x00, 0x00, 0x00, 0x00, 0x00, 0x00, 0x00,
    0x00, 0x00, 0x00, 0x00, 0x00, 0x00, 0x00, 0x00, 0x00, 0x00, 0x00, 0x00, 0x00, 0x00, 0x00, 0x00,
    0x00, 0x00, 0x00, 0x00, 0x00, 0x00, 0x00, 0x00, 0x00, 0x00, 0x00, 0x00, 0x00, 0x00, 0x00, 0x00,
    0x00, 0x00, 0x00, 0x00, 0x00, 0x00, 0x00, 0x00, 0x00, 0x00, 0x00, 0x00, 0x00, 0x00, 0x00, 0x00,
    0x00, 0x00, 0x00, 0x00, 0x00, 0x00, 0x00, 0x00, 0x00, 0x00, 0x00, 0x00, 0x00, 0x00, 0x00, 0x00,
    0x00, 0x00, 0x00, 0x00, 0x00, 0x00, 0x00, 0x00, 0x00, 0x00, 0x00, 0x00, 0x00, 0x00, 0x00, 0x00,
    0x00, 0x00, 0x00, 0x00, 0x00, 0x00, 0x00, 0x00, 0x00, 0x00, 0x00, 0x00, 0x00, 0x00, 0x00, 0x00,
    0x00, 0x00, 0x00, 0x00, 0x00, 0x00, 0x00, 0x00, 0x00, 0x00, 0x00, 0x00, 0x00, 0x00, 0x00, 0x00,
    0x00, 0x00, 0x00, 0x00, 0x00, 0x00, 0x00, 0x00, 0x00, 0x00, 0x00, 0x00, 0x00, 0x00, 0x00, 0x00,
    0x00, 0x00, 0x00, 0x00, 0x00, 0x00, 0x00, 0x00, 0x00, 0x00, 0x00, 0x00, 0x00, 0x00, 0x00, 0x00,
    0x00, 0x00, 0x00, 0x00, 0x00, 0x00, 0x00, 0x00, 0x00, 0x00, 0x00, 0x00, 0x00, 0x00, 0x00, 0x00,
    0x00, 0x00, 0x00, 0x00, 0x00, 0x00, 0x00, 0x00, 0x00, 0x00, 0x00, 0x00, 0x00, 0x00, 0x00, 0x00,
    0x00, 0x00, 0x00, 0x00, 0x00, 0x00, 0x00, 0x00, 0x00, 0x00, 0x00, 0x00, 0x00, 0x00, 0x00, 0x00,
    0x00, 0x00, 0x00, 0x00, 0x00, 0x00, 0x00, 0x00, 0x00, 0x00, 0x00, 0x00, 0x00, 0x00, 0x00, 0x00,
    0x00, 0x00, 0x00, 0x00, 0x00, 0x00, 0x00, 0x00, 0x00, 0x00, 0x00, 0x00, 0x00, 0x00, 0x00, 0x00,
    0x00, 0x00, 0x00, 0x00, 0x00, 0x00, 0x00, 0x00, 0x00, 0x00, 0x00, 0x00, 0x00, 0x00, 0x00, 0x00,
    0x00, 0x00, 0x00, 0x00, 0x00, 0x00, 0x00, 0x00, 0x00, 0x00, 0x00, 0x00, 0x00, 0x00, 0x00, 0x00,
    0x00, 0x00, 0x00, 0x00, 0x00, 0x00, 0x00, 0x00, 0x00, 0x00, 0x00, 0x00, 0x00, 0x00, 0x00, 0x00,
    0x00, 0x00, 0x00, 0x00, 0x00, 0x00, 0x00, 0x00, 0x00, 0x00, 0x00, 0x00, 0x00, 0x00, 0x00, 0x00,
    0x00, 0x00, 0x00, 0x00, 0x00, 0x00, 0x00, 0x00, 0x00, 0x00, 0x00, 0x00, 0x00, 0x00, 0x00, 0x00,
    0x00, 0x00, 0x00, 0x00, 0x00, 0x00, 0x00, 0x00, 0x00, 0x00, 0x00, 0x00, 0x00, 0x00, 0x00, 0x00,
    0x00, 0x00, 0x00, 0x00, 0x00, 0x00, 0x00, 0x00, 0x00, 0x00, 0x00, 0x00, 0x00, 0x00, 0x00, 0x00,
    0x00, 0x00, 0x00, 0x00, 0x00, 0x00, 0x00, 0x00, 0x00, 0x00, 0x00, 0x00, 0x00, 0x00, 0x00, 0x00,
    0x00, 0x00, 0x00, 0x00, 0x00, 0x00, 0x00, 0x00, 0x00, 0x00, 0x00, 0x00, 0x00, 0x00, 0x00, 0x00,
    0x00, 0x00, 0x00, 0x00, 0x00, 0x00, 0x00, 0x00, 0x00, 0x00, 0x00, 0x00, 0x00, 0x00, 0x00, 0x00,
    0x00, 0x00, 0x00, 0x00, 0x00, 0x00, 0x00, 0x00, 0x00, 0x00, 0x00, 0x00, 0x00, 0x00, 0x00, 0x00,
    0x00, 0x00, 0x00, 0x00, 0x00, 0x00, 0x00, 0x00, 0x00, 0x00, 0x00, 0x00, 0x00, 0x00, 0x00, 0x00,
    0x00, 0x00, 0x00, 0x00, 0x00, 0x00, 0x00, 0x00, 0x00, 0x00, 0x00, 0x00, 0x00, 0x00, 0x00, 0x00,
    0x00, 0x00, 0x00, 0x00, 0x00, 0x00, 0x00, 0x00, 0x00, 0x00, 0x00, 0x00, 0x00, 0x00, 0x00, 0x00,
    0x00, 0x00, 0x00, 0x00, 0x00, 0x00, 0x00, 0x00, 0x00, 0x00, 0x00, 0x00, 0x00, 0x00, 0x00, 0x00,
    0x00, 0x00, 0x00, 0x00, 0x00, 0x00, 0x00, 0x00, 0x00, 0x00, 0x00, 0x00, 0x00, 0x00, 0x00, 0x00,
    0x00, 0x00, 0x00, 0x00, 0x00, 0x00, 0x00, 0x00, 0x00, 0x00, 0x00, 0x00, 0x00, 0x00, 0x00, 0x00,
    0x00, 0x00, 0x00, 0x00, 0x00, 0x00, 0x00, 0x00, 0x00, 0x00, 0x00, 0x00, 0x00, 0x00, 0x00, 0x00,
    0x00, 0x00, 0x00, 0x00, 0x00, 0x00, 0x00, 0x00, 0x00, 0x00, 0x00, 0x00, 0x00, 0x00, 0x00, 0x00,
    0x00, 0x00, 0x00, 0x00, 0x00, 0x00, 0x00, 0x00, 0x00, 0x00, 0x00, 0x00, 0x00, 0x00, 0x00, 0x00,
    0x00, 0x00, 0x00, 0x00, 0x00, 0x00, 0x00, 0x00, 0x00, 0x00, 0x00, 0x00, 0x00, 0x00, 0x00, 0x00,
    0x00, 0x00, 0x00, 0x00, 0x00, 0x00, 0x00, 0x00, 0x00, 0x00, 0x00, 0x00, 0x00, 0x00, 0x00, 0x00,
    0x00, 0x00, 0x00, 0x00, 0x00, 0x00, 0x00, 0x00, 0x00, 0x00, 0x00, 0x00, 0x00, 0x00, 0x00, 0x00,
    0x00, 0x00, 0x00, 0x00, 0x00, 0x00, 0x00, 0x00, 0x00, 0x00, 0x00, 0x00, 0x00, 0x00, 0x00, 0x00,
    0x00, 0x00, 0x00, 0x00, 0x00, 0x00, 0x00, 0x00, 0x00, 0x00, 0x00, 0x00, 0x00, 0x00, 0x00, 0x00,
    0x00, 0x00, 0x00, 0x00, 0x00, 0x00, 0x00, 0x00, 0x00, 0x00, 0x00, 0x00, 0x00, 0x00, 0x00, 0x00,
    0x00, 0x00, 0x00, 0x00, 0x00, 0x00, 0x00, 0x00, 0x00, 0x00, 0x00, 0x00, 0x00, 0x00, 0x00, 0x00,
    0x00, 0x00, 0x00, 0x00, 0x00, 0x00, 0x00, 0x00, 0x00, 0x00, 0x00, 0x00, 0x00, 0x00, 0x00, 0x00,
    0x00, 0x00, 0x00, 0x00, 0x00, 0x00, 0x00, 0x00, 0x00, 0x00, 0x00, 0x00, 0x00, 0x00, 0x00, 0x00,
    0x00, 0x00, 0x00, 0x00, 0x00, 0x00, 0x00, 0x00, 0x00, 0x00, 0x00, 0x00, 0x00, 0x00, 0x00, 0x00,
    0x00, 0x00, 0x00, 0x00, 0x00, 0x00, 0x00, 0x00, 0x00, 0x00, 0x00, 0x00, 0x00, 0x00, 0x00, 0x00,
    0x00, 0x00, 0x00, 0x00, 0x00, 0x00, 0x00, 0x00, 0x00, 0x00, 0x00, 0x00, 0x00, 0x00, 0x00, 0x00,
    0x00, 0x00, 0x00, 0x00, 0x00, 0x00, 0x00, 0x00, 0x00, 0x00, 0x00, 0x00, 0x00, 0x00, 0x00, 0x00,
    0x00, 0x00, 0x00, 0x00, 0x00, 0x00, 0x00, 0x00, 0x00, 0x00, 0x00, 0x00, 0x00, 0x00, 0x00, 0x00,
    0x00, 0x00, 0x00, 0x00, 0x00, 0x00, 0x00, 0x00, 0x00, 0x00, 0x00, 0x00, 0x00, 0x00, 0x00, 0x00,
    0x00, 0x00, 0x00, 0x00, 0x00, 0x00, 0x00, 0x00, 0x00, 0x00, 0x00, 0x00, 0x00, 0x00, 0x00, 0x00,
    0x00, 0x00, 0x00, 0x00, 0x00, 0x00, 0x00, 0x00, 0x00, 0x00, 0x00, 0x00, 0x00, 0x00, 0x00, 0x00,
    0x00, 0x00, 0x00, 0x00, 0x00, 0x00, 0x00, 0x00, 0x00, 0x00, 0x00, 0x00, 0x00, 0x00, 0x00, 0x00,
    0x00, 0x00, 0x00, 0x00, 0x00, 0x00, 0x00, 0x00, 0x00, 0x00, 0x00, 0x00, 0x00, 0x00, 0x00, 0x00,
    0x00, 0x00, 0x00, 0x00, 0x00, 0x00, 0x00, 0x00, 0x00, 0x00, 0x00, 0x00, 0x00, 0x00, 0x00, 0x00,
    0x00, 0x00, 0x00, 0x00, 0x00, 0x00, 0x00, 0x00, 0x00, 0x00, 0x00, 0x00, 0x00, 0x00, 0x00, 0x00,
    0x00, 0x00, 0x00, 0x00, 0x00, 0x00, 0x00, 0x00, 0x00, 0x00, 0x00, 0x00, 0x00, 0x00, 0x00, 0x00,
    0x00, 0x00, 0x00, 0x00, 0x00, 0x00, 0x00, 0x00, 0x00, 0x00, 0x00, 0x00, 0x00, 0x00, 0x00, 0x00,
    0x00, 0x00, 0x00, 0x00, 0x00, 0x00, 0x00, 0x00, 0x00, 0x00, 0x00, 0x00, 0x00, 0x00, 0x00, 0x00,
    0x00, 0x00, 0x00, 0x00, 0x00, 0x00, 0x00, 0x00, 0x00, 0x00, 0x00, 0x00, 0x00, 0x00, 0x00, 0x00,
    0x00, 0x00, 0x00, 0x00, 0x00, 0x00, 0x00, 0x00, 0x00, 0x00, 0x00, 0x00, 0x00, 0x00, 0x00, 0x00,
    0x00, 0x00, 0x00, 0x00, 0x00, 0x00, 0x00, 0x00, 0x00, 0x00, 0x00, 0x00, 0x00, 0x00, 0x00, 0x00,
    0x00, 0x00, 0x00, 0x00, 0x00, 0x00, 0x00, 0x00, 0x00, 0x00, 0x00, 0x00, 0x00, 0x00, 0x00, 0x00,
    0x00, 0x00, 0x00, 0x00, 0x00, 0x00, 0x00, 0x00, 0x00, 0x00, 0x00, 0x00, 0x00, 0x00, 0x00, 0x00,
    0x00, 0x00, 0x00, 0x00, 0x00, 0x00, 0x00, 0x00, 0x00, 0x00, 0x00, 0x00, 0x00, 0x00, 0x00, 0x00,
    0x00, 0x00, 0x00, 0x00, 0x00, 0x00, 0x00, 0x00, 0x00, 0x00, 0x00, 0x00, 0x00, 0x00, 0x00, 0x00,
    0x00, 0x00, 0x00, 0x00, 0x00, 0x00, 0x00, 0x00, 0x00, 0x00, 0x00, 0x00, 0x00, 0x00, 0x00, 0x00,
    0x00, 0x00, 0x00, 0x00, 0x00, 0x00, 0x00, 0x00, 0x00, 0x00, 0x00, 0x00, 0x00, 0x00, 0x00, 0x00,
    0x00, 0x00, 0x00, 0x00, 0x00, 0x00, 0x00, 0x00, 0x00, 0x00, 0x00, 0x00, 0x00, 0x00, 0x00, 0x00,
    0x00, 0x00, 0x00, 0x00, 0x00, 0x00, 0x00, 0x00, 0x00, 0x00, 0x00, 0x00, 0x00, 0x00, 0x00, 0x00,
    0x00, 0x00, 0x00, 0x00, 0x00, 0x00, 0x00, 0x00, 0x00, 0x00, 0x00, 0x00, 0x00, 0x00, 0x00, 0x00,
    0x00, 0x00, 0x00, 0x00, 0x00, 0x00, 0x00, 0x00, 0x00, 0x00, 0x00, 0x00, 0x00, 0x00, 0x00, 0x00,
    0x00, 0x00, 0x00, 0x00, 0x00, 0x00, 0x00, 0x00, 0x00, 0x00, 0x00, 0x00, 0x00, 0x00, 0x00, 0x00,
    0x00, 0x00, 0x00, 0x00, 0x00, 0x00, 0x00, 0x00, 0x00, 0x00, 0x00, 0x00, 0x00, 0x00, 0x00, 0x00,
    0x00, 0x00, 0x00, 0x00, 0x00, 0x00, 0x00, 0x00, 0x00, 0x00, 0x00, 0x00, 0x00, 0x00, 0x00, 0x00,
    0x00, 0x00, 0x00, 0x00, 0x00, 0x00, 0x00, 0x00, 0x00, 0x00, 0x00, 0x00, 0x00, 0x00, 0x00, 0x00,
    0x00, 0x00, 0x00, 0x00, 0x00, 0x00, 0x00, 0x00, 0x00, 0x00, 0x00, 0x00, 0x00, 0x00, 0x00, 0x00,
    0x00, 0x00, 0x00, 0x00, 0x00, 0x00, 0x00, 0x00, 0x00, 0x00, 0x00, 0x00, 0x00, 0x00, 0x00, 0x00,
    0x00, 0x00, 0x00, 0x00, 0x00, 0x00, 0x00, 0x00, 0x00, 0x00, 0x00, 0x00, 0x00, 0x00, 0x00, 0x00,
    0x00, 0x00, 0x00, 0x00, 0x00, 0x00, 0x00, 0x00, 0x00, 0x00, 0x00, 0x00, 0x00, 0x00, 0x00, 0x00,
    0x00, 0x00, 0x00, 0x00, 0x00, 0x00, 0x00, 0x00, 0x00, 0x00, 0x00, 0x00, 0x00, 0x00, 0x00, 0x00,
    0x00, 0x00, 0x00, 0x00, 0x00, 0x00, 0x00, 0x00, 0x00, 0x00, 0x00, 0x00, 0x00, 0x00, 0x00, 0x00,
    0x00, 0x00, 0x00, 0x00, 0x00, 0x00, 0x00, 0x00, 0x00, 0x00, 0x00, 0x00, 0x00, 0x00, 0x00, 0x00,
    0x00, 0x00, 0x00, 0x00, 0x00, 0x00, 0x00, 0x00, 0x00, 0x00, 0x00, 0x00, 0x00, 0x00, 0x00, 0x00,
    0x00, 0x00, 0x00, 0x00, 0x00, 0x00, 0x00, 0x00, 0x00, 0x00, 0x00, 0x00, 0x00, 0x00, 0x00, 0x00,
    0x00, 0x00, 0x00, 0x00, 0x00, 0x00, 0x00, 0x00, 0x00, 0x00, 0x00, 0x00, 0x00, 0x00, 0x00, 0x00,
    0x00, 0x00, 0x00, 0x00, 0x00, 0x00, 0x00, 0x00, 0x00, 0x00, 0x00, 0x00, 0x00, 0x00, 0x00, 0x00,
    0x00, 0x00, 0x00, 0x00, 0x00, 0x00, 0x00, 0x00, 0x00, 0x00, 0x00, 0x00, 0x00, 0x00, 0x00, 0x00,
    0x00, 0x00, 0x00, 0x00, 0x00, 0x00, 0x00, 0x00, 0x00, 0x00, 0x00, 0x00, 0x00, 0x00, 0x00, 0x00,
    0x00, 0x00, 0x00, 0x00, 0x00, 0x00, 0x00, 0x00, 0x00, 0x00, 0x00, 0x00, 0x00, 0x00, 0x00, 0x00,
    0x00, 0x00, 0x00, 0x00, 0x00, 0x00, 0x00, 0x00, 0x00, 0x00, 0x00, 0x00, 0x00, 0x00, 0x00, 0x00,
    0x00, 0x00, 0x00, 0x00, 0x00, 0x00, 0x00, 0x00, 0x00, 0x00, 0x00, 0x00, 0x00, 0x00, 0x00, 0x00,
    0x00, 0x00, 0x00, 0x00, 0x00, 0x00, 0x00, 0x00, 0x00, 0x00, 0x00, 0x00, 0x00, 0x00, 0x00, 0x00,
    0x00, 0x00, 0x00, 0x00, 0x00, 0x00, 0x00, 0x00, 0x00, 0x00, 0x00, 0x00, 0x00, 0x00, 0x00, 0x00,
    0x00, 0x00, 0x00, 0x00, 0x00, 0x00, 0x00, 0x00, 0x00, 0x00, 0x00, 0x00, 0x00, 0x00, 0x00, 0x00,
    0x00, 0x00, 0x00, 0x00, 0x00, 0x00, 0x00, 0x00, 0x00, 0x00, 0x00, 0x00, 0x00, 0x00, 0x00, 0x00,
    0x00, 0x00, 0x00, 0x00, 0x00, 0x00, 0x00, 0x00, 0x00, 0x00, 0x00, 0x00, 0x00, 0x00, 0x00, 0x00,
    0x00, 0x00, 0x00, 0x00, 0x00, 0x00, 0x00, 0x00, 0x00, 0x00, 0x00, 0x00, 0x00, 0x00, 0x00, 0x00,
    0x00, 0x00, 0x00, 0x00, 0x00, 0x00, 0x00, 0x00, 0x00, 0x00, 0x00, 0x00, 0x00, 0x00, 0x00, 0x00,
    0x00, 0x00, 0x00, 0x00, 0x00, 0x00, 0x00, 0x00, 0x00, 0x00, 0x00, 0x00, 0x00, 0x00, 0x00, 0x00,
    0x00, 0x00, 0x00, 0x00, 0x00, 0x00, 0x00, 0x00, 0x00, 0x00, 0x00, 0x00, 0x00, 0x00, 0x00, 0x00,
    0x00, 0x00, 0x00, 0x00, 0x00, 0x00, 0x00, 0x00, 0x00, 0x00, 0x00, 0x00, 0x00, 0x00, 0x00, 0x00,
    0x00, 0x00, 0x00, 0x00, 0x00, 0x00, 0x00, 0x00, 0x00, 0x00, 0x00, 0x00, 0x00, 0x00, 0x00, 0x00,
    0x00, 0x00, 0x00, 0x00, 0x00, 0x00, 0x00, 0x00, 0x00, 0x00, 0x00, 0x00, 0x00, 0x00, 0x00, 0x00,
    0x00, 0x00, 0x00, 0x00, 0x00, 0x00, 0x00, 0x00, 0x00, 0x00, 0x00, 0x00, 0x00, 0x00, 0x00, 0x00,
    0x00, 0x00, 0x00, 0x00, 0x00, 0x00, 0x00, 0x00, 0x00, 0x00, 0x00, 0x00, 0x00, 0x00, 0x00, 0x00,
    0x00, 0x00, 0x00, 0x00, 0x00, 0x00, 0x00, 0x00, 0x00, 0x00, 0x00, 0x00, 0x00, 0x00, 0x00, 0x00,
    0x00, 0x00, 0x00, 0x00, 0x00, 0x00, 0x00, 0x00, 0x00, 0x00, 0x00, 0x00, 0x00, 0x00, 0x00, 0x00,
    0x00, 0x00, 0x00, 0x00, 0x00, 0x00, 0x00, 0x00, 0x00, 0x00, 0x00, 0x00, 0x00, 0x00, 0x00, 0x00,
    0x00, 0x00, 0x00, 0x00, 0x00, 0x00, 0x00, 0x00, 0x00, 0x00, 0x00, 0x00, 0x00, 0x00, 0x00, 0x00,
    0x00, 0x00, 0x00, 0x00, 0x00, 0x00, 0x00, 0x00, 0x00, 0x00, 0x00, 0x00, 0x00, 0x00, 0x00, 0x00,
    0x00, 0x00, 0x00, 0x00, 0x00, 0x00, 0x00, 0x00, 0x00, 0x00, 0x00, 0x00, 0x00, 0x00, 0x00, 0x00,
    0x00, 0x00, 0x00, 0x00, 0x00, 0x00, 0x00, 0x00, 0x00, 0x00, 0x00, 0x00, 0x00, 0x00, 0x00, 0x00,
    0x00, 0x00, 0x00, 0x00, 0x00, 0x00, 0x00, 0x00, 0x00, 0x00, 0x00, 0x00, 0x00, 0x00, 0x00, 0x00,
    0x00, 0x00, 0x00, 0x00, 0x00, 0x00, 0x00, 0x00, 0x00, 0x00, 0x00, 0x00, 0x00, 0x00, 0x00, 0x00,
    0x00, 0x00, 0x00, 0x00, 0x00, 0x00, 0x00, 0x00, 0x00, 0x00, 0x00, 0x00, 0x00, 0x00, 0x00, 0x00,
    0x00, 0x00, 0x00, 0x00, 0x00, 0x00, 0x00, 0x00, 0x00, 0x00, 0x00, 0x00, 0x00, 0x00, 0x00, 0x00,
    0x00, 0x00, 0x00, 0x00, 0x00, 0x00, 0x00, 0x00, 0x00, 0x00, 0x00, 0x00, 0x00, 0x00, 0x00, 0x00,
    0x00, 0x00, 0x00, 0x00, 0x00, 0x00, 0x00, 0x00, 0x00, 0x00, 0x00, 0x00, 0x00, 0x00, 0x00, 0x00,
    0x00, 0x00, 0x00, 0x00, 0x00, 0x00, 0x00, 0x00, 0x00, 0x00, 0x00, 0x00, 0x00, 0x00, 0x00, 0x00,
    0x00, 0x00, 0x00, 0x00, 0x00, 0x00, 0x00, 0x00, 0x00, 0x00, 0x00, 0x00, 0x00, 0x00, 0x00, 0x00,
    0x00, 0x00, 0x00, 0x00, 0x00, 0x00, 0x00, 0x00, 0x00, 0x00, 0x00, 0x00, 0x00, 0x00, 0x00, 0x00,
    0x00, 0x00, 0x00, 0x00, 0x00, 0x00, 0x00, 0x00, 0x00, 0x00, 0x00, 0x00, 0x00, 0x00, 0x00, 0x00,
    0x00, 0x00, 0x00, 0x00, 0x00, 0x00, 0x00, 0x00, 0x00, 0x00, 0x00, 0x00, 0x00, 0x00, 0x00, 0x00,
    0x00, 0x00, 0x00, 0x00, 0x00, 0x00, 0x00, 0x00, 0x00, 0x00, 0x00, 0x00, 0x00, 0x00, 0x00, 0x00,
    0x00, 0x00, 0x00, 0x00, 0x00, 0x00, 0x00, 0x00, 0x00, 0x00, 0x00, 0x00, 0x00, 0x00, 0x00, 0x00,
    0x00, 0x00, 0x00, 0x00, 0x00, 0x00, 0x00, 0x00, 0x00, 0x00, 0x00, 0x00, 0x00, 0x00, 0x00, 0x00,
    0x00, 0x00, 0x00, 0x00, 0x00, 0x00, 0x00, 0x00, 0x00, 0x00, 0x00, 0x00, 0x00, 0x00, 0x00, 0x00,
    0x00, 0x00, 0x00, 0x00, 0x00, 0x00, 0x00, 0x00, 0x00, 0x00, 0x00, 0x00, 0x00, 0x00, 0x00, 0x00,
    0x00, 0x00, 0x00, 0x00, 0x00, 0x00, 0x00, 0x00, 0x00, 0x00, 0x00, 0x00, 0x00, 0x00, 0x00, 0x00,
    0x00, 0x00, 0x00, 0x00, 0x00, 0x00, 0x00, 0x00, 0x00, 0x00, 0x00, 0x00, 0x00, 0x00, 0x00, 0x00,
    0x00, 0x00, 0x00, 0x00, 0x00, 0x00, 0x00, 0x00, 0x00, 0x00, 0x00, 0x00, 0x00, 0x00, 0x00, 0x00,
    0x00, 0x00, 0x00, 0x00, 0x00, 0x00, 0x00, 0x00, 0x00, 0x00, 0x00, 0x00, 0x00, 0x00, 0x00, 0x00,
    0x00, 0x00, 0x00, 0x00, 0x00, 0x00, 0x00, 0x00, 0x00, 0x00, 0x00, 0x00, 0x00, 0x00, 0x00, 0x00,
    0x00, 0x00, 0x00, 0x00, 0x00, 0x00, 0x00, 0x00, 0x00, 0x00, 0x00, 0x00, 0x00, 0x00, 0x00, 0x00,
    0x00, 0x00, 0x00, 0x00, 0x00, 0x00, 0x00, 0x00, 0x00, 0x00, 0x00, 0x00, 0x00, 0x00, 0x00, 0x00,
    0x00, 0x00, 0x00, 0x00, 0x00, 0x00, 0x00, 0x00, 0x00, 0x00, 0x00, 0x00, 0x00, 0x00, 0x00, 0x00,
    0x00, 0x00, 0x00, 0x00, 0x00, 0x00, 0x00, 0x00, 0x00, 0x00, 0x00, 0x00, 0x00, 0x00, 0x00, 0x00,
    0x00, 0x00, 0x00, 0x00, 0x00, 0x00, 0x00, 0x00, 0x00, 0x00, 0x00, 0x00, 0x00, 0x00, 0x00, 0x00,
    0x00, 0x00, 0x00, 0x00, 0x00, 0x00, 0x00, 0x00, 0x00, 0x00, 0x00, 0x00, 0x00, 0x00, 0x00, 0x00,
    0x00, 0x00, 0x00, 0x00, 0x00, 0x00, 0x00, 0x00, 0x00, 0x00, 0x00, 0x00, 0x00, 0x00, 0x00, 0x00,
    0x00, 0x00, 0x00, 0x00, 0x00, 0x00, 0x00, 0x00, 0x00, 0x00, 0x00, 0x00, 0x00, 0x00, 0x00, 0x00,
    0x00, 0x00, 0x00, 0x00, 0x00, 0x00, 0x00, 0x00, 0x00, 0x00, 0x00, 0x00, 0x00, 0x00, 0x00, 0x00,
    0x00, 0x00, 0x00, 0x00, 0x00, 0x00, 0x00, 0x00, 0x00, 0x00, 0x00, 0x00, 0x00, 0x00, 0x00, 0x00,
    0x00, 0x00, 0x00, 0x00, 0x00, 0x00, 0x00, 0x00, 0x00, 0x00, 0x00, 0x00, 0x00, 0x00, 0x00, 0x00,
    0x00, 0x00, 0x00, 0x00, 0x00, 0x00, 0x00, 0x00, 0x00, 0x00, 0x00, 0x00, 0x00, 0x00, 0x00, 0x00,
    0x00, 0x00, 0x00, 0x00, 0x00, 0x00, 0x00, 0x00, 0x00, 0x00, 0x00, 0x00, 0x00, 0x00, 0x00, 0x00,
    0x00, 0x00, 0x00, 0x00, 0x00, 0x00, 0x00, 0x00, 0x00, 0x00, 0x00, 0x00, 0x00, 0x00, 0x00, 0x00,
    0x00, 0x00, 0x00, 0x00, 0x00, 0x00, 0x00, 0x00, 0x00, 0x00, 0x00, 0x00, 0x00, 0x00, 0x00, 0x00,
    0x00, 0x00, 0x00, 0x00, 0x00, 0x00, 0x00, 0x00, 0x00, 0x00, 0x00, 0x00, 0x00, 0x00, 0x00, 0x00,
    0x00, 0x00, 0x00, 0x00, 0x00, 0x00, 0x00, 0x00, 0x00, 0x00, 0x00, 0x00, 0x00, 0x00, 0x00, 0x00,
    0x00, 0x00, 0x00, 0x00, 0x00, 0x00, 0x00, 0x00, 0x00, 0x00, 0x00, 0x00, 0x00, 0x00, 0x00, 0x00,
    0x00, 0x00, 0x00, 0x00, 0x00, 0x00, 0x00, 0x00, 0x00, 0x00, 0x00, 0x00, 0x00, 0x00, 0x00, 0x00,
    0x00, 0x00, 0x00, 0x00, 0x00, 0x00, 0x00, 0x00, 0x00, 0x00, 0x00, 0x00, 0x00, 0x00, 0x00, 0x00,
    0x00, 0x00, 0x00, 0x00, 0x00, 0x00, 0x00, 0x00, 0x00, 0x00, 0x00, 0x00, 0x00, 0x00, 0x00, 0x00,
    0x00, 0x00, 0x00, 0x00, 0x00, 0x00, 0x00, 0x00, 0x00, 0x00, 0x00, 0x00, 0x00, 0x00, 0x00, 0x00,
    0x00, 0x00, 0x00, 0x00, 0x00, 0x00, 0x00, 0x00, 0x00, 0x00, 0x00, 0x00, 0x00, 0x00, 0x00, 0x00,
    0x00, 0x00, 0x00, 0x00, 0x00, 0x00, 0x00, 0x00, 0x00, 0x00, 0x00, 0x00, 0x00, 0x00, 0x00, 0x00,
    0x00, 0x00, 0x00, 0x00, 0x00, 0x00, 0x00, 0x00, 0x00, 0x00, 0x00, 0x00, 0x00, 0x00, 0x00, 0x00,
    0x00, 0x00, 0x00, 0x00, 0x00, 0x00, 0x00, 0x00, 0x00, 0x00, 0x00, 0x00, 0x00, 0x00, 0x00, 0x00,
    0x00, 0x00, 0x00, 0x00, 0x00, 0x00, 0x00, 0x00, 0x00, 0x00, 0x00, 0x00, 0x00, 0x00, 0x00, 0x00,
    0x00, 0x00, 0x00, 0x00, 0x00, 0x00, 0x00, 0x00, 0x00, 0x00, 0x00, 0x00, 0x00, 0x00, 0x00, 0x00,
    0x00, 0x00, 0x00, 0x00, 0x00, 0x00, 0x00, 0x00, 0x00, 0x00, 0x00, 0x00, 0x00, 0x00, 0x00, 0x00,
    0x00, 0x00, 0x00, 0x00, 0x00, 0x00, 0x00, 0x00, 0x00, 0x00, 0x00, 0x00, 0x00, 0x00, 0x00, 0x00,
    0x00, 0x00, 0x00, 0x00, 0x00, 0x00, 0x00, 0x00, 0x00, 0x00, 0x00, 0x00, 0x00, 0x00, 0x00, 0x00,
    0x00, 0x00, 0x00, 0x00, 0x00, 0x00, 0x00, 0x00, 0x00, 0x00, 0x00, 0x00, 0x00, 0x00, 0x00, 0x00,
    0x00, 0x00, 0x00, 0x00, 0x00, 0x00, 0x00, 0x00, 0x00, 0x00, 0x00, 0x00, 0x00, 0x00, 0x00, 0x00,
    0x00, 0x00, 0x00, 0x00, 0x00, 0x00, 0x00, 0x00, 0x00, 0x00, 0x00, 0x00, 0x00, 0x00, 0x00, 0x00,
    0x00, 0x00, 0x00, 0x00, 0x00, 0x00, 0x00, 0x00, 0x00, 0x00, 0x00, 0x00, 0x00, 0x00, 0x00, 0x00,
    0x00, 0x00, 0x00, 0x00, 0x00, 0x00, 0x00, 0x00, 0x00, 0x00, 0x00, 0x00, 0x00, 0x00, 0x00, 0x00,
    0x00, 0x00, 0x00, 0x00, 0x00, 0x00, 0x00, 0x00, 0x00, 0x00, 0x00, 0x00, 0x00, 0x00, 0x00, 0x00,
    0x00, 0x00, 0x00, 0x00, 0x00, 0x00, 0x00, 0x00, 0x00, 0x00, 0x00, 0x00, 0x00, 0x00, 0x00, 0x00,
    0x00, 0x00, 0x00, 0x00, 0x00, 0x00, 0x00, 0x00, 0x00, 0x00, 0x00, 0x00, 0x00, 0x00, 0x00, 0x00,
    0x00, 0x00, 0x00, 0x00, 0x00, 0x00, 0x00, 0x00, 0x00, 0x00, 0x00, 0x00, 0x00, 0x00, 0x00, 0x00,
    0x00, 0x00, 0x00, 0x00, 0x00, 0x00, 0x00, 0x00, 0x00, 0x00, 0x00, 0x00, 0x00, 0x00, 0x00, 0x00,
    0x00, 0x00, 0x00, 0x00, 0x00, 0x00, 0x00, 0x00, 0x00, 0x00, 0x00, 0x00, 0x00, 0x00, 0x00, 0x00,
    0x00, 0x00, 0x00, 0x00, 0x00, 0x00, 0x00, 0x00, 0x00, 0x00, 0x00, 0x00, 0x00, 0x00, 0x00, 0x00,
    0x00, 0x00, 0x00, 0x00, 0x00, 0x00, 0x00, 0x00, 0x00, 0x00, 0x00, 0x00, 0x00, 0x00, 0x00, 0x00,
    0x00, 0x00, 0x00, 0x00, 0x00, 0x00, 0x00, 0x00, 0x00, 0x00, 0x00, 0x00, 0x00, 0x00, 0x00, 0x00,
    0x00, 0x00, 0x00, 0x00, 0x00, 0x00, 0x00, 0x00, 0x00, 0x00, 0x00, 0x00, 0x00, 0x00, 0x00, 0x00,
    0x00, 0x00, 0x00, 0x00, 0x00, 0x00, 0x00, 0x00, 0x00, 0x00, 0x00, 0x00, 0x00, 0x00, 0x00, 0x00,
    0x00, 0x00, 0x00, 0x00, 0x00, 0x00, 0x00, 0x00, 0x00, 0x00, 0x00, 0x00, 0x00, 0x00, 0x00, 0x00,
    0x00, 0x00, 0x00, 0x00, 0x00, 0x00, 0x00, 0x00, 0x00, 0x00, 0x00, 0x00, 0x00, 0x00, 0x00, 0x00,
    0x00, 0x00, 0x00, 0x00, 0x00, 0x00, 0x00, 0x00, 0x00, 0x00, 0x00, 0x00, 0x00, 0x00, 0x00, 0x00,
    0x00, 0x00, 0x00, 0x00, 0x00, 0x00, 0x00, 0x00, 0x00, 0x00, 0x00, 0x00, 0x00, 0x00, 0x00, 0x00,
    0x00, 0x00, 0x00, 0x00, 0x00, 0x00, 0x00, 0x00, 0x00, 0x00, 0x00, 0x00, 0x00, 0x00, 0x00, 0x00,
    0x00, 0x00, 0x00, 0x00, 0x00, 0x00, 0x00, 0x00, 0x00, 0x00, 0x00, 0x00, 0x00, 0x00, 0x00, 0x00,
    0x00, 0x00, 0x00, 0x00, 0x00, 0x00, 0x00, 0x00, 0x00, 0x00, 0x00, 0x00, 0x00, 0x00, 0x00, 0x00,
    0x00, 0x00, 0x00, 0x00, 0x00, 0x00, 0x00, 0x00, 0x00, 0x00, 0x00, 0x00, 0x00, 0x00, 0x00, 0x00,
    0x00, 0x00, 0x00, 0x00, 0x00, 0x00, 0x00, 0x00, 0x00, 0x00, 0x00, 0x00, 0x00, 0x00, 0x00, 0x00,
    0x00, 0x00, 0x00, 0x00, 0x00, 0x00, 0x00, 0x00, 0x00, 0x00, 0x00, 0x00, 0x00, 0x00, 0x00, 0x00,
    0x00, 0x00, 0x00, 0x00, 0x00, 0x00, 0x00, 0x00, 0x00, 0x00, 0x00, 0x00, 0x00, 0x00, 0x00, 0x00,
    0x00, 0x00, 0x00, 0x00, 0x00, 0x00, 0x00, 0x00, 0x00, 0x00, 0x00, 0x00, 0x00, 0x00, 0x00, 0x00,
    0x00, 0x00, 0x00, 0x00, 0x00, 0x00, 0x00, 0x00, 0x00, 0x00, 0x00, 0x00, 0x00, 0x00, 0x00, 0x00,
    0x00, 0x00, 0x00, 0x00, 0x00, 0x00, 0x00, 0x00, 0x00, 0x00, 0x00, 0x00, 0x00, 0x00, 0x00, 0x00,
    0x00, 0x00, 0x00, 0x00, 0x00, 0x00, 0x00, 0x00, 0x00, 0x00, 0x00, 0x00, 0x00, 0x00, 0x00, 0x00,
    0x00, 0x00, 0x00, 0x00, 0x00, 0x00, 0x00, 0x00, 0x00, 0x00, 0x00, 0x00, 0x00, 0x00, 0x00, 0x00,
    0x00, 0x00, 0x00, 0x00, 0x00, 0x00, 0x00, 0x00, 0x00, 0x00, 0x00, 0x00, 0x00, 0x00, 0x00, 0x00,
    0x00, 0x00, 0x00, 0x00, 0x00, 0x00, 0x00, 0x00, 0x00, 0x00, 0x00, 0x00, 0x00, 0x00, 0x00, 0x00,
    0x00, 0x00, 0x00, 0x00, 0x00, 0x00, 0x00, 0x00, 0x00, 0x00, 0x00, 0x00, 0x00, 0x00, 0x00, 0x00,
    0x00, 0x00, 0x00, 0x00, 0x00, 0x00, 0x00, 0x00, 0x00, 0x00, 0x00, 0x00, 0x00, 0x00, 0x00, 0x00,
    0x00, 0x00, 0x00, 0x00, 0x00, 0x00, 0x00, 0x00, 0x00, 0x00, 0x00, 0x00, 0x00, 0x00, 0x00, 0x00,
    0x00, 0x00, 0x00, 0x00, 0x00, 0x00, 0x00, 0x00, 0x00, 0x00, 0x00, 0x00, 0x00, 0x00, 0x00, 0x00,
    0x00, 0x00, 0x00, 0x00, 0x00, 0x00, 0x00, 0x00, 0x00, 0x00, 0x00, 0x00, 0x00, 0x00, 0x00, 0x00,
    0x00, 0x00, 0x00, 0x00, 0x00, 0x00, 0x00, 0x00, 0x00, 0x00, 0x00, 0x00, 0x00, 0x00, 0x00, 0x00,
    0x00, 0x00, 0x00, 0x00, 0x00, 0x00, 0x00, 0x00, 0x00, 0x00, 0x00, 0x00, 0x00, 0x00, 0x00, 0x00,
    0x00, 0x00, 0x00, 0x00, 0x00, 0x00, 0x00, 0x00, 0x00, 0x00, 0x00, 0x00, 0x00, 0x00, 0x00, 0x00,
    0x00, 0x00, 0x00, 0x00, 0x00, 0x00, 0x00, 0x00, 0x00, 0x00, 0x00, 0x00, 0x00, 0x00, 0x00, 0x00,
    0x00, 0x00, 0x00, 0x00, 0x00, 0x00, 0x00, 0x00, 0x00, 0x00, 0x00, 0x00, 0x00, 0x00, 0x00, 0x00,
    0x00, 0x00, 0x00, 0x00, 0x00, 0x00, 0x00, 0x00, 0x00, 0x00, 0x00, 0x00, 0x00, 0x00, 0x00, 0x00,
    0x00, 0x00, 0x00, 0x00, 0x00, 0x00, 0x00, 0x00, 0x00, 0x00, 0x00, 0x00, 0x00, 0x00, 0x00, 0x00,
    0x00, 0x00, 0x00, 0x00, 0x00, 0x00, 0x00, 0x00, 0x00, 0x00, 0x00, 0x00, 0x00, 0x00, 0x00, 0x00,
    0x00, 0x00, 0x00, 0x00, 0x00, 0x00, 0x00, 0x00, 0x00, 0x00, 0x00, 0x00, 0x00, 0x00, 0x00, 0x00,
    0x00, 0x00, 0x00, 0x00, 0x00, 0x00, 0x00, 0x00, 0x00, 0x00, 0x00, 0x00, 0x00, 0x00, 0x00, 0x00,
    0x00, 0x00, 0x00, 0x00, 0x00, 0x00, 0x00, 0x00, 0x00, 0x00, 0x00, 0x00, 0x00, 0x00, 0x00, 0x00,
    0x00, 0x00, 0x00, 0x00, 0x00, 0x00, 0x00, 0x00, 0x00, 0x00, 0x00, 0x00, 0x00, 0x00, 0x00, 0x00,
    0x00, 0x00, 0x00, 0x00, 0x00, 0x00, 0x00, 0x00, 0x00, 0x00, 0x00, 0x00, 0x00, 0x00, 0x00, 0x00,
    0x00, 0x00, 0x00, 0x00, 0x00, 0x00, 0x00, 0x00, 0x00, 0x00, 0x00, 0x00, 0x00, 0x00, 0x00, 0x00,
    0x00, 0x00, 0x00, 0x00, 0x00, 0x00, 0x00, 0x00, 0x00, 0x00, 0x00, 0x00, 0x00, 0x00, 0x00, 0x00,
    0x00, 0x00, 0x00, 0x00, 0x00, 0x00, 0x00, 0x00, 0x00, 0x00, 0x00, 0x00, 0x00, 0x00, 0x00, 0x00,
    0x00, 0x00, 0x00, 0x00, 0x00, 0x00, 0x00, 0x00, 0x00, 0x00, 0x00, 0x00, 0x00, 0x00, 0x00, 0x00,
    0x00, 0x00, 0x00, 0x00, 0x00, 0x00, 0x00, 0x00, 0x00, 0x00, 0x00, 0x00, 0x00, 0x00, 0x00, 0x00,
    0x00, 0x00, 0x00, 0x00, 0x00, 0x00, 0x00, 0x00, 0x00, 0x00, 0x00, 0x00, 0x00, 0x00, 0x00, 0x00,
    0x00, 0x00, 0x00, 0x00, 0x00, 0x00, 0x00, 0x00, 0x00, 0x00, 0x00, 0x00, 0x00, 0x00, 0x00, 0x00,
    0x00, 0x00, 0x00, 0x00, 0x00, 0x00, 0x00, 0x00, 0x00, 0x00, 0x00, 0x00, 0x00, 0x00, 0x00, 0x00,
    0x00, 0x00, 0x00, 0x00, 0x00, 0x00, 0x00, 0x00, 0x00, 0x00, 0x00, 0x00, 0x00, 0x00, 0x00, 0x00,
    0x00, 0x00, 0x00, 0x00, 0x00, 0x00, 0x00, 0x00, 0x00, 0x00, 0x00, 0x00, 0x00, 0x00, 0x00, 0x00,
    0x00, 0x00, 0x00, 0x00, 0x00, 0x00, 0x00, 0x00, 0x00, 0x00, 0x00, 0x00, 0x00, 0x00, 0x00, 0x00,
    0x00, 0x00, 0x00, 0x00, 0x00, 0x00, 0x00, 0x00, 0x00, 0x00, 0x00, 0x00, 0x00, 0x00, 0x00, 0x00,
    0x00, 0x00, 0x00, 0x00, 0x00, 0x00, 0x00, 0x00, 0x00, 0x00, 0x00, 0x00, 0x00, 0x00, 0x00, 0x00,
    0x00, 0x00, 0x00, 0x00, 0x00, 0x00, 0x00, 0x00, 0x00, 0x00, 0x00, 0x00, 0x00, 0x00, 0x00, 0x00,
    0x00, 0x00, 0x00, 0x00, 0x00, 0x00, 0x00, 0x00, 0x00, 0x00, 0x00, 0x00, 0x00, 0x00, 0x00, 0x00,
    0x00, 0x00, 0x00, 0x00, 0x00, 0x00, 0x00, 0x00, 0x00, 0x00, 0x00, 0x00, 0x00, 0x00, 0x00, 0x00,
    0x00, 0x00, 0x00, 0x00, 0x00, 0x00, 0x00, 0x00, 0x00, 0x00, 0x00, 0x00, 0x00, 0x00, 0x00, 0x00,
    0x00, 0x00, 0x00, 0x00, 0x00, 0x00, 0x00, 0x00, 0x00, 0x00, 0x00, 0x00, 0x00, 0x00, 0x00, 0x00,
    0x00, 0x00, 0x00, 0x00, 0x00, 0x00, 0x00, 0x00, 0x00, 0x00, 0x00, 0x00, 0x00, 0x00, 0x00, 0x00,
    0x00, 0x00, 0x00, 0x00, 0x00, 0x00, 0x00, 0x00, 0x00, 0x00, 0x00, 0x00, 0x00, 0x00, 0x00, 0x00,
    0x00, 0x00, 0x00, 0x00, 0x00, 0x00, 0x00, 0x00, 0x00, 0x00, 0x00, 0x00, 0x00, 0x00, 0x00, 0x00,
    0x00, 0x00, 0x00, 0x00, 0x00, 0x00, 0x00, 0x00, 0x00, 0x00, 0x00, 0x00, 0x00, 0x00, 0x00, 0x00,
    0x00, 0x00, 0x00, 0x00, 0x00, 0x00, 0x00, 0x00, 0x00, 0x00, 0x00, 0x00, 0x00, 0x00, 0x00, 0x00,
    0x00, 0x00, 0x00, 0x00, 0x00, 0x00, 0x00, 0x00, 0x00, 0x00, 0x00, 0x00, 0x00, 0x00, 0x00, 0x00,
    0x00, 0x00, 0x00, 0x00, 0x00, 0x00, 0x00, 0x00, 0x00, 0x00, 0x00, 0x00, 0x00, 0x00, 0x00, 0x00,
    0x00, 0x00, 0x00, 0x00, 0x00, 0x00, 0x00, 0x00, 0x00, 0x00, 0x00, 0x00, 0x00, 0x00, 0x00, 0x00,
    0x00, 0x00, 0x00, 0x00, 0x00, 0x00, 0x00, 0x00, 0x00, 0x00, 0x00, 0x00, 0x00, 0x00, 0x00, 0x00,
    0x00, 0x00, 0x00, 0x00, 0x00, 0x00, 0x00, 0x00, 0x00, 0x00, 0x00, 0x00, 0x00, 0x00, 0x00, 0x00,
    0x00, 0x00, 0x00, 0x00, 0x00, 0x00, 0x00, 0x00, 0x00, 0x00, 0x00, 0x00, 0x00, 0x00, 0x00, 0x00,
    0x00, 0x00, 0x00, 0x00, 0x00, 0x00, 0x00, 0x00, 0x00, 0x00, 0x00, 0x00, 0x00, 0x00, 0x00, 0x00,
    0x00, 0x00, 0x00, 0x00, 0x00, 0x00, 0x00, 0x00, 0x00, 0x00, 0x00, 0x00, 0x00, 0x00, 0x00, 0x00,
    0x00, 0x00, 0x00, 0x00, 0x00, 0x00, 0x00, 0x00, 0x00, 0x00, 0x00, 0x00, 0x00, 0x00, 0x00, 0x00,
    0x00, 0x00, 0x00, 0x00, 0x00, 0x00, 0x00, 0x00, 0x00, 0x00, 0x00, 0x00, 0x00, 0x00, 0x00, 0x00,
    0x00, 0x00, 0x00, 0x00, 0x00, 0x00, 0x00, 0x00, 0x00, 0x00, 0x00, 0x00, 0x00, 0x00, 0x00, 0x00,
    0x00, 0x00, 0x00, 0x00, 0x00, 0x00, 0x00, 0x00, 0x00, 0x00, 0x00, 0x00, 0x00, 0x00, 0x00, 0x00,
    0x00, 0x00, 0x00, 0x00, 0x00, 0x00, 0x00, 0x00, 0x00, 0x00, 0x00, 0x00, 0x00, 0x00, 0x00, 0x00,
    0x00, 0x00, 0x00, 0x00, 0x00, 0x00, 0x00, 0x00, 0x00, 0x00, 0x00, 0x00, 0x00, 0x00, 0x00, 0x00,
    0x00, 0x00, 0x00, 0x00, 0x00, 0x00, 0x00, 0x00, 0x00, 0x00, 0x00, 0x00, 0x00, 0x00, 0x00, 0x00,
    0x00, 0x00, 0x00, 0x00, 0x00, 0x00, 0x00, 0x00, 0x00, 0x00, 0x00, 0x00, 0x00, 0x00, 0x00, 0x00
};

const lv_image_dsc_t pet_cat_idle_05 = {
    .header = {
        .magic = LV_IMAGE_HEADER_MAGIC,
        .cf = LV_COLOR_FORMAT_ARGB8888,
        .flags = 0,
        .w = 128,
        .h = 128,
        .stride = 512,
    },
    .data_size = 65536,
    .data = pet_cat_idle_05_map,
};
