/* Auto-generated — do not edit */
#include <lvgl/lvgl.h>

static const uint8_t pet_cat_touch_09_map[] = {
    0x00, 0x00, 0x00, 0x00, 0x00, 0x00, 0x00, 0x00, 0x00, 0x00, 0x00, 0x00, 0x00, 0x00, 0x00, 0x00,
    0x00, 0x00, 0x00, 0x00, 0x00, 0x00, 0x00, 0x00, 0x00, 0x00, 0x00, 0x00, 0x00, 0x00, 0x00, 0x00,
    0x00, 0x00, 0x00, 0x00, 0x00, 0x00, 0x00, 0x00, 0x00, 0x00, 0x00, 0x00, 0x00, 0x00, 0x00, 0x00,
    0x00, 0x00, 0x00, 0x00, 0x00, 0x00, 0x00, 0x00, 0x00, 0x00, 0x00, 0x00, 0x00, 0x00, 0x00, 0x00,
    0x00, 0x00, 0x00, 0x00, 0x00, 0x00, 0x00, 0x00, 0x00, 0x00, 0x00, 0x00, 0x00, 0x00, 0x00, 0x00,
    0x00, 0x00, 0x00, 0x00, 0x00, 0x00, 0x00, 0x00, 0x00, 0x00, 0x00, 0x00, 0x00, 0x00, 0x00, 0x00,
    0x00, 0x00, 0x00, 0x00, 0x00, 0x00, 0x00, 0x00, 0x00, 0x00, 0x00, 0x00, 0x00, 0x00, 0x00, 0x00,
    0x00, 0x00, 0x00, 0x00, 0x00, 0x00, 0x00, 0x00, 0x00, 0x00, 0x00, 0x00, 0x00, 0x00, 0x00, 0x00,
    0x00, 0x00, 0x00, 0x00, 0x00, 0x00, 0x00, 0x00, 0x00, 0x00, 0x00, 0x00, 0x00, 0x00, 0x00, 0x00,
    0x00, 0x00, 0x00, 0x00, 0x00, 0x00, 0x00, 0x00, 0x00, 0x00, 0x00, 0x00, 0x00, 0x00, 0x00, 0x00,
    0x00, 0x00, 0x00, 0x00, 0x00, 0x00, 0x00, 0x00, 0x00, 0x00, 0x00, 0x00, 0x00, 0x00, 0x00, 0x00,
    0x00, 0x00, 0x00, 0x00, 0x00, 0x00, 0x00, 0x00, 0x00, 0x00, 0x00, 0x00, 0x00, 0x00, 0x00, 0x00,
    0x00, 0x00, 0x00, 0x00, 0x00, 0x00, 0x00, 0x00, 0x00, 0x00, 0x00, 0x00, 0x00, 0x00, 0x00, 0x00,
    0x00, 0x00, 0x00, 0x00, 0x00, 0x00, 0x00, 0x00, 0x00, 0x00, 0x00, 0x00, 0x00, 0x00, 0x00, 0x00,
    0x00, 0x00, 0x00, 0x00, 0x00, 0x00, 0x00, 0x00, 0x00, 0x00, 0x00, 0x00, 0x00, 0x00, 0x00, 0x00,
    0x00, 0x00, 0x00, 0x00, 0x00, 0x00, 0x00, 0x00, 0x00, 0x00, 0x00, 0x00, 0x00, 0x00, 0x00, 0x00,
    0x00, 0x00, 0x00, 0x00, 0x00, 0x00, 0x00, 0x00, 0x00, 0x00, 0x00, 0x00, 0x00, 0x00, 0x00, 0x00,
    0x00, 0x00, 0x00, 0x00, 0x00, 0x00, 0x00, 0x00, 0x00, 0x00, 0x00, 0x00, 0x00, 0x00, 0x00, 0x00,
    0x00, 0x00, 0x00, 0x00, 0x00, 0x00, 0x00, 0x00, 0x00, 0x00, 0x00, 0x00, 0x00, 0x00, 0x00, 0x00,
    0x00, 0x00, 0x00, 0x00, 0x00, 0x00, 0x00, 0x00, 0x00, 0x00, 0x00, 0x00, 0x00, 0x00, 0x00, 0x00,
    0x00, 0x00, 0x00, 0x00, 0x00, 0x00, 0x00, 0x00, 0x00, 0x00, 0x00, 0x00, 0x00, 0x00, 0x00, 0x00,
    0x00, 0x00, 0x00, 0x00, 0x00, 0x00, 0x00, 0x00, 0x00, 0x00, 0x00, 0x00, 0x00, 0x00, 0x00, 0x00,
    0x00, 0x00, 0x00, 0x00, 0x00, 0x00, 0x00, 0x00, 0x00, 0x00, 0x00, 0x00, 0x00, 0x00, 0x00, 0x00,
    0x00, 0x00, 0x00, 0x00, 0x00, 0x00, 0x00, 0x00, 0x00, 0x00, 0x00, 0x00, 0x00, 0x00, 0x00, 0x00,
    0x00, 0x00, 0x00, 0x00, 0x00, 0x00, 0x00, 0x00, 0x00, 0x00, 0x00, 0x00, 0x00, 0x00, 0x00, 0x00,
    0x00, 0x00, 0x00, 0x00, 0x00, 0x00, 0x00, 0x00, 0x00, 0x00, 0x00, 0x00, 0x00, 0x00, 0x00, 0x00,
    0x00, 0x00, 0x00, 0x00, 0x00, 0x00, 0x00, 0x00, 0x00, 0x00, 0x00, 0x00, 0x00, 0x00, 0x00, 0x00,
    0x00, 0x00, 0x00, 0x00, 0x00, 0x00, 0x00, 0x00, 0x00, 0x00, 0x00, 0x00, 0x00, 0x00, 0x00, 0x00,
    0x00, 0x00, 0x00, 0x00, 0x00, 0x00, 0x00, 0x00, 0x00, 0x00, 0x00, 0x00, 0x00, 0x00, 0x00, 0x00,
    0x00, 0x00, 0x00, 0x00, 0x00, 0x00, 0x00, 0x00, 0x00, 0x00, 0x00, 0x00, 0x00, 0x00, 0x00, 0x00,
    0x00, 0x00, 0x00, 0x00, 0x00, 0x00, 0x00, 0x00, 0x00, 0x00, 0x00, 0x00, 0x00, 0x00, 0x00, 0x00,
    0x00, 0x00, 0x00, 0x00, 0x00, 0x00, 0x00, 0x00, 0x00, 0x00, 0x00, 0x00, 0x00, 0x00, 0x00, 0x00,
    0x00, 0x00, 0x00, 0x00, 0x00, 0x00, 0x00, 0x00, 0x00, 0x00, 0x00, 0x00, 0x00, 0x00, 0x00, 0x00,
    0x00, 0x00, 0x00, 0x00, 0x00, 0x00, 0x00, 0x00, 0x00, 0x00, 0x00, 0x00, 0x00, 0x00, 0x00, 0x00,
    0x00, 0x00, 0x00, 0x00, 0x00, 0x00, 0x00, 0x00, 0x00, 0x00, 0x00, 0x00, 0x00, 0x00, 0x00, 0x00,
    0x00, 0x00, 0x00, 0x00, 0x00, 0x00, 0x00, 0x00, 0x00, 0x00, 0x00, 0x00, 0x00, 0x00, 0x00, 0x00,
    0x00, 0x00, 0x00, 0x00, 0x00, 0x00, 0x00, 0x00, 0x00, 0x00, 0x00, 0x00, 0x00, 0x00, 0x00, 0x00,
    0x00, 0x00, 0x00, 0x00, 0x00, 0x00, 0x00, 0x00, 0x00, 0x00, 0x00, 0x00, 0x00, 0x00, 0x00, 0x00,
    0x00, 0x00, 0x00, 0x00, 0x00, 0x00, 0x00, 0x00, 0x00, 0x00, 0x00, 0x00, 0x00, 0x00, 0x00, 0x00,
    0x00, 0x00, 0x00, 0x00, 0x00, 0x00, 0x00, 0x00, 0x00, 0x00, 0x00, 0x00, 0x00, 0x00, 0x00, 0x00,
    0x00, 0x00, 0x00, 0x00, 0x00, 0x00, 0x00, 0x00, 0x00, 0x00, 0x00, 0x00, 0x00, 0x00, 0x00, 0x00,
    0x00, 0x00, 0x00, 0x00, 0x00, 0x00, 0x00, 0x00, 0x00, 0x00, 0x00, 0x00, 0x00, 0x00, 0x00, 0x00,
    0x00, 0x00, 0x00, 0x00, 0x00, 0x00, 0x00, 0x00, 0x00, 0x00, 0x00, 0x00, 0x00, 0x00, 0x00, 0x00,
    0x00, 0x00, 0x00, 0x00, 0x00, 0x00, 0x00, 0x00, 0x00, 0x00, 0x00, 0x00, 0x00, 0x00, 0x00, 0x00,
    0x00, 0x00, 0x00, 0x00, 0x00, 0x00, 0x00, 0x00, 0x00, 0x00, 0x00, 0x00, 0x00, 0x00, 0x00, 0x00,
    0x00, 0x00, 0x00, 0x00, 0x00, 0x00, 0x00, 0x00, 0x00, 0x00, 0x00, 0x00, 0x00, 0x00, 0x00, 0x00,
    0x00, 0x00, 0x00, 0x00, 0x00, 0x00, 0x00, 0x00, 0x00, 0x00, 0x00, 0x00, 0x00, 0x00, 0x00, 0x00,
    0x00, 0x00, 0x00, 0x00, 0x00, 0x00, 0x00, 0x00, 0x00, 0x00, 0x00, 0x00, 0x00, 0x00, 0x00, 0x00,
    0x00, 0x00, 0x00, 0x00, 0x00, 0x00, 0x00, 0x00, 0x00, 0x00, 0x00, 0x00, 0x00, 0x00, 0x00, 0x00,
    0x00, 0x00, 0x00, 0x00, 0x00, 0x00, 0x00, 0x00, 0x00, 0x00, 0x00, 0x00, 0x00, 0x00, 0x00, 0x00,
    0x00, 0x00, 0x00, 0x00, 0x00, 0x00, 0x00, 0x00, 0x00, 0x00, 0x00, 0x00, 0x00, 0x00, 0x00, 0x00,
    0x00, 0x00, 0x00, 0x00, 0x00, 0x00, 0x00, 0x00, 0x00, 0x00, 0x00, 0x00, 0x00, 0x00, 0x00, 0x00,
    0x00, 0x00, 0x00, 0x00, 0x00, 0x00, 0x00, 0x00, 0x00, 0x00, 0x00, 0x00, 0x00, 0x00, 0x00, 0x00,
    0x00, 0x00, 0x00, 0x00, 0x00, 0x00, 0x00, 0x00, 0x00, 0x00, 0x00, 0x00, 0x00, 0x00, 0x00, 0x00,
    0x00, 0x00, 0x00, 0x00, 0x00, 0x00, 0x00, 0x00, 0x00, 0x00, 0x00, 0x00, 0x00, 0x00, 0x00, 0x00,
    0x00, 0x00, 0x00, 0x00, 0x00, 0x00, 0x00, 0x00, 0x00, 0x00, 0x00, 0x00, 0x00, 0x00, 0x00, 0x00,
    0x00, 0x00, 0x00, 0x00, 0x00, 0x00, 0x00, 0x00, 0x00, 0x00, 0x00, 0x00, 0x00, 0x00, 0x00, 0x00,
    0x00, 0x00, 0x00, 0x00, 0x00, 0x00, 0x00, 0x00, 0x00, 0x00, 0x00, 0x00, 0x00, 0x00, 0x00, 0x00,
    0x00, 0x00, 0x00, 0x00, 0x00, 0x00, 0x00, 0x00, 0x00, 0x00, 0x00, 0x00, 0x00, 0x00, 0x00, 0x00,
    0x00, 0x00, 0x00, 0x00, 0x00, 0x00, 0x00, 0x00, 0x00, 0x00, 0x00, 0x00, 0x00, 0x00, 0x00, 0x00,
    0x00, 0x00, 0x00, 0x00, 0x00, 0x00, 0x00, 0x00, 0x00, 0x00, 0x00, 0x00, 0x00, 0x00, 0x00, 0x00,
    0x00, 0x00, 0x00, 0x00, 0x00, 0x00, 0x00, 0x00, 0x00, 0x00, 0x00, 0x00, 0x00, 0x00, 0x00, 0x00,
    0x00, 0x00, 0x00, 0x00, 0x00, 0x00, 0x00, 0x00, 0x00, 0x00, 0x00, 0x00, 0x00, 0x00, 0x00, 0x00,
    0x00, 0x00, 0x00, 0x00, 0x00, 0x00, 0x00, 0x00, 0x00, 0x00, 0x00, 0x00, 0x00, 0x00, 0x00, 0x00,
    0x00, 0x00, 0x00, 0x00, 0x00, 0x00, 0x00, 0x00, 0x00, 0x00, 0x00, 0x00, 0x00, 0x00, 0x00, 0x00,
    0x00, 0x00, 0x00, 0x00, 0x00, 0x00, 0x00, 0x00, 0x00, 0x00, 0x00, 0x00, 0x00, 0x00, 0x00, 0x00,
    0x00, 0x00, 0x00, 0x00, 0x00, 0x00, 0x00, 0x00, 0x00, 0x00, 0x00, 0x00, 0x00, 0x00, 0x00, 0x00,
    0x00, 0x00, 0x00, 0x00, 0x00, 0x00, 0x00, 0x00, 0x00, 0x00, 0x00, 0x00, 0x00, 0x00, 0x00, 0x00,
    0x00, 0x00, 0x00, 0x00, 0x00, 0x00, 0x00, 0x00, 0x00, 0x00, 0x00, 0x00, 0x00, 0x00, 0x00, 0x00,
    0x00, 0x00, 0x00, 0x00, 0x00, 0x00, 0x00, 0x00, 0x00, 0x00, 0x00, 0x00, 0x00, 0x00, 0x00, 0x00,
    0x00, 0x00, 0x00, 0x00, 0x00, 0x00, 0x00, 0x00, 0x00, 0x00, 0x00, 0x00, 0x00, 0x00, 0x00, 0x00,
    0x00, 0x00, 0x00, 0x00, 0x00, 0x00, 0x00, 0x00, 0x00, 0x00, 0x00, 0x00, 0x00, 0x00, 0x00, 0x00,
    0x00, 0x00, 0x00, 0x00, 0x00, 0x00, 0x00, 0x00, 0x00, 0x00, 0x00, 0x00, 0x00, 0x00, 0x00, 0x00,
    0x00, 0x00, 0x00, 0x00, 0x00, 0x00, 0x00, 0x00, 0x00, 0x00, 0x00, 0x00, 0x00, 0x00, 0x00, 0x00,
    0x00, 0x00, 0x00, 0x00, 0x00, 0x00, 0x00, 0x00, 0x00, 0x00, 0x00, 0x00, 0x00, 0x00, 0x00, 0x00,
    0x00, 0x00, 0x00, 0x00, 0x00, 0x00, 0x00, 0x00, 0x00, 0x00, 0x00, 0x00, 0x00, 0x00, 0x00, 0x00,
    0x00, 0x00, 0x00, 0x00, 0x00, 0x00, 0x00, 0x00, 0x00, 0x00, 0x00, 0x00, 0x00, 0x00, 0x00, 0x00,
    0x00, 0x00, 0x00, 0x00, 0x00, 0x00, 0x00, 0x00, 0x00, 0x00, 0x00, 0x00, 0x00, 0x00, 0x00, 0x00,
    0x00, 0x00, 0x00, 0x00, 0x00, 0x00, 0x00, 0x00, 0x00, 0x00, 0x00, 0x00, 0x00, 0x00, 0x00, 0x00,
    0x00, 0x00, 0x00, 0x00, 0x00, 0x00, 0x00, 0x00, 0x00, 0x00, 0x00, 0x00, 0x00, 0x00, 0x00, 0x00,
    0x00, 0x00, 0x00, 0x00, 0x00, 0x00, 0x00, 0x00, 0x00, 0x00, 0x00, 0x00, 0x00, 0x00, 0x00, 0x00,
    0x00, 0x00, 0x00, 0x00, 0x00, 0x00, 0x00, 0x00, 0x00, 0x00, 0x00, 0x00, 0x00, 0x00, 0x00, 0x00,
    0x00, 0x00, 0x00, 0x00, 0x00, 0x00, 0x00, 0x00, 0x00, 0x00, 0x00, 0x00, 0x00, 0x00, 0x00, 0x00,
    0x00, 0x00, 0x00, 0x00, 0x00, 0x00, 0x00, 0x00, 0x00, 0x00, 0x00, 0x00, 0x00, 0x00, 0x00, 0x00,
    0x00, 0x00, 0x00, 0x00, 0x00, 0x00, 0x00, 0x00, 0x00, 0x00, 0x00, 0x00, 0x00, 0x00, 0x00, 0x00,
    0x00, 0x00, 0x00, 0x00, 0x00, 0x00, 0x00, 0x00, 0x00, 0x00, 0x00, 0x00, 0x00, 0x00, 0x00, 0x00,
    0x00, 0x00, 0x00, 0x00, 0x00, 0x00, 0x00, 0x00, 0x00, 0x00, 0x00, 0x00, 0x00, 0x00, 0x00, 0x00,
    0x00, 0x00, 0x00, 0x00, 0x00, 0x00, 0x00, 0x00, 0x00, 0x00, 0x00, 0x00, 0x00, 0x00, 0x00, 0x00,
    0x00, 0x00, 0x00, 0x00, 0x00, 0x00, 0x00, 0x00, 0x00, 0x00, 0x00, 0x00, 0x00, 0x00, 0x00, 0x00,
    0x00, 0x00, 0x00, 0x00, 0x00, 0x00, 0x00, 0x00, 0x00, 0x00, 0x00, 0x00, 0x00, 0x00, 0x00, 0x00,
    0x00, 0x00, 0x00, 0x00, 0x00, 0x00, 0x00, 0x00, 0x00, 0x00, 0x00, 0x00, 0x00, 0x00, 0x00, 0x00,
    0x00, 0x00, 0x00, 0x00, 0x00, 0x00, 0x00, 0x00, 0x00, 0x00, 0x00, 0x00, 0x00, 0x00, 0x00, 0x00,
    0x00, 0x00, 0x00, 0x00, 0x00, 0x00, 0x00, 0x00, 0x00, 0x00, 0x00, 0x00, 0x00, 0x00, 0x00, 0x00,
    0x00, 0x00, 0x00, 0x00, 0x00, 0x00, 0x00, 0x00, 0x00, 0x00, 0x00, 0x00, 0x00, 0x00, 0x00, 0x00,
    0x00, 0x00, 0x00, 0x00, 0x00, 0x00, 0x00, 0x00, 0x00, 0x00, 0x00, 0x00, 0x00, 0x00, 0x00, 0x00,
    0x00, 0x00, 0x00, 0x00, 0x00, 0x00, 0x00, 0x00, 0x00, 0x00, 0x00, 0x00, 0x00, 0x00, 0x00, 0x00,
    0x00, 0x00, 0x00, 0x00, 0x00, 0x00, 0x00, 0x00, 0x00, 0x00, 0x00, 0x00, 0x00, 0x00, 0x00, 0x00,
    0x00, 0x00, 0x00, 0x00, 0x00, 0x00, 0x00, 0x00, 0x00, 0x00, 0x00, 0x00, 0x00, 0x00, 0x00, 0x00,
    0x00, 0x00, 0x00, 0x00, 0x00, 0x00, 0x00, 0x00, 0x00, 0x00, 0x00, 0x00, 0x00, 0x00, 0x00, 0x00,
    0x00, 0x00, 0x00, 0x00, 0x00, 0x00, 0x00, 0x00, 0x00, 0x00, 0x00, 0x00, 0x00, 0x00, 0x00, 0x00,
    0x00, 0x00, 0x00, 0x00, 0x00, 0x00, 0x00, 0x00, 0x00, 0x00, 0x00, 0x00, 0x00, 0x00, 0x00, 0x00,
    0x00, 0x00, 0x00, 0x00, 0x00, 0x00, 0x00, 0x00, 0x00, 0x00, 0x00, 0x00, 0x00, 0x00, 0x00, 0x00,
    0x00, 0x00, 0x00, 0x00, 0x00, 0x00, 0x00, 0x00, 0x00, 0x00, 0x00, 0x00, 0x00, 0x00, 0x00, 0x00,
    0x00, 0x00, 0x00, 0x00, 0x00, 0x00, 0x00, 0x00, 0x00, 0x00, 0x00, 0x00, 0x00, 0x00, 0x00, 0x00,
    0x00, 0x00, 0x00, 0x00, 0x00, 0x00, 0x00, 0x00, 0x00, 0x00, 0x00, 0x00, 0x00, 0x00, 0x00, 0x00,
    0x00, 0x00, 0x00, 0x00, 0x00, 0x00, 0x00, 0x00, 0x00, 0x00, 0x00, 0x00, 0x00, 0x00, 0x00, 0x00,
    0x00, 0x00, 0x00, 0x00, 0x00, 0x00, 0x00, 0x00, 0x00, 0x00, 0x00, 0x00, 0x00, 0x00, 0x00, 0x00,
    0x00, 0x00, 0x00, 0x00, 0x00, 0x00, 0x00, 0x00, 0x00, 0x00, 0x00, 0x00, 0x00, 0x00, 0x00, 0x00,
    0x00, 0x00, 0x00, 0x00, 0x00, 0x00, 0x00, 0x00, 0x00, 0x00, 0x00, 0x00, 0x00, 0x00, 0x00, 0x00,
    0x00, 0x00, 0x00, 0x00, 0x00, 0x00, 0x00, 0x00, 0x00, 0x00, 0x00, 0x00, 0x00, 0x00, 0x00, 0x00,
    0x00, 0x00, 0x00, 0x00, 0x00, 0x00, 0x00, 0x00, 0x00, 0x00, 0x00, 0x00, 0x00, 0x00, 0x00, 0x00,
    0x00, 0x00, 0x00, 0x00, 0x00, 0x00, 0x00, 0x00, 0x00, 0x00, 0x00, 0x00, 0x00, 0x00, 0x00, 0x00,
    0x00, 0x00, 0x00, 0x00, 0x00, 0x00, 0x00, 0x00, 0x00, 0x00, 0x00, 0x00, 0x00, 0x00, 0x00, 0x00,
    0x00, 0x00, 0x00, 0x00, 0x00, 0x00, 0x00, 0x00, 0x00, 0x00, 0x00, 0x00, 0x00, 0x00, 0x00, 0x00,
    0x00, 0x00, 0x00, 0x00, 0x00, 0x00, 0x00, 0x00, 0x00, 0x00, 0x00, 0x00, 0x00, 0x00, 0x00, 0x00,
    0x00, 0x00, 0x00, 0x00, 0x00, 0x00, 0x00, 0x00, 0x00, 0x00, 0x00, 0x00, 0x00, 0x00, 0x00, 0x00,
    0x00, 0x00, 0x00, 0x00, 0x00, 0x00, 0x00, 0x00, 0x00, 0x00, 0x00, 0x00, 0x00, 0x00, 0x00, 0x00,
    0x00, 0x00, 0x00, 0x00, 0x00, 0x00, 0x00, 0x00, 0x00, 0x00, 0x00, 0x00, 0x00, 0x00, 0x00, 0x00,
    0x00, 0x00, 0x00, 0x00, 0x00, 0x00, 0x00, 0x00, 0x00, 0x00, 0x00, 0x00, 0x00, 0x00, 0x00, 0x00,
    0x00, 0x00, 0x00, 0x00, 0x00, 0x00, 0x00, 0x00, 0x00, 0x00, 0x00, 0x00, 0x00, 0x00, 0x00, 0x00,
    0x00, 0x00, 0x00, 0x00, 0x00, 0x00, 0x00, 0x00, 0x00, 0x00, 0x00, 0x00, 0x00, 0x00, 0x00, 0x00,
    0x00, 0x00, 0x00, 0x00, 0x00, 0x00, 0x00, 0x00, 0x00, 0x00, 0x00, 0x00, 0x00, 0x00, 0x00, 0x00,
    0x00, 0x00, 0x00, 0x00, 0x00, 0x00, 0x00, 0x00, 0x00, 0x00, 0x00, 0x00, 0x00, 0x00, 0x00, 0x00,
    0x00, 0x00, 0x00, 0x00, 0x00, 0x00, 0x00, 0x00, 0x00, 0x00, 0x00, 0x00, 0x00, 0x00, 0x00, 0x00,
    0x00, 0x00, 0x00, 0x00, 0x00, 0x00, 0x00, 0x00, 0x00, 0x00, 0x00, 0x00, 0x00, 0x00, 0x00, 0x00,
    0x00, 0x00, 0x00, 0x00, 0x00, 0x00, 0x00, 0x00, 0x00, 0x00, 0x00, 0x00, 0x00, 0x00, 0x00, 0x00,
    0x00, 0x00, 0x00, 0x00, 0x00, 0x00, 0x00, 0x00, 0x00, 0x00, 0x00, 0x00, 0x00, 0x00, 0x00, 0x00,
    0x00, 0x00, 0x00, 0x00, 0x00, 0x00, 0x00, 0x00, 0x00, 0x00, 0x00, 0x00, 0x00, 0x00, 0x00, 0x00,
    0x00, 0x00, 0x00, 0x00, 0x00, 0x00, 0x00, 0x00, 0x00, 0x00, 0x00, 0x00, 0x00, 0x00, 0x00, 0x00,
    0x00, 0x00, 0x00, 0x00, 0x00, 0x00, 0x00, 0x00, 0x00, 0x00, 0x00, 0x00, 0x00, 0x00, 0x00, 0x00,
    0x00, 0x00, 0x00, 0x00, 0x00, 0x00, 0x00, 0x00, 0x00, 0x00, 0x00, 0x00, 0x00, 0x00, 0x00, 0x00,
    0x00, 0x00, 0x00, 0x00, 0x00, 0x00, 0x00, 0x00, 0x00, 0x00, 0x00, 0x00, 0x00, 0x00, 0x00, 0x00,
    0x00, 0x00, 0x00, 0x00, 0x00, 0x00, 0x00, 0x00, 0x00, 0x00, 0x00, 0x00, 0x00, 0x00, 0x00, 0x00,
    0x00, 0x00, 0x00, 0x00, 0x00, 0x00, 0x00, 0x00, 0x00, 0x00, 0x00, 0x00, 0x00, 0x00, 0x00, 0x00,
    0x00, 0x00, 0x00, 0x00, 0x00, 0x00, 0x00, 0x00, 0x00, 0x00, 0x00, 0x00, 0x00, 0x00, 0x00, 0x00,
    0x00, 0x00, 0x00, 0x00, 0x00, 0x00, 0x00, 0x00, 0x00, 0x00, 0x00, 0x00, 0x00, 0x00, 0x00, 0x00,
    0x00, 0x00, 0x00, 0x00, 0x00, 0x00, 0x00, 0x00, 0x00, 0x00, 0x00, 0x00, 0x00, 0x00, 0x00, 0x00,
    0x00, 0x00, 0x00, 0x00, 0x00, 0x00, 0x00, 0x00, 0x00, 0x00, 0x00, 0x00, 0x00, 0x00, 0x00, 0x00,
    0x00, 0x00, 0x00, 0x00, 0x00, 0x00, 0x00, 0x00, 0x00, 0x00, 0x00, 0x00, 0x00, 0x00, 0x00, 0x00,
    0x00, 0x00, 0x00, 0x00, 0x00, 0x00, 0x00, 0x00, 0x00, 0x00, 0x00, 0x00, 0x00, 0x00, 0x00, 0x00,
    0x00, 0x00, 0x00, 0x00, 0x00, 0x00, 0x00, 0x00, 0x00, 0x00, 0x00, 0x00, 0x00, 0x00, 0x00, 0x00,
    0x00, 0x00, 0x00, 0x00, 0x00, 0x00, 0x00, 0x00, 0x00, 0x00, 0x00, 0x00, 0x00, 0x00, 0x00, 0x00,
    0x00, 0x00, 0x00, 0x00, 0x00, 0x00, 0x00, 0x00, 0x00, 0x00, 0x00, 0x00, 0x00, 0x00, 0x00, 0x00,
    0x00, 0x00, 0x00, 0x00, 0x00, 0x00, 0x00, 0x00, 0x00, 0x00, 0x00, 0x00, 0x00, 0x00, 0x00, 0x00,
    0x00, 0x00, 0x00, 0x00, 0x00, 0x00, 0x00, 0x00, 0x00, 0x00, 0x00, 0x00, 0x00, 0x00, 0x00, 0x00,
    0x00, 0x00, 0x00, 0x00, 0x00, 0x00, 0x00, 0x00, 0x00, 0x00, 0x00, 0x00, 0x00, 0x00, 0x00, 0x00,
    0x00, 0x00, 0x00, 0x00, 0x00, 0x00, 0x00, 0x00, 0x00, 0x00, 0x00, 0x00, 0x00, 0x00, 0x00, 0x00,
    0x00, 0x00, 0x00, 0x00, 0x00, 0x00, 0x00, 0x00, 0x00, 0x00, 0x00, 0x00, 0x00, 0x00, 0x00, 0x00,
    0x00, 0x00, 0x00, 0x00, 0x00, 0x00, 0x00, 0x00, 0x00, 0x00, 0x00, 0x00, 0x00, 0x00, 0x00, 0x00,
    0x00, 0x00, 0x00, 0x00, 0x00, 0x00, 0x00, 0x00, 0x00, 0x00, 0x00, 0x00, 0x00, 0x00, 0x00, 0x00,
    0x00, 0x00, 0x00, 0x00, 0x00, 0x00, 0x00, 0x00, 0x00, 0x00, 0x00, 0x00, 0x00, 0x00, 0x00, 0x00,
    0x00, 0x00, 0x00, 0x00, 0x00, 0x00, 0x00, 0x00, 0x00, 0x00, 0x00, 0x00, 0x00, 0x00, 0x00, 0x00,
    0x00, 0x00, 0x00, 0x00, 0x00, 0x00, 0x00, 0x00, 0x00, 0x00, 0x00, 0x00, 0x00, 0x00, 0x00, 0x00,
    0x00, 0x00, 0x00, 0x00, 0x00, 0x00, 0x00, 0x00, 0x00, 0x00, 0x00, 0x00, 0x00, 0x00, 0x00, 0x00,
    0x00, 0x00, 0x00, 0x00, 0x00, 0x00, 0x00, 0x00, 0x00, 0x00, 0x00, 0x00, 0x00, 0x00, 0x00, 0x00,
    0x00, 0x00, 0x00, 0x00, 0x00, 0x00, 0x00, 0x00, 0x00, 0x00, 0x00, 0x00, 0x00, 0x00, 0x00, 0x00,
    0x00, 0x00, 0x00, 0x00, 0x00, 0x00, 0x00, 0x00, 0x00, 0x00, 0x00, 0x00, 0x00, 0x00, 0x00, 0x00,
    0x00, 0x00, 0x00, 0x00, 0x00, 0x00, 0x00, 0x00, 0x00, 0x00, 0x00, 0x00, 0x00, 0x00, 0x00, 0x00,
    0x00, 0x00, 0x00, 0x00, 0x00, 0x00, 0x00, 0x00, 0x00, 0x00, 0x00, 0x00, 0x00, 0x00, 0x00, 0x00,
    0x00, 0x00, 0x00, 0x00, 0x00, 0x00, 0x00, 0x00, 0x00, 0x00, 0x00, 0x00, 0x00, 0x00, 0x00, 0x00,
    0x00, 0x00, 0x00, 0x00, 0x00, 0x00, 0x00, 0x00, 0x00, 0x00, 0x00, 0x00, 0x00, 0x00, 0x00, 0x00,
    0x00, 0x00, 0x00, 0x00, 0x00, 0x00, 0x00, 0x00, 0x00, 0x00, 0x00, 0x00, 0x00, 0x00, 0x00, 0x00,
    0x00, 0x00, 0x00, 0x00, 0x00, 0x00, 0x00, 0x00, 0x00, 0x00, 0x00, 0x00, 0x00, 0x00, 0x00, 0x00,
    0x00, 0x00, 0x00, 0x00, 0x00, 0x00, 0x00, 0x00, 0x00, 0x00, 0x00, 0x00, 0x00, 0x00, 0x00, 0x00,
    0x00, 0x00, 0x00, 0x00, 0x00, 0x00, 0x00, 0x00, 0x00, 0x00, 0x00, 0x00, 0x00, 0x00, 0x00, 0x00,
    0x00, 0x00, 0x00, 0x00, 0x00, 0x00, 0x00, 0x00, 0x00, 0x00, 0x00, 0x00, 0x00, 0x00, 0x00, 0x00,
    0x00, 0x00, 0x00, 0x00, 0x00, 0x00, 0x00, 0x00, 0x00, 0x00, 0x00, 0x00, 0x00, 0x00, 0x00, 0x00,
    0x00, 0x00, 0x00, 0x00, 0x00, 0x00, 0x00, 0x00, 0x00, 0x00, 0x00, 0x00, 0x00, 0x00, 0x00, 0x00,
    0x00, 0x00, 0x00, 0x00, 0x00, 0x00, 0x00, 0x00, 0x00, 0x00, 0x00, 0x00, 0x00, 0x00, 0x00, 0x00,
    0x00, 0x00, 0x00, 0x00, 0x00, 0x00, 0x00, 0x00, 0x00, 0x00, 0x00, 0x00, 0x00, 0x00, 0x00, 0x00,
    0x00, 0x00, 0x00, 0x00, 0x00, 0x00, 0x00, 0x00, 0x00, 0x00, 0x00, 0x00, 0x00, 0x00, 0x00, 0x00,
    0x00, 0x00, 0x00, 0x00, 0x00, 0x00, 0x00, 0x00, 0x00, 0x00, 0x00, 0x00, 0x00, 0x00, 0x00, 0x00,
    0x00, 0x00, 0x00, 0x00, 0x00, 0x00, 0x00, 0x00, 0x00, 0x00, 0x00, 0x00, 0x00, 0x00, 0x00, 0x00,
    0x00, 0x00, 0x00, 0x00, 0x00, 0x00, 0x00, 0x00, 0x00, 0x00, 0x00, 0x00, 0x00, 0x00, 0x00, 0x00,
    0x00, 0x00, 0x00, 0x00, 0x00, 0x00, 0x00, 0x00, 0x00, 0x00, 0x00, 0x00, 0x00, 0x00, 0x00, 0x00,
    0x00, 0x00, 0x00, 0x00, 0x00, 0x00, 0x00, 0x00, 0x00, 0x00, 0x00, 0x00, 0x00, 0x00, 0x00, 0x00,
    0x00, 0x00, 0x00, 0x00, 0x00, 0x00, 0x00, 0x00, 0x00, 0x00, 0x00, 0x00, 0x00, 0x00, 0x00, 0x00,
    0x00, 0x00, 0x00, 0x00, 0x00, 0x00, 0x00, 0x00, 0x00, 0x00, 0x00, 0x00, 0x00, 0x00, 0x00, 0x00,
    0x00, 0x00, 0x00, 0x00, 0x00, 0x00, 0x00, 0x00, 0x00, 0x00, 0x00, 0x00, 0x00, 0x00, 0x00, 0x00,
    0x00, 0x00, 0x00, 0x00, 0x00, 0x00, 0x00, 0x00, 0x00, 0x00, 0x00, 0x00, 0x00, 0x00, 0x00, 0x00,
    0x00, 0x00, 0x00, 0x00, 0x00, 0x00, 0x00, 0x00, 0x00, 0x00, 0x00, 0x00, 0x00, 0x00, 0x00, 0x00,
    0x00, 0x00, 0x00, 0x00, 0x00, 0x00, 0x00, 0x00, 0x00, 0x00, 0x00, 0x00, 0x00, 0x00, 0x00, 0x00,
    0x00, 0x00, 0x00, 0x00, 0x00, 0x00, 0x00, 0x00, 0x00, 0x00, 0x00, 0x00, 0x00, 0x00, 0x00, 0x00,
    0x00, 0x00, 0x00, 0x00, 0x00, 0x00, 0x00, 0x00, 0x00, 0x00, 0x00, 0x00, 0x00, 0x00, 0x00, 0x00,
    0x00, 0x00, 0x00, 0x00, 0x00, 0x00, 0x00, 0x00, 0x00, 0x00, 0x00, 0x00, 0x00, 0x00, 0x00, 0x00,
    0x00, 0x00, 0x00, 0x00, 0x00, 0x00, 0x00, 0x00, 0x00, 0x00, 0x00, 0x00, 0x00, 0x00, 0x00, 0x00,
    0x00, 0x00, 0x00, 0x00, 0x00, 0x00, 0x00, 0x00, 0x00, 0x00, 0x00, 0x00, 0x00, 0x00, 0x00, 0x00,
    0x00, 0x00, 0x00, 0x00, 0x00, 0x00, 0x00, 0x00, 0x00, 0x00, 0x00, 0x00, 0x00, 0x00, 0x00, 0x00,
    0x00, 0x00, 0x00, 0x00, 0x00, 0x00, 0x00, 0x00, 0x00, 0x00, 0x00, 0x00, 0x00, 0x00, 0x00, 0x00,
    0x00, 0x00, 0x00, 0x00, 0x00, 0x00, 0x00, 0x00, 0x00, 0x00, 0x00, 0x00, 0x00, 0x00, 0x00, 0x00,
    0x00, 0x00, 0x00, 0x00, 0x00, 0x00, 0x00, 0x00, 0x00, 0x00, 0x00, 0x00, 0x00, 0x00, 0x00, 0x00,
    0x00, 0x00, 0x00, 0x00, 0x00, 0x00, 0x00, 0x00, 0x00, 0x00, 0x00, 0x00, 0x00, 0x00, 0x00, 0x00,
    0x00, 0x00, 0x00, 0x00, 0x00, 0x00, 0x00, 0x00, 0x00, 0x00, 0x00, 0x00, 0x00, 0x00, 0x00, 0x00,
    0x00, 0x00, 0x00, 0x00, 0x00, 0x00, 0x00, 0x00, 0x00, 0x00, 0x00, 0x00, 0x00, 0x00, 0x00, 0x00,
    0x00, 0x00, 0x00, 0x00, 0x00, 0x00, 0x00, 0x00, 0x00, 0x00, 0x00, 0x00, 0x00, 0x00, 0x00, 0x00,
    0x00, 0x00, 0x00, 0x00, 0x00, 0x00, 0x00, 0x00, 0x00, 0x00, 0x00, 0x00, 0x00, 0x00, 0x00, 0x00,
    0x00, 0x00, 0x00, 0x00, 0x00, 0x00, 0x00, 0x00, 0x00, 0x00, 0x00, 0x00, 0x00, 0x00, 0x00, 0x00,
    0x00, 0x00, 0x00, 0x00, 0x00, 0x00, 0x00, 0x00, 0x00, 0x00, 0x00, 0x00, 0x00, 0x00, 0x00, 0x00,
    0x00, 0x00, 0x00, 0x00, 0x00, 0x00, 0x00, 0x00, 0x00, 0x00, 0x00, 0x00, 0x00, 0x00, 0x00, 0x00,
    0x00, 0x00, 0x00, 0x00, 0x00, 0x00, 0x00, 0x00, 0x00, 0x00, 0x00, 0x00, 0x00, 0x00, 0x00, 0x00,
    0x00, 0x00, 0x00, 0x00, 0x00, 0x00, 0x00, 0x00, 0x00, 0x00, 0x00, 0x00, 0x00, 0x00, 0x00, 0x00,
    0x00, 0x00, 0x00, 0x00, 0x00, 0x00, 0x00, 0x00, 0x00, 0x00, 0x00, 0x00, 0x00, 0x00, 0x00, 0x00,
    0x00, 0x00, 0x00, 0x00, 0x00, 0x00, 0x00, 0x00, 0x00, 0x00, 0x00, 0x00, 0x00, 0x00, 0x00, 0x00,
    0x00, 0x00, 0x00, 0x00, 0x00, 0x00, 0x00, 0x00, 0x00, 0x00, 0x00, 0x00, 0x00, 0x00, 0x00, 0x00,
    0x00, 0x00, 0x00, 0x00, 0x00, 0x00, 0x00, 0x00, 0x00, 0x00, 0x00, 0x00, 0x00, 0x00, 0x00, 0x00,
    0x00, 0x00, 0x00, 0x00, 0x00, 0x00, 0x00, 0x00, 0x00, 0x00, 0x00, 0x00, 0x00, 0x00, 0x00, 0x00,
    0x00, 0x00, 0x00, 0x00, 0x00, 0x00, 0x00, 0x00, 0x00, 0x00, 0x00, 0x00, 0x00, 0x00, 0x00, 0x00,
    0x00, 0x00, 0x00, 0x00, 0x00, 0x00, 0x00, 0x00, 0x00, 0x00, 0x00, 0x00, 0x00, 0x00, 0x00, 0x00,
    0x00, 0x00, 0x00, 0x00, 0x00, 0x00, 0x00, 0x00, 0x00, 0x00, 0x00, 0x00, 0x00, 0x00, 0x00, 0x00,
    0x00, 0x00, 0x00, 0x00, 0x00, 0x00, 0x00, 0x00, 0x00, 0x00, 0x00, 0x00, 0x00, 0x00, 0x00, 0x00,
    0x00, 0x00, 0x00, 0x00, 0x00, 0x00, 0x00, 0x00, 0x00, 0x00, 0x00, 0x00, 0x00, 0x00, 0x00, 0x00,
    0x00, 0x00, 0x00, 0x00, 0x00, 0x00, 0x00, 0x00, 0x00, 0x00, 0x00, 0x00, 0x00, 0x00, 0x00, 0x00,
    0x00, 0x00, 0x00, 0x00, 0x00, 0x00, 0x00, 0x00, 0x00, 0x00, 0x00, 0x00, 0x00, 0x00, 0x00, 0x00,
    0x00, 0x00, 0x00, 0x00, 0x00, 0x00, 0x00, 0x00, 0x00, 0x00, 0x00, 0x00, 0x00, 0x00, 0x00, 0x00,
    0x00, 0x00, 0x00, 0x00, 0x00, 0x00, 0x00, 0x00, 0x00, 0x00, 0x00, 0x00, 0x00, 0x00, 0x00, 0x00,
    0x00, 0x00, 0x00, 0x00, 0x00, 0x00, 0x00, 0x00, 0x00, 0x00, 0x00, 0x00, 0x00, 0x00, 0x00, 0x00,
    0x00, 0x00, 0x00, 0x00, 0x00, 0x00, 0x00, 0x00, 0x00, 0x00, 0x00, 0x00, 0x00, 0x00, 0x00, 0x00,
    0x00, 0x00, 0x00, 0x00, 0x00, 0x00, 0x00, 0x00, 0x00, 0x00, 0x00, 0x00, 0x00, 0x00, 0x00, 0x00,
    0x00, 0x00, 0x00, 0x00, 0x00, 0x00, 0x00, 0x00, 0x00, 0x00, 0x00, 0x00, 0x00, 0x00, 0x00, 0x00,
    0x00, 0x00, 0x00, 0x00, 0x00, 0x00, 0x00, 0x00, 0x00, 0x00, 0x00, 0x00, 0x00, 0x00, 0x00, 0x00,
    0x00, 0x00, 0x00, 0x00, 0x00, 0x00, 0x00, 0x00, 0x00, 0x00, 0x00, 0x00, 0x00, 0x00, 0x00, 0x00,
    0x00, 0x00, 0x00, 0x00, 0x00, 0x00, 0x00, 0x00, 0x00, 0x00, 0x00, 0x00, 0x00, 0x00, 0x00, 0x00,
    0x00, 0x00, 0x00, 0x00, 0x00, 0x00, 0x00, 0x00, 0x00, 0x00, 0x00, 0x00, 0x00, 0x00, 0x00, 0x00,
    0x00, 0x00, 0x00, 0x00, 0x00, 0x00, 0x00, 0x00, 0x00, 0x00, 0x00, 0x00, 0x00, 0x00, 0x00, 0x00,
    0x00, 0x00, 0x00, 0x00, 0x00, 0x00, 0x00, 0x00, 0x00, 0x00, 0x00, 0x00, 0x00, 0x00, 0x00, 0x00,
    0x00, 0x00, 0x00, 0x00, 0x00, 0x00, 0x00, 0x00, 0x00, 0x00, 0x00, 0x00, 0x00, 0x00, 0x00, 0x00,
    0x00, 0x00, 0x00, 0x00, 0x00, 0x00, 0x00, 0x00, 0x00, 0x00, 0x00, 0x00, 0x00, 0x00, 0x00, 0x00,
    0x00, 0x00, 0x00, 0x00, 0x00, 0x00, 0x00, 0x00, 0x00, 0x00, 0x00, 0x00, 0x00, 0x00, 0x00, 0x00,
    0x00, 0x00, 0x00, 0x00, 0x00, 0x00, 0x00, 0x00, 0x00, 0x00, 0x00, 0x00, 0x00, 0x00, 0x00, 0x00,
    0x00, 0x00, 0x00, 0x00, 0x00, 0x00, 0x00, 0x00, 0x00, 0x00, 0x00, 0x00, 0x00, 0x00, 0x00, 0x00,
    0x00, 0x00, 0x00, 0x00, 0x00, 0x00, 0x00, 0x00, 0x00, 0x00, 0x00, 0x00, 0x00, 0x00, 0x00, 0x00,
    0x00, 0x00, 0x00, 0x00, 0x00, 0x00, 0x00, 0x00, 0x00, 0x00, 0x00, 0x00, 0x00, 0x00, 0x00, 0x00,
    0x00, 0x00, 0x00, 0x00, 0x00, 0x00, 0x00, 0x00, 0x00, 0x00, 0x00, 0x00, 0x00, 0x00, 0x00, 0x00,
    0x00, 0x00, 0x00, 0x00, 0x00, 0x00, 0x00, 0x00, 0x00, 0x00, 0x00, 0x00, 0x00, 0x00, 0x00, 0x00,
    0x00, 0x00, 0x00, 0x00, 0x00, 0x00, 0x00, 0x00, 0x00, 0x00, 0x00, 0x00, 0x00, 0x00, 0x00, 0x00,
    0x00, 0x00, 0x00, 0x00, 0x00, 0x00, 0x00, 0x00, 0x00, 0x00, 0x00, 0x00, 0x00, 0x00, 0x00, 0x00,
    0x00, 0x00, 0x00, 0x00, 0x00, 0x00, 0x00, 0x00, 0x00, 0x00, 0x00, 0x00, 0x00, 0x00, 0x00, 0x00,
    0x00, 0x00, 0x00, 0x00, 0x00, 0x00, 0x00, 0x00, 0x00, 0x00, 0x00, 0x00, 0x00, 0x00, 0x00, 0x00,
    0x00, 0x00, 0x00, 0x00, 0x00, 0x00, 0x00, 0x00, 0x00, 0x00, 0x00, 0x00, 0x00, 0x00, 0x00, 0x00,
    0x00, 0x00, 0x00, 0x00, 0x00, 0x00, 0x00, 0x00, 0x00, 0x00, 0x00, 0x00, 0x00, 0x00, 0x00, 0x00,
    0x00, 0x00, 0x00, 0x00, 0x00, 0x00, 0x00, 0x00, 0x00, 0x00, 0x00, 0x00, 0x00, 0x00, 0x00, 0x00,
    0x00, 0x00, 0x00, 0x00, 0x00, 0x00, 0x00, 0x00, 0x00, 0x00, 0x00, 0x00, 0x00, 0x00, 0x00, 0x00,
    0x00, 0x00, 0x00, 0x00, 0x00, 0x00, 0x00, 0x00, 0x00, 0x00, 0x00, 0x00, 0x00, 0x00, 0x00, 0x00,
    0x00, 0x00, 0x00, 0x00, 0x00, 0x00, 0x00, 0x00, 0x00, 0x00, 0x00, 0x00, 0x00, 0x00, 0x00, 0x00,
    0x00, 0x00, 0x00, 0x00, 0x00, 0x00, 0x00, 0x00, 0x00, 0x00, 0x00, 0x00, 0x00, 0x00, 0x00, 0x00,
    0x00, 0x00, 0x00, 0x00, 0x00, 0x00, 0x00, 0x00, 0x00, 0x00, 0x00, 0x00, 0x00, 0x00, 0x00, 0x00,
    0x00, 0x00, 0x00, 0x00, 0x00, 0x00, 0x00, 0x00, 0x00, 0x00, 0x00, 0x00, 0x00, 0x00, 0x00, 0x00,
    0x00, 0x00, 0x00, 0x00, 0x00, 0x00, 0x00, 0x00, 0x00, 0x00, 0x00, 0x00, 0x00, 0x00, 0x00, 0x00,
    0x00, 0x00, 0x00, 0x00, 0x00, 0x00, 0x00, 0x00, 0x00, 0x00, 0x00, 0x00, 0x00, 0x00, 0x00, 0x00,
    0x00, 0x00, 0x00, 0x00, 0x00, 0x00, 0x00, 0x00, 0x00, 0x00, 0x00, 0x00, 0x00, 0x00, 0x00, 0x00,
    0x00, 0x00, 0x00, 0x00, 0x00, 0x00, 0x00, 0x00, 0x00, 0x00, 0x00, 0x00, 0x00, 0x00, 0x00, 0x00,
    0x00, 0x00, 0x00, 0x00, 0x00, 0x00, 0x00, 0x00, 0x00, 0x00, 0x00, 0x00, 0x00, 0x00, 0x00, 0x00,
    0x00, 0x00, 0x00, 0x00, 0x00, 0x00, 0x00, 0x00, 0x00, 0x00, 0x00, 0x00, 0x00, 0x00, 0x00, 0x00,
    0x00, 0x00, 0x00, 0x00, 0x00, 0x00, 0x00, 0x00, 0x00, 0x00, 0x00, 0x00, 0x00, 0x00, 0x00, 0x00,
    0x00, 0x00, 0x00, 0x00, 0x00, 0x00, 0x00, 0x00, 0x00, 0x00, 0x00, 0x00, 0x00, 0x00, 0x00, 0x00,
    0x00, 0x00, 0x00, 0x00, 0x00, 0x00, 0x00, 0x00, 0x00, 0x00, 0x00, 0x00, 0x00, 0x00, 0x00, 0x00,
    0x00, 0x00, 0x00, 0x00, 0x00, 0x00, 0x00, 0x00, 0x00, 0x00, 0x00, 0x00, 0x00, 0x00, 0x00, 0x00,
    0x00, 0x00, 0x00, 0x00, 0x00, 0x00, 0x00, 0x00, 0x00, 0x00, 0x00, 0x00, 0x00, 0x00, 0x00, 0x00,
    0x00, 0x00, 0x00, 0x00, 0x00, 0x00, 0x00, 0x00, 0x00, 0x00, 0x00, 0x00, 0x00, 0x00, 0x00, 0x00,
    0x00, 0x00, 0x00, 0x00, 0x00, 0x00, 0x00, 0x00, 0x00, 0x00, 0x00, 0x00, 0x00, 0x00, 0x00, 0x00,
    0x00, 0x00, 0x00, 0x00, 0x00, 0x00, 0x00, 0x00, 0x00, 0x00, 0x00, 0x00, 0x00, 0x00, 0x00, 0x00,
    0x00, 0x00, 0x00, 0x00, 0x00, 0x00, 0x00, 0x00, 0x00, 0x00, 0x00, 0x00, 0x00, 0x00, 0x00, 0x00,
    0x00, 0x00, 0x00, 0x00, 0x00, 0x00, 0x00, 0x00, 0x00, 0x00, 0x00, 0x00, 0x00, 0x00, 0x00, 0x00,
    0x00, 0x00, 0x00, 0x00, 0x00, 0x00, 0x00, 0x00, 0x00, 0x00, 0x00, 0x00, 0x00, 0x00, 0x00, 0x00,
    0x00, 0x00, 0x00, 0x00, 0x00, 0x00, 0x00, 0x00, 0x00, 0x00, 0x00, 0x00, 0x00, 0x00, 0x00, 0x00,
    0x00, 0x00, 0x00, 0x00, 0x00, 0x00, 0x00, 0x00, 0x00, 0x00, 0x00, 0x00, 0x00, 0x00, 0x00, 0x00,
    0x00, 0x00, 0x00, 0x00, 0x00, 0x00, 0x00, 0x00, 0x00, 0x00, 0x00, 0x00, 0x00, 0x00, 0x00, 0x00,
    0x00, 0x00, 0x00, 0x00, 0x00, 0x00, 0x00, 0x00, 0x00, 0x00, 0x00, 0x00, 0x00, 0x00, 0x00, 0x00,
    0x00, 0x00, 0x00, 0x00, 0x00, 0x00, 0x00, 0x00, 0x00, 0x00, 0x00, 0x00, 0x00, 0x00, 0x00, 0x00,
    0x00, 0x00, 0x00, 0x00, 0x00, 0x00, 0x00, 0x00, 0x00, 0x00, 0x00, 0x00, 0x00, 0x00, 0x00, 0x00,
    0x00, 0x00, 0x00, 0x00, 0x00, 0x00, 0x00, 0x00, 0x00, 0x00, 0x00, 0x00, 0x00, 0x00, 0x00, 0x00,
    0x00, 0x00, 0x00, 0x00, 0x00, 0x00, 0x00, 0x00, 0x00, 0x00, 0x00, 0x00, 0x00, 0x00, 0x00, 0x00,
    0x00, 0x00, 0x00, 0x00, 0x00, 0x00, 0x00, 0x00, 0x00, 0x00, 0x00, 0x00, 0x00, 0x00, 0x00, 0x00,
    0x00, 0x00, 0x00, 0x00, 0x00, 0x00, 0x00, 0x00, 0x00, 0x00, 0x00, 0x00, 0x00, 0x00, 0x00, 0x00,
    0x00, 0x00, 0x00, 0x00, 0x00, 0x00, 0x00, 0x00, 0x00, 0x00, 0x00, 0x00, 0x00, 0x00, 0x00, 0x00,
    0x00, 0x00, 0x00, 0x00, 0x00, 0x00, 0x00, 0x00, 0x00, 0x00, 0x00, 0x00, 0x00, 0x00, 0x00, 0x00,
    0x00, 0x00, 0x00, 0x00, 0x00, 0x00, 0x00, 0x00, 0x00, 0x00, 0x00, 0x00, 0x00, 0x00, 0x00, 0x00,
    0x00, 0x00, 0x00, 0x00, 0x00, 0x00, 0x00, 0x00, 0x00, 0x00, 0x00, 0x00, 0x00, 0x00, 0x00, 0x00,
    0x00, 0x00, 0x00, 0x00, 0x00, 0x00, 0x00, 0x00, 0x00, 0x00, 0x00, 0x00, 0x00, 0x00, 0x00, 0x00,
    0x00, 0x00, 0x00, 0x00, 0x00, 0x00, 0x00, 0x00, 0x00, 0x00, 0x00, 0x00, 0x00, 0x00, 0x00, 0x00,
    0x00, 0x00, 0x00, 0x00, 0x00, 0x00, 0x00, 0x00, 0x00, 0x00, 0x00, 0x00, 0x00, 0x00, 0x00, 0x00,
    0x00, 0x00, 0x00, 0x00, 0x00, 0x00, 0x00, 0x00, 0x00, 0x00, 0x00, 0x00, 0x00, 0x00, 0x00, 0x00,
    0x00, 0x00, 0x00, 0x00, 0x00, 0x00, 0x00, 0x00, 0x00, 0x00, 0x00, 0x00, 0x00, 0x00, 0x00, 0x00,
    0x00, 0x00, 0x00, 0x00, 0x00, 0x00, 0x00, 0x00, 0x00, 0x00, 0x00, 0x00, 0x00, 0x00, 0x00, 0x00,
    0x00, 0x00, 0x00, 0x00, 0x00, 0x00, 0x00, 0x00, 0x00, 0x00, 0x00, 0x00, 0x00, 0x00, 0x00, 0x00,
    0x00, 0x00, 0x00, 0x00, 0x00, 0x00, 0x00, 0x00, 0x00, 0x00, 0x00, 0x00, 0x00, 0x00, 0x00, 0x00,
    0x00, 0x00, 0x00, 0x00, 0x00, 0x00, 0x00, 0x00, 0x00, 0x00, 0x00, 0x00, 0x00, 0x00, 0x00, 0x00,
    0x00, 0x00, 0x00, 0x00, 0x00, 0x00, 0x00, 0x00, 0x00, 0x00, 0x00, 0x00, 0x00, 0x00, 0x00, 0x00,
    0x00, 0x00, 0x00, 0x00, 0x00, 0x00, 0x00, 0x00, 0x00, 0x00, 0x00, 0x00, 0x00, 0x00, 0x00, 0x00,
    0x00, 0x00, 0x00, 0x00, 0x00, 0x00, 0x00, 0x00, 0x00, 0x00, 0x00, 0x00, 0x00, 0x00, 0x00, 0x00,
    0x00, 0x00, 0x00, 0x00, 0x00, 0x00, 0x00, 0x00, 0x00, 0x00, 0x00, 0x00, 0x00, 0x00, 0x00, 0x00,
    0x00, 0x00, 0x00, 0x00, 0x00, 0x00, 0x00, 0x00, 0x00, 0x00, 0x00, 0x00, 0x00, 0x00, 0x00, 0x00,
    0x00, 0x00, 0x00, 0x00, 0x00, 0x00, 0x00, 0x00, 0x00, 0x00, 0x00, 0x00, 0x00, 0x00, 0x00, 0x00,
    0x00, 0x00, 0x00, 0x00, 0x00, 0x00, 0x00, 0x00, 0x00, 0x00, 0x00, 0x00, 0x00, 0x00, 0x00, 0x00,
    0x00, 0x00, 0x00, 0x00, 0x00, 0x00, 0x00, 0x00, 0x00, 0x00, 0x00, 0x00, 0x00, 0x00, 0x00, 0x00,
    0x00, 0x00, 0x00, 0x00, 0x00, 0x00, 0x00, 0x00, 0x00, 0x00, 0x00, 0x00, 0x00, 0x00, 0x00, 0x00,
    0x00, 0x00, 0x00, 0x00, 0x00, 0x00, 0x00, 0x00, 0x00, 0x00, 0x00, 0x00, 0x00, 0x00, 0x00, 0x00,
    0x00, 0x00, 0x00, 0x00, 0x00, 0x00, 0x00, 0x00, 0x00, 0x00, 0x00, 0x00, 0x00, 0x00, 0x00, 0x00,
    0x00, 0x00, 0x00, 0x00, 0x00, 0x00, 0x00, 0x00, 0x00, 0x00, 0x00, 0x00, 0x00, 0x00, 0x00, 0x00,
    0x00, 0x00, 0x00, 0x00, 0x00, 0x00, 0x00, 0x00, 0x00, 0x00, 0x00, 0x00, 0x00, 0x00, 0x00, 0x00,
    0x00, 0x00, 0x00, 0x00, 0x00, 0x00, 0x00, 0x00, 0x00, 0x00, 0x00, 0x00, 0x00, 0x00, 0x00, 0x00,
    0x00, 0x00, 0x00, 0x00, 0x00, 0x00, 0x00, 0x00, 0x00, 0x00, 0x00, 0x00, 0x00, 0x00, 0x00, 0x00,
    0x00, 0x00, 0x00, 0x00, 0x00, 0x00, 0x00, 0x00, 0x00, 0x00, 0x00, 0x00, 0x00, 0x00, 0x00, 0x00,
    0x00, 0x00, 0x00, 0x00, 0x00, 0x00, 0x00, 0x00, 0x00, 0x00, 0x00, 0x00, 0x00, 0x00, 0x00, 0x00,
    0x00, 0x00, 0x00, 0x00, 0x00, 0x00, 0x00, 0x00, 0x00, 0x00, 0x00, 0x00, 0x00, 0x00, 0x00, 0x00,
    0x00, 0x00, 0x00, 0x00, 0x00, 0x00, 0x00, 0x00, 0x00, 0x00, 0x00, 0x00, 0x00, 0x00, 0x00, 0x00,
    0x00, 0x00, 0x00, 0x00, 0x00, 0x00, 0x00, 0x00, 0x00, 0x00, 0x00, 0x00, 0x00, 0x00, 0x00, 0x00,
    0x00, 0x00, 0x00, 0x00, 0x00, 0x00, 0x00, 0x00, 0x00, 0x00, 0x00, 0x00, 0x00, 0x00, 0x00, 0x00,
    0x00, 0x00, 0x00, 0x00, 0x00, 0x00, 0x00, 0x00, 0x00, 0x00, 0x00, 0x00, 0x00, 0x00, 0x00, 0x00,
    0x00, 0x00, 0x00, 0x00, 0x00, 0x00, 0x00, 0x00, 0x00, 0x00, 0x00, 0x00, 0x00, 0x00, 0x00, 0x00,
    0x00, 0x00, 0x00, 0x00, 0x00, 0x00, 0x00, 0x00, 0x00, 0x00, 0x00, 0x00, 0x00, 0x00, 0x00, 0x00,
    0x00, 0x00, 0x00, 0x00, 0x00, 0x00, 0x00, 0x00, 0x00, 0x00, 0x00, 0x00, 0x00, 0x00, 0x00, 0x00,
    0x00, 0x00, 0x00, 0x00, 0x00, 0x00, 0x00, 0x00, 0x00, 0x00, 0x00, 0x00, 0x00, 0x00, 0x00, 0x00,
    0x00, 0x00, 0x00, 0x00, 0x00, 0x00, 0x00, 0x00, 0x00, 0x00, 0x00, 0x00, 0x00, 0x00, 0x00, 0x00,
    0x00, 0x00, 0x00, 0x00, 0x00, 0x00, 0x00, 0x00, 0x00, 0x00, 0x00, 0x00, 0x00, 0x00, 0x00, 0x00,
    0x00, 0x00, 0x00, 0x00, 0x00, 0x00, 0x00, 0x00, 0x00, 0x00, 0x00, 0x00, 0x00, 0x00, 0x00, 0x00,
    0x00, 0x00, 0x00, 0x00, 0x00, 0x00, 0x00, 0x00, 0x00, 0x00, 0x00, 0x00, 0x00, 0x00, 0x00, 0x00,
    0x00, 0x00, 0x00, 0x00, 0x00, 0x00, 0x00, 0x00, 0x00, 0x00, 0x00, 0x00, 0x00, 0x00, 0x00, 0x00,
    0x00, 0x00, 0x00, 0x00, 0x00, 0x00, 0x00, 0x00, 0x00, 0x00, 0x00, 0x00, 0x00, 0x00, 0x00, 0x00,
    0x00, 0x00, 0x00, 0x00, 0x00, 0x00, 0x00, 0x00, 0x00, 0x00, 0x00, 0x00, 0x00, 0x00, 0x00, 0x00,
    0x00, 0x00, 0x00, 0x00, 0x00, 0x00, 0x00, 0x00, 0x00, 0x00, 0x00, 0x00, 0x00, 0x00, 0x00, 0x00,
    0x00, 0x00, 0x00, 0x00, 0x00, 0x00, 0x00, 0x00, 0x00, 0x00, 0x00, 0x00, 0x00, 0x00, 0x00, 0x00,
    0x00, 0x00, 0x00, 0x00, 0x00, 0x00, 0x00, 0x00, 0x00, 0x00, 0x00, 0x00, 0x00, 0x00, 0x00, 0x00,
    0x00, 0x00, 0x00, 0x00, 0x00, 0x00, 0x00, 0x00, 0x00, 0x00, 0x00, 0x00, 0x00, 0x00, 0x00, 0x00,
    0x00, 0x00, 0x00, 0x00, 0x00, 0x00, 0x00, 0x00, 0x00, 0x00, 0x00, 0x00, 0x00, 0x00, 0x00, 0x00,
    0x00, 0x00, 0x00, 0x00, 0x00, 0x00, 0x00, 0x00, 0x00, 0x00, 0x00, 0x00, 0x00, 0x00, 0x00, 0x00,
    0x00, 0x00, 0x00, 0x00, 0x00, 0x00, 0x00, 0x00, 0x00, 0x00, 0x00, 0x00, 0x00, 0x00, 0x00, 0x00,
    0x00, 0x00, 0x00, 0x00, 0x00, 0x00, 0x00, 0x00, 0x00, 0x00, 0x00, 0x00, 0x00, 0x00, 0x00, 0x00,
    0x00, 0x00, 0x00, 0x00, 0x00, 0x00, 0x00, 0x00, 0x00, 0x00, 0x00, 0x00, 0x00, 0x00, 0x00, 0x00,
    0x00, 0x00, 0x00, 0x00, 0x00, 0x00, 0x00, 0x00, 0x00, 0x00, 0x00, 0x00, 0x00, 0x00, 0x00, 0x00,
    0x00, 0x00, 0x00, 0x00, 0x00, 0x00, 0x00, 0x00, 0x00, 0x00, 0x00, 0x00, 0x00, 0x00, 0x00, 0x00,
    0x00, 0x00, 0x00, 0x00, 0x00, 0x00, 0x00, 0x00, 0x00, 0x00, 0x00, 0x00, 0x00, 0x00, 0x00, 0x00,
    0x00, 0x00, 0x00, 0x00, 0x00, 0x00, 0x00, 0x00, 0x00, 0x00, 0x00, 0x00, 0x00, 0x00, 0x00, 0x00,
    0x00, 0x00, 0x00, 0x00, 0x00, 0x00, 0x00, 0x00, 0x00, 0x00, 0x00, 0x00, 0x00, 0x00, 0x00, 0x00,
    0x00, 0x00, 0x00, 0x00, 0x00, 0x00, 0x00, 0x00, 0x00, 0x00, 0x00, 0x00, 0x00, 0x00, 0x00, 0x00,
    0x00, 0x00, 0x00, 0x00, 0x00, 0x00, 0x00, 0x00, 0x00, 0x00, 0x00, 0x00, 0x00, 0x00, 0x00, 0x00,
    0x00, 0x00, 0x00, 0x00, 0x00, 0x00, 0x00, 0x00, 0x00, 0x00, 0x00, 0x00, 0x00, 0x00, 0x00, 0x00,
    0x00, 0x00, 0x00, 0x00, 0x00, 0x00, 0x00, 0x00, 0x00, 0x00, 0x00, 0x00, 0x00, 0x00, 0x00, 0x00,
    0x00, 0x00, 0x00, 0x00, 0x00, 0x00, 0x00, 0x00, 0x00, 0x00, 0x00, 0x00, 0x00, 0x00, 0x00, 0x00,
    0x00, 0x00, 0x00, 0x00, 0x00, 0x00, 0x00, 0x00, 0x00, 0x00, 0x00, 0x00, 0x00, 0x00, 0x00, 0x00,
    0x00, 0x00, 0x00, 0x00, 0x00, 0x00, 0x00, 0x00, 0x00, 0x00, 0x00, 0x00, 0x00, 0x00, 0x00, 0x00,
    0x00, 0x00, 0x00, 0x00, 0x00, 0x00, 0x00, 0x00, 0x00, 0x00, 0x00, 0x00, 0x00, 0x00, 0x00, 0x00,
    0x00, 0x00, 0x00, 0x00, 0x00, 0x00, 0x00, 0x00, 0x00, 0x00, 0x00, 0x00, 0x00, 0x00, 0x00, 0x00,
    0x00, 0x00, 0x00, 0x00, 0x00, 0x00, 0x00, 0x00, 0x00, 0x00, 0x00, 0x00, 0x00, 0x00, 0x00, 0x00,
    0x00, 0x00, 0x00, 0x00, 0x00, 0x00, 0x00, 0x00, 0x00, 0x00, 0x00, 0x00, 0x00, 0x00, 0x00, 0x00,
    0x00, 0x00, 0x00, 0x00, 0x00, 0x00, 0x00, 0x00, 0x00, 0x00, 0x00, 0x00, 0x00, 0x00, 0x00, 0x00,
    0x00, 0x00, 0x00, 0x00, 0x00, 0x00, 0x00, 0x00, 0x00, 0x00, 0x00, 0x00, 0x00, 0x00, 0x00, 0x00,
    0x00, 0x00, 0x00, 0x00, 0x00, 0x00, 0x00, 0x00, 0x00, 0x00, 0x00, 0x00, 0x00, 0x00, 0x00, 0x00,
    0x00, 0x00, 0x00, 0x00, 0x00, 0x00, 0x00, 0x00, 0x00, 0x00, 0x00, 0x00, 0x00, 0x00, 0x00, 0x00,
    0x00, 0x00, 0x00, 0x00, 0x00, 0x00, 0x00, 0x00, 0x00, 0x00, 0x00, 0x00, 0x00, 0x00, 0x00, 0x00,
    0x00, 0x00, 0x00, 0x00, 0x00, 0x00, 0x00, 0x00, 0x00, 0x00, 0x00, 0x00, 0x00, 0x00, 0x00, 0x00,
    0x00, 0x00, 0x00, 0x00, 0x00, 0x00, 0x00, 0x00, 0x00, 0x00, 0x00, 0x00, 0x00, 0x00, 0x00, 0x00,
    0x00, 0x00, 0x00, 0x00, 0x00, 0x00, 0x00, 0x00, 0x00, 0x00, 0x00, 0x00, 0x00, 0x00, 0x00, 0x00,
    0x00, 0x00, 0x00, 0x00, 0x00, 0x00, 0x00, 0x00, 0x00, 0x00, 0x00, 0x00, 0x00, 0x00, 0x00, 0x00,
    0x00, 0x00, 0x00, 0x00, 0x00, 0x00, 0x00, 0x00, 0x00, 0x00, 0x00, 0x00, 0x00, 0x00, 0x00, 0x00,
    0x00, 0x00, 0x00, 0x00, 0x00, 0x00, 0x00, 0x00, 0x00, 0x00, 0x00, 0x00, 0x00, 0x00, 0x00, 0x00,
    0x00, 0x00, 0x00, 0x00, 0x00, 0x00, 0x00, 0x00, 0x00, 0x00, 0x00, 0x00, 0x00, 0x00, 0x00, 0x00,
    0x00, 0x00, 0x00, 0x00, 0x00, 0x00, 0x00, 0x00, 0x00, 0x00, 0x00, 0x00, 0x00, 0x00, 0x00, 0x00,
    0x00, 0x00, 0x00, 0x00, 0x00, 0x00, 0x00, 0x00, 0x00, 0x00, 0x00, 0x00, 0x00, 0x00, 0x00, 0x00,
    0x00, 0x00, 0x00, 0x00, 0x00, 0x00, 0x00, 0x00, 0x00, 0x00, 0x00, 0x00, 0x00, 0x00, 0x00, 0x00,
    0x00, 0x00, 0x00, 0x00, 0x00, 0x00, 0x00, 0x00, 0x00, 0x00, 0x00, 0x00, 0x00, 0x00, 0x00, 0x00,
    0x00, 0x00, 0x00, 0x00, 0x00, 0x00, 0x00, 0x00, 0x00, 0x00, 0x00, 0x00, 0x00, 0x00, 0x00, 0x00,
    0x00, 0x00, 0x00, 0x00, 0x00, 0x00, 0x00, 0x00, 0x00, 0x00, 0x00, 0x00, 0x00, 0x00, 0x00, 0x00,
    0x00, 0x00, 0x00, 0x00, 0x00, 0x00, 0x00, 0x00, 0x00, 0x00, 0x00, 0x00, 0x00, 0x00, 0x00, 0x00,
    0x00, 0x00, 0x00, 0x00, 0x00, 0x00, 0x00, 0x00, 0x00, 0x00, 0x00, 0x00, 0x00, 0x00, 0x00, 0x00,
    0x00, 0x00, 0x00, 0x00, 0x00, 0x00, 0x00, 0x00, 0x00, 0x00, 0x00, 0x00, 0x00, 0x00, 0x00, 0x00,
    0x00, 0x00, 0x00, 0x00, 0x00, 0x00, 0x00, 0x00, 0x00, 0x00, 0x00, 0x00, 0x00, 0x00, 0x00, 0x00,
    0x00, 0x00, 0x00, 0x00, 0x00, 0x00, 0x00, 0x00, 0x00, 0x00, 0x00, 0x00, 0x00, 0x00, 0x00, 0x00,
    0x00, 0x00, 0x00, 0x00, 0x00, 0x00, 0x00, 0x00, 0x00, 0x00, 0x00, 0x00, 0x00, 0x00, 0x00, 0x00,
    0x00, 0x00, 0x00, 0x00, 0x00, 0x00, 0x00, 0x00, 0x00, 0x00, 0x00, 0x00, 0x00, 0x00, 0x00, 0x00,
    0x00, 0x00, 0x00, 0x00, 0x00, 0x00, 0x00, 0x00, 0x00, 0x00, 0x00, 0x00, 0x00, 0x00, 0x00, 0x00,
    0x00, 0x00, 0x00, 0x00, 0x00, 0x00, 0x00, 0x00, 0x00, 0x00, 0x00, 0x00, 0x00, 0x00, 0x00, 0x00,
    0x00, 0x00, 0x00, 0x00, 0x00, 0x00, 0x00, 0x00, 0x00, 0x00, 0x00, 0x00, 0x00, 0x00, 0x00, 0x00,
    0x00, 0x00, 0x00, 0x00, 0x00, 0x00, 0x00, 0x00, 0x00, 0x00, 0x00, 0x00, 0x00, 0x00, 0x00, 0x00,
    0x00, 0x00, 0x00, 0x00, 0x00, 0x00, 0x00, 0x00, 0x00, 0x00, 0x00, 0x00, 0x00, 0x00, 0x00, 0x00,
    0x00, 0x00, 0x00, 0x00, 0x00, 0x00, 0x00, 0x00, 0x00, 0x00, 0x00, 0x00, 0x00, 0x00, 0x00, 0x00,
    0x00, 0x00, 0x00, 0x00, 0x00, 0x00, 0x00, 0x00, 0x00, 0x00, 0x00, 0x00, 0x00, 0x00, 0x00, 0x00,
    0x00, 0x00, 0x00, 0x00, 0x00, 0x00, 0x00, 0x00, 0x00, 0x00, 0x00, 0x00, 0x00, 0x00, 0x00, 0x00,
    0x00, 0x00, 0x00, 0x00, 0x00, 0x00, 0x00, 0x00, 0x00, 0x00, 0x00, 0x00, 0x00, 0x00, 0x00, 0x00,
    0x00, 0x00, 0x00, 0x00, 0x00, 0x00, 0x00, 0x00, 0x00, 0x00, 0x00, 0x00, 0x00, 0x00, 0x00, 0x00,
    0x00, 0x00, 0x00, 0x00, 0x00, 0x00, 0x00, 0x00, 0x00, 0x00, 0x00, 0x00, 0x00, 0x00, 0x00, 0x00,
    0x00, 0x00, 0x00, 0x00, 0x00, 0x00, 0x00, 0x00, 0x00, 0x00, 0x00, 0x00, 0x00, 0x00, 0x00, 0x00,
    0x00, 0x00, 0x00, 0x00, 0x00, 0x00, 0x00, 0x00, 0x00, 0x00, 0x00, 0x00, 0x00, 0x00, 0x00, 0x00,
    0x00, 0x00, 0x00, 0x00, 0x00, 0x00, 0x00, 0x00, 0x00, 0x00, 0x00, 0x00, 0x00, 0x00, 0x00, 0x00,
    0x00, 0x00, 0x00, 0x00, 0x00, 0x00, 0x00, 0x00, 0x00, 0x00, 0x00, 0x00, 0x00, 0x00, 0x00, 0x00,
    0x00, 0x00, 0x00, 0x00, 0x00, 0x00, 0x00, 0x00, 0x00, 0x00, 0x00, 0x00, 0x00, 0x00, 0x00, 0x00,
    0x00, 0x00, 0x00, 0x00, 0x00, 0x00, 0x00, 0x00, 0x00, 0x00, 0x00, 0x00, 0x00, 0x00, 0x00, 0x00,
    0x00, 0x00, 0x00, 0x00, 0x00, 0x00, 0x00, 0x00, 0x00, 0x00, 0x00, 0x00, 0x00, 0x00, 0x00, 0x00,
    0x00, 0x00, 0x00, 0x00, 0x00, 0x00, 0x00, 0x00, 0x00, 0x00, 0x00, 0x00, 0x00, 0x00, 0x00, 0x00,
    0x00, 0x00, 0x00, 0x00, 0x00, 0x00, 0x00, 0x00, 0x00, 0x00, 0x00, 0x00, 0x00, 0x00, 0x00, 0x00,
    0x00, 0x00, 0x00, 0x00, 0x00, 0x00, 0x00, 0x00, 0x00, 0x00, 0x00, 0x00, 0x00, 0x00, 0x00, 0x00,
    0x00, 0x00, 0x00, 0x00, 0x00, 0x00, 0x00, 0x00, 0x00, 0x00, 0x00, 0x00, 0x00, 0x00, 0x00, 0x00,
    0x00, 0x00, 0x00, 0x00, 0x00, 0x00, 0x00, 0x00, 0x00, 0x00, 0x00, 0x00, 0x00, 0x00, 0x00, 0x00,
    0x00, 0x00, 0x00, 0x00, 0x00, 0x00, 0x00, 0x00, 0x00, 0x00, 0x00, 0x00, 0x00, 0x00, 0x00, 0x00,
    0x00, 0x00, 0x00, 0x00, 0x00, 0x00, 0x00, 0x00, 0x00, 0x00, 0x00, 0x00, 0x00, 0x00, 0x00, 0x00,
    0x00, 0x00, 0x00, 0x00, 0x00, 0x00, 0x00, 0x00, 0x00, 0x00, 0x00, 0x00, 0x00, 0x00, 0x00, 0x00,
    0x00, 0x00, 0x00, 0x00, 0x00, 0x00, 0x00, 0x00, 0x00, 0x00, 0x00, 0x00, 0x00, 0x00, 0x00, 0x00,
    0x00, 0x00, 0x00, 0x00, 0x00, 0x00, 0x00, 0x00, 0x00, 0x00, 0x00, 0x00, 0x00, 0x00, 0x00, 0x00,
    0x00, 0x00, 0x00, 0x00, 0x00, 0x00, 0x00, 0x00, 0x00, 0x00, 0x00, 0x00, 0x00, 0x00, 0x00, 0x00,
    0x00, 0x00, 0x00, 0x00, 0x00, 0x00, 0x00, 0x00, 0x00, 0x00, 0x00, 0x00, 0x00, 0x00, 0x00, 0x00,
    0x00, 0x00, 0x00, 0x00, 0x00, 0x00, 0x00, 0x00, 0x00, 0x00, 0x00, 0x00, 0x00, 0x00, 0x00, 0x00,
    0x00, 0x00, 0x00, 0x00, 0x00, 0x00, 0x00, 0x00, 0x00, 0x00, 0x00, 0x00, 0x00, 0x00, 0x00, 0x00,
    0x00, 0x00, 0x00, 0x00, 0x00, 0x00, 0x00, 0x00, 0x00, 0x00, 0x00, 0x00, 0x00, 0x00, 0x00, 0x00,
    0x00, 0x00, 0x00, 0x00, 0x00, 0x00, 0x00, 0x00, 0x00, 0x00, 0x00, 0x00, 0x00, 0x00, 0x00, 0x00,
    0x00, 0x00, 0x00, 0x00, 0x00, 0x00, 0x00, 0x00, 0x00, 0x00, 0x00, 0x00, 0x00, 0x00, 0x00, 0x00,
    0x00, 0x00, 0x00, 0x00, 0x00, 0x00, 0x00, 0x00, 0x00, 0x00, 0x00, 0x00, 0x00, 0x00, 0x00, 0x00,
    0x00, 0x00, 0x00, 0x00, 0x00, 0x00, 0x00, 0x00, 0x00, 0x00, 0x00, 0x00, 0x00, 0x00, 0x00, 0x00,
    0x00, 0x00, 0x00, 0x00, 0x00, 0x00, 0x00, 0x00, 0x00, 0x00, 0x00, 0x00, 0x00, 0x00, 0x00, 0x00,
    0x00, 0x00, 0x00, 0x00, 0x00, 0x00, 0x00, 0x00, 0x00, 0x00, 0x00, 0x00, 0x00, 0x00, 0x00, 0x00,
    0x00, 0x00, 0x00, 0x00, 0x00, 0x00, 0x00, 0x00, 0x00, 0x00, 0x00, 0x00, 0x00, 0x00, 0x00, 0x00,
    0x00, 0x00, 0x00, 0x00, 0x00, 0x00, 0x00, 0x00, 0x00, 0x00, 0x00, 0x00, 0x00, 0x00, 0x00, 0x00,
    0x00, 0x00, 0x00, 0x00, 0x00, 0x00, 0x00, 0x00, 0x00, 0x00, 0x00, 0x00, 0x00, 0x00, 0x00, 0x00,
    0x00, 0x00, 0x00, 0x00, 0x00, 0x00, 0x00, 0x00, 0x00, 0x00, 0x00, 0x00, 0x00, 0x00, 0x00, 0x00,
    0x00, 0x00, 0x00, 0x00, 0x00, 0x00, 0x00, 0x00, 0x00, 0x00, 0x00, 0x00, 0x00, 0x00, 0x00, 0x00,
    0x00, 0x00, 0x00, 0x00, 0x00, 0x00, 0x00, 0x00, 0x00, 0x00, 0x00, 0x00, 0x00, 0x00, 0x00, 0x00,
    0x00, 0x00, 0x00, 0x00, 0x00, 0x00, 0x00, 0x00, 0x00, 0x00, 0x00, 0x00, 0x00, 0x00, 0x00, 0x00,
    0x00, 0x00, 0x00, 0x00, 0x00, 0x00, 0x00, 0x00, 0x00, 0x00, 0x00, 0x00, 0x00, 0x00, 0x00, 0x00,
    0x00, 0x00, 0x00, 0x00, 0x00, 0x00, 0x00, 0x00, 0x00, 0x00, 0x00, 0x00, 0x00, 0x00, 0x00, 0x00,
    0x00, 0x00, 0x00, 0x00, 0x00, 0x00, 0x00, 0x00, 0x00, 0x00, 0x00, 0x00, 0x00, 0x00, 0x00, 0x00,
    0x00, 0x00, 0x00, 0x00, 0x00, 0x00, 0x00, 0x00, 0x00, 0x00, 0x00, 0x00, 0x00, 0x00, 0x00, 0x00,
    0x00, 0x00, 0x00, 0x00, 0x00, 0x00, 0x00, 0x00, 0x00, 0x00, 0x00, 0x00, 0x00, 0x00, 0x00, 0x00,
    0x00, 0x00, 0x00, 0x00, 0x00, 0x00, 0x00, 0x00, 0x00, 0x00, 0x00, 0x00, 0x00, 0x00, 0x00, 0x00,
    0x00, 0x00, 0x00, 0x00, 0x00, 0x00, 0x00, 0x00, 0x00, 0x00, 0x00, 0x00, 0x00, 0x00, 0x00, 0x00,
    0x00, 0x00, 0x00, 0x00, 0x00, 0x00, 0x00, 0x00, 0x00, 0x00, 0x00, 0x00, 0x00, 0x00, 0x00, 0x00,
    0x00, 0x00, 0x00, 0x00, 0x00, 0x00, 0x00, 0x00, 0x00, 0x00, 0x00, 0x00, 0x00, 0x00, 0x00, 0x00,
    0x00, 0x00, 0x00, 0x00, 0x00, 0x00, 0x00, 0x00, 0x00, 0x00, 0x00, 0x00, 0x00, 0x00, 0x00, 0x00,
    0x00, 0x00, 0x00, 0x00, 0x00, 0x00, 0x00, 0x00, 0x00, 0x00, 0x00, 0x00, 0x00, 0x00, 0x00, 0x00,
    0x00, 0x00, 0x00, 0x00, 0x00, 0x00, 0x00, 0x00, 0x00, 0x00, 0x00, 0x00, 0x00, 0x00, 0x00, 0x00,
    0x00, 0x00, 0x00, 0x00, 0x00, 0x00, 0x00, 0x00, 0x00, 0x00, 0x00, 0x00, 0x00, 0x00, 0x00, 0x00,
    0x00, 0x00, 0x00, 0x00, 0x00, 0x00, 0x00, 0x00, 0x00, 0x00, 0x00, 0x00, 0x00, 0x00, 0x00, 0x00,
    0x00, 0x00, 0x00, 0x00, 0x00, 0x00, 0x00, 0x00, 0x00, 0x00, 0x00, 0x00, 0x00, 0x00, 0x00, 0x00,
    0x00, 0x00, 0x00, 0x00, 0x00, 0x00, 0x00, 0x00, 0x00, 0x00, 0x00, 0x00, 0x00, 0x00, 0x00, 0x00,
    0x00, 0x00, 0x00, 0x00, 0x00, 0x00, 0x00, 0x00, 0x00, 0x00, 0x00, 0x00, 0x00, 0x00, 0x00, 0x00,
    0x00, 0x00, 0x00, 0x00, 0x00, 0x00, 0x00, 0x00, 0x00, 0x00, 0x00, 0x00, 0x00, 0x00, 0x00, 0x00,
    0x00, 0x00, 0x00, 0x00, 0x00, 0x00, 0x00, 0x00, 0x00, 0x00, 0x00, 0x00, 0x00, 0x00, 0x00, 0x00,
    0x00, 0x00, 0x00, 0x00, 0x00, 0x00, 0x00, 0x00, 0x00, 0x00, 0x00, 0x00, 0x00, 0x00, 0x00, 0x00,
    0x00, 0x00, 0x00, 0x00, 0x00, 0x00, 0x00, 0x00, 0x00, 0x00, 0x00, 0x00, 0x00, 0x00, 0x00, 0x00,
    0x00, 0x00, 0x00, 0x00, 0x00, 0x00, 0x00, 0x00, 0x00, 0x00, 0x00, 0x00, 0x00, 0x00, 0x00, 0x00,
    0x00, 0x00, 0x00, 0x00, 0x00, 0x00, 0x00, 0x00, 0x00, 0x00, 0x00, 0x00, 0x00, 0x00, 0x00, 0x00,
    0x00, 0x00, 0x00, 0x00, 0x00, 0x00, 0x00, 0x00, 0x00, 0x00, 0x00, 0x00, 0x00, 0x00, 0x00, 0x00,
    0x00, 0x00, 0x00, 0x00, 0x00, 0x00, 0x00, 0x00, 0x00, 0x00, 0x00, 0x00, 0x00, 0x00, 0x00, 0x00,
    0x00, 0x00, 0x00, 0x00, 0x00, 0x00, 0x00, 0x00, 0x00, 0x00, 0x00, 0x00, 0x00, 0x00, 0x00, 0x00,
    0x00, 0x00, 0x00, 0x00, 0x00, 0x00, 0x00, 0x00, 0x00, 0x00, 0x00, 0x00, 0x00, 0x00, 0x00, 0x00,
    0x00, 0x00, 0x00, 0x00, 0x00, 0x00, 0x00, 0x00, 0x00, 0x00, 0x00, 0x00, 0x00, 0x00, 0x00, 0x00,
    0x00, 0x00, 0x00, 0x00, 0x00, 0x00, 0x00, 0x00, 0x00, 0x00, 0x00, 0x00, 0x00, 0x00, 0x00, 0x00,
    0x00, 0x00, 0x00, 0x00, 0x00, 0x00, 0x00, 0x00, 0x00, 0x00, 0x00, 0x00, 0x00, 0x00, 0x00, 0x00,
    0x00, 0x00, 0x00, 0x00, 0x00, 0x00, 0x00, 0x00, 0x00, 0x00, 0x00, 0x00, 0x00, 0x00, 0x00, 0x00,
    0x00, 0x00, 0x00, 0x00, 0x00, 0x00, 0x00, 0x00, 0x00, 0x00, 0x00, 0x00, 0x00, 0x00, 0x00, 0x00,
    0x00, 0x00, 0x00, 0x00, 0x00, 0x00, 0x00, 0x00, 0x00, 0x00, 0x00, 0x00, 0x00, 0x00, 0x00, 0x00,
    0x00, 0x00, 0x00, 0x00, 0x00, 0x00, 0x00, 0x00, 0x00, 0x00, 0x00, 0x00, 0x00, 0x00, 0x00, 0x00,
    0x00, 0x00, 0x00, 0x00, 0x00, 0x00, 0x00, 0x00, 0x00, 0x00, 0x00, 0x00, 0x00, 0x00, 0x00, 0x00,
    0x00, 0x00, 0x00, 0x00, 0x00, 0x00, 0x00, 0x00, 0x00, 0x00, 0x00, 0x00, 0x00, 0x00, 0x00, 0x00,
    0x00, 0x00, 0x00, 0x00, 0x00, 0x00, 0x00, 0x00, 0x00, 0x00, 0x00, 0x00, 0x00, 0x00, 0x00, 0x00,
    0x00, 0x00, 0x00, 0x00, 0x00, 0x00, 0x00, 0x00, 0x00, 0x00, 0x00, 0x00, 0x00, 0x00, 0x00, 0x00,
    0x00, 0x00, 0x00, 0x00, 0x00, 0x00, 0x00, 0x00, 0x00, 0x00, 0x00, 0x00, 0x00, 0x00, 0x00, 0x00,
    0x00, 0x00, 0x00, 0x00, 0x00, 0x00, 0x00, 0x00, 0x00, 0x00, 0x00, 0x00, 0x00, 0x00, 0x00, 0x00,
    0x00, 0x00, 0x00, 0x00, 0x00, 0x00, 0x00, 0x00, 0x00, 0x00, 0x00, 0x00, 0x00, 0x00, 0x00, 0x00,
    0x00, 0x00, 0x00, 0x00, 0x00, 0x00, 0x00, 0x00, 0x00, 0x00, 0x00, 0x00, 0x00, 0x00, 0x00, 0x00,
    0x00, 0x00, 0x00, 0x00, 0x00, 0x00, 0x00, 0x00, 0x00, 0x00, 0x00, 0x00, 0x00, 0x00, 0x00, 0x00,
    0x00, 0x00, 0x00, 0x00, 0x00, 0x00, 0x00, 0x00, 0x00, 0x00, 0x00, 0x00, 0x00, 0x00, 0x00, 0x00,
    0x00, 0x00, 0x00, 0x00, 0x00, 0x00, 0x00, 0x00, 0x00, 0x00, 0x00, 0x00, 0x00, 0x00, 0x00, 0x00,
    0x00, 0x00, 0x00, 0x00, 0x00, 0x00, 0x00, 0x00, 0x00, 0x00, 0x00, 0x00, 0x00, 0x00, 0x00, 0x00,
    0x00, 0x00, 0x00, 0x00, 0x00, 0x00, 0x00, 0x00, 0x00, 0x00, 0x00, 0x00, 0x00, 0x00, 0x00, 0x00,
    0x00, 0x00, 0x00, 0x00, 0x00, 0x00, 0x00, 0x00, 0x00, 0x00, 0x00, 0x00, 0x00, 0x00, 0x00, 0x00,
    0x00, 0x00, 0x00, 0x00, 0x00, 0x00, 0x00, 0x00, 0x00, 0x00, 0x00, 0x00, 0x00, 0x00, 0x00, 0x00,
    0x00, 0x00, 0x00, 0x00, 0x00, 0x00, 0x00, 0x00, 0x00, 0x00, 0x00, 0x00, 0x00, 0x00, 0x00, 0x00,
    0x00, 0x00, 0x00, 0x00, 0x00, 0x00, 0x00, 0x00, 0x00, 0x00, 0x00, 0x00, 0x00, 0x00, 0x00, 0x00,
    0x00, 0x00, 0x00, 0x00, 0x00, 0x00, 0x00, 0x00, 0x00, 0x00, 0x00, 0x00, 0x00, 0x00, 0x00, 0x00,
    0x00, 0x00, 0x00, 0x00, 0x00, 0x00, 0x00, 0x00, 0x00, 0x00, 0x00, 0x00, 0x00, 0x00, 0x00, 0x00,
    0x00, 0x00, 0x00, 0x00, 0x00, 0x00, 0x00, 0x00, 0x00, 0x00, 0x00, 0x00, 0x00, 0x00, 0x00, 0x00,
    0x00, 0x00, 0x00, 0x00, 0x00, 0x00, 0x00, 0x00, 0x00, 0x00, 0x00, 0x00, 0x00, 0x00, 0x00, 0x00,
    0x00, 0x00, 0x00, 0x00, 0x00, 0x00, 0x00, 0x00, 0x00, 0x00, 0x00, 0x00, 0x00, 0x00, 0x00, 0x00,
    0x00, 0x00, 0x00, 0x00, 0x00, 0x00, 0x00, 0x00, 0x00, 0x00, 0x00, 0x00, 0x00, 0x00, 0x00, 0x00,
    0x00, 0x00, 0x00, 0x00, 0x00, 0x00, 0x00, 0x00, 0x00, 0x00, 0x00, 0x00, 0x00, 0x00, 0x00, 0x00,
    0x00, 0x00, 0x00, 0x00, 0x00, 0x00, 0x00, 0x00, 0x00, 0x00, 0x00, 0x00, 0x00, 0x00, 0x00, 0x00,
    0x00, 0x00, 0x00, 0x00, 0x00, 0x00, 0x00, 0x00, 0x00, 0x00, 0x00, 0x00, 0x00, 0x00, 0x00, 0x00,
    0x00, 0x00, 0x00, 0x00, 0x00, 0x00, 0x00, 0x00, 0x00, 0x00, 0x00, 0x00, 0x00, 0x00, 0x00, 0x00,
    0x00, 0x00, 0x00, 0x00, 0x00, 0x00, 0x00, 0x00, 0x00, 0x00, 0x00, 0x00, 0x00, 0x00, 0x00, 0x00,
    0x00, 0x00, 0x00, 0x00, 0x00, 0x00, 0x00, 0x00, 0x00, 0x00, 0x00, 0x00, 0x00, 0x00, 0x00, 0x00,
    0x00, 0x00, 0x00, 0x00, 0x00, 0x00, 0x00, 0x00, 0x00, 0x00, 0x00, 0x00, 0x00, 0x00, 0x00, 0x00,
    0x00, 0x00, 0x00, 0x00, 0x00, 0x00, 0x00, 0x00, 0x00, 0x00, 0x00, 0x00, 0x00, 0x00, 0x00, 0x00,
    0x00, 0x00, 0x00, 0x00, 0x00, 0x00, 0x00, 0x00, 0x00, 0x00, 0x00, 0x00, 0x00, 0x00, 0x00, 0x00,
    0x00, 0x00, 0x00, 0x00, 0x00, 0x00, 0x00, 0x00, 0x00, 0x00, 0x00, 0x00, 0x00, 0x00, 0x00, 0x00,
    0x00, 0x00, 0x00, 0x00, 0x00, 0x00, 0x00, 0x00, 0x00, 0x00, 0x00, 0x00, 0x00, 0x00, 0x00, 0x00,
    0x00, 0x00, 0x00, 0x00, 0x00, 0x00, 0x00, 0x00, 0x00, 0x00, 0x00, 0x00, 0x00, 0x00, 0x00, 0x00,
    0x00, 0x00, 0x00, 0x00, 0x00, 0x00, 0x00, 0x00, 0x00, 0x00, 0x00, 0x00, 0x00, 0x00, 0x00, 0x00,
    0x00, 0x00, 0x00, 0x00, 0x00, 0x00, 0x00, 0x00, 0x00, 0x00, 0x00, 0x00, 0x00, 0x00, 0x00, 0x00,
    0x00, 0x00, 0x00, 0x00, 0x00, 0x00, 0x00, 0x00, 0x00, 0x00, 0x00, 0x00, 0x00, 0x00, 0x00, 0x00,
    0x00, 0x00, 0x00, 0x00, 0x00, 0x00, 0x00, 0x00, 0x00, 0x00, 0x00, 0x00, 0x00, 0x00, 0x00, 0x00,
    0x00, 0x00, 0x00, 0x00, 0x00, 0x00, 0x00, 0x00, 0x00, 0x00, 0x00, 0x00, 0x00, 0x00, 0x00, 0x00,
    0x00, 0x00, 0x00, 0x00, 0x00, 0x00, 0x00, 0x00, 0x00, 0x00, 0x00, 0x00, 0x00, 0x00, 0x00, 0x00,
    0x00, 0x00, 0x00, 0x00, 0x00, 0x00, 0x00, 0x00, 0x00, 0x00, 0x00, 0x00, 0x00, 0x00, 0x00, 0x00,
    0x00, 0x00, 0x00, 0x00, 0x00, 0x00, 0x00, 0x00, 0x00, 0x00, 0x00, 0x00, 0x00, 0x00, 0x00, 0x00,
    0x00, 0x00, 0x00, 0x00, 0x00, 0x00, 0x00, 0x00, 0x00, 0x00, 0x00, 0x00, 0x00, 0x00, 0x00, 0x00,
    0x00, 0x00, 0x00, 0x00, 0x00, 0x00, 0x00, 0x00, 0x00, 0x00, 0x00, 0x00, 0x00, 0x00, 0x00, 0x00,
    0x00, 0x00, 0x00, 0x00, 0x00, 0x00, 0x00, 0x00, 0x00, 0x00, 0x00, 0x00, 0x00, 0x00, 0x00, 0x00,
    0x00, 0x00, 0x00, 0x00, 0x00, 0x00, 0x00, 0x00, 0x00, 0x00, 0x00, 0x00, 0x00, 0x00, 0x00, 0x00,
    0x00, 0x00, 0x00, 0x00, 0x00, 0x00, 0x00, 0x00, 0x00, 0x00, 0x00, 0x00, 0x00, 0x00, 0x00, 0x00,
    0x00, 0x00, 0x00, 0x00, 0x00, 0x00, 0x00, 0x00, 0x00, 0x00, 0x00, 0x00, 0x00, 0x00, 0x00, 0x00,
    0x00, 0x00, 0x00, 0x00, 0x00, 0x00, 0x00, 0x00, 0x00, 0x00, 0x00, 0x00, 0x00, 0x00, 0x00, 0x00,
    0x00, 0x00, 0x00, 0x00, 0x00, 0x00, 0x00, 0x00, 0x00, 0x00, 0x00, 0x00, 0x00, 0x00, 0x00, 0x00,
    0x00, 0x00, 0x00, 0x00, 0x00, 0x00, 0x00, 0x00, 0x00, 0x00, 0x00, 0x00, 0x00, 0x00, 0x00, 0x00,
    0x00, 0x00, 0x00, 0x00, 0x00, 0x00, 0x00, 0x00, 0x00, 0x00, 0x00, 0x00, 0x00, 0x00, 0x00, 0x00,
    0x00, 0x00, 0x00, 0x00, 0x00, 0x00, 0x00, 0x00, 0x00, 0x00, 0x00, 0x00, 0x00, 0x00, 0x00, 0x00,
    0x00, 0x00, 0x00, 0x00, 0x00, 0x00, 0x00, 0x00, 0x00, 0x00, 0x00, 0x00, 0x00, 0x00, 0x00, 0x00,
    0x00, 0x00, 0x00, 0x00, 0x00, 0x00, 0x00, 0x00, 0x00, 0x00, 0x00, 0x00, 0x00, 0x00, 0x00, 0x00,
    0x00, 0x00, 0x00, 0x00, 0x00, 0x00, 0x00, 0x00, 0x00, 0x00, 0x00, 0x00, 0x00, 0x00, 0x00, 0x00,
    0x00, 0x00, 0x00, 0x00, 0x00, 0x00, 0x00, 0x00, 0x00, 0x00, 0x00, 0x00, 0x00, 0x00, 0x00, 0x00,
    0x00, 0x00, 0x00, 0x00, 0x00, 0x00, 0x00, 0x00, 0x00, 0x00, 0x00, 0x00, 0x00, 0x00, 0x00, 0x00,
    0x00, 0x00, 0x00, 0x00, 0x00, 0x00, 0x00, 0x00, 0x00, 0x00, 0x00, 0x00, 0x00, 0x00, 0x00, 0x00,
    0x00, 0x00, 0x00, 0x00, 0x00, 0x00, 0x00, 0x00, 0x00, 0x00, 0x00, 0x00, 0x00, 0x00, 0x00, 0x00,
    0x00, 0x00, 0x00, 0x00, 0x00, 0x00, 0x00, 0x00, 0x00, 0x00, 0x00, 0x00, 0x00, 0x00, 0x00, 0x00,
    0x00, 0x00, 0x00, 0x00, 0x00, 0x00, 0x00, 0x00, 0x00, 0x00, 0x00, 0x00, 0x00, 0x00, 0x00, 0x00,
    0x00, 0x00, 0x00, 0x00, 0x00, 0x00, 0x00, 0x00, 0x00, 0x00, 0x00, 0x00, 0x00, 0x00, 0x00, 0x00,
    0x00, 0x00, 0x00, 0x00, 0x00, 0x00, 0x00, 0x00, 0x00, 0x00, 0x00, 0x00, 0x00, 0x00, 0x00, 0x00,
    0x00, 0x00, 0x00, 0x00, 0x00, 0x00, 0x00, 0x00, 0x00, 0x00, 0x00, 0x00, 0x00, 0x00, 0x00, 0x00,
    0x00, 0x00, 0x00, 0x00, 0x00, 0x00, 0x00, 0x00, 0x00, 0x00, 0x00, 0x00, 0x00, 0x00, 0x00, 0x00,
    0x00, 0x00, 0x00, 0x00, 0x00, 0x00, 0x00, 0x00, 0x00, 0x00, 0x00, 0x00, 0x00, 0x00, 0x00, 0x00,
    0x00, 0x00, 0x00, 0x00, 0x00, 0x00, 0x00, 0x00, 0x00, 0x00, 0x00, 0x00, 0x00, 0x00, 0x00, 0x00,
    0x00, 0x00, 0x00, 0x00, 0x00, 0x00, 0x00, 0x00, 0x00, 0x00, 0x00, 0x00, 0x00, 0x00, 0x00, 0x00,
    0x00, 0x00, 0x00, 0x00, 0x00, 0x00, 0x00, 0x00, 0x00, 0x00, 0x00, 0x00, 0x00, 0x00, 0x00, 0x00,
    0x00, 0x00, 0x00, 0x00, 0x00, 0x00, 0x00, 0x00, 0x00, 0x00, 0x00, 0x00, 0x00, 0x00, 0x00, 0x00,
    0x00, 0x00, 0x00, 0x00, 0x00, 0x00, 0x00, 0x00, 0x00, 0x00, 0x00, 0x00, 0x00, 0x00, 0x00, 0x00,
    0x00, 0x00, 0x00, 0x00, 0x00, 0x00, 0x00, 0x00, 0x00, 0x00, 0x00, 0x00, 0x00, 0x00, 0x00, 0x00,
    0x00, 0x00, 0x00, 0x00, 0x00, 0x00, 0x00, 0x00, 0x00, 0x00, 0x00, 0x00, 0x00, 0x00, 0x00, 0x00,
    0x00, 0x00, 0x00, 0x00, 0x00, 0x00, 0x00, 0x00, 0x00, 0x00, 0x00, 0x00, 0x00, 0x00, 0x00, 0x00,
    0x00, 0x00, 0x00, 0x00, 0x00, 0x00, 0x00, 0x00, 0x00, 0x00, 0x00, 0x00, 0x00, 0x00, 0x00, 0x00,
    0x00, 0x00, 0x00, 0x00, 0x00, 0x00, 0x00, 0x00, 0x00, 0x00, 0x00, 0x00, 0x00, 0x00, 0x00, 0x00,
    0x00, 0x00, 0x00, 0x00, 0x00, 0x00, 0x00, 0x00, 0x00, 0x00, 0x00, 0x00, 0x00, 0x00, 0x00, 0x00,
    0x00, 0x00, 0x00, 0x00, 0x00, 0x00, 0x00, 0x00, 0x00, 0x00, 0x00, 0x00, 0x00, 0x00, 0x00, 0x00,
    0x00, 0x00, 0x00, 0x00, 0x00, 0x00, 0x00, 0x00, 0x00, 0x00, 0x00, 0x00, 0x00, 0x00, 0x00, 0x00,
    0x00, 0x00, 0x00, 0x00, 0x00, 0x00, 0x00, 0x00, 0x00, 0x00, 0x00, 0x00, 0x00, 0x00, 0x00, 0x00,
    0x00, 0x00, 0x00, 0x00, 0x00, 0x00, 0x00, 0x00, 0x00, 0x00, 0x00, 0x00, 0x00, 0x00, 0x00, 0x00,
    0x00, 0x00, 0x00, 0x00, 0x00, 0x00, 0x00, 0x00, 0x00, 0x00, 0x00, 0x00, 0x00, 0x00, 0x00, 0x00,
    0x00, 0x00, 0x00, 0x00, 0x00, 0x00, 0x00, 0x00, 0x00, 0x00, 0x00, 0x00, 0x00, 0x00, 0x00, 0x00,
    0x00, 0x00, 0x00, 0x00, 0x00, 0x00, 0x00, 0x00, 0x00, 0x00, 0x00, 0x00, 0x00, 0x00, 0x00, 0x00,
    0x00, 0x00, 0x00, 0x00, 0x00, 0x00, 0x00, 0x00, 0x00, 0x00, 0x00, 0x00, 0x00, 0x00, 0x00, 0x00,
    0x00, 0x00, 0x00, 0x00, 0x00, 0x00, 0x00, 0x00, 0x00, 0x00, 0x00, 0x00, 0x00, 0x00, 0x00, 0x00,
    0x00, 0x00, 0x00, 0x00, 0x00, 0x00, 0x00, 0x00, 0x00, 0x00, 0x00, 0x00, 0x00, 0x00, 0x00, 0x00,
    0x00, 0x00, 0x00, 0x00, 0x00, 0x00, 0x00, 0x00, 0x00, 0x00, 0x00, 0x00, 0x00, 0x00, 0x00, 0x00,
    0x00, 0x00, 0x00, 0x00, 0x00, 0x00, 0x00, 0x00, 0x00, 0x00, 0x00, 0x00, 0x00, 0x00, 0x00, 0x00,
    0x00, 0x00, 0x00, 0x00, 0x00, 0x00, 0x00, 0x00, 0x00, 0x00, 0x00, 0x00, 0x00, 0x00, 0x00, 0x00,
    0x00, 0x00, 0x00, 0x00, 0x00, 0x00, 0x00, 0x00, 0x00, 0x00, 0x00, 0x00, 0x00, 0x00, 0x00, 0x00,
    0x00, 0x00, 0x00, 0x00, 0x00, 0x00, 0x00, 0x00, 0x00, 0x00, 0x00, 0x00, 0x00, 0x00, 0x00, 0x00,
    0x00, 0x00, 0x00, 0x00, 0x00, 0x00, 0x00, 0x00, 0x00, 0x00, 0x00, 0x00, 0x00, 0x00, 0x00, 0x00,
    0x00, 0x00, 0x00, 0x00, 0x00, 0x00, 0x00, 0x00, 0x00, 0x00, 0x00, 0x00, 0x00, 0x00, 0x00, 0x00,
    0x00, 0x00, 0x00, 0x00, 0x00, 0x00, 0x00, 0x00, 0x00, 0x00, 0x00, 0x00, 0x00, 0x00, 0x00, 0x00,
    0x00, 0x00, 0x00, 0x00, 0x00, 0x00, 0x00, 0x00, 0x00, 0x00, 0x00, 0x00, 0x00, 0x00, 0x00, 0x00,
    0x00, 0x00, 0x00, 0x00, 0x00, 0x00, 0x00, 0x00, 0x00, 0x00, 0x00, 0x00, 0x00, 0x00, 0x00, 0x00,
    0x00, 0x00, 0x00, 0x00, 0x00, 0x00, 0x00, 0x00, 0x00, 0x00, 0x00, 0x00, 0x00, 0x00, 0x00, 0x00,
    0x00, 0x00, 0x00, 0x00, 0x00, 0x00, 0x00, 0x00, 0x00, 0x00, 0x00, 0x00, 0x00, 0x00, 0x00, 0x00,
    0x00, 0x00, 0x00, 0x00, 0x00, 0x00, 0x00, 0x00, 0x00, 0x00, 0x00, 0x00, 0x00, 0x00, 0x00, 0x00,
    0x00, 0x00, 0x00, 0x00, 0x00, 0x00, 0x00, 0x00, 0x00, 0x00, 0x00, 0x00, 0x00, 0x00, 0x00, 0x00,
    0x00, 0x00, 0x00, 0x00, 0x00, 0x00, 0x00, 0x00, 0x00, 0x00, 0x00, 0x00, 0x00, 0x00, 0x00, 0x00,
    0x00, 0x00, 0x00, 0x00, 0x00, 0x00, 0x00, 0x00, 0x00, 0x00, 0x00, 0x00, 0x00, 0x00, 0x00, 0x00,
    0x00, 0x00, 0x00, 0x00, 0x00, 0x00, 0x00, 0x00, 0x00, 0x00, 0x00, 0x00, 0x00, 0x00, 0x00, 0x00,
    0x00, 0x00, 0x00, 0x00, 0x00, 0x00, 0x00, 0x00, 0x00, 0x00, 0x00, 0x00, 0x00, 0x00, 0x00, 0x00,
    0x00, 0x00, 0x00, 0x00, 0x00, 0x00, 0x00, 0x00, 0x00, 0x00, 0x00, 0x00, 0x00, 0x00, 0x00, 0x00,
    0x00, 0x00, 0x00, 0x00, 0x00, 0x00, 0x00, 0x00, 0x00, 0x00, 0x00, 0x00, 0x00, 0x00, 0x00, 0x00,
    0x00, 0x00, 0x00, 0x00, 0x00, 0x00, 0x00, 0x00, 0x00, 0x00, 0x00, 0x00, 0x00, 0x00, 0x00, 0x00,
    0x00, 0x00, 0x00, 0x00, 0x00, 0x00, 0x00, 0x00, 0x00, 0x00, 0x00, 0x00, 0x00, 0x00, 0x00, 0x00,
    0x00, 0x00, 0x00, 0x00, 0x00, 0x00, 0x00, 0x00, 0x00, 0x00, 0x00, 0x00, 0x00, 0x00, 0x00, 0x00,
    0x00, 0x00, 0x00, 0x00, 0x00, 0x00, 0x00, 0x00, 0x00, 0x00, 0x00, 0x00, 0x00, 0x00, 0x00, 0x00,
    0x00, 0x00, 0x00, 0x00, 0x00, 0x00, 0x00, 0x00, 0x00, 0x00, 0x00, 0x00, 0x00, 0x00, 0x00, 0x00,
    0x00, 0x00, 0x00, 0x00, 0x00, 0x00, 0x00, 0x00, 0x00, 0x00, 0x00, 0x00, 0x00, 0x00, 0x00, 0x00,
    0x00, 0x00, 0x00, 0x00, 0x00, 0x00, 0x00, 0x00, 0x00, 0x00, 0x00, 0x00, 0x00, 0x00, 0x00, 0x00,
    0x00, 0x00, 0x00, 0x00, 0x00, 0x00, 0x00, 0x00, 0x00, 0x00, 0x00, 0x00, 0x00, 0x00, 0x00, 0x00,
    0x00, 0x00, 0x00, 0x00, 0x00, 0x00, 0x00, 0x00, 0x00, 0x00, 0x00, 0x00, 0x00, 0x00, 0x00, 0x00,
    0x00, 0x00, 0x00, 0x00, 0x00, 0x00, 0x00, 0x00, 0x00, 0x00, 0x00, 0x00, 0x00, 0x00, 0x00, 0x00,
    0x00, 0x00, 0x00, 0x00, 0x00, 0x00, 0x00, 0x00, 0x00, 0x00, 0x00, 0x00, 0x00, 0x00, 0x00, 0x00,
    0x00, 0x00, 0x00, 0x00, 0x00, 0x00, 0x00, 0x00, 0x00, 0x00, 0x00, 0x00, 0x00, 0x00, 0x00, 0x00,
    0x00, 0x00, 0x00, 0x00, 0x00, 0x00, 0x00, 0x00, 0x00, 0x00, 0x00, 0x00, 0x00, 0x00, 0x00, 0x00,
    0x00, 0x00, 0x00, 0x00, 0x00, 0x00, 0x00, 0x00, 0x00, 0x00, 0x00, 0x00, 0x00, 0x00, 0x00, 0x00,
    0x00, 0x00, 0x00, 0x00, 0x00, 0x00, 0x00, 0x00, 0x00, 0x00, 0x00, 0x00, 0x00, 0x00, 0x00, 0x00,
    0x00, 0x00, 0x00, 0x00, 0x00, 0x00, 0x00, 0x00, 0x00, 0x00, 0x00, 0x00, 0x00, 0x00, 0x00, 0x00,
    0x00, 0x00, 0x00, 0x00, 0x00, 0x00, 0x00, 0x00, 0x00, 0x00, 0x00, 0x00, 0x00, 0x00, 0x00, 0x00,
    0x00, 0x00, 0x00, 0x00, 0x00, 0x00, 0x00, 0x00, 0x00, 0x00, 0x00, 0x00, 0x00, 0x00, 0x00, 0x00,
    0x00, 0x00, 0x00, 0x00, 0x00, 0x00, 0x00, 0x00, 0x00, 0x00, 0x00, 0x00, 0x00, 0x00, 0x00, 0x00,
    0x00, 0x00, 0x00, 0x00, 0x00, 0x00, 0x00, 0x00, 0x00, 0x00, 0x00, 0x00, 0x00, 0x00, 0x00, 0x00,
    0x00, 0x00, 0x00, 0x00, 0x00, 0x00, 0x00, 0x00, 0x00, 0x00, 0x00, 0x00, 0x00, 0x00, 0x00, 0x00,
    0x00, 0x00, 0x00, 0x00, 0x00, 0x00, 0x00, 0x00, 0x00, 0x00, 0x00, 0x00, 0x00, 0x00, 0x00, 0x00,
    0x00, 0x00, 0x00, 0x00, 0x00, 0x00, 0x00, 0x00, 0x00, 0x00, 0x00, 0x00, 0x00, 0x00, 0x00, 0x00,
    0x00, 0x00, 0x00, 0x00, 0x00, 0x00, 0x00, 0x00, 0x00, 0x00, 0x00, 0x00, 0x00, 0x00, 0x00, 0x00,
    0x00, 0x00, 0x00, 0x00, 0x00, 0x00, 0x00, 0x00, 0x00, 0x00, 0x00, 0x00, 0x00, 0x00, 0x00, 0x00,
    0x00, 0x00, 0x00, 0x00, 0x00, 0x00, 0x00, 0x00, 0x00, 0x00, 0x00, 0x00, 0x00, 0x00, 0x00, 0x00,
    0x00, 0x00, 0x00, 0x00, 0x00, 0x00, 0x00, 0x00, 0x00, 0x00, 0x00, 0x00, 0x00, 0x00, 0x00, 0x00,
    0x00, 0x00, 0x00, 0x00, 0x00, 0x00, 0x00, 0x00, 0x00, 0x00, 0x00, 0x00, 0x00, 0x00, 0x00, 0x00,
    0x00, 0x00, 0x00, 0x00, 0x00, 0x00, 0x00, 0x00, 0x00, 0x00, 0x00, 0x00, 0x00, 0x00, 0x00, 0x00,
    0x00, 0x00, 0x00, 0x00, 0x00, 0x00, 0x00, 0x00, 0x00, 0x00, 0x00, 0x00, 0x00, 0x00, 0x00, 0x00,
    0x00, 0x00, 0x00, 0x00, 0x00, 0x00, 0x00, 0x00, 0x00, 0x00, 0x00, 0x00, 0x00, 0x00, 0x00, 0x00,
    0x00, 0x00, 0x00, 0x00, 0x00, 0x00, 0x00, 0x00, 0x00, 0x00, 0x00, 0x00, 0x00, 0x00, 0x00, 0x00,
    0x00, 0x00, 0x00, 0x00, 0x00, 0x00, 0x00, 0x00, 0x00, 0x00, 0x00, 0x00, 0x00, 0x00, 0x00, 0x00,
    0x00, 0x00, 0x00, 0x00, 0x00, 0x00, 0x00, 0x00, 0x00, 0x00, 0x00, 0x00, 0x00, 0x00, 0x00, 0x00,
    0x00, 0x00, 0x00, 0x00, 0x00, 0x00, 0x00, 0x00, 0x00, 0x00, 0x00, 0x00, 0x00, 0x00, 0x00, 0x00,
    0x00, 0x00, 0x00, 0x00, 0x00, 0x00, 0x00, 0x00, 0x00, 0x00, 0x00, 0x00, 0x00, 0x00, 0x00, 0x00,
    0x00, 0x00, 0x00, 0x00, 0x00, 0x00, 0x00, 0x00, 0x00, 0x00, 0x00, 0x00, 0x00, 0x00, 0x00, 0x00,
    0x00, 0x00, 0x00, 0x00, 0x00, 0x00, 0x00, 0x00, 0x00, 0x00, 0x00, 0x00, 0x00, 0x00, 0x00, 0x00,
    0x00, 0x00, 0x00, 0x00, 0x00, 0x00, 0x00, 0x00, 0x00, 0x00, 0x00, 0x00, 0x00, 0x00, 0x00, 0x00,
    0x00, 0x00, 0x00, 0x00, 0x00, 0x00, 0x00, 0x00, 0x00, 0x00, 0x00, 0x00, 0x00, 0x00, 0x00, 0x00,
    0x00, 0x00, 0x00, 0x00, 0x00, 0x00, 0x00, 0x00, 0x00, 0x00, 0x00, 0x00, 0x00, 0x00, 0x00, 0x00,
    0x00, 0x00, 0x00, 0x00, 0x00, 0x00, 0x00, 0x00, 0x00, 0x00, 0x00, 0x00, 0x00, 0x00, 0x00, 0x00,
    0x00, 0x00, 0x00, 0x00, 0x00, 0x00, 0x00, 0x00, 0x00, 0x00, 0x00, 0x00, 0x00, 0x00, 0x00, 0x00,
    0x00, 0x00, 0x00, 0x00, 0x00, 0x00, 0x00, 0x00, 0x00, 0x00, 0x00, 0x00, 0x00, 0x00, 0x00, 0x00,
    0x00, 0x00, 0x00, 0x00, 0x00, 0x00, 0x00, 0x00, 0x00, 0x00, 0x00, 0x00, 0x00, 0x00, 0x00, 0x00,
    0x00, 0x00, 0x00, 0x00, 0x00, 0x00, 0x00, 0x00, 0x00, 0x00, 0x00, 0x00, 0x00, 0x00, 0x00, 0x00,
    0x00, 0x00, 0x00, 0x00, 0x00, 0x00, 0x00, 0x00, 0x00, 0x00, 0x00, 0x00, 0x00, 0x00, 0x00, 0x00,
    0x00, 0x00, 0x00, 0x00, 0x00, 0x00, 0x00, 0x00, 0x00, 0x00, 0x00, 0x00, 0x00, 0x00, 0x00, 0x00,
    0x00, 0x00, 0x00, 0x00, 0x00, 0x00, 0x00, 0x00, 0x00, 0x00, 0x00, 0x00, 0x00, 0x00, 0x00, 0x00,
    0x00, 0x00, 0x00, 0x00, 0x00, 0x00, 0x00, 0x00, 0x00, 0x00, 0x00, 0x00, 0x00, 0x00, 0x00, 0x00,
    0x00, 0x00, 0x00, 0x00, 0x00, 0x00, 0x00, 0x00, 0x00, 0x00, 0x00, 0x00, 0x00, 0x00, 0x00, 0x00,
    0x00, 0x00, 0x00, 0x00, 0x00, 0x00, 0x00, 0x00, 0x00, 0x00, 0x00, 0x00, 0x00, 0x00, 0x00, 0x00,
    0x00, 0x00, 0x00, 0x00, 0x00, 0x00, 0x00, 0x00, 0x00, 0x00, 0x00, 0x00, 0x00, 0x00, 0x00, 0x00,
    0x00, 0x00, 0x00, 0x00, 0x00, 0x00, 0x00, 0x00, 0x00, 0x00, 0x00, 0x00, 0x00, 0x00, 0x00, 0x00,
    0x00, 0x00, 0x00, 0x00, 0x00, 0x00, 0x00, 0x00, 0x00, 0x00, 0x00, 0x00, 0x00, 0x00, 0x00, 0x00,
    0x00, 0x00, 0x00, 0x00, 0x00, 0x00, 0x00, 0x00, 0x00, 0x00, 0x00, 0x00, 0x00, 0x00, 0x00, 0x00,
    0x00, 0x00, 0x00, 0x00, 0x00, 0x00, 0x00, 0x00, 0x00, 0x00, 0x00, 0x00, 0x00, 0x00, 0x00, 0x00,
    0x00, 0x00, 0x00, 0x00, 0x48, 0x89, 0xCD, 0x01, 0x00, 0x00, 0x00, 0x00, 0x00, 0x00, 0x00, 0x00,
    0x49, 0x8A, 0xCE, 0x01, 0x00, 0x00, 0x00, 0x00, 0x00, 0x00, 0x00, 0x00, 0x00, 0x00, 0x00, 0x00,
    0x00, 0x00, 0x00, 0x00, 0x00, 0x00, 0x00, 0x00, 0x00, 0x00, 0x00, 0x00, 0x4C, 0x8E, 0xCE, 0x01,
    0x4C, 0x8E, 0xCE, 0x01, 0x4E, 0x8E, 0xCF, 0x01, 0x4F, 0x8E, 0xCE, 0x01, 0x51, 0x8F, 0xCF, 0x01,
    0x51, 0x8F, 0xCF, 0x01, 0x51, 0x8F, 0xCF, 0x01, 0x52, 0x90, 0xCE, 0x01, 0x53, 0x90, 0xD0, 0x01,
    0x53, 0x90, 0xD0, 0x01, 0x00, 0x00, 0x00, 0x00, 0x00, 0x00, 0x00, 0x00, 0x00, 0x00, 0x00, 0x00,
    0x00, 0x00, 0x00, 0x00, 0x54, 0x91, 0xCF, 0x01, 0x55, 0x91, 0xCE, 0x01, 0x00, 0x00, 0x00, 0x00,
    0x00, 0x00, 0x00, 0x00, 0x59, 0x8F, 0xC5, 0x02, 0x5A, 0x8C, 0xBE, 0x15, 0x5C, 0x8B, 0xBB, 0x1E,
    0x5C, 0x8B, 0xBB, 0x1E, 0x5C, 0x87, 0xB8, 0x23, 0x5E, 0x87, 0xB5, 0x31, 0x5F, 0x88, 0xB4, 0x38,
    0x5F, 0x88, 0xB4, 0x38, 0x60, 0x86, 0xB3, 0x34, 0x5F, 0x85, 0xAF, 0x38, 0x5F, 0x84, 0xAD, 0x35,
    0x5F, 0x84, 0xAD, 0x35, 0x5D, 0x82, 0xAB, 0x3A, 0x5C, 0x81, 0xA8, 0x37, 0x57, 0x7B, 0xA3, 0x39,
    0x57, 0x7B, 0xA3, 0x39, 0x57, 0x7B, 0xA4, 0x39, 0x57, 0x7D, 0xA7, 0x3E, 0x58, 0x7D, 0xA9, 0x3D,
    0x58, 0x7D, 0xA9, 0x3D, 0x56, 0x7B, 0xAA, 0x3F, 0x55, 0x7D, 0xAC, 0x3B, 0x54, 0x7F, 0xAE, 0x39,
    0x54, 0x7F, 0xAE, 0x39, 0x55, 0x82, 0xB3, 0x26, 0x55, 0x86, 0xB8, 0x20, 0x56, 0x8B, 0xC1, 0x15,
    0x56, 0x8B, 0xC1, 0x15, 0x53, 0x8C, 0xC8, 0x08, 0x51, 0x8D, 0xCF, 0x05, 0x4F, 0x8E, 0xD1, 0x05,
    0x50, 0x8F, 0xD3, 0x03, 0x50, 0x8F, 0xD3, 0x03, 0x51, 0x8F, 0xD4, 0x03, 0x50, 0x8F, 0xD4, 0x03,
    0x4E, 0x8F, 0xD4, 0x02, 0x4E, 0x8F, 0xD4, 0x02, 0x4D, 0x8F, 0xD4, 0x02, 0x4C, 0x8F, 0xD4, 0x02,
    0x4C, 0x8F, 0xD4, 0x02, 0x4C, 0x8F, 0xD4, 0x02, 0x4B, 0x8E, 0xD4, 0x01, 0x4B, 0x8E, 0xD3, 0x01,
    0x4A, 0x8D, 0xD3, 0x01, 0x4A, 0x8D, 0xD3, 0x01, 0x49, 0x8C, 0xD3, 0x01, 0x00, 0x00, 0x00, 0x00,
    0x00, 0x00, 0x00, 0x00, 0x00, 0x00, 0x00, 0x00, 0x00, 0x00, 0x00, 0x00, 0x00, 0x00, 0x00, 0x00,
    0x00, 0x00, 0x00, 0x00, 0x00, 0x00, 0x00, 0x00, 0x00, 0x00, 0x00, 0x00, 0x00, 0x00, 0x00, 0x00,
    0x00, 0x00, 0x00, 0x00, 0x00, 0x00, 0x00, 0x00, 0x00, 0x00, 0x00, 0x00, 0x00, 0x00, 0x00, 0x00,
    0x00, 0x00, 0x00, 0x00, 0x00, 0x00, 0x00, 0x00, 0x00, 0x00, 0x00, 0x00, 0x00, 0x00, 0x00, 0x00,
    0x00, 0x00, 0x00, 0x00, 0x00, 0x00, 0x00, 0x00, 0x00, 0x00, 0x00, 0x00, 0x00, 0x00, 0x00, 0x00,
    0x00, 0x00, 0x00, 0x00, 0x00, 0x00, 0x00, 0x00, 0x00, 0x00, 0x00, 0x00, 0x00, 0x00, 0x00, 0x00,
    0x00, 0x00, 0x00, 0x00, 0x00, 0x00, 0x00, 0x00, 0x00, 0x00, 0x00, 0x00, 0x00, 0x00, 0x00, 0x00,
    0x00, 0x00, 0x00, 0x00, 0x00, 0x00, 0x00, 0x00, 0x00, 0x00, 0x00, 0x00, 0x00, 0x00, 0x00, 0x00,
    0x00, 0x00, 0x00, 0x00, 0x00, 0x00, 0x00, 0x00, 0x00, 0x00, 0x00, 0x00, 0x00, 0x00, 0x00, 0x00,
    0x00, 0x00, 0x00, 0x00, 0x00, 0x00, 0x00, 0x00, 0x00, 0x00, 0x00, 0x00, 0x00, 0x00, 0x00, 0x00,
    0x00, 0x00, 0x00, 0x00, 0x00, 0x00, 0x00, 0x00, 0x00, 0x00, 0x00, 0x00, 0x00, 0x00, 0x00, 0x00,
    0x00, 0x00, 0x00, 0x00, 0x00, 0x00, 0x00, 0x00, 0x00, 0x00, 0x00, 0x00, 0x00, 0x00, 0x00, 0x00,
    0x00, 0x00, 0x00, 0x00, 0x00, 0x00, 0x00, 0x00, 0x47, 0x89, 0xCE, 0x01, 0x47, 0x89, 0xCE, 0x01,
    0x00, 0x00, 0x00, 0x00, 0x48, 0x8A, 0xCE, 0x01, 0x00, 0x00, 0x00, 0x00, 0x00, 0x00, 0x00, 0x00,
    0x49, 0x8A, 0xCE, 0x01, 0x00, 0x00, 0x00, 0x00, 0x00, 0x00, 0x00, 0x00, 0x4B, 0x8D, 0xCF, 0x01,
    0x4B, 0x8D, 0xCF, 0x01, 0x4B, 0x8D, 0xCF, 0x01, 0x4C, 0x8E, 0xCF, 0x01, 0x4C, 0x8E, 0xCF, 0x01,
    0x4C, 0x8E, 0xCF, 0x01, 0x4D, 0x8D, 0xCF, 0x01, 0x4F, 0x8E, 0xCF, 0x01, 0x50, 0x8F, 0xCF, 0x01,
    0x50, 0x8F, 0xCF, 0x01, 0x51, 0x90, 0xCF, 0x01, 0x52, 0x91, 0xCF, 0x01, 0x52, 0x90, 0xCF, 0x01,
    0x52, 0x90, 0xCF, 0x01, 0x00, 0x00, 0x00, 0x00, 0x53, 0x91, 0xD0, 0x01, 0x53, 0x90, 0xCF, 0x01,
    0x53, 0x90, 0xCF, 0x01, 0x53, 0x91, 0xD0, 0x01, 0x53, 0x92, 0xD1, 0x01, 0x54, 0x93, 0xD2, 0x02,
    0x54, 0x93, 0xD2, 0x02, 0x56, 0x94, 0xD2, 0x01, 0x59, 0x95, 0xD2, 0x01, 0x5B, 0x94, 0xD0, 0x01,
    0x5B, 0x94, 0xD0, 0x01, 0x5B, 0x91, 0xCD, 0x04, 0x5C, 0x93, 0xCC, 0x05, 0x5B, 0x91, 0xC9, 0x0F,
    0x5B, 0x91, 0xC9, 0x0F, 0x5E, 0x92, 0xCB, 0x10, 0x5E, 0x92, 0xCA, 0x12, 0x5E, 0x93, 0xCB, 0x12,
    0x5E, 0x93, 0xCB, 0x12, 0x5B, 0x8F, 0xC8, 0x13, 0x59, 0x8E, 0xC5, 0x10, 0x57, 0x8B, 0xC3, 0x13,
    0x57, 0x8B, 0xC3, 0x13, 0x56, 0x8B, 0xC5, 0x12, 0x54, 0x8B, 0xC5, 0x14, 0x55, 0x8B, 0xC8, 0x14,
    0x55, 0x8B, 0xC8, 0x14, 0x53, 0x8A, 0xC9, 0x18, 0x53, 0x8B, 0xCA, 0x1B, 0x53, 0x8A, 0xCA, 0x1D,
    0x53, 0x8A, 0xCA, 0x1D, 0x53, 0x8B, 0xCC, 0x07, 0x52, 0x8D, 0xCF, 0x01, 0x53, 0x8E, 0xD1, 0x01,
    0x53, 0x8E, 0xD1, 0x01, 0x51, 0x8E, 0xD2, 0x03, 0x50, 0x8E, 0xD2, 0x04, 0x50, 0x8E, 0xD3, 0x04,
    0x51, 0x90, 0xD4, 0x03, 0x51, 0x90, 0xD4, 0x03, 0x52, 0x90, 0xD5, 0x03, 0x51, 0x91, 0xD5, 0x01,
    0x4F, 0x91, 0xD4, 0x03, 0x4F, 0x91, 0xD4, 0x03, 0x4E, 0x90, 0xD5, 0x02, 0x4D, 0x90, 0xD5, 0x04,
    0x4C, 0x90, 0xD5, 0x02, 0x4C, 0x90, 0xD5, 0x02, 0x4B, 0x8E, 0xD4, 0x02, 0x4A, 0x8E, 0xD4, 0x01,
    0x4A, 0x8D, 0xD3, 0x01, 0x4A, 0x8D, 0xD3, 0x01, 0x4A, 0x8C, 0xD3, 0x01, 0x00, 0x00, 0x00, 0x00,
    0x00, 0x00, 0x00, 0x00, 0x00, 0x00, 0x00, 0x00, 0x00, 0x00, 0x00, 0x00, 0x00, 0x00, 0x00, 0x00,
    0x00, 0x00, 0x00, 0x00, 0x00, 0x00, 0x00, 0x00, 0x00, 0x00, 0x00, 0x00, 0x00, 0x00, 0x00, 0x00,
    0x00, 0x00, 0x00, 0x00, 0x00, 0x00, 0x00, 0x00, 0x00, 0x00, 0x00, 0x00, 0x00, 0x00, 0x00, 0x00,
    0x00, 0x00, 0x00, 0x00, 0x00, 0x00, 0x00, 0x00, 0x00, 0x00, 0x00, 0x00, 0x00, 0x00, 0x00, 0x00,
    0x00, 0x00, 0x00, 0x00, 0x00, 0x00, 0x00, 0x00, 0x00, 0x00, 0x00, 0x00, 0x00, 0x00, 0x00, 0x00,
    0x00, 0x00, 0x00, 0x00, 0x00, 0x00, 0x00, 0x00, 0x00, 0x00, 0x00, 0x00, 0x00, 0x00, 0x00, 0x00,
    0x00, 0x00, 0x00, 0x00, 0x00, 0x00, 0x00, 0x00, 0x00, 0x00, 0x00, 0x00, 0x00, 0x00, 0x00, 0x00,
    0x00, 0x00, 0x00, 0x00, 0x00, 0x00, 0x00, 0x00, 0x00, 0x00, 0x00, 0x00, 0x00, 0x00, 0x00, 0x00,
    0x00, 0x00, 0x00, 0x00, 0x00, 0x00, 0x00, 0x00, 0x00, 0x00, 0x00, 0x00, 0x00, 0x00, 0x00, 0x00,
    0x00, 0x00, 0x00, 0x00, 0x00, 0x00, 0x00, 0x00, 0x00, 0x00, 0x00, 0x00, 0x00, 0x00, 0x00, 0x00,
    0x00, 0x00, 0x00, 0x00, 0x00, 0x00, 0x00, 0x00, 0x00, 0x00, 0x00, 0x00, 0x00, 0x00, 0x00, 0x00,
    0x00, 0x00, 0x00, 0x00, 0x00, 0x00, 0x00, 0x00, 0x00, 0x00, 0x00, 0x00, 0x00, 0x00, 0x00, 0x00,
    0x00, 0x00, 0x00, 0x00, 0x00, 0x00, 0x00, 0x00, 0x47, 0x89, 0xCE, 0x01, 0x47, 0x89, 0xCE, 0x01,
    0x00, 0x00, 0x00, 0x00, 0x48, 0x8A, 0xCE, 0x01, 0x00, 0x00, 0x00, 0x00, 0x00, 0x00, 0x00, 0x00,
    0x49, 0x8A, 0xCE, 0x01, 0x00, 0x00, 0x00, 0x00, 0x00, 0x00, 0x00, 0x00, 0x4B, 0x8D, 0xCF, 0x01,
    0x4B, 0x8D, 0xCF, 0x01, 0x4B, 0x8D, 0xCF, 0x01, 0x4C, 0x8E, 0xCF, 0x01, 0x4C, 0x8E, 0xCF, 0x01,
    0x4C, 0x8E, 0xCF, 0x01, 0x4D, 0x8D, 0xCF, 0x01, 0x4F, 0x8E, 0xCF, 0x01, 0x50, 0x8F, 0xCF, 0x01,
    0x50, 0x8F, 0xCF, 0x01, 0x51, 0x90, 0xCF, 0x01, 0x52, 0x91, 0xCF, 0x01, 0x52, 0x90, 0xCF, 0x01,
    0x52, 0x90, 0xCF, 0x01, 0x00, 0x00, 0x00, 0x00, 0x53, 0x91, 0xD0, 0x01, 0x53, 0x90, 0xCF, 0x01,
    0x53, 0x90, 0xCF, 0x01, 0x53, 0x91, 0xD0, 0x01, 0x53, 0x92, 0xD1, 0x01, 0x54, 0x93, 0xD2, 0x02,
    0x54, 0x93, 0xD2, 0x02, 0x56, 0x94, 0xD2, 0x01, 0x59, 0x95, 0xD2, 0x01, 0x5B, 0x94, 0xD0, 0x01,
    0x5B, 0x94, 0xD0, 0x01, 0x5B, 0x91, 0xCD, 0x04, 0x5C, 0x93, 0xCC, 0x05, 0x5B, 0x91, 0xC9, 0x0F,
    0x5B, 0x91, 0xC9, 0x0F, 0x5E, 0x92, 0xCB, 0x10, 0x5E, 0x92, 0xCA, 0x12, 0x5E, 0x93, 0xCB, 0x12,
    0x5E, 0x93, 0xCB, 0x12, 0x5B, 0x8F, 0xC8, 0x13, 0x59, 0x8E, 0xC5, 0x10, 0x57, 0x8B, 0xC3, 0x13,
    0x57, 0x8B, 0xC3, 0x13, 0x56, 0x8B, 0xC5, 0x12, 0x54, 0x8B, 0xC5, 0x14, 0x55, 0x8B, 0xC8, 0x14,
    0x55, 0x8B, 0xC8, 0x14, 0x53, 0x8A, 0xC9, 0x18, 0x53, 0x8B, 0xCA, 0x1B, 0x53, 0x8A, 0xCA, 0x1D,
    0x53, 0x8A, 0xCA, 0x1D, 0x53, 0x8B, 0xCC, 0x07, 0x52, 0x8D, 0xCF, 0x01, 0x53, 0x8E, 0xD1, 0x01,
    0x53, 0x8E, 0xD1, 0x01, 0x51, 0x8E, 0xD2, 0x03, 0x50, 0x8E, 0xD2, 0x04, 0x50, 0x8E, 0xD3, 0x04,
    0x51, 0x90, 0xD4, 0x03, 0x51, 0x90, 0xD4, 0x03, 0x52, 0x90, 0xD5, 0x03, 0x51, 0x91, 0xD5, 0x01,
    0x4F, 0x91, 0xD4, 0x03, 0x4F, 0x91, 0xD4, 0x03, 0x4E, 0x90, 0xD5, 0x02, 0x4D, 0x90, 0xD5, 0x04,
    0x4C, 0x90, 0xD5, 0x02, 0x4C, 0x90, 0xD5, 0x02, 0x4B, 0x8E, 0xD4, 0x02, 0x4A, 0x8E, 0xD4, 0x01,
    0x4A, 0x8D, 0xD3, 0x01, 0x4A, 0x8D, 0xD3, 0x01, 0x4A, 0x8C, 0xD3, 0x01, 0x00, 0x00, 0x00, 0x00,
    0x00, 0x00, 0x00, 0x00, 0x00, 0x00, 0x00, 0x00, 0x00, 0x00, 0x00, 0x00, 0x00, 0x00, 0x00, 0x00,
    0x00, 0x00, 0x00, 0x00, 0x00, 0x00, 0x00, 0x00, 0x00, 0x00, 0x00, 0x00, 0x00, 0x00, 0x00, 0x00,
    0x00, 0x00, 0x00, 0x00, 0x00, 0x00, 0x00, 0x00, 0x00, 0x00, 0x00, 0x00, 0x00, 0x00, 0x00, 0x00,
    0x00, 0x00, 0x00, 0x00, 0x00, 0x00, 0x00, 0x00, 0x00, 0x00, 0x00, 0x00, 0x00, 0x00, 0x00, 0x00,
    0x00, 0x00, 0x00, 0x00, 0x00, 0x00, 0x00, 0x00, 0x00, 0x00, 0x00, 0x00, 0x00, 0x00, 0x00, 0x00,
    0x00, 0x00, 0x00, 0x00, 0x00, 0x00, 0x00, 0x00, 0x00, 0x00, 0x00, 0x00, 0x00, 0x00, 0x00, 0x00,
    0x00, 0x00, 0x00, 0x00, 0x00, 0x00, 0x00, 0x00, 0x00, 0x00, 0x00, 0x00, 0x00, 0x00, 0x00, 0x00,
    0x00, 0x00, 0x00, 0x00, 0x00, 0x00, 0x00, 0x00, 0x00, 0x00, 0x00, 0x00, 0x00, 0x00, 0x00, 0x00,
    0x00, 0x00, 0x00, 0x00, 0x00, 0x00, 0x00, 0x00, 0x00, 0x00, 0x00, 0x00, 0x00, 0x00, 0x00, 0x00,
    0x00, 0x00, 0x00, 0x00, 0x00, 0x00, 0x00, 0x00, 0x00, 0x00, 0x00, 0x00, 0x00, 0x00, 0x00, 0x00,
    0x00, 0x00, 0x00, 0x00, 0x00, 0x00, 0x00, 0x00, 0x00, 0x00, 0x00, 0x00, 0x00, 0x00, 0x00, 0x00,
    0x00, 0x00, 0x00, 0x00, 0x00, 0x00, 0x00, 0x00, 0x00, 0x00, 0x00, 0x00, 0x00, 0x00, 0x00, 0x00,
    0x00, 0x00, 0x00, 0x00, 0x00, 0x00, 0x00, 0x00, 0x46, 0x88, 0xCF, 0x01, 0x46, 0x88, 0xCF, 0x01,
    0x00, 0x00, 0x00, 0x00, 0x47, 0x89, 0xCF, 0x01, 0x00, 0x00, 0x00, 0x00, 0x00, 0x00, 0x00, 0x00,
    0x48, 0x8A, 0xCF, 0x01, 0x00, 0x00, 0x00, 0x00, 0x00, 0x00, 0x00, 0x00, 0x4B, 0x8D, 0xD0, 0x01,
    0x4B, 0x8D, 0xD0, 0x01, 0x4B, 0x8D, 0xD0, 0x01, 0x4C, 0x8E, 0xCF, 0x01, 0x4C, 0x8E, 0xCF, 0x01,
    0x4C, 0x8E, 0xCF, 0x01, 0x4C, 0x8D, 0xCE, 0x01, 0x00, 0x00, 0x00, 0x00, 0x00, 0x00, 0x00, 0x00,
    0x00, 0x00, 0x00, 0x00, 0x00, 0x00, 0x00, 0x00, 0x51, 0x91, 0xD0, 0x01, 0x52, 0x91, 0xD0, 0x01,
    0x52, 0x91, 0xD0, 0x01, 0x52, 0x91, 0xD0, 0x01, 0x51, 0x91, 0xD0, 0x01, 0x52, 0x91, 0xD0, 0x01,
    0x52, 0x91, 0xD0, 0x01, 0x52, 0x91, 0xD1, 0x01, 0x00, 0x00, 0x00, 0x00, 0x53, 0x92, 0xD2, 0x01,
    0x53, 0x92, 0xD2, 0x01, 0x55, 0x93, 0xD4, 0x02, 0x56, 0x94, 0xD4, 0x07, 0x56, 0x92, 0xD3, 0x07,
    0x56, 0x92, 0xD3, 0x07, 0x53, 0x90, 0xD2, 0x09, 0x53, 0x92, 0xD3, 0x08, 0x52, 0x91, 0xD1, 0x0B,
    0x52, 0x91, 0xD1, 0x0B, 0x5B, 0x96, 0xD7, 0x08, 0x5D, 0x95, 0xD7, 0x0A, 0x5C, 0x98, 0xD8, 0x09,
    0x5C, 0x98, 0xD8, 0x09, 0x56, 0x93, 0xD4, 0x0B, 0x55, 0x93, 0xD5, 0x09, 0x55, 0x93, 0xD5, 0x0D,
    0x55, 0x93, 0xD5, 0x0D, 0x52, 0x92, 0xD5, 0x0C, 0x50, 0x91, 0xD4, 0x0C, 0x4F, 0x8E, 0xD4, 0x0A,
    0x4F, 0x8E, 0xD4, 0x0A, 0x4C, 0x8C, 0xD3, 0x09, 0x4D, 0x8C, 0xD4, 0x02, 0x4E, 0x8C, 0xD4, 0x02,
    0x4E, 0x8C, 0xD4, 0x02, 0x4E, 0x8C, 0xD3, 0x01, 0x4F, 0x8D, 0xD4, 0x02, 0x50, 0x8E, 0xD4, 0x01,
    0x50, 0x8E, 0xD4, 0x01, 0x50, 0x8F, 0xD4, 0x03, 0x51, 0x90, 0xD4, 0x02, 0x51, 0x90, 0xD5, 0x02,
    0x52, 0x91, 0xD6, 0x02, 0x52, 0x91, 0xD6, 0x02, 0x52, 0x92, 0xD7, 0x06, 0x52, 0x92, 0xD7, 0x04,
    0x50, 0x92, 0xD7, 0x05, 0x50, 0x92, 0xD7, 0x05, 0x4E, 0x91, 0xD8, 0x04, 0x00, 0x00, 0x00, 0x00,
    0x4C, 0x8F, 0xD6, 0x03, 0x4C, 0x8F, 0xD6, 0x03, 0x4B, 0x8F, 0xD7, 0x02, 0x4A, 0x8F, 0xD5, 0x01,
    0x4A, 0x8D, 0xD4, 0x01, 0x4A, 0x8D, 0xD4, 0x01, 0x4A, 0x8D, 0xD4, 0x01, 0x48, 0x8C, 0xD3, 0x01,
    0x00, 0x00, 0x00, 0x00, 0x00, 0x00, 0x00, 0x00, 0x00, 0x00, 0x00, 0x00, 0x00, 0x00, 0x00, 0x00,
    0x00, 0x00, 0x00, 0x00, 0x00, 0x00, 0x00, 0x00, 0x00, 0x00, 0x00, 0x00, 0x00, 0x00, 0x00, 0x00,
    0x00, 0x00, 0x00, 0x00, 0x00, 0x00, 0x00, 0x00, 0x00, 0x00, 0x00, 0x00, 0x00, 0x00, 0x00, 0x00,
    0x00, 0x00, 0x00, 0x00, 0x00, 0x00, 0x00, 0x00, 0x00, 0x00, 0x00, 0x00, 0x00, 0x00, 0x00, 0x00,
    0x00, 0x00, 0x00, 0x00, 0x00, 0x00, 0x00, 0x00, 0x00, 0x00, 0x00, 0x00, 0x00, 0x00, 0x00, 0x00,
    0x00, 0x00, 0x00, 0x00, 0x00, 0x00, 0x00, 0x00, 0x00, 0x00, 0x00, 0x00, 0x00, 0x00, 0x00, 0x00,
    0x00, 0x00, 0x00, 0x00, 0x00, 0x00, 0x00, 0x00, 0x00, 0x00, 0x00, 0x00, 0x00, 0x00, 0x00, 0x00,
    0x00, 0x00, 0x00, 0x00, 0x00, 0x00, 0x00, 0x00, 0x00, 0x00, 0x00, 0x00, 0x00, 0x00, 0x00, 0x00,
    0x00, 0x00, 0x00, 0x00, 0x00, 0x00, 0x00, 0x00, 0x00, 0x00, 0x00, 0x00, 0x00, 0x00, 0x00, 0x00,
    0x00, 0x00, 0x00, 0x00, 0x00, 0x00, 0x00, 0x00, 0x00, 0x00, 0x00, 0x00, 0x00, 0x00, 0x00, 0x00,
    0x00, 0x00, 0x00, 0x00, 0x00, 0x00, 0x00, 0x00, 0x00, 0x00, 0x00, 0x00, 0x00, 0x00, 0x00, 0x00,
    0x00, 0x00, 0x00, 0x00, 0x00, 0x00, 0x00, 0x00, 0x00, 0x00, 0x00, 0x00, 0x00, 0x00, 0x00, 0x00,
    0x00, 0x00, 0x00, 0x00, 0x00, 0x00, 0x00, 0x00, 0x46, 0x89, 0xD0, 0x01, 0x46, 0x89, 0xD0, 0x01,
    0x00, 0x00, 0x00, 0x00, 0x00, 0x00, 0x00, 0x00, 0x00, 0x00, 0x00, 0x00, 0x00, 0x00, 0x00, 0x00,
    0x47, 0x8A, 0xCF, 0x01, 0x00, 0x00, 0x00, 0x00, 0x00, 0x00, 0x00, 0x00, 0x4A, 0x8C, 0xCF, 0x01,
    0x4A, 0x8C, 0xCF, 0x01, 0x4B, 0x8C, 0xD0, 0x01, 0x4B, 0x8D, 0xD0, 0x01, 0x4B, 0x8D, 0xCF, 0x01,
    0x4B, 0x8D, 0xCF, 0x01, 0x4C, 0x8D, 0xCF, 0x01, 0x00, 0x00, 0x00, 0x00, 0x00, 0x00, 0x00, 0x00,
    0x00, 0x00, 0x00, 0x00, 0x00, 0x00, 0x00, 0x00, 0x00, 0x00, 0x00, 0x00, 0x51, 0x90, 0xD0, 0x01,
    0x51, 0x90, 0xD0, 0x01, 0x51, 0x90, 0xD0, 0x01, 0x51, 0x91, 0xD0, 0x01, 0x51, 0x91, 0xD0, 0x01,
    0x51, 0x91, 0xD0, 0x01, 0x51, 0x91, 0xD0, 0x02, 0x52, 0x92, 0xD1, 0x02, 0x54, 0x92, 0xD2, 0x04,
    0x54, 0x92, 0xD2, 0x04, 0x53, 0x93, 0xD2, 0x02, 0x56, 0x94, 0xD5, 0x01, 0x5D, 0x9E, 0xDF, 0x05,
    0x5D, 0x9E, 0xDF, 0x05, 0x5C, 0x9F, 0xE3, 0x0A, 0x5B, 0x9E, 0xDF, 0x09, 0x5C, 0x9B, 0xDA, 0x10,
    0x5C, 0x9B, 0xDA, 0x10, 0x58, 0x90, 0xD0, 0x10, 0x4F, 0x86, 0xCC, 0x1F, 0x4B, 0x81, 0xC7, 0x13,
    0x4B, 0x81, 0xC7, 0x13, 0x47, 0x7F, 0xC6, 0x0F, 0x4A, 0x86, 0xCB, 0x09, 0x4A, 0x84, 0xC9, 0x08,
    0x4A, 0x84, 0xC9, 0x08, 0x4D, 0x8B, 0xCF, 0x04, 0x4D, 0x8B, 0xD0, 0x05, 0x4C, 0x8A, 0xD1, 0x02,
    0x4C, 0x8A, 0xD1, 0x02, 0x4E, 0x8D, 0xD6, 0x03, 0x4C, 0x8B, 0xD6, 0x07, 0x4A, 0x89, 0xD4, 0x09,
    0x4A, 0x89, 0xD4, 0x09, 0x4D, 0x8B, 0xD5, 0x02, 0x4D, 0x8C, 0xD4, 0x03, 0x4F, 0x8E, 0xD4, 0x03,
    0x4F, 0x8E, 0xD4, 0x03, 0x51, 0x8F, 0xD5, 0x04, 0x52, 0x90, 0xD6, 0x04, 0x53, 0x93, 0xD7, 0x08,
    0x53, 0x94, 0xD8, 0x04, 0x53, 0x94, 0xD8, 0x04, 0x54, 0x94, 0xD8, 0x01, 0x00, 0x00, 0x00, 0x00,
    0x00, 0x00, 0x00, 0x00, 0x00, 0x00, 0x00, 0x00, 0x4E, 0x90, 0xD8, 0x03, 0x59, 0x9A, 0xE3, 0x1B,
    0x55, 0x95, 0xDE, 0x09, 0x55, 0x95, 0xDE, 0x09, 0x4B, 0x8E, 0xD6, 0x01, 0x4A, 0x8E, 0xD6, 0x02,
    0x49, 0x8D, 0xD4, 0x01, 0x49, 0x8D, 0xD4, 0x01, 0x4A, 0x8D, 0xD4, 0x01, 0x49, 0x8C, 0xD3, 0x01,
    0x49, 0x8C, 0xD4, 0x01, 0x49, 0x8C, 0xD4, 0x01, 0x48, 0x8B, 0xD3, 0x01, 0x00, 0x00, 0x00, 0x00,
    0x00, 0x00, 0x00, 0x00, 0x00, 0x00, 0x00, 0x00, 0x00, 0x00, 0x00, 0x00, 0x00, 0x00, 0x00, 0x00,
    0x00, 0x00, 0x00, 0x00, 0x00, 0x00, 0x00, 0x00, 0x00, 0x00, 0x00, 0x00, 0x00, 0x00, 0x00, 0x00,
    0x00, 0x00, 0x00, 0x00, 0x00, 0x00, 0x00, 0x00, 0x00, 0x00, 0x00, 0x00, 0x00, 0x00, 0x00, 0x00,
    0x00, 0x00, 0x00, 0x00, 0x00, 0x00, 0x00, 0x00, 0x00, 0x00, 0x00, 0x00, 0x00, 0x00, 0x00, 0x00,
    0x00, 0x00, 0x00, 0x00, 0x00, 0x00, 0x00, 0x00, 0x00, 0x00, 0x00, 0x00, 0x00, 0x00, 0x00, 0x00,
    0x00, 0x00, 0x00, 0x00, 0x00, 0x00, 0x00, 0x00, 0x00, 0x00, 0x00, 0x00, 0x00, 0x00, 0x00, 0x00,
    0x00, 0x00, 0x00, 0x00, 0x00, 0x00, 0x00, 0x00, 0x00, 0x00, 0x00, 0x00, 0x00, 0x00, 0x00, 0x00,
    0x00, 0x00, 0x00, 0x00, 0x00, 0x00, 0x00, 0x00, 0x00, 0x00, 0x00, 0x00, 0x00, 0x00, 0x00, 0x00,
    0x00, 0x00, 0x00, 0x00, 0x00, 0x00, 0x00, 0x00, 0x00, 0x00, 0x00, 0x00, 0x00, 0x00, 0x00, 0x00,
    0x00, 0x00, 0x00, 0x00, 0x00, 0x00, 0x00, 0x00, 0x00, 0x00, 0x00, 0x00, 0x00, 0x00, 0x00, 0x00,
    0x00, 0x00, 0x00, 0x00, 0x00, 0x00, 0x00, 0x00, 0x00, 0x00, 0x00, 0x00, 0x00, 0x00, 0x00, 0x00,
    0x00, 0x00, 0x00, 0x00, 0x00, 0x00, 0x00, 0x00, 0x00, 0x00, 0x00, 0x00, 0x00, 0x00, 0x00, 0x00,
    0x00, 0x00, 0x00, 0x00, 0x00, 0x00, 0x00, 0x00, 0x00, 0x00, 0x00, 0x00, 0x00, 0x00, 0x00, 0x00,
    0x46, 0x8A, 0xD0, 0x01, 0x46, 0x8A, 0xD0, 0x01, 0x47, 0x8A, 0xD0, 0x01, 0x48, 0x8B, 0xCF, 0x01,
    0x48, 0x8B, 0xCF, 0x01, 0x4A, 0x8C, 0xD0, 0x01, 0x4A, 0x8C, 0xD0, 0x01, 0x4B, 0x8D, 0xCF, 0x01,
    0x4B, 0x8D, 0xCF, 0x01, 0x00, 0x00, 0x00, 0x00, 0x00, 0x00, 0x00, 0x00, 0x00, 0x00, 0x00, 0x00,
    0x00, 0x00, 0x00, 0x00, 0x00, 0x00, 0x00, 0x00, 0x00, 0x00, 0x00, 0x00, 0x00, 0x00, 0x00, 0x00,
    0x00, 0x00, 0x00, 0x00, 0x00, 0x00, 0x00, 0x00, 0x4E, 0x90, 0xD0, 0x01, 0x4E, 0x90, 0xD0, 0x02,
    0x4E, 0x90, 0xD0, 0x02, 0x4D, 0x8F, 0xD0, 0x01, 0x00, 0x00, 0x00, 0x00, 0x58, 0x9C, 0xDE, 0x02,
    0x58, 0x9C, 0xDE, 0x02, 0x60, 0xA8, 0xE4, 0x0C, 0x59, 0x9A, 0xD7, 0x1C, 0x4A, 0x7E, 0xBC, 0x85,
    0x4A, 0x7E, 0xBC, 0x85, 0x36, 0x63, 0x9B, 0xC4, 0x29, 0x4E, 0x82, 0xCA, 0x1E, 0x34, 0x69, 0xDB,
    0x1E, 0x34, 0x69, 0xDB, 0x3D, 0x5B, 0x8E, 0xD8, 0x77, 0xA6, 0xDE, 0xDC, 0x76, 0xA8, 0xE3, 0xD0,
    0x76, 0xA8, 0xE3, 0xD0, 0x71, 0xA1, 0xDC, 0xCD, 0x73, 0xA5, 0xDF, 0xBF, 0x75, 0xA7, 0xE0, 0xB5,
    0x75, 0xA7, 0xE0, 0xB5, 0x71, 0xA8, 0xE2, 0x9F, 0x64, 0x99, 0xD6, 0x8A, 0x5F, 0x96, 0xD6, 0x62,
    0x5F, 0x96, 0xD6, 0x62, 0x53, 0x8C, 0xCF, 0x3A, 0x4E, 0x8D, 0xD2, 0x08, 0x50, 0x91, 0xD8, 0x04,
    0x50, 0x91, 0xD8, 0x04, 0x52, 0x91, 0xD8, 0x01, 0x4F, 0x90, 0xD5, 0x01, 0x00, 0x00, 0x00, 0x00,
    0x00, 0x00, 0x00, 0x00, 0x55, 0x94, 0xD9, 0x01, 0x55, 0x94, 0xD8, 0x01, 0x56, 0x96, 0xD8, 0x03,
    0x57, 0x97, 0xD8, 0x08, 0x57, 0x97, 0xD8, 0x08, 0x58, 0x95, 0xD6, 0x1A, 0x5D, 0x99, 0xDC, 0x30,
    0x60, 0x9C, 0xDF, 0x4F, 0x60, 0x9C, 0xDF, 0x4F, 0x68, 0xA5, 0xED, 0x7B, 0x7D, 0xBC, 0xFD, 0xB4,
    0x74, 0xB2, 0xF9, 0x68, 0x74, 0xB2, 0xF9, 0x68, 0x54, 0x94, 0xDD, 0x14, 0x4C, 0x90, 0xD8, 0x04,
    0x4A, 0x8E, 0xD5, 0x01, 0x4A, 0x8E, 0xD5, 0x01, 0x49, 0x8E, 0xD4, 0x01, 0x49, 0x8D, 0xD4, 0x01,
    0x49, 0x8C, 0xD4, 0x01, 0x49, 0x8C, 0xD4, 0x01, 0x49, 0x8B, 0xD4, 0x01, 0x00, 0x00, 0x00, 0x00,
    0x48, 0x8B, 0xD3, 0x01, 0x48, 0x8B, 0xD3, 0x01, 0x00, 0x00, 0x00, 0x00, 0x00, 0x00, 0x00, 0x00,
    0x00, 0x00, 0x00, 0x00, 0x00, 0x00, 0x00, 0x00, 0x00, 0x00, 0x00, 0x00, 0x00, 0x00, 0x00, 0x00,
    0x00, 0x00, 0x00, 0x00, 0x00, 0x00, 0x00, 0x00, 0x00, 0x00, 0x00, 0x00, 0x00, 0x00, 0x00, 0x00,
    0x00, 0x00, 0x00, 0x00, 0x00, 0x00, 0x00, 0x00, 0x00, 0x00, 0x00, 0x00, 0x00, 0x00, 0x00, 0x00,
    0x00, 0x00, 0x00, 0x00, 0x00, 0x00, 0x00, 0x00, 0x00, 0x00, 0x00, 0x00, 0x00, 0x00, 0x00, 0x00,
    0x00, 0x00, 0x00, 0x00, 0x00, 0x00, 0x00, 0x00, 0x00, 0x00, 0x00, 0x00, 0x00, 0x00, 0x00, 0x00,
    0x00, 0x00, 0x00, 0x00, 0x00, 0x00, 0x00, 0x00, 0x00, 0x00, 0x00, 0x00, 0x00, 0x00, 0x00, 0x00,
    0x00, 0x00, 0x00, 0x00, 0x00, 0x00, 0x00, 0x00, 0x00, 0x00, 0x00, 0x00, 0x00, 0x00, 0x00, 0x00,
    0x00, 0x00, 0x00, 0x00, 0x00, 0x00, 0x00, 0x00, 0x00, 0x00, 0x00, 0x00, 0x00, 0x00, 0x00, 0x00,
    0x00, 0x00, 0x00, 0x00, 0x00, 0x00, 0x00, 0x00, 0x00, 0x00, 0x00, 0x00, 0x00, 0x00, 0x00, 0x00,
    0x00, 0x00, 0x00, 0x00, 0x00, 0x00, 0x00, 0x00, 0x00, 0x00, 0x00, 0x00, 0x00, 0x00, 0x00, 0x00,
    0x00, 0x00, 0x00, 0x00, 0x00, 0x00, 0x00, 0x00, 0x00, 0x00, 0x00, 0x00, 0x00, 0x00, 0x00, 0x00,
    0x00, 0x00, 0x00, 0x00, 0x00, 0x00, 0x00, 0x00, 0x00, 0x00, 0x00, 0x00, 0x00, 0x00, 0x00, 0x00,
    0x46, 0x8A, 0xD0, 0x01, 0x46, 0x8A, 0xD0, 0x01, 0x47, 0x8A, 0xD0, 0x01, 0x48, 0x8B, 0xCF, 0x01,
    0x48, 0x8B, 0xCF, 0x01, 0x4A, 0x8C, 0xD0, 0x01, 0x4A, 0x8C, 0xD0, 0x01, 0x4B, 0x8D, 0xCF, 0x01,
    0x4B, 0x8D, 0xCF, 0x01, 0x00, 0x00, 0x00, 0x00, 0x00, 0x00, 0x00, 0x00, 0x00, 0x00, 0x00, 0x00,
    0x00, 0x00, 0x00, 0x00, 0x00, 0x00, 0x00, 0x00, 0x00, 0x00, 0x00, 0x00, 0x00, 0x00, 0x00, 0x00,
    0x00, 0x00, 0x00, 0x00, 0x00, 0x00, 0x00, 0x00, 0x4E, 0x90, 0xD0, 0x01, 0x4E, 0x90, 0xD0, 0x02,
    0x4E, 0x90, 0xD0, 0x02, 0x4D, 0x8F, 0xD0, 0x01, 0x00, 0x00, 0x00, 0x00, 0x58, 0x9C, 0xDE, 0x02,
    0x58, 0x9C, 0xDE, 0x02, 0x60, 0xA8, 0xE4, 0x0C, 0x59, 0x9A, 0xD7, 0x1C, 0x4A, 0x7E, 0xBC, 0x85,
    0x4A, 0x7E, 0xBC, 0x85, 0x36, 0x63, 0x9B, 0xC4, 0x29, 0x4E, 0x82, 0xCA, 0x1E, 0x34, 0x69, 0xDB,
    0x1E, 0x34, 0x69, 0xDB, 0x3D, 0x5B, 0x8E, 0xD8, 0x77, 0xA6, 0xDE, 0xDC, 0x76, 0xA8, 0xE3, 0xD0,
    0x76, 0xA8, 0xE3, 0xD0, 0x71, 0xA1, 0xDC, 0xCD, 0x73, 0xA5, 0xDF, 0xBF, 0x75, 0xA7, 0xE0, 0xB5,
    0x75, 0xA7, 0xE0, 0xB5, 0x71, 0xA8, 0xE2, 0x9F, 0x64, 0x99, 0xD6, 0x8A, 0x5F, 0x96, 0xD6, 0x62,
    0x5F, 0x96, 0xD6, 0x62, 0x53, 0x8C, 0xCF, 0x3A, 0x4E, 0x8D, 0xD2, 0x08, 0x50, 0x91, 0xD8, 0x04,
    0x50, 0x91, 0xD8, 0x04, 0x52, 0x91, 0xD8, 0x01, 0x4F, 0x90, 0xD5, 0x01, 0x00, 0x00, 0x00, 0x00,
    0x00, 0x00, 0x00, 0x00, 0x55, 0x94, 0xD9, 0x01, 0x55, 0x94, 0xD8, 0x01, 0x56, 0x96, 0xD8, 0x03,
    0x57, 0x97, 0xD8, 0x08, 0x57, 0x97, 0xD8, 0x08, 0x58, 0x95, 0xD6, 0x1A, 0x5D, 0x99, 0xDC, 0x30,
    0x60, 0x9C, 0xDF, 0x4F, 0x60, 0x9C, 0xDF, 0x4F, 0x68, 0xA5, 0xED, 0x7B, 0x7D, 0xBC, 0xFD, 0xB4,
    0x74, 0xB2, 0xF9, 0x68, 0x74, 0xB2, 0xF9, 0x68, 0x54, 0x94, 0xDD, 0x14, 0x4C, 0x90, 0xD8, 0x04,
    0x4A, 0x8E, 0xD5, 0x01, 0x4A, 0x8E, 0xD5, 0x01, 0x49, 0x8E, 0xD4, 0x01, 0x49, 0x8D, 0xD4, 0x01,
    0x49, 0x8C, 0xD4, 0x01, 0x49, 0x8C, 0xD4, 0x01, 0x49, 0x8B, 0xD4, 0x01, 0x00, 0x00, 0x00, 0x00,
    0x48, 0x8B, 0xD3, 0x01, 0x48, 0x8B, 0xD3, 0x01, 0x00, 0x00, 0x00, 0x00, 0x00, 0x00, 0x00, 0x00,
    0x00, 0x00, 0x00, 0x00, 0x00, 0x00, 0x00, 0x00, 0x00, 0x00, 0x00, 0x00, 0x00, 0x00, 0x00, 0x00,
    0x00, 0x00, 0x00, 0x00, 0x00, 0x00, 0x00, 0x00, 0x00, 0x00, 0x00, 0x00, 0x00, 0x00, 0x00, 0x00,
    0x00, 0x00, 0x00, 0x00, 0x00, 0x00, 0x00, 0x00, 0x00, 0x00, 0x00, 0x00, 0x00, 0x00, 0x00, 0x00,
    0x00, 0x00, 0x00, 0x00, 0x00, 0x00, 0x00, 0x00, 0x00, 0x00, 0x00, 0x00, 0x00, 0x00, 0x00, 0x00,
    0x00, 0x00, 0x00, 0x00, 0x00, 0x00, 0x00, 0x00, 0x00, 0x00, 0x00, 0x00, 0x00, 0x00, 0x00, 0x00,
    0x00, 0x00, 0x00, 0x00, 0x00, 0x00, 0x00, 0x00, 0x00, 0x00, 0x00, 0x00, 0x00, 0x00, 0x00, 0x00,
    0x00, 0x00, 0x00, 0x00, 0x00, 0x00, 0x00, 0x00, 0x00, 0x00, 0x00, 0x00, 0x00, 0x00, 0x00, 0x00,
    0x00, 0x00, 0x00, 0x00, 0x00, 0x00, 0x00, 0x00, 0x00, 0x00, 0x00, 0x00, 0x00, 0x00, 0x00, 0x00,
    0x00, 0x00, 0x00, 0x00, 0x00, 0x00, 0x00, 0x00, 0x00, 0x00, 0x00, 0x00, 0x00, 0x00, 0x00, 0x00,
    0x00, 0x00, 0x00, 0x00, 0x00, 0x00, 0x00, 0x00, 0x00, 0x00, 0x00, 0x00, 0x00, 0x00, 0x00, 0x00,
    0x00, 0x00, 0x00, 0x00, 0x00, 0x00, 0x00, 0x00, 0x00, 0x00, 0x00, 0x00, 0x00, 0x00, 0x00, 0x00,
    0x00, 0x00, 0x00, 0x00, 0x00, 0x00, 0x00, 0x00, 0x00, 0x00, 0x00, 0x00, 0x00, 0x00, 0x00, 0x00,
    0x45, 0x89, 0xCF, 0x01, 0x00, 0x00, 0x00, 0x00, 0x46, 0x89, 0xD0, 0x01, 0x47, 0x8A, 0xD0, 0x01,
    0x47, 0x8A, 0xD0, 0x01, 0x48, 0x8A, 0xCF, 0x01, 0x48, 0x8B, 0xD0, 0x01, 0x49, 0x8C, 0xCF, 0x01,
    0x49, 0x8C, 0xCF, 0x01, 0x00, 0x00, 0x00, 0x00, 0x00, 0x00, 0x00, 0x00, 0x00, 0x00, 0x00, 0x00,
    0x00, 0x00, 0x00, 0x00, 0x00, 0x00, 0x00, 0x00, 0x00, 0x00, 0x00, 0x00, 0x4E, 0x8F, 0xD0, 0x01,
    0x4E, 0x8F, 0xD0, 0x01, 0x4F, 0x91, 0xD1, 0x01, 0x4F, 0x90, 0xD3, 0x01, 0x00, 0x00, 0x00, 0x00,
    0x00, 0x00, 0x00, 0x00, 0x4F, 0x94, 0xD6, 0x04, 0x4D, 0x92, 0xD1, 0x25, 0x44, 0x81, 0xC0, 0x45,
    0x44, 0x81, 0xC0, 0x45, 0x36, 0x67, 0xA6, 0xA4, 0x24, 0x49, 0x84, 0xCE, 0x1D, 0x32, 0x6F, 0xEE,
    0x1D, 0x32, 0x6F, 0xEE, 0x3F, 0x57, 0x93, 0xFB, 0x6C, 0x92, 0xC6, 0xF8, 0x5D, 0x7D, 0xB4, 0xFB,
    0x5D, 0x7D, 0xB4, 0xFB, 0x83, 0xA4, 0xD6, 0xFA, 0xA4, 0xD0, 0xFC, 0xFC, 0x9F, 0xCF, 0xFC, 0xFD,
    0x9F, 0xCF, 0xFC, 0xFD, 0x9E, 0xCB, 0xFB, 0xFD, 0xA1, 0xD1, 0xFC, 0xFE, 0xA0, 0xCE, 0xFC, 0xFE,
    0xA0, 0xCE, 0xFC, 0xFE, 0xA0, 0xCE, 0xFC, 0xFD, 0x9C, 0xC9, 0xFA, 0xFD, 0x93, 0xC2, 0xF9, 0xF7,
    0x93, 0xC2, 0xF9, 0xF7, 0x79, 0xAB, 0xE9, 0xE1, 0x64, 0xA1, 0xDE, 0x87, 0x52, 0x8B, 0xCE, 0x63,
    0x52, 0x8B, 0xCE, 0x63, 0x54, 0x8E, 0xD3, 0x3E, 0x57, 0x94, 0xD8, 0x16, 0x58, 0x94, 0xD8, 0x33,
    0x58, 0x94, 0xD8, 0x33, 0x58, 0x91, 0xD4, 0x2D, 0x5C, 0x97, 0xD8, 0x3F, 0x59, 0x91, 0xD4, 0x38,
    0x5D, 0x98, 0xDA, 0x48, 0x5D, 0x98, 0xDA, 0x48, 0x74, 0xAD, 0xEE, 0xA6, 0x89, 0xC5, 0xFD, 0xD5,
    0x87, 0xBE, 0xFC, 0xED, 0x87, 0xBE, 0xFC, 0xED, 0x81, 0xB9, 0xFC, 0xEF, 0x85, 0xBE, 0xFE, 0xEF,
    0x80, 0xB8, 0xFD, 0xD5, 0x80, 0xB8, 0xFD, 0xD5, 0x64, 0x9F, 0xEF, 0x6B, 0x4E, 0x91, 0xDA, 0x14,
    0x4A, 0x8E, 0xD4, 0x0A, 0x4A, 0x8E, 0xD4, 0x0A, 0x4B, 0x8F, 0xD5, 0x02, 0x49, 0x8E, 0xD4, 0x01,
    0x49, 0x8D, 0xD4, 0x01, 0x49, 0x8D, 0xD4, 0x01, 0x49, 0x8C, 0xD4, 0x01, 0x48, 0x8B, 0xD4, 0x01,
    0x47, 0x8B, 0xD4, 0x01, 0x47, 0x8B, 0xD4, 0x01, 0x00, 0x00, 0x00, 0x00, 0x00, 0x00, 0x00, 0x00,
    0x00, 0x00, 0x00, 0x00, 0x00, 0x00, 0x00, 0x00, 0x00, 0x00, 0x00, 0x00, 0x00, 0x00, 0x00, 0x00,
    0x00, 0x00, 0x00, 0x00, 0x00, 0x00, 0x00, 0x00, 0x00, 0x00, 0x00, 0x00, 0x00, 0x00, 0x00, 0x00,
    0x00, 0x00, 0x00, 0x00, 0x00, 0x00, 0x00, 0x00, 0x00, 0x00, 0x00, 0x00, 0x00, 0x00, 0x00, 0x00,
    0x00, 0x00, 0x00, 0x00, 0x00, 0x00, 0x00, 0x00, 0x00, 0x00, 0x00, 0x00, 0x00, 0x00, 0x00, 0x00,
    0x00, 0x00, 0x00, 0x00, 0x00, 0x00, 0x00, 0x00, 0x00, 0x00, 0x00, 0x00, 0x00, 0x00, 0x00, 0x00,
    0x00, 0x00, 0x00, 0x00, 0x00, 0x00, 0x00, 0x00, 0x00, 0x00, 0x00, 0x00, 0x00, 0x00, 0x00, 0x00,
    0x00, 0x00, 0x00, 0x00, 0x00, 0x00, 0x00, 0x00, 0x00, 0x00, 0x00, 0x00, 0x00, 0x00, 0x00, 0x00,
    0x00, 0x00, 0x00, 0x00, 0x00, 0x00, 0x00, 0x00, 0x00, 0x00, 0x00, 0x00, 0x00, 0x00, 0x00, 0x00,
    0x00, 0x00, 0x00, 0x00, 0x00, 0x00, 0x00, 0x00, 0x00, 0x00, 0x00, 0x00, 0x00, 0x00, 0x00, 0x00,
    0x00, 0x00, 0x00, 0x00, 0x00, 0x00, 0x00, 0x00, 0x00, 0x00, 0x00, 0x00, 0x00, 0x00, 0x00, 0x00,
    0x00, 0x00, 0x00, 0x00, 0x00, 0x00, 0x00, 0x00, 0x00, 0x00, 0x00, 0x00, 0x00, 0x00, 0x00, 0x00,
    0x00, 0x00, 0x00, 0x00, 0x00, 0x00, 0x00, 0x00, 0x00, 0x00, 0x00, 0x00, 0x00, 0x00, 0x00, 0x00,
    0x44, 0x89, 0xCF, 0x01, 0x00, 0x00, 0x00, 0x00, 0x46, 0x8A, 0xD0, 0x01, 0x46, 0x8A, 0xD0, 0x01,
    0x46, 0x8A, 0xD0, 0x01, 0x47, 0x8A, 0xD0, 0x01, 0x48, 0x8B, 0xD0, 0x01, 0x48, 0x8B, 0xCF, 0x01,
    0x48, 0x8B, 0xCF, 0x01, 0x49, 0x8C, 0xCF, 0x01, 0x00, 0x00, 0x00, 0x00, 0x00, 0x00, 0x00, 0x00,
    0x00, 0x00, 0x00, 0x00, 0x4B, 0x8E, 0xD1, 0x01, 0x4D, 0x90, 0xD2, 0x01, 0x4C, 0x8E, 0xD2, 0x02,
    0x4C, 0x8E, 0xD2, 0x02, 0x00, 0x00, 0x00, 0x00, 0x58, 0x97, 0xD7, 0x08, 0x56, 0x91, 0xCF, 0x24,
    0x56, 0x91, 0xCF, 0x24, 0x4E, 0x8A, 0xC6, 0x43, 0x48, 0x84, 0xBC, 0xC5, 0x3C, 0x6F, 0xAE, 0xDF,
    0x3C, 0x6F, 0xAE, 0xDF, 0x1D, 0x38, 0x81, 0xF3, 0x49, 0x68, 0xAC, 0xF9, 0x9A, 0xBF, 0xF7, 0xF8,
    0x9A, 0xBF, 0xF7, 0xF8, 0xA6, 0xC7, 0xFD, 0xF9, 0xAD, 0xDE, 0xFF, 0xF9, 0xA4, 0xD5, 0xFE, 0xFA,
    0xA4, 0xD5, 0xFE, 0xFA, 0xA1, 0xD0, 0xFD, 0xFA, 0x99, 0xC7, 0xF9, 0xFA, 0x9A, 0xC9, 0xF9, 0xFA,
    0x9A, 0xC9, 0xF9, 0xFA, 0x99, 0xCA, 0xF9, 0xFA, 0x9B, 0xCB, 0xFA, 0xFA, 0x9B, 0xC8, 0xF9, 0xF9,
    0x9B, 0xC8, 0xF9, 0xF9, 0x9C, 0xC9, 0xFA, 0xF9, 0x9D, 0xCC, 0xFB, 0xF9, 0x9B, 0xCE, 0xFD, 0xF9,
    0x9B, 0xCE, 0xFD, 0xF9, 0x93, 0xC8, 0xFB, 0xFB, 0x80, 0xB5, 0xF0, 0xFA, 0x6D, 0xA1, 0xE2, 0xE8,
    0x6D, 0xA1, 0xE2, 0xE8, 0x63, 0x9C, 0xDC, 0xC1, 0x58, 0x8F, 0xD1, 0x98, 0x65, 0xA0, 0xDF, 0xB2,
    0x65, 0xA0, 0xDF, 0xB2, 0x70, 0xA7, 0xE7, 0xA8, 0x79, 0xB4, 0xF1, 0xBE, 0x73, 0xAB, 0xEC, 0xC3,
    0x72, 0xAD, 0xF0, 0xCD, 0x72, 0xAD, 0xF0, 0xCD, 0x7C, 0xB7, 0xF8, 0xF1, 0x8C, 0xCA, 0xFF, 0xED,
    0x83, 0xBE, 0xFE, 0xF1, 0x83, 0xBE, 0xFE, 0xF1, 0x79, 0xB3, 0xFC, 0xEF, 0x7B, 0xB5, 0xFD, 0xF1,
    0x7F, 0xBB, 0xFE, 0xF4, 0x7F, 0xBB, 0xFE, 0xF4, 0x75, 0xB4, 0xFE, 0xE1, 0x5C, 0x9E, 0xED, 0x66,
    0x4B, 0x91, 0xD7, 0x11, 0x4B, 0x91, 0xD7, 0x11, 0x4A, 0x91, 0xD6, 0x05, 0x49, 0x8F, 0xD4, 0x03,
    0x49, 0x8D, 0xD4, 0x02, 0x49, 0x8D, 0xD4, 0x02, 0x48, 0x8C, 0xD4, 0x02, 0x48, 0x8C, 0xD4, 0x01,
    0x46, 0x8A, 0xD3, 0x01, 0x46, 0x8A, 0xD3, 0x01, 0x46, 0x8A, 0xD4, 0x01, 0x46, 0x8A, 0xD3, 0x01,
    0x00, 0x00, 0x00, 0x00, 0x00, 0x00, 0x00, 0x00, 0x00, 0x00, 0x00, 0x00, 0x00, 0x00, 0x00, 0x00,
    0x00, 0x00, 0x00, 0x00, 0x00, 0x00, 0x00, 0x00, 0x00, 0x00, 0x00, 0x00, 0x00, 0x00, 0x00, 0x00,
    0x00, 0x00, 0x00, 0x00, 0x00, 0x00, 0x00, 0x00, 0x00, 0x00, 0x00, 0x00, 0x00, 0x00, 0x00, 0x00,
    0x00, 0x00, 0x00, 0x00, 0x00, 0x00, 0x00, 0x00, 0x00, 0x00, 0x00, 0x00, 0x00, 0x00, 0x00, 0x00,
    0x00, 0x00, 0x00, 0x00, 0x00, 0x00, 0x00, 0x00, 0x00, 0x00, 0x00, 0x00, 0x00, 0x00, 0x00, 0x00,
    0x00, 0x00, 0x00, 0x00, 0x00, 0x00, 0x00, 0x00, 0x00, 0x00, 0x00, 0x00, 0x00, 0x00, 0x00, 0x00,
    0x00, 0x00, 0x00, 0x00, 0x00, 0x00, 0x00, 0x00, 0x00, 0x00, 0x00, 0x00, 0x00, 0x00, 0x00, 0x00,
    0x00, 0x00, 0x00, 0x00, 0x00, 0x00, 0x00, 0x00, 0x00, 0x00, 0x00, 0x00, 0x00, 0x00, 0x00, 0x00,
    0x00, 0x00, 0x00, 0x00, 0x00, 0x00, 0x00, 0x00, 0x00, 0x00, 0x00, 0x00, 0x00, 0x00, 0x00, 0x00,
    0x00, 0x00, 0x00, 0x00, 0x00, 0x00, 0x00, 0x00, 0x00, 0x00, 0x00, 0x00, 0x00, 0x00, 0x00, 0x00,
    0x00, 0x00, 0x00, 0x00, 0x00, 0x00, 0x00, 0x00, 0x00, 0x00, 0x00, 0x00, 0x00, 0x00, 0x00, 0x00,
    0x43, 0x87, 0xD0, 0x01, 0x43, 0x87, 0xCF, 0x01, 0x44, 0x88, 0xCF, 0x01, 0x44, 0x88, 0xCF, 0x01,
    0x44, 0x88, 0xD0, 0x01, 0x00, 0x00, 0x00, 0x00, 0x46, 0x89, 0xD0, 0x01, 0x46, 0x8A, 0xD0, 0x01,
    0x46, 0x8A, 0xD0, 0x01, 0x46, 0x8A, 0xD0, 0x01, 0x47, 0x8B, 0xD0, 0x01, 0x47, 0x8B, 0xCF, 0x01,
    0x47, 0x8B, 0xCF, 0x01, 0x48, 0x8C, 0xD0, 0x01, 0x49, 0x8C, 0xD0, 0x01, 0x4B, 0x8D, 0xD0, 0x01,
    0x4B, 0x8D, 0xD0, 0x01, 0x4C, 0x8D, 0xD1, 0x02, 0x4C, 0x8D, 0xD1, 0x02, 0x4F, 0x8E, 0xD3, 0x04,
    0x4F, 0x8E, 0xD3, 0x04, 0x4D, 0x89, 0xC8, 0x0D, 0x33, 0x68, 0x9A, 0x54, 0x2B, 0x50, 0x82, 0xBE,
    0x2B, 0x50, 0x82, 0xBE, 0x0A, 0x18, 0x4C, 0xB9, 0x1C, 0x33, 0x73, 0xE8, 0x77, 0xA3, 0xE7, 0xF0,
    0x77, 0xA3, 0xE7, 0xF0, 0x91, 0xBC, 0xF7, 0xF5, 0xA5, 0xC8, 0xFC, 0xFA, 0xB8, 0xE3, 0xFF, 0xFB,
    0xB8, 0xE3, 0xFF, 0xFB, 0x9F, 0xC7, 0xFC, 0xFC, 0x93, 0xBE, 0xF9, 0xFC, 0x96, 0xC7, 0xFB, 0xFC,
    0x96, 0xC7, 0xFB, 0xFC, 0x98, 0xCA, 0xFC, 0xFC, 0x99, 0xC7, 0xFA, 0xFC, 0x99, 0xC8, 0xFA, 0xFC,
    0x99, 0xC8, 0xFA, 0xFC, 0x98, 0xCA, 0xFB, 0xFC, 0x98, 0xC9, 0xFB, 0xFD, 0x96, 0xC4, 0xF9, 0xFD,
    0x96, 0xC4, 0xF9, 0xFD, 0x97, 0xC5, 0xFA, 0xFD, 0x97, 0xCA, 0xFC, 0xFC, 0x93, 0xC5, 0xFB, 0xFB,
    0x93, 0xC5, 0xFB, 0xFB, 0x88, 0xBB, 0xF7, 0xF9, 0x8A, 0xC2, 0xFB, 0xFA, 0x8D, 0xC9, 0xFC, 0xF9,
    0x8D, 0xC9, 0xFC, 0xF9, 0x81, 0xBC, 0xF9, 0xFA, 0x79, 0xB3, 0xF0, 0xF9, 0x82, 0xBC, 0xF8, 0xF5,
    0x82, 0xBC, 0xF8, 0xF5, 0x89, 0xC2, 0xFB, 0xF1, 0x8A, 0xC7, 0xFD, 0xF0, 0x85, 0xC3, 0xFD, 0xF6,
    0x7F, 0xBB, 0xFD, 0xF4, 0x7F, 0xBB, 0xFD, 0xF4, 0x75, 0xAD, 0xF7, 0xF5, 0x7B, 0xB5, 0xFC, 0xF4,
    0x7B, 0xB9, 0xFE, 0xF3, 0x7B, 0xB9, 0xFE, 0xF3, 0x71, 0xAD, 0xFC, 0xF4, 0x72, 0xAB, 0xFC, 0xF5,
    0x79, 0xB5, 0xFE, 0xF1, 0x79, 0xB5, 0xFE, 0xF1, 0x79, 0xB4, 0xFE, 0xF7, 0x6B, 0xA5, 0xFA, 0xD0,
    0x52, 0x93, 0xE1, 0x44, 0x52, 0x93, 0xE1, 0x44, 0x4A, 0x90, 0xD6, 0x16, 0x49, 0x8E, 0xD4, 0x05,
    0x48, 0x8E, 0xD4, 0x02, 0x48, 0x8E, 0xD4, 0x02, 0x47, 0x8C, 0xD3, 0x02, 0x47, 0x8B, 0xD3, 0x01,
    0x46, 0x8A, 0xD3, 0x01, 0x46, 0x8A, 0xD3, 0x01, 0x45, 0x8A, 0xD3, 0x01, 0x45, 0x89, 0xD3, 0x01,
    0x45, 0x8A, 0xD4, 0x01, 0x45, 0x8A, 0xD4, 0x01, 0x00, 0x00, 0x00, 0x00, 0x00, 0x00, 0x00, 0x00,
    0x00, 0x00, 0x00, 0x00, 0x00, 0x00, 0x00, 0x00, 0x00, 0x00, 0x00, 0x00, 0x00, 0x00, 0x00, 0x00,
    0x00, 0x00, 0x00, 0x00, 0x00, 0x00, 0x00, 0x00, 0x00, 0x00, 0x00, 0x00, 0x00, 0x00, 0x00, 0x00,
    0x00, 0x00, 0x00, 0x00, 0x00, 0x00, 0x00, 0x00, 0x00, 0x00, 0x00, 0x00, 0x00, 0x00, 0x00, 0x00,
    0x00, 0x00, 0x00, 0x00, 0x00, 0x00, 0x00, 0x00, 0x00, 0x00, 0x00, 0x00, 0x00, 0x00, 0x00, 0x00,
    0x00, 0x00, 0x00, 0x00, 0x00, 0x00, 0x00, 0x00, 0x00, 0x00, 0x00, 0x00, 0x00, 0x00, 0x00, 0x00,
    0x00, 0x00, 0x00, 0x00, 0x00, 0x00, 0x00, 0x00, 0x00, 0x00, 0x00, 0x00, 0x00, 0x00, 0x00, 0x00,
    0x00, 0x00, 0x00, 0x00, 0x00, 0x00, 0x00, 0x00, 0x00, 0x00, 0x00, 0x00, 0x00, 0x00, 0x00, 0x00,
    0x00, 0x00, 0x00, 0x00, 0x00, 0x00, 0x00, 0x00, 0x00, 0x00, 0x00, 0x00, 0x00, 0x00, 0x00, 0x00,
    0x00, 0x00, 0x00, 0x00, 0x00, 0x00, 0x00, 0x00, 0x00, 0x00, 0x00, 0x00, 0x00, 0x00, 0x00, 0x00,
    0x00, 0x00, 0x00, 0x00, 0x00, 0x00, 0x00, 0x00, 0x00, 0x00, 0x00, 0x00, 0x00, 0x00, 0x00, 0x00,
    0x43, 0x87, 0xD0, 0x01, 0x43, 0x87, 0xCF, 0x01, 0x44, 0x88, 0xCF, 0x01, 0x44, 0x88, 0xCF, 0x01,
    0x44, 0x88, 0xD0, 0x01, 0x00, 0x00, 0x00, 0x00, 0x46, 0x89, 0xD0, 0x01, 0x46, 0x8A, 0xD0, 0x01,
    0x46, 0x8A, 0xD0, 0x01, 0x46, 0x8A, 0xD0, 0x01, 0x47, 0x8B, 0xD0, 0x01, 0x47, 0x8B, 0xCF, 0x01,
    0x47, 0x8B, 0xCF, 0x01, 0x48, 0x8C, 0xD0, 0x01, 0x49, 0x8C, 0xD0, 0x01, 0x4B, 0x8D, 0xD0, 0x01,
    0x4B, 0x8D, 0xD0, 0x01, 0x4C, 0x8D, 0xD1, 0x02, 0x4C, 0x8D, 0xD1, 0x02, 0x4F, 0x8E, 0xD3, 0x04,
    0x4F, 0x8E, 0xD3, 0x04, 0x4D, 0x89, 0xC8, 0x0D, 0x33, 0x68, 0x9A, 0x54, 0x2B, 0x50, 0x82, 0xBE,
    0x2B, 0x50, 0x82, 0xBE, 0x0A, 0x18, 0x4C, 0xB9, 0x1C, 0x33, 0x73, 0xE8, 0x77, 0xA3, 0xE7, 0xF0,
    0x77, 0xA3, 0xE7, 0xF0, 0x91, 0xBC, 0xF7, 0xF5, 0xA5, 0xC8, 0xFC, 0xFA, 0xB8, 0xE3, 0xFF, 0xFB,
    0xB8, 0xE3, 0xFF, 0xFB, 0x9F, 0xC7, 0xFC, 0xFC, 0x93, 0xBE, 0xF9, 0xFC, 0x96, 0xC7, 0xFB, 0xFC,
    0x96, 0xC7, 0xFB, 0xFC, 0x98, 0xCA, 0xFC, 0xFC, 0x99, 0xC7, 0xFA, 0xFC, 0x99, 0xC8, 0xFA, 0xFC,
    0x99, 0xC8, 0xFA, 0xFC, 0x98, 0xCA, 0xFB, 0xFC, 0x98, 0xC9, 0xFB, 0xFD, 0x96, 0xC4, 0xF9, 0xFD,
    0x96, 0xC4, 0xF9, 0xFD, 0x97, 0xC5, 0xFA, 0xFD, 0x97, 0xCA, 0xFC, 0xFC, 0x93, 0xC5, 0xFB, 0xFB,
    0x93, 0xC5, 0xFB, 0xFB, 0x88, 0xBB, 0xF7, 0xF9, 0x8A, 0xC2, 0xFB, 0xFA, 0x8D, 0xC9, 0xFC, 0xF9,
    0x8D, 0xC9, 0xFC, 0xF9, 0x81, 0xBC, 0xF9, 0xFA, 0x79, 0xB3, 0xF0, 0xF9, 0x82, 0xBC, 0xF8, 0xF5,
    0x82, 0xBC, 0xF8, 0xF5, 0x89, 0xC2, 0xFB, 0xF1, 0x8A, 0xC7, 0xFD, 0xF0, 0x85, 0xC3, 0xFD, 0xF6,
    0x7F, 0xBB, 0xFD, 0xF4, 0x7F, 0xBB, 0xFD, 0xF4, 0x75, 0xAD, 0xF7, 0xF5, 0x7B, 0xB5, 0xFC, 0xF4,
    0x7B, 0xB9, 0xFE, 0xF3, 0x7B, 0xB9, 0xFE, 0xF3, 0x71, 0xAD, 0xFC, 0xF4, 0x72, 0xAB, 0xFC, 0xF5,
    0x79, 0xB5, 0xFE, 0xF1, 0x79, 0xB5, 0xFE, 0xF1, 0x79, 0xB4, 0xFE, 0xF7, 0x6B, 0xA5, 0xFA, 0xD0,
    0x52, 0x93, 0xE1, 0x44, 0x52, 0x93, 0xE1, 0x44, 0x4A, 0x90, 0xD6, 0x16, 0x49, 0x8E, 0xD4, 0x05,
    0x48, 0x8E, 0xD4, 0x02, 0x48, 0x8E, 0xD4, 0x02, 0x47, 0x8C, 0xD3, 0x02, 0x47, 0x8B, 0xD3, 0x01,
    0x46, 0x8A, 0xD3, 0x01, 0x46, 0x8A, 0xD3, 0x01, 0x45, 0x8A, 0xD3, 0x01, 0x45, 0x89, 0xD3, 0x01,
    0x45, 0x8A, 0xD4, 0x01, 0x45, 0x8A, 0xD4, 0x01, 0x00, 0x00, 0x00, 0x00, 0x00, 0x00, 0x00, 0x00,
    0x00, 0x00, 0x00, 0x00, 0x00, 0x00, 0x00, 0x00, 0x00, 0x00, 0x00, 0x00, 0x00, 0x00, 0x00, 0x00,
    0x00, 0x00, 0x00, 0x00, 0x00, 0x00, 0x00, 0x00, 0x00, 0x00, 0x00, 0x00, 0x00, 0x00, 0x00, 0x00,
    0x00, 0x00, 0x00, 0x00, 0x00, 0x00, 0x00, 0x00, 0x00, 0x00, 0x00, 0x00, 0x00, 0x00, 0x00, 0x00,
    0x00, 0x00, 0x00, 0x00, 0x00, 0x00, 0x00, 0x00, 0x00, 0x00, 0x00, 0x00, 0x00, 0x00, 0x00, 0x00,
    0x00, 0x00, 0x00, 0x00, 0x00, 0x00, 0x00, 0x00, 0x00, 0x00, 0x00, 0x00, 0x00, 0x00, 0x00, 0x00,
    0x00, 0x00, 0x00, 0x00, 0x00, 0x00, 0x00, 0x00, 0x00, 0x00, 0x00, 0x00, 0x00, 0x00, 0x00, 0x00,
    0x00, 0x00, 0x00, 0x00, 0x00, 0x00, 0x00, 0x00, 0x00, 0x00, 0x00, 0x00, 0x00, 0x00, 0x00, 0x00,
    0x00, 0x00, 0x00, 0x00, 0x00, 0x00, 0x00, 0x00, 0x00, 0x00, 0x00, 0x00, 0x00, 0x00, 0x00, 0x00,
    0x00, 0x00, 0x00, 0x00, 0x00, 0x00, 0x00, 0x00, 0x00, 0x00, 0x00, 0x00, 0x00, 0x00, 0x00, 0x00,
    0x00, 0x00, 0x00, 0x00, 0x00, 0x00, 0x00, 0x00, 0x42, 0x87, 0xCF, 0x01, 0x42, 0x87, 0xCF, 0x01,
    0x43, 0x88, 0xD0, 0x01, 0x43, 0x87, 0xD0, 0x01, 0x44, 0x88, 0xD0, 0x01, 0x44, 0x88, 0xD0, 0x01,
    0x44, 0x89, 0xD0, 0x01, 0x45, 0x89, 0xD0, 0x01, 0x46, 0x8A, 0xD1, 0x01, 0x47, 0x8A, 0xD1, 0x01,
    0x47, 0x8A, 0xD1, 0x01, 0x47, 0x8A, 0xD0, 0x01, 0x47, 0x8B, 0xD0, 0x01, 0x47, 0x8B, 0xCF, 0x01,
    0x47, 0x8B, 0xCF, 0x01, 0x48, 0x8C, 0xD0, 0x01, 0x49, 0x8C, 0xD1, 0x01, 0x4A, 0x8E, 0xD1, 0x02,
    0x4A, 0x8E, 0xD1, 0x02, 0x49, 0x8C, 0xCF, 0x03, 0x51, 0x90, 0xD5, 0x01, 0x57, 0x8F, 0xD3, 0x26,
    0x57, 0x8F, 0xD3, 0x26, 0x34, 0x59, 0x95, 0x82, 0x3D, 0x5D, 0x94, 0xBA, 0x77, 0x9A, 0xCD, 0xE8,
    0x77, 0x9A, 0xCD, 0xE8, 0x4A, 0x64, 0xA1, 0xED, 0x48, 0x62, 0xA7, 0xF5, 0x7F, 0xA3, 0xEF, 0xF9,
    0x7F, 0xA3, 0xEF, 0xF9, 0x9A, 0xC7, 0xFE, 0xFB, 0x95, 0xB3, 0xF1, 0xFB, 0x80, 0x9F, 0xE2, 0xFB,
    0x80, 0x9F, 0xE2, 0xFB, 0x96, 0xC3, 0xF9, 0xFB, 0x9A, 0xC8, 0xFC, 0xFC, 0x99, 0xC8, 0xFB, 0xFC,
    0x99, 0xC8, 0xFB, 0xFC, 0x98, 0xC8, 0xFC, 0xFC, 0x99, 0xCA, 0xFC, 0xFC, 0x98, 0xCA, 0xFC, 0xFC,
    0x98, 0xCA, 0xFC, 0xFC, 0x96, 0xC9, 0xFC, 0xFC, 0x96, 0xC9, 0xFD, 0xFC, 0x95, 0xC7, 0xFC, 0xFC,
    0x95, 0xC7, 0xFC, 0xFC, 0x95, 0xC6, 0xFC, 0xFC, 0x93, 0xC6, 0xFC, 0xFC, 0x8C, 0xC0, 0xFB, 0xFC,
    0x8C, 0xC0, 0xFB, 0xFC, 0x8A, 0xC2, 0xFC, 0xFB, 0x8C, 0xC8, 0xFD, 0xFA, 0x8C, 0xC5, 0xFC, 0xF9,
    0x8C, 0xC5, 0xFC, 0xF9, 0x8E, 0xCA, 0xFE, 0xF7, 0x8A, 0xCB, 0xFD, 0xF6, 0x8A, 0xCA, 0xFD, 0xF4,
    0x8A, 0xCA, 0xFD, 0xF4, 0x83, 0xBB, 0xFA, 0xF7, 0x85, 0xBF, 0xFC, 0xF4, 0x7F, 0xBB, 0xFC, 0xF2,
    0x7C, 0xB7, 0xFD, 0xF4, 0x7C, 0xB7, 0xFD, 0xF4, 0x77, 0xB2, 0xFC, 0xF8, 0x76, 0xB3, 0xFD, 0xF7,
    0x73, 0xB1, 0xFD, 0xF9, 0x73, 0xB1, 0xFD, 0xF9, 0x70, 0xAE, 0xFE, 0xF6, 0x76, 0xB5, 0xFE, 0xF7,
    0x7B, 0xB7, 0xFE, 0xF4, 0x7B, 0xB7, 0xFE, 0xF4, 0x76, 0xAF, 0xFE, 0xF2, 0x7A, 0xB6, 0xFE, 0xED,
    0x6A, 0xA6, 0xF7, 0xB5, 0x6A, 0xA6, 0xF7, 0xB5, 0x50, 0x8F, 0xDC, 0x37, 0x49, 0x8E, 0xD5, 0x10,
    0x48, 0x8D, 0xD5, 0x04, 0x48, 0x8D, 0xD5, 0x04, 0x47, 0x8B, 0xD4, 0x02, 0x46, 0x8B, 0xD4, 0x01,
    0x46, 0x8A, 0xD4, 0x02, 0x46, 0x8A, 0xD4, 0x02, 0x45, 0x8A, 0xD4, 0x01, 0x45, 0x89, 0xD4, 0x01,
    0x45, 0x89, 0xD4, 0x01, 0x45, 0x89, 0xD4, 0x01, 0x44, 0x89, 0xD3, 0x01, 0x00, 0x00, 0x00, 0x00,
    0x00, 0x00, 0x00, 0x00, 0x00, 0x00, 0x00, 0x00, 0x00, 0x00, 0x00, 0x00, 0x00, 0x00, 0x00, 0x00,
    0x00, 0x00, 0x00, 0x00, 0x00, 0x00, 0x00, 0x00, 0x00, 0x00, 0x00, 0x00, 0x00, 0x00, 0x00, 0x00,
    0x00, 0x00, 0x00, 0x00, 0x00, 0x00, 0x00, 0x00, 0x00, 0x00, 0x00, 0x00, 0x00, 0x00, 0x00, 0x00,
    0x00, 0x00, 0x00, 0x00, 0x00, 0x00, 0x00, 0x00, 0x00, 0x00, 0x00, 0x00, 0x00, 0x00, 0x00, 0x00,
    0x00, 0x00, 0x00, 0x00, 0x00, 0x00, 0x00, 0x00, 0x00, 0x00, 0x00, 0x00, 0x00, 0x00, 0x00, 0x00,
    0x00, 0x00, 0x00, 0x00, 0x00, 0x00, 0x00, 0x00, 0x00, 0x00, 0x00, 0x00, 0x00, 0x00, 0x00, 0x00,
    0x00, 0x00, 0x00, 0x00, 0x00, 0x00, 0x00, 0x00, 0x00, 0x00, 0x00, 0x00, 0x00, 0x00, 0x00, 0x00,
    0x41, 0x88, 0xD0, 0x01, 0x00, 0x00, 0x00, 0x00, 0x00, 0x00, 0x00, 0x00, 0x00, 0x00, 0x00, 0x00,
    0x00, 0x00, 0x00, 0x00, 0x00, 0x00, 0x00, 0x00, 0x00, 0x00, 0x00, 0x00, 0x00, 0x00, 0x00, 0x00,
    0x00, 0x00, 0x00, 0x00, 0x41, 0x88, 0xCF, 0x01, 0x42, 0x87, 0xCF, 0x01, 0x42, 0x87, 0xCF, 0x01,
    0x43, 0x88, 0xD0, 0x01, 0x43, 0x88, 0xD1, 0x01, 0x44, 0x89, 0xD1, 0x01, 0x44, 0x89, 0xD1, 0x01,
    0x44, 0x89, 0xD1, 0x01, 0x44, 0x8A, 0xD1, 0x01, 0x45, 0x8A, 0xD1, 0x01, 0x46, 0x8A, 0xD1, 0x01,
    0x46, 0x8A, 0xD1, 0x01, 0x47, 0x8A, 0xD0, 0x01, 0x48, 0x8B, 0xD1, 0x01, 0x47, 0x8B, 0xD0, 0x01,
    0x47, 0x8B, 0xD0, 0x01, 0x48, 0x8B, 0xD0, 0x01, 0x47, 0x8B, 0xCF, 0x02, 0x49, 0x8E, 0xD0, 0x03,
    0x49, 0x8E, 0xD0, 0x03, 0x51, 0x91, 0xD1, 0x02, 0x4E, 0x84, 0xBC, 0x16, 0x31, 0x59, 0x91, 0xA0,
    0x31, 0x59, 0x91, 0xA0, 0x18, 0x23, 0x62, 0xEA, 0x3D, 0x4E, 0x95, 0xF4, 0x88, 0xA9, 0xEB, 0xF2,
    0x88, 0xA9, 0xEB, 0xF2, 0x99, 0xC1, 0xFA, 0xF5, 0xA2, 0xCC, 0xFE, 0xF5, 0x90, 0xB1, 0xF9, 0xFC,
    0x90, 0xB1, 0xF9, 0xFC, 0x61, 0x86, 0xD7, 0xFA, 0x30, 0x48, 0x9B, 0xFB, 0x4D, 0x65, 0xB0, 0xFC,
    0x4D, 0x65, 0xB0, 0xFC, 0x98, 0xC3, 0xF8, 0xFC, 0x9A, 0xCD, 0xFD, 0xFC, 0x95, 0xC6, 0xFB, 0xFC,
    0x95, 0xC6, 0xFB, 0xFC, 0x97, 0xC7, 0xFC, 0xFC, 0x95, 0xC7, 0xFC, 0xFC, 0x97, 0xCB, 0xFC, 0xFC,
    0x97, 0xCB, 0xFC, 0xFC, 0x93, 0xC6, 0xFB, 0xFC, 0x92, 0xC5, 0xFC, 0xFC, 0x92, 0xC9, 0xFD, 0xFD,
    0x92, 0xC9, 0xFD, 0xFD, 0x92, 0xC9, 0xFD, 0xFC, 0x8C, 0xC4, 0xFC, 0xFC, 0x8C, 0xC7, 0xFD, 0xFC,
    0x8C, 0xC7, 0xFD, 0xFC, 0x8A, 0xC4, 0xFC, 0xFC, 0x8D, 0xC5, 0xFC, 0xFC, 0x91, 0xC6, 0xFB, 0xFA,
    0x91, 0xC6, 0xFB, 0xFA, 0x92, 0xCC, 0xFE, 0xF9, 0x84, 0xC2, 0xFB, 0xF9, 0x82, 0xBF, 0xFB, 0xF8,
    0x82, 0xBF, 0xFB, 0xF8, 0x7F, 0xBA, 0xFB, 0xF9, 0x7E, 0xB5, 0xFB, 0xF7, 0x7A, 0xB3, 0xFB, 0xF8,
    0x7C, 0xBA, 0xFE, 0xF8, 0x7C, 0xBA, 0xFE, 0xF8, 0x76, 0xB2, 0xFE, 0xF9, 0x70, 0xAA, 0xFC, 0xF8,
    0x6D, 0xA8, 0xFC, 0xF8, 0x6D, 0xA8, 0xFC, 0xF8, 0x73, 0xB3, 0xFE, 0xF8, 0x70, 0xAB, 0xFD, 0xF6,
    0x75, 0xAE, 0xFD, 0xF8, 0x75, 0xAE, 0xFD, 0xF8, 0x70, 0xAA, 0xFC, 0xF4, 0x73, 0xAD, 0xFD, 0xF2,
    0x6E, 0xA7, 0xFB, 0xDC, 0x6E, 0xA7, 0xFB, 0xDC, 0x62, 0x9F, 0xF3, 0x5F, 0x4D, 0x8F, 0xDC, 0x15,
    0x46, 0x8B, 0xD5, 0x04, 0x46, 0x8B, 0xD5, 0x04, 0x46, 0x8B, 0xD5, 0x05, 0x46, 0x8B, 0xD6, 0x02,
    0x45, 0x8A, 0xD4, 0x02, 0x45, 0x8A, 0xD4, 0x02, 0x45, 0x8A, 0xD5, 0x01, 0x44, 0x89, 0xD4, 0x01,
    0x44, 0x89, 0xD4, 0x01, 0x44, 0x89, 0xD4, 0x01, 0x43, 0x89, 0xD3, 0x01, 0x00, 0x00, 0x00, 0x00,
    0x00, 0x00, 0x00, 0x00, 0x00, 0x00, 0x00, 0x00, 0x00, 0x00, 0x00, 0x00, 0x00, 0x00, 0x00, 0x00,
    0x00, 0x00, 0x00, 0x00, 0x00, 0x00, 0x00, 0x00, 0x00, 0x00, 0x00, 0x00, 0x00, 0x00, 0x00, 0x00,
    0x00, 0x00, 0x00, 0x00, 0x00, 0x00, 0x00, 0x00, 0x00, 0x00, 0x00, 0x00, 0x00, 0x00, 0x00, 0x00,
    0x00, 0x00, 0x00, 0x00, 0x00, 0x00, 0x00, 0x00, 0x00, 0x00, 0x00, 0x00, 0x00, 0x00, 0x00, 0x00,
    0x00, 0x00, 0x00, 0x00, 0x00, 0x00, 0x00, 0x00, 0x00, 0x00, 0x00, 0x00, 0x00, 0x00, 0x00, 0x00,
    0x00, 0x00, 0x00, 0x00, 0x00, 0x00, 0x00, 0x00, 0x00, 0x00, 0x00, 0x00, 0x00, 0x00, 0x00, 0x00,
    0x00, 0x00, 0x00, 0x00, 0x00, 0x00, 0x00, 0x00, 0x00, 0x00, 0x00, 0x00, 0x00, 0x00, 0x00, 0x00,
    0x00, 0x00, 0x00, 0x00, 0x00, 0x00, 0x00, 0x00, 0x00, 0x00, 0x00, 0x00, 0x00, 0x00, 0x00, 0x00,
    0x00, 0x00, 0x00, 0x00, 0x00, 0x00, 0x00, 0x00, 0x00, 0x00, 0x00, 0x00, 0x00, 0x00, 0x00, 0x00,
    0x00, 0x00, 0x00, 0x00, 0x41, 0x88, 0xD0, 0x01, 0x42, 0x88, 0xD0, 0x01, 0x42, 0x88, 0xD0, 0x01,
    0x43, 0x88, 0xD1, 0x01, 0x43, 0x89, 0xD2, 0x01, 0x44, 0x89, 0xD2, 0x01, 0x44, 0x89, 0xD2, 0x01,
    0x44, 0x89, 0xD2, 0x01, 0x44, 0x8A, 0xD2, 0x01, 0x45, 0x8A, 0xD2, 0x01, 0x46, 0x8A, 0xD3, 0x01,
    0x46, 0x8A, 0xD3, 0x01, 0x47, 0x8A, 0xD3, 0x01, 0x47, 0x8A, 0xD2, 0x01, 0x47, 0x8B, 0xD1, 0x02,
    0x47, 0x8B, 0xD1, 0x02, 0x46, 0x8C, 0xD0, 0x03, 0x48, 0x8D, 0xCF, 0x02, 0x53, 0x91, 0xCE, 0x01,
    0x53, 0x91, 0xCE, 0x01, 0x48, 0x7A, 0xB3, 0x45, 0x30, 0x54, 0x90, 0xBC, 0x6F, 0x92, 0xCC, 0xEB,
    0x6F, 0x92, 0xCC, 0xEB, 0x83, 0x9C, 0xE2, 0xEC, 0x9C, 0xB3, 0xF6, 0xF2, 0xA0, 0xC0, 0xFB, 0xF4,
    0xA0, 0xC0, 0xFB, 0xF4, 0x91, 0xB2, 0xF2, 0xFA, 0x80, 0xA2, 0xE7, 0xFA, 0x35, 0x4A, 0xA5, 0xFA,
    0x35, 0x4A, 0xA5, 0xFA, 0x3B, 0x54, 0xAE, 0xFA, 0x8D, 0xB4, 0xF1, 0xFB, 0xB2, 0xD7, 0xFE, 0xFC,
    0xB2, 0xD7, 0xFE, 0xFC, 0xA5, 0xCD, 0xFC, 0xFC, 0x99, 0xC8, 0xFB, 0xFC, 0x96, 0xC7, 0xFC, 0xFC,
    0x96, 0xC7, 0xFC, 0xFC, 0x97, 0xCB, 0xFD, 0xFC, 0x94, 0xC6, 0xFC, 0xFC, 0x91, 0xC6, 0xFB, 0xFC,
    0x91, 0xC6, 0xFB, 0xFC, 0x90, 0xC5, 0xFB, 0xFC, 0x90, 0xC8, 0xFC, 0xFC, 0x8E, 0xC4, 0xFC, 0xFC,
    0x8E, 0xC4, 0xFC, 0xFC, 0x8E, 0xC6, 0xFD, 0xFC, 0x8C, 0xC4, 0xFC, 0xFC, 0x8D, 0xC6, 0xFD, 0xFC,
    0x8D, 0xC6, 0xFD, 0xFC, 0x8D, 0xC4, 0xFC, 0xFC, 0x95, 0xD0, 0xFE, 0xFA, 0x93, 0xCB, 0xFD, 0xFB,
    0x93, 0xCB, 0xFD, 0xFB, 0x8A, 0xC3, 0xFC, 0xFA, 0x7E, 0xBB, 0xF7, 0xF9, 0x7A, 0xB3, 0xF6, 0xF8,
    0x7A, 0xB3, 0xF6, 0xF8, 0x7F, 0xB7, 0xFB, 0xF9, 0x80, 0xBB, 0xFD, 0xF9, 0x7A, 0xB6, 0xFD, 0xF9,
    0x7B, 0xB9, 0xFE, 0xF7, 0x7B, 0xB9, 0xFE, 0xF7, 0x73, 0xAF, 0xFD, 0xF9, 0x71, 0xAD, 0xFD, 0xF9,
    0x6A, 0xA7, 0xFD, 0xF8, 0x6A, 0xA7, 0xFD, 0xF8, 0x6D, 0xAC, 0xFE, 0xF7, 0x6E, 0xAB, 0xFE, 0xF7,
    0x6C, 0xA8, 0xFD, 0xF6, 0x6C, 0xA8, 0xFD, 0xF6, 0x6A, 0xA6, 0xFD, 0xF5, 0x66, 0xA0, 0xFB, 0xED,
    0x66, 0xA0, 0xFA, 0xE6, 0x66, 0xA0, 0xFA, 0xE6, 0x66, 0xA6, 0xFA, 0xB9, 0x53, 0x91, 0xE7, 0x4B,
    0x49, 0x8A, 0xD9, 0x05, 0x49, 0x8A, 0xD9, 0x05, 0x46, 0x8C, 0xD6, 0x04, 0x45, 0x8C, 0xD6, 0x02,
    0x44, 0x8A, 0xD5, 0x02, 0x44, 0x8A, 0xD5, 0x02, 0x44, 0x8B, 0xD5, 0x01, 0x44, 0x89, 0xD4, 0x01,
    0x44, 0x89, 0xD4, 0x01, 0x44, 0x89, 0xD4, 0x01, 0x43, 0x89, 0xD4, 0x01, 0x00, 0x00, 0x00, 0x00,
    0x00, 0x00, 0x00, 0x00, 0x00, 0x00, 0x00, 0x00, 0x00, 0x00, 0x00, 0x00, 0x00, 0x00, 0x00, 0x00,
    0x00, 0x00, 0x00, 0x00, 0x00, 0x00, 0x00, 0x00, 0x00, 0x00, 0x00, 0x00, 0x00, 0x00, 0x00, 0x00,
    0x00, 0x00, 0x00, 0x00, 0x00, 0x00, 0x00, 0x00, 0x00, 0x00, 0x00, 0x00, 0x00, 0x00, 0x00, 0x00,
    0x00, 0x00, 0x00, 0x00, 0x00, 0x00, 0x00, 0x00, 0x00, 0x00, 0x00, 0x00, 0x00, 0x00, 0x00, 0x00,
    0x00, 0x00, 0x00, 0x00, 0x00, 0x00, 0x00, 0x00, 0x00, 0x00, 0x00, 0x00, 0x00, 0x00, 0x00, 0x00,
    0x00, 0x00, 0x00, 0x00, 0x00, 0x00, 0x00, 0x00, 0x00, 0x00, 0x00, 0x00, 0x00, 0x00, 0x00, 0x00,
    0x00, 0x00, 0x00, 0x00, 0x00, 0x00, 0x00, 0x00, 0x00, 0x00, 0x00, 0x00, 0x00, 0x00, 0x00, 0x00,
    0x00, 0x00, 0x00, 0x00, 0x00, 0x00, 0x00, 0x00, 0x00, 0x00, 0x00, 0x00, 0x00, 0x00, 0x00, 0x00,
    0x00, 0x00, 0x00, 0x00, 0x00, 0x00, 0x00, 0x00, 0x00, 0x00, 0x00, 0x00, 0x00, 0x00, 0x00, 0x00,
    0x00, 0x00, 0x00, 0x00, 0x41, 0x88, 0xD0, 0x01, 0x42, 0x88, 0xD0, 0x01, 0x42, 0x88, 0xD0, 0x01,
    0x43, 0x88, 0xD1, 0x01, 0x43, 0x89, 0xD2, 0x01, 0x44, 0x89, 0xD2, 0x01, 0x44, 0x89, 0xD2, 0x01,
    0x44, 0x89, 0xD2, 0x01, 0x44, 0x8A, 0xD2, 0x01, 0x45, 0x8A, 0xD2, 0x01, 0x46, 0x8A, 0xD3, 0x01,
    0x46, 0x8A, 0xD3, 0x01, 0x47, 0x8A, 0xD3, 0x01, 0x47, 0x8A, 0xD2, 0x01, 0x47, 0x8B, 0xD1, 0x02,
    0x47, 0x8B, 0xD1, 0x02, 0x46, 0x8C, 0xD0, 0x03, 0x48, 0x8D, 0xCF, 0x02, 0x53, 0x91, 0xCE, 0x01,
    0x53, 0x91, 0xCE, 0x01, 0x48, 0x7A, 0xB3, 0x45, 0x30, 0x54, 0x90, 0xBC, 0x6F, 0x92, 0xCC, 0xEB,
    0x6F, 0x92, 0xCC, 0xEB, 0x83, 0x9C, 0xE2, 0xEC, 0x9C, 0xB3, 0xF6, 0xF2, 0xA0, 0xC0, 0xFB, 0xF4,
    0xA0, 0xC0, 0xFB, 0xF4, 0x91, 0xB2, 0xF2, 0xFA, 0x80, 0xA2, 0xE7, 0xFA, 0x35, 0x4A, 0xA5, 0xFA,
    0x35, 0x4A, 0xA5, 0xFA, 0x3B, 0x54, 0xAE, 0xFA, 0x8D, 0xB4, 0xF1, 0xFB, 0xB2, 0xD7, 0xFE, 0xFC,
    0xB2, 0xD7, 0xFE, 0xFC, 0xA5, 0xCD, 0xFC, 0xFC, 0x99, 0xC8, 0xFB, 0xFC, 0x96, 0xC7, 0xFC, 0xFC,
    0x96, 0xC7, 0xFC, 0xFC, 0x97, 0xCB, 0xFD, 0xFC, 0x94, 0xC6, 0xFC, 0xFC, 0x91, 0xC6, 0xFB, 0xFC,
    0x91, 0xC6, 0xFB, 0xFC, 0x90, 0xC5, 0xFB, 0xFC, 0x90, 0xC8, 0xFC, 0xFC, 0x8E, 0xC4, 0xFC, 0xFC,
    0x8E, 0xC4, 0xFC, 0xFC, 0x8E, 0xC6, 0xFD, 0xFC, 0x8C, 0xC4, 0xFC, 0xFC, 0x8D, 0xC6, 0xFD, 0xFC,
    0x8D, 0xC6, 0xFD, 0xFC, 0x8D, 0xC4, 0xFC, 0xFC, 0x95, 0xD0, 0xFE, 0xFA, 0x93, 0xCB, 0xFD, 0xFB,
    0x93, 0xCB, 0xFD, 0xFB, 0x8A, 0xC3, 0xFC, 0xFA, 0x7E, 0xBB, 0xF7, 0xF9, 0x7A, 0xB3, 0xF6, 0xF8,
    0x7A, 0xB3, 0xF6, 0xF8, 0x7F, 0xB7, 0xFB, 0xF9, 0x80, 0xBB, 0xFD, 0xF9, 0x7A, 0xB6, 0xFD, 0xF9,
    0x7B, 0xB9, 0xFE, 0xF7, 0x7B, 0xB9, 0xFE, 0xF7, 0x73, 0xAF, 0xFD, 0xF9, 0x71, 0xAD, 0xFD, 0xF9,
    0x6A, 0xA7, 0xFD, 0xF8, 0x6A, 0xA7, 0xFD, 0xF8, 0x6D, 0xAC, 0xFE, 0xF7, 0x6E, 0xAB, 0xFE, 0xF7,
    0x6C, 0xA8, 0xFD, 0xF6, 0x6C, 0xA8, 0xFD, 0xF6, 0x6A, 0xA6, 0xFD, 0xF5, 0x66, 0xA0, 0xFB, 0xED,
    0x66, 0xA0, 0xFA, 0xE6, 0x66, 0xA0, 0xFA, 0xE6, 0x66, 0xA6, 0xFA, 0xB9, 0x53, 0x91, 0xE7, 0x4B,
    0x49, 0x8A, 0xD9, 0x05, 0x49, 0x8A, 0xD9, 0x05, 0x46, 0x8C, 0xD6, 0x04, 0x45, 0x8C, 0xD6, 0x02,
    0x44, 0x8A, 0xD5, 0x02, 0x44, 0x8A, 0xD5, 0x02, 0x44, 0x8B, 0xD5, 0x01, 0x44, 0x89, 0xD4, 0x01,
    0x44, 0x89, 0xD4, 0x01, 0x44, 0x89, 0xD4, 0x01, 0x43, 0x89, 0xD4, 0x01, 0x00, 0x00, 0x00, 0x00,
    0x00, 0x00, 0x00, 0x00, 0x00, 0x00, 0x00, 0x00, 0x00, 0x00, 0x00, 0x00, 0x00, 0x00, 0x00, 0x00,
    0x00, 0x00, 0x00, 0x00, 0x00, 0x00, 0x00, 0x00, 0x00, 0x00, 0x00, 0x00, 0x00, 0x00, 0x00, 0x00,
    0x00, 0x00, 0x00, 0x00, 0x00, 0x00, 0x00, 0x00, 0x00, 0x00, 0x00, 0x00, 0x00, 0x00, 0x00, 0x00,
    0x00, 0x00, 0x00, 0x00, 0x00, 0x00, 0x00, 0x00, 0x00, 0x00, 0x00, 0x00, 0x00, 0x00, 0x00, 0x00,
    0x00, 0x00, 0x00, 0x00, 0x00, 0x00, 0x00, 0x00, 0x00, 0x00, 0x00, 0x00, 0x00, 0x00, 0x00, 0x00,
    0x00, 0x00, 0x00, 0x00, 0x00, 0x00, 0x00, 0x00, 0x00, 0x00, 0x00, 0x00, 0x00, 0x00, 0x00, 0x00,
    0x00, 0x00, 0x00, 0x00, 0x00, 0x00, 0x00, 0x00, 0x00, 0x00, 0x00, 0x00, 0x00, 0x00, 0x00, 0x00,
    0x00, 0x00, 0x00, 0x00, 0x00, 0x00, 0x00, 0x00, 0x00, 0x00, 0x00, 0x00, 0x00, 0x00, 0x00, 0x00,
    0x00, 0x00, 0x00, 0x00, 0x00, 0x00, 0x00, 0x00, 0x40, 0x89, 0xD1, 0x01, 0x40, 0x89, 0xD1, 0x01,
    0x41, 0x88, 0xD1, 0x01, 0x42, 0x89, 0xD1, 0x01, 0x42, 0x88, 0xD1, 0x01, 0x42, 0x88, 0xD1, 0x01,
    0x43, 0x88, 0xD2, 0x01, 0x43, 0x88, 0xD2, 0x01, 0x44, 0x89, 0xD3, 0x01, 0x44, 0x89, 0xD3, 0x01,
    0x44, 0x89, 0xD2, 0x01, 0x44, 0x89, 0xD2, 0x01, 0x00, 0x00, 0x00, 0x00, 0x00, 0x00, 0x00, 0x00,
    0x00, 0x00, 0x00, 0x00, 0x47, 0x8A, 0xD4, 0x01, 0x48, 0x8C, 0xD4, 0x02, 0x46, 0x8B, 0xD0, 0x04,
    0x46, 0x8B, 0xD0, 0x04, 0x46, 0x8F, 0xD0, 0x05, 0x54, 0x9A, 0xD8, 0x04, 0x31, 0x5F, 0x9A, 0x66,
    0x31, 0x5F, 0x9A, 0x66, 0x2B, 0x49, 0x8A, 0xCB, 0x84, 0x9E, 0xDB, 0xF2, 0xA9, 0xC6, 0xFA, 0xF3,
    0xA9, 0xC6, 0xFA, 0xF3, 0x9E, 0xC3, 0xFC, 0xF3, 0x88, 0xA9, 0xF5, 0xF9, 0x7F, 0x9B, 0xE6, 0xF9,
    0x7F, 0x9B, 0xE6, 0xF9, 0x57, 0x6B, 0xB2, 0xF9, 0x29, 0x3C, 0x89, 0xF9, 0x59, 0x76, 0xC1, 0xFA,
    0x59, 0x76, 0xC1, 0xFA, 0x9A, 0xBD, 0xFA, 0xFB, 0xA5, 0xCD, 0xFD, 0xFC, 0x9C, 0xC7, 0xFB, 0xFC,
    0x9C, 0xC7, 0xFB, 0xFC, 0x98, 0xC4, 0xF9, 0xFC, 0x98, 0xC6, 0xFB, 0xFC, 0x95, 0xC4, 0xFB, 0xFC,
    0x95, 0xC4, 0xFB, 0xFC, 0x92, 0xC4, 0xFC, 0xFC, 0x90, 0xC2, 0xFC, 0xFC, 0x93, 0xC9, 0xFD, 0xFC,
    0x93, 0xC9, 0xFD, 0xFC, 0x93, 0xCB, 0xFD, 0xFC, 0x93, 0xD0, 0xFD, 0xFC, 0x91, 0xC9, 0xFD, 0xFD,
    0x91, 0xC9, 0xFD, 0xFD, 0x90, 0xC8, 0xFD, 0xFD, 0x8A, 0xBF, 0xFB, 0xFC, 0x8C, 0xBF, 0xFA, 0xFC,
    0x8C, 0xBF, 0xFA, 0xFC, 0x95, 0xC9, 0xFD, 0xFC, 0x94, 0xCC, 0xFD, 0xFB, 0x8F, 0xC9, 0xFD, 0xFB,
    0x8F, 0xC9, 0xFD, 0xFB, 0x83, 0xBD, 0xF9, 0xFA, 0x7B, 0xB8, 0xF7, 0xFB, 0x82, 0xBE, 0xFC, 0xFA,
    0x82, 0xBE, 0xFC, 0xFA, 0x84, 0xB9, 0xFC, 0xF9, 0x82, 0xBD, 0xFE, 0xFA, 0x7B, 0xB5, 0xFD, 0xF9,
    0x76, 0xAD, 0xFC, 0xF9, 0x76, 0xAD, 0xFC, 0xF9, 0x74, 0xAF, 0xFD, 0xF9, 0x6B, 0xA6, 0xFC, 0xF8,
    0x65, 0xA0, 0xFC, 0xF9, 0x65, 0xA0, 0xFC, 0xF9, 0x5F, 0x97, 0xFA, 0xF8, 0x62, 0x9E, 0xFC, 0xF8,
    0x63, 0xA0, 0xFC, 0xF7, 0x63, 0xA0, 0xFC, 0xF7, 0x56, 0x8E, 0xF5, 0xF5, 0x51, 0x8A, 0xF2, 0xF4,
    0x50, 0x89, 0xEE, 0xEF, 0x50, 0x89, 0xEE, 0xEF, 0x50, 0x89, 0xED, 0xC7, 0x4C, 0x87, 0xE6, 0x59,
    0x49, 0x89, 0xDE, 0x15, 0x49, 0x89, 0xDE, 0x15, 0x45, 0x8A, 0xD8, 0x04, 0x45, 0x8B, 0xD6, 0x03,
    0x43, 0x8A, 0xD5, 0x02, 0x43, 0x8A, 0xD5, 0x02, 0x43, 0x8A, 0xD4, 0x01, 0x43, 0x89, 0xD4, 0x01,
    0x43, 0x89, 0xD4, 0x01, 0x43, 0x89, 0xD4, 0x01, 0x43, 0x89, 0xD4, 0x01, 0x00, 0x00, 0x00, 0x00,
    0x00, 0x00, 0x00, 0x00, 0x00, 0x00, 0x00, 0x00, 0x00, 0x00, 0x00, 0x00, 0x00, 0x00, 0x00, 0x00,
    0x00, 0x00, 0x00, 0x00, 0x00, 0x00, 0x00, 0x00, 0x00, 0x00, 0x00, 0x00, 0x00, 0x00, 0x00, 0x00,
    0x00, 0x00, 0x00, 0x00, 0x00, 0x00, 0x00, 0x00, 0x00, 0x00, 0x00, 0x00, 0x00, 0x00, 0x00, 0x00,
    0x00, 0x00, 0x00, 0x00, 0x00, 0x00, 0x00, 0x00, 0x00, 0x00, 0x00, 0x00, 0x00, 0x00, 0x00, 0x00,
    0x00, 0x00, 0x00, 0x00, 0x00, 0x00, 0x00, 0x00, 0x00, 0x00, 0x00, 0x00, 0x00, 0x00, 0x00, 0x00,
    0x00, 0x00, 0x00, 0x00, 0x00, 0x00, 0x00, 0x00, 0x00, 0x00, 0x00, 0x00, 0x00, 0x00, 0x00, 0x00,
    0x00, 0x00, 0x00, 0x00, 0x00, 0x00, 0x00, 0x00, 0x00, 0x00, 0x00, 0x00, 0x00, 0x00, 0x00, 0x00,
    0x00, 0x00, 0x00, 0x00, 0x00, 0x00, 0x00, 0x00, 0x00, 0x00, 0x00, 0x00, 0x00, 0x00, 0x00, 0x00,
    0x00, 0x00, 0x00, 0x00, 0x40, 0x88, 0xD2, 0x01, 0x40, 0x89, 0xD2, 0x01, 0x40, 0x89, 0xD2, 0x01,
    0x41, 0x89, 0xD2, 0x01, 0x42, 0x88, 0xD2, 0x01, 0x43, 0x89, 0xD2, 0x01, 0x43, 0x89, 0xD2, 0x01,
    0x44, 0x89, 0xD3, 0x01, 0x43, 0x88, 0xD2, 0x01, 0x44, 0x89, 0xD2, 0x01, 0x44, 0x89, 0xD2, 0x01,
    0x00, 0x00, 0x00, 0x00, 0x00, 0x00, 0x00, 0x00, 0x00, 0x00, 0x00, 0x00, 0x44, 0x8A, 0xD4, 0x01,
    0x44, 0x8A, 0xD4, 0x01, 0x45, 0x8A, 0xD5, 0x02, 0x45, 0x8E, 0xD6, 0x04, 0x42, 0x8C, 0xD1, 0x02,
    0x42, 0x8C, 0xD1, 0x02, 0x43, 0x88, 0xCE, 0x04, 0x3A, 0x74, 0xB4, 0x46, 0x17, 0x37, 0x75, 0xDE,
    0x17, 0x37, 0x75, 0xDE, 0x75, 0x97, 0xCE, 0xF4, 0x9D, 0xBE, 0xF6, 0xF3, 0x89, 0xA1, 0xEA, 0xF7,
    0x89, 0xA1, 0xEA, 0xF7, 0x6C, 0x8D, 0xDA, 0xF7, 0x3F, 0x5D, 0xAE, 0xF8, 0x29, 0x44, 0x91, 0xF9,
    0x29, 0x44, 0x91, 0xF9, 0x1F, 0x30, 0x7C, 0xF9, 0x59, 0x7D, 0xC3, 0xFA, 0x95, 0xC8, 0xFC, 0xFB,
    0x95, 0xC8, 0xFC, 0xFB, 0x9C, 0xCA, 0xFD, 0xFB, 0x99, 0xBE, 0xF8, 0xFC, 0x9A, 0xC6, 0xF9, 0xFC,
    0x9A, 0xC6, 0xF9, 0xFC, 0x97, 0xC5, 0xF9, 0xFC, 0x96, 0xC6, 0xFA, 0xFC, 0x94, 0xC4, 0xF9, 0xFC,
    0x94, 0xC4, 0xF9, 0xFC, 0x8F, 0xBF, 0xFA, 0xFC, 0x96, 0xC9, 0xFC, 0xFC, 0x8A, 0xBB, 0xF2, 0xFC,
    0x8A, 0xBB, 0xF2, 0xFC, 0x6B, 0x9A, 0xD2, 0xFD, 0x73, 0xA3, 0xDE, 0xFC, 0x7A, 0xA5, 0xEA, 0xFC,
    0x7A, 0xA5, 0xEA, 0xFC, 0x86, 0xB7, 0xF8, 0xFC, 0x88, 0xBE, 0xFA, 0xFC, 0x93, 0xC8, 0xFC, 0xFC,
    0x93, 0xC8, 0xFC, 0xFC, 0x99, 0xCF, 0xFC, 0xFC, 0x94, 0xCC, 0xFD, 0xFB, 0x8D, 0xC7, 0xFC, 0xFB,
    0x8D, 0xC7, 0xFC, 0xFB, 0x86, 0xC0, 0xFB, 0xFB, 0x86, 0xC3, 0xFC, 0xFA, 0x8A, 0xC9, 0xFE, 0xFA,
    0x8A, 0xC9, 0xFE, 0xFA, 0x86, 0xBE, 0xFE, 0xFA, 0x82, 0xBC, 0xFF, 0xF9, 0x7A, 0xB4, 0xFE, 0xF9,
    0x72, 0xAB, 0xFD, 0xF9, 0x72, 0xAB, 0xFD, 0xF9, 0x6F, 0xAB, 0xFD, 0xF9, 0x6A, 0xA4, 0xFC, 0xF8,
    0x5E, 0x99, 0xFA, 0xF8, 0x5E, 0x99, 0xFA, 0xF8, 0x59, 0x93, 0xF8, 0xF7, 0x5A, 0x96, 0xFB, 0xF6,
    0x5C, 0x98, 0xFA, 0xF6, 0x5C, 0x98, 0xFA, 0xF6, 0x54, 0x8F, 0xF5, 0xF5, 0x54, 0x92, 0xF8, 0xEF,
    0x49, 0x82, 0xEB, 0xEF, 0x49, 0x82, 0xEB, 0xEF, 0x46, 0x7D, 0xE5, 0xE5, 0x44, 0x80, 0xE4, 0xA2,
    0x42, 0x87, 0xE0, 0x4A, 0x42, 0x87, 0xE0, 0x4A, 0x41, 0x88, 0xD9, 0x04, 0x42, 0x89, 0xD7, 0x03,
    0x42, 0x89, 0xD5, 0x02, 0x42, 0x89, 0xD5, 0x02, 0x42, 0x89, 0xD5, 0x01, 0x42, 0x89, 0xD4, 0x02,
    0x42, 0x89, 0xD4, 0x01, 0x42, 0x89, 0xD4, 0x01, 0x42, 0x89, 0xD4, 0x01, 0x00, 0x00, 0x00, 0x00,
    0x00, 0x00, 0x00, 0x00, 0x00, 0x00, 0x00, 0x00, 0x00, 0x00, 0x00, 0x00, 0x00, 0x00, 0x00, 0x00,
    0x00, 0x00, 0x00, 0x00, 0x00, 0x00, 0x00, 0x00, 0x00, 0x00, 0x00, 0x00, 0x00, 0x00, 0x00, 0x00,
    0x00, 0x00, 0x00, 0x00, 0x00, 0x00, 0x00, 0x00, 0x00, 0x00, 0x00, 0x00, 0x00, 0x00, 0x00, 0x00,
    0x00, 0x00, 0x00, 0x00, 0x00, 0x00, 0x00, 0x00, 0x00, 0x00, 0x00, 0x00, 0x00, 0x00, 0x00, 0x00,
    0x00, 0x00, 0x00, 0x00, 0x00, 0x00, 0x00, 0x00, 0x00, 0x00, 0x00, 0x00, 0x00, 0x00, 0x00, 0x00,
    0x00, 0x00, 0x00, 0x00, 0x00, 0x00, 0x00, 0x00, 0x00, 0x00, 0x00, 0x00, 0x00, 0x00, 0x00, 0x00,
    0x00, 0x00, 0x00, 0x00, 0x00, 0x00, 0x00, 0x00, 0x00, 0x00, 0x00, 0x00, 0x00, 0x00, 0x00, 0x00,
    0x00, 0x00, 0x00, 0x00, 0x00, 0x00, 0x00, 0x00, 0x00, 0x00, 0x00, 0x00, 0x00, 0x00, 0x00, 0x00,
    0x00, 0x00, 0x00, 0x00, 0x00, 0x00, 0x00, 0x00, 0x41, 0x89, 0xD3, 0x01, 0x41, 0x89, 0xD3, 0x01,
    0x41, 0x89, 0xD2, 0x01, 0x41, 0x88, 0xD2, 0x01, 0x42, 0x88, 0xD2, 0x01, 0x42, 0x88, 0xD2, 0x01,
    0x42, 0x88, 0xD2, 0x01, 0x42, 0x89, 0xD2, 0x01, 0x00, 0x00, 0x00, 0x00, 0x00, 0x00, 0x00, 0x00,
    0x00, 0x00, 0x00, 0x00, 0x43, 0x88, 0xD3, 0x01, 0x43, 0x89, 0xD4, 0x01, 0x44, 0x8A, 0xD4, 0x02,
    0x44, 0x8A, 0xD4, 0x02, 0x43, 0x89, 0xD2, 0x02, 0x3F, 0x87, 0xCE, 0x02, 0x40, 0x8C, 0xCF, 0x08,
    0x40, 0x8C, 0xCF, 0x08, 0x49, 0x8C, 0xCA, 0x68, 0x0E, 0x31, 0x72, 0xC3, 0x3D, 0x5C, 0xA0, 0xF5,
    0x3D, 0x5C, 0xA0, 0xF5, 0x96, 0xBC, 0xF4, 0xF7, 0x9B, 0xC5, 0xF9, 0xF7, 0x72, 0x93, 0xDA, 0xF9,
    0x72, 0x93, 0xDA, 0xF9, 0x1E, 0x2D, 0x89, 0xF9, 0x2E, 0x44, 0x9E, 0xF9, 0x5D, 0x86, 0xCE, 0xFA,
    0x5D, 0x86, 0xCE, 0xFA, 0x68, 0x8A, 0xD5, 0xFA, 0x80, 0xA9, 0xF2, 0xFA, 0x92, 0xC0, 0xFB, 0xFB,
    0x92, 0xC0, 0xFB, 0xFB, 0x91, 0xC0, 0xFA, 0xFB, 0x99, 0xC1, 0xF8, 0xFC, 0x9A, 0xC2, 0xF8, 0xFC,
    0x9A, 0xC2, 0xF8, 0xFC, 0x97, 0xC0, 0xF6, 0xFC, 0x94, 0xC0, 0xF7, 0xFC, 0x8F, 0xBC, 0xF8, 0xFC,
    0x8F, 0xBC, 0xF8, 0xFC, 0x99, 0xCE, 0xFB, 0xFC, 0x6E, 0xA0, 0xD8, 0xFD, 0x10, 0x1F, 0x50, 0xFD,
    0x10, 0x1F, 0x50, 0xFD, 0x14, 0x20, 0x49, 0xFD, 0x11, 0x1E, 0x4F, 0xFD, 0x04, 0x07, 0x3C, 0xFD,
    0x04, 0x07, 0x3C, 0xFD, 0x25, 0x34, 0x73, 0xFD, 0x8F, 0xCA, 0xF9, 0xFD, 0x9D, 0xD4, 0xFD, 0xFC,
    0x9D, 0xD4, 0xFD, 0xFC, 0x96, 0xC7, 0xF9, 0xFC, 0x96, 0xC7, 0xFA, 0xFC, 0x90, 0xC3, 0xF9, 0xFC,
    0x90, 0xC3, 0xF9, 0xFC, 0x92, 0xCB, 0xFE, 0xFB, 0x8F, 0xC6, 0xFD, 0xFB, 0x8B, 0xC1, 0xFD, 0xFB,
    0x8B, 0xC1, 0xFD, 0xFB, 0x87, 0xBF, 0xFD, 0xFA, 0x7F, 0xB5, 0xFD, 0xFA, 0x76, 0xAF, 0xFD, 0xF9,
    0x72, 0xB0, 0xFE, 0xF9, 0x72, 0xB0, 0xFE, 0xF9, 0x69, 0xA0, 0xFB, 0xF9, 0x61, 0x97, 0xF7, 0xF8,
    0x51, 0x87, 0xED, 0xF8, 0x51, 0x87, 0xED, 0xF8, 0x51, 0x8D, 0xF3, 0xF7, 0x55, 0x8D, 0xF7, 0xF7,
    0x4F, 0x82, 0xEE, 0xF5, 0x4F, 0x82, 0xEE, 0xF5, 0x52, 0x89, 0xF2, 0xF4, 0x4F, 0x8A, 0xF6, 0xED,
    0x49, 0x85, 0xEE, 0xE9, 0x49, 0x85, 0xEE, 0xE9, 0x4B, 0x86, 0xED, 0xE5, 0x4E, 0x8A, 0xEB, 0xC7,
    0x50, 0x93, 0xE9, 0x75, 0x50, 0x93, 0xE9, 0x75, 0x44, 0x8D, 0xE0, 0x0F, 0x41, 0x88, 0xD8, 0x03,
    0x41, 0x87, 0xD5, 0x04, 0x41, 0x87, 0xD5, 0x04, 0x42, 0x88, 0xD4, 0x02, 0x42, 0x88, 0xD5, 0x01,
    0x42, 0x89, 0xD5, 0x01, 0x42, 0x89, 0xD5, 0x01, 0x41, 0x88, 0xD4, 0x01, 0x00, 0x00, 0x00, 0x00,
    0x00, 0x00, 0x00, 0x00, 0x00, 0x00, 0x00, 0x00, 0x00, 0x00, 0x00, 0x00, 0x00, 0x00, 0x00, 0x00,
    0x00, 0x00, 0x00, 0x00, 0x00, 0x00, 0x00, 0x00, 0x00, 0x00, 0x00, 0x00, 0x00, 0x00, 0x00, 0x00,
    0x00, 0x00, 0x00, 0x00, 0x00, 0x00, 0x00, 0x00, 0x00, 0x00, 0x00, 0x00, 0x00, 0x00, 0x00, 0x00,
    0x00, 0x00, 0x00, 0x00, 0x00, 0x00, 0x00, 0x00, 0x00, 0x00, 0x00, 0x00, 0x00, 0x00, 0x00, 0x00,
    0x00, 0x00, 0x00, 0x00, 0x00, 0x00, 0x00, 0x00, 0x00, 0x00, 0x00, 0x00, 0x00, 0x00, 0x00, 0x00,
    0x00, 0x00, 0x00, 0x00, 0x00, 0x00, 0x00, 0x00, 0x00, 0x00, 0x00, 0x00, 0x00, 0x00, 0x00, 0x00,
    0x00, 0x00, 0x00, 0x00, 0x00, 0x00, 0x00, 0x00, 0x00, 0x00, 0x00, 0x00, 0x00, 0x00, 0x00, 0x00,
    0x00, 0x00, 0x00, 0x00, 0x00, 0x00, 0x00, 0x00, 0x00, 0x00, 0x00, 0x00, 0x00, 0x00, 0x00, 0x00,
    0x00, 0x00, 0x00, 0x00, 0x00, 0x00, 0x00, 0x00, 0x41, 0x89, 0xD3, 0x01, 0x41, 0x89, 0xD3, 0x01,
    0x41, 0x89, 0xD2, 0x01, 0x41, 0x88, 0xD2, 0x01, 0x42, 0x88, 0xD2, 0x01, 0x42, 0x88, 0xD2, 0x01,
    0x42, 0x88, 0xD2, 0x01, 0x42, 0x89, 0xD2, 0x01, 0x00, 0x00, 0x00, 0x00, 0x00, 0x00, 0x00, 0x00,
    0x00, 0x00, 0x00, 0x00, 0x43, 0x88, 0xD3, 0x01, 0x43, 0x89, 0xD4, 0x01, 0x44, 0x8A, 0xD4, 0x02,
    0x44, 0x8A, 0xD4, 0x02, 0x43, 0x89, 0xD2, 0x02, 0x3F, 0x87, 0xCE, 0x02, 0x40, 0x8C, 0xCF, 0x08,
    0x40, 0x8C, 0xCF, 0x08, 0x49, 0x8C, 0xCA, 0x68, 0x0E, 0x31, 0x72, 0xC3, 0x3D, 0x5C, 0xA0, 0xF5,
    0x3D, 0x5C, 0xA0, 0xF5, 0x96, 0xBC, 0xF4, 0xF7, 0x9B, 0xC5, 0xF9, 0xF7, 0x72, 0x93, 0xDA, 0xF9,
    0x72, 0x93, 0xDA, 0xF9, 0x1E, 0x2D, 0x89, 0xF9, 0x2E, 0x44, 0x9E, 0xF9, 0x5D, 0x86, 0xCE, 0xFA,
    0x5D, 0x86, 0xCE, 0xFA, 0x68, 0x8A, 0xD5, 0xFA, 0x80, 0xA9, 0xF2, 0xFA, 0x92, 0xC0, 0xFB, 0xFB,
    0x92, 0xC0, 0xFB, 0xFB, 0x91, 0xC0, 0xFA, 0xFB, 0x99, 0xC1, 0xF8, 0xFC, 0x9A, 0xC2, 0xF8, 0xFC,
    0x9A, 0xC2, 0xF8, 0xFC, 0x97, 0xC0, 0xF6, 0xFC, 0x94, 0xC0, 0xF7, 0xFC, 0x8F, 0xBC, 0xF8, 0xFC,
    0x8F, 0xBC, 0xF8, 0xFC, 0x99, 0xCE, 0xFB, 0xFC, 0x6E, 0xA0, 0xD8, 0xFD, 0x10, 0x1F, 0x50, 0xFD,
    0x10, 0x1F, 0x50, 0xFD, 0x14, 0x20, 0x49, 0xFD, 0x11, 0x1E, 0x4F, 0xFD, 0x04, 0x07, 0x3C, 0xFD,
    0x04, 0x07, 0x3C, 0xFD, 0x25, 0x34, 0x73, 0xFD, 0x8F, 0xCA, 0xF9, 0xFD, 0x9D, 0xD4, 0xFD, 0xFC,
    0x9D, 0xD4, 0xFD, 0xFC, 0x96, 0xC7, 0xF9, 0xFC, 0x96, 0xC7, 0xFA, 0xFC, 0x90, 0xC3, 0xF9, 0xFC,
    0x90, 0xC3, 0xF9, 0xFC, 0x92, 0xCB, 0xFE, 0xFB, 0x8F, 0xC6, 0xFD, 0xFB, 0x8B, 0xC1, 0xFD, 0xFB,
    0x8B, 0xC1, 0xFD, 0xFB, 0x87, 0xBF, 0xFD, 0xFA, 0x7F, 0xB5, 0xFD, 0xFA, 0x76, 0xAF, 0xFD, 0xF9,
    0x72, 0xB0, 0xFE, 0xF9, 0x72, 0xB0, 0xFE, 0xF9, 0x69, 0xA0, 0xFB, 0xF9, 0x61, 0x97, 0xF7, 0xF8,
    0x51, 0x87, 0xED, 0xF8, 0x51, 0x87, 0xED, 0xF8, 0x51, 0x8D, 0xF3, 0xF7, 0x55, 0x8D, 0xF7, 0xF7,
    0x4F, 0x82, 0xEE, 0xF5, 0x4F, 0x82, 0xEE, 0xF5, 0x52, 0x89, 0xF2, 0xF4, 0x4F, 0x8A, 0xF6, 0xED,
    0x49, 0x85, 0xEE, 0xE9, 0x49, 0x85, 0xEE, 0xE9, 0x4B, 0x86, 0xED, 0xE5, 0x4E, 0x8A, 0xEB, 0xC7,
    0x50, 0x93, 0xE9, 0x75, 0x50, 0x93, 0xE9, 0x75, 0x44, 0x8D, 0xE0, 0x0F, 0x41, 0x88, 0xD8, 0x03,
    0x41, 0x87, 0xD5, 0x04, 0x41, 0x87, 0xD5, 0x04, 0x42, 0x88, 0xD4, 0x02, 0x42, 0x88, 0xD5, 0x01,
    0x42, 0x89, 0xD5, 0x01, 0x42, 0x89, 0xD5, 0x01, 0x41, 0x88, 0xD4, 0x01, 0x00, 0x00, 0x00, 0x00,
    0x00, 0x00, 0x00, 0x00, 0x00, 0x00, 0x00, 0x00, 0x00, 0x00, 0x00, 0x00, 0x00, 0x00, 0x00, 0x00,
    0x00, 0x00, 0x00, 0x00, 0x00, 0x00, 0x00, 0x00, 0x00, 0x00, 0x00, 0x00, 0x00, 0x00, 0x00, 0x00,
    0x00, 0x00, 0x00, 0x00, 0x00, 0x00, 0x00, 0x00, 0x00, 0x00, 0x00, 0x00, 0x00, 0x00, 0x00, 0x00,
    0x00, 0x00, 0x00, 0x00, 0x00, 0x00, 0x00, 0x00, 0x00, 0x00, 0x00, 0x00, 0x00, 0x00, 0x00, 0x00,
    0x00, 0x00, 0x00, 0x00, 0x00, 0x00, 0x00, 0x00, 0x00, 0x00, 0x00, 0x00, 0x00, 0x00, 0x00, 0x00,
    0x00, 0x00, 0x00, 0x00, 0x00, 0x00, 0x00, 0x00, 0x00, 0x00, 0x00, 0x00, 0x00, 0x00, 0x00, 0x00,
    0x00, 0x00, 0x00, 0x00, 0x00, 0x00, 0x00, 0x00, 0x00, 0x00, 0x00, 0x00, 0x00, 0x00, 0x00, 0x00,
    0x00, 0x00, 0x00, 0x00, 0x00, 0x00, 0x00, 0x00, 0x00, 0x00, 0x00, 0x00, 0x00, 0x00, 0x00, 0x00,
    0x00, 0x00, 0x00, 0x00, 0x00, 0x00, 0x00, 0x00, 0x00, 0x00, 0x00, 0x00, 0x00, 0x00, 0x00, 0x00,
    0x41, 0x89, 0xD3, 0x01, 0x41, 0x89, 0xD3, 0x01, 0x41, 0x88, 0xD2, 0x01, 0x41, 0x88, 0xD2, 0x01,
    0x00, 0x00, 0x00, 0x00, 0x00, 0x00, 0x00, 0x00, 0x00, 0x00, 0x00, 0x00, 0x00, 0x00, 0x00, 0x00,
    0x00, 0x00, 0x00, 0x00, 0x42, 0x89, 0xD4, 0x01, 0x3E, 0x88, 0xD4, 0x02, 0x41, 0x89, 0xD5, 0x01,
    0x41, 0x89, 0xD5, 0x01, 0x4E, 0x94, 0xE3, 0x04, 0x56, 0xA1, 0xE8, 0x20, 0x5C, 0xAA, 0xE2, 0x32,
    0x5C, 0xAA, 0xE2, 0x32, 0x3B, 0x77, 0xA7, 0xCA, 0x16, 0x3B, 0x78, 0xF6, 0x7B, 0xA4, 0xE4, 0xF7,
    0x7B, 0xA4, 0xE4, 0xF7, 0x8B, 0xB0, 0xF3, 0xF8, 0x88, 0xAE, 0xEA, 0xF8, 0x38, 0x56, 0xA0, 0xF9,
    0x38, 0x56, 0xA0, 0xF9, 0x4C, 0x68, 0xB6, 0xF9, 0x7F, 0xA0, 0xEA, 0xFA, 0x85, 0xB5, 0xF7, 0xFA,
    0x85, 0xB5, 0xF7, 0xFA, 0x87, 0xBA, 0xF9, 0xFA, 0x82, 0xAD, 0xF5, 0xFA, 0x88, 0xB3, 0xF6, 0xFB,
    0x88, 0xB3, 0xF6, 0xFB, 0x92, 0xC2, 0xFA, 0xFB, 0x95, 0xBF, 0xF7, 0xFC, 0x96, 0xC0, 0xF6, 0xFC,
    0x96, 0xC0, 0xF6, 0xFC, 0x91, 0xBC, 0xF2, 0xFC, 0x90, 0xBE, 0xF5, 0xFC, 0x92, 0xC9, 0xF9, 0xFC,
    0x92, 0xC9, 0xF9, 0xFC, 0x85, 0xBF, 0xF5, 0xFC, 0x22, 0x48, 0x82, 0xFD, 0x14, 0x22, 0x58, 0xFD,
    0x14, 0x22, 0x58, 0xFD, 0x23, 0x2F, 0x63, 0xFD, 0x51, 0x73, 0xA3, 0xFD, 0x68, 0x90, 0xC4, 0xFD,
    0x68, 0x90, 0xC4, 0xFD, 0x13, 0x21, 0x4D, 0xFD, 0x3D, 0x56, 0x91, 0xFD, 0x97, 0xC5, 0xFB, 0xFC,
    0x97, 0xC5, 0xFB, 0xFC, 0x95, 0xC6, 0xFB, 0xFC, 0x96, 0xCB, 0xFC, 0xFB, 0x95, 0xC8, 0xFC, 0xFC,
    0x95, 0xC8, 0xFC, 0xFC, 0x95, 0xCC, 0xFE, 0xFB, 0x90, 0xC6, 0xFE, 0xFA, 0x8B, 0xC0, 0xFE, 0xFB,
    0x8B, 0xC0, 0xFE, 0xFB, 0x87, 0xBF, 0xFE, 0xFA, 0x7D, 0xB4, 0xFD, 0xFA, 0x73, 0xAD, 0xFD, 0xFA,
    0x6F, 0xAC, 0xFE, 0xF9, 0x6F, 0xAC, 0xFE, 0xF9, 0x63, 0x9A, 0xFA, 0xF9, 0x5E, 0x97, 0xF8, 0xF8,
    0x4C, 0x81, 0xE6, 0xF7, 0x4C, 0x81, 0xE6, 0xF7, 0x48, 0x7E, 0xE5, 0xF6, 0x4D, 0x89, 0xF2, 0xF6,
    0x4E, 0x87, 0xF0, 0xF3, 0x4E, 0x87, 0xF0, 0xF3, 0x47, 0x7F, 0xE9, 0xF3, 0x48, 0x7F, 0xE9, 0xF0,
    0x45, 0x80, 0xE2, 0xF2, 0x45, 0x80, 0xE2, 0xF2, 0x47, 0x82, 0xDC, 0xDF, 0x38, 0x67, 0xB7, 0xD1,
    0x2A, 0x55, 0x99, 0xA4, 0x2A, 0x55, 0x99, 0xA4, 0x30, 0x6B, 0xB3, 0x23, 0x00, 0x00, 0x00, 0x00,
    0x41, 0x87, 0xD4, 0x03, 0x41, 0x87, 0xD4, 0x03, 0x42, 0x88, 0xD4, 0x01, 0x42, 0x88, 0xD4, 0x01,
    0x41, 0x88, 0xD4, 0x01, 0x41, 0x88, 0xD4, 0x01, 0x41, 0x88, 0xD4, 0x01, 0x00, 0x00, 0x00, 0x00,
    0x00, 0x00, 0x00, 0x00, 0x00, 0x00, 0x00, 0x00, 0x00, 0x00, 0x00, 0x00, 0x00, 0x00, 0x00, 0x00,
    0x00, 0x00, 0x00, 0x00, 0x00, 0x00, 0x00, 0x00, 0x00, 0x00, 0x00, 0x00, 0x00, 0x00, 0x00, 0x00,
    0x00, 0x00, 0x00, 0x00, 0x00, 0x00, 0x00, 0x00, 0x00, 0x00, 0x00, 0x00, 0x00, 0x00, 0x00, 0x00,
    0x00, 0x00, 0x00, 0x00, 0x00, 0x00, 0x00, 0x00, 0x00, 0x00, 0x00, 0x00, 0x00, 0x00, 0x00, 0x00,
    0x00, 0x00, 0x00, 0x00, 0x00, 0x00, 0x00, 0x00, 0x00, 0x00, 0x00, 0x00, 0x00, 0x00, 0x00, 0x00,
    0x00, 0x00, 0x00, 0x00, 0x00, 0x00, 0x00, 0x00, 0x00, 0x00, 0x00, 0x00, 0x00, 0x00, 0x00, 0x00,
    0x00, 0x00, 0x00, 0x00, 0x00, 0x00, 0x00, 0x00, 0x00, 0x00, 0x00, 0x00, 0x00, 0x00, 0x00, 0x00,
    0x00, 0x00, 0x00, 0x00, 0x00, 0x00, 0x00, 0x00, 0x00, 0x00, 0x00, 0x00, 0x00, 0x00, 0x00, 0x00,
    0x00, 0x00, 0x00, 0x00, 0x00, 0x00, 0x00, 0x00, 0x00, 0x00, 0x00, 0x00, 0x00, 0x00, 0x00, 0x00,
    0x00, 0x00, 0x00, 0x00, 0x00, 0x00, 0x00, 0x00, 0x00, 0x00, 0x00, 0x00, 0x00, 0x00, 0x00, 0x00,
    0x00, 0x00, 0x00, 0x00, 0x42, 0x88, 0xD5, 0x01, 0x42, 0x89, 0xD6, 0x01, 0x42, 0x89, 0xD6, 0x01,
    0x42, 0x8A, 0xD6, 0x01, 0x3C, 0x89, 0xD4, 0x02, 0x3E, 0x8D, 0xD8, 0x02, 0x4D, 0x97, 0xDE, 0x08,
    0x4D, 0x97, 0xDE, 0x08, 0x36, 0x68, 0x9F, 0x4D, 0x28, 0x4F, 0x75, 0xC6, 0x1E, 0x43, 0x5D, 0xD2,
    0x1E, 0x43, 0x5D, 0xD2, 0x02, 0x0B, 0x24, 0xFA, 0x32, 0x53, 0x92, 0xF7, 0x7B, 0xB1, 0xF3, 0xF9,
    0x7B, 0xB1, 0xF3, 0xF9, 0x7F, 0xA8, 0xEF, 0xFA, 0x5A, 0x78, 0xBB, 0xFA, 0x25, 0x38, 0x7A, 0xFA,
    0x25, 0x38, 0x7A, 0xFA, 0x8D, 0xB9, 0xF2, 0xFA, 0x92, 0xBF, 0xF9, 0xFB, 0x7E, 0xA4, 0xE9, 0xFA,
    0x7E, 0xA4, 0xE9, 0xFA, 0x83, 0xB6, 0xF6, 0xFB, 0x89, 0xC2, 0xFD, 0xFB, 0x8D, 0xB9, 0xFB, 0xFB,
    0x8D, 0xB9, 0xFB, 0xFB, 0x9D, 0xCD, 0xFD, 0xFC, 0x9E, 0xC8, 0xFB, 0xFC, 0x9C, 0xCE, 0xFB, 0xFC,
    0x9C, 0xCE, 0xFB, 0xFC, 0x97, 0xC7, 0xF9, 0xFC, 0x9C, 0xCF, 0xF9, 0xFC, 0x7D, 0xB3, 0xEB, 0xFD,
    0x7D, 0xB3, 0xEB, 0xFD, 0x33, 0x66, 0xB1, 0xFC, 0x4F, 0x7D, 0xC9, 0xFD, 0x82, 0xC3, 0xF7, 0xFD,
    0x82, 0xC3, 0xF7, 0xFD, 0x6E, 0x9E, 0xE7, 0xFD, 0x74, 0xAD, 0xF4, 0xFD, 0x8F, 0xD0, 0xFD, 0xFD,
    0x8F, 0xD0, 0xFD, 0xFD, 0x60, 0x82, 0xCD, 0xFD, 0x13, 0x1A, 0x57, 0xFD, 0x87, 0xB8, 0xF3, 0xFC,
    0x87, 0xB8, 0xF3, 0xFC, 0x90, 0xC6, 0xFD, 0xFC, 0x90, 0xC8, 0xFE, 0xFC, 0x93, 0xC6, 0xFD, 0xFC,
    0x93, 0xC6, 0xFD, 0xFC, 0x92, 0xC5, 0xFD, 0xFC, 0x90, 0xC5, 0xFD, 0xFB, 0x8C, 0xC2, 0xFD, 0xFB,
    0x8C, 0xC2, 0xFD, 0xFB, 0x82, 0xB4, 0xFD, 0xFB, 0x78, 0xAE, 0xFD, 0xFA, 0x6F, 0xA9, 0xFD, 0xFA,
    0x63, 0x9C, 0xFB, 0xF9, 0x63, 0x9C, 0xFB, 0xF9, 0x5D, 0x98, 0xF9, 0xF9, 0x55, 0x8E, 0xF2, 0xF8,
    0x3E, 0x6D, 0xD1, 0xF8, 0x3E, 0x6D, 0xD1, 0xF8, 0x3B, 0x69, 0xCE, 0xF6, 0x51, 0x93, 0xF3, 0xF4,
    0x55, 0x99, 0xF5, 0xF1, 0x55, 0x99, 0xF5, 0xF1, 0x4B, 0x84, 0xE4, 0xEE, 0x3C, 0x72, 0xCE, 0xE4,
    0x18, 0x39, 0x90, 0xD4, 0x18, 0x39, 0x90, 0xD4, 0x13, 0x31, 0x7F, 0xBA, 0x0E, 0x2C, 0x70, 0x78,
    0x0B, 0x2C, 0x6D, 0x56, 0x0B, 0x2C, 0x6D, 0x56, 0x2E, 0x69, 0xB0, 0x14, 0x44, 0x8B, 0xD9, 0x01,
    0x40, 0x86, 0xD3, 0x03, 0x40, 0x86, 0xD3, 0x03, 0x41, 0x87, 0xD3, 0x02, 0x41, 0x87, 0xD4, 0x02,
    0x41, 0x88, 0xD4, 0x01, 0x41, 0x88, 0xD4, 0x01, 0x40, 0x88, 0xD3, 0x01, 0x00, 0x00, 0x00, 0x00,
    0x00, 0x00, 0x00, 0x00, 0x00, 0x00, 0x00, 0x00, 0x00, 0x00, 0x00, 0x00, 0x00, 0x00, 0x00, 0x00,
    0x00, 0x00, 0x00, 0x00, 0x00, 0x00, 0x00, 0x00, 0x00, 0x00, 0x00, 0x00, 0x00, 0x00, 0x00, 0x00,
    0x00, 0x00, 0x00, 0x00, 0x00, 0x00, 0x00, 0x00, 0x00, 0x00, 0x00, 0x00, 0x00, 0x00, 0x00, 0x00,
    0x00, 0x00, 0x00, 0x00, 0x00, 0x00, 0x00, 0x00, 0x00, 0x00, 0x00, 0x00, 0x00, 0x00, 0x00, 0x00,
    0x00, 0x00, 0x00, 0x00, 0x00, 0x00, 0x00, 0x00, 0x00, 0x00, 0x00, 0x00, 0x00, 0x00, 0x00, 0x00,
    0x00, 0x00, 0x00, 0x00, 0x00, 0x00, 0x00, 0x00, 0x00, 0x00, 0x00, 0x00, 0x00, 0x00, 0x00, 0x00,
    0x00, 0x00, 0x00, 0x00, 0x00, 0x00, 0x00, 0x00, 0x00, 0x00, 0x00, 0x00, 0x00, 0x00, 0x00, 0x00,
    0x00, 0x00, 0x00, 0x00, 0x00, 0x00, 0x00, 0x00, 0x00, 0x00, 0x00, 0x00, 0x00, 0x00, 0x00, 0x00,
    0x00, 0x00, 0x00, 0x00, 0x00, 0x00, 0x00, 0x00, 0x00, 0x00, 0x00, 0x00, 0x00, 0x00, 0x00, 0x00,
    0x00, 0x00, 0x00, 0x00, 0x00, 0x00, 0x00, 0x00, 0x00, 0x00, 0x00, 0x00, 0x00, 0x00, 0x00, 0x00,
    0x00, 0x00, 0x00, 0x00, 0x42, 0x89, 0xD6, 0x01, 0x3F, 0x8A, 0xD6, 0x02, 0x3F, 0x8A, 0xD6, 0x02,
    0x38, 0x87, 0xD7, 0x02, 0x44, 0x94, 0xE0, 0x01, 0x4A, 0x93, 0xD0, 0x16, 0x34, 0x74, 0x9F, 0x94,
    0x34, 0x74, 0x9F, 0x94, 0x0E, 0x30, 0x59, 0xBD, 0x00, 0x02, 0x17, 0xF0, 0x09, 0x2B, 0x52, 0xF8,
    0x09, 0x2B, 0x52, 0xF8, 0x08, 0x23, 0x5C, 0xF7, 0x33, 0x58, 0xA3, 0xF8, 0x77, 0xB6, 0xF5, 0xF9,
    0x77, 0xB6, 0xF5, 0xF9, 0x70, 0xAA, 0xF1, 0xFA, 0x4F, 0x79, 0xC4, 0xFA, 0x0A, 0x18, 0x56, 0xFA,
    0x0A, 0x18, 0x56, 0xFA, 0x6F, 0x97, 0xD6, 0xFA, 0xA4, 0xD6, 0xFF, 0xFB, 0x9D, 0xCC, 0xFE, 0xFB,
    0x9D, 0xCC, 0xFE, 0xFB, 0x95, 0xC2, 0xFC, 0xFB, 0x88, 0xC1, 0xFA, 0xFA, 0x53, 0x7E, 0xC3, 0xFB,
    0x53, 0x7E, 0xC3, 0xFB, 0x3E, 0x64, 0xA7, 0xFC, 0x4C, 0x69, 0xA6, 0xFC, 0x68, 0x8E, 0xC1, 0xFC,
    0x68, 0x8E, 0xC1, 0xFC, 0x5D, 0x82, 0xBA, 0xFC, 0x29, 0x44, 0x81, 0xFC, 0x16, 0x32, 0x75, 0xFD,
    0x16, 0x32, 0x75, 0xFD, 0x6A, 0x9C, 0xDE, 0xFC, 0x80, 0xBA, 0xFA, 0xFD, 0x7D, 0xBD, 0xFC, 0xFD,
    0x7D, 0xBD, 0xFC, 0xFD, 0x7F, 0xBB, 0xFA, 0xFD, 0x7E, 0xB5, 0xFA, 0xFD, 0x74, 0xA9, 0xF5, 0xFD,
    0x74, 0xA9, 0xF5, 0xFD, 0x85, 0xBD, 0xFC, 0xFD, 0x51, 0x84, 0xCB, 0xFD, 0x40, 0x6D, 0xA1, 0xFC,
    0x40, 0x6D, 0xA1, 0xFC, 0x7F, 0xAD, 0xEE, 0xFC, 0x9A, 0xD5, 0xFF, 0xFC, 0x8B, 0xC1, 0xFD, 0xFC,
    0x8B, 0xC1, 0xFD, 0xFC, 0x92, 0xC6, 0xFC, 0xFB, 0x90, 0xC3, 0xFC, 0xFC, 0x8A, 0xBE, 0xFC, 0xFA,
    0x8A, 0xBE, 0xFC, 0xFA, 0x80, 0xB3, 0xFC, 0xFB, 0x77, 0xAF, 0xFD, 0xF9, 0x6C, 0xA6, 0xFD, 0xFA,
    0x60, 0x98, 0xFA, 0xF9, 0x60, 0x98, 0xFA, 0xF9, 0x55, 0x90, 0xF4, 0xF9, 0x4C, 0x88, 0xE8, 0xF6,
    0x38, 0x6E, 0xC7, 0xF7, 0x38, 0x6E, 0xC7, 0xF7, 0x34, 0x63, 0xB7, 0xF6, 0x3A, 0x6A, 0xB4, 0xF5,
    0x2C, 0x51, 0x98, 0xF6, 0x2C, 0x51, 0x98, 0xF6, 0x23, 0x3F, 0x87, 0xF8, 0x24, 0x51, 0x97, 0xD7,
    0x1F, 0x49, 0x98, 0x55, 0x1F, 0x49, 0x98, 0x55, 0x34, 0x69, 0xBA, 0x20, 0x3F, 0x81, 0xD0, 0x05,
    0x43, 0x87, 0xD3, 0x05, 0x43, 0x87, 0xD3, 0x05, 0x45, 0x8A, 0xD5, 0x03, 0x40, 0x86, 0xD4, 0x02,
    0x40, 0x86, 0xD3, 0x02, 0x40, 0x86, 0xD3, 0x02, 0x40, 0x87, 0xD4, 0x01, 0x40, 0x87, 0xD3, 0x01,
    0x41, 0x88, 0xD4, 0x01, 0x41, 0x88, 0xD4, 0x01, 0x40, 0x87, 0xD4, 0x01, 0x00, 0x00, 0x00, 0x00,
    0x00, 0x00, 0x00, 0x00, 0x00, 0x00, 0x00, 0x00, 0x00, 0x00, 0x00, 0x00, 0x00, 0x00, 0x00, 0x00,
    0x00, 0x00, 0x00, 0x00, 0x00, 0x00, 0x00, 0x00, 0x00, 0x00, 0x00, 0x00, 0x00, 0x00, 0x00, 0x00,
    0x00, 0x00, 0x00, 0x00, 0x00, 0x00, 0x00, 0x00, 0x00, 0x00, 0x00, 0x00, 0x00, 0x00, 0x00, 0x00,
    0x00, 0x00, 0x00, 0x00, 0x00, 0x00, 0x00, 0x00, 0x00, 0x00, 0x00, 0x00, 0x00, 0x00, 0x00, 0x00,
    0x00, 0x00, 0x00, 0x00, 0x00, 0x00, 0x00, 0x00, 0x00, 0x00, 0x00, 0x00, 0x00, 0x00, 0x00, 0x00,
    0x00, 0x00, 0x00, 0x00, 0x00, 0x00, 0x00, 0x00, 0x00, 0x00, 0x00, 0x00, 0x00, 0x00, 0x00, 0x00,
    0x00, 0x00, 0x00, 0x00, 0x00, 0x00, 0x00, 0x00, 0x00, 0x00, 0x00, 0x00, 0x00, 0x00, 0x00, 0x00,
    0x00, 0x00, 0x00, 0x00, 0x00, 0x00, 0x00, 0x00, 0x00, 0x00, 0x00, 0x00, 0x00, 0x00, 0x00, 0x00,
    0x00, 0x00, 0x00, 0x00, 0x00, 0x00, 0x00, 0x00, 0x00, 0x00, 0x00, 0x00, 0x00, 0x00, 0x00, 0x00,
    0x00, 0x00, 0x00, 0x00, 0x00, 0x00, 0x00, 0x00, 0x00, 0x00, 0x00, 0x00, 0x00, 0x00, 0x00, 0x00,
    0x00, 0x00, 0x00, 0x00, 0x42, 0x89, 0xD6, 0x01, 0x3F, 0x8A, 0xD6, 0x02, 0x3F, 0x8A, 0xD6, 0x02,
    0x38, 0x87, 0xD7, 0x02, 0x44, 0x94, 0xE0, 0x01, 0x4A, 0x93, 0xD0, 0x16, 0x34, 0x74, 0x9F, 0x94,
    0x34, 0x74, 0x9F, 0x94, 0x0E, 0x30, 0x59, 0xBD, 0x00, 0x02, 0x17, 0xF0, 0x09, 0x2B, 0x52, 0xF8,
    0x09, 0x2B, 0x52, 0xF8, 0x08, 0x23, 0x5C, 0xF7, 0x33, 0x58, 0xA3, 0xF8, 0x77, 0xB6, 0xF5, 0xF9,
    0x77, 0xB6, 0xF5, 0xF9, 0x70, 0xAA, 0xF1, 0xFA, 0x4F, 0x79, 0xC4, 0xFA, 0x0A, 0x18, 0x56, 0xFA,
    0x0A, 0x18, 0x56, 0xFA, 0x6F, 0x97, 0xD6, 0xFA, 0xA4, 0xD6, 0xFF, 0xFB, 0x9D, 0xCC, 0xFE, 0xFB,
    0x9D, 0xCC, 0xFE, 0xFB, 0x95, 0xC2, 0xFC, 0xFB, 0x88, 0xC1, 0xFA, 0xFA, 0x53, 0x7E, 0xC3, 0xFB,
    0x53, 0x7E, 0xC3, 0xFB, 0x3E, 0x64, 0xA7, 0xFC, 0x4C, 0x69, 0xA6, 0xFC, 0x68, 0x8E, 0xC1, 0xFC,
    0x68, 0x8E, 0xC1, 0xFC, 0x5D, 0x82, 0xBA, 0xFC, 0x29, 0x44, 0x81, 0xFC, 0x16, 0x32, 0x75, 0xFD,
    0x16, 0x32, 0x75, 0xFD, 0x6A, 0x9C, 0xDE, 0xFC, 0x80, 0xBA, 0xFA, 0xFD, 0x7D, 0xBD, 0xFC, 0xFD,
    0x7D, 0xBD, 0xFC, 0xFD, 0x7F, 0xBB, 0xFA, 0xFD, 0x7E, 0xB5, 0xFA, 0xFD, 0x74, 0xA9, 0xF5, 0xFD,
    0x74, 0xA9, 0xF5, 0xFD, 0x85, 0xBD, 0xFC, 0xFD, 0x51, 0x84, 0xCB, 0xFD, 0x40, 0x6D, 0xA1, 0xFC,
    0x40, 0x6D, 0xA1, 0xFC, 0x7F, 0xAD, 0xEE, 0xFC, 0x9A, 0xD5, 0xFF, 0xFC, 0x8B, 0xC1, 0xFD, 0xFC,
    0x8B, 0xC1, 0xFD, 0xFC, 0x92, 0xC6, 0xFC, 0xFB, 0x90, 0xC3, 0xFC, 0xFC, 0x8A, 0xBE, 0xFC, 0xFA,
    0x8A, 0xBE, 0xFC, 0xFA, 0x80, 0xB3, 0xFC, 0xFB, 0x77, 0xAF, 0xFD, 0xF9, 0x6C, 0xA6, 0xFD, 0xFA,
    0x60, 0x98, 0xFA, 0xF9, 0x60, 0x98, 0xFA, 0xF9, 0x55, 0x90, 0xF4, 0xF9, 0x4C, 0x88, 0xE8, 0xF6,
    0x38, 0x6E, 0xC7, 0xF7, 0x38, 0x6E, 0xC7, 0xF7, 0x34, 0x63, 0xB7, 0xF6, 0x3A, 0x6A, 0xB4, 0xF5,
    0x2C, 0x51, 0x98, 0xF6, 0x2C, 0x51, 0x98, 0xF6, 0x23, 0x3F, 0x87, 0xF8, 0x24, 0x51, 0x97, 0xD7,
    0x1F, 0x49, 0x98, 0x55, 0x1F, 0x49, 0x98, 0x55, 0x34, 0x69, 0xBA, 0x20, 0x3F, 0x81, 0xD0, 0x05,
    0x43, 0x87, 0xD3, 0x05, 0x43, 0x87, 0xD3, 0x05, 0x45, 0x8A, 0xD5, 0x03, 0x40, 0x86, 0xD4, 0x02,
    0x40, 0x86, 0xD3, 0x02, 0x40, 0x86, 0xD3, 0x02, 0x40, 0x87, 0xD4, 0x01, 0x40, 0x87, 0xD3, 0x01,
    0x41, 0x88, 0xD4, 0x01, 0x41, 0x88, 0xD4, 0x01, 0x40, 0x87, 0xD4, 0x01, 0x00, 0x00, 0x00, 0x00,
    0x00, 0x00, 0x00, 0x00, 0x00, 0x00, 0x00, 0x00, 0x00, 0x00, 0x00, 0x00, 0x00, 0x00, 0x00, 0x00,
    0x00, 0x00, 0x00, 0x00, 0x00, 0x00, 0x00, 0x00, 0x00, 0x00, 0x00, 0x00, 0x00, 0x00, 0x00, 0x00,
    0x00, 0x00, 0x00, 0x00, 0x00, 0x00, 0x00, 0x00, 0x00, 0x00, 0x00, 0x00, 0x00, 0x00, 0x00, 0x00,
    0x00, 0x00, 0x00, 0x00, 0x00, 0x00, 0x00, 0x00, 0x00, 0x00, 0x00, 0x00, 0x00, 0x00, 0x00, 0x00,
    0x00, 0x00, 0x00, 0x00, 0x00, 0x00, 0x00, 0x00, 0x00, 0x00, 0x00, 0x00, 0x00, 0x00, 0x00, 0x00,
    0x00, 0x00, 0x00, 0x00, 0x00, 0x00, 0x00, 0x00, 0x00, 0x00, 0x00, 0x00, 0x00, 0x00, 0x00, 0x00,
    0x00, 0x00, 0x00, 0x00, 0x00, 0x00, 0x00, 0x00, 0x00, 0x00, 0x00, 0x00, 0x00, 0x00, 0x00, 0x00,
    0x00, 0x00, 0x00, 0x00, 0x00, 0x00, 0x00, 0x00, 0x3F, 0x89, 0xD4, 0x01, 0x3F, 0x89, 0xD4, 0x01,
    0x40, 0x88, 0xD5, 0x01, 0x40, 0x88, 0xD5, 0x01, 0x3F, 0x89, 0xD5, 0x01, 0x3F, 0x89, 0xD5, 0x01,
    0x00, 0x00, 0x00, 0x00, 0x40, 0x89, 0xD5, 0x01, 0x40, 0x88, 0xD5, 0x01, 0x40, 0x88, 0xD5, 0x01,
    0x40, 0x89, 0xD5, 0x01, 0x3E, 0x8A, 0xD5, 0x02, 0x39, 0x8A, 0xD8, 0x01, 0x39, 0x8A, 0xD8, 0x01,
    0x3D, 0x94, 0xE0, 0x04, 0x31, 0x70, 0xAE, 0x24, 0x03, 0x11, 0x3F, 0x90, 0x0B, 0x2F, 0x64, 0xEC,
    0x0B, 0x2F, 0x64, 0xEC, 0x36, 0x93, 0xD7, 0xF3, 0x1D, 0x70, 0xCB, 0xF3, 0x26, 0x93, 0xE4, 0xF7,
    0x26, 0x93, 0xE4, 0xF7, 0x1D, 0x73, 0xD1, 0xF9, 0x0B, 0x2D, 0x89, 0xFA, 0x2B, 0x51, 0x9F, 0xFA,
    0x2B, 0x51, 0x9F, 0xFA, 0x40, 0x6E, 0xB8, 0xFB, 0x62, 0x9E, 0xE7, 0xFB, 0x34, 0x60, 0xAB, 0xFB,
    0x34, 0x60, 0xAB, 0xFB, 0x22, 0x36, 0x76, 0xFB, 0x48, 0x6D, 0xA6, 0xFB, 0x41, 0x6B, 0xA4, 0xFB,
    0x41, 0x6B, 0xA4, 0xFB, 0x27, 0x45, 0x83, 0xFB, 0x11, 0x2F, 0x74, 0xFC, 0x05, 0x1D, 0x70, 0xFB,
    0x05, 0x1D, 0x70, 0xFB, 0x06, 0x2B, 0x81, 0xFC, 0x04, 0x1A, 0x6A, 0xFC, 0x03, 0x11, 0x52, 0xFC,
    0x03, 0x11, 0x52, 0xFC, 0x01, 0x04, 0x31, 0xFC, 0x1C, 0x30, 0x6B, 0xFC, 0x69, 0x9C, 0xD7, 0xFD,
    0x69, 0x9C, 0xD7, 0xFD, 0x89, 0xC5, 0xF9, 0xFD, 0x7D, 0xB5, 0xF5, 0xFD, 0x7D, 0xB1, 0xF3, 0xFD,
    0x7D, 0xB1, 0xF3, 0xFD, 0x81, 0xB6, 0xF6, 0xFD, 0x85, 0xB6, 0xF8, 0xFD, 0x81, 0xAF, 0xF4, 0xFD,
    0x81, 0xAF, 0xF4, 0xFD, 0x7C, 0xB4, 0xFB, 0xFD, 0x75, 0xAA, 0xF1, 0xFD, 0x17, 0x23, 0x53, 0xFC,
    0x17, 0x23, 0x53, 0xFC, 0x35, 0x41, 0x6B, 0xFC, 0x89, 0xBE, 0xF2, 0xFC, 0x8A, 0xC8, 0xFE, 0xFC,
    0x8A, 0xC8, 0xFE, 0xFC, 0x8A, 0xC1, 0xFB, 0xFB, 0x8A, 0xB9, 0xF9, 0xFB, 0x84, 0xB5, 0xFB, 0xFB,
    0x84, 0xB5, 0xFB, 0xFB, 0x7B, 0xB2, 0xFD, 0xFA, 0x70, 0xA8, 0xFD, 0xFA, 0x60, 0x97, 0xF9, 0xFA,
    0x57, 0x91, 0xF7, 0xF9, 0x57, 0x91, 0xF7, 0xF9, 0x48, 0x7D, 0xE5, 0xF9, 0x3D, 0x6F, 0xCC, 0xF9,
    0x2C, 0x5D, 0xAB, 0xF8, 0x2C, 0x5D, 0xAB, 0xF8, 0x2D, 0x5E, 0xA4, 0xF1, 0x19, 0x3D, 0x78, 0xF1,
    0x10, 0x28, 0x60, 0xCE, 0x10, 0x28, 0x60, 0xCE, 0x13, 0x2B, 0x6E, 0xB5, 0x29, 0x5F, 0xA9, 0x63,
    0x41, 0x8B, 0xD8, 0x08, 0x41, 0x8B, 0xD8, 0x08, 0x43, 0x90, 0xE2, 0x05, 0x3C, 0x87, 0xD7, 0x05,
    0x3F, 0x88, 0xD8, 0x04, 0x3F, 0x88, 0xD8, 0x04, 0x3E, 0x87, 0xD5, 0x03, 0x3F, 0x87, 0xD5, 0x02,
    0x3F, 0x86, 0xD3, 0x02, 0x3F, 0x86, 0xD3, 0x02, 0x3F, 0x87, 0xD4, 0x01, 0x3F, 0x87, 0xD4, 0x01,
    0x40, 0x87, 0xD4, 0x01, 0x40, 0x87, 0xD4, 0x01, 0x40, 0x87, 0xD4, 0x01, 0x00, 0x00, 0x00, 0x00,
    0x00, 0x00, 0x00, 0x00, 0x00, 0x00, 0x00, 0x00, 0x00, 0x00, 0x00, 0x00, 0x00, 0x00, 0x00, 0x00,
    0x00, 0x00, 0x00, 0x00, 0x00, 0x00, 0x00, 0x00, 0x00, 0x00, 0x00, 0x00, 0x00, 0x00, 0x00, 0x00,
    0x00, 0x00, 0x00, 0x00, 0x00, 0x00, 0x00, 0x00, 0x00, 0x00, 0x00, 0x00, 0x00, 0x00, 0x00, 0x00,
    0x00, 0x00, 0x00, 0x00, 0x00, 0x00, 0x00, 0x00, 0x00, 0x00, 0x00, 0x00, 0x00, 0x00, 0x00, 0x00,
    0x00, 0x00, 0x00, 0x00, 0x00, 0x00, 0x00, 0x00, 0x00, 0x00, 0x00, 0x00, 0x00, 0x00, 0x00, 0x00,
    0x00, 0x00, 0x00, 0x00, 0x00, 0x00, 0x00, 0x00, 0x00, 0x00, 0x00, 0x00, 0x00, 0x00, 0x00, 0x00,
    0x00, 0x00, 0x00, 0x00, 0x00, 0x00, 0x00, 0x00, 0x00, 0x00, 0x00, 0x00, 0x00, 0x00, 0x00, 0x00,
    0x3F, 0x88, 0xD4, 0x01, 0x3F, 0x88, 0xD5, 0x01, 0x3F, 0x89, 0xD5, 0x01, 0x3F, 0x89, 0xD5, 0x01,
    0x3F, 0x88, 0xD6, 0x01, 0x3F, 0x88, 0xD6, 0x01, 0x3F, 0x89, 0xD6, 0x01, 0x3F, 0x89, 0xD6, 0x01,
    0x3F, 0x89, 0xD6, 0x01, 0x40, 0x89, 0xD7, 0x01, 0x3F, 0x89, 0xD6, 0x02, 0x3F, 0x89, 0xD6, 0x02,
    0x3B, 0x88, 0xD5, 0x02, 0x3C, 0x8D, 0xDC, 0x02, 0x3B, 0x87, 0xCE, 0x04, 0x3B, 0x87, 0xCE, 0x04,
    0x18, 0x59, 0x92, 0x6E, 0x11, 0x47, 0x7E, 0xB8, 0x08, 0x36, 0x7E, 0xEE, 0x1F, 0x78, 0xD3, 0xEE,
    0x1F, 0x78, 0xD3, 0xEE, 0x21, 0x96, 0xF5, 0xF8, 0x17, 0x8D, 0xF4, 0xFA, 0x13, 0x87, 0xF0, 0xFB,
    0x13, 0x87, 0xF0, 0xFB, 0x0D, 0x78, 0xE2, 0xFA, 0x05, 0x3A, 0xA4, 0xFA, 0x03, 0x16, 0x6A, 0xFA,
    0x03, 0x16, 0x6A, 0xFA, 0x02, 0x11, 0x59, 0xFB, 0x06, 0x28, 0x81, 0xFA, 0x04, 0x28, 0x88, 0xFB,
    0x04, 0x28, 0x88, 0xFB, 0x03, 0x17, 0x6A, 0xFB, 0x03, 0x15, 0x5B, 0xFB, 0x03, 0x1B, 0x67, 0xFB,
    0x03, 0x1B, 0x67, 0xFB, 0x03, 0x2A, 0x83, 0xFB, 0x08, 0x4C, 0xB2, 0xFB, 0x0C, 0x62, 0xD4, 0xFC,
    0x0C, 0x62, 0xD4, 0xFC, 0x18, 0x82, 0xEA, 0xFC, 0x1C, 0x79, 0xE1, 0xFC, 0x21, 0x65, 0xC9, 0xFC,
    0x21, 0x65, 0xC9, 0xFC, 0x26, 0x53, 0xAB, 0xFC, 0x76, 0xB8, 0xF2, 0xFC, 0x92, 0xD9, 0xFB, 0xFD,
    0x92, 0xD9, 0xFB, 0xFD, 0x77, 0xB4, 0xF5, 0xFD, 0x78, 0xB4, 0xF3, 0xFD, 0x83, 0xBA, 0xF8, 0xFD,
    0x83, 0xBA, 0xF8, 0xFD, 0x85, 0xB6, 0xF7, 0xFD, 0x85, 0xB9, 0xF9, 0xFD, 0x86, 0xB8, 0xF9, 0xFD,
    0x86, 0xB8, 0xF9, 0xFD, 0x80, 0xB4, 0xFB, 0xFD, 0x7E, 0xB8, 0xFC, 0xFD, 0x64, 0x86, 0xD2, 0xFC,
    0x64, 0x86, 0xD2, 0xFC, 0x15, 0x1B, 0x3E, 0xFC, 0x3C, 0x5D, 0x99, 0xFC, 0x87, 0xC9, 0xFE, 0xFC,
    0x87, 0xC9, 0xFE, 0xFC, 0x7F, 0xBD, 0xFC, 0xFB, 0x83, 0xBB, 0xFB, 0xFB, 0x7A, 0xB3, 0xFC, 0xFB,
    0x7A, 0xB3, 0xFC, 0xFB, 0x70, 0xA9, 0xFC, 0xFB, 0x6A, 0xA2, 0xFD, 0xF9, 0x57, 0x8F, 0xF6, 0xFA,
    0x4A, 0x86, 0xED, 0xF8, 0x4A, 0x86, 0xED, 0xF8, 0x3E, 0x73, 0xD1, 0xF7, 0x26, 0x4A, 0x9B, 0xF3,
    0x1B, 0x39, 0x84, 0xE9, 0x1B, 0x39, 0x84, 0xE9, 0x30, 0x64, 0xAE, 0xCD, 0x3E, 0x7C, 0xC6, 0xBA,
    0x50, 0x97, 0xDD, 0x2D, 0x50, 0x97, 0xDD, 0x2D, 0x4D, 0x90, 0xDC, 0x08, 0x48, 0x8F, 0xDE, 0x01,
    0x3B, 0x84, 0xD4, 0x02, 0x3B, 0x84, 0xD4, 0x02, 0x3D, 0x86, 0xD6, 0x03, 0x3D, 0x86, 0xD5, 0x03,
    0x3F, 0x88, 0xD7, 0x02, 0x3F, 0x88, 0xD7, 0x02, 0x40, 0x88, 0xD6, 0x02, 0x3F, 0x87, 0xD6, 0x01,
    0x3F, 0x87, 0xD4, 0x01, 0x3F, 0x87, 0xD4, 0x01, 0x3E, 0x87, 0xD4, 0x01, 0x3F, 0x87, 0xD4, 0x01,
    0x3F, 0x88, 0xD5, 0x01, 0x3F, 0x88, 0xD5, 0x01, 0x3E, 0x87, 0xD4, 0x01, 0x00, 0x00, 0x00, 0x00,
    0x00, 0x00, 0x00, 0x00, 0x00, 0x00, 0x00, 0x00, 0x00, 0x00, 0x00, 0x00, 0x00, 0x00, 0x00, 0x00,
    0x00, 0x00, 0x00, 0x00, 0x00, 0x00, 0x00, 0x00, 0x00, 0x00, 0x00, 0x00, 0x00, 0x00, 0x00, 0x00,
    0x00, 0x00, 0x00, 0x00, 0x00, 0x00, 0x00, 0x00, 0x00, 0x00, 0x00, 0x00, 0x00, 0x00, 0x00, 0x00,
    0x00, 0x00, 0x00, 0x00, 0x00, 0x00, 0x00, 0x00, 0x00, 0x00, 0x00, 0x00, 0x00, 0x00, 0x00, 0x00,
    0x00, 0x00, 0x00, 0x00, 0x00, 0x00, 0x00, 0x00, 0x00, 0x00, 0x00, 0x00, 0x00, 0x00, 0x00, 0x00,
    0x00, 0x00, 0x00, 0x00, 0x00, 0x00, 0x00, 0x00, 0x00, 0x00, 0x00, 0x00, 0x00, 0x00, 0x00, 0x00,
    0x00, 0x00, 0x00, 0x00, 0x00, 0x00, 0x00, 0x00, 0x3F, 0x88, 0xD4, 0x01, 0x3F, 0x88, 0xD4, 0x01,
    0x3E, 0x87, 0xD5, 0x01, 0x3F, 0x88, 0xD5, 0x01, 0x3D, 0x87, 0xD5, 0x01, 0x3D, 0x87, 0xD5, 0x01,
    0x3D, 0x88, 0xD6, 0x01, 0x3D, 0x88, 0xD6, 0x01, 0x3E, 0x89, 0xD6, 0x01, 0x3E, 0x89, 0xD6, 0x01,
    0x3F, 0x89, 0xD7, 0x01, 0x40, 0x8B, 0xD8, 0x02, 0x3A, 0x8A, 0xD8, 0x03, 0x3A, 0x8A, 0xD8, 0x03,
    0x3A, 0x8E, 0xDD, 0x02, 0x33, 0x78, 0xBA, 0x36, 0x04, 0x23, 0x5A, 0x9B, 0x04, 0x23, 0x5A, 0x9B,
    0x05, 0x2D, 0x73, 0xE8, 0x2A, 0x8E, 0xDE, 0xE1, 0x22, 0x8D, 0xEC, 0xF7, 0x24, 0x93, 0xF7, 0xF9,
    0x24, 0x93, 0xF7, 0xF9, 0x1A, 0x8B, 0xF8, 0xFA, 0x16, 0x88, 0xF7, 0xFA, 0x11, 0x80, 0xF0, 0xFB,
    0x11, 0x80, 0xF0, 0xFB, 0x14, 0x84, 0xEF, 0xFB, 0x14, 0x70, 0xDF, 0xFB, 0x14, 0x5B, 0xC5, 0xFB,
    0x14, 0x5B, 0xC5, 0xFB, 0x11, 0x54, 0xB7, 0xFB, 0x0D, 0x59, 0xC3, 0xFB, 0x07, 0x54, 0xCA, 0xFB,
    0x07, 0x54, 0xCA, 0xFB, 0x14, 0x6B, 0xDB, 0xFB, 0x15, 0x71, 0xDE, 0xFC, 0x15, 0x77, 0xE6, 0xFC,
    0x15, 0x77, 0xE6, 0xFC, 0x0F, 0x78, 0xE6, 0xFC, 0x13, 0x86, 0xF5, 0xFB, 0x12, 0x82, 0xF3, 0xFC,
    0x12, 0x82, 0xF3, 0xFC, 0x13, 0x86, 0xF1, 0xFC, 0x21, 0x96, 0xF9, 0xFC, 0x2D, 0xA1, 0xFB, 0xFC,
    0x2D, 0xA1, 0xFB, 0xFC, 0x2E, 0x8E, 0xF4, 0xFC, 0x3E, 0x8D, 0xE6, 0xFD, 0x5D, 0x9D, 0xE8, 0xFD,
    0x5D, 0x9D, 0xE8, 0xFD, 0x81, 0xBE, 0xF8, 0xFD, 0x81, 0xBA, 0xF8, 0xFD, 0x7F, 0xB6, 0xF7, 0xFD,
    0x7F, 0xB6, 0xF7, 0xFD, 0x7D, 0xAC, 0xEF, 0xFD, 0x82, 0xB2, 0xF4, 0xFD, 0x85, 0xB0, 0xF4, 0xFD,
    0x85, 0xB0, 0xF4, 0xFD, 0x82, 0xAA, 0xF7, 0xFD, 0x73, 0xA0, 0xF4, 0xFD, 0x7C, 0xB5, 0xFB, 0xFC,
    0x7C, 0xB5, 0xFB, 0xFC, 0x5D, 0x82, 0xCE, 0xFC, 0x49, 0x74, 0xB4, 0xFC, 0x77, 0xBA, 0xF8, 0xFC,
    0x77, 0xBA, 0xF8, 0xFC, 0x70, 0xB1, 0xFC, 0xFC, 0x6B, 0xA8, 0xFB, 0xFC, 0x6B, 0xAC, 0xFC, 0xFB,
    0x6B, 0xAC, 0xFC, 0xFB, 0x5D, 0x94, 0xF5, 0xFB, 0x54, 0x8A, 0xF1, 0xFA, 0x4D, 0x85, 0xEF, 0xF9,
    0x49, 0x85, 0xE4, 0xF9, 0x49, 0x85, 0xE4, 0xF9, 0x26, 0x56, 0xA3, 0xF8, 0x1E, 0x44, 0x89, 0xF3,
    0x33, 0x5E, 0xA9, 0xCE, 0x33, 0x5E, 0xA9, 0xCE, 0x42, 0x80, 0xCF, 0x73, 0x3F, 0x84, 0xD6, 0x3A,
    0x40, 0x8B, 0xDC, 0x04, 0x40, 0x8B, 0xDC, 0x04, 0x3D, 0x86, 0xD8, 0x03, 0x3E, 0x86, 0xD9, 0x04,
    0x3F, 0x88, 0xD8, 0x02, 0x3F, 0x88, 0xD8, 0x02, 0x3F, 0x86, 0xD7, 0x01, 0x3D, 0x86, 0xD6, 0x01,
    0x3E, 0x86, 0xD6, 0x01, 0x3E, 0x86, 0xD6, 0x01, 0x3E, 0x87, 0xD6, 0x01, 0x3E, 0x87, 0xD5, 0x01,
    0x3E, 0x87, 0xD5, 0x01, 0x3E, 0x87, 0xD5, 0x01, 0x3F, 0x88, 0xD5, 0x01, 0x3F, 0x87, 0xD5, 0x01,
    0x3F, 0x88, 0xD5, 0x01, 0x3F, 0x88, 0xD5, 0x01, 0x3F, 0x88, 0xD4, 0x01, 0x00, 0x00, 0x00, 0x00,
    0x00, 0x00, 0x00, 0x00, 0x00, 0x00, 0x00, 0x00, 0x00, 0x00, 0x00, 0x00, 0x00, 0x00, 0x00, 0x00,
    0x00, 0x00, 0x00, 0x00, 0x00, 0x00, 0x00, 0x00, 0x00, 0x00, 0x00, 0x00, 0x00, 0x00, 0x00, 0x00,
    0x00, 0x00, 0x00, 0x00, 0x00, 0x00, 0x00, 0x00, 0x00, 0x00, 0x00, 0x00, 0x00, 0x00, 0x00, 0x00,
    0x00, 0x00, 0x00, 0x00, 0x00, 0x00, 0x00, 0x00, 0x00, 0x00, 0x00, 0x00, 0x00, 0x00, 0x00, 0x00,
    0x00, 0x00, 0x00, 0x00, 0x00, 0x00, 0x00, 0x00, 0x00, 0x00, 0x00, 0x00, 0x00, 0x00, 0x00, 0x00,
    0x00, 0x00, 0x00, 0x00, 0x00, 0x00, 0x00, 0x00, 0x00, 0x00, 0x00, 0x00, 0x00, 0x00, 0x00, 0x00,
    0x00, 0x00, 0x00, 0x00, 0x00, 0x00, 0x00, 0x00, 0x3F, 0x88, 0xD4, 0x01, 0x3F, 0x88, 0xD4, 0x01,
    0x3E, 0x87, 0xD5, 0x01, 0x3F, 0x88, 0xD5, 0x01, 0x3D, 0x87, 0xD5, 0x01, 0x3D, 0x87, 0xD5, 0x01,
    0x3D, 0x88, 0xD6, 0x01, 0x3D, 0x88, 0xD6, 0x01, 0x3E, 0x89, 0xD6, 0x01, 0x3E, 0x89, 0xD6, 0x01,
    0x3F, 0x89, 0xD7, 0x01, 0x40, 0x8B, 0xD8, 0x02, 0x3A, 0x8A, 0xD8, 0x03, 0x3A, 0x8A, 0xD8, 0x03,
    0x3A, 0x8E, 0xDD, 0x02, 0x33, 0x78, 0xBA, 0x36, 0x04, 0x23, 0x5A, 0x9B, 0x04, 0x23, 0x5A, 0x9B,
    0x05, 0x2D, 0x73, 0xE8, 0x2A, 0x8E, 0xDE, 0xE1, 0x22, 0x8D, 0xEC, 0xF7, 0x24, 0x93, 0xF7, 0xF9,
    0x24, 0x93, 0xF7, 0xF9, 0x1A, 0x8B, 0xF8, 0xFA, 0x16, 0x88, 0xF7, 0xFA, 0x11, 0x80, 0xF0, 0xFB,
    0x11, 0x80, 0xF0, 0xFB, 0x14, 0x84, 0xEF, 0xFB, 0x14, 0x70, 0xDF, 0xFB, 0x14, 0x5B, 0xC5, 0xFB,
    0x14, 0x5B, 0xC5, 0xFB, 0x11, 0x54, 0xB7, 0xFB, 0x0D, 0x59, 0xC3, 0xFB, 0x07, 0x54, 0xCA, 0xFB,
    0x07, 0x54, 0xCA, 0xFB, 0x14, 0x6B, 0xDB, 0xFB, 0x15, 0x71, 0xDE, 0xFC, 0x15, 0x77, 0xE6, 0xFC,
    0x15, 0x77, 0xE6, 0xFC, 0x0F, 0x78, 0xE6, 0xFC, 0x13, 0x86, 0xF5, 0xFB, 0x12, 0x82, 0xF3, 0xFC,
    0x12, 0x82, 0xF3, 0xFC, 0x13, 0x86, 0xF1, 0xFC, 0x21, 0x96, 0xF9, 0xFC, 0x2D, 0xA1, 0xFB, 0xFC,
    0x2D, 0xA1, 0xFB, 0xFC, 0x2E, 0x8E, 0xF4, 0xFC, 0x3E, 0x8D, 0xE6, 0xFD, 0x5D, 0x9D, 0xE8, 0xFD,
    0x5D, 0x9D, 0xE8, 0xFD, 0x81, 0xBE, 0xF8, 0xFD, 0x81, 0xBA, 0xF8, 0xFD, 0x7F, 0xB6, 0xF7, 0xFD,
    0x7F, 0xB6, 0xF7, 0xFD, 0x7D, 0xAC, 0xEF, 0xFD, 0x82, 0xB2, 0xF4, 0xFD, 0x85, 0xB0, 0xF4, 0xFD,
    0x85, 0xB0, 0xF4, 0xFD, 0x82, 0xAA, 0xF7, 0xFD, 0x73, 0xA0, 0xF4, 0xFD, 0x7C, 0xB5, 0xFB, 0xFC,
    0x7C, 0xB5, 0xFB, 0xFC, 0x5D, 0x82, 0xCE, 0xFC, 0x49, 0x74, 0xB4, 0xFC, 0x77, 0xBA, 0xF8, 0xFC,
    0x77, 0xBA, 0xF8, 0xFC, 0x70, 0xB1, 0xFC, 0xFC, 0x6B, 0xA8, 0xFB, 0xFC, 0x6B, 0xAC, 0xFC, 0xFB,
    0x6B, 0xAC, 0xFC, 0xFB, 0x5D, 0x94, 0xF5, 0xFB, 0x54, 0x8A, 0xF1, 0xFA, 0x4D, 0x85, 0xEF, 0xF9,
    0x49, 0x85, 0xE4, 0xF9, 0x49, 0x85, 0xE4, 0xF9, 0x26, 0x56, 0xA3, 0xF8, 0x1E, 0x44, 0x89, 0xF3,
    0x33, 0x5E, 0xA9, 0xCE, 0x33, 0x5E, 0xA9, 0xCE, 0x42, 0x80, 0xCF, 0x73, 0x3F, 0x84, 0xD6, 0x3A,
    0x40, 0x8B, 0xDC, 0x04, 0x40, 0x8B, 0xDC, 0x04, 0x3D, 0x86, 0xD8, 0x03, 0x3E, 0x86, 0xD9, 0x04,
    0x3F, 0x88, 0xD8, 0x02, 0x3F, 0x88, 0xD8, 0x02, 0x3F, 0x86, 0xD7, 0x01, 0x3D, 0x86, 0xD6, 0x01,
    0x3E, 0x86, 0xD6, 0x01, 0x3E, 0x86, 0xD6, 0x01, 0x3E, 0x87, 0xD6, 0x01, 0x3E, 0x87, 0xD5, 0x01,
    0x3E, 0x87, 0xD5, 0x01, 0x3E, 0x87, 0xD5, 0x01, 0x3F, 0x88, 0xD5, 0x01, 0x3F, 0x87, 0xD5, 0x01,
    0x3F, 0x88, 0xD5, 0x01, 0x3F, 0x88, 0xD5, 0x01, 0x3F, 0x88, 0xD4, 0x01, 0x00, 0x00, 0x00, 0x00,
    0x00, 0x00, 0x00, 0x00, 0x00, 0x00, 0x00, 0x00, 0x00, 0x00, 0x00, 0x00, 0x00, 0x00, 0x00, 0x00,
    0x00, 0x00, 0x00, 0x00, 0x00, 0x00, 0x00, 0x00, 0x00, 0x00, 0x00, 0x00, 0x00, 0x00, 0x00, 0x00,
    0x00, 0x00, 0x00, 0x00, 0x00, 0x00, 0x00, 0x00, 0x00, 0x00, 0x00, 0x00, 0x00, 0x00, 0x00, 0x00,
    0x00, 0x00, 0x00, 0x00, 0x00, 0x00, 0x00, 0x00, 0x00, 0x00, 0x00, 0x00, 0x00, 0x00, 0x00, 0x00,
    0x00, 0x00, 0x00, 0x00, 0x00, 0x00, 0x00, 0x00, 0x00, 0x00, 0x00, 0x00, 0x00, 0x00, 0x00, 0x00,
    0x00, 0x00, 0x00, 0x00, 0x00, 0x00, 0x00, 0x00, 0x00, 0x00, 0x00, 0x00, 0x00, 0x00, 0x00, 0x00,
    0x00, 0x00, 0x00, 0x00, 0x00, 0x00, 0x00, 0x00, 0x00, 0x00, 0x00, 0x00, 0x00, 0x00, 0x00, 0x00,
    0x3E, 0x87, 0xD6, 0x01, 0x3D, 0x87, 0xD6, 0x02, 0x3D, 0x88, 0xD6, 0x03, 0x3D, 0x88, 0xD6, 0x03,
    0x3D, 0x88, 0xD6, 0x03, 0x3C, 0x89, 0xD6, 0x03, 0x3C, 0x89, 0xD7, 0x03, 0x3C, 0x89, 0xD7, 0x03,
    0x3F, 0x8A, 0xD9, 0x03, 0x3A, 0x88, 0xD9, 0x03, 0x3A, 0x8A, 0xDC, 0x07, 0x3A, 0x8A, 0xDC, 0x07,
    0x30, 0x70, 0xB1, 0x50, 0x02, 0x18, 0x43, 0xC6, 0x09, 0x3A, 0x79, 0xF4, 0x09, 0x3A, 0x79, 0xF4,
    0x21, 0x81, 0xDD, 0xF3, 0x1F, 0x8F, 0xF5, 0xF6, 0x16, 0x86, 0xF3, 0xFA, 0x1B, 0x8D, 0xF7, 0xFA,
    0x1B, 0x8D, 0xF7, 0xFA, 0x1A, 0x8C, 0xF9, 0xFA, 0x19, 0x8D, 0xFA, 0xFB, 0x13, 0x83, 0xF3, 0xFB,
    0x13, 0x83, 0xF3, 0xFB, 0x13, 0x84, 0xF2, 0xFB, 0x10, 0x7D, 0xEC, 0xFB, 0x12, 0x80, 0xEE, 0xFB,
    0x12, 0x80, 0xEE, 0xFB, 0x13, 0x80, 0xEF, 0xFB, 0x11, 0x84, 0xF3, 0xFB, 0x0F, 0x81, 0xF3, 0xFB,
    0x0F, 0x81, 0xF3, 0xFB, 0x12, 0x87, 0xF8, 0xFB, 0x10, 0x87, 0xF6, 0xFC, 0x13, 0x8D, 0xF9, 0xFC,
    0x13, 0x8D, 0xF9, 0xFC, 0x13, 0x8B, 0xF4, 0xFC, 0x18, 0x92, 0xF6, 0xFC, 0x23, 0x9D, 0xFB, 0xFC,
    0x23, 0x9D, 0xFB, 0xFC, 0x2E, 0xA4, 0xFB, 0xFC, 0x31, 0xA5, 0xFB, 0xFC, 0x2C, 0x9E, 0xFB, 0xFC,
    0x2C, 0x9E, 0xFB, 0xFC, 0x2E, 0xA0, 0xFC, 0xFD, 0x2B, 0x91, 0xF3, 0xFD, 0x19, 0x60, 0xC6, 0xFD,
    0x19, 0x60, 0xC6, 0xFD, 0x1D, 0x56, 0xB2, 0xFD, 0x27, 0x51, 0xAB, 0xFD, 0x4C, 0x7C, 0xCE, 0xFD,
    0x4C, 0x7C, 0xCE, 0xFD, 0x73, 0xA9, 0xF2, 0xFD, 0x81, 0xB7, 0xF9, 0xFD, 0x7B, 0xA1, 0xEB, 0xFD,
    0x7B, 0xA1, 0xEB, 0xFD, 0x7D, 0xA5, 0xF5, 0xFD, 0x72, 0x9E, 0xF2, 0xFD, 0x69, 0x98, 0xF4, 0xFC,
    0x69, 0x98, 0xF4, 0xFC, 0x6D, 0x9E, 0xF7, 0xFC, 0x61, 0x9E, 0xE8, 0xFC, 0x44, 0x82, 0xC9, 0xFC,
    0x44, 0x82, 0xC9, 0xFC, 0x55, 0x93, 0xF0, 0xFC, 0x51, 0x92, 0xF6, 0xFC, 0x4A, 0x8E, 0xF2, 0xFB,
    0x4A, 0x8E, 0xF2, 0xFB, 0x47, 0x85, 0xEC, 0xFB, 0x45, 0x81, 0xEA, 0xFA, 0x46, 0x78, 0xDD, 0xF7,
    0x24, 0x4C, 0xA4, 0xF6, 0x24, 0x4C, 0xA4, 0xF6, 0x14, 0x3A, 0x84, 0xDC, 0x43, 0x81, 0xC5, 0x9F,
    0x49, 0x90, 0xDB, 0x4A, 0x49, 0x90, 0xDB, 0x4A, 0x42, 0x87, 0xD7, 0x0D, 0x3F, 0x82, 0xD4, 0x01,
    0x40, 0x87, 0xD8, 0x04, 0x40, 0x87, 0xD8, 0x04, 0x3F, 0x87, 0xD8, 0x03, 0x3F, 0x88, 0xD9, 0x01,
    0x3E, 0x87, 0xD8, 0x01, 0x3E, 0x87, 0xD8, 0x01, 0x3E, 0x86, 0xD7, 0x01, 0x3E, 0x87, 0xD6, 0x01,
    0x00, 0x00, 0x00, 0x00, 0x00, 0x00, 0x00, 0x00, 0x00, 0x00, 0x00, 0x00, 0x00, 0x00, 0x00, 0x00,
    0x00, 0x00, 0x00, 0x00, 0x00, 0x00, 0x00, 0x00, 0x00, 0x00, 0x00, 0x00, 0x00, 0x00, 0x00, 0x00,
    0x00, 0x00, 0x00, 0x00, 0x00, 0x00, 0x00, 0x00, 0x00, 0x00, 0x00, 0x00, 0x00, 0x00, 0x00, 0x00,
    0x00, 0x00, 0x00, 0x00, 0x00, 0x00, 0x00, 0x00, 0x00, 0x00, 0x00, 0x00, 0x00, 0x00, 0x00, 0x00,
    0x00, 0x00, 0x00, 0x00, 0x00, 0x00, 0x00, 0x00, 0x00, 0x00, 0x00, 0x00, 0x00, 0x00, 0x00, 0x00,
    0x00, 0x00, 0x00, 0x00, 0x00, 0x00, 0x00, 0x00, 0x00, 0x00, 0x00, 0x00, 0x00, 0x00, 0x00, 0x00,
    0x00, 0x00, 0x00, 0x00, 0x00, 0x00, 0x00, 0x00, 0x00, 0x00, 0x00, 0x00, 0x00, 0x00, 0x00, 0x00,
    0x00, 0x00, 0x00, 0x00, 0x00, 0x00, 0x00, 0x00, 0x00, 0x00, 0x00, 0x00, 0x00, 0x00, 0x00, 0x00,
    0x00, 0x00, 0x00, 0x00, 0x00, 0x00, 0x00, 0x00, 0x00, 0x00, 0x00, 0x00, 0x00, 0x00, 0x00, 0x00,
    0x00, 0x00, 0x00, 0x00, 0x40, 0x87, 0xD5, 0x01, 0x40, 0x88, 0xD6, 0x03, 0x40, 0x88, 0xD6, 0x03,
    0x3F, 0x87, 0xD7, 0x04, 0x3D, 0x89, 0xD7, 0x02, 0x3B, 0x88, 0xD5, 0x02, 0x3B, 0x88, 0xD5, 0x02,
    0x3B, 0x86, 0xD5, 0x02, 0x3B, 0x87, 0xD5, 0x04, 0x3B, 0x89, 0xD6, 0x04, 0x3B, 0x89, 0xD6, 0x04,
    0x39, 0x8A, 0xD7, 0x07, 0x38, 0x8A, 0xDA, 0x09, 0x33, 0x76, 0xBF, 0x60, 0x33, 0x76, 0xBF, 0x60,
    0x02, 0x13, 0x45, 0xC8, 0x09, 0x38, 0x78, 0xF8, 0x30, 0x9C, 0xF0, 0xF3, 0x30, 0x9C, 0xF0, 0xF3,
    0x1E, 0x8F, 0xF6, 0xF8, 0x17, 0x84, 0xF2, 0xFA, 0x1F, 0x8D, 0xF7, 0xFA, 0x21, 0x90, 0xFA, 0xFB,
    0x21, 0x90, 0xFA, 0xFB, 0x1C, 0x88, 0xF8, 0xFB, 0x19, 0x8B, 0xF9, 0xFB, 0x12, 0x83, 0xF3, 0xFC,
    0x12, 0x83, 0xF3, 0xFC, 0x11, 0x80, 0xF2, 0xFC, 0x10, 0x80, 0xF2, 0xFC, 0x11, 0x83, 0xF3, 0xFC,
    0x11, 0x83, 0xF3, 0xFC, 0x10, 0x7E, 0xEF, 0xFC, 0x12, 0x84, 0xF5, 0xFC, 0x13, 0x85, 0xF4, 0xFC,
    0x13, 0x85, 0xF4, 0xFC, 0x18, 0x8B, 0xF8, 0xFC, 0x16, 0x88, 0xF3, 0xFC, 0x1A, 0x8E, 0xF5, 0xFC,
    0x1A, 0x8E, 0xF5, 0xFC, 0x1F, 0x95, 0xF7, 0xFC, 0x22, 0x96, 0xF6, 0xFC, 0x2A, 0x9D, 0xF9, 0xFC,
    0x2A, 0x9D, 0xF9, 0xFC, 0x32, 0xA6, 0xFC, 0xFC, 0x2F, 0x9E, 0xF9, 0xFD, 0x2F, 0xA1, 0xFB, 0xFD,
    0x2F, 0xA1, 0xFB, 0xFD, 0x2E, 0xA3, 0xFD, 0xFD, 0x30, 0xA5, 0xFD, 0xFD, 0x35, 0x9E, 0xFA, 0xFD,
    0x35, 0x9E, 0xFA, 0xFD, 0x2A, 0x7B, 0xE2, 0xFD, 0x15, 0x4D, 0xB6, 0xFD, 0x21, 0x57, 0xB7, 0xFD,
    0x21, 0x57, 0xB7, 0xFD, 0x36, 0x61, 0xBE, 0xFD, 0x5E, 0x89, 0xDF, 0xFD, 0x75, 0x9E, 0xF0, 0xFD,
    0x75, 0x9E, 0xF0, 0xFD, 0x7C, 0xAE, 0xFC, 0xFD, 0x75, 0xA1, 0xF9, 0xFD, 0x6A, 0x91, 0xF4, 0xFC,
    0x6A, 0x91, 0xF4, 0xFC, 0x5B, 0x85, 0xEF, 0xFC, 0x50, 0x81, 0xDB, 0xFC, 0x0F, 0x23, 0x64, 0xFC,
    0x0F, 0x23, 0x64, 0xFC, 0x22, 0x46, 0x9A, 0xFB, 0x3F, 0x86, 0xEF, 0xFC, 0x31, 0x79, 0xE7, 0xFB,
    0x31, 0x79, 0xE7, 0xFB, 0x3A, 0x7C, 0xE7, 0xFB, 0x49, 0x8D, 0xEE, 0xF7, 0x2B, 0x54, 0xA6, 0xFB,
    0x13, 0x34, 0x7F, 0xEA, 0x13, 0x34, 0x7F, 0xEA, 0x39, 0x6F, 0xB7, 0x73, 0x44, 0x87, 0xD5, 0x1D,
    0x3C, 0x83, 0xD4, 0x07, 0x3C, 0x83, 0xD4, 0x07, 0x3D, 0x85, 0xD8, 0x08, 0x3F, 0x86, 0xD8, 0x06,
    0x3E, 0x85, 0xD7, 0x03, 0x3E, 0x85, 0xD7, 0x03, 0x3D, 0x86, 0xD7, 0x01, 0x3E, 0x87, 0xD8, 0x01,
    0x3E, 0x87, 0xD8, 0x01, 0x3E, 0x87, 0xD8, 0x01, 0x3E, 0x88, 0xD7, 0x01, 0x00, 0x00, 0x00, 0x00,
    0x00, 0x00, 0x00, 0x00, 0x00, 0x00, 0x00, 0x00, 0x00, 0x00, 0x00, 0x00, 0x00, 0x00, 0x00, 0x00,
    0x00, 0x00, 0x00, 0x00, 0x00, 0x00, 0x00, 0x00, 0x00, 0x00, 0x00, 0x00, 0x00, 0x00, 0x00, 0x00,
    0x00, 0x00, 0x00, 0x00, 0x00, 0x00, 0x00, 0x00, 0x00, 0x00, 0x00, 0x00, 0x00, 0x00, 0x00, 0x00,
    0x00, 0x00, 0x00, 0x00, 0x00, 0x00, 0x00, 0x00, 0x00, 0x00, 0x00, 0x00, 0x00, 0x00, 0x00, 0x00,
    0x00, 0x00, 0x00, 0x00, 0x00, 0x00, 0x00, 0x00, 0x00, 0x00, 0x00, 0x00, 0x00, 0x00, 0x00, 0x00,
    0x00, 0x00, 0x00, 0x00, 0x00, 0x00, 0x00, 0x00, 0x00, 0x00, 0x00, 0x00, 0x00, 0x00, 0x00, 0x00,
    0x00, 0x00, 0x00, 0x00, 0x00, 0x00, 0x00, 0x00, 0x00, 0x00, 0x00, 0x00, 0x00, 0x00, 0x00, 0x00,
    0x00, 0x00, 0x00, 0x00, 0x00, 0x00, 0x00, 0x00, 0x00, 0x00, 0x00, 0x00, 0x00, 0x00, 0x00, 0x00,
    0x00, 0x00, 0x00, 0x00, 0x00, 0x00, 0x00, 0x00, 0x00, 0x00, 0x00, 0x00, 0x00, 0x00, 0x00, 0x00,
    0x40, 0x88, 0xD5, 0x01, 0x3E, 0x86, 0xD4, 0x01, 0x3E, 0x87, 0xD5, 0x02, 0x3E, 0x87, 0xD5, 0x02,
    0x3C, 0x87, 0xD6, 0x04, 0x3A, 0x88, 0xD8, 0x12, 0x3D, 0x8E, 0xE0, 0x1F, 0x3D, 0x8E, 0xE0, 0x1F,
    0x41, 0x91, 0xE3, 0x1D, 0x3E, 0x8F, 0xDE, 0x22, 0x3C, 0x93, 0xE0, 0x22, 0x3C, 0x93, 0xE0, 0x22,
    0x38, 0x92, 0xE0, 0x29, 0x3D, 0x95, 0xDE, 0x4D, 0x12, 0x51, 0x8B, 0xCB, 0x12, 0x51, 0x8B, 0xCB,
    0x04, 0x2F, 0x71, 0xEF, 0x30, 0x90, 0xE3, 0xF5, 0x25, 0x99, 0xFA, 0xF7, 0x25, 0x99, 0xFA, 0xF7,
    0x1A, 0x8D, 0xF8, 0xF9, 0x1B, 0x8A, 0xF6, 0xFA, 0x22, 0x8D, 0xF7, 0xFB, 0x22, 0x90, 0xFA, 0xFB,
    0x22, 0x90, 0xFA, 0xFB, 0x21, 0x8F, 0xFA, 0xFB, 0x18, 0x87, 0xF6, 0xFC, 0x13, 0x85, 0xF4, 0xFC,
    0x13, 0x85, 0xF4, 0xFC, 0x14, 0x84, 0xF5, 0xFC, 0x18, 0x8B, 0xF9, 0xFC, 0x17, 0x89, 0xF8, 0xFC,
    0x17, 0x89, 0xF8, 0xFC, 0x15, 0x84, 0xF4, 0xFC, 0x16, 0x85, 0xF5, 0xFC, 0x17, 0x87, 0xF5, 0xFC,
    0x17, 0x87, 0xF5, 0xFC, 0x1D, 0x90, 0xF9, 0xFC, 0x20, 0x93, 0xF9, 0xFC, 0x22, 0x94, 0xF8, 0xFC,
    0x22, 0x94, 0xF8, 0xFC, 0x21, 0x95, 0xF7, 0xFC, 0x25, 0x9A, 0xF8, 0xFC, 0x2D, 0x9F, 0xFA, 0xFC,
    0x2D, 0x9F, 0xFA, 0xFC, 0x30, 0xA2, 0xFB, 0xFD, 0x31, 0xA4, 0xFC, 0xFD, 0x31, 0xA4, 0xFD, 0xFD,
    0x31, 0xA4, 0xFD, 0xFD, 0x2E, 0xA2, 0xFC, 0xFD, 0x2E, 0xA3, 0xFD, 0xFD, 0x31, 0xA6, 0xFD, 0xFD,
    0x31, 0xA6, 0xFD, 0xFD, 0x35, 0xAA, 0xFD, 0xFD, 0x33, 0x9C, 0xF9, 0xFD, 0x26, 0x7A, 0xE4, 0xFD,
    0x26, 0x7A, 0xE4, 0xFD, 0x12, 0x45, 0xB5, 0xFD, 0x21, 0x4D, 0xB5, 0xFD, 0x38, 0x5D, 0xBE, 0xFD,
    0x38, 0x5D, 0xBE, 0xFD, 0x4F, 0x73, 0xD3, 0xFD, 0x4B, 0x69, 0xD1, 0xFD, 0x4B, 0x70, 0xDF, 0xFC,
    0x4B, 0x70, 0xDF, 0xFC, 0x41, 0x6E, 0xE4, 0xFC, 0x47, 0x87, 0xEB, 0xFC, 0x1B, 0x3D, 0x84, 0xFC,
    0x1B, 0x3D, 0x84, 0xFC, 0x0D, 0x21, 0x5F, 0xFB, 0x42, 0x88, 0xDB, 0xFB, 0x39, 0x86, 0xE0, 0xFB,
    0x39, 0x86, 0xE0, 0xFB, 0x2C, 0x5F, 0xB8, 0xFB, 0x2B, 0x50, 0x96, 0xF4, 0x11, 0x26, 0x63, 0xF3,
    0x3C, 0x74, 0xB6, 0xA9, 0x3C, 0x74, 0xB6, 0xA9, 0x50, 0x98, 0xE1, 0x31, 0x39, 0x81, 0xD3, 0x2A,
    0x39, 0x80, 0xD1, 0x13, 0x39, 0x80, 0xD1, 0x13, 0x3C, 0x85, 0xD8, 0x06, 0x3B, 0x85, 0xD7, 0x05,
    0x3C, 0x85, 0xD6, 0x01, 0x3C, 0x85, 0xD6, 0x01, 0x3D, 0x87, 0xD6, 0x02, 0x3D, 0x87, 0xD7, 0x01,
    0x3D, 0x88, 0xD7, 0x01, 0x3D, 0x88, 0xD7, 0x01, 0x00, 0x00, 0x00, 0x00, 0x00, 0x00, 0x00, 0x00,
    0x00, 0x00, 0x00, 0x00, 0x00, 0x00, 0x00, 0x00, 0x00, 0x00, 0x00, 0x00, 0x00, 0x00, 0x00, 0x00,
    0x00, 0x00, 0x00, 0x00, 0x00, 0x00, 0x00, 0x00, 0x00, 0x00, 0x00, 0x00, 0x00, 0x00, 0x00, 0x00,
    0x00, 0x00, 0x00, 0x00, 0x00, 0x00, 0x00, 0x00, 0x00, 0x00, 0x00, 0x00, 0x00, 0x00, 0x00, 0x00,
    0x00, 0x00, 0x00, 0x00, 0x00, 0x00, 0x00, 0x00, 0x00, 0x00, 0x00, 0x00, 0x00, 0x00, 0x00, 0x00,
    0x00, 0x00, 0x00, 0x00, 0x00, 0x00, 0x00, 0x00, 0x00, 0x00, 0x00, 0x00, 0x00, 0x00, 0x00, 0x00,
    0x00, 0x00, 0x00, 0x00, 0x00, 0x00, 0x00, 0x00, 0x00, 0x00, 0x00, 0x00, 0x00, 0x00, 0x00, 0x00,
    0x00, 0x00, 0x00, 0x00, 0x00, 0x00, 0x00, 0x00, 0x00, 0x00, 0x00, 0x00, 0x00, 0x00, 0x00, 0x00,
    0x00, 0x00, 0x00, 0x00, 0x00, 0x00, 0x00, 0x00, 0x00, 0x00, 0x00, 0x00, 0x00, 0x00, 0x00, 0x00,
    0x00, 0x00, 0x00, 0x00, 0x00, 0x00, 0x00, 0x00, 0x00, 0x00, 0x00, 0x00, 0x00, 0x00, 0x00, 0x00,
    0x40, 0x88, 0xD5, 0x01, 0x3E, 0x86, 0xD4, 0x01, 0x3E, 0x87, 0xD5, 0x02, 0x3E, 0x87, 0xD5, 0x02,
    0x3C, 0x87, 0xD6, 0x04, 0x3A, 0x88, 0xD8, 0x12, 0x3D, 0x8E, 0xE0, 0x1F, 0x3D, 0x8E, 0xE0, 0x1F,
    0x41, 0x91, 0xE3, 0x1D, 0x3E, 0x8F, 0xDE, 0x22, 0x3C, 0x93, 0xE0, 0x22, 0x3C, 0x93, 0xE0, 0x22,
    0x38, 0x92, 0xE0, 0x29, 0x3D, 0x95, 0xDE, 0x4D, 0x12, 0x51, 0x8B, 0xCB, 0x12, 0x51, 0x8B, 0xCB,
    0x04, 0x2F, 0x71, 0xEF, 0x30, 0x90, 0xE3, 0xF5, 0x25, 0x99, 0xFA, 0xF7, 0x25, 0x99, 0xFA, 0xF7,
    0x1A, 0x8D, 0xF8, 0xF9, 0x1B, 0x8A, 0xF6, 0xFA, 0x22, 0x8D, 0xF7, 0xFB, 0x22, 0x90, 0xFA, 0xFB,
    0x22, 0x90, 0xFA, 0xFB, 0x21, 0x8F, 0xFA, 0xFB, 0x18, 0x87, 0xF6, 0xFC, 0x13, 0x85, 0xF4, 0xFC,
    0x13, 0x85, 0xF4, 0xFC, 0x14, 0x84, 0xF5, 0xFC, 0x18, 0x8B, 0xF9, 0xFC, 0x17, 0x89, 0xF8, 0xFC,
    0x17, 0x89, 0xF8, 0xFC, 0x15, 0x84, 0xF4, 0xFC, 0x16, 0x85, 0xF5, 0xFC, 0x17, 0x87, 0xF5, 0xFC,
    0x17, 0x87, 0xF5, 0xFC, 0x1D, 0x90, 0xF9, 0xFC, 0x20, 0x93, 0xF9, 0xFC, 0x22, 0x94, 0xF8, 0xFC,
    0x22, 0x94, 0xF8, 0xFC, 0x21, 0x95, 0xF7, 0xFC, 0x25, 0x9A, 0xF8, 0xFC, 0x2D, 0x9F, 0xFA, 0xFC,
    0x2D, 0x9F, 0xFA, 0xFC, 0x30, 0xA2, 0xFB, 0xFD, 0x31, 0xA4, 0xFC, 0xFD, 0x31, 0xA4, 0xFD, 0xFD,
    0x31, 0xA4, 0xFD, 0xFD, 0x2E, 0xA2, 0xFC, 0xFD, 0x2E, 0xA3, 0xFD, 0xFD, 0x31, 0xA6, 0xFD, 0xFD,
    0x31, 0xA6, 0xFD, 0xFD, 0x35, 0xAA, 0xFD, 0xFD, 0x33, 0x9C, 0xF9, 0xFD, 0x26, 0x7A, 0xE4, 0xFD,
    0x26, 0x7A, 0xE4, 0xFD, 0x12, 0x45, 0xB5, 0xFD, 0x21, 0x4D, 0xB5, 0xFD, 0x38, 0x5D, 0xBE, 0xFD,
    0x38, 0x5D, 0xBE, 0xFD, 0x4F, 0x73, 0xD3, 0xFD, 0x4B, 0x69, 0xD1, 0xFD, 0x4B, 0x70, 0xDF, 0xFC,
    0x4B, 0x70, 0xDF, 0xFC, 0x41, 0x6E, 0xE4, 0xFC, 0x47, 0x87, 0xEB, 0xFC, 0x1B, 0x3D, 0x84, 0xFC,
    0x1B, 0x3D, 0x84, 0xFC, 0x0D, 0x21, 0x5F, 0xFB, 0x42, 0x88, 0xDB, 0xFB, 0x39, 0x86, 0xE0, 0xFB,
    0x39, 0x86, 0xE0, 0xFB, 0x2C, 0x5F, 0xB8, 0xFB, 0x2B, 0x50, 0x96, 0xF4, 0x11, 0x26, 0x63, 0xF3,
    0x3C, 0x74, 0xB6, 0xA9, 0x3C, 0x74, 0xB6, 0xA9, 0x50, 0x98, 0xE1, 0x31, 0x39, 0x81, 0xD3, 0x2A,
    0x39, 0x80, 0xD1, 0x13, 0x39, 0x80, 0xD1, 0x13, 0x3C, 0x85, 0xD8, 0x06, 0x3B, 0x85, 0xD7, 0x05,
    0x3C, 0x85, 0xD6, 0x01, 0x3C, 0x85, 0xD6, 0x01, 0x3D, 0x87, 0xD6, 0x02, 0x3D, 0x87, 0xD7, 0x01,
    0x3D, 0x88, 0xD7, 0x01, 0x3D, 0x88, 0xD7, 0x01, 0x00, 0x00, 0x00, 0x00, 0x00, 0x00, 0x00, 0x00,
    0x00, 0x00, 0x00, 0x00, 0x00, 0x00, 0x00, 0x00, 0x00, 0x00, 0x00, 0x00, 0x00, 0x00, 0x00, 0x00,
    0x00, 0x00, 0x00, 0x00, 0x00, 0x00, 0x00, 0x00, 0x00, 0x00, 0x00, 0x00, 0x00, 0x00, 0x00, 0x00,
    0x00, 0x00, 0x00, 0x00, 0x00, 0x00, 0x00, 0x00, 0x00, 0x00, 0x00, 0x00, 0x00, 0x00, 0x00, 0x00,
    0x00, 0x00, 0x00, 0x00, 0x00, 0x00, 0x00, 0x00, 0x00, 0x00, 0x00, 0x00, 0x00, 0x00, 0x00, 0x00,
    0x00, 0x00, 0x00, 0x00, 0x00, 0x00, 0x00, 0x00, 0x00, 0x00, 0x00, 0x00, 0x00, 0x00, 0x00, 0x00,
    0x00, 0x00, 0x00, 0x00, 0x00, 0x00, 0x00, 0x00, 0x00, 0x00, 0x00, 0x00, 0x00, 0x00, 0x00, 0x00,
    0x00, 0x00, 0x00, 0x00, 0x00, 0x00, 0x00, 0x00, 0x00, 0x00, 0x00, 0x00, 0x00, 0x00, 0x00, 0x00,
    0x00, 0x00, 0x00, 0x00, 0x00, 0x00, 0x00, 0x00, 0x00, 0x00, 0x00, 0x00, 0x00, 0x00, 0x00, 0x00,
    0x00, 0x00, 0x00, 0x00, 0x00, 0x00, 0x00, 0x00, 0x3F, 0x86, 0xD2, 0x01, 0x3F, 0x86, 0xD2, 0x01,
    0x3C, 0x87, 0xD4, 0x04, 0x39, 0x86, 0xD6, 0x05, 0x39, 0x89, 0xDC, 0x15, 0x39, 0x89, 0xDC, 0x15,
    0x35, 0x85, 0xDA, 0x28, 0x30, 0x81, 0xD3, 0x75, 0x1C, 0x5F, 0xA4, 0xA1, 0x1C, 0x5F, 0xA4, 0xA1,
    0x1A, 0x50, 0x8B, 0xA8, 0x1C, 0x50, 0x88, 0xBC, 0x1E, 0x5C, 0x94, 0xB5, 0x1E, 0x5C, 0x94, 0xB5,
    0x20, 0x62, 0x9E, 0xC5, 0x18, 0x52, 0x8C, 0xD7, 0x04, 0x30, 0x6A, 0xF4, 0x04, 0x30, 0x6A, 0xF4,
    0x30, 0x96, 0xE6, 0xF6, 0x2D, 0x9F, 0xFA, 0xF9, 0x1B, 0x8C, 0xF8, 0xF9, 0x1B, 0x8C, 0xF8, 0xF9,
    0x1C, 0x8B, 0xF8, 0xFB, 0x1F, 0x90, 0xF9, 0xFB, 0x1F, 0x88, 0xF4, 0xFB, 0x24, 0x90, 0xF8, 0xFB,
    0x24, 0x90, 0xF8, 0xFB, 0x1F, 0x8D, 0xF8, 0xFC, 0x16, 0x83, 0xF2, 0xFC, 0x14, 0x84, 0xF3, 0xFC,
    0x14, 0x84, 0xF3, 0xFC, 0x1B, 0x8C, 0xF9, 0xFC, 0x1B, 0x89, 0xF6, 0xFC, 0x1D, 0x8E, 0xFA, 0xFC,
    0x1D, 0x8E, 0xFA, 0xFC, 0x1B, 0x87, 0xF5, 0xFC, 0x15, 0x80, 0xF0, 0xFC, 0x16, 0x83, 0xF1, 0xFC,
    0x16, 0x83, 0xF1, 0xFC, 0x1F, 0x8F, 0xF9, 0xFC, 0x25, 0x99, 0xFB, 0xFC, 0x25, 0x96, 0xFA, 0xFC,
    0x25, 0x96, 0xFA, 0xFC, 0x1F, 0x90, 0xF4, 0xFC, 0x22, 0x96, 0xF7, 0xFC, 0x2C, 0x9F, 0xFB, 0xFC,
    0x2C, 0x9F, 0xFB, 0xFC, 0x2C, 0x9E, 0xFA, 0xFD, 0x2C, 0xA0, 0xFB, 0xFD, 0x2F, 0xA2, 0xFD, 0xFD,
    0x2F, 0xA2, 0xFD, 0xFD, 0x32, 0xA3, 0xFE, 0xFD, 0x34, 0xA6, 0xFE, 0xFD, 0x34, 0xA4, 0xFD, 0xFD,
    0x34, 0xA4, 0xFD, 0xFD, 0x33, 0xA3, 0xFC, 0xFD, 0x35, 0xA6, 0xFC, 0xFD, 0x35, 0xA4, 0xFD, 0xFD,
    0x35, 0xA4, 0xFD, 0xFD, 0x32, 0x95, 0xF7, 0xFD, 0x2C, 0x79, 0xE5, 0xFD, 0x1F, 0x4D, 0xC2, 0xFD,
    0x1F, 0x4D, 0xC2, 0xFD, 0x23, 0x47, 0xB4, 0xFD, 0x1F, 0x3D, 0xAB, 0xFD, 0x29, 0x53, 0xC9, 0xFC,
    0x29, 0x53, 0xC9, 0xFC, 0x2A, 0x50, 0xD3, 0xFC, 0x15, 0x45, 0xBD, 0xFC, 0x16, 0x4A, 0xA6, 0xFC,
    0x16, 0x4A, 0xA6, 0xFC, 0x09, 0x21, 0x63, 0xFC, 0x17, 0x31, 0x6B, 0xFC, 0x13, 0x30, 0x6E, 0xFA,
    0x13, 0x30, 0x6E, 0xFA, 0x02, 0x0C, 0x45, 0xFB, 0x02, 0x0A, 0x3F, 0xF8, 0x03, 0x12, 0x4E, 0xFA,
    0x18, 0x43, 0x81, 0xD6, 0x18, 0x43, 0x81, 0xD6, 0x2F, 0x67, 0xAB, 0x81, 0x3D, 0x86, 0xD2, 0x27,
    0x3E, 0x88, 0xD7, 0x13, 0x3E, 0x88, 0xD7, 0x13, 0x3A, 0x83, 0xD6, 0x0B, 0x38, 0x83, 0xD4, 0x08,
    0x3B, 0x86, 0xD7, 0x02, 0x3B, 0x86, 0xD7, 0x02, 0x3C, 0x87, 0xD6, 0x02, 0x3C, 0x88, 0xD7, 0x01,
    0x3C, 0x88, 0xD8, 0x01, 0x3C, 0x88, 0xD8, 0x01, 0x00, 0x00, 0x00, 0x00, 0x00, 0x00, 0x00, 0x00,
    0x00, 0x00, 0x00, 0x00, 0x00, 0x00, 0x00, 0x00, 0x00, 0x00, 0x00, 0x00, 0x00, 0x00, 0x00, 0x00,
    0x00, 0x00, 0x00, 0x00, 0x00, 0x00, 0x00, 0x00, 0x00, 0x00, 0x00, 0x00, 0x00, 0x00, 0x00, 0x00,
    0x00, 0x00, 0x00, 0x00, 0x00, 0x00, 0x00, 0x00, 0x00, 0x00, 0x00, 0x00, 0x00, 0x00, 0x00, 0x00,
    0x00, 0x00, 0x00, 0x00, 0x00, 0x00, 0x00, 0x00, 0x00, 0x00, 0x00, 0x00, 0x00, 0x00, 0x00, 0x00,
    0x00, 0x00, 0x00, 0x00, 0x00, 0x00, 0x00, 0x00, 0x00, 0x00, 0x00, 0x00, 0x00, 0x00, 0x00, 0x00,
    0x00, 0x00, 0x00, 0x00, 0x00, 0x00, 0x00, 0x00, 0x00, 0x00, 0x00, 0x00, 0x00, 0x00, 0x00, 0x00,
    0x00, 0x00, 0x00, 0x00, 0x00, 0x00, 0x00, 0x00, 0x00, 0x00, 0x00, 0x00, 0x00, 0x00, 0x00, 0x00,
    0x00, 0x00, 0x00, 0x00, 0x3F, 0x86, 0xD1, 0x01, 0x00, 0x00, 0x00, 0x00, 0x00, 0x00, 0x00, 0x00,
    0x41, 0x87, 0xD2, 0x01, 0x41, 0x87, 0xD3, 0x01, 0x3A, 0x86, 0xD4, 0x02, 0x3A, 0x86, 0xD4, 0x02,
    0x3D, 0x8A, 0xD9, 0x03, 0x38, 0x84, 0xD0, 0x0B, 0x2E, 0x70, 0xB9, 0x75, 0x2E, 0x70, 0xB9, 0x75,
    0x27, 0x61, 0xA5, 0xAF, 0x19, 0x5A, 0x96, 0xDA, 0x05, 0x3D, 0x72, 0xF4, 0x05, 0x3D, 0x72, 0xF4,
    0x01, 0x22, 0x52, 0xF1, 0x01, 0x1C, 0x47, 0xF7, 0x01, 0x24, 0x4F, 0xF4, 0x01, 0x24, 0x4F, 0xF4,
    0x00, 0x19, 0x4B, 0xFB, 0x00, 0x16, 0x4D, 0xF9, 0x0B, 0x46, 0x94, 0xF8, 0x0B, 0x46, 0x94, 0xF8,
    0x2B, 0x97, 0xF4, 0xF8, 0x22, 0x96, 0xFA, 0xFA, 0x1F, 0x95, 0xFC, 0xFA, 0x1F, 0x95, 0xFC, 0xFA,
    0x1E, 0x8C, 0xF8, 0xFA, 0x1E, 0x8E, 0xF9, 0xFB, 0x20, 0x8C, 0xF6, 0xFB, 0x24, 0x93, 0xF9, 0xFB,
    0x24, 0x93, 0xF9, 0xFB, 0x1C, 0x8A, 0xF5, 0xFC, 0x16, 0x86, 0xF4, 0xFC, 0x17, 0x88, 0xF5, 0xFC,
    0x17, 0x88, 0xF5, 0xFC, 0x1F, 0x90, 0xFA, 0xFC, 0x1E, 0x8D, 0xF8, 0xFC, 0x21, 0x93, 0xFB, 0xFC,
    0x21, 0x93, 0xFB, 0xFC, 0x1B, 0x89, 0xF7, 0xFC, 0x14, 0x83, 0xF2, 0xFC, 0x15, 0x84, 0xF2, 0xFC,
    0x15, 0x84, 0xF2, 0xFC, 0x23, 0x94, 0xFB, 0xFC, 0x2A, 0x9D, 0xFC, 0xFC, 0x29, 0x9C, 0xFC, 0xFC,
    0x29, 0x9C, 0xFC, 0xFC, 0x1F, 0x95, 0xF8, 0xFC, 0x20, 0x96, 0xF7, 0xFC, 0x27, 0x9C, 0xFA, 0xFC,
    0x27, 0x9C, 0xFA, 0xFC, 0x29, 0xA0, 0xFB, 0xFD, 0x2C, 0xA1, 0xFB, 0xFD, 0x31, 0xA3, 0xFD, 0xFD,
    0x31, 0xA3, 0xFD, 0xFD, 0x33, 0xA4, 0xFE, 0xFD, 0x36, 0xA6, 0xFE, 0xFD, 0x37, 0xA6, 0xFD, 0xFD,
    0x37, 0xA6, 0xFD, 0xFD, 0x39, 0xA8, 0xFD, 0xFD, 0x37, 0xA5, 0xFC, 0xFD, 0x34, 0xA5, 0xFD, 0xFD,
    0x34, 0xA5, 0xFD, 0xFD, 0x35, 0xA9, 0xFE, 0xFD, 0x37, 0xA7, 0xFE, 0xFD, 0x37, 0x9E, 0xFD, 0xFD,
    0x37, 0x9E, 0xFD, 0xFD, 0x34, 0x97, 0xFA, 0xFD, 0x35, 0x93, 0xF4, 0xFD, 0x35, 0x7E, 0xF0, 0xFC,
    0x35, 0x7E, 0xF0, 0xFC, 0x1C, 0x48, 0xCA, 0xFC, 0x0A, 0x3A, 0xB6, 0xFC, 0x23, 0x79, 0xDF, 0xFC,
    0x23, 0x79, 0xDF, 0xFC, 0x25, 0x65, 0xC0, 0xFB, 0x03, 0x0F, 0x4F, 0xFB, 0x1B, 0x49, 0x96, 0xFB,
    0x1B, 0x49, 0x96, 0xFB, 0x1F, 0x73, 0xD3, 0xFA, 0x15, 0x6A, 0xD5, 0xF8, 0x13, 0x61, 0xC7, 0xF8,
    0x0C, 0x46, 0x9D, 0xFB, 0x0C, 0x46, 0x9D, 0xFB, 0x02, 0x16, 0x58, 0xEA, 0x19, 0x3E, 0x7D, 0xC2,
    0x33, 0x6B, 0xB5, 0x66, 0x33, 0x6B, 0xB5, 0x66, 0x3B, 0x88, 0xD7, 0x1C, 0x36, 0x87, 0xD8, 0x09,
    0x3A, 0x88, 0xD8, 0x04, 0x3A, 0x88, 0xD8, 0x04, 0x3C, 0x88, 0xD6, 0x01, 0x3C, 0x89, 0xD7, 0x01,
    0x00, 0x00, 0x00, 0x00, 0x00, 0x00, 0x00, 0x00, 0x00, 0x00, 0x00, 0x00, 0x00, 0x00, 0x00, 0x00,
    0x00, 0x00, 0x00, 0x00, 0x00, 0x00, 0x00, 0x00, 0x00, 0x00, 0x00, 0x00, 0x00, 0x00, 0x00, 0x00,
    0x00, 0x00, 0x00, 0x00, 0x00, 0x00, 0x00, 0x00, 0x00, 0x00, 0x00, 0x00, 0x00, 0x00, 0x00, 0x00,
    0x00, 0x00, 0x00, 0x00, 0x00, 0x00, 0x00, 0x00, 0x00, 0x00, 0x00, 0x00, 0x00, 0x00, 0x00, 0x00,
    0x00, 0x00, 0x00, 0x00, 0x00, 0x00, 0x00, 0x00, 0x00, 0x00, 0x00, 0x00, 0x00, 0x00, 0x00, 0x00,
    0x00, 0x00, 0x00, 0x00, 0x00, 0x00, 0x00, 0x00, 0x00, 0x00, 0x00, 0x00, 0x00, 0x00, 0x00, 0x00,
    0x00, 0x00, 0x00, 0x00, 0x00, 0x00, 0x00, 0x00, 0x00, 0x00, 0x00, 0x00, 0x00, 0x00, 0x00, 0x00,
    0x00, 0x00, 0x00, 0x00, 0x00, 0x00, 0x00, 0x00, 0x00, 0x00, 0x00, 0x00, 0x00, 0x00, 0x00, 0x00,
    0x00, 0x00, 0x00, 0x00, 0x3E, 0x86, 0xD1, 0x01, 0x00, 0x00, 0x00, 0x00, 0x00, 0x00, 0x00, 0x00,
    0x41, 0x87, 0xD2, 0x01, 0x3E, 0x85, 0xD3, 0x04, 0x40, 0x8B, 0xD6, 0x02, 0x40, 0x8B, 0xD6, 0x02,
    0x2C, 0x67, 0xAA, 0x32, 0x0F, 0x3C, 0x6F, 0x8C, 0x03, 0x1E, 0x48, 0xD6, 0x03, 0x1E, 0x48, 0xD6,
    0x00, 0x07, 0x24, 0xF8, 0x05, 0x30, 0x69, 0xF8, 0x39, 0xA0, 0xE9, 0xF8, 0x39, 0xA0, 0xE9, 0xF8,
    0x43, 0xB7, 0xFC, 0xF6, 0x3B, 0xA3, 0xF9, 0xF7, 0x3C, 0xA2, 0xF9, 0xF7, 0x3C, 0xA2, 0xF9, 0xF7,
    0x36, 0x96, 0xF5, 0xF8, 0x3C, 0x98, 0xF6, 0xF7, 0x3A, 0x9C, 0xFA, 0xF9, 0x3A, 0x9C, 0xFA, 0xF9,
    0x30, 0x9B, 0xFD, 0xFA, 0x22, 0x92, 0xFA, 0xFA, 0x1F, 0x94, 0xFC, 0xFB, 0x1F, 0x94, 0xFC, 0xFB,
    0x1A, 0x8A, 0xF7, 0xFB, 0x1A, 0x89, 0xF5, 0xFB, 0x22, 0x91, 0xF9, 0xFB, 0x24, 0x92, 0xF9, 0xFC,
    0x24, 0x92, 0xF9, 0xFC, 0x1A, 0x87, 0xF3, 0xFC, 0x18, 0x87, 0xF5, 0xFC, 0x1B, 0x8B, 0xF7, 0xFC,
    0x1B, 0x8B, 0xF7, 0xFC, 0x1F, 0x8E, 0xF8, 0xFC, 0x24, 0x95, 0xFC, 0xFC, 0x20, 0x8F, 0xFA, 0xFC,
    0x20, 0x8F, 0xFA, 0xFC, 0x1A, 0x89, 0xF6, 0xFC, 0x15, 0x85, 0xF4, 0xFC, 0x18, 0x88, 0xF6, 0xFC,
    0x18, 0x88, 0xF6, 0xFC, 0x24, 0x96, 0xFB, 0xFC, 0x2A, 0x9A, 0xFB, 0xFC, 0x2D, 0x9E, 0xFC, 0xFC,
    0x2D, 0x9E, 0xFC, 0xFC, 0x26, 0x99, 0xFB, 0xFC, 0x1A, 0x8C, 0xF1, 0xFC, 0x1F, 0x91, 0xF3, 0xFD,
    0x1F, 0x91, 0xF3, 0xFD, 0x2A, 0xA0, 0xFB, 0xFD, 0x30, 0xA4, 0xFC, 0xFD, 0x33, 0xA6, 0xFD, 0xFD,
    0x33, 0xA6, 0xFD, 0xFD, 0x34, 0xA6, 0xFE, 0xFD, 0x34, 0xA5, 0xFD, 0xFD, 0x36, 0xA6, 0xFD, 0xFD,
    0x36, 0xA6, 0xFD, 0xFD, 0x36, 0xA5, 0xFD, 0xFD, 0x38, 0xA6, 0xFD, 0xFD, 0x37, 0xA8, 0xFD, 0xFD,
    0x37, 0xA8, 0xFD, 0xFD, 0x34, 0xA5, 0xFD, 0xFD, 0x32, 0xA4, 0xFD, 0xFD, 0x32, 0xA2, 0xFD, 0xFD,
    0x32, 0xA2, 0xFD, 0xFD, 0x29, 0x97, 0xFA, 0xFD, 0x29, 0x9E, 0xFB, 0xFD, 0x2D, 0x93, 0xFA, 0xFC,
    0x2D, 0x93, 0xFA, 0xFC, 0x21, 0x71, 0xE9, 0xFC, 0x1F, 0x81, 0xF1, 0xFC, 0x24, 0x98, 0xFA, 0xFC,
    0x24, 0x98, 0xFA, 0xFC, 0x2F, 0x92, 0xF5, 0xFC, 0x06, 0x2C, 0x8B, 0xFC, 0x09, 0x39, 0x91, 0xFB,
    0x09, 0x39, 0x91, 0xFB, 0x20, 0x90, 0xF9, 0xFB, 0x12, 0x7F, 0xF8, 0xFA, 0x0F, 0x76, 0xF1, 0xF9,
    0x21, 0x8E, 0xF5, 0xF6, 0x21, 0x8E, 0xF5, 0xF6, 0x21, 0x6A, 0xCA, 0xF0, 0x05, 0x23, 0x6C, 0xF9,
    0x02, 0x11, 0x4D, 0xB5, 0x02, 0x11, 0x4D, 0xB5, 0x38, 0x7B, 0xC6, 0x6A, 0x37, 0x8A, 0xDD, 0x22,
    0x38, 0x87, 0xD8, 0x02, 0x38, 0x87, 0xD8, 0x02, 0x3A, 0x88, 0xD7, 0x04, 0x3D, 0x8B, 0xD8, 0x01,
    0x3D, 0x8A, 0xD7, 0x01, 0x3D, 0x8A, 0xD7, 0x01, 0x00, 0x00, 0x00, 0x00, 0x00, 0x00, 0x00, 0x00,
    0x00, 0x00, 0x00, 0x00, 0x00, 0x00, 0x00, 0x00, 0x00, 0x00, 0x00, 0x00, 0x00, 0x00, 0x00, 0x00,
    0x00, 0x00, 0x00, 0x00, 0x00, 0x00, 0x00, 0x00, 0x00, 0x00, 0x00, 0x00, 0x00, 0x00, 0x00, 0x00,
    0x00, 0x00, 0x00, 0x00, 0x00, 0x00, 0x00, 0x00, 0x00, 0x00, 0x00, 0x00, 0x00, 0x00, 0x00, 0x00,
    0x00, 0x00, 0x00, 0x00, 0x00, 0x00, 0x00, 0x00, 0x00, 0x00, 0x00, 0x00, 0x00, 0x00, 0x00, 0x00,
    0x00, 0x00, 0x00, 0x00, 0x00, 0x00, 0x00, 0x00, 0x00, 0x00, 0x00, 0x00, 0x00, 0x00, 0x00, 0x00,
    0x00, 0x00, 0x00, 0x00, 0x00, 0x00, 0x00, 0x00, 0x00, 0x00, 0x00, 0x00, 0x00, 0x00, 0x00, 0x00,
    0x00, 0x00, 0x00, 0x00, 0x00, 0x00, 0x00, 0x00, 0x00, 0x00, 0x00, 0x00, 0x00, 0x00, 0x00, 0x00,
    0x00, 0x00, 0x00, 0x00, 0x3E, 0x86, 0xD1, 0x01, 0x00, 0x00, 0x00, 0x00, 0x00, 0x00, 0x00, 0x00,
    0x41, 0x87, 0xD2, 0x01, 0x3E, 0x85, 0xD3, 0x04, 0x40, 0x8B, 0xD6, 0x02, 0x40, 0x8B, 0xD6, 0x02,
    0x2C, 0x67, 0xAA, 0x32, 0x0F, 0x3C, 0x6F, 0x8C, 0x03, 0x1E, 0x48, 0xD6, 0x03, 0x1E, 0x48, 0xD6,
    0x00, 0x07, 0x24, 0xF8, 0x05, 0x30, 0x69, 0xF8, 0x39, 0xA0, 0xE9, 0xF8, 0x39, 0xA0, 0xE9, 0xF8,
    0x43, 0xB7, 0xFC, 0xF6, 0x3B, 0xA3, 0xF9, 0xF7, 0x3C, 0xA2, 0xF9, 0xF7, 0x3C, 0xA2, 0xF9, 0xF7,
    0x36, 0x96, 0xF5, 0xF8, 0x3C, 0x98, 0xF6, 0xF7, 0x3A, 0x9C, 0xFA, 0xF9, 0x3A, 0x9C, 0xFA, 0xF9,
    0x30, 0x9B, 0xFD, 0xFA, 0x22, 0x92, 0xFA, 0xFA, 0x1F, 0x94, 0xFC, 0xFB, 0x1F, 0x94, 0xFC, 0xFB,
    0x1A, 0x8A, 0xF7, 0xFB, 0x1A, 0x89, 0xF5, 0xFB, 0x22, 0x91, 0xF9, 0xFB, 0x24, 0x92, 0xF9, 0xFC,
    0x24, 0x92, 0xF9, 0xFC, 0x1A, 0x87, 0xF3, 0xFC, 0x18, 0x87, 0xF5, 0xFC, 0x1B, 0x8B, 0xF7, 0xFC,
    0x1B, 0x8B, 0xF7, 0xFC, 0x1F, 0x8E, 0xF8, 0xFC, 0x24, 0x95, 0xFC, 0xFC, 0x20, 0x8F, 0xFA, 0xFC,
    0x20, 0x8F, 0xFA, 0xFC, 0x1A, 0x89, 0xF6, 0xFC, 0x15, 0x85, 0xF4, 0xFC, 0x18, 0x88, 0xF6, 0xFC,
    0x18, 0x88, 0xF6, 0xFC, 0x24, 0x96, 0xFB, 0xFC, 0x2A, 0x9A, 0xFB, 0xFC, 0x2D, 0x9E, 0xFC, 0xFC,
    0x2D, 0x9E, 0xFC, 0xFC, 0x26, 0x99, 0xFB, 0xFC, 0x1A, 0x8C, 0xF1, 0xFC, 0x1F, 0x91, 0xF3, 0xFD,
    0x1F, 0x91, 0xF3, 0xFD, 0x2A, 0xA0, 0xFB, 0xFD, 0x30, 0xA4, 0xFC, 0xFD, 0x33, 0xA6, 0xFD, 0xFD,
    0x33, 0xA6, 0xFD, 0xFD, 0x34, 0xA6, 0xFE, 0xFD, 0x34, 0xA5, 0xFD, 0xFD, 0x36, 0xA6, 0xFD, 0xFD,
    0x36, 0xA6, 0xFD, 0xFD, 0x36, 0xA5, 0xFD, 0xFD, 0x38, 0xA6, 0xFD, 0xFD, 0x37, 0xA8, 0xFD, 0xFD,
    0x37, 0xA8, 0xFD, 0xFD, 0x34, 0xA5, 0xFD, 0xFD, 0x32, 0xA4, 0xFD, 0xFD, 0x32, 0xA2, 0xFD, 0xFD,
    0x32, 0xA2, 0xFD, 0xFD, 0x29, 0x97, 0xFA, 0xFD, 0x29, 0x9E, 0xFB, 0xFD, 0x2D, 0x93, 0xFA, 0xFC,
    0x2D, 0x93, 0xFA, 0xFC, 0x21, 0x71, 0xE9, 0xFC, 0x1F, 0x81, 0xF1, 0xFC, 0x24, 0x98, 0xFA, 0xFC,
    0x24, 0x98, 0xFA, 0xFC, 0x2F, 0x92, 0xF5, 0xFC, 0x06, 0x2C, 0x8B, 0xFC, 0x09, 0x39, 0x91, 0xFB,
    0x09, 0x39, 0x91, 0xFB, 0x20, 0x90, 0xF9, 0xFB, 0x12, 0x7F, 0xF8, 0xFA, 0x0F, 0x76, 0xF1, 0xF9,
    0x21, 0x8E, 0xF5, 0xF6, 0x21, 0x8E, 0xF5, 0xF6, 0x21, 0x6A, 0xCA, 0xF0, 0x05, 0x23, 0x6C, 0xF9,
    0x02, 0x11, 0x4D, 0xB5, 0x02, 0x11, 0x4D, 0xB5, 0x38, 0x7B, 0xC6, 0x6A, 0x37, 0x8A, 0xDD, 0x22,
    0x38, 0x87, 0xD8, 0x02, 0x38, 0x87, 0xD8, 0x02, 0x3A, 0x88, 0xD7, 0x04, 0x3D, 0x8B, 0xD8, 0x01,
    0x3D, 0x8A, 0xD7, 0x01, 0x3D, 0x8A, 0xD7, 0x01, 0x00, 0x00, 0x00, 0x00, 0x00, 0x00, 0x00, 0x00,
    0x00, 0x00, 0x00, 0x00, 0x00, 0x00, 0x00, 0x00, 0x00, 0x00, 0x00, 0x00, 0x00, 0x00, 0x00, 0x00,
    0x00, 0x00, 0x00, 0x00, 0x00, 0x00, 0x00, 0x00, 0x00, 0x00, 0x00, 0x00, 0x00, 0x00, 0x00, 0x00,
    0x00, 0x00, 0x00, 0x00, 0x00, 0x00, 0x00, 0x00, 0x00, 0x00, 0x00, 0x00, 0x00, 0x00, 0x00, 0x00,
    0x00, 0x00, 0x00, 0x00, 0x00, 0x00, 0x00, 0x00, 0x00, 0x00, 0x00, 0x00, 0x00, 0x00, 0x00, 0x00,
    0x00, 0x00, 0x00, 0x00, 0x00, 0x00, 0x00, 0x00, 0x00, 0x00, 0x00, 0x00, 0x00, 0x00, 0x00, 0x00,
    0x00, 0x00, 0x00, 0x00, 0x00, 0x00, 0x00, 0x00, 0x00, 0x00, 0x00, 0x00, 0x00, 0x00, 0x00, 0x00,
    0x00, 0x00, 0x00, 0x00, 0x00, 0x00, 0x00, 0x00, 0x00, 0x00, 0x00, 0x00, 0x00, 0x00, 0x00, 0x00,
    0x00, 0x00, 0x00, 0x00, 0x3F, 0x86, 0xD2, 0x01, 0x41, 0x87, 0xD2, 0x01, 0x41, 0x87, 0xD2, 0x01,
    0x3F, 0x86, 0xD2, 0x02, 0x43, 0x8F, 0xDD, 0x05, 0x34, 0x71, 0xB2, 0x0A, 0x34, 0x71, 0xB2, 0x0A,
    0x01, 0x0D, 0x2F, 0xA6, 0x34, 0x73, 0xA1, 0xF8, 0x61, 0xC1, 0xEC, 0xF3, 0x61, 0xC1, 0xEC, 0xF3,
    0x53, 0xAD, 0xE6, 0xF7, 0x57, 0xB7, 0xF8, 0xF6, 0x43, 0xA9, 0xFB, 0xF8, 0x43, 0xA9, 0xFB, 0xF8,
    0x35, 0x9C, 0xFB, 0xF8, 0x2A, 0x8E, 0xF9, 0xF9, 0x28, 0x8D, 0xFA, 0xF9, 0x28, 0x8D, 0xFA, 0xF9,
    0x23, 0x89, 0xF7, 0xF9, 0x29, 0x94, 0xFB, 0xFA, 0x31, 0x9D, 0xFD, 0xFA, 0x31, 0x9D, 0xFD, 0xFA,
    0x30, 0x9F, 0xFE, 0xFA, 0x2C, 0x9D, 0xFE, 0xFA, 0x25, 0x98, 0xFD, 0xFB, 0x25, 0x98, 0xFD, 0xFB,
    0x19, 0x8B, 0xF6, 0xFB, 0x1B, 0x8C, 0xF6, 0xFB, 0x25, 0x96, 0xFC, 0xFB, 0x26, 0x96, 0xFC, 0xFC,
    0x26, 0x96, 0xFC, 0xFC, 0x1D, 0x8C, 0xF7, 0xFC, 0x18, 0x89, 0xF5, 0xFC, 0x1D, 0x90, 0xF8, 0xFC,
    0x1D, 0x90, 0xF8, 0xFC, 0x26, 0x97, 0xFC, 0xFC, 0x27, 0x9A, 0xFE, 0xFC, 0x21, 0x93, 0xFB, 0xFC,
    0x21, 0x93, 0xFB, 0xFC, 0x18, 0x87, 0xF5, 0xFC, 0x1A, 0x8B, 0xF9, 0xFC, 0x21, 0x93, 0xFC, 0xFC,
    0x21, 0x93, 0xFC, 0xFC, 0x27, 0x9C, 0xFD, 0xFC, 0x2B, 0x9B, 0xFB, 0xFC, 0x34, 0xA7, 0xFD, 0xFC,
    0x34, 0xA7, 0xFD, 0xFC, 0x2D, 0xA0, 0xFD, 0xFC, 0x1A, 0x8D, 0xF2, 0xFC, 0x20, 0x92, 0xF4, 0xFC,
    0x20, 0x92, 0xF4, 0xFC, 0x30, 0xA4, 0xFC, 0xFD, 0x33, 0xA7, 0xFD, 0xFD, 0x34, 0xA8, 0xFD, 0xFD,
    0x34, 0xA8, 0xFD, 0xFD, 0x33, 0xA6, 0xFD, 0xFD, 0x35, 0xA7, 0xFD, 0xFD, 0x35, 0xA6, 0xFD, 0xFD,
    0x35, 0xA6, 0xFD, 0xFD, 0x35, 0xA6, 0xFD, 0xFD, 0x37, 0xA6, 0xFD, 0xFD, 0x36, 0xA5, 0xFD, 0xFD,
    0x36, 0xA5, 0xFD, 0xFD, 0x37, 0xA6, 0xFD, 0xFD, 0x37, 0xA6, 0xFD, 0xFD, 0x34, 0xA3, 0xFD, 0xFD,
    0x34, 0xA3, 0xFD, 0xFD, 0x31, 0xA0, 0xFD, 0xFD, 0x2B, 0x9A, 0xFB, 0xFD, 0x26, 0x92, 0xF9, 0xFC,
    0x26, 0x92, 0xF9, 0xFC, 0x26, 0x8F, 0xFA, 0xFC, 0x20, 0x8F, 0xFA, 0xFC, 0x18, 0x87, 0xF6, 0xFC,
    0x18, 0x87, 0xF6, 0xFC, 0x21, 0x8D, 0xF8, 0xFC, 0x1E, 0x6B, 0xD1, 0xFC, 0x01, 0x1D, 0x6C, 0xFB,
    0x01, 0x1D, 0x6C, 0xFB, 0x19, 0x65, 0xCB, 0xFB, 0x14, 0x7E, 0xF4, 0xFA, 0x0E, 0x7B, 0xF2, 0xFB,
    0x18, 0x86, 0xF5, 0xF8, 0x18, 0x86, 0xF5, 0xF8, 0x1A, 0x7C, 0xEB, 0xF6, 0x20, 0x71, 0xD8, 0xF5,
    0x14, 0x48, 0x9A, 0xF2, 0x14, 0x48, 0x9A, 0xF2, 0x07, 0x2F, 0x7D, 0xEC, 0x1F, 0x65, 0xBC, 0xAC,
    0x36, 0x92, 0xE6, 0x10, 0x36, 0x92, 0xE6, 0x10, 0x34, 0x8A, 0xDD, 0x04, 0x3C, 0x8B, 0xDA, 0x01,
    0x3D, 0x8A, 0xD8, 0x01, 0x3D, 0x8A, 0xD8, 0x01, 0x00, 0x00, 0x00, 0x00, 0x00, 0x00, 0x00, 0x00,
    0x00, 0x00, 0x00, 0x00, 0x00, 0x00, 0x00, 0x00, 0x00, 0x00, 0x00, 0x00, 0x00, 0x00, 0x00, 0x00,
    0x00, 0x00, 0x00, 0x00, 0x00, 0x00, 0x00, 0x00, 0x00, 0x00, 0x00, 0x00, 0x00, 0x00, 0x00, 0x00,
    0x00, 0x00, 0x00, 0x00, 0x00, 0x00, 0x00, 0x00, 0x00, 0x00, 0x00, 0x00, 0x00, 0x00, 0x00, 0x00,
    0x00, 0x00, 0x00, 0x00, 0x00, 0x00, 0x00, 0x00, 0x00, 0x00, 0x00, 0x00, 0x00, 0x00, 0x00, 0x00,
    0x00, 0x00, 0x00, 0x00, 0x00, 0x00, 0x00, 0x00, 0x00, 0x00, 0x00, 0x00, 0x00, 0x00, 0x00, 0x00,
    0x00, 0x00, 0x00, 0x00, 0x00, 0x00, 0x00, 0x00, 0x00, 0x00, 0x00, 0x00, 0x00, 0x00, 0x00, 0x00,
    0x00, 0x00, 0x00, 0x00, 0x00, 0x00, 0x00, 0x00, 0x00, 0x00, 0x00, 0x00, 0x00, 0x00, 0x00, 0x00,
    0x00, 0x00, 0x00, 0x00, 0x3E, 0x86, 0xD3, 0x01, 0x3F, 0x85, 0xD2, 0x03, 0x3F, 0x85, 0xD2, 0x03,
    0x3F, 0x85, 0xCF, 0x02, 0x39, 0x80, 0xC5, 0x16, 0x2F, 0x6C, 0x9D, 0x71, 0x2F, 0x6C, 0x9D, 0x71,
    0x02, 0x15, 0x3B, 0xD3, 0x55, 0xA1, 0xDB, 0xF0, 0x5E, 0xC8, 0xFC, 0xF3, 0x5E, 0xC8, 0xFC, 0xF3,
    0x56, 0xB9, 0xFA, 0xF9, 0x57, 0xB0, 0xF9, 0xF8, 0x4F, 0xA0, 0xF8, 0xF9, 0x4F, 0xA0, 0xF8, 0xF9,
    0x42, 0x94, 0xF7, 0xFA, 0x36, 0x8E, 0xF9, 0xF9, 0x2D, 0x8A, 0xFA, 0xFA, 0x2D, 0x8A, 0xFA, 0xFA,
    0x1F, 0x7E, 0xF0, 0xFA, 0x2A, 0x8E, 0xF8, 0xFA, 0x36, 0xA0, 0xFE, 0xFA, 0x36, 0xA0, 0xFE, 0xFA,
    0x31, 0x9C, 0xFD, 0xFB, 0x33, 0xA5, 0xFE, 0xFB, 0x28, 0x99, 0xFD, 0xFB, 0x28, 0x99, 0xFD, 0xFB,
    0x1A, 0x8B, 0xF4, 0xFB, 0x1B, 0x8D, 0xF8, 0xFB, 0x25, 0x96, 0xFD, 0xFC, 0x24, 0x93, 0xFC, 0xFC,
    0x24, 0x93, 0xFC, 0xFC, 0x1E, 0x8F, 0xF9, 0xFC, 0x19, 0x89, 0xF5, 0xFC, 0x21, 0x92, 0xF8, 0xFC,
    0x21, 0x92, 0xF8, 0xFC, 0x2C, 0x9E, 0xFD, 0xFC, 0x29, 0x9A, 0xFD, 0xFC, 0x1F, 0x91, 0xF9, 0xFC,
    0x1F, 0x91, 0xF9, 0xFC, 0x14, 0x83, 0xF2, 0xFC, 0x1D, 0x8A, 0xF9, 0xFC, 0x28, 0x9A, 0xFE, 0xFC,
    0x28, 0x9A, 0xFE, 0xFC, 0x28, 0x9B, 0xFD, 0xFC, 0x2B, 0x9C, 0xFC, 0xFC, 0x31, 0xA3, 0xFE, 0xFC,
    0x31, 0xA3, 0xFE, 0xFC, 0x2E, 0xA3, 0xFE, 0xFC, 0x24, 0x9B, 0xFB, 0xFC, 0x2C, 0x9F, 0xFC, 0xFD,
    0x2C, 0x9F, 0xFC, 0xFD, 0x34, 0xA8, 0xFD, 0xFD, 0x33, 0xA6, 0xFD, 0xFD, 0x35, 0xA6, 0xFD, 0xFD,
    0x35, 0xA6, 0xFD, 0xFD, 0x35, 0xA6, 0xFD, 0xFD, 0x35, 0xA6, 0xFD, 0xFD, 0x35, 0xA6, 0xFE, 0xFD,
    0x35, 0xA6, 0xFE, 0xFD, 0x36, 0xA6, 0xFE, 0xFD, 0x37, 0xA5, 0xFD, 0xFD, 0x38, 0xA5, 0xFD, 0xFD,
    0x38, 0xA5, 0xFD, 0xFD, 0x37, 0xA5, 0xFD, 0xFD, 0x37, 0xA5, 0xFD, 0xFD, 0x37, 0xA4, 0xFE, 0xFD,
    0x37, 0xA4, 0xFE, 0xFD, 0x36, 0xA5, 0xFE, 0xFD, 0x30, 0x9C, 0xFD, 0xFD, 0x2A, 0x94, 0xFA, 0xFC,
    0x2A, 0x94, 0xFA, 0xFC, 0x25, 0x8D, 0xF9, 0xFC, 0x1F, 0x8D, 0xFA, 0xFC, 0x19, 0x86, 0xF6, 0xFC,
    0x19, 0x86, 0xF6, 0xFC, 0x1B, 0x8A, 0xFB, 0xFC, 0x1F, 0x7D, 0xEF, 0xFC, 0x03, 0x28, 0x80, 0xFB,
    0x03, 0x28, 0x80, 0xFB, 0x02, 0x2A, 0x88, 0xFB, 0x1E, 0x86, 0xF7, 0xFB, 0x19, 0x87, 0xF9, 0xFB,
    0x17, 0x82, 0xF1, 0xFA, 0x17, 0x82, 0xF1, 0xFA, 0x1B, 0x81, 0xF0, 0xF8, 0x22, 0x8D, 0xFA, 0xF7,
    0x1F, 0x7F, 0xEC, 0xF3, 0x1F, 0x7F, 0xEC, 0xF3, 0x0C, 0x51, 0xBB, 0xE6, 0x15, 0x5F, 0xB8, 0xE5,
    0x21, 0x66, 0xAF, 0x6D, 0x21, 0x66, 0xAF, 0x6D, 0x33, 0x80, 0xCE, 0x15, 0x38, 0x8B, 0xDE, 0x01,
    0x38, 0x89, 0xD8, 0x02, 0x38, 0x89, 0xD8, 0x02, 0x00, 0x00, 0x00, 0x00, 0x00, 0x00, 0x00, 0x00,
    0x00, 0x00, 0x00, 0x00, 0x00, 0x00, 0x00, 0x00, 0x00, 0x00, 0x00, 0x00, 0x00, 0x00, 0x00, 0x00,
    0x00, 0x00, 0x00, 0x00, 0x00, 0x00, 0x00, 0x00, 0x00, 0x00, 0x00, 0x00, 0x00, 0x00, 0x00, 0x00,
    0x00, 0x00, 0x00, 0x00, 0x00, 0x00, 0x00, 0x00, 0x00, 0x00, 0x00, 0x00, 0x00, 0x00, 0x00, 0x00,
    0x00, 0x00, 0x00, 0x00, 0x00, 0x00, 0x00, 0x00, 0x00, 0x00, 0x00, 0x00, 0x00, 0x00, 0x00, 0x00,
    0x00, 0x00, 0x00, 0x00, 0x00, 0x00, 0x00, 0x00, 0x00, 0x00, 0x00, 0x00, 0x00, 0x00, 0x00, 0x00,
    0x00, 0x00, 0x00, 0x00, 0x00, 0x00, 0x00, 0x00, 0x00, 0x00, 0x00, 0x00, 0x00, 0x00, 0x00, 0x00,
    0x00, 0x00, 0x00, 0x00, 0x00, 0x00, 0x00, 0x00, 0x00, 0x00, 0x00, 0x00, 0x00, 0x00, 0x00, 0x00,
    0x00, 0x00, 0x00, 0x00, 0x00, 0x00, 0x00, 0x00, 0x3D, 0x88, 0xD4, 0x04, 0x3D, 0x88, 0xD4, 0x04,
    0x3F, 0x80, 0xCC, 0x01, 0x07, 0x26, 0x60, 0x51, 0x24, 0x53, 0x7C, 0xE2, 0x24, 0x53, 0x7C, 0xE2,
    0x6B, 0xB3, 0xE0, 0xEC, 0x6C, 0xBA, 0xF4, 0xF8, 0x5E, 0xAC, 0xF8, 0xF8, 0x5E, 0xAC, 0xF8, 0xF8,
    0x5C, 0xA6, 0xF7, 0xF9, 0x5C, 0xA2, 0xF7, 0xF9, 0x56, 0x9E, 0xF8, 0xF9, 0x56, 0x9E, 0xF8, 0xF9,
    0x49, 0x95, 0xF9, 0xF9, 0x39, 0x8C, 0xF8, 0xFA, 0x2D, 0x89, 0xF6, 0xFA, 0x2D, 0x89, 0xF6, 0xFA,
    0x24, 0x83, 0xF0, 0xFA, 0x33, 0x9A, 0xFB, 0xFA, 0x38, 0xA4, 0xFE, 0xFA, 0x38, 0xA4, 0xFE, 0xFA,
    0x35, 0xA3, 0xFE, 0xFA, 0x30, 0xA1, 0xFE, 0xFB, 0x2B, 0x9E, 0xFD, 0xFB, 0x2B, 0x9E, 0xFD, 0xFB,
    0x20, 0x93, 0xF9, 0xFB, 0x20, 0x94, 0xFB, 0xFB, 0x25, 0x96, 0xFD, 0xFC, 0x24, 0x97, 0xFC, 0xFC,
    0x24, 0x97, 0xFC, 0xFC, 0x1C, 0x8F, 0xF9, 0xFC, 0x1D, 0x91, 0xF9, 0xFC, 0x25, 0x99, 0xFC, 0xFC,
    0x25, 0x99, 0xFC, 0xFC, 0x2F, 0xA4, 0xFE, 0xFC, 0x2A, 0x9E, 0xFE, 0xFC, 0x1D, 0x91, 0xF9, 0xFC,
    0x1D, 0x91, 0xF9, 0xFC, 0x13, 0x85, 0xF2, 0xFC, 0x1A, 0x8C, 0xF7, 0xFC, 0x25, 0x98, 0xFD, 0xFC,
    0x25, 0x98, 0xFD, 0xFC, 0x2A, 0x9F, 0xFE, 0xFC, 0x2C, 0xA1, 0xFE, 0xFC, 0x2E, 0xA2, 0xFE, 0xFC,
    0x2E, 0xA2, 0xFE, 0xFC, 0x2B, 0xA0, 0xFD, 0xFC, 0x2B, 0xA2, 0xFD, 0xFC, 0x30, 0xA5, 0xFD, 0xFD,
    0x30, 0xA5, 0xFD, 0xFD, 0x33, 0xA8, 0xFD, 0xFD, 0x35, 0xA7, 0xFD, 0xFD, 0x36, 0xA7, 0xFD, 0xFD,
    0x36, 0xA7, 0xFD, 0xFD, 0x35, 0xA6, 0xFD, 0xFD, 0x36, 0xA6, 0xFE, 0xFD, 0x36, 0xA6, 0xFD, 0xFD,
    0x36, 0xA6, 0xFD, 0xFD, 0x36, 0xA6, 0xFE, 0xFD, 0x37, 0xA6, 0xFD, 0xFD, 0x38, 0xA6, 0xFD, 0xFD,
    0x38, 0xA6, 0xFD, 0xFD, 0x38, 0xA5, 0xFD, 0xFD, 0x39, 0xA5, 0xFE, 0xFD, 0x3A, 0xA5, 0xFE, 0xFD,
    0x3A, 0xA5, 0xFE, 0xFD, 0x3A, 0xA4, 0xFE, 0xFD, 0x38, 0xA4, 0xFE, 0xFD, 0x32, 0x9D, 0xFD, 0xFC,
    0x32, 0x9D, 0xFD, 0xFC, 0x2A, 0x94, 0xFB, 0xFC, 0x22, 0x8F, 0xF9, 0xFC, 0x22, 0x93, 0xFC, 0xFC,
    0x22, 0x93, 0xFC, 0xFC, 0x1C, 0x8E, 0xFC, 0xFC, 0x12, 0x77, 0xEA, 0xFC, 0x13, 0x5C, 0xC5, 0xFC,
    0x13, 0x5C, 0xC5, 0xFC, 0x02, 0x32, 0x8D, 0xFB, 0x16, 0x71, 0xD8, 0xFB, 0x22, 0x93, 0xFB, 0xFB,
    0x26, 0x94, 0xF9, 0xF9, 0x26, 0x94, 0xF9, 0xF9, 0x28, 0x91, 0xF5, 0xFA, 0x26, 0x94, 0xFA, 0xF8,
    0x24, 0x96, 0xFD, 0xFA, 0x24, 0x96, 0xFD, 0xFA, 0x23, 0x97, 0xFD, 0xF7, 0x1A, 0x78, 0xD9, 0xF2,
    0x04, 0x23, 0x6D, 0xE8, 0x04, 0x23, 0x6D, 0xE8, 0x0C, 0x2D, 0x72, 0x88, 0x41, 0x96, 0xE2, 0x02,
    0x37, 0x88, 0xDA, 0x02, 0x37, 0x88, 0xDA, 0x02, 0x39, 0x89, 0xD7, 0x01, 0x00, 0x00, 0x00, 0x00,
    0x00, 0x00, 0x00, 0x00, 0x00, 0x00, 0x00, 0x00, 0x00, 0x00, 0x00, 0x00, 0x00, 0x00, 0x00, 0x00,
    0x00, 0x00, 0x00, 0x00, 0x00, 0x00, 0x00, 0x00, 0x00, 0x00, 0x00, 0x00, 0x00, 0x00, 0x00, 0x00,
    0x00, 0x00, 0x00, 0x00, 0x00, 0x00, 0x00, 0x00, 0x00, 0x00, 0x00, 0x00, 0x00, 0x00, 0x00, 0x00,
    0x00, 0x00, 0x00, 0x00, 0x00, 0x00, 0x00, 0x00, 0x00, 0x00, 0x00, 0x00, 0x00, 0x00, 0x00, 0x00,
    0x00, 0x00, 0x00, 0x00, 0x00, 0x00, 0x00, 0x00, 0x00, 0x00, 0x00, 0x00, 0x00, 0x00, 0x00, 0x00,
    0x00, 0x00, 0x00, 0x00, 0x00, 0x00, 0x00, 0x00, 0x00, 0x00, 0x00, 0x00, 0x00, 0x00, 0x00, 0x00,
    0x00, 0x00, 0x00, 0x00, 0x00, 0x00, 0x00, 0x00, 0x00, 0x00, 0x00, 0x00, 0x00, 0x00, 0x00, 0x00,
    0x00, 0x00, 0x00, 0x00, 0x00, 0x00, 0x00, 0x00, 0x3D, 0x88, 0xD4, 0x04, 0x3D, 0x88, 0xD4, 0x04,
    0x3F, 0x80, 0xCC, 0x01, 0x07, 0x26, 0x60, 0x51, 0x24, 0x53, 0x7C, 0xE2, 0x24, 0x53, 0x7C, 0xE2,
    0x6B, 0xB3, 0xE0, 0xEC, 0x6C, 0xBA, 0xF4, 0xF8, 0x5E, 0xAC, 0xF8, 0xF8, 0x5E, 0xAC, 0xF8, 0xF8,
    0x5C, 0xA6, 0xF7, 0xF9, 0x5C, 0xA2, 0xF7, 0xF9, 0x56, 0x9E, 0xF8, 0xF9, 0x56, 0x9E, 0xF8, 0xF9,
    0x49, 0x95, 0xF9, 0xF9, 0x39, 0x8C, 0xF8, 0xFA, 0x2D, 0x89, 0xF6, 0xFA, 0x2D, 0x89, 0xF6, 0xFA,
    0x24, 0x83, 0xF0, 0xFA, 0x33, 0x9A, 0xFB, 0xFA, 0x38, 0xA4, 0xFE, 0xFA, 0x38, 0xA4, 0xFE, 0xFA,
    0x35, 0xA3, 0xFE, 0xFA, 0x30, 0xA1, 0xFE, 0xFB, 0x2B, 0x9E, 0xFD, 0xFB, 0x2B, 0x9E, 0xFD, 0xFB,
    0x20, 0x93, 0xF9, 0xFB, 0x20, 0x94, 0xFB, 0xFB, 0x25, 0x96, 0xFD, 0xFC, 0x24, 0x97, 0xFC, 0xFC,
    0x24, 0x97, 0xFC, 0xFC, 0x1C, 0x8F, 0xF9, 0xFC, 0x1D, 0x91, 0xF9, 0xFC, 0x25, 0x99, 0xFC, 0xFC,
    0x25, 0x99, 0xFC, 0xFC, 0x2F, 0xA4, 0xFE, 0xFC, 0x2A, 0x9E, 0xFE, 0xFC, 0x1D, 0x91, 0xF9, 0xFC,
    0x1D, 0x91, 0xF9, 0xFC, 0x13, 0x85, 0xF2, 0xFC, 0x1A, 0x8C, 0xF7, 0xFC, 0x25, 0x98, 0xFD, 0xFC,
    0x25, 0x98, 0xFD, 0xFC, 0x2A, 0x9F, 0xFE, 0xFC, 0x2C, 0xA1, 0xFE, 0xFC, 0x2E, 0xA2, 0xFE, 0xFC,
    0x2E, 0xA2, 0xFE, 0xFC, 0x2B, 0xA0, 0xFD, 0xFC, 0x2B, 0xA2, 0xFD, 0xFC, 0x30, 0xA5, 0xFD, 0xFD,
    0x30, 0xA5, 0xFD, 0xFD, 0x33, 0xA8, 0xFD, 0xFD, 0x35, 0xA7, 0xFD, 0xFD, 0x36, 0xA7, 0xFD, 0xFD,
    0x36, 0xA7, 0xFD, 0xFD, 0x35, 0xA6, 0xFD, 0xFD, 0x36, 0xA6, 0xFE, 0xFD, 0x36, 0xA6, 0xFD, 0xFD,
    0x36, 0xA6, 0xFD, 0xFD, 0x36, 0xA6, 0xFE, 0xFD, 0x37, 0xA6, 0xFD, 0xFD, 0x38, 0xA6, 0xFD, 0xFD,
    0x38, 0xA6, 0xFD, 0xFD, 0x38, 0xA5, 0xFD, 0xFD, 0x39, 0xA5, 0xFE, 0xFD, 0x3A, 0xA5, 0xFE, 0xFD,
    0x3A, 0xA5, 0xFE, 0xFD, 0x3A, 0xA4, 0xFE, 0xFD, 0x38, 0xA4, 0xFE, 0xFD, 0x32, 0x9D, 0xFD, 0xFC,
    0x32, 0x9D, 0xFD, 0xFC, 0x2A, 0x94, 0xFB, 0xFC, 0x22, 0x8F, 0xF9, 0xFC, 0x22, 0x93, 0xFC, 0xFC,
    0x22, 0x93, 0xFC, 0xFC, 0x1C, 0x8E, 0xFC, 0xFC, 0x12, 0x77, 0xEA, 0xFC, 0x13, 0x5C, 0xC5, 0xFC,
    0x13, 0x5C, 0xC5, 0xFC, 0x02, 0x32, 0x8D, 0xFB, 0x16, 0x71, 0xD8, 0xFB, 0x22, 0x93, 0xFB, 0xFB,
    0x26, 0x94, 0xF9, 0xF9, 0x26, 0x94, 0xF9, 0xF9, 0x28, 0x91, 0xF5, 0xFA, 0x26, 0x94, 0xFA, 0xF8,
    0x24, 0x96, 0xFD, 0xFA, 0x24, 0x96, 0xFD, 0xFA, 0x23, 0x97, 0xFD, 0xF7, 0x1A, 0x78, 0xD9, 0xF2,
    0x04, 0x23, 0x6D, 0xE8, 0x04, 0x23, 0x6D, 0xE8, 0x0C, 0x2D, 0x72, 0x88, 0x41, 0x96, 0xE2, 0x02,
    0x37, 0x88, 0xDA, 0x02, 0x37, 0x88, 0xDA, 0x02, 0x39, 0x89, 0xD7, 0x01, 0x00, 0x00, 0x00, 0x00,
    0x00, 0x00, 0x00, 0x00, 0x00, 0x00, 0x00, 0x00, 0x00, 0x00, 0x00, 0x00, 0x00, 0x00, 0x00, 0x00,
    0x00, 0x00, 0x00, 0x00, 0x00, 0x00, 0x00, 0x00, 0x00, 0x00, 0x00, 0x00, 0x00, 0x00, 0x00, 0x00,
    0x00, 0x00, 0x00, 0x00, 0x00, 0x00, 0x00, 0x00, 0x00, 0x00, 0x00, 0x00, 0x00, 0x00, 0x00, 0x00,
    0x00, 0x00, 0x00, 0x00, 0x00, 0x00, 0x00, 0x00, 0x00, 0x00, 0x00, 0x00, 0x00, 0x00, 0x00, 0x00,
    0x00, 0x00, 0x00, 0x00, 0x00, 0x00, 0x00, 0x00, 0x00, 0x00, 0x00, 0x00, 0x00, 0x00, 0x00, 0x00,
    0x00, 0x00, 0x00, 0x00, 0x00, 0x00, 0x00, 0x00, 0x00, 0x00, 0x00, 0x00, 0x00, 0x00, 0x00, 0x00,
    0x00, 0x00, 0x00, 0x00, 0x00, 0x00, 0x00, 0x00, 0x00, 0x00, 0x00, 0x00, 0x00, 0x00, 0x00, 0x00,
    0x00, 0x00, 0x00, 0x00, 0x3D, 0x86, 0xD2, 0x01, 0x3B, 0x86, 0xD2, 0x07, 0x3B, 0x86, 0xD2, 0x07,
    0x00, 0x00, 0x00, 0x00, 0x02, 0x0F, 0x31, 0x66, 0x26, 0x46, 0x74, 0xEB, 0x26, 0x46, 0x74, 0xEB,
    0x8C, 0xCB, 0xFB, 0xF0, 0x6B, 0xAA, 0xF6, 0xF8, 0x6C, 0xA8, 0xFA, 0xF8, 0x6C, 0xA8, 0xFA, 0xF8,
    0x6C, 0xA7, 0xFD, 0xF9, 0x69, 0xA4, 0xFC, 0xF9, 0x58, 0x95, 0xFA, 0xFA, 0x58, 0x95, 0xFA, 0xFA,
    0x48, 0x90, 0xFB, 0xFA, 0x34, 0x82, 0xF0, 0xFA, 0x28, 0x7F, 0xEB, 0xFA, 0x28, 0x7F, 0xEB, 0xFA,
    0x35, 0x98, 0xFA, 0xFB, 0x3F, 0xA4, 0xFE, 0xFB, 0x38, 0xA1, 0xFD, 0xFB, 0x38, 0xA1, 0xFD, 0xFB,
    0x36, 0xA5, 0xFF, 0xFB, 0x2F, 0x9D, 0xFD, 0xFB, 0x2F, 0xA0, 0xFE, 0xFC, 0x2F, 0xA0, 0xFE, 0xFC,
    0x24, 0x96, 0xFB, 0xFB, 0x20, 0x91, 0xFA, 0xFC, 0x26, 0x97, 0xFC, 0xFC, 0x24, 0x98, 0xFC, 0xFC,
    0x24, 0x98, 0xFC, 0xFC, 0x1B, 0x8D, 0xF6, 0xFC, 0x1F, 0x93, 0xF9, 0xFC, 0x2B, 0xA0, 0xFE, 0xFC,
    0x2B, 0xA0, 0xFE, 0xFC, 0x2D, 0x9E, 0xFD, 0xFC, 0x2D, 0xA2, 0xFE, 0xFC, 0x20, 0x95, 0xFB, 0xFC,
    0x20, 0x95, 0xFB, 0xFC, 0x13, 0x84, 0xF2, 0xFC, 0x19, 0x8C, 0xF4, 0xFC, 0x24, 0x96, 0xFB, 0xFC,
    0x24, 0x96, 0xFB, 0xFC, 0x2D, 0xA0, 0xFE, 0xFC, 0x2E, 0xA0, 0xFE, 0xFC, 0x2F, 0xA2, 0xFD, 0xFC,
    0x2F, 0xA2, 0xFD, 0xFC, 0x2D, 0x9F, 0xFC, 0xFC, 0x30, 0xA2, 0xFC, 0xFC, 0x34, 0xA5, 0xFD, 0xFC,
    0x34, 0xA5, 0xFD, 0xFC, 0x35, 0xA6, 0xFD, 0xFC, 0x36, 0xA6, 0xFD, 0xFD, 0x37, 0xA8, 0xFE, 0xFD,
    0x37, 0xA8, 0xFE, 0xFD, 0x36, 0xA6, 0xFD, 0xFD, 0x36, 0xA6, 0xFE, 0xFD, 0x36, 0xA6, 0xFE, 0xFD,
    0x36, 0xA6, 0xFE, 0xFD, 0x37, 0xA6, 0xFE, 0xFD, 0x37, 0xA6, 0xFE, 0xFD, 0x38, 0xA6, 0xFD, 0xFD,
    0x38, 0xA6, 0xFD, 0xFD, 0x39, 0xA6, 0xFD, 0xFD, 0x39, 0xA6, 0xFE, 0xFD, 0x3B, 0xA7, 0xFE, 0xFD,
    0x3B, 0xA7, 0xFE, 0xFD, 0x3B, 0xA5, 0xFE, 0xFD, 0x3B, 0xA7, 0xFE, 0xFD, 0x39, 0xA3, 0xFE, 0xFC,
    0x39, 0xA3, 0xFE, 0xFC, 0x31, 0x9A, 0xFC, 0xFC, 0x28, 0x93, 0xF8, 0xFC, 0x27, 0x96, 0xFA, 0xFC,
    0x27, 0x96, 0xFA, 0xFC, 0x20, 0x89, 0xF7, 0xFC, 0x13, 0x76, 0xE8, 0xFC, 0x1E, 0x83, 0xEF, 0xFC,
    0x1E, 0x83, 0xEF, 0xFC, 0x0B, 0x54, 0xB5, 0xFC, 0x03, 0x30, 0x8E, 0xFB, 0x2B, 0x8A, 0xF3, 0xFB,
    0x29, 0x92, 0xF8, 0xFB, 0x29, 0x92, 0xF8, 0xFB, 0x29, 0x92, 0xF4, 0xFA, 0x30, 0x9C, 0xFB, 0xF9,
    0x29, 0x92, 0xF6, 0xFA, 0x29, 0x92, 0xF6, 0xFA, 0x24, 0x91, 0xF8, 0xF8, 0x24, 0x90, 0xF6, 0xF4,
    0x1A, 0x5E, 0xC1, 0xF9, 0x1A, 0x5E, 0xC1, 0xF9, 0x06, 0x2D, 0x76, 0xE2, 0x17, 0x4D, 0x8F, 0x8B,
    0x3D, 0x8C, 0xDD, 0x0E, 0x3D, 0x8C, 0xDD, 0x0E, 0x35, 0x86, 0xD8, 0x02, 0x34, 0x86, 0xD4, 0x02,
    0x00, 0x00, 0x00, 0x00, 0x00, 0x00, 0x00, 0x00, 0x00, 0x00, 0x00, 0x00, 0x00, 0x00, 0x00, 0x00,
    0x35, 0x83, 0xD2, 0x01, 0x35, 0x83, 0xD2, 0x01, 0x00, 0x00, 0x00, 0x00, 0x00, 0x00, 0x00, 0x00,
    0x00, 0x00, 0x00, 0x00, 0x00, 0x00, 0x00, 0x00, 0x00, 0x00, 0x00, 0x00, 0x00, 0x00, 0x00, 0x00,
    0x00, 0x00, 0x00, 0x00, 0x00, 0x00, 0x00, 0x00, 0x00, 0x00, 0x00, 0x00, 0x00, 0x00, 0x00, 0x00,
    0x00, 0x00, 0x00, 0x00, 0x00, 0x00, 0x00, 0x00, 0x00, 0x00, 0x00, 0x00, 0x00, 0x00, 0x00, 0x00,
    0x00, 0x00, 0x00, 0x00, 0x00, 0x00, 0x00, 0x00, 0x00, 0x00, 0x00, 0x00, 0x00, 0x00, 0x00, 0x00,
    0x00, 0x00, 0x00, 0x00, 0x00, 0x00, 0x00, 0x00, 0x00, 0x00, 0x00, 0x00, 0x00, 0x00, 0x00, 0x00,
    0x00, 0x00, 0x00, 0x00, 0x3D, 0x86, 0xD2, 0x01, 0x3D, 0x87, 0xD3, 0x05, 0x3D, 0x87, 0xD3, 0x05,
    0x3D, 0x7A, 0xC2, 0x01, 0x02, 0x0E, 0x28, 0x80, 0x58, 0x7F, 0xAB, 0xF0, 0x58, 0x7F, 0xAB, 0xF0,
    0x9D, 0xD2, 0xFD, 0xF0, 0x77, 0xA5, 0xF5, 0xF8, 0x7B, 0xA8, 0xFB, 0xF8, 0x7B, 0xA8, 0xFB, 0xF8,
    0x83, 0xB2, 0xFE, 0xF9, 0x73, 0x9C, 0xFC, 0xF9, 0x5F, 0x8A, 0xF6, 0xFA, 0x5F, 0x8A, 0xF6, 0xFA,
    0x4C, 0x8C, 0xF9, 0xFA, 0x2F, 0x81, 0xEE, 0xFA, 0x32, 0x8D, 0xF3, 0xFA, 0x32, 0x8D, 0xF3, 0xFA,
    0x40, 0xA4, 0xFE, 0xFB, 0x3F, 0xA7, 0xFF, 0xFA, 0x39, 0xA3, 0xFE, 0xFB, 0x39, 0xA3, 0xFE, 0xFB,
    0x36, 0xA5, 0xFF, 0xFB, 0x33, 0xA3, 0xFE, 0xFB, 0x2E, 0xA0, 0xFE, 0xFB, 0x2E, 0xA0, 0xFE, 0xFB,
    0x23, 0x96, 0xFA, 0xFB, 0x24, 0x99, 0xFC, 0xFC, 0x29, 0x9C, 0xFE, 0xFC, 0x27, 0x9B, 0xFE, 0xFC,
    0x27, 0x9B, 0xFE, 0xFC, 0x21, 0x95, 0xFC, 0xFC, 0x23, 0x97, 0xFC, 0xFC, 0x2C, 0xA2, 0xFE, 0xFC,
    0x2C, 0xA2, 0xFE, 0xFC, 0x30, 0xA3, 0xFE, 0xFC, 0x2F, 0xA3, 0xFE, 0xFC, 0x24, 0x99, 0xFC, 0xFC,
    0x24, 0x99, 0xFC, 0xFC, 0x1A, 0x8C, 0xF7, 0xFC, 0x20, 0x93, 0xF9, 0xFC, 0x2B, 0x9E, 0xFC, 0xFC,
    0x2B, 0x9E, 0xFC, 0xFC, 0x30, 0xA3, 0xFE, 0xFC, 0x32, 0xA3, 0xFE, 0xFC, 0x32, 0xA4, 0xFD, 0xFC,
    0x32, 0xA4, 0xFD, 0xFC, 0x31, 0xA3, 0xFD, 0xFC, 0x34, 0xA5, 0xFD, 0xFC, 0x36, 0xA7, 0xFD, 0xFC,
    0x36, 0xA7, 0xFD, 0xFC, 0x37, 0xA8, 0xFD, 0xFC, 0x37, 0xA8, 0xFE, 0xFD, 0x38, 0xA8, 0xFE, 0xFD,
    0x38, 0xA8, 0xFE, 0xFD, 0x37, 0xA7, 0xFE, 0xFD, 0x37, 0xA7, 0xFD, 0xFD, 0x37, 0xA6, 0xFD, 0xFD,
    0x37, 0xA6, 0xFD, 0xFD, 0x37, 0xA7, 0xFD, 0xFD, 0x38, 0xA7, 0xFE, 0xFD, 0x39, 0xA7, 0xFE, 0xFD,
    0x39, 0xA7, 0xFE, 0xFD, 0x39, 0xA7, 0xFE, 0xFD, 0x3A, 0xA7, 0xFE, 0xFD, 0x3B, 0xA7, 0xFE, 0xFD,
    0x3B, 0xA7, 0xFE, 0xFD, 0x3D, 0xA8, 0xFE, 0xFD, 0x3E, 0xA9, 0xFE, 0xFD, 0x3D, 0xA9, 0xFE, 0xFC,
    0x3D, 0xA9, 0xFE, 0xFC, 0x38, 0xA2, 0xFD, 0xFC, 0x2E, 0x9B, 0xFB, 0xFC, 0x29, 0x95, 0xF8, 0xFC,
    0x29, 0x95, 0xF8, 0xFC, 0x23, 0x8C, 0xF7, 0xFC, 0x1B, 0x86, 0xF3, 0xFC, 0x23, 0x97, 0xFF, 0xFC,
    0x23, 0x97, 0xFF, 0xFC, 0x15, 0x6A, 0xD3, 0xFC, 0x01, 0x14, 0x66, 0xFB, 0x25, 0x75, 0xD9, 0xFB,
    0x2F, 0x9C, 0xFD, 0xFA, 0x2F, 0x9C, 0xFD, 0xFA, 0x2E, 0x9C, 0xF9, 0xFB, 0x30, 0x9C, 0xFA, 0xFA,
    0x2E, 0x99, 0xF8, 0xF9, 0x2E, 0x99, 0xF8, 0xF9, 0x2B, 0x99, 0xFA, 0xF7, 0x25, 0x96, 0xFA, 0xF8,
    0x24, 0x92, 0xF8, 0xF3, 0x24, 0x92, 0xF8, 0xF3, 0x2A, 0x82, 0xDC, 0xEF, 0x05, 0x22, 0x64, 0xE7,
    0x1A, 0x4B, 0x94, 0x66, 0x1A, 0x4B, 0x94, 0x66, 0x3C, 0x95, 0xE4, 0x04, 0x2E, 0x82, 0xD2, 0x01,
    0x33, 0x83, 0xD5, 0x01, 0x33, 0x83, 0xD5, 0x01, 0x33, 0x81, 0xD4, 0x01, 0x00, 0x00, 0x00, 0x00,
    0x00, 0x00, 0x00, 0x00, 0x00, 0x00, 0x00, 0x00, 0x00, 0x00, 0x00, 0x00, 0x00, 0x00, 0x00, 0x00,
    0x00, 0x00, 0x00, 0x00, 0x00, 0x00, 0x00, 0x00, 0x00, 0x00, 0x00, 0x00, 0x00, 0x00, 0x00, 0x00,
    0x00, 0x00, 0x00, 0x00, 0x00, 0x00, 0x00, 0x00, 0x00, 0x00, 0x00, 0x00, 0x00, 0x00, 0x00, 0x00,
    0x00, 0x00, 0x00, 0x00, 0x00, 0x00, 0x00, 0x00, 0x00, 0x00, 0x00, 0x00, 0x00, 0x00, 0x00, 0x00,
    0x00, 0x00, 0x00, 0x00, 0x00, 0x00, 0x00, 0x00, 0x00, 0x00, 0x00, 0x00, 0x00, 0x00, 0x00, 0x00,
    0x00, 0x00, 0x00, 0x00, 0x00, 0x00, 0x00, 0x00, 0x00, 0x00, 0x00, 0x00, 0x00, 0x00, 0x00, 0x00,
    0x00, 0x00, 0x00, 0x00, 0x3D, 0x85, 0xD2, 0x01, 0x3D, 0x88, 0xD4, 0x06, 0x3D, 0x88, 0xD4, 0x06,
    0x38, 0x76, 0xBE, 0x01, 0x02, 0x0C, 0x2E, 0x78, 0x49, 0x72, 0xA8, 0xF0, 0x49, 0x72, 0xA8, 0xF0,
    0xA0, 0xD4, 0xFD, 0xF4, 0x86, 0xA7, 0xF6, 0xF8, 0x8F, 0xAA, 0xFA, 0xF9, 0x8F, 0xAA, 0xFA, 0xF9,
    0x8C, 0xA0, 0xF9, 0xF9, 0x8A, 0xA0, 0xFA, 0xF9, 0x6E, 0x8A, 0xF1, 0xFA, 0x6E, 0x8A, 0xF1, 0xFA,
    0x45, 0x75, 0xEA, 0xFA, 0x31, 0x83, 0xF1, 0xFA, 0x3D, 0xA1, 0xFD, 0xFB, 0x3D, 0xA1, 0xFD, 0xFB,
    0x3F, 0xA4, 0xFE, 0xFB, 0x3D, 0xA6, 0xFE, 0xFB, 0x3B, 0xA5, 0xFE, 0xFB, 0x3B, 0xA5, 0xFE, 0xFB,
    0x39, 0xA6, 0xFE, 0xFB, 0x34, 0xA4, 0xFE, 0xFC, 0x2D, 0xA0, 0xFD, 0xFB, 0x2D, 0xA0, 0xFD, 0xFB,
    0x1F, 0x92, 0xF6, 0xFC, 0x22, 0x96, 0xFA, 0xFC, 0x2A, 0x9F, 0xFE, 0xFC, 0x27, 0x9B, 0xFE, 0xFC,
    0x27, 0x9B, 0xFE, 0xFC, 0x20, 0x96, 0xFD, 0xFC, 0x21, 0x97, 0xFD, 0xFC, 0x2A, 0xA0, 0xFE, 0xFC,
    0x2A, 0xA0, 0xFE, 0xFC, 0x30, 0xA7, 0xFE, 0xFC, 0x2C, 0xA1, 0xFE, 0xFC, 0x22, 0x96, 0xFB, 0xFC,
    0x22, 0x96, 0xFB, 0xFC, 0x20, 0x92, 0xFA, 0xFC, 0x2C, 0x9F, 0xFD, 0xFC, 0x34, 0xA6, 0xFD, 0xFC,
    0x34, 0xA6, 0xFD, 0xFC, 0x35, 0xA8, 0xFD, 0xFC, 0x33, 0xA4, 0xFD, 0xFC, 0x34, 0xA4, 0xFD, 0xFC,
    0x34, 0xA4, 0xFD, 0xFC, 0x34, 0xA5, 0xFD, 0xFC, 0x35, 0xA7, 0xFD, 0xFC, 0x36, 0xA5, 0xFD, 0xFC,
    0x36, 0xA5, 0xFD, 0xFC, 0x38, 0xA9, 0xFD, 0xFC, 0x38, 0xA9, 0xFE, 0xFC, 0x38, 0xA8, 0xFE, 0xFC,
    0x38, 0xA8, 0xFE, 0xFC, 0x37, 0xA7, 0xFD, 0xFD, 0x38, 0xA8, 0xFE, 0xFD, 0x37, 0xA7, 0xFD, 0xFD,
    0x37, 0xA7, 0xFD, 0xFD, 0x37, 0xA7, 0xFD, 0xFD, 0x38, 0xA7, 0xFE, 0xFD, 0x38, 0xA8, 0xFE, 0xFD,
    0x38, 0xA8, 0xFE, 0xFD, 0x39, 0xA8, 0xFE, 0xFD, 0x3A, 0xA8, 0xFE, 0xFD, 0x3B, 0xA7, 0xFE, 0xFD,
    0x3B, 0xA7, 0xFE, 0xFD, 0x3C, 0xA8, 0xFE, 0xFD, 0x3E, 0xA9, 0xFE, 0xFD, 0x3F, 0xAB, 0xFF, 0xFD,
    0x3F, 0xAB, 0xFF, 0xFD, 0x3D, 0xA8, 0xFF, 0xFC, 0x36, 0xA4, 0xFE, 0xFC, 0x2C, 0x97, 0xF8, 0xFC,
    0x2C, 0x97, 0xF8, 0xFC, 0x26, 0x92, 0xF9, 0xFC, 0x1F, 0x8C, 0xF7, 0xFC, 0x1C, 0x89, 0xFA, 0xFC,
    0x1C, 0x89, 0xFA, 0xFC, 0x14, 0x6D, 0xDA, 0xFC, 0x01, 0x21, 0x72, 0xFB, 0x1E, 0x6B, 0xC7, 0xFC,
    0x30, 0x9D, 0xFD, 0xFB, 0x30, 0x9D, 0xFD, 0xFB, 0x29, 0x95, 0xF5, 0xFB, 0x2D, 0x96, 0xF6, 0xFA,
    0x2D, 0x9B, 0xFA, 0xFB, 0x2D, 0x9B, 0xFA, 0xFB, 0x2C, 0x9D, 0xFC, 0xFA, 0x23, 0x90, 0xF8, 0xF9,
    0x1B, 0x8B, 0xF6, 0xF7, 0x1B, 0x8B, 0xF6, 0xF7, 0x1E, 0x8D, 0xF3, 0xF6, 0x19, 0x5B, 0xBD, 0xEC,
    0x02, 0x1F, 0x6C, 0xE6, 0x02, 0x1F, 0x6C, 0xE6, 0x23, 0x6D, 0xB8, 0x6B, 0x34, 0x89, 0xDC, 0x09,
    0x2D, 0x7E, 0xD3, 0x06, 0x2D, 0x7E, 0xD3, 0x06, 0x2F, 0x7F, 0xD2, 0x03, 0x00, 0x00, 0x00, 0x00,
    0x33, 0x80, 0xD1, 0x01, 0x33, 0x80, 0xD1, 0x01, 0x34, 0x80, 0xD1, 0x01, 0x00, 0x00, 0x00, 0x00,
    0x00, 0x00, 0x00, 0x00, 0x00, 0x00, 0x00, 0x00, 0x00, 0x00, 0x00, 0x00, 0x00, 0x00, 0x00, 0x00,
    0x00, 0x00, 0x00, 0x00, 0x00, 0x00, 0x00, 0x00, 0x00, 0x00, 0x00, 0x00, 0x00, 0x00, 0x00, 0x00,
    0x00, 0x00, 0x00, 0x00, 0x00, 0x00, 0x00, 0x00, 0x00, 0x00, 0x00, 0x00, 0x00, 0x00, 0x00, 0x00,
    0x00, 0x00, 0x00, 0x00, 0x00, 0x00, 0x00, 0x00, 0x00, 0x00, 0x00, 0x00, 0x00, 0x00, 0x00, 0x00,
    0x00, 0x00, 0x00, 0x00, 0x00, 0x00, 0x00, 0x00, 0x00, 0x00, 0x00, 0x00, 0x00, 0x00, 0x00, 0x00,
    0x00, 0x00, 0x00, 0x00, 0x3D, 0x85, 0xD2, 0x01, 0x3D, 0x88, 0xD4, 0x06, 0x3D, 0x88, 0xD4, 0x06,
    0x38, 0x76, 0xBE, 0x01, 0x02, 0x0C, 0x2E, 0x78, 0x49, 0x72, 0xA8, 0xF0, 0x49, 0x72, 0xA8, 0xF0,
    0xA0, 0xD4, 0xFD, 0xF4, 0x86, 0xA7, 0xF6, 0xF8, 0x8F, 0xAA, 0xFA, 0xF9, 0x8F, 0xAA, 0xFA, 0xF9,
    0x8C, 0xA0, 0xF9, 0xF9, 0x8A, 0xA0, 0xFA, 0xF9, 0x6E, 0x8A, 0xF1, 0xFA, 0x6E, 0x8A, 0xF1, 0xFA,
    0x45, 0x75, 0xEA, 0xFA, 0x31, 0x83, 0xF1, 0xFA, 0x3D, 0xA1, 0xFD, 0xFB, 0x3D, 0xA1, 0xFD, 0xFB,
    0x3F, 0xA4, 0xFE, 0xFB, 0x3D, 0xA6, 0xFE, 0xFB, 0x3B, 0xA5, 0xFE, 0xFB, 0x3B, 0xA5, 0xFE, 0xFB,
    0x39, 0xA6, 0xFE, 0xFB, 0x34, 0xA4, 0xFE, 0xFC, 0x2D, 0xA0, 0xFD, 0xFB, 0x2D, 0xA0, 0xFD, 0xFB,
    0x1F, 0x92, 0xF6, 0xFC, 0x22, 0x96, 0xFA, 0xFC, 0x2A, 0x9F, 0xFE, 0xFC, 0x27, 0x9B, 0xFE, 0xFC,
    0x27, 0x9B, 0xFE, 0xFC, 0x20, 0x96, 0xFD, 0xFC, 0x21, 0x97, 0xFD, 0xFC, 0x2A, 0xA0, 0xFE, 0xFC,
    0x2A, 0xA0, 0xFE, 0xFC, 0x30, 0xA7, 0xFE, 0xFC, 0x2C, 0xA1, 0xFE, 0xFC, 0x22, 0x96, 0xFB, 0xFC,
    0x22, 0x96, 0xFB, 0xFC, 0x20, 0x92, 0xFA, 0xFC, 0x2C, 0x9F, 0xFD, 0xFC, 0x34, 0xA6, 0xFD, 0xFC,
    0x34, 0xA6, 0xFD, 0xFC, 0x35, 0xA8, 0xFD, 0xFC, 0x33, 0xA4, 0xFD, 0xFC, 0x34, 0xA4, 0xFD, 0xFC,
    0x34, 0xA4, 0xFD, 0xFC, 0x34, 0xA5, 0xFD, 0xFC, 0x35, 0xA7, 0xFD, 0xFC, 0x36, 0xA5, 0xFD, 0xFC,
    0x36, 0xA5, 0xFD, 0xFC, 0x38, 0xA9, 0xFD, 0xFC, 0x38, 0xA9, 0xFE, 0xFC, 0x38, 0xA8, 0xFE, 0xFC,
    0x38, 0xA8, 0xFE, 0xFC, 0x37, 0xA7, 0xFD, 0xFD, 0x38, 0xA8, 0xFE, 0xFD, 0x37, 0xA7, 0xFD, 0xFD,
    0x37, 0xA7, 0xFD, 0xFD, 0x37, 0xA7, 0xFD, 0xFD, 0x38, 0xA7, 0xFE, 0xFD, 0x38, 0xA8, 0xFE, 0xFD,
    0x38, 0xA8, 0xFE, 0xFD, 0x39, 0xA8, 0xFE, 0xFD, 0x3A, 0xA8, 0xFE, 0xFD, 0x3B, 0xA7, 0xFE, 0xFD,
    0x3B, 0xA7, 0xFE, 0xFD, 0x3C, 0xA8, 0xFE, 0xFD, 0x3E, 0xA9, 0xFE, 0xFD, 0x3F, 0xAB, 0xFF, 0xFD,
    0x3F, 0xAB, 0xFF, 0xFD, 0x3D, 0xA8, 0xFF, 0xFC, 0x36, 0xA4, 0xFE, 0xFC, 0x2C, 0x97, 0xF8, 0xFC,
    0x2C, 0x97, 0xF8, 0xFC, 0x26, 0x92, 0xF9, 0xFC, 0x1F, 0x8C, 0xF7, 0xFC, 0x1C, 0x89, 0xFA, 0xFC,
    0x1C, 0x89, 0xFA, 0xFC, 0x14, 0x6D, 0xDA, 0xFC, 0x01, 0x21, 0x72, 0xFB, 0x1E, 0x6B, 0xC7, 0xFC,
    0x30, 0x9D, 0xFD, 0xFB, 0x30, 0x9D, 0xFD, 0xFB, 0x29, 0x95, 0xF5, 0xFB, 0x2D, 0x96, 0xF6, 0xFA,
    0x2D, 0x9B, 0xFA, 0xFB, 0x2D, 0x9B, 0xFA, 0xFB, 0x2C, 0x9D, 0xFC, 0xFA, 0x23, 0x90, 0xF8, 0xF9,
    0x1B, 0x8B, 0xF6, 0xF7, 0x1B, 0x8B, 0xF6, 0xF7, 0x1E, 0x8D, 0xF3, 0xF6, 0x19, 0x5B, 0xBD, 0xEC,
    0x02, 0x1F, 0x6C, 0xE6, 0x02, 0x1F, 0x6C, 0xE6, 0x23, 0x6D, 0xB8, 0x6B, 0x34, 0x89, 0xDC, 0x09,
    0x2D, 0x7E, 0xD3, 0x06, 0x2D, 0x7E, 0xD3, 0x06, 0x2F, 0x7F, 0xD2, 0x03, 0x00, 0x00, 0x00, 0x00,
    0x33, 0x80, 0xD1, 0x01, 0x33, 0x80, 0xD1, 0x01, 0x34, 0x80, 0xD1, 0x01, 0x00, 0x00, 0x00, 0x00,
    0x00, 0x00, 0x00, 0x00, 0x00, 0x00, 0x00, 0x00, 0x00, 0x00, 0x00, 0x00, 0x00, 0x00, 0x00, 0x00,
    0x00, 0x00, 0x00, 0x00, 0x00, 0x00, 0x00, 0x00, 0x00, 0x00, 0x00, 0x00, 0x00, 0x00, 0x00, 0x00,
    0x00, 0x00, 0x00, 0x00, 0x00, 0x00, 0x00, 0x00, 0x00, 0x00, 0x00, 0x00, 0x00, 0x00, 0x00, 0x00,
    0x00, 0x00, 0x00, 0x00, 0x00, 0x00, 0x00, 0x00, 0x00, 0x00, 0x00, 0x00, 0x00, 0x00, 0x00, 0x00,
    0x00, 0x00, 0x00, 0x00, 0x00, 0x00, 0x00, 0x00, 0x00, 0x00, 0x00, 0x00, 0x00, 0x00, 0x00, 0x00,
    0x00, 0x00, 0x00, 0x00, 0x3E, 0x86, 0xD3, 0x01, 0x3D, 0x8A, 0xD6, 0x04, 0x3D, 0x8A, 0xD6, 0x04,
    0x34, 0x7B, 0xC6, 0x01, 0x1E, 0x46, 0x87, 0x5A, 0x16, 0x37, 0x77, 0xD1, 0x16, 0x37, 0x77, 0xD1,
    0x6C, 0x8F, 0xD7, 0xEF, 0x99, 0xB2, 0xFA, 0xFA, 0x9B, 0xB4, 0xFC, 0xF8, 0x9B, 0xB4, 0xFC, 0xF8,
    0x9E, 0xAE, 0xFC, 0xF9, 0x9D, 0xAD, 0xFC, 0xF9, 0x82, 0x9C, 0xF7, 0xFA, 0x82, 0x9C, 0xF7, 0xFA,
    0x4A, 0x7D, 0xEE, 0xFA, 0x3B, 0x8F, 0xF8, 0xFB, 0x40, 0xAA, 0xFF, 0xFA, 0x40, 0xAA, 0xFF, 0xFA,
    0x3E, 0xA6, 0xFE, 0xFB, 0x3C, 0xA5, 0xFE, 0xFB, 0x3A, 0xA5, 0xFE, 0xFB, 0x3A, 0xA5, 0xFE, 0xFB,
    0x39, 0xA7, 0xFE, 0xFB, 0x35, 0xA5, 0xFE, 0xFC, 0x2F, 0xA0, 0xFD, 0xFB, 0x2F, 0xA0, 0xFD, 0xFB,
    0x24, 0x97, 0xF9, 0xFC, 0x26, 0x9A, 0xFB, 0xFC, 0x2D, 0xA2, 0xFE, 0xFC, 0x23, 0x97, 0xFC, 0xFC,
    0x23, 0x97, 0xFC, 0xFC, 0x19, 0x8E, 0xF7, 0xFC, 0x22, 0x99, 0xFD, 0xFC, 0x2E, 0xA6, 0xFE, 0xFC,
    0x2E, 0xA6, 0xFE, 0xFC, 0x30, 0xA6, 0xFE, 0xFC, 0x2C, 0xA3, 0xFE, 0xFC, 0x21, 0x96, 0xFA, 0xFC,
    0x21, 0x96, 0xFA, 0xFC, 0x20, 0x93, 0xF9, 0xFC, 0x31, 0xA4, 0xFD, 0xFC, 0x37, 0xA9, 0xFD, 0xFC,
    0x37, 0xA9, 0xFD, 0xFC, 0x37, 0xAA, 0xFD, 0xFC, 0x36, 0xA8, 0xFD, 0xFC, 0x36, 0xA8, 0xFD, 0xFC,
    0x36, 0xA8, 0xFD, 0xFC, 0x36, 0xA8, 0xFE, 0xFC, 0x37, 0xA9, 0xFE, 0xFC, 0x38, 0xA9, 0xFE, 0xFC,
    0x38, 0xA9, 0xFE, 0xFC, 0x39, 0xAB, 0xFE, 0xFC, 0x38, 0xA9, 0xFD, 0xFC, 0x39, 0xAA, 0xFE, 0xFC,
    0x39, 0xAA, 0xFE, 0xFC, 0x37, 0xA9, 0xFE, 0xFD, 0x38, 0xA9, 0xFE, 0xFD, 0x38, 0xA8, 0xFE, 0xFD,
    0x38, 0xA8, 0xFE, 0xFD, 0x38, 0xA8, 0xFE, 0xFD, 0x38, 0xA8, 0xFE, 0xFD, 0x38, 0xA8, 0xFE, 0xFD,
    0x38, 0xA8, 0xFE, 0xFD, 0x39, 0xA9, 0xFF, 0xFD, 0x3A, 0xA9, 0xFF, 0xFD, 0x3B, 0xA9, 0xFF, 0xFD,
    0x3B, 0xA9, 0xFF, 0xFD, 0x3C, 0xA9, 0xFE, 0xFD, 0x3D, 0xA9, 0xFE, 0xFD, 0x3F, 0xAA, 0xFF, 0xFD,
    0x3F, 0xAA, 0xFF, 0xFD, 0x40, 0xAC, 0xFF, 0xFD, 0x3D, 0xAA, 0xFF, 0xFC, 0x35, 0xA0, 0xFD, 0xFC,
    0x35, 0xA0, 0xFD, 0xFC, 0x2A, 0x97, 0xFA, 0xFC, 0x20, 0x8E, 0xF8, 0xFC, 0x1D, 0x8F, 0xFD, 0xFC,
    0x1D, 0x8F, 0xFD, 0xFC, 0x1B, 0x79, 0xE6, 0xFC, 0x01, 0x21, 0x6F, 0xFB, 0x16, 0x55, 0xB0, 0xFB,
    0x2D, 0x99, 0xFC, 0xFB, 0x2D, 0x99, 0xFC, 0xFB, 0x2A, 0x9A, 0xF8, 0xFB, 0x2B, 0x97, 0xF8, 0xFB,
    0x2A, 0x99, 0xF9, 0xFB, 0x2A, 0x99, 0xF9, 0xFB, 0x29, 0x9A, 0xFB, 0xFA, 0x26, 0x98, 0xFC, 0xFA,
    0x22, 0x98, 0xFC, 0xF9, 0x22, 0x98, 0xFC, 0xF9, 0x18, 0x87, 0xF1, 0xF7, 0x1A, 0x87, 0xEE, 0xF2,
    0x20, 0x79, 0xD2, 0xF1, 0x20, 0x79, 0xD2, 0xF1, 0x04, 0x29, 0x68, 0xCC, 0x1C, 0x54, 0x9C, 0x37,
    0x32, 0x85, 0xDA, 0x01, 0x32, 0x85, 0xDA, 0x01, 0x2E, 0x80, 0xD2, 0x05, 0x32, 0x81, 0xD1, 0x01,
    0x32, 0x7F, 0xD0, 0x01, 0x32, 0x7F, 0xD0, 0x01, 0x34, 0x80, 0xD1, 0x01, 0x33, 0x80, 0xD1, 0x01,
    0x00, 0x00, 0x00, 0x00, 0x00, 0x00, 0x00, 0x00, 0x00, 0x00, 0x00, 0x00, 0x00, 0x00, 0x00, 0x00,
    0x00, 0x00, 0x00, 0x00, 0x00, 0x00, 0x00, 0x00, 0x00, 0x00, 0x00, 0x00, 0x00, 0x00, 0x00, 0x00,
    0x00, 0x00, 0x00, 0x00, 0x00, 0x00, 0x00, 0x00, 0x00, 0x00, 0x00, 0x00, 0x00, 0x00, 0x00, 0x00,
    0x00, 0x00, 0x00, 0x00, 0x00, 0x00, 0x00, 0x00, 0x00, 0x00, 0x00, 0x00, 0x00, 0x00, 0x00, 0x00,
    0x00, 0x00, 0x00, 0x00, 0x00, 0x00, 0x00, 0x00, 0x00, 0x00, 0x00, 0x00, 0x00, 0x00, 0x00, 0x00,
    0x00, 0x00, 0x00, 0x00, 0x3E, 0x86, 0xD3, 0x01, 0x3E, 0x87, 0xD4, 0x04, 0x3E, 0x87, 0xD4, 0x04,
    0x35, 0x7F, 0xCD, 0x01, 0x3B, 0x7D, 0xCA, 0x38, 0x0C, 0x34, 0x79, 0xB2, 0x0C, 0x34, 0x79, 0xB2,
    0x32, 0x47, 0x89, 0xED, 0xA6, 0xC2, 0xFB, 0xFC, 0x91, 0xA3, 0xF7, 0xF8, 0x91, 0xA3, 0xF7, 0xF8,
    0x99, 0xA4, 0xF8, 0xF9, 0xA1, 0xB2, 0xFD, 0xF9, 0x7D, 0x9D, 0xF4, 0xFA, 0x7D, 0x9D, 0xF4, 0xFA,
    0x3F, 0x7E, 0xE9, 0xFA, 0x3C, 0x98, 0xFC, 0xFB, 0x3D, 0xA6, 0xFE, 0xFB, 0x3D, 0xA6, 0xFE, 0xFB,
    0x3D, 0xA5, 0xFE, 0xFB, 0x3D, 0xA6, 0xFE, 0xFB, 0x39, 0xA4, 0xFE, 0xFB, 0x39, 0xA4, 0xFE, 0xFB,
    0x37, 0xA3, 0xFE, 0xFB, 0x36, 0xA3, 0xFD, 0xFC, 0x37, 0xA5, 0xFE, 0xFC, 0x37, 0xA5, 0xFE, 0xFC,
    0x34, 0xA1, 0xFE, 0xFC, 0x34, 0xA3, 0xFE, 0xFC, 0x30, 0x9E, 0xFE, 0xFC, 0x24, 0x97, 0xFB, 0xFC,
    0x24, 0x97, 0xFB, 0xFC, 0x1B, 0x8F, 0xF5, 0xFC, 0x24, 0x97, 0xFB, 0xFC, 0x30, 0xA6, 0xFE, 0xFC,
    0x30, 0xA6, 0xFE, 0xFC, 0x31, 0xA5, 0xFE, 0xFC, 0x30, 0xA5, 0xFE, 0xFC, 0x22, 0x95, 0xF9, 0xFC,
    0x22, 0x95, 0xF9, 0xFC, 0x22, 0x93, 0xF8, 0xFC, 0x32, 0xA2, 0xFE, 0xFC, 0x39, 0xA9, 0xFE, 0xFC,
    0x39, 0xA9, 0xFE, 0xFC, 0x38, 0xA8, 0xFD, 0xFC, 0x39, 0xA9, 0xFD, 0xFC, 0x39, 0xA9, 0xFD, 0xFC,
    0x39, 0xA9, 0xFD, 0xFC, 0x38, 0xA8, 0xFD, 0xFC, 0x3A, 0xA9, 0xFE, 0xFC, 0x3C, 0xAB, 0xFE, 0xFC,
    0x3C, 0xAB, 0xFE, 0xFC, 0x3C, 0xAB, 0xFE, 0xFC, 0x3D, 0xAA, 0xFD, 0xFC, 0x3A, 0xA9, 0xFE, 0xFC,
    0x3A, 0xA9, 0xFE, 0xFC, 0x39, 0xAA, 0xFD, 0xFD, 0x38, 0xA8, 0xFE, 0xFD, 0x38, 0xA8, 0xFE, 0xFD,
    0x38, 0xA8, 0xFE, 0xFD, 0x3A, 0xAA, 0xFE, 0xFD, 0x39, 0xA9, 0xFE, 0xFD, 0x3A, 0xA9, 0xFE, 0xFD,
    0x3A, 0xA9, 0xFE, 0xFD, 0x3A, 0xA8, 0xFE, 0xFD, 0x3B, 0xA9, 0xFF, 0xFD, 0x3B, 0xA9, 0xFF, 0xFD,
    0x3B, 0xA9, 0xFF, 0xFD, 0x3B, 0xAA, 0xFF, 0xFD, 0x3C, 0xAA, 0xFE, 0xFD, 0x3E, 0xAA, 0xFF, 0xFD,
    0x3E, 0xAA, 0xFF, 0xFD, 0x3F, 0xAB, 0xFF, 0xFD, 0x3E, 0xAA, 0xFF, 0xFC, 0x39, 0xA5, 0xFD, 0xFC,
    0x39, 0xA5, 0xFD, 0xFC, 0x2C, 0x97, 0xFA, 0xFC, 0x20, 0x8E, 0xF8, 0xFC, 0x1D, 0x93, 0xFE, 0xFC,
    0x1D, 0x93, 0xFE, 0xFC, 0x19, 0x78, 0xE7, 0xFC, 0x00, 0x14, 0x62, 0xFC, 0x0F, 0x44, 0xA1, 0xFC,
    0x29, 0x93, 0xF9, 0xFB, 0x29, 0x93, 0xF9, 0xFB, 0x26, 0x95, 0xF8, 0xFB, 0x2A, 0x9A, 0xFA, 0xFB,
    0x27, 0x93, 0xF7, 0xFB, 0x27, 0x93, 0xF7, 0xFB, 0x25, 0x92, 0xF6, 0xFB, 0x24, 0x93, 0xF8, 0xFB,
    0x24, 0x98, 0xFC, 0xFA, 0x24, 0x98, 0xFC, 0xFA, 0x1D, 0x8D, 0xF6, 0xF9, 0x16, 0x89, 0xF2, 0xF9,
    0x21, 0x93, 0xF3, 0xF1, 0x21, 0x93, 0xF3, 0xF1, 0x14, 0x49, 0x98, 0xEB, 0x04, 0x14, 0x43, 0xCB,
    0x34, 0x7A, 0xC4, 0x2E, 0x34, 0x7A, 0xC4, 0x2E, 0x31, 0x82, 0xD3, 0x01, 0x2F, 0x7F, 0xCE, 0x03,
    0x31, 0x7F, 0xCF, 0x01, 0x31, 0x7F, 0xCF, 0x01, 0x32, 0x80, 0xD0, 0x01, 0x32, 0x80, 0xD0, 0x01,
    0x00, 0x00, 0x00, 0x00, 0x00, 0x00, 0x00, 0x00, 0x33, 0x81, 0xCF, 0x01, 0x00, 0x00, 0x00, 0x00,
    0x00, 0x00, 0x00, 0x00, 0x00, 0x00, 0x00, 0x00, 0x00, 0x00, 0x00, 0x00, 0x00, 0x00, 0x00, 0x00,
    0x00, 0x00, 0x00, 0x00, 0x00, 0x00, 0x00, 0x00, 0x00, 0x00, 0x00, 0x00, 0x00, 0x00, 0x00, 0x00,
    0x00, 0x00, 0x00, 0x00, 0x00, 0x00, 0x00, 0x00, 0x00, 0x00, 0x00, 0x00, 0x00, 0x00, 0x00, 0x00,
    0x00, 0x00, 0x00, 0x00, 0x00, 0x00, 0x00, 0x00, 0x00, 0x00, 0x00, 0x00, 0x00, 0x00, 0x00, 0x00,
    0x00, 0x00, 0x00, 0x00, 0x00, 0x00, 0x00, 0x00, 0x40, 0x87, 0xD4, 0x02, 0x40, 0x87, 0xD4, 0x02,
    0x3A, 0x85, 0xD0, 0x05, 0x3A, 0x8A, 0xD7, 0x0F, 0x1F, 0x58, 0x9E, 0x6E, 0x1F, 0x58, 0x9E, 0x6E,
    0x14, 0x29, 0x5C, 0xD2, 0x95, 0xB5, 0xF0, 0xFA, 0x93, 0xA8, 0xF9, 0xF7, 0x93, 0xA8, 0xF9, 0xF7,
    0x95, 0xA8, 0xFB, 0xF9, 0x8C, 0xA1, 0xFA, 0xF9, 0x56, 0x7D, 0xE1, 0xFB, 0x56, 0x7D, 0xE1, 0xFB,
    0x3A, 0x84, 0xEB, 0xFB, 0x40, 0xA7, 0xFE, 0xFB, 0x3C, 0xA7, 0xFE, 0xFB, 0x3C, 0xA7, 0xFE, 0xFB,
    0x3C, 0xA4, 0xFE, 0xFB, 0x3B, 0xA5, 0xFE, 0xFB, 0x38, 0xA4, 0xFE, 0xFC, 0x38, 0xA4, 0xFE, 0xFC,
    0x36, 0xA3, 0xFE, 0xFC, 0x35, 0xA2, 0xFD, 0xFC, 0x39, 0xA5, 0xFE, 0xFC, 0x39, 0xA5, 0xFE, 0xFC,
    0x3A, 0xA6, 0xFE, 0xFC, 0x3D, 0xAB, 0xFF, 0xFC, 0x37, 0xA5, 0xFE, 0xFC, 0x2F, 0xA1, 0xFE, 0xFC,
    0x2F, 0xA1, 0xFE, 0xFC, 0x27, 0x98, 0xFC, 0xFC, 0x2D, 0xA1, 0xFD, 0xFC, 0x30, 0xA4, 0xFD, 0xFC,
    0x30, 0xA4, 0xFD, 0xFC, 0x32, 0xA7, 0xFE, 0xFC, 0x31, 0xA5, 0xFE, 0xFC, 0x25, 0x97, 0xFA, 0xFC,
    0x25, 0x97, 0xFA, 0xFC, 0x25, 0x97, 0xFA, 0xFC, 0x34, 0xA5, 0xFE, 0xFC, 0x39, 0xA8, 0xFE, 0xFC,
    0x39, 0xA8, 0xFE, 0xFC, 0x39, 0xA9, 0xFE, 0xFC, 0x3A, 0xAA, 0xFE, 0xFC, 0x3B, 0xAA, 0xFE, 0xFC,
    0x3B, 0xAA, 0xFE, 0xFC, 0x3B, 0xAB, 0xFE, 0xFC, 0x3D, 0xAC, 0xFE, 0xFC, 0x40, 0xAC, 0xFE, 0xFC,
    0x40, 0xAC, 0xFE, 0xFC, 0x48, 0xB0, 0xFD, 0xFC, 0x4F, 0xB4, 0xFE, 0xFD, 0x46, 0xAE, 0xFD, 0xFD,
    0x46, 0xAE, 0xFD, 0xFD, 0x3A, 0xA8, 0xFD, 0xFD, 0x3A, 0xAA, 0xFE, 0xFD, 0x39, 0xAA, 0xFE, 0xFD,
    0x39, 0xAA, 0xFE, 0xFD, 0x3A, 0xAA, 0xFF, 0xFD, 0x3A, 0xAA, 0xFF, 0xFD, 0x3A, 0xA9, 0xFF, 0xFD,
    0x3A, 0xA9, 0xFF, 0xFD, 0x3A, 0xA9, 0xFF, 0xFD, 0x3B, 0xA9, 0xFE, 0xFD, 0x3C, 0xA9, 0xFF, 0xFD,
    0x3C, 0xA9, 0xFF, 0xFD, 0x3C, 0xAA, 0xFF, 0xFD, 0x3C, 0xAA, 0xFF, 0xFD, 0x3D, 0xAB, 0xFE, 0xFD,
    0x3D, 0xAB, 0xFE, 0xFD, 0x3D, 0xAA, 0xFE, 0xFD, 0x3F, 0xAA, 0xFE, 0xFD, 0x3A, 0xA7, 0xFD, 0xFC,
    0x3A, 0xA7, 0xFD, 0xFC, 0x2E, 0x9A, 0xFB, 0xFC, 0x23, 0x93, 0xFB, 0xFC, 0x1A, 0x8D, 0xFC, 0xFC,
    0x1A, 0x8D, 0xFC, 0xFC, 0x1A, 0x82, 0xF6, 0xFC, 0x06, 0x38, 0x9E, 0xFC, 0x11, 0x4E, 0xAD, 0xFC,
    0x2F, 0x9F, 0xFC, 0xFC, 0x2F, 0x9F, 0xFC, 0xFC, 0x27, 0x98, 0xF9, 0xFC, 0x29, 0x9A, 0xF9, 0xFB,
    0x29, 0x99, 0xF9, 0xFB, 0x29, 0x99, 0xF9, 0xFB, 0x28, 0x99, 0xFA, 0xFB, 0x25, 0x97, 0xF9, 0xFB,
    0x27, 0x9B, 0xFB, 0xFB, 0x27, 0x9B, 0xFB, 0xFB, 0x24, 0x9B, 0xFA, 0xFA, 0x1D, 0x95, 0xF7, 0xF9,
    0x19, 0x84, 0xEF, 0xF8, 0x19, 0x84, 0xEF, 0xF8, 0x17, 0x5D, 0xC2, 0xEE, 0x02, 0x15, 0x53, 0xD9,
    0x0B, 0x37, 0x7C, 0x4A, 0x0B, 0x37, 0x7C, 0x4A, 0x2E, 0x7D, 0xCB, 0x03, 0x2F, 0x82, 0xD2, 0x05,
    0x30, 0x7F, 0xD0, 0x01, 0x30, 0x7F, 0xD0, 0x01, 0x32, 0x80, 0xD1, 0x01, 0x31, 0x7F, 0xCF, 0x01,
    0x00, 0x00, 0x00, 0x00, 0x00, 0x00, 0x00, 0x00, 0x33, 0x81, 0xD0, 0x01, 0x00, 0x00, 0x00, 0x00,
    0x00, 0x00, 0x00, 0x00, 0x00, 0x00, 0x00, 0x00, 0x00, 0x00, 0x00, 0x00, 0x00, 0x00, 0x00, 0x00,
    0x00, 0x00, 0x00, 0x00, 0x00, 0x00, 0x00, 0x00, 0x00, 0x00, 0x00, 0x00, 0x00, 0x00, 0x00, 0x00,
    0x00, 0x00, 0x00, 0x00, 0x00, 0x00, 0x00, 0x00, 0x00, 0x00, 0x00, 0x00, 0x00, 0x00, 0x00, 0x00,
    0x00, 0x00, 0x00, 0x00, 0x00, 0x00, 0x00, 0x00, 0x00, 0x00, 0x00, 0x00, 0x00, 0x00, 0x00, 0x00,
    0x00, 0x00, 0x00, 0x00, 0x3E, 0x87, 0xD2, 0x01, 0x3F, 0x86, 0xD2, 0x01, 0x3F, 0x86, 0xD2, 0x01,
    0x3E, 0x87, 0xD3, 0x06, 0x36, 0x83, 0xD1, 0x05, 0x2E, 0x6E, 0xBA, 0x47, 0x2E, 0x6E, 0xBA, 0x47,
    0x08, 0x20, 0x5B, 0xBC, 0x42, 0x57, 0x9D, 0xFA, 0x96, 0xB4, 0xF9, 0xF8, 0x96, 0xB4, 0xF9, 0xF8,
    0x80, 0x96, 0xF4, 0xF9, 0x68, 0x80, 0xEA, 0xFA, 0x2D, 0x59, 0xD4, 0xFA, 0x2D, 0x59, 0xD4, 0xFA,
    0x34, 0x84, 0xEE, 0xFB, 0x3C, 0xA5, 0xFD, 0xFB, 0x3B, 0xA6, 0xFD, 0xFB, 0x3B, 0xA6, 0xFD, 0xFB,
    0x3B, 0xA5, 0xFE, 0xFC, 0x39, 0xA4, 0xFE, 0xFC, 0x37, 0xA4, 0xFE, 0xFC, 0x37, 0xA4, 0xFE, 0xFC,
    0x36, 0xA4, 0xFE, 0xFC, 0x35, 0xA2, 0xFD, 0xFC, 0x37, 0xA3, 0xFD, 0xFC, 0x37, 0xA3, 0xFD, 0xFC,
    0x3C, 0xA6, 0xFE, 0xFC, 0x3D, 0xA6, 0xFE, 0xFC, 0x34, 0x9E, 0xFD, 0xFC, 0x31, 0x9F, 0xFE, 0xFC,
    0x31, 0x9F, 0xFE, 0xFC, 0x31, 0xA2, 0xFE, 0xFC, 0x31, 0xA4, 0xFE, 0xFC, 0x31, 0xA3, 0xFD, 0xFC,
    0x31, 0xA3, 0xFD, 0xFC, 0x35, 0xA9, 0xFE, 0xFC, 0x30, 0xA2, 0xFE, 0xFC, 0x25, 0x95, 0xF8, 0xFC,
    0x25, 0x95, 0xF8, 0xFC, 0x28, 0x97, 0xFA, 0xFC, 0x36, 0xA5, 0xFE, 0xFC, 0x39, 0xA7, 0xFE, 0xFC,
    0x39, 0xA7, 0xFE, 0xFC, 0x3C, 0xAA, 0xFE, 0xFC, 0x3C, 0xA9, 0xFE, 0xFC, 0x3D, 0xAA, 0xFE, 0xFC,
    0x3D, 0xAA, 0xFE, 0xFC, 0x3D, 0xAB, 0xFF, 0xFC, 0x3F, 0xAC, 0xFE, 0xFC, 0x44, 0xAC, 0xFD, 0xFC,
    0x44, 0xAC, 0xFD, 0xFC, 0x55, 0xB6, 0xFD, 0xFC, 0x6B, 0xC6, 0xFE, 0xFD, 0x5B, 0xBA, 0xFD, 0xFD,
    0x5B, 0xBA, 0xFD, 0xFD, 0x40, 0xAA, 0xFC, 0xFD, 0x3C, 0xAB, 0xFE, 0xFD, 0x3A, 0xAA, 0xFE, 0xFD,
    0x3A, 0xAA, 0xFE, 0xFD, 0x3A, 0xA9, 0xFE, 0xFD, 0x3B, 0xAA, 0xFE, 0xFD, 0x3A, 0xA9, 0xFF, 0xFD,
    0x3A, 0xA9, 0xFF, 0xFD, 0x3A, 0xA9, 0xFF, 0xFD, 0x3B, 0xAA, 0xFF, 0xFD, 0x3B, 0xA9, 0xFE, 0xFD,
    0x3B, 0xA9, 0xFE, 0xFD, 0x3B, 0xA9, 0xFF, 0xFD, 0x3C, 0xAA, 0xFF, 0xFD, 0x3C, 0xA9, 0xFE, 0xFD,
    0x3C, 0xA9, 0xFE, 0xFD, 0x3C, 0xA8, 0xFF, 0xFD, 0x3D, 0xA8, 0xFE, 0xFD, 0x39, 0xA5, 0xFE, 0xFD,
    0x39, 0xA5, 0xFE, 0xFD, 0x2E, 0x9A, 0xFB, 0xFD, 0x24, 0x93, 0xFB, 0xFD, 0x16, 0x86, 0xF8, 0xFC,
    0x16, 0x86, 0xF8, 0xFC, 0x15, 0x84, 0xF9, 0xFC, 0x16, 0x69, 0xDB, 0xFC, 0x0F, 0x54, 0xB6, 0xFC,
    0x2A, 0x91, 0xF2, 0xFC, 0x2A, 0x91, 0xF2, 0xFC, 0x29, 0x9C, 0xFA, 0xFC, 0x23, 0x95, 0xF6, 0xFC,
    0x26, 0x96, 0xF6, 0xFC, 0x26, 0x96, 0xF6, 0xFC, 0x28, 0x9C, 0xFA, 0xFC, 0x26, 0x99, 0xF9, 0xFC,
    0x24, 0x97, 0xF8, 0xFB, 0x24, 0x97, 0xF8, 0xFB, 0x23, 0x99, 0xFA, 0xFB, 0x20, 0x94, 0xF9, 0xFA,
    0x19, 0x86, 0xF4, 0xFA, 0x19, 0x86, 0xF4, 0xFA, 0x19, 0x80, 0xEF, 0xFA, 0x0F, 0x59, 0xBC, 0xF4,
    0x17, 0x56, 0xA2, 0xB9, 0x17, 0x56, 0xA2, 0xB9, 0x2F, 0x79, 0xC3, 0x36, 0x2D, 0x7F, 0xD2, 0x03,
    0x2F, 0x7F, 0xD1, 0x05, 0x2F, 0x7F, 0xD1, 0x05, 0x2F, 0x7E, 0xD0, 0x01, 0x31, 0x7F, 0xD0, 0x01,
    0x32, 0x80, 0xD0, 0x01, 0x32, 0x80, 0xD0, 0x01, 0x32, 0x80, 0xCF, 0x01, 0x00, 0x00, 0x00, 0x00,
    0x00, 0x00, 0x00, 0x00, 0x00, 0x00, 0x00, 0x00, 0x00, 0x00, 0x00, 0x00, 0x00, 0x00, 0x00, 0x00,
    0x00, 0x00, 0x00, 0x00, 0x00, 0x00, 0x00, 0x00, 0x00, 0x00, 0x00, 0x00, 0x00, 0x00, 0x00, 0x00,
    0x00, 0x00, 0x00, 0x00, 0x00, 0x00, 0x00, 0x00, 0x00, 0x00, 0x00, 0x00, 0x00, 0x00, 0x00, 0x00,
    0x00, 0x00, 0x00, 0x00, 0x00, 0x00, 0x00, 0x00, 0x00, 0x00, 0x00, 0x00, 0x00, 0x00, 0x00, 0x00,
    0x00, 0x00, 0x00, 0x00, 0x3E, 0x87, 0xD2, 0x01, 0x3F, 0x86, 0xD2, 0x01, 0x3F, 0x86, 0xD2, 0x01,
    0x3E, 0x87, 0xD3, 0x06, 0x36, 0x83, 0xD1, 0x05, 0x2E, 0x6E, 0xBA, 0x47, 0x2E, 0x6E, 0xBA, 0x47,
    0x08, 0x20, 0x5B, 0xBC, 0x42, 0x57, 0x9D, 0xFA, 0x96, 0xB4, 0xF9, 0xF8, 0x96, 0xB4, 0xF9, 0xF8,
    0x80, 0x96, 0xF4, 0xF9, 0x68, 0x80, 0xEA, 0xFA, 0x2D, 0x59, 0xD4, 0xFA, 0x2D, 0x59, 0xD4, 0xFA,
    0x34, 0x84, 0xEE, 0xFB, 0x3C, 0xA5, 0xFD, 0xFB, 0x3B, 0xA6, 0xFD, 0xFB, 0x3B, 0xA6, 0xFD, 0xFB,
    0x3B, 0xA5, 0xFE, 0xFC, 0x39, 0xA4, 0xFE, 0xFC, 0x37, 0xA4, 0xFE, 0xFC, 0x37, 0xA4, 0xFE, 0xFC,
    0x36, 0xA4, 0xFE, 0xFC, 0x35, 0xA2, 0xFD, 0xFC, 0x37, 0xA3, 0xFD, 0xFC, 0x37, 0xA3, 0xFD, 0xFC,
    0x3C, 0xA6, 0xFE, 0xFC, 0x3D, 0xA6, 0xFE, 0xFC, 0x34, 0x9E, 0xFD, 0xFC, 0x31, 0x9F, 0xFE, 0xFC,
    0x31, 0x9F, 0xFE, 0xFC, 0x31, 0xA2, 0xFE, 0xFC, 0x31, 0xA4, 0xFE, 0xFC, 0x31, 0xA3, 0xFD, 0xFC,
    0x31, 0xA3, 0xFD, 0xFC, 0x35, 0xA9, 0xFE, 0xFC, 0x30, 0xA2, 0xFE, 0xFC, 0x25, 0x95, 0xF8, 0xFC,
    0x25, 0x95, 0xF8, 0xFC, 0x28, 0x97, 0xFA, 0xFC, 0x36, 0xA5, 0xFE, 0xFC, 0x39, 0xA7, 0xFE, 0xFC,
    0x39, 0xA7, 0xFE, 0xFC, 0x3C, 0xAA, 0xFE, 0xFC, 0x3C, 0xA9, 0xFE, 0xFC, 0x3D, 0xAA, 0xFE, 0xFC,
    0x3D, 0xAA, 0xFE, 0xFC, 0x3D, 0xAB, 0xFF, 0xFC, 0x3F, 0xAC, 0xFE, 0xFC, 0x44, 0xAC, 0xFD, 0xFC,
    0x44, 0xAC, 0xFD, 0xFC, 0x55, 0xB6, 0xFD, 0xFC, 0x6B, 0xC6, 0xFE, 0xFD, 0x5B, 0xBA, 0xFD, 0xFD,
    0x5B, 0xBA, 0xFD, 0xFD, 0x40, 0xAA, 0xFC, 0xFD, 0x3C, 0xAB, 0xFE, 0xFD, 0x3A, 0xAA, 0xFE, 0xFD,
    0x3A, 0xAA, 0xFE, 0xFD, 0x3A, 0xA9, 0xFE, 0xFD, 0x3B, 0xAA, 0xFE, 0xFD, 0x3A, 0xA9, 0xFF, 0xFD,
    0x3A, 0xA9, 0xFF, 0xFD, 0x3A, 0xA9, 0xFF, 0xFD, 0x3B, 0xAA, 0xFF, 0xFD, 0x3B, 0xA9, 0xFE, 0xFD,
    0x3B, 0xA9, 0xFE, 0xFD, 0x3B, 0xA9, 0xFF, 0xFD, 0x3C, 0xAA, 0xFF, 0xFD, 0x3C, 0xA9, 0xFE, 0xFD,
    0x3C, 0xA9, 0xFE, 0xFD, 0x3C, 0xA8, 0xFF, 0xFD, 0x3D, 0xA8, 0xFE, 0xFD, 0x39, 0xA5, 0xFE, 0xFD,
    0x39, 0xA5, 0xFE, 0xFD, 0x2E, 0x9A, 0xFB, 0xFD, 0x24, 0x93, 0xFB, 0xFD, 0x16, 0x86, 0xF8, 0xFC,
    0x16, 0x86, 0xF8, 0xFC, 0x15, 0x84, 0xF9, 0xFC, 0x16, 0x69, 0xDB, 0xFC, 0x0F, 0x54, 0xB6, 0xFC,
    0x2A, 0x91, 0xF2, 0xFC, 0x2A, 0x91, 0xF2, 0xFC, 0x29, 0x9C, 0xFA, 0xFC, 0x23, 0x95, 0xF6, 0xFC,
    0x26, 0x96, 0xF6, 0xFC, 0x26, 0x96, 0xF6, 0xFC, 0x28, 0x9C, 0xFA, 0xFC, 0x26, 0x99, 0xF9, 0xFC,
    0x24, 0x97, 0xF8, 0xFB, 0x24, 0x97, 0xF8, 0xFB, 0x23, 0x99, 0xFA, 0xFB, 0x20, 0x94, 0xF9, 0xFA,
    0x19, 0x86, 0xF4, 0xFA, 0x19, 0x86, 0xF4, 0xFA, 0x19, 0x80, 0xEF, 0xFA, 0x0F, 0x59, 0xBC, 0xF4,
    0x17, 0x56, 0xA2, 0xB9, 0x17, 0x56, 0xA2, 0xB9, 0x2F, 0x79, 0xC3, 0x36, 0x2D, 0x7F, 0xD2, 0x03,
    0x2F, 0x7F, 0xD1, 0x05, 0x2F, 0x7F, 0xD1, 0x05, 0x2F, 0x7E, 0xD0, 0x01, 0x31, 0x7F, 0xD0, 0x01,
    0x32, 0x80, 0xD0, 0x01, 0x32, 0x80, 0xD0, 0x01, 0x32, 0x80, 0xCF, 0x01, 0x00, 0x00, 0x00, 0x00,
    0x00, 0x00, 0x00, 0x00, 0x00, 0x00, 0x00, 0x00, 0x00, 0x00, 0x00, 0x00, 0x00, 0x00, 0x00, 0x00,
    0x00, 0x00, 0x00, 0x00, 0x00, 0x00, 0x00, 0x00, 0x00, 0x00, 0x00, 0x00, 0x00, 0x00, 0x00, 0x00,
    0x00, 0x00, 0x00, 0x00, 0x00, 0x00, 0x00, 0x00, 0x00, 0x00, 0x00, 0x00, 0x00, 0x00, 0x00, 0x00,
    0x00, 0x00, 0x00, 0x00, 0x00, 0x00, 0x00, 0x00, 0x00, 0x00, 0x00, 0x00, 0x00, 0x00, 0x00, 0x00,
    0x00, 0x00, 0x00, 0x00, 0x3D, 0x87, 0xD2, 0x01, 0x00, 0x00, 0x00, 0x00, 0x00, 0x00, 0x00, 0x00,
    0x3F, 0x89, 0xD4, 0x02, 0x00, 0x00, 0x00, 0x00, 0x39, 0x87, 0xD2, 0x13, 0x39, 0x87, 0xD2, 0x13,
    0x22, 0x4F, 0x93, 0x6D, 0x12, 0x2A, 0x64, 0xE6, 0x86, 0xAB, 0xE6, 0xF9, 0x86, 0xAB, 0xE6, 0xF9,
    0x88, 0xA4, 0xF6, 0xF7, 0x5D, 0x82, 0xEC, 0xFA, 0x2D, 0x70, 0xE7, 0xFA, 0x2D, 0x70, 0xE7, 0xFA,
    0x39, 0x9B, 0xFA, 0xFB, 0x3A, 0xA7, 0xFD, 0xFB, 0x3A, 0xA5, 0xFD, 0xFB, 0x3A, 0xA5, 0xFD, 0xFB,
    0x38, 0xA4, 0xFE, 0xFC, 0x38, 0xA4, 0xFE, 0xFC, 0x36, 0xA4, 0xFE, 0xFC, 0x36, 0xA4, 0xFE, 0xFC,
    0x35, 0xA4, 0xFE, 0xFC, 0x34, 0xA2, 0xFD, 0xFC, 0x37, 0xA5, 0xFD, 0xFC, 0x37, 0xA5, 0xFD, 0xFC,
    0x3C, 0xA9, 0xFE, 0xFC, 0x3D, 0xA8, 0xFE, 0xFC, 0x33, 0x9E, 0xFC, 0xFC, 0x2E, 0x9C, 0xFC, 0xFC,
    0x2E, 0x9C, 0xFC, 0xFC, 0x32, 0xA3, 0xFE, 0xFC, 0x32, 0xA4, 0xFE, 0xFC, 0x34, 0xA7, 0xFE, 0xFC,
    0x34, 0xA7, 0xFE, 0xFC, 0x38, 0xAC, 0xFE, 0xFC, 0x32, 0xA5, 0xFE, 0xFC, 0x25, 0x96, 0xF8, 0xFC,
    0x25, 0x96, 0xF8, 0xFC, 0x2A, 0x9A, 0xFA, 0xFC, 0x37, 0xA9, 0xFE, 0xFC, 0x3B, 0xAA, 0xFE, 0xFC,
    0x3B, 0xAA, 0xFE, 0xFC, 0x3C, 0xAC, 0xFE, 0xFC, 0x3D, 0xAA, 0xFE, 0xFC, 0x3E, 0xAB, 0xFF, 0xFC,
    0x3E, 0xAB, 0xFF, 0xFC, 0x3E, 0xAE, 0xFF, 0xFC, 0x41, 0xAF, 0xFE, 0xFC, 0x48, 0xB0, 0xFE, 0xFD,
    0x48, 0xB0, 0xFE, 0xFD, 0x59, 0xBB, 0xFE, 0xFC, 0x6E, 0xC8, 0xFE, 0xFD, 0x65, 0xC2, 0xFE, 0xFD,
    0x65, 0xC2, 0xFE, 0xFD, 0x48, 0xB1, 0xFE, 0xFD, 0x3E, 0xAC, 0xFE, 0xFD, 0x3C, 0xAC, 0xFE, 0xFD,
    0x3C, 0xAC, 0xFE, 0xFD, 0x3A, 0xAB, 0xFE, 0xFD, 0x3A, 0xAA, 0xFE, 0xFD, 0x3A, 0xAA, 0xFF, 0xFD,
    0x3A, 0xAA, 0xFF, 0xFD, 0x3A, 0xAA, 0xFF, 0xFD, 0x3A, 0xAA, 0xFF, 0xFD, 0x3B, 0xA9, 0xFE, 0xFD,
    0x3B, 0xA9, 0xFE, 0xFD, 0x3B, 0xA9, 0xFE, 0xFD, 0x3B, 0xA9, 0xFE, 0xFD, 0x3B, 0xA8, 0xFE, 0xFD,
    0x3B, 0xA8, 0xFE, 0xFD, 0x3B, 0xA9, 0xFF, 0xFD, 0x39, 0xA8, 0xFE, 0xFD, 0x35, 0xA3, 0xFD, 0xFD,
    0x35, 0xA3, 0xFD, 0xFD, 0x30, 0x9E, 0xFD, 0xFD, 0x24, 0x94, 0xFC, 0xFD, 0x1A, 0x8A, 0xF8, 0xFD,
    0x1A, 0x8A, 0xF8, 0xFD, 0x13, 0x81, 0xF4, 0xFD, 0x1A, 0x79, 0xED, 0xFD, 0x09, 0x3E, 0x9C, 0xFD,
    0x10, 0x54, 0xAE, 0xFC, 0x10, 0x54, 0xAE, 0xFC, 0x2E, 0x9C, 0xF7, 0xFC, 0x25, 0x9A, 0xF8, 0xFC,
    0x25, 0x99, 0xF8, 0xFC, 0x25, 0x99, 0xF8, 0xFC, 0x28, 0x9E, 0xFB, 0xFC, 0x26, 0x9C, 0xFA, 0xFC,
    0x25, 0x9B, 0xFA, 0xFC, 0x25, 0x9B, 0xFA, 0xFC, 0x25, 0x9A, 0xF9, 0xFB, 0x25, 0x98, 0xFC, 0xFB,
    0x1E, 0x8E, 0xF8, 0xFA, 0x1E, 0x8E, 0xF8, 0xFA, 0x14, 0x88, 0xF6, 0xFA, 0x15, 0x7B, 0xE7, 0xF4,
    0x06, 0x39, 0x8A, 0xF1, 0x06, 0x39, 0x8A, 0xF1, 0x09, 0x2F, 0x75, 0xB4, 0x32, 0x7F, 0xD1, 0x13,
    0x2D, 0x7E, 0xD2, 0x08, 0x2D, 0x7E, 0xD2, 0x08, 0x30, 0x80, 0xD1, 0x01, 0x31, 0x7F, 0xCF, 0x01,
    0x33, 0x81, 0xD1, 0x01, 0x33, 0x81, 0xD1, 0x01, 0x32, 0x80, 0xCF, 0x01, 0x00, 0x00, 0x00, 0x00,
    0x00, 0x00, 0x00, 0x00, 0x00, 0x00, 0x00, 0x00, 0x00, 0x00, 0x00, 0x00, 0x00, 0x00, 0x00, 0x00,
    0x00, 0x00, 0x00, 0x00, 0x00, 0x00, 0x00, 0x00, 0x00, 0x00, 0x00, 0x00, 0x00, 0x00, 0x00, 0x00,
    0x00, 0x00, 0x00, 0x00, 0x00, 0x00, 0x00, 0x00, 0x00, 0x00, 0x00, 0x00, 0x00, 0x00, 0x00, 0x00,
    0x00, 0x00, 0x00, 0x00, 0x00, 0x00, 0x00, 0x00, 0x00, 0x00, 0x00, 0x00, 0x00, 0x00, 0x00, 0x00,
    0x00, 0x00, 0x00, 0x00, 0x3D, 0x86, 0xD2, 0x01, 0x3E, 0x88, 0xD2, 0x01, 0x3E, 0x88, 0xD2, 0x01,
    0x3E, 0x87, 0xD2, 0x01, 0x3C, 0x87, 0xD3, 0x03, 0x36, 0x89, 0xD3, 0x07, 0x36, 0x89, 0xD3, 0x07,
    0x39, 0x8A, 0xD3, 0x13, 0x29, 0x60, 0xA0, 0x9E, 0x22, 0x4A, 0x94, 0xFA, 0x22, 0x4A, 0x94, 0xFA,
    0x84, 0xB1, 0xF8, 0xF6, 0x58, 0x8C, 0xF5, 0xFA, 0x2C, 0x7A, 0xEF, 0xFB, 0x2C, 0x7A, 0xEF, 0xFB,
    0x35, 0x9E, 0xFC, 0xFC, 0x37, 0xA5, 0xFD, 0xFC, 0x38, 0xA5, 0xFD, 0xFC, 0x38, 0xA5, 0xFD, 0xFC,
    0x38, 0xA3, 0xFE, 0xFC, 0x38, 0xA5, 0xFE, 0xFC, 0x37, 0xA4, 0xFE, 0xFC, 0x37, 0xA4, 0xFE, 0xFC,
    0x36, 0xA4, 0xFE, 0xFC, 0x36, 0xA5, 0xFE, 0xFC, 0x35, 0xA2, 0xFD, 0xFC, 0x35, 0xA2, 0xFD, 0xFC,
    0x3C, 0xA8, 0xFD, 0xFC, 0x3C, 0xA6, 0xFD, 0xFC, 0x33, 0x9D, 0xFC, 0xFC, 0x31, 0x9F, 0xFC, 0xFC,
    0x31, 0x9F, 0xFC, 0xFC, 0x30, 0x9E, 0xFD, 0xFC, 0x35, 0xA6, 0xFE, 0xFC, 0x36, 0xA7, 0xFE, 0xFC,
    0x36, 0xA7, 0xFE, 0xFC, 0x37, 0xA9, 0xFE, 0xFC, 0x35, 0xA7, 0xFE, 0xFC, 0x28, 0x99, 0xF8, 0xFC,
    0x28, 0x99, 0xF8, 0xFC, 0x2B, 0x9B, 0xFA, 0xFC, 0x38, 0xA8, 0xFE, 0xFC, 0x3B, 0xAA, 0xFE, 0xFC,
    0x3B, 0xAA, 0xFE, 0xFC, 0x3C, 0xAB, 0xFE, 0xFC, 0x3E, 0xAC, 0xFE, 0xFC, 0x3F, 0xAC, 0xFE, 0xFC,
    0x3F, 0xAC, 0xFE, 0xFC, 0x3F, 0xAC, 0xFE, 0xFC, 0x45, 0xB0, 0xFE, 0xFD, 0x4C, 0xB2, 0xFE, 0xFD,
    0x4C, 0xB2, 0xFE, 0xFD, 0x52, 0xB4, 0xFE, 0xFD, 0x5A, 0xB9, 0xFE, 0xFD, 0x58, 0xB9, 0xFF, 0xFD,
    0x58, 0xB9, 0xFF, 0xFD, 0x47, 0xB0, 0xFE, 0xFD, 0x41, 0xAE, 0xFE, 0xFD, 0x3D, 0xAB, 0xFE, 0xFD,
    0x3D, 0xAB, 0xFE, 0xFD, 0x3B, 0xAC, 0xFF, 0xFD, 0x3A, 0xA9, 0xFE, 0xFD, 0x3A, 0xAA, 0xFE, 0xFD,
    0x3A, 0xAA, 0xFE, 0xFD, 0x3A, 0xA9, 0xFF, 0xFD, 0x3B, 0xA9, 0xFE, 0xFD, 0x3B, 0xA9, 0xFE, 0xFD,
    0x3B, 0xA9, 0xFE, 0xFD, 0x3B, 0xA9, 0xFE, 0xFD, 0x3A, 0xA7, 0xFE, 0xFD, 0x39, 0xA6, 0xFE, 0xFD,
    0x39, 0xA6, 0xFE, 0xFD, 0x39, 0xA6, 0xFE, 0xFD, 0x37, 0xA6, 0xFE, 0xFD, 0x32, 0x9F, 0xFC, 0xFD,
    0x32, 0x9F, 0xFC, 0xFD, 0x2F, 0x9D, 0xFD, 0xFD, 0x26, 0x95, 0xFC, 0xFD, 0x19, 0x86, 0xF6, 0xFD,
    0x19, 0x86, 0xF6, 0xFD, 0x11, 0x7C, 0xEE, 0xFD, 0x1A, 0x78, 0xEC, 0xFD, 0x08, 0x30, 0x87, 0xFD,
    0x01, 0x17, 0x5B, 0xFD, 0x01, 0x17, 0x5B, 0xFD, 0x27, 0x85, 0xE0, 0xFD, 0x22, 0x9A, 0xF7, 0xFD,
    0x20, 0x97, 0xF7, 0xFC, 0x20, 0x97, 0xF7, 0xFC, 0x1D, 0x8F, 0xF2, 0xFC, 0x1B, 0x8F, 0xF1, 0xFC,
    0x25, 0x9C, 0xFA, 0xFC, 0x25, 0x9C, 0xFA, 0xFC, 0x26, 0x98, 0xF8, 0xFC, 0x29, 0x9B, 0xFC, 0xFC,
    0x23, 0x90, 0xF8, 0xFB, 0x23, 0x90, 0xF8, 0xFB, 0x15, 0x83, 0xF1, 0xFB, 0x1B, 0x89, 0xF4, 0xF9,
    0x09, 0x48, 0xA8, 0xF2, 0x09, 0x48, 0xA8, 0xF2, 0x01, 0x13, 0x58, 0xD7, 0x2B, 0x72, 0xC1, 0x28,
    0x2E, 0x80, 0xD6, 0x08, 0x2E, 0x80, 0xD6, 0x08, 0x2F, 0x7E, 0xCF, 0x04, 0x31, 0x7F, 0xCF, 0x02,
    0x32, 0x80, 0xD0, 0x01, 0x32, 0x80, 0xD0, 0x01, 0x32, 0x81, 0xD0, 0x01, 0x00, 0x00, 0x00, 0x00,
    0x00, 0x00, 0x00, 0x00, 0x00, 0x00, 0x00, 0x00, 0x00, 0x00, 0x00, 0x00, 0x00, 0x00, 0x00, 0x00,
    0x00, 0x00, 0x00, 0x00, 0x00, 0x00, 0x00, 0x00, 0x00, 0x00, 0x00, 0x00, 0x00, 0x00, 0x00, 0x00,
    0x00, 0x00, 0x00, 0x00, 0x00, 0x00, 0x00, 0x00, 0x00, 0x00, 0x00, 0x00, 0x00, 0x00, 0x00, 0x00,
    0x00, 0x00, 0x00, 0x00, 0x00, 0x00, 0x00, 0x00, 0x00, 0x00, 0x00, 0x00, 0x00, 0x00, 0x00, 0x00,
    0x00, 0x00, 0x00, 0x00, 0x3D, 0x87, 0xD2, 0x01, 0x3D, 0x88, 0xD2, 0x01, 0x3D, 0x88, 0xD2, 0x01,
    0x3D, 0x88, 0xD2, 0x01, 0x00, 0x00, 0x00, 0x00, 0x39, 0x89, 0xD3, 0x06, 0x39, 0x89, 0xD3, 0x06,
    0x34, 0x8D, 0xD6, 0x02, 0x3E, 0x91, 0xDA, 0x62, 0x19, 0x51, 0x96, 0xF7, 0x19, 0x51, 0x96, 0xF7,
    0x36, 0x63, 0xAA, 0xF6, 0x4E, 0x8E, 0xEE, 0xF9, 0x36, 0x91, 0xF9, 0xFB, 0x36, 0x91, 0xF9, 0xFB,
    0x38, 0xA3, 0xFD, 0xFB, 0x37, 0xA2, 0xFC, 0xFC, 0x38, 0xA4, 0xFD, 0xFC, 0x38, 0xA4, 0xFD, 0xFC,
    0x38, 0xA4, 0xFD, 0xFC, 0x38, 0xA6, 0xFD, 0xFC, 0x38, 0xA5, 0xFD, 0xFC, 0x38, 0xA5, 0xFD, 0xFC,
    0x36, 0xA4, 0xFD, 0xFC, 0x35, 0xA4, 0xFE, 0xFC, 0x35, 0xA4, 0xFD, 0xFC, 0x35, 0xA4, 0xFD, 0xFC,
    0x3A, 0xA6, 0xFD, 0xFC, 0x43, 0xAD, 0xFD, 0xFC, 0x41, 0xAB, 0xFD, 0xFC, 0x39, 0xA8, 0xFD, 0xFC,
    0x39, 0xA8, 0xFD, 0xFC, 0x33, 0xA2, 0xFD, 0xFC, 0x37, 0xAA, 0xFE, 0xFC, 0x37, 0xA9, 0xFE, 0xFC,
    0x37, 0xA9, 0xFE, 0xFC, 0x3C, 0xAE, 0xFE, 0xFC, 0x3A, 0xAC, 0xFE, 0xFC, 0x32, 0xA3, 0xFD, 0xFC,
    0x32, 0xA3, 0xFD, 0xFC, 0x33, 0xA4, 0xFD, 0xFC, 0x39, 0xAB, 0xFE, 0xFC, 0x3C, 0xAC, 0xFE, 0xFD,
    0x3C, 0xAC, 0xFE, 0xFD, 0x3D, 0xAC, 0xFE, 0xFD, 0x3F, 0xAD, 0xFE, 0xFD, 0x40, 0xAF, 0xFE, 0xFD,
    0x40, 0xAF, 0xFE, 0xFD, 0x42, 0xAD, 0xFD, 0xFD, 0x50, 0xB5, 0xFE, 0xFD, 0x59, 0xB9, 0xFE, 0xFD,
    0x59, 0xB9, 0xFE, 0xFD, 0x54, 0xB6, 0xFE, 0xFD, 0x50, 0xB2, 0xFE, 0xFD, 0x4F, 0xB4, 0xFF, 0xFD,
    0x4F, 0xB4, 0xFF, 0xFD, 0x48, 0xB4, 0xFF, 0xFD, 0x44, 0xB2, 0xFF, 0xFD, 0x3E, 0xAB, 0xFE, 0xFD,
    0x3E, 0xAB, 0xFE, 0xFD, 0x3D, 0xAD, 0xFF, 0xFD, 0x3B, 0xAA, 0xFF, 0xFD, 0x3A, 0xAA, 0xFE, 0xFD,
    0x3A, 0xAA, 0xFE, 0xFD, 0x3A, 0xA9, 0xFE, 0xFD, 0x3B, 0xAA, 0xFE, 0xFD, 0x3B, 0xA9, 0xFE, 0xFD,
    0x3B, 0xA9, 0xFE, 0xFD, 0x3A, 0xA8, 0xFE, 0xFD, 0x3A, 0xA7, 0xFD, 0xFD, 0x39, 0xA6, 0xFD, 0xFD,
    0x39, 0xA6, 0xFD, 0xFD, 0x38, 0xA6, 0xFD, 0xFD, 0x35, 0xA5, 0xFD, 0xFD, 0x33, 0xA3, 0xFD, 0xFD,
    0x33, 0xA3, 0xFD, 0xFD, 0x2F, 0x9E, 0xFD, 0xFD, 0x24, 0x93, 0xFB, 0xFD, 0x19, 0x87, 0xF5, 0xFD,
    0x19, 0x87, 0xF5, 0xFD, 0x10, 0x7C, 0xED, 0xFD, 0x1A, 0x7B, 0xEE, 0xFD, 0x0D, 0x3B, 0x94, 0xFD,
    0x01, 0x10, 0x49, 0xFD, 0x01, 0x10, 0x49, 0xFD, 0x28, 0x83, 0xD5, 0xFD, 0x24, 0x9F, 0xF8, 0xFD,
    0x1F, 0x96, 0xF7, 0xFD, 0x1F, 0x96, 0xF7, 0xFD, 0x13, 0x82, 0xEA, 0xFC, 0x10, 0x81, 0xE6, 0xFC,
    0x28, 0x9E, 0xFB, 0xFC, 0x28, 0x9E, 0xFB, 0xFC, 0x29, 0x9D, 0xF9, 0xFC, 0x2A, 0x9D, 0xFB, 0xFC,
    0x26, 0x95, 0xFA, 0xFC, 0x26, 0x95, 0xFA, 0xFC, 0x1C, 0x8B, 0xF7, 0xFB, 0x17, 0x88, 0xF6, 0xFB,
    0x17, 0x79, 0xE4, 0xF5, 0x17, 0x79, 0xE4, 0xF5, 0x09, 0x45, 0x9D, 0xF3, 0x16, 0x53, 0x9B, 0xA6,
    0x2E, 0x79, 0xCA, 0x2B, 0x2E, 0x79, 0xCA, 0x2B, 0x32, 0x82, 0xD6, 0x03, 0x30, 0x7F, 0xD0, 0x03,
    0x32, 0x80, 0xD1, 0x02, 0x32, 0x80, 0xD1, 0x02, 0x32, 0x81, 0xD0, 0x02, 0x00, 0x00, 0x00, 0x00,
    0x00, 0x00, 0x00, 0x00, 0x00, 0x00, 0x00, 0x00, 0x00, 0x00, 0x00, 0x00, 0x00, 0x00, 0x00, 0x00,
    0x00, 0x00, 0x00, 0x00, 0x00, 0x00, 0x00, 0x00, 0x00, 0x00, 0x00, 0x00, 0x00, 0x00, 0x00, 0x00,
    0x00, 0x00, 0x00, 0x00, 0x00, 0x00, 0x00, 0x00, 0x00, 0x00, 0x00, 0x00, 0x00, 0x00, 0x00, 0x00,
    0x00, 0x00, 0x00, 0x00, 0x00, 0x00, 0x00, 0x00, 0x00, 0x00, 0x00, 0x00, 0x00, 0x00, 0x00, 0x00,
    0x00, 0x00, 0x00, 0x00, 0x3D, 0x87, 0xD2, 0x01, 0x3D, 0x88, 0xD2, 0x01, 0x3D, 0x88, 0xD2, 0x01,
    0x3D, 0x88, 0xD2, 0x01, 0x00, 0x00, 0x00, 0x00, 0x39, 0x89, 0xD3, 0x06, 0x39, 0x89, 0xD3, 0x06,
    0x34, 0x8D, 0xD6, 0x02, 0x3E, 0x91, 0xDA, 0x62, 0x19, 0x51, 0x96, 0xF7, 0x19, 0x51, 0x96, 0xF7,
    0x36, 0x63, 0xAA, 0xF6, 0x4E, 0x8E, 0xEE, 0xF9, 0x36, 0x91, 0xF9, 0xFB, 0x36, 0x91, 0xF9, 0xFB,
    0x38, 0xA3, 0xFD, 0xFB, 0x37, 0xA2, 0xFC, 0xFC, 0x38, 0xA4, 0xFD, 0xFC, 0x38, 0xA4, 0xFD, 0xFC,
    0x38, 0xA4, 0xFD, 0xFC, 0x38, 0xA6, 0xFD, 0xFC, 0x38, 0xA5, 0xFD, 0xFC, 0x38, 0xA5, 0xFD, 0xFC,
    0x36, 0xA4, 0xFD, 0xFC, 0x35, 0xA4, 0xFE, 0xFC, 0x35, 0xA4, 0xFD, 0xFC, 0x35, 0xA4, 0xFD, 0xFC,
    0x3A, 0xA6, 0xFD, 0xFC, 0x43, 0xAD, 0xFD, 0xFC, 0x41, 0xAB, 0xFD, 0xFC, 0x39, 0xA8, 0xFD, 0xFC,
    0x39, 0xA8, 0xFD, 0xFC, 0x33, 0xA2, 0xFD, 0xFC, 0x37, 0xAA, 0xFE, 0xFC, 0x37, 0xA9, 0xFE, 0xFC,
    0x37, 0xA9, 0xFE, 0xFC, 0x3C, 0xAE, 0xFE, 0xFC, 0x3A, 0xAC, 0xFE, 0xFC, 0x32, 0xA3, 0xFD, 0xFC,
    0x32, 0xA3, 0xFD, 0xFC, 0x33, 0xA4, 0xFD, 0xFC, 0x39, 0xAB, 0xFE, 0xFC, 0x3C, 0xAC, 0xFE, 0xFD,
    0x3C, 0xAC, 0xFE, 0xFD, 0x3D, 0xAC, 0xFE, 0xFD, 0x3F, 0xAD, 0xFE, 0xFD, 0x40, 0xAF, 0xFE, 0xFD,
    0x40, 0xAF, 0xFE, 0xFD, 0x42, 0xAD, 0xFD, 0xFD, 0x50, 0xB5, 0xFE, 0xFD, 0x59, 0xB9, 0xFE, 0xFD,
    0x59, 0xB9, 0xFE, 0xFD, 0x54, 0xB6, 0xFE, 0xFD, 0x50, 0xB2, 0xFE, 0xFD, 0x4F, 0xB4, 0xFF, 0xFD,
    0x4F, 0xB4, 0xFF, 0xFD, 0x48, 0xB4, 0xFF, 0xFD, 0x44, 0xB2, 0xFF, 0xFD, 0x3E, 0xAB, 0xFE, 0xFD,
    0x3E, 0xAB, 0xFE, 0xFD, 0x3D, 0xAD, 0xFF, 0xFD, 0x3B, 0xAA, 0xFF, 0xFD, 0x3A, 0xAA, 0xFE, 0xFD,
    0x3A, 0xAA, 0xFE, 0xFD, 0x3A, 0xA9, 0xFE, 0xFD, 0x3B, 0xAA, 0xFE, 0xFD, 0x3B, 0xA9, 0xFE, 0xFD,
    0x3B, 0xA9, 0xFE, 0xFD, 0x3A, 0xA8, 0xFE, 0xFD, 0x3A, 0xA7, 0xFD, 0xFD, 0x39, 0xA6, 0xFD, 0xFD,
    0x39, 0xA6, 0xFD, 0xFD, 0x38, 0xA6, 0xFD, 0xFD, 0x35, 0xA5, 0xFD, 0xFD, 0x33, 0xA3, 0xFD, 0xFD,
    0x33, 0xA3, 0xFD, 0xFD, 0x2F, 0x9E, 0xFD, 0xFD, 0x24, 0x93, 0xFB, 0xFD, 0x19, 0x87, 0xF5, 0xFD,
    0x19, 0x87, 0xF5, 0xFD, 0x10, 0x7C, 0xED, 0xFD, 0x1A, 0x7B, 0xEE, 0xFD, 0x0D, 0x3B, 0x94, 0xFD,
    0x01, 0x10, 0x49, 0xFD, 0x01, 0x10, 0x49, 0xFD, 0x28, 0x83, 0xD5, 0xFD, 0x24, 0x9F, 0xF8, 0xFD,
    0x1F, 0x96, 0xF7, 0xFD, 0x1F, 0x96, 0xF7, 0xFD, 0x13, 0x82, 0xEA, 0xFC, 0x10, 0x81, 0xE6, 0xFC,
    0x28, 0x9E, 0xFB, 0xFC, 0x28, 0x9E, 0xFB, 0xFC, 0x29, 0x9D, 0xF9, 0xFC, 0x2A, 0x9D, 0xFB, 0xFC,
    0x26, 0x95, 0xFA, 0xFC, 0x26, 0x95, 0xFA, 0xFC, 0x1C, 0x8B, 0xF7, 0xFB, 0x17, 0x88, 0xF6, 0xFB,
    0x17, 0x79, 0xE4, 0xF5, 0x17, 0x79, 0xE4, 0xF5, 0x09, 0x45, 0x9D, 0xF3, 0x16, 0x53, 0x9B, 0xA6,
    0x2E, 0x79, 0xCA, 0x2B, 0x2E, 0x79, 0xCA, 0x2B, 0x32, 0x82, 0xD6, 0x03, 0x30, 0x7F, 0xD0, 0x03,
    0x32, 0x80, 0xD1, 0x02, 0x32, 0x80, 0xD1, 0x02, 0x32, 0x81, 0xD0, 0x02, 0x00, 0x00, 0x00, 0x00,
    0x00, 0x00, 0x00, 0x00, 0x00, 0x00, 0x00, 0x00, 0x00, 0x00, 0x00, 0x00, 0x00, 0x00, 0x00, 0x00,
    0x00, 0x00, 0x00, 0x00, 0x00, 0x00, 0x00, 0x00, 0x00, 0x00, 0x00, 0x00, 0x00, 0x00, 0x00, 0x00,
    0x00, 0x00, 0x00, 0x00, 0x00, 0x00, 0x00, 0x00, 0x00, 0x00, 0x00, 0x00, 0x00, 0x00, 0x00, 0x00,
    0x00, 0x00, 0x00, 0x00, 0x00, 0x00, 0x00, 0x00, 0x00, 0x00, 0x00, 0x00, 0x00, 0x00, 0x00, 0x00,
    0x00, 0x00, 0x00, 0x00, 0x00, 0x00, 0x00, 0x00, 0x3C, 0x89, 0xD2, 0x01, 0x3C, 0x89, 0xD2, 0x01,
    0x3C, 0x89, 0xD3, 0x01, 0x3C, 0x88, 0xD3, 0x01, 0x3C, 0x89, 0xD4, 0x04, 0x3C, 0x89, 0xD4, 0x04,
    0x36, 0x87, 0xD1, 0x02, 0x32, 0x85, 0xD2, 0x11, 0x37, 0x80, 0xC4, 0x9E, 0x37, 0x80, 0xC4, 0x9E,
    0x03, 0x19, 0x54, 0xFB, 0x21, 0x59, 0xB2, 0xF9, 0x3A, 0xA0, 0xFB, 0xFB, 0x3A, 0xA0, 0xFB, 0xFB,
    0x35, 0xA1, 0xFB, 0xFB, 0x3A, 0xA2, 0xFA, 0xFC, 0x3B, 0xA5, 0xFB, 0xFC, 0x3B, 0xA5, 0xFB, 0xFC,
    0x39, 0xA4, 0xFC, 0xFC, 0x38, 0xA5, 0xFD, 0xFC, 0x37, 0xA5, 0xFE, 0xFC, 0x37, 0xA5, 0xFE, 0xFC,
    0x37, 0xA6, 0xFE, 0xFC, 0x35, 0xA2, 0xFD, 0xFC, 0x35, 0xA4, 0xFD, 0xFC, 0x35, 0xA4, 0xFD, 0xFC,
    0x37, 0xA2, 0xFB, 0xFC, 0x4D, 0xB1, 0xFD, 0xFC, 0x51, 0xB5, 0xFE, 0xFC, 0x42, 0xAC, 0xFE, 0xFC,
    0x42, 0xAC, 0xFE, 0xFC, 0x39, 0xA7, 0xFE, 0xFC, 0x38, 0xA8, 0xFE, 0xFC, 0x3A, 0xAB, 0xFE, 0xFC,
    0x3A, 0xAB, 0xFE, 0xFC, 0x3E, 0xB0, 0xFE, 0xFC, 0x3F, 0xB0, 0xFF, 0xFD, 0x3E, 0xAF, 0xFE, 0xFD,
    0x3E, 0xAF, 0xFE, 0xFD, 0x3B, 0xAB, 0xFE, 0xFD, 0x3B, 0xAB, 0xFE, 0xFD, 0x3D, 0xAB, 0xFE, 0xFD,
    0x3D, 0xAB, 0xFE, 0xFD, 0x3F, 0xAF, 0xFF, 0xFD, 0x3F, 0xAD, 0xFE, 0xFD, 0x40, 0xAD, 0xFE, 0xFD,
    0x40, 0xAD, 0xFE, 0xFD, 0x4A, 0xB1, 0xFE, 0xFD, 0x64, 0xC1, 0xFF, 0xFD, 0x70, 0xC8, 0xFF, 0xFD,
    0x70, 0xC8, 0xFF, 0xFD, 0x5F, 0xBE, 0xFF, 0xFD, 0x51, 0xB3, 0xFE, 0xFD, 0x52, 0xBB, 0xFF, 0xFD,
    0x52, 0xBB, 0xFF, 0xFD, 0x48, 0xB4, 0xFF, 0xFD, 0x44, 0xB1, 0xFF, 0xFD, 0x41, 0xAE, 0xFF, 0xFD,
    0x41, 0xAE, 0xFF, 0xFD, 0x3C, 0xAB, 0xFE, 0xFD, 0x3B, 0xAB, 0xFE, 0xFD, 0x39, 0xA9, 0xFE, 0xFD,
    0x39, 0xA9, 0xFE, 0xFD, 0x39, 0xA8, 0xFE, 0xFD, 0x3A, 0xA9, 0xFE, 0xFD, 0x3B, 0xA7, 0xFE, 0xFD,
    0x3B, 0xA7, 0xFE, 0xFD, 0x3A, 0xA8, 0xFE, 0xFD, 0x3A, 0xA7, 0xFD, 0xFD, 0x39, 0xA6, 0xFD, 0xFD,
    0x39, 0xA6, 0xFD, 0xFD, 0x37, 0xA5, 0xFC, 0xFD, 0x35, 0xA2, 0xFC, 0xFD, 0x34, 0xA4, 0xFD, 0xFD,
    0x34, 0xA4, 0xFD, 0xFD, 0x30, 0x9F, 0xFD, 0xFD, 0x22, 0x8E, 0xFA, 0xFD, 0x14, 0x81, 0xF2, 0xFD,
    0x14, 0x81, 0xF2, 0xFD, 0x0D, 0x77, 0xE8, 0xFD, 0x15, 0x76, 0xEB, 0xFD, 0x12, 0x4B, 0xAC, 0xFD,
    0x00, 0x10, 0x4F, 0xFD, 0x00, 0x10, 0x4F, 0xFD, 0x21, 0x77, 0xCD, 0xFD, 0x21, 0x94, 0xF6, 0xFD,
    0x22, 0x95, 0xF9, 0xFD, 0x22, 0x95, 0xF9, 0xFD, 0x1B, 0x8B, 0xF3, 0xFD, 0x1D, 0x8C, 0xEF, 0xFD,
    0x29, 0x9C, 0xFA, 0xFC, 0x29, 0x9C, 0xFA, 0xFC, 0x29, 0x9D, 0xF8, 0xFC, 0x2C, 0x9C, 0xFA, 0xFC,
    0x29, 0x96, 0xFA, 0xFC, 0x29, 0x96, 0xFA, 0xFC, 0x20, 0x8D, 0xF8, 0xFB, 0x13, 0x80, 0xF1, 0xFC,
    0x13, 0x82, 0xF6, 0xF8, 0x13, 0x82, 0xF6, 0xF8, 0x16, 0x6E, 0xD8, 0xF4, 0x01, 0x1B, 0x5A, 0xE8,
    0x1A, 0x57, 0xA1, 0x50, 0x1A, 0x57, 0xA1, 0x50, 0x33, 0x88, 0xDD, 0x02, 0x2E, 0x80, 0xD2, 0x07,
    0x32, 0x81, 0xD2, 0x03, 0x32, 0x81, 0xD2, 0x03, 0x33, 0x81, 0xD1, 0x02, 0x00, 0x00, 0x00, 0x00,
    0x00, 0x00, 0x00, 0x00, 0x00, 0x00, 0x00, 0x00, 0x00, 0x00, 0x00, 0x00, 0x00, 0x00, 0x00, 0x00,
    0x00, 0x00, 0x00, 0x00, 0x00, 0x00, 0x00, 0x00, 0x00, 0x00, 0x00, 0x00, 0x00, 0x00, 0x00, 0x00,
    0x00, 0x00, 0x00, 0x00, 0x00, 0x00, 0x00, 0x00, 0x00, 0x00, 0x00, 0x00, 0x00, 0x00, 0x00, 0x00,
    0x00, 0x00, 0x00, 0x00, 0x00, 0x00, 0x00, 0x00, 0x00, 0x00, 0x00, 0x00, 0x00, 0x00, 0x00, 0x00,
    0x00, 0x00, 0x00, 0x00, 0x3D, 0x88, 0xD3, 0x01, 0x3D, 0x89, 0xD3, 0x01, 0x3D, 0x89, 0xD3, 0x01,
    0x3D, 0x89, 0xD3, 0x01, 0x3D, 0x89, 0xD4, 0x01, 0x3C, 0x89, 0xD4, 0x01, 0x3C, 0x89, 0xD4, 0x01,
    0x3A, 0x89, 0xD5, 0x07, 0x33, 0x87, 0xD5, 0x05, 0x37, 0x84, 0xCA, 0x81, 0x37, 0x84, 0xCA, 0x81,
    0x07, 0x25, 0x66, 0xF9, 0x14, 0x4C, 0xA7, 0xF9, 0x38, 0xA2, 0xFB, 0xFB, 0x38, 0xA2, 0xFB, 0xFB,
    0x35, 0xA0, 0xFB, 0xFC, 0x3B, 0xA3, 0xFA, 0xFC, 0x3C, 0xA5, 0xFA, 0xFC, 0x3C, 0xA5, 0xFA, 0xFC,
    0x39, 0xA5, 0xFB, 0xFC, 0x38, 0xA5, 0xFD, 0xFC, 0x38, 0xA6, 0xFE, 0xFC, 0x38, 0xA6, 0xFE, 0xFC,
    0x38, 0xA7, 0xFE, 0xFC, 0x36, 0xA4, 0xFD, 0xFC, 0x35, 0xA3, 0xFD, 0xFC, 0x35, 0xA3, 0xFD, 0xFC,
    0x3A, 0xA4, 0xFB, 0xFC, 0x5B, 0xBE, 0xFE, 0xFC, 0x5B, 0xBE, 0xFF, 0xFC, 0x4B, 0xB4, 0xFF, 0xFC,
    0x4B, 0xB4, 0xFF, 0xFC, 0x3F, 0xAC, 0xFF, 0xFC, 0x3B, 0xA9, 0xFE, 0xFC, 0x3D, 0xAE, 0xFE, 0xFD,
    0x3D, 0xAE, 0xFE, 0xFD, 0x40, 0xB1, 0xFF, 0xFD, 0x42, 0xB1, 0xFF, 0xFD, 0x44, 0xB4, 0xFF, 0xFD,
    0x44, 0xB4, 0xFF, 0xFD, 0x3F, 0xAF, 0xFE, 0xFD, 0x3F, 0xAF, 0xFF, 0xFD, 0x3F, 0xAD, 0xFF, 0xFD,
    0x3F, 0xAD, 0xFF, 0xFD, 0x41, 0xAF, 0xFF, 0xFD, 0x41, 0xAE, 0xFF, 0xFD, 0x42, 0xAD, 0xFE, 0xFD,
    0x42, 0xAD, 0xFE, 0xFD, 0x4F, 0xB4, 0xFE, 0xFD, 0x71, 0xCB, 0xFF, 0xFD, 0x79, 0xCF, 0xFF, 0xFD,
    0x79, 0xCF, 0xFF, 0xFD, 0x63, 0xC2, 0xFE, 0xFD, 0x51, 0xB5, 0xFE, 0xFD, 0x4C, 0xB2, 0xFE, 0xFD,
    0x4C, 0xB2, 0xFE, 0xFD, 0x49, 0xB4, 0xFE, 0xFD, 0x46, 0xB4, 0xFF, 0xFD, 0x3F, 0xAF, 0xFE, 0xFD,
    0x3F, 0xAF, 0xFE, 0xFD, 0x3D, 0xAD, 0xFE, 0xFD, 0x39, 0xA9, 0xFE, 0xFD, 0x39, 0xA9, 0xFE, 0xFD,
    0x39, 0xA9, 0xFE, 0xFD, 0x39, 0xA9, 0xFD, 0xFD, 0x39, 0xA9, 0xFD, 0xFD, 0x3A, 0xA8, 0xFD, 0xFD,
    0x3A, 0xA8, 0xFD, 0xFD, 0x3B, 0xA8, 0xFE, 0xFD, 0x3B, 0xA7, 0xFD, 0xFD, 0x39, 0xA7, 0xFD, 0xFD,
    0x39, 0xA7, 0xFD, 0xFD, 0x37, 0xA5, 0xFC, 0xFD, 0x35, 0xA2, 0xFC, 0xFD, 0x33, 0xA2, 0xFD, 0xFD,
    0x33, 0xA2, 0xFD, 0xFD, 0x2D, 0x9E, 0xFD, 0xFD, 0x1D, 0x8C, 0xF9, 0xFD, 0x13, 0x7E, 0xF1, 0xFD,
    0x13, 0x7E, 0xF1, 0xFD, 0x0E, 0x79, 0xEA, 0xFD, 0x19, 0x82, 0xF0, 0xFD, 0x18, 0x5C, 0xC2, 0xFD,
    0x00, 0x15, 0x5B, 0xFD, 0x00, 0x15, 0x5B, 0xFD, 0x27, 0x80, 0xD5, 0xFD, 0x25, 0x9C, 0xF8, 0xFD,
    0x22, 0x98, 0xF9, 0xFD, 0x22, 0x98, 0xF9, 0xFD, 0x22, 0x99, 0xFB, 0xFD, 0x22, 0x98, 0xFA, 0xFD,
    0x28, 0x9C, 0xFB, 0xFC, 0x28, 0x9C, 0xFB, 0xFC, 0x29, 0x9D, 0xF8, 0xFC, 0x2F, 0xA0, 0xFA, 0xFC,
    0x2B, 0x97, 0xFA, 0xFC, 0x2B, 0x97, 0xFA, 0xFC, 0x23, 0x91, 0xFA, 0xFB, 0x14, 0x82, 0xF3, 0xFB,
    0x15, 0x85, 0xFC, 0xFA, 0x15, 0x85, 0xFC, 0xFA, 0x16, 0x6D, 0xD8, 0xF1, 0x00, 0x1A, 0x4F, 0xEA,
    0x1C, 0x56, 0x9B, 0x71, 0x1C, 0x56, 0x9B, 0x71, 0x2F, 0x84, 0xD6, 0x0C, 0x2E, 0x81, 0xD2, 0x08,
    0x32, 0x82, 0xD4, 0x02, 0x32, 0x82, 0xD4, 0x02, 0x33, 0x81, 0xD1, 0x02, 0x00, 0x00, 0x00, 0x00,
    0x00, 0x00, 0x00, 0x00, 0x00, 0x00, 0x00, 0x00, 0x00, 0x00, 0x00, 0x00, 0x00, 0x00, 0x00, 0x00,
    0x00, 0x00, 0x00, 0x00, 0x00, 0x00, 0x00, 0x00, 0x00, 0x00, 0x00, 0x00, 0x00, 0x00, 0x00, 0x00,
    0x00, 0x00, 0x00, 0x00, 0x00, 0x00, 0x00, 0x00, 0x00, 0x00, 0x00, 0x00, 0x00, 0x00, 0x00, 0x00,
    0x00, 0x00, 0x00, 0x00, 0x00, 0x00, 0x00, 0x00, 0x00, 0x00, 0x00, 0x00, 0x00, 0x00, 0x00, 0x00,
    0x00, 0x00, 0x00, 0x00, 0x3D, 0x88, 0xD2, 0x01, 0x3E, 0x89, 0xD2, 0x01, 0x3E, 0x89, 0xD2, 0x01,
    0x3E, 0x89, 0xD3, 0x01, 0x3D, 0x89, 0xD4, 0x01, 0x3C, 0x8A, 0xD4, 0x02, 0x3C, 0x8A, 0xD4, 0x02,
    0x3A, 0x8A, 0xD3, 0x05, 0x3F, 0x8E, 0xDB, 0x09, 0x18, 0x4D, 0x92, 0xC8, 0x18, 0x4D, 0x92, 0xC8,
    0x06, 0x2A, 0x71, 0xFD, 0x23, 0x73, 0xD8, 0xF8, 0x2E, 0x9A, 0xFA, 0xFC, 0x2E, 0x9A, 0xFA, 0xFC,
    0x35, 0x9F, 0xFB, 0xFC, 0x38, 0xA2, 0xFA, 0xFC, 0x39, 0xA4, 0xFB, 0xFC, 0x39, 0xA4, 0xFB, 0xFC,
    0x38, 0xA4, 0xFC, 0xFC, 0x38, 0xA7, 0xFE, 0xFC, 0x38, 0xA5, 0xFE, 0xFC, 0x38, 0xA5, 0xFE, 0xFC,
    0x39, 0xA7, 0xFE, 0xFC, 0x39, 0xA7, 0xFE, 0xFC, 0x37, 0xA1, 0xFD, 0xFC, 0x37, 0xA1, 0xFD, 0xFC,
    0x41, 0xA6, 0xFA, 0xFC, 0x5E, 0xBC, 0xFF, 0xFC, 0x5C, 0xBE, 0xFF, 0xFC, 0x4E, 0xB5, 0xFF, 0xFC,
    0x4E, 0xB5, 0xFF, 0xFC, 0x43, 0xAD, 0xFE, 0xFC, 0x42, 0xAF, 0xFE, 0xFC, 0x3F, 0xAD, 0xFE, 0xFD,
    0x3F, 0xAD, 0xFE, 0xFD, 0x40, 0xAF, 0xFF, 0xFD, 0x42, 0xB0, 0xFE, 0xFD, 0x44, 0xB2, 0xFF, 0xFD,
    0x44, 0xB2, 0xFF, 0xFD, 0x43, 0xB1, 0xFF, 0xFD, 0x40, 0xB0, 0xFE, 0xFD, 0x40, 0xAE, 0xFF, 0xFD,
    0x40, 0xAE, 0xFF, 0xFD, 0x40, 0xAD, 0xFE, 0xFD, 0x42, 0xAF, 0xFF, 0xFD, 0x43, 0xAF, 0xFE, 0xFD,
    0x43, 0xAF, 0xFE, 0xFD, 0x48, 0xB0, 0xFD, 0xFD, 0x5B, 0xBB, 0xFE, 0xFD, 0x5F, 0xBF, 0xFE, 0xFD,
    0x5F, 0xBF, 0xFE, 0xFD, 0x50, 0xB5, 0xFD, 0xFD, 0x49, 0xB0, 0xFE, 0xFD, 0x4A, 0xB4, 0xFE, 0xFD,
    0x4A, 0xB4, 0xFE, 0xFD, 0x46, 0xB1, 0xFE, 0xFD, 0x44, 0xB2, 0xFE, 0xFD, 0x3E, 0xAD, 0xFE, 0xFD,
    0x3E, 0xAD, 0xFE, 0xFD, 0x3B, 0xAD, 0xFE, 0xFD, 0x39, 0xAB, 0xFE, 0xFD, 0x37, 0xA8, 0xFD, 0xFD,
    0x37, 0xA8, 0xFD, 0xFD, 0x37, 0xA7, 0xFD, 0xFD, 0x39, 0xA9, 0xFD, 0xFD, 0x3A, 0xA8, 0xFD, 0xFD,
    0x3A, 0xA8, 0xFD, 0xFD, 0x3B, 0xA9, 0xFD, 0xFD, 0x3B, 0xA7, 0xFD, 0xFD, 0x3A, 0xA7, 0xFD, 0xFD,
    0x3A, 0xA7, 0xFD, 0xFD, 0x38, 0xA6, 0xFD, 0xFD, 0x36, 0xA6, 0xFD, 0xFD, 0x2C, 0x9C, 0xFB, 0xFD,
    0x2C, 0x9C, 0xFB, 0xFD, 0x1E, 0x91, 0xF9, 0xFD, 0x14, 0x85, 0xF6, 0xFD, 0x15, 0x83, 0xF3, 0xFD,
    0x15, 0x83, 0xF3, 0xFD, 0x12, 0x7E, 0xED, 0xFD, 0x18, 0x7E, 0xEE, 0xFD, 0x16, 0x59, 0xC1, 0xFD,
    0x00, 0x0A, 0x54, 0xFD, 0x00, 0x0A, 0x54, 0xFD, 0x26, 0x7E, 0xD7, 0xFD, 0x26, 0x9C, 0xF8, 0xFD,
    0x1E, 0x91, 0xF5, 0xFD, 0x1E, 0x91, 0xF5, 0xFD, 0x23, 0x9B, 0xFB, 0xFD, 0x22, 0x9B, 0xFC, 0xFD,
    0x26, 0x9B, 0xFB, 0xFC, 0x26, 0x9B, 0xFB, 0xFC, 0x27, 0x9A, 0xF8, 0xFC, 0x2E, 0xA1, 0xFB, 0xFC,
    0x2B, 0x97, 0xFA, 0xFC, 0x2B, 0x97, 0xFA, 0xFC, 0x21, 0x8E, 0xF9, 0xFB, 0x11, 0x7F, 0xF2, 0xFB,
    0x14, 0x84, 0xFD, 0xFB, 0x14, 0x84, 0xFD, 0xFB, 0x0B, 0x5B, 0xCB, 0xF8, 0x00, 0x18, 0x56, 0xF6,
    0x22, 0x63, 0xAE, 0x6E, 0x22, 0x63, 0xAE, 0x6E, 0x2B, 0x82, 0xD6, 0x0A, 0x2E, 0x82, 0xD3, 0x08,
    0x32, 0x82, 0xD3, 0x04, 0x32, 0x82, 0xD3, 0x04, 0x33, 0x82, 0xD1, 0x03, 0x00, 0x00, 0x00, 0x00,
    0x00, 0x00, 0x00, 0x00, 0x00, 0x00, 0x00, 0x00, 0x00, 0x00, 0x00, 0x00, 0x00, 0x00, 0x00, 0x00,
    0x00, 0x00, 0x00, 0x00, 0x00, 0x00, 0x00, 0x00, 0x00, 0x00, 0x00, 0x00, 0x00, 0x00, 0x00, 0x00,
    0x00, 0x00, 0x00, 0x00, 0x00, 0x00, 0x00, 0x00, 0x00, 0x00, 0x00, 0x00, 0x00, 0x00, 0x00, 0x00,
    0x00, 0x00, 0x00, 0x00, 0x00, 0x00, 0x00, 0x00, 0x00, 0x00, 0x00, 0x00, 0x00, 0x00, 0x00, 0x00,
    0x00, 0x00, 0x00, 0x00, 0x3D, 0x88, 0xD2, 0x01, 0x3E, 0x89, 0xD2, 0x01, 0x3E, 0x89, 0xD2, 0x01,
    0x3E, 0x89, 0xD3, 0x01, 0x3D, 0x89, 0xD4, 0x01, 0x3C, 0x8A, 0xD4, 0x02, 0x3C, 0x8A, 0xD4, 0x02,
    0x3A, 0x8A, 0xD3, 0x05, 0x3F, 0x8E, 0xDB, 0x09, 0x18, 0x4D, 0x92, 0xC8, 0x18, 0x4D, 0x92, 0xC8,
    0x06, 0x2A, 0x71, 0xFD, 0x23, 0x73, 0xD8, 0xF8, 0x2E, 0x9A, 0xFA, 0xFC, 0x2E, 0x9A, 0xFA, 0xFC,
    0x35, 0x9F, 0xFB, 0xFC, 0x38, 0xA2, 0xFA, 0xFC, 0x39, 0xA4, 0xFB, 0xFC, 0x39, 0xA4, 0xFB, 0xFC,
    0x38, 0xA4, 0xFC, 0xFC, 0x38, 0xA7, 0xFE, 0xFC, 0x38, 0xA5, 0xFE, 0xFC, 0x38, 0xA5, 0xFE, 0xFC,
    0x39, 0xA7, 0xFE, 0xFC, 0x39, 0xA7, 0xFE, 0xFC, 0x37, 0xA1, 0xFD, 0xFC, 0x37, 0xA1, 0xFD, 0xFC,
    0x41, 0xA6, 0xFA, 0xFC, 0x5E, 0xBC, 0xFF, 0xFC, 0x5C, 0xBE, 0xFF, 0xFC, 0x4E, 0xB5, 0xFF, 0xFC,
    0x4E, 0xB5, 0xFF, 0xFC, 0x43, 0xAD, 0xFE, 0xFC, 0x42, 0xAF, 0xFE, 0xFC, 0x3F, 0xAD, 0xFE, 0xFD,
    0x3F, 0xAD, 0xFE, 0xFD, 0x40, 0xAF, 0xFF, 0xFD, 0x42, 0xB0, 0xFE, 0xFD, 0x44, 0xB2, 0xFF, 0xFD,
    0x44, 0xB2, 0xFF, 0xFD, 0x43, 0xB1, 0xFF, 0xFD, 0x40, 0xB0, 0xFE, 0xFD, 0x40, 0xAE, 0xFF, 0xFD,
    0x40, 0xAE, 0xFF, 0xFD, 0x40, 0xAD, 0xFE, 0xFD, 0x42, 0xAF, 0xFF, 0xFD, 0x43, 0xAF, 0xFE, 0xFD,
    0x43, 0xAF, 0xFE, 0xFD, 0x48, 0xB0, 0xFD, 0xFD, 0x5B, 0xBB, 0xFE, 0xFD, 0x5F, 0xBF, 0xFE, 0xFD,
    0x5F, 0xBF, 0xFE, 0xFD, 0x50, 0xB5, 0xFD, 0xFD, 0x49, 0xB0, 0xFE, 0xFD, 0x4A, 0xB4, 0xFE, 0xFD,
    0x4A, 0xB4, 0xFE, 0xFD, 0x46, 0xB1, 0xFE, 0xFD, 0x44, 0xB2, 0xFE, 0xFD, 0x3E, 0xAD, 0xFE, 0xFD,
    0x3E, 0xAD, 0xFE, 0xFD, 0x3B, 0xAD, 0xFE, 0xFD, 0x39, 0xAB, 0xFE, 0xFD, 0x37, 0xA8, 0xFD, 0xFD,
    0x37, 0xA8, 0xFD, 0xFD, 0x37, 0xA7, 0xFD, 0xFD, 0x39, 0xA9, 0xFD, 0xFD, 0x3A, 0xA8, 0xFD, 0xFD,
    0x3A, 0xA8, 0xFD, 0xFD, 0x3B, 0xA9, 0xFD, 0xFD, 0x3B, 0xA7, 0xFD, 0xFD, 0x3A, 0xA7, 0xFD, 0xFD,
    0x3A, 0xA7, 0xFD, 0xFD, 0x38, 0xA6, 0xFD, 0xFD, 0x36, 0xA6, 0xFD, 0xFD, 0x2C, 0x9C, 0xFB, 0xFD,
    0x2C, 0x9C, 0xFB, 0xFD, 0x1E, 0x91, 0xF9, 0xFD, 0x14, 0x85, 0xF6, 0xFD, 0x15, 0x83, 0xF3, 0xFD,
    0x15, 0x83, 0xF3, 0xFD, 0x12, 0x7E, 0xED, 0xFD, 0x18, 0x7E, 0xEE, 0xFD, 0x16, 0x59, 0xC1, 0xFD,
    0x00, 0x0A, 0x54, 0xFD, 0x00, 0x0A, 0x54, 0xFD, 0x26, 0x7E, 0xD7, 0xFD, 0x26, 0x9C, 0xF8, 0xFD,
    0x1E, 0x91, 0xF5, 0xFD, 0x1E, 0x91, 0xF5, 0xFD, 0x23, 0x9B, 0xFB, 0xFD, 0x22, 0x9B, 0xFC, 0xFD,
    0x26, 0x9B, 0xFB, 0xFC, 0x26, 0x9B, 0xFB, 0xFC, 0x27, 0x9A, 0xF8, 0xFC, 0x2E, 0xA1, 0xFB, 0xFC,
    0x2B, 0x97, 0xFA, 0xFC, 0x2B, 0x97, 0xFA, 0xFC, 0x21, 0x8E, 0xF9, 0xFB, 0x11, 0x7F, 0xF2, 0xFB,
    0x14, 0x84, 0xFD, 0xFB, 0x14, 0x84, 0xFD, 0xFB, 0x0B, 0x5B, 0xCB, 0xF8, 0x00, 0x18, 0x56, 0xF6,
    0x22, 0x63, 0xAE, 0x6E, 0x22, 0x63, 0xAE, 0x6E, 0x2B, 0x82, 0xD6, 0x0A, 0x2E, 0x82, 0xD3, 0x08,
    0x32, 0x82, 0xD3, 0x04, 0x32, 0x82, 0xD3, 0x04, 0x33, 0x82, 0xD1, 0x03, 0x00, 0x00, 0x00, 0x00,
    0x00, 0x00, 0x00, 0x00, 0x00, 0x00, 0x00, 0x00, 0x00, 0x00, 0x00, 0x00, 0x00, 0x00, 0x00, 0x00,
    0x00, 0x00, 0x00, 0x00, 0x00, 0x00, 0x00, 0x00, 0x00, 0x00, 0x00, 0x00, 0x00, 0x00, 0x00, 0x00,
    0x00, 0x00, 0x00, 0x00, 0x00, 0x00, 0x00, 0x00, 0x00, 0x00, 0x00, 0x00, 0x00, 0x00, 0x00, 0x00,
    0x00, 0x00, 0x00, 0x00, 0x00, 0x00, 0x00, 0x00, 0x00, 0x00, 0x00, 0x00, 0x00, 0x00, 0x00, 0x00,
    0x00, 0x00, 0x00, 0x00, 0x3D, 0x88, 0xD2, 0x01, 0x3D, 0x89, 0xD2, 0x01, 0x3D, 0x89, 0xD2, 0x01,
    0x3D, 0x89, 0xD3, 0x01, 0x3D, 0x89, 0xD4, 0x01, 0x3C, 0x8B, 0xD4, 0x01, 0x3C, 0x8B, 0xD4, 0x01,
    0x39, 0x8B, 0xD3, 0x04, 0x46, 0x95, 0xE1, 0x08, 0x0A, 0x2F, 0x67, 0xC5, 0x0A, 0x2F, 0x67, 0xC5,
    0x09, 0x33, 0x74, 0xFC, 0x30, 0x97, 0xF6, 0xF8, 0x27, 0x96, 0xF9, 0xFC, 0x27, 0x96, 0xF9, 0xFC,
    0x32, 0x9F, 0xFB, 0xFC, 0x36, 0xA2, 0xFB, 0xFC, 0x37, 0xA4, 0xFB, 0xFC, 0x37, 0xA4, 0xFB, 0xFC,
    0x37, 0xA5, 0xFD, 0xFC, 0x38, 0xA7, 0xFE, 0xFC, 0x39, 0xA7, 0xFF, 0xFC, 0x39, 0xA7, 0xFF, 0xFC,
    0x3A, 0xA8, 0xFF, 0xFC, 0x3A, 0xA8, 0xFE, 0xFC, 0x3E, 0xA8, 0xFE, 0xFC, 0x3E, 0xA8, 0xFE, 0xFC,
    0x52, 0xB5, 0xFE, 0xFC, 0x61, 0xC0, 0xFF, 0xFC, 0x59, 0xBB, 0xFF, 0xFC, 0x50, 0xB8, 0xFF, 0xFC,
    0x50, 0xB8, 0xFF, 0xFC, 0x47, 0xB0, 0xFF, 0xFC, 0x45, 0xB1, 0xFF, 0xFD, 0x42, 0xB0, 0xFE, 0xFD,
    0x42, 0xB0, 0xFE, 0xFD, 0x42, 0xB0, 0xFF, 0xFD, 0x43, 0xB2, 0xFF, 0xFD, 0x44, 0xB3, 0xFF, 0xFD,
    0x44, 0xB3, 0xFF, 0xFD, 0x42, 0xB1, 0xFF, 0xFD, 0x42, 0xB3, 0xFF, 0xFD, 0x41, 0xAF, 0xFF, 0xFD,
    0x41, 0xAF, 0xFF, 0xFD, 0x41, 0xAF, 0xFF, 0xFD, 0x42, 0xB0, 0xFF, 0xFD, 0x43, 0xB2, 0xFE, 0xFD,
    0x43, 0xB2, 0xFE, 0xFD, 0x40, 0xAD, 0xFD, 0xFD, 0x45, 0xAF, 0xFD, 0xFD, 0x45, 0xAE, 0xFC, 0xFD,
    0x45, 0xAE, 0xFC, 0xFD, 0x47, 0xB3, 0xFD, 0xFD, 0x48, 0xB5, 0xFE, 0xFD, 0x4A, 0xB9, 0xFE, 0xFD,
    0x4A, 0xB9, 0xFE, 0xFD, 0x43, 0xB1, 0xFE, 0xFD, 0x41, 0xB0, 0xFE, 0xFD, 0x3D, 0xAF, 0xFE, 0xFD,
    0x3D, 0xAF, 0xFE, 0xFD, 0x3A, 0xAB, 0xFE, 0xFD, 0x34, 0xA3, 0xFC, 0xFD, 0x35, 0xA6, 0xFD, 0xFD,
    0x35, 0xA6, 0xFD, 0xFD, 0x39, 0xA8, 0xFD, 0xFD, 0x39, 0xA8, 0xFD, 0xFD, 0x3A, 0xA9, 0xFD, 0xFD,
    0x3A, 0xA9, 0xFD, 0xFD, 0x3B, 0xAA, 0xFD, 0xFD, 0x3B, 0xA8, 0xFE, 0xFD, 0x38, 0xA6, 0xFD, 0xFD,
    0x38, 0xA6, 0xFD, 0xFD, 0x32, 0xA0, 0xFC, 0xFD, 0x29, 0x9A, 0xFB, 0xFD, 0x1D, 0x90, 0xF7, 0xFD,
    0x1D, 0x90, 0xF7, 0xFD, 0x16, 0x89, 0xF7, 0xFD, 0x16, 0x87, 0xF8, 0xFD, 0x19, 0x8A, 0xF6, 0xFD,
    0x19, 0x8A, 0xF6, 0xFD, 0x13, 0x81, 0xF0, 0xFD, 0x1B, 0x83, 0xF0, 0xFD, 0x15, 0x59, 0xC1, 0xFD,
    0x01, 0x19, 0x65, 0xFD, 0x01, 0x19, 0x65, 0xFD, 0x32, 0x92, 0xE7, 0xFD, 0x28, 0xA1, 0xF8, 0xFD,
    0x21, 0x97, 0xF7, 0xFD, 0x21, 0x97, 0xF7, 0xFD, 0x24, 0x9B, 0xFB, 0xFD, 0x24, 0x9C, 0xFB, 0xFD,
    0x26, 0x9E, 0xFC, 0xFC, 0x26, 0x9E, 0xFC, 0xFC, 0x29, 0x9C, 0xFB, 0xFC, 0x2D, 0xA1, 0xFB, 0xFC,
    0x29, 0x97, 0xFA, 0xFC, 0x29, 0x97, 0xFA, 0xFC, 0x22, 0x90, 0xFB, 0xFB, 0x16, 0x85, 0xF7, 0xFB,
    0x13, 0x86, 0xFD, 0xFA, 0x13, 0x86, 0xFD, 0xFA, 0x12, 0x74, 0xEB, 0xF9, 0x09, 0x44, 0x9C, 0xF2,
    0x15, 0x50, 0x9B, 0xAF, 0x15, 0x50, 0x9B, 0xAF, 0x22, 0x70, 0xC2, 0x35, 0x32, 0x85, 0xD7, 0x02,
    0x31, 0x82, 0xD3, 0x06, 0x31, 0x82, 0xD3, 0x06, 0x33, 0x82, 0xD1, 0x02, 0x00, 0x00, 0x00, 0x00,
    0x00, 0x00, 0x00, 0x00, 0x00, 0x00, 0x00, 0x00, 0x00, 0x00, 0x00, 0x00, 0x00, 0x00, 0x00, 0x00,
    0x00, 0x00, 0x00, 0x00, 0x00, 0x00, 0x00, 0x00, 0x00, 0x00, 0x00, 0x00, 0x00, 0x00, 0x00, 0x00,
    0x00, 0x00, 0x00, 0x00, 0x00, 0x00, 0x00, 0x00, 0x00, 0x00, 0x00, 0x00, 0x00, 0x00, 0x00, 0x00,
    0x00, 0x00, 0x00, 0x00, 0x00, 0x00, 0x00, 0x00, 0x00, 0x00, 0x00, 0x00, 0x00, 0x00, 0x00, 0x00,
    0x00, 0x00, 0x00, 0x00, 0x3C, 0x88, 0xD1, 0x01, 0x3D, 0x89, 0xD2, 0x01, 0x3D, 0x89, 0xD2, 0x01,
    0x3D, 0x88, 0xD3, 0x01, 0x3D, 0x89, 0xD4, 0x01, 0x3C, 0x8B, 0xD4, 0x02, 0x3C, 0x8B, 0xD4, 0x02,
    0x39, 0x8B, 0xD2, 0x04, 0x46, 0x93, 0xDE, 0x0F, 0x06, 0x23, 0x53, 0xCD, 0x06, 0x23, 0x53, 0xCD,
    0x04, 0x23, 0x60, 0xFC, 0x2E, 0x92, 0xF3, 0xF8, 0x26, 0x94, 0xF8, 0xFB, 0x26, 0x94, 0xF8, 0xFB,
    0x30, 0x9F, 0xFB, 0xFC, 0x34, 0xA0, 0xFA, 0xFC, 0x36, 0xA3, 0xFB, 0xFC, 0x36, 0xA3, 0xFB, 0xFC,
    0x37, 0xA4, 0xFC, 0xFC, 0x38, 0xA6, 0xFE, 0xFC, 0x3A, 0xA8, 0xFF, 0xFC, 0x3A, 0xA8, 0xFF, 0xFC,
    0x3B, 0xA8, 0xFE, 0xFC, 0x3A, 0xA4, 0xFD, 0xFC, 0x46, 0xA8, 0xFD, 0xFC, 0x46, 0xA8, 0xFD, 0xFC,
    0x65, 0xBE, 0xFE, 0xFC, 0x61, 0xBC, 0xFD, 0xFC, 0x54, 0xB5, 0xFE, 0xFC, 0x51, 0xBA, 0xFF, 0xFD,
    0x51, 0xBA, 0xFF, 0xFD, 0x47, 0xB2, 0xFF, 0xFC, 0x46, 0xAF, 0xFE, 0xFD, 0x45, 0xB1, 0xFE, 0xFD,
    0x45, 0xB1, 0xFE, 0xFD, 0x45, 0xB2, 0xFF, 0xFD, 0x43, 0xAF, 0xFE, 0xFD, 0x45, 0xB0, 0xFF, 0xFD,
    0x45, 0xB0, 0xFF, 0xFD, 0x44, 0xAE, 0xFE, 0xFD, 0x44, 0xB0, 0xFF, 0xFD, 0x44, 0xAE, 0xFF, 0xFD,
    0x44, 0xAE, 0xFF, 0xFD, 0x43, 0xB0, 0xFF, 0xFD, 0x41, 0xAE, 0xFE, 0xFD, 0x40, 0xAD, 0xFE, 0xFD,
    0x40, 0xAD, 0xFE, 0xFD, 0x3F, 0xAF, 0xFE, 0xFD, 0x3F, 0xAD, 0xFD, 0xFD, 0x40, 0xAB, 0xFD, 0xFD,
    0x40, 0xAB, 0xFD, 0xFD, 0x45, 0xB1, 0xFD, 0xFD, 0x44, 0xB0, 0xFD, 0xFD, 0x42, 0xAE, 0xFD, 0xFD,
    0x42, 0xAE, 0xFD, 0xFD, 0x40, 0xB1, 0xFE, 0xFD, 0x3E, 0xB0, 0xFE, 0xFD, 0x39, 0xA8, 0xFD, 0xFD,
    0x39, 0xA8, 0xFD, 0xFD, 0x2F, 0x98, 0xF5, 0xFD, 0x26, 0x91, 0xEF, 0xFD, 0x36, 0xA5, 0xFD, 0xFD,
    0x36, 0xA5, 0xFD, 0xFD, 0x3A, 0xA9, 0xFE, 0xFD, 0x3A, 0xA8, 0xFD, 0xFD, 0x3A, 0xA7, 0xFD, 0xFD,
    0x3A, 0xA7, 0xFD, 0xFD, 0x3A, 0xA8, 0xFE, 0xFD, 0x38, 0xA6, 0xFD, 0xFD, 0x33, 0xA1, 0xFC, 0xFD,
    0x33, 0xA1, 0xFC, 0xFD, 0x27, 0x95, 0xF7, 0xFD, 0x1D, 0x8C, 0xF4, 0xFD, 0x18, 0x87, 0xF3, 0xFD,
    0x18, 0x87, 0xF3, 0xFD, 0x1A, 0x8A, 0xFA, 0xFD, 0x19, 0x87, 0xF9, 0xFD, 0x16, 0x83, 0xF5, 0xFD,
    0x16, 0x83, 0xF5, 0xFD, 0x15, 0x84, 0xF2, 0xFD, 0x1A, 0x85, 0xF2, 0xFD, 0x0D, 0x4A, 0xB3, 0xFD,
    0x00, 0x11, 0x5A, 0xFD, 0x00, 0x11, 0x5A, 0xFD, 0x31, 0x92, 0xE9, 0xFD, 0x25, 0x9C, 0xF9, 0xFD,
    0x20, 0x97, 0xF8, 0xFD, 0x20, 0x97, 0xF8, 0xFD, 0x25, 0x9C, 0xFB, 0xFD, 0x25, 0x98, 0xFA, 0xFD,
    0x28, 0x9D, 0xFC, 0xFC, 0x28, 0x9D, 0xFC, 0xFC, 0x29, 0x9D, 0xFC, 0xFC, 0x2A, 0x9C, 0xFB, 0xFC,
    0x24, 0x93, 0xF9, 0xFC, 0x24, 0x93, 0xF9, 0xFC, 0x23, 0x93, 0xFB, 0xFB, 0x17, 0x83, 0xF7, 0xFB,
    0x0E, 0x7C, 0xF6, 0xFB, 0x0E, 0x7C, 0xF6, 0xFB, 0x14, 0x85, 0xFC, 0xFB, 0x1D, 0x75, 0xDD, 0xF6,
    0x02, 0x23, 0x65, 0xE7, 0x02, 0x23, 0x65, 0xE7, 0x0E, 0x47, 0x94, 0x57, 0x32, 0x85, 0xD8, 0x01,
    0x30, 0x82, 0xD2, 0x08, 0x30, 0x82, 0xD2, 0x08, 0x31, 0x81, 0xD0, 0x03, 0x00, 0x00, 0x00, 0x00,
    0x00, 0x00, 0x00, 0x00, 0x00, 0x00, 0x00, 0x00, 0x00, 0x00, 0x00, 0x00, 0x00, 0x00, 0x00, 0x00,
    0x00, 0x00, 0x00, 0x00, 0x00, 0x00, 0x00, 0x00, 0x00, 0x00, 0x00, 0x00, 0x00, 0x00, 0x00, 0x00,
    0x00, 0x00, 0x00, 0x00, 0x00, 0x00, 0x00, 0x00, 0x00, 0x00, 0x00, 0x00, 0x00, 0x00, 0x00, 0x00,
    0x00, 0x00, 0x00, 0x00, 0x00, 0x00, 0x00, 0x00, 0x00, 0x00, 0x00, 0x00, 0x00, 0x00, 0x00, 0x00,
    0x00, 0x00, 0x00, 0x00, 0x3D, 0x88, 0xD1, 0x01, 0x3D, 0x89, 0xD2, 0x01, 0x3D, 0x89, 0xD2, 0x01,
    0x3D, 0x89, 0xD3, 0x01, 0x3D, 0x89, 0xD4, 0x01, 0x3C, 0x8B, 0xD3, 0x02, 0x3C, 0x8B, 0xD3, 0x02,
    0x3A, 0x8B, 0xD2, 0x02, 0x44, 0x93, 0xDE, 0x0E, 0x09, 0x2B, 0x57, 0xCA, 0x09, 0x2B, 0x57, 0xCA,
    0x04, 0x25, 0x59, 0xFB, 0x31, 0x99, 0xF7, 0xF8, 0x28, 0x98, 0xFA, 0xFB, 0x28, 0x98, 0xFA, 0xFB,
    0x31, 0xA1, 0xFB, 0xFB, 0x34, 0xA0, 0xFB, 0xFC, 0x38, 0xA4, 0xFB, 0xFC, 0x38, 0xA4, 0xFB, 0xFC,
    0x38, 0xA4, 0xFC, 0xFC, 0x3A, 0xA7, 0xFE, 0xFC, 0x3C, 0xA8, 0xFF, 0xFC, 0x3C, 0xA8, 0xFF, 0xFC,
    0x3C, 0xA9, 0xFF, 0xFC, 0x3F, 0xAA, 0xFE, 0xFC, 0x4F, 0xB0, 0xFD, 0xFC, 0x4F, 0xB0, 0xFD, 0xFC,
    0x71, 0xC5, 0xFE, 0xFC, 0x6F, 0xC6, 0xFE, 0xFC, 0x57, 0xB9, 0xFE, 0xFD, 0x4F, 0xB8, 0xFF, 0xFC,
    0x4F, 0xB8, 0xFF, 0xFC, 0x47, 0xB3, 0xFE, 0xFD, 0x45, 0xB1, 0xFE, 0xFD, 0x45, 0xB1, 0xFE, 0xFD,
    0x45, 0xB1, 0xFE, 0xFD, 0x46, 0xB4, 0xFF, 0xFD, 0x46, 0xB2, 0xFF, 0xFD, 0x4B, 0xB4, 0xFE, 0xFD,
    0x4B, 0xB4, 0xFE, 0xFD, 0x52, 0xB6, 0xFE, 0xFD, 0x4F, 0xB4, 0xFE, 0xFD, 0x48, 0xAF, 0xFE, 0xFD,
    0x48, 0xAF, 0xFE, 0xFD, 0x43, 0xB0, 0xFE, 0xFD, 0x41, 0xB1, 0xFE, 0xFD, 0x40, 0xB0, 0xFE, 0xFD,
    0x40, 0xB0, 0xFE, 0xFD, 0x3F, 0xB2, 0xFE, 0xFD, 0x40, 0xB2, 0xFE, 0xFD, 0x3F, 0xAF, 0xFD, 0xFD,
    0x3F, 0xAF, 0xFD, 0xFD, 0x42, 0xB5, 0xFD, 0xFD, 0x40, 0xB1, 0xFD, 0xFD, 0x3E, 0xAD, 0xFD, 0xFD,
    0x3E, 0xAD, 0xFD, 0xFD, 0x3A, 0xAA, 0xFD, 0xFD, 0x3C, 0xAD, 0xFD, 0xFD, 0x31, 0x98, 0xF4, 0xFD,
    0x31, 0x98, 0xF4, 0xFD, 0x20, 0x82, 0xDE, 0xFD, 0x22, 0x86, 0xE4, 0xFD, 0x3C, 0xA9, 0xFE, 0xFD,
    0x3C, 0xA9, 0xFE, 0xFD, 0x3D, 0xAB, 0xFE, 0xFD, 0x3D, 0xAB, 0xFE, 0xFD, 0x3B, 0xA8, 0xFE, 0xFD,
    0x3B, 0xA8, 0xFE, 0xFD, 0x3A, 0xA8, 0xFE, 0xFD, 0x37, 0xA5, 0xFD, 0xFD, 0x32, 0xA1, 0xFC, 0xFD,
    0x32, 0xA1, 0xFC, 0xFD, 0x2D, 0x9A, 0xFA, 0xFD, 0x2C, 0x99, 0xFA, 0xFD, 0x25, 0x93, 0xF9, 0xFD,
    0x25, 0x93, 0xF9, 0xFD, 0x21, 0x93, 0xFC, 0xFD, 0x1C, 0x8B, 0xFA, 0xFD, 0x18, 0x88, 0xF7, 0xFD,
    0x18, 0x88, 0xF7, 0xFD, 0x15, 0x88, 0xF5, 0xFD, 0x16, 0x83, 0xF2, 0xFD, 0x0F, 0x4B, 0xAC, 0xFD,
    0x01, 0x13, 0x54, 0xFD, 0x01, 0x13, 0x54, 0xFD, 0x2F, 0x8C, 0xE5, 0xFD, 0x28, 0xA0, 0xFA, 0xFD,
    0x21, 0x9A, 0xF8, 0xFD, 0x21, 0x9A, 0xF8, 0xFD, 0x26, 0x9E, 0xFB, 0xFD, 0x26, 0x9C, 0xFB, 0xFD,
    0x28, 0x9C, 0xFC, 0xFC, 0x28, 0x9C, 0xFC, 0xFC, 0x29, 0x9D, 0xFB, 0xFC, 0x26, 0x9A, 0xF9, 0xFC,
    0x25, 0x95, 0xFC, 0xFC, 0x25, 0x95, 0xFC, 0xFC, 0x22, 0x94, 0xFC, 0xFB, 0x19, 0x8A, 0xFA, 0xFB,
    0x10, 0x82, 0xF9, 0xFA, 0x10, 0x82, 0xF9, 0xFA, 0x13, 0x8A, 0xFD, 0xFB, 0x1A, 0x7D, 0xE5, 0xF4,
    0x02, 0x1D, 0x58, 0xE9, 0x02, 0x1D, 0x58, 0xE9, 0x0F, 0x3F, 0x81, 0x61, 0x32, 0x86, 0xD4, 0x07,
    0x2F, 0x82, 0xD1, 0x08, 0x2F, 0x82, 0xD1, 0x08, 0x31, 0x82, 0xCF, 0x03, 0x00, 0x00, 0x00, 0x00,
    0x00, 0x00, 0x00, 0x00, 0x00, 0x00, 0x00, 0x00, 0x00, 0x00, 0x00, 0x00, 0x00, 0x00, 0x00, 0x00,
    0x00, 0x00, 0x00, 0x00, 0x00, 0x00, 0x00, 0x00, 0x00, 0x00, 0x00, 0x00, 0x00, 0x00, 0x00, 0x00,
    0x00, 0x00, 0x00, 0x00, 0x00, 0x00, 0x00, 0x00, 0x00, 0x00, 0x00, 0x00, 0x00, 0x00, 0x00, 0x00,
    0x00, 0x00, 0x00, 0x00, 0x00, 0x00, 0x00, 0x00, 0x00, 0x00, 0x00, 0x00, 0x00, 0x00, 0x00, 0x00,
    0x00, 0x00, 0x00, 0x00, 0x3D, 0x88, 0xD1, 0x01, 0x3D, 0x89, 0xD2, 0x01, 0x3D, 0x89, 0xD2, 0x01,
    0x3D, 0x89, 0xD3, 0x01, 0x3D, 0x89, 0xD4, 0x01, 0x3C, 0x8B, 0xD3, 0x02, 0x3C, 0x8B, 0xD3, 0x02,
    0x3A, 0x8B, 0xD2, 0x02, 0x44, 0x93, 0xDE, 0x0E, 0x09, 0x2B, 0x57, 0xCA, 0x09, 0x2B, 0x57, 0xCA,
    0x04, 0x25, 0x59, 0xFB, 0x31, 0x99, 0xF7, 0xF8, 0x28, 0x98, 0xFA, 0xFB, 0x28, 0x98, 0xFA, 0xFB,
    0x31, 0xA1, 0xFB, 0xFB, 0x34, 0xA0, 0xFB, 0xFC, 0x38, 0xA4, 0xFB, 0xFC, 0x38, 0xA4, 0xFB, 0xFC,
    0x38, 0xA4, 0xFC, 0xFC, 0x3A, 0xA7, 0xFE, 0xFC, 0x3C, 0xA8, 0xFF, 0xFC, 0x3C, 0xA8, 0xFF, 0xFC,
    0x3C, 0xA9, 0xFF, 0xFC, 0x3F, 0xAA, 0xFE, 0xFC, 0x4F, 0xB0, 0xFD, 0xFC, 0x4F, 0xB0, 0xFD, 0xFC,
    0x71, 0xC5, 0xFE, 0xFC, 0x6F, 0xC6, 0xFE, 0xFC, 0x57, 0xB9, 0xFE, 0xFD, 0x4F, 0xB8, 0xFF, 0xFC,
    0x4F, 0xB8, 0xFF, 0xFC, 0x47, 0xB3, 0xFE, 0xFD, 0x45, 0xB1, 0xFE, 0xFD, 0x45, 0xB1, 0xFE, 0xFD,
    0x45, 0xB1, 0xFE, 0xFD, 0x46, 0xB4, 0xFF, 0xFD, 0x46, 0xB2, 0xFF, 0xFD, 0x4B, 0xB4, 0xFE, 0xFD,
    0x4B, 0xB4, 0xFE, 0xFD, 0x52, 0xB6, 0xFE, 0xFD, 0x4F, 0xB4, 0xFE, 0xFD, 0x48, 0xAF, 0xFE, 0xFD,
    0x48, 0xAF, 0xFE, 0xFD, 0x43, 0xB0, 0xFE, 0xFD, 0x41, 0xB1, 0xFE, 0xFD, 0x40, 0xB0, 0xFE, 0xFD,
    0x40, 0xB0, 0xFE, 0xFD, 0x3F, 0xB2, 0xFE, 0xFD, 0x40, 0xB2, 0xFE, 0xFD, 0x3F, 0xAF, 0xFD, 0xFD,
    0x3F, 0xAF, 0xFD, 0xFD, 0x42, 0xB5, 0xFD, 0xFD, 0x40, 0xB1, 0xFD, 0xFD, 0x3E, 0xAD, 0xFD, 0xFD,
    0x3E, 0xAD, 0xFD, 0xFD, 0x3A, 0xAA, 0xFD, 0xFD, 0x3C, 0xAD, 0xFD, 0xFD, 0x31, 0x98, 0xF4, 0xFD,
    0x31, 0x98, 0xF4, 0xFD, 0x20, 0x82, 0xDE, 0xFD, 0x22, 0x86, 0xE4, 0xFD, 0x3C, 0xA9, 0xFE, 0xFD,
    0x3C, 0xA9, 0xFE, 0xFD, 0x3D, 0xAB, 0xFE, 0xFD, 0x3D, 0xAB, 0xFE, 0xFD, 0x3B, 0xA8, 0xFE, 0xFD,
    0x3B, 0xA8, 0xFE, 0xFD, 0x3A, 0xA8, 0xFE, 0xFD, 0x37, 0xA5, 0xFD, 0xFD, 0x32, 0xA1, 0xFC, 0xFD,
    0x32, 0xA1, 0xFC, 0xFD, 0x2D, 0x9A, 0xFA, 0xFD, 0x2C, 0x99, 0xFA, 0xFD, 0x25, 0x93, 0xF9, 0xFD,
    0x25, 0x93, 0xF9, 0xFD, 0x21, 0x93, 0xFC, 0xFD, 0x1C, 0x8B, 0xFA, 0xFD, 0x18, 0x88, 0xF7, 0xFD,
    0x18, 0x88, 0xF7, 0xFD, 0x15, 0x88, 0xF5, 0xFD, 0x16, 0x83, 0xF2, 0xFD, 0x0F, 0x4B, 0xAC, 0xFD,
    0x01, 0x13, 0x54, 0xFD, 0x01, 0x13, 0x54, 0xFD, 0x2F, 0x8C, 0xE5, 0xFD, 0x28, 0xA0, 0xFA, 0xFD,
    0x21, 0x9A, 0xF8, 0xFD, 0x21, 0x9A, 0xF8, 0xFD, 0x26, 0x9E, 0xFB, 0xFD, 0x26, 0x9C, 0xFB, 0xFD,
    0x28, 0x9C, 0xFC, 0xFC, 0x28, 0x9C, 0xFC, 0xFC, 0x29, 0x9D, 0xFB, 0xFC, 0x26, 0x9A, 0xF9, 0xFC,
    0x25, 0x95, 0xFC, 0xFC, 0x25, 0x95, 0xFC, 0xFC, 0x22, 0x94, 0xFC, 0xFB, 0x19, 0x8A, 0xFA, 0xFB,
    0x10, 0x82, 0xF9, 0xFA, 0x10, 0x82, 0xF9, 0xFA, 0x13, 0x8A, 0xFD, 0xFB, 0x1A, 0x7D, 0xE5, 0xF4,
    0x02, 0x1D, 0x58, 0xE9, 0x02, 0x1D, 0x58, 0xE9, 0x0F, 0x3F, 0x81, 0x61, 0x32, 0x86, 0xD4, 0x07,
    0x2F, 0x82, 0xD1, 0x08, 0x2F, 0x82, 0xD1, 0x08, 0x31, 0x82, 0xCF, 0x03, 0x00, 0x00, 0x00, 0x00,
    0x00, 0x00, 0x00, 0x00, 0x00, 0x00, 0x00, 0x00, 0x00, 0x00, 0x00, 0x00, 0x00, 0x00, 0x00, 0x00,
    0x00, 0x00, 0x00, 0x00, 0x00, 0x00, 0x00, 0x00, 0x00, 0x00, 0x00, 0x00, 0x00, 0x00, 0x00, 0x00,
    0x00, 0x00, 0x00, 0x00, 0x00, 0x00, 0x00, 0x00, 0x00, 0x00, 0x00, 0x00, 0x00, 0x00, 0x00, 0x00,
    0x00, 0x00, 0x00, 0x00, 0x00, 0x00, 0x00, 0x00, 0x00, 0x00, 0x00, 0x00, 0x00, 0x00, 0x00, 0x00,
    0x00, 0x00, 0x00, 0x00, 0x00, 0x00, 0x00, 0x00, 0x3D, 0x89, 0xD2, 0x01, 0x3D, 0x89, 0xD2, 0x01,
    0x3C, 0x89, 0xD3, 0x01, 0x3C, 0x89, 0xD4, 0x01, 0x3C, 0x8B, 0xD4, 0x02, 0x3C, 0x8B, 0xD4, 0x02,
    0x39, 0x8B, 0xD2, 0x02, 0x41, 0x90, 0xDD, 0x0E, 0x07, 0x27, 0x57, 0xC6, 0x07, 0x27, 0x57, 0xC6,
    0x03, 0x1F, 0x56, 0xFC, 0x30, 0x97, 0xF8, 0xF7, 0x25, 0x93, 0xF8, 0xFB, 0x25, 0x93, 0xF8, 0xFB,
    0x30, 0xA0, 0xFB, 0xFB, 0x34, 0xA3, 0xFB, 0xFC, 0x38, 0xA5, 0xFB, 0xFC, 0x38, 0xA5, 0xFB, 0xFC,
    0x39, 0xA5, 0xFC, 0xFC, 0x3A, 0xA7, 0xFE, 0xFC, 0x3C, 0xA9, 0xFF, 0xFC, 0x3C, 0xA9, 0xFF, 0xFC,
    0x40, 0xAD, 0xFF, 0xFC, 0x42, 0xA9, 0xFE, 0xFC, 0x4B, 0xAB, 0xFC, 0xFC, 0x4B, 0xAB, 0xFC, 0xFC,
    0x6B, 0xC6, 0xFE, 0xFC, 0x75, 0xCF, 0xFE, 0xFC, 0x59, 0xBB, 0xFE, 0xFD, 0x49, 0xB3, 0xFE, 0xFC,
    0x49, 0xB3, 0xFE, 0xFC, 0x46, 0xB0, 0xFE, 0xFD, 0x45, 0xB0, 0xFE, 0xFD, 0x44, 0xAF, 0xFE, 0xFD,
    0x44, 0xAF, 0xFE, 0xFD, 0x45, 0xB0, 0xFE, 0xFD, 0x4B, 0xB2, 0xFE, 0xFD, 0x5E, 0xBC, 0xFE, 0xFD,
    0x5E, 0xBC, 0xFE, 0xFD, 0x71, 0xC6, 0xFF, 0xFD, 0x6E, 0xC5, 0xFF, 0xFD, 0x56, 0xB4, 0xFE, 0xFD,
    0x56, 0xB4, 0xFE, 0xFD, 0x45, 0xAD, 0xFD, 0xFD, 0x43, 0xB1, 0xFE, 0xFD, 0x43, 0xB3, 0xFE, 0xFD,
    0x43, 0xB3, 0xFE, 0xFD, 0x40, 0xAE, 0xFD, 0xFD, 0x41, 0xAE, 0xFD, 0xFD, 0x3F, 0xAD, 0xFD, 0xFD,
    0x3F, 0xAD, 0xFD, 0xFD, 0x3A, 0xA7, 0xFA, 0xFD, 0x30, 0x9A, 0xF5, 0xFD, 0x31, 0x9D, 0xF7, 0xFD,
    0x31, 0x9D, 0xF7, 0xFD, 0x2B, 0x93, 0xF1, 0xFD, 0x2B, 0x93, 0xEF, 0xFD, 0x23, 0x83, 0xDF, 0xFD,
    0x23, 0x83, 0xDF, 0xFD, 0x1F, 0x7D, 0xD8, 0xFD, 0x32, 0x96, 0xF2, 0xFD, 0x40, 0xAB, 0xFE, 0xFD,
    0x40, 0xAB, 0xFE, 0xFD, 0x3E, 0xA9, 0xFE, 0xFD, 0x3F, 0xAA, 0xFE, 0xFD, 0x3D, 0xA9, 0xFE, 0xFD,
    0x3D, 0xA9, 0xFE, 0xFD, 0x39, 0xA4, 0xFD, 0xFD, 0x37, 0xA2, 0xFD, 0xFD, 0x37, 0xA5, 0xFD, 0xFD,
    0x37, 0xA5, 0xFD, 0xFD, 0x39, 0xA7, 0xFE, 0xFD, 0x39, 0xA6, 0xFE, 0xFD, 0x31, 0x9F, 0xFD, 0xFD,
    0x31, 0x9F, 0xFD, 0xFD, 0x27, 0x97, 0xFC, 0xFD, 0x1F, 0x8D, 0xFB, 0xFD, 0x19, 0x89, 0xF9, 0xFD,
    0x19, 0x89, 0xF9, 0xFD, 0x0F, 0x7A, 0xEE, 0xFD, 0x11, 0x74, 0xE9, 0xFD, 0x0B, 0x3F, 0xA2, 0xFD,
    0x00, 0x07, 0x45, 0xFD, 0x00, 0x07, 0x45, 0xFD, 0x23, 0x79, 0xDA, 0xFD, 0x29, 0xA1, 0xFB, 0xFD,
    0x20, 0x97, 0xF7, 0xFD, 0x20, 0x97, 0xF7, 0xFD, 0x24, 0x98, 0xF9, 0xFD, 0x26, 0x9C, 0xFC, 0xFD,
    0x28, 0x9A, 0xFB, 0xFC, 0x28, 0x9A, 0xFB, 0xFC, 0x17, 0x80, 0xE4, 0xFC, 0x17, 0x83, 0xE6, 0xFC,
    0x2A, 0x9B, 0xFD, 0xFC, 0x2A, 0x9B, 0xFD, 0xFC, 0x20, 0x90, 0xFB, 0xFB, 0x1B, 0x8C, 0xFB, 0xFB,
    0x0F, 0x81, 0xF9, 0xFB, 0x0F, 0x81, 0xF9, 0xFB, 0x0E, 0x7F, 0xF9, 0xFB, 0x16, 0x74, 0xE1, 0xF6,
    0x03, 0x1B, 0x56, 0xEF, 0x03, 0x1B, 0x56, 0xEF, 0x0C, 0x38, 0x7B, 0x6F, 0x30, 0x82, 0xCF, 0x09,
    0x30, 0x81, 0xD0, 0x08, 0x30, 0x81, 0xD0, 0x08, 0x31, 0x81, 0xD0, 0x03, 0x00, 0x00, 0x00, 0x00,
    0x00, 0x00, 0x00, 0x00, 0x00, 0x00, 0x00, 0x00, 0x00, 0x00, 0x00, 0x00, 0x00, 0x00, 0x00, 0x00,
    0x00, 0x00, 0x00, 0x00, 0x00, 0x00, 0x00, 0x00, 0x00, 0x00, 0x00, 0x00, 0x00, 0x00, 0x00, 0x00,
    0x00, 0x00, 0x00, 0x00, 0x00, 0x00, 0x00, 0x00, 0x00, 0x00, 0x00, 0x00, 0x00, 0x00, 0x00, 0x00,
    0x00, 0x00, 0x00, 0x00, 0x00, 0x00, 0x00, 0x00, 0x00, 0x00, 0x00, 0x00, 0x00, 0x00, 0x00, 0x00,
    0x00, 0x00, 0x00, 0x00, 0x00, 0x00, 0x00, 0x00, 0x00, 0x00, 0x00, 0x00, 0x00, 0x00, 0x00, 0x00,
    0x3D, 0x89, 0xD3, 0x01, 0x3D, 0x8A, 0xD4, 0x01, 0x3E, 0x8B, 0xD3, 0x02, 0x3E, 0x8B, 0xD3, 0x02,
    0x39, 0x8A, 0xD1, 0x02, 0x41, 0x92, 0xDE, 0x0B, 0x0A, 0x2C, 0x5B, 0xB7, 0x0A, 0x2C, 0x5B, 0xB7,
    0x03, 0x23, 0x5B, 0xFB, 0x33, 0x9E, 0xFA, 0xF6, 0x24, 0x95, 0xF9, 0xFA, 0x24, 0x95, 0xF9, 0xFA,
    0x2B, 0x9C, 0xFB, 0xFB, 0x31, 0xA2, 0xFB, 0xFC, 0x36, 0xA5, 0xFC, 0xFB, 0x36, 0xA5, 0xFC, 0xFB,
    0x38, 0xA5, 0xFD, 0xFC, 0x3A, 0xAA, 0xFE, 0xFC, 0x3C, 0xAA, 0xFF, 0xFC, 0x3C, 0xAA, 0xFF, 0xFC,
    0x40, 0xAD, 0xFE, 0xFC, 0x44, 0xAD, 0xFE, 0xFC, 0x50, 0xB3, 0xFE, 0xFC, 0x50, 0xB3, 0xFE, 0xFC,
    0x57, 0xB7, 0xFD, 0xFC, 0x58, 0xB8, 0xFD, 0xFC, 0x4C, 0xB2, 0xFD, 0xFD, 0x47, 0xB3, 0xFE, 0xFC,
    0x47, 0xB3, 0xFE, 0xFC, 0x45, 0xB0, 0xFE, 0xFD, 0x45, 0xB1, 0xFE, 0xFD, 0x43, 0xAF, 0xFE, 0xFD,
    0x43, 0xAF, 0xFE, 0xFD, 0x46, 0xB0, 0xFE, 0xFD, 0x58, 0xBA, 0xFF, 0xFD, 0x77, 0xC9, 0xFF, 0xFD,
    0x77, 0xC9, 0xFF, 0xFD, 0x93, 0xD7, 0xFF, 0xFD, 0x94, 0xD7, 0xFF, 0xFD, 0x6E, 0xC1, 0xFE, 0xFD,
    0x6E, 0xC1, 0xFE, 0xFD, 0x51, 0xB6, 0xFD, 0xFD, 0x48, 0xB4, 0xFD, 0xFD, 0x45, 0xB2, 0xFD, 0xFD,
    0x45, 0xB2, 0xFD, 0xFD, 0x45, 0xB2, 0xFE, 0xFD, 0x47, 0xB7, 0xFE, 0xFD, 0x42, 0xB0, 0xFD, 0xFD,
    0x42, 0xB0, 0xFD, 0xFD, 0x1B, 0x7B, 0xD8, 0xFD, 0x10, 0x67, 0xC4, 0xFD, 0x1D, 0x7D, 0xDA, 0xFD,
    0x1D, 0x7D, 0xDA, 0xFD, 0x1F, 0x7F, 0xDC, 0xFD, 0x21, 0x83, 0xDF, 0xFD, 0x24, 0x85, 0xE0, 0xFD,
    0x24, 0x85, 0xE0, 0xFD, 0x30, 0x95, 0xF1, 0xFD, 0x3D, 0xAA, 0xFD, 0xFD, 0x41, 0xAF, 0xFE, 0xFD,
    0x41, 0xAF, 0xFE, 0xFD, 0x40, 0xAB, 0xFE, 0xFD, 0x3F, 0xAA, 0xFE, 0xFD, 0x3C, 0xA8, 0xFE, 0xFD,
    0x3C, 0xA8, 0xFE, 0xFD, 0x3A, 0xA8, 0xFE, 0xFD, 0x38, 0xA6, 0xFE, 0xFD, 0x36, 0xA5, 0xFE, 0xFD,
    0x36, 0xA5, 0xFE, 0xFD, 0x32, 0xA0, 0xFD, 0xFD, 0x2F, 0x9E, 0xFD, 0xFD, 0x26, 0x96, 0xFA, 0xFD,
    0x26, 0x96, 0xFA, 0xFD, 0x1C, 0x8A, 0xF8, 0xFD, 0x1A, 0x89, 0xFA, 0xFD, 0x15, 0x88, 0xF9, 0xFD,
    0x15, 0x88, 0xF9, 0xFD, 0x0D, 0x77, 0xF2, 0xFD, 0x14, 0x7A, 0xEC, 0xFD, 0x11, 0x52, 0xB5, 0xFD,
    0x03, 0x2A, 0x85, 0xFD, 0x03, 0x2A, 0x85, 0xFD, 0x28, 0x8A, 0xE8, 0xFD, 0x27, 0xA1, 0xFC, 0xFD,
    0x22, 0x99, 0xF9, 0xFD, 0x22, 0x99, 0xF9, 0xFD, 0x21, 0x97, 0xFA, 0xFD, 0x24, 0xA0, 0xFC, 0xFD,
    0x25, 0x97, 0xF8, 0xFC, 0x25, 0x97, 0xF8, 0xFC, 0x07, 0x5A, 0xC1, 0xFC, 0x13, 0x77, 0xDA, 0xFC,
    0x2B, 0xA0, 0xFE, 0xFC, 0x2B, 0xA0, 0xFE, 0xFC, 0x22, 0x97, 0xFC, 0xFB, 0x1A, 0x8A, 0xFB, 0xFB,
    0x0C, 0x7C, 0xF7, 0xFB, 0x0C, 0x7C, 0xF7, 0xFB, 0x0F, 0x86, 0xFB, 0xFA, 0x18, 0x78, 0xE5, 0xF5,
    0x04, 0x1F, 0x57, 0xEF, 0x04, 0x1F, 0x57, 0xEF, 0x0D, 0x39, 0x77, 0x72, 0x32, 0x83, 0xCE, 0x0B,
    0x30, 0x82, 0xD0, 0x07, 0x30, 0x82, 0xD0, 0x07, 0x31, 0x81, 0xD0, 0x03, 0x00, 0x00, 0x00, 0x00,
    0x00, 0x00, 0x00, 0x00, 0x00, 0x00, 0x00, 0x00, 0x00, 0x00, 0x00, 0x00, 0x00, 0x00, 0x00, 0x00,
    0x00, 0x00, 0x00, 0x00, 0x00, 0x00, 0x00, 0x00, 0x00, 0x00, 0x00, 0x00, 0x00, 0x00, 0x00, 0x00,
    0x00, 0x00, 0x00, 0x00, 0x00, 0x00, 0x00, 0x00, 0x00, 0x00, 0x00, 0x00, 0x00, 0x00, 0x00, 0x00,
    0x00, 0x00, 0x00, 0x00, 0x00, 0x00, 0x00, 0x00, 0x00, 0x00, 0x00, 0x00, 0x00, 0x00, 0x00, 0x00,
    0x00, 0x00, 0x00, 0x00, 0x00, 0x00, 0x00, 0x00, 0x00, 0x00, 0x00, 0x00, 0x00, 0x00, 0x00, 0x00,
    0x3E, 0x8A, 0xD3, 0x01, 0x3F, 0x8A, 0xD3, 0x01, 0x3F, 0x8B, 0xD3, 0x01, 0x3F, 0x8B, 0xD3, 0x01,
    0x39, 0x89, 0xD0, 0x03, 0x42, 0x92, 0xDD, 0x0C, 0x0C, 0x2F, 0x5E, 0xAC, 0x0C, 0x2F, 0x5E, 0xAC,
    0x02, 0x20, 0x55, 0xFB, 0x31, 0x9D, 0xFA, 0xF6, 0x20, 0x92, 0xF8, 0xFA, 0x20, 0x92, 0xF8, 0xFA,
    0x1E, 0x88, 0xF3, 0xFA, 0x20, 0x8B, 0xF4, 0xFB, 0x2F, 0x9F, 0xFC, 0xFB, 0x2F, 0x9F, 0xFC, 0xFB,
    0x35, 0xA4, 0xFE, 0xFC, 0x38, 0xAA, 0xFE, 0xFC, 0x39, 0xA7, 0xFE, 0xFC, 0x39, 0xA7, 0xFE, 0xFC,
    0x3D, 0xA8, 0xFE, 0xFC, 0x46, 0xAF, 0xFE, 0xFC, 0x52, 0xBA, 0xFE, 0xFC, 0x52, 0xBA, 0xFE, 0xFC,
    0x4D, 0xB0, 0xFE, 0xFC, 0x48, 0xB0, 0xFE, 0xFC, 0x42, 0xAB, 0xFE, 0xFD, 0x43, 0xB1, 0xFE, 0xFD,
    0x43, 0xB1, 0xFE, 0xFD, 0x42, 0xAE, 0xFE, 0xFD, 0x41, 0xAF, 0xFE, 0xFD, 0x42, 0xB0, 0xFE, 0xFD,
    0x42, 0xB0, 0xFE, 0xFD, 0x4D, 0xB4, 0xFF, 0xFD, 0x60, 0xBA, 0xFE, 0xFD, 0x83, 0xCD, 0xFE, 0xFD,
    0x83, 0xCD, 0xFE, 0xFD, 0x9F, 0xD8, 0xFD, 0xFD, 0xA3, 0xD8, 0xFD, 0xFD, 0x8A, 0xCE, 0xFE, 0xFD,
    0x8A, 0xCE, 0xFE, 0xFD, 0x5E, 0xBC, 0xFD, 0xFD, 0x49, 0xB2, 0xFD, 0xFD, 0x4A, 0xB5, 0xFE, 0xFD,
    0x4A, 0xB5, 0xFE, 0xFD, 0x47, 0xB1, 0xFE, 0xFD, 0x48, 0xB5, 0xFE, 0xFD, 0x46, 0xB4, 0xFE, 0xFD,
    0x46, 0xB4, 0xFE, 0xFD, 0x23, 0x83, 0xE1, 0xFD, 0x14, 0x6C, 0xC8, 0xFD, 0x1F, 0x7B, 0xD7, 0xFD,
    0x1F, 0x7B, 0xD7, 0xFD, 0x27, 0x87, 0xE3, 0xFD, 0x2E, 0x93, 0xEF, 0xFD, 0x34, 0x9B, 0xF7, 0xFD,
    0x34, 0x9B, 0xF7, 0xFD, 0x40, 0xAD, 0xFD, 0xFD, 0x3F, 0xAA, 0xFD, 0xFD, 0x3F, 0xAB, 0xFE, 0xFD,
    0x3F, 0xAB, 0xFE, 0xFD, 0x40, 0xAD, 0xFE, 0xFD, 0x41, 0xAE, 0xFE, 0xFD, 0x3C, 0xA9, 0xFE, 0xFD,
    0x3C, 0xA9, 0xFE, 0xFD, 0x39, 0xA9, 0xFE, 0xFD, 0x31, 0xA1, 0xFD, 0xFD, 0x2D, 0x9D, 0xFC, 0xFD,
    0x2D, 0x9D, 0xFC, 0xFD, 0x25, 0x94, 0xF8, 0xFD, 0x21, 0x8F, 0xF7, 0xFD, 0x1C, 0x8A, 0xF6, 0xFD,
    0x1C, 0x8A, 0xF6, 0xFD, 0x1B, 0x8C, 0xFA, 0xFD, 0x14, 0x80, 0xF6, 0xFD, 0x0E, 0x79, 0xF1, 0xFD,
    0x0E, 0x79, 0xF1, 0xFD, 0x0E, 0x76, 0xF1, 0xFD, 0x09, 0x4F, 0xC4, 0xFD, 0x0D, 0x4B, 0xAD, 0xFD,
    0x25, 0x82, 0xE3, 0xFD, 0x25, 0x82, 0xE3, 0xFD, 0x26, 0x99, 0xF9, 0xFD, 0x1E, 0x95, 0xFB, 0xFD,
    0x1E, 0x94, 0xFA, 0xFD, 0x1E, 0x94, 0xFA, 0xFD, 0x20, 0x99, 0xFC, 0xFD, 0x1E, 0x98, 0xFB, 0xFD,
    0x1B, 0x84, 0xEC, 0xFC, 0x1B, 0x84, 0xEC, 0xFC, 0x05, 0x52, 0xB9, 0xFC, 0x17, 0x78, 0xDB, 0xFC,
    0x29, 0x9A, 0xFC, 0xFB, 0x29, 0x9A, 0xFC, 0xFB, 0x1E, 0x8F, 0xF9, 0xFB, 0x1B, 0x8C, 0xFB, 0xFB,
    0x0C, 0x7B, 0xF7, 0xFA, 0x0C, 0x7B, 0xF7, 0xFA, 0x0C, 0x80, 0xF8, 0xFB, 0x16, 0x73, 0xDF, 0xF5,
    0x02, 0x1A, 0x53, 0xF0, 0x02, 0x1A, 0x53, 0xF0, 0x0B, 0x34, 0x71, 0x75, 0x31, 0x82, 0xCD, 0x0A,
    0x30, 0x81, 0xD0, 0x07, 0x30, 0x81, 0xD0, 0x07, 0x31, 0x81, 0xD0, 0x03, 0x00, 0x00, 0x00, 0x00,
    0x00, 0x00, 0x00, 0x00, 0x00, 0x00, 0x00, 0x00, 0x00, 0x00, 0x00, 0x00, 0x00, 0x00, 0x00, 0x00,
    0x00, 0x00, 0x00, 0x00, 0x00, 0x00, 0x00, 0x00, 0x00, 0x00, 0x00, 0x00, 0x00, 0x00, 0x00, 0x00,
    0x00, 0x00, 0x00, 0x00, 0x00, 0x00, 0x00, 0x00, 0x00, 0x00, 0x00, 0x00, 0x00, 0x00, 0x00, 0x00,
    0x00, 0x00, 0x00, 0x00, 0x00, 0x00, 0x00, 0x00, 0x00, 0x00, 0x00, 0x00, 0x00, 0x00, 0x00, 0x00,
    0x00, 0x00, 0x00, 0x00, 0x00, 0x00, 0x00, 0x00, 0x00, 0x00, 0x00, 0x00, 0x00, 0x00, 0x00, 0x00,
    0x3E, 0x8A, 0xD3, 0x01, 0x3F, 0x8A, 0xD3, 0x01, 0x3F, 0x8B, 0xD3, 0x01, 0x3F, 0x8B, 0xD3, 0x01,
    0x39, 0x89, 0xD0, 0x03, 0x42, 0x92, 0xDD, 0x0C, 0x0C, 0x2F, 0x5E, 0xAC, 0x0C, 0x2F, 0x5E, 0xAC,
    0x02, 0x20, 0x55, 0xFB, 0x31, 0x9D, 0xFA, 0xF6, 0x20, 0x92, 0xF8, 0xFA, 0x20, 0x92, 0xF8, 0xFA,
    0x1E, 0x88, 0xF3, 0xFA, 0x20, 0x8B, 0xF4, 0xFB, 0x2F, 0x9F, 0xFC, 0xFB, 0x2F, 0x9F, 0xFC, 0xFB,
    0x35, 0xA4, 0xFE, 0xFC, 0x38, 0xAA, 0xFE, 0xFC, 0x39, 0xA7, 0xFE, 0xFC, 0x39, 0xA7, 0xFE, 0xFC,
    0x3D, 0xA8, 0xFE, 0xFC, 0x46, 0xAF, 0xFE, 0xFC, 0x52, 0xBA, 0xFE, 0xFC, 0x52, 0xBA, 0xFE, 0xFC,
    0x4D, 0xB0, 0xFE, 0xFC, 0x48, 0xB0, 0xFE, 0xFC, 0x42, 0xAB, 0xFE, 0xFD, 0x43, 0xB1, 0xFE, 0xFD,
    0x43, 0xB1, 0xFE, 0xFD, 0x42, 0xAE, 0xFE, 0xFD, 0x41, 0xAF, 0xFE, 0xFD, 0x42, 0xB0, 0xFE, 0xFD,
    0x42, 0xB0, 0xFE, 0xFD, 0x4D, 0xB4, 0xFF, 0xFD, 0x60, 0xBA, 0xFE, 0xFD, 0x83, 0xCD, 0xFE, 0xFD,
    0x83, 0xCD, 0xFE, 0xFD, 0x9F, 0xD8, 0xFD, 0xFD, 0xA3, 0xD8, 0xFD, 0xFD, 0x8A, 0xCE, 0xFE, 0xFD,
    0x8A, 0xCE, 0xFE, 0xFD, 0x5E, 0xBC, 0xFD, 0xFD, 0x49, 0xB2, 0xFD, 0xFD, 0x4A, 0xB5, 0xFE, 0xFD,
    0x4A, 0xB5, 0xFE, 0xFD, 0x47, 0xB1, 0xFE, 0xFD, 0x48, 0xB5, 0xFE, 0xFD, 0x46, 0xB4, 0xFE, 0xFD,
    0x46, 0xB4, 0xFE, 0xFD, 0x23, 0x83, 0xE1, 0xFD, 0x14, 0x6C, 0xC8, 0xFD, 0x1F, 0x7B, 0xD7, 0xFD,
    0x1F, 0x7B, 0xD7, 0xFD, 0x27, 0x87, 0xE3, 0xFD, 0x2E, 0x93, 0xEF, 0xFD, 0x34, 0x9B, 0xF7, 0xFD,
    0x34, 0x9B, 0xF7, 0xFD, 0x40, 0xAD, 0xFD, 0xFD, 0x3F, 0xAA, 0xFD, 0xFD, 0x3F, 0xAB, 0xFE, 0xFD,
    0x3F, 0xAB, 0xFE, 0xFD, 0x40, 0xAD, 0xFE, 0xFD, 0x41, 0xAE, 0xFE, 0xFD, 0x3C, 0xA9, 0xFE, 0xFD,
    0x3C, 0xA9, 0xFE, 0xFD, 0x39, 0xA9, 0xFE, 0xFD, 0x31, 0xA1, 0xFD, 0xFD, 0x2D, 0x9D, 0xFC, 0xFD,
    0x2D, 0x9D, 0xFC, 0xFD, 0x25, 0x94, 0xF8, 0xFD, 0x21, 0x8F, 0xF7, 0xFD, 0x1C, 0x8A, 0xF6, 0xFD,
    0x1C, 0x8A, 0xF6, 0xFD, 0x1B, 0x8C, 0xFA, 0xFD, 0x14, 0x80, 0xF6, 0xFD, 0x0E, 0x79, 0xF1, 0xFD,
    0x0E, 0x79, 0xF1, 0xFD, 0x0E, 0x76, 0xF1, 0xFD, 0x09, 0x4F, 0xC4, 0xFD, 0x0D, 0x4B, 0xAD, 0xFD,
    0x25, 0x82, 0xE3, 0xFD, 0x25, 0x82, 0xE3, 0xFD, 0x26, 0x99, 0xF9, 0xFD, 0x1E, 0x95, 0xFB, 0xFD,
    0x1E, 0x94, 0xFA, 0xFD, 0x1E, 0x94, 0xFA, 0xFD, 0x20, 0x99, 0xFC, 0xFD, 0x1E, 0x98, 0xFB, 0xFD,
    0x1B, 0x84, 0xEC, 0xFC, 0x1B, 0x84, 0xEC, 0xFC, 0x05, 0x52, 0xB9, 0xFC, 0x17, 0x78, 0xDB, 0xFC,
    0x29, 0x9A, 0xFC, 0xFB, 0x29, 0x9A, 0xFC, 0xFB, 0x1E, 0x8F, 0xF9, 0xFB, 0x1B, 0x8C, 0xFB, 0xFB,
    0x0C, 0x7B, 0xF7, 0xFA, 0x0C, 0x7B, 0xF7, 0xFA, 0x0C, 0x80, 0xF8, 0xFB, 0x16, 0x73, 0xDF, 0xF5,
    0x02, 0x1A, 0x53, 0xF0, 0x02, 0x1A, 0x53, 0xF0, 0x0B, 0x34, 0x71, 0x75, 0x31, 0x82, 0xCD, 0x0A,
    0x30, 0x81, 0xD0, 0x07, 0x30, 0x81, 0xD0, 0x07, 0x31, 0x81, 0xD0, 0x03, 0x00, 0x00, 0x00, 0x00,
    0x00, 0x00, 0x00, 0x00, 0x00, 0x00, 0x00, 0x00, 0x00, 0x00, 0x00, 0x00, 0x00, 0x00, 0x00, 0x00,
    0x00, 0x00, 0x00, 0x00, 0x00, 0x00, 0x00, 0x00, 0x00, 0x00, 0x00, 0x00, 0x00, 0x00, 0x00, 0x00,
    0x00, 0x00, 0x00, 0x00, 0x00, 0x00, 0x00, 0x00, 0x00, 0x00, 0x00, 0x00, 0x00, 0x00, 0x00, 0x00,
    0x00, 0x00, 0x00, 0x00, 0x00, 0x00, 0x00, 0x00, 0x00, 0x00, 0x00, 0x00, 0x00, 0x00, 0x00, 0x00,
    0x00, 0x00, 0x00, 0x00, 0x00, 0x00, 0x00, 0x00, 0x00, 0x00, 0x00, 0x00, 0x00, 0x00, 0x00, 0x00,
    0x00, 0x00, 0x00, 0x00, 0x3F, 0x8A, 0xD3, 0x01, 0x3F, 0x8B, 0xD2, 0x01, 0x3F, 0x8B, 0xD2, 0x01,
    0x3A, 0x8A, 0xD1, 0x03, 0x42, 0x91, 0xDD, 0x09, 0x14, 0x3E, 0x74, 0x88, 0x14, 0x3E, 0x74, 0x88,
    0x01, 0x1B, 0x51, 0xF5, 0x2F, 0x9A, 0xF7, 0xF5, 0x1B, 0x8A, 0xF6, 0xFA, 0x1B, 0x8A, 0xF6, 0xFA,
    0x19, 0x83, 0xF1, 0xFA, 0x28, 0x93, 0xF9, 0xFB, 0x32, 0xA1, 0xFD, 0xFB, 0x32, 0xA1, 0xFD, 0xFB,
    0x35, 0xA4, 0xFD, 0xFC, 0x36, 0xA6, 0xFE, 0xFC, 0x38, 0xA8, 0xFE, 0xFC, 0x38, 0xA8, 0xFE, 0xFC,
    0x3E, 0xAD, 0xFE, 0xFC, 0x44, 0xAE, 0xFE, 0xFC, 0x50, 0xB8, 0xFE, 0xFC, 0x50, 0xB8, 0xFE, 0xFC,
    0x52, 0xBB, 0xFE, 0xFC, 0x45, 0xB3, 0xFE, 0xFD, 0x3E, 0xAE, 0xFE, 0xFD, 0x40, 0xB2, 0xFE, 0xFD,
    0x40, 0xB2, 0xFE, 0xFD, 0x3D, 0xAD, 0xFE, 0xFD, 0x3C, 0xAF, 0xFE, 0xFD, 0x41, 0xB2, 0xFE, 0xFD,
    0x41, 0xB2, 0xFE, 0xFD, 0x50, 0xBA, 0xFF, 0xFD, 0x6A, 0xC4, 0xFF, 0xFD, 0x89, 0xD1, 0xFE, 0xFD,
    0x89, 0xD1, 0xFE, 0xFD, 0xA1, 0xD8, 0xFD, 0xFD, 0xB2, 0xE2, 0xFE, 0xFD, 0xA4, 0xDD, 0xFE, 0xFD,
    0xA4, 0xDD, 0xFE, 0xFD, 0x71, 0xC4, 0xFE, 0xFD, 0x53, 0xB8, 0xFE, 0xFD, 0x51, 0xBD, 0xFE, 0xFD,
    0x51, 0xBD, 0xFE, 0xFD, 0x4C, 0xB5, 0xFE, 0xFD, 0x4D, 0xB7, 0xFE, 0xFD, 0x4B, 0xB7, 0xFE, 0xFD,
    0x4B, 0xB7, 0xFE, 0xFD, 0x41, 0xA7, 0xFB, 0xFD, 0x32, 0x97, 0xF1, 0xFD, 0x35, 0x9C, 0xF5, 0xFD,
    0x35, 0x9C, 0xF5, 0xFD, 0x36, 0x9F, 0xF8, 0xFD, 0x3B, 0xA7, 0xFD, 0xFD, 0x3E, 0xAA, 0xFD, 0xFD,
    0x3E, 0xAA, 0xFD, 0xFD, 0x3E, 0xAB, 0xFE, 0xFD, 0x41, 0xAD, 0xFE, 0xFD, 0x43, 0xB1, 0xFE, 0xFD,
    0x43, 0xB1, 0xFE, 0xFD, 0x42, 0xAD, 0xFE, 0xFD, 0x3F, 0xA9, 0xFE, 0xFD, 0x3D, 0xA7, 0xFD, 0xFD,
    0x3D, 0xA7, 0xFD, 0xFD, 0x36, 0xA3, 0xFE, 0xFD, 0x33, 0xA5, 0xFE, 0xFD, 0x2C, 0x9E, 0xFD, 0xFD,
    0x2C, 0x9E, 0xFD, 0xFD, 0x27, 0x97, 0xFC, 0xFD, 0x25, 0x94, 0xFB, 0xFD, 0x20, 0x8E, 0xF8, 0xFD,
    0x20, 0x8E, 0xF8, 0xFD, 0x1E, 0x91, 0xFC, 0xFD, 0x15, 0x83, 0xF7, 0xFD, 0x0E, 0x75, 0xED, 0xFD,
    0x0E, 0x75, 0xED, 0xFD, 0x15, 0x74, 0xE8, 0xFD, 0x06, 0x37, 0x96, 0xFD, 0x05, 0x3B, 0xA0, 0xFD,
    0x25, 0x90, 0xF9, 0xFD, 0x25, 0x90, 0xF9, 0xFD, 0x1E, 0x97, 0xFD, 0xFD, 0x1D, 0x96, 0xFC, 0xFD,
    0x1B, 0x91, 0xFB, 0xFD, 0x1B, 0x91, 0xFB, 0xFD, 0x17, 0x8E, 0xFA, 0xFC, 0x14, 0x8C, 0xF6, 0xFD,
    0x16, 0x81, 0xE7, 0xFC, 0x16, 0x81, 0xE7, 0xFC, 0x07, 0x5C, 0xC0, 0xFC, 0x1E, 0x89, 0xEA, 0xFC,
    0x28, 0x9D, 0xFD, 0xFB, 0x28, 0x9D, 0xFD, 0xFB, 0x1E, 0x8F, 0xFB, 0xFB, 0x1E, 0x95, 0xFD, 0xFA,
    0x12, 0x8A, 0xFB, 0xFA, 0x12, 0x8A, 0xFB, 0xFA, 0x0B, 0x7E, 0xF8, 0xFA, 0x17, 0x74, 0xDF, 0xF3,
    0x03, 0x1C, 0x53, 0xEE, 0x03, 0x1C, 0x53, 0xEE, 0x0D, 0x35, 0x70, 0x74, 0x32, 0x83, 0xCD, 0x08,
    0x30, 0x83, 0xD1, 0x07, 0x30, 0x83, 0xD1, 0x07, 0x31, 0x81, 0xD0, 0x02, 0x00, 0x00, 0x00, 0x00,
    0x00, 0x00, 0x00, 0x00, 0x00, 0x00, 0x00, 0x00, 0x00, 0x00, 0x00, 0x00, 0x00, 0x00, 0x00, 0x00,
    0x00, 0x00, 0x00, 0x00, 0x00, 0x00, 0x00, 0x00, 0x00, 0x00, 0x00, 0x00, 0x00, 0x00, 0x00, 0x00,
    0x00, 0x00, 0x00, 0x00, 0x00, 0x00, 0x00, 0x00, 0x00, 0x00, 0x00, 0x00, 0x00, 0x00, 0x00, 0x00,
    0x00, 0x00, 0x00, 0x00, 0x00, 0x00, 0x00, 0x00, 0x00, 0x00, 0x00, 0x00, 0x00, 0x00, 0x00, 0x00,
    0x00, 0x00, 0x00, 0x00, 0x00, 0x00, 0x00, 0x00, 0x00, 0x00, 0x00, 0x00, 0x00, 0x00, 0x00, 0x00,
    0x00, 0x00, 0x00, 0x00, 0x00, 0x00, 0x00, 0x00, 0x3F, 0x8B, 0xD2, 0x01, 0x3F, 0x8B, 0xD2, 0x01,
    0x3C, 0x8A, 0xD1, 0x04, 0x3B, 0x8C, 0xD7, 0x04, 0x2C, 0x6B, 0xAA, 0x70, 0x2C, 0x6B, 0xAA, 0x70,
    0x01, 0x1E, 0x56, 0xF7, 0x25, 0x86, 0xE3, 0xF4, 0x23, 0x97, 0xFA, 0xF9, 0x23, 0x97, 0xFA, 0xF9,
    0x26, 0x94, 0xFA, 0xFA, 0x35, 0xA0, 0xFB, 0xFB, 0x39, 0xA6, 0xFC, 0xFB, 0x39, 0xA6, 0xFC, 0xFB,
    0x36, 0xA2, 0xFC, 0xFC, 0x36, 0xA4, 0xFD, 0xFC, 0x36, 0xA4, 0xFE, 0xFC, 0x36, 0xA4, 0xFE, 0xFC,
    0x3B, 0xAB, 0xFE, 0xFC, 0x42, 0xB0, 0xFE, 0xFC, 0x49, 0xB3, 0xFE, 0xFC, 0x49, 0xB3, 0xFE, 0xFC,
    0x44, 0xAC, 0xFD, 0xFC, 0x3F, 0xB0, 0xFD, 0xFD, 0x39, 0xAD, 0xFD, 0xFD, 0x35, 0xAA, 0xFD, 0xFD,
    0x35, 0xAA, 0xFD, 0xFD, 0x35, 0xAC, 0xFD, 0xFD, 0x38, 0xB0, 0xFD, 0xFD, 0x3D, 0xAC, 0xFD, 0xFD,
    0x3D, 0xAC, 0xFD, 0xFD, 0x53, 0xB8, 0xFE, 0xFD, 0x72, 0xC8, 0xFF, 0xFD, 0x8E, 0xD3, 0xFE, 0xFD,
    0x8E, 0xD3, 0xFE, 0xFD, 0xA3, 0xD4, 0xFC, 0xFD, 0xBC, 0xE4, 0xFD, 0xFD, 0xB7, 0xDE, 0xFE, 0xFD,
    0xB7, 0xDE, 0xFE, 0xFD, 0x8C, 0xCE, 0xFE, 0xFD, 0x63, 0xBB, 0xFE, 0xFD, 0x58, 0xB9, 0xFE, 0xFD,
    0x58, 0xB9, 0xFE, 0xFD, 0x54, 0xB9, 0xFE, 0xFD, 0x54, 0xBB, 0xFD, 0xFD, 0x4E, 0xB1, 0xFC, 0xFD,
    0x4E, 0xB1, 0xFC, 0xFD, 0x4A, 0xAF, 0xFC, 0xFD, 0x41, 0xA9, 0xFB, 0xFD, 0x40, 0xA8, 0xFC, 0xFD,
    0x40, 0xA8, 0xFC, 0xFD, 0x3D, 0xA6, 0xFC, 0xFD, 0x3E, 0xAC, 0xFE, 0xFD, 0x3E, 0xAA, 0xFE, 0xFD,
    0x3E, 0xAA, 0xFE, 0xFD, 0x42, 0xB0, 0xFE, 0xFD, 0x43, 0xB2, 0xFE, 0xFD, 0x46, 0xB6, 0xFF, 0xFD,
    0x46, 0xB6, 0xFF, 0xFD, 0x46, 0xAF, 0xFE, 0xFD, 0x49, 0xB0, 0xFE, 0xFD, 0x40, 0xA7, 0xFB, 0xFD,
    0x40, 0xA7, 0xFB, 0xFD, 0x3C, 0xA6, 0xFD, 0xFD, 0x31, 0x9D, 0xFC, 0xFD, 0x31, 0xA3, 0xFE, 0xFD,
    0x31, 0xA3, 0xFE, 0xFD, 0x2E, 0xA1, 0xFE, 0xFD, 0x29, 0x9C, 0xFD, 0xFD, 0x23, 0x91, 0xFA, 0xFD,
    0x23, 0x91, 0xFA, 0xFD, 0x1B, 0x87, 0xF7, 0xFD, 0x13, 0x7E, 0xF0, 0xFD, 0x11, 0x77, 0xE9, 0xFD,
    0x11, 0x77, 0xE9, 0xFD, 0x09, 0x48, 0xB4, 0xFD, 0x00, 0x13, 0x68, 0xFD, 0x15, 0x5F, 0xC1, 0xFD,
    0x20, 0x90, 0xF9, 0xFD, 0x20, 0x90, 0xF9, 0xFD, 0x12, 0x84, 0xF7, 0xFD, 0x18, 0x8E, 0xFB, 0xFD,
    0x16, 0x8B, 0xF9, 0xFC, 0x16, 0x8B, 0xF9, 0xFC, 0x17, 0x8F, 0xF8, 0xFD, 0x0F, 0x80, 0xEB, 0xFC,
    0x14, 0x7B, 0xDE, 0xFC, 0x14, 0x7B, 0xDE, 0xFC, 0x0A, 0x5B, 0xC1, 0xFC, 0x22, 0x8A, 0xF3, 0xFB,
    0x20, 0x92, 0xFB, 0xFB, 0x20, 0x92, 0xFB, 0xFB, 0x1B, 0x8D, 0xFC, 0xFB, 0x1D, 0x93, 0xFD, 0xFA,
    0x10, 0x83, 0xFA, 0xF9, 0x10, 0x83, 0xFA, 0xF9, 0x10, 0x86, 0xFA, 0xFA, 0x1A, 0x7A, 0xE5, 0xF4,
    0x02, 0x19, 0x4E, 0xED, 0x02, 0x19, 0x4E, 0xED, 0x0C, 0x31, 0x6B, 0x6F, 0x33, 0x82, 0xCC, 0x07,
    0x30, 0x83, 0xD0, 0x05, 0x30, 0x83, 0xD0, 0x05, 0x31, 0x81, 0xD0, 0x02, 0x00, 0x00, 0x00, 0x00,
    0x00, 0x00, 0x00, 0x00, 0x00, 0x00, 0x00, 0x00, 0x00, 0x00, 0x00, 0x00, 0x00, 0x00, 0x00, 0x00,
    0x00, 0x00, 0x00, 0x00, 0x00, 0x00, 0x00, 0x00, 0x00, 0x00, 0x00, 0x00, 0x00, 0x00, 0x00, 0x00,
    0x00, 0x00, 0x00, 0x00, 0x00, 0x00, 0x00, 0x00, 0x00, 0x00, 0x00, 0x00, 0x00, 0x00, 0x00, 0x00,
    0x00, 0x00, 0x00, 0x00, 0x00, 0x00, 0x00, 0x00, 0x00, 0x00, 0x00, 0x00, 0x00, 0x00, 0x00, 0x00,
    0x00, 0x00, 0x00, 0x00, 0x00, 0x00, 0x00, 0x00, 0x00, 0x00, 0x00, 0x00, 0x00, 0x00, 0x00, 0x00,
    0x00, 0x00, 0x00, 0x00, 0x3F, 0x8A, 0xD2, 0x01, 0x00, 0x00, 0x00, 0x00, 0x00, 0x00, 0x00, 0x00,
    0x3E, 0x8B, 0xD2, 0x02, 0x37, 0x8A, 0xD3, 0x01, 0x3D, 0x92, 0xD8, 0x37, 0x3D, 0x92, 0xD8, 0x37,
    0x14, 0x4F, 0x87, 0xDB, 0x0A, 0x43, 0x88, 0xF2, 0x28, 0x90, 0xF2, 0xF8, 0x28, 0x90, 0xF2, 0xF8,
    0x31, 0xA2, 0xFC, 0xFA, 0x33, 0x9B, 0xFA, 0xFA, 0x35, 0x9E, 0xFA, 0xFB, 0x35, 0x9E, 0xFA, 0xFB,
    0x37, 0xA3, 0xFC, 0xFC, 0x37, 0xA8, 0xFD, 0xFC, 0x34, 0xA4, 0xFE, 0xFC, 0x34, 0xA4, 0xFE, 0xFC,
    0x39, 0xAC, 0xFE, 0xFC, 0x46, 0xB7, 0xFE, 0xFC, 0x4D, 0xB9, 0xFD, 0xFC, 0x4D, 0xB9, 0xFD, 0xFC,
    0x45, 0xB5, 0xFC, 0xFC, 0x3F, 0xB8, 0xFC, 0xFD, 0x38, 0xB0, 0xFC, 0xFD, 0x37, 0xB2, 0xFC, 0xFD,
    0x37, 0xB2, 0xFC, 0xFD, 0x35, 0xAF, 0xFC, 0xFD, 0x3B, 0xB1, 0xFD, 0xFD, 0x42, 0xAC, 0xFD, 0xFD,
    0x42, 0xAC, 0xFD, 0xFD, 0x60, 0xBD, 0xFE, 0xFD, 0x7C, 0xCD, 0xFF, 0xFD, 0x95, 0xDA, 0xFF, 0xFD,
    0x95, 0xDA, 0xFF, 0xFD, 0xA8, 0xDC, 0xFE, 0xFD, 0xC5, 0xEB, 0xFE, 0xFD, 0xCA, 0xEA, 0xFE, 0xFD,
    0xCA, 0xEA, 0xFE, 0xFD, 0xAF, 0xE3, 0xFF, 0xFD, 0x7F, 0xCC, 0xFE, 0xFD, 0x6F, 0xC4, 0xFE, 0xFD,
    0x6F, 0xC4, 0xFE, 0xFD, 0x62, 0xBC, 0xFE, 0xFD, 0x60, 0xC0, 0xFD, 0xFD, 0x57, 0xB6, 0xFC, 0xFD,
    0x57, 0xB6, 0xFC, 0xFD, 0x4D, 0xB7, 0xFC, 0xFD, 0x41, 0xAF, 0xFC, 0xFD, 0x40, 0xAD, 0xFD, 0xFD,
    0x40, 0xAD, 0xFD, 0xFD, 0x41, 0xB0, 0xFE, 0xFD, 0x44, 0xB6, 0xFF, 0xFD, 0x40, 0xAE, 0xFE, 0xFD,
    0x40, 0xAE, 0xFE, 0xFD, 0x42, 0xB1, 0xFE, 0xFD, 0x41, 0xAD, 0xFD, 0xFD, 0x42, 0xAD, 0xFC, 0xFD,
    0x42, 0xAD, 0xFC, 0xFD, 0x4C, 0xB1, 0xFD, 0xFD, 0x5B, 0xC1, 0xFF, 0xFD, 0x51, 0xB8, 0xFE, 0xFD,
    0x51, 0xB8, 0xFE, 0xFD, 0x46, 0xB3, 0xFF, 0xFD, 0x35, 0xA1, 0xFD, 0xFD, 0x32, 0xA2, 0xFE, 0xFD,
    0x32, 0xA2, 0xFE, 0xFD, 0x2D, 0x9D, 0xFE, 0xFD, 0x28, 0x99, 0xFD, 0xFD, 0x23, 0x93, 0xFC, 0xFD,
    0x23, 0x93, 0xFC, 0xFD, 0x1D, 0x8D, 0xFA, 0xFD, 0x14, 0x80, 0xF5, 0xFD, 0x1A, 0x7F, 0xEB, 0xFD,
    0x1A, 0x7F, 0xEB, 0xFD, 0x0A, 0x3F, 0x96, 0xFD, 0x00, 0x19, 0x6C, 0xFD, 0x1E, 0x7A, 0xE2, 0xFD,
    0x19, 0x95, 0xFA, 0xFD, 0x19, 0x95, 0xFA, 0xFD, 0x12, 0x8A, 0xF8, 0xFD, 0x19, 0x92, 0xFA, 0xFC,
    0x14, 0x85, 0xF2, 0xFD, 0x14, 0x85, 0xF2, 0xFD, 0x16, 0x82, 0xE9, 0xFC, 0x0C, 0x64, 0xCB, 0xFC,
    0x0B, 0x5D, 0xBD, 0xFC, 0x0B, 0x5D, 0xBD, 0xFC, 0x15, 0x72, 0xD9, 0xFC, 0x22, 0x93, 0xFB, 0xFB,
    0x1A, 0x90, 0xFB, 0xFB, 0x1A, 0x90, 0xFB, 0xFB, 0x17, 0x8F, 0xFD, 0xFA, 0x0E, 0x7E, 0xF9, 0xFA,
    0x0A, 0x77, 0xF4, 0xF8, 0x0A, 0x77, 0xF4, 0xF8, 0x0B, 0x7D, 0xF5, 0xF8, 0x1C, 0x7B, 0xE2, 0xF0,
    0x02, 0x19, 0x4C, 0xE5, 0x02, 0x19, 0x4C, 0xE5, 0x09, 0x2F, 0x6A, 0x5E, 0x36, 0x85, 0xD2, 0x07,
    0x32, 0x84, 0xD2, 0x06, 0x32, 0x84, 0xD2, 0x06, 0x32, 0x82, 0xD1, 0x01, 0x00, 0x00, 0x00, 0x00,
    0x00, 0x00, 0x00, 0x00, 0x00, 0x00, 0x00, 0x00, 0x00, 0x00, 0x00, 0x00, 0x00, 0x00, 0x00, 0x00,
    0x00, 0x00, 0x00, 0x00, 0x00, 0x00, 0x00, 0x00, 0x00, 0x00, 0x00, 0x00, 0x00, 0x00, 0x00, 0x00,
    0x00, 0x00, 0x00, 0x00, 0x00, 0x00, 0x00, 0x00, 0x00, 0x00, 0x00, 0x00, 0x00, 0x00, 0x00, 0x00,
    0x00, 0x00, 0x00, 0x00, 0x00, 0x00, 0x00, 0x00, 0x00, 0x00, 0x00, 0x00, 0x00, 0x00, 0x00, 0x00,
    0x00, 0x00, 0x00, 0x00, 0x00, 0x00, 0x00, 0x00, 0x00, 0x00, 0x00, 0x00, 0x00, 0x00, 0x00, 0x00,
    0x00, 0x00, 0x00, 0x00, 0x3F, 0x8A, 0xD2, 0x01, 0x00, 0x00, 0x00, 0x00, 0x00, 0x00, 0x00, 0x00,
    0x3E, 0x8B, 0xD2, 0x02, 0x37, 0x8A, 0xD3, 0x01, 0x3D, 0x92, 0xD8, 0x37, 0x3D, 0x92, 0xD8, 0x37,
    0x14, 0x4F, 0x87, 0xDB, 0x0A, 0x43, 0x88, 0xF2, 0x28, 0x90, 0xF2, 0xF8, 0x28, 0x90, 0xF2, 0xF8,
    0x31, 0xA2, 0xFC, 0xFA, 0x33, 0x9B, 0xFA, 0xFA, 0x35, 0x9E, 0xFA, 0xFB, 0x35, 0x9E, 0xFA, 0xFB,
    0x37, 0xA3, 0xFC, 0xFC, 0x37, 0xA8, 0xFD, 0xFC, 0x34, 0xA4, 0xFE, 0xFC, 0x34, 0xA4, 0xFE, 0xFC,
    0x39, 0xAC, 0xFE, 0xFC, 0x46, 0xB7, 0xFE, 0xFC, 0x4D, 0xB9, 0xFD, 0xFC, 0x4D, 0xB9, 0xFD, 0xFC,
    0x45, 0xB5, 0xFC, 0xFC, 0x3F, 0xB8, 0xFC, 0xFD, 0x38, 0xB0, 0xFC, 0xFD, 0x37, 0xB2, 0xFC, 0xFD,
    0x37, 0xB2, 0xFC, 0xFD, 0x35, 0xAF, 0xFC, 0xFD, 0x3B, 0xB1, 0xFD, 0xFD, 0x42, 0xAC, 0xFD, 0xFD,
    0x42, 0xAC, 0xFD, 0xFD, 0x60, 0xBD, 0xFE, 0xFD, 0x7C, 0xCD, 0xFF, 0xFD, 0x95, 0xDA, 0xFF, 0xFD,
    0x95, 0xDA, 0xFF, 0xFD, 0xA8, 0xDC, 0xFE, 0xFD, 0xC5, 0xEB, 0xFE, 0xFD, 0xCA, 0xEA, 0xFE, 0xFD,
    0xCA, 0xEA, 0xFE, 0xFD, 0xAF, 0xE3, 0xFF, 0xFD, 0x7F, 0xCC, 0xFE, 0xFD, 0x6F, 0xC4, 0xFE, 0xFD,
    0x6F, 0xC4, 0xFE, 0xFD, 0x62, 0xBC, 0xFE, 0xFD, 0x60, 0xC0, 0xFD, 0xFD, 0x57, 0xB6, 0xFC, 0xFD,
    0x57, 0xB6, 0xFC, 0xFD, 0x4D, 0xB7, 0xFC, 0xFD, 0x41, 0xAF, 0xFC, 0xFD, 0x40, 0xAD, 0xFD, 0xFD,
    0x40, 0xAD, 0xFD, 0xFD, 0x41, 0xB0, 0xFE, 0xFD, 0x44, 0xB6, 0xFF, 0xFD, 0x40, 0xAE, 0xFE, 0xFD,
    0x40, 0xAE, 0xFE, 0xFD, 0x42, 0xB1, 0xFE, 0xFD, 0x41, 0xAD, 0xFD, 0xFD, 0x42, 0xAD, 0xFC, 0xFD,
    0x42, 0xAD, 0xFC, 0xFD, 0x4C, 0xB1, 0xFD, 0xFD, 0x5B, 0xC1, 0xFF, 0xFD, 0x51, 0xB8, 0xFE, 0xFD,
    0x51, 0xB8, 0xFE, 0xFD, 0x46, 0xB3, 0xFF, 0xFD, 0x35, 0xA1, 0xFD, 0xFD, 0x32, 0xA2, 0xFE, 0xFD,
    0x32, 0xA2, 0xFE, 0xFD, 0x2D, 0x9D, 0xFE, 0xFD, 0x28, 0x99, 0xFD, 0xFD, 0x23, 0x93, 0xFC, 0xFD,
    0x23, 0x93, 0xFC, 0xFD, 0x1D, 0x8D, 0xFA, 0xFD, 0x14, 0x80, 0xF5, 0xFD, 0x1A, 0x7F, 0xEB, 0xFD,
    0x1A, 0x7F, 0xEB, 0xFD, 0x0A, 0x3F, 0x96, 0xFD, 0x00, 0x19, 0x6C, 0xFD, 0x1E, 0x7A, 0xE2, 0xFD,
    0x19, 0x95, 0xFA, 0xFD, 0x19, 0x95, 0xFA, 0xFD, 0x12, 0x8A, 0xF8, 0xFD, 0x19, 0x92, 0xFA, 0xFC,
    0x14, 0x85, 0xF2, 0xFD, 0x14, 0x85, 0xF2, 0xFD, 0x16, 0x82, 0xE9, 0xFC, 0x0C, 0x64, 0xCB, 0xFC,
    0x0B, 0x5D, 0xBD, 0xFC, 0x0B, 0x5D, 0xBD, 0xFC, 0x15, 0x72, 0xD9, 0xFC, 0x22, 0x93, 0xFB, 0xFB,
    0x1A, 0x90, 0xFB, 0xFB, 0x1A, 0x90, 0xFB, 0xFB, 0x17, 0x8F, 0xFD, 0xFA, 0x0E, 0x7E, 0xF9, 0xFA,
    0x0A, 0x77, 0xF4, 0xF8, 0x0A, 0x77, 0xF4, 0xF8, 0x0B, 0x7D, 0xF5, 0xF8, 0x1C, 0x7B, 0xE2, 0xF0,
    0x02, 0x19, 0x4C, 0xE5, 0x02, 0x19, 0x4C, 0xE5, 0x09, 0x2F, 0x6A, 0x5E, 0x36, 0x85, 0xD2, 0x07,
    0x32, 0x84, 0xD2, 0x06, 0x32, 0x84, 0xD2, 0x06, 0x32, 0x82, 0xD1, 0x01, 0x00, 0x00, 0x00, 0x00,
    0x00, 0x00, 0x00, 0x00, 0x00, 0x00, 0x00, 0x00, 0x00, 0x00, 0x00, 0x00, 0x00, 0x00, 0x00, 0x00,
    0x00, 0x00, 0x00, 0x00, 0x00, 0x00, 0x00, 0x00, 0x00, 0x00, 0x00, 0x00, 0x00, 0x00, 0x00, 0x00,
    0x00, 0x00, 0x00, 0x00, 0x00, 0x00, 0x00, 0x00, 0x00, 0x00, 0x00, 0x00, 0x00, 0x00, 0x00, 0x00,
    0x00, 0x00, 0x00, 0x00, 0x00, 0x00, 0x00, 0x00, 0x00, 0x00, 0x00, 0x00, 0x00, 0x00, 0x00, 0x00,
    0x00, 0x00, 0x00, 0x00, 0x00, 0x00, 0x00, 0x00, 0x00, 0x00, 0x00, 0x00, 0x00, 0x00, 0x00, 0x00,
    0x00, 0x00, 0x00, 0x00, 0x00, 0x00, 0x00, 0x00, 0x00, 0x00, 0x00, 0x00, 0x00, 0x00, 0x00, 0x00,
    0x40, 0x8C, 0xD2, 0x02, 0x3B, 0x8B, 0xD2, 0x04, 0x3D, 0x92, 0xDC, 0x06, 0x3D, 0x92, 0xDC, 0x06,
    0x1F, 0x57, 0x90, 0xA5, 0x01, 0x0C, 0x3C, 0xFB, 0x1A, 0x6A, 0xCE, 0xF5, 0x1A, 0x6A, 0xCE, 0xF5,
    0x2F, 0x9E, 0xFB, 0xFA, 0x33, 0x9C, 0xF9, 0xFB, 0x36, 0xA2, 0xFA, 0xFB, 0x36, 0xA2, 0xFA, 0xFB,
    0x35, 0xA0, 0xFB, 0xFC, 0x32, 0xA1, 0xFD, 0xFC, 0x37, 0xA8, 0xFD, 0xFC, 0x37, 0xA8, 0xFD, 0xFC,
    0x2E, 0x94, 0xF1, 0xFC, 0x1B, 0x6C, 0xC1, 0xFC, 0x31, 0x80, 0xD3, 0xFC, 0x31, 0x80, 0xD3, 0xFC,
    0x31, 0x8A, 0xDD, 0xFC, 0x2D, 0x8A, 0xE1, 0xFD, 0x2B, 0x86, 0xE1, 0xFD, 0x2D, 0x92, 0xEC, 0xFD,
    0x2D, 0x92, 0xEC, 0xFD, 0x33, 0x97, 0xF3, 0xFD, 0x3F, 0xA1, 0xF5, 0xFD, 0x68, 0xBE, 0xFD, 0xFD,
    0x68, 0xBE, 0xFD, 0xFD, 0x86, 0xCB, 0xFE, 0xFD, 0x93, 0xCD, 0xFE, 0xFD, 0xA1, 0xD6, 0xFE, 0xFD,
    0xA1, 0xD6, 0xFE, 0xFD, 0xAE, 0xD8, 0xFD, 0xFD, 0xCA, 0xE9, 0xFE, 0xFD, 0xD7, 0xEE, 0xFE, 0xFD,
    0xD7, 0xEE, 0xFE, 0xFD, 0xCA, 0xEA, 0xFE, 0xFD, 0xA6, 0xD9, 0xFE, 0xFD, 0x92, 0xD2, 0xFE, 0xFD,
    0x92, 0xD2, 0xFE, 0xFD, 0x81, 0xCD, 0xFE, 0xFD, 0x76, 0xCD, 0xFE, 0xFD, 0x66, 0xC6, 0xFE, 0xFD,
    0x66, 0xC6, 0xFE, 0xFD, 0x56, 0xC4, 0xFE, 0xFD, 0x4B, 0xBB, 0xFE, 0xFD, 0x46, 0xB0, 0xFC, 0xFD,
    0x46, 0xB0, 0xFC, 0xFD, 0x40, 0xA3, 0xF5, 0xFD, 0x47, 0xA4, 0xF3, 0xFD, 0x53, 0xA9, 0xF3, 0xFD,
    0x53, 0xA9, 0xF3, 0xFD, 0x5A, 0xB4, 0xF9, 0xFD, 0x48, 0x9E, 0xEE, 0xFD, 0x2C, 0x86, 0xDF, 0xFD,
    0x2C, 0x86, 0xDF, 0xFD, 0x34, 0x92, 0xEC, 0xFD, 0x56, 0xBA, 0xFF, 0xFD, 0x55, 0xBD, 0xFF, 0xFD,
    0x55, 0xBD, 0xFF, 0xFD, 0x46, 0xB2, 0xFF, 0xFD, 0x35, 0xA2, 0xFD, 0xFD, 0x29, 0x94, 0xFB, 0xFD,
    0x29, 0x94, 0xFB, 0xFD, 0x23, 0x8F, 0xF8, 0xFD, 0x23, 0x94, 0xFD, 0xFD, 0x1A, 0x87, 0xF7, 0xFD,
    0x1A, 0x87, 0xF7, 0xFD, 0x15, 0x81, 0xF2, 0xFD, 0x16, 0x82, 0xF5, 0xFD, 0x12, 0x5B, 0xCA, 0xFD,
    0x12, 0x5B, 0xCA, 0xFD, 0x01, 0x18, 0x68, 0xFD, 0x14, 0x51, 0xAC, 0xFD, 0x29, 0x9A, 0xF8, 0xFD,
    0x14, 0x8E, 0xF5, 0xFD, 0x14, 0x8E, 0xF5, 0xFD, 0x17, 0x8C, 0xF5, 0xFC, 0x25, 0x8D, 0xF0, 0xFD,
    0x15, 0x65, 0xC0, 0xFD, 0x15, 0x65, 0xC0, 0xFD, 0x0A, 0x48, 0x9C, 0xFD, 0x02, 0x30, 0x8E, 0xFC,
    0x13, 0x64, 0xC6, 0xFC, 0x13, 0x64, 0xC6, 0xFC, 0x26, 0x95, 0xF9, 0xFC, 0x1E, 0x93, 0xFC, 0xFB,
    0x14, 0x81, 0xF7, 0xFB, 0x14, 0x81, 0xF7, 0xFB, 0x14, 0x88, 0xFB, 0xFA, 0x0D, 0x7E, 0xF8, 0xFA,
    0x06, 0x71, 0xF0, 0xF8, 0x06, 0x71, 0xF0, 0xF8, 0x05, 0x61, 0xE0, 0xF7, 0x0C, 0x50, 0xB5, 0xF2,
    0x08, 0x28, 0x61, 0xDB, 0x08, 0x28, 0x61, 0xDB, 0x10, 0x42, 0x84, 0x4E, 0x38, 0x87, 0xD3, 0x04,
    0x33, 0x83, 0xD2, 0x06, 0x33, 0x83, 0xD2, 0x06, 0x33, 0x83, 0xD1, 0x02, 0x00, 0x00, 0x00, 0x00,
    0x00, 0x00, 0x00, 0x00, 0x00, 0x00, 0x00, 0x00, 0x00, 0x00, 0x00, 0x00, 0x00, 0x00, 0x00, 0x00,
    0x00, 0x00, 0x00, 0x00, 0x00, 0x00, 0x00, 0x00, 0x00, 0x00, 0x00, 0x00, 0x00, 0x00, 0x00, 0x00,
    0x00, 0x00, 0x00, 0x00, 0x00, 0x00, 0x00, 0x00, 0x00, 0x00, 0x00, 0x00, 0x00, 0x00, 0x00, 0x00,
    0x00, 0x00, 0x00, 0x00, 0x00, 0x00, 0x00, 0x00, 0x00, 0x00, 0x00, 0x00, 0x00, 0x00, 0x00, 0x00,
    0x00, 0x00, 0x00, 0x00, 0x00, 0x00, 0x00, 0x00, 0x00, 0x00, 0x00, 0x00, 0x00, 0x00, 0x00, 0x00,
    0x00, 0x00, 0x00, 0x00, 0x00, 0x00, 0x00, 0x00, 0x00, 0x00, 0x00, 0x00, 0x00, 0x00, 0x00, 0x00,
    0x00, 0x00, 0x00, 0x00, 0x3C, 0x8A, 0xD2, 0x03, 0x49, 0x98, 0xE1, 0x07, 0x49, 0x98, 0xE1, 0x07,
    0x19, 0x4B, 0x85, 0x8B, 0x06, 0x24, 0x58, 0xF2, 0x2F, 0x8A, 0xE3, 0xF2, 0x2F, 0x8A, 0xE3, 0xF2,
    0x2B, 0x99, 0xFB, 0xFA, 0x2A, 0x93, 0xF9, 0xFA, 0x32, 0xA1, 0xFB, 0xFA, 0x32, 0xA1, 0xFB, 0xFA,
    0x36, 0xA2, 0xFC, 0xFC, 0x35, 0xA3, 0xFD, 0xFB, 0x3D, 0xAE, 0xFD, 0xFC, 0x3D, 0xAE, 0xFD, 0xFC,
    0x37, 0x94, 0xF1, 0xFC, 0x07, 0x39, 0x87, 0xFC, 0x0D, 0x3D, 0x86, 0xFC, 0x0D, 0x3D, 0x86, 0xFC,
    0x10, 0x49, 0x96, 0xFC, 0x0C, 0x48, 0x99, 0xFC, 0x0A, 0x47, 0x9B, 0xFD, 0x11, 0x4F, 0xA4, 0xFD,
    0x11, 0x4F, 0xA4, 0xFD, 0x06, 0x39, 0x97, 0xFD, 0x29, 0x69, 0xBF, 0xFD, 0x9C, 0xD7, 0xFE, 0xFD,
    0x9C, 0xD7, 0xFE, 0xFD, 0xB7, 0xE8, 0xFE, 0xFD, 0xB6, 0xE0, 0xFD, 0xFD, 0xBA, 0xE1, 0xFE, 0xFD,
    0xBA, 0xE1, 0xFE, 0xFD, 0xC2, 0xE2, 0xFC, 0xFD, 0xD5, 0xED, 0xFD, 0xFD, 0xDE, 0xED, 0xFB, 0xFD,
    0xDE, 0xED, 0xFB, 0xFD, 0xDF, 0xF3, 0xFD, 0xFD, 0xCF, 0xED, 0xFD, 0xFD, 0xC2, 0xEC, 0xFE, 0xFD,
    0xC2, 0xEC, 0xFE, 0xFD, 0xAA, 0xE7, 0xFF, 0xFD, 0x83, 0xC8, 0xFB, 0xFD, 0x5D, 0xA4, 0xEE, 0xFD,
    0x5D, 0xA4, 0xEE, 0xFD, 0x4D, 0x99, 0xE9, 0xFD, 0x39, 0x7E, 0xD1, 0xFD, 0x40, 0x89, 0xD0, 0xFD,
    0x40, 0x89, 0xD0, 0xFD, 0x6F, 0xAF, 0xE3, 0xFD, 0x91, 0xC6, 0xF1, 0xFD, 0xA6, 0xD5, 0xFA, 0xFD,
    0xA6, 0xD5, 0xFA, 0xFD, 0xB1, 0xE7, 0xFF, 0xFD, 0x92, 0xC9, 0xF9, 0xFD, 0x67, 0xB3, 0xF5, 0xFD,
    0x67, 0xB3, 0xF5, 0xFD, 0x47, 0xA1, 0xF0, 0xFD, 0x4D, 0xB0, 0xFC, 0xFD, 0x47, 0xAE, 0xFD, 0xFC,
    0x47, 0xAE, 0xFD, 0xFC, 0x3E, 0xA9, 0xFE, 0xFC, 0x2F, 0x9A, 0xFB, 0xFC, 0x25, 0x8E, 0xF8, 0xFC,
    0x25, 0x8E, 0xF8, 0xFC, 0x22, 0x8E, 0xF9, 0xFC, 0x1F, 0x94, 0xFC, 0xFC, 0x16, 0x87, 0xF6, 0xFC,
    0x16, 0x87, 0xF6, 0xFC, 0x13, 0x80, 0xF0, 0xFC, 0x1C, 0x86, 0xF3, 0xFC, 0x13, 0x47, 0xA2, 0xFC,
    0x13, 0x47, 0xA2, 0xFC, 0x06, 0x1B, 0x61, 0xFC, 0x36, 0x8B, 0xDD, 0xFC, 0x30, 0xA0, 0xF6, 0xFD,
    0x25, 0x92, 0xE9, 0xFC, 0x25, 0x92, 0xE9, 0xFC, 0x16, 0x68, 0xC4, 0xFC, 0x07, 0x3A, 0x8C, 0xFC,
    0x00, 0x18, 0x62, 0xFC, 0x00, 0x18, 0x62, 0xFC, 0x0B, 0x49, 0x95, 0xFC, 0x23, 0x7F, 0xDA, 0xFC,
    0x35, 0xA4, 0xFC, 0xFC, 0x35, 0xA4, 0xFC, 0xFC, 0x22, 0x94, 0xFC, 0xFB, 0x1E, 0x94, 0xFC, 0xFB,
    0x18, 0x86, 0xFA, 0xFB, 0x18, 0x86, 0xFA, 0xFB, 0x15, 0x84, 0xFA, 0xFA, 0x0F, 0x7F, 0xF7, 0xF9,
    0x0A, 0x78, 0xF4, 0xF7, 0x0A, 0x78, 0xF4, 0xF7, 0x0C, 0x69, 0xE2, 0xF4, 0x03, 0x2B, 0x7B, 0xED,
    0x2A, 0x64, 0x9B, 0x9D, 0x2A, 0x64, 0x9B, 0x9D, 0x3A, 0x87, 0xCA, 0x29, 0x35, 0x87, 0xD0, 0x02,
    0x35, 0x84, 0xD3, 0x04, 0x35, 0x84, 0xD3, 0x04, 0x35, 0x83, 0xD2, 0x01, 0x00, 0x00, 0x00, 0x00,
    0x00, 0x00, 0x00, 0x00, 0x00, 0x00, 0x00, 0x00, 0x00, 0x00, 0x00, 0x00, 0x00, 0x00, 0x00, 0x00,
    0x00, 0x00, 0x00, 0x00, 0x00, 0x00, 0x00, 0x00, 0x00, 0x00, 0x00, 0x00, 0x00, 0x00, 0x00, 0x00,
    0x00, 0x00, 0x00, 0x00, 0x00, 0x00, 0x00, 0x00, 0x00, 0x00, 0x00, 0x00, 0x00, 0x00, 0x00, 0x00,
    0x00, 0x00, 0x00, 0x00, 0x00, 0x00, 0x00, 0x00, 0x00, 0x00, 0x00, 0x00, 0x00, 0x00, 0x00, 0x00,
    0x00, 0x00, 0x00, 0x00, 0x00, 0x00, 0x00, 0x00, 0x00, 0x00, 0x00, 0x00, 0x00, 0x00, 0x00, 0x00,
    0x00, 0x00, 0x00, 0x00, 0x00, 0x00, 0x00, 0x00, 0x00, 0x00, 0x00, 0x00, 0x00, 0x00, 0x00, 0x00,
    0x00, 0x00, 0x00, 0x00, 0x3D, 0x89, 0xD2, 0x01, 0x47, 0x97, 0xE0, 0x01, 0x47, 0x97, 0xE0, 0x01,
    0x2D, 0x6F, 0xAB, 0x44, 0x25, 0x5F, 0x97, 0xCC, 0x31, 0x86, 0xD5, 0xFA, 0x31, 0x86, 0xD5, 0xFA,
    0x1C, 0x7B, 0xE7, 0xF7, 0x21, 0x87, 0xF4, 0xFA, 0x26, 0x93, 0xFA, 0xFB, 0x26, 0x93, 0xFA, 0xFB,
    0x2B, 0x93, 0xFA, 0xFB, 0x33, 0xA0, 0xFD, 0xFC, 0x36, 0xA3, 0xFE, 0xFC, 0x36, 0xA3, 0xFE, 0xFC,
    0x48, 0xAC, 0xFD, 0xFC, 0x32, 0x83, 0xDB, 0xFC, 0x1F, 0x62, 0xB6, 0xFC, 0x1F, 0x62, 0xB6, 0xFC,
    0x1F, 0x69, 0xBB, 0xFC, 0x1F, 0x70, 0xC1, 0xFC, 0x1C, 0x63, 0xB6, 0xFD, 0x1F, 0x60, 0xB0, 0xFD,
    0x1F, 0x60, 0xB0, 0xFD, 0x17, 0x4B, 0xA1, 0xFD, 0x54, 0x8C, 0xD6, 0xFD, 0xBC, 0xE5, 0xFD, 0xFD,
    0xBC, 0xE5, 0xFD, 0xFD, 0xC5, 0xE3, 0xFC, 0xFD, 0xC7, 0xE3, 0xFA, 0xFD, 0xD3, 0xED, 0xFE, 0xFD,
    0xD3, 0xED, 0xFE, 0xFD, 0xD8, 0xED, 0xFC, 0xFD, 0xE0, 0xEF, 0xF9, 0xFD, 0xE7, 0xEF, 0xF8, 0xFD,
    0xE7, 0xEF, 0xF8, 0xFD, 0xEC, 0xF7, 0xFD, 0xFD, 0xE5, 0xF6, 0xFE, 0xFD, 0xE0, 0xF2, 0xFD, 0xFD,
    0xE0, 0xF2, 0xFD, 0xFD, 0x73, 0x92, 0xBC, 0xFD, 0x21, 0x32, 0x69, 0xFD, 0x1E, 0x31, 0x6B, 0xFD,
    0x1E, 0x31, 0x6B, 0xFD, 0x16, 0x2A, 0x69, 0xFD, 0x23, 0x3A, 0x7E, 0xFD, 0x92, 0xB7, 0xE5, 0xFD,
    0x92, 0xB7, 0xE5, 0xFD, 0xE4, 0xFB, 0xFF, 0xFD, 0xE3, 0xF8, 0xFE, 0xFD, 0xC5, 0xD9, 0xF0, 0xFD,
    0xC5, 0xD9, 0xF0, 0xFD, 0xBE, 0xDD, 0xF7, 0xFD, 0xB7, 0xE0, 0xFD, 0xFD, 0x9E, 0xE2, 0xFF, 0xFD,
    0x9E, 0xE2, 0xFF, 0xFD, 0x69, 0xBF, 0xFE, 0xFC, 0x48, 0xAC, 0xFD, 0xFC, 0x3C, 0xA9, 0xFD, 0xFD,
    0x3C, 0xA9, 0xFD, 0xFD, 0x33, 0x9F, 0xFD, 0xFD, 0x29, 0x93, 0xFA, 0xFD, 0x29, 0x97, 0xFC, 0xFC,
    0x29, 0x97, 0xFC, 0xFC, 0x1F, 0x8B, 0xF7, 0xFC, 0x18, 0x86, 0xF5, 0xFC, 0x15, 0x82, 0xF5, 0xFC,
    0x15, 0x82, 0xF5, 0xFC, 0x1A, 0x84, 0xF3, 0xFC, 0x12, 0x54, 0xB7, 0xFC, 0x05, 0x19, 0x5C, 0xFC,
    0x05, 0x19, 0x5C, 0xFC, 0x05, 0x0F, 0x49, 0xFC, 0x0D, 0x25, 0x68, 0xFC, 0x0A, 0x2B, 0x72, 0xFC,
    0x04, 0x28, 0x6F, 0xFC, 0x04, 0x28, 0x6F, 0xFC, 0x01, 0x18, 0x5F, 0xFC, 0x11, 0x4D, 0x99, 0xFC,
    0x26, 0x7B, 0xCF, 0xFC, 0x26, 0x7B, 0xCF, 0xFC, 0x36, 0xA0, 0xF5, 0xFC, 0x2E, 0xA1, 0xFC, 0xFC,
    0x28, 0x9E, 0xFD, 0xFC, 0x28, 0x9E, 0xFD, 0xFC, 0x1B, 0x8B, 0xFB, 0xFB, 0x19, 0x8A, 0xFA, 0xFB,
    0x19, 0x87, 0xFB, 0xFB, 0x19, 0x87, 0xFB, 0xFB, 0x17, 0x84, 0xFB, 0xFA, 0x0C, 0x74, 0xF0, 0xFA,
    0x09, 0x70, 0xEE, 0xF8, 0x09, 0x70, 0xEE, 0xF8, 0x0F, 0x62, 0xD5, 0xF1, 0x01, 0x0F, 0x44, 0xE6,
    0x20, 0x55, 0x8C, 0x41, 0x20, 0x55, 0x8C, 0x41, 0x3A, 0x8E, 0xD4, 0x05, 0x33, 0x83, 0xCF, 0x04,
    0x36, 0x84, 0xD3, 0x01, 0x36, 0x84, 0xD3, 0x01, 0x36, 0x84, 0xD3, 0x02, 0x00, 0x00, 0x00, 0x00,
    0x00, 0x00, 0x00, 0x00, 0x00, 0x00, 0x00, 0x00, 0x00, 0x00, 0x00, 0x00, 0x00, 0x00, 0x00, 0x00,
    0x00, 0x00, 0x00, 0x00, 0x00, 0x00, 0x00, 0x00, 0x00, 0x00, 0x00, 0x00, 0x00, 0x00, 0x00, 0x00,
    0x00, 0x00, 0x00, 0x00, 0x00, 0x00, 0x00, 0x00, 0x00, 0x00, 0x00, 0x00, 0x00, 0x00, 0x00, 0x00,
    0x00, 0x00, 0x00, 0x00, 0x00, 0x00, 0x00, 0x00, 0x00, 0x00, 0x00, 0x00, 0x00, 0x00, 0x00, 0x00,
    0x00, 0x00, 0x00, 0x00, 0x00, 0x00, 0x00, 0x00, 0x00, 0x00, 0x00, 0x00, 0x00, 0x00, 0x00, 0x00,
    0x00, 0x00, 0x00, 0x00, 0x00, 0x00, 0x00, 0x00, 0x00, 0x00, 0x00, 0x00, 0x00, 0x00, 0x00, 0x00,
    0x00, 0x00, 0x00, 0x00, 0x3D, 0x89, 0xD2, 0x01, 0x47, 0x97, 0xE0, 0x01, 0x47, 0x97, 0xE0, 0x01,
    0x2D, 0x6F, 0xAB, 0x44, 0x25, 0x5F, 0x97, 0xCC, 0x31, 0x86, 0xD5, 0xFA, 0x31, 0x86, 0xD5, 0xFA,
    0x1C, 0x7B, 0xE7, 0xF7, 0x21, 0x87, 0xF4, 0xFA, 0x26, 0x93, 0xFA, 0xFB, 0x26, 0x93, 0xFA, 0xFB,
    0x2B, 0x93, 0xFA, 0xFB, 0x33, 0xA0, 0xFD, 0xFC, 0x36, 0xA3, 0xFE, 0xFC, 0x36, 0xA3, 0xFE, 0xFC,
    0x48, 0xAC, 0xFD, 0xFC, 0x32, 0x83, 0xDB, 0xFC, 0x1F, 0x62, 0xB6, 0xFC, 0x1F, 0x62, 0xB6, 0xFC,
    0x1F, 0x69, 0xBB, 0xFC, 0x1F, 0x70, 0xC1, 0xFC, 0x1C, 0x63, 0xB6, 0xFD, 0x1F, 0x60, 0xB0, 0xFD,
    0x1F, 0x60, 0xB0, 0xFD, 0x17, 0x4B, 0xA1, 0xFD, 0x54, 0x8C, 0xD6, 0xFD, 0xBC, 0xE5, 0xFD, 0xFD,
    0xBC, 0xE5, 0xFD, 0xFD, 0xC5, 0xE3, 0xFC, 0xFD, 0xC7, 0xE3, 0xFA, 0xFD, 0xD3, 0xED, 0xFE, 0xFD,
    0xD3, 0xED, 0xFE, 0xFD, 0xD8, 0xED, 0xFC, 0xFD, 0xE0, 0xEF, 0xF9, 0xFD, 0xE7, 0xEF, 0xF8, 0xFD,
    0xE7, 0xEF, 0xF8, 0xFD, 0xEC, 0xF7, 0xFD, 0xFD, 0xE5, 0xF6, 0xFE, 0xFD, 0xE0, 0xF2, 0xFD, 0xFD,
    0xE0, 0xF2, 0xFD, 0xFD, 0x73, 0x92, 0xBC, 0xFD, 0x21, 0x32, 0x69, 0xFD, 0x1E, 0x31, 0x6B, 0xFD,
    0x1E, 0x31, 0x6B, 0xFD, 0x16, 0x2A, 0x69, 0xFD, 0x23, 0x3A, 0x7E, 0xFD, 0x92, 0xB7, 0xE5, 0xFD,
    0x92, 0xB7, 0xE5, 0xFD, 0xE4, 0xFB, 0xFF, 0xFD, 0xE3, 0xF8, 0xFE, 0xFD, 0xC5, 0xD9, 0xF0, 0xFD,
    0xC5, 0xD9, 0xF0, 0xFD, 0xBE, 0xDD, 0xF7, 0xFD, 0xB7, 0xE0, 0xFD, 0xFD, 0x9E, 0xE2, 0xFF, 0xFD,
    0x9E, 0xE2, 0xFF, 0xFD, 0x69, 0xBF, 0xFE, 0xFC, 0x48, 0xAC, 0xFD, 0xFC, 0x3C, 0xA9, 0xFD, 0xFD,
    0x3C, 0xA9, 0xFD, 0xFD, 0x33, 0x9F, 0xFD, 0xFD, 0x29, 0x93, 0xFA, 0xFD, 0x29, 0x97, 0xFC, 0xFC,
    0x29, 0x97, 0xFC, 0xFC, 0x1F, 0x8B, 0xF7, 0xFC, 0x18, 0x86, 0xF5, 0xFC, 0x15, 0x82, 0xF5, 0xFC,
    0x15, 0x82, 0xF5, 0xFC, 0x1A, 0x84, 0xF3, 0xFC, 0x12, 0x54, 0xB7, 0xFC, 0x05, 0x19, 0x5C, 0xFC,
    0x05, 0x19, 0x5C, 0xFC, 0x05, 0x0F, 0x49, 0xFC, 0x0D, 0x25, 0x68, 0xFC, 0x0A, 0x2B, 0x72, 0xFC,
    0x04, 0x28, 0x6F, 0xFC, 0x04, 0x28, 0x6F, 0xFC, 0x01, 0x18, 0x5F, 0xFC, 0x11, 0x4D, 0x99, 0xFC,
    0x26, 0x7B, 0xCF, 0xFC, 0x26, 0x7B, 0xCF, 0xFC, 0x36, 0xA0, 0xF5, 0xFC, 0x2E, 0xA1, 0xFC, 0xFC,
    0x28, 0x9E, 0xFD, 0xFC, 0x28, 0x9E, 0xFD, 0xFC, 0x1B, 0x8B, 0xFB, 0xFB, 0x19, 0x8A, 0xFA, 0xFB,
    0x19, 0x87, 0xFB, 0xFB, 0x19, 0x87, 0xFB, 0xFB, 0x17, 0x84, 0xFB, 0xFA, 0x0C, 0x74, 0xF0, 0xFA,
    0x09, 0x70, 0xEE, 0xF8, 0x09, 0x70, 0xEE, 0xF8, 0x0F, 0x62, 0xD5, 0xF1, 0x01, 0x0F, 0x44, 0xE6,
    0x20, 0x55, 0x8C, 0x41, 0x20, 0x55, 0x8C, 0x41, 0x3A, 0x8E, 0xD4, 0x05, 0x33, 0x83, 0xCF, 0x04,
    0x36, 0x84, 0xD3, 0x01, 0x36, 0x84, 0xD3, 0x01, 0x36, 0x84, 0xD3, 0x02, 0x00, 0x00, 0x00, 0x00,
    0x00, 0x00, 0x00, 0x00, 0x00, 0x00, 0x00, 0x00, 0x00, 0x00, 0x00, 0x00, 0x00, 0x00, 0x00, 0x00,
    0x00, 0x00, 0x00, 0x00, 0x00, 0x00, 0x00, 0x00, 0x00, 0x00, 0x00, 0x00, 0x00, 0x00, 0x00, 0x00,
    0x00, 0x00, 0x00, 0x00, 0x00, 0x00, 0x00, 0x00, 0x00, 0x00, 0x00, 0x00, 0x00, 0x00, 0x00, 0x00,
    0x00, 0x00, 0x00, 0x00, 0x00, 0x00, 0x00, 0x00, 0x00, 0x00, 0x00, 0x00, 0x00, 0x00, 0x00, 0x00,
    0x00, 0x00, 0x00, 0x00, 0x00, 0x00, 0x00, 0x00, 0x00, 0x00, 0x00, 0x00, 0x00, 0x00, 0x00, 0x00,
    0x00, 0x00, 0x00, 0x00, 0x00, 0x00, 0x00, 0x00, 0x00, 0x00, 0x00, 0x00, 0x00, 0x00, 0x00, 0x00,
    0x00, 0x00, 0x00, 0x00, 0x00, 0x00, 0x00, 0x00, 0x3D, 0x8C, 0xD6, 0x01, 0x3D, 0x8C, 0xD6, 0x01,
    0x43, 0x8E, 0xCC, 0x07, 0x19, 0x42, 0x71, 0x8A, 0x02, 0x1B, 0x56, 0xF8, 0x02, 0x1B, 0x56, 0xF8,
    0x15, 0x64, 0xCB, 0xF1, 0x1B, 0x83, 0xF3, 0xF9, 0x23, 0x92, 0xF9, 0xFA, 0x23, 0x92, 0xF9, 0xFA,
    0x27, 0x90, 0xF9, 0xFB, 0x2F, 0x99, 0xFC, 0xFB, 0x33, 0x9E, 0xFC, 0xFC, 0x33, 0x9E, 0xFC, 0xFC,
    0x3C, 0xA5, 0xFD, 0xFC, 0x4F, 0xB7, 0xFD, 0xFC, 0x58, 0xBC, 0xFD, 0xFC, 0x58, 0xBC, 0xFD, 0xFC,
    0x58, 0xBB, 0xFC, 0xFC, 0x5F, 0xC1, 0xFC, 0xFC, 0x60, 0xB9, 0xFB, 0xFD, 0x64, 0xBC, 0xFB, 0xFD,
    0x64, 0xBC, 0xFB, 0xFD, 0x6D, 0xB8, 0xFA, 0xFD, 0x98, 0xD2, 0xFC, 0xFD, 0xBD, 0xE2, 0xFC, 0xFD,
    0xBD, 0xE2, 0xFC, 0xFD, 0xCB, 0xE1, 0xF9, 0xFD, 0xD5, 0xE9, 0xFC, 0xFD, 0xEC, 0xF9, 0xFE, 0xFD,
    0xEC, 0xF9, 0xFE, 0xFD, 0xED, 0xF8, 0xFE, 0xFD, 0xF1, 0xFA, 0xFE, 0xFD, 0xF8, 0xFD, 0xFE, 0xFD,
    0xF8, 0xFD, 0xFE, 0xFD, 0xEA, 0xF0, 0xF5, 0xFD, 0xE5, 0xEE, 0xF3, 0xFD, 0xF5, 0xFA, 0xFE, 0xFD,
    0xF5, 0xFA, 0xFE, 0xFD, 0x85, 0x92, 0xAF, 0xFD, 0x4B, 0x52, 0x77, 0xFD, 0x83, 0x98, 0xB5, 0xFD,
    0x83, 0x98, 0xB5, 0xFD, 0x83, 0x9C, 0xC0, 0xFD, 0x9D, 0xB8, 0xDD, 0xFD, 0xCF, 0xE8, 0xFE, 0xFD,
    0xCF, 0xE8, 0xFE, 0xFD, 0xD0, 0xE3, 0xF4, 0xFD, 0xD3, 0xE8, 0xF5, 0xFD, 0xC8, 0xE5, 0xFB, 0xFD,
    0xC8, 0xE5, 0xFB, 0xFD, 0xAD, 0xDD, 0xFC, 0xFD, 0x8E, 0xCF, 0xFB, 0xFD, 0x74, 0xC5, 0xFE, 0xFC,
    0x74, 0xC5, 0xFE, 0xFC, 0x55, 0xB4, 0xFE, 0xFC, 0x3F, 0xAB, 0xFE, 0xFC, 0x37, 0xAA, 0xFE, 0xFC,
    0x37, 0xAA, 0xFE, 0xFC, 0x2E, 0x9C, 0xFD, 0xFC, 0x2B, 0x99, 0xFC, 0xFC, 0x29, 0x9C, 0xFE, 0xFC,
    0x29, 0x9C, 0xFE, 0xFC, 0x1C, 0x8E, 0xF9, 0xFC, 0x17, 0x86, 0xF7, 0xFC, 0x19, 0x82, 0xF3, 0xFC,
    0x19, 0x82, 0xF3, 0xFC, 0x23, 0x72, 0xD5, 0xFC, 0x05, 0x24, 0x6C, 0xFC, 0x0A, 0x29, 0x6B, 0xFC,
    0x0A, 0x29, 0x6B, 0xFC, 0x15, 0x3B, 0x81, 0xFC, 0x0F, 0x2F, 0x71, 0xFC, 0x24, 0x5C, 0x9B, 0xFC,
    0x1F, 0x61, 0xA4, 0xFC, 0x1F, 0x61, 0xA4, 0xFC, 0x15, 0x57, 0xAE, 0xFC, 0x38, 0xA1, 0xF5, 0xFC,
    0x39, 0xB6, 0xFC, 0xFC, 0x39, 0xB6, 0xFC, 0xFC, 0x2C, 0xA2, 0xFC, 0xFC, 0x20, 0x91, 0xFA, 0xFC,
    0x1F, 0x94, 0xFC, 0xFB, 0x1F, 0x94, 0xFC, 0xFB, 0x1C, 0x90, 0xFC, 0xFB, 0x19, 0x87, 0xFA, 0xFA,
    0x18, 0x84, 0xFA, 0xFA, 0x18, 0x84, 0xFA, 0xFA, 0x15, 0x82, 0xFA, 0xF9, 0x0C, 0x74, 0xF1, 0xF8,
    0x0C, 0x70, 0xEC, 0xF7, 0x0C, 0x70, 0xEC, 0xF7, 0x0F, 0x5A, 0xBA, 0xEB, 0x01, 0x11, 0x3E, 0xCA,
    0x28, 0x61, 0x9E, 0x1F, 0x28, 0x61, 0x9E, 0x1F, 0x00, 0x00, 0x00, 0x00, 0x33, 0x84, 0xD0, 0x04,
    0x00, 0x00, 0x00, 0x00, 0x00, 0x00, 0x00, 0x00, 0x35, 0x84, 0xD3, 0x01, 0x00, 0x00, 0x00, 0x00,
    0x00, 0x00, 0x00, 0x00, 0x00, 0x00, 0x00, 0x00, 0x00, 0x00, 0x00, 0x00, 0x00, 0x00, 0x00, 0x00,
    0x00, 0x00, 0x00, 0x00, 0x00, 0x00, 0x00, 0x00, 0x00, 0x00, 0x00, 0x00, 0x00, 0x00, 0x00, 0x00,
    0x00, 0x00, 0x00, 0x00, 0x00, 0x00, 0x00, 0x00, 0x00, 0x00, 0x00, 0x00, 0x00, 0x00, 0x00, 0x00,
    0x00, 0x00, 0x00, 0x00, 0x00, 0x00, 0x00, 0x00, 0x00, 0x00, 0x00, 0x00, 0x00, 0x00, 0x00, 0x00,
    0x00, 0x00, 0x00, 0x00, 0x00, 0x00, 0x00, 0x00, 0x00, 0x00, 0x00, 0x00, 0x00, 0x00, 0x00, 0x00,
    0x00, 0x00, 0x00, 0x00, 0x00, 0x00, 0x00, 0x00, 0x00, 0x00, 0x00, 0x00, 0x00, 0x00, 0x00, 0x00,
    0x00, 0x00, 0x00, 0x00, 0x00, 0x00, 0x00, 0x00, 0x3C, 0x88, 0xD1, 0x04, 0x3C, 0x88, 0xD1, 0x04,
    0x48, 0x94, 0xD6, 0x02, 0x24, 0x4E, 0x83, 0x72, 0x09, 0x27, 0x61, 0xEB, 0x09, 0x27, 0x61, 0xEB,
    0x29, 0x88, 0xE6, 0xF3, 0x19, 0x81, 0xF2, 0xF8, 0x1A, 0x82, 0xF3, 0xF8, 0x1A, 0x82, 0xF3, 0xF8,
    0x27, 0x90, 0xF9, 0xFB, 0x2C, 0x94, 0xF9, 0xFB, 0x2A, 0x90, 0xF7, 0xFC, 0x2A, 0x90, 0xF7, 0xFC,
    0x31, 0x9C, 0xFA, 0xFC, 0x3C, 0xA7, 0xFB, 0xFC, 0x4E, 0xB8, 0xFC, 0xFC, 0x4E, 0xB8, 0xFC, 0xFC,
    0x56, 0xB8, 0xFB, 0xFC, 0x5A, 0xB3, 0xF9, 0xFC, 0x69, 0xBA, 0xF9, 0xFC, 0x7D, 0xCF, 0xFA, 0xFD,
    0x7D, 0xCF, 0xFA, 0xFD, 0x86, 0xCC, 0xFA, 0xFD, 0x9D, 0xD0, 0xFB, 0xFD, 0xB8, 0xD8, 0xF9, 0xFD,
    0xB8, 0xD8, 0xF9, 0xFD, 0xCD, 0xE4, 0xFA, 0xFD, 0xDD, 0xF2, 0xFD, 0xFD, 0xAE, 0xC0, 0xDA, 0xFD,
    0xAE, 0xC0, 0xDA, 0xFD, 0x79, 0x87, 0xA1, 0xFD, 0xC9, 0xD5, 0xE4, 0xFD, 0xE9, 0xF3, 0xFA, 0xFD,
    0xE9, 0xF3, 0xFA, 0xFD, 0x74, 0x7D, 0x89, 0xFD, 0xA8, 0xAE, 0xB9, 0xFD, 0xFF, 0xFF, 0xFF, 0xFD,
    0xFF, 0xFF, 0xFF, 0xFD, 0xE5, 0xF3, 0xF8, 0xFD, 0xD4, 0xE3, 0xF1, 0xFD, 0xEA, 0xF8, 0xFE, 0xFD,
    0xEA, 0xF8, 0xFE, 0xFD, 0xE8, 0xFB, 0xFF, 0xFD, 0xDB, 0xEF, 0xFC, 0xFD, 0xD2, 0xE7, 0xF8, 0xFD,
    0xD2, 0xE7, 0xF8, 0xFD, 0xC8, 0xDF, 0xF3, 0xFD, 0xC5, 0xE7, 0xFB, 0xFD, 0xAB, 0xE2, 0xFE, 0xFD,
    0xAB, 0xE2, 0xFE, 0xFD, 0x80, 0xCD, 0xFE, 0xFD, 0x56, 0xB1, 0xFC, 0xFD, 0x46, 0xAC, 0xFE, 0xFC,
    0x46, 0xAC, 0xFE, 0xFC, 0x3A, 0xA5, 0xFE, 0xFC, 0x34, 0xA4, 0xFF, 0xFC, 0x2C, 0x9A, 0xFD, 0xFC,
    0x2C, 0x9A, 0xFD, 0xFC, 0x2E, 0x9F, 0xFD, 0xFC, 0x27, 0x96, 0xFC, 0xFC, 0x1F, 0x8E, 0xFA, 0xFC,
    0x1F, 0x8E, 0xFA, 0xFC, 0x17, 0x88, 0xF8, 0xFC, 0x1F, 0x95, 0xFA, 0xFC, 0x1E, 0x69, 0xCE, 0xFC,
    0x1E, 0x69, 0xCE, 0xFC, 0x02, 0x18, 0x65, 0xFC, 0x0F, 0x32, 0x75, 0xFC, 0x49, 0x9D, 0xE5, 0xFC,
    0x49, 0x9D, 0xE5, 0xFC, 0x47, 0xAB, 0xF8, 0xFC, 0x45, 0xA8, 0xF8, 0xFC, 0x57, 0xCE, 0xFD, 0xFC,
    0x45, 0xBC, 0xFC, 0xFC, 0x45, 0xBC, 0xFC, 0xFC, 0x23, 0x91, 0xF3, 0xFC, 0x1E, 0x91, 0xF8, 0xFC,
    0x24, 0xA0, 0xFC, 0xFC, 0x24, 0xA0, 0xFC, 0xFC, 0x25, 0x9D, 0xFC, 0xFB, 0x22, 0x96, 0xFC, 0xFB,
    0x1E, 0x8F, 0xFB, 0xFB, 0x1E, 0x8F, 0xFB, 0xFB, 0x17, 0x87, 0xF9, 0xFB, 0x18, 0x89, 0xFA, 0xFA,
    0x13, 0x7D, 0xF4, 0xFA, 0x13, 0x7D, 0xF4, 0xFA, 0x0F, 0x7A, 0xF2, 0xF9, 0x0B, 0x72, 0xEF, 0xF9,
    0x0A, 0x60, 0xDB, 0xEE, 0x0A, 0x60, 0xDB, 0xEE, 0x03, 0x32, 0x85, 0xCE, 0x1D, 0x57, 0x93, 0x5E,
    0x38, 0x86, 0xCA, 0x0C, 0x38, 0x86, 0xCA, 0x0C, 0x00, 0x00, 0x00, 0x00, 0x33, 0x84, 0xD1, 0x02,
    0x35, 0x85, 0xD3, 0x01, 0x35, 0x85, 0xD3, 0x01, 0x34, 0x85, 0xD3, 0x01, 0x00, 0x00, 0x00, 0x00,
    0x00, 0x00, 0x00, 0x00, 0x00, 0x00, 0x00, 0x00, 0x00, 0x00, 0x00, 0x00, 0x00, 0x00, 0x00, 0x00,
    0x00, 0x00, 0x00, 0x00, 0x00, 0x00, 0x00, 0x00, 0x00, 0x00, 0x00, 0x00, 0x00, 0x00, 0x00, 0x00,
    0x00, 0x00, 0x00, 0x00, 0x00, 0x00, 0x00, 0x00, 0x00, 0x00, 0x00, 0x00, 0x00, 0x00, 0x00, 0x00,
    0x00, 0x00, 0x00, 0x00, 0x00, 0x00, 0x00, 0x00, 0x00, 0x00, 0x00, 0x00, 0x00, 0x00, 0x00, 0x00,
    0x00, 0x00, 0x00, 0x00, 0x00, 0x00, 0x00, 0x00, 0x00, 0x00, 0x00, 0x00, 0x00, 0x00, 0x00, 0x00,
    0x00, 0x00, 0x00, 0x00, 0x00, 0x00, 0x00, 0x00, 0x00, 0x00, 0x00, 0x00, 0x00, 0x00, 0x00, 0x00,
    0x00, 0x00, 0x00, 0x00, 0x00, 0x00, 0x00, 0x00, 0x3F, 0x89, 0xD0, 0x02, 0x3F, 0x89, 0xD0, 0x02,
    0x00, 0x00, 0x00, 0x00, 0x42, 0x81, 0xC1, 0x2E, 0x11, 0x3B, 0x78, 0x9C, 0x11, 0x3B, 0x78, 0x9C,
    0x1B, 0x68, 0xBA, 0xEC, 0x18, 0x7A, 0xE3, 0xF7, 0x1D, 0x83, 0xF2, 0xF7, 0x1D, 0x83, 0xF2, 0xF7,
    0x23, 0x8A, 0xF5, 0xFB, 0x29, 0x91, 0xF7, 0xFB, 0x2C, 0x97, 0xF9, 0xFB, 0x2C, 0x97, 0xF9, 0xFB,
    0x31, 0x9F, 0xFB, 0xFB, 0x31, 0x99, 0xF7, 0xFC, 0x3B, 0xA1, 0xF9, 0xFC, 0x3B, 0xA1, 0xF9, 0xFC,
    0x4B, 0xAE, 0xFA, 0xFC, 0x58, 0xB5, 0xF9, 0xFC, 0x65, 0xB5, 0xF8, 0xFD, 0x74, 0xBE, 0xF9, 0xFD,
    0x74, 0xBE, 0xF9, 0xFD, 0x89, 0xC7, 0xFA, 0xFD, 0xA4, 0xD2, 0xFB, 0xFD, 0xB6, 0xCE, 0xF4, 0xFD,
    0xB6, 0xCE, 0xF4, 0xFD, 0xCD, 0xDF, 0xF6, 0xFD, 0xDD, 0xEF, 0xFD, 0xFD, 0x98, 0xA4, 0xC3, 0xFD,
    0x98, 0xA4, 0xC3, 0xFD, 0x2E, 0x39, 0x51, 0xFD, 0x5E, 0x6C, 0x7E, 0xFD, 0x6E, 0x78, 0x8A, 0xFD,
    0x6E, 0x78, 0x8A, 0xFD, 0x2E, 0x34, 0x43, 0xFD, 0xAF, 0xB5, 0xBF, 0xFD, 0xF7, 0xFA, 0xFB, 0xFD,
    0xF7, 0xFA, 0xFB, 0xFD, 0xE3, 0xEA, 0xEC, 0xFD, 0xE9, 0xF6, 0xF8, 0xFD, 0xE3, 0xE8, 0xF1, 0xFD,
    0xE3, 0xE8, 0xF1, 0xFD, 0xD6, 0xE5, 0xF5, 0xFD, 0xC4, 0xDF, 0xF9, 0xFD, 0xB9, 0xE3, 0xFC, 0xFD,
    0xB9, 0xE3, 0xFC, 0xFD, 0xA3, 0xDA, 0xFB, 0xFD, 0x87, 0xCC, 0xFB, 0xFD, 0x60, 0xB1, 0xF9, 0xFD,
    0x60, 0xB1, 0xF9, 0xFD, 0x49, 0xAD, 0xFD, 0xFD, 0x39, 0xA5, 0xFE, 0xFD, 0x34, 0xA6, 0xFF, 0xFC,
    0x34, 0xA6, 0xFF, 0xFC, 0x2E, 0xA1, 0xFF, 0xFC, 0x28, 0x9B, 0xFF, 0xFC, 0x26, 0x95, 0xFC, 0xFC,
    0x26, 0x95, 0xFC, 0xFC, 0x27, 0x9B, 0xFD, 0xFC, 0x20, 0x93, 0xFB, 0xFC, 0x1D, 0x90, 0xFA, 0xFC,
    0x1D, 0x90, 0xFA, 0xFC, 0x1E, 0x8D, 0xF7, 0xFC, 0x1E, 0x70, 0xD1, 0xFC, 0x07, 0x36, 0x7B, 0xFC,
    0x07, 0x36, 0x7B, 0xFC, 0x38, 0x6C, 0xA7, 0xFC, 0x6B, 0xB4, 0xF2, 0xFC, 0x5D, 0xC8, 0xFC, 0xFC,
    0x5D, 0xC8, 0xFC, 0xFC, 0x34, 0xA6, 0xFB, 0xFC, 0x31, 0xA9, 0xFC, 0xFC, 0x34, 0xAF, 0xFD, 0xFC,
    0x30, 0xAD, 0xFE, 0xFC, 0x30, 0xAD, 0xFE, 0xFC, 0x1D, 0x95, 0xFA, 0xFC, 0x17, 0x8B, 0xF7, 0xFB,
    0x20, 0x94, 0xFB, 0xFB, 0x20, 0x94, 0xFB, 0xFB, 0x22, 0x96, 0xFC, 0xFB, 0x21, 0x95, 0xFC, 0xFB,
    0x1C, 0x8F, 0xFC, 0xFB, 0x1C, 0x8F, 0xFC, 0xFB, 0x15, 0x83, 0xF7, 0xFB, 0x17, 0x87, 0xF9, 0xFA,
    0x11, 0x7B, 0xF2, 0xF9, 0x11, 0x7B, 0xF2, 0xF9, 0x0D, 0x77, 0xEF, 0xF7, 0x09, 0x69, 0xE3, 0xF5,
    0x12, 0x5B, 0xBE, 0xE3, 0x12, 0x5B, 0xBE, 0xE3, 0x06, 0x32, 0x78, 0xA3, 0x2E, 0x82, 0xC9, 0x0A,
    0x2F, 0x85, 0xD1, 0x05, 0x2F, 0x85, 0xD1, 0x05, 0x31, 0x83, 0xD0, 0x01, 0x35, 0x84, 0xD2, 0x01,
    0x00, 0x00, 0x00, 0x00, 0x00, 0x00, 0x00, 0x00, 0x34, 0x84, 0xD2, 0x01, 0x00, 0x00, 0x00, 0x00,
    0x00, 0x00, 0x00, 0x00, 0x00, 0x00, 0x00, 0x00, 0x00, 0x00, 0x00, 0x00, 0x00, 0x00, 0x00, 0x00,
    0x00, 0x00, 0x00, 0x00, 0x00, 0x00, 0x00, 0x00, 0x00, 0x00, 0x00, 0x00, 0x00, 0x00, 0x00, 0x00,
    0x00, 0x00, 0x00, 0x00, 0x00, 0x00, 0x00, 0x00, 0x00, 0x00, 0x00, 0x00, 0x00, 0x00, 0x00, 0x00,
    0x00, 0x00, 0x00, 0x00, 0x00, 0x00, 0x00, 0x00, 0x00, 0x00, 0x00, 0x00, 0x00, 0x00, 0x00, 0x00,
    0x00, 0x00, 0x00, 0x00, 0x00, 0x00, 0x00, 0x00, 0x00, 0x00, 0x00, 0x00, 0x00, 0x00, 0x00, 0x00,
    0x00, 0x00, 0x00, 0x00, 0x00, 0x00, 0x00, 0x00, 0x00, 0x00, 0x00, 0x00, 0x00, 0x00, 0x00, 0x00,
    0x00, 0x00, 0x00, 0x00, 0x00, 0x00, 0x00, 0x00, 0x3F, 0x89, 0xD0, 0x02, 0x3F, 0x89, 0xD0, 0x02,
    0x00, 0x00, 0x00, 0x00, 0x42, 0x81, 0xC1, 0x2E, 0x11, 0x3B, 0x78, 0x9C, 0x11, 0x3B, 0x78, 0x9C,
    0x1B, 0x68, 0xBA, 0xEC, 0x18, 0x7A, 0xE3, 0xF7, 0x1D, 0x83, 0xF2, 0xF7, 0x1D, 0x83, 0xF2, 0xF7,
    0x23, 0x8A, 0xF5, 0xFB, 0x29, 0x91, 0xF7, 0xFB, 0x2C, 0x97, 0xF9, 0xFB, 0x2C, 0x97, 0xF9, 0xFB,
    0x31, 0x9F, 0xFB, 0xFB, 0x31, 0x99, 0xF7, 0xFC, 0x3B, 0xA1, 0xF9, 0xFC, 0x3B, 0xA1, 0xF9, 0xFC,
    0x4B, 0xAE, 0xFA, 0xFC, 0x58, 0xB5, 0xF9, 0xFC, 0x65, 0xB5, 0xF8, 0xFD, 0x74, 0xBE, 0xF9, 0xFD,
    0x74, 0xBE, 0xF9, 0xFD, 0x89, 0xC7, 0xFA, 0xFD, 0xA4, 0xD2, 0xFB, 0xFD, 0xB6, 0xCE, 0xF4, 0xFD,
    0xB6, 0xCE, 0xF4, 0xFD, 0xCD, 0xDF, 0xF6, 0xFD, 0xDD, 0xEF, 0xFD, 0xFD, 0x98, 0xA4, 0xC3, 0xFD,
    0x98, 0xA4, 0xC3, 0xFD, 0x2E, 0x39, 0x51, 0xFD, 0x5E, 0x6C, 0x7E, 0xFD, 0x6E, 0x78, 0x8A, 0xFD,
    0x6E, 0x78, 0x8A, 0xFD, 0x2E, 0x34, 0x43, 0xFD, 0xAF, 0xB5, 0xBF, 0xFD, 0xF7, 0xFA, 0xFB, 0xFD,
    0xF7, 0xFA, 0xFB, 0xFD, 0xE3, 0xEA, 0xEC, 0xFD, 0xE9, 0xF6, 0xF8, 0xFD, 0xE3, 0xE8, 0xF1, 0xFD,
    0xE3, 0xE8, 0xF1, 0xFD, 0xD6, 0xE5, 0xF5, 0xFD, 0xC4, 0xDF, 0xF9, 0xFD, 0xB9, 0xE3, 0xFC, 0xFD,
    0xB9, 0xE3, 0xFC, 0xFD, 0xA3, 0xDA, 0xFB, 0xFD, 0x87, 0xCC, 0xFB, 0xFD, 0x60, 0xB1, 0xF9, 0xFD,
    0x60, 0xB1, 0xF9, 0xFD, 0x49, 0xAD, 0xFD, 0xFD, 0x39, 0xA5, 0xFE, 0xFD, 0x34, 0xA6, 0xFF, 0xFC,
    0x34, 0xA6, 0xFF, 0xFC, 0x2E, 0xA1, 0xFF, 0xFC, 0x28, 0x9B, 0xFF, 0xFC, 0x26, 0x95, 0xFC, 0xFC,
    0x26, 0x95, 0xFC, 0xFC, 0x27, 0x9B, 0xFD, 0xFC, 0x20, 0x93, 0xFB, 0xFC, 0x1D, 0x90, 0xFA, 0xFC,
    0x1D, 0x90, 0xFA, 0xFC, 0x1E, 0x8D, 0xF7, 0xFC, 0x1E, 0x70, 0xD1, 0xFC, 0x07, 0x36, 0x7B, 0xFC,
    0x07, 0x36, 0x7B, 0xFC, 0x38, 0x6C, 0xA7, 0xFC, 0x6B, 0xB4, 0xF2, 0xFC, 0x5D, 0xC8, 0xFC, 0xFC,
    0x5D, 0xC8, 0xFC, 0xFC, 0x34, 0xA6, 0xFB, 0xFC, 0x31, 0xA9, 0xFC, 0xFC, 0x34, 0xAF, 0xFD, 0xFC,
    0x30, 0xAD, 0xFE, 0xFC, 0x30, 0xAD, 0xFE, 0xFC, 0x1D, 0x95, 0xFA, 0xFC, 0x17, 0x8B, 0xF7, 0xFB,
    0x20, 0x94, 0xFB, 0xFB, 0x20, 0x94, 0xFB, 0xFB, 0x22, 0x96, 0xFC, 0xFB, 0x21, 0x95, 0xFC, 0xFB,
    0x1C, 0x8F, 0xFC, 0xFB, 0x1C, 0x8F, 0xFC, 0xFB, 0x15, 0x83, 0xF7, 0xFB, 0x17, 0x87, 0xF9, 0xFA,
    0x11, 0x7B, 0xF2, 0xF9, 0x11, 0x7B, 0xF2, 0xF9, 0x0D, 0x77, 0xEF, 0xF7, 0x09, 0x69, 0xE3, 0xF5,
    0x12, 0x5B, 0xBE, 0xE3, 0x12, 0x5B, 0xBE, 0xE3, 0x06, 0x32, 0x78, 0xA3, 0x2E, 0x82, 0xC9, 0x0A,
    0x2F, 0x85, 0xD1, 0x05, 0x2F, 0x85, 0xD1, 0x05, 0x31, 0x83, 0xD0, 0x01, 0x35, 0x84, 0xD2, 0x01,
    0x00, 0x00, 0x00, 0x00, 0x00, 0x00, 0x00, 0x00, 0x34, 0x84, 0xD2, 0x01, 0x00, 0x00, 0x00, 0x00,
    0x00, 0x00, 0x00, 0x00, 0x00, 0x00, 0x00, 0x00, 0x00, 0x00, 0x00, 0x00, 0x00, 0x00, 0x00, 0x00,
    0x00, 0x00, 0x00, 0x00, 0x00, 0x00, 0x00, 0x00, 0x00, 0x00, 0x00, 0x00, 0x00, 0x00, 0x00, 0x00,
    0x00, 0x00, 0x00, 0x00, 0x00, 0x00, 0x00, 0x00, 0x00, 0x00, 0x00, 0x00, 0x00, 0x00, 0x00, 0x00,
    0x00, 0x00, 0x00, 0x00, 0x00, 0x00, 0x00, 0x00, 0x00, 0x00, 0x00, 0x00, 0x00, 0x00, 0x00, 0x00,
    0x00, 0x00, 0x00, 0x00, 0x00, 0x00, 0x00, 0x00, 0x00, 0x00, 0x00, 0x00, 0x00, 0x00, 0x00, 0x00,
    0x00, 0x00, 0x00, 0x00, 0x00, 0x00, 0x00, 0x00, 0x00, 0x00, 0x00, 0x00, 0x00, 0x00, 0x00, 0x00,
    0x00, 0x00, 0x00, 0x00, 0x00, 0x00, 0x00, 0x00, 0x42, 0x8A, 0xD1, 0x02, 0x42, 0x8A, 0xD1, 0x02,
    0x00, 0x00, 0x00, 0x00, 0x42, 0x8B, 0xCE, 0x0C, 0x2E, 0x67, 0xA1, 0x4B, 0x2E, 0x67, 0xA1, 0x4B,
    0x04, 0x22, 0x5B, 0xE2, 0x19, 0x5E, 0xB6, 0xEF, 0x22, 0x8B, 0xF2, 0xFA, 0x22, 0x8B, 0xF2, 0xFA,
    0x20, 0x83, 0xEF, 0xFB, 0x25, 0x8D, 0xF3, 0xFB, 0x26, 0x8F, 0xF5, 0xFC, 0x26, 0x8F, 0xF5, 0xFC,
    0x28, 0x93, 0xF8, 0xFB, 0x2F, 0x9B, 0xF9, 0xFC, 0x39, 0xA6, 0xFC, 0xFC, 0x39, 0xA6, 0xFC, 0xFC,
    0x43, 0xAC, 0xFC, 0xFC, 0x53, 0xBE, 0xFC, 0xFC, 0x62, 0xBA, 0xFB, 0xFD, 0x77, 0xC8, 0xFC, 0xFD,
    0x77, 0xC8, 0xFC, 0xFD, 0x8F, 0xCF, 0xFD, 0xFD, 0xB1, 0xDB, 0xFD, 0xFD, 0xC9, 0xDE, 0xF7, 0xFD,
    0xC9, 0xDE, 0xF7, 0xFD, 0xDB, 0xE9, 0xF5, 0xFD, 0xE2, 0xED, 0xF7, 0xFD, 0xEB, 0xF5, 0xFB, 0xFD,
    0xEB, 0xF5, 0xFB, 0xFD, 0xA2, 0xAF, 0xC1, 0xFD, 0x30, 0x32, 0x4A, 0xFD, 0x19, 0x18, 0x2A, 0xFD,
    0x19, 0x18, 0x2A, 0xFD, 0x67, 0x6E, 0x7E, 0xFD, 0xF1, 0xF8, 0xF8, 0xFD, 0xF3, 0xF8, 0xF7, 0xFD,
    0xF3, 0xF8, 0xF7, 0xFD, 0xE7, 0xEB, 0xEE, 0xFD, 0xF2, 0xFD, 0xFF, 0xFD, 0xC4, 0xD6, 0xE8, 0xFD,
    0xC4, 0xD6, 0xE8, 0xFD, 0x98, 0xB7, 0xE2, 0xFD, 0x7E, 0xB4, 0xF1, 0xFD, 0x60, 0xAB, 0xF5, 0xFD,
    0x60, 0xAB, 0xF5, 0xFD, 0x49, 0xA3, 0xF5, 0xFD, 0x40, 0xA5, 0xFB, 0xFD, 0x39, 0xA3, 0xFD, 0xFD,
    0x39, 0xA3, 0xFD, 0xFD, 0x2C, 0x9E, 0xFE, 0xFD, 0x28, 0xA1, 0xFE, 0xFD, 0x27, 0x9C, 0xFE, 0xFC,
    0x27, 0x9C, 0xFE, 0xFC, 0x21, 0x91, 0xFE, 0xFC, 0x1D, 0x8F, 0xFD, 0xFC, 0x1E, 0x90, 0xFD, 0xFC,
    0x1E, 0x90, 0xFD, 0xFC, 0x19, 0x87, 0xFB, 0xFC, 0x18, 0x86, 0xF7, 0xFC, 0x1E, 0x8F, 0xF7, 0xFC,
    0x1E, 0x8F, 0xF7, 0xFC, 0x1B, 0x6D, 0xCD, 0xFC, 0x05, 0x29, 0x70, 0xFC, 0x5D, 0x99, 0xCA, 0xFC,
    0x5D, 0x99, 0xCA, 0xFC, 0xA6, 0xEF, 0xFD, 0xFC, 0x75, 0xC0, 0xF7, 0xFC, 0x50, 0xAF, 0xFA, 0xFC,
    0x50, 0xAF, 0xFA, 0xFC, 0x38, 0xA5, 0xFB, 0xFC, 0x33, 0xAA, 0xFC, 0xFC, 0x2E, 0x9B, 0xFB, 0xFC,
    0x33, 0xA8, 0xFE, 0xFB, 0x33, 0xA8, 0xFE, 0xFB, 0x25, 0x9D, 0xFD, 0xFB, 0x15, 0x83, 0xF4, 0xFB,
    0x19, 0x87, 0xF6, 0xFB, 0x19, 0x87, 0xF6, 0xFB, 0x20, 0x93, 0xFC, 0xFB, 0x1A, 0x89, 0xFA, 0xFB,
    0x18, 0x88, 0xFB, 0xFB, 0x18, 0x88, 0xFB, 0xFB, 0x13, 0x81, 0xF7, 0xFB, 0x0F, 0x78, 0xF1, 0xFA,
    0x0D, 0x72, 0xEC, 0xF9, 0x0D, 0x72, 0xEC, 0xF9, 0x10, 0x7B, 0xEF, 0xF2, 0x0C, 0x57, 0xBC, 0xF3,
    0x04, 0x1F, 0x64, 0xD9, 0x04, 0x1F, 0x64, 0xD9, 0x15, 0x49, 0x8B, 0x6D, 0x2E, 0x86, 0xD2, 0x04,
    0x2F, 0x83, 0xD1, 0x04, 0x2F, 0x83, 0xD1, 0x04, 0x32, 0x83, 0xD2, 0x01, 0x34, 0x84, 0xD2, 0x01,
    0x00, 0x00, 0x00, 0x00, 0x00, 0x00, 0x00, 0x00, 0x34, 0x84, 0xD1, 0x01, 0x00, 0x00, 0x00, 0x00,
    0x00, 0x00, 0x00, 0x00, 0x00, 0x00, 0x00, 0x00, 0x00, 0x00, 0x00, 0x00, 0x00, 0x00, 0x00, 0x00,
    0x00, 0x00, 0x00, 0x00, 0x00, 0x00, 0x00, 0x00, 0x00, 0x00, 0x00, 0x00, 0x00, 0x00, 0x00, 0x00,
    0x00, 0x00, 0x00, 0x00, 0x00, 0x00, 0x00, 0x00, 0x00, 0x00, 0x00, 0x00, 0x00, 0x00, 0x00, 0x00,
    0x00, 0x00, 0x00, 0x00, 0x00, 0x00, 0x00, 0x00, 0x00, 0x00, 0x00, 0x00, 0x00, 0x00, 0x00, 0x00,
    0x00, 0x00, 0x00, 0x00, 0x00, 0x00, 0x00, 0x00, 0x00, 0x00, 0x00, 0x00, 0x00, 0x00, 0x00, 0x00,
    0x00, 0x00, 0x00, 0x00, 0x00, 0x00, 0x00, 0x00, 0x00, 0x00, 0x00, 0x00, 0x00, 0x00, 0x00, 0x00,
    0x00, 0x00, 0x00, 0x00, 0x00, 0x00, 0x00, 0x00, 0x00, 0x00, 0x00, 0x00, 0x00, 0x00, 0x00, 0x00,
    0x00, 0x00, 0x00, 0x00, 0x3F, 0x89, 0xCD, 0x01, 0x45, 0x8C, 0xCB, 0x0A, 0x45, 0x8C, 0xCB, 0x0A,
    0x21, 0x4B, 0x81, 0x84, 0x09, 0x2A, 0x61, 0xD9, 0x25, 0x7A, 0xCF, 0xF7, 0x25, 0x7A, 0xCF, 0xF7,
    0x24, 0x87, 0xED, 0xF7, 0x21, 0x88, 0xEE, 0xFA, 0x22, 0x8B, 0xF0, 0xFB, 0x22, 0x8B, 0xF0, 0xFB,
    0x2A, 0x97, 0xF7, 0xFB, 0x29, 0x90, 0xF1, 0xFB, 0x2F, 0x8E, 0xEC, 0xFB, 0x2F, 0x8E, 0xEC, 0xFB,
    0x2F, 0x83, 0xE1, 0xFC, 0x38, 0x90, 0xE8, 0xFC, 0x39, 0x87, 0xDD, 0xFC, 0x4D, 0x92, 0xE1, 0xFD,
    0x4D, 0x92, 0xE1, 0xFD, 0x63, 0x98, 0xE0, 0xFD, 0xA5, 0xD0, 0xF8, 0xFD, 0xD8, 0xF0, 0xFD, 0xFD,
    0xD8, 0xF0, 0xFD, 0xFD, 0xEA, 0xF4, 0xFB, 0xFD, 0xE3, 0xE5, 0xEC, 0xFD, 0xEC, 0xF2, 0xF5, 0xFD,
    0xEC, 0xF2, 0xF5, 0xFD, 0xEB, 0xF5, 0xFA, 0xFD, 0x8D, 0x9A, 0xA5, 0xFD, 0x89, 0x92, 0x97, 0xFD,
    0x89, 0x92, 0x97, 0xFD, 0xDF, 0xE9, 0xEA, 0xFD, 0xF6, 0xFB, 0xF9, 0xFD, 0xF6, 0xFE, 0xFD, 0xFD,
    0xF6, 0xFE, 0xFD, 0xFD, 0xF7, 0xFE, 0xFF, 0xFD, 0x93, 0x9F, 0xB2, 0xFC, 0x36, 0x4B, 0x72, 0xFD,
    0x36, 0x4B, 0x72, 0xFD, 0x35, 0x5E, 0xA5, 0xFD, 0x4E, 0x94, 0xE8, 0xFD, 0x45, 0xA0, 0xF8, 0xFD,
    0x45, 0xA0, 0xF8, 0xFD, 0x31, 0x96, 0xF6, 0xFD, 0x2A, 0x9B, 0xFB, 0xFD, 0x27, 0x9B, 0xFD, 0xFD,
    0x27, 0x9B, 0xFD, 0xFD, 0x26, 0xA0, 0xFE, 0xFD, 0x24, 0x9F, 0xFE, 0xFD, 0x21, 0x98, 0xFD, 0xFC,
    0x21, 0x98, 0xFD, 0xFC, 0x20, 0x94, 0xFD, 0xFC, 0x1D, 0x91, 0xFC, 0xFC, 0x1B, 0x90, 0xFC, 0xFC,
    0x1B, 0x90, 0xFC, 0xFC, 0x16, 0x86, 0xFA, 0xFC, 0x18, 0x81, 0xF0, 0xFB, 0x1B, 0x69, 0xCB, 0xFB,
    0x1B, 0x69, 0xCB, 0xFB, 0x07, 0x2F, 0x70, 0xFB, 0x4E, 0x86, 0xB6, 0xFB, 0xB0, 0xE9, 0xFB, 0xFB,
    0xB0, 0xE9, 0xFB, 0xFB, 0x97, 0xDF, 0xFB, 0xFB, 0x7D, 0xCE, 0xF8, 0xFC, 0x5E, 0xBB, 0xFB, 0xFB,
    0x5E, 0xBB, 0xFB, 0xFB, 0x3D, 0xAB, 0xFC, 0xFB, 0x35, 0xAB, 0xFD, 0xFB, 0x30, 0x9E, 0xFD, 0xFB,
    0x30, 0xA5, 0xFE, 0xFB, 0x30, 0xA5, 0xFE, 0xFB, 0x28, 0x9E, 0xFE, 0xFB, 0x19, 0x83, 0xF6, 0xFB,
    0x19, 0x86, 0xF6, 0xFB, 0x19, 0x86, 0xF6, 0xFB, 0x1F, 0x90, 0xFC, 0xFB, 0x19, 0x86, 0xF9, 0xFB,
    0x16, 0x85, 0xF9, 0xFB, 0x16, 0x85, 0xF9, 0xFB, 0x11, 0x7C, 0xF3, 0xFA, 0x0B, 0x6E, 0xEB, 0xF8,
    0x0E, 0x6F, 0xE7, 0xF6, 0x0E, 0x6F, 0xE7, 0xF6, 0x14, 0x5E, 0xC0, 0xE9, 0x06, 0x28, 0x66, 0xE8,
    0x09, 0x27, 0x61, 0x6B, 0x09, 0x27, 0x61, 0x6B, 0x2E, 0x7D, 0xC6, 0x0D, 0x2D, 0x82, 0xD2, 0x01,
    0x31, 0x81, 0xD1, 0x02, 0x31, 0x81, 0xD1, 0x02, 0x00, 0x00, 0x00, 0x00, 0x33, 0x83, 0xD1, 0x01,
    0x00, 0x00, 0x00, 0x00, 0x00, 0x00, 0x00, 0x00, 0x00, 0x00, 0x00, 0x00, 0x00, 0x00, 0x00, 0x00,
    0x00, 0x00, 0x00, 0x00, 0x00, 0x00, 0x00, 0x00, 0x00, 0x00, 0x00, 0x00, 0x00, 0x00, 0x00, 0x00,
    0x00, 0x00, 0x00, 0x00, 0x00, 0x00, 0x00, 0x00, 0x00, 0x00, 0x00, 0x00, 0x00, 0x00, 0x00, 0x00,
    0x00, 0x00, 0x00, 0x00, 0x00, 0x00, 0x00, 0x00, 0x00, 0x00, 0x00, 0x00, 0x00, 0x00, 0x00, 0x00,
    0x00, 0x00, 0x00, 0x00, 0x00, 0x00, 0x00, 0x00, 0x00, 0x00, 0x00, 0x00, 0x00, 0x00, 0x00, 0x00,
    0x00, 0x00, 0x00, 0x00, 0x00, 0x00, 0x00, 0x00, 0x00, 0x00, 0x00, 0x00, 0x00, 0x00, 0x00, 0x00,
    0x00, 0x00, 0x00, 0x00, 0x00, 0x00, 0x00, 0x00, 0x00, 0x00, 0x00, 0x00, 0x00, 0x00, 0x00, 0x00,
    0x00, 0x00, 0x00, 0x00, 0x00, 0x00, 0x00, 0x00, 0x00, 0x00, 0x00, 0x00, 0x00, 0x00, 0x00, 0x00,
    0x44, 0x88, 0xCD, 0x01, 0x43, 0x88, 0xCD, 0x03, 0x40, 0x86, 0xCA, 0x02, 0x40, 0x86, 0xCA, 0x02,
    0x47, 0x88, 0xC4, 0x05, 0x1F, 0x47, 0x7A, 0x74, 0x05, 0x27, 0x5F, 0xF0, 0x05, 0x27, 0x5F, 0xF0,
    0x2A, 0x71, 0xC6, 0xFA, 0x32, 0x99, 0xF5, 0xF9, 0x31, 0x9B, 0xF8, 0xFB, 0x31, 0x9B, 0xF8, 0xFB,
    0x3A, 0xA1, 0xF5, 0xFB, 0x2F, 0x7D, 0xD0, 0xFC, 0x1B, 0x50, 0xA0, 0xFC, 0x1B, 0x50, 0xA0, 0xFC,
    0x12, 0x33, 0x7E, 0xFC, 0x1D, 0x44, 0x8F, 0xFC, 0x34, 0x5E, 0xA0, 0xFC, 0x45, 0x6C, 0xAA, 0xFC,
    0x45, 0x6C, 0xAA, 0xFC, 0x35, 0x49, 0x8C, 0xFD, 0x33, 0x50, 0x8B, 0xFD, 0x6A, 0x80, 0xAE, 0xFD,
    0x6A, 0x80, 0xAE, 0xFD, 0xD4, 0xDE, 0xF0, 0xFD, 0xFB, 0xFE, 0xFE, 0xFD, 0xF5, 0xF9, 0xF7, 0xFD,
    0xF5, 0xF9, 0xF7, 0xFD, 0xF1, 0xF4, 0xF8, 0xFD, 0xE2, 0xEE, 0xF5, 0xFD, 0xF0, 0xF9, 0xFA, 0xFC,
    0xF0, 0xF9, 0xFA, 0xFC, 0xFF, 0xFF, 0xFF, 0xFD, 0xFF, 0xFF, 0xFF, 0xFC, 0xFF, 0xFF, 0xFF, 0xFC,
    0xFF, 0xFF, 0xFF, 0xFC, 0xAE, 0xBC, 0xC7, 0xFD, 0x18, 0x19, 0x37, 0xFC, 0x63, 0x6E, 0x90, 0xFD,
    0x63, 0x6E, 0x90, 0xFD, 0x9A, 0xBB, 0xE0, 0xFD, 0x79, 0xAE, 0xEA, 0xFD, 0x5B, 0xA2, 0xED, 0xFD,
    0x5B, 0xA2, 0xED, 0xFD, 0x51, 0xA2, 0xED, 0xFD, 0x4E, 0xAB, 0xF4, 0xFD, 0x45, 0xA2, 0xF6, 0xFD,
    0x45, 0xA2, 0xF6, 0xFD, 0x34, 0x9D, 0xFA, 0xFD, 0x28, 0x93, 0xFB, 0xFD, 0x28, 0x97, 0xFB, 0xFC,
    0x28, 0x97, 0xFB, 0xFC, 0x28, 0x94, 0xFA, 0xFC, 0x21, 0x8C, 0xF8, 0xFC, 0x18, 0x80, 0xF4, 0xFC,
    0x18, 0x80, 0xF4, 0xFC, 0x1A, 0x85, 0xF6, 0xFC, 0x1E, 0x6F, 0xDA, 0xFB, 0x07, 0x23, 0x69, 0xFB,
    0x07, 0x23, 0x69, 0xFB, 0x19, 0x37, 0x6A, 0xFB, 0xAD, 0xE3, 0xF8, 0xFB, 0xA1, 0xD3, 0xF2, 0xFC,
    0xA1, 0xD3, 0xF2, 0xFC, 0x89, 0xC5, 0xEE, 0xFB, 0x8E, 0xE3, 0xFB, 0xFB, 0x6D, 0xD3, 0xFD, 0xFB,
    0x6D, 0xD3, 0xFD, 0xFB, 0x3A, 0xA3, 0xFA, 0xFB, 0x2B, 0x97, 0xFC, 0xFB, 0x30, 0xA4, 0xFE, 0xFB,
    0x28, 0x9C, 0xFE, 0xFB, 0x28, 0x9C, 0xFE, 0xFB, 0x21, 0x8E, 0xFB, 0xFB, 0x1C, 0x83, 0xF6, 0xFB,
    0x17, 0x7D, 0xF1, 0xFB, 0x17, 0x7D, 0xF1, 0xFB, 0x18, 0x7F, 0xF6, 0xFB, 0x15, 0x7E, 0xF5, 0xFB,
    0x14, 0x7D, 0xF4, 0xFA, 0x14, 0x7D, 0xF4, 0xFA, 0x10, 0x70, 0xE6, 0xF9, 0x0F, 0x67, 0xD6, 0xF4,
    0x13, 0x5D, 0xBC, 0xF6, 0x13, 0x5D, 0xBC, 0xF6, 0x02, 0x1B, 0x5B, 0xF0, 0x0A, 0x2B, 0x67, 0x94,
    0x33, 0x7E, 0xC2, 0x0A, 0x33, 0x7E, 0xC2, 0x0A, 0x2F, 0x82, 0xCF, 0x01, 0x2D, 0x7F, 0xCE, 0x02,
    0x33, 0x81, 0xCF, 0x01, 0x33, 0x81, 0xCF, 0x01, 0x00, 0x00, 0x00, 0x00, 0x33, 0x82, 0xD0, 0x01,
    0x00, 0x00, 0x00, 0x00, 0x00, 0x00, 0x00, 0x00, 0x00, 0x00, 0x00, 0x00, 0x00, 0x00, 0x00, 0x00,
    0x00, 0x00, 0x00, 0x00, 0x00, 0x00, 0x00, 0x00, 0x00, 0x00, 0x00, 0x00, 0x00, 0x00, 0x00, 0x00,
    0x00, 0x00, 0x00, 0x00, 0x00, 0x00, 0x00, 0x00, 0x00, 0x00, 0x00, 0x00, 0x00, 0x00, 0x00, 0x00,
    0x00, 0x00, 0x00, 0x00, 0x00, 0x00, 0x00, 0x00, 0x00, 0x00, 0x00, 0x00, 0x00, 0x00, 0x00, 0x00,
    0x00, 0x00, 0x00, 0x00, 0x00, 0x00, 0x00, 0x00, 0x00, 0x00, 0x00, 0x00, 0x00, 0x00, 0x00, 0x00,
    0x00, 0x00, 0x00, 0x00, 0x00, 0x00, 0x00, 0x00, 0x00, 0x00, 0x00, 0x00, 0x00, 0x00, 0x00, 0x00,
    0x00, 0x00, 0x00, 0x00, 0x00, 0x00, 0x00, 0x00, 0x00, 0x00, 0x00, 0x00, 0x00, 0x00, 0x00, 0x00,
    0x00, 0x00, 0x00, 0x00, 0x00, 0x00, 0x00, 0x00, 0x00, 0x00, 0x00, 0x00, 0x00, 0x00, 0x00, 0x00,
    0x44, 0x88, 0xCD, 0x01, 0x43, 0x88, 0xCD, 0x03, 0x40, 0x86, 0xCA, 0x02, 0x40, 0x86, 0xCA, 0x02,
    0x47, 0x88, 0xC4, 0x05, 0x1F, 0x47, 0x7A, 0x74, 0x05, 0x27, 0x5F, 0xF0, 0x05, 0x27, 0x5F, 0xF0,
    0x2A, 0x71, 0xC6, 0xFA, 0x32, 0x99, 0xF5, 0xF9, 0x31, 0x9B, 0xF8, 0xFB, 0x31, 0x9B, 0xF8, 0xFB,
    0x3A, 0xA1, 0xF5, 0xFB, 0x2F, 0x7D, 0xD0, 0xFC, 0x1B, 0x50, 0xA0, 0xFC, 0x1B, 0x50, 0xA0, 0xFC,
    0x12, 0x33, 0x7E, 0xFC, 0x1D, 0x44, 0x8F, 0xFC, 0x34, 0x5E, 0xA0, 0xFC, 0x45, 0x6C, 0xAA, 0xFC,
    0x45, 0x6C, 0xAA, 0xFC, 0x35, 0x49, 0x8C, 0xFD, 0x33, 0x50, 0x8B, 0xFD, 0x6A, 0x80, 0xAE, 0xFD,
    0x6A, 0x80, 0xAE, 0xFD, 0xD4, 0xDE, 0xF0, 0xFD, 0xFB, 0xFE, 0xFE, 0xFD, 0xF5, 0xF9, 0xF7, 0xFD,
    0xF5, 0xF9, 0xF7, 0xFD, 0xF1, 0xF4, 0xF8, 0xFD, 0xE2, 0xEE, 0xF5, 0xFD, 0xF0, 0xF9, 0xFA, 0xFC,
    0xF0, 0xF9, 0xFA, 0xFC, 0xFF, 0xFF, 0xFF, 0xFD, 0xFF, 0xFF, 0xFF, 0xFC, 0xFF, 0xFF, 0xFF, 0xFC,
    0xFF, 0xFF, 0xFF, 0xFC, 0xAE, 0xBC, 0xC7, 0xFD, 0x18, 0x19, 0x37, 0xFC, 0x63, 0x6E, 0x90, 0xFD,
    0x63, 0x6E, 0x90, 0xFD, 0x9A, 0xBB, 0xE0, 0xFD, 0x79, 0xAE, 0xEA, 0xFD, 0x5B, 0xA2, 0xED, 0xFD,
    0x5B, 0xA2, 0xED, 0xFD, 0x51, 0xA2, 0xED, 0xFD, 0x4E, 0xAB, 0xF4, 0xFD, 0x45, 0xA2, 0xF6, 0xFD,
    0x45, 0xA2, 0xF6, 0xFD, 0x34, 0x9D, 0xFA, 0xFD, 0x28, 0x93, 0xFB, 0xFD, 0x28, 0x97, 0xFB, 0xFC,
    0x28, 0x97, 0xFB, 0xFC, 0x28, 0x94, 0xFA, 0xFC, 0x21, 0x8C, 0xF8, 0xFC, 0x18, 0x80, 0xF4, 0xFC,
    0x18, 0x80, 0xF4, 0xFC, 0x1A, 0x85, 0xF6, 0xFC, 0x1E, 0x6F, 0xDA, 0xFB, 0x07, 0x23, 0x69, 0xFB,
    0x07, 0x23, 0x69, 0xFB, 0x19, 0x37, 0x6A, 0xFB, 0xAD, 0xE3, 0xF8, 0xFB, 0xA1, 0xD3, 0xF2, 0xFC,
    0xA1, 0xD3, 0xF2, 0xFC, 0x89, 0xC5, 0xEE, 0xFB, 0x8E, 0xE3, 0xFB, 0xFB, 0x6D, 0xD3, 0xFD, 0xFB,
    0x6D, 0xD3, 0xFD, 0xFB, 0x3A, 0xA3, 0xFA, 0xFB, 0x2B, 0x97, 0xFC, 0xFB, 0x30, 0xA4, 0xFE, 0xFB,
    0x28, 0x9C, 0xFE, 0xFB, 0x28, 0x9C, 0xFE, 0xFB, 0x21, 0x8E, 0xFB, 0xFB, 0x1C, 0x83, 0xF6, 0xFB,
    0x17, 0x7D, 0xF1, 0xFB, 0x17, 0x7D, 0xF1, 0xFB, 0x18, 0x7F, 0xF6, 0xFB, 0x15, 0x7E, 0xF5, 0xFB,
    0x14, 0x7D, 0xF4, 0xFA, 0x14, 0x7D, 0xF4, 0xFA, 0x10, 0x70, 0xE6, 0xF9, 0x0F, 0x67, 0xD6, 0xF4,
    0x13, 0x5D, 0xBC, 0xF6, 0x13, 0x5D, 0xBC, 0xF6, 0x02, 0x1B, 0x5B, 0xF0, 0x0A, 0x2B, 0x67, 0x94,
    0x33, 0x7E, 0xC2, 0x0A, 0x33, 0x7E, 0xC2, 0x0A, 0x2F, 0x82, 0xCF, 0x01, 0x2D, 0x7F, 0xCE, 0x02,
    0x33, 0x81, 0xCF, 0x01, 0x33, 0x81, 0xCF, 0x01, 0x00, 0x00, 0x00, 0x00, 0x33, 0x82, 0xD0, 0x01,
    0x00, 0x00, 0x00, 0x00, 0x00, 0x00, 0x00, 0x00, 0x00, 0x00, 0x00, 0x00, 0x00, 0x00, 0x00, 0x00,
    0x00, 0x00, 0x00, 0x00, 0x00, 0x00, 0x00, 0x00, 0x00, 0x00, 0x00, 0x00, 0x00, 0x00, 0x00, 0x00,
    0x00, 0x00, 0x00, 0x00, 0x00, 0x00, 0x00, 0x00, 0x00, 0x00, 0x00, 0x00, 0x00, 0x00, 0x00, 0x00,
    0x00, 0x00, 0x00, 0x00, 0x00, 0x00, 0x00, 0x00, 0x00, 0x00, 0x00, 0x00, 0x00, 0x00, 0x00, 0x00,
    0x00, 0x00, 0x00, 0x00, 0x00, 0x00, 0x00, 0x00, 0x00, 0x00, 0x00, 0x00, 0x00, 0x00, 0x00, 0x00,
    0x00, 0x00, 0x00, 0x00, 0x00, 0x00, 0x00, 0x00, 0x00, 0x00, 0x00, 0x00, 0x00, 0x00, 0x00, 0x00,
    0x00, 0x00, 0x00, 0x00, 0x00, 0x00, 0x00, 0x00, 0x00, 0x00, 0x00, 0x00, 0x00, 0x00, 0x00, 0x00,
    0x00, 0x00, 0x00, 0x00, 0x00, 0x00, 0x00, 0x00, 0x00, 0x00, 0x00, 0x00, 0x00, 0x00, 0x00, 0x00,
    0x00, 0x00, 0x00, 0x00, 0x46, 0x89, 0xCE, 0x01, 0x44, 0x89, 0xCC, 0x04, 0x44, 0x89, 0xCC, 0x04,
    0x42, 0x88, 0xC9, 0x03, 0x47, 0x85, 0xC1, 0x0A, 0x28, 0x59, 0x8E, 0x6A, 0x28, 0x59, 0x8E, 0x6A,
    0x09, 0x29, 0x60, 0xCC, 0x31, 0x6E, 0xAD, 0xF8, 0x3E, 0x7D, 0xC4, 0xFB, 0x3E, 0x7D, 0xC4, 0xFB,
    0x3C, 0x79, 0xB4, 0xF9, 0x87, 0xB9, 0xDF, 0xFB, 0xA3, 0xCA, 0xE9, 0xFA, 0xA3, 0xCA, 0xE9, 0xFA,
    0xA1, 0xC0, 0xE0, 0xFB, 0xAA, 0xC1, 0xE4, 0xFB, 0xBF, 0xD4, 0xED, 0xFD, 0xD6, 0xEE, 0xFB, 0xFC,
    0xD6, 0xEE, 0xFB, 0xFC, 0xB9, 0xCA, 0xE5, 0xFD, 0x87, 0x9A, 0xBF, 0xFC, 0x2F, 0x3C, 0x6B, 0xFD,
    0x2F, 0x3C, 0x6B, 0xFD, 0x3F, 0x49, 0x76, 0xFD, 0xC8, 0xD2, 0xE4, 0xFD, 0xE3, 0xF1, 0xFA, 0xFC,
    0xE3, 0xF1, 0xFA, 0xFC, 0x7B, 0x83, 0xB5, 0xFC, 0x40, 0x4B, 0x8E, 0xFC, 0x51, 0x58, 0x92, 0xFC,
    0x51, 0x58, 0x92, 0xFC, 0x81, 0x87, 0xAE, 0xFC, 0xAD, 0xB7, 0xCB, 0xFC, 0x8D, 0x99, 0xAF, 0xFC,
    0x8D, 0x99, 0xAF, 0xFC, 0x27, 0x33, 0x42, 0xFC, 0x7F, 0x84, 0x93, 0xFB, 0xF5, 0xFB, 0xFD, 0xFD,
    0xF5, 0xFB, 0xFD, 0xFD, 0xFC, 0xFF, 0xFF, 0xFD, 0xD4, 0xEF, 0xFB, 0xFC, 0xC8, 0xE9, 0xFB, 0xFD,
    0xC8, 0xE9, 0xFB, 0xFD, 0xCF, 0xF2, 0xFC, 0xFD, 0xD0, 0xF3, 0xFD, 0xFD, 0xB7, 0xE3, 0xFC, 0xFD,
    0xB7, 0xE3, 0xFC, 0xFD, 0x8A, 0xD6, 0xFD, 0xFD, 0x60, 0xB6, 0xFB, 0xFD, 0x4E, 0xAB, 0xF9, 0xFC,
    0x4E, 0xAB, 0xF9, 0xFC, 0x40, 0x99, 0xF6, 0xFC, 0x39, 0xA0, 0xF7, 0xFC, 0x2C, 0x93, 0xF5, 0xFC,
    0x2C, 0x93, 0xF5, 0xFC, 0x32, 0x9C, 0xF6, 0xFB, 0x31, 0x7A, 0xD2, 0xFB, 0x05, 0x17, 0x43, 0xFA,
    0x05, 0x17, 0x43, 0xFA, 0x45, 0x6B, 0x94, 0xFA, 0xB5, 0xF2, 0xFD, 0xFA, 0x8B, 0xCF, 0xF4, 0xFB,
    0x8B, 0xCF, 0xF4, 0xFB, 0x84, 0xCD, 0xF7, 0xFA, 0x79, 0xD6, 0xFB, 0xFB, 0x54, 0xBF, 0xFC, 0xFB,
    0x54, 0xBF, 0xFC, 0xFB, 0x30, 0xA1, 0xFC, 0xFB, 0x2C, 0x99, 0xFE, 0xFA, 0x28, 0x97, 0xFD, 0xFB,
    0x24, 0x97, 0xFE, 0xFA, 0x24, 0x97, 0xFE, 0xFA, 0x1F, 0x8E, 0xFB, 0xFA, 0x1C, 0x88, 0xFA, 0xFA,
    0x14, 0x78, 0xEE, 0xFA, 0x14, 0x78, 0xEE, 0xFA, 0x13, 0x77, 0xF1, 0xFA, 0x0E, 0x75, 0xEE, 0xFA,
    0x15, 0x84, 0xF4, 0xF8, 0x15, 0x84, 0xF4, 0xF8, 0x14, 0x58, 0xC0, 0xF4, 0x08, 0x27, 0x70, 0xF4,
    0x06, 0x28, 0x63, 0xDC, 0x06, 0x28, 0x63, 0xDC, 0x1B, 0x58, 0x98, 0x62, 0x30, 0x80, 0xC8, 0x09,
    0x2C, 0x81, 0xCE, 0x02, 0x2C, 0x81, 0xCE, 0x02, 0x2C, 0x81, 0xCC, 0x02, 0x00, 0x00, 0x00, 0x00,
    0x00, 0x00, 0x00, 0x00, 0x00, 0x00, 0x00, 0x00, 0x00, 0x00, 0x00, 0x00, 0x00, 0x00, 0x00, 0x00,
    0x00, 0x00, 0x00, 0x00, 0x00, 0x00, 0x00, 0x00, 0x00, 0x00, 0x00, 0x00, 0x00, 0x00, 0x00, 0x00,
    0x00, 0x00, 0x00, 0x00, 0x00, 0x00, 0x00, 0x00, 0x00, 0x00, 0x00, 0x00, 0x00, 0x00, 0x00, 0x00,
    0x00, 0x00, 0x00, 0x00, 0x00, 0x00, 0x00, 0x00, 0x00, 0x00, 0x00, 0x00, 0x00, 0x00, 0x00, 0x00,
    0x00, 0x00, 0x00, 0x00, 0x00, 0x00, 0x00, 0x00, 0x00, 0x00, 0x00, 0x00, 0x00, 0x00, 0x00, 0x00,
    0x00, 0x00, 0x00, 0x00, 0x00, 0x00, 0x00, 0x00, 0x00, 0x00, 0x00, 0x00, 0x00, 0x00, 0x00, 0x00,
    0x00, 0x00, 0x00, 0x00, 0x00, 0x00, 0x00, 0x00, 0x00, 0x00, 0x00, 0x00, 0x00, 0x00, 0x00, 0x00,
    0x00, 0x00, 0x00, 0x00, 0x00, 0x00, 0x00, 0x00, 0x00, 0x00, 0x00, 0x00, 0x00, 0x00, 0x00, 0x00,
    0x00, 0x00, 0x00, 0x00, 0x00, 0x00, 0x00, 0x00, 0x00, 0x00, 0x00, 0x00, 0x00, 0x00, 0x00, 0x00,
    0x44, 0x89, 0xCC, 0x01, 0x45, 0x89, 0xCD, 0x01, 0x46, 0x89, 0xCC, 0x02, 0x46, 0x89, 0xCC, 0x02,
    0x44, 0x88, 0xCA, 0x02, 0x46, 0x89, 0xCA, 0x03, 0x4C, 0x8F, 0xCD, 0x03, 0x4C, 0x8F, 0xCD, 0x03,
    0x36, 0x65, 0x9A, 0x37, 0x1F, 0x3A, 0x60, 0xBA, 0x05, 0x0B, 0x2C, 0xE6, 0x05, 0x0B, 0x2C, 0xE6,
    0x35, 0x4E, 0x70, 0xF7, 0xDE, 0xF2, 0xFA, 0xF8, 0xDE, 0xF0, 0xFA, 0xFA, 0xDE, 0xF0, 0xFA, 0xFA,
    0xCA, 0xDE, 0xED, 0xFC, 0xCF, 0xE2, 0xF1, 0xFA, 0xCB, 0xDA, 0xE7, 0xFC, 0xD1, 0xE1, 0xEB, 0xFD,
    0xD1, 0xE1, 0xEB, 0xFD, 0xD4, 0xE4, 0xF1, 0xFC, 0xDC, 0xEE, 0xFB, 0xFD, 0xB5, 0xC5, 0xDD, 0xFD,
    0xB5, 0xC5, 0xDD, 0xFD, 0x5C, 0x6C, 0x8C, 0xFD, 0x33, 0x40, 0x72, 0xFD, 0x48, 0x56, 0x9E, 0xFD,
    0x48, 0x56, 0x9E, 0xFD, 0x25, 0x37, 0x9B, 0xFD, 0x2C, 0x44, 0xC0, 0xFC, 0x23, 0x37, 0xB3, 0xFD,
    0x23, 0x37, 0xB3, 0xFD, 0x26, 0x3E, 0xA4, 0xFC, 0x2B, 0x3D, 0x8A, 0xFD, 0x11, 0x12, 0x40, 0xFC,
    0x11, 0x12, 0x40, 0xFC, 0x41, 0x47, 0x5C, 0xFC, 0xE6, 0xF1, 0xF3, 0xFC, 0xED, 0xF3, 0xF5, 0xFC,
    0xED, 0xF3, 0xF5, 0xFC, 0xDD, 0xEC, 0xF1, 0xFC, 0xD3, 0xE8, 0xF4, 0xFD, 0xD8, 0xEF, 0xF8, 0xFC,
    0xD8, 0xEF, 0xF8, 0xFC, 0xEA, 0xFA, 0xFB, 0xFD, 0xE9, 0xF5, 0xF8, 0xFD, 0xE0, 0xF1, 0xFA, 0xFD,
    0xE0, 0xF1, 0xFA, 0xFD, 0xBF, 0xE9, 0xFC, 0xFD, 0x85, 0xC3, 0xF8, 0xFC, 0x73, 0xC0, 0xFA, 0xFC,
    0x73, 0xC0, 0xFA, 0xFC, 0x6B, 0xBA, 0xF9, 0xFC, 0x63, 0xBE, 0xF9, 0xFB, 0x4E, 0x9D, 0xEC, 0xFA,
    0x4E, 0x9D, 0xEC, 0xFA, 0x3D, 0x7C, 0xCC, 0xF9, 0x25, 0x4C, 0x86, 0xF9, 0x06, 0x0D, 0x2F, 0xF6,
    0x06, 0x0D, 0x2F, 0xF6, 0x28, 0x3C, 0x62, 0xFA, 0x97, 0xD5, 0xF7, 0xF9, 0x81, 0xD4, 0xFB, 0xFB,
    0x81, 0xD4, 0xFB, 0xFB, 0x58, 0xB3, 0xF6, 0xFB, 0x40, 0x9C, 0xEF, 0xFB, 0x30, 0x93, 0xF7, 0xFA,
    0x30, 0x93, 0xF7, 0xFA, 0x25, 0x8E, 0xFA, 0xFB, 0x23, 0x8D, 0xFC, 0xFB, 0x1C, 0x7D, 0xF5, 0xFB,
    0x1A, 0x86, 0xFA, 0xFA, 0x1A, 0x86, 0xFA, 0xFA, 0x17, 0x85, 0xFA, 0xFB, 0x1A, 0x89, 0xFC, 0xFA,
    0x14, 0x76, 0xF2, 0xF9, 0x14, 0x76, 0xF2, 0xF9, 0x18, 0x82, 0xF9, 0xF9, 0x15, 0x7A, 0xEE, 0xF9,
    0x1A, 0x6D, 0xCA, 0xFA, 0x1A, 0x6D, 0xCA, 0xFA, 0x07, 0x25, 0x66, 0xFB, 0x01, 0x0A, 0x36, 0xF9,
    0x1C, 0x4B, 0x8D, 0x66, 0x1C, 0x4B, 0x8D, 0x66, 0x36, 0x91, 0xDC, 0x03, 0x2A, 0x7F, 0xCC, 0x02,
    0x2D, 0x7E, 0xCC, 0x02, 0x2D, 0x7E, 0xCC, 0x02, 0x2F, 0x80, 0xCC, 0x01, 0x00, 0x00, 0x00, 0x00,
    0x31, 0x80, 0xCD, 0x01, 0x31, 0x80, 0xCD, 0x01, 0x00, 0x00, 0x00, 0x00, 0x00, 0x00, 0x00, 0x00,
    0x00, 0x00, 0x00, 0x00, 0x00, 0x00, 0x00, 0x00, 0x00, 0x00, 0x00, 0x00, 0x00, 0x00, 0x00, 0x00,
    0x00, 0x00, 0x00, 0x00, 0x00, 0x00, 0x00, 0x00, 0x00, 0x00, 0x00, 0x00, 0x00, 0x00, 0x00, 0x00,
    0x00, 0x00, 0x00, 0x00, 0x00, 0x00, 0x00, 0x00, 0x00, 0x00, 0x00, 0x00, 0x00, 0x00, 0x00, 0x00,
    0x00, 0x00, 0x00, 0x00, 0x00, 0x00, 0x00, 0x00, 0x00, 0x00, 0x00, 0x00, 0x00, 0x00, 0x00, 0x00,
    0x00, 0x00, 0x00, 0x00, 0x00, 0x00, 0x00, 0x00, 0x00, 0x00, 0x00, 0x00, 0x00, 0x00, 0x00, 0x00,
    0x00, 0x00, 0x00, 0x00, 0x00, 0x00, 0x00, 0x00, 0x00, 0x00, 0x00, 0x00, 0x00, 0x00, 0x00, 0x00,
    0x00, 0x00, 0x00, 0x00, 0x00, 0x00, 0x00, 0x00, 0x00, 0x00, 0x00, 0x00, 0x00, 0x00, 0x00, 0x00,
    0x00, 0x00, 0x00, 0x00, 0x00, 0x00, 0x00, 0x00, 0x00, 0x00, 0x00, 0x00, 0x00, 0x00, 0x00, 0x00,
    0x00, 0x00, 0x00, 0x00, 0x45, 0x8A, 0xCC, 0x01, 0x46, 0x8A, 0xCC, 0x01, 0x46, 0x8A, 0xCC, 0x01,
    0x47, 0x8A, 0xCD, 0x01, 0x46, 0x89, 0xCB, 0x02, 0x46, 0x88, 0xCA, 0x04, 0x46, 0x88, 0xCA, 0x04,
    0x4C, 0x8D, 0xCC, 0x02, 0x4D, 0x88, 0xBF, 0x1B, 0x21, 0x43, 0x75, 0x4E, 0x21, 0x43, 0x75, 0x4E,
    0x22, 0x3C, 0x5E, 0xE1, 0x8A, 0xA0, 0xB6, 0xEF, 0x5E, 0x74, 0x8C, 0xF8, 0x5E, 0x74, 0x8C, 0xF8,
    0x4A, 0x67, 0x84, 0xFA, 0xC2, 0xDC, 0xED, 0xF9, 0xC9, 0xDD, 0xE7, 0xFA, 0xCC, 0xDD, 0xE7, 0xFA,
    0xCC, 0xDD, 0xE7, 0xFA, 0xC5, 0xD5, 0xE1, 0xFB, 0xC9, 0xDA, 0xEB, 0xFB, 0xD1, 0xE6, 0xF7, 0xFC,
    0xD1, 0xE6, 0xF7, 0xFC, 0xE2, 0xF7, 0xFE, 0xFB, 0x62, 0x75, 0xA0, 0xFB, 0x17, 0x22, 0x6F, 0xFA,
    0x17, 0x22, 0x6F, 0xFA, 0x51, 0x73, 0xE0, 0xFA, 0x7B, 0xA9, 0xFF, 0xF9, 0x7C, 0xA6, 0xFF, 0xFA,
    0x7C, 0xA6, 0xFF, 0xFA, 0x87, 0xB6, 0xFF, 0xFA, 0x7A, 0xA6, 0xF3, 0xF9, 0x25, 0x31, 0x67, 0xF9,
    0x25, 0x31, 0x67, 0xF9, 0x5C, 0x5D, 0x70, 0xFB, 0xE7, 0xF1, 0xF1, 0xFA, 0xD1, 0xD9, 0xE1, 0xFC,
    0xD1, 0xD9, 0xE1, 0xFC, 0xBA, 0xD3, 0xE3, 0xFB, 0xA5, 0xC4, 0xE2, 0xFC, 0xAE, 0xCC, 0xE5, 0xFB,
    0xAE, 0xCC, 0xE5, 0xFB, 0xCE, 0xE7, 0xF1, 0xFC, 0xD5, 0xE5, 0xEE, 0xFC, 0xD7, 0xEF, 0xFA, 0xFC,
    0xD7, 0xEF, 0xFA, 0xFC, 0xA7, 0xD1, 0xF3, 0xFB, 0x7F, 0xB5, 0xEE, 0xFB, 0x80, 0xC7, 0xF8, 0xFA,
    0x80, 0xC7, 0xF8, 0xFA, 0x7F, 0xC4, 0xF7, 0xFC, 0x60, 0x9A, 0xCF, 0xFC, 0x1E, 0x39, 0x6B, 0xFE,
    0x1E, 0x39, 0x6B, 0xFE, 0x07, 0x0E, 0x3C, 0xFE, 0x0D, 0x1D, 0x4D, 0xFC, 0x1C, 0x33, 0x60, 0xF4,
    0x1C, 0x33, 0x60, 0xF4, 0x07, 0x11, 0x34, 0xFD, 0x0D, 0x1D, 0x4D, 0xF6, 0x5C, 0x97, 0xD1, 0xF8,
    0x5C, 0x97, 0xD1, 0xF8, 0x63, 0xBF, 0xFB, 0xF7, 0x42, 0x9E, 0xF7, 0xF8, 0x33, 0x96, 0xFA, 0xF8,
    0x33, 0x96, 0xFA, 0xF8, 0x27, 0x8C, 0xFB, 0xF8, 0x24, 0x8A, 0xFC, 0xF8, 0x1D, 0x7E, 0xF7, 0xF7,
    0x19, 0x84, 0xF9, 0xF7, 0x19, 0x84, 0xF9, 0xF7, 0x16, 0x79, 0xEE, 0xF7, 0x1F, 0x77, 0xE5, 0xF9,
    0x16, 0x54, 0xB9, 0xFA, 0x16, 0x54, 0xB9, 0xFA, 0x1C, 0x59, 0xB0, 0xF8, 0x0C, 0x2B, 0x71, 0xFC,
    0x07, 0x1D, 0x56, 0xE5, 0x07, 0x1D, 0x56, 0xE5, 0x2E, 0x64, 0x9E, 0x88, 0x2F, 0x74, 0xBB, 0x6D,
    0x34, 0x83, 0xCD, 0x06, 0x34, 0x83, 0xCD, 0x06, 0x2C, 0x7E, 0xCC, 0x05, 0x2D, 0x7F, 0xCC, 0x02,
    0x30, 0x7F, 0xCD, 0x01, 0x30, 0x7F, 0xCD, 0x01, 0x30, 0x7F, 0xCD, 0x01, 0x00, 0x00, 0x00, 0x00,
    0x00, 0x00, 0x00, 0x00, 0x00, 0x00, 0x00, 0x00, 0x00, 0x00, 0x00, 0x00, 0x00, 0x00, 0x00, 0x00,
    0x00, 0x00, 0x00, 0x00, 0x00, 0x00, 0x00, 0x00, 0x00, 0x00, 0x00, 0x00, 0x00, 0x00, 0x00, 0x00,
    0x00, 0x00, 0x00, 0x00, 0x00, 0x00, 0x00, 0x00, 0x00, 0x00, 0x00, 0x00, 0x00, 0x00, 0x00, 0x00,
    0x00, 0x00, 0x00, 0x00, 0x00, 0x00, 0x00, 0x00, 0x00, 0x00, 0x00, 0x00, 0x00, 0x00, 0x00, 0x00,
    0x00, 0x00, 0x00, 0x00, 0x00, 0x00, 0x00, 0x00, 0x00, 0x00, 0x00, 0x00, 0x00, 0x00, 0x00, 0x00,
    0x00, 0x00, 0x00, 0x00, 0x00, 0x00, 0x00, 0x00, 0x00, 0x00, 0x00, 0x00, 0x00, 0x00, 0x00, 0x00,
    0x00, 0x00, 0x00, 0x00, 0x00, 0x00, 0x00, 0x00, 0x00, 0x00, 0x00, 0x00, 0x00, 0x00, 0x00, 0x00,
    0x00, 0x00, 0x00, 0x00, 0x00, 0x00, 0x00, 0x00, 0x00, 0x00, 0x00, 0x00, 0x00, 0x00, 0x00, 0x00,
    0x00, 0x00, 0x00, 0x00, 0x00, 0x00, 0x00, 0x00, 0x00, 0x00, 0x00, 0x00, 0x00, 0x00, 0x00, 0x00,
    0x00, 0x00, 0x00, 0x00, 0x45, 0x8A, 0xCC, 0x01, 0x46, 0x8A, 0xCC, 0x01, 0x46, 0x8A, 0xCC, 0x01,
    0x47, 0x8A, 0xCD, 0x01, 0x46, 0x89, 0xCB, 0x02, 0x46, 0x88, 0xCA, 0x04, 0x46, 0x88, 0xCA, 0x04,
    0x4C, 0x8D, 0xCC, 0x02, 0x4D, 0x88, 0xBF, 0x1B, 0x21, 0x43, 0x75, 0x4E, 0x21, 0x43, 0x75, 0x4E,
    0x22, 0x3C, 0x5E, 0xE1, 0x8A, 0xA0, 0xB6, 0xEF, 0x5E, 0x74, 0x8C, 0xF8, 0x5E, 0x74, 0x8C, 0xF8,
    0x4A, 0x67, 0x84, 0xFA, 0xC2, 0xDC, 0xED, 0xF9, 0xC9, 0xDD, 0xE7, 0xFA, 0xCC, 0xDD, 0xE7, 0xFA,
    0xCC, 0xDD, 0xE7, 0xFA, 0xC5, 0xD5, 0xE1, 0xFB, 0xC9, 0xDA, 0xEB, 0xFB, 0xD1, 0xE6, 0xF7, 0xFC,
    0xD1, 0xE6, 0xF7, 0xFC, 0xE2, 0xF7, 0xFE, 0xFB, 0x62, 0x75, 0xA0, 0xFB, 0x17, 0x22, 0x6F, 0xFA,
    0x17, 0x22, 0x6F, 0xFA, 0x51, 0x73, 0xE0, 0xFA, 0x7B, 0xA9, 0xFF, 0xF9, 0x7C, 0xA6, 0xFF, 0xFA,
    0x7C, 0xA6, 0xFF, 0xFA, 0x87, 0xB6, 0xFF, 0xFA, 0x7A, 0xA6, 0xF3, 0xF9, 0x25, 0x31, 0x67, 0xF9,
    0x25, 0x31, 0x67, 0xF9, 0x5C, 0x5D, 0x70, 0xFB, 0xE7, 0xF1, 0xF1, 0xFA, 0xD1, 0xD9, 0xE1, 0xFC,
    0xD1, 0xD9, 0xE1, 0xFC, 0xBA, 0xD3, 0xE3, 0xFB, 0xA5, 0xC4, 0xE2, 0xFC, 0xAE, 0xCC, 0xE5, 0xFB,
    0xAE, 0xCC, 0xE5, 0xFB, 0xCE, 0xE7, 0xF1, 0xFC, 0xD5, 0xE5, 0xEE, 0xFC, 0xD7, 0xEF, 0xFA, 0xFC,
    0xD7, 0xEF, 0xFA, 0xFC, 0xA7, 0xD1, 0xF3, 0xFB, 0x7F, 0xB5, 0xEE, 0xFB, 0x80, 0xC7, 0xF8, 0xFA,
    0x80, 0xC7, 0xF8, 0xFA, 0x7F, 0xC4, 0xF7, 0xFC, 0x60, 0x9A, 0xCF, 0xFC, 0x1E, 0x39, 0x6B, 0xFE,
    0x1E, 0x39, 0x6B, 0xFE, 0x07, 0x0E, 0x3C, 0xFE, 0x0D, 0x1D, 0x4D, 0xFC, 0x1C, 0x33, 0x60, 0xF4,
    0x1C, 0x33, 0x60, 0xF4, 0x07, 0x11, 0x34, 0xFD, 0x0D, 0x1D, 0x4D, 0xF6, 0x5C, 0x97, 0xD1, 0xF8,
    0x5C, 0x97, 0xD1, 0xF8, 0x63, 0xBF, 0xFB, 0xF7, 0x42, 0x9E, 0xF7, 0xF8, 0x33, 0x96, 0xFA, 0xF8,
    0x33, 0x96, 0xFA, 0xF8, 0x27, 0x8C, 0xFB, 0xF8, 0x24, 0x8A, 0xFC, 0xF8, 0x1D, 0x7E, 0xF7, 0xF7,
    0x19, 0x84, 0xF9, 0xF7, 0x19, 0x84, 0xF9, 0xF7, 0x16, 0x79, 0xEE, 0xF7, 0x1F, 0x77, 0xE5, 0xF9,
    0x16, 0x54, 0xB9, 0xFA, 0x16, 0x54, 0xB9, 0xFA, 0x1C, 0x59, 0xB0, 0xF8, 0x0C, 0x2B, 0x71, 0xFC,
    0x07, 0x1D, 0x56, 0xE5, 0x07, 0x1D, 0x56, 0xE5, 0x2E, 0x64, 0x9E, 0x88, 0x2F, 0x74, 0xBB, 0x6D,
    0x34, 0x83, 0xCD, 0x06, 0x34, 0x83, 0xCD, 0x06, 0x2C, 0x7E, 0xCC, 0x05, 0x2D, 0x7F, 0xCC, 0x02,
    0x30, 0x7F, 0xCD, 0x01, 0x30, 0x7F, 0xCD, 0x01, 0x30, 0x7F, 0xCD, 0x01, 0x00, 0x00, 0x00, 0x00,
    0x00, 0x00, 0x00, 0x00, 0x00, 0x00, 0x00, 0x00, 0x00, 0x00, 0x00, 0x00, 0x00, 0x00, 0x00, 0x00,
    0x00, 0x00, 0x00, 0x00, 0x00, 0x00, 0x00, 0x00, 0x00, 0x00, 0x00, 0x00, 0x00, 0x00, 0x00, 0x00,
    0x00, 0x00, 0x00, 0x00, 0x00, 0x00, 0x00, 0x00, 0x00, 0x00, 0x00, 0x00, 0x00, 0x00, 0x00, 0x00,
    0x00, 0x00, 0x00, 0x00, 0x00, 0x00, 0x00, 0x00, 0x00, 0x00, 0x00, 0x00, 0x00, 0x00, 0x00, 0x00,
    0x00, 0x00, 0x00, 0x00, 0x00, 0x00, 0x00, 0x00, 0x00, 0x00, 0x00, 0x00, 0x00, 0x00, 0x00, 0x00,
    0x00, 0x00, 0x00, 0x00, 0x00, 0x00, 0x00, 0x00, 0x00, 0x00, 0x00, 0x00, 0x00, 0x00, 0x00, 0x00,
    0x00, 0x00, 0x00, 0x00, 0x00, 0x00, 0x00, 0x00, 0x00, 0x00, 0x00, 0x00, 0x00, 0x00, 0x00, 0x00,
    0x00, 0x00, 0x00, 0x00, 0x00, 0x00, 0x00, 0x00, 0x00, 0x00, 0x00, 0x00, 0x00, 0x00, 0x00, 0x00,
    0x00, 0x00, 0x00, 0x00, 0x00, 0x00, 0x00, 0x00, 0x00, 0x00, 0x00, 0x00, 0x00, 0x00, 0x00, 0x00,
    0x00, 0x00, 0x00, 0x00, 0x45, 0x8A, 0xCB, 0x01, 0x46, 0x8B, 0xCC, 0x01, 0x46, 0x8B, 0xCC, 0x01,
    0x47, 0x8B, 0xCC, 0x01, 0x49, 0x8A, 0xCC, 0x01, 0x49, 0x8B, 0xCC, 0x02, 0x49, 0x8B, 0xCC, 0x02,
    0x47, 0x8A, 0xC9, 0x04, 0x49, 0x8B, 0xCD, 0x05, 0x4F, 0x91, 0xD0, 0x03, 0x4F, 0x91, 0xD0, 0x03,
    0x39, 0x6A, 0xA3, 0x69, 0x11, 0x33, 0x5F, 0x9B, 0x08, 0x1C, 0x44, 0xCC, 0x08, 0x1C, 0x44, 0xCC,
    0x32, 0x52, 0x7C, 0xDB, 0xB3, 0xD2, 0xEA, 0xF7, 0xC1, 0xDA, 0xEB, 0xFB, 0xCC, 0xE1, 0xF0, 0xF8,
    0xCC, 0xE1, 0xF0, 0xF8, 0xCC, 0xDA, 0xE9, 0xFB, 0xC7, 0xDA, 0xE7, 0xF9, 0xB6, 0xCB, 0xD5, 0xFC,
    0xB6, 0xCB, 0xD5, 0xFC, 0x9A, 0xB2, 0xBF, 0xFB, 0x41, 0x5B, 0x77, 0xFD, 0x15, 0x27, 0x57, 0xFA,
    0x15, 0x27, 0x57, 0xFA, 0x1A, 0x2F, 0x70, 0xFA, 0x19, 0x2D, 0x73, 0xF8, 0x18, 0x29, 0x6E, 0xF9,
    0x18, 0x29, 0x6E, 0xF9, 0x1D, 0x32, 0x77, 0xF7, 0x1C, 0x2D, 0x6C, 0xF8, 0x17, 0x1B, 0x49, 0xF8,
    0x17, 0x1B, 0x49, 0xF8, 0x45, 0x4A, 0x5B, 0xFB, 0xDE, 0xEA, 0xE7, 0xF9, 0xEA, 0xF7, 0xFB, 0xFC,
    0xEA, 0xF7, 0xFB, 0xFC, 0xE2, 0xFA, 0xFD, 0xFB, 0xC9, 0xE9, 0xFC, 0xFC, 0xC7, 0xEC, 0xFC, 0xFC,
    0xC7, 0xEC, 0xFC, 0xFC, 0xD4, 0xF2, 0xFC, 0xFD, 0xDB, 0xF3, 0xFC, 0xFC, 0xD3, 0xF0, 0xFB, 0xFD,
    0xD3, 0xF0, 0xFB, 0xFD, 0x72, 0x93, 0xB9, 0xFB, 0x38, 0x5A, 0x8C, 0xFC, 0x3E, 0x65, 0x94, 0xFA,
    0x3E, 0x65, 0x94, 0xFA, 0x28, 0x42, 0x6F, 0xFD, 0x0E, 0x24, 0x4C, 0xF3, 0x09, 0x17, 0x40, 0xDA,
    0x09, 0x17, 0x40, 0xDA, 0x2A, 0x48, 0x7F, 0xA4, 0x37, 0x6B, 0xA9, 0xA5, 0x47, 0x8D, 0xCA, 0xB5,
    0x47, 0x8D, 0xCA, 0xB5, 0x2D, 0x56, 0x93, 0xC3, 0x14, 0x2D, 0x5C, 0xE9, 0x2E, 0x4D, 0x75, 0xF2,
    0x2E, 0x4D, 0x75, 0xF2, 0x3E, 0x68, 0x98, 0xF6, 0x2B, 0x59, 0x95, 0xF4, 0x2D, 0x67, 0xAB, 0xF4,
    0x2D, 0x67, 0xAB, 0xF4, 0x29, 0x6A, 0xB8, 0xF4, 0x30, 0x7A, 0xCA, 0xF4, 0x2E, 0x78, 0xCD, 0xF5,
    0x2B, 0x77, 0xC9, 0xF6, 0x2B, 0x77, 0xC9, 0xF6, 0x15, 0x48, 0x91, 0xF7, 0x0D, 0x29, 0x69, 0xF4,
    0x08, 0x1C, 0x53, 0xE9, 0x08, 0x1C, 0x53, 0xE9, 0x08, 0x1E, 0x4A, 0xEA, 0x0C, 0x25, 0x58, 0xDE,
    0x2F, 0x69, 0xB0, 0x7C, 0x2F, 0x69, 0xB0, 0x7C, 0x32, 0x8D, 0xDC, 0x0C, 0x2B, 0x80, 0xCF, 0x08,
    0x2E, 0x80, 0xCD, 0x04, 0x2E, 0x80, 0xCD, 0x04, 0x31, 0x80, 0xCE, 0x02, 0x31, 0x80, 0xCD, 0x01,
    0x31, 0x80, 0xCD, 0x01, 0x31, 0x80, 0xCD, 0x01, 0x31, 0x81, 0xCD, 0x01, 0x00, 0x00, 0x00, 0x00,
    0x00, 0x00, 0x00, 0x00, 0x00, 0x00, 0x00, 0x00, 0x00, 0x00, 0x00, 0x00, 0x00, 0x00, 0x00, 0x00,
    0x00, 0x00, 0x00, 0x00, 0x00, 0x00, 0x00, 0x00, 0x00, 0x00, 0x00, 0x00, 0x00, 0x00, 0x00, 0x00,
    0x00, 0x00, 0x00, 0x00, 0x00, 0x00, 0x00, 0x00, 0x00, 0x00, 0x00, 0x00, 0x00, 0x00, 0x00, 0x00,
    0x00, 0x00, 0x00, 0x00, 0x00, 0x00, 0x00, 0x00, 0x00, 0x00, 0x00, 0x00, 0x00, 0x00, 0x00, 0x00,
    0x00, 0x00, 0x00, 0x00, 0x00, 0x00, 0x00, 0x00, 0x00, 0x00, 0x00, 0x00, 0x00, 0x00, 0x00, 0x00,
    0x00, 0x00, 0x00, 0x00, 0x00, 0x00, 0x00, 0x00, 0x00, 0x00, 0x00, 0x00, 0x00, 0x00, 0x00, 0x00,
    0x00, 0x00, 0x00, 0x00, 0x00, 0x00, 0x00, 0x00, 0x00, 0x00, 0x00, 0x00, 0x00, 0x00, 0x00, 0x00,
    0x00, 0x00, 0x00, 0x00, 0x00, 0x00, 0x00, 0x00, 0x00, 0x00, 0x00, 0x00, 0x00, 0x00, 0x00, 0x00,
    0x00, 0x00, 0x00, 0x00, 0x00, 0x00, 0x00, 0x00, 0x00, 0x00, 0x00, 0x00, 0x00, 0x00, 0x00, 0x00,
    0x00, 0x00, 0x00, 0x00, 0x45, 0x8B, 0xCC, 0x01, 0x46, 0x8B, 0xCC, 0x01, 0x46, 0x8B, 0xCC, 0x01,
    0x47, 0x8B, 0xCC, 0x01, 0x49, 0x8B, 0xCC, 0x01, 0x4A, 0x8C, 0xCC, 0x01, 0x4A, 0x8C, 0xCC, 0x01,
    0x4C, 0x8D, 0xCD, 0x02, 0x4B, 0x8D, 0xCD, 0x03, 0x4A, 0x8B, 0xCC, 0x01, 0x4A, 0x8B, 0xCC, 0x01,
    0x4E, 0x8E, 0xCF, 0x06, 0x50, 0x91, 0xCE, 0x13, 0x41, 0x7D, 0xB9, 0x88, 0x41, 0x7D, 0xB9, 0x88,
    0x22, 0x52, 0x87, 0xBA, 0x0A, 0x22, 0x45, 0xDB, 0x17, 0x26, 0x3A, 0xE8, 0x20, 0x34, 0x44, 0xED,
    0x20, 0x34, 0x44, 0xED, 0x20, 0x2D, 0x3E, 0xF8, 0x22, 0x31, 0x3E, 0xF5, 0x13, 0x20, 0x2A, 0xF9,
    0x13, 0x20, 0x2A, 0xF9, 0x0B, 0x1A, 0x25, 0xF1, 0x18, 0x32, 0x4C, 0xF0, 0x3A, 0x63, 0x88, 0xE2,
    0x3A, 0x63, 0x88, 0xE2, 0x3E, 0x5F, 0x85, 0xE0, 0x3A, 0x54, 0x76, 0xD8, 0x36, 0x49, 0x6B, 0xD9,
    0x36, 0x49, 0x6B, 0xD9, 0x30, 0x44, 0x64, 0xD3, 0x23, 0x34, 0x59, 0xDA, 0x29, 0x40, 0x68, 0xE1,
    0x29, 0x40, 0x68, 0xE1, 0x29, 0x41, 0x53, 0xEB, 0x3A, 0x46, 0x4E, 0xF7, 0x67, 0x6E, 0x78, 0xF8,
    0x67, 0x6E, 0x78, 0xF8, 0x8A, 0x9D, 0xA5, 0xF7, 0x90, 0xA3, 0xB5, 0xF8, 0xA9, 0xC1, 0xD2, 0xF6,
    0xA9, 0xC1, 0xD2, 0xF6, 0xA7, 0xBC, 0xCD, 0xF7, 0xA5, 0xBB, 0xCA, 0xF5, 0x91, 0xAC, 0xC3, 0xF6,
    0x91, 0xAC, 0xC3, 0xF6, 0x2B, 0x46, 0x6D, 0xF7, 0x06, 0x10, 0x38, 0xEC, 0x08, 0x16, 0x3F, 0xD8,
    0x08, 0x16, 0x3F, 0xD8, 0x0A, 0x14, 0x42, 0xDA, 0x25, 0x4D, 0x7D, 0xA7, 0x42, 0x77, 0xAF, 0x7A,
    0x42, 0x77, 0xAF, 0x7A, 0x51, 0x92, 0xD1, 0x23, 0x42, 0x88, 0xCC, 0x1C, 0x3F, 0x8D, 0xD2, 0x21,
    0x3F, 0x8D, 0xD2, 0x21, 0x3F, 0x8B, 0xD4, 0x27, 0x3C, 0x7D, 0xBE, 0x8E, 0x04, 0x1A, 0x47, 0xAD,
    0x04, 0x1A, 0x47, 0xAD, 0x00, 0x03, 0x11, 0xD1, 0x00, 0x02, 0x0B, 0xD8, 0x00, 0x04, 0x0E, 0xE2,
    0x00, 0x04, 0x0E, 0xE2, 0x00, 0x04, 0x0D, 0xE9, 0x01, 0x08, 0x15, 0xE9, 0x00, 0x04, 0x13, 0xEF,
    0x02, 0x12, 0x2F, 0xE6, 0x02, 0x12, 0x2F, 0xE6, 0x0F, 0x30, 0x61, 0xE3, 0x33, 0x6D, 0xA8, 0xA6,
    0x3B, 0x82, 0xC6, 0x44, 0x3B, 0x82, 0xC6, 0x44, 0x37, 0x84, 0xC9, 0x54, 0x34, 0x84, 0xCC, 0x3B,
    0x33, 0x84, 0xD2, 0x0F, 0x33, 0x84, 0xD2, 0x0F, 0x2D, 0x7C, 0xCA, 0x06, 0x30, 0x81, 0xCC, 0x06,
    0x31, 0x81, 0xCD, 0x02, 0x31, 0x81, 0xCD, 0x02, 0x32, 0x81, 0xCE, 0x01, 0x00, 0x00, 0x00, 0x00,
    0x31, 0x81, 0xCC, 0x01, 0x31, 0x81, 0xCC, 0x01, 0x32, 0x81, 0xCC, 0x01, 0x00, 0x00, 0x00, 0x00,
    0x00, 0x00, 0x00, 0x00, 0x00, 0x00, 0x00, 0x00, 0x00, 0x00, 0x00, 0x00, 0x00, 0x00, 0x00, 0x00,
    0x00, 0x00, 0x00, 0x00, 0x00, 0x00, 0x00, 0x00, 0x00, 0x00, 0x00, 0x00, 0x00, 0x00, 0x00, 0x00,
    0x00, 0x00, 0x00, 0x00, 0x00, 0x00, 0x00, 0x00, 0x00, 0x00, 0x00, 0x00, 0x00, 0x00, 0x00, 0x00,
    0x00, 0x00, 0x00, 0x00, 0x00, 0x00, 0x00, 0x00, 0x00, 0x00, 0x00, 0x00, 0x00, 0x00, 0x00, 0x00,
    0x00, 0x00, 0x00, 0x00, 0x00, 0x00, 0x00, 0x00, 0x00, 0x00, 0x00, 0x00, 0x00, 0x00, 0x00, 0x00,
    0x00, 0x00, 0x00, 0x00, 0x00, 0x00, 0x00, 0x00, 0x00, 0x00, 0x00, 0x00, 0x00, 0x00, 0x00, 0x00,
    0x00, 0x00, 0x00, 0x00, 0x00, 0x00, 0x00, 0x00, 0x00, 0x00, 0x00, 0x00, 0x00, 0x00, 0x00, 0x00,
    0x00, 0x00, 0x00, 0x00, 0x00, 0x00, 0x00, 0x00, 0x00, 0x00, 0x00, 0x00, 0x00, 0x00, 0x00, 0x00,
    0x00, 0x00, 0x00, 0x00, 0x00, 0x00, 0x00, 0x00, 0x00, 0x00, 0x00, 0x00, 0x00, 0x00, 0x00, 0x00,
    0x00, 0x00, 0x00, 0x00, 0x46, 0x8B, 0xCB, 0x01, 0x47, 0x8B, 0xCC, 0x01, 0x47, 0x8B, 0xCC, 0x01,
    0x47, 0x8C, 0xCC, 0x01, 0x48, 0x8C, 0xCC, 0x01, 0x49, 0x8C, 0xCC, 0x01, 0x49, 0x8C, 0xCC, 0x01,
    0x4B, 0x8D, 0xCD, 0x01, 0x4D, 0x8D, 0xCE, 0x01, 0x4D, 0x8D, 0xCD, 0x02, 0x4D, 0x8D, 0xCD, 0x02,
    0x4B, 0x8E, 0xCD, 0x05, 0x49, 0x8C, 0xCB, 0x01, 0x47, 0x8A, 0xCB, 0x24, 0x47, 0x8A, 0xCB, 0x24,
    0x42, 0x83, 0xBF, 0x51, 0x31, 0x5C, 0x8D, 0x60, 0x2E, 0x52, 0x77, 0x71, 0x2C, 0x54, 0x79, 0x76,
    0x2C, 0x54, 0x79, 0x76, 0x27, 0x4C, 0x74, 0x86, 0x27, 0x50, 0x77, 0x87, 0x28, 0x55, 0x7E, 0x90,
    0x28, 0x55, 0x7E, 0x90, 0x40, 0x73, 0xA0, 0x86, 0x56, 0x90, 0xC1, 0x7A, 0x5E, 0x9C, 0xCC, 0x55,
    0x5E, 0x9C, 0xCC, 0x55, 0x60, 0x9A, 0xCD, 0x4C, 0x63, 0x9F, 0xCF, 0x3A, 0x63, 0x9E, 0xCD, 0x37,
    0x63, 0x9E, 0xCD, 0x37, 0x5F, 0xA2, 0xCD, 0x2E, 0x5C, 0x9C, 0xC8, 0x39, 0x59, 0x97, 0xC4, 0x4B,
    0x59, 0x97, 0xC4, 0x4B, 0x31, 0x59, 0x81, 0x92, 0x05, 0x0A, 0x21, 0xCB, 0x07, 0x0C, 0x1B, 0xD4,
    0x07, 0x0C, 0x1B, 0xD4, 0x06, 0x09, 0x15, 0xDF, 0x04, 0x05, 0x0C, 0xE6, 0x05, 0x09, 0x12, 0xE7,
    0x05, 0x09, 0x12, 0xE7, 0x03, 0x04, 0x0C, 0xEB, 0x04, 0x05, 0x10, 0xE8, 0x04, 0x06, 0x19, 0xDE,
    0x04, 0x06, 0x19, 0xDE, 0x22, 0x3E, 0x69, 0xE1, 0x45, 0x7B, 0xAD, 0x89, 0x48, 0x85, 0xB8, 0x30,
    0x48, 0x85, 0xB8, 0x30, 0x49, 0x80, 0xBE, 0x2C, 0x4F, 0x96, 0xD4, 0x10, 0x4A, 0x92, 0xD3, 0x0A,
    0x4A, 0x92, 0xD3, 0x0A, 0x46, 0x8D, 0xD2, 0x04, 0x43, 0x89, 0xCE, 0x06, 0x42, 0x8A, 0xD0, 0x05,
    0x42, 0x8A, 0xD0, 0x05, 0x3F, 0x88, 0xCF, 0x06, 0x3C, 0x84, 0xCD, 0x19, 0x31, 0x6E, 0xB5, 0x23,
    0x31, 0x6E, 0xB5, 0x23, 0x33, 0x6C, 0xAD, 0x34, 0x31, 0x6C, 0xA9, 0x3B, 0x33, 0x6D, 0xAA, 0x43,
    0x33, 0x6D, 0xAA, 0x43, 0x31, 0x69, 0xA6, 0x48, 0x32, 0x6C, 0xA8, 0x48, 0x2F, 0x67, 0xA9, 0x4F,
    0x2D, 0x71, 0xB4, 0x43, 0x2D, 0x71, 0xB4, 0x43, 0x30, 0x7A, 0xC3, 0x3F, 0x36, 0x86, 0xD0, 0x20,
    0x34, 0x85, 0xCF, 0x03, 0x34, 0x85, 0xCF, 0x03, 0x33, 0x84, 0xD0, 0x04, 0x31, 0x83, 0xCF, 0x03,
    0x31, 0x81, 0xCE, 0x02, 0x31, 0x81, 0xCE, 0x02, 0x34, 0x81, 0xCD, 0x02, 0x33, 0x81, 0xCD, 0x02,
    0x33, 0x80, 0xCD, 0x02, 0x33, 0x80, 0xCD, 0x02, 0x32, 0x80, 0xCD, 0x01, 0x31, 0x80, 0xCC, 0x01,
    0x32, 0x80, 0xCC, 0x01, 0x32, 0x80, 0xCC, 0x01, 0x00, 0x00, 0x00, 0x00, 0x00, 0x00, 0x00, 0x00,
    0x00, 0x00, 0x00, 0x00, 0x00, 0x00, 0x00, 0x00, 0x00, 0x00, 0x00, 0x00, 0x00, 0x00, 0x00, 0x00,
    0x00, 0x00, 0x00, 0x00, 0x00, 0x00, 0x00, 0x00, 0x00, 0x00, 0x00, 0x00, 0x00, 0x00, 0x00, 0x00,
    0x00, 0x00, 0x00, 0x00, 0x00, 0x00, 0x00, 0x00, 0x00, 0x00, 0x00, 0x00, 0x00, 0x00, 0x00, 0x00,
    0x00, 0x00, 0x00, 0x00, 0x00, 0x00, 0x00, 0x00, 0x00, 0x00, 0x00, 0x00, 0x00, 0x00, 0x00, 0x00,
    0x00, 0x00, 0x00, 0x00, 0x00, 0x00, 0x00, 0x00, 0x00, 0x00, 0x00, 0x00, 0x00, 0x00, 0x00, 0x00,
    0x00, 0x00, 0x00, 0x00, 0x00, 0x00, 0x00, 0x00, 0x00, 0x00, 0x00, 0x00, 0x00, 0x00, 0x00, 0x00,
    0x00, 0x00, 0x00, 0x00, 0x00, 0x00, 0x00, 0x00, 0x00, 0x00, 0x00, 0x00, 0x00, 0x00, 0x00, 0x00,
    0x00, 0x00, 0x00, 0x00, 0x00, 0x00, 0x00, 0x00, 0x00, 0x00, 0x00, 0x00, 0x00, 0x00, 0x00, 0x00,
    0x00, 0x00, 0x00, 0x00, 0x00, 0x00, 0x00, 0x00, 0x00, 0x00, 0x00, 0x00, 0x00, 0x00, 0x00, 0x00,
    0x00, 0x00, 0x00, 0x00, 0x46, 0x8B, 0xCB, 0x01, 0x47, 0x8B, 0xCC, 0x01, 0x47, 0x8B, 0xCC, 0x01,
    0x47, 0x8C, 0xCC, 0x01, 0x48, 0x8C, 0xCC, 0x01, 0x49, 0x8C, 0xCC, 0x01, 0x49, 0x8C, 0xCC, 0x01,
    0x4B, 0x8D, 0xCD, 0x01, 0x4D, 0x8D, 0xCE, 0x01, 0x4D, 0x8D, 0xCD, 0x02, 0x4D, 0x8D, 0xCD, 0x02,
    0x4B, 0x8E, 0xCD, 0x05, 0x49, 0x8C, 0xCB, 0x01, 0x47, 0x8A, 0xCB, 0x24, 0x47, 0x8A, 0xCB, 0x24,
    0x42, 0x83, 0xBF, 0x51, 0x31, 0x5C, 0x8D, 0x60, 0x2E, 0x52, 0x77, 0x71, 0x2C, 0x54, 0x79, 0x76,
    0x2C, 0x54, 0x79, 0x76, 0x27, 0x4C, 0x74, 0x86, 0x27, 0x50, 0x77, 0x87, 0x28, 0x55, 0x7E, 0x90,
    0x28, 0x55, 0x7E, 0x90, 0x40, 0x73, 0xA0, 0x86, 0x56, 0x90, 0xC1, 0x7A, 0x5E, 0x9C, 0xCC, 0x55,
    0x5E, 0x9C, 0xCC, 0x55, 0x60, 0x9A, 0xCD, 0x4C, 0x63, 0x9F, 0xCF, 0x3A, 0x63, 0x9E, 0xCD, 0x37,
    0x63, 0x9E, 0xCD, 0x37, 0x5F, 0xA2, 0xCD, 0x2E, 0x5C, 0x9C, 0xC8, 0x39, 0x59, 0x97, 0xC4, 0x4B,
    0x59, 0x97, 0xC4, 0x4B, 0x31, 0x59, 0x81, 0x92, 0x05, 0x0A, 0x21, 0xCB, 0x07, 0x0C, 0x1B, 0xD4,
    0x07, 0x0C, 0x1B, 0xD4, 0x06, 0x09, 0x15, 0xDF, 0x04, 0x05, 0x0C, 0xE6, 0x05, 0x09, 0x12, 0xE7,
    0x05, 0x09, 0x12, 0xE7, 0x03, 0x04, 0x0C, 0xEB, 0x04, 0x05, 0x10, 0xE8, 0x04, 0x06, 0x19, 0xDE,
    0x04, 0x06, 0x19, 0xDE, 0x22, 0x3E, 0x69, 0xE1, 0x45, 0x7B, 0xAD, 0x89, 0x48, 0x85, 0xB8, 0x30,
    0x48, 0x85, 0xB8, 0x30, 0x49, 0x80, 0xBE, 0x2C, 0x4F, 0x96, 0xD4, 0x10, 0x4A, 0x92, 0xD3, 0x0A,
    0x4A, 0x92, 0xD3, 0x0A, 0x46, 0x8D, 0xD2, 0x04, 0x43, 0x89, 0xCE, 0x06, 0x42, 0x8A, 0xD0, 0x05,
    0x42, 0x8A, 0xD0, 0x05, 0x3F, 0x88, 0xCF, 0x06, 0x3C, 0x84, 0xCD, 0x19, 0x31, 0x6E, 0xB5, 0x23,
    0x31, 0x6E, 0xB5, 0x23, 0x33, 0x6C, 0xAD, 0x34, 0x31, 0x6C, 0xA9, 0x3B, 0x33, 0x6D, 0xAA, 0x43,
    0x33, 0x6D, 0xAA, 0x43, 0x31, 0x69, 0xA6, 0x48, 0x32, 0x6C, 0xA8, 0x48, 0x2F, 0x67, 0xA9, 0x4F,
    0x2D, 0x71, 0xB4, 0x43, 0x2D, 0x71, 0xB4, 0x43, 0x30, 0x7A, 0xC3, 0x3F, 0x36, 0x86, 0xD0, 0x20,
    0x34, 0x85, 0xCF, 0x03, 0x34, 0x85, 0xCF, 0x03, 0x33, 0x84, 0xD0, 0x04, 0x31, 0x83, 0xCF, 0x03,
    0x31, 0x81, 0xCE, 0x02, 0x31, 0x81, 0xCE, 0x02, 0x34, 0x81, 0xCD, 0x02, 0x33, 0x81, 0xCD, 0x02,
    0x33, 0x80, 0xCD, 0x02, 0x33, 0x80, 0xCD, 0x02, 0x32, 0x80, 0xCD, 0x01, 0x31, 0x80, 0xCC, 0x01,
    0x32, 0x80, 0xCC, 0x01, 0x32, 0x80, 0xCC, 0x01, 0x00, 0x00, 0x00, 0x00, 0x00, 0x00, 0x00, 0x00,
    0x00, 0x00, 0x00, 0x00, 0x00, 0x00, 0x00, 0x00, 0x00, 0x00, 0x00, 0x00, 0x00, 0x00, 0x00, 0x00,
    0x00, 0x00, 0x00, 0x00, 0x00, 0x00, 0x00, 0x00, 0x00, 0x00, 0x00, 0x00, 0x00, 0x00, 0x00, 0x00,
    0x00, 0x00, 0x00, 0x00, 0x00, 0x00, 0x00, 0x00, 0x00, 0x00, 0x00, 0x00, 0x00, 0x00, 0x00, 0x00,
    0x00, 0x00, 0x00, 0x00, 0x00, 0x00, 0x00, 0x00, 0x00, 0x00, 0x00, 0x00, 0x00, 0x00, 0x00, 0x00,
    0x00, 0x00, 0x00, 0x00, 0x00, 0x00, 0x00, 0x00, 0x00, 0x00, 0x00, 0x00, 0x00, 0x00, 0x00, 0x00,
    0x00, 0x00, 0x00, 0x00, 0x00, 0x00, 0x00, 0x00, 0x00, 0x00, 0x00, 0x00, 0x00, 0x00, 0x00, 0x00,
    0x00, 0x00, 0x00, 0x00, 0x00, 0x00, 0x00, 0x00, 0x00, 0x00, 0x00, 0x00, 0x00, 0x00, 0x00, 0x00,
    0x00, 0x00, 0x00, 0x00, 0x00, 0x00, 0x00, 0x00, 0x00, 0x00, 0x00, 0x00, 0x00, 0x00, 0x00, 0x00,
    0x00, 0x00, 0x00, 0x00, 0x00, 0x00, 0x00, 0x00, 0x00, 0x00, 0x00, 0x00, 0x00, 0x00, 0x00, 0x00,
    0x00, 0x00, 0x00, 0x00, 0x00, 0x00, 0x00, 0x00, 0x00, 0x00, 0x00, 0x00, 0x00, 0x00, 0x00, 0x00,
    0x47, 0x8C, 0xCC, 0x01, 0x48, 0x8C, 0xCC, 0x01, 0x00, 0x00, 0x00, 0x00, 0x00, 0x00, 0x00, 0x00,
    0x4A, 0x8D, 0xCD, 0x01, 0x00, 0x00, 0x00, 0x00, 0x4C, 0x8E, 0xCD, 0x01, 0x4C, 0x8E, 0xCD, 0x01,
    0x4C, 0x8F, 0xCD, 0x01, 0x4C, 0x8F, 0xCC, 0x02, 0x4A, 0x91, 0xCD, 0x01, 0x4A, 0x91, 0xCD, 0x01,
    0x49, 0x90, 0xCF, 0x09, 0x4D, 0x96, 0xD6, 0x0B, 0x4F, 0x97, 0xD4, 0x0E, 0x54, 0x99, 0xD4, 0x0D,
    0x54, 0x99, 0xD4, 0x0D, 0x57, 0x99, 0xD6, 0x11, 0x55, 0x9C, 0xD9, 0x0F, 0x51, 0x98, 0xD4, 0x13,
    0x51, 0x98, 0xD4, 0x13, 0x53, 0x96, 0xD1, 0x0F, 0x51, 0x90, 0xCA, 0x0E, 0x53, 0x92, 0xC9, 0x03,
    0x53, 0x92, 0xC9, 0x03, 0x52, 0x90, 0xC7, 0x03, 0x53, 0x91, 0xC6, 0x01, 0x50, 0x91, 0xC5, 0x02,
    0x50, 0x91, 0xC5, 0x02, 0x4F, 0x92, 0xC6, 0x01, 0x4F, 0x94, 0xC8, 0x03, 0x50, 0x93, 0xCB, 0x08,
    0x50, 0x93, 0xCB, 0x08, 0x4C, 0x8B, 0xC2, 0x24, 0x44, 0x75, 0xA5, 0x2D, 0x48, 0x74, 0x9C, 0x3B,
    0x48, 0x74, 0x9C, 0x3B, 0x46, 0x71, 0x96, 0x49, 0x43, 0x68, 0x90, 0x53, 0x3F, 0x67, 0x8E, 0x52,
    0x3F, 0x67, 0x8E, 0x52, 0x3A, 0x5F, 0x87, 0x55, 0x3D, 0x64, 0x8A, 0x51, 0x38, 0x5E, 0x8E, 0x48,
    0x38, 0x5E, 0x8E, 0x48, 0x4C, 0x85, 0xBF, 0x39, 0x4A, 0x96, 0xD4, 0x11, 0x48, 0x93, 0xD1, 0x02,
    0x48, 0x93, 0xD1, 0x02, 0x46, 0x8E, 0xCE, 0x03, 0x43, 0x8B, 0xCD, 0x02, 0x43, 0x8B, 0xCE, 0x04,
    0x43, 0x8B, 0xCE, 0x04, 0x44, 0x8B, 0xD0, 0x03, 0x43, 0x8B, 0xCF, 0x03, 0x43, 0x8A, 0xCE, 0x02,
    0x43, 0x8A, 0xCE, 0x02, 0x41, 0x8A, 0xCD, 0x03, 0x3D, 0x89, 0xCD, 0x01, 0x3B, 0x86, 0xCD, 0x02,
    0x3B, 0x86, 0xCD, 0x02, 0x38, 0x86, 0xD0, 0x01, 0x34, 0x87, 0xD1, 0x02, 0x36, 0x87, 0xD3, 0x01,
    0x36, 0x87, 0xD3, 0x01, 0x36, 0x87, 0xD3, 0x02, 0x36, 0x87, 0xD4, 0x01, 0x35, 0x87, 0xD4, 0x02,
    0x34, 0x87, 0xD3, 0x02, 0x34, 0x87, 0xD3, 0x02, 0x34, 0x83, 0xCE, 0x02, 0x36, 0x82, 0xCD, 0x02,
    0x35, 0x82, 0xCC, 0x04, 0x35, 0x82, 0xCC, 0x04, 0x35, 0x83, 0xCE, 0x04, 0x34, 0x82, 0xCD, 0x04,
    0x34, 0x82, 0xCE, 0x02, 0x34, 0x82, 0xCE, 0x02, 0x34, 0x81, 0xCD, 0x02, 0x33, 0x81, 0xCD, 0x01,
    0x33, 0x81, 0xCD, 0x01, 0x33, 0x81, 0xCD, 0x01, 0x00, 0x00, 0x00, 0x00, 0x00, 0x00, 0x00, 0x00,
    0x00, 0x00, 0x00, 0x00, 0x00, 0x00, 0x00, 0x00, 0x00, 0x00, 0x00, 0x00, 0x00, 0x00, 0x00, 0x00,
    0x00, 0x00, 0x00, 0x00, 0x00, 0x00, 0x00, 0x00, 0x00, 0x00, 0x00, 0x00, 0x00, 0x00, 0x00, 0x00,
    0x00, 0x00, 0x00, 0x00, 0x00, 0x00, 0x00, 0x00, 0x00, 0x00, 0x00, 0x00, 0x00, 0x00, 0x00, 0x00,
    0x00, 0x00, 0x00, 0x00, 0x00, 0x00, 0x00, 0x00, 0x00, 0x00, 0x00, 0x00, 0x00, 0x00, 0x00, 0x00,
    0x00, 0x00, 0x00, 0x00, 0x00, 0x00, 0x00, 0x00, 0x00, 0x00, 0x00, 0x00, 0x00, 0x00, 0x00, 0x00,
    0x00, 0x00, 0x00, 0x00, 0x00, 0x00, 0x00, 0x00, 0x00, 0x00, 0x00, 0x00, 0x00, 0x00, 0x00, 0x00,
    0x00, 0x00, 0x00, 0x00, 0x00, 0x00, 0x00, 0x00, 0x00, 0x00, 0x00, 0x00, 0x00, 0x00, 0x00, 0x00,
    0x00, 0x00, 0x00, 0x00, 0x00, 0x00, 0x00, 0x00, 0x00, 0x00, 0x00, 0x00, 0x00, 0x00, 0x00, 0x00,
    0x00, 0x00, 0x00, 0x00, 0x00, 0x00, 0x00, 0x00, 0x00, 0x00, 0x00, 0x00, 0x00, 0x00, 0x00, 0x00,
    0x00, 0x00, 0x00, 0x00, 0x00, 0x00, 0x00, 0x00, 0x00, 0x00, 0x00, 0x00, 0x00, 0x00, 0x00, 0x00,
    0x00, 0x00, 0x00, 0x00, 0x00, 0x00, 0x00, 0x00, 0x00, 0x00, 0x00, 0x00, 0x00, 0x00, 0x00, 0x00,
    0x00, 0x00, 0x00, 0x00, 0x00, 0x00, 0x00, 0x00, 0x00, 0x00, 0x00, 0x00, 0x00, 0x00, 0x00, 0x00,
    0x4A, 0x8D, 0xCD, 0x01, 0x00, 0x00, 0x00, 0x00, 0x4C, 0x8E, 0xCD, 0x01, 0x4C, 0x8E, 0xCD, 0x01,
    0x4B, 0x8F, 0xCD, 0x01, 0x4C, 0x8F, 0xCD, 0x01, 0x4C, 0x91, 0xCE, 0x01, 0x4C, 0x91, 0xCE, 0x01,
    0x4B, 0x90, 0xCE, 0x02, 0x4A, 0x91, 0xCE, 0x01, 0x4C, 0x90, 0xCD, 0x02, 0x4E, 0x90, 0xCD, 0x01,
    0x4E, 0x90, 0xCD, 0x01, 0x4F, 0x91, 0xCC, 0x01, 0x4F, 0x92, 0xCC, 0x01, 0x4F, 0x93, 0xCC, 0x01,
    0x4F, 0x93, 0xCC, 0x01, 0x00, 0x00, 0x00, 0x00, 0x53, 0x92, 0xCB, 0x01, 0x53, 0x92, 0xCA, 0x02,
    0x53, 0x92, 0xCA, 0x02, 0x54, 0x93, 0xCA, 0x03, 0x53, 0x92, 0xC8, 0x03, 0x52, 0x92, 0xC8, 0x02,
    0x52, 0x92, 0xC8, 0x02, 0x52, 0x92, 0xC9, 0x02, 0x52, 0x93, 0xC9, 0x02, 0x00, 0x00, 0x00, 0x00,
    0x00, 0x00, 0x00, 0x00, 0x00, 0x00, 0x00, 0x00, 0x00, 0x00, 0x00, 0x00, 0x00, 0x00, 0x00, 0x00,
    0x00, 0x00, 0x00, 0x00, 0x00, 0x00, 0x00, 0x00, 0x00, 0x00, 0x00, 0x00, 0x00, 0x00, 0x00, 0x00,
    0x00, 0x00, 0x00, 0x00, 0x00, 0x00, 0x00, 0x00, 0x00, 0x00, 0x00, 0x00, 0x00, 0x00, 0x00, 0x00,
    0x00, 0x00, 0x00, 0x00, 0x00, 0x00, 0x00, 0x00, 0x47, 0x8B, 0xCC, 0x01, 0x48, 0x8D, 0xCC, 0x02,
    0x48, 0x8D, 0xCC, 0x02, 0x47, 0x8D, 0xCD, 0x03, 0x49, 0x8D, 0xCE, 0x02, 0x47, 0x8C, 0xCD, 0x02,
    0x47, 0x8C, 0xCD, 0x02, 0x46, 0x8B, 0xCE, 0x01, 0x44, 0x8A, 0xCE, 0x01, 0x43, 0x8A, 0xCD, 0x01,
    0x43, 0x8A, 0xCD, 0x01, 0x42, 0x89, 0xCC, 0x02, 0x3F, 0x88, 0xCC, 0x01, 0x3C, 0x86, 0xCC, 0x02,
    0x3C, 0x86, 0xCC, 0x02, 0x3B, 0x85, 0xCC, 0x01, 0x39, 0x84, 0xCC, 0x02, 0x38, 0x83, 0xCC, 0x01,
    0x38, 0x83, 0xCC, 0x01, 0x38, 0x84, 0xCB, 0x02, 0x39, 0x83, 0xCC, 0x02, 0x37, 0x83, 0xCB, 0x01,
    0x36, 0x82, 0xCB, 0x02, 0x36, 0x82, 0xCB, 0x02, 0x36, 0x82, 0xCB, 0x02, 0x36, 0x81, 0xCB, 0x02,
    0x36, 0x81, 0xCC, 0x01, 0x36, 0x81, 0xCC, 0x01, 0x00, 0x00, 0x00, 0x00, 0x35, 0x81, 0xCC, 0x01,
    0x00, 0x00, 0x00, 0x00, 0x00, 0x00, 0x00, 0x00, 0x00, 0x00, 0x00, 0x00, 0x00, 0x00, 0x00, 0x00,
    0x00, 0x00, 0x00, 0x00, 0x00, 0x00, 0x00, 0x00, 0x00, 0x00, 0x00, 0x00, 0x00, 0x00, 0x00, 0x00,
    0x00, 0x00, 0x00, 0x00, 0x00, 0x00, 0x00, 0x00, 0x00, 0x00, 0x00, 0x00, 0x00, 0x00, 0x00, 0x00,
    0x00, 0x00, 0x00, 0x00, 0x00, 0x00, 0x00, 0x00, 0x00, 0x00, 0x00, 0x00, 0x00, 0x00, 0x00, 0x00,
    0x00, 0x00, 0x00, 0x00, 0x00, 0x00, 0x00, 0x00, 0x00, 0x00, 0x00, 0x00, 0x00, 0x00, 0x00, 0x00,
    0x00, 0x00, 0x00, 0x00, 0x00, 0x00, 0x00, 0x00, 0x00, 0x00, 0x00, 0x00, 0x00, 0x00, 0x00, 0x00,
    0x00, 0x00, 0x00, 0x00, 0x00, 0x00, 0x00, 0x00, 0x00, 0x00, 0x00, 0x00, 0x00, 0x00, 0x00, 0x00,
    0x00, 0x00, 0x00, 0x00, 0x00, 0x00, 0x00, 0x00, 0x00, 0x00, 0x00, 0x00, 0x00, 0x00, 0x00, 0x00,
    0x00, 0x00, 0x00, 0x00, 0x00, 0x00, 0x00, 0x00, 0x00, 0x00, 0x00, 0x00, 0x00, 0x00, 0x00, 0x00,
    0x00, 0x00, 0x00, 0x00, 0x00, 0x00, 0x00, 0x00, 0x00, 0x00, 0x00, 0x00, 0x00, 0x00, 0x00, 0x00,
    0x00, 0x00, 0x00, 0x00, 0x00, 0x00, 0x00, 0x00, 0x00, 0x00, 0x00, 0x00, 0x00, 0x00, 0x00, 0x00,
    0x00, 0x00, 0x00, 0x00, 0x00, 0x00, 0x00, 0x00, 0x00, 0x00, 0x00, 0x00, 0x00, 0x00, 0x00, 0x00,
    0x00, 0x00, 0x00, 0x00, 0x00, 0x00, 0x00, 0x00, 0x00, 0x00, 0x00, 0x00, 0x00, 0x00, 0x00, 0x00,
    0x00, 0x00, 0x00, 0x00, 0x00, 0x00, 0x00, 0x00, 0x00, 0x00, 0x00, 0x00, 0x00, 0x00, 0x00, 0x00,
    0x00, 0x00, 0x00, 0x00, 0x00, 0x00, 0x00, 0x00, 0x00, 0x00, 0x00, 0x00, 0x00, 0x00, 0x00, 0x00,
    0x00, 0x00, 0x00, 0x00, 0x4D, 0x90, 0xCF, 0x01, 0x00, 0x00, 0x00, 0x00, 0x00, 0x00, 0x00, 0x00,
    0x4E, 0x91, 0xCF, 0x01, 0x4F, 0x91, 0xCE, 0x01, 0x50, 0x91, 0xCE, 0x01, 0x50, 0x92, 0xCD, 0x01,
    0x50, 0x92, 0xCD, 0x01, 0x50, 0x92, 0xCC, 0x01, 0x51, 0x93, 0xCD, 0x01, 0x51, 0x93, 0xCC, 0x01,
    0x51, 0x93, 0xCC, 0x01, 0x52, 0x92, 0xCC, 0x01, 0x53, 0x93, 0xCC, 0x02, 0x53, 0x92, 0xCB, 0x01,
    0x53, 0x92, 0xCB, 0x01, 0x00, 0x00, 0x00, 0x00, 0x00, 0x00, 0x00, 0x00, 0x00, 0x00, 0x00, 0x00,
    0x00, 0x00, 0x00, 0x00, 0x00, 0x00, 0x00, 0x00, 0x00, 0x00, 0x00, 0x00, 0x00, 0x00, 0x00, 0x00,
    0x00, 0x00, 0x00, 0x00, 0x50, 0x92, 0xCD, 0x02, 0x4E, 0x91, 0xCC, 0x02, 0x4F, 0x90, 0xCC, 0x02,
    0x4F, 0x90, 0xCC, 0x02, 0x4D, 0x91, 0xCC, 0x02, 0x4B, 0x8F, 0xCC, 0x02, 0x4C, 0x8F, 0xCD, 0x02,
    0x4C, 0x8F, 0xCD, 0x02, 0x4B, 0x8F, 0xCB, 0x02, 0x4A, 0x8D, 0xCB, 0x01, 0x48, 0x8C, 0xCB, 0x02,
    0x48, 0x8C, 0xCB, 0x02, 0x48, 0x8D, 0xCC, 0x01, 0x49, 0x8C, 0xCC, 0x01, 0x00, 0x00, 0x00, 0x00,
    0x00, 0x00, 0x00, 0x00, 0x00, 0x00, 0x00, 0x00, 0x00, 0x00, 0x00, 0x00, 0x48, 0x8B, 0xCD, 0x01,
    0x48, 0x8B, 0xCD, 0x01, 0x00, 0x00, 0x00, 0x00, 0x00, 0x00, 0x00, 0x00, 0x00, 0x00, 0x00, 0x00,
    0x00, 0x00, 0x00, 0x00, 0x00, 0x00, 0x00, 0x00, 0x00, 0x00, 0x00, 0x00, 0x00, 0x00, 0x00, 0x00,
    0x00, 0x00, 0x00, 0x00, 0x00, 0x00, 0x00, 0x00, 0x00, 0x00, 0x00, 0x00, 0x00, 0x00, 0x00, 0x00,
    0x00, 0x00, 0x00, 0x00, 0x00, 0x00, 0x00, 0x00, 0x00, 0x00, 0x00, 0x00, 0x00, 0x00, 0x00, 0x00,
    0x00, 0x00, 0x00, 0x00, 0x00, 0x00, 0x00, 0x00, 0x00, 0x00, 0x00, 0x00, 0x00, 0x00, 0x00, 0x00,
    0x00, 0x00, 0x00, 0x00, 0x00, 0x00, 0x00, 0x00, 0x00, 0x00, 0x00, 0x00, 0x00, 0x00, 0x00, 0x00,
    0x00, 0x00, 0x00, 0x00, 0x00, 0x00, 0x00, 0x00, 0x00, 0x00, 0x00, 0x00, 0x00, 0x00, 0x00, 0x00,
    0x00, 0x00, 0x00, 0x00, 0x00, 0x00, 0x00, 0x00, 0x00, 0x00, 0x00, 0x00, 0x00, 0x00, 0x00, 0x00,
    0x00, 0x00, 0x00, 0x00, 0x00, 0x00, 0x00, 0x00, 0x00, 0x00, 0x00, 0x00, 0x00, 0x00, 0x00, 0x00,
    0x00, 0x00, 0x00, 0x00, 0x00, 0x00, 0x00, 0x00, 0x00, 0x00, 0x00, 0x00, 0x00, 0x00, 0x00, 0x00,
    0x00, 0x00, 0x00, 0x00, 0x00, 0x00, 0x00, 0x00, 0x00, 0x00, 0x00, 0x00, 0x00, 0x00, 0x00, 0x00,
    0x00, 0x00, 0x00, 0x00, 0x00, 0x00, 0x00, 0x00, 0x00, 0x00, 0x00, 0x00, 0x00, 0x00, 0x00, 0x00,
    0x00, 0x00, 0x00, 0x00, 0x00, 0x00, 0x00, 0x00, 0x00, 0x00, 0x00, 0x00, 0x00, 0x00, 0x00, 0x00,
    0x00, 0x00, 0x00, 0x00, 0x00, 0x00, 0x00, 0x00, 0x00, 0x00, 0x00, 0x00, 0x00, 0x00, 0x00, 0x00,
    0x00, 0x00, 0x00, 0x00, 0x00, 0x00, 0x00, 0x00, 0x00, 0x00, 0x00, 0x00, 0x00, 0x00, 0x00, 0x00,
    0x00, 0x00, 0x00, 0x00, 0x00, 0x00, 0x00, 0x00, 0x00, 0x00, 0x00, 0x00, 0x00, 0x00, 0x00, 0x00,
    0x00, 0x00, 0x00, 0x00, 0x00, 0x00, 0x00, 0x00, 0x00, 0x00, 0x00, 0x00, 0x00, 0x00, 0x00, 0x00,
    0x00, 0x00, 0x00, 0x00, 0x00, 0x00, 0x00, 0x00, 0x00, 0x00, 0x00, 0x00, 0x00, 0x00, 0x00, 0x00,
    0x00, 0x00, 0x00, 0x00, 0x00, 0x00, 0x00, 0x00, 0x00, 0x00, 0x00, 0x00, 0x00, 0x00, 0x00, 0x00,
    0x00, 0x00, 0x00, 0x00, 0x00, 0x00, 0x00, 0x00, 0x00, 0x00, 0x00, 0x00, 0x00, 0x00, 0x00, 0x00,
    0x00, 0x00, 0x00, 0x00, 0x00, 0x00, 0x00, 0x00, 0x00, 0x00, 0x00, 0x00, 0x00, 0x00, 0x00, 0x00,
    0x00, 0x00, 0x00, 0x00, 0x4D, 0x90, 0xCF, 0x01, 0x00, 0x00, 0x00, 0x00, 0x00, 0x00, 0x00, 0x00,
    0x4E, 0x91, 0xCF, 0x01, 0x4F, 0x91, 0xCE, 0x01, 0x50, 0x91, 0xCE, 0x01, 0x50, 0x92, 0xCD, 0x01,
    0x50, 0x92, 0xCD, 0x01, 0x50, 0x92, 0xCC, 0x01, 0x51, 0x93, 0xCD, 0x01, 0x51, 0x93, 0xCC, 0x01,
    0x51, 0x93, 0xCC, 0x01, 0x52, 0x92, 0xCC, 0x01, 0x53, 0x93, 0xCC, 0x02, 0x53, 0x92, 0xCB, 0x01,
    0x53, 0x92, 0xCB, 0x01, 0x00, 0x00, 0x00, 0x00, 0x00, 0x00, 0x00, 0x00, 0x00, 0x00, 0x00, 0x00,
    0x00, 0x00, 0x00, 0x00, 0x00, 0x00, 0x00, 0x00, 0x00, 0x00, 0x00, 0x00, 0x00, 0x00, 0x00, 0x00,
    0x00, 0x00, 0x00, 0x00, 0x50, 0x92, 0xCD, 0x02, 0x4E, 0x91, 0xCC, 0x02, 0x4F, 0x90, 0xCC, 0x02,
    0x4F, 0x90, 0xCC, 0x02, 0x4D, 0x91, 0xCC, 0x02, 0x4B, 0x8F, 0xCC, 0x02, 0x4C, 0x8F, 0xCD, 0x02,
    0x4C, 0x8F, 0xCD, 0x02, 0x4B, 0x8F, 0xCB, 0x02, 0x4A, 0x8D, 0xCB, 0x01, 0x48, 0x8C, 0xCB, 0x02,
    0x48, 0x8C, 0xCB, 0x02, 0x48, 0x8D, 0xCC, 0x01, 0x49, 0x8C, 0xCC, 0x01, 0x00, 0x00, 0x00, 0x00,
    0x00, 0x00, 0x00, 0x00, 0x00, 0x00, 0x00, 0x00, 0x00, 0x00, 0x00, 0x00, 0x48, 0x8B, 0xCD, 0x01,
    0x48, 0x8B, 0xCD, 0x01, 0x00, 0x00, 0x00, 0x00, 0x00, 0x00, 0x00, 0x00, 0x00, 0x00, 0x00, 0x00,
    0x00, 0x00, 0x00, 0x00, 0x00, 0x00, 0x00, 0x00, 0x00, 0x00, 0x00, 0x00, 0x00, 0x00, 0x00, 0x00,
    0x00, 0x00, 0x00, 0x00, 0x00, 0x00, 0x00, 0x00, 0x00, 0x00, 0x00, 0x00, 0x00, 0x00, 0x00, 0x00,
    0x00, 0x00, 0x00, 0x00, 0x00, 0x00, 0x00, 0x00, 0x00, 0x00, 0x00, 0x00, 0x00, 0x00, 0x00, 0x00,
    0x00, 0x00, 0x00, 0x00, 0x00, 0x00, 0x00, 0x00, 0x00, 0x00, 0x00, 0x00, 0x00, 0x00, 0x00, 0x00,
    0x00, 0x00, 0x00, 0x00, 0x00, 0x00, 0x00, 0x00, 0x00, 0x00, 0x00, 0x00, 0x00, 0x00, 0x00, 0x00,
    0x00, 0x00, 0x00, 0x00, 0x00, 0x00, 0x00, 0x00, 0x00, 0x00, 0x00, 0x00, 0x00, 0x00, 0x00, 0x00,
    0x00, 0x00, 0x00, 0x00, 0x00, 0x00, 0x00, 0x00, 0x00, 0x00, 0x00, 0x00, 0x00, 0x00, 0x00, 0x00,
    0x00, 0x00, 0x00, 0x00, 0x00, 0x00, 0x00, 0x00, 0x00, 0x00, 0x00, 0x00, 0x00, 0x00, 0x00, 0x00,
    0x00, 0x00, 0x00, 0x00, 0x00, 0x00, 0x00, 0x00, 0x00, 0x00, 0x00, 0x00, 0x00, 0x00, 0x00, 0x00,
    0x00, 0x00, 0x00, 0x00, 0x00, 0x00, 0x00, 0x00, 0x00, 0x00, 0x00, 0x00, 0x00, 0x00, 0x00, 0x00,
    0x00, 0x00, 0x00, 0x00, 0x00, 0x00, 0x00, 0x00, 0x00, 0x00, 0x00, 0x00, 0x00, 0x00, 0x00, 0x00,
    0x00, 0x00, 0x00, 0x00, 0x00, 0x00, 0x00, 0x00, 0x00, 0x00, 0x00, 0x00, 0x00, 0x00, 0x00, 0x00,
    0x00, 0x00, 0x00, 0x00, 0x00, 0x00, 0x00, 0x00, 0x00, 0x00, 0x00, 0x00, 0x00, 0x00, 0x00, 0x00,
    0x00, 0x00, 0x00, 0x00, 0x00, 0x00, 0x00, 0x00, 0x00, 0x00, 0x00, 0x00, 0x00, 0x00, 0x00, 0x00,
    0x00, 0x00, 0x00, 0x00, 0x00, 0x00, 0x00, 0x00, 0x00, 0x00, 0x00, 0x00, 0x00, 0x00, 0x00, 0x00,
    0x00, 0x00, 0x00, 0x00, 0x00, 0x00, 0x00, 0x00, 0x00, 0x00, 0x00, 0x00, 0x00, 0x00, 0x00, 0x00,
    0x00, 0x00, 0x00, 0x00, 0x00, 0x00, 0x00, 0x00, 0x00, 0x00, 0x00, 0x00, 0x00, 0x00, 0x00, 0x00,
    0x00, 0x00, 0x00, 0x00, 0x00, 0x00, 0x00, 0x00, 0x00, 0x00, 0x00, 0x00, 0x00, 0x00, 0x00, 0x00,
    0x00, 0x00, 0x00, 0x00, 0x00, 0x00, 0x00, 0x00, 0x00, 0x00, 0x00, 0x00, 0x00, 0x00, 0x00, 0x00,
    0x00, 0x00, 0x00, 0x00, 0x00, 0x00, 0x00, 0x00, 0x00, 0x00, 0x00, 0x00, 0x00, 0x00, 0x00, 0x00,
    0x00, 0x00, 0x00, 0x00, 0x00, 0x00, 0x00, 0x00, 0x00, 0x00, 0x00, 0x00, 0x00, 0x00, 0x00, 0x00,
    0x00, 0x00, 0x00, 0x00, 0x00, 0x00, 0x00, 0x00, 0x00, 0x00, 0x00, 0x00, 0x00, 0x00, 0x00, 0x00,
    0x00, 0x00, 0x00, 0x00, 0x00, 0x00, 0x00, 0x00, 0x00, 0x00, 0x00, 0x00, 0x00, 0x00, 0x00, 0x00,
    0x00, 0x00, 0x00, 0x00, 0x00, 0x00, 0x00, 0x00, 0x00, 0x00, 0x00, 0x00, 0x00, 0x00, 0x00, 0x00,
    0x00, 0x00, 0x00, 0x00, 0x00, 0x00, 0x00, 0x00, 0x00, 0x00, 0x00, 0x00, 0x00, 0x00, 0x00, 0x00,
    0x00, 0x00, 0x00, 0x00, 0x00, 0x00, 0x00, 0x00, 0x00, 0x00, 0x00, 0x00, 0x00, 0x00, 0x00, 0x00,
    0x00, 0x00, 0x00, 0x00, 0x00, 0x00, 0x00, 0x00, 0x00, 0x00, 0x00, 0x00, 0x00, 0x00, 0x00, 0x00,
    0x00, 0x00, 0x00, 0x00, 0x00, 0x00, 0x00, 0x00, 0x00, 0x00, 0x00, 0x00, 0x00, 0x00, 0x00, 0x00,
    0x00, 0x00, 0x00, 0x00, 0x00, 0x00, 0x00, 0x00, 0x00, 0x00, 0x00, 0x00, 0x00, 0x00, 0x00, 0x00,
    0x00, 0x00, 0x00, 0x00, 0x00, 0x00, 0x00, 0x00, 0x00, 0x00, 0x00, 0x00, 0x00, 0x00, 0x00, 0x00,
    0x00, 0x00, 0x00, 0x00, 0x00, 0x00, 0x00, 0x00, 0x00, 0x00, 0x00, 0x00, 0x00, 0x00, 0x00, 0x00,
    0x00, 0x00, 0x00, 0x00, 0x00, 0x00, 0x00, 0x00, 0x00, 0x00, 0x00, 0x00, 0x00, 0x00, 0x00, 0x00,
    0x00, 0x00, 0x00, 0x00, 0x00, 0x00, 0x00, 0x00, 0x00, 0x00, 0x00, 0x00, 0x00, 0x00, 0x00, 0x00,
    0x00, 0x00, 0x00, 0x00, 0x00, 0x00, 0x00, 0x00, 0x00, 0x00, 0x00, 0x00, 0x00, 0x00, 0x00, 0x00,
    0x00, 0x00, 0x00, 0x00, 0x00, 0x00, 0x00, 0x00, 0x00, 0x00, 0x00, 0x00, 0x00, 0x00, 0x00, 0x00,
    0x00, 0x00, 0x00, 0x00, 0x00, 0x00, 0x00, 0x00, 0x00, 0x00, 0x00, 0x00, 0x00, 0x00, 0x00, 0x00,
    0x00, 0x00, 0x00, 0x00, 0x00, 0x00, 0x00, 0x00, 0x00, 0x00, 0x00, 0x00, 0x00, 0x00, 0x00, 0x00,
    0x00, 0x00, 0x00, 0x00, 0x00, 0x00, 0x00, 0x00, 0x00, 0x00, 0x00, 0x00, 0x00, 0x00, 0x00, 0x00,
    0x00, 0x00, 0x00, 0x00, 0x00, 0x00, 0x00, 0x00, 0x00, 0x00, 0x00, 0x00, 0x00, 0x00, 0x00, 0x00,
    0x00, 0x00, 0x00, 0x00, 0x00, 0x00, 0x00, 0x00, 0x00, 0x00, 0x00, 0x00, 0x00, 0x00, 0x00, 0x00,
    0x00, 0x00, 0x00, 0x00, 0x00, 0x00, 0x00, 0x00, 0x00, 0x00, 0x00, 0x00, 0x00, 0x00, 0x00, 0x00,
    0x00, 0x00, 0x00, 0x00, 0x00, 0x00, 0x00, 0x00, 0x00, 0x00, 0x00, 0x00, 0x00, 0x00, 0x00, 0x00,
    0x00, 0x00, 0x00, 0x00, 0x00, 0x00, 0x00, 0x00, 0x00, 0x00, 0x00, 0x00, 0x00, 0x00, 0x00, 0x00,
    0x00, 0x00, 0x00, 0x00, 0x00, 0x00, 0x00, 0x00, 0x00, 0x00, 0x00, 0x00, 0x00, 0x00, 0x00, 0x00,
    0x00, 0x00, 0x00, 0x00, 0x00, 0x00, 0x00, 0x00, 0x00, 0x00, 0x00, 0x00, 0x00, 0x00, 0x00, 0x00,
    0x00, 0x00, 0x00, 0x00, 0x00, 0x00, 0x00, 0x00, 0x00, 0x00, 0x00, 0x00, 0x00, 0x00, 0x00, 0x00,
    0x00, 0x00, 0x00, 0x00, 0x00, 0x00, 0x00, 0x00, 0x00, 0x00, 0x00, 0x00, 0x00, 0x00, 0x00, 0x00,
    0x00, 0x00, 0x00, 0x00, 0x00, 0x00, 0x00, 0x00, 0x00, 0x00, 0x00, 0x00, 0x00, 0x00, 0x00, 0x00,
    0x00, 0x00, 0x00, 0x00, 0x00, 0x00, 0x00, 0x00, 0x00, 0x00, 0x00, 0x00, 0x00, 0x00, 0x00, 0x00,
    0x00, 0x00, 0x00, 0x00, 0x00, 0x00, 0x00, 0x00, 0x00, 0x00, 0x00, 0x00, 0x00, 0x00, 0x00, 0x00,
    0x00, 0x00, 0x00, 0x00, 0x00, 0x00, 0x00, 0x00, 0x00, 0x00, 0x00, 0x00, 0x00, 0x00, 0x00, 0x00,
    0x00, 0x00, 0x00, 0x00, 0x00, 0x00, 0x00, 0x00, 0x00, 0x00, 0x00, 0x00, 0x00, 0x00, 0x00, 0x00,
    0x00, 0x00, 0x00, 0x00, 0x00, 0x00, 0x00, 0x00, 0x00, 0x00, 0x00, 0x00, 0x00, 0x00, 0x00, 0x00,
    0x00, 0x00, 0x00, 0x00, 0x00, 0x00, 0x00, 0x00, 0x00, 0x00, 0x00, 0x00, 0x00, 0x00, 0x00, 0x00,
    0x00, 0x00, 0x00, 0x00, 0x00, 0x00, 0x00, 0x00, 0x00, 0x00, 0x00, 0x00, 0x00, 0x00, 0x00, 0x00,
    0x00, 0x00, 0x00, 0x00, 0x00, 0x00, 0x00, 0x00, 0x00, 0x00, 0x00, 0x00, 0x00, 0x00, 0x00, 0x00,
    0x00, 0x00, 0x00, 0x00, 0x00, 0x00, 0x00, 0x00, 0x00, 0x00, 0x00, 0x00, 0x00, 0x00, 0x00, 0x00,
    0x00, 0x00, 0x00, 0x00, 0x00, 0x00, 0x00, 0x00, 0x00, 0x00, 0x00, 0x00, 0x00, 0x00, 0x00, 0x00,
    0x00, 0x00, 0x00, 0x00, 0x00, 0x00, 0x00, 0x00, 0x00, 0x00, 0x00, 0x00, 0x00, 0x00, 0x00, 0x00,
    0x00, 0x00, 0x00, 0x00, 0x00, 0x00, 0x00, 0x00, 0x00, 0x00, 0x00, 0x00, 0x00, 0x00, 0x00, 0x00,
    0x00, 0x00, 0x00, 0x00, 0x00, 0x00, 0x00, 0x00, 0x00, 0x00, 0x00, 0x00, 0x00, 0x00, 0x00, 0x00,
    0x00, 0x00, 0x00, 0x00, 0x00, 0x00, 0x00, 0x00, 0x00, 0x00, 0x00, 0x00, 0x00, 0x00, 0x00, 0x00,
    0x00, 0x00, 0x00, 0x00, 0x00, 0x00, 0x00, 0x00, 0x00, 0x00, 0x00, 0x00, 0x00, 0x00, 0x00, 0x00,
    0x00, 0x00, 0x00, 0x00, 0x00, 0x00, 0x00, 0x00, 0x00, 0x00, 0x00, 0x00, 0x00, 0x00, 0x00, 0x00,
    0x00, 0x00, 0x00, 0x00, 0x00, 0x00, 0x00, 0x00, 0x00, 0x00, 0x00, 0x00, 0x00, 0x00, 0x00, 0x00,
    0x00, 0x00, 0x00, 0x00, 0x00, 0x00, 0x00, 0x00, 0x00, 0x00, 0x00, 0x00, 0x00, 0x00, 0x00, 0x00,
    0x00, 0x00, 0x00, 0x00, 0x00, 0x00, 0x00, 0x00, 0x00, 0x00, 0x00, 0x00, 0x00, 0x00, 0x00, 0x00,
    0x00, 0x00, 0x00, 0x00, 0x00, 0x00, 0x00, 0x00, 0x00, 0x00, 0x00, 0x00, 0x00, 0x00, 0x00, 0x00,
    0x00, 0x00, 0x00, 0x00, 0x00, 0x00, 0x00, 0x00, 0x00, 0x00, 0x00, 0x00, 0x00, 0x00, 0x00, 0x00,
    0x00, 0x00, 0x00, 0x00, 0x00, 0x00, 0x00, 0x00, 0x00, 0x00, 0x00, 0x00, 0x00, 0x00, 0x00, 0x00,
    0x00, 0x00, 0x00, 0x00, 0x00, 0x00, 0x00, 0x00, 0x00, 0x00, 0x00, 0x00, 0x00, 0x00, 0x00, 0x00,
    0x00, 0x00, 0x00, 0x00, 0x00, 0x00, 0x00, 0x00, 0x00, 0x00, 0x00, 0x00, 0x00, 0x00, 0x00, 0x00,
    0x00, 0x00, 0x00, 0x00, 0x00, 0x00, 0x00, 0x00, 0x00, 0x00, 0x00, 0x00, 0x00, 0x00, 0x00, 0x00,
    0x00, 0x00, 0x00, 0x00, 0x00, 0x00, 0x00, 0x00, 0x00, 0x00, 0x00, 0x00, 0x00, 0x00, 0x00, 0x00,
    0x00, 0x00, 0x00, 0x00, 0x00, 0x00, 0x00, 0x00, 0x00, 0x00, 0x00, 0x00, 0x00, 0x00, 0x00, 0x00,
    0x00, 0x00, 0x00, 0x00, 0x00, 0x00, 0x00, 0x00, 0x00, 0x00, 0x00, 0x00, 0x00, 0x00, 0x00, 0x00,
    0x00, 0x00, 0x00, 0x00, 0x00, 0x00, 0x00, 0x00, 0x00, 0x00, 0x00, 0x00, 0x00, 0x00, 0x00, 0x00,
    0x00, 0x00, 0x00, 0x00, 0x00, 0x00, 0x00, 0x00, 0x00, 0x00, 0x00, 0x00, 0x00, 0x00, 0x00, 0x00,
    0x00, 0x00, 0x00, 0x00, 0x00, 0x00, 0x00, 0x00, 0x00, 0x00, 0x00, 0x00, 0x00, 0x00, 0x00, 0x00,
    0x00, 0x00, 0x00, 0x00, 0x00, 0x00, 0x00, 0x00, 0x00, 0x00, 0x00, 0x00, 0x00, 0x00, 0x00, 0x00,
    0x00, 0x00, 0x00, 0x00, 0x00, 0x00, 0x00, 0x00, 0x00, 0x00, 0x00, 0x00, 0x00, 0x00, 0x00, 0x00,
    0x00, 0x00, 0x00, 0x00, 0x00, 0x00, 0x00, 0x00, 0x00, 0x00, 0x00, 0x00, 0x00, 0x00, 0x00, 0x00,
    0x00, 0x00, 0x00, 0x00, 0x00, 0x00, 0x00, 0x00, 0x00, 0x00, 0x00, 0x00, 0x00, 0x00, 0x00, 0x00,
    0x00, 0x00, 0x00, 0x00, 0x00, 0x00, 0x00, 0x00, 0x00, 0x00, 0x00, 0x00, 0x00, 0x00, 0x00, 0x00,
    0x00, 0x00, 0x00, 0x00, 0x00, 0x00, 0x00, 0x00, 0x00, 0x00, 0x00, 0x00, 0x00, 0x00, 0x00, 0x00,
    0x00, 0x00, 0x00, 0x00, 0x00, 0x00, 0x00, 0x00, 0x00, 0x00, 0x00, 0x00, 0x00, 0x00, 0x00, 0x00,
    0x00, 0x00, 0x00, 0x00, 0x00, 0x00, 0x00, 0x00, 0x00, 0x00, 0x00, 0x00, 0x00, 0x00, 0x00, 0x00,
    0x00, 0x00, 0x00, 0x00, 0x00, 0x00, 0x00, 0x00, 0x00, 0x00, 0x00, 0x00, 0x00, 0x00, 0x00, 0x00,
    0x00, 0x00, 0x00, 0x00, 0x00, 0x00, 0x00, 0x00, 0x00, 0x00, 0x00, 0x00, 0x00, 0x00, 0x00, 0x00,
    0x00, 0x00, 0x00, 0x00, 0x00, 0x00, 0x00, 0x00, 0x00, 0x00, 0x00, 0x00, 0x00, 0x00, 0x00, 0x00,
    0x00, 0x00, 0x00, 0x00, 0x00, 0x00, 0x00, 0x00, 0x00, 0x00, 0x00, 0x00, 0x00, 0x00, 0x00, 0x00,
    0x00, 0x00, 0x00, 0x00, 0x00, 0x00, 0x00, 0x00, 0x00, 0x00, 0x00, 0x00, 0x00, 0x00, 0x00, 0x00,
    0x00, 0x00, 0x00, 0x00, 0x00, 0x00, 0x00, 0x00, 0x00, 0x00, 0x00, 0x00, 0x00, 0x00, 0x00, 0x00,
    0x00, 0x00, 0x00, 0x00, 0x00, 0x00, 0x00, 0x00, 0x00, 0x00, 0x00, 0x00, 0x00, 0x00, 0x00, 0x00,
    0x00, 0x00, 0x00, 0x00, 0x00, 0x00, 0x00, 0x00, 0x00, 0x00, 0x00, 0x00, 0x00, 0x00, 0x00, 0x00,
    0x00, 0x00, 0x00, 0x00, 0x00, 0x00, 0x00, 0x00, 0x00, 0x00, 0x00, 0x00, 0x00, 0x00, 0x00, 0x00,
    0x00, 0x00, 0x00, 0x00, 0x00, 0x00, 0x00, 0x00, 0x00, 0x00, 0x00, 0x00, 0x00, 0x00, 0x00, 0x00,
    0x00, 0x00, 0x00, 0x00, 0x00, 0x00, 0x00, 0x00, 0x00, 0x00, 0x00, 0x00, 0x00, 0x00, 0x00, 0x00,
    0x00, 0x00, 0x00, 0x00, 0x00, 0x00, 0x00, 0x00, 0x00, 0x00, 0x00, 0x00, 0x00, 0x00, 0x00, 0x00,
    0x00, 0x00, 0x00, 0x00, 0x00, 0x00, 0x00, 0x00, 0x00, 0x00, 0x00, 0x00, 0x00, 0x00, 0x00, 0x00,
    0x00, 0x00, 0x00, 0x00, 0x00, 0x00, 0x00, 0x00, 0x00, 0x00, 0x00, 0x00, 0x00, 0x00, 0x00, 0x00,
    0x00, 0x00, 0x00, 0x00, 0x00, 0x00, 0x00, 0x00, 0x00, 0x00, 0x00, 0x00, 0x00, 0x00, 0x00, 0x00,
    0x00, 0x00, 0x00, 0x00, 0x00, 0x00, 0x00, 0x00, 0x00, 0x00, 0x00, 0x00, 0x00, 0x00, 0x00, 0x00,
    0x00, 0x00, 0x00, 0x00, 0x00, 0x00, 0x00, 0x00, 0x00, 0x00, 0x00, 0x00, 0x00, 0x00, 0x00, 0x00,
    0x00, 0x00, 0x00, 0x00, 0x00, 0x00, 0x00, 0x00, 0x00, 0x00, 0x00, 0x00, 0x00, 0x00, 0x00, 0x00,
    0x00, 0x00, 0x00, 0x00, 0x00, 0x00, 0x00, 0x00, 0x00, 0x00, 0x00, 0x00, 0x00, 0x00, 0x00, 0x00,
    0x00, 0x00, 0x00, 0x00, 0x00, 0x00, 0x00, 0x00, 0x00, 0x00, 0x00, 0x00, 0x00, 0x00, 0x00, 0x00,
    0x00, 0x00, 0x00, 0x00, 0x00, 0x00, 0x00, 0x00, 0x00, 0x00, 0x00, 0x00, 0x00, 0x00, 0x00, 0x00,
    0x00, 0x00, 0x00, 0x00, 0x00, 0x00, 0x00, 0x00, 0x00, 0x00, 0x00, 0x00, 0x00, 0x00, 0x00, 0x00,
    0x00, 0x00, 0x00, 0x00, 0x00, 0x00, 0x00, 0x00, 0x00, 0x00, 0x00, 0x00, 0x00, 0x00, 0x00, 0x00,
    0x00, 0x00, 0x00, 0x00, 0x00, 0x00, 0x00, 0x00, 0x00, 0x00, 0x00, 0x00, 0x00, 0x00, 0x00, 0x00,
    0x00, 0x00, 0x00, 0x00, 0x00, 0x00, 0x00, 0x00, 0x00, 0x00, 0x00, 0x00, 0x00, 0x00, 0x00, 0x00,
    0x00, 0x00, 0x00, 0x00, 0x00, 0x00, 0x00, 0x00, 0x00, 0x00, 0x00, 0x00, 0x00, 0x00, 0x00, 0x00,
    0x00, 0x00, 0x00, 0x00, 0x00, 0x00, 0x00, 0x00, 0x00, 0x00, 0x00, 0x00, 0x00, 0x00, 0x00, 0x00,
    0x00, 0x00, 0x00, 0x00, 0x00, 0x00, 0x00, 0x00, 0x00, 0x00, 0x00, 0x00, 0x00, 0x00, 0x00, 0x00,
    0x00, 0x00, 0x00, 0x00, 0x00, 0x00, 0x00, 0x00, 0x00, 0x00, 0x00, 0x00, 0x00, 0x00, 0x00, 0x00,
    0x00, 0x00, 0x00, 0x00, 0x00, 0x00, 0x00, 0x00, 0x00, 0x00, 0x00, 0x00, 0x00, 0x00, 0x00, 0x00,
    0x00, 0x00, 0x00, 0x00, 0x00, 0x00, 0x00, 0x00, 0x00, 0x00, 0x00, 0x00, 0x00, 0x00, 0x00, 0x00,
    0x00, 0x00, 0x00, 0x00, 0x00, 0x00, 0x00, 0x00, 0x00, 0x00, 0x00, 0x00, 0x00, 0x00, 0x00, 0x00,
    0x00, 0x00, 0x00, 0x00, 0x00, 0x00, 0x00, 0x00, 0x00, 0x00, 0x00, 0x00, 0x00, 0x00, 0x00, 0x00,
    0x00, 0x00, 0x00, 0x00, 0x00, 0x00, 0x00, 0x00, 0x00, 0x00, 0x00, 0x00, 0x00, 0x00, 0x00, 0x00,
    0x00, 0x00, 0x00, 0x00, 0x00, 0x00, 0x00, 0x00, 0x00, 0x00, 0x00, 0x00, 0x00, 0x00, 0x00, 0x00,
    0x00, 0x00, 0x00, 0x00, 0x00, 0x00, 0x00, 0x00, 0x00, 0x00, 0x00, 0x00, 0x00, 0x00, 0x00, 0x00,
    0x00, 0x00, 0x00, 0x00, 0x00, 0x00, 0x00, 0x00, 0x00, 0x00, 0x00, 0x00, 0x00, 0x00, 0x00, 0x00,
    0x00, 0x00, 0x00, 0x00, 0x00, 0x00, 0x00, 0x00, 0x00, 0x00, 0x00, 0x00, 0x00, 0x00, 0x00, 0x00,
    0x00, 0x00, 0x00, 0x00, 0x00, 0x00, 0x00, 0x00, 0x00, 0x00, 0x00, 0x00, 0x00, 0x00, 0x00, 0x00,
    0x00, 0x00, 0x00, 0x00, 0x00, 0x00, 0x00, 0x00, 0x00, 0x00, 0x00, 0x00, 0x00, 0x00, 0x00, 0x00,
    0x00, 0x00, 0x00, 0x00, 0x00, 0x00, 0x00, 0x00, 0x00, 0x00, 0x00, 0x00, 0x00, 0x00, 0x00, 0x00,
    0x00, 0x00, 0x00, 0x00, 0x00, 0x00, 0x00, 0x00, 0x00, 0x00, 0x00, 0x00, 0x00, 0x00, 0x00, 0x00,
    0x00, 0x00, 0x00, 0x00, 0x00, 0x00, 0x00, 0x00, 0x00, 0x00, 0x00, 0x00, 0x00, 0x00, 0x00, 0x00,
    0x00, 0x00, 0x00, 0x00, 0x00, 0x00, 0x00, 0x00, 0x00, 0x00, 0x00, 0x00, 0x00, 0x00, 0x00, 0x00,
    0x00, 0x00, 0x00, 0x00, 0x00, 0x00, 0x00, 0x00, 0x00, 0x00, 0x00, 0x00, 0x00, 0x00, 0x00, 0x00,
    0x00, 0x00, 0x00, 0x00, 0x00, 0x00, 0x00, 0x00, 0x00, 0x00, 0x00, 0x00, 0x00, 0x00, 0x00, 0x00,
    0x00, 0x00, 0x00, 0x00, 0x00, 0x00, 0x00, 0x00, 0x00, 0x00, 0x00, 0x00, 0x00, 0x00, 0x00, 0x00,
    0x00, 0x00, 0x00, 0x00, 0x00, 0x00, 0x00, 0x00, 0x00, 0x00, 0x00, 0x00, 0x00, 0x00, 0x00, 0x00,
    0x00, 0x00, 0x00, 0x00, 0x00, 0x00, 0x00, 0x00, 0x00, 0x00, 0x00, 0x00, 0x00, 0x00, 0x00, 0x00,
    0x00, 0x00, 0x00, 0x00, 0x00, 0x00, 0x00, 0x00, 0x00, 0x00, 0x00, 0x00, 0x00, 0x00, 0x00, 0x00,
    0x00, 0x00, 0x00, 0x00, 0x00, 0x00, 0x00, 0x00, 0x00, 0x00, 0x00, 0x00, 0x00, 0x00, 0x00, 0x00,
    0x00, 0x00, 0x00, 0x00, 0x00, 0x00, 0x00, 0x00, 0x00, 0x00, 0x00, 0x00, 0x00, 0x00, 0x00, 0x00,
    0x00, 0x00, 0x00, 0x00, 0x00, 0x00, 0x00, 0x00, 0x00, 0x00, 0x00, 0x00, 0x00, 0x00, 0x00, 0x00,
    0x00, 0x00, 0x00, 0x00, 0x00, 0x00, 0x00, 0x00, 0x00, 0x00, 0x00, 0x00, 0x00, 0x00, 0x00, 0x00,
    0x00, 0x00, 0x00, 0x00, 0x00, 0x00, 0x00, 0x00, 0x00, 0x00, 0x00, 0x00, 0x00, 0x00, 0x00, 0x00,
    0x00, 0x00, 0x00, 0x00, 0x00, 0x00, 0x00, 0x00, 0x00, 0x00, 0x00, 0x00, 0x00, 0x00, 0x00, 0x00,
    0x00, 0x00, 0x00, 0x00, 0x00, 0x00, 0x00, 0x00, 0x00, 0x00, 0x00, 0x00, 0x00, 0x00, 0x00, 0x00,
    0x00, 0x00, 0x00, 0x00, 0x00, 0x00, 0x00, 0x00, 0x00, 0x00, 0x00, 0x00, 0x00, 0x00, 0x00, 0x00,
    0x00, 0x00, 0x00, 0x00, 0x00, 0x00, 0x00, 0x00, 0x00, 0x00, 0x00, 0x00, 0x00, 0x00, 0x00, 0x00,
    0x00, 0x00, 0x00, 0x00, 0x00, 0x00, 0x00, 0x00, 0x00, 0x00, 0x00, 0x00, 0x00, 0x00, 0x00, 0x00,
    0x00, 0x00, 0x00, 0x00, 0x00, 0x00, 0x00, 0x00, 0x00, 0x00, 0x00, 0x00, 0x00, 0x00, 0x00, 0x00,
    0x00, 0x00, 0x00, 0x00, 0x00, 0x00, 0x00, 0x00, 0x00, 0x00, 0x00, 0x00, 0x00, 0x00, 0x00, 0x00,
    0x00, 0x00, 0x00, 0x00, 0x00, 0x00, 0x00, 0x00, 0x00, 0x00, 0x00, 0x00, 0x00, 0x00, 0x00, 0x00,
    0x00, 0x00, 0x00, 0x00, 0x00, 0x00, 0x00, 0x00, 0x00, 0x00, 0x00, 0x00, 0x00, 0x00, 0x00, 0x00,
    0x00, 0x00, 0x00, 0x00, 0x00, 0x00, 0x00, 0x00, 0x00, 0x00, 0x00, 0x00, 0x00, 0x00, 0x00, 0x00,
    0x00, 0x00, 0x00, 0x00, 0x00, 0x00, 0x00, 0x00, 0x00, 0x00, 0x00, 0x00, 0x00, 0x00, 0x00, 0x00,
    0x00, 0x00, 0x00, 0x00, 0x00, 0x00, 0x00, 0x00, 0x00, 0x00, 0x00, 0x00, 0x00, 0x00, 0x00, 0x00,
    0x00, 0x00, 0x00, 0x00, 0x00, 0x00, 0x00, 0x00, 0x00, 0x00, 0x00, 0x00, 0x00, 0x00, 0x00, 0x00,
    0x00, 0x00, 0x00, 0x00, 0x00, 0x00, 0x00, 0x00, 0x00, 0x00, 0x00, 0x00, 0x00, 0x00, 0x00, 0x00,
    0x00, 0x00, 0x00, 0x00, 0x00, 0x00, 0x00, 0x00, 0x00, 0x00, 0x00, 0x00, 0x00, 0x00, 0x00, 0x00,
    0x00, 0x00, 0x00, 0x00, 0x00, 0x00, 0x00, 0x00, 0x00, 0x00, 0x00, 0x00, 0x00, 0x00, 0x00, 0x00,
    0x00, 0x00, 0x00, 0x00, 0x00, 0x00, 0x00, 0x00, 0x00, 0x00, 0x00, 0x00, 0x00, 0x00, 0x00, 0x00,
    0x00, 0x00, 0x00, 0x00, 0x00, 0x00, 0x00, 0x00, 0x00, 0x00, 0x00, 0x00, 0x00, 0x00, 0x00, 0x00,
    0x00, 0x00, 0x00, 0x00, 0x00, 0x00, 0x00, 0x00, 0x00, 0x00, 0x00, 0x00, 0x00, 0x00, 0x00, 0x00,
    0x00, 0x00, 0x00, 0x00, 0x00, 0x00, 0x00, 0x00, 0x00, 0x00, 0x00, 0x00, 0x00, 0x00, 0x00, 0x00,
    0x00, 0x00, 0x00, 0x00, 0x00, 0x00, 0x00, 0x00, 0x00, 0x00, 0x00, 0x00, 0x00, 0x00, 0x00, 0x00,
    0x00, 0x00, 0x00, 0x00, 0x00, 0x00, 0x00, 0x00, 0x00, 0x00, 0x00, 0x00, 0x00, 0x00, 0x00, 0x00,
    0x00, 0x00, 0x00, 0x00, 0x00, 0x00, 0x00, 0x00, 0x00, 0x00, 0x00, 0x00, 0x00, 0x00, 0x00, 0x00,
    0x00, 0x00, 0x00, 0x00, 0x00, 0x00, 0x00, 0x00, 0x00, 0x00, 0x00, 0x00, 0x00, 0x00, 0x00, 0x00,
    0x00, 0x00, 0x00, 0x00, 0x00, 0x00, 0x00, 0x00, 0x00, 0x00, 0x00, 0x00, 0x00, 0x00, 0x00, 0x00,
    0x00, 0x00, 0x00, 0x00, 0x00, 0x00, 0x00, 0x00, 0x00, 0x00, 0x00, 0x00, 0x00, 0x00, 0x00, 0x00,
    0x00, 0x00, 0x00, 0x00, 0x00, 0x00, 0x00, 0x00, 0x00, 0x00, 0x00, 0x00, 0x00, 0x00, 0x00, 0x00,
    0x00, 0x00, 0x00, 0x00, 0x00, 0x00, 0x00, 0x00, 0x00, 0x00, 0x00, 0x00, 0x00, 0x00, 0x00, 0x00,
    0x00, 0x00, 0x00, 0x00, 0x00, 0x00, 0x00, 0x00, 0x00, 0x00, 0x00, 0x00, 0x00, 0x00, 0x00, 0x00,
    0x00, 0x00, 0x00, 0x00, 0x00, 0x00, 0x00, 0x00, 0x00, 0x00, 0x00, 0x00, 0x00, 0x00, 0x00, 0x00,
    0x00, 0x00, 0x00, 0x00, 0x00, 0x00, 0x00, 0x00, 0x00, 0x00, 0x00, 0x00, 0x00, 0x00, 0x00, 0x00,
    0x00, 0x00, 0x00, 0x00, 0x00, 0x00, 0x00, 0x00, 0x00, 0x00, 0x00, 0x00, 0x00, 0x00, 0x00, 0x00,
    0x00, 0x00, 0x00, 0x00, 0x00, 0x00, 0x00, 0x00, 0x00, 0x00, 0x00, 0x00, 0x00, 0x00, 0x00, 0x00,
    0x00, 0x00, 0x00, 0x00, 0x00, 0x00, 0x00, 0x00, 0x00, 0x00, 0x00, 0x00, 0x00, 0x00, 0x00, 0x00,
    0x00, 0x00, 0x00, 0x00, 0x00, 0x00, 0x00, 0x00, 0x00, 0x00, 0x00, 0x00, 0x00, 0x00, 0x00, 0x00,
    0x00, 0x00, 0x00, 0x00, 0x00, 0x00, 0x00, 0x00, 0x00, 0x00, 0x00, 0x00, 0x00, 0x00, 0x00, 0x00,
    0x00, 0x00, 0x00, 0x00, 0x00, 0x00, 0x00, 0x00, 0x00, 0x00, 0x00, 0x00, 0x00, 0x00, 0x00, 0x00,
    0x00, 0x00, 0x00, 0x00, 0x00, 0x00, 0x00, 0x00, 0x00, 0x00, 0x00, 0x00, 0x00, 0x00, 0x00, 0x00,
    0x00, 0x00, 0x00, 0x00, 0x00, 0x00, 0x00, 0x00, 0x00, 0x00, 0x00, 0x00, 0x00, 0x00, 0x00, 0x00,
    0x00, 0x00, 0x00, 0x00, 0x00, 0x00, 0x00, 0x00, 0x00, 0x00, 0x00, 0x00, 0x00, 0x00, 0x00, 0x00,
    0x00, 0x00, 0x00, 0x00, 0x00, 0x00, 0x00, 0x00, 0x00, 0x00, 0x00, 0x00, 0x00, 0x00, 0x00, 0x00,
    0x00, 0x00, 0x00, 0x00, 0x00, 0x00, 0x00, 0x00, 0x00, 0x00, 0x00, 0x00, 0x00, 0x00, 0x00, 0x00,
    0x00, 0x00, 0x00, 0x00, 0x00, 0x00, 0x00, 0x00, 0x00, 0x00, 0x00, 0x00, 0x00, 0x00, 0x00, 0x00,
    0x00, 0x00, 0x00, 0x00, 0x00, 0x00, 0x00, 0x00, 0x00, 0x00, 0x00, 0x00, 0x00, 0x00, 0x00, 0x00,
    0x00, 0x00, 0x00, 0x00, 0x00, 0x00, 0x00, 0x00, 0x00, 0x00, 0x00, 0x00, 0x00, 0x00, 0x00, 0x00,
    0x00, 0x00, 0x00, 0x00, 0x00, 0x00, 0x00, 0x00, 0x00, 0x00, 0x00, 0x00, 0x00, 0x00, 0x00, 0x00,
    0x00, 0x00, 0x00, 0x00, 0x00, 0x00, 0x00, 0x00, 0x00, 0x00, 0x00, 0x00, 0x00, 0x00, 0x00, 0x00,
    0x00, 0x00, 0x00, 0x00, 0x00, 0x00, 0x00, 0x00, 0x00, 0x00, 0x00, 0x00, 0x00, 0x00, 0x00, 0x00,
    0x00, 0x00, 0x00, 0x00, 0x00, 0x00, 0x00, 0x00, 0x00, 0x00, 0x00, 0x00, 0x00, 0x00, 0x00, 0x00,
    0x00, 0x00, 0x00, 0x00, 0x00, 0x00, 0x00, 0x00, 0x00, 0x00, 0x00, 0x00, 0x00, 0x00, 0x00, 0x00,
    0x00, 0x00, 0x00, 0x00, 0x00, 0x00, 0x00, 0x00, 0x00, 0x00, 0x00, 0x00, 0x00, 0x00, 0x00, 0x00,
    0x00, 0x00, 0x00, 0x00, 0x00, 0x00, 0x00, 0x00, 0x00, 0x00, 0x00, 0x00, 0x00, 0x00, 0x00, 0x00,
    0x00, 0x00, 0x00, 0x00, 0x00, 0x00, 0x00, 0x00, 0x00, 0x00, 0x00, 0x00, 0x00, 0x00, 0x00, 0x00,
    0x00, 0x00, 0x00, 0x00, 0x00, 0x00, 0x00, 0x00, 0x00, 0x00, 0x00, 0x00, 0x00, 0x00, 0x00, 0x00,
    0x00, 0x00, 0x00, 0x00, 0x00, 0x00, 0x00, 0x00, 0x00, 0x00, 0x00, 0x00, 0x00, 0x00, 0x00, 0x00,
    0x00, 0x00, 0x00, 0x00, 0x00, 0x00, 0x00, 0x00, 0x00, 0x00, 0x00, 0x00, 0x00, 0x00, 0x00, 0x00,
    0x00, 0x00, 0x00, 0x00, 0x00, 0x00, 0x00, 0x00, 0x00, 0x00, 0x00, 0x00, 0x00, 0x00, 0x00, 0x00,
    0x00, 0x00, 0x00, 0x00, 0x00, 0x00, 0x00, 0x00, 0x00, 0x00, 0x00, 0x00, 0x00, 0x00, 0x00, 0x00,
    0x00, 0x00, 0x00, 0x00, 0x00, 0x00, 0x00, 0x00, 0x00, 0x00, 0x00, 0x00, 0x00, 0x00, 0x00, 0x00,
    0x00, 0x00, 0x00, 0x00, 0x00, 0x00, 0x00, 0x00, 0x00, 0x00, 0x00, 0x00, 0x00, 0x00, 0x00, 0x00,
    0x00, 0x00, 0x00, 0x00, 0x00, 0x00, 0x00, 0x00, 0x00, 0x00, 0x00, 0x00, 0x00, 0x00, 0x00, 0x00,
    0x00, 0x00, 0x00, 0x00, 0x00, 0x00, 0x00, 0x00, 0x00, 0x00, 0x00, 0x00, 0x00, 0x00, 0x00, 0x00,
    0x00, 0x00, 0x00, 0x00, 0x00, 0x00, 0x00, 0x00, 0x00, 0x00, 0x00, 0x00, 0x00, 0x00, 0x00, 0x00,
    0x00, 0x00, 0x00, 0x00, 0x00, 0x00, 0x00, 0x00, 0x00, 0x00, 0x00, 0x00, 0x00, 0x00, 0x00, 0x00,
    0x00, 0x00, 0x00, 0x00, 0x00, 0x00, 0x00, 0x00, 0x00, 0x00, 0x00, 0x00, 0x00, 0x00, 0x00, 0x00,
    0x00, 0x00, 0x00, 0x00, 0x00, 0x00, 0x00, 0x00, 0x00, 0x00, 0x00, 0x00, 0x00, 0x00, 0x00, 0x00,
    0x00, 0x00, 0x00, 0x00, 0x00, 0x00, 0x00, 0x00, 0x00, 0x00, 0x00, 0x00, 0x00, 0x00, 0x00, 0x00,
    0x00, 0x00, 0x00, 0x00, 0x00, 0x00, 0x00, 0x00, 0x00, 0x00, 0x00, 0x00, 0x00, 0x00, 0x00, 0x00,
    0x00, 0x00, 0x00, 0x00, 0x00, 0x00, 0x00, 0x00, 0x00, 0x00, 0x00, 0x00, 0x00, 0x00, 0x00, 0x00,
    0x00, 0x00, 0x00, 0x00, 0x00, 0x00, 0x00, 0x00, 0x00, 0x00, 0x00, 0x00, 0x00, 0x00, 0x00, 0x00,
    0x00, 0x00, 0x00, 0x00, 0x00, 0x00, 0x00, 0x00, 0x00, 0x00, 0x00, 0x00, 0x00, 0x00, 0x00, 0x00,
    0x00, 0x00, 0x00, 0x00, 0x00, 0x00, 0x00, 0x00, 0x00, 0x00, 0x00, 0x00, 0x00, 0x00, 0x00, 0x00,
    0x00, 0x00, 0x00, 0x00, 0x00, 0x00, 0x00, 0x00, 0x00, 0x00, 0x00, 0x00, 0x00, 0x00, 0x00, 0x00,
    0x00, 0x00, 0x00, 0x00, 0x00, 0x00, 0x00, 0x00, 0x00, 0x00, 0x00, 0x00, 0x00, 0x00, 0x00, 0x00,
    0x00, 0x00, 0x00, 0x00, 0x00, 0x00, 0x00, 0x00, 0x00, 0x00, 0x00, 0x00, 0x00, 0x00, 0x00, 0x00,
    0x00, 0x00, 0x00, 0x00, 0x00, 0x00, 0x00, 0x00, 0x00, 0x00, 0x00, 0x00, 0x00, 0x00, 0x00, 0x00,
    0x00, 0x00, 0x00, 0x00, 0x00, 0x00, 0x00, 0x00, 0x00, 0x00, 0x00, 0x00, 0x00, 0x00, 0x00, 0x00,
    0x00, 0x00, 0x00, 0x00, 0x00, 0x00, 0x00, 0x00, 0x00, 0x00, 0x00, 0x00, 0x00, 0x00, 0x00, 0x00,
    0x00, 0x00, 0x00, 0x00, 0x00, 0x00, 0x00, 0x00, 0x00, 0x00, 0x00, 0x00, 0x00, 0x00, 0x00, 0x00,
    0x00, 0x00, 0x00, 0x00, 0x00, 0x00, 0x00, 0x00, 0x00, 0x00, 0x00, 0x00, 0x00, 0x00, 0x00, 0x00,
    0x00, 0x00, 0x00, 0x00, 0x00, 0x00, 0x00, 0x00, 0x00, 0x00, 0x00, 0x00, 0x00, 0x00, 0x00, 0x00,
    0x00, 0x00, 0x00, 0x00, 0x00, 0x00, 0x00, 0x00, 0x00, 0x00, 0x00, 0x00, 0x00, 0x00, 0x00, 0x00,
    0x00, 0x00, 0x00, 0x00, 0x00, 0x00, 0x00, 0x00, 0x00, 0x00, 0x00, 0x00, 0x00, 0x00, 0x00, 0x00,
    0x00, 0x00, 0x00, 0x00, 0x00, 0x00, 0x00, 0x00, 0x00, 0x00, 0x00, 0x00, 0x00, 0x00, 0x00, 0x00,
    0x00, 0x00, 0x00, 0x00, 0x00, 0x00, 0x00, 0x00, 0x00, 0x00, 0x00, 0x00, 0x00, 0x00, 0x00, 0x00,
    0x00, 0x00, 0x00, 0x00, 0x00, 0x00, 0x00, 0x00, 0x00, 0x00, 0x00, 0x00, 0x00, 0x00, 0x00, 0x00,
    0x00, 0x00, 0x00, 0x00, 0x00, 0x00, 0x00, 0x00, 0x00, 0x00, 0x00, 0x00, 0x00, 0x00, 0x00, 0x00,
    0x00, 0x00, 0x00, 0x00, 0x00, 0x00, 0x00, 0x00, 0x00, 0x00, 0x00, 0x00, 0x00, 0x00, 0x00, 0x00,
    0x00, 0x00, 0x00, 0x00, 0x00, 0x00, 0x00, 0x00, 0x00, 0x00, 0x00, 0x00, 0x00, 0x00, 0x00, 0x00,
    0x00, 0x00, 0x00, 0x00, 0x00, 0x00, 0x00, 0x00, 0x00, 0x00, 0x00, 0x00, 0x00, 0x00, 0x00, 0x00,
    0x00, 0x00, 0x00, 0x00, 0x00, 0x00, 0x00, 0x00, 0x00, 0x00, 0x00, 0x00, 0x00, 0x00, 0x00, 0x00,
    0x00, 0x00, 0x00, 0x00, 0x00, 0x00, 0x00, 0x00, 0x00, 0x00, 0x00, 0x00, 0x00, 0x00, 0x00, 0x00,
    0x00, 0x00, 0x00, 0x00, 0x00, 0x00, 0x00, 0x00, 0x00, 0x00, 0x00, 0x00, 0x00, 0x00, 0x00, 0x00,
    0x00, 0x00, 0x00, 0x00, 0x00, 0x00, 0x00, 0x00, 0x00, 0x00, 0x00, 0x00, 0x00, 0x00, 0x00, 0x00,
    0x00, 0x00, 0x00, 0x00, 0x00, 0x00, 0x00, 0x00, 0x00, 0x00, 0x00, 0x00, 0x00, 0x00, 0x00, 0x00,
    0x00, 0x00, 0x00, 0x00, 0x00, 0x00, 0x00, 0x00, 0x00, 0x00, 0x00, 0x00, 0x00, 0x00, 0x00, 0x00,
    0x00, 0x00, 0x00, 0x00, 0x00, 0x00, 0x00, 0x00, 0x00, 0x00, 0x00, 0x00, 0x00, 0x00, 0x00, 0x00,
    0x00, 0x00, 0x00, 0x00, 0x00, 0x00, 0x00, 0x00, 0x00, 0x00, 0x00, 0x00, 0x00, 0x00, 0x00, 0x00,
    0x00, 0x00, 0x00, 0x00, 0x00, 0x00, 0x00, 0x00, 0x00, 0x00, 0x00, 0x00, 0x00, 0x00, 0x00, 0x00,
    0x00, 0x00, 0x00, 0x00, 0x00, 0x00, 0x00, 0x00, 0x00, 0x00, 0x00, 0x00, 0x00, 0x00, 0x00, 0x00,
    0x00, 0x00, 0x00, 0x00, 0x00, 0x00, 0x00, 0x00, 0x00, 0x00, 0x00, 0x00, 0x00, 0x00, 0x00, 0x00,
    0x00, 0x00, 0x00, 0x00, 0x00, 0x00, 0x00, 0x00, 0x00, 0x00, 0x00, 0x00, 0x00, 0x00, 0x00, 0x00,
    0x00, 0x00, 0x00, 0x00, 0x00, 0x00, 0x00, 0x00, 0x00, 0x00, 0x00, 0x00, 0x00, 0x00, 0x00, 0x00,
    0x00, 0x00, 0x00, 0x00, 0x00, 0x00, 0x00, 0x00, 0x00, 0x00, 0x00, 0x00, 0x00, 0x00, 0x00, 0x00,
    0x00, 0x00, 0x00, 0x00, 0x00, 0x00, 0x00, 0x00, 0x00, 0x00, 0x00, 0x00, 0x00, 0x00, 0x00, 0x00,
    0x00, 0x00, 0x00, 0x00, 0x00, 0x00, 0x00, 0x00, 0x00, 0x00, 0x00, 0x00, 0x00, 0x00, 0x00, 0x00,
    0x00, 0x00, 0x00, 0x00, 0x00, 0x00, 0x00, 0x00, 0x00, 0x00, 0x00, 0x00, 0x00, 0x00, 0x00, 0x00,
    0x00, 0x00, 0x00, 0x00, 0x00, 0x00, 0x00, 0x00, 0x00, 0x00, 0x00, 0x00, 0x00, 0x00, 0x00, 0x00,
    0x00, 0x00, 0x00, 0x00, 0x00, 0x00, 0x00, 0x00, 0x00, 0x00, 0x00, 0x00, 0x00, 0x00, 0x00, 0x00,
    0x00, 0x00, 0x00, 0x00, 0x00, 0x00, 0x00, 0x00, 0x00, 0x00, 0x00, 0x00, 0x00, 0x00, 0x00, 0x00,
    0x00, 0x00, 0x00, 0x00, 0x00, 0x00, 0x00, 0x00, 0x00, 0x00, 0x00, 0x00, 0x00, 0x00, 0x00, 0x00,
    0x00, 0x00, 0x00, 0x00, 0x00, 0x00, 0x00, 0x00, 0x00, 0x00, 0x00, 0x00, 0x00, 0x00, 0x00, 0x00,
    0x00, 0x00, 0x00, 0x00, 0x00, 0x00, 0x00, 0x00, 0x00, 0x00, 0x00, 0x00, 0x00, 0x00, 0x00, 0x00,
    0x00, 0x00, 0x00, 0x00, 0x00, 0x00, 0x00, 0x00, 0x00, 0x00, 0x00, 0x00, 0x00, 0x00, 0x00, 0x00,
    0x00, 0x00, 0x00, 0x00, 0x00, 0x00, 0x00, 0x00, 0x00, 0x00, 0x00, 0x00, 0x00, 0x00, 0x00, 0x00,
    0x00, 0x00, 0x00, 0x00, 0x00, 0x00, 0x00, 0x00, 0x00, 0x00, 0x00, 0x00, 0x00, 0x00, 0x00, 0x00,
    0x00, 0x00, 0x00, 0x00, 0x00, 0x00, 0x00, 0x00, 0x00, 0x00, 0x00, 0x00, 0x00, 0x00, 0x00, 0x00,
    0x00, 0x00, 0x00, 0x00, 0x00, 0x00, 0x00, 0x00, 0x00, 0x00, 0x00, 0x00, 0x00, 0x00, 0x00, 0x00,
    0x00, 0x00, 0x00, 0x00, 0x00, 0x00, 0x00, 0x00, 0x00, 0x00, 0x00, 0x00, 0x00, 0x00, 0x00, 0x00,
    0x00, 0x00, 0x00, 0x00, 0x00, 0x00, 0x00, 0x00, 0x00, 0x00, 0x00, 0x00, 0x00, 0x00, 0x00, 0x00,
    0x00, 0x00, 0x00, 0x00, 0x00, 0x00, 0x00, 0x00, 0x00, 0x00, 0x00, 0x00, 0x00, 0x00, 0x00, 0x00,
    0x00, 0x00, 0x00, 0x00, 0x00, 0x00, 0x00, 0x00, 0x00, 0x00, 0x00, 0x00, 0x00, 0x00, 0x00, 0x00,
    0x00, 0x00, 0x00, 0x00, 0x00, 0x00, 0x00, 0x00, 0x00, 0x00, 0x00, 0x00, 0x00, 0x00, 0x00, 0x00,
    0x00, 0x00, 0x00, 0x00, 0x00, 0x00, 0x00, 0x00, 0x00, 0x00, 0x00, 0x00, 0x00, 0x00, 0x00, 0x00,
    0x00, 0x00, 0x00, 0x00, 0x00, 0x00, 0x00, 0x00, 0x00, 0x00, 0x00, 0x00, 0x00, 0x00, 0x00, 0x00,
    0x00, 0x00, 0x00, 0x00, 0x00, 0x00, 0x00, 0x00, 0x00, 0x00, 0x00, 0x00, 0x00, 0x00, 0x00, 0x00,
    0x00, 0x00, 0x00, 0x00, 0x00, 0x00, 0x00, 0x00, 0x00, 0x00, 0x00, 0x00, 0x00, 0x00, 0x00, 0x00,
    0x00, 0x00, 0x00, 0x00, 0x00, 0x00, 0x00, 0x00, 0x00, 0x00, 0x00, 0x00, 0x00, 0x00, 0x00, 0x00,
    0x00, 0x00, 0x00, 0x00, 0x00, 0x00, 0x00, 0x00, 0x00, 0x00, 0x00, 0x00, 0x00, 0x00, 0x00, 0x00,
    0x00, 0x00, 0x00, 0x00, 0x00, 0x00, 0x00, 0x00, 0x00, 0x00, 0x00, 0x00, 0x00, 0x00, 0x00, 0x00,
    0x00, 0x00, 0x00, 0x00, 0x00, 0x00, 0x00, 0x00, 0x00, 0x00, 0x00, 0x00, 0x00, 0x00, 0x00, 0x00,
    0x00, 0x00, 0x00, 0x00, 0x00, 0x00, 0x00, 0x00, 0x00, 0x00, 0x00, 0x00, 0x00, 0x00, 0x00, 0x00,
    0x00, 0x00, 0x00, 0x00, 0x00, 0x00, 0x00, 0x00, 0x00, 0x00, 0x00, 0x00, 0x00, 0x00, 0x00, 0x00,
    0x00, 0x00, 0x00, 0x00, 0x00, 0x00, 0x00, 0x00, 0x00, 0x00, 0x00, 0x00, 0x00, 0x00, 0x00, 0x00,
    0x00, 0x00, 0x00, 0x00, 0x00, 0x00, 0x00, 0x00, 0x00, 0x00, 0x00, 0x00, 0x00, 0x00, 0x00, 0x00,
    0x00, 0x00, 0x00, 0x00, 0x00, 0x00, 0x00, 0x00, 0x00, 0x00, 0x00, 0x00, 0x00, 0x00, 0x00, 0x00,
    0x00, 0x00, 0x00, 0x00, 0x00, 0x00, 0x00, 0x00, 0x00, 0x00, 0x00, 0x00, 0x00, 0x00, 0x00, 0x00,
    0x00, 0x00, 0x00, 0x00, 0x00, 0x00, 0x00, 0x00, 0x00, 0x00, 0x00, 0x00, 0x00, 0x00, 0x00, 0x00,
    0x00, 0x00, 0x00, 0x00, 0x00, 0x00, 0x00, 0x00, 0x00, 0x00, 0x00, 0x00, 0x00, 0x00, 0x00, 0x00,
    0x00, 0x00, 0x00, 0x00, 0x00, 0x00, 0x00, 0x00, 0x00, 0x00, 0x00, 0x00, 0x00, 0x00, 0x00, 0x00,
    0x00, 0x00, 0x00, 0x00, 0x00, 0x00, 0x00, 0x00, 0x00, 0x00, 0x00, 0x00, 0x00, 0x00, 0x00, 0x00,
    0x00, 0x00, 0x00, 0x00, 0x00, 0x00, 0x00, 0x00, 0x00, 0x00, 0x00, 0x00, 0x00, 0x00, 0x00, 0x00,
    0x00, 0x00, 0x00, 0x00, 0x00, 0x00, 0x00, 0x00, 0x00, 0x00, 0x00, 0x00, 0x00, 0x00, 0x00, 0x00,
    0x00, 0x00, 0x00, 0x00, 0x00, 0x00, 0x00, 0x00, 0x00, 0x00, 0x00, 0x00, 0x00, 0x00, 0x00, 0x00,
    0x00, 0x00, 0x00, 0x00, 0x00, 0x00, 0x00, 0x00, 0x00, 0x00, 0x00, 0x00, 0x00, 0x00, 0x00, 0x00,
    0x00, 0x00, 0x00, 0x00, 0x00, 0x00, 0x00, 0x00, 0x00, 0x00, 0x00, 0x00, 0x00, 0x00, 0x00, 0x00,
    0x00, 0x00, 0x00, 0x00, 0x00, 0x00, 0x00, 0x00, 0x00, 0x00, 0x00, 0x00, 0x00, 0x00, 0x00, 0x00,
    0x00, 0x00, 0x00, 0x00, 0x00, 0x00, 0x00, 0x00, 0x00, 0x00, 0x00, 0x00, 0x00, 0x00, 0x00, 0x00,
    0x00, 0x00, 0x00, 0x00, 0x00, 0x00, 0x00, 0x00, 0x00, 0x00, 0x00, 0x00, 0x00, 0x00, 0x00, 0x00,
    0x00, 0x00, 0x00, 0x00, 0x00, 0x00, 0x00, 0x00, 0x00, 0x00, 0x00, 0x00, 0x00, 0x00, 0x00, 0x00,
    0x00, 0x00, 0x00, 0x00, 0x00, 0x00, 0x00, 0x00, 0x00, 0x00, 0x00, 0x00, 0x00, 0x00, 0x00, 0x00,
    0x00, 0x00, 0x00, 0x00, 0x00, 0x00, 0x00, 0x00, 0x00, 0x00, 0x00, 0x00, 0x00, 0x00, 0x00, 0x00,
    0x00, 0x00, 0x00, 0x00, 0x00, 0x00, 0x00, 0x00, 0x00, 0x00, 0x00, 0x00, 0x00, 0x00, 0x00, 0x00,
    0x00, 0x00, 0x00, 0x00, 0x00, 0x00, 0x00, 0x00, 0x00, 0x00, 0x00, 0x00, 0x00, 0x00, 0x00, 0x00,
    0x00, 0x00, 0x00, 0x00, 0x00, 0x00, 0x00, 0x00, 0x00, 0x00, 0x00, 0x00, 0x00, 0x00, 0x00, 0x00,
    0x00, 0x00, 0x00, 0x00, 0x00, 0x00, 0x00, 0x00, 0x00, 0x00, 0x00, 0x00, 0x00, 0x00, 0x00, 0x00,
    0x00, 0x00, 0x00, 0x00, 0x00, 0x00, 0x00, 0x00, 0x00, 0x00, 0x00, 0x00, 0x00, 0x00, 0x00, 0x00,
    0x00, 0x00, 0x00, 0x00, 0x00, 0x00, 0x00, 0x00, 0x00, 0x00, 0x00, 0x00, 0x00, 0x00, 0x00, 0x00,
    0x00, 0x00, 0x00, 0x00, 0x00, 0x00, 0x00, 0x00, 0x00, 0x00, 0x00, 0x00, 0x00, 0x00, 0x00, 0x00,
    0x00, 0x00, 0x00, 0x00, 0x00, 0x00, 0x00, 0x00, 0x00, 0x00, 0x00, 0x00, 0x00, 0x00, 0x00, 0x00,
    0x00, 0x00, 0x00, 0x00, 0x00, 0x00, 0x00, 0x00, 0x00, 0x00, 0x00, 0x00, 0x00, 0x00, 0x00, 0x00,
    0x00, 0x00, 0x00, 0x00, 0x00, 0x00, 0x00, 0x00, 0x00, 0x00, 0x00, 0x00, 0x00, 0x00, 0x00, 0x00,
    0x00, 0x00, 0x00, 0x00, 0x00, 0x00, 0x00, 0x00, 0x00, 0x00, 0x00, 0x00, 0x00, 0x00, 0x00, 0x00,
    0x00, 0x00, 0x00, 0x00, 0x00, 0x00, 0x00, 0x00, 0x00, 0x00, 0x00, 0x00, 0x00, 0x00, 0x00, 0x00,
    0x00, 0x00, 0x00, 0x00, 0x00, 0x00, 0x00, 0x00, 0x00, 0x00, 0x00, 0x00, 0x00, 0x00, 0x00, 0x00,
    0x00, 0x00, 0x00, 0x00, 0x00, 0x00, 0x00, 0x00, 0x00, 0x00, 0x00, 0x00, 0x00, 0x00, 0x00, 0x00,
    0x00, 0x00, 0x00, 0x00, 0x00, 0x00, 0x00, 0x00, 0x00, 0x00, 0x00, 0x00, 0x00, 0x00, 0x00, 0x00,
    0x00, 0x00, 0x00, 0x00, 0x00, 0x00, 0x00, 0x00, 0x00, 0x00, 0x00, 0x00, 0x00, 0x00, 0x00, 0x00,
    0x00, 0x00, 0x00, 0x00, 0x00, 0x00, 0x00, 0x00, 0x00, 0x00, 0x00, 0x00, 0x00, 0x00, 0x00, 0x00,
    0x00, 0x00, 0x00, 0x00, 0x00, 0x00, 0x00, 0x00, 0x00, 0x00, 0x00, 0x00, 0x00, 0x00, 0x00, 0x00,
    0x00, 0x00, 0x00, 0x00, 0x00, 0x00, 0x00, 0x00, 0x00, 0x00, 0x00, 0x00, 0x00, 0x00, 0x00, 0x00,
    0x00, 0x00, 0x00, 0x00, 0x00, 0x00, 0x00, 0x00, 0x00, 0x00, 0x00, 0x00, 0x00, 0x00, 0x00, 0x00,
    0x00, 0x00, 0x00, 0x00, 0x00, 0x00, 0x00, 0x00, 0x00, 0x00, 0x00, 0x00, 0x00, 0x00, 0x00, 0x00,
    0x00, 0x00, 0x00, 0x00, 0x00, 0x00, 0x00, 0x00, 0x00, 0x00, 0x00, 0x00, 0x00, 0x00, 0x00, 0x00,
    0x00, 0x00, 0x00, 0x00, 0x00, 0x00, 0x00, 0x00, 0x00, 0x00, 0x00, 0x00, 0x00, 0x00, 0x00, 0x00,
    0x00, 0x00, 0x00, 0x00, 0x00, 0x00, 0x00, 0x00, 0x00, 0x00, 0x00, 0x00, 0x00, 0x00, 0x00, 0x00,
    0x00, 0x00, 0x00, 0x00, 0x00, 0x00, 0x00, 0x00, 0x00, 0x00, 0x00, 0x00, 0x00, 0x00, 0x00, 0x00,
    0x00, 0x00, 0x00, 0x00, 0x00, 0x00, 0x00, 0x00, 0x00, 0x00, 0x00, 0x00, 0x00, 0x00, 0x00, 0x00,
    0x00, 0x00, 0x00, 0x00, 0x00, 0x00, 0x00, 0x00, 0x00, 0x00, 0x00, 0x00, 0x00, 0x00, 0x00, 0x00,
    0x00, 0x00, 0x00, 0x00, 0x00, 0x00, 0x00, 0x00, 0x00, 0x00, 0x00, 0x00, 0x00, 0x00, 0x00, 0x00,
    0x00, 0x00, 0x00, 0x00, 0x00, 0x00, 0x00, 0x00, 0x00, 0x00, 0x00, 0x00, 0x00, 0x00, 0x00, 0x00,
    0x00, 0x00, 0x00, 0x00, 0x00, 0x00, 0x00, 0x00, 0x00, 0x00, 0x00, 0x00, 0x00, 0x00, 0x00, 0x00,
    0x00, 0x00, 0x00, 0x00, 0x00, 0x00, 0x00, 0x00, 0x00, 0x00, 0x00, 0x00, 0x00, 0x00, 0x00, 0x00,
    0x00, 0x00, 0x00, 0x00, 0x00, 0x00, 0x00, 0x00, 0x00, 0x00, 0x00, 0x00, 0x00, 0x00, 0x00, 0x00,
    0x00, 0x00, 0x00, 0x00, 0x00, 0x00, 0x00, 0x00, 0x00, 0x00, 0x00, 0x00, 0x00, 0x00, 0x00, 0x00,
    0x00, 0x00, 0x00, 0x00, 0x00, 0x00, 0x00, 0x00, 0x00, 0x00, 0x00, 0x00, 0x00, 0x00, 0x00, 0x00,
    0x00, 0x00, 0x00, 0x00, 0x00, 0x00, 0x00, 0x00, 0x00, 0x00, 0x00, 0x00, 0x00, 0x00, 0x00, 0x00,
    0x00, 0x00, 0x00, 0x00, 0x00, 0x00, 0x00, 0x00, 0x00, 0x00, 0x00, 0x00, 0x00, 0x00, 0x00, 0x00,
    0x00, 0x00, 0x00, 0x00, 0x00, 0x00, 0x00, 0x00, 0x00, 0x00, 0x00, 0x00, 0x00, 0x00, 0x00, 0x00,
    0x00, 0x00, 0x00, 0x00, 0x00, 0x00, 0x00, 0x00, 0x00, 0x00, 0x00, 0x00, 0x00, 0x00, 0x00, 0x00,
    0x00, 0x00, 0x00, 0x00, 0x00, 0x00, 0x00, 0x00, 0x00, 0x00, 0x00, 0x00, 0x00, 0x00, 0x00, 0x00,
    0x00, 0x00, 0x00, 0x00, 0x00, 0x00, 0x00, 0x00, 0x00, 0x00, 0x00, 0x00, 0x00, 0x00, 0x00, 0x00,
    0x00, 0x00, 0x00, 0x00, 0x00, 0x00, 0x00, 0x00, 0x00, 0x00, 0x00, 0x00, 0x00, 0x00, 0x00, 0x00,
    0x00, 0x00, 0x00, 0x00, 0x00, 0x00, 0x00, 0x00, 0x00, 0x00, 0x00, 0x00, 0x00, 0x00, 0x00, 0x00,
    0x00, 0x00, 0x00, 0x00, 0x00, 0x00, 0x00, 0x00, 0x00, 0x00, 0x00, 0x00, 0x00, 0x00, 0x00, 0x00,
    0x00, 0x00, 0x00, 0x00, 0x00, 0x00, 0x00, 0x00, 0x00, 0x00, 0x00, 0x00, 0x00, 0x00, 0x00, 0x00,
    0x00, 0x00, 0x00, 0x00, 0x00, 0x00, 0x00, 0x00, 0x00, 0x00, 0x00, 0x00, 0x00, 0x00, 0x00, 0x00,
    0x00, 0x00, 0x00, 0x00, 0x00, 0x00, 0x00, 0x00, 0x00, 0x00, 0x00, 0x00, 0x00, 0x00, 0x00, 0x00,
    0x00, 0x00, 0x00, 0x00, 0x00, 0x00, 0x00, 0x00, 0x00, 0x00, 0x00, 0x00, 0x00, 0x00, 0x00, 0x00,
    0x00, 0x00, 0x00, 0x00, 0x00, 0x00, 0x00, 0x00, 0x00, 0x00, 0x00, 0x00, 0x00, 0x00, 0x00, 0x00,
    0x00, 0x00, 0x00, 0x00, 0x00, 0x00, 0x00, 0x00, 0x00, 0x00, 0x00, 0x00, 0x00, 0x00, 0x00, 0x00,
    0x00, 0x00, 0x00, 0x00, 0x00, 0x00, 0x00, 0x00, 0x00, 0x00, 0x00, 0x00, 0x00, 0x00, 0x00, 0x00,
    0x00, 0x00, 0x00, 0x00, 0x00, 0x00, 0x00, 0x00, 0x00, 0x00, 0x00, 0x00, 0x00, 0x00, 0x00, 0x00,
    0x00, 0x00, 0x00, 0x00, 0x00, 0x00, 0x00, 0x00, 0x00, 0x00, 0x00, 0x00, 0x00, 0x00, 0x00, 0x00,
    0x00, 0x00, 0x00, 0x00, 0x00, 0x00, 0x00, 0x00, 0x00, 0x00, 0x00, 0x00, 0x00, 0x00, 0x00, 0x00,
    0x00, 0x00, 0x00, 0x00, 0x00, 0x00, 0x00, 0x00, 0x00, 0x00, 0x00, 0x00, 0x00, 0x00, 0x00, 0x00,
    0x00, 0x00, 0x00, 0x00, 0x00, 0x00, 0x00, 0x00, 0x00, 0x00, 0x00, 0x00, 0x00, 0x00, 0x00, 0x00,
    0x00, 0x00, 0x00, 0x00, 0x00, 0x00, 0x00, 0x00, 0x00, 0x00, 0x00, 0x00, 0x00, 0x00, 0x00, 0x00,
    0x00, 0x00, 0x00, 0x00, 0x00, 0x00, 0x00, 0x00, 0x00, 0x00, 0x00, 0x00, 0x00, 0x00, 0x00, 0x00,
    0x00, 0x00, 0x00, 0x00, 0x00, 0x00, 0x00, 0x00, 0x00, 0x00, 0x00, 0x00, 0x00, 0x00, 0x00, 0x00,
    0x00, 0x00, 0x00, 0x00, 0x00, 0x00, 0x00, 0x00, 0x00, 0x00, 0x00, 0x00, 0x00, 0x00, 0x00, 0x00,
    0x00, 0x00, 0x00, 0x00, 0x00, 0x00, 0x00, 0x00, 0x00, 0x00, 0x00, 0x00, 0x00, 0x00, 0x00, 0x00,
    0x00, 0x00, 0x00, 0x00, 0x00, 0x00, 0x00, 0x00, 0x00, 0x00, 0x00, 0x00, 0x00, 0x00, 0x00, 0x00,
    0x00, 0x00, 0x00, 0x00, 0x00, 0x00, 0x00, 0x00, 0x00, 0x00, 0x00, 0x00, 0x00, 0x00, 0x00, 0x00,
    0x00, 0x00, 0x00, 0x00, 0x00, 0x00, 0x00, 0x00, 0x00, 0x00, 0x00, 0x00, 0x00, 0x00, 0x00, 0x00,
    0x00, 0x00, 0x00, 0x00, 0x00, 0x00, 0x00, 0x00, 0x00, 0x00, 0x00, 0x00, 0x00, 0x00, 0x00, 0x00,
    0x00, 0x00, 0x00, 0x00, 0x00, 0x00, 0x00, 0x00, 0x00, 0x00, 0x00, 0x00, 0x00, 0x00, 0x00, 0x00,
    0x00, 0x00, 0x00, 0x00, 0x00, 0x00, 0x00, 0x00, 0x00, 0x00, 0x00, 0x00, 0x00, 0x00, 0x00, 0x00,
    0x00, 0x00, 0x00, 0x00, 0x00, 0x00, 0x00, 0x00, 0x00, 0x00, 0x00, 0x00, 0x00, 0x00, 0x00, 0x00,
    0x00, 0x00, 0x00, 0x00, 0x00, 0x00, 0x00, 0x00, 0x00, 0x00, 0x00, 0x00, 0x00, 0x00, 0x00, 0x00,
    0x00, 0x00, 0x00, 0x00, 0x00, 0x00, 0x00, 0x00, 0x00, 0x00, 0x00, 0x00, 0x00, 0x00, 0x00, 0x00,
    0x00, 0x00, 0x00, 0x00, 0x00, 0x00, 0x00, 0x00, 0x00, 0x00, 0x00, 0x00, 0x00, 0x00, 0x00, 0x00,
    0x00, 0x00, 0x00, 0x00, 0x00, 0x00, 0x00, 0x00, 0x00, 0x00, 0x00, 0x00, 0x00, 0x00, 0x00, 0x00,
    0x00, 0x00, 0x00, 0x00, 0x00, 0x00, 0x00, 0x00, 0x00, 0x00, 0x00, 0x00, 0x00, 0x00, 0x00, 0x00,
    0x00, 0x00, 0x00, 0x00, 0x00, 0x00, 0x00, 0x00, 0x00, 0x00, 0x00, 0x00, 0x00, 0x00, 0x00, 0x00,
    0x00, 0x00, 0x00, 0x00, 0x00, 0x00, 0x00, 0x00, 0x00, 0x00, 0x00, 0x00, 0x00, 0x00, 0x00, 0x00,
    0x00, 0x00, 0x00, 0x00, 0x00, 0x00, 0x00, 0x00, 0x00, 0x00, 0x00, 0x00, 0x00, 0x00, 0x00, 0x00,
    0x00, 0x00, 0x00, 0x00, 0x00, 0x00, 0x00, 0x00, 0x00, 0x00, 0x00, 0x00, 0x00, 0x00, 0x00, 0x00,
    0x00, 0x00, 0x00, 0x00, 0x00, 0x00, 0x00, 0x00, 0x00, 0x00, 0x00, 0x00, 0x00, 0x00, 0x00, 0x00,
    0x00, 0x00, 0x00, 0x00, 0x00, 0x00, 0x00, 0x00, 0x00, 0x00, 0x00, 0x00, 0x00, 0x00, 0x00, 0x00,
    0x00, 0x00, 0x00, 0x00, 0x00, 0x00, 0x00, 0x00, 0x00, 0x00, 0x00, 0x00, 0x00, 0x00, 0x00, 0x00,
    0x00, 0x00, 0x00, 0x00, 0x00, 0x00, 0x00, 0x00, 0x00, 0x00, 0x00, 0x00, 0x00, 0x00, 0x00, 0x00,
    0x00, 0x00, 0x00, 0x00, 0x00, 0x00, 0x00, 0x00, 0x00, 0x00, 0x00, 0x00, 0x00, 0x00, 0x00, 0x00,
    0x00, 0x00, 0x00, 0x00, 0x00, 0x00, 0x00, 0x00, 0x00, 0x00, 0x00, 0x00, 0x00, 0x00, 0x00, 0x00,
    0x00, 0x00, 0x00, 0x00, 0x00, 0x00, 0x00, 0x00, 0x00, 0x00, 0x00, 0x00, 0x00, 0x00, 0x00, 0x00,
    0x00, 0x00, 0x00, 0x00, 0x00, 0x00, 0x00, 0x00, 0x00, 0x00, 0x00, 0x00, 0x00, 0x00, 0x00, 0x00,
    0x00, 0x00, 0x00, 0x00, 0x00, 0x00, 0x00, 0x00, 0x00, 0x00, 0x00, 0x00, 0x00, 0x00, 0x00, 0x00,
    0x00, 0x00, 0x00, 0x00, 0x00, 0x00, 0x00, 0x00, 0x00, 0x00, 0x00, 0x00, 0x00, 0x00, 0x00, 0x00,
    0x00, 0x00, 0x00, 0x00, 0x00, 0x00, 0x00, 0x00, 0x00, 0x00, 0x00, 0x00, 0x00, 0x00, 0x00, 0x00,
    0x00, 0x00, 0x00, 0x00, 0x00, 0x00, 0x00, 0x00, 0x00, 0x00, 0x00, 0x00, 0x00, 0x00, 0x00, 0x00,
    0x00, 0x00, 0x00, 0x00, 0x00, 0x00, 0x00, 0x00, 0x00, 0x00, 0x00, 0x00, 0x00, 0x00, 0x00, 0x00,
    0x00, 0x00, 0x00, 0x00, 0x00, 0x00, 0x00, 0x00, 0x00, 0x00, 0x00, 0x00, 0x00, 0x00, 0x00, 0x00,
    0x00, 0x00, 0x00, 0x00, 0x00, 0x00, 0x00, 0x00, 0x00, 0x00, 0x00, 0x00, 0x00, 0x00, 0x00, 0x00,
    0x00, 0x00, 0x00, 0x00, 0x00, 0x00, 0x00, 0x00, 0x00, 0x00, 0x00, 0x00, 0x00, 0x00, 0x00, 0x00,
    0x00, 0x00, 0x00, 0x00, 0x00, 0x00, 0x00, 0x00, 0x00, 0x00, 0x00, 0x00, 0x00, 0x00, 0x00, 0x00,
    0x00, 0x00, 0x00, 0x00, 0x00, 0x00, 0x00, 0x00, 0x00, 0x00, 0x00, 0x00, 0x00, 0x00, 0x00, 0x00,
    0x00, 0x00, 0x00, 0x00, 0x00, 0x00, 0x00, 0x00, 0x00, 0x00, 0x00, 0x00, 0x00, 0x00, 0x00, 0x00,
    0x00, 0x00, 0x00, 0x00, 0x00, 0x00, 0x00, 0x00, 0x00, 0x00, 0x00, 0x00, 0x00, 0x00, 0x00, 0x00,
    0x00, 0x00, 0x00, 0x00, 0x00, 0x00, 0x00, 0x00, 0x00, 0x00, 0x00, 0x00, 0x00, 0x00, 0x00, 0x00,
    0x00, 0x00, 0x00, 0x00, 0x00, 0x00, 0x00, 0x00, 0x00, 0x00, 0x00, 0x00, 0x00, 0x00, 0x00, 0x00,
    0x00, 0x00, 0x00, 0x00, 0x00, 0x00, 0x00, 0x00, 0x00, 0x00, 0x00, 0x00, 0x00, 0x00, 0x00, 0x00,
    0x00, 0x00, 0x00, 0x00, 0x00, 0x00, 0x00, 0x00, 0x00, 0x00, 0x00, 0x00, 0x00, 0x00, 0x00, 0x00,
    0x00, 0x00, 0x00, 0x00, 0x00, 0x00, 0x00, 0x00, 0x00, 0x00, 0x00, 0x00, 0x00, 0x00, 0x00, 0x00,
    0x00, 0x00, 0x00, 0x00, 0x00, 0x00, 0x00, 0x00, 0x00, 0x00, 0x00, 0x00, 0x00, 0x00, 0x00, 0x00,
    0x00, 0x00, 0x00, 0x00, 0x00, 0x00, 0x00, 0x00, 0x00, 0x00, 0x00, 0x00, 0x00, 0x00, 0x00, 0x00,
    0x00, 0x00, 0x00, 0x00, 0x00, 0x00, 0x00, 0x00, 0x00, 0x00, 0x00, 0x00, 0x00, 0x00, 0x00, 0x00,
    0x00, 0x00, 0x00, 0x00, 0x00, 0x00, 0x00, 0x00, 0x00, 0x00, 0x00, 0x00, 0x00, 0x00, 0x00, 0x00,
    0x00, 0x00, 0x00, 0x00, 0x00, 0x00, 0x00, 0x00, 0x00, 0x00, 0x00, 0x00, 0x00, 0x00, 0x00, 0x00,
    0x00, 0x00, 0x00, 0x00, 0x00, 0x00, 0x00, 0x00, 0x00, 0x00, 0x00, 0x00, 0x00, 0x00, 0x00, 0x00,
    0x00, 0x00, 0x00, 0x00, 0x00, 0x00, 0x00, 0x00, 0x00, 0x00, 0x00, 0x00, 0x00, 0x00, 0x00, 0x00,
    0x00, 0x00, 0x00, 0x00, 0x00, 0x00, 0x00, 0x00, 0x00, 0x00, 0x00, 0x00, 0x00, 0x00, 0x00, 0x00,
    0x00, 0x00, 0x00, 0x00, 0x00, 0x00, 0x00, 0x00, 0x00, 0x00, 0x00, 0x00, 0x00, 0x00, 0x00, 0x00,
    0x00, 0x00, 0x00, 0x00, 0x00, 0x00, 0x00, 0x00, 0x00, 0x00, 0x00, 0x00, 0x00, 0x00, 0x00, 0x00,
    0x00, 0x00, 0x00, 0x00, 0x00, 0x00, 0x00, 0x00, 0x00, 0x00, 0x00, 0x00, 0x00, 0x00, 0x00, 0x00,
    0x00, 0x00, 0x00, 0x00, 0x00, 0x00, 0x00, 0x00, 0x00, 0x00, 0x00, 0x00, 0x00, 0x00, 0x00, 0x00,
    0x00, 0x00, 0x00, 0x00, 0x00, 0x00, 0x00, 0x00, 0x00, 0x00, 0x00, 0x00, 0x00, 0x00, 0x00, 0x00,
    0x00, 0x00, 0x00, 0x00, 0x00, 0x00, 0x00, 0x00, 0x00, 0x00, 0x00, 0x00, 0x00, 0x00, 0x00, 0x00,
    0x00, 0x00, 0x00, 0x00, 0x00, 0x00, 0x00, 0x00, 0x00, 0x00, 0x00, 0x00, 0x00, 0x00, 0x00, 0x00,
    0x00, 0x00, 0x00, 0x00, 0x00, 0x00, 0x00, 0x00, 0x00, 0x00, 0x00, 0x00, 0x00, 0x00, 0x00, 0x00,
    0x00, 0x00, 0x00, 0x00, 0x00, 0x00, 0x00, 0x00, 0x00, 0x00, 0x00, 0x00, 0x00, 0x00, 0x00, 0x00,
    0x00, 0x00, 0x00, 0x00, 0x00, 0x00, 0x00, 0x00, 0x00, 0x00, 0x00, 0x00, 0x00, 0x00, 0x00, 0x00,
    0x00, 0x00, 0x00, 0x00, 0x00, 0x00, 0x00, 0x00, 0x00, 0x00, 0x00, 0x00, 0x00, 0x00, 0x00, 0x00,
    0x00, 0x00, 0x00, 0x00, 0x00, 0x00, 0x00, 0x00, 0x00, 0x00, 0x00, 0x00, 0x00, 0x00, 0x00, 0x00,
    0x00, 0x00, 0x00, 0x00, 0x00, 0x00, 0x00, 0x00, 0x00, 0x00, 0x00, 0x00, 0x00, 0x00, 0x00, 0x00,
    0x00, 0x00, 0x00, 0x00, 0x00, 0x00, 0x00, 0x00, 0x00, 0x00, 0x00, 0x00, 0x00, 0x00, 0x00, 0x00,
    0x00, 0x00, 0x00, 0x00, 0x00, 0x00, 0x00, 0x00, 0x00, 0x00, 0x00, 0x00, 0x00, 0x00, 0x00, 0x00,
    0x00, 0x00, 0x00, 0x00, 0x00, 0x00, 0x00, 0x00, 0x00, 0x00, 0x00, 0x00, 0x00, 0x00, 0x00, 0x00,
    0x00, 0x00, 0x00, 0x00, 0x00, 0x00, 0x00, 0x00, 0x00, 0x00, 0x00, 0x00, 0x00, 0x00, 0x00, 0x00,
    0x00, 0x00, 0x00, 0x00, 0x00, 0x00, 0x00, 0x00, 0x00, 0x00, 0x00, 0x00, 0x00, 0x00, 0x00, 0x00,
    0x00, 0x00, 0x00, 0x00, 0x00, 0x00, 0x00, 0x00, 0x00, 0x00, 0x00, 0x00, 0x00, 0x00, 0x00, 0x00,
    0x00, 0x00, 0x00, 0x00, 0x00, 0x00, 0x00, 0x00, 0x00, 0x00, 0x00, 0x00, 0x00, 0x00, 0x00, 0x00,
    0x00, 0x00, 0x00, 0x00, 0x00, 0x00, 0x00, 0x00, 0x00, 0x00, 0x00, 0x00, 0x00, 0x00, 0x00, 0x00,
    0x00, 0x00, 0x00, 0x00, 0x00, 0x00, 0x00, 0x00, 0x00, 0x00, 0x00, 0x00, 0x00, 0x00, 0x00, 0x00,
    0x00, 0x00, 0x00, 0x00, 0x00, 0x00, 0x00, 0x00, 0x00, 0x00, 0x00, 0x00, 0x00, 0x00, 0x00, 0x00,
    0x00, 0x00, 0x00, 0x00, 0x00, 0x00, 0x00, 0x00, 0x00, 0x00, 0x00, 0x00, 0x00, 0x00, 0x00, 0x00,
    0x00, 0x00, 0x00, 0x00, 0x00, 0x00, 0x00, 0x00, 0x00, 0x00, 0x00, 0x00, 0x00, 0x00, 0x00, 0x00,
    0x00, 0x00, 0x00, 0x00, 0x00, 0x00, 0x00, 0x00, 0x00, 0x00, 0x00, 0x00, 0x00, 0x00, 0x00, 0x00,
    0x00, 0x00, 0x00, 0x00, 0x00, 0x00, 0x00, 0x00, 0x00, 0x00, 0x00, 0x00, 0x00, 0x00, 0x00, 0x00,
    0x00, 0x00, 0x00, 0x00, 0x00, 0x00, 0x00, 0x00, 0x00, 0x00, 0x00, 0x00, 0x00, 0x00, 0x00, 0x00,
    0x00, 0x00, 0x00, 0x00, 0x00, 0x00, 0x00, 0x00, 0x00, 0x00, 0x00, 0x00, 0x00, 0x00, 0x00, 0x00,
    0x00, 0x00, 0x00, 0x00, 0x00, 0x00, 0x00, 0x00, 0x00, 0x00, 0x00, 0x00, 0x00, 0x00, 0x00, 0x00,
    0x00, 0x00, 0x00, 0x00, 0x00, 0x00, 0x00, 0x00, 0x00, 0x00, 0x00, 0x00, 0x00, 0x00, 0x00, 0x00,
    0x00, 0x00, 0x00, 0x00, 0x00, 0x00, 0x00, 0x00, 0x00, 0x00, 0x00, 0x00, 0x00, 0x00, 0x00, 0x00,
    0x00, 0x00, 0x00, 0x00, 0x00, 0x00, 0x00, 0x00, 0x00, 0x00, 0x00, 0x00, 0x00, 0x00, 0x00, 0x00,
    0x00, 0x00, 0x00, 0x00, 0x00, 0x00, 0x00, 0x00, 0x00, 0x00, 0x00, 0x00, 0x00, 0x00, 0x00, 0x00,
    0x00, 0x00, 0x00, 0x00, 0x00, 0x00, 0x00, 0x00, 0x00, 0x00, 0x00, 0x00, 0x00, 0x00, 0x00, 0x00,
    0x00, 0x00, 0x00, 0x00, 0x00, 0x00, 0x00, 0x00, 0x00, 0x00, 0x00, 0x00, 0x00, 0x00, 0x00, 0x00,
    0x00, 0x00, 0x00, 0x00, 0x00, 0x00, 0x00, 0x00, 0x00, 0x00, 0x00, 0x00, 0x00, 0x00, 0x00, 0x00,
    0x00, 0x00, 0x00, 0x00, 0x00, 0x00, 0x00, 0x00, 0x00, 0x00, 0x00, 0x00, 0x00, 0x00, 0x00, 0x00,
    0x00, 0x00, 0x00, 0x00, 0x00, 0x00, 0x00, 0x00, 0x00, 0x00, 0x00, 0x00, 0x00, 0x00, 0x00, 0x00,
    0x00, 0x00, 0x00, 0x00, 0x00, 0x00, 0x00, 0x00, 0x00, 0x00, 0x00, 0x00, 0x00, 0x00, 0x00, 0x00,
    0x00, 0x00, 0x00, 0x00, 0x00, 0x00, 0x00, 0x00, 0x00, 0x00, 0x00, 0x00, 0x00, 0x00, 0x00, 0x00,
    0x00, 0x00, 0x00, 0x00, 0x00, 0x00, 0x00, 0x00, 0x00, 0x00, 0x00, 0x00, 0x00, 0x00, 0x00, 0x00,
    0x00, 0x00, 0x00, 0x00, 0x00, 0x00, 0x00, 0x00, 0x00, 0x00, 0x00, 0x00, 0x00, 0x00, 0x00, 0x00,
    0x00, 0x00, 0x00, 0x00, 0x00, 0x00, 0x00, 0x00, 0x00, 0x00, 0x00, 0x00, 0x00, 0x00, 0x00, 0x00,
    0x00, 0x00, 0x00, 0x00, 0x00, 0x00, 0x00, 0x00, 0x00, 0x00, 0x00, 0x00, 0x00, 0x00, 0x00, 0x00,
    0x00, 0x00, 0x00, 0x00, 0x00, 0x00, 0x00, 0x00, 0x00, 0x00, 0x00, 0x00, 0x00, 0x00, 0x00, 0x00,
    0x00, 0x00, 0x00, 0x00, 0x00, 0x00, 0x00, 0x00, 0x00, 0x00, 0x00, 0x00, 0x00, 0x00, 0x00, 0x00,
    0x00, 0x00, 0x00, 0x00, 0x00, 0x00, 0x00, 0x00, 0x00, 0x00, 0x00, 0x00, 0x00, 0x00, 0x00, 0x00,
    0x00, 0x00, 0x00, 0x00, 0x00, 0x00, 0x00, 0x00, 0x00, 0x00, 0x00, 0x00, 0x00, 0x00, 0x00, 0x00,
    0x00, 0x00, 0x00, 0x00, 0x00, 0x00, 0x00, 0x00, 0x00, 0x00, 0x00, 0x00, 0x00, 0x00, 0x00, 0x00,
    0x00, 0x00, 0x00, 0x00, 0x00, 0x00, 0x00, 0x00, 0x00, 0x00, 0x00, 0x00, 0x00, 0x00, 0x00, 0x00,
    0x00, 0x00, 0x00, 0x00, 0x00, 0x00, 0x00, 0x00, 0x00, 0x00, 0x00, 0x00, 0x00, 0x00, 0x00, 0x00,
    0x00, 0x00, 0x00, 0x00, 0x00, 0x00, 0x00, 0x00, 0x00, 0x00, 0x00, 0x00, 0x00, 0x00, 0x00, 0x00,
    0x00, 0x00, 0x00, 0x00, 0x00, 0x00, 0x00, 0x00, 0x00, 0x00, 0x00, 0x00, 0x00, 0x00, 0x00, 0x00,
    0x00, 0x00, 0x00, 0x00, 0x00, 0x00, 0x00, 0x00, 0x00, 0x00, 0x00, 0x00, 0x00, 0x00, 0x00, 0x00,
    0x00, 0x00, 0x00, 0x00, 0x00, 0x00, 0x00, 0x00, 0x00, 0x00, 0x00, 0x00, 0x00, 0x00, 0x00, 0x00,
    0x00, 0x00, 0x00, 0x00, 0x00, 0x00, 0x00, 0x00, 0x00, 0x00, 0x00, 0x00, 0x00, 0x00, 0x00, 0x00,
    0x00, 0x00, 0x00, 0x00, 0x00, 0x00, 0x00, 0x00, 0x00, 0x00, 0x00, 0x00, 0x00, 0x00, 0x00, 0x00,
    0x00, 0x00, 0x00, 0x00, 0x00, 0x00, 0x00, 0x00, 0x00, 0x00, 0x00, 0x00, 0x00, 0x00, 0x00, 0x00,
    0x00, 0x00, 0x00, 0x00, 0x00, 0x00, 0x00, 0x00, 0x00, 0x00, 0x00, 0x00, 0x00, 0x00, 0x00, 0x00,
    0x00, 0x00, 0x00, 0x00, 0x00, 0x00, 0x00, 0x00, 0x00, 0x00, 0x00, 0x00, 0x00, 0x00, 0x00, 0x00,
    0x00, 0x00, 0x00, 0x00, 0x00, 0x00, 0x00, 0x00, 0x00, 0x00, 0x00, 0x00, 0x00, 0x00, 0x00, 0x00,
    0x00, 0x00, 0x00, 0x00, 0x00, 0x00, 0x00, 0x00, 0x00, 0x00, 0x00, 0x00, 0x00, 0x00, 0x00, 0x00,
    0x00, 0x00, 0x00, 0x00, 0x00, 0x00, 0x00, 0x00, 0x00, 0x00, 0x00, 0x00, 0x00, 0x00, 0x00, 0x00,
    0x00, 0x00, 0x00, 0x00, 0x00, 0x00, 0x00, 0x00, 0x00, 0x00, 0x00, 0x00, 0x00, 0x00, 0x00, 0x00,
    0x00, 0x00, 0x00, 0x00, 0x00, 0x00, 0x00, 0x00, 0x00, 0x00, 0x00, 0x00, 0x00, 0x00, 0x00, 0x00,
    0x00, 0x00, 0x00, 0x00, 0x00, 0x00, 0x00, 0x00, 0x00, 0x00, 0x00, 0x00, 0x00, 0x00, 0x00, 0x00,
    0x00, 0x00, 0x00, 0x00, 0x00, 0x00, 0x00, 0x00, 0x00, 0x00, 0x00, 0x00, 0x00, 0x00, 0x00, 0x00,
    0x00, 0x00, 0x00, 0x00, 0x00, 0x00, 0x00, 0x00, 0x00, 0x00, 0x00, 0x00, 0x00, 0x00, 0x00, 0x00,
    0x00, 0x00, 0x00, 0x00, 0x00, 0x00, 0x00, 0x00, 0x00, 0x00, 0x00, 0x00, 0x00, 0x00, 0x00, 0x00,
    0x00, 0x00, 0x00, 0x00, 0x00, 0x00, 0x00, 0x00, 0x00, 0x00, 0x00, 0x00, 0x00, 0x00, 0x00, 0x00,
    0x00, 0x00, 0x00, 0x00, 0x00, 0x00, 0x00, 0x00, 0x00, 0x00, 0x00, 0x00, 0x00, 0x00, 0x00, 0x00,
    0x00, 0x00, 0x00, 0x00, 0x00, 0x00, 0x00, 0x00, 0x00, 0x00, 0x00, 0x00, 0x00, 0x00, 0x00, 0x00,
    0x00, 0x00, 0x00, 0x00, 0x00, 0x00, 0x00, 0x00, 0x00, 0x00, 0x00, 0x00, 0x00, 0x00, 0x00, 0x00,
    0x00, 0x00, 0x00, 0x00, 0x00, 0x00, 0x00, 0x00, 0x00, 0x00, 0x00, 0x00, 0x00, 0x00, 0x00, 0x00,
    0x00, 0x00, 0x00, 0x00, 0x00, 0x00, 0x00, 0x00, 0x00, 0x00, 0x00, 0x00, 0x00, 0x00, 0x00, 0x00,
    0x00, 0x00, 0x00, 0x00, 0x00, 0x00, 0x00, 0x00, 0x00, 0x00, 0x00, 0x00, 0x00, 0x00, 0x00, 0x00,
    0x00, 0x00, 0x00, 0x00, 0x00, 0x00, 0x00, 0x00, 0x00, 0x00, 0x00, 0x00, 0x00, 0x00, 0x00, 0x00,
    0x00, 0x00, 0x00, 0x00, 0x00, 0x00, 0x00, 0x00, 0x00, 0x00, 0x00, 0x00, 0x00, 0x00, 0x00, 0x00,
    0x00, 0x00, 0x00, 0x00, 0x00, 0x00, 0x00, 0x00, 0x00, 0x00, 0x00, 0x00, 0x00, 0x00, 0x00, 0x00,
    0x00, 0x00, 0x00, 0x00, 0x00, 0x00, 0x00, 0x00, 0x00, 0x00, 0x00, 0x00, 0x00, 0x00, 0x00, 0x00,
    0x00, 0x00, 0x00, 0x00, 0x00, 0x00, 0x00, 0x00, 0x00, 0x00, 0x00, 0x00, 0x00, 0x00, 0x00, 0x00,
    0x00, 0x00, 0x00, 0x00, 0x00, 0x00, 0x00, 0x00, 0x00, 0x00, 0x00, 0x00, 0x00, 0x00, 0x00, 0x00,
    0x00, 0x00, 0x00, 0x00, 0x00, 0x00, 0x00, 0x00, 0x00, 0x00, 0x00, 0x00, 0x00, 0x00, 0x00, 0x00,
    0x00, 0x00, 0x00, 0x00, 0x00, 0x00, 0x00, 0x00, 0x00, 0x00, 0x00, 0x00, 0x00, 0x00, 0x00, 0x00,
    0x00, 0x00, 0x00, 0x00, 0x00, 0x00, 0x00, 0x00, 0x00, 0x00, 0x00, 0x00, 0x00, 0x00, 0x00, 0x00,
    0x00, 0x00, 0x00, 0x00, 0x00, 0x00, 0x00, 0x00, 0x00, 0x00, 0x00, 0x00, 0x00, 0x00, 0x00, 0x00,
    0x00, 0x00, 0x00, 0x00, 0x00, 0x00, 0x00, 0x00, 0x00, 0x00, 0x00, 0x00, 0x00, 0x00, 0x00, 0x00,
    0x00, 0x00, 0x00, 0x00, 0x00, 0x00, 0x00, 0x00, 0x00, 0x00, 0x00, 0x00, 0x00, 0x00, 0x00, 0x00,
    0x00, 0x00, 0x00, 0x00, 0x00, 0x00, 0x00, 0x00, 0x00, 0x00, 0x00, 0x00, 0x00, 0x00, 0x00, 0x00,
    0x00, 0x00, 0x00, 0x00, 0x00, 0x00, 0x00, 0x00, 0x00, 0x00, 0x00, 0x00, 0x00, 0x00, 0x00, 0x00,
    0x00, 0x00, 0x00, 0x00, 0x00, 0x00, 0x00, 0x00, 0x00, 0x00, 0x00, 0x00, 0x00, 0x00, 0x00, 0x00,
    0x00, 0x00, 0x00, 0x00, 0x00, 0x00, 0x00, 0x00, 0x00, 0x00, 0x00, 0x00, 0x00, 0x00, 0x00, 0x00,
    0x00, 0x00, 0x00, 0x00, 0x00, 0x00, 0x00, 0x00, 0x00, 0x00, 0x00, 0x00, 0x00, 0x00, 0x00, 0x00,
    0x00, 0x00, 0x00, 0x00, 0x00, 0x00, 0x00, 0x00, 0x00, 0x00, 0x00, 0x00, 0x00, 0x00, 0x00, 0x00,
    0x00, 0x00, 0x00, 0x00, 0x00, 0x00, 0x00, 0x00, 0x00, 0x00, 0x00, 0x00, 0x00, 0x00, 0x00, 0x00,
    0x00, 0x00, 0x00, 0x00, 0x00, 0x00, 0x00, 0x00, 0x00, 0x00, 0x00, 0x00, 0x00, 0x00, 0x00, 0x00,
    0x00, 0x00, 0x00, 0x00, 0x00, 0x00, 0x00, 0x00, 0x00, 0x00, 0x00, 0x00, 0x00, 0x00, 0x00, 0x00,
    0x00, 0x00, 0x00, 0x00, 0x00, 0x00, 0x00, 0x00, 0x00, 0x00, 0x00, 0x00, 0x00, 0x00, 0x00, 0x00,
    0x00, 0x00, 0x00, 0x00, 0x00, 0x00, 0x00, 0x00, 0x00, 0x00, 0x00, 0x00, 0x00, 0x00, 0x00, 0x00,
    0x00, 0x00, 0x00, 0x00, 0x00, 0x00, 0x00, 0x00, 0x00, 0x00, 0x00, 0x00, 0x00, 0x00, 0x00, 0x00,
    0x00, 0x00, 0x00, 0x00, 0x00, 0x00, 0x00, 0x00, 0x00, 0x00, 0x00, 0x00, 0x00, 0x00, 0x00, 0x00,
    0x00, 0x00, 0x00, 0x00, 0x00, 0x00, 0x00, 0x00, 0x00, 0x00, 0x00, 0x00, 0x00, 0x00, 0x00, 0x00,
    0x00, 0x00, 0x00, 0x00, 0x00, 0x00, 0x00, 0x00, 0x00, 0x00, 0x00, 0x00, 0x00, 0x00, 0x00, 0x00,
    0x00, 0x00, 0x00, 0x00, 0x00, 0x00, 0x00, 0x00, 0x00, 0x00, 0x00, 0x00, 0x00, 0x00, 0x00, 0x00,
    0x00, 0x00, 0x00, 0x00, 0x00, 0x00, 0x00, 0x00, 0x00, 0x00, 0x00, 0x00, 0x00, 0x00, 0x00, 0x00,
    0x00, 0x00, 0x00, 0x00, 0x00, 0x00, 0x00, 0x00, 0x00, 0x00, 0x00, 0x00, 0x00, 0x00, 0x00, 0x00,
    0x00, 0x00, 0x00, 0x00, 0x00, 0x00, 0x00, 0x00, 0x00, 0x00, 0x00, 0x00, 0x00, 0x00, 0x00, 0x00,
    0x00, 0x00, 0x00, 0x00, 0x00, 0x00, 0x00, 0x00, 0x00, 0x00, 0x00, 0x00, 0x00, 0x00, 0x00, 0x00,
    0x00, 0x00, 0x00, 0x00, 0x00, 0x00, 0x00, 0x00, 0x00, 0x00, 0x00, 0x00, 0x00, 0x00, 0x00, 0x00,
    0x00, 0x00, 0x00, 0x00, 0x00, 0x00, 0x00, 0x00, 0x00, 0x00, 0x00, 0x00, 0x00, 0x00, 0x00, 0x00,
    0x00, 0x00, 0x00, 0x00, 0x00, 0x00, 0x00, 0x00, 0x00, 0x00, 0x00, 0x00, 0x00, 0x00, 0x00, 0x00,
    0x00, 0x00, 0x00, 0x00, 0x00, 0x00, 0x00, 0x00, 0x00, 0x00, 0x00, 0x00, 0x00, 0x00, 0x00, 0x00,
    0x00, 0x00, 0x00, 0x00, 0x00, 0x00, 0x00, 0x00, 0x00, 0x00, 0x00, 0x00, 0x00, 0x00, 0x00, 0x00,
    0x00, 0x00, 0x00, 0x00, 0x00, 0x00, 0x00, 0x00, 0x00, 0x00, 0x00, 0x00, 0x00, 0x00, 0x00, 0x00,
    0x00, 0x00, 0x00, 0x00, 0x00, 0x00, 0x00, 0x00, 0x00, 0x00, 0x00, 0x00, 0x00, 0x00, 0x00, 0x00,
    0x00, 0x00, 0x00, 0x00, 0x00, 0x00, 0x00, 0x00, 0x00, 0x00, 0x00, 0x00, 0x00, 0x00, 0x00, 0x00,
    0x00, 0x00, 0x00, 0x00, 0x00, 0x00, 0x00, 0x00, 0x00, 0x00, 0x00, 0x00, 0x00, 0x00, 0x00, 0x00,
    0x00, 0x00, 0x00, 0x00, 0x00, 0x00, 0x00, 0x00, 0x00, 0x00, 0x00, 0x00, 0x00, 0x00, 0x00, 0x00,
    0x00, 0x00, 0x00, 0x00, 0x00, 0x00, 0x00, 0x00, 0x00, 0x00, 0x00, 0x00, 0x00, 0x00, 0x00, 0x00,
    0x00, 0x00, 0x00, 0x00, 0x00, 0x00, 0x00, 0x00, 0x00, 0x00, 0x00, 0x00, 0x00, 0x00, 0x00, 0x00,
    0x00, 0x00, 0x00, 0x00, 0x00, 0x00, 0x00, 0x00, 0x00, 0x00, 0x00, 0x00, 0x00, 0x00, 0x00, 0x00,
    0x00, 0x00, 0x00, 0x00, 0x00, 0x00, 0x00, 0x00, 0x00, 0x00, 0x00, 0x00, 0x00, 0x00, 0x00, 0x00,
    0x00, 0x00, 0x00, 0x00, 0x00, 0x00, 0x00, 0x00, 0x00, 0x00, 0x00, 0x00, 0x00, 0x00, 0x00, 0x00,
    0x00, 0x00, 0x00, 0x00, 0x00, 0x00, 0x00, 0x00, 0x00, 0x00, 0x00, 0x00, 0x00, 0x00, 0x00, 0x00,
    0x00, 0x00, 0x00, 0x00, 0x00, 0x00, 0x00, 0x00, 0x00, 0x00, 0x00, 0x00, 0x00, 0x00, 0x00, 0x00,
    0x00, 0x00, 0x00, 0x00, 0x00, 0x00, 0x00, 0x00, 0x00, 0x00, 0x00, 0x00, 0x00, 0x00, 0x00, 0x00,
    0x00, 0x00, 0x00, 0x00, 0x00, 0x00, 0x00, 0x00, 0x00, 0x00, 0x00, 0x00, 0x00, 0x00, 0x00, 0x00,
    0x00, 0x00, 0x00, 0x00, 0x00, 0x00, 0x00, 0x00, 0x00, 0x00, 0x00, 0x00, 0x00, 0x00, 0x00, 0x00,
    0x00, 0x00, 0x00, 0x00, 0x00, 0x00, 0x00, 0x00, 0x00, 0x00, 0x00, 0x00, 0x00, 0x00, 0x00, 0x00,
    0x00, 0x00, 0x00, 0x00, 0x00, 0x00, 0x00, 0x00, 0x00, 0x00, 0x00, 0x00, 0x00, 0x00, 0x00, 0x00,
    0x00, 0x00, 0x00, 0x00, 0x00, 0x00, 0x00, 0x00, 0x00, 0x00, 0x00, 0x00, 0x00, 0x00, 0x00, 0x00,
    0x00, 0x00, 0x00, 0x00, 0x00, 0x00, 0x00, 0x00, 0x00, 0x00, 0x00, 0x00, 0x00, 0x00, 0x00, 0x00,
    0x00, 0x00, 0x00, 0x00, 0x00, 0x00, 0x00, 0x00, 0x00, 0x00, 0x00, 0x00, 0x00, 0x00, 0x00, 0x00,
    0x00, 0x00, 0x00, 0x00, 0x00, 0x00, 0x00, 0x00, 0x00, 0x00, 0x00, 0x00, 0x00, 0x00, 0x00, 0x00,
    0x00, 0x00, 0x00, 0x00, 0x00, 0x00, 0x00, 0x00, 0x00, 0x00, 0x00, 0x00, 0x00, 0x00, 0x00, 0x00,
    0x00, 0x00, 0x00, 0x00, 0x00, 0x00, 0x00, 0x00, 0x00, 0x00, 0x00, 0x00, 0x00, 0x00, 0x00, 0x00,
    0x00, 0x00, 0x00, 0x00, 0x00, 0x00, 0x00, 0x00, 0x00, 0x00, 0x00, 0x00, 0x00, 0x00, 0x00, 0x00,
    0x00, 0x00, 0x00, 0x00, 0x00, 0x00, 0x00, 0x00, 0x00, 0x00, 0x00, 0x00, 0x00, 0x00, 0x00, 0x00,
    0x00, 0x00, 0x00, 0x00, 0x00, 0x00, 0x00, 0x00, 0x00, 0x00, 0x00, 0x00, 0x00, 0x00, 0x00, 0x00,
    0x00, 0x00, 0x00, 0x00, 0x00, 0x00, 0x00, 0x00, 0x00, 0x00, 0x00, 0x00, 0x00, 0x00, 0x00, 0x00,
    0x00, 0x00, 0x00, 0x00, 0x00, 0x00, 0x00, 0x00, 0x00, 0x00, 0x00, 0x00, 0x00, 0x00, 0x00, 0x00,
    0x00, 0x00, 0x00, 0x00, 0x00, 0x00, 0x00, 0x00, 0x00, 0x00, 0x00, 0x00, 0x00, 0x00, 0x00, 0x00,
    0x00, 0x00, 0x00, 0x00, 0x00, 0x00, 0x00, 0x00, 0x00, 0x00, 0x00, 0x00, 0x00, 0x00, 0x00, 0x00,
    0x00, 0x00, 0x00, 0x00, 0x00, 0x00, 0x00, 0x00, 0x00, 0x00, 0x00, 0x00, 0x00, 0x00, 0x00, 0x00,
    0x00, 0x00, 0x00, 0x00, 0x00, 0x00, 0x00, 0x00, 0x00, 0x00, 0x00, 0x00, 0x00, 0x00, 0x00, 0x00,
    0x00, 0x00, 0x00, 0x00, 0x00, 0x00, 0x00, 0x00, 0x00, 0x00, 0x00, 0x00, 0x00, 0x00, 0x00, 0x00,
    0x00, 0x00, 0x00, 0x00, 0x00, 0x00, 0x00, 0x00, 0x00, 0x00, 0x00, 0x00, 0x00, 0x00, 0x00, 0x00,
    0x00, 0x00, 0x00, 0x00, 0x00, 0x00, 0x00, 0x00, 0x00, 0x00, 0x00, 0x00, 0x00, 0x00, 0x00, 0x00,
    0x00, 0x00, 0x00, 0x00, 0x00, 0x00, 0x00, 0x00, 0x00, 0x00, 0x00, 0x00, 0x00, 0x00, 0x00, 0x00,
    0x00, 0x00, 0x00, 0x00, 0x00, 0x00, 0x00, 0x00, 0x00, 0x00, 0x00, 0x00, 0x00, 0x00, 0x00, 0x00,
    0x00, 0x00, 0x00, 0x00, 0x00, 0x00, 0x00, 0x00, 0x00, 0x00, 0x00, 0x00, 0x00, 0x00, 0x00, 0x00,
    0x00, 0x00, 0x00, 0x00, 0x00, 0x00, 0x00, 0x00, 0x00, 0x00, 0x00, 0x00, 0x00, 0x00, 0x00, 0x00
};

const lv_image_dsc_t pet_cat_touch_09 = {
    .header = {
        .magic = LV_IMAGE_HEADER_MAGIC,
        .cf = LV_COLOR_FORMAT_ARGB8888,
        .flags = 0,
        .w = 128,
        .h = 128,
        .stride = 512,
    },
    .data_size = 65536,
    .data = pet_cat_touch_09_map,
};
