/* Auto-generated — do not edit */
#include <lvgl/lvgl.h>

static const uint8_t pet_cat_idle_02_map[] = {
    0x00, 0x00, 0x00, 0x00, 0x00, 0x00, 0x00, 0x00, 0x00, 0x00, 0x00, 0x00, 0x00, 0x00, 0x00, 0x00,
    0x00, 0x00, 0x00, 0x00, 0x00, 0x00, 0x00, 0x00, 0x00, 0x00, 0x00, 0x00, 0x00, 0x00, 0x00, 0x00,
    0x00, 0x00, 0x00, 0x00, 0x00, 0x00, 0x00, 0x00, 0x00, 0x00, 0x00, 0x00, 0x00, 0x00, 0x00, 0x00,
    0x00, 0x00, 0x00, 0x00, 0x00, 0x00, 0x00, 0x00, 0x00, 0x00, 0x00, 0x00, 0x00, 0x00, 0x00, 0x00,
    0x00, 0x00, 0x00, 0x00, 0x00, 0x00, 0x00, 0x00, 0x00, 0x00, 0x00, 0x00, 0x00, 0x00, 0x00, 0x00,
    0x00, 0x00, 0x00, 0x00, 0x00, 0x00, 0x00, 0x00, 0x00, 0x00, 0x00, 0x00, 0x00, 0x00, 0x00, 0x00,
    0x00, 0x00, 0x00, 0x00, 0x00, 0x00, 0x00, 0x00, 0x00, 0x00, 0x00, 0x00, 0x00, 0x00, 0x00, 0x00,
    0x00, 0x00, 0x00, 0x00, 0x00, 0x00, 0x00, 0x00, 0x00, 0x00, 0x00, 0x00, 0x00, 0x00, 0x00, 0x00,
    0x00, 0x00, 0x00, 0x00, 0x00, 0x00, 0x00, 0x00, 0x00, 0x00, 0x00, 0x00, 0x00, 0x00, 0x00, 0x00,
    0x00, 0x00, 0x00, 0x00, 0x00, 0x00, 0x00, 0x00, 0x00, 0x00, 0x00, 0x00, 0x00, 0x00, 0x00, 0x00,
    0x00, 0x00, 0x00, 0x00, 0x00, 0x00, 0x00, 0x00, 0x00, 0x00, 0x00, 0x00, 0x00, 0x00, 0x00, 0x00,
    0x00, 0x00, 0x00, 0x00, 0x00, 0x00, 0x00, 0x00, 0x00, 0x00, 0x00, 0x00, 0x00, 0x00, 0x00, 0x00,
    0x00, 0x00, 0x00, 0x00, 0x00, 0x00, 0x00, 0x00, 0x00, 0x00, 0x00, 0x00, 0x00, 0x00, 0x00, 0x00,
    0x00, 0x00, 0x00, 0x00, 0x00, 0x00, 0x00, 0x00, 0x00, 0x00, 0x00, 0x00, 0x00, 0x00, 0x00, 0x00,
    0x00, 0x00, 0x00, 0x00, 0x00, 0x00, 0x00, 0x00, 0x00, 0x00, 0x00, 0x00, 0x00, 0x00, 0x00, 0x00,
    0x00, 0x00, 0x00, 0x00, 0x00, 0x00, 0x00, 0x00, 0x00, 0x00, 0x00, 0x00, 0x00, 0x00, 0x00, 0x00,
    0x00, 0x00, 0x00, 0x00, 0x00, 0x00, 0x00, 0x00, 0x00, 0x00, 0x00, 0x00, 0x00, 0x00, 0x00, 0x00,
    0x00, 0x00, 0x00, 0x00, 0x00, 0x00, 0x00, 0x00, 0x00, 0x00, 0x00, 0x00, 0x00, 0x00, 0x00, 0x00,
    0x00, 0x00, 0x00, 0x00, 0x00, 0x00, 0x00, 0x00, 0x00, 0x00, 0x00, 0x00, 0x00, 0x00, 0x00, 0x00,
    0x00, 0x00, 0x00, 0x00, 0x00, 0x00, 0x00, 0x00, 0x00, 0x00, 0x00, 0x00, 0x00, 0x00, 0x00, 0x00,
    0x00, 0x00, 0x00, 0x00, 0x00, 0x00, 0x00, 0x00, 0x00, 0x00, 0x00, 0x00, 0x00, 0x00, 0x00, 0x00,
    0x00, 0x00, 0x00, 0x00, 0x00, 0x00, 0x00, 0x00, 0x00, 0x00, 0x00, 0x00, 0x00, 0x00, 0x00, 0x00,
    0x00, 0x00, 0x00, 0x00, 0x00, 0x00, 0x00, 0x00, 0x00, 0x00, 0x00, 0x00, 0x00, 0x00, 0x00, 0x00,
    0x00, 0x00, 0x00, 0x00, 0x00, 0x00, 0x00, 0x00, 0x00, 0x00, 0x00, 0x00, 0x00, 0x00, 0x00, 0x00,
    0x00, 0x00, 0x00, 0x00, 0x00, 0x00, 0x00, 0x00, 0x00, 0x00, 0x00, 0x00, 0x00, 0x00, 0x00, 0x00,
    0x00, 0x00, 0x00, 0x00, 0x00, 0x00, 0x00, 0x00, 0x00, 0x00, 0x00, 0x00, 0x00, 0x00, 0x00, 0x00,
    0x00, 0x00, 0x00, 0x00, 0x00, 0x00, 0x00, 0x00, 0x00, 0x00, 0x00, 0x00, 0x00, 0x00, 0x00, 0x00,
    0x00, 0x00, 0x00, 0x00, 0x00, 0x00, 0x00, 0x00, 0x00, 0x00, 0x00, 0x00, 0x00, 0x00, 0x00, 0x00,
    0x00, 0x00, 0x00, 0x00, 0x00, 0x00, 0x00, 0x00, 0x00, 0x00, 0x00, 0x00, 0x00, 0x00, 0x00, 0x00,
    0x00, 0x00, 0x00, 0x00, 0x00, 0x00, 0x00, 0x00, 0x00, 0x00, 0x00, 0x00, 0x00, 0x00, 0x00, 0x00,
    0x00, 0x00, 0x00, 0x00, 0x00, 0x00, 0x00, 0x00, 0x00, 0x00, 0x00, 0x00, 0x00, 0x00, 0x00, 0x00,
    0x00, 0x00, 0x00, 0x00, 0x00, 0x00, 0x00, 0x00, 0x00, 0x00, 0x00, 0x00, 0x00, 0x00, 0x00, 0x00,
    0x00, 0x00, 0x00, 0x00, 0x00, 0x00, 0x00, 0x00, 0x00, 0x00, 0x00, 0x00, 0x00, 0x00, 0x00, 0x00,
    0x00, 0x00, 0x00, 0x00, 0x00, 0x00, 0x00, 0x00, 0x00, 0x00, 0x00, 0x00, 0x00, 0x00, 0x00, 0x00,
    0x00, 0x00, 0x00, 0x00, 0x00, 0x00, 0x00, 0x00, 0x00, 0x00, 0x00, 0x00, 0x00, 0x00, 0x00, 0x00,
    0x00, 0x00, 0x00, 0x00, 0x00, 0x00, 0x00, 0x00, 0x00, 0x00, 0x00, 0x00, 0x00, 0x00, 0x00, 0x00,
    0x00, 0x00, 0x00, 0x00, 0x00, 0x00, 0x00, 0x00, 0x00, 0x00, 0x00, 0x00, 0x00, 0x00, 0x00, 0x00,
    0x00, 0x00, 0x00, 0x00, 0x00, 0x00, 0x00, 0x00, 0x00, 0x00, 0x00, 0x00, 0x00, 0x00, 0x00, 0x00,
    0x00, 0x00, 0x00, 0x00, 0x00, 0x00, 0x00, 0x00, 0x00, 0x00, 0x00, 0x00, 0x00, 0x00, 0x00, 0x00,
    0x00, 0x00, 0x00, 0x00, 0x00, 0x00, 0x00, 0x00, 0x00, 0x00, 0x00, 0x00, 0x00, 0x00, 0x00, 0x00,
    0x00, 0x00, 0x00, 0x00, 0x00, 0x00, 0x00, 0x00, 0x00, 0x00, 0x00, 0x00, 0x00, 0x00, 0x00, 0x00,
    0x00, 0x00, 0x00, 0x00, 0x00, 0x00, 0x00, 0x00, 0x00, 0x00, 0x00, 0x00, 0x00, 0x00, 0x00, 0x00,
    0x00, 0x00, 0x00, 0x00, 0x00, 0x00, 0x00, 0x00, 0x00, 0x00, 0x00, 0x00, 0x00, 0x00, 0x00, 0x00,
    0x00, 0x00, 0x00, 0x00, 0x00, 0x00, 0x00, 0x00, 0x00, 0x00, 0x00, 0x00, 0x00, 0x00, 0x00, 0x00,
    0x00, 0x00, 0x00, 0x00, 0x00, 0x00, 0x00, 0x00, 0x00, 0x00, 0x00, 0x00, 0x00, 0x00, 0x00, 0x00,
    0x00, 0x00, 0x00, 0x00, 0x00, 0x00, 0x00, 0x00, 0x00, 0x00, 0x00, 0x00, 0x00, 0x00, 0x00, 0x00,
    0x00, 0x00, 0x00, 0x00, 0x00, 0x00, 0x00, 0x00, 0x00, 0x00, 0x00, 0x00, 0x00, 0x00, 0x00, 0x00,
    0x00, 0x00, 0x00, 0x00, 0x00, 0x00, 0x00, 0x00, 0x00, 0x00, 0x00, 0x00, 0x00, 0x00, 0x00, 0x00,
    0x00, 0x00, 0x00, 0x00, 0x00, 0x00, 0x00, 0x00, 0x00, 0x00, 0x00, 0x00, 0x00, 0x00, 0x00, 0x00,
    0x00, 0x00, 0x00, 0x00, 0x00, 0x00, 0x00, 0x00, 0x00, 0x00, 0x00, 0x00, 0x00, 0x00, 0x00, 0x00,
    0x00, 0x00, 0x00, 0x00, 0x00, 0x00, 0x00, 0x00, 0x00, 0x00, 0x00, 0x00, 0x00, 0x00, 0x00, 0x00,
    0x00, 0x00, 0x00, 0x00, 0x00, 0x00, 0x00, 0x00, 0x00, 0x00, 0x00, 0x00, 0x00, 0x00, 0x00, 0x00,
    0x00, 0x00, 0x00, 0x00, 0x00, 0x00, 0x00, 0x00, 0x00, 0x00, 0x00, 0x00, 0x00, 0x00, 0x00, 0x00,
    0x00, 0x00, 0x00, 0x00, 0x00, 0x00, 0x00, 0x00, 0x00, 0x00, 0x00, 0x00, 0x00, 0x00, 0x00, 0x00,
    0x00, 0x00, 0x00, 0x00, 0x00, 0x00, 0x00, 0x00, 0x00, 0x00, 0x00, 0x00, 0x00, 0x00, 0x00, 0x00,
    0x00, 0x00, 0x00, 0x00, 0x00, 0x00, 0x00, 0x00, 0x00, 0x00, 0x00, 0x00, 0x00, 0x00, 0x00, 0x00,
    0x00, 0x00, 0x00, 0x00, 0x00, 0x00, 0x00, 0x00, 0x00, 0x00, 0x00, 0x00, 0x00, 0x00, 0x00, 0x00,
    0x00, 0x00, 0x00, 0x00, 0x00, 0x00, 0x00, 0x00, 0x00, 0x00, 0x00, 0x00, 0x00, 0x00, 0x00, 0x00,
    0x00, 0x00, 0x00, 0x00, 0x00, 0x00, 0x00, 0x00, 0x00, 0x00, 0x00, 0x00, 0x00, 0x00, 0x00, 0x00,
    0x00, 0x00, 0x00, 0x00, 0x00, 0x00, 0x00, 0x00, 0x00, 0x00, 0x00, 0x00, 0x00, 0x00, 0x00, 0x00,
    0x00, 0x00, 0x00, 0x00, 0x00, 0x00, 0x00, 0x00, 0x00, 0x00, 0x00, 0x00, 0x00, 0x00, 0x00, 0x00,
    0x00, 0x00, 0x00, 0x00, 0x00, 0x00, 0x00, 0x00, 0x00, 0x00, 0x00, 0x00, 0x00, 0x00, 0x00, 0x00,
    0x00, 0x00, 0x00, 0x00, 0x00, 0x00, 0x00, 0x00, 0x00, 0x00, 0x00, 0x00, 0x00, 0x00, 0x00, 0x00,
    0x00, 0x00, 0x00, 0x00, 0x00, 0x00, 0x00, 0x00, 0x00, 0x00, 0x00, 0x00, 0x00, 0x00, 0x00, 0x00,
    0x00, 0x00, 0x00, 0x00, 0x00, 0x00, 0x00, 0x00, 0x00, 0x00, 0x00, 0x00, 0x00, 0x00, 0x00, 0x00,
    0x00, 0x00, 0x00, 0x00, 0x00, 0x00, 0x00, 0x00, 0x00, 0x00, 0x00, 0x00, 0x00, 0x00, 0x00, 0x00,
    0x00, 0x00, 0x00, 0x00, 0x00, 0x00, 0x00, 0x00, 0x00, 0x00, 0x00, 0x00, 0x00, 0x00, 0x00, 0x00,
    0x00, 0x00, 0x00, 0x00, 0x00, 0x00, 0x00, 0x00, 0x00, 0x00, 0x00, 0x00, 0x00, 0x00, 0x00, 0x00,
    0x00, 0x00, 0x00, 0x00, 0x00, 0x00, 0x00, 0x00, 0x00, 0x00, 0x00, 0x00, 0x00, 0x00, 0x00, 0x00,
    0x00, 0x00, 0x00, 0x00, 0x00, 0x00, 0x00, 0x00, 0x00, 0x00, 0x00, 0x00, 0x00, 0x00, 0x00, 0x00,
    0x00, 0x00, 0x00, 0x00, 0x00, 0x00, 0x00, 0x00, 0x00, 0x00, 0x00, 0x00, 0x00, 0x00, 0x00, 0x00,
    0x00, 0x00, 0x00, 0x00, 0x00, 0x00, 0x00, 0x00, 0x00, 0x00, 0x00, 0x00, 0x00, 0x00, 0x00, 0x00,
    0x00, 0x00, 0x00, 0x00, 0x00, 0x00, 0x00, 0x00, 0x00, 0x00, 0x00, 0x00, 0x00, 0x00, 0x00, 0x00,
    0x00, 0x00, 0x00, 0x00, 0x00, 0x00, 0x00, 0x00, 0x00, 0x00, 0x00, 0x00, 0x00, 0x00, 0x00, 0x00,
    0x00, 0x00, 0x00, 0x00, 0x00, 0x00, 0x00, 0x00, 0x00, 0x00, 0x00, 0x00, 0x00, 0x00, 0x00, 0x00,
    0x00, 0x00, 0x00, 0x00, 0x00, 0x00, 0x00, 0x00, 0x00, 0x00, 0x00, 0x00, 0x00, 0x00, 0x00, 0x00,
    0x00, 0x00, 0x00, 0x00, 0x00, 0x00, 0x00, 0x00, 0x00, 0x00, 0x00, 0x00, 0x00, 0x00, 0x00, 0x00,
    0x00, 0x00, 0x00, 0x00, 0x00, 0x00, 0x00, 0x00, 0x00, 0x00, 0x00, 0x00, 0x00, 0x00, 0x00, 0x00,
    0x00, 0x00, 0x00, 0x00, 0x00, 0x00, 0x00, 0x00, 0x00, 0x00, 0x00, 0x00, 0x00, 0x00, 0x00, 0x00,
    0x00, 0x00, 0x00, 0x00, 0x00, 0x00, 0x00, 0x00, 0x00, 0x00, 0x00, 0x00, 0x00, 0x00, 0x00, 0x00,
    0x00, 0x00, 0x00, 0x00, 0x00, 0x00, 0x00, 0x00, 0x00, 0x00, 0x00, 0x00, 0x00, 0x00, 0x00, 0x00,
    0x00, 0x00, 0x00, 0x00, 0x00, 0x00, 0x00, 0x00, 0x00, 0x00, 0x00, 0x00, 0x00, 0x00, 0x00, 0x00,
    0x00, 0x00, 0x00, 0x00, 0x00, 0x00, 0x00, 0x00, 0x00, 0x00, 0x00, 0x00, 0x00, 0x00, 0x00, 0x00,
    0x00, 0x00, 0x00, 0x00, 0x00, 0x00, 0x00, 0x00, 0x00, 0x00, 0x00, 0x00, 0x00, 0x00, 0x00, 0x00,
    0x00, 0x00, 0x00, 0x00, 0x00, 0x00, 0x00, 0x00, 0x00, 0x00, 0x00, 0x00, 0x00, 0x00, 0x00, 0x00,
    0x00, 0x00, 0x00, 0x00, 0x00, 0x00, 0x00, 0x00, 0x00, 0x00, 0x00, 0x00, 0x00, 0x00, 0x00, 0x00,
    0x00, 0x00, 0x00, 0x00, 0x00, 0x00, 0x00, 0x00, 0x00, 0x00, 0x00, 0x00, 0x00, 0x00, 0x00, 0x00,
    0x00, 0x00, 0x00, 0x00, 0x00, 0x00, 0x00, 0x00, 0x00, 0x00, 0x00, 0x00, 0x00, 0x00, 0x00, 0x00,
    0x00, 0x00, 0x00, 0x00, 0x00, 0x00, 0x00, 0x00, 0x00, 0x00, 0x00, 0x00, 0x00, 0x00, 0x00, 0x00,
    0x00, 0x00, 0x00, 0x00, 0x00, 0x00, 0x00, 0x00, 0x00, 0x00, 0x00, 0x00, 0x00, 0x00, 0x00, 0x00,
    0x00, 0x00, 0x00, 0x00, 0x00, 0x00, 0x00, 0x00, 0x00, 0x00, 0x00, 0x00, 0x00, 0x00, 0x00, 0x00,
    0x00, 0x00, 0x00, 0x00, 0x00, 0x00, 0x00, 0x00, 0x00, 0x00, 0x00, 0x00, 0x00, 0x00, 0x00, 0x00,
    0x00, 0x00, 0x00, 0x00, 0x00, 0x00, 0x00, 0x00, 0x00, 0x00, 0x00, 0x00, 0x00, 0x00, 0x00, 0x00,
    0x00, 0x00, 0x00, 0x00, 0x00, 0x00, 0x00, 0x00, 0x00, 0x00, 0x00, 0x00, 0x00, 0x00, 0x00, 0x00,
    0x00, 0x00, 0x00, 0x00, 0x00, 0x00, 0x00, 0x00, 0x00, 0x00, 0x00, 0x00, 0x00, 0x00, 0x00, 0x00,
    0x00, 0x00, 0x00, 0x00, 0x00, 0x00, 0x00, 0x00, 0x00, 0x00, 0x00, 0x00, 0x00, 0x00, 0x00, 0x00,
    0x00, 0x00, 0x00, 0x00, 0x00, 0x00, 0x00, 0x00, 0x00, 0x00, 0x00, 0x00, 0x00, 0x00, 0x00, 0x00,
    0x00, 0x00, 0x00, 0x00, 0x00, 0x00, 0x00, 0x00, 0x00, 0x00, 0x00, 0x00, 0x00, 0x00, 0x00, 0x00,
    0x00, 0x00, 0x00, 0x00, 0x00, 0x00, 0x00, 0x00, 0x00, 0x00, 0x00, 0x00, 0x00, 0x00, 0x00, 0x00,
    0x00, 0x00, 0x00, 0x00, 0x00, 0x00, 0x00, 0x00, 0x00, 0x00, 0x00, 0x00, 0x00, 0x00, 0x00, 0x00,
    0x00, 0x00, 0x00, 0x00, 0x00, 0x00, 0x00, 0x00, 0x00, 0x00, 0x00, 0x00, 0x00, 0x00, 0x00, 0x00,
    0x00, 0x00, 0x00, 0x00, 0x00, 0x00, 0x00, 0x00, 0x00, 0x00, 0x00, 0x00, 0x00, 0x00, 0x00, 0x00,
    0x00, 0x00, 0x00, 0x00, 0x00, 0x00, 0x00, 0x00, 0x00, 0x00, 0x00, 0x00, 0x00, 0x00, 0x00, 0x00,
    0x00, 0x00, 0x00, 0x00, 0x00, 0x00, 0x00, 0x00, 0x00, 0x00, 0x00, 0x00, 0x00, 0x00, 0x00, 0x00,
    0x00, 0x00, 0x00, 0x00, 0x00, 0x00, 0x00, 0x00, 0x00, 0x00, 0x00, 0x00, 0x00, 0x00, 0x00, 0x00,
    0x00, 0x00, 0x00, 0x00, 0x00, 0x00, 0x00, 0x00, 0x00, 0x00, 0x00, 0x00, 0x00, 0x00, 0x00, 0x00,
    0x00, 0x00, 0x00, 0x00, 0x00, 0x00, 0x00, 0x00, 0x00, 0x00, 0x00, 0x00, 0x00, 0x00, 0x00, 0x00,
    0x00, 0x00, 0x00, 0x00, 0x00, 0x00, 0x00, 0x00, 0x00, 0x00, 0x00, 0x00, 0x00, 0x00, 0x00, 0x00,
    0x00, 0x00, 0x00, 0x00, 0x00, 0x00, 0x00, 0x00, 0x00, 0x00, 0x00, 0x00, 0x00, 0x00, 0x00, 0x00,
    0x00, 0x00, 0x00, 0x00, 0x00, 0x00, 0x00, 0x00, 0x00, 0x00, 0x00, 0x00, 0x00, 0x00, 0x00, 0x00,
    0x00, 0x00, 0x00, 0x00, 0x00, 0x00, 0x00, 0x00, 0x00, 0x00, 0x00, 0x00, 0x00, 0x00, 0x00, 0x00,
    0x00, 0x00, 0x00, 0x00, 0x00, 0x00, 0x00, 0x00, 0x00, 0x00, 0x00, 0x00, 0x00, 0x00, 0x00, 0x00,
    0x00, 0x00, 0x00, 0x00, 0x00, 0x00, 0x00, 0x00, 0x00, 0x00, 0x00, 0x00, 0x00, 0x00, 0x00, 0x00,
    0x00, 0x00, 0x00, 0x00, 0x00, 0x00, 0x00, 0x00, 0x00, 0x00, 0x00, 0x00, 0x00, 0x00, 0x00, 0x00,
    0x00, 0x00, 0x00, 0x00, 0x00, 0x00, 0x00, 0x00, 0x00, 0x00, 0x00, 0x00, 0x00, 0x00, 0x00, 0x00,
    0x00, 0x00, 0x00, 0x00, 0x00, 0x00, 0x00, 0x00, 0x00, 0x00, 0x00, 0x00, 0x00, 0x00, 0x00, 0x00,
    0x00, 0x00, 0x00, 0x00, 0x00, 0x00, 0x00, 0x00, 0x00, 0x00, 0x00, 0x00, 0x00, 0x00, 0x00, 0x00,
    0x00, 0x00, 0x00, 0x00, 0x00, 0x00, 0x00, 0x00, 0x00, 0x00, 0x00, 0x00, 0x00, 0x00, 0x00, 0x00,
    0x00, 0x00, 0x00, 0x00, 0x00, 0x00, 0x00, 0x00, 0x00, 0x00, 0x00, 0x00, 0x00, 0x00, 0x00, 0x00,
    0x00, 0x00, 0x00, 0x00, 0x00, 0x00, 0x00, 0x00, 0x00, 0x00, 0x00, 0x00, 0x00, 0x00, 0x00, 0x00,
    0x00, 0x00, 0x00, 0x00, 0x00, 0x00, 0x00, 0x00, 0x00, 0x00, 0x00, 0x00, 0x00, 0x00, 0x00, 0x00,
    0x00, 0x00, 0x00, 0x00, 0x00, 0x00, 0x00, 0x00, 0x00, 0x00, 0x00, 0x00, 0x00, 0x00, 0x00, 0x00,
    0x00, 0x00, 0x00, 0x00, 0x00, 0x00, 0x00, 0x00, 0x00, 0x00, 0x00, 0x00, 0x00, 0x00, 0x00, 0x00,
    0x00, 0x00, 0x00, 0x00, 0x00, 0x00, 0x00, 0x00, 0x00, 0x00, 0x00, 0x00, 0x00, 0x00, 0x00, 0x00,
    0x00, 0x00, 0x00, 0x00, 0x00, 0x00, 0x00, 0x00, 0x00, 0x00, 0x00, 0x00, 0x00, 0x00, 0x00, 0x00,
    0x00, 0x00, 0x00, 0x00, 0x00, 0x00, 0x00, 0x00, 0x00, 0x00, 0x00, 0x00, 0x00, 0x00, 0x00, 0x00,
    0x00, 0x00, 0x00, 0x00, 0x00, 0x00, 0x00, 0x00, 0x00, 0x00, 0x00, 0x00, 0x00, 0x00, 0x00, 0x00,
    0x00, 0x00, 0x00, 0x00, 0x00, 0x00, 0x00, 0x00, 0x00, 0x00, 0x00, 0x00, 0x00, 0x00, 0x00, 0x00,
    0x00, 0x00, 0x00, 0x00, 0x00, 0x00, 0x00, 0x00, 0x00, 0x00, 0x00, 0x00, 0x00, 0x00, 0x00, 0x00,
    0x00, 0x00, 0x00, 0x00, 0x00, 0x00, 0x00, 0x00, 0x00, 0x00, 0x00, 0x00, 0x00, 0x00, 0x00, 0x00,
    0x00, 0x00, 0x00, 0x00, 0x00, 0x00, 0x00, 0x00, 0x00, 0x00, 0x00, 0x00, 0x00, 0x00, 0x00, 0x00,
    0x00, 0x00, 0x00, 0x00, 0x00, 0x00, 0x00, 0x00, 0x00, 0x00, 0x00, 0x00, 0x00, 0x00, 0x00, 0x00,
    0x00, 0x00, 0x00, 0x00, 0x00, 0x00, 0x00, 0x00, 0x00, 0x00, 0x00, 0x00, 0x00, 0x00, 0x00, 0x00,
    0x00, 0x00, 0x00, 0x00, 0x00, 0x00, 0x00, 0x00, 0x00, 0x00, 0x00, 0x00, 0x00, 0x00, 0x00, 0x00,
    0x00, 0x00, 0x00, 0x00, 0x00, 0x00, 0x00, 0x00, 0x00, 0x00, 0x00, 0x00, 0x00, 0x00, 0x00, 0x00,
    0x00, 0x00, 0x00, 0x00, 0x00, 0x00, 0x00, 0x00, 0x00, 0x00, 0x00, 0x00, 0x00, 0x00, 0x00, 0x00,
    0x00, 0x00, 0x00, 0x00, 0x00, 0x00, 0x00, 0x00, 0x00, 0x00, 0x00, 0x00, 0x00, 0x00, 0x00, 0x00,
    0x00, 0x00, 0x00, 0x00, 0x00, 0x00, 0x00, 0x00, 0x00, 0x00, 0x00, 0x00, 0x00, 0x00, 0x00, 0x00,
    0x00, 0x00, 0x00, 0x00, 0x00, 0x00, 0x00, 0x00, 0x00, 0x00, 0x00, 0x00, 0x00, 0x00, 0x00, 0x00,
    0x00, 0x00, 0x00, 0x00, 0x00, 0x00, 0x00, 0x00, 0x00, 0x00, 0x00, 0x00, 0x00, 0x00, 0x00, 0x00,
    0x00, 0x00, 0x00, 0x00, 0x00, 0x00, 0x00, 0x00, 0x00, 0x00, 0x00, 0x00, 0x00, 0x00, 0x00, 0x00,
    0x00, 0x00, 0x00, 0x00, 0x00, 0x00, 0x00, 0x00, 0x00, 0x00, 0x00, 0x00, 0x00, 0x00, 0x00, 0x00,
    0x00, 0x00, 0x00, 0x00, 0x00, 0x00, 0x00, 0x00, 0x00, 0x00, 0x00, 0x00, 0x00, 0x00, 0x00, 0x00,
    0x00, 0x00, 0x00, 0x00, 0x00, 0x00, 0x00, 0x00, 0x00, 0x00, 0x00, 0x00, 0x00, 0x00, 0x00, 0x00,
    0x00, 0x00, 0x00, 0x00, 0x00, 0x00, 0x00, 0x00, 0x00, 0x00, 0x00, 0x00, 0x00, 0x00, 0x00, 0x00,
    0x00, 0x00, 0x00, 0x00, 0x00, 0x00, 0x00, 0x00, 0x00, 0x00, 0x00, 0x00, 0x00, 0x00, 0x00, 0x00,
    0x00, 0x00, 0x00, 0x00, 0x00, 0x00, 0x00, 0x00, 0x00, 0x00, 0x00, 0x00, 0x00, 0x00, 0x00, 0x00,
    0x00, 0x00, 0x00, 0x00, 0x00, 0x00, 0x00, 0x00, 0x00, 0x00, 0x00, 0x00, 0x00, 0x00, 0x00, 0x00,
    0x00, 0x00, 0x00, 0x00, 0x00, 0x00, 0x00, 0x00, 0x00, 0x00, 0x00, 0x00, 0x00, 0x00, 0x00, 0x00,
    0x00, 0x00, 0x00, 0x00, 0x00, 0x00, 0x00, 0x00, 0x00, 0x00, 0x00, 0x00, 0x00, 0x00, 0x00, 0x00,
    0x00, 0x00, 0x00, 0x00, 0x00, 0x00, 0x00, 0x00, 0x00, 0x00, 0x00, 0x00, 0x00, 0x00, 0x00, 0x00,
    0x00, 0x00, 0x00, 0x00, 0x00, 0x00, 0x00, 0x00, 0x00, 0x00, 0x00, 0x00, 0x00, 0x00, 0x00, 0x00,
    0x00, 0x00, 0x00, 0x00, 0x00, 0x00, 0x00, 0x00, 0x00, 0x00, 0x00, 0x00, 0x00, 0x00, 0x00, 0x00,
    0x00, 0x00, 0x00, 0x00, 0x00, 0x00, 0x00, 0x00, 0x00, 0x00, 0x00, 0x00, 0x00, 0x00, 0x00, 0x00,
    0x00, 0x00, 0x00, 0x00, 0x00, 0x00, 0x00, 0x00, 0x00, 0x00, 0x00, 0x00, 0x00, 0x00, 0x00, 0x00,
    0x00, 0x00, 0x00, 0x00, 0x00, 0x00, 0x00, 0x00, 0x00, 0x00, 0x00, 0x00, 0x00, 0x00, 0x00, 0x00,
    0x00, 0x00, 0x00, 0x00, 0x00, 0x00, 0x00, 0x00, 0x00, 0x00, 0x00, 0x00, 0x00, 0x00, 0x00, 0x00,
    0x00, 0x00, 0x00, 0x00, 0x00, 0x00, 0x00, 0x00, 0x00, 0x00, 0x00, 0x00, 0x00, 0x00, 0x00, 0x00,
    0x00, 0x00, 0x00, 0x00, 0x00, 0x00, 0x00, 0x00, 0x00, 0x00, 0x00, 0x00, 0x00, 0x00, 0x00, 0x00,
    0x00, 0x00, 0x00, 0x00, 0x00, 0x00, 0x00, 0x00, 0x00, 0x00, 0x00, 0x00, 0x00, 0x00, 0x00, 0x00,
    0x00, 0x00, 0x00, 0x00, 0x00, 0x00, 0x00, 0x00, 0x00, 0x00, 0x00, 0x00, 0x00, 0x00, 0x00, 0x00,
    0x00, 0x00, 0x00, 0x00, 0x00, 0x00, 0x00, 0x00, 0x00, 0x00, 0x00, 0x00, 0x00, 0x00, 0x00, 0x00,
    0x00, 0x00, 0x00, 0x00, 0x00, 0x00, 0x00, 0x00, 0x00, 0x00, 0x00, 0x00, 0x00, 0x00, 0x00, 0x00,
    0x00, 0x00, 0x00, 0x00, 0x00, 0x00, 0x00, 0x00, 0x00, 0x00, 0x00, 0x00, 0x31, 0x76, 0xBD, 0x01,
    0x31, 0x76, 0xBD, 0x01, 0x31, 0x76, 0xBD, 0x01, 0x32, 0x76, 0xBD, 0x01, 0x32, 0x76, 0xBD, 0x01,
    0x32, 0x76, 0xBD, 0x01, 0x33, 0x76, 0xBD, 0x01, 0x34, 0x76, 0xBD, 0x01, 0x33, 0x76, 0xBD, 0x01,
    0x33, 0x76, 0xBD, 0x01, 0x33, 0x76, 0xBD, 0x01, 0x33, 0x75, 0xBD, 0x02, 0x33, 0x75, 0xBE, 0x02,
    0x33, 0x76, 0xBF, 0x02, 0x33, 0x76, 0xBF, 0x02, 0x32, 0x75, 0xC0, 0x02, 0x31, 0x75, 0xBF, 0x02,
    0x30, 0x75, 0xC0, 0x01, 0x30, 0x75, 0xC0, 0x01, 0x00, 0x00, 0x00, 0x00, 0x00, 0x00, 0x00, 0x00,
    0x00, 0x00, 0x00, 0x00, 0x00, 0x00, 0x00, 0x00, 0x00, 0x00, 0x00, 0x00, 0x00, 0x00, 0x00, 0x00,
    0x00, 0x00, 0x00, 0x00, 0x00, 0x00, 0x00, 0x00, 0x00, 0x00, 0x00, 0x00, 0x00, 0x00, 0x00, 0x00,
    0x00, 0x00, 0x00, 0x00, 0x00, 0x00, 0x00, 0x00, 0x00, 0x00, 0x00, 0x00, 0x00, 0x00, 0x00, 0x00,
    0x00, 0x00, 0x00, 0x00, 0x00, 0x00, 0x00, 0x00, 0x00, 0x00, 0x00, 0x00, 0x00, 0x00, 0x00, 0x00,
    0x00, 0x00, 0x00, 0x00, 0x00, 0x00, 0x00, 0x00, 0x2C, 0x71, 0xBA, 0x01, 0x2C, 0x71, 0xBA, 0x01,
    0x2C, 0x71, 0xB9, 0x01, 0x2C, 0x71, 0xB9, 0x01, 0x2B, 0x70, 0xB9, 0x01, 0x2B, 0x71, 0xB9, 0x01,
    0x2B, 0x71, 0xB9, 0x01, 0x2B, 0x71, 0xB9, 0x01, 0x2A, 0x71, 0xBA, 0x01, 0x2A, 0x71, 0xBB, 0x01,
    0x2A, 0x71, 0xBB, 0x01, 0x2A, 0x71, 0xBB, 0x01, 0x2A, 0x71, 0xBC, 0x01, 0x2A, 0x71, 0xBD, 0x01,
    0x2A, 0x71, 0xBD, 0x01, 0x2A, 0x71, 0xBE, 0x01, 0x2A, 0x72, 0xBE, 0x01, 0x2B, 0x72, 0xBE, 0x01,
    0x2B, 0x72, 0xBF, 0x01, 0x2B, 0x72, 0xBF, 0x01, 0x2B, 0x72, 0xBF, 0x02, 0x2C, 0x72, 0xC0, 0x02,
    0x2C, 0x73, 0xC0, 0x02, 0x2C, 0x73, 0xC0, 0x02, 0x2D, 0x72, 0xBF, 0x02, 0x2E, 0x72, 0xBF, 0x02,
    0x2E, 0x71, 0xBE, 0x02, 0x2E, 0x71, 0xBD, 0x02, 0x2E, 0x71, 0xBD, 0x02, 0x2E, 0x70, 0xBC, 0x03,
    0x2E, 0x70, 0xBB, 0x03, 0x2D, 0x6F, 0xBA, 0x03, 0x2D, 0x6F, 0xBA, 0x03, 0x2D, 0x6F, 0xB9, 0x03,
    0x2D, 0x6E, 0xB9, 0x03, 0x2D, 0x6E, 0xB9, 0x02, 0x2D, 0x6E, 0xB9, 0x02, 0x2D, 0x6F, 0xB9, 0x02,
    0x2D, 0x70, 0xB9, 0x01, 0x2E, 0x70, 0xB9, 0x01, 0x00, 0x00, 0x00, 0x00, 0x00, 0x00, 0x00, 0x00,
    0x00, 0x00, 0x00, 0x00, 0x00, 0x00, 0x00, 0x00, 0x00, 0x00, 0x00, 0x00, 0x00, 0x00, 0x00, 0x00,
    0x00, 0x00, 0x00, 0x00, 0x00, 0x00, 0x00, 0x00, 0x00, 0x00, 0x00, 0x00, 0x00, 0x00, 0x00, 0x00,
    0x00, 0x00, 0x00, 0x00, 0x00, 0x00, 0x00, 0x00, 0x00, 0x00, 0x00, 0x00, 0x00, 0x00, 0x00, 0x00,
    0x00, 0x00, 0x00, 0x00, 0x00, 0x00, 0x00, 0x00, 0x00, 0x00, 0x00, 0x00, 0x00, 0x00, 0x00, 0x00,
    0x00, 0x00, 0x00, 0x00, 0x00, 0x00, 0x00, 0x00, 0x00, 0x00, 0x00, 0x00, 0x00, 0x00, 0x00, 0x00,
    0x00, 0x00, 0x00, 0x00, 0x00, 0x00, 0x00, 0x00, 0x00, 0x00, 0x00, 0x00, 0x00, 0x00, 0x00, 0x00,
    0x00, 0x00, 0x00, 0x00, 0x00, 0x00, 0x00, 0x00, 0x00, 0x00, 0x00, 0x00, 0x00, 0x00, 0x00, 0x00,
    0x00, 0x00, 0x00, 0x00, 0x00, 0x00, 0x00, 0x00, 0x00, 0x00, 0x00, 0x00, 0x00, 0x00, 0x00, 0x00,
    0x00, 0x00, 0x00, 0x00, 0x00, 0x00, 0x00, 0x00, 0x00, 0x00, 0x00, 0x00, 0x00, 0x00, 0x00, 0x00,
    0x00, 0x00, 0x00, 0x00, 0x00, 0x00, 0x00, 0x00, 0x00, 0x00, 0x00, 0x00, 0x00, 0x00, 0x00, 0x00,
    0x00, 0x00, 0x00, 0x00, 0x00, 0x00, 0x00, 0x00, 0x00, 0x00, 0x00, 0x00, 0x00, 0x00, 0x00, 0x00,
    0x00, 0x00, 0x00, 0x00, 0x00, 0x00, 0x00, 0x00, 0x00, 0x00, 0x00, 0x00, 0x31, 0x76, 0xBE, 0x01,
    0x31, 0x76, 0xBE, 0x01, 0x32, 0x77, 0xBE, 0x01, 0x32, 0x77, 0xBE, 0x02, 0x33, 0x77, 0xBE, 0x02,
    0x33, 0x77, 0xBE, 0x02, 0x33, 0x77, 0xBE, 0x01, 0x34, 0x77, 0xBE, 0x02, 0x34, 0x77, 0xBD, 0x03,
    0x34, 0x77, 0xBD, 0x03, 0x34, 0x77, 0xBE, 0x03, 0x34, 0x76, 0xBE, 0x04, 0x34, 0x76, 0xBF, 0x03,
    0x33, 0x75, 0xBF, 0x03, 0x33, 0x75, 0xBF, 0x03, 0x32, 0x76, 0xC1, 0x03, 0x31, 0x76, 0xC1, 0x03,
    0x32, 0x77, 0xC2, 0x01, 0x32, 0x77, 0xC2, 0x01, 0x30, 0x77, 0xC3, 0x01, 0x00, 0x00, 0x00, 0x00,
    0x00, 0x00, 0x00, 0x00, 0x00, 0x00, 0x00, 0x00, 0x00, 0x00, 0x00, 0x00, 0x00, 0x00, 0x00, 0x00,
    0x00, 0x00, 0x00, 0x00, 0x00, 0x00, 0x00, 0x00, 0x00, 0x00, 0x00, 0x00, 0x00, 0x00, 0x00, 0x00,
    0x00, 0x00, 0x00, 0x00, 0x00, 0x00, 0x00, 0x00, 0x00, 0x00, 0x00, 0x00, 0x00, 0x00, 0x00, 0x00,
    0x00, 0x00, 0x00, 0x00, 0x00, 0x00, 0x00, 0x00, 0x00, 0x00, 0x00, 0x00, 0x00, 0x00, 0x00, 0x00,
    0x00, 0x00, 0x00, 0x00, 0x00, 0x00, 0x00, 0x00, 0x00, 0x00, 0x00, 0x00, 0x00, 0x00, 0x00, 0x00,
    0x00, 0x00, 0x00, 0x00, 0x2D, 0x72, 0xBB, 0x01, 0x2D, 0x72, 0xBB, 0x01, 0x2C, 0x72, 0xBB, 0x01,
    0x2C, 0x72, 0xBB, 0x01, 0x2C, 0x73, 0xBC, 0x01, 0x2C, 0x73, 0xBD, 0x01, 0x2B, 0x73, 0xBE, 0x01,
    0x2B, 0x73, 0xBE, 0x01, 0x2B, 0x74, 0xBE, 0x01, 0x2B, 0x74, 0xC0, 0x01, 0x2B, 0x74, 0xC1, 0x01,
    0x2B, 0x74, 0xC1, 0x01, 0x2B, 0x74, 0xC2, 0x01, 0x2B, 0x74, 0xC2, 0x01, 0x2B, 0x75, 0xC2, 0x01,
    0x2C, 0x75, 0xC3, 0x01, 0x2C, 0x75, 0xC3, 0x01, 0x2C, 0x75, 0xC3, 0x01, 0x2E, 0x75, 0xC3, 0x02,
    0x2D, 0x75, 0xC3, 0x02, 0x2D, 0x75, 0xC3, 0x02, 0x2E, 0x74, 0xC2, 0x04, 0x30, 0x73, 0xC2, 0x04,
    0x2F, 0x73, 0xC1, 0x05, 0x30, 0x72, 0xBF, 0x04, 0x30, 0x72, 0xBF, 0x04, 0x2E, 0x70, 0xBC, 0x03,
    0x2E, 0x6E, 0xBA, 0x03, 0x2E, 0x6F, 0xBA, 0x04, 0x2E, 0x6F, 0xBA, 0x04, 0x2D, 0x6F, 0xB8, 0x03,
    0x2D, 0x6F, 0xB8, 0x04, 0x2D, 0x6F, 0xB9, 0x03, 0x2D, 0x6F, 0xB9, 0x03, 0x2D, 0x6F, 0xBA, 0x03,
    0x2D, 0x70, 0xBA, 0x02, 0x2E, 0x71, 0xBA, 0x01, 0x00, 0x00, 0x00, 0x00, 0x00, 0x00, 0x00, 0x00,
    0x00, 0x00, 0x00, 0x00, 0x00, 0x00, 0x00, 0x00, 0x00, 0x00, 0x00, 0x00, 0x00, 0x00, 0x00, 0x00,
    0x00, 0x00, 0x00, 0x00, 0x00, 0x00, 0x00, 0x00, 0x00, 0x00, 0x00, 0x00, 0x00, 0x00, 0x00, 0x00,
    0x00, 0x00, 0x00, 0x00, 0x00, 0x00, 0x00, 0x00, 0x00, 0x00, 0x00, 0x00, 0x00, 0x00, 0x00, 0x00,
    0x00, 0x00, 0x00, 0x00, 0x00, 0x00, 0x00, 0x00, 0x00, 0x00, 0x00, 0x00, 0x00, 0x00, 0x00, 0x00,
    0x00, 0x00, 0x00, 0x00, 0x00, 0x00, 0x00, 0x00, 0x00, 0x00, 0x00, 0x00, 0x00, 0x00, 0x00, 0x00,
    0x00, 0x00, 0x00, 0x00, 0x00, 0x00, 0x00, 0x00, 0x00, 0x00, 0x00, 0x00, 0x00, 0x00, 0x00, 0x00,
    0x00, 0x00, 0x00, 0x00, 0x00, 0x00, 0x00, 0x00, 0x00, 0x00, 0x00, 0x00, 0x00, 0x00, 0x00, 0x00,
    0x00, 0x00, 0x00, 0x00, 0x00, 0x00, 0x00, 0x00, 0x00, 0x00, 0x00, 0x00, 0x00, 0x00, 0x00, 0x00,
    0x00, 0x00, 0x00, 0x00, 0x00, 0x00, 0x00, 0x00, 0x00, 0x00, 0x00, 0x00, 0x00, 0x00, 0x00, 0x00,
    0x00, 0x00, 0x00, 0x00, 0x00, 0x00, 0x00, 0x00, 0x00, 0x00, 0x00, 0x00, 0x00, 0x00, 0x00, 0x00,
    0x00, 0x00, 0x00, 0x00, 0x00, 0x00, 0x00, 0x00, 0x00, 0x00, 0x00, 0x00, 0x00, 0x00, 0x00, 0x00,
    0x00, 0x00, 0x00, 0x00, 0x00, 0x00, 0x00, 0x00, 0x00, 0x00, 0x00, 0x00, 0x31, 0x76, 0xBE, 0x01,
    0x31, 0x76, 0xBE, 0x01, 0x32, 0x77, 0xBE, 0x01, 0x32, 0x77, 0xBE, 0x02, 0x33, 0x77, 0xBE, 0x02,
    0x33, 0x77, 0xBE, 0x02, 0x33, 0x77, 0xBE, 0x01, 0x34, 0x77, 0xBE, 0x02, 0x34, 0x77, 0xBD, 0x03,
    0x34, 0x77, 0xBD, 0x03, 0x34, 0x77, 0xBE, 0x03, 0x34, 0x76, 0xBE, 0x04, 0x34, 0x76, 0xBF, 0x03,
    0x33, 0x75, 0xBF, 0x03, 0x33, 0x75, 0xBF, 0x03, 0x32, 0x76, 0xC1, 0x03, 0x31, 0x76, 0xC1, 0x03,
    0x32, 0x77, 0xC2, 0x01, 0x32, 0x77, 0xC2, 0x01, 0x30, 0x77, 0xC3, 0x01, 0x00, 0x00, 0x00, 0x00,
    0x00, 0x00, 0x00, 0x00, 0x00, 0x00, 0x00, 0x00, 0x00, 0x00, 0x00, 0x00, 0x00, 0x00, 0x00, 0x00,
    0x00, 0x00, 0x00, 0x00, 0x00, 0x00, 0x00, 0x00, 0x00, 0x00, 0x00, 0x00, 0x00, 0x00, 0x00, 0x00,
    0x00, 0x00, 0x00, 0x00, 0x00, 0x00, 0x00, 0x00, 0x00, 0x00, 0x00, 0x00, 0x00, 0x00, 0x00, 0x00,
    0x00, 0x00, 0x00, 0x00, 0x00, 0x00, 0x00, 0x00, 0x00, 0x00, 0x00, 0x00, 0x00, 0x00, 0x00, 0x00,
    0x00, 0x00, 0x00, 0x00, 0x00, 0x00, 0x00, 0x00, 0x00, 0x00, 0x00, 0x00, 0x00, 0x00, 0x00, 0x00,
    0x00, 0x00, 0x00, 0x00, 0x2D, 0x72, 0xBB, 0x01, 0x2D, 0x72, 0xBB, 0x01, 0x2C, 0x72, 0xBB, 0x01,
    0x2C, 0x72, 0xBB, 0x01, 0x2C, 0x73, 0xBC, 0x01, 0x2C, 0x73, 0xBD, 0x01, 0x2B, 0x73, 0xBE, 0x01,
    0x2B, 0x73, 0xBE, 0x01, 0x2B, 0x74, 0xBE, 0x01, 0x2B, 0x74, 0xC0, 0x01, 0x2B, 0x74, 0xC1, 0x01,
    0x2B, 0x74, 0xC1, 0x01, 0x2B, 0x74, 0xC2, 0x01, 0x2B, 0x74, 0xC2, 0x01, 0x2B, 0x75, 0xC2, 0x01,
    0x2C, 0x75, 0xC3, 0x01, 0x2C, 0x75, 0xC3, 0x01, 0x2C, 0x75, 0xC3, 0x01, 0x2E, 0x75, 0xC3, 0x02,
    0x2D, 0x75, 0xC3, 0x02, 0x2D, 0x75, 0xC3, 0x02, 0x2E, 0x74, 0xC2, 0x04, 0x30, 0x73, 0xC2, 0x04,
    0x2F, 0x73, 0xC1, 0x05, 0x30, 0x72, 0xBF, 0x04, 0x30, 0x72, 0xBF, 0x04, 0x2E, 0x70, 0xBC, 0x03,
    0x2E, 0x6E, 0xBA, 0x03, 0x2E, 0x6F, 0xBA, 0x04, 0x2E, 0x6F, 0xBA, 0x04, 0x2D, 0x6F, 0xB8, 0x03,
    0x2D, 0x6F, 0xB8, 0x04, 0x2D, 0x6F, 0xB9, 0x03, 0x2D, 0x6F, 0xB9, 0x03, 0x2D, 0x6F, 0xBA, 0x03,
    0x2D, 0x70, 0xBA, 0x02, 0x2E, 0x71, 0xBA, 0x01, 0x00, 0x00, 0x00, 0x00, 0x00, 0x00, 0x00, 0x00,
    0x00, 0x00, 0x00, 0x00, 0x00, 0x00, 0x00, 0x00, 0x00, 0x00, 0x00, 0x00, 0x00, 0x00, 0x00, 0x00,
    0x00, 0x00, 0x00, 0x00, 0x00, 0x00, 0x00, 0x00, 0x00, 0x00, 0x00, 0x00, 0x00, 0x00, 0x00, 0x00,
    0x00, 0x00, 0x00, 0x00, 0x00, 0x00, 0x00, 0x00, 0x00, 0x00, 0x00, 0x00, 0x00, 0x00, 0x00, 0x00,
    0x00, 0x00, 0x00, 0x00, 0x00, 0x00, 0x00, 0x00, 0x00, 0x00, 0x00, 0x00, 0x00, 0x00, 0x00, 0x00,
    0x00, 0x00, 0x00, 0x00, 0x00, 0x00, 0x00, 0x00, 0x00, 0x00, 0x00, 0x00, 0x00, 0x00, 0x00, 0x00,
    0x00, 0x00, 0x00, 0x00, 0x00, 0x00, 0x00, 0x00, 0x00, 0x00, 0x00, 0x00, 0x00, 0x00, 0x00, 0x00,
    0x00, 0x00, 0x00, 0x00, 0x00, 0x00, 0x00, 0x00, 0x00, 0x00, 0x00, 0x00, 0x00, 0x00, 0x00, 0x00,
    0x00, 0x00, 0x00, 0x00, 0x00, 0x00, 0x00, 0x00, 0x00, 0x00, 0x00, 0x00, 0x00, 0x00, 0x00, 0x00,
    0x00, 0x00, 0x00, 0x00, 0x00, 0x00, 0x00, 0x00, 0x00, 0x00, 0x00, 0x00, 0x00, 0x00, 0x00, 0x00,
    0x00, 0x00, 0x00, 0x00, 0x00, 0x00, 0x00, 0x00, 0x00, 0x00, 0x00, 0x00, 0x00, 0x00, 0x00, 0x00,
    0x00, 0x00, 0x00, 0x00, 0x00, 0x00, 0x00, 0x00, 0x00, 0x00, 0x00, 0x00, 0x00, 0x00, 0x00, 0x00,
    0x00, 0x00, 0x00, 0x00, 0x00, 0x00, 0x00, 0x00, 0x00, 0x00, 0x00, 0x00, 0x32, 0x77, 0xBF, 0x01,
    0x32, 0x77, 0xBF, 0x01, 0x32, 0x78, 0xBF, 0x01, 0x32, 0x77, 0xBF, 0x01, 0x33, 0x77, 0xBE, 0x02,
    0x33, 0x77, 0xBE, 0x02, 0x34, 0x77, 0xBE, 0x02, 0x35, 0x78, 0xBE, 0x02, 0x34, 0x78, 0xBE, 0x03,
    0x34, 0x78, 0xBE, 0x03, 0x33, 0x78, 0xBE, 0x04, 0x31, 0x78, 0xC1, 0x06, 0x34, 0x7C, 0xC7, 0x08,
    0x36, 0x80, 0xCB, 0x08, 0x36, 0x80, 0xCB, 0x08, 0x36, 0x7F, 0xCA, 0x04, 0x33, 0x7A, 0xC6, 0x04,
    0x32, 0x79, 0xC4, 0x04, 0x32, 0x79, 0xC4, 0x04, 0x31, 0x78, 0xC5, 0x02, 0x00, 0x00, 0x00, 0x00,
    0x00, 0x00, 0x00, 0x00, 0x00, 0x00, 0x00, 0x00, 0x00, 0x00, 0x00, 0x00, 0x00, 0x00, 0x00, 0x00,
    0x00, 0x00, 0x00, 0x00, 0x00, 0x00, 0x00, 0x00, 0x00, 0x00, 0x00, 0x00, 0x00, 0x00, 0x00, 0x00,
    0x00, 0x00, 0x00, 0x00, 0x00, 0x00, 0x00, 0x00, 0x00, 0x00, 0x00, 0x00, 0x00, 0x00, 0x00, 0x00,
    0x00, 0x00, 0x00, 0x00, 0x00, 0x00, 0x00, 0x00, 0x00, 0x00, 0x00, 0x00, 0x00, 0x00, 0x00, 0x00,
    0x00, 0x00, 0x00, 0x00, 0x00, 0x00, 0x00, 0x00, 0x00, 0x00, 0x00, 0x00, 0x00, 0x00, 0x00, 0x00,
    0x2F, 0x74, 0xBC, 0x01, 0x2E, 0x74, 0xBC, 0x01, 0x2E, 0x74, 0xBD, 0x01, 0x2E, 0x75, 0xBD, 0x01,
    0x2E, 0x75, 0xBD, 0x01, 0x2E, 0x75, 0xBE, 0x01, 0x2E, 0x75, 0xBF, 0x01, 0x2E, 0x76, 0xC1, 0x01,
    0x2E, 0x76, 0xC1, 0x01, 0x2E, 0x76, 0xC2, 0x01, 0x2D, 0x77, 0xC3, 0x01, 0x2E, 0x78, 0xC4, 0x01,
    0x2E, 0x78, 0xC4, 0x01, 0x2D, 0x78, 0xC5, 0x01, 0x2D, 0x78, 0xC5, 0x01, 0x2D, 0x78, 0xC6, 0x01,
    0x2E, 0x79, 0xC7, 0x01, 0x2E, 0x79, 0xC7, 0x01, 0x2F, 0x79, 0xC7, 0x01, 0x30, 0x79, 0xC7, 0x02,
    0x2F, 0x77, 0xC6, 0x03, 0x2F, 0x77, 0xC6, 0x03, 0x2F, 0x76, 0xC5, 0x05, 0x2F, 0x76, 0xC5, 0x07,
    0x2F, 0x74, 0xC3, 0x08, 0x2E, 0x73, 0xC1, 0x0B, 0x2E, 0x73, 0xC1, 0x0B, 0x2D, 0x73, 0xC2, 0x10,
    0x2F, 0x75, 0xC4, 0x0E, 0x2D, 0x75, 0xC3, 0x0D, 0x2D, 0x75, 0xC3, 0x0D, 0x2F, 0x76, 0xC0, 0x09,
    0x2C, 0x70, 0xBA, 0x08, 0x2D, 0x71, 0xBA, 0x08, 0x2D, 0x71, 0xBA, 0x08, 0x2E, 0x71, 0xBA, 0x04,
    0x2D, 0x70, 0xBA, 0x03, 0x2F, 0x71, 0xBB, 0x01, 0x00, 0x00, 0x00, 0x00, 0x00, 0x00, 0x00, 0x00,
    0x00, 0x00, 0x00, 0x00, 0x00, 0x00, 0x00, 0x00, 0x00, 0x00, 0x00, 0x00, 0x00, 0x00, 0x00, 0x00,
    0x00, 0x00, 0x00, 0x00, 0x00, 0x00, 0x00, 0x00, 0x00, 0x00, 0x00, 0x00, 0x00, 0x00, 0x00, 0x00,
    0x00, 0x00, 0x00, 0x00, 0x00, 0x00, 0x00, 0x00, 0x00, 0x00, 0x00, 0x00, 0x00, 0x00, 0x00, 0x00,
    0x00, 0x00, 0x00, 0x00, 0x00, 0x00, 0x00, 0x00, 0x00, 0x00, 0x00, 0x00, 0x00, 0x00, 0x00, 0x00,
    0x00, 0x00, 0x00, 0x00, 0x00, 0x00, 0x00, 0x00, 0x00, 0x00, 0x00, 0x00, 0x00, 0x00, 0x00, 0x00,
    0x00, 0x00, 0x00, 0x00, 0x00, 0x00, 0x00, 0x00, 0x00, 0x00, 0x00, 0x00, 0x00, 0x00, 0x00, 0x00,
    0x00, 0x00, 0x00, 0x00, 0x00, 0x00, 0x00, 0x00, 0x00, 0x00, 0x00, 0x00, 0x00, 0x00, 0x00, 0x00,
    0x00, 0x00, 0x00, 0x00, 0x00, 0x00, 0x00, 0x00, 0x00, 0x00, 0x00, 0x00, 0x00, 0x00, 0x00, 0x00,
    0x00, 0x00, 0x00, 0x00, 0x00, 0x00, 0x00, 0x00, 0x00, 0x00, 0x00, 0x00, 0x00, 0x00, 0x00, 0x00,
    0x00, 0x00, 0x00, 0x00, 0x00, 0x00, 0x00, 0x00, 0x00, 0x00, 0x00, 0x00, 0x00, 0x00, 0x00, 0x00,
    0x00, 0x00, 0x00, 0x00, 0x00, 0x00, 0x00, 0x00, 0x00, 0x00, 0x00, 0x00, 0x00, 0x00, 0x00, 0x00,
    0x00, 0x00, 0x00, 0x00, 0x00, 0x00, 0x00, 0x00, 0x00, 0x00, 0x00, 0x00, 0x32, 0x78, 0xC0, 0x01,
    0x32, 0x78, 0xC0, 0x01, 0x33, 0x78, 0xC0, 0x01, 0x33, 0x78, 0xC0, 0x01, 0x34, 0x78, 0xBF, 0x01,
    0x34, 0x78, 0xBF, 0x01, 0x34, 0x77, 0xBF, 0x02, 0x35, 0x78, 0xBE, 0x04, 0x32, 0x78, 0xBF, 0x07,
    0x32, 0x78, 0xBF, 0x07, 0x31, 0x79, 0xC3, 0x0F, 0x37, 0x79, 0xC1, 0x1A, 0x31, 0x67, 0xA5, 0x1B,
    0x2A, 0x59, 0x93, 0x21, 0x2A, 0x59, 0x93, 0x21, 0x2D, 0x61, 0xA2, 0x3F, 0x2F, 0x72, 0xBE, 0x2A,
    0x00, 0x00, 0x00, 0x00, 0x00, 0x00, 0x00, 0x00, 0x2D, 0x76, 0xC6, 0x01, 0x31, 0x7A, 0xC8, 0x01,
    0x31, 0x7B, 0xC8, 0x01, 0x00, 0x00, 0x00, 0x00, 0x00, 0x00, 0x00, 0x00, 0x00, 0x00, 0x00, 0x00,
    0x00, 0x00, 0x00, 0x00, 0x00, 0x00, 0x00, 0x00, 0x00, 0x00, 0x00, 0x00, 0x00, 0x00, 0x00, 0x00,
    0x00, 0x00, 0x00, 0x00, 0x00, 0x00, 0x00, 0x00, 0x00, 0x00, 0x00, 0x00, 0x00, 0x00, 0x00, 0x00,
    0x00, 0x00, 0x00, 0x00, 0x00, 0x00, 0x00, 0x00, 0x00, 0x00, 0x00, 0x00, 0x00, 0x00, 0x00, 0x00,
    0x00, 0x00, 0x00, 0x00, 0x00, 0x00, 0x00, 0x00, 0x00, 0x00, 0x00, 0x00, 0x00, 0x00, 0x00, 0x00,
    0x00, 0x00, 0x00, 0x00, 0x00, 0x00, 0x00, 0x00, 0x00, 0x00, 0x00, 0x00, 0x2F, 0x76, 0xBF, 0x01,
    0x2F, 0x76, 0xBF, 0x01, 0x2F, 0x77, 0xC0, 0x01, 0x2F, 0x77, 0xC2, 0x01, 0x2F, 0x78, 0xC4, 0x01,
    0x2F, 0x78, 0xC4, 0x01, 0x2F, 0x79, 0xC5, 0x01, 0x2F, 0x7A, 0xC6, 0x01, 0x2F, 0x7B, 0xC8, 0x01,
    0x2F, 0x7B, 0xC8, 0x01, 0x2F, 0x7B, 0xC8, 0x01, 0x30, 0x7C, 0xC9, 0x01, 0x31, 0x7C, 0xC9, 0x01,
    0x32, 0x7C, 0xCA, 0x01, 0x32, 0x7C, 0xCA, 0x01, 0x32, 0x7C, 0xCA, 0x01, 0x31, 0x7B, 0xC9, 0x02,
    0x31, 0x7A, 0xC9, 0x03, 0x31, 0x7A, 0xC9, 0x03, 0x31, 0x78, 0xC9, 0x06, 0x30, 0x77, 0xC8, 0x05,
    0x2E, 0x75, 0xC7, 0x04, 0x2E, 0x75, 0xC5, 0x10, 0x2E, 0x75, 0xC5, 0x10, 0x29, 0x6B, 0xB2, 0x34,
    0x25, 0x56, 0x94, 0x32, 0x27, 0x54, 0x8E, 0x35, 0x27, 0x54, 0x8E, 0x35, 0x29, 0x5B, 0x98, 0x3C,
    0x30, 0x6F, 0xB4, 0x11, 0x2C, 0x71, 0xBA, 0x08, 0x2C, 0x71, 0xBA, 0x08, 0x29, 0x6D, 0xB7, 0x06,
    0x2D, 0x71, 0xBB, 0x06, 0x2D, 0x71, 0xBB, 0x02, 0x2E, 0x72, 0xBC, 0x01, 0x2E, 0x72, 0xBC, 0x01,
    0x00, 0x00, 0x00, 0x00, 0x00, 0x00, 0x00, 0x00, 0x00, 0x00, 0x00, 0x00, 0x00, 0x00, 0x00, 0x00,
    0x00, 0x00, 0x00, 0x00, 0x00, 0x00, 0x00, 0x00, 0x00, 0x00, 0x00, 0x00, 0x00, 0x00, 0x00, 0x00,
    0x00, 0x00, 0x00, 0x00, 0x00, 0x00, 0x00, 0x00, 0x00, 0x00, 0x00, 0x00, 0x00, 0x00, 0x00, 0x00,
    0x00, 0x00, 0x00, 0x00, 0x00, 0x00, 0x00, 0x00, 0x00, 0x00, 0x00, 0x00, 0x00, 0x00, 0x00, 0x00,
    0x00, 0x00, 0x00, 0x00, 0x00, 0x00, 0x00, 0x00, 0x00, 0x00, 0x00, 0x00, 0x00, 0x00, 0x00, 0x00,
    0x00, 0x00, 0x00, 0x00, 0x00, 0x00, 0x00, 0x00, 0x00, 0x00, 0x00, 0x00, 0x00, 0x00, 0x00, 0x00,
    0x00, 0x00, 0x00, 0x00, 0x00, 0x00, 0x00, 0x00, 0x00, 0x00, 0x00, 0x00, 0x00, 0x00, 0x00, 0x00,
    0x00, 0x00, 0x00, 0x00, 0x00, 0x00, 0x00, 0x00, 0x00, 0x00, 0x00, 0x00, 0x00, 0x00, 0x00, 0x00,
    0x00, 0x00, 0x00, 0x00, 0x00, 0x00, 0x00, 0x00, 0x00, 0x00, 0x00, 0x00, 0x00, 0x00, 0x00, 0x00,
    0x00, 0x00, 0x00, 0x00, 0x00, 0x00, 0x00, 0x00, 0x00, 0x00, 0x00, 0x00, 0x00, 0x00, 0x00, 0x00,
    0x00, 0x00, 0x00, 0x00, 0x00, 0x00, 0x00, 0x00, 0x00, 0x00, 0x00, 0x00, 0x00, 0x00, 0x00, 0x00,
    0x00, 0x00, 0x00, 0x00, 0x00, 0x00, 0x00, 0x00, 0x00, 0x00, 0x00, 0x00, 0x34, 0x79, 0xC1, 0x01,
    0x34, 0x79, 0xC1, 0x01, 0x34, 0x79, 0xC2, 0x01, 0x35, 0x79, 0xC1, 0x02, 0x35, 0x79, 0xC1, 0x02,
    0x35, 0x79, 0xC1, 0x02, 0x35, 0x79, 0xC0, 0x03, 0x34, 0x79, 0xBF, 0x06, 0x34, 0x7C, 0xC0, 0x03,
    0x34, 0x7C, 0xC0, 0x03, 0x35, 0x79, 0xB8, 0x1C, 0x1A, 0x4A, 0x80, 0xB2, 0x02, 0x16, 0x42, 0xDF,
    0x01, 0x09, 0x32, 0xDF, 0x01, 0x09, 0x32, 0xDF, 0x02, 0x10, 0x44, 0xF3, 0x0B, 0x30, 0x72, 0xD8,
    0x33, 0x78, 0xBC, 0x58, 0x33, 0x78, 0xBC, 0x58, 0x3A, 0x7C, 0xC9, 0x19, 0x00, 0x00, 0x00, 0x00,
    0x34, 0x80, 0xCF, 0x02, 0x30, 0x7B, 0xC9, 0x01, 0x30, 0x7B, 0xC9, 0x01, 0x00, 0x00, 0x00, 0x00,
    0x00, 0x00, 0x00, 0x00, 0x00, 0x00, 0x00, 0x00, 0x00, 0x00, 0x00, 0x00, 0x00, 0x00, 0x00, 0x00,
    0x00, 0x00, 0x00, 0x00, 0x00, 0x00, 0x00, 0x00, 0x00, 0x00, 0x00, 0x00, 0x00, 0x00, 0x00, 0x00,
    0x00, 0x00, 0x00, 0x00, 0x30, 0x78, 0xC3, 0x01, 0x2F, 0x77, 0xC1, 0x02, 0x2F, 0x77, 0xC1, 0x02,
    0x2F, 0x76, 0xBF, 0x02, 0x2F, 0x76, 0xBF, 0x01, 0x30, 0x76, 0xBE, 0x02, 0x30, 0x76, 0xBE, 0x02,
    0x2F, 0x76, 0xBE, 0x02, 0x30, 0x75, 0xBE, 0x02, 0x30, 0x76, 0xC0, 0x02, 0x2F, 0x76, 0xC1, 0x02,
    0x2F, 0x76, 0xC1, 0x02, 0x2E, 0x77, 0xC2, 0x03, 0x2E, 0x78, 0xC4, 0x02, 0x2E, 0x79, 0xC6, 0x01,
    0x2E, 0x79, 0xC6, 0x01, 0x2F, 0x7A, 0xC8, 0x01, 0x30, 0x7B, 0xCA, 0x01, 0x31, 0x7C, 0xCB, 0x01,
    0x31, 0x7C, 0xCB, 0x01, 0x32, 0x7D, 0xCC, 0x01, 0x34, 0x7E, 0xCB, 0x01, 0x36, 0x7F, 0xCB, 0x01,
    0x36, 0x7F, 0xCB, 0x01, 0x36, 0x7F, 0xCB, 0x01, 0x36, 0x7E, 0xCC, 0x02, 0x33, 0x7D, 0xCC, 0x04,
    0x31, 0x7C, 0xCB, 0x03, 0x31, 0x7C, 0xCB, 0x03, 0x2E, 0x77, 0xC8, 0x08, 0x37, 0x7A, 0xC9, 0x1D,
    0x33, 0x6F, 0xBB, 0x2C, 0x37, 0x76, 0xBD, 0x5E, 0x37, 0x76, 0xBD, 0x5E, 0x1C, 0x50, 0x8B, 0xC3,
    0x01, 0x0E, 0x36, 0xD7, 0x00, 0x05, 0x21, 0xE9, 0x00, 0x05, 0x21, 0xE9, 0x01, 0x06, 0x24, 0xD6,
    0x04, 0x1D, 0x4E, 0xA7, 0x24, 0x68, 0xA9, 0x76, 0x24, 0x68, 0xA9, 0x76, 0x2D, 0x76, 0xBF, 0x14,
    0x2A, 0x70, 0xBC, 0x03, 0x2E, 0x74, 0xBD, 0x03, 0x2E, 0x73, 0xBD, 0x01, 0x2E, 0x73, 0xBD, 0x01,
    0x00, 0x00, 0x00, 0x00, 0x00, 0x00, 0x00, 0x00, 0x00, 0x00, 0x00, 0x00, 0x00, 0x00, 0x00, 0x00,
    0x00, 0x00, 0x00, 0x00, 0x00, 0x00, 0x00, 0x00, 0x00, 0x00, 0x00, 0x00, 0x00, 0x00, 0x00, 0x00,
    0x00, 0x00, 0x00, 0x00, 0x00, 0x00, 0x00, 0x00, 0x00, 0x00, 0x00, 0x00, 0x00, 0x00, 0x00, 0x00,
    0x00, 0x00, 0x00, 0x00, 0x00, 0x00, 0x00, 0x00, 0x00, 0x00, 0x00, 0x00, 0x00, 0x00, 0x00, 0x00,
    0x00, 0x00, 0x00, 0x00, 0x00, 0x00, 0x00, 0x00, 0x00, 0x00, 0x00, 0x00, 0x00, 0x00, 0x00, 0x00,
    0x00, 0x00, 0x00, 0x00, 0x00, 0x00, 0x00, 0x00, 0x00, 0x00, 0x00, 0x00, 0x00, 0x00, 0x00, 0x00,
    0x00, 0x00, 0x00, 0x00, 0x00, 0x00, 0x00, 0x00, 0x00, 0x00, 0x00, 0x00, 0x00, 0x00, 0x00, 0x00,
    0x00, 0x00, 0x00, 0x00, 0x00, 0x00, 0x00, 0x00, 0x00, 0x00, 0x00, 0x00, 0x00, 0x00, 0x00, 0x00,
    0x00, 0x00, 0x00, 0x00, 0x00, 0x00, 0x00, 0x00, 0x00, 0x00, 0x00, 0x00, 0x00, 0x00, 0x00, 0x00,
    0x00, 0x00, 0x00, 0x00, 0x00, 0x00, 0x00, 0x00, 0x00, 0x00, 0x00, 0x00, 0x00, 0x00, 0x00, 0x00,
    0x00, 0x00, 0x00, 0x00, 0x00, 0x00, 0x00, 0x00, 0x00, 0x00, 0x00, 0x00, 0x00, 0x00, 0x00, 0x00,
    0x00, 0x00, 0x00, 0x00, 0x00, 0x00, 0x00, 0x00, 0x00, 0x00, 0x00, 0x00, 0x34, 0x79, 0xC2, 0x01,
    0x34, 0x79, 0xC2, 0x01, 0x35, 0x7A, 0xC3, 0x01, 0x36, 0x79, 0xC2, 0x02, 0x37, 0x79, 0xC2, 0x03,
    0x37, 0x79, 0xC2, 0x03, 0x34, 0x79, 0xBF, 0x07, 0x32, 0x7B, 0xC1, 0x04, 0x2E, 0x6F, 0xB0, 0x35,
    0x2E, 0x6F, 0xB0, 0x35, 0x05, 0x20, 0x51, 0xA4, 0x16, 0x45, 0x78, 0xF2, 0x50, 0xA4, 0xE0, 0xFB,
    0x4F, 0xA4, 0xEA, 0xF7, 0x4F, 0xA4, 0xEA, 0xF7, 0x49, 0xA1, 0xEC, 0xF5, 0x2D, 0x7B, 0xC9, 0xF3,
    0x03, 0x1F, 0x5C, 0xF8, 0x03, 0x1F, 0x5C, 0xF8, 0x03, 0x15, 0x4D, 0xCD, 0x19, 0x49, 0x8D, 0x39,
    0x29, 0x6C, 0xB8, 0x07, 0x00, 0x00, 0x00, 0x00, 0x00, 0x00, 0x00, 0x00, 0x2F, 0x7E, 0xCB, 0x01,
    0x00, 0x00, 0x00, 0x00, 0x00, 0x00, 0x00, 0x00, 0x00, 0x00, 0x00, 0x00, 0x00, 0x00, 0x00, 0x00,
    0x00, 0x00, 0x00, 0x00, 0x30, 0x7C, 0xCA, 0x01, 0x30, 0x7C, 0xCA, 0x01, 0x31, 0x7B, 0xC9, 0x01,
    0x31, 0x7B, 0xC8, 0x01, 0x00, 0x00, 0x00, 0x00, 0x00, 0x00, 0x00, 0x00, 0x00, 0x00, 0x00, 0x00,
    0x00, 0x00, 0x00, 0x00, 0x00, 0x00, 0x00, 0x00, 0x00, 0x00, 0x00, 0x00, 0x00, 0x00, 0x00, 0x00,
    0x00, 0x00, 0x00, 0x00, 0x00, 0x00, 0x00, 0x00, 0x00, 0x00, 0x00, 0x00, 0x00, 0x00, 0x00, 0x00,
    0x00, 0x00, 0x00, 0x00, 0x00, 0x00, 0x00, 0x00, 0x2E, 0x7B, 0xC9, 0x01, 0x30, 0x7C, 0xC9, 0x02,
    0x30, 0x7C, 0xC9, 0x02, 0x30, 0x7C, 0xCA, 0x02, 0x31, 0x7D, 0xCC, 0x01, 0x32, 0x7E, 0xCE, 0x02,
    0x32, 0x7E, 0xCE, 0x02, 0x34, 0x7F, 0xCE, 0x02, 0x36, 0x7F, 0xCC, 0x02, 0x38, 0x80, 0xCC, 0x01,
    0x39, 0x80, 0xCC, 0x02, 0x39, 0x80, 0xCC, 0x02, 0x37, 0x80, 0xCD, 0x02, 0x34, 0x7F, 0xD0, 0x01,
    0x34, 0x83, 0xD1, 0x09, 0x34, 0x83, 0xD1, 0x09, 0x29, 0x6E, 0xB2, 0x57, 0x19, 0x42, 0x7D, 0xCA,
    0x03, 0x10, 0x3D, 0xE5, 0x01, 0x0C, 0x36, 0xE9, 0x01, 0x0C, 0x36, 0xE9, 0x1A, 0x54, 0x94, 0xF6,
    0x3B, 0x9B, 0xDE, 0xED, 0x3A, 0x95, 0xDE, 0xF1, 0x3A, 0x95, 0xDE, 0xF1, 0x3B, 0x94, 0xD9, 0xEE,
    0x2F, 0x81, 0xC4, 0xF8, 0x0D, 0x3C, 0x73, 0xF1, 0x0D, 0x3C, 0x73, 0xF1, 0x16, 0x45, 0x85, 0x83,
    0x2B, 0x71, 0xBD, 0x26, 0x00, 0x00, 0x00, 0x00, 0x2F, 0x74, 0xBF, 0x03, 0x2F, 0x74, 0xBF, 0x03,
    0x30, 0x74, 0xBF, 0x01, 0x00, 0x00, 0x00, 0x00, 0x00, 0x00, 0x00, 0x00, 0x00, 0x00, 0x00, 0x00,
    0x00, 0x00, 0x00, 0x00, 0x00, 0x00, 0x00, 0x00, 0x00, 0x00, 0x00, 0x00, 0x00, 0x00, 0x00, 0x00,
    0x00, 0x00, 0x00, 0x00, 0x00, 0x00, 0x00, 0x00, 0x00, 0x00, 0x00, 0x00, 0x00, 0x00, 0x00, 0x00,
    0x00, 0x00, 0x00, 0x00, 0x00, 0x00, 0x00, 0x00, 0x00, 0x00, 0x00, 0x00, 0x00, 0x00, 0x00, 0x00,
    0x00, 0x00, 0x00, 0x00, 0x00, 0x00, 0x00, 0x00, 0x00, 0x00, 0x00, 0x00, 0x00, 0x00, 0x00, 0x00,
    0x00, 0x00, 0x00, 0x00, 0x00, 0x00, 0x00, 0x00, 0x00, 0x00, 0x00, 0x00, 0x00, 0x00, 0x00, 0x00,
    0x00, 0x00, 0x00, 0x00, 0x00, 0x00, 0x00, 0x00, 0x00, 0x00, 0x00, 0x00, 0x00, 0x00, 0x00, 0x00,
    0x00, 0x00, 0x00, 0x00, 0x00, 0x00, 0x00, 0x00, 0x00, 0x00, 0x00, 0x00, 0x00, 0x00, 0x00, 0x00,
    0x00, 0x00, 0x00, 0x00, 0x00, 0x00, 0x00, 0x00, 0x00, 0x00, 0x00, 0x00, 0x00, 0x00, 0x00, 0x00,
    0x00, 0x00, 0x00, 0x00, 0x00, 0x00, 0x00, 0x00, 0x00, 0x00, 0x00, 0x00, 0x00, 0x00, 0x00, 0x00,
    0x00, 0x00, 0x00, 0x00, 0x00, 0x00, 0x00, 0x00, 0x00, 0x00, 0x00, 0x00, 0x00, 0x00, 0x00, 0x00,
    0x00, 0x00, 0x00, 0x00, 0x00, 0x00, 0x00, 0x00, 0x00, 0x00, 0x00, 0x00, 0x34, 0x79, 0xC2, 0x01,
    0x34, 0x79, 0xC2, 0x01, 0x35, 0x7A, 0xC3, 0x01, 0x36, 0x79, 0xC2, 0x02, 0x37, 0x79, 0xC2, 0x03,
    0x37, 0x79, 0xC2, 0x03, 0x34, 0x79, 0xBF, 0x07, 0x32, 0x7B, 0xC1, 0x04, 0x2E, 0x6F, 0xB0, 0x35,
    0x2E, 0x6F, 0xB0, 0x35, 0x05, 0x20, 0x51, 0xA4, 0x16, 0x45, 0x78, 0xF2, 0x50, 0xA4, 0xE0, 0xFB,
    0x4F, 0xA4, 0xEA, 0xF7, 0x4F, 0xA4, 0xEA, 0xF7, 0x49, 0xA1, 0xEC, 0xF5, 0x2D, 0x7B, 0xC9, 0xF3,
    0x03, 0x1F, 0x5C, 0xF8, 0x03, 0x1F, 0x5C, 0xF8, 0x03, 0x15, 0x4D, 0xCD, 0x19, 0x49, 0x8D, 0x39,
    0x29, 0x6C, 0xB8, 0x07, 0x00, 0x00, 0x00, 0x00, 0x00, 0x00, 0x00, 0x00, 0x2F, 0x7E, 0xCB, 0x01,
    0x00, 0x00, 0x00, 0x00, 0x00, 0x00, 0x00, 0x00, 0x00, 0x00, 0x00, 0x00, 0x00, 0x00, 0x00, 0x00,
    0x00, 0x00, 0x00, 0x00, 0x30, 0x7C, 0xCA, 0x01, 0x30, 0x7C, 0xCA, 0x01, 0x31, 0x7B, 0xC9, 0x01,
    0x31, 0x7B, 0xC8, 0x01, 0x00, 0x00, 0x00, 0x00, 0x00, 0x00, 0x00, 0x00, 0x00, 0x00, 0x00, 0x00,
    0x00, 0x00, 0x00, 0x00, 0x00, 0x00, 0x00, 0x00, 0x00, 0x00, 0x00, 0x00, 0x00, 0x00, 0x00, 0x00,
    0x00, 0x00, 0x00, 0x00, 0x00, 0x00, 0x00, 0x00, 0x00, 0x00, 0x00, 0x00, 0x00, 0x00, 0x00, 0x00,
    0x00, 0x00, 0x00, 0x00, 0x00, 0x00, 0x00, 0x00, 0x2E, 0x7B, 0xC9, 0x01, 0x30, 0x7C, 0xC9, 0x02,
    0x30, 0x7C, 0xC9, 0x02, 0x30, 0x7C, 0xCA, 0x02, 0x31, 0x7D, 0xCC, 0x01, 0x32, 0x7E, 0xCE, 0x02,
    0x32, 0x7E, 0xCE, 0x02, 0x34, 0x7F, 0xCE, 0x02, 0x36, 0x7F, 0xCC, 0x02, 0x38, 0x80, 0xCC, 0x01,
    0x39, 0x80, 0xCC, 0x02, 0x39, 0x80, 0xCC, 0x02, 0x37, 0x80, 0xCD, 0x02, 0x34, 0x7F, 0xD0, 0x01,
    0x34, 0x83, 0xD1, 0x09, 0x34, 0x83, 0xD1, 0x09, 0x29, 0x6E, 0xB2, 0x57, 0x19, 0x42, 0x7D, 0xCA,
    0x03, 0x10, 0x3D, 0xE5, 0x01, 0x0C, 0x36, 0xE9, 0x01, 0x0C, 0x36, 0xE9, 0x1A, 0x54, 0x94, 0xF6,
    0x3B, 0x9B, 0xDE, 0xED, 0x3A, 0x95, 0xDE, 0xF1, 0x3A, 0x95, 0xDE, 0xF1, 0x3B, 0x94, 0xD9, 0xEE,
    0x2F, 0x81, 0xC4, 0xF8, 0x0D, 0x3C, 0x73, 0xF1, 0x0D, 0x3C, 0x73, 0xF1, 0x16, 0x45, 0x85, 0x83,
    0x2B, 0x71, 0xBD, 0x26, 0x00, 0x00, 0x00, 0x00, 0x2F, 0x74, 0xBF, 0x03, 0x2F, 0x74, 0xBF, 0x03,
    0x30, 0x74, 0xBF, 0x01, 0x00, 0x00, 0x00, 0x00, 0x00, 0x00, 0x00, 0x00, 0x00, 0x00, 0x00, 0x00,
    0x00, 0x00, 0x00, 0x00, 0x00, 0x00, 0x00, 0x00, 0x00, 0x00, 0x00, 0x00, 0x00, 0x00, 0x00, 0x00,
    0x00, 0x00, 0x00, 0x00, 0x00, 0x00, 0x00, 0x00, 0x00, 0x00, 0x00, 0x00, 0x00, 0x00, 0x00, 0x00,
    0x00, 0x00, 0x00, 0x00, 0x00, 0x00, 0x00, 0x00, 0x00, 0x00, 0x00, 0x00, 0x00, 0x00, 0x00, 0x00,
    0x00, 0x00, 0x00, 0x00, 0x00, 0x00, 0x00, 0x00, 0x00, 0x00, 0x00, 0x00, 0x00, 0x00, 0x00, 0x00,
    0x00, 0x00, 0x00, 0x00, 0x00, 0x00, 0x00, 0x00, 0x00, 0x00, 0x00, 0x00, 0x00, 0x00, 0x00, 0x00,
    0x00, 0x00, 0x00, 0x00, 0x00, 0x00, 0x00, 0x00, 0x00, 0x00, 0x00, 0x00, 0x00, 0x00, 0x00, 0x00,
    0x00, 0x00, 0x00, 0x00, 0x00, 0x00, 0x00, 0x00, 0x00, 0x00, 0x00, 0x00, 0x00, 0x00, 0x00, 0x00,
    0x00, 0x00, 0x00, 0x00, 0x00, 0x00, 0x00, 0x00, 0x00, 0x00, 0x00, 0x00, 0x00, 0x00, 0x00, 0x00,
    0x00, 0x00, 0x00, 0x00, 0x00, 0x00, 0x00, 0x00, 0x00, 0x00, 0x00, 0x00, 0x00, 0x00, 0x00, 0x00,
    0x00, 0x00, 0x00, 0x00, 0x00, 0x00, 0x00, 0x00, 0x00, 0x00, 0x00, 0x00, 0x00, 0x00, 0x00, 0x00,
    0x00, 0x00, 0x00, 0x00, 0x00, 0x00, 0x00, 0x00, 0x00, 0x00, 0x00, 0x00, 0x34, 0x7A, 0xC3, 0x01,
    0x34, 0x7A, 0xC3, 0x01, 0x35, 0x7A, 0xC3, 0x01, 0x37, 0x7A, 0xC4, 0x02, 0x37, 0x7A, 0xC4, 0x02,
    0x37, 0x7A, 0xC4, 0x02, 0x33, 0x79, 0xC2, 0x08, 0x33, 0x82, 0xC9, 0x06, 0x23, 0x60, 0x9A, 0x5B,
    0x23, 0x60, 0x9A, 0x5B, 0x01, 0x07, 0x2D, 0xF3, 0x2D, 0x63, 0xAA, 0xF5, 0x4E, 0xA9, 0xF6, 0xF4,
    0x39, 0x98, 0xF4, 0xF7, 0x39, 0x98, 0xF4, 0xF7, 0x3B, 0x9F, 0xF8, 0xF6, 0x3C, 0xA6, 0xF8, 0xF7,
    0x26, 0x73, 0xCC, 0xF7, 0x26, 0x73, 0xCC, 0xF7, 0x18, 0x54, 0xA5, 0xF1, 0x0D, 0x4E, 0x97, 0xEE,
    0x03, 0x27, 0x6F, 0xCE, 0x2E, 0x77, 0xBD, 0x18, 0x2E, 0x77, 0xBD, 0x18, 0x00, 0x00, 0x00, 0x00,
    0x00, 0x00, 0x00, 0x00, 0x2E, 0x7E, 0xCD, 0x01, 0x2E, 0x7E, 0xCD, 0x01, 0x00, 0x00, 0x00, 0x00,
    0x00, 0x00, 0x00, 0x00, 0x00, 0x00, 0x00, 0x00, 0x00, 0x00, 0x00, 0x00, 0x00, 0x00, 0x00, 0x00,
    0x2C, 0x7D, 0xCD, 0x01, 0x2B, 0x7D, 0xC9, 0x08, 0x2B, 0x6F, 0xAD, 0x20, 0x2B, 0x6F, 0xAD, 0x20,
    0x27, 0x64, 0x9F, 0x26, 0x2D, 0x6F, 0xA9, 0x2A, 0x2E, 0x70, 0xAF, 0x2E, 0x2E, 0x70, 0xAF, 0x2E,
    0x2F, 0x74, 0xB2, 0x2F, 0x2F, 0x73, 0xB3, 0x2F, 0x31, 0x76, 0xB8, 0x2C, 0x31, 0x77, 0xB9, 0x23,
    0x31, 0x77, 0xB9, 0x23, 0x32, 0x7A, 0xBD, 0x1D, 0x2F, 0x7E, 0xC6, 0x16, 0x2A, 0x7D, 0xCA, 0x03,
    0x2A, 0x7D, 0xCA, 0x03, 0x27, 0x7B, 0xC9, 0x02, 0x2C, 0x7E, 0xCC, 0x02, 0x30, 0x7F, 0xCE, 0x04,
    0x30, 0x7F, 0xCE, 0x04, 0x32, 0x7F, 0xCE, 0x04, 0x36, 0x82, 0xCF, 0x03, 0x39, 0x82, 0xCF, 0x01,
    0x37, 0x81, 0xCD, 0x04, 0x37, 0x81, 0xCD, 0x04, 0x32, 0x81, 0xD1, 0x01, 0x3D, 0x86, 0xD8, 0x1C,
    0x1F, 0x55, 0x9A, 0x7F, 0x1F, 0x55, 0x9A, 0x7F, 0x14, 0x43, 0x7F, 0xE1, 0x0C, 0x38, 0x6E, 0xF0,
    0x13, 0x48, 0x86, 0xF6, 0x23, 0x6C, 0xB9, 0xF7, 0x23, 0x6C, 0xB9, 0xF7, 0x29, 0x8D, 0xE4, 0xF9,
    0x31, 0xA4, 0xFA, 0xFA, 0x2F, 0x9F, 0xFA, 0xFA, 0x2F, 0x9F, 0xFA, 0xFA, 0x31, 0xA6, 0xFB, 0xF8,
    0x47, 0xBA, 0xFB, 0xF9, 0x10, 0x42, 0x89, 0xF3, 0x10, 0x42, 0x89, 0xF3, 0x01, 0x0B, 0x39, 0xD9,
    0x28, 0x64, 0xAB, 0x95, 0x2C, 0x73, 0xC1, 0x0F, 0x2D, 0x75, 0xC1, 0x03, 0x2D, 0x75, 0xC1, 0x03,
    0x30, 0x76, 0xC2, 0x01, 0x00, 0x00, 0x00, 0x00, 0x00, 0x00, 0x00, 0x00, 0x00, 0x00, 0x00, 0x00,
    0x00, 0x00, 0x00, 0x00, 0x00, 0x00, 0x00, 0x00, 0x00, 0x00, 0x00, 0x00, 0x00, 0x00, 0x00, 0x00,
    0x00, 0x00, 0x00, 0x00, 0x00, 0x00, 0x00, 0x00, 0x00, 0x00, 0x00, 0x00, 0x00, 0x00, 0x00, 0x00,
    0x00, 0x00, 0x00, 0x00, 0x00, 0x00, 0x00, 0x00, 0x00, 0x00, 0x00, 0x00, 0x00, 0x00, 0x00, 0x00,
    0x00, 0x00, 0x00, 0x00, 0x00, 0x00, 0x00, 0x00, 0x00, 0x00, 0x00, 0x00, 0x00, 0x00, 0x00, 0x00,
    0x00, 0x00, 0x00, 0x00, 0x00, 0x00, 0x00, 0x00, 0x00, 0x00, 0x00, 0x00, 0x00, 0x00, 0x00, 0x00,
    0x00, 0x00, 0x00, 0x00, 0x00, 0x00, 0x00, 0x00, 0x00, 0x00, 0x00, 0x00, 0x00, 0x00, 0x00, 0x00,
    0x00, 0x00, 0x00, 0x00, 0x00, 0x00, 0x00, 0x00, 0x00, 0x00, 0x00, 0x00, 0x00, 0x00, 0x00, 0x00,
    0x00, 0x00, 0x00, 0x00, 0x00, 0x00, 0x00, 0x00, 0x00, 0x00, 0x00, 0x00, 0x00, 0x00, 0x00, 0x00,
    0x00, 0x00, 0x00, 0x00, 0x00, 0x00, 0x00, 0x00, 0x00, 0x00, 0x00, 0x00, 0x00, 0x00, 0x00, 0x00,
    0x00, 0x00, 0x00, 0x00, 0x00, 0x00, 0x00, 0x00, 0x00, 0x00, 0x00, 0x00, 0x00, 0x00, 0x00, 0x00,
    0x00, 0x00, 0x00, 0x00, 0x00, 0x00, 0x00, 0x00, 0x00, 0x00, 0x00, 0x00, 0x34, 0x7A, 0xC4, 0x01,
    0x34, 0x7A, 0xC4, 0x01, 0x35, 0x7A, 0xC4, 0x01, 0x36, 0x7B, 0xC4, 0x02, 0x37, 0x7B, 0xC4, 0x04,
    0x37, 0x7B, 0xC4, 0x04, 0x33, 0x79, 0xC3, 0x0B, 0x28, 0x6A, 0xAD, 0x43, 0x0C, 0x35, 0x66, 0x8B,
    0x0C, 0x35, 0x66, 0x8B, 0x21, 0x48, 0x83, 0xF5, 0x5D, 0x9B, 0xEB, 0xFA, 0x52, 0xA1, 0xF6, 0xF9,
    0x3F, 0x93, 0xF1, 0xFC, 0x3F, 0x93, 0xF1, 0xFC, 0x3B, 0x96, 0xF6, 0xFB, 0x36, 0x9A, 0xF7, 0xFB,
    0x3C, 0xAB, 0xFA, 0xF9, 0x3C, 0xAB, 0xFA, 0xF9, 0x35, 0xAE, 0xFB, 0xF8, 0x25, 0x95, 0xEF, 0xF8,
    0x0B, 0x4D, 0x97, 0xFB, 0x03, 0x23, 0x62, 0xE1, 0x03, 0x23, 0x62, 0xE1, 0x14, 0x47, 0x8B, 0x73,
    0x30, 0x84, 0xD4, 0x05, 0x29, 0x7C, 0xCF, 0x02, 0x29, 0x7C, 0xCF, 0x02, 0x27, 0x7A, 0xCD, 0x02,
    0x2A, 0x7D, 0xCE, 0x15, 0x2C, 0x7A, 0xCA, 0x20, 0x2C, 0x7A, 0xCA, 0x20, 0x2F, 0x7C, 0xC8, 0x32,
    0x2E, 0x81, 0xC9, 0x0D, 0x1A, 0x68, 0xA9, 0x60, 0x00, 0x1A, 0x4E, 0xEA, 0x00, 0x1A, 0x4E, 0xEA,
    0x00, 0x04, 0x26, 0xF0, 0x00, 0x0A, 0x2C, 0xF3, 0x00, 0x09, 0x2A, 0xF6, 0x00, 0x09, 0x2A, 0xF6,
    0x00, 0x0D, 0x2E, 0xF5, 0x00, 0x0C, 0x2B, 0xF6, 0x00, 0x0D, 0x2F, 0xF4, 0x00, 0x09, 0x2B, 0xF0,
    0x00, 0x09, 0x2B, 0xF0, 0x00, 0x0A, 0x30, 0xEA, 0x02, 0x1E, 0x55, 0xDC, 0x29, 0x77, 0xBA, 0x7F,
    0x29, 0x77, 0xBA, 0x7F, 0x35, 0x8A, 0xD3, 0x1F, 0x32, 0x8A, 0xD4, 0x1A, 0x33, 0x84, 0xD6, 0x11,
    0x33, 0x84, 0xD6, 0x11, 0x34, 0x85, 0xD8, 0x06, 0x2B, 0x7A, 0xCC, 0x05, 0x2C, 0x7C, 0xCC, 0x0A,
    0x2C, 0x7D, 0xCF, 0x08, 0x2C, 0x7D, 0xCF, 0x08, 0x39, 0x85, 0xD1, 0x20, 0x1E, 0x4A, 0x88, 0xB0,
    0x02, 0x0F, 0x4B, 0xE2, 0x02, 0x0F, 0x4B, 0xE2, 0x08, 0x35, 0x80, 0xFD, 0x2F, 0x98, 0xE6, 0xF9,
    0x34, 0xAA, 0xFA, 0xFC, 0x35, 0xAC, 0xFD, 0xFB, 0x35, 0xAC, 0xFD, 0xFB, 0x31, 0xA0, 0xFC, 0xFB,
    0x36, 0x9C, 0xFB, 0xFB, 0x38, 0x96, 0xF8, 0xFB, 0x38, 0x96, 0xF8, 0xFB, 0x37, 0x9B, 0xFA, 0xFB,
    0x3B, 0xA1, 0xFB, 0xFA, 0x41, 0x96, 0xE9, 0xFB, 0x41, 0x96, 0xE9, 0xFB, 0x17, 0x48, 0x94, 0xFD,
    0x0C, 0x39, 0x7B, 0xBF, 0x2F, 0x76, 0xC2, 0x33, 0x2D, 0x75, 0xC4, 0x02, 0x2D, 0x75, 0xC4, 0x02,
    0x2E, 0x76, 0xC3, 0x02, 0x30, 0x76, 0xC3, 0x01, 0x00, 0x00, 0x00, 0x00, 0x00, 0x00, 0x00, 0x00,
    0x00, 0x00, 0x00, 0x00, 0x00, 0x00, 0x00, 0x00, 0x00, 0x00, 0x00, 0x00, 0x00, 0x00, 0x00, 0x00,
    0x00, 0x00, 0x00, 0x00, 0x00, 0x00, 0x00, 0x00, 0x00, 0x00, 0x00, 0x00, 0x00, 0x00, 0x00, 0x00,
    0x00, 0x00, 0x00, 0x00, 0x00, 0x00, 0x00, 0x00, 0x00, 0x00, 0x00, 0x00, 0x00, 0x00, 0x00, 0x00,
    0x00, 0x00, 0x00, 0x00, 0x00, 0x00, 0x00, 0x00, 0x00, 0x00, 0x00, 0x00, 0x00, 0x00, 0x00, 0x00,
    0x00, 0x00, 0x00, 0x00, 0x00, 0x00, 0x00, 0x00, 0x00, 0x00, 0x00, 0x00, 0x00, 0x00, 0x00, 0x00,
    0x00, 0x00, 0x00, 0x00, 0x00, 0x00, 0x00, 0x00, 0x00, 0x00, 0x00, 0x00, 0x00, 0x00, 0x00, 0x00,
    0x00, 0x00, 0x00, 0x00, 0x00, 0x00, 0x00, 0x00, 0x00, 0x00, 0x00, 0x00, 0x00, 0x00, 0x00, 0x00,
    0x00, 0x00, 0x00, 0x00, 0x00, 0x00, 0x00, 0x00, 0x00, 0x00, 0x00, 0x00, 0x00, 0x00, 0x00, 0x00,
    0x00, 0x00, 0x00, 0x00, 0x00, 0x00, 0x00, 0x00, 0x00, 0x00, 0x00, 0x00, 0x00, 0x00, 0x00, 0x00,
    0x00, 0x00, 0x00, 0x00, 0x00, 0x00, 0x00, 0x00, 0x00, 0x00, 0x00, 0x00, 0x00, 0x00, 0x00, 0x00,
    0x00, 0x00, 0x00, 0x00, 0x00, 0x00, 0x00, 0x00, 0x00, 0x00, 0x00, 0x00, 0x34, 0x7B, 0xC5, 0x01,
    0x34, 0x7B, 0xC5, 0x01, 0x34, 0x7B, 0xC5, 0x01, 0x35, 0x7B, 0xC5, 0x03, 0x36, 0x7E, 0xC7, 0x06,
    0x36, 0x7E, 0xC7, 0x06, 0x32, 0x7B, 0xC2, 0x0B, 0x0B, 0x39, 0x73, 0x9C, 0x1F, 0x4E, 0x7E, 0xF0,
    0x1F, 0x4E, 0x7E, 0xF0, 0x80, 0xBB, 0xF4, 0xFA, 0x69, 0xA4, 0xF8, 0xF9, 0x51, 0x91, 0xF4, 0xFA,
    0x49, 0x94, 0xF7, 0xFA, 0x49, 0x94, 0xF7, 0xFA, 0x48, 0x9E, 0xFB, 0xFA, 0x3C, 0x9B, 0xF8, 0xFB,
    0x35, 0xA2, 0xF9, 0xFB, 0x35, 0xA2, 0xF9, 0xFB, 0x2B, 0x9F, 0xF9, 0xFB, 0x25, 0xA0, 0xFA, 0xFA,
    0x25, 0x92, 0xE8, 0xF8, 0x0B, 0x4B, 0x9F, 0xFB, 0x0B, 0x4B, 0x9F, 0xFB, 0x02, 0x21, 0x63, 0xFB,
    0x11, 0x55, 0x9D, 0xAE, 0x2E, 0x85, 0xD3, 0x23, 0x2E, 0x85, 0xD3, 0x23, 0x2E, 0x81, 0xCE, 0x25,
    0x29, 0x79, 0xC1, 0xB4, 0x03, 0x29, 0x68, 0xE1, 0x03, 0x29, 0x68, 0xE1, 0x00, 0x0B, 0x3D, 0xF7,
    0x01, 0x15, 0x4E, 0xD9, 0x04, 0x3B, 0x89, 0xF1, 0x15, 0x6F, 0xC7, 0xF8, 0x15, 0x6F, 0xC7, 0xF8,
    0x19, 0x77, 0xD5, 0xF5, 0x1A, 0x76, 0xD3, 0xF6, 0x18, 0x6F, 0xD1, 0xF7, 0x18, 0x6F, 0xD1, 0xF7,
    0x18, 0x6F, 0xD1, 0xF7, 0x17, 0x6B, 0xCD, 0xF8, 0x1A, 0x6E, 0xD0, 0xF8, 0x18, 0x6C, 0xD0, 0xF8,
    0x18, 0x6C, 0xD0, 0xF8, 0x1E, 0x71, 0xCC, 0xF8, 0x16, 0x5C, 0xAD, 0xFB, 0x04, 0x31, 0x78, 0xF3,
    0x04, 0x31, 0x78, 0xF3, 0x01, 0x1E, 0x58, 0xD4, 0x03, 0x24, 0x5A, 0xE3, 0x03, 0x22, 0x5C, 0xD2,
    0x03, 0x22, 0x5C, 0xD2, 0x19, 0x4F, 0x8D, 0xA2, 0x32, 0x82, 0xCE, 0x2B, 0x2E, 0x90, 0xE4, 0x18,
    0x2C, 0x85, 0xD2, 0x37, 0x2C, 0x85, 0xD2, 0x37, 0x0C, 0x2F, 0x70, 0xC2, 0x02, 0x15, 0x4D, 0xFA,
    0x18, 0x5C, 0xA5, 0xF6, 0x18, 0x5C, 0xA5, 0xF6, 0x27, 0x92, 0xEA, 0xFA, 0x2E, 0xA7, 0xFA, 0xFA,
    0x22, 0x97, 0xF8, 0xFB, 0x28, 0x9A, 0xFB, 0xFB, 0x28, 0x9A, 0xFB, 0xFB, 0x31, 0x9A, 0xFC, 0xFB,
    0x3E, 0x98, 0xFB, 0xFB, 0x4A, 0x9A, 0xF9, 0xFB, 0x4A, 0x9A, 0xF9, 0xFB, 0x51, 0xA1, 0xFA, 0xFB,
    0x4A, 0x9A, 0xF9, 0xFC, 0x49, 0xA9, 0xFA, 0xFA, 0x49, 0xA9, 0xFA, 0xFA, 0x4D, 0xAC, 0xF6, 0xF9,
    0x0B, 0x3D, 0x73, 0xE7, 0x0D, 0x3F, 0x78, 0xB5, 0x2F, 0x77, 0xC7, 0x14, 0x2F, 0x77, 0xC7, 0x14,
    0x2C, 0x74, 0xC3, 0x01, 0x2F, 0x76, 0xC3, 0x02, 0x00, 0x00, 0x00, 0x00, 0x00, 0x00, 0x00, 0x00,
    0x00, 0x00, 0x00, 0x00, 0x00, 0x00, 0x00, 0x00, 0x00, 0x00, 0x00, 0x00, 0x00, 0x00, 0x00, 0x00,
    0x00, 0x00, 0x00, 0x00, 0x00, 0x00, 0x00, 0x00, 0x00, 0x00, 0x00, 0x00, 0x00, 0x00, 0x00, 0x00,
    0x00, 0x00, 0x00, 0x00, 0x00, 0x00, 0x00, 0x00, 0x00, 0x00, 0x00, 0x00, 0x00, 0x00, 0x00, 0x00,
    0x00, 0x00, 0x00, 0x00, 0x00, 0x00, 0x00, 0x00, 0x00, 0x00, 0x00, 0x00, 0x00, 0x00, 0x00, 0x00,
    0x00, 0x00, 0x00, 0x00, 0x00, 0x00, 0x00, 0x00, 0x00, 0x00, 0x00, 0x00, 0x00, 0x00, 0x00, 0x00,
    0x00, 0x00, 0x00, 0x00, 0x00, 0x00, 0x00, 0x00, 0x00, 0x00, 0x00, 0x00, 0x00, 0x00, 0x00, 0x00,
    0x00, 0x00, 0x00, 0x00, 0x00, 0x00, 0x00, 0x00, 0x00, 0x00, 0x00, 0x00, 0x00, 0x00, 0x00, 0x00,
    0x00, 0x00, 0x00, 0x00, 0x00, 0x00, 0x00, 0x00, 0x00, 0x00, 0x00, 0x00, 0x00, 0x00, 0x00, 0x00,
    0x00, 0x00, 0x00, 0x00, 0x00, 0x00, 0x00, 0x00, 0x00, 0x00, 0x00, 0x00, 0x00, 0x00, 0x00, 0x00,
    0x00, 0x00, 0x00, 0x00, 0x00, 0x00, 0x00, 0x00, 0x00, 0x00, 0x00, 0x00, 0x00, 0x00, 0x00, 0x00,
    0x00, 0x00, 0x00, 0x00, 0x00, 0x00, 0x00, 0x00, 0x00, 0x00, 0x00, 0x00, 0x34, 0x7B, 0xC5, 0x01,
    0x34, 0x7B, 0xC5, 0x01, 0x34, 0x7B, 0xC5, 0x01, 0x35, 0x7B, 0xC5, 0x03, 0x36, 0x7E, 0xC7, 0x06,
    0x36, 0x7E, 0xC7, 0x06, 0x32, 0x7B, 0xC2, 0x0B, 0x0B, 0x39, 0x73, 0x9C, 0x1F, 0x4E, 0x7E, 0xF0,
    0x1F, 0x4E, 0x7E, 0xF0, 0x80, 0xBB, 0xF4, 0xFA, 0x69, 0xA4, 0xF8, 0xF9, 0x51, 0x91, 0xF4, 0xFA,
    0x49, 0x94, 0xF7, 0xFA, 0x49, 0x94, 0xF7, 0xFA, 0x48, 0x9E, 0xFB, 0xFA, 0x3C, 0x9B, 0xF8, 0xFB,
    0x35, 0xA2, 0xF9, 0xFB, 0x35, 0xA2, 0xF9, 0xFB, 0x2B, 0x9F, 0xF9, 0xFB, 0x25, 0xA0, 0xFA, 0xFA,
    0x25, 0x92, 0xE8, 0xF8, 0x0B, 0x4B, 0x9F, 0xFB, 0x0B, 0x4B, 0x9F, 0xFB, 0x02, 0x21, 0x63, 0xFB,
    0x11, 0x55, 0x9D, 0xAE, 0x2E, 0x85, 0xD3, 0x23, 0x2E, 0x85, 0xD3, 0x23, 0x2E, 0x81, 0xCE, 0x25,
    0x29, 0x79, 0xC1, 0xB4, 0x03, 0x29, 0x68, 0xE1, 0x03, 0x29, 0x68, 0xE1, 0x00, 0x0B, 0x3D, 0xF7,
    0x01, 0x15, 0x4E, 0xD9, 0x04, 0x3B, 0x89, 0xF1, 0x15, 0x6F, 0xC7, 0xF8, 0x15, 0x6F, 0xC7, 0xF8,
    0x19, 0x77, 0xD5, 0xF5, 0x1A, 0x76, 0xD3, 0xF6, 0x18, 0x6F, 0xD1, 0xF7, 0x18, 0x6F, 0xD1, 0xF7,
    0x18, 0x6F, 0xD1, 0xF7, 0x17, 0x6B, 0xCD, 0xF8, 0x1A, 0x6E, 0xD0, 0xF8, 0x18, 0x6C, 0xD0, 0xF8,
    0x18, 0x6C, 0xD0, 0xF8, 0x1E, 0x71, 0xCC, 0xF8, 0x16, 0x5C, 0xAD, 0xFB, 0x04, 0x31, 0x78, 0xF3,
    0x04, 0x31, 0x78, 0xF3, 0x01, 0x1E, 0x58, 0xD4, 0x03, 0x24, 0x5A, 0xE3, 0x03, 0x22, 0x5C, 0xD2,
    0x03, 0x22, 0x5C, 0xD2, 0x19, 0x4F, 0x8D, 0xA2, 0x32, 0x82, 0xCE, 0x2B, 0x2E, 0x90, 0xE4, 0x18,
    0x2C, 0x85, 0xD2, 0x37, 0x2C, 0x85, 0xD2, 0x37, 0x0C, 0x2F, 0x70, 0xC2, 0x02, 0x15, 0x4D, 0xFA,
    0x18, 0x5C, 0xA5, 0xF6, 0x18, 0x5C, 0xA5, 0xF6, 0x27, 0x92, 0xEA, 0xFA, 0x2E, 0xA7, 0xFA, 0xFA,
    0x22, 0x97, 0xF8, 0xFB, 0x28, 0x9A, 0xFB, 0xFB, 0x28, 0x9A, 0xFB, 0xFB, 0x31, 0x9A, 0xFC, 0xFB,
    0x3E, 0x98, 0xFB, 0xFB, 0x4A, 0x9A, 0xF9, 0xFB, 0x4A, 0x9A, 0xF9, 0xFB, 0x51, 0xA1, 0xFA, 0xFB,
    0x4A, 0x9A, 0xF9, 0xFC, 0x49, 0xA9, 0xFA, 0xFA, 0x49, 0xA9, 0xFA, 0xFA, 0x4D, 0xAC, 0xF6, 0xF9,
    0x0B, 0x3D, 0x73, 0xE7, 0x0D, 0x3F, 0x78, 0xB5, 0x2F, 0x77, 0xC7, 0x14, 0x2F, 0x77, 0xC7, 0x14,
    0x2C, 0x74, 0xC3, 0x01, 0x2F, 0x76, 0xC3, 0x02, 0x00, 0x00, 0x00, 0x00, 0x00, 0x00, 0x00, 0x00,
    0x00, 0x00, 0x00, 0x00, 0x00, 0x00, 0x00, 0x00, 0x00, 0x00, 0x00, 0x00, 0x00, 0x00, 0x00, 0x00,
    0x00, 0x00, 0x00, 0x00, 0x00, 0x00, 0x00, 0x00, 0x00, 0x00, 0x00, 0x00, 0x00, 0x00, 0x00, 0x00,
    0x00, 0x00, 0x00, 0x00, 0x00, 0x00, 0x00, 0x00, 0x00, 0x00, 0x00, 0x00, 0x00, 0x00, 0x00, 0x00,
    0x00, 0x00, 0x00, 0x00, 0x00, 0x00, 0x00, 0x00, 0x00, 0x00, 0x00, 0x00, 0x00, 0x00, 0x00, 0x00,
    0x00, 0x00, 0x00, 0x00, 0x00, 0x00, 0x00, 0x00, 0x00, 0x00, 0x00, 0x00, 0x00, 0x00, 0x00, 0x00,
    0x00, 0x00, 0x00, 0x00, 0x00, 0x00, 0x00, 0x00, 0x00, 0x00, 0x00, 0x00, 0x00, 0x00, 0x00, 0x00,
    0x00, 0x00, 0x00, 0x00, 0x00, 0x00, 0x00, 0x00, 0x00, 0x00, 0x00, 0x00, 0x00, 0x00, 0x00, 0x00,
    0x00, 0x00, 0x00, 0x00, 0x00, 0x00, 0x00, 0x00, 0x00, 0x00, 0x00, 0x00, 0x00, 0x00, 0x00, 0x00,
    0x00, 0x00, 0x00, 0x00, 0x00, 0x00, 0x00, 0x00, 0x00, 0x00, 0x00, 0x00, 0x00, 0x00, 0x00, 0x00,
    0x00, 0x00, 0x00, 0x00, 0x00, 0x00, 0x00, 0x00, 0x00, 0x00, 0x00, 0x00, 0x00, 0x00, 0x00, 0x00,
    0x00, 0x00, 0x00, 0x00, 0x00, 0x00, 0x00, 0x00, 0x00, 0x00, 0x00, 0x00, 0x34, 0x7C, 0xC6, 0x01,
    0x34, 0x7C, 0xC6, 0x01, 0x35, 0x7C, 0xC6, 0x01, 0x35, 0x7B, 0xC6, 0x03, 0x32, 0x7D, 0xC6, 0x05,
    0x32, 0x7D, 0xC6, 0x05, 0x30, 0x7B, 0xC2, 0x07, 0x06, 0x27, 0x57, 0x93, 0x1E, 0x3A, 0x6A, 0xF5,
    0x1E, 0x3A, 0x6A, 0xF5, 0x7E, 0xAB, 0xF6, 0xF8, 0x72, 0x9A, 0xFA, 0xFB, 0x64, 0x92, 0xF8, 0xFB,
    0x5B, 0x93, 0xF9, 0xFB, 0x5B, 0x93, 0xF9, 0xFB, 0x4B, 0x8C, 0xF5, 0xFC, 0x44, 0x96, 0xF7, 0xFB,
    0x3F, 0xA1, 0xFA, 0xFB, 0x3F, 0xA1, 0xFA, 0xFB, 0x32, 0x99, 0xF7, 0xFC, 0x2A, 0x9F, 0xFA, 0xFC,
    0x24, 0xA1, 0xFA, 0xFC, 0x20, 0x9E, 0xF7, 0xFB, 0x20, 0x9E, 0xF7, 0xFB, 0x1C, 0x85, 0xD8, 0xF9,
    0x17, 0x5E, 0xA5, 0xFC, 0x0F, 0x36, 0x6D, 0xE9, 0x0F, 0x36, 0x6D, 0xE9, 0x05, 0x1E, 0x53, 0xE9,
    0x05, 0x2B, 0x6F, 0xF9, 0x0F, 0x4E, 0x98, 0xF5, 0x0F, 0x4E, 0x98, 0xF5, 0x0D, 0x42, 0x97, 0xF5,
    0x0F, 0x4D, 0xA9, 0xFA, 0x13, 0x71, 0xDB, 0xFA, 0x1A, 0x89, 0xF6, 0xF9, 0x1A, 0x89, 0xF6, 0xF9,
    0x16, 0x86, 0xF6, 0xFA, 0x17, 0x85, 0xF6, 0xFA, 0x15, 0x7F, 0xF4, 0xFA, 0x15, 0x7F, 0xF4, 0xFA,
    0x15, 0x80, 0xF5, 0xFA, 0x14, 0x7F, 0xF5, 0xFA, 0x17, 0x84, 0xF8, 0xFA, 0x19, 0x87, 0xF9, 0xFA,
    0x19, 0x87, 0xF9, 0xFA, 0x1F, 0x91, 0xFB, 0xF9, 0x21, 0x8D, 0xF9, 0xF9, 0x13, 0x64, 0xCE, 0xFB,
    0x13, 0x64, 0xCE, 0xFB, 0x09, 0x46, 0xA4, 0xF9, 0x0C, 0x4B, 0xA2, 0xF6, 0x11, 0x56, 0xA2, 0xF5,
    0x11, 0x56, 0xA2, 0xF5, 0x03, 0x24, 0x63, 0xF9, 0x03, 0x1B, 0x50, 0xC7, 0x2B, 0x67, 0xA1, 0xBD,
    0x17, 0x4D, 0x84, 0xBE, 0x17, 0x4D, 0x84, 0xBE, 0x02, 0x24, 0x64, 0xF6, 0x1C, 0x6B, 0xC2, 0xF7,
    0x30, 0xAF, 0xFA, 0xFA, 0x30, 0xAF, 0xFA, 0xFA, 0x26, 0x9F, 0xF9, 0xFB, 0x25, 0x9A, 0xF9, 0xFB,
    0x2C, 0x9F, 0xFB, 0xFC, 0x35, 0x9B, 0xFC, 0xFC, 0x35, 0x9B, 0xFC, 0xFC, 0x3D, 0x92, 0xFB, 0xFC,
    0x49, 0x89, 0xF6, 0xFB, 0x5E, 0x96, 0xF9, 0xFC, 0x5E, 0x96, 0xF9, 0xFC, 0x66, 0x9A, 0xFA, 0xFB,
    0x61, 0x92, 0xF5, 0xFC, 0x54, 0x9C, 0xFA, 0xFC, 0x54, 0x9C, 0xFA, 0xFC, 0x53, 0xA2, 0xF6, 0xFB,
    0x08, 0x26, 0x52, 0xFA, 0x07, 0x28, 0x51, 0xBF, 0x34, 0x7B, 0xCC, 0x26, 0x34, 0x7B, 0xCC, 0x26,
    0x2A, 0x71, 0xC2, 0x02, 0x2E, 0x77, 0xC3, 0x02, 0x00, 0x00, 0x00, 0x00, 0x00, 0x00, 0x00, 0x00,
    0x00, 0x00, 0x00, 0x00, 0x00, 0x00, 0x00, 0x00, 0x00, 0x00, 0x00, 0x00, 0x00, 0x00, 0x00, 0x00,
    0x00, 0x00, 0x00, 0x00, 0x00, 0x00, 0x00, 0x00, 0x00, 0x00, 0x00, 0x00, 0x00, 0x00, 0x00, 0x00,
    0x00, 0x00, 0x00, 0x00, 0x00, 0x00, 0x00, 0x00, 0x00, 0x00, 0x00, 0x00, 0x00, 0x00, 0x00, 0x00,
    0x00, 0x00, 0x00, 0x00, 0x00, 0x00, 0x00, 0x00, 0x00, 0x00, 0x00, 0x00, 0x00, 0x00, 0x00, 0x00,
    0x00, 0x00, 0x00, 0x00, 0x00, 0x00, 0x00, 0x00, 0x00, 0x00, 0x00, 0x00, 0x00, 0x00, 0x00, 0x00,
    0x00, 0x00, 0x00, 0x00, 0x00, 0x00, 0x00, 0x00, 0x00, 0x00, 0x00, 0x00, 0x00, 0x00, 0x00, 0x00,
    0x00, 0x00, 0x00, 0x00, 0x00, 0x00, 0x00, 0x00, 0x00, 0x00, 0x00, 0x00, 0x00, 0x00, 0x00, 0x00,
    0x00, 0x00, 0x00, 0x00, 0x00, 0x00, 0x00, 0x00, 0x00, 0x00, 0x00, 0x00, 0x00, 0x00, 0x00, 0x00,
    0x00, 0x00, 0x00, 0x00, 0x00, 0x00, 0x00, 0x00, 0x00, 0x00, 0x00, 0x00, 0x00, 0x00, 0x00, 0x00,
    0x00, 0x00, 0x00, 0x00, 0x00, 0x00, 0x00, 0x00, 0x00, 0x00, 0x00, 0x00, 0x00, 0x00, 0x00, 0x00,
    0x00, 0x00, 0x00, 0x00, 0x00, 0x00, 0x00, 0x00, 0x00, 0x00, 0x00, 0x00, 0x35, 0x7D, 0xC6, 0x01,
    0x35, 0x7D, 0xC6, 0x01, 0x37, 0x7D, 0xC6, 0x02, 0x35, 0x7C, 0xC6, 0x04, 0x32, 0x80, 0xC9, 0x08,
    0x32, 0x80, 0xC9, 0x08, 0x2C, 0x75, 0xBA, 0x3E, 0x06, 0x20, 0x4F, 0xBF, 0x10, 0x23, 0x5E, 0xFC,
    0x10, 0x23, 0x5E, 0xFC, 0x7B, 0x9D, 0xF7, 0xF9, 0x77, 0x97, 0xFD, 0xFA, 0x72, 0x96, 0xFC, 0xFA,
    0x68, 0x90, 0xFA, 0xFB, 0x68, 0x90, 0xFA, 0xFB, 0x5F, 0x89, 0xF4, 0xFB, 0x4E, 0x89, 0xF0, 0xFB,
    0x44, 0x95, 0xF7, 0xFB, 0x44, 0x95, 0xF7, 0xFB, 0x3D, 0xA3, 0xFB, 0xFB, 0x35, 0xA6, 0xFC, 0xFB,
    0x25, 0x9A, 0xF9, 0xFC, 0x1E, 0x9D, 0xFB, 0xFC, 0x1E, 0x9D, 0xFB, 0xFC, 0x24, 0xA3, 0xF9, 0xFC,
    0x0F, 0x57, 0xAB, 0xFB, 0x00, 0x11, 0x4F, 0xFD, 0x00, 0x11, 0x4F, 0xFD, 0x0A, 0x36, 0x84, 0xFD,
    0x15, 0x63, 0xCD, 0xFB, 0x21, 0x8F, 0xF8, 0xFA, 0x21, 0x8F, 0xF8, 0xFA, 0x21, 0x94, 0xFB, 0xFA,
    0x22, 0x99, 0xFC, 0xF9, 0x1E, 0x94, 0xFC, 0xFA, 0x1A, 0x89, 0xF9, 0xFB, 0x1A, 0x89, 0xF9, 0xFB,
    0x18, 0x84, 0xF6, 0xFB, 0x17, 0x81, 0xF5, 0xFB, 0x15, 0x7D, 0xF2, 0xFB, 0x15, 0x7D, 0xF2, 0xFB,
    0x14, 0x7B, 0xF1, 0xFB, 0x14, 0x7D, 0xF1, 0xFB, 0x17, 0x80, 0xF4, 0xFB, 0x1B, 0x85, 0xF8, 0xFB,
    0x1B, 0x85, 0xF8, 0xFB, 0x1E, 0x8D, 0xFB, 0xFB, 0x1C, 0x8B, 0xFB, 0xFB, 0x1F, 0x91, 0xFC, 0xFA,
    0x1F, 0x91, 0xFC, 0xFA, 0x1F, 0x8D, 0xFA, 0xF9, 0x1D, 0x91, 0xF9, 0xF7, 0x1F, 0x96, 0xF7, 0xF8,
    0x1F, 0x96, 0xF7, 0xF8, 0x23, 0x80, 0xDC, 0xF6, 0x0B, 0x36, 0x7A, 0xFB, 0x01, 0x0A, 0x39, 0xFA,
    0x02, 0x1B, 0x59, 0xF8, 0x02, 0x1B, 0x59, 0xF8, 0x26, 0x8A, 0xDB, 0xF7, 0x2C, 0xAA, 0xFB, 0xFB,
    0x20, 0x9F, 0xFB, 0xFC, 0x20, 0x9F, 0xFB, 0xFC, 0x27, 0xA3, 0xFC, 0xFC, 0x2B, 0xA1, 0xFD, 0xFC,
    0x33, 0xA4, 0xFD, 0xFC, 0x46, 0xA2, 0xFE, 0xFC, 0x46, 0xA2, 0xFE, 0xFC, 0x4E, 0x86, 0xF6, 0xFC,
    0x61, 0x7D, 0xED, 0xFB, 0x74, 0x8B, 0xF7, 0xFC, 0x74, 0x8B, 0xF7, 0xFC, 0x78, 0x94, 0xFB, 0xFC,
    0x79, 0x99, 0xFB, 0xFD, 0x6D, 0xA2, 0xFC, 0xFC, 0x6D, 0xA2, 0xFC, 0xFC, 0x62, 0x9E, 0xF9, 0xFA,
    0x0E, 0x2E, 0x6F, 0xFD, 0x06, 0x25, 0x58, 0xD6, 0x32, 0x77, 0xC1, 0x70, 0x32, 0x77, 0xC1, 0x70,
    0x31, 0x76, 0xC7, 0x07, 0x2E, 0x78, 0xC6, 0x02, 0x31, 0x78, 0xC5, 0x01, 0x31, 0x78, 0xC5, 0x01,
    0x00, 0x00, 0x00, 0x00, 0x00, 0x00, 0x00, 0x00, 0x00, 0x00, 0x00, 0x00, 0x00, 0x00, 0x00, 0x00,
    0x00, 0x00, 0x00, 0x00, 0x00, 0x00, 0x00, 0x00, 0x00, 0x00, 0x00, 0x00, 0x00, 0x00, 0x00, 0x00,
    0x00, 0x00, 0x00, 0x00, 0x00, 0x00, 0x00, 0x00, 0x00, 0x00, 0x00, 0x00, 0x00, 0x00, 0x00, 0x00,
    0x00, 0x00, 0x00, 0x00, 0x00, 0x00, 0x00, 0x00, 0x00, 0x00, 0x00, 0x00, 0x00, 0x00, 0x00, 0x00,
    0x00, 0x00, 0x00, 0x00, 0x00, 0x00, 0x00, 0x00, 0x00, 0x00, 0x00, 0x00, 0x00, 0x00, 0x00, 0x00,
    0x00, 0x00, 0x00, 0x00, 0x00, 0x00, 0x00, 0x00, 0x00, 0x00, 0x00, 0x00, 0x00, 0x00, 0x00, 0x00,
    0x00, 0x00, 0x00, 0x00, 0x00, 0x00, 0x00, 0x00, 0x00, 0x00, 0x00, 0x00, 0x00, 0x00, 0x00, 0x00,
    0x00, 0x00, 0x00, 0x00, 0x00, 0x00, 0x00, 0x00, 0x00, 0x00, 0x00, 0x00, 0x00, 0x00, 0x00, 0x00,
    0x00, 0x00, 0x00, 0x00, 0x00, 0x00, 0x00, 0x00, 0x00, 0x00, 0x00, 0x00, 0x00, 0x00, 0x00, 0x00,
    0x00, 0x00, 0x00, 0x00, 0x00, 0x00, 0x00, 0x00, 0x00, 0x00, 0x00, 0x00, 0x00, 0x00, 0x00, 0x00,
    0x00, 0x00, 0x00, 0x00, 0x00, 0x00, 0x00, 0x00, 0x00, 0x00, 0x00, 0x00, 0x36, 0x7E, 0xC6, 0x01,
    0x36, 0x7E, 0xC6, 0x01, 0x36, 0x7E, 0xC6, 0x03, 0x36, 0x7E, 0xC7, 0x04, 0x31, 0x77, 0xBE, 0x1E,
    0x31, 0x77, 0xBE, 0x1E, 0x06, 0x2F, 0x6B, 0xAD, 0x25, 0x4D, 0x83, 0xEF, 0x77, 0x9E, 0xE4, 0xFB,
    0x77, 0x9E, 0xE4, 0xFB, 0x82, 0xA2, 0xFC, 0xF9, 0x7A, 0x94, 0xFC, 0xFB, 0x72, 0x8F, 0xFA, 0xFB,
    0x6E, 0x8A, 0xF8, 0xFB, 0x6E, 0x8A, 0xF8, 0xFB, 0x6A, 0x86, 0xF4, 0xFB, 0x5B, 0x7D, 0xE9, 0xFB,
    0x4E, 0x86, 0xEB, 0xFB, 0x4E, 0x86, 0xEB, 0xFB, 0x47, 0xA1, 0xFA, 0xFC, 0x3A, 0xA4, 0xFC, 0xFC,
    0x32, 0xA1, 0xFC, 0xFC, 0x2A, 0xA0, 0xFC, 0xFC, 0x2A, 0xA0, 0xFC, 0xFC, 0x20, 0x92, 0xF5, 0xFC,
    0x16, 0x72, 0xD4, 0xFC, 0x24, 0x78, 0xDB, 0xFB, 0x24, 0x78, 0xDB, 0xFB, 0x30, 0x98, 0xF8, 0xFB,
    0x25, 0x8F, 0xF9, 0xFC, 0x1D, 0x8A, 0xF9, 0xFB, 0x1D, 0x8A, 0xF9, 0xFB, 0x1D, 0x8D, 0xFA, 0xFB,
    0x1D, 0x8F, 0xFB, 0xFB, 0x1B, 0x8D, 0xFA, 0xFB, 0x1B, 0x8A, 0xF9, 0xFB, 0x1B, 0x8A, 0xF9, 0xFB,
    0x18, 0x85, 0xF6, 0xFB, 0x19, 0x84, 0xF7, 0xFB, 0x16, 0x7E, 0xF4, 0xFB, 0x16, 0x7E, 0xF4, 0xFB,
    0x15, 0x7C, 0xF3, 0xFB, 0x15, 0x7E, 0xF3, 0xFC, 0x18, 0x81, 0xF5, 0xFC, 0x1F, 0x8D, 0xFB, 0xFB,
    0x1F, 0x8D, 0xFB, 0xFB, 0x22, 0x91, 0xFC, 0xFB, 0x1C, 0x88, 0xFA, 0xFC, 0x1A, 0x8D, 0xFB, 0xFB,
    0x1A, 0x8D, 0xFB, 0xFB, 0x18, 0x89, 0xF8, 0xFB, 0x19, 0x8B, 0xF7, 0xFB, 0x19, 0x88, 0xF3, 0xFB,
    0x19, 0x88, 0xF3, 0xFB, 0x23, 0x90, 0xF4, 0xFA, 0x2A, 0x8E, 0xEB, 0xF9, 0x1D, 0x60, 0xB7, 0xF8,
    0x20, 0x72, 0xCB, 0xFB, 0x20, 0x72, 0xCB, 0xFB, 0x30, 0xA3, 0xF9, 0xFB, 0x26, 0xA3, 0xFC, 0xFC,
    0x2A, 0xA3, 0xFD, 0xFC, 0x2A, 0xA3, 0xFD, 0xFC, 0x2F, 0x9F, 0xFD, 0xFC, 0x36, 0xA7, 0xFE, 0xFC,
    0x41, 0xA5, 0xFE, 0xFC, 0x52, 0x92, 0xFB, 0xFC, 0x52, 0x92, 0xFB, 0xFC, 0x5F, 0x7A, 0xEB, 0xFC,
    0x6F, 0x77, 0xE7, 0xFC, 0x7D, 0x85, 0xF4, 0xFC, 0x7D, 0x85, 0xF4, 0xFC, 0x84, 0x95, 0xFC, 0xFD,
    0x80, 0x91, 0xFB, 0xFD, 0x74, 0x93, 0xFB, 0xFC, 0x74, 0x93, 0xFB, 0xFC, 0x6D, 0xA2, 0xFD, 0xFC,
    0x5E, 0xA5, 0xF3, 0xFB, 0x2F, 0x6E, 0xB4, 0xFB, 0x01, 0x1C, 0x5B, 0xDA, 0x01, 0x1C, 0x5B, 0xDA,
    0x26, 0x61, 0xAC, 0x1D, 0x00, 0x00, 0x00, 0x00, 0x2F, 0x77, 0xC5, 0x02, 0x2F, 0x77, 0xC5, 0x02,
    0x00, 0x00, 0x00, 0x00, 0x00, 0x00, 0x00, 0x00, 0x00, 0x00, 0x00, 0x00, 0x00, 0x00, 0x00, 0x00,
    0x00, 0x00, 0x00, 0x00, 0x00, 0x00, 0x00, 0x00, 0x00, 0x00, 0x00, 0x00, 0x00, 0x00, 0x00, 0x00,
    0x00, 0x00, 0x00, 0x00, 0x00, 0x00, 0x00, 0x00, 0x00, 0x00, 0x00, 0x00, 0x00, 0x00, 0x00, 0x00,
    0x00, 0x00, 0x00, 0x00, 0x00, 0x00, 0x00, 0x00, 0x00, 0x00, 0x00, 0x00, 0x00, 0x00, 0x00, 0x00,
    0x00, 0x00, 0x00, 0x00, 0x00, 0x00, 0x00, 0x00, 0x00, 0x00, 0x00, 0x00, 0x00, 0x00, 0x00, 0x00,
    0x00, 0x00, 0x00, 0x00, 0x00, 0x00, 0x00, 0x00, 0x00, 0x00, 0x00, 0x00, 0x00, 0x00, 0x00, 0x00,
    0x00, 0x00, 0x00, 0x00, 0x00, 0x00, 0x00, 0x00, 0x00, 0x00, 0x00, 0x00, 0x00, 0x00, 0x00, 0x00,
    0x00, 0x00, 0x00, 0x00, 0x00, 0x00, 0x00, 0x00, 0x00, 0x00, 0x00, 0x00, 0x00, 0x00, 0x00, 0x00,
    0x00, 0x00, 0x00, 0x00, 0x00, 0x00, 0x00, 0x00, 0x00, 0x00, 0x00, 0x00, 0x00, 0x00, 0x00, 0x00,
    0x00, 0x00, 0x00, 0x00, 0x00, 0x00, 0x00, 0x00, 0x00, 0x00, 0x00, 0x00, 0x00, 0x00, 0x00, 0x00,
    0x00, 0x00, 0x00, 0x00, 0x34, 0x7E, 0xC8, 0x01, 0x34, 0x7E, 0xC8, 0x01, 0x35, 0x7F, 0xC8, 0x01,
    0x35, 0x7F, 0xC8, 0x01, 0x35, 0x7E, 0xC7, 0x04, 0x35, 0x81, 0xCB, 0x07, 0x28, 0x6E, 0xB3, 0x2A,
    0x28, 0x6E, 0xB3, 0x2A, 0x00, 0x13, 0x44, 0xBF, 0x3A, 0x61, 0xA3, 0xF5, 0x9B, 0xC5, 0xFD, 0xFA,
    0x9B, 0xC5, 0xFD, 0xFA, 0x7A, 0x99, 0xFC, 0xF9, 0x7A, 0x92, 0xFC, 0xFB, 0x77, 0x91, 0xFC, 0xFB,
    0x71, 0x8A, 0xF7, 0xFB, 0x71, 0x8A, 0xF7, 0xFB, 0x6E, 0x88, 0xF7, 0xFB, 0x63, 0x80, 0xF0, 0xFB,
    0x59, 0x86, 0xEC, 0xFB, 0x59, 0x86, 0xEC, 0xFB, 0x4C, 0x97, 0xF6, 0xFC, 0x42, 0xA8, 0xFD, 0xFC,
    0x32, 0x9F, 0xFD, 0xFC, 0x26, 0x93, 0xFB, 0xFC, 0x26, 0x93, 0xFB, 0xFC, 0x1F, 0x8B, 0xF7, 0xFC,
    0x23, 0x94, 0xFB, 0xFC, 0x23, 0x91, 0xFB, 0xFC, 0x23, 0x91, 0xFB, 0xFC, 0x21, 0x91, 0xFB, 0xFC,
    0x1B, 0x8A, 0xF8, 0xFC, 0x1E, 0x8F, 0xFA, 0xFC, 0x1E, 0x8F, 0xFA, 0xFC, 0x21, 0x90, 0xFA, 0xFC,
    0x22, 0x92, 0xFB, 0xFC, 0x1F, 0x8F, 0xFA, 0xFC, 0x1D, 0x8E, 0xF9, 0xFC, 0x1D, 0x8E, 0xF9, 0xFC,
    0x19, 0x86, 0xF6, 0xFC, 0x18, 0x82, 0xF4, 0xFB, 0x17, 0x81, 0xF3, 0xFC, 0x17, 0x81, 0xF3, 0xFC,
    0x18, 0x82, 0xF5, 0xFB, 0x17, 0x80, 0xF3, 0xFB, 0x19, 0x84, 0xF6, 0xFB, 0x21, 0x8F, 0xFB, 0xFC,
    0x21, 0x8F, 0xFB, 0xFC, 0x23, 0x91, 0xFC, 0xFC, 0x22, 0x91, 0xFC, 0xFC, 0x1C, 0x8E, 0xFB, 0xFC,
    0x1C, 0x8E, 0xFB, 0xFC, 0x19, 0x8A, 0xF8, 0xFC, 0x1C, 0x8E, 0xF8, 0xFB, 0x1B, 0x8B, 0xF5, 0xFC,
    0x1B, 0x8B, 0xF5, 0xFC, 0x1D, 0x8F, 0xF8, 0xFB, 0x21, 0x92, 0xF9, 0xFC, 0x2E, 0xA0, 0xFB, 0xFC,
    0x30, 0xA6, 0xFC, 0xFC, 0x30, 0xA6, 0xFC, 0xFC, 0x2D, 0xA2, 0xFC, 0xFC, 0x2C, 0xA0, 0xFD, 0xFC,
    0x32, 0xA6, 0xFE, 0xFC, 0x32, 0xA6, 0xFE, 0xFC, 0x3A, 0xA6, 0xFE, 0xFC, 0x49, 0xB0, 0xFE, 0xFC,
    0x51, 0x98, 0xFB, 0xFC, 0x5C, 0x7B, 0xEC, 0xFC, 0x5C, 0x7B, 0xEC, 0xFC, 0x6B, 0x78, 0xEB, 0xFC,
    0x76, 0x7E, 0xEE, 0xFC, 0x7E, 0x85, 0xF3, 0xFC, 0x7E, 0x85, 0xF3, 0xFC, 0x86, 0x93, 0xFB, 0xFC,
    0x83, 0x90, 0xFA, 0xFC, 0x7E, 0x98, 0xFB, 0xFC, 0x7E, 0x98, 0xFB, 0xFC, 0x6A, 0x97, 0xFA, 0xFD,
    0x62, 0xAE, 0xFD, 0xFB, 0x31, 0x7A, 0xD3, 0xF9, 0x00, 0x04, 0x31, 0xE1, 0x00, 0x04, 0x31, 0xE1,
    0x24, 0x59, 0x9A, 0x33, 0x00, 0x00, 0x00, 0x00, 0x2F, 0x78, 0xC6, 0x02, 0x2F, 0x78, 0xC6, 0x02,
    0x00, 0x00, 0x00, 0x00, 0x00, 0x00, 0x00, 0x00, 0x00, 0x00, 0x00, 0x00, 0x00, 0x00, 0x00, 0x00,
    0x00, 0x00, 0x00, 0x00, 0x00, 0x00, 0x00, 0x00, 0x00, 0x00, 0x00, 0x00, 0x00, 0x00, 0x00, 0x00,
    0x00, 0x00, 0x00, 0x00, 0x00, 0x00, 0x00, 0x00, 0x00, 0x00, 0x00, 0x00, 0x00, 0x00, 0x00, 0x00,
    0x00, 0x00, 0x00, 0x00, 0x00, 0x00, 0x00, 0x00, 0x00, 0x00, 0x00, 0x00, 0x00, 0x00, 0x00, 0x00,
    0x00, 0x00, 0x00, 0x00, 0x00, 0x00, 0x00, 0x00, 0x00, 0x00, 0x00, 0x00, 0x00, 0x00, 0x00, 0x00,
    0x00, 0x00, 0x00, 0x00, 0x00, 0x00, 0x00, 0x00, 0x00, 0x00, 0x00, 0x00, 0x00, 0x00, 0x00, 0x00,
    0x00, 0x00, 0x00, 0x00, 0x00, 0x00, 0x00, 0x00, 0x00, 0x00, 0x00, 0x00, 0x00, 0x00, 0x00, 0x00,
    0x00, 0x00, 0x00, 0x00, 0x00, 0x00, 0x00, 0x00, 0x00, 0x00, 0x00, 0x00, 0x00, 0x00, 0x00, 0x00,
    0x00, 0x00, 0x00, 0x00, 0x00, 0x00, 0x00, 0x00, 0x00, 0x00, 0x00, 0x00, 0x00, 0x00, 0x00, 0x00,
    0x00, 0x00, 0x00, 0x00, 0x00, 0x00, 0x00, 0x00, 0x00, 0x00, 0x00, 0x00, 0x00, 0x00, 0x00, 0x00,
    0x00, 0x00, 0x00, 0x00, 0x34, 0x7E, 0xC8, 0x01, 0x34, 0x7E, 0xC8, 0x01, 0x35, 0x7F, 0xC8, 0x01,
    0x35, 0x7F, 0xC8, 0x01, 0x35, 0x7E, 0xC7, 0x04, 0x35, 0x81, 0xCB, 0x07, 0x28, 0x6E, 0xB3, 0x2A,
    0x28, 0x6E, 0xB3, 0x2A, 0x00, 0x13, 0x44, 0xBF, 0x3A, 0x61, 0xA3, 0xF5, 0x9B, 0xC5, 0xFD, 0xFA,
    0x9B, 0xC5, 0xFD, 0xFA, 0x7A, 0x99, 0xFC, 0xF9, 0x7A, 0x92, 0xFC, 0xFB, 0x77, 0x91, 0xFC, 0xFB,
    0x71, 0x8A, 0xF7, 0xFB, 0x71, 0x8A, 0xF7, 0xFB, 0x6E, 0x88, 0xF7, 0xFB, 0x63, 0x80, 0xF0, 0xFB,
    0x59, 0x86, 0xEC, 0xFB, 0x59, 0x86, 0xEC, 0xFB, 0x4C, 0x97, 0xF6, 0xFC, 0x42, 0xA8, 0xFD, 0xFC,
    0x32, 0x9F, 0xFD, 0xFC, 0x26, 0x93, 0xFB, 0xFC, 0x26, 0x93, 0xFB, 0xFC, 0x1F, 0x8B, 0xF7, 0xFC,
    0x23, 0x94, 0xFB, 0xFC, 0x23, 0x91, 0xFB, 0xFC, 0x23, 0x91, 0xFB, 0xFC, 0x21, 0x91, 0xFB, 0xFC,
    0x1B, 0x8A, 0xF8, 0xFC, 0x1E, 0x8F, 0xFA, 0xFC, 0x1E, 0x8F, 0xFA, 0xFC, 0x21, 0x90, 0xFA, 0xFC,
    0x22, 0x92, 0xFB, 0xFC, 0x1F, 0x8F, 0xFA, 0xFC, 0x1D, 0x8E, 0xF9, 0xFC, 0x1D, 0x8E, 0xF9, 0xFC,
    0x19, 0x86, 0xF6, 0xFC, 0x18, 0x82, 0xF4, 0xFB, 0x17, 0x81, 0xF3, 0xFC, 0x17, 0x81, 0xF3, 0xFC,
    0x18, 0x82, 0xF5, 0xFB, 0x17, 0x80, 0xF3, 0xFB, 0x19, 0x84, 0xF6, 0xFB, 0x21, 0x8F, 0xFB, 0xFC,
    0x21, 0x8F, 0xFB, 0xFC, 0x23, 0x91, 0xFC, 0xFC, 0x22, 0x91, 0xFC, 0xFC, 0x1C, 0x8E, 0xFB, 0xFC,
    0x1C, 0x8E, 0xFB, 0xFC, 0x19, 0x8A, 0xF8, 0xFC, 0x1C, 0x8E, 0xF8, 0xFB, 0x1B, 0x8B, 0xF5, 0xFC,
    0x1B, 0x8B, 0xF5, 0xFC, 0x1D, 0x8F, 0xF8, 0xFB, 0x21, 0x92, 0xF9, 0xFC, 0x2E, 0xA0, 0xFB, 0xFC,
    0x30, 0xA6, 0xFC, 0xFC, 0x30, 0xA6, 0xFC, 0xFC, 0x2D, 0xA2, 0xFC, 0xFC, 0x2C, 0xA0, 0xFD, 0xFC,
    0x32, 0xA6, 0xFE, 0xFC, 0x32, 0xA6, 0xFE, 0xFC, 0x3A, 0xA6, 0xFE, 0xFC, 0x49, 0xB0, 0xFE, 0xFC,
    0x51, 0x98, 0xFB, 0xFC, 0x5C, 0x7B, 0xEC, 0xFC, 0x5C, 0x7B, 0xEC, 0xFC, 0x6B, 0x78, 0xEB, 0xFC,
    0x76, 0x7E, 0xEE, 0xFC, 0x7E, 0x85, 0xF3, 0xFC, 0x7E, 0x85, 0xF3, 0xFC, 0x86, 0x93, 0xFB, 0xFC,
    0x83, 0x90, 0xFA, 0xFC, 0x7E, 0x98, 0xFB, 0xFC, 0x7E, 0x98, 0xFB, 0xFC, 0x6A, 0x97, 0xFA, 0xFD,
    0x62, 0xAE, 0xFD, 0xFB, 0x31, 0x7A, 0xD3, 0xF9, 0x00, 0x04, 0x31, 0xE1, 0x00, 0x04, 0x31, 0xE1,
    0x24, 0x59, 0x9A, 0x33, 0x00, 0x00, 0x00, 0x00, 0x2F, 0x78, 0xC6, 0x02, 0x2F, 0x78, 0xC6, 0x02,
    0x00, 0x00, 0x00, 0x00, 0x00, 0x00, 0x00, 0x00, 0x00, 0x00, 0x00, 0x00, 0x00, 0x00, 0x00, 0x00,
    0x00, 0x00, 0x00, 0x00, 0x00, 0x00, 0x00, 0x00, 0x00, 0x00, 0x00, 0x00, 0x00, 0x00, 0x00, 0x00,
    0x00, 0x00, 0x00, 0x00, 0x00, 0x00, 0x00, 0x00, 0x00, 0x00, 0x00, 0x00, 0x00, 0x00, 0x00, 0x00,
    0x00, 0x00, 0x00, 0x00, 0x00, 0x00, 0x00, 0x00, 0x00, 0x00, 0x00, 0x00, 0x00, 0x00, 0x00, 0x00,
    0x00, 0x00, 0x00, 0x00, 0x00, 0x00, 0x00, 0x00, 0x00, 0x00, 0x00, 0x00, 0x00, 0x00, 0x00, 0x00,
    0x00, 0x00, 0x00, 0x00, 0x00, 0x00, 0x00, 0x00, 0x00, 0x00, 0x00, 0x00, 0x00, 0x00, 0x00, 0x00,
    0x00, 0x00, 0x00, 0x00, 0x00, 0x00, 0x00, 0x00, 0x00, 0x00, 0x00, 0x00, 0x00, 0x00, 0x00, 0x00,
    0x00, 0x00, 0x00, 0x00, 0x00, 0x00, 0x00, 0x00, 0x00, 0x00, 0x00, 0x00, 0x00, 0x00, 0x00, 0x00,
    0x00, 0x00, 0x00, 0x00, 0x00, 0x00, 0x00, 0x00, 0x00, 0x00, 0x00, 0x00, 0x00, 0x00, 0x00, 0x00,
    0x00, 0x00, 0x00, 0x00, 0x00, 0x00, 0x00, 0x00, 0x00, 0x00, 0x00, 0x00, 0x00, 0x00, 0x00, 0x00,
    0x00, 0x00, 0x00, 0x00, 0x34, 0x7F, 0xC9, 0x01, 0x34, 0x7F, 0xC9, 0x01, 0x36, 0x7F, 0xC9, 0x02,
    0x36, 0x7F, 0xC9, 0x02, 0x36, 0x7E, 0xC9, 0x05, 0x33, 0x81, 0xCC, 0x08, 0x24, 0x6B, 0xB0, 0x40,
    0x24, 0x6B, 0xB0, 0x40, 0x00, 0x13, 0x46, 0xDC, 0x3A, 0x59, 0xA1, 0xF7, 0x95, 0xB4, 0xFD, 0xF9,
    0x95, 0xB4, 0xFD, 0xF9, 0x7B, 0x96, 0xFB, 0xFA, 0x7C, 0x93, 0xFD, 0xFB, 0x79, 0x91, 0xFC, 0xFB,
    0x70, 0x85, 0xF5, 0xFB, 0x70, 0x85, 0xF5, 0xFB, 0x70, 0x87, 0xF7, 0xFB, 0x6A, 0x81, 0xF5, 0xFC,
    0x5C, 0x79, 0xE8, 0xFC, 0x5C, 0x79, 0xE8, 0xFC, 0x43, 0x75, 0xE0, 0xFC, 0x36, 0x8E, 0xF3, 0xFC,
    0x2D, 0x96, 0xFA, 0xFC, 0x2A, 0x99, 0xFD, 0xFC, 0x2A, 0x99, 0xFD, 0xFC, 0x24, 0x8E, 0xFA, 0xFC,
    0x24, 0x94, 0xFD, 0xFC, 0x1F, 0x8B, 0xFB, 0xFC, 0x1F, 0x8B, 0xFB, 0xFC, 0x1D, 0x89, 0xF9, 0xFC,
    0x1F, 0x8E, 0xFA, 0xFC, 0x20, 0x94, 0xFB, 0xFC, 0x20, 0x94, 0xFB, 0xFC, 0x21, 0x8C, 0xF8, 0xFC,
    0x24, 0x8E, 0xF9, 0xFC, 0x22, 0x8E, 0xF9, 0xFC, 0x1B, 0x88, 0xF7, 0xFC, 0x1B, 0x88, 0xF7, 0xFC,
    0x18, 0x85, 0xF4, 0xFC, 0x17, 0x82, 0xF3, 0xFC, 0x17, 0x81, 0xF4, 0xFC, 0x17, 0x81, 0xF4, 0xFC,
    0x18, 0x83, 0xF6, 0xFC, 0x17, 0x81, 0xF4, 0xFC, 0x1B, 0x86, 0xF7, 0xFC, 0x20, 0x8C, 0xF9, 0xFC,
    0x20, 0x8C, 0xF9, 0xFC, 0x26, 0x94, 0xFC, 0xFC, 0x24, 0x91, 0xFC, 0xFC, 0x1E, 0x8D, 0xFB, 0xFC,
    0x1E, 0x8D, 0xFB, 0xFC, 0x18, 0x86, 0xF6, 0xFC, 0x19, 0x8A, 0xF6, 0xFC, 0x1C, 0x8D, 0xF6, 0xFC,
    0x1C, 0x8D, 0xF6, 0xFC, 0x20, 0x91, 0xFA, 0xFC, 0x24, 0x92, 0xFA, 0xFC, 0x2F, 0x9F, 0xFC, 0xFC,
    0x33, 0xA4, 0xFD, 0xFC, 0x33, 0xA4, 0xFD, 0xFC, 0x36, 0xA6, 0xFE, 0xFD, 0x34, 0xA0, 0xFD, 0xFD,
    0x37, 0xA4, 0xFE, 0xFD, 0x37, 0xA4, 0xFE, 0xFD, 0x3E, 0x9E, 0xFD, 0xFD, 0x48, 0x93, 0xFB, 0xFD,
    0x52, 0x7D, 0xEE, 0xFD, 0x65, 0x79, 0xEF, 0xFC, 0x65, 0x79, 0xEF, 0xFC, 0x6C, 0x76, 0xEF, 0xFC,
    0x76, 0x80, 0xF2, 0xFC, 0x7D, 0x81, 0xF2, 0xFC, 0x7D, 0x81, 0xF2, 0xFC, 0x84, 0x8C, 0xF9, 0xFC,
    0x85, 0x92, 0xFB, 0xFD, 0x7D, 0x95, 0xFB, 0xFC, 0x7D, 0x95, 0xFB, 0xFC, 0x6B, 0x91, 0xF8, 0xFD,
    0x5E, 0xA3, 0xFD, 0xFC, 0x29, 0x70, 0xCB, 0xFB, 0x00, 0x05, 0x2D, 0xF3, 0x00, 0x05, 0x2D, 0xF3,
    0x22, 0x5D, 0x9A, 0x4A, 0x00, 0x00, 0x00, 0x00, 0x2F, 0x77, 0xC6, 0x02, 0x2F, 0x77, 0xC6, 0x02,
    0x00, 0x00, 0x00, 0x00, 0x00, 0x00, 0x00, 0x00, 0x00, 0x00, 0x00, 0x00, 0x00, 0x00, 0x00, 0x00,
    0x00, 0x00, 0x00, 0x00, 0x00, 0x00, 0x00, 0x00, 0x00, 0x00, 0x00, 0x00, 0x00, 0x00, 0x00, 0x00,
    0x00, 0x00, 0x00, 0x00, 0x00, 0x00, 0x00, 0x00, 0x00, 0x00, 0x00, 0x00, 0x00, 0x00, 0x00, 0x00,
    0x00, 0x00, 0x00, 0x00, 0x00, 0x00, 0x00, 0x00, 0x00, 0x00, 0x00, 0x00, 0x00, 0x00, 0x00, 0x00,
    0x00, 0x00, 0x00, 0x00, 0x00, 0x00, 0x00, 0x00, 0x00, 0x00, 0x00, 0x00, 0x00, 0x00, 0x00, 0x00,
    0x00, 0x00, 0x00, 0x00, 0x00, 0x00, 0x00, 0x00, 0x00, 0x00, 0x00, 0x00, 0x00, 0x00, 0x00, 0x00,
    0x00, 0x00, 0x00, 0x00, 0x00, 0x00, 0x00, 0x00, 0x00, 0x00, 0x00, 0x00, 0x00, 0x00, 0x00, 0x00,
    0x00, 0x00, 0x00, 0x00, 0x00, 0x00, 0x00, 0x00, 0x00, 0x00, 0x00, 0x00, 0x00, 0x00, 0x00, 0x00,
    0x00, 0x00, 0x00, 0x00, 0x00, 0x00, 0x00, 0x00, 0x00, 0x00, 0x00, 0x00, 0x00, 0x00, 0x00, 0x00,
    0x00, 0x00, 0x00, 0x00, 0x00, 0x00, 0x00, 0x00, 0x00, 0x00, 0x00, 0x00, 0x00, 0x00, 0x00, 0x00,
    0x35, 0x80, 0xCA, 0x01, 0x35, 0x80, 0xCA, 0x01, 0x35, 0x80, 0xCA, 0x01, 0x36, 0x80, 0xCA, 0x01,
    0x36, 0x80, 0xCA, 0x01, 0x36, 0x80, 0xCB, 0x06, 0x33, 0x82, 0xCD, 0x09, 0x23, 0x6A, 0xB0, 0x48,
    0x23, 0x6A, 0xB0, 0x48, 0x00, 0x15, 0x48, 0xE3, 0x3B, 0x5B, 0xA3, 0xF7, 0x96, 0xB4, 0xFD, 0xF8,
    0x96, 0xB4, 0xFD, 0xF8, 0x7D, 0x97, 0xFB, 0xFA, 0x7D, 0x93, 0xFD, 0xFB, 0x78, 0x91, 0xFC, 0xFB,
    0x72, 0x8A, 0xF9, 0xFB, 0x72, 0x8A, 0xF9, 0xFB, 0x6F, 0x86, 0xF8, 0xFB, 0x6A, 0x84, 0xF7, 0xFC,
    0x58, 0x7A, 0xE9, 0xFC, 0x58, 0x7A, 0xE9, 0xFC, 0x36, 0x6F, 0xDE, 0xFC, 0x31, 0x8E, 0xF5, 0xFC,
    0x31, 0x9D, 0xFC, 0xFC, 0x30, 0xA5, 0xFD, 0xFC, 0x30, 0xA5, 0xFD, 0xFC, 0x2A, 0x99, 0xFD, 0xFC,
    0x23, 0x90, 0xFC, 0xFC, 0x1F, 0x8E, 0xFB, 0xFC, 0x1F, 0x8E, 0xFB, 0xFC, 0x21, 0x92, 0xFB, 0xFC,
    0x1D, 0x8B, 0xF9, 0xFC, 0x1F, 0x90, 0xFA, 0xFC, 0x1F, 0x90, 0xFA, 0xFC, 0x27, 0x96, 0xFA, 0xFC,
    0x2B, 0x9A, 0xFB, 0xFC, 0x1F, 0x8F, 0xF8, 0xFC, 0x17, 0x86, 0xF5, 0xFC, 0x17, 0x86, 0xF5, 0xFC,
    0x14, 0x84, 0xF4, 0xFC, 0x15, 0x82, 0xF3, 0xFC, 0x17, 0x83, 0xF5, 0xFC, 0x17, 0x83, 0xF5, 0xFC,
    0x18, 0x84, 0xF7, 0xFC, 0x17, 0x84, 0xF5, 0xFC, 0x1A, 0x88, 0xF7, 0xFC, 0x21, 0x8F, 0xFB, 0xFC,
    0x21, 0x8F, 0xFB, 0xFC, 0x2A, 0x9B, 0xFD, 0xFC, 0x24, 0x94, 0xFD, 0xFC, 0x1D, 0x8E, 0xFB, 0xFC,
    0x1D, 0x8E, 0xFB, 0xFC, 0x19, 0x8A, 0xF8, 0xFC, 0x1C, 0x8D, 0xF7, 0xFC, 0x1E, 0x8F, 0xF6, 0xFC,
    0x1E, 0x8F, 0xF6, 0xFC, 0x24, 0x95, 0xFA, 0xFC, 0x2E, 0x9D, 0xFC, 0xFC, 0x36, 0xA4, 0xFD, 0xFC,
    0x38, 0xA5, 0xFD, 0xFD, 0x38, 0xA5, 0xFD, 0xFD, 0x3A, 0xA8, 0xFE, 0xFD, 0x3A, 0xA9, 0xFE, 0xFD,
    0x3B, 0xA6, 0xFE, 0xFD, 0x3B, 0xA6, 0xFE, 0xFD, 0x33, 0x86, 0xF6, 0xFD, 0x3F, 0x77, 0xEE, 0xFD,
    0x56, 0x7A, 0xEF, 0xFD, 0x65, 0x80, 0xF6, 0xFD, 0x65, 0x80, 0xF6, 0xFD, 0x68, 0x79, 0xF1, 0xFD,
    0x73, 0x7E, 0xF2, 0xFC, 0x7B, 0x83, 0xF3, 0xFC, 0x7B, 0x83, 0xF3, 0xFC, 0x84, 0x8D, 0xF9, 0xFC,
    0x84, 0x92, 0xFA, 0xFD, 0x7D, 0x93, 0xFB, 0xFC, 0x7D, 0x93, 0xFB, 0xFC, 0x70, 0x95, 0xFA, 0xFD,
    0x61, 0xA6, 0xFD, 0xFC, 0x28, 0x6F, 0xC9, 0xFB, 0x00, 0x03, 0x28, 0xF6, 0x00, 0x03, 0x28, 0xF6,
    0x20, 0x5B, 0x99, 0x56, 0x00, 0x00, 0x00, 0x00, 0x30, 0x78, 0xC7, 0x02, 0x30, 0x78, 0xC7, 0x02,
    0x00, 0x00, 0x00, 0x00, 0x00, 0x00, 0x00, 0x00, 0x00, 0x00, 0x00, 0x00, 0x00, 0x00, 0x00, 0x00,
    0x00, 0x00, 0x00, 0x00, 0x00, 0x00, 0x00, 0x00, 0x00, 0x00, 0x00, 0x00, 0x00, 0x00, 0x00, 0x00,
    0x00, 0x00, 0x00, 0x00, 0x00, 0x00, 0x00, 0x00, 0x00, 0x00, 0x00, 0x00, 0x00, 0x00, 0x00, 0x00,
    0x00, 0x00, 0x00, 0x00, 0x00, 0x00, 0x00, 0x00, 0x00, 0x00, 0x00, 0x00, 0x00, 0x00, 0x00, 0x00,
    0x00, 0x00, 0x00, 0x00, 0x00, 0x00, 0x00, 0x00, 0x00, 0x00, 0x00, 0x00, 0x00, 0x00, 0x00, 0x00,
    0x00, 0x00, 0x00, 0x00, 0x00, 0x00, 0x00, 0x00, 0x00, 0x00, 0x00, 0x00, 0x00, 0x00, 0x00, 0x00,
    0x00, 0x00, 0x00, 0x00, 0x00, 0x00, 0x00, 0x00, 0x00, 0x00, 0x00, 0x00, 0x00, 0x00, 0x00, 0x00,
    0x00, 0x00, 0x00, 0x00, 0x00, 0x00, 0x00, 0x00, 0x00, 0x00, 0x00, 0x00, 0x00, 0x00, 0x00, 0x00,
    0x00, 0x00, 0x00, 0x00, 0x00, 0x00, 0x00, 0x00, 0x00, 0x00, 0x00, 0x00, 0x00, 0x00, 0x00, 0x00,
    0x00, 0x00, 0x00, 0x00, 0x00, 0x00, 0x00, 0x00, 0x00, 0x00, 0x00, 0x00, 0x00, 0x00, 0x00, 0x00,
    0x36, 0x81, 0xCB, 0x01, 0x36, 0x81, 0xCB, 0x01, 0x36, 0x81, 0xCB, 0x01, 0x36, 0x81, 0xCB, 0x02,
    0x36, 0x81, 0xCB, 0x02, 0x36, 0x81, 0xCC, 0x07, 0x33, 0x83, 0xCE, 0x0B, 0x21, 0x67, 0xAF, 0x50,
    0x21, 0x67, 0xAF, 0x50, 0x00, 0x12, 0x49, 0xE6, 0x39, 0x5A, 0xA6, 0xF8, 0x95, 0xB3, 0xFE, 0xF9,
    0x95, 0xB3, 0xFE, 0xF9, 0x80, 0x98, 0xFC, 0xFB, 0x7E, 0x91, 0xFC, 0xFB, 0x76, 0x8D, 0xFC, 0xFB,
    0x71, 0x8A, 0xFB, 0xFB, 0x71, 0x8A, 0xFB, 0xFB, 0x6A, 0x83, 0xF9, 0xFB, 0x57, 0x76, 0xED, 0xFC,
    0x43, 0x7B, 0xEC, 0xFC, 0x43, 0x7B, 0xEC, 0xFC, 0x3B, 0x8E, 0xF8, 0xFC, 0x39, 0xA2, 0xFD, 0xFC,
    0x33, 0xA0, 0xFD, 0xFC, 0x2E, 0x9C, 0xFD, 0xFC, 0x2E, 0x9C, 0xFD, 0xFC, 0x29, 0x96, 0xFC, 0xFC,
    0x27, 0x93, 0xFC, 0xFC, 0x21, 0x8C, 0xFA, 0xFC, 0x21, 0x8C, 0xFA, 0xFC, 0x1F, 0x8D, 0xF9, 0xFC,
    0x1D, 0x8C, 0xF8, 0xFC, 0x1F, 0x8C, 0xF7, 0xFC, 0x1F, 0x8C, 0xF7, 0xFC, 0x2F, 0x9E, 0xFC, 0xFC,
    0x2E, 0x9D, 0xFC, 0xFC, 0x1E, 0x8D, 0xF7, 0xFC, 0x15, 0x84, 0xF4, 0xFC, 0x15, 0x84, 0xF4, 0xFC,
    0x13, 0x82, 0xF4, 0xFC, 0x17, 0x85, 0xF7, 0xFC, 0x15, 0x81, 0xF5, 0xFC, 0x15, 0x81, 0xF5, 0xFC,
    0x17, 0x86, 0xF8, 0xFC, 0x17, 0x85, 0xF6, 0xFC, 0x1B, 0x89, 0xF8, 0xFC, 0x24, 0x93, 0xFC, 0xFC,
    0x24, 0x93, 0xFC, 0xFC, 0x29, 0x97, 0xFD, 0xFC, 0x21, 0x92, 0xFC, 0xFC, 0x19, 0x89, 0xFA, 0xFC,
    0x19, 0x89, 0xFA, 0xFC, 0x1C, 0x8D, 0xFA, 0xFD, 0x1F, 0x90, 0xF8, 0xFD, 0x1E, 0x8E, 0xF4, 0xFD,
    0x1E, 0x8E, 0xF4, 0xFD, 0x26, 0x95, 0xF9, 0xFD, 0x32, 0xA1, 0xFD, 0xFD, 0x38, 0xA5, 0xFD, 0xFD,
    0x39, 0xA3, 0xFD, 0xFD, 0x39, 0xA3, 0xFD, 0xFD, 0x3B, 0xA6, 0xFD, 0xFD, 0x3C, 0xA8, 0xFE, 0xFD,
    0x3A, 0xA8, 0xFE, 0xFD, 0x3A, 0xA8, 0xFE, 0xFD, 0x34, 0x91, 0xF8, 0xFD, 0x3C, 0x7D, 0xF4, 0xFD,
    0x53, 0x80, 0xF6, 0xFD, 0x60, 0x7E, 0xF6, 0xFD, 0x60, 0x7E, 0xF6, 0xFD, 0x66, 0x77, 0xF2, 0xFD,
    0x70, 0x78, 0xF0, 0xFD, 0x7A, 0x82, 0xF3, 0xFC, 0x7A, 0x82, 0xF3, 0xFC, 0x84, 0x8D, 0xF9, 0xFC,
    0x83, 0x8D, 0xF8, 0xFD, 0x80, 0x95, 0xFB, 0xFD, 0x80, 0x95, 0xFB, 0xFD, 0x71, 0x93, 0xF9, 0xFC,
    0x63, 0xA7, 0xFD, 0xFC, 0x27, 0x6E, 0xC2, 0xFA, 0x00, 0x03, 0x24, 0xF9, 0x00, 0x03, 0x24, 0xF9,
    0x20, 0x5C, 0x99, 0x60, 0x00, 0x00, 0x00, 0x00, 0x30, 0x79, 0xC7, 0x02, 0x30, 0x79, 0xC7, 0x02,
    0x00, 0x00, 0x00, 0x00, 0x00, 0x00, 0x00, 0x00, 0x00, 0x00, 0x00, 0x00, 0x00, 0x00, 0x00, 0x00,
    0x00, 0x00, 0x00, 0x00, 0x00, 0x00, 0x00, 0x00, 0x00, 0x00, 0x00, 0x00, 0x00, 0x00, 0x00, 0x00,
    0x00, 0x00, 0x00, 0x00, 0x00, 0x00, 0x00, 0x00, 0x00, 0x00, 0x00, 0x00, 0x00, 0x00, 0x00, 0x00,
    0x00, 0x00, 0x00, 0x00, 0x00, 0x00, 0x00, 0x00, 0x00, 0x00, 0x00, 0x00, 0x00, 0x00, 0x00, 0x00,
    0x00, 0x00, 0x00, 0x00, 0x00, 0x00, 0x00, 0x00, 0x00, 0x00, 0x00, 0x00, 0x00, 0x00, 0x00, 0x00,
    0x00, 0x00, 0x00, 0x00, 0x00, 0x00, 0x00, 0x00, 0x00, 0x00, 0x00, 0x00, 0x00, 0x00, 0x00, 0x00,
    0x00, 0x00, 0x00, 0x00, 0x00, 0x00, 0x00, 0x00, 0x00, 0x00, 0x00, 0x00, 0x00, 0x00, 0x00, 0x00,
    0x00, 0x00, 0x00, 0x00, 0x00, 0x00, 0x00, 0x00, 0x00, 0x00, 0x00, 0x00, 0x00, 0x00, 0x00, 0x00,
    0x00, 0x00, 0x00, 0x00, 0x00, 0x00, 0x00, 0x00, 0x00, 0x00, 0x00, 0x00, 0x00, 0x00, 0x00, 0x00,
    0x00, 0x00, 0x00, 0x00, 0x00, 0x00, 0x00, 0x00, 0x00, 0x00, 0x00, 0x00, 0x00, 0x00, 0x00, 0x00,
    0x36, 0x81, 0xCB, 0x01, 0x36, 0x81, 0xCB, 0x01, 0x36, 0x81, 0xCB, 0x01, 0x36, 0x81, 0xCB, 0x02,
    0x36, 0x81, 0xCB, 0x02, 0x36, 0x81, 0xCC, 0x07, 0x33, 0x83, 0xCE, 0x0B, 0x21, 0x67, 0xAF, 0x50,
    0x21, 0x67, 0xAF, 0x50, 0x00, 0x12, 0x49, 0xE6, 0x39, 0x5A, 0xA6, 0xF8, 0x95, 0xB3, 0xFE, 0xF9,
    0x95, 0xB3, 0xFE, 0xF9, 0x80, 0x98, 0xFC, 0xFB, 0x7E, 0x91, 0xFC, 0xFB, 0x76, 0x8D, 0xFC, 0xFB,
    0x71, 0x8A, 0xFB, 0xFB, 0x71, 0x8A, 0xFB, 0xFB, 0x6A, 0x83, 0xF9, 0xFB, 0x57, 0x76, 0xED, 0xFC,
    0x43, 0x7B, 0xEC, 0xFC, 0x43, 0x7B, 0xEC, 0xFC, 0x3B, 0x8E, 0xF8, 0xFC, 0x39, 0xA2, 0xFD, 0xFC,
    0x33, 0xA0, 0xFD, 0xFC, 0x2E, 0x9C, 0xFD, 0xFC, 0x2E, 0x9C, 0xFD, 0xFC, 0x29, 0x96, 0xFC, 0xFC,
    0x27, 0x93, 0xFC, 0xFC, 0x21, 0x8C, 0xFA, 0xFC, 0x21, 0x8C, 0xFA, 0xFC, 0x1F, 0x8D, 0xF9, 0xFC,
    0x1D, 0x8C, 0xF8, 0xFC, 0x1F, 0x8C, 0xF7, 0xFC, 0x1F, 0x8C, 0xF7, 0xFC, 0x2F, 0x9E, 0xFC, 0xFC,
    0x2E, 0x9D, 0xFC, 0xFC, 0x1E, 0x8D, 0xF7, 0xFC, 0x15, 0x84, 0xF4, 0xFC, 0x15, 0x84, 0xF4, 0xFC,
    0x13, 0x82, 0xF4, 0xFC, 0x17, 0x85, 0xF7, 0xFC, 0x15, 0x81, 0xF5, 0xFC, 0x15, 0x81, 0xF5, 0xFC,
    0x17, 0x86, 0xF8, 0xFC, 0x17, 0x85, 0xF6, 0xFC, 0x1B, 0x89, 0xF8, 0xFC, 0x24, 0x93, 0xFC, 0xFC,
    0x24, 0x93, 0xFC, 0xFC, 0x29, 0x97, 0xFD, 0xFC, 0x21, 0x92, 0xFC, 0xFC, 0x19, 0x89, 0xFA, 0xFC,
    0x19, 0x89, 0xFA, 0xFC, 0x1C, 0x8D, 0xFA, 0xFD, 0x1F, 0x90, 0xF8, 0xFD, 0x1E, 0x8E, 0xF4, 0xFD,
    0x1E, 0x8E, 0xF4, 0xFD, 0x26, 0x95, 0xF9, 0xFD, 0x32, 0xA1, 0xFD, 0xFD, 0x38, 0xA5, 0xFD, 0xFD,
    0x39, 0xA3, 0xFD, 0xFD, 0x39, 0xA3, 0xFD, 0xFD, 0x3B, 0xA6, 0xFD, 0xFD, 0x3C, 0xA8, 0xFE, 0xFD,
    0x3A, 0xA8, 0xFE, 0xFD, 0x3A, 0xA8, 0xFE, 0xFD, 0x34, 0x91, 0xF8, 0xFD, 0x3C, 0x7D, 0xF4, 0xFD,
    0x53, 0x80, 0xF6, 0xFD, 0x60, 0x7E, 0xF6, 0xFD, 0x60, 0x7E, 0xF6, 0xFD, 0x66, 0x77, 0xF2, 0xFD,
    0x70, 0x78, 0xF0, 0xFD, 0x7A, 0x82, 0xF3, 0xFC, 0x7A, 0x82, 0xF3, 0xFC, 0x84, 0x8D, 0xF9, 0xFC,
    0x83, 0x8D, 0xF8, 0xFD, 0x80, 0x95, 0xFB, 0xFD, 0x80, 0x95, 0xFB, 0xFD, 0x71, 0x93, 0xF9, 0xFC,
    0x63, 0xA7, 0xFD, 0xFC, 0x27, 0x6E, 0xC2, 0xFA, 0x00, 0x03, 0x24, 0xF9, 0x00, 0x03, 0x24, 0xF9,
    0x20, 0x5C, 0x99, 0x60, 0x00, 0x00, 0x00, 0x00, 0x30, 0x79, 0xC7, 0x02, 0x30, 0x79, 0xC7, 0x02,
    0x00, 0x00, 0x00, 0x00, 0x00, 0x00, 0x00, 0x00, 0x00, 0x00, 0x00, 0x00, 0x00, 0x00, 0x00, 0x00,
    0x00, 0x00, 0x00, 0x00, 0x00, 0x00, 0x00, 0x00, 0x00, 0x00, 0x00, 0x00, 0x00, 0x00, 0x00, 0x00,
    0x00, 0x00, 0x00, 0x00, 0x00, 0x00, 0x00, 0x00, 0x00, 0x00, 0x00, 0x00, 0x00, 0x00, 0x00, 0x00,
    0x00, 0x00, 0x00, 0x00, 0x00, 0x00, 0x00, 0x00, 0x00, 0x00, 0x00, 0x00, 0x00, 0x00, 0x00, 0x00,
    0x00, 0x00, 0x00, 0x00, 0x00, 0x00, 0x00, 0x00, 0x00, 0x00, 0x00, 0x00, 0x00, 0x00, 0x00, 0x00,
    0x00, 0x00, 0x00, 0x00, 0x00, 0x00, 0x00, 0x00, 0x00, 0x00, 0x00, 0x00, 0x00, 0x00, 0x00, 0x00,
    0x00, 0x00, 0x00, 0x00, 0x00, 0x00, 0x00, 0x00, 0x00, 0x00, 0x00, 0x00, 0x00, 0x00, 0x00, 0x00,
    0x00, 0x00, 0x00, 0x00, 0x00, 0x00, 0x00, 0x00, 0x00, 0x00, 0x00, 0x00, 0x00, 0x00, 0x00, 0x00,
    0x00, 0x00, 0x00, 0x00, 0x00, 0x00, 0x00, 0x00, 0x00, 0x00, 0x00, 0x00, 0x00, 0x00, 0x00, 0x00,
    0x00, 0x00, 0x00, 0x00, 0x00, 0x00, 0x00, 0x00, 0x00, 0x00, 0x00, 0x00, 0x00, 0x00, 0x00, 0x00,
    0x36, 0x81, 0xCB, 0x01, 0x37, 0x81, 0xCC, 0x01, 0x37, 0x82, 0xCC, 0x01, 0x37, 0x82, 0xCD, 0x02,
    0x37, 0x82, 0xCD, 0x02, 0x36, 0x82, 0xCD, 0x07, 0x34, 0x85, 0xD0, 0x0B, 0x21, 0x67, 0xAE, 0x56,
    0x21, 0x67, 0xAE, 0x56, 0x00, 0x13, 0x4A, 0xEA, 0x3B, 0x5B, 0xAA, 0xF7, 0x97, 0xB4, 0xFF, 0xFA,
    0x97, 0xB4, 0xFF, 0xFA, 0x7E, 0x96, 0xFC, 0xFA, 0x7C, 0x93, 0xFD, 0xFB, 0x73, 0x8E, 0xFC, 0xFB,
    0x67, 0x82, 0xF6, 0xFB, 0x67, 0x82, 0xF6, 0xFB, 0x57, 0x7F, 0xF1, 0xFB, 0x3D, 0x75, 0xEC, 0xFC,
    0x3A, 0x8F, 0xFA, 0xFC, 0x3A, 0x8F, 0xFA, 0xFC, 0x3A, 0xA6, 0xFE, 0xFC, 0x35, 0xA5, 0xFE, 0xFC,
    0x31, 0x9F, 0xFD, 0xFC, 0x2F, 0x9D, 0xFD, 0xFC, 0x2F, 0x9D, 0xFD, 0xFC, 0x2A, 0x99, 0xFD, 0xFC,
    0x25, 0x92, 0xFC, 0xFC, 0x21, 0x8E, 0xF9, 0xFC, 0x21, 0x8E, 0xF9, 0xFC, 0x1F, 0x8D, 0xF8, 0xFC,
    0x1E, 0x8F, 0xF9, 0xFC, 0x26, 0x96, 0xFB, 0xFC, 0x26, 0x96, 0xFB, 0xFC, 0x33, 0xA1, 0xFD, 0xFC,
    0x32, 0xA3, 0xFD, 0xFC, 0x20, 0x91, 0xFA, 0xFC, 0x17, 0x86, 0xF7, 0xFC, 0x17, 0x86, 0xF7, 0xFC,
    0x16, 0x84, 0xF6, 0xFC, 0x18, 0x85, 0xF8, 0xFC, 0x18, 0x85, 0xF8, 0xFC, 0x18, 0x85, 0xF8, 0xFC,
    0x18, 0x88, 0xFA, 0xFC, 0x18, 0x87, 0xF7, 0xFC, 0x20, 0x8F, 0xFA, 0xFC, 0x28, 0x98, 0xFD, 0xFC,
    0x28, 0x98, 0xFD, 0xFC, 0x26, 0x95, 0xFC, 0xFC, 0x19, 0x8B, 0xF8, 0xFD, 0x1D, 0x91, 0xFC, 0xFD,
    0x1D, 0x91, 0xFC, 0xFD, 0x1E, 0x90, 0xFB, 0xFD, 0x1F, 0x90, 0xF8, 0xFD, 0x22, 0x93, 0xF8, 0xFD,
    0x22, 0x93, 0xF8, 0xFD, 0x2C, 0x9B, 0xFB, 0xFD, 0x36, 0xA5, 0xFD, 0xFD, 0x38, 0xA7, 0xFD, 0xFD,
    0x39, 0xA5, 0xFD, 0xFD, 0x39, 0xA5, 0xFD, 0xFD, 0x3C, 0xA7, 0xFD, 0xFD, 0x3B, 0xA6, 0xFD, 0xFD,
    0x38, 0xA8, 0xFD, 0xFD, 0x38, 0xA8, 0xFD, 0xFD, 0x37, 0xA7, 0xFE, 0xFD, 0x39, 0x98, 0xFD, 0xFD,
    0x40, 0x82, 0xF7, 0xFD, 0x51, 0x7A, 0xF5, 0xFD, 0x51, 0x7A, 0xF5, 0xFD, 0x5F, 0x77, 0xF2, 0xFD,
    0x6E, 0x7A, 0xF1, 0xFD, 0x77, 0x7E, 0xF1, 0xFD, 0x77, 0x7E, 0xF1, 0xFD, 0x83, 0x8B, 0xF7, 0xFD,
    0x84, 0x8E, 0xF8, 0xFD, 0x82, 0x95, 0xFB, 0xFD, 0x82, 0x95, 0xFB, 0xFD, 0x73, 0x92, 0xF9, 0xFD,
    0x63, 0xA6, 0xFD, 0xFC, 0x29, 0x70, 0xC0, 0xFA, 0x00, 0x04, 0x23, 0xF9, 0x00, 0x04, 0x23, 0xF9,
    0x1F, 0x5D, 0x9A, 0x65, 0x00, 0x00, 0x00, 0x00, 0x30, 0x7A, 0xC9, 0x02, 0x30, 0x7A, 0xC9, 0x02,
    0x00, 0x00, 0x00, 0x00, 0x00, 0x00, 0x00, 0x00, 0x00, 0x00, 0x00, 0x00, 0x00, 0x00, 0x00, 0x00,
    0x00, 0x00, 0x00, 0x00, 0x00, 0x00, 0x00, 0x00, 0x00, 0x00, 0x00, 0x00, 0x00, 0x00, 0x00, 0x00,
    0x00, 0x00, 0x00, 0x00, 0x00, 0x00, 0x00, 0x00, 0x00, 0x00, 0x00, 0x00, 0x00, 0x00, 0x00, 0x00,
    0x00, 0x00, 0x00, 0x00, 0x00, 0x00, 0x00, 0x00, 0x00, 0x00, 0x00, 0x00, 0x00, 0x00, 0x00, 0x00,
    0x00, 0x00, 0x00, 0x00, 0x00, 0x00, 0x00, 0x00, 0x00, 0x00, 0x00, 0x00, 0x00, 0x00, 0x00, 0x00,
    0x00, 0x00, 0x00, 0x00, 0x00, 0x00, 0x00, 0x00, 0x00, 0x00, 0x00, 0x00, 0x00, 0x00, 0x00, 0x00,
    0x00, 0x00, 0x00, 0x00, 0x00, 0x00, 0x00, 0x00, 0x00, 0x00, 0x00, 0x00, 0x00, 0x00, 0x00, 0x00,
    0x00, 0x00, 0x00, 0x00, 0x00, 0x00, 0x00, 0x00, 0x00, 0x00, 0x00, 0x00, 0x00, 0x00, 0x00, 0x00,
    0x00, 0x00, 0x00, 0x00, 0x00, 0x00, 0x00, 0x00, 0x00, 0x00, 0x00, 0x00, 0x00, 0x00, 0x00, 0x00,
    0x00, 0x00, 0x00, 0x00, 0x00, 0x00, 0x00, 0x00, 0x00, 0x00, 0x00, 0x00, 0x00, 0x00, 0x00, 0x00,
    0x37, 0x82, 0xCC, 0x01, 0x37, 0x81, 0xCD, 0x01, 0x37, 0x82, 0xCD, 0x01, 0x37, 0x83, 0xCE, 0x02,
    0x37, 0x83, 0xCE, 0x02, 0x37, 0x83, 0xCE, 0x07, 0x35, 0x86, 0xD2, 0x0A, 0x20, 0x67, 0xAC, 0x59,
    0x20, 0x67, 0xAC, 0x59, 0x00, 0x11, 0x46, 0xED, 0x3B, 0x5B, 0xAB, 0xF7, 0x98, 0xB5, 0xFF, 0xFA,
    0x98, 0xB5, 0xFF, 0xFA, 0x79, 0x94, 0xFB, 0xFA, 0x75, 0x90, 0xFC, 0xFB, 0x69, 0x8A, 0xFA, 0xFB,
    0x4F, 0x78, 0xE9, 0xFC, 0x4F, 0x78, 0xE9, 0xFC, 0x3A, 0x77, 0xEA, 0xFB, 0x3C, 0x95, 0xFC, 0xFC,
    0x38, 0xA4, 0xFE, 0xFC, 0x38, 0xA4, 0xFE, 0xFC, 0x30, 0xA2, 0xFE, 0xFC, 0x33, 0xA5, 0xFE, 0xFC,
    0x32, 0xA1, 0xFE, 0xFC, 0x31, 0xA0, 0xFD, 0xFC, 0x31, 0xA0, 0xFD, 0xFC, 0x26, 0x92, 0xFA, 0xFC,
    0x21, 0x8B, 0xF6, 0xFC, 0x21, 0x8F, 0xF9, 0xFC, 0x21, 0x8F, 0xF9, 0xFC, 0x25, 0x96, 0xFB, 0xFC,
    0x20, 0x8D, 0xF6, 0xFC, 0x27, 0x96, 0xF9, 0xFC, 0x27, 0x96, 0xF9, 0xFC, 0x35, 0xA3, 0xFD, 0xFC,
    0x30, 0x9F, 0xFD, 0xFC, 0x24, 0x95, 0xFC, 0xFC, 0x1C, 0x8C, 0xFA, 0xFC, 0x1C, 0x8C, 0xFA, 0xFC,
    0x17, 0x85, 0xF6, 0xFC, 0x19, 0x87, 0xF7, 0xFC, 0x1A, 0x88, 0xF9, 0xFC, 0x1A, 0x88, 0xF9, 0xFC,
    0x1A, 0x89, 0xFA, 0xFC, 0x1B, 0x8A, 0xF9, 0xFC, 0x25, 0x94, 0xFC, 0xFC, 0x2A, 0x9A, 0xFD, 0xFD,
    0x2A, 0x9A, 0xFD, 0xFD, 0x20, 0x90, 0xFA, 0xFD, 0x15, 0x86, 0xF4, 0xFD, 0x1E, 0x94, 0xFC, 0xFD,
    0x1E, 0x94, 0xFC, 0xFD, 0x1D, 0x90, 0xFB, 0xFD, 0x1D, 0x8E, 0xF5, 0xFD, 0x26, 0x99, 0xFB, 0xFD,
    0x26, 0x99, 0xFB, 0xFD, 0x31, 0xA1, 0xFD, 0xFD, 0x36, 0xA5, 0xFD, 0xFD, 0x38, 0xA5, 0xFD, 0xFD,
    0x39, 0xA7, 0xFD, 0xFD, 0x39, 0xA7, 0xFD, 0xFD, 0x3B, 0xA6, 0xFD, 0xFD, 0x3C, 0xA5, 0xFD, 0xFD,
    0x3A, 0xA7, 0xFD, 0xFD, 0x3A, 0xA7, 0xFD, 0xFD, 0x38, 0xA8, 0xFD, 0xFD, 0x38, 0xA8, 0xFE, 0xFD,
    0x38, 0x97, 0xFD, 0xFD, 0x43, 0x87, 0xFA, 0xFD, 0x43, 0x87, 0xFA, 0xFD, 0x51, 0x77, 0xF2, 0xFD,
    0x61, 0x74, 0xEE, 0xFD, 0x6F, 0x77, 0xED, 0xFD, 0x6F, 0x77, 0xED, 0xFD, 0x7F, 0x86, 0xF6, 0xFD,
    0x84, 0x90, 0xF9, 0xFD, 0x7F, 0x92, 0xFA, 0xFD, 0x7F, 0x92, 0xFA, 0xFD, 0x70, 0x92, 0xF9, 0xFD,
    0x60, 0xA5, 0xFD, 0xFC, 0x28, 0x71, 0xC0, 0xFA, 0x00, 0x04, 0x23, 0xFA, 0x00, 0x04, 0x23, 0xFA,
    0x1E, 0x5D, 0x9C, 0x6A, 0x00, 0x00, 0x00, 0x00, 0x30, 0x7B, 0xCA, 0x02, 0x30, 0x7B, 0xCA, 0x02,
    0x00, 0x00, 0x00, 0x00, 0x00, 0x00, 0x00, 0x00, 0x00, 0x00, 0x00, 0x00, 0x00, 0x00, 0x00, 0x00,
    0x00, 0x00, 0x00, 0x00, 0x00, 0x00, 0x00, 0x00, 0x00, 0x00, 0x00, 0x00, 0x00, 0x00, 0x00, 0x00,
    0x00, 0x00, 0x00, 0x00, 0x00, 0x00, 0x00, 0x00, 0x00, 0x00, 0x00, 0x00, 0x00, 0x00, 0x00, 0x00,
    0x00, 0x00, 0x00, 0x00, 0x00, 0x00, 0x00, 0x00, 0x00, 0x00, 0x00, 0x00, 0x00, 0x00, 0x00, 0x00,
    0x00, 0x00, 0x00, 0x00, 0x00, 0x00, 0x00, 0x00, 0x00, 0x00, 0x00, 0x00, 0x00, 0x00, 0x00, 0x00,
    0x00, 0x00, 0x00, 0x00, 0x00, 0x00, 0x00, 0x00, 0x00, 0x00, 0x00, 0x00, 0x00, 0x00, 0x00, 0x00,
    0x00, 0x00, 0x00, 0x00, 0x00, 0x00, 0x00, 0x00, 0x00, 0x00, 0x00, 0x00, 0x00, 0x00, 0x00, 0x00,
    0x00, 0x00, 0x00, 0x00, 0x00, 0x00, 0x00, 0x00, 0x00, 0x00, 0x00, 0x00, 0x00, 0x00, 0x00, 0x00,
    0x00, 0x00, 0x00, 0x00, 0x00, 0x00, 0x00, 0x00, 0x00, 0x00, 0x00, 0x00, 0x00, 0x00, 0x00, 0x00,
    0x00, 0x00, 0x00, 0x00, 0x00, 0x00, 0x00, 0x00, 0x00, 0x00, 0x00, 0x00, 0x00, 0x00, 0x00, 0x00,
    0x37, 0x82, 0xCC, 0x01, 0x38, 0x82, 0xCC, 0x01, 0x37, 0x82, 0xCC, 0x01, 0x38, 0x84, 0xCD, 0x01,
    0x38, 0x84, 0xCD, 0x01, 0x37, 0x84, 0xCE, 0x06, 0x36, 0x87, 0xD2, 0x0A, 0x21, 0x67, 0xAB, 0x5B,
    0x21, 0x67, 0xAB, 0x5B, 0x00, 0x0F, 0x44, 0xED, 0x3C, 0x5D, 0xAC, 0xF7, 0x95, 0xB5, 0xFF, 0xFA,
    0x95, 0xB5, 0xFF, 0xFA, 0x77, 0x97, 0xFC, 0xFB, 0x69, 0x8A, 0xF9, 0xFB, 0x4D, 0x7A, 0xEE, 0xFB,
    0x3D, 0x82, 0xEF, 0xFC, 0x3D, 0x82, 0xEF, 0xFC, 0x3E, 0x95, 0xFB, 0xFC, 0x3A, 0xA2, 0xFE, 0xFC,
    0x33, 0xA6, 0xFE, 0xFC, 0x33, 0xA6, 0xFE, 0xFC, 0x31, 0xA3, 0xFE, 0xFC, 0x34, 0xA3, 0xFE, 0xFC,
    0x34, 0xA5, 0xFD, 0xFC, 0x30, 0xA3, 0xFD, 0xFC, 0x30, 0xA3, 0xFD, 0xFC, 0x25, 0x94, 0xF9, 0xFC,
    0x20, 0x8C, 0xF6, 0xFC, 0x28, 0x98, 0xFC, 0xFC, 0x28, 0x98, 0xFC, 0xFC, 0x27, 0x97, 0xFC, 0xFC,
    0x24, 0x92, 0xF8, 0xFC, 0x2C, 0x9D, 0xFC, 0xFC, 0x2C, 0x9D, 0xFC, 0xFC, 0x33, 0xA3, 0xFD, 0xFC,
    0x33, 0xA4, 0xFE, 0xFC, 0x26, 0x96, 0xFC, 0xFC, 0x1E, 0x8D, 0xFA, 0xFC, 0x1E, 0x8D, 0xFA, 0xFC,
    0x1B, 0x8A, 0xF8, 0xFC, 0x1C, 0x8B, 0xF8, 0xFC, 0x1A, 0x88, 0xF7, 0xFC, 0x1A, 0x88, 0xF7, 0xFC,
    0x1D, 0x8C, 0xFA, 0xFC, 0x22, 0x91, 0xFB, 0xFD, 0x2A, 0x99, 0xFD, 0xFD, 0x2C, 0x9D, 0xFD, 0xFD,
    0x2C, 0x9D, 0xFD, 0xFD, 0x1F, 0x91, 0xFA, 0xFD, 0x1B, 0x8C, 0xF8, 0xFD, 0x1F, 0x94, 0xFC, 0xFD,
    0x1F, 0x94, 0xFC, 0xFD, 0x1F, 0x94, 0xFA, 0xFD, 0x22, 0x94, 0xF8, 0xFD, 0x2E, 0xA1, 0xFC, 0xFD,
    0x2E, 0xA1, 0xFC, 0xFD, 0x36, 0xA8, 0xFD, 0xFD, 0x36, 0xA6, 0xFD, 0xFD, 0x38, 0xA7, 0xFD, 0xFD,
    0x39, 0xA7, 0xFD, 0xFD, 0x39, 0xA7, 0xFD, 0xFD, 0x3A, 0xA7, 0xFD, 0xFD, 0x3C, 0xA7, 0xFD, 0xFD,
    0x3C, 0xA8, 0xFD, 0xFD, 0x3C, 0xA8, 0xFD, 0xFD, 0x3A, 0xA7, 0xFC, 0xFD, 0x39, 0xA9, 0xFD, 0xFD,
    0x3A, 0xA8, 0xFE, 0xFD, 0x3E, 0x9E, 0xFD, 0xFD, 0x3E, 0x9E, 0xFD, 0xFD, 0x43, 0x85, 0xF8, 0xFD,
    0x4D, 0x77, 0xF1, 0xFD, 0x5E, 0x78, 0xEE, 0xFD, 0x5E, 0x78, 0xEE, 0xFD, 0x75, 0x83, 0xF6, 0xFD,
    0x81, 0x91, 0xFC, 0xFD, 0x7D, 0x95, 0xFC, 0xFD, 0x7D, 0x95, 0xFC, 0xFD, 0x6F, 0x94, 0xFA, 0xFD,
    0x60, 0xA5, 0xFD, 0xFC, 0x2A, 0x72, 0xC2, 0xFA, 0x00, 0x04, 0x26, 0xFA, 0x00, 0x04, 0x26, 0xFA,
    0x1E, 0x5C, 0x9E, 0x6D, 0x00, 0x00, 0x00, 0x00, 0x31, 0x7B, 0xCB, 0x02, 0x31, 0x7B, 0xCB, 0x02,
    0x00, 0x00, 0x00, 0x00, 0x00, 0x00, 0x00, 0x00, 0x00, 0x00, 0x00, 0x00, 0x00, 0x00, 0x00, 0x00,
    0x00, 0x00, 0x00, 0x00, 0x00, 0x00, 0x00, 0x00, 0x00, 0x00, 0x00, 0x00, 0x00, 0x00, 0x00, 0x00,
    0x00, 0x00, 0x00, 0x00, 0x00, 0x00, 0x00, 0x00, 0x00, 0x00, 0x00, 0x00, 0x00, 0x00, 0x00, 0x00,
    0x00, 0x00, 0x00, 0x00, 0x00, 0x00, 0x00, 0x00, 0x00, 0x00, 0x00, 0x00, 0x00, 0x00, 0x00, 0x00,
    0x00, 0x00, 0x00, 0x00, 0x00, 0x00, 0x00, 0x00, 0x00, 0x00, 0x00, 0x00, 0x00, 0x00, 0x00, 0x00,
    0x00, 0x00, 0x00, 0x00, 0x00, 0x00, 0x00, 0x00, 0x00, 0x00, 0x00, 0x00, 0x00, 0x00, 0x00, 0x00,
    0x00, 0x00, 0x00, 0x00, 0x00, 0x00, 0x00, 0x00, 0x00, 0x00, 0x00, 0x00, 0x00, 0x00, 0x00, 0x00,
    0x00, 0x00, 0x00, 0x00, 0x00, 0x00, 0x00, 0x00, 0x00, 0x00, 0x00, 0x00, 0x00, 0x00, 0x00, 0x00,
    0x00, 0x00, 0x00, 0x00, 0x00, 0x00, 0x00, 0x00, 0x00, 0x00, 0x00, 0x00, 0x00, 0x00, 0x00, 0x00,
    0x00, 0x00, 0x00, 0x00, 0x00, 0x00, 0x00, 0x00, 0x00, 0x00, 0x00, 0x00, 0x00, 0x00, 0x00, 0x00,
    0x38, 0x82, 0xCD, 0x01, 0x38, 0x82, 0xCC, 0x01, 0x38, 0x83, 0xCD, 0x01, 0x38, 0x84, 0xCE, 0x01,
    0x38, 0x84, 0xCE, 0x01, 0x37, 0x84, 0xCF, 0x06, 0x37, 0x88, 0xD4, 0x09, 0x21, 0x66, 0xAA, 0x5C,
    0x21, 0x66, 0xAA, 0x5C, 0x00, 0x0D, 0x40, 0xEF, 0x3A, 0x5B, 0xA9, 0xF6, 0x8E, 0xB2, 0xFF, 0xFA,
    0x8E, 0xB2, 0xFF, 0xFA, 0x6D, 0x94, 0xFA, 0xFB, 0x56, 0x8B, 0xF8, 0xFB, 0x3B, 0x82, 0xF3, 0xFB,
    0x3A, 0x9A, 0xFC, 0xFC, 0x3A, 0x9A, 0xFC, 0xFC, 0x39, 0xA8, 0xFE, 0xFC, 0x33, 0xA3, 0xFE, 0xFC,
    0x32, 0xA4, 0xFE, 0xFC, 0x32, 0xA4, 0xFE, 0xFC, 0x32, 0xA4, 0xFE, 0xFC, 0x33, 0xA3, 0xFD, 0xFC,
    0x33, 0xA3, 0xFD, 0xFC, 0x32, 0xA3, 0xFD, 0xFC, 0x32, 0xA3, 0xFD, 0xFC, 0x2D, 0x9E, 0xFD, 0xFC,
    0x2A, 0x9A, 0xFC, 0xFD, 0x27, 0x94, 0xFA, 0xFD, 0x27, 0x94, 0xFA, 0xFD, 0x27, 0x95, 0xFB, 0xFD,
    0x2C, 0x9C, 0xFD, 0xFD, 0x30, 0xA3, 0xFE, 0xFD, 0x30, 0xA3, 0xFE, 0xFD, 0x31, 0xA1, 0xFE, 0xFC,
    0x2D, 0x9D, 0xFC, 0xFC, 0x25, 0x95, 0xFB, 0xFC, 0x21, 0x92, 0xFB, 0xFC, 0x21, 0x92, 0xFB, 0xFC,
    0x1D, 0x8B, 0xF7, 0xFC, 0x1E, 0x8C, 0xF9, 0xFC, 0x1B, 0x8A, 0xF7, 0xFC, 0x1B, 0x8A, 0xF7, 0xFC,
    0x1D, 0x8D, 0xF9, 0xFC, 0x24, 0x93, 0xFB, 0xFD, 0x2B, 0x9A, 0xFD, 0xFD, 0x2A, 0x9A, 0xFD, 0xFD,
    0x2A, 0x9A, 0xFD, 0xFD, 0x24, 0x98, 0xFD, 0xFD, 0x22, 0x93, 0xFC, 0xFD, 0x21, 0x92, 0xFB, 0xFD,
    0x21, 0x92, 0xFB, 0xFD, 0x23, 0x95, 0xFA, 0xFD, 0x2E, 0xA1, 0xFC, 0xFD, 0x34, 0xA4, 0xFD, 0xFD,
    0x34, 0xA4, 0xFD, 0xFD, 0x37, 0xA6, 0xFD, 0xFD, 0x38, 0xA7, 0xFD, 0xFD, 0x39, 0xA8, 0xFD, 0xFD,
    0x39, 0xA7, 0xFD, 0xFD, 0x39, 0xA7, 0xFD, 0xFD, 0x3A, 0xA7, 0xFD, 0xFD, 0x3B, 0xA7, 0xFD, 0xFD,
    0x3A, 0xA7, 0xFD, 0xFD, 0x3A, 0xA7, 0xFD, 0xFD, 0x3A, 0xA7, 0xFC, 0xFD, 0x39, 0xA8, 0xFD, 0xFD,
    0x38, 0xA7, 0xFD, 0xFD, 0x39, 0xA4, 0xFD, 0xFD, 0x39, 0xA4, 0xFD, 0xFD, 0x3E, 0xA0, 0xFD, 0xFD,
    0x46, 0x93, 0xFC, 0xFD, 0x4A, 0x7F, 0xF1, 0xFD, 0x4A, 0x7F, 0xF1, 0xFD, 0x5F, 0x7F, 0xF2, 0xFD,
    0x78, 0x91, 0xFC, 0xFD, 0x78, 0x96, 0xFC, 0xFD, 0x78, 0x96, 0xFC, 0xFD, 0x6C, 0x95, 0xFA, 0xFD,
    0x5F, 0xA5, 0xFD, 0xFC, 0x2B, 0x73, 0xC2, 0xFA, 0x00, 0x04, 0x28, 0xFA, 0x00, 0x04, 0x28, 0xFA,
    0x1D, 0x5C, 0x9E, 0x6C, 0x00, 0x00, 0x00, 0x00, 0x31, 0x7C, 0xCB, 0x02, 0x31, 0x7C, 0xCB, 0x02,
    0x00, 0x00, 0x00, 0x00, 0x00, 0x00, 0x00, 0x00, 0x00, 0x00, 0x00, 0x00, 0x00, 0x00, 0x00, 0x00,
    0x00, 0x00, 0x00, 0x00, 0x00, 0x00, 0x00, 0x00, 0x00, 0x00, 0x00, 0x00, 0x00, 0x00, 0x00, 0x00,
    0x00, 0x00, 0x00, 0x00, 0x00, 0x00, 0x00, 0x00, 0x00, 0x00, 0x00, 0x00, 0x00, 0x00, 0x00, 0x00,
    0x00, 0x00, 0x00, 0x00, 0x00, 0x00, 0x00, 0x00, 0x00, 0x00, 0x00, 0x00, 0x00, 0x00, 0x00, 0x00,
    0x00, 0x00, 0x00, 0x00, 0x00, 0x00, 0x00, 0x00, 0x00, 0x00, 0x00, 0x00, 0x00, 0x00, 0x00, 0x00,
    0x00, 0x00, 0x00, 0x00, 0x00, 0x00, 0x00, 0x00, 0x00, 0x00, 0x00, 0x00, 0x00, 0x00, 0x00, 0x00,
    0x00, 0x00, 0x00, 0x00, 0x00, 0x00, 0x00, 0x00, 0x00, 0x00, 0x00, 0x00, 0x00, 0x00, 0x00, 0x00,
    0x00, 0x00, 0x00, 0x00, 0x00, 0x00, 0x00, 0x00, 0x00, 0x00, 0x00, 0x00, 0x00, 0x00, 0x00, 0x00,
    0x00, 0x00, 0x00, 0x00, 0x00, 0x00, 0x00, 0x00, 0x00, 0x00, 0x00, 0x00, 0x00, 0x00, 0x00, 0x00,
    0x00, 0x00, 0x00, 0x00, 0x00, 0x00, 0x00, 0x00, 0x00, 0x00, 0x00, 0x00, 0x00, 0x00, 0x00, 0x00,
    0x38, 0x82, 0xCD, 0x01, 0x38, 0x82, 0xCC, 0x01, 0x38, 0x83, 0xCD, 0x01, 0x38, 0x84, 0xCE, 0x01,
    0x38, 0x84, 0xCE, 0x01, 0x37, 0x84, 0xCF, 0x06, 0x37, 0x88, 0xD4, 0x09, 0x21, 0x66, 0xAA, 0x5C,
    0x21, 0x66, 0xAA, 0x5C, 0x00, 0x0D, 0x40, 0xEF, 0x3A, 0x5B, 0xA9, 0xF6, 0x8E, 0xB2, 0xFF, 0xFA,
    0x8E, 0xB2, 0xFF, 0xFA, 0x6D, 0x94, 0xFA, 0xFB, 0x56, 0x8B, 0xF8, 0xFB, 0x3B, 0x82, 0xF3, 0xFB,
    0x3A, 0x9A, 0xFC, 0xFC, 0x3A, 0x9A, 0xFC, 0xFC, 0x39, 0xA8, 0xFE, 0xFC, 0x33, 0xA3, 0xFE, 0xFC,
    0x32, 0xA4, 0xFE, 0xFC, 0x32, 0xA4, 0xFE, 0xFC, 0x32, 0xA4, 0xFE, 0xFC, 0x33, 0xA3, 0xFD, 0xFC,
    0x33, 0xA3, 0xFD, 0xFC, 0x32, 0xA3, 0xFD, 0xFC, 0x32, 0xA3, 0xFD, 0xFC, 0x2D, 0x9E, 0xFD, 0xFC,
    0x2A, 0x9A, 0xFC, 0xFD, 0x27, 0x94, 0xFA, 0xFD, 0x27, 0x94, 0xFA, 0xFD, 0x27, 0x95, 0xFB, 0xFD,
    0x2C, 0x9C, 0xFD, 0xFD, 0x30, 0xA3, 0xFE, 0xFD, 0x30, 0xA3, 0xFE, 0xFD, 0x31, 0xA1, 0xFE, 0xFC,
    0x2D, 0x9D, 0xFC, 0xFC, 0x25, 0x95, 0xFB, 0xFC, 0x21, 0x92, 0xFB, 0xFC, 0x21, 0x92, 0xFB, 0xFC,
    0x1D, 0x8B, 0xF7, 0xFC, 0x1E, 0x8C, 0xF9, 0xFC, 0x1B, 0x8A, 0xF7, 0xFC, 0x1B, 0x8A, 0xF7, 0xFC,
    0x1D, 0x8D, 0xF9, 0xFC, 0x24, 0x93, 0xFB, 0xFD, 0x2B, 0x9A, 0xFD, 0xFD, 0x2A, 0x9A, 0xFD, 0xFD,
    0x2A, 0x9A, 0xFD, 0xFD, 0x24, 0x98, 0xFD, 0xFD, 0x22, 0x93, 0xFC, 0xFD, 0x21, 0x92, 0xFB, 0xFD,
    0x21, 0x92, 0xFB, 0xFD, 0x23, 0x95, 0xFA, 0xFD, 0x2E, 0xA1, 0xFC, 0xFD, 0x34, 0xA4, 0xFD, 0xFD,
    0x34, 0xA4, 0xFD, 0xFD, 0x37, 0xA6, 0xFD, 0xFD, 0x38, 0xA7, 0xFD, 0xFD, 0x39, 0xA8, 0xFD, 0xFD,
    0x39, 0xA7, 0xFD, 0xFD, 0x39, 0xA7, 0xFD, 0xFD, 0x3A, 0xA7, 0xFD, 0xFD, 0x3B, 0xA7, 0xFD, 0xFD,
    0x3A, 0xA7, 0xFD, 0xFD, 0x3A, 0xA7, 0xFD, 0xFD, 0x3A, 0xA7, 0xFC, 0xFD, 0x39, 0xA8, 0xFD, 0xFD,
    0x38, 0xA7, 0xFD, 0xFD, 0x39, 0xA4, 0xFD, 0xFD, 0x39, 0xA4, 0xFD, 0xFD, 0x3E, 0xA0, 0xFD, 0xFD,
    0x46, 0x93, 0xFC, 0xFD, 0x4A, 0x7F, 0xF1, 0xFD, 0x4A, 0x7F, 0xF1, 0xFD, 0x5F, 0x7F, 0xF2, 0xFD,
    0x78, 0x91, 0xFC, 0xFD, 0x78, 0x96, 0xFC, 0xFD, 0x78, 0x96, 0xFC, 0xFD, 0x6C, 0x95, 0xFA, 0xFD,
    0x5F, 0xA5, 0xFD, 0xFC, 0x2B, 0x73, 0xC2, 0xFA, 0x00, 0x04, 0x28, 0xFA, 0x00, 0x04, 0x28, 0xFA,
    0x1D, 0x5C, 0x9E, 0x6C, 0x00, 0x00, 0x00, 0x00, 0x31, 0x7C, 0xCB, 0x02, 0x31, 0x7C, 0xCB, 0x02,
    0x00, 0x00, 0x00, 0x00, 0x00, 0x00, 0x00, 0x00, 0x00, 0x00, 0x00, 0x00, 0x00, 0x00, 0x00, 0x00,
    0x00, 0x00, 0x00, 0x00, 0x00, 0x00, 0x00, 0x00, 0x00, 0x00, 0x00, 0x00, 0x00, 0x00, 0x00, 0x00,
    0x00, 0x00, 0x00, 0x00, 0x00, 0x00, 0x00, 0x00, 0x00, 0x00, 0x00, 0x00, 0x00, 0x00, 0x00, 0x00,
    0x00, 0x00, 0x00, 0x00, 0x00, 0x00, 0x00, 0x00, 0x00, 0x00, 0x00, 0x00, 0x00, 0x00, 0x00, 0x00,
    0x00, 0x00, 0x00, 0x00, 0x00, 0x00, 0x00, 0x00, 0x00, 0x00, 0x00, 0x00, 0x00, 0x00, 0x00, 0x00,
    0x00, 0x00, 0x00, 0x00, 0x00, 0x00, 0x00, 0x00, 0x00, 0x00, 0x00, 0x00, 0x00, 0x00, 0x00, 0x00,
    0x00, 0x00, 0x00, 0x00, 0x00, 0x00, 0x00, 0x00, 0x00, 0x00, 0x00, 0x00, 0x00, 0x00, 0x00, 0x00,
    0x00, 0x00, 0x00, 0x00, 0x00, 0x00, 0x00, 0x00, 0x00, 0x00, 0x00, 0x00, 0x00, 0x00, 0x00, 0x00,
    0x00, 0x00, 0x00, 0x00, 0x00, 0x00, 0x00, 0x00, 0x00, 0x00, 0x00, 0x00, 0x00, 0x00, 0x00, 0x00,
    0x00, 0x00, 0x00, 0x00, 0x00, 0x00, 0x00, 0x00, 0x00, 0x00, 0x00, 0x00, 0x00, 0x00, 0x00, 0x00,
    0x38, 0x83, 0xCD, 0x01, 0x38, 0x83, 0xCD, 0x01, 0x38, 0x84, 0xCD, 0x01, 0x39, 0x85, 0xCF, 0x01,
    0x39, 0x85, 0xCF, 0x01, 0x38, 0x85, 0xD1, 0x06, 0x39, 0x8A, 0xD6, 0x07, 0x22, 0x68, 0xAB, 0x5C,
    0x22, 0x68, 0xAB, 0x5C, 0x00, 0x0F, 0x41, 0xEF, 0x39, 0x5D, 0xA9, 0xF6, 0x86, 0xB2, 0xFF, 0xFB,
    0x86, 0xB2, 0xFF, 0xFB, 0x5B, 0x8E, 0xF7, 0xFB, 0x43, 0x8D, 0xF9, 0xFB, 0x39, 0x9E, 0xFD, 0xFB,
    0x33, 0xA4, 0xFE, 0xFC, 0x33, 0xA4, 0xFE, 0xFC, 0x30, 0xA5, 0xFE, 0xFC, 0x32, 0xA6, 0xFE, 0xFC,
    0x33, 0xA5, 0xFE, 0xFC, 0x33, 0xA5, 0xFE, 0xFC, 0x32, 0xA4, 0xFE, 0xFC, 0x33, 0xA5, 0xFE, 0xFC,
    0x32, 0xA4, 0xFE, 0xFC, 0x33, 0xA6, 0xFE, 0xFC, 0x33, 0xA6, 0xFE, 0xFC, 0x33, 0xA6, 0xFE, 0xFD,
    0x30, 0xA3, 0xFD, 0xFD, 0x29, 0x9B, 0xFC, 0xFD, 0x29, 0x9B, 0xFC, 0xFD, 0x2D, 0x9F, 0xFD, 0xFD,
    0x2B, 0x9B, 0xFD, 0xFD, 0x2E, 0xA1, 0xFE, 0xFD, 0x2E, 0xA1, 0xFE, 0xFD, 0x2F, 0x9F, 0xFD, 0xFD,
    0x2D, 0x9F, 0xFC, 0xFD, 0x26, 0x96, 0xFA, 0xFD, 0x23, 0x95, 0xFB, 0xFD, 0x23, 0x95, 0xFB, 0xFD,
    0x1E, 0x8D, 0xF8, 0xFC, 0x1F, 0x8E, 0xFA, 0xFD, 0x1E, 0x8E, 0xFA, 0xFC, 0x1E, 0x8E, 0xFA, 0xFC,
    0x1E, 0x8E, 0xF9, 0xFD, 0x24, 0x93, 0xFA, 0xFD, 0x2F, 0xA0, 0xFE, 0xFD, 0x29, 0x99, 0xFD, 0xFD,
    0x29, 0x99, 0xFD, 0xFD, 0x27, 0x9A, 0xFD, 0xFD, 0x24, 0x98, 0xFD, 0xFD, 0x26, 0x9B, 0xFD, 0xFD,
    0x26, 0x9B, 0xFD, 0xFD, 0x2E, 0x9F, 0xFD, 0xFD, 0x35, 0xA7, 0xFD, 0xFD, 0x37, 0xA6, 0xFD, 0xFD,
    0x37, 0xA6, 0xFD, 0xFD, 0x37, 0xA7, 0xFD, 0xFD, 0x38, 0xA7, 0xFD, 0xFD, 0x39, 0xA8, 0xFE, 0xFD,
    0x38, 0xA8, 0xFD, 0xFD, 0x38, 0xA8, 0xFD, 0xFD, 0x39, 0xA8, 0xFD, 0xFD, 0x3A, 0xA7, 0xFD, 0xFD,
    0x3A, 0xA7, 0xFD, 0xFD, 0x3A, 0xA7, 0xFD, 0xFD, 0x3A, 0xA8, 0xFD, 0xFD, 0x3A, 0xA8, 0xFD, 0xFD,
    0x38, 0xA7, 0xFD, 0xFD, 0x38, 0xA8, 0xFD, 0xFD, 0x38, 0xA8, 0xFD, 0xFD, 0x38, 0xA8, 0xFE, 0xFD,
    0x3F, 0xA6, 0xFE, 0xFD, 0x45, 0x96, 0xFB, 0xFD, 0x45, 0x96, 0xFB, 0xFD, 0x4F, 0x8A, 0xF9, 0xFD,
    0x66, 0x8D, 0xFB, 0xFD, 0x71, 0x98, 0xFD, 0xFD, 0x71, 0x98, 0xFD, 0xFD, 0x69, 0x97, 0xFB, 0xFD,
    0x5E, 0xA5, 0xFD, 0xFC, 0x2E, 0x75, 0xC2, 0xFA, 0x00, 0x06, 0x2C, 0xFA, 0x00, 0x06, 0x2C, 0xFA,
    0x1F, 0x5C, 0xA0, 0x6A, 0x00, 0x00, 0x00, 0x00, 0x31, 0x7D, 0xCC, 0x02, 0x31, 0x7D, 0xCC, 0x02,
    0x00, 0x00, 0x00, 0x00, 0x00, 0x00, 0x00, 0x00, 0x00, 0x00, 0x00, 0x00, 0x00, 0x00, 0x00, 0x00,
    0x00, 0x00, 0x00, 0x00, 0x00, 0x00, 0x00, 0x00, 0x00, 0x00, 0x00, 0x00, 0x00, 0x00, 0x00, 0x00,
    0x00, 0x00, 0x00, 0x00, 0x00, 0x00, 0x00, 0x00, 0x00, 0x00, 0x00, 0x00, 0x00, 0x00, 0x00, 0x00,
    0x00, 0x00, 0x00, 0x00, 0x00, 0x00, 0x00, 0x00, 0x00, 0x00, 0x00, 0x00, 0x00, 0x00, 0x00, 0x00,
    0x00, 0x00, 0x00, 0x00, 0x00, 0x00, 0x00, 0x00, 0x00, 0x00, 0x00, 0x00, 0x00, 0x00, 0x00, 0x00,
    0x00, 0x00, 0x00, 0x00, 0x00, 0x00, 0x00, 0x00, 0x00, 0x00, 0x00, 0x00, 0x00, 0x00, 0x00, 0x00,
    0x00, 0x00, 0x00, 0x00, 0x00, 0x00, 0x00, 0x00, 0x00, 0x00, 0x00, 0x00, 0x00, 0x00, 0x00, 0x00,
    0x00, 0x00, 0x00, 0x00, 0x00, 0x00, 0x00, 0x00, 0x00, 0x00, 0x00, 0x00, 0x00, 0x00, 0x00, 0x00,
    0x00, 0x00, 0x00, 0x00, 0x00, 0x00, 0x00, 0x00, 0x00, 0x00, 0x00, 0x00, 0x00, 0x00, 0x00, 0x00,
    0x00, 0x00, 0x00, 0x00, 0x00, 0x00, 0x00, 0x00, 0x00, 0x00, 0x00, 0x00, 0x00, 0x00, 0x00, 0x00,
    0x38, 0x83, 0xCD, 0x01, 0x38, 0x83, 0xCE, 0x01, 0x39, 0x84, 0xCE, 0x01, 0x3A, 0x85, 0xCF, 0x01,
    0x3A, 0x85, 0xCF, 0x01, 0x39, 0x85, 0xD0, 0x06, 0x3A, 0x8A, 0xD6, 0x05, 0x25, 0x69, 0xAF, 0x5E,
    0x25, 0x69, 0xAF, 0x5E, 0x00, 0x0C, 0x3F, 0xF1, 0x31, 0x58, 0xA3, 0xF6, 0x76, 0xB8, 0xFE, 0xFB,
    0x76, 0xB8, 0xFE, 0xFB, 0x3C, 0x85, 0xF4, 0xFB, 0x34, 0x8C, 0xF9, 0xFB, 0x35, 0xA4, 0xFE, 0xFB,
    0x30, 0xA5, 0xFE, 0xFC, 0x30, 0xA5, 0xFE, 0xFC, 0x32, 0xA4, 0xFE, 0xFC, 0x32, 0xA5, 0xFE, 0xFC,
    0x33, 0xA6, 0xFD, 0xFC, 0x33, 0xA6, 0xFD, 0xFC, 0x33, 0xA6, 0xFE, 0xFC, 0x32, 0xA5, 0xFE, 0xFC,
    0x33, 0xA5, 0xFE, 0xFC, 0x33, 0xA5, 0xFE, 0xFD, 0x33, 0xA5, 0xFE, 0xFD, 0x33, 0xA4, 0xFE, 0xFD,
    0x33, 0xA5, 0xFD, 0xFD, 0x31, 0xA3, 0xFD, 0xFD, 0x31, 0xA3, 0xFD, 0xFD, 0x27, 0x97, 0xFB, 0xFD,
    0x25, 0x95, 0xF9, 0xFD, 0x2F, 0xA0, 0xFD, 0xFD, 0x2F, 0xA0, 0xFD, 0xFD, 0x34, 0xA4, 0xFE, 0xFD,
    0x32, 0xA3, 0xFD, 0xFD, 0x2A, 0x99, 0xFA, 0xFD, 0x22, 0x93, 0xF9, 0xFD, 0x22, 0x93, 0xF9, 0xFD,
    0x21, 0x91, 0xFA, 0xFD, 0x20, 0x8F, 0xFA, 0xFD, 0x1F, 0x8C, 0xF7, 0xFD, 0x1F, 0x8C, 0xF7, 0xFD,
    0x27, 0x96, 0xFC, 0xFD, 0x2E, 0x9B, 0xFD, 0xFD, 0x33, 0xA2, 0xFE, 0xFD, 0x2D, 0x9D, 0xFD, 0xFD,
    0x2D, 0x9D, 0xFD, 0xFD, 0x22, 0x91, 0xFA, 0xFD, 0x23, 0x95, 0xFB, 0xFD, 0x2C, 0x9F, 0xFD, 0xFD,
    0x2C, 0x9F, 0xFD, 0xFD, 0x34, 0xA3, 0xFD, 0xFD, 0x37, 0xA6, 0xFD, 0xFD, 0x38, 0xA7, 0xFD, 0xFD,
    0x38, 0xA7, 0xFD, 0xFD, 0x38, 0xA7, 0xFD, 0xFD, 0x39, 0xA7, 0xFD, 0xFD, 0x38, 0xA8, 0xFE, 0xFD,
    0x38, 0xA7, 0xFD, 0xFD, 0x38, 0xA7, 0xFD, 0xFD, 0x39, 0xA8, 0xFE, 0xFD, 0x39, 0xA7, 0xFE, 0xFD,
    0x39, 0xA8, 0xFD, 0xFD, 0x39, 0xA8, 0xFD, 0xFD, 0x39, 0xA8, 0xFD, 0xFD, 0x38, 0xA8, 0xFD, 0xFD,
    0x38, 0xA8, 0xFE, 0xFD, 0x39, 0xA9, 0xFE, 0xFD, 0x39, 0xA9, 0xFE, 0xFD, 0x39, 0xA7, 0xFE, 0xFD,
    0x3A, 0xA5, 0xFE, 0xFD, 0x44, 0xA3, 0xFE, 0xFD, 0x44, 0xA3, 0xFE, 0xFD, 0x49, 0x95, 0xFC, 0xFD,
    0x52, 0x8B, 0xF9, 0xFD, 0x63, 0x98, 0xFC, 0xFD, 0x63, 0x98, 0xFC, 0xFD, 0x5D, 0x94, 0xFA, 0xFD,
    0x57, 0xA4, 0xFD, 0xFC, 0x2C, 0x74, 0xC7, 0xFA, 0x00, 0x06, 0x2B, 0xFA, 0x00, 0x06, 0x2B, 0xFA,
    0x1F, 0x5B, 0xA0, 0x65, 0x00, 0x00, 0x00, 0x00, 0x31, 0x7E, 0xCC, 0x02, 0x31, 0x7E, 0xCC, 0x02,
    0x00, 0x00, 0x00, 0x00, 0x00, 0x00, 0x00, 0x00, 0x00, 0x00, 0x00, 0x00, 0x00, 0x00, 0x00, 0x00,
    0x00, 0x00, 0x00, 0x00, 0x00, 0x00, 0x00, 0x00, 0x00, 0x00, 0x00, 0x00, 0x00, 0x00, 0x00, 0x00,
    0x00, 0x00, 0x00, 0x00, 0x00, 0x00, 0x00, 0x00, 0x00, 0x00, 0x00, 0x00, 0x00, 0x00, 0x00, 0x00,
    0x00, 0x00, 0x00, 0x00, 0x00, 0x00, 0x00, 0x00, 0x00, 0x00, 0x00, 0x00, 0x00, 0x00, 0x00, 0x00,
    0x00, 0x00, 0x00, 0x00, 0x00, 0x00, 0x00, 0x00, 0x00, 0x00, 0x00, 0x00, 0x00, 0x00, 0x00, 0x00,
    0x00, 0x00, 0x00, 0x00, 0x00, 0x00, 0x00, 0x00, 0x00, 0x00, 0x00, 0x00, 0x00, 0x00, 0x00, 0x00,
    0x00, 0x00, 0x00, 0x00, 0x00, 0x00, 0x00, 0x00, 0x00, 0x00, 0x00, 0x00, 0x00, 0x00, 0x00, 0x00,
    0x00, 0x00, 0x00, 0x00, 0x00, 0x00, 0x00, 0x00, 0x00, 0x00, 0x00, 0x00, 0x00, 0x00, 0x00, 0x00,
    0x00, 0x00, 0x00, 0x00, 0x00, 0x00, 0x00, 0x00, 0x00, 0x00, 0x00, 0x00, 0x00, 0x00, 0x00, 0x00,
    0x00, 0x00, 0x00, 0x00, 0x00, 0x00, 0x00, 0x00, 0x00, 0x00, 0x00, 0x00, 0x00, 0x00, 0x00, 0x00,
    0x38, 0x83, 0xCD, 0x01, 0x38, 0x83, 0xCE, 0x01, 0x38, 0x84, 0xCE, 0x01, 0x39, 0x84, 0xCE, 0x01,
    0x39, 0x84, 0xCE, 0x01, 0x39, 0x85, 0xD0, 0x05, 0x39, 0x8A, 0xD6, 0x04, 0x2C, 0x72, 0xB7, 0x5D,
    0x2C, 0x72, 0xB7, 0x5D, 0x02, 0x19, 0x4C, 0xEE, 0x1D, 0x45, 0x8E, 0xF6, 0x47, 0x92, 0xF2, 0xFB,
    0x47, 0x92, 0xF2, 0xFB, 0x2D, 0x91, 0xF8, 0xFA, 0x32, 0x9F, 0xFD, 0xFB, 0x33, 0xA4, 0xFD, 0xFB,
    0x31, 0xA4, 0xFD, 0xFC, 0x31, 0xA4, 0xFD, 0xFC, 0x32, 0xA3, 0xFE, 0xFC, 0x34, 0xA4, 0xFE, 0xFC,
    0x34, 0xA5, 0xFD, 0xFC, 0x34, 0xA5, 0xFD, 0xFC, 0x33, 0xA5, 0xFD, 0xFC, 0x34, 0xA5, 0xFE, 0xFC,
    0x33, 0xA5, 0xFE, 0xFD, 0x33, 0xA5, 0xFE, 0xFD, 0x33, 0xA5, 0xFE, 0xFD, 0x33, 0xA5, 0xFE, 0xFD,
    0x36, 0xA8, 0xFE, 0xFD, 0x34, 0xA7, 0xFE, 0xFD, 0x34, 0xA7, 0xFE, 0xFD, 0x29, 0x99, 0xFB, 0xFD,
    0x27, 0x97, 0xF9, 0xFD, 0x34, 0xA4, 0xFD, 0xFD, 0x34, 0xA4, 0xFD, 0xFD, 0x3D, 0xAF, 0xFE, 0xFD,
    0x3A, 0xA9, 0xFF, 0xFD, 0x2F, 0x9E, 0xFC, 0xFD, 0x28, 0x99, 0xFB, 0xFD, 0x28, 0x99, 0xFB, 0xFD,
    0x22, 0x91, 0xF9, 0xFD, 0x24, 0x93, 0xFA, 0xFD, 0x2A, 0x97, 0xFB, 0xFD, 0x2A, 0x97, 0xFB, 0xFD,
    0x32, 0x9F, 0xFE, 0xFD, 0x3A, 0xA7, 0xFE, 0xFD, 0x3B, 0xAB, 0xFF, 0xFD, 0x32, 0xA2, 0xFF, 0xFD,
    0x32, 0xA2, 0xFF, 0xFD, 0x21, 0x92, 0xF8, 0xFD, 0x25, 0x95, 0xF9, 0xFD, 0x33, 0xA4, 0xFD, 0xFD,
    0x33, 0xA4, 0xFD, 0xFD, 0x37, 0xA7, 0xFD, 0xFD, 0x38, 0xA7, 0xFD, 0xFD, 0x39, 0xA7, 0xFD, 0xFD,
    0x39, 0xA7, 0xFD, 0xFD, 0x39, 0xA7, 0xFD, 0xFD, 0x39, 0xA7, 0xFD, 0xFD, 0x38, 0xA8, 0xFE, 0xFD,
    0x38, 0xA8, 0xFD, 0xFD, 0x38, 0xA8, 0xFD, 0xFD, 0x38, 0xA8, 0xFE, 0xFD, 0x39, 0xA8, 0xFE, 0xFD,
    0x38, 0xA8, 0xFD, 0xFD, 0x38, 0xA8, 0xFD, 0xFD, 0x39, 0xA8, 0xFD, 0xFD, 0x39, 0xA8, 0xFD, 0xFD,
    0x39, 0xA8, 0xFE, 0xFD, 0x39, 0xA8, 0xFE, 0xFD, 0x39, 0xA8, 0xFE, 0xFD, 0x3A, 0xA8, 0xFE, 0xFD,
    0x3A, 0xA8, 0xFE, 0xFD, 0x3B, 0xA4, 0xFE, 0xFD, 0x3B, 0xA4, 0xFE, 0xFD, 0x43, 0x9F, 0xFD, 0xFD,
    0x4C, 0x99, 0xFC, 0xFD, 0x53, 0x98, 0xFC, 0xFD, 0x53, 0x98, 0xFC, 0xFD, 0x4C, 0x94, 0xF9, 0xFD,
    0x4A, 0xA5, 0xFD, 0xFC, 0x2C, 0x7C, 0xD0, 0xF9, 0x01, 0x08, 0x2B, 0xF8, 0x01, 0x08, 0x2B, 0xF8,
    0x1D, 0x5E, 0xA2, 0x5D, 0x00, 0x00, 0x00, 0x00, 0x32, 0x7F, 0xCD, 0x02, 0x32, 0x7F, 0xCD, 0x02,
    0x00, 0x00, 0x00, 0x00, 0x00, 0x00, 0x00, 0x00, 0x00, 0x00, 0x00, 0x00, 0x00, 0x00, 0x00, 0x00,
    0x00, 0x00, 0x00, 0x00, 0x00, 0x00, 0x00, 0x00, 0x00, 0x00, 0x00, 0x00, 0x00, 0x00, 0x00, 0x00,
    0x00, 0x00, 0x00, 0x00, 0x00, 0x00, 0x00, 0x00, 0x00, 0x00, 0x00, 0x00, 0x00, 0x00, 0x00, 0x00,
    0x00, 0x00, 0x00, 0x00, 0x00, 0x00, 0x00, 0x00, 0x00, 0x00, 0x00, 0x00, 0x00, 0x00, 0x00, 0x00,
    0x00, 0x00, 0x00, 0x00, 0x00, 0x00, 0x00, 0x00, 0x00, 0x00, 0x00, 0x00, 0x00, 0x00, 0x00, 0x00,
    0x00, 0x00, 0x00, 0x00, 0x00, 0x00, 0x00, 0x00, 0x00, 0x00, 0x00, 0x00, 0x00, 0x00, 0x00, 0x00,
    0x00, 0x00, 0x00, 0x00, 0x00, 0x00, 0x00, 0x00, 0x00, 0x00, 0x00, 0x00, 0x00, 0x00, 0x00, 0x00,
    0x00, 0x00, 0x00, 0x00, 0x00, 0x00, 0x00, 0x00, 0x00, 0x00, 0x00, 0x00, 0x00, 0x00, 0x00, 0x00,
    0x00, 0x00, 0x00, 0x00, 0x00, 0x00, 0x00, 0x00, 0x00, 0x00, 0x00, 0x00, 0x00, 0x00, 0x00, 0x00,
    0x00, 0x00, 0x00, 0x00, 0x00, 0x00, 0x00, 0x00, 0x00, 0x00, 0x00, 0x00, 0x00, 0x00, 0x00, 0x00,
    0x38, 0x83, 0xCD, 0x01, 0x38, 0x83, 0xCE, 0x01, 0x38, 0x84, 0xCE, 0x01, 0x39, 0x84, 0xCE, 0x01,
    0x39, 0x84, 0xCE, 0x01, 0x39, 0x85, 0xD0, 0x05, 0x39, 0x8A, 0xD6, 0x04, 0x2C, 0x72, 0xB7, 0x5D,
    0x2C, 0x72, 0xB7, 0x5D, 0x02, 0x19, 0x4C, 0xEE, 0x1D, 0x45, 0x8E, 0xF6, 0x47, 0x92, 0xF2, 0xFB,
    0x47, 0x92, 0xF2, 0xFB, 0x2D, 0x91, 0xF8, 0xFA, 0x32, 0x9F, 0xFD, 0xFB, 0x33, 0xA4, 0xFD, 0xFB,
    0x31, 0xA4, 0xFD, 0xFC, 0x31, 0xA4, 0xFD, 0xFC, 0x32, 0xA3, 0xFE, 0xFC, 0x34, 0xA4, 0xFE, 0xFC,
    0x34, 0xA5, 0xFD, 0xFC, 0x34, 0xA5, 0xFD, 0xFC, 0x33, 0xA5, 0xFD, 0xFC, 0x34, 0xA5, 0xFE, 0xFC,
    0x33, 0xA5, 0xFE, 0xFD, 0x33, 0xA5, 0xFE, 0xFD, 0x33, 0xA5, 0xFE, 0xFD, 0x33, 0xA5, 0xFE, 0xFD,
    0x36, 0xA8, 0xFE, 0xFD, 0x34, 0xA7, 0xFE, 0xFD, 0x34, 0xA7, 0xFE, 0xFD, 0x29, 0x99, 0xFB, 0xFD,
    0x27, 0x97, 0xF9, 0xFD, 0x34, 0xA4, 0xFD, 0xFD, 0x34, 0xA4, 0xFD, 0xFD, 0x3D, 0xAF, 0xFE, 0xFD,
    0x3A, 0xA9, 0xFF, 0xFD, 0x2F, 0x9E, 0xFC, 0xFD, 0x28, 0x99, 0xFB, 0xFD, 0x28, 0x99, 0xFB, 0xFD,
    0x22, 0x91, 0xF9, 0xFD, 0x24, 0x93, 0xFA, 0xFD, 0x2A, 0x97, 0xFB, 0xFD, 0x2A, 0x97, 0xFB, 0xFD,
    0x32, 0x9F, 0xFE, 0xFD, 0x3A, 0xA7, 0xFE, 0xFD, 0x3B, 0xAB, 0xFF, 0xFD, 0x32, 0xA2, 0xFF, 0xFD,
    0x32, 0xA2, 0xFF, 0xFD, 0x21, 0x92, 0xF8, 0xFD, 0x25, 0x95, 0xF9, 0xFD, 0x33, 0xA4, 0xFD, 0xFD,
    0x33, 0xA4, 0xFD, 0xFD, 0x37, 0xA7, 0xFD, 0xFD, 0x38, 0xA7, 0xFD, 0xFD, 0x39, 0xA7, 0xFD, 0xFD,
    0x39, 0xA7, 0xFD, 0xFD, 0x39, 0xA7, 0xFD, 0xFD, 0x39, 0xA7, 0xFD, 0xFD, 0x38, 0xA8, 0xFE, 0xFD,
    0x38, 0xA8, 0xFD, 0xFD, 0x38, 0xA8, 0xFD, 0xFD, 0x38, 0xA8, 0xFE, 0xFD, 0x39, 0xA8, 0xFE, 0xFD,
    0x38, 0xA8, 0xFD, 0xFD, 0x38, 0xA8, 0xFD, 0xFD, 0x39, 0xA8, 0xFD, 0xFD, 0x39, 0xA8, 0xFD, 0xFD,
    0x39, 0xA8, 0xFE, 0xFD, 0x39, 0xA8, 0xFE, 0xFD, 0x39, 0xA8, 0xFE, 0xFD, 0x3A, 0xA8, 0xFE, 0xFD,
    0x3A, 0xA8, 0xFE, 0xFD, 0x3B, 0xA4, 0xFE, 0xFD, 0x3B, 0xA4, 0xFE, 0xFD, 0x43, 0x9F, 0xFD, 0xFD,
    0x4C, 0x99, 0xFC, 0xFD, 0x53, 0x98, 0xFC, 0xFD, 0x53, 0x98, 0xFC, 0xFD, 0x4C, 0x94, 0xF9, 0xFD,
    0x4A, 0xA5, 0xFD, 0xFC, 0x2C, 0x7C, 0xD0, 0xF9, 0x01, 0x08, 0x2B, 0xF8, 0x01, 0x08, 0x2B, 0xF8,
    0x1D, 0x5E, 0xA2, 0x5D, 0x00, 0x00, 0x00, 0x00, 0x32, 0x7F, 0xCD, 0x02, 0x32, 0x7F, 0xCD, 0x02,
    0x00, 0x00, 0x00, 0x00, 0x00, 0x00, 0x00, 0x00, 0x00, 0x00, 0x00, 0x00, 0x00, 0x00, 0x00, 0x00,
    0x00, 0x00, 0x00, 0x00, 0x00, 0x00, 0x00, 0x00, 0x00, 0x00, 0x00, 0x00, 0x00, 0x00, 0x00, 0x00,
    0x00, 0x00, 0x00, 0x00, 0x00, 0x00, 0x00, 0x00, 0x00, 0x00, 0x00, 0x00, 0x00, 0x00, 0x00, 0x00,
    0x00, 0x00, 0x00, 0x00, 0x00, 0x00, 0x00, 0x00, 0x00, 0x00, 0x00, 0x00, 0x00, 0x00, 0x00, 0x00,
    0x00, 0x00, 0x00, 0x00, 0x00, 0x00, 0x00, 0x00, 0x00, 0x00, 0x00, 0x00, 0x00, 0x00, 0x00, 0x00,
    0x00, 0x00, 0x00, 0x00, 0x00, 0x00, 0x00, 0x00, 0x00, 0x00, 0x00, 0x00, 0x00, 0x00, 0x00, 0x00,
    0x00, 0x00, 0x00, 0x00, 0x00, 0x00, 0x00, 0x00, 0x00, 0x00, 0x00, 0x00, 0x00, 0x00, 0x00, 0x00,
    0x00, 0x00, 0x00, 0x00, 0x00, 0x00, 0x00, 0x00, 0x00, 0x00, 0x00, 0x00, 0x00, 0x00, 0x00, 0x00,
    0x00, 0x00, 0x00, 0x00, 0x00, 0x00, 0x00, 0x00, 0x00, 0x00, 0x00, 0x00, 0x00, 0x00, 0x00, 0x00,
    0x00, 0x00, 0x00, 0x00, 0x00, 0x00, 0x00, 0x00, 0x00, 0x00, 0x00, 0x00, 0x00, 0x00, 0x00, 0x00,
    0x37, 0x82, 0xCD, 0x01, 0x37, 0x82, 0xCD, 0x01, 0x38, 0x83, 0xCE, 0x01, 0x39, 0x83, 0xCE, 0x01,
    0x39, 0x83, 0xCE, 0x01, 0x38, 0x82, 0xCF, 0x06, 0x38, 0x87, 0xD5, 0x04, 0x33, 0x77, 0xBE, 0x5D,
    0x33, 0x77, 0xBE, 0x5D, 0x04, 0x1C, 0x52, 0xEE, 0x10, 0x38, 0x83, 0xF7, 0x25, 0x76, 0xDD, 0xFB,
    0x25, 0x76, 0xDD, 0xFB, 0x2D, 0x9B, 0xFA, 0xFB, 0x2F, 0xA3, 0xFD, 0xFB, 0x31, 0xA3, 0xFD, 0xFB,
    0x31, 0xA3, 0xFD, 0xFC, 0x31, 0xA3, 0xFD, 0xFC, 0x32, 0xA4, 0xFE, 0xFC, 0x32, 0xA3, 0xFE, 0xFC,
    0x33, 0xA4, 0xFE, 0xFC, 0x33, 0xA4, 0xFE, 0xFC, 0x34, 0xA4, 0xFD, 0xFC, 0x33, 0xA4, 0xFD, 0xFC,
    0x34, 0xA4, 0xFD, 0xFD, 0x34, 0xA4, 0xFD, 0xFD, 0x34, 0xA4, 0xFD, 0xFD, 0x34, 0xA4, 0xFE, 0xFD,
    0x35, 0xA4, 0xFE, 0xFD, 0x35, 0xA6, 0xFE, 0xFD, 0x35, 0xA6, 0xFE, 0xFD, 0x30, 0xA1, 0xFD, 0xFD,
    0x32, 0xA1, 0xFD, 0xFD, 0x3C, 0xAB, 0xFE, 0xFD, 0x3C, 0xAB, 0xFE, 0xFD, 0x41, 0xAE, 0xFE, 0xFD,
    0x41, 0xAC, 0xFF, 0xFD, 0x3A, 0xA6, 0xFE, 0xFD, 0x2C, 0x9A, 0xFB, 0xFD, 0x2C, 0x9A, 0xFB, 0xFD,
    0x24, 0x92, 0xF8, 0xFD, 0x25, 0x91, 0xF7, 0xFD, 0x33, 0x9F, 0xFD, 0xFD, 0x33, 0x9F, 0xFD, 0xFD,
    0x3D, 0xAA, 0xFE, 0xFD, 0x3E, 0xA7, 0xFE, 0xFD, 0x3D, 0xA9, 0xFF, 0xFD, 0x3A, 0xAA, 0xFF, 0xFD,
    0x3A, 0xAA, 0xFF, 0xFD, 0x31, 0xA0, 0xFE, 0xFD, 0x31, 0xA0, 0xFD, 0xFD, 0x38, 0xA6, 0xFE, 0xFD,
    0x38, 0xA6, 0xFE, 0xFD, 0x39, 0xA6, 0xFD, 0xFD, 0x3A, 0xA8, 0xFD, 0xFD, 0x3A, 0xA8, 0xFE, 0xFD,
    0x3A, 0xA8, 0xFE, 0xFD, 0x3A, 0xA7, 0xFE, 0xFD, 0x39, 0xA7, 0xFE, 0xFD, 0x39, 0xA7, 0xFE, 0xFD,
    0x38, 0xA7, 0xFE, 0xFD, 0x38, 0xA7, 0xFE, 0xFD, 0x38, 0xA8, 0xFE, 0xFD, 0x37, 0xA9, 0xFE, 0xFD,
    0x37, 0xA9, 0xFE, 0xFD, 0x37, 0xA9, 0xFE, 0xFD, 0x36, 0xA8, 0xFD, 0xFD, 0x37, 0xA8, 0xFE, 0xFD,
    0x37, 0xA9, 0xFE, 0xFD, 0x38, 0xA9, 0xFE, 0xFD, 0x38, 0xA9, 0xFE, 0xFD, 0x38, 0xA8, 0xFE, 0xFD,
    0x38, 0xAA, 0xFE, 0xFD, 0x37, 0xA7, 0xFD, 0xFD, 0x37, 0xA7, 0xFD, 0xFD, 0x35, 0x99, 0xFA, 0xFD,
    0x37, 0x8C, 0xF4, 0xFD, 0x3D, 0x91, 0xF9, 0xFD, 0x3D, 0x91, 0xF9, 0xFD, 0x3C, 0x97, 0xF9, 0xFD,
    0x39, 0x99, 0xF8, 0xFC, 0x2B, 0x74, 0xC6, 0xFA, 0x01, 0x0F, 0x3F, 0xF7, 0x01, 0x0F, 0x3F, 0xF7,
    0x1F, 0x62, 0xAB, 0x51, 0x00, 0x00, 0x00, 0x00, 0x32, 0x7F, 0xCD, 0x02, 0x32, 0x7F, 0xCD, 0x02,
    0x00, 0x00, 0x00, 0x00, 0x00, 0x00, 0x00, 0x00, 0x00, 0x00, 0x00, 0x00, 0x00, 0x00, 0x00, 0x00,
    0x00, 0x00, 0x00, 0x00, 0x00, 0x00, 0x00, 0x00, 0x00, 0x00, 0x00, 0x00, 0x00, 0x00, 0x00, 0x00,
    0x00, 0x00, 0x00, 0x00, 0x00, 0x00, 0x00, 0x00, 0x00, 0x00, 0x00, 0x00, 0x00, 0x00, 0x00, 0x00,
    0x00, 0x00, 0x00, 0x00, 0x00, 0x00, 0x00, 0x00, 0x00, 0x00, 0x00, 0x00, 0x00, 0x00, 0x00, 0x00,
    0x00, 0x00, 0x00, 0x00, 0x00, 0x00, 0x00, 0x00, 0x00, 0x00, 0x00, 0x00, 0x00, 0x00, 0x00, 0x00,
    0x00, 0x00, 0x00, 0x00, 0x00, 0x00, 0x00, 0x00, 0x00, 0x00, 0x00, 0x00, 0x00, 0x00, 0x00, 0x00,
    0x00, 0x00, 0x00, 0x00, 0x00, 0x00, 0x00, 0x00, 0x00, 0x00, 0x00, 0x00, 0x00, 0x00, 0x00, 0x00,
    0x00, 0x00, 0x00, 0x00, 0x00, 0x00, 0x00, 0x00, 0x00, 0x00, 0x00, 0x00, 0x00, 0x00, 0x00, 0x00,
    0x00, 0x00, 0x00, 0x00, 0x00, 0x00, 0x00, 0x00, 0x00, 0x00, 0x00, 0x00, 0x00, 0x00, 0x00, 0x00,
    0x00, 0x00, 0x00, 0x00, 0x00, 0x00, 0x00, 0x00, 0x00, 0x00, 0x00, 0x00, 0x00, 0x00, 0x00, 0x00,
    0x00, 0x00, 0x00, 0x00, 0x36, 0x82, 0xCD, 0x01, 0x37, 0x82, 0xCD, 0x01, 0x38, 0x82, 0xCD, 0x01,
    0x38, 0x82, 0xCD, 0x01, 0x38, 0x82, 0xCF, 0x05, 0x33, 0x84, 0xD3, 0x07, 0x37, 0x80, 0xC5, 0x5A,
    0x37, 0x80, 0xC5, 0x5A, 0x04, 0x1D, 0x58, 0xEC, 0x13, 0x4E, 0xA3, 0xF6, 0x35, 0x9D, 0xF8, 0xFB,
    0x35, 0x9D, 0xF8, 0xFB, 0x31, 0xA2, 0xFC, 0xFB, 0x30, 0xA2, 0xFD, 0xFB, 0x33, 0xA4, 0xFE, 0xFB,
    0x32, 0xA3, 0xFE, 0xFC, 0x32, 0xA3, 0xFE, 0xFC, 0x33, 0xA5, 0xFE, 0xFC, 0x32, 0xA3, 0xFE, 0xFC,
    0x32, 0xA4, 0xFD, 0xFC, 0x32, 0xA4, 0xFD, 0xFC, 0x33, 0xA4, 0xFD, 0xFC, 0x33, 0xA5, 0xFD, 0xFC,
    0x33, 0xA4, 0xFD, 0xFD, 0x34, 0xA4, 0xFD, 0xFD, 0x34, 0xA4, 0xFD, 0xFD, 0x34, 0xA4, 0xFE, 0xFD,
    0x35, 0xA6, 0xFE, 0xFD, 0x36, 0xA7, 0xFE, 0xFD, 0x36, 0xA7, 0xFE, 0xFD, 0x37, 0xA8, 0xFE, 0xFD,
    0x3A, 0xA9, 0xFE, 0xFD, 0x41, 0xB0, 0xFF, 0xFD, 0x41, 0xB0, 0xFF, 0xFD, 0x42, 0xAC, 0xFE, 0xFD,
    0x47, 0xB2, 0xFF, 0xFD, 0x40, 0xAD, 0xFF, 0xFD, 0x30, 0x9E, 0xFC, 0xFD, 0x30, 0x9E, 0xFC, 0xFD,
    0x24, 0x92, 0xF8, 0xFD, 0x29, 0x95, 0xF9, 0xFD, 0x37, 0xA2, 0xFE, 0xFD, 0x37, 0xA2, 0xFE, 0xFD,
    0x40, 0xAC, 0xFF, 0xFD, 0x40, 0xAA, 0xFE, 0xFD, 0x3E, 0xAA, 0xFF, 0xFD, 0x3C, 0xA9, 0xFF, 0xFD,
    0x3C, 0xA9, 0xFF, 0xFD, 0x3A, 0xA9, 0xFE, 0xFD, 0x38, 0xA9, 0xFE, 0xFD, 0x3A, 0xAA, 0xFE, 0xFD,
    0x3A, 0xAA, 0xFE, 0xFD, 0x3B, 0xAA, 0xFE, 0xFD, 0x3C, 0xAB, 0xFE, 0xFD, 0x3B, 0xAA, 0xFE, 0xFD,
    0x3B, 0xAA, 0xFE, 0xFD, 0x3A, 0xA9, 0xFE, 0xFD, 0x39, 0xA8, 0xFE, 0xFD, 0x38, 0xA8, 0xFE, 0xFD,
    0x37, 0xA7, 0xFD, 0xFD, 0x37, 0xA7, 0xFD, 0xFD, 0x37, 0xA8, 0xFD, 0xFD, 0x36, 0xA9, 0xFE, 0xFD,
    0x36, 0xA9, 0xFD, 0xFD, 0x36, 0xA9, 0xFD, 0xFD, 0x36, 0xA9, 0xFE, 0xFD, 0x36, 0xA9, 0xFD, 0xFD,
    0x36, 0xA8, 0xFD, 0xFD, 0x37, 0xA9, 0xFD, 0xFD, 0x37, 0xA9, 0xFD, 0xFD, 0x37, 0xA8, 0xFD, 0xFD,
    0x38, 0xAA, 0xFD, 0xFD, 0x38, 0xA9, 0xFD, 0xFD, 0x38, 0xA9, 0xFD, 0xFD, 0x32, 0x9B, 0xFA, 0xFD,
    0x26, 0x84, 0xED, 0xFD, 0x24, 0x87, 0xF0, 0xFD, 0x24, 0x87, 0xF0, 0xFD, 0x27, 0x8E, 0xF5, 0xFD,
    0x18, 0x68, 0xCD, 0xFB, 0x02, 0x26, 0x6D, 0xFC, 0x14, 0x4B, 0x8B, 0xEB, 0x14, 0x4B, 0x8B, 0xEB,
    0x35, 0x85, 0xCE, 0x38, 0x00, 0x00, 0x00, 0x00, 0x32, 0x7F, 0xCF, 0x02, 0x32, 0x7F, 0xCF, 0x02,
    0x00, 0x00, 0x00, 0x00, 0x00, 0x00, 0x00, 0x00, 0x00, 0x00, 0x00, 0x00, 0x00, 0x00, 0x00, 0x00,
    0x00, 0x00, 0x00, 0x00, 0x00, 0x00, 0x00, 0x00, 0x00, 0x00, 0x00, 0x00, 0x00, 0x00, 0x00, 0x00,
    0x00, 0x00, 0x00, 0x00, 0x00, 0x00, 0x00, 0x00, 0x00, 0x00, 0x00, 0x00, 0x00, 0x00, 0x00, 0x00,
    0x00, 0x00, 0x00, 0x00, 0x00, 0x00, 0x00, 0x00, 0x00, 0x00, 0x00, 0x00, 0x00, 0x00, 0x00, 0x00,
    0x00, 0x00, 0x00, 0x00, 0x00, 0x00, 0x00, 0x00, 0x00, 0x00, 0x00, 0x00, 0x00, 0x00, 0x00, 0x00,
    0x00, 0x00, 0x00, 0x00, 0x00, 0x00, 0x00, 0x00, 0x00, 0x00, 0x00, 0x00, 0x00, 0x00, 0x00, 0x00,
    0x00, 0x00, 0x00, 0x00, 0x00, 0x00, 0x00, 0x00, 0x00, 0x00, 0x00, 0x00, 0x00, 0x00, 0x00, 0x00,
    0x00, 0x00, 0x00, 0x00, 0x00, 0x00, 0x00, 0x00, 0x00, 0x00, 0x00, 0x00, 0x00, 0x00, 0x00, 0x00,
    0x00, 0x00, 0x00, 0x00, 0x00, 0x00, 0x00, 0x00, 0x00, 0x00, 0x00, 0x00, 0x00, 0x00, 0x00, 0x00,
    0x00, 0x00, 0x00, 0x00, 0x00, 0x00, 0x00, 0x00, 0x00, 0x00, 0x00, 0x00, 0x00, 0x00, 0x00, 0x00,
    0x00, 0x00, 0x00, 0x00, 0x36, 0x82, 0xCC, 0x01, 0x36, 0x82, 0xCC, 0x01, 0x37, 0x82, 0xCD, 0x01,
    0x37, 0x82, 0xCD, 0x01, 0x36, 0x7E, 0xCC, 0x05, 0x38, 0x82, 0xCD, 0x07, 0x25, 0x66, 0xA6, 0x57,
    0x25, 0x66, 0xA6, 0x57, 0x07, 0x33, 0x84, 0xF2, 0x0B, 0x55, 0xBE, 0xF8, 0x2E, 0x9E, 0xFA, 0xFB,
    0x2E, 0x9E, 0xFA, 0xFB, 0x2F, 0xA1, 0xFC, 0xFB, 0x31, 0xA2, 0xFD, 0xFC, 0x33, 0xA4, 0xFE, 0xFB,
    0x33, 0xA5, 0xFE, 0xFC, 0x33, 0xA5, 0xFE, 0xFC, 0x32, 0xA4, 0xFE, 0xFC, 0x32, 0xA4, 0xFE, 0xFC,
    0x32, 0xA5, 0xFE, 0xFC, 0x32, 0xA5, 0xFE, 0xFC, 0x33, 0xA4, 0xFD, 0xFC, 0x33, 0xA4, 0xFE, 0xFD,
    0x34, 0xA4, 0xFE, 0xFD, 0x34, 0xA5, 0xFE, 0xFD, 0x34, 0xA5, 0xFE, 0xFD, 0x34, 0xA4, 0xFD, 0xFD,
    0x34, 0xA5, 0xFD, 0xFD, 0x35, 0xA4, 0xFD, 0xFD, 0x35, 0xA4, 0xFD, 0xFD, 0x3A, 0xAA, 0xFE, 0xFD,
    0x3B, 0xAA, 0xFE, 0xFD, 0x3E, 0xAC, 0xFE, 0xFD, 0x3E, 0xAC, 0xFE, 0xFD, 0x44, 0xB0, 0xFE, 0xFD,
    0x45, 0xAF, 0xFE, 0xFD, 0x41, 0xAE, 0xFE, 0xFD, 0x32, 0xA0, 0xFC, 0xFD, 0x32, 0xA0, 0xFC, 0xFD,
    0x23, 0x91, 0xF4, 0xFD, 0x29, 0x96, 0xF8, 0xFD, 0x3B, 0xA6, 0xFF, 0xFD, 0x3B, 0xA6, 0xFF, 0xFD,
    0x3F, 0xA9, 0xFF, 0xFD, 0x3F, 0xAA, 0xFF, 0xFD, 0x3F, 0xAB, 0xFF, 0xFD, 0x3D, 0xA8, 0xFE, 0xFD,
    0x3D, 0xA8, 0xFE, 0xFD, 0x3D, 0xAA, 0xFE, 0xFD, 0x3B, 0xAA, 0xFE, 0xFD, 0x3C, 0xAA, 0xFF, 0xFD,
    0x3C, 0xAA, 0xFF, 0xFD, 0x3E, 0xAB, 0xFF, 0xFD, 0x3D, 0xAC, 0xFF, 0xFD, 0x3B, 0xAA, 0xFE, 0xFD,
    0x3B, 0xAA, 0xFE, 0xFD, 0x3A, 0xAA, 0xFE, 0xFD, 0x39, 0xA8, 0xFE, 0xFD, 0x38, 0xA8, 0xFE, 0xFD,
    0x36, 0xA7, 0xFD, 0xFD, 0x36, 0xA7, 0xFD, 0xFD, 0x36, 0xA8, 0xFD, 0xFD, 0x35, 0xA8, 0xFD, 0xFD,
    0x35, 0xA9, 0xFD, 0xFD, 0x35, 0xA9, 0xFD, 0xFD, 0x35, 0xA8, 0xFE, 0xFD, 0x36, 0xA9, 0xFD, 0xFD,
    0x36, 0xA8, 0xFD, 0xFD, 0x37, 0xA8, 0xFD, 0xFD, 0x37, 0xA8, 0xFD, 0xFD, 0x38, 0xA9, 0xFD, 0xFD,
    0x37, 0xA8, 0xFD, 0xFD, 0x37, 0xA9, 0xFD, 0xFD, 0x37, 0xA9, 0xFD, 0xFD, 0x37, 0xA5, 0xFE, 0xFD,
    0x2D, 0x93, 0xF7, 0xFD, 0x1F, 0x88, 0xF1, 0xFD, 0x1F, 0x88, 0xF1, 0xFD, 0x21, 0x8C, 0xF6, 0xFD,
    0x13, 0x63, 0xCB, 0xFA, 0x00, 0x0A, 0x48, 0xFE, 0x28, 0x6A, 0xAE, 0xD2, 0x28, 0x6A, 0xAE, 0xD2,
    0x3A, 0x90, 0xDE, 0x13, 0x29, 0x7A, 0xCA, 0x03, 0x33, 0x80, 0xD0, 0x02, 0x33, 0x80, 0xD0, 0x02,
    0x00, 0x00, 0x00, 0x00, 0x00, 0x00, 0x00, 0x00, 0x00, 0x00, 0x00, 0x00, 0x00, 0x00, 0x00, 0x00,
    0x00, 0x00, 0x00, 0x00, 0x00, 0x00, 0x00, 0x00, 0x00, 0x00, 0x00, 0x00, 0x00, 0x00, 0x00, 0x00,
    0x00, 0x00, 0x00, 0x00, 0x00, 0x00, 0x00, 0x00, 0x00, 0x00, 0x00, 0x00, 0x00, 0x00, 0x00, 0x00,
    0x00, 0x00, 0x00, 0x00, 0x00, 0x00, 0x00, 0x00, 0x00, 0x00, 0x00, 0x00, 0x00, 0x00, 0x00, 0x00,
    0x00, 0x00, 0x00, 0x00, 0x00, 0x00, 0x00, 0x00, 0x00, 0x00, 0x00, 0x00, 0x00, 0x00, 0x00, 0x00,
    0x00, 0x00, 0x00, 0x00, 0x00, 0x00, 0x00, 0x00, 0x00, 0x00, 0x00, 0x00, 0x00, 0x00, 0x00, 0x00,
    0x00, 0x00, 0x00, 0x00, 0x00, 0x00, 0x00, 0x00, 0x00, 0x00, 0x00, 0x00, 0x00, 0x00, 0x00, 0x00,
    0x00, 0x00, 0x00, 0x00, 0x00, 0x00, 0x00, 0x00, 0x00, 0x00, 0x00, 0x00, 0x00, 0x00, 0x00, 0x00,
    0x00, 0x00, 0x00, 0x00, 0x00, 0x00, 0x00, 0x00, 0x00, 0x00, 0x00, 0x00, 0x00, 0x00, 0x00, 0x00,
    0x00, 0x00, 0x00, 0x00, 0x00, 0x00, 0x00, 0x00, 0x00, 0x00, 0x00, 0x00, 0x00, 0x00, 0x00, 0x00,
    0x00, 0x00, 0x00, 0x00, 0x36, 0x82, 0xCC, 0x01, 0x36, 0x82, 0xCC, 0x01, 0x37, 0x82, 0xCD, 0x01,
    0x37, 0x82, 0xCD, 0x01, 0x36, 0x7E, 0xCC, 0x05, 0x38, 0x82, 0xCD, 0x07, 0x25, 0x66, 0xA6, 0x57,
    0x25, 0x66, 0xA6, 0x57, 0x07, 0x33, 0x84, 0xF2, 0x0B, 0x55, 0xBE, 0xF8, 0x2E, 0x9E, 0xFA, 0xFB,
    0x2E, 0x9E, 0xFA, 0xFB, 0x2F, 0xA1, 0xFC, 0xFB, 0x31, 0xA2, 0xFD, 0xFC, 0x33, 0xA4, 0xFE, 0xFB,
    0x33, 0xA5, 0xFE, 0xFC, 0x33, 0xA5, 0xFE, 0xFC, 0x32, 0xA4, 0xFE, 0xFC, 0x32, 0xA4, 0xFE, 0xFC,
    0x32, 0xA5, 0xFE, 0xFC, 0x32, 0xA5, 0xFE, 0xFC, 0x33, 0xA4, 0xFD, 0xFC, 0x33, 0xA4, 0xFE, 0xFD,
    0x34, 0xA4, 0xFE, 0xFD, 0x34, 0xA5, 0xFE, 0xFD, 0x34, 0xA5, 0xFE, 0xFD, 0x34, 0xA4, 0xFD, 0xFD,
    0x34, 0xA5, 0xFD, 0xFD, 0x35, 0xA4, 0xFD, 0xFD, 0x35, 0xA4, 0xFD, 0xFD, 0x3A, 0xAA, 0xFE, 0xFD,
    0x3B, 0xAA, 0xFE, 0xFD, 0x3E, 0xAC, 0xFE, 0xFD, 0x3E, 0xAC, 0xFE, 0xFD, 0x44, 0xB0, 0xFE, 0xFD,
    0x45, 0xAF, 0xFE, 0xFD, 0x41, 0xAE, 0xFE, 0xFD, 0x32, 0xA0, 0xFC, 0xFD, 0x32, 0xA0, 0xFC, 0xFD,
    0x23, 0x91, 0xF4, 0xFD, 0x29, 0x96, 0xF8, 0xFD, 0x3B, 0xA6, 0xFF, 0xFD, 0x3B, 0xA6, 0xFF, 0xFD,
    0x3F, 0xA9, 0xFF, 0xFD, 0x3F, 0xAA, 0xFF, 0xFD, 0x3F, 0xAB, 0xFF, 0xFD, 0x3D, 0xA8, 0xFE, 0xFD,
    0x3D, 0xA8, 0xFE, 0xFD, 0x3D, 0xAA, 0xFE, 0xFD, 0x3B, 0xAA, 0xFE, 0xFD, 0x3C, 0xAA, 0xFF, 0xFD,
    0x3C, 0xAA, 0xFF, 0xFD, 0x3E, 0xAB, 0xFF, 0xFD, 0x3D, 0xAC, 0xFF, 0xFD, 0x3B, 0xAA, 0xFE, 0xFD,
    0x3B, 0xAA, 0xFE, 0xFD, 0x3A, 0xAA, 0xFE, 0xFD, 0x39, 0xA8, 0xFE, 0xFD, 0x38, 0xA8, 0xFE, 0xFD,
    0x36, 0xA7, 0xFD, 0xFD, 0x36, 0xA7, 0xFD, 0xFD, 0x36, 0xA8, 0xFD, 0xFD, 0x35, 0xA8, 0xFD, 0xFD,
    0x35, 0xA9, 0xFD, 0xFD, 0x35, 0xA9, 0xFD, 0xFD, 0x35, 0xA8, 0xFE, 0xFD, 0x36, 0xA9, 0xFD, 0xFD,
    0x36, 0xA8, 0xFD, 0xFD, 0x37, 0xA8, 0xFD, 0xFD, 0x37, 0xA8, 0xFD, 0xFD, 0x38, 0xA9, 0xFD, 0xFD,
    0x37, 0xA8, 0xFD, 0xFD, 0x37, 0xA9, 0xFD, 0xFD, 0x37, 0xA9, 0xFD, 0xFD, 0x37, 0xA5, 0xFE, 0xFD,
    0x2D, 0x93, 0xF7, 0xFD, 0x1F, 0x88, 0xF1, 0xFD, 0x1F, 0x88, 0xF1, 0xFD, 0x21, 0x8C, 0xF6, 0xFD,
    0x13, 0x63, 0xCB, 0xFA, 0x00, 0x0A, 0x48, 0xFE, 0x28, 0x6A, 0xAE, 0xD2, 0x28, 0x6A, 0xAE, 0xD2,
    0x3A, 0x90, 0xDE, 0x13, 0x29, 0x7A, 0xCA, 0x03, 0x33, 0x80, 0xD0, 0x02, 0x33, 0x80, 0xD0, 0x02,
    0x00, 0x00, 0x00, 0x00, 0x00, 0x00, 0x00, 0x00, 0x00, 0x00, 0x00, 0x00, 0x00, 0x00, 0x00, 0x00,
    0x00, 0x00, 0x00, 0x00, 0x00, 0x00, 0x00, 0x00, 0x00, 0x00, 0x00, 0x00, 0x00, 0x00, 0x00, 0x00,
    0x00, 0x00, 0x00, 0x00, 0x00, 0x00, 0x00, 0x00, 0x00, 0x00, 0x00, 0x00, 0x00, 0x00, 0x00, 0x00,
    0x00, 0x00, 0x00, 0x00, 0x00, 0x00, 0x00, 0x00, 0x00, 0x00, 0x00, 0x00, 0x00, 0x00, 0x00, 0x00,
    0x00, 0x00, 0x00, 0x00, 0x00, 0x00, 0x00, 0x00, 0x00, 0x00, 0x00, 0x00, 0x00, 0x00, 0x00, 0x00,
    0x00, 0x00, 0x00, 0x00, 0x00, 0x00, 0x00, 0x00, 0x00, 0x00, 0x00, 0x00, 0x00, 0x00, 0x00, 0x00,
    0x00, 0x00, 0x00, 0x00, 0x00, 0x00, 0x00, 0x00, 0x00, 0x00, 0x00, 0x00, 0x00, 0x00, 0x00, 0x00,
    0x00, 0x00, 0x00, 0x00, 0x00, 0x00, 0x00, 0x00, 0x00, 0x00, 0x00, 0x00, 0x00, 0x00, 0x00, 0x00,
    0x00, 0x00, 0x00, 0x00, 0x00, 0x00, 0x00, 0x00, 0x00, 0x00, 0x00, 0x00, 0x00, 0x00, 0x00, 0x00,
    0x00, 0x00, 0x00, 0x00, 0x00, 0x00, 0x00, 0x00, 0x00, 0x00, 0x00, 0x00, 0x00, 0x00, 0x00, 0x00,
    0x00, 0x00, 0x00, 0x00, 0x00, 0x00, 0x00, 0x00, 0x34, 0x81, 0xCC, 0x01, 0x34, 0x81, 0xCB, 0x03,
    0x34, 0x81, 0xCB, 0x03, 0x3B, 0x85, 0xD2, 0x02, 0x24, 0x5D, 0x9E, 0x4A, 0x04, 0x2C, 0x6E, 0xBF,
    0x04, 0x2C, 0x6E, 0xBF, 0x27, 0x7F, 0xDF, 0xF7, 0x18, 0x79, 0xE4, 0xF9, 0x2A, 0x96, 0xF7, 0xFB,
    0x2A, 0x96, 0xF7, 0xFB, 0x30, 0xA1, 0xFC, 0xFB, 0x32, 0xA4, 0xFD, 0xFC, 0x33, 0xA4, 0xFE, 0xFC,
    0x34, 0xA5, 0xFE, 0xFC, 0x34, 0xA5, 0xFE, 0xFC, 0x34, 0xA6, 0xFE, 0xFC, 0x34, 0xA6, 0xFE, 0xFC,
    0x33, 0xA6, 0xFD, 0xFC, 0x33, 0xA6, 0xFD, 0xFC, 0x33, 0xA6, 0xFD, 0xFC, 0x32, 0xA5, 0xFE, 0xFD,
    0x31, 0xA5, 0xFE, 0xFD, 0x31, 0xA5, 0xFE, 0xFD, 0x31, 0xA5, 0xFE, 0xFD, 0x33, 0xA5, 0xFE, 0xFD,
    0x35, 0xA8, 0xFE, 0xFD, 0x37, 0xA9, 0xFE, 0xFD, 0x37, 0xA9, 0xFE, 0xFD, 0x39, 0xAB, 0xFE, 0xFD,
    0x3D, 0xAC, 0xFE, 0xFD, 0x40, 0xAD, 0xFF, 0xFD, 0x40, 0xAD, 0xFF, 0xFD, 0x42, 0xAE, 0xFF, 0xFD,
    0x45, 0xB0, 0xFF, 0xFD, 0x44, 0xB0, 0xFF, 0xFD, 0x35, 0xA2, 0xFD, 0xFD, 0x35, 0xA2, 0xFD, 0xFD,
    0x28, 0x96, 0xF5, 0xFD, 0x2E, 0x99, 0xF8, 0xFD, 0x3E, 0xA9, 0xFF, 0xFD, 0x3E, 0xA9, 0xFF, 0xFD,
    0x41, 0xAE, 0xFF, 0xFD, 0x40, 0xAC, 0xFF, 0xFD, 0x3F, 0xAB, 0xFE, 0xFD, 0x3F, 0xAC, 0xFE, 0xFD,
    0x3F, 0xAC, 0xFE, 0xFD, 0x3E, 0xAC, 0xFE, 0xFD, 0x3E, 0xAC, 0xFF, 0xFD, 0x3F, 0xAE, 0xFF, 0xFD,
    0x3F, 0xAE, 0xFF, 0xFD, 0x3E, 0xAE, 0xFF, 0xFD, 0x3E, 0xAE, 0xFE, 0xFD, 0x3C, 0xAC, 0xFE, 0xFD,
    0x3C, 0xAC, 0xFE, 0xFD, 0x3A, 0xAC, 0xFE, 0xFD, 0x36, 0xA8, 0xFE, 0xFD, 0x35, 0xA7, 0xFD, 0xFD,
    0x36, 0xA8, 0xFE, 0xFD, 0x36, 0xA8, 0xFE, 0xFD, 0x35, 0xA8, 0xFE, 0xFD, 0x35, 0xA8, 0xFE, 0xFD,
    0x36, 0xA9, 0xFD, 0xFD, 0x36, 0xA9, 0xFD, 0xFD, 0x36, 0xA9, 0xFE, 0xFD, 0x37, 0xA9, 0xFE, 0xFD,
    0x37, 0xA9, 0xFE, 0xFD, 0x37, 0xAA, 0xFE, 0xFD, 0x37, 0xAA, 0xFE, 0xFD, 0x38, 0xA9, 0xFE, 0xFD,
    0x38, 0xA9, 0xFE, 0xFD, 0x38, 0xAA, 0xFD, 0xFD, 0x38, 0xAA, 0xFD, 0xFD, 0x39, 0xA9, 0xFE, 0xFD,
    0x34, 0xA2, 0xFD, 0xFD, 0x25, 0x92, 0xF7, 0xFD, 0x25, 0x92, 0xF7, 0xFD, 0x1B, 0x88, 0xF2, 0xFD,
    0x1D, 0x80, 0xE6, 0xFB, 0x04, 0x34, 0x85, 0xFD, 0x14, 0x4C, 0x8F, 0xE7, 0x14, 0x4C, 0x8F, 0xE7,
    0x39, 0x87, 0xD4, 0x3A, 0x2E, 0x7E, 0xCF, 0x01, 0x2F, 0x7F, 0xCE, 0x02, 0x2F, 0x7F, 0xCE, 0x02,
    0x00, 0x00, 0x00, 0x00, 0x00, 0x00, 0x00, 0x00, 0x00, 0x00, 0x00, 0x00, 0x00, 0x00, 0x00, 0x00,
    0x00, 0x00, 0x00, 0x00, 0x00, 0x00, 0x00, 0x00, 0x00, 0x00, 0x00, 0x00, 0x00, 0x00, 0x00, 0x00,
    0x00, 0x00, 0x00, 0x00, 0x00, 0x00, 0x00, 0x00, 0x00, 0x00, 0x00, 0x00, 0x00, 0x00, 0x00, 0x00,
    0x00, 0x00, 0x00, 0x00, 0x00, 0x00, 0x00, 0x00, 0x00, 0x00, 0x00, 0x00, 0x00, 0x00, 0x00, 0x00,
    0x00, 0x00, 0x00, 0x00, 0x00, 0x00, 0x00, 0x00, 0x00, 0x00, 0x00, 0x00, 0x00, 0x00, 0x00, 0x00,
    0x00, 0x00, 0x00, 0x00, 0x00, 0x00, 0x00, 0x00, 0x00, 0x00, 0x00, 0x00, 0x00, 0x00, 0x00, 0x00,
    0x00, 0x00, 0x00, 0x00, 0x00, 0x00, 0x00, 0x00, 0x00, 0x00, 0x00, 0x00, 0x00, 0x00, 0x00, 0x00,
    0x00, 0x00, 0x00, 0x00, 0x00, 0x00, 0x00, 0x00, 0x00, 0x00, 0x00, 0x00, 0x00, 0x00, 0x00, 0x00,
    0x00, 0x00, 0x00, 0x00, 0x00, 0x00, 0x00, 0x00, 0x00, 0x00, 0x00, 0x00, 0x00, 0x00, 0x00, 0x00,
    0x00, 0x00, 0x00, 0x00, 0x00, 0x00, 0x00, 0x00, 0x00, 0x00, 0x00, 0x00, 0x00, 0x00, 0x00, 0x00,
    0x00, 0x00, 0x00, 0x00, 0x00, 0x00, 0x00, 0x00, 0x35, 0x81, 0xCD, 0x01, 0x33, 0x80, 0xCA, 0x04,
    0x33, 0x80, 0xCA, 0x04, 0x3E, 0x87, 0xD0, 0x03, 0x0D, 0x32, 0x69, 0x9D, 0x01, 0x1D, 0x5D, 0xF1,
    0x01, 0x1D, 0x5D, 0xF1, 0x28, 0x8A, 0xEF, 0xF8, 0x1E, 0x89, 0xF0, 0xFA, 0x2A, 0x94, 0xF6, 0xFC,
    0x2A, 0x94, 0xF6, 0xFC, 0x32, 0xA1, 0xFB, 0xFC, 0x31, 0xA3, 0xFC, 0xFC, 0x33, 0xA5, 0xFD, 0xFC,
    0x34, 0xA6, 0xFE, 0xFC, 0x34, 0xA6, 0xFE, 0xFC, 0x35, 0xA7, 0xFE, 0xFC, 0x35, 0xA7, 0xFE, 0xFC,
    0x35, 0xA7, 0xFE, 0xFC, 0x35, 0xA7, 0xFE, 0xFC, 0x35, 0xA7, 0xFE, 0xFC, 0x33, 0xA7, 0xFE, 0xFD,
    0x32, 0xA6, 0xFE, 0xFD, 0x39, 0xA5, 0xFD, 0xFD, 0x39, 0xA5, 0xFD, 0xFD, 0x44, 0xA9, 0xFD, 0xFD,
    0x3D, 0xAA, 0xFD, 0xFD, 0x39, 0xA9, 0xFE, 0xFD, 0x39, 0xA9, 0xFE, 0xFD, 0x3A, 0xAA, 0xFE, 0xFD,
    0x3D, 0xAB, 0xFE, 0xFD, 0x40, 0xAD, 0xFE, 0xFD, 0x40, 0xAD, 0xFE, 0xFD, 0x40, 0xAC, 0xFF, 0xFD,
    0x42, 0xAE, 0xFF, 0xFD, 0x41, 0xAD, 0xFF, 0xFD, 0x3B, 0xA8, 0xFE, 0xFD, 0x3B, 0xA8, 0xFE, 0xFD,
    0x35, 0xA0, 0xFC, 0xFD, 0x39, 0xA4, 0xFD, 0xFD, 0x3F, 0xAB, 0xFE, 0xFD, 0x3F, 0xAB, 0xFE, 0xFD,
    0x3F, 0xAB, 0xFF, 0xFD, 0x40, 0xAC, 0xFF, 0xFD, 0x40, 0xAD, 0xFF, 0xFD, 0x3F, 0xAD, 0xFE, 0xFD,
    0x3F, 0xAD, 0xFE, 0xFD, 0x3F, 0xAD, 0xFE, 0xFD, 0x3F, 0xAD, 0xFF, 0xFD, 0x3F, 0xAF, 0xFF, 0xFD,
    0x3F, 0xAF, 0xFF, 0xFD, 0x40, 0xB0, 0xFE, 0xFD, 0x49, 0xB4, 0xFE, 0xFD, 0x4D, 0xB5, 0xFD, 0xFD,
    0x4D, 0xB5, 0xFD, 0xFD, 0x41, 0xAE, 0xFD, 0xFD, 0x39, 0xAB, 0xFD, 0xFD, 0x34, 0xA8, 0xFD, 0xFD,
    0x34, 0xA7, 0xFD, 0xFD, 0x34, 0xA7, 0xFD, 0xFD, 0x35, 0xA8, 0xFE, 0xFD, 0x35, 0xA8, 0xFE, 0xFD,
    0x36, 0xA9, 0xFD, 0xFD, 0x36, 0xA9, 0xFD, 0xFD, 0x36, 0xA9, 0xFD, 0xFD, 0x36, 0xA9, 0xFD, 0xFD,
    0x37, 0xA9, 0xFE, 0xFD, 0x37, 0xAA, 0xFE, 0xFD, 0x37, 0xAA, 0xFE, 0xFD, 0x39, 0xA9, 0xFE, 0xFD,
    0x39, 0xAA, 0xFE, 0xFD, 0x37, 0xA9, 0xFD, 0xFD, 0x37, 0xA9, 0xFD, 0xFD, 0x37, 0xA9, 0xFD, 0xFD,
    0x37, 0xA4, 0xFD, 0xFD, 0x25, 0x8E, 0xF6, 0xFD, 0x25, 0x8E, 0xF6, 0xFD, 0x17, 0x82, 0xEE, 0xFD,
    0x15, 0x7C, 0xE8, 0xFD, 0x12, 0x62, 0xC9, 0xF9, 0x02, 0x27, 0x79, 0xFA, 0x02, 0x27, 0x79, 0xFA,
    0x12, 0x47, 0x92, 0x86, 0x00, 0x00, 0x00, 0x00, 0x2E, 0x7D, 0xCE, 0x03, 0x2E, 0x7D, 0xCE, 0x03,
    0x00, 0x00, 0x00, 0x00, 0x00, 0x00, 0x00, 0x00, 0x00, 0x00, 0x00, 0x00, 0x00, 0x00, 0x00, 0x00,
    0x00, 0x00, 0x00, 0x00, 0x00, 0x00, 0x00, 0x00, 0x00, 0x00, 0x00, 0x00, 0x00, 0x00, 0x00, 0x00,
    0x00, 0x00, 0x00, 0x00, 0x00, 0x00, 0x00, 0x00, 0x00, 0x00, 0x00, 0x00, 0x00, 0x00, 0x00, 0x00,
    0x00, 0x00, 0x00, 0x00, 0x00, 0x00, 0x00, 0x00, 0x00, 0x00, 0x00, 0x00, 0x00, 0x00, 0x00, 0x00,
    0x00, 0x00, 0x00, 0x00, 0x00, 0x00, 0x00, 0x00, 0x00, 0x00, 0x00, 0x00, 0x00, 0x00, 0x00, 0x00,
    0x00, 0x00, 0x00, 0x00, 0x00, 0x00, 0x00, 0x00, 0x00, 0x00, 0x00, 0x00, 0x00, 0x00, 0x00, 0x00,
    0x00, 0x00, 0x00, 0x00, 0x00, 0x00, 0x00, 0x00, 0x00, 0x00, 0x00, 0x00, 0x00, 0x00, 0x00, 0x00,
    0x00, 0x00, 0x00, 0x00, 0x00, 0x00, 0x00, 0x00, 0x00, 0x00, 0x00, 0x00, 0x00, 0x00, 0x00, 0x00,
    0x00, 0x00, 0x00, 0x00, 0x00, 0x00, 0x00, 0x00, 0x00, 0x00, 0x00, 0x00, 0x00, 0x00, 0x00, 0x00,
    0x00, 0x00, 0x00, 0x00, 0x00, 0x00, 0x00, 0x00, 0x00, 0x00, 0x00, 0x00, 0x00, 0x00, 0x00, 0x00,
    0x00, 0x00, 0x00, 0x00, 0x00, 0x00, 0x00, 0x00, 0x35, 0x82, 0xCE, 0x02, 0x33, 0x81, 0xCC, 0x02,
    0x33, 0x81, 0xCC, 0x02, 0x3B, 0x87, 0xCE, 0x18, 0x0B, 0x2B, 0x5B, 0xC0, 0x04, 0x29, 0x67, 0xEF,
    0x04, 0x29, 0x67, 0xEF, 0x29, 0x8C, 0xEC, 0xFD, 0x25, 0x92, 0xF3, 0xFB, 0x2D, 0x9A, 0xF7, 0xFC,
    0x2D, 0x9A, 0xF7, 0xFC, 0x32, 0xA1, 0xFB, 0xFB, 0x32, 0xA1, 0xFC, 0xFC, 0x35, 0xA6, 0xFD, 0xFC,
    0x37, 0xA7, 0xFD, 0xFC, 0x37, 0xA7, 0xFD, 0xFC, 0x37, 0xA8, 0xFE, 0xFC, 0x38, 0xA8, 0xFE, 0xFC,
    0x38, 0xA8, 0xFE, 0xFC, 0x38, 0xA8, 0xFE, 0xFC, 0x38, 0xA8, 0xFE, 0xFD, 0x35, 0xA7, 0xFE, 0xFD,
    0x3C, 0xA7, 0xFD, 0xFD, 0x70, 0xC1, 0xFC, 0xFD, 0x70, 0xC1, 0xFC, 0xFD, 0x98, 0xD8, 0xFE, 0xFD,
    0x62, 0xBD, 0xFD, 0xFD, 0x3C, 0xAB, 0xFD, 0xFD, 0x3C, 0xAB, 0xFD, 0xFD, 0x3B, 0xAD, 0xFE, 0xFD,
    0x3C, 0xAB, 0xFE, 0xFD, 0x3D, 0xAC, 0xFE, 0xFD, 0x3D, 0xAC, 0xFE, 0xFD, 0x3E, 0xAB, 0xFE, 0xFD,
    0x3F, 0xAC, 0xFF, 0xFD, 0x3E, 0xAA, 0xFF, 0xFD, 0x3D, 0xAA, 0xFF, 0xFD, 0x3D, 0xAA, 0xFF, 0xFD,
    0x3C, 0xA8, 0xFE, 0xFD, 0x3D, 0xA9, 0xFF, 0xFD, 0x3E, 0xAB, 0xFE, 0xFD, 0x3E, 0xAB, 0xFE, 0xFD,
    0x3F, 0xAD, 0xFF, 0xFD, 0x40, 0xAC, 0xFF, 0xFD, 0x40, 0xAE, 0xFF, 0xFD, 0x40, 0xAE, 0xFF, 0xFD,
    0x40, 0xAE, 0xFF, 0xFD, 0x41, 0xAF, 0xFF, 0xFD, 0x41, 0xAF, 0xFF, 0xFD, 0x41, 0xAF, 0xFF, 0xFD,
    0x41, 0xAF, 0xFF, 0xFD, 0x46, 0xB1, 0xFE, 0xFD, 0x72, 0xCB, 0xFE, 0xFD, 0x9F, 0xE2, 0xFE, 0xFD,
    0x9F, 0xE2, 0xFE, 0xFD, 0x72, 0xC9, 0xFD, 0xFD, 0x43, 0xB0, 0xFE, 0xFD, 0x38, 0xAB, 0xFE, 0xFD,
    0x34, 0xA8, 0xFE, 0xFD, 0x34, 0xA8, 0xFE, 0xFD, 0x35, 0xA8, 0xFE, 0xFD, 0x36, 0xA8, 0xFE, 0xFD,
    0x36, 0xA9, 0xFE, 0xFD, 0x36, 0xA9, 0xFE, 0xFD, 0x36, 0xA8, 0xFE, 0xFD, 0x37, 0xA9, 0xFE, 0xFD,
    0x38, 0xA9, 0xFE, 0xFD, 0x38, 0xA9, 0xFE, 0xFD, 0x38, 0xA9, 0xFE, 0xFD, 0x39, 0xA9, 0xFE, 0xFD,
    0x38, 0xA9, 0xFE, 0xFD, 0x37, 0xA9, 0xFD, 0xFD, 0x37, 0xA9, 0xFD, 0xFD, 0x36, 0xA7, 0xFD, 0xFD,
    0x36, 0xA4, 0xFD, 0xFD, 0x29, 0x95, 0xF9, 0xFD, 0x29, 0x95, 0xF9, 0xFD, 0x15, 0x84, 0xF0, 0xFD,
    0x0B, 0x77, 0xE8, 0xFD, 0x17, 0x82, 0xEF, 0xFA, 0x11, 0x59, 0xA8, 0xF7, 0x11, 0x59, 0xA8, 0xF7,
    0x0C, 0x34, 0x6E, 0xAC, 0x3B, 0x8A, 0xD9, 0x02, 0x30, 0x7F, 0xD0, 0x03, 0x30, 0x7F, 0xD0, 0x03,
    0x30, 0x7E, 0xCE, 0x01, 0x00, 0x00, 0x00, 0x00, 0x00, 0x00, 0x00, 0x00, 0x00, 0x00, 0x00, 0x00,
    0x00, 0x00, 0x00, 0x00, 0x00, 0x00, 0x00, 0x00, 0x00, 0x00, 0x00, 0x00, 0x00, 0x00, 0x00, 0x00,
    0x00, 0x00, 0x00, 0x00, 0x00, 0x00, 0x00, 0x00, 0x00, 0x00, 0x00, 0x00, 0x00, 0x00, 0x00, 0x00,
    0x00, 0x00, 0x00, 0x00, 0x00, 0x00, 0x00, 0x00, 0x00, 0x00, 0x00, 0x00, 0x00, 0x00, 0x00, 0x00,
    0x00, 0x00, 0x00, 0x00, 0x00, 0x00, 0x00, 0x00, 0x00, 0x00, 0x00, 0x00, 0x00, 0x00, 0x00, 0x00,
    0x00, 0x00, 0x00, 0x00, 0x00, 0x00, 0x00, 0x00, 0x00, 0x00, 0x00, 0x00, 0x00, 0x00, 0x00, 0x00,
    0x00, 0x00, 0x00, 0x00, 0x00, 0x00, 0x00, 0x00, 0x00, 0x00, 0x00, 0x00, 0x00, 0x00, 0x00, 0x00,
    0x00, 0x00, 0x00, 0x00, 0x00, 0x00, 0x00, 0x00, 0x00, 0x00, 0x00, 0x00, 0x00, 0x00, 0x00, 0x00,
    0x00, 0x00, 0x00, 0x00, 0x00, 0x00, 0x00, 0x00, 0x00, 0x00, 0x00, 0x00, 0x00, 0x00, 0x00, 0x00,
    0x00, 0x00, 0x00, 0x00, 0x00, 0x00, 0x00, 0x00, 0x00, 0x00, 0x00, 0x00, 0x00, 0x00, 0x00, 0x00,
    0x00, 0x00, 0x00, 0x00, 0x00, 0x00, 0x00, 0x00, 0x36, 0x81, 0xCE, 0x04, 0x33, 0x7E, 0xCB, 0x01,
    0x33, 0x7E, 0xCB, 0x01, 0x33, 0x79, 0xC0, 0x53, 0x08, 0x26, 0x5C, 0xF0, 0x01, 0x1D, 0x62, 0xF3,
    0x01, 0x1D, 0x62, 0xF3, 0x1F, 0x7F, 0xE3, 0xFD, 0x28, 0x98, 0xF6, 0xFB, 0x2E, 0x9A, 0xF7, 0xFC,
    0x2E, 0x9A, 0xF7, 0xFC, 0x33, 0x9F, 0xFA, 0xFC, 0x35, 0xA3, 0xFC, 0xFC, 0x37, 0xA4, 0xFD, 0xFC,
    0x3A, 0xA7, 0xFD, 0xFC, 0x3A, 0xA7, 0xFD, 0xFC, 0x39, 0xA7, 0xFE, 0xFC, 0x3A, 0xA8, 0xFE, 0xFC,
    0x3A, 0xA9, 0xFE, 0xFC, 0x3A, 0xA9, 0xFE, 0xFC, 0x39, 0xA9, 0xFE, 0xFD, 0x38, 0xA7, 0xFE, 0xFD,
    0x49, 0xA8, 0xFD, 0xFD, 0xA0, 0xD5, 0xFD, 0xFD, 0xA0, 0xD5, 0xFD, 0xFD, 0xD8, 0xF5, 0xFE, 0xFD,
    0x89, 0xD2, 0xFE, 0xFD, 0x43, 0xAE, 0xFD, 0xFD, 0x43, 0xAE, 0xFD, 0xFD, 0x39, 0xAA, 0xFD, 0xFD,
    0x3A, 0xA9, 0xFD, 0xFD, 0x3B, 0xA8, 0xFD, 0xFD, 0x3B, 0xA8, 0xFD, 0xFD, 0x3C, 0xAA, 0xFE, 0xFD,
    0x3B, 0xA9, 0xFE, 0xFD, 0x3B, 0xA7, 0xFE, 0xFD, 0x3B, 0xA8, 0xFE, 0xFD, 0x3B, 0xA8, 0xFE, 0xFD,
    0x3C, 0xA7, 0xFE, 0xFD, 0x3D, 0xA9, 0xFE, 0xFD, 0x3C, 0xA7, 0xFE, 0xFD, 0x3C, 0xA7, 0xFE, 0xFD,
    0x3D, 0xAA, 0xFE, 0xFD, 0x40, 0xAC, 0xFF, 0xFD, 0x3F, 0xAB, 0xFE, 0xFD, 0x40, 0xAD, 0xFE, 0xFD,
    0x40, 0xAD, 0xFE, 0xFD, 0x41, 0xAF, 0xFE, 0xFD, 0x41, 0xAF, 0xFF, 0xFD, 0x41, 0xB0, 0xFF, 0xFD,
    0x41, 0xB0, 0xFF, 0xFD, 0x49, 0xB2, 0xFE, 0xFD, 0x94, 0xD9, 0xFE, 0xFD, 0xE0, 0xF9, 0xFE, 0xFD,
    0xE0, 0xF9, 0xFE, 0xFD, 0xB2, 0xE7, 0xFE, 0xFD, 0x56, 0xBA, 0xFD, 0xFD, 0x3C, 0xAD, 0xFD, 0xFD,
    0x35, 0xA7, 0xFD, 0xFD, 0x35, 0xA7, 0xFD, 0xFD, 0x34, 0xA7, 0xFD, 0xFD, 0x35, 0xA8, 0xFD, 0xFD,
    0x36, 0xA7, 0xFD, 0xFD, 0x36, 0xA7, 0xFD, 0xFD, 0x36, 0xA8, 0xFE, 0xFD, 0x37, 0xA8, 0xFE, 0xFD,
    0x38, 0xA8, 0xFD, 0xFD, 0x38, 0xA8, 0xFD, 0xFD, 0x38, 0xA8, 0xFD, 0xFD, 0x38, 0xA8, 0xFD, 0xFD,
    0x38, 0xA8, 0xFD, 0xFD, 0x37, 0xA8, 0xFD, 0xFD, 0x37, 0xA8, 0xFD, 0xFD, 0x36, 0xA5, 0xFD, 0xFD,
    0x36, 0xA3, 0xFD, 0xFD, 0x28, 0x94, 0xF9, 0xFD, 0x28, 0x94, 0xF9, 0xFD, 0x12, 0x81, 0xEE, 0xFD,
    0x0A, 0x79, 0xEA, 0xFC, 0x13, 0x7E, 0xEF, 0xFC, 0x08, 0x43, 0x90, 0xFA, 0x08, 0x43, 0x90, 0xFA,
    0x08, 0x23, 0x52, 0xDF, 0x37, 0x82, 0xCD, 0x26, 0x2E, 0x7C, 0xCC, 0x01, 0x2E, 0x7C, 0xCC, 0x01,
    0x31, 0x7E, 0xCE, 0x02, 0x00, 0x00, 0x00, 0x00, 0x00, 0x00, 0x00, 0x00, 0x00, 0x00, 0x00, 0x00,
    0x00, 0x00, 0x00, 0x00, 0x00, 0x00, 0x00, 0x00, 0x34, 0x81, 0xCE, 0x01, 0x34, 0x80, 0xCD, 0x01,
    0x34, 0x80, 0xCD, 0x01, 0x34, 0x80, 0xCD, 0x01, 0x34, 0x7F, 0xCC, 0x01, 0x35, 0x80, 0xCD, 0x01,
    0x35, 0x80, 0xCD, 0x01, 0x34, 0x80, 0xCC, 0x01, 0x00, 0x00, 0x00, 0x00, 0x00, 0x00, 0x00, 0x00,
    0x00, 0x00, 0x00, 0x00, 0x00, 0x00, 0x00, 0x00, 0x00, 0x00, 0x00, 0x00, 0x00, 0x00, 0x00, 0x00,
    0x00, 0x00, 0x00, 0x00, 0x00, 0x00, 0x00, 0x00, 0x00, 0x00, 0x00, 0x00, 0x00, 0x00, 0x00, 0x00,
    0x00, 0x00, 0x00, 0x00, 0x00, 0x00, 0x00, 0x00, 0x00, 0x00, 0x00, 0x00, 0x00, 0x00, 0x00, 0x00,
    0x00, 0x00, 0x00, 0x00, 0x00, 0x00, 0x00, 0x00, 0x00, 0x00, 0x00, 0x00, 0x00, 0x00, 0x00, 0x00,
    0x00, 0x00, 0x00, 0x00, 0x00, 0x00, 0x00, 0x00, 0x00, 0x00, 0x00, 0x00, 0x00, 0x00, 0x00, 0x00,
    0x00, 0x00, 0x00, 0x00, 0x00, 0x00, 0x00, 0x00, 0x00, 0x00, 0x00, 0x00, 0x00, 0x00, 0x00, 0x00,
    0x00, 0x00, 0x00, 0x00, 0x00, 0x00, 0x00, 0x00, 0x36, 0x81, 0xCE, 0x04, 0x33, 0x7E, 0xCB, 0x01,
    0x33, 0x7E, 0xCB, 0x01, 0x33, 0x79, 0xC0, 0x53, 0x08, 0x26, 0x5C, 0xF0, 0x01, 0x1D, 0x62, 0xF3,
    0x01, 0x1D, 0x62, 0xF3, 0x1F, 0x7F, 0xE3, 0xFD, 0x28, 0x98, 0xF6, 0xFB, 0x2E, 0x9A, 0xF7, 0xFC,
    0x2E, 0x9A, 0xF7, 0xFC, 0x33, 0x9F, 0xFA, 0xFC, 0x35, 0xA3, 0xFC, 0xFC, 0x37, 0xA4, 0xFD, 0xFC,
    0x3A, 0xA7, 0xFD, 0xFC, 0x3A, 0xA7, 0xFD, 0xFC, 0x39, 0xA7, 0xFE, 0xFC, 0x3A, 0xA8, 0xFE, 0xFC,
    0x3A, 0xA9, 0xFE, 0xFC, 0x3A, 0xA9, 0xFE, 0xFC, 0x39, 0xA9, 0xFE, 0xFD, 0x38, 0xA7, 0xFE, 0xFD,
    0x49, 0xA8, 0xFD, 0xFD, 0xA0, 0xD5, 0xFD, 0xFD, 0xA0, 0xD5, 0xFD, 0xFD, 0xD8, 0xF5, 0xFE, 0xFD,
    0x89, 0xD2, 0xFE, 0xFD, 0x43, 0xAE, 0xFD, 0xFD, 0x43, 0xAE, 0xFD, 0xFD, 0x39, 0xAA, 0xFD, 0xFD,
    0x3A, 0xA9, 0xFD, 0xFD, 0x3B, 0xA8, 0xFD, 0xFD, 0x3B, 0xA8, 0xFD, 0xFD, 0x3C, 0xAA, 0xFE, 0xFD,
    0x3B, 0xA9, 0xFE, 0xFD, 0x3B, 0xA7, 0xFE, 0xFD, 0x3B, 0xA8, 0xFE, 0xFD, 0x3B, 0xA8, 0xFE, 0xFD,
    0x3C, 0xA7, 0xFE, 0xFD, 0x3D, 0xA9, 0xFE, 0xFD, 0x3C, 0xA7, 0xFE, 0xFD, 0x3C, 0xA7, 0xFE, 0xFD,
    0x3D, 0xAA, 0xFE, 0xFD, 0x40, 0xAC, 0xFF, 0xFD, 0x3F, 0xAB, 0xFE, 0xFD, 0x40, 0xAD, 0xFE, 0xFD,
    0x40, 0xAD, 0xFE, 0xFD, 0x41, 0xAF, 0xFE, 0xFD, 0x41, 0xAF, 0xFF, 0xFD, 0x41, 0xB0, 0xFF, 0xFD,
    0x41, 0xB0, 0xFF, 0xFD, 0x49, 0xB2, 0xFE, 0xFD, 0x94, 0xD9, 0xFE, 0xFD, 0xE0, 0xF9, 0xFE, 0xFD,
    0xE0, 0xF9, 0xFE, 0xFD, 0xB2, 0xE7, 0xFE, 0xFD, 0x56, 0xBA, 0xFD, 0xFD, 0x3C, 0xAD, 0xFD, 0xFD,
    0x35, 0xA7, 0xFD, 0xFD, 0x35, 0xA7, 0xFD, 0xFD, 0x34, 0xA7, 0xFD, 0xFD, 0x35, 0xA8, 0xFD, 0xFD,
    0x36, 0xA7, 0xFD, 0xFD, 0x36, 0xA7, 0xFD, 0xFD, 0x36, 0xA8, 0xFE, 0xFD, 0x37, 0xA8, 0xFE, 0xFD,
    0x38, 0xA8, 0xFD, 0xFD, 0x38, 0xA8, 0xFD, 0xFD, 0x38, 0xA8, 0xFD, 0xFD, 0x38, 0xA8, 0xFD, 0xFD,
    0x38, 0xA8, 0xFD, 0xFD, 0x37, 0xA8, 0xFD, 0xFD, 0x37, 0xA8, 0xFD, 0xFD, 0x36, 0xA5, 0xFD, 0xFD,
    0x36, 0xA3, 0xFD, 0xFD, 0x28, 0x94, 0xF9, 0xFD, 0x28, 0x94, 0xF9, 0xFD, 0x12, 0x81, 0xEE, 0xFD,
    0x0A, 0x79, 0xEA, 0xFC, 0x13, 0x7E, 0xEF, 0xFC, 0x08, 0x43, 0x90, 0xFA, 0x08, 0x43, 0x90, 0xFA,
    0x08, 0x23, 0x52, 0xDF, 0x37, 0x82, 0xCD, 0x26, 0x2E, 0x7C, 0xCC, 0x01, 0x2E, 0x7C, 0xCC, 0x01,
    0x31, 0x7E, 0xCE, 0x02, 0x00, 0x00, 0x00, 0x00, 0x00, 0x00, 0x00, 0x00, 0x00, 0x00, 0x00, 0x00,
    0x00, 0x00, 0x00, 0x00, 0x00, 0x00, 0x00, 0x00, 0x34, 0x81, 0xCE, 0x01, 0x34, 0x80, 0xCD, 0x01,
    0x34, 0x80, 0xCD, 0x01, 0x34, 0x80, 0xCD, 0x01, 0x34, 0x7F, 0xCC, 0x01, 0x35, 0x80, 0xCD, 0x01,
    0x35, 0x80, 0xCD, 0x01, 0x34, 0x80, 0xCC, 0x01, 0x00, 0x00, 0x00, 0x00, 0x00, 0x00, 0x00, 0x00,
    0x00, 0x00, 0x00, 0x00, 0x00, 0x00, 0x00, 0x00, 0x00, 0x00, 0x00, 0x00, 0x00, 0x00, 0x00, 0x00,
    0x00, 0x00, 0x00, 0x00, 0x00, 0x00, 0x00, 0x00, 0x00, 0x00, 0x00, 0x00, 0x00, 0x00, 0x00, 0x00,
    0x00, 0x00, 0x00, 0x00, 0x00, 0x00, 0x00, 0x00, 0x00, 0x00, 0x00, 0x00, 0x00, 0x00, 0x00, 0x00,
    0x00, 0x00, 0x00, 0x00, 0x00, 0x00, 0x00, 0x00, 0x00, 0x00, 0x00, 0x00, 0x00, 0x00, 0x00, 0x00,
    0x00, 0x00, 0x00, 0x00, 0x00, 0x00, 0x00, 0x00, 0x00, 0x00, 0x00, 0x00, 0x00, 0x00, 0x00, 0x00,
    0x00, 0x00, 0x00, 0x00, 0x00, 0x00, 0x00, 0x00, 0x00, 0x00, 0x00, 0x00, 0x00, 0x00, 0x00, 0x00,
    0x00, 0x00, 0x00, 0x00, 0x00, 0x00, 0x00, 0x00, 0x35, 0x83, 0xD0, 0x02, 0x36, 0x84, 0xD1, 0x05,
    0x36, 0x84, 0xD1, 0x05, 0x23, 0x62, 0xA4, 0x6A, 0x12, 0x43, 0x7F, 0xF2, 0x03, 0x38, 0x93, 0xF9,
    0x03, 0x38, 0x93, 0xF9, 0x15, 0x78, 0xE0, 0xFB, 0x27, 0x99, 0xF9, 0xFB, 0x2C, 0x9C, 0xF9, 0xFC,
    0x2C, 0x9C, 0xF9, 0xFC, 0x33, 0xA1, 0xFC, 0xFC, 0x36, 0xA4, 0xFD, 0xFC, 0x38, 0xA6, 0xFD, 0xFC,
    0x38, 0xA6, 0xFD, 0xFC, 0x38, 0xA6, 0xFD, 0xFC, 0x3A, 0xA8, 0xFE, 0xFC, 0x3B, 0xA9, 0xFE, 0xFC,
    0x3B, 0xAA, 0xFE, 0xFC, 0x3B, 0xAA, 0xFE, 0xFC, 0x3B, 0xAA, 0xFE, 0xFD, 0x3B, 0xAD, 0xFF, 0xFD,
    0x4D, 0xAF, 0xFE, 0xFD, 0xA4, 0xDC, 0xFE, 0xFD, 0xA4, 0xDC, 0xFE, 0xFD, 0xCD, 0xF1, 0xFF, 0xFD,
    0x80, 0xCE, 0xFE, 0xFD, 0x42, 0xAE, 0xFD, 0xFD, 0x42, 0xAE, 0xFD, 0xFD, 0x39, 0xAA, 0xFD, 0xFD,
    0x37, 0xA9, 0xFD, 0xFD, 0x38, 0xA8, 0xFD, 0xFD, 0x38, 0xA8, 0xFD, 0xFD, 0x37, 0xA7, 0xFD, 0xFD,
    0x39, 0xA9, 0xFE, 0xFD, 0x39, 0xA7, 0xFE, 0xFD, 0x39, 0xA6, 0xFE, 0xFD, 0x39, 0xA6, 0xFE, 0xFD,
    0x3B, 0xA7, 0xFE, 0xFD, 0x3C, 0xA9, 0xFE, 0xFD, 0x3D, 0xA8, 0xFE, 0xFD, 0x3D, 0xA8, 0xFE, 0xFD,
    0x3D, 0xA9, 0xFE, 0xFD, 0x3F, 0xAB, 0xFF, 0xFD, 0x3F, 0xAB, 0xFE, 0xFD, 0x40, 0xAC, 0xFE, 0xFD,
    0x40, 0xAC, 0xFE, 0xFD, 0x41, 0xAE, 0xFE, 0xFD, 0x41, 0xAF, 0xFE, 0xFD, 0x42, 0xB1, 0xFF, 0xFD,
    0x42, 0xB1, 0xFF, 0xFD, 0x45, 0xB1, 0xFF, 0xFD, 0x7C, 0xD1, 0xFF, 0xFD, 0xD5, 0xF7, 0xFF, 0xFD,
    0xD5, 0xF7, 0xFF, 0xFD, 0xBF, 0xEF, 0xFF, 0xFD, 0x6B, 0xC8, 0xFE, 0xFD, 0x41, 0xB1, 0xFD, 0xFD,
    0x35, 0xA9, 0xFC, 0xFD, 0x35, 0xA9, 0xFC, 0xFD, 0x33, 0xA7, 0xFC, 0xFD, 0x33, 0xA7, 0xFC, 0xFD,
    0x35, 0xA7, 0xFD, 0xFD, 0x35, 0xA7, 0xFD, 0xFD, 0x36, 0xA8, 0xFD, 0xFD, 0x37, 0xA8, 0xFE, 0xFD,
    0x38, 0xA8, 0xFD, 0xFD, 0x38, 0xA8, 0xFD, 0xFD, 0x38, 0xA8, 0xFD, 0xFD, 0x38, 0xA8, 0xFD, 0xFD,
    0x37, 0xA8, 0xFD, 0xFD, 0x36, 0xA8, 0xFD, 0xFD, 0x36, 0xA8, 0xFD, 0xFD, 0x35, 0xA6, 0xFD, 0xFD,
    0x35, 0xA2, 0xFD, 0xFD, 0x29, 0x97, 0xFB, 0xFD, 0x29, 0x97, 0xFB, 0xFD, 0x15, 0x86, 0xF2, 0xFD,
    0x0C, 0x7F, 0xEF, 0xFC, 0x16, 0x83, 0xF2, 0xFC, 0x07, 0x3D, 0x8C, 0xF8, 0x07, 0x3D, 0x8C, 0xF8,
    0x01, 0x10, 0x3D, 0xEF, 0x35, 0x7B, 0xC1, 0x62, 0x2D, 0x7F, 0xCF, 0x01, 0x2D, 0x7F, 0xCF, 0x01,
    0x31, 0x80, 0xD0, 0x03, 0x00, 0x00, 0x00, 0x00, 0x00, 0x00, 0x00, 0x00, 0x00, 0x00, 0x00, 0x00,
    0x00, 0x00, 0x00, 0x00, 0x00, 0x00, 0x00, 0x00, 0x34, 0x81, 0xCE, 0x01, 0x34, 0x81, 0xCD, 0x01,
    0x34, 0x81, 0xCD, 0x01, 0x34, 0x81, 0xCD, 0x01, 0x34, 0x80, 0xCC, 0x01, 0x35, 0x7F, 0xCC, 0x01,
    0x35, 0x7F, 0xCC, 0x01, 0x34, 0x7F, 0xCB, 0x01, 0x34, 0x81, 0xCC, 0x01, 0x00, 0x00, 0x00, 0x00,
    0x00, 0x00, 0x00, 0x00, 0x00, 0x00, 0x00, 0x00, 0x00, 0x00, 0x00, 0x00, 0x00, 0x00, 0x00, 0x00,
    0x00, 0x00, 0x00, 0x00, 0x00, 0x00, 0x00, 0x00, 0x00, 0x00, 0x00, 0x00, 0x00, 0x00, 0x00, 0x00,
    0x00, 0x00, 0x00, 0x00, 0x00, 0x00, 0x00, 0x00, 0x00, 0x00, 0x00, 0x00, 0x00, 0x00, 0x00, 0x00,
    0x00, 0x00, 0x00, 0x00, 0x00, 0x00, 0x00, 0x00, 0x00, 0x00, 0x00, 0x00, 0x00, 0x00, 0x00, 0x00,
    0x00, 0x00, 0x00, 0x00, 0x00, 0x00, 0x00, 0x00, 0x00, 0x00, 0x00, 0x00, 0x00, 0x00, 0x00, 0x00,
    0x00, 0x00, 0x00, 0x00, 0x00, 0x00, 0x00, 0x00, 0x00, 0x00, 0x00, 0x00, 0x00, 0x00, 0x00, 0x00,
    0x00, 0x00, 0x00, 0x00, 0x34, 0x81, 0xCE, 0x02, 0x30, 0x81, 0xCE, 0x01, 0x3A, 0x86, 0xD2, 0x22,
    0x3A, 0x86, 0xD2, 0x22, 0x0D, 0x30, 0x68, 0xAA, 0x07, 0x36, 0x7C, 0xF4, 0x16, 0x73, 0xDB, 0xFD,
    0x16, 0x73, 0xDB, 0xFD, 0x13, 0x7C, 0xE9, 0xFC, 0x24, 0x96, 0xF8, 0xFC, 0x2C, 0x9B, 0xFA, 0xFD,
    0x2C, 0x9B, 0xFA, 0xFD, 0x34, 0xA1, 0xFC, 0xFC, 0x35, 0xA1, 0xFD, 0xFC, 0x37, 0xA4, 0xFD, 0xFC,
    0x38, 0xA5, 0xFE, 0xFC, 0x38, 0xA5, 0xFE, 0xFC, 0x3A, 0xA7, 0xFE, 0xFC, 0x3B, 0xA8, 0xFE, 0xFD,
    0x3C, 0xA9, 0xFE, 0xFC, 0x3C, 0xA9, 0xFE, 0xFC, 0x3B, 0xAA, 0xFE, 0xFD, 0x3D, 0xAB, 0xFE, 0xFD,
    0x54, 0xAC, 0xFD, 0xFD, 0x8D, 0xCC, 0xFD, 0xFD, 0x8D, 0xCC, 0xFD, 0xFD, 0x8A, 0xCE, 0xFD, 0xFD,
    0x58, 0xB7, 0xFD, 0xFD, 0x3D, 0xA9, 0xFD, 0xFD, 0x3D, 0xA9, 0xFD, 0xFD, 0x39, 0xAA, 0xFD, 0xFD,
    0x36, 0xA5, 0xFD, 0xFD, 0x36, 0xA6, 0xFD, 0xFD, 0x36, 0xA6, 0xFD, 0xFD, 0x36, 0xA6, 0xFD, 0xFD,
    0x37, 0xA7, 0xFD, 0xFD, 0x38, 0xA5, 0xFD, 0xFD, 0x39, 0xA6, 0xFD, 0xFD, 0x39, 0xA6, 0xFD, 0xFD,
    0x39, 0xA5, 0xFD, 0xFD, 0x3B, 0xA6, 0xFE, 0xFD, 0x3C, 0xA6, 0xFE, 0xFD, 0x3C, 0xA6, 0xFE, 0xFD,
    0x3D, 0xA8, 0xFE, 0xFD, 0x3D, 0xA7, 0xFE, 0xFD, 0x3E, 0xAA, 0xFE, 0xFD, 0x3F, 0xAB, 0xFE, 0xFD,
    0x3F, 0xAB, 0xFE, 0xFD, 0x3F, 0xAC, 0xFD, 0xFD, 0x40, 0xAD, 0xFE, 0xFD, 0x40, 0xAE, 0xFE, 0xFD,
    0x40, 0xAE, 0xFE, 0xFD, 0x41, 0xAE, 0xFE, 0xFD, 0x48, 0xB0, 0xFD, 0xFD, 0x68, 0xBD, 0xFB, 0xFD,
    0x68, 0xBD, 0xFB, 0xFD, 0x7A, 0xC8, 0xFD, 0xFD, 0x60, 0xC1, 0xFD, 0xFD, 0x48, 0xB8, 0xFD, 0xFD,
    0x34, 0xAA, 0xFC, 0xFD, 0x34, 0xAA, 0xFC, 0xFD, 0x31, 0xA6, 0xFC, 0xFD, 0x31, 0xA5, 0xFC, 0xFD,
    0x34, 0xA6, 0xFD, 0xFD, 0x34, 0xA6, 0xFD, 0xFD, 0x36, 0xA6, 0xFD, 0xFD, 0x37, 0xA7, 0xFE, 0xFD,
    0x37, 0xA7, 0xFD, 0xFD, 0x38, 0xA7, 0xFE, 0xFD, 0x38, 0xA7, 0xFE, 0xFD, 0x38, 0xA6, 0xFE, 0xFD,
    0x36, 0xA6, 0xFD, 0xFD, 0x36, 0xA7, 0xFD, 0xFD, 0x36, 0xA7, 0xFD, 0xFD, 0x35, 0xA4, 0xFD, 0xFD,
    0x35, 0xA1, 0xFD, 0xFD, 0x2F, 0x9C, 0xFC, 0xFD, 0x2F, 0x9C, 0xFC, 0xFD, 0x17, 0x85, 0xF3, 0xFD,
    0x0B, 0x79, 0xEC, 0xFD, 0x10, 0x7E, 0xF0, 0xFD, 0x11, 0x62, 0xC0, 0xF8, 0x11, 0x62, 0xC0, 0xF8,
    0x00, 0x17, 0x58, 0xFD, 0x2C, 0x72, 0xB8, 0x88, 0x2F, 0x83, 0xD3, 0x01, 0x2F, 0x83, 0xD3, 0x01,
    0x30, 0x7F, 0xD2, 0x05, 0x00, 0x00, 0x00, 0x00, 0x34, 0x81, 0xD0, 0x01, 0x35, 0x81, 0xCF, 0x01,
    0x35, 0x81, 0xCF, 0x01, 0x00, 0x00, 0x00, 0x00, 0x35, 0x82, 0xCE, 0x01, 0x34, 0x81, 0xCD, 0x01,
    0x34, 0x81, 0xCD, 0x01, 0x34, 0x81, 0xCC, 0x01, 0x35, 0x80, 0xCC, 0x01, 0x35, 0x7F, 0xCB, 0x01,
    0x35, 0x7F, 0xCB, 0x01, 0x35, 0x80, 0xCC, 0x01, 0x34, 0x80, 0xCB, 0x01, 0x00, 0x00, 0x00, 0x00,
    0x00, 0x00, 0x00, 0x00, 0x00, 0x00, 0x00, 0x00, 0x00, 0x00, 0x00, 0x00, 0x00, 0x00, 0x00, 0x00,
    0x00, 0x00, 0x00, 0x00, 0x00, 0x00, 0x00, 0x00, 0x00, 0x00, 0x00, 0x00, 0x00, 0x00, 0x00, 0x00,
    0x00, 0x00, 0x00, 0x00, 0x00, 0x00, 0x00, 0x00, 0x00, 0x00, 0x00, 0x00, 0x00, 0x00, 0x00, 0x00,
    0x00, 0x00, 0x00, 0x00, 0x00, 0x00, 0x00, 0x00, 0x00, 0x00, 0x00, 0x00, 0x00, 0x00, 0x00, 0x00,
    0x00, 0x00, 0x00, 0x00, 0x00, 0x00, 0x00, 0x00, 0x00, 0x00, 0x00, 0x00, 0x00, 0x00, 0x00, 0x00,
    0x00, 0x00, 0x00, 0x00, 0x00, 0x00, 0x00, 0x00, 0x00, 0x00, 0x00, 0x00, 0x00, 0x00, 0x00, 0x00,
    0x00, 0x00, 0x00, 0x00, 0x35, 0x82, 0xCE, 0x02, 0x32, 0x85, 0xD3, 0x01, 0x3E, 0x8B, 0xD3, 0x38,
    0x3E, 0x8B, 0xD3, 0x38, 0x08, 0x1F, 0x48, 0xED, 0x08, 0x3B, 0x82, 0xF9, 0x1B, 0x87, 0xF1, 0xFB,
    0x1B, 0x87, 0xF1, 0xFB, 0x1A, 0x88, 0xF3, 0xFC, 0x26, 0x95, 0xF9, 0xFC, 0x2E, 0x9C, 0xFB, 0xFD,
    0x2E, 0x9C, 0xFB, 0xFD, 0x34, 0xA2, 0xFC, 0xFC, 0x35, 0xA1, 0xFD, 0xFD, 0x36, 0xA3, 0xFD, 0xFC,
    0x38, 0xA4, 0xFE, 0xFC, 0x38, 0xA4, 0xFE, 0xFC, 0x3A, 0xA6, 0xFE, 0xFC, 0x3C, 0xA8, 0xFD, 0xFD,
    0x3C, 0xA8, 0xFD, 0xFD, 0x3C, 0xA8, 0xFD, 0xFD, 0x3B, 0xA5, 0xFB, 0xFD, 0x42, 0xA7, 0xFB, 0xFD,
    0x5A, 0xB2, 0xFB, 0xFD, 0x67, 0xB3, 0xFA, 0xFD, 0x67, 0xB3, 0xFA, 0xFD, 0x51, 0xA9, 0xF9, 0xFD,
    0x44, 0xA9, 0xFB, 0xFD, 0x3E, 0xA8, 0xFC, 0xFD, 0x3E, 0xA8, 0xFC, 0xFD, 0x3A, 0xA8, 0xFD, 0xFD,
    0x36, 0xA4, 0xFD, 0xFD, 0x36, 0xA6, 0xFE, 0xFD, 0x36, 0xA6, 0xFE, 0xFD, 0x35, 0xA6, 0xFD, 0xFD,
    0x36, 0xA6, 0xFD, 0xFD, 0x37, 0xA6, 0xFD, 0xFD, 0x39, 0xA7, 0xFD, 0xFD, 0x39, 0xA7, 0xFD, 0xFD,
    0x39, 0xA5, 0xFD, 0xFD, 0x3C, 0xA7, 0xFD, 0xFD, 0x3C, 0xA7, 0xFD, 0xFD, 0x3C, 0xA7, 0xFD, 0xFD,
    0x3C, 0xA8, 0xFD, 0xFD, 0x3D, 0xA7, 0xFD, 0xFD, 0x3E, 0xAA, 0xFD, 0xFD, 0x3E, 0xAB, 0xFE, 0xFD,
    0x3E, 0xAB, 0xFE, 0xFD, 0x3E, 0xAB, 0xFE, 0xFD, 0x3F, 0xAC, 0xFD, 0xFD, 0x3F, 0xAD, 0xFD, 0xFD,
    0x3F, 0xAD, 0xFD, 0xFD, 0x3F, 0xAD, 0xFD, 0xFD, 0x3E, 0xAF, 0xFC, 0xFD, 0x42, 0xAF, 0xFB, 0xFD,
    0x42, 0xAF, 0xFB, 0xFD, 0x46, 0xAF, 0xFB, 0xFD, 0x3F, 0xAC, 0xFC, 0xFD, 0x38, 0xAE, 0xFD, 0xFD,
    0x2D, 0xA5, 0xFD, 0xFD, 0x2D, 0xA5, 0xFD, 0xFD, 0x2D, 0xA6, 0xFC, 0xFD, 0x30, 0xA4, 0xFD, 0xFD,
    0x33, 0xA6, 0xFD, 0xFD, 0x33, 0xA6, 0xFD, 0xFD, 0x34, 0xA5, 0xFD, 0xFD, 0x36, 0xA7, 0xFE, 0xFD,
    0x37, 0xA6, 0xFE, 0xFD, 0x37, 0xA6, 0xFE, 0xFD, 0x37, 0xA6, 0xFE, 0xFD, 0x37, 0xA5, 0xFD, 0xFD,
    0x36, 0xA6, 0xFD, 0xFD, 0x36, 0xA5, 0xFD, 0xFD, 0x36, 0xA5, 0xFD, 0xFD, 0x36, 0xA5, 0xFD, 0xFD,
    0x38, 0xA5, 0xFD, 0xFD, 0x2F, 0x9D, 0xFC, 0xFD, 0x2F, 0x9D, 0xFC, 0xFD, 0x1A, 0x8A, 0xF6, 0xFD,
    0x0E, 0x7F, 0xF3, 0xFD, 0x0A, 0x7B, 0xF0, 0xFD, 0x12, 0x7E, 0xE9, 0xF9, 0x12, 0x7E, 0xE9, 0xF9,
    0x0A, 0x52, 0xAC, 0xFD, 0x08, 0x3B, 0x81, 0xBC, 0x21, 0x60, 0xAC, 0x33, 0x21, 0x60, 0xAC, 0x33,
    0x38, 0x89, 0xDD, 0x04, 0x31, 0x80, 0xD0, 0x02, 0x35, 0x81, 0xD1, 0x01, 0x35, 0x81, 0xCF, 0x01,
    0x35, 0x81, 0xCF, 0x01, 0x35, 0x81, 0xCF, 0x01, 0x35, 0x81, 0xCE, 0x01, 0x34, 0x81, 0xCD, 0x01,
    0x34, 0x81, 0xCD, 0x01, 0x34, 0x81, 0xCC, 0x01, 0x35, 0x81, 0xCC, 0x01, 0x35, 0x80, 0xCB, 0x01,
    0x35, 0x80, 0xCB, 0x01, 0x35, 0x81, 0xCB, 0x01, 0x34, 0x80, 0xCB, 0x01, 0x00, 0x00, 0x00, 0x00,
    0x34, 0x80, 0xCA, 0x01, 0x34, 0x80, 0xCA, 0x01, 0x00, 0x00, 0x00, 0x00, 0x00, 0x00, 0x00, 0x00,
    0x00, 0x00, 0x00, 0x00, 0x00, 0x00, 0x00, 0x00, 0x00, 0x00, 0x00, 0x00, 0x00, 0x00, 0x00, 0x00,
    0x00, 0x00, 0x00, 0x00, 0x00, 0x00, 0x00, 0x00, 0x00, 0x00, 0x00, 0x00, 0x00, 0x00, 0x00, 0x00,
    0x00, 0x00, 0x00, 0x00, 0x00, 0x00, 0x00, 0x00, 0x00, 0x00, 0x00, 0x00, 0x00, 0x00, 0x00, 0x00,
    0x00, 0x00, 0x00, 0x00, 0x00, 0x00, 0x00, 0x00, 0x00, 0x00, 0x00, 0x00, 0x00, 0x00, 0x00, 0x00,
    0x00, 0x00, 0x00, 0x00, 0x00, 0x00, 0x00, 0x00, 0x00, 0x00, 0x00, 0x00, 0x00, 0x00, 0x00, 0x00,
    0x00, 0x00, 0x00, 0x00, 0x35, 0x82, 0xCE, 0x02, 0x32, 0x85, 0xD3, 0x01, 0x3E, 0x8B, 0xD3, 0x38,
    0x3E, 0x8B, 0xD3, 0x38, 0x08, 0x1F, 0x48, 0xED, 0x08, 0x3B, 0x82, 0xF9, 0x1B, 0x87, 0xF1, 0xFB,
    0x1B, 0x87, 0xF1, 0xFB, 0x1A, 0x88, 0xF3, 0xFC, 0x26, 0x95, 0xF9, 0xFC, 0x2E, 0x9C, 0xFB, 0xFD,
    0x2E, 0x9C, 0xFB, 0xFD, 0x34, 0xA2, 0xFC, 0xFC, 0x35, 0xA1, 0xFD, 0xFD, 0x36, 0xA3, 0xFD, 0xFC,
    0x38, 0xA4, 0xFE, 0xFC, 0x38, 0xA4, 0xFE, 0xFC, 0x3A, 0xA6, 0xFE, 0xFC, 0x3C, 0xA8, 0xFD, 0xFD,
    0x3C, 0xA8, 0xFD, 0xFD, 0x3C, 0xA8, 0xFD, 0xFD, 0x3B, 0xA5, 0xFB, 0xFD, 0x42, 0xA7, 0xFB, 0xFD,
    0x5A, 0xB2, 0xFB, 0xFD, 0x67, 0xB3, 0xFA, 0xFD, 0x67, 0xB3, 0xFA, 0xFD, 0x51, 0xA9, 0xF9, 0xFD,
    0x44, 0xA9, 0xFB, 0xFD, 0x3E, 0xA8, 0xFC, 0xFD, 0x3E, 0xA8, 0xFC, 0xFD, 0x3A, 0xA8, 0xFD, 0xFD,
    0x36, 0xA4, 0xFD, 0xFD, 0x36, 0xA6, 0xFE, 0xFD, 0x36, 0xA6, 0xFE, 0xFD, 0x35, 0xA6, 0xFD, 0xFD,
    0x36, 0xA6, 0xFD, 0xFD, 0x37, 0xA6, 0xFD, 0xFD, 0x39, 0xA7, 0xFD, 0xFD, 0x39, 0xA7, 0xFD, 0xFD,
    0x39, 0xA5, 0xFD, 0xFD, 0x3C, 0xA7, 0xFD, 0xFD, 0x3C, 0xA7, 0xFD, 0xFD, 0x3C, 0xA7, 0xFD, 0xFD,
    0x3C, 0xA8, 0xFD, 0xFD, 0x3D, 0xA7, 0xFD, 0xFD, 0x3E, 0xAA, 0xFD, 0xFD, 0x3E, 0xAB, 0xFE, 0xFD,
    0x3E, 0xAB, 0xFE, 0xFD, 0x3E, 0xAB, 0xFE, 0xFD, 0x3F, 0xAC, 0xFD, 0xFD, 0x3F, 0xAD, 0xFD, 0xFD,
    0x3F, 0xAD, 0xFD, 0xFD, 0x3F, 0xAD, 0xFD, 0xFD, 0x3E, 0xAF, 0xFC, 0xFD, 0x42, 0xAF, 0xFB, 0xFD,
    0x42, 0xAF, 0xFB, 0xFD, 0x46, 0xAF, 0xFB, 0xFD, 0x3F, 0xAC, 0xFC, 0xFD, 0x38, 0xAE, 0xFD, 0xFD,
    0x2D, 0xA5, 0xFD, 0xFD, 0x2D, 0xA5, 0xFD, 0xFD, 0x2D, 0xA6, 0xFC, 0xFD, 0x30, 0xA4, 0xFD, 0xFD,
    0x33, 0xA6, 0xFD, 0xFD, 0x33, 0xA6, 0xFD, 0xFD, 0x34, 0xA5, 0xFD, 0xFD, 0x36, 0xA7, 0xFE, 0xFD,
    0x37, 0xA6, 0xFE, 0xFD, 0x37, 0xA6, 0xFE, 0xFD, 0x37, 0xA6, 0xFE, 0xFD, 0x37, 0xA5, 0xFD, 0xFD,
    0x36, 0xA6, 0xFD, 0xFD, 0x36, 0xA5, 0xFD, 0xFD, 0x36, 0xA5, 0xFD, 0xFD, 0x36, 0xA5, 0xFD, 0xFD,
    0x38, 0xA5, 0xFD, 0xFD, 0x2F, 0x9D, 0xFC, 0xFD, 0x2F, 0x9D, 0xFC, 0xFD, 0x1A, 0x8A, 0xF6, 0xFD,
    0x0E, 0x7F, 0xF3, 0xFD, 0x0A, 0x7B, 0xF0, 0xFD, 0x12, 0x7E, 0xE9, 0xF9, 0x12, 0x7E, 0xE9, 0xF9,
    0x0A, 0x52, 0xAC, 0xFD, 0x08, 0x3B, 0x81, 0xBC, 0x21, 0x60, 0xAC, 0x33, 0x21, 0x60, 0xAC, 0x33,
    0x38, 0x89, 0xDD, 0x04, 0x31, 0x80, 0xD0, 0x02, 0x35, 0x81, 0xD1, 0x01, 0x35, 0x81, 0xCF, 0x01,
    0x35, 0x81, 0xCF, 0x01, 0x35, 0x81, 0xCF, 0x01, 0x35, 0x81, 0xCE, 0x01, 0x34, 0x81, 0xCD, 0x01,
    0x34, 0x81, 0xCD, 0x01, 0x34, 0x81, 0xCC, 0x01, 0x35, 0x81, 0xCC, 0x01, 0x35, 0x80, 0xCB, 0x01,
    0x35, 0x80, 0xCB, 0x01, 0x35, 0x81, 0xCB, 0x01, 0x34, 0x80, 0xCB, 0x01, 0x00, 0x00, 0x00, 0x00,
    0x34, 0x80, 0xCA, 0x01, 0x34, 0x80, 0xCA, 0x01, 0x00, 0x00, 0x00, 0x00, 0x00, 0x00, 0x00, 0x00,
    0x00, 0x00, 0x00, 0x00, 0x00, 0x00, 0x00, 0x00, 0x00, 0x00, 0x00, 0x00, 0x00, 0x00, 0x00, 0x00,
    0x00, 0x00, 0x00, 0x00, 0x00, 0x00, 0x00, 0x00, 0x00, 0x00, 0x00, 0x00, 0x00, 0x00, 0x00, 0x00,
    0x00, 0x00, 0x00, 0x00, 0x00, 0x00, 0x00, 0x00, 0x00, 0x00, 0x00, 0x00, 0x00, 0x00, 0x00, 0x00,
    0x00, 0x00, 0x00, 0x00, 0x00, 0x00, 0x00, 0x00, 0x00, 0x00, 0x00, 0x00, 0x00, 0x00, 0x00, 0x00,
    0x00, 0x00, 0x00, 0x00, 0x00, 0x00, 0x00, 0x00, 0x00, 0x00, 0x00, 0x00, 0x00, 0x00, 0x00, 0x00,
    0x00, 0x00, 0x00, 0x00, 0x37, 0x83, 0xD0, 0x02, 0x31, 0x81, 0xD0, 0x03, 0x3A, 0x81, 0xC3, 0x45,
    0x3A, 0x81, 0xC3, 0x45, 0x03, 0x14, 0x3D, 0xEF, 0x0A, 0x40, 0x91, 0xFC, 0x1B, 0x86, 0xF1, 0xFB,
    0x1B, 0x86, 0xF1, 0xFB, 0x1C, 0x89, 0xF4, 0xFD, 0x26, 0x93, 0xF9, 0xFC, 0x2F, 0x9C, 0xFB, 0xFD,
    0x2F, 0x9C, 0xFB, 0xFD, 0x32, 0x9E, 0xFB, 0xFC, 0x34, 0xA0, 0xFD, 0xFD, 0x36, 0xA3, 0xFD, 0xFC,
    0x38, 0xA3, 0xFD, 0xFC, 0x38, 0xA3, 0xFD, 0xFC, 0x39, 0xA5, 0xFD, 0xFD, 0x37, 0xA3, 0xFD, 0xFD,
    0x39, 0xA6, 0xFD, 0xFD, 0x39, 0xA6, 0xFD, 0xFD, 0x41, 0xA9, 0xFC, 0xFD, 0x57, 0xBB, 0xFC, 0xFD,
    0x71, 0xD2, 0xFB, 0xFD, 0x60, 0xBB, 0xFB, 0xFD, 0x60, 0xBB, 0xFB, 0xFD, 0x46, 0xA9, 0xFA, 0xFD,
    0x3E, 0xA8, 0xFB, 0xFD, 0x35, 0xA2, 0xFB, 0xFD, 0x35, 0xA2, 0xFB, 0xFD, 0x36, 0xA4, 0xFC, 0xFD,
    0x37, 0xA4, 0xFD, 0xFD, 0x36, 0xA6, 0xFD, 0xFD, 0x36, 0xA6, 0xFD, 0xFD, 0x35, 0xA4, 0xFD, 0xFD,
    0x36, 0xA5, 0xFD, 0xFD, 0x37, 0xA5, 0xFC, 0xFD, 0x39, 0xA4, 0xFC, 0xFD, 0x39, 0xA4, 0xFC, 0xFD,
    0x41, 0xA9, 0xFC, 0xFD, 0x41, 0xA8, 0xFC, 0xFD, 0x3C, 0xA6, 0xFC, 0xFD, 0x3C, 0xA6, 0xFC, 0xFD,
    0x3C, 0xA7, 0xFC, 0xFD, 0x3D, 0xA8, 0xFD, 0xFD, 0x3C, 0xA8, 0xFD, 0xFD, 0x3C, 0xA9, 0xFD, 0xFD,
    0x3C, 0xA9, 0xFD, 0xFD, 0x3D, 0xAB, 0xFD, 0xFD, 0x3D, 0xAA, 0xFD, 0xFD, 0x3E, 0xAA, 0xFC, 0xFD,
    0x3E, 0xAA, 0xFC, 0xFD, 0x3A, 0xA7, 0xFC, 0xFD, 0x39, 0xA9, 0xFB, 0xFD, 0x38, 0xA8, 0xFA, 0xFD,
    0x38, 0xA8, 0xFA, 0xFD, 0x3F, 0xB4, 0xFA, 0xFD, 0x3B, 0xB3, 0xFB, 0xFD, 0x3C, 0xB7, 0xFC, 0xFD,
    0x2F, 0xAA, 0xFC, 0xFD, 0x2F, 0xAA, 0xFC, 0xFD, 0x29, 0xA3, 0xFC, 0xFD, 0x28, 0xA0, 0xFC, 0xFD,
    0x2F, 0xA5, 0xFD, 0xFD, 0x2F, 0xA5, 0xFD, 0xFD, 0x33, 0xA5, 0xFD, 0xFD, 0x35, 0xA6, 0xFE, 0xFD,
    0x36, 0xA5, 0xFD, 0xFD, 0x36, 0xA6, 0xFE, 0xFD, 0x36, 0xA6, 0xFE, 0xFD, 0x37, 0xA5, 0xFE, 0xFD,
    0x36, 0xA5, 0xFE, 0xFD, 0x36, 0xA4, 0xFD, 0xFD, 0x36, 0xA4, 0xFD, 0xFD, 0x36, 0xA4, 0xFD, 0xFD,
    0x3A, 0xA5, 0xFE, 0xFD, 0x32, 0x9D, 0xFC, 0xFD, 0x32, 0x9D, 0xFC, 0xFD, 0x1C, 0x8A, 0xF6, 0xFD,
    0x10, 0x7E, 0xF3, 0xFD, 0x09, 0x77, 0xEE, 0xFC, 0x0C, 0x7C, 0xF0, 0xFB, 0x0C, 0x7C, 0xF0, 0xFB,
    0x14, 0x6D, 0xD9, 0xF8, 0x01, 0x12, 0x52, 0xF7, 0x18, 0x48, 0x8A, 0x7E, 0x18, 0x48, 0x8A, 0x7E,
    0x00, 0x00, 0x00, 0x00, 0x30, 0x7F, 0xCF, 0x05, 0x34, 0x82, 0xD1, 0x02, 0x35, 0x82, 0xCF, 0x01,
    0x35, 0x82, 0xCF, 0x01, 0x35, 0x82, 0xCF, 0x01, 0x35, 0x81, 0xCE, 0x01, 0x34, 0x82, 0xCD, 0x01,
    0x34, 0x82, 0xCD, 0x01, 0x34, 0x81, 0xCC, 0x01, 0x34, 0x81, 0xCC, 0x01, 0x35, 0x81, 0xCC, 0x01,
    0x35, 0x81, 0xCC, 0x01, 0x34, 0x80, 0xCB, 0x01, 0x35, 0x81, 0xCB, 0x01, 0x34, 0x80, 0xCA, 0x01,
    0x00, 0x00, 0x00, 0x00, 0x00, 0x00, 0x00, 0x00, 0x00, 0x00, 0x00, 0x00, 0x00, 0x00, 0x00, 0x00,
    0x00, 0x00, 0x00, 0x00, 0x00, 0x00, 0x00, 0x00, 0x00, 0x00, 0x00, 0x00, 0x00, 0x00, 0x00, 0x00,
    0x00, 0x00, 0x00, 0x00, 0x00, 0x00, 0x00, 0x00, 0x00, 0x00, 0x00, 0x00, 0x00, 0x00, 0x00, 0x00,
    0x00, 0x00, 0x00, 0x00, 0x00, 0x00, 0x00, 0x00, 0x00, 0x00, 0x00, 0x00, 0x00, 0x00, 0x00, 0x00,
    0x00, 0x00, 0x00, 0x00, 0x00, 0x00, 0x00, 0x00, 0x00, 0x00, 0x00, 0x00, 0x00, 0x00, 0x00, 0x00,
    0x00, 0x00, 0x00, 0x00, 0x00, 0x00, 0x00, 0x00, 0x00, 0x00, 0x00, 0x00, 0x00, 0x00, 0x00, 0x00,
    0x38, 0x84, 0xCF, 0x01, 0x00, 0x00, 0x00, 0x00, 0x34, 0x81, 0xCC, 0x11, 0x24, 0x61, 0x9C, 0x9B,
    0x24, 0x61, 0x9C, 0x9B, 0x10, 0x3E, 0x7D, 0xF9, 0x12, 0x5D, 0xBE, 0xFB, 0x18, 0x82, 0xED, 0xFB,
    0x18, 0x82, 0xED, 0xFB, 0x1C, 0x8A, 0xF4, 0xFD, 0x29, 0x97, 0xFB, 0xFC, 0x31, 0x9E, 0xFC, 0xFD,
    0x31, 0x9E, 0xFC, 0xFD, 0x34, 0xA0, 0xFC, 0xFC, 0x33, 0x9F, 0xFC, 0xFD, 0x36, 0xA2, 0xFC, 0xFC,
    0x38, 0xA3, 0xFB, 0xFD, 0x38, 0xA3, 0xFB, 0xFD, 0x37, 0xA3, 0xFC, 0xFD, 0x34, 0xA2, 0xFD, 0xFD,
    0x3D, 0xA2, 0xFB, 0xFD, 0x3D, 0xA2, 0xFB, 0xFD, 0x33, 0x76, 0xCE, 0xFD, 0x36, 0x70, 0xBD, 0xFD,
    0x42, 0x86, 0xCE, 0xFD, 0x3E, 0x87, 0xD9, 0xFD, 0x3E, 0x87, 0xD9, 0xFD, 0x44, 0xA1, 0xF6, 0xFD,
    0x41, 0xAD, 0xFB, 0xFD, 0x32, 0xA3, 0xFB, 0xFD, 0x32, 0xA3, 0xFB, 0xFD, 0x30, 0xA5, 0xFB, 0xFD,
    0x35, 0xA2, 0xFB, 0xFD, 0x38, 0xA5, 0xFB, 0xFD, 0x38, 0xA5, 0xFB, 0xFD, 0x37, 0xA6, 0xFC, 0xFD,
    0x39, 0xA8, 0xFD, 0xFD, 0x37, 0xA5, 0xFC, 0xFD, 0x41, 0xAB, 0xFC, 0xFD, 0x41, 0xAB, 0xFC, 0xFD,
    0x5B, 0xBC, 0xFD, 0xFD, 0x56, 0xB7, 0xFD, 0xFD, 0x3E, 0xA7, 0xFC, 0xFD, 0x3E, 0xA7, 0xFC, 0xFD,
    0x3D, 0xA8, 0xFD, 0xFD, 0x3E, 0xA8, 0xFD, 0xFD, 0x3C, 0xA8, 0xFC, 0xFD, 0x3B, 0xA8, 0xFC, 0xFD,
    0x3B, 0xA8, 0xFC, 0xFD, 0x3B, 0xA7, 0xFC, 0xFD, 0x38, 0xA7, 0xFD, 0xFD, 0x34, 0xA3, 0xFD, 0xFD,
    0x34, 0xA3, 0xFD, 0xFD, 0x37, 0xA6, 0xFC, 0xFD, 0x44, 0xA7, 0xF7, 0xFD, 0x38, 0x8C, 0xDF, 0xFD,
    0x38, 0x8C, 0xDF, 0xFD, 0x2F, 0x7B, 0xC9, 0xFD, 0x1D, 0x59, 0x9A, 0xFD, 0x1A, 0x4A, 0x8C, 0xFD,
    0x20, 0x70, 0xC2, 0xFD, 0x20, 0x70, 0xC2, 0xFD, 0x31, 0xA7, 0xF7, 0xFD, 0x2A, 0xA0, 0xFB, 0xFD,
    0x2B, 0xA4, 0xFD, 0xFD, 0x2B, 0xA4, 0xFD, 0xFD, 0x32, 0xA4, 0xFD, 0xFD, 0x35, 0xA5, 0xFD, 0xFD,
    0x36, 0xA5, 0xFD, 0xFD, 0x37, 0xA6, 0xFE, 0xFD, 0x37, 0xA6, 0xFE, 0xFD, 0x38, 0xA6, 0xFE, 0xFD,
    0x37, 0xA6, 0xFE, 0xFD, 0x37, 0xA6, 0xFE, 0xFD, 0x37, 0xA6, 0xFE, 0xFD, 0x37, 0xA5, 0xFD, 0xFD,
    0x3B, 0xA5, 0xFD, 0xFD, 0x35, 0xA0, 0xFD, 0xFD, 0x35, 0xA0, 0xFD, 0xFD, 0x1F, 0x8C, 0xF6, 0xFD,
    0x11, 0x7D, 0xF1, 0xFD, 0x0C, 0x7D, 0xF1, 0xFC, 0x0C, 0x7D, 0xF4, 0xFC, 0x0C, 0x7D, 0xF4, 0xFC,
    0x1C, 0x82, 0xF3, 0xF5, 0x02, 0x22, 0x62, 0xF9, 0x1F, 0x52, 0x8F, 0x7A, 0x1F, 0x52, 0x8F, 0x7A,
    0x00, 0x00, 0x00, 0x00, 0x30, 0x81, 0xCE, 0x05, 0x34, 0x83, 0xD1, 0x01, 0x36, 0x83, 0xD0, 0x01,
    0x36, 0x83, 0xD0, 0x01, 0x35, 0x83, 0xD0, 0x01, 0x35, 0x82, 0xCF, 0x01, 0x35, 0x83, 0xCE, 0x01,
    0x35, 0x83, 0xCE, 0x01, 0x35, 0x82, 0xCD, 0x01, 0x34, 0x82, 0xCC, 0x01, 0x35, 0x81, 0xCB, 0x01,
    0x35, 0x81, 0xCB, 0x01, 0x35, 0x81, 0xCB, 0x01, 0x35, 0x81, 0xCB, 0x01, 0x34, 0x80, 0xCA, 0x01,
    0x00, 0x00, 0x00, 0x00, 0x00, 0x00, 0x00, 0x00, 0x00, 0x00, 0x00, 0x00, 0x00, 0x00, 0x00, 0x00,
    0x00, 0x00, 0x00, 0x00, 0x00, 0x00, 0x00, 0x00, 0x00, 0x00, 0x00, 0x00, 0x00, 0x00, 0x00, 0x00,
    0x00, 0x00, 0x00, 0x00, 0x00, 0x00, 0x00, 0x00, 0x00, 0x00, 0x00, 0x00, 0x00, 0x00, 0x00, 0x00,
    0x00, 0x00, 0x00, 0x00, 0x00, 0x00, 0x00, 0x00, 0x00, 0x00, 0x00, 0x00, 0x00, 0x00, 0x00, 0x00,
    0x00, 0x00, 0x00, 0x00, 0x00, 0x00, 0x00, 0x00, 0x00, 0x00, 0x00, 0x00, 0x00, 0x00, 0x00, 0x00,
    0x00, 0x00, 0x00, 0x00, 0x00, 0x00, 0x00, 0x00, 0x00, 0x00, 0x00, 0x00, 0x00, 0x00, 0x00, 0x00,
    0x36, 0x85, 0xCE, 0x02, 0x00, 0x00, 0x00, 0x00, 0x24, 0x60, 0xA2, 0x31, 0x03, 0x1A, 0x4D, 0xE2,
    0x03, 0x1A, 0x4D, 0xE2, 0x20, 0x66, 0xBC, 0xF9, 0x17, 0x77, 0xE6, 0xFB, 0x0B, 0x73, 0xE4, 0xFC,
    0x0B, 0x73, 0xE4, 0xFC, 0x18, 0x84, 0xF1, 0xFD, 0x29, 0x98, 0xFB, 0xFC, 0x31, 0x9B, 0xFB, 0xFD,
    0x31, 0x9B, 0xFB, 0xFD, 0x35, 0x9F, 0xFC, 0xFC, 0x37, 0xA1, 0xFC, 0xFD, 0x36, 0xA1, 0xFC, 0xFD,
    0x33, 0x9F, 0xFA, 0xFD, 0x33, 0x9F, 0xFA, 0xFD, 0x3C, 0xA8, 0xFD, 0xFD, 0x43, 0xAA, 0xFD, 0xFD,
    0x19, 0x4C, 0x94, 0xFD, 0x19, 0x4C, 0x94, 0xFD, 0x02, 0x0A, 0x2C, 0xFD, 0x0C, 0x12, 0x2C, 0xFD,
    0x07, 0x0B, 0x1B, 0xFD, 0x02, 0x05, 0x14, 0xFD, 0x02, 0x05, 0x14, 0xFD, 0x06, 0x1C, 0x3C, 0xFD,
    0x29, 0x72, 0xB9, 0xFD, 0x41, 0xAD, 0xF9, 0xFD, 0x41, 0xAD, 0xF9, 0xFD, 0x33, 0xA5, 0xFA, 0xFD,
    0x2F, 0xA1, 0xFA, 0xFD, 0x39, 0xA7, 0xFB, 0xFD, 0x39, 0xA7, 0xFB, 0xFD, 0x3A, 0xA7, 0xFC, 0xFD,
    0x3A, 0xA8, 0xFD, 0xFD, 0x3F, 0xA9, 0xFD, 0xFD, 0x52, 0xB0, 0xFC, 0xFD, 0x52, 0xB0, 0xFC, 0xFD,
    0x80, 0xD0, 0xFE, 0xFD, 0x70, 0xC6, 0xFD, 0xFD, 0x44, 0xAB, 0xFB, 0xFD, 0x44, 0xAB, 0xFB, 0xFD,
    0x3E, 0xA9, 0xFD, 0xFD, 0x3D, 0xA7, 0xFD, 0xFD, 0x3B, 0xA8, 0xFC, 0xFD, 0x3A, 0xA7, 0xFC, 0xFD,
    0x3A, 0xA7, 0xFC, 0xFD, 0x39, 0xA6, 0xFC, 0xFD, 0x34, 0xA2, 0xFB, 0xFD, 0x3A, 0xAB, 0xFB, 0xFD,
    0x3A, 0xAB, 0xFB, 0xFD, 0x45, 0x9D, 0xEB, 0xFD, 0x0E, 0x30, 0x61, 0xFD, 0x02, 0x04, 0x1A, 0xFD,
    0x02, 0x04, 0x1A, 0xFD, 0x02, 0x02, 0x07, 0xFD, 0x01, 0x00, 0x00, 0xFD, 0x01, 0x00, 0x00, 0xFD,
    0x02, 0x08, 0x1C, 0xFD, 0x02, 0x08, 0x1C, 0xFD, 0x14, 0x54, 0x93, 0xFD, 0x2C, 0x9E, 0xF7, 0xFD,
    0x2A, 0xA3, 0xFD, 0xFD, 0x2A, 0xA3, 0xFD, 0xFD, 0x2E, 0xA2, 0xFC, 0xFD, 0x38, 0xA6, 0xFB, 0xFD,
    0x39, 0xA5, 0xFB, 0xFD, 0x39, 0xA6, 0xFD, 0xFD, 0x39, 0xA6, 0xFD, 0xFD, 0x38, 0xA6, 0xFE, 0xFD,
    0x37, 0xA7, 0xFF, 0xFD, 0x37, 0xA7, 0xFE, 0xFD, 0x37, 0xA7, 0xFE, 0xFD, 0x38, 0xA6, 0xFE, 0xFD,
    0x3C, 0xA5, 0xFD, 0xFD, 0x32, 0x9C, 0xFC, 0xFD, 0x32, 0x9C, 0xFC, 0xFD, 0x1D, 0x89, 0xF3, 0xFD,
    0x13, 0x7E, 0xF1, 0xFD, 0x0F, 0x7F, 0xF2, 0xFC, 0x0C, 0x7B, 0xF1, 0xFC, 0x0C, 0x7B, 0xF1, 0xFC,
    0x1F, 0x81, 0xF3, 0xF7, 0x01, 0x16, 0x55, 0xFC, 0x19, 0x4C, 0x93, 0x9B, 0x19, 0x4C, 0x93, 0x9B,
    0x00, 0x00, 0x00, 0x00, 0x30, 0x82, 0xCF, 0x05, 0x36, 0x84, 0xD1, 0x01, 0x36, 0x82, 0xD0, 0x01,
    0x36, 0x82, 0xD0, 0x01, 0x36, 0x82, 0xD0, 0x01, 0x36, 0x83, 0xCF, 0x01, 0x35, 0x82, 0xCE, 0x01,
    0x35, 0x82, 0xCE, 0x01, 0x35, 0x82, 0xCD, 0x01, 0x35, 0x82, 0xCC, 0x01, 0x34, 0x81, 0xCB, 0x01,
    0x34, 0x81, 0xCB, 0x01, 0x35, 0x81, 0xCB, 0x01, 0x35, 0x81, 0xCA, 0x01, 0x35, 0x81, 0xCB, 0x01,
    0x34, 0x80, 0xCB, 0x01, 0x34, 0x80, 0xCB, 0x01, 0x00, 0x00, 0x00, 0x00, 0x00, 0x00, 0x00, 0x00,
    0x00, 0x00, 0x00, 0x00, 0x00, 0x00, 0x00, 0x00, 0x00, 0x00, 0x00, 0x00, 0x00, 0x00, 0x00, 0x00,
    0x00, 0x00, 0x00, 0x00, 0x00, 0x00, 0x00, 0x00, 0x00, 0x00, 0x00, 0x00, 0x00, 0x00, 0x00, 0x00,
    0x00, 0x00, 0x00, 0x00, 0x00, 0x00, 0x00, 0x00, 0x00, 0x00, 0x00, 0x00, 0x00, 0x00, 0x00, 0x00,
    0x00, 0x00, 0x00, 0x00, 0x00, 0x00, 0x00, 0x00, 0x00, 0x00, 0x00, 0x00, 0x00, 0x00, 0x00, 0x00,
    0x00, 0x00, 0x00, 0x00, 0x00, 0x00, 0x00, 0x00, 0x00, 0x00, 0x00, 0x00, 0x00, 0x00, 0x00, 0x00,
    0x37, 0x86, 0xCF, 0x02, 0x00, 0x00, 0x00, 0x00, 0x1E, 0x50, 0x8D, 0x4B, 0x02, 0x13, 0x3D, 0xEE,
    0x02, 0x13, 0x3D, 0xEE, 0x26, 0x7C, 0xDC, 0xF8, 0x18, 0x87, 0xF8, 0xFC, 0x0D, 0x78, 0xEB, 0xFC,
    0x0D, 0x78, 0xEB, 0xFC, 0x15, 0x82, 0xEF, 0xFD, 0x21, 0x8F, 0xF7, 0xFC, 0x30, 0x9C, 0xF9, 0xFD,
    0x30, 0x9C, 0xF9, 0xFD, 0x39, 0xA3, 0xFB, 0xFC, 0x39, 0xA2, 0xFB, 0xFD, 0x36, 0xA5, 0xFE, 0xFD,
    0x34, 0xA5, 0xFF, 0xFD, 0x34, 0xA5, 0xFF, 0xFD, 0x44, 0xA9, 0xFD, 0xFD, 0x23, 0x5B, 0x99, 0xFD,
    0x03, 0x0C, 0x26, 0xFD, 0x03, 0x0C, 0x26, 0xFD, 0x8C, 0x92, 0x99, 0xFD, 0xF1, 0xF3, 0xF5, 0xFD,
    0xB1, 0xB3, 0xA9, 0xFD, 0x09, 0x09, 0x09, 0xFD, 0x09, 0x09, 0x09, 0xFD, 0x01, 0x02, 0x01, 0xFD,
    0x01, 0x09, 0x15, 0xFD, 0x28, 0x6A, 0xAA, 0xFD, 0x28, 0x6A, 0xAA, 0xFD, 0x45, 0xB1, 0xFA, 0xFD,
    0x33, 0xA5, 0xFC, 0xFD, 0x37, 0xA7, 0xFD, 0xFD, 0x37, 0xA7, 0xFD, 0xFD, 0x3B, 0xA8, 0xFD, 0xFD,
    0x3F, 0xAB, 0xFE, 0xFD, 0x48, 0xAF, 0xFD, 0xFD, 0x69, 0xBF, 0xFD, 0xFD, 0x69, 0xBF, 0xFD, 0xFD,
    0x9C, 0xDF, 0xFE, 0xFD, 0x86, 0xD1, 0xFE, 0xFD, 0x4D, 0xB0, 0xFC, 0xFD, 0x4D, 0xB0, 0xFC, 0xFD,
    0x42, 0xAB, 0xFD, 0xFD, 0x3E, 0xA7, 0xFD, 0xFD, 0x3C, 0xA7, 0xFE, 0xFD, 0x39, 0xA5, 0xFD, 0xFD,
    0x39, 0xA5, 0xFD, 0xFD, 0x36, 0xA5, 0xFC, 0xFD, 0x3C, 0xA8, 0xFA, 0xFD, 0x46, 0x9D, 0xE7, 0xFD,
    0x46, 0x9D, 0xE7, 0xFD, 0x18, 0x3C, 0x60, 0xFD, 0x73, 0x7C, 0x82, 0xFD, 0xA4, 0xA3, 0xA1, 0xFD,
    0xA4, 0xA3, 0xA1, 0xFD, 0x13, 0x13, 0x10, 0xFD, 0x04, 0x06, 0x05, 0xFD, 0x0F, 0x10, 0x10, 0xFD,
    0x0C, 0x0F, 0x14, 0xFD, 0x0C, 0x0F, 0x14, 0xFD, 0x02, 0x0B, 0x19, 0xFD, 0x13, 0x53, 0x97, 0xFD,
    0x30, 0xA4, 0xF9, 0xFD, 0x30, 0xA4, 0xF9, 0xFD, 0x31, 0xA4, 0xFB, 0xFD, 0x3C, 0xA7, 0xF8, 0xFD,
    0x3E, 0xA6, 0xF8, 0xFD, 0x3D, 0xA8, 0xFB, 0xFD, 0x3D, 0xA8, 0xFB, 0xFD, 0x3A, 0xA7, 0xFE, 0xFD,
    0x39, 0xA8, 0xFF, 0xFD, 0x39, 0xA8, 0xFE, 0xFD, 0x39, 0xA8, 0xFE, 0xFD, 0x39, 0xA7, 0xFE, 0xFD,
    0x3B, 0xA5, 0xFE, 0xFD, 0x31, 0x9D, 0xFC, 0xFD, 0x31, 0x9D, 0xFC, 0xFD, 0x1E, 0x8B, 0xF4, 0xFD,
    0x16, 0x82, 0xF2, 0xFD, 0x12, 0x85, 0xF5, 0xFC, 0x11, 0x86, 0xF8, 0xFD, 0x11, 0x86, 0xF8, 0xFD,
    0x1F, 0x84, 0xF6, 0xF8, 0x01, 0x17, 0x5D, 0xFB, 0x20, 0x57, 0xA2, 0xAC, 0x20, 0x57, 0xA2, 0xAC,
    0x00, 0x00, 0x00, 0x00, 0x2F, 0x82, 0xD2, 0x03, 0x36, 0x85, 0xD3, 0x02, 0x38, 0x83, 0xD1, 0x01,
    0x38, 0x83, 0xD1, 0x01, 0x37, 0x83, 0xD0, 0x01, 0x36, 0x82, 0xCE, 0x01, 0x35, 0x82, 0xCD, 0x01,
    0x35, 0x82, 0xCD, 0x01, 0x35, 0x82, 0xCC, 0x01, 0x35, 0x82, 0xCC, 0x01, 0x34, 0x82, 0xCB, 0x01,
    0x34, 0x82, 0xCB, 0x01, 0x34, 0x81, 0xCC, 0x01, 0x34, 0x81, 0xCB, 0x01, 0x35, 0x81, 0xCB, 0x01,
    0x35, 0x81, 0xCB, 0x01, 0x35, 0x81, 0xCB, 0x01, 0x00, 0x00, 0x00, 0x00, 0x00, 0x00, 0x00, 0x00,
    0x00, 0x00, 0x00, 0x00, 0x00, 0x00, 0x00, 0x00, 0x00, 0x00, 0x00, 0x00, 0x00, 0x00, 0x00, 0x00,
    0x00, 0x00, 0x00, 0x00, 0x00, 0x00, 0x00, 0x00, 0x00, 0x00, 0x00, 0x00, 0x00, 0x00, 0x00, 0x00,
    0x00, 0x00, 0x00, 0x00, 0x00, 0x00, 0x00, 0x00, 0x00, 0x00, 0x00, 0x00, 0x00, 0x00, 0x00, 0x00,
    0x00, 0x00, 0x00, 0x00, 0x00, 0x00, 0x00, 0x00, 0x00, 0x00, 0x00, 0x00, 0x00, 0x00, 0x00, 0x00,
    0x00, 0x00, 0x00, 0x00, 0x00, 0x00, 0x00, 0x00, 0x00, 0x00, 0x00, 0x00, 0x00, 0x00, 0x00, 0x00,
    0x37, 0x86, 0xCF, 0x02, 0x00, 0x00, 0x00, 0x00, 0x1E, 0x50, 0x8D, 0x4B, 0x02, 0x13, 0x3D, 0xEE,
    0x02, 0x13, 0x3D, 0xEE, 0x26, 0x7C, 0xDC, 0xF8, 0x18, 0x87, 0xF8, 0xFC, 0x0D, 0x78, 0xEB, 0xFC,
    0x0D, 0x78, 0xEB, 0xFC, 0x15, 0x82, 0xEF, 0xFD, 0x21, 0x8F, 0xF7, 0xFC, 0x30, 0x9C, 0xF9, 0xFD,
    0x30, 0x9C, 0xF9, 0xFD, 0x39, 0xA3, 0xFB, 0xFC, 0x39, 0xA2, 0xFB, 0xFD, 0x36, 0xA5, 0xFE, 0xFD,
    0x34, 0xA5, 0xFF, 0xFD, 0x34, 0xA5, 0xFF, 0xFD, 0x44, 0xA9, 0xFD, 0xFD, 0x23, 0x5B, 0x99, 0xFD,
    0x03, 0x0C, 0x26, 0xFD, 0x03, 0x0C, 0x26, 0xFD, 0x8C, 0x92, 0x99, 0xFD, 0xF1, 0xF3, 0xF5, 0xFD,
    0xB1, 0xB3, 0xA9, 0xFD, 0x09, 0x09, 0x09, 0xFD, 0x09, 0x09, 0x09, 0xFD, 0x01, 0x02, 0x01, 0xFD,
    0x01, 0x09, 0x15, 0xFD, 0x28, 0x6A, 0xAA, 0xFD, 0x28, 0x6A, 0xAA, 0xFD, 0x45, 0xB1, 0xFA, 0xFD,
    0x33, 0xA5, 0xFC, 0xFD, 0x37, 0xA7, 0xFD, 0xFD, 0x37, 0xA7, 0xFD, 0xFD, 0x3B, 0xA8, 0xFD, 0xFD,
    0x3F, 0xAB, 0xFE, 0xFD, 0x48, 0xAF, 0xFD, 0xFD, 0x69, 0xBF, 0xFD, 0xFD, 0x69, 0xBF, 0xFD, 0xFD,
    0x9C, 0xDF, 0xFE, 0xFD, 0x86, 0xD1, 0xFE, 0xFD, 0x4D, 0xB0, 0xFC, 0xFD, 0x4D, 0xB0, 0xFC, 0xFD,
    0x42, 0xAB, 0xFD, 0xFD, 0x3E, 0xA7, 0xFD, 0xFD, 0x3C, 0xA7, 0xFE, 0xFD, 0x39, 0xA5, 0xFD, 0xFD,
    0x39, 0xA5, 0xFD, 0xFD, 0x36, 0xA5, 0xFC, 0xFD, 0x3C, 0xA8, 0xFA, 0xFD, 0x46, 0x9D, 0xE7, 0xFD,
    0x46, 0x9D, 0xE7, 0xFD, 0x18, 0x3C, 0x60, 0xFD, 0x73, 0x7C, 0x82, 0xFD, 0xA4, 0xA3, 0xA1, 0xFD,
    0xA4, 0xA3, 0xA1, 0xFD, 0x13, 0x13, 0x10, 0xFD, 0x04, 0x06, 0x05, 0xFD, 0x0F, 0x10, 0x10, 0xFD,
    0x0C, 0x0F, 0x14, 0xFD, 0x0C, 0x0F, 0x14, 0xFD, 0x02, 0x0B, 0x19, 0xFD, 0x13, 0x53, 0x97, 0xFD,
    0x30, 0xA4, 0xF9, 0xFD, 0x30, 0xA4, 0xF9, 0xFD, 0x31, 0xA4, 0xFB, 0xFD, 0x3C, 0xA7, 0xF8, 0xFD,
    0x3E, 0xA6, 0xF8, 0xFD, 0x3D, 0xA8, 0xFB, 0xFD, 0x3D, 0xA8, 0xFB, 0xFD, 0x3A, 0xA7, 0xFE, 0xFD,
    0x39, 0xA8, 0xFF, 0xFD, 0x39, 0xA8, 0xFE, 0xFD, 0x39, 0xA8, 0xFE, 0xFD, 0x39, 0xA7, 0xFE, 0xFD,
    0x3B, 0xA5, 0xFE, 0xFD, 0x31, 0x9D, 0xFC, 0xFD, 0x31, 0x9D, 0xFC, 0xFD, 0x1E, 0x8B, 0xF4, 0xFD,
    0x16, 0x82, 0xF2, 0xFD, 0x12, 0x85, 0xF5, 0xFC, 0x11, 0x86, 0xF8, 0xFD, 0x11, 0x86, 0xF8, 0xFD,
    0x1F, 0x84, 0xF6, 0xF8, 0x01, 0x17, 0x5D, 0xFB, 0x20, 0x57, 0xA2, 0xAC, 0x20, 0x57, 0xA2, 0xAC,
    0x00, 0x00, 0x00, 0x00, 0x2F, 0x82, 0xD2, 0x03, 0x36, 0x85, 0xD3, 0x02, 0x38, 0x83, 0xD1, 0x01,
    0x38, 0x83, 0xD1, 0x01, 0x37, 0x83, 0xD0, 0x01, 0x36, 0x82, 0xCE, 0x01, 0x35, 0x82, 0xCD, 0x01,
    0x35, 0x82, 0xCD, 0x01, 0x35, 0x82, 0xCC, 0x01, 0x35, 0x82, 0xCC, 0x01, 0x34, 0x82, 0xCB, 0x01,
    0x34, 0x82, 0xCB, 0x01, 0x34, 0x81, 0xCC, 0x01, 0x34, 0x81, 0xCB, 0x01, 0x35, 0x81, 0xCB, 0x01,
    0x35, 0x81, 0xCB, 0x01, 0x35, 0x81, 0xCB, 0x01, 0x00, 0x00, 0x00, 0x00, 0x00, 0x00, 0x00, 0x00,
    0x00, 0x00, 0x00, 0x00, 0x00, 0x00, 0x00, 0x00, 0x00, 0x00, 0x00, 0x00, 0x00, 0x00, 0x00, 0x00,
    0x00, 0x00, 0x00, 0x00, 0x00, 0x00, 0x00, 0x00, 0x00, 0x00, 0x00, 0x00, 0x00, 0x00, 0x00, 0x00,
    0x00, 0x00, 0x00, 0x00, 0x00, 0x00, 0x00, 0x00, 0x00, 0x00, 0x00, 0x00, 0x00, 0x00, 0x00, 0x00,
    0x00, 0x00, 0x00, 0x00, 0x00, 0x00, 0x00, 0x00, 0x00, 0x00, 0x00, 0x00, 0x00, 0x00, 0x00, 0x00,
    0x00, 0x00, 0x00, 0x00, 0x00, 0x00, 0x00, 0x00, 0x00, 0x00, 0x00, 0x00, 0x00, 0x00, 0x00, 0x00,
    0x37, 0x84, 0xCE, 0x03, 0x38, 0x89, 0xDB, 0x02, 0x1B, 0x50, 0x92, 0x80, 0x01, 0x0A, 0x31, 0xFD,
    0x01, 0x0A, 0x31, 0xFD, 0x1E, 0x70, 0xD5, 0xF7, 0x19, 0x85, 0xF9, 0xFC, 0x12, 0x7D, 0xF1, 0xFC,
    0x12, 0x7D, 0xF1, 0xFC, 0x13, 0x7B, 0xEF, 0xFC, 0x1E, 0x8A, 0xF5, 0xFC, 0x2D, 0x97, 0xF7, 0xFC,
    0x2D, 0x97, 0xF7, 0xFC, 0x38, 0xA1, 0xF8, 0xFC, 0x3B, 0xA1, 0xF9, 0xFD, 0x34, 0xA3, 0xFE, 0xFC,
    0x40, 0xB3, 0xFF, 0xFD, 0x40, 0xB3, 0xFF, 0xFD, 0x1E, 0x5D, 0xA8, 0xFD, 0x01, 0x07, 0x1C, 0xFD,
    0x05, 0x06, 0x0E, 0xFD, 0x05, 0x06, 0x0E, 0xFD, 0xC3, 0xBF, 0xB8, 0xFD, 0xFF, 0xFF, 0xFF, 0xFD,
    0xCF, 0xCE, 0xC6, 0xFD, 0x02, 0x02, 0x03, 0xFD, 0x02, 0x02, 0x03, 0xFD, 0x05, 0x05, 0x00, 0xFD,
    0x02, 0x03, 0x00, 0xFD, 0x02, 0x10, 0x22, 0xFD, 0x02, 0x10, 0x22, 0xFD, 0x3A, 0x8C, 0xDA, 0xFD,
    0x39, 0xAD, 0xFD, 0xFD, 0x33, 0xA6, 0xFD, 0xFD, 0x33, 0xA6, 0xFD, 0xFD, 0x3C, 0xA8, 0xFE, 0xFD,
    0x47, 0xB1, 0xFE, 0xFD, 0x53, 0xB0, 0xFD, 0xFD, 0x78, 0xC3, 0xFD, 0xFD, 0x78, 0xC3, 0xFD, 0xFD,
    0xA7, 0xDE, 0xFE, 0xFD, 0x94, 0xD3, 0xFE, 0xFD, 0x56, 0xB2, 0xFC, 0xFD, 0x56, 0xB2, 0xFC, 0xFD,
    0x43, 0xAA, 0xFD, 0xFD, 0x3E, 0xA8, 0xFD, 0xFD, 0x39, 0xA6, 0xFE, 0xFD, 0x35, 0xA3, 0xFD, 0xFD,
    0x35, 0xA3, 0xFD, 0xFD, 0x33, 0xA1, 0xFB, 0xFD, 0x42, 0xA0, 0xF2, 0xFD, 0x1C, 0x3E, 0x63, 0xFD,
    0x1C, 0x3E, 0x63, 0xFD, 0x1A, 0x1B, 0x27, 0xFD, 0xF7, 0xF7, 0xF6, 0xFD, 0xF7, 0xF8, 0xF9, 0xFD,
    0xF7, 0xF8, 0xF9, 0xFD, 0x1C, 0x20, 0x1B, 0xFD, 0x00, 0x04, 0x06, 0xFD, 0x07, 0x0D, 0x10, 0xFD,
    0x0A, 0x0F, 0x12, 0xFD, 0x0A, 0x0F, 0x12, 0xFD, 0x06, 0x0B, 0x0F, 0xFD, 0x02, 0x0E, 0x25, 0xFD,
    0x20, 0x74, 0xC5, 0xFD, 0x20, 0x74, 0xC5, 0xFD, 0x35, 0xA8, 0xFB, 0xFD, 0x3A, 0xA6, 0xF8, 0xFD,
    0x41, 0xA7, 0xF8, 0xFD, 0x3E, 0xA7, 0xFA, 0xFD, 0x3E, 0xA7, 0xFA, 0xFD, 0x3C, 0xA8, 0xFD, 0xFD,
    0x3A, 0xA8, 0xFE, 0xFD, 0x3A, 0xA6, 0xFE, 0xFD, 0x3A, 0xA6, 0xFE, 0xFD, 0x3C, 0xA7, 0xFE, 0xFD,
    0x39, 0xA1, 0xFD, 0xFD, 0x2E, 0x99, 0xFB, 0xFD, 0x2E, 0x99, 0xFB, 0xFD, 0x25, 0x92, 0xF9, 0xFD,
    0x1E, 0x8B, 0xF7, 0xFD, 0x16, 0x84, 0xF4, 0xFC, 0x11, 0x82, 0xF5, 0xFC, 0x11, 0x82, 0xF5, 0xFC,
    0x1A, 0x83, 0xF1, 0xFB, 0x05, 0x35, 0x8F, 0xFA, 0x0E, 0x3F, 0x8C, 0xD2, 0x0E, 0x3F, 0x8C, 0xD2,
    0x26, 0x6C, 0xBC, 0x4E, 0x35, 0x87, 0xD6, 0x07, 0x36, 0x85, 0xD3, 0x03, 0x38, 0x83, 0xD0, 0x03,
    0x38, 0x83, 0xD0, 0x03, 0x38, 0x83, 0xCF, 0x02, 0x36, 0x81, 0xCD, 0x02, 0x35, 0x82, 0xCD, 0x01,
    0x35, 0x82, 0xCD, 0x01, 0x34, 0x81, 0xCC, 0x01, 0x35, 0x81, 0xCC, 0x01, 0x35, 0x82, 0xCC, 0x01,
    0x35, 0x82, 0xCC, 0x01, 0x35, 0x81, 0xCC, 0x01, 0x34, 0x81, 0xCB, 0x01, 0x34, 0x81, 0xCC, 0x01,
    0x34, 0x81, 0xCB, 0x01, 0x34, 0x81, 0xCB, 0x01, 0x00, 0x00, 0x00, 0x00, 0x00, 0x00, 0x00, 0x00,
    0x00, 0x00, 0x00, 0x00, 0x00, 0x00, 0x00, 0x00, 0x00, 0x00, 0x00, 0x00, 0x00, 0x00, 0x00, 0x00,
    0x00, 0x00, 0x00, 0x00, 0x00, 0x00, 0x00, 0x00, 0x00, 0x00, 0x00, 0x00, 0x00, 0x00, 0x00, 0x00,
    0x00, 0x00, 0x00, 0x00, 0x00, 0x00, 0x00, 0x00, 0x00, 0x00, 0x00, 0x00, 0x00, 0x00, 0x00, 0x00,
    0x00, 0x00, 0x00, 0x00, 0x00, 0x00, 0x00, 0x00, 0x00, 0x00, 0x00, 0x00, 0x00, 0x00, 0x00, 0x00,
    0x00, 0x00, 0x00, 0x00, 0x00, 0x00, 0x00, 0x00, 0x39, 0x85, 0xCF, 0x01, 0x39, 0x85, 0xCF, 0x01,
    0x34, 0x84, 0xCF, 0x03, 0x32, 0x88, 0xDA, 0x01, 0x21, 0x5F, 0x9D, 0x8C, 0x01, 0x15, 0x47, 0xFE,
    0x01, 0x15, 0x47, 0xFE, 0x1E, 0x73, 0xD9, 0xF7, 0x1A, 0x87, 0xF9, 0xFC, 0x17, 0x86, 0xF7, 0xFC,
    0x17, 0x86, 0xF7, 0xFC, 0x1D, 0x8D, 0xFA, 0xFC, 0x27, 0x96, 0xFB, 0xFC, 0x2C, 0x93, 0xF6, 0xFC,
    0x2C, 0x93, 0xF6, 0xFC, 0x3C, 0xA3, 0xF6, 0xFC, 0x41, 0xAA, 0xF7, 0xFD, 0x40, 0xB4, 0xFD, 0xFC,
    0x44, 0xAE, 0xFF, 0xFD, 0x44, 0xAE, 0xFF, 0xFD, 0x06, 0x24, 0x55, 0xFD, 0x04, 0x0C, 0x15, 0xFD,
    0x07, 0x09, 0x0A, 0xFD, 0x07, 0x09, 0x0A, 0xFD, 0x36, 0x36, 0x34, 0xFD, 0x88, 0x86, 0x7F, 0xFD,
    0x2C, 0x2D, 0x2B, 0xFD, 0x01, 0x01, 0x01, 0xFD, 0x01, 0x01, 0x01, 0xFD, 0x05, 0x09, 0x03, 0xFD,
    0x04, 0x05, 0x00, 0xFD, 0x00, 0x00, 0x00, 0xFD, 0x00, 0x00, 0x00, 0xFD, 0x21, 0x5D, 0x92, 0xFD,
    0x40, 0xAE, 0xFC, 0xFD, 0x34, 0xA9, 0xFE, 0xFD, 0x34, 0xA9, 0xFE, 0xFD, 0x40, 0xAB, 0xFD, 0xFD,
    0x4A, 0xB2, 0xFC, 0xFD, 0x5F, 0xB9, 0xFC, 0xFD, 0x8B, 0xD1, 0xFD, 0xFD, 0x8B, 0xD1, 0xFD, 0xFD,
    0xB4, 0xE6, 0xFD, 0xFD, 0xA8, 0xE0, 0xFE, 0xFD, 0x68, 0xC2, 0xFD, 0xFD, 0x68, 0xC2, 0xFD, 0xFD,
    0x44, 0xAC, 0xFB, 0xFD, 0x3D, 0xA7, 0xFC, 0xFD, 0x38, 0xA5, 0xFC, 0xFD, 0x33, 0xA2, 0xFB, 0xFD,
    0x33, 0xA2, 0xFB, 0xFD, 0x35, 0xA0, 0xF9, 0xFD, 0x33, 0x79, 0xC1, 0xFD, 0x00, 0x02, 0x0C, 0xFD,
    0x00, 0x02, 0x0C, 0xFD, 0x08, 0x04, 0x04, 0xFD, 0x8D, 0x89, 0x86, 0xFD, 0x6D, 0x69, 0x67, 0xFD,
    0x6D, 0x69, 0x67, 0xFD, 0x00, 0x00, 0x01, 0xFD, 0x03, 0x05, 0x07, 0xFD, 0x04, 0x08, 0x0B, 0xFD,
    0x04, 0x08, 0x0C, 0xFD, 0x04, 0x08, 0x0C, 0xFD, 0x08, 0x0C, 0x0F, 0xFD, 0x02, 0x07, 0x0F, 0xFD,
    0x0B, 0x34, 0x6A, 0xFD, 0x0B, 0x34, 0x6A, 0xFD, 0x31, 0x9D, 0xFA, 0xFD, 0x38, 0xA9, 0xFD, 0xFD,
    0x3E, 0xA9, 0xFC, 0xFD, 0x3D, 0xA8, 0xFC, 0xFD, 0x3D, 0xA8, 0xFC, 0xFD, 0x3C, 0xA9, 0xFD, 0xFD,
    0x3B, 0xAA, 0xFE, 0xFD, 0x3C, 0xA7, 0xFE, 0xFD, 0x3C, 0xA7, 0xFE, 0xFD, 0x3B, 0xA7, 0xFF, 0xFD,
    0x36, 0xA1, 0xFE, 0xFD, 0x2E, 0x99, 0xFC, 0xFD, 0x2E, 0x99, 0xFC, 0xFD, 0x2A, 0x97, 0xFC, 0xFD,
    0x27, 0x97, 0xFC, 0xFD, 0x1B, 0x88, 0xF6, 0xFD, 0x18, 0x8A, 0xF9, 0xFC, 0x18, 0x8A, 0xF9, 0xFC,
    0x17, 0x88, 0xF4, 0xFB, 0x24, 0x81, 0xE1, 0xF8, 0x0E, 0x45, 0x92, 0xEE, 0x0E, 0x45, 0x92, 0xEE,
    0x07, 0x29, 0x6D, 0xB4, 0x38, 0x85, 0xD3, 0x09, 0x36, 0x85, 0xD3, 0x03, 0x36, 0x83, 0xCF, 0x03,
    0x36, 0x83, 0xCF, 0x03, 0x37, 0x83, 0xCE, 0x01, 0x36, 0x82, 0xCD, 0x02, 0x35, 0x82, 0xCD, 0x01,
    0x35, 0x82, 0xCD, 0x01, 0x35, 0x82, 0xCD, 0x02, 0x35, 0x82, 0xCC, 0x01, 0x35, 0x81, 0xCC, 0x01,
    0x35, 0x81, 0xCC, 0x01, 0x35, 0x81, 0xCC, 0x01, 0x34, 0x81, 0xCB, 0x01, 0x34, 0x81, 0xCB, 0x01,
    0x34, 0x80, 0xCA, 0x01, 0x34, 0x80, 0xCA, 0x01, 0x00, 0x00, 0x00, 0x00, 0x00, 0x00, 0x00, 0x00,
    0x00, 0x00, 0x00, 0x00, 0x00, 0x00, 0x00, 0x00, 0x00, 0x00, 0x00, 0x00, 0x00, 0x00, 0x00, 0x00,
    0x00, 0x00, 0x00, 0x00, 0x00, 0x00, 0x00, 0x00, 0x00, 0x00, 0x00, 0x00, 0x00, 0x00, 0x00, 0x00,
    0x00, 0x00, 0x00, 0x00, 0x00, 0x00, 0x00, 0x00, 0x00, 0x00, 0x00, 0x00, 0x00, 0x00, 0x00, 0x00,
    0x00, 0x00, 0x00, 0x00, 0x00, 0x00, 0x00, 0x00, 0x00, 0x00, 0x00, 0x00, 0x00, 0x00, 0x00, 0x00,
    0x00, 0x00, 0x00, 0x00, 0x39, 0x84, 0xCE, 0x01, 0x38, 0x85, 0xCD, 0x01, 0x38, 0x85, 0xCD, 0x01,
    0x34, 0x85, 0xCF, 0x03, 0x32, 0x78, 0xC1, 0x12, 0x07, 0x28, 0x5C, 0xB0, 0x0D, 0x3C, 0x83, 0xFD,
    0x0D, 0x3C, 0x83, 0xFD, 0x1E, 0x7B, 0xE8, 0xF9, 0x17, 0x80, 0xF5, 0xFC, 0x18, 0x88, 0xF8, 0xFC,
    0x18, 0x88, 0xF8, 0xFC, 0x20, 0x90, 0xFC, 0xFC, 0x29, 0x96, 0xFC, 0xFC, 0x39, 0xA2, 0xF8, 0xFC,
    0x39, 0xA2, 0xF8, 0xFC, 0x44, 0xA9, 0xF5, 0xFC, 0x44, 0xA4, 0xF5, 0xFC, 0x4B, 0xB4, 0xFD, 0xFD,
    0x4C, 0xA8, 0xFC, 0xFC, 0x4C, 0xA8, 0xFC, 0xFC, 0x02, 0x14, 0x3D, 0xFD, 0x04, 0x09, 0x11, 0xFD,
    0x0D, 0x12, 0x13, 0xFD, 0x0D, 0x12, 0x13, 0xFD, 0x05, 0x06, 0x06, 0xFD, 0x04, 0x03, 0x03, 0xFD,
    0x02, 0x03, 0x03, 0xFD, 0x02, 0x04, 0x03, 0xFD, 0x02, 0x04, 0x03, 0xFD, 0x01, 0x03, 0x01, 0xFD,
    0x01, 0x02, 0x00, 0xFD, 0x00, 0x00, 0x00, 0xFD, 0x00, 0x00, 0x00, 0xFD, 0x15, 0x46, 0x73, 0xFD,
    0x42, 0xAC, 0xFB, 0xFD, 0x37, 0xA6, 0xFD, 0xFD, 0x37, 0xA6, 0xFD, 0xFD, 0x47, 0xAD, 0xFC, 0xFD,
    0x52, 0xAF, 0xFB, 0xFD, 0x75, 0xBF, 0xFB, 0xFD, 0xA7, 0xD7, 0xFC, 0xFD, 0xA7, 0xD7, 0xFC, 0xFD,
    0xC3, 0xE7, 0xFC, 0xFD, 0xC1, 0xEC, 0xFE, 0xFD, 0x84, 0xCF, 0xFD, 0xFD, 0x84, 0xCF, 0xFD, 0xFD,
    0x4F, 0xB1, 0xFB, 0xFD, 0x3F, 0xA8, 0xFB, 0xFD, 0x37, 0xA3, 0xFB, 0xFD, 0x32, 0xA0, 0xFA, 0xFD,
    0x32, 0xA0, 0xFA, 0xFD, 0x38, 0x9B, 0xF7, 0xFD, 0x1B, 0x49, 0x80, 0xFD, 0x00, 0x00, 0x00, 0xFD,
    0x00, 0x00, 0x00, 0xFD, 0x00, 0x00, 0x00, 0xFD, 0x00, 0x00, 0x00, 0xFD, 0x00, 0x00, 0x00, 0xFD,
    0x00, 0x00, 0x00, 0xFD, 0x00, 0x00, 0x02, 0xFD, 0x02, 0x03, 0x04, 0xFD, 0x03, 0x05, 0x07, 0xFD,
    0x03, 0x05, 0x08, 0xFD, 0x03, 0x05, 0x08, 0xFD, 0x07, 0x0B, 0x0D, 0xFD, 0x03, 0x08, 0x0F, 0xFD,
    0x03, 0x14, 0x36, 0xFD, 0x03, 0x14, 0x36, 0xFD, 0x27, 0x87, 0xE6, 0xFD, 0x37, 0xAC, 0xFF, 0xFD,
    0x3A, 0xA7, 0xFE, 0xFD, 0x3E, 0xA9, 0xFE, 0xFD, 0x3E, 0xA9, 0xFE, 0xFD, 0x3C, 0xA7, 0xFD, 0xFD,
    0x3D, 0xAA, 0xFE, 0xFD, 0x3D, 0xA8, 0xFE, 0xFD, 0x3D, 0xA8, 0xFE, 0xFD, 0x37, 0xA2, 0xFE, 0xFD,
    0x2E, 0x9A, 0xFC, 0xFD, 0x2D, 0x99, 0xFC, 0xFD, 0x2D, 0x99, 0xFC, 0xFD, 0x2E, 0x99, 0xFC, 0xFD,
    0x29, 0x93, 0xF9, 0xFD, 0x25, 0x91, 0xFA, 0xFC, 0x1C, 0x8A, 0xF9, 0xFC, 0x1C, 0x8A, 0xF9, 0xFC,
    0x14, 0x82, 0xF0, 0xFC, 0x2A, 0x95, 0xF9, 0xF7, 0x0B, 0x45, 0x98, 0xF6, 0x0B, 0x45, 0x98, 0xF6,
    0x02, 0x11, 0x43, 0xAD, 0x39, 0x81, 0xCD, 0x05, 0x34, 0x82, 0xD1, 0x05, 0x35, 0x82, 0xCE, 0x04,
    0x35, 0x82, 0xCE, 0x04, 0x37, 0x83, 0xCF, 0x02, 0x36, 0x82, 0xCD, 0x02, 0x35, 0x82, 0xCD, 0x02,
    0x35, 0x82, 0xCD, 0x02, 0x35, 0x82, 0xCD, 0x02, 0x36, 0x82, 0xCD, 0x02, 0x35, 0x81, 0xCC, 0x02,
    0x35, 0x81, 0xCC, 0x02, 0x35, 0x81, 0xCC, 0x01, 0x34, 0x80, 0xCB, 0x01, 0x33, 0x80, 0xCA, 0x01,
    0x33, 0x80, 0xCA, 0x01, 0x33, 0x80, 0xCA, 0x01, 0x00, 0x00, 0x00, 0x00, 0x00, 0x00, 0x00, 0x00,
    0x00, 0x00, 0x00, 0x00, 0x00, 0x00, 0x00, 0x00, 0x00, 0x00, 0x00, 0x00, 0x00, 0x00, 0x00, 0x00,
    0x00, 0x00, 0x00, 0x00, 0x00, 0x00, 0x00, 0x00, 0x00, 0x00, 0x00, 0x00, 0x00, 0x00, 0x00, 0x00,
    0x00, 0x00, 0x00, 0x00, 0x00, 0x00, 0x00, 0x00, 0x00, 0x00, 0x00, 0x00, 0x00, 0x00, 0x00, 0x00,
    0x00, 0x00, 0x00, 0x00, 0x00, 0x00, 0x00, 0x00, 0x00, 0x00, 0x00, 0x00, 0x00, 0x00, 0x00, 0x00,
    0x00, 0x00, 0x00, 0x00, 0x39, 0x84, 0xCE, 0x01, 0x38, 0x85, 0xCD, 0x01, 0x38, 0x85, 0xCD, 0x01,
    0x34, 0x85, 0xCF, 0x03, 0x32, 0x78, 0xC1, 0x12, 0x07, 0x28, 0x5C, 0xB0, 0x0D, 0x3C, 0x83, 0xFD,
    0x0D, 0x3C, 0x83, 0xFD, 0x1E, 0x7B, 0xE8, 0xF9, 0x17, 0x80, 0xF5, 0xFC, 0x18, 0x88, 0xF8, 0xFC,
    0x18, 0x88, 0xF8, 0xFC, 0x20, 0x90, 0xFC, 0xFC, 0x29, 0x96, 0xFC, 0xFC, 0x39, 0xA2, 0xF8, 0xFC,
    0x39, 0xA2, 0xF8, 0xFC, 0x44, 0xA9, 0xF5, 0xFC, 0x44, 0xA4, 0xF5, 0xFC, 0x4B, 0xB4, 0xFD, 0xFD,
    0x4C, 0xA8, 0xFC, 0xFC, 0x4C, 0xA8, 0xFC, 0xFC, 0x02, 0x14, 0x3D, 0xFD, 0x04, 0x09, 0x11, 0xFD,
    0x0D, 0x12, 0x13, 0xFD, 0x0D, 0x12, 0x13, 0xFD, 0x05, 0x06, 0x06, 0xFD, 0x04, 0x03, 0x03, 0xFD,
    0x02, 0x03, 0x03, 0xFD, 0x02, 0x04, 0x03, 0xFD, 0x02, 0x04, 0x03, 0xFD, 0x01, 0x03, 0x01, 0xFD,
    0x01, 0x02, 0x00, 0xFD, 0x00, 0x00, 0x00, 0xFD, 0x00, 0x00, 0x00, 0xFD, 0x15, 0x46, 0x73, 0xFD,
    0x42, 0xAC, 0xFB, 0xFD, 0x37, 0xA6, 0xFD, 0xFD, 0x37, 0xA6, 0xFD, 0xFD, 0x47, 0xAD, 0xFC, 0xFD,
    0x52, 0xAF, 0xFB, 0xFD, 0x75, 0xBF, 0xFB, 0xFD, 0xA7, 0xD7, 0xFC, 0xFD, 0xA7, 0xD7, 0xFC, 0xFD,
    0xC3, 0xE7, 0xFC, 0xFD, 0xC1, 0xEC, 0xFE, 0xFD, 0x84, 0xCF, 0xFD, 0xFD, 0x84, 0xCF, 0xFD, 0xFD,
    0x4F, 0xB1, 0xFB, 0xFD, 0x3F, 0xA8, 0xFB, 0xFD, 0x37, 0xA3, 0xFB, 0xFD, 0x32, 0xA0, 0xFA, 0xFD,
    0x32, 0xA0, 0xFA, 0xFD, 0x38, 0x9B, 0xF7, 0xFD, 0x1B, 0x49, 0x80, 0xFD, 0x00, 0x00, 0x00, 0xFD,
    0x00, 0x00, 0x00, 0xFD, 0x00, 0x00, 0x00, 0xFD, 0x00, 0x00, 0x00, 0xFD, 0x00, 0x00, 0x00, 0xFD,
    0x00, 0x00, 0x00, 0xFD, 0x00, 0x00, 0x02, 0xFD, 0x02, 0x03, 0x04, 0xFD, 0x03, 0x05, 0x07, 0xFD,
    0x03, 0x05, 0x08, 0xFD, 0x03, 0x05, 0x08, 0xFD, 0x07, 0x0B, 0x0D, 0xFD, 0x03, 0x08, 0x0F, 0xFD,
    0x03, 0x14, 0x36, 0xFD, 0x03, 0x14, 0x36, 0xFD, 0x27, 0x87, 0xE6, 0xFD, 0x37, 0xAC, 0xFF, 0xFD,
    0x3A, 0xA7, 0xFE, 0xFD, 0x3E, 0xA9, 0xFE, 0xFD, 0x3E, 0xA9, 0xFE, 0xFD, 0x3C, 0xA7, 0xFD, 0xFD,
    0x3D, 0xAA, 0xFE, 0xFD, 0x3D, 0xA8, 0xFE, 0xFD, 0x3D, 0xA8, 0xFE, 0xFD, 0x37, 0xA2, 0xFE, 0xFD,
    0x2E, 0x9A, 0xFC, 0xFD, 0x2D, 0x99, 0xFC, 0xFD, 0x2D, 0x99, 0xFC, 0xFD, 0x2E, 0x99, 0xFC, 0xFD,
    0x29, 0x93, 0xF9, 0xFD, 0x25, 0x91, 0xFA, 0xFC, 0x1C, 0x8A, 0xF9, 0xFC, 0x1C, 0x8A, 0xF9, 0xFC,
    0x14, 0x82, 0xF0, 0xFC, 0x2A, 0x95, 0xF9, 0xF7, 0x0B, 0x45, 0x98, 0xF6, 0x0B, 0x45, 0x98, 0xF6,
    0x02, 0x11, 0x43, 0xAD, 0x39, 0x81, 0xCD, 0x05, 0x34, 0x82, 0xD1, 0x05, 0x35, 0x82, 0xCE, 0x04,
    0x35, 0x82, 0xCE, 0x04, 0x37, 0x83, 0xCF, 0x02, 0x36, 0x82, 0xCD, 0x02, 0x35, 0x82, 0xCD, 0x02,
    0x35, 0x82, 0xCD, 0x02, 0x35, 0x82, 0xCD, 0x02, 0x36, 0x82, 0xCD, 0x02, 0x35, 0x81, 0xCC, 0x02,
    0x35, 0x81, 0xCC, 0x02, 0x35, 0x81, 0xCC, 0x01, 0x34, 0x80, 0xCB, 0x01, 0x33, 0x80, 0xCA, 0x01,
    0x33, 0x80, 0xCA, 0x01, 0x33, 0x80, 0xCA, 0x01, 0x00, 0x00, 0x00, 0x00, 0x00, 0x00, 0x00, 0x00,
    0x00, 0x00, 0x00, 0x00, 0x00, 0x00, 0x00, 0x00, 0x00, 0x00, 0x00, 0x00, 0x00, 0x00, 0x00, 0x00,
    0x00, 0x00, 0x00, 0x00, 0x00, 0x00, 0x00, 0x00, 0x00, 0x00, 0x00, 0x00, 0x00, 0x00, 0x00, 0x00,
    0x00, 0x00, 0x00, 0x00, 0x00, 0x00, 0x00, 0x00, 0x00, 0x00, 0x00, 0x00, 0x00, 0x00, 0x00, 0x00,
    0x00, 0x00, 0x00, 0x00, 0x00, 0x00, 0x00, 0x00, 0x00, 0x00, 0x00, 0x00, 0x00, 0x00, 0x00, 0x00,
    0x00, 0x00, 0x00, 0x00, 0x39, 0x84, 0xCD, 0x01, 0x36, 0x85, 0xCC, 0x03, 0x36, 0x85, 0xCC, 0x03,
    0x37, 0x85, 0xCF, 0x01, 0x15, 0x41, 0x80, 0x42, 0x02, 0x14, 0x3D, 0xEB, 0x31, 0x86, 0xD8, 0xF9,
    0x31, 0x86, 0xD8, 0xF9, 0x1D, 0x88, 0xF8, 0xF9, 0x15, 0x81, 0xF7, 0xFC, 0x1A, 0x8C, 0xF9, 0xFC,
    0x1A, 0x8C, 0xF9, 0xFC, 0x1C, 0x8B, 0xF9, 0xFC, 0x27, 0x96, 0xFB, 0xFC, 0x3A, 0xA4, 0xF8, 0xFC,
    0x3A, 0xA4, 0xF8, 0xFC, 0x46, 0xAB, 0xF5, 0xFC, 0x4D, 0xAD, 0xF6, 0xFC, 0x53, 0xBF, 0xFE, 0xFC,
    0x54, 0xB7, 0xFF, 0xFD, 0x54, 0xB7, 0xFF, 0xFD, 0x05, 0x1B, 0x42, 0xFD, 0x07, 0x0E, 0x16, 0xFD,
    0x0F, 0x14, 0x16, 0xFD, 0x0F, 0x14, 0x16, 0xFD, 0x0B, 0x0E, 0x0F, 0xFD, 0x0C, 0x13, 0x11, 0xFD,
    0x06, 0x08, 0x09, 0xFD, 0x04, 0x06, 0x06, 0xFD, 0x04, 0x06, 0x06, 0xFD, 0x02, 0x04, 0x03, 0xFD,
    0x04, 0x07, 0x03, 0xFD, 0x00, 0x02, 0x00, 0xFD, 0x00, 0x02, 0x00, 0xFD, 0x1C, 0x52, 0x77, 0xFD,
    0x40, 0xB2, 0xFB, 0xFD, 0x3B, 0xAA, 0xFC, 0xFD, 0x3B, 0xAA, 0xFC, 0xFD, 0x49, 0xAB, 0xFB, 0xFD,
    0x5E, 0xB3, 0xFA, 0xFD, 0x9F, 0xD6, 0xFA, 0xFD, 0xD1, 0xED, 0xFC, 0xFD, 0xD1, 0xED, 0xFC, 0xFD,
    0xD9, 0xF2, 0xFD, 0xFD, 0xD9, 0xF6, 0xFE, 0xFD, 0xAD, 0xE1, 0xFD, 0xFD, 0xAD, 0xE1, 0xFD, 0xFD,
    0x6B, 0xC2, 0xFB, 0xFD, 0x46, 0xAC, 0xFA, 0xFD, 0x3A, 0xA4, 0xFB, 0xFD, 0x2F, 0x9E, 0xFA, 0xFD,
    0x2F, 0x9E, 0xFA, 0xFD, 0x36, 0x9E, 0xF8, 0xFD, 0x19, 0x47, 0x75, 0xFD, 0x00, 0x00, 0x00, 0xFD,
    0x00, 0x00, 0x00, 0xFD, 0x05, 0x02, 0x00, 0xFD, 0x04, 0x04, 0x02, 0xFD, 0x04, 0x05, 0x05, 0xFD,
    0x04, 0x05, 0x05, 0xFD, 0x05, 0x06, 0x06, 0xFD, 0x06, 0x06, 0x04, 0xFD, 0x0A, 0x08, 0x07, 0xFD,
    0x0A, 0x09, 0x07, 0xFD, 0x0A, 0x09, 0x07, 0xFD, 0x0B, 0x10, 0x0E, 0xFD, 0x07, 0x0F, 0x15, 0xFD,
    0x02, 0x14, 0x2C, 0xFD, 0x02, 0x14, 0x2C, 0xFD, 0x28, 0x84, 0xD8, 0xFD, 0x38, 0xB2, 0xFF, 0xFD,
    0x39, 0xA8, 0xFE, 0xFD, 0x40, 0xAB, 0xFE, 0xFD, 0x40, 0xAB, 0xFE, 0xFD, 0x3E, 0xA9, 0xFD, 0xFD,
    0x3E, 0xA9, 0xFD, 0xFD, 0x3B, 0xA8, 0xFD, 0xFD, 0x3B, 0xA8, 0xFD, 0xFD, 0x29, 0x98, 0xF8, 0xFD,
    0x1E, 0x8E, 0xF4, 0xFD, 0x27, 0x98, 0xFC, 0xFD, 0x27, 0x98, 0xFC, 0xFD, 0x2E, 0x9D, 0xFE, 0xFD,
    0x2C, 0x95, 0xFB, 0xFD, 0x24, 0x90, 0xF9, 0xFC, 0x20, 0x91, 0xFB, 0xFC, 0x20, 0x91, 0xFB, 0xFC,
    0x17, 0x88, 0xF3, 0xFC, 0x27, 0x99, 0xFB, 0xF6, 0x15, 0x57, 0xA7, 0xF6, 0x15, 0x57, 0xA7, 0xF6,
    0x03, 0x15, 0x43, 0xB8, 0x3A, 0x81, 0xCB, 0x08, 0x35, 0x83, 0xD3, 0x05, 0x34, 0x81, 0xCF, 0x03,
    0x34, 0x81, 0xCF, 0x03, 0x37, 0x82, 0xCF, 0x02, 0x36, 0x82, 0xCE, 0x03, 0x36, 0x82, 0xCE, 0x02,
    0x36, 0x82, 0xCE, 0x02, 0x36, 0x82, 0xCD, 0x02, 0x36, 0x82, 0xCD, 0x02, 0x35, 0x81, 0xCC, 0x02,
    0x35, 0x81, 0xCC, 0x02, 0x35, 0x81, 0xCC, 0x01, 0x34, 0x80, 0xCA, 0x01, 0x34, 0x81, 0xCA, 0x01,
    0x34, 0x80, 0xCA, 0x01, 0x34, 0x80, 0xCA, 0x01, 0x00, 0x00, 0x00, 0x00, 0x00, 0x00, 0x00, 0x00,
    0x00, 0x00, 0x00, 0x00, 0x00, 0x00, 0x00, 0x00, 0x00, 0x00, 0x00, 0x00, 0x00, 0x00, 0x00, 0x00,
    0x00, 0x00, 0x00, 0x00, 0x00, 0x00, 0x00, 0x00, 0x00, 0x00, 0x00, 0x00, 0x00, 0x00, 0x00, 0x00,
    0x00, 0x00, 0x00, 0x00, 0x00, 0x00, 0x00, 0x00, 0x00, 0x00, 0x00, 0x00, 0x00, 0x00, 0x00, 0x00,
    0x00, 0x00, 0x00, 0x00, 0x00, 0x00, 0x00, 0x00, 0x00, 0x00, 0x00, 0x00, 0x00, 0x00, 0x00, 0x00,
    0x00, 0x00, 0x00, 0x00, 0x3A, 0x83, 0xCD, 0x01, 0x35, 0x82, 0xCB, 0x04, 0x35, 0x82, 0xCB, 0x04,
    0x37, 0x86, 0xD0, 0x02, 0x10, 0x3C, 0x7C, 0x32, 0x03, 0x19, 0x48, 0xE2, 0x30, 0x83, 0xD2, 0xF8,
    0x30, 0x83, 0xD2, 0xF8, 0x18, 0x82, 0xF3, 0xFB, 0x0F, 0x7A, 0xF0, 0xFC, 0x13, 0x83, 0xF3, 0xFB,
    0x13, 0x83, 0xF3, 0xFB, 0x13, 0x7F, 0xF0, 0xFC, 0x19, 0x89, 0xF5, 0xFC, 0x25, 0x90, 0xF5, 0xFC,
    0x25, 0x90, 0xF5, 0xFC, 0x3A, 0xA3, 0xF5, 0xFC, 0x4A, 0xAC, 0xF7, 0xFC, 0x50, 0xB9, 0xFE, 0xFC,
    0x5B, 0xB5, 0xFF, 0xFD, 0x5B, 0xB5, 0xFF, 0xFD, 0x04, 0x13, 0x39, 0xFD, 0x04, 0x09, 0x11, 0xFD,
    0x08, 0x0A, 0x0E, 0xFD, 0x08, 0x0A, 0x0E, 0xFD, 0x05, 0x07, 0x08, 0xFD, 0x06, 0x0A, 0x0A, 0xFD,
    0x05, 0x07, 0x09, 0xFD, 0x05, 0x07, 0x08, 0xFD, 0x05, 0x07, 0x08, 0xFD, 0x04, 0x06, 0x05, 0xFD,
    0x06, 0x09, 0x04, 0xFD, 0x00, 0x02, 0x01, 0xFD, 0x00, 0x02, 0x01, 0xFD, 0x19, 0x48, 0x6E, 0xFD,
    0x40, 0xA6, 0xF9, 0xFD, 0x39, 0xA8, 0xFC, 0xFD, 0x39, 0xA8, 0xFC, 0xFD, 0x4F, 0xAE, 0xFB, 0xFD,
    0x7B, 0xC1, 0xFA, 0xFD, 0xCB, 0xE6, 0xFA, 0xFD, 0xE6, 0xF3, 0xFC, 0xFD, 0xE6, 0xF3, 0xFC, 0xFD,
    0xDC, 0xEB, 0xF9, 0xFD, 0xDB, 0xEC, 0xFA, 0xFD, 0xD6, 0xF0, 0xFD, 0xFD, 0xD6, 0xF0, 0xFD, 0xFD,
    0xA3, 0xDC, 0xFC, 0xFD, 0x5E, 0xB5, 0xFA, 0xFD, 0x3D, 0xA6, 0xFA, 0xFD, 0x2C, 0x9D, 0xF8, 0xFD,
    0x2C, 0x9D, 0xF8, 0xFD, 0x30, 0x9B, 0xF8, 0xFD, 0x19, 0x48, 0x7F, 0xFD, 0x00, 0x00, 0x00, 0xFD,
    0x00, 0x00, 0x00, 0xFD, 0x05, 0x00, 0x00, 0xFD, 0x04, 0x03, 0x01, 0xFD, 0x03, 0x03, 0x04, 0xFD,
    0x03, 0x03, 0x04, 0xFD, 0x06, 0x07, 0x07, 0xFD, 0x09, 0x07, 0x06, 0xFD, 0x0C, 0x09, 0x07, 0xFD,
    0x09, 0x06, 0x04, 0xFD, 0x09, 0x06, 0x04, 0xFD, 0x07, 0x07, 0x07, 0xFD, 0x0A, 0x0E, 0x12, 0xFD,
    0x04, 0x12, 0x26, 0xFD, 0x04, 0x12, 0x26, 0xFD, 0x25, 0x79, 0xCC, 0xFD, 0x3E, 0xB3, 0xFF, 0xFD,
    0x3A, 0xA7, 0xFD, 0xFD, 0x3E, 0xA7, 0xFD, 0xFD, 0x3E, 0xA7, 0xFD, 0xFD, 0x40, 0xAB, 0xFD, 0xFD,
    0x3D, 0xA9, 0xFD, 0xFD, 0x32, 0xA0, 0xFC, 0xFD, 0x32, 0xA0, 0xFC, 0xFD, 0x20, 0x8F, 0xF4, 0xFD,
    0x17, 0x86, 0xEE, 0xFD, 0x1C, 0x8F, 0xF6, 0xFD, 0x1C, 0x8F, 0xF6, 0xFD, 0x24, 0x97, 0xFC, 0xFD,
    0x25, 0x95, 0xFB, 0xFC, 0x22, 0x90, 0xFA, 0xFC, 0x1D, 0x8A, 0xF8, 0xFC, 0x1D, 0x8A, 0xF8, 0xFC,
    0x15, 0x83, 0xF0, 0xFB, 0x24, 0x91, 0xF7, 0xF6, 0x10, 0x4A, 0x9C, 0xF9, 0x10, 0x4A, 0x9C, 0xF9,
    0x01, 0x0E, 0x3F, 0xC2, 0x38, 0x7C, 0xC7, 0x0D, 0x32, 0x80, 0xD1, 0x05, 0x34, 0x81, 0xCF, 0x04,
    0x34, 0x81, 0xCF, 0x04, 0x37, 0x82, 0xCF, 0x03, 0x36, 0x82, 0xCE, 0x03, 0x36, 0x82, 0xCE, 0x02,
    0x36, 0x82, 0xCE, 0x02, 0x36, 0x82, 0xCD, 0x02, 0x36, 0x82, 0xCD, 0x02, 0x35, 0x81, 0xCC, 0x02,
    0x35, 0x81, 0xCC, 0x02, 0x34, 0x81, 0xCC, 0x01, 0x34, 0x81, 0xCB, 0x01, 0x34, 0x80, 0xCB, 0x01,
    0x34, 0x80, 0xCA, 0x01, 0x34, 0x80, 0xCA, 0x01, 0x00, 0x00, 0x00, 0x00, 0x00, 0x00, 0x00, 0x00,
    0x00, 0x00, 0x00, 0x00, 0x00, 0x00, 0x00, 0x00, 0x00, 0x00, 0x00, 0x00, 0x00, 0x00, 0x00, 0x00,
    0x00, 0x00, 0x00, 0x00, 0x00, 0x00, 0x00, 0x00, 0x00, 0x00, 0x00, 0x00, 0x00, 0x00, 0x00, 0x00,
    0x00, 0x00, 0x00, 0x00, 0x00, 0x00, 0x00, 0x00, 0x00, 0x00, 0x00, 0x00, 0x00, 0x00, 0x00, 0x00,
    0x00, 0x00, 0x00, 0x00, 0x00, 0x00, 0x00, 0x00, 0x00, 0x00, 0x00, 0x00, 0x00, 0x00, 0x00, 0x00,
    0x00, 0x00, 0x00, 0x00, 0x3A, 0x83, 0xCD, 0x01, 0x37, 0x83, 0xCC, 0x03, 0x37, 0x83, 0xCC, 0x03,
    0x32, 0x84, 0xCF, 0x03, 0x31, 0x7C, 0xC0, 0x12, 0x0F, 0x39, 0x6C, 0xBA, 0x07, 0x33, 0x77, 0xFC,
    0x07, 0x33, 0x77, 0xFC, 0x13, 0x6E, 0xDB, 0xF7, 0x10, 0x7A, 0xEE, 0xFC, 0x12, 0x81, 0xF3, 0xFB,
    0x12, 0x81, 0xF3, 0xFB, 0x0F, 0x7C, 0xF0, 0xFC, 0x14, 0x84, 0xF4, 0xFB, 0x1A, 0x85, 0xF1, 0xFC,
    0x1A, 0x85, 0xF1, 0xFC, 0x29, 0x93, 0xF6, 0xFC, 0x3C, 0xA4, 0xF9, 0xFC, 0x50, 0xC1, 0xFE, 0xFC,
    0x6E, 0xCD, 0xFF, 0xFC, 0x6E, 0xCD, 0xFF, 0xFC, 0x1A, 0x39, 0x6B, 0xFC, 0x07, 0x0B, 0x14, 0xFD,
    0x1B, 0x20, 0x23, 0xFD, 0x1B, 0x20, 0x23, 0xFD, 0x1D, 0x26, 0x23, 0xFD, 0x0B, 0x14, 0x11, 0xFD,
    0x06, 0x0A, 0x09, 0xFD, 0x04, 0x06, 0x06, 0xFD, 0x04, 0x06, 0x06, 0xFD, 0x03, 0x04, 0x04, 0xFD,
    0x03, 0x06, 0x04, 0xFD, 0x00, 0x03, 0x03, 0xFD, 0x00, 0x03, 0x03, 0xFD, 0x22, 0x53, 0x7F, 0xFD,
    0x53, 0xAC, 0xFA, 0xFD, 0x4B, 0xAC, 0xFC, 0xFD, 0x4B, 0xAC, 0xFC, 0xFD, 0x65, 0xB6, 0xFC, 0xFD,
    0xAF, 0xDD, 0xFD, 0xFD, 0xE1, 0xF1, 0xFD, 0xFD, 0xE8, 0xF4, 0xFC, 0xFD, 0xE8, 0xF4, 0xFC, 0xFD,
    0xE6, 0xF4, 0xFC, 0xFD, 0xE3, 0xF3, 0xFC, 0xFD, 0xDD, 0xEE, 0xFA, 0xFD, 0xDD, 0xEE, 0xFA, 0xFD,
    0xD5, 0xEF, 0xFD, 0xFD, 0x97, 0xD0, 0xFC, 0xFD, 0x52, 0xB1, 0xFA, 0xFD, 0x2F, 0x9C, 0xF5, 0xFD,
    0x2F, 0x9C, 0xF5, 0xFD, 0x30, 0x99, 0xF6, 0xFD, 0x20, 0x57, 0x99, 0xFD, 0x00, 0x00, 0x02, 0xFC,
    0x00, 0x00, 0x02, 0xFC, 0x08, 0x04, 0x01, 0xFD, 0x03, 0x02, 0x00, 0xFD, 0x03, 0x01, 0x01, 0xFD,
    0x03, 0x01, 0x01, 0xFD, 0x08, 0x07, 0x06, 0xFD, 0x09, 0x08, 0x09, 0xFD, 0x0C, 0x0B, 0x0D, 0xFD,
    0x4A, 0x48, 0x47, 0xFD, 0x4A, 0x48, 0x47, 0xFD, 0x58, 0x5A, 0x59, 0xFD, 0x14, 0x16, 0x19, 0xFD,
    0x0B, 0x1C, 0x35, 0xFD, 0x0B, 0x1C, 0x35, 0xFD, 0x56, 0x9E, 0xE6, 0xFD, 0x50, 0xB9, 0xFF, 0xFD,
    0x3F, 0xAB, 0xFE, 0xFD, 0x44, 0xAD, 0xFE, 0xFD, 0x44, 0xAD, 0xFE, 0xFD, 0x3E, 0xA8, 0xFE, 0xFD,
    0x3A, 0xA5, 0xFD, 0xFD, 0x38, 0xA3, 0xFD, 0xFD, 0x38, 0xA3, 0xFD, 0xFD, 0x32, 0x9E, 0xFC, 0xFD,
    0x22, 0x90, 0xF6, 0xFC, 0x1B, 0x8C, 0xF4, 0xFC, 0x1B, 0x8C, 0xF4, 0xFC, 0x18, 0x89, 0xF2, 0xFC,
    0x1A, 0x8C, 0xF7, 0xFC, 0x19, 0x8B, 0xF7, 0xFC, 0x14, 0x82, 0xF3, 0xFB, 0x14, 0x82, 0xF3, 0xFB,
    0x0F, 0x79, 0xE7, 0xFA, 0x29, 0x92, 0xF0, 0xF8, 0x0E, 0x45, 0x8C, 0xF5, 0x0E, 0x45, 0x8C, 0xF5,
    0x08, 0x29, 0x65, 0xB8, 0x39, 0x82, 0xCB, 0x0D, 0x30, 0x81, 0xD0, 0x03, 0x32, 0x82, 0xCE, 0x03,
    0x32, 0x82, 0xCE, 0x03, 0x35, 0x83, 0xCE, 0x03, 0x35, 0x82, 0xCE, 0x03, 0x36, 0x83, 0xCE, 0x03,
    0x36, 0x83, 0xCE, 0x03, 0x36, 0x82, 0xCD, 0x02, 0x36, 0x82, 0xCD, 0x02, 0x36, 0x81, 0xCC, 0x02,
    0x36, 0x81, 0xCC, 0x02, 0x35, 0x81, 0xCC, 0x01, 0x35, 0x81, 0xCC, 0x01, 0x34, 0x81, 0xCB, 0x01,
    0x34, 0x80, 0xCB, 0x01, 0x34, 0x80, 0xCB, 0x01, 0x00, 0x00, 0x00, 0x00, 0x00, 0x00, 0x00, 0x00,
    0x00, 0x00, 0x00, 0x00, 0x00, 0x00, 0x00, 0x00, 0x00, 0x00, 0x00, 0x00, 0x00, 0x00, 0x00, 0x00,
    0x00, 0x00, 0x00, 0x00, 0x00, 0x00, 0x00, 0x00, 0x00, 0x00, 0x00, 0x00, 0x00, 0x00, 0x00, 0x00,
    0x00, 0x00, 0x00, 0x00, 0x00, 0x00, 0x00, 0x00, 0x00, 0x00, 0x00, 0x00, 0x00, 0x00, 0x00, 0x00,
    0x00, 0x00, 0x00, 0x00, 0x00, 0x00, 0x00, 0x00, 0x00, 0x00, 0x00, 0x00, 0x00, 0x00, 0x00, 0x00,
    0x00, 0x00, 0x00, 0x00, 0x39, 0x83, 0xCD, 0x01, 0x38, 0x84, 0xCD, 0x02, 0x38, 0x84, 0xCD, 0x02,
    0x32, 0x83, 0xCB, 0x06, 0x35, 0x85, 0xD0, 0x07, 0x14, 0x44, 0x7A, 0xAC, 0x01, 0x19, 0x4C, 0xFE,
    0x01, 0x19, 0x4C, 0xFE, 0x20, 0x7E, 0xE7, 0xF7, 0x16, 0x81, 0xF4, 0xFC, 0x12, 0x7F, 0xF2, 0xFB,
    0x12, 0x7F, 0xF2, 0xFB, 0x1C, 0x8E, 0xFA, 0xFB, 0x1E, 0x8E, 0xFA, 0xFC, 0x22, 0x8C, 0xF6, 0xFC,
    0x22, 0x8C, 0xF6, 0xFC, 0x2F, 0x98, 0xF9, 0xFC, 0x41, 0xA2, 0xF9, 0xFC, 0x50, 0xAE, 0xFB, 0xFC,
    0x6F, 0xC5, 0xFF, 0xFC, 0x6F, 0xC5, 0xFF, 0xFC, 0x79, 0xB1, 0xE8, 0xFD, 0x14, 0x29, 0x44, 0xFC,
    0x30, 0x3C, 0x42, 0xFC, 0x30, 0x3C, 0x42, 0xFC, 0x6A, 0x77, 0x6E, 0xFD, 0x27, 0x33, 0x2E, 0xFD,
    0x08, 0x0D, 0x0C, 0xFD, 0x24, 0x35, 0x32, 0xFD, 0x24, 0x35, 0x32, 0xFD, 0x3D, 0x5C, 0x51, 0xFD,
    0x24, 0x37, 0x31, 0xFD, 0x04, 0x0E, 0x15, 0xFD, 0x04, 0x0E, 0x15, 0xFD, 0x62, 0x91, 0xBC, 0xFD,
    0xAF, 0xDE, 0xFC, 0xFD, 0x9C, 0xC8, 0xF9, 0xFD, 0x9C, 0xC8, 0xF9, 0xFD, 0x9E, 0xCA, 0xFB, 0xFD,
    0xC5, 0xED, 0xFE, 0xFD, 0xE4, 0xF6, 0xFD, 0xFD, 0xD6, 0xF0, 0xFC, 0xFD, 0xD6, 0xF0, 0xFC, 0xFD,
    0xB4, 0xCF, 0xEF, 0xFD, 0xCD, 0xEA, 0xF9, 0xFD, 0xE5, 0xF4, 0xFB, 0xFD, 0xE5, 0xF4, 0xFB, 0xFD,
    0xEB, 0xF7, 0xFD, 0xFD, 0xD7, 0xEB, 0xFC, 0xFD, 0xA5, 0xD8, 0xFB, 0xFD, 0x63, 0xB3, 0xF5, 0xFD,
    0x63, 0xB3, 0xF5, 0xFD, 0x46, 0x9F, 0xF2, 0xFD, 0x39, 0x77, 0xBF, 0xFD, 0x03, 0x09, 0x17, 0xFD,
    0x03, 0x09, 0x17, 0xFD, 0x06, 0x03, 0x03, 0xFD, 0x07, 0x04, 0x01, 0xFD, 0x0A, 0x06, 0x04, 0xFD,
    0x0A, 0x06, 0x04, 0xFD, 0x19, 0x17, 0x13, 0xFD, 0x1C, 0x17, 0x18, 0xFD, 0x2C, 0x27, 0x26, 0xFD,
    0xBB, 0xB4, 0xB1, 0xFD, 0xBB, 0xB4, 0xB1, 0xFD, 0xA4, 0xA6, 0xAA, 0xFD, 0x11, 0x17, 0x1A, 0xFD,
    0x57, 0x72, 0x97, 0xFD, 0x57, 0x72, 0x97, 0xFD, 0xAD, 0xE2, 0xFF, 0xFD, 0x6D, 0xC2, 0xFE, 0xFD,
    0x47, 0xAA, 0xFC, 0xFD, 0x46, 0xAC, 0xFE, 0xFD, 0x46, 0xAC, 0xFE, 0xFD, 0x3F, 0xA4, 0xFD, 0xFD,
    0x3F, 0xA6, 0xFE, 0xFD, 0x40, 0xA3, 0xFC, 0xFD, 0x40, 0xA3, 0xFC, 0xFD, 0x42, 0xAA, 0xFE, 0xFD,
    0x39, 0xA4, 0xFD, 0xFC, 0x2A, 0x98, 0xFC, 0xFC, 0x2A, 0x98, 0xFC, 0xFC, 0x1C, 0x8B, 0xF6, 0xFC,
    0x19, 0x8B, 0xF6, 0xFC, 0x12, 0x85, 0xF3, 0xFC, 0x10, 0x82, 0xF0, 0xFB, 0x10, 0x82, 0xF0, 0xFB,
    0x0F, 0x6D, 0xD7, 0xF9, 0x0D, 0x4B, 0xA3, 0xFC, 0x04, 0x27, 0x65, 0xD4, 0x04, 0x27, 0x65, 0xD4,
    0x25, 0x61, 0xA5, 0x7B, 0x33, 0x7F, 0xCB, 0x13, 0x2E, 0x7E, 0xCC, 0x07, 0x33, 0x82, 0xCD, 0x07,
    0x33, 0x82, 0xCD, 0x07, 0x34, 0x83, 0xCE, 0x02, 0x33, 0x83, 0xCE, 0x04, 0x34, 0x84, 0xCF, 0x02,
    0x34, 0x84, 0xCF, 0x02, 0x35, 0x82, 0xCD, 0x02, 0x35, 0x82, 0xCD, 0x02, 0x35, 0x81, 0xCC, 0x02,
    0x35, 0x81, 0xCC, 0x02, 0x35, 0x81, 0xCC, 0x01, 0x35, 0x80, 0xCB, 0x01, 0x34, 0x80, 0xCB, 0x01,
    0x34, 0x80, 0xCB, 0x01, 0x34, 0x80, 0xCB, 0x01, 0x00, 0x00, 0x00, 0x00, 0x00, 0x00, 0x00, 0x00,
    0x00, 0x00, 0x00, 0x00, 0x00, 0x00, 0x00, 0x00, 0x00, 0x00, 0x00, 0x00, 0x00, 0x00, 0x00, 0x00,
    0x00, 0x00, 0x00, 0x00, 0x00, 0x00, 0x00, 0x00, 0x00, 0x00, 0x00, 0x00, 0x00, 0x00, 0x00, 0x00,
    0x00, 0x00, 0x00, 0x00, 0x00, 0x00, 0x00, 0x00, 0x00, 0x00, 0x00, 0x00, 0x00, 0x00, 0x00, 0x00,
    0x00, 0x00, 0x00, 0x00, 0x00, 0x00, 0x00, 0x00, 0x00, 0x00, 0x00, 0x00, 0x00, 0x00, 0x00, 0x00,
    0x00, 0x00, 0x00, 0x00, 0x39, 0x83, 0xCD, 0x01, 0x38, 0x84, 0xCD, 0x02, 0x38, 0x84, 0xCD, 0x02,
    0x32, 0x83, 0xCB, 0x06, 0x35, 0x85, 0xD0, 0x07, 0x14, 0x44, 0x7A, 0xAC, 0x01, 0x19, 0x4C, 0xFE,
    0x01, 0x19, 0x4C, 0xFE, 0x20, 0x7E, 0xE7, 0xF7, 0x16, 0x81, 0xF4, 0xFC, 0x12, 0x7F, 0xF2, 0xFB,
    0x12, 0x7F, 0xF2, 0xFB, 0x1C, 0x8E, 0xFA, 0xFB, 0x1E, 0x8E, 0xFA, 0xFC, 0x22, 0x8C, 0xF6, 0xFC,
    0x22, 0x8C, 0xF6, 0xFC, 0x2F, 0x98, 0xF9, 0xFC, 0x41, 0xA2, 0xF9, 0xFC, 0x50, 0xAE, 0xFB, 0xFC,
    0x6F, 0xC5, 0xFF, 0xFC, 0x6F, 0xC5, 0xFF, 0xFC, 0x79, 0xB1, 0xE8, 0xFD, 0x14, 0x29, 0x44, 0xFC,
    0x30, 0x3C, 0x42, 0xFC, 0x30, 0x3C, 0x42, 0xFC, 0x6A, 0x77, 0x6E, 0xFD, 0x27, 0x33, 0x2E, 0xFD,
    0x08, 0x0D, 0x0C, 0xFD, 0x24, 0x35, 0x32, 0xFD, 0x24, 0x35, 0x32, 0xFD, 0x3D, 0x5C, 0x51, 0xFD,
    0x24, 0x37, 0x31, 0xFD, 0x04, 0x0E, 0x15, 0xFD, 0x04, 0x0E, 0x15, 0xFD, 0x62, 0x91, 0xBC, 0xFD,
    0xAF, 0xDE, 0xFC, 0xFD, 0x9C, 0xC8, 0xF9, 0xFD, 0x9C, 0xC8, 0xF9, 0xFD, 0x9E, 0xCA, 0xFB, 0xFD,
    0xC5, 0xED, 0xFE, 0xFD, 0xE4, 0xF6, 0xFD, 0xFD, 0xD6, 0xF0, 0xFC, 0xFD, 0xD6, 0xF0, 0xFC, 0xFD,
    0xB4, 0xCF, 0xEF, 0xFD, 0xCD, 0xEA, 0xF9, 0xFD, 0xE5, 0xF4, 0xFB, 0xFD, 0xE5, 0xF4, 0xFB, 0xFD,
    0xEB, 0xF7, 0xFD, 0xFD, 0xD7, 0xEB, 0xFC, 0xFD, 0xA5, 0xD8, 0xFB, 0xFD, 0x63, 0xB3, 0xF5, 0xFD,
    0x63, 0xB3, 0xF5, 0xFD, 0x46, 0x9F, 0xF2, 0xFD, 0x39, 0x77, 0xBF, 0xFD, 0x03, 0x09, 0x17, 0xFD,
    0x03, 0x09, 0x17, 0xFD, 0x06, 0x03, 0x03, 0xFD, 0x07, 0x04, 0x01, 0xFD, 0x0A, 0x06, 0x04, 0xFD,
    0x0A, 0x06, 0x04, 0xFD, 0x19, 0x17, 0x13, 0xFD, 0x1C, 0x17, 0x18, 0xFD, 0x2C, 0x27, 0x26, 0xFD,
    0xBB, 0xB4, 0xB1, 0xFD, 0xBB, 0xB4, 0xB1, 0xFD, 0xA4, 0xA6, 0xAA, 0xFD, 0x11, 0x17, 0x1A, 0xFD,
    0x57, 0x72, 0x97, 0xFD, 0x57, 0x72, 0x97, 0xFD, 0xAD, 0xE2, 0xFF, 0xFD, 0x6D, 0xC2, 0xFE, 0xFD,
    0x47, 0xAA, 0xFC, 0xFD, 0x46, 0xAC, 0xFE, 0xFD, 0x46, 0xAC, 0xFE, 0xFD, 0x3F, 0xA4, 0xFD, 0xFD,
    0x3F, 0xA6, 0xFE, 0xFD, 0x40, 0xA3, 0xFC, 0xFD, 0x40, 0xA3, 0xFC, 0xFD, 0x42, 0xAA, 0xFE, 0xFD,
    0x39, 0xA4, 0xFD, 0xFC, 0x2A, 0x98, 0xFC, 0xFC, 0x2A, 0x98, 0xFC, 0xFC, 0x1C, 0x8B, 0xF6, 0xFC,
    0x19, 0x8B, 0xF6, 0xFC, 0x12, 0x85, 0xF3, 0xFC, 0x10, 0x82, 0xF0, 0xFB, 0x10, 0x82, 0xF0, 0xFB,
    0x0F, 0x6D, 0xD7, 0xF9, 0x0D, 0x4B, 0xA3, 0xFC, 0x04, 0x27, 0x65, 0xD4, 0x04, 0x27, 0x65, 0xD4,
    0x25, 0x61, 0xA5, 0x7B, 0x33, 0x7F, 0xCB, 0x13, 0x2E, 0x7E, 0xCC, 0x07, 0x33, 0x82, 0xCD, 0x07,
    0x33, 0x82, 0xCD, 0x07, 0x34, 0x83, 0xCE, 0x02, 0x33, 0x83, 0xCE, 0x04, 0x34, 0x84, 0xCF, 0x02,
    0x34, 0x84, 0xCF, 0x02, 0x35, 0x82, 0xCD, 0x02, 0x35, 0x82, 0xCD, 0x02, 0x35, 0x81, 0xCC, 0x02,
    0x35, 0x81, 0xCC, 0x02, 0x35, 0x81, 0xCC, 0x01, 0x35, 0x80, 0xCB, 0x01, 0x34, 0x80, 0xCB, 0x01,
    0x34, 0x80, 0xCB, 0x01, 0x34, 0x80, 0xCB, 0x01, 0x00, 0x00, 0x00, 0x00, 0x00, 0x00, 0x00, 0x00,
    0x00, 0x00, 0x00, 0x00, 0x00, 0x00, 0x00, 0x00, 0x00, 0x00, 0x00, 0x00, 0x00, 0x00, 0x00, 0x00,
    0x00, 0x00, 0x00, 0x00, 0x00, 0x00, 0x00, 0x00, 0x00, 0x00, 0x00, 0x00, 0x00, 0x00, 0x00, 0x00,
    0x00, 0x00, 0x00, 0x00, 0x00, 0x00, 0x00, 0x00, 0x00, 0x00, 0x00, 0x00, 0x00, 0x00, 0x00, 0x00,
    0x00, 0x00, 0x00, 0x00, 0x00, 0x00, 0x00, 0x00, 0x00, 0x00, 0x00, 0x00, 0x00, 0x00, 0x00, 0x00,
    0x00, 0x00, 0x00, 0x00, 0x3A, 0x84, 0xCC, 0x01, 0x39, 0x84, 0xCC, 0x01, 0x39, 0x84, 0xCC, 0x01,
    0x34, 0x83, 0xCB, 0x04, 0x3A, 0x8A, 0xD7, 0x01, 0x1B, 0x4F, 0x83, 0x7A, 0x06, 0x27, 0x56, 0xFA,
    0x06, 0x27, 0x56, 0xFA, 0x29, 0x8E, 0xEE, 0xF3, 0x17, 0x87, 0xF7, 0xFB, 0x16, 0x85, 0xF6, 0xFB,
    0x16, 0x85, 0xF6, 0xFB, 0x1E, 0x8D, 0xF9, 0xFB, 0x23, 0x91, 0xFB, 0xFB, 0x33, 0x9F, 0xFC, 0xFB,
    0x33, 0x9F, 0xFC, 0xFB, 0x41, 0xAE, 0xFD, 0xFC, 0x52, 0xB5, 0xFD, 0xFC, 0x64, 0xC1, 0xFD, 0xFC,
    0x71, 0xC7, 0xFD, 0xFC, 0x71, 0xC7, 0xFD, 0xFC, 0x9B, 0xE5, 0xFF, 0xFC, 0x6C, 0x99, 0xD2, 0xFC,
    0x12, 0x25, 0x3C, 0xFD, 0x12, 0x25, 0x3C, 0xFD, 0x23, 0x2A, 0x30, 0xFD, 0x28, 0x35, 0x32, 0xFC,
    0x1A, 0x23, 0x23, 0xFD, 0x3B, 0x4D, 0x4C, 0xFD, 0x3B, 0x4D, 0x4C, 0xFD, 0x5D, 0x83, 0x7F, 0xFD,
    0x24, 0x40, 0x44, 0xFD, 0x31, 0x47, 0x60, 0xFD, 0x31, 0x47, 0x60, 0xFD, 0xD8, 0xEB, 0xF5, 0xFD,
    0xFA, 0xFB, 0xF9, 0xFD, 0xEF, 0xF3, 0xF7, 0xFD, 0xEF, 0xF3, 0xF7, 0xFD, 0xE4, 0xEF, 0xFA, 0xFD,
    0xA1, 0xC0, 0xEE, 0xFD, 0x4D, 0x6A, 0xAB, 0xFD, 0x3E, 0x5B, 0x93, 0xFD, 0x3E, 0x5B, 0x93, 0xFD,
    0x2E, 0x46, 0x7D, 0xFD, 0x48, 0x65, 0x94, 0xFD, 0x67, 0x81, 0xA7, 0xFD, 0x67, 0x81, 0xA7, 0xFD,
    0xCC, 0xDA, 0xEA, 0xFD, 0xEE, 0xF3, 0xFA, 0xFD, 0xE7, 0xF4, 0xFA, 0xFD, 0xC1, 0xE3, 0xF8, 0xFD,
    0xC1, 0xE3, 0xF8, 0xFD, 0x91, 0xC7, 0xF5, 0xFD, 0x76, 0xB4, 0xEE, 0xFD, 0x31, 0x53, 0x78, 0xFD,
    0x31, 0x53, 0x78, 0xFD, 0x06, 0x08, 0x10, 0xFD, 0x12, 0x15, 0x12, 0xFD, 0x19, 0x17, 0x16, 0xFD,
    0x19, 0x17, 0x16, 0xFD, 0x36, 0x34, 0x2E, 0xFD, 0x3F, 0x3B, 0x35, 0xFD, 0x46, 0x3C, 0x3D, 0xFD,
    0x70, 0x6F, 0x72, 0xFD, 0x70, 0x6F, 0x72, 0xFD, 0x34, 0x3D, 0x40, 0xFD, 0x53, 0x6C, 0x85, 0xFD,
    0xC0, 0xE4, 0xFD, 0xFD, 0xC0, 0xE4, 0xFD, 0xFD, 0xB0, 0xE2, 0xFE, 0xFD, 0x76, 0xCB, 0xFB, 0xFD,
    0x52, 0xB0, 0xFA, 0xFD, 0x47, 0xA9, 0xFC, 0xFC, 0x47, 0xA9, 0xFC, 0xFC, 0x44, 0xA9, 0xFD, 0xFD,
    0x47, 0xB4, 0xFF, 0xFD, 0x43, 0xA9, 0xFD, 0xFC, 0x43, 0xA9, 0xFD, 0xFC, 0x3E, 0xA5, 0xFD, 0xFC,
    0x35, 0x9E, 0xFC, 0xFC, 0x2B, 0x9B, 0xFD, 0xFC, 0x2B, 0x9B, 0xFD, 0xFC, 0x23, 0x95, 0xFC, 0xFC,
    0x1E, 0x90, 0xFB, 0xFC, 0x14, 0x88, 0xF4, 0xFB, 0x17, 0x8F, 0xF4, 0xFA, 0x17, 0x8F, 0xF4, 0xFA,
    0x1A, 0x78, 0xDD, 0xF7, 0x03, 0x1E, 0x66, 0xFB, 0x0A, 0x2D, 0x67, 0xB8, 0x0A, 0x2D, 0x67, 0xB8,
    0x39, 0x83, 0xC9, 0x2D, 0x2B, 0x78, 0xC5, 0x18, 0x2C, 0x7A, 0xC8, 0x08, 0x2E, 0x7D, 0xC8, 0x09,
    0x2E, 0x7D, 0xC8, 0x09, 0x2F, 0x82, 0xCB, 0x03, 0x30, 0x82, 0xCD, 0x07, 0x33, 0x85, 0xCE, 0x03,
    0x33, 0x85, 0xCE, 0x03, 0x34, 0x83, 0xCE, 0x03, 0x34, 0x82, 0xCD, 0x02, 0x35, 0x82, 0xCC, 0x01,
    0x35, 0x82, 0xCC, 0x01, 0x34, 0x81, 0xCB, 0x01, 0x34, 0x81, 0xCB, 0x01, 0x34, 0x81, 0xCB, 0x01,
    0x34, 0x81, 0xCB, 0x01, 0x34, 0x81, 0xCB, 0x01, 0x00, 0x00, 0x00, 0x00, 0x00, 0x00, 0x00, 0x00,
    0x00, 0x00, 0x00, 0x00, 0x00, 0x00, 0x00, 0x00, 0x00, 0x00, 0x00, 0x00, 0x00, 0x00, 0x00, 0x00,
    0x00, 0x00, 0x00, 0x00, 0x00, 0x00, 0x00, 0x00, 0x00, 0x00, 0x00, 0x00, 0x00, 0x00, 0x00, 0x00,
    0x00, 0x00, 0x00, 0x00, 0x00, 0x00, 0x00, 0x00, 0x00, 0x00, 0x00, 0x00, 0x00, 0x00, 0x00, 0x00,
    0x00, 0x00, 0x00, 0x00, 0x00, 0x00, 0x00, 0x00, 0x00, 0x00, 0x00, 0x00, 0x00, 0x00, 0x00, 0x00,
    0x00, 0x00, 0x00, 0x00, 0x3A, 0x84, 0xCD, 0x01, 0x3A, 0x85, 0xCD, 0x01, 0x3A, 0x85, 0xCD, 0x01,
    0x35, 0x83, 0xCC, 0x04, 0x3D, 0x8B, 0xD7, 0x01, 0x1D, 0x50, 0x8A, 0x6F, 0x03, 0x17, 0x46, 0xF9,
    0x03, 0x17, 0x46, 0xF9, 0x13, 0x60, 0xBF, 0xF8, 0x17, 0x80, 0xF4, 0xFB, 0x15, 0x81, 0xF5, 0xFB,
    0x15, 0x81, 0xF5, 0xFB, 0x19, 0x7F, 0xF3, 0xFB, 0x23, 0x91, 0xFA, 0xFB, 0x2E, 0x98, 0xFB, 0xFC,
    0x2E, 0x98, 0xFB, 0xFC, 0x3C, 0xA9, 0xFE, 0xFC, 0x4B, 0xB1, 0xFE, 0xFC, 0x5B, 0xBE, 0xFE, 0xFC,
    0x60, 0xB9, 0xFD, 0xFC, 0x60, 0xB9, 0xFD, 0xFC, 0x6D, 0xBA, 0xFE, 0xFC, 0x92, 0xDD, 0xFF, 0xFC,
    0x69, 0x9A, 0xDE, 0xFC, 0x69, 0x9A, 0xDE, 0xFC, 0x17, 0x2A, 0x4A, 0xFD, 0x0D, 0x23, 0x32, 0xFD,
    0x04, 0x09, 0x11, 0xFD, 0x05, 0x0E, 0x19, 0xFD, 0x05, 0x0E, 0x19, 0xFD, 0x0D, 0x1E, 0x2D, 0xFD,
    0x37, 0x52, 0x67, 0xFD, 0xAB, 0xC1, 0xDA, 0xFD, 0xAB, 0xC1, 0xDA, 0xFD, 0xF5, 0xFA, 0xFA, 0xFD,
    0xFC, 0xF9, 0xF7, 0xFD, 0xF6, 0xF2, 0xF4, 0xFD, 0xF6, 0xF2, 0xF4, 0xFD, 0xF8, 0xF7, 0xF9, 0xFD,
    0xC2, 0xCD, 0xEF, 0xFD, 0x31, 0x41, 0x82, 0xFD, 0x17, 0x25, 0x5D, 0xFD, 0x17, 0x25, 0x5D, 0xFD,
    0x22, 0x2C, 0x60, 0xFD, 0x1B, 0x21, 0x4E, 0xFD, 0x3D, 0x47, 0x6C, 0xFD, 0x3D, 0x47, 0x6C, 0xFD,
    0xD0, 0xD5, 0xE7, 0xFD, 0xF4, 0xF5, 0xF9, 0xFD, 0xF4, 0xF7, 0xF9, 0xFD, 0xF0, 0xF6, 0xF9, 0xFD,
    0xF0, 0xF6, 0xF9, 0xFD, 0xE2, 0xF5, 0xF9, 0xFD, 0xC2, 0xEF, 0xFA, 0xFD, 0x8B, 0xB4, 0xE1, 0xFD,
    0x8B, 0xB4, 0xE1, 0xFD, 0x33, 0x4A, 0x6C, 0xFD, 0x19, 0x28, 0x3A, 0xFD, 0x09, 0x0E, 0x1C, 0xFD,
    0x09, 0x0E, 0x1C, 0xFD, 0x14, 0x1A, 0x27, 0xFD, 0x1C, 0x21, 0x2C, 0xFD, 0x1A, 0x1D, 0x2A, 0xFD,
    0x1C, 0x23, 0x37, 0xFD, 0x1C, 0x23, 0x37, 0xFD, 0x62, 0x84, 0xA4, 0xFD, 0xBB, 0xE7, 0xFC, 0xFD,
    0xAC, 0xE5, 0xFF, 0xFD, 0xAC, 0xE5, 0xFF, 0xFD, 0x7B, 0xC0, 0xFB, 0xFD, 0x5E, 0xB9, 0xFB, 0xFD,
    0x4D, 0xB2, 0xFB, 0xFD, 0x48, 0xB2, 0xFC, 0xFD, 0x48, 0xB2, 0xFC, 0xFD, 0x3F, 0xA8, 0xFE, 0xFD,
    0x37, 0xA3, 0xFE, 0xFC, 0x33, 0xA1, 0xFD, 0xFC, 0x33, 0xA1, 0xFD, 0xFC, 0x2A, 0x9A, 0xFB, 0xFC,
    0x1F, 0x8C, 0xF6, 0xFC, 0x1C, 0x8B, 0xF8, 0xFC, 0x1C, 0x8B, 0xF8, 0xFC, 0x19, 0x8A, 0xFA, 0xFB,
    0x18, 0x88, 0xF9, 0xFB, 0x11, 0x7E, 0xEE, 0xFB, 0x12, 0x85, 0xF0, 0xFB, 0x12, 0x85, 0xF0, 0xFB,
    0x27, 0x8A, 0xE8, 0xF8, 0x07, 0x23, 0x61, 0xF9, 0x06, 0x1F, 0x5D, 0xB3, 0x06, 0x1F, 0x5D, 0xB3,
    0x2B, 0x6E, 0xBD, 0x11, 0x27, 0x71, 0xC1, 0x10, 0x2E, 0x7D, 0xC9, 0x10, 0x34, 0x82, 0xCC, 0x17,
    0x34, 0x82, 0xCC, 0x17, 0x3B, 0x8E, 0xD9, 0x17, 0x37, 0x87, 0xD3, 0x03, 0x00, 0x00, 0x00, 0x00,
    0x00, 0x00, 0x00, 0x00, 0x34, 0x83, 0xCD, 0x05, 0x34, 0x82, 0xCE, 0x03, 0x34, 0x81, 0xCC, 0x02,
    0x34, 0x81, 0xCC, 0x02, 0x34, 0x82, 0xCB, 0x02, 0x35, 0x80, 0xCA, 0x01, 0x35, 0x81, 0xCB, 0x01,
    0x00, 0x00, 0x00, 0x00, 0x00, 0x00, 0x00, 0x00, 0x00, 0x00, 0x00, 0x00, 0x00, 0x00, 0x00, 0x00,
    0x00, 0x00, 0x00, 0x00, 0x00, 0x00, 0x00, 0x00, 0x00, 0x00, 0x00, 0x00, 0x00, 0x00, 0x00, 0x00,
    0x00, 0x00, 0x00, 0x00, 0x00, 0x00, 0x00, 0x00, 0x00, 0x00, 0x00, 0x00, 0x00, 0x00, 0x00, 0x00,
    0x00, 0x00, 0x00, 0x00, 0x00, 0x00, 0x00, 0x00, 0x00, 0x00, 0x00, 0x00, 0x00, 0x00, 0x00, 0x00,
    0x00, 0x00, 0x00, 0x00, 0x00, 0x00, 0x00, 0x00, 0x00, 0x00, 0x00, 0x00, 0x00, 0x00, 0x00, 0x00,
    0x00, 0x00, 0x00, 0x00, 0x3B, 0x85, 0xCD, 0x01, 0x3B, 0x85, 0xCD, 0x01, 0x3B, 0x85, 0xCD, 0x01,
    0x3A, 0x85, 0xCE, 0x03, 0x3D, 0x8B, 0xD5, 0x02, 0x38, 0x7D, 0xBC, 0x23, 0x19, 0x4C, 0x83, 0xB1,
    0x19, 0x4C, 0x83, 0xB1, 0x0C, 0x47, 0x93, 0xF9, 0x19, 0x7F, 0xEF, 0xF7, 0x17, 0x85, 0xF8, 0xFA,
    0x17, 0x85, 0xF8, 0xFA, 0x1F, 0x8E, 0xF9, 0xFB, 0x22, 0x95, 0xFB, 0xFA, 0x21, 0x8D, 0xF5, 0xFB,
    0x21, 0x8D, 0xF5, 0xFB, 0x26, 0x95, 0xF9, 0xFB, 0x26, 0x90, 0xF8, 0xFB, 0x2F, 0x97, 0xFA, 0xFB,
    0x3A, 0x9B, 0xF7, 0xFB, 0x3A, 0x9B, 0xF7, 0xFB, 0x52, 0xB0, 0xFD, 0xFB, 0x68, 0xBB, 0xFF, 0xFC,
    0x86, 0xD3, 0xFF, 0xFC, 0x86, 0xD3, 0xFF, 0xFC, 0x84, 0xC5, 0xFD, 0xFC, 0x64, 0x9D, 0xCA, 0xFC,
    0x46, 0x68, 0x8F, 0xFD, 0x83, 0xA2, 0xB5, 0xFC, 0x83, 0xA2, 0xB5, 0xFC, 0xAC, 0xC0, 0xD3, 0xFD,
    0xD2, 0xE8, 0xF5, 0xFD, 0xED, 0xFA, 0xFE, 0xFD, 0xED, 0xFA, 0xFE, 0xFD, 0xEE, 0xF7, 0xFA, 0xFD,
    0xF7, 0xF6, 0xF8, 0xFD, 0xFB, 0xF9, 0xF9, 0xFD, 0xFB, 0xF9, 0xF9, 0xFD, 0xF6, 0xF6, 0xF9, 0xFD,
    0xF2, 0xF5, 0xFA, 0xFD, 0xCE, 0xD9, 0xF3, 0xFD, 0x67, 0x76, 0xA4, 0xFD, 0x67, 0x76, 0xA4, 0xFD,
    0x46, 0x50, 0x7B, 0xFD, 0x9E, 0xA3, 0xBD, 0xFD, 0xE1, 0xE4, 0xEF, 0xFD, 0xE1, 0xE4, 0xEF, 0xFD,
    0xF6, 0xF7, 0xFB, 0xFD, 0xF6, 0xF6, 0xFB, 0xFD, 0xF9, 0xF8, 0xFA, 0xFD, 0xF7, 0xF8, 0xF9, 0xFD,
    0xF7, 0xF8, 0xF9, 0xFD, 0xF5, 0xF9, 0xFA, 0xFD, 0xDF, 0xF1, 0xFB, 0xFD, 0xD4, 0xF4, 0xFC, 0xFD,
    0xD4, 0xF4, 0xFC, 0xFD, 0xB2, 0xD7, 0xF2, 0xFD, 0x7E, 0xA9, 0xD1, 0xFD, 0x65, 0x89, 0xB3, 0xFD,
    0x65, 0x89, 0xB3, 0xFD, 0x5C, 0x7F, 0xAA, 0xFD, 0x49, 0x73, 0xA1, 0xFD, 0x58, 0x8C, 0xBE, 0xFD,
    0x76, 0xAC, 0xE3, 0xFD, 0x76, 0xAC, 0xE3, 0xFD, 0x91, 0xD7, 0xFD, 0xFD, 0x77, 0xC2, 0xFC, 0xFD,
    0x5F, 0xB4, 0xFB, 0xFD, 0x5F, 0xB4, 0xFB, 0xFD, 0x55, 0xB3, 0xFC, 0xFD, 0x4A, 0xAE, 0xFD, 0xFD,
    0x46, 0xB4, 0xFE, 0xFD, 0x41, 0xB0, 0xFE, 0xFC, 0x41, 0xB0, 0xFE, 0xFC, 0x2C, 0x96, 0xFC, 0xFC,
    0x25, 0x90, 0xFA, 0xFC, 0x1B, 0x87, 0xF4, 0xFC, 0x1B, 0x87, 0xF4, 0xFC, 0x15, 0x87, 0xF5, 0xFC,
    0x14, 0x88, 0xF6, 0xFB, 0x13, 0x88, 0xF8, 0xFB, 0x13, 0x88, 0xF8, 0xFB, 0x10, 0x85, 0xF7, 0xFB,
    0x11, 0x87, 0xF8, 0xFB, 0x0D, 0x7E, 0xEE, 0xFA, 0x12, 0x7F, 0xE8, 0xFA, 0x12, 0x7F, 0xE8, 0xFA,
    0x28, 0x7F, 0xD6, 0xF5, 0x0A, 0x2A, 0x6A, 0xF3, 0x13, 0x30, 0x71, 0xA2, 0x13, 0x30, 0x71, 0xA2,
    0x3B, 0x7E, 0xC5, 0x13, 0x31, 0x71, 0xB2, 0x5C, 0x16, 0x45, 0x80, 0x99, 0x10, 0x31, 0x66, 0xB7,
    0x10, 0x31, 0x66, 0xB7, 0x15, 0x3A, 0x6E, 0xAA, 0x1E, 0x50, 0x8A, 0x4C, 0x37, 0x85, 0xC7, 0x23,
    0x37, 0x85, 0xC7, 0x23, 0x3D, 0x8C, 0xD3, 0x03, 0x36, 0x86, 0xD0, 0x04, 0x33, 0x83, 0xCF, 0x02,
    0x33, 0x83, 0xCF, 0x02, 0x35, 0x83, 0xCE, 0x01, 0x35, 0x82, 0xCB, 0x01, 0x00, 0x00, 0x00, 0x00,
    0x00, 0x00, 0x00, 0x00, 0x00, 0x00, 0x00, 0x00, 0x00, 0x00, 0x00, 0x00, 0x00, 0x00, 0x00, 0x00,
    0x00, 0x00, 0x00, 0x00, 0x00, 0x00, 0x00, 0x00, 0x00, 0x00, 0x00, 0x00, 0x00, 0x00, 0x00, 0x00,
    0x00, 0x00, 0x00, 0x00, 0x00, 0x00, 0x00, 0x00, 0x00, 0x00, 0x00, 0x00, 0x00, 0x00, 0x00, 0x00,
    0x00, 0x00, 0x00, 0x00, 0x00, 0x00, 0x00, 0x00, 0x00, 0x00, 0x00, 0x00, 0x00, 0x00, 0x00, 0x00,
    0x00, 0x00, 0x00, 0x00, 0x00, 0x00, 0x00, 0x00, 0x00, 0x00, 0x00, 0x00, 0x00, 0x00, 0x00, 0x00,
    0x00, 0x00, 0x00, 0x00, 0x3B, 0x85, 0xCD, 0x01, 0x3B, 0x85, 0xCD, 0x01, 0x3B, 0x85, 0xCD, 0x01,
    0x3A, 0x85, 0xCE, 0x03, 0x3D, 0x8B, 0xD5, 0x02, 0x38, 0x7D, 0xBC, 0x23, 0x19, 0x4C, 0x83, 0xB1,
    0x19, 0x4C, 0x83, 0xB1, 0x0C, 0x47, 0x93, 0xF9, 0x19, 0x7F, 0xEF, 0xF7, 0x17, 0x85, 0xF8, 0xFA,
    0x17, 0x85, 0xF8, 0xFA, 0x1F, 0x8E, 0xF9, 0xFB, 0x22, 0x95, 0xFB, 0xFA, 0x21, 0x8D, 0xF5, 0xFB,
    0x21, 0x8D, 0xF5, 0xFB, 0x26, 0x95, 0xF9, 0xFB, 0x26, 0x90, 0xF8, 0xFB, 0x2F, 0x97, 0xFA, 0xFB,
    0x3A, 0x9B, 0xF7, 0xFB, 0x3A, 0x9B, 0xF7, 0xFB, 0x52, 0xB0, 0xFD, 0xFB, 0x68, 0xBB, 0xFF, 0xFC,
    0x86, 0xD3, 0xFF, 0xFC, 0x86, 0xD3, 0xFF, 0xFC, 0x84, 0xC5, 0xFD, 0xFC, 0x64, 0x9D, 0xCA, 0xFC,
    0x46, 0x68, 0x8F, 0xFD, 0x83, 0xA2, 0xB5, 0xFC, 0x83, 0xA2, 0xB5, 0xFC, 0xAC, 0xC0, 0xD3, 0xFD,
    0xD2, 0xE8, 0xF5, 0xFD, 0xED, 0xFA, 0xFE, 0xFD, 0xED, 0xFA, 0xFE, 0xFD, 0xEE, 0xF7, 0xFA, 0xFD,
    0xF7, 0xF6, 0xF8, 0xFD, 0xFB, 0xF9, 0xF9, 0xFD, 0xFB, 0xF9, 0xF9, 0xFD, 0xF6, 0xF6, 0xF9, 0xFD,
    0xF2, 0xF5, 0xFA, 0xFD, 0xCE, 0xD9, 0xF3, 0xFD, 0x67, 0x76, 0xA4, 0xFD, 0x67, 0x76, 0xA4, 0xFD,
    0x46, 0x50, 0x7B, 0xFD, 0x9E, 0xA3, 0xBD, 0xFD, 0xE1, 0xE4, 0xEF, 0xFD, 0xE1, 0xE4, 0xEF, 0xFD,
    0xF6, 0xF7, 0xFB, 0xFD, 0xF6, 0xF6, 0xFB, 0xFD, 0xF9, 0xF8, 0xFA, 0xFD, 0xF7, 0xF8, 0xF9, 0xFD,
    0xF7, 0xF8, 0xF9, 0xFD, 0xF5, 0xF9, 0xFA, 0xFD, 0xDF, 0xF1, 0xFB, 0xFD, 0xD4, 0xF4, 0xFC, 0xFD,
    0xD4, 0xF4, 0xFC, 0xFD, 0xB2, 0xD7, 0xF2, 0xFD, 0x7E, 0xA9, 0xD1, 0xFD, 0x65, 0x89, 0xB3, 0xFD,
    0x65, 0x89, 0xB3, 0xFD, 0x5C, 0x7F, 0xAA, 0xFD, 0x49, 0x73, 0xA1, 0xFD, 0x58, 0x8C, 0xBE, 0xFD,
    0x76, 0xAC, 0xE3, 0xFD, 0x76, 0xAC, 0xE3, 0xFD, 0x91, 0xD7, 0xFD, 0xFD, 0x77, 0xC2, 0xFC, 0xFD,
    0x5F, 0xB4, 0xFB, 0xFD, 0x5F, 0xB4, 0xFB, 0xFD, 0x55, 0xB3, 0xFC, 0xFD, 0x4A, 0xAE, 0xFD, 0xFD,
    0x46, 0xB4, 0xFE, 0xFD, 0x41, 0xB0, 0xFE, 0xFC, 0x41, 0xB0, 0xFE, 0xFC, 0x2C, 0x96, 0xFC, 0xFC,
    0x25, 0x90, 0xFA, 0xFC, 0x1B, 0x87, 0xF4, 0xFC, 0x1B, 0x87, 0xF4, 0xFC, 0x15, 0x87, 0xF5, 0xFC,
    0x14, 0x88, 0xF6, 0xFB, 0x13, 0x88, 0xF8, 0xFB, 0x13, 0x88, 0xF8, 0xFB, 0x10, 0x85, 0xF7, 0xFB,
    0x11, 0x87, 0xF8, 0xFB, 0x0D, 0x7E, 0xEE, 0xFA, 0x12, 0x7F, 0xE8, 0xFA, 0x12, 0x7F, 0xE8, 0xFA,
    0x28, 0x7F, 0xD6, 0xF5, 0x0A, 0x2A, 0x6A, 0xF3, 0x13, 0x30, 0x71, 0xA2, 0x13, 0x30, 0x71, 0xA2,
    0x3B, 0x7E, 0xC5, 0x13, 0x31, 0x71, 0xB2, 0x5C, 0x16, 0x45, 0x80, 0x99, 0x10, 0x31, 0x66, 0xB7,
    0x10, 0x31, 0x66, 0xB7, 0x15, 0x3A, 0x6E, 0xAA, 0x1E, 0x50, 0x8A, 0x4C, 0x37, 0x85, 0xC7, 0x23,
    0x37, 0x85, 0xC7, 0x23, 0x3D, 0x8C, 0xD3, 0x03, 0x36, 0x86, 0xD0, 0x04, 0x33, 0x83, 0xCF, 0x02,
    0x33, 0x83, 0xCF, 0x02, 0x35, 0x83, 0xCE, 0x01, 0x35, 0x82, 0xCB, 0x01, 0x00, 0x00, 0x00, 0x00,
    0x00, 0x00, 0x00, 0x00, 0x00, 0x00, 0x00, 0x00, 0x00, 0x00, 0x00, 0x00, 0x00, 0x00, 0x00, 0x00,
    0x00, 0x00, 0x00, 0x00, 0x00, 0x00, 0x00, 0x00, 0x00, 0x00, 0x00, 0x00, 0x00, 0x00, 0x00, 0x00,
    0x00, 0x00, 0x00, 0x00, 0x00, 0x00, 0x00, 0x00, 0x00, 0x00, 0x00, 0x00, 0x00, 0x00, 0x00, 0x00,
    0x00, 0x00, 0x00, 0x00, 0x00, 0x00, 0x00, 0x00, 0x00, 0x00, 0x00, 0x00, 0x00, 0x00, 0x00, 0x00,
    0x00, 0x00, 0x00, 0x00, 0x00, 0x00, 0x00, 0x00, 0x00, 0x00, 0x00, 0x00, 0x00, 0x00, 0x00, 0x00,
    0x00, 0x00, 0x00, 0x00, 0x3B, 0x85, 0xCC, 0x01, 0x3C, 0x86, 0xCD, 0x01, 0x3C, 0x86, 0xCD, 0x01,
    0x3C, 0x86, 0xCF, 0x01, 0x3A, 0x87, 0xD1, 0x04, 0x3C, 0x90, 0xD4, 0x02, 0x41, 0x8A, 0xC4, 0x56,
    0x41, 0x8A, 0xC4, 0x56, 0x0B, 0x32, 0x69, 0xF9, 0x0D, 0x58, 0xBD, 0xF7, 0x17, 0x83, 0xF4, 0xFA,
    0x17, 0x83, 0xF4, 0xFA, 0x19, 0x85, 0xF3, 0xFA, 0x1F, 0x8B, 0xF6, 0xFA, 0x24, 0x90, 0xF9, 0xFA,
    0x24, 0x90, 0xF9, 0xFA, 0x25, 0x91, 0xFA, 0xFB, 0x26, 0x91, 0xFB, 0xFB, 0x2F, 0x99, 0xFD, 0xFB,
    0x44, 0xA5, 0xFD, 0xFB, 0x44, 0xA5, 0xFD, 0xFB, 0x5F, 0xBF, 0xFF, 0xFB, 0x5B, 0xB4, 0xFE, 0xFC,
    0x63, 0xBF, 0xFF, 0xFC, 0x63, 0xBF, 0xFF, 0xFC, 0x61, 0xB7, 0xFF, 0xFC, 0x6D, 0xBE, 0xFE, 0xFC,
    0x8A, 0xC2, 0xFB, 0xFD, 0xCA, 0xEE, 0xFE, 0xFD, 0xCA, 0xEE, 0xFE, 0xFD, 0xE4, 0xF5, 0xFD, 0xFD,
    0xE8, 0xF3, 0xFB, 0xFD, 0xE4, 0xEE, 0xF9, 0xFD, 0xE4, 0xEE, 0xF9, 0xFD, 0xEF, 0xF6, 0xFB, 0xFD,
    0xF3, 0xF7, 0xFA, 0xFD, 0xF9, 0xF9, 0xFB, 0xFD, 0xF9, 0xF9, 0xFB, 0xFD, 0xF5, 0xF5, 0xF8, 0xFD,
    0xF2, 0xF2, 0xF7, 0xFD, 0xF5, 0xF7, 0xFB, 0xFD, 0xB1, 0xC1, 0xE2, 0xFD, 0xB1, 0xC1, 0xE2, 0xFD,
    0x9A, 0xA7, 0xC9, 0xFD, 0xF6, 0xF7, 0xFB, 0xFD, 0xF8, 0xF9, 0xFC, 0xFD, 0xF8, 0xF9, 0xFC, 0xFD,
    0xF8, 0xF8, 0xFB, 0xFD, 0xFA, 0xF9, 0xFB, 0xFD, 0xFA, 0xF9, 0xFB, 0xFD, 0xF9, 0xF8, 0xFA, 0xFD,
    0xF9, 0xF8, 0xFA, 0xFD, 0xF9, 0xFA, 0xFB, 0xFD, 0xF1, 0xF6, 0xFC, 0xFD, 0xE9, 0xF7, 0xFD, 0xFD,
    0xE9, 0xF7, 0xFD, 0xFD, 0xDC, 0xF5, 0xFE, 0xFD, 0xD7, 0xFA, 0xFF, 0xFD, 0xC3, 0xF4, 0xFF, 0xFD,
    0xC3, 0xF4, 0xFF, 0xFD, 0xAF, 0xF1, 0xFF, 0xFD, 0x8C, 0xDA, 0xFE, 0xFD, 0x7C, 0xD1, 0xFE, 0xFD,
    0x6B, 0xC0, 0xFD, 0xFD, 0x6B, 0xC0, 0xFD, 0xFD, 0x5B, 0xB8, 0xFC, 0xFD, 0x4C, 0xAD, 0xFB, 0xFD,
    0x4D, 0xAF, 0xFC, 0xFD, 0x4D, 0xAF, 0xFC, 0xFD, 0x4C, 0xAD, 0xFD, 0xFD, 0x4D, 0xB8, 0xFE, 0xFC,
    0x47, 0xB0, 0xFF, 0xFD, 0x40, 0xA7, 0xFE, 0xFC, 0x40, 0xA7, 0xFE, 0xFC, 0x3B, 0xA5, 0xFE, 0xFC,
    0x2F, 0x99, 0xFD, 0xFC, 0x20, 0x88, 0xF5, 0xFC, 0x20, 0x88, 0xF5, 0xFC, 0x1D, 0x8C, 0xF8, 0xFB,
    0x17, 0x88, 0xF6, 0xFB, 0x12, 0x85, 0xF7, 0xFB, 0x12, 0x85, 0xF7, 0xFB, 0x0C, 0x7C, 0xF1, 0xFB,
    0x09, 0x77, 0xEB, 0xFA, 0x0F, 0x7B, 0xEB, 0xF9, 0x15, 0x69, 0xCE, 0xF9, 0x15, 0x69, 0xCE, 0xF9,
    0x0C, 0x39, 0x8B, 0xF4, 0x1E, 0x4D, 0x90, 0xED, 0x38, 0x68, 0xAC, 0xA4, 0x38, 0x68, 0xAC, 0xA4,
    0x3B, 0x66, 0x9B, 0xC0, 0x09, 0x27, 0x4F, 0xED, 0x18, 0x30, 0x54, 0xF5, 0x29, 0x35, 0x56, 0xFC,
    0x29, 0x35, 0x56, 0xFC, 0x2B, 0x40, 0x5B, 0xF2, 0x14, 0x26, 0x45, 0xE0, 0x0E, 0x2A, 0x55, 0xC7,
    0x0E, 0x2A, 0x55, 0xC7, 0x2E, 0x63, 0x9D, 0x34, 0x3F, 0x8F, 0xDA, 0x02, 0x33, 0x83, 0xCE, 0x05,
    0x33, 0x83, 0xCE, 0x05, 0x35, 0x82, 0xCE, 0x01, 0x36, 0x83, 0xCC, 0x01, 0x00, 0x00, 0x00, 0x00,
    0x00, 0x00, 0x00, 0x00, 0x00, 0x00, 0x00, 0x00, 0x00, 0x00, 0x00, 0x00, 0x00, 0x00, 0x00, 0x00,
    0x00, 0x00, 0x00, 0x00, 0x00, 0x00, 0x00, 0x00, 0x00, 0x00, 0x00, 0x00, 0x00, 0x00, 0x00, 0x00,
    0x00, 0x00, 0x00, 0x00, 0x00, 0x00, 0x00, 0x00, 0x00, 0x00, 0x00, 0x00, 0x00, 0x00, 0x00, 0x00,
    0x00, 0x00, 0x00, 0x00, 0x00, 0x00, 0x00, 0x00, 0x00, 0x00, 0x00, 0x00, 0x00, 0x00, 0x00, 0x00,
    0x00, 0x00, 0x00, 0x00, 0x00, 0x00, 0x00, 0x00, 0x00, 0x00, 0x00, 0x00, 0x00, 0x00, 0x00, 0x00,
    0x00, 0x00, 0x00, 0x00, 0x00, 0x00, 0x00, 0x00, 0x00, 0x00, 0x00, 0x00, 0x00, 0x00, 0x00, 0x00,
    0x00, 0x00, 0x00, 0x00, 0x3D, 0x88, 0xCF, 0x03, 0x38, 0x8A, 0xD1, 0x02, 0x3F, 0x86, 0xC4, 0x3F,
    0x3F, 0x86, 0xC4, 0x3F, 0x07, 0x21, 0x4F, 0xD8, 0x0E, 0x4E, 0xA2, 0xE5, 0x1A, 0x84, 0xF3, 0xF7,
    0x1A, 0x84, 0xF3, 0xF7, 0x1A, 0x85, 0xF3, 0xF7, 0x26, 0x92, 0xF9, 0xF8, 0x2B, 0x98, 0xFC, 0xF9,
    0x2B, 0x98, 0xFC, 0xF9, 0x2C, 0x97, 0xFD, 0xF9, 0x35, 0xA0, 0xFE, 0xFA, 0x45, 0xB0, 0xFF, 0xFA,
    0x54, 0xBA, 0xFF, 0xFB, 0x54, 0xBA, 0xFF, 0xFB, 0x5A, 0xC0, 0xFF, 0xFB, 0x52, 0xBB, 0xFE, 0xFB,
    0x49, 0xB5, 0xFE, 0xFB, 0x49, 0xB5, 0xFE, 0xFB, 0x35, 0x9B, 0xFD, 0xFC, 0x36, 0x95, 0xFC, 0xFC,
    0x3F, 0x8E, 0xF2, 0xFC, 0x8F, 0xC2, 0xF6, 0xFC, 0x8F, 0xC2, 0xF6, 0xFC, 0xD0, 0xE7, 0xF9, 0xFD,
    0xDE, 0xEC, 0xFA, 0xFD, 0xDF, 0xF1, 0xFC, 0xFD, 0xDF, 0xF1, 0xFC, 0xFD, 0xDF, 0xF4, 0xFC, 0xFD,
    0xF2, 0xF9, 0xFC, 0xFD, 0xF4, 0xF7, 0xFB, 0xFD, 0xF4, 0xF7, 0xFB, 0xFD, 0xF5, 0xF6, 0xF8, 0xFD,
    0xF1, 0xF2, 0xF4, 0xFD, 0xF7, 0xF8, 0xFC, 0xFD, 0xA9, 0xB3, 0xD0, 0xFD, 0xA9, 0xB3, 0xD0, 0xFD,
    0x7C, 0x8C, 0xA7, 0xFD, 0xF9, 0xF9, 0xFC, 0xFD, 0xF7, 0xF7, 0xF9, 0xFD, 0xF7, 0xF7, 0xF9, 0xFD,
    0xF6, 0xF5, 0xF7, 0xFD, 0xF9, 0xF7, 0xF9, 0xFD, 0xFB, 0xFB, 0xFC, 0xFD, 0xFE, 0xFE, 0xFE, 0xFD,
    0xFE, 0xFE, 0xFE, 0xFD, 0xFB, 0xFE, 0xFF, 0xFD, 0xF6, 0xFB, 0xFE, 0xFD, 0xF2, 0xFA, 0xFE, 0xFD,
    0xF2, 0xFA, 0xFE, 0xFD, 0xE9, 0xF6, 0xFC, 0xFD, 0xD6, 0xF3, 0xFD, 0xFD, 0xB2, 0xE0, 0xFB, 0xFD,
    0xB2, 0xE0, 0xFB, 0xFD, 0x83, 0xCC, 0xFB, 0xFD, 0x5E, 0xBA, 0xFA, 0xFD, 0x53, 0xB7, 0xFC, 0xFD,
    0x4D, 0xB3, 0xFC, 0xFD, 0x4D, 0xB3, 0xFC, 0xFD, 0x4B, 0xB4, 0xFD, 0xFD, 0x50, 0xB9, 0xFD, 0xFD,
    0x50, 0xB8, 0xFE, 0xFD, 0x50, 0xB8, 0xFE, 0xFD, 0x50, 0xB6, 0xFE, 0xFD, 0x52, 0xB9, 0xFE, 0xFC,
    0x4B, 0xB0, 0xFE, 0xFC, 0x54, 0xBC, 0xFE, 0xFC, 0x54, 0xBC, 0xFE, 0xFC, 0x4D, 0xB6, 0xFE, 0xFC,
    0x3F, 0xA8, 0xFE, 0xFC, 0x38, 0xA5, 0xFD, 0xFB, 0x38, 0xA5, 0xFD, 0xFB, 0x2C, 0x9B, 0xFC, 0xFB,
    0x1A, 0x86, 0xF5, 0xFB, 0x1A, 0x8C, 0xF6, 0xFA, 0x1A, 0x8C, 0xF6, 0xFA, 0x13, 0x83, 0xEF, 0xFA,
    0x10, 0x77, 0xE6, 0xF9, 0x19, 0x78, 0xDF, 0xF8, 0x0D, 0x40, 0x8B, 0xF6, 0x0D, 0x40, 0x8B, 0xF6,
    0x09, 0x25, 0x68, 0xED, 0x57, 0x96, 0xD2, 0xE0, 0x2A, 0x4C, 0x85, 0xAC, 0x2A, 0x4C, 0x85, 0xAC,
    0x03, 0x08, 0x2B, 0xFC, 0x6C, 0x88, 0xA2, 0xF1, 0xCE, 0xE8, 0xF5, 0xF3, 0xCE, 0xDA, 0xED, 0xFB,
    0xCE, 0xDA, 0xED, 0xFB, 0xDB, 0xEF, 0xF7, 0xF8, 0x79, 0x8C, 0xA3, 0xFC, 0x20, 0x2C, 0x47, 0xF8,
    0x20, 0x2C, 0x47, 0xF8, 0x1E, 0x3A, 0x59, 0xCD, 0x40, 0x82, 0xBB, 0x48, 0x3D, 0x88, 0xD2, 0x03,
    0x3D, 0x88, 0xD2, 0x03, 0x37, 0x83, 0xCD, 0x02, 0x36, 0x83, 0xCC, 0x01, 0x00, 0x00, 0x00, 0x00,
    0x34, 0x80, 0xCA, 0x01, 0x34, 0x80, 0xCA, 0x01, 0x00, 0x00, 0x00, 0x00, 0x00, 0x00, 0x00, 0x00,
    0x00, 0x00, 0x00, 0x00, 0x00, 0x00, 0x00, 0x00, 0x00, 0x00, 0x00, 0x00, 0x00, 0x00, 0x00, 0x00,
    0x00, 0x00, 0x00, 0x00, 0x00, 0x00, 0x00, 0x00, 0x00, 0x00, 0x00, 0x00, 0x00, 0x00, 0x00, 0x00,
    0x00, 0x00, 0x00, 0x00, 0x00, 0x00, 0x00, 0x00, 0x00, 0x00, 0x00, 0x00, 0x00, 0x00, 0x00, 0x00,
    0x00, 0x00, 0x00, 0x00, 0x00, 0x00, 0x00, 0x00, 0x00, 0x00, 0x00, 0x00, 0x00, 0x00, 0x00, 0x00,
    0x00, 0x00, 0x00, 0x00, 0x00, 0x00, 0x00, 0x00, 0x00, 0x00, 0x00, 0x00, 0x00, 0x00, 0x00, 0x00,
    0x3E, 0x87, 0xCD, 0x01, 0x3F, 0x88, 0xD0, 0x02, 0x3B, 0x89, 0xD1, 0x02, 0x45, 0x93, 0xD4, 0x1D,
    0x45, 0x93, 0xD4, 0x1D, 0x1C, 0x4E, 0x87, 0xA6, 0x21, 0x68, 0xA8, 0xE2, 0x26, 0x8D, 0xEF, 0xFB,
    0x26, 0x8D, 0xEF, 0xFB, 0x20, 0x89, 0xF6, 0xF5, 0x26, 0x8F, 0xFA, 0xF8, 0x27, 0x8D, 0xF8, 0xF9,
    0x27, 0x8D, 0xF8, 0xF9, 0x32, 0x9E, 0xFD, 0xF9, 0x35, 0x9C, 0xFB, 0xFA, 0x3C, 0xA2, 0xFC, 0xFA,
    0x4C, 0xB6, 0xFF, 0xFA, 0x4C, 0xB6, 0xFF, 0xFA, 0x4A, 0xB4, 0xFF, 0xFB, 0x3D, 0xA9, 0xFE, 0xFB,
    0x34, 0x9F, 0xFE, 0xFB, 0x34, 0x9F, 0xFE, 0xFB, 0x31, 0x9A, 0xFD, 0xFC, 0x33, 0x9B, 0xFD, 0xFC,
    0x52, 0x9F, 0xF7, 0xFC, 0xA6, 0xCF, 0xFB, 0xFC, 0xA6, 0xCF, 0xFB, 0xFC, 0xD2, 0xED, 0xFD, 0xFD,
    0xDA, 0xED, 0xFB, 0xFD, 0xDC, 0xF3, 0xFC, 0xFD, 0xDC, 0xF3, 0xFC, 0xFD, 0x94, 0xB7, 0xDF, 0xFD,
    0x95, 0xAB, 0xD3, 0xFD, 0xEF, 0xF5, 0xFB, 0xFD, 0xEF, 0xF5, 0xFB, 0xFD, 0xF8, 0xFA, 0xFC, 0xFD,
    0xF8, 0xFA, 0xFC, 0xFD, 0xF2, 0xF7, 0xFC, 0xFD, 0x58, 0x63, 0x86, 0xFD, 0x58, 0x63, 0x86, 0xFD,
    0x15, 0x1B, 0x40, 0xFD, 0xCB, 0xCF, 0xE0, 0xFD, 0xFC, 0xFC, 0xFD, 0xFD, 0xFC, 0xFC, 0xFD, 0xFD,
    0xFB, 0xFB, 0xFC, 0xFD, 0xFD, 0xFC, 0xFC, 0xFD, 0xFC, 0xFD, 0xFE, 0xFD, 0x9B, 0xB2, 0xC3, 0xFD,
    0x9B, 0xB2, 0xC3, 0xFD, 0xA6, 0xBE, 0xD8, 0xFD, 0xFB, 0xFF, 0xFF, 0xFD, 0xF4, 0xF9, 0xFD, 0xFD,
    0xF4, 0xF9, 0xFD, 0xFD, 0xF2, 0xF8, 0xFC, 0xFD, 0xE4, 0xF7, 0xFC, 0xFD, 0xB8, 0xE1, 0xFA, 0xFD,
    0xB8, 0xE1, 0xFA, 0xFD, 0x82, 0xC3, 0xF7, 0xFD, 0x5D, 0xB2, 0xF8, 0xFD, 0x54, 0xB4, 0xFB, 0xFD,
    0x54, 0xB7, 0xFC, 0xFD, 0x54, 0xB7, 0xFC, 0xFD, 0x55, 0xBC, 0xFD, 0xFD, 0x4E, 0xB6, 0xFE, 0xFD,
    0x53, 0xBD, 0xFF, 0xFD, 0x53, 0xBD, 0xFF, 0xFD, 0x55, 0xB8, 0xFE, 0xFD, 0x4D, 0xAA, 0xFD, 0xFC,
    0x4E, 0xAB, 0xFD, 0xFC, 0x53, 0xB0, 0xFD, 0xFC, 0x53, 0xB0, 0xFD, 0xFC, 0x4D, 0xAE, 0xFD, 0xFC,
    0x4E, 0xB6, 0xFE, 0xFB, 0x39, 0xA1, 0xFC, 0xFB, 0x39, 0xA1, 0xFC, 0xFB, 0x29, 0x95, 0xFB, 0xFB,
    0x21, 0x8D, 0xF7, 0xFA, 0x17, 0x81, 0xEF, 0xFA, 0x17, 0x81, 0xEF, 0xFA, 0x10, 0x78, 0xE4, 0xF9,
    0x15, 0x7A, 0xE6, 0xF8, 0x17, 0x5A, 0xB5, 0xF7, 0x01, 0x0B, 0x46, 0xF6, 0x01, 0x0B, 0x46, 0xF6,
    0x24, 0x45, 0x81, 0xDE, 0x41, 0x73, 0xA6, 0xED, 0x02, 0x0A, 0x30, 0xF0, 0x02, 0x0A, 0x30, 0xF0,
    0x60, 0x74, 0x9A, 0xFB, 0xC3, 0xE5, 0xF5, 0xFA, 0xBE, 0xE1, 0xF3, 0xFC, 0xAD, 0xC3, 0xDE, 0xFA,
    0xAD, 0xC3, 0xDE, 0xFA, 0xCA, 0xE5, 0xF6, 0xF9, 0xCC, 0xE1, 0xF2, 0xF8, 0xC8, 0xE2, 0xF1, 0xF6,
    0xC8, 0xE2, 0xF1, 0xF6, 0x79, 0x97, 0xA4, 0xFC, 0x15, 0x29, 0x45, 0xDE, 0x43, 0x82, 0xC0, 0x19,
    0x43, 0x82, 0xC0, 0x19, 0x39, 0x86, 0xCE, 0x03, 0x35, 0x81, 0xCA, 0x03, 0x00, 0x00, 0x00, 0x00,
    0x00, 0x00, 0x00, 0x00, 0x00, 0x00, 0x00, 0x00, 0x00, 0x00, 0x00, 0x00, 0x00, 0x00, 0x00, 0x00,
    0x00, 0x00, 0x00, 0x00, 0x00, 0x00, 0x00, 0x00, 0x00, 0x00, 0x00, 0x00, 0x00, 0x00, 0x00, 0x00,
    0x00, 0x00, 0x00, 0x00, 0x00, 0x00, 0x00, 0x00, 0x00, 0x00, 0x00, 0x00, 0x00, 0x00, 0x00, 0x00,
    0x00, 0x00, 0x00, 0x00, 0x00, 0x00, 0x00, 0x00, 0x00, 0x00, 0x00, 0x00, 0x00, 0x00, 0x00, 0x00,
    0x00, 0x00, 0x00, 0x00, 0x00, 0x00, 0x00, 0x00, 0x00, 0x00, 0x00, 0x00, 0x00, 0x00, 0x00, 0x00,
    0x00, 0x00, 0x00, 0x00, 0x00, 0x00, 0x00, 0x00, 0x00, 0x00, 0x00, 0x00, 0x00, 0x00, 0x00, 0x00,
    0x3E, 0x88, 0xCD, 0x01, 0x40, 0x88, 0xCF, 0x01, 0x3F, 0x89, 0xD1, 0x02, 0x3E, 0x8C, 0xD3, 0x02,
    0x3E, 0x8C, 0xD3, 0x02, 0x44, 0x8E, 0xCB, 0x5C, 0x1A, 0x50, 0x7D, 0xA8, 0x10, 0x41, 0x79, 0xF8,
    0x10, 0x41, 0x79, 0xF8, 0x32, 0x95, 0xF1, 0xEF, 0x27, 0x91, 0xFC, 0xF6, 0x2C, 0x96, 0xFA, 0xF8,
    0x2C, 0x96, 0xFA, 0xF8, 0x36, 0x9E, 0xFA, 0xF8, 0x37, 0x9A, 0xF9, 0xF9, 0x3A, 0xA0, 0xFB, 0xFA,
    0x3E, 0xA6, 0xFE, 0xFA, 0x3E, 0xA6, 0xFE, 0xFA, 0x3B, 0xA3, 0xFF, 0xFA, 0x35, 0xA2, 0xFE, 0xFB,
    0x3E, 0xA8, 0xFE, 0xFB, 0x3E, 0xA8, 0xFE, 0xFB, 0x4C, 0xA7, 0xFD, 0xFC, 0x7C, 0xCA, 0xFE, 0xFC,
    0xB0, 0xE2, 0xFE, 0xFC, 0xCE, 0xED, 0xFE, 0xFC, 0xCE, 0xED, 0xFE, 0xFC, 0xD7, 0xEF, 0xFC, 0xFC,
    0xDA, 0xED, 0xFA, 0xFD, 0xDD, 0xF3, 0xFC, 0xFD, 0xDD, 0xF3, 0xFC, 0xFD, 0x94, 0xB1, 0xDC, 0xFD,
    0x15, 0x33, 0x6A, 0xFD, 0x7C, 0x8F, 0xB4, 0xFD, 0x7C, 0x8F, 0xB4, 0xFD, 0xD8, 0xE2, 0xF7, 0xFD,
    0xBD, 0xCB, 0xE0, 0xFD, 0x47, 0x5B, 0x7C, 0xFD, 0x1A, 0x29, 0x4A, 0xFD, 0x1A, 0x29, 0x4A, 0xFD,
    0x45, 0x57, 0x7A, 0xFD, 0x36, 0x46, 0x61, 0xFD, 0xA7, 0xAE, 0xBC, 0xFD, 0xA7, 0xAE, 0xBC, 0xFD,
    0xF1, 0xF9, 0xFC, 0xFD, 0xE7, 0xF0, 0xF6, 0xFD, 0x86, 0x9A, 0xAB, 0xFD, 0x0B, 0x18, 0x31, 0xFD,
    0x0B, 0x18, 0x31, 0xFD, 0x65, 0x81, 0xA7, 0xFD, 0xFE, 0xFF, 0xFF, 0xFD, 0xF7, 0xF9, 0xFC, 0xFD,
    0xF7, 0xF9, 0xFC, 0xFD, 0xF9, 0xFB, 0xFC, 0xFD, 0xEF, 0xFB, 0xFD, 0xFD, 0xD8, 0xEF, 0xFD, 0xFD,
    0xD8, 0xEF, 0xFD, 0xFD, 0xB8, 0xE0, 0xFC, 0xFD, 0x90, 0xCD, 0xFB, 0xFD, 0x74, 0xC1, 0xFC, 0xFD,
    0x61, 0xBC, 0xFD, 0xFD, 0x61, 0xBC, 0xFD, 0xFD, 0x5B, 0xC0, 0xFD, 0xFD, 0x58, 0xBC, 0xFE, 0xFD,
    0x58, 0xBF, 0xFE, 0xFD, 0x58, 0xBF, 0xFE, 0xFD, 0x57, 0xB9, 0xFE, 0xFC, 0x56, 0xB5, 0xFE, 0xFC,
    0x56, 0xB6, 0xFD, 0xFC, 0x53, 0xAF, 0xFD, 0xFC, 0x53, 0xAF, 0xFD, 0xFC, 0x4F, 0xB0, 0xFD, 0xFB,
    0x41, 0xA9, 0xFD, 0xFB, 0x31, 0x9C, 0xFC, 0xFB, 0x31, 0x9C, 0xFC, 0xFB, 0x29, 0x9B, 0xFD, 0xFA,
    0x1B, 0x8D, 0xF7, 0xF9, 0x13, 0x7C, 0xE8, 0xF9, 0x13, 0x7C, 0xE8, 0xF9, 0x14, 0x76, 0xDF, 0xF8,
    0x1D, 0x70, 0xCD, 0xF6, 0x04, 0x2B, 0x6F, 0xF3, 0x08, 0x1E, 0x55, 0xEB, 0x08, 0x1E, 0x55, 0xEB,
    0x15, 0x2E, 0x6B, 0xCB, 0x0D, 0x2F, 0x5E, 0xF3, 0x5F, 0x87, 0xAA, 0xFB, 0x5F, 0x87, 0xAA, 0xFB,
    0xB8, 0xE1, 0xF7, 0xF9, 0x9E, 0xC0, 0xE4, 0xFA, 0x90, 0xC0, 0xEB, 0xFB, 0x9E, 0xCD, 0xF1, 0xFB,
    0x9E, 0xCD, 0xF1, 0xFB, 0xAE, 0xDC, 0xF8, 0xFB, 0xB5, 0xD5, 0xED, 0xFB, 0xD8, 0xF4, 0xFC, 0xF9,
    0xD8, 0xF4, 0xFC, 0xF9, 0xAA, 0xC5, 0xD4, 0xF9, 0x04, 0x07, 0x0E, 0xF2, 0x3A, 0x6D, 0xA1, 0x68,
    0x3A, 0x6D, 0xA1, 0x68, 0x3E, 0x8E, 0xDB, 0x03, 0x31, 0x81, 0xC9, 0x03, 0x36, 0x80, 0xCB, 0x01,
    0x34, 0x7F, 0xCB, 0x01, 0x34, 0x7F, 0xCB, 0x01, 0x00, 0x00, 0x00, 0x00, 0x00, 0x00, 0x00, 0x00,
    0x00, 0x00, 0x00, 0x00, 0x00, 0x00, 0x00, 0x00, 0x00, 0x00, 0x00, 0x00, 0x00, 0x00, 0x00, 0x00,
    0x00, 0x00, 0x00, 0x00, 0x00, 0x00, 0x00, 0x00, 0x00, 0x00, 0x00, 0x00, 0x00, 0x00, 0x00, 0x00,
    0x00, 0x00, 0x00, 0x00, 0x00, 0x00, 0x00, 0x00, 0x00, 0x00, 0x00, 0x00, 0x00, 0x00, 0x00, 0x00,
    0x00, 0x00, 0x00, 0x00, 0x00, 0x00, 0x00, 0x00, 0x00, 0x00, 0x00, 0x00, 0x00, 0x00, 0x00, 0x00,
    0x00, 0x00, 0x00, 0x00, 0x00, 0x00, 0x00, 0x00, 0x00, 0x00, 0x00, 0x00, 0x00, 0x00, 0x00, 0x00,
    0x3E, 0x88, 0xCD, 0x01, 0x40, 0x88, 0xCF, 0x01, 0x3F, 0x89, 0xD1, 0x02, 0x3E, 0x8C, 0xD3, 0x02,
    0x3E, 0x8C, 0xD3, 0x02, 0x44, 0x8E, 0xCB, 0x5C, 0x1A, 0x50, 0x7D, 0xA8, 0x10, 0x41, 0x79, 0xF8,
    0x10, 0x41, 0x79, 0xF8, 0x32, 0x95, 0xF1, 0xEF, 0x27, 0x91, 0xFC, 0xF6, 0x2C, 0x96, 0xFA, 0xF8,
    0x2C, 0x96, 0xFA, 0xF8, 0x36, 0x9E, 0xFA, 0xF8, 0x37, 0x9A, 0xF9, 0xF9, 0x3A, 0xA0, 0xFB, 0xFA,
    0x3E, 0xA6, 0xFE, 0xFA, 0x3E, 0xA6, 0xFE, 0xFA, 0x3B, 0xA3, 0xFF, 0xFA, 0x35, 0xA2, 0xFE, 0xFB,
    0x3E, 0xA8, 0xFE, 0xFB, 0x3E, 0xA8, 0xFE, 0xFB, 0x4C, 0xA7, 0xFD, 0xFC, 0x7C, 0xCA, 0xFE, 0xFC,
    0xB0, 0xE2, 0xFE, 0xFC, 0xCE, 0xED, 0xFE, 0xFC, 0xCE, 0xED, 0xFE, 0xFC, 0xD7, 0xEF, 0xFC, 0xFC,
    0xDA, 0xED, 0xFA, 0xFD, 0xDD, 0xF3, 0xFC, 0xFD, 0xDD, 0xF3, 0xFC, 0xFD, 0x94, 0xB1, 0xDC, 0xFD,
    0x15, 0x33, 0x6A, 0xFD, 0x7C, 0x8F, 0xB4, 0xFD, 0x7C, 0x8F, 0xB4, 0xFD, 0xD8, 0xE2, 0xF7, 0xFD,
    0xBD, 0xCB, 0xE0, 0xFD, 0x47, 0x5B, 0x7C, 0xFD, 0x1A, 0x29, 0x4A, 0xFD, 0x1A, 0x29, 0x4A, 0xFD,
    0x45, 0x57, 0x7A, 0xFD, 0x36, 0x46, 0x61, 0xFD, 0xA7, 0xAE, 0xBC, 0xFD, 0xA7, 0xAE, 0xBC, 0xFD,
    0xF1, 0xF9, 0xFC, 0xFD, 0xE7, 0xF0, 0xF6, 0xFD, 0x86, 0x9A, 0xAB, 0xFD, 0x0B, 0x18, 0x31, 0xFD,
    0x0B, 0x18, 0x31, 0xFD, 0x65, 0x81, 0xA7, 0xFD, 0xFE, 0xFF, 0xFF, 0xFD, 0xF7, 0xF9, 0xFC, 0xFD,
    0xF7, 0xF9, 0xFC, 0xFD, 0xF9, 0xFB, 0xFC, 0xFD, 0xEF, 0xFB, 0xFD, 0xFD, 0xD8, 0xEF, 0xFD, 0xFD,
    0xD8, 0xEF, 0xFD, 0xFD, 0xB8, 0xE0, 0xFC, 0xFD, 0x90, 0xCD, 0xFB, 0xFD, 0x74, 0xC1, 0xFC, 0xFD,
    0x61, 0xBC, 0xFD, 0xFD, 0x61, 0xBC, 0xFD, 0xFD, 0x5B, 0xC0, 0xFD, 0xFD, 0x58, 0xBC, 0xFE, 0xFD,
    0x58, 0xBF, 0xFE, 0xFD, 0x58, 0xBF, 0xFE, 0xFD, 0x57, 0xB9, 0xFE, 0xFC, 0x56, 0xB5, 0xFE, 0xFC,
    0x56, 0xB6, 0xFD, 0xFC, 0x53, 0xAF, 0xFD, 0xFC, 0x53, 0xAF, 0xFD, 0xFC, 0x4F, 0xB0, 0xFD, 0xFB,
    0x41, 0xA9, 0xFD, 0xFB, 0x31, 0x9C, 0xFC, 0xFB, 0x31, 0x9C, 0xFC, 0xFB, 0x29, 0x9B, 0xFD, 0xFA,
    0x1B, 0x8D, 0xF7, 0xF9, 0x13, 0x7C, 0xE8, 0xF9, 0x13, 0x7C, 0xE8, 0xF9, 0x14, 0x76, 0xDF, 0xF8,
    0x1D, 0x70, 0xCD, 0xF6, 0x04, 0x2B, 0x6F, 0xF3, 0x08, 0x1E, 0x55, 0xEB, 0x08, 0x1E, 0x55, 0xEB,
    0x15, 0x2E, 0x6B, 0xCB, 0x0D, 0x2F, 0x5E, 0xF3, 0x5F, 0x87, 0xAA, 0xFB, 0x5F, 0x87, 0xAA, 0xFB,
    0xB8, 0xE1, 0xF7, 0xF9, 0x9E, 0xC0, 0xE4, 0xFA, 0x90, 0xC0, 0xEB, 0xFB, 0x9E, 0xCD, 0xF1, 0xFB,
    0x9E, 0xCD, 0xF1, 0xFB, 0xAE, 0xDC, 0xF8, 0xFB, 0xB5, 0xD5, 0xED, 0xFB, 0xD8, 0xF4, 0xFC, 0xF9,
    0xD8, 0xF4, 0xFC, 0xF9, 0xAA, 0xC5, 0xD4, 0xF9, 0x04, 0x07, 0x0E, 0xF2, 0x3A, 0x6D, 0xA1, 0x68,
    0x3A, 0x6D, 0xA1, 0x68, 0x3E, 0x8E, 0xDB, 0x03, 0x31, 0x81, 0xC9, 0x03, 0x36, 0x80, 0xCB, 0x01,
    0x34, 0x7F, 0xCB, 0x01, 0x34, 0x7F, 0xCB, 0x01, 0x00, 0x00, 0x00, 0x00, 0x00, 0x00, 0x00, 0x00,
    0x00, 0x00, 0x00, 0x00, 0x00, 0x00, 0x00, 0x00, 0x00, 0x00, 0x00, 0x00, 0x00, 0x00, 0x00, 0x00,
    0x00, 0x00, 0x00, 0x00, 0x00, 0x00, 0x00, 0x00, 0x00, 0x00, 0x00, 0x00, 0x00, 0x00, 0x00, 0x00,
    0x00, 0x00, 0x00, 0x00, 0x00, 0x00, 0x00, 0x00, 0x00, 0x00, 0x00, 0x00, 0x00, 0x00, 0x00, 0x00,
    0x00, 0x00, 0x00, 0x00, 0x00, 0x00, 0x00, 0x00, 0x00, 0x00, 0x00, 0x00, 0x00, 0x00, 0x00, 0x00,
    0x00, 0x00, 0x00, 0x00, 0x00, 0x00, 0x00, 0x00, 0x00, 0x00, 0x00, 0x00, 0x00, 0x00, 0x00, 0x00,
    0x3F, 0x87, 0xCD, 0x01, 0x40, 0x88, 0xCD, 0x01, 0x41, 0x8A, 0xD0, 0x03, 0x3F, 0x87, 0xCF, 0x02,
    0x3F, 0x87, 0xCF, 0x02, 0x44, 0x93, 0xD9, 0x1C, 0x40, 0x7E, 0xB2, 0x7F, 0x04, 0x12, 0x24, 0xE9,
    0x04, 0x12, 0x24, 0xE9, 0x18, 0x4C, 0x87, 0xE5, 0x35, 0xA0, 0xFA, 0xF7, 0x29, 0x92, 0xF8, 0xF6,
    0x29, 0x92, 0xF8, 0xF6, 0x30, 0x93, 0xF7, 0xF9, 0x36, 0x9B, 0xF9, 0xF9, 0x39, 0xA7, 0xFC, 0xF9,
    0x37, 0xA0, 0xFD, 0xFA, 0x37, 0xA0, 0xFD, 0xFA, 0x33, 0xA0, 0xFE, 0xFA, 0x36, 0xA3, 0xFE, 0xFB,
    0x5B, 0xB8, 0xFE, 0xFB, 0x5B, 0xB8, 0xFE, 0xFB, 0x9D, 0xD7, 0xFE, 0xFB, 0xC2, 0xEA, 0xFE, 0xFC,
    0xD0, 0xEE, 0xFE, 0xFC, 0xD6, 0xEE, 0xFD, 0xFC, 0xD6, 0xEE, 0xFD, 0xFC, 0xD6, 0xEB, 0xFB, 0xFC,
    0xD9, 0xEC, 0xFA, 0xFD, 0xDA, 0xEE, 0xFC, 0xFD, 0xDA, 0xEE, 0xFC, 0xFD, 0xD7, 0xEC, 0xFC, 0xFD,
    0x88, 0xA1, 0xCB, 0xFD, 0x22, 0x3C, 0x66, 0xFD, 0x22, 0x3C, 0x66, 0xFD, 0x1B, 0x34, 0x5F, 0xFD,
    0x17, 0x2D, 0x51, 0xFD, 0x39, 0x4E, 0x71, 0xFD, 0xB9, 0xCE, 0xE3, 0xFD, 0xB9, 0xCE, 0xE3, 0xFD,
    0xED, 0xF8, 0xFE, 0xFD, 0x7C, 0x91, 0xA7, 0xFD, 0x20, 0x32, 0x49, 0xFD, 0x20, 0x32, 0x49, 0xFD,
    0x3F, 0x51, 0x66, 0xFD, 0x36, 0x47, 0x5E, 0xFD, 0x37, 0x4B, 0x65, 0xFD, 0x67, 0x7D, 0x9F, 0xFD,
    0x67, 0x7D, 0x9F, 0xFD, 0xC6, 0xDA, 0xEF, 0xFD, 0xF7, 0xFD, 0xFE, 0xFD, 0xF8, 0xF9, 0xFB, 0xFD,
    0xF8, 0xF9, 0xFB, 0xFD, 0xF6, 0xF8, 0xFA, 0xFD, 0xF2, 0xF8, 0xFC, 0xFD, 0xEF, 0xFB, 0xFE, 0xFD,
    0xEF, 0xFB, 0xFE, 0xFD, 0xE3, 0xF8, 0xFE, 0xFD, 0xD1, 0xEE, 0xFE, 0xFD, 0xB6, 0xE2, 0xFD, 0xFD,
    0x88, 0xCB, 0xFB, 0xFD, 0x88, 0xCB, 0xFB, 0xFD, 0x68, 0xBB, 0xFC, 0xFD, 0x62, 0xBB, 0xFE, 0xFD,
    0x5E, 0xBC, 0xFE, 0xFC, 0x5E, 0xBC, 0xFE, 0xFC, 0x57, 0xAF, 0xFD, 0xFD, 0x59, 0xB1, 0xFD, 0xFC,
    0x5A, 0xB8, 0xFD, 0xFC, 0x56, 0xB9, 0xFD, 0xFC, 0x56, 0xB9, 0xFD, 0xFC, 0x43, 0xA8, 0xFD, 0xFC,
    0x33, 0x9B, 0xFB, 0xFB, 0x23, 0x8E, 0xF8, 0xFB, 0x23, 0x8E, 0xF8, 0xFB, 0x18, 0x87, 0xF5, 0xFA,
    0x0E, 0x78, 0xE6, 0xF9, 0x18, 0x7E, 0xE6, 0xF8, 0x18, 0x7E, 0xE6, 0xF8, 0x1B, 0x69, 0xC6, 0xF6,
    0x02, 0x21, 0x6D, 0xF3, 0x0F, 0x3B, 0x7A, 0xEB, 0x31, 0x63, 0xA3, 0xDE, 0x31, 0x63, 0xA3, 0xDE,
    0x02, 0x18, 0x51, 0xCF, 0x17, 0x3A, 0x6C, 0xF6, 0xA6, 0xD7, 0xF3, 0xF8, 0xA6, 0xD7, 0xF3, 0xF8,
    0xA2, 0xD9, 0xF6, 0xFA, 0x94, 0xCA, 0xF0, 0xFB, 0x91, 0xD0, 0xFB, 0xFB, 0x99, 0xCC, 0xF8, 0xFB,
    0x99, 0xCC, 0xF8, 0xFB, 0xA1, 0xD1, 0xF9, 0xFB, 0x97, 0xC1, 0xE7, 0xFB, 0xB0, 0xDC, 0xF7, 0xFA,
    0xB0, 0xDC, 0xF7, 0xFA, 0xB2, 0xDB, 0xED, 0xFA, 0x32, 0x52, 0x74, 0xF9, 0x39, 0x6A, 0x9B, 0xF0,
    0x39, 0x6A, 0x9B, 0xF0, 0x3D, 0x80, 0xC4, 0x45, 0x00, 0x00, 0x00, 0x00, 0x35, 0x81, 0xCD, 0x04,
    0x00, 0x00, 0x00, 0x00, 0x00, 0x00, 0x00, 0x00, 0x00, 0x00, 0x00, 0x00, 0x00, 0x00, 0x00, 0x00,
    0x00, 0x00, 0x00, 0x00, 0x00, 0x00, 0x00, 0x00, 0x00, 0x00, 0x00, 0x00, 0x00, 0x00, 0x00, 0x00,
    0x00, 0x00, 0x00, 0x00, 0x00, 0x00, 0x00, 0x00, 0x00, 0x00, 0x00, 0x00, 0x00, 0x00, 0x00, 0x00,
    0x00, 0x00, 0x00, 0x00, 0x00, 0x00, 0x00, 0x00, 0x00, 0x00, 0x00, 0x00, 0x00, 0x00, 0x00, 0x00,
    0x00, 0x00, 0x00, 0x00, 0x00, 0x00, 0x00, 0x00, 0x00, 0x00, 0x00, 0x00, 0x00, 0x00, 0x00, 0x00,
    0x00, 0x00, 0x00, 0x00, 0x00, 0x00, 0x00, 0x00, 0x00, 0x00, 0x00, 0x00, 0x00, 0x00, 0x00, 0x00,
    0x00, 0x00, 0x00, 0x00, 0x40, 0x89, 0xCD, 0x01, 0x40, 0x89, 0xCD, 0x01, 0x44, 0x8B, 0xCF, 0x01,
    0x44, 0x8B, 0xCF, 0x01, 0x3E, 0x8A, 0xCF, 0x01, 0x45, 0x94, 0xD7, 0x1C, 0x34, 0x68, 0x9E, 0x66,
    0x34, 0x68, 0x9E, 0x66, 0x07, 0x24, 0x4B, 0xD4, 0x27, 0x7A, 0xC1, 0xF8, 0x32, 0x9A, 0xF8, 0xF0,
    0x32, 0x9A, 0xF8, 0xF0, 0x2C, 0x96, 0xF9, 0xF6, 0x33, 0x9C, 0xFC, 0xF7, 0x33, 0x9F, 0xFC, 0xF7,
    0x32, 0x9C, 0xFC, 0xF9, 0x32, 0x9C, 0xFC, 0xF9, 0x31, 0x9E, 0xFD, 0xF8, 0x45, 0xAE, 0xFE, 0xFA,
    0x82, 0xCE, 0xFF, 0xFA, 0x82, 0xCE, 0xFF, 0xFA, 0xBC, 0xE5, 0xFF, 0xFB, 0xCE, 0xE9, 0xFD, 0xFC,
    0xCF, 0xE6, 0xFB, 0xFC, 0xD6, 0xEE, 0xFC, 0xFC, 0xD6, 0xEE, 0xFC, 0xFC, 0xD7, 0xED, 0xFD, 0xFD,
    0xDA, 0xEF, 0xFD, 0xFD, 0xDB, 0xEE, 0xFC, 0xFD, 0xDB, 0xEE, 0xFC, 0xFD, 0xDF, 0xF2, 0xFD, 0xFD,
    0xEA, 0xFA, 0xFE, 0xFD, 0xCE, 0xE2, 0xF5, 0xFD, 0xCE, 0xE2, 0xF5, 0xFD, 0xA6, 0xB9, 0xD3, 0xFD,
    0xB4, 0xC6, 0xDC, 0xFD, 0xE9, 0xF3, 0xFD, 0xFD, 0xF9, 0xFF, 0xFF, 0xFD, 0xF9, 0xFF, 0xFF, 0xFD,
    0xF5, 0xFE, 0xFF, 0xFD, 0xF2, 0xFC, 0xFF, 0xFD, 0x82, 0x90, 0xA4, 0xFD, 0x82, 0x90, 0xA4, 0xFD,
    0x45, 0x57, 0x68, 0xFD, 0x69, 0x78, 0x8D, 0xFD, 0xBE, 0xD4, 0xE6, 0xFD, 0xEB, 0xFD, 0xFF, 0xFD,
    0xEB, 0xFD, 0xFF, 0xFD, 0xF4, 0xFF, 0xFF, 0xFD, 0xF6, 0xFC, 0xFE, 0xFD, 0xF9, 0xFC, 0xFD, 0xFD,
    0xF9, 0xFC, 0xFD, 0xFD, 0xF6, 0xFB, 0xFD, 0xFD, 0xF2, 0xFA, 0xFD, 0xFD, 0xEE, 0xF8, 0xFD, 0xFD,
    0xEE, 0xF8, 0xFD, 0xFD, 0xEA, 0xF7, 0xFD, 0xFD, 0xEA, 0xF9, 0xFE, 0xFD, 0xDC, 0xF4, 0xFE, 0xFD,
    0xBA, 0xE3, 0xFD, 0xFD, 0xBA, 0xE3, 0xFD, 0xFD, 0x93, 0xD5, 0xFD, 0xFD, 0x72, 0xC4, 0xFE, 0xFD,
    0x65, 0xBE, 0xFE, 0xFC, 0x65, 0xBE, 0xFE, 0xFC, 0x62, 0xBC, 0xFE, 0xFC, 0x63, 0xBD, 0xFE, 0xFC,
    0x5A, 0xB5, 0xFD, 0xFC, 0x4F, 0xB7, 0xFE, 0xFB, 0x4F, 0xB7, 0xFE, 0xFB, 0x35, 0x9E, 0xFD, 0xFB,
    0x28, 0x95, 0xFB, 0xFA, 0x1B, 0x8B, 0xF6, 0xF9, 0x1B, 0x8B, 0xF6, 0xF9, 0x14, 0x85, 0xF0, 0xF8,
    0x14, 0x78, 0xE1, 0xF8, 0x17, 0x60, 0xBD, 0xF4, 0x17, 0x60, 0xBD, 0xF4, 0x01, 0x23, 0x69, 0xF1,
    0x07, 0x31, 0x74, 0xE7, 0x43, 0x8D, 0xCC, 0xD6, 0x42, 0x8F, 0xCD, 0xC4, 0x42, 0x8F, 0xCD, 0xC4,
    0x04, 0x28, 0x5D, 0xDF, 0x1A, 0x3E, 0x70, 0xF5, 0x88, 0xC2, 0xEF, 0xF9, 0x88, 0xC2, 0xEF, 0xF9,
    0x77, 0xBF, 0xF1, 0xFB, 0x79, 0xC3, 0xF5, 0xFB, 0x99, 0xE2, 0xFD, 0xFB, 0x9F, 0xD1, 0xF7, 0xFB,
    0x9F, 0xD1, 0xF7, 0xFB, 0xAB, 0xDF, 0xFA, 0xFB, 0x9C, 0xD1, 0xF5, 0xFB, 0x92, 0xD2, 0xF9, 0xFB,
    0x92, 0xD2, 0xF9, 0xFB, 0x99, 0xDC, 0xFA, 0xFA, 0x93, 0xCF, 0xF6, 0xF9, 0x26, 0x52, 0x81, 0xF4,
    0x26, 0x52, 0x81, 0xF4, 0x0A, 0x2A, 0x64, 0x85, 0x3E, 0x85, 0xD0, 0x08, 0x35, 0x80, 0xCC, 0x05,
    0x00, 0x00, 0x00, 0x00, 0x00, 0x00, 0x00, 0x00, 0x00, 0x00, 0x00, 0x00, 0x00, 0x00, 0x00, 0x00,
    0x00, 0x00, 0x00, 0x00, 0x00, 0x00, 0x00, 0x00, 0x00, 0x00, 0x00, 0x00, 0x00, 0x00, 0x00, 0x00,
    0x00, 0x00, 0x00, 0x00, 0x00, 0x00, 0x00, 0x00, 0x00, 0x00, 0x00, 0x00, 0x00, 0x00, 0x00, 0x00,
    0x00, 0x00, 0x00, 0x00, 0x00, 0x00, 0x00, 0x00, 0x00, 0x00, 0x00, 0x00, 0x00, 0x00, 0x00, 0x00,
    0x00, 0x00, 0x00, 0x00, 0x00, 0x00, 0x00, 0x00, 0x00, 0x00, 0x00, 0x00, 0x00, 0x00, 0x00, 0x00,
    0x00, 0x00, 0x00, 0x00, 0x00, 0x00, 0x00, 0x00, 0x00, 0x00, 0x00, 0x00, 0x00, 0x00, 0x00, 0x00,
    0x3E, 0x87, 0xCC, 0x01, 0x3F, 0x88, 0xCC, 0x01, 0x41, 0x8A, 0xCC, 0x01, 0x42, 0x89, 0xCC, 0x02,
    0x42, 0x89, 0xCC, 0x02, 0x43, 0x8C, 0xD0, 0x03, 0x3D, 0x86, 0xCE, 0x06, 0x43, 0x91, 0xD5, 0x05,
    0x43, 0x91, 0xD5, 0x05, 0x43, 0x86, 0xBD, 0x62, 0x0F, 0x3C, 0x6B, 0xC5, 0x1D, 0x5A, 0x9D, 0xF5,
    0x1D, 0x5A, 0x9D, 0xF5, 0x3E, 0xA7, 0xF3, 0xF1, 0x36, 0x99, 0xF5, 0xF9, 0x2F, 0x96, 0xF9, 0xF7,
    0x2B, 0x91, 0xF8, 0xF8, 0x2B, 0x91, 0xF8, 0xF8, 0x36, 0xA0, 0xFC, 0xF9, 0x46, 0x9E, 0xFA, 0xF9,
    0x87, 0xC9, 0xFE, 0xFA, 0x87, 0xC9, 0xFE, 0xFA, 0xB7, 0xDE, 0xFE, 0xFB, 0xC9, 0xE6, 0xFD, 0xFC,
    0xD1, 0xE9, 0xFC, 0xFC, 0xD2, 0xE8, 0xFB, 0xFC, 0xD2, 0xE8, 0xFB, 0xFC, 0xD4, 0xEA, 0xFC, 0xFD,
    0xD9, 0xEE, 0xFE, 0xFD, 0xDB, 0xED, 0xFD, 0xFD, 0xDB, 0xED, 0xFD, 0xFD, 0xE1, 0xF2, 0xFD, 0xFD,
    0xE3, 0xF2, 0xFD, 0xFD, 0xED, 0xFA, 0xFE, 0xFD, 0xED, 0xFA, 0xFE, 0xFD, 0xF9, 0xFF, 0xFF, 0xFD,
    0xFB, 0xFF, 0xFF, 0xFD, 0xF4, 0xFB, 0xFE, 0xFD, 0xF6, 0xFA, 0xFD, 0xFD, 0xF6, 0xFA, 0xFD, 0xFD,
    0xF6, 0xFB, 0xFD, 0xFD, 0xF7, 0xFD, 0xFF, 0xFD, 0xFA, 0xFF, 0xFF, 0xFD, 0xFA, 0xFF, 0xFF, 0xFD,
    0xF3, 0xFD, 0xFF, 0xFD, 0xF8, 0xFF, 0xFF, 0xFD, 0xF8, 0xFF, 0xFF, 0xFD, 0xF3, 0xFD, 0xFF, 0xFD,
    0xF3, 0xFD, 0xFF, 0xFD, 0xF7, 0xFC, 0xFE, 0xFD, 0xF9, 0xFC, 0xFE, 0xFD, 0xF7, 0xFB, 0xFE, 0xFD,
    0xF7, 0xFB, 0xFE, 0xFD, 0xF4, 0xFB, 0xFE, 0xFD, 0xF3, 0xFC, 0xFE, 0xFD, 0xED, 0xF7, 0xFC, 0xFD,
    0xED, 0xF7, 0xFC, 0xFD, 0xEB, 0xF6, 0xFB, 0xFD, 0xE7, 0xF3, 0xFB, 0xFD, 0xDF, 0xED, 0xFA, 0xFD,
    0xD3, 0xEB, 0xFD, 0xFD, 0xD3, 0xEB, 0xFD, 0xFD, 0xB1, 0xDF, 0xFD, 0xFD, 0x82, 0xC3, 0xFC, 0xFD,
    0x69, 0xB7, 0xFD, 0xFC, 0x69, 0xB7, 0xFD, 0xFC, 0x68, 0xBF, 0xFE, 0xFC, 0x67, 0xC3, 0xFE, 0xFC,
    0x52, 0xB0, 0xFD, 0xFC, 0x36, 0x99, 0xFB, 0xFB, 0x36, 0x99, 0xFB, 0xFB, 0x24, 0x88, 0xF6, 0xFB,
    0x1C, 0x87, 0xF6, 0xFA, 0x16, 0x7F, 0xEF, 0xF9, 0x16, 0x7F, 0xEF, 0xF9, 0x1A, 0x84, 0xEA, 0xF8,
    0x11, 0x58, 0xB2, 0xF5, 0x00, 0x13, 0x60, 0xF2, 0x00, 0x13, 0x60, 0xF2, 0x11, 0x41, 0x86, 0xE8,
    0x43, 0x8D, 0xD1, 0xCF, 0x39, 0x84, 0xCD, 0xC7, 0x40, 0x84, 0xC5, 0xB6, 0x40, 0x84, 0xC5, 0xB6,
    0x09, 0x2D, 0x61, 0xE8, 0x14, 0x33, 0x66, 0xF3, 0x65, 0xA9, 0xE9, 0xF9, 0x65, 0xA9, 0xE9, 0xF9,
    0x51, 0xAB, 0xF2, 0xFB, 0x4F, 0xA5, 0xF2, 0xFB, 0x64, 0xB3, 0xF7, 0xFB, 0x87, 0xC7, 0xF6, 0xFB,
    0x87, 0xC7, 0xF6, 0xFB, 0x97, 0xDF, 0xFC, 0xFB, 0x8A, 0xD3, 0xFA, 0xFB, 0x74, 0xC7, 0xFA, 0xFB,
    0x74, 0xC7, 0xFA, 0xFB, 0x66, 0xBA, 0xF5, 0xFB, 0x7E, 0xCC, 0xFC, 0xF9, 0x17, 0x3D, 0x6D, 0xFC,
    0x17, 0x3D, 0x6D, 0xFC, 0x06, 0x1D, 0x49, 0xC2, 0x3E, 0x86, 0xCD, 0x1D, 0x34, 0x7F, 0xCC, 0x02,
    0x00, 0x00, 0x00, 0x00, 0x00, 0x00, 0x00, 0x00, 0x00, 0x00, 0x00, 0x00, 0x00, 0x00, 0x00, 0x00,
    0x00, 0x00, 0x00, 0x00, 0x00, 0x00, 0x00, 0x00, 0x00, 0x00, 0x00, 0x00, 0x00, 0x00, 0x00, 0x00,
    0x00, 0x00, 0x00, 0x00, 0x00, 0x00, 0x00, 0x00, 0x00, 0x00, 0x00, 0x00, 0x00, 0x00, 0x00, 0x00,
    0x00, 0x00, 0x00, 0x00, 0x00, 0x00, 0x00, 0x00, 0x00, 0x00, 0x00, 0x00, 0x00, 0x00, 0x00, 0x00,
    0x00, 0x00, 0x00, 0x00, 0x00, 0x00, 0x00, 0x00, 0x00, 0x00, 0x00, 0x00, 0x00, 0x00, 0x00, 0x00,
    0x00, 0x00, 0x00, 0x00, 0x00, 0x00, 0x00, 0x00, 0x00, 0x00, 0x00, 0x00, 0x00, 0x00, 0x00, 0x00,
    0x3E, 0x87, 0xCC, 0x01, 0x3F, 0x88, 0xCC, 0x01, 0x41, 0x8A, 0xCC, 0x01, 0x42, 0x89, 0xCC, 0x02,
    0x42, 0x89, 0xCC, 0x02, 0x43, 0x8C, 0xD0, 0x03, 0x3D, 0x86, 0xCE, 0x06, 0x43, 0x91, 0xD5, 0x05,
    0x43, 0x91, 0xD5, 0x05, 0x43, 0x86, 0xBD, 0x62, 0x0F, 0x3C, 0x6B, 0xC5, 0x1D, 0x5A, 0x9D, 0xF5,
    0x1D, 0x5A, 0x9D, 0xF5, 0x3E, 0xA7, 0xF3, 0xF1, 0x36, 0x99, 0xF5, 0xF9, 0x2F, 0x96, 0xF9, 0xF7,
    0x2B, 0x91, 0xF8, 0xF8, 0x2B, 0x91, 0xF8, 0xF8, 0x36, 0xA0, 0xFC, 0xF9, 0x46, 0x9E, 0xFA, 0xF9,
    0x87, 0xC9, 0xFE, 0xFA, 0x87, 0xC9, 0xFE, 0xFA, 0xB7, 0xDE, 0xFE, 0xFB, 0xC9, 0xE6, 0xFD, 0xFC,
    0xD1, 0xE9, 0xFC, 0xFC, 0xD2, 0xE8, 0xFB, 0xFC, 0xD2, 0xE8, 0xFB, 0xFC, 0xD4, 0xEA, 0xFC, 0xFD,
    0xD9, 0xEE, 0xFE, 0xFD, 0xDB, 0xED, 0xFD, 0xFD, 0xDB, 0xED, 0xFD, 0xFD, 0xE1, 0xF2, 0xFD, 0xFD,
    0xE3, 0xF2, 0xFD, 0xFD, 0xED, 0xFA, 0xFE, 0xFD, 0xED, 0xFA, 0xFE, 0xFD, 0xF9, 0xFF, 0xFF, 0xFD,
    0xFB, 0xFF, 0xFF, 0xFD, 0xF4, 0xFB, 0xFE, 0xFD, 0xF6, 0xFA, 0xFD, 0xFD, 0xF6, 0xFA, 0xFD, 0xFD,
    0xF6, 0xFB, 0xFD, 0xFD, 0xF7, 0xFD, 0xFF, 0xFD, 0xFA, 0xFF, 0xFF, 0xFD, 0xFA, 0xFF, 0xFF, 0xFD,
    0xF3, 0xFD, 0xFF, 0xFD, 0xF8, 0xFF, 0xFF, 0xFD, 0xF8, 0xFF, 0xFF, 0xFD, 0xF3, 0xFD, 0xFF, 0xFD,
    0xF3, 0xFD, 0xFF, 0xFD, 0xF7, 0xFC, 0xFE, 0xFD, 0xF9, 0xFC, 0xFE, 0xFD, 0xF7, 0xFB, 0xFE, 0xFD,
    0xF7, 0xFB, 0xFE, 0xFD, 0xF4, 0xFB, 0xFE, 0xFD, 0xF3, 0xFC, 0xFE, 0xFD, 0xED, 0xF7, 0xFC, 0xFD,
    0xED, 0xF7, 0xFC, 0xFD, 0xEB, 0xF6, 0xFB, 0xFD, 0xE7, 0xF3, 0xFB, 0xFD, 0xDF, 0xED, 0xFA, 0xFD,
    0xD3, 0xEB, 0xFD, 0xFD, 0xD3, 0xEB, 0xFD, 0xFD, 0xB1, 0xDF, 0xFD, 0xFD, 0x82, 0xC3, 0xFC, 0xFD,
    0x69, 0xB7, 0xFD, 0xFC, 0x69, 0xB7, 0xFD, 0xFC, 0x68, 0xBF, 0xFE, 0xFC, 0x67, 0xC3, 0xFE, 0xFC,
    0x52, 0xB0, 0xFD, 0xFC, 0x36, 0x99, 0xFB, 0xFB, 0x36, 0x99, 0xFB, 0xFB, 0x24, 0x88, 0xF6, 0xFB,
    0x1C, 0x87, 0xF6, 0xFA, 0x16, 0x7F, 0xEF, 0xF9, 0x16, 0x7F, 0xEF, 0xF9, 0x1A, 0x84, 0xEA, 0xF8,
    0x11, 0x58, 0xB2, 0xF5, 0x00, 0x13, 0x60, 0xF2, 0x00, 0x13, 0x60, 0xF2, 0x11, 0x41, 0x86, 0xE8,
    0x43, 0x8D, 0xD1, 0xCF, 0x39, 0x84, 0xCD, 0xC7, 0x40, 0x84, 0xC5, 0xB6, 0x40, 0x84, 0xC5, 0xB6,
    0x09, 0x2D, 0x61, 0xE8, 0x14, 0x33, 0x66, 0xF3, 0x65, 0xA9, 0xE9, 0xF9, 0x65, 0xA9, 0xE9, 0xF9,
    0x51, 0xAB, 0xF2, 0xFB, 0x4F, 0xA5, 0xF2, 0xFB, 0x64, 0xB3, 0xF7, 0xFB, 0x87, 0xC7, 0xF6, 0xFB,
    0x87, 0xC7, 0xF6, 0xFB, 0x97, 0xDF, 0xFC, 0xFB, 0x8A, 0xD3, 0xFA, 0xFB, 0x74, 0xC7, 0xFA, 0xFB,
    0x74, 0xC7, 0xFA, 0xFB, 0x66, 0xBA, 0xF5, 0xFB, 0x7E, 0xCC, 0xFC, 0xF9, 0x17, 0x3D, 0x6D, 0xFC,
    0x17, 0x3D, 0x6D, 0xFC, 0x06, 0x1D, 0x49, 0xC2, 0x3E, 0x86, 0xCD, 0x1D, 0x34, 0x7F, 0xCC, 0x02,
    0x00, 0x00, 0x00, 0x00, 0x00, 0x00, 0x00, 0x00, 0x00, 0x00, 0x00, 0x00, 0x00, 0x00, 0x00, 0x00,
    0x00, 0x00, 0x00, 0x00, 0x00, 0x00, 0x00, 0x00, 0x00, 0x00, 0x00, 0x00, 0x00, 0x00, 0x00, 0x00,
    0x00, 0x00, 0x00, 0x00, 0x00, 0x00, 0x00, 0x00, 0x00, 0x00, 0x00, 0x00, 0x00, 0x00, 0x00, 0x00,
    0x00, 0x00, 0x00, 0x00, 0x00, 0x00, 0x00, 0x00, 0x00, 0x00, 0x00, 0x00, 0x00, 0x00, 0x00, 0x00,
    0x00, 0x00, 0x00, 0x00, 0x00, 0x00, 0x00, 0x00, 0x00, 0x00, 0x00, 0x00, 0x00, 0x00, 0x00, 0x00,
    0x00, 0x00, 0x00, 0x00, 0x00, 0x00, 0x00, 0x00, 0x00, 0x00, 0x00, 0x00, 0x00, 0x00, 0x00, 0x00,
    0x3E, 0x88, 0xCC, 0x01, 0x3F, 0x89, 0xCD, 0x01, 0x40, 0x89, 0xCD, 0x01, 0x42, 0x8A, 0xCC, 0x01,
    0x42, 0x8A, 0xCC, 0x01, 0x43, 0x8A, 0xCD, 0x01, 0x43, 0x8B, 0xCD, 0x04, 0x3B, 0x89, 0xCC, 0x05,
    0x3B, 0x89, 0xCC, 0x05, 0x3D, 0x8B, 0xCE, 0x04, 0x40, 0x82, 0xB8, 0x59, 0x16, 0x40, 0x64, 0xC1,
    0x16, 0x40, 0x64, 0xC1, 0x19, 0x4B, 0x72, 0xE3, 0x25, 0x66, 0xA9, 0xF8, 0x39, 0xA0, 0xF2, 0xF3,
    0x30, 0x99, 0xF7, 0xF6, 0x30, 0x99, 0xF7, 0xF6, 0x36, 0xA3, 0xFC, 0xF7, 0x4B, 0xA9, 0xFB, 0xF8,
    0x83, 0xCB, 0xFC, 0xFA, 0x83, 0xCB, 0xFC, 0xFA, 0x9E, 0xD4, 0xFA, 0xFB, 0xBC, 0xEA, 0xFD, 0xFC,
    0xCB, 0xEB, 0xFE, 0xFC, 0xD2, 0xEB, 0xFD, 0xFC, 0xD2, 0xEB, 0xFD, 0xFC, 0xD6, 0xED, 0xFD, 0xFD,
    0xD8, 0xEE, 0xFD, 0xFD, 0xDC, 0xF0, 0xFE, 0xFD, 0xDC, 0xF0, 0xFE, 0xFD, 0xE0, 0xF2, 0xFE, 0xFD,
    0xE6, 0xF4, 0xFD, 0xFD, 0xEA, 0xF5, 0xFC, 0xFD, 0xEA, 0xF5, 0xFC, 0xFD, 0xEC, 0xF4, 0xFB, 0xFD,
    0xF1, 0xF8, 0xFB, 0xFD, 0xF5, 0xFB, 0xFD, 0xFD, 0xF9, 0xFD, 0xFE, 0xFD, 0xF9, 0xFD, 0xFE, 0xFD,
    0xF6, 0xFC, 0xFD, 0xFD, 0xF9, 0xFD, 0xFE, 0xFD, 0xF9, 0xFB, 0xFC, 0xFD, 0xF9, 0xFB, 0xFC, 0xFD,
    0xF9, 0xFB, 0xFB, 0xFD, 0xF9, 0xFA, 0xFB, 0xFD, 0xF7, 0xF9, 0xFB, 0xFD, 0xF6, 0xFB, 0xFD, 0xFD,
    0xF6, 0xFB, 0xFD, 0xFD, 0xF6, 0xFD, 0xFE, 0xFD, 0xF5, 0xFC, 0xFF, 0xFD, 0xF4, 0xFD, 0xFF, 0xFD,
    0xF4, 0xFD, 0xFF, 0xFD, 0xF0, 0xFA, 0xFE, 0xFD, 0xED, 0xF8, 0xFE, 0xFD, 0xEB, 0xF8, 0xFE, 0xFD,
    0xEB, 0xF8, 0xFE, 0xFD, 0xE7, 0xF7, 0xFD, 0xFD, 0xDD, 0xEE, 0xFA, 0xFD, 0xDB, 0xEF, 0xFC, 0xFD,
    0xD5, 0xEF, 0xFD, 0xFD, 0xD5, 0xEF, 0xFD, 0xFD, 0xBD, 0xE4, 0xFD, 0xFD, 0x92, 0xCD, 0xFC, 0xFD,
    0x76, 0xC4, 0xFD, 0xFC, 0x76, 0xC4, 0xFD, 0xFC, 0x6A, 0xBF, 0xFD, 0xFC, 0x55, 0xAD, 0xFD, 0xFB,
    0x3A, 0x9B, 0xFA, 0xFC, 0x27, 0x8F, 0xF9, 0xFA, 0x27, 0x8F, 0xF9, 0xFA, 0x25, 0x96, 0xFA, 0xFA,
    0x27, 0x99, 0xF7, 0xF8, 0x1D, 0x73, 0xD8, 0xF9, 0x1D, 0x73, 0xD8, 0xF9, 0x10, 0x4D, 0xA3, 0xF6,
    0x01, 0x20, 0x65, 0xF2, 0x14, 0x46, 0x8E, 0xE9, 0x14, 0x46, 0x8E, 0xE9, 0x40, 0x87, 0xCE, 0xD4,
    0x3A, 0x8C, 0xD4, 0xAC, 0x30, 0x81, 0xCA, 0xB1, 0x42, 0x87, 0xCB, 0xB4, 0x42, 0x87, 0xCB, 0xB4,
    0x12, 0x39, 0x67, 0xE7, 0x10, 0x3B, 0x69, 0xF5, 0x4A, 0xA2, 0xE9, 0xF9, 0x4A, 0xA2, 0xE9, 0xF9,
    0x30, 0x9F, 0xF5, 0xFA, 0x2A, 0x98, 0xF6, 0xFB, 0x3D, 0xA5, 0xFB, 0xFB, 0x4A, 0xAD, 0xFA, 0xFB,
    0x4A, 0xAD, 0xFA, 0xFB, 0x54, 0xB7, 0xFA, 0xFB, 0x56, 0xB5, 0xF8, 0xFB, 0x52, 0xB9, 0xFA, 0xFB,
    0x52, 0xB9, 0xFA, 0xFB, 0x4A, 0xB3, 0xFA, 0xFB, 0x65, 0xC8, 0xFE, 0xF8, 0x1D, 0x4C, 0x7F, 0xFB,
    0x1D, 0x4C, 0x7F, 0xFB, 0x04, 0x20, 0x4D, 0xD5, 0x3B, 0x85, 0xCB, 0x28, 0x34, 0x80, 0xCD, 0x01,
    0x34, 0x7F, 0xCC, 0x02, 0x34, 0x7F, 0xCC, 0x02, 0x00, 0x00, 0x00, 0x00, 0x00, 0x00, 0x00, 0x00,
    0x00, 0x00, 0x00, 0x00, 0x00, 0x00, 0x00, 0x00, 0x00, 0x00, 0x00, 0x00, 0x00, 0x00, 0x00, 0x00,
    0x00, 0x00, 0x00, 0x00, 0x00, 0x00, 0x00, 0x00, 0x00, 0x00, 0x00, 0x00, 0x00, 0x00, 0x00, 0x00,
    0x00, 0x00, 0x00, 0x00, 0x00, 0x00, 0x00, 0x00, 0x00, 0x00, 0x00, 0x00, 0x00, 0x00, 0x00, 0x00,
    0x00, 0x00, 0x00, 0x00, 0x00, 0x00, 0x00, 0x00, 0x00, 0x00, 0x00, 0x00, 0x00, 0x00, 0x00, 0x00,
    0x00, 0x00, 0x00, 0x00, 0x00, 0x00, 0x00, 0x00, 0x00, 0x00, 0x00, 0x00, 0x00, 0x00, 0x00, 0x00,
    0x00, 0x00, 0x00, 0x00, 0x3F, 0x88, 0xCD, 0x01, 0x40, 0x89, 0xCC, 0x01, 0x41, 0x89, 0xCC, 0x01,
    0x41, 0x89, 0xCC, 0x01, 0x42, 0x8A, 0xCC, 0x01, 0x42, 0x8A, 0xCC, 0x02, 0x42, 0x8A, 0xCE, 0x03,
    0x42, 0x8A, 0xCE, 0x03, 0x3E, 0x86, 0xCC, 0x02, 0x45, 0x90, 0xD2, 0x08, 0x3C, 0x76, 0xAC, 0x19,
    0x3C, 0x76, 0xAC, 0x19, 0x0F, 0x2C, 0x4B, 0x98, 0x0C, 0x2C, 0x4D, 0xD5, 0x2B, 0x6F, 0xA2, 0xF1,
    0x35, 0x8D, 0xDB, 0xF4, 0x35, 0x8D, 0xDB, 0xF4, 0x3C, 0x9D, 0xF7, 0xF6, 0x58, 0xB2, 0xFA, 0xF9,
    0x77, 0xBE, 0xFA, 0xF9, 0x77, 0xBE, 0xFA, 0xF9, 0x78, 0xB6, 0xF4, 0xFC, 0x96, 0xD5, 0xFC, 0xFC,
    0xB6, 0xE4, 0xFE, 0xFC, 0xCC, 0xEB, 0xFE, 0xFC, 0xCC, 0xEB, 0xFE, 0xFC, 0xD1, 0xE9, 0xFC, 0xFD,
    0xD4, 0xE8, 0xFB, 0xFD, 0xD9, 0xED, 0xFD, 0xFD, 0xD9, 0xED, 0xFD, 0xFD, 0xDF, 0xF0, 0xFD, 0xFD,
    0xE4, 0xF2, 0xFE, 0xFD, 0xE8, 0xF4, 0xFD, 0xFD, 0xE8, 0xF4, 0xFD, 0xFD, 0xEA, 0xF5, 0xFC, 0xFD,
    0xEE, 0xF7, 0xFC, 0xFD, 0xF0, 0xF6, 0xFC, 0xFD, 0xF1, 0xF8, 0xFC, 0xFD, 0xF1, 0xF8, 0xFC, 0xFD,
    0xF4, 0xFB, 0xFD, 0xFD, 0xF5, 0xFB, 0xFD, 0xFD, 0xF6, 0xF8, 0xFB, 0xFD, 0xF6, 0xF8, 0xFB, 0xFD,
    0xF7, 0xF8, 0xF9, 0xFD, 0xF7, 0xF7, 0xF9, 0xFD, 0xF3, 0xF8, 0xFB, 0xFD, 0xF1, 0xF9, 0xFD, 0xFD,
    0xF1, 0xF9, 0xFD, 0xFD, 0xEF, 0xF9, 0xFE, 0xFD, 0xED, 0xF7, 0xFE, 0xFD, 0xEB, 0xF7, 0xFE, 0xFD,
    0xEB, 0xF7, 0xFE, 0xFD, 0xE8, 0xF5, 0xFE, 0xFD, 0xE4, 0xF3, 0xFD, 0xFD, 0xE0, 0xF0, 0xFD, 0xFD,
    0xE0, 0xF0, 0xFD, 0xFD, 0xD9, 0xEF, 0xFD, 0xFD, 0xD2, 0xEE, 0xFD, 0xFD, 0xCC, 0xE9, 0xFD, 0xFD,
    0xBF, 0xDC, 0xF9, 0xFD, 0xBF, 0xDC, 0xF9, 0xFD, 0xAF, 0xD5, 0xFA, 0xFC, 0x91, 0xC7, 0xFB, 0xFD,
    0x75, 0xBC, 0xFB, 0xFC, 0x75, 0xBC, 0xFB, 0xFC, 0x5C, 0xA7, 0xF8, 0xFC, 0x49, 0x9C, 0xF6, 0xFC,
    0x2E, 0x80, 0xE2, 0xFB, 0x2C, 0x84, 0xEB, 0xFA, 0x2C, 0x84, 0xEB, 0xFA, 0x30, 0x93, 0xEE, 0xF9,
    0x17, 0x64, 0xB8, 0xF9, 0x08, 0x2C, 0x79, 0xF9, 0x08, 0x2C, 0x79, 0xF9, 0x05, 0x1E, 0x5B, 0xF4,
    0x12, 0x38, 0x75, 0xF3, 0x43, 0x8A, 0xCD, 0xE3, 0x43, 0x8A, 0xCD, 0xE3, 0x3D, 0x89, 0xD0, 0xBC,
    0x32, 0x7D, 0xC7, 0xA7, 0x34, 0x81, 0xC9, 0xA8, 0x44, 0x86, 0xCB, 0xB8, 0x44, 0x86, 0xCB, 0xB8,
    0x12, 0x30, 0x5D, 0xEC, 0x0D, 0x2E, 0x5D, 0xF4, 0x34, 0x86, 0xD9, 0xFB, 0x34, 0x86, 0xD9, 0xFB,
    0x22, 0x90, 0xF4, 0xFA, 0x23, 0x99, 0xF9, 0xFB, 0x2C, 0xA1, 0xFC, 0xFB, 0x2D, 0x9C, 0xFA, 0xFB,
    0x2D, 0x9C, 0xFA, 0xFB, 0x2E, 0x9E, 0xF9, 0xFB, 0x35, 0xA3, 0xF8, 0xFB, 0x33, 0xA5, 0xF9, 0xFB,
    0x33, 0xA5, 0xF9, 0xFB, 0x32, 0xA3, 0xFA, 0xFB, 0x4F, 0xB4, 0xFE, 0xFA, 0x1A, 0x4B, 0x86, 0xFB,
    0x1A, 0x4B, 0x86, 0xFB, 0x02, 0x19, 0x4B, 0xE1, 0x3B, 0x83, 0xCC, 0x34, 0x33, 0x80, 0xCD, 0x01,
    0x36, 0x80, 0xCC, 0x02, 0x36, 0x80, 0xCC, 0x02, 0x00, 0x00, 0x00, 0x00, 0x00, 0x00, 0x00, 0x00,
    0x00, 0x00, 0x00, 0x00, 0x00, 0x00, 0x00, 0x00, 0x00, 0x00, 0x00, 0x00, 0x00, 0x00, 0x00, 0x00,
    0x00, 0x00, 0x00, 0x00, 0x00, 0x00, 0x00, 0x00, 0x00, 0x00, 0x00, 0x00, 0x00, 0x00, 0x00, 0x00,
    0x00, 0x00, 0x00, 0x00, 0x00, 0x00, 0x00, 0x00, 0x00, 0x00, 0x00, 0x00, 0x00, 0x00, 0x00, 0x00,
    0x00, 0x00, 0x00, 0x00, 0x00, 0x00, 0x00, 0x00, 0x00, 0x00, 0x00, 0x00, 0x00, 0x00, 0x00, 0x00,
    0x00, 0x00, 0x00, 0x00, 0x00, 0x00, 0x00, 0x00, 0x00, 0x00, 0x00, 0x00, 0x00, 0x00, 0x00, 0x00,
    0x3E, 0x87, 0xCD, 0x01, 0x3F, 0x88, 0xCC, 0x01, 0x40, 0x88, 0xCC, 0x01, 0x41, 0x89, 0xCD, 0x01,
    0x41, 0x89, 0xCD, 0x01, 0x41, 0x8A, 0xCC, 0x01, 0x42, 0x8A, 0xCD, 0x01, 0x43, 0x89, 0xCE, 0x01,
    0x43, 0x89, 0xCE, 0x01, 0x43, 0x8A, 0xCF, 0x02, 0x42, 0x8A, 0xCF, 0x03, 0x48, 0x8F, 0xD1, 0x02,
    0x48, 0x8F, 0xD1, 0x02, 0x48, 0x89, 0xB9, 0x27, 0x28, 0x53, 0x74, 0x58, 0x14, 0x2F, 0x52, 0xD4,
    0x1E, 0x51, 0x81, 0xE2, 0x1E, 0x51, 0x81, 0xE2, 0x1E, 0x5B, 0x9F, 0xF3, 0x4A, 0x8F, 0xDC, 0xF7,
    0x79, 0xC8, 0xFC, 0xF9, 0x79, 0xC8, 0xFC, 0xF9, 0x68, 0xBC, 0xFB, 0xFB, 0x60, 0xAE, 0xF5, 0xFC,
    0x88, 0xC1, 0xF9, 0xFD, 0xAE, 0xDA, 0xFD, 0xFD, 0xAE, 0xDA, 0xFD, 0xFD, 0xC4, 0xE4, 0xFC, 0xFD,
    0xCF, 0xE9, 0xFD, 0xFD, 0xD1, 0xE6, 0xFA, 0xFD, 0xD1, 0xE6, 0xFA, 0xFD, 0xD7, 0xE8, 0xFA, 0xFD,
    0xDD, 0xEE, 0xFC, 0xFD, 0xE2, 0xF1, 0xFD, 0xFD, 0xE2, 0xF1, 0xFD, 0xFD, 0xE4, 0xF1, 0xFC, 0xFD,
    0xE8, 0xF4, 0xFC, 0xFD, 0xEA, 0xF5, 0xFD, 0xFD, 0xEA, 0xF5, 0xFD, 0xFD, 0xEA, 0xF5, 0xFD, 0xFD,
    0xEA, 0xF4, 0xFD, 0xFD, 0xEB, 0xF5, 0xFD, 0xFD, 0xEC, 0xF7, 0xFC, 0xFD, 0xEC, 0xF7, 0xFC, 0xFD,
    0xEC, 0xF7, 0xFC, 0xFD, 0xEB, 0xF5, 0xFC, 0xFD, 0xE9, 0xF5, 0xFC, 0xFD, 0xE6, 0xF5, 0xFD, 0xFD,
    0xE6, 0xF5, 0xFD, 0xFD, 0xE5, 0xF4, 0xFD, 0xFD, 0xE1, 0xEF, 0xFD, 0xFD, 0xDF, 0xEF, 0xFD, 0xFD,
    0xDF, 0xEF, 0xFD, 0xFD, 0xDC, 0xF0, 0xFE, 0xFD, 0xD9, 0xF0, 0xFE, 0xFD, 0xD0, 0xE5, 0xFA, 0xFD,
    0xD0, 0xE5, 0xFA, 0xFD, 0xC4, 0xDD, 0xF7, 0xFD, 0xBB, 0xD8, 0xF7, 0xFD, 0xB3, 0xD5, 0xF8, 0xFD,
    0xA2, 0xCA, 0xF3, 0xFD, 0xA2, 0xCA, 0xF3, 0xFD, 0x98, 0xC8, 0xF6, 0xFC, 0x87, 0xC4, 0xFA, 0xFD,
    0x6D, 0xB4, 0xF7, 0xFC, 0x6D, 0xB4, 0xF7, 0xFC, 0x62, 0xB0, 0xF8, 0xFC, 0x65, 0xB3, 0xF5, 0xFB,
    0x27, 0x58, 0xA3, 0xFB, 0x0D, 0x2D, 0x7C, 0xFA, 0x0D, 0x2D, 0x7C, 0xFA, 0x07, 0x2F, 0x7B, 0xFA,
    0x02, 0x24, 0x6F, 0xF8, 0x0B, 0x35, 0x7E, 0xF8, 0x0B, 0x35, 0x7E, 0xF8, 0x0D, 0x34, 0x72, 0xF4,
    0x04, 0x1D, 0x57, 0xEE, 0x2D, 0x65, 0xA6, 0xDF, 0x2D, 0x65, 0xA6, 0xDF, 0x44, 0x91, 0xD4, 0xB9,
    0x39, 0x86, 0xCC, 0xB4, 0x36, 0x82, 0xC8, 0xA6, 0x49, 0x8F, 0xCC, 0xB8, 0x49, 0x8F, 0xCC, 0xB8,
    0x18, 0x39, 0x5D, 0xEB, 0x0F, 0x30, 0x58, 0xF4, 0x2E, 0x86, 0xDC, 0xFB, 0x2E, 0x86, 0xDC, 0xFB,
    0x22, 0x94, 0xF7, 0xFA, 0x25, 0x9D, 0xF9, 0xFB, 0x2E, 0xA1, 0xFB, 0xFB, 0x2C, 0x9D, 0xFA, 0xFB,
    0x2C, 0x9D, 0xFA, 0xFB, 0x2C, 0x9F, 0xF9, 0xFB, 0x2E, 0xA0, 0xF9, 0xFB, 0x2C, 0x9F, 0xF9, 0xFB,
    0x2C, 0x9F, 0xF9, 0xFB, 0x29, 0xA2, 0xFB, 0xFB, 0x42, 0xB1, 0xFE, 0xF9, 0x1B, 0x4F, 0x8C, 0xFA,
    0x1B, 0x4F, 0x8C, 0xFA, 0x05, 0x1D, 0x4C, 0xE1, 0x3B, 0x82, 0xCB, 0x38, 0x33, 0x81, 0xCC, 0x01,
    0x36, 0x81, 0xCB, 0x03, 0x36, 0x81, 0xCB, 0x03, 0x00, 0x00, 0x00, 0x00, 0x00, 0x00, 0x00, 0x00,
    0x00, 0x00, 0x00, 0x00, 0x00, 0x00, 0x00, 0x00, 0x00, 0x00, 0x00, 0x00, 0x00, 0x00, 0x00, 0x00,
    0x00, 0x00, 0x00, 0x00, 0x00, 0x00, 0x00, 0x00, 0x00, 0x00, 0x00, 0x00, 0x00, 0x00, 0x00, 0x00,
    0x00, 0x00, 0x00, 0x00, 0x00, 0x00, 0x00, 0x00, 0x00, 0x00, 0x00, 0x00, 0x00, 0x00, 0x00, 0x00,
    0x00, 0x00, 0x00, 0x00, 0x00, 0x00, 0x00, 0x00, 0x00, 0x00, 0x00, 0x00, 0x00, 0x00, 0x00, 0x00,
    0x00, 0x00, 0x00, 0x00, 0x00, 0x00, 0x00, 0x00, 0x00, 0x00, 0x00, 0x00, 0x00, 0x00, 0x00, 0x00,
    0x00, 0x00, 0x00, 0x00, 0x3F, 0x87, 0xCC, 0x01, 0x40, 0x88, 0xCC, 0x01, 0x40, 0x88, 0xCC, 0x01,
    0x40, 0x88, 0xCC, 0x01, 0x41, 0x89, 0xCC, 0x01, 0x41, 0x8A, 0xCD, 0x01, 0x42, 0x8A, 0xCD, 0x01,
    0x42, 0x8A, 0xCD, 0x01, 0x43, 0x8A, 0xCE, 0x01, 0x44, 0x8C, 0xCF, 0x02, 0x43, 0x8A, 0xCE, 0x03,
    0x43, 0x8A, 0xCE, 0x03, 0x46, 0x92, 0xD2, 0x02, 0x48, 0x8F, 0xC8, 0x02, 0x42, 0x7F, 0xB0, 0x34,
    0x40, 0x7A, 0xA5, 0x4C, 0x40, 0x7A, 0xA5, 0x4C, 0x09, 0x23, 0x49, 0xC3, 0x07, 0x1A, 0x52, 0xEC,
    0x41, 0x7E, 0xC4, 0xF9, 0x41, 0x7E, 0xC4, 0xF9, 0x59, 0xA5, 0xF0, 0xFC, 0x4C, 0x8E, 0xDF, 0xFC,
    0x6C, 0xB2, 0xF7, 0xFD, 0x90, 0xD3, 0xFD, 0xFD, 0x90, 0xD3, 0xFD, 0xFD, 0xA1, 0xCC, 0xF9, 0xFD,
    0xB4, 0xD8, 0xFB, 0xFD, 0xC2, 0xE1, 0xFC, 0xFD, 0xC2, 0xE1, 0xFC, 0xFD, 0xC8, 0xE4, 0xFC, 0xFD,
    0xCE, 0xE2, 0xF8, 0xFD, 0xD5, 0xE7, 0xF9, 0xFD, 0xD5, 0xE7, 0xF9, 0xFD, 0xD8, 0xE9, 0xFA, 0xFD,
    0xDB, 0xEB, 0xFA, 0xFD, 0xDC, 0xEB, 0xFA, 0xFD, 0xDD, 0xEE, 0xFC, 0xFD, 0xDD, 0xEE, 0xFC, 0xFD,
    0xDD, 0xEE, 0xFB, 0xFD, 0xDC, 0xEC, 0xFB, 0xFD, 0xDC, 0xEB, 0xFA, 0xFD, 0xDC, 0xEB, 0xFA, 0xFD,
    0xDD, 0xEE, 0xFC, 0xFD, 0xDC, 0xED, 0xFD, 0xFD, 0xD9, 0xEB, 0xFC, 0xFD, 0xD6, 0xE8, 0xFA, 0xFD,
    0xD6, 0xE8, 0xFA, 0xFD, 0xD3, 0xE6, 0xFA, 0xFD, 0xD2, 0xE7, 0xFC, 0xFD, 0xCF, 0xE5, 0xFB, 0xFD,
    0xCF, 0xE5, 0xFB, 0xFD, 0xC9, 0xDF, 0xF6, 0xFD, 0xC5, 0xDD, 0xF7, 0xFD, 0xBE, 0xDA, 0xF8, 0xFD,
    0xBE, 0xDA, 0xF8, 0xFD, 0xB6, 0xDB, 0xFA, 0xFD, 0xAA, 0xCB, 0xF4, 0xFD, 0xA1, 0xC8, 0xF6, 0xFD,
    0x9A, 0xCD, 0xF9, 0xFD, 0x9A, 0xCD, 0xF9, 0xFD, 0x90, 0xC6, 0xF5, 0xFD, 0x73, 0xAD, 0xE7, 0xFC,
    0x40, 0x78, 0xBD, 0xFC, 0x40, 0x78, 0xBD, 0xFC, 0x52, 0x8A, 0xCB, 0xFC, 0x42, 0x71, 0xAC, 0xFB,
    0x09, 0x27, 0x62, 0xFB, 0x0D, 0x37, 0x87, 0xFA, 0x0D, 0x37, 0x87, 0xFA, 0x0A, 0x49, 0xAD, 0xFA,
    0x0C, 0x63, 0xC9, 0xF8, 0x0E, 0x66, 0xC9, 0xF8, 0x0E, 0x66, 0xC9, 0xF8, 0x13, 0x5D, 0xB2, 0xF7,
    0x03, 0x22, 0x68, 0xEA, 0x09, 0x29, 0x60, 0xE5, 0x09, 0x29, 0x60, 0xE5, 0x46, 0x87, 0xC6, 0xC3,
    0x3E, 0x89, 0xCD, 0xB5, 0x35, 0x7E, 0xC4, 0xAE, 0x4A, 0x87, 0xC1, 0xBD, 0x4A, 0x87, 0xC1, 0xBD,
    0x13, 0x2C, 0x4D, 0xEC, 0x08, 0x27, 0x57, 0xF7, 0x2E, 0x8B, 0xE9, 0xF9, 0x2E, 0x8B, 0xE9, 0xF9,
    0x25, 0x9A, 0xF9, 0xFB, 0x23, 0x95, 0xF9, 0xFB, 0x2E, 0x9A, 0xFA, 0xFB, 0x31, 0x9F, 0xFB, 0xFB,
    0x31, 0x9F, 0xFB, 0xFB, 0x2E, 0x9F, 0xFA, 0xFB, 0x2C, 0x9A, 0xF8, 0xFB, 0x2B, 0x9C, 0xF9, 0xFB,
    0x2B, 0x9C, 0xF9, 0xFB, 0x22, 0x96, 0xF9, 0xFB, 0x34, 0xA0, 0xFB, 0xF9, 0x15, 0x46, 0x85, 0xFB,
    0x15, 0x46, 0x85, 0xFB, 0x05, 0x1D, 0x4F, 0xE3, 0x3A, 0x82, 0xCB, 0x3B, 0x33, 0x82, 0xCB, 0x01,
    0x35, 0x81, 0xCA, 0x02, 0x35, 0x81, 0xCA, 0x02, 0x00, 0x00, 0x00, 0x00, 0x00, 0x00, 0x00, 0x00,
    0x00, 0x00, 0x00, 0x00, 0x00, 0x00, 0x00, 0x00, 0x00, 0x00, 0x00, 0x00, 0x00, 0x00, 0x00, 0x00,
    0x00, 0x00, 0x00, 0x00, 0x00, 0x00, 0x00, 0x00, 0x00, 0x00, 0x00, 0x00, 0x00, 0x00, 0x00, 0x00,
    0x00, 0x00, 0x00, 0x00, 0x00, 0x00, 0x00, 0x00, 0x00, 0x00, 0x00, 0x00, 0x00, 0x00, 0x00, 0x00,
    0x00, 0x00, 0x00, 0x00, 0x00, 0x00, 0x00, 0x00, 0x00, 0x00, 0x00, 0x00, 0x00, 0x00, 0x00, 0x00,
    0x00, 0x00, 0x00, 0x00, 0x00, 0x00, 0x00, 0x00, 0x00, 0x00, 0x00, 0x00, 0x00, 0x00, 0x00, 0x00,
    0x00, 0x00, 0x00, 0x00, 0x3F, 0x87, 0xCC, 0x01, 0x40, 0x88, 0xCC, 0x01, 0x40, 0x88, 0xCC, 0x01,
    0x40, 0x88, 0xCC, 0x01, 0x41, 0x89, 0xCC, 0x01, 0x41, 0x8A, 0xCD, 0x01, 0x42, 0x8A, 0xCD, 0x01,
    0x42, 0x8A, 0xCD, 0x01, 0x43, 0x8A, 0xCE, 0x01, 0x44, 0x8C, 0xCF, 0x02, 0x43, 0x8A, 0xCE, 0x03,
    0x43, 0x8A, 0xCE, 0x03, 0x46, 0x92, 0xD2, 0x02, 0x48, 0x8F, 0xC8, 0x02, 0x42, 0x7F, 0xB0, 0x34,
    0x40, 0x7A, 0xA5, 0x4C, 0x40, 0x7A, 0xA5, 0x4C, 0x09, 0x23, 0x49, 0xC3, 0x07, 0x1A, 0x52, 0xEC,
    0x41, 0x7E, 0xC4, 0xF9, 0x41, 0x7E, 0xC4, 0xF9, 0x59, 0xA5, 0xF0, 0xFC, 0x4C, 0x8E, 0xDF, 0xFC,
    0x6C, 0xB2, 0xF7, 0xFD, 0x90, 0xD3, 0xFD, 0xFD, 0x90, 0xD3, 0xFD, 0xFD, 0xA1, 0xCC, 0xF9, 0xFD,
    0xB4, 0xD8, 0xFB, 0xFD, 0xC2, 0xE1, 0xFC, 0xFD, 0xC2, 0xE1, 0xFC, 0xFD, 0xC8, 0xE4, 0xFC, 0xFD,
    0xCE, 0xE2, 0xF8, 0xFD, 0xD5, 0xE7, 0xF9, 0xFD, 0xD5, 0xE7, 0xF9, 0xFD, 0xD8, 0xE9, 0xFA, 0xFD,
    0xDB, 0xEB, 0xFA, 0xFD, 0xDC, 0xEB, 0xFA, 0xFD, 0xDD, 0xEE, 0xFC, 0xFD, 0xDD, 0xEE, 0xFC, 0xFD,
    0xDD, 0xEE, 0xFB, 0xFD, 0xDC, 0xEC, 0xFB, 0xFD, 0xDC, 0xEB, 0xFA, 0xFD, 0xDC, 0xEB, 0xFA, 0xFD,
    0xDD, 0xEE, 0xFC, 0xFD, 0xDC, 0xED, 0xFD, 0xFD, 0xD9, 0xEB, 0xFC, 0xFD, 0xD6, 0xE8, 0xFA, 0xFD,
    0xD6, 0xE8, 0xFA, 0xFD, 0xD3, 0xE6, 0xFA, 0xFD, 0xD2, 0xE7, 0xFC, 0xFD, 0xCF, 0xE5, 0xFB, 0xFD,
    0xCF, 0xE5, 0xFB, 0xFD, 0xC9, 0xDF, 0xF6, 0xFD, 0xC5, 0xDD, 0xF7, 0xFD, 0xBE, 0xDA, 0xF8, 0xFD,
    0xBE, 0xDA, 0xF8, 0xFD, 0xB6, 0xDB, 0xFA, 0xFD, 0xAA, 0xCB, 0xF4, 0xFD, 0xA1, 0xC8, 0xF6, 0xFD,
    0x9A, 0xCD, 0xF9, 0xFD, 0x9A, 0xCD, 0xF9, 0xFD, 0x90, 0xC6, 0xF5, 0xFD, 0x73, 0xAD, 0xE7, 0xFC,
    0x40, 0x78, 0xBD, 0xFC, 0x40, 0x78, 0xBD, 0xFC, 0x52, 0x8A, 0xCB, 0xFC, 0x42, 0x71, 0xAC, 0xFB,
    0x09, 0x27, 0x62, 0xFB, 0x0D, 0x37, 0x87, 0xFA, 0x0D, 0x37, 0x87, 0xFA, 0x0A, 0x49, 0xAD, 0xFA,
    0x0C, 0x63, 0xC9, 0xF8, 0x0E, 0x66, 0xC9, 0xF8, 0x0E, 0x66, 0xC9, 0xF8, 0x13, 0x5D, 0xB2, 0xF7,
    0x03, 0x22, 0x68, 0xEA, 0x09, 0x29, 0x60, 0xE5, 0x09, 0x29, 0x60, 0xE5, 0x46, 0x87, 0xC6, 0xC3,
    0x3E, 0x89, 0xCD, 0xB5, 0x35, 0x7E, 0xC4, 0xAE, 0x4A, 0x87, 0xC1, 0xBD, 0x4A, 0x87, 0xC1, 0xBD,
    0x13, 0x2C, 0x4D, 0xEC, 0x08, 0x27, 0x57, 0xF7, 0x2E, 0x8B, 0xE9, 0xF9, 0x2E, 0x8B, 0xE9, 0xF9,
    0x25, 0x9A, 0xF9, 0xFB, 0x23, 0x95, 0xF9, 0xFB, 0x2E, 0x9A, 0xFA, 0xFB, 0x31, 0x9F, 0xFB, 0xFB,
    0x31, 0x9F, 0xFB, 0xFB, 0x2E, 0x9F, 0xFA, 0xFB, 0x2C, 0x9A, 0xF8, 0xFB, 0x2B, 0x9C, 0xF9, 0xFB,
    0x2B, 0x9C, 0xF9, 0xFB, 0x22, 0x96, 0xF9, 0xFB, 0x34, 0xA0, 0xFB, 0xF9, 0x15, 0x46, 0x85, 0xFB,
    0x15, 0x46, 0x85, 0xFB, 0x05, 0x1D, 0x4F, 0xE3, 0x3A, 0x82, 0xCB, 0x3B, 0x33, 0x82, 0xCB, 0x01,
    0x35, 0x81, 0xCA, 0x02, 0x35, 0x81, 0xCA, 0x02, 0x00, 0x00, 0x00, 0x00, 0x00, 0x00, 0x00, 0x00,
    0x00, 0x00, 0x00, 0x00, 0x00, 0x00, 0x00, 0x00, 0x00, 0x00, 0x00, 0x00, 0x00, 0x00, 0x00, 0x00,
    0x00, 0x00, 0x00, 0x00, 0x00, 0x00, 0x00, 0x00, 0x00, 0x00, 0x00, 0x00, 0x00, 0x00, 0x00, 0x00,
    0x00, 0x00, 0x00, 0x00, 0x00, 0x00, 0x00, 0x00, 0x00, 0x00, 0x00, 0x00, 0x00, 0x00, 0x00, 0x00,
    0x00, 0x00, 0x00, 0x00, 0x00, 0x00, 0x00, 0x00, 0x00, 0x00, 0x00, 0x00, 0x00, 0x00, 0x00, 0x00,
    0x00, 0x00, 0x00, 0x00, 0x00, 0x00, 0x00, 0x00, 0x00, 0x00, 0x00, 0x00, 0x00, 0x00, 0x00, 0x00,
    0x00, 0x00, 0x00, 0x00, 0x3E, 0x86, 0xCC, 0x01, 0x3F, 0x87, 0xCC, 0x01, 0x40, 0x87, 0xCC, 0x01,
    0x40, 0x87, 0xCC, 0x01, 0x40, 0x89, 0xCC, 0x01, 0x41, 0x89, 0xCC, 0x01, 0x42, 0x89, 0xCD, 0x01,
    0x42, 0x89, 0xCD, 0x01, 0x42, 0x8A, 0xCD, 0x01, 0x44, 0x8B, 0xCD, 0x01, 0x44, 0x8C, 0xD0, 0x02,
    0x44, 0x8C, 0xD0, 0x02, 0x43, 0x8F, 0xD2, 0x04, 0x41, 0x8C, 0xCE, 0x07, 0x4C, 0x9B, 0xD6, 0x07,
    0x62, 0xAF, 0xE1, 0x17, 0x62, 0xAF, 0xE1, 0x17, 0x13, 0x32, 0x58, 0xAC, 0x07, 0x1C, 0x4C, 0xE7,
    0x10, 0x31, 0x6E, 0xF8, 0x10, 0x31, 0x6E, 0xF8, 0x0D, 0x2E, 0x71, 0xFC, 0x14, 0x30, 0x71, 0xFC,
    0x2C, 0x60, 0xA5, 0xFD, 0x5C, 0x9D, 0xE4, 0xFD, 0x5C, 0x9D, 0xE4, 0xFD, 0x72, 0xAE, 0xEC, 0xFD,
    0x8B, 0xC7, 0xF9, 0xFD, 0x96, 0xC3, 0xF2, 0xFD, 0x96, 0xC3, 0xF2, 0xFD, 0xA9, 0xD2, 0xF7, 0xFD,
    0xB6, 0xD3, 0xF3, 0xFD, 0xC0, 0xDA, 0xF4, 0xFD, 0xC0, 0xDA, 0xF4, 0xFD, 0xC7, 0xE1, 0xF8, 0xFD,
    0xCB, 0xE3, 0xF8, 0xFD, 0xCA, 0xE0, 0xF5, 0xFD, 0xCA, 0xE0, 0xF5, 0xFD, 0xCA, 0xE0, 0xF5, 0xFD,
    0xCB, 0xE0, 0xF5, 0xFD, 0xCC, 0xE2, 0xF7, 0xFD, 0xCB, 0xE3, 0xF7, 0xFD, 0xCB, 0xE3, 0xF7, 0xFD,
    0xCB, 0xE2, 0xF7, 0xFD, 0xCA, 0xE1, 0xF8, 0xFD, 0xC8, 0xE1, 0xF9, 0xFD, 0xC2, 0xDB, 0xF5, 0xFD,
    0xC2, 0xDB, 0xF5, 0xFD, 0xC0, 0xDB, 0xF5, 0xFD, 0xBE, 0xDA, 0xF5, 0xFD, 0xBB, 0xD7, 0xF3, 0xFD,
    0xBB, 0xD7, 0xF3, 0xFD, 0xBA, 0xD8, 0xF5, 0xFD, 0xB7, 0xD9, 0xF9, 0xFD, 0xAB, 0xCF, 0xF6, 0xFD,
    0xAB, 0xCF, 0xF6, 0xFD, 0x9C, 0xCD, 0xF5, 0xFD, 0x87, 0xB4, 0xE2, 0xFD, 0x75, 0xA5, 0xDA, 0xFD,
    0x57, 0x89, 0xC5, 0xFD, 0x57, 0x89, 0xC5, 0xFD, 0x46, 0x7F, 0xBB, 0xFC, 0x1B, 0x46, 0x8E, 0xFD,
    0x08, 0x2B, 0x73, 0xFC, 0x08, 0x2B, 0x73, 0xFC, 0x13, 0x42, 0x8A, 0xFC, 0x03, 0x20, 0x6C, 0xFB,
    0x05, 0x34, 0x8B, 0xFB, 0x16, 0x72, 0xDB, 0xFA, 0x16, 0x72, 0xDB, 0xFA, 0x0C, 0x71, 0xE4, 0xFA,
    0x04, 0x67, 0xDD, 0xF9, 0x03, 0x65, 0xD9, 0xF8, 0x03, 0x65, 0xD9, 0xF8, 0x0B, 0x70, 0xD6, 0xF7,
    0x0A, 0x52, 0xAD, 0xEC, 0x04, 0x2C, 0x67, 0xE9, 0x04, 0x2C, 0x67, 0xE9, 0x22, 0x51, 0x8A, 0xCC,
    0x48, 0x8E, 0xCD, 0xBA, 0x41, 0x8B, 0xCC, 0xB7, 0x48, 0x80, 0xB7, 0xC1, 0x48, 0x80, 0xB7, 0xC1,
    0x0C, 0x21, 0x44, 0xEF, 0x14, 0x45, 0x87, 0xF7, 0x2C, 0x95, 0xF7, 0xF9, 0x2C, 0x95, 0xF7, 0xF9,
    0x23, 0x9C, 0xFC, 0xFB, 0x29, 0x9C, 0xFC, 0xFB, 0x2F, 0x99, 0xFC, 0xFB, 0x32, 0x9E, 0xFC, 0xFB,
    0x32, 0x9E, 0xFC, 0xFB, 0x2F, 0xA0, 0xFB, 0xFB, 0x2C, 0x9C, 0xF9, 0xFB, 0x2A, 0x9F, 0xF9, 0xFB,
    0x2A, 0x9F, 0xF9, 0xFB, 0x1F, 0x95, 0xF9, 0xFB, 0x32, 0x9D, 0xFA, 0xF8, 0x11, 0x40, 0x81, 0xFA,
    0x11, 0x40, 0x81, 0xFA, 0x0A, 0x24, 0x5A, 0xDA, 0x3B, 0x83, 0xCC, 0x36, 0x00, 0x00, 0x00, 0x00,
    0x36, 0x80, 0xCA, 0x02, 0x36, 0x80, 0xCA, 0x02, 0x00, 0x00, 0x00, 0x00, 0x00, 0x00, 0x00, 0x00,
    0x00, 0x00, 0x00, 0x00, 0x00, 0x00, 0x00, 0x00, 0x00, 0x00, 0x00, 0x00, 0x00, 0x00, 0x00, 0x00,
    0x00, 0x00, 0x00, 0x00, 0x00, 0x00, 0x00, 0x00, 0x00, 0x00, 0x00, 0x00, 0x00, 0x00, 0x00, 0x00,
    0x00, 0x00, 0x00, 0x00, 0x00, 0x00, 0x00, 0x00, 0x00, 0x00, 0x00, 0x00, 0x00, 0x00, 0x00, 0x00,
    0x00, 0x00, 0x00, 0x00, 0x00, 0x00, 0x00, 0x00, 0x00, 0x00, 0x00, 0x00, 0x00, 0x00, 0x00, 0x00,
    0x00, 0x00, 0x00, 0x00, 0x00, 0x00, 0x00, 0x00, 0x00, 0x00, 0x00, 0x00, 0x00, 0x00, 0x00, 0x00,
    0x00, 0x00, 0x00, 0x00, 0x3E, 0x86, 0xCB, 0x01, 0x3F, 0x87, 0xCC, 0x01, 0x40, 0x87, 0xCB, 0x01,
    0x40, 0x87, 0xCB, 0x01, 0x40, 0x88, 0xCB, 0x01, 0x41, 0x89, 0xCC, 0x01, 0x41, 0x89, 0xCC, 0x01,
    0x41, 0x89, 0xCC, 0x01, 0x42, 0x8A, 0xCD, 0x02, 0x43, 0x8B, 0xCD, 0x02, 0x43, 0x8C, 0xCF, 0x01,
    0x43, 0x8C, 0xCF, 0x01, 0x44, 0x90, 0xD3, 0x02, 0x42, 0x8C, 0xCD, 0x05, 0x4B, 0x92, 0xCF, 0x04,
    0x43, 0x7D, 0xB1, 0x2B, 0x43, 0x7D, 0xB1, 0x2B, 0x03, 0x1E, 0x57, 0xBF, 0x2E, 0x6F, 0xC6, 0xF4,
    0x29, 0x79, 0xD4, 0xF9, 0x29, 0x79, 0xD4, 0xF9, 0x1B, 0x56, 0xB2, 0xFB, 0x21, 0x58, 0xA7, 0xFC,
    0x1C, 0x52, 0x9E, 0xFD, 0x1F, 0x60, 0xB2, 0xFD, 0x1F, 0x60, 0xB2, 0xFD, 0x35, 0x7C, 0xCC, 0xFD,
    0x4E, 0x93, 0xDE, 0xFD, 0x60, 0x95, 0xD7, 0xFD, 0x60, 0x95, 0xD7, 0xFD, 0x7C, 0xAD, 0xE2, 0xFD,
    0x95, 0xBC, 0xE7, 0xFD, 0xAC, 0xCF, 0xF0, 0xFD, 0xAC, 0xCF, 0xF0, 0xFD, 0xB1, 0xCF, 0xEF, 0xFD,
    0xB4, 0xD2, 0xF0, 0xFD, 0xB6, 0xD4, 0xF1, 0xFD, 0xB6, 0xD3, 0xF0, 0xFD, 0xB6, 0xD3, 0xF0, 0xFD,
    0xB6, 0xD2, 0xEE, 0xFD, 0xBA, 0xD8, 0xF3, 0xFD, 0xBB, 0xD8, 0xF3, 0xFD, 0xBB, 0xD8, 0xF3, 0xFD,
    0xB8, 0xD5, 0xF2, 0xFD, 0xB6, 0xD2, 0xF1, 0xFD, 0xB3, 0xD2, 0xF2, 0xFD, 0xB1, 0xD3, 0xF3, 0xFD,
    0xB1, 0xD3, 0xF3, 0xFD, 0xAF, 0xD4, 0xF3, 0xFD, 0xA6, 0xC8, 0xEB, 0xFD, 0xA1, 0xC5, 0xEA, 0xFD,
    0xA1, 0xC5, 0xEA, 0xFD, 0x9D, 0xC8, 0xEF, 0xFD, 0x8C, 0xC0, 0xED, 0xFD, 0x68, 0x99, 0xD4, 0xFD,
    0x68, 0x99, 0xD4, 0xFD, 0x51, 0x85, 0xC8, 0xFD, 0x43, 0x7B, 0xBE, 0xFD, 0x3B, 0x77, 0xC1, 0xFD,
    0x20, 0x51, 0xA8, 0xFD, 0x20, 0x51, 0xA8, 0xFD, 0x1F, 0x5B, 0xB1, 0xFC, 0x1B, 0x5A, 0xB7, 0xFD,
    0x1E, 0x67, 0xC4, 0xFC, 0x1E, 0x67, 0xC4, 0xFC, 0x27, 0x7E, 0xD7, 0xFC, 0x17, 0x69, 0xCF, 0xFB,
    0x0E, 0x6B, 0xD9, 0xFB, 0x0E, 0x74, 0xE9, 0xFB, 0x0E, 0x74, 0xE9, 0xFB, 0x08, 0x71, 0xE8, 0xFA,
    0x06, 0x6E, 0xE5, 0xF9, 0x06, 0x68, 0xDE, 0xF8, 0x06, 0x68, 0xDE, 0xF8, 0x05, 0x63, 0xD6, 0xF7,
    0x0C, 0x71, 0xD6, 0xF2, 0x11, 0x52, 0xA4, 0xED, 0x11, 0x52, 0xA4, 0xED, 0x04, 0x1F, 0x5B, 0xE0,
    0x38, 0x73, 0xAA, 0xD6, 0x58, 0x9F, 0xDD, 0xC7, 0x2E, 0x5D, 0x94, 0xD6, 0x2E, 0x5D, 0x94, 0xD6,
    0x03, 0x13, 0x42, 0xF2, 0x29, 0x7B, 0xD0, 0xF8, 0x25, 0x99, 0xFB, 0xFA, 0x25, 0x99, 0xFB, 0xFA,
    0x1F, 0x96, 0xFD, 0xFA, 0x28, 0x98, 0xFD, 0xFB, 0x30, 0x9E, 0xFD, 0xFB, 0x2B, 0x96, 0xFB, 0xFB,
    0x2B, 0x96, 0xFB, 0xFB, 0x29, 0x98, 0xFB, 0xFB, 0x27, 0x9A, 0xFA, 0xFB, 0x1F, 0x92, 0xF9, 0xFB,
    0x1F, 0x92, 0xF9, 0xFB, 0x1C, 0x92, 0xF9, 0xFB, 0x2F, 0x9B, 0xF9, 0xFA, 0x0C, 0x35, 0x7A, 0xFC,
    0x0C, 0x35, 0x7A, 0xFC, 0x07, 0x23, 0x62, 0xCB, 0x3C, 0x84, 0xD5, 0x2D, 0x00, 0x00, 0x00, 0x00,
    0x36, 0x7F, 0xC9, 0x02, 0x36, 0x7F, 0xC9, 0x02, 0x00, 0x00, 0x00, 0x00, 0x00, 0x00, 0x00, 0x00,
    0x00, 0x00, 0x00, 0x00, 0x00, 0x00, 0x00, 0x00, 0x00, 0x00, 0x00, 0x00, 0x00, 0x00, 0x00, 0x00,
    0x00, 0x00, 0x00, 0x00, 0x00, 0x00, 0x00, 0x00, 0x00, 0x00, 0x00, 0x00, 0x00, 0x00, 0x00, 0x00,
    0x00, 0x00, 0x00, 0x00, 0x00, 0x00, 0x00, 0x00, 0x00, 0x00, 0x00, 0x00, 0x00, 0x00, 0x00, 0x00,
    0x00, 0x00, 0x00, 0x00, 0x00, 0x00, 0x00, 0x00, 0x00, 0x00, 0x00, 0x00, 0x00, 0x00, 0x00, 0x00,
    0x00, 0x00, 0x00, 0x00, 0x00, 0x00, 0x00, 0x00, 0x00, 0x00, 0x00, 0x00, 0x00, 0x00, 0x00, 0x00,
    0x00, 0x00, 0x00, 0x00, 0x3F, 0x87, 0xCC, 0x01, 0x3F, 0x88, 0xCB, 0x01, 0x40, 0x88, 0xCB, 0x01,
    0x40, 0x88, 0xCB, 0x01, 0x40, 0x89, 0xCB, 0x01, 0x41, 0x89, 0xCC, 0x02, 0x41, 0x89, 0xCC, 0x02,
    0x41, 0x89, 0xCC, 0x02, 0x41, 0x8A, 0xCD, 0x02, 0x42, 0x8B, 0xCD, 0x02, 0x42, 0x8C, 0xCF, 0x01,
    0x42, 0x8C, 0xCF, 0x01, 0x40, 0x8C, 0xD0, 0x04, 0x44, 0x93, 0xD4, 0x02, 0x51, 0x8F, 0xC4, 0x1E,
    0x0B, 0x27, 0x57, 0xC5, 0x0B, 0x27, 0x57, 0xC5, 0x16, 0x50, 0xA4, 0xF0, 0x23, 0x85, 0xEE, 0xF5,
    0x1D, 0x84, 0xF1, 0xF9, 0x1D, 0x84, 0xF1, 0xF9, 0x1D, 0x7C, 0xEB, 0xFC, 0x2B, 0x8F, 0xF3, 0xFC,
    0x2B, 0x88, 0xEA, 0xFD, 0x35, 0x92, 0xEE, 0xFD, 0x35, 0x92, 0xEE, 0xFD, 0x36, 0x88, 0xE4, 0xFD,
    0x42, 0x8E, 0xE4, 0xFD, 0x5B, 0x9C, 0xE4, 0xFD, 0x5B, 0x9C, 0xE4, 0xFD, 0x7A, 0xAE, 0xE7, 0xFD,
    0x99, 0xC1, 0xEC, 0xFD, 0xAA, 0xD0, 0xF3, 0xFD, 0xAA, 0xD0, 0xF3, 0xFD, 0xA7, 0xC8, 0xED, 0xFD,
    0xA9, 0xCB, 0xEE, 0xFD, 0xA6, 0xC8, 0xEB, 0xFD, 0xA7, 0xC9, 0xEB, 0xFD, 0xA7, 0xC9, 0xEB, 0xFD,
    0xA9, 0xCB, 0xEB, 0xFD, 0xAC, 0xCD, 0xEE, 0xFD, 0xAC, 0xCC, 0xEE, 0xFD, 0xAC, 0xCC, 0xEE, 0xFD,
    0xAD, 0xD1, 0xF2, 0xFD, 0xAB, 0xCC, 0xEF, 0xFD, 0xA9, 0xCC, 0xEF, 0xFD, 0xA4, 0xC8, 0xEC, 0xFD,
    0xA4, 0xC8, 0xEC, 0xFD, 0xA0, 0xC8, 0xED, 0xFD, 0x99, 0xC1, 0xE8, 0xFD, 0x93, 0xBE, 0xE7, 0xFD,
    0x93, 0xBE, 0xE7, 0xFD, 0x80, 0xAC, 0xE0, 0xFD, 0x69, 0xA8, 0xE3, 0xFD, 0x51, 0x94, 0xDF, 0xFD,
    0x51, 0x94, 0xDF, 0xFD, 0x4F, 0x8F, 0xE4, 0xFD, 0x4A, 0x8E, 0xE2, 0xFD, 0x4A, 0x9F, 0xF2, 0xFD,
    0x3C, 0x90, 0xEC, 0xFD, 0x3C, 0x90, 0xEC, 0xFD, 0x34, 0x90, 0xF3, 0xFD, 0x28, 0x89, 0xF2, 0xFD,
    0x26, 0x90, 0xF8, 0xFC, 0x26, 0x90, 0xF8, 0xFC, 0x20, 0x8E, 0xF8, 0xFC, 0x17, 0x8A, 0xF7, 0xFC,
    0x0B, 0x7C, 0xF0, 0xFB, 0x09, 0x79, 0xEF, 0xFA, 0x09, 0x79, 0xEF, 0xFA, 0x07, 0x77, 0xEC, 0xFA,
    0x0B, 0x7C, 0xEF, 0xF9, 0x06, 0x6E, 0xE5, 0xF9, 0x06, 0x6E, 0xE5, 0xF9, 0x06, 0x70, 0xE4, 0xF7,
    0x07, 0x72, 0xE0, 0xF6, 0x12, 0x6E, 0xD0, 0xF0, 0x12, 0x6E, 0xD0, 0xF0, 0x12, 0x47, 0x86, 0xEB,
    0x23, 0x59, 0x88, 0xE2, 0x64, 0xAC, 0xDE, 0xD6, 0x14, 0x43, 0x75, 0xE1, 0x14, 0x43, 0x75, 0xE1,
    0x10, 0x40, 0x90, 0xF4, 0x24, 0x89, 0xEF, 0xF7, 0x19, 0x8C, 0xF7, 0xFA, 0x19, 0x8C, 0xF7, 0xFA,
    0x22, 0x9A, 0xFD, 0xFA, 0x28, 0x9B, 0xFE, 0xFB, 0x2C, 0x9C, 0xFD, 0xFB, 0x27, 0x96, 0xFB, 0xFB,
    0x27, 0x96, 0xFB, 0xFB, 0x22, 0x94, 0xFC, 0xFB, 0x20, 0x96, 0xFC, 0xFB, 0x1A, 0x8F, 0xFB, 0xFB,
    0x1A, 0x8F, 0xFB, 0xFB, 0x18, 0x89, 0xF6, 0xF9, 0x22, 0x79, 0xDC, 0xF9, 0x1A, 0x4D, 0x90, 0xDD,
    0x1A, 0x4D, 0x90, 0xDD, 0x1D, 0x4F, 0x97, 0x85, 0x36, 0x82, 0xCE, 0x1F, 0x00, 0x00, 0x00, 0x00,
    0x36, 0x80, 0xCA, 0x02, 0x36, 0x80, 0xCA, 0x02, 0x00, 0x00, 0x00, 0x00, 0x00, 0x00, 0x00, 0x00,
    0x00, 0x00, 0x00, 0x00, 0x00, 0x00, 0x00, 0x00, 0x00, 0x00, 0x00, 0x00, 0x00, 0x00, 0x00, 0x00,
    0x00, 0x00, 0x00, 0x00, 0x00, 0x00, 0x00, 0x00, 0x00, 0x00, 0x00, 0x00, 0x00, 0x00, 0x00, 0x00,
    0x00, 0x00, 0x00, 0x00, 0x00, 0x00, 0x00, 0x00, 0x00, 0x00, 0x00, 0x00, 0x00, 0x00, 0x00, 0x00,
    0x00, 0x00, 0x00, 0x00, 0x00, 0x00, 0x00, 0x00, 0x00, 0x00, 0x00, 0x00, 0x00, 0x00, 0x00, 0x00,
    0x00, 0x00, 0x00, 0x00, 0x00, 0x00, 0x00, 0x00, 0x00, 0x00, 0x00, 0x00, 0x00, 0x00, 0x00, 0x00,
    0x00, 0x00, 0x00, 0x00, 0x3F, 0x87, 0xCC, 0x01, 0x3F, 0x88, 0xCB, 0x01, 0x40, 0x88, 0xCB, 0x01,
    0x40, 0x88, 0xCB, 0x01, 0x40, 0x89, 0xCB, 0x01, 0x41, 0x89, 0xCC, 0x02, 0x41, 0x89, 0xCC, 0x02,
    0x41, 0x89, 0xCC, 0x02, 0x41, 0x8A, 0xCD, 0x02, 0x42, 0x8B, 0xCD, 0x02, 0x42, 0x8C, 0xCF, 0x01,
    0x42, 0x8C, 0xCF, 0x01, 0x40, 0x8C, 0xD0, 0x04, 0x44, 0x93, 0xD4, 0x02, 0x51, 0x8F, 0xC4, 0x1E,
    0x0B, 0x27, 0x57, 0xC5, 0x0B, 0x27, 0x57, 0xC5, 0x16, 0x50, 0xA4, 0xF0, 0x23, 0x85, 0xEE, 0xF5,
    0x1D, 0x84, 0xF1, 0xF9, 0x1D, 0x84, 0xF1, 0xF9, 0x1D, 0x7C, 0xEB, 0xFC, 0x2B, 0x8F, 0xF3, 0xFC,
    0x2B, 0x88, 0xEA, 0xFD, 0x35, 0x92, 0xEE, 0xFD, 0x35, 0x92, 0xEE, 0xFD, 0x36, 0x88, 0xE4, 0xFD,
    0x42, 0x8E, 0xE4, 0xFD, 0x5B, 0x9C, 0xE4, 0xFD, 0x5B, 0x9C, 0xE4, 0xFD, 0x7A, 0xAE, 0xE7, 0xFD,
    0x99, 0xC1, 0xEC, 0xFD, 0xAA, 0xD0, 0xF3, 0xFD, 0xAA, 0xD0, 0xF3, 0xFD, 0xA7, 0xC8, 0xED, 0xFD,
    0xA9, 0xCB, 0xEE, 0xFD, 0xA6, 0xC8, 0xEB, 0xFD, 0xA7, 0xC9, 0xEB, 0xFD, 0xA7, 0xC9, 0xEB, 0xFD,
    0xA9, 0xCB, 0xEB, 0xFD, 0xAC, 0xCD, 0xEE, 0xFD, 0xAC, 0xCC, 0xEE, 0xFD, 0xAC, 0xCC, 0xEE, 0xFD,
    0xAD, 0xD1, 0xF2, 0xFD, 0xAB, 0xCC, 0xEF, 0xFD, 0xA9, 0xCC, 0xEF, 0xFD, 0xA4, 0xC8, 0xEC, 0xFD,
    0xA4, 0xC8, 0xEC, 0xFD, 0xA0, 0xC8, 0xED, 0xFD, 0x99, 0xC1, 0xE8, 0xFD, 0x93, 0xBE, 0xE7, 0xFD,
    0x93, 0xBE, 0xE7, 0xFD, 0x80, 0xAC, 0xE0, 0xFD, 0x69, 0xA8, 0xE3, 0xFD, 0x51, 0x94, 0xDF, 0xFD,
    0x51, 0x94, 0xDF, 0xFD, 0x4F, 0x8F, 0xE4, 0xFD, 0x4A, 0x8E, 0xE2, 0xFD, 0x4A, 0x9F, 0xF2, 0xFD,
    0x3C, 0x90, 0xEC, 0xFD, 0x3C, 0x90, 0xEC, 0xFD, 0x34, 0x90, 0xF3, 0xFD, 0x28, 0x89, 0xF2, 0xFD,
    0x26, 0x90, 0xF8, 0xFC, 0x26, 0x90, 0xF8, 0xFC, 0x20, 0x8E, 0xF8, 0xFC, 0x17, 0x8A, 0xF7, 0xFC,
    0x0B, 0x7C, 0xF0, 0xFB, 0x09, 0x79, 0xEF, 0xFA, 0x09, 0x79, 0xEF, 0xFA, 0x07, 0x77, 0xEC, 0xFA,
    0x0B, 0x7C, 0xEF, 0xF9, 0x06, 0x6E, 0xE5, 0xF9, 0x06, 0x6E, 0xE5, 0xF9, 0x06, 0x70, 0xE4, 0xF7,
    0x07, 0x72, 0xE0, 0xF6, 0x12, 0x6E, 0xD0, 0xF0, 0x12, 0x6E, 0xD0, 0xF0, 0x12, 0x47, 0x86, 0xEB,
    0x23, 0x59, 0x88, 0xE2, 0x64, 0xAC, 0xDE, 0xD6, 0x14, 0x43, 0x75, 0xE1, 0x14, 0x43, 0x75, 0xE1,
    0x10, 0x40, 0x90, 0xF4, 0x24, 0x89, 0xEF, 0xF7, 0x19, 0x8C, 0xF7, 0xFA, 0x19, 0x8C, 0xF7, 0xFA,
    0x22, 0x9A, 0xFD, 0xFA, 0x28, 0x9B, 0xFE, 0xFB, 0x2C, 0x9C, 0xFD, 0xFB, 0x27, 0x96, 0xFB, 0xFB,
    0x27, 0x96, 0xFB, 0xFB, 0x22, 0x94, 0xFC, 0xFB, 0x20, 0x96, 0xFC, 0xFB, 0x1A, 0x8F, 0xFB, 0xFB,
    0x1A, 0x8F, 0xFB, 0xFB, 0x18, 0x89, 0xF6, 0xF9, 0x22, 0x79, 0xDC, 0xF9, 0x1A, 0x4D, 0x90, 0xDD,
    0x1A, 0x4D, 0x90, 0xDD, 0x1D, 0x4F, 0x97, 0x85, 0x36, 0x82, 0xCE, 0x1F, 0x00, 0x00, 0x00, 0x00,
    0x36, 0x80, 0xCA, 0x02, 0x36, 0x80, 0xCA, 0x02, 0x00, 0x00, 0x00, 0x00, 0x00, 0x00, 0x00, 0x00,
    0x00, 0x00, 0x00, 0x00, 0x00, 0x00, 0x00, 0x00, 0x00, 0x00, 0x00, 0x00, 0x00, 0x00, 0x00, 0x00,
    0x00, 0x00, 0x00, 0x00, 0x00, 0x00, 0x00, 0x00, 0x00, 0x00, 0x00, 0x00, 0x00, 0x00, 0x00, 0x00,
    0x00, 0x00, 0x00, 0x00, 0x00, 0x00, 0x00, 0x00, 0x00, 0x00, 0x00, 0x00, 0x00, 0x00, 0x00, 0x00,
    0x00, 0x00, 0x00, 0x00, 0x00, 0x00, 0x00, 0x00, 0x00, 0x00, 0x00, 0x00, 0x00, 0x00, 0x00, 0x00,
    0x00, 0x00, 0x00, 0x00, 0x00, 0x00, 0x00, 0x00, 0x00, 0x00, 0x00, 0x00, 0x00, 0x00, 0x00, 0x00,
    0x00, 0x00, 0x00, 0x00, 0x3F, 0x87, 0xCB, 0x01, 0x40, 0x88, 0xCB, 0x01, 0x40, 0x88, 0xCB, 0x01,
    0x40, 0x88, 0xCB, 0x01, 0x41, 0x89, 0xCC, 0x02, 0x41, 0x88, 0xCC, 0x02, 0x41, 0x88, 0xCD, 0x02,
    0x41, 0x88, 0xCD, 0x02, 0x41, 0x89, 0xCD, 0x02, 0x41, 0x8A, 0xCE, 0x02, 0x41, 0x8B, 0xCF, 0x02,
    0x41, 0x8B, 0xCF, 0x02, 0x3E, 0x8A, 0xD0, 0x09, 0x46, 0x91, 0xD3, 0x01, 0x37, 0x6D, 0x98, 0x43,
    0x09, 0x2C, 0x62, 0xEC, 0x09, 0x2C, 0x62, 0xEC, 0x27, 0x80, 0xE8, 0xF0, 0x14, 0x74, 0xE8, 0xF8,
    0x14, 0x79, 0xEC, 0xFA, 0x14, 0x79, 0xEC, 0xFA, 0x1C, 0x85, 0xF4, 0xFC, 0x26, 0x8E, 0xF8, 0xFC,
    0x2D, 0x8E, 0xF5, 0xFD, 0x35, 0x9A, 0xFA, 0xFD, 0x35, 0x9A, 0xFA, 0xFD, 0x3B, 0x9C, 0xF8, 0xFD,
    0x51, 0xAD, 0xFA, 0xFD, 0x6C, 0xB3, 0xF3, 0xFD, 0x6C, 0xB3, 0xF3, 0xFD, 0x97, 0xC8, 0xF5, 0xFD,
    0xAB, 0xCB, 0xF2, 0xFD, 0xB3, 0xD0, 0xF4, 0xFD, 0xB3, 0xD0, 0xF4, 0xFD, 0xB5, 0xD4, 0xF7, 0xFD,
    0xAF, 0xD1, 0xF4, 0xFD, 0xA8, 0xC8, 0xED, 0xFD, 0xA8, 0xCA, 0xEE, 0xFD, 0xA8, 0xCA, 0xEE, 0xFD,
    0xA8, 0xCA, 0xED, 0xFD, 0xAA, 0xCB, 0xEF, 0xFD, 0xAD, 0xCC, 0xEF, 0xFD, 0xAD, 0xCC, 0xEF, 0xFD,
    0xAC, 0xCE, 0xF1, 0xFD, 0xAB, 0xCC, 0xF0, 0xFD, 0xAB, 0xCE, 0xF1, 0xFD, 0xA9, 0xCD, 0xEF, 0xFD,
    0xA9, 0xCD, 0xEF, 0xFD, 0xA8, 0xCD, 0xF0, 0xFD, 0xA4, 0xCA, 0xEF, 0xFD, 0xA3, 0xCC, 0xF3, 0xFD,
    0xA3, 0xCC, 0xF3, 0xFD, 0x92, 0xC1, 0xF2, 0xFD, 0x76, 0xBA, 0xF5, 0xFD, 0x60, 0xB3, 0xFA, 0xFD,
    0x60, 0xB3, 0xFA, 0xFD, 0x5C, 0xB4, 0xFD, 0xFD, 0x56, 0xAE, 0xFB, 0xFD, 0x4D, 0xAA, 0xFB, 0xFD,
    0x3D, 0x9F, 0xF9, 0xFD, 0x3D, 0x9F, 0xF9, 0xFD, 0x38, 0x9F, 0xFC, 0xFD, 0x2B, 0x91, 0xF9, 0xFD,
    0x22, 0x8E, 0xFA, 0xFC, 0x22, 0x8E, 0xFA, 0xFC, 0x1F, 0x8B, 0xF9, 0xFC, 0x18, 0x8C, 0xFA, 0xFC,
    0x0B, 0x7C, 0xF2, 0xFC, 0x0A, 0x7F, 0xF4, 0xFB, 0x0A, 0x7F, 0xF4, 0xFB, 0x0A, 0x7C, 0xF2, 0xFB,
    0x07, 0x77, 0xED, 0xFB, 0x08, 0x75, 0xEC, 0xFA, 0x08, 0x75, 0xEC, 0xFA, 0x0B, 0x77, 0xEF, 0xF9,
    0x05, 0x69, 0xE1, 0xF9, 0x0D, 0x6B, 0xD6, 0xF6, 0x0D, 0x6B, 0xD6, 0xF6, 0x11, 0x4F, 0x9B, 0xF4,
    0x0E, 0x2F, 0x65, 0xED, 0x27, 0x4E, 0x80, 0xE9, 0x03, 0x23, 0x5F, 0xED, 0x03, 0x23, 0x5F, 0xED,
    0x22, 0x7C, 0xE3, 0xF9, 0x11, 0x7E, 0xF3, 0xF8, 0x0F, 0x7C, 0xED, 0xFB, 0x0F, 0x7C, 0xED, 0xFB,
    0x19, 0x8B, 0xF9, 0xFB, 0x24, 0x98, 0xFD, 0xFB, 0x23, 0x91, 0xFB, 0xFB, 0x23, 0x92, 0xFC, 0xFB,
    0x23, 0x92, 0xFC, 0xFB, 0x1F, 0x91, 0xFD, 0xFB, 0x17, 0x88, 0xF9, 0xFB, 0x17, 0x8C, 0xFB, 0xFB,
    0x17, 0x8C, 0xFB, 0xFB, 0x16, 0x74, 0xE5, 0xFA, 0x03, 0x20, 0x74, 0xFC, 0x2B, 0x60, 0xA4, 0xB0,
    0x2B, 0x60, 0xA4, 0xB0, 0x3C, 0x8A, 0xD6, 0x48, 0x30, 0x7D, 0xC9, 0x0D, 0x00, 0x00, 0x00, 0x00,
    0x36, 0x80, 0xCB, 0x01, 0x36, 0x80, 0xCB, 0x01, 0x00, 0x00, 0x00, 0x00, 0x00, 0x00, 0x00, 0x00,
    0x00, 0x00, 0x00, 0x00, 0x00, 0x00, 0x00, 0x00, 0x00, 0x00, 0x00, 0x00, 0x00, 0x00, 0x00, 0x00,
    0x00, 0x00, 0x00, 0x00, 0x00, 0x00, 0x00, 0x00, 0x00, 0x00, 0x00, 0x00, 0x00, 0x00, 0x00, 0x00,
    0x00, 0x00, 0x00, 0x00, 0x00, 0x00, 0x00, 0x00, 0x00, 0x00, 0x00, 0x00, 0x00, 0x00, 0x00, 0x00,
    0x00, 0x00, 0x00, 0x00, 0x00, 0x00, 0x00, 0x00, 0x00, 0x00, 0x00, 0x00, 0x00, 0x00, 0x00, 0x00,
    0x00, 0x00, 0x00, 0x00, 0x00, 0x00, 0x00, 0x00, 0x00, 0x00, 0x00, 0x00, 0x00, 0x00, 0x00, 0x00,
    0x00, 0x00, 0x00, 0x00, 0x3F, 0x87, 0xCB, 0x01, 0x41, 0x88, 0xCB, 0x01, 0x41, 0x88, 0xCC, 0x01,
    0x41, 0x88, 0xCC, 0x01, 0x41, 0x89, 0xCC, 0x02, 0x41, 0x89, 0xCD, 0x02, 0x40, 0x88, 0xCC, 0x02,
    0x40, 0x88, 0xCC, 0x02, 0x40, 0x88, 0xCC, 0x02, 0x41, 0x89, 0xCC, 0x02, 0x41, 0x89, 0xCD, 0x01,
    0x41, 0x89, 0xCD, 0x01, 0x3D, 0x8A, 0xCD, 0x05, 0x4B, 0x99, 0xDA, 0x09, 0x22, 0x4A, 0x76, 0xA1,
    0x18, 0x4C, 0x8D, 0xF0, 0x18, 0x4C, 0x8D, 0xF0, 0x24, 0x93, 0xF6, 0xF3, 0x12, 0x79, 0xEE, 0xF9,
    0x16, 0x7A, 0xED, 0xFA, 0x16, 0x7A, 0xED, 0xFA, 0x23, 0x8C, 0xF8, 0xFC, 0x2B, 0x93, 0xFA, 0xFC,
    0x33, 0x97, 0xFA, 0xFD, 0x3B, 0xA4, 0xFD, 0xFD, 0x3B, 0xA4, 0xFD, 0xFD, 0x47, 0xAE, 0xFD, 0xFD,
    0x5B, 0xB1, 0xFB, 0xFD, 0x87, 0xBF, 0xF6, 0xFD, 0x87, 0xBF, 0xF6, 0xFD, 0xB6, 0xDC, 0xFB, 0xFD,
    0xC9, 0xE5, 0xFD, 0xFD, 0xCD, 0xE8, 0xFD, 0xFD, 0xCD, 0xE8, 0xFD, 0xFD, 0xCC, 0xE6, 0xFD, 0xFD,
    0xC7, 0xE3, 0xFD, 0xFD, 0xC1, 0xDD, 0xFB, 0xFD, 0xBC, 0xD9, 0xF8, 0xFD, 0xBC, 0xD9, 0xF8, 0xFD,
    0xB8, 0xD4, 0xF3, 0xFD, 0xBC, 0xDA, 0xF8, 0xFD, 0xBC, 0xD9, 0xF7, 0xFD, 0xBC, 0xD9, 0xF7, 0xFD,
    0xBC, 0xD9, 0xF7, 0xFD, 0xBF, 0xDD, 0xF9, 0xFD, 0xC1, 0xE0, 0xFA, 0xFD, 0xC0, 0xDD, 0xF8, 0xFD,
    0xC0, 0xDD, 0xF8, 0xFD, 0xC0, 0xDE, 0xF8, 0xFD, 0xC1, 0xE0, 0xF9, 0xFD, 0xC2, 0xE4, 0xFB, 0xFD,
    0xC2, 0xE4, 0xFB, 0xFD, 0xB0, 0xE0, 0xFD, 0xFD, 0x85, 0xC9, 0xFC, 0xFD, 0x66, 0xBC, 0xFC, 0xFD,
    0x66, 0xBC, 0xFC, 0xFD, 0x66, 0xC2, 0xFE, 0xFD, 0x5C, 0xB6, 0xFC, 0xFD, 0x55, 0xAF, 0xFC, 0xFD,
    0x44, 0xA9, 0xFC, 0xFD, 0x44, 0xA9, 0xFC, 0xFD, 0x39, 0xA3, 0xFE, 0xFD, 0x2E, 0x99, 0xFD, 0xFD,
    0x2B, 0x98, 0xFD, 0xFC, 0x2B, 0x98, 0xFD, 0xFC, 0x26, 0x93, 0xFB, 0xFD, 0x1F, 0x8E, 0xFB, 0xFC,
    0x12, 0x84, 0xF5, 0xFC, 0x0C, 0x7F, 0xF5, 0xFC, 0x0C, 0x7F, 0xF5, 0xFC, 0x0C, 0x82, 0xF8, 0xFB,
    0x0B, 0x80, 0xF6, 0xFB, 0x09, 0x79, 0xF2, 0xFB, 0x09, 0x79, 0xF2, 0xFB, 0x08, 0x7B, 0xF4, 0xFA,
    0x0A, 0x7E, 0xF6, 0xF9, 0x0E, 0x76, 0xE2, 0xF8, 0x0E, 0x76, 0xE2, 0xF8, 0x09, 0x42, 0x93, 0xF7,
    0x10, 0x2E, 0x67, 0xF3, 0x01, 0x12, 0x42, 0xF3, 0x09, 0x41, 0x95, 0xF5, 0x09, 0x41, 0x95, 0xF5,
    0x20, 0x92, 0xFE, 0xF9, 0x14, 0x84, 0xF8, 0xF9, 0x10, 0x7B, 0xEE, 0xFA, 0x10, 0x7B, 0xEE, 0xFA,
    0x15, 0x83, 0xF3, 0xFB, 0x1A, 0x8B, 0xF8, 0xFB, 0x21, 0x90, 0xFB, 0xFB, 0x20, 0x8F, 0xFC, 0xFB,
    0x20, 0x8F, 0xFC, 0xFB, 0x1F, 0x93, 0xFD, 0xFB, 0x16, 0x87, 0xF8, 0xFB, 0x19, 0x8F, 0xFA, 0xF9,
    0x19, 0x8F, 0xFA, 0xF9, 0x19, 0x73, 0xDF, 0xF4, 0x00, 0x09, 0x40, 0xE6, 0x28, 0x5C, 0xA0, 0x65,
    0x28, 0x5C, 0xA0, 0x65, 0x38, 0x8A, 0xD6, 0x1E, 0x30, 0x7D, 0xCA, 0x06, 0x00, 0x00, 0x00, 0x00,
    0x36, 0x80, 0xCB, 0x01, 0x36, 0x80, 0xCB, 0x01, 0x00, 0x00, 0x00, 0x00, 0x00, 0x00, 0x00, 0x00,
    0x00, 0x00, 0x00, 0x00, 0x00, 0x00, 0x00, 0x00, 0x00, 0x00, 0x00, 0x00, 0x00, 0x00, 0x00, 0x00,
    0x00, 0x00, 0x00, 0x00, 0x00, 0x00, 0x00, 0x00, 0x00, 0x00, 0x00, 0x00, 0x00, 0x00, 0x00, 0x00,
    0x00, 0x00, 0x00, 0x00, 0x00, 0x00, 0x00, 0x00, 0x00, 0x00, 0x00, 0x00, 0x00, 0x00, 0x00, 0x00,
    0x00, 0x00, 0x00, 0x00, 0x00, 0x00, 0x00, 0x00, 0x00, 0x00, 0x00, 0x00, 0x00, 0x00, 0x00, 0x00,
    0x00, 0x00, 0x00, 0x00, 0x00, 0x00, 0x00, 0x00, 0x00, 0x00, 0x00, 0x00, 0x00, 0x00, 0x00, 0x00,
    0x00, 0x00, 0x00, 0x00, 0x40, 0x87, 0xCB, 0x01, 0x42, 0x88, 0xCC, 0x01, 0x42, 0x88, 0xCC, 0x01,
    0x42, 0x88, 0xCC, 0x01, 0x42, 0x89, 0xCC, 0x02, 0x41, 0x88, 0xCD, 0x02, 0x41, 0x88, 0xCD, 0x02,
    0x41, 0x88, 0xCD, 0x02, 0x40, 0x88, 0xCC, 0x02, 0x42, 0x88, 0xCC, 0x04, 0x43, 0x89, 0xCD, 0x04,
    0x43, 0x89, 0xCD, 0x04, 0x3A, 0x85, 0xC9, 0x05, 0x4E, 0x9B, 0xD5, 0x12, 0x1A, 0x37, 0x65, 0xD6,
    0x08, 0x2A, 0x7B, 0xF7, 0x08, 0x2A, 0x7B, 0xF7, 0x24, 0x8E, 0xF7, 0xF6, 0x11, 0x78, 0xEC, 0xFA,
    0x16, 0x7B, 0xEB, 0xFA, 0x16, 0x7B, 0xEB, 0xFA, 0x25, 0x8C, 0xF8, 0xFC, 0x2F, 0x99, 0xFC, 0xFC,
    0x39, 0xA4, 0xFD, 0xFD, 0x3E, 0xA7, 0xFD, 0xFD, 0x3E, 0xA7, 0xFD, 0xFD, 0x48, 0xA8, 0xFC, 0xFD,
    0x69, 0xB4, 0xFA, 0xFD, 0xA8, 0xD6, 0xFC, 0xFD, 0xA8, 0xD6, 0xFC, 0xFD, 0xCE, 0xE8, 0xFD, 0xFD,
    0xD6, 0xE8, 0xFA, 0xFD, 0xDD, 0xF1, 0xFE, 0xFD, 0xDD, 0xF1, 0xFE, 0xFD, 0xDB, 0xED, 0xFD, 0xFD,
    0xD9, 0xEF, 0xFE, 0xFD, 0xD6, 0xEE, 0xFE, 0xFD, 0xD4, 0xEB, 0xFE, 0xFD, 0xD4, 0xEB, 0xFE, 0xFD,
    0xD2, 0xEA, 0xFD, 0xFD, 0xD2, 0xEB, 0xFD, 0xFD, 0xD3, 0xEA, 0xFD, 0xFD, 0xD3, 0xEA, 0xFD, 0xFD,
    0xD6, 0xED, 0xFD, 0xFD, 0xD6, 0xEB, 0xFD, 0xFD, 0xD8, 0xEC, 0xFD, 0xFD, 0xDA, 0xEF, 0xFD, 0xFD,
    0xDA, 0xEF, 0xFD, 0xFD, 0xDB, 0xF0, 0xFD, 0xFD, 0xD8, 0xEA, 0xF9, 0xFD, 0xD5, 0xE7, 0xF8, 0xFD,
    0xD5, 0xE7, 0xF8, 0xFD, 0xC3, 0xE6, 0xFD, 0xFD, 0x89, 0xCA, 0xFB, 0xFD, 0x69, 0xB9, 0xFB, 0xFD,
    0x69, 0xB9, 0xFB, 0xFD, 0x67, 0xBE, 0xFD, 0xFD, 0x64, 0xBD, 0xFD, 0xFD, 0x5D, 0xBF, 0xFF, 0xFD,
    0x48, 0xAE, 0xFD, 0xFD, 0x48, 0xAE, 0xFD, 0xFD, 0x37, 0xA0, 0xFD, 0xFD, 0x2F, 0x9A, 0xFD, 0xFD,
    0x2B, 0x98, 0xFD, 0xFD, 0x2B, 0x98, 0xFD, 0xFD, 0x28, 0x91, 0xFA, 0xFC, 0x29, 0x96, 0xFC, 0xFC,
    0x17, 0x85, 0xF4, 0xFC, 0x0A, 0x77, 0xED, 0xFC, 0x0A, 0x77, 0xED, 0xFC, 0x0F, 0x85, 0xFB, 0xFC,
    0x0D, 0x85, 0xFB, 0xFC, 0x0A, 0x7C, 0xF5, 0xFB, 0x0A, 0x7C, 0xF5, 0xFB, 0x09, 0x7A, 0xF5, 0xFB,
    0x0D, 0x82, 0xFB, 0xFB, 0x11, 0x7A, 0xEE, 0xFA, 0x11, 0x7A, 0xEE, 0xFA, 0x04, 0x35, 0x90, 0xF9,
    0x0B, 0x30, 0x71, 0xFA, 0x04, 0x27, 0x74, 0xF7, 0x19, 0x73, 0xDF, 0xFA, 0x19, 0x73, 0xDF, 0xFA,
    0x14, 0x80, 0xFC, 0xFA, 0x12, 0x82, 0xF7, 0xFB, 0x13, 0x7D, 0xF2, 0xFB, 0x13, 0x7D, 0xF2, 0xFB,
    0x15, 0x81, 0xF3, 0xFA, 0x16, 0x80, 0xF0, 0xFB, 0x1E, 0x8D, 0xFA, 0xFB, 0x1D, 0x8B, 0xFA, 0xFB,
    0x1D, 0x8B, 0xFA, 0xFB, 0x18, 0x87, 0xF8, 0xFB, 0x16, 0x85, 0xF9, 0xFA, 0x1C, 0x8C, 0xF8, 0xFA,
    0x1C, 0x8C, 0xF8, 0xFA, 0x2C, 0x85, 0xE3, 0xF7, 0x04, 0x20, 0x61, 0xD0, 0x2E, 0x6A, 0xB0, 0x44,
    0x2E, 0x6A, 0xB0, 0x44, 0x36, 0x84, 0xD1, 0x07, 0x32, 0x7F, 0xCA, 0x07, 0x00, 0x00, 0x00, 0x00,
    0x35, 0x80, 0xCB, 0x01, 0x35, 0x80, 0xCB, 0x01, 0x00, 0x00, 0x00, 0x00, 0x00, 0x00, 0x00, 0x00,
    0x00, 0x00, 0x00, 0x00, 0x00, 0x00, 0x00, 0x00, 0x00, 0x00, 0x00, 0x00, 0x00, 0x00, 0x00, 0x00,
    0x00, 0x00, 0x00, 0x00, 0x00, 0x00, 0x00, 0x00, 0x00, 0x00, 0x00, 0x00, 0x00, 0x00, 0x00, 0x00,
    0x00, 0x00, 0x00, 0x00, 0x00, 0x00, 0x00, 0x00, 0x00, 0x00, 0x00, 0x00, 0x00, 0x00, 0x00, 0x00,
    0x00, 0x00, 0x00, 0x00, 0x00, 0x00, 0x00, 0x00, 0x00, 0x00, 0x00, 0x00, 0x00, 0x00, 0x00, 0x00,
    0x00, 0x00, 0x00, 0x00, 0x00, 0x00, 0x00, 0x00, 0x00, 0x00, 0x00, 0x00, 0x00, 0x00, 0x00, 0x00,
    0x00, 0x00, 0x00, 0x00, 0x40, 0x87, 0xCB, 0x01, 0x42, 0x88, 0xCC, 0x01, 0x42, 0x88, 0xCC, 0x01,
    0x42, 0x88, 0xCC, 0x01, 0x42, 0x89, 0xCC, 0x02, 0x41, 0x88, 0xCD, 0x02, 0x41, 0x88, 0xCD, 0x02,
    0x41, 0x88, 0xCD, 0x02, 0x40, 0x88, 0xCC, 0x02, 0x42, 0x88, 0xCC, 0x04, 0x43, 0x89, 0xCD, 0x04,
    0x43, 0x89, 0xCD, 0x04, 0x3A, 0x85, 0xC9, 0x05, 0x4E, 0x9B, 0xD5, 0x12, 0x1A, 0x37, 0x65, 0xD6,
    0x08, 0x2A, 0x7B, 0xF7, 0x08, 0x2A, 0x7B, 0xF7, 0x24, 0x8E, 0xF7, 0xF6, 0x11, 0x78, 0xEC, 0xFA,
    0x16, 0x7B, 0xEB, 0xFA, 0x16, 0x7B, 0xEB, 0xFA, 0x25, 0x8C, 0xF8, 0xFC, 0x2F, 0x99, 0xFC, 0xFC,
    0x39, 0xA4, 0xFD, 0xFD, 0x3E, 0xA7, 0xFD, 0xFD, 0x3E, 0xA7, 0xFD, 0xFD, 0x48, 0xA8, 0xFC, 0xFD,
    0x69, 0xB4, 0xFA, 0xFD, 0xA8, 0xD6, 0xFC, 0xFD, 0xA8, 0xD6, 0xFC, 0xFD, 0xCE, 0xE8, 0xFD, 0xFD,
    0xD6, 0xE8, 0xFA, 0xFD, 0xDD, 0xF1, 0xFE, 0xFD, 0xDD, 0xF1, 0xFE, 0xFD, 0xDB, 0xED, 0xFD, 0xFD,
    0xD9, 0xEF, 0xFE, 0xFD, 0xD6, 0xEE, 0xFE, 0xFD, 0xD4, 0xEB, 0xFE, 0xFD, 0xD4, 0xEB, 0xFE, 0xFD,
    0xD2, 0xEA, 0xFD, 0xFD, 0xD2, 0xEB, 0xFD, 0xFD, 0xD3, 0xEA, 0xFD, 0xFD, 0xD3, 0xEA, 0xFD, 0xFD,
    0xD6, 0xED, 0xFD, 0xFD, 0xD6, 0xEB, 0xFD, 0xFD, 0xD8, 0xEC, 0xFD, 0xFD, 0xDA, 0xEF, 0xFD, 0xFD,
    0xDA, 0xEF, 0xFD, 0xFD, 0xDB, 0xF0, 0xFD, 0xFD, 0xD8, 0xEA, 0xF9, 0xFD, 0xD5, 0xE7, 0xF8, 0xFD,
    0xD5, 0xE7, 0xF8, 0xFD, 0xC3, 0xE6, 0xFD, 0xFD, 0x89, 0xCA, 0xFB, 0xFD, 0x69, 0xB9, 0xFB, 0xFD,
    0x69, 0xB9, 0xFB, 0xFD, 0x67, 0xBE, 0xFD, 0xFD, 0x64, 0xBD, 0xFD, 0xFD, 0x5D, 0xBF, 0xFF, 0xFD,
    0x48, 0xAE, 0xFD, 0xFD, 0x48, 0xAE, 0xFD, 0xFD, 0x37, 0xA0, 0xFD, 0xFD, 0x2F, 0x9A, 0xFD, 0xFD,
    0x2B, 0x98, 0xFD, 0xFD, 0x2B, 0x98, 0xFD, 0xFD, 0x28, 0x91, 0xFA, 0xFC, 0x29, 0x96, 0xFC, 0xFC,
    0x17, 0x85, 0xF4, 0xFC, 0x0A, 0x77, 0xED, 0xFC, 0x0A, 0x77, 0xED, 0xFC, 0x0F, 0x85, 0xFB, 0xFC,
    0x0D, 0x85, 0xFB, 0xFC, 0x0A, 0x7C, 0xF5, 0xFB, 0x0A, 0x7C, 0xF5, 0xFB, 0x09, 0x7A, 0xF5, 0xFB,
    0x0D, 0x82, 0xFB, 0xFB, 0x11, 0x7A, 0xEE, 0xFA, 0x11, 0x7A, 0xEE, 0xFA, 0x04, 0x35, 0x90, 0xF9,
    0x0B, 0x30, 0x71, 0xFA, 0x04, 0x27, 0x74, 0xF7, 0x19, 0x73, 0xDF, 0xFA, 0x19, 0x73, 0xDF, 0xFA,
    0x14, 0x80, 0xFC, 0xFA, 0x12, 0x82, 0xF7, 0xFB, 0x13, 0x7D, 0xF2, 0xFB, 0x13, 0x7D, 0xF2, 0xFB,
    0x15, 0x81, 0xF3, 0xFA, 0x16, 0x80, 0xF0, 0xFB, 0x1E, 0x8D, 0xFA, 0xFB, 0x1D, 0x8B, 0xFA, 0xFB,
    0x1D, 0x8B, 0xFA, 0xFB, 0x18, 0x87, 0xF8, 0xFB, 0x16, 0x85, 0xF9, 0xFA, 0x1C, 0x8C, 0xF8, 0xFA,
    0x1C, 0x8C, 0xF8, 0xFA, 0x2C, 0x85, 0xE3, 0xF7, 0x04, 0x20, 0x61, 0xD0, 0x2E, 0x6A, 0xB0, 0x44,
    0x2E, 0x6A, 0xB0, 0x44, 0x36, 0x84, 0xD1, 0x07, 0x32, 0x7F, 0xCA, 0x07, 0x00, 0x00, 0x00, 0x00,
    0x35, 0x80, 0xCB, 0x01, 0x35, 0x80, 0xCB, 0x01, 0x00, 0x00, 0x00, 0x00, 0x00, 0x00, 0x00, 0x00,
    0x00, 0x00, 0x00, 0x00, 0x00, 0x00, 0x00, 0x00, 0x00, 0x00, 0x00, 0x00, 0x00, 0x00, 0x00, 0x00,
    0x00, 0x00, 0x00, 0x00, 0x00, 0x00, 0x00, 0x00, 0x00, 0x00, 0x00, 0x00, 0x00, 0x00, 0x00, 0x00,
    0x00, 0x00, 0x00, 0x00, 0x00, 0x00, 0x00, 0x00, 0x00, 0x00, 0x00, 0x00, 0x00, 0x00, 0x00, 0x00,
    0x00, 0x00, 0x00, 0x00, 0x00, 0x00, 0x00, 0x00, 0x00, 0x00, 0x00, 0x00, 0x00, 0x00, 0x00, 0x00,
    0x00, 0x00, 0x00, 0x00, 0x00, 0x00, 0x00, 0x00, 0x00, 0x00, 0x00, 0x00, 0x00, 0x00, 0x00, 0x00,
    0x00, 0x00, 0x00, 0x00, 0x40, 0x88, 0xCB, 0x01, 0x41, 0x88, 0xCB, 0x01, 0x42, 0x88, 0xCC, 0x02,
    0x42, 0x88, 0xCC, 0x02, 0x42, 0x89, 0xCC, 0x02, 0x42, 0x88, 0xCD, 0x02, 0x42, 0x88, 0xCC, 0x02,
    0x42, 0x88, 0xCC, 0x02, 0x40, 0x89, 0xCC, 0x02, 0x41, 0x89, 0xCC, 0x04, 0x41, 0x89, 0xCE, 0x02,
    0x41, 0x89, 0xCE, 0x02, 0x41, 0x89, 0xC7, 0x0A, 0x3F, 0x7B, 0xA9, 0x34, 0x2A, 0x57, 0x8D, 0xD9,
    0x08, 0x38, 0x9A, 0xF9, 0x08, 0x38, 0x9A, 0xF9, 0x21, 0x8F, 0xF6, 0xF8, 0x0E, 0x72, 0xE7, 0xFA,
    0x16, 0x7B, 0xEB, 0xFB, 0x16, 0x7B, 0xEB, 0xFB, 0x29, 0x95, 0xFB, 0xFC, 0x2F, 0x9C, 0xFC, 0xFC,
    0x38, 0xA5, 0xFD, 0xFC, 0x3D, 0xA9, 0xFD, 0xFD, 0x3D, 0xA9, 0xFD, 0xFD, 0x4B, 0xAC, 0xFD, 0xFD,
    0x6E, 0xBB, 0xFC, 0xFD, 0xB4, 0xE0, 0xFD, 0xFD, 0xB4, 0xE0, 0xFD, 0xFD, 0xDB, 0xEF, 0xFD, 0xFD,
    0xDE, 0xED, 0xFA, 0xFD, 0xE2, 0xF4, 0xFD, 0xFD, 0xE2, 0xF4, 0xFD, 0xFD, 0xE1, 0xF2, 0xFD, 0xFD,
    0xE2, 0xF5, 0xFE, 0xFD, 0xE0, 0xF1, 0xFE, 0xFD, 0xE0, 0xF2, 0xFE, 0xFD, 0xE0, 0xF2, 0xFE, 0xFD,
    0xE0, 0xF2, 0xFD, 0xFD, 0xE0, 0xF1, 0xFD, 0xFD, 0xE4, 0xF4, 0xFE, 0xFD, 0xE4, 0xF4, 0xFE, 0xFD,
    0xE6, 0xF5, 0xFE, 0xFD, 0xE7, 0xF4, 0xFE, 0xFD, 0xE8, 0xF5, 0xFE, 0xFD, 0xE9, 0xF6, 0xFD, 0xFD,
    0xE9, 0xF6, 0xFD, 0xFD, 0xEA, 0xF7, 0xFD, 0xFD, 0xE6, 0xF3, 0xFB, 0xFD, 0xE2, 0xF1, 0xFB, 0xFD,
    0xE2, 0xF1, 0xFB, 0xFD, 0xC5, 0xE8, 0xFD, 0xFD, 0x87, 0xCE, 0xFC, 0xFD, 0x69, 0xBF, 0xFD, 0xFD,
    0x69, 0xBF, 0xFD, 0xFD, 0x66, 0xBE, 0xFE, 0xFD, 0x63, 0xC0, 0xFE, 0xFD, 0x5D, 0xC2, 0xFF, 0xFD,
    0x48, 0xB1, 0xFE, 0xFD, 0x48, 0xB1, 0xFE, 0xFD, 0x37, 0xA3, 0xFE, 0xFD, 0x2B, 0x99, 0xFC, 0xFD,
    0x29, 0x97, 0xFC, 0xFD, 0x29, 0x97, 0xFC, 0xFD, 0x28, 0x95, 0xFA, 0xFD, 0x2C, 0x98, 0xFD, 0xFC,
    0x1E, 0x89, 0xF6, 0xFC, 0x0D, 0x74, 0xE8, 0xFC, 0x0D, 0x74, 0xE8, 0xFC, 0x12, 0x82, 0xF8, 0xFC,
    0x12, 0x85, 0xFA, 0xFC, 0x11, 0x82, 0xF7, 0xFB, 0x11, 0x82, 0xF7, 0xFB, 0x12, 0x82, 0xF8, 0xFB,
    0x12, 0x84, 0xFA, 0xFB, 0x17, 0x86, 0xF9, 0xFA, 0x17, 0x86, 0xF9, 0xFA, 0x0C, 0x4F, 0xAE, 0xFA,
    0x02, 0x27, 0x73, 0xF9, 0x12, 0x56, 0xB4, 0xFA, 0x19, 0x8B, 0xFE, 0xF9, 0x19, 0x8B, 0xFE, 0xF9,
    0x0D, 0x7D, 0xFA, 0xFA, 0x13, 0x86, 0xFA, 0xFA, 0x17, 0x85, 0xF8, 0xFB, 0x17, 0x85, 0xF8, 0xFB,
    0x17, 0x81, 0xF4, 0xFA, 0x16, 0x82, 0xF2, 0xFB, 0x1B, 0x88, 0xF7, 0xFB, 0x1A, 0x88, 0xF7, 0xFB,
    0x1A, 0x88, 0xF7, 0xFB, 0x16, 0x84, 0xF9, 0xFB, 0x1B, 0x88, 0xFB, 0xFA, 0x1A, 0x69, 0xD2, 0xF8,
    0x1A, 0x69, 0xD2, 0xF8, 0x0C, 0x35, 0x82, 0xD6, 0x24, 0x5B, 0xA1, 0x6E, 0x3A, 0x84, 0xCD, 0x21,
    0x3A, 0x84, 0xCD, 0x21, 0x32, 0x7F, 0xCD, 0x01, 0x35, 0x7F, 0xCB, 0x04, 0x35, 0x80, 0xCC, 0x01,
    0x35, 0x81, 0xCC, 0x01, 0x35, 0x81, 0xCC, 0x01, 0x00, 0x00, 0x00, 0x00, 0x00, 0x00, 0x00, 0x00,
    0x00, 0x00, 0x00, 0x00, 0x00, 0x00, 0x00, 0x00, 0x00, 0x00, 0x00, 0x00, 0x00, 0x00, 0x00, 0x00,
    0x00, 0x00, 0x00, 0x00, 0x00, 0x00, 0x00, 0x00, 0x00, 0x00, 0x00, 0x00, 0x00, 0x00, 0x00, 0x00,
    0x00, 0x00, 0x00, 0x00, 0x00, 0x00, 0x00, 0x00, 0x00, 0x00, 0x00, 0x00, 0x00, 0x00, 0x00, 0x00,
    0x00, 0x00, 0x00, 0x00, 0x00, 0x00, 0x00, 0x00, 0x00, 0x00, 0x00, 0x00, 0x00, 0x00, 0x00, 0x00,
    0x00, 0x00, 0x00, 0x00, 0x00, 0x00, 0x00, 0x00, 0x00, 0x00, 0x00, 0x00, 0x00, 0x00, 0x00, 0x00,
    0x00, 0x00, 0x00, 0x00, 0x40, 0x88, 0xCC, 0x01, 0x41, 0x89, 0xCC, 0x01, 0x42, 0x89, 0xCC, 0x02,
    0x42, 0x89, 0xCC, 0x02, 0x43, 0x89, 0xCD, 0x02, 0x43, 0x88, 0xCD, 0x02, 0x43, 0x89, 0xCD, 0x02,
    0x43, 0x89, 0xCD, 0x02, 0x42, 0x8A, 0xCC, 0x02, 0x41, 0x8A, 0xCB, 0x05, 0x43, 0x8B, 0xD0, 0x01,
    0x43, 0x8B, 0xD0, 0x01, 0x47, 0x84, 0xB7, 0x13, 0x0D, 0x27, 0x48, 0xAB, 0x31, 0x7C, 0xC6, 0xEF,
    0x1B, 0x7E, 0xEB, 0xF8, 0x1B, 0x7E, 0xEB, 0xF8, 0x15, 0x84, 0xF4, 0xF9, 0x0A, 0x6E, 0xE5, 0xFA,
    0x10, 0x73, 0xE7, 0xFB, 0x10, 0x73, 0xE7, 0xFB, 0x26, 0x95, 0xFC, 0xFC, 0x2E, 0x9E, 0xFD, 0xFC,
    0x34, 0x9E, 0xFC, 0xFC, 0x3C, 0xA8, 0xFD, 0xFC, 0x3C, 0xA8, 0xFD, 0xFC, 0x46, 0xA9, 0xFD, 0xFD,
    0x62, 0xB7, 0xFD, 0xFD, 0x9D, 0xD2, 0xFC, 0xFD, 0x9D, 0xD2, 0xFC, 0xFD, 0xCF, 0xE9, 0xFC, 0xFD,
    0xE0, 0xF2, 0xFD, 0xFD, 0xE2, 0xF3, 0xFD, 0xFD, 0xE2, 0xF3, 0xFD, 0xFD, 0xE2, 0xF1, 0xFC, 0xFD,
    0xE5, 0xF4, 0xFD, 0xFD, 0xE5, 0xF5, 0xFD, 0xFD, 0xE6, 0xF6, 0xFE, 0xFD, 0xE6, 0xF6, 0xFE, 0xFD,
    0xE6, 0xF4, 0xFD, 0xFD, 0xE9, 0xF5, 0xFD, 0xFD, 0xEA, 0xF5, 0xFD, 0xFD, 0xEA, 0xF5, 0xFD, 0xFD,
    0xEC, 0xF5, 0xFE, 0xFD, 0xEF, 0xF8, 0xFE, 0xFD, 0xF0, 0xF9, 0xFE, 0xFD, 0xEE, 0xF5, 0xFB, 0xFD,
    0xEE, 0xF5, 0xFB, 0xFD, 0xEE, 0xF4, 0xFB, 0xFD, 0xEC, 0xF4, 0xFB, 0xFD, 0xE2, 0xF2, 0xFC, 0xFD,
    0xE2, 0xF2, 0xFC, 0xFD, 0xB4, 0xDE, 0xFB, 0xFD, 0x74, 0xC4, 0xFA, 0xFD, 0x66, 0xC2, 0xFE, 0xFD,
    0x66, 0xC2, 0xFE, 0xFD, 0x65, 0xC2, 0xFE, 0xFD, 0x5D, 0xB9, 0xFD, 0xFD, 0x59, 0xBB, 0xFF, 0xFD,
    0x4A, 0xB4, 0xFF, 0xFD, 0x4A, 0xB4, 0xFF, 0xFD, 0x33, 0xA0, 0xFD, 0xFD, 0x29, 0x96, 0xFB, 0xFD,
    0x2A, 0x98, 0xFC, 0xFD, 0x2A, 0x98, 0xFC, 0xFD, 0x29, 0x94, 0xF9, 0xFD, 0x2A, 0x93, 0xFB, 0xFC,
    0x25, 0x8C, 0xF9, 0xFC, 0x0A, 0x66, 0xDB, 0xFC, 0x0A, 0x66, 0xDB, 0xFC, 0x10, 0x79, 0xEF, 0xFC,
    0x18, 0x8A, 0xFC, 0xFC, 0x15, 0x85, 0xF8, 0xFC, 0x15, 0x85, 0xF8, 0xFC, 0x16, 0x84, 0xF9, 0xFB,
    0x14, 0x82, 0xF7, 0xFB, 0x17, 0x87, 0xFC, 0xFB, 0x17, 0x87, 0xFC, 0xFB, 0x13, 0x63, 0xC9, 0xFB,
    0x00, 0x18, 0x6F, 0xFA, 0x10, 0x5A, 0xC4, 0xFB, 0x12, 0x86, 0xFF, 0xFA, 0x12, 0x86, 0xFF, 0xFA,
    0x09, 0x78, 0xF6, 0xFB, 0x0F, 0x7E, 0xF5, 0xFB, 0x16, 0x83, 0xF7, 0xFB, 0x16, 0x83, 0xF7, 0xFB,
    0x15, 0x80, 0xF3, 0xFB, 0x16, 0x83, 0xF4, 0xFB, 0x16, 0x82, 0xF3, 0xFB, 0x14, 0x7E, 0xF1, 0xFB,
    0x14, 0x7E, 0xF1, 0xFB, 0x15, 0x83, 0xF7, 0xFA, 0x20, 0x83, 0xF3, 0xFA, 0x07, 0x2B, 0x7B, 0xF9,
    0x07, 0x2B, 0x7B, 0xF9, 0x04, 0x1A, 0x5B, 0xA4, 0x3C, 0x86, 0xD1, 0x11, 0x31, 0x7F, 0xCD, 0x0E,
    0x31, 0x7F, 0xCD, 0x0E, 0x33, 0x80, 0xCC, 0x01, 0x36, 0x80, 0xCD, 0x04, 0x35, 0x81, 0xCC, 0x01,
    0x35, 0x81, 0xCC, 0x01, 0x35, 0x81, 0xCC, 0x01, 0x00, 0x00, 0x00, 0x00, 0x00, 0x00, 0x00, 0x00,
    0x00, 0x00, 0x00, 0x00, 0x00, 0x00, 0x00, 0x00, 0x00, 0x00, 0x00, 0x00, 0x00, 0x00, 0x00, 0x00,
    0x00, 0x00, 0x00, 0x00, 0x00, 0x00, 0x00, 0x00, 0x00, 0x00, 0x00, 0x00, 0x00, 0x00, 0x00, 0x00,
    0x00, 0x00, 0x00, 0x00, 0x00, 0x00, 0x00, 0x00, 0x00, 0x00, 0x00, 0x00, 0x00, 0x00, 0x00, 0x00,
    0x00, 0x00, 0x00, 0x00, 0x00, 0x00, 0x00, 0x00, 0x00, 0x00, 0x00, 0x00, 0x00, 0x00, 0x00, 0x00,
    0x00, 0x00, 0x00, 0x00, 0x00, 0x00, 0x00, 0x00, 0x00, 0x00, 0x00, 0x00, 0x00, 0x00, 0x00, 0x00,
    0x00, 0x00, 0x00, 0x00, 0x40, 0x88, 0xCC, 0x01, 0x42, 0x89, 0xCC, 0x01, 0x43, 0x89, 0xCD, 0x02,
    0x43, 0x89, 0xCD, 0x02, 0x44, 0x8A, 0xCD, 0x02, 0x44, 0x8A, 0xCE, 0x02, 0x44, 0x89, 0xCD, 0x02,
    0x44, 0x89, 0xCD, 0x02, 0x43, 0x8A, 0xCC, 0x02, 0x42, 0x8A, 0xCA, 0x05, 0x46, 0x8D, 0xD3, 0x02,
    0x46, 0x8D, 0xD3, 0x02, 0x41, 0x76, 0xA3, 0x15, 0x01, 0x0C, 0x1E, 0xD4, 0x2A, 0x7F, 0xDA, 0xF2,
    0x1A, 0x8D, 0xF7, 0xF7, 0x1A, 0x8D, 0xF7, 0xF7, 0x10, 0x82, 0xF6, 0xFA, 0x09, 0x6D, 0xE7, 0xFB,
    0x10, 0x73, 0xE8, 0xFB, 0x10, 0x73, 0xE8, 0xFB, 0x25, 0x95, 0xFC, 0xFC, 0x28, 0x9A, 0xFD, 0xFC,
    0x2F, 0x9B, 0xFC, 0xFC, 0x38, 0xA9, 0xFD, 0xFC, 0x38, 0xA9, 0xFD, 0xFC, 0x3C, 0xAB, 0xFD, 0xFD,
    0x49, 0xB0, 0xFD, 0xFD, 0x5D, 0xAA, 0xF6, 0xFD, 0x5D, 0xAA, 0xF6, 0xFD, 0x9B, 0xD1, 0xFB, 0xFD,
    0xB7, 0xD6, 0xF7, 0xFD, 0xD4, 0xE9, 0xFC, 0xFD, 0xD4, 0xE9, 0xFC, 0xFD, 0xE4, 0xF6, 0xFE, 0xFD,
    0xE5, 0xF5, 0xFD, 0xFD, 0xE4, 0xF4, 0xFD, 0xFD, 0xE5, 0xF4, 0xFD, 0xFD, 0xE5, 0xF4, 0xFD, 0xFD,
    0xEA, 0xF8, 0xFE, 0xFD, 0xED, 0xF9, 0xFE, 0xFD, 0xED, 0xF7, 0xFE, 0xFD, 0xED, 0xF7, 0xFE, 0xFD,
    0xEF, 0xF8, 0xFE, 0xFD, 0xF0, 0xF8, 0xFE, 0xFD, 0xF1, 0xF9, 0xFE, 0xFD, 0xF1, 0xF9, 0xFD, 0xFD,
    0xF1, 0xF9, 0xFD, 0xFD, 0xEE, 0xF6, 0xFD, 0xFD, 0xE2, 0xF2, 0xFC, 0xFD, 0xC9, 0xEB, 0xFD, 0xFD,
    0xC9, 0xEB, 0xFD, 0xFD, 0x98, 0xD8, 0xFC, 0xFD, 0x66, 0xBE, 0xFC, 0xFD, 0x61, 0xC0, 0xFE, 0xFD,
    0x61, 0xC0, 0xFE, 0xFD, 0x5F, 0xC0, 0xFE, 0xFD, 0x56, 0xB6, 0xFD, 0xFD, 0x52, 0xB7, 0xFE, 0xFD,
    0x43, 0xB1, 0xFE, 0xFD, 0x43, 0xB1, 0xFE, 0xFD, 0x30, 0xA0, 0xFE, 0xFD, 0x27, 0x97, 0xFC, 0xFD,
    0x2A, 0x9B, 0xFD, 0xFD, 0x2A, 0x9B, 0xFD, 0xFD, 0x27, 0x94, 0xF9, 0xFD, 0x29, 0x92, 0xFA, 0xFD,
    0x2B, 0x91, 0xFB, 0xFC, 0x09, 0x5D, 0xD0, 0xFC, 0x09, 0x5D, 0xD0, 0xFC, 0x0E, 0x74, 0xE9, 0xFC,
    0x1D, 0x91, 0xFF, 0xFC, 0x1A, 0x8C, 0xFC, 0xFC, 0x1A, 0x8C, 0xFC, 0xFC, 0x1B, 0x89, 0xFB, 0xFB,
    0x14, 0x7F, 0xF5, 0xFB, 0x1C, 0x92, 0xFF, 0xFB, 0x1C, 0x92, 0xFF, 0xFB, 0x1A, 0x78, 0xE5, 0xFB,
    0x00, 0x1E, 0x79, 0xFB, 0x12, 0x5E, 0xCC, 0xFA, 0x14, 0x85, 0xFF, 0xFA, 0x14, 0x85, 0xFF, 0xFA,
    0x0A, 0x79, 0xF6, 0xFA, 0x0F, 0x7B, 0xF3, 0xFB, 0x11, 0x7B, 0xF1, 0xFB, 0x11, 0x7B, 0xF1, 0xFB,
    0x11, 0x7A, 0xF0, 0xFB, 0x14, 0x82, 0xF6, 0xFB, 0x14, 0x82, 0xF7, 0xFB, 0x12, 0x7B, 0xF3, 0xFA,
    0x12, 0x7B, 0xF3, 0xFA, 0x15, 0x7E, 0xF1, 0xF9, 0x1D, 0x77, 0xDB, 0xF3, 0x08, 0x33, 0x7B, 0xD8,
    0x08, 0x33, 0x7B, 0xD8, 0x24, 0x5A, 0xA4, 0x60, 0x3A, 0x88, 0xD3, 0x05, 0x32, 0x7F, 0xCD, 0x08,
    0x32, 0x7F, 0xCD, 0x08, 0x36, 0x81, 0xCE, 0x01, 0x36, 0x82, 0xCD, 0x03, 0x36, 0x82, 0xCD, 0x01,
    0x36, 0x81, 0xCC, 0x01, 0x36, 0x81, 0xCC, 0x01, 0x00, 0x00, 0x00, 0x00, 0x00, 0x00, 0x00, 0x00,
    0x00, 0x00, 0x00, 0x00, 0x00, 0x00, 0x00, 0x00, 0x00, 0x00, 0x00, 0x00, 0x00, 0x00, 0x00, 0x00,
    0x00, 0x00, 0x00, 0x00, 0x00, 0x00, 0x00, 0x00, 0x00, 0x00, 0x00, 0x00, 0x00, 0x00, 0x00, 0x00,
    0x00, 0x00, 0x00, 0x00, 0x00, 0x00, 0x00, 0x00, 0x00, 0x00, 0x00, 0x00, 0x00, 0x00, 0x00, 0x00,
    0x00, 0x00, 0x00, 0x00, 0x00, 0x00, 0x00, 0x00, 0x00, 0x00, 0x00, 0x00, 0x00, 0x00, 0x00, 0x00,
    0x00, 0x00, 0x00, 0x00, 0x00, 0x00, 0x00, 0x00, 0x00, 0x00, 0x00, 0x00, 0x00, 0x00, 0x00, 0x00,
    0x00, 0x00, 0x00, 0x00, 0x41, 0x89, 0xCD, 0x01, 0x43, 0x89, 0xCD, 0x01, 0x44, 0x8A, 0xCD, 0x02,
    0x44, 0x8A, 0xCD, 0x02, 0x44, 0x8B, 0xCD, 0x02, 0x45, 0x8A, 0xCE, 0x02, 0x45, 0x8A, 0xCE, 0x02,
    0x45, 0x8A, 0xCE, 0x02, 0x44, 0x8B, 0xCD, 0x02, 0x44, 0x8B, 0xCB, 0x05, 0x47, 0x8E, 0xD4, 0x01,
    0x47, 0x8E, 0xD4, 0x01, 0x3B, 0x71, 0x9E, 0x24, 0x02, 0x0E, 0x1F, 0xE4, 0x27, 0x81, 0xDE, 0xF5,
    0x18, 0x89, 0xF7, 0xF8, 0x18, 0x89, 0xF7, 0xF8, 0x11, 0x83, 0xF6, 0xF9, 0x08, 0x6A, 0xE4, 0xFB,
    0x0D, 0x72, 0xE7, 0xFB, 0x0D, 0x72, 0xE7, 0xFB, 0x22, 0x92, 0xFC, 0xFC, 0x23, 0x96, 0xFC, 0xFC,
    0x2B, 0x9B, 0xFC, 0xFC, 0x30, 0xA2, 0xFD, 0xFC, 0x30, 0xA2, 0xFD, 0xFC, 0x32, 0xA5, 0xFD, 0xFD,
    0x33, 0xA3, 0xFD, 0xFD, 0x3C, 0x9D, 0xF9, 0xFD, 0x3C, 0x9D, 0xF9, 0xFD, 0x5F, 0xAF, 0xFA, 0xFD,
    0x7F, 0xB0, 0xF0, 0xFD, 0xAD, 0xD0, 0xF5, 0xFD, 0xAD, 0xD0, 0xF5, 0xFD, 0xDE, 0xF6, 0xFE, 0xFD,
    0xDF, 0xF1, 0xFD, 0xFD, 0xE4, 0xF3, 0xFD, 0xFD, 0xE9, 0xF7, 0xFE, 0xFD, 0xE9, 0xF7, 0xFE, 0xFD,
    0xEB, 0xF5, 0xFD, 0xFD, 0xED, 0xF7, 0xFD, 0xFD, 0xF0, 0xF9, 0xFE, 0xFD, 0xF0, 0xF9, 0xFE, 0xFD,
    0xF1, 0xF9, 0xFE, 0xFD, 0xF1, 0xF7, 0xFE, 0xFD, 0xF2, 0xF9, 0xFE, 0xFD, 0xF0, 0xF8, 0xFD, 0xFD,
    0xF0, 0xF8, 0xFD, 0xFD, 0xEB, 0xF7, 0xFE, 0xFD, 0xB8, 0xD7, 0xF2, 0xFD, 0x7B, 0xB8, 0xEB, 0xFD,
    0x7B, 0xB8, 0xEB, 0xFD, 0x67, 0xBF, 0xFC, 0xFD, 0x56, 0xB8, 0xFD, 0xFD, 0x53, 0xB3, 0xFD, 0xFD,
    0x53, 0xB3, 0xFD, 0xFD, 0x55, 0xB9, 0xFE, 0xFD, 0x51, 0xB7, 0xFE, 0xFD, 0x4B, 0xB6, 0xFE, 0xFD,
    0x38, 0xA7, 0xFD, 0xFD, 0x38, 0xA7, 0xFD, 0xFD, 0x2A, 0x9C, 0xFD, 0xFD, 0x26, 0x96, 0xFC, 0xFD,
    0x25, 0x95, 0xFC, 0xFD, 0x25, 0x95, 0xFC, 0xFD, 0x26, 0x94, 0xFB, 0xFD, 0x2A, 0x97, 0xFC, 0xFD,
    0x29, 0x8B, 0xF9, 0xFC, 0x07, 0x4E, 0xBF, 0xFC, 0x07, 0x4E, 0xBF, 0xFC, 0x10, 0x70, 0xE5, 0xFC,
    0x21, 0x93, 0xFF, 0xFC, 0x1C, 0x8D, 0xFB, 0xFC, 0x1C, 0x8D, 0xFB, 0xFC, 0x1D, 0x8B, 0xFB, 0xFC,
    0x18, 0x84, 0xF7, 0xFB, 0x1A, 0x8D, 0xFF, 0xFB, 0x1A, 0x8D, 0xFF, 0xFB, 0x1B, 0x78, 0xE8, 0xFB,
    0x00, 0x16, 0x75, 0xFB, 0x0D, 0x59, 0xC9, 0xFB, 0x0F, 0x7D, 0xFB, 0xFA, 0x0F, 0x7D, 0xFB, 0xFA,
    0x09, 0x79, 0xF5, 0xFA, 0x0D, 0x7B, 0xF3, 0xFB, 0x0B, 0x73, 0xEC, 0xFB, 0x0B, 0x73, 0xEC, 0xFB,
    0x0F, 0x7A, 0xF2, 0xFB, 0x0C, 0x76, 0xF0, 0xFB, 0x0D, 0x77, 0xF0, 0xFB, 0x13, 0x7F, 0xF5, 0xFA,
    0x13, 0x7F, 0xF5, 0xFA, 0x18, 0x6C, 0xD7, 0xFA, 0x0D, 0x41, 0x93, 0xF3, 0x19, 0x5D, 0xA6, 0x8A,
    0x19, 0x5D, 0xA6, 0x8A, 0x38, 0x87, 0xD2, 0x16, 0x34, 0x82, 0xD0, 0x03, 0x35, 0x81, 0xCD, 0x06,
    0x35, 0x81, 0xCD, 0x06, 0x37, 0x82, 0xCE, 0x03, 0x37, 0x82, 0xCD, 0x03, 0x36, 0x82, 0xCD, 0x01,
    0x36, 0x82, 0xCC, 0x01, 0x36, 0x82, 0xCC, 0x01, 0x00, 0x00, 0x00, 0x00, 0x00, 0x00, 0x00, 0x00,
    0x00, 0x00, 0x00, 0x00, 0x00, 0x00, 0x00, 0x00, 0x00, 0x00, 0x00, 0x00, 0x00, 0x00, 0x00, 0x00,
    0x00, 0x00, 0x00, 0x00, 0x00, 0x00, 0x00, 0x00, 0x00, 0x00, 0x00, 0x00, 0x00, 0x00, 0x00, 0x00,
    0x00, 0x00, 0x00, 0x00, 0x00, 0x00, 0x00, 0x00, 0x00, 0x00, 0x00, 0x00, 0x00, 0x00, 0x00, 0x00,
    0x00, 0x00, 0x00, 0x00, 0x00, 0x00, 0x00, 0x00, 0x00, 0x00, 0x00, 0x00, 0x00, 0x00, 0x00, 0x00,
    0x00, 0x00, 0x00, 0x00, 0x00, 0x00, 0x00, 0x00, 0x00, 0x00, 0x00, 0x00, 0x00, 0x00, 0x00, 0x00,
    0x00, 0x00, 0x00, 0x00, 0x41, 0x89, 0xCD, 0x01, 0x43, 0x89, 0xCD, 0x01, 0x44, 0x8A, 0xCD, 0x02,
    0x44, 0x8A, 0xCD, 0x02, 0x44, 0x8B, 0xCD, 0x02, 0x45, 0x8A, 0xCE, 0x02, 0x45, 0x8A, 0xCE, 0x02,
    0x45, 0x8A, 0xCE, 0x02, 0x44, 0x8B, 0xCD, 0x02, 0x44, 0x8B, 0xCB, 0x05, 0x47, 0x8E, 0xD4, 0x01,
    0x47, 0x8E, 0xD4, 0x01, 0x3B, 0x71, 0x9E, 0x24, 0x02, 0x0E, 0x1F, 0xE4, 0x27, 0x81, 0xDE, 0xF5,
    0x18, 0x89, 0xF7, 0xF8, 0x18, 0x89, 0xF7, 0xF8, 0x11, 0x83, 0xF6, 0xF9, 0x08, 0x6A, 0xE4, 0xFB,
    0x0D, 0x72, 0xE7, 0xFB, 0x0D, 0x72, 0xE7, 0xFB, 0x22, 0x92, 0xFC, 0xFC, 0x23, 0x96, 0xFC, 0xFC,
    0x2B, 0x9B, 0xFC, 0xFC, 0x30, 0xA2, 0xFD, 0xFC, 0x30, 0xA2, 0xFD, 0xFC, 0x32, 0xA5, 0xFD, 0xFD,
    0x33, 0xA3, 0xFD, 0xFD, 0x3C, 0x9D, 0xF9, 0xFD, 0x3C, 0x9D, 0xF9, 0xFD, 0x5F, 0xAF, 0xFA, 0xFD,
    0x7F, 0xB0, 0xF0, 0xFD, 0xAD, 0xD0, 0xF5, 0xFD, 0xAD, 0xD0, 0xF5, 0xFD, 0xDE, 0xF6, 0xFE, 0xFD,
    0xDF, 0xF1, 0xFD, 0xFD, 0xE4, 0xF3, 0xFD, 0xFD, 0xE9, 0xF7, 0xFE, 0xFD, 0xE9, 0xF7, 0xFE, 0xFD,
    0xEB, 0xF5, 0xFD, 0xFD, 0xED, 0xF7, 0xFD, 0xFD, 0xF0, 0xF9, 0xFE, 0xFD, 0xF0, 0xF9, 0xFE, 0xFD,
    0xF1, 0xF9, 0xFE, 0xFD, 0xF1, 0xF7, 0xFE, 0xFD, 0xF2, 0xF9, 0xFE, 0xFD, 0xF0, 0xF8, 0xFD, 0xFD,
    0xF0, 0xF8, 0xFD, 0xFD, 0xEB, 0xF7, 0xFE, 0xFD, 0xB8, 0xD7, 0xF2, 0xFD, 0x7B, 0xB8, 0xEB, 0xFD,
    0x7B, 0xB8, 0xEB, 0xFD, 0x67, 0xBF, 0xFC, 0xFD, 0x56, 0xB8, 0xFD, 0xFD, 0x53, 0xB3, 0xFD, 0xFD,
    0x53, 0xB3, 0xFD, 0xFD, 0x55, 0xB9, 0xFE, 0xFD, 0x51, 0xB7, 0xFE, 0xFD, 0x4B, 0xB6, 0xFE, 0xFD,
    0x38, 0xA7, 0xFD, 0xFD, 0x38, 0xA7, 0xFD, 0xFD, 0x2A, 0x9C, 0xFD, 0xFD, 0x26, 0x96, 0xFC, 0xFD,
    0x25, 0x95, 0xFC, 0xFD, 0x25, 0x95, 0xFC, 0xFD, 0x26, 0x94, 0xFB, 0xFD, 0x2A, 0x97, 0xFC, 0xFD,
    0x29, 0x8B, 0xF9, 0xFC, 0x07, 0x4E, 0xBF, 0xFC, 0x07, 0x4E, 0xBF, 0xFC, 0x10, 0x70, 0xE5, 0xFC,
    0x21, 0x93, 0xFF, 0xFC, 0x1C, 0x8D, 0xFB, 0xFC, 0x1C, 0x8D, 0xFB, 0xFC, 0x1D, 0x8B, 0xFB, 0xFC,
    0x18, 0x84, 0xF7, 0xFB, 0x1A, 0x8D, 0xFF, 0xFB, 0x1A, 0x8D, 0xFF, 0xFB, 0x1B, 0x78, 0xE8, 0xFB,
    0x00, 0x16, 0x75, 0xFB, 0x0D, 0x59, 0xC9, 0xFB, 0x0F, 0x7D, 0xFB, 0xFA, 0x0F, 0x7D, 0xFB, 0xFA,
    0x09, 0x79, 0xF5, 0xFA, 0x0D, 0x7B, 0xF3, 0xFB, 0x0B, 0x73, 0xEC, 0xFB, 0x0B, 0x73, 0xEC, 0xFB,
    0x0F, 0x7A, 0xF2, 0xFB, 0x0C, 0x76, 0xF0, 0xFB, 0x0D, 0x77, 0xF0, 0xFB, 0x13, 0x7F, 0xF5, 0xFA,
    0x13, 0x7F, 0xF5, 0xFA, 0x18, 0x6C, 0xD7, 0xFA, 0x0D, 0x41, 0x93, 0xF3, 0x19, 0x5D, 0xA6, 0x8A,
    0x19, 0x5D, 0xA6, 0x8A, 0x38, 0x87, 0xD2, 0x16, 0x34, 0x82, 0xD0, 0x03, 0x35, 0x81, 0xCD, 0x06,
    0x35, 0x81, 0xCD, 0x06, 0x37, 0x82, 0xCE, 0x03, 0x37, 0x82, 0xCD, 0x03, 0x36, 0x82, 0xCD, 0x01,
    0x36, 0x82, 0xCC, 0x01, 0x36, 0x82, 0xCC, 0x01, 0x00, 0x00, 0x00, 0x00, 0x00, 0x00, 0x00, 0x00,
    0x00, 0x00, 0x00, 0x00, 0x00, 0x00, 0x00, 0x00, 0x00, 0x00, 0x00, 0x00, 0x00, 0x00, 0x00, 0x00,
    0x00, 0x00, 0x00, 0x00, 0x00, 0x00, 0x00, 0x00, 0x00, 0x00, 0x00, 0x00, 0x00, 0x00, 0x00, 0x00,
    0x00, 0x00, 0x00, 0x00, 0x00, 0x00, 0x00, 0x00, 0x00, 0x00, 0x00, 0x00, 0x00, 0x00, 0x00, 0x00,
    0x00, 0x00, 0x00, 0x00, 0x00, 0x00, 0x00, 0x00, 0x00, 0x00, 0x00, 0x00, 0x00, 0x00, 0x00, 0x00,
    0x00, 0x00, 0x00, 0x00, 0x00, 0x00, 0x00, 0x00, 0x00, 0x00, 0x00, 0x00, 0x00, 0x00, 0x00, 0x00,
    0x00, 0x00, 0x00, 0x00, 0x42, 0x89, 0xCD, 0x01, 0x43, 0x8A, 0xCD, 0x01, 0x44, 0x8A, 0xCD, 0x02,
    0x44, 0x8A, 0xCD, 0x02, 0x44, 0x8B, 0xCD, 0x02, 0x45, 0x8B, 0xCE, 0x02, 0x45, 0x8B, 0xCE, 0x02,
    0x45, 0x8B, 0xCE, 0x02, 0x44, 0x8D, 0xCE, 0x02, 0x44, 0x8C, 0xCD, 0x05, 0x00, 0x00, 0x00, 0x00,
    0x00, 0x00, 0x00, 0x00, 0x3B, 0x72, 0xA0, 0x24, 0x03, 0x10, 0x21, 0xEB, 0x28, 0x84, 0xE1, 0xF2,
    0x1C, 0x8B, 0xFA, 0xF8, 0x1C, 0x8B, 0xFA, 0xF8, 0x13, 0x84, 0xF9, 0xF9, 0x0B, 0x6E, 0xE5, 0xFB,
    0x13, 0x78, 0xE9, 0xFB, 0x13, 0x78, 0xE9, 0xFB, 0x22, 0x94, 0xFC, 0xFC, 0x24, 0x9A, 0xFD, 0xFC,
    0x28, 0x99, 0xFD, 0xFC, 0x2D, 0x9C, 0xFD, 0xFC, 0x2D, 0x9C, 0xFD, 0xFC, 0x2E, 0x9D, 0xFD, 0xFC,
    0x2C, 0x9D, 0xFD, 0xFD, 0x33, 0x9E, 0xFC, 0xFD, 0x33, 0x9E, 0xFC, 0xFD, 0x40, 0x9E, 0xFB, 0xFD,
    0x6B, 0xB6, 0xFB, 0xFD, 0x8A, 0xC0, 0xF2, 0xFD, 0x8A, 0xC0, 0xF2, 0xFD, 0xC9, 0xE7, 0xFD, 0xFD,
    0xDA, 0xEE, 0xFD, 0xFD, 0xE2, 0xF4, 0xFE, 0xFD, 0xEA, 0xF9, 0xFE, 0xFD, 0xEA, 0xF9, 0xFE, 0xFD,
    0xEB, 0xF6, 0xFE, 0xFD, 0xEE, 0xF7, 0xFE, 0xFD, 0xF0, 0xF8, 0xFE, 0xFD, 0xF0, 0xF8, 0xFE, 0xFD,
    0xF2, 0xFB, 0xFF, 0xFD, 0xF2, 0xFB, 0xFF, 0xFD, 0xF4, 0xFC, 0xFF, 0xFD, 0xEF, 0xFA, 0xFE, 0xFD,
    0xEF, 0xFA, 0xFE, 0xFD, 0xE4, 0xF5, 0xFE, 0xFD, 0x89, 0xB4, 0xE0, 0xFD, 0x45, 0x93, 0xE0, 0xFD,
    0x45, 0x93, 0xE0, 0xFD, 0x4F, 0xB2, 0xFB, 0xFD, 0x49, 0xB6, 0xFD, 0xFD, 0x47, 0xAF, 0xFD, 0xFD,
    0x47, 0xAF, 0xFD, 0xFD, 0x49, 0xB2, 0xFD, 0xFD, 0x47, 0xB3, 0xFD, 0xFD, 0x40, 0xB0, 0xFD, 0xFD,
    0x31, 0xA4, 0xFC, 0xFD, 0x31, 0xA4, 0xFC, 0xFD, 0x24, 0x9A, 0xFC, 0xFD, 0x1C, 0x8F, 0xFB, 0xFD,
    0x20, 0x92, 0xFC, 0xFD, 0x20, 0x92, 0xFC, 0xFD, 0x21, 0x91, 0xFC, 0xFD, 0x29, 0x98, 0xFE, 0xFD,
    0x21, 0x82, 0xEF, 0xFC, 0x06, 0x4D, 0xBB, 0xFC, 0x06, 0x4D, 0xBB, 0xFC, 0x19, 0x7B, 0xEB, 0xFC,
    0x23, 0x93, 0xFD, 0xFC, 0x1D, 0x8A, 0xF9, 0xFC, 0x1D, 0x8A, 0xF9, 0xFC, 0x22, 0x93, 0xFD, 0xFC,
    0x19, 0x89, 0xFA, 0xFB, 0x1C, 0x8F, 0xFF, 0xFB, 0x1C, 0x8F, 0xFF, 0xFB, 0x1C, 0x7A, 0xE9, 0xFB,
    0x00, 0x20, 0x7E, 0xFB, 0x0D, 0x5E, 0xCD, 0xFB, 0x0F, 0x7E, 0xFA, 0xFA, 0x0F, 0x7E, 0xFA, 0xFA,
    0x0A, 0x79, 0xF4, 0xFA, 0x0C, 0x79, 0xF2, 0xFA, 0x0C, 0x73, 0xED, 0xFA, 0x0C, 0x73, 0xED, 0xFA,
    0x0C, 0x77, 0xF0, 0xFA, 0x0B, 0x74, 0xED, 0xFA, 0x0C, 0x75, 0xEC, 0xF9, 0x14, 0x72, 0xDF, 0xF6,
    0x14, 0x72, 0xDF, 0xF6, 0x16, 0x45, 0x99, 0xF8, 0x04, 0x14, 0x58, 0xB5, 0x26, 0x68, 0xB5, 0x25,
    0x26, 0x68, 0xB5, 0x25, 0x36, 0x88, 0xD6, 0x05, 0x34, 0x81, 0xCE, 0x04, 0x37, 0x81, 0xCE, 0x03,
    0x37, 0x81, 0xCE, 0x03, 0x37, 0x82, 0xCD, 0x02, 0x37, 0x82, 0xCD, 0x02, 0x36, 0x82, 0xCD, 0x01,
    0x36, 0x82, 0xCC, 0x01, 0x36, 0x82, 0xCC, 0x01, 0x00, 0x00, 0x00, 0x00, 0x00, 0x00, 0x00, 0x00,
    0x00, 0x00, 0x00, 0x00, 0x00, 0x00, 0x00, 0x00, 0x00, 0x00, 0x00, 0x00, 0x00, 0x00, 0x00, 0x00,
    0x00, 0x00, 0x00, 0x00, 0x00, 0x00, 0x00, 0x00, 0x00, 0x00, 0x00, 0x00, 0x00, 0x00, 0x00, 0x00,
    0x00, 0x00, 0x00, 0x00, 0x00, 0x00, 0x00, 0x00, 0x00, 0x00, 0x00, 0x00, 0x00, 0x00, 0x00, 0x00,
    0x00, 0x00, 0x00, 0x00, 0x00, 0x00, 0x00, 0x00, 0x00, 0x00, 0x00, 0x00, 0x00, 0x00, 0x00, 0x00,
    0x00, 0x00, 0x00, 0x00, 0x00, 0x00, 0x00, 0x00, 0x00, 0x00, 0x00, 0x00, 0x00, 0x00, 0x00, 0x00,
    0x00, 0x00, 0x00, 0x00, 0x42, 0x89, 0xCC, 0x01, 0x43, 0x8A, 0xCD, 0x01, 0x44, 0x8A, 0xCD, 0x02,
    0x44, 0x8A, 0xCD, 0x02, 0x45, 0x8B, 0xCE, 0x02, 0x45, 0x8B, 0xCE, 0x02, 0x45, 0x8C, 0xCF, 0x02,
    0x45, 0x8C, 0xCF, 0x02, 0x45, 0x8D, 0xCF, 0x02, 0x45, 0x8E, 0xCF, 0x05, 0x00, 0x00, 0x00, 0x00,
    0x00, 0x00, 0x00, 0x00, 0x3E, 0x75, 0xA5, 0x25, 0x03, 0x10, 0x23, 0xEC, 0x26, 0x7F, 0xE0, 0xF4,
    0x1F, 0x8B, 0xFB, 0xF8, 0x1F, 0x8B, 0xFB, 0xF8, 0x16, 0x87, 0xFB, 0xF9, 0x0E, 0x6C, 0xDE, 0xFA,
    0x10, 0x63, 0xD0, 0xFB, 0x10, 0x63, 0xD0, 0xFB, 0x22, 0x8E, 0xFA, 0xFB, 0x22, 0x96, 0xFC, 0xFC,
    0x26, 0x98, 0xFD, 0xFC, 0x2A, 0x95, 0xFD, 0xFC, 0x2A, 0x95, 0xFD, 0xFC, 0x2B, 0x95, 0xFD, 0xFC,
    0x2F, 0x9E, 0xFE, 0xFC, 0x31, 0x99, 0xFD, 0xFD, 0x31, 0x99, 0xFD, 0xFD, 0x36, 0x98, 0xFB, 0xFD,
    0x57, 0xAD, 0xFC, 0xFD, 0x55, 0x8E, 0xE0, 0xFD, 0x55, 0x8E, 0xE0, 0xFD, 0x8F, 0xB3, 0xE6, 0xFD,
    0xD8, 0xF1, 0xFE, 0xFD, 0xD6, 0xEA, 0xFB, 0xFD, 0xDD, 0xEE, 0xFD, 0xFD, 0xDD, 0xEE, 0xFD, 0xFD,
    0xE3, 0xF2, 0xFD, 0xFD, 0xE5, 0xF5, 0xFE, 0xFD, 0xE6, 0xF3, 0xFD, 0xFD, 0xE6, 0xF3, 0xFD, 0xFD,
    0xE7, 0xF6, 0xFE, 0xFD, 0xE7, 0xF5, 0xFE, 0xFD, 0xE3, 0xF0, 0xFC, 0xFD, 0xE0, 0xF1, 0xFD, 0xFD,
    0xE0, 0xF1, 0xFD, 0xFD, 0xD3, 0xEB, 0xFD, 0xFD, 0x69, 0x99, 0xD1, 0xFD, 0x3A, 0x86, 0xE4, 0xFD,
    0x3A, 0x86, 0xE4, 0xFD, 0x49, 0xAB, 0xFC, 0xFD, 0x42, 0xAD, 0xFD, 0xFD, 0x3E, 0xA8, 0xFC, 0xFD,
    0x3E, 0xA8, 0xFC, 0xFD, 0x3D, 0xA9, 0xFD, 0xFD, 0x3A, 0xA9, 0xFD, 0xFD, 0x34, 0xA6, 0xFD, 0xFD,
    0x27, 0x9A, 0xFC, 0xFD, 0x27, 0x9A, 0xFC, 0xFD, 0x1E, 0x95, 0xFC, 0xFD, 0x16, 0x8A, 0xF8, 0xFD,
    0x17, 0x87, 0xF7, 0xFD, 0x17, 0x87, 0xF7, 0xFD, 0x12, 0x7A, 0xEC, 0xFD, 0x1B, 0x7F, 0xED, 0xFD,
    0x0D, 0x5B, 0xC8, 0xFC, 0x0A, 0x53, 0xBE, 0xFC, 0x0A, 0x53, 0xBE, 0xFC, 0x23, 0x8A, 0xF8, 0xFC,
    0x1C, 0x8A, 0xF9, 0xFC, 0x1C, 0x89, 0xF7, 0xFC, 0x1C, 0x89, 0xF7, 0xFC, 0x1D, 0x8B, 0xFB, 0xFC,
    0x19, 0x8A, 0xFC, 0xFB, 0x1D, 0x8D, 0xFF, 0xFB, 0x1D, 0x8D, 0xFF, 0xFB, 0x12, 0x60, 0xD0, 0xFB,
    0x00, 0x1A, 0x77, 0xFB, 0x0D, 0x5D, 0xCC, 0xFB, 0x0E, 0x7B, 0xF7, 0xFB, 0x0E, 0x7B, 0xF7, 0xFB,
    0x07, 0x70, 0xED, 0xFA, 0x09, 0x74, 0xEE, 0xFA, 0x0B, 0x71, 0xEC, 0xFB, 0x0B, 0x71, 0xEC, 0xFB,
    0x09, 0x6E, 0xE8, 0xFA, 0x09, 0x6D, 0xE5, 0xF9, 0x14, 0x7E, 0xE9, 0xF8, 0x12, 0x51, 0xA8, 0xF7,
    0x12, 0x51, 0xA8, 0xF7, 0x07, 0x20, 0x66, 0xC9, 0x12, 0x35, 0x7E, 0x62, 0x39, 0x85, 0xD1, 0x0B,
    0x39, 0x85, 0xD1, 0x0B, 0x34, 0x82, 0xD0, 0x03, 0x35, 0x80, 0xCD, 0x04, 0x37, 0x82, 0xCD, 0x04,
    0x37, 0x82, 0xCD, 0x04, 0x37, 0x82, 0xCD, 0x03, 0x36, 0x82, 0xCC, 0x03, 0x36, 0x81, 0xCC, 0x01,
    0x37, 0x82, 0xCC, 0x01, 0x37, 0x82, 0xCC, 0x01, 0x00, 0x00, 0x00, 0x00, 0x00, 0x00, 0x00, 0x00,
    0x00, 0x00, 0x00, 0x00, 0x00, 0x00, 0x00, 0x00, 0x00, 0x00, 0x00, 0x00, 0x00, 0x00, 0x00, 0x00,
    0x00, 0x00, 0x00, 0x00, 0x00, 0x00, 0x00, 0x00, 0x00, 0x00, 0x00, 0x00, 0x00, 0x00, 0x00, 0x00,
    0x00, 0x00, 0x00, 0x00, 0x00, 0x00, 0x00, 0x00, 0x00, 0x00, 0x00, 0x00, 0x00, 0x00, 0x00, 0x00,
    0x00, 0x00, 0x00, 0x00, 0x00, 0x00, 0x00, 0x00, 0x00, 0x00, 0x00, 0x00, 0x00, 0x00, 0x00, 0x00,
    0x00, 0x00, 0x00, 0x00, 0x00, 0x00, 0x00, 0x00, 0x00, 0x00, 0x00, 0x00, 0x00, 0x00, 0x00, 0x00,
    0x00, 0x00, 0x00, 0x00, 0x42, 0x88, 0xCC, 0x01, 0x43, 0x89, 0xCD, 0x01, 0x45, 0x8A, 0xCD, 0x02,
    0x45, 0x8A, 0xCD, 0x02, 0x45, 0x8B, 0xCE, 0x02, 0x46, 0x8C, 0xCF, 0x02, 0x47, 0x8C, 0xCF, 0x02,
    0x47, 0x8C, 0xCF, 0x02, 0x47, 0x8D, 0xCF, 0x02, 0x46, 0x8E, 0xCF, 0x04, 0x00, 0x00, 0x00, 0x00,
    0x00, 0x00, 0x00, 0x00, 0x43, 0x7D, 0xAD, 0x21, 0x05, 0x14, 0x20, 0xEA, 0x29, 0x7D, 0xE0, 0xF6,
    0x21, 0x8E, 0xFD, 0xF7, 0x21, 0x8E, 0xFD, 0xF7, 0x1C, 0x92, 0xFC, 0xF9, 0x16, 0x71, 0xDC, 0xFA,
    0x10, 0x4A, 0xA5, 0xFB, 0x10, 0x4A, 0xA5, 0xFB, 0x26, 0x8D, 0xF6, 0xFB, 0x21, 0x94, 0xFC, 0xFC,
    0x24, 0x9A, 0xFD, 0xFC, 0x2A, 0x9A, 0xFD, 0xFC, 0x2A, 0x9A, 0xFD, 0xFC, 0x2B, 0x9A, 0xFD, 0xFC,
    0x30, 0xA2, 0xFD, 0xFC, 0x32, 0x9D, 0xFD, 0xFC, 0x32, 0x9D, 0xFD, 0xFC, 0x34, 0x9D, 0xFD, 0xFC,
    0x41, 0xA0, 0xFD, 0xFC, 0x3C, 0x82, 0xE3, 0xFC, 0x3C, 0x82, 0xE3, 0xFC, 0x4C, 0x85, 0xC7, 0xFD,
    0xC1, 0xE3, 0xFB, 0xFC, 0xC1, 0xDD, 0xF7, 0xFD, 0xC9, 0xE5, 0xFB, 0xFD, 0xC9, 0xE5, 0xFB, 0xFD,
    0xCE, 0xE5, 0xFA, 0xFD, 0xCF, 0xE7, 0xFB, 0xFD, 0xCD, 0xE2, 0xF6, 0xFD, 0xCD, 0xE2, 0xF6, 0xFD,
    0xCC, 0xE5, 0xF9, 0xFD, 0xCD, 0xE7, 0xFA, 0xFD, 0xC6, 0xE0, 0xF6, 0xFD, 0xC2, 0xDC, 0xF5, 0xFD,
    0xC2, 0xDC, 0xF5, 0xFD, 0xB4, 0xDA, 0xF5, 0xFD, 0x58, 0x97, 0xD2, 0xFD, 0x45, 0x9A, 0xF5, 0xFD,
    0x45, 0x9A, 0xF5, 0xFD, 0x49, 0xAF, 0xFD, 0xFD, 0x3F, 0xAA, 0xFD, 0xFD, 0x39, 0xA6, 0xFD, 0xFD,
    0x39, 0xA6, 0xFD, 0xFD, 0x36, 0xA8, 0xFD, 0xFD, 0x30, 0xA2, 0xFD, 0xFD, 0x2A, 0x9E, 0xFD, 0xFD,
    0x25, 0x9C, 0xFD, 0xFD, 0x25, 0x9C, 0xFD, 0xFD, 0x1E, 0x9B, 0xFD, 0xFD, 0x16, 0x8C, 0xF9, 0xFD,
    0x0E, 0x80, 0xF2, 0xFD, 0x0E, 0x80, 0xF2, 0xFD, 0x06, 0x65, 0xDC, 0xFD, 0x0C, 0x62, 0xD4, 0xFD,
    0x04, 0x3F, 0xB0, 0xFC, 0x16, 0x6C, 0xDA, 0xFC, 0x16, 0x6C, 0xDA, 0xFC, 0x2A, 0xA1, 0xFE, 0xFC,
    0x18, 0x89, 0xF9, 0xFC, 0x17, 0x84, 0xF4, 0xFC, 0x17, 0x84, 0xF4, 0xFC, 0x1A, 0x87, 0xF9, 0xFB,
    0x1A, 0x8C, 0xFD, 0xFB, 0x22, 0x94, 0xFD, 0xFB, 0x22, 0x94, 0xFD, 0xFB, 0x09, 0x49, 0xB3, 0xFB,
    0x00, 0x14, 0x76, 0xFA, 0x0B, 0x60, 0xD2, 0xFA, 0x0F, 0x82, 0xFA, 0xF9, 0x0F, 0x82, 0xFA, 0xF9,
    0x07, 0x71, 0xEF, 0xFA, 0x07, 0x73, 0xEE, 0xF9, 0x08, 0x6E, 0xEA, 0xF9, 0x08, 0x6E, 0xEA, 0xF9,
    0x0E, 0x77, 0xEC, 0xF8, 0x11, 0x64, 0xD1, 0xF8, 0x0A, 0x3E, 0x9A, 0xF7, 0x05, 0x2A, 0x75, 0xD7,
    0x05, 0x2A, 0x75, 0xD7, 0x17, 0x4C, 0x92, 0x37, 0x35, 0x7F, 0xCA, 0x13, 0x35, 0x84, 0xD0, 0x05,
    0x35, 0x84, 0xD0, 0x05, 0x33, 0x81, 0xCD, 0x04, 0x36, 0x81, 0xCD, 0x03, 0x36, 0x82, 0xCC, 0x03,
    0x36, 0x82, 0xCC, 0x03, 0x37, 0x82, 0xCC, 0x03, 0x36, 0x82, 0xCC, 0x02, 0x37, 0x83, 0xCC, 0x02,
    0x37, 0x82, 0xCB, 0x01, 0x37, 0x82, 0xCB, 0x01, 0x36, 0x83, 0xCB, 0x01, 0x00, 0x00, 0x00, 0x00,
    0x00, 0x00, 0x00, 0x00, 0x00, 0x00, 0x00, 0x00, 0x00, 0x00, 0x00, 0x00, 0x00, 0x00, 0x00, 0x00,
    0x00, 0x00, 0x00, 0x00, 0x00, 0x00, 0x00, 0x00, 0x00, 0x00, 0x00, 0x00, 0x00, 0x00, 0x00, 0x00,
    0x00, 0x00, 0x00, 0x00, 0x00, 0x00, 0x00, 0x00, 0x00, 0x00, 0x00, 0x00, 0x00, 0x00, 0x00, 0x00,
    0x00, 0x00, 0x00, 0x00, 0x00, 0x00, 0x00, 0x00, 0x00, 0x00, 0x00, 0x00, 0x00, 0x00, 0x00, 0x00,
    0x00, 0x00, 0x00, 0x00, 0x00, 0x00, 0x00, 0x00, 0x00, 0x00, 0x00, 0x00, 0x00, 0x00, 0x00, 0x00,
    0x00, 0x00, 0x00, 0x00, 0x42, 0x88, 0xCC, 0x01, 0x43, 0x89, 0xCD, 0x01, 0x45, 0x8A, 0xCD, 0x02,
    0x45, 0x8A, 0xCD, 0x02, 0x45, 0x8B, 0xCE, 0x02, 0x46, 0x8C, 0xCF, 0x02, 0x47, 0x8C, 0xCF, 0x02,
    0x47, 0x8C, 0xCF, 0x02, 0x47, 0x8D, 0xCF, 0x02, 0x46, 0x8E, 0xCF, 0x04, 0x00, 0x00, 0x00, 0x00,
    0x00, 0x00, 0x00, 0x00, 0x43, 0x7D, 0xAD, 0x21, 0x05, 0x14, 0x20, 0xEA, 0x29, 0x7D, 0xE0, 0xF6,
    0x21, 0x8E, 0xFD, 0xF7, 0x21, 0x8E, 0xFD, 0xF7, 0x1C, 0x92, 0xFC, 0xF9, 0x16, 0x71, 0xDC, 0xFA,
    0x10, 0x4A, 0xA5, 0xFB, 0x10, 0x4A, 0xA5, 0xFB, 0x26, 0x8D, 0xF6, 0xFB, 0x21, 0x94, 0xFC, 0xFC,
    0x24, 0x9A, 0xFD, 0xFC, 0x2A, 0x9A, 0xFD, 0xFC, 0x2A, 0x9A, 0xFD, 0xFC, 0x2B, 0x9A, 0xFD, 0xFC,
    0x30, 0xA2, 0xFD, 0xFC, 0x32, 0x9D, 0xFD, 0xFC, 0x32, 0x9D, 0xFD, 0xFC, 0x34, 0x9D, 0xFD, 0xFC,
    0x41, 0xA0, 0xFD, 0xFC, 0x3C, 0x82, 0xE3, 0xFC, 0x3C, 0x82, 0xE3, 0xFC, 0x4C, 0x85, 0xC7, 0xFD,
    0xC1, 0xE3, 0xFB, 0xFC, 0xC1, 0xDD, 0xF7, 0xFD, 0xC9, 0xE5, 0xFB, 0xFD, 0xC9, 0xE5, 0xFB, 0xFD,
    0xCE, 0xE5, 0xFA, 0xFD, 0xCF, 0xE7, 0xFB, 0xFD, 0xCD, 0xE2, 0xF6, 0xFD, 0xCD, 0xE2, 0xF6, 0xFD,
    0xCC, 0xE5, 0xF9, 0xFD, 0xCD, 0xE7, 0xFA, 0xFD, 0xC6, 0xE0, 0xF6, 0xFD, 0xC2, 0xDC, 0xF5, 0xFD,
    0xC2, 0xDC, 0xF5, 0xFD, 0xB4, 0xDA, 0xF5, 0xFD, 0x58, 0x97, 0xD2, 0xFD, 0x45, 0x9A, 0xF5, 0xFD,
    0x45, 0x9A, 0xF5, 0xFD, 0x49, 0xAF, 0xFD, 0xFD, 0x3F, 0xAA, 0xFD, 0xFD, 0x39, 0xA6, 0xFD, 0xFD,
    0x39, 0xA6, 0xFD, 0xFD, 0x36, 0xA8, 0xFD, 0xFD, 0x30, 0xA2, 0xFD, 0xFD, 0x2A, 0x9E, 0xFD, 0xFD,
    0x25, 0x9C, 0xFD, 0xFD, 0x25, 0x9C, 0xFD, 0xFD, 0x1E, 0x9B, 0xFD, 0xFD, 0x16, 0x8C, 0xF9, 0xFD,
    0x0E, 0x80, 0xF2, 0xFD, 0x0E, 0x80, 0xF2, 0xFD, 0x06, 0x65, 0xDC, 0xFD, 0x0C, 0x62, 0xD4, 0xFD,
    0x04, 0x3F, 0xB0, 0xFC, 0x16, 0x6C, 0xDA, 0xFC, 0x16, 0x6C, 0xDA, 0xFC, 0x2A, 0xA1, 0xFE, 0xFC,
    0x18, 0x89, 0xF9, 0xFC, 0x17, 0x84, 0xF4, 0xFC, 0x17, 0x84, 0xF4, 0xFC, 0x1A, 0x87, 0xF9, 0xFB,
    0x1A, 0x8C, 0xFD, 0xFB, 0x22, 0x94, 0xFD, 0xFB, 0x22, 0x94, 0xFD, 0xFB, 0x09, 0x49, 0xB3, 0xFB,
    0x00, 0x14, 0x76, 0xFA, 0x0B, 0x60, 0xD2, 0xFA, 0x0F, 0x82, 0xFA, 0xF9, 0x0F, 0x82, 0xFA, 0xF9,
    0x07, 0x71, 0xEF, 0xFA, 0x07, 0x73, 0xEE, 0xF9, 0x08, 0x6E, 0xEA, 0xF9, 0x08, 0x6E, 0xEA, 0xF9,
    0x0E, 0x77, 0xEC, 0xF8, 0x11, 0x64, 0xD1, 0xF8, 0x0A, 0x3E, 0x9A, 0xF7, 0x05, 0x2A, 0x75, 0xD7,
    0x05, 0x2A, 0x75, 0xD7, 0x17, 0x4C, 0x92, 0x37, 0x35, 0x7F, 0xCA, 0x13, 0x35, 0x84, 0xD0, 0x05,
    0x35, 0x84, 0xD0, 0x05, 0x33, 0x81, 0xCD, 0x04, 0x36, 0x81, 0xCD, 0x03, 0x36, 0x82, 0xCC, 0x03,
    0x36, 0x82, 0xCC, 0x03, 0x37, 0x82, 0xCC, 0x03, 0x36, 0x82, 0xCC, 0x02, 0x37, 0x83, 0xCC, 0x02,
    0x37, 0x82, 0xCB, 0x01, 0x37, 0x82, 0xCB, 0x01, 0x36, 0x83, 0xCB, 0x01, 0x00, 0x00, 0x00, 0x00,
    0x00, 0x00, 0x00, 0x00, 0x00, 0x00, 0x00, 0x00, 0x00, 0x00, 0x00, 0x00, 0x00, 0x00, 0x00, 0x00,
    0x00, 0x00, 0x00, 0x00, 0x00, 0x00, 0x00, 0x00, 0x00, 0x00, 0x00, 0x00, 0x00, 0x00, 0x00, 0x00,
    0x00, 0x00, 0x00, 0x00, 0x00, 0x00, 0x00, 0x00, 0x00, 0x00, 0x00, 0x00, 0x00, 0x00, 0x00, 0x00,
    0x00, 0x00, 0x00, 0x00, 0x00, 0x00, 0x00, 0x00, 0x00, 0x00, 0x00, 0x00, 0x00, 0x00, 0x00, 0x00,
    0x00, 0x00, 0x00, 0x00, 0x00, 0x00, 0x00, 0x00, 0x00, 0x00, 0x00, 0x00, 0x00, 0x00, 0x00, 0x00,
    0x00, 0x00, 0x00, 0x00, 0x42, 0x88, 0xCC, 0x01, 0x44, 0x89, 0xCD, 0x01, 0x45, 0x8A, 0xCD, 0x02,
    0x45, 0x8A, 0xCD, 0x02, 0x46, 0x8B, 0xCE, 0x02, 0x47, 0x8C, 0xCF, 0x02, 0x48, 0x8C, 0xCF, 0x02,
    0x48, 0x8C, 0xCF, 0x02, 0x47, 0x8D, 0xCF, 0x02, 0x45, 0x8E, 0xCF, 0x04, 0x4B, 0x93, 0xDA, 0x01,
    0x4B, 0x93, 0xDA, 0x01, 0x47, 0x80, 0xB0, 0x17, 0x07, 0x15, 0x21, 0xCB, 0x27, 0x77, 0xDA, 0xF8,
    0x20, 0x8C, 0xFD, 0xF7, 0x20, 0x8C, 0xFD, 0xF7, 0x1E, 0x93, 0xFD, 0xFA, 0x21, 0x72, 0xD9, 0xFA,
    0x07, 0x20, 0x6A, 0xFB, 0x07, 0x20, 0x6A, 0xFB, 0x1B, 0x6D, 0xD5, 0xFC, 0x23, 0x95, 0xFC, 0xFC,
    0x20, 0x91, 0xFB, 0xFC, 0x29, 0x9A, 0xFD, 0xFC, 0x29, 0x9A, 0xFD, 0xFC, 0x2F, 0x9F, 0xFD, 0xFC,
    0x2E, 0x9C, 0xFD, 0xFC, 0x34, 0x9F, 0xFD, 0xFC, 0x34, 0x9F, 0xFD, 0xFC, 0x31, 0x97, 0xFD, 0xFC,
    0x35, 0x97, 0xFC, 0xFC, 0x44, 0x96, 0xF5, 0xFC, 0x44, 0x96, 0xF5, 0xFC, 0x20, 0x51, 0xA6, 0xFC,
    0x6E, 0x90, 0xC4, 0xFD, 0xBA, 0xE3, 0xFC, 0xFD, 0xB7, 0xDE, 0xFC, 0xFD, 0xB7, 0xDE, 0xFC, 0xFD,
    0xBB, 0xD4, 0xF4, 0xFD, 0xC0, 0xDC, 0xF6, 0xFD, 0xBF, 0xDC, 0xF7, 0xFD, 0xBF, 0xDC, 0xF7, 0xFD,
    0xBE, 0xDD, 0xF9, 0xFD, 0xB6, 0xD2, 0xF2, 0xFD, 0xB6, 0xDC, 0xF9, 0xFD, 0xA9, 0xCE, 0xF0, 0xFD,
    0xA9, 0xCE, 0xF0, 0xFD, 0x67, 0x8D, 0xB5, 0xFD, 0x45, 0x81, 0xC3, 0xFD, 0x50, 0xAA, 0xFB, 0xFD,
    0x50, 0xAA, 0xFB, 0xFD, 0x43, 0xA6, 0xFC, 0xFD, 0x3E, 0xA8, 0xFD, 0xFD, 0x38, 0xA6, 0xFD, 0xFD,
    0x38, 0xA6, 0xFD, 0xFD, 0x31, 0xA2, 0xFD, 0xFD, 0x2D, 0x9F, 0xFD, 0xFD, 0x2A, 0x9E, 0xFD, 0xFD,
    0x23, 0x99, 0xFD, 0xFD, 0x23, 0x99, 0xFD, 0xFD, 0x1A, 0x91, 0xFC, 0xFD, 0x12, 0x83, 0xF4, 0xFD,
    0x15, 0x86, 0xF6, 0xFD, 0x15, 0x86, 0xF6, 0xFD, 0x13, 0x76, 0xEA, 0xFD, 0x11, 0x5A, 0xC6, 0xFC,
    0x0D, 0x57, 0xBE, 0xFC, 0x27, 0x84, 0xF0, 0xFC, 0x27, 0x84, 0xF0, 0xFC, 0x21, 0x8E, 0xFB, 0xFC,
    0x1B, 0x8C, 0xFA, 0xFC, 0x11, 0x79, 0xF0, 0xFC, 0x11, 0x79, 0xF0, 0xFC, 0x19, 0x86, 0xFA, 0xFB,
    0x1A, 0x84, 0xFD, 0xFC, 0x13, 0x6F, 0xE2, 0xFB, 0x13, 0x6F, 0xE2, 0xFB, 0x03, 0x3A, 0xA7, 0xFB,
    0x05, 0x43, 0xB7, 0xFB, 0x07, 0x65, 0xDD, 0xFA, 0x07, 0x6E, 0xF1, 0xFA, 0x07, 0x6E, 0xF1, 0xFA,
    0x08, 0x72, 0xF2, 0xF9, 0x0C, 0x78, 0xF2, 0xF8, 0x10, 0x75, 0xEB, 0xF7, 0x10, 0x75, 0xEB, 0xF7,
    0x11, 0x5F, 0xC4, 0xF7, 0x02, 0x20, 0x75, 0xF5, 0x07, 0x23, 0x73, 0xA3, 0x28, 0x64, 0xAF, 0x41,
    0x28, 0x64, 0xAF, 0x41, 0x3B, 0x8C, 0xD9, 0x05, 0x31, 0x7E, 0xCB, 0x08, 0x33, 0x81, 0xCD, 0x04,
    0x33, 0x81, 0xCD, 0x04, 0x35, 0x81, 0xCD, 0x03, 0x36, 0x82, 0xCD, 0x04, 0x37, 0x82, 0xCD, 0x03,
    0x37, 0x82, 0xCD, 0x03, 0x37, 0x82, 0xCC, 0x03, 0x37, 0x82, 0xCC, 0x02, 0x37, 0x83, 0xCB, 0x01,
    0x37, 0x83, 0xCB, 0x01, 0x37, 0x83, 0xCB, 0x01, 0x00, 0x00, 0x00, 0x00, 0x00, 0x00, 0x00, 0x00,
    0x00, 0x00, 0x00, 0x00, 0x00, 0x00, 0x00, 0x00, 0x00, 0x00, 0x00, 0x00, 0x00, 0x00, 0x00, 0x00,
    0x00, 0x00, 0x00, 0x00, 0x00, 0x00, 0x00, 0x00, 0x00, 0x00, 0x00, 0x00, 0x00, 0x00, 0x00, 0x00,
    0x00, 0x00, 0x00, 0x00, 0x00, 0x00, 0x00, 0x00, 0x00, 0x00, 0x00, 0x00, 0x00, 0x00, 0x00, 0x00,
    0x00, 0x00, 0x00, 0x00, 0x00, 0x00, 0x00, 0x00, 0x00, 0x00, 0x00, 0x00, 0x00, 0x00, 0x00, 0x00,
    0x00, 0x00, 0x00, 0x00, 0x00, 0x00, 0x00, 0x00, 0x00, 0x00, 0x00, 0x00, 0x00, 0x00, 0x00, 0x00,
    0x00, 0x00, 0x00, 0x00, 0x42, 0x88, 0xCC, 0x01, 0x43, 0x89, 0xCC, 0x01, 0x44, 0x89, 0xCC, 0x02,
    0x44, 0x89, 0xCC, 0x02, 0x46, 0x8B, 0xCD, 0x02, 0x47, 0x8B, 0xCE, 0x02, 0x48, 0x8B, 0xCE, 0x02,
    0x48, 0x8B, 0xCE, 0x02, 0x48, 0x8D, 0xCE, 0x02, 0x47, 0x8E, 0xCF, 0x02, 0x4B, 0x94, 0xD8, 0x06,
    0x4B, 0x94, 0xD8, 0x06, 0x49, 0x84, 0xB9, 0x04, 0x11, 0x25, 0x39, 0xAA, 0x2F, 0x78, 0xCE, 0xFB,
    0x26, 0x8F, 0xFC, 0xF6, 0x26, 0x8F, 0xFC, 0xF6, 0x1F, 0x8F, 0xFC, 0xF9, 0x23, 0x78, 0xE3, 0xFA,
    0x0E, 0x34, 0x7F, 0xFA, 0x0E, 0x34, 0x7F, 0xFA, 0x1F, 0x65, 0xC1, 0xFB, 0x23, 0x90, 0xFB, 0xFB,
    0x1D, 0x8D, 0xF9, 0xFC, 0x31, 0xA1, 0xFC, 0xFC, 0x31, 0xA1, 0xFC, 0xFC, 0x34, 0x9D, 0xFB, 0xFC,
    0x39, 0xA0, 0xFC, 0xFC, 0x37, 0x9D, 0xFD, 0xFC, 0x37, 0x9D, 0xFD, 0xFC, 0x3A, 0xA2, 0xFE, 0xFC,
    0x39, 0x9F, 0xFE, 0xFC, 0x45, 0xA3, 0xFD, 0xFC, 0x45, 0xA3, 0xFD, 0xFC, 0x2C, 0x67, 0xC7, 0xFC,
    0x29, 0x51, 0x8B, 0xFC, 0x7E, 0xAC, 0xD6, 0xFC, 0xA7, 0xCF, 0xF7, 0xFC, 0xA7, 0xCF, 0xF7, 0xFC,
    0xB3, 0xD4, 0xF7, 0xFC, 0xB9, 0xDB, 0xF6, 0xFC, 0xB9, 0xD9, 0xF5, 0xFC, 0xB9, 0xD9, 0xF5, 0xFC,
    0xB7, 0xDD, 0xF9, 0xFC, 0xB0, 0xD2, 0xF4, 0xFC, 0xA3, 0xC8, 0xEC, 0xFC, 0x64, 0x8A, 0xB1, 0xFC,
    0x64, 0x8A, 0xB1, 0xFC, 0x25, 0x43, 0x72, 0xFC, 0x4C, 0x8D, 0xD5, 0xFC, 0x56, 0xBA, 0xFD, 0xFC,
    0x56, 0xBA, 0xFD, 0xFC, 0x44, 0xAC, 0xFC, 0xFD, 0x3C, 0xA7, 0xFD, 0xFD, 0x37, 0xA7, 0xFD, 0xFD,
    0x37, 0xA7, 0xFD, 0xFD, 0x32, 0xA7, 0xFD, 0xFD, 0x2D, 0xA3, 0xFD, 0xFD, 0x29, 0xA2, 0xFD, 0xFD,
    0x1D, 0x96, 0xFC, 0xFD, 0x1D, 0x96, 0xFC, 0xFD, 0x1D, 0x98, 0xFD, 0xFD, 0x17, 0x8A, 0xFA, 0xFD,
    0x1D, 0x8D, 0xFA, 0xFC, 0x1D, 0x8D, 0xFA, 0xFC, 0x28, 0x7E, 0xE6, 0xFC, 0x07, 0x34, 0x9B, 0xFC,
    0x1D, 0x6E, 0xD8, 0xFC, 0x35, 0xA3, 0xFB, 0xFC, 0x35, 0xA3, 0xFB, 0xFC, 0x23, 0x8D, 0xF8, 0xFC,
    0x21, 0x93, 0xFA, 0xFC, 0x14, 0x82, 0xF9, 0xFB, 0x14, 0x82, 0xF9, 0xFB, 0x14, 0x86, 0xFF, 0xFA,
    0x19, 0x89, 0xFF, 0xFA, 0x04, 0x4A, 0xC1, 0xF9, 0x04, 0x4A, 0xC1, 0xF9, 0x04, 0x4E, 0xC7, 0xFA,
    0x14, 0x7F, 0xFD, 0xF9, 0x08, 0x6E, 0xF2, 0xF8, 0x08, 0x6F, 0xF4, 0xF6, 0x08, 0x6F, 0xF4, 0xF6,
    0x09, 0x67, 0xE3, 0xF4, 0x0C, 0x4F, 0xB6, 0xF6, 0x0C, 0x2E, 0x7F, 0xFC, 0x0C, 0x2E, 0x7F, 0xFC,
    0x03, 0x18, 0x58, 0xDB, 0x1F, 0x55, 0x9C, 0x9C, 0x39, 0x82, 0xCE, 0x2B, 0x32, 0x7E, 0xCC, 0x01,
    0x32, 0x7E, 0xCC, 0x01, 0x2E, 0x7E, 0xCA, 0x06, 0x31, 0x80, 0xCC, 0x05, 0x34, 0x81, 0xCD, 0x03,
    0x34, 0x81, 0xCD, 0x03, 0x35, 0x81, 0xCD, 0x03, 0x35, 0x82, 0xCC, 0x03, 0x36, 0x83, 0xCC, 0x03,
    0x36, 0x83, 0xCC, 0x03, 0x36, 0x83, 0xCC, 0x02, 0x36, 0x82, 0xCC, 0x02, 0x36, 0x83, 0xCB, 0x01,
    0x36, 0x83, 0xCB, 0x01, 0x36, 0x83, 0xCB, 0x01, 0x00, 0x00, 0x00, 0x00, 0x00, 0x00, 0x00, 0x00,
    0x00, 0x00, 0x00, 0x00, 0x00, 0x00, 0x00, 0x00, 0x00, 0x00, 0x00, 0x00, 0x00, 0x00, 0x00, 0x00,
    0x00, 0x00, 0x00, 0x00, 0x00, 0x00, 0x00, 0x00, 0x00, 0x00, 0x00, 0x00, 0x00, 0x00, 0x00, 0x00,
    0x00, 0x00, 0x00, 0x00, 0x00, 0x00, 0x00, 0x00, 0x00, 0x00, 0x00, 0x00, 0x00, 0x00, 0x00, 0x00,
    0x00, 0x00, 0x00, 0x00, 0x00, 0x00, 0x00, 0x00, 0x00, 0x00, 0x00, 0x00, 0x00, 0x00, 0x00, 0x00,
    0x00, 0x00, 0x00, 0x00, 0x00, 0x00, 0x00, 0x00, 0x00, 0x00, 0x00, 0x00, 0x00, 0x00, 0x00, 0x00,
    0x00, 0x00, 0x00, 0x00, 0x42, 0x88, 0xCC, 0x01, 0x43, 0x89, 0xCC, 0x01, 0x45, 0x89, 0xCC, 0x01,
    0x45, 0x89, 0xCC, 0x01, 0x46, 0x8A, 0xCD, 0x02, 0x47, 0x8B, 0xCE, 0x02, 0x48, 0x8B, 0xCE, 0x02,
    0x48, 0x8B, 0xCE, 0x02, 0x48, 0x8C, 0xCE, 0x02, 0x48, 0x8E, 0xD0, 0x02, 0x49, 0x92, 0xD5, 0x07,
    0x49, 0x92, 0xD5, 0x07, 0x44, 0x89, 0xC9, 0x03, 0x3C, 0x6B, 0x99, 0x9C, 0x2B, 0x5E, 0xA0, 0xF1,
    0x30, 0x8A, 0xF2, 0xFC, 0x30, 0x8A, 0xF2, 0xFC, 0x30, 0x97, 0xFD, 0xF7, 0x53, 0xB6, 0xFE, 0xFB,
    0x32, 0x70, 0xC3, 0xFA, 0x32, 0x70, 0xC3, 0xFA, 0x0C, 0x2C, 0x8B, 0xFB, 0x2B, 0x83, 0xEA, 0xFB,
    0x54, 0xB2, 0xFC, 0xFC, 0x72, 0xC4, 0xFC, 0xFC, 0x72, 0xC4, 0xFC, 0xFC, 0x7A, 0xC7, 0xFB, 0xFC,
    0x75, 0xC7, 0xFC, 0xFC, 0x5F, 0xB4, 0xFC, 0xFC, 0x5F, 0xB4, 0xFC, 0xFC, 0x52, 0xAF, 0xFD, 0xFC,
    0x48, 0xA2, 0xFC, 0xFC, 0x48, 0x9F, 0xFC, 0xFC, 0x48, 0x9F, 0xFC, 0xFC, 0x4F, 0x95, 0xF1, 0xFC,
    0x23, 0x4A, 0x89, 0xFC, 0x2A, 0x45, 0x79, 0xFC, 0x72, 0x92, 0xC3, 0xFC, 0x72, 0x92, 0xC3, 0xFC,
    0xA3, 0xCE, 0xF4, 0xFC, 0xAB, 0xD1, 0xF3, 0xFC, 0xAA, 0xC6, 0xE8, 0xFC, 0xAA, 0xC6, 0xE8, 0xFC,
    0xA5, 0xC7, 0xEB, 0xFC, 0xA4, 0xCD, 0xF2, 0xFC, 0x86, 0xAB, 0xD4, 0xFC, 0x2E, 0x4A, 0x74, 0xFD,
    0x2E, 0x4A, 0x74, 0xFD, 0x27, 0x42, 0x74, 0xFD, 0x61, 0xA4, 0xEA, 0xFD, 0x59, 0xB5, 0xFB, 0xFC,
    0x59, 0xB5, 0xFB, 0xFC, 0x4B, 0xAC, 0xFB, 0xFC, 0x41, 0xA9, 0xFC, 0xFC, 0x39, 0xA7, 0xFD, 0xFD,
    0x39, 0xA7, 0xFD, 0xFD, 0x33, 0xA9, 0xFD, 0xFD, 0x2D, 0xA2, 0xFD, 0xFD, 0x2A, 0xA0, 0xFD, 0xFD,
    0x24, 0x9A, 0xFB, 0xFD, 0x24, 0x9A, 0xFB, 0xFD, 0x1D, 0x91, 0xFA, 0xFD, 0x22, 0x94, 0xFB, 0xFD,
    0x27, 0x83, 0xEC, 0xFD, 0x27, 0x83, 0xEC, 0xFD, 0x03, 0x27, 0x82, 0xFC, 0x0A, 0x35, 0x98, 0xFC,
    0x3C, 0x9E, 0xF8, 0xFC, 0x39, 0xAE, 0xFB, 0xFC, 0x39, 0xAE, 0xFB, 0xFC, 0x28, 0x93, 0xF8, 0xFC,
    0x1D, 0x8A, 0xF9, 0xFB, 0x18, 0x8C, 0xFE, 0xFB, 0x18, 0x8C, 0xFE, 0xFB, 0x17, 0x92, 0xFF, 0xFA,
    0x11, 0x72, 0xE9, 0xF9, 0x01, 0x2E, 0x9C, 0xF7, 0x01, 0x2E, 0x9C, 0xF7, 0x0D, 0x55, 0xBF, 0xF3,
    0x17, 0x73, 0xE5, 0xF1, 0x0C, 0x59, 0xCD, 0xF2, 0x12, 0x63, 0xD0, 0xF2, 0x12, 0x63, 0xD0, 0xF2,
    0x06, 0x3D, 0x99, 0xFA, 0x03, 0x20, 0x67, 0xD4, 0x00, 0x04, 0x30, 0xB7, 0x00, 0x04, 0x30, 0xB7,
    0x21, 0x4C, 0x92, 0x64, 0x38, 0x8B, 0xD9, 0x0D, 0x2A, 0x7C, 0xCA, 0x09, 0x2F, 0x7E, 0xCA, 0x03,
    0x2F, 0x7E, 0xCA, 0x03, 0x33, 0x80, 0xCC, 0x04, 0x33, 0x7F, 0xCC, 0x04, 0x34, 0x80, 0xCC, 0x03,
    0x34, 0x80, 0xCC, 0x03, 0x35, 0x82, 0xCC, 0x03, 0x35, 0x83, 0xCC, 0x03, 0x35, 0x82, 0xCC, 0x03,
    0x35, 0x82, 0xCC, 0x03, 0x36, 0x83, 0xCC, 0x02, 0x37, 0x82, 0xCC, 0x02, 0x36, 0x82, 0xCB, 0x01,
    0x37, 0x83, 0xCC, 0x01, 0x37, 0x83, 0xCC, 0x01, 0x37, 0x82, 0xCB, 0x01, 0x00, 0x00, 0x00, 0x00,
    0x00, 0x00, 0x00, 0x00, 0x00, 0x00, 0x00, 0x00, 0x00, 0x00, 0x00, 0x00, 0x00, 0x00, 0x00, 0x00,
    0x00, 0x00, 0x00, 0x00, 0x00, 0x00, 0x00, 0x00, 0x00, 0x00, 0x00, 0x00, 0x00, 0x00, 0x00, 0x00,
    0x00, 0x00, 0x00, 0x00, 0x00, 0x00, 0x00, 0x00, 0x00, 0x00, 0x00, 0x00, 0x00, 0x00, 0x00, 0x00,
    0x00, 0x00, 0x00, 0x00, 0x00, 0x00, 0x00, 0x00, 0x00, 0x00, 0x00, 0x00, 0x00, 0x00, 0x00, 0x00,
    0x00, 0x00, 0x00, 0x00, 0x00, 0x00, 0x00, 0x00, 0x00, 0x00, 0x00, 0x00, 0x00, 0x00, 0x00, 0x00,
    0x00, 0x00, 0x00, 0x00, 0x42, 0x88, 0xCC, 0x01, 0x43, 0x89, 0xCC, 0x01, 0x45, 0x8A, 0xCD, 0x01,
    0x45, 0x8A, 0xCD, 0x01, 0x46, 0x8A, 0xCD, 0x01, 0x47, 0x8B, 0xCE, 0x02, 0x48, 0x8C, 0xCE, 0x02,
    0x48, 0x8C, 0xCE, 0x02, 0x48, 0x8D, 0xCF, 0x02, 0x4B, 0x8E, 0xD1, 0x01, 0x4A, 0x8F, 0xD3, 0x05,
    0x4A, 0x8F, 0xD3, 0x05, 0x44, 0x8E, 0xD3, 0x02, 0x50, 0x8A, 0xBF, 0x31, 0x0F, 0x18, 0x3B, 0xB0,
    0x3A, 0x7A, 0xC4, 0xFB, 0x3A, 0x7A, 0xC4, 0xFB, 0x67, 0xBF, 0xFE, 0xF8, 0x6F, 0xBE, 0xFD, 0xFA,
    0x69, 0xA1, 0xEC, 0xF8, 0x69, 0xA1, 0xEC, 0xF8, 0x2A, 0x4D, 0x9D, 0xFC, 0x49, 0x89, 0xCE, 0xFB,
    0x94, 0xD5, 0xFC, 0xFC, 0xBD, 0xE8, 0xFD, 0xFC, 0xBD, 0xE8, 0xFD, 0xFC, 0xCF, 0xED, 0xFB, 0xFC,
    0xD0, 0xF1, 0xFC, 0xFC, 0xB5, 0xE0, 0xFB, 0xFC, 0xB5, 0xE0, 0xFB, 0xFC, 0x9C, 0xD7, 0xFB, 0xFC,
    0x8D, 0xCD, 0xFB, 0xFC, 0x8A, 0xCE, 0xFC, 0xFC, 0x8A, 0xCE, 0xFC, 0xFC, 0x94, 0xD4, 0xFF, 0xFC,
    0x41, 0x6A, 0xAA, 0xFB, 0x1A, 0x2E, 0x63, 0xFC, 0x54, 0x71, 0xA1, 0xFC, 0x54, 0x71, 0xA1, 0xFC,
    0x88, 0xB6, 0xE4, 0xFB, 0x97, 0xC4, 0xEE, 0xFC, 0x9B, 0xBE, 0xE8, 0xFC, 0x9B, 0xBE, 0xE8, 0xFC,
    0x97, 0xBC, 0xE6, 0xFC, 0x94, 0xBE, 0xEA, 0xFC, 0x7D, 0xA8, 0xD1, 0xFC, 0x27, 0x47, 0x72, 0xFC,
    0x27, 0x47, 0x72, 0xFC, 0x4C, 0x6D, 0x9C, 0xFC, 0x9B, 0xD3, 0xFB, 0xFC, 0x88, 0xCB, 0xFB, 0xFC,
    0x88, 0xCB, 0xFB, 0xFC, 0x7A, 0xBE, 0xFA, 0xFD, 0x73, 0xC2, 0xFD, 0xFD, 0x5E, 0xB8, 0xFD, 0xFC,
    0x5E, 0xB8, 0xFD, 0xFC, 0x50, 0xB5, 0xFD, 0xFC, 0x58, 0xB4, 0xFB, 0xFD, 0x62, 0xBA, 0xFB, 0xFC,
    0x59, 0xB5, 0xF8, 0xFD, 0x59, 0xB5, 0xF8, 0xFD, 0x55, 0xB4, 0xFB, 0xFC, 0x44, 0xA2, 0xF9, 0xFC,
    0x08, 0x3D, 0x9E, 0xFC, 0x08, 0x3D, 0x9E, 0xFC, 0x06, 0x30, 0x8B, 0xFC, 0x49, 0x9B, 0xEF, 0xFC,
    0x48, 0xAD, 0xFC, 0xFC, 0x36, 0xA1, 0xFB, 0xFC, 0x36, 0xA1, 0xFB, 0xFC, 0x2E, 0x9D, 0xFB, 0xFC,
    0x25, 0x97, 0xFC, 0xFB, 0x1E, 0x98, 0xFF, 0xF9, 0x1E, 0x98, 0xFF, 0xF9, 0x20, 0x93, 0xFD, 0xF7,
    0x04, 0x42, 0xA4, 0xF7, 0x01, 0x22, 0x75, 0xF9, 0x01, 0x22, 0x75, 0xF9, 0x02, 0x1E, 0x6A, 0xF7,
    0x02, 0x1C, 0x64, 0xEC, 0x02, 0x14, 0x5D, 0xF3, 0x02, 0x16, 0x58, 0xC3, 0x02, 0x16, 0x58, 0xC3,
    0x0E, 0x33, 0x76, 0xB3, 0x3B, 0x83, 0xC1, 0x63, 0x35, 0x79, 0xBE, 0x15, 0x35, 0x79, 0xBE, 0x15,
    0x38, 0x83, 0xCE, 0x0B, 0x2D, 0x7A, 0xC8, 0x01, 0x2E, 0x7F, 0xCB, 0x05, 0x31, 0x7F, 0xCC, 0x03,
    0x31, 0x7F, 0xCC, 0x03, 0x32, 0x7F, 0xCC, 0x03, 0x34, 0x80, 0xCC, 0x03, 0x34, 0x80, 0xCB, 0x02,
    0x34, 0x80, 0xCB, 0x02, 0x35, 0x81, 0xCC, 0x02, 0x35, 0x82, 0xCC, 0x02, 0x35, 0x82, 0xCC, 0x02,
    0x35, 0x82, 0xCC, 0x02, 0x36, 0x83, 0xCC, 0x02, 0x36, 0x83, 0xCC, 0x02, 0x36, 0x83, 0xCC, 0x01,
    0x37, 0x82, 0xCB, 0x01, 0x37, 0x82, 0xCB, 0x01, 0x00, 0x00, 0x00, 0x00, 0x00, 0x00, 0x00, 0x00,
    0x00, 0x00, 0x00, 0x00, 0x00, 0x00, 0x00, 0x00, 0x00, 0x00, 0x00, 0x00, 0x00, 0x00, 0x00, 0x00,
    0x00, 0x00, 0x00, 0x00, 0x00, 0x00, 0x00, 0x00, 0x00, 0x00, 0x00, 0x00, 0x00, 0x00, 0x00, 0x00,
    0x00, 0x00, 0x00, 0x00, 0x00, 0x00, 0x00, 0x00, 0x00, 0x00, 0x00, 0x00, 0x00, 0x00, 0x00, 0x00,
    0x00, 0x00, 0x00, 0x00, 0x00, 0x00, 0x00, 0x00, 0x00, 0x00, 0x00, 0x00, 0x00, 0x00, 0x00, 0x00,
    0x00, 0x00, 0x00, 0x00, 0x00, 0x00, 0x00, 0x00, 0x00, 0x00, 0x00, 0x00, 0x00, 0x00, 0x00, 0x00,
    0x00, 0x00, 0x00, 0x00, 0x42, 0x88, 0xCC, 0x01, 0x43, 0x89, 0xCC, 0x01, 0x45, 0x8A, 0xCD, 0x01,
    0x45, 0x8A, 0xCD, 0x01, 0x46, 0x8A, 0xCD, 0x01, 0x47, 0x8B, 0xCE, 0x02, 0x48, 0x8C, 0xCE, 0x02,
    0x48, 0x8C, 0xCE, 0x02, 0x48, 0x8D, 0xCF, 0x02, 0x4B, 0x8E, 0xD1, 0x01, 0x4A, 0x8F, 0xD3, 0x05,
    0x4A, 0x8F, 0xD3, 0x05, 0x44, 0x8E, 0xD3, 0x02, 0x50, 0x8A, 0xBF, 0x31, 0x0F, 0x18, 0x3B, 0xB0,
    0x3A, 0x7A, 0xC4, 0xFB, 0x3A, 0x7A, 0xC4, 0xFB, 0x67, 0xBF, 0xFE, 0xF8, 0x6F, 0xBE, 0xFD, 0xFA,
    0x69, 0xA1, 0xEC, 0xF8, 0x69, 0xA1, 0xEC, 0xF8, 0x2A, 0x4D, 0x9D, 0xFC, 0x49, 0x89, 0xCE, 0xFB,
    0x94, 0xD5, 0xFC, 0xFC, 0xBD, 0xE8, 0xFD, 0xFC, 0xBD, 0xE8, 0xFD, 0xFC, 0xCF, 0xED, 0xFB, 0xFC,
    0xD0, 0xF1, 0xFC, 0xFC, 0xB5, 0xE0, 0xFB, 0xFC, 0xB5, 0xE0, 0xFB, 0xFC, 0x9C, 0xD7, 0xFB, 0xFC,
    0x8D, 0xCD, 0xFB, 0xFC, 0x8A, 0xCE, 0xFC, 0xFC, 0x8A, 0xCE, 0xFC, 0xFC, 0x94, 0xD4, 0xFF, 0xFC,
    0x41, 0x6A, 0xAA, 0xFB, 0x1A, 0x2E, 0x63, 0xFC, 0x54, 0x71, 0xA1, 0xFC, 0x54, 0x71, 0xA1, 0xFC,
    0x88, 0xB6, 0xE4, 0xFB, 0x97, 0xC4, 0xEE, 0xFC, 0x9B, 0xBE, 0xE8, 0xFC, 0x9B, 0xBE, 0xE8, 0xFC,
    0x97, 0xBC, 0xE6, 0xFC, 0x94, 0xBE, 0xEA, 0xFC, 0x7D, 0xA8, 0xD1, 0xFC, 0x27, 0x47, 0x72, 0xFC,
    0x27, 0x47, 0x72, 0xFC, 0x4C, 0x6D, 0x9C, 0xFC, 0x9B, 0xD3, 0xFB, 0xFC, 0x88, 0xCB, 0xFB, 0xFC,
    0x88, 0xCB, 0xFB, 0xFC, 0x7A, 0xBE, 0xFA, 0xFD, 0x73, 0xC2, 0xFD, 0xFD, 0x5E, 0xB8, 0xFD, 0xFC,
    0x5E, 0xB8, 0xFD, 0xFC, 0x50, 0xB5, 0xFD, 0xFC, 0x58, 0xB4, 0xFB, 0xFD, 0x62, 0xBA, 0xFB, 0xFC,
    0x59, 0xB5, 0xF8, 0xFD, 0x59, 0xB5, 0xF8, 0xFD, 0x55, 0xB4, 0xFB, 0xFC, 0x44, 0xA2, 0xF9, 0xFC,
    0x08, 0x3D, 0x9E, 0xFC, 0x08, 0x3D, 0x9E, 0xFC, 0x06, 0x30, 0x8B, 0xFC, 0x49, 0x9B, 0xEF, 0xFC,
    0x48, 0xAD, 0xFC, 0xFC, 0x36, 0xA1, 0xFB, 0xFC, 0x36, 0xA1, 0xFB, 0xFC, 0x2E, 0x9D, 0xFB, 0xFC,
    0x25, 0x97, 0xFC, 0xFB, 0x1E, 0x98, 0xFF, 0xF9, 0x1E, 0x98, 0xFF, 0xF9, 0x20, 0x93, 0xFD, 0xF7,
    0x04, 0x42, 0xA4, 0xF7, 0x01, 0x22, 0x75, 0xF9, 0x01, 0x22, 0x75, 0xF9, 0x02, 0x1E, 0x6A, 0xF7,
    0x02, 0x1C, 0x64, 0xEC, 0x02, 0x14, 0x5D, 0xF3, 0x02, 0x16, 0x58, 0xC3, 0x02, 0x16, 0x58, 0xC3,
    0x0E, 0x33, 0x76, 0xB3, 0x3B, 0x83, 0xC1, 0x63, 0x35, 0x79, 0xBE, 0x15, 0x35, 0x79, 0xBE, 0x15,
    0x38, 0x83, 0xCE, 0x0B, 0x2D, 0x7A, 0xC8, 0x01, 0x2E, 0x7F, 0xCB, 0x05, 0x31, 0x7F, 0xCC, 0x03,
    0x31, 0x7F, 0xCC, 0x03, 0x32, 0x7F, 0xCC, 0x03, 0x34, 0x80, 0xCC, 0x03, 0x34, 0x80, 0xCB, 0x02,
    0x34, 0x80, 0xCB, 0x02, 0x35, 0x81, 0xCC, 0x02, 0x35, 0x82, 0xCC, 0x02, 0x35, 0x82, 0xCC, 0x02,
    0x35, 0x82, 0xCC, 0x02, 0x36, 0x83, 0xCC, 0x02, 0x36, 0x83, 0xCC, 0x02, 0x36, 0x83, 0xCC, 0x01,
    0x37, 0x82, 0xCB, 0x01, 0x37, 0x82, 0xCB, 0x01, 0x00, 0x00, 0x00, 0x00, 0x00, 0x00, 0x00, 0x00,
    0x00, 0x00, 0x00, 0x00, 0x00, 0x00, 0x00, 0x00, 0x00, 0x00, 0x00, 0x00, 0x00, 0x00, 0x00, 0x00,
    0x00, 0x00, 0x00, 0x00, 0x00, 0x00, 0x00, 0x00, 0x00, 0x00, 0x00, 0x00, 0x00, 0x00, 0x00, 0x00,
    0x00, 0x00, 0x00, 0x00, 0x00, 0x00, 0x00, 0x00, 0x00, 0x00, 0x00, 0x00, 0x00, 0x00, 0x00, 0x00,
    0x00, 0x00, 0x00, 0x00, 0x00, 0x00, 0x00, 0x00, 0x00, 0x00, 0x00, 0x00, 0x00, 0x00, 0x00, 0x00,
    0x00, 0x00, 0x00, 0x00, 0x00, 0x00, 0x00, 0x00, 0x00, 0x00, 0x00, 0x00, 0x00, 0x00, 0x00, 0x00,
    0x00, 0x00, 0x00, 0x00, 0x42, 0x88, 0xCC, 0x01, 0x43, 0x89, 0xCD, 0x01, 0x45, 0x89, 0xCD, 0x01,
    0x45, 0x89, 0xCD, 0x01, 0x46, 0x8A, 0xCE, 0x01, 0x47, 0x8B, 0xCE, 0x02, 0x48, 0x8C, 0xCE, 0x02,
    0x48, 0x8C, 0xCE, 0x02, 0x49, 0x8D, 0xCF, 0x02, 0x4A, 0x8E, 0xD0, 0x01, 0x4C, 0x90, 0xD3, 0x03,
    0x4C, 0x90, 0xD3, 0x03, 0x47, 0x8F, 0xD3, 0x05, 0x44, 0x83, 0xBB, 0x0C, 0x1C, 0x25, 0x46, 0xAA,
    0x32, 0x54, 0x82, 0xF9, 0x32, 0x54, 0x82, 0xF9, 0x99, 0xE0, 0xFD, 0xF7, 0x7F, 0xB7, 0xF2, 0xF9,
    0x85, 0xB2, 0xEF, 0xF8, 0x85, 0xB2, 0xEF, 0xF8, 0x73, 0x9C, 0xD4, 0xFB, 0x31, 0x49, 0x7F, 0xFB,
    0x98, 0xBE, 0xDD, 0xFB, 0xD8, 0xF3, 0xFD, 0xFB, 0xD8, 0xF3, 0xFD, 0xFB, 0xD5, 0xE8, 0xF3, 0xFB,
    0xE1, 0xF0, 0xF8, 0xFB, 0xD9, 0xEB, 0xF8, 0xFB, 0xD9, 0xEB, 0xF8, 0xFB, 0xD2, 0xED, 0xFB, 0xFB,
    0xC1, 0xE2, 0xF8, 0xFC, 0xB3, 0xDB, 0xF6, 0xFC, 0xB3, 0xDB, 0xF6, 0xFC, 0xC3, 0xF1, 0xFF, 0xFC,
    0x60, 0x89, 0xB7, 0xFB, 0x1B, 0x2C, 0x57, 0xF9, 0x5E, 0x76, 0x9C, 0xF7, 0x5E, 0x76, 0x9C, 0xF7,
    0x85, 0xAA, 0xCE, 0xF9, 0x89, 0xB1, 0xD6, 0xF7, 0x89, 0xAA, 0xD2, 0xF8, 0x89, 0xAA, 0xD2, 0xF8,
    0x89, 0xAE, 0xD4, 0xF8, 0x7B, 0x9C, 0xC5, 0xF8, 0x58, 0x78, 0x9A, 0xFA, 0x19, 0x2D, 0x52, 0xFA,
    0x19, 0x2D, 0x52, 0xFA, 0x6E, 0x8E, 0xB2, 0xFB, 0xD5, 0xF3, 0xFD, 0xFD, 0xC2, 0xE4, 0xF7, 0xFC,
    0xC2, 0xE4, 0xF7, 0xFC, 0xC3, 0xE2, 0xF8, 0xFC, 0xC7, 0xEA, 0xFD, 0xFC, 0xA5, 0xDB, 0xFC, 0xFC,
    0xA5, 0xDB, 0xFC, 0xFC, 0x92, 0xCF, 0xFB, 0xFC, 0xB3, 0xE2, 0xFC, 0xFC, 0xC1, 0xE7, 0xFB, 0xFC,
    0xB0, 0xDD, 0xF9, 0xFC, 0xB0, 0xDD, 0xF9, 0xFC, 0xAF, 0xEA, 0xFC, 0xFC, 0x55, 0x94, 0xD8, 0xFC,
    0x00, 0x1D, 0x77, 0xFC, 0x00, 0x1D, 0x77, 0xFC, 0x50, 0x9D, 0xED, 0xFC, 0x61, 0xCB, 0xFE, 0xFC,
    0x48, 0xB2, 0xFD, 0xFB, 0x44, 0xB6, 0xFE, 0xFB, 0x44, 0xB6, 0xFE, 0xFB, 0x30, 0xA5, 0xFE, 0xFA,
    0x32, 0xB4, 0xFF, 0xFA, 0x20, 0x7C, 0xE2, 0xFB, 0x20, 0x7C, 0xE2, 0xFB, 0x09, 0x38, 0x8E, 0xFA,
    0x0D, 0x38, 0x7E, 0xF6, 0x24, 0x62, 0xA9, 0xC1, 0x24, 0x62, 0xA9, 0xC1, 0x22, 0x5A, 0xA2, 0xA2,
    0x29, 0x62, 0xA4, 0x74, 0x29, 0x5D, 0xA1, 0x7B, 0x29, 0x67, 0xA9, 0x4E, 0x29, 0x67, 0xA9, 0x4E,
    0x2C, 0x72, 0xB9, 0x2D, 0x31, 0x84, 0xCE, 0x14, 0x31, 0x82, 0xCD, 0x06, 0x31, 0x82, 0xCD, 0x06,
    0x30, 0x7E, 0xCC, 0x07, 0x32, 0x7F, 0xCC, 0x04, 0x31, 0x7E, 0xCC, 0x03, 0x31, 0x7F, 0xCC, 0x03,
    0x31, 0x7F, 0xCC, 0x03, 0x32, 0x80, 0xCC, 0x02, 0x34, 0x80, 0xCB, 0x02, 0x35, 0x81, 0xCC, 0x02,
    0x35, 0x81, 0xCC, 0x02, 0x35, 0x81, 0xCB, 0x02, 0x35, 0x81, 0xCB, 0x02, 0x36, 0x82, 0xCB, 0x02,
    0x36, 0x82, 0xCB, 0x02, 0x36, 0x81, 0xCB, 0x01, 0x37, 0x82, 0xCC, 0x02, 0x37, 0x82, 0xCB, 0x01,
    0x36, 0x81, 0xCA, 0x01, 0x36, 0x81, 0xCA, 0x01, 0x00, 0x00, 0x00, 0x00, 0x00, 0x00, 0x00, 0x00,
    0x00, 0x00, 0x00, 0x00, 0x00, 0x00, 0x00, 0x00, 0x00, 0x00, 0x00, 0x00, 0x00, 0x00, 0x00, 0x00,
    0x00, 0x00, 0x00, 0x00, 0x00, 0x00, 0x00, 0x00, 0x00, 0x00, 0x00, 0x00, 0x00, 0x00, 0x00, 0x00,
    0x00, 0x00, 0x00, 0x00, 0x00, 0x00, 0x00, 0x00, 0x00, 0x00, 0x00, 0x00, 0x00, 0x00, 0x00, 0x00,
    0x00, 0x00, 0x00, 0x00, 0x00, 0x00, 0x00, 0x00, 0x00, 0x00, 0x00, 0x00, 0x00, 0x00, 0x00, 0x00,
    0x00, 0x00, 0x00, 0x00, 0x00, 0x00, 0x00, 0x00, 0x00, 0x00, 0x00, 0x00, 0x00, 0x00, 0x00, 0x00,
    0x00, 0x00, 0x00, 0x00, 0x42, 0x88, 0xCC, 0x01, 0x43, 0x88, 0xCC, 0x01, 0x44, 0x88, 0xCC, 0x01,
    0x44, 0x88, 0xCC, 0x01, 0x45, 0x8A, 0xCD, 0x01, 0x46, 0x8A, 0xCE, 0x02, 0x47, 0x8B, 0xCE, 0x02,
    0x47, 0x8B, 0xCE, 0x02, 0x48, 0x8C, 0xCE, 0x02, 0x49, 0x8D, 0xCF, 0x01, 0x4A, 0x8D, 0xD1, 0x02,
    0x4A, 0x8D, 0xD1, 0x02, 0x47, 0x8F, 0xD3, 0x05, 0x40, 0x8A, 0xCE, 0x01, 0x49, 0x7C, 0xB5, 0x43,
    0x1C, 0x2E, 0x54, 0xBA, 0x1C, 0x2E, 0x54, 0xBA, 0x66, 0x81, 0x98, 0xF3, 0xA9, 0xCD, 0xE9, 0xFD,
    0xB5, 0xDB, 0xF8, 0xF7, 0xB5, 0xDB, 0xF8, 0xF7, 0xA7, 0xC3, 0xEA, 0xF9, 0x27, 0x29, 0x50, 0xF8,
    0x73, 0x8B, 0xA9, 0xFB, 0xE2, 0xFC, 0xFF, 0xFB, 0xE2, 0xFC, 0xFF, 0xFB, 0xD0, 0xEA, 0xF6, 0xFC,
    0xDA, 0xF0, 0xFB, 0xFB, 0xD6, 0xEC, 0xFB, 0xFC, 0xD6, 0xEC, 0xFB, 0xFC, 0xCD, 0xED, 0xFE, 0xFC,
    0xC4, 0xE5, 0xFC, 0xFB, 0xBC, 0xE0, 0xF7, 0xFB, 0xBC, 0xE0, 0xF7, 0xFB, 0xC4, 0xED, 0xFF, 0xF9,
    0x50, 0x6B, 0x8D, 0xF9, 0x0B, 0x11, 0x33, 0xFB, 0x22, 0x2D, 0x51, 0xFB, 0x22, 0x2D, 0x51, 0xFB,
    0x21, 0x2C, 0x4D, 0xFD, 0x24, 0x34, 0x4E, 0xFB, 0x20, 0x2A, 0x47, 0xFC, 0x20, 0x2A, 0x47, 0xFC,
    0x20, 0x30, 0x48, 0xFB, 0x16, 0x23, 0x3D, 0xFC, 0x1A, 0x21, 0x39, 0xFD, 0x08, 0x0D, 0x22, 0xFC,
    0x08, 0x0D, 0x22, 0xFC, 0x74, 0x8B, 0xA6, 0xFA, 0xDC, 0xF2, 0xFA, 0xFB, 0xCB, 0xE3, 0xF1, 0xFB,
    0xCB, 0xE3, 0xF1, 0xFB, 0xD2, 0xE7, 0xF2, 0xFC, 0xDC, 0xF2, 0xFB, 0xFC, 0x87, 0xB5, 0xDF, 0xFC,
    0x87, 0xB5, 0xDF, 0xFC, 0x71, 0xA6, 0xD7, 0xFC, 0xCB, 0xEA, 0xFA, 0xFC, 0xC5, 0xE1, 0xF0, 0xFD,
    0xC3, 0xE4, 0xF5, 0xFC, 0xC3, 0xE4, 0xF5, 0xFC, 0xAB, 0xD9, 0xF2, 0xFA, 0x25, 0x45, 0x76, 0xFA,
    0x0D, 0x24, 0x65, 0xF7, 0x0D, 0x24, 0x65, 0xF7, 0x63, 0xA6, 0xE4, 0xF9, 0x64, 0xBA, 0xFA, 0xF8,
    0x5B, 0xB9, 0xF9, 0xF8, 0x5A, 0xBF, 0xFD, 0xF8, 0x5A, 0xBF, 0xFD, 0xF8, 0x42, 0xA0, 0xF0, 0xFA,
    0x35, 0x90, 0xE1, 0xF4, 0x08, 0x37, 0x88, 0xE6, 0x08, 0x37, 0x88, 0xE6, 0x02, 0x13, 0x57, 0xCB,
    0x31, 0x6F, 0xB5, 0xA8, 0x3C, 0x97, 0xE4, 0x3B, 0x3C, 0x97, 0xE4, 0x3B, 0x32, 0x83, 0xD5, 0x13,
    0x37, 0x89, 0xD8, 0x04, 0x35, 0x86, 0xD3, 0x04, 0x36, 0x8B, 0xD5, 0x02, 0x36, 0x8B, 0xD5, 0x02,
    0x33, 0x83, 0xCF, 0x03, 0x33, 0x81, 0xCD, 0x01, 0x32, 0x81, 0xCB, 0x04, 0x32, 0x81, 0xCB, 0x04,
    0x32, 0x80, 0xCC, 0x02, 0x32, 0x7F, 0xCB, 0x02, 0x32, 0x7F, 0xCC, 0x02, 0x32, 0x80, 0xCC, 0x02,
    0x32, 0x80, 0xCC, 0x02, 0x32, 0x7F, 0xCB, 0x01, 0x34, 0x80, 0xCB, 0x02, 0x34, 0x80, 0xCB, 0x01,
    0x34, 0x80, 0xCB, 0x01, 0x34, 0x80, 0xCB, 0x01, 0x34, 0x81, 0xCB, 0x01, 0x35, 0x81, 0xCB, 0x01,
    0x35, 0x81, 0xCB, 0x01, 0x35, 0x81, 0xCB, 0x01, 0x35, 0x81, 0xCB, 0x01, 0x36, 0x81, 0xCB, 0x01,
    0x36, 0x81, 0xCB, 0x01, 0x36, 0x81, 0xCB, 0x01, 0x00, 0x00, 0x00, 0x00, 0x00, 0x00, 0x00, 0x00,
    0x00, 0x00, 0x00, 0x00, 0x00, 0x00, 0x00, 0x00, 0x00, 0x00, 0x00, 0x00, 0x00, 0x00, 0x00, 0x00,
    0x00, 0x00, 0x00, 0x00, 0x00, 0x00, 0x00, 0x00, 0x00, 0x00, 0x00, 0x00, 0x00, 0x00, 0x00, 0x00,
    0x00, 0x00, 0x00, 0x00, 0x00, 0x00, 0x00, 0x00, 0x00, 0x00, 0x00, 0x00, 0x00, 0x00, 0x00, 0x00,
    0x00, 0x00, 0x00, 0x00, 0x00, 0x00, 0x00, 0x00, 0x00, 0x00, 0x00, 0x00, 0x00, 0x00, 0x00, 0x00,
    0x00, 0x00, 0x00, 0x00, 0x00, 0x00, 0x00, 0x00, 0x00, 0x00, 0x00, 0x00, 0x00, 0x00, 0x00, 0x00,
    0x00, 0x00, 0x00, 0x00, 0x42, 0x87, 0xCB, 0x01, 0x43, 0x88, 0xCB, 0x01, 0x44, 0x88, 0xCD, 0x01,
    0x44, 0x88, 0xCD, 0x01, 0x45, 0x89, 0xCD, 0x01, 0x46, 0x89, 0xCE, 0x02, 0x47, 0x8A, 0xCE, 0x01,
    0x47, 0x8A, 0xCE, 0x01, 0x48, 0x8B, 0xCE, 0x02, 0x48, 0x8C, 0xCF, 0x02, 0x49, 0x8C, 0xCF, 0x02,
    0x49, 0x8C, 0xCF, 0x02, 0x4A, 0x8C, 0xD3, 0x03, 0x44, 0x88, 0xD1, 0x02, 0x48, 0x8F, 0xD6, 0x0E,
    0x41, 0x73, 0xA4, 0x43, 0x41, 0x73, 0xA4, 0x43, 0x05, 0x0C, 0x14, 0xBE, 0x23, 0x2A, 0x3E, 0xDB,
    0x40, 0x50, 0x6A, 0xF2, 0x40, 0x50, 0x6A, 0xF2, 0x3D, 0x46, 0x6C, 0xFE, 0x2B, 0x2F, 0x50, 0xFC,
    0x3C, 0x45, 0x63, 0xFA, 0xD8, 0xF3, 0xFF, 0xF6, 0xD8, 0xF3, 0xFF, 0xF6, 0xDB, 0xF8, 0xFF, 0xF8,
    0xDC, 0xF6, 0xFF, 0xF8, 0xCD, 0xE6, 0xFB, 0xF8, 0xCD, 0xE6, 0xFB, 0xF8, 0xC3, 0xE2, 0xFB, 0xF8,
    0xBE, 0xDB, 0xF8, 0xF8, 0xD0, 0xF0, 0xFD, 0xFA, 0xD0, 0xF0, 0xFD, 0xFA, 0xC6, 0xED, 0xFC, 0xFA,
    0x28, 0x3E, 0x5D, 0xF1, 0x1B, 0x2C, 0x56, 0xD9, 0x2B, 0x4A, 0x7C, 0xBE, 0x2B, 0x4A, 0x7C, 0xBE,
    0x28, 0x4B, 0x7F, 0x9B, 0x2F, 0x57, 0x87, 0x96, 0x31, 0x55, 0x89, 0x9B, 0x31, 0x55, 0x89, 0x9B,
    0x34, 0x5F, 0x93, 0x95, 0x32, 0x5E, 0x96, 0xAB, 0x3D, 0x6A, 0x9D, 0xBA, 0x18, 0x34, 0x5A, 0xDF,
    0x18, 0x34, 0x5A, 0xDF, 0x41, 0x52, 0x6B, 0xFC, 0xE6, 0xF5, 0xF9, 0xF9, 0xE7, 0xF7, 0xFA, 0xF9,
    0xE7, 0xF7, 0xFA, 0xF9, 0xE6, 0xF5, 0xFA, 0xF9, 0xE7, 0xF8, 0xFB, 0xF9, 0x6A, 0x8E, 0xB6, 0xF9,
    0x6A, 0x8E, 0xB6, 0xF9, 0x87, 0xAF, 0xDD, 0xF8, 0xE8, 0xF9, 0xFB, 0xF9, 0xDD, 0xF4, 0xFA, 0xF8,
    0xDD, 0xF5, 0xFA, 0xF9, 0xDD, 0xF5, 0xFA, 0xF9, 0x64, 0x8A, 0xA8, 0xFB, 0x03, 0x0A, 0x31, 0xFD,
    0x03, 0x0B, 0x32, 0xFD, 0x03, 0x0B, 0x32, 0xFD, 0x03, 0x0E, 0x34, 0xFD, 0x05, 0x14, 0x3C, 0xFC,
    0x09, 0x18, 0x3D, 0xFC, 0x0A, 0x1D, 0x45, 0xF6, 0x0A, 0x1D, 0x45, 0xF6, 0x03, 0x10, 0x3C, 0xF4,
    0x05, 0x1A, 0x4A, 0xDD, 0x32, 0x6C, 0xA5, 0x6E, 0x32, 0x6C, 0xA5, 0x6E, 0x36, 0x72, 0xB7, 0x24,
    0x3A, 0x80, 0xC9, 0x18, 0x33, 0x80, 0xCC, 0x08, 0x33, 0x80, 0xCC, 0x08, 0x32, 0x80, 0xCB, 0x02,
    0x34, 0x7F, 0xCB, 0x03, 0x34, 0x80, 0xCA, 0x04, 0x32, 0x81, 0xCC, 0x03, 0x32, 0x81, 0xCC, 0x03,
    0x32, 0x81, 0xCB, 0x02, 0x33, 0x80, 0xCC, 0x02, 0x33, 0x80, 0xCC, 0x02, 0x33, 0x80, 0xCC, 0x02,
    0x33, 0x80, 0xCC, 0x01, 0x33, 0x7F, 0xCB, 0x02, 0x32, 0x7F, 0xCC, 0x02, 0x32, 0x80, 0xCB, 0x01,
    0x32, 0x80, 0xCB, 0x01, 0x33, 0x80, 0xCB, 0x01, 0x34, 0x7F, 0xCA, 0x01, 0x34, 0x80, 0xCA, 0x01,
    0x34, 0x80, 0xCA, 0x01, 0x34, 0x80, 0xCA, 0x01, 0x34, 0x80, 0xCA, 0x01, 0x35, 0x80, 0xCA, 0x01,
    0x35, 0x80, 0xCA, 0x01, 0x35, 0x80, 0xCA, 0x01, 0x35, 0x80, 0xCA, 0x01, 0x36, 0x81, 0xCB, 0x01,
    0x36, 0x81, 0xCB, 0x01, 0x36, 0x81, 0xCB, 0x01, 0x00, 0x00, 0x00, 0x00, 0x00, 0x00, 0x00, 0x00,
    0x00, 0x00, 0x00, 0x00, 0x00, 0x00, 0x00, 0x00, 0x00, 0x00, 0x00, 0x00, 0x00, 0x00, 0x00, 0x00,
    0x00, 0x00, 0x00, 0x00, 0x00, 0x00, 0x00, 0x00, 0x00, 0x00, 0x00, 0x00, 0x00, 0x00, 0x00, 0x00,
    0x00, 0x00, 0x00, 0x00, 0x00, 0x00, 0x00, 0x00, 0x00, 0x00, 0x00, 0x00, 0x00, 0x00, 0x00, 0x00,
    0x00, 0x00, 0x00, 0x00, 0x00, 0x00, 0x00, 0x00, 0x00, 0x00, 0x00, 0x00, 0x00, 0x00, 0x00, 0x00,
    0x00, 0x00, 0x00, 0x00, 0x00, 0x00, 0x00, 0x00, 0x00, 0x00, 0x00, 0x00, 0x00, 0x00, 0x00, 0x00,
    0x00, 0x00, 0x00, 0x00, 0x42, 0x87, 0xCB, 0x01, 0x43, 0x88, 0xCB, 0x01, 0x44, 0x88, 0xCD, 0x01,
    0x44, 0x88, 0xCD, 0x01, 0x45, 0x89, 0xCD, 0x01, 0x46, 0x89, 0xCE, 0x02, 0x47, 0x8A, 0xCE, 0x01,
    0x47, 0x8A, 0xCE, 0x01, 0x48, 0x8B, 0xCE, 0x02, 0x48, 0x8C, 0xCF, 0x02, 0x49, 0x8C, 0xCF, 0x02,
    0x49, 0x8C, 0xCF, 0x02, 0x4A, 0x8C, 0xD3, 0x03, 0x44, 0x88, 0xD1, 0x02, 0x48, 0x8F, 0xD6, 0x0E,
    0x41, 0x73, 0xA4, 0x43, 0x41, 0x73, 0xA4, 0x43, 0x05, 0x0C, 0x14, 0xBE, 0x23, 0x2A, 0x3E, 0xDB,
    0x40, 0x50, 0x6A, 0xF2, 0x40, 0x50, 0x6A, 0xF2, 0x3D, 0x46, 0x6C, 0xFE, 0x2B, 0x2F, 0x50, 0xFC,
    0x3C, 0x45, 0x63, 0xFA, 0xD8, 0xF3, 0xFF, 0xF6, 0xD8, 0xF3, 0xFF, 0xF6, 0xDB, 0xF8, 0xFF, 0xF8,
    0xDC, 0xF6, 0xFF, 0xF8, 0xCD, 0xE6, 0xFB, 0xF8, 0xCD, 0xE6, 0xFB, 0xF8, 0xC3, 0xE2, 0xFB, 0xF8,
    0xBE, 0xDB, 0xF8, 0xF8, 0xD0, 0xF0, 0xFD, 0xFA, 0xD0, 0xF0, 0xFD, 0xFA, 0xC6, 0xED, 0xFC, 0xFA,
    0x28, 0x3E, 0x5D, 0xF1, 0x1B, 0x2C, 0x56, 0xD9, 0x2B, 0x4A, 0x7C, 0xBE, 0x2B, 0x4A, 0x7C, 0xBE,
    0x28, 0x4B, 0x7F, 0x9B, 0x2F, 0x57, 0x87, 0x96, 0x31, 0x55, 0x89, 0x9B, 0x31, 0x55, 0x89, 0x9B,
    0x34, 0x5F, 0x93, 0x95, 0x32, 0x5E, 0x96, 0xAB, 0x3D, 0x6A, 0x9D, 0xBA, 0x18, 0x34, 0x5A, 0xDF,
    0x18, 0x34, 0x5A, 0xDF, 0x41, 0x52, 0x6B, 0xFC, 0xE6, 0xF5, 0xF9, 0xF9, 0xE7, 0xF7, 0xFA, 0xF9,
    0xE7, 0xF7, 0xFA, 0xF9, 0xE6, 0xF5, 0xFA, 0xF9, 0xE7, 0xF8, 0xFB, 0xF9, 0x6A, 0x8E, 0xB6, 0xF9,
    0x6A, 0x8E, 0xB6, 0xF9, 0x87, 0xAF, 0xDD, 0xF8, 0xE8, 0xF9, 0xFB, 0xF9, 0xDD, 0xF4, 0xFA, 0xF8,
    0xDD, 0xF5, 0xFA, 0xF9, 0xDD, 0xF5, 0xFA, 0xF9, 0x64, 0x8A, 0xA8, 0xFB, 0x03, 0x0A, 0x31, 0xFD,
    0x03, 0x0B, 0x32, 0xFD, 0x03, 0x0B, 0x32, 0xFD, 0x03, 0x0E, 0x34, 0xFD, 0x05, 0x14, 0x3C, 0xFC,
    0x09, 0x18, 0x3D, 0xFC, 0x0A, 0x1D, 0x45, 0xF6, 0x0A, 0x1D, 0x45, 0xF6, 0x03, 0x10, 0x3C, 0xF4,
    0x05, 0x1A, 0x4A, 0xDD, 0x32, 0x6C, 0xA5, 0x6E, 0x32, 0x6C, 0xA5, 0x6E, 0x36, 0x72, 0xB7, 0x24,
    0x3A, 0x80, 0xC9, 0x18, 0x33, 0x80, 0xCC, 0x08, 0x33, 0x80, 0xCC, 0x08, 0x32, 0x80, 0xCB, 0x02,
    0x34, 0x7F, 0xCB, 0x03, 0x34, 0x80, 0xCA, 0x04, 0x32, 0x81, 0xCC, 0x03, 0x32, 0x81, 0xCC, 0x03,
    0x32, 0x81, 0xCB, 0x02, 0x33, 0x80, 0xCC, 0x02, 0x33, 0x80, 0xCC, 0x02, 0x33, 0x80, 0xCC, 0x02,
    0x33, 0x80, 0xCC, 0x01, 0x33, 0x7F, 0xCB, 0x02, 0x32, 0x7F, 0xCC, 0x02, 0x32, 0x80, 0xCB, 0x01,
    0x32, 0x80, 0xCB, 0x01, 0x33, 0x80, 0xCB, 0x01, 0x34, 0x7F, 0xCA, 0x01, 0x34, 0x80, 0xCA, 0x01,
    0x34, 0x80, 0xCA, 0x01, 0x34, 0x80, 0xCA, 0x01, 0x34, 0x80, 0xCA, 0x01, 0x35, 0x80, 0xCA, 0x01,
    0x35, 0x80, 0xCA, 0x01, 0x35, 0x80, 0xCA, 0x01, 0x35, 0x80, 0xCA, 0x01, 0x36, 0x81, 0xCB, 0x01,
    0x36, 0x81, 0xCB, 0x01, 0x36, 0x81, 0xCB, 0x01, 0x00, 0x00, 0x00, 0x00, 0x00, 0x00, 0x00, 0x00,
    0x00, 0x00, 0x00, 0x00, 0x00, 0x00, 0x00, 0x00, 0x00, 0x00, 0x00, 0x00, 0x00, 0x00, 0x00, 0x00,
    0x00, 0x00, 0x00, 0x00, 0x00, 0x00, 0x00, 0x00, 0x00, 0x00, 0x00, 0x00, 0x00, 0x00, 0x00, 0x00,
    0x00, 0x00, 0x00, 0x00, 0x00, 0x00, 0x00, 0x00, 0x00, 0x00, 0x00, 0x00, 0x00, 0x00, 0x00, 0x00,
    0x00, 0x00, 0x00, 0x00, 0x00, 0x00, 0x00, 0x00, 0x00, 0x00, 0x00, 0x00, 0x00, 0x00, 0x00, 0x00,
    0x00, 0x00, 0x00, 0x00, 0x00, 0x00, 0x00, 0x00, 0x00, 0x00, 0x00, 0x00, 0x00, 0x00, 0x00, 0x00,
    0x00, 0x00, 0x00, 0x00, 0x42, 0x87, 0xCC, 0x01, 0x44, 0x88, 0xCC, 0x01, 0x44, 0x88, 0xCD, 0x01,
    0x44, 0x88, 0xCD, 0x01, 0x45, 0x89, 0xCE, 0x01, 0x45, 0x89, 0xCE, 0x01, 0x46, 0x89, 0xCE, 0x01,
    0x46, 0x89, 0xCE, 0x01, 0x47, 0x8A, 0xCE, 0x02, 0x47, 0x8B, 0xCE, 0x01, 0x48, 0x8C, 0xCF, 0x02,
    0x48, 0x8C, 0xCF, 0x02, 0x49, 0x8C, 0xD0, 0x01, 0x4B, 0x8F, 0xD1, 0x02, 0x48, 0x8D, 0xD0, 0x02,
    0x4D, 0x91, 0xCF, 0x03, 0x4D, 0x91, 0xCF, 0x03, 0x39, 0x69, 0x97, 0x24, 0x30, 0x59, 0x84, 0x3C,
    0x2D, 0x56, 0x83, 0x79, 0x2D, 0x56, 0x83, 0x79, 0x22, 0x44, 0x77, 0x89, 0x5A, 0x8C, 0xB9, 0xBB,
    0x1A, 0x34, 0x55, 0xF3, 0x32, 0x47, 0x62, 0xF5, 0x32, 0x47, 0x62, 0xF5, 0x3E, 0x50, 0x68, 0xF8,
    0x3B, 0x4C, 0x5F, 0xF9, 0x2C, 0x36, 0x49, 0xF9, 0x2C, 0x36, 0x49, 0xF9, 0x24, 0x2F, 0x42, 0xF6,
    0x23, 0x2A, 0x41, 0xF5, 0x36, 0x4B, 0x60, 0xE7, 0x36, 0x4B, 0x60, 0xE7, 0x26, 0x42, 0x60, 0xE4,
    0x1C, 0x39, 0x63, 0x99, 0x4E, 0x87, 0xC0, 0x27, 0x4E, 0x92, 0xD3, 0x17, 0x4E, 0x92, 0xD3, 0x17,
    0x4B, 0x92, 0xD6, 0x01, 0x4F, 0x96, 0xDB, 0x01, 0x50, 0x96, 0xDC, 0x03, 0x50, 0x96, 0xDC, 0x03,
    0x4F, 0x96, 0xDD, 0x01, 0x49, 0x92, 0xD8, 0x0C, 0x4D, 0x97, 0xDB, 0x0B, 0x45, 0x7E, 0xB4, 0x6A,
    0x45, 0x7E, 0xB4, 0x6A, 0x0F, 0x22, 0x3E, 0xEF, 0x39, 0x44, 0x57, 0xEF, 0x3E, 0x4C, 0x5D, 0xF7,
    0x3E, 0x4C, 0x5D, 0xF7, 0x39, 0x43, 0x53, 0xF9, 0x30, 0x3C, 0x50, 0xFA, 0x11, 0x1A, 0x31, 0xFA,
    0x11, 0x1A, 0x31, 0xFA, 0x2A, 0x3A, 0x55, 0xFA, 0x46, 0x57, 0x6C, 0xFB, 0x44, 0x50, 0x61, 0xFB,
    0x37, 0x4A, 0x60, 0xFB, 0x37, 0x4A, 0x60, 0xFB, 0x0B, 0x26, 0x46, 0xEA, 0x33, 0x62, 0x94, 0xB2,
    0x33, 0x66, 0x9F, 0x98, 0x33, 0x66, 0x9F, 0x98, 0x2B, 0x56, 0x8A, 0x81, 0x29, 0x50, 0x83, 0x6A,
    0x23, 0x48, 0x7D, 0x63, 0x29, 0x53, 0x8A, 0x55, 0x29, 0x53, 0x8A, 0x55, 0x26, 0x55, 0x92, 0x51,
    0x2D, 0x64, 0xA4, 0x40, 0x43, 0x8D, 0xCF, 0x0D, 0x43, 0x8D, 0xCF, 0x0D, 0x00, 0x00, 0x00, 0x00,
    0x00, 0x00, 0x00, 0x00, 0x00, 0x00, 0x00, 0x00, 0x00, 0x00, 0x00, 0x00, 0x35, 0x82, 0xCC, 0x01,
    0x00, 0x00, 0x00, 0x00, 0x00, 0x00, 0x00, 0x00, 0x00, 0x00, 0x00, 0x00, 0x00, 0x00, 0x00, 0x00,
    0x00, 0x00, 0x00, 0x00, 0x33, 0x81, 0xCC, 0x01, 0x34, 0x81, 0xCD, 0x01, 0x34, 0x81, 0xCD, 0x01,
    0x34, 0x80, 0xCC, 0x01, 0x33, 0x80, 0xCC, 0x01, 0x33, 0x81, 0xCC, 0x01, 0x33, 0x80, 0xCB, 0x01,
    0x33, 0x80, 0xCB, 0x01, 0x33, 0x80, 0xCB, 0x01, 0x33, 0x80, 0xCB, 0x01, 0x33, 0x80, 0xCA, 0x01,
    0x33, 0x80, 0xCA, 0x01, 0x33, 0x7F, 0xCA, 0x01, 0x34, 0x80, 0xCA, 0x01, 0x35, 0x80, 0xCA, 0x01,
    0x35, 0x80, 0xCA, 0x01, 0x35, 0x80, 0xCA, 0x01, 0x36, 0x81, 0xCA, 0x01, 0x37, 0x82, 0xCB, 0x01,
    0x00, 0x00, 0x00, 0x00, 0x00, 0x00, 0x00, 0x00, 0x00, 0x00, 0x00, 0x00, 0x00, 0x00, 0x00, 0x00,
    0x00, 0x00, 0x00, 0x00, 0x00, 0x00, 0x00, 0x00, 0x00, 0x00, 0x00, 0x00, 0x00, 0x00, 0x00, 0x00,
    0x00, 0x00, 0x00, 0x00, 0x00, 0x00, 0x00, 0x00, 0x00, 0x00, 0x00, 0x00, 0x00, 0x00, 0x00, 0x00,
    0x00, 0x00, 0x00, 0x00, 0x00, 0x00, 0x00, 0x00, 0x00, 0x00, 0x00, 0x00, 0x00, 0x00, 0x00, 0x00,
    0x00, 0x00, 0x00, 0x00, 0x00, 0x00, 0x00, 0x00, 0x00, 0x00, 0x00, 0x00, 0x00, 0x00, 0x00, 0x00,
    0x00, 0x00, 0x00, 0x00, 0x00, 0x00, 0x00, 0x00, 0x00, 0x00, 0x00, 0x00, 0x00, 0x00, 0x00, 0x00,
    0x00, 0x00, 0x00, 0x00, 0x42, 0x87, 0xCD, 0x01, 0x00, 0x00, 0x00, 0x00, 0x43, 0x88, 0xCD, 0x01,
    0x43, 0x88, 0xCD, 0x01, 0x44, 0x88, 0xCD, 0x01, 0x44, 0x89, 0xCE, 0x01, 0x45, 0x89, 0xCE, 0x01,
    0x45, 0x89, 0xCE, 0x01, 0x46, 0x8A, 0xCF, 0x01, 0x46, 0x8B, 0xCF, 0x01, 0x47, 0x8C, 0xCF, 0x02,
    0x47, 0x8C, 0xCF, 0x02, 0x47, 0x8C, 0xD0, 0x01, 0x4A, 0x8D, 0xD1, 0x02, 0x4A, 0x90, 0xD2, 0x03,
    0x4B, 0x90, 0xD2, 0x04, 0x4B, 0x90, 0xD2, 0x04, 0x4B, 0x95, 0xD7, 0x01, 0x4C, 0x96, 0xDC, 0x01,
    0x4F, 0x9B, 0xDF, 0x0B, 0x4F, 0x9B, 0xDF, 0x0B, 0x49, 0x95, 0xD9, 0x01, 0x54, 0xA2, 0xE2, 0x24,
    0x43, 0x7E, 0xB9, 0x59, 0x2E, 0x56, 0x88, 0x63, 0x2E, 0x56, 0x88, 0x63, 0x26, 0x48, 0x74, 0x72,
    0x20, 0x41, 0x6C, 0x72, 0x1E, 0x3D, 0x68, 0x75, 0x1E, 0x3D, 0x68, 0x75, 0x21, 0x44, 0x6D, 0x6B,
    0x1B, 0x3B, 0x65, 0x64, 0x0C, 0x2E, 0x5B, 0x44, 0x0C, 0x2E, 0x5B, 0x44, 0x10, 0x31, 0x66, 0x41,
    0x46, 0x7D, 0xBA, 0x15, 0x00, 0x00, 0x00, 0x00, 0x46, 0x8C, 0xCF, 0x01, 0x46, 0x8C, 0xCF, 0x01,
    0x46, 0x8D, 0xD1, 0x01, 0x46, 0x8D, 0xD2, 0x01, 0x45, 0x8B, 0xD1, 0x02, 0x45, 0x8B, 0xD1, 0x02,
    0x00, 0x00, 0x00, 0x00, 0x44, 0x8A, 0xD1, 0x01, 0x00, 0x00, 0x00, 0x00, 0x4D, 0x92, 0xD0, 0x0F,
    0x4D, 0x92, 0xD0, 0x0F, 0x27, 0x4D, 0x7D, 0x66, 0x05, 0x17, 0x35, 0x82, 0x04, 0x12, 0x2D, 0x9A,
    0x04, 0x12, 0x2D, 0x9A, 0x03, 0x10, 0x2C, 0xA2, 0x04, 0x10, 0x2D, 0xA8, 0x09, 0x1B, 0x3B, 0xAE,
    0x09, 0x1B, 0x3B, 0xAE, 0x05, 0x15, 0x32, 0xB2, 0x01, 0x08, 0x1F, 0xB7, 0x01, 0x06, 0x19, 0xB4,
    0x00, 0x05, 0x1C, 0xAE, 0x00, 0x05, 0x1C, 0xAE, 0x17, 0x3F, 0x78, 0x71, 0x4B, 0x94, 0xD9, 0x0F,
    0x43, 0x90, 0xDC, 0x02, 0x43, 0x90, 0xDC, 0x02, 0x00, 0x00, 0x00, 0x00, 0x00, 0x00, 0x00, 0x00,
    0x00, 0x00, 0x00, 0x00, 0x00, 0x00, 0x00, 0x00, 0x00, 0x00, 0x00, 0x00, 0x00, 0x00, 0x00, 0x00,
    0x00, 0x00, 0x00, 0x00, 0x00, 0x00, 0x00, 0x00, 0x00, 0x00, 0x00, 0x00, 0x37, 0x83, 0xCE, 0x01,
    0x38, 0x82, 0xCD, 0x02, 0x38, 0x82, 0xCD, 0x01, 0x38, 0x82, 0xCD, 0x01, 0x00, 0x00, 0x00, 0x00,
    0x00, 0x00, 0x00, 0x00, 0x00, 0x00, 0x00, 0x00, 0x00, 0x00, 0x00, 0x00, 0x00, 0x00, 0x00, 0x00,
    0x00, 0x00, 0x00, 0x00, 0x00, 0x00, 0x00, 0x00, 0x00, 0x00, 0x00, 0x00, 0x00, 0x00, 0x00, 0x00,
    0x35, 0x80, 0xCC, 0x01, 0x34, 0x81, 0xCC, 0x01, 0x34, 0x81, 0xCC, 0x01, 0x34, 0x80, 0xCB, 0x01,
    0x34, 0x80, 0xCB, 0x01, 0x34, 0x80, 0xCB, 0x01, 0x34, 0x80, 0xCA, 0x01, 0x33, 0x7F, 0xCA, 0x01,
    0x33, 0x7F, 0xCA, 0x01, 0x34, 0x7F, 0xCA, 0x01, 0x34, 0x7F, 0xCA, 0x01, 0x35, 0x7F, 0xC9, 0x01,
    0x35, 0x7F, 0xC9, 0x01, 0x00, 0x00, 0x00, 0x00, 0x36, 0x81, 0xCA, 0x01, 0x00, 0x00, 0x00, 0x00,
    0x00, 0x00, 0x00, 0x00, 0x00, 0x00, 0x00, 0x00, 0x00, 0x00, 0x00, 0x00, 0x00, 0x00, 0x00, 0x00,
    0x00, 0x00, 0x00, 0x00, 0x00, 0x00, 0x00, 0x00, 0x00, 0x00, 0x00, 0x00, 0x00, 0x00, 0x00, 0x00,
    0x00, 0x00, 0x00, 0x00, 0x00, 0x00, 0x00, 0x00, 0x00, 0x00, 0x00, 0x00, 0x00, 0x00, 0x00, 0x00,
    0x00, 0x00, 0x00, 0x00, 0x00, 0x00, 0x00, 0x00, 0x00, 0x00, 0x00, 0x00, 0x00, 0x00, 0x00, 0x00,
    0x00, 0x00, 0x00, 0x00, 0x00, 0x00, 0x00, 0x00, 0x00, 0x00, 0x00, 0x00, 0x00, 0x00, 0x00, 0x00,
    0x00, 0x00, 0x00, 0x00, 0x00, 0x00, 0x00, 0x00, 0x00, 0x00, 0x00, 0x00, 0x00, 0x00, 0x00, 0x00,
    0x00, 0x00, 0x00, 0x00, 0x41, 0x87, 0xCC, 0x01, 0x42, 0x88, 0xCD, 0x01, 0x43, 0x88, 0xCD, 0x01,
    0x43, 0x88, 0xCD, 0x01, 0x43, 0x89, 0xCD, 0x01, 0x44, 0x8A, 0xCE, 0x01, 0x45, 0x8A, 0xCE, 0x01,
    0x45, 0x8A, 0xCE, 0x01, 0x45, 0x8B, 0xCF, 0x01, 0x46, 0x8C, 0xCF, 0x01, 0x46, 0x8C, 0xD0, 0x01,
    0x46, 0x8C, 0xD0, 0x01, 0x46, 0x8C, 0xD0, 0x01, 0x48, 0x8D, 0xD1, 0x01, 0x49, 0x8E, 0xD2, 0x01,
    0x4A, 0x90, 0xD3, 0x03, 0x4A, 0x90, 0xD3, 0x03, 0x49, 0x91, 0xD3, 0x04, 0x48, 0x92, 0xD4, 0x05,
    0x4A, 0x94, 0xD5, 0x05, 0x4A, 0x94, 0xD5, 0x05, 0x4B, 0x95, 0xD6, 0x06, 0x4E, 0x96, 0xD9, 0x01,
    0x00, 0x00, 0x00, 0x00, 0x00, 0x00, 0x00, 0x00, 0x00, 0x00, 0x00, 0x00, 0x00, 0x00, 0x00, 0x00,
    0x00, 0x00, 0x00, 0x00, 0x00, 0x00, 0x00, 0x00, 0x00, 0x00, 0x00, 0x00, 0x00, 0x00, 0x00, 0x00,
    0x00, 0x00, 0x00, 0x00, 0x00, 0x00, 0x00, 0x00, 0x00, 0x00, 0x00, 0x00, 0x00, 0x00, 0x00, 0x00,
    0x00, 0x00, 0x00, 0x00, 0x45, 0x8B, 0xD0, 0x02, 0x45, 0x8B, 0xD1, 0x01, 0x45, 0x8B, 0xD1, 0x01,
    0x00, 0x00, 0x00, 0x00, 0x00, 0x00, 0x00, 0x00, 0x00, 0x00, 0x00, 0x00, 0x00, 0x00, 0x00, 0x00,
    0x00, 0x00, 0x00, 0x00, 0x00, 0x00, 0x00, 0x00, 0x45, 0x8B, 0xD3, 0x01, 0x47, 0x8D, 0xD2, 0x01,
    0x47, 0x8D, 0xD2, 0x01, 0x00, 0x00, 0x00, 0x00, 0x00, 0x00, 0x00, 0x00, 0x55, 0x95, 0xD2, 0x01,
    0x55, 0x95, 0xD2, 0x01, 0x55, 0x95, 0xD5, 0x01, 0x58, 0x99, 0xD9, 0x02, 0x54, 0x97, 0xD8, 0x03,
    0x54, 0x97, 0xD8, 0x03, 0x54, 0x98, 0xD8, 0x04, 0x51, 0x93, 0xD6, 0x05, 0x50, 0x92, 0xD2, 0x04,
    0x4F, 0x91, 0xD1, 0x02, 0x4F, 0x91, 0xD1, 0x02, 0x4C, 0x93, 0xD6, 0x01, 0x41, 0x88, 0xD0, 0x02,
    0x3F, 0x88, 0xD2, 0x03, 0x3F, 0x88, 0xD2, 0x03, 0x3E, 0x86, 0xD1, 0x03, 0x3C, 0x86, 0xD1, 0x02,
    0x3A, 0x85, 0xD0, 0x03, 0x38, 0x85, 0xD1, 0x02, 0x38, 0x85, 0xD1, 0x02, 0x35, 0x83, 0xD0, 0x02,
    0x36, 0x84, 0xD1, 0x02, 0x38, 0x83, 0xD0, 0x01, 0x38, 0x83, 0xD0, 0x01, 0x00, 0x00, 0x00, 0x00,
    0x00, 0x00, 0x00, 0x00, 0x00, 0x00, 0x00, 0x00, 0x00, 0x00, 0x00, 0x00, 0x00, 0x00, 0x00, 0x00,
    0x00, 0x00, 0x00, 0x00, 0x00, 0x00, 0x00, 0x00, 0x00, 0x00, 0x00, 0x00, 0x00, 0x00, 0x00, 0x00,
    0x00, 0x00, 0x00, 0x00, 0x00, 0x00, 0x00, 0x00, 0x00, 0x00, 0x00, 0x00, 0x00, 0x00, 0x00, 0x00,
    0x00, 0x00, 0x00, 0x00, 0x00, 0x00, 0x00, 0x00, 0x00, 0x00, 0x00, 0x00, 0x00, 0x00, 0x00, 0x00,
    0x00, 0x00, 0x00, 0x00, 0x00, 0x00, 0x00, 0x00, 0x00, 0x00, 0x00, 0x00, 0x00, 0x00, 0x00, 0x00,
    0x00, 0x00, 0x00, 0x00, 0x00, 0x00, 0x00, 0x00, 0x00, 0x00, 0x00, 0x00, 0x00, 0x00, 0x00, 0x00,
    0x00, 0x00, 0x00, 0x00, 0x00, 0x00, 0x00, 0x00, 0x00, 0x00, 0x00, 0x00, 0x00, 0x00, 0x00, 0x00,
    0x00, 0x00, 0x00, 0x00, 0x00, 0x00, 0x00, 0x00, 0x00, 0x00, 0x00, 0x00, 0x00, 0x00, 0x00, 0x00,
    0x00, 0x00, 0x00, 0x00, 0x00, 0x00, 0x00, 0x00, 0x00, 0x00, 0x00, 0x00, 0x00, 0x00, 0x00, 0x00,
    0x00, 0x00, 0x00, 0x00, 0x00, 0x00, 0x00, 0x00, 0x00, 0x00, 0x00, 0x00, 0x00, 0x00, 0x00, 0x00,
    0x00, 0x00, 0x00, 0x00, 0x00, 0x00, 0x00, 0x00, 0x00, 0x00, 0x00, 0x00, 0x00, 0x00, 0x00, 0x00,
    0x00, 0x00, 0x00, 0x00, 0x00, 0x00, 0x00, 0x00, 0x00, 0x00, 0x00, 0x00, 0x00, 0x00, 0x00, 0x00,
    0x00, 0x00, 0x00, 0x00, 0x00, 0x00, 0x00, 0x00, 0x00, 0x00, 0x00, 0x00, 0x00, 0x00, 0x00, 0x00,
    0x00, 0x00, 0x00, 0x00, 0x00, 0x00, 0x00, 0x00, 0x00, 0x00, 0x00, 0x00, 0x42, 0x88, 0xCD, 0x01,
    0x42, 0x88, 0xCD, 0x01, 0x43, 0x89, 0xCE, 0x01, 0x44, 0x8A, 0xCD, 0x01, 0x45, 0x8A, 0xCE, 0x01,
    0x45, 0x8A, 0xCE, 0x01, 0x45, 0x8B, 0xD0, 0x01, 0x46, 0x8C, 0xD0, 0x01, 0x46, 0x8C, 0xD0, 0x01,
    0x46, 0x8C, 0xD0, 0x01, 0x46, 0x8C, 0xD1, 0x02, 0x47, 0x8D, 0xD1, 0x01, 0x48, 0x8E, 0xD2, 0x02,
    0x4A, 0x90, 0xD3, 0x02, 0x4A, 0x90, 0xD3, 0x02, 0x4B, 0x92, 0xD4, 0x02, 0x4C, 0x93, 0xD4, 0x02,
    0x4D, 0x93, 0xD3, 0x01, 0x4D, 0x93, 0xD3, 0x01, 0x4E, 0x94, 0xD5, 0x04, 0x50, 0x95, 0xD7, 0x03,
    0x51, 0x95, 0xD8, 0x07, 0x50, 0x96, 0xD9, 0x06, 0x50, 0x96, 0xD9, 0x06, 0x4F, 0x96, 0xD9, 0x06,
    0x50, 0x97, 0xDA, 0x05, 0x4D, 0x95, 0xD9, 0x06, 0x4D, 0x95, 0xD9, 0x06, 0x4B, 0x95, 0xD9, 0x05,
    0x48, 0x92, 0xD6, 0x05, 0x45, 0x90, 0xD5, 0x04, 0x45, 0x90, 0xD5, 0x04, 0x43, 0x8D, 0xD2, 0x04,
    0x43, 0x8C, 0xD1, 0x01, 0x00, 0x00, 0x00, 0x00, 0x00, 0x00, 0x00, 0x00, 0x00, 0x00, 0x00, 0x00,
    0x00, 0x00, 0x00, 0x00, 0x00, 0x00, 0x00, 0x00, 0x00, 0x00, 0x00, 0x00, 0x00, 0x00, 0x00, 0x00,
    0x00, 0x00, 0x00, 0x00, 0x00, 0x00, 0x00, 0x00, 0x00, 0x00, 0x00, 0x00, 0x45, 0x8B, 0xD3, 0x02,
    0x45, 0x8B, 0xD3, 0x02, 0x45, 0x8C, 0xD2, 0x03, 0x45, 0x8B, 0xD2, 0x03, 0x47, 0x8F, 0xD3, 0x02,
    0x47, 0x8F, 0xD3, 0x02, 0x47, 0x8E, 0xD3, 0x02, 0x49, 0x90, 0xD4, 0x02, 0x49, 0x90, 0xD4, 0x02,
    0x49, 0x90, 0xD4, 0x02, 0x4A, 0x91, 0xD5, 0x02, 0x48, 0x90, 0xD6, 0x02, 0x46, 0x8F, 0xD6, 0x03,
    0x43, 0x8E, 0xD6, 0x03, 0x43, 0x8E, 0xD6, 0x03, 0x40, 0x8B, 0xD4, 0x02, 0x41, 0x8A, 0xD3, 0x02,
    0x40, 0x89, 0xD2, 0x01, 0x40, 0x89, 0xD2, 0x01, 0x00, 0x00, 0x00, 0x00, 0x00, 0x00, 0x00, 0x00,
    0x00, 0x00, 0x00, 0x00, 0x00, 0x00, 0x00, 0x00, 0x00, 0x00, 0x00, 0x00, 0x00, 0x00, 0x00, 0x00,
    0x00, 0x00, 0x00, 0x00, 0x00, 0x00, 0x00, 0x00, 0x00, 0x00, 0x00, 0x00, 0x00, 0x00, 0x00, 0x00,
    0x00, 0x00, 0x00, 0x00, 0x00, 0x00, 0x00, 0x00, 0x00, 0x00, 0x00, 0x00, 0x00, 0x00, 0x00, 0x00,
    0x00, 0x00, 0x00, 0x00, 0x00, 0x00, 0x00, 0x00, 0x00, 0x00, 0x00, 0x00, 0x00, 0x00, 0x00, 0x00,
    0x00, 0x00, 0x00, 0x00, 0x00, 0x00, 0x00, 0x00, 0x00, 0x00, 0x00, 0x00, 0x00, 0x00, 0x00, 0x00,
    0x00, 0x00, 0x00, 0x00, 0x00, 0x00, 0x00, 0x00, 0x00, 0x00, 0x00, 0x00, 0x00, 0x00, 0x00, 0x00,
    0x00, 0x00, 0x00, 0x00, 0x00, 0x00, 0x00, 0x00, 0x00, 0x00, 0x00, 0x00, 0x00, 0x00, 0x00, 0x00,
    0x00, 0x00, 0x00, 0x00, 0x00, 0x00, 0x00, 0x00, 0x00, 0x00, 0x00, 0x00, 0x00, 0x00, 0x00, 0x00,
    0x00, 0x00, 0x00, 0x00, 0x00, 0x00, 0x00, 0x00, 0x00, 0x00, 0x00, 0x00, 0x00, 0x00, 0x00, 0x00,
    0x00, 0x00, 0x00, 0x00, 0x00, 0x00, 0x00, 0x00, 0x00, 0x00, 0x00, 0x00, 0x00, 0x00, 0x00, 0x00,
    0x00, 0x00, 0x00, 0x00, 0x00, 0x00, 0x00, 0x00, 0x00, 0x00, 0x00, 0x00, 0x00, 0x00, 0x00, 0x00,
    0x00, 0x00, 0x00, 0x00, 0x00, 0x00, 0x00, 0x00, 0x00, 0x00, 0x00, 0x00, 0x00, 0x00, 0x00, 0x00,
    0x00, 0x00, 0x00, 0x00, 0x00, 0x00, 0x00, 0x00, 0x00, 0x00, 0x00, 0x00, 0x00, 0x00, 0x00, 0x00,
    0x00, 0x00, 0x00, 0x00, 0x00, 0x00, 0x00, 0x00, 0x00, 0x00, 0x00, 0x00, 0x00, 0x00, 0x00, 0x00,
    0x00, 0x00, 0x00, 0x00, 0x00, 0x00, 0x00, 0x00, 0x00, 0x00, 0x00, 0x00, 0x00, 0x00, 0x00, 0x00,
    0x00, 0x00, 0x00, 0x00, 0x00, 0x00, 0x00, 0x00, 0x00, 0x00, 0x00, 0x00, 0x42, 0x88, 0xCD, 0x01,
    0x42, 0x88, 0xCD, 0x01, 0x43, 0x89, 0xCE, 0x01, 0x44, 0x8A, 0xCD, 0x01, 0x45, 0x8A, 0xCE, 0x01,
    0x45, 0x8A, 0xCE, 0x01, 0x45, 0x8B, 0xD0, 0x01, 0x46, 0x8C, 0xD0, 0x01, 0x46, 0x8C, 0xD0, 0x01,
    0x46, 0x8C, 0xD0, 0x01, 0x46, 0x8C, 0xD1, 0x02, 0x47, 0x8D, 0xD1, 0x01, 0x48, 0x8E, 0xD2, 0x02,
    0x4A, 0x90, 0xD3, 0x02, 0x4A, 0x90, 0xD3, 0x02, 0x4B, 0x92, 0xD4, 0x02, 0x4C, 0x93, 0xD4, 0x02,
    0x4D, 0x93, 0xD3, 0x01, 0x4D, 0x93, 0xD3, 0x01, 0x4E, 0x94, 0xD5, 0x04, 0x50, 0x95, 0xD7, 0x03,
    0x51, 0x95, 0xD8, 0x07, 0x50, 0x96, 0xD9, 0x06, 0x50, 0x96, 0xD9, 0x06, 0x4F, 0x96, 0xD9, 0x06,
    0x50, 0x97, 0xDA, 0x05, 0x4D, 0x95, 0xD9, 0x06, 0x4D, 0x95, 0xD9, 0x06, 0x4B, 0x95, 0xD9, 0x05,
    0x48, 0x92, 0xD6, 0x05, 0x45, 0x90, 0xD5, 0x04, 0x45, 0x90, 0xD5, 0x04, 0x43, 0x8D, 0xD2, 0x04,
    0x43, 0x8C, 0xD1, 0x01, 0x00, 0x00, 0x00, 0x00, 0x00, 0x00, 0x00, 0x00, 0x00, 0x00, 0x00, 0x00,
    0x00, 0x00, 0x00, 0x00, 0x00, 0x00, 0x00, 0x00, 0x00, 0x00, 0x00, 0x00, 0x00, 0x00, 0x00, 0x00,
    0x00, 0x00, 0x00, 0x00, 0x00, 0x00, 0x00, 0x00, 0x00, 0x00, 0x00, 0x00, 0x45, 0x8B, 0xD3, 0x02,
    0x45, 0x8B, 0xD3, 0x02, 0x45, 0x8C, 0xD2, 0x03, 0x45, 0x8B, 0xD2, 0x03, 0x47, 0x8F, 0xD3, 0x02,
    0x47, 0x8F, 0xD3, 0x02, 0x47, 0x8E, 0xD3, 0x02, 0x49, 0x90, 0xD4, 0x02, 0x49, 0x90, 0xD4, 0x02,
    0x49, 0x90, 0xD4, 0x02, 0x4A, 0x91, 0xD5, 0x02, 0x48, 0x90, 0xD6, 0x02, 0x46, 0x8F, 0xD6, 0x03,
    0x43, 0x8E, 0xD6, 0x03, 0x43, 0x8E, 0xD6, 0x03, 0x40, 0x8B, 0xD4, 0x02, 0x41, 0x8A, 0xD3, 0x02,
    0x40, 0x89, 0xD2, 0x01, 0x40, 0x89, 0xD2, 0x01, 0x00, 0x00, 0x00, 0x00, 0x00, 0x00, 0x00, 0x00,
    0x00, 0x00, 0x00, 0x00, 0x00, 0x00, 0x00, 0x00, 0x00, 0x00, 0x00, 0x00, 0x00, 0x00, 0x00, 0x00,
    0x00, 0x00, 0x00, 0x00, 0x00, 0x00, 0x00, 0x00, 0x00, 0x00, 0x00, 0x00, 0x00, 0x00, 0x00, 0x00,
    0x00, 0x00, 0x00, 0x00, 0x00, 0x00, 0x00, 0x00, 0x00, 0x00, 0x00, 0x00, 0x00, 0x00, 0x00, 0x00,
    0x00, 0x00, 0x00, 0x00, 0x00, 0x00, 0x00, 0x00, 0x00, 0x00, 0x00, 0x00, 0x00, 0x00, 0x00, 0x00,
    0x00, 0x00, 0x00, 0x00, 0x00, 0x00, 0x00, 0x00, 0x00, 0x00, 0x00, 0x00, 0x00, 0x00, 0x00, 0x00,
    0x00, 0x00, 0x00, 0x00, 0x00, 0x00, 0x00, 0x00, 0x00, 0x00, 0x00, 0x00, 0x00, 0x00, 0x00, 0x00,
    0x00, 0x00, 0x00, 0x00, 0x00, 0x00, 0x00, 0x00, 0x00, 0x00, 0x00, 0x00, 0x00, 0x00, 0x00, 0x00,
    0x00, 0x00, 0x00, 0x00, 0x00, 0x00, 0x00, 0x00, 0x00, 0x00, 0x00, 0x00, 0x00, 0x00, 0x00, 0x00,
    0x00, 0x00, 0x00, 0x00, 0x00, 0x00, 0x00, 0x00, 0x00, 0x00, 0x00, 0x00, 0x00, 0x00, 0x00, 0x00,
    0x00, 0x00, 0x00, 0x00, 0x00, 0x00, 0x00, 0x00, 0x00, 0x00, 0x00, 0x00, 0x00, 0x00, 0x00, 0x00,
    0x00, 0x00, 0x00, 0x00, 0x00, 0x00, 0x00, 0x00, 0x00, 0x00, 0x00, 0x00, 0x00, 0x00, 0x00, 0x00,
    0x00, 0x00, 0x00, 0x00, 0x00, 0x00, 0x00, 0x00, 0x00, 0x00, 0x00, 0x00, 0x00, 0x00, 0x00, 0x00,
    0x00, 0x00, 0x00, 0x00, 0x00, 0x00, 0x00, 0x00, 0x00, 0x00, 0x00, 0x00, 0x00, 0x00, 0x00, 0x00,
    0x00, 0x00, 0x00, 0x00, 0x00, 0x00, 0x00, 0x00, 0x00, 0x00, 0x00, 0x00, 0x00, 0x00, 0x00, 0x00,
    0x00, 0x00, 0x00, 0x00, 0x00, 0x00, 0x00, 0x00, 0x00, 0x00, 0x00, 0x00, 0x00, 0x00, 0x00, 0x00,
    0x00, 0x00, 0x00, 0x00, 0x00, 0x00, 0x00, 0x00, 0x00, 0x00, 0x00, 0x00, 0x42, 0x88, 0xCD, 0x01,
    0x42, 0x88, 0xCD, 0x01, 0x43, 0x89, 0xCD, 0x01, 0x44, 0x89, 0xCD, 0x01, 0x45, 0x8A, 0xCE, 0x01,
    0x45, 0x8A, 0xCE, 0x01, 0x45, 0x8B, 0xCF, 0x01, 0x46, 0x8B, 0xD0, 0x01, 0x46, 0x8B, 0xD0, 0x01,
    0x46, 0x8B, 0xD0, 0x01, 0x46, 0x8C, 0xD1, 0x01, 0x47, 0x8D, 0xD1, 0x02, 0x48, 0x8E, 0xD1, 0x02,
    0x48, 0x90, 0xD1, 0x02, 0x48, 0x90, 0xD1, 0x02, 0x49, 0x91, 0xD3, 0x02, 0x4B, 0x91, 0xD3, 0x02,
    0x4C, 0x92, 0xD3, 0x02, 0x4C, 0x92, 0xD3, 0x02, 0x4D, 0x93, 0xD5, 0x02, 0x4E, 0x94, 0xD6, 0x01,
    0x4F, 0x94, 0xD8, 0x02, 0x50, 0x94, 0xD9, 0x01, 0x50, 0x94, 0xD9, 0x01, 0x4F, 0x94, 0xD9, 0x01,
    0x4D, 0x93, 0xD8, 0x01, 0x4C, 0x93, 0xD8, 0x01, 0x4C, 0x93, 0xD8, 0x01, 0x4B, 0x92, 0xD9, 0x01,
    0x48, 0x8E, 0xD5, 0x01, 0x00, 0x00, 0x00, 0x00, 0x00, 0x00, 0x00, 0x00, 0x43, 0x8C, 0xD2, 0x01,
    0x00, 0x00, 0x00, 0x00, 0x00, 0x00, 0x00, 0x00, 0x00, 0x00, 0x00, 0x00, 0x00, 0x00, 0x00, 0x00,
    0x00, 0x00, 0x00, 0x00, 0x00, 0x00, 0x00, 0x00, 0x00, 0x00, 0x00, 0x00, 0x00, 0x00, 0x00, 0x00,
    0x00, 0x00, 0x00, 0x00, 0x00, 0x00, 0x00, 0x00, 0x00, 0x00, 0x00, 0x00, 0x00, 0x00, 0x00, 0x00,
    0x00, 0x00, 0x00, 0x00, 0x00, 0x00, 0x00, 0x00, 0x00, 0x00, 0x00, 0x00, 0x00, 0x00, 0x00, 0x00,
    0x00, 0x00, 0x00, 0x00, 0x4A, 0x8F, 0xD3, 0x01, 0x00, 0x00, 0x00, 0x00, 0x4B, 0x8F, 0xD5, 0x01,
    0x4B, 0x8F, 0xD5, 0x01, 0x4B, 0x8E, 0xD5, 0x01, 0x49, 0x8E, 0xD6, 0x01, 0x00, 0x00, 0x00, 0x00,
    0x44, 0x8C, 0xD5, 0x01, 0x44, 0x8C, 0xD5, 0x01, 0x00, 0x00, 0x00, 0x00, 0x00, 0x00, 0x00, 0x00,
    0x00, 0x00, 0x00, 0x00, 0x00, 0x00, 0x00, 0x00, 0x00, 0x00, 0x00, 0x00, 0x00, 0x00, 0x00, 0x00,
    0x00, 0x00, 0x00, 0x00, 0x00, 0x00, 0x00, 0x00, 0x00, 0x00, 0x00, 0x00, 0x00, 0x00, 0x00, 0x00,
    0x00, 0x00, 0x00, 0x00, 0x00, 0x00, 0x00, 0x00, 0x00, 0x00, 0x00, 0x00, 0x00, 0x00, 0x00, 0x00,
    0x00, 0x00, 0x00, 0x00, 0x00, 0x00, 0x00, 0x00, 0x00, 0x00, 0x00, 0x00, 0x00, 0x00, 0x00, 0x00,
    0x00, 0x00, 0x00, 0x00, 0x00, 0x00, 0x00, 0x00, 0x00, 0x00, 0x00, 0x00, 0x00, 0x00, 0x00, 0x00,
    0x00, 0x00, 0x00, 0x00, 0x00, 0x00, 0x00, 0x00, 0x00, 0x00, 0x00, 0x00, 0x00, 0x00, 0x00, 0x00,
    0x00, 0x00, 0x00, 0x00, 0x00, 0x00, 0x00, 0x00, 0x00, 0x00, 0x00, 0x00, 0x00, 0x00, 0x00, 0x00,
    0x00, 0x00, 0x00, 0x00, 0x00, 0x00, 0x00, 0x00, 0x00, 0x00, 0x00, 0x00, 0x00, 0x00, 0x00, 0x00,
    0x00, 0x00, 0x00, 0x00, 0x00, 0x00, 0x00, 0x00, 0x00, 0x00, 0x00, 0x00, 0x00, 0x00, 0x00, 0x00,
    0x00, 0x00, 0x00, 0x00, 0x00, 0x00, 0x00, 0x00, 0x00, 0x00, 0x00, 0x00, 0x00, 0x00, 0x00, 0x00,
    0x00, 0x00, 0x00, 0x00, 0x00, 0x00, 0x00, 0x00, 0x00, 0x00, 0x00, 0x00, 0x00, 0x00, 0x00, 0x00,
    0x00, 0x00, 0x00, 0x00, 0x00, 0x00, 0x00, 0x00, 0x00, 0x00, 0x00, 0x00, 0x00, 0x00, 0x00, 0x00,
    0x00, 0x00, 0x00, 0x00, 0x00, 0x00, 0x00, 0x00, 0x00, 0x00, 0x00, 0x00, 0x00, 0x00, 0x00, 0x00,
    0x00, 0x00, 0x00, 0x00, 0x00, 0x00, 0x00, 0x00, 0x00, 0x00, 0x00, 0x00, 0x00, 0x00, 0x00, 0x00,
    0x00, 0x00, 0x00, 0x00, 0x00, 0x00, 0x00, 0x00, 0x00, 0x00, 0x00, 0x00, 0x00, 0x00, 0x00, 0x00,
    0x00, 0x00, 0x00, 0x00, 0x00, 0x00, 0x00, 0x00, 0x00, 0x00, 0x00, 0x00, 0x00, 0x00, 0x00, 0x00,
    0x00, 0x00, 0x00, 0x00, 0x00, 0x00, 0x00, 0x00, 0x00, 0x00, 0x00, 0x00, 0x00, 0x00, 0x00, 0x00,
    0x00, 0x00, 0x00, 0x00, 0x00, 0x00, 0x00, 0x00, 0x00, 0x00, 0x00, 0x00, 0x00, 0x00, 0x00, 0x00,
    0x00, 0x00, 0x00, 0x00, 0x00, 0x00, 0x00, 0x00, 0x00, 0x00, 0x00, 0x00, 0x00, 0x00, 0x00, 0x00,
    0x00, 0x00, 0x00, 0x00, 0x00, 0x00, 0x00, 0x00, 0x00, 0x00, 0x00, 0x00, 0x00, 0x00, 0x00, 0x00,
    0x00, 0x00, 0x00, 0x00, 0x00, 0x00, 0x00, 0x00, 0x00, 0x00, 0x00, 0x00, 0x00, 0x00, 0x00, 0x00,
    0x00, 0x00, 0x00, 0x00, 0x00, 0x00, 0x00, 0x00, 0x00, 0x00, 0x00, 0x00, 0x00, 0x00, 0x00, 0x00,
    0x00, 0x00, 0x00, 0x00, 0x00, 0x00, 0x00, 0x00, 0x00, 0x00, 0x00, 0x00, 0x00, 0x00, 0x00, 0x00,
    0x00, 0x00, 0x00, 0x00, 0x00, 0x00, 0x00, 0x00, 0x00, 0x00, 0x00, 0x00, 0x00, 0x00, 0x00, 0x00,
    0x00, 0x00, 0x00, 0x00, 0x00, 0x00, 0x00, 0x00, 0x00, 0x00, 0x00, 0x00, 0x00, 0x00, 0x00, 0x00,
    0x00, 0x00, 0x00, 0x00, 0x00, 0x00, 0x00, 0x00, 0x00, 0x00, 0x00, 0x00, 0x00, 0x00, 0x00, 0x00,
    0x00, 0x00, 0x00, 0x00, 0x00, 0x00, 0x00, 0x00, 0x00, 0x00, 0x00, 0x00, 0x00, 0x00, 0x00, 0x00,
    0x00, 0x00, 0x00, 0x00, 0x00, 0x00, 0x00, 0x00, 0x00, 0x00, 0x00, 0x00, 0x00, 0x00, 0x00, 0x00,
    0x00, 0x00, 0x00, 0x00, 0x00, 0x00, 0x00, 0x00, 0x00, 0x00, 0x00, 0x00, 0x00, 0x00, 0x00, 0x00,
    0x00, 0x00, 0x00, 0x00, 0x00, 0x00, 0x00, 0x00, 0x00, 0x00, 0x00, 0x00, 0x00, 0x00, 0x00, 0x00,
    0x00, 0x00, 0x00, 0x00, 0x00, 0x00, 0x00, 0x00, 0x00, 0x00, 0x00, 0x00, 0x00, 0x00, 0x00, 0x00,
    0x00, 0x00, 0x00, 0x00, 0x00, 0x00, 0x00, 0x00, 0x00, 0x00, 0x00, 0x00, 0x00, 0x00, 0x00, 0x00,
    0x00, 0x00, 0x00, 0x00, 0x00, 0x00, 0x00, 0x00, 0x00, 0x00, 0x00, 0x00, 0x00, 0x00, 0x00, 0x00,
    0x00, 0x00, 0x00, 0x00, 0x00, 0x00, 0x00, 0x00, 0x00, 0x00, 0x00, 0x00, 0x00, 0x00, 0x00, 0x00,
    0x00, 0x00, 0x00, 0x00, 0x00, 0x00, 0x00, 0x00, 0x00, 0x00, 0x00, 0x00, 0x00, 0x00, 0x00, 0x00,
    0x00, 0x00, 0x00, 0x00, 0x00, 0x00, 0x00, 0x00, 0x00, 0x00, 0x00, 0x00, 0x00, 0x00, 0x00, 0x00,
    0x00, 0x00, 0x00, 0x00, 0x00, 0x00, 0x00, 0x00, 0x00, 0x00, 0x00, 0x00, 0x00, 0x00, 0x00, 0x00,
    0x00, 0x00, 0x00, 0x00, 0x00, 0x00, 0x00, 0x00, 0x00, 0x00, 0x00, 0x00, 0x00, 0x00, 0x00, 0x00,
    0x00, 0x00, 0x00, 0x00, 0x00, 0x00, 0x00, 0x00, 0x00, 0x00, 0x00, 0x00, 0x00, 0x00, 0x00, 0x00,
    0x00, 0x00, 0x00, 0x00, 0x00, 0x00, 0x00, 0x00, 0x00, 0x00, 0x00, 0x00, 0x00, 0x00, 0x00, 0x00,
    0x00, 0x00, 0x00, 0x00, 0x00, 0x00, 0x00, 0x00, 0x00, 0x00, 0x00, 0x00, 0x00, 0x00, 0x00, 0x00,
    0x00, 0x00, 0x00, 0x00, 0x00, 0x00, 0x00, 0x00, 0x00, 0x00, 0x00, 0x00, 0x00, 0x00, 0x00, 0x00,
    0x00, 0x00, 0x00, 0x00, 0x00, 0x00, 0x00, 0x00, 0x00, 0x00, 0x00, 0x00, 0x00, 0x00, 0x00, 0x00,
    0x00, 0x00, 0x00, 0x00, 0x00, 0x00, 0x00, 0x00, 0x00, 0x00, 0x00, 0x00, 0x00, 0x00, 0x00, 0x00,
    0x00, 0x00, 0x00, 0x00, 0x00, 0x00, 0x00, 0x00, 0x00, 0x00, 0x00, 0x00, 0x00, 0x00, 0x00, 0x00,
    0x00, 0x00, 0x00, 0x00, 0x00, 0x00, 0x00, 0x00, 0x00, 0x00, 0x00, 0x00, 0x00, 0x00, 0x00, 0x00,
    0x00, 0x00, 0x00, 0x00, 0x00, 0x00, 0x00, 0x00, 0x00, 0x00, 0x00, 0x00, 0x00, 0x00, 0x00, 0x00,
    0x00, 0x00, 0x00, 0x00, 0x00, 0x00, 0x00, 0x00, 0x00, 0x00, 0x00, 0x00, 0x00, 0x00, 0x00, 0x00,
    0x00, 0x00, 0x00, 0x00, 0x00, 0x00, 0x00, 0x00, 0x00, 0x00, 0x00, 0x00, 0x00, 0x00, 0x00, 0x00,
    0x00, 0x00, 0x00, 0x00, 0x00, 0x00, 0x00, 0x00, 0x00, 0x00, 0x00, 0x00, 0x00, 0x00, 0x00, 0x00,
    0x00, 0x00, 0x00, 0x00, 0x00, 0x00, 0x00, 0x00, 0x00, 0x00, 0x00, 0x00, 0x00, 0x00, 0x00, 0x00,
    0x00, 0x00, 0x00, 0x00, 0x00, 0x00, 0x00, 0x00, 0x00, 0x00, 0x00, 0x00, 0x00, 0x00, 0x00, 0x00,
    0x00, 0x00, 0x00, 0x00, 0x00, 0x00, 0x00, 0x00, 0x00, 0x00, 0x00, 0x00, 0x00, 0x00, 0x00, 0x00,
    0x00, 0x00, 0x00, 0x00, 0x00, 0x00, 0x00, 0x00, 0x00, 0x00, 0x00, 0x00, 0x00, 0x00, 0x00, 0x00,
    0x00, 0x00, 0x00, 0x00, 0x00, 0x00, 0x00, 0x00, 0x00, 0x00, 0x00, 0x00, 0x00, 0x00, 0x00, 0x00,
    0x00, 0x00, 0x00, 0x00, 0x00, 0x00, 0x00, 0x00, 0x00, 0x00, 0x00, 0x00, 0x00, 0x00, 0x00, 0x00,
    0x00, 0x00, 0x00, 0x00, 0x00, 0x00, 0x00, 0x00, 0x00, 0x00, 0x00, 0x00, 0x00, 0x00, 0x00, 0x00,
    0x00, 0x00, 0x00, 0x00, 0x00, 0x00, 0x00, 0x00, 0x00, 0x00, 0x00, 0x00, 0x00, 0x00, 0x00, 0x00,
    0x00, 0x00, 0x00, 0x00, 0x00, 0x00, 0x00, 0x00, 0x00, 0x00, 0x00, 0x00, 0x00, 0x00, 0x00, 0x00,
    0x00, 0x00, 0x00, 0x00, 0x00, 0x00, 0x00, 0x00, 0x00, 0x00, 0x00, 0x00, 0x00, 0x00, 0x00, 0x00,
    0x00, 0x00, 0x00, 0x00, 0x00, 0x00, 0x00, 0x00, 0x00, 0x00, 0x00, 0x00, 0x00, 0x00, 0x00, 0x00,
    0x00, 0x00, 0x00, 0x00, 0x00, 0x00, 0x00, 0x00, 0x00, 0x00, 0x00, 0x00, 0x00, 0x00, 0x00, 0x00,
    0x00, 0x00, 0x00, 0x00, 0x00, 0x00, 0x00, 0x00, 0x00, 0x00, 0x00, 0x00, 0x00, 0x00, 0x00, 0x00,
    0x00, 0x00, 0x00, 0x00, 0x00, 0x00, 0x00, 0x00, 0x00, 0x00, 0x00, 0x00, 0x00, 0x00, 0x00, 0x00,
    0x00, 0x00, 0x00, 0x00, 0x00, 0x00, 0x00, 0x00, 0x00, 0x00, 0x00, 0x00, 0x00, 0x00, 0x00, 0x00,
    0x00, 0x00, 0x00, 0x00, 0x00, 0x00, 0x00, 0x00, 0x00, 0x00, 0x00, 0x00, 0x00, 0x00, 0x00, 0x00,
    0x00, 0x00, 0x00, 0x00, 0x00, 0x00, 0x00, 0x00, 0x00, 0x00, 0x00, 0x00, 0x00, 0x00, 0x00, 0x00,
    0x00, 0x00, 0x00, 0x00, 0x00, 0x00, 0x00, 0x00, 0x00, 0x00, 0x00, 0x00, 0x00, 0x00, 0x00, 0x00,
    0x00, 0x00, 0x00, 0x00, 0x00, 0x00, 0x00, 0x00, 0x00, 0x00, 0x00, 0x00, 0x00, 0x00, 0x00, 0x00,
    0x00, 0x00, 0x00, 0x00, 0x00, 0x00, 0x00, 0x00, 0x00, 0x00, 0x00, 0x00, 0x00, 0x00, 0x00, 0x00,
    0x00, 0x00, 0x00, 0x00, 0x00, 0x00, 0x00, 0x00, 0x00, 0x00, 0x00, 0x00, 0x00, 0x00, 0x00, 0x00,
    0x00, 0x00, 0x00, 0x00, 0x00, 0x00, 0x00, 0x00, 0x00, 0x00, 0x00, 0x00, 0x00, 0x00, 0x00, 0x00,
    0x00, 0x00, 0x00, 0x00, 0x00, 0x00, 0x00, 0x00, 0x00, 0x00, 0x00, 0x00, 0x00, 0x00, 0x00, 0x00,
    0x00, 0x00, 0x00, 0x00, 0x00, 0x00, 0x00, 0x00, 0x00, 0x00, 0x00, 0x00, 0x00, 0x00, 0x00, 0x00,
    0x00, 0x00, 0x00, 0x00, 0x00, 0x00, 0x00, 0x00, 0x00, 0x00, 0x00, 0x00, 0x00, 0x00, 0x00, 0x00,
    0x00, 0x00, 0x00, 0x00, 0x00, 0x00, 0x00, 0x00, 0x00, 0x00, 0x00, 0x00, 0x00, 0x00, 0x00, 0x00,
    0x00, 0x00, 0x00, 0x00, 0x00, 0x00, 0x00, 0x00, 0x00, 0x00, 0x00, 0x00, 0x00, 0x00, 0x00, 0x00,
    0x00, 0x00, 0x00, 0x00, 0x00, 0x00, 0x00, 0x00, 0x00, 0x00, 0x00, 0x00, 0x00, 0x00, 0x00, 0x00,
    0x00, 0x00, 0x00, 0x00, 0x00, 0x00, 0x00, 0x00, 0x00, 0x00, 0x00, 0x00, 0x00, 0x00, 0x00, 0x00,
    0x00, 0x00, 0x00, 0x00, 0x00, 0x00, 0x00, 0x00, 0x00, 0x00, 0x00, 0x00, 0x00, 0x00, 0x00, 0x00,
    0x00, 0x00, 0x00, 0x00, 0x00, 0x00, 0x00, 0x00, 0x00, 0x00, 0x00, 0x00, 0x00, 0x00, 0x00, 0x00,
    0x00, 0x00, 0x00, 0x00, 0x00, 0x00, 0x00, 0x00, 0x00, 0x00, 0x00, 0x00, 0x00, 0x00, 0x00, 0x00,
    0x00, 0x00, 0x00, 0x00, 0x00, 0x00, 0x00, 0x00, 0x00, 0x00, 0x00, 0x00, 0x00, 0x00, 0x00, 0x00,
    0x00, 0x00, 0x00, 0x00, 0x00, 0x00, 0x00, 0x00, 0x00, 0x00, 0x00, 0x00, 0x00, 0x00, 0x00, 0x00,
    0x00, 0x00, 0x00, 0x00, 0x00, 0x00, 0x00, 0x00, 0x00, 0x00, 0x00, 0x00, 0x00, 0x00, 0x00, 0x00,
    0x00, 0x00, 0x00, 0x00, 0x00, 0x00, 0x00, 0x00, 0x00, 0x00, 0x00, 0x00, 0x00, 0x00, 0x00, 0x00,
    0x00, 0x00, 0x00, 0x00, 0x00, 0x00, 0x00, 0x00, 0x00, 0x00, 0x00, 0x00, 0x00, 0x00, 0x00, 0x00,
    0x00, 0x00, 0x00, 0x00, 0x00, 0x00, 0x00, 0x00, 0x00, 0x00, 0x00, 0x00, 0x00, 0x00, 0x00, 0x00,
    0x00, 0x00, 0x00, 0x00, 0x00, 0x00, 0x00, 0x00, 0x00, 0x00, 0x00, 0x00, 0x00, 0x00, 0x00, 0x00,
    0x00, 0x00, 0x00, 0x00, 0x00, 0x00, 0x00, 0x00, 0x00, 0x00, 0x00, 0x00, 0x00, 0x00, 0x00, 0x00,
    0x00, 0x00, 0x00, 0x00, 0x00, 0x00, 0x00, 0x00, 0x00, 0x00, 0x00, 0x00, 0x00, 0x00, 0x00, 0x00,
    0x00, 0x00, 0x00, 0x00, 0x00, 0x00, 0x00, 0x00, 0x00, 0x00, 0x00, 0x00, 0x00, 0x00, 0x00, 0x00,
    0x00, 0x00, 0x00, 0x00, 0x00, 0x00, 0x00, 0x00, 0x00, 0x00, 0x00, 0x00, 0x00, 0x00, 0x00, 0x00,
    0x00, 0x00, 0x00, 0x00, 0x00, 0x00, 0x00, 0x00, 0x00, 0x00, 0x00, 0x00, 0x00, 0x00, 0x00, 0x00,
    0x00, 0x00, 0x00, 0x00, 0x00, 0x00, 0x00, 0x00, 0x00, 0x00, 0x00, 0x00, 0x00, 0x00, 0x00, 0x00,
    0x00, 0x00, 0x00, 0x00, 0x00, 0x00, 0x00, 0x00, 0x00, 0x00, 0x00, 0x00, 0x00, 0x00, 0x00, 0x00,
    0x00, 0x00, 0x00, 0x00, 0x00, 0x00, 0x00, 0x00, 0x00, 0x00, 0x00, 0x00, 0x00, 0x00, 0x00, 0x00,
    0x00, 0x00, 0x00, 0x00, 0x00, 0x00, 0x00, 0x00, 0x00, 0x00, 0x00, 0x00, 0x00, 0x00, 0x00, 0x00,
    0x00, 0x00, 0x00, 0x00, 0x00, 0x00, 0x00, 0x00, 0x00, 0x00, 0x00, 0x00, 0x00, 0x00, 0x00, 0x00,
    0x00, 0x00, 0x00, 0x00, 0x00, 0x00, 0x00, 0x00, 0x00, 0x00, 0x00, 0x00, 0x00, 0x00, 0x00, 0x00,
    0x00, 0x00, 0x00, 0x00, 0x00, 0x00, 0x00, 0x00, 0x00, 0x00, 0x00, 0x00, 0x00, 0x00, 0x00, 0x00,
    0x00, 0x00, 0x00, 0x00, 0x00, 0x00, 0x00, 0x00, 0x00, 0x00, 0x00, 0x00, 0x00, 0x00, 0x00, 0x00,
    0x00, 0x00, 0x00, 0x00, 0x00, 0x00, 0x00, 0x00, 0x00, 0x00, 0x00, 0x00, 0x00, 0x00, 0x00, 0x00,
    0x00, 0x00, 0x00, 0x00, 0x00, 0x00, 0x00, 0x00, 0x00, 0x00, 0x00, 0x00, 0x00, 0x00, 0x00, 0x00,
    0x00, 0x00, 0x00, 0x00, 0x00, 0x00, 0x00, 0x00, 0x00, 0x00, 0x00, 0x00, 0x00, 0x00, 0x00, 0x00,
    0x00, 0x00, 0x00, 0x00, 0x00, 0x00, 0x00, 0x00, 0x00, 0x00, 0x00, 0x00, 0x00, 0x00, 0x00, 0x00,
    0x00, 0x00, 0x00, 0x00, 0x00, 0x00, 0x00, 0x00, 0x00, 0x00, 0x00, 0x00, 0x00, 0x00, 0x00, 0x00,
    0x00, 0x00, 0x00, 0x00, 0x00, 0x00, 0x00, 0x00, 0x00, 0x00, 0x00, 0x00, 0x00, 0x00, 0x00, 0x00,
    0x00, 0x00, 0x00, 0x00, 0x00, 0x00, 0x00, 0x00, 0x00, 0x00, 0x00, 0x00, 0x00, 0x00, 0x00, 0x00,
    0x00, 0x00, 0x00, 0x00, 0x00, 0x00, 0x00, 0x00, 0x00, 0x00, 0x00, 0x00, 0x00, 0x00, 0x00, 0x00,
    0x00, 0x00, 0x00, 0x00, 0x00, 0x00, 0x00, 0x00, 0x00, 0x00, 0x00, 0x00, 0x00, 0x00, 0x00, 0x00,
    0x00, 0x00, 0x00, 0x00, 0x00, 0x00, 0x00, 0x00, 0x00, 0x00, 0x00, 0x00, 0x00, 0x00, 0x00, 0x00,
    0x00, 0x00, 0x00, 0x00, 0x00, 0x00, 0x00, 0x00, 0x00, 0x00, 0x00, 0x00, 0x00, 0x00, 0x00, 0x00,
    0x00, 0x00, 0x00, 0x00, 0x00, 0x00, 0x00, 0x00, 0x00, 0x00, 0x00, 0x00, 0x00, 0x00, 0x00, 0x00,
    0x00, 0x00, 0x00, 0x00, 0x00, 0x00, 0x00, 0x00, 0x00, 0x00, 0x00, 0x00, 0x00, 0x00, 0x00, 0x00,
    0x00, 0x00, 0x00, 0x00, 0x00, 0x00, 0x00, 0x00, 0x00, 0x00, 0x00, 0x00, 0x00, 0x00, 0x00, 0x00,
    0x00, 0x00, 0x00, 0x00, 0x00, 0x00, 0x00, 0x00, 0x00, 0x00, 0x00, 0x00, 0x00, 0x00, 0x00, 0x00,
    0x00, 0x00, 0x00, 0x00, 0x00, 0x00, 0x00, 0x00, 0x00, 0x00, 0x00, 0x00, 0x00, 0x00, 0x00, 0x00,
    0x00, 0x00, 0x00, 0x00, 0x00, 0x00, 0x00, 0x00, 0x00, 0x00, 0x00, 0x00, 0x00, 0x00, 0x00, 0x00,
    0x00, 0x00, 0x00, 0x00, 0x00, 0x00, 0x00, 0x00, 0x00, 0x00, 0x00, 0x00, 0x00, 0x00, 0x00, 0x00,
    0x00, 0x00, 0x00, 0x00, 0x00, 0x00, 0x00, 0x00, 0x00, 0x00, 0x00, 0x00, 0x00, 0x00, 0x00, 0x00,
    0x00, 0x00, 0x00, 0x00, 0x00, 0x00, 0x00, 0x00, 0x00, 0x00, 0x00, 0x00, 0x00, 0x00, 0x00, 0x00,
    0x00, 0x00, 0x00, 0x00, 0x00, 0x00, 0x00, 0x00, 0x00, 0x00, 0x00, 0x00, 0x00, 0x00, 0x00, 0x00,
    0x00, 0x00, 0x00, 0x00, 0x00, 0x00, 0x00, 0x00, 0x00, 0x00, 0x00, 0x00, 0x00, 0x00, 0x00, 0x00,
    0x00, 0x00, 0x00, 0x00, 0x00, 0x00, 0x00, 0x00, 0x00, 0x00, 0x00, 0x00, 0x00, 0x00, 0x00, 0x00,
    0x00, 0x00, 0x00, 0x00, 0x00, 0x00, 0x00, 0x00, 0x00, 0x00, 0x00, 0x00, 0x00, 0x00, 0x00, 0x00,
    0x00, 0x00, 0x00, 0x00, 0x00, 0x00, 0x00, 0x00, 0x00, 0x00, 0x00, 0x00, 0x00, 0x00, 0x00, 0x00,
    0x00, 0x00, 0x00, 0x00, 0x00, 0x00, 0x00, 0x00, 0x00, 0x00, 0x00, 0x00, 0x00, 0x00, 0x00, 0x00,
    0x00, 0x00, 0x00, 0x00, 0x00, 0x00, 0x00, 0x00, 0x00, 0x00, 0x00, 0x00, 0x00, 0x00, 0x00, 0x00,
    0x00, 0x00, 0x00, 0x00, 0x00, 0x00, 0x00, 0x00, 0x00, 0x00, 0x00, 0x00, 0x00, 0x00, 0x00, 0x00,
    0x00, 0x00, 0x00, 0x00, 0x00, 0x00, 0x00, 0x00, 0x00, 0x00, 0x00, 0x00, 0x00, 0x00, 0x00, 0x00,
    0x00, 0x00, 0x00, 0x00, 0x00, 0x00, 0x00, 0x00, 0x00, 0x00, 0x00, 0x00, 0x00, 0x00, 0x00, 0x00,
    0x00, 0x00, 0x00, 0x00, 0x00, 0x00, 0x00, 0x00, 0x00, 0x00, 0x00, 0x00, 0x00, 0x00, 0x00, 0x00,
    0x00, 0x00, 0x00, 0x00, 0x00, 0x00, 0x00, 0x00, 0x00, 0x00, 0x00, 0x00, 0x00, 0x00, 0x00, 0x00,
    0x00, 0x00, 0x00, 0x00, 0x00, 0x00, 0x00, 0x00, 0x00, 0x00, 0x00, 0x00, 0x00, 0x00, 0x00, 0x00,
    0x00, 0x00, 0x00, 0x00, 0x00, 0x00, 0x00, 0x00, 0x00, 0x00, 0x00, 0x00, 0x00, 0x00, 0x00, 0x00,
    0x00, 0x00, 0x00, 0x00, 0x00, 0x00, 0x00, 0x00, 0x00, 0x00, 0x00, 0x00, 0x00, 0x00, 0x00, 0x00,
    0x00, 0x00, 0x00, 0x00, 0x00, 0x00, 0x00, 0x00, 0x00, 0x00, 0x00, 0x00, 0x00, 0x00, 0x00, 0x00,
    0x00, 0x00, 0x00, 0x00, 0x00, 0x00, 0x00, 0x00, 0x00, 0x00, 0x00, 0x00, 0x00, 0x00, 0x00, 0x00,
    0x00, 0x00, 0x00, 0x00, 0x00, 0x00, 0x00, 0x00, 0x00, 0x00, 0x00, 0x00, 0x00, 0x00, 0x00, 0x00,
    0x00, 0x00, 0x00, 0x00, 0x00, 0x00, 0x00, 0x00, 0x00, 0x00, 0x00, 0x00, 0x00, 0x00, 0x00, 0x00,
    0x00, 0x00, 0x00, 0x00, 0x00, 0x00, 0x00, 0x00, 0x00, 0x00, 0x00, 0x00, 0x00, 0x00, 0x00, 0x00,
    0x00, 0x00, 0x00, 0x00, 0x00, 0x00, 0x00, 0x00, 0x00, 0x00, 0x00, 0x00, 0x00, 0x00, 0x00, 0x00,
    0x00, 0x00, 0x00, 0x00, 0x00, 0x00, 0x00, 0x00, 0x00, 0x00, 0x00, 0x00, 0x00, 0x00, 0x00, 0x00,
    0x00, 0x00, 0x00, 0x00, 0x00, 0x00, 0x00, 0x00, 0x00, 0x00, 0x00, 0x00, 0x00, 0x00, 0x00, 0x00,
    0x00, 0x00, 0x00, 0x00, 0x00, 0x00, 0x00, 0x00, 0x00, 0x00, 0x00, 0x00, 0x00, 0x00, 0x00, 0x00,
    0x00, 0x00, 0x00, 0x00, 0x00, 0x00, 0x00, 0x00, 0x00, 0x00, 0x00, 0x00, 0x00, 0x00, 0x00, 0x00,
    0x00, 0x00, 0x00, 0x00, 0x00, 0x00, 0x00, 0x00, 0x00, 0x00, 0x00, 0x00, 0x00, 0x00, 0x00, 0x00,
    0x00, 0x00, 0x00, 0x00, 0x00, 0x00, 0x00, 0x00, 0x00, 0x00, 0x00, 0x00, 0x00, 0x00, 0x00, 0x00,
    0x00, 0x00, 0x00, 0x00, 0x00, 0x00, 0x00, 0x00, 0x00, 0x00, 0x00, 0x00, 0x00, 0x00, 0x00, 0x00,
    0x00, 0x00, 0x00, 0x00, 0x00, 0x00, 0x00, 0x00, 0x00, 0x00, 0x00, 0x00, 0x00, 0x00, 0x00, 0x00,
    0x00, 0x00, 0x00, 0x00, 0x00, 0x00, 0x00, 0x00, 0x00, 0x00, 0x00, 0x00, 0x00, 0x00, 0x00, 0x00,
    0x00, 0x00, 0x00, 0x00, 0x00, 0x00, 0x00, 0x00, 0x00, 0x00, 0x00, 0x00, 0x00, 0x00, 0x00, 0x00,
    0x00, 0x00, 0x00, 0x00, 0x00, 0x00, 0x00, 0x00, 0x00, 0x00, 0x00, 0x00, 0x00, 0x00, 0x00, 0x00,
    0x00, 0x00, 0x00, 0x00, 0x00, 0x00, 0x00, 0x00, 0x00, 0x00, 0x00, 0x00, 0x00, 0x00, 0x00, 0x00,
    0x00, 0x00, 0x00, 0x00, 0x00, 0x00, 0x00, 0x00, 0x00, 0x00, 0x00, 0x00, 0x00, 0x00, 0x00, 0x00,
    0x00, 0x00, 0x00, 0x00, 0x00, 0x00, 0x00, 0x00, 0x00, 0x00, 0x00, 0x00, 0x00, 0x00, 0x00, 0x00,
    0x00, 0x00, 0x00, 0x00, 0x00, 0x00, 0x00, 0x00, 0x00, 0x00, 0x00, 0x00, 0x00, 0x00, 0x00, 0x00,
    0x00, 0x00, 0x00, 0x00, 0x00, 0x00, 0x00, 0x00, 0x00, 0x00, 0x00, 0x00, 0x00, 0x00, 0x00, 0x00,
    0x00, 0x00, 0x00, 0x00, 0x00, 0x00, 0x00, 0x00, 0x00, 0x00, 0x00, 0x00, 0x00, 0x00, 0x00, 0x00,
    0x00, 0x00, 0x00, 0x00, 0x00, 0x00, 0x00, 0x00, 0x00, 0x00, 0x00, 0x00, 0x00, 0x00, 0x00, 0x00,
    0x00, 0x00, 0x00, 0x00, 0x00, 0x00, 0x00, 0x00, 0x00, 0x00, 0x00, 0x00, 0x00, 0x00, 0x00, 0x00,
    0x00, 0x00, 0x00, 0x00, 0x00, 0x00, 0x00, 0x00, 0x00, 0x00, 0x00, 0x00, 0x00, 0x00, 0x00, 0x00,
    0x00, 0x00, 0x00, 0x00, 0x00, 0x00, 0x00, 0x00, 0x00, 0x00, 0x00, 0x00, 0x00, 0x00, 0x00, 0x00,
    0x00, 0x00, 0x00, 0x00, 0x00, 0x00, 0x00, 0x00, 0x00, 0x00, 0x00, 0x00, 0x00, 0x00, 0x00, 0x00,
    0x00, 0x00, 0x00, 0x00, 0x00, 0x00, 0x00, 0x00, 0x00, 0x00, 0x00, 0x00, 0x00, 0x00, 0x00, 0x00,
    0x00, 0x00, 0x00, 0x00, 0x00, 0x00, 0x00, 0x00, 0x00, 0x00, 0x00, 0x00, 0x00, 0x00, 0x00, 0x00,
    0x00, 0x00, 0x00, 0x00, 0x00, 0x00, 0x00, 0x00, 0x00, 0x00, 0x00, 0x00, 0x00, 0x00, 0x00, 0x00,
    0x00, 0x00, 0x00, 0x00, 0x00, 0x00, 0x00, 0x00, 0x00, 0x00, 0x00, 0x00, 0x00, 0x00, 0x00, 0x00,
    0x00, 0x00, 0x00, 0x00, 0x00, 0x00, 0x00, 0x00, 0x00, 0x00, 0x00, 0x00, 0x00, 0x00, 0x00, 0x00,
    0x00, 0x00, 0x00, 0x00, 0x00, 0x00, 0x00, 0x00, 0x00, 0x00, 0x00, 0x00, 0x00, 0x00, 0x00, 0x00,
    0x00, 0x00, 0x00, 0x00, 0x00, 0x00, 0x00, 0x00, 0x00, 0x00, 0x00, 0x00, 0x00, 0x00, 0x00, 0x00,
    0x00, 0x00, 0x00, 0x00, 0x00, 0x00, 0x00, 0x00, 0x00, 0x00, 0x00, 0x00, 0x00, 0x00, 0x00, 0x00,
    0x00, 0x00, 0x00, 0x00, 0x00, 0x00, 0x00, 0x00, 0x00, 0x00, 0x00, 0x00, 0x00, 0x00, 0x00, 0x00,
    0x00, 0x00, 0x00, 0x00, 0x00, 0x00, 0x00, 0x00, 0x00, 0x00, 0x00, 0x00, 0x00, 0x00, 0x00, 0x00,
    0x00, 0x00, 0x00, 0x00, 0x00, 0x00, 0x00, 0x00, 0x00, 0x00, 0x00, 0x00, 0x00, 0x00, 0x00, 0x00,
    0x00, 0x00, 0x00, 0x00, 0x00, 0x00, 0x00, 0x00, 0x00, 0x00, 0x00, 0x00, 0x00, 0x00, 0x00, 0x00,
    0x00, 0x00, 0x00, 0x00, 0x00, 0x00, 0x00, 0x00, 0x00, 0x00, 0x00, 0x00, 0x00, 0x00, 0x00, 0x00,
    0x00, 0x00, 0x00, 0x00, 0x00, 0x00, 0x00, 0x00, 0x00, 0x00, 0x00, 0x00, 0x00, 0x00, 0x00, 0x00,
    0x00, 0x00, 0x00, 0x00, 0x00, 0x00, 0x00, 0x00, 0x00, 0x00, 0x00, 0x00, 0x00, 0x00, 0x00, 0x00,
    0x00, 0x00, 0x00, 0x00, 0x00, 0x00, 0x00, 0x00, 0x00, 0x00, 0x00, 0x00, 0x00, 0x00, 0x00, 0x00,
    0x00, 0x00, 0x00, 0x00, 0x00, 0x00, 0x00, 0x00, 0x00, 0x00, 0x00, 0x00, 0x00, 0x00, 0x00, 0x00,
    0x00, 0x00, 0x00, 0x00, 0x00, 0x00, 0x00, 0x00, 0x00, 0x00, 0x00, 0x00, 0x00, 0x00, 0x00, 0x00,
    0x00, 0x00, 0x00, 0x00, 0x00, 0x00, 0x00, 0x00, 0x00, 0x00, 0x00, 0x00, 0x00, 0x00, 0x00, 0x00,
    0x00, 0x00, 0x00, 0x00, 0x00, 0x00, 0x00, 0x00, 0x00, 0x00, 0x00, 0x00, 0x00, 0x00, 0x00, 0x00,
    0x00, 0x00, 0x00, 0x00, 0x00, 0x00, 0x00, 0x00, 0x00, 0x00, 0x00, 0x00, 0x00, 0x00, 0x00, 0x00,
    0x00, 0x00, 0x00, 0x00, 0x00, 0x00, 0x00, 0x00, 0x00, 0x00, 0x00, 0x00, 0x00, 0x00, 0x00, 0x00,
    0x00, 0x00, 0x00, 0x00, 0x00, 0x00, 0x00, 0x00, 0x00, 0x00, 0x00, 0x00, 0x00, 0x00, 0x00, 0x00,
    0x00, 0x00, 0x00, 0x00, 0x00, 0x00, 0x00, 0x00, 0x00, 0x00, 0x00, 0x00, 0x00, 0x00, 0x00, 0x00,
    0x00, 0x00, 0x00, 0x00, 0x00, 0x00, 0x00, 0x00, 0x00, 0x00, 0x00, 0x00, 0x00, 0x00, 0x00, 0x00,
    0x00, 0x00, 0x00, 0x00, 0x00, 0x00, 0x00, 0x00, 0x00, 0x00, 0x00, 0x00, 0x00, 0x00, 0x00, 0x00,
    0x00, 0x00, 0x00, 0x00, 0x00, 0x00, 0x00, 0x00, 0x00, 0x00, 0x00, 0x00, 0x00, 0x00, 0x00, 0x00,
    0x00, 0x00, 0x00, 0x00, 0x00, 0x00, 0x00, 0x00, 0x00, 0x00, 0x00, 0x00, 0x00, 0x00, 0x00, 0x00,
    0x00, 0x00, 0x00, 0x00, 0x00, 0x00, 0x00, 0x00, 0x00, 0x00, 0x00, 0x00, 0x00, 0x00, 0x00, 0x00,
    0x00, 0x00, 0x00, 0x00, 0x00, 0x00, 0x00, 0x00, 0x00, 0x00, 0x00, 0x00, 0x00, 0x00, 0x00, 0x00,
    0x00, 0x00, 0x00, 0x00, 0x00, 0x00, 0x00, 0x00, 0x00, 0x00, 0x00, 0x00, 0x00, 0x00, 0x00, 0x00,
    0x00, 0x00, 0x00, 0x00, 0x00, 0x00, 0x00, 0x00, 0x00, 0x00, 0x00, 0x00, 0x00, 0x00, 0x00, 0x00,
    0x00, 0x00, 0x00, 0x00, 0x00, 0x00, 0x00, 0x00, 0x00, 0x00, 0x00, 0x00, 0x00, 0x00, 0x00, 0x00,
    0x00, 0x00, 0x00, 0x00, 0x00, 0x00, 0x00, 0x00, 0x00, 0x00, 0x00, 0x00, 0x00, 0x00, 0x00, 0x00,
    0x00, 0x00, 0x00, 0x00, 0x00, 0x00, 0x00, 0x00, 0x00, 0x00, 0x00, 0x00, 0x00, 0x00, 0x00, 0x00,
    0x00, 0x00, 0x00, 0x00, 0x00, 0x00, 0x00, 0x00, 0x00, 0x00, 0x00, 0x00, 0x00, 0x00, 0x00, 0x00,
    0x00, 0x00, 0x00, 0x00, 0x00, 0x00, 0x00, 0x00, 0x00, 0x00, 0x00, 0x00, 0x00, 0x00, 0x00, 0x00,
    0x00, 0x00, 0x00, 0x00, 0x00, 0x00, 0x00, 0x00, 0x00, 0x00, 0x00, 0x00, 0x00, 0x00, 0x00, 0x00,
    0x00, 0x00, 0x00, 0x00, 0x00, 0x00, 0x00, 0x00, 0x00, 0x00, 0x00, 0x00, 0x00, 0x00, 0x00, 0x00,
    0x00, 0x00, 0x00, 0x00, 0x00, 0x00, 0x00, 0x00, 0x00, 0x00, 0x00, 0x00, 0x00, 0x00, 0x00, 0x00,
    0x00, 0x00, 0x00, 0x00, 0x00, 0x00, 0x00, 0x00, 0x00, 0x00, 0x00, 0x00, 0x00, 0x00, 0x00, 0x00,
    0x00, 0x00, 0x00, 0x00, 0x00, 0x00, 0x00, 0x00, 0x00, 0x00, 0x00, 0x00, 0x00, 0x00, 0x00, 0x00,
    0x00, 0x00, 0x00, 0x00, 0x00, 0x00, 0x00, 0x00, 0x00, 0x00, 0x00, 0x00, 0x00, 0x00, 0x00, 0x00,
    0x00, 0x00, 0x00, 0x00, 0x00, 0x00, 0x00, 0x00, 0x00, 0x00, 0x00, 0x00, 0x00, 0x00, 0x00, 0x00,
    0x00, 0x00, 0x00, 0x00, 0x00, 0x00, 0x00, 0x00, 0x00, 0x00, 0x00, 0x00, 0x00, 0x00, 0x00, 0x00,
    0x00, 0x00, 0x00, 0x00, 0x00, 0x00, 0x00, 0x00, 0x00, 0x00, 0x00, 0x00, 0x00, 0x00, 0x00, 0x00,
    0x00, 0x00, 0x00, 0x00, 0x00, 0x00, 0x00, 0x00, 0x00, 0x00, 0x00, 0x00, 0x00, 0x00, 0x00, 0x00,
    0x00, 0x00, 0x00, 0x00, 0x00, 0x00, 0x00, 0x00, 0x00, 0x00, 0x00, 0x00, 0x00, 0x00, 0x00, 0x00,
    0x00, 0x00, 0x00, 0x00, 0x00, 0x00, 0x00, 0x00, 0x00, 0x00, 0x00, 0x00, 0x00, 0x00, 0x00, 0x00,
    0x00, 0x00, 0x00, 0x00, 0x00, 0x00, 0x00, 0x00, 0x00, 0x00, 0x00, 0x00, 0x00, 0x00, 0x00, 0x00,
    0x00, 0x00, 0x00, 0x00, 0x00, 0x00, 0x00, 0x00, 0x00, 0x00, 0x00, 0x00, 0x00, 0x00, 0x00, 0x00,
    0x00, 0x00, 0x00, 0x00, 0x00, 0x00, 0x00, 0x00, 0x00, 0x00, 0x00, 0x00, 0x00, 0x00, 0x00, 0x00,
    0x00, 0x00, 0x00, 0x00, 0x00, 0x00, 0x00, 0x00, 0x00, 0x00, 0x00, 0x00, 0x00, 0x00, 0x00, 0x00,
    0x00, 0x00, 0x00, 0x00, 0x00, 0x00, 0x00, 0x00, 0x00, 0x00, 0x00, 0x00, 0x00, 0x00, 0x00, 0x00,
    0x00, 0x00, 0x00, 0x00, 0x00, 0x00, 0x00, 0x00, 0x00, 0x00, 0x00, 0x00, 0x00, 0x00, 0x00, 0x00,
    0x00, 0x00, 0x00, 0x00, 0x00, 0x00, 0x00, 0x00, 0x00, 0x00, 0x00, 0x00, 0x00, 0x00, 0x00, 0x00,
    0x00, 0x00, 0x00, 0x00, 0x00, 0x00, 0x00, 0x00, 0x00, 0x00, 0x00, 0x00, 0x00, 0x00, 0x00, 0x00,
    0x00, 0x00, 0x00, 0x00, 0x00, 0x00, 0x00, 0x00, 0x00, 0x00, 0x00, 0x00, 0x00, 0x00, 0x00, 0x00,
    0x00, 0x00, 0x00, 0x00, 0x00, 0x00, 0x00, 0x00, 0x00, 0x00, 0x00, 0x00, 0x00, 0x00, 0x00, 0x00,
    0x00, 0x00, 0x00, 0x00, 0x00, 0x00, 0x00, 0x00, 0x00, 0x00, 0x00, 0x00, 0x00, 0x00, 0x00, 0x00,
    0x00, 0x00, 0x00, 0x00, 0x00, 0x00, 0x00, 0x00, 0x00, 0x00, 0x00, 0x00, 0x00, 0x00, 0x00, 0x00,
    0x00, 0x00, 0x00, 0x00, 0x00, 0x00, 0x00, 0x00, 0x00, 0x00, 0x00, 0x00, 0x00, 0x00, 0x00, 0x00,
    0x00, 0x00, 0x00, 0x00, 0x00, 0x00, 0x00, 0x00, 0x00, 0x00, 0x00, 0x00, 0x00, 0x00, 0x00, 0x00,
    0x00, 0x00, 0x00, 0x00, 0x00, 0x00, 0x00, 0x00, 0x00, 0x00, 0x00, 0x00, 0x00, 0x00, 0x00, 0x00,
    0x00, 0x00, 0x00, 0x00, 0x00, 0x00, 0x00, 0x00, 0x00, 0x00, 0x00, 0x00, 0x00, 0x00, 0x00, 0x00,
    0x00, 0x00, 0x00, 0x00, 0x00, 0x00, 0x00, 0x00, 0x00, 0x00, 0x00, 0x00, 0x00, 0x00, 0x00, 0x00,
    0x00, 0x00, 0x00, 0x00, 0x00, 0x00, 0x00, 0x00, 0x00, 0x00, 0x00, 0x00, 0x00, 0x00, 0x00, 0x00,
    0x00, 0x00, 0x00, 0x00, 0x00, 0x00, 0x00, 0x00, 0x00, 0x00, 0x00, 0x00, 0x00, 0x00, 0x00, 0x00,
    0x00, 0x00, 0x00, 0x00, 0x00, 0x00, 0x00, 0x00, 0x00, 0x00, 0x00, 0x00, 0x00, 0x00, 0x00, 0x00,
    0x00, 0x00, 0x00, 0x00, 0x00, 0x00, 0x00, 0x00, 0x00, 0x00, 0x00, 0x00, 0x00, 0x00, 0x00, 0x00,
    0x00, 0x00, 0x00, 0x00, 0x00, 0x00, 0x00, 0x00, 0x00, 0x00, 0x00, 0x00, 0x00, 0x00, 0x00, 0x00,
    0x00, 0x00, 0x00, 0x00, 0x00, 0x00, 0x00, 0x00, 0x00, 0x00, 0x00, 0x00, 0x00, 0x00, 0x00, 0x00,
    0x00, 0x00, 0x00, 0x00, 0x00, 0x00, 0x00, 0x00, 0x00, 0x00, 0x00, 0x00, 0x00, 0x00, 0x00, 0x00,
    0x00, 0x00, 0x00, 0x00, 0x00, 0x00, 0x00, 0x00, 0x00, 0x00, 0x00, 0x00, 0x00, 0x00, 0x00, 0x00,
    0x00, 0x00, 0x00, 0x00, 0x00, 0x00, 0x00, 0x00, 0x00, 0x00, 0x00, 0x00, 0x00, 0x00, 0x00, 0x00,
    0x00, 0x00, 0x00, 0x00, 0x00, 0x00, 0x00, 0x00, 0x00, 0x00, 0x00, 0x00, 0x00, 0x00, 0x00, 0x00,
    0x00, 0x00, 0x00, 0x00, 0x00, 0x00, 0x00, 0x00, 0x00, 0x00, 0x00, 0x00, 0x00, 0x00, 0x00, 0x00,
    0x00, 0x00, 0x00, 0x00, 0x00, 0x00, 0x00, 0x00, 0x00, 0x00, 0x00, 0x00, 0x00, 0x00, 0x00, 0x00,
    0x00, 0x00, 0x00, 0x00, 0x00, 0x00, 0x00, 0x00, 0x00, 0x00, 0x00, 0x00, 0x00, 0x00, 0x00, 0x00,
    0x00, 0x00, 0x00, 0x00, 0x00, 0x00, 0x00, 0x00, 0x00, 0x00, 0x00, 0x00, 0x00, 0x00, 0x00, 0x00,
    0x00, 0x00, 0x00, 0x00, 0x00, 0x00, 0x00, 0x00, 0x00, 0x00, 0x00, 0x00, 0x00, 0x00, 0x00, 0x00,
    0x00, 0x00, 0x00, 0x00, 0x00, 0x00, 0x00, 0x00, 0x00, 0x00, 0x00, 0x00, 0x00, 0x00, 0x00, 0x00,
    0x00, 0x00, 0x00, 0x00, 0x00, 0x00, 0x00, 0x00, 0x00, 0x00, 0x00, 0x00, 0x00, 0x00, 0x00, 0x00,
    0x00, 0x00, 0x00, 0x00, 0x00, 0x00, 0x00, 0x00, 0x00, 0x00, 0x00, 0x00, 0x00, 0x00, 0x00, 0x00,
    0x00, 0x00, 0x00, 0x00, 0x00, 0x00, 0x00, 0x00, 0x00, 0x00, 0x00, 0x00, 0x00, 0x00, 0x00, 0x00,
    0x00, 0x00, 0x00, 0x00, 0x00, 0x00, 0x00, 0x00, 0x00, 0x00, 0x00, 0x00, 0x00, 0x00, 0x00, 0x00,
    0x00, 0x00, 0x00, 0x00, 0x00, 0x00, 0x00, 0x00, 0x00, 0x00, 0x00, 0x00, 0x00, 0x00, 0x00, 0x00,
    0x00, 0x00, 0x00, 0x00, 0x00, 0x00, 0x00, 0x00, 0x00, 0x00, 0x00, 0x00, 0x00, 0x00, 0x00, 0x00,
    0x00, 0x00, 0x00, 0x00, 0x00, 0x00, 0x00, 0x00, 0x00, 0x00, 0x00, 0x00, 0x00, 0x00, 0x00, 0x00,
    0x00, 0x00, 0x00, 0x00, 0x00, 0x00, 0x00, 0x00, 0x00, 0x00, 0x00, 0x00, 0x00, 0x00, 0x00, 0x00,
    0x00, 0x00, 0x00, 0x00, 0x00, 0x00, 0x00, 0x00, 0x00, 0x00, 0x00, 0x00, 0x00, 0x00, 0x00, 0x00,
    0x00, 0x00, 0x00, 0x00, 0x00, 0x00, 0x00, 0x00, 0x00, 0x00, 0x00, 0x00, 0x00, 0x00, 0x00, 0x00,
    0x00, 0x00, 0x00, 0x00, 0x00, 0x00, 0x00, 0x00, 0x00, 0x00, 0x00, 0x00, 0x00, 0x00, 0x00, 0x00,
    0x00, 0x00, 0x00, 0x00, 0x00, 0x00, 0x00, 0x00, 0x00, 0x00, 0x00, 0x00, 0x00, 0x00, 0x00, 0x00,
    0x00, 0x00, 0x00, 0x00, 0x00, 0x00, 0x00, 0x00, 0x00, 0x00, 0x00, 0x00, 0x00, 0x00, 0x00, 0x00,
    0x00, 0x00, 0x00, 0x00, 0x00, 0x00, 0x00, 0x00, 0x00, 0x00, 0x00, 0x00, 0x00, 0x00, 0x00, 0x00,
    0x00, 0x00, 0x00, 0x00, 0x00, 0x00, 0x00, 0x00, 0x00, 0x00, 0x00, 0x00, 0x00, 0x00, 0x00, 0x00,
    0x00, 0x00, 0x00, 0x00, 0x00, 0x00, 0x00, 0x00, 0x00, 0x00, 0x00, 0x00, 0x00, 0x00, 0x00, 0x00,
    0x00, 0x00, 0x00, 0x00, 0x00, 0x00, 0x00, 0x00, 0x00, 0x00, 0x00, 0x00, 0x00, 0x00, 0x00, 0x00,
    0x00, 0x00, 0x00, 0x00, 0x00, 0x00, 0x00, 0x00, 0x00, 0x00, 0x00, 0x00, 0x00, 0x00, 0x00, 0x00,
    0x00, 0x00, 0x00, 0x00, 0x00, 0x00, 0x00, 0x00, 0x00, 0x00, 0x00, 0x00, 0x00, 0x00, 0x00, 0x00,
    0x00, 0x00, 0x00, 0x00, 0x00, 0x00, 0x00, 0x00, 0x00, 0x00, 0x00, 0x00, 0x00, 0x00, 0x00, 0x00,
    0x00, 0x00, 0x00, 0x00, 0x00, 0x00, 0x00, 0x00, 0x00, 0x00, 0x00, 0x00, 0x00, 0x00, 0x00, 0x00,
    0x00, 0x00, 0x00, 0x00, 0x00, 0x00, 0x00, 0x00, 0x00, 0x00, 0x00, 0x00, 0x00, 0x00, 0x00, 0x00,
    0x00, 0x00, 0x00, 0x00, 0x00, 0x00, 0x00, 0x00, 0x00, 0x00, 0x00, 0x00, 0x00, 0x00, 0x00, 0x00,
    0x00, 0x00, 0x00, 0x00, 0x00, 0x00, 0x00, 0x00, 0x00, 0x00, 0x00, 0x00, 0x00, 0x00, 0x00, 0x00,
    0x00, 0x00, 0x00, 0x00, 0x00, 0x00, 0x00, 0x00, 0x00, 0x00, 0x00, 0x00, 0x00, 0x00, 0x00, 0x00,
    0x00, 0x00, 0x00, 0x00, 0x00, 0x00, 0x00, 0x00, 0x00, 0x00, 0x00, 0x00, 0x00, 0x00, 0x00, 0x00,
    0x00, 0x00, 0x00, 0x00, 0x00, 0x00, 0x00, 0x00, 0x00, 0x00, 0x00, 0x00, 0x00, 0x00, 0x00, 0x00,
    0x00, 0x00, 0x00, 0x00, 0x00, 0x00, 0x00, 0x00, 0x00, 0x00, 0x00, 0x00, 0x00, 0x00, 0x00, 0x00,
    0x00, 0x00, 0x00, 0x00, 0x00, 0x00, 0x00, 0x00, 0x00, 0x00, 0x00, 0x00, 0x00, 0x00, 0x00, 0x00,
    0x00, 0x00, 0x00, 0x00, 0x00, 0x00, 0x00, 0x00, 0x00, 0x00, 0x00, 0x00, 0x00, 0x00, 0x00, 0x00,
    0x00, 0x00, 0x00, 0x00, 0x00, 0x00, 0x00, 0x00, 0x00, 0x00, 0x00, 0x00, 0x00, 0x00, 0x00, 0x00,
    0x00, 0x00, 0x00, 0x00, 0x00, 0x00, 0x00, 0x00, 0x00, 0x00, 0x00, 0x00, 0x00, 0x00, 0x00, 0x00,
    0x00, 0x00, 0x00, 0x00, 0x00, 0x00, 0x00, 0x00, 0x00, 0x00, 0x00, 0x00, 0x00, 0x00, 0x00, 0x00,
    0x00, 0x00, 0x00, 0x00, 0x00, 0x00, 0x00, 0x00, 0x00, 0x00, 0x00, 0x00, 0x00, 0x00, 0x00, 0x00,
    0x00, 0x00, 0x00, 0x00, 0x00, 0x00, 0x00, 0x00, 0x00, 0x00, 0x00, 0x00, 0x00, 0x00, 0x00, 0x00,
    0x00, 0x00, 0x00, 0x00, 0x00, 0x00, 0x00, 0x00, 0x00, 0x00, 0x00, 0x00, 0x00, 0x00, 0x00, 0x00,
    0x00, 0x00, 0x00, 0x00, 0x00, 0x00, 0x00, 0x00, 0x00, 0x00, 0x00, 0x00, 0x00, 0x00, 0x00, 0x00,
    0x00, 0x00, 0x00, 0x00, 0x00, 0x00, 0x00, 0x00, 0x00, 0x00, 0x00, 0x00, 0x00, 0x00, 0x00, 0x00,
    0x00, 0x00, 0x00, 0x00, 0x00, 0x00, 0x00, 0x00, 0x00, 0x00, 0x00, 0x00, 0x00, 0x00, 0x00, 0x00,
    0x00, 0x00, 0x00, 0x00, 0x00, 0x00, 0x00, 0x00, 0x00, 0x00, 0x00, 0x00, 0x00, 0x00, 0x00, 0x00,
    0x00, 0x00, 0x00, 0x00, 0x00, 0x00, 0x00, 0x00, 0x00, 0x00, 0x00, 0x00, 0x00, 0x00, 0x00, 0x00,
    0x00, 0x00, 0x00, 0x00, 0x00, 0x00, 0x00, 0x00, 0x00, 0x00, 0x00, 0x00, 0x00, 0x00, 0x00, 0x00,
    0x00, 0x00, 0x00, 0x00, 0x00, 0x00, 0x00, 0x00, 0x00, 0x00, 0x00, 0x00, 0x00, 0x00, 0x00, 0x00,
    0x00, 0x00, 0x00, 0x00, 0x00, 0x00, 0x00, 0x00, 0x00, 0x00, 0x00, 0x00, 0x00, 0x00, 0x00, 0x00,
    0x00, 0x00, 0x00, 0x00, 0x00, 0x00, 0x00, 0x00, 0x00, 0x00, 0x00, 0x00, 0x00, 0x00, 0x00, 0x00,
    0x00, 0x00, 0x00, 0x00, 0x00, 0x00, 0x00, 0x00, 0x00, 0x00, 0x00, 0x00, 0x00, 0x00, 0x00, 0x00,
    0x00, 0x00, 0x00, 0x00, 0x00, 0x00, 0x00, 0x00, 0x00, 0x00, 0x00, 0x00, 0x00, 0x00, 0x00, 0x00,
    0x00, 0x00, 0x00, 0x00, 0x00, 0x00, 0x00, 0x00, 0x00, 0x00, 0x00, 0x00, 0x00, 0x00, 0x00, 0x00,
    0x00, 0x00, 0x00, 0x00, 0x00, 0x00, 0x00, 0x00, 0x00, 0x00, 0x00, 0x00, 0x00, 0x00, 0x00, 0x00,
    0x00, 0x00, 0x00, 0x00, 0x00, 0x00, 0x00, 0x00, 0x00, 0x00, 0x00, 0x00, 0x00, 0x00, 0x00, 0x00,
    0x00, 0x00, 0x00, 0x00, 0x00, 0x00, 0x00, 0x00, 0x00, 0x00, 0x00, 0x00, 0x00, 0x00, 0x00, 0x00,
    0x00, 0x00, 0x00, 0x00, 0x00, 0x00, 0x00, 0x00, 0x00, 0x00, 0x00, 0x00, 0x00, 0x00, 0x00, 0x00,
    0x00, 0x00, 0x00, 0x00, 0x00, 0x00, 0x00, 0x00, 0x00, 0x00, 0x00, 0x00, 0x00, 0x00, 0x00, 0x00,
    0x00, 0x00, 0x00, 0x00, 0x00, 0x00, 0x00, 0x00, 0x00, 0x00, 0x00, 0x00, 0x00, 0x00, 0x00, 0x00,
    0x00, 0x00, 0x00, 0x00, 0x00, 0x00, 0x00, 0x00, 0x00, 0x00, 0x00, 0x00, 0x00, 0x00, 0x00, 0x00,
    0x00, 0x00, 0x00, 0x00, 0x00, 0x00, 0x00, 0x00, 0x00, 0x00, 0x00, 0x00, 0x00, 0x00, 0x00, 0x00,
    0x00, 0x00, 0x00, 0x00, 0x00, 0x00, 0x00, 0x00, 0x00, 0x00, 0x00, 0x00, 0x00, 0x00, 0x00, 0x00,
    0x00, 0x00, 0x00, 0x00, 0x00, 0x00, 0x00, 0x00, 0x00, 0x00, 0x00, 0x00, 0x00, 0x00, 0x00, 0x00,
    0x00, 0x00, 0x00, 0x00, 0x00, 0x00, 0x00, 0x00, 0x00, 0x00, 0x00, 0x00, 0x00, 0x00, 0x00, 0x00,
    0x00, 0x00, 0x00, 0x00, 0x00, 0x00, 0x00, 0x00, 0x00, 0x00, 0x00, 0x00, 0x00, 0x00, 0x00, 0x00,
    0x00, 0x00, 0x00, 0x00, 0x00, 0x00, 0x00, 0x00, 0x00, 0x00, 0x00, 0x00, 0x00, 0x00, 0x00, 0x00,
    0x00, 0x00, 0x00, 0x00, 0x00, 0x00, 0x00, 0x00, 0x00, 0x00, 0x00, 0x00, 0x00, 0x00, 0x00, 0x00,
    0x00, 0x00, 0x00, 0x00, 0x00, 0x00, 0x00, 0x00, 0x00, 0x00, 0x00, 0x00, 0x00, 0x00, 0x00, 0x00,
    0x00, 0x00, 0x00, 0x00, 0x00, 0x00, 0x00, 0x00, 0x00, 0x00, 0x00, 0x00, 0x00, 0x00, 0x00, 0x00,
    0x00, 0x00, 0x00, 0x00, 0x00, 0x00, 0x00, 0x00, 0x00, 0x00, 0x00, 0x00, 0x00, 0x00, 0x00, 0x00,
    0x00, 0x00, 0x00, 0x00, 0x00, 0x00, 0x00, 0x00, 0x00, 0x00, 0x00, 0x00, 0x00, 0x00, 0x00, 0x00,
    0x00, 0x00, 0x00, 0x00, 0x00, 0x00, 0x00, 0x00, 0x00, 0x00, 0x00, 0x00, 0x00, 0x00, 0x00, 0x00,
    0x00, 0x00, 0x00, 0x00, 0x00, 0x00, 0x00, 0x00, 0x00, 0x00, 0x00, 0x00, 0x00, 0x00, 0x00, 0x00,
    0x00, 0x00, 0x00, 0x00, 0x00, 0x00, 0x00, 0x00, 0x00, 0x00, 0x00, 0x00, 0x00, 0x00, 0x00, 0x00,
    0x00, 0x00, 0x00, 0x00, 0x00, 0x00, 0x00, 0x00, 0x00, 0x00, 0x00, 0x00, 0x00, 0x00, 0x00, 0x00,
    0x00, 0x00, 0x00, 0x00, 0x00, 0x00, 0x00, 0x00, 0x00, 0x00, 0x00, 0x00, 0x00, 0x00, 0x00, 0x00,
    0x00, 0x00, 0x00, 0x00, 0x00, 0x00, 0x00, 0x00, 0x00, 0x00, 0x00, 0x00, 0x00, 0x00, 0x00, 0x00,
    0x00, 0x00, 0x00, 0x00, 0x00, 0x00, 0x00, 0x00, 0x00, 0x00, 0x00, 0x00, 0x00, 0x00, 0x00, 0x00,
    0x00, 0x00, 0x00, 0x00, 0x00, 0x00, 0x00, 0x00, 0x00, 0x00, 0x00, 0x00, 0x00, 0x00, 0x00, 0x00,
    0x00, 0x00, 0x00, 0x00, 0x00, 0x00, 0x00, 0x00, 0x00, 0x00, 0x00, 0x00, 0x00, 0x00, 0x00, 0x00,
    0x00, 0x00, 0x00, 0x00, 0x00, 0x00, 0x00, 0x00, 0x00, 0x00, 0x00, 0x00, 0x00, 0x00, 0x00, 0x00,
    0x00, 0x00, 0x00, 0x00, 0x00, 0x00, 0x00, 0x00, 0x00, 0x00, 0x00, 0x00, 0x00, 0x00, 0x00, 0x00,
    0x00, 0x00, 0x00, 0x00, 0x00, 0x00, 0x00, 0x00, 0x00, 0x00, 0x00, 0x00, 0x00, 0x00, 0x00, 0x00,
    0x00, 0x00, 0x00, 0x00, 0x00, 0x00, 0x00, 0x00, 0x00, 0x00, 0x00, 0x00, 0x00, 0x00, 0x00, 0x00,
    0x00, 0x00, 0x00, 0x00, 0x00, 0x00, 0x00, 0x00, 0x00, 0x00, 0x00, 0x00, 0x00, 0x00, 0x00, 0x00,
    0x00, 0x00, 0x00, 0x00, 0x00, 0x00, 0x00, 0x00, 0x00, 0x00, 0x00, 0x00, 0x00, 0x00, 0x00, 0x00,
    0x00, 0x00, 0x00, 0x00, 0x00, 0x00, 0x00, 0x00, 0x00, 0x00, 0x00, 0x00, 0x00, 0x00, 0x00, 0x00,
    0x00, 0x00, 0x00, 0x00, 0x00, 0x00, 0x00, 0x00, 0x00, 0x00, 0x00, 0x00, 0x00, 0x00, 0x00, 0x00,
    0x00, 0x00, 0x00, 0x00, 0x00, 0x00, 0x00, 0x00, 0x00, 0x00, 0x00, 0x00, 0x00, 0x00, 0x00, 0x00,
    0x00, 0x00, 0x00, 0x00, 0x00, 0x00, 0x00, 0x00, 0x00, 0x00, 0x00, 0x00, 0x00, 0x00, 0x00, 0x00,
    0x00, 0x00, 0x00, 0x00, 0x00, 0x00, 0x00, 0x00, 0x00, 0x00, 0x00, 0x00, 0x00, 0x00, 0x00, 0x00,
    0x00, 0x00, 0x00, 0x00, 0x00, 0x00, 0x00, 0x00, 0x00, 0x00, 0x00, 0x00, 0x00, 0x00, 0x00, 0x00,
    0x00, 0x00, 0x00, 0x00, 0x00, 0x00, 0x00, 0x00, 0x00, 0x00, 0x00, 0x00, 0x00, 0x00, 0x00, 0x00,
    0x00, 0x00, 0x00, 0x00, 0x00, 0x00, 0x00, 0x00, 0x00, 0x00, 0x00, 0x00, 0x00, 0x00, 0x00, 0x00,
    0x00, 0x00, 0x00, 0x00, 0x00, 0x00, 0x00, 0x00, 0x00, 0x00, 0x00, 0x00, 0x00, 0x00, 0x00, 0x00,
    0x00, 0x00, 0x00, 0x00, 0x00, 0x00, 0x00, 0x00, 0x00, 0x00, 0x00, 0x00, 0x00, 0x00, 0x00, 0x00,
    0x00, 0x00, 0x00, 0x00, 0x00, 0x00, 0x00, 0x00, 0x00, 0x00, 0x00, 0x00, 0x00, 0x00, 0x00, 0x00,
    0x00, 0x00, 0x00, 0x00, 0x00, 0x00, 0x00, 0x00, 0x00, 0x00, 0x00, 0x00, 0x00, 0x00, 0x00, 0x00,
    0x00, 0x00, 0x00, 0x00, 0x00, 0x00, 0x00, 0x00, 0x00, 0x00, 0x00, 0x00, 0x00, 0x00, 0x00, 0x00,
    0x00, 0x00, 0x00, 0x00, 0x00, 0x00, 0x00, 0x00, 0x00, 0x00, 0x00, 0x00, 0x00, 0x00, 0x00, 0x00,
    0x00, 0x00, 0x00, 0x00, 0x00, 0x00, 0x00, 0x00, 0x00, 0x00, 0x00, 0x00, 0x00, 0x00, 0x00, 0x00,
    0x00, 0x00, 0x00, 0x00, 0x00, 0x00, 0x00, 0x00, 0x00, 0x00, 0x00, 0x00, 0x00, 0x00, 0x00, 0x00,
    0x00, 0x00, 0x00, 0x00, 0x00, 0x00, 0x00, 0x00, 0x00, 0x00, 0x00, 0x00, 0x00, 0x00, 0x00, 0x00,
    0x00, 0x00, 0x00, 0x00, 0x00, 0x00, 0x00, 0x00, 0x00, 0x00, 0x00, 0x00, 0x00, 0x00, 0x00, 0x00,
    0x00, 0x00, 0x00, 0x00, 0x00, 0x00, 0x00, 0x00, 0x00, 0x00, 0x00, 0x00, 0x00, 0x00, 0x00, 0x00,
    0x00, 0x00, 0x00, 0x00, 0x00, 0x00, 0x00, 0x00, 0x00, 0x00, 0x00, 0x00, 0x00, 0x00, 0x00, 0x00,
    0x00, 0x00, 0x00, 0x00, 0x00, 0x00, 0x00, 0x00, 0x00, 0x00, 0x00, 0x00, 0x00, 0x00, 0x00, 0x00,
    0x00, 0x00, 0x00, 0x00, 0x00, 0x00, 0x00, 0x00, 0x00, 0x00, 0x00, 0x00, 0x00, 0x00, 0x00, 0x00,
    0x00, 0x00, 0x00, 0x00, 0x00, 0x00, 0x00, 0x00, 0x00, 0x00, 0x00, 0x00, 0x00, 0x00, 0x00, 0x00,
    0x00, 0x00, 0x00, 0x00, 0x00, 0x00, 0x00, 0x00, 0x00, 0x00, 0x00, 0x00, 0x00, 0x00, 0x00, 0x00,
    0x00, 0x00, 0x00, 0x00, 0x00, 0x00, 0x00, 0x00, 0x00, 0x00, 0x00, 0x00, 0x00, 0x00, 0x00, 0x00,
    0x00, 0x00, 0x00, 0x00, 0x00, 0x00, 0x00, 0x00, 0x00, 0x00, 0x00, 0x00, 0x00, 0x00, 0x00, 0x00,
    0x00, 0x00, 0x00, 0x00, 0x00, 0x00, 0x00, 0x00, 0x00, 0x00, 0x00, 0x00, 0x00, 0x00, 0x00, 0x00,
    0x00, 0x00, 0x00, 0x00, 0x00, 0x00, 0x00, 0x00, 0x00, 0x00, 0x00, 0x00, 0x00, 0x00, 0x00, 0x00,
    0x00, 0x00, 0x00, 0x00, 0x00, 0x00, 0x00, 0x00, 0x00, 0x00, 0x00, 0x00, 0x00, 0x00, 0x00, 0x00,
    0x00, 0x00, 0x00, 0x00, 0x00, 0x00, 0x00, 0x00, 0x00, 0x00, 0x00, 0x00, 0x00, 0x00, 0x00, 0x00,
    0x00, 0x00, 0x00, 0x00, 0x00, 0x00, 0x00, 0x00, 0x00, 0x00, 0x00, 0x00, 0x00, 0x00, 0x00, 0x00,
    0x00, 0x00, 0x00, 0x00, 0x00, 0x00, 0x00, 0x00, 0x00, 0x00, 0x00, 0x00, 0x00, 0x00, 0x00, 0x00,
    0x00, 0x00, 0x00, 0x00, 0x00, 0x00, 0x00, 0x00, 0x00, 0x00, 0x00, 0x00, 0x00, 0x00, 0x00, 0x00,
    0x00, 0x00, 0x00, 0x00, 0x00, 0x00, 0x00, 0x00, 0x00, 0x00, 0x00, 0x00, 0x00, 0x00, 0x00, 0x00,
    0x00, 0x00, 0x00, 0x00, 0x00, 0x00, 0x00, 0x00, 0x00, 0x00, 0x00, 0x00, 0x00, 0x00, 0x00, 0x00,
    0x00, 0x00, 0x00, 0x00, 0x00, 0x00, 0x00, 0x00, 0x00, 0x00, 0x00, 0x00, 0x00, 0x00, 0x00, 0x00,
    0x00, 0x00, 0x00, 0x00, 0x00, 0x00, 0x00, 0x00, 0x00, 0x00, 0x00, 0x00, 0x00, 0x00, 0x00, 0x00,
    0x00, 0x00, 0x00, 0x00, 0x00, 0x00, 0x00, 0x00, 0x00, 0x00, 0x00, 0x00, 0x00, 0x00, 0x00, 0x00,
    0x00, 0x00, 0x00, 0x00, 0x00, 0x00, 0x00, 0x00, 0x00, 0x00, 0x00, 0x00, 0x00, 0x00, 0x00, 0x00,
    0x00, 0x00, 0x00, 0x00, 0x00, 0x00, 0x00, 0x00, 0x00, 0x00, 0x00, 0x00, 0x00, 0x00, 0x00, 0x00,
    0x00, 0x00, 0x00, 0x00, 0x00, 0x00, 0x00, 0x00, 0x00, 0x00, 0x00, 0x00, 0x00, 0x00, 0x00, 0x00,
    0x00, 0x00, 0x00, 0x00, 0x00, 0x00, 0x00, 0x00, 0x00, 0x00, 0x00, 0x00, 0x00, 0x00, 0x00, 0x00,
    0x00, 0x00, 0x00, 0x00, 0x00, 0x00, 0x00, 0x00, 0x00, 0x00, 0x00, 0x00, 0x00, 0x00, 0x00, 0x00,
    0x00, 0x00, 0x00, 0x00, 0x00, 0x00, 0x00, 0x00, 0x00, 0x00, 0x00, 0x00, 0x00, 0x00, 0x00, 0x00,
    0x00, 0x00, 0x00, 0x00, 0x00, 0x00, 0x00, 0x00, 0x00, 0x00, 0x00, 0x00, 0x00, 0x00, 0x00, 0x00,
    0x00, 0x00, 0x00, 0x00, 0x00, 0x00, 0x00, 0x00, 0x00, 0x00, 0x00, 0x00, 0x00, 0x00, 0x00, 0x00,
    0x00, 0x00, 0x00, 0x00, 0x00, 0x00, 0x00, 0x00, 0x00, 0x00, 0x00, 0x00, 0x00, 0x00, 0x00, 0x00,
    0x00, 0x00, 0x00, 0x00, 0x00, 0x00, 0x00, 0x00, 0x00, 0x00, 0x00, 0x00, 0x00, 0x00, 0x00, 0x00,
    0x00, 0x00, 0x00, 0x00, 0x00, 0x00, 0x00, 0x00, 0x00, 0x00, 0x00, 0x00, 0x00, 0x00, 0x00, 0x00,
    0x00, 0x00, 0x00, 0x00, 0x00, 0x00, 0x00, 0x00, 0x00, 0x00, 0x00, 0x00, 0x00, 0x00, 0x00, 0x00,
    0x00, 0x00, 0x00, 0x00, 0x00, 0x00, 0x00, 0x00, 0x00, 0x00, 0x00, 0x00, 0x00, 0x00, 0x00, 0x00,
    0x00, 0x00, 0x00, 0x00, 0x00, 0x00, 0x00, 0x00, 0x00, 0x00, 0x00, 0x00, 0x00, 0x00, 0x00, 0x00,
    0x00, 0x00, 0x00, 0x00, 0x00, 0x00, 0x00, 0x00, 0x00, 0x00, 0x00, 0x00, 0x00, 0x00, 0x00, 0x00,
    0x00, 0x00, 0x00, 0x00, 0x00, 0x00, 0x00, 0x00, 0x00, 0x00, 0x00, 0x00, 0x00, 0x00, 0x00, 0x00,
    0x00, 0x00, 0x00, 0x00, 0x00, 0x00, 0x00, 0x00, 0x00, 0x00, 0x00, 0x00, 0x00, 0x00, 0x00, 0x00,
    0x00, 0x00, 0x00, 0x00, 0x00, 0x00, 0x00, 0x00, 0x00, 0x00, 0x00, 0x00, 0x00, 0x00, 0x00, 0x00,
    0x00, 0x00, 0x00, 0x00, 0x00, 0x00, 0x00, 0x00, 0x00, 0x00, 0x00, 0x00, 0x00, 0x00, 0x00, 0x00,
    0x00, 0x00, 0x00, 0x00, 0x00, 0x00, 0x00, 0x00, 0x00, 0x00, 0x00, 0x00, 0x00, 0x00, 0x00, 0x00,
    0x00, 0x00, 0x00, 0x00, 0x00, 0x00, 0x00, 0x00, 0x00, 0x00, 0x00, 0x00, 0x00, 0x00, 0x00, 0x00,
    0x00, 0x00, 0x00, 0x00, 0x00, 0x00, 0x00, 0x00, 0x00, 0x00, 0x00, 0x00, 0x00, 0x00, 0x00, 0x00,
    0x00, 0x00, 0x00, 0x00, 0x00, 0x00, 0x00, 0x00, 0x00, 0x00, 0x00, 0x00, 0x00, 0x00, 0x00, 0x00,
    0x00, 0x00, 0x00, 0x00, 0x00, 0x00, 0x00, 0x00, 0x00, 0x00, 0x00, 0x00, 0x00, 0x00, 0x00, 0x00,
    0x00, 0x00, 0x00, 0x00, 0x00, 0x00, 0x00, 0x00, 0x00, 0x00, 0x00, 0x00, 0x00, 0x00, 0x00, 0x00,
    0x00, 0x00, 0x00, 0x00, 0x00, 0x00, 0x00, 0x00, 0x00, 0x00, 0x00, 0x00, 0x00, 0x00, 0x00, 0x00,
    0x00, 0x00, 0x00, 0x00, 0x00, 0x00, 0x00, 0x00, 0x00, 0x00, 0x00, 0x00, 0x00, 0x00, 0x00, 0x00,
    0x00, 0x00, 0x00, 0x00, 0x00, 0x00, 0x00, 0x00, 0x00, 0x00, 0x00, 0x00, 0x00, 0x00, 0x00, 0x00,
    0x00, 0x00, 0x00, 0x00, 0x00, 0x00, 0x00, 0x00, 0x00, 0x00, 0x00, 0x00, 0x00, 0x00, 0x00, 0x00,
    0x00, 0x00, 0x00, 0x00, 0x00, 0x00, 0x00, 0x00, 0x00, 0x00, 0x00, 0x00, 0x00, 0x00, 0x00, 0x00,
    0x00, 0x00, 0x00, 0x00, 0x00, 0x00, 0x00, 0x00, 0x00, 0x00, 0x00, 0x00, 0x00, 0x00, 0x00, 0x00,
    0x00, 0x00, 0x00, 0x00, 0x00, 0x00, 0x00, 0x00, 0x00, 0x00, 0x00, 0x00, 0x00, 0x00, 0x00, 0x00,
    0x00, 0x00, 0x00, 0x00, 0x00, 0x00, 0x00, 0x00, 0x00, 0x00, 0x00, 0x00, 0x00, 0x00, 0x00, 0x00,
    0x00, 0x00, 0x00, 0x00, 0x00, 0x00, 0x00, 0x00, 0x00, 0x00, 0x00, 0x00, 0x00, 0x00, 0x00, 0x00,
    0x00, 0x00, 0x00, 0x00, 0x00, 0x00, 0x00, 0x00, 0x00, 0x00, 0x00, 0x00, 0x00, 0x00, 0x00, 0x00,
    0x00, 0x00, 0x00, 0x00, 0x00, 0x00, 0x00, 0x00, 0x00, 0x00, 0x00, 0x00, 0x00, 0x00, 0x00, 0x00,
    0x00, 0x00, 0x00, 0x00, 0x00, 0x00, 0x00, 0x00, 0x00, 0x00, 0x00, 0x00, 0x00, 0x00, 0x00, 0x00,
    0x00, 0x00, 0x00, 0x00, 0x00, 0x00, 0x00, 0x00, 0x00, 0x00, 0x00, 0x00, 0x00, 0x00, 0x00, 0x00,
    0x00, 0x00, 0x00, 0x00, 0x00, 0x00, 0x00, 0x00, 0x00, 0x00, 0x00, 0x00, 0x00, 0x00, 0x00, 0x00,
    0x00, 0x00, 0x00, 0x00, 0x00, 0x00, 0x00, 0x00, 0x00, 0x00, 0x00, 0x00, 0x00, 0x00, 0x00, 0x00,
    0x00, 0x00, 0x00, 0x00, 0x00, 0x00, 0x00, 0x00, 0x00, 0x00, 0x00, 0x00, 0x00, 0x00, 0x00, 0x00,
    0x00, 0x00, 0x00, 0x00, 0x00, 0x00, 0x00, 0x00, 0x00, 0x00, 0x00, 0x00, 0x00, 0x00, 0x00, 0x00,
    0x00, 0x00, 0x00, 0x00, 0x00, 0x00, 0x00, 0x00, 0x00, 0x00, 0x00, 0x00, 0x00, 0x00, 0x00, 0x00,
    0x00, 0x00, 0x00, 0x00, 0x00, 0x00, 0x00, 0x00, 0x00, 0x00, 0x00, 0x00, 0x00, 0x00, 0x00, 0x00,
    0x00, 0x00, 0x00, 0x00, 0x00, 0x00, 0x00, 0x00, 0x00, 0x00, 0x00, 0x00, 0x00, 0x00, 0x00, 0x00,
    0x00, 0x00, 0x00, 0x00, 0x00, 0x00, 0x00, 0x00, 0x00, 0x00, 0x00, 0x00, 0x00, 0x00, 0x00, 0x00,
    0x00, 0x00, 0x00, 0x00, 0x00, 0x00, 0x00, 0x00, 0x00, 0x00, 0x00, 0x00, 0x00, 0x00, 0x00, 0x00,
    0x00, 0x00, 0x00, 0x00, 0x00, 0x00, 0x00, 0x00, 0x00, 0x00, 0x00, 0x00, 0x00, 0x00, 0x00, 0x00,
    0x00, 0x00, 0x00, 0x00, 0x00, 0x00, 0x00, 0x00, 0x00, 0x00, 0x00, 0x00, 0x00, 0x00, 0x00, 0x00,
    0x00, 0x00, 0x00, 0x00, 0x00, 0x00, 0x00, 0x00, 0x00, 0x00, 0x00, 0x00, 0x00, 0x00, 0x00, 0x00,
    0x00, 0x00, 0x00, 0x00, 0x00, 0x00, 0x00, 0x00, 0x00, 0x00, 0x00, 0x00, 0x00, 0x00, 0x00, 0x00,
    0x00, 0x00, 0x00, 0x00, 0x00, 0x00, 0x00, 0x00, 0x00, 0x00, 0x00, 0x00, 0x00, 0x00, 0x00, 0x00,
    0x00, 0x00, 0x00, 0x00, 0x00, 0x00, 0x00, 0x00, 0x00, 0x00, 0x00, 0x00, 0x00, 0x00, 0x00, 0x00,
    0x00, 0x00, 0x00, 0x00, 0x00, 0x00, 0x00, 0x00, 0x00, 0x00, 0x00, 0x00, 0x00, 0x00, 0x00, 0x00,
    0x00, 0x00, 0x00, 0x00, 0x00, 0x00, 0x00, 0x00, 0x00, 0x00, 0x00, 0x00, 0x00, 0x00, 0x00, 0x00,
    0x00, 0x00, 0x00, 0x00, 0x00, 0x00, 0x00, 0x00, 0x00, 0x00, 0x00, 0x00, 0x00, 0x00, 0x00, 0x00,
    0x00, 0x00, 0x00, 0x00, 0x00, 0x00, 0x00, 0x00, 0x00, 0x00, 0x00, 0x00, 0x00, 0x00, 0x00, 0x00,
    0x00, 0x00, 0x00, 0x00, 0x00, 0x00, 0x00, 0x00, 0x00, 0x00, 0x00, 0x00, 0x00, 0x00, 0x00, 0x00,
    0x00, 0x00, 0x00, 0x00, 0x00, 0x00, 0x00, 0x00, 0x00, 0x00, 0x00, 0x00, 0x00, 0x00, 0x00, 0x00,
    0x00, 0x00, 0x00, 0x00, 0x00, 0x00, 0x00, 0x00, 0x00, 0x00, 0x00, 0x00, 0x00, 0x00, 0x00, 0x00,
    0x00, 0x00, 0x00, 0x00, 0x00, 0x00, 0x00, 0x00, 0x00, 0x00, 0x00, 0x00, 0x00, 0x00, 0x00, 0x00,
    0x00, 0x00, 0x00, 0x00, 0x00, 0x00, 0x00, 0x00, 0x00, 0x00, 0x00, 0x00, 0x00, 0x00, 0x00, 0x00,
    0x00, 0x00, 0x00, 0x00, 0x00, 0x00, 0x00, 0x00, 0x00, 0x00, 0x00, 0x00, 0x00, 0x00, 0x00, 0x00,
    0x00, 0x00, 0x00, 0x00, 0x00, 0x00, 0x00, 0x00, 0x00, 0x00, 0x00, 0x00, 0x00, 0x00, 0x00, 0x00,
    0x00, 0x00, 0x00, 0x00, 0x00, 0x00, 0x00, 0x00, 0x00, 0x00, 0x00, 0x00, 0x00, 0x00, 0x00, 0x00,
    0x00, 0x00, 0x00, 0x00, 0x00, 0x00, 0x00, 0x00, 0x00, 0x00, 0x00, 0x00, 0x00, 0x00, 0x00, 0x00,
    0x00, 0x00, 0x00, 0x00, 0x00, 0x00, 0x00, 0x00, 0x00, 0x00, 0x00, 0x00, 0x00, 0x00, 0x00, 0x00,
    0x00, 0x00, 0x00, 0x00, 0x00, 0x00, 0x00, 0x00, 0x00, 0x00, 0x00, 0x00, 0x00, 0x00, 0x00, 0x00,
    0x00, 0x00, 0x00, 0x00, 0x00, 0x00, 0x00, 0x00, 0x00, 0x00, 0x00, 0x00, 0x00, 0x00, 0x00, 0x00,
    0x00, 0x00, 0x00, 0x00, 0x00, 0x00, 0x00, 0x00, 0x00, 0x00, 0x00, 0x00, 0x00, 0x00, 0x00, 0x00,
    0x00, 0x00, 0x00, 0x00, 0x00, 0x00, 0x00, 0x00, 0x00, 0x00, 0x00, 0x00, 0x00, 0x00, 0x00, 0x00,
    0x00, 0x00, 0x00, 0x00, 0x00, 0x00, 0x00, 0x00, 0x00, 0x00, 0x00, 0x00, 0x00, 0x00, 0x00, 0x00,
    0x00, 0x00, 0x00, 0x00, 0x00, 0x00, 0x00, 0x00, 0x00, 0x00, 0x00, 0x00, 0x00, 0x00, 0x00, 0x00,
    0x00, 0x00, 0x00, 0x00, 0x00, 0x00, 0x00, 0x00, 0x00, 0x00, 0x00, 0x00, 0x00, 0x00, 0x00, 0x00,
    0x00, 0x00, 0x00, 0x00, 0x00, 0x00, 0x00, 0x00, 0x00, 0x00, 0x00, 0x00, 0x00, 0x00, 0x00, 0x00,
    0x00, 0x00, 0x00, 0x00, 0x00, 0x00, 0x00, 0x00, 0x00, 0x00, 0x00, 0x00, 0x00, 0x00, 0x00, 0x00,
    0x00, 0x00, 0x00, 0x00, 0x00, 0x00, 0x00, 0x00, 0x00, 0x00, 0x00, 0x00, 0x00, 0x00, 0x00, 0x00,
    0x00, 0x00, 0x00, 0x00, 0x00, 0x00, 0x00, 0x00, 0x00, 0x00, 0x00, 0x00, 0x00, 0x00, 0x00, 0x00,
    0x00, 0x00, 0x00, 0x00, 0x00, 0x00, 0x00, 0x00, 0x00, 0x00, 0x00, 0x00, 0x00, 0x00, 0x00, 0x00,
    0x00, 0x00, 0x00, 0x00, 0x00, 0x00, 0x00, 0x00, 0x00, 0x00, 0x00, 0x00, 0x00, 0x00, 0x00, 0x00,
    0x00, 0x00, 0x00, 0x00, 0x00, 0x00, 0x00, 0x00, 0x00, 0x00, 0x00, 0x00, 0x00, 0x00, 0x00, 0x00,
    0x00, 0x00, 0x00, 0x00, 0x00, 0x00, 0x00, 0x00, 0x00, 0x00, 0x00, 0x00, 0x00, 0x00, 0x00, 0x00,
    0x00, 0x00, 0x00, 0x00, 0x00, 0x00, 0x00, 0x00, 0x00, 0x00, 0x00, 0x00, 0x00, 0x00, 0x00, 0x00,
    0x00, 0x00, 0x00, 0x00, 0x00, 0x00, 0x00, 0x00, 0x00, 0x00, 0x00, 0x00, 0x00, 0x00, 0x00, 0x00,
    0x00, 0x00, 0x00, 0x00, 0x00, 0x00, 0x00, 0x00, 0x00, 0x00, 0x00, 0x00, 0x00, 0x00, 0x00, 0x00,
    0x00, 0x00, 0x00, 0x00, 0x00, 0x00, 0x00, 0x00, 0x00, 0x00, 0x00, 0x00, 0x00, 0x00, 0x00, 0x00,
    0x00, 0x00, 0x00, 0x00, 0x00, 0x00, 0x00, 0x00, 0x00, 0x00, 0x00, 0x00, 0x00, 0x00, 0x00, 0x00,
    0x00, 0x00, 0x00, 0x00, 0x00, 0x00, 0x00, 0x00, 0x00, 0x00, 0x00, 0x00, 0x00, 0x00, 0x00, 0x00,
    0x00, 0x00, 0x00, 0x00, 0x00, 0x00, 0x00, 0x00, 0x00, 0x00, 0x00, 0x00, 0x00, 0x00, 0x00, 0x00,
    0x00, 0x00, 0x00, 0x00, 0x00, 0x00, 0x00, 0x00, 0x00, 0x00, 0x00, 0x00, 0x00, 0x00, 0x00, 0x00,
    0x00, 0x00, 0x00, 0x00, 0x00, 0x00, 0x00, 0x00, 0x00, 0x00, 0x00, 0x00, 0x00, 0x00, 0x00, 0x00,
    0x00, 0x00, 0x00, 0x00, 0x00, 0x00, 0x00, 0x00, 0x00, 0x00, 0x00, 0x00, 0x00, 0x00, 0x00, 0x00,
    0x00, 0x00, 0x00, 0x00, 0x00, 0x00, 0x00, 0x00, 0x00, 0x00, 0x00, 0x00, 0x00, 0x00, 0x00, 0x00,
    0x00, 0x00, 0x00, 0x00, 0x00, 0x00, 0x00, 0x00, 0x00, 0x00, 0x00, 0x00, 0x00, 0x00, 0x00, 0x00,
    0x00, 0x00, 0x00, 0x00, 0x00, 0x00, 0x00, 0x00, 0x00, 0x00, 0x00, 0x00, 0x00, 0x00, 0x00, 0x00,
    0x00, 0x00, 0x00, 0x00, 0x00, 0x00, 0x00, 0x00, 0x00, 0x00, 0x00, 0x00, 0x00, 0x00, 0x00, 0x00,
    0x00, 0x00, 0x00, 0x00, 0x00, 0x00, 0x00, 0x00, 0x00, 0x00, 0x00, 0x00, 0x00, 0x00, 0x00, 0x00,
    0x00, 0x00, 0x00, 0x00, 0x00, 0x00, 0x00, 0x00, 0x00, 0x00, 0x00, 0x00, 0x00, 0x00, 0x00, 0x00,
    0x00, 0x00, 0x00, 0x00, 0x00, 0x00, 0x00, 0x00, 0x00, 0x00, 0x00, 0x00, 0x00, 0x00, 0x00, 0x00,
    0x00, 0x00, 0x00, 0x00, 0x00, 0x00, 0x00, 0x00, 0x00, 0x00, 0x00, 0x00, 0x00, 0x00, 0x00, 0x00,
    0x00, 0x00, 0x00, 0x00, 0x00, 0x00, 0x00, 0x00, 0x00, 0x00, 0x00, 0x00, 0x00, 0x00, 0x00, 0x00,
    0x00, 0x00, 0x00, 0x00, 0x00, 0x00, 0x00, 0x00, 0x00, 0x00, 0x00, 0x00, 0x00, 0x00, 0x00, 0x00,
    0x00, 0x00, 0x00, 0x00, 0x00, 0x00, 0x00, 0x00, 0x00, 0x00, 0x00, 0x00, 0x00, 0x00, 0x00, 0x00,
    0x00, 0x00, 0x00, 0x00, 0x00, 0x00, 0x00, 0x00, 0x00, 0x00, 0x00, 0x00, 0x00, 0x00, 0x00, 0x00,
    0x00, 0x00, 0x00, 0x00, 0x00, 0x00, 0x00, 0x00, 0x00, 0x00, 0x00, 0x00, 0x00, 0x00, 0x00, 0x00,
    0x00, 0x00, 0x00, 0x00, 0x00, 0x00, 0x00, 0x00, 0x00, 0x00, 0x00, 0x00, 0x00, 0x00, 0x00, 0x00,
    0x00, 0x00, 0x00, 0x00, 0x00, 0x00, 0x00, 0x00, 0x00, 0x00, 0x00, 0x00, 0x00, 0x00, 0x00, 0x00,
    0x00, 0x00, 0x00, 0x00, 0x00, 0x00, 0x00, 0x00, 0x00, 0x00, 0x00, 0x00, 0x00, 0x00, 0x00, 0x00,
    0x00, 0x00, 0x00, 0x00, 0x00, 0x00, 0x00, 0x00, 0x00, 0x00, 0x00, 0x00, 0x00, 0x00, 0x00, 0x00,
    0x00, 0x00, 0x00, 0x00, 0x00, 0x00, 0x00, 0x00, 0x00, 0x00, 0x00, 0x00, 0x00, 0x00, 0x00, 0x00,
    0x00, 0x00, 0x00, 0x00, 0x00, 0x00, 0x00, 0x00, 0x00, 0x00, 0x00, 0x00, 0x00, 0x00, 0x00, 0x00,
    0x00, 0x00, 0x00, 0x00, 0x00, 0x00, 0x00, 0x00, 0x00, 0x00, 0x00, 0x00, 0x00, 0x00, 0x00, 0x00,
    0x00, 0x00, 0x00, 0x00, 0x00, 0x00, 0x00, 0x00, 0x00, 0x00, 0x00, 0x00, 0x00, 0x00, 0x00, 0x00,
    0x00, 0x00, 0x00, 0x00, 0x00, 0x00, 0x00, 0x00, 0x00, 0x00, 0x00, 0x00, 0x00, 0x00, 0x00, 0x00,
    0x00, 0x00, 0x00, 0x00, 0x00, 0x00, 0x00, 0x00, 0x00, 0x00, 0x00, 0x00, 0x00, 0x00, 0x00, 0x00,
    0x00, 0x00, 0x00, 0x00, 0x00, 0x00, 0x00, 0x00, 0x00, 0x00, 0x00, 0x00, 0x00, 0x00, 0x00, 0x00,
    0x00, 0x00, 0x00, 0x00, 0x00, 0x00, 0x00, 0x00, 0x00, 0x00, 0x00, 0x00, 0x00, 0x00, 0x00, 0x00,
    0x00, 0x00, 0x00, 0x00, 0x00, 0x00, 0x00, 0x00, 0x00, 0x00, 0x00, 0x00, 0x00, 0x00, 0x00, 0x00,
    0x00, 0x00, 0x00, 0x00, 0x00, 0x00, 0x00, 0x00, 0x00, 0x00, 0x00, 0x00, 0x00, 0x00, 0x00, 0x00,
    0x00, 0x00, 0x00, 0x00, 0x00, 0x00, 0x00, 0x00, 0x00, 0x00, 0x00, 0x00, 0x00, 0x00, 0x00, 0x00,
    0x00, 0x00, 0x00, 0x00, 0x00, 0x00, 0x00, 0x00, 0x00, 0x00, 0x00, 0x00, 0x00, 0x00, 0x00, 0x00,
    0x00, 0x00, 0x00, 0x00, 0x00, 0x00, 0x00, 0x00, 0x00, 0x00, 0x00, 0x00, 0x00, 0x00, 0x00, 0x00,
    0x00, 0x00, 0x00, 0x00, 0x00, 0x00, 0x00, 0x00, 0x00, 0x00, 0x00, 0x00, 0x00, 0x00, 0x00, 0x00,
    0x00, 0x00, 0x00, 0x00, 0x00, 0x00, 0x00, 0x00, 0x00, 0x00, 0x00, 0x00, 0x00, 0x00, 0x00, 0x00,
    0x00, 0x00, 0x00, 0x00, 0x00, 0x00, 0x00, 0x00, 0x00, 0x00, 0x00, 0x00, 0x00, 0x00, 0x00, 0x00,
    0x00, 0x00, 0x00, 0x00, 0x00, 0x00, 0x00, 0x00, 0x00, 0x00, 0x00, 0x00, 0x00, 0x00, 0x00, 0x00,
    0x00, 0x00, 0x00, 0x00, 0x00, 0x00, 0x00, 0x00, 0x00, 0x00, 0x00, 0x00, 0x00, 0x00, 0x00, 0x00,
    0x00, 0x00, 0x00, 0x00, 0x00, 0x00, 0x00, 0x00, 0x00, 0x00, 0x00, 0x00, 0x00, 0x00, 0x00, 0x00,
    0x00, 0x00, 0x00, 0x00, 0x00, 0x00, 0x00, 0x00, 0x00, 0x00, 0x00, 0x00, 0x00, 0x00, 0x00, 0x00,
    0x00, 0x00, 0x00, 0x00, 0x00, 0x00, 0x00, 0x00, 0x00, 0x00, 0x00, 0x00, 0x00, 0x00, 0x00, 0x00,
    0x00, 0x00, 0x00, 0x00, 0x00, 0x00, 0x00, 0x00, 0x00, 0x00, 0x00, 0x00, 0x00, 0x00, 0x00, 0x00,
    0x00, 0x00, 0x00, 0x00, 0x00, 0x00, 0x00, 0x00, 0x00, 0x00, 0x00, 0x00, 0x00, 0x00, 0x00, 0x00,
    0x00, 0x00, 0x00, 0x00, 0x00, 0x00, 0x00, 0x00, 0x00, 0x00, 0x00, 0x00, 0x00, 0x00, 0x00, 0x00,
    0x00, 0x00, 0x00, 0x00, 0x00, 0x00, 0x00, 0x00, 0x00, 0x00, 0x00, 0x00, 0x00, 0x00, 0x00, 0x00,
    0x00, 0x00, 0x00, 0x00, 0x00, 0x00, 0x00, 0x00, 0x00, 0x00, 0x00, 0x00, 0x00, 0x00, 0x00, 0x00,
    0x00, 0x00, 0x00, 0x00, 0x00, 0x00, 0x00, 0x00, 0x00, 0x00, 0x00, 0x00, 0x00, 0x00, 0x00, 0x00,
    0x00, 0x00, 0x00, 0x00, 0x00, 0x00, 0x00, 0x00, 0x00, 0x00, 0x00, 0x00, 0x00, 0x00, 0x00, 0x00,
    0x00, 0x00, 0x00, 0x00, 0x00, 0x00, 0x00, 0x00, 0x00, 0x00, 0x00, 0x00, 0x00, 0x00, 0x00, 0x00,
    0x00, 0x00, 0x00, 0x00, 0x00, 0x00, 0x00, 0x00, 0x00, 0x00, 0x00, 0x00, 0x00, 0x00, 0x00, 0x00,
    0x00, 0x00, 0x00, 0x00, 0x00, 0x00, 0x00, 0x00, 0x00, 0x00, 0x00, 0x00, 0x00, 0x00, 0x00, 0x00,
    0x00, 0x00, 0x00, 0x00, 0x00, 0x00, 0x00, 0x00, 0x00, 0x00, 0x00, 0x00, 0x00, 0x00, 0x00, 0x00,
    0x00, 0x00, 0x00, 0x00, 0x00, 0x00, 0x00, 0x00, 0x00, 0x00, 0x00, 0x00, 0x00, 0x00, 0x00, 0x00,
    0x00, 0x00, 0x00, 0x00, 0x00, 0x00, 0x00, 0x00, 0x00, 0x00, 0x00, 0x00, 0x00, 0x00, 0x00, 0x00,
    0x00, 0x00, 0x00, 0x00, 0x00, 0x00, 0x00, 0x00, 0x00, 0x00, 0x00, 0x00, 0x00, 0x00, 0x00, 0x00,
    0x00, 0x00, 0x00, 0x00, 0x00, 0x00, 0x00, 0x00, 0x00, 0x00, 0x00, 0x00, 0x00, 0x00, 0x00, 0x00,
    0x00, 0x00, 0x00, 0x00, 0x00, 0x00, 0x00, 0x00, 0x00, 0x00, 0x00, 0x00, 0x00, 0x00, 0x00, 0x00,
    0x00, 0x00, 0x00, 0x00, 0x00, 0x00, 0x00, 0x00, 0x00, 0x00, 0x00, 0x00, 0x00, 0x00, 0x00, 0x00,
    0x00, 0x00, 0x00, 0x00, 0x00, 0x00, 0x00, 0x00, 0x00, 0x00, 0x00, 0x00, 0x00, 0x00, 0x00, 0x00,
    0x00, 0x00, 0x00, 0x00, 0x00, 0x00, 0x00, 0x00, 0x00, 0x00, 0x00, 0x00, 0x00, 0x00, 0x00, 0x00,
    0x00, 0x00, 0x00, 0x00, 0x00, 0x00, 0x00, 0x00, 0x00, 0x00, 0x00, 0x00, 0x00, 0x00, 0x00, 0x00,
    0x00, 0x00, 0x00, 0x00, 0x00, 0x00, 0x00, 0x00, 0x00, 0x00, 0x00, 0x00, 0x00, 0x00, 0x00, 0x00,
    0x00, 0x00, 0x00, 0x00, 0x00, 0x00, 0x00, 0x00, 0x00, 0x00, 0x00, 0x00, 0x00, 0x00, 0x00, 0x00,
    0x00, 0x00, 0x00, 0x00, 0x00, 0x00, 0x00, 0x00, 0x00, 0x00, 0x00, 0x00, 0x00, 0x00, 0x00, 0x00,
    0x00, 0x00, 0x00, 0x00, 0x00, 0x00, 0x00, 0x00, 0x00, 0x00, 0x00, 0x00, 0x00, 0x00, 0x00, 0x00,
    0x00, 0x00, 0x00, 0x00, 0x00, 0x00, 0x00, 0x00, 0x00, 0x00, 0x00, 0x00, 0x00, 0x00, 0x00, 0x00,
    0x00, 0x00, 0x00, 0x00, 0x00, 0x00, 0x00, 0x00, 0x00, 0x00, 0x00, 0x00, 0x00, 0x00, 0x00, 0x00,
    0x00, 0x00, 0x00, 0x00, 0x00, 0x00, 0x00, 0x00, 0x00, 0x00, 0x00, 0x00, 0x00, 0x00, 0x00, 0x00,
    0x00, 0x00, 0x00, 0x00, 0x00, 0x00, 0x00, 0x00, 0x00, 0x00, 0x00, 0x00, 0x00, 0x00, 0x00, 0x00,
    0x00, 0x00, 0x00, 0x00, 0x00, 0x00, 0x00, 0x00, 0x00, 0x00, 0x00, 0x00, 0x00, 0x00, 0x00, 0x00
};

const lv_image_dsc_t pet_cat_idle_02 = {
    .header = {
        .magic = LV_IMAGE_HEADER_MAGIC,
        .cf = LV_COLOR_FORMAT_ARGB8888,
        .flags = 0,
        .w = 128,
        .h = 128,
        .stride = 512,
    },
    .data_size = 65536,
    .data = pet_cat_idle_02_map,
};
