/* Auto-generated — do not edit */
#include <lvgl/lvgl.h>

static const uint8_t pet_cat_happy_07_map[] = {
    0x00, 0x00, 0x00, 0x00, 0x00, 0x00, 0x00, 0x00, 0x00, 0x00, 0x00, 0x00, 0x00, 0x00, 0x00, 0x00,
    0x00, 0x00, 0x00, 0x00, 0x00, 0x00, 0x00, 0x00, 0x00, 0x00, 0x00, 0x00, 0x00, 0x00, 0x00, 0x00,
    0x00, 0x00, 0x00, 0x00, 0x00, 0x00, 0x00, 0x00, 0x00, 0x00, 0x00, 0x00, 0x00, 0x00, 0x00, 0x00,
    0x00, 0x00, 0x00, 0x00, 0x00, 0x00, 0x00, 0x00, 0x00, 0x00, 0x00, 0x00, 0x00, 0x00, 0x00, 0x00,
    0x00, 0x00, 0x00, 0x00, 0x00, 0x00, 0x00, 0x00, 0x00, 0x00, 0x00, 0x00, 0x00, 0x00, 0x00, 0x00,
    0x00, 0x00, 0x00, 0x00, 0x00, 0x00, 0x00, 0x00, 0x00, 0x00, 0x00, 0x00, 0x00, 0x00, 0x00, 0x00,
    0x00, 0x00, 0x00, 0x00, 0x00, 0x00, 0x00, 0x00, 0x00, 0x00, 0x00, 0x00, 0x00, 0x00, 0x00, 0x00,
    0x00, 0x00, 0x00, 0x00, 0x00, 0x00, 0x00, 0x00, 0x00, 0x00, 0x00, 0x00, 0x00, 0x00, 0x00, 0x00,
    0x00, 0x00, 0x00, 0x00, 0x00, 0x00, 0x00, 0x00, 0x00, 0x00, 0x00, 0x00, 0x00, 0x00, 0x00, 0x00,
    0x00, 0x00, 0x00, 0x00, 0x00, 0x00, 0x00, 0x00, 0x00, 0x00, 0x00, 0x00, 0x00, 0x00, 0x00, 0x00,
    0x00, 0x00, 0x00, 0x00, 0x00, 0x00, 0x00, 0x00, 0x00, 0x00, 0x00, 0x00, 0x00, 0x00, 0x00, 0x00,
    0x00, 0x00, 0x00, 0x00, 0x00, 0x00, 0x00, 0x00, 0x00, 0x00, 0x00, 0x00, 0x00, 0x00, 0x00, 0x00,
    0x00, 0x00, 0x00, 0x00, 0x00, 0x00, 0x00, 0x00, 0x00, 0x00, 0x00, 0x00, 0x00, 0x00, 0x00, 0x00,
    0x00, 0x00, 0x00, 0x00, 0x00, 0x00, 0x00, 0x00, 0x00, 0x00, 0x00, 0x00, 0x00, 0x00, 0x00, 0x00,
    0x00, 0x00, 0x00, 0x00, 0x00, 0x00, 0x00, 0x00, 0x00, 0x00, 0x00, 0x00, 0x00, 0x00, 0x00, 0x00,
    0x00, 0x00, 0x00, 0x00, 0x00, 0x00, 0x00, 0x00, 0x00, 0x00, 0x00, 0x00, 0x00, 0x00, 0x00, 0x00,
    0x00, 0x00, 0x00, 0x00, 0x00, 0x00, 0x00, 0x00, 0x00, 0x00, 0x00, 0x00, 0x00, 0x00, 0x00, 0x00,
    0x00, 0x00, 0x00, 0x00, 0x00, 0x00, 0x00, 0x00, 0x00, 0x00, 0x00, 0x00, 0x00, 0x00, 0x00, 0x00,
    0x00, 0x00, 0x00, 0x00, 0x00, 0x00, 0x00, 0x00, 0x00, 0x00, 0x00, 0x00, 0x00, 0x00, 0x00, 0x00,
    0x00, 0x00, 0x00, 0x00, 0x00, 0x00, 0x00, 0x00, 0x00, 0x00, 0x00, 0x00, 0x00, 0x00, 0x00, 0x00,
    0x00, 0x00, 0x00, 0x00, 0x00, 0x00, 0x00, 0x00, 0x00, 0x00, 0x00, 0x00, 0x00, 0x00, 0x00, 0x00,
    0x00, 0x00, 0x00, 0x00, 0x00, 0x00, 0x00, 0x00, 0x00, 0x00, 0x00, 0x00, 0x00, 0x00, 0x00, 0x00,
    0x00, 0x00, 0x00, 0x00, 0x00, 0x00, 0x00, 0x00, 0x00, 0x00, 0x00, 0x00, 0x00, 0x00, 0x00, 0x00,
    0x00, 0x00, 0x00, 0x00, 0x00, 0x00, 0x00, 0x00, 0x00, 0x00, 0x00, 0x00, 0x00, 0x00, 0x00, 0x00,
    0x00, 0x00, 0x00, 0x00, 0x00, 0x00, 0x00, 0x00, 0x00, 0x00, 0x00, 0x00, 0x00, 0x00, 0x00, 0x00,
    0x00, 0x00, 0x00, 0x00, 0x00, 0x00, 0x00, 0x00, 0x00, 0x00, 0x00, 0x00, 0x00, 0x00, 0x00, 0x00,
    0x00, 0x00, 0x00, 0x00, 0x00, 0x00, 0x00, 0x00, 0x00, 0x00, 0x00, 0x00, 0x00, 0x00, 0x00, 0x00,
    0x00, 0x00, 0x00, 0x00, 0x00, 0x00, 0x00, 0x00, 0x00, 0x00, 0x00, 0x00, 0x00, 0x00, 0x00, 0x00,
    0x00, 0x00, 0x00, 0x00, 0x00, 0x00, 0x00, 0x00, 0x00, 0x00, 0x00, 0x00, 0x00, 0x00, 0x00, 0x00,
    0x00, 0x00, 0x00, 0x00, 0x00, 0x00, 0x00, 0x00, 0x00, 0x00, 0x00, 0x00, 0x00, 0x00, 0x00, 0x00,
    0x00, 0x00, 0x00, 0x00, 0x00, 0x00, 0x00, 0x00, 0x00, 0x00, 0x00, 0x00, 0x00, 0x00, 0x00, 0x00,
    0x00, 0x00, 0x00, 0x00, 0x00, 0x00, 0x00, 0x00, 0x00, 0x00, 0x00, 0x00, 0x00, 0x00, 0x00, 0x00,
    0x00, 0x00, 0x00, 0x00, 0x00, 0x00, 0x00, 0x00, 0x00, 0x00, 0x00, 0x00, 0x00, 0x00, 0x00, 0x00,
    0x00, 0x00, 0x00, 0x00, 0x00, 0x00, 0x00, 0x00, 0x00, 0x00, 0x00, 0x00, 0x00, 0x00, 0x00, 0x00,
    0x00, 0x00, 0x00, 0x00, 0x00, 0x00, 0x00, 0x00, 0x00, 0x00, 0x00, 0x00, 0x00, 0x00, 0x00, 0x00,
    0x00, 0x00, 0x00, 0x00, 0x00, 0x00, 0x00, 0x00, 0x00, 0x00, 0x00, 0x00, 0x00, 0x00, 0x00, 0x00,
    0x00, 0x00, 0x00, 0x00, 0x00, 0x00, 0x00, 0x00, 0x00, 0x00, 0x00, 0x00, 0x00, 0x00, 0x00, 0x00,
    0x00, 0x00, 0x00, 0x00, 0x00, 0x00, 0x00, 0x00, 0x00, 0x00, 0x00, 0x00, 0x00, 0x00, 0x00, 0x00,
    0x00, 0x00, 0x00, 0x00, 0x00, 0x00, 0x00, 0x00, 0x00, 0x00, 0x00, 0x00, 0x00, 0x00, 0x00, 0x00,
    0x00, 0x00, 0x00, 0x00, 0x00, 0x00, 0x00, 0x00, 0x00, 0x00, 0x00, 0x00, 0x00, 0x00, 0x00, 0x00,
    0x00, 0x00, 0x00, 0x00, 0x00, 0x00, 0x00, 0x00, 0x00, 0x00, 0x00, 0x00, 0x00, 0x00, 0x00, 0x00,
    0x00, 0x00, 0x00, 0x00, 0x00, 0x00, 0x00, 0x00, 0x00, 0x00, 0x00, 0x00, 0x00, 0x00, 0x00, 0x00,
    0x00, 0x00, 0x00, 0x00, 0x00, 0x00, 0x00, 0x00, 0x00, 0x00, 0x00, 0x00, 0x00, 0x00, 0x00, 0x00,
    0x00, 0x00, 0x00, 0x00, 0x00, 0x00, 0x00, 0x00, 0x00, 0x00, 0x00, 0x00, 0x00, 0x00, 0x00, 0x00,
    0x00, 0x00, 0x00, 0x00, 0x00, 0x00, 0x00, 0x00, 0x00, 0x00, 0x00, 0x00, 0x00, 0x00, 0x00, 0x00,
    0x00, 0x00, 0x00, 0x00, 0x00, 0x00, 0x00, 0x00, 0x00, 0x00, 0x00, 0x00, 0x00, 0x00, 0x00, 0x00,
    0x00, 0x00, 0x00, 0x00, 0x00, 0x00, 0x00, 0x00, 0x00, 0x00, 0x00, 0x00, 0x00, 0x00, 0x00, 0x00,
    0x00, 0x00, 0x00, 0x00, 0x00, 0x00, 0x00, 0x00, 0x00, 0x00, 0x00, 0x00, 0x00, 0x00, 0x00, 0x00,
    0x00, 0x00, 0x00, 0x00, 0x00, 0x00, 0x00, 0x00, 0x00, 0x00, 0x00, 0x00, 0x00, 0x00, 0x00, 0x00,
    0x00, 0x00, 0x00, 0x00, 0x00, 0x00, 0x00, 0x00, 0x00, 0x00, 0x00, 0x00, 0x00, 0x00, 0x00, 0x00,
    0x00, 0x00, 0x00, 0x00, 0x00, 0x00, 0x00, 0x00, 0x00, 0x00, 0x00, 0x00, 0x00, 0x00, 0x00, 0x00,
    0x00, 0x00, 0x00, 0x00, 0x00, 0x00, 0x00, 0x00, 0x00, 0x00, 0x00, 0x00, 0x00, 0x00, 0x00, 0x00,
    0x00, 0x00, 0x00, 0x00, 0x00, 0x00, 0x00, 0x00, 0x00, 0x00, 0x00, 0x00, 0x00, 0x00, 0x00, 0x00,
    0x00, 0x00, 0x00, 0x00, 0x00, 0x00, 0x00, 0x00, 0x00, 0x00, 0x00, 0x00, 0x00, 0x00, 0x00, 0x00,
    0x00, 0x00, 0x00, 0x00, 0x00, 0x00, 0x00, 0x00, 0x00, 0x00, 0x00, 0x00, 0x00, 0x00, 0x00, 0x00,
    0x00, 0x00, 0x00, 0x00, 0x00, 0x00, 0x00, 0x00, 0x00, 0x00, 0x00, 0x00, 0x00, 0x00, 0x00, 0x00,
    0x00, 0x00, 0x00, 0x00, 0x00, 0x00, 0x00, 0x00, 0x00, 0x00, 0x00, 0x00, 0x00, 0x00, 0x00, 0x00,
    0x00, 0x00, 0x00, 0x00, 0x00, 0x00, 0x00, 0x00, 0x00, 0x00, 0x00, 0x00, 0x00, 0x00, 0x00, 0x00,
    0x00, 0x00, 0x00, 0x00, 0x00, 0x00, 0x00, 0x00, 0x00, 0x00, 0x00, 0x00, 0x00, 0x00, 0x00, 0x00,
    0x00, 0x00, 0x00, 0x00, 0x00, 0x00, 0x00, 0x00, 0x00, 0x00, 0x00, 0x00, 0x00, 0x00, 0x00, 0x00,
    0x00, 0x00, 0x00, 0x00, 0x00, 0x00, 0x00, 0x00, 0x00, 0x00, 0x00, 0x00, 0x00, 0x00, 0x00, 0x00,
    0x00, 0x00, 0x00, 0x00, 0x00, 0x00, 0x00, 0x00, 0x00, 0x00, 0x00, 0x00, 0x00, 0x00, 0x00, 0x00,
    0x00, 0x00, 0x00, 0x00, 0x00, 0x00, 0x00, 0x00, 0x00, 0x00, 0x00, 0x00, 0x00, 0x00, 0x00, 0x00,
    0x00, 0x00, 0x00, 0x00, 0x00, 0x00, 0x00, 0x00, 0x00, 0x00, 0x00, 0x00, 0x00, 0x00, 0x00, 0x00,
    0x00, 0x00, 0x00, 0x00, 0x00, 0x00, 0x00, 0x00, 0x00, 0x00, 0x00, 0x00, 0x00, 0x00, 0x00, 0x00,
    0x00, 0x00, 0x00, 0x00, 0x00, 0x00, 0x00, 0x00, 0x00, 0x00, 0x00, 0x00, 0x00, 0x00, 0x00, 0x00,
    0x00, 0x00, 0x00, 0x00, 0x00, 0x00, 0x00, 0x00, 0x00, 0x00, 0x00, 0x00, 0x00, 0x00, 0x00, 0x00,
    0x00, 0x00, 0x00, 0x00, 0x00, 0x00, 0x00, 0x00, 0x00, 0x00, 0x00, 0x00, 0x00, 0x00, 0x00, 0x00,
    0x00, 0x00, 0x00, 0x00, 0x00, 0x00, 0x00, 0x00, 0x00, 0x00, 0x00, 0x00, 0x00, 0x00, 0x00, 0x00,
    0x00, 0x00, 0x00, 0x00, 0x00, 0x00, 0x00, 0x00, 0x00, 0x00, 0x00, 0x00, 0x00, 0x00, 0x00, 0x00,
    0x00, 0x00, 0x00, 0x00, 0x00, 0x00, 0x00, 0x00, 0x00, 0x00, 0x00, 0x00, 0x00, 0x00, 0x00, 0x00,
    0x00, 0x00, 0x00, 0x00, 0x00, 0x00, 0x00, 0x00, 0x00, 0x00, 0x00, 0x00, 0x00, 0x00, 0x00, 0x00,
    0x00, 0x00, 0x00, 0x00, 0x00, 0x00, 0x00, 0x00, 0x00, 0x00, 0x00, 0x00, 0x00, 0x00, 0x00, 0x00,
    0x00, 0x00, 0x00, 0x00, 0x00, 0x00, 0x00, 0x00, 0x00, 0x00, 0x00, 0x00, 0x00, 0x00, 0x00, 0x00,
    0x00, 0x00, 0x00, 0x00, 0x00, 0x00, 0x00, 0x00, 0x00, 0x00, 0x00, 0x00, 0x00, 0x00, 0x00, 0x00,
    0x00, 0x00, 0x00, 0x00, 0x00, 0x00, 0x00, 0x00, 0x00, 0x00, 0x00, 0x00, 0x00, 0x00, 0x00, 0x00,
    0x00, 0x00, 0x00, 0x00, 0x00, 0x00, 0x00, 0x00, 0x00, 0x00, 0x00, 0x00, 0x00, 0x00, 0x00, 0x00,
    0x00, 0x00, 0x00, 0x00, 0x00, 0x00, 0x00, 0x00, 0x00, 0x00, 0x00, 0x00, 0x00, 0x00, 0x00, 0x00,
    0x00, 0x00, 0x00, 0x00, 0x00, 0x00, 0x00, 0x00, 0x00, 0x00, 0x00, 0x00, 0x00, 0x00, 0x00, 0x00,
    0x00, 0x00, 0x00, 0x00, 0x00, 0x00, 0x00, 0x00, 0x00, 0x00, 0x00, 0x00, 0x00, 0x00, 0x00, 0x00,
    0x00, 0x00, 0x00, 0x00, 0x00, 0x00, 0x00, 0x00, 0x00, 0x00, 0x00, 0x00, 0x00, 0x00, 0x00, 0x00,
    0x00, 0x00, 0x00, 0x00, 0x00, 0x00, 0x00, 0x00, 0x00, 0x00, 0x00, 0x00, 0x00, 0x00, 0x00, 0x00,
    0x00, 0x00, 0x00, 0x00, 0x00, 0x00, 0x00, 0x00, 0x00, 0x00, 0x00, 0x00, 0x00, 0x00, 0x00, 0x00,
    0x00, 0x00, 0x00, 0x00, 0x00, 0x00, 0x00, 0x00, 0x00, 0x00, 0x00, 0x00, 0x00, 0x00, 0x00, 0x00,
    0x00, 0x00, 0x00, 0x00, 0x00, 0x00, 0x00, 0x00, 0x00, 0x00, 0x00, 0x00, 0x00, 0x00, 0x00, 0x00,
    0x00, 0x00, 0x00, 0x00, 0x00, 0x00, 0x00, 0x00, 0x00, 0x00, 0x00, 0x00, 0x00, 0x00, 0x00, 0x00,
    0x00, 0x00, 0x00, 0x00, 0x00, 0x00, 0x00, 0x00, 0x00, 0x00, 0x00, 0x00, 0x00, 0x00, 0x00, 0x00,
    0x00, 0x00, 0x00, 0x00, 0x00, 0x00, 0x00, 0x00, 0x00, 0x00, 0x00, 0x00, 0x00, 0x00, 0x00, 0x00,
    0x00, 0x00, 0x00, 0x00, 0x00, 0x00, 0x00, 0x00, 0x00, 0x00, 0x00, 0x00, 0x00, 0x00, 0x00, 0x00,
    0x00, 0x00, 0x00, 0x00, 0x00, 0x00, 0x00, 0x00, 0x00, 0x00, 0x00, 0x00, 0x00, 0x00, 0x00, 0x00,
    0x00, 0x00, 0x00, 0x00, 0x00, 0x00, 0x00, 0x00, 0x00, 0x00, 0x00, 0x00, 0x00, 0x00, 0x00, 0x00,
    0x00, 0x00, 0x00, 0x00, 0x00, 0x00, 0x00, 0x00, 0x00, 0x00, 0x00, 0x00, 0x00, 0x00, 0x00, 0x00,
    0x00, 0x00, 0x00, 0x00, 0x00, 0x00, 0x00, 0x00, 0x00, 0x00, 0x00, 0x00, 0x00, 0x00, 0x00, 0x00,
    0x00, 0x00, 0x00, 0x00, 0x00, 0x00, 0x00, 0x00, 0x00, 0x00, 0x00, 0x00, 0x00, 0x00, 0x00, 0x00,
    0x00, 0x00, 0x00, 0x00, 0x00, 0x00, 0x00, 0x00, 0x00, 0x00, 0x00, 0x00, 0x00, 0x00, 0x00, 0x00,
    0x00, 0x00, 0x00, 0x00, 0x00, 0x00, 0x00, 0x00, 0x00, 0x00, 0x00, 0x00, 0x00, 0x00, 0x00, 0x00,
    0x00, 0x00, 0x00, 0x00, 0x00, 0x00, 0x00, 0x00, 0x00, 0x00, 0x00, 0x00, 0x00, 0x00, 0x00, 0x00,
    0x00, 0x00, 0x00, 0x00, 0x00, 0x00, 0x00, 0x00, 0x00, 0x00, 0x00, 0x00, 0x00, 0x00, 0x00, 0x00,
    0x00, 0x00, 0x00, 0x00, 0x00, 0x00, 0x00, 0x00, 0x00, 0x00, 0x00, 0x00, 0x00, 0x00, 0x00, 0x00,
    0x00, 0x00, 0x00, 0x00, 0x00, 0x00, 0x00, 0x00, 0x00, 0x00, 0x00, 0x00, 0x00, 0x00, 0x00, 0x00,
    0x00, 0x00, 0x00, 0x00, 0x00, 0x00, 0x00, 0x00, 0x00, 0x00, 0x00, 0x00, 0x00, 0x00, 0x00, 0x00,
    0x00, 0x00, 0x00, 0x00, 0x00, 0x00, 0x00, 0x00, 0x00, 0x00, 0x00, 0x00, 0x00, 0x00, 0x00, 0x00,
    0x00, 0x00, 0x00, 0x00, 0x00, 0x00, 0x00, 0x00, 0x00, 0x00, 0x00, 0x00, 0x00, 0x00, 0x00, 0x00,
    0x00, 0x00, 0x00, 0x00, 0x00, 0x00, 0x00, 0x00, 0x00, 0x00, 0x00, 0x00, 0x00, 0x00, 0x00, 0x00,
    0x00, 0x00, 0x00, 0x00, 0x00, 0x00, 0x00, 0x00, 0x00, 0x00, 0x00, 0x00, 0x00, 0x00, 0x00, 0x00,
    0x00, 0x00, 0x00, 0x00, 0x00, 0x00, 0x00, 0x00, 0x00, 0x00, 0x00, 0x00, 0x00, 0x00, 0x00, 0x00,
    0x00, 0x00, 0x00, 0x00, 0x00, 0x00, 0x00, 0x00, 0x00, 0x00, 0x00, 0x00, 0x00, 0x00, 0x00, 0x00,
    0x00, 0x00, 0x00, 0x00, 0x00, 0x00, 0x00, 0x00, 0x00, 0x00, 0x00, 0x00, 0x00, 0x00, 0x00, 0x00,
    0x00, 0x00, 0x00, 0x00, 0x00, 0x00, 0x00, 0x00, 0x00, 0x00, 0x00, 0x00, 0x00, 0x00, 0x00, 0x00,
    0x00, 0x00, 0x00, 0x00, 0x00, 0x00, 0x00, 0x00, 0x00, 0x00, 0x00, 0x00, 0x00, 0x00, 0x00, 0x00,
    0x00, 0x00, 0x00, 0x00, 0x00, 0x00, 0x00, 0x00, 0x00, 0x00, 0x00, 0x00, 0x00, 0x00, 0x00, 0x00,
    0x00, 0x00, 0x00, 0x00, 0x00, 0x00, 0x00, 0x00, 0x00, 0x00, 0x00, 0x00, 0x00, 0x00, 0x00, 0x00,
    0x00, 0x00, 0x00, 0x00, 0x00, 0x00, 0x00, 0x00, 0x00, 0x00, 0x00, 0x00, 0x00, 0x00, 0x00, 0x00,
    0x00, 0x00, 0x00, 0x00, 0x00, 0x00, 0x00, 0x00, 0x00, 0x00, 0x00, 0x00, 0x00, 0x00, 0x00, 0x00,
    0x00, 0x00, 0x00, 0x00, 0x00, 0x00, 0x00, 0x00, 0x00, 0x00, 0x00, 0x00, 0x00, 0x00, 0x00, 0x00,
    0x00, 0x00, 0x00, 0x00, 0x00, 0x00, 0x00, 0x00, 0x00, 0x00, 0x00, 0x00, 0x00, 0x00, 0x00, 0x00,
    0x00, 0x00, 0x00, 0x00, 0x00, 0x00, 0x00, 0x00, 0x00, 0x00, 0x00, 0x00, 0x00, 0x00, 0x00, 0x00,
    0x00, 0x00, 0x00, 0x00, 0x00, 0x00, 0x00, 0x00, 0x00, 0x00, 0x00, 0x00, 0x00, 0x00, 0x00, 0x00,
    0x00, 0x00, 0x00, 0x00, 0x00, 0x00, 0x00, 0x00, 0x00, 0x00, 0x00, 0x00, 0x00, 0x00, 0x00, 0x00,
    0x00, 0x00, 0x00, 0x00, 0x00, 0x00, 0x00, 0x00, 0x00, 0x00, 0x00, 0x00, 0x00, 0x00, 0x00, 0x00,
    0x00, 0x00, 0x00, 0x00, 0x00, 0x00, 0x00, 0x00, 0x00, 0x00, 0x00, 0x00, 0x00, 0x00, 0x00, 0x00,
    0x00, 0x00, 0x00, 0x00, 0x00, 0x00, 0x00, 0x00, 0x00, 0x00, 0x00, 0x00, 0x00, 0x00, 0x00, 0x00,
    0x00, 0x00, 0x00, 0x00, 0x00, 0x00, 0x00, 0x00, 0x00, 0x00, 0x00, 0x00, 0x00, 0x00, 0x00, 0x00,
    0x00, 0x00, 0x00, 0x00, 0x00, 0x00, 0x00, 0x00, 0x00, 0x00, 0x00, 0x00, 0x00, 0x00, 0x00, 0x00,
    0x00, 0x00, 0x00, 0x00, 0x00, 0x00, 0x00, 0x00, 0x00, 0x00, 0x00, 0x00, 0x00, 0x00, 0x00, 0x00,
    0x00, 0x00, 0x00, 0x00, 0x00, 0x00, 0x00, 0x00, 0x00, 0x00, 0x00, 0x00, 0x00, 0x00, 0x00, 0x00,
    0x00, 0x00, 0x00, 0x00, 0x00, 0x00, 0x00, 0x00, 0x00, 0x00, 0x00, 0x00, 0x00, 0x00, 0x00, 0x00,
    0x00, 0x00, 0x00, 0x00, 0x00, 0x00, 0x00, 0x00, 0x00, 0x00, 0x00, 0x00, 0x00, 0x00, 0x00, 0x00,
    0x00, 0x00, 0x00, 0x00, 0x00, 0x00, 0x00, 0x00, 0x00, 0x00, 0x00, 0x00, 0x00, 0x00, 0x00, 0x00,
    0x00, 0x00, 0x00, 0x00, 0x00, 0x00, 0x00, 0x00, 0x00, 0x00, 0x00, 0x00, 0x00, 0x00, 0x00, 0x00,
    0x00, 0x00, 0x00, 0x00, 0x00, 0x00, 0x00, 0x00, 0x00, 0x00, 0x00, 0x00, 0x00, 0x00, 0x00, 0x00,
    0x00, 0x00, 0x00, 0x00, 0x00, 0x00, 0x00, 0x00, 0x00, 0x00, 0x00, 0x00, 0x00, 0x00, 0x00, 0x00,
    0x00, 0x00, 0x00, 0x00, 0x00, 0x00, 0x00, 0x00, 0x00, 0x00, 0x00, 0x00, 0x00, 0x00, 0x00, 0x00,
    0x00, 0x00, 0x00, 0x00, 0x00, 0x00, 0x00, 0x00, 0x00, 0x00, 0x00, 0x00, 0x00, 0x00, 0x00, 0x00,
    0x00, 0x00, 0x00, 0x00, 0x00, 0x00, 0x00, 0x00, 0x00, 0x00, 0x00, 0x00, 0x00, 0x00, 0x00, 0x00,
    0x00, 0x00, 0x00, 0x00, 0x00, 0x00, 0x00, 0x00, 0x00, 0x00, 0x00, 0x00, 0x00, 0x00, 0x00, 0x00,
    0x00, 0x00, 0x00, 0x00, 0x00, 0x00, 0x00, 0x00, 0x00, 0x00, 0x00, 0x00, 0x00, 0x00, 0x00, 0x00,
    0x00, 0x00, 0x00, 0x00, 0x00, 0x00, 0x00, 0x00, 0x00, 0x00, 0x00, 0x00, 0x00, 0x00, 0x00, 0x00,
    0x00, 0x00, 0x00, 0x00, 0x00, 0x00, 0x00, 0x00, 0x00, 0x00, 0x00, 0x00, 0x00, 0x00, 0x00, 0x00,
    0x00, 0x00, 0x00, 0x00, 0x00, 0x00, 0x00, 0x00, 0x00, 0x00, 0x00, 0x00, 0x00, 0x00, 0x00, 0x00,
    0x00, 0x00, 0x00, 0x00, 0x00, 0x00, 0x00, 0x00, 0x00, 0x00, 0x00, 0x00, 0x00, 0x00, 0x00, 0x00,
    0x00, 0x00, 0x00, 0x00, 0x00, 0x00, 0x00, 0x00, 0x00, 0x00, 0x00, 0x00, 0x00, 0x00, 0x00, 0x00,
    0x00, 0x00, 0x00, 0x00, 0x00, 0x00, 0x00, 0x00, 0x00, 0x00, 0x00, 0x00, 0x00, 0x00, 0x00, 0x00,
    0x00, 0x00, 0x00, 0x00, 0x00, 0x00, 0x00, 0x00, 0x00, 0x00, 0x00, 0x00, 0x00, 0x00, 0x00, 0x00,
    0x00, 0x00, 0x00, 0x00, 0x00, 0x00, 0x00, 0x00, 0x00, 0x00, 0x00, 0x00, 0x00, 0x00, 0x00, 0x00,
    0x00, 0x00, 0x00, 0x00, 0x00, 0x00, 0x00, 0x00, 0x00, 0x00, 0x00, 0x00, 0x00, 0x00, 0x00, 0x00,
    0x00, 0x00, 0x00, 0x00, 0x00, 0x00, 0x00, 0x00, 0x00, 0x00, 0x00, 0x00, 0x00, 0x00, 0x00, 0x00,
    0x00, 0x00, 0x00, 0x00, 0x00, 0x00, 0x00, 0x00, 0x00, 0x00, 0x00, 0x00, 0x00, 0x00, 0x00, 0x00,
    0x00, 0x00, 0x00, 0x00, 0x00, 0x00, 0x00, 0x00, 0x00, 0x00, 0x00, 0x00, 0x00, 0x00, 0x00, 0x00,
    0x00, 0x00, 0x00, 0x00, 0x00, 0x00, 0x00, 0x00, 0x00, 0x00, 0x00, 0x00, 0x00, 0x00, 0x00, 0x00,
    0x00, 0x00, 0x00, 0x00, 0x00, 0x00, 0x00, 0x00, 0x00, 0x00, 0x00, 0x00, 0x00, 0x00, 0x00, 0x00,
    0x00, 0x00, 0x00, 0x00, 0x00, 0x00, 0x00, 0x00, 0x00, 0x00, 0x00, 0x00, 0x00, 0x00, 0x00, 0x00,
    0x00, 0x00, 0x00, 0x00, 0x00, 0x00, 0x00, 0x00, 0x00, 0x00, 0x00, 0x00, 0x00, 0x00, 0x00, 0x00,
    0x00, 0x00, 0x00, 0x00, 0x00, 0x00, 0x00, 0x00, 0x00, 0x00, 0x00, 0x00, 0x00, 0x00, 0x00, 0x00,
    0x00, 0x00, 0x00, 0x00, 0x00, 0x00, 0x00, 0x00, 0x00, 0x00, 0x00, 0x00, 0x00, 0x00, 0x00, 0x00,
    0x00, 0x00, 0x00, 0x00, 0x00, 0x00, 0x00, 0x00, 0x00, 0x00, 0x00, 0x00, 0x00, 0x00, 0x00, 0x00,
    0x00, 0x00, 0x00, 0x00, 0x00, 0x00, 0x00, 0x00, 0x00, 0x00, 0x00, 0x00, 0x00, 0x00, 0x00, 0x00,
    0x00, 0x00, 0x00, 0x00, 0x00, 0x00, 0x00, 0x00, 0x00, 0x00, 0x00, 0x00, 0x00, 0x00, 0x00, 0x00,
    0x00, 0x00, 0x00, 0x00, 0x00, 0x00, 0x00, 0x00, 0x00, 0x00, 0x00, 0x00, 0x00, 0x00, 0x00, 0x00,
    0x00, 0x00, 0x00, 0x00, 0x00, 0x00, 0x00, 0x00, 0x00, 0x00, 0x00, 0x00, 0x00, 0x00, 0x00, 0x00,
    0x00, 0x00, 0x00, 0x00, 0x00, 0x00, 0x00, 0x00, 0x00, 0x00, 0x00, 0x00, 0x00, 0x00, 0x00, 0x00,
    0x00, 0x00, 0x00, 0x00, 0x00, 0x00, 0x00, 0x00, 0x00, 0x00, 0x00, 0x00, 0x00, 0x00, 0x00, 0x00,
    0x00, 0x00, 0x00, 0x00, 0x00, 0x00, 0x00, 0x00, 0x00, 0x00, 0x00, 0x00, 0x00, 0x00, 0x00, 0x00,
    0x00, 0x00, 0x00, 0x00, 0x00, 0x00, 0x00, 0x00, 0x00, 0x00, 0x00, 0x00, 0x00, 0x00, 0x00, 0x00,
    0x00, 0x00, 0x00, 0x00, 0x00, 0x00, 0x00, 0x00, 0x00, 0x00, 0x00, 0x00, 0x00, 0x00, 0x00, 0x00,
    0x00, 0x00, 0x00, 0x00, 0x00, 0x00, 0x00, 0x00, 0x00, 0x00, 0x00, 0x00, 0x00, 0x00, 0x00, 0x00,
    0x00, 0x00, 0x00, 0x00, 0x00, 0x00, 0x00, 0x00, 0x00, 0x00, 0x00, 0x00, 0x00, 0x00, 0x00, 0x00,
    0x00, 0x00, 0x00, 0x00, 0x00, 0x00, 0x00, 0x00, 0x00, 0x00, 0x00, 0x00, 0x00, 0x00, 0x00, 0x00,
    0x00, 0x00, 0x00, 0x00, 0x00, 0x00, 0x00, 0x00, 0x00, 0x00, 0x00, 0x00, 0x00, 0x00, 0x00, 0x00,
    0x00, 0x00, 0x00, 0x00, 0x00, 0x00, 0x00, 0x00, 0x00, 0x00, 0x00, 0x00, 0x00, 0x00, 0x00, 0x00,
    0x00, 0x00, 0x00, 0x00, 0x00, 0x00, 0x00, 0x00, 0x00, 0x00, 0x00, 0x00, 0x00, 0x00, 0x00, 0x00,
    0x00, 0x00, 0x00, 0x00, 0x00, 0x00, 0x00, 0x00, 0x00, 0x00, 0x00, 0x00, 0x00, 0x00, 0x00, 0x00,
    0x00, 0x00, 0x00, 0x00, 0x00, 0x00, 0x00, 0x00, 0x00, 0x00, 0x00, 0x00, 0x00, 0x00, 0x00, 0x00,
    0x00, 0x00, 0x00, 0x00, 0x00, 0x00, 0x00, 0x00, 0x00, 0x00, 0x00, 0x00, 0x00, 0x00, 0x00, 0x00,
    0x00, 0x00, 0x00, 0x00, 0x00, 0x00, 0x00, 0x00, 0x00, 0x00, 0x00, 0x00, 0x00, 0x00, 0x00, 0x00,
    0x00, 0x00, 0x00, 0x00, 0x00, 0x00, 0x00, 0x00, 0x00, 0x00, 0x00, 0x00, 0x00, 0x00, 0x00, 0x00,
    0x00, 0x00, 0x00, 0x00, 0x00, 0x00, 0x00, 0x00, 0x00, 0x00, 0x00, 0x00, 0x00, 0x00, 0x00, 0x00,
    0x00, 0x00, 0x00, 0x00, 0x00, 0x00, 0x00, 0x00, 0x00, 0x00, 0x00, 0x00, 0x00, 0x00, 0x00, 0x00,
    0x00, 0x00, 0x00, 0x00, 0x00, 0x00, 0x00, 0x00, 0x00, 0x00, 0x00, 0x00, 0x00, 0x00, 0x00, 0x00,
    0x00, 0x00, 0x00, 0x00, 0x00, 0x00, 0x00, 0x00, 0x00, 0x00, 0x00, 0x00, 0x00, 0x00, 0x00, 0x00,
    0x00, 0x00, 0x00, 0x00, 0x00, 0x00, 0x00, 0x00, 0x00, 0x00, 0x00, 0x00, 0x00, 0x00, 0x00, 0x00,
    0x00, 0x00, 0x00, 0x00, 0x00, 0x00, 0x00, 0x00, 0x00, 0x00, 0x00, 0x00, 0x00, 0x00, 0x00, 0x00,
    0x00, 0x00, 0x00, 0x00, 0x00, 0x00, 0x00, 0x00, 0x00, 0x00, 0x00, 0x00, 0x00, 0x00, 0x00, 0x00,
    0x00, 0x00, 0x00, 0x00, 0x00, 0x00, 0x00, 0x00, 0x00, 0x00, 0x00, 0x00, 0x00, 0x00, 0x00, 0x00,
    0x00, 0x00, 0x00, 0x00, 0x00, 0x00, 0x00, 0x00, 0x00, 0x00, 0x00, 0x00, 0x00, 0x00, 0x00, 0x00,
    0x00, 0x00, 0x00, 0x00, 0x00, 0x00, 0x00, 0x00, 0x00, 0x00, 0x00, 0x00, 0x00, 0x00, 0x00, 0x00,
    0x00, 0x00, 0x00, 0x00, 0x00, 0x00, 0x00, 0x00, 0x00, 0x00, 0x00, 0x00, 0x00, 0x00, 0x00, 0x00,
    0x00, 0x00, 0x00, 0x00, 0x00, 0x00, 0x00, 0x00, 0x00, 0x00, 0x00, 0x00, 0x00, 0x00, 0x00, 0x00,
    0x00, 0x00, 0x00, 0x00, 0x00, 0x00, 0x00, 0x00, 0x00, 0x00, 0x00, 0x00, 0x00, 0x00, 0x00, 0x00,
    0x00, 0x00, 0x00, 0x00, 0x00, 0x00, 0x00, 0x00, 0x00, 0x00, 0x00, 0x00, 0x00, 0x00, 0x00, 0x00,
    0x00, 0x00, 0x00, 0x00, 0x00, 0x00, 0x00, 0x00, 0x00, 0x00, 0x00, 0x00, 0x00, 0x00, 0x00, 0x00,
    0x00, 0x00, 0x00, 0x00, 0x00, 0x00, 0x00, 0x00, 0x00, 0x00, 0x00, 0x00, 0x00, 0x00, 0x00, 0x00,
    0x00, 0x00, 0x00, 0x00, 0x00, 0x00, 0x00, 0x00, 0x00, 0x00, 0x00, 0x00, 0x00, 0x00, 0x00, 0x00,
    0x00, 0x00, 0x00, 0x00, 0x00, 0x00, 0x00, 0x00, 0x00, 0x00, 0x00, 0x00, 0x00, 0x00, 0x00, 0x00,
    0x00, 0x00, 0x00, 0x00, 0x00, 0x00, 0x00, 0x00, 0x00, 0x00, 0x00, 0x00, 0x00, 0x00, 0x00, 0x00,
    0x00, 0x00, 0x00, 0x00, 0x00, 0x00, 0x00, 0x00, 0x00, 0x00, 0x00, 0x00, 0x00, 0x00, 0x00, 0x00,
    0x00, 0x00, 0x00, 0x00, 0x00, 0x00, 0x00, 0x00, 0x00, 0x00, 0x00, 0x00, 0x00, 0x00, 0x00, 0x00,
    0x00, 0x00, 0x00, 0x00, 0x00, 0x00, 0x00, 0x00, 0x00, 0x00, 0x00, 0x00, 0x00, 0x00, 0x00, 0x00,
    0x00, 0x00, 0x00, 0x00, 0x00, 0x00, 0x00, 0x00, 0x00, 0x00, 0x00, 0x00, 0x00, 0x00, 0x00, 0x00,
    0x00, 0x00, 0x00, 0x00, 0x00, 0x00, 0x00, 0x00, 0x00, 0x00, 0x00, 0x00, 0x00, 0x00, 0x00, 0x00,
    0x00, 0x00, 0x00, 0x00, 0x00, 0x00, 0x00, 0x00, 0x00, 0x00, 0x00, 0x00, 0x00, 0x00, 0x00, 0x00,
    0x00, 0x00, 0x00, 0x00, 0x00, 0x00, 0x00, 0x00, 0x00, 0x00, 0x00, 0x00, 0x00, 0x00, 0x00, 0x00,
    0x00, 0x00, 0x00, 0x00, 0x00, 0x00, 0x00, 0x00, 0x00, 0x00, 0x00, 0x00, 0x00, 0x00, 0x00, 0x00,
    0x00, 0x00, 0x00, 0x00, 0x00, 0x00, 0x00, 0x00, 0x00, 0x00, 0x00, 0x00, 0x00, 0x00, 0x00, 0x00,
    0x00, 0x00, 0x00, 0x00, 0x00, 0x00, 0x00, 0x00, 0x00, 0x00, 0x00, 0x00, 0x00, 0x00, 0x00, 0x00,
    0x00, 0x00, 0x00, 0x00, 0x00, 0x00, 0x00, 0x00, 0x00, 0x00, 0x00, 0x00, 0x00, 0x00, 0x00, 0x00,
    0x00, 0x00, 0x00, 0x00, 0x00, 0x00, 0x00, 0x00, 0x00, 0x00, 0x00, 0x00, 0x00, 0x00, 0x00, 0x00,
    0x00, 0x00, 0x00, 0x00, 0x00, 0x00, 0x00, 0x00, 0x00, 0x00, 0x00, 0x00, 0x00, 0x00, 0x00, 0x00,
    0x00, 0x00, 0x00, 0x00, 0x00, 0x00, 0x00, 0x00, 0x00, 0x00, 0x00, 0x00, 0x00, 0x00, 0x00, 0x00,
    0x00, 0x00, 0x00, 0x00, 0x00, 0x00, 0x00, 0x00, 0x00, 0x00, 0x00, 0x00, 0x00, 0x00, 0x00, 0x00,
    0x00, 0x00, 0x00, 0x00, 0x00, 0x00, 0x00, 0x00, 0x00, 0x00, 0x00, 0x00, 0x00, 0x00, 0x00, 0x00,
    0x00, 0x00, 0x00, 0x00, 0x00, 0x00, 0x00, 0x00, 0x00, 0x00, 0x00, 0x00, 0x00, 0x00, 0x00, 0x00,
    0x00, 0x00, 0x00, 0x00, 0x00, 0x00, 0x00, 0x00, 0x00, 0x00, 0x00, 0x00, 0x00, 0x00, 0x00, 0x00,
    0x00, 0x00, 0x00, 0x00, 0x00, 0x00, 0x00, 0x00, 0x00, 0x00, 0x00, 0x00, 0x00, 0x00, 0x00, 0x00,
    0x00, 0x00, 0x00, 0x00, 0x00, 0x00, 0x00, 0x00, 0x00, 0x00, 0x00, 0x00, 0x00, 0x00, 0x00, 0x00,
    0x00, 0x00, 0x00, 0x00, 0x00, 0x00, 0x00, 0x00, 0x00, 0x00, 0x00, 0x00, 0x00, 0x00, 0x00, 0x00,
    0x00, 0x00, 0x00, 0x00, 0x00, 0x00, 0x00, 0x00, 0x00, 0x00, 0x00, 0x00, 0x00, 0x00, 0x00, 0x00,
    0x00, 0x00, 0x00, 0x00, 0x00, 0x00, 0x00, 0x00, 0x00, 0x00, 0x00, 0x00, 0x00, 0x00, 0x00, 0x00,
    0x00, 0x00, 0x00, 0x00, 0x00, 0x00, 0x00, 0x00, 0x00, 0x00, 0x00, 0x00, 0x00, 0x00, 0x00, 0x00,
    0x00, 0x00, 0x00, 0x00, 0x00, 0x00, 0x00, 0x00, 0x00, 0x00, 0x00, 0x00, 0x00, 0x00, 0x00, 0x00,
    0x00, 0x00, 0x00, 0x00, 0x00, 0x00, 0x00, 0x00, 0x00, 0x00, 0x00, 0x00, 0x00, 0x00, 0x00, 0x00,
    0x00, 0x00, 0x00, 0x00, 0x00, 0x00, 0x00, 0x00, 0x00, 0x00, 0x00, 0x00, 0x00, 0x00, 0x00, 0x00,
    0x00, 0x00, 0x00, 0x00, 0x00, 0x00, 0x00, 0x00, 0x00, 0x00, 0x00, 0x00, 0x00, 0x00, 0x00, 0x00,
    0x00, 0x00, 0x00, 0x00, 0x00, 0x00, 0x00, 0x00, 0x00, 0x00, 0x00, 0x00, 0x00, 0x00, 0x00, 0x00,
    0x00, 0x00, 0x00, 0x00, 0x00, 0x00, 0x00, 0x00, 0x00, 0x00, 0x00, 0x00, 0x00, 0x00, 0x00, 0x00,
    0x00, 0x00, 0x00, 0x00, 0x00, 0x00, 0x00, 0x00, 0x00, 0x00, 0x00, 0x00, 0x00, 0x00, 0x00, 0x00,
    0x00, 0x00, 0x00, 0x00, 0x00, 0x00, 0x00, 0x00, 0x00, 0x00, 0x00, 0x00, 0x00, 0x00, 0x00, 0x00,
    0x00, 0x00, 0x00, 0x00, 0x00, 0x00, 0x00, 0x00, 0x00, 0x00, 0x00, 0x00, 0x00, 0x00, 0x00, 0x00,
    0x00, 0x00, 0x00, 0x00, 0x00, 0x00, 0x00, 0x00, 0x00, 0x00, 0x00, 0x00, 0x00, 0x00, 0x00, 0x00,
    0x00, 0x00, 0x00, 0x00, 0x00, 0x00, 0x00, 0x00, 0x00, 0x00, 0x00, 0x00, 0x00, 0x00, 0x00, 0x00,
    0x00, 0x00, 0x00, 0x00, 0x00, 0x00, 0x00, 0x00, 0x00, 0x00, 0x00, 0x00, 0x00, 0x00, 0x00, 0x00,
    0x00, 0x00, 0x00, 0x00, 0x00, 0x00, 0x00, 0x00, 0x00, 0x00, 0x00, 0x00, 0x00, 0x00, 0x00, 0x00,
    0x00, 0x00, 0x00, 0x00, 0x00, 0x00, 0x00, 0x00, 0x00, 0x00, 0x00, 0x00, 0x00, 0x00, 0x00, 0x00,
    0x00, 0x00, 0x00, 0x00, 0x00, 0x00, 0x00, 0x00, 0x00, 0x00, 0x00, 0x00, 0x00, 0x00, 0x00, 0x00,
    0x00, 0x00, 0x00, 0x00, 0x00, 0x00, 0x00, 0x00, 0x00, 0x00, 0x00, 0x00, 0x00, 0x00, 0x00, 0x00,
    0x00, 0x00, 0x00, 0x00, 0x00, 0x00, 0x00, 0x00, 0x00, 0x00, 0x00, 0x00, 0x00, 0x00, 0x00, 0x00,
    0x00, 0x00, 0x00, 0x00, 0x00, 0x00, 0x00, 0x00, 0x00, 0x00, 0x00, 0x00, 0x00, 0x00, 0x00, 0x00,
    0x00, 0x00, 0x00, 0x00, 0x00, 0x00, 0x00, 0x00, 0x00, 0x00, 0x00, 0x00, 0x00, 0x00, 0x00, 0x00,
    0x00, 0x00, 0x00, 0x00, 0x00, 0x00, 0x00, 0x00, 0x00, 0x00, 0x00, 0x00, 0x00, 0x00, 0x00, 0x00,
    0x00, 0x00, 0x00, 0x00, 0x00, 0x00, 0x00, 0x00, 0x00, 0x00, 0x00, 0x00, 0x00, 0x00, 0x00, 0x00,
    0x00, 0x00, 0x00, 0x00, 0x00, 0x00, 0x00, 0x00, 0x00, 0x00, 0x00, 0x00, 0x00, 0x00, 0x00, 0x00,
    0x00, 0x00, 0x00, 0x00, 0x00, 0x00, 0x00, 0x00, 0x00, 0x00, 0x00, 0x00, 0x00, 0x00, 0x00, 0x00,
    0x00, 0x00, 0x00, 0x00, 0x00, 0x00, 0x00, 0x00, 0x00, 0x00, 0x00, 0x00, 0x00, 0x00, 0x00, 0x00,
    0x00, 0x00, 0x00, 0x00, 0x00, 0x00, 0x00, 0x00, 0x00, 0x00, 0x00, 0x00, 0x00, 0x00, 0x00, 0x00,
    0x00, 0x00, 0x00, 0x00, 0x00, 0x00, 0x00, 0x00, 0x00, 0x00, 0x00, 0x00, 0x00, 0x00, 0x00, 0x00,
    0x00, 0x00, 0x00, 0x00, 0x00, 0x00, 0x00, 0x00, 0x00, 0x00, 0x00, 0x00, 0x00, 0x00, 0x00, 0x00,
    0x00, 0x00, 0x00, 0x00, 0x00, 0x00, 0x00, 0x00, 0x00, 0x00, 0x00, 0x00, 0x00, 0x00, 0x00, 0x00,
    0x00, 0x00, 0x00, 0x00, 0x00, 0x00, 0x00, 0x00, 0x00, 0x00, 0x00, 0x00, 0x00, 0x00, 0x00, 0x00,
    0x00, 0x00, 0x00, 0x00, 0x00, 0x00, 0x00, 0x00, 0x00, 0x00, 0x00, 0x00, 0x00, 0x00, 0x00, 0x00,
    0x00, 0x00, 0x00, 0x00, 0x00, 0x00, 0x00, 0x00, 0x00, 0x00, 0x00, 0x00, 0x00, 0x00, 0x00, 0x00,
    0x00, 0x00, 0x00, 0x00, 0x00, 0x00, 0x00, 0x00, 0x00, 0x00, 0x00, 0x00, 0x00, 0x00, 0x00, 0x00,
    0x00, 0x00, 0x00, 0x00, 0x00, 0x00, 0x00, 0x00, 0x00, 0x00, 0x00, 0x00, 0x00, 0x00, 0x00, 0x00,
    0x00, 0x00, 0x00, 0x00, 0x00, 0x00, 0x00, 0x00, 0x00, 0x00, 0x00, 0x00, 0x00, 0x00, 0x00, 0x00,
    0x00, 0x00, 0x00, 0x00, 0x00, 0x00, 0x00, 0x00, 0x00, 0x00, 0x00, 0x00, 0x00, 0x00, 0x00, 0x00,
    0x00, 0x00, 0x00, 0x00, 0x00, 0x00, 0x00, 0x00, 0x00, 0x00, 0x00, 0x00, 0x00, 0x00, 0x00, 0x00,
    0x00, 0x00, 0x00, 0x00, 0x00, 0x00, 0x00, 0x00, 0x00, 0x00, 0x00, 0x00, 0x00, 0x00, 0x00, 0x00,
    0x00, 0x00, 0x00, 0x00, 0x00, 0x00, 0x00, 0x00, 0x00, 0x00, 0x00, 0x00, 0x00, 0x00, 0x00, 0x00,
    0x00, 0x00, 0x00, 0x00, 0x00, 0x00, 0x00, 0x00, 0x00, 0x00, 0x00, 0x00, 0x00, 0x00, 0x00, 0x00,
    0x00, 0x00, 0x00, 0x00, 0x00, 0x00, 0x00, 0x00, 0x00, 0x00, 0x00, 0x00, 0x00, 0x00, 0x00, 0x00,
    0x00, 0x00, 0x00, 0x00, 0x00, 0x00, 0x00, 0x00, 0x00, 0x00, 0x00, 0x00, 0x00, 0x00, 0x00, 0x00,
    0x00, 0x00, 0x00, 0x00, 0x00, 0x00, 0x00, 0x00, 0x00, 0x00, 0x00, 0x00, 0x00, 0x00, 0x00, 0x00,
    0x00, 0x00, 0x00, 0x00, 0x00, 0x00, 0x00, 0x00, 0x00, 0x00, 0x00, 0x00, 0x00, 0x00, 0x00, 0x00,
    0x00, 0x00, 0x00, 0x00, 0x00, 0x00, 0x00, 0x00, 0x00, 0x00, 0x00, 0x00, 0x00, 0x00, 0x00, 0x00,
    0x00, 0x00, 0x00, 0x00, 0x00, 0x00, 0x00, 0x00, 0x00, 0x00, 0x00, 0x00, 0x00, 0x00, 0x00, 0x00,
    0x00, 0x00, 0x00, 0x00, 0x00, 0x00, 0x00, 0x00, 0x00, 0x00, 0x00, 0x00, 0x00, 0x00, 0x00, 0x00,
    0x00, 0x00, 0x00, 0x00, 0x00, 0x00, 0x00, 0x00, 0x00, 0x00, 0x00, 0x00, 0x00, 0x00, 0x00, 0x00,
    0x00, 0x00, 0x00, 0x00, 0x00, 0x00, 0x00, 0x00, 0x00, 0x00, 0x00, 0x00, 0x00, 0x00, 0x00, 0x00,
    0x00, 0x00, 0x00, 0x00, 0x00, 0x00, 0x00, 0x00, 0x00, 0x00, 0x00, 0x00, 0x00, 0x00, 0x00, 0x00,
    0x00, 0x00, 0x00, 0x00, 0x00, 0x00, 0x00, 0x00, 0x00, 0x00, 0x00, 0x00, 0x00, 0x00, 0x00, 0x00,
    0x00, 0x00, 0x00, 0x00, 0x00, 0x00, 0x00, 0x00, 0x00, 0x00, 0x00, 0x00, 0x00, 0x00, 0x00, 0x00,
    0x00, 0x00, 0x00, 0x00, 0x00, 0x00, 0x00, 0x00, 0x00, 0x00, 0x00, 0x00, 0x00, 0x00, 0x00, 0x00,
    0x00, 0x00, 0x00, 0x00, 0x00, 0x00, 0x00, 0x00, 0x00, 0x00, 0x00, 0x00, 0x00, 0x00, 0x00, 0x00,
    0x00, 0x00, 0x00, 0x00, 0x00, 0x00, 0x00, 0x00, 0x00, 0x00, 0x00, 0x00, 0x00, 0x00, 0x00, 0x00,
    0x00, 0x00, 0x00, 0x00, 0x00, 0x00, 0x00, 0x00, 0x00, 0x00, 0x00, 0x00, 0x00, 0x00, 0x00, 0x00,
    0x00, 0x00, 0x00, 0x00, 0x00, 0x00, 0x00, 0x00, 0x00, 0x00, 0x00, 0x00, 0x00, 0x00, 0x00, 0x00,
    0x00, 0x00, 0x00, 0x00, 0x00, 0x00, 0x00, 0x00, 0x00, 0x00, 0x00, 0x00, 0x00, 0x00, 0x00, 0x00,
    0x00, 0x00, 0x00, 0x00, 0x00, 0x00, 0x00, 0x00, 0x00, 0x00, 0x00, 0x00, 0x00, 0x00, 0x00, 0x00,
    0x00, 0x00, 0x00, 0x00, 0x00, 0x00, 0x00, 0x00, 0x00, 0x00, 0x00, 0x00, 0x00, 0x00, 0x00, 0x00,
    0x00, 0x00, 0x00, 0x00, 0x00, 0x00, 0x00, 0x00, 0x00, 0x00, 0x00, 0x00, 0x00, 0x00, 0x00, 0x00,
    0x00, 0x00, 0x00, 0x00, 0x00, 0x00, 0x00, 0x00, 0x00, 0x00, 0x00, 0x00, 0x00, 0x00, 0x00, 0x00,
    0x00, 0x00, 0x00, 0x00, 0x00, 0x00, 0x00, 0x00, 0x00, 0x00, 0x00, 0x00, 0x00, 0x00, 0x00, 0x00,
    0x00, 0x00, 0x00, 0x00, 0x00, 0x00, 0x00, 0x00, 0x00, 0x00, 0x00, 0x00, 0x00, 0x00, 0x00, 0x00,
    0x00, 0x00, 0x00, 0x00, 0x00, 0x00, 0x00, 0x00, 0x00, 0x00, 0x00, 0x00, 0x00, 0x00, 0x00, 0x00,
    0x00, 0x00, 0x00, 0x00, 0x00, 0x00, 0x00, 0x00, 0x00, 0x00, 0x00, 0x00, 0x00, 0x00, 0x00, 0x00,
    0x00, 0x00, 0x00, 0x00, 0x00, 0x00, 0x00, 0x00, 0x00, 0x00, 0x00, 0x00, 0x00, 0x00, 0x00, 0x00,
    0x00, 0x00, 0x00, 0x00, 0x00, 0x00, 0x00, 0x00, 0x00, 0x00, 0x00, 0x00, 0x00, 0x00, 0x00, 0x00,
    0x00, 0x00, 0x00, 0x00, 0x00, 0x00, 0x00, 0x00, 0x00, 0x00, 0x00, 0x00, 0x00, 0x00, 0x00, 0x00,
    0x00, 0x00, 0x00, 0x00, 0x00, 0x00, 0x00, 0x00, 0x00, 0x00, 0x00, 0x00, 0x00, 0x00, 0x00, 0x00,
    0x00, 0x00, 0x00, 0x00, 0x00, 0x00, 0x00, 0x00, 0x00, 0x00, 0x00, 0x00, 0x00, 0x00, 0x00, 0x00,
    0x00, 0x00, 0x00, 0x00, 0x00, 0x00, 0x00, 0x00, 0x00, 0x00, 0x00, 0x00, 0x00, 0x00, 0x00, 0x00,
    0x00, 0x00, 0x00, 0x00, 0x00, 0x00, 0x00, 0x00, 0x00, 0x00, 0x00, 0x00, 0x00, 0x00, 0x00, 0x00,
    0x00, 0x00, 0x00, 0x00, 0x00, 0x00, 0x00, 0x00, 0x00, 0x00, 0x00, 0x00, 0x00, 0x00, 0x00, 0x00,
    0x00, 0x00, 0x00, 0x00, 0x00, 0x00, 0x00, 0x00, 0x00, 0x00, 0x00, 0x00, 0x00, 0x00, 0x00, 0x00,
    0x00, 0x00, 0x00, 0x00, 0x00, 0x00, 0x00, 0x00, 0x00, 0x00, 0x00, 0x00, 0x00, 0x00, 0x00, 0x00,
    0x00, 0x00, 0x00, 0x00, 0x00, 0x00, 0x00, 0x00, 0x00, 0x00, 0x00, 0x00, 0x00, 0x00, 0x00, 0x00,
    0x00, 0x00, 0x00, 0x00, 0x00, 0x00, 0x00, 0x00, 0x00, 0x00, 0x00, 0x00, 0x00, 0x00, 0x00, 0x00,
    0x00, 0x00, 0x00, 0x00, 0x00, 0x00, 0x00, 0x00, 0x00, 0x00, 0x00, 0x00, 0x00, 0x00, 0x00, 0x00,
    0x00, 0x00, 0x00, 0x00, 0x00, 0x00, 0x00, 0x00, 0x00, 0x00, 0x00, 0x00, 0x00, 0x00, 0x00, 0x00,
    0x00, 0x00, 0x00, 0x00, 0x00, 0x00, 0x00, 0x00, 0x00, 0x00, 0x00, 0x00, 0x00, 0x00, 0x00, 0x00,
    0x00, 0x00, 0x00, 0x00, 0x00, 0x00, 0x00, 0x00, 0x00, 0x00, 0x00, 0x00, 0x00, 0x00, 0x00, 0x00,
    0x00, 0x00, 0x00, 0x00, 0x00, 0x00, 0x00, 0x00, 0x00, 0x00, 0x00, 0x00, 0x00, 0x00, 0x00, 0x00,
    0x00, 0x00, 0x00, 0x00, 0x00, 0x00, 0x00, 0x00, 0x00, 0x00, 0x00, 0x00, 0x00, 0x00, 0x00, 0x00,
    0x00, 0x00, 0x00, 0x00, 0x00, 0x00, 0x00, 0x00, 0x00, 0x00, 0x00, 0x00, 0x00, 0x00, 0x00, 0x00,
    0x00, 0x00, 0x00, 0x00, 0x00, 0x00, 0x00, 0x00, 0x00, 0x00, 0x00, 0x00, 0x00, 0x00, 0x00, 0x00,
    0x00, 0x00, 0x00, 0x00, 0x00, 0x00, 0x00, 0x00, 0x00, 0x00, 0x00, 0x00, 0x00, 0x00, 0x00, 0x00,
    0x00, 0x00, 0x00, 0x00, 0x00, 0x00, 0x00, 0x00, 0x00, 0x00, 0x00, 0x00, 0x00, 0x00, 0x00, 0x00,
    0x00, 0x00, 0x00, 0x00, 0x00, 0x00, 0x00, 0x00, 0x00, 0x00, 0x00, 0x00, 0x00, 0x00, 0x00, 0x00,
    0x00, 0x00, 0x00, 0x00, 0x00, 0x00, 0x00, 0x00, 0x00, 0x00, 0x00, 0x00, 0x00, 0x00, 0x00, 0x00,
    0x00, 0x00, 0x00, 0x00, 0x00, 0x00, 0x00, 0x00, 0x00, 0x00, 0x00, 0x00, 0x00, 0x00, 0x00, 0x00,
    0x00, 0x00, 0x00, 0x00, 0x00, 0x00, 0x00, 0x00, 0x00, 0x00, 0x00, 0x00, 0x00, 0x00, 0x00, 0x00,
    0x00, 0x00, 0x00, 0x00, 0x00, 0x00, 0x00, 0x00, 0x00, 0x00, 0x00, 0x00, 0x00, 0x00, 0x00, 0x00,
    0x00, 0x00, 0x00, 0x00, 0x00, 0x00, 0x00, 0x00, 0x00, 0x00, 0x00, 0x00, 0x00, 0x00, 0x00, 0x00,
    0x00, 0x00, 0x00, 0x00, 0x00, 0x00, 0x00, 0x00, 0x00, 0x00, 0x00, 0x00, 0x00, 0x00, 0x00, 0x00,
    0x00, 0x00, 0x00, 0x00, 0x00, 0x00, 0x00, 0x00, 0x00, 0x00, 0x00, 0x00, 0x00, 0x00, 0x00, 0x00,
    0x00, 0x00, 0x00, 0x00, 0x00, 0x00, 0x00, 0x00, 0x00, 0x00, 0x00, 0x00, 0x00, 0x00, 0x00, 0x00,
    0x00, 0x00, 0x00, 0x00, 0x00, 0x00, 0x00, 0x00, 0x00, 0x00, 0x00, 0x00, 0x00, 0x00, 0x00, 0x00,
    0x00, 0x00, 0x00, 0x00, 0x00, 0x00, 0x00, 0x00, 0x00, 0x00, 0x00, 0x00, 0x00, 0x00, 0x00, 0x00,
    0x00, 0x00, 0x00, 0x00, 0x00, 0x00, 0x00, 0x00, 0x00, 0x00, 0x00, 0x00, 0x00, 0x00, 0x00, 0x00,
    0x00, 0x00, 0x00, 0x00, 0x00, 0x00, 0x00, 0x00, 0x00, 0x00, 0x00, 0x00, 0x00, 0x00, 0x00, 0x00,
    0x00, 0x00, 0x00, 0x00, 0x00, 0x00, 0x00, 0x00, 0x00, 0x00, 0x00, 0x00, 0x00, 0x00, 0x00, 0x00,
    0x00, 0x00, 0x00, 0x00, 0x00, 0x00, 0x00, 0x00, 0x00, 0x00, 0x00, 0x00, 0x00, 0x00, 0x00, 0x00,
    0x00, 0x00, 0x00, 0x00, 0x00, 0x00, 0x00, 0x00, 0x00, 0x00, 0x00, 0x00, 0x00, 0x00, 0x00, 0x00,
    0x00, 0x00, 0x00, 0x00, 0x00, 0x00, 0x00, 0x00, 0x00, 0x00, 0x00, 0x00, 0x00, 0x00, 0x00, 0x00,
    0x5C, 0x7F, 0xA4, 0x01, 0x5C, 0x7F, 0xA4, 0x01, 0x5B, 0x7E, 0xA4, 0x02, 0x5B, 0x7E, 0xA4, 0x02,
    0x5C, 0x7F, 0xA4, 0x02, 0x5C, 0x7F, 0xA5, 0x02, 0x5C, 0x7F, 0xA6, 0x03, 0x5C, 0x7F, 0xA6, 0x03,
    0x5C, 0x80, 0xA6, 0x03, 0x5B, 0x80, 0xA6, 0x03, 0x5B, 0x80, 0xA6, 0x03, 0x5B, 0x80, 0xA6, 0x03,
    0x5A, 0x7F, 0xA7, 0x03, 0x59, 0x7F, 0xA7, 0x03, 0x59, 0x7E, 0xA7, 0x03, 0x59, 0x7E, 0xA7, 0x03,
    0x58, 0x7D, 0xA7, 0x02, 0x58, 0x7D, 0xA7, 0x02, 0x55, 0x7C, 0xA6, 0x02, 0x55, 0x7C, 0xA6, 0x02,
    0x55, 0x7D, 0xA8, 0x01, 0x53, 0x7C, 0xAA, 0x01, 0x53, 0x7E, 0xAE, 0x01, 0x53, 0x7E, 0xAE, 0x01,
    0x51, 0x7E, 0xAE, 0x01, 0x00, 0x00, 0x00, 0x00, 0x00, 0x00, 0x00, 0x00, 0x00, 0x00, 0x00, 0x00,
    0x00, 0x00, 0x00, 0x00, 0x00, 0x00, 0x00, 0x00, 0x00, 0x00, 0x00, 0x00, 0x00, 0x00, 0x00, 0x00,
    0x00, 0x00, 0x00, 0x00, 0x00, 0x00, 0x00, 0x00, 0x00, 0x00, 0x00, 0x00, 0x00, 0x00, 0x00, 0x00,
    0x00, 0x00, 0x00, 0x00, 0x00, 0x00, 0x00, 0x00, 0x00, 0x00, 0x00, 0x00, 0x00, 0x00, 0x00, 0x00,
    0x00, 0x00, 0x00, 0x00, 0x00, 0x00, 0x00, 0x00, 0x00, 0x00, 0x00, 0x00, 0x00, 0x00, 0x00, 0x00,
    0x00, 0x00, 0x00, 0x00, 0x00, 0x00, 0x00, 0x00, 0x00, 0x00, 0x00, 0x00, 0x00, 0x00, 0x00, 0x00,
    0x00, 0x00, 0x00, 0x00, 0x00, 0x00, 0x00, 0x00, 0x00, 0x00, 0x00, 0x00, 0x00, 0x00, 0x00, 0x00,
    0x00, 0x00, 0x00, 0x00, 0x00, 0x00, 0x00, 0x00, 0x00, 0x00, 0x00, 0x00, 0x00, 0x00, 0x00, 0x00,
    0x00, 0x00, 0x00, 0x00, 0x00, 0x00, 0x00, 0x00, 0x00, 0x00, 0x00, 0x00, 0x00, 0x00, 0x00, 0x00,
    0x00, 0x00, 0x00, 0x00, 0x00, 0x00, 0x00, 0x00, 0x00, 0x00, 0x00, 0x00, 0x00, 0x00, 0x00, 0x00,
    0x00, 0x00, 0x00, 0x00, 0x00, 0x00, 0x00, 0x00, 0x46, 0x86, 0xCA, 0x01, 0x45, 0x86, 0xCA, 0x01,
    0x45, 0x86, 0xCA, 0x01, 0x44, 0x85, 0xC9, 0x01, 0x46, 0x86, 0xCA, 0x01, 0x45, 0x86, 0xCA, 0x01,
    0x45, 0x86, 0xCA, 0x01, 0x46, 0x85, 0xC8, 0x01, 0x45, 0x84, 0xC8, 0x01, 0x45, 0x85, 0xC7, 0x01,
    0x45, 0x85, 0xC7, 0x01, 0x45, 0x84, 0xC6, 0x01, 0x45, 0x84, 0xC5, 0x01, 0x44, 0x83, 0xC6, 0x01,
    0x44, 0x83, 0xC5, 0x01, 0x44, 0x83, 0xC5, 0x01, 0x44, 0x83, 0xC5, 0x01, 0x00, 0x00, 0x00, 0x00,
    0x00, 0x00, 0x00, 0x00, 0x00, 0x00, 0x00, 0x00, 0x00, 0x00, 0x00, 0x00, 0x00, 0x00, 0x00, 0x00,
    0x00, 0x00, 0x00, 0x00, 0x00, 0x00, 0x00, 0x00, 0x00, 0x00, 0x00, 0x00, 0x00, 0x00, 0x00, 0x00,
    0x00, 0x00, 0x00, 0x00, 0x00, 0x00, 0x00, 0x00, 0x00, 0x00, 0x00, 0x00, 0x00, 0x00, 0x00, 0x00,
    0x00, 0x00, 0x00, 0x00, 0x00, 0x00, 0x00, 0x00, 0x00, 0x00, 0x00, 0x00, 0x00, 0x00, 0x00, 0x00,
    0x00, 0x00, 0x00, 0x00, 0x00, 0x00, 0x00, 0x00, 0x00, 0x00, 0x00, 0x00, 0x00, 0x00, 0x00, 0x00,
    0x00, 0x00, 0x00, 0x00, 0x00, 0x00, 0x00, 0x00, 0x00, 0x00, 0x00, 0x00, 0x00, 0x00, 0x00, 0x00,
    0x00, 0x00, 0x00, 0x00, 0x00, 0x00, 0x00, 0x00, 0x00, 0x00, 0x00, 0x00, 0x00, 0x00, 0x00, 0x00,
    0x00, 0x00, 0x00, 0x00, 0x00, 0x00, 0x00, 0x00, 0x00, 0x00, 0x00, 0x00, 0x00, 0x00, 0x00, 0x00,
    0x00, 0x00, 0x00, 0x00, 0x00, 0x00, 0x00, 0x00, 0x00, 0x00, 0x00, 0x00, 0x00, 0x00, 0x00, 0x00,
    0x00, 0x00, 0x00, 0x00, 0x00, 0x00, 0x00, 0x00, 0x00, 0x00, 0x00, 0x00, 0x00, 0x00, 0x00, 0x00,
    0x00, 0x00, 0x00, 0x00, 0x00, 0x00, 0x00, 0x00, 0x00, 0x00, 0x00, 0x00, 0x00, 0x00, 0x00, 0x00,
    0x5B, 0x7F, 0xA6, 0x01, 0x5B, 0x7F, 0xA6, 0x01, 0x5A, 0x7F, 0xA7, 0x02, 0x5A, 0x7F, 0xA7, 0x02,
    0x5A, 0x7F, 0xA6, 0x02, 0x5A, 0x7F, 0xA7, 0x02, 0x5A, 0x80, 0xA7, 0x02, 0x5A, 0x80, 0xA7, 0x02,
    0x59, 0x7F, 0xA7, 0x03, 0x58, 0x7F, 0xA7, 0x03, 0x58, 0x7F, 0xA7, 0x03, 0x58, 0x7F, 0xA7, 0x03,
    0x58, 0x7E, 0xA7, 0x03, 0x58, 0x7D, 0xA7, 0x04, 0x58, 0x7C, 0xA6, 0x04, 0x58, 0x7C, 0xA6, 0x04,
    0x54, 0x7A, 0xA5, 0x06, 0x53, 0x7C, 0xA7, 0x04, 0x55, 0x7F, 0xAB, 0x03, 0x55, 0x7F, 0xAB, 0x03,
    0x54, 0x7E, 0xAB, 0x02, 0x51, 0x7C, 0xAA, 0x05, 0x51, 0x7E, 0xAE, 0x02, 0x51, 0x7E, 0xAE, 0x02,
    0x50, 0x7D, 0xB0, 0x01, 0x00, 0x00, 0x00, 0x00, 0x00, 0x00, 0x00, 0x00, 0x00, 0x00, 0x00, 0x00,
    0x00, 0x00, 0x00, 0x00, 0x00, 0x00, 0x00, 0x00, 0x00, 0x00, 0x00, 0x00, 0x00, 0x00, 0x00, 0x00,
    0x00, 0x00, 0x00, 0x00, 0x00, 0x00, 0x00, 0x00, 0x00, 0x00, 0x00, 0x00, 0x00, 0x00, 0x00, 0x00,
    0x00, 0x00, 0x00, 0x00, 0x00, 0x00, 0x00, 0x00, 0x00, 0x00, 0x00, 0x00, 0x00, 0x00, 0x00, 0x00,
    0x00, 0x00, 0x00, 0x00, 0x00, 0x00, 0x00, 0x00, 0x00, 0x00, 0x00, 0x00, 0x00, 0x00, 0x00, 0x00,
    0x00, 0x00, 0x00, 0x00, 0x00, 0x00, 0x00, 0x00, 0x00, 0x00, 0x00, 0x00, 0x00, 0x00, 0x00, 0x00,
    0x00, 0x00, 0x00, 0x00, 0x00, 0x00, 0x00, 0x00, 0x00, 0x00, 0x00, 0x00, 0x00, 0x00, 0x00, 0x00,
    0x00, 0x00, 0x00, 0x00, 0x00, 0x00, 0x00, 0x00, 0x00, 0x00, 0x00, 0x00, 0x00, 0x00, 0x00, 0x00,
    0x00, 0x00, 0x00, 0x00, 0x00, 0x00, 0x00, 0x00, 0x00, 0x00, 0x00, 0x00, 0x00, 0x00, 0x00, 0x00,
    0x00, 0x00, 0x00, 0x00, 0x00, 0x00, 0x00, 0x00, 0x00, 0x00, 0x00, 0x00, 0x00, 0x00, 0x00, 0x00,
    0x00, 0x00, 0x00, 0x00, 0x46, 0x85, 0xCB, 0x01, 0x45, 0x84, 0xCA, 0x01, 0x44, 0x85, 0xCA, 0x01,
    0x44, 0x85, 0xCA, 0x01, 0x44, 0x85, 0xC9, 0x01, 0x45, 0x85, 0xCA, 0x02, 0x44, 0x84, 0xC9, 0x02,
    0x44, 0x84, 0xC9, 0x02, 0x46, 0x85, 0xC9, 0x02, 0x45, 0x84, 0xC8, 0x02, 0x45, 0x84, 0xC7, 0x01,
    0x45, 0x84, 0xC7, 0x01, 0x45, 0x84, 0xC6, 0x01, 0x44, 0x83, 0xC6, 0x01, 0x44, 0x83, 0xC6, 0x01,
    0x43, 0x83, 0xC5, 0x01, 0x43, 0x83, 0xC5, 0x01, 0x44, 0x83, 0xC5, 0x01, 0x00, 0x00, 0x00, 0x00,
    0x00, 0x00, 0x00, 0x00, 0x00, 0x00, 0x00, 0x00, 0x00, 0x00, 0x00, 0x00, 0x00, 0x00, 0x00, 0x00,
    0x00, 0x00, 0x00, 0x00, 0x00, 0x00, 0x00, 0x00, 0x00, 0x00, 0x00, 0x00, 0x00, 0x00, 0x00, 0x00,
    0x00, 0x00, 0x00, 0x00, 0x00, 0x00, 0x00, 0x00, 0x00, 0x00, 0x00, 0x00, 0x00, 0x00, 0x00, 0x00,
    0x00, 0x00, 0x00, 0x00, 0x00, 0x00, 0x00, 0x00, 0x00, 0x00, 0x00, 0x00, 0x00, 0x00, 0x00, 0x00,
    0x00, 0x00, 0x00, 0x00, 0x00, 0x00, 0x00, 0x00, 0x00, 0x00, 0x00, 0x00, 0x00, 0x00, 0x00, 0x00,
    0x00, 0x00, 0x00, 0x00, 0x00, 0x00, 0x00, 0x00, 0x00, 0x00, 0x00, 0x00, 0x00, 0x00, 0x00, 0x00,
    0x00, 0x00, 0x00, 0x00, 0x00, 0x00, 0x00, 0x00, 0x00, 0x00, 0x00, 0x00, 0x00, 0x00, 0x00, 0x00,
    0x00, 0x00, 0x00, 0x00, 0x00, 0x00, 0x00, 0x00, 0x00, 0x00, 0x00, 0x00, 0x00, 0x00, 0x00, 0x00,
    0x00, 0x00, 0x00, 0x00, 0x00, 0x00, 0x00, 0x00, 0x00, 0x00, 0x00, 0x00, 0x00, 0x00, 0x00, 0x00,
    0x00, 0x00, 0x00, 0x00, 0x00, 0x00, 0x00, 0x00, 0x00, 0x00, 0x00, 0x00, 0x00, 0x00, 0x00, 0x00,
    0x00, 0x00, 0x00, 0x00, 0x00, 0x00, 0x00, 0x00, 0x00, 0x00, 0x00, 0x00, 0x00, 0x00, 0x00, 0x00,
    0x5B, 0x7F, 0xA6, 0x01, 0x5B, 0x7F, 0xA6, 0x01, 0x5A, 0x7F, 0xA7, 0x02, 0x5A, 0x7F, 0xA7, 0x02,
    0x5A, 0x7F, 0xA6, 0x02, 0x5A, 0x7F, 0xA7, 0x02, 0x5A, 0x80, 0xA7, 0x02, 0x5A, 0x80, 0xA7, 0x02,
    0x59, 0x7F, 0xA7, 0x03, 0x58, 0x7F, 0xA7, 0x03, 0x58, 0x7F, 0xA7, 0x03, 0x58, 0x7F, 0xA7, 0x03,
    0x58, 0x7E, 0xA7, 0x03, 0x58, 0x7D, 0xA7, 0x04, 0x58, 0x7C, 0xA6, 0x04, 0x58, 0x7C, 0xA6, 0x04,
    0x54, 0x7A, 0xA5, 0x06, 0x53, 0x7C, 0xA7, 0x04, 0x55, 0x7F, 0xAB, 0x03, 0x55, 0x7F, 0xAB, 0x03,
    0x54, 0x7E, 0xAB, 0x02, 0x51, 0x7C, 0xAA, 0x05, 0x51, 0x7E, 0xAE, 0x02, 0x51, 0x7E, 0xAE, 0x02,
    0x50, 0x7D, 0xB0, 0x01, 0x00, 0x00, 0x00, 0x00, 0x00, 0x00, 0x00, 0x00, 0x00, 0x00, 0x00, 0x00,
    0x00, 0x00, 0x00, 0x00, 0x00, 0x00, 0x00, 0x00, 0x00, 0x00, 0x00, 0x00, 0x00, 0x00, 0x00, 0x00,
    0x00, 0x00, 0x00, 0x00, 0x00, 0x00, 0x00, 0x00, 0x00, 0x00, 0x00, 0x00, 0x00, 0x00, 0x00, 0x00,
    0x00, 0x00, 0x00, 0x00, 0x00, 0x00, 0x00, 0x00, 0x00, 0x00, 0x00, 0x00, 0x00, 0x00, 0x00, 0x00,
    0x00, 0x00, 0x00, 0x00, 0x00, 0x00, 0x00, 0x00, 0x00, 0x00, 0x00, 0x00, 0x00, 0x00, 0x00, 0x00,
    0x00, 0x00, 0x00, 0x00, 0x00, 0x00, 0x00, 0x00, 0x00, 0x00, 0x00, 0x00, 0x00, 0x00, 0x00, 0x00,
    0x00, 0x00, 0x00, 0x00, 0x00, 0x00, 0x00, 0x00, 0x00, 0x00, 0x00, 0x00, 0x00, 0x00, 0x00, 0x00,
    0x00, 0x00, 0x00, 0x00, 0x00, 0x00, 0x00, 0x00, 0x00, 0x00, 0x00, 0x00, 0x00, 0x00, 0x00, 0x00,
    0x00, 0x00, 0x00, 0x00, 0x00, 0x00, 0x00, 0x00, 0x00, 0x00, 0x00, 0x00, 0x00, 0x00, 0x00, 0x00,
    0x00, 0x00, 0x00, 0x00, 0x00, 0x00, 0x00, 0x00, 0x00, 0x00, 0x00, 0x00, 0x00, 0x00, 0x00, 0x00,
    0x00, 0x00, 0x00, 0x00, 0x46, 0x85, 0xCB, 0x01, 0x45, 0x84, 0xCA, 0x01, 0x44, 0x85, 0xCA, 0x01,
    0x44, 0x85, 0xCA, 0x01, 0x44, 0x85, 0xC9, 0x01, 0x45, 0x85, 0xCA, 0x02, 0x44, 0x84, 0xC9, 0x02,
    0x44, 0x84, 0xC9, 0x02, 0x46, 0x85, 0xC9, 0x02, 0x45, 0x84, 0xC8, 0x02, 0x45, 0x84, 0xC7, 0x01,
    0x45, 0x84, 0xC7, 0x01, 0x45, 0x84, 0xC6, 0x01, 0x44, 0x83, 0xC6, 0x01, 0x44, 0x83, 0xC6, 0x01,
    0x43, 0x83, 0xC5, 0x01, 0x43, 0x83, 0xC5, 0x01, 0x44, 0x83, 0xC5, 0x01, 0x00, 0x00, 0x00, 0x00,
    0x00, 0x00, 0x00, 0x00, 0x00, 0x00, 0x00, 0x00, 0x00, 0x00, 0x00, 0x00, 0x00, 0x00, 0x00, 0x00,
    0x00, 0x00, 0x00, 0x00, 0x00, 0x00, 0x00, 0x00, 0x00, 0x00, 0x00, 0x00, 0x00, 0x00, 0x00, 0x00,
    0x00, 0x00, 0x00, 0x00, 0x00, 0x00, 0x00, 0x00, 0x00, 0x00, 0x00, 0x00, 0x00, 0x00, 0x00, 0x00,
    0x00, 0x00, 0x00, 0x00, 0x00, 0x00, 0x00, 0x00, 0x00, 0x00, 0x00, 0x00, 0x00, 0x00, 0x00, 0x00,
    0x00, 0x00, 0x00, 0x00, 0x00, 0x00, 0x00, 0x00, 0x00, 0x00, 0x00, 0x00, 0x00, 0x00, 0x00, 0x00,
    0x00, 0x00, 0x00, 0x00, 0x00, 0x00, 0x00, 0x00, 0x00, 0x00, 0x00, 0x00, 0x00, 0x00, 0x00, 0x00,
    0x00, 0x00, 0x00, 0x00, 0x00, 0x00, 0x00, 0x00, 0x00, 0x00, 0x00, 0x00, 0x00, 0x00, 0x00, 0x00,
    0x00, 0x00, 0x00, 0x00, 0x00, 0x00, 0x00, 0x00, 0x00, 0x00, 0x00, 0x00, 0x00, 0x00, 0x00, 0x00,
    0x00, 0x00, 0x00, 0x00, 0x00, 0x00, 0x00, 0x00, 0x00, 0x00, 0x00, 0x00, 0x00, 0x00, 0x00, 0x00,
    0x00, 0x00, 0x00, 0x00, 0x00, 0x00, 0x00, 0x00, 0x00, 0x00, 0x00, 0x00, 0x00, 0x00, 0x00, 0x00,
    0x00, 0x00, 0x00, 0x00, 0x00, 0x00, 0x00, 0x00, 0x00, 0x00, 0x00, 0x00, 0x00, 0x00, 0x00, 0x00,
    0x59, 0x7F, 0xA8, 0x01, 0x59, 0x7F, 0xA7, 0x01, 0x59, 0x7F, 0xA8, 0x02, 0x59, 0x7F, 0xA8, 0x02,
    0x58, 0x7F, 0xA9, 0x02, 0x58, 0x7F, 0xA9, 0x02, 0x58, 0x7F, 0xA9, 0x03, 0x58, 0x7F, 0xA9, 0x03,
    0x57, 0x7E, 0xA8, 0x03, 0x57, 0x7E, 0xA9, 0x03, 0x56, 0x7D, 0xA9, 0x04, 0x56, 0x7D, 0xA9, 0x04,
    0x56, 0x7C, 0xA8, 0x03, 0x55, 0x7B, 0xA7, 0x06, 0x54, 0x7A, 0xA7, 0x02, 0x54, 0x7A, 0xA7, 0x02,
    0x58, 0x80, 0xAC, 0x05, 0x54, 0x7F, 0xA7, 0x01, 0x4B, 0x75, 0x9F, 0x0B, 0x4B, 0x75, 0x9F, 0x0B,
    0x53, 0x81, 0xAE, 0x03, 0x51, 0x85, 0xB3, 0x01, 0x00, 0x00, 0x00, 0x00, 0x00, 0x00, 0x00, 0x00,
    0x4A, 0x7C, 0xB0, 0x02, 0x00, 0x00, 0x00, 0x00, 0x00, 0x00, 0x00, 0x00, 0x00, 0x00, 0x00, 0x00,
    0x00, 0x00, 0x00, 0x00, 0x00, 0x00, 0x00, 0x00, 0x00, 0x00, 0x00, 0x00, 0x00, 0x00, 0x00, 0x00,
    0x00, 0x00, 0x00, 0x00, 0x00, 0x00, 0x00, 0x00, 0x00, 0x00, 0x00, 0x00, 0x00, 0x00, 0x00, 0x00,
    0x00, 0x00, 0x00, 0x00, 0x00, 0x00, 0x00, 0x00, 0x00, 0x00, 0x00, 0x00, 0x00, 0x00, 0x00, 0x00,
    0x00, 0x00, 0x00, 0x00, 0x00, 0x00, 0x00, 0x00, 0x00, 0x00, 0x00, 0x00, 0x00, 0x00, 0x00, 0x00,
    0x00, 0x00, 0x00, 0x00, 0x00, 0x00, 0x00, 0x00, 0x00, 0x00, 0x00, 0x00, 0x00, 0x00, 0x00, 0x00,
    0x00, 0x00, 0x00, 0x00, 0x00, 0x00, 0x00, 0x00, 0x00, 0x00, 0x00, 0x00, 0x00, 0x00, 0x00, 0x00,
    0x00, 0x00, 0x00, 0x00, 0x00, 0x00, 0x00, 0x00, 0x00, 0x00, 0x00, 0x00, 0x00, 0x00, 0x00, 0x00,
    0x00, 0x00, 0x00, 0x00, 0x00, 0x00, 0x00, 0x00, 0x00, 0x00, 0x00, 0x00, 0x00, 0x00, 0x00, 0x00,
    0x00, 0x00, 0x00, 0x00, 0x00, 0x00, 0x00, 0x00, 0x00, 0x00, 0x00, 0x00, 0x43, 0x84, 0xCA, 0x01,
    0x43, 0x84, 0xCA, 0x01, 0x45, 0x84, 0xCC, 0x01, 0x44, 0x82, 0xCA, 0x03, 0x42, 0x83, 0xCA, 0x04,
    0x42, 0x83, 0xCA, 0x04, 0x40, 0x82, 0xC7, 0x04, 0x41, 0x80, 0xC7, 0x03, 0x41, 0x82, 0xC7, 0x03,
    0x41, 0x82, 0xC7, 0x03, 0x42, 0x83, 0xC7, 0x02, 0x42, 0x82, 0xC6, 0x04, 0x44, 0x85, 0xC8, 0x03,
    0x44, 0x85, 0xC8, 0x03, 0x43, 0x82, 0xC6, 0x02, 0x43, 0x83, 0xC7, 0x01, 0x44, 0x83, 0xC6, 0x02,
    0x44, 0x83, 0xC6, 0x01, 0x44, 0x83, 0xC6, 0x01, 0x44, 0x83, 0xC5, 0x01, 0x43, 0x82, 0xC6, 0x01,
    0x00, 0x00, 0x00, 0x00, 0x00, 0x00, 0x00, 0x00, 0x00, 0x00, 0x00, 0x00, 0x00, 0x00, 0x00, 0x00,
    0x00, 0x00, 0x00, 0x00, 0x00, 0x00, 0x00, 0x00, 0x00, 0x00, 0x00, 0x00, 0x00, 0x00, 0x00, 0x00,
    0x00, 0x00, 0x00, 0x00, 0x00, 0x00, 0x00, 0x00, 0x00, 0x00, 0x00, 0x00, 0x00, 0x00, 0x00, 0x00,
    0x00, 0x00, 0x00, 0x00, 0x00, 0x00, 0x00, 0x00, 0x00, 0x00, 0x00, 0x00, 0x00, 0x00, 0x00, 0x00,
    0x00, 0x00, 0x00, 0x00, 0x00, 0x00, 0x00, 0x00, 0x00, 0x00, 0x00, 0x00, 0x00, 0x00, 0x00, 0x00,
    0x00, 0x00, 0x00, 0x00, 0x00, 0x00, 0x00, 0x00, 0x00, 0x00, 0x00, 0x00, 0x00, 0x00, 0x00, 0x00,
    0x00, 0x00, 0x00, 0x00, 0x00, 0x00, 0x00, 0x00, 0x00, 0x00, 0x00, 0x00, 0x00, 0x00, 0x00, 0x00,
    0x00, 0x00, 0x00, 0x00, 0x00, 0x00, 0x00, 0x00, 0x00, 0x00, 0x00, 0x00, 0x00, 0x00, 0x00, 0x00,
    0x00, 0x00, 0x00, 0x00, 0x00, 0x00, 0x00, 0x00, 0x00, 0x00, 0x00, 0x00, 0x00, 0x00, 0x00, 0x00,
    0x00, 0x00, 0x00, 0x00, 0x00, 0x00, 0x00, 0x00, 0x00, 0x00, 0x00, 0x00, 0x00, 0x00, 0x00, 0x00,
    0x00, 0x00, 0x00, 0x00, 0x00, 0x00, 0x00, 0x00, 0x00, 0x00, 0x00, 0x00, 0x00, 0x00, 0x00, 0x00,
    0x56, 0x7F, 0xA9, 0x01, 0x56, 0x7E, 0xA9, 0x01, 0x56, 0x7F, 0xA9, 0x01, 0x56, 0x7F, 0xA9, 0x01,
    0x56, 0x7F, 0xAA, 0x02, 0x56, 0x7E, 0xAA, 0x02, 0x55, 0x7D, 0xAA, 0x02, 0x55, 0x7D, 0xAA, 0x02,
    0x54, 0x7D, 0xAA, 0x03, 0x54, 0x7D, 0xAA, 0x02, 0x54, 0x7B, 0xAA, 0x04, 0x54, 0x7B, 0xAA, 0x04,
    0x55, 0x7C, 0xA9, 0x01, 0x51, 0x79, 0xA8, 0x03, 0x53, 0x7B, 0xAA, 0x2D, 0x53, 0x7B, 0xAA, 0x2D,
    0x33, 0x5D, 0x84, 0x8C, 0x08, 0x2A, 0x51, 0xAA, 0x01, 0x0F, 0x37, 0xC4, 0x01, 0x0F, 0x37, 0xC4,
    0x11, 0x2E, 0x56, 0xA5, 0x35, 0x64, 0x92, 0x84, 0x47, 0x85, 0xB3, 0x15, 0x47, 0x85, 0xB3, 0x15,
    0x4C, 0x88, 0xBB, 0x01, 0x48, 0x7E, 0xB7, 0x02, 0x49, 0x82, 0xB9, 0x01, 0x00, 0x00, 0x00, 0x00,
    0x00, 0x00, 0x00, 0x00, 0x00, 0x00, 0x00, 0x00, 0x00, 0x00, 0x00, 0x00, 0x00, 0x00, 0x00, 0x00,
    0x00, 0x00, 0x00, 0x00, 0x00, 0x00, 0x00, 0x00, 0x00, 0x00, 0x00, 0x00, 0x00, 0x00, 0x00, 0x00,
    0x00, 0x00, 0x00, 0x00, 0x00, 0x00, 0x00, 0x00, 0x00, 0x00, 0x00, 0x00, 0x00, 0x00, 0x00, 0x00,
    0x00, 0x00, 0x00, 0x00, 0x47, 0x85, 0xC6, 0x01, 0x00, 0x00, 0x00, 0x00, 0x00, 0x00, 0x00, 0x00,
    0x00, 0x00, 0x00, 0x00, 0x49, 0x87, 0xC9, 0x01, 0x00, 0x00, 0x00, 0x00, 0x00, 0x00, 0x00, 0x00,
    0x00, 0x00, 0x00, 0x00, 0x00, 0x00, 0x00, 0x00, 0x00, 0x00, 0x00, 0x00, 0x00, 0x00, 0x00, 0x00,
    0x00, 0x00, 0x00, 0x00, 0x00, 0x00, 0x00, 0x00, 0x00, 0x00, 0x00, 0x00, 0x00, 0x00, 0x00, 0x00,
    0x00, 0x00, 0x00, 0x00, 0x00, 0x00, 0x00, 0x00, 0x00, 0x00, 0x00, 0x00, 0x00, 0x00, 0x00, 0x00,
    0x00, 0x00, 0x00, 0x00, 0x00, 0x00, 0x00, 0x00, 0x00, 0x00, 0x00, 0x00, 0x41, 0x83, 0xCA, 0x01,
    0x41, 0x83, 0xCA, 0x01, 0x41, 0x82, 0xCA, 0x02, 0x41, 0x80, 0xC9, 0x03, 0x42, 0x82, 0xCA, 0x03,
    0x42, 0x82, 0xCA, 0x03, 0x46, 0x87, 0xCE, 0x04, 0x46, 0x86, 0xCD, 0x03, 0x44, 0x87, 0xCA, 0x05,
    0x44, 0x87, 0xCA, 0x05, 0x47, 0x8A, 0xCD, 0x05, 0x49, 0x89, 0xD0, 0x04, 0x45, 0x85, 0xC9, 0x03,
    0x45, 0x85, 0xC9, 0x03, 0x42, 0x83, 0xC6, 0x03, 0x44, 0x84, 0xC8, 0x01, 0x44, 0x82, 0xC7, 0x01,
    0x43, 0x83, 0xC7, 0x01, 0x43, 0x83, 0xC7, 0x01, 0x43, 0x83, 0xC6, 0x01, 0x00, 0x00, 0x00, 0x00,
    0x00, 0x00, 0x00, 0x00, 0x00, 0x00, 0x00, 0x00, 0x00, 0x00, 0x00, 0x00, 0x00, 0x00, 0x00, 0x00,
    0x00, 0x00, 0x00, 0x00, 0x00, 0x00, 0x00, 0x00, 0x00, 0x00, 0x00, 0x00, 0x00, 0x00, 0x00, 0x00,
    0x00, 0x00, 0x00, 0x00, 0x00, 0x00, 0x00, 0x00, 0x00, 0x00, 0x00, 0x00, 0x00, 0x00, 0x00, 0x00,
    0x00, 0x00, 0x00, 0x00, 0x00, 0x00, 0x00, 0x00, 0x00, 0x00, 0x00, 0x00, 0x00, 0x00, 0x00, 0x00,
    0x00, 0x00, 0x00, 0x00, 0x00, 0x00, 0x00, 0x00, 0x00, 0x00, 0x00, 0x00, 0x00, 0x00, 0x00, 0x00,
    0x00, 0x00, 0x00, 0x00, 0x00, 0x00, 0x00, 0x00, 0x00, 0x00, 0x00, 0x00, 0x00, 0x00, 0x00, 0x00,
    0x00, 0x00, 0x00, 0x00, 0x00, 0x00, 0x00, 0x00, 0x00, 0x00, 0x00, 0x00, 0x00, 0x00, 0x00, 0x00,
    0x00, 0x00, 0x00, 0x00, 0x00, 0x00, 0x00, 0x00, 0x00, 0x00, 0x00, 0x00, 0x00, 0x00, 0x00, 0x00,
    0x00, 0x00, 0x00, 0x00, 0x00, 0x00, 0x00, 0x00, 0x00, 0x00, 0x00, 0x00, 0x00, 0x00, 0x00, 0x00,
    0x00, 0x00, 0x00, 0x00, 0x00, 0x00, 0x00, 0x00, 0x00, 0x00, 0x00, 0x00, 0x00, 0x00, 0x00, 0x00,
    0x00, 0x00, 0x00, 0x00, 0x00, 0x00, 0x00, 0x00, 0x00, 0x00, 0x00, 0x00, 0x00, 0x00, 0x00, 0x00,
    0x54, 0x7E, 0xAA, 0x01, 0x54, 0x7E, 0xAA, 0x01, 0x54, 0x7D, 0xAA, 0x01, 0x54, 0x7D, 0xAA, 0x01,
    0x53, 0x7D, 0xAB, 0x02, 0x53, 0x7C, 0xAB, 0x02, 0x53, 0x7C, 0xAB, 0x02, 0x53, 0x7C, 0xAB, 0x02,
    0x52, 0x7C, 0xAB, 0x03, 0x52, 0x7B, 0xAB, 0x04, 0x51, 0x7A, 0xAA, 0x04, 0x51, 0x7A, 0xAA, 0x04,
    0x4D, 0x77, 0xA9, 0x04, 0x50, 0x7B, 0xAB, 0x1F, 0x28, 0x4D, 0x7A, 0x80, 0x28, 0x4D, 0x7A, 0x80,
    0x09, 0x31, 0x65, 0xEA, 0x26, 0x68, 0xA5, 0xF0, 0x24, 0x61, 0xA8, 0xF7, 0x24, 0x61, 0xA8, 0xF7,
    0x25, 0x5F, 0x9D, 0xED, 0x0B, 0x2D, 0x6B, 0xF6, 0x20, 0x58, 0x8D, 0x92, 0x20, 0x58, 0x8D, 0x92,
    0x3C, 0x70, 0xA8, 0x2F, 0x50, 0x8C, 0xC6, 0x01, 0x47, 0x82, 0xBD, 0x02, 0x49, 0x83, 0xC1, 0x01,
    0x49, 0x83, 0xC1, 0x01, 0x4A, 0x84, 0xC2, 0x01, 0x00, 0x00, 0x00, 0x00, 0x00, 0x00, 0x00, 0x00,
    0x00, 0x00, 0x00, 0x00, 0x00, 0x00, 0x00, 0x00, 0x49, 0x85, 0xC5, 0x01, 0x49, 0x85, 0xC6, 0x01,
    0x49, 0x85, 0xC6, 0x01, 0x48, 0x84, 0xC8, 0x01, 0x47, 0x84, 0xC8, 0x03, 0x45, 0x83, 0xC6, 0x03,
    0x45, 0x83, 0xC6, 0x03, 0x47, 0x85, 0xC8, 0x02, 0x48, 0x85, 0xC8, 0x03, 0x48, 0x87, 0xC9, 0x02,
    0x48, 0x87, 0xC9, 0x02, 0x48, 0x87, 0xC9, 0x03, 0x48, 0x88, 0xCA, 0x02, 0x47, 0x87, 0xCA, 0x03,
    0x47, 0x87, 0xCA, 0x03, 0x46, 0x88, 0xCC, 0x02, 0x47, 0x89, 0xCE, 0x01, 0x00, 0x00, 0x00, 0x00,
    0x00, 0x00, 0x00, 0x00, 0x00, 0x00, 0x00, 0x00, 0x00, 0x00, 0x00, 0x00, 0x00, 0x00, 0x00, 0x00,
    0x00, 0x00, 0x00, 0x00, 0x00, 0x00, 0x00, 0x00, 0x00, 0x00, 0x00, 0x00, 0x00, 0x00, 0x00, 0x00,
    0x00, 0x00, 0x00, 0x00, 0x00, 0x00, 0x00, 0x00, 0x3F, 0x84, 0xCD, 0x01, 0x3F, 0x82, 0xCB, 0x02,
    0x3F, 0x82, 0xCB, 0x02, 0x43, 0x85, 0xCE, 0x01, 0x43, 0x82, 0xCC, 0x07, 0x3F, 0x7B, 0xBF, 0x22,
    0x3F, 0x7B, 0xBF, 0x22, 0x24, 0x5B, 0x97, 0x40, 0x22, 0x53, 0x8F, 0x51, 0x30, 0x60, 0x96, 0x4B,
    0x30, 0x60, 0x96, 0x4B, 0x28, 0x58, 0x8F, 0x36, 0x28, 0x5E, 0x9B, 0x29, 0x42, 0x84, 0xC7, 0x0C,
    0x42, 0x84, 0xC7, 0x0C, 0x43, 0x85, 0xC8, 0x07, 0x41, 0x81, 0xC8, 0x05, 0x42, 0x82, 0xC8, 0x01,
    0x42, 0x84, 0xC8, 0x01, 0x42, 0x84, 0xC8, 0x01, 0x42, 0x84, 0xC6, 0x01, 0x00, 0x00, 0x00, 0x00,
    0x42, 0x82, 0xC5, 0x01, 0x42, 0x82, 0xC5, 0x01, 0x00, 0x00, 0x00, 0x00, 0x00, 0x00, 0x00, 0x00,
    0x00, 0x00, 0x00, 0x00, 0x00, 0x00, 0x00, 0x00, 0x00, 0x00, 0x00, 0x00, 0x00, 0x00, 0x00, 0x00,
    0x00, 0x00, 0x00, 0x00, 0x00, 0x00, 0x00, 0x00, 0x00, 0x00, 0x00, 0x00, 0x00, 0x00, 0x00, 0x00,
    0x00, 0x00, 0x00, 0x00, 0x00, 0x00, 0x00, 0x00, 0x00, 0x00, 0x00, 0x00, 0x00, 0x00, 0x00, 0x00,
    0x00, 0x00, 0x00, 0x00, 0x00, 0x00, 0x00, 0x00, 0x00, 0x00, 0x00, 0x00, 0x00, 0x00, 0x00, 0x00,
    0x00, 0x00, 0x00, 0x00, 0x00, 0x00, 0x00, 0x00, 0x00, 0x00, 0x00, 0x00, 0x00, 0x00, 0x00, 0x00,
    0x00, 0x00, 0x00, 0x00, 0x00, 0x00, 0x00, 0x00, 0x00, 0x00, 0x00, 0x00, 0x00, 0x00, 0x00, 0x00,
    0x00, 0x00, 0x00, 0x00, 0x00, 0x00, 0x00, 0x00, 0x00, 0x00, 0x00, 0x00, 0x00, 0x00, 0x00, 0x00,
    0x00, 0x00, 0x00, 0x00, 0x00, 0x00, 0x00, 0x00, 0x00, 0x00, 0x00, 0x00, 0x00, 0x00, 0x00, 0x00,
    0x00, 0x00, 0x00, 0x00, 0x00, 0x00, 0x00, 0x00, 0x00, 0x00, 0x00, 0x00, 0x00, 0x00, 0x00, 0x00,
    0x00, 0x00, 0x00, 0x00, 0x00, 0x00, 0x00, 0x00, 0x00, 0x00, 0x00, 0x00, 0x00, 0x00, 0x00, 0x00,
    0x54, 0x7E, 0xAA, 0x01, 0x54, 0x7E, 0xAA, 0x01, 0x54, 0x7D, 0xAA, 0x01, 0x54, 0x7D, 0xAA, 0x01,
    0x53, 0x7D, 0xAB, 0x02, 0x53, 0x7C, 0xAB, 0x02, 0x53, 0x7C, 0xAB, 0x02, 0x53, 0x7C, 0xAB, 0x02,
    0x52, 0x7C, 0xAB, 0x03, 0x52, 0x7B, 0xAB, 0x04, 0x51, 0x7A, 0xAA, 0x04, 0x51, 0x7A, 0xAA, 0x04,
    0x4D, 0x77, 0xA9, 0x04, 0x50, 0x7B, 0xAB, 0x1F, 0x28, 0x4D, 0x7A, 0x80, 0x28, 0x4D, 0x7A, 0x80,
    0x09, 0x31, 0x65, 0xEA, 0x26, 0x68, 0xA5, 0xF0, 0x24, 0x61, 0xA8, 0xF7, 0x24, 0x61, 0xA8, 0xF7,
    0x25, 0x5F, 0x9D, 0xED, 0x0B, 0x2D, 0x6B, 0xF6, 0x20, 0x58, 0x8D, 0x92, 0x20, 0x58, 0x8D, 0x92,
    0x3C, 0x70, 0xA8, 0x2F, 0x50, 0x8C, 0xC6, 0x01, 0x47, 0x82, 0xBD, 0x02, 0x49, 0x83, 0xC1, 0x01,
    0x49, 0x83, 0xC1, 0x01, 0x4A, 0x84, 0xC2, 0x01, 0x00, 0x00, 0x00, 0x00, 0x00, 0x00, 0x00, 0x00,
    0x00, 0x00, 0x00, 0x00, 0x00, 0x00, 0x00, 0x00, 0x49, 0x85, 0xC5, 0x01, 0x49, 0x85, 0xC6, 0x01,
    0x49, 0x85, 0xC6, 0x01, 0x48, 0x84, 0xC8, 0x01, 0x47, 0x84, 0xC8, 0x03, 0x45, 0x83, 0xC6, 0x03,
    0x45, 0x83, 0xC6, 0x03, 0x47, 0x85, 0xC8, 0x02, 0x48, 0x85, 0xC8, 0x03, 0x48, 0x87, 0xC9, 0x02,
    0x48, 0x87, 0xC9, 0x02, 0x48, 0x87, 0xC9, 0x03, 0x48, 0x88, 0xCA, 0x02, 0x47, 0x87, 0xCA, 0x03,
    0x47, 0x87, 0xCA, 0x03, 0x46, 0x88, 0xCC, 0x02, 0x47, 0x89, 0xCE, 0x01, 0x00, 0x00, 0x00, 0x00,
    0x00, 0x00, 0x00, 0x00, 0x00, 0x00, 0x00, 0x00, 0x00, 0x00, 0x00, 0x00, 0x00, 0x00, 0x00, 0x00,
    0x00, 0x00, 0x00, 0x00, 0x00, 0x00, 0x00, 0x00, 0x00, 0x00, 0x00, 0x00, 0x00, 0x00, 0x00, 0x00,
    0x00, 0x00, 0x00, 0x00, 0x00, 0x00, 0x00, 0x00, 0x3F, 0x84, 0xCD, 0x01, 0x3F, 0x82, 0xCB, 0x02,
    0x3F, 0x82, 0xCB, 0x02, 0x43, 0x85, 0xCE, 0x01, 0x43, 0x82, 0xCC, 0x07, 0x3F, 0x7B, 0xBF, 0x22,
    0x3F, 0x7B, 0xBF, 0x22, 0x24, 0x5B, 0x97, 0x40, 0x22, 0x53, 0x8F, 0x51, 0x30, 0x60, 0x96, 0x4B,
    0x30, 0x60, 0x96, 0x4B, 0x28, 0x58, 0x8F, 0x36, 0x28, 0x5E, 0x9B, 0x29, 0x42, 0x84, 0xC7, 0x0C,
    0x42, 0x84, 0xC7, 0x0C, 0x43, 0x85, 0xC8, 0x07, 0x41, 0x81, 0xC8, 0x05, 0x42, 0x82, 0xC8, 0x01,
    0x42, 0x84, 0xC8, 0x01, 0x42, 0x84, 0xC8, 0x01, 0x42, 0x84, 0xC6, 0x01, 0x00, 0x00, 0x00, 0x00,
    0x42, 0x82, 0xC5, 0x01, 0x42, 0x82, 0xC5, 0x01, 0x00, 0x00, 0x00, 0x00, 0x00, 0x00, 0x00, 0x00,
    0x00, 0x00, 0x00, 0x00, 0x00, 0x00, 0x00, 0x00, 0x00, 0x00, 0x00, 0x00, 0x00, 0x00, 0x00, 0x00,
    0x00, 0x00, 0x00, 0x00, 0x00, 0x00, 0x00, 0x00, 0x00, 0x00, 0x00, 0x00, 0x00, 0x00, 0x00, 0x00,
    0x00, 0x00, 0x00, 0x00, 0x00, 0x00, 0x00, 0x00, 0x00, 0x00, 0x00, 0x00, 0x00, 0x00, 0x00, 0x00,
    0x00, 0x00, 0x00, 0x00, 0x00, 0x00, 0x00, 0x00, 0x00, 0x00, 0x00, 0x00, 0x00, 0x00, 0x00, 0x00,
    0x00, 0x00, 0x00, 0x00, 0x00, 0x00, 0x00, 0x00, 0x00, 0x00, 0x00, 0x00, 0x00, 0x00, 0x00, 0x00,
    0x00, 0x00, 0x00, 0x00, 0x00, 0x00, 0x00, 0x00, 0x00, 0x00, 0x00, 0x00, 0x00, 0x00, 0x00, 0x00,
    0x00, 0x00, 0x00, 0x00, 0x00, 0x00, 0x00, 0x00, 0x00, 0x00, 0x00, 0x00, 0x00, 0x00, 0x00, 0x00,
    0x00, 0x00, 0x00, 0x00, 0x00, 0x00, 0x00, 0x00, 0x00, 0x00, 0x00, 0x00, 0x00, 0x00, 0x00, 0x00,
    0x00, 0x00, 0x00, 0x00, 0x00, 0x00, 0x00, 0x00, 0x00, 0x00, 0x00, 0x00, 0x00, 0x00, 0x00, 0x00,
    0x00, 0x00, 0x00, 0x00, 0x00, 0x00, 0x00, 0x00, 0x00, 0x00, 0x00, 0x00, 0x00, 0x00, 0x00, 0x00,
    0x53, 0x7E, 0xAC, 0x01, 0x52, 0x7E, 0xAC, 0x01, 0x52, 0x7D, 0xAC, 0x02, 0x52, 0x7D, 0xAC, 0x02,
    0x52, 0x7D, 0xAD, 0x02, 0x51, 0x7D, 0xAD, 0x02, 0x50, 0x7C, 0xAC, 0x02, 0x50, 0x7C, 0xAC, 0x02,
    0x50, 0x7B, 0xAC, 0x02, 0x51, 0x7B, 0xAB, 0x05, 0x4C, 0x78, 0xA9, 0x02, 0x4C, 0x78, 0xA9, 0x02,
    0x50, 0x7D, 0xAE, 0x1B, 0x2A, 0x4C, 0x79, 0x80, 0x02, 0x10, 0x45, 0xBF, 0x02, 0x10, 0x45, 0xBF,
    0x2B, 0x71, 0xB8, 0xF6, 0x43, 0xB1, 0xF4, 0xF3, 0x30, 0x99, 0xF2, 0xF6, 0x30, 0x99, 0xF2, 0xF6,
    0x2D, 0x8D, 0xED, 0xF6, 0x1A, 0x61, 0xBD, 0xF4, 0x1C, 0x55, 0xA2, 0xE6, 0x1C, 0x55, 0xA2, 0xE6,
    0x06, 0x1C, 0x60, 0xE6, 0x2F, 0x62, 0x9A, 0x74, 0x52, 0x8E, 0xC9, 0x03, 0x4D, 0x8A, 0xC8, 0x03,
    0x4D, 0x8A, 0xC8, 0x03, 0x48, 0x85, 0xC3, 0x04, 0x4C, 0x88, 0xC7, 0x02, 0x4D, 0x87, 0xC7, 0x02,
    0x4D, 0x87, 0xC7, 0x02, 0x4B, 0x86, 0xC8, 0x03, 0x47, 0x83, 0xC7, 0x04, 0x46, 0x83, 0xC9, 0x04,
    0x46, 0x83, 0xC9, 0x04, 0x46, 0x84, 0xCC, 0x03, 0x00, 0x00, 0x00, 0x00, 0x00, 0x00, 0x00, 0x00,
    0x00, 0x00, 0x00, 0x00, 0x4C, 0x8D, 0xD7, 0x01, 0x4C, 0x8D, 0xD5, 0x01, 0x4C, 0x8F, 0xD7, 0x01,
    0x4C, 0x8F, 0xD7, 0x01, 0x4B, 0x8E, 0xD7, 0x01, 0x4B, 0x90, 0xD9, 0x01, 0x00, 0x00, 0x00, 0x00,
    0x00, 0x00, 0x00, 0x00, 0x00, 0x00, 0x00, 0x00, 0x00, 0x00, 0x00, 0x00, 0x41, 0x86, 0xCE, 0x01,
    0x41, 0x86, 0xCE, 0x01, 0x40, 0x84, 0xCE, 0x03, 0x3F, 0x85, 0xD0, 0x03, 0x3E, 0x83, 0xCE, 0x03,
    0x3E, 0x83, 0xCE, 0x03, 0x3E, 0x84, 0xCF, 0x01, 0x00, 0x00, 0x00, 0x00, 0x3F, 0x85, 0xD0, 0x01,
    0x3F, 0x85, 0xD0, 0x01, 0x3B, 0x81, 0xCA, 0x03, 0x3C, 0x7F, 0xC9, 0x03, 0x41, 0x81, 0xC7, 0x02,
    0x41, 0x81, 0xC7, 0x02, 0x43, 0x7D, 0xC0, 0x1C, 0x3B, 0x6C, 0xAF, 0x38, 0x2B, 0x5F, 0x99, 0xA9,
    0x2B, 0x5F, 0x99, 0xA9, 0x1C, 0x50, 0x84, 0xD4, 0x06, 0x26, 0x60, 0xDF, 0x01, 0x13, 0x4B, 0xDA,
    0x01, 0x13, 0x4B, 0xDA, 0x08, 0x2C, 0x63, 0xC7, 0x0D, 0x38, 0x6E, 0xBC, 0x25, 0x60, 0x97, 0x45,
    0x25, 0x60, 0x97, 0x45, 0x44, 0x87, 0xC7, 0x0A, 0x41, 0x84, 0xCA, 0x06, 0x41, 0x83, 0xC8, 0x03,
    0x42, 0x84, 0xC8, 0x02, 0x42, 0x84, 0xC8, 0x02, 0x42, 0x83, 0xC7, 0x02, 0x00, 0x00, 0x00, 0x00,
    0x43, 0x82, 0xC6, 0x01, 0x43, 0x82, 0xC6, 0x01, 0x00, 0x00, 0x00, 0x00, 0x00, 0x00, 0x00, 0x00,
    0x00, 0x00, 0x00, 0x00, 0x00, 0x00, 0x00, 0x00, 0x00, 0x00, 0x00, 0x00, 0x00, 0x00, 0x00, 0x00,
    0x00, 0x00, 0x00, 0x00, 0x00, 0x00, 0x00, 0x00, 0x00, 0x00, 0x00, 0x00, 0x00, 0x00, 0x00, 0x00,
    0x00, 0x00, 0x00, 0x00, 0x00, 0x00, 0x00, 0x00, 0x00, 0x00, 0x00, 0x00, 0x00, 0x00, 0x00, 0x00,
    0x00, 0x00, 0x00, 0x00, 0x00, 0x00, 0x00, 0x00, 0x00, 0x00, 0x00, 0x00, 0x00, 0x00, 0x00, 0x00,
    0x00, 0x00, 0x00, 0x00, 0x00, 0x00, 0x00, 0x00, 0x00, 0x00, 0x00, 0x00, 0x00, 0x00, 0x00, 0x00,
    0x00, 0x00, 0x00, 0x00, 0x00, 0x00, 0x00, 0x00, 0x00, 0x00, 0x00, 0x00, 0x00, 0x00, 0x00, 0x00,
    0x00, 0x00, 0x00, 0x00, 0x00, 0x00, 0x00, 0x00, 0x00, 0x00, 0x00, 0x00, 0x00, 0x00, 0x00, 0x00,
    0x00, 0x00, 0x00, 0x00, 0x00, 0x00, 0x00, 0x00, 0x00, 0x00, 0x00, 0x00, 0x00, 0x00, 0x00, 0x00,
    0x00, 0x00, 0x00, 0x00, 0x00, 0x00, 0x00, 0x00, 0x00, 0x00, 0x00, 0x00, 0x00, 0x00, 0x00, 0x00,
    0x00, 0x00, 0x00, 0x00, 0x00, 0x00, 0x00, 0x00, 0x00, 0x00, 0x00, 0x00, 0x00, 0x00, 0x00, 0x00,
    0x50, 0x7D, 0xAD, 0x01, 0x50, 0x7E, 0xAD, 0x01, 0x50, 0x7E, 0xAE, 0x01, 0x50, 0x7E, 0xAE, 0x01,
    0x50, 0x7D, 0xAF, 0x02, 0x4F, 0x7C, 0xAE, 0x02, 0x4E, 0x7C, 0xAD, 0x02, 0x4E, 0x7C, 0xAD, 0x02,
    0x4E, 0x7C, 0xAD, 0x03, 0x4C, 0x79, 0xA9, 0x08, 0x4D, 0x7B, 0xAD, 0x03, 0x4D, 0x7B, 0xAD, 0x03,
    0x38, 0x61, 0x8D, 0x47, 0x0D, 0x2A, 0x57, 0xD5, 0x22, 0x4A, 0x8C, 0xF6, 0x22, 0x4A, 0x8C, 0xF6,
    0x40, 0x8D, 0xE1, 0xF9, 0x3A, 0x9D, 0xF5, 0xFA, 0x2C, 0x90, 0xF5, 0xFB, 0x2C, 0x90, 0xF5, 0xFB,
    0x29, 0x8D, 0xF6, 0xFA, 0x25, 0x81, 0xEB, 0xF9, 0x27, 0x7D, 0xDF, 0xF9, 0x27, 0x7D, 0xDF, 0xF9,
    0x28, 0x6F, 0xC5, 0xF6, 0x0D, 0x41, 0x83, 0xEF, 0x14, 0x3A, 0x74, 0x70, 0x54, 0x91, 0xD1, 0x21,
    0x54, 0x91, 0xD1, 0x21, 0x4F, 0x8B, 0xCC, 0x01, 0x48, 0x85, 0xC5, 0x06, 0x4A, 0x86, 0xC8, 0x03,
    0x4A, 0x86, 0xC8, 0x03, 0x4C, 0x8C, 0xD0, 0x02, 0x4E, 0x8F, 0xD5, 0x02, 0x4B, 0x8E, 0xD6, 0x01,
    0x4B, 0x8E, 0xD6, 0x01, 0x00, 0x00, 0x00, 0x00, 0x3A, 0x7C, 0xC3, 0x35, 0x21, 0x52, 0x8E, 0x74,
    0x21, 0x52, 0x8E, 0x74, 0x25, 0x4F, 0x86, 0x74, 0x2D, 0x57, 0x8B, 0x7C, 0x2E, 0x5C, 0x91, 0x7A,
    0x2E, 0x5C, 0x91, 0x7A, 0x2E, 0x5C, 0x92, 0x7A, 0x2F, 0x5E, 0x92, 0x72, 0x2A, 0x5A, 0x90, 0x69,
    0x2A, 0x5A, 0x90, 0x69, 0x2B, 0x65, 0xA2, 0x56, 0x3B, 0x84, 0xCA, 0x22, 0x3E, 0x8C, 0xD5, 0x02,
    0x3E, 0x8C, 0xD5, 0x02, 0x3D, 0x87, 0xD2, 0x02, 0x00, 0x00, 0x00, 0x00, 0x38, 0x81, 0xCD, 0x01,
    0x38, 0x81, 0xCD, 0x01, 0x3A, 0x82, 0xCE, 0x03, 0x3A, 0x81, 0xCF, 0x04, 0x38, 0x80, 0xCE, 0x04,
    0x38, 0x80, 0xCE, 0x04, 0x39, 0x81, 0xCE, 0x04, 0x43, 0x89, 0xCC, 0x06, 0x2B, 0x66, 0x9B, 0x47,
    0x2B, 0x66, 0x9B, 0x47, 0x13, 0x3C, 0x6F, 0xCA, 0x01, 0x0D, 0x42, 0xCF, 0x06, 0x25, 0x62, 0xF2,
    0x06, 0x25, 0x62, 0xF2, 0x3C, 0x86, 0xCB, 0xF1, 0x45, 0x9C, 0xEB, 0xF1, 0x45, 0x92, 0xE4, 0xF5,
    0x45, 0x92, 0xE4, 0xF5, 0x56, 0xA9, 0xEE, 0xF3, 0x4A, 0x8B, 0xC9, 0xEE, 0x08, 0x20, 0x51, 0xC1,
    0x08, 0x20, 0x51, 0xC1, 0x18, 0x41, 0x79, 0x84, 0x3F, 0x80, 0xC4, 0x12, 0x3C, 0x7E, 0xC5, 0x07,
    0x41, 0x82, 0xC8, 0x03, 0x41, 0x82, 0xC8, 0x03, 0x42, 0x83, 0xC8, 0x02, 0x00, 0x00, 0x00, 0x00,
    0x00, 0x00, 0x00, 0x00, 0x00, 0x00, 0x00, 0x00, 0x00, 0x00, 0x00, 0x00, 0x00, 0x00, 0x00, 0x00,
    0x00, 0x00, 0x00, 0x00, 0x00, 0x00, 0x00, 0x00, 0x00, 0x00, 0x00, 0x00, 0x00, 0x00, 0x00, 0x00,
    0x00, 0x00, 0x00, 0x00, 0x00, 0x00, 0x00, 0x00, 0x00, 0x00, 0x00, 0x00, 0x00, 0x00, 0x00, 0x00,
    0x00, 0x00, 0x00, 0x00, 0x00, 0x00, 0x00, 0x00, 0x00, 0x00, 0x00, 0x00, 0x00, 0x00, 0x00, 0x00,
    0x00, 0x00, 0x00, 0x00, 0x00, 0x00, 0x00, 0x00, 0x00, 0x00, 0x00, 0x00, 0x00, 0x00, 0x00, 0x00,
    0x00, 0x00, 0x00, 0x00, 0x00, 0x00, 0x00, 0x00, 0x00, 0x00, 0x00, 0x00, 0x00, 0x00, 0x00, 0x00,
    0x00, 0x00, 0x00, 0x00, 0x00, 0x00, 0x00, 0x00, 0x00, 0x00, 0x00, 0x00, 0x00, 0x00, 0x00, 0x00,
    0x00, 0x00, 0x00, 0x00, 0x00, 0x00, 0x00, 0x00, 0x00, 0x00, 0x00, 0x00, 0x00, 0x00, 0x00, 0x00,
    0x00, 0x00, 0x00, 0x00, 0x00, 0x00, 0x00, 0x00, 0x00, 0x00, 0x00, 0x00, 0x00, 0x00, 0x00, 0x00,
    0x00, 0x00, 0x00, 0x00, 0x00, 0x00, 0x00, 0x00, 0x00, 0x00, 0x00, 0x00, 0x00, 0x00, 0x00, 0x00,
    0x00, 0x00, 0x00, 0x00, 0x00, 0x00, 0x00, 0x00, 0x00, 0x00, 0x00, 0x00, 0x00, 0x00, 0x00, 0x00,
    0x4F, 0x7E, 0xAE, 0x01, 0x4F, 0x7E, 0xAF, 0x01, 0x4F, 0x7E, 0xB0, 0x01, 0x4F, 0x7E, 0xB0, 0x01,
    0x4F, 0x7E, 0xB0, 0x02, 0x4D, 0x7D, 0xB0, 0x02, 0x4C, 0x7B, 0xAF, 0x02, 0x4C, 0x7B, 0xAF, 0x02,
    0x4C, 0x7C, 0xAE, 0x04, 0x49, 0x7B, 0xAC, 0x05, 0x4A, 0x7B, 0xAD, 0x1E, 0x4A, 0x7B, 0xAD, 0x1E,
    0x0B, 0x27, 0x51, 0x8E, 0x2C, 0x56, 0x87, 0xE4, 0x77, 0xBB, 0xF5, 0xFB, 0x77, 0xBB, 0xF5, 0xFB,
    0x56, 0xA4, 0xF6, 0xFA, 0x42, 0x98, 0xF7, 0xF9, 0x3C, 0x9B, 0xFA, 0xFA, 0x3C, 0x9B, 0xFA, 0xFA,
    0x42, 0xAB, 0xFC, 0xF9, 0x36, 0x9D, 0xFA, 0xFA, 0x34, 0xA0, 0xF9, 0xFA, 0x34, 0xA0, 0xF9, 0xFA,
    0x39, 0xA8, 0xFA, 0xFA, 0x3A, 0x96, 0xEB, 0xF9, 0x16, 0x4E, 0x99, 0xFA, 0x17, 0x45, 0x88, 0xD0,
    0x17, 0x45, 0x88, 0xD0, 0x52, 0x92, 0xD3, 0x3B, 0x5B, 0x9E, 0xDF, 0x03, 0x55, 0x98, 0xD9, 0x04,
    0x55, 0x98, 0xD9, 0x04, 0x47, 0x86, 0xC1, 0x52, 0x22, 0x4A, 0x7B, 0xA2, 0x24, 0x45, 0x76, 0x8C,
    0x24, 0x45, 0x76, 0x8C, 0x2C, 0x58, 0x90, 0x85, 0x20, 0x56, 0x93, 0xC3, 0x06, 0x31, 0x6E, 0xF5,
    0x06, 0x31, 0x6E, 0xF5, 0x02, 0x1F, 0x58, 0xF8, 0x02, 0x1E, 0x52, 0xFD, 0x02, 0x20, 0x52, 0xFD,
    0x02, 0x20, 0x52, 0xFD, 0x02, 0x1A, 0x49, 0xFE, 0x03, 0x1E, 0x4B, 0xFE, 0x02, 0x1A, 0x49, 0xFD,
    0x02, 0x1A, 0x49, 0xFD, 0x04, 0x23, 0x59, 0xFA, 0x1F, 0x5A, 0x97, 0xBE, 0x38, 0x72, 0xA9, 0x5E,
    0x38, 0x72, 0xA9, 0x5E, 0x35, 0x69, 0xA3, 0x57, 0x32, 0x73, 0xB3, 0x44, 0x36, 0x80, 0xC8, 0x2D,
    0x36, 0x80, 0xC8, 0x2D, 0x36, 0x82, 0xCD, 0x05, 0x2F, 0x7D, 0xC9, 0x06, 0x33, 0x83, 0xCF, 0x01,
    0x33, 0x83, 0xCF, 0x01, 0x38, 0x78, 0xC0, 0x26, 0x16, 0x3A, 0x71, 0x93, 0x0F, 0x37, 0x69, 0xC9,
    0x0F, 0x37, 0x69, 0xC9, 0x1E, 0x5C, 0x92, 0xF9, 0x19, 0x56, 0xA4, 0xFB, 0x31, 0x87, 0xDE, 0xF8,
    0x31, 0x87, 0xDE, 0xF8, 0x31, 0x97, 0xF3, 0xF7, 0x2C, 0x94, 0xF6, 0xF7, 0x33, 0x95, 0xF7, 0xF7,
    0x33, 0x95, 0xF7, 0xF7, 0x3C, 0x9F, 0xF9, 0xF4, 0x3F, 0x8E, 0xE8, 0xF4, 0x10, 0x34, 0x80, 0xF0,
    0x10, 0x34, 0x80, 0xF0, 0x0D, 0x28, 0x5F, 0xDD, 0x2F, 0x65, 0xA5, 0x46, 0x40, 0x80, 0xC8, 0x18,
    0x40, 0x82, 0xCA, 0x01, 0x40, 0x82, 0xCA, 0x01, 0x42, 0x83, 0xC9, 0x03, 0x00, 0x00, 0x00, 0x00,
    0x00, 0x00, 0x00, 0x00, 0x00, 0x00, 0x00, 0x00, 0x00, 0x00, 0x00, 0x00, 0x00, 0x00, 0x00, 0x00,
    0x00, 0x00, 0x00, 0x00, 0x00, 0x00, 0x00, 0x00, 0x00, 0x00, 0x00, 0x00, 0x00, 0x00, 0x00, 0x00,
    0x00, 0x00, 0x00, 0x00, 0x00, 0x00, 0x00, 0x00, 0x00, 0x00, 0x00, 0x00, 0x00, 0x00, 0x00, 0x00,
    0x00, 0x00, 0x00, 0x00, 0x00, 0x00, 0x00, 0x00, 0x00, 0x00, 0x00, 0x00, 0x00, 0x00, 0x00, 0x00,
    0x00, 0x00, 0x00, 0x00, 0x00, 0x00, 0x00, 0x00, 0x00, 0x00, 0x00, 0x00, 0x00, 0x00, 0x00, 0x00,
    0x00, 0x00, 0x00, 0x00, 0x00, 0x00, 0x00, 0x00, 0x00, 0x00, 0x00, 0x00, 0x00, 0x00, 0x00, 0x00,
    0x00, 0x00, 0x00, 0x00, 0x00, 0x00, 0x00, 0x00, 0x00, 0x00, 0x00, 0x00, 0x00, 0x00, 0x00, 0x00,
    0x00, 0x00, 0x00, 0x00, 0x00, 0x00, 0x00, 0x00, 0x00, 0x00, 0x00, 0x00, 0x00, 0x00, 0x00, 0x00,
    0x00, 0x00, 0x00, 0x00, 0x00, 0x00, 0x00, 0x00, 0x00, 0x00, 0x00, 0x00, 0x00, 0x00, 0x00, 0x00,
    0x00, 0x00, 0x00, 0x00, 0x00, 0x00, 0x00, 0x00, 0x00, 0x00, 0x00, 0x00, 0x00, 0x00, 0x00, 0x00,
    0x00, 0x00, 0x00, 0x00, 0x00, 0x00, 0x00, 0x00, 0x00, 0x00, 0x00, 0x00, 0x00, 0x00, 0x00, 0x00,
    0x4F, 0x7E, 0xAE, 0x01, 0x4F, 0x7E, 0xAF, 0x01, 0x4F, 0x7E, 0xB0, 0x01, 0x4F, 0x7E, 0xB0, 0x01,
    0x4F, 0x7E, 0xB0, 0x02, 0x4D, 0x7D, 0xB0, 0x02, 0x4C, 0x7B, 0xAF, 0x02, 0x4C, 0x7B, 0xAF, 0x02,
    0x4C, 0x7C, 0xAE, 0x04, 0x49, 0x7B, 0xAC, 0x05, 0x4A, 0x7B, 0xAD, 0x1E, 0x4A, 0x7B, 0xAD, 0x1E,
    0x0B, 0x27, 0x51, 0x8E, 0x2C, 0x56, 0x87, 0xE4, 0x77, 0xBB, 0xF5, 0xFB, 0x77, 0xBB, 0xF5, 0xFB,
    0x56, 0xA4, 0xF6, 0xFA, 0x42, 0x98, 0xF7, 0xF9, 0x3C, 0x9B, 0xFA, 0xFA, 0x3C, 0x9B, 0xFA, 0xFA,
    0x42, 0xAB, 0xFC, 0xF9, 0x36, 0x9D, 0xFA, 0xFA, 0x34, 0xA0, 0xF9, 0xFA, 0x34, 0xA0, 0xF9, 0xFA,
    0x39, 0xA8, 0xFA, 0xFA, 0x3A, 0x96, 0xEB, 0xF9, 0x16, 0x4E, 0x99, 0xFA, 0x17, 0x45, 0x88, 0xD0,
    0x17, 0x45, 0x88, 0xD0, 0x52, 0x92, 0xD3, 0x3B, 0x5B, 0x9E, 0xDF, 0x03, 0x55, 0x98, 0xD9, 0x04,
    0x55, 0x98, 0xD9, 0x04, 0x47, 0x86, 0xC1, 0x52, 0x22, 0x4A, 0x7B, 0xA2, 0x24, 0x45, 0x76, 0x8C,
    0x24, 0x45, 0x76, 0x8C, 0x2C, 0x58, 0x90, 0x85, 0x20, 0x56, 0x93, 0xC3, 0x06, 0x31, 0x6E, 0xF5,
    0x06, 0x31, 0x6E, 0xF5, 0x02, 0x1F, 0x58, 0xF8, 0x02, 0x1E, 0x52, 0xFD, 0x02, 0x20, 0x52, 0xFD,
    0x02, 0x20, 0x52, 0xFD, 0x02, 0x1A, 0x49, 0xFE, 0x03, 0x1E, 0x4B, 0xFE, 0x02, 0x1A, 0x49, 0xFD,
    0x02, 0x1A, 0x49, 0xFD, 0x04, 0x23, 0x59, 0xFA, 0x1F, 0x5A, 0x97, 0xBE, 0x38, 0x72, 0xA9, 0x5E,
    0x38, 0x72, 0xA9, 0x5E, 0x35, 0x69, 0xA3, 0x57, 0x32, 0x73, 0xB3, 0x44, 0x36, 0x80, 0xC8, 0x2D,
    0x36, 0x80, 0xC8, 0x2D, 0x36, 0x82, 0xCD, 0x05, 0x2F, 0x7D, 0xC9, 0x06, 0x33, 0x83, 0xCF, 0x01,
    0x33, 0x83, 0xCF, 0x01, 0x38, 0x78, 0xC0, 0x26, 0x16, 0x3A, 0x71, 0x93, 0x0F, 0x37, 0x69, 0xC9,
    0x0F, 0x37, 0x69, 0xC9, 0x1E, 0x5C, 0x92, 0xF9, 0x19, 0x56, 0xA4, 0xFB, 0x31, 0x87, 0xDE, 0xF8,
    0x31, 0x87, 0xDE, 0xF8, 0x31, 0x97, 0xF3, 0xF7, 0x2C, 0x94, 0xF6, 0xF7, 0x33, 0x95, 0xF7, 0xF7,
    0x33, 0x95, 0xF7, 0xF7, 0x3C, 0x9F, 0xF9, 0xF4, 0x3F, 0x8E, 0xE8, 0xF4, 0x10, 0x34, 0x80, 0xF0,
    0x10, 0x34, 0x80, 0xF0, 0x0D, 0x28, 0x5F, 0xDD, 0x2F, 0x65, 0xA5, 0x46, 0x40, 0x80, 0xC8, 0x18,
    0x40, 0x82, 0xCA, 0x01, 0x40, 0x82, 0xCA, 0x01, 0x42, 0x83, 0xC9, 0x03, 0x00, 0x00, 0x00, 0x00,
    0x00, 0x00, 0x00, 0x00, 0x00, 0x00, 0x00, 0x00, 0x00, 0x00, 0x00, 0x00, 0x00, 0x00, 0x00, 0x00,
    0x00, 0x00, 0x00, 0x00, 0x00, 0x00, 0x00, 0x00, 0x00, 0x00, 0x00, 0x00, 0x00, 0x00, 0x00, 0x00,
    0x00, 0x00, 0x00, 0x00, 0x00, 0x00, 0x00, 0x00, 0x00, 0x00, 0x00, 0x00, 0x00, 0x00, 0x00, 0x00,
    0x00, 0x00, 0x00, 0x00, 0x00, 0x00, 0x00, 0x00, 0x00, 0x00, 0x00, 0x00, 0x00, 0x00, 0x00, 0x00,
    0x00, 0x00, 0x00, 0x00, 0x00, 0x00, 0x00, 0x00, 0x00, 0x00, 0x00, 0x00, 0x00, 0x00, 0x00, 0x00,
    0x00, 0x00, 0x00, 0x00, 0x00, 0x00, 0x00, 0x00, 0x00, 0x00, 0x00, 0x00, 0x00, 0x00, 0x00, 0x00,
    0x00, 0x00, 0x00, 0x00, 0x00, 0x00, 0x00, 0x00, 0x00, 0x00, 0x00, 0x00, 0x00, 0x00, 0x00, 0x00,
    0x00, 0x00, 0x00, 0x00, 0x00, 0x00, 0x00, 0x00, 0x00, 0x00, 0x00, 0x00, 0x00, 0x00, 0x00, 0x00,
    0x00, 0x00, 0x00, 0x00, 0x00, 0x00, 0x00, 0x00, 0x00, 0x00, 0x00, 0x00, 0x00, 0x00, 0x00, 0x00,
    0x00, 0x00, 0x00, 0x00, 0x00, 0x00, 0x00, 0x00, 0x00, 0x00, 0x00, 0x00, 0x00, 0x00, 0x00, 0x00,
    0x00, 0x00, 0x00, 0x00, 0x00, 0x00, 0x00, 0x00, 0x00, 0x00, 0x00, 0x00, 0x00, 0x00, 0x00, 0x00,
    0x4E, 0x7E, 0xB0, 0x01, 0x4E, 0x7E, 0xB1, 0x01, 0x4D, 0x7E, 0xB1, 0x02, 0x4D, 0x7E, 0xB1, 0x02,
    0x4D, 0x7F, 0xB2, 0x02, 0x4B, 0x7D, 0xB2, 0x02, 0x4B, 0x7C, 0xB2, 0x03, 0x4B, 0x7C, 0xB2, 0x03,
    0x4A, 0x7B, 0xB0, 0x05, 0x46, 0x7C, 0xAD, 0x05, 0x47, 0x7D, 0xAD, 0x31, 0x47, 0x7D, 0xAD, 0x31,
    0x00, 0x0D, 0x33, 0xD0, 0x14, 0x2E, 0x6B, 0xFC, 0x72, 0xAD, 0xF8, 0xF7, 0x72, 0xAD, 0xF8, 0xF7,
    0x58, 0x9B, 0xF8, 0xFB, 0x4F, 0x95, 0xF8, 0xFA, 0x48, 0x96, 0xF9, 0xFB, 0x48, 0x96, 0xF9, 0xFB,
    0x41, 0x9A, 0xFA, 0xFA, 0x41, 0xA3, 0xFA, 0xFB, 0x3A, 0xA7, 0xFB, 0xFB, 0x3A, 0xA7, 0xFB, 0xFB,
    0x32, 0x99, 0xF9, 0xFB, 0x33, 0xA2, 0xFA, 0xFA, 0x38, 0xA8, 0xF9, 0xF9, 0x30, 0x7F, 0xCD, 0xFB,
    0x30, 0x7F, 0xCD, 0xFB, 0x27, 0x5D, 0x99, 0xD8, 0x3C, 0x6A, 0xA1, 0x8A, 0x24, 0x4C, 0x82, 0xAA,
    0x24, 0x4C, 0x82, 0xAA, 0x0C, 0x34, 0x67, 0xD5, 0x03, 0x1F, 0x53, 0xFA, 0x01, 0x15, 0x48, 0xFB,
    0x01, 0x15, 0x48, 0xFB, 0x01, 0x1C, 0x5C, 0xFE, 0x10, 0x54, 0xAB, 0xFC, 0x25, 0x8E, 0xF1, 0xF6,
    0x25, 0x8E, 0xF1, 0xF6, 0x22, 0x91, 0xFA, 0xF5, 0x21, 0x88, 0xF3, 0xF6, 0x24, 0x8B, 0xF5, 0xF5,
    0x24, 0x8B, 0xF5, 0xF5, 0x22, 0x86, 0xF3, 0xF6, 0x21, 0x88, 0xF4, 0xF5, 0x1D, 0x84, 0xEB, 0xF6,
    0x1D, 0x84, 0xEB, 0xF6, 0x21, 0x81, 0xE0, 0xF6, 0x0C, 0x4E, 0xA0, 0xFA, 0x00, 0x13, 0x43, 0xFA,
    0x00, 0x13, 0x43, 0xFA, 0x00, 0x04, 0x1F, 0xF6, 0x01, 0x14, 0x37, 0xE3, 0x0E, 0x33, 0x65, 0xD1,
    0x0E, 0x33, 0x65, 0xD1, 0x15, 0x40, 0x79, 0x51, 0x3C, 0x83, 0xC4, 0x22, 0x3D, 0x8B, 0xC7, 0x49,
    0x3D, 0x8B, 0xC7, 0x49, 0x06, 0x23, 0x5E, 0xC5, 0x00, 0x08, 0x47, 0xF8, 0x0F, 0x4A, 0xA3, 0xFB,
    0x0F, 0x4A, 0xA3, 0xFB, 0x2E, 0x99, 0xF1, 0xF2, 0x32, 0xA0, 0xFB, 0xF7, 0x2E, 0x9E, 0xFC, 0xF6,
    0x2E, 0x9E, 0xFC, 0xF6, 0x28, 0x90, 0xF9, 0xF9, 0x2C, 0x8E, 0xF7, 0xF9, 0x35, 0x90, 0xF7, 0xF9,
    0x35, 0x90, 0xF7, 0xF9, 0x42, 0x99, 0xFA, 0xFB, 0x52, 0xA9, 0xFB, 0xF8, 0x56, 0xA9, 0xF8, 0xF2,
    0x56, 0xA9, 0xF8, 0xF2, 0x34, 0x75, 0xBA, 0xF3, 0x12, 0x37, 0x72, 0xAE, 0x3C, 0x75, 0xB6, 0x4B,
    0x42, 0x85, 0xCE, 0x02, 0x42, 0x85, 0xCE, 0x02, 0x3F, 0x80, 0xC7, 0x05, 0x00, 0x00, 0x00, 0x00,
    0x42, 0x81, 0xC7, 0x01, 0x42, 0x81, 0xC7, 0x01, 0x00, 0x00, 0x00, 0x00, 0x00, 0x00, 0x00, 0x00,
    0x00, 0x00, 0x00, 0x00, 0x00, 0x00, 0x00, 0x00, 0x00, 0x00, 0x00, 0x00, 0x00, 0x00, 0x00, 0x00,
    0x00, 0x00, 0x00, 0x00, 0x00, 0x00, 0x00, 0x00, 0x00, 0x00, 0x00, 0x00, 0x00, 0x00, 0x00, 0x00,
    0x00, 0x00, 0x00, 0x00, 0x00, 0x00, 0x00, 0x00, 0x00, 0x00, 0x00, 0x00, 0x00, 0x00, 0x00, 0x00,
    0x00, 0x00, 0x00, 0x00, 0x00, 0x00, 0x00, 0x00, 0x00, 0x00, 0x00, 0x00, 0x00, 0x00, 0x00, 0x00,
    0x00, 0x00, 0x00, 0x00, 0x00, 0x00, 0x00, 0x00, 0x00, 0x00, 0x00, 0x00, 0x00, 0x00, 0x00, 0x00,
    0x00, 0x00, 0x00, 0x00, 0x00, 0x00, 0x00, 0x00, 0x00, 0x00, 0x00, 0x00, 0x00, 0x00, 0x00, 0x00,
    0x00, 0x00, 0x00, 0x00, 0x00, 0x00, 0x00, 0x00, 0x00, 0x00, 0x00, 0x00, 0x00, 0x00, 0x00, 0x00,
    0x00, 0x00, 0x00, 0x00, 0x00, 0x00, 0x00, 0x00, 0x00, 0x00, 0x00, 0x00, 0x00, 0x00, 0x00, 0x00,
    0x00, 0x00, 0x00, 0x00, 0x00, 0x00, 0x00, 0x00, 0x00, 0x00, 0x00, 0x00, 0x00, 0x00, 0x00, 0x00,
    0x00, 0x00, 0x00, 0x00, 0x00, 0x00, 0x00, 0x00, 0x00, 0x00, 0x00, 0x00, 0x00, 0x00, 0x00, 0x00,
    0x4D, 0x7E, 0xB2, 0x01, 0x4C, 0x7F, 0xB3, 0x01, 0x4C, 0x7F, 0xB3, 0x02, 0x4C, 0x7F, 0xB3, 0x02,
    0x4C, 0x7F, 0xB3, 0x02, 0x4B, 0x7E, 0xB2, 0x03, 0x4B, 0x7D, 0xB2, 0x04, 0x4B, 0x7D, 0xB2, 0x04,
    0x4A, 0x7E, 0xB2, 0x05, 0x42, 0x7A, 0xA8, 0x18, 0x38, 0x6B, 0x98, 0x4E, 0x38, 0x6B, 0x98, 0x4E,
    0x09, 0x1F, 0x4F, 0xD4, 0x36, 0x52, 0xA0, 0xFD, 0x79, 0xAB, 0xFB, 0xF8, 0x79, 0xAB, 0xFB, 0xF8,
    0x61, 0x94, 0xF9, 0xFA, 0x61, 0x96, 0xFB, 0xFA, 0x58, 0x93, 0xF8, 0xFB, 0x58, 0x93, 0xF8, 0xFB,
    0x4B, 0x92, 0xF3, 0xFA, 0x47, 0xA1, 0xFA, 0xFB, 0x42, 0xAA, 0xFC, 0xFA, 0x42, 0xAA, 0xFC, 0xFA,
    0x38, 0x9E, 0xFA, 0xFC, 0x30, 0xA1, 0xFA, 0xFB, 0x2C, 0xA4, 0xFC, 0xFB, 0x42, 0xAF, 0xFD, 0xFA,
    0x42, 0xAF, 0xFD, 0xFA, 0x0D, 0x3E, 0x87, 0xFE, 0x02, 0x11, 0x4A, 0xFE, 0x07, 0x2F, 0x81, 0xFE,
    0x07, 0x2F, 0x81, 0xFE, 0x1B, 0x6D, 0xCD, 0xF9, 0x20, 0x87, 0xEA, 0xF7, 0x23, 0x86, 0xEB, 0xF6,
    0x23, 0x86, 0xEB, 0xF6, 0x24, 0x8B, 0xF1, 0xF8, 0x20, 0x90, 0xF9, 0xF9, 0x17, 0x87, 0xF7, 0xFC,
    0x17, 0x87, 0xF7, 0xFC, 0x15, 0x89, 0xF9, 0xFB, 0x12, 0x85, 0xF7, 0xFC, 0x11, 0x83, 0xF6, 0xFC,
    0x11, 0x83, 0xF6, 0xFC, 0x10, 0x81, 0xF7, 0xFC, 0x0E, 0x81, 0xF8, 0xFC, 0x09, 0x7D, 0xF4, 0xFC,
    0x09, 0x7D, 0xF4, 0xFC, 0x0F, 0x82, 0xF6, 0xFA, 0x13, 0x7F, 0xEF, 0xF9, 0x1A, 0x78, 0xDB, 0xF8,
    0x1A, 0x78, 0xDB, 0xF8, 0x18, 0x64, 0xC4, 0xF7, 0x12, 0x67, 0xBA, 0xF4, 0x0B, 0x48, 0x8F, 0xF8,
    0x0B, 0x48, 0x8F, 0xF8, 0x01, 0x0C, 0x35, 0xEE, 0x0B, 0x1A, 0x48, 0xEB, 0x0D, 0x2D, 0x5A, 0xF5,
    0x0D, 0x2D, 0x5A, 0xF5, 0x11, 0x51, 0x96, 0xFB, 0x22, 0x84, 0xE1, 0xEF, 0x28, 0x9C, 0xF7, 0xF8,
    0x28, 0x9C, 0xF7, 0xF8, 0x27, 0x9A, 0xFB, 0xFA, 0x20, 0x8A, 0xFB, 0xFB, 0x25, 0x8D, 0xFC, 0xF9,
    0x25, 0x8D, 0xFC, 0xF9, 0x29, 0x8D, 0xF9, 0xF9, 0x31, 0x8A, 0xF8, 0xF9, 0x42, 0x91, 0xF9, 0xFA,
    0x42, 0x91, 0xF9, 0xFA, 0x59, 0x9F, 0xFB, 0xF8, 0x59, 0x9E, 0xFA, 0xF9, 0x5E, 0xB3, 0xFD, 0xF9,
    0x5E, 0xB3, 0xFD, 0xF9, 0x3B, 0x82, 0xD2, 0xF3, 0x04, 0x1B, 0x47, 0xFA, 0x33, 0x64, 0x9E, 0x87,
    0x3E, 0x83, 0xCC, 0x0E, 0x3E, 0x83, 0xCC, 0x0E, 0x3B, 0x80, 0xC7, 0x08, 0x00, 0x00, 0x00, 0x00,
    0x40, 0x81, 0xC7, 0x01, 0x40, 0x81, 0xC7, 0x01, 0x00, 0x00, 0x00, 0x00, 0x00, 0x00, 0x00, 0x00,
    0x00, 0x00, 0x00, 0x00, 0x00, 0x00, 0x00, 0x00, 0x00, 0x00, 0x00, 0x00, 0x00, 0x00, 0x00, 0x00,
    0x00, 0x00, 0x00, 0x00, 0x00, 0x00, 0x00, 0x00, 0x00, 0x00, 0x00, 0x00, 0x00, 0x00, 0x00, 0x00,
    0x00, 0x00, 0x00, 0x00, 0x00, 0x00, 0x00, 0x00, 0x00, 0x00, 0x00, 0x00, 0x00, 0x00, 0x00, 0x00,
    0x00, 0x00, 0x00, 0x00, 0x00, 0x00, 0x00, 0x00, 0x00, 0x00, 0x00, 0x00, 0x00, 0x00, 0x00, 0x00,
    0x00, 0x00, 0x00, 0x00, 0x00, 0x00, 0x00, 0x00, 0x00, 0x00, 0x00, 0x00, 0x00, 0x00, 0x00, 0x00,
    0x00, 0x00, 0x00, 0x00, 0x00, 0x00, 0x00, 0x00, 0x00, 0x00, 0x00, 0x00, 0x00, 0x00, 0x00, 0x00,
    0x00, 0x00, 0x00, 0x00, 0x00, 0x00, 0x00, 0x00, 0x00, 0x00, 0x00, 0x00, 0x00, 0x00, 0x00, 0x00,
    0x00, 0x00, 0x00, 0x00, 0x00, 0x00, 0x00, 0x00, 0x00, 0x00, 0x00, 0x00, 0x00, 0x00, 0x00, 0x00,
    0x00, 0x00, 0x00, 0x00, 0x00, 0x00, 0x00, 0x00, 0x00, 0x00, 0x00, 0x00, 0x00, 0x00, 0x00, 0x00,
    0x00, 0x00, 0x00, 0x00, 0x00, 0x00, 0x00, 0x00, 0x00, 0x00, 0x00, 0x00, 0x00, 0x00, 0x00, 0x00,
    0x4B, 0x7E, 0xB4, 0x01, 0x4B, 0x7F, 0xB4, 0x01, 0x4B, 0x7F, 0xB5, 0x02, 0x4B, 0x7F, 0xB5, 0x02,
    0x4B, 0x7F, 0xB4, 0x02, 0x4B, 0x7F, 0xB3, 0x03, 0x49, 0x7D, 0xB1, 0x06, 0x49, 0x7D, 0xB1, 0x06,
    0x4D, 0x84, 0xB8, 0x03, 0x2B, 0x5A, 0x86, 0x3D, 0x03, 0x1C, 0x46, 0xCD, 0x03, 0x1C, 0x46, 0xCD,
    0x4C, 0x74, 0xB7, 0xF6, 0x7F, 0xA6, 0xF6, 0xFA, 0x75, 0x98, 0xFA, 0xF9, 0x75, 0x98, 0xFA, 0xF9,
    0x6C, 0x8C, 0xF7, 0xFB, 0x6F, 0x91, 0xFB, 0xFA, 0x6A, 0x8D, 0xF8, 0xFB, 0x6A, 0x8D, 0xF8, 0xFB,
    0x57, 0x82, 0xE9, 0xFB, 0x45, 0x85, 0xE9, 0xFB, 0x43, 0x9F, 0xFB, 0xFB, 0x43, 0x9F, 0xFB, 0xFB,
    0x3E, 0xA8, 0xFD, 0xFC, 0x36, 0xA7, 0xFD, 0xFC, 0x2D, 0x9E, 0xFC, 0xFD, 0x26, 0x8D, 0xF2, 0xFC,
    0x26, 0x8D, 0xF2, 0xFC, 0x19, 0x6F, 0xCF, 0xFA, 0x21, 0x79, 0xDD, 0xF9, 0x23, 0x8D, 0xF6, 0xF9,
    0x23, 0x8D, 0xF6, 0xF9, 0x20, 0x92, 0xFD, 0xF9, 0x1D, 0x8E, 0xF9, 0xFD, 0x21, 0x92, 0xFA, 0xFC,
    0x21, 0x92, 0xFA, 0xFC, 0x1F, 0x8D, 0xF8, 0xFC, 0x1D, 0x8A, 0xF7, 0xFC, 0x1C, 0x89, 0xF4, 0xFC,
    0x1C, 0x89, 0xF4, 0xFC, 0x1B, 0x89, 0xF3, 0xFC, 0x18, 0x85, 0xF1, 0xFC, 0x18, 0x87, 0xF4, 0xFC,
    0x18, 0x87, 0xF4, 0xFC, 0x14, 0x81, 0xF1, 0xFC, 0x14, 0x83, 0xF5, 0xFC, 0x11, 0x83, 0xF4, 0xFC,
    0x11, 0x83, 0xF4, 0xFC, 0x0E, 0x83, 0xF6, 0xFC, 0x0D, 0x81, 0xF4, 0xFB, 0x11, 0x85, 0xF4, 0xFB,
    0x11, 0x85, 0xF4, 0xFB, 0x13, 0x83, 0xF0, 0xFA, 0x14, 0x84, 0xEB, 0xFA, 0x1A, 0x82, 0xE1, 0xF8,
    0x1A, 0x82, 0xE1, 0xF8, 0x1D, 0x5A, 0xAB, 0xFB, 0x01, 0x0C, 0x44, 0xFB, 0x03, 0x29, 0x70, 0xF9,
    0x03, 0x29, 0x70, 0xF9, 0x2B, 0xA1, 0xF2, 0xFA, 0x20, 0xA7, 0xFB, 0xFA, 0x18, 0x91, 0xFC, 0xFC,
    0x18, 0x91, 0xFC, 0xFC, 0x20, 0x90, 0xFC, 0xF9, 0x2E, 0x93, 0xFD, 0xFA, 0x34, 0x8D, 0xFC, 0xFA,
    0x34, 0x8D, 0xFC, 0xFA, 0x31, 0x7D, 0xF6, 0xFB, 0x3C, 0x7C, 0xF4, 0xFA, 0x55, 0x8E, 0xF9, 0xFB,
    0x55, 0x8E, 0xF9, 0xFB, 0x65, 0x97, 0xF8, 0xFA, 0x68, 0x99, 0xF6, 0xFA, 0x6B, 0xB0, 0xFE, 0xFC,
    0x6B, 0xB0, 0xFE, 0xFC, 0x2B, 0x6C, 0xCB, 0xF3, 0x01, 0x09, 0x2D, 0xF6, 0x35, 0x69, 0xA4, 0xAE,
    0x3E, 0x87, 0xD5, 0x49, 0x3E, 0x87, 0xD5, 0x49, 0x38, 0x7F, 0xC8, 0x0D, 0x00, 0x00, 0x00, 0x00,
    0x3F, 0x80, 0xC7, 0x01, 0x3F, 0x80, 0xC7, 0x01, 0x00, 0x00, 0x00, 0x00, 0x00, 0x00, 0x00, 0x00,
    0x00, 0x00, 0x00, 0x00, 0x00, 0x00, 0x00, 0x00, 0x00, 0x00, 0x00, 0x00, 0x00, 0x00, 0x00, 0x00,
    0x00, 0x00, 0x00, 0x00, 0x00, 0x00, 0x00, 0x00, 0x00, 0x00, 0x00, 0x00, 0x00, 0x00, 0x00, 0x00,
    0x00, 0x00, 0x00, 0x00, 0x00, 0x00, 0x00, 0x00, 0x00, 0x00, 0x00, 0x00, 0x00, 0x00, 0x00, 0x00,
    0x00, 0x00, 0x00, 0x00, 0x00, 0x00, 0x00, 0x00, 0x00, 0x00, 0x00, 0x00, 0x00, 0x00, 0x00, 0x00,
    0x00, 0x00, 0x00, 0x00, 0x00, 0x00, 0x00, 0x00, 0x00, 0x00, 0x00, 0x00, 0x00, 0x00, 0x00, 0x00,
    0x00, 0x00, 0x00, 0x00, 0x00, 0x00, 0x00, 0x00, 0x00, 0x00, 0x00, 0x00, 0x00, 0x00, 0x00, 0x00,
    0x00, 0x00, 0x00, 0x00, 0x00, 0x00, 0x00, 0x00, 0x00, 0x00, 0x00, 0x00, 0x00, 0x00, 0x00, 0x00,
    0x00, 0x00, 0x00, 0x00, 0x00, 0x00, 0x00, 0x00, 0x00, 0x00, 0x00, 0x00, 0x00, 0x00, 0x00, 0x00,
    0x00, 0x00, 0x00, 0x00, 0x00, 0x00, 0x00, 0x00, 0x00, 0x00, 0x00, 0x00, 0x00, 0x00, 0x00, 0x00,
    0x00, 0x00, 0x00, 0x00, 0x00, 0x00, 0x00, 0x00, 0x00, 0x00, 0x00, 0x00, 0x00, 0x00, 0x00, 0x00,
    0x4B, 0x7E, 0xB4, 0x01, 0x4B, 0x7F, 0xB4, 0x01, 0x4B, 0x7F, 0xB5, 0x02, 0x4B, 0x7F, 0xB5, 0x02,
    0x4B, 0x7F, 0xB4, 0x02, 0x4B, 0x7F, 0xB3, 0x03, 0x49, 0x7D, 0xB1, 0x06, 0x49, 0x7D, 0xB1, 0x06,
    0x4D, 0x84, 0xB8, 0x03, 0x2B, 0x5A, 0x86, 0x3D, 0x03, 0x1C, 0x46, 0xCD, 0x03, 0x1C, 0x46, 0xCD,
    0x4C, 0x74, 0xB7, 0xF6, 0x7F, 0xA6, 0xF6, 0xFA, 0x75, 0x98, 0xFA, 0xF9, 0x75, 0x98, 0xFA, 0xF9,
    0x6C, 0x8C, 0xF7, 0xFB, 0x6F, 0x91, 0xFB, 0xFA, 0x6A, 0x8D, 0xF8, 0xFB, 0x6A, 0x8D, 0xF8, 0xFB,
    0x57, 0x82, 0xE9, 0xFB, 0x45, 0x85, 0xE9, 0xFB, 0x43, 0x9F, 0xFB, 0xFB, 0x43, 0x9F, 0xFB, 0xFB,
    0x3E, 0xA8, 0xFD, 0xFC, 0x36, 0xA7, 0xFD, 0xFC, 0x2D, 0x9E, 0xFC, 0xFD, 0x26, 0x8D, 0xF2, 0xFC,
    0x26, 0x8D, 0xF2, 0xFC, 0x19, 0x6F, 0xCF, 0xFA, 0x21, 0x79, 0xDD, 0xF9, 0x23, 0x8D, 0xF6, 0xF9,
    0x23, 0x8D, 0xF6, 0xF9, 0x20, 0x92, 0xFD, 0xF9, 0x1D, 0x8E, 0xF9, 0xFD, 0x21, 0x92, 0xFA, 0xFC,
    0x21, 0x92, 0xFA, 0xFC, 0x1F, 0x8D, 0xF8, 0xFC, 0x1D, 0x8A, 0xF7, 0xFC, 0x1C, 0x89, 0xF4, 0xFC,
    0x1C, 0x89, 0xF4, 0xFC, 0x1B, 0x89, 0xF3, 0xFC, 0x18, 0x85, 0xF1, 0xFC, 0x18, 0x87, 0xF4, 0xFC,
    0x18, 0x87, 0xF4, 0xFC, 0x14, 0x81, 0xF1, 0xFC, 0x14, 0x83, 0xF5, 0xFC, 0x11, 0x83, 0xF4, 0xFC,
    0x11, 0x83, 0xF4, 0xFC, 0x0E, 0x83, 0xF6, 0xFC, 0x0D, 0x81, 0xF4, 0xFB, 0x11, 0x85, 0xF4, 0xFB,
    0x11, 0x85, 0xF4, 0xFB, 0x13, 0x83, 0xF0, 0xFA, 0x14, 0x84, 0xEB, 0xFA, 0x1A, 0x82, 0xE1, 0xF8,
    0x1A, 0x82, 0xE1, 0xF8, 0x1D, 0x5A, 0xAB, 0xFB, 0x01, 0x0C, 0x44, 0xFB, 0x03, 0x29, 0x70, 0xF9,
    0x03, 0x29, 0x70, 0xF9, 0x2B, 0xA1, 0xF2, 0xFA, 0x20, 0xA7, 0xFB, 0xFA, 0x18, 0x91, 0xFC, 0xFC,
    0x18, 0x91, 0xFC, 0xFC, 0x20, 0x90, 0xFC, 0xF9, 0x2E, 0x93, 0xFD, 0xFA, 0x34, 0x8D, 0xFC, 0xFA,
    0x34, 0x8D, 0xFC, 0xFA, 0x31, 0x7D, 0xF6, 0xFB, 0x3C, 0x7C, 0xF4, 0xFA, 0x55, 0x8E, 0xF9, 0xFB,
    0x55, 0x8E, 0xF9, 0xFB, 0x65, 0x97, 0xF8, 0xFA, 0x68, 0x99, 0xF6, 0xFA, 0x6B, 0xB0, 0xFE, 0xFC,
    0x6B, 0xB0, 0xFE, 0xFC, 0x2B, 0x6C, 0xCB, 0xF3, 0x01, 0x09, 0x2D, 0xF6, 0x35, 0x69, 0xA4, 0xAE,
    0x3E, 0x87, 0xD5, 0x49, 0x3E, 0x87, 0xD5, 0x49, 0x38, 0x7F, 0xC8, 0x0D, 0x00, 0x00, 0x00, 0x00,
    0x3F, 0x80, 0xC7, 0x01, 0x3F, 0x80, 0xC7, 0x01, 0x00, 0x00, 0x00, 0x00, 0x00, 0x00, 0x00, 0x00,
    0x00, 0x00, 0x00, 0x00, 0x00, 0x00, 0x00, 0x00, 0x00, 0x00, 0x00, 0x00, 0x00, 0x00, 0x00, 0x00,
    0x00, 0x00, 0x00, 0x00, 0x00, 0x00, 0x00, 0x00, 0x00, 0x00, 0x00, 0x00, 0x00, 0x00, 0x00, 0x00,
    0x00, 0x00, 0x00, 0x00, 0x00, 0x00, 0x00, 0x00, 0x00, 0x00, 0x00, 0x00, 0x00, 0x00, 0x00, 0x00,
    0x00, 0x00, 0x00, 0x00, 0x00, 0x00, 0x00, 0x00, 0x00, 0x00, 0x00, 0x00, 0x00, 0x00, 0x00, 0x00,
    0x00, 0x00, 0x00, 0x00, 0x00, 0x00, 0x00, 0x00, 0x00, 0x00, 0x00, 0x00, 0x00, 0x00, 0x00, 0x00,
    0x00, 0x00, 0x00, 0x00, 0x00, 0x00, 0x00, 0x00, 0x00, 0x00, 0x00, 0x00, 0x00, 0x00, 0x00, 0x00,
    0x00, 0x00, 0x00, 0x00, 0x00, 0x00, 0x00, 0x00, 0x00, 0x00, 0x00, 0x00, 0x00, 0x00, 0x00, 0x00,
    0x00, 0x00, 0x00, 0x00, 0x00, 0x00, 0x00, 0x00, 0x00, 0x00, 0x00, 0x00, 0x00, 0x00, 0x00, 0x00,
    0x00, 0x00, 0x00, 0x00, 0x00, 0x00, 0x00, 0x00, 0x00, 0x00, 0x00, 0x00, 0x00, 0x00, 0x00, 0x00,
    0x00, 0x00, 0x00, 0x00, 0x00, 0x00, 0x00, 0x00, 0x00, 0x00, 0x00, 0x00, 0x00, 0x00, 0x00, 0x00,
    0x4A, 0x7F, 0xB5, 0x01, 0x4A, 0x7F, 0xB6, 0x01, 0x4A, 0x7F, 0xB6, 0x02, 0x4A, 0x7F, 0xB6, 0x02,
    0x49, 0x7F, 0xB6, 0x02, 0x4A, 0x80, 0xB6, 0x03, 0x48, 0x7F, 0xB4, 0x07, 0x48, 0x7F, 0xB4, 0x07,
    0x4A, 0x84, 0xBB, 0x05, 0x1D, 0x4B, 0x77, 0x4C, 0x00, 0x04, 0x20, 0xE7, 0x00, 0x04, 0x20, 0xE7,
    0x6B, 0x92, 0xDE, 0xF5, 0x89, 0xAC, 0xFA, 0xFA, 0x76, 0x95, 0xF9, 0xF9, 0x76, 0x95, 0xF9, 0xF9,
    0x75, 0x90, 0xF8, 0xFB, 0x7A, 0x96, 0xFC, 0xFA, 0x72, 0x8C, 0xFA, 0xFB, 0x72, 0x8C, 0xFA, 0xFB,
    0x65, 0x82, 0xEF, 0xFA, 0x4E, 0x7D, 0xE3, 0xFB, 0x45, 0x96, 0xF7, 0xFB, 0x45, 0x96, 0xF7, 0xFB,
    0x43, 0xAF, 0xFF, 0xFC, 0x37, 0xA7, 0xFE, 0xFC, 0x29, 0x97, 0xFC, 0xFC, 0x23, 0x92, 0xFB, 0xFC,
    0x23, 0x92, 0xFB, 0xFC, 0x23, 0x97, 0xFD, 0xFC, 0x23, 0x9C, 0xFF, 0xFC, 0x1B, 0x8F, 0xFB, 0xFC,
    0x1B, 0x8F, 0xFB, 0xFC, 0x1E, 0x8F, 0xFA, 0xFC, 0x21, 0x8C, 0xF5, 0xFC, 0x27, 0x94, 0xFA, 0xFC,
    0x27, 0x94, 0xFA, 0xFC, 0x21, 0x8D, 0xF7, 0xFC, 0x1F, 0x8C, 0xF6, 0xFC, 0x1C, 0x88, 0xF3, 0xFC,
    0x1C, 0x88, 0xF3, 0xFC, 0x1C, 0x88, 0xF3, 0xFC, 0x19, 0x84, 0xF2, 0xFC, 0x18, 0x85, 0xF3, 0xFC,
    0x18, 0x85, 0xF3, 0xFC, 0x18, 0x85, 0xF3, 0xFC, 0x1C, 0x89, 0xF7, 0xFC, 0x1C, 0x8C, 0xF8, 0xFC,
    0x1C, 0x8C, 0xF8, 0xFC, 0x17, 0x8A, 0xF9, 0xFC, 0x0F, 0x81, 0xF3, 0xFC, 0x12, 0x85, 0xF2, 0xFC,
    0x12, 0x85, 0xF2, 0xFC, 0x10, 0x80, 0xEF, 0xFC, 0x0F, 0x80, 0xEC, 0xFB, 0x13, 0x86, 0xEE, 0xFB,
    0x13, 0x86, 0xEE, 0xFB, 0x1D, 0x8B, 0xED, 0xFA, 0x14, 0x6A, 0xC9, 0xFA, 0x1E, 0x82, 0xDF, 0xFB,
    0x1E, 0x82, 0xDF, 0xFB, 0x24, 0x9E, 0xF9, 0xFB, 0x18, 0x98, 0xFC, 0xFB, 0x21, 0x9C, 0xFE, 0xFA,
    0x21, 0x9C, 0xFE, 0xFA, 0x30, 0x9A, 0xFD, 0xFA, 0x35, 0x8A, 0xFB, 0xFB, 0x3C, 0x82, 0xF8, 0xFA,
    0x3C, 0x82, 0xF8, 0xFA, 0x43, 0x7E, 0xF2, 0xFA, 0x52, 0x7E, 0xF1, 0xFA, 0x67, 0x8C, 0xF6, 0xFA,
    0x67, 0x8C, 0xF6, 0xFA, 0x72, 0x9B, 0xF9, 0xFA, 0x71, 0x9D, 0xF9, 0xFA, 0x6A, 0xA7, 0xFC, 0xFA,
    0x6A, 0xA7, 0xFC, 0xFA, 0x57, 0xA2, 0xF7, 0xFA, 0x27, 0x5D, 0xA8, 0xF3, 0x1E, 0x4E, 0x8B, 0xF2,
    0x2B, 0x68, 0xB0, 0x94, 0x2B, 0x68, 0xB0, 0x94, 0x3C, 0x81, 0xCC, 0x0D, 0x3D, 0x80, 0xC9, 0x02,
    0x3F, 0x80, 0xC7, 0x01, 0x3F, 0x80, 0xC7, 0x01, 0x00, 0x00, 0x00, 0x00, 0x00, 0x00, 0x00, 0x00,
    0x00, 0x00, 0x00, 0x00, 0x00, 0x00, 0x00, 0x00, 0x00, 0x00, 0x00, 0x00, 0x00, 0x00, 0x00, 0x00,
    0x00, 0x00, 0x00, 0x00, 0x00, 0x00, 0x00, 0x00, 0x00, 0x00, 0x00, 0x00, 0x00, 0x00, 0x00, 0x00,
    0x00, 0x00, 0x00, 0x00, 0x00, 0x00, 0x00, 0x00, 0x00, 0x00, 0x00, 0x00, 0x00, 0x00, 0x00, 0x00,
    0x00, 0x00, 0x00, 0x00, 0x00, 0x00, 0x00, 0x00, 0x00, 0x00, 0x00, 0x00, 0x00, 0x00, 0x00, 0x00,
    0x00, 0x00, 0x00, 0x00, 0x00, 0x00, 0x00, 0x00, 0x00, 0x00, 0x00, 0x00, 0x00, 0x00, 0x00, 0x00,
    0x00, 0x00, 0x00, 0x00, 0x00, 0x00, 0x00, 0x00, 0x00, 0x00, 0x00, 0x00, 0x00, 0x00, 0x00, 0x00,
    0x00, 0x00, 0x00, 0x00, 0x00, 0x00, 0x00, 0x00, 0x00, 0x00, 0x00, 0x00, 0x00, 0x00, 0x00, 0x00,
    0x00, 0x00, 0x00, 0x00, 0x00, 0x00, 0x00, 0x00, 0x00, 0x00, 0x00, 0x00, 0x00, 0x00, 0x00, 0x00,
    0x00, 0x00, 0x00, 0x00, 0x00, 0x00, 0x00, 0x00, 0x00, 0x00, 0x00, 0x00, 0x00, 0x00, 0x00, 0x00,
    0x00, 0x00, 0x00, 0x00, 0x00, 0x00, 0x00, 0x00, 0x00, 0x00, 0x00, 0x00, 0x00, 0x00, 0x00, 0x00,
    0x49, 0x7F, 0xB7, 0x01, 0x49, 0x7F, 0xB8, 0x01, 0x49, 0x7F, 0xB8, 0x02, 0x49, 0x7F, 0xB8, 0x02,
    0x48, 0x80, 0xB9, 0x02, 0x49, 0x81, 0xB9, 0x03, 0x48, 0x80, 0xB9, 0x07, 0x48, 0x80, 0xB9, 0x07,
    0x46, 0x84, 0xBE, 0x05, 0x1A, 0x4A, 0x78, 0x6D, 0x00, 0x03, 0x1E, 0xF2, 0x00, 0x03, 0x1E, 0xF2,
    0x73, 0x90, 0xE1, 0xF6, 0x90, 0xA7, 0xFA, 0xFA, 0x7C, 0x90, 0xF7, 0xFA, 0x7C, 0x90, 0xF7, 0xFA,
    0x7E, 0x91, 0xF9, 0xFA, 0x7B, 0x8D, 0xFB, 0xFB, 0x74, 0x88, 0xF9, 0xFB, 0x74, 0x88, 0xF9, 0xFB,
    0x6E, 0x86, 0xF4, 0xFB, 0x55, 0x76, 0xE3, 0xFC, 0x39, 0x77, 0xE5, 0xFC, 0x39, 0x77, 0xE5, 0xFC,
    0x39, 0x96, 0xFB, 0xFC, 0x33, 0x9F, 0xFD, 0xFC, 0x2D, 0x9B, 0xFD, 0xFC, 0x2E, 0x9F, 0xFE, 0xFD,
    0x2E, 0x9F, 0xFE, 0xFD, 0x26, 0x92, 0xF9, 0xFD, 0x24, 0x92, 0xF8, 0xFD, 0x20, 0x8C, 0xF4, 0xFD,
    0x20, 0x8C, 0xF4, 0xFD, 0x22, 0x90, 0xF7, 0xFD, 0x25, 0x90, 0xF7, 0xFD, 0x27, 0x91, 0xFA, 0xFD,
    0x27, 0x91, 0xFA, 0xFD, 0x26, 0x92, 0xFA, 0xFD, 0x21, 0x8C, 0xF7, 0xFD, 0x1B, 0x86, 0xF3, 0xFD,
    0x1B, 0x86, 0xF3, 0xFD, 0x1A, 0x85, 0xF3, 0xFD, 0x18, 0x84, 0xF3, 0xFD, 0x14, 0x80, 0xF1, 0xFD,
    0x14, 0x80, 0xF1, 0xFD, 0x1C, 0x88, 0xF5, 0xFD, 0x29, 0x96, 0xFB, 0xFD, 0x23, 0x8E, 0xF7, 0xFD,
    0x23, 0x8E, 0xF7, 0xFD, 0x18, 0x85, 0xF4, 0xFD, 0x14, 0x81, 0xF2, 0xFD, 0x12, 0x80, 0xF1, 0xFC,
    0x12, 0x80, 0xF1, 0xFC, 0x12, 0x83, 0xF4, 0xFC, 0x14, 0x89, 0xF8, 0xFC, 0x11, 0x85, 0xF4, 0xFC,
    0x11, 0x85, 0xF4, 0xFC, 0x10, 0x84, 0xF3, 0xFC, 0x13, 0x87, 0xF2, 0xFC, 0x1F, 0x99, 0xFB, 0xFC,
    0x1F, 0x99, 0xFB, 0xFC, 0x20, 0x9C, 0xFD, 0xFC, 0x24, 0x9D, 0xFD, 0xFC, 0x30, 0x9F, 0xFE, 0xFB,
    0x30, 0x9F, 0xFE, 0xFB, 0x3A, 0x98, 0xFD, 0xFB, 0x41, 0x82, 0xF6, 0xFB, 0x4B, 0x78, 0xF0, 0xFC,
    0x4B, 0x78, 0xF0, 0xFC, 0x55, 0x7B, 0xF0, 0xFB, 0x65, 0x7F, 0xF1, 0xFB, 0x73, 0x84, 0xF0, 0xFB,
    0x73, 0x84, 0xF0, 0xFB, 0x7C, 0x95, 0xF7, 0xFB, 0x77, 0x99, 0xF8, 0xFB, 0x6D, 0x9D, 0xFA, 0xFB,
    0x6D, 0x9D, 0xFA, 0xFB, 0x62, 0xAF, 0xFC, 0xFC, 0x68, 0xB4, 0xF9, 0xF6, 0x04, 0x21, 0x53, 0xF5,
    0x0A, 0x2D, 0x6C, 0xB0, 0x0A, 0x2D, 0x6C, 0xB0, 0x3E, 0x83, 0xCF, 0x28, 0x3A, 0x7F, 0xC8, 0x02,
    0x3D, 0x7E, 0xC7, 0x02, 0x3D, 0x7E, 0xC7, 0x02, 0x00, 0x00, 0x00, 0x00, 0x00, 0x00, 0x00, 0x00,
    0x00, 0x00, 0x00, 0x00, 0x00, 0x00, 0x00, 0x00, 0x00, 0x00, 0x00, 0x00, 0x00, 0x00, 0x00, 0x00,
    0x00, 0x00, 0x00, 0x00, 0x00, 0x00, 0x00, 0x00, 0x00, 0x00, 0x00, 0x00, 0x00, 0x00, 0x00, 0x00,
    0x00, 0x00, 0x00, 0x00, 0x00, 0x00, 0x00, 0x00, 0x00, 0x00, 0x00, 0x00, 0x00, 0x00, 0x00, 0x00,
    0x00, 0x00, 0x00, 0x00, 0x00, 0x00, 0x00, 0x00, 0x00, 0x00, 0x00, 0x00, 0x00, 0x00, 0x00, 0x00,
    0x00, 0x00, 0x00, 0x00, 0x00, 0x00, 0x00, 0x00, 0x00, 0x00, 0x00, 0x00, 0x00, 0x00, 0x00, 0x00,
    0x00, 0x00, 0x00, 0x00, 0x00, 0x00, 0x00, 0x00, 0x00, 0x00, 0x00, 0x00, 0x00, 0x00, 0x00, 0x00,
    0x00, 0x00, 0x00, 0x00, 0x00, 0x00, 0x00, 0x00, 0x00, 0x00, 0x00, 0x00, 0x00, 0x00, 0x00, 0x00,
    0x00, 0x00, 0x00, 0x00, 0x00, 0x00, 0x00, 0x00, 0x00, 0x00, 0x00, 0x00, 0x00, 0x00, 0x00, 0x00,
    0x00, 0x00, 0x00, 0x00, 0x00, 0x00, 0x00, 0x00, 0x00, 0x00, 0x00, 0x00, 0x00, 0x00, 0x00, 0x00,
    0x00, 0x00, 0x00, 0x00, 0x00, 0x00, 0x00, 0x00, 0x00, 0x00, 0x00, 0x00, 0x00, 0x00, 0x00, 0x00,
    0x49, 0x80, 0xB9, 0x01, 0x49, 0x80, 0xBA, 0x01, 0x49, 0x80, 0xBA, 0x02, 0x49, 0x80, 0xBA, 0x02,
    0x48, 0x82, 0xBB, 0x02, 0x48, 0x83, 0xBC, 0x03, 0x46, 0x83, 0xBE, 0x08, 0x46, 0x83, 0xBE, 0x08,
    0x44, 0x84, 0xC0, 0x03, 0x19, 0x4A, 0x79, 0x7C, 0x00, 0x06, 0x23, 0xF5, 0x00, 0x06, 0x23, 0xF5,
    0x75, 0x94, 0xE7, 0xF6, 0x93, 0xAA, 0xFB, 0xF9, 0x81, 0x94, 0xF9, 0xFA, 0x81, 0x94, 0xF9, 0xFA,
    0x81, 0x94, 0xFA, 0xFB, 0x7D, 0x8D, 0xFB, 0xFB, 0x73, 0x83, 0xF6, 0xFB, 0x73, 0x83, 0xF6, 0xFB,
    0x6B, 0x81, 0xF0, 0xFB, 0x4B, 0x6E, 0xDF, 0xFB, 0x30, 0x70, 0xE1, 0xFC, 0x30, 0x70, 0xE1, 0xFC,
    0x37, 0x97, 0xFA, 0xFC, 0x3A, 0xAA, 0xFE, 0xFC, 0x3B, 0xAB, 0xFE, 0xFD, 0x39, 0xAB, 0xFE, 0xFD,
    0x39, 0xAB, 0xFE, 0xFD, 0x2C, 0x9A, 0xFC, 0xFD, 0x28, 0x9A, 0xFB, 0xFD, 0x22, 0x8F, 0xF7, 0xFD,
    0x22, 0x8F, 0xF7, 0xFD, 0x21, 0x8D, 0xF4, 0xFD, 0x24, 0x90, 0xF5, 0xFD, 0x2C, 0x96, 0xFA, 0xFD,
    0x2C, 0x96, 0xFA, 0xFD, 0x28, 0x93, 0xFA, 0xFD, 0x20, 0x8C, 0xF7, 0xFD, 0x19, 0x86, 0xF4, 0xFD,
    0x19, 0x86, 0xF4, 0xFD, 0x18, 0x85, 0xF3, 0xFD, 0x15, 0x82, 0xF3, 0xFD, 0x13, 0x81, 0xF1, 0xFD,
    0x13, 0x81, 0xF1, 0xFD, 0x1F, 0x8A, 0xF6, 0xFD, 0x2A, 0x95, 0xFB, 0xFD, 0x25, 0x92, 0xFA, 0xFD,
    0x25, 0x92, 0xFA, 0xFD, 0x1B, 0x86, 0xF6, 0xFD, 0x14, 0x83, 0xF3, 0xFD, 0x15, 0x85, 0xF3, 0xFD,
    0x15, 0x85, 0xF3, 0xFD, 0x17, 0x87, 0xF5, 0xFC, 0x18, 0x8C, 0xF8, 0xFC, 0x17, 0x89, 0xF5, 0xFC,
    0x17, 0x89, 0xF5, 0xFC, 0x18, 0x8B, 0xF7, 0xFC, 0x1E, 0x93, 0xFA, 0xFC, 0x24, 0x9C, 0xFD, 0xFC,
    0x24, 0x9C, 0xFD, 0xFC, 0x25, 0x9C, 0xFD, 0xFC, 0x2A, 0x9C, 0xFD, 0xFC, 0x2E, 0x8A, 0xF7, 0xFB,
    0x2E, 0x8A, 0xF7, 0xFB, 0x3A, 0x81, 0xF3, 0xFB, 0x49, 0x7C, 0xF2, 0xFB, 0x57, 0x7E, 0xF5, 0xFB,
    0x57, 0x7E, 0xF5, 0xFB, 0x5D, 0x79, 0xF1, 0xFB, 0x6B, 0x7F, 0xF2, 0xFB, 0x79, 0x86, 0xF4, 0xFB,
    0x79, 0x86, 0xF4, 0xFB, 0x80, 0x92, 0xF7, 0xFB, 0x7D, 0x9A, 0xF8, 0xFB, 0x75, 0x9F, 0xF9, 0xFB,
    0x75, 0x9F, 0xF9, 0xFB, 0x63, 0xA3, 0xF9, 0xFB, 0x63, 0xAE, 0xF8, 0xF8, 0x05, 0x20, 0x4E, 0xF6,
    0x11, 0x2F, 0x60, 0xCD, 0x11, 0x2F, 0x60, 0xCD, 0x43, 0x88, 0xD0, 0x40, 0x38, 0x7E, 0xC6, 0x01,
    0x3C, 0x7F, 0xC7, 0x03, 0x3C, 0x7F, 0xC7, 0x03, 0x00, 0x00, 0x00, 0x00, 0x00, 0x00, 0x00, 0x00,
    0x00, 0x00, 0x00, 0x00, 0x00, 0x00, 0x00, 0x00, 0x00, 0x00, 0x00, 0x00, 0x00, 0x00, 0x00, 0x00,
    0x00, 0x00, 0x00, 0x00, 0x00, 0x00, 0x00, 0x00, 0x00, 0x00, 0x00, 0x00, 0x00, 0x00, 0x00, 0x00,
    0x00, 0x00, 0x00, 0x00, 0x00, 0x00, 0x00, 0x00, 0x00, 0x00, 0x00, 0x00, 0x00, 0x00, 0x00, 0x00,
    0x00, 0x00, 0x00, 0x00, 0x00, 0x00, 0x00, 0x00, 0x00, 0x00, 0x00, 0x00, 0x00, 0x00, 0x00, 0x00,
    0x00, 0x00, 0x00, 0x00, 0x00, 0x00, 0x00, 0x00, 0x00, 0x00, 0x00, 0x00, 0x00, 0x00, 0x00, 0x00,
    0x00, 0x00, 0x00, 0x00, 0x00, 0x00, 0x00, 0x00, 0x00, 0x00, 0x00, 0x00, 0x00, 0x00, 0x00, 0x00,
    0x00, 0x00, 0x00, 0x00, 0x00, 0x00, 0x00, 0x00, 0x00, 0x00, 0x00, 0x00, 0x00, 0x00, 0x00, 0x00,
    0x00, 0x00, 0x00, 0x00, 0x00, 0x00, 0x00, 0x00, 0x00, 0x00, 0x00, 0x00, 0x00, 0x00, 0x00, 0x00,
    0x00, 0x00, 0x00, 0x00, 0x00, 0x00, 0x00, 0x00, 0x00, 0x00, 0x00, 0x00, 0x00, 0x00, 0x00, 0x00,
    0x00, 0x00, 0x00, 0x00, 0x00, 0x00, 0x00, 0x00, 0x00, 0x00, 0x00, 0x00, 0x00, 0x00, 0x00, 0x00,
    0x49, 0x80, 0xB9, 0x01, 0x49, 0x80, 0xBA, 0x01, 0x49, 0x80, 0xBA, 0x02, 0x49, 0x80, 0xBA, 0x02,
    0x48, 0x82, 0xBB, 0x02, 0x48, 0x83, 0xBC, 0x03, 0x46, 0x83, 0xBE, 0x08, 0x46, 0x83, 0xBE, 0x08,
    0x44, 0x84, 0xC0, 0x03, 0x19, 0x4A, 0x79, 0x7C, 0x00, 0x06, 0x23, 0xF5, 0x00, 0x06, 0x23, 0xF5,
    0x75, 0x94, 0xE7, 0xF6, 0x93, 0xAA, 0xFB, 0xF9, 0x81, 0x94, 0xF9, 0xFA, 0x81, 0x94, 0xF9, 0xFA,
    0x81, 0x94, 0xFA, 0xFB, 0x7D, 0x8D, 0xFB, 0xFB, 0x73, 0x83, 0xF6, 0xFB, 0x73, 0x83, 0xF6, 0xFB,
    0x6B, 0x81, 0xF0, 0xFB, 0x4B, 0x6E, 0xDF, 0xFB, 0x30, 0x70, 0xE1, 0xFC, 0x30, 0x70, 0xE1, 0xFC,
    0x37, 0x97, 0xFA, 0xFC, 0x3A, 0xAA, 0xFE, 0xFC, 0x3B, 0xAB, 0xFE, 0xFD, 0x39, 0xAB, 0xFE, 0xFD,
    0x39, 0xAB, 0xFE, 0xFD, 0x2C, 0x9A, 0xFC, 0xFD, 0x28, 0x9A, 0xFB, 0xFD, 0x22, 0x8F, 0xF7, 0xFD,
    0x22, 0x8F, 0xF7, 0xFD, 0x21, 0x8D, 0xF4, 0xFD, 0x24, 0x90, 0xF5, 0xFD, 0x2C, 0x96, 0xFA, 0xFD,
    0x2C, 0x96, 0xFA, 0xFD, 0x28, 0x93, 0xFA, 0xFD, 0x20, 0x8C, 0xF7, 0xFD, 0x19, 0x86, 0xF4, 0xFD,
    0x19, 0x86, 0xF4, 0xFD, 0x18, 0x85, 0xF3, 0xFD, 0x15, 0x82, 0xF3, 0xFD, 0x13, 0x81, 0xF1, 0xFD,
    0x13, 0x81, 0xF1, 0xFD, 0x1F, 0x8A, 0xF6, 0xFD, 0x2A, 0x95, 0xFB, 0xFD, 0x25, 0x92, 0xFA, 0xFD,
    0x25, 0x92, 0xFA, 0xFD, 0x1B, 0x86, 0xF6, 0xFD, 0x14, 0x83, 0xF3, 0xFD, 0x15, 0x85, 0xF3, 0xFD,
    0x15, 0x85, 0xF3, 0xFD, 0x17, 0x87, 0xF5, 0xFC, 0x18, 0x8C, 0xF8, 0xFC, 0x17, 0x89, 0xF5, 0xFC,
    0x17, 0x89, 0xF5, 0xFC, 0x18, 0x8B, 0xF7, 0xFC, 0x1E, 0x93, 0xFA, 0xFC, 0x24, 0x9C, 0xFD, 0xFC,
    0x24, 0x9C, 0xFD, 0xFC, 0x25, 0x9C, 0xFD, 0xFC, 0x2A, 0x9C, 0xFD, 0xFC, 0x2E, 0x8A, 0xF7, 0xFB,
    0x2E, 0x8A, 0xF7, 0xFB, 0x3A, 0x81, 0xF3, 0xFB, 0x49, 0x7C, 0xF2, 0xFB, 0x57, 0x7E, 0xF5, 0xFB,
    0x57, 0x7E, 0xF5, 0xFB, 0x5D, 0x79, 0xF1, 0xFB, 0x6B, 0x7F, 0xF2, 0xFB, 0x79, 0x86, 0xF4, 0xFB,
    0x79, 0x86, 0xF4, 0xFB, 0x80, 0x92, 0xF7, 0xFB, 0x7D, 0x9A, 0xF8, 0xFB, 0x75, 0x9F, 0xF9, 0xFB,
    0x75, 0x9F, 0xF9, 0xFB, 0x63, 0xA3, 0xF9, 0xFB, 0x63, 0xAE, 0xF8, 0xF8, 0x05, 0x20, 0x4E, 0xF6,
    0x11, 0x2F, 0x60, 0xCD, 0x11, 0x2F, 0x60, 0xCD, 0x43, 0x88, 0xD0, 0x40, 0x38, 0x7E, 0xC6, 0x01,
    0x3C, 0x7F, 0xC7, 0x03, 0x3C, 0x7F, 0xC7, 0x03, 0x00, 0x00, 0x00, 0x00, 0x00, 0x00, 0x00, 0x00,
    0x00, 0x00, 0x00, 0x00, 0x00, 0x00, 0x00, 0x00, 0x00, 0x00, 0x00, 0x00, 0x00, 0x00, 0x00, 0x00,
    0x00, 0x00, 0x00, 0x00, 0x00, 0x00, 0x00, 0x00, 0x00, 0x00, 0x00, 0x00, 0x00, 0x00, 0x00, 0x00,
    0x00, 0x00, 0x00, 0x00, 0x00, 0x00, 0x00, 0x00, 0x00, 0x00, 0x00, 0x00, 0x00, 0x00, 0x00, 0x00,
    0x00, 0x00, 0x00, 0x00, 0x00, 0x00, 0x00, 0x00, 0x00, 0x00, 0x00, 0x00, 0x00, 0x00, 0x00, 0x00,
    0x00, 0x00, 0x00, 0x00, 0x00, 0x00, 0x00, 0x00, 0x00, 0x00, 0x00, 0x00, 0x00, 0x00, 0x00, 0x00,
    0x00, 0x00, 0x00, 0x00, 0x00, 0x00, 0x00, 0x00, 0x00, 0x00, 0x00, 0x00, 0x00, 0x00, 0x00, 0x00,
    0x00, 0x00, 0x00, 0x00, 0x00, 0x00, 0x00, 0x00, 0x00, 0x00, 0x00, 0x00, 0x00, 0x00, 0x00, 0x00,
    0x00, 0x00, 0x00, 0x00, 0x00, 0x00, 0x00, 0x00, 0x00, 0x00, 0x00, 0x00, 0x00, 0x00, 0x00, 0x00,
    0x00, 0x00, 0x00, 0x00, 0x00, 0x00, 0x00, 0x00, 0x00, 0x00, 0x00, 0x00, 0x00, 0x00, 0x00, 0x00,
    0x00, 0x00, 0x00, 0x00, 0x00, 0x00, 0x00, 0x00, 0x00, 0x00, 0x00, 0x00, 0x00, 0x00, 0x00, 0x00,
    0x48, 0x81, 0xBA, 0x01, 0x49, 0x81, 0xBB, 0x01, 0x49, 0x82, 0xBC, 0x02, 0x49, 0x82, 0xBC, 0x02,
    0x48, 0x83, 0xBD, 0x03, 0x47, 0x84, 0xBF, 0x04, 0x45, 0x86, 0xC1, 0x09, 0x45, 0x86, 0xC1, 0x09,
    0x42, 0x85, 0xC4, 0x05, 0x16, 0x47, 0x79, 0x85, 0x00, 0x07, 0x26, 0xF7, 0x00, 0x07, 0x26, 0xF7,
    0x77, 0x97, 0xE9, 0xF7, 0x93, 0xAC, 0xFD, 0xFA, 0x84, 0x96, 0xFA, 0xFA, 0x84, 0x96, 0xFA, 0xFA,
    0x7E, 0x8E, 0xF9, 0xFB, 0x7C, 0x8E, 0xFB, 0xFB, 0x68, 0x79, 0xEF, 0xFB, 0x68, 0x79, 0xEF, 0xFB,
    0x51, 0x6F, 0xE4, 0xFB, 0x3C, 0x75, 0xE5, 0xFC, 0x3F, 0x96, 0xFA, 0xFC, 0x3F, 0x96, 0xFA, 0xFC,
    0x40, 0xAB, 0xFF, 0xFC, 0x40, 0xB0, 0xFF, 0xFC, 0x3E, 0xAA, 0xFE, 0xFD, 0x3A, 0xA8, 0xFE, 0xFD,
    0x3A, 0xA8, 0xFE, 0xFD, 0x2F, 0xA0, 0xFD, 0xFD, 0x22, 0x92, 0xF9, 0xFD, 0x21, 0x91, 0xFA, 0xFD,
    0x21, 0x91, 0xFA, 0xFD, 0x1D, 0x88, 0xF2, 0xFD, 0x25, 0x90, 0xF5, 0xFD, 0x2F, 0x9A, 0xFC, 0xFD,
    0x2F, 0x9A, 0xFC, 0xFD, 0x26, 0x92, 0xF9, 0xFD, 0x1B, 0x88, 0xF5, 0xFD, 0x18, 0x85, 0xF5, 0xFD,
    0x18, 0x85, 0xF5, 0xFD, 0x17, 0x84, 0xF4, 0xFD, 0x13, 0x80, 0xF2, 0xFD, 0x14, 0x82, 0xF3, 0xFD,
    0x14, 0x82, 0xF3, 0xFD, 0x1F, 0x89, 0xF7, 0xFD, 0x25, 0x8F, 0xF9, 0xFD, 0x20, 0x8D, 0xF8, 0xFD,
    0x20, 0x8D, 0xF8, 0xFD, 0x17, 0x84, 0xF5, 0xFD, 0x13, 0x82, 0xF3, 0xFD, 0x18, 0x88, 0xF5, 0xFD,
    0x18, 0x88, 0xF5, 0xFD, 0x18, 0x86, 0xF2, 0xFD, 0x1C, 0x8C, 0xF6, 0xFD, 0x22, 0x94, 0xF9, 0xFD,
    0x22, 0x94, 0xF9, 0xFD, 0x28, 0x9D, 0xFC, 0xFC, 0x2B, 0x9F, 0xFC, 0xFC, 0x2F, 0xA3, 0xFD, 0xFC,
    0x2F, 0xA3, 0xFD, 0xFC, 0x2E, 0xA4, 0xFD, 0xFC, 0x2D, 0x9A, 0xFC, 0xFC, 0x28, 0x77, 0xEA, 0xFC,
    0x28, 0x77, 0xEA, 0xFC, 0x37, 0x6E, 0xE5, 0xFB, 0x4C, 0x74, 0xEC, 0xFB, 0x59, 0x7B, 0xF3, 0xFB,
    0x59, 0x7B, 0xF3, 0xFB, 0x60, 0x77, 0xF1, 0xFB, 0x6B, 0x78, 0xF1, 0xFC, 0x7C, 0x87, 0xF7, 0xFB,
    0x7C, 0x87, 0xF7, 0xFB, 0x84, 0x93, 0xF8, 0xFB, 0x7D, 0x96, 0xF7, 0xFB, 0x75, 0x9C, 0xF8, 0xFB,
    0x75, 0x9C, 0xF8, 0xFB, 0x61, 0x9E, 0xF8, 0xFB, 0x63, 0xAA, 0xF7, 0xFA, 0x05, 0x1F, 0x50, 0xF8,
    0x0C, 0x2B, 0x61, 0xDC, 0x0C, 0x2B, 0x61, 0xDC, 0x43, 0x88, 0xCF, 0x4B, 0x37, 0x7C, 0xC5, 0x03,
    0x3B, 0x7F, 0xC7, 0x02, 0x3B, 0x7F, 0xC7, 0x02, 0x3D, 0x81, 0xC9, 0x01, 0x00, 0x00, 0x00, 0x00,
    0x00, 0x00, 0x00, 0x00, 0x00, 0x00, 0x00, 0x00, 0x00, 0x00, 0x00, 0x00, 0x00, 0x00, 0x00, 0x00,
    0x00, 0x00, 0x00, 0x00, 0x00, 0x00, 0x00, 0x00, 0x00, 0x00, 0x00, 0x00, 0x00, 0x00, 0x00, 0x00,
    0x00, 0x00, 0x00, 0x00, 0x00, 0x00, 0x00, 0x00, 0x00, 0x00, 0x00, 0x00, 0x00, 0x00, 0x00, 0x00,
    0x00, 0x00, 0x00, 0x00, 0x00, 0x00, 0x00, 0x00, 0x00, 0x00, 0x00, 0x00, 0x00, 0x00, 0x00, 0x00,
    0x00, 0x00, 0x00, 0x00, 0x00, 0x00, 0x00, 0x00, 0x00, 0x00, 0x00, 0x00, 0x00, 0x00, 0x00, 0x00,
    0x00, 0x00, 0x00, 0x00, 0x00, 0x00, 0x00, 0x00, 0x00, 0x00, 0x00, 0x00, 0x00, 0x00, 0x00, 0x00,
    0x00, 0x00, 0x00, 0x00, 0x00, 0x00, 0x00, 0x00, 0x00, 0x00, 0x00, 0x00, 0x00, 0x00, 0x00, 0x00,
    0x00, 0x00, 0x00, 0x00, 0x00, 0x00, 0x00, 0x00, 0x00, 0x00, 0x00, 0x00, 0x00, 0x00, 0x00, 0x00,
    0x00, 0x00, 0x00, 0x00, 0x00, 0x00, 0x00, 0x00, 0x00, 0x00, 0x00, 0x00, 0x00, 0x00, 0x00, 0x00,
    0x00, 0x00, 0x00, 0x00, 0x00, 0x00, 0x00, 0x00, 0x00, 0x00, 0x00, 0x00, 0x00, 0x00, 0x00, 0x00,
    0x47, 0x81, 0xBB, 0x01, 0x48, 0x82, 0xBC, 0x01, 0x49, 0x83, 0xBC, 0x02, 0x49, 0x83, 0xBC, 0x02,
    0x49, 0x84, 0xBE, 0x03, 0x47, 0x85, 0xC1, 0x04, 0x45, 0x87, 0xC4, 0x08, 0x45, 0x87, 0xC4, 0x08,
    0x40, 0x86, 0xC7, 0x06, 0x15, 0x46, 0x79, 0x8A, 0x00, 0x09, 0x28, 0xF7, 0x00, 0x09, 0x28, 0xF7,
    0x7B, 0x9E, 0xEF, 0xF6, 0x91, 0xAE, 0xFF, 0xFA, 0x81, 0x96, 0xFC, 0xFA, 0x81, 0x96, 0xFC, 0xFA,
    0x73, 0x82, 0xF7, 0xFB, 0x68, 0x80, 0xF6, 0xFB, 0x4E, 0x77, 0xEC, 0xFB, 0x4E, 0x77, 0xEC, 0xFB,
    0x41, 0x82, 0xF1, 0xFB, 0x42, 0x9D, 0xFD, 0xFC, 0x42, 0xAF, 0xFF, 0xFC, 0x42, 0xAF, 0xFF, 0xFC,
    0x3A, 0xA9, 0xFE, 0xFC, 0x3A, 0xAB, 0xFE, 0xFC, 0x3A, 0xAB, 0xFE, 0xFD, 0x3A, 0xAA, 0xFE, 0xFD,
    0x3A, 0xAA, 0xFE, 0xFD, 0x27, 0x98, 0xFB, 0xFD, 0x18, 0x85, 0xF1, 0xFD, 0x1E, 0x90, 0xFA, 0xFD,
    0x1E, 0x90, 0xFA, 0xFD, 0x1E, 0x8B, 0xF6, 0xFD, 0x27, 0x92, 0xF7, 0xFD, 0x30, 0x9B, 0xFC, 0xFD,
    0x30, 0x9B, 0xFC, 0xFD, 0x24, 0x92, 0xFA, 0xFD, 0x18, 0x87, 0xF5, 0xFD, 0x16, 0x85, 0xF4, 0xFD,
    0x16, 0x85, 0xF4, 0xFD, 0x16, 0x85, 0xF5, 0xFD, 0x13, 0x81, 0xF3, 0xFD, 0x16, 0x83, 0xF4, 0xFD,
    0x16, 0x83, 0xF4, 0xFD, 0x26, 0x92, 0xFC, 0xFD, 0x26, 0x92, 0xFB, 0xFD, 0x1B, 0x88, 0xF5, 0xFD,
    0x1B, 0x88, 0xF5, 0xFD, 0x17, 0x88, 0xF7, 0xFD, 0x16, 0x87, 0xF6, 0xFD, 0x1B, 0x8C, 0xF7, 0xFD,
    0x1B, 0x8C, 0xF7, 0xFD, 0x1F, 0x8E, 0xF6, 0xFD, 0x27, 0x98, 0xFB, 0xFD, 0x2D, 0x9E, 0xFC, 0xFD,
    0x2D, 0x9E, 0xFC, 0xFD, 0x31, 0xA5, 0xFD, 0xFD, 0x2F, 0xA2, 0xFD, 0xFC, 0x31, 0xA2, 0xFD, 0xFC,
    0x31, 0xA2, 0xFD, 0xFC, 0x32, 0xA3, 0xFD, 0xFC, 0x35, 0xA3, 0xFE, 0xFC, 0x37, 0x90, 0xF8, 0xFC,
    0x37, 0x90, 0xF8, 0xFC, 0x38, 0x7A, 0xEE, 0xFC, 0x44, 0x74, 0xEB, 0xFC, 0x52, 0x78, 0xF0, 0xFC,
    0x52, 0x78, 0xF0, 0xFC, 0x5C, 0x77, 0xF1, 0xFC, 0x6C, 0x7A, 0xF4, 0xFC, 0x7B, 0x83, 0xF7, 0xFB,
    0x7B, 0x83, 0xF7, 0xFB, 0x84, 0x91, 0xF9, 0xFB, 0x80, 0x96, 0xF8, 0xFB, 0x77, 0x9C, 0xF8, 0xFB,
    0x77, 0x9C, 0xF8, 0xFB, 0x60, 0x9F, 0xF8, 0xFB, 0x61, 0xAD, 0xF8, 0xFA, 0x05, 0x24, 0x53, 0xF8,
    0x0A, 0x2B, 0x5D, 0xE4, 0x0A, 0x2B, 0x5D, 0xE4, 0x43, 0x89, 0xCF, 0x51, 0x36, 0x7D, 0xC5, 0x04,
    0x3B, 0x80, 0xC8, 0x02, 0x3B, 0x80, 0xC8, 0x02, 0x00, 0x00, 0x00, 0x00, 0x00, 0x00, 0x00, 0x00,
    0x00, 0x00, 0x00, 0x00, 0x00, 0x00, 0x00, 0x00, 0x00, 0x00, 0x00, 0x00, 0x00, 0x00, 0x00, 0x00,
    0x00, 0x00, 0x00, 0x00, 0x00, 0x00, 0x00, 0x00, 0x00, 0x00, 0x00, 0x00, 0x00, 0x00, 0x00, 0x00,
    0x00, 0x00, 0x00, 0x00, 0x00, 0x00, 0x00, 0x00, 0x00, 0x00, 0x00, 0x00, 0x00, 0x00, 0x00, 0x00,
    0x00, 0x00, 0x00, 0x00, 0x00, 0x00, 0x00, 0x00, 0x00, 0x00, 0x00, 0x00, 0x00, 0x00, 0x00, 0x00,
    0x00, 0x00, 0x00, 0x00, 0x00, 0x00, 0x00, 0x00, 0x00, 0x00, 0x00, 0x00, 0x00, 0x00, 0x00, 0x00,
    0x00, 0x00, 0x00, 0x00, 0x00, 0x00, 0x00, 0x00, 0x00, 0x00, 0x00, 0x00, 0x00, 0x00, 0x00, 0x00,
    0x00, 0x00, 0x00, 0x00, 0x00, 0x00, 0x00, 0x00, 0x00, 0x00, 0x00, 0x00, 0x00, 0x00, 0x00, 0x00,
    0x00, 0x00, 0x00, 0x00, 0x00, 0x00, 0x00, 0x00, 0x00, 0x00, 0x00, 0x00, 0x00, 0x00, 0x00, 0x00,
    0x00, 0x00, 0x00, 0x00, 0x00, 0x00, 0x00, 0x00, 0x00, 0x00, 0x00, 0x00, 0x00, 0x00, 0x00, 0x00,
    0x00, 0x00, 0x00, 0x00, 0x00, 0x00, 0x00, 0x00, 0x00, 0x00, 0x00, 0x00, 0x00, 0x00, 0x00, 0x00,
    0x46, 0x81, 0xBC, 0x01, 0x47, 0x82, 0xBD, 0x01, 0x47, 0x83, 0xBD, 0x02, 0x47, 0x83, 0xBD, 0x02,
    0x48, 0x84, 0xC0, 0x02, 0x47, 0x86, 0xC3, 0x04, 0x44, 0x88, 0xC6, 0x08, 0x44, 0x88, 0xC6, 0x08,
    0x40, 0x87, 0xC9, 0x06, 0x12, 0x42, 0x78, 0x8C, 0x01, 0x0A, 0x2A, 0xF7, 0x01, 0x0A, 0x2A, 0xF7,
    0x78, 0x9E, 0xEF, 0xF7, 0x84, 0xA7, 0xFF, 0xF9, 0x6E, 0x8F, 0xFB, 0xFA, 0x6E, 0x8F, 0xFB, 0xFA,
    0x5A, 0x7D, 0xF6, 0xFB, 0x49, 0x7B, 0xF4, 0xFB, 0x41, 0x92, 0xF9, 0xFB, 0x41, 0x92, 0xF9, 0xFB,
    0x42, 0xAD, 0xFF, 0xFB, 0x39, 0xA9, 0xFE, 0xFC, 0x3A, 0xAA, 0xFE, 0xFC, 0x3A, 0xAA, 0xFE, 0xFC,
    0x39, 0xA7, 0xFE, 0xFC, 0x37, 0xA6, 0xFE, 0xFC, 0x35, 0xA7, 0xFE, 0xFD, 0x35, 0xA8, 0xFE, 0xFD,
    0x35, 0xA8, 0xFE, 0xFD, 0x28, 0x98, 0xFB, 0xFD, 0x18, 0x86, 0xF1, 0xFD, 0x20, 0x8F, 0xF9, 0xFD,
    0x20, 0x8F, 0xF9, 0xFD, 0x1C, 0x89, 0xF4, 0xFD, 0x27, 0x93, 0xF8, 0xFD, 0x2D, 0x96, 0xFB, 0xFD,
    0x2D, 0x96, 0xFB, 0xFD, 0x21, 0x8F, 0xF8, 0xFD, 0x15, 0x86, 0xF4, 0xFD, 0x16, 0x85, 0xF5, 0xFD,
    0x16, 0x85, 0xF5, 0xFD, 0x17, 0x85, 0xF4, 0xFD, 0x18, 0x85, 0xF4, 0xFD, 0x20, 0x8B, 0xF7, 0xFD,
    0x20, 0x8B, 0xF7, 0xFD, 0x2D, 0x94, 0xFB, 0xFD, 0x28, 0x92, 0xF9, 0xFD, 0x1B, 0x87, 0xF2, 0xFD,
    0x1B, 0x87, 0xF2, 0xFD, 0x18, 0x87, 0xF5, 0xFD, 0x19, 0x89, 0xF6, 0xFD, 0x21, 0x91, 0xF9, 0xFD,
    0x21, 0x91, 0xF9, 0xFD, 0x2B, 0x9C, 0xFC, 0xFD, 0x31, 0xA3, 0xFD, 0xFD, 0x32, 0xA1, 0xFD, 0xFD,
    0x32, 0xA1, 0xFD, 0xFD, 0x31, 0xA3, 0xFD, 0xFD, 0x32, 0xA5, 0xFD, 0xFD, 0x35, 0xA5, 0xFE, 0xFC,
    0x35, 0xA5, 0xFE, 0xFC, 0x35, 0xA4, 0xFE, 0xFC, 0x36, 0xA4, 0xFE, 0xFC, 0x3A, 0xA7, 0xFE, 0xFC,
    0x3A, 0xA7, 0xFE, 0xFC, 0x3E, 0xA0, 0xFD, 0xFC, 0x3C, 0x84, 0xF2, 0xFC, 0x43, 0x76, 0xEB, 0xFC,
    0x43, 0x76, 0xEB, 0xFC, 0x51, 0x73, 0xEB, 0xFC, 0x63, 0x75, 0xEF, 0xFC, 0x7A, 0x82, 0xF6, 0xFC,
    0x7A, 0x82, 0xF6, 0xFC, 0x83, 0x8C, 0xF7, 0xFC, 0x80, 0x96, 0xF8, 0xFB, 0x77, 0x9B, 0xF8, 0xFB,
    0x77, 0x9B, 0xF8, 0xFB, 0x5F, 0x9D, 0xF8, 0xFB, 0x63, 0xAC, 0xF7, 0xFC, 0x04, 0x22, 0x53, 0xF8,
    0x08, 0x28, 0x5A, 0xEA, 0x08, 0x28, 0x5A, 0xEA, 0x44, 0x88, 0xCF, 0x58, 0x36, 0x7D, 0xC4, 0x03,
    0x3B, 0x80, 0xC8, 0x03, 0x3B, 0x80, 0xC8, 0x03, 0x00, 0x00, 0x00, 0x00, 0x00, 0x00, 0x00, 0x00,
    0x00, 0x00, 0x00, 0x00, 0x00, 0x00, 0x00, 0x00, 0x00, 0x00, 0x00, 0x00, 0x00, 0x00, 0x00, 0x00,
    0x00, 0x00, 0x00, 0x00, 0x00, 0x00, 0x00, 0x00, 0x00, 0x00, 0x00, 0x00, 0x00, 0x00, 0x00, 0x00,
    0x00, 0x00, 0x00, 0x00, 0x00, 0x00, 0x00, 0x00, 0x00, 0x00, 0x00, 0x00, 0x00, 0x00, 0x00, 0x00,
    0x00, 0x00, 0x00, 0x00, 0x00, 0x00, 0x00, 0x00, 0x00, 0x00, 0x00, 0x00, 0x00, 0x00, 0x00, 0x00,
    0x00, 0x00, 0x00, 0x00, 0x00, 0x00, 0x00, 0x00, 0x00, 0x00, 0x00, 0x00, 0x00, 0x00, 0x00, 0x00,
    0x00, 0x00, 0x00, 0x00, 0x00, 0x00, 0x00, 0x00, 0x00, 0x00, 0x00, 0x00, 0x00, 0x00, 0x00, 0x00,
    0x00, 0x00, 0x00, 0x00, 0x00, 0x00, 0x00, 0x00, 0x00, 0x00, 0x00, 0x00, 0x00, 0x00, 0x00, 0x00,
    0x00, 0x00, 0x00, 0x00, 0x00, 0x00, 0x00, 0x00, 0x00, 0x00, 0x00, 0x00, 0x00, 0x00, 0x00, 0x00,
    0x00, 0x00, 0x00, 0x00, 0x00, 0x00, 0x00, 0x00, 0x00, 0x00, 0x00, 0x00, 0x00, 0x00, 0x00, 0x00,
    0x00, 0x00, 0x00, 0x00, 0x00, 0x00, 0x00, 0x00, 0x00, 0x00, 0x00, 0x00, 0x00, 0x00, 0x00, 0x00,
    0x46, 0x81, 0xBC, 0x01, 0x47, 0x82, 0xBD, 0x01, 0x47, 0x83, 0xBD, 0x02, 0x47, 0x83, 0xBD, 0x02,
    0x48, 0x84, 0xC0, 0x02, 0x47, 0x86, 0xC3, 0x04, 0x44, 0x88, 0xC6, 0x08, 0x44, 0x88, 0xC6, 0x08,
    0x40, 0x87, 0xC9, 0x06, 0x12, 0x42, 0x78, 0x8C, 0x01, 0x0A, 0x2A, 0xF7, 0x01, 0x0A, 0x2A, 0xF7,
    0x78, 0x9E, 0xEF, 0xF7, 0x84, 0xA7, 0xFF, 0xF9, 0x6E, 0x8F, 0xFB, 0xFA, 0x6E, 0x8F, 0xFB, 0xFA,
    0x5A, 0x7D, 0xF6, 0xFB, 0x49, 0x7B, 0xF4, 0xFB, 0x41, 0x92, 0xF9, 0xFB, 0x41, 0x92, 0xF9, 0xFB,
    0x42, 0xAD, 0xFF, 0xFB, 0x39, 0xA9, 0xFE, 0xFC, 0x3A, 0xAA, 0xFE, 0xFC, 0x3A, 0xAA, 0xFE, 0xFC,
    0x39, 0xA7, 0xFE, 0xFC, 0x37, 0xA6, 0xFE, 0xFC, 0x35, 0xA7, 0xFE, 0xFD, 0x35, 0xA8, 0xFE, 0xFD,
    0x35, 0xA8, 0xFE, 0xFD, 0x28, 0x98, 0xFB, 0xFD, 0x18, 0x86, 0xF1, 0xFD, 0x20, 0x8F, 0xF9, 0xFD,
    0x20, 0x8F, 0xF9, 0xFD, 0x1C, 0x89, 0xF4, 0xFD, 0x27, 0x93, 0xF8, 0xFD, 0x2D, 0x96, 0xFB, 0xFD,
    0x2D, 0x96, 0xFB, 0xFD, 0x21, 0x8F, 0xF8, 0xFD, 0x15, 0x86, 0xF4, 0xFD, 0x16, 0x85, 0xF5, 0xFD,
    0x16, 0x85, 0xF5, 0xFD, 0x17, 0x85, 0xF4, 0xFD, 0x18, 0x85, 0xF4, 0xFD, 0x20, 0x8B, 0xF7, 0xFD,
    0x20, 0x8B, 0xF7, 0xFD, 0x2D, 0x94, 0xFB, 0xFD, 0x28, 0x92, 0xF9, 0xFD, 0x1B, 0x87, 0xF2, 0xFD,
    0x1B, 0x87, 0xF2, 0xFD, 0x18, 0x87, 0xF5, 0xFD, 0x19, 0x89, 0xF6, 0xFD, 0x21, 0x91, 0xF9, 0xFD,
    0x21, 0x91, 0xF9, 0xFD, 0x2B, 0x9C, 0xFC, 0xFD, 0x31, 0xA3, 0xFD, 0xFD, 0x32, 0xA1, 0xFD, 0xFD,
    0x32, 0xA1, 0xFD, 0xFD, 0x31, 0xA3, 0xFD, 0xFD, 0x32, 0xA5, 0xFD, 0xFD, 0x35, 0xA5, 0xFE, 0xFC,
    0x35, 0xA5, 0xFE, 0xFC, 0x35, 0xA4, 0xFE, 0xFC, 0x36, 0xA4, 0xFE, 0xFC, 0x3A, 0xA7, 0xFE, 0xFC,
    0x3A, 0xA7, 0xFE, 0xFC, 0x3E, 0xA0, 0xFD, 0xFC, 0x3C, 0x84, 0xF2, 0xFC, 0x43, 0x76, 0xEB, 0xFC,
    0x43, 0x76, 0xEB, 0xFC, 0x51, 0x73, 0xEB, 0xFC, 0x63, 0x75, 0xEF, 0xFC, 0x7A, 0x82, 0xF6, 0xFC,
    0x7A, 0x82, 0xF6, 0xFC, 0x83, 0x8C, 0xF7, 0xFC, 0x80, 0x96, 0xF8, 0xFB, 0x77, 0x9B, 0xF8, 0xFB,
    0x77, 0x9B, 0xF8, 0xFB, 0x5F, 0x9D, 0xF8, 0xFB, 0x63, 0xAC, 0xF7, 0xFC, 0x04, 0x22, 0x53, 0xF8,
    0x08, 0x28, 0x5A, 0xEA, 0x08, 0x28, 0x5A, 0xEA, 0x44, 0x88, 0xCF, 0x58, 0x36, 0x7D, 0xC4, 0x03,
    0x3B, 0x80, 0xC8, 0x03, 0x3B, 0x80, 0xC8, 0x03, 0x00, 0x00, 0x00, 0x00, 0x00, 0x00, 0x00, 0x00,
    0x00, 0x00, 0x00, 0x00, 0x00, 0x00, 0x00, 0x00, 0x00, 0x00, 0x00, 0x00, 0x00, 0x00, 0x00, 0x00,
    0x00, 0x00, 0x00, 0x00, 0x00, 0x00, 0x00, 0x00, 0x00, 0x00, 0x00, 0x00, 0x00, 0x00, 0x00, 0x00,
    0x00, 0x00, 0x00, 0x00, 0x00, 0x00, 0x00, 0x00, 0x00, 0x00, 0x00, 0x00, 0x00, 0x00, 0x00, 0x00,
    0x00, 0x00, 0x00, 0x00, 0x00, 0x00, 0x00, 0x00, 0x00, 0x00, 0x00, 0x00, 0x00, 0x00, 0x00, 0x00,
    0x00, 0x00, 0x00, 0x00, 0x00, 0x00, 0x00, 0x00, 0x00, 0x00, 0x00, 0x00, 0x00, 0x00, 0x00, 0x00,
    0x00, 0x00, 0x00, 0x00, 0x00, 0x00, 0x00, 0x00, 0x00, 0x00, 0x00, 0x00, 0x00, 0x00, 0x00, 0x00,
    0x00, 0x00, 0x00, 0x00, 0x00, 0x00, 0x00, 0x00, 0x00, 0x00, 0x00, 0x00, 0x00, 0x00, 0x00, 0x00,
    0x00, 0x00, 0x00, 0x00, 0x00, 0x00, 0x00, 0x00, 0x00, 0x00, 0x00, 0x00, 0x00, 0x00, 0x00, 0x00,
    0x00, 0x00, 0x00, 0x00, 0x00, 0x00, 0x00, 0x00, 0x00, 0x00, 0x00, 0x00, 0x00, 0x00, 0x00, 0x00,
    0x00, 0x00, 0x00, 0x00, 0x00, 0x00, 0x00, 0x00, 0x00, 0x00, 0x00, 0x00, 0x00, 0x00, 0x00, 0x00,
    0x45, 0x81, 0xBD, 0x01, 0x46, 0x82, 0xBE, 0x01, 0x47, 0x83, 0xBF, 0x02, 0x47, 0x83, 0xBF, 0x02,
    0x47, 0x84, 0xC1, 0x02, 0x47, 0x86, 0xC4, 0x04, 0x45, 0x89, 0xC6, 0x09, 0x45, 0x89, 0xC6, 0x09,
    0x40, 0x89, 0xCA, 0x06, 0x11, 0x42, 0x77, 0x8D, 0x01, 0x0C, 0x30, 0xF7, 0x01, 0x0C, 0x30, 0xF7,
    0x78, 0xA3, 0xF5, 0xF7, 0x7B, 0xAA, 0xFF, 0xFA, 0x54, 0x85, 0xF7, 0xFA, 0x54, 0x85, 0xF7, 0xFA,
    0x42, 0x85, 0xF7, 0xFB, 0x3D, 0x9C, 0xFD, 0xFB, 0x37, 0xA8, 0xFE, 0xFB, 0x37, 0xA8, 0xFE, 0xFB,
    0x36, 0xAE, 0xFE, 0xFB, 0x34, 0xA9, 0xFE, 0xFC, 0x37, 0xA7, 0xFE, 0xFC, 0x37, 0xA7, 0xFE, 0xFC,
    0x37, 0xA7, 0xFE, 0xFC, 0x35, 0xA7, 0xFE, 0xFD, 0x33, 0xA6, 0xFE, 0xFD, 0x34, 0xA8, 0xFE, 0xFD,
    0x34, 0xA8, 0xFE, 0xFD, 0x2E, 0xA2, 0xFD, 0xFD, 0x27, 0x98, 0xFB, 0xFD, 0x21, 0x93, 0xFA, 0xFD,
    0x21, 0x93, 0xFA, 0xFD, 0x1C, 0x8D, 0xF5, 0xFD, 0x28, 0x96, 0xFA, 0xFD, 0x2D, 0x98, 0xFB, 0xFD,
    0x2D, 0x98, 0xFB, 0xFD, 0x1E, 0x8D, 0xF7, 0xFD, 0x16, 0x87, 0xF5, 0xFD, 0x18, 0x88, 0xF6, 0xFD,
    0x18, 0x88, 0xF6, 0xFD, 0x19, 0x87, 0xF5, 0xFD, 0x1C, 0x89, 0xF5, 0xFD, 0x2C, 0x98, 0xFC, 0xFD,
    0x2C, 0x98, 0xFC, 0xFD, 0x37, 0x9F, 0xFD, 0xFD, 0x2D, 0x95, 0xF9, 0xFD, 0x20, 0x8C, 0xF5, 0xFD,
    0x20, 0x8C, 0xF5, 0xFD, 0x1E, 0x8D, 0xF8, 0xFD, 0x1D, 0x8D, 0xF8, 0xFD, 0x2A, 0x9A, 0xFC, 0xFD,
    0x2A, 0x9A, 0xFC, 0xFD, 0x33, 0xA3, 0xFD, 0xFD, 0x34, 0xA5, 0xFD, 0xFD, 0x33, 0xA5, 0xFD, 0xFD,
    0x33, 0xA5, 0xFD, 0xFD, 0x34, 0xA6, 0xFE, 0xFD, 0x35, 0xA7, 0xFE, 0xFD, 0x36, 0xA7, 0xFE, 0xFD,
    0x36, 0xA7, 0xFE, 0xFD, 0x37, 0xA6, 0xFE, 0xFD, 0x38, 0xA7, 0xFE, 0xFC, 0x39, 0xA7, 0xFD, 0xFC,
    0x39, 0xA7, 0xFD, 0xFC, 0x3A, 0xA8, 0xFE, 0xFC, 0x3B, 0x9E, 0xFC, 0xFC, 0x3F, 0x8D, 0xF8, 0xFC,
    0x3F, 0x8D, 0xF8, 0xFC, 0x43, 0x75, 0xEC, 0xFC, 0x54, 0x71, 0xED, 0xFC, 0x70, 0x7C, 0xF2, 0xFC,
    0x70, 0x7C, 0xF2, 0xFC, 0x84, 0x8C, 0xF7, 0xFC, 0x7F, 0x96, 0xF8, 0xFC, 0x75, 0x9B, 0xF9, 0xFB,
    0x75, 0x9B, 0xF9, 0xFB, 0x5F, 0x9B, 0xF8, 0xFC, 0x64, 0xAC, 0xF8, 0xFC, 0x04, 0x21, 0x53, 0xF8,
    0x08, 0x27, 0x5A, 0xED, 0x08, 0x27, 0x5A, 0xED, 0x44, 0x89, 0xD0, 0x5B, 0x37, 0x7F, 0xC7, 0x04,
    0x3A, 0x80, 0xC9, 0x02, 0x3A, 0x80, 0xC9, 0x02, 0x00, 0x00, 0x00, 0x00, 0x00, 0x00, 0x00, 0x00,
    0x00, 0x00, 0x00, 0x00, 0x00, 0x00, 0x00, 0x00, 0x00, 0x00, 0x00, 0x00, 0x00, 0x00, 0x00, 0x00,
    0x00, 0x00, 0x00, 0x00, 0x00, 0x00, 0x00, 0x00, 0x00, 0x00, 0x00, 0x00, 0x00, 0x00, 0x00, 0x00,
    0x00, 0x00, 0x00, 0x00, 0x00, 0x00, 0x00, 0x00, 0x00, 0x00, 0x00, 0x00, 0x00, 0x00, 0x00, 0x00,
    0x00, 0x00, 0x00, 0x00, 0x00, 0x00, 0x00, 0x00, 0x00, 0x00, 0x00, 0x00, 0x00, 0x00, 0x00, 0x00,
    0x00, 0x00, 0x00, 0x00, 0x00, 0x00, 0x00, 0x00, 0x00, 0x00, 0x00, 0x00, 0x00, 0x00, 0x00, 0x00,
    0x00, 0x00, 0x00, 0x00, 0x00, 0x00, 0x00, 0x00, 0x00, 0x00, 0x00, 0x00, 0x00, 0x00, 0x00, 0x00,
    0x00, 0x00, 0x00, 0x00, 0x00, 0x00, 0x00, 0x00, 0x00, 0x00, 0x00, 0x00, 0x00, 0x00, 0x00, 0x00,
    0x00, 0x00, 0x00, 0x00, 0x00, 0x00, 0x00, 0x00, 0x00, 0x00, 0x00, 0x00, 0x00, 0x00, 0x00, 0x00,
    0x00, 0x00, 0x00, 0x00, 0x00, 0x00, 0x00, 0x00, 0x00, 0x00, 0x00, 0x00, 0x00, 0x00, 0x00, 0x00,
    0x00, 0x00, 0x00, 0x00, 0x00, 0x00, 0x00, 0x00, 0x00, 0x00, 0x00, 0x00, 0x00, 0x00, 0x00, 0x00,
    0x44, 0x81, 0xBE, 0x01, 0x45, 0x82, 0xC0, 0x01, 0x46, 0x83, 0xC1, 0x01, 0x46, 0x83, 0xC1, 0x01,
    0x46, 0x84, 0xC2, 0x03, 0x46, 0x86, 0xC4, 0x04, 0x44, 0x88, 0xC6, 0x0A, 0x44, 0x88, 0xC6, 0x0A,
    0x3F, 0x89, 0xCB, 0x06, 0x12, 0x41, 0x79, 0x8E, 0x00, 0x0A, 0x2D, 0xF8, 0x00, 0x0A, 0x2D, 0xF8,
    0x6C, 0xA3, 0xF5, 0xF7, 0x5D, 0xA2, 0xFF, 0xFA, 0x33, 0x7A, 0xF2, 0xFA, 0x33, 0x7A, 0xF2, 0xFA,
    0x38, 0x93, 0xFB, 0xFB, 0x3A, 0xAE, 0xFE, 0xFB, 0x35, 0xAB, 0xFE, 0xFB, 0x35, 0xAB, 0xFE, 0xFB,
    0x36, 0xA9, 0xFE, 0xFB, 0x37, 0xA8, 0xFE, 0xFC, 0x36, 0xA5, 0xFE, 0xFC, 0x36, 0xA5, 0xFE, 0xFC,
    0x34, 0xA5, 0xFF, 0xFC, 0x33, 0xA6, 0xFF, 0xFD, 0x33, 0xA3, 0xFE, 0xFD, 0x33, 0xA4, 0xFE, 0xFD,
    0x33, 0xA4, 0xFE, 0xFD, 0x34, 0xA6, 0xFE, 0xFD, 0x31, 0xA6, 0xFD, 0xFD, 0x1E, 0x8E, 0xF9, 0xFD,
    0x1E, 0x8E, 0xF9, 0xFD, 0x1B, 0x8C, 0xF4, 0xFD, 0x2C, 0x99, 0xFA, 0xFD, 0x2B, 0x96, 0xFA, 0xFD,
    0x2B, 0x96, 0xFA, 0xFD, 0x1D, 0x8B, 0xF6, 0xFD, 0x18, 0x88, 0xF7, 0xFD, 0x19, 0x8A, 0xF7, 0xFD,
    0x19, 0x8A, 0xF7, 0xFD, 0x19, 0x88, 0xF5, 0xFD, 0x20, 0x8D, 0xF6, 0xFD, 0x30, 0x99, 0xFB, 0xFD,
    0x30, 0x99, 0xFB, 0xFD, 0x38, 0x9D, 0xFC, 0xFD, 0x32, 0x9B, 0xFB, 0xFD, 0x24, 0x8F, 0xF6, 0xFD,
    0x24, 0x8F, 0xF6, 0xFD, 0x1E, 0x8A, 0xF5, 0xFD, 0x1F, 0x8F, 0xF7, 0xFD, 0x2C, 0x9B, 0xFC, 0xFD,
    0x2C, 0x9B, 0xFC, 0xFD, 0x35, 0xA3, 0xFC, 0xFD, 0x37, 0xA6, 0xFD, 0xFD, 0x36, 0xA6, 0xFE, 0xFD,
    0x36, 0xA6, 0xFE, 0xFD, 0x36, 0xA7, 0xFE, 0xFD, 0x36, 0xA7, 0xFF, 0xFD, 0x37, 0xA7, 0xFE, 0xFD,
    0x37, 0xA7, 0xFE, 0xFD, 0x38, 0xA6, 0xFE, 0xFD, 0x38, 0xA6, 0xFE, 0xFC, 0x39, 0xA6, 0xFD, 0xFC,
    0x39, 0xA6, 0xFD, 0xFC, 0x3A, 0xA6, 0xFD, 0xFC, 0x3A, 0xA7, 0xFE, 0xFC, 0x3D, 0x9F, 0xFE, 0xFC,
    0x3D, 0x9F, 0xFE, 0xFC, 0x3E, 0x88, 0xF8, 0xFC, 0x43, 0x78, 0xF2, 0xFC, 0x56, 0x73, 0xEE, 0xFC,
    0x56, 0x73, 0xEE, 0xFC, 0x77, 0x8A, 0xF8, 0xFC, 0x7B, 0x97, 0xF9, 0xFC, 0x6F, 0x97, 0xF9, 0xFC,
    0x6F, 0x97, 0xF9, 0xFC, 0x5A, 0x9A, 0xF9, 0xFC, 0x62, 0xAB, 0xF9, 0xFB, 0x03, 0x20, 0x55, 0xF9,
    0x06, 0x24, 0x59, 0xEE, 0x06, 0x24, 0x59, 0xEE, 0x46, 0x8A, 0xD2, 0x5E, 0x37, 0x7F, 0xC8, 0x05,
    0x3B, 0x81, 0xCB, 0x02, 0x3B, 0x81, 0xCB, 0x02, 0x3D, 0x82, 0xCC, 0x01, 0x00, 0x00, 0x00, 0x00,
    0x00, 0x00, 0x00, 0x00, 0x00, 0x00, 0x00, 0x00, 0x00, 0x00, 0x00, 0x00, 0x00, 0x00, 0x00, 0x00,
    0x00, 0x00, 0x00, 0x00, 0x00, 0x00, 0x00, 0x00, 0x00, 0x00, 0x00, 0x00, 0x00, 0x00, 0x00, 0x00,
    0x00, 0x00, 0x00, 0x00, 0x00, 0x00, 0x00, 0x00, 0x00, 0x00, 0x00, 0x00, 0x00, 0x00, 0x00, 0x00,
    0x00, 0x00, 0x00, 0x00, 0x00, 0x00, 0x00, 0x00, 0x00, 0x00, 0x00, 0x00, 0x00, 0x00, 0x00, 0x00,
    0x00, 0x00, 0x00, 0x00, 0x00, 0x00, 0x00, 0x00, 0x00, 0x00, 0x00, 0x00, 0x00, 0x00, 0x00, 0x00,
    0x00, 0x00, 0x00, 0x00, 0x00, 0x00, 0x00, 0x00, 0x00, 0x00, 0x00, 0x00, 0x00, 0x00, 0x00, 0x00,
    0x00, 0x00, 0x00, 0x00, 0x00, 0x00, 0x00, 0x00, 0x00, 0x00, 0x00, 0x00, 0x00, 0x00, 0x00, 0x00,
    0x00, 0x00, 0x00, 0x00, 0x00, 0x00, 0x00, 0x00, 0x00, 0x00, 0x00, 0x00, 0x00, 0x00, 0x00, 0x00,
    0x00, 0x00, 0x00, 0x00, 0x00, 0x00, 0x00, 0x00, 0x00, 0x00, 0x00, 0x00, 0x00, 0x00, 0x00, 0x00,
    0x00, 0x00, 0x00, 0x00, 0x00, 0x00, 0x00, 0x00, 0x00, 0x00, 0x00, 0x00, 0x00, 0x00, 0x00, 0x00,
    0x44, 0x81, 0xC0, 0x01, 0x44, 0x82, 0xC0, 0x01, 0x44, 0x82, 0xC1, 0x01, 0x44, 0x82, 0xC1, 0x01,
    0x44, 0x83, 0xC3, 0x02, 0x44, 0x85, 0xC5, 0x04, 0x41, 0x86, 0xC7, 0x09, 0x41, 0x86, 0xC7, 0x09,
    0x3B, 0x88, 0xCE, 0x07, 0x16, 0x49, 0x82, 0x91, 0x00, 0x0B, 0x2E, 0xF8, 0x00, 0x0B, 0x2E, 0xF8,
    0x4F, 0x9A, 0xE7, 0xF5, 0x34, 0x94, 0xFD, 0xFA, 0x29, 0x92, 0xFB, 0xFA, 0x29, 0x92, 0xFB, 0xFA,
    0x38, 0xA8, 0xFE, 0xFB, 0x36, 0xAA, 0xFE, 0xFB, 0x36, 0xA9, 0xFE, 0xFB, 0x36, 0xA9, 0xFE, 0xFB,
    0x38, 0xA6, 0xFE, 0xFB, 0x35, 0xA5, 0xFE, 0xFC, 0x35, 0xA6, 0xFE, 0xFC, 0x35, 0xA6, 0xFE, 0xFC,
    0x33, 0xA4, 0xFE, 0xFC, 0x32, 0xA5, 0xFE, 0xFD, 0x32, 0xA4, 0xFE, 0xFD, 0x34, 0xA4, 0xFD, 0xFD,
    0x34, 0xA4, 0xFD, 0xFD, 0x33, 0xA4, 0xFD, 0xFD, 0x26, 0x9A, 0xFB, 0xFD, 0x1A, 0x8E, 0xF7, 0xFD,
    0x1A, 0x8E, 0xF7, 0xFD, 0x23, 0x95, 0xF9, 0xFD, 0x32, 0xA1, 0xFC, 0xFD, 0x2D, 0x9A, 0xFA, 0xFD,
    0x2D, 0x9A, 0xFA, 0xFD, 0x1E, 0x8C, 0xF6, 0xFD, 0x1B, 0x8C, 0xF9, 0xFD, 0x1B, 0x8D, 0xF8, 0xFD,
    0x1B, 0x8D, 0xF8, 0xFD, 0x1D, 0x8D, 0xF6, 0xFD, 0x23, 0x91, 0xF7, 0xFD, 0x2E, 0x99, 0xFA, 0xFD,
    0x2E, 0x99, 0xFA, 0xFD, 0x35, 0x9E, 0xFC, 0xFD, 0x34, 0xA2, 0xFD, 0xFD, 0x26, 0x93, 0xF9, 0xFD,
    0x26, 0x93, 0xF9, 0xFD, 0x20, 0x8C, 0xF6, 0xFD, 0x21, 0x90, 0xF6, 0xFD, 0x32, 0xA4, 0xFE, 0xFD,
    0x32, 0xA4, 0xFE, 0xFD, 0x37, 0xA6, 0xFD, 0xFD, 0x38, 0xA7, 0xFE, 0xFD, 0x37, 0xA8, 0xFE, 0xFD,
    0x37, 0xA8, 0xFE, 0xFD, 0x37, 0xA8, 0xFE, 0xFD, 0x37, 0xA8, 0xFE, 0xFD, 0x37, 0xA8, 0xFE, 0xFD,
    0x37, 0xA8, 0xFE, 0xFD, 0x38, 0xA7, 0xFE, 0xFD, 0x3A, 0xA7, 0xFE, 0xFD, 0x3B, 0xA6, 0xFE, 0xFD,
    0x3B, 0xA6, 0xFE, 0xFD, 0x39, 0xA6, 0xFE, 0xFC, 0x37, 0xA5, 0xFE, 0xFC, 0x36, 0xA5, 0xFE, 0xFC,
    0x36, 0xA5, 0xFE, 0xFC, 0x3B, 0xA3, 0xFE, 0xFC, 0x3D, 0x8C, 0xFC, 0xFC, 0x43, 0x7D, 0xF4, 0xFC,
    0x43, 0x7D, 0xF4, 0xFC, 0x65, 0x8D, 0xF8, 0xFC, 0x74, 0x96, 0xF9, 0xFC, 0x6B, 0x98, 0xF9, 0xFC,
    0x6B, 0x98, 0xF9, 0xFC, 0x57, 0x9E, 0xFA, 0xFC, 0x5C, 0xAC, 0xFB, 0xFB, 0x03, 0x23, 0x56, 0xF9,
    0x06, 0x26, 0x59, 0xEF, 0x06, 0x26, 0x59, 0xEF, 0x47, 0x8D, 0xD5, 0x5E, 0x38, 0x81, 0xCB, 0x05,
    0x3C, 0x82, 0xCC, 0x02, 0x3C, 0x82, 0xCC, 0x02, 0x00, 0x00, 0x00, 0x00, 0x00, 0x00, 0x00, 0x00,
    0x00, 0x00, 0x00, 0x00, 0x00, 0x00, 0x00, 0x00, 0x00, 0x00, 0x00, 0x00, 0x00, 0x00, 0x00, 0x00,
    0x00, 0x00, 0x00, 0x00, 0x00, 0x00, 0x00, 0x00, 0x00, 0x00, 0x00, 0x00, 0x00, 0x00, 0x00, 0x00,
    0x00, 0x00, 0x00, 0x00, 0x00, 0x00, 0x00, 0x00, 0x00, 0x00, 0x00, 0x00, 0x00, 0x00, 0x00, 0x00,
    0x00, 0x00, 0x00, 0x00, 0x00, 0x00, 0x00, 0x00, 0x00, 0x00, 0x00, 0x00, 0x00, 0x00, 0x00, 0x00,
    0x00, 0x00, 0x00, 0x00, 0x00, 0x00, 0x00, 0x00, 0x00, 0x00, 0x00, 0x00, 0x00, 0x00, 0x00, 0x00,
    0x00, 0x00, 0x00, 0x00, 0x00, 0x00, 0x00, 0x00, 0x00, 0x00, 0x00, 0x00, 0x00, 0x00, 0x00, 0x00,
    0x00, 0x00, 0x00, 0x00, 0x00, 0x00, 0x00, 0x00, 0x00, 0x00, 0x00, 0x00, 0x00, 0x00, 0x00, 0x00,
    0x00, 0x00, 0x00, 0x00, 0x00, 0x00, 0x00, 0x00, 0x00, 0x00, 0x00, 0x00, 0x00, 0x00, 0x00, 0x00,
    0x00, 0x00, 0x00, 0x00, 0x00, 0x00, 0x00, 0x00, 0x00, 0x00, 0x00, 0x00, 0x00, 0x00, 0x00, 0x00,
    0x00, 0x00, 0x00, 0x00, 0x00, 0x00, 0x00, 0x00, 0x00, 0x00, 0x00, 0x00, 0x00, 0x00, 0x00, 0x00,
    0x42, 0x82, 0xC0, 0x01, 0x42, 0x82, 0xC1, 0x01, 0x42, 0x82, 0xC1, 0x01, 0x42, 0x82, 0xC1, 0x01,
    0x42, 0x82, 0xC3, 0x02, 0x42, 0x83, 0xC5, 0x04, 0x3F, 0x83, 0xC6, 0x08, 0x3F, 0x83, 0xC6, 0x08,
    0x39, 0x87, 0xD1, 0x0E, 0x1A, 0x4F, 0x8F, 0x96, 0x00, 0x07, 0x27, 0xFA, 0x00, 0x07, 0x27, 0xFA,
    0x1C, 0x5E, 0xB4, 0xF7, 0x26, 0x94, 0xFC, 0xF9, 0x2C, 0xA7, 0xFE, 0xFA, 0x2C, 0xA7, 0xFE, 0xFA,
    0x30, 0xA9, 0xFE, 0xFA, 0x34, 0xA7, 0xFE, 0xFB, 0x34, 0xA6, 0xFE, 0xFB, 0x34, 0xA6, 0xFE, 0xFB,
    0x34, 0xA6, 0xFE, 0xFB, 0x34, 0xA5, 0xFE, 0xFC, 0x33, 0xA5, 0xFE, 0xFC, 0x33, 0xA5, 0xFE, 0xFC,
    0x32, 0xA4, 0xFD, 0xFD, 0x32, 0xA3, 0xFE, 0xFD, 0x31, 0xA2, 0xFD, 0xFD, 0x33, 0xA2, 0xFD, 0xFD,
    0x33, 0xA2, 0xFD, 0xFD, 0x31, 0xA3, 0xFD, 0xFD, 0x1C, 0x8E, 0xF5, 0xFD, 0x19, 0x8C, 0xF6, 0xFD,
    0x19, 0x8C, 0xF6, 0xFD, 0x2C, 0x9C, 0xFC, 0xFD, 0x37, 0xA1, 0xFC, 0xFD, 0x30, 0x9B, 0xFA, 0xFD,
    0x30, 0x9B, 0xFA, 0xFD, 0x21, 0x8F, 0xF7, 0xFD, 0x1D, 0x8E, 0xF8, 0xFD, 0x1E, 0x8F, 0xF8, 0xFD,
    0x1E, 0x8F, 0xF8, 0xFD, 0x22, 0x91, 0xF7, 0xFD, 0x28, 0x93, 0xF5, 0xFD, 0x33, 0x9D, 0xFA, 0xFD,
    0x33, 0x9D, 0xFA, 0xFD, 0x33, 0x9C, 0xFA, 0xFD, 0x2D, 0x99, 0xF9, 0xFD, 0x25, 0x93, 0xF9, 0xFD,
    0x25, 0x93, 0xF9, 0xFD, 0x23, 0x92, 0xFA, 0xFD, 0x28, 0x95, 0xFA, 0xFD, 0x35, 0xA5, 0xFE, 0xFD,
    0x35, 0xA5, 0xFE, 0xFD, 0x38, 0xA6, 0xFE, 0xFD, 0x38, 0xA7, 0xFE, 0xFD, 0x38, 0xA8, 0xFE, 0xFD,
    0x38, 0xA8, 0xFE, 0xFD, 0x37, 0xA8, 0xFE, 0xFD, 0x36, 0xA8, 0xFE, 0xFD, 0x37, 0xA7, 0xFE, 0xFD,
    0x37, 0xA7, 0xFE, 0xFD, 0x38, 0xA7, 0xFE, 0xFD, 0x38, 0xA6, 0xFF, 0xFD, 0x38, 0xA6, 0xFF, 0xFD,
    0x38, 0xA6, 0xFF, 0xFD, 0x38, 0xA6, 0xFF, 0xFC, 0x37, 0xA4, 0xFE, 0xFC, 0x35, 0xA4, 0xFE, 0xFC,
    0x35, 0xA4, 0xFE, 0xFC, 0x31, 0xA0, 0xFE, 0xFC, 0x37, 0x9A, 0xFD, 0xFC, 0x3C, 0x8F, 0xFA, 0xFC,
    0x3C, 0x8F, 0xFA, 0xFC, 0x4B, 0x88, 0xF4, 0xFC, 0x68, 0x9C, 0xF9, 0xFC, 0x64, 0x9D, 0xFA, 0xFB,
    0x64, 0x9D, 0xFA, 0xFB, 0x53, 0xA0, 0xFC, 0xFC, 0x58, 0xAC, 0xFD, 0xFC, 0x02, 0x22, 0x57, 0xF9,
    0x06, 0x28, 0x59, 0xEF, 0x06, 0x28, 0x59, 0xEF, 0x47, 0x8F, 0xD7, 0x5E, 0x38, 0x82, 0xCD, 0x05,
    0x3C, 0x83, 0xCD, 0x02, 0x3C, 0x83, 0xCD, 0x02, 0x00, 0x00, 0x00, 0x00, 0x00, 0x00, 0x00, 0x00,
    0x00, 0x00, 0x00, 0x00, 0x00, 0x00, 0x00, 0x00, 0x00, 0x00, 0x00, 0x00, 0x00, 0x00, 0x00, 0x00,
    0x00, 0x00, 0x00, 0x00, 0x00, 0x00, 0x00, 0x00, 0x00, 0x00, 0x00, 0x00, 0x00, 0x00, 0x00, 0x00,
    0x00, 0x00, 0x00, 0x00, 0x00, 0x00, 0x00, 0x00, 0x00, 0x00, 0x00, 0x00, 0x00, 0x00, 0x00, 0x00,
    0x00, 0x00, 0x00, 0x00, 0x00, 0x00, 0x00, 0x00, 0x00, 0x00, 0x00, 0x00, 0x00, 0x00, 0x00, 0x00,
    0x00, 0x00, 0x00, 0x00, 0x00, 0x00, 0x00, 0x00, 0x00, 0x00, 0x00, 0x00, 0x00, 0x00, 0x00, 0x00,
    0x00, 0x00, 0x00, 0x00, 0x00, 0x00, 0x00, 0x00, 0x00, 0x00, 0x00, 0x00, 0x00, 0x00, 0x00, 0x00,
    0x00, 0x00, 0x00, 0x00, 0x00, 0x00, 0x00, 0x00, 0x00, 0x00, 0x00, 0x00, 0x00, 0x00, 0x00, 0x00,
    0x00, 0x00, 0x00, 0x00, 0x00, 0x00, 0x00, 0x00, 0x00, 0x00, 0x00, 0x00, 0x00, 0x00, 0x00, 0x00,
    0x00, 0x00, 0x00, 0x00, 0x00, 0x00, 0x00, 0x00, 0x00, 0x00, 0x00, 0x00, 0x00, 0x00, 0x00, 0x00,
    0x00, 0x00, 0x00, 0x00, 0x00, 0x00, 0x00, 0x00, 0x00, 0x00, 0x00, 0x00, 0x00, 0x00, 0x00, 0x00,
    0x42, 0x82, 0xC0, 0x01, 0x42, 0x82, 0xC1, 0x01, 0x42, 0x82, 0xC1, 0x01, 0x42, 0x82, 0xC1, 0x01,
    0x42, 0x82, 0xC3, 0x02, 0x42, 0x83, 0xC5, 0x04, 0x3F, 0x83, 0xC6, 0x08, 0x3F, 0x83, 0xC6, 0x08,
    0x39, 0x87, 0xD1, 0x0E, 0x1A, 0x4F, 0x8F, 0x96, 0x00, 0x07, 0x27, 0xFA, 0x00, 0x07, 0x27, 0xFA,
    0x1C, 0x5E, 0xB4, 0xF7, 0x26, 0x94, 0xFC, 0xF9, 0x2C, 0xA7, 0xFE, 0xFA, 0x2C, 0xA7, 0xFE, 0xFA,
    0x30, 0xA9, 0xFE, 0xFA, 0x34, 0xA7, 0xFE, 0xFB, 0x34, 0xA6, 0xFE, 0xFB, 0x34, 0xA6, 0xFE, 0xFB,
    0x34, 0xA6, 0xFE, 0xFB, 0x34, 0xA5, 0xFE, 0xFC, 0x33, 0xA5, 0xFE, 0xFC, 0x33, 0xA5, 0xFE, 0xFC,
    0x32, 0xA4, 0xFD, 0xFD, 0x32, 0xA3, 0xFE, 0xFD, 0x31, 0xA2, 0xFD, 0xFD, 0x33, 0xA2, 0xFD, 0xFD,
    0x33, 0xA2, 0xFD, 0xFD, 0x31, 0xA3, 0xFD, 0xFD, 0x1C, 0x8E, 0xF5, 0xFD, 0x19, 0x8C, 0xF6, 0xFD,
    0x19, 0x8C, 0xF6, 0xFD, 0x2C, 0x9C, 0xFC, 0xFD, 0x37, 0xA1, 0xFC, 0xFD, 0x30, 0x9B, 0xFA, 0xFD,
    0x30, 0x9B, 0xFA, 0xFD, 0x21, 0x8F, 0xF7, 0xFD, 0x1D, 0x8E, 0xF8, 0xFD, 0x1E, 0x8F, 0xF8, 0xFD,
    0x1E, 0x8F, 0xF8, 0xFD, 0x22, 0x91, 0xF7, 0xFD, 0x28, 0x93, 0xF5, 0xFD, 0x33, 0x9D, 0xFA, 0xFD,
    0x33, 0x9D, 0xFA, 0xFD, 0x33, 0x9C, 0xFA, 0xFD, 0x2D, 0x99, 0xF9, 0xFD, 0x25, 0x93, 0xF9, 0xFD,
    0x25, 0x93, 0xF9, 0xFD, 0x23, 0x92, 0xFA, 0xFD, 0x28, 0x95, 0xFA, 0xFD, 0x35, 0xA5, 0xFE, 0xFD,
    0x35, 0xA5, 0xFE, 0xFD, 0x38, 0xA6, 0xFE, 0xFD, 0x38, 0xA7, 0xFE, 0xFD, 0x38, 0xA8, 0xFE, 0xFD,
    0x38, 0xA8, 0xFE, 0xFD, 0x37, 0xA8, 0xFE, 0xFD, 0x36, 0xA8, 0xFE, 0xFD, 0x37, 0xA7, 0xFE, 0xFD,
    0x37, 0xA7, 0xFE, 0xFD, 0x38, 0xA7, 0xFE, 0xFD, 0x38, 0xA6, 0xFF, 0xFD, 0x38, 0xA6, 0xFF, 0xFD,
    0x38, 0xA6, 0xFF, 0xFD, 0x38, 0xA6, 0xFF, 0xFC, 0x37, 0xA4, 0xFE, 0xFC, 0x35, 0xA4, 0xFE, 0xFC,
    0x35, 0xA4, 0xFE, 0xFC, 0x31, 0xA0, 0xFE, 0xFC, 0x37, 0x9A, 0xFD, 0xFC, 0x3C, 0x8F, 0xFA, 0xFC,
    0x3C, 0x8F, 0xFA, 0xFC, 0x4B, 0x88, 0xF4, 0xFC, 0x68, 0x9C, 0xF9, 0xFC, 0x64, 0x9D, 0xFA, 0xFB,
    0x64, 0x9D, 0xFA, 0xFB, 0x53, 0xA0, 0xFC, 0xFC, 0x58, 0xAC, 0xFD, 0xFC, 0x02, 0x22, 0x57, 0xF9,
    0x06, 0x28, 0x59, 0xEF, 0x06, 0x28, 0x59, 0xEF, 0x47, 0x8F, 0xD7, 0x5E, 0x38, 0x82, 0xCD, 0x05,
    0x3C, 0x83, 0xCD, 0x02, 0x3C, 0x83, 0xCD, 0x02, 0x00, 0x00, 0x00, 0x00, 0x00, 0x00, 0x00, 0x00,
    0x00, 0x00, 0x00, 0x00, 0x00, 0x00, 0x00, 0x00, 0x00, 0x00, 0x00, 0x00, 0x00, 0x00, 0x00, 0x00,
    0x00, 0x00, 0x00, 0x00, 0x00, 0x00, 0x00, 0x00, 0x00, 0x00, 0x00, 0x00, 0x00, 0x00, 0x00, 0x00,
    0x00, 0x00, 0x00, 0x00, 0x00, 0x00, 0x00, 0x00, 0x00, 0x00, 0x00, 0x00, 0x00, 0x00, 0x00, 0x00,
    0x00, 0x00, 0x00, 0x00, 0x00, 0x00, 0x00, 0x00, 0x00, 0x00, 0x00, 0x00, 0x00, 0x00, 0x00, 0x00,
    0x00, 0x00, 0x00, 0x00, 0x00, 0x00, 0x00, 0x00, 0x00, 0x00, 0x00, 0x00, 0x00, 0x00, 0x00, 0x00,
    0x00, 0x00, 0x00, 0x00, 0x00, 0x00, 0x00, 0x00, 0x00, 0x00, 0x00, 0x00, 0x00, 0x00, 0x00, 0x00,
    0x00, 0x00, 0x00, 0x00, 0x00, 0x00, 0x00, 0x00, 0x00, 0x00, 0x00, 0x00, 0x00, 0x00, 0x00, 0x00,
    0x00, 0x00, 0x00, 0x00, 0x00, 0x00, 0x00, 0x00, 0x00, 0x00, 0x00, 0x00, 0x00, 0x00, 0x00, 0x00,
    0x00, 0x00, 0x00, 0x00, 0x00, 0x00, 0x00, 0x00, 0x00, 0x00, 0x00, 0x00, 0x00, 0x00, 0x00, 0x00,
    0x00, 0x00, 0x00, 0x00, 0x00, 0x00, 0x00, 0x00, 0x00, 0x00, 0x00, 0x00, 0x00, 0x00, 0x00, 0x00,
    0x41, 0x81, 0xC1, 0x01, 0x40, 0x81, 0xC1, 0x01, 0x40, 0x80, 0xC2, 0x01, 0x40, 0x80, 0xC2, 0x01,
    0x40, 0x81, 0xC3, 0x02, 0x40, 0x81, 0xC4, 0x05, 0x3E, 0x82, 0xC6, 0x06, 0x3E, 0x82, 0xC6, 0x06,
    0x36, 0x87, 0xCE, 0x16, 0x20, 0x5F, 0xA0, 0x88, 0x00, 0x07, 0x2F, 0xF8, 0x00, 0x07, 0x2F, 0xF8,
    0x16, 0x60, 0xBE, 0xF8, 0x30, 0xA7, 0xFD, 0xF9, 0x2D, 0xA7, 0xFD, 0xFA, 0x2D, 0xA7, 0xFD, 0xFA,
    0x2E, 0xA6, 0xFD, 0xFB, 0x32, 0xA7, 0xFE, 0xFB, 0x32, 0xA6, 0xFE, 0xFB, 0x32, 0xA6, 0xFE, 0xFB,
    0x32, 0xA6, 0xFE, 0xFB, 0x32, 0xA5, 0xFE, 0xFC, 0x32, 0xA6, 0xFD, 0xFC, 0x32, 0xA6, 0xFD, 0xFC,
    0x32, 0xA4, 0xFD, 0xFD, 0x31, 0xA4, 0xFE, 0xFD, 0x33, 0xA4, 0xFE, 0xFD, 0x35, 0xA6, 0xFE, 0xFD,
    0x35, 0xA6, 0xFE, 0xFD, 0x32, 0xA5, 0xFE, 0xFD, 0x20, 0x92, 0xF9, 0xFD, 0x23, 0x94, 0xFA, 0xFD,
    0x23, 0x94, 0xFA, 0xFD, 0x37, 0xA6, 0xFD, 0xFD, 0x3D, 0xA5, 0xFC, 0xFD, 0x36, 0xA0, 0xFC, 0xFD,
    0x36, 0xA0, 0xFC, 0xFD, 0x26, 0x95, 0xFA, 0xFD, 0x20, 0x93, 0xFA, 0xFD, 0x20, 0x92, 0xF9, 0xFD,
    0x20, 0x92, 0xF9, 0xFD, 0x2A, 0x99, 0xFA, 0xFD, 0x34, 0x9D, 0xFB, 0xFD, 0x3E, 0xA7, 0xFD, 0xFD,
    0x3E, 0xA7, 0xFD, 0xFD, 0x39, 0xA3, 0xFD, 0xFD, 0x28, 0x95, 0xF6, 0xFD, 0x22, 0x90, 0xF6, 0xFD,
    0x22, 0x90, 0xF6, 0xFD, 0x29, 0x9B, 0xFD, 0xFD, 0x31, 0xA2, 0xFE, 0xFD, 0x37, 0xA7, 0xFE, 0xFD,
    0x37, 0xA7, 0xFE, 0xFD, 0x38, 0xA7, 0xFE, 0xFD, 0x38, 0xA8, 0xFF, 0xFD, 0x38, 0xA8, 0xFE, 0xFD,
    0x38, 0xA8, 0xFE, 0xFD, 0x37, 0xA8, 0xFE, 0xFD, 0x36, 0xA7, 0xFE, 0xFD, 0x37, 0xA7, 0xFE, 0xFD,
    0x37, 0xA7, 0xFE, 0xFD, 0x37, 0xA6, 0xFE, 0xFD, 0x37, 0xA6, 0xFE, 0xFD, 0x36, 0xA5, 0xFE, 0xFD,
    0x36, 0xA5, 0xFE, 0xFD, 0x37, 0xA5, 0xFE, 0xFD, 0x36, 0xA4, 0xFE, 0xFC, 0x36, 0xA4, 0xFE, 0xFC,
    0x36, 0xA4, 0xFE, 0xFC, 0x31, 0xA0, 0xFD, 0xFC, 0x31, 0xA0, 0xFD, 0xFC, 0x36, 0x9A, 0xFC, 0xFC,
    0x36, 0x9A, 0xFC, 0xFC, 0x3E, 0x90, 0xF7, 0xFC, 0x51, 0x98, 0xF9, 0xFC, 0x58, 0xA5, 0xFC, 0xFB,
    0x58, 0xA5, 0xFC, 0xFB, 0x4A, 0xA3, 0xFE, 0xFC, 0x50, 0xAA, 0xFE, 0xFB, 0x04, 0x26, 0x5C, 0xFA,
    0x09, 0x2A, 0x5C, 0xEB, 0x09, 0x2A, 0x5C, 0xEB, 0x47, 0x8F, 0xD7, 0x5B, 0x39, 0x85, 0xD0, 0x04,
    0x3C, 0x85, 0xCE, 0x02, 0x3C, 0x85, 0xCE, 0x02, 0x00, 0x00, 0x00, 0x00, 0x00, 0x00, 0x00, 0x00,
    0x00, 0x00, 0x00, 0x00, 0x00, 0x00, 0x00, 0x00, 0x00, 0x00, 0x00, 0x00, 0x00, 0x00, 0x00, 0x00,
    0x00, 0x00, 0x00, 0x00, 0x00, 0x00, 0x00, 0x00, 0x00, 0x00, 0x00, 0x00, 0x00, 0x00, 0x00, 0x00,
    0x00, 0x00, 0x00, 0x00, 0x00, 0x00, 0x00, 0x00, 0x00, 0x00, 0x00, 0x00, 0x00, 0x00, 0x00, 0x00,
    0x00, 0x00, 0x00, 0x00, 0x00, 0x00, 0x00, 0x00, 0x00, 0x00, 0x00, 0x00, 0x00, 0x00, 0x00, 0x00,
    0x00, 0x00, 0x00, 0x00, 0x00, 0x00, 0x00, 0x00, 0x00, 0x00, 0x00, 0x00, 0x00, 0x00, 0x00, 0x00,
    0x00, 0x00, 0x00, 0x00, 0x00, 0x00, 0x00, 0x00, 0x00, 0x00, 0x00, 0x00, 0x00, 0x00, 0x00, 0x00,
    0x00, 0x00, 0x00, 0x00, 0x00, 0x00, 0x00, 0x00, 0x00, 0x00, 0x00, 0x00, 0x00, 0x00, 0x00, 0x00,
    0x00, 0x00, 0x00, 0x00, 0x00, 0x00, 0x00, 0x00, 0x00, 0x00, 0x00, 0x00, 0x00, 0x00, 0x00, 0x00,
    0x00, 0x00, 0x00, 0x00, 0x00, 0x00, 0x00, 0x00, 0x00, 0x00, 0x00, 0x00, 0x00, 0x00, 0x00, 0x00,
    0x00, 0x00, 0x00, 0x00, 0x00, 0x00, 0x00, 0x00, 0x00, 0x00, 0x00, 0x00, 0x00, 0x00, 0x00, 0x00,
    0x3F, 0x80, 0xC0, 0x01, 0x00, 0x00, 0x00, 0x00, 0x3F, 0x80, 0xC3, 0x01, 0x3F, 0x80, 0xC3, 0x01,
    0x3F, 0x80, 0xC3, 0x02, 0x3E, 0x80, 0xC3, 0x08, 0x3B, 0x82, 0xC6, 0x08, 0x3B, 0x82, 0xC6, 0x08,
    0x30, 0x7A, 0xBD, 0x36, 0x19, 0x56, 0x93, 0xC1, 0x0E, 0x52, 0xA5, 0xF5, 0x0E, 0x52, 0xA5, 0xF5,
    0x23, 0x8C, 0xED, 0xFB, 0x2B, 0xA3, 0xFB, 0xF9, 0x2C, 0xA3, 0xFC, 0xFA, 0x2C, 0xA3, 0xFC, 0xFA,
    0x2F, 0xA5, 0xFC, 0xFB, 0x30, 0xA6, 0xFD, 0xFB, 0x30, 0xA6, 0xFE, 0xFB, 0x30, 0xA6, 0xFE, 0xFB,
    0x31, 0xA6, 0xFE, 0xFB, 0x32, 0xA6, 0xFE, 0xFC, 0x33, 0xA6, 0xFD, 0xFC, 0x33, 0xA6, 0xFD, 0xFC,
    0x33, 0xA5, 0xFE, 0xFD, 0x33, 0xA5, 0xFE, 0xFD, 0x35, 0xA5, 0xFE, 0xFD, 0x36, 0xA5, 0xFE, 0xFD,
    0x36, 0xA5, 0xFE, 0xFD, 0x35, 0xA8, 0xFF, 0xFD, 0x2E, 0xA1, 0xFE, 0xFD, 0x32, 0xA2, 0xFE, 0xFD,
    0x32, 0xA2, 0xFE, 0xFD, 0x3A, 0xA6, 0xFD, 0xFD, 0x3F, 0xA6, 0xFC, 0xFD, 0x3E, 0xA6, 0xFD, 0xFD,
    0x3E, 0xA6, 0xFD, 0xFD, 0x2D, 0x99, 0xFA, 0xFD, 0x26, 0x97, 0xFB, 0xFD, 0x24, 0x94, 0xF8, 0xFD,
    0x24, 0x94, 0xF8, 0xFD, 0x30, 0x9C, 0xFB, 0xFD, 0x3E, 0xA5, 0xFD, 0xFD, 0x44, 0xA9, 0xFF, 0xFD,
    0x44, 0xA9, 0xFF, 0xFD, 0x41, 0xA9, 0xFF, 0xFD, 0x2E, 0x99, 0xF9, 0xFD, 0x22, 0x91, 0xF4, 0xFD,
    0x22, 0x91, 0xF4, 0xFD, 0x2E, 0x9E, 0xFD, 0xFD, 0x34, 0xA5, 0xFE, 0xFD, 0x36, 0xA6, 0xFE, 0xFD,
    0x36, 0xA6, 0xFE, 0xFD, 0x38, 0xA7, 0xFE, 0xFD, 0x37, 0xA8, 0xFF, 0xFD, 0x37, 0xA7, 0xFF, 0xFD,
    0x37, 0xA7, 0xFF, 0xFD, 0x37, 0xA6, 0xFE, 0xFD, 0x37, 0xA7, 0xFF, 0xFD, 0x36, 0xA6, 0xFE, 0xFD,
    0x36, 0xA6, 0xFE, 0xFD, 0x35, 0xA5, 0xFE, 0xFD, 0x35, 0xA5, 0xFE, 0xFD, 0x34, 0xA4, 0xFD, 0xFD,
    0x34, 0xA4, 0xFD, 0xFD, 0x34, 0xA3, 0xFD, 0xFD, 0x35, 0xA3, 0xFD, 0xFC, 0x33, 0xA2, 0xFD, 0xFC,
    0x33, 0xA2, 0xFD, 0xFC, 0x32, 0xA3, 0xFD, 0xFC, 0x2D, 0x9D, 0xFD, 0xFC, 0x2A, 0x95, 0xFB, 0xFC,
    0x2A, 0x95, 0xFB, 0xFC, 0x27, 0x89, 0xF3, 0xFC, 0x32, 0x8F, 0xF8, 0xFC, 0x37, 0x94, 0xFC, 0xFB,
    0x37, 0x94, 0xFC, 0xFB, 0x2D, 0x92, 0xFB, 0xFC, 0x48, 0xA8, 0xFF, 0xFB, 0x04, 0x28, 0x66, 0xFD,
    0x07, 0x27, 0x5D, 0xDF, 0x07, 0x27, 0x5D, 0xDF, 0x46, 0x8F, 0xDA, 0x51, 0x37, 0x86, 0xD1, 0x05,
    0x3C, 0x85, 0xD0, 0x02, 0x3C, 0x85, 0xD0, 0x02, 0x00, 0x00, 0x00, 0x00, 0x00, 0x00, 0x00, 0x00,
    0x00, 0x00, 0x00, 0x00, 0x00, 0x00, 0x00, 0x00, 0x00, 0x00, 0x00, 0x00, 0x00, 0x00, 0x00, 0x00,
    0x00, 0x00, 0x00, 0x00, 0x00, 0x00, 0x00, 0x00, 0x00, 0x00, 0x00, 0x00, 0x00, 0x00, 0x00, 0x00,
    0x00, 0x00, 0x00, 0x00, 0x00, 0x00, 0x00, 0x00, 0x00, 0x00, 0x00, 0x00, 0x00, 0x00, 0x00, 0x00,
    0x00, 0x00, 0x00, 0x00, 0x00, 0x00, 0x00, 0x00, 0x00, 0x00, 0x00, 0x00, 0x00, 0x00, 0x00, 0x00,
    0x00, 0x00, 0x00, 0x00, 0x00, 0x00, 0x00, 0x00, 0x00, 0x00, 0x00, 0x00, 0x00, 0x00, 0x00, 0x00,
    0x00, 0x00, 0x00, 0x00, 0x00, 0x00, 0x00, 0x00, 0x00, 0x00, 0x00, 0x00, 0x00, 0x00, 0x00, 0x00,
    0x00, 0x00, 0x00, 0x00, 0x00, 0x00, 0x00, 0x00, 0x00, 0x00, 0x00, 0x00, 0x00, 0x00, 0x00, 0x00,
    0x00, 0x00, 0x00, 0x00, 0x00, 0x00, 0x00, 0x00, 0x00, 0x00, 0x00, 0x00, 0x00, 0x00, 0x00, 0x00,
    0x00, 0x00, 0x00, 0x00, 0x00, 0x00, 0x00, 0x00, 0x00, 0x00, 0x00, 0x00, 0x00, 0x00, 0x00, 0x00,
    0x00, 0x00, 0x00, 0x00, 0x00, 0x00, 0x00, 0x00, 0x00, 0x00, 0x00, 0x00, 0x00, 0x00, 0x00, 0x00,
    0x3E, 0x7F, 0xC1, 0x01, 0x00, 0x00, 0x00, 0x00, 0x3E, 0x80, 0xC3, 0x01, 0x3E, 0x80, 0xC3, 0x01,
    0x3F, 0x81, 0xC4, 0x02, 0x3A, 0x80, 0xC3, 0x08, 0x3F, 0x8A, 0xCE, 0x0B, 0x3F, 0x8A, 0xCE, 0x0B,
    0x16, 0x45, 0x80, 0x60, 0x00, 0x11, 0x4C, 0xF4, 0x1A, 0x79, 0xD7, 0xF3, 0x1A, 0x79, 0xD7, 0xF3,
    0x27, 0x9D, 0xF8, 0xFA, 0x29, 0x9F, 0xF9, 0xFA, 0x2E, 0xA3, 0xFB, 0xFA, 0x2E, 0xA3, 0xFB, 0xFA,
    0x2F, 0xA4, 0xFC, 0xFB, 0x30, 0xA6, 0xFD, 0xFB, 0x30, 0xA6, 0xFE, 0xFB, 0x30, 0xA6, 0xFE, 0xFB,
    0x31, 0xA7, 0xFE, 0xFB, 0x33, 0xA7, 0xFE, 0xFC, 0x33, 0xA7, 0xFE, 0xFC, 0x33, 0xA7, 0xFE, 0xFC,
    0x33, 0xA6, 0xFE, 0xFD, 0x35, 0xA7, 0xFE, 0xFD, 0x34, 0xA5, 0xFE, 0xFD, 0x36, 0xA8, 0xFF, 0xFD,
    0x36, 0xA8, 0xFF, 0xFD, 0x39, 0xA9, 0xFF, 0xFD, 0x37, 0xA8, 0xFE, 0xFD, 0x38, 0xA6, 0xFE, 0xFD,
    0x38, 0xA6, 0xFE, 0xFD, 0x3E, 0xA9, 0xFE, 0xFD, 0x43, 0xA9, 0xFD, 0xFD, 0x44, 0xAC, 0xFE, 0xFD,
    0x44, 0xAC, 0xFE, 0xFD, 0x33, 0x9F, 0xFC, 0xFD, 0x2A, 0x99, 0xFC, 0xFD, 0x2B, 0x9A, 0xFC, 0xFD,
    0x2B, 0x9A, 0xFC, 0xFD, 0x37, 0xA2, 0xFD, 0xFD, 0x42, 0xA7, 0xFD, 0xFD, 0x46, 0xAA, 0xFE, 0xFD,
    0x46, 0xAA, 0xFE, 0xFD, 0x44, 0xAA, 0xFF, 0xFD, 0x37, 0xA3, 0xFD, 0xFD, 0x2D, 0x9D, 0xFB, 0xFD,
    0x2D, 0x9D, 0xFB, 0xFD, 0x32, 0xA3, 0xFE, 0xFD, 0x35, 0xA6, 0xFE, 0xFD, 0x37, 0xA8, 0xFF, 0xFD,
    0x37, 0xA8, 0xFF, 0xFD, 0x37, 0xA7, 0xFE, 0xFD, 0x37, 0xA8, 0xFE, 0xFD, 0x36, 0xA6, 0xFE, 0xFD,
    0x36, 0xA6, 0xFE, 0xFD, 0x36, 0xA6, 0xFE, 0xFD, 0x36, 0xA6, 0xFE, 0xFD, 0x35, 0xA5, 0xFE, 0xFD,
    0x35, 0xA5, 0xFE, 0xFD, 0x34, 0xA5, 0xFE, 0xFD, 0x34, 0xA5, 0xFE, 0xFD, 0x34, 0xA4, 0xFD, 0xFD,
    0x34, 0xA4, 0xFD, 0xFD, 0x34, 0xA4, 0xFD, 0xFD, 0x34, 0xA2, 0xFD, 0xFD, 0x34, 0xA3, 0xFD, 0xFC,
    0x34, 0xA3, 0xFD, 0xFC, 0x32, 0xA3, 0xFD, 0xFC, 0x32, 0xA1, 0xFD, 0xFC, 0x2C, 0x95, 0xFA, 0xFC,
    0x2C, 0x95, 0xFA, 0xFC, 0x26, 0x8E, 0xF5, 0xFC, 0x29, 0x92, 0xF9, 0xFC, 0x22, 0x89, 0xFA, 0xFC,
    0x22, 0x89, 0xFA, 0xFC, 0x15, 0x7B, 0xF1, 0xFC, 0x42, 0xA6, 0xFF, 0xF8, 0x0F, 0x43, 0x85, 0xFD,
    0x08, 0x2F, 0x6C, 0xE0, 0x08, 0x2F, 0x6C, 0xE0, 0x45, 0x92, 0xDC, 0x42, 0x38, 0x88, 0xD4, 0x04,
    0x3C, 0x87, 0xD1, 0x03, 0x3C, 0x87, 0xD1, 0x03, 0x00, 0x00, 0x00, 0x00, 0x00, 0x00, 0x00, 0x00,
    0x00, 0x00, 0x00, 0x00, 0x00, 0x00, 0x00, 0x00, 0x00, 0x00, 0x00, 0x00, 0x00, 0x00, 0x00, 0x00,
    0x00, 0x00, 0x00, 0x00, 0x00, 0x00, 0x00, 0x00, 0x00, 0x00, 0x00, 0x00, 0x00, 0x00, 0x00, 0x00,
    0x00, 0x00, 0x00, 0x00, 0x00, 0x00, 0x00, 0x00, 0x00, 0x00, 0x00, 0x00, 0x00, 0x00, 0x00, 0x00,
    0x00, 0x00, 0x00, 0x00, 0x00, 0x00, 0x00, 0x00, 0x00, 0x00, 0x00, 0x00, 0x00, 0x00, 0x00, 0x00,
    0x00, 0x00, 0x00, 0x00, 0x00, 0x00, 0x00, 0x00, 0x00, 0x00, 0x00, 0x00, 0x00, 0x00, 0x00, 0x00,
    0x00, 0x00, 0x00, 0x00, 0x00, 0x00, 0x00, 0x00, 0x00, 0x00, 0x00, 0x00, 0x00, 0x00, 0x00, 0x00,
    0x00, 0x00, 0x00, 0x00, 0x00, 0x00, 0x00, 0x00, 0x00, 0x00, 0x00, 0x00, 0x00, 0x00, 0x00, 0x00,
    0x00, 0x00, 0x00, 0x00, 0x00, 0x00, 0x00, 0x00, 0x00, 0x00, 0x00, 0x00, 0x00, 0x00, 0x00, 0x00,
    0x00, 0x00, 0x00, 0x00, 0x00, 0x00, 0x00, 0x00, 0x00, 0x00, 0x00, 0x00, 0x00, 0x00, 0x00, 0x00,
    0x00, 0x00, 0x00, 0x00, 0x00, 0x00, 0x00, 0x00, 0x00, 0x00, 0x00, 0x00, 0x00, 0x00, 0x00, 0x00,
    0x3E, 0x7F, 0xC1, 0x01, 0x00, 0x00, 0x00, 0x00, 0x3E, 0x80, 0xC3, 0x01, 0x3E, 0x80, 0xC3, 0x01,
    0x3F, 0x81, 0xC4, 0x02, 0x3A, 0x80, 0xC3, 0x08, 0x3F, 0x8A, 0xCE, 0x0B, 0x3F, 0x8A, 0xCE, 0x0B,
    0x16, 0x45, 0x80, 0x60, 0x00, 0x11, 0x4C, 0xF4, 0x1A, 0x79, 0xD7, 0xF3, 0x1A, 0x79, 0xD7, 0xF3,
    0x27, 0x9D, 0xF8, 0xFA, 0x29, 0x9F, 0xF9, 0xFA, 0x2E, 0xA3, 0xFB, 0xFA, 0x2E, 0xA3, 0xFB, 0xFA,
    0x2F, 0xA4, 0xFC, 0xFB, 0x30, 0xA6, 0xFD, 0xFB, 0x30, 0xA6, 0xFE, 0xFB, 0x30, 0xA6, 0xFE, 0xFB,
    0x31, 0xA7, 0xFE, 0xFB, 0x33, 0xA7, 0xFE, 0xFC, 0x33, 0xA7, 0xFE, 0xFC, 0x33, 0xA7, 0xFE, 0xFC,
    0x33, 0xA6, 0xFE, 0xFD, 0x35, 0xA7, 0xFE, 0xFD, 0x34, 0xA5, 0xFE, 0xFD, 0x36, 0xA8, 0xFF, 0xFD,
    0x36, 0xA8, 0xFF, 0xFD, 0x39, 0xA9, 0xFF, 0xFD, 0x37, 0xA8, 0xFE, 0xFD, 0x38, 0xA6, 0xFE, 0xFD,
    0x38, 0xA6, 0xFE, 0xFD, 0x3E, 0xA9, 0xFE, 0xFD, 0x43, 0xA9, 0xFD, 0xFD, 0x44, 0xAC, 0xFE, 0xFD,
    0x44, 0xAC, 0xFE, 0xFD, 0x33, 0x9F, 0xFC, 0xFD, 0x2A, 0x99, 0xFC, 0xFD, 0x2B, 0x9A, 0xFC, 0xFD,
    0x2B, 0x9A, 0xFC, 0xFD, 0x37, 0xA2, 0xFD, 0xFD, 0x42, 0xA7, 0xFD, 0xFD, 0x46, 0xAA, 0xFE, 0xFD,
    0x46, 0xAA, 0xFE, 0xFD, 0x44, 0xAA, 0xFF, 0xFD, 0x37, 0xA3, 0xFD, 0xFD, 0x2D, 0x9D, 0xFB, 0xFD,
    0x2D, 0x9D, 0xFB, 0xFD, 0x32, 0xA3, 0xFE, 0xFD, 0x35, 0xA6, 0xFE, 0xFD, 0x37, 0xA8, 0xFF, 0xFD,
    0x37, 0xA8, 0xFF, 0xFD, 0x37, 0xA7, 0xFE, 0xFD, 0x37, 0xA8, 0xFE, 0xFD, 0x36, 0xA6, 0xFE, 0xFD,
    0x36, 0xA6, 0xFE, 0xFD, 0x36, 0xA6, 0xFE, 0xFD, 0x36, 0xA6, 0xFE, 0xFD, 0x35, 0xA5, 0xFE, 0xFD,
    0x35, 0xA5, 0xFE, 0xFD, 0x34, 0xA5, 0xFE, 0xFD, 0x34, 0xA5, 0xFE, 0xFD, 0x34, 0xA4, 0xFD, 0xFD,
    0x34, 0xA4, 0xFD, 0xFD, 0x34, 0xA4, 0xFD, 0xFD, 0x34, 0xA2, 0xFD, 0xFD, 0x34, 0xA3, 0xFD, 0xFC,
    0x34, 0xA3, 0xFD, 0xFC, 0x32, 0xA3, 0xFD, 0xFC, 0x32, 0xA1, 0xFD, 0xFC, 0x2C, 0x95, 0xFA, 0xFC,
    0x2C, 0x95, 0xFA, 0xFC, 0x26, 0x8E, 0xF5, 0xFC, 0x29, 0x92, 0xF9, 0xFC, 0x22, 0x89, 0xFA, 0xFC,
    0x22, 0x89, 0xFA, 0xFC, 0x15, 0x7B, 0xF1, 0xFC, 0x42, 0xA6, 0xFF, 0xF8, 0x0F, 0x43, 0x85, 0xFD,
    0x08, 0x2F, 0x6C, 0xE0, 0x08, 0x2F, 0x6C, 0xE0, 0x45, 0x92, 0xDC, 0x42, 0x38, 0x88, 0xD4, 0x04,
    0x3C, 0x87, 0xD1, 0x03, 0x3C, 0x87, 0xD1, 0x03, 0x00, 0x00, 0x00, 0x00, 0x00, 0x00, 0x00, 0x00,
    0x00, 0x00, 0x00, 0x00, 0x00, 0x00, 0x00, 0x00, 0x00, 0x00, 0x00, 0x00, 0x00, 0x00, 0x00, 0x00,
    0x00, 0x00, 0x00, 0x00, 0x00, 0x00, 0x00, 0x00, 0x00, 0x00, 0x00, 0x00, 0x00, 0x00, 0x00, 0x00,
    0x00, 0x00, 0x00, 0x00, 0x00, 0x00, 0x00, 0x00, 0x00, 0x00, 0x00, 0x00, 0x00, 0x00, 0x00, 0x00,
    0x00, 0x00, 0x00, 0x00, 0x00, 0x00, 0x00, 0x00, 0x00, 0x00, 0x00, 0x00, 0x00, 0x00, 0x00, 0x00,
    0x00, 0x00, 0x00, 0x00, 0x00, 0x00, 0x00, 0x00, 0x00, 0x00, 0x00, 0x00, 0x00, 0x00, 0x00, 0x00,
    0x00, 0x00, 0x00, 0x00, 0x00, 0x00, 0x00, 0x00, 0x00, 0x00, 0x00, 0x00, 0x00, 0x00, 0x00, 0x00,
    0x00, 0x00, 0x00, 0x00, 0x00, 0x00, 0x00, 0x00, 0x00, 0x00, 0x00, 0x00, 0x00, 0x00, 0x00, 0x00,
    0x00, 0x00, 0x00, 0x00, 0x00, 0x00, 0x00, 0x00, 0x00, 0x00, 0x00, 0x00, 0x00, 0x00, 0x00, 0x00,
    0x00, 0x00, 0x00, 0x00, 0x00, 0x00, 0x00, 0x00, 0x00, 0x00, 0x00, 0x00, 0x00, 0x00, 0x00, 0x00,
    0x00, 0x00, 0x00, 0x00, 0x00, 0x00, 0x00, 0x00, 0x00, 0x00, 0x00, 0x00, 0x00, 0x00, 0x00, 0x00,
    0x00, 0x00, 0x00, 0x00, 0x00, 0x00, 0x00, 0x00, 0x3D, 0x80, 0xC4, 0x01, 0x3D, 0x80, 0xC4, 0x01,
    0x3E, 0x82, 0xC5, 0x04, 0x39, 0x80, 0xC4, 0x04, 0x3C, 0x84, 0xC2, 0x32, 0x3C, 0x84, 0xC2, 0x32,
    0x07, 0x2D, 0x5E, 0x8E, 0x02, 0x27, 0x6F, 0xF4, 0x1D, 0x82, 0xE1, 0xF8, 0x1D, 0x82, 0xE1, 0xF8,
    0x28, 0x9F, 0xF8, 0xFB, 0x2A, 0x9F, 0xF9, 0xFA, 0x2D, 0xA4, 0xFA, 0xFA, 0x2D, 0xA4, 0xFA, 0xFA,
    0x2F, 0xA5, 0xFB, 0xFB, 0x30, 0xA6, 0xFC, 0xFB, 0x32, 0xA7, 0xFD, 0xFB, 0x32, 0xA7, 0xFD, 0xFB,
    0x33, 0xA8, 0xFE, 0xFC, 0x35, 0xA9, 0xFE, 0xFC, 0x35, 0xA9, 0xFE, 0xFC, 0x35, 0xA9, 0xFE, 0xFC,
    0x34, 0xA8, 0xFF, 0xFD, 0x35, 0xA8, 0xFF, 0xFD, 0x36, 0xA7, 0xFE, 0xFD, 0x38, 0xAA, 0xFE, 0xFD,
    0x38, 0xAA, 0xFE, 0xFD, 0x37, 0xA5, 0xFE, 0xFD, 0x39, 0xA7, 0xFE, 0xFD, 0x3B, 0xA7, 0xFE, 0xFD,
    0x3B, 0xA7, 0xFE, 0xFD, 0x41, 0xAB, 0xFE, 0xFD, 0x44, 0xA9, 0xFE, 0xFD, 0x45, 0xAC, 0xFE, 0xFD,
    0x45, 0xAC, 0xFE, 0xFD, 0x35, 0xA0, 0xFC, 0xFD, 0x28, 0x96, 0xF8, 0xFD, 0x2D, 0x9C, 0xFB, 0xFD,
    0x2D, 0x9C, 0xFB, 0xFD, 0x3C, 0xA7, 0xFE, 0xFD, 0x43, 0xA8, 0xFD, 0xFD, 0x45, 0xAB, 0xFE, 0xFD,
    0x45, 0xAB, 0xFE, 0xFD, 0x42, 0xA8, 0xFE, 0xFD, 0x3C, 0xA7, 0xFE, 0xFD, 0x36, 0xA4, 0xFD, 0xFD,
    0x36, 0xA4, 0xFD, 0xFD, 0x36, 0xA5, 0xFE, 0xFD, 0x36, 0xA5, 0xFE, 0xFD, 0x38, 0xA7, 0xFF, 0xFD,
    0x38, 0xA7, 0xFF, 0xFD, 0x39, 0xA7, 0xFE, 0xFD, 0x36, 0xA6, 0xFD, 0xFD, 0x36, 0xA6, 0xFD, 0xFD,
    0x36, 0xA6, 0xFD, 0xFD, 0x36, 0xA6, 0xFD, 0xFD, 0x34, 0xA5, 0xFD, 0xFD, 0x35, 0xA6, 0xFE, 0xFD,
    0x35, 0xA6, 0xFE, 0xFD, 0x34, 0xA5, 0xFE, 0xFD, 0x33, 0xA5, 0xFE, 0xFD, 0x34, 0xA5, 0xFD, 0xFD,
    0x34, 0xA5, 0xFD, 0xFD, 0x33, 0xA3, 0xFD, 0xFD, 0x34, 0xA2, 0xFC, 0xFD, 0x33, 0xA2, 0xFC, 0xFD,
    0x33, 0xA2, 0xFC, 0xFD, 0x32, 0xA0, 0xFC, 0xFD, 0x34, 0xA2, 0xFD, 0xFC, 0x34, 0x9F, 0xFC, 0xFC,
    0x34, 0x9F, 0xFC, 0xFC, 0x31, 0x9A, 0xFB, 0xFC, 0x26, 0x8D, 0xF5, 0xFC, 0x20, 0x8D, 0xFA, 0xFC,
    0x20, 0x8D, 0xFA, 0xFC, 0x1C, 0x82, 0xF5, 0xFD, 0x13, 0x54, 0xB4, 0xF9, 0x11, 0x40, 0x7F, 0xFD,
    0x29, 0x67, 0xA8, 0xC8, 0x29, 0x67, 0xA8, 0xC8, 0x40, 0x8D, 0xD6, 0x3A, 0x39, 0x88, 0xD4, 0x02,
    0x3C, 0x88, 0xD1, 0x03, 0x3C, 0x88, 0xD1, 0x03, 0x00, 0x00, 0x00, 0x00, 0x00, 0x00, 0x00, 0x00,
    0x00, 0x00, 0x00, 0x00, 0x00, 0x00, 0x00, 0x00, 0x00, 0x00, 0x00, 0x00, 0x00, 0x00, 0x00, 0x00,
    0x00, 0x00, 0x00, 0x00, 0x00, 0x00, 0x00, 0x00, 0x00, 0x00, 0x00, 0x00, 0x00, 0x00, 0x00, 0x00,
    0x00, 0x00, 0x00, 0x00, 0x00, 0x00, 0x00, 0x00, 0x00, 0x00, 0x00, 0x00, 0x00, 0x00, 0x00, 0x00,
    0x00, 0x00, 0x00, 0x00, 0x00, 0x00, 0x00, 0x00, 0x00, 0x00, 0x00, 0x00, 0x00, 0x00, 0x00, 0x00,
    0x00, 0x00, 0x00, 0x00, 0x00, 0x00, 0x00, 0x00, 0x00, 0x00, 0x00, 0x00, 0x00, 0x00, 0x00, 0x00,
    0x00, 0x00, 0x00, 0x00, 0x00, 0x00, 0x00, 0x00, 0x00, 0x00, 0x00, 0x00, 0x00, 0x00, 0x00, 0x00,
    0x00, 0x00, 0x00, 0x00, 0x00, 0x00, 0x00, 0x00, 0x00, 0x00, 0x00, 0x00, 0x00, 0x00, 0x00, 0x00,
    0x00, 0x00, 0x00, 0x00, 0x00, 0x00, 0x00, 0x00, 0x00, 0x00, 0x00, 0x00, 0x00, 0x00, 0x00, 0x00,
    0x00, 0x00, 0x00, 0x00, 0x00, 0x00, 0x00, 0x00, 0x00, 0x00, 0x00, 0x00, 0x00, 0x00, 0x00, 0x00,
    0x00, 0x00, 0x00, 0x00, 0x00, 0x00, 0x00, 0x00, 0x00, 0x00, 0x00, 0x00, 0x00, 0x00, 0x00, 0x00,
    0x00, 0x00, 0x00, 0x00, 0x3D, 0x80, 0xC3, 0x01, 0x3C, 0x81, 0xC4, 0x01, 0x3C, 0x81, 0xC4, 0x01,
    0x3B, 0x7F, 0xC4, 0x05, 0x40, 0x87, 0xCE, 0x03, 0x19, 0x4E, 0x84, 0x88, 0x19, 0x4E, 0x84, 0x88,
    0x0B, 0x43, 0x75, 0xE4, 0x2A, 0x8F, 0xE1, 0xFA, 0x23, 0x94, 0xF3, 0xF8, 0x23, 0x94, 0xF3, 0xF8,
    0x27, 0x9E, 0xFA, 0xF9, 0x2D, 0xA1, 0xFB, 0xFB, 0x2F, 0xA5, 0xFB, 0xFA, 0x2F, 0xA5, 0xFB, 0xFA,
    0x30, 0xA6, 0xFC, 0xFB, 0x33, 0xA7, 0xFD, 0xFB, 0x34, 0xA7, 0xFE, 0xFC, 0x34, 0xA7, 0xFE, 0xFC,
    0x36, 0xA9, 0xFE, 0xFC, 0x38, 0xA9, 0xFF, 0xFC, 0x36, 0xA9, 0xFF, 0xFC, 0x36, 0xA9, 0xFF, 0xFC,
    0x36, 0xA9, 0xFF, 0xFD, 0x37, 0xA6, 0xFF, 0xFD, 0x39, 0xA6, 0xFE, 0xFD, 0x3C, 0xAB, 0xFF, 0xFD,
    0x3C, 0xAB, 0xFF, 0xFD, 0x37, 0xA8, 0xFE, 0xFD, 0x38, 0xA9, 0xFE, 0xFD, 0x39, 0xA7, 0xFE, 0xFD,
    0x39, 0xA7, 0xFE, 0xFD, 0x3F, 0xAA, 0xFE, 0xFD, 0x44, 0xAD, 0xFE, 0xFD, 0x45, 0xAC, 0xFE, 0xFD,
    0x45, 0xAC, 0xFE, 0xFD, 0x32, 0x9F, 0xFA, 0xFD, 0x24, 0x95, 0xF4, 0xFD, 0x2E, 0x9C, 0xF9, 0xFD,
    0x2E, 0x9C, 0xF9, 0xFD, 0x40, 0xA9, 0xFE, 0xFD, 0x45, 0xAA, 0xFE, 0xFD, 0x43, 0xAA, 0xFE, 0xFD,
    0x43, 0xAA, 0xFE, 0xFD, 0x41, 0xA8, 0xFE, 0xFD, 0x3D, 0xA8, 0xFE, 0xFD, 0x3B, 0xA8, 0xFE, 0xFD,
    0x3B, 0xA8, 0xFE, 0xFD, 0x39, 0xA7, 0xFE, 0xFD, 0x37, 0xA8, 0xFE, 0xFD, 0x38, 0xAA, 0xFE, 0xFD,
    0x38, 0xAA, 0xFE, 0xFD, 0x38, 0xA8, 0xFE, 0xFD, 0x38, 0xAA, 0xFD, 0xFD, 0x34, 0xA6, 0xFD, 0xFD,
    0x34, 0xA6, 0xFD, 0xFD, 0x32, 0xA5, 0xFD, 0xFD, 0x33, 0xA6, 0xFD, 0xFD, 0x33, 0xA5, 0xFE, 0xFD,
    0x33, 0xA5, 0xFE, 0xFD, 0x33, 0xA4, 0xFE, 0xFD, 0x33, 0xA4, 0xFE, 0xFD, 0x33, 0xA4, 0xFD, 0xFD,
    0x33, 0xA4, 0xFD, 0xFD, 0x34, 0xA3, 0xFD, 0xFD, 0x34, 0xA3, 0xFD, 0xFD, 0x34, 0xA2, 0xFD, 0xFD,
    0x34, 0xA2, 0xFD, 0xFD, 0x34, 0xA2, 0xFD, 0xFD, 0x35, 0xA3, 0xFE, 0xFD, 0x36, 0xA2, 0xFD, 0xFD,
    0x36, 0xA2, 0xFD, 0xFD, 0x35, 0xA0, 0xFD, 0xFC, 0x28, 0x90, 0xF4, 0xFC, 0x1E, 0x8C, 0xF7, 0xFC,
    0x1E, 0x8C, 0xF7, 0xFC, 0x28, 0x8C, 0xFC, 0xFC, 0x01, 0x1C, 0x71, 0xF7, 0x0B, 0x32, 0x71, 0xFE,
    0x46, 0x92, 0xD4, 0x7A, 0x46, 0x92, 0xD4, 0x7A, 0x37, 0x87, 0xD0, 0x22, 0x3A, 0x89, 0xD5, 0x04,
    0x3B, 0x87, 0xD1, 0x02, 0x3B, 0x87, 0xD1, 0x02, 0x3C, 0x86, 0xD0, 0x01, 0x00, 0x00, 0x00, 0x00,
    0x00, 0x00, 0x00, 0x00, 0x00, 0x00, 0x00, 0x00, 0x00, 0x00, 0x00, 0x00, 0x00, 0x00, 0x00, 0x00,
    0x00, 0x00, 0x00, 0x00, 0x00, 0x00, 0x00, 0x00, 0x00, 0x00, 0x00, 0x00, 0x00, 0x00, 0x00, 0x00,
    0x00, 0x00, 0x00, 0x00, 0x00, 0x00, 0x00, 0x00, 0x00, 0x00, 0x00, 0x00, 0x00, 0x00, 0x00, 0x00,
    0x00, 0x00, 0x00, 0x00, 0x00, 0x00, 0x00, 0x00, 0x00, 0x00, 0x00, 0x00, 0x00, 0x00, 0x00, 0x00,
    0x00, 0x00, 0x00, 0x00, 0x00, 0x00, 0x00, 0x00, 0x00, 0x00, 0x00, 0x00, 0x00, 0x00, 0x00, 0x00,
    0x00, 0x00, 0x00, 0x00, 0x00, 0x00, 0x00, 0x00, 0x00, 0x00, 0x00, 0x00, 0x00, 0x00, 0x00, 0x00,
    0x00, 0x00, 0x00, 0x00, 0x00, 0x00, 0x00, 0x00, 0x00, 0x00, 0x00, 0x00, 0x00, 0x00, 0x00, 0x00,
    0x00, 0x00, 0x00, 0x00, 0x00, 0x00, 0x00, 0x00, 0x00, 0x00, 0x00, 0x00, 0x00, 0x00, 0x00, 0x00,
    0x00, 0x00, 0x00, 0x00, 0x00, 0x00, 0x00, 0x00, 0x00, 0x00, 0x00, 0x00, 0x00, 0x00, 0x00, 0x00,
    0x00, 0x00, 0x00, 0x00, 0x00, 0x00, 0x00, 0x00, 0x00, 0x00, 0x00, 0x00, 0x00, 0x00, 0x00, 0x00,
    0x00, 0x00, 0x00, 0x00, 0x3D, 0x80, 0xC3, 0x01, 0x3D, 0x80, 0xC4, 0x01, 0x3D, 0x80, 0xC4, 0x01,
    0x39, 0x7F, 0xC3, 0x09, 0x41, 0x85, 0xCB, 0x11, 0x03, 0x1D, 0x47, 0xA8, 0x03, 0x1D, 0x47, 0xA8,
    0x03, 0x2C, 0x67, 0xEE, 0x1B, 0x8E, 0xED, 0xF8, 0x1E, 0x94, 0xF7, 0xFA, 0x1E, 0x94, 0xF7, 0xFA,
    0x2B, 0xA1, 0xFD, 0xFA, 0x30, 0xA2, 0xFD, 0xFB, 0x32, 0xA5, 0xFD, 0xFB, 0x32, 0xA5, 0xFD, 0xFB,
    0x33, 0xA6, 0xFD, 0xFB, 0x35, 0xA7, 0xFE, 0xFB, 0x37, 0xA8, 0xFE, 0xFC, 0x37, 0xA8, 0xFE, 0xFC,
    0x38, 0xA9, 0xFF, 0xFC, 0x3A, 0xA9, 0xFF, 0xFC, 0x39, 0xA9, 0xFF, 0xFC, 0x39, 0xA9, 0xFF, 0xFC,
    0x3B, 0xA7, 0xFF, 0xFD, 0x47, 0xA8, 0xFD, 0xFD, 0x55, 0xB0, 0xFD, 0xFD, 0x44, 0xAB, 0xFE, 0xFD,
    0x44, 0xAB, 0xFE, 0xFD, 0x37, 0xA6, 0xFE, 0xFD, 0x37, 0xA8, 0xFE, 0xFD, 0x38, 0xA6, 0xFD, 0xFD,
    0x38, 0xA6, 0xFD, 0xFD, 0x3C, 0xA8, 0xFE, 0xFD, 0x40, 0xAB, 0xFE, 0xFD, 0x40, 0xAA, 0xFE, 0xFD,
    0x40, 0xAA, 0xFE, 0xFD, 0x32, 0xA0, 0xFB, 0xFD, 0x29, 0x98, 0xF6, 0xFD, 0x34, 0xA0, 0xFB, 0xFD,
    0x34, 0xA0, 0xFB, 0xFD, 0x41, 0xA9, 0xFE, 0xFD, 0x43, 0xA8, 0xFD, 0xFD, 0x42, 0xAA, 0xFE, 0xFD,
    0x42, 0xAA, 0xFE, 0xFD, 0x40, 0xA8, 0xFE, 0xFD, 0x3E, 0xA9, 0xFE, 0xFD, 0x3C, 0xA7, 0xFD, 0xFD,
    0x3C, 0xA7, 0xFD, 0xFD, 0x3B, 0xA7, 0xFD, 0xFD, 0x39, 0xA9, 0xFE, 0xFD, 0x39, 0xA9, 0xFD, 0xFD,
    0x39, 0xA9, 0xFD, 0xFD, 0x39, 0xA7, 0xFD, 0xFD, 0x38, 0xA8, 0xFD, 0xFD, 0x35, 0xA8, 0xFD, 0xFD,
    0x35, 0xA8, 0xFD, 0xFD, 0x31, 0xA5, 0xFD, 0xFD, 0x30, 0xA4, 0xFD, 0xFD, 0x31, 0xA4, 0xFD, 0xFD,
    0x31, 0xA4, 0xFD, 0xFD, 0x32, 0xA3, 0xFE, 0xFD, 0x32, 0xA4, 0xFD, 0xFD, 0x33, 0xA3, 0xFD, 0xFD,
    0x33, 0xA3, 0xFD, 0xFD, 0x35, 0xA4, 0xFD, 0xFD, 0x36, 0xA3, 0xFE, 0xFD, 0x36, 0xA4, 0xFE, 0xFD,
    0x36, 0xA4, 0xFE, 0xFD, 0x35, 0xA4, 0xFE, 0xFD, 0x36, 0xA2, 0xFE, 0xFD, 0x37, 0xA3, 0xFE, 0xFD,
    0x37, 0xA3, 0xFE, 0xFD, 0x35, 0x9F, 0xFE, 0xFC, 0x2A, 0x92, 0xF8, 0xFC, 0x19, 0x80, 0xEF, 0xFD,
    0x19, 0x80, 0xEF, 0xFD, 0x22, 0x84, 0xF5, 0xFC, 0x0B, 0x3F, 0x9D, 0xF7, 0x0C, 0x37, 0x7C, 0xFE,
    0x4B, 0x9A, 0xDD, 0x88, 0x4B, 0x9A, 0xDD, 0x88, 0x34, 0x82, 0xCB, 0x26, 0x38, 0x86, 0xD1, 0x08,
    0x3A, 0x85, 0xCF, 0x02, 0x3A, 0x85, 0xCF, 0x02, 0x3A, 0x85, 0xCE, 0x01, 0x39, 0x83, 0xCD, 0x01,
    0x00, 0x00, 0x00, 0x00, 0x00, 0x00, 0x00, 0x00, 0x00, 0x00, 0x00, 0x00, 0x00, 0x00, 0x00, 0x00,
    0x00, 0x00, 0x00, 0x00, 0x00, 0x00, 0x00, 0x00, 0x00, 0x00, 0x00, 0x00, 0x00, 0x00, 0x00, 0x00,
    0x00, 0x00, 0x00, 0x00, 0x00, 0x00, 0x00, 0x00, 0x00, 0x00, 0x00, 0x00, 0x00, 0x00, 0x00, 0x00,
    0x00, 0x00, 0x00, 0x00, 0x00, 0x00, 0x00, 0x00, 0x00, 0x00, 0x00, 0x00, 0x00, 0x00, 0x00, 0x00,
    0x00, 0x00, 0x00, 0x00, 0x00, 0x00, 0x00, 0x00, 0x00, 0x00, 0x00, 0x00, 0x00, 0x00, 0x00, 0x00,
    0x00, 0x00, 0x00, 0x00, 0x00, 0x00, 0x00, 0x00, 0x00, 0x00, 0x00, 0x00, 0x00, 0x00, 0x00, 0x00,
    0x00, 0x00, 0x00, 0x00, 0x00, 0x00, 0x00, 0x00, 0x00, 0x00, 0x00, 0x00, 0x00, 0x00, 0x00, 0x00,
    0x00, 0x00, 0x00, 0x00, 0x00, 0x00, 0x00, 0x00, 0x00, 0x00, 0x00, 0x00, 0x00, 0x00, 0x00, 0x00,
    0x00, 0x00, 0x00, 0x00, 0x00, 0x00, 0x00, 0x00, 0x00, 0x00, 0x00, 0x00, 0x00, 0x00, 0x00, 0x00,
    0x00, 0x00, 0x00, 0x00, 0x00, 0x00, 0x00, 0x00, 0x00, 0x00, 0x00, 0x00, 0x00, 0x00, 0x00, 0x00,
    0x00, 0x00, 0x00, 0x00, 0x3D, 0x80, 0xC3, 0x01, 0x3D, 0x80, 0xC4, 0x01, 0x3D, 0x80, 0xC4, 0x01,
    0x39, 0x7F, 0xC3, 0x09, 0x41, 0x85, 0xCB, 0x11, 0x03, 0x1D, 0x47, 0xA8, 0x03, 0x1D, 0x47, 0xA8,
    0x03, 0x2C, 0x67, 0xEE, 0x1B, 0x8E, 0xED, 0xF8, 0x1E, 0x94, 0xF7, 0xFA, 0x1E, 0x94, 0xF7, 0xFA,
    0x2B, 0xA1, 0xFD, 0xFA, 0x30, 0xA2, 0xFD, 0xFB, 0x32, 0xA5, 0xFD, 0xFB, 0x32, 0xA5, 0xFD, 0xFB,
    0x33, 0xA6, 0xFD, 0xFB, 0x35, 0xA7, 0xFE, 0xFB, 0x37, 0xA8, 0xFE, 0xFC, 0x37, 0xA8, 0xFE, 0xFC,
    0x38, 0xA9, 0xFF, 0xFC, 0x3A, 0xA9, 0xFF, 0xFC, 0x39, 0xA9, 0xFF, 0xFC, 0x39, 0xA9, 0xFF, 0xFC,
    0x3B, 0xA7, 0xFF, 0xFD, 0x47, 0xA8, 0xFD, 0xFD, 0x55, 0xB0, 0xFD, 0xFD, 0x44, 0xAB, 0xFE, 0xFD,
    0x44, 0xAB, 0xFE, 0xFD, 0x37, 0xA6, 0xFE, 0xFD, 0x37, 0xA8, 0xFE, 0xFD, 0x38, 0xA6, 0xFD, 0xFD,
    0x38, 0xA6, 0xFD, 0xFD, 0x3C, 0xA8, 0xFE, 0xFD, 0x40, 0xAB, 0xFE, 0xFD, 0x40, 0xAA, 0xFE, 0xFD,
    0x40, 0xAA, 0xFE, 0xFD, 0x32, 0xA0, 0xFB, 0xFD, 0x29, 0x98, 0xF6, 0xFD, 0x34, 0xA0, 0xFB, 0xFD,
    0x34, 0xA0, 0xFB, 0xFD, 0x41, 0xA9, 0xFE, 0xFD, 0x43, 0xA8, 0xFD, 0xFD, 0x42, 0xAA, 0xFE, 0xFD,
    0x42, 0xAA, 0xFE, 0xFD, 0x40, 0xA8, 0xFE, 0xFD, 0x3E, 0xA9, 0xFE, 0xFD, 0x3C, 0xA7, 0xFD, 0xFD,
    0x3C, 0xA7, 0xFD, 0xFD, 0x3B, 0xA7, 0xFD, 0xFD, 0x39, 0xA9, 0xFE, 0xFD, 0x39, 0xA9, 0xFD, 0xFD,
    0x39, 0xA9, 0xFD, 0xFD, 0x39, 0xA7, 0xFD, 0xFD, 0x38, 0xA8, 0xFD, 0xFD, 0x35, 0xA8, 0xFD, 0xFD,
    0x35, 0xA8, 0xFD, 0xFD, 0x31, 0xA5, 0xFD, 0xFD, 0x30, 0xA4, 0xFD, 0xFD, 0x31, 0xA4, 0xFD, 0xFD,
    0x31, 0xA4, 0xFD, 0xFD, 0x32, 0xA3, 0xFE, 0xFD, 0x32, 0xA4, 0xFD, 0xFD, 0x33, 0xA3, 0xFD, 0xFD,
    0x33, 0xA3, 0xFD, 0xFD, 0x35, 0xA4, 0xFD, 0xFD, 0x36, 0xA3, 0xFE, 0xFD, 0x36, 0xA4, 0xFE, 0xFD,
    0x36, 0xA4, 0xFE, 0xFD, 0x35, 0xA4, 0xFE, 0xFD, 0x36, 0xA2, 0xFE, 0xFD, 0x37, 0xA3, 0xFE, 0xFD,
    0x37, 0xA3, 0xFE, 0xFD, 0x35, 0x9F, 0xFE, 0xFC, 0x2A, 0x92, 0xF8, 0xFC, 0x19, 0x80, 0xEF, 0xFD,
    0x19, 0x80, 0xEF, 0xFD, 0x22, 0x84, 0xF5, 0xFC, 0x0B, 0x3F, 0x9D, 0xF7, 0x0C, 0x37, 0x7C, 0xFE,
    0x4B, 0x9A, 0xDD, 0x88, 0x4B, 0x9A, 0xDD, 0x88, 0x34, 0x82, 0xCB, 0x26, 0x38, 0x86, 0xD1, 0x08,
    0x3A, 0x85, 0xCF, 0x02, 0x3A, 0x85, 0xCF, 0x02, 0x3A, 0x85, 0xCE, 0x01, 0x39, 0x83, 0xCD, 0x01,
    0x00, 0x00, 0x00, 0x00, 0x00, 0x00, 0x00, 0x00, 0x00, 0x00, 0x00, 0x00, 0x00, 0x00, 0x00, 0x00,
    0x00, 0x00, 0x00, 0x00, 0x00, 0x00, 0x00, 0x00, 0x00, 0x00, 0x00, 0x00, 0x00, 0x00, 0x00, 0x00,
    0x00, 0x00, 0x00, 0x00, 0x00, 0x00, 0x00, 0x00, 0x00, 0x00, 0x00, 0x00, 0x00, 0x00, 0x00, 0x00,
    0x00, 0x00, 0x00, 0x00, 0x00, 0x00, 0x00, 0x00, 0x00, 0x00, 0x00, 0x00, 0x00, 0x00, 0x00, 0x00,
    0x00, 0x00, 0x00, 0x00, 0x00, 0x00, 0x00, 0x00, 0x00, 0x00, 0x00, 0x00, 0x00, 0x00, 0x00, 0x00,
    0x00, 0x00, 0x00, 0x00, 0x00, 0x00, 0x00, 0x00, 0x00, 0x00, 0x00, 0x00, 0x00, 0x00, 0x00, 0x00,
    0x00, 0x00, 0x00, 0x00, 0x00, 0x00, 0x00, 0x00, 0x00, 0x00, 0x00, 0x00, 0x00, 0x00, 0x00, 0x00,
    0x00, 0x00, 0x00, 0x00, 0x00, 0x00, 0x00, 0x00, 0x00, 0x00, 0x00, 0x00, 0x00, 0x00, 0x00, 0x00,
    0x00, 0x00, 0x00, 0x00, 0x00, 0x00, 0x00, 0x00, 0x00, 0x00, 0x00, 0x00, 0x00, 0x00, 0x00, 0x00,
    0x00, 0x00, 0x00, 0x00, 0x00, 0x00, 0x00, 0x00, 0x00, 0x00, 0x00, 0x00, 0x00, 0x00, 0x00, 0x00,
    0x00, 0x00, 0x00, 0x00, 0x3D, 0x80, 0xC4, 0x01, 0x00, 0x00, 0x00, 0x00, 0x00, 0x00, 0x00, 0x00,
    0x39, 0x81, 0xC6, 0x09, 0x3A, 0x85, 0xCA, 0x35, 0x02, 0x1E, 0x42, 0xDA, 0x02, 0x1E, 0x42, 0xDA,
    0x10, 0x4E, 0x87, 0xFB, 0x21, 0x93, 0xF0, 0xF7, 0x21, 0x94, 0xF7, 0xFA, 0x21, 0x94, 0xF7, 0xFA,
    0x2F, 0xA3, 0xFE, 0xFA, 0x34, 0xA4, 0xFE, 0xFB, 0x34, 0xA7, 0xFD, 0xFB, 0x34, 0xA7, 0xFD, 0xFB,
    0x35, 0xA7, 0xFD, 0xFC, 0x37, 0xA9, 0xFE, 0xFB, 0x38, 0xA9, 0xFE, 0xFC, 0x38, 0xA9, 0xFE, 0xFC,
    0x39, 0xAA, 0xFF, 0xFC, 0x3B, 0xA9, 0xFF, 0xFC, 0x3A, 0xA9, 0xFF, 0xFC, 0x3A, 0xA9, 0xFF, 0xFC,
    0x42, 0xA7, 0xFE, 0xFD, 0x79, 0xC0, 0xFB, 0xFD, 0xA0, 0xDA, 0xFF, 0xFD, 0x5B, 0xB7, 0xFD, 0xFD,
    0x5B, 0xB7, 0xFD, 0xFD, 0x36, 0xA5, 0xFD, 0xFD, 0x34, 0xA7, 0xFE, 0xFD, 0x36, 0xA7, 0xFE, 0xFD,
    0x36, 0xA7, 0xFE, 0xFD, 0x38, 0xA9, 0xFE, 0xFD, 0x3A, 0xA9, 0xFE, 0xFD, 0x3B, 0xA9, 0xFE, 0xFD,
    0x3B, 0xA9, 0xFE, 0xFD, 0x38, 0xA6, 0xFE, 0xFD, 0x37, 0xA4, 0xFD, 0xFD, 0x3B, 0xA7, 0xFD, 0xFD,
    0x3B, 0xA7, 0xFD, 0xFD, 0x40, 0xA9, 0xFE, 0xFD, 0x41, 0xA8, 0xFD, 0xFD, 0x40, 0xA9, 0xFE, 0xFD,
    0x40, 0xA9, 0xFE, 0xFD, 0x3F, 0xA9, 0xFE, 0xFD, 0x3E, 0xAA, 0xFD, 0xFD, 0x3C, 0xA8, 0xFD, 0xFD,
    0x3C, 0xA8, 0xFD, 0xFD, 0x3B, 0xA8, 0xFD, 0xFD, 0x3A, 0xA9, 0xFD, 0xFD, 0x41, 0xAD, 0xFD, 0xFD,
    0x41, 0xAD, 0xFD, 0xFD, 0x57, 0xB6, 0xFC, 0xFD, 0x59, 0xB6, 0xFC, 0xFD, 0x3D, 0xAB, 0xFD, 0xFD,
    0x3D, 0xAB, 0xFD, 0xFD, 0x32, 0xA6, 0xFD, 0xFD, 0x2E, 0xA4, 0xFD, 0xFD, 0x30, 0xA4, 0xFD, 0xFD,
    0x30, 0xA4, 0xFD, 0xFD, 0x31, 0xA3, 0xFD, 0xFD, 0x31, 0xA4, 0xFD, 0xFD, 0x33, 0xA4, 0xFD, 0xFD,
    0x33, 0xA4, 0xFD, 0xFD, 0x34, 0xA4, 0xFD, 0xFD, 0x36, 0xA4, 0xFE, 0xFD, 0x36, 0xA4, 0xFE, 0xFD,
    0x36, 0xA4, 0xFE, 0xFD, 0x36, 0xA4, 0xFE, 0xFD, 0x37, 0xA4, 0xFE, 0xFD, 0x36, 0xA3, 0xFE, 0xFD,
    0x36, 0xA3, 0xFE, 0xFD, 0x35, 0xA0, 0xFE, 0xFC, 0x2A, 0x94, 0xFA, 0xFC, 0x1C, 0x88, 0xF5, 0xFC,
    0x1C, 0x88, 0xF5, 0xFC, 0x18, 0x81, 0xF1, 0xFC, 0x1D, 0x76, 0xDE, 0xF8, 0x08, 0x41, 0x91, 0xFB,
    0x31, 0x77, 0xB9, 0xCB, 0x31, 0x77, 0xB9, 0xCB, 0x39, 0x88, 0xCF, 0x3D, 0x38, 0x89, 0xD3, 0x04,
    0x37, 0x82, 0xCE, 0x04, 0x37, 0x82, 0xCE, 0x04, 0x3A, 0x84, 0xCE, 0x01, 0x39, 0x83, 0xCD, 0x01,
    0x00, 0x00, 0x00, 0x00, 0x00, 0x00, 0x00, 0x00, 0x00, 0x00, 0x00, 0x00, 0x00, 0x00, 0x00, 0x00,
    0x00, 0x00, 0x00, 0x00, 0x00, 0x00, 0x00, 0x00, 0x00, 0x00, 0x00, 0x00, 0x00, 0x00, 0x00, 0x00,
    0x00, 0x00, 0x00, 0x00, 0x00, 0x00, 0x00, 0x00, 0x00, 0x00, 0x00, 0x00, 0x00, 0x00, 0x00, 0x00,
    0x00, 0x00, 0x00, 0x00, 0x00, 0x00, 0x00, 0x00, 0x00, 0x00, 0x00, 0x00, 0x00, 0x00, 0x00, 0x00,
    0x00, 0x00, 0x00, 0x00, 0x00, 0x00, 0x00, 0x00, 0x00, 0x00, 0x00, 0x00, 0x00, 0x00, 0x00, 0x00,
    0x00, 0x00, 0x00, 0x00, 0x00, 0x00, 0x00, 0x00, 0x00, 0x00, 0x00, 0x00, 0x00, 0x00, 0x00, 0x00,
    0x00, 0x00, 0x00, 0x00, 0x00, 0x00, 0x00, 0x00, 0x00, 0x00, 0x00, 0x00, 0x00, 0x00, 0x00, 0x00,
    0x00, 0x00, 0x00, 0x00, 0x00, 0x00, 0x00, 0x00, 0x00, 0x00, 0x00, 0x00, 0x00, 0x00, 0x00, 0x00,
    0x00, 0x00, 0x00, 0x00, 0x00, 0x00, 0x00, 0x00, 0x00, 0x00, 0x00, 0x00, 0x00, 0x00, 0x00, 0x00,
    0x00, 0x00, 0x00, 0x00, 0x00, 0x00, 0x00, 0x00, 0x00, 0x00, 0x00, 0x00, 0x00, 0x00, 0x00, 0x00,
    0x00, 0x00, 0x00, 0x00, 0x3D, 0x80, 0xC4, 0x02, 0x3E, 0x80, 0xC5, 0x02, 0x3E, 0x80, 0xC5, 0x02,
    0x35, 0x7C, 0xC4, 0x07, 0x39, 0x87, 0xCE, 0x5F, 0x03, 0x20, 0x4F, 0xD8, 0x03, 0x20, 0x4F, 0xD8,
    0x06, 0x37, 0x7B, 0xF8, 0x21, 0x8D, 0xEE, 0xF9, 0x28, 0x99, 0xF9, 0xFB, 0x28, 0x99, 0xF9, 0xFB,
    0x32, 0xA1, 0xFD, 0xFB, 0x37, 0xA4, 0xFD, 0xFB, 0x38, 0xA7, 0xFD, 0xFB, 0x38, 0xA7, 0xFD, 0xFB,
    0x38, 0xA7, 0xFD, 0xFC, 0x39, 0xA8, 0xFE, 0xFC, 0x3A, 0xAA, 0xFE, 0xFC, 0x3A, 0xAA, 0xFE, 0xFC,
    0x3A, 0xAB, 0xFF, 0xFC, 0x3B, 0xAA, 0xFF, 0xFC, 0x3B, 0xA9, 0xFF, 0xFC, 0x3B, 0xA9, 0xFF, 0xFC,
    0x4B, 0xA7, 0xFE, 0xFD, 0x8E, 0xD0, 0xFE, 0xFD, 0xA9, 0xE0, 0xFF, 0xFD, 0x5E, 0xB8, 0xFD, 0xFD,
    0x5E, 0xB8, 0xFD, 0xFD, 0x34, 0xA3, 0xFC, 0xFD, 0x33, 0xA6, 0xFE, 0xFD, 0x34, 0xA6, 0xFE, 0xFD,
    0x34, 0xA6, 0xFE, 0xFD, 0x37, 0xA7, 0xFE, 0xFD, 0x37, 0xA7, 0xFE, 0xFD, 0x39, 0xA7, 0xFE, 0xFD,
    0x39, 0xA7, 0xFE, 0xFD, 0x3A, 0xA6, 0xFE, 0xFD, 0x3C, 0xA7, 0xFE, 0xFD, 0x3D, 0xA7, 0xFD, 0xFD,
    0x3D, 0xA7, 0xFD, 0xFD, 0x3E, 0xA7, 0xFD, 0xFD, 0x3F, 0xA8, 0xFD, 0xFD, 0x3E, 0xA9, 0xFE, 0xFD,
    0x3E, 0xA9, 0xFE, 0xFD, 0x3D, 0xA8, 0xFE, 0xFD, 0x3D, 0xA9, 0xFD, 0xFD, 0x3C, 0xA8, 0xFD, 0xFD,
    0x3C, 0xA8, 0xFD, 0xFD, 0x3A, 0xA7, 0xFD, 0xFD, 0x3B, 0xA8, 0xFD, 0xFD, 0x4E, 0xB0, 0xFB, 0xFD,
    0x4E, 0xB0, 0xFB, 0xFD, 0x95, 0xD3, 0xFB, 0xFD, 0xA4, 0xDA, 0xFD, 0xFD, 0x54, 0xB6, 0xFC, 0xFD,
    0x54, 0xB6, 0xFC, 0xFD, 0x30, 0xA5, 0xFD, 0xFD, 0x2D, 0xA3, 0xFC, 0xFD, 0x2F, 0xA3, 0xFD, 0xFD,
    0x2F, 0xA3, 0xFD, 0xFD, 0x31, 0xA3, 0xFD, 0xFD, 0x32, 0xA4, 0xFD, 0xFD, 0x34, 0xA4, 0xFE, 0xFD,
    0x34, 0xA4, 0xFE, 0xFD, 0x35, 0xA4, 0xFD, 0xFD, 0x36, 0xA4, 0xFD, 0xFD, 0x35, 0xA4, 0xFE, 0xFD,
    0x35, 0xA4, 0xFE, 0xFD, 0x36, 0xA5, 0xFE, 0xFD, 0x37, 0xA5, 0xFE, 0xFD, 0x36, 0xA3, 0xFE, 0xFD,
    0x36, 0xA3, 0xFE, 0xFD, 0x32, 0x9E, 0xFD, 0xFC, 0x29, 0x95, 0xFA, 0xFC, 0x1D, 0x88, 0xF6, 0xFC,
    0x1D, 0x88, 0xF6, 0xFC, 0x12, 0x77, 0xEA, 0xFC, 0x1B, 0x83, 0xF3, 0xFB, 0x09, 0x50, 0xB3, 0xFC,
    0x02, 0x20, 0x66, 0xF3, 0x02, 0x20, 0x66, 0xF3, 0x32, 0x73, 0xB6, 0x6C, 0x39, 0x8A, 0xD5, 0x05,
    0x34, 0x80, 0xCE, 0x06, 0x34, 0x80, 0xCE, 0x06, 0x38, 0x83, 0xCF, 0x01, 0x38, 0x83, 0xCE, 0x01,
    0x00, 0x00, 0x00, 0x00, 0x00, 0x00, 0x00, 0x00, 0x00, 0x00, 0x00, 0x00, 0x00, 0x00, 0x00, 0x00,
    0x00, 0x00, 0x00, 0x00, 0x00, 0x00, 0x00, 0x00, 0x00, 0x00, 0x00, 0x00, 0x00, 0x00, 0x00, 0x00,
    0x00, 0x00, 0x00, 0x00, 0x00, 0x00, 0x00, 0x00, 0x00, 0x00, 0x00, 0x00, 0x00, 0x00, 0x00, 0x00,
    0x00, 0x00, 0x00, 0x00, 0x00, 0x00, 0x00, 0x00, 0x00, 0x00, 0x00, 0x00, 0x00, 0x00, 0x00, 0x00,
    0x00, 0x00, 0x00, 0x00, 0x00, 0x00, 0x00, 0x00, 0x00, 0x00, 0x00, 0x00, 0x00, 0x00, 0x00, 0x00,
    0x00, 0x00, 0x00, 0x00, 0x00, 0x00, 0x00, 0x00, 0x00, 0x00, 0x00, 0x00, 0x00, 0x00, 0x00, 0x00,
    0x00, 0x00, 0x00, 0x00, 0x00, 0x00, 0x00, 0x00, 0x00, 0x00, 0x00, 0x00, 0x00, 0x00, 0x00, 0x00,
    0x00, 0x00, 0x00, 0x00, 0x00, 0x00, 0x00, 0x00, 0x00, 0x00, 0x00, 0x00, 0x00, 0x00, 0x00, 0x00,
    0x00, 0x00, 0x00, 0x00, 0x00, 0x00, 0x00, 0x00, 0x00, 0x00, 0x00, 0x00, 0x00, 0x00, 0x00, 0x00,
    0x00, 0x00, 0x00, 0x00, 0x00, 0x00, 0x00, 0x00, 0x00, 0x00, 0x00, 0x00, 0x00, 0x00, 0x00, 0x00,
    0x00, 0x00, 0x00, 0x00, 0x3D, 0x81, 0xC4, 0x01, 0x3E, 0x81, 0xC7, 0x05, 0x3E, 0x81, 0xC7, 0x05,
    0x36, 0x7E, 0xC7, 0x05, 0x34, 0x82, 0xC5, 0x97, 0x14, 0x50, 0x90, 0xFA, 0x14, 0x50, 0x90, 0xFA,
    0x05, 0x39, 0x92, 0xF3, 0x26, 0x97, 0xF6, 0xFA, 0x2C, 0x9F, 0xFC, 0xFB, 0x2C, 0x9F, 0xFC, 0xFB,
    0x34, 0xA3, 0xFD, 0xFB, 0x38, 0xA4, 0xFE, 0xFB, 0x3A, 0xA7, 0xFE, 0xFB, 0x3A, 0xA7, 0xFE, 0xFB,
    0x3A, 0xA7, 0xFE, 0xFC, 0x3B, 0xA9, 0xFE, 0xFC, 0x3C, 0xAA, 0xFE, 0xFC, 0x3C, 0xAA, 0xFE, 0xFC,
    0x3D, 0xAA, 0xFE, 0xFC, 0x3F, 0xAB, 0xFD, 0xFC, 0x43, 0xAF, 0xFC, 0xFC, 0x43, 0xAF, 0xFC, 0xFC,
    0x4A, 0xAA, 0xFC, 0xFD, 0x60, 0xB4, 0xFC, 0xFD, 0x60, 0xB5, 0xFD, 0xFD, 0x44, 0xAD, 0xFD, 0xFD,
    0x44, 0xAD, 0xFD, 0xFD, 0x34, 0xA5, 0xFD, 0xFD, 0x32, 0xA6, 0xFE, 0xFD, 0x32, 0xA5, 0xFE, 0xFD,
    0x32, 0xA5, 0xFE, 0xFD, 0x35, 0xA6, 0xFE, 0xFD, 0x35, 0xA6, 0xFE, 0xFD, 0x37, 0xA7, 0xFE, 0xFD,
    0x37, 0xA7, 0xFE, 0xFD, 0x38, 0xA5, 0xFE, 0xFD, 0x3A, 0xA6, 0xFE, 0xFD, 0x3B, 0xA7, 0xFE, 0xFD,
    0x3B, 0xA7, 0xFE, 0xFD, 0x3C, 0xA7, 0xFD, 0xFD, 0x3D, 0xA7, 0xFD, 0xFD, 0x3D, 0xA8, 0xFD, 0xFD,
    0x3D, 0xA8, 0xFD, 0xFD, 0x3D, 0xA7, 0xFD, 0xFD, 0x3D, 0xA8, 0xFD, 0xFD, 0x3B, 0xA7, 0xFD, 0xFD,
    0x3B, 0xA7, 0xFD, 0xFD, 0x3A, 0xA8, 0xFD, 0xFD, 0x3C, 0xA8, 0xFD, 0xFD, 0x4B, 0xAF, 0xFC, 0xFD,
    0x4B, 0xAF, 0xFC, 0xFD, 0x90, 0xD3, 0xFC, 0xFD, 0xAD, 0xE1, 0xFD, 0xFD, 0x5E, 0xBA, 0xFC, 0xFD,
    0x5E, 0xBA, 0xFC, 0xFD, 0x30, 0xA6, 0xFD, 0xFD, 0x2D, 0xA5, 0xFD, 0xFD, 0x2F, 0xA4, 0xFD, 0xFD,
    0x2F, 0xA4, 0xFD, 0xFD, 0x31, 0xA3, 0xFD, 0xFD, 0x34, 0xA5, 0xFE, 0xFD, 0x35, 0xA5, 0xFE, 0xFD,
    0x35, 0xA5, 0xFE, 0xFD, 0x37, 0xA6, 0xFE, 0xFD, 0x36, 0xA5, 0xFE, 0xFD, 0x36, 0xA5, 0xFE, 0xFD,
    0x36, 0xA5, 0xFE, 0xFD, 0x37, 0xA5, 0xFE, 0xFD, 0x37, 0xA4, 0xFE, 0xFD, 0x36, 0xA3, 0xFE, 0xFD,
    0x36, 0xA3, 0xFE, 0xFD, 0x32, 0x9F, 0xFE, 0xFC, 0x28, 0x95, 0xFA, 0xFC, 0x1F, 0x8A, 0xF6, 0xFC,
    0x1F, 0x8A, 0xF6, 0xFC, 0x13, 0x7B, 0xEC, 0xFC, 0x19, 0x89, 0xF4, 0xFC, 0x0C, 0x64, 0xD2, 0xF9,
    0x02, 0x20, 0x66, 0xF8, 0x02, 0x20, 0x66, 0xF8, 0x2C, 0x5B, 0x92, 0xCE, 0x3E, 0x88, 0xCC, 0x1E,
    0x33, 0x81, 0xCF, 0x04, 0x33, 0x81, 0xCF, 0x04, 0x35, 0x82, 0xCE, 0x01, 0x37, 0x83, 0xCE, 0x01,
    0x38, 0x83, 0xCD, 0x01, 0x38, 0x83, 0xCD, 0x01, 0x3B, 0x84, 0xCC, 0x01, 0x00, 0x00, 0x00, 0x00,
    0x00, 0x00, 0x00, 0x00, 0x00, 0x00, 0x00, 0x00, 0x00, 0x00, 0x00, 0x00, 0x00, 0x00, 0x00, 0x00,
    0x00, 0x00, 0x00, 0x00, 0x00, 0x00, 0x00, 0x00, 0x00, 0x00, 0x00, 0x00, 0x00, 0x00, 0x00, 0x00,
    0x00, 0x00, 0x00, 0x00, 0x00, 0x00, 0x00, 0x00, 0x00, 0x00, 0x00, 0x00, 0x00, 0x00, 0x00, 0x00,
    0x00, 0x00, 0x00, 0x00, 0x00, 0x00, 0x00, 0x00, 0x00, 0x00, 0x00, 0x00, 0x00, 0x00, 0x00, 0x00,
    0x00, 0x00, 0x00, 0x00, 0x00, 0x00, 0x00, 0x00, 0x00, 0x00, 0x00, 0x00, 0x00, 0x00, 0x00, 0x00,
    0x00, 0x00, 0x00, 0x00, 0x00, 0x00, 0x00, 0x00, 0x00, 0x00, 0x00, 0x00, 0x00, 0x00, 0x00, 0x00,
    0x00, 0x00, 0x00, 0x00, 0x00, 0x00, 0x00, 0x00, 0x00, 0x00, 0x00, 0x00, 0x00, 0x00, 0x00, 0x00,
    0x00, 0x00, 0x00, 0x00, 0x00, 0x00, 0x00, 0x00, 0x00, 0x00, 0x00, 0x00, 0x00, 0x00, 0x00, 0x00,
    0x00, 0x00, 0x00, 0x00, 0x00, 0x00, 0x00, 0x00, 0x00, 0x00, 0x00, 0x00, 0x00, 0x00, 0x00, 0x00,
    0x00, 0x00, 0x00, 0x00, 0x3D, 0x81, 0xC4, 0x01, 0x3E, 0x81, 0xC7, 0x05, 0x3E, 0x81, 0xC7, 0x05,
    0x36, 0x7E, 0xC7, 0x05, 0x34, 0x82, 0xC5, 0x97, 0x14, 0x50, 0x90, 0xFA, 0x14, 0x50, 0x90, 0xFA,
    0x05, 0x39, 0x92, 0xF3, 0x26, 0x97, 0xF6, 0xFA, 0x2C, 0x9F, 0xFC, 0xFB, 0x2C, 0x9F, 0xFC, 0xFB,
    0x34, 0xA3, 0xFD, 0xFB, 0x38, 0xA4, 0xFE, 0xFB, 0x3A, 0xA7, 0xFE, 0xFB, 0x3A, 0xA7, 0xFE, 0xFB,
    0x3A, 0xA7, 0xFE, 0xFC, 0x3B, 0xA9, 0xFE, 0xFC, 0x3C, 0xAA, 0xFE, 0xFC, 0x3C, 0xAA, 0xFE, 0xFC,
    0x3D, 0xAA, 0xFE, 0xFC, 0x3F, 0xAB, 0xFD, 0xFC, 0x43, 0xAF, 0xFC, 0xFC, 0x43, 0xAF, 0xFC, 0xFC,
    0x4A, 0xAA, 0xFC, 0xFD, 0x60, 0xB4, 0xFC, 0xFD, 0x60, 0xB5, 0xFD, 0xFD, 0x44, 0xAD, 0xFD, 0xFD,
    0x44, 0xAD, 0xFD, 0xFD, 0x34, 0xA5, 0xFD, 0xFD, 0x32, 0xA6, 0xFE, 0xFD, 0x32, 0xA5, 0xFE, 0xFD,
    0x32, 0xA5, 0xFE, 0xFD, 0x35, 0xA6, 0xFE, 0xFD, 0x35, 0xA6, 0xFE, 0xFD, 0x37, 0xA7, 0xFE, 0xFD,
    0x37, 0xA7, 0xFE, 0xFD, 0x38, 0xA5, 0xFE, 0xFD, 0x3A, 0xA6, 0xFE, 0xFD, 0x3B, 0xA7, 0xFE, 0xFD,
    0x3B, 0xA7, 0xFE, 0xFD, 0x3C, 0xA7, 0xFD, 0xFD, 0x3D, 0xA7, 0xFD, 0xFD, 0x3D, 0xA8, 0xFD, 0xFD,
    0x3D, 0xA8, 0xFD, 0xFD, 0x3D, 0xA7, 0xFD, 0xFD, 0x3D, 0xA8, 0xFD, 0xFD, 0x3B, 0xA7, 0xFD, 0xFD,
    0x3B, 0xA7, 0xFD, 0xFD, 0x3A, 0xA8, 0xFD, 0xFD, 0x3C, 0xA8, 0xFD, 0xFD, 0x4B, 0xAF, 0xFC, 0xFD,
    0x4B, 0xAF, 0xFC, 0xFD, 0x90, 0xD3, 0xFC, 0xFD, 0xAD, 0xE1, 0xFD, 0xFD, 0x5E, 0xBA, 0xFC, 0xFD,
    0x5E, 0xBA, 0xFC, 0xFD, 0x30, 0xA6, 0xFD, 0xFD, 0x2D, 0xA5, 0xFD, 0xFD, 0x2F, 0xA4, 0xFD, 0xFD,
    0x2F, 0xA4, 0xFD, 0xFD, 0x31, 0xA3, 0xFD, 0xFD, 0x34, 0xA5, 0xFE, 0xFD, 0x35, 0xA5, 0xFE, 0xFD,
    0x35, 0xA5, 0xFE, 0xFD, 0x37, 0xA6, 0xFE, 0xFD, 0x36, 0xA5, 0xFE, 0xFD, 0x36, 0xA5, 0xFE, 0xFD,
    0x36, 0xA5, 0xFE, 0xFD, 0x37, 0xA5, 0xFE, 0xFD, 0x37, 0xA4, 0xFE, 0xFD, 0x36, 0xA3, 0xFE, 0xFD,
    0x36, 0xA3, 0xFE, 0xFD, 0x32, 0x9F, 0xFE, 0xFC, 0x28, 0x95, 0xFA, 0xFC, 0x1F, 0x8A, 0xF6, 0xFC,
    0x1F, 0x8A, 0xF6, 0xFC, 0x13, 0x7B, 0xEC, 0xFC, 0x19, 0x89, 0xF4, 0xFC, 0x0C, 0x64, 0xD2, 0xF9,
    0x02, 0x20, 0x66, 0xF8, 0x02, 0x20, 0x66, 0xF8, 0x2C, 0x5B, 0x92, 0xCE, 0x3E, 0x88, 0xCC, 0x1E,
    0x33, 0x81, 0xCF, 0x04, 0x33, 0x81, 0xCF, 0x04, 0x35, 0x82, 0xCE, 0x01, 0x37, 0x83, 0xCE, 0x01,
    0x38, 0x83, 0xCD, 0x01, 0x38, 0x83, 0xCD, 0x01, 0x3B, 0x84, 0xCC, 0x01, 0x00, 0x00, 0x00, 0x00,
    0x00, 0x00, 0x00, 0x00, 0x00, 0x00, 0x00, 0x00, 0x00, 0x00, 0x00, 0x00, 0x00, 0x00, 0x00, 0x00,
    0x00, 0x00, 0x00, 0x00, 0x00, 0x00, 0x00, 0x00, 0x00, 0x00, 0x00, 0x00, 0x00, 0x00, 0x00, 0x00,
    0x00, 0x00, 0x00, 0x00, 0x00, 0x00, 0x00, 0x00, 0x00, 0x00, 0x00, 0x00, 0x00, 0x00, 0x00, 0x00,
    0x00, 0x00, 0x00, 0x00, 0x00, 0x00, 0x00, 0x00, 0x00, 0x00, 0x00, 0x00, 0x00, 0x00, 0x00, 0x00,
    0x00, 0x00, 0x00, 0x00, 0x00, 0x00, 0x00, 0x00, 0x00, 0x00, 0x00, 0x00, 0x00, 0x00, 0x00, 0x00,
    0x00, 0x00, 0x00, 0x00, 0x00, 0x00, 0x00, 0x00, 0x00, 0x00, 0x00, 0x00, 0x00, 0x00, 0x00, 0x00,
    0x00, 0x00, 0x00, 0x00, 0x00, 0x00, 0x00, 0x00, 0x00, 0x00, 0x00, 0x00, 0x00, 0x00, 0x00, 0x00,
    0x00, 0x00, 0x00, 0x00, 0x00, 0x00, 0x00, 0x00, 0x00, 0x00, 0x00, 0x00, 0x00, 0x00, 0x00, 0x00,
    0x00, 0x00, 0x00, 0x00, 0x00, 0x00, 0x00, 0x00, 0x00, 0x00, 0x00, 0x00, 0x00, 0x00, 0x00, 0x00,
    0x3E, 0x81, 0xC5, 0x01, 0x3C, 0x81, 0xC4, 0x01, 0x3A, 0x81, 0xC6, 0x07, 0x3A, 0x81, 0xC6, 0x07,
    0x41, 0x86, 0xC9, 0x08, 0x0C, 0x3B, 0x72, 0xA5, 0x1B, 0x6B, 0xB8, 0xFB, 0x1B, 0x6B, 0xB8, 0xFB,
    0x19, 0x80, 0xE3, 0xF4, 0x25, 0x97, 0xF8, 0xFB, 0x2E, 0x9D, 0xFB, 0xFB, 0x2E, 0x9D, 0xFB, 0xFB,
    0x37, 0xA3, 0xFD, 0xFB, 0x39, 0xA5, 0xFE, 0xFB, 0x3B, 0xA7, 0xFE, 0xFB, 0x3B, 0xA7, 0xFE, 0xFB,
    0x3C, 0xA8, 0xFE, 0xFC, 0x3D, 0xA9, 0xFE, 0xFC, 0x3E, 0xA9, 0xFE, 0xFC, 0x3E, 0xA9, 0xFE, 0xFC,
    0x40, 0xA9, 0xFD, 0xFC, 0x41, 0xA7, 0xFB, 0xFC, 0x48, 0xAC, 0xF9, 0xFC, 0x48, 0xAC, 0xF9, 0xFC,
    0x4D, 0xAF, 0xFA, 0xFD, 0x49, 0xAB, 0xFB, 0xFD, 0x42, 0xA9, 0xFC, 0xFD, 0x3B, 0xAB, 0xFD, 0xFD,
    0x3B, 0xAB, 0xFD, 0xFD, 0x34, 0xA7, 0xFD, 0xFD, 0x32, 0xA5, 0xFE, 0xFD, 0x31, 0xA5, 0xFE, 0xFD,
    0x31, 0xA5, 0xFE, 0xFD, 0x32, 0xA6, 0xFE, 0xFD, 0x33, 0xA4, 0xFE, 0xFD, 0x34, 0xA4, 0xFD, 0xFD,
    0x34, 0xA4, 0xFD, 0xFD, 0x37, 0xA4, 0xFD, 0xFD, 0x38, 0xA3, 0xFD, 0xFD, 0x3A, 0xA4, 0xFD, 0xFD,
    0x3A, 0xA4, 0xFD, 0xFD, 0x3B, 0xA5, 0xFD, 0xFD, 0x3C, 0xA5, 0xFC, 0xFD, 0x3C, 0xA6, 0xFC, 0xFD,
    0x3C, 0xA6, 0xFC, 0xFD, 0x3C, 0xA6, 0xFD, 0xFD, 0x3B, 0xA7, 0xFC, 0xFD, 0x3B, 0xA7, 0xFC, 0xFD,
    0x3B, 0xA7, 0xFC, 0xFD, 0x3B, 0xA8, 0xFD, 0xFD, 0x3C, 0xA9, 0xFD, 0xFD, 0x42, 0xAA, 0xFD, 0xFD,
    0x42, 0xAA, 0xFD, 0xFD, 0x5B, 0xB6, 0xFB, 0xFD, 0x71, 0xC1, 0xFC, 0xFD, 0x53, 0xB5, 0xFD, 0xFD,
    0x53, 0xB5, 0xFD, 0xFD, 0x37, 0xA9, 0xFD, 0xFD, 0x2F, 0xA4, 0xFD, 0xFD, 0x31, 0xA5, 0xFD, 0xFD,
    0x31, 0xA5, 0xFD, 0xFD, 0x33, 0xA5, 0xFD, 0xFD, 0x35, 0xA6, 0xFE, 0xFD, 0x37, 0xA6, 0xFE, 0xFD,
    0x37, 0xA6, 0xFE, 0xFD, 0x38, 0xA7, 0xFE, 0xFD, 0x38, 0xA6, 0xFE, 0xFD, 0x38, 0xA6, 0xFF, 0xFD,
    0x38, 0xA6, 0xFF, 0xFD, 0x37, 0xA4, 0xFE, 0xFD, 0x36, 0xA3, 0xFE, 0xFD, 0x34, 0xA2, 0xFE, 0xFD,
    0x34, 0xA2, 0xFE, 0xFD, 0x30, 0xA0, 0xFE, 0xFD, 0x26, 0x93, 0xF9, 0xFC, 0x1B, 0x86, 0xF2, 0xFC,
    0x1B, 0x86, 0xF2, 0xFC, 0x17, 0x81, 0xF0, 0xFC, 0x10, 0x79, 0xEC, 0xFC, 0x0C, 0x64, 0xD7, 0xFA,
    0x03, 0x2A, 0x7F, 0xFA, 0x03, 0x2A, 0x7F, 0xFA, 0x13, 0x33, 0x6C, 0xE2, 0x3E, 0x82, 0xC3, 0x28,
    0x32, 0x83, 0xD0, 0x02, 0x32, 0x83, 0xD0, 0x02, 0x33, 0x82, 0xCE, 0x04, 0x36, 0x82, 0xCE, 0x01,
    0x38, 0x84, 0xCE, 0x01, 0x38, 0x84, 0xCE, 0x01, 0x3B, 0x84, 0xCC, 0x01, 0x3D, 0x85, 0xCC, 0x01,
    0x3D, 0x85, 0xCC, 0x01, 0x3D, 0x85, 0xCC, 0x01, 0x3D, 0x85, 0xCB, 0x01, 0x00, 0x00, 0x00, 0x00,
    0x00, 0x00, 0x00, 0x00, 0x00, 0x00, 0x00, 0x00, 0x00, 0x00, 0x00, 0x00, 0x00, 0x00, 0x00, 0x00,
    0x00, 0x00, 0x00, 0x00, 0x00, 0x00, 0x00, 0x00, 0x00, 0x00, 0x00, 0x00, 0x00, 0x00, 0x00, 0x00,
    0x00, 0x00, 0x00, 0x00, 0x00, 0x00, 0x00, 0x00, 0x00, 0x00, 0x00, 0x00, 0x00, 0x00, 0x00, 0x00,
    0x00, 0x00, 0x00, 0x00, 0x00, 0x00, 0x00, 0x00, 0x00, 0x00, 0x00, 0x00, 0x00, 0x00, 0x00, 0x00,
    0x00, 0x00, 0x00, 0x00, 0x00, 0x00, 0x00, 0x00, 0x00, 0x00, 0x00, 0x00, 0x00, 0x00, 0x00, 0x00,
    0x00, 0x00, 0x00, 0x00, 0x00, 0x00, 0x00, 0x00, 0x00, 0x00, 0x00, 0x00, 0x00, 0x00, 0x00, 0x00,
    0x00, 0x00, 0x00, 0x00, 0x00, 0x00, 0x00, 0x00, 0x00, 0x00, 0x00, 0x00, 0x00, 0x00, 0x00, 0x00,
    0x00, 0x00, 0x00, 0x00, 0x00, 0x00, 0x00, 0x00, 0x00, 0x00, 0x00, 0x00, 0x00, 0x00, 0x00, 0x00,
    0x3E, 0x81, 0xC5, 0x01, 0x3B, 0x81, 0xC5, 0x02, 0x3C, 0x86, 0xCC, 0x03, 0x3C, 0x86, 0xCC, 0x03,
    0x3E, 0x7E, 0xBB, 0x33, 0x01, 0x12, 0x33, 0xD5, 0x16, 0x6C, 0xC5, 0xF7, 0x16, 0x6C, 0xC5, 0xF7,
    0x20, 0x97, 0xFC, 0xF7, 0x27, 0x97, 0xFA, 0xFB, 0x34, 0x9E, 0xFA, 0xFB, 0x34, 0x9E, 0xFA, 0xFB,
    0x3B, 0xA4, 0xFB, 0xFB, 0x3B, 0xA5, 0xFD, 0xFB, 0x3C, 0xA8, 0xFE, 0xFB, 0x3C, 0xA8, 0xFE, 0xFB,
    0x3D, 0xA8, 0xFE, 0xFC, 0x3E, 0xA9, 0xFE, 0xFC, 0x3F, 0xAA, 0xFE, 0xFC, 0x3F, 0xAA, 0xFE, 0xFC,
    0x3E, 0xAA, 0xFD, 0xFC, 0x40, 0xA7, 0xFC, 0xFC, 0x4B, 0xB1, 0xFC, 0xFC, 0x4B, 0xB1, 0xFC, 0xFC,
    0x4C, 0xB4, 0xFC, 0xFD, 0x44, 0xAB, 0xFD, 0xFD, 0x3C, 0xA7, 0xFD, 0xFD, 0x36, 0xA7, 0xFD, 0xFD,
    0x36, 0xA7, 0xFD, 0xFD, 0x34, 0xA5, 0xFD, 0xFD, 0x34, 0xA6, 0xFD, 0xFD, 0x33, 0xA5, 0xFD, 0xFD,
    0x33, 0xA5, 0xFD, 0xFD, 0x32, 0xA4, 0xFD, 0xFD, 0x33, 0xA5, 0xFD, 0xFD, 0x34, 0xA5, 0xFE, 0xFD,
    0x34, 0xA5, 0xFE, 0xFD, 0x34, 0xA3, 0xFD, 0xFD, 0x36, 0xA5, 0xFD, 0xFD, 0x38, 0xA5, 0xFD, 0xFD,
    0x38, 0xA5, 0xFD, 0xFD, 0x39, 0xA5, 0xFD, 0xFD, 0x3B, 0xA5, 0xFC, 0xFD, 0x3B, 0xA6, 0xFC, 0xFD,
    0x3B, 0xA6, 0xFC, 0xFD, 0x3B, 0xA6, 0xFC, 0xFD, 0x3B, 0xA6, 0xFC, 0xFD, 0x3A, 0xA6, 0xFC, 0xFD,
    0x3A, 0xA6, 0xFC, 0xFD, 0x3B, 0xA6, 0xFC, 0xFD, 0x3B, 0xA8, 0xFC, 0xFD, 0x3F, 0xAC, 0xFD, 0xFD,
    0x3F, 0xAC, 0xFD, 0xFD, 0x47, 0xAE, 0xFC, 0xFD, 0x4F, 0xB2, 0xFC, 0xFD, 0x48, 0xAE, 0xFD, 0xFD,
    0x48, 0xAE, 0xFD, 0xFD, 0x38, 0xA9, 0xFD, 0xFD, 0x2F, 0xA4, 0xFC, 0xFD, 0x32, 0xA4, 0xFD, 0xFD,
    0x32, 0xA4, 0xFD, 0xFD, 0x35, 0xA5, 0xFE, 0xFD, 0x37, 0xA6, 0xFE, 0xFD, 0x38, 0xA6, 0xFE, 0xFD,
    0x38, 0xA6, 0xFE, 0xFD, 0x3A, 0xA7, 0xFE, 0xFD, 0x3A, 0xA6, 0xFF, 0xFD, 0x39, 0xA7, 0xFF, 0xFD,
    0x39, 0xA7, 0xFF, 0xFD, 0x36, 0xA4, 0xFE, 0xFD, 0x35, 0xA4, 0xFE, 0xFD, 0x32, 0xA1, 0xFE, 0xFD,
    0x32, 0xA1, 0xFE, 0xFD, 0x2F, 0xA0, 0xFE, 0xFC, 0x26, 0x95, 0xFB, 0xFC, 0x1A, 0x85, 0xF0, 0xFC,
    0x1A, 0x85, 0xF0, 0xFC, 0x18, 0x83, 0xEF, 0xFC, 0x12, 0x7D, 0xED, 0xFC, 0x11, 0x74, 0xE9, 0xFB,
    0x0C, 0x4D, 0xAA, 0xF8, 0x0C, 0x4D, 0xAA, 0xF8, 0x0A, 0x25, 0x58, 0xF0, 0x3D, 0x82, 0xC2, 0x48,
    0x31, 0x83, 0xD2, 0x01, 0x31, 0x83, 0xD2, 0x01, 0x32, 0x82, 0xCE, 0x04, 0x36, 0x83, 0xCF, 0x01,
    0x38, 0x85, 0xCF, 0x01, 0x38, 0x85, 0xCF, 0x01, 0x3B, 0x85, 0xCD, 0x01, 0x3D, 0x85, 0xCD, 0x01,
    0x3D, 0x85, 0xCC, 0x01, 0x3D, 0x85, 0xCC, 0x01, 0x3D, 0x85, 0xCB, 0x01, 0x3E, 0x84, 0xCA, 0x01,
    0x3E, 0x84, 0xC9, 0x01, 0x3E, 0x84, 0xC9, 0x01, 0x3E, 0x84, 0xC9, 0x01, 0x00, 0x00, 0x00, 0x00,
    0x00, 0x00, 0x00, 0x00, 0x00, 0x00, 0x00, 0x00, 0x00, 0x00, 0x00, 0x00, 0x00, 0x00, 0x00, 0x00,
    0x00, 0x00, 0x00, 0x00, 0x00, 0x00, 0x00, 0x00, 0x00, 0x00, 0x00, 0x00, 0x00, 0x00, 0x00, 0x00,
    0x00, 0x00, 0x00, 0x00, 0x00, 0x00, 0x00, 0x00, 0x00, 0x00, 0x00, 0x00, 0x00, 0x00, 0x00, 0x00,
    0x00, 0x00, 0x00, 0x00, 0x00, 0x00, 0x00, 0x00, 0x00, 0x00, 0x00, 0x00, 0x00, 0x00, 0x00, 0x00,
    0x00, 0x00, 0x00, 0x00, 0x00, 0x00, 0x00, 0x00, 0x00, 0x00, 0x00, 0x00, 0x00, 0x00, 0x00, 0x00,
    0x00, 0x00, 0x00, 0x00, 0x00, 0x00, 0x00, 0x00, 0x00, 0x00, 0x00, 0x00, 0x00, 0x00, 0x00, 0x00,
    0x00, 0x00, 0x00, 0x00, 0x00, 0x00, 0x00, 0x00, 0x00, 0x00, 0x00, 0x00, 0x00, 0x00, 0x00, 0x00,
    0x3F, 0x82, 0xC7, 0x01, 0x3A, 0x7F, 0xC6, 0x01, 0x3F, 0x8B, 0xD3, 0x06, 0x3F, 0x8B, 0xD3, 0x06,
    0x2D, 0x68, 0xA4, 0x71, 0x00, 0x0A, 0x29, 0xF4, 0x19, 0x70, 0xCD, 0xF4, 0x19, 0x70, 0xCD, 0xF4,
    0x1E, 0x8E, 0xF8, 0xF9, 0x2A, 0x95, 0xF8, 0xFA, 0x38, 0xA0, 0xFA, 0xFB, 0x38, 0xA0, 0xFA, 0xFB,
    0x3C, 0xA3, 0xFA, 0xFB, 0x3E, 0xA6, 0xFC, 0xFB, 0x3D, 0xA8, 0xFD, 0xFB, 0x3D, 0xA8, 0xFD, 0xFB,
    0x3F, 0xA7, 0xFE, 0xFC, 0x3F, 0xAA, 0xFE, 0xFC, 0x3C, 0xAA, 0xFF, 0xFC, 0x3C, 0xAA, 0xFF, 0xFC,
    0x42, 0xB2, 0xFF, 0xFC, 0x4F, 0xB5, 0xFE, 0xFC, 0x58, 0xB8, 0xFE, 0xFD, 0x58, 0xB8, 0xFE, 0xFD,
    0x53, 0xB9, 0xFE, 0xFD, 0x46, 0xB0, 0xFF, 0xFD, 0x39, 0xA9, 0xFF, 0xFD, 0x30, 0xA2, 0xFE, 0xFD,
    0x30, 0xA2, 0xFE, 0xFD, 0x2F, 0xA2, 0xFD, 0xFD, 0x33, 0xA6, 0xFC, 0xFD, 0x33, 0xA4, 0xFC, 0xFD,
    0x33, 0xA4, 0xFC, 0xFD, 0x34, 0xA5, 0xFD, 0xFD, 0x33, 0xA5, 0xFE, 0xFD, 0x33, 0xA4, 0xFE, 0xFD,
    0x33, 0xA4, 0xFE, 0xFD, 0x35, 0xA3, 0xFD, 0xFD, 0x35, 0xA3, 0xFD, 0xFD, 0x36, 0xA3, 0xFC, 0xFD,
    0x36, 0xA3, 0xFC, 0xFD, 0x38, 0xA5, 0xFD, 0xFD, 0x3A, 0xA5, 0xFD, 0xFD, 0x39, 0xA6, 0xFC, 0xFD,
    0x39, 0xA6, 0xFC, 0xFD, 0x39, 0xA6, 0xFC, 0xFD, 0x39, 0xA6, 0xFC, 0xFD, 0x3A, 0xA5, 0xFB, 0xFD,
    0x3A, 0xA5, 0xFB, 0xFD, 0x3B, 0xA5, 0xFC, 0xFD, 0x39, 0xA5, 0xFB, 0xFD, 0x3A, 0xA8, 0xFC, 0xFD,
    0x3A, 0xA8, 0xFC, 0xFD, 0x41, 0xAE, 0xFD, 0xFD, 0x4F, 0xBB, 0xFE, 0xFD, 0x51, 0xBC, 0xFE, 0xFD,
    0x51, 0xBC, 0xFE, 0xFD, 0x45, 0xB5, 0xFD, 0xFD, 0x30, 0xA4, 0xFB, 0xFD, 0x30, 0xA3, 0xFC, 0xFD,
    0x30, 0xA3, 0xFC, 0xFD, 0x34, 0xA2, 0xFD, 0xFD, 0x38, 0xA6, 0xFE, 0xFD, 0x3A, 0xA5, 0xFE, 0xFD,
    0x3A, 0xA5, 0xFE, 0xFD, 0x3C, 0xA7, 0xFE, 0xFD, 0x3A, 0xA6, 0xFE, 0xFD, 0x39, 0xA6, 0xFE, 0xFD,
    0x39, 0xA6, 0xFE, 0xFD, 0x37, 0xA5, 0xFE, 0xFD, 0x35, 0xA5, 0xFD, 0xFD, 0x32, 0xA0, 0xFD, 0xFD,
    0x32, 0xA0, 0xFD, 0xFD, 0x2E, 0x9C, 0xFD, 0xFC, 0x28, 0x96, 0xFB, 0xFC, 0x1C, 0x86, 0xF1, 0xFC,
    0x1C, 0x86, 0xF1, 0xFC, 0x15, 0x7D, 0xEB, 0xFC, 0x0E, 0x76, 0xE8, 0xFC, 0x17, 0x82, 0xEE, 0xFC,
    0x17, 0x5D, 0xB4, 0xF7, 0x17, 0x5D, 0xB4, 0xF7, 0x02, 0x0E, 0x2E, 0xFC, 0x36, 0x74, 0xB5, 0x7A,
    0x30, 0x82, 0xD1, 0x01, 0x30, 0x82, 0xD1, 0x01, 0x32, 0x83, 0xCE, 0x05, 0x37, 0x84, 0xD0, 0x01,
    0x3A, 0x85, 0xD0, 0x01, 0x3A, 0x85, 0xD0, 0x01, 0x3C, 0x85, 0xCE, 0x01, 0x3D, 0x85, 0xCE, 0x01,
    0x3D, 0x85, 0xCD, 0x01, 0x3D, 0x85, 0xCD, 0x01, 0x3D, 0x85, 0xCC, 0x01, 0x3E, 0x84, 0xCB, 0x01,
    0x3E, 0x84, 0xCA, 0x01, 0x3E, 0x84, 0xCA, 0x01, 0x3E, 0x84, 0xC9, 0x01, 0x3F, 0x84, 0xC9, 0x01,
    0x3F, 0x84, 0xC9, 0x01, 0x3F, 0x84, 0xC9, 0x01, 0x00, 0x00, 0x00, 0x00, 0x00, 0x00, 0x00, 0x00,
    0x00, 0x00, 0x00, 0x00, 0x00, 0x00, 0x00, 0x00, 0x00, 0x00, 0x00, 0x00, 0x00, 0x00, 0x00, 0x00,
    0x00, 0x00, 0x00, 0x00, 0x00, 0x00, 0x00, 0x00, 0x00, 0x00, 0x00, 0x00, 0x00, 0x00, 0x00, 0x00,
    0x00, 0x00, 0x00, 0x00, 0x00, 0x00, 0x00, 0x00, 0x00, 0x00, 0x00, 0x00, 0x00, 0x00, 0x00, 0x00,
    0x00, 0x00, 0x00, 0x00, 0x00, 0x00, 0x00, 0x00, 0x00, 0x00, 0x00, 0x00, 0x00, 0x00, 0x00, 0x00,
    0x00, 0x00, 0x00, 0x00, 0x00, 0x00, 0x00, 0x00, 0x00, 0x00, 0x00, 0x00, 0x00, 0x00, 0x00, 0x00,
    0x00, 0x00, 0x00, 0x00, 0x00, 0x00, 0x00, 0x00, 0x00, 0x00, 0x00, 0x00, 0x00, 0x00, 0x00, 0x00,
    0x3F, 0x82, 0xC7, 0x01, 0x3A, 0x7F, 0xC6, 0x01, 0x3F, 0x8B, 0xD3, 0x06, 0x3F, 0x8B, 0xD3, 0x06,
    0x2D, 0x68, 0xA4, 0x71, 0x00, 0x0A, 0x29, 0xF4, 0x19, 0x70, 0xCD, 0xF4, 0x19, 0x70, 0xCD, 0xF4,
    0x1E, 0x8E, 0xF8, 0xF9, 0x2A, 0x95, 0xF8, 0xFA, 0x38, 0xA0, 0xFA, 0xFB, 0x38, 0xA0, 0xFA, 0xFB,
    0x3C, 0xA3, 0xFA, 0xFB, 0x3E, 0xA6, 0xFC, 0xFB, 0x3D, 0xA8, 0xFD, 0xFB, 0x3D, 0xA8, 0xFD, 0xFB,
    0x3F, 0xA7, 0xFE, 0xFC, 0x3F, 0xAA, 0xFE, 0xFC, 0x3C, 0xAA, 0xFF, 0xFC, 0x3C, 0xAA, 0xFF, 0xFC,
    0x42, 0xB2, 0xFF, 0xFC, 0x4F, 0xB5, 0xFE, 0xFC, 0x58, 0xB8, 0xFE, 0xFD, 0x58, 0xB8, 0xFE, 0xFD,
    0x53, 0xB9, 0xFE, 0xFD, 0x46, 0xB0, 0xFF, 0xFD, 0x39, 0xA9, 0xFF, 0xFD, 0x30, 0xA2, 0xFE, 0xFD,
    0x30, 0xA2, 0xFE, 0xFD, 0x2F, 0xA2, 0xFD, 0xFD, 0x33, 0xA6, 0xFC, 0xFD, 0x33, 0xA4, 0xFC, 0xFD,
    0x33, 0xA4, 0xFC, 0xFD, 0x34, 0xA5, 0xFD, 0xFD, 0x33, 0xA5, 0xFE, 0xFD, 0x33, 0xA4, 0xFE, 0xFD,
    0x33, 0xA4, 0xFE, 0xFD, 0x35, 0xA3, 0xFD, 0xFD, 0x35, 0xA3, 0xFD, 0xFD, 0x36, 0xA3, 0xFC, 0xFD,
    0x36, 0xA3, 0xFC, 0xFD, 0x38, 0xA5, 0xFD, 0xFD, 0x3A, 0xA5, 0xFD, 0xFD, 0x39, 0xA6, 0xFC, 0xFD,
    0x39, 0xA6, 0xFC, 0xFD, 0x39, 0xA6, 0xFC, 0xFD, 0x39, 0xA6, 0xFC, 0xFD, 0x3A, 0xA5, 0xFB, 0xFD,
    0x3A, 0xA5, 0xFB, 0xFD, 0x3B, 0xA5, 0xFC, 0xFD, 0x39, 0xA5, 0xFB, 0xFD, 0x3A, 0xA8, 0xFC, 0xFD,
    0x3A, 0xA8, 0xFC, 0xFD, 0x41, 0xAE, 0xFD, 0xFD, 0x4F, 0xBB, 0xFE, 0xFD, 0x51, 0xBC, 0xFE, 0xFD,
    0x51, 0xBC, 0xFE, 0xFD, 0x45, 0xB5, 0xFD, 0xFD, 0x30, 0xA4, 0xFB, 0xFD, 0x30, 0xA3, 0xFC, 0xFD,
    0x30, 0xA3, 0xFC, 0xFD, 0x34, 0xA2, 0xFD, 0xFD, 0x38, 0xA6, 0xFE, 0xFD, 0x3A, 0xA5, 0xFE, 0xFD,
    0x3A, 0xA5, 0xFE, 0xFD, 0x3C, 0xA7, 0xFE, 0xFD, 0x3A, 0xA6, 0xFE, 0xFD, 0x39, 0xA6, 0xFE, 0xFD,
    0x39, 0xA6, 0xFE, 0xFD, 0x37, 0xA5, 0xFE, 0xFD, 0x35, 0xA5, 0xFD, 0xFD, 0x32, 0xA0, 0xFD, 0xFD,
    0x32, 0xA0, 0xFD, 0xFD, 0x2E, 0x9C, 0xFD, 0xFC, 0x28, 0x96, 0xFB, 0xFC, 0x1C, 0x86, 0xF1, 0xFC,
    0x1C, 0x86, 0xF1, 0xFC, 0x15, 0x7D, 0xEB, 0xFC, 0x0E, 0x76, 0xE8, 0xFC, 0x17, 0x82, 0xEE, 0xFC,
    0x17, 0x5D, 0xB4, 0xF7, 0x17, 0x5D, 0xB4, 0xF7, 0x02, 0x0E, 0x2E, 0xFC, 0x36, 0x74, 0xB5, 0x7A,
    0x30, 0x82, 0xD1, 0x01, 0x30, 0x82, 0xD1, 0x01, 0x32, 0x83, 0xCE, 0x05, 0x37, 0x84, 0xD0, 0x01,
    0x3A, 0x85, 0xD0, 0x01, 0x3A, 0x85, 0xD0, 0x01, 0x3C, 0x85, 0xCE, 0x01, 0x3D, 0x85, 0xCE, 0x01,
    0x3D, 0x85, 0xCD, 0x01, 0x3D, 0x85, 0xCD, 0x01, 0x3D, 0x85, 0xCC, 0x01, 0x3E, 0x84, 0xCB, 0x01,
    0x3E, 0x84, 0xCA, 0x01, 0x3E, 0x84, 0xCA, 0x01, 0x3E, 0x84, 0xC9, 0x01, 0x3F, 0x84, 0xC9, 0x01,
    0x3F, 0x84, 0xC9, 0x01, 0x3F, 0x84, 0xC9, 0x01, 0x00, 0x00, 0x00, 0x00, 0x00, 0x00, 0x00, 0x00,
    0x00, 0x00, 0x00, 0x00, 0x00, 0x00, 0x00, 0x00, 0x00, 0x00, 0x00, 0x00, 0x00, 0x00, 0x00, 0x00,
    0x00, 0x00, 0x00, 0x00, 0x00, 0x00, 0x00, 0x00, 0x00, 0x00, 0x00, 0x00, 0x00, 0x00, 0x00, 0x00,
    0x00, 0x00, 0x00, 0x00, 0x00, 0x00, 0x00, 0x00, 0x00, 0x00, 0x00, 0x00, 0x00, 0x00, 0x00, 0x00,
    0x00, 0x00, 0x00, 0x00, 0x00, 0x00, 0x00, 0x00, 0x00, 0x00, 0x00, 0x00, 0x00, 0x00, 0x00, 0x00,
    0x00, 0x00, 0x00, 0x00, 0x00, 0x00, 0x00, 0x00, 0x00, 0x00, 0x00, 0x00, 0x00, 0x00, 0x00, 0x00,
    0x00, 0x00, 0x00, 0x00, 0x00, 0x00, 0x00, 0x00, 0x40, 0x83, 0xC5, 0x01, 0x40, 0x83, 0xC5, 0x01,
    0x40, 0x82, 0xC7, 0x02, 0x00, 0x00, 0x00, 0x00, 0x39, 0x82, 0xC6, 0x29, 0x39, 0x82, 0xC6, 0x29,
    0x2B, 0x6D, 0xA6, 0x9D, 0x02, 0x29, 0x6E, 0xF5, 0x17, 0x7A, 0xDE, 0xF9, 0x17, 0x7A, 0xDE, 0xF9,
    0x1A, 0x8A, 0xF5, 0xF9, 0x28, 0x94, 0xF8, 0xFA, 0x37, 0xA2, 0xFB, 0xFB, 0x37, 0xA2, 0xFB, 0xFB,
    0x3D, 0xA5, 0xFB, 0xFB, 0x3F, 0xA5, 0xFB, 0xFC, 0x40, 0xA6, 0xFB, 0xFB, 0x40, 0xA6, 0xFB, 0xFB,
    0x40, 0xA8, 0xFD, 0xFC, 0x3D, 0xAA, 0xFF, 0xFC, 0x44, 0xB9, 0xFF, 0xFC, 0x44, 0xB9, 0xFF, 0xFC,
    0x46, 0xA2, 0xF0, 0xFC, 0x1F, 0x4F, 0x84, 0xFD, 0x13, 0x32, 0x5D, 0xFD, 0x13, 0x32, 0x5D, 0xFD,
    0x14, 0x31, 0x4F, 0xFD, 0x18, 0x47, 0x71, 0xFD, 0x2D, 0x80, 0xC7, 0xFD, 0x39, 0xA7, 0xFE, 0xFD,
    0x39, 0xA7, 0xFE, 0xFD, 0x31, 0xA3, 0xFE, 0xFD, 0x32, 0xA4, 0xFD, 0xFD, 0x36, 0xA4, 0xFD, 0xFD,
    0x36, 0xA4, 0xFD, 0xFD, 0x36, 0xA6, 0xFD, 0xFD, 0x35, 0xA5, 0xFE, 0xFD, 0x36, 0xA7, 0xFE, 0xFD,
    0x36, 0xA7, 0xFE, 0xFD, 0x37, 0xA5, 0xFD, 0xFD, 0x37, 0xA3, 0xFC, 0xFD, 0x37, 0xA3, 0xFB, 0xFD,
    0x37, 0xA3, 0xFB, 0xFD, 0x39, 0xA6, 0xFC, 0xFD, 0x3A, 0xA6, 0xFD, 0xFD, 0x3A, 0xA6, 0xFC, 0xFD,
    0x3A, 0xA6, 0xFC, 0xFD, 0x3A, 0xA6, 0xFB, 0xFD, 0x3A, 0xA6, 0xFB, 0xFD, 0x3B, 0xA5, 0xFB, 0xFD,
    0x3B, 0xA5, 0xFB, 0xFD, 0x39, 0xA3, 0xFB, 0xFD, 0x35, 0xA2, 0xFB, 0xFD, 0x42, 0xAC, 0xFB, 0xFD,
    0x42, 0xAC, 0xFB, 0xFD, 0x44, 0x9C, 0xF0, 0xFD, 0x4E, 0x9C, 0xE2, 0xFD, 0x3D, 0x81, 0xC5, 0xFD,
    0x3D, 0x81, 0xC5, 0xFD, 0x39, 0x86, 0xCA, 0xFD, 0x3A, 0xA6, 0xF7, 0xFD, 0x33, 0xA7, 0xFE, 0xFD,
    0x33, 0xA7, 0xFE, 0xFD, 0x35, 0xA2, 0xFD, 0xFD, 0x3C, 0xA6, 0xFC, 0xFD, 0x40, 0xA7, 0xFC, 0xFD,
    0x40, 0xA7, 0xFC, 0xFD, 0x3F, 0xA8, 0xFD, 0xFD, 0x3C, 0xA7, 0xFF, 0xFD, 0x38, 0xA6, 0xFF, 0xFD,
    0x38, 0xA6, 0xFF, 0xFD, 0x37, 0xA7, 0xFE, 0xFD, 0x35, 0xA5, 0xFE, 0xFD, 0x32, 0xA2, 0xFE, 0xFD,
    0x32, 0xA2, 0xFE, 0xFD, 0x2F, 0x9D, 0xFD, 0xFC, 0x27, 0x95, 0xFB, 0xFC, 0x1E, 0x8A, 0xF5, 0xFC,
    0x1E, 0x8A, 0xF5, 0xFC, 0x17, 0x80, 0xEF, 0xFC, 0x0F, 0x79, 0xEB, 0xFC, 0x1D, 0x86, 0xF1, 0xFD,
    0x11, 0x48, 0x9D, 0xF7, 0x11, 0x48, 0x9D, 0xF7, 0x00, 0x07, 0x1B, 0xFD, 0x3B, 0x77, 0xB1, 0x88,
    0x31, 0x84, 0xD1, 0x02, 0x31, 0x84, 0xD1, 0x02, 0x32, 0x84, 0xCF, 0x05, 0x38, 0x85, 0xD1, 0x01,
    0x3A, 0x86, 0xD1, 0x01, 0x3A, 0x86, 0xD1, 0x01, 0x3C, 0x86, 0xCF, 0x01, 0x3E, 0x85, 0xCF, 0x01,
    0x3E, 0x85, 0xCE, 0x01, 0x3E, 0x85, 0xCE, 0x01, 0x3D, 0x85, 0xCD, 0x01, 0x3E, 0x85, 0xCC, 0x01,
    0x3E, 0x85, 0xCB, 0x01, 0x3E, 0x85, 0xCB, 0x01, 0x3E, 0x85, 0xCA, 0x01, 0x3F, 0x85, 0xCA, 0x01,
    0x3E, 0x84, 0xC9, 0x01, 0x3E, 0x84, 0xC9, 0x01, 0x00, 0x00, 0x00, 0x00, 0x00, 0x00, 0x00, 0x00,
    0x00, 0x00, 0x00, 0x00, 0x00, 0x00, 0x00, 0x00, 0x00, 0x00, 0x00, 0x00, 0x00, 0x00, 0x00, 0x00,
    0x00, 0x00, 0x00, 0x00, 0x00, 0x00, 0x00, 0x00, 0x00, 0x00, 0x00, 0x00, 0x00, 0x00, 0x00, 0x00,
    0x00, 0x00, 0x00, 0x00, 0x00, 0x00, 0x00, 0x00, 0x00, 0x00, 0x00, 0x00, 0x00, 0x00, 0x00, 0x00,
    0x00, 0x00, 0x00, 0x00, 0x00, 0x00, 0x00, 0x00, 0x00, 0x00, 0x00, 0x00, 0x00, 0x00, 0x00, 0x00,
    0x00, 0x00, 0x00, 0x00, 0x00, 0x00, 0x00, 0x00, 0x00, 0x00, 0x00, 0x00, 0x00, 0x00, 0x00, 0x00,
    0x00, 0x00, 0x00, 0x00, 0x00, 0x00, 0x00, 0x00, 0x41, 0x84, 0xC6, 0x01, 0x41, 0x84, 0xC6, 0x01,
    0x3F, 0x83, 0xC6, 0x03, 0x47, 0x8B, 0xCE, 0x01, 0x1B, 0x4C, 0x87, 0x7D, 0x1B, 0x4C, 0x87, 0x7D,
    0x0F, 0x42, 0x84, 0xF0, 0x1B, 0x77, 0xD7, 0xF4, 0x14, 0x7F, 0xEC, 0xFA, 0x14, 0x7F, 0xEC, 0xFA,
    0x14, 0x81, 0xF1, 0xFA, 0x20, 0x8E, 0xF8, 0xFB, 0x32, 0x9F, 0xFD, 0xFB, 0x32, 0x9F, 0xFD, 0xFB,
    0x39, 0xA3, 0xFC, 0xFB, 0x3E, 0xA1, 0xFA, 0xFC, 0x41, 0xA5, 0xF8, 0xFC, 0x41, 0xA5, 0xF8, 0xFC,
    0x3C, 0xA5, 0xFB, 0xFC, 0x47, 0xB4, 0xFF, 0xFC, 0x42, 0x98, 0xEF, 0xFC, 0x42, 0x98, 0xEF, 0xFC,
    0x0B, 0x2D, 0x56, 0xFC, 0x2B, 0x3C, 0x4F, 0xFD, 0xAD, 0xA8, 0xB2, 0xFD, 0xAD, 0xA8, 0xB2, 0xFD,
    0x54, 0x53, 0x51, 0xFD, 0x03, 0x07, 0x09, 0xFD, 0x05, 0x16, 0x22, 0xFD, 0x23, 0x70, 0xB6, 0xFD,
    0x23, 0x70, 0xB6, 0xFD, 0x3F, 0xAA, 0xFE, 0xFD, 0x2F, 0xA2, 0xFE, 0xFD, 0x34, 0xA4, 0xFD, 0xFD,
    0x34, 0xA4, 0xFD, 0xFD, 0x38, 0xA6, 0xFE, 0xFD, 0x37, 0xA6, 0xFE, 0xFD, 0x3A, 0xA8, 0xFD, 0xFD,
    0x3A, 0xA8, 0xFD, 0xFD, 0x42, 0xA9, 0xFC, 0xFD, 0x50, 0xB1, 0xFC, 0xFD, 0x47, 0xAA, 0xFA, 0xFD,
    0x47, 0xAA, 0xFA, 0xFD, 0x3A, 0xA5, 0xFA, 0xFD, 0x39, 0xA6, 0xFC, 0xFD, 0x39, 0xA6, 0xFC, 0xFD,
    0x39, 0xA6, 0xFC, 0xFD, 0x3A, 0xA7, 0xFB, 0xFD, 0x3B, 0xA7, 0xFB, 0xFD, 0x38, 0xA4, 0xFA, 0xFD,
    0x38, 0xA4, 0xFA, 0xFD, 0x36, 0xA4, 0xFB, 0xFD, 0x48, 0xB1, 0xFB, 0xFD, 0x30, 0x78, 0xCB, 0xFD,
    0x30, 0x78, 0xCB, 0xFD, 0x03, 0x16, 0x57, 0xFD, 0x01, 0x03, 0x19, 0xFD, 0x01, 0x03, 0x0B, 0xFD,
    0x01, 0x03, 0x0B, 0xFD, 0x00, 0x05, 0x11, 0xFD, 0x0F, 0x40, 0x6D, 0xFD, 0x31, 0x96, 0xEC, 0xFD,
    0x31, 0x96, 0xEC, 0xFD, 0x3C, 0xA7, 0xFC, 0xFD, 0x3C, 0xA4, 0xFA, 0xFD, 0x3F, 0xA7, 0xFA, 0xFD,
    0x3F, 0xA7, 0xFA, 0xFD, 0x41, 0xA8, 0xFC, 0xFD, 0x3B, 0xA6, 0xFE, 0xFD, 0x38, 0xA8, 0xFF, 0xFD,
    0x38, 0xA8, 0xFF, 0xFD, 0x36, 0xA5, 0xFE, 0xFD, 0x34, 0xA3, 0xFE, 0xFD, 0x33, 0xA3, 0xFE, 0xFC,
    0x33, 0xA3, 0xFE, 0xFC, 0x30, 0x9F, 0xFD, 0xFC, 0x26, 0x93, 0xFA, 0xFC, 0x1D, 0x89, 0xF5, 0xFC,
    0x1D, 0x89, 0xF5, 0xFC, 0x15, 0x7E, 0xF0, 0xFC, 0x0D, 0x76, 0xEF, 0xFC, 0x1A, 0x83, 0xF4, 0xFC,
    0x14, 0x54, 0xB3, 0xF8, 0x14, 0x54, 0xB3, 0xF8, 0x00, 0x06, 0x25, 0xFE, 0x3C, 0x74, 0xAE, 0xBA,
    0x34, 0x84, 0xD2, 0x12, 0x34, 0x84, 0xD2, 0x12, 0x34, 0x84, 0xD1, 0x02, 0x38, 0x86, 0xD1, 0x03,
    0x3B, 0x87, 0xD1, 0x02, 0x3B, 0x87, 0xD1, 0x02, 0x3D, 0x86, 0xCF, 0x02, 0x3E, 0x86, 0xCF, 0x01,
    0x3E, 0x86, 0xCF, 0x01, 0x3E, 0x86, 0xCF, 0x01, 0x3E, 0x86, 0xCE, 0x01, 0x3D, 0x86, 0xCD, 0x01,
    0x3D, 0x85, 0xCB, 0x01, 0x3D, 0x85, 0xCB, 0x01, 0x3D, 0x84, 0xCA, 0x01, 0x3E, 0x84, 0xCA, 0x01,
    0x3E, 0x84, 0xC9, 0x01, 0x3E, 0x84, 0xC9, 0x01, 0x3D, 0x84, 0xC9, 0x01, 0x00, 0x00, 0x00, 0x00,
    0x00, 0x00, 0x00, 0x00, 0x00, 0x00, 0x00, 0x00, 0x00, 0x00, 0x00, 0x00, 0x00, 0x00, 0x00, 0x00,
    0x00, 0x00, 0x00, 0x00, 0x00, 0x00, 0x00, 0x00, 0x00, 0x00, 0x00, 0x00, 0x00, 0x00, 0x00, 0x00,
    0x00, 0x00, 0x00, 0x00, 0x00, 0x00, 0x00, 0x00, 0x00, 0x00, 0x00, 0x00, 0x00, 0x00, 0x00, 0x00,
    0x00, 0x00, 0x00, 0x00, 0x00, 0x00, 0x00, 0x00, 0x00, 0x00, 0x00, 0x00, 0x00, 0x00, 0x00, 0x00,
    0x00, 0x00, 0x00, 0x00, 0x00, 0x00, 0x00, 0x00, 0x00, 0x00, 0x00, 0x00, 0x00, 0x00, 0x00, 0x00,
    0x00, 0x00, 0x00, 0x00, 0x00, 0x00, 0x00, 0x00, 0x42, 0x85, 0xC6, 0x01, 0x42, 0x85, 0xC6, 0x01,
    0x3F, 0x84, 0xC6, 0x04, 0x49, 0x8B, 0xCE, 0x03, 0x0C, 0x2C, 0x61, 0x9B, 0x0C, 0x2C, 0x61, 0x9B,
    0x03, 0x2B, 0x6E, 0xF9, 0x1E, 0x89, 0xF4, 0xF3, 0x13, 0x83, 0xF4, 0xFA, 0x13, 0x83, 0xF4, 0xFA,
    0x13, 0x80, 0xF1, 0xFA, 0x1C, 0x8C, 0xF8, 0xFB, 0x28, 0x99, 0xFC, 0xFB, 0x28, 0x99, 0xFC, 0xFB,
    0x31, 0xA1, 0xFC, 0xFB, 0x38, 0xA4, 0xFB, 0xFC, 0x3B, 0xA8, 0xFB, 0xFC, 0x3B, 0xA8, 0xFB, 0xFC,
    0x41, 0xB0, 0xFD, 0xFC, 0x44, 0x9F, 0xF4, 0xFC, 0x0F, 0x2E, 0x58, 0xFC, 0x0F, 0x2E, 0x58, 0xFC,
    0x05, 0x09, 0x10, 0xFC, 0xC3, 0xB8, 0xB4, 0xFD, 0xFF, 0xFF, 0xFF, 0xFD, 0xFF, 0xFF, 0xFF, 0xFD,
    0xCE, 0xC8, 0xC2, 0xFD, 0x05, 0x09, 0x07, 0xFD, 0x04, 0x0C, 0x09, 0xFD, 0x05, 0x1A, 0x2C, 0xFD,
    0x05, 0x1A, 0x2C, 0xFD, 0x3D, 0x92, 0xE0, 0xFD, 0x37, 0xAB, 0xFD, 0xFD, 0x30, 0xA6, 0xFC, 0xFD,
    0x30, 0xA6, 0xFC, 0xFD, 0x37, 0xA7, 0xFD, 0xFD, 0x3A, 0xA9, 0xFD, 0xFD, 0x41, 0xAB, 0xFC, 0xFD,
    0x41, 0xAB, 0xFC, 0xFD, 0x5B, 0xB5, 0xFC, 0xFD, 0x7D, 0xCF, 0xFD, 0xFD, 0x68, 0xC1, 0xFD, 0xFD,
    0x68, 0xC1, 0xFD, 0xFD, 0x3F, 0xA5, 0xFA, 0xFD, 0x3A, 0xA7, 0xFC, 0xFD, 0x39, 0xA8, 0xFC, 0xFD,
    0x39, 0xA8, 0xFC, 0xFD, 0x39, 0xA8, 0xFB, 0xFD, 0x3B, 0xAA, 0xFB, 0xFD, 0x38, 0xA6, 0xFA, 0xFD,
    0x38, 0xA6, 0xFA, 0xFD, 0x48, 0xAE, 0xF8, 0xFD, 0x2D, 0x6A, 0xB8, 0xFD, 0x32, 0x4F, 0x75, 0xFD,
    0x32, 0x4F, 0x75, 0xFD, 0xA3, 0xAE, 0xC1, 0xFD, 0x4E, 0x52, 0x52, 0xFD, 0x04, 0x04, 0x03, 0xFD,
    0x04, 0x04, 0x03, 0xFD, 0x0D, 0x11, 0x10, 0xFD, 0x02, 0x0B, 0x0D, 0xFD, 0x0B, 0x3C, 0x66, 0xFD,
    0x0B, 0x3C, 0x66, 0xFD, 0x35, 0x96, 0xEA, 0xFD, 0x3A, 0xAB, 0xFC, 0xFD, 0x37, 0xAA, 0xFD, 0xFD,
    0x37, 0xAA, 0xFD, 0xFD, 0x3B, 0xA7, 0xFD, 0xFD, 0x3C, 0xA6, 0xFC, 0xFD, 0x39, 0xA8, 0xFC, 0xFD,
    0x39, 0xA8, 0xFC, 0xFD, 0x36, 0xA6, 0xFD, 0xFD, 0x33, 0xA3, 0xFE, 0xFC, 0x31, 0xA2, 0xFE, 0xFC,
    0x31, 0xA2, 0xFE, 0xFC, 0x30, 0xA1, 0xFD, 0xFC, 0x25, 0x94, 0xF9, 0xFC, 0x1A, 0x88, 0xF4, 0xFC,
    0x1A, 0x88, 0xF4, 0xFC, 0x13, 0x80, 0xF3, 0xFC, 0x0F, 0x7F, 0xF6, 0xFC, 0x12, 0x81, 0xF6, 0xFC,
    0x1B, 0x74, 0xE0, 0xF8, 0x1B, 0x74, 0xE0, 0xF8, 0x06, 0x28, 0x70, 0xFD, 0x32, 0x6A, 0xA1, 0xCD,
    0x36, 0x81, 0xC9, 0x32, 0x36, 0x81, 0xC9, 0x32, 0x38, 0x87, 0xD5, 0x01, 0x3B, 0x88, 0xD3, 0x03,
    0x3C, 0x88, 0xD1, 0x01, 0x3C, 0x88, 0xD1, 0x01, 0x3E, 0x88, 0xD0, 0x02, 0x3F, 0x87, 0xD0, 0x01,
    0x3E, 0x87, 0xCF, 0x01, 0x3E, 0x87, 0xCF, 0x01, 0x3D, 0x86, 0xCE, 0x01, 0x3E, 0x86, 0xCD, 0x01,
    0x3D, 0x85, 0xCD, 0x01, 0x3D, 0x85, 0xCD, 0x01, 0x3D, 0x85, 0xCC, 0x01, 0x3E, 0x85, 0xCB, 0x01,
    0x3E, 0x84, 0xCA, 0x01, 0x3E, 0x84, 0xCA, 0x01, 0x00, 0x00, 0x00, 0x00, 0x00, 0x00, 0x00, 0x00,
    0x00, 0x00, 0x00, 0x00, 0x00, 0x00, 0x00, 0x00, 0x00, 0x00, 0x00, 0x00, 0x00, 0x00, 0x00, 0x00,
    0x00, 0x00, 0x00, 0x00, 0x00, 0x00, 0x00, 0x00, 0x00, 0x00, 0x00, 0x00, 0x00, 0x00, 0x00, 0x00,
    0x00, 0x00, 0x00, 0x00, 0x00, 0x00, 0x00, 0x00, 0x00, 0x00, 0x00, 0x00, 0x00, 0x00, 0x00, 0x00,
    0x00, 0x00, 0x00, 0x00, 0x00, 0x00, 0x00, 0x00, 0x00, 0x00, 0x00, 0x00, 0x00, 0x00, 0x00, 0x00,
    0x00, 0x00, 0x00, 0x00, 0x00, 0x00, 0x00, 0x00, 0x00, 0x00, 0x00, 0x00, 0x00, 0x00, 0x00, 0x00,
    0x00, 0x00, 0x00, 0x00, 0x00, 0x00, 0x00, 0x00, 0x42, 0x85, 0xC6, 0x01, 0x42, 0x85, 0xC6, 0x01,
    0x3F, 0x84, 0xC6, 0x04, 0x49, 0x8B, 0xCE, 0x03, 0x0C, 0x2C, 0x61, 0x9B, 0x0C, 0x2C, 0x61, 0x9B,
    0x03, 0x2B, 0x6E, 0xF9, 0x1E, 0x89, 0xF4, 0xF3, 0x13, 0x83, 0xF4, 0xFA, 0x13, 0x83, 0xF4, 0xFA,
    0x13, 0x80, 0xF1, 0xFA, 0x1C, 0x8C, 0xF8, 0xFB, 0x28, 0x99, 0xFC, 0xFB, 0x28, 0x99, 0xFC, 0xFB,
    0x31, 0xA1, 0xFC, 0xFB, 0x38, 0xA4, 0xFB, 0xFC, 0x3B, 0xA8, 0xFB, 0xFC, 0x3B, 0xA8, 0xFB, 0xFC,
    0x41, 0xB0, 0xFD, 0xFC, 0x44, 0x9F, 0xF4, 0xFC, 0x0F, 0x2E, 0x58, 0xFC, 0x0F, 0x2E, 0x58, 0xFC,
    0x05, 0x09, 0x10, 0xFC, 0xC3, 0xB8, 0xB4, 0xFD, 0xFF, 0xFF, 0xFF, 0xFD, 0xFF, 0xFF, 0xFF, 0xFD,
    0xCE, 0xC8, 0xC2, 0xFD, 0x05, 0x09, 0x07, 0xFD, 0x04, 0x0C, 0x09, 0xFD, 0x05, 0x1A, 0x2C, 0xFD,
    0x05, 0x1A, 0x2C, 0xFD, 0x3D, 0x92, 0xE0, 0xFD, 0x37, 0xAB, 0xFD, 0xFD, 0x30, 0xA6, 0xFC, 0xFD,
    0x30, 0xA6, 0xFC, 0xFD, 0x37, 0xA7, 0xFD, 0xFD, 0x3A, 0xA9, 0xFD, 0xFD, 0x41, 0xAB, 0xFC, 0xFD,
    0x41, 0xAB, 0xFC, 0xFD, 0x5B, 0xB5, 0xFC, 0xFD, 0x7D, 0xCF, 0xFD, 0xFD, 0x68, 0xC1, 0xFD, 0xFD,
    0x68, 0xC1, 0xFD, 0xFD, 0x3F, 0xA5, 0xFA, 0xFD, 0x3A, 0xA7, 0xFC, 0xFD, 0x39, 0xA8, 0xFC, 0xFD,
    0x39, 0xA8, 0xFC, 0xFD, 0x39, 0xA8, 0xFB, 0xFD, 0x3B, 0xAA, 0xFB, 0xFD, 0x38, 0xA6, 0xFA, 0xFD,
    0x38, 0xA6, 0xFA, 0xFD, 0x48, 0xAE, 0xF8, 0xFD, 0x2D, 0x6A, 0xB8, 0xFD, 0x32, 0x4F, 0x75, 0xFD,
    0x32, 0x4F, 0x75, 0xFD, 0xA3, 0xAE, 0xC1, 0xFD, 0x4E, 0x52, 0x52, 0xFD, 0x04, 0x04, 0x03, 0xFD,
    0x04, 0x04, 0x03, 0xFD, 0x0D, 0x11, 0x10, 0xFD, 0x02, 0x0B, 0x0D, 0xFD, 0x0B, 0x3C, 0x66, 0xFD,
    0x0B, 0x3C, 0x66, 0xFD, 0x35, 0x96, 0xEA, 0xFD, 0x3A, 0xAB, 0xFC, 0xFD, 0x37, 0xAA, 0xFD, 0xFD,
    0x37, 0xAA, 0xFD, 0xFD, 0x3B, 0xA7, 0xFD, 0xFD, 0x3C, 0xA6, 0xFC, 0xFD, 0x39, 0xA8, 0xFC, 0xFD,
    0x39, 0xA8, 0xFC, 0xFD, 0x36, 0xA6, 0xFD, 0xFD, 0x33, 0xA3, 0xFE, 0xFC, 0x31, 0xA2, 0xFE, 0xFC,
    0x31, 0xA2, 0xFE, 0xFC, 0x30, 0xA1, 0xFD, 0xFC, 0x25, 0x94, 0xF9, 0xFC, 0x1A, 0x88, 0xF4, 0xFC,
    0x1A, 0x88, 0xF4, 0xFC, 0x13, 0x80, 0xF3, 0xFC, 0x0F, 0x7F, 0xF6, 0xFC, 0x12, 0x81, 0xF6, 0xFC,
    0x1B, 0x74, 0xE0, 0xF8, 0x1B, 0x74, 0xE0, 0xF8, 0x06, 0x28, 0x70, 0xFD, 0x32, 0x6A, 0xA1, 0xCD,
    0x36, 0x81, 0xC9, 0x32, 0x36, 0x81, 0xC9, 0x32, 0x38, 0x87, 0xD5, 0x01, 0x3B, 0x88, 0xD3, 0x03,
    0x3C, 0x88, 0xD1, 0x01, 0x3C, 0x88, 0xD1, 0x01, 0x3E, 0x88, 0xD0, 0x02, 0x3F, 0x87, 0xD0, 0x01,
    0x3E, 0x87, 0xCF, 0x01, 0x3E, 0x87, 0xCF, 0x01, 0x3D, 0x86, 0xCE, 0x01, 0x3E, 0x86, 0xCD, 0x01,
    0x3D, 0x85, 0xCD, 0x01, 0x3D, 0x85, 0xCD, 0x01, 0x3D, 0x85, 0xCC, 0x01, 0x3E, 0x85, 0xCB, 0x01,
    0x3E, 0x84, 0xCA, 0x01, 0x3E, 0x84, 0xCA, 0x01, 0x00, 0x00, 0x00, 0x00, 0x00, 0x00, 0x00, 0x00,
    0x00, 0x00, 0x00, 0x00, 0x00, 0x00, 0x00, 0x00, 0x00, 0x00, 0x00, 0x00, 0x00, 0x00, 0x00, 0x00,
    0x00, 0x00, 0x00, 0x00, 0x00, 0x00, 0x00, 0x00, 0x00, 0x00, 0x00, 0x00, 0x00, 0x00, 0x00, 0x00,
    0x00, 0x00, 0x00, 0x00, 0x00, 0x00, 0x00, 0x00, 0x00, 0x00, 0x00, 0x00, 0x00, 0x00, 0x00, 0x00,
    0x00, 0x00, 0x00, 0x00, 0x00, 0x00, 0x00, 0x00, 0x00, 0x00, 0x00, 0x00, 0x00, 0x00, 0x00, 0x00,
    0x00, 0x00, 0x00, 0x00, 0x00, 0x00, 0x00, 0x00, 0x00, 0x00, 0x00, 0x00, 0x00, 0x00, 0x00, 0x00,
    0x00, 0x00, 0x00, 0x00, 0x00, 0x00, 0x00, 0x00, 0x42, 0x84, 0xC6, 0x02, 0x42, 0x84, 0xC6, 0x02,
    0x3D, 0x81, 0xC5, 0x03, 0x40, 0x86, 0xCA, 0x15, 0x17, 0x41, 0x76, 0xC4, 0x17, 0x41, 0x76, 0xC4,
    0x02, 0x26, 0x68, 0xFC, 0x21, 0x83, 0xEE, 0xF8, 0x12, 0x7E, 0xF0, 0xFA, 0x12, 0x7E, 0xF0, 0xFA,
    0x13, 0x80, 0xF1, 0xFB, 0x19, 0x87, 0xF6, 0xFB, 0x20, 0x8E, 0xF7, 0xFB, 0x20, 0x8E, 0xF7, 0xFB,
    0x2C, 0x9F, 0xFD, 0xFB, 0x31, 0xA1, 0xFC, 0xFC, 0x31, 0xA3, 0xFD, 0xFC, 0x31, 0xA3, 0xFD, 0xFC,
    0x44, 0xB0, 0xFF, 0xFC, 0x1D, 0x56, 0x9C, 0xFC, 0x03, 0x09, 0x15, 0xFC, 0x03, 0x09, 0x15, 0xFC,
    0x07, 0x08, 0x0B, 0xFC, 0x95, 0x8E, 0x84, 0xFD, 0xF8, 0xF6, 0xF1, 0xFD, 0xF8, 0xF6, 0xF1, 0xFD,
    0x7C, 0x74, 0x70, 0xFD, 0x04, 0x07, 0x06, 0xFD, 0x06, 0x0F, 0x0A, 0xFD, 0x03, 0x07, 0x08, 0xFD,
    0x03, 0x07, 0x08, 0xFD, 0x25, 0x5F, 0x93, 0xFD, 0x3E, 0xAC, 0xFD, 0xFD, 0x31, 0xA4, 0xFB, 0xFD,
    0x31, 0xA4, 0xFB, 0xFD, 0x39, 0xA6, 0xFB, 0xFD, 0x3F, 0xA9, 0xFB, 0xFD, 0x4F, 0xAE, 0xFA, 0xFD,
    0x4F, 0xAE, 0xFA, 0xFD, 0x74, 0xBD, 0xFB, 0xFD, 0x92, 0xCF, 0xFD, 0xFD, 0x77, 0xC4, 0xFD, 0xFD,
    0x77, 0xC4, 0xFD, 0xFD, 0x45, 0xA8, 0xFA, 0xFD, 0x3A, 0xA6, 0xFA, 0xFD, 0x3B, 0xA9, 0xFC, 0xFD,
    0x3B, 0xA9, 0xFC, 0xFD, 0x38, 0xA6, 0xFA, 0xFD, 0x37, 0xA8, 0xFB, 0xFD, 0x42, 0xAB, 0xF9, 0xFD,
    0x42, 0xAB, 0xF9, 0xFD, 0x3C, 0x7E, 0xC5, 0xFD, 0x03, 0x09, 0x26, 0xFD, 0xBF, 0xBD, 0xCB, 0xFD,
    0xBF, 0xBD, 0xCB, 0xFD, 0xFF, 0xFE, 0xFE, 0xFD, 0xDD, 0xDE, 0xDE, 0xFD, 0x04, 0x07, 0x06, 0xFD,
    0x04, 0x07, 0x06, 0xFD, 0x08, 0x0F, 0x0D, 0xFD, 0x0C, 0x14, 0x10, 0xFD, 0x02, 0x0A, 0x0F, 0xFD,
    0x02, 0x0A, 0x0F, 0xFD, 0x10, 0x47, 0x76, 0xFD, 0x33, 0xA8, 0xF9, 0xFD, 0x30, 0xAD, 0xFF, 0xFD,
    0x30, 0xAD, 0xFF, 0xFD, 0x36, 0xA5, 0xFD, 0xFD, 0x3D, 0xA6, 0xFA, 0xFD, 0x3B, 0xA6, 0xF9, 0xFD,
    0x3B, 0xA6, 0xF9, 0xFD, 0x36, 0xA6, 0xFC, 0xFD, 0x30, 0xA3, 0xFE, 0xFC, 0x2D, 0x9D, 0xFD, 0xFC,
    0x2D, 0x9D, 0xFD, 0xFC, 0x28, 0x98, 0xFB, 0xFC, 0x1D, 0x8D, 0xF5, 0xFC, 0x15, 0x84, 0xF2, 0xFC,
    0x15, 0x84, 0xF2, 0xFC, 0x10, 0x7B, 0xF3, 0xFC, 0x0E, 0x7D, 0xF8, 0xFB, 0x0C, 0x7B, 0xF6, 0xFC,
    0x16, 0x83, 0xF7, 0xFB, 0x16, 0x83, 0xF7, 0xFB, 0x1E, 0x6D, 0xD3, 0xF8, 0x0D, 0x37, 0x6D, 0xF2,
    0x2A, 0x64, 0xA2, 0x5F, 0x2A, 0x64, 0xA2, 0x5F, 0x3F, 0x8F, 0xDC, 0x01, 0x3B, 0x88, 0xD4, 0x07,
    0x3F, 0x89, 0xD5, 0x02, 0x3F, 0x89, 0xD5, 0x02, 0x3F, 0x89, 0xD3, 0x02, 0x40, 0x88, 0xD2, 0x02,
    0x3E, 0x88, 0xD0, 0x02, 0x3E, 0x88, 0xD0, 0x02, 0x3E, 0x88, 0xD0, 0x01, 0x3D, 0x86, 0xCE, 0x01,
    0x3E, 0x86, 0xCE, 0x01, 0x3E, 0x86, 0xCE, 0x01, 0x3E, 0x85, 0xCC, 0x01, 0x3E, 0x85, 0xCB, 0x01,
    0x3E, 0x84, 0xCA, 0x01, 0x3E, 0x84, 0xCA, 0x01, 0x00, 0x00, 0x00, 0x00, 0x00, 0x00, 0x00, 0x00,
    0x00, 0x00, 0x00, 0x00, 0x00, 0x00, 0x00, 0x00, 0x00, 0x00, 0x00, 0x00, 0x00, 0x00, 0x00, 0x00,
    0x00, 0x00, 0x00, 0x00, 0x00, 0x00, 0x00, 0x00, 0x00, 0x00, 0x00, 0x00, 0x00, 0x00, 0x00, 0x00,
    0x00, 0x00, 0x00, 0x00, 0x00, 0x00, 0x00, 0x00, 0x00, 0x00, 0x00, 0x00, 0x00, 0x00, 0x00, 0x00,
    0x00, 0x00, 0x00, 0x00, 0x00, 0x00, 0x00, 0x00, 0x00, 0x00, 0x00, 0x00, 0x00, 0x00, 0x00, 0x00,
    0x00, 0x00, 0x00, 0x00, 0x00, 0x00, 0x00, 0x00, 0x00, 0x00, 0x00, 0x00, 0x00, 0x00, 0x00, 0x00,
    0x00, 0x00, 0x00, 0x00, 0x3F, 0x83, 0xC6, 0x01, 0x40, 0x84, 0xC7, 0x03, 0x40, 0x84, 0xC7, 0x03,
    0x00, 0x00, 0x00, 0x00, 0x37, 0x78, 0xB5, 0x42, 0x14, 0x42, 0x73, 0xE8, 0x14, 0x42, 0x73, 0xE8,
    0x04, 0x30, 0x7D, 0xF1, 0x1E, 0x80, 0xED, 0xF9, 0x13, 0x80, 0xF2, 0xFA, 0x13, 0x80, 0xF2, 0xFA,
    0x14, 0x80, 0xF3, 0xFB, 0x1B, 0x89, 0xF7, 0xFB, 0x23, 0x90, 0xF8, 0xFB, 0x23, 0x90, 0xF8, 0xFB,
    0x30, 0xA3, 0xFD, 0xFB, 0x34, 0xA2, 0xFC, 0xFC, 0x3B, 0xAE, 0xFE, 0xFC, 0x3B, 0xAE, 0xFE, 0xFC,
    0x45, 0xAB, 0xFA, 0xFC, 0x06, 0x24, 0x51, 0xFC, 0x05, 0x11, 0x15, 0xFC, 0x05, 0x11, 0x15, 0xFC,
    0x0B, 0x10, 0x0E, 0xFC, 0x0A, 0x0D, 0x0D, 0xFD, 0x16, 0x17, 0x13, 0xFD, 0x16, 0x17, 0x13, 0xFD,
    0x06, 0x06, 0x07, 0xFD, 0x04, 0x08, 0x08, 0xFD, 0x05, 0x0D, 0x09, 0xFD, 0x02, 0x06, 0x07, 0xFD,
    0x02, 0x06, 0x07, 0xFD, 0x12, 0x3A, 0x5E, 0xFD, 0x40, 0xA9, 0xFB, 0xFD, 0x33, 0xA3, 0xFA, 0xFD,
    0x33, 0xA3, 0xFA, 0xFD, 0x3C, 0xA6, 0xFB, 0xFD, 0x46, 0xA8, 0xF9, 0xFD, 0x62, 0xB9, 0xFA, 0xFD,
    0x62, 0xB9, 0xFA, 0xFD, 0x93, 0xD1, 0xFB, 0xFD, 0xAB, 0xDD, 0xFD, 0xFD, 0x90, 0xCF, 0xFD, 0xFD,
    0x90, 0xCF, 0xFD, 0xFD, 0x56, 0xB4, 0xFB, 0xFD, 0x3C, 0xAA, 0xFA, 0xFD, 0x3C, 0xAB, 0xFB, 0xFD,
    0x3C, 0xAB, 0xFB, 0xFD, 0x3B, 0xAA, 0xFB, 0xFD, 0x39, 0xAA, 0xFB, 0xFD, 0x40, 0xA2, 0xF2, 0xFD,
    0x40, 0xA2, 0xF2, 0xFD, 0x14, 0x31, 0x59, 0xFD, 0x02, 0x01, 0x05, 0xFD, 0x78, 0x75, 0x73, 0xFD,
    0x78, 0x75, 0x73, 0xFD, 0xBC, 0xB5, 0xB0, 0xFD, 0x58, 0x56, 0x53, 0xFD, 0x02, 0x03, 0x04, 0xFD,
    0x02, 0x03, 0x04, 0xFD, 0x05, 0x09, 0x0A, 0xFD, 0x0A, 0x11, 0x0D, 0xFD, 0x08, 0x0D, 0x0E, 0xFD,
    0x08, 0x0D, 0x0E, 0xFD, 0x01, 0x0D, 0x16, 0xFD, 0x23, 0x77, 0xB3, 0xFD, 0x3A, 0xAF, 0xFF, 0xFD,
    0x3A, 0xAF, 0xFF, 0xFD, 0x33, 0xA5, 0xFB, 0xFD, 0x3C, 0xA4, 0xF7, 0xFD, 0x3A, 0xA4, 0xF7, 0xFC,
    0x3A, 0xA4, 0xF7, 0xFC, 0x35, 0xA4, 0xFA, 0xFD, 0x2F, 0xA3, 0xFE, 0xFC, 0x28, 0x9B, 0xFD, 0xFC,
    0x28, 0x9B, 0xFD, 0xFC, 0x22, 0x93, 0xF8, 0xFC, 0x1C, 0x8A, 0xF2, 0xFC, 0x1B, 0x8A, 0xF5, 0xFC,
    0x1B, 0x8A, 0xF5, 0xFC, 0x1A, 0x87, 0xF7, 0xFC, 0x17, 0x89, 0xFB, 0xFB, 0x0F, 0x82, 0xF7, 0xFC,
    0x11, 0x85, 0xFA, 0xFA, 0x11, 0x85, 0xFA, 0xFA, 0x22, 0x82, 0xF0, 0xF3, 0x04, 0x23, 0x53, 0xF8,
    0x1D, 0x48, 0x7C, 0x6F, 0x1D, 0x48, 0x7C, 0x6F, 0x42, 0x8F, 0xDD, 0x02, 0x3B, 0x8A, 0xD7, 0x0B,
    0x3F, 0x8C, 0xD8, 0x04, 0x3F, 0x8C, 0xD8, 0x04, 0x41, 0x8A, 0xD4, 0x04, 0x42, 0x8A, 0xD3, 0x05,
    0x40, 0x8A, 0xD1, 0x06, 0x40, 0x8A, 0xD1, 0x06, 0x3E, 0x8A, 0xD0, 0x03, 0x3D, 0x87, 0xCF, 0x03,
    0x3D, 0x86, 0xCD, 0x01, 0x3D, 0x86, 0xCD, 0x01, 0x3D, 0x84, 0xCB, 0x01, 0x3D, 0x85, 0xCA, 0x01,
    0x3D, 0x84, 0xC9, 0x01, 0x3D, 0x84, 0xC9, 0x01, 0x00, 0x00, 0x00, 0x00, 0x3E, 0x84, 0xC9, 0x01,
    0x00, 0x00, 0x00, 0x00, 0x00, 0x00, 0x00, 0x00, 0x00, 0x00, 0x00, 0x00, 0x00, 0x00, 0x00, 0x00,
    0x00, 0x00, 0x00, 0x00, 0x00, 0x00, 0x00, 0x00, 0x00, 0x00, 0x00, 0x00, 0x00, 0x00, 0x00, 0x00,
    0x00, 0x00, 0x00, 0x00, 0x00, 0x00, 0x00, 0x00, 0x00, 0x00, 0x00, 0x00, 0x00, 0x00, 0x00, 0x00,
    0x00, 0x00, 0x00, 0x00, 0x00, 0x00, 0x00, 0x00, 0x00, 0x00, 0x00, 0x00, 0x00, 0x00, 0x00, 0x00,
    0x00, 0x00, 0x00, 0x00, 0x00, 0x00, 0x00, 0x00, 0x00, 0x00, 0x00, 0x00, 0x00, 0x00, 0x00, 0x00,
    0x00, 0x00, 0x00, 0x00, 0x3F, 0x84, 0xC6, 0x01, 0x3D, 0x83, 0xC6, 0x04, 0x3D, 0x83, 0xC6, 0x04,
    0x00, 0x00, 0x00, 0x00, 0x15, 0x40, 0x70, 0x88, 0x06, 0x28, 0x5A, 0xF9, 0x06, 0x28, 0x5A, 0xF9,
    0x1B, 0x6D, 0xC9, 0xF2, 0x13, 0x79, 0xEB, 0xFB, 0x0F, 0x7E, 0xF3, 0xFA, 0x0F, 0x7E, 0xF3, 0xFA,
    0x0E, 0x79, 0xF0, 0xFB, 0x19, 0x88, 0xF8, 0xFB, 0x2D, 0x9C, 0xFD, 0xFB, 0x2D, 0x9C, 0xFD, 0xFB,
    0x3E, 0xAD, 0xFE, 0xFB, 0x3D, 0xA5, 0xFA, 0xFC, 0x43, 0xB0, 0xFC, 0xFC, 0x43, 0xB0, 0xFC, 0xFC,
    0x44, 0xA1, 0xE9, 0xFC, 0x04, 0x1F, 0x3F, 0xFC, 0x05, 0x0D, 0x10, 0xFC, 0x05, 0x0D, 0x10, 0xFC,
    0x0D, 0x13, 0x12, 0xFC, 0x09, 0x0C, 0x0D, 0xFD, 0x06, 0x08, 0x09, 0xFD, 0x06, 0x08, 0x09, 0xFD,
    0x06, 0x08, 0x0A, 0xFD, 0x05, 0x0A, 0x0A, 0xFD, 0x03, 0x0A, 0x08, 0xFD, 0x00, 0x05, 0x05, 0xFD,
    0x00, 0x05, 0x05, 0xFD, 0x0A, 0x26, 0x43, 0xFD, 0x3B, 0x9D, 0xF4, 0xFD, 0x35, 0xA0, 0xF9, 0xFD,
    0x35, 0xA0, 0xF9, 0xFD, 0x40, 0xA5, 0xFA, 0xFD, 0x52, 0xAD, 0xF8, 0xFD, 0x7B, 0xC1, 0xF9, 0xFD,
    0x7B, 0xC1, 0xF9, 0xFD, 0xB2, 0xDD, 0xFB, 0xFD, 0xC5, 0xE5, 0xFC, 0xFD, 0xB6, 0xE2, 0xFC, 0xFD,
    0xB6, 0xE2, 0xFC, 0xFD, 0x7F, 0xCF, 0xFC, 0xFD, 0x45, 0xAF, 0xF8, 0xFD, 0x3B, 0xAA, 0xFA, 0xFD,
    0x3B, 0xAA, 0xFA, 0xFD, 0x39, 0xA9, 0xFB, 0xFD, 0x3A, 0xAA, 0xFB, 0xFD, 0x38, 0x8B, 0xDD, 0xFD,
    0x38, 0x8B, 0xDD, 0xFD, 0x03, 0x0B, 0x1C, 0xFD, 0x00, 0x00, 0x00, 0xFD, 0x00, 0x00, 0x00, 0xFD,
    0x00, 0x00, 0x00, 0xFD, 0x00, 0x00, 0x00, 0xFD, 0x00, 0x00, 0x00, 0xFD, 0x01, 0x01, 0x02, 0xFD,
    0x01, 0x01, 0x02, 0xFD, 0x02, 0x04, 0x08, 0xFD, 0x05, 0x09, 0x0C, 0xFD, 0x0C, 0x10, 0x10, 0xFD,
    0x0C, 0x10, 0x10, 0xFD, 0x00, 0x07, 0x0A, 0xFD, 0x0D, 0x35, 0x57, 0xFD, 0x40, 0xA6, 0xF7, 0xFD,
    0x40, 0xA6, 0xF7, 0xFD, 0x33, 0xA4, 0xF8, 0xFD, 0x3B, 0xA2, 0xF5, 0xFD, 0x3A, 0xA3, 0xF6, 0xFC,
    0x3A, 0xA3, 0xF6, 0xFC, 0x33, 0xA0, 0xFA, 0xFD, 0x29, 0x9A, 0xFC, 0xFC, 0x23, 0x97, 0xFC, 0xFC,
    0x23, 0x97, 0xFC, 0xFC, 0x25, 0x98, 0xFB, 0xFC, 0x2A, 0x96, 0xF8, 0xFC, 0x2D, 0x98, 0xF8, 0xFC,
    0x2D, 0x98, 0xF8, 0xFC, 0x25, 0x8B, 0xF4, 0xFC, 0x1B, 0x86, 0xF7, 0xFC, 0x15, 0x86, 0xF9, 0xFB,
    0x0E, 0x7E, 0xF7, 0xFC, 0x0E, 0x7E, 0xF7, 0xFC, 0x1F, 0x7F, 0xF2, 0xF4, 0x05, 0x26, 0x5C, 0xFB,
    0x19, 0x3F, 0x74, 0x8D, 0x19, 0x3F, 0x74, 0x8D, 0x44, 0x8E, 0xD9, 0x04, 0x3C, 0x8A, 0xD8, 0x0E,
    0x41, 0x8C, 0xD8, 0x0A, 0x41, 0x8C, 0xD8, 0x0A, 0x44, 0x8B, 0xD4, 0x0A, 0x47, 0x8D, 0xD7, 0x03,
    0x44, 0x8D, 0xD5, 0x04, 0x44, 0x8D, 0xD5, 0x04, 0x43, 0x91, 0xD5, 0x04, 0x3F, 0x8A, 0xD1, 0x07,
    0x3E, 0x88, 0xCD, 0x03, 0x3E, 0x88, 0xCD, 0x03, 0x3C, 0x86, 0xCB, 0x02, 0x3C, 0x84, 0xC9, 0x01,
    0x3D, 0x85, 0xC9, 0x01, 0x3D, 0x85, 0xC9, 0x01, 0x3C, 0x84, 0xC9, 0x01, 0x3D, 0x83, 0xC8, 0x01,
    0x00, 0x00, 0x00, 0x00, 0x00, 0x00, 0x00, 0x00, 0x00, 0x00, 0x00, 0x00, 0x00, 0x00, 0x00, 0x00,
    0x00, 0x00, 0x00, 0x00, 0x00, 0x00, 0x00, 0x00, 0x00, 0x00, 0x00, 0x00, 0x00, 0x00, 0x00, 0x00,
    0x00, 0x00, 0x00, 0x00, 0x00, 0x00, 0x00, 0x00, 0x00, 0x00, 0x00, 0x00, 0x00, 0x00, 0x00, 0x00,
    0x00, 0x00, 0x00, 0x00, 0x00, 0x00, 0x00, 0x00, 0x00, 0x00, 0x00, 0x00, 0x00, 0x00, 0x00, 0x00,
    0x00, 0x00, 0x00, 0x00, 0x00, 0x00, 0x00, 0x00, 0x00, 0x00, 0x00, 0x00, 0x00, 0x00, 0x00, 0x00,
    0x00, 0x00, 0x00, 0x00, 0x3F, 0x84, 0xC6, 0x01, 0x3D, 0x83, 0xC6, 0x04, 0x3D, 0x83, 0xC6, 0x04,
    0x00, 0x00, 0x00, 0x00, 0x15, 0x40, 0x70, 0x88, 0x06, 0x28, 0x5A, 0xF9, 0x06, 0x28, 0x5A, 0xF9,
    0x1B, 0x6D, 0xC9, 0xF2, 0x13, 0x79, 0xEB, 0xFB, 0x0F, 0x7E, 0xF3, 0xFA, 0x0F, 0x7E, 0xF3, 0xFA,
    0x0E, 0x79, 0xF0, 0xFB, 0x19, 0x88, 0xF8, 0xFB, 0x2D, 0x9C, 0xFD, 0xFB, 0x2D, 0x9C, 0xFD, 0xFB,
    0x3E, 0xAD, 0xFE, 0xFB, 0x3D, 0xA5, 0xFA, 0xFC, 0x43, 0xB0, 0xFC, 0xFC, 0x43, 0xB0, 0xFC, 0xFC,
    0x44, 0xA1, 0xE9, 0xFC, 0x04, 0x1F, 0x3F, 0xFC, 0x05, 0x0D, 0x10, 0xFC, 0x05, 0x0D, 0x10, 0xFC,
    0x0D, 0x13, 0x12, 0xFC, 0x09, 0x0C, 0x0D, 0xFD, 0x06, 0x08, 0x09, 0xFD, 0x06, 0x08, 0x09, 0xFD,
    0x06, 0x08, 0x0A, 0xFD, 0x05, 0x0A, 0x0A, 0xFD, 0x03, 0x0A, 0x08, 0xFD, 0x00, 0x05, 0x05, 0xFD,
    0x00, 0x05, 0x05, 0xFD, 0x0A, 0x26, 0x43, 0xFD, 0x3B, 0x9D, 0xF4, 0xFD, 0x35, 0xA0, 0xF9, 0xFD,
    0x35, 0xA0, 0xF9, 0xFD, 0x40, 0xA5, 0xFA, 0xFD, 0x52, 0xAD, 0xF8, 0xFD, 0x7B, 0xC1, 0xF9, 0xFD,
    0x7B, 0xC1, 0xF9, 0xFD, 0xB2, 0xDD, 0xFB, 0xFD, 0xC5, 0xE5, 0xFC, 0xFD, 0xB6, 0xE2, 0xFC, 0xFD,
    0xB6, 0xE2, 0xFC, 0xFD, 0x7F, 0xCF, 0xFC, 0xFD, 0x45, 0xAF, 0xF8, 0xFD, 0x3B, 0xAA, 0xFA, 0xFD,
    0x3B, 0xAA, 0xFA, 0xFD, 0x39, 0xA9, 0xFB, 0xFD, 0x3A, 0xAA, 0xFB, 0xFD, 0x38, 0x8B, 0xDD, 0xFD,
    0x38, 0x8B, 0xDD, 0xFD, 0x03, 0x0B, 0x1C, 0xFD, 0x00, 0x00, 0x00, 0xFD, 0x00, 0x00, 0x00, 0xFD,
    0x00, 0x00, 0x00, 0xFD, 0x00, 0x00, 0x00, 0xFD, 0x00, 0x00, 0x00, 0xFD, 0x01, 0x01, 0x02, 0xFD,
    0x01, 0x01, 0x02, 0xFD, 0x02, 0x04, 0x08, 0xFD, 0x05, 0x09, 0x0C, 0xFD, 0x0C, 0x10, 0x10, 0xFD,
    0x0C, 0x10, 0x10, 0xFD, 0x00, 0x07, 0x0A, 0xFD, 0x0D, 0x35, 0x57, 0xFD, 0x40, 0xA6, 0xF7, 0xFD,
    0x40, 0xA6, 0xF7, 0xFD, 0x33, 0xA4, 0xF8, 0xFD, 0x3B, 0xA2, 0xF5, 0xFD, 0x3A, 0xA3, 0xF6, 0xFC,
    0x3A, 0xA3, 0xF6, 0xFC, 0x33, 0xA0, 0xFA, 0xFD, 0x29, 0x9A, 0xFC, 0xFC, 0x23, 0x97, 0xFC, 0xFC,
    0x23, 0x97, 0xFC, 0xFC, 0x25, 0x98, 0xFB, 0xFC, 0x2A, 0x96, 0xF8, 0xFC, 0x2D, 0x98, 0xF8, 0xFC,
    0x2D, 0x98, 0xF8, 0xFC, 0x25, 0x8B, 0xF4, 0xFC, 0x1B, 0x86, 0xF7, 0xFC, 0x15, 0x86, 0xF9, 0xFB,
    0x0E, 0x7E, 0xF7, 0xFC, 0x0E, 0x7E, 0xF7, 0xFC, 0x1F, 0x7F, 0xF2, 0xF4, 0x05, 0x26, 0x5C, 0xFB,
    0x19, 0x3F, 0x74, 0x8D, 0x19, 0x3F, 0x74, 0x8D, 0x44, 0x8E, 0xD9, 0x04, 0x3C, 0x8A, 0xD8, 0x0E,
    0x41, 0x8C, 0xD8, 0x0A, 0x41, 0x8C, 0xD8, 0x0A, 0x44, 0x8B, 0xD4, 0x0A, 0x47, 0x8D, 0xD7, 0x03,
    0x44, 0x8D, 0xD5, 0x04, 0x44, 0x8D, 0xD5, 0x04, 0x43, 0x91, 0xD5, 0x04, 0x3F, 0x8A, 0xD1, 0x07,
    0x3E, 0x88, 0xCD, 0x03, 0x3E, 0x88, 0xCD, 0x03, 0x3C, 0x86, 0xCB, 0x02, 0x3C, 0x84, 0xC9, 0x01,
    0x3D, 0x85, 0xC9, 0x01, 0x3D, 0x85, 0xC9, 0x01, 0x3C, 0x84, 0xC9, 0x01, 0x3D, 0x83, 0xC8, 0x01,
    0x00, 0x00, 0x00, 0x00, 0x00, 0x00, 0x00, 0x00, 0x00, 0x00, 0x00, 0x00, 0x00, 0x00, 0x00, 0x00,
    0x00, 0x00, 0x00, 0x00, 0x00, 0x00, 0x00, 0x00, 0x00, 0x00, 0x00, 0x00, 0x00, 0x00, 0x00, 0x00,
    0x00, 0x00, 0x00, 0x00, 0x00, 0x00, 0x00, 0x00, 0x00, 0x00, 0x00, 0x00, 0x00, 0x00, 0x00, 0x00,
    0x00, 0x00, 0x00, 0x00, 0x00, 0x00, 0x00, 0x00, 0x00, 0x00, 0x00, 0x00, 0x00, 0x00, 0x00, 0x00,
    0x00, 0x00, 0x00, 0x00, 0x00, 0x00, 0x00, 0x00, 0x00, 0x00, 0x00, 0x00, 0x00, 0x00, 0x00, 0x00,
    0x00, 0x00, 0x00, 0x00, 0x3F, 0x83, 0xC5, 0x01, 0x3D, 0x83, 0xC5, 0x04, 0x3D, 0x83, 0xC5, 0x04,
    0x47, 0x88, 0xCA, 0x01, 0x08, 0x26, 0x4F, 0x91, 0x09, 0x35, 0x6E, 0xEE, 0x09, 0x35, 0x6E, 0xEE,
    0x24, 0x8C, 0xF0, 0xF1, 0x0C, 0x76, 0xEC, 0xFB, 0x0D, 0x7D, 0xF2, 0xFA, 0x0D, 0x7D, 0xF2, 0xFA,
    0x0F, 0x7D, 0xF2, 0xFB, 0x14, 0x85, 0xF5, 0xFB, 0x1F, 0x8B, 0xF5, 0xFB, 0x1F, 0x8B, 0xF5, 0xFB,
    0x31, 0x9F, 0xFC, 0xFB, 0x3B, 0xAA, 0xFB, 0xFC, 0x51, 0xC6, 0xFD, 0xFC, 0x51, 0xC6, 0xFD, 0xFC,
    0x45, 0x9D, 0xE4, 0xFC, 0x00, 0x0B, 0x29, 0xFC, 0x0C, 0x14, 0x1A, 0xFC, 0x0C, 0x14, 0x1A, 0xFC,
    0x13, 0x18, 0x17, 0xFC, 0x0B, 0x0C, 0x0E, 0xFD, 0x0B, 0x10, 0x0F, 0xFD, 0x0B, 0x10, 0x0F, 0xFD,
    0x08, 0x0B, 0x0C, 0xFD, 0x05, 0x09, 0x09, 0xFD, 0x05, 0x0B, 0x08, 0xFD, 0x00, 0x04, 0x03, 0xFD,
    0x00, 0x04, 0x03, 0xFD, 0x0B, 0x25, 0x3C, 0xFD, 0x46, 0xA0, 0xF2, 0xFD, 0x44, 0xA4, 0xF8, 0xFD,
    0x44, 0xA4, 0xF8, 0xFD, 0x52, 0xAC, 0xF9, 0xFD, 0x73, 0xBE, 0xF7, 0xFD, 0xA8, 0xD9, 0xF8, 0xFD,
    0xA8, 0xD9, 0xF8, 0xFD, 0xC9, 0xE5, 0xFA, 0xFD, 0xCE, 0xE9, 0xFB, 0xFD, 0xD2, 0xF2, 0xFD, 0xFD,
    0xD2, 0xF2, 0xFD, 0xFD, 0xAC, 0xE5, 0xFD, 0xFD, 0x63, 0xBF, 0xF9, 0xFD, 0x40, 0xB0, 0xF9, 0xFD,
    0x40, 0xB0, 0xF9, 0xFD, 0x39, 0xAB, 0xFA, 0xFD, 0x3B, 0xAB, 0xFB, 0xFD, 0x3C, 0x86, 0xD2, 0xFD,
    0x3C, 0x86, 0xD2, 0xFD, 0x01, 0x06, 0x0E, 0xFD, 0x03, 0x00, 0x00, 0xFD, 0x04, 0x03, 0x00, 0xFD,
    0x04, 0x03, 0x00, 0xFD, 0x03, 0x03, 0x01, 0xFD, 0x04, 0x04, 0x03, 0xFD, 0x02, 0x03, 0x04, 0xFD,
    0x02, 0x03, 0x04, 0xFD, 0x02, 0x04, 0x07, 0xFD, 0x02, 0x05, 0x07, 0xFD, 0x04, 0x06, 0x06, 0xFD,
    0x04, 0x06, 0x06, 0xFD, 0x00, 0x04, 0x04, 0xFD, 0x02, 0x1D, 0x32, 0xFD, 0x40, 0x9F, 0xEF, 0xFD,
    0x40, 0x9F, 0xEF, 0xFD, 0x37, 0xA9, 0xF7, 0xFD, 0x38, 0xA2, 0xF5, 0xFD, 0x36, 0xA2, 0xF6, 0xFC,
    0x36, 0xA2, 0xF6, 0xFC, 0x2D, 0x9D, 0xF9, 0xFC, 0x24, 0x96, 0xFA, 0xFC, 0x22, 0x95, 0xFA, 0xFC,
    0x22, 0x95, 0xFA, 0xFC, 0x2B, 0x9E, 0xFD, 0xFC, 0x34, 0xA0, 0xFC, 0xFC, 0x37, 0xA2, 0xFB, 0xFB,
    0x37, 0xA2, 0xFB, 0xFB, 0x2E, 0x96, 0xF8, 0xFB, 0x24, 0x8F, 0xF9, 0xFB, 0x19, 0x89, 0xF9, 0xFB,
    0x10, 0x82, 0xF9, 0xFC, 0x10, 0x82, 0xF9, 0xFC, 0x21, 0x86, 0xF9, 0xF4, 0x0A, 0x34, 0x71, 0xFA,
    0x1B, 0x47, 0x7E, 0x9B, 0x1B, 0x47, 0x7E, 0x9B, 0x48, 0x97, 0xDE, 0x06, 0x39, 0x88, 0xD5, 0x12,
    0x41, 0x8B, 0xDA, 0x05, 0x41, 0x8B, 0xDA, 0x05, 0x4B, 0x8F, 0xD7, 0x18, 0x50, 0x8B, 0xD1, 0x22,
    0x4A, 0x83, 0xC1, 0x29, 0x4A, 0x83, 0xC1, 0x29, 0x46, 0x83, 0xBD, 0x1B, 0x47, 0x8C, 0xD1, 0x0A,
    0x42, 0x8E, 0xD0, 0x02, 0x42, 0x8E, 0xD0, 0x02, 0x3A, 0x86, 0xC9, 0x04, 0x3C, 0x87, 0xCB, 0x01,
    0x3C, 0x84, 0xC9, 0x01, 0x3C, 0x84, 0xC9, 0x01, 0x3C, 0x84, 0xC9, 0x01, 0x00, 0x00, 0x00, 0x00,
    0x00, 0x00, 0x00, 0x00, 0x00, 0x00, 0x00, 0x00, 0x00, 0x00, 0x00, 0x00, 0x00, 0x00, 0x00, 0x00,
    0x00, 0x00, 0x00, 0x00, 0x00, 0x00, 0x00, 0x00, 0x00, 0x00, 0x00, 0x00, 0x00, 0x00, 0x00, 0x00,
    0x00, 0x00, 0x00, 0x00, 0x00, 0x00, 0x00, 0x00, 0x00, 0x00, 0x00, 0x00, 0x00, 0x00, 0x00, 0x00,
    0x00, 0x00, 0x00, 0x00, 0x00, 0x00, 0x00, 0x00, 0x00, 0x00, 0x00, 0x00, 0x00, 0x00, 0x00, 0x00,
    0x00, 0x00, 0x00, 0x00, 0x00, 0x00, 0x00, 0x00, 0x00, 0x00, 0x00, 0x00, 0x00, 0x00, 0x00, 0x00,
    0x00, 0x00, 0x00, 0x00, 0x40, 0x83, 0xC5, 0x01, 0x3D, 0x81, 0xC2, 0x03, 0x3D, 0x81, 0xC2, 0x03,
    0x45, 0x88, 0xCB, 0x02, 0x0F, 0x36, 0x65, 0x8B, 0x0E, 0x3D, 0x77, 0xF4, 0x0E, 0x3D, 0x77, 0xF4,
    0x22, 0x85, 0xE6, 0xF4, 0x0C, 0x71, 0xE8, 0xF9, 0x0C, 0x75, 0xEF, 0xFA, 0x0C, 0x75, 0xEF, 0xFA,
    0x11, 0x7F, 0xF5, 0xFA, 0x12, 0x82, 0xF5, 0xFB, 0x12, 0x7D, 0xEE, 0xFB, 0x12, 0x7D, 0xEE, 0xFB,
    0x12, 0x81, 0xF1, 0xFB, 0x1D, 0x8C, 0xF5, 0xFC, 0x2C, 0x99, 0xF7, 0xFC, 0x2C, 0x99, 0xF7, 0xFC,
    0x50, 0xAB, 0xF4, 0xFC, 0x13, 0x37, 0x5E, 0xFC, 0x01, 0x05, 0x0A, 0xFC, 0x01, 0x05, 0x0A, 0xFC,
    0x0A, 0x0C, 0x0E, 0xFC, 0x08, 0x0A, 0x09, 0xFD, 0x05, 0x07, 0x06, 0xFD, 0x05, 0x07, 0x06, 0xFD,
    0x03, 0x04, 0x04, 0xFD, 0x01, 0x01, 0x00, 0xFD, 0x00, 0x01, 0x00, 0xFD, 0x00, 0x00, 0x00, 0xFD,
    0x00, 0x00, 0x00, 0xFD, 0x0B, 0x1E, 0x33, 0xFD, 0x6D, 0xB1, 0xF5, 0xFD, 0x6F, 0xB1, 0xF6, 0xFD,
    0x6F, 0xB1, 0xF6, 0xFD, 0x83, 0xBC, 0xF6, 0xFD, 0xA6, 0xCE, 0xF4, 0xFD, 0xCD, 0xE9, 0xF8, 0xFD,
    0xCD, 0xE9, 0xF8, 0xFD, 0xCF, 0xE2, 0xF6, 0xFD, 0xD5, 0xED, 0xFA, 0xFD, 0xD1, 0xE9, 0xF8, 0xFD,
    0xD1, 0xE9, 0xF8, 0xFD, 0xC8, 0xE9, 0xFB, 0xFD, 0x96, 0xD5, 0xF9, 0xFD, 0x59, 0xBE, 0xF9, 0xFD,
    0x59, 0xBE, 0xF9, 0xFD, 0x41, 0xAD, 0xF9, 0xFD, 0x44, 0xAE, 0xFB, 0xFD, 0x46, 0x86, 0xC9, 0xFD,
    0x46, 0x86, 0xC9, 0xFD, 0x00, 0x03, 0x09, 0xFD, 0x02, 0x00, 0x00, 0xFD, 0x03, 0x02, 0x00, 0xFD,
    0x03, 0x02, 0x00, 0xFD, 0x01, 0x01, 0x01, 0xFD, 0x03, 0x04, 0x04, 0xFD, 0x02, 0x03, 0x04, 0xFD,
    0x02, 0x03, 0x04, 0xFD, 0x00, 0x01, 0x02, 0xFD, 0x0E, 0x0F, 0x0E, 0xFD, 0x0A, 0x08, 0x08, 0xFD,
    0x0A, 0x08, 0x08, 0xFD, 0x00, 0x00, 0x00, 0xFD, 0x01, 0x1A, 0x36, 0xFD, 0x3F, 0x9B, 0xED, 0xFD,
    0x3F, 0x9B, 0xED, 0xFD, 0x35, 0xA6, 0xF6, 0xFD, 0x35, 0xA3, 0xF6, 0xFD, 0x2F, 0x9F, 0xF7, 0xFC,
    0x2F, 0x9F, 0xF7, 0xFC, 0x22, 0x96, 0xF6, 0xFC, 0x1D, 0x90, 0xF6, 0xFC, 0x1B, 0x8D, 0xF5, 0xFC,
    0x1B, 0x8D, 0xF5, 0xFC, 0x23, 0x94, 0xF9, 0xFC, 0x2E, 0x9D, 0xFA, 0xFC, 0x30, 0x9C, 0xFA, 0xFB,
    0x30, 0x9C, 0xFA, 0xFB, 0x30, 0x9A, 0xFB, 0xFB, 0x27, 0x92, 0xFA, 0xFB, 0x18, 0x83, 0xF5, 0xFB,
    0x11, 0x7D, 0xF5, 0xFA, 0x11, 0x7D, 0xF5, 0xFA, 0x1E, 0x81, 0xF4, 0xF8, 0x09, 0x33, 0x77, 0xF9,
    0x12, 0x3A, 0x75, 0xB0, 0x12, 0x3A, 0x75, 0xB0, 0x53, 0xA3, 0xE8, 0x0B, 0x4B, 0x9A, 0xE2, 0x1F,
    0x4E, 0x91, 0xD3, 0x4B, 0x4E, 0x91, 0xD3, 0x4B, 0x19, 0x46, 0x7C, 0xA8, 0x05, 0x19, 0x40, 0xC6,
    0x04, 0x0E, 0x2C, 0xD1, 0x04, 0x0E, 0x2C, 0xD1, 0x05, 0x11, 0x2D, 0xBE, 0x09, 0x1E, 0x46, 0xA3,
    0x3A, 0x82, 0xC2, 0x21, 0x3A, 0x82, 0xC2, 0x21, 0x42, 0x8F, 0xD3, 0x01, 0x3A, 0x86, 0xCB, 0x04,
    0x3B, 0x85, 0xCB, 0x02, 0x3B, 0x85, 0xCB, 0x02, 0x3B, 0x83, 0xC9, 0x01, 0x3B, 0x83, 0xC8, 0x01,
    0x00, 0x00, 0x00, 0x00, 0x00, 0x00, 0x00, 0x00, 0x00, 0x00, 0x00, 0x00, 0x00, 0x00, 0x00, 0x00,
    0x00, 0x00, 0x00, 0x00, 0x00, 0x00, 0x00, 0x00, 0x00, 0x00, 0x00, 0x00, 0x00, 0x00, 0x00, 0x00,
    0x00, 0x00, 0x00, 0x00, 0x00, 0x00, 0x00, 0x00, 0x00, 0x00, 0x00, 0x00, 0x00, 0x00, 0x00, 0x00,
    0x00, 0x00, 0x00, 0x00, 0x00, 0x00, 0x00, 0x00, 0x00, 0x00, 0x00, 0x00, 0x00, 0x00, 0x00, 0x00,
    0x00, 0x00, 0x00, 0x00, 0x00, 0x00, 0x00, 0x00, 0x00, 0x00, 0x00, 0x00, 0x00, 0x00, 0x00, 0x00,
    0x00, 0x00, 0x00, 0x00, 0x00, 0x00, 0x00, 0x00, 0x3D, 0x82, 0xC5, 0x02, 0x3D, 0x82, 0xC5, 0x02,
    0x40, 0x89, 0xCC, 0x04, 0x2B, 0x6E, 0xA2, 0x36, 0x10, 0x40, 0x71, 0xDE, 0x10, 0x40, 0x71, 0xDE,
    0x06, 0x42, 0x92, 0xF9, 0x11, 0x72, 0xE2, 0xF7, 0x12, 0x7E, 0xF5, 0xFA, 0x12, 0x7E, 0xF5, 0xFA,
    0x15, 0x82, 0xF7, 0xFA, 0x18, 0x87, 0xF9, 0xFA, 0x19, 0x86, 0xF7, 0xFB, 0x19, 0x86, 0xF7, 0xFB,
    0x1B, 0x88, 0xF9, 0xFB, 0x1A, 0x88, 0xF7, 0xFB, 0x20, 0x91, 0xF5, 0xFC, 0x20, 0x91, 0xF5, 0xFC,
    0x54, 0xC4, 0xFB, 0xFC, 0x67, 0xAA, 0xDC, 0xFC, 0x04, 0x14, 0x26, 0xFC, 0x04, 0x14, 0x26, 0xFC,
    0x03, 0x06, 0x09, 0xFC, 0x0C, 0x0E, 0x0D, 0xFD, 0x08, 0x0E, 0x0D, 0xFD, 0x08, 0x0E, 0x0D, 0xFD,
    0x12, 0x1A, 0x1E, 0xFD, 0x27, 0x39, 0x3B, 0xFD, 0x13, 0x21, 0x24, 0xFD, 0x00, 0x00, 0x00, 0xFD,
    0x00, 0x00, 0x00, 0xFD, 0x1D, 0x32, 0x49, 0xFD, 0xBA, 0xE6, 0xFA, 0xFD, 0xB9, 0xD6, 0xF7, 0xFD,
    0xB9, 0xD6, 0xF7, 0xFD, 0xC8, 0xDF, 0xF8, 0xFD, 0xD4, 0xE4, 0xF7, 0xFD, 0xE0, 0xF0, 0xF9, 0xFD,
    0xE0, 0xF0, 0xF9, 0xFD, 0xD8, 0xEA, 0xFA, 0xFD, 0xDE, 0xF2, 0xFD, 0xFD, 0xD9, 0xEA, 0xFA, 0xFD,
    0xD9, 0xEA, 0xFA, 0xFD, 0xE0, 0xF0, 0xFA, 0xFD, 0xD1, 0xE9, 0xFA, 0xFD, 0xA5, 0xDC, 0xFA, 0xFD,
    0xA5, 0xDC, 0xFA, 0xFD, 0x6D, 0xBB, 0xF7, 0xFD, 0x65, 0xB6, 0xF9, 0xFD, 0x5C, 0x93, 0xC7, 0xFD,
    0x5C, 0x93, 0xC7, 0xFD, 0x04, 0x0B, 0x0F, 0xFD, 0x02, 0x00, 0x00, 0xFD, 0x01, 0x01, 0x00, 0xFD,
    0x01, 0x01, 0x00, 0xFD, 0x00, 0x00, 0x00, 0xFD, 0x02, 0x02, 0x02, 0xFD, 0x05, 0x05, 0x04, 0xFD,
    0x05, 0x05, 0x04, 0xFD, 0x07, 0x05, 0x05, 0xFD, 0x64, 0x6E, 0x66, 0xFD, 0x6F, 0x83, 0x85, 0xFD,
    0x6F, 0x83, 0x85, 0xFD, 0x00, 0x00, 0x00, 0xFD, 0x0E, 0x40, 0x6C, 0xFD, 0x62, 0xC1, 0xF7, 0xFD,
    0x62, 0xC1, 0xF7, 0xFD, 0x37, 0xAA, 0xF7, 0xFC, 0x2B, 0x9E, 0xF7, 0xFD, 0x22, 0x98, 0xF8, 0xFC,
    0x22, 0x98, 0xF8, 0xFC, 0x17, 0x8E, 0xF5, 0xFC, 0x16, 0x89, 0xF4, 0xFC, 0x14, 0x87, 0xF2, 0xFC,
    0x14, 0x87, 0xF2, 0xFC, 0x17, 0x8A, 0xF3, 0xFC, 0x19, 0x89, 0xF1, 0xFB, 0x20, 0x90, 0xF7, 0xFB,
    0x20, 0x90, 0xF7, 0xFB, 0x23, 0x8E, 0xF8, 0xFB, 0x1E, 0x89, 0xF7, 0xFA, 0x19, 0x86, 0xF6, 0xFB,
    0x17, 0x82, 0xF6, 0xF7, 0x17, 0x82, 0xF6, 0xF7, 0x1A, 0x74, 0xE3, 0xF8, 0x1C, 0x55, 0xA0, 0xEC,
    0x14, 0x41, 0x7C, 0xBA, 0x14, 0x41, 0x7C, 0xBA, 0x3C, 0x7F, 0xBA, 0x35, 0x48, 0x88, 0xC6, 0x7B,
    0x12, 0x3C, 0x72, 0xE3, 0x12, 0x3C, 0x72, 0xE3, 0x3D, 0x67, 0x8B, 0xF9, 0x89, 0xAE, 0xC3, 0xF6,
    0xA4, 0xBC, 0xD3, 0xFB, 0xA4, 0xBC, 0xD3, 0xFB, 0xB1, 0xD2, 0xE7, 0xF3, 0x68, 0x8A, 0xA6, 0xE6,
    0x18, 0x3C, 0x65, 0x78, 0x18, 0x3C, 0x65, 0x78, 0x47, 0x86, 0xC6, 0x1B, 0x41, 0x8D, 0xD1, 0x02,
    0x39, 0x85, 0xCA, 0x02, 0x39, 0x85, 0xCA, 0x02, 0x3B, 0x85, 0xCA, 0x01, 0x3B, 0x83, 0xC8, 0x01,
    0x00, 0x00, 0x00, 0x00, 0x00, 0x00, 0x00, 0x00, 0x3B, 0x83, 0xC8, 0x01, 0x00, 0x00, 0x00, 0x00,
    0x00, 0x00, 0x00, 0x00, 0x00, 0x00, 0x00, 0x00, 0x00, 0x00, 0x00, 0x00, 0x00, 0x00, 0x00, 0x00,
    0x00, 0x00, 0x00, 0x00, 0x00, 0x00, 0x00, 0x00, 0x00, 0x00, 0x00, 0x00, 0x00, 0x00, 0x00, 0x00,
    0x00, 0x00, 0x00, 0x00, 0x00, 0x00, 0x00, 0x00, 0x00, 0x00, 0x00, 0x00, 0x00, 0x00, 0x00, 0x00,
    0x00, 0x00, 0x00, 0x00, 0x00, 0x00, 0x00, 0x00, 0x00, 0x00, 0x00, 0x00, 0x00, 0x00, 0x00, 0x00,
    0x00, 0x00, 0x00, 0x00, 0x00, 0x00, 0x00, 0x00, 0x3D, 0x82, 0xC5, 0x02, 0x3D, 0x82, 0xC5, 0x02,
    0x40, 0x89, 0xCC, 0x04, 0x2B, 0x6E, 0xA2, 0x36, 0x10, 0x40, 0x71, 0xDE, 0x10, 0x40, 0x71, 0xDE,
    0x06, 0x42, 0x92, 0xF9, 0x11, 0x72, 0xE2, 0xF7, 0x12, 0x7E, 0xF5, 0xFA, 0x12, 0x7E, 0xF5, 0xFA,
    0x15, 0x82, 0xF7, 0xFA, 0x18, 0x87, 0xF9, 0xFA, 0x19, 0x86, 0xF7, 0xFB, 0x19, 0x86, 0xF7, 0xFB,
    0x1B, 0x88, 0xF9, 0xFB, 0x1A, 0x88, 0xF7, 0xFB, 0x20, 0x91, 0xF5, 0xFC, 0x20, 0x91, 0xF5, 0xFC,
    0x54, 0xC4, 0xFB, 0xFC, 0x67, 0xAA, 0xDC, 0xFC, 0x04, 0x14, 0x26, 0xFC, 0x04, 0x14, 0x26, 0xFC,
    0x03, 0x06, 0x09, 0xFC, 0x0C, 0x0E, 0x0D, 0xFD, 0x08, 0x0E, 0x0D, 0xFD, 0x08, 0x0E, 0x0D, 0xFD,
    0x12, 0x1A, 0x1E, 0xFD, 0x27, 0x39, 0x3B, 0xFD, 0x13, 0x21, 0x24, 0xFD, 0x00, 0x00, 0x00, 0xFD,
    0x00, 0x00, 0x00, 0xFD, 0x1D, 0x32, 0x49, 0xFD, 0xBA, 0xE6, 0xFA, 0xFD, 0xB9, 0xD6, 0xF7, 0xFD,
    0xB9, 0xD6, 0xF7, 0xFD, 0xC8, 0xDF, 0xF8, 0xFD, 0xD4, 0xE4, 0xF7, 0xFD, 0xE0, 0xF0, 0xF9, 0xFD,
    0xE0, 0xF0, 0xF9, 0xFD, 0xD8, 0xEA, 0xFA, 0xFD, 0xDE, 0xF2, 0xFD, 0xFD, 0xD9, 0xEA, 0xFA, 0xFD,
    0xD9, 0xEA, 0xFA, 0xFD, 0xE0, 0xF0, 0xFA, 0xFD, 0xD1, 0xE9, 0xFA, 0xFD, 0xA5, 0xDC, 0xFA, 0xFD,
    0xA5, 0xDC, 0xFA, 0xFD, 0x6D, 0xBB, 0xF7, 0xFD, 0x65, 0xB6, 0xF9, 0xFD, 0x5C, 0x93, 0xC7, 0xFD,
    0x5C, 0x93, 0xC7, 0xFD, 0x04, 0x0B, 0x0F, 0xFD, 0x02, 0x00, 0x00, 0xFD, 0x01, 0x01, 0x00, 0xFD,
    0x01, 0x01, 0x00, 0xFD, 0x00, 0x00, 0x00, 0xFD, 0x02, 0x02, 0x02, 0xFD, 0x05, 0x05, 0x04, 0xFD,
    0x05, 0x05, 0x04, 0xFD, 0x07, 0x05, 0x05, 0xFD, 0x64, 0x6E, 0x66, 0xFD, 0x6F, 0x83, 0x85, 0xFD,
    0x6F, 0x83, 0x85, 0xFD, 0x00, 0x00, 0x00, 0xFD, 0x0E, 0x40, 0x6C, 0xFD, 0x62, 0xC1, 0xF7, 0xFD,
    0x62, 0xC1, 0xF7, 0xFD, 0x37, 0xAA, 0xF7, 0xFC, 0x2B, 0x9E, 0xF7, 0xFD, 0x22, 0x98, 0xF8, 0xFC,
    0x22, 0x98, 0xF8, 0xFC, 0x17, 0x8E, 0xF5, 0xFC, 0x16, 0x89, 0xF4, 0xFC, 0x14, 0x87, 0xF2, 0xFC,
    0x14, 0x87, 0xF2, 0xFC, 0x17, 0x8A, 0xF3, 0xFC, 0x19, 0x89, 0xF1, 0xFB, 0x20, 0x90, 0xF7, 0xFB,
    0x20, 0x90, 0xF7, 0xFB, 0x23, 0x8E, 0xF8, 0xFB, 0x1E, 0x89, 0xF7, 0xFA, 0x19, 0x86, 0xF6, 0xFB,
    0x17, 0x82, 0xF6, 0xF7, 0x17, 0x82, 0xF6, 0xF7, 0x1A, 0x74, 0xE3, 0xF8, 0x1C, 0x55, 0xA0, 0xEC,
    0x14, 0x41, 0x7C, 0xBA, 0x14, 0x41, 0x7C, 0xBA, 0x3C, 0x7F, 0xBA, 0x35, 0x48, 0x88, 0xC6, 0x7B,
    0x12, 0x3C, 0x72, 0xE3, 0x12, 0x3C, 0x72, 0xE3, 0x3D, 0x67, 0x8B, 0xF9, 0x89, 0xAE, 0xC3, 0xF6,
    0xA4, 0xBC, 0xD3, 0xFB, 0xA4, 0xBC, 0xD3, 0xFB, 0xB1, 0xD2, 0xE7, 0xF3, 0x68, 0x8A, 0xA6, 0xE6,
    0x18, 0x3C, 0x65, 0x78, 0x18, 0x3C, 0x65, 0x78, 0x47, 0x86, 0xC6, 0x1B, 0x41, 0x8D, 0xD1, 0x02,
    0x39, 0x85, 0xCA, 0x02, 0x39, 0x85, 0xCA, 0x02, 0x3B, 0x85, 0xCA, 0x01, 0x3B, 0x83, 0xC8, 0x01,
    0x00, 0x00, 0x00, 0x00, 0x00, 0x00, 0x00, 0x00, 0x3B, 0x83, 0xC8, 0x01, 0x00, 0x00, 0x00, 0x00,
    0x00, 0x00, 0x00, 0x00, 0x00, 0x00, 0x00, 0x00, 0x00, 0x00, 0x00, 0x00, 0x00, 0x00, 0x00, 0x00,
    0x00, 0x00, 0x00, 0x00, 0x00, 0x00, 0x00, 0x00, 0x00, 0x00, 0x00, 0x00, 0x00, 0x00, 0x00, 0x00,
    0x00, 0x00, 0x00, 0x00, 0x00, 0x00, 0x00, 0x00, 0x00, 0x00, 0x00, 0x00, 0x00, 0x00, 0x00, 0x00,
    0x00, 0x00, 0x00, 0x00, 0x00, 0x00, 0x00, 0x00, 0x00, 0x00, 0x00, 0x00, 0x00, 0x00, 0x00, 0x00,
    0x00, 0x00, 0x00, 0x00, 0x00, 0x00, 0x00, 0x00, 0x3D, 0x83, 0xC7, 0x01, 0x3D, 0x83, 0xC7, 0x01,
    0x39, 0x82, 0xC6, 0x04, 0x3E, 0x84, 0xBF, 0x09, 0x0D, 0x32, 0x5C, 0x9F, 0x0D, 0x32, 0x5C, 0x9F,
    0x00, 0x1E, 0x5D, 0xFD, 0x16, 0x72, 0xE2, 0xF6, 0x13, 0x80, 0xF7, 0xFA, 0x13, 0x80, 0xF7, 0xFA,
    0x15, 0x7E, 0xF4, 0xFA, 0x1B, 0x85, 0xF7, 0xFA, 0x1F, 0x8A, 0xF9, 0xFB, 0x1F, 0x8A, 0xF9, 0xFB,
    0x24, 0x8C, 0xFA, 0xFB, 0x21, 0x86, 0xF8, 0xFC, 0x22, 0x8E, 0xF5, 0xFC, 0x22, 0x8E, 0xF5, 0xFC,
    0x32, 0x95, 0xF1, 0xFC, 0x6F, 0xBD, 0xF6, 0xFC, 0x52, 0x89, 0xBF, 0xFC, 0x52, 0x89, 0xBF, 0xFC,
    0x08, 0x1C, 0x28, 0xFC, 0x12, 0x16, 0x14, 0xFD, 0x27, 0x36, 0x32, 0xFD, 0x27, 0x36, 0x32, 0xFD,
    0x29, 0x33, 0x3D, 0xFD, 0x5E, 0x78, 0x86, 0xFD, 0x39, 0x5A, 0x6D, 0xFD, 0x00, 0x00, 0x00, 0xFD,
    0x00, 0x00, 0x00, 0xFD, 0x3E, 0x50, 0x76, 0xFD, 0xE5, 0xF3, 0xFA, 0xFD, 0xE2, 0xEA, 0xF9, 0xFD,
    0xE2, 0xEA, 0xF9, 0xFD, 0xE9, 0xF3, 0xFC, 0xFD, 0xDB, 0xE8, 0xFA, 0xFD, 0xDE, 0xF3, 0xFC, 0xFD,
    0xDE, 0xF3, 0xFC, 0xFD, 0xB2, 0xCF, 0xF4, 0xFD, 0xAE, 0xC8, 0xF0, 0xFD, 0xDB, 0xEE, 0xFC, 0xFD,
    0xDB, 0xEE, 0xFC, 0xFD, 0xF3, 0xF9, 0xFD, 0xFD, 0xF4, 0xF5, 0xFA, 0xFD, 0xF1, 0xF8, 0xFC, 0xFD,
    0xF1, 0xF8, 0xFC, 0xFD, 0xC7, 0xDF, 0xF7, 0xFD, 0xA8, 0xD2, 0xF9, 0xFD, 0x86, 0xB1, 0xD1, 0xFD,
    0x86, 0xB1, 0xD1, 0xFD, 0x0A, 0x13, 0x15, 0xFD, 0x07, 0x05, 0x01, 0xFD, 0x06, 0x05, 0x01, 0xFD,
    0x06, 0x05, 0x01, 0xFD, 0x00, 0x00, 0x00, 0xFD, 0x0B, 0x09, 0x06, 0xFD, 0x20, 0x20, 0x1D, 0xFD,
    0x20, 0x20, 0x1D, 0xFD, 0x21, 0x22, 0x22, 0xFD, 0x4A, 0x56, 0x57, 0xFD, 0x80, 0xA2, 0xAE, 0xFD,
    0x80, 0xA2, 0xAE, 0xFD, 0x00, 0x20, 0x42, 0xFD, 0x59, 0x9E, 0xCB, 0xFD, 0x79, 0xD2, 0xFA, 0xFD,
    0x79, 0xD2, 0xFA, 0xFD, 0x36, 0x9F, 0xF7, 0xFD, 0x2A, 0x99, 0xF9, 0xFD, 0x1F, 0x96, 0xFA, 0xFC,
    0x1F, 0x96, 0xFA, 0xFC, 0x1E, 0x96, 0xFB, 0xFC, 0x21, 0x95, 0xFC, 0xFC, 0x21, 0x91, 0xFA, 0xFC,
    0x21, 0x91, 0xFA, 0xFC, 0x1F, 0x8E, 0xF8, 0xFC, 0x19, 0x88, 0xF3, 0xFB, 0x19, 0x89, 0xF4, 0xFB,
    0x19, 0x89, 0xF4, 0xFB, 0x17, 0x7D, 0xEF, 0xFB, 0x17, 0x7E, 0xEF, 0xFA, 0x0F, 0x74, 0xE6, 0xF9,
    0x18, 0x76, 0xE3, 0xF7, 0x18, 0x76, 0xE3, 0xF7, 0x0E, 0x4A, 0xA6, 0xFB, 0x2D, 0x6C, 0xB2, 0xDF,
    0x4C, 0x8B, 0xC6, 0xB7, 0x4C, 0x8B, 0xC6, 0xB7, 0x0C, 0x34, 0x71, 0xCA, 0x06, 0x1F, 0x53, 0xE6,
    0x45, 0x6E, 0x98, 0xFC, 0x45, 0x6E, 0x98, 0xFC, 0xCC, 0xED, 0xFD, 0xF9, 0xE8, 0xFE, 0xFF, 0xF5,
    0xCD, 0xE9, 0xFE, 0xF8, 0xCD, 0xE9, 0xFE, 0xF8, 0xC8, 0xEC, 0xFF, 0xF8, 0x84, 0xAA, 0xD0, 0xEC,
    0x16, 0x2A, 0x57, 0xE8, 0x16, 0x2A, 0x57, 0xE8, 0x13, 0x32, 0x62, 0xB2, 0x37, 0x7D, 0xC3, 0x1A,
    0x3B, 0x86, 0xCC, 0x02, 0x3B, 0x86, 0xCC, 0x02, 0x38, 0x85, 0xC9, 0x04, 0x3A, 0x83, 0xC8, 0x01,
    0x3A, 0x83, 0xC8, 0x01, 0x3A, 0x83, 0xC8, 0x01, 0x3B, 0x82, 0xC7, 0x01, 0x00, 0x00, 0x00, 0x00,
    0x00, 0x00, 0x00, 0x00, 0x00, 0x00, 0x00, 0x00, 0x00, 0x00, 0x00, 0x00, 0x00, 0x00, 0x00, 0x00,
    0x00, 0x00, 0x00, 0x00, 0x00, 0x00, 0x00, 0x00, 0x00, 0x00, 0x00, 0x00, 0x00, 0x00, 0x00, 0x00,
    0x00, 0x00, 0x00, 0x00, 0x00, 0x00, 0x00, 0x00, 0x00, 0x00, 0x00, 0x00, 0x00, 0x00, 0x00, 0x00,
    0x00, 0x00, 0x00, 0x00, 0x00, 0x00, 0x00, 0x00, 0x00, 0x00, 0x00, 0x00, 0x00, 0x00, 0x00, 0x00,
    0x00, 0x00, 0x00, 0x00, 0x00, 0x00, 0x00, 0x00, 0x3E, 0x84, 0xC6, 0x01, 0x3E, 0x84, 0xC6, 0x01,
    0x3A, 0x83, 0xC6, 0x05, 0x44, 0x8D, 0xCA, 0x07, 0x15, 0x40, 0x71, 0x9F, 0x15, 0x40, 0x71, 0x9F,
    0x04, 0x2E, 0x72, 0xFB, 0x1C, 0x7F, 0xEC, 0xF3, 0x17, 0x86, 0xF8, 0xF9, 0x17, 0x86, 0xF8, 0xF9,
    0x1A, 0x84, 0xF6, 0xFA, 0x1F, 0x8A, 0xF7, 0xF9, 0x26, 0x90, 0xF9, 0xFB, 0x26, 0x90, 0xF9, 0xFB,
    0x25, 0x90, 0xFC, 0xFA, 0x27, 0x95, 0xFD, 0xFB, 0x2A, 0xA0, 0xFD, 0xFB, 0x2A, 0xA0, 0xFD, 0xFB,
    0x2B, 0x9C, 0xF9, 0xFC, 0x46, 0xB3, 0xFA, 0xFB, 0x7B, 0xE8, 0xFC, 0xFC, 0x7B, 0xE8, 0xFC, 0xFC,
    0x48, 0x8A, 0xB7, 0xFC, 0x03, 0x14, 0x27, 0xFC, 0x0C, 0x16, 0x1D, 0xFD, 0x0C, 0x16, 0x1D, 0xFD,
    0x00, 0x00, 0x0B, 0xFD, 0x00, 0x01, 0x12, 0xFD, 0x16, 0x2D, 0x46, 0xFD, 0x34, 0x4E, 0x70, 0xFD,
    0x34, 0x4E, 0x70, 0xFD, 0xAB, 0xBF, 0xD7, 0xFD, 0xF0, 0xF7, 0xFB, 0xFD, 0xED, 0xF4, 0xFA, 0xFD,
    0xED, 0xF4, 0xFA, 0xFD, 0xE5, 0xED, 0xF9, 0xFD, 0x54, 0x62, 0x93, 0xFD, 0x44, 0x62, 0x9D, 0xFD,
    0x44, 0x62, 0x9D, 0xFD, 0x39, 0x5C, 0x9F, 0xFD, 0x24, 0x3B, 0x83, 0xFD, 0x48, 0x5E, 0x9A, 0xFD,
    0x48, 0x5E, 0x9A, 0xFD, 0xD5, 0xDF, 0xF2, 0xFD, 0xFF, 0xFE, 0xFE, 0xFD, 0xFE, 0xFF, 0xFE, 0xFD,
    0xFE, 0xFF, 0xFE, 0xFD, 0xF5, 0xFB, 0xFE, 0xFD, 0xE8, 0xF9, 0xFE, 0xFD, 0xB9, 0xD0, 0xE3, 0xFD,
    0xB9, 0xD0, 0xE3, 0xFD, 0x14, 0x1A, 0x20, 0xFD, 0x06, 0x03, 0x03, 0xFD, 0x0D, 0x0F, 0x0A, 0xFD,
    0x0D, 0x0F, 0x0A, 0xFD, 0x0F, 0x10, 0x0C, 0xFD, 0x23, 0x23, 0x1E, 0xFD, 0x34, 0x36, 0x33, 0xFD,
    0x34, 0x36, 0x33, 0xFD, 0x38, 0x3E, 0x3E, 0xFD, 0x0D, 0x0D, 0x13, 0xFD, 0x23, 0x45, 0x5C, 0xFD,
    0x23, 0x45, 0x5C, 0xFD, 0x5F, 0xA2, 0xCA, 0xFD, 0xA8, 0xED, 0xFB, 0xFD, 0x8E, 0xDF, 0xFC, 0xFD,
    0x8E, 0xDF, 0xFC, 0xFD, 0x55, 0xBB, 0xFB, 0xFC, 0x32, 0xA4, 0xFC, 0xFC, 0x27, 0xA0, 0xFC, 0xFC,
    0x27, 0xA0, 0xFC, 0xFC, 0x27, 0x9E, 0xFD, 0xFC, 0x2E, 0xA3, 0xFE, 0xFC, 0x2C, 0x9E, 0xFE, 0xFB,
    0x2C, 0x9E, 0xFE, 0xFB, 0x2C, 0x9E, 0xFE, 0xFB, 0x26, 0x96, 0xFC, 0xFB, 0x20, 0x8F, 0xF9, 0xFA,
    0x20, 0x8F, 0xF9, 0xFA, 0x1B, 0x83, 0xF4, 0xFA, 0x1A, 0x88, 0xF4, 0xF9, 0x0F, 0x74, 0xE2, 0xF7,
    0x13, 0x60, 0xC8, 0xF5, 0x13, 0x60, 0xC8, 0xF5, 0x03, 0x25, 0x6F, 0xF7, 0x16, 0x47, 0x83, 0xCB,
    0x79, 0xCA, 0xF8, 0xAA, 0x79, 0xCA, 0xF8, 0xAA, 0x2A, 0x63, 0x97, 0xFB, 0x2A, 0x52, 0x7D, 0xF7,
    0xCB, 0xED, 0xFD, 0xFA, 0xCB, 0xED, 0xFD, 0xFA, 0xD2, 0xEF, 0xFC, 0xF9, 0xC4, 0xE2, 0xF4, 0xFA,
    0xBE, 0xE0, 0xF9, 0xFA, 0xBE, 0xE0, 0xF9, 0xFA, 0xAF, 0xD6, 0xF9, 0xFA, 0xB4, 0xD8, 0xF5, 0xFB,
    0xC5, 0xE7, 0xF9, 0xF6, 0xC5, 0xE7, 0xF9, 0xF6, 0x45, 0x69, 0x8A, 0xF6, 0x12, 0x3C, 0x76, 0x85,
    0x3D, 0x84, 0xCC, 0x13, 0x3D, 0x84, 0xCC, 0x13, 0x37, 0x84, 0xC9, 0x05, 0x38, 0x83, 0xC9, 0x01,
    0x00, 0x00, 0x00, 0x00, 0x00, 0x00, 0x00, 0x00, 0x3B, 0x82, 0xC7, 0x01, 0x00, 0x00, 0x00, 0x00,
    0x00, 0x00, 0x00, 0x00, 0x00, 0x00, 0x00, 0x00, 0x00, 0x00, 0x00, 0x00, 0x00, 0x00, 0x00, 0x00,
    0x00, 0x00, 0x00, 0x00, 0x00, 0x00, 0x00, 0x00, 0x00, 0x00, 0x00, 0x00, 0x00, 0x00, 0x00, 0x00,
    0x00, 0x00, 0x00, 0x00, 0x00, 0x00, 0x00, 0x00, 0x00, 0x00, 0x00, 0x00, 0x00, 0x00, 0x00, 0x00,
    0x00, 0x00, 0x00, 0x00, 0x00, 0x00, 0x00, 0x00, 0x00, 0x00, 0x00, 0x00, 0x00, 0x00, 0x00, 0x00,
    0x00, 0x00, 0x00, 0x00, 0x00, 0x00, 0x00, 0x00, 0x3F, 0x84, 0xC7, 0x01, 0x3F, 0x84, 0xC7, 0x01,
    0x3C, 0x83, 0xC7, 0x04, 0x3F, 0x8C, 0xCC, 0x01, 0x32, 0x77, 0xAE, 0x65, 0x32, 0x77, 0xAE, 0x65,
    0x0C, 0x4A, 0x92, 0xE9, 0x14, 0x74, 0xDF, 0xF1, 0x16, 0x7B, 0xF3, 0xF9, 0x16, 0x7B, 0xF3, 0xF9,
    0x1B, 0x82, 0xF4, 0xFA, 0x22, 0x8C, 0xF7, 0xFA, 0x24, 0x88, 0xF5, 0xFA, 0x24, 0x88, 0xF5, 0xFA,
    0x28, 0x8E, 0xFA, 0xFA, 0x26, 0x92, 0xFC, 0xFB, 0x23, 0x95, 0xFD, 0xFB, 0x23, 0x95, 0xFD, 0xFB,
    0x23, 0x91, 0xFB, 0xFB, 0x28, 0x95, 0xFB, 0xFC, 0x36, 0x9D, 0xFA, 0xFC, 0x36, 0x9D, 0xFA, 0xFC,
    0x43, 0x98, 0xE9, 0xFC, 0x33, 0x66, 0xAB, 0xFD, 0x3D, 0x64, 0x8A, 0xFD, 0x3D, 0x64, 0x8A, 0xFD,
    0x36, 0x49, 0x72, 0xFD, 0x44, 0x57, 0x7B, 0xFD, 0x90, 0xB2, 0xCF, 0xFD, 0xCB, 0xEA, 0xF9, 0xFD,
    0xCB, 0xEA, 0xF9, 0xFD, 0xE5, 0xF3, 0xFA, 0xFD, 0xE9, 0xF0, 0xF7, 0xFD, 0xF3, 0xF7, 0xFA, 0xFD,
    0xF3, 0xF7, 0xFA, 0xFD, 0xEE, 0xF2, 0xFA, 0xFD, 0x57, 0x5F, 0x91, 0xFD, 0x0F, 0x27, 0x66, 0xFD,
    0x0F, 0x27, 0x66, 0xFD, 0x16, 0x32, 0x7A, 0xFD, 0x08, 0x12, 0x57, 0xFD, 0x26, 0x36, 0x70, 0xFD,
    0x26, 0x36, 0x70, 0xFD, 0xD1, 0xD8, 0xEF, 0xFD, 0xFF, 0xFF, 0xFF, 0xFD, 0xFF, 0xFF, 0xFF, 0xFD,
    0xFF, 0xFF, 0xFF, 0xFD, 0xFD, 0xFE, 0xFE, 0xFD, 0xF2, 0xF7, 0xFD, 0xFD, 0xF0, 0xF7, 0xFE, 0xFD,
    0xF0, 0xF7, 0xFE, 0xFD, 0x8E, 0x9A, 0xA2, 0xFD, 0x19, 0x20, 0x22, 0xFD, 0x07, 0x0D, 0x0E, 0xFD,
    0x07, 0x0D, 0x0E, 0xFD, 0x06, 0x0B, 0x10, 0xFD, 0x07, 0x12, 0x18, 0xFD, 0x02, 0x05, 0x0E, 0xFD,
    0x02, 0x05, 0x0E, 0xFD, 0x0C, 0x1A, 0x25, 0xFD, 0x16, 0x27, 0x39, 0xFD, 0x73, 0xA2, 0xC3, 0xFD,
    0x73, 0xA2, 0xC3, 0xFD, 0x88, 0xD5, 0xF8, 0xFD, 0x76, 0xCB, 0xFA, 0xFD, 0x6E, 0xCE, 0xFC, 0xFD,
    0x6E, 0xCE, 0xFC, 0xFD, 0x51, 0xC4, 0xFD, 0xFC, 0x2F, 0xA4, 0xFD, 0xFD, 0x2A, 0xA8, 0xFE, 0xFC,
    0x2A, 0xA8, 0xFE, 0xFC, 0x25, 0x9B, 0xFD, 0xFC, 0x28, 0x98, 0xFD, 0xFC, 0x28, 0x98, 0xFC, 0xFC,
    0x28, 0x98, 0xFC, 0xFC, 0x23, 0x93, 0xFC, 0xFB, 0x20, 0x8F, 0xFA, 0xFB, 0x20, 0x8E, 0xFA, 0xFA,
    0x20, 0x8E, 0xFA, 0xFA, 0x1D, 0x84, 0xF6, 0xFA, 0x14, 0x77, 0xED, 0xF9, 0x18, 0x7E, 0xEA, 0xF9,
    0x16, 0x5F, 0xBF, 0xF3, 0x16, 0x5F, 0xBF, 0xF3, 0x09, 0x2D, 0x70, 0xED, 0x09, 0x2A, 0x61, 0xC3,
    0x4D, 0x8C, 0xC1, 0xBB, 0x4D, 0x8C, 0xC1, 0xBB, 0x2B, 0x67, 0x9D, 0xF6, 0x7F, 0xAF, 0xD4, 0xF5,
    0xE7, 0xFE, 0xFF, 0xFB, 0xE7, 0xFE, 0xFF, 0xFB, 0xD0, 0xEB, 0xF6, 0xFA, 0xC4, 0xE1, 0xF6, 0xFB,
    0xCA, 0xEF, 0xFD, 0xFB, 0xCA, 0xEF, 0xFD, 0xFB, 0xC5, 0xEA, 0xFD, 0xFB, 0xBE, 0xE0, 0xF6, 0xFB,
    0xDE, 0xF9, 0xFE, 0xF5, 0xDE, 0xF9, 0xFE, 0xF5, 0x59, 0x79, 0x9A, 0xF3, 0x09, 0x23, 0x53, 0xA6,
    0x38, 0x79, 0xBF, 0x3A, 0x38, 0x79, 0xBF, 0x3A, 0x34, 0x80, 0xCB, 0x08, 0x36, 0x82, 0xCA, 0x03,
    0x3A, 0x83, 0xC9, 0x01, 0x3A, 0x83, 0xC9, 0x01, 0x3B, 0x82, 0xC8, 0x02, 0x00, 0x00, 0x00, 0x00,
    0x00, 0x00, 0x00, 0x00, 0x00, 0x00, 0x00, 0x00, 0x00, 0x00, 0x00, 0x00, 0x00, 0x00, 0x00, 0x00,
    0x00, 0x00, 0x00, 0x00, 0x00, 0x00, 0x00, 0x00, 0x00, 0x00, 0x00, 0x00, 0x00, 0x00, 0x00, 0x00,
    0x00, 0x00, 0x00, 0x00, 0x00, 0x00, 0x00, 0x00, 0x00, 0x00, 0x00, 0x00, 0x00, 0x00, 0x00, 0x00,
    0x00, 0x00, 0x00, 0x00, 0x00, 0x00, 0x00, 0x00, 0x00, 0x00, 0x00, 0x00, 0x00, 0x00, 0x00, 0x00,
    0x00, 0x00, 0x00, 0x00, 0x00, 0x00, 0x00, 0x00, 0x3F, 0x84, 0xC7, 0x01, 0x3F, 0x84, 0xC7, 0x01,
    0x3C, 0x83, 0xC7, 0x04, 0x3F, 0x8C, 0xCC, 0x01, 0x32, 0x77, 0xAE, 0x65, 0x32, 0x77, 0xAE, 0x65,
    0x0C, 0x4A, 0x92, 0xE9, 0x14, 0x74, 0xDF, 0xF1, 0x16, 0x7B, 0xF3, 0xF9, 0x16, 0x7B, 0xF3, 0xF9,
    0x1B, 0x82, 0xF4, 0xFA, 0x22, 0x8C, 0xF7, 0xFA, 0x24, 0x88, 0xF5, 0xFA, 0x24, 0x88, 0xF5, 0xFA,
    0x28, 0x8E, 0xFA, 0xFA, 0x26, 0x92, 0xFC, 0xFB, 0x23, 0x95, 0xFD, 0xFB, 0x23, 0x95, 0xFD, 0xFB,
    0x23, 0x91, 0xFB, 0xFB, 0x28, 0x95, 0xFB, 0xFC, 0x36, 0x9D, 0xFA, 0xFC, 0x36, 0x9D, 0xFA, 0xFC,
    0x43, 0x98, 0xE9, 0xFC, 0x33, 0x66, 0xAB, 0xFD, 0x3D, 0x64, 0x8A, 0xFD, 0x3D, 0x64, 0x8A, 0xFD,
    0x36, 0x49, 0x72, 0xFD, 0x44, 0x57, 0x7B, 0xFD, 0x90, 0xB2, 0xCF, 0xFD, 0xCB, 0xEA, 0xF9, 0xFD,
    0xCB, 0xEA, 0xF9, 0xFD, 0xE5, 0xF3, 0xFA, 0xFD, 0xE9, 0xF0, 0xF7, 0xFD, 0xF3, 0xF7, 0xFA, 0xFD,
    0xF3, 0xF7, 0xFA, 0xFD, 0xEE, 0xF2, 0xFA, 0xFD, 0x57, 0x5F, 0x91, 0xFD, 0x0F, 0x27, 0x66, 0xFD,
    0x0F, 0x27, 0x66, 0xFD, 0x16, 0x32, 0x7A, 0xFD, 0x08, 0x12, 0x57, 0xFD, 0x26, 0x36, 0x70, 0xFD,
    0x26, 0x36, 0x70, 0xFD, 0xD1, 0xD8, 0xEF, 0xFD, 0xFF, 0xFF, 0xFF, 0xFD, 0xFF, 0xFF, 0xFF, 0xFD,
    0xFF, 0xFF, 0xFF, 0xFD, 0xFD, 0xFE, 0xFE, 0xFD, 0xF2, 0xF7, 0xFD, 0xFD, 0xF0, 0xF7, 0xFE, 0xFD,
    0xF0, 0xF7, 0xFE, 0xFD, 0x8E, 0x9A, 0xA2, 0xFD, 0x19, 0x20, 0x22, 0xFD, 0x07, 0x0D, 0x0E, 0xFD,
    0x07, 0x0D, 0x0E, 0xFD, 0x06, 0x0B, 0x10, 0xFD, 0x07, 0x12, 0x18, 0xFD, 0x02, 0x05, 0x0E, 0xFD,
    0x02, 0x05, 0x0E, 0xFD, 0x0C, 0x1A, 0x25, 0xFD, 0x16, 0x27, 0x39, 0xFD, 0x73, 0xA2, 0xC3, 0xFD,
    0x73, 0xA2, 0xC3, 0xFD, 0x88, 0xD5, 0xF8, 0xFD, 0x76, 0xCB, 0xFA, 0xFD, 0x6E, 0xCE, 0xFC, 0xFD,
    0x6E, 0xCE, 0xFC, 0xFD, 0x51, 0xC4, 0xFD, 0xFC, 0x2F, 0xA4, 0xFD, 0xFD, 0x2A, 0xA8, 0xFE, 0xFC,
    0x2A, 0xA8, 0xFE, 0xFC, 0x25, 0x9B, 0xFD, 0xFC, 0x28, 0x98, 0xFD, 0xFC, 0x28, 0x98, 0xFC, 0xFC,
    0x28, 0x98, 0xFC, 0xFC, 0x23, 0x93, 0xFC, 0xFB, 0x20, 0x8F, 0xFA, 0xFB, 0x20, 0x8E, 0xFA, 0xFA,
    0x20, 0x8E, 0xFA, 0xFA, 0x1D, 0x84, 0xF6, 0xFA, 0x14, 0x77, 0xED, 0xF9, 0x18, 0x7E, 0xEA, 0xF9,
    0x16, 0x5F, 0xBF, 0xF3, 0x16, 0x5F, 0xBF, 0xF3, 0x09, 0x2D, 0x70, 0xED, 0x09, 0x2A, 0x61, 0xC3,
    0x4D, 0x8C, 0xC1, 0xBB, 0x4D, 0x8C, 0xC1, 0xBB, 0x2B, 0x67, 0x9D, 0xF6, 0x7F, 0xAF, 0xD4, 0xF5,
    0xE7, 0xFE, 0xFF, 0xFB, 0xE7, 0xFE, 0xFF, 0xFB, 0xD0, 0xEB, 0xF6, 0xFA, 0xC4, 0xE1, 0xF6, 0xFB,
    0xCA, 0xEF, 0xFD, 0xFB, 0xCA, 0xEF, 0xFD, 0xFB, 0xC5, 0xEA, 0xFD, 0xFB, 0xBE, 0xE0, 0xF6, 0xFB,
    0xDE, 0xF9, 0xFE, 0xF5, 0xDE, 0xF9, 0xFE, 0xF5, 0x59, 0x79, 0x9A, 0xF3, 0x09, 0x23, 0x53, 0xA6,
    0x38, 0x79, 0xBF, 0x3A, 0x38, 0x79, 0xBF, 0x3A, 0x34, 0x80, 0xCB, 0x08, 0x36, 0x82, 0xCA, 0x03,
    0x3A, 0x83, 0xC9, 0x01, 0x3A, 0x83, 0xC9, 0x01, 0x3B, 0x82, 0xC8, 0x02, 0x00, 0x00, 0x00, 0x00,
    0x00, 0x00, 0x00, 0x00, 0x00, 0x00, 0x00, 0x00, 0x00, 0x00, 0x00, 0x00, 0x00, 0x00, 0x00, 0x00,
    0x00, 0x00, 0x00, 0x00, 0x00, 0x00, 0x00, 0x00, 0x00, 0x00, 0x00, 0x00, 0x00, 0x00, 0x00, 0x00,
    0x00, 0x00, 0x00, 0x00, 0x00, 0x00, 0x00, 0x00, 0x00, 0x00, 0x00, 0x00, 0x00, 0x00, 0x00, 0x00,
    0x00, 0x00, 0x00, 0x00, 0x00, 0x00, 0x00, 0x00, 0x00, 0x00, 0x00, 0x00, 0x00, 0x00, 0x00, 0x00,
    0x00, 0x00, 0x00, 0x00, 0x00, 0x00, 0x00, 0x00, 0x00, 0x00, 0x00, 0x00, 0x00, 0x00, 0x00, 0x00,
    0x3F, 0x86, 0xCA, 0x03, 0x38, 0x83, 0xC7, 0x02, 0x40, 0x8D, 0xC6, 0x20, 0x40, 0x8D, 0xC6, 0x20,
    0x1D, 0x55, 0x91, 0x9D, 0x0B, 0x49, 0xA5, 0xED, 0x16, 0x72, 0xE7, 0xF1, 0x16, 0x72, 0xE7, 0xF1,
    0x1B, 0x82, 0xF6, 0xF5, 0x24, 0x92, 0xFB, 0xF8, 0x23, 0x89, 0xF5, 0xF9, 0x23, 0x89, 0xF5, 0xF9,
    0x26, 0x8C, 0xF7, 0xF9, 0x20, 0x84, 0xF5, 0xFB, 0x24, 0x90, 0xFA, 0xFA, 0x24, 0x90, 0xFA, 0xFA,
    0x2F, 0x99, 0xFD, 0xFB, 0x37, 0xA0, 0xFE, 0xFB, 0x36, 0x98, 0xFB, 0xFC, 0x36, 0x98, 0xFB, 0xFC,
    0x49, 0xAE, 0xFC, 0xFC, 0x70, 0xCB, 0xF9, 0xFC, 0x9C, 0xE6, 0xF7, 0xFD, 0x9C, 0xE6, 0xF7, 0xFD,
    0xA8, 0xDD, 0xF7, 0xFD, 0xBA, 0xE2, 0xF8, 0xFD, 0xCF, 0xED, 0xFA, 0xFD, 0xD4, 0xEA, 0xFA, 0xFD,
    0xD4, 0xEA, 0xFA, 0xFD, 0xD9, 0xE0, 0xF4, 0xFD, 0xF1, 0xF5, 0xF9, 0xFD, 0xF9, 0xFB, 0xFC, 0xFD,
    0xF9, 0xFB, 0xFC, 0xFD, 0xFA, 0xFB, 0xFD, 0xFD, 0xE6, 0xED, 0xFB, 0xFD, 0x99, 0xB3, 0xDD, 0xFD,
    0x99, 0xB3, 0xDD, 0xFD, 0x37, 0x4B, 0x83, 0xFD, 0x5F, 0x6F, 0xA1, 0xFD, 0xDD, 0xE7, 0xF7, 0xFD,
    0xDD, 0xE7, 0xF7, 0xFD, 0xFB, 0xFE, 0xFF, 0xFD, 0xFC, 0xFB, 0xFD, 0xFD, 0xFF, 0xFE, 0xFD, 0xFD,
    0xFF, 0xFE, 0xFD, 0xFD, 0xFE, 0xFE, 0xFE, 0xFD, 0xFC, 0xFD, 0xFF, 0xFD, 0xFE, 0xFF, 0xFF, 0xFD,
    0xFE, 0xFF, 0xFF, 0xFD, 0xFC, 0xFF, 0xFF, 0xFD, 0xC1, 0xD0, 0xDA, 0xFD, 0x59, 0x71, 0x81, 0xFD,
    0x59, 0x71, 0x81, 0xFD, 0x21, 0x36, 0x4E, 0xFD, 0x23, 0x49, 0x65, 0xFD, 0x26, 0x49, 0x6F, 0xFD,
    0x26, 0x49, 0x6F, 0xFD, 0x41, 0x71, 0x96, 0xFD, 0x6E, 0xA4, 0xCB, 0xFD, 0xA5, 0xEA, 0xFA, 0xFD,
    0xA5, 0xEA, 0xFA, 0xFD, 0x52, 0xB0, 0xF3, 0xFD, 0x2E, 0x9B, 0xF1, 0xFD, 0x34, 0xAB, 0xFA, 0xFD,
    0x34, 0xAB, 0xFA, 0xFD, 0x2C, 0xA4, 0xFD, 0xFC, 0x22, 0x99, 0xFD, 0xFC, 0x1D, 0x98, 0xFD, 0xFC,
    0x1D, 0x98, 0xFD, 0xFC, 0x1A, 0x92, 0xFB, 0xFC, 0x1D, 0x8E, 0xFA, 0xFB, 0x1A, 0x88, 0xF7, 0xFB,
    0x1A, 0x88, 0xF7, 0xFB, 0x17, 0x85, 0xF5, 0xFB, 0x16, 0x83, 0xF4, 0xFA, 0x17, 0x86, 0xF6, 0xF9,
    0x17, 0x86, 0xF6, 0xF9, 0x18, 0x82, 0xF1, 0xF9, 0x19, 0x7B, 0xEA, 0xF7, 0x1E, 0x7B, 0xDE, 0xF6,
    0x14, 0x53, 0xA0, 0xEB, 0x14, 0x53, 0xA0, 0xEB, 0x18, 0x50, 0x8E, 0xDD, 0x1C, 0x51, 0x8A, 0xA6,
    0x14, 0x3B, 0x74, 0xC4, 0x14, 0x3B, 0x74, 0xC4, 0x08, 0x29, 0x62, 0xFC, 0x89, 0xB4, 0xDE, 0xF6,
    0xCA, 0xF1, 0xFD, 0xFA, 0xCA, 0xF1, 0xFD, 0xFA, 0xC4, 0xEA, 0xF9, 0xFA, 0xBD, 0xE4, 0xFB, 0xFA,
    0xBA, 0xE3, 0xFB, 0xFA, 0xBA, 0xE3, 0xFB, 0xFA, 0xBD, 0xE8, 0xFC, 0xFA, 0xB1, 0xDD, 0xF6, 0xFB,
    0xC8, 0xF0, 0xFD, 0xFB, 0xC8, 0xF0, 0xFD, 0xFB, 0x53, 0x7B, 0xA3, 0xF6, 0x20, 0x43, 0x74, 0xEA,
    0x2C, 0x5C, 0x98, 0xA3, 0x2C, 0x5C, 0x98, 0xA3, 0x31, 0x75, 0xBD, 0x12, 0x37, 0x83, 0xCD, 0x06,
    0x00, 0x00, 0x00, 0x00, 0x00, 0x00, 0x00, 0x00, 0x3A, 0x82, 0xC8, 0x01, 0x00, 0x00, 0x00, 0x00,
    0x00, 0x00, 0x00, 0x00, 0x00, 0x00, 0x00, 0x00, 0x00, 0x00, 0x00, 0x00, 0x00, 0x00, 0x00, 0x00,
    0x00, 0x00, 0x00, 0x00, 0x00, 0x00, 0x00, 0x00, 0x00, 0x00, 0x00, 0x00, 0x00, 0x00, 0x00, 0x00,
    0x00, 0x00, 0x00, 0x00, 0x00, 0x00, 0x00, 0x00, 0x00, 0x00, 0x00, 0x00, 0x00, 0x00, 0x00, 0x00,
    0x00, 0x00, 0x00, 0x00, 0x00, 0x00, 0x00, 0x00, 0x00, 0x00, 0x00, 0x00, 0x00, 0x00, 0x00, 0x00,
    0x00, 0x00, 0x00, 0x00, 0x00, 0x00, 0x00, 0x00, 0x42, 0x87, 0xC9, 0x01, 0x42, 0x87, 0xC9, 0x01,
    0x42, 0x88, 0xCB, 0x01, 0x3B, 0x86, 0xCA, 0x05, 0x43, 0x8E, 0xC9, 0x0B, 0x43, 0x8E, 0xC9, 0x0B,
    0x20, 0x46, 0x77, 0x36, 0x04, 0x1D, 0x58, 0xDA, 0x13, 0x61, 0xC7, 0xEE, 0x13, 0x61, 0xC7, 0xEE,
    0x1A, 0x7C, 0xF0, 0xF6, 0x1B, 0x7E, 0xF1, 0xF6, 0x25, 0x89, 0xF4, 0xFA, 0x25, 0x89, 0xF4, 0xFA,
    0x2A, 0x90, 0xF9, 0xF9, 0x2E, 0x8E, 0xF7, 0xFA, 0x41, 0xA3, 0xFD, 0xFB, 0x41, 0xA3, 0xFD, 0xFB,
    0x52, 0xB7, 0xFF, 0xFB, 0x58, 0xBE, 0xFE, 0xFB, 0x52, 0xB7, 0xFD, 0xFC, 0x52, 0xB7, 0xFD, 0xFC,
    0x55, 0xBD, 0xFC, 0xFC, 0x58, 0xB5, 0xFA, 0xFD, 0x70, 0xBE, 0xF8, 0xFD, 0x70, 0xBE, 0xF8, 0xFD,
    0x8B, 0xC2, 0xF7, 0xFD, 0xBC, 0xDA, 0xF6, 0xFD, 0xD0, 0xE3, 0xF6, 0xFD, 0xD7, 0xE9, 0xFA, 0xFD,
    0xD7, 0xE9, 0xFA, 0xFD, 0xE5, 0xF1, 0xFD, 0xFD, 0xF4, 0xF9, 0xFC, 0xFD, 0xF5, 0xF5, 0xF7, 0xFD,
    0xF5, 0xF5, 0xF7, 0xFD, 0xF7, 0xF5, 0xF7, 0xFD, 0xFA, 0xFC, 0xFF, 0xFD, 0xDB, 0xF0, 0xFE, 0xFD,
    0xDB, 0xF0, 0xFE, 0xFD, 0x81, 0x98, 0xC0, 0xFD, 0xE0, 0xE9, 0xF8, 0xFD, 0xFF, 0xFF, 0xFF, 0xFD,
    0xFF, 0xFF, 0xFF, 0xFD, 0xFA, 0xFB, 0xFC, 0xFD, 0xFA, 0xFA, 0xFB, 0xFD, 0xFC, 0xFC, 0xFD, 0xFD,
    0xFC, 0xFC, 0xFD, 0xFD, 0xFD, 0xFF, 0xFE, 0xFD, 0xFD, 0xFF, 0xFF, 0xFD, 0xFF, 0xFF, 0xFE, 0xFD,
    0xFF, 0xFF, 0xFE, 0xFD, 0xFB, 0xFD, 0xFD, 0xFD, 0xFE, 0xFF, 0xFF, 0xFD, 0xD9, 0xF4, 0xFE, 0xFD,
    0xD9, 0xF4, 0xFE, 0xFD, 0xA1, 0xD4, 0xF5, 0xFD, 0x90, 0xDA, 0xFB, 0xFD, 0x8A, 0xD7, 0xFC, 0xFD,
    0x8A, 0xD7, 0xFC, 0xFD, 0x92, 0xE1, 0xFD, 0xFD, 0x7B, 0xCE, 0xFC, 0xFD, 0x64, 0xC2, 0xFC, 0xFD,
    0x64, 0xC2, 0xFC, 0xFD, 0x49, 0xBD, 0xFC, 0xFD, 0x33, 0xA6, 0xFB, 0xFD, 0x3F, 0xB1, 0xFD, 0xFD,
    0x3F, 0xB1, 0xFD, 0xFD, 0x40, 0xB4, 0xFE, 0xFD, 0x30, 0xA2, 0xFD, 0xFC, 0x21, 0x94, 0xFB, 0xFC,
    0x21, 0x94, 0xFB, 0xFC, 0x1A, 0x8D, 0xF8, 0xFC, 0x1B, 0x89, 0xF8, 0xFC, 0x18, 0x83, 0xF4, 0xFB,
    0x18, 0x83, 0xF4, 0xFB, 0x16, 0x84, 0xF4, 0xFB, 0x14, 0x7F, 0xF1, 0xFA, 0x11, 0x7A, 0xEE, 0xF9,
    0x11, 0x7A, 0xEE, 0xF9, 0x11, 0x76, 0xE6, 0xF8, 0x1D, 0x7D, 0xE2, 0xF6, 0x1B, 0x5B, 0xAC, 0xF7,
    0x04, 0x1F, 0x61, 0xE5, 0x04, 0x1F, 0x61, 0xE5, 0x20, 0x58, 0x9A, 0xC3, 0x2D, 0x70, 0xAE, 0xA7,
    0x08, 0x2B, 0x67, 0xCB, 0x08, 0x2B, 0x67, 0xCB, 0x13, 0x3E, 0x7A, 0xF9, 0x95, 0xCA, 0xF5, 0xFA,
    0xA7, 0xE1, 0xFB, 0xFA, 0xA7, 0xE1, 0xFB, 0xFA, 0x98, 0xD2, 0xF5, 0xFB, 0x9F, 0xDE, 0xFB, 0xFB,
    0x9C, 0xD2, 0xFA, 0xFB, 0x9C, 0xD2, 0xFA, 0xFB, 0x9E, 0xD2, 0xF9, 0xFA, 0xA2, 0xD9, 0xFA, 0xFB,
    0xA6, 0xE0, 0xFC, 0xFA, 0xA6, 0xE0, 0xFC, 0xFA, 0x9E, 0xD9, 0xFA, 0xF7, 0x6C, 0xA0, 0xD0, 0xFB,
    0x05, 0x1B, 0x49, 0xC3, 0x05, 0x1B, 0x49, 0xC3, 0x21, 0x56, 0x98, 0x2D, 0x3C, 0x88, 0xD6, 0x06,
    0x36, 0x81, 0xC7, 0x02, 0x36, 0x81, 0xC7, 0x02, 0x3A, 0x82, 0xC8, 0x01, 0x00, 0x00, 0x00, 0x00,
    0x00, 0x00, 0x00, 0x00, 0x00, 0x00, 0x00, 0x00, 0x00, 0x00, 0x00, 0x00, 0x00, 0x00, 0x00, 0x00,
    0x00, 0x00, 0x00, 0x00, 0x00, 0x00, 0x00, 0x00, 0x00, 0x00, 0x00, 0x00, 0x00, 0x00, 0x00, 0x00,
    0x00, 0x00, 0x00, 0x00, 0x00, 0x00, 0x00, 0x00, 0x00, 0x00, 0x00, 0x00, 0x00, 0x00, 0x00, 0x00,
    0x00, 0x00, 0x00, 0x00, 0x00, 0x00, 0x00, 0x00, 0x00, 0x00, 0x00, 0x00, 0x00, 0x00, 0x00, 0x00,
    0x00, 0x00, 0x00, 0x00, 0x00, 0x00, 0x00, 0x00, 0x43, 0x87, 0xC9, 0x01, 0x43, 0x87, 0xC9, 0x01,
    0x44, 0x88, 0xCB, 0x01, 0x3F, 0x87, 0xCD, 0x01, 0x43, 0x8F, 0xD0, 0x02, 0x43, 0x8F, 0xD0, 0x02,
    0x39, 0x6E, 0xA2, 0x3E, 0x0D, 0x2A, 0x51, 0xBE, 0x19, 0x58, 0xA0, 0xE7, 0x19, 0x58, 0xA0, 0xE7,
    0x19, 0x72, 0xDF, 0xEF, 0x20, 0x7E, 0xF2, 0xF5, 0x2C, 0x8F, 0xF8, 0xF8, 0x2C, 0x8F, 0xF8, 0xF8,
    0x35, 0x9B, 0xFC, 0xF8, 0x45, 0xA8, 0xFE, 0xFA, 0x53, 0xB3, 0xFE, 0xFA, 0x53, 0xB3, 0xFE, 0xFA,
    0x53, 0xAF, 0xFE, 0xFB, 0x52, 0xB6, 0xFE, 0xFB, 0x52, 0xB9, 0xFE, 0xFB, 0x52, 0xB9, 0xFE, 0xFB,
    0x51, 0xBC, 0xFD, 0xFC, 0x4C, 0xB2, 0xFC, 0xFD, 0x58, 0xA9, 0xF9, 0xFC, 0x58, 0xA9, 0xF9, 0xFC,
    0x97, 0xC0, 0xF8, 0xFD, 0xCE, 0xE7, 0xFA, 0xFD, 0xDC, 0xED, 0xFB, 0xFD, 0xD7, 0xEA, 0xFB, 0xFD,
    0xD7, 0xEA, 0xFB, 0xFD, 0xBF, 0xD4, 0xEE, 0xFD, 0xF3, 0xFA, 0xFE, 0xFD, 0xFB, 0xFC, 0xFD, 0xFD,
    0xFB, 0xFC, 0xFD, 0xFD, 0xF6, 0xF6, 0xF5, 0xFD, 0xFD, 0xFE, 0xFF, 0xFD, 0xB3, 0xBF, 0xD4, 0xFD,
    0xB3, 0xBF, 0xD4, 0xFD, 0x67, 0x7D, 0x9C, 0xFD, 0xFA, 0xFD, 0xFF, 0xFD, 0xFF, 0xFF, 0xFF, 0xFD,
    0xFF, 0xFF, 0xFF, 0xFD, 0xFA, 0xF9, 0xFA, 0xFD, 0xFB, 0xFA, 0xFA, 0xFD, 0xFF, 0xFF, 0xFF, 0xFD,
    0xFF, 0xFF, 0xFF, 0xFD, 0xCD, 0xD9, 0xE6, 0xFD, 0xBE, 0xCF, 0xE0, 0xFD, 0xFD, 0xFF, 0xFF, 0xFD,
    0xFD, 0xFF, 0xFF, 0xFD, 0xFC, 0xFC, 0xFC, 0xFD, 0xF3, 0xF4, 0xF8, 0xFD, 0xD8, 0xED, 0xFB, 0xFD,
    0xD8, 0xED, 0xFB, 0xFD, 0xAF, 0xE1, 0xFC, 0xFD, 0x84, 0xD5, 0xFD, 0xFD, 0x64, 0xC1, 0xFC, 0xFD,
    0x64, 0xC1, 0xFC, 0xFD, 0x57, 0xBA, 0xFD, 0xFD, 0x49, 0xAE, 0xFA, 0xFD, 0x42, 0xAB, 0xFB, 0xFD,
    0x42, 0xAB, 0xFB, 0xFD, 0x44, 0xB1, 0xFD, 0xFD, 0x42, 0xB0, 0xFD, 0xFD, 0x50, 0xBB, 0xFD, 0xFD,
    0x50, 0xBB, 0xFD, 0xFD, 0x5B, 0xC2, 0xFE, 0xFC, 0x4C, 0xB2, 0xFE, 0xFC, 0x3F, 0xAD, 0xFE, 0xFC,
    0x3F, 0xAD, 0xFE, 0xFC, 0x2D, 0x99, 0xFB, 0xFC, 0x24, 0x8D, 0xFA, 0xFB, 0x22, 0x8D, 0xF9, 0xFB,
    0x22, 0x8D, 0xF9, 0xFB, 0x20, 0x8D, 0xF9, 0xFA, 0x19, 0x83, 0xF3, 0xFA, 0x15, 0x7E, 0xEF, 0xF9,
    0x15, 0x7E, 0xEF, 0xF9, 0x16, 0x77, 0xE3, 0xF7, 0x24, 0x76, 0xCB, 0xF3, 0x08, 0x33, 0x6F, 0xEF,
    0x06, 0x29, 0x67, 0xCE, 0x06, 0x29, 0x67, 0xCE, 0x2E, 0x73, 0xB9, 0x8B, 0x30, 0x80, 0xC0, 0x8F,
    0x0A, 0x33, 0x6B, 0xD4, 0x0A, 0x33, 0x6B, 0xD4, 0x1D, 0x4D, 0x89, 0xF5, 0x8E, 0xDA, 0xFC, 0xFB,
    0x7F, 0xD0, 0xFB, 0xFA, 0x7F, 0xD0, 0xFB, 0xFA, 0x73, 0xC0, 0xF7, 0xFB, 0x7B, 0xCA, 0xFA, 0xFA,
    0x81, 0xCB, 0xFA, 0xFA, 0x81, 0xCB, 0xFA, 0xFA, 0x83, 0xD0, 0xFA, 0xFA, 0x7E, 0xCA, 0xFA, 0xFA,
    0x75, 0xC6, 0xFA, 0xFA, 0x75, 0xC6, 0xFA, 0xFA, 0x7B, 0xCC, 0xFB, 0xF7, 0x49, 0x88, 0xC0, 0xF5,
    0x00, 0x05, 0x1E, 0xE2, 0x00, 0x05, 0x1E, 0xE2, 0x22, 0x52, 0x8C, 0x52, 0x3C, 0x8A, 0xD4, 0x02,
    0x36, 0x81, 0xC7, 0x02, 0x36, 0x81, 0xC7, 0x02, 0x39, 0x82, 0xC8, 0x01, 0x00, 0x00, 0x00, 0x00,
    0x00, 0x00, 0x00, 0x00, 0x00, 0x00, 0x00, 0x00, 0x00, 0x00, 0x00, 0x00, 0x00, 0x00, 0x00, 0x00,
    0x00, 0x00, 0x00, 0x00, 0x00, 0x00, 0x00, 0x00, 0x00, 0x00, 0x00, 0x00, 0x00, 0x00, 0x00, 0x00,
    0x00, 0x00, 0x00, 0x00, 0x00, 0x00, 0x00, 0x00, 0x00, 0x00, 0x00, 0x00, 0x00, 0x00, 0x00, 0x00,
    0x00, 0x00, 0x00, 0x00, 0x00, 0x00, 0x00, 0x00, 0x00, 0x00, 0x00, 0x00, 0x00, 0x00, 0x00, 0x00,
    0x00, 0x00, 0x00, 0x00, 0x00, 0x00, 0x00, 0x00, 0x43, 0x87, 0xC9, 0x01, 0x43, 0x87, 0xC9, 0x01,
    0x44, 0x88, 0xCB, 0x01, 0x3F, 0x87, 0xCD, 0x01, 0x43, 0x8F, 0xD0, 0x02, 0x43, 0x8F, 0xD0, 0x02,
    0x39, 0x6E, 0xA2, 0x3E, 0x0D, 0x2A, 0x51, 0xBE, 0x19, 0x58, 0xA0, 0xE7, 0x19, 0x58, 0xA0, 0xE7,
    0x19, 0x72, 0xDF, 0xEF, 0x20, 0x7E, 0xF2, 0xF5, 0x2C, 0x8F, 0xF8, 0xF8, 0x2C, 0x8F, 0xF8, 0xF8,
    0x35, 0x9B, 0xFC, 0xF8, 0x45, 0xA8, 0xFE, 0xFA, 0x53, 0xB3, 0xFE, 0xFA, 0x53, 0xB3, 0xFE, 0xFA,
    0x53, 0xAF, 0xFE, 0xFB, 0x52, 0xB6, 0xFE, 0xFB, 0x52, 0xB9, 0xFE, 0xFB, 0x52, 0xB9, 0xFE, 0xFB,
    0x51, 0xBC, 0xFD, 0xFC, 0x4C, 0xB2, 0xFC, 0xFD, 0x58, 0xA9, 0xF9, 0xFC, 0x58, 0xA9, 0xF9, 0xFC,
    0x97, 0xC0, 0xF8, 0xFD, 0xCE, 0xE7, 0xFA, 0xFD, 0xDC, 0xED, 0xFB, 0xFD, 0xD7, 0xEA, 0xFB, 0xFD,
    0xD7, 0xEA, 0xFB, 0xFD, 0xBF, 0xD4, 0xEE, 0xFD, 0xF3, 0xFA, 0xFE, 0xFD, 0xFB, 0xFC, 0xFD, 0xFD,
    0xFB, 0xFC, 0xFD, 0xFD, 0xF6, 0xF6, 0xF5, 0xFD, 0xFD, 0xFE, 0xFF, 0xFD, 0xB3, 0xBF, 0xD4, 0xFD,
    0xB3, 0xBF, 0xD4, 0xFD, 0x67, 0x7D, 0x9C, 0xFD, 0xFA, 0xFD, 0xFF, 0xFD, 0xFF, 0xFF, 0xFF, 0xFD,
    0xFF, 0xFF, 0xFF, 0xFD, 0xFA, 0xF9, 0xFA, 0xFD, 0xFB, 0xFA, 0xFA, 0xFD, 0xFF, 0xFF, 0xFF, 0xFD,
    0xFF, 0xFF, 0xFF, 0xFD, 0xCD, 0xD9, 0xE6, 0xFD, 0xBE, 0xCF, 0xE0, 0xFD, 0xFD, 0xFF, 0xFF, 0xFD,
    0xFD, 0xFF, 0xFF, 0xFD, 0xFC, 0xFC, 0xFC, 0xFD, 0xF3, 0xF4, 0xF8, 0xFD, 0xD8, 0xED, 0xFB, 0xFD,
    0xD8, 0xED, 0xFB, 0xFD, 0xAF, 0xE1, 0xFC, 0xFD, 0x84, 0xD5, 0xFD, 0xFD, 0x64, 0xC1, 0xFC, 0xFD,
    0x64, 0xC1, 0xFC, 0xFD, 0x57, 0xBA, 0xFD, 0xFD, 0x49, 0xAE, 0xFA, 0xFD, 0x42, 0xAB, 0xFB, 0xFD,
    0x42, 0xAB, 0xFB, 0xFD, 0x44, 0xB1, 0xFD, 0xFD, 0x42, 0xB0, 0xFD, 0xFD, 0x50, 0xBB, 0xFD, 0xFD,
    0x50, 0xBB, 0xFD, 0xFD, 0x5B, 0xC2, 0xFE, 0xFC, 0x4C, 0xB2, 0xFE, 0xFC, 0x3F, 0xAD, 0xFE, 0xFC,
    0x3F, 0xAD, 0xFE, 0xFC, 0x2D, 0x99, 0xFB, 0xFC, 0x24, 0x8D, 0xFA, 0xFB, 0x22, 0x8D, 0xF9, 0xFB,
    0x22, 0x8D, 0xF9, 0xFB, 0x20, 0x8D, 0xF9, 0xFA, 0x19, 0x83, 0xF3, 0xFA, 0x15, 0x7E, 0xEF, 0xF9,
    0x15, 0x7E, 0xEF, 0xF9, 0x16, 0x77, 0xE3, 0xF7, 0x24, 0x76, 0xCB, 0xF3, 0x08, 0x33, 0x6F, 0xEF,
    0x06, 0x29, 0x67, 0xCE, 0x06, 0x29, 0x67, 0xCE, 0x2E, 0x73, 0xB9, 0x8B, 0x30, 0x80, 0xC0, 0x8F,
    0x0A, 0x33, 0x6B, 0xD4, 0x0A, 0x33, 0x6B, 0xD4, 0x1D, 0x4D, 0x89, 0xF5, 0x8E, 0xDA, 0xFC, 0xFB,
    0x7F, 0xD0, 0xFB, 0xFA, 0x7F, 0xD0, 0xFB, 0xFA, 0x73, 0xC0, 0xF7, 0xFB, 0x7B, 0xCA, 0xFA, 0xFA,
    0x81, 0xCB, 0xFA, 0xFA, 0x81, 0xCB, 0xFA, 0xFA, 0x83, 0xD0, 0xFA, 0xFA, 0x7E, 0xCA, 0xFA, 0xFA,
    0x75, 0xC6, 0xFA, 0xFA, 0x75, 0xC6, 0xFA, 0xFA, 0x7B, 0xCC, 0xFB, 0xF7, 0x49, 0x88, 0xC0, 0xF5,
    0x00, 0x05, 0x1E, 0xE2, 0x00, 0x05, 0x1E, 0xE2, 0x22, 0x52, 0x8C, 0x52, 0x3C, 0x8A, 0xD4, 0x02,
    0x36, 0x81, 0xC7, 0x02, 0x36, 0x81, 0xC7, 0x02, 0x39, 0x82, 0xC8, 0x01, 0x00, 0x00, 0x00, 0x00,
    0x00, 0x00, 0x00, 0x00, 0x00, 0x00, 0x00, 0x00, 0x00, 0x00, 0x00, 0x00, 0x00, 0x00, 0x00, 0x00,
    0x00, 0x00, 0x00, 0x00, 0x00, 0x00, 0x00, 0x00, 0x00, 0x00, 0x00, 0x00, 0x00, 0x00, 0x00, 0x00,
    0x00, 0x00, 0x00, 0x00, 0x00, 0x00, 0x00, 0x00, 0x00, 0x00, 0x00, 0x00, 0x00, 0x00, 0x00, 0x00,
    0x00, 0x00, 0x00, 0x00, 0x00, 0x00, 0x00, 0x00, 0x00, 0x00, 0x00, 0x00, 0x00, 0x00, 0x00, 0x00,
    0x00, 0x00, 0x00, 0x00, 0x00, 0x00, 0x00, 0x00, 0x43, 0x87, 0xC9, 0x01, 0x43, 0x87, 0xC9, 0x01,
    0x44, 0x87, 0xCA, 0x01, 0x44, 0x8A, 0xCE, 0x03, 0x00, 0x00, 0x00, 0x00, 0x00, 0x00, 0x00, 0x00,
    0x4C, 0x95, 0xCD, 0x0B, 0x28, 0x58, 0x82, 0x42, 0x04, 0x19, 0x40, 0xD3, 0x04, 0x19, 0x40, 0xD3,
    0x27, 0x74, 0xC7, 0xDB, 0x2A, 0x8F, 0xF5, 0xF6, 0x23, 0x7F, 0xEF, 0xF9, 0x23, 0x7F, 0xEF, 0xF9,
    0x34, 0x95, 0xFA, 0xF9, 0x48, 0xAD, 0xFD, 0xFB, 0x4B, 0xAE, 0xFD, 0xF9, 0x4B, 0xAE, 0xFD, 0xF9,
    0x46, 0xA2, 0xFB, 0xFB, 0x47, 0xAB, 0xFE, 0xFB, 0x44, 0xAE, 0xFF, 0xFB, 0x44, 0xAE, 0xFF, 0xFB,
    0x40, 0xB0, 0xFF, 0xFC, 0x46, 0xB5, 0xFF, 0xFC, 0x76, 0xC4, 0xFD, 0xFD, 0x76, 0xC4, 0xFD, 0xFD,
    0xB6, 0xD3, 0xFA, 0xFD, 0xD4, 0xE4, 0xF7, 0xFD, 0xDE, 0xED, 0xF8, 0xFD, 0xDF, 0xED, 0xFA, 0xFD,
    0xDF, 0xED, 0xFA, 0xFD, 0x43, 0x58, 0x7D, 0xFD, 0x76, 0x82, 0x9F, 0xFD, 0xFC, 0xFF, 0xFF, 0xFD,
    0xFC, 0xFF, 0xFF, 0xFD, 0xFF, 0xFF, 0xFF, 0xFD, 0xF3, 0xF6, 0xFB, 0xFD, 0x53, 0x5D, 0x75, 0xFD,
    0x53, 0x5D, 0x75, 0xFD, 0x0B, 0x0C, 0x26, 0xFD, 0x8F, 0x97, 0xB9, 0xFD, 0xFB, 0xFF, 0xFF, 0xFD,
    0xFB, 0xFF, 0xFF, 0xFD, 0xFF, 0xFF, 0xFF, 0xFD, 0xFF, 0xFF, 0xFF, 0xFD, 0xFC, 0xFF, 0xFF, 0xFD,
    0xFC, 0xFF, 0xFF, 0xFD, 0x54, 0x65, 0x83, 0xFD, 0x62, 0x76, 0x99, 0xFD, 0xF7, 0xFF, 0xFF, 0xFD,
    0xF7, 0xFF, 0xFF, 0xFD, 0xF9, 0xFA, 0xFB, 0xFD, 0xF6, 0xF4, 0xF6, 0xFD, 0xEA, 0xF5, 0xFA, 0xFD,
    0xEA, 0xF5, 0xFA, 0xFD, 0xBC, 0xDE, 0xFA, 0xFD, 0x83, 0xC4, 0xF7, 0xFD, 0x55, 0xA9, 0xF3, 0xFD,
    0x55, 0xA9, 0xF3, 0xFD, 0x49, 0xA6, 0xF8, 0xFD, 0x43, 0xA6, 0xF9, 0xFD, 0x48, 0xB0, 0xFD, 0xFD,
    0x48, 0xB0, 0xFD, 0xFD, 0x42, 0xA5, 0xFC, 0xFD, 0x45, 0xAF, 0xFD, 0xFD, 0x43, 0xA8, 0xFB, 0xFD,
    0x43, 0xA8, 0xFB, 0xFD, 0x4C, 0xB0, 0xFD, 0xFC, 0x4D, 0xB3, 0xFE, 0xFC, 0x42, 0xAC, 0xFE, 0xFC,
    0x42, 0xAC, 0xFE, 0xFC, 0x34, 0x9E, 0xFC, 0xFC, 0x2D, 0x97, 0xFD, 0xFC, 0x25, 0x8D, 0xF8, 0xFB,
    0x25, 0x8D, 0xF8, 0xFB, 0x21, 0x8A, 0xF6, 0xFA, 0x1C, 0x85, 0xF4, 0xFA, 0x1A, 0x83, 0xF0, 0xF8,
    0x1A, 0x83, 0xF0, 0xF8, 0x1F, 0x71, 0xD6, 0xF7, 0x0C, 0x39, 0x7F, 0xF1, 0x04, 0x2B, 0x62, 0xD8,
    0x2D, 0x69, 0xAE, 0xB8, 0x2D, 0x69, 0xAE, 0xB8, 0x34, 0x7F, 0xCF, 0x70, 0x32, 0x80, 0xC7, 0x80,
    0x11, 0x3B, 0x78, 0xDB, 0x11, 0x3B, 0x78, 0xDB, 0x08, 0x2B, 0x6D, 0xF7, 0x62, 0xAC, 0xF3, 0xFA,
    0x5E, 0xBE, 0xFB, 0xFA, 0x5E, 0xBE, 0xFB, 0xFA, 0x5E, 0xBF, 0xFB, 0xFA, 0x64, 0xBF, 0xFB, 0xFA,
    0x63, 0xB7, 0xF9, 0xFA, 0x63, 0xB7, 0xF9, 0xFA, 0x66, 0xC5, 0xF9, 0xFA, 0x5A, 0xB7, 0xF9, 0xFA,
    0x4A, 0xAE, 0xF9, 0xFA, 0x4A, 0xAE, 0xF9, 0xFA, 0x50, 0xB4, 0xFB, 0xF9, 0x35, 0x79, 0xC2, 0xF5,
    0x00, 0x04, 0x1D, 0xEF, 0x00, 0x04, 0x1D, 0xEF, 0x23, 0x55, 0x91, 0x5A, 0x38, 0x87, 0xD0, 0x04,
    0x36, 0x80, 0xC6, 0x02, 0x36, 0x80, 0xC6, 0x02, 0x3B, 0x83, 0xC8, 0x02, 0x00, 0x00, 0x00, 0x00,
    0x00, 0x00, 0x00, 0x00, 0x00, 0x00, 0x00, 0x00, 0x00, 0x00, 0x00, 0x00, 0x00, 0x00, 0x00, 0x00,
    0x00, 0x00, 0x00, 0x00, 0x00, 0x00, 0x00, 0x00, 0x00, 0x00, 0x00, 0x00, 0x00, 0x00, 0x00, 0x00,
    0x00, 0x00, 0x00, 0x00, 0x00, 0x00, 0x00, 0x00, 0x00, 0x00, 0x00, 0x00, 0x00, 0x00, 0x00, 0x00,
    0x00, 0x00, 0x00, 0x00, 0x00, 0x00, 0x00, 0x00, 0x00, 0x00, 0x00, 0x00, 0x00, 0x00, 0x00, 0x00,
    0x00, 0x00, 0x00, 0x00, 0x00, 0x00, 0x00, 0x00, 0x00, 0x00, 0x00, 0x00, 0x00, 0x00, 0x00, 0x00,
    0x44, 0x88, 0xC9, 0x01, 0x46, 0x89, 0xCB, 0x01, 0x45, 0x8A, 0xCB, 0x01, 0x45, 0x8A, 0xCB, 0x01,
    0x42, 0x88, 0xC9, 0x02, 0x50, 0x92, 0xC6, 0x0D, 0x1D, 0x3F, 0x62, 0x8D, 0x1D, 0x3F, 0x62, 0x8D,
    0x0C, 0x26, 0x50, 0xE7, 0x2E, 0x7B, 0xCE, 0xEE, 0x2C, 0x88, 0xEF, 0xF6, 0x2C, 0x88, 0xEF, 0xF6,
    0x30, 0x92, 0xF8, 0xF6, 0x3A, 0xA1, 0xFB, 0xF9, 0x3F, 0xA6, 0xFC, 0xF9, 0x3F, 0xA6, 0xFC, 0xF9,
    0x44, 0xAF, 0xFD, 0xFA, 0x44, 0xB2, 0xFE, 0xFA, 0x3D, 0xAB, 0xFE, 0xFC, 0x3D, 0xAB, 0xFE, 0xFC,
    0x3F, 0xA8, 0xFE, 0xFB, 0x6A, 0xB6, 0xFD, 0xFC, 0xAD, 0xDD, 0xFE, 0xFD, 0xAD, 0xDD, 0xFE, 0xFD,
    0xC9, 0xE6, 0xFB, 0xFD, 0xD1, 0xE5, 0xF6, 0xFD, 0xD9, 0xEA, 0xF7, 0xFD, 0xEA, 0xF6, 0xFD, 0xFD,
    0xEA, 0xF6, 0xFD, 0xFD, 0xA8, 0xB6, 0xD3, 0xFD, 0x1D, 0x2D, 0x4C, 0xFD, 0x56, 0x60, 0x76, 0xFD,
    0x56, 0x60, 0x76, 0xFD, 0xA0, 0xA8, 0xB9, 0xFD, 0x4C, 0x59, 0x73, 0xFD, 0x13, 0x1C, 0x33, 0xFD,
    0x13, 0x1C, 0x33, 0xFD, 0x40, 0x4D, 0x72, 0xFD, 0x17, 0x1E, 0x43, 0xFD, 0x5E, 0x6A, 0x86, 0xFD,
    0x5E, 0x6A, 0x86, 0xFD, 0xCF, 0xD9, 0xEB, 0xFD, 0xD9, 0xE0, 0xEF, 0xFD, 0x80, 0x92, 0xAD, 0xFD,
    0x80, 0x92, 0xAD, 0xFD, 0x1C, 0x2E, 0x54, 0xFD, 0x92, 0xA2, 0xC5, 0xFD, 0xF1, 0xFC, 0xFF, 0xFD,
    0xF1, 0xFC, 0xFF, 0xFD, 0xF6, 0xFA, 0xFC, 0xFD, 0xF6, 0xF9, 0xFA, 0xFD, 0xEE, 0xF8, 0xFB, 0xFD,
    0xEE, 0xF8, 0xFB, 0xFD, 0xDA, 0xEE, 0xFC, 0xFD, 0xBD, 0xE7, 0xFD, 0xFD, 0x8B, 0xC9, 0xF9, 0xFD,
    0x8B, 0xC9, 0xF9, 0xFD, 0x67, 0xB5, 0xF8, 0xFD, 0x58, 0xB4, 0xFA, 0xFD, 0x59, 0xBC, 0xFD, 0xFD,
    0x59, 0xBC, 0xFD, 0xFD, 0x56, 0xB6, 0xFD, 0xFD, 0x52, 0xB6, 0xFE, 0xFD, 0x46, 0xAA, 0xFC, 0xFD,
    0x46, 0xAA, 0xFC, 0xFD, 0x42, 0xA7, 0xFD, 0xFC, 0x3E, 0xA3, 0xFD, 0xFC, 0x39, 0xA0, 0xFD, 0xFC,
    0x39, 0xA0, 0xFD, 0xFC, 0x36, 0xA2, 0xFD, 0xFC, 0x33, 0xA1, 0xFE, 0xFB, 0x29, 0x93, 0xFB, 0xFB,
    0x29, 0x93, 0xFB, 0xFB, 0x1F, 0x87, 0xF5, 0xFB, 0x1A, 0x80, 0xEF, 0xFA, 0x1D, 0x82, 0xE6, 0xF6,
    0x1D, 0x82, 0xE6, 0xF6, 0x13, 0x52, 0xA3, 0xF2, 0x04, 0x1E, 0x5D, 0xE8, 0x33, 0x76, 0xB5, 0xBC,
    0x3E, 0x90, 0xDA, 0x7F, 0x3E, 0x90, 0xDA, 0x7F, 0x32, 0x87, 0xD7, 0x50, 0x3D, 0x96, 0xDD, 0x6E,
    0x1F, 0x57, 0x91, 0xD3, 0x1F, 0x57, 0x91, 0xD3, 0x08, 0x2D, 0x6C, 0xF7, 0x30, 0x77, 0xD1, 0xFA,
    0x3B, 0xA2, 0xFB, 0xFA, 0x3B, 0xA2, 0xFB, 0xFA, 0x44, 0xB5, 0xFD, 0xFA, 0x4E, 0xB6, 0xFC, 0xFA,
    0x4B, 0xAD, 0xFA, 0xFA, 0x4B, 0xAD, 0xFA, 0xFA, 0x47, 0xB2, 0xF9, 0xFA, 0x40, 0xAA, 0xF9, 0xFA,
    0x32, 0xA4, 0xF9, 0xF9, 0x32, 0xA4, 0xF9, 0xF9, 0x3A, 0xAE, 0xFA, 0xFA, 0x37, 0x88, 0xDB, 0xF3,
    0x00, 0x05, 0x20, 0xEF, 0x00, 0x05, 0x20, 0xEF, 0x21, 0x52, 0x8D, 0x5F, 0x37, 0x88, 0xD0, 0x06,
    0x35, 0x80, 0xC5, 0x02, 0x35, 0x80, 0xC5, 0x02, 0x3A, 0x83, 0xC9, 0x01, 0x00, 0x00, 0x00, 0x00,
    0x00, 0x00, 0x00, 0x00, 0x00, 0x00, 0x00, 0x00, 0x00, 0x00, 0x00, 0x00, 0x00, 0x00, 0x00, 0x00,
    0x00, 0x00, 0x00, 0x00, 0x00, 0x00, 0x00, 0x00, 0x00, 0x00, 0x00, 0x00, 0x00, 0x00, 0x00, 0x00,
    0x00, 0x00, 0x00, 0x00, 0x00, 0x00, 0x00, 0x00, 0x00, 0x00, 0x00, 0x00, 0x00, 0x00, 0x00, 0x00,
    0x00, 0x00, 0x00, 0x00, 0x00, 0x00, 0x00, 0x00, 0x00, 0x00, 0x00, 0x00, 0x00, 0x00, 0x00, 0x00,
    0x00, 0x00, 0x00, 0x00, 0x00, 0x00, 0x00, 0x00, 0x00, 0x00, 0x00, 0x00, 0x00, 0x00, 0x00, 0x00,
    0x45, 0x88, 0xC9, 0x01, 0x45, 0x88, 0xC9, 0x01, 0x47, 0x88, 0xCA, 0x01, 0x47, 0x88, 0xCA, 0x01,
    0x46, 0x86, 0xC9, 0x04, 0x45, 0x87, 0xC7, 0x08, 0x54, 0x94, 0xC2, 0x0B, 0x54, 0x94, 0xC2, 0x0B,
    0x19, 0x35, 0x55, 0x87, 0x0A, 0x23, 0x48, 0xD0, 0x2C, 0x61, 0xB0, 0xF6, 0x2C, 0x61, 0xB0, 0xF6,
    0x31, 0x8E, 0xEF, 0xF6, 0x2F, 0x8E, 0xF5, 0xF9, 0x35, 0x9A, 0xFA, 0xF9, 0x35, 0x9A, 0xFA, 0xF9,
    0x38, 0xA4, 0xFB, 0xFA, 0x3B, 0xA8, 0xFD, 0xFB, 0x3D, 0xA6, 0xFD, 0xFB, 0x3D, 0xA6, 0xFD, 0xFB,
    0x62, 0xBD, 0xFE, 0xFC, 0x9E, 0xCE, 0xFC, 0xFC, 0xBC, 0xD6, 0xF7, 0xFD, 0xBC, 0xD6, 0xF7, 0xFD,
    0xC3, 0xDB, 0xF6, 0xFD, 0xCF, 0xE4, 0xF9, 0xFD, 0xD7, 0xE7, 0xF8, 0xFD, 0xDD, 0xED, 0xFC, 0xFD,
    0xDD, 0xED, 0xFC, 0xFD, 0xF3, 0xFD, 0xFF, 0xFD, 0xC5, 0xD6, 0xEE, 0xFD, 0x4F, 0x61, 0x7A, 0xFD,
    0x4F, 0x61, 0x7A, 0xFD, 0x13, 0x26, 0x43, 0xFD, 0x2A, 0x38, 0x56, 0xFD, 0xAE, 0xBD, 0xD3, 0xFD,
    0xAE, 0xBD, 0xD3, 0xFD, 0xF9, 0xFF, 0xFF, 0xFD, 0x9D, 0xA7, 0xCA, 0xFD, 0x10, 0x21, 0x47, 0xFD,
    0x10, 0x21, 0x47, 0xFD, 0x0C, 0x19, 0x43, 0xFD, 0x18, 0x24, 0x4C, 0xFD, 0x36, 0x48, 0x70, 0xFD,
    0x36, 0x48, 0x70, 0xFD, 0x95, 0xAC, 0xD0, 0xFD, 0xE7, 0xF9, 0xFF, 0xFD, 0xF0, 0xF9, 0xFF, 0xFD,
    0xF0, 0xF9, 0xFF, 0xFD, 0xF3, 0xF9, 0xFC, 0xFD, 0xF0, 0xF4, 0xFA, 0xFD, 0xEC, 0xF2, 0xFA, 0xFD,
    0xEC, 0xF2, 0xFA, 0xFD, 0xEB, 0xF9, 0xFE, 0xFD, 0xDF, 0xF6, 0xFE, 0xFD, 0xC7, 0xE7, 0xFD, 0xFD,
    0xC7, 0xE7, 0xFD, 0xFD, 0xA7, 0xDC, 0xFD, 0xFD, 0x7F, 0xC5, 0xF8, 0xFD, 0x6D, 0xB9, 0xF9, 0xFD,
    0x6D, 0xB9, 0xF9, 0xFD, 0x6C, 0xBB, 0xFC, 0xFD, 0x61, 0xB7, 0xFE, 0xFD, 0x4E, 0xAA, 0xFD, 0xFD,
    0x4E, 0xAA, 0xFD, 0xFD, 0x3F, 0xA3, 0xFE, 0xFC, 0x37, 0x99, 0xFD, 0xFC, 0x37, 0x9F, 0xFE, 0xFC,
    0x37, 0x9F, 0xFE, 0xFC, 0x2F, 0x95, 0xFB, 0xFC, 0x2A, 0x8F, 0xFB, 0xFB, 0x26, 0x8D, 0xF8, 0xFB,
    0x26, 0x8D, 0xF8, 0xFB, 0x21, 0x8B, 0xF8, 0xFA, 0x1B, 0x74, 0xE3, 0xFA, 0x15, 0x58, 0xB2, 0xF5,
    0x15, 0x58, 0xB2, 0xF5, 0x09, 0x33, 0x76, 0xF2, 0x20, 0x56, 0x9C, 0xD1, 0x40, 0x8C, 0xD6, 0x8F,
    0x3A, 0x90, 0xDD, 0x69, 0x3A, 0x90, 0xDD, 0x69, 0x2F, 0x81, 0xD4, 0x47, 0x41, 0x90, 0xDA, 0x74,
    0x1D, 0x54, 0x8F, 0xD4, 0x1D, 0x54, 0x8F, 0xD4, 0x06, 0x29, 0x6A, 0xF8, 0x1A, 0x60, 0xC6, 0xFB,
    0x1B, 0x87, 0xF6, 0xF9, 0x1B, 0x87, 0xF6, 0xF9, 0x1D, 0x91, 0xFB, 0xFB, 0x30, 0x9F, 0xFD, 0xFA,
    0x32, 0xA1, 0xFB, 0xFA, 0x32, 0xA1, 0xFB, 0xFA, 0x2D, 0x9A, 0xF9, 0xFA, 0x30, 0x9D, 0xF9, 0xFA,
    0x29, 0x9B, 0xF8, 0xFA, 0x29, 0x9B, 0xF8, 0xFA, 0x2C, 0x9D, 0xF8, 0xF8, 0x33, 0x86, 0xDF, 0xF5,
    0x00, 0x02, 0x1C, 0xF6, 0x00, 0x02, 0x1C, 0xF6, 0x21, 0x4E, 0x8B, 0x6A, 0x37, 0x87, 0xD2, 0x05,
    0x34, 0x7F, 0xC5, 0x02, 0x34, 0x7F, 0xC5, 0x02, 0x39, 0x82, 0xC8, 0x01, 0x00, 0x00, 0x00, 0x00,
    0x00, 0x00, 0x00, 0x00, 0x00, 0x00, 0x00, 0x00, 0x00, 0x00, 0x00, 0x00, 0x00, 0x00, 0x00, 0x00,
    0x00, 0x00, 0x00, 0x00, 0x00, 0x00, 0x00, 0x00, 0x00, 0x00, 0x00, 0x00, 0x00, 0x00, 0x00, 0x00,
    0x00, 0x00, 0x00, 0x00, 0x00, 0x00, 0x00, 0x00, 0x00, 0x00, 0x00, 0x00, 0x00, 0x00, 0x00, 0x00,
    0x00, 0x00, 0x00, 0x00, 0x00, 0x00, 0x00, 0x00, 0x00, 0x00, 0x00, 0x00, 0x00, 0x00, 0x00, 0x00,
    0x00, 0x00, 0x00, 0x00, 0x00, 0x00, 0x00, 0x00, 0x00, 0x00, 0x00, 0x00, 0x00, 0x00, 0x00, 0x00,
    0x45, 0x88, 0xC9, 0x01, 0x45, 0x88, 0xC9, 0x01, 0x47, 0x88, 0xCA, 0x01, 0x47, 0x88, 0xCA, 0x01,
    0x46, 0x86, 0xC9, 0x04, 0x45, 0x87, 0xC7, 0x08, 0x54, 0x94, 0xC2, 0x0B, 0x54, 0x94, 0xC2, 0x0B,
    0x19, 0x35, 0x55, 0x87, 0x0A, 0x23, 0x48, 0xD0, 0x2C, 0x61, 0xB0, 0xF6, 0x2C, 0x61, 0xB0, 0xF6,
    0x31, 0x8E, 0xEF, 0xF6, 0x2F, 0x8E, 0xF5, 0xF9, 0x35, 0x9A, 0xFA, 0xF9, 0x35, 0x9A, 0xFA, 0xF9,
    0x38, 0xA4, 0xFB, 0xFA, 0x3B, 0xA8, 0xFD, 0xFB, 0x3D, 0xA6, 0xFD, 0xFB, 0x3D, 0xA6, 0xFD, 0xFB,
    0x62, 0xBD, 0xFE, 0xFC, 0x9E, 0xCE, 0xFC, 0xFC, 0xBC, 0xD6, 0xF7, 0xFD, 0xBC, 0xD6, 0xF7, 0xFD,
    0xC3, 0xDB, 0xF6, 0xFD, 0xCF, 0xE4, 0xF9, 0xFD, 0xD7, 0xE7, 0xF8, 0xFD, 0xDD, 0xED, 0xFC, 0xFD,
    0xDD, 0xED, 0xFC, 0xFD, 0xF3, 0xFD, 0xFF, 0xFD, 0xC5, 0xD6, 0xEE, 0xFD, 0x4F, 0x61, 0x7A, 0xFD,
    0x4F, 0x61, 0x7A, 0xFD, 0x13, 0x26, 0x43, 0xFD, 0x2A, 0x38, 0x56, 0xFD, 0xAE, 0xBD, 0xD3, 0xFD,
    0xAE, 0xBD, 0xD3, 0xFD, 0xF9, 0xFF, 0xFF, 0xFD, 0x9D, 0xA7, 0xCA, 0xFD, 0x10, 0x21, 0x47, 0xFD,
    0x10, 0x21, 0x47, 0xFD, 0x0C, 0x19, 0x43, 0xFD, 0x18, 0x24, 0x4C, 0xFD, 0x36, 0x48, 0x70, 0xFD,
    0x36, 0x48, 0x70, 0xFD, 0x95, 0xAC, 0xD0, 0xFD, 0xE7, 0xF9, 0xFF, 0xFD, 0xF0, 0xF9, 0xFF, 0xFD,
    0xF0, 0xF9, 0xFF, 0xFD, 0xF3, 0xF9, 0xFC, 0xFD, 0xF0, 0xF4, 0xFA, 0xFD, 0xEC, 0xF2, 0xFA, 0xFD,
    0xEC, 0xF2, 0xFA, 0xFD, 0xEB, 0xF9, 0xFE, 0xFD, 0xDF, 0xF6, 0xFE, 0xFD, 0xC7, 0xE7, 0xFD, 0xFD,
    0xC7, 0xE7, 0xFD, 0xFD, 0xA7, 0xDC, 0xFD, 0xFD, 0x7F, 0xC5, 0xF8, 0xFD, 0x6D, 0xB9, 0xF9, 0xFD,
    0x6D, 0xB9, 0xF9, 0xFD, 0x6C, 0xBB, 0xFC, 0xFD, 0x61, 0xB7, 0xFE, 0xFD, 0x4E, 0xAA, 0xFD, 0xFD,
    0x4E, 0xAA, 0xFD, 0xFD, 0x3F, 0xA3, 0xFE, 0xFC, 0x37, 0x99, 0xFD, 0xFC, 0x37, 0x9F, 0xFE, 0xFC,
    0x37, 0x9F, 0xFE, 0xFC, 0x2F, 0x95, 0xFB, 0xFC, 0x2A, 0x8F, 0xFB, 0xFB, 0x26, 0x8D, 0xF8, 0xFB,
    0x26, 0x8D, 0xF8, 0xFB, 0x21, 0x8B, 0xF8, 0xFA, 0x1B, 0x74, 0xE3, 0xFA, 0x15, 0x58, 0xB2, 0xF5,
    0x15, 0x58, 0xB2, 0xF5, 0x09, 0x33, 0x76, 0xF2, 0x20, 0x56, 0x9C, 0xD1, 0x40, 0x8C, 0xD6, 0x8F,
    0x3A, 0x90, 0xDD, 0x69, 0x3A, 0x90, 0xDD, 0x69, 0x2F, 0x81, 0xD4, 0x47, 0x41, 0x90, 0xDA, 0x74,
    0x1D, 0x54, 0x8F, 0xD4, 0x1D, 0x54, 0x8F, 0xD4, 0x06, 0x29, 0x6A, 0xF8, 0x1A, 0x60, 0xC6, 0xFB,
    0x1B, 0x87, 0xF6, 0xF9, 0x1B, 0x87, 0xF6, 0xF9, 0x1D, 0x91, 0xFB, 0xFB, 0x30, 0x9F, 0xFD, 0xFA,
    0x32, 0xA1, 0xFB, 0xFA, 0x32, 0xA1, 0xFB, 0xFA, 0x2D, 0x9A, 0xF9, 0xFA, 0x30, 0x9D, 0xF9, 0xFA,
    0x29, 0x9B, 0xF8, 0xFA, 0x29, 0x9B, 0xF8, 0xFA, 0x2C, 0x9D, 0xF8, 0xF8, 0x33, 0x86, 0xDF, 0xF5,
    0x00, 0x02, 0x1C, 0xF6, 0x00, 0x02, 0x1C, 0xF6, 0x21, 0x4E, 0x8B, 0x6A, 0x37, 0x87, 0xD2, 0x05,
    0x34, 0x7F, 0xC5, 0x02, 0x34, 0x7F, 0xC5, 0x02, 0x39, 0x82, 0xC8, 0x01, 0x00, 0x00, 0x00, 0x00,
    0x00, 0x00, 0x00, 0x00, 0x00, 0x00, 0x00, 0x00, 0x00, 0x00, 0x00, 0x00, 0x00, 0x00, 0x00, 0x00,
    0x00, 0x00, 0x00, 0x00, 0x00, 0x00, 0x00, 0x00, 0x00, 0x00, 0x00, 0x00, 0x00, 0x00, 0x00, 0x00,
    0x00, 0x00, 0x00, 0x00, 0x00, 0x00, 0x00, 0x00, 0x00, 0x00, 0x00, 0x00, 0x00, 0x00, 0x00, 0x00,
    0x00, 0x00, 0x00, 0x00, 0x00, 0x00, 0x00, 0x00, 0x00, 0x00, 0x00, 0x00, 0x00, 0x00, 0x00, 0x00,
    0x00, 0x00, 0x00, 0x00, 0x00, 0x00, 0x00, 0x00, 0x00, 0x00, 0x00, 0x00, 0x00, 0x00, 0x00, 0x00,
    0x45, 0x88, 0xCA, 0x01, 0x00, 0x00, 0x00, 0x00, 0x46, 0x88, 0xC8, 0x01, 0x46, 0x88, 0xC8, 0x01,
    0x48, 0x89, 0xCA, 0x01, 0x44, 0x86, 0xC6, 0x04, 0x44, 0x87, 0xC6, 0x05, 0x44, 0x87, 0xC6, 0x05,
    0x4B, 0x88, 0xB9, 0x0A, 0x32, 0x58, 0x7E, 0x85, 0x04, 0x0F, 0x31, 0xDD, 0x04, 0x0F, 0x31, 0xDD,
    0x26, 0x5F, 0x9D, 0xEE, 0x40, 0x8E, 0xE5, 0xF8, 0x3A, 0x9E, 0xF3, 0xF4, 0x3A, 0x9E, 0xF3, 0xF4,
    0x37, 0x9D, 0xF6, 0xF9, 0x3B, 0xA5, 0xFB, 0xF9, 0x4C, 0xB0, 0xFD, 0xFA, 0x4C, 0xB0, 0xFD, 0xFA,
    0x81, 0xD5, 0xFF, 0xFB, 0xA5, 0xD8, 0xFD, 0xFD, 0xB5, 0xDA, 0xFA, 0xFD, 0xB5, 0xDA, 0xFA, 0xFD,
    0xBF, 0xDC, 0xFA, 0xFD, 0xCC, 0xE9, 0xFD, 0xFD, 0xD4, 0xEB, 0xFB, 0xFD, 0xDD, 0xF0, 0xFC, 0xFD,
    0xDD, 0xF0, 0xFC, 0xFD, 0xDF, 0xEF, 0xFC, 0xFD, 0xED, 0xFB, 0xFE, 0xFD, 0xED, 0xFB, 0xFE, 0xFD,
    0xED, 0xFB, 0xFE, 0xFD, 0xCD, 0xDB, 0xEC, 0xFD, 0xDF, 0xE6, 0xF2, 0xFD, 0xFC, 0xFF, 0xFF, 0xFD,
    0xFC, 0xFF, 0xFF, 0xFD, 0xF6, 0xFE, 0xFF, 0xFD, 0xFA, 0xFF, 0xFF, 0xFD, 0xAF, 0xC0, 0xDB, 0xFD,
    0xAF, 0xC0, 0xDB, 0xFD, 0x75, 0x86, 0xA5, 0xFD, 0x93, 0x9F, 0xC0, 0xFD, 0xD0, 0xE1, 0xF6, 0xFD,
    0xD0, 0xE1, 0xF6, 0xFD, 0xEB, 0xFB, 0xFF, 0xFD, 0xF0, 0xFC, 0xFF, 0xFD, 0xF1, 0xF9, 0xFD, 0xFD,
    0xF1, 0xF9, 0xFD, 0xFD, 0xF2, 0xFA, 0xFD, 0xFD, 0xF0, 0xF9, 0xFD, 0xFD, 0xEE, 0xF8, 0xFD, 0xFD,
    0xEE, 0xF8, 0xFD, 0xFD, 0xE9, 0xF6, 0xFD, 0xFD, 0xE5, 0xF5, 0xFE, 0xFD, 0xDF, 0xF4, 0xFF, 0xFD,
    0xDF, 0xF4, 0xFF, 0xFD, 0xCD, 0xF0, 0xFF, 0xFD, 0xA7, 0xD9, 0xFB, 0xFD, 0x8E, 0xCF, 0xFB, 0xFD,
    0x8E, 0xCF, 0xFB, 0xFD, 0x82, 0xCC, 0xFC, 0xFD, 0x75, 0xC6, 0xFE, 0xFD, 0x56, 0xAF, 0xFC, 0xFD,
    0x56, 0xAF, 0xFC, 0xFD, 0x45, 0xAD, 0xFE, 0xFC, 0x3A, 0xA5, 0xFE, 0xFC, 0x2F, 0x9B, 0xFD, 0xFC,
    0x2F, 0x9B, 0xFD, 0xFC, 0x26, 0x8E, 0xF9, 0xFC, 0x2B, 0x94, 0xFF, 0xFC, 0x20, 0x7F, 0xEF, 0xFB,
    0x20, 0x7F, 0xEF, 0xFB, 0x28, 0x87, 0xEA, 0xFB, 0x17, 0x59, 0xB1, 0xF9, 0x0D, 0x34, 0x79, 0xF4,
    0x0D, 0x34, 0x79, 0xF4, 0x10, 0x40, 0x82, 0xEF, 0x3C, 0x8A, 0xD2, 0xB5, 0x3E, 0x94, 0xE2, 0x59,
    0x38, 0x92, 0xDF, 0x4B, 0x38, 0x92, 0xDF, 0x4B, 0x37, 0x92, 0xE3, 0x3B, 0x43, 0x90, 0xDC, 0x6A,
    0x15, 0x47, 0x7D, 0xD3, 0x15, 0x47, 0x7D, 0xD3, 0x0E, 0x48, 0x89, 0xF4, 0x2E, 0x8A, 0xF0, 0xFB,
    0x1D, 0x8C, 0xF9, 0xFA, 0x1D, 0x8C, 0xF9, 0xFA, 0x1F, 0x90, 0xFA, 0xFA, 0x29, 0x9A, 0xFB, 0xFA,
    0x28, 0x9A, 0xFA, 0xFA, 0x28, 0x9A, 0xFA, 0xFA, 0x27, 0x99, 0xFA, 0xFA, 0x27, 0x9A, 0xFA, 0xFA,
    0x25, 0x9B, 0xF9, 0xF9, 0x25, 0x9B, 0xF9, 0xF9, 0x24, 0x99, 0xF8, 0xF9, 0x30, 0x8A, 0xE6, 0xF3,
    0x00, 0x05, 0x22, 0xF5, 0x00, 0x05, 0x22, 0xF5, 0x21, 0x50, 0x8C, 0x68, 0x37, 0x8A, 0xD3, 0x07,
    0x33, 0x7F, 0xC5, 0x02, 0x33, 0x7F, 0xC5, 0x02, 0x37, 0x81, 0xC8, 0x02, 0x00, 0x00, 0x00, 0x00,
    0x00, 0x00, 0x00, 0x00, 0x00, 0x00, 0x00, 0x00, 0x00, 0x00, 0x00, 0x00, 0x00, 0x00, 0x00, 0x00,
    0x00, 0x00, 0x00, 0x00, 0x00, 0x00, 0x00, 0x00, 0x00, 0x00, 0x00, 0x00, 0x00, 0x00, 0x00, 0x00,
    0x00, 0x00, 0x00, 0x00, 0x00, 0x00, 0x00, 0x00, 0x00, 0x00, 0x00, 0x00, 0x00, 0x00, 0x00, 0x00,
    0x00, 0x00, 0x00, 0x00, 0x00, 0x00, 0x00, 0x00, 0x00, 0x00, 0x00, 0x00, 0x00, 0x00, 0x00, 0x00,
    0x00, 0x00, 0x00, 0x00, 0x00, 0x00, 0x00, 0x00, 0x00, 0x00, 0x00, 0x00, 0x00, 0x00, 0x00, 0x00,
    0x00, 0x00, 0x00, 0x00, 0x45, 0x88, 0xC9, 0x01, 0x45, 0x89, 0xC9, 0x01, 0x45, 0x89, 0xC9, 0x01,
    0x46, 0x88, 0xC8, 0x01, 0x46, 0x87, 0xC8, 0x02, 0x44, 0x84, 0xC6, 0x04, 0x44, 0x84, 0xC6, 0x04,
    0x42, 0x83, 0xC2, 0x02, 0x4C, 0x8C, 0xC0, 0x12, 0x3E, 0x6C, 0x97, 0x41, 0x3E, 0x6C, 0x97, 0x41,
    0x14, 0x2D, 0x4F, 0xC3, 0x0D, 0x20, 0x55, 0xF0, 0x46, 0x90, 0xD1, 0xF7, 0x46, 0x90, 0xD1, 0xF7,
    0x3E, 0x90, 0xE7, 0xF9, 0x42, 0xA5, 0xF7, 0xF8, 0x4E, 0xAB, 0xFB, 0xFB, 0x4E, 0xAB, 0xFB, 0xFB,
    0x76, 0xBE, 0xFC, 0xFB, 0x97, 0xC9, 0xF9, 0xFC, 0xAD, 0xD9, 0xFB, 0xFD, 0xAD, 0xD9, 0xFB, 0xFD,
    0xB7, 0xD7, 0xFA, 0xFD, 0xC3, 0xDF, 0xFB, 0xFD, 0xD1, 0xEA, 0xFC, 0xFD, 0xDA, 0xEE, 0xFC, 0xFD,
    0xDA, 0xEE, 0xFC, 0xFD, 0xE0, 0xEE, 0xFB, 0xFD, 0xE4, 0xF0, 0xFA, 0xFD, 0xE7, 0xF2, 0xFB, 0xFD,
    0xE7, 0xF2, 0xFB, 0xFD, 0xF4, 0xFB, 0xFC, 0xFD, 0xF4, 0xFA, 0xFC, 0xFD, 0xEF, 0xF4, 0xF9, 0xFD,
    0xEF, 0xF4, 0xF9, 0xFD, 0xED, 0xF3, 0xF9, 0xFD, 0xEB, 0xF5, 0xFD, 0xFD, 0xF0, 0xFD, 0xFE, 0xFD,
    0xF0, 0xFD, 0xFE, 0xFD, 0xF1, 0xFE, 0xFF, 0xFD, 0xF4, 0xFE, 0xFF, 0xFD, 0xF0, 0xFC, 0xFE, 0xFD,
    0xF0, 0xFC, 0xFE, 0xFD, 0xEB, 0xF3, 0xFC, 0xFD, 0xEE, 0xF5, 0xFC, 0xFD, 0xEF, 0xF7, 0xFC, 0xFD,
    0xEF, 0xF7, 0xFC, 0xFD, 0xED, 0xF7, 0xFD, 0xFD, 0xEB, 0xF6, 0xFE, 0xFD, 0xEA, 0xF7, 0xFE, 0xFD,
    0xEA, 0xF7, 0xFE, 0xFD, 0xE1, 0xF0, 0xFD, 0xFD, 0xDE, 0xF0, 0xFD, 0xFD, 0xDA, 0xEC, 0xFC, 0xFD,
    0xDA, 0xEC, 0xFC, 0xFD, 0xCC, 0xE4, 0xFC, 0xFD, 0xB5, 0xDB, 0xFB, 0xFD, 0x9F, 0xD8, 0xFC, 0xFD,
    0x9F, 0xD8, 0xFC, 0xFD, 0x8A, 0xC5, 0xF6, 0xFD, 0x7A, 0xBE, 0xFA, 0xFD, 0x5D, 0xB4, 0xFC, 0xFD,
    0x5D, 0xB4, 0xFC, 0xFD, 0x44, 0xA9, 0xFD, 0xFC, 0x36, 0x9B, 0xFD, 0xFD, 0x2C, 0x97, 0xFE, 0xFC,
    0x2C, 0x97, 0xFE, 0xFC, 0x24, 0x8D, 0xF8, 0xFC, 0x22, 0x6E, 0xD9, 0xFC, 0x15, 0x4B, 0xA4, 0xFC,
    0x15, 0x4B, 0xA4, 0xFC, 0x07, 0x2F, 0x7C, 0xFB, 0x02, 0x1F, 0x68, 0xFA, 0x0F, 0x3F, 0x83, 0xF5,
    0x0F, 0x3F, 0x83, 0xF5, 0x09, 0x36, 0x82, 0xF4, 0x2A, 0x73, 0xC0, 0xBE, 0x3F, 0x96, 0xE6, 0x5B,
    0x30, 0x84, 0xD7, 0x4F, 0x30, 0x84, 0xD7, 0x4F, 0x3A, 0x96, 0xE9, 0x47, 0x3F, 0x88, 0xCF, 0x8C,
    0x04, 0x24, 0x54, 0xE1, 0x04, 0x24, 0x54, 0xE1, 0x17, 0x57, 0xA9, 0xF6, 0x39, 0xA7, 0xFB, 0xFC,
    0x28, 0x9D, 0xFA, 0xFA, 0x28, 0x9D, 0xFA, 0xFA, 0x2D, 0x9F, 0xFA, 0xFA, 0x2F, 0x9C, 0xFA, 0xFA,
    0x29, 0x94, 0xF8, 0xFA, 0x29, 0x94, 0xF8, 0xFA, 0x28, 0x9B, 0xFB, 0xFA, 0x23, 0x94, 0xFA, 0xF9,
    0x1D, 0x8D, 0xF7, 0xF9, 0x1D, 0x8D, 0xF7, 0xF9, 0x1F, 0x8F, 0xF7, 0xF9, 0x2A, 0x82, 0xE3, 0xF5,
    0x00, 0x03, 0x1E, 0xF8, 0x00, 0x03, 0x1E, 0xF8, 0x20, 0x4F, 0x8A, 0x6A, 0x39, 0x8B, 0xD6, 0x06,
    0x32, 0x7E, 0xC5, 0x01, 0x32, 0x7E, 0xC5, 0x01, 0x37, 0x7F, 0xC8, 0x02, 0x00, 0x00, 0x00, 0x00,
    0x00, 0x00, 0x00, 0x00, 0x00, 0x00, 0x00, 0x00, 0x00, 0x00, 0x00, 0x00, 0x00, 0x00, 0x00, 0x00,
    0x00, 0x00, 0x00, 0x00, 0x00, 0x00, 0x00, 0x00, 0x00, 0x00, 0x00, 0x00, 0x00, 0x00, 0x00, 0x00,
    0x00, 0x00, 0x00, 0x00, 0x00, 0x00, 0x00, 0x00, 0x00, 0x00, 0x00, 0x00, 0x00, 0x00, 0x00, 0x00,
    0x00, 0x00, 0x00, 0x00, 0x00, 0x00, 0x00, 0x00, 0x00, 0x00, 0x00, 0x00, 0x00, 0x00, 0x00, 0x00,
    0x00, 0x00, 0x00, 0x00, 0x00, 0x00, 0x00, 0x00, 0x00, 0x00, 0x00, 0x00, 0x00, 0x00, 0x00, 0x00,
    0x00, 0x00, 0x00, 0x00, 0x00, 0x00, 0x00, 0x00, 0x44, 0x87, 0xC8, 0x01, 0x44, 0x87, 0xC8, 0x01,
    0x45, 0x87, 0xC8, 0x01, 0x45, 0x87, 0xC8, 0x02, 0x45, 0x85, 0xC8, 0x02, 0x45, 0x85, 0xC8, 0x02,
    0x45, 0x84, 0xC7, 0x03, 0x42, 0x83, 0xC0, 0x04, 0x4A, 0x8E, 0xC4, 0x01, 0x4A, 0x8E, 0xC4, 0x01,
    0x4E, 0x82, 0xAF, 0x5C, 0x15, 0x2A, 0x48, 0x98, 0x14, 0x2B, 0x4E, 0xDF, 0x14, 0x2B, 0x4E, 0xDF,
    0x23, 0x4E, 0x8B, 0xEF, 0x3E, 0x8D, 0xD7, 0xF8, 0x54, 0xAA, 0xF3, 0xF8, 0x54, 0xAA, 0xF3, 0xF8,
    0x69, 0xB6, 0xF7, 0xFA, 0x7D, 0xB7, 0xF4, 0xFC, 0x97, 0xCE, 0xFA, 0xFC, 0x97, 0xCE, 0xFA, 0xFC,
    0xAE, 0xD9, 0xFC, 0xFD, 0xBC, 0xDE, 0xFC, 0xFD, 0xCA, 0xE8, 0xFD, 0xFD, 0xD6, 0xED, 0xFD, 0xFD,
    0xD6, 0xED, 0xFD, 0xFD, 0xDC, 0xEE, 0xFD, 0xFD, 0xDF, 0xF0, 0xFC, 0xFD, 0xE2, 0xEE, 0xFB, 0xFD,
    0xE2, 0xEE, 0xFB, 0xFD, 0xE3, 0xEE, 0xFA, 0xFD, 0xE6, 0xF1, 0xFB, 0xFD, 0xE7, 0xF4, 0xFB, 0xFD,
    0xE7, 0xF4, 0xFB, 0xFD, 0xE4, 0xF2, 0xFC, 0xFD, 0xE2, 0xF1, 0xFC, 0xFD, 0xDF, 0xEF, 0xFC, 0xFD,
    0xDF, 0xEF, 0xFC, 0xFD, 0xDD, 0xED, 0xFB, 0xFD, 0xE0, 0xED, 0xFC, 0xFD, 0xE3, 0xF1, 0xFD, 0xFD,
    0xE3, 0xF1, 0xFD, 0xFD, 0xE3, 0xF2, 0xFD, 0xFD, 0xE4, 0xF3, 0xFD, 0xFD, 0xE4, 0xF2, 0xFD, 0xFD,
    0xE4, 0xF2, 0xFD, 0xFD, 0xE4, 0xF4, 0xFE, 0xFD, 0xE0, 0xEF, 0xFD, 0xFD, 0xDB, 0xEB, 0xFD, 0xFD,
    0xDB, 0xEB, 0xFD, 0xFD, 0xD6, 0xEB, 0xFD, 0xFD, 0xD2, 0xEC, 0xFE, 0xFD, 0xCA, 0xE4, 0xFC, 0xFD,
    0xCA, 0xE4, 0xFC, 0xFD, 0xC0, 0xE1, 0xFD, 0xFD, 0xAE, 0xDB, 0xFD, 0xFD, 0x9B, 0xD0, 0xFB, 0xFD,
    0x9B, 0xD0, 0xFB, 0xFD, 0x8B, 0xC1, 0xF5, 0xFD, 0x7B, 0xBC, 0xFA, 0xFD, 0x5E, 0xB0, 0xF8, 0xFD,
    0x5E, 0xB0, 0xF8, 0xFD, 0x37, 0x88, 0xE2, 0xFC, 0x34, 0x86, 0xEB, 0xFC, 0x44, 0xA7, 0xFF, 0xFC,
    0x44, 0xA7, 0xFF, 0xFC, 0x30, 0x85, 0xE3, 0xFC, 0x05, 0x28, 0x89, 0xFC, 0x00, 0x14, 0x6D, 0xFB,
    0x00, 0x14, 0x6D, 0xFB, 0x08, 0x3D, 0x9A, 0xFA, 0x0F, 0x52, 0xB9, 0xFB, 0x27, 0x84, 0xE5, 0xF5,
    0x27, 0x84, 0xE5, 0xF5, 0x0E, 0x56, 0xB0, 0xF0, 0x1B, 0x64, 0xAF, 0xDD, 0x41, 0x99, 0xE5, 0x9B,
    0x38, 0x8D, 0xE0, 0x57, 0x38, 0x8D, 0xE0, 0x57, 0x40, 0x94, 0xE5, 0x4D, 0x22, 0x5D, 0x96, 0xB5,
    0x08, 0x35, 0x61, 0xF8, 0x08, 0x35, 0x61, 0xF8, 0x31, 0x84, 0xD8, 0xF6, 0x2E, 0x9A, 0xF9, 0xFA,
    0x29, 0x9A, 0xFA, 0xFA, 0x29, 0x9A, 0xFA, 0xFA, 0x34, 0xA4, 0xFA, 0xFA, 0x36, 0xA1, 0xFA, 0xFA,
    0x30, 0x9B, 0xFA, 0xFA, 0x30, 0x9B, 0xFA, 0xFA, 0x28, 0x99, 0xFB, 0xFA, 0x22, 0x95, 0xFA, 0xF9,
    0x1D, 0x90, 0xF8, 0xF8, 0x1D, 0x90, 0xF8, 0xF8, 0x1C, 0x8F, 0xF6, 0xF8, 0x2C, 0x86, 0xE4, 0xF3,
    0x00, 0x04, 0x21, 0xEE, 0x00, 0x04, 0x21, 0xEE, 0x21, 0x52, 0x8E, 0x5C, 0x3A, 0x8A, 0xD7, 0x0A,
    0x32, 0x7E, 0xC5, 0x01, 0x32, 0x7E, 0xC5, 0x01, 0x36, 0x80, 0xC8, 0x02, 0x00, 0x00, 0x00, 0x00,
    0x00, 0x00, 0x00, 0x00, 0x00, 0x00, 0x00, 0x00, 0x00, 0x00, 0x00, 0x00, 0x00, 0x00, 0x00, 0x00,
    0x00, 0x00, 0x00, 0x00, 0x00, 0x00, 0x00, 0x00, 0x00, 0x00, 0x00, 0x00, 0x00, 0x00, 0x00, 0x00,
    0x00, 0x00, 0x00, 0x00, 0x00, 0x00, 0x00, 0x00, 0x00, 0x00, 0x00, 0x00, 0x00, 0x00, 0x00, 0x00,
    0x00, 0x00, 0x00, 0x00, 0x00, 0x00, 0x00, 0x00, 0x00, 0x00, 0x00, 0x00, 0x00, 0x00, 0x00, 0x00,
    0x00, 0x00, 0x00, 0x00, 0x00, 0x00, 0x00, 0x00, 0x00, 0x00, 0x00, 0x00, 0x00, 0x00, 0x00, 0x00,
    0x00, 0x00, 0x00, 0x00, 0x00, 0x00, 0x00, 0x00, 0x44, 0x87, 0xC8, 0x01, 0x44, 0x87, 0xC8, 0x01,
    0x45, 0x87, 0xC8, 0x01, 0x45, 0x87, 0xC8, 0x02, 0x45, 0x85, 0xC8, 0x02, 0x45, 0x85, 0xC8, 0x02,
    0x45, 0x84, 0xC7, 0x03, 0x42, 0x83, 0xC0, 0x04, 0x4A, 0x8E, 0xC4, 0x01, 0x4A, 0x8E, 0xC4, 0x01,
    0x4E, 0x82, 0xAF, 0x5C, 0x15, 0x2A, 0x48, 0x98, 0x14, 0x2B, 0x4E, 0xDF, 0x14, 0x2B, 0x4E, 0xDF,
    0x23, 0x4E, 0x8B, 0xEF, 0x3E, 0x8D, 0xD7, 0xF8, 0x54, 0xAA, 0xF3, 0xF8, 0x54, 0xAA, 0xF3, 0xF8,
    0x69, 0xB6, 0xF7, 0xFA, 0x7D, 0xB7, 0xF4, 0xFC, 0x97, 0xCE, 0xFA, 0xFC, 0x97, 0xCE, 0xFA, 0xFC,
    0xAE, 0xD9, 0xFC, 0xFD, 0xBC, 0xDE, 0xFC, 0xFD, 0xCA, 0xE8, 0xFD, 0xFD, 0xD6, 0xED, 0xFD, 0xFD,
    0xD6, 0xED, 0xFD, 0xFD, 0xDC, 0xEE, 0xFD, 0xFD, 0xDF, 0xF0, 0xFC, 0xFD, 0xE2, 0xEE, 0xFB, 0xFD,
    0xE2, 0xEE, 0xFB, 0xFD, 0xE3, 0xEE, 0xFA, 0xFD, 0xE6, 0xF1, 0xFB, 0xFD, 0xE7, 0xF4, 0xFB, 0xFD,
    0xE7, 0xF4, 0xFB, 0xFD, 0xE4, 0xF2, 0xFC, 0xFD, 0xE2, 0xF1, 0xFC, 0xFD, 0xDF, 0xEF, 0xFC, 0xFD,
    0xDF, 0xEF, 0xFC, 0xFD, 0xDD, 0xED, 0xFB, 0xFD, 0xE0, 0xED, 0xFC, 0xFD, 0xE3, 0xF1, 0xFD, 0xFD,
    0xE3, 0xF1, 0xFD, 0xFD, 0xE3, 0xF2, 0xFD, 0xFD, 0xE4, 0xF3, 0xFD, 0xFD, 0xE4, 0xF2, 0xFD, 0xFD,
    0xE4, 0xF2, 0xFD, 0xFD, 0xE4, 0xF4, 0xFE, 0xFD, 0xE0, 0xEF, 0xFD, 0xFD, 0xDB, 0xEB, 0xFD, 0xFD,
    0xDB, 0xEB, 0xFD, 0xFD, 0xD6, 0xEB, 0xFD, 0xFD, 0xD2, 0xEC, 0xFE, 0xFD, 0xCA, 0xE4, 0xFC, 0xFD,
    0xCA, 0xE4, 0xFC, 0xFD, 0xC0, 0xE1, 0xFD, 0xFD, 0xAE, 0xDB, 0xFD, 0xFD, 0x9B, 0xD0, 0xFB, 0xFD,
    0x9B, 0xD0, 0xFB, 0xFD, 0x8B, 0xC1, 0xF5, 0xFD, 0x7B, 0xBC, 0xFA, 0xFD, 0x5E, 0xB0, 0xF8, 0xFD,
    0x5E, 0xB0, 0xF8, 0xFD, 0x37, 0x88, 0xE2, 0xFC, 0x34, 0x86, 0xEB, 0xFC, 0x44, 0xA7, 0xFF, 0xFC,
    0x44, 0xA7, 0xFF, 0xFC, 0x30, 0x85, 0xE3, 0xFC, 0x05, 0x28, 0x89, 0xFC, 0x00, 0x14, 0x6D, 0xFB,
    0x00, 0x14, 0x6D, 0xFB, 0x08, 0x3D, 0x9A, 0xFA, 0x0F, 0x52, 0xB9, 0xFB, 0x27, 0x84, 0xE5, 0xF5,
    0x27, 0x84, 0xE5, 0xF5, 0x0E, 0x56, 0xB0, 0xF0, 0x1B, 0x64, 0xAF, 0xDD, 0x41, 0x99, 0xE5, 0x9B,
    0x38, 0x8D, 0xE0, 0x57, 0x38, 0x8D, 0xE0, 0x57, 0x40, 0x94, 0xE5, 0x4D, 0x22, 0x5D, 0x96, 0xB5,
    0x08, 0x35, 0x61, 0xF8, 0x08, 0x35, 0x61, 0xF8, 0x31, 0x84, 0xD8, 0xF6, 0x2E, 0x9A, 0xF9, 0xFA,
    0x29, 0x9A, 0xFA, 0xFA, 0x29, 0x9A, 0xFA, 0xFA, 0x34, 0xA4, 0xFA, 0xFA, 0x36, 0xA1, 0xFA, 0xFA,
    0x30, 0x9B, 0xFA, 0xFA, 0x30, 0x9B, 0xFA, 0xFA, 0x28, 0x99, 0xFB, 0xFA, 0x22, 0x95, 0xFA, 0xF9,
    0x1D, 0x90, 0xF8, 0xF8, 0x1D, 0x90, 0xF8, 0xF8, 0x1C, 0x8F, 0xF6, 0xF8, 0x2C, 0x86, 0xE4, 0xF3,
    0x00, 0x04, 0x21, 0xEE, 0x00, 0x04, 0x21, 0xEE, 0x21, 0x52, 0x8E, 0x5C, 0x3A, 0x8A, 0xD7, 0x0A,
    0x32, 0x7E, 0xC5, 0x01, 0x32, 0x7E, 0xC5, 0x01, 0x36, 0x80, 0xC8, 0x02, 0x00, 0x00, 0x00, 0x00,
    0x00, 0x00, 0x00, 0x00, 0x00, 0x00, 0x00, 0x00, 0x00, 0x00, 0x00, 0x00, 0x00, 0x00, 0x00, 0x00,
    0x00, 0x00, 0x00, 0x00, 0x00, 0x00, 0x00, 0x00, 0x00, 0x00, 0x00, 0x00, 0x00, 0x00, 0x00, 0x00,
    0x00, 0x00, 0x00, 0x00, 0x00, 0x00, 0x00, 0x00, 0x00, 0x00, 0x00, 0x00, 0x00, 0x00, 0x00, 0x00,
    0x00, 0x00, 0x00, 0x00, 0x00, 0x00, 0x00, 0x00, 0x00, 0x00, 0x00, 0x00, 0x00, 0x00, 0x00, 0x00,
    0x00, 0x00, 0x00, 0x00, 0x00, 0x00, 0x00, 0x00, 0x00, 0x00, 0x00, 0x00, 0x00, 0x00, 0x00, 0x00,
    0x00, 0x00, 0x00, 0x00, 0x00, 0x00, 0x00, 0x00, 0x43, 0x87, 0xC8, 0x01, 0x43, 0x87, 0xC8, 0x01,
    0x43, 0x86, 0xC7, 0x01, 0x43, 0x86, 0xC7, 0x02, 0x44, 0x86, 0xC8, 0x02, 0x44, 0x86, 0xC8, 0x02,
    0x45, 0x86, 0xC8, 0x03, 0x45, 0x88, 0xC8, 0x05, 0x40, 0x83, 0xC3, 0x04, 0x40, 0x83, 0xC3, 0x04,
    0x49, 0x8C, 0xC9, 0x08, 0x4E, 0x88, 0xB8, 0x10, 0x2A, 0x48, 0x72, 0x7A, 0x2A, 0x48, 0x72, 0x7A,
    0x25, 0x47, 0x6D, 0xB4, 0x12, 0x37, 0x64, 0xEF, 0x1E, 0x48, 0x80, 0xF4, 0x1E, 0x48, 0x80, 0xF4,
    0x4F, 0x8D, 0xCB, 0xFA, 0x65, 0xA3, 0xE2, 0xFD, 0x74, 0xB3, 0xEF, 0xFC, 0x74, 0xB3, 0xEF, 0xFC,
    0x87, 0xBF, 0xF6, 0xFD, 0xA1, 0xD3, 0xFC, 0xFD, 0xAD, 0xD3, 0xFA, 0xFD, 0xBF, 0xDE, 0xFC, 0xFD,
    0xBF, 0xDE, 0xFC, 0xFD, 0xCD, 0xE7, 0xFE, 0xFD, 0xD3, 0xEC, 0xFE, 0xFD, 0xD5, 0xE9, 0xFD, 0xFD,
    0xD5, 0xE9, 0xFD, 0xFD, 0xD7, 0xEB, 0xFD, 0xFD, 0xD6, 0xE8, 0xFB, 0xFD, 0xD5, 0xE7, 0xFB, 0xFD,
    0xD5, 0xE7, 0xFB, 0xFD, 0xD5, 0xEA, 0xFC, 0xFD, 0xD5, 0xEB, 0xFC, 0xFD, 0xD3, 0xE7, 0xFB, 0xFD,
    0xD3, 0xE7, 0xFB, 0xFD, 0xD5, 0xE8, 0xFB, 0xFD, 0xD6, 0xE8, 0xFB, 0xFD, 0xD7, 0xEB, 0xFD, 0xFD,
    0xD7, 0xEB, 0xFD, 0xFD, 0xD7, 0xEC, 0xFD, 0xFD, 0xD7, 0xEC, 0xFD, 0xFD, 0xD4, 0xE8, 0xFC, 0xFD,
    0xD4, 0xE8, 0xFC, 0xFD, 0xD2, 0xE7, 0xFC, 0xFD, 0xCF, 0xE4, 0xFC, 0xFD, 0xCD, 0xE4, 0xFC, 0xFD,
    0xCD, 0xE4, 0xFC, 0xFD, 0xC4, 0xDE, 0xFA, 0xFD, 0xBD, 0xDD, 0xFB, 0xFD, 0xB1, 0xD4, 0xF9, 0xFD,
    0xB1, 0xD4, 0xF9, 0xFD, 0xA3, 0xCC, 0xF8, 0xFD, 0x92, 0xC4, 0xF7, 0xFD, 0x83, 0xBF, 0xF8, 0xFD,
    0x83, 0xBF, 0xF8, 0xFD, 0x83, 0xC2, 0xFA, 0xFD, 0x8A, 0xCF, 0xFD, 0xFD, 0x6D, 0xB1, 0xF3, 0xFD,
    0x6D, 0xB1, 0xF3, 0xFD, 0x15, 0x3E, 0x87, 0xFD, 0x08, 0x22, 0x6E, 0xFC, 0x15, 0x45, 0x90, 0xFC,
    0x15, 0x45, 0x90, 0xFC, 0x05, 0x33, 0x86, 0xFC, 0x0B, 0x4A, 0xAA, 0xFB, 0x09, 0x54, 0xCA, 0xFC,
    0x09, 0x54, 0xCA, 0xFC, 0x12, 0x78, 0xF3, 0xFB, 0x0E, 0x76, 0xF6, 0xF9, 0x10, 0x80, 0xF9, 0xF9,
    0x10, 0x80, 0xF9, 0xF9, 0x16, 0x7F, 0xEB, 0xF3, 0x0D, 0x51, 0xA2, 0xEE, 0x2B, 0x6F, 0xBA, 0xC5,
    0x3F, 0x94, 0xE3, 0x94, 0x3F, 0x94, 0xE3, 0x94, 0x36, 0x7D, 0xC6, 0x98, 0x07, 0x29, 0x5E, 0xD8,
    0x14, 0x47, 0x84, 0xF8, 0x14, 0x47, 0x84, 0xF8, 0x34, 0x9A, 0xF2, 0xF7, 0x29, 0x94, 0xF8, 0xFB,
    0x2B, 0x99, 0xFA, 0xFA, 0x2B, 0x99, 0xFA, 0xFA, 0x2F, 0x99, 0xF9, 0xFA, 0x35, 0x9E, 0xFB, 0xFA,
    0x32, 0x9E, 0xFB, 0xFA, 0x32, 0x9E, 0xFB, 0xFA, 0x29, 0x96, 0xFB, 0xFA, 0x1F, 0x8F, 0xF9, 0xF9,
    0x1B, 0x8E, 0xF8, 0xF8, 0x1B, 0x8E, 0xF8, 0xF8, 0x1A, 0x85, 0xF0, 0xF8, 0x23, 0x70, 0xC9, 0xF8,
    0x04, 0x17, 0x4C, 0xED, 0x04, 0x17, 0x4C, 0xED, 0x20, 0x57, 0x9B, 0x4E, 0x39, 0x86, 0xD4, 0x09,
    0x33, 0x7D, 0xC5, 0x02, 0x33, 0x7D, 0xC5, 0x02, 0x35, 0x7F, 0xC8, 0x01, 0x00, 0x00, 0x00, 0x00,
    0x00, 0x00, 0x00, 0x00, 0x00, 0x00, 0x00, 0x00, 0x00, 0x00, 0x00, 0x00, 0x00, 0x00, 0x00, 0x00,
    0x00, 0x00, 0x00, 0x00, 0x00, 0x00, 0x00, 0x00, 0x00, 0x00, 0x00, 0x00, 0x00, 0x00, 0x00, 0x00,
    0x00, 0x00, 0x00, 0x00, 0x00, 0x00, 0x00, 0x00, 0x00, 0x00, 0x00, 0x00, 0x00, 0x00, 0x00, 0x00,
    0x00, 0x00, 0x00, 0x00, 0x00, 0x00, 0x00, 0x00, 0x00, 0x00, 0x00, 0x00, 0x00, 0x00, 0x00, 0x00,
    0x00, 0x00, 0x00, 0x00, 0x00, 0x00, 0x00, 0x00, 0x00, 0x00, 0x00, 0x00, 0x00, 0x00, 0x00, 0x00,
    0x00, 0x00, 0x00, 0x00, 0x00, 0x00, 0x00, 0x00, 0x43, 0x86, 0xC7, 0x01, 0x43, 0x86, 0xC7, 0x01,
    0x44, 0x87, 0xC7, 0x01, 0x44, 0x87, 0xC7, 0x02, 0x44, 0x87, 0xC8, 0x02, 0x44, 0x87, 0xC8, 0x02,
    0x45, 0x87, 0xC8, 0x03, 0x46, 0x88, 0xC7, 0x03, 0x47, 0x8A, 0xC8, 0x04, 0x47, 0x8A, 0xC8, 0x04,
    0x44, 0x87, 0xC6, 0x08, 0x46, 0x8A, 0xC6, 0x0B, 0x51, 0x94, 0xCB, 0x1D, 0x51, 0x94, 0xCB, 0x1D,
    0x5E, 0xA6, 0xD2, 0x4F, 0x3C, 0x6A, 0x90, 0xC5, 0x06, 0x13, 0x29, 0xE9, 0x06, 0x13, 0x29, 0xE9,
    0x07, 0x1D, 0x48, 0xFA, 0x10, 0x37, 0x73, 0xFD, 0x34, 0x72, 0xB1, 0xFC, 0x34, 0x72, 0xB1, 0xFC,
    0x4F, 0x8E, 0xD1, 0xFD, 0x6D, 0xB1, 0xEE, 0xFD, 0x88, 0xC4, 0xF7, 0xFD, 0x9D, 0xCF, 0xFA, 0xFD,
    0x9D, 0xCF, 0xFA, 0xFD, 0xAB, 0xCF, 0xF9, 0xFD, 0xB7, 0xDA, 0xFC, 0xFD, 0xC0, 0xDE, 0xFC, 0xFD,
    0xC0, 0xDE, 0xFC, 0xFD, 0xC5, 0xE2, 0xFC, 0xFD, 0xC8, 0xE0, 0xFC, 0xFD, 0xC9, 0xE2, 0xFC, 0xFD,
    0xC9, 0xE2, 0xFC, 0xFD, 0xC7, 0xE0, 0xFB, 0xFD, 0xC8, 0xE0, 0xFB, 0xFD, 0xC8, 0xE2, 0xFB, 0xFD,
    0xC8, 0xE2, 0xFB, 0xFD, 0xCA, 0xE3, 0xFB, 0xFD, 0xCA, 0xE2, 0xFB, 0xFD, 0xC9, 0xE2, 0xFB, 0xFD,
    0xC9, 0xE2, 0xFB, 0xFD, 0xC7, 0xE1, 0xFA, 0xFD, 0xC6, 0xE1, 0xFC, 0xFD, 0xC2, 0xDB, 0xF8, 0xFD,
    0xC2, 0xDB, 0xF8, 0xFD, 0xBD, 0xD7, 0xF6, 0xFD, 0xBB, 0xD7, 0xF6, 0xFD, 0xB7, 0xD5, 0xF5, 0xFD,
    0xB7, 0xD5, 0xF5, 0xFD, 0xAC, 0xCD, 0xF3, 0xFD, 0xA1, 0xCA, 0xF6, 0xFD, 0x98, 0xCB, 0xF9, 0xFD,
    0x98, 0xCB, 0xF9, 0xFD, 0x89, 0xC5, 0xF7, 0xFD, 0x66, 0x9E, 0xD9, 0xFD, 0x4E, 0x83, 0xC4, 0xFD,
    0x4E, 0x83, 0xC4, 0xFD, 0x4D, 0x7F, 0xC0, 0xFD, 0x5A, 0x94, 0xD1, 0xFD, 0x37, 0x6F, 0xAE, 0xFD,
    0x37, 0x6F, 0xAE, 0xFD, 0x0F, 0x3A, 0x81, 0xFC, 0x01, 0x1A, 0x68, 0xFC, 0x01, 0x28, 0x7B, 0xFC,
    0x01, 0x28, 0x7B, 0xFC, 0x04, 0x40, 0xAA, 0xFC, 0x15, 0x79, 0xF3, 0xFC, 0x0E, 0x7B, 0xFA, 0xFB,
    0x0E, 0x7B, 0xFA, 0xFB, 0x0F, 0x7F, 0xFD, 0xFA, 0x09, 0x73, 0xF4, 0xFA, 0x09, 0x77, 0xF4, 0xF9,
    0x09, 0x77, 0xF4, 0xF9, 0x14, 0x88, 0xFB, 0xF6, 0x13, 0x5C, 0xB5, 0xF1, 0x16, 0x47, 0x7D, 0xD3,
    0x52, 0xA2, 0xD7, 0xB1, 0x52, 0xA2, 0xD7, 0xB1, 0x27, 0x6C, 0xA7, 0xD4, 0x0F, 0x40, 0x81, 0xEF,
    0x27, 0x6A, 0xBD, 0xF7, 0x27, 0x6A, 0xBD, 0xF7, 0x29, 0x93, 0xF3, 0xF7, 0x25, 0x95, 0xFA, 0xFA,
    0x29, 0x9D, 0xFC, 0xF9, 0x29, 0x9D, 0xFC, 0xF9, 0x29, 0x95, 0xFA, 0xFA, 0x30, 0x9C, 0xFB, 0xFA,
    0x2C, 0x97, 0xFC, 0xFA, 0x2C, 0x97, 0xFC, 0xFA, 0x25, 0x97, 0xFC, 0xF9, 0x1C, 0x91, 0xFA, 0xF9,
    0x1C, 0x8F, 0xF8, 0xF8, 0x1C, 0x8F, 0xF8, 0xF8, 0x14, 0x65, 0xCC, 0xF6, 0x07, 0x29, 0x75, 0xF4,
    0x2D, 0x61, 0xA5, 0xD0, 0x2D, 0x61, 0xA5, 0xD0, 0x2F, 0x76, 0xC1, 0x44, 0x35, 0x81, 0xCD, 0x02,
    0x34, 0x7D, 0xC7, 0x03, 0x34, 0x7D, 0xC7, 0x03, 0x36, 0x7F, 0xC8, 0x01, 0x00, 0x00, 0x00, 0x00,
    0x00, 0x00, 0x00, 0x00, 0x00, 0x00, 0x00, 0x00, 0x00, 0x00, 0x00, 0x00, 0x00, 0x00, 0x00, 0x00,
    0x00, 0x00, 0x00, 0x00, 0x00, 0x00, 0x00, 0x00, 0x00, 0x00, 0x00, 0x00, 0x00, 0x00, 0x00, 0x00,
    0x00, 0x00, 0x00, 0x00, 0x00, 0x00, 0x00, 0x00, 0x00, 0x00, 0x00, 0x00, 0x00, 0x00, 0x00, 0x00,
    0x00, 0x00, 0x00, 0x00, 0x00, 0x00, 0x00, 0x00, 0x00, 0x00, 0x00, 0x00, 0x00, 0x00, 0x00, 0x00,
    0x00, 0x00, 0x00, 0x00, 0x00, 0x00, 0x00, 0x00, 0x00, 0x00, 0x00, 0x00, 0x00, 0x00, 0x00, 0x00,
    0x00, 0x00, 0x00, 0x00, 0x43, 0x87, 0xC8, 0x01, 0x44, 0x87, 0xC8, 0x01, 0x44, 0x87, 0xC8, 0x01,
    0x44, 0x88, 0xC7, 0x01, 0x45, 0x88, 0xC7, 0x02, 0x45, 0x87, 0xC7, 0x02, 0x45, 0x87, 0xC7, 0x02,
    0x46, 0x88, 0xC8, 0x02, 0x47, 0x89, 0xC7, 0x03, 0x49, 0x89, 0xC7, 0x04, 0x49, 0x89, 0xC7, 0x04,
    0x49, 0x8B, 0xC9, 0x04, 0x49, 0x8B, 0xC7, 0x0C, 0x42, 0x87, 0xC4, 0x0D, 0x42, 0x87, 0xC4, 0x0D,
    0x56, 0x9C, 0xD3, 0x21, 0x35, 0x66, 0x8D, 0xA1, 0x0C, 0x28, 0x4E, 0xE6, 0x0C, 0x28, 0x4E, 0xE6,
    0x24, 0x59, 0x9F, 0xF9, 0x12, 0x4F, 0x9E, 0xFC, 0x1C, 0x63, 0xAD, 0xFC, 0x1C, 0x63, 0xAD, 0xFC,
    0x1F, 0x5B, 0xA8, 0xFD, 0x2F, 0x72, 0xBA, 0xFD, 0x47, 0x8A, 0xCE, 0xFD, 0x6E, 0xAA, 0xE8, 0xFD,
    0x6E, 0xAA, 0xE8, 0xFD, 0x85, 0xB5, 0xEB, 0xFD, 0x93, 0xBC, 0xEB, 0xFD, 0xA0, 0xC5, 0xEF, 0xFD,
    0xA0, 0xC5, 0xEF, 0xFD, 0xAB, 0xCC, 0xF2, 0xFD, 0xB1, 0xCD, 0xF2, 0xFD, 0xB4, 0xD2, 0xF5, 0xFD,
    0xB4, 0xD2, 0xF5, 0xFD, 0xB4, 0xD1, 0xF4, 0xFD, 0xB5, 0xD1, 0xF4, 0xFD, 0xB5, 0xD3, 0xF4, 0xFD,
    0xB5, 0xD3, 0xF4, 0xFD, 0xB8, 0xD5, 0xF5, 0xFD, 0xB8, 0xD4, 0xF5, 0xFD, 0xB7, 0xD4, 0xF5, 0xFD,
    0xB7, 0xD4, 0xF5, 0xFD, 0xB3, 0xD0, 0xF2, 0xFD, 0xB1, 0xCD, 0xF1, 0xFD, 0xAD, 0xCA, 0xEE, 0xFD,
    0xAD, 0xCA, 0xEE, 0xFD, 0xAC, 0xCC, 0xEF, 0xFD, 0xA6, 0xC5, 0xEA, 0xFD, 0x9F, 0xC4, 0xED, 0xFD,
    0x9F, 0xC4, 0xED, 0xFD, 0x95, 0xC6, 0xF5, 0xFD, 0x83, 0xBF, 0xF7, 0xFD, 0x67, 0xA1, 0xE4, 0xFD,
    0x67, 0xA1, 0xE4, 0xFD, 0x57, 0x9A, 0xDC, 0xFD, 0x34, 0x6D, 0xAE, 0xFD, 0x1E, 0x49, 0x8C, 0xFD,
    0x1E, 0x49, 0x8C, 0xFD, 0x0F, 0x2C, 0x74, 0xFD, 0x10, 0x3B, 0x83, 0xFD, 0x05, 0x2F, 0x88, 0xFD,
    0x05, 0x2F, 0x88, 0xFD, 0x1B, 0x70, 0xD2, 0xFC, 0x19, 0x6F, 0xE1, 0xFD, 0x12, 0x78, 0xE9, 0xFC,
    0x12, 0x78, 0xE9, 0xFC, 0x0B, 0x74, 0xEC, 0xFC, 0x11, 0x7D, 0xF8, 0xFC, 0x0F, 0x7E, 0xF9, 0xFB,
    0x0F, 0x7E, 0xF9, 0xFB, 0x11, 0x7D, 0xF5, 0xFB, 0x18, 0x86, 0xF9, 0xFB, 0x11, 0x7A, 0xF3, 0xF8,
    0x11, 0x7A, 0xF3, 0xF8, 0x11, 0x78, 0xEF, 0xF8, 0x19, 0x63, 0xBC, 0xF7, 0x08, 0x24, 0x4B, 0xEB,
    0x2E, 0x60, 0x89, 0xDE, 0x2E, 0x60, 0x89, 0xDE, 0x1F, 0x56, 0x89, 0xF5, 0x25, 0x7A, 0xC8, 0xF7,
    0x17, 0x6C, 0xD6, 0xF8, 0x17, 0x6C, 0xD6, 0xF8, 0x1D, 0x82, 0xED, 0xF7, 0x1F, 0x8A, 0xF8, 0xFB,
    0x21, 0x96, 0xFD, 0xFA, 0x21, 0x96, 0xFD, 0xFA, 0x22, 0x93, 0xFB, 0xFA, 0x22, 0x8D, 0xF9, 0xFA,
    0x24, 0x93, 0xFC, 0xFA, 0x24, 0x93, 0xFC, 0xFA, 0x1F, 0x92, 0xFC, 0xF9, 0x12, 0x83, 0xF3, 0xF9,
    0x1B, 0x8B, 0xF6, 0xF8, 0x1B, 0x8B, 0xF6, 0xF8, 0x13, 0x52, 0xAE, 0xF9, 0x01, 0x0C, 0x41, 0xF4,
    0x39, 0x7D, 0xC6, 0x72, 0x39, 0x7D, 0xC6, 0x72, 0x31, 0x80, 0xCD, 0x22, 0x33, 0x7E, 0xCA, 0x01,
    0x36, 0x7E, 0xC9, 0x02, 0x36, 0x7E, 0xC9, 0x02, 0x37, 0x7E, 0xC8, 0x01, 0x00, 0x00, 0x00, 0x00,
    0x00, 0x00, 0x00, 0x00, 0x00, 0x00, 0x00, 0x00, 0x00, 0x00, 0x00, 0x00, 0x00, 0x00, 0x00, 0x00,
    0x00, 0x00, 0x00, 0x00, 0x00, 0x00, 0x00, 0x00, 0x00, 0x00, 0x00, 0x00, 0x00, 0x00, 0x00, 0x00,
    0x00, 0x00, 0x00, 0x00, 0x00, 0x00, 0x00, 0x00, 0x00, 0x00, 0x00, 0x00, 0x00, 0x00, 0x00, 0x00,
    0x00, 0x00, 0x00, 0x00, 0x00, 0x00, 0x00, 0x00, 0x00, 0x00, 0x00, 0x00, 0x00, 0x00, 0x00, 0x00,
    0x00, 0x00, 0x00, 0x00, 0x00, 0x00, 0x00, 0x00, 0x00, 0x00, 0x00, 0x00, 0x00, 0x00, 0x00, 0x00,
    0x00, 0x00, 0x00, 0x00, 0x43, 0x87, 0xC8, 0x01, 0x44, 0x87, 0xC8, 0x01, 0x44, 0x87, 0xC8, 0x01,
    0x44, 0x88, 0xC7, 0x01, 0x45, 0x88, 0xC7, 0x02, 0x45, 0x87, 0xC7, 0x02, 0x45, 0x87, 0xC7, 0x02,
    0x46, 0x88, 0xC8, 0x02, 0x47, 0x89, 0xC7, 0x03, 0x49, 0x89, 0xC7, 0x04, 0x49, 0x89, 0xC7, 0x04,
    0x49, 0x8B, 0xC9, 0x04, 0x49, 0x8B, 0xC7, 0x0C, 0x42, 0x87, 0xC4, 0x0D, 0x42, 0x87, 0xC4, 0x0D,
    0x56, 0x9C, 0xD3, 0x21, 0x35, 0x66, 0x8D, 0xA1, 0x0C, 0x28, 0x4E, 0xE6, 0x0C, 0x28, 0x4E, 0xE6,
    0x24, 0x59, 0x9F, 0xF9, 0x12, 0x4F, 0x9E, 0xFC, 0x1C, 0x63, 0xAD, 0xFC, 0x1C, 0x63, 0xAD, 0xFC,
    0x1F, 0x5B, 0xA8, 0xFD, 0x2F, 0x72, 0xBA, 0xFD, 0x47, 0x8A, 0xCE, 0xFD, 0x6E, 0xAA, 0xE8, 0xFD,
    0x6E, 0xAA, 0xE8, 0xFD, 0x85, 0xB5, 0xEB, 0xFD, 0x93, 0xBC, 0xEB, 0xFD, 0xA0, 0xC5, 0xEF, 0xFD,
    0xA0, 0xC5, 0xEF, 0xFD, 0xAB, 0xCC, 0xF2, 0xFD, 0xB1, 0xCD, 0xF2, 0xFD, 0xB4, 0xD2, 0xF5, 0xFD,
    0xB4, 0xD2, 0xF5, 0xFD, 0xB4, 0xD1, 0xF4, 0xFD, 0xB5, 0xD1, 0xF4, 0xFD, 0xB5, 0xD3, 0xF4, 0xFD,
    0xB5, 0xD3, 0xF4, 0xFD, 0xB8, 0xD5, 0xF5, 0xFD, 0xB8, 0xD4, 0xF5, 0xFD, 0xB7, 0xD4, 0xF5, 0xFD,
    0xB7, 0xD4, 0xF5, 0xFD, 0xB3, 0xD0, 0xF2, 0xFD, 0xB1, 0xCD, 0xF1, 0xFD, 0xAD, 0xCA, 0xEE, 0xFD,
    0xAD, 0xCA, 0xEE, 0xFD, 0xAC, 0xCC, 0xEF, 0xFD, 0xA6, 0xC5, 0xEA, 0xFD, 0x9F, 0xC4, 0xED, 0xFD,
    0x9F, 0xC4, 0xED, 0xFD, 0x95, 0xC6, 0xF5, 0xFD, 0x83, 0xBF, 0xF7, 0xFD, 0x67, 0xA1, 0xE4, 0xFD,
    0x67, 0xA1, 0xE4, 0xFD, 0x57, 0x9A, 0xDC, 0xFD, 0x34, 0x6D, 0xAE, 0xFD, 0x1E, 0x49, 0x8C, 0xFD,
    0x1E, 0x49, 0x8C, 0xFD, 0x0F, 0x2C, 0x74, 0xFD, 0x10, 0x3B, 0x83, 0xFD, 0x05, 0x2F, 0x88, 0xFD,
    0x05, 0x2F, 0x88, 0xFD, 0x1B, 0x70, 0xD2, 0xFC, 0x19, 0x6F, 0xE1, 0xFD, 0x12, 0x78, 0xE9, 0xFC,
    0x12, 0x78, 0xE9, 0xFC, 0x0B, 0x74, 0xEC, 0xFC, 0x11, 0x7D, 0xF8, 0xFC, 0x0F, 0x7E, 0xF9, 0xFB,
    0x0F, 0x7E, 0xF9, 0xFB, 0x11, 0x7D, 0xF5, 0xFB, 0x18, 0x86, 0xF9, 0xFB, 0x11, 0x7A, 0xF3, 0xF8,
    0x11, 0x7A, 0xF3, 0xF8, 0x11, 0x78, 0xEF, 0xF8, 0x19, 0x63, 0xBC, 0xF7, 0x08, 0x24, 0x4B, 0xEB,
    0x2E, 0x60, 0x89, 0xDE, 0x2E, 0x60, 0x89, 0xDE, 0x1F, 0x56, 0x89, 0xF5, 0x25, 0x7A, 0xC8, 0xF7,
    0x17, 0x6C, 0xD6, 0xF8, 0x17, 0x6C, 0xD6, 0xF8, 0x1D, 0x82, 0xED, 0xF7, 0x1F, 0x8A, 0xF8, 0xFB,
    0x21, 0x96, 0xFD, 0xFA, 0x21, 0x96, 0xFD, 0xFA, 0x22, 0x93, 0xFB, 0xFA, 0x22, 0x8D, 0xF9, 0xFA,
    0x24, 0x93, 0xFC, 0xFA, 0x24, 0x93, 0xFC, 0xFA, 0x1F, 0x92, 0xFC, 0xF9, 0x12, 0x83, 0xF3, 0xF9,
    0x1B, 0x8B, 0xF6, 0xF8, 0x1B, 0x8B, 0xF6, 0xF8, 0x13, 0x52, 0xAE, 0xF9, 0x01, 0x0C, 0x41, 0xF4,
    0x39, 0x7D, 0xC6, 0x72, 0x39, 0x7D, 0xC6, 0x72, 0x31, 0x80, 0xCD, 0x22, 0x33, 0x7E, 0xCA, 0x01,
    0x36, 0x7E, 0xC9, 0x02, 0x36, 0x7E, 0xC9, 0x02, 0x37, 0x7E, 0xC8, 0x01, 0x00, 0x00, 0x00, 0x00,
    0x00, 0x00, 0x00, 0x00, 0x00, 0x00, 0x00, 0x00, 0x00, 0x00, 0x00, 0x00, 0x00, 0x00, 0x00, 0x00,
    0x00, 0x00, 0x00, 0x00, 0x00, 0x00, 0x00, 0x00, 0x00, 0x00, 0x00, 0x00, 0x00, 0x00, 0x00, 0x00,
    0x00, 0x00, 0x00, 0x00, 0x00, 0x00, 0x00, 0x00, 0x00, 0x00, 0x00, 0x00, 0x00, 0x00, 0x00, 0x00,
    0x00, 0x00, 0x00, 0x00, 0x00, 0x00, 0x00, 0x00, 0x00, 0x00, 0x00, 0x00, 0x00, 0x00, 0x00, 0x00,
    0x00, 0x00, 0x00, 0x00, 0x00, 0x00, 0x00, 0x00, 0x00, 0x00, 0x00, 0x00, 0x00, 0x00, 0x00, 0x00,
    0x00, 0x00, 0x00, 0x00, 0x00, 0x00, 0x00, 0x00, 0x43, 0x88, 0xC8, 0x01, 0x43, 0x88, 0xC8, 0x01,
    0x44, 0x88, 0xC8, 0x01, 0x45, 0x89, 0xC8, 0x02, 0x47, 0x89, 0xC8, 0x02, 0x47, 0x89, 0xC8, 0x02,
    0x47, 0x89, 0xC9, 0x02, 0x49, 0x8A, 0xC8, 0x03, 0x4B, 0x8B, 0xC9, 0x03, 0x4B, 0x8B, 0xC9, 0x03,
    0x4B, 0x8C, 0xCA, 0x04, 0x4C, 0x8F, 0xCA, 0x08, 0x48, 0x8E, 0xCA, 0x0C, 0x48, 0x8E, 0xCA, 0x0C,
    0x5C, 0x9B, 0xD3, 0x4E, 0x13, 0x31, 0x5A, 0xBC, 0x14, 0x4D, 0x91, 0xEF, 0x14, 0x4D, 0x91, 0xEF,
    0x25, 0x91, 0xF5, 0xF6, 0x16, 0x7A, 0xE2, 0xFC, 0x1D, 0x80, 0xDE, 0xFC, 0x1D, 0x80, 0xDE, 0xFC,
    0x23, 0x77, 0xD3, 0xFD, 0x2A, 0x77, 0xCC, 0xFD, 0x1C, 0x5E, 0xB0, 0xFD, 0x3C, 0x75, 0xBF, 0xFD,
    0x3C, 0x75, 0xBF, 0xFD, 0x7A, 0xAD, 0xE7, 0xFD, 0x8A, 0xB8, 0xE9, 0xFD, 0x93, 0xBD, 0xE9, 0xFD,
    0x93, 0xBD, 0xE9, 0xFD, 0x9B, 0xC3, 0xED, 0xFD, 0x9F, 0xC2, 0xEB, 0xFD, 0xA1, 0xC3, 0xEA, 0xFD,
    0xA1, 0xC3, 0xEA, 0xFD, 0xA2, 0xC3, 0xEA, 0xFD, 0xA3, 0xC4, 0xEA, 0xFD, 0xA5, 0xC5, 0xEA, 0xFD,
    0xA5, 0xC5, 0xEA, 0xFD, 0xA8, 0xC7, 0xEC, 0xFD, 0xA8, 0xC7, 0xEC, 0xFD, 0xA7, 0xC7, 0xED, 0xFD,
    0xA7, 0xC7, 0xED, 0xFD, 0xA6, 0xC6, 0xEC, 0xFD, 0xA4, 0xC6, 0xEB, 0xFD, 0xA2, 0xC6, 0xEA, 0xFD,
    0xA2, 0xC6, 0xEA, 0xFD, 0x9F, 0xC6, 0xEB, 0xFD, 0x97, 0xBE, 0xE7, 0xFD, 0x8C, 0xB9, 0xE9, 0xFD,
    0x8C, 0xB9, 0xE9, 0xFD, 0x69, 0xA0, 0xDF, 0xFD, 0x48, 0x92, 0xD8, 0xFD, 0x26, 0x69, 0xBD, 0xFD,
    0x26, 0x69, 0xBD, 0xFD, 0x23, 0x63, 0xB7, 0xFD, 0x20, 0x5F, 0xB0, 0xFD, 0x2A, 0x75, 0xC5, 0xFD,
    0x2A, 0x75, 0xC5, 0xFD, 0x25, 0x68, 0xC2, 0xFD, 0x27, 0x77, 0xD5, 0xFD, 0x19, 0x75, 0xDE, 0xFC,
    0x19, 0x75, 0xDE, 0xFC, 0x1C, 0x8A, 0xF9, 0xFC, 0x13, 0x82, 0xF9, 0xFC, 0x0E, 0x82, 0xF9, 0xFC,
    0x0E, 0x82, 0xF9, 0xFC, 0x09, 0x7A, 0xF2, 0xFC, 0x10, 0x7F, 0xF7, 0xFB, 0x14, 0x85, 0xF7, 0xFC,
    0x14, 0x85, 0xF7, 0xFC, 0x16, 0x84, 0xF5, 0xFB, 0x18, 0x84, 0xF6, 0xFA, 0x11, 0x7F, 0xF7, 0xF9,
    0x11, 0x7F, 0xF7, 0xF9, 0x14, 0x7F, 0xF6, 0xF9, 0x1C, 0x6C, 0xC4, 0xF5, 0x07, 0x29, 0x4E, 0xF5,
    0x07, 0x1F, 0x44, 0xF5, 0x07, 0x1F, 0x44, 0xF5, 0x13, 0x43, 0x8A, 0xF7, 0x27, 0x92, 0xF1, 0xF6,
    0x14, 0x79, 0xEF, 0xF8, 0x14, 0x79, 0xEF, 0xF8, 0x19, 0x84, 0xF6, 0xF8, 0x18, 0x85, 0xF7, 0xF9,
    0x1C, 0x8E, 0xFC, 0xFA, 0x1C, 0x8E, 0xFC, 0xFA, 0x1B, 0x8E, 0xFB, 0xFA, 0x1D, 0x8C, 0xFA, 0xFA,
    0x1F, 0x92, 0xFD, 0xFA, 0x1F, 0x92, 0xFD, 0xFA, 0x1B, 0x90, 0xFD, 0xF9, 0x0F, 0x79, 0xEE, 0xF9,
    0x1F, 0x8B, 0xF2, 0xF6, 0x1F, 0x8B, 0xF2, 0xF6, 0x20, 0x62, 0xAD, 0xF2, 0x03, 0x13, 0x43, 0xDC,
    0x37, 0x77, 0xC0, 0x31, 0x37, 0x77, 0xC0, 0x31, 0x32, 0x7F, 0xCC, 0x09, 0x34, 0x7D, 0xC9, 0x01,
    0x36, 0x7E, 0xC9, 0x01, 0x36, 0x7E, 0xC9, 0x01, 0x37, 0x7E, 0xC9, 0x01, 0x00, 0x00, 0x00, 0x00,
    0x00, 0x00, 0x00, 0x00, 0x00, 0x00, 0x00, 0x00, 0x00, 0x00, 0x00, 0x00, 0x00, 0x00, 0x00, 0x00,
    0x00, 0x00, 0x00, 0x00, 0x00, 0x00, 0x00, 0x00, 0x00, 0x00, 0x00, 0x00, 0x00, 0x00, 0x00, 0x00,
    0x00, 0x00, 0x00, 0x00, 0x00, 0x00, 0x00, 0x00, 0x00, 0x00, 0x00, 0x00, 0x00, 0x00, 0x00, 0x00,
    0x00, 0x00, 0x00, 0x00, 0x00, 0x00, 0x00, 0x00, 0x00, 0x00, 0x00, 0x00, 0x00, 0x00, 0x00, 0x00,
    0x00, 0x00, 0x00, 0x00, 0x00, 0x00, 0x00, 0x00, 0x00, 0x00, 0x00, 0x00, 0x00, 0x00, 0x00, 0x00,
    0x00, 0x00, 0x00, 0x00, 0x00, 0x00, 0x00, 0x00, 0x44, 0x88, 0xC8, 0x01, 0x44, 0x88, 0xC8, 0x01,
    0x46, 0x89, 0xC9, 0x01, 0x47, 0x8A, 0xC9, 0x02, 0x48, 0x8A, 0xCA, 0x02, 0x48, 0x8A, 0xCA, 0x02,
    0x4A, 0x8B, 0xCA, 0x02, 0x4B, 0x8D, 0xCA, 0x03, 0x4C, 0x8E, 0xCB, 0x03, 0x4C, 0x8E, 0xCB, 0x03,
    0x4E, 0x8F, 0xCC, 0x04, 0x4F, 0x90, 0xCE, 0x09, 0x4C, 0x8F, 0xC9, 0x10, 0x4C, 0x8F, 0xC9, 0x10,
    0x51, 0x8C, 0xBD, 0x75, 0x0E, 0x2F, 0x5F, 0xC3, 0x0B, 0x49, 0xA9, 0xF6, 0x0B, 0x49, 0xA9, 0xF6,
    0x13, 0x83, 0xF5, 0xF7, 0x15, 0x7B, 0xED, 0xFC, 0x1A, 0x82, 0xEE, 0xFC, 0x1A, 0x82, 0xEE, 0xFC,
    0x2C, 0x98, 0xF7, 0xFD, 0x2E, 0x95, 0xF2, 0xFD, 0x31, 0x86, 0xE2, 0xFD, 0x5B, 0x9F, 0xE9, 0xFD,
    0x5B, 0x9F, 0xE9, 0xFD, 0x92, 0xC8, 0xFA, 0xFD, 0x98, 0xC7, 0xF3, 0xFD, 0x96, 0xBD, 0xEB, 0xFD,
    0x96, 0xBD, 0xEB, 0xFD, 0x98, 0xBF, 0xEB, 0xFD, 0x9B, 0xBF, 0xEB, 0xFD, 0x9D, 0xC1, 0xEA, 0xFD,
    0x9D, 0xC1, 0xEA, 0xFD, 0x9D, 0xC1, 0xEA, 0xFD, 0x9E, 0xC1, 0xEA, 0xFD, 0x9F, 0xC0, 0xE8, 0xFD,
    0x9F, 0xC0, 0xE8, 0xFD, 0xA1, 0xC2, 0xE9, 0xFD, 0xA2, 0xC1, 0xE9, 0xFD, 0xA1, 0xC2, 0xEA, 0xFD,
    0xA1, 0xC2, 0xEA, 0xFD, 0xA0, 0xC1, 0xE9, 0xFD, 0x9F, 0xC2, 0xEA, 0xFD, 0x9A, 0xBD, 0xE6, 0xFD,
    0x9A, 0xBD, 0xE6, 0xFD, 0x94, 0xB9, 0xE3, 0xFD, 0x8E, 0xB9, 0xE6, 0xFD, 0x7D, 0xB3, 0xEC, 0xFD,
    0x7D, 0xB3, 0xEC, 0xFD, 0x54, 0x96, 0xE1, 0xFD, 0x37, 0x8C, 0xE0, 0xFD, 0x37, 0x95, 0xED, 0xFD,
    0x37, 0x95, 0xED, 0xFD, 0x37, 0x93, 0xF1, 0xFD, 0x2B, 0x86, 0xE6, 0xFD, 0x29, 0x8F, 0xF0, 0xFD,
    0x29, 0x8F, 0xF0, 0xFD, 0x2D, 0x94, 0xF6, 0xFD, 0x2C, 0x97, 0xFA, 0xFD, 0x24, 0x8F, 0xF7, 0xFC,
    0x24, 0x8F, 0xF7, 0xFC, 0x1F, 0x8B, 0xF7, 0xFC, 0x19, 0x84, 0xF4, 0xFC, 0x11, 0x7A, 0xED, 0xFC,
    0x11, 0x7A, 0xED, 0xFC, 0x0E, 0x7D, 0xEF, 0xFC, 0x16, 0x82, 0xF7, 0xFC, 0x14, 0x81, 0xF3, 0xFC,
    0x14, 0x81, 0xF3, 0xFC, 0x18, 0x88, 0xF7, 0xFB, 0x13, 0x7D, 0xF2, 0xFB, 0x12, 0x83, 0xF8, 0xFA,
    0x12, 0x83, 0xF8, 0xFA, 0x13, 0x7D, 0xF7, 0xFA, 0x13, 0x58, 0xB6, 0xF7, 0x01, 0x1E, 0x4D, 0xF6,
    0x17, 0x49, 0x7F, 0xF6, 0x17, 0x49, 0x7F, 0xF6, 0x2C, 0x81, 0xE2, 0xF8, 0x19, 0x7F, 0xF1, 0xF8,
    0x12, 0x77, 0xF3, 0xF9, 0x12, 0x77, 0xF3, 0xF9, 0x18, 0x84, 0xFA, 0xF9, 0x17, 0x81, 0xF8, 0xF9,
    0x1A, 0x85, 0xF9, 0xF9, 0x1A, 0x85, 0xF9, 0xF9, 0x16, 0x81, 0xF5, 0xFA, 0x1C, 0x8B, 0xFB, 0xFA,
    0x1B, 0x8C, 0xFC, 0xF9, 0x1B, 0x8C, 0xFC, 0xF9, 0x16, 0x83, 0xF9, 0xF9, 0x12, 0x76, 0xEC, 0xF9,
    0x1C, 0x69, 0xCE, 0xF8, 0x1C, 0x69, 0xCE, 0xF8, 0x0A, 0x28, 0x67, 0xEC, 0x12, 0x34, 0x72, 0xB6,
    0x3A, 0x7F, 0xCB, 0x11, 0x3A, 0x7F, 0xCB, 0x11, 0x33, 0x7E, 0xCA, 0x03, 0x35, 0x7E, 0xC9, 0x03,
    0x00, 0x00, 0x00, 0x00, 0x00, 0x00, 0x00, 0x00, 0x37, 0x7F, 0xC9, 0x01, 0x00, 0x00, 0x00, 0x00,
    0x00, 0x00, 0x00, 0x00, 0x00, 0x00, 0x00, 0x00, 0x00, 0x00, 0x00, 0x00, 0x00, 0x00, 0x00, 0x00,
    0x00, 0x00, 0x00, 0x00, 0x00, 0x00, 0x00, 0x00, 0x00, 0x00, 0x00, 0x00, 0x00, 0x00, 0x00, 0x00,
    0x00, 0x00, 0x00, 0x00, 0x00, 0x00, 0x00, 0x00, 0x00, 0x00, 0x00, 0x00, 0x00, 0x00, 0x00, 0x00,
    0x00, 0x00, 0x00, 0x00, 0x00, 0x00, 0x00, 0x00, 0x00, 0x00, 0x00, 0x00, 0x00, 0x00, 0x00, 0x00,
    0x00, 0x00, 0x00, 0x00, 0x00, 0x00, 0x00, 0x00, 0x00, 0x00, 0x00, 0x00, 0x00, 0x00, 0x00, 0x00,
    0x00, 0x00, 0x00, 0x00, 0x00, 0x00, 0x00, 0x00, 0x44, 0x88, 0xC9, 0x01, 0x44, 0x88, 0xC9, 0x01,
    0x46, 0x89, 0xCA, 0x01, 0x47, 0x8A, 0xCA, 0x01, 0x48, 0x8B, 0xCA, 0x02, 0x48, 0x8B, 0xCA, 0x02,
    0x4A, 0x8C, 0xCA, 0x02, 0x4C, 0x8E, 0xCA, 0x02, 0x4E, 0x8F, 0xCC, 0x03, 0x4E, 0x8F, 0xCC, 0x03,
    0x4D, 0x90, 0xCD, 0x04, 0x52, 0x93, 0xD2, 0x05, 0x52, 0x8E, 0xC5, 0x0C, 0x52, 0x8E, 0xC5, 0x0C,
    0x1C, 0x49, 0x79, 0x92, 0x26, 0x66, 0xAD, 0xDB, 0x16, 0x72, 0xDE, 0xF2, 0x16, 0x72, 0xDE, 0xF2,
    0x13, 0x81, 0xF3, 0xF9, 0x1E, 0x89, 0xF8, 0xFB, 0x29, 0x95, 0xFB, 0xFB, 0x29, 0x95, 0xFB, 0xFB,
    0x30, 0x9A, 0xFA, 0xFC, 0x3A, 0xA3, 0xFC, 0xFC, 0x4E, 0xB3, 0xFD, 0xFD, 0x71, 0xC1, 0xFD, 0xFD,
    0x71, 0xC1, 0xFD, 0xFD, 0x9B, 0xD0, 0xFC, 0xFD, 0xA9, 0xD4, 0xF9, 0xFD, 0xAB, 0xD1, 0xF5, 0xFD,
    0xAB, 0xD1, 0xF5, 0xFD, 0xAD, 0xD2, 0xF5, 0xFD, 0xAC, 0xCC, 0xF1, 0xFD, 0xA9, 0xCB, 0xED, 0xFD,
    0xA9, 0xCB, 0xED, 0xFD, 0xA7, 0xC8, 0xEC, 0xFD, 0xA7, 0xC8, 0xEB, 0xFD, 0xA7, 0xC8, 0xEA, 0xFD,
    0xA7, 0xC8, 0xEA, 0xFD, 0xA8, 0xC8, 0xEA, 0xFD, 0xA8, 0xC7, 0xEA, 0xFD, 0xA9, 0xC7, 0xEB, 0xFD,
    0xA9, 0xC7, 0xEB, 0xFD, 0xA8, 0xC6, 0xEB, 0xFD, 0xA9, 0xC8, 0xEC, 0xFD, 0xA6, 0xC6, 0xEB, 0xFD,
    0xA6, 0xC6, 0xEB, 0xFD, 0xA2, 0xC2, 0xE7, 0xFD, 0xA0, 0xC4, 0xEB, 0xFD, 0x8F, 0xC8, 0xF7, 0xFD,
    0x8F, 0xC8, 0xF7, 0xFD, 0x6B, 0xC1, 0xFB, 0xFD, 0x4E, 0xAD, 0xFB, 0xFD, 0x43, 0xAE, 0xFD, 0xFD,
    0x43, 0xAE, 0xFD, 0xFD, 0x41, 0xAE, 0xFE, 0xFD, 0x34, 0xA0, 0xFB, 0xFD, 0x2E, 0x99, 0xF8, 0xFD,
    0x2E, 0x99, 0xF8, 0xFD, 0x2C, 0x94, 0xF4, 0xFD, 0x2D, 0x97, 0xF8, 0xFD, 0x29, 0x97, 0xF7, 0xFC,
    0x29, 0x97, 0xF7, 0xFC, 0x29, 0x95, 0xF9, 0xFC, 0x25, 0x92, 0xFA, 0xFC, 0x13, 0x79, 0xE7, 0xFC,
    0x13, 0x79, 0xE7, 0xFC, 0x0D, 0x75, 0xE6, 0xFC, 0x1A, 0x86, 0xFA, 0xFC, 0x15, 0x82, 0xF6, 0xFB,
    0x15, 0x82, 0xF6, 0xFB, 0x15, 0x87, 0xF8, 0xFB, 0x14, 0x81, 0xF5, 0xFB, 0x0D, 0x80, 0xF6, 0xFA,
    0x0D, 0x80, 0xF6, 0xFA, 0x0F, 0x7E, 0xF7, 0xFA, 0x15, 0x65, 0xC9, 0xF9, 0x01, 0x23, 0x5D, 0xF8,
    0x20, 0x6A, 0xB4, 0xF8, 0x20, 0x6A, 0xB4, 0xF8, 0x28, 0x99, 0xF7, 0xF8, 0x15, 0x7D, 0xF3, 0xF8,
    0x14, 0x7D, 0xF6, 0xF9, 0x14, 0x7D, 0xF6, 0xF9, 0x18, 0x84, 0xF9, 0xF9, 0x17, 0x83, 0xF9, 0xF9,
    0x19, 0x86, 0xF9, 0xF9, 0x19, 0x86, 0xF9, 0xF9, 0x17, 0x82, 0xF7, 0xFA, 0x19, 0x87, 0xFA, 0xFA,
    0x16, 0x85, 0xF9, 0xFA, 0x16, 0x85, 0xF9, 0xFA, 0x16, 0x86, 0xFA, 0xF8, 0x1F, 0x88, 0xF4, 0xF8,
    0x13, 0x48, 0x9E, 0xF2, 0x13, 0x48, 0x9E, 0xF2, 0x01, 0x0F, 0x49, 0xA5, 0x25, 0x61, 0xAB, 0x3B,
    0x37, 0x86, 0xD0, 0x01, 0x37, 0x86, 0xD0, 0x01, 0x32, 0x7E, 0xC9, 0x02, 0x35, 0x7F, 0xCA, 0x01,
    0x00, 0x00, 0x00, 0x00, 0x00, 0x00, 0x00, 0x00, 0x00, 0x00, 0x00, 0x00, 0x00, 0x00, 0x00, 0x00,
    0x00, 0x00, 0x00, 0x00, 0x00, 0x00, 0x00, 0x00, 0x00, 0x00, 0x00, 0x00, 0x00, 0x00, 0x00, 0x00,
    0x00, 0x00, 0x00, 0x00, 0x00, 0x00, 0x00, 0x00, 0x00, 0x00, 0x00, 0x00, 0x00, 0x00, 0x00, 0x00,
    0x00, 0x00, 0x00, 0x00, 0x00, 0x00, 0x00, 0x00, 0x00, 0x00, 0x00, 0x00, 0x00, 0x00, 0x00, 0x00,
    0x00, 0x00, 0x00, 0x00, 0x00, 0x00, 0x00, 0x00, 0x00, 0x00, 0x00, 0x00, 0x00, 0x00, 0x00, 0x00,
    0x00, 0x00, 0x00, 0x00, 0x00, 0x00, 0x00, 0x00, 0x00, 0x00, 0x00, 0x00, 0x00, 0x00, 0x00, 0x00,
    0x00, 0x00, 0x00, 0x00, 0x00, 0x00, 0x00, 0x00, 0x44, 0x88, 0xC9, 0x01, 0x44, 0x88, 0xC9, 0x01,
    0x45, 0x8A, 0xCA, 0x01, 0x47, 0x8A, 0xCA, 0x01, 0x48, 0x8B, 0xCB, 0x01, 0x48, 0x8B, 0xCB, 0x01,
    0x4A, 0x8C, 0xCB, 0x02, 0x4D, 0x8D, 0xCB, 0x02, 0x4F, 0x8F, 0xCC, 0x02, 0x4F, 0x8F, 0xCC, 0x02,
    0x4E, 0x90, 0xCE, 0x04, 0x52, 0x94, 0xD3, 0x06, 0x4F, 0x86, 0xBD, 0x10, 0x4F, 0x86, 0xBD, 0x10,
    0x07, 0x23, 0x4D, 0xA7, 0x25, 0x7A, 0xD6, 0xF3, 0x1E, 0x90, 0xFF, 0xF2, 0x1E, 0x90, 0xFF, 0xF2,
    0x09, 0x71, 0xEA, 0xF9, 0x1D, 0x8B, 0xFA, 0xFB, 0x2B, 0x9A, 0xFD, 0xFC, 0x2B, 0x9A, 0xFD, 0xFC,
    0x34, 0x9B, 0xFA, 0xFC, 0x43, 0xAA, 0xFC, 0xFC, 0x4E, 0xAF, 0xFD, 0xFD, 0x69, 0xB8, 0xFC, 0xFD,
    0x69, 0xB8, 0xFC, 0xFD, 0x8F, 0xC4, 0xF8, 0xFD, 0xA9, 0xD1, 0xF8, 0xFD, 0xBB, 0xDD, 0xFB, 0xFD,
    0xBB, 0xDD, 0xFB, 0xFD, 0xC7, 0xE1, 0xFB, 0xFD, 0xCE, 0xE3, 0xFB, 0xFD, 0xCF, 0xE6, 0xFB, 0xFD,
    0xCF, 0xE6, 0xFB, 0xFD, 0xCC, 0xE5, 0xFB, 0xFD, 0xCB, 0xE4, 0xFA, 0xFD, 0xCA, 0xE2, 0xF8, 0xFD,
    0xCA, 0xE2, 0xF8, 0xFD, 0xCA, 0xE3, 0xF9, 0xFD, 0xCA, 0xE2, 0xF9, 0xFD, 0xC9, 0xE2, 0xF8, 0xFD,
    0xC9, 0xE2, 0xF8, 0xFD, 0xC9, 0xE1, 0xF8, 0xFD, 0xC8, 0xE1, 0xF9, 0xFD, 0xC7, 0xE0, 0xF7, 0xFD,
    0xC7, 0xE0, 0xF7, 0xFD, 0xCB, 0xE4, 0xF6, 0xFD, 0xC9, 0xE3, 0xF8, 0xFD, 0xA4, 0xCF, 0xF8, 0xFD,
    0xA4, 0xCF, 0xF8, 0xFD, 0x6D, 0xC1, 0xFC, 0xFD, 0x56, 0xBC, 0xFE, 0xFD, 0x47, 0xAA, 0xFD, 0xFD,
    0x47, 0xAA, 0xFD, 0xFD, 0x3F, 0xA5, 0xFC, 0xFD, 0x39, 0xA6, 0xFD, 0xFD, 0x37, 0xA3, 0xFE, 0xFD,
    0x37, 0xA3, 0xFE, 0xFD, 0x34, 0x9D, 0xFB, 0xFD, 0x33, 0x9C, 0xFA, 0xFC, 0x2C, 0x96, 0xF7, 0xFC,
    0x2C, 0x96, 0xF7, 0xFC, 0x2B, 0x98, 0xFA, 0xFC, 0x29, 0x94, 0xFC, 0xFC, 0x11, 0x73, 0xDF, 0xFC,
    0x11, 0x73, 0xDF, 0xFC, 0x07, 0x64, 0xD3, 0xFC, 0x1B, 0x82, 0xF8, 0xFC, 0x17, 0x84, 0xF9, 0xFC,
    0x17, 0x84, 0xF9, 0xFC, 0x13, 0x81, 0xF6, 0xFB, 0x10, 0x7E, 0xF5, 0xFB, 0x09, 0x75, 0xEF, 0xFB,
    0x09, 0x75, 0xEF, 0xFB, 0x10, 0x7D, 0xF3, 0xFA, 0x15, 0x68, 0xCF, 0xF9, 0x00, 0x19, 0x61, 0xF9,
    0x11, 0x50, 0xAA, 0xF8, 0x11, 0x50, 0xAA, 0xF8, 0x1A, 0x81, 0xF1, 0xF8, 0x0E, 0x75, 0xEF, 0xF8,
    0x13, 0x7E, 0xF6, 0xF8, 0x13, 0x7E, 0xF6, 0xF8, 0x14, 0x7F, 0xF6, 0xF9, 0x12, 0x7A, 0xF3, 0xF9,
    0x14, 0x7F, 0xF5, 0xF9, 0x14, 0x7F, 0xF5, 0xF9, 0x16, 0x82, 0xF6, 0xF9, 0x14, 0x7E, 0xF6, 0xF9,
    0x0F, 0x79, 0xF4, 0xFA, 0x0F, 0x79, 0xF4, 0xFA, 0x17, 0x84, 0xF9, 0xF8, 0x1B, 0x66, 0xC7, 0xFB,
    0x0C, 0x37, 0x7A, 0xEA, 0x0C, 0x37, 0x7A, 0xEA, 0x36, 0x7D, 0xC4, 0x32, 0x00, 0x00, 0x00, 0x00,
    0x32, 0x7F, 0xCA, 0x03, 0x32, 0x7F, 0xCA, 0x03, 0x34, 0x7F, 0xC9, 0x01, 0x00, 0x00, 0x00, 0x00,
    0x00, 0x00, 0x00, 0x00, 0x00, 0x00, 0x00, 0x00, 0x00, 0x00, 0x00, 0x00, 0x00, 0x00, 0x00, 0x00,
    0x00, 0x00, 0x00, 0x00, 0x00, 0x00, 0x00, 0x00, 0x00, 0x00, 0x00, 0x00, 0x00, 0x00, 0x00, 0x00,
    0x00, 0x00, 0x00, 0x00, 0x00, 0x00, 0x00, 0x00, 0x00, 0x00, 0x00, 0x00, 0x00, 0x00, 0x00, 0x00,
    0x00, 0x00, 0x00, 0x00, 0x00, 0x00, 0x00, 0x00, 0x00, 0x00, 0x00, 0x00, 0x00, 0x00, 0x00, 0x00,
    0x00, 0x00, 0x00, 0x00, 0x00, 0x00, 0x00, 0x00, 0x00, 0x00, 0x00, 0x00, 0x00, 0x00, 0x00, 0x00,
    0x00, 0x00, 0x00, 0x00, 0x00, 0x00, 0x00, 0x00, 0x00, 0x00, 0x00, 0x00, 0x00, 0x00, 0x00, 0x00,
    0x00, 0x00, 0x00, 0x00, 0x00, 0x00, 0x00, 0x00, 0x44, 0x88, 0xC9, 0x01, 0x44, 0x88, 0xC9, 0x01,
    0x45, 0x8A, 0xCA, 0x01, 0x47, 0x8A, 0xCA, 0x01, 0x48, 0x8B, 0xCB, 0x01, 0x48, 0x8B, 0xCB, 0x01,
    0x4A, 0x8C, 0xCB, 0x02, 0x4D, 0x8D, 0xCB, 0x02, 0x4F, 0x8F, 0xCC, 0x02, 0x4F, 0x8F, 0xCC, 0x02,
    0x4E, 0x90, 0xCE, 0x04, 0x52, 0x94, 0xD3, 0x06, 0x4F, 0x86, 0xBD, 0x10, 0x4F, 0x86, 0xBD, 0x10,
    0x07, 0x23, 0x4D, 0xA7, 0x25, 0x7A, 0xD6, 0xF3, 0x1E, 0x90, 0xFF, 0xF2, 0x1E, 0x90, 0xFF, 0xF2,
    0x09, 0x71, 0xEA, 0xF9, 0x1D, 0x8B, 0xFA, 0xFB, 0x2B, 0x9A, 0xFD, 0xFC, 0x2B, 0x9A, 0xFD, 0xFC,
    0x34, 0x9B, 0xFA, 0xFC, 0x43, 0xAA, 0xFC, 0xFC, 0x4E, 0xAF, 0xFD, 0xFD, 0x69, 0xB8, 0xFC, 0xFD,
    0x69, 0xB8, 0xFC, 0xFD, 0x8F, 0xC4, 0xF8, 0xFD, 0xA9, 0xD1, 0xF8, 0xFD, 0xBB, 0xDD, 0xFB, 0xFD,
    0xBB, 0xDD, 0xFB, 0xFD, 0xC7, 0xE1, 0xFB, 0xFD, 0xCE, 0xE3, 0xFB, 0xFD, 0xCF, 0xE6, 0xFB, 0xFD,
    0xCF, 0xE6, 0xFB, 0xFD, 0xCC, 0xE5, 0xFB, 0xFD, 0xCB, 0xE4, 0xFA, 0xFD, 0xCA, 0xE2, 0xF8, 0xFD,
    0xCA, 0xE2, 0xF8, 0xFD, 0xCA, 0xE3, 0xF9, 0xFD, 0xCA, 0xE2, 0xF9, 0xFD, 0xC9, 0xE2, 0xF8, 0xFD,
    0xC9, 0xE2, 0xF8, 0xFD, 0xC9, 0xE1, 0xF8, 0xFD, 0xC8, 0xE1, 0xF9, 0xFD, 0xC7, 0xE0, 0xF7, 0xFD,
    0xC7, 0xE0, 0xF7, 0xFD, 0xCB, 0xE4, 0xF6, 0xFD, 0xC9, 0xE3, 0xF8, 0xFD, 0xA4, 0xCF, 0xF8, 0xFD,
    0xA4, 0xCF, 0xF8, 0xFD, 0x6D, 0xC1, 0xFC, 0xFD, 0x56, 0xBC, 0xFE, 0xFD, 0x47, 0xAA, 0xFD, 0xFD,
    0x47, 0xAA, 0xFD, 0xFD, 0x3F, 0xA5, 0xFC, 0xFD, 0x39, 0xA6, 0xFD, 0xFD, 0x37, 0xA3, 0xFE, 0xFD,
    0x37, 0xA3, 0xFE, 0xFD, 0x34, 0x9D, 0xFB, 0xFD, 0x33, 0x9C, 0xFA, 0xFC, 0x2C, 0x96, 0xF7, 0xFC,
    0x2C, 0x96, 0xF7, 0xFC, 0x2B, 0x98, 0xFA, 0xFC, 0x29, 0x94, 0xFC, 0xFC, 0x11, 0x73, 0xDF, 0xFC,
    0x11, 0x73, 0xDF, 0xFC, 0x07, 0x64, 0xD3, 0xFC, 0x1B, 0x82, 0xF8, 0xFC, 0x17, 0x84, 0xF9, 0xFC,
    0x17, 0x84, 0xF9, 0xFC, 0x13, 0x81, 0xF6, 0xFB, 0x10, 0x7E, 0xF5, 0xFB, 0x09, 0x75, 0xEF, 0xFB,
    0x09, 0x75, 0xEF, 0xFB, 0x10, 0x7D, 0xF3, 0xFA, 0x15, 0x68, 0xCF, 0xF9, 0x00, 0x19, 0x61, 0xF9,
    0x11, 0x50, 0xAA, 0xF8, 0x11, 0x50, 0xAA, 0xF8, 0x1A, 0x81, 0xF1, 0xF8, 0x0E, 0x75, 0xEF, 0xF8,
    0x13, 0x7E, 0xF6, 0xF8, 0x13, 0x7E, 0xF6, 0xF8, 0x14, 0x7F, 0xF6, 0xF9, 0x12, 0x7A, 0xF3, 0xF9,
    0x14, 0x7F, 0xF5, 0xF9, 0x14, 0x7F, 0xF5, 0xF9, 0x16, 0x82, 0xF6, 0xF9, 0x14, 0x7E, 0xF6, 0xF9,
    0x0F, 0x79, 0xF4, 0xFA, 0x0F, 0x79, 0xF4, 0xFA, 0x17, 0x84, 0xF9, 0xF8, 0x1B, 0x66, 0xC7, 0xFB,
    0x0C, 0x37, 0x7A, 0xEA, 0x0C, 0x37, 0x7A, 0xEA, 0x36, 0x7D, 0xC4, 0x32, 0x00, 0x00, 0x00, 0x00,
    0x32, 0x7F, 0xCA, 0x03, 0x32, 0x7F, 0xCA, 0x03, 0x34, 0x7F, 0xC9, 0x01, 0x00, 0x00, 0x00, 0x00,
    0x00, 0x00, 0x00, 0x00, 0x00, 0x00, 0x00, 0x00, 0x00, 0x00, 0x00, 0x00, 0x00, 0x00, 0x00, 0x00,
    0x00, 0x00, 0x00, 0x00, 0x00, 0x00, 0x00, 0x00, 0x00, 0x00, 0x00, 0x00, 0x00, 0x00, 0x00, 0x00,
    0x00, 0x00, 0x00, 0x00, 0x00, 0x00, 0x00, 0x00, 0x00, 0x00, 0x00, 0x00, 0x00, 0x00, 0x00, 0x00,
    0x00, 0x00, 0x00, 0x00, 0x00, 0x00, 0x00, 0x00, 0x00, 0x00, 0x00, 0x00, 0x00, 0x00, 0x00, 0x00,
    0x00, 0x00, 0x00, 0x00, 0x00, 0x00, 0x00, 0x00, 0x00, 0x00, 0x00, 0x00, 0x00, 0x00, 0x00, 0x00,
    0x00, 0x00, 0x00, 0x00, 0x00, 0x00, 0x00, 0x00, 0x00, 0x00, 0x00, 0x00, 0x00, 0x00, 0x00, 0x00,
    0x00, 0x00, 0x00, 0x00, 0x00, 0x00, 0x00, 0x00, 0x44, 0x88, 0xC9, 0x01, 0x44, 0x88, 0xC9, 0x01,
    0x45, 0x89, 0xCA, 0x01, 0x46, 0x8A, 0xCA, 0x01, 0x48, 0x8B, 0xCB, 0x01, 0x48, 0x8B, 0xCB, 0x01,
    0x4A, 0x8D, 0xCC, 0x02, 0x4D, 0x8E, 0xCC, 0x02, 0x50, 0x8F, 0xCD, 0x02, 0x50, 0x8F, 0xCD, 0x02,
    0x4E, 0x90, 0xCE, 0x04, 0x51, 0x93, 0xD3, 0x04, 0x4E, 0x85, 0xBB, 0x11, 0x4E, 0x85, 0xBB, 0x11,
    0x08, 0x1E, 0x41, 0xAC, 0x28, 0x80, 0xDF, 0xF1, 0x2A, 0xA4, 0xFF, 0xF2, 0x2A, 0xA4, 0xFF, 0xF2,
    0x12, 0x7E, 0xF1, 0xF9, 0x1E, 0x8C, 0xF8, 0xFB, 0x2C, 0x9D, 0xFD, 0xFB, 0x2C, 0x9D, 0xFD, 0xFB,
    0x36, 0xA2, 0xFD, 0xFC, 0x41, 0xAA, 0xFD, 0xFC, 0x4C, 0xAF, 0xFD, 0xFD, 0x5C, 0xB5, 0xFD, 0xFD,
    0x5C, 0xB5, 0xFD, 0xFD, 0x77, 0xBC, 0xFB, 0xFD, 0x96, 0xCF, 0xFC, 0xFD, 0xAE, 0xD7, 0xFB, 0xFD,
    0xAE, 0xD7, 0xFB, 0xFD, 0xCF, 0xE6, 0xFC, 0xFD, 0xE3, 0xF2, 0xFD, 0xFD, 0xE6, 0xF3, 0xFD, 0xFD,
    0xE6, 0xF3, 0xFD, 0xFD, 0xE2, 0xF1, 0xFD, 0xFD, 0xE0, 0xF1, 0xFD, 0xFD, 0xE0, 0xF2, 0xFD, 0xFD,
    0xE0, 0xF2, 0xFD, 0xFD, 0xE0, 0xF2, 0xFD, 0xFD, 0xDF, 0xF1, 0xFD, 0xFD, 0xDE, 0xF1, 0xFC, 0xFD,
    0xDE, 0xF1, 0xFC, 0xFD, 0xDE, 0xF0, 0xFC, 0xFD, 0xDF, 0xF1, 0xFC, 0xFD, 0xDE, 0xEF, 0xFA, 0xFD,
    0xDE, 0xEF, 0xFA, 0xFD, 0xE2, 0xEF, 0xF9, 0xFD, 0xDD, 0xF0, 0xFC, 0xFD, 0xB1, 0xE2, 0xFD, 0xFD,
    0xB1, 0xE2, 0xFD, 0xFD, 0x6E, 0xC1, 0xFC, 0xFD, 0x56, 0xBC, 0xFF, 0xFD, 0x4A, 0xB2, 0xFE, 0xFD,
    0x4A, 0xB2, 0xFE, 0xFD, 0x41, 0xA9, 0xFE, 0xFD, 0x3C, 0xA6, 0xFD, 0xFD, 0x39, 0xA3, 0xFE, 0xFD,
    0x39, 0xA3, 0xFE, 0xFD, 0x35, 0xA0, 0xFD, 0xFC, 0x32, 0x9C, 0xFB, 0xFC, 0x2D, 0x9A, 0xF9, 0xFC,
    0x2D, 0x9A, 0xF9, 0xFC, 0x28, 0x99, 0xFB, 0xFC, 0x26, 0x93, 0xFC, 0xFC, 0x15, 0x75, 0xE3, 0xFC,
    0x15, 0x75, 0xE3, 0xFC, 0x05, 0x59, 0xC3, 0xFC, 0x1D, 0x81, 0xF4, 0xFC, 0x1A, 0x85, 0xF9, 0xFC,
    0x1A, 0x85, 0xF9, 0xFC, 0x13, 0x80, 0xF7, 0xFB, 0x0E, 0x7E, 0xF7, 0xFB, 0x0A, 0x78, 0xF2, 0xFB,
    0x0A, 0x78, 0xF2, 0xFB, 0x0E, 0x7A, 0xF0, 0xFA, 0x18, 0x6D, 0xD1, 0xF9, 0x01, 0x23, 0x6B, 0xF9,
    0x10, 0x50, 0xAB, 0xF9, 0x10, 0x50, 0xAB, 0xF9, 0x18, 0x7A, 0xEF, 0xF9, 0x0E, 0x75, 0xF0, 0xF8,
    0x10, 0x7A, 0xF3, 0xF8, 0x10, 0x7A, 0xF3, 0xF8, 0x11, 0x7F, 0xF6, 0xF8, 0x10, 0x7C, 0xF5, 0xF9,
    0x11, 0x7C, 0xF5, 0xF8, 0x11, 0x7C, 0xF5, 0xF8, 0x12, 0x7B, 0xF3, 0xF9, 0x0E, 0x79, 0xF1, 0xF8,
    0x0D, 0x75, 0xEE, 0xF9, 0x0D, 0x75, 0xEE, 0xF9, 0x25, 0x87, 0xEA, 0xF1, 0x06, 0x1E, 0x5C, 0xE6,
    0x0A, 0x29, 0x69, 0x83, 0x0A, 0x29, 0x69, 0x83, 0x3E, 0x8F, 0xD9, 0x10, 0x2E, 0x7D, 0xCA, 0x04,
    0x33, 0x7E, 0xCB, 0x01, 0x33, 0x7E, 0xCB, 0x01, 0x00, 0x00, 0x00, 0x00, 0x00, 0x00, 0x00, 0x00,
    0x00, 0x00, 0x00, 0x00, 0x00, 0x00, 0x00, 0x00, 0x00, 0x00, 0x00, 0x00, 0x00, 0x00, 0x00, 0x00,
    0x00, 0x00, 0x00, 0x00, 0x00, 0x00, 0x00, 0x00, 0x00, 0x00, 0x00, 0x00, 0x00, 0x00, 0x00, 0x00,
    0x00, 0x00, 0x00, 0x00, 0x00, 0x00, 0x00, 0x00, 0x00, 0x00, 0x00, 0x00, 0x00, 0x00, 0x00, 0x00,
    0x00, 0x00, 0x00, 0x00, 0x00, 0x00, 0x00, 0x00, 0x00, 0x00, 0x00, 0x00, 0x00, 0x00, 0x00, 0x00,
    0x00, 0x00, 0x00, 0x00, 0x00, 0x00, 0x00, 0x00, 0x00, 0x00, 0x00, 0x00, 0x00, 0x00, 0x00, 0x00,
    0x00, 0x00, 0x00, 0x00, 0x00, 0x00, 0x00, 0x00, 0x00, 0x00, 0x00, 0x00, 0x00, 0x00, 0x00, 0x00,
    0x00, 0x00, 0x00, 0x00, 0x00, 0x00, 0x00, 0x00, 0x44, 0x87, 0xC9, 0x01, 0x44, 0x87, 0xC9, 0x01,
    0x45, 0x88, 0xC9, 0x01, 0x47, 0x8A, 0xCA, 0x01, 0x48, 0x8B, 0xCB, 0x01, 0x48, 0x8B, 0xCB, 0x01,
    0x4A, 0x8D, 0xCC, 0x01, 0x4D, 0x8E, 0xCC, 0x02, 0x50, 0x90, 0xCD, 0x02, 0x50, 0x90, 0xCD, 0x02,
    0x4E, 0x90, 0xD0, 0x03, 0x4F, 0x92, 0xD4, 0x03, 0x48, 0x7F, 0xB7, 0x11, 0x48, 0x7F, 0xB7, 0x11,
    0x07, 0x1A, 0x3B, 0xB4, 0x29, 0x7F, 0xDC, 0xF3, 0x2F, 0xA1, 0xFF, 0xF3, 0x2F, 0xA1, 0xFF, 0xF3,
    0x19, 0x84, 0xF0, 0xF9, 0x17, 0x7C, 0xE9, 0xFC, 0x27, 0x98, 0xFC, 0xFB, 0x27, 0x98, 0xFC, 0xFB,
    0x33, 0xA5, 0xFE, 0xFC, 0x3C, 0xA3, 0xFD, 0xFC, 0x45, 0xA7, 0xFD, 0xFC, 0x51, 0xB3, 0xFE, 0xFD,
    0x51, 0xB3, 0xFE, 0xFD, 0x5F, 0xB4, 0xFD, 0xFD, 0x74, 0xBD, 0xFC, 0xFD, 0x87, 0xBC, 0xF2, 0xFD,
    0x87, 0xBC, 0xF2, 0xFD, 0xBA, 0xD8, 0xF6, 0xFD, 0xE9, 0xF3, 0xFD, 0xFD, 0xED, 0xF4, 0xFB, 0xFD,
    0xED, 0xF4, 0xFB, 0xFD, 0xEB, 0xF3, 0xFC, 0xFD, 0xEA, 0xF5, 0xFD, 0xFD, 0xE7, 0xF3, 0xFC, 0xFD,
    0xE7, 0xF3, 0xFC, 0xFD, 0xE6, 0xF2, 0xFD, 0xFD, 0xE6, 0xF2, 0xFD, 0xFD, 0xE5, 0xF2, 0xFD, 0xFD,
    0xE5, 0xF2, 0xFD, 0xFD, 0xE5, 0xF2, 0xFC, 0xFD, 0xE3, 0xEF, 0xFA, 0xFD, 0xE3, 0xEE, 0xF9, 0xFD,
    0xE3, 0xEE, 0xF9, 0xFD, 0xE7, 0xF4, 0xFC, 0xFD, 0xC9, 0xE9, 0xFC, 0xFD, 0x87, 0xCA, 0xFA, 0xFD,
    0x87, 0xCA, 0xFA, 0xFD, 0x60, 0xB9, 0xFE, 0xFD, 0x50, 0xB4, 0xFF, 0xFD, 0x4A, 0xB1, 0xFF, 0xFD,
    0x4A, 0xB1, 0xFF, 0xFD, 0x43, 0xAC, 0xFF, 0xFC, 0x3C, 0xA4, 0xFC, 0xFD, 0x39, 0xA2, 0xFC, 0xFC,
    0x39, 0xA2, 0xFC, 0xFC, 0x37, 0xA1, 0xFD, 0xFC, 0x33, 0x9F, 0xFC, 0xFC, 0x2C, 0x99, 0xF9, 0xFC,
    0x2C, 0x99, 0xF9, 0xFC, 0x22, 0x91, 0xF7, 0xFC, 0x22, 0x91, 0xFB, 0xFC, 0x15, 0x77, 0xE4, 0xFC,
    0x15, 0x77, 0xE4, 0xFC, 0x02, 0x49, 0xB3, 0xFC, 0x19, 0x78, 0xE9, 0xFC, 0x18, 0x80, 0xF4, 0xFC,
    0x18, 0x80, 0xF4, 0xFC, 0x11, 0x7E, 0xF4, 0xFB, 0x10, 0x82, 0xF9, 0xFB, 0x09, 0x79, 0xF3, 0xFB,
    0x09, 0x79, 0xF3, 0xFB, 0x0F, 0x77, 0xEE, 0xFA, 0x0F, 0x58, 0xBC, 0xFA, 0x00, 0x1A, 0x65, 0xF9,
    0x09, 0x49, 0xAA, 0xF9, 0x09, 0x49, 0xAA, 0xF9, 0x13, 0x74, 0xEB, 0xF9, 0x0D, 0x75, 0xEE, 0xF9,
    0x0C, 0x74, 0xED, 0xF8, 0x0C, 0x74, 0xED, 0xF8, 0x0C, 0x78, 0xF0, 0xF8, 0x0D, 0x7B, 0xF4, 0xF9,
    0x0E, 0x77, 0xF2, 0xF9, 0x0E, 0x77, 0xF2, 0xF9, 0x0A, 0x6F, 0xE9, 0xF9, 0x09, 0x6F, 0xE9, 0xF9,
    0x16, 0x7A, 0xE5, 0xF7, 0x16, 0x7A, 0xE5, 0xF7, 0x0F, 0x3E, 0x80, 0xF2, 0x02, 0x0F, 0x3C, 0xBF,
    0x28, 0x5B, 0xA4, 0x05, 0x28, 0x5B, 0xA4, 0x05, 0x36, 0x81, 0xCC, 0x04, 0x31, 0x7E, 0xCA, 0x02,
    0x00, 0x00, 0x00, 0x00, 0x00, 0x00, 0x00, 0x00, 0x00, 0x00, 0x00, 0x00, 0x00, 0x00, 0x00, 0x00,
    0x00, 0x00, 0x00, 0x00, 0x00, 0x00, 0x00, 0x00, 0x00, 0x00, 0x00, 0x00, 0x00, 0x00, 0x00, 0x00,
    0x00, 0x00, 0x00, 0x00, 0x00, 0x00, 0x00, 0x00, 0x00, 0x00, 0x00, 0x00, 0x00, 0x00, 0x00, 0x00,
    0x00, 0x00, 0x00, 0x00, 0x00, 0x00, 0x00, 0x00, 0x00, 0x00, 0x00, 0x00, 0x00, 0x00, 0x00, 0x00,
    0x00, 0x00, 0x00, 0x00, 0x00, 0x00, 0x00, 0x00, 0x00, 0x00, 0x00, 0x00, 0x00, 0x00, 0x00, 0x00,
    0x00, 0x00, 0x00, 0x00, 0x00, 0x00, 0x00, 0x00, 0x00, 0x00, 0x00, 0x00, 0x00, 0x00, 0x00, 0x00,
    0x00, 0x00, 0x00, 0x00, 0x00, 0x00, 0x00, 0x00, 0x00, 0x00, 0x00, 0x00, 0x00, 0x00, 0x00, 0x00,
    0x00, 0x00, 0x00, 0x00, 0x00, 0x00, 0x00, 0x00, 0x00, 0x00, 0x00, 0x00, 0x00, 0x00, 0x00, 0x00,
    0x45, 0x88, 0xC9, 0x01, 0x46, 0x89, 0xCA, 0x01, 0x48, 0x8B, 0xCB, 0x01, 0x48, 0x8B, 0xCB, 0x01,
    0x4A, 0x8C, 0xCC, 0x01, 0x4C, 0x8E, 0xCB, 0x02, 0x4E, 0x8F, 0xCD, 0x02, 0x4E, 0x8F, 0xCD, 0x02,
    0x4D, 0x8F, 0xCF, 0x03, 0x50, 0x91, 0xD3, 0x03, 0x48, 0x7E, 0xB6, 0x0F, 0x48, 0x7E, 0xB6, 0x0F,
    0x09, 0x1C, 0x42, 0xB0, 0x2F, 0x85, 0xE3, 0xF1, 0x35, 0xA6, 0xFF, 0xF4, 0x35, 0xA6, 0xFF, 0xF4,
    0x22, 0x8C, 0xF6, 0xF9, 0x16, 0x75, 0xE0, 0xFB, 0x28, 0x97, 0xFB, 0xFB, 0x28, 0x97, 0xFB, 0xFB,
    0x30, 0xA3, 0xFE, 0xFC, 0x3B, 0xA9, 0xFE, 0xFC, 0x42, 0xAA, 0xFE, 0xFC, 0x4C, 0xB4, 0xFE, 0xFC,
    0x4C, 0xB4, 0xFE, 0xFC, 0x55, 0xB3, 0xFE, 0xFD, 0x5C, 0xB1, 0xFD, 0xFD, 0x66, 0xB4, 0xF9, 0xFD,
    0x66, 0xB4, 0xF9, 0xFD, 0x9D, 0xD6, 0xFB, 0xFD, 0xE6, 0xF5, 0xFE, 0xFD, 0xEE, 0xF3, 0xFA, 0xFD,
    0xEE, 0xF3, 0xFA, 0xFD, 0xF0, 0xF7, 0xFC, 0xFD, 0xEF, 0xF9, 0xFE, 0xFD, 0xEB, 0xF6, 0xFD, 0xFD,
    0xEB, 0xF6, 0xFD, 0xFD, 0xE9, 0xF4, 0xFD, 0xFD, 0xE6, 0xF0, 0xFC, 0xFD, 0xE6, 0xF3, 0xFD, 0xFD,
    0xE6, 0xF3, 0xFD, 0xFD, 0xE7, 0xF5, 0xFD, 0xFD, 0xE5, 0xF2, 0xFB, 0xFD, 0xE6, 0xF1, 0xFC, 0xFD,
    0xE6, 0xF1, 0xFC, 0xFD, 0xCE, 0xE2, 0xF7, 0xFD, 0x86, 0xBE, 0xED, 0xFD, 0x62, 0xB9, 0xFB, 0xFC,
    0x62, 0xB9, 0xFB, 0xFC, 0x56, 0xBA, 0xFE, 0xFC, 0x51, 0xB7, 0xFF, 0xFC, 0x4A, 0xAE, 0xFE, 0xFC,
    0x4A, 0xAE, 0xFE, 0xFC, 0x46, 0xAD, 0xFE, 0xFC, 0x3D, 0xA4, 0xFD, 0xFC, 0x38, 0xA1, 0xFC, 0xFC,
    0x38, 0xA1, 0xFC, 0xFC, 0x35, 0xA0, 0xFC, 0xFC, 0x32, 0x9E, 0xFC, 0xFC, 0x2C, 0x98, 0xFA, 0xFC,
    0x2C, 0x98, 0xFA, 0xFC, 0x22, 0x91, 0xF9, 0xFC, 0x21, 0x91, 0xFB, 0xFC, 0x17, 0x79, 0xE5, 0xFC,
    0x17, 0x79, 0xE5, 0xFC, 0x03, 0x48, 0xB0, 0xFC, 0x17, 0x74, 0xE2, 0xFC, 0x15, 0x7E, 0xF0, 0xFC,
    0x15, 0x7E, 0xF0, 0xFC, 0x11, 0x7B, 0xF1, 0xFB, 0x0E, 0x79, 0xF2, 0xFB, 0x0D, 0x7D, 0xF2, 0xFB,
    0x0D, 0x7D, 0xF2, 0xFB, 0x12, 0x78, 0xEC, 0xFA, 0x0E, 0x4D, 0xA7, 0xFA, 0x00, 0x23, 0x6B, 0xF9,
    0x0C, 0x56, 0xBA, 0xF9, 0x0C, 0x56, 0xBA, 0xF9, 0x13, 0x79, 0xEF, 0xF9, 0x0C, 0x74, 0xEE, 0xF8,
    0x0B, 0x74, 0xED, 0xF9, 0x0B, 0x74, 0xED, 0xF9, 0x0D, 0x77, 0xEF, 0xF8, 0x0C, 0x74, 0xED, 0xF7,
    0x0B, 0x73, 0xEA, 0xF7, 0x0B, 0x73, 0xEA, 0xF7, 0x08, 0x66, 0xE2, 0xF7, 0x16, 0x78, 0xE7, 0xF4,
    0x12, 0x47, 0x8F, 0xEF, 0x12, 0x47, 0x8F, 0xEF, 0x01, 0x0B, 0x36, 0xDA, 0x25, 0x5C, 0x9C, 0x59,
    0x00, 0x00, 0x00, 0x00, 0x00, 0x00, 0x00, 0x00, 0x32, 0x7C, 0xCA, 0x03, 0x33, 0x7E, 0xCB, 0x01,
    0x00, 0x00, 0x00, 0x00, 0x00, 0x00, 0x00, 0x00, 0x00, 0x00, 0x00, 0x00, 0x00, 0x00, 0x00, 0x00,
    0x00, 0x00, 0x00, 0x00, 0x00, 0x00, 0x00, 0x00, 0x00, 0x00, 0x00, 0x00, 0x00, 0x00, 0x00, 0x00,
    0x00, 0x00, 0x00, 0x00, 0x00, 0x00, 0x00, 0x00, 0x00, 0x00, 0x00, 0x00, 0x00, 0x00, 0x00, 0x00,
    0x00, 0x00, 0x00, 0x00, 0x00, 0x00, 0x00, 0x00, 0x00, 0x00, 0x00, 0x00, 0x00, 0x00, 0x00, 0x00,
    0x00, 0x00, 0x00, 0x00, 0x00, 0x00, 0x00, 0x00, 0x00, 0x00, 0x00, 0x00, 0x00, 0x00, 0x00, 0x00,
    0x00, 0x00, 0x00, 0x00, 0x00, 0x00, 0x00, 0x00, 0x00, 0x00, 0x00, 0x00, 0x00, 0x00, 0x00, 0x00,
    0x00, 0x00, 0x00, 0x00, 0x00, 0x00, 0x00, 0x00, 0x00, 0x00, 0x00, 0x00, 0x00, 0x00, 0x00, 0x00,
    0x00, 0x00, 0x00, 0x00, 0x00, 0x00, 0x00, 0x00, 0x00, 0x00, 0x00, 0x00, 0x00, 0x00, 0x00, 0x00,
    0x45, 0x88, 0xC9, 0x01, 0x46, 0x89, 0xCA, 0x01, 0x48, 0x8B, 0xCB, 0x01, 0x48, 0x8B, 0xCB, 0x01,
    0x4A, 0x8C, 0xCC, 0x01, 0x4C, 0x8E, 0xCB, 0x02, 0x4E, 0x8F, 0xCD, 0x02, 0x4E, 0x8F, 0xCD, 0x02,
    0x4D, 0x8F, 0xCF, 0x03, 0x50, 0x91, 0xD3, 0x03, 0x48, 0x7E, 0xB6, 0x0F, 0x48, 0x7E, 0xB6, 0x0F,
    0x09, 0x1C, 0x42, 0xB0, 0x2F, 0x85, 0xE3, 0xF1, 0x35, 0xA6, 0xFF, 0xF4, 0x35, 0xA6, 0xFF, 0xF4,
    0x22, 0x8C, 0xF6, 0xF9, 0x16, 0x75, 0xE0, 0xFB, 0x28, 0x97, 0xFB, 0xFB, 0x28, 0x97, 0xFB, 0xFB,
    0x30, 0xA3, 0xFE, 0xFC, 0x3B, 0xA9, 0xFE, 0xFC, 0x42, 0xAA, 0xFE, 0xFC, 0x4C, 0xB4, 0xFE, 0xFC,
    0x4C, 0xB4, 0xFE, 0xFC, 0x55, 0xB3, 0xFE, 0xFD, 0x5C, 0xB1, 0xFD, 0xFD, 0x66, 0xB4, 0xF9, 0xFD,
    0x66, 0xB4, 0xF9, 0xFD, 0x9D, 0xD6, 0xFB, 0xFD, 0xE6, 0xF5, 0xFE, 0xFD, 0xEE, 0xF3, 0xFA, 0xFD,
    0xEE, 0xF3, 0xFA, 0xFD, 0xF0, 0xF7, 0xFC, 0xFD, 0xEF, 0xF9, 0xFE, 0xFD, 0xEB, 0xF6, 0xFD, 0xFD,
    0xEB, 0xF6, 0xFD, 0xFD, 0xE9, 0xF4, 0xFD, 0xFD, 0xE6, 0xF0, 0xFC, 0xFD, 0xE6, 0xF3, 0xFD, 0xFD,
    0xE6, 0xF3, 0xFD, 0xFD, 0xE7, 0xF5, 0xFD, 0xFD, 0xE5, 0xF2, 0xFB, 0xFD, 0xE6, 0xF1, 0xFC, 0xFD,
    0xE6, 0xF1, 0xFC, 0xFD, 0xCE, 0xE2, 0xF7, 0xFD, 0x86, 0xBE, 0xED, 0xFD, 0x62, 0xB9, 0xFB, 0xFC,
    0x62, 0xB9, 0xFB, 0xFC, 0x56, 0xBA, 0xFE, 0xFC, 0x51, 0xB7, 0xFF, 0xFC, 0x4A, 0xAE, 0xFE, 0xFC,
    0x4A, 0xAE, 0xFE, 0xFC, 0x46, 0xAD, 0xFE, 0xFC, 0x3D, 0xA4, 0xFD, 0xFC, 0x38, 0xA1, 0xFC, 0xFC,
    0x38, 0xA1, 0xFC, 0xFC, 0x35, 0xA0, 0xFC, 0xFC, 0x32, 0x9E, 0xFC, 0xFC, 0x2C, 0x98, 0xFA, 0xFC,
    0x2C, 0x98, 0xFA, 0xFC, 0x22, 0x91, 0xF9, 0xFC, 0x21, 0x91, 0xFB, 0xFC, 0x17, 0x79, 0xE5, 0xFC,
    0x17, 0x79, 0xE5, 0xFC, 0x03, 0x48, 0xB0, 0xFC, 0x17, 0x74, 0xE2, 0xFC, 0x15, 0x7E, 0xF0, 0xFC,
    0x15, 0x7E, 0xF0, 0xFC, 0x11, 0x7B, 0xF1, 0xFB, 0x0E, 0x79, 0xF2, 0xFB, 0x0D, 0x7D, 0xF2, 0xFB,
    0x0D, 0x7D, 0xF2, 0xFB, 0x12, 0x78, 0xEC, 0xFA, 0x0E, 0x4D, 0xA7, 0xFA, 0x00, 0x23, 0x6B, 0xF9,
    0x0C, 0x56, 0xBA, 0xF9, 0x0C, 0x56, 0xBA, 0xF9, 0x13, 0x79, 0xEF, 0xF9, 0x0C, 0x74, 0xEE, 0xF8,
    0x0B, 0x74, 0xED, 0xF9, 0x0B, 0x74, 0xED, 0xF9, 0x0D, 0x77, 0xEF, 0xF8, 0x0C, 0x74, 0xED, 0xF7,
    0x0B, 0x73, 0xEA, 0xF7, 0x0B, 0x73, 0xEA, 0xF7, 0x08, 0x66, 0xE2, 0xF7, 0x16, 0x78, 0xE7, 0xF4,
    0x12, 0x47, 0x8F, 0xEF, 0x12, 0x47, 0x8F, 0xEF, 0x01, 0x0B, 0x36, 0xDA, 0x25, 0x5C, 0x9C, 0x59,
    0x00, 0x00, 0x00, 0x00, 0x00, 0x00, 0x00, 0x00, 0x32, 0x7C, 0xCA, 0x03, 0x33, 0x7E, 0xCB, 0x01,
    0x00, 0x00, 0x00, 0x00, 0x00, 0x00, 0x00, 0x00, 0x00, 0x00, 0x00, 0x00, 0x00, 0x00, 0x00, 0x00,
    0x00, 0x00, 0x00, 0x00, 0x00, 0x00, 0x00, 0x00, 0x00, 0x00, 0x00, 0x00, 0x00, 0x00, 0x00, 0x00,
    0x00, 0x00, 0x00, 0x00, 0x00, 0x00, 0x00, 0x00, 0x00, 0x00, 0x00, 0x00, 0x00, 0x00, 0x00, 0x00,
    0x00, 0x00, 0x00, 0x00, 0x00, 0x00, 0x00, 0x00, 0x00, 0x00, 0x00, 0x00, 0x00, 0x00, 0x00, 0x00,
    0x00, 0x00, 0x00, 0x00, 0x00, 0x00, 0x00, 0x00, 0x00, 0x00, 0x00, 0x00, 0x00, 0x00, 0x00, 0x00,
    0x00, 0x00, 0x00, 0x00, 0x00, 0x00, 0x00, 0x00, 0x00, 0x00, 0x00, 0x00, 0x00, 0x00, 0x00, 0x00,
    0x00, 0x00, 0x00, 0x00, 0x00, 0x00, 0x00, 0x00, 0x00, 0x00, 0x00, 0x00, 0x00, 0x00, 0x00, 0x00,
    0x00, 0x00, 0x00, 0x00, 0x00, 0x00, 0x00, 0x00, 0x00, 0x00, 0x00, 0x00, 0x00, 0x00, 0x00, 0x00,
    0x44, 0x88, 0xC9, 0x01, 0x46, 0x89, 0xCA, 0x01, 0x47, 0x8A, 0xCA, 0x01, 0x47, 0x8A, 0xCA, 0x01,
    0x49, 0x8C, 0xCB, 0x01, 0x4B, 0x8D, 0xCB, 0x01, 0x4D, 0x8E, 0xCC, 0x02, 0x4D, 0x8E, 0xCC, 0x02,
    0x4A, 0x8E, 0xCD, 0x03, 0x4D, 0x90, 0xD0, 0x04, 0x49, 0x7D, 0xB4, 0x0E, 0x49, 0x7D, 0xB4, 0x0E,
    0x08, 0x19, 0x3C, 0xAF, 0x2D, 0x83, 0xDF, 0xF2, 0x2F, 0xA1, 0xFE, 0xF3, 0x2F, 0xA1, 0xFE, 0xF3,
    0x29, 0x96, 0xFA, 0xF8, 0x17, 0x6A, 0xD7, 0xFB, 0x17, 0x72, 0xE1, 0xFB, 0x17, 0x72, 0xE1, 0xFB,
    0x2B, 0x9D, 0xFE, 0xFC, 0x35, 0xA9, 0xFE, 0xFC, 0x40, 0xAC, 0xFD, 0xFC, 0x45, 0xAC, 0xFE, 0xFC,
    0x45, 0xAC, 0xFE, 0xFC, 0x4C, 0xAF, 0xFE, 0xFD, 0x55, 0xB7, 0xFE, 0xFD, 0x5A, 0xB5, 0xFE, 0xFD,
    0x5A, 0xB5, 0xFE, 0xFD, 0x6B, 0xAF, 0xF5, 0xFD, 0xBC, 0xD8, 0xF7, 0xFD, 0xF8, 0xFE, 0xFF, 0xFD,
    0xF8, 0xFE, 0xFF, 0xFD, 0xF1, 0xF6, 0xFB, 0xFD, 0xED, 0xF3, 0xFA, 0xFD, 0xEB, 0xF3, 0xFC, 0xFD,
    0xEB, 0xF3, 0xFC, 0xFD, 0xEA, 0xF3, 0xFD, 0xFD, 0xE9, 0xF4, 0xFE, 0xFD, 0xE7, 0xF2, 0xFD, 0xFD,
    0xE7, 0xF2, 0xFD, 0xFD, 0xE4, 0xED, 0xF8, 0xFD, 0xE5, 0xF0, 0xFB, 0xFD, 0xE6, 0xF4, 0xFD, 0xFD,
    0xE6, 0xF4, 0xFD, 0xFD, 0x8E, 0xB2, 0xD9, 0xFD, 0x4B, 0x90, 0xDA, 0xFC, 0x55, 0xB0, 0xFC, 0xFC,
    0x55, 0xB0, 0xFC, 0xFC, 0x4E, 0xB2, 0xFD, 0xFC, 0x4C, 0xB0, 0xFE, 0xFC, 0x4A, 0xAE, 0xFD, 0xFC,
    0x4A, 0xAE, 0xFD, 0xFC, 0x43, 0xA8, 0xFD, 0xFC, 0x3D, 0xA5, 0xFD, 0xFC, 0x37, 0xA2, 0xFC, 0xFC,
    0x37, 0xA2, 0xFC, 0xFC, 0x30, 0x9B, 0xFB, 0xFC, 0x2D, 0x99, 0xFB, 0xFC, 0x27, 0x94, 0xF9, 0xFC,
    0x27, 0x94, 0xF9, 0xFC, 0x22, 0x91, 0xFA, 0xFC, 0x1E, 0x87, 0xF7, 0xFC, 0x0E, 0x6A, 0xD6, 0xFC,
    0x0E, 0x6A, 0xD6, 0xFC, 0x03, 0x4C, 0xB8, 0xFC, 0x15, 0x74, 0xE7, 0xFC, 0x12, 0x7B, 0xF0, 0xFC,
    0x12, 0x7B, 0xF0, 0xFC, 0x12, 0x7D, 0xF0, 0xFB, 0x0A, 0x6E, 0xE7, 0xFB, 0x0D, 0x78, 0xEB, 0xFB,
    0x0D, 0x78, 0xEB, 0xFB, 0x0F, 0x67, 0xD3, 0xFA, 0x02, 0x29, 0x7C, 0xFA, 0x00, 0x25, 0x77, 0xF9,
    0x0D, 0x62, 0xCE, 0xF9, 0x0D, 0x62, 0xCE, 0xF9, 0x0B, 0x6F, 0xEB, 0xF9, 0x0A, 0x70, 0xEA, 0xF8,
    0x0B, 0x73, 0xEC, 0xF8, 0x0B, 0x73, 0xEC, 0xF8, 0x0B, 0x73, 0xEB, 0xF8, 0x08, 0x6B, 0xE4, 0xF9,
    0x08, 0x70, 0xE8, 0xF8, 0x08, 0x70, 0xE8, 0xF8, 0x12, 0x76, 0xE2, 0xED, 0x10, 0x3D, 0x87, 0xF9,
    0x01, 0x0B, 0x34, 0xDC, 0x01, 0x0B, 0x34, 0xDC, 0x21, 0x56, 0x93, 0x43, 0x38, 0x86, 0xD3, 0x04,
    0x2E, 0x7D, 0xCB, 0x02, 0x2E, 0x7D, 0xCB, 0x02, 0x31, 0x7D, 0xCA, 0x01, 0x00, 0x00, 0x00, 0x00,
    0x00, 0x00, 0x00, 0x00, 0x00, 0x00, 0x00, 0x00, 0x00, 0x00, 0x00, 0x00, 0x00, 0x00, 0x00, 0x00,
    0x00, 0x00, 0x00, 0x00, 0x00, 0x00, 0x00, 0x00, 0x00, 0x00, 0x00, 0x00, 0x00, 0x00, 0x00, 0x00,
    0x00, 0x00, 0x00, 0x00, 0x00, 0x00, 0x00, 0x00, 0x00, 0x00, 0x00, 0x00, 0x00, 0x00, 0x00, 0x00,
    0x00, 0x00, 0x00, 0x00, 0x00, 0x00, 0x00, 0x00, 0x00, 0x00, 0x00, 0x00, 0x00, 0x00, 0x00, 0x00,
    0x00, 0x00, 0x00, 0x00, 0x00, 0x00, 0x00, 0x00, 0x00, 0x00, 0x00, 0x00, 0x00, 0x00, 0x00, 0x00,
    0x00, 0x00, 0x00, 0x00, 0x00, 0x00, 0x00, 0x00, 0x00, 0x00, 0x00, 0x00, 0x00, 0x00, 0x00, 0x00,
    0x00, 0x00, 0x00, 0x00, 0x00, 0x00, 0x00, 0x00, 0x00, 0x00, 0x00, 0x00, 0x00, 0x00, 0x00, 0x00,
    0x00, 0x00, 0x00, 0x00, 0x00, 0x00, 0x00, 0x00, 0x00, 0x00, 0x00, 0x00, 0x00, 0x00, 0x00, 0x00,
    0x00, 0x00, 0x00, 0x00, 0x45, 0x88, 0xC8, 0x01, 0x47, 0x89, 0xCA, 0x01, 0x47, 0x89, 0xCA, 0x01,
    0x48, 0x8A, 0xCA, 0x01, 0x4B, 0x8B, 0xC9, 0x01, 0x4C, 0x8D, 0xCA, 0x02, 0x4C, 0x8D, 0xCA, 0x02,
    0x49, 0x8D, 0xCB, 0x02, 0x4B, 0x8D, 0xCD, 0x05, 0x4C, 0x7D, 0xB4, 0x0A, 0x4C, 0x7D, 0xB4, 0x0A,
    0x08, 0x1A, 0x41, 0x9A, 0x2F, 0x84, 0xDA, 0xEA, 0x33, 0xA8, 0xFE, 0xF2, 0x33, 0xA8, 0xFE, 0xF2,
    0x2D, 0xA1, 0xFC, 0xF9, 0x17, 0x6C, 0xD9, 0xFB, 0x10, 0x57, 0xC3, 0xFB, 0x10, 0x57, 0xC3, 0xFB,
    0x29, 0x97, 0xF9, 0xFC, 0x2C, 0x9C, 0xFD, 0xFC, 0x37, 0xA0, 0xFD, 0xFC, 0x43, 0xAD, 0xFE, 0xFC,
    0x43, 0xAD, 0xFE, 0xFC, 0x4E, 0xB4, 0xFE, 0xFC, 0x53, 0xB7, 0xFF, 0xFC, 0x51, 0xB2, 0xFE, 0xFD,
    0x51, 0xB2, 0xFE, 0xFD, 0x53, 0xA2, 0xF4, 0xFD, 0x6E, 0xA7, 0xDE, 0xFD, 0xD3, 0xE7, 0xF9, 0xFD,
    0xD3, 0xE7, 0xF9, 0xFD, 0xED, 0xF7, 0xFE, 0xFD, 0xED, 0xF7, 0xFE, 0xFD, 0xE7, 0xF1, 0xFB, 0xFD,
    0xE7, 0xF1, 0xFB, 0xFD, 0xEA, 0xF7, 0xFE, 0xFD, 0xE7, 0xF3, 0xFD, 0xFD, 0xE7, 0xF6, 0xFD, 0xFD,
    0xE7, 0xF6, 0xFD, 0xFD, 0xE2, 0xEF, 0xFA, 0xFD, 0xE8, 0xF3, 0xFD, 0xFC, 0xD7, 0xED, 0xFB, 0xFC,
    0xD7, 0xED, 0xFB, 0xFC, 0x6E, 0xA3, 0xD4, 0xFC, 0x55, 0xA2, 0xEE, 0xFC, 0x51, 0xB3, 0xFD, 0xFC,
    0x51, 0xB3, 0xFD, 0xFC, 0x4B, 0xB2, 0xFD, 0xFC, 0x48, 0xB0, 0xFD, 0xFC, 0x45, 0xAC, 0xFD, 0xFC,
    0x45, 0xAC, 0xFD, 0xFC, 0x41, 0xAA, 0xFD, 0xFC, 0x3B, 0xA7, 0xFD, 0xFC, 0x35, 0xA3, 0xFD, 0xFC,
    0x35, 0xA3, 0xFD, 0xFC, 0x2E, 0x9B, 0xFC, 0xFC, 0x29, 0x97, 0xFB, 0xFC, 0x23, 0x92, 0xF8, 0xFC,
    0x23, 0x92, 0xF8, 0xFC, 0x27, 0x96, 0xF9, 0xFC, 0x1E, 0x7C, 0xE7, 0xFC, 0x09, 0x5A, 0xBF, 0xFC,
    0x09, 0x5A, 0xBF, 0xFC, 0x0D, 0x6A, 0xD5, 0xFC, 0x13, 0x7B, 0xF1, 0xFC, 0x0F, 0x7A, 0xF3, 0xFB,
    0x0F, 0x7A, 0xF3, 0xFB, 0x0F, 0x7D, 0xF2, 0xFB, 0x0B, 0x73, 0xEB, 0xFB, 0x0E, 0x75, 0xE7, 0xFA,
    0x0E, 0x75, 0xE7, 0xFA, 0x0A, 0x59, 0xBD, 0xFA, 0x00, 0x16, 0x71, 0xFA, 0x03, 0x3D, 0xA2, 0xF9,
    0x10, 0x74, 0xE8, 0xF9, 0x10, 0x74, 0xE8, 0xF9, 0x0A, 0x71, 0xEC, 0xF8, 0x08, 0x6E, 0xEA, 0xF8,
    0x08, 0x6E, 0xE8, 0xF7, 0x08, 0x6E, 0xE8, 0xF7, 0x09, 0x6D, 0xE8, 0xF3, 0x0B, 0x6E, 0xE6, 0xF2,
    0x12, 0x69, 0xCD, 0xEE, 0x12, 0x69, 0xCD, 0xEE, 0x0D, 0x37, 0x78, 0xDF, 0x02, 0x0E, 0x36, 0xCD,
    0x23, 0x56, 0x97, 0x40, 0x23, 0x56, 0x97, 0x40, 0x36, 0x86, 0xD5, 0x01, 0x2F, 0x7A, 0xCA, 0x01,
    0x31, 0x7F, 0xCC, 0x02, 0x31, 0x7F, 0xCC, 0x02, 0x33, 0x7E, 0xCB, 0x01, 0x00, 0x00, 0x00, 0x00,
    0x33, 0x7F, 0xCA, 0x01, 0x33, 0x7F, 0xCA, 0x01, 0x00, 0x00, 0x00, 0x00, 0x00, 0x00, 0x00, 0x00,
    0x00, 0x00, 0x00, 0x00, 0x00, 0x00, 0x00, 0x00, 0x00, 0x00, 0x00, 0x00, 0x00, 0x00, 0x00, 0x00,
    0x00, 0x00, 0x00, 0x00, 0x00, 0x00, 0x00, 0x00, 0x00, 0x00, 0x00, 0x00, 0x00, 0x00, 0x00, 0x00,
    0x00, 0x00, 0x00, 0x00, 0x00, 0x00, 0x00, 0x00, 0x00, 0x00, 0x00, 0x00, 0x00, 0x00, 0x00, 0x00,
    0x00, 0x00, 0x00, 0x00, 0x00, 0x00, 0x00, 0x00, 0x00, 0x00, 0x00, 0x00, 0x00, 0x00, 0x00, 0x00,
    0x00, 0x00, 0x00, 0x00, 0x00, 0x00, 0x00, 0x00, 0x00, 0x00, 0x00, 0x00, 0x00, 0x00, 0x00, 0x00,
    0x00, 0x00, 0x00, 0x00, 0x00, 0x00, 0x00, 0x00, 0x00, 0x00, 0x00, 0x00, 0x00, 0x00, 0x00, 0x00,
    0x00, 0x00, 0x00, 0x00, 0x00, 0x00, 0x00, 0x00, 0x00, 0x00, 0x00, 0x00, 0x00, 0x00, 0x00, 0x00,
    0x00, 0x00, 0x00, 0x00, 0x44, 0x87, 0xC8, 0x01, 0x45, 0x87, 0xC8, 0x01, 0x45, 0x87, 0xC8, 0x01,
    0x47, 0x88, 0xC9, 0x01, 0x48, 0x8A, 0xC9, 0x01, 0x49, 0x8A, 0xC9, 0x02, 0x49, 0x8A, 0xC9, 0x02,
    0x49, 0x8B, 0xCA, 0x02, 0x48, 0x8B, 0xCA, 0x06, 0x4A, 0x82, 0xBD, 0x04, 0x4A, 0x82, 0xBD, 0x04,
    0x1F, 0x44, 0x78, 0x92, 0x2E, 0x74, 0xBE, 0xF4, 0x44, 0xB2, 0xFD, 0xF1, 0x44, 0xB2, 0xFD, 0xF1,
    0x2C, 0x98, 0xF8, 0xF9, 0x2E, 0x8D, 0xED, 0xFB, 0x0E, 0x3E, 0xA0, 0xFB, 0x0E, 0x3E, 0xA0, 0xFB,
    0x21, 0x60, 0xC0, 0xFC, 0x48, 0xA0, 0xF7, 0xFC, 0x4C, 0xA5, 0xF7, 0xFC, 0x59, 0xB4, 0xFD, 0xFC,
    0x59, 0xB4, 0xFD, 0xFC, 0x5E, 0xAC, 0xFA, 0xFC, 0x66, 0xB6, 0xFD, 0xFC, 0x66, 0xBD, 0xFE, 0xFC,
    0x66, 0xBD, 0xFE, 0xFC, 0x55, 0xA1, 0xF2, 0xFC, 0x28, 0x56, 0xA5, 0xFD, 0x57, 0x77, 0xA4, 0xFD,
    0x57, 0x77, 0xA4, 0xFD, 0xC1, 0xD9, 0xF2, 0xFD, 0xD5, 0xE9, 0xFC, 0xFD, 0xD1, 0xE0, 0xF5, 0xFD,
    0xD1, 0xE0, 0xF5, 0xFD, 0xD7, 0xE8, 0xF9, 0xFD, 0xD4, 0xE2, 0xF5, 0xFD, 0xD2, 0xE4, 0xF6, 0xFD,
    0xD2, 0xE4, 0xF6, 0xFD, 0xD9, 0xF0, 0xFD, 0xFD, 0xCF, 0xE4, 0xF7, 0xFC, 0x70, 0x8D, 0xAB, 0xFC,
    0x70, 0x8D, 0xAB, 0xFC, 0x5C, 0x8A, 0xBF, 0xFC, 0x64, 0xB4, 0xF7, 0xFC, 0x4A, 0xA8, 0xF9, 0xFC,
    0x4A, 0xA8, 0xF9, 0xFC, 0x47, 0xAB, 0xFC, 0xFC, 0x43, 0xAF, 0xFD, 0xFC, 0x3D, 0xA5, 0xFC, 0xFC,
    0x3D, 0xA5, 0xFC, 0xFC, 0x3B, 0xA9, 0xFD, 0xFC, 0x35, 0xA7, 0xFD, 0xFC, 0x30, 0xA0, 0xFD, 0xFC,
    0x30, 0xA0, 0xFD, 0xFC, 0x2A, 0x99, 0xFC, 0xFC, 0x25, 0x95, 0xFC, 0xFC, 0x22, 0x8D, 0xF7, 0xFC,
    0x22, 0x8D, 0xF7, 0xFC, 0x27, 0x8A, 0xF1, 0xFC, 0x0E, 0x53, 0xB7, 0xFC, 0x04, 0x43, 0xAA, 0xFC,
    0x04, 0x43, 0xAA, 0xFC, 0x16, 0x80, 0xEF, 0xFC, 0x0E, 0x7F, 0xF7, 0xFB, 0x0A, 0x73, 0xF2, 0xFB,
    0x0A, 0x73, 0xF2, 0xFB, 0x09, 0x74, 0xEF, 0xFB, 0x0C, 0x79, 0xF3, 0xFB, 0x0D, 0x69, 0xDD, 0xFA,
    0x0D, 0x69, 0xDD, 0xFA, 0x02, 0x37, 0x9E, 0xF9, 0x04, 0x41, 0xAE, 0xF9, 0x05, 0x5C, 0xD2, 0xF9,
    0x04, 0x64, 0xE4, 0xF9, 0x04, 0x64, 0xE4, 0xF9, 0x07, 0x6F, 0xEE, 0xF7, 0x0C, 0x79, 0xF1, 0xF5,
    0x0E, 0x74, 0xE4, 0xF4, 0x0E, 0x74, 0xE4, 0xF4, 0x0F, 0x70, 0xD7, 0xF1, 0x0F, 0x5F, 0xBC, 0xF3,
    0x00, 0x13, 0x4E, 0xC8, 0x00, 0x13, 0x4E, 0xC8, 0x02, 0x13, 0x3E, 0xC5, 0x2D, 0x68, 0xA8, 0x4A,
    0x34, 0x83, 0xD1, 0x01, 0x34, 0x83, 0xD1, 0x01, 0x2D, 0x7A, 0xCB, 0x03, 0x32, 0x7C, 0xCB, 0x03,
    0x33, 0x7D, 0xCB, 0x01, 0x33, 0x7D, 0xCB, 0x01, 0x33, 0x7E, 0xCB, 0x01, 0x32, 0x7E, 0xCB, 0x01,
    0x32, 0x7E, 0xCA, 0x01, 0x32, 0x7E, 0xCA, 0x01, 0x33, 0x7E, 0xCA, 0x01, 0x00, 0x00, 0x00, 0x00,
    0x00, 0x00, 0x00, 0x00, 0x00, 0x00, 0x00, 0x00, 0x00, 0x00, 0x00, 0x00, 0x00, 0x00, 0x00, 0x00,
    0x00, 0x00, 0x00, 0x00, 0x00, 0x00, 0x00, 0x00, 0x00, 0x00, 0x00, 0x00, 0x00, 0x00, 0x00, 0x00,
    0x00, 0x00, 0x00, 0x00, 0x00, 0x00, 0x00, 0x00, 0x00, 0x00, 0x00, 0x00, 0x00, 0x00, 0x00, 0x00,
    0x00, 0x00, 0x00, 0x00, 0x00, 0x00, 0x00, 0x00, 0x00, 0x00, 0x00, 0x00, 0x00, 0x00, 0x00, 0x00,
    0x00, 0x00, 0x00, 0x00, 0x00, 0x00, 0x00, 0x00, 0x00, 0x00, 0x00, 0x00, 0x00, 0x00, 0x00, 0x00,
    0x00, 0x00, 0x00, 0x00, 0x00, 0x00, 0x00, 0x00, 0x00, 0x00, 0x00, 0x00, 0x00, 0x00, 0x00, 0x00,
    0x00, 0x00, 0x00, 0x00, 0x00, 0x00, 0x00, 0x00, 0x00, 0x00, 0x00, 0x00, 0x00, 0x00, 0x00, 0x00,
    0x00, 0x00, 0x00, 0x00, 0x44, 0x87, 0xC8, 0x01, 0x45, 0x87, 0xC8, 0x01, 0x45, 0x87, 0xC8, 0x01,
    0x47, 0x88, 0xC9, 0x01, 0x48, 0x8A, 0xC9, 0x01, 0x49, 0x8A, 0xC9, 0x02, 0x49, 0x8A, 0xC9, 0x02,
    0x49, 0x8B, 0xCA, 0x02, 0x48, 0x8B, 0xCA, 0x06, 0x4A, 0x82, 0xBD, 0x04, 0x4A, 0x82, 0xBD, 0x04,
    0x1F, 0x44, 0x78, 0x92, 0x2E, 0x74, 0xBE, 0xF4, 0x44, 0xB2, 0xFD, 0xF1, 0x44, 0xB2, 0xFD, 0xF1,
    0x2C, 0x98, 0xF8, 0xF9, 0x2E, 0x8D, 0xED, 0xFB, 0x0E, 0x3E, 0xA0, 0xFB, 0x0E, 0x3E, 0xA0, 0xFB,
    0x21, 0x60, 0xC0, 0xFC, 0x48, 0xA0, 0xF7, 0xFC, 0x4C, 0xA5, 0xF7, 0xFC, 0x59, 0xB4, 0xFD, 0xFC,
    0x59, 0xB4, 0xFD, 0xFC, 0x5E, 0xAC, 0xFA, 0xFC, 0x66, 0xB6, 0xFD, 0xFC, 0x66, 0xBD, 0xFE, 0xFC,
    0x66, 0xBD, 0xFE, 0xFC, 0x55, 0xA1, 0xF2, 0xFC, 0x28, 0x56, 0xA5, 0xFD, 0x57, 0x77, 0xA4, 0xFD,
    0x57, 0x77, 0xA4, 0xFD, 0xC1, 0xD9, 0xF2, 0xFD, 0xD5, 0xE9, 0xFC, 0xFD, 0xD1, 0xE0, 0xF5, 0xFD,
    0xD1, 0xE0, 0xF5, 0xFD, 0xD7, 0xE8, 0xF9, 0xFD, 0xD4, 0xE2, 0xF5, 0xFD, 0xD2, 0xE4, 0xF6, 0xFD,
    0xD2, 0xE4, 0xF6, 0xFD, 0xD9, 0xF0, 0xFD, 0xFD, 0xCF, 0xE4, 0xF7, 0xFC, 0x70, 0x8D, 0xAB, 0xFC,
    0x70, 0x8D, 0xAB, 0xFC, 0x5C, 0x8A, 0xBF, 0xFC, 0x64, 0xB4, 0xF7, 0xFC, 0x4A, 0xA8, 0xF9, 0xFC,
    0x4A, 0xA8, 0xF9, 0xFC, 0x47, 0xAB, 0xFC, 0xFC, 0x43, 0xAF, 0xFD, 0xFC, 0x3D, 0xA5, 0xFC, 0xFC,
    0x3D, 0xA5, 0xFC, 0xFC, 0x3B, 0xA9, 0xFD, 0xFC, 0x35, 0xA7, 0xFD, 0xFC, 0x30, 0xA0, 0xFD, 0xFC,
    0x30, 0xA0, 0xFD, 0xFC, 0x2A, 0x99, 0xFC, 0xFC, 0x25, 0x95, 0xFC, 0xFC, 0x22, 0x8D, 0xF7, 0xFC,
    0x22, 0x8D, 0xF7, 0xFC, 0x27, 0x8A, 0xF1, 0xFC, 0x0E, 0x53, 0xB7, 0xFC, 0x04, 0x43, 0xAA, 0xFC,
    0x04, 0x43, 0xAA, 0xFC, 0x16, 0x80, 0xEF, 0xFC, 0x0E, 0x7F, 0xF7, 0xFB, 0x0A, 0x73, 0xF2, 0xFB,
    0x0A, 0x73, 0xF2, 0xFB, 0x09, 0x74, 0xEF, 0xFB, 0x0C, 0x79, 0xF3, 0xFB, 0x0D, 0x69, 0xDD, 0xFA,
    0x0D, 0x69, 0xDD, 0xFA, 0x02, 0x37, 0x9E, 0xF9, 0x04, 0x41, 0xAE, 0xF9, 0x05, 0x5C, 0xD2, 0xF9,
    0x04, 0x64, 0xE4, 0xF9, 0x04, 0x64, 0xE4, 0xF9, 0x07, 0x6F, 0xEE, 0xF7, 0x0C, 0x79, 0xF1, 0xF5,
    0x0E, 0x74, 0xE4, 0xF4, 0x0E, 0x74, 0xE4, 0xF4, 0x0F, 0x70, 0xD7, 0xF1, 0x0F, 0x5F, 0xBC, 0xF3,
    0x00, 0x13, 0x4E, 0xC8, 0x00, 0x13, 0x4E, 0xC8, 0x02, 0x13, 0x3E, 0xC5, 0x2D, 0x68, 0xA8, 0x4A,
    0x34, 0x83, 0xD1, 0x01, 0x34, 0x83, 0xD1, 0x01, 0x2D, 0x7A, 0xCB, 0x03, 0x32, 0x7C, 0xCB, 0x03,
    0x33, 0x7D, 0xCB, 0x01, 0x33, 0x7D, 0xCB, 0x01, 0x33, 0x7E, 0xCB, 0x01, 0x32, 0x7E, 0xCB, 0x01,
    0x32, 0x7E, 0xCA, 0x01, 0x32, 0x7E, 0xCA, 0x01, 0x33, 0x7E, 0xCA, 0x01, 0x00, 0x00, 0x00, 0x00,
    0x00, 0x00, 0x00, 0x00, 0x00, 0x00, 0x00, 0x00, 0x00, 0x00, 0x00, 0x00, 0x00, 0x00, 0x00, 0x00,
    0x00, 0x00, 0x00, 0x00, 0x00, 0x00, 0x00, 0x00, 0x00, 0x00, 0x00, 0x00, 0x00, 0x00, 0x00, 0x00,
    0x00, 0x00, 0x00, 0x00, 0x00, 0x00, 0x00, 0x00, 0x00, 0x00, 0x00, 0x00, 0x00, 0x00, 0x00, 0x00,
    0x00, 0x00, 0x00, 0x00, 0x00, 0x00, 0x00, 0x00, 0x00, 0x00, 0x00, 0x00, 0x00, 0x00, 0x00, 0x00,
    0x00, 0x00, 0x00, 0x00, 0x00, 0x00, 0x00, 0x00, 0x00, 0x00, 0x00, 0x00, 0x00, 0x00, 0x00, 0x00,
    0x00, 0x00, 0x00, 0x00, 0x00, 0x00, 0x00, 0x00, 0x00, 0x00, 0x00, 0x00, 0x00, 0x00, 0x00, 0x00,
    0x00, 0x00, 0x00, 0x00, 0x00, 0x00, 0x00, 0x00, 0x00, 0x00, 0x00, 0x00, 0x00, 0x00, 0x00, 0x00,
    0x00, 0x00, 0x00, 0x00, 0x43, 0x86, 0xC8, 0x01, 0x44, 0x86, 0xC8, 0x01, 0x44, 0x86, 0xC8, 0x01,
    0x45, 0x87, 0xC9, 0x01, 0x45, 0x88, 0xC9, 0x01, 0x47, 0x88, 0xC8, 0x01, 0x47, 0x88, 0xC8, 0x01,
    0x48, 0x89, 0xC9, 0x01, 0x49, 0x89, 0xC8, 0x04, 0x46, 0x86, 0xC5, 0x03, 0x46, 0x86, 0xC5, 0x03,
    0x45, 0x7A, 0xB2, 0x62, 0x11, 0x28, 0x54, 0xD9, 0x40, 0x84, 0xC8, 0xF2, 0x40, 0x84, 0xC8, 0xF2,
    0x4B, 0xA8, 0xF2, 0xF5, 0x42, 0x94, 0xE6, 0xFB, 0x14, 0x30, 0x79, 0xFA, 0x14, 0x30, 0x79, 0xFA,
    0x40, 0x66, 0xA3, 0xFB, 0xAD, 0xE4, 0xFE, 0xFB, 0xA5, 0xD9, 0xFB, 0xFC, 0xA9, 0xDF, 0xFD, 0xFC,
    0xA9, 0xDF, 0xFD, 0xFC, 0xA5, 0xCF, 0xF8, 0xFC, 0xAD, 0xDB, 0xFB, 0xFC, 0xAB, 0xDD, 0xFC, 0xFD,
    0xAB, 0xDD, 0xFC, 0xFD, 0x9D, 0xD3, 0xFC, 0xFC, 0x4F, 0x80, 0xC6, 0xFC, 0x1A, 0x39, 0x67, 0xFC,
    0x1A, 0x39, 0x67, 0xFC, 0x5F, 0x7D, 0xA3, 0xFD, 0xAB, 0xC2, 0xE3, 0xFC, 0xB8, 0xD0, 0xEC, 0xFC,
    0xB8, 0xD0, 0xEC, 0xFC, 0xBD, 0xD6, 0xEF, 0xFC, 0xBE, 0xD3, 0xEC, 0xFD, 0xB7, 0xCF, 0xEB, 0xFC,
    0xB7, 0xCF, 0xEB, 0xFC, 0xC0, 0xDD, 0xF9, 0xFC, 0x83, 0xA3, 0xC0, 0xFC, 0x19, 0x2D, 0x4F, 0xFC,
    0x19, 0x2D, 0x4F, 0xFC, 0x57, 0x7C, 0xAF, 0xFC, 0x6E, 0xAF, 0xEC, 0xFC, 0x51, 0x9E, 0xEB, 0xFC,
    0x51, 0x9E, 0xEB, 0xFC, 0x53, 0xAA, 0xF6, 0xFC, 0x53, 0xB5, 0xFB, 0xFC, 0x45, 0xA8, 0xFA, 0xFC,
    0x45, 0xA8, 0xFA, 0xFC, 0x3B, 0xA8, 0xFC, 0xFC, 0x2E, 0x9F, 0xFC, 0xFC, 0x2D, 0xA2, 0xFD, 0xFC,
    0x2D, 0xA2, 0xFD, 0xFC, 0x28, 0x9E, 0xFD, 0xFB, 0x27, 0x9F, 0xFD, 0xFC, 0x25, 0x90, 0xF6, 0xFB,
    0x25, 0x90, 0xF6, 0xFB, 0x0A, 0x52, 0xBD, 0xFB, 0x00, 0x19, 0x82, 0xFC, 0x0E, 0x58, 0xC0, 0xFB,
    0x0E, 0x58, 0xC0, 0xFB, 0x16, 0x82, 0xF1, 0xFB, 0x0D, 0x7E, 0xF5, 0xFB, 0x0A, 0x7A, 0xF5, 0xFB,
    0x0A, 0x7A, 0xF5, 0xFB, 0x0A, 0x78, 0xF3, 0xFA, 0x13, 0x84, 0xF4, 0xF9, 0x0C, 0x4D, 0xAD, 0xF7,
    0x0C, 0x4D, 0xAD, 0xF7, 0x03, 0x2B, 0x85, 0xF7, 0x19, 0x78, 0xEA, 0xF4, 0x10, 0x7C, 0xF3, 0xF6,
    0x0C, 0x72, 0xEB, 0xF5, 0x0C, 0x72, 0xEB, 0xF5, 0x10, 0x6B, 0xD7, 0xF7, 0x0B, 0x4C, 0x9F, 0xF7,
    0x01, 0x18, 0x56, 0xF2, 0x01, 0x18, 0x56, 0xF2, 0x02, 0x1B, 0x52, 0xF4, 0x1C, 0x59, 0x98, 0xD7,
    0x22, 0x62, 0xA3, 0x34, 0x22, 0x62, 0xA3, 0x34, 0x2D, 0x72, 0xB8, 0x2A, 0x31, 0x7F, 0xCD, 0x05,
    0x2B, 0x7B, 0xC8, 0x04, 0x2B, 0x7B, 0xC8, 0x04, 0x30, 0x7E, 0xCA, 0x03, 0x32, 0x7D, 0xCA, 0x01,
    0x32, 0x7E, 0xCB, 0x01, 0x32, 0x7E, 0xCB, 0x01, 0x33, 0x7E, 0xCB, 0x01, 0x32, 0x7F, 0xCB, 0x01,
    0x32, 0x7E, 0xCA, 0x01, 0x32, 0x7E, 0xCA, 0x01, 0x32, 0x7F, 0xC9, 0x01, 0x33, 0x7F, 0xC9, 0x01,
    0x00, 0x00, 0x00, 0x00, 0x00, 0x00, 0x00, 0x00, 0x00, 0x00, 0x00, 0x00, 0x00, 0x00, 0x00, 0x00,
    0x00, 0x00, 0x00, 0x00, 0x00, 0x00, 0x00, 0x00, 0x00, 0x00, 0x00, 0x00, 0x00, 0x00, 0x00, 0x00,
    0x00, 0x00, 0x00, 0x00, 0x00, 0x00, 0x00, 0x00, 0x00, 0x00, 0x00, 0x00, 0x00, 0x00, 0x00, 0x00,
    0x00, 0x00, 0x00, 0x00, 0x00, 0x00, 0x00, 0x00, 0x00, 0x00, 0x00, 0x00, 0x00, 0x00, 0x00, 0x00,
    0x00, 0x00, 0x00, 0x00, 0x00, 0x00, 0x00, 0x00, 0x00, 0x00, 0x00, 0x00, 0x00, 0x00, 0x00, 0x00,
    0x00, 0x00, 0x00, 0x00, 0x00, 0x00, 0x00, 0x00, 0x00, 0x00, 0x00, 0x00, 0x00, 0x00, 0x00, 0x00,
    0x00, 0x00, 0x00, 0x00, 0x00, 0x00, 0x00, 0x00, 0x00, 0x00, 0x00, 0x00, 0x00, 0x00, 0x00, 0x00,
    0x00, 0x00, 0x00, 0x00, 0x42, 0x86, 0xC8, 0x01, 0x43, 0x85, 0xC8, 0x01, 0x43, 0x85, 0xC8, 0x01,
    0x43, 0x86, 0xC8, 0x01, 0x43, 0x87, 0xC8, 0x01, 0x44, 0x87, 0xC8, 0x01, 0x44, 0x87, 0xC8, 0x01,
    0x46, 0x87, 0xC8, 0x01, 0x49, 0x87, 0xC7, 0x02, 0x44, 0x84, 0xC2, 0x09, 0x44, 0x84, 0xC2, 0x09,
    0x4F, 0x86, 0xBE, 0x1A, 0x0B, 0x16, 0x2F, 0x98, 0x2B, 0x49, 0x75, 0xF8, 0x2B, 0x49, 0x75, 0xF8,
    0x6D, 0xB8, 0xEE, 0xF4, 0x6C, 0xB2, 0xEC, 0xFB, 0x32, 0x51, 0x86, 0xFB, 0x32, 0x51, 0x86, 0xFB,
    0x4D, 0x6E, 0x94, 0xFC, 0xCA, 0xF2, 0xFD, 0xFC, 0xBB, 0xDE, 0xF6, 0xFC, 0xC0, 0xE0, 0xF8, 0xFC,
    0xC0, 0xE0, 0xF8, 0xFC, 0xCB, 0xE8, 0xFA, 0xFC, 0xCF, 0xEA, 0xF9, 0xFC, 0xCC, 0xE3, 0xF7, 0xFC,
    0xCC, 0xE3, 0xF7, 0xFC, 0xCB, 0xF0, 0xFD, 0xFC, 0xB1, 0xE3, 0xFE, 0xFD, 0x32, 0x56, 0x82, 0xFC,
    0x32, 0x56, 0x82, 0xFC, 0x2B, 0x42, 0x6A, 0xFD, 0x95, 0xB1, 0xD3, 0xFC, 0xA5, 0xC8, 0xE7, 0xFD,
    0xA5, 0xC8, 0xE7, 0xFD, 0xAB, 0xC9, 0xE8, 0xFC, 0xAB, 0xC3, 0xE3, 0xFD, 0xAF, 0xCE, 0xEC, 0xFC,
    0xAF, 0xCE, 0xEC, 0xFC, 0xA7, 0xC7, 0xED, 0xFC, 0x3A, 0x5C, 0x7D, 0xFC, 0x23, 0x3C, 0x5F, 0xFC,
    0x23, 0x3C, 0x5F, 0xFC, 0xA6, 0xC7, 0xE1, 0xFC, 0xCA, 0xE8, 0xFA, 0xFC, 0xA8, 0xCC, 0xEF, 0xFC,
    0xA8, 0xCC, 0xEF, 0xFC, 0xA0, 0xCD, 0xF2, 0xFC, 0xA8, 0xDE, 0xFC, 0xFC, 0x9A, 0xD3, 0xFA, 0xFC,
    0x9A, 0xD3, 0xFA, 0xFC, 0x77, 0xC2, 0xF8, 0xFC, 0x55, 0xB1, 0xF9, 0xFC, 0x41, 0xAA, 0xFB, 0xFC,
    0x41, 0xAA, 0xFB, 0xFC, 0x2F, 0x9C, 0xFB, 0xFC, 0x2D, 0x9D, 0xFC, 0xFC, 0x20, 0x82, 0xEC, 0xFB,
    0x20, 0x82, 0xEC, 0xFB, 0x01, 0x32, 0x9F, 0xFC, 0x0E, 0x4C, 0xB8, 0xFB, 0x1D, 0x7B, 0xE3, 0xFC,
    0x1D, 0x7B, 0xE3, 0xFC, 0x13, 0x7B, 0xED, 0xFC, 0x0E, 0x7C, 0xF3, 0xFB, 0x0E, 0x7F, 0xF7, 0xFB,
    0x0E, 0x7F, 0xF7, 0xFB, 0x19, 0x91, 0xF7, 0xFB, 0x0F, 0x59, 0xAD, 0xF9, 0x01, 0x13, 0x4A, 0xFA,
    0x01, 0x13, 0x4A, 0xFA, 0x01, 0x0F, 0x43, 0xFD, 0x07, 0x33, 0x7D, 0xFA, 0x09, 0x3C, 0x8B, 0xFC,
    0x07, 0x38, 0x85, 0xFA, 0x07, 0x38, 0x85, 0xFA, 0x02, 0x1A, 0x59, 0xF8, 0x0F, 0x39, 0x6F, 0xEF,
    0x11, 0x36, 0x6C, 0x7C, 0x11, 0x36, 0x6C, 0x7C, 0x0F, 0x33, 0x6E, 0x48, 0x38, 0x7F, 0xC7, 0x3B,
    0x32, 0x89, 0xDA, 0x03, 0x32, 0x89, 0xDA, 0x03, 0x2B, 0x7D, 0xCE, 0x03, 0x30, 0x7C, 0xCC, 0x04,
    0x32, 0x7D, 0xCA, 0x03, 0x32, 0x7D, 0xCA, 0x03, 0x32, 0x7D, 0xC9, 0x03, 0x32, 0x7D, 0xCA, 0x02,
    0x33, 0x7E, 0xCB, 0x01, 0x33, 0x7E, 0xCB, 0x01, 0x32, 0x7E, 0xCA, 0x02, 0x33, 0x7F, 0xCB, 0x01,
    0x32, 0x7E, 0xCA, 0x01, 0x32, 0x7E, 0xCA, 0x01, 0x32, 0x7E, 0xC9, 0x01, 0x33, 0x7E, 0xC9, 0x01,
    0x00, 0x00, 0x00, 0x00, 0x00, 0x00, 0x00, 0x00, 0x00, 0x00, 0x00, 0x00, 0x00, 0x00, 0x00, 0x00,
    0x00, 0x00, 0x00, 0x00, 0x00, 0x00, 0x00, 0x00, 0x00, 0x00, 0x00, 0x00, 0x00, 0x00, 0x00, 0x00,
    0x00, 0x00, 0x00, 0x00, 0x00, 0x00, 0x00, 0x00, 0x00, 0x00, 0x00, 0x00, 0x00, 0x00, 0x00, 0x00,
    0x00, 0x00, 0x00, 0x00, 0x00, 0x00, 0x00, 0x00, 0x00, 0x00, 0x00, 0x00, 0x00, 0x00, 0x00, 0x00,
    0x00, 0x00, 0x00, 0x00, 0x00, 0x00, 0x00, 0x00, 0x00, 0x00, 0x00, 0x00, 0x00, 0x00, 0x00, 0x00,
    0x00, 0x00, 0x00, 0x00, 0x00, 0x00, 0x00, 0x00, 0x00, 0x00, 0x00, 0x00, 0x00, 0x00, 0x00, 0x00,
    0x00, 0x00, 0x00, 0x00, 0x00, 0x00, 0x00, 0x00, 0x00, 0x00, 0x00, 0x00, 0x00, 0x00, 0x00, 0x00,
    0x00, 0x00, 0x00, 0x00, 0x42, 0x85, 0xC8, 0x01, 0x43, 0x85, 0xC8, 0x01, 0x43, 0x85, 0xC8, 0x01,
    0x43, 0x85, 0xC8, 0x01, 0x43, 0x86, 0xC8, 0x01, 0x43, 0x86, 0xC7, 0x01, 0x43, 0x86, 0xC7, 0x01,
    0x45, 0x86, 0xC7, 0x02, 0x48, 0x86, 0xC7, 0x01, 0x43, 0x86, 0xC5, 0x07, 0x43, 0x86, 0xC5, 0x07,
    0x46, 0x89, 0xC8, 0x08, 0x21, 0x41, 0x6F, 0x71, 0x2D, 0x46, 0x69, 0xDC, 0x2D, 0x46, 0x69, 0xDC,
    0x77, 0xA6, 0xC5, 0xEB, 0x6D, 0x98, 0xC2, 0xFA, 0x73, 0x97, 0xBC, 0xF7, 0x73, 0x97, 0xBC, 0xF7,
    0x53, 0x74, 0x93, 0xFB, 0xB4, 0xD8, 0xF0, 0xFA, 0xBB, 0xE0, 0xF8, 0xFC, 0xB4, 0xD6, 0xF3, 0xFB,
    0xB4, 0xD6, 0xF3, 0xFB, 0xBD, 0xDB, 0xF5, 0xFB, 0xC8, 0xE3, 0xF7, 0xFC, 0xC8, 0xDF, 0xF1, 0xFB,
    0xC8, 0xDF, 0xF1, 0xFB, 0xBF, 0xDE, 0xF0, 0xFB, 0xC7, 0xEE, 0xFD, 0xFC, 0x6F, 0x93, 0xB4, 0xFB,
    0x6F, 0x93, 0xB4, 0xFB, 0x19, 0x28, 0x43, 0xFB, 0x77, 0x90, 0xAB, 0xF9, 0x8B, 0xA9, 0xC4, 0xFB,
    0x8B, 0xA9, 0xC4, 0xFB, 0x98, 0xB4, 0xCD, 0xF9, 0x9A, 0xAF, 0xCB, 0xFA, 0x9A, 0xB8, 0xD0, 0xFA,
    0x9A, 0xB8, 0xD0, 0xFA, 0x8C, 0xAF, 0xC8, 0xFA, 0x25, 0x45, 0x62, 0xF9, 0x41, 0x5F, 0x7C, 0xFC,
    0x41, 0x5F, 0x7C, 0xFC, 0xD4, 0xED, 0xF8, 0xFB, 0xDF, 0xED, 0xF5, 0xFC, 0xDC, 0xEC, 0xF5, 0xFB,
    0xDC, 0xEC, 0xF5, 0xFB, 0xCE, 0xE8, 0xF7, 0xFB, 0xD3, 0xEF, 0xFC, 0xFB, 0xDA, 0xF0, 0xFC, 0xFB,
    0xDA, 0xF0, 0xFC, 0xFB, 0xC8, 0xE8, 0xFA, 0xFB, 0xA3, 0xD3, 0xF6, 0xFB, 0x7C, 0xC8, 0xFB, 0xFB,
    0x7C, 0xC8, 0xFB, 0xFB, 0x5A, 0xB7, 0xFA, 0xFA, 0x4C, 0xAF, 0xF8, 0xFA, 0x1D, 0x69, 0xC8, 0xFA,
    0x1D, 0x69, 0xC8, 0xFA, 0x1A, 0x5D, 0xC0, 0xF8, 0x3B, 0x9F, 0xF2, 0xF9, 0x2A, 0x9C, 0xF4, 0xF8,
    0x2A, 0x9C, 0xF4, 0xF8, 0x23, 0x97, 0xF6, 0xF8, 0x24, 0x91, 0xF3, 0xF8, 0x17, 0x66, 0xC3, 0xF7,
    0x17, 0x66, 0xC3, 0xF7, 0x0D, 0x47, 0x88, 0xF8, 0x02, 0x21, 0x54, 0xE3, 0x09, 0x2B, 0x5F, 0xB5,
    0x09, 0x2B, 0x5F, 0xB5, 0x0E, 0x33, 0x67, 0xA0, 0x0F, 0x37, 0x6B, 0x9C, 0x0C, 0x32, 0x6B, 0x9C,
    0x16, 0x44, 0x7D, 0x80, 0x16, 0x44, 0x7D, 0x80, 0x20, 0x50, 0x92, 0x66, 0x37, 0x81, 0xC9, 0x50,
    0x39, 0x8A, 0xDA, 0x14, 0x39, 0x8A, 0xDA, 0x14, 0x3A, 0x86, 0xD8, 0x01, 0x32, 0x7E, 0xCE, 0x03,
    0x2C, 0x7A, 0xCB, 0x05, 0x2C, 0x7A, 0xCB, 0x05, 0x2F, 0x7C, 0xCC, 0x05, 0x32, 0x7D, 0xCC, 0x03,
    0x32, 0x7D, 0xCB, 0x03, 0x32, 0x7D, 0xCB, 0x03, 0x31, 0x7D, 0xCA, 0x02, 0x32, 0x7D, 0xCA, 0x02,
    0x33, 0x7E, 0xCB, 0x01, 0x33, 0x7E, 0xCB, 0x01, 0x33, 0x7E, 0xCA, 0x01, 0x32, 0x7E, 0xC9, 0x01,
    0x32, 0x7E, 0xC9, 0x01, 0x32, 0x7E, 0xC9, 0x01, 0x32, 0x7E, 0xC9, 0x01, 0x33, 0x7E, 0xC9, 0x01,
    0x00, 0x00, 0x00, 0x00, 0x00, 0x00, 0x00, 0x00, 0x00, 0x00, 0x00, 0x00, 0x00, 0x00, 0x00, 0x00,
    0x00, 0x00, 0x00, 0x00, 0x00, 0x00, 0x00, 0x00, 0x00, 0x00, 0x00, 0x00, 0x00, 0x00, 0x00, 0x00,
    0x00, 0x00, 0x00, 0x00, 0x00, 0x00, 0x00, 0x00, 0x00, 0x00, 0x00, 0x00, 0x00, 0x00, 0x00, 0x00,
    0x00, 0x00, 0x00, 0x00, 0x00, 0x00, 0x00, 0x00, 0x00, 0x00, 0x00, 0x00, 0x00, 0x00, 0x00, 0x00,
    0x00, 0x00, 0x00, 0x00, 0x00, 0x00, 0x00, 0x00, 0x00, 0x00, 0x00, 0x00, 0x00, 0x00, 0x00, 0x00,
    0x00, 0x00, 0x00, 0x00, 0x00, 0x00, 0x00, 0x00, 0x00, 0x00, 0x00, 0x00, 0x00, 0x00, 0x00, 0x00,
    0x00, 0x00, 0x00, 0x00, 0x00, 0x00, 0x00, 0x00, 0x00, 0x00, 0x00, 0x00, 0x00, 0x00, 0x00, 0x00,
    0x00, 0x00, 0x00, 0x00, 0x42, 0x85, 0xC8, 0x01, 0x43, 0x85, 0xC8, 0x01, 0x43, 0x85, 0xC8, 0x01,
    0x43, 0x85, 0xC8, 0x01, 0x43, 0x86, 0xC8, 0x01, 0x43, 0x86, 0xC7, 0x01, 0x43, 0x86, 0xC7, 0x01,
    0x45, 0x86, 0xC7, 0x02, 0x48, 0x86, 0xC7, 0x01, 0x43, 0x86, 0xC5, 0x07, 0x43, 0x86, 0xC5, 0x07,
    0x46, 0x89, 0xC8, 0x08, 0x21, 0x41, 0x6F, 0x71, 0x2D, 0x46, 0x69, 0xDC, 0x2D, 0x46, 0x69, 0xDC,
    0x77, 0xA6, 0xC5, 0xEB, 0x6D, 0x98, 0xC2, 0xFA, 0x73, 0x97, 0xBC, 0xF7, 0x73, 0x97, 0xBC, 0xF7,
    0x53, 0x74, 0x93, 0xFB, 0xB4, 0xD8, 0xF0, 0xFA, 0xBB, 0xE0, 0xF8, 0xFC, 0xB4, 0xD6, 0xF3, 0xFB,
    0xB4, 0xD6, 0xF3, 0xFB, 0xBD, 0xDB, 0xF5, 0xFB, 0xC8, 0xE3, 0xF7, 0xFC, 0xC8, 0xDF, 0xF1, 0xFB,
    0xC8, 0xDF, 0xF1, 0xFB, 0xBF, 0xDE, 0xF0, 0xFB, 0xC7, 0xEE, 0xFD, 0xFC, 0x6F, 0x93, 0xB4, 0xFB,
    0x6F, 0x93, 0xB4, 0xFB, 0x19, 0x28, 0x43, 0xFB, 0x77, 0x90, 0xAB, 0xF9, 0x8B, 0xA9, 0xC4, 0xFB,
    0x8B, 0xA9, 0xC4, 0xFB, 0x98, 0xB4, 0xCD, 0xF9, 0x9A, 0xAF, 0xCB, 0xFA, 0x9A, 0xB8, 0xD0, 0xFA,
    0x9A, 0xB8, 0xD0, 0xFA, 0x8C, 0xAF, 0xC8, 0xFA, 0x25, 0x45, 0x62, 0xF9, 0x41, 0x5F, 0x7C, 0xFC,
    0x41, 0x5F, 0x7C, 0xFC, 0xD4, 0xED, 0xF8, 0xFB, 0xDF, 0xED, 0xF5, 0xFC, 0xDC, 0xEC, 0xF5, 0xFB,
    0xDC, 0xEC, 0xF5, 0xFB, 0xCE, 0xE8, 0xF7, 0xFB, 0xD3, 0xEF, 0xFC, 0xFB, 0xDA, 0xF0, 0xFC, 0xFB,
    0xDA, 0xF0, 0xFC, 0xFB, 0xC8, 0xE8, 0xFA, 0xFB, 0xA3, 0xD3, 0xF6, 0xFB, 0x7C, 0xC8, 0xFB, 0xFB,
    0x7C, 0xC8, 0xFB, 0xFB, 0x5A, 0xB7, 0xFA, 0xFA, 0x4C, 0xAF, 0xF8, 0xFA, 0x1D, 0x69, 0xC8, 0xFA,
    0x1D, 0x69, 0xC8, 0xFA, 0x1A, 0x5D, 0xC0, 0xF8, 0x3B, 0x9F, 0xF2, 0xF9, 0x2A, 0x9C, 0xF4, 0xF8,
    0x2A, 0x9C, 0xF4, 0xF8, 0x23, 0x97, 0xF6, 0xF8, 0x24, 0x91, 0xF3, 0xF8, 0x17, 0x66, 0xC3, 0xF7,
    0x17, 0x66, 0xC3, 0xF7, 0x0D, 0x47, 0x88, 0xF8, 0x02, 0x21, 0x54, 0xE3, 0x09, 0x2B, 0x5F, 0xB5,
    0x09, 0x2B, 0x5F, 0xB5, 0x0E, 0x33, 0x67, 0xA0, 0x0F, 0x37, 0x6B, 0x9C, 0x0C, 0x32, 0x6B, 0x9C,
    0x16, 0x44, 0x7D, 0x80, 0x16, 0x44, 0x7D, 0x80, 0x20, 0x50, 0x92, 0x66, 0x37, 0x81, 0xC9, 0x50,
    0x39, 0x8A, 0xDA, 0x14, 0x39, 0x8A, 0xDA, 0x14, 0x3A, 0x86, 0xD8, 0x01, 0x32, 0x7E, 0xCE, 0x03,
    0x2C, 0x7A, 0xCB, 0x05, 0x2C, 0x7A, 0xCB, 0x05, 0x2F, 0x7C, 0xCC, 0x05, 0x32, 0x7D, 0xCC, 0x03,
    0x32, 0x7D, 0xCB, 0x03, 0x32, 0x7D, 0xCB, 0x03, 0x31, 0x7D, 0xCA, 0x02, 0x32, 0x7D, 0xCA, 0x02,
    0x33, 0x7E, 0xCB, 0x01, 0x33, 0x7E, 0xCB, 0x01, 0x33, 0x7E, 0xCA, 0x01, 0x32, 0x7E, 0xC9, 0x01,
    0x32, 0x7E, 0xC9, 0x01, 0x32, 0x7E, 0xC9, 0x01, 0x32, 0x7E, 0xC9, 0x01, 0x33, 0x7E, 0xC9, 0x01,
    0x00, 0x00, 0x00, 0x00, 0x00, 0x00, 0x00, 0x00, 0x00, 0x00, 0x00, 0x00, 0x00, 0x00, 0x00, 0x00,
    0x00, 0x00, 0x00, 0x00, 0x00, 0x00, 0x00, 0x00, 0x00, 0x00, 0x00, 0x00, 0x00, 0x00, 0x00, 0x00,
    0x00, 0x00, 0x00, 0x00, 0x00, 0x00, 0x00, 0x00, 0x00, 0x00, 0x00, 0x00, 0x00, 0x00, 0x00, 0x00,
    0x00, 0x00, 0x00, 0x00, 0x00, 0x00, 0x00, 0x00, 0x00, 0x00, 0x00, 0x00, 0x00, 0x00, 0x00, 0x00,
    0x00, 0x00, 0x00, 0x00, 0x00, 0x00, 0x00, 0x00, 0x00, 0x00, 0x00, 0x00, 0x00, 0x00, 0x00, 0x00,
    0x00, 0x00, 0x00, 0x00, 0x00, 0x00, 0x00, 0x00, 0x00, 0x00, 0x00, 0x00, 0x00, 0x00, 0x00, 0x00,
    0x00, 0x00, 0x00, 0x00, 0x00, 0x00, 0x00, 0x00, 0x00, 0x00, 0x00, 0x00, 0x00, 0x00, 0x00, 0x00,
    0x00, 0x00, 0x00, 0x00, 0x41, 0x85, 0xC7, 0x01, 0x43, 0x85, 0xC7, 0x01, 0x43, 0x85, 0xC7, 0x01,
    0x43, 0x86, 0xC8, 0x01, 0x43, 0x85, 0xC7, 0x01, 0x43, 0x85, 0xC7, 0x01, 0x43, 0x85, 0xC7, 0x01,
    0x43, 0x86, 0xC7, 0x01, 0x45, 0x86, 0xC7, 0x02, 0x43, 0x87, 0xC8, 0x04, 0x43, 0x87, 0xC8, 0x04,
    0x43, 0x88, 0xCA, 0x03, 0x40, 0x7C, 0xB9, 0x1F, 0x29, 0x4D, 0x78, 0x6C, 0x29, 0x4D, 0x78, 0x6C,
    0x06, 0x10, 0x23, 0xC3, 0x05, 0x06, 0x15, 0xF7, 0x44, 0x5E, 0x7D, 0xF4, 0x44, 0x5E, 0x7D, 0xF4,
    0x12, 0x20, 0x3A, 0xFA, 0x4E, 0x67, 0x84, 0xF9, 0xCC, 0xF5, 0xFD, 0xFB, 0xC2, 0xEC, 0xFD, 0xFA,
    0xC2, 0xEC, 0xFD, 0xFA, 0xC8, 0xE9, 0xFD, 0xFB, 0xD6, 0xF6, 0xFD, 0xFB, 0xD5, 0xF0, 0xFD, 0xFB,
    0xD5, 0xF0, 0xFD, 0xFB, 0xD7, 0xF3, 0xFC, 0xFB, 0xDB, 0xF6, 0xFD, 0xFA, 0x70, 0x8C, 0xA2, 0xFB,
    0x70, 0x8C, 0xA2, 0xFB, 0x06, 0x0B, 0x1D, 0xFC, 0x11, 0x19, 0x33, 0xF9, 0x13, 0x1F, 0x38, 0xFB,
    0x13, 0x1F, 0x38, 0xFB, 0x1A, 0x29, 0x3F, 0xFA, 0x18, 0x25, 0x3B, 0xFB, 0x1C, 0x2B, 0x3D, 0xF9,
    0x1C, 0x2B, 0x3D, 0xF9, 0x1C, 0x2E, 0x42, 0xFC, 0x0A, 0x1B, 0x34, 0xFB, 0x46, 0x64, 0x81, 0xFC,
    0x46, 0x64, 0x81, 0xFC, 0xDF, 0xF7, 0xFF, 0xFA, 0xEA, 0xF8, 0xFE, 0xFC, 0xF0, 0xFB, 0xFE, 0xFB,
    0xF0, 0xFB, 0xFE, 0xFB, 0xBD, 0xDC, 0xF4, 0xFC, 0x8F, 0xB2, 0xD3, 0xFB, 0xDA, 0xEE, 0xFB, 0xFB,
    0xDA, 0xEE, 0xFB, 0xFB, 0xDA, 0xF0, 0xFB, 0xFB, 0xC9, 0xE7, 0xFA, 0xFB, 0xB7, 0xEC, 0xFC, 0xFA,
    0xB7, 0xEC, 0xFC, 0xFA, 0x95, 0xDD, 0xF8, 0xFA, 0x44, 0x7C, 0xB7, 0xF9, 0x03, 0x0C, 0x3E, 0xF8,
    0x03, 0x0C, 0x3E, 0xF8, 0x0A, 0x18, 0x4B, 0xF7, 0x20, 0x4E, 0x88, 0xFA, 0x23, 0x60, 0x9D, 0xFA,
    0x23, 0x60, 0x9D, 0xFA, 0x23, 0x5C, 0x97, 0xFC, 0x0F, 0x32, 0x63, 0xFA, 0x00, 0x04, 0x1D, 0xFB,
    0x00, 0x04, 0x1D, 0xFB, 0x0D, 0x24, 0x50, 0xB1, 0x36, 0x7A, 0xB4, 0x48, 0x3C, 0x88, 0xCC, 0x31,
    0x3C, 0x88, 0xCC, 0x31, 0x3A, 0x83, 0xCC, 0x11, 0x3E, 0x8D, 0xD6, 0x0A, 0x3C, 0x88, 0xD4, 0x0C,
    0x3B, 0x8C, 0xD6, 0x08, 0x3B, 0x8C, 0xD6, 0x08, 0x38, 0x87, 0xD4, 0x05, 0x33, 0x7F, 0xCF, 0x02,
    0x31, 0x7D, 0xCD, 0x0B, 0x31, 0x7D, 0xCD, 0x0B, 0x30, 0x7C, 0xCD, 0x0A, 0x31, 0x7C, 0xCD, 0x08,
    0x32, 0x7D, 0xCC, 0x04, 0x32, 0x7D, 0xCC, 0x04, 0x31, 0x7D, 0xCB, 0x03, 0x31, 0x7C, 0xCB, 0x03,
    0x32, 0x7D, 0xCB, 0x03, 0x32, 0x7D, 0xCB, 0x03, 0x32, 0x7E, 0xCA, 0x02, 0x33, 0x7D, 0xCA, 0x02,
    0x33, 0x7D, 0xCA, 0x01, 0x33, 0x7D, 0xCA, 0x01, 0x33, 0x7D, 0xCA, 0x02, 0x32, 0x7E, 0xC9, 0x01,
    0x32, 0x7D, 0xC9, 0x01, 0x32, 0x7D, 0xC9, 0x01, 0x33, 0x7E, 0xCA, 0x01, 0x33, 0x7E, 0xC9, 0x01,
    0x33, 0x7E, 0xCA, 0x01, 0x33, 0x7E, 0xCA, 0x01, 0x00, 0x00, 0x00, 0x00, 0x00, 0x00, 0x00, 0x00,
    0x00, 0x00, 0x00, 0x00, 0x00, 0x00, 0x00, 0x00, 0x00, 0x00, 0x00, 0x00, 0x00, 0x00, 0x00, 0x00,
    0x00, 0x00, 0x00, 0x00, 0x00, 0x00, 0x00, 0x00, 0x00, 0x00, 0x00, 0x00, 0x00, 0x00, 0x00, 0x00,
    0x00, 0x00, 0x00, 0x00, 0x00, 0x00, 0x00, 0x00, 0x00, 0x00, 0x00, 0x00, 0x00, 0x00, 0x00, 0x00,
    0x00, 0x00, 0x00, 0x00, 0x00, 0x00, 0x00, 0x00, 0x00, 0x00, 0x00, 0x00, 0x00, 0x00, 0x00, 0x00,
    0x00, 0x00, 0x00, 0x00, 0x00, 0x00, 0x00, 0x00, 0x00, 0x00, 0x00, 0x00, 0x00, 0x00, 0x00, 0x00,
    0x00, 0x00, 0x00, 0x00, 0x00, 0x00, 0x00, 0x00, 0x00, 0x00, 0x00, 0x00, 0x00, 0x00, 0x00, 0x00,
    0x00, 0x00, 0x00, 0x00, 0x41, 0x85, 0xC8, 0x01, 0x42, 0x86, 0xC8, 0x01, 0x42, 0x86, 0xC8, 0x01,
    0x42, 0x86, 0xC8, 0x01, 0x42, 0x86, 0xC8, 0x01, 0x43, 0x85, 0xC8, 0x01, 0x43, 0x85, 0xC8, 0x01,
    0x42, 0x86, 0xC8, 0x01, 0x44, 0x86, 0xC8, 0x02, 0x45, 0x87, 0xC9, 0x03, 0x45, 0x87, 0xC9, 0x03,
    0x45, 0x86, 0xC8, 0x03, 0x43, 0x86, 0xC8, 0x06, 0x42, 0x81, 0xBE, 0x24, 0x42, 0x81, 0xBE, 0x24,
    0x33, 0x62, 0x90, 0x66, 0x27, 0x49, 0x72, 0xAF, 0x42, 0x69, 0x8B, 0xE1, 0x42, 0x69, 0x8B, 0xE1,
    0x0B, 0x18, 0x2F, 0xEC, 0x27, 0x36, 0x4C, 0xF4, 0x99, 0xB9, 0xCF, 0xF8, 0x99, 0xBE, 0xDA, 0xF8,
    0x99, 0xBE, 0xDA, 0xF8, 0x86, 0xA3, 0xC5, 0xF9, 0x82, 0x9C, 0xBD, 0xF8, 0x7F, 0x92, 0xAF, 0xF9,
    0x7F, 0x92, 0xAF, 0xF9, 0x9B, 0xB0, 0xC0, 0xF8, 0x82, 0x9A, 0xAC, 0xF8, 0x14, 0x1D, 0x2F, 0xF8,
    0x14, 0x1D, 0x2F, 0xF8, 0x23, 0x37, 0x54, 0xEE, 0x43, 0x5E, 0x84, 0xE9, 0x39, 0x58, 0x7F, 0xD3,
    0x39, 0x58, 0x7F, 0xD3, 0x37, 0x58, 0x7D, 0xD0, 0x33, 0x50, 0x75, 0xD1, 0x2D, 0x4E, 0x74, 0xCA,
    0x2D, 0x4E, 0x74, 0xCA, 0x26, 0x44, 0x6D, 0xD6, 0x19, 0x37, 0x5D, 0xDC, 0x22, 0x40, 0x5F, 0xF8,
    0x22, 0x40, 0x5F, 0xF8, 0x94, 0xB0, 0xC7, 0xF8, 0xB8, 0xCD, 0xDF, 0xF8, 0xBD, 0xD5, 0xE4, 0xF6,
    0xBD, 0xD5, 0xE4, 0xF6, 0x7A, 0x99, 0xB0, 0xF8, 0x3B, 0x59, 0x78, 0xF6, 0xCB, 0xE4, 0xF6, 0xF7,
    0xCB, 0xE4, 0xF6, 0xF7, 0xE0, 0xF5, 0xFC, 0xF5, 0xCF, 0xE6, 0xF4, 0xF7, 0xA6, 0xCA, 0xE3, 0xF4,
    0xA6, 0xCA, 0xE3, 0xF4, 0x4A, 0x77, 0xA0, 0xF5, 0x07, 0x19, 0x41, 0xF1, 0x0E, 0x1C, 0x41, 0xE6,
    0x0E, 0x1C, 0x41, 0xE6, 0x0B, 0x16, 0x30, 0xE1, 0x01, 0x04, 0x13, 0xDB, 0x00, 0x02, 0x0F, 0xCC,
    0x00, 0x02, 0x0F, 0xCC, 0x00, 0x00, 0x0D, 0xCF, 0x03, 0x10, 0x2B, 0xA8, 0x14, 0x32, 0x5F, 0x85,
    0x14, 0x32, 0x5F, 0x85, 0x35, 0x6D, 0xAC, 0x2F, 0x37, 0x83, 0xCA, 0x05, 0x31, 0x80, 0xC9, 0x05,
    0x31, 0x80, 0xC9, 0x05, 0x33, 0x7F, 0xCB, 0x08, 0x34, 0x80, 0xCD, 0x07, 0x32, 0x80, 0xCC, 0x08,
    0x31, 0x81, 0xCD, 0x07, 0x31, 0x81, 0xCD, 0x07, 0x32, 0x81, 0xCD, 0x0A, 0x34, 0x80, 0xCE, 0x08,
    0x35, 0x7F, 0xCE, 0x07, 0x35, 0x7F, 0xCE, 0x07, 0x33, 0x7F, 0xCE, 0x03, 0x31, 0x7E, 0xCD, 0x04,
    0x31, 0x7D, 0xCD, 0x03, 0x31, 0x7D, 0xCD, 0x03, 0x31, 0x7D, 0xCC, 0x03, 0x31, 0x7D, 0xCB, 0x02,
    0x31, 0x7D, 0xCB, 0x02, 0x31, 0x7D, 0xCB, 0x02, 0x32, 0x7E, 0xCB, 0x02, 0x32, 0x7D, 0xCA, 0x02,
    0x32, 0x7D, 0xCA, 0x02, 0x32, 0x7D, 0xCA, 0x02, 0x32, 0x7D, 0xC9, 0x01, 0x32, 0x7E, 0xCA, 0x01,
    0x32, 0x7E, 0xCA, 0x01, 0x32, 0x7E, 0xCA, 0x01, 0x33, 0x7E, 0xCA, 0x01, 0x33, 0x7E, 0xCA, 0x01,
    0x34, 0x7E, 0xCA, 0x01, 0x34, 0x7E, 0xCA, 0x01, 0x00, 0x00, 0x00, 0x00, 0x00, 0x00, 0x00, 0x00,
    0x00, 0x00, 0x00, 0x00, 0x00, 0x00, 0x00, 0x00, 0x00, 0x00, 0x00, 0x00, 0x00, 0x00, 0x00, 0x00,
    0x00, 0x00, 0x00, 0x00, 0x00, 0x00, 0x00, 0x00, 0x00, 0x00, 0x00, 0x00, 0x00, 0x00, 0x00, 0x00,
    0x00, 0x00, 0x00, 0x00, 0x00, 0x00, 0x00, 0x00, 0x00, 0x00, 0x00, 0x00, 0x00, 0x00, 0x00, 0x00,
    0x00, 0x00, 0x00, 0x00, 0x00, 0x00, 0x00, 0x00, 0x00, 0x00, 0x00, 0x00, 0x00, 0x00, 0x00, 0x00,
    0x00, 0x00, 0x00, 0x00, 0x00, 0x00, 0x00, 0x00, 0x00, 0x00, 0x00, 0x00, 0x00, 0x00, 0x00, 0x00,
    0x00, 0x00, 0x00, 0x00, 0x00, 0x00, 0x00, 0x00, 0x00, 0x00, 0x00, 0x00, 0x00, 0x00, 0x00, 0x00,
    0x00, 0x00, 0x00, 0x00, 0x40, 0x85, 0xC8, 0x01, 0x41, 0x85, 0xC8, 0x01, 0x41, 0x85, 0xC8, 0x01,
    0x41, 0x85, 0xC8, 0x01, 0x42, 0x86, 0xC8, 0x01, 0x42, 0x85, 0xC9, 0x01, 0x42, 0x85, 0xC9, 0x01,
    0x41, 0x86, 0xC8, 0x01, 0x42, 0x86, 0xC8, 0x02, 0x44, 0x86, 0xC9, 0x02, 0x44, 0x86, 0xC9, 0x02,
    0x45, 0x86, 0xC9, 0x04, 0x42, 0x86, 0xC8, 0x04, 0x42, 0x87, 0xC9, 0x04, 0x42, 0x87, 0xC9, 0x04,
    0x47, 0x8C, 0xCC, 0x11, 0x4B, 0x90, 0xCB, 0x31, 0x4E, 0x8B, 0xBD, 0x53, 0x4E, 0x8B, 0xBD, 0x53,
    0x34, 0x5C, 0x84, 0x89, 0x1B, 0x31, 0x4C, 0xCC, 0x0B, 0x18, 0x2A, 0xD1, 0x07, 0x11, 0x1D, 0xE1,
    0x07, 0x11, 0x1D, 0xE1, 0x05, 0x08, 0x0E, 0xE7, 0x06, 0x0A, 0x10, 0xE6, 0x04, 0x06, 0x0A, 0xEC,
    0x04, 0x06, 0x0A, 0xEC, 0x05, 0x09, 0x11, 0xE8, 0x02, 0x05, 0x0F, 0xE9, 0x17, 0x24, 0x43, 0xD4,
    0x17, 0x24, 0x43, 0xD4, 0x56, 0x84, 0xB5, 0x72, 0x63, 0x9C, 0xD4, 0x58, 0x5D, 0x98, 0xD4, 0x39,
    0x5D, 0x98, 0xD4, 0x39, 0x60, 0x9A, 0xD5, 0x31, 0x62, 0x99, 0xD6, 0x35, 0x62, 0x9C, 0xD6, 0x2F,
    0x62, 0x9C, 0xD6, 0x2F, 0x60, 0x9B, 0xD7, 0x43, 0x57, 0x93, 0xCA, 0x5E, 0x24, 0x4A, 0x6F, 0xC0,
    0x24, 0x4A, 0x6F, 0xC0, 0x06, 0x0F, 0x20, 0xF9, 0x08, 0x0F, 0x1E, 0xF6, 0x08, 0x0E, 0x1A, 0xFB,
    0x08, 0x0E, 0x1A, 0xFB, 0x05, 0x0A, 0x18, 0xFB, 0x06, 0x10, 0x20, 0xFA, 0x15, 0x29, 0x41, 0xFB,
    0x15, 0x29, 0x41, 0xFB, 0x18, 0x2A, 0x3E, 0xFA, 0x16, 0x23, 0x32, 0xFB, 0x05, 0x0B, 0x1C, 0xF4,
    0x05, 0x0B, 0x1C, 0xF4, 0x02, 0x0A, 0x2F, 0xE5, 0x29, 0x59, 0x96, 0xAE, 0x43, 0x82, 0xC7, 0x57,
    0x43, 0x82, 0xC7, 0x57, 0x40, 0x80, 0xC1, 0x3A, 0x3D, 0x73, 0xB4, 0x34, 0x3B, 0x73, 0xAB, 0x17,
    0x3B, 0x73, 0xAB, 0x17, 0x35, 0x6C, 0xA6, 0x20, 0x39, 0x78, 0xB6, 0x1E, 0x39, 0x7E, 0xC0, 0x14,
    0x39, 0x7E, 0xC0, 0x14, 0x38, 0x80, 0xC9, 0x04, 0x30, 0x7D, 0xC9, 0x05, 0x32, 0x7F, 0xCB, 0x04,
    0x32, 0x7F, 0xCB, 0x04, 0x34, 0x7F, 0xCB, 0x04, 0x36, 0x7F, 0xCC, 0x03, 0x35, 0x80, 0xCC, 0x03,
    0x35, 0x80, 0xCC, 0x03, 0x35, 0x80, 0xCC, 0x03, 0x35, 0x81, 0xCD, 0x03, 0x34, 0x80, 0xCD, 0x03,
    0x34, 0x7E, 0xCD, 0x03, 0x34, 0x7E, 0xCD, 0x03, 0x33, 0x7E, 0xCD, 0x02, 0x33, 0x7D, 0xCD, 0x03,
    0x32, 0x7D, 0xCD, 0x02, 0x32, 0x7D, 0xCD, 0x02, 0x32, 0x7D, 0xCC, 0x02, 0x31, 0x7D, 0xCC, 0x02,
    0x32, 0x7D, 0xCC, 0x02, 0x32, 0x7D, 0xCC, 0x02, 0x32, 0x7D, 0xCB, 0x02, 0x32, 0x7D, 0xCA, 0x02,
    0x31, 0x7D, 0xC9, 0x01, 0x31, 0x7D, 0xC9, 0x01, 0x31, 0x7D, 0xC9, 0x01, 0x32, 0x7E, 0xCA, 0x01,
    0x33, 0x7E, 0xCA, 0x01, 0x33, 0x7E, 0xCA, 0x01, 0x33, 0x7F, 0xCA, 0x01, 0x34, 0x7E, 0xCA, 0x01,
    0x00, 0x00, 0x00, 0x00, 0x00, 0x00, 0x00, 0x00, 0x34, 0x7E, 0xC9, 0x01, 0x00, 0x00, 0x00, 0x00,
    0x00, 0x00, 0x00, 0x00, 0x00, 0x00, 0x00, 0x00, 0x00, 0x00, 0x00, 0x00, 0x00, 0x00, 0x00, 0x00,
    0x00, 0x00, 0x00, 0x00, 0x00, 0x00, 0x00, 0x00, 0x00, 0x00, 0x00, 0x00, 0x00, 0x00, 0x00, 0x00,
    0x00, 0x00, 0x00, 0x00, 0x00, 0x00, 0x00, 0x00, 0x00, 0x00, 0x00, 0x00, 0x00, 0x00, 0x00, 0x00,
    0x00, 0x00, 0x00, 0x00, 0x00, 0x00, 0x00, 0x00, 0x00, 0x00, 0x00, 0x00, 0x00, 0x00, 0x00, 0x00,
    0x00, 0x00, 0x00, 0x00, 0x00, 0x00, 0x00, 0x00, 0x00, 0x00, 0x00, 0x00, 0x00, 0x00, 0x00, 0x00,
    0x00, 0x00, 0x00, 0x00, 0x00, 0x00, 0x00, 0x00, 0x00, 0x00, 0x00, 0x00, 0x00, 0x00, 0x00, 0x00,
    0x00, 0x00, 0x00, 0x00, 0x40, 0x85, 0xC8, 0x01, 0x41, 0x85, 0xC8, 0x01, 0x41, 0x85, 0xC8, 0x01,
    0x41, 0x85, 0xC8, 0x01, 0x42, 0x86, 0xC8, 0x01, 0x42, 0x85, 0xC9, 0x01, 0x42, 0x85, 0xC9, 0x01,
    0x41, 0x86, 0xC8, 0x01, 0x42, 0x86, 0xC8, 0x02, 0x44, 0x86, 0xC9, 0x02, 0x44, 0x86, 0xC9, 0x02,
    0x45, 0x86, 0xC9, 0x04, 0x42, 0x86, 0xC8, 0x04, 0x42, 0x87, 0xC9, 0x04, 0x42, 0x87, 0xC9, 0x04,
    0x47, 0x8C, 0xCC, 0x11, 0x4B, 0x90, 0xCB, 0x31, 0x4E, 0x8B, 0xBD, 0x53, 0x4E, 0x8B, 0xBD, 0x53,
    0x34, 0x5C, 0x84, 0x89, 0x1B, 0x31, 0x4C, 0xCC, 0x0B, 0x18, 0x2A, 0xD1, 0x07, 0x11, 0x1D, 0xE1,
    0x07, 0x11, 0x1D, 0xE1, 0x05, 0x08, 0x0E, 0xE7, 0x06, 0x0A, 0x10, 0xE6, 0x04, 0x06, 0x0A, 0xEC,
    0x04, 0x06, 0x0A, 0xEC, 0x05, 0x09, 0x11, 0xE8, 0x02, 0x05, 0x0F, 0xE9, 0x17, 0x24, 0x43, 0xD4,
    0x17, 0x24, 0x43, 0xD4, 0x56, 0x84, 0xB5, 0x72, 0x63, 0x9C, 0xD4, 0x58, 0x5D, 0x98, 0xD4, 0x39,
    0x5D, 0x98, 0xD4, 0x39, 0x60, 0x9A, 0xD5, 0x31, 0x62, 0x99, 0xD6, 0x35, 0x62, 0x9C, 0xD6, 0x2F,
    0x62, 0x9C, 0xD6, 0x2F, 0x60, 0x9B, 0xD7, 0x43, 0x57, 0x93, 0xCA, 0x5E, 0x24, 0x4A, 0x6F, 0xC0,
    0x24, 0x4A, 0x6F, 0xC0, 0x06, 0x0F, 0x20, 0xF9, 0x08, 0x0F, 0x1E, 0xF6, 0x08, 0x0E, 0x1A, 0xFB,
    0x08, 0x0E, 0x1A, 0xFB, 0x05, 0x0A, 0x18, 0xFB, 0x06, 0x10, 0x20, 0xFA, 0x15, 0x29, 0x41, 0xFB,
    0x15, 0x29, 0x41, 0xFB, 0x18, 0x2A, 0x3E, 0xFA, 0x16, 0x23, 0x32, 0xFB, 0x05, 0x0B, 0x1C, 0xF4,
    0x05, 0x0B, 0x1C, 0xF4, 0x02, 0x0A, 0x2F, 0xE5, 0x29, 0x59, 0x96, 0xAE, 0x43, 0x82, 0xC7, 0x57,
    0x43, 0x82, 0xC7, 0x57, 0x40, 0x80, 0xC1, 0x3A, 0x3D, 0x73, 0xB4, 0x34, 0x3B, 0x73, 0xAB, 0x17,
    0x3B, 0x73, 0xAB, 0x17, 0x35, 0x6C, 0xA6, 0x20, 0x39, 0x78, 0xB6, 0x1E, 0x39, 0x7E, 0xC0, 0x14,
    0x39, 0x7E, 0xC0, 0x14, 0x38, 0x80, 0xC9, 0x04, 0x30, 0x7D, 0xC9, 0x05, 0x32, 0x7F, 0xCB, 0x04,
    0x32, 0x7F, 0xCB, 0x04, 0x34, 0x7F, 0xCB, 0x04, 0x36, 0x7F, 0xCC, 0x03, 0x35, 0x80, 0xCC, 0x03,
    0x35, 0x80, 0xCC, 0x03, 0x35, 0x80, 0xCC, 0x03, 0x35, 0x81, 0xCD, 0x03, 0x34, 0x80, 0xCD, 0x03,
    0x34, 0x7E, 0xCD, 0x03, 0x34, 0x7E, 0xCD, 0x03, 0x33, 0x7E, 0xCD, 0x02, 0x33, 0x7D, 0xCD, 0x03,
    0x32, 0x7D, 0xCD, 0x02, 0x32, 0x7D, 0xCD, 0x02, 0x32, 0x7D, 0xCC, 0x02, 0x31, 0x7D, 0xCC, 0x02,
    0x32, 0x7D, 0xCC, 0x02, 0x32, 0x7D, 0xCC, 0x02, 0x32, 0x7D, 0xCB, 0x02, 0x32, 0x7D, 0xCA, 0x02,
    0x31, 0x7D, 0xC9, 0x01, 0x31, 0x7D, 0xC9, 0x01, 0x31, 0x7D, 0xC9, 0x01, 0x32, 0x7E, 0xCA, 0x01,
    0x33, 0x7E, 0xCA, 0x01, 0x33, 0x7E, 0xCA, 0x01, 0x33, 0x7F, 0xCA, 0x01, 0x34, 0x7E, 0xCA, 0x01,
    0x00, 0x00, 0x00, 0x00, 0x00, 0x00, 0x00, 0x00, 0x34, 0x7E, 0xC9, 0x01, 0x00, 0x00, 0x00, 0x00,
    0x00, 0x00, 0x00, 0x00, 0x00, 0x00, 0x00, 0x00, 0x00, 0x00, 0x00, 0x00, 0x00, 0x00, 0x00, 0x00,
    0x00, 0x00, 0x00, 0x00, 0x00, 0x00, 0x00, 0x00, 0x00, 0x00, 0x00, 0x00, 0x00, 0x00, 0x00, 0x00,
    0x00, 0x00, 0x00, 0x00, 0x00, 0x00, 0x00, 0x00, 0x00, 0x00, 0x00, 0x00, 0x00, 0x00, 0x00, 0x00,
    0x00, 0x00, 0x00, 0x00, 0x00, 0x00, 0x00, 0x00, 0x00, 0x00, 0x00, 0x00, 0x00, 0x00, 0x00, 0x00,
    0x00, 0x00, 0x00, 0x00, 0x00, 0x00, 0x00, 0x00, 0x00, 0x00, 0x00, 0x00, 0x00, 0x00, 0x00, 0x00,
    0x00, 0x00, 0x00, 0x00, 0x00, 0x00, 0x00, 0x00, 0x00, 0x00, 0x00, 0x00, 0x00, 0x00, 0x00, 0x00,
    0x00, 0x00, 0x00, 0x00, 0x00, 0x00, 0x00, 0x00, 0x00, 0x00, 0x00, 0x00, 0x00, 0x00, 0x00, 0x00,
    0x40, 0x85, 0xC8, 0x01, 0x40, 0x85, 0xC8, 0x01, 0x41, 0x85, 0xC9, 0x01, 0x41, 0x85, 0xC9, 0x01,
    0x40, 0x85, 0xC9, 0x01, 0x41, 0x85, 0xC9, 0x01, 0x42, 0x86, 0xC9, 0x02, 0x42, 0x86, 0xC9, 0x02,
    0x43, 0x86, 0xC9, 0x02, 0x43, 0x86, 0xCA, 0x03, 0x42, 0x86, 0xC9, 0x02, 0x42, 0x86, 0xC9, 0x02,
    0x42, 0x86, 0xC8, 0x03, 0x43, 0x88, 0xC8, 0x06, 0x45, 0x85, 0xC4, 0x0C, 0x45, 0x85, 0xC4, 0x0C,
    0x4A, 0x87, 0xBE, 0x22, 0x47, 0x7E, 0xAE, 0x25, 0x4E, 0x7D, 0xA7, 0x24, 0x4E, 0x7B, 0xA3, 0x2B,
    0x4E, 0x7B, 0xA3, 0x2B, 0x4B, 0x74, 0xA0, 0x33, 0x4A, 0x76, 0xA2, 0x31, 0x46, 0x70, 0x9D, 0x37,
    0x46, 0x70, 0x9D, 0x37, 0x43, 0x70, 0x9B, 0x35, 0x3B, 0x66, 0x96, 0x31, 0x4B, 0x7D, 0xB4, 0x2B,
    0x4B, 0x7D, 0xB4, 0x2B, 0x55, 0x8E, 0xC9, 0x1C, 0x4D, 0x8D, 0xCC, 0x09, 0x4E, 0x8F, 0xCE, 0x04,
    0x4E, 0x8F, 0xCE, 0x04, 0x53, 0x91, 0xCF, 0x03, 0x55, 0x92, 0xCF, 0x05, 0x56, 0x93, 0xD1, 0x03,
    0x56, 0x93, 0xD1, 0x03, 0x56, 0x95, 0xD4, 0x0B, 0x57, 0x97, 0xD6, 0x1E, 0x49, 0x7F, 0xB3, 0x40,
    0x49, 0x7F, 0xB3, 0x40, 0x2C, 0x4B, 0x6D, 0x70, 0x29, 0x44, 0x61, 0x7E, 0x25, 0x44, 0x64, 0x93,
    0x25, 0x44, 0x64, 0x93, 0x26, 0x45, 0x6C, 0x9D, 0x24, 0x4A, 0x70, 0xA0, 0x17, 0x39, 0x60, 0xA2,
    0x17, 0x39, 0x60, 0xA2, 0x14, 0x33, 0x58, 0xA0, 0x11, 0x2E, 0x54, 0x9E, 0x15, 0x34, 0x61, 0x90,
    0x15, 0x34, 0x61, 0x90, 0x26, 0x58, 0x94, 0x79, 0x3B, 0x7F, 0xC9, 0x31, 0x33, 0x7B, 0xC8, 0x04,
    0x33, 0x7B, 0xC8, 0x04, 0x33, 0x7E, 0xCB, 0x01, 0x34, 0x7D, 0xCC, 0x04, 0x34, 0x82, 0xCF, 0x03,
    0x34, 0x82, 0xCF, 0x03, 0x34, 0x83, 0xCD, 0x05, 0x33, 0x80, 0xCB, 0x07, 0x30, 0x7D, 0xC8, 0x05,
    0x30, 0x7D, 0xC8, 0x05, 0x30, 0x7E, 0xCA, 0x03, 0x32, 0x7E, 0xCB, 0x03, 0x32, 0x7E, 0xCC, 0x02,
    0x32, 0x7E, 0xCC, 0x02, 0x34, 0x7E, 0xCB, 0x02, 0x35, 0x7E, 0xCB, 0x02, 0x35, 0x7F, 0xCB, 0x02,
    0x35, 0x7E, 0xCC, 0x01, 0x35, 0x7E, 0xCC, 0x01, 0x34, 0x7F, 0xCC, 0x02, 0x33, 0x7F, 0xCC, 0x02,
    0x33, 0x7E, 0xCC, 0x02, 0x33, 0x7E, 0xCC, 0x02, 0x32, 0x7E, 0xCC, 0x02, 0x32, 0x7D, 0xCC, 0x01,
    0x31, 0x7D, 0xCC, 0x01, 0x31, 0x7D, 0xCC, 0x01, 0x31, 0x7D, 0xCC, 0x01, 0x31, 0x7E, 0xCC, 0x01,
    0x31, 0x7E, 0xCC, 0x01, 0x31, 0x7E, 0xCC, 0x01, 0x32, 0x7E, 0xCB, 0x01, 0x32, 0x7E, 0xCB, 0x01,
    0x32, 0x7E, 0xCA, 0x01, 0x32, 0x7E, 0xCA, 0x01, 0x32, 0x7E, 0xCA, 0x01, 0x32, 0x7E, 0xCA, 0x01,
    0x32, 0x7E, 0xCA, 0x01, 0x32, 0x7E, 0xCA, 0x01, 0x33, 0x7F, 0xCB, 0x01, 0x34, 0x7F, 0xCA, 0x01,
    0x00, 0x00, 0x00, 0x00, 0x00, 0x00, 0x00, 0x00, 0x00, 0x00, 0x00, 0x00, 0x00, 0x00, 0x00, 0x00,
    0x00, 0x00, 0x00, 0x00, 0x00, 0x00, 0x00, 0x00, 0x00, 0x00, 0x00, 0x00, 0x00, 0x00, 0x00, 0x00,
    0x00, 0x00, 0x00, 0x00, 0x00, 0x00, 0x00, 0x00, 0x00, 0x00, 0x00, 0x00, 0x00, 0x00, 0x00, 0x00,
    0x00, 0x00, 0x00, 0x00, 0x00, 0x00, 0x00, 0x00, 0x00, 0x00, 0x00, 0x00, 0x00, 0x00, 0x00, 0x00,
    0x00, 0x00, 0x00, 0x00, 0x00, 0x00, 0x00, 0x00, 0x00, 0x00, 0x00, 0x00, 0x00, 0x00, 0x00, 0x00,
    0x00, 0x00, 0x00, 0x00, 0x00, 0x00, 0x00, 0x00, 0x00, 0x00, 0x00, 0x00, 0x00, 0x00, 0x00, 0x00,
    0x00, 0x00, 0x00, 0x00, 0x00, 0x00, 0x00, 0x00, 0x00, 0x00, 0x00, 0x00, 0x00, 0x00, 0x00, 0x00,
    0x00, 0x00, 0x00, 0x00, 0x00, 0x00, 0x00, 0x00, 0x00, 0x00, 0x00, 0x00, 0x00, 0x00, 0x00, 0x00,
    0x3F, 0x85, 0xC8, 0x01, 0x3F, 0x85, 0xC9, 0x01, 0x40, 0x85, 0xC8, 0x01, 0x40, 0x85, 0xC8, 0x01,
    0x40, 0x84, 0xC8, 0x01, 0x41, 0x85, 0xC9, 0x01, 0x42, 0x85, 0xC9, 0x02, 0x42, 0x85, 0xC9, 0x02,
    0x41, 0x86, 0xC9, 0x02, 0x42, 0x86, 0xC9, 0x02, 0x43, 0x86, 0xCA, 0x03, 0x43, 0x86, 0xCA, 0x03,
    0x43, 0x86, 0xCA, 0x03, 0x44, 0x87, 0xCB, 0x04, 0x43, 0x87, 0xCA, 0x03, 0x43, 0x87, 0xCA, 0x03,
    0x45, 0x88, 0xC8, 0x02, 0x4C, 0x8E, 0xCA, 0x01, 0x51, 0x91, 0xCC, 0x02, 0x53, 0x93, 0xCE, 0x02,
    0x53, 0x93, 0xCE, 0x02, 0x52, 0x91, 0xCF, 0x02, 0x55, 0x93, 0xD3, 0x01, 0x53, 0x92, 0xD3, 0x02,
    0x53, 0x92, 0xD3, 0x02, 0x52, 0x95, 0xD4, 0x02, 0x4F, 0x93, 0xD2, 0x01, 0x50, 0x91, 0xD3, 0x01,
    0x50, 0x91, 0xD3, 0x01, 0x4E, 0x8E, 0xD2, 0x03, 0x4E, 0x8D, 0xD2, 0x03, 0x4F, 0x8F, 0xD2, 0x04,
    0x4F, 0x8F, 0xD2, 0x04, 0x52, 0x91, 0xD2, 0x03, 0x55, 0x92, 0xD3, 0x04, 0x57, 0x93, 0xD4, 0x03,
    0x57, 0x93, 0xD4, 0x03, 0x57, 0x95, 0xD7, 0x02, 0x56, 0x95, 0xD6, 0x02, 0x59, 0x96, 0xD3, 0x04,
    0x59, 0x96, 0xD3, 0x04, 0x5C, 0x97, 0xD1, 0x04, 0x5D, 0x9B, 0xD4, 0x05, 0x5C, 0x9F, 0xD6, 0x06,
    0x5C, 0x9F, 0xD6, 0x06, 0x55, 0x98, 0xD7, 0x07, 0x50, 0x97, 0xDB, 0x07, 0x4C, 0x93, 0xD9, 0x07,
    0x4C, 0x93, 0xD9, 0x07, 0x4C, 0x92, 0xD4, 0x08, 0x49, 0x8D, 0xCF, 0x0B, 0x45, 0x8A, 0xCE, 0x0A,
    0x45, 0x8A, 0xCE, 0x0A, 0x3B, 0x83, 0xCC, 0x06, 0x35, 0x7D, 0xCB, 0x01, 0x34, 0x7D, 0xCC, 0x01,
    0x34, 0x7D, 0xCC, 0x01, 0x34, 0x7E, 0xCD, 0x02, 0x33, 0x7D, 0xCC, 0x02, 0x32, 0x7D, 0xCC, 0x02,
    0x32, 0x7D, 0xCC, 0x02, 0x30, 0x7C, 0xCB, 0x01, 0x31, 0x7C, 0xCC, 0x01, 0x30, 0x7C, 0xCB, 0x01,
    0x30, 0x7C, 0xCB, 0x01, 0x31, 0x7C, 0xCA, 0x01, 0x33, 0x7C, 0xC9, 0x01, 0x33, 0x7E, 0xCB, 0x01,
    0x33, 0x7E, 0xCB, 0x01, 0x34, 0x7D, 0xCB, 0x01, 0x35, 0x7D, 0xCB, 0x01, 0x35, 0x7D, 0xCB, 0x01,
    0x35, 0x7D, 0xCB, 0x01, 0x35, 0x7D, 0xCB, 0x01, 0x34, 0x7D, 0xCA, 0x01, 0x33, 0x7D, 0xCB, 0x01,
    0x32, 0x7D, 0xCB, 0x01, 0x32, 0x7D, 0xCB, 0x01, 0x32, 0x7D, 0xCC, 0x01, 0x31, 0x7D, 0xCC, 0x01,
    0x31, 0x7D, 0xCC, 0x01, 0x31, 0x7D, 0xCC, 0x01, 0x32, 0x7D, 0xCB, 0x01, 0x32, 0x7D, 0xCC, 0x01,
    0x32, 0x7D, 0xCB, 0x01, 0x32, 0x7D, 0xCB, 0x01, 0x32, 0x7D, 0xCB, 0x01, 0x32, 0x7D, 0xCB, 0x01,
    0x33, 0x7E, 0xCB, 0x01, 0x33, 0x7E, 0xCB, 0x01, 0x32, 0x7E, 0xCA, 0x01, 0x32, 0x7E, 0xCA, 0x01,
    0x33, 0x7F, 0xCA, 0x01, 0x33, 0x7F, 0xCA, 0x01, 0x00, 0x00, 0x00, 0x00, 0x34, 0x7E, 0xCA, 0x01,
    0x00, 0x00, 0x00, 0x00, 0x00, 0x00, 0x00, 0x00, 0x00, 0x00, 0x00, 0x00, 0x00, 0x00, 0x00, 0x00,
    0x00, 0x00, 0x00, 0x00, 0x00, 0x00, 0x00, 0x00, 0x00, 0x00, 0x00, 0x00, 0x00, 0x00, 0x00, 0x00,
    0x00, 0x00, 0x00, 0x00, 0x00, 0x00, 0x00, 0x00, 0x00, 0x00, 0x00, 0x00, 0x00, 0x00, 0x00, 0x00,
    0x00, 0x00, 0x00, 0x00, 0x00, 0x00, 0x00, 0x00, 0x00, 0x00, 0x00, 0x00, 0x00, 0x00, 0x00, 0x00,
    0x00, 0x00, 0x00, 0x00, 0x00, 0x00, 0x00, 0x00, 0x00, 0x00, 0x00, 0x00, 0x00, 0x00, 0x00, 0x00,
    0x00, 0x00, 0x00, 0x00, 0x00, 0x00, 0x00, 0x00, 0x00, 0x00, 0x00, 0x00, 0x00, 0x00, 0x00, 0x00,
    0x00, 0x00, 0x00, 0x00, 0x00, 0x00, 0x00, 0x00, 0x00, 0x00, 0x00, 0x00, 0x00, 0x00, 0x00, 0x00,
    0x00, 0x00, 0x00, 0x00, 0x00, 0x00, 0x00, 0x00, 0x00, 0x00, 0x00, 0x00, 0x00, 0x00, 0x00, 0x00,
    0x3E, 0x85, 0xC9, 0x01, 0x3F, 0x85, 0xCA, 0x01, 0x3F, 0x85, 0xC9, 0x01, 0x3F, 0x85, 0xC9, 0x01,
    0x3F, 0x85, 0xCA, 0x01, 0x40, 0x85, 0xCA, 0x01, 0x41, 0x86, 0xCA, 0x01, 0x41, 0x86, 0xCA, 0x01,
    0x41, 0x86, 0xCA, 0x02, 0x41, 0x86, 0xCA, 0x01, 0x42, 0x86, 0xCA, 0x02, 0x42, 0x86, 0xCA, 0x02,
    0x42, 0x87, 0xCB, 0x01, 0x43, 0x87, 0xCC, 0x02, 0x44, 0x88, 0xCC, 0x02, 0x44, 0x88, 0xCC, 0x02,
    0x46, 0x89, 0xCC, 0x03, 0x4B, 0x8C, 0xCD, 0x03, 0x4C, 0x8D, 0xCD, 0x04, 0x4E, 0x8F, 0xCE, 0x03,
    0x4E, 0x8F, 0xCE, 0x03, 0x4D, 0x8E, 0xCF, 0x03, 0x4D, 0x8D, 0xD0, 0x03, 0x4C, 0x8E, 0xD0, 0x04,
    0x4C, 0x8E, 0xD0, 0x04, 0x4B, 0x8E, 0xD0, 0x03, 0x49, 0x8D, 0xCF, 0x04, 0x49, 0x8E, 0xD1, 0x04,
    0x49, 0x8E, 0xD1, 0x04, 0x4A, 0x8D, 0xD2, 0x03, 0x4D, 0x8D, 0xD2, 0x02, 0x4D, 0x8E, 0xD1, 0x02,
    0x4D, 0x8E, 0xD1, 0x02, 0x4F, 0x8F, 0xD3, 0x01, 0x52, 0x90, 0xD4, 0x01, 0x54, 0x92, 0xD4, 0x01,
    0x54, 0x92, 0xD4, 0x01, 0x55, 0x92, 0xD5, 0x02, 0x54, 0x93, 0xD5, 0x01, 0x53, 0x94, 0xD4, 0x03,
    0x53, 0x94, 0xD4, 0x03, 0x52, 0x93, 0xD3, 0x03, 0x52, 0x94, 0xD4, 0x03, 0x4F, 0x93, 0xD3, 0x02,
    0x4F, 0x93, 0xD3, 0x02, 0x4A, 0x90, 0xD3, 0x03, 0x48, 0x8F, 0xD4, 0x01, 0x45, 0x8C, 0xD3, 0x02,
    0x45, 0x8C, 0xD3, 0x02, 0x43, 0x8B, 0xD2, 0x01, 0x3F, 0x88, 0xD0, 0x01, 0x3B, 0x85, 0xCF, 0x01,
    0x3B, 0x85, 0xCF, 0x01, 0x36, 0x82, 0xCD, 0x01, 0x36, 0x81, 0xCE, 0x01, 0x34, 0x7F, 0xCE, 0x01,
    0x34, 0x7F, 0xCE, 0x01, 0x00, 0x00, 0x00, 0x00, 0x00, 0x00, 0x00, 0x00, 0x00, 0x00, 0x00, 0x00,
    0x00, 0x00, 0x00, 0x00, 0x32, 0x7D, 0xCD, 0x01, 0x33, 0x7D, 0xCC, 0x01, 0x32, 0x7D, 0xCC, 0x01,
    0x32, 0x7D, 0xCC, 0x01, 0x00, 0x00, 0x00, 0x00, 0x00, 0x00, 0x00, 0x00, 0x00, 0x00, 0x00, 0x00,
    0x00, 0x00, 0x00, 0x00, 0x00, 0x00, 0x00, 0x00, 0x00, 0x00, 0x00, 0x00, 0x00, 0x00, 0x00, 0x00,
    0x00, 0x00, 0x00, 0x00, 0x00, 0x00, 0x00, 0x00, 0x00, 0x00, 0x00, 0x00, 0x00, 0x00, 0x00, 0x00,
    0x00, 0x00, 0x00, 0x00, 0x00, 0x00, 0x00, 0x00, 0x32, 0x7E, 0xCB, 0x01, 0x31, 0x7E, 0xCB, 0x01,
    0x31, 0x7E, 0xCB, 0x01, 0x31, 0x7E, 0xCB, 0x01, 0x31, 0x7D, 0xCB, 0x01, 0x32, 0x7E, 0xCB, 0x01,
    0x32, 0x7E, 0xCB, 0x01, 0x32, 0x7E, 0xCB, 0x01, 0x32, 0x7E, 0xCC, 0x01, 0x33, 0x7E, 0xCC, 0x01,
    0x00, 0x00, 0x00, 0x00, 0x00, 0x00, 0x00, 0x00, 0x33, 0x7F, 0xCA, 0x01, 0x33, 0x7F, 0xCB, 0x01,
    0x00, 0x00, 0x00, 0x00, 0x00, 0x00, 0x00, 0x00, 0x00, 0x00, 0x00, 0x00, 0x00, 0x00, 0x00, 0x00,
    0x00, 0x00, 0x00, 0x00, 0x00, 0x00, 0x00, 0x00, 0x00, 0x00, 0x00, 0x00, 0x00, 0x00, 0x00, 0x00,
    0x00, 0x00, 0x00, 0x00, 0x00, 0x00, 0x00, 0x00, 0x00, 0x00, 0x00, 0x00, 0x00, 0x00, 0x00, 0x00,
    0x00, 0x00, 0x00, 0x00, 0x00, 0x00, 0x00, 0x00, 0x00, 0x00, 0x00, 0x00, 0x00, 0x00, 0x00, 0x00,
    0x00, 0x00, 0x00, 0x00, 0x00, 0x00, 0x00, 0x00, 0x00, 0x00, 0x00, 0x00, 0x00, 0x00, 0x00, 0x00,
    0x00, 0x00, 0x00, 0x00, 0x00, 0x00, 0x00, 0x00, 0x00, 0x00, 0x00, 0x00, 0x00, 0x00, 0x00, 0x00,
    0x00, 0x00, 0x00, 0x00, 0x00, 0x00, 0x00, 0x00, 0x00, 0x00, 0x00, 0x00, 0x00, 0x00, 0x00, 0x00,
    0x00, 0x00, 0x00, 0x00, 0x00, 0x00, 0x00, 0x00, 0x00, 0x00, 0x00, 0x00, 0x00, 0x00, 0x00, 0x00,
    0x00, 0x00, 0x00, 0x00, 0x00, 0x00, 0x00, 0x00, 0x00, 0x00, 0x00, 0x00, 0x00, 0x00, 0x00, 0x00,
    0x3E, 0x85, 0xC9, 0x01, 0x3F, 0x85, 0xCA, 0x01, 0x3F, 0x85, 0xC9, 0x01, 0x3F, 0x85, 0xC9, 0x01,
    0x3F, 0x85, 0xCA, 0x01, 0x40, 0x85, 0xCA, 0x01, 0x41, 0x86, 0xCA, 0x01, 0x41, 0x86, 0xCA, 0x01,
    0x41, 0x86, 0xCA, 0x02, 0x41, 0x86, 0xCA, 0x01, 0x42, 0x86, 0xCA, 0x02, 0x42, 0x86, 0xCA, 0x02,
    0x42, 0x87, 0xCB, 0x01, 0x43, 0x87, 0xCC, 0x02, 0x44, 0x88, 0xCC, 0x02, 0x44, 0x88, 0xCC, 0x02,
    0x46, 0x89, 0xCC, 0x03, 0x4B, 0x8C, 0xCD, 0x03, 0x4C, 0x8D, 0xCD, 0x04, 0x4E, 0x8F, 0xCE, 0x03,
    0x4E, 0x8F, 0xCE, 0x03, 0x4D, 0x8E, 0xCF, 0x03, 0x4D, 0x8D, 0xD0, 0x03, 0x4C, 0x8E, 0xD0, 0x04,
    0x4C, 0x8E, 0xD0, 0x04, 0x4B, 0x8E, 0xD0, 0x03, 0x49, 0x8D, 0xCF, 0x04, 0x49, 0x8E, 0xD1, 0x04,
    0x49, 0x8E, 0xD1, 0x04, 0x4A, 0x8D, 0xD2, 0x03, 0x4D, 0x8D, 0xD2, 0x02, 0x4D, 0x8E, 0xD1, 0x02,
    0x4D, 0x8E, 0xD1, 0x02, 0x4F, 0x8F, 0xD3, 0x01, 0x52, 0x90, 0xD4, 0x01, 0x54, 0x92, 0xD4, 0x01,
    0x54, 0x92, 0xD4, 0x01, 0x55, 0x92, 0xD5, 0x02, 0x54, 0x93, 0xD5, 0x01, 0x53, 0x94, 0xD4, 0x03,
    0x53, 0x94, 0xD4, 0x03, 0x52, 0x93, 0xD3, 0x03, 0x52, 0x94, 0xD4, 0x03, 0x4F, 0x93, 0xD3, 0x02,
    0x4F, 0x93, 0xD3, 0x02, 0x4A, 0x90, 0xD3, 0x03, 0x48, 0x8F, 0xD4, 0x01, 0x45, 0x8C, 0xD3, 0x02,
    0x45, 0x8C, 0xD3, 0x02, 0x43, 0x8B, 0xD2, 0x01, 0x3F, 0x88, 0xD0, 0x01, 0x3B, 0x85, 0xCF, 0x01,
    0x3B, 0x85, 0xCF, 0x01, 0x36, 0x82, 0xCD, 0x01, 0x36, 0x81, 0xCE, 0x01, 0x34, 0x7F, 0xCE, 0x01,
    0x34, 0x7F, 0xCE, 0x01, 0x00, 0x00, 0x00, 0x00, 0x00, 0x00, 0x00, 0x00, 0x00, 0x00, 0x00, 0x00,
    0x00, 0x00, 0x00, 0x00, 0x32, 0x7D, 0xCD, 0x01, 0x33, 0x7D, 0xCC, 0x01, 0x32, 0x7D, 0xCC, 0x01,
    0x32, 0x7D, 0xCC, 0x01, 0x00, 0x00, 0x00, 0x00, 0x00, 0x00, 0x00, 0x00, 0x00, 0x00, 0x00, 0x00,
    0x00, 0x00, 0x00, 0x00, 0x00, 0x00, 0x00, 0x00, 0x00, 0x00, 0x00, 0x00, 0x00, 0x00, 0x00, 0x00,
    0x00, 0x00, 0x00, 0x00, 0x00, 0x00, 0x00, 0x00, 0x00, 0x00, 0x00, 0x00, 0x00, 0x00, 0x00, 0x00,
    0x00, 0x00, 0x00, 0x00, 0x00, 0x00, 0x00, 0x00, 0x32, 0x7E, 0xCB, 0x01, 0x31, 0x7E, 0xCB, 0x01,
    0x31, 0x7E, 0xCB, 0x01, 0x31, 0x7E, 0xCB, 0x01, 0x31, 0x7D, 0xCB, 0x01, 0x32, 0x7E, 0xCB, 0x01,
    0x32, 0x7E, 0xCB, 0x01, 0x32, 0x7E, 0xCB, 0x01, 0x32, 0x7E, 0xCC, 0x01, 0x33, 0x7E, 0xCC, 0x01,
    0x00, 0x00, 0x00, 0x00, 0x00, 0x00, 0x00, 0x00, 0x33, 0x7F, 0xCA, 0x01, 0x33, 0x7F, 0xCB, 0x01,
    0x00, 0x00, 0x00, 0x00, 0x00, 0x00, 0x00, 0x00, 0x00, 0x00, 0x00, 0x00, 0x00, 0x00, 0x00, 0x00,
    0x00, 0x00, 0x00, 0x00, 0x00, 0x00, 0x00, 0x00, 0x00, 0x00, 0x00, 0x00, 0x00, 0x00, 0x00, 0x00,
    0x00, 0x00, 0x00, 0x00, 0x00, 0x00, 0x00, 0x00, 0x00, 0x00, 0x00, 0x00, 0x00, 0x00, 0x00, 0x00,
    0x00, 0x00, 0x00, 0x00, 0x00, 0x00, 0x00, 0x00, 0x00, 0x00, 0x00, 0x00, 0x00, 0x00, 0x00, 0x00,
    0x00, 0x00, 0x00, 0x00, 0x00, 0x00, 0x00, 0x00, 0x00, 0x00, 0x00, 0x00, 0x00, 0x00, 0x00, 0x00,
    0x00, 0x00, 0x00, 0x00, 0x00, 0x00, 0x00, 0x00, 0x00, 0x00, 0x00, 0x00, 0x00, 0x00, 0x00, 0x00,
    0x00, 0x00, 0x00, 0x00, 0x00, 0x00, 0x00, 0x00, 0x00, 0x00, 0x00, 0x00, 0x00, 0x00, 0x00, 0x00,
    0x00, 0x00, 0x00, 0x00, 0x00, 0x00, 0x00, 0x00, 0x00, 0x00, 0x00, 0x00, 0x00, 0x00, 0x00, 0x00,
    0x00, 0x00, 0x00, 0x00, 0x00, 0x00, 0x00, 0x00, 0x00, 0x00, 0x00, 0x00, 0x00, 0x00, 0x00, 0x00,
    0x00, 0x00, 0x00, 0x00, 0x00, 0x00, 0x00, 0x00, 0x3E, 0x85, 0xCB, 0x01, 0x3E, 0x85, 0xCB, 0x01,
    0x3F, 0x85, 0xCB, 0x01, 0x3F, 0x85, 0xCB, 0x01, 0x40, 0x86, 0xCB, 0x01, 0x40, 0x86, 0xCB, 0x01,
    0x40, 0x86, 0xCB, 0x01, 0x40, 0x86, 0xCB, 0x02, 0x40, 0x86, 0xCA, 0x01, 0x40, 0x86, 0xCA, 0x01,
    0x41, 0x87, 0xCB, 0x01, 0x43, 0x87, 0xCB, 0x02, 0x44, 0x88, 0xCC, 0x01, 0x44, 0x88, 0xCC, 0x01,
    0x45, 0x89, 0xCD, 0x02, 0x48, 0x8B, 0xCE, 0x02, 0x49, 0x8C, 0xCF, 0x01, 0x4A, 0x8C, 0xCF, 0x01,
    0x4A, 0x8C, 0xCF, 0x01, 0x4A, 0x8C, 0xCF, 0x01, 0x4B, 0x8D, 0xD1, 0x01, 0x4A, 0x8C, 0xD0, 0x01,
    0x4A, 0x8C, 0xD0, 0x01, 0x49, 0x8C, 0xD1, 0x01, 0x49, 0x8C, 0xD0, 0x02, 0x4A, 0x8D, 0xD1, 0x01,
    0x4A, 0x8D, 0xD1, 0x01, 0x4A, 0x8D, 0xD1, 0x02, 0x4B, 0x8E, 0xD2, 0x02, 0x4B, 0x8E, 0xD2, 0x01,
    0x4B, 0x8E, 0xD2, 0x01, 0x4D, 0x8F, 0xD2, 0x01, 0x4E, 0x90, 0xD2, 0x01, 0x4F, 0x90, 0xD3, 0x01,
    0x4F, 0x90, 0xD3, 0x01, 0x50, 0x90, 0xD3, 0x01, 0x4F, 0x91, 0xD4, 0x01, 0x4F, 0x92, 0xD4, 0x02,
    0x4F, 0x92, 0xD4, 0x02, 0x4F, 0x92, 0xD4, 0x01, 0x4E, 0x91, 0xD4, 0x01, 0x4D, 0x90, 0xD3, 0x01,
    0x4D, 0x90, 0xD3, 0x01, 0x4B, 0x90, 0xD3, 0x01, 0x48, 0x8E, 0xD3, 0x01, 0x44, 0x8B, 0xD2, 0x01,
    0x44, 0x8B, 0xD2, 0x01, 0x00, 0x00, 0x00, 0x00, 0x3D, 0x87, 0xD0, 0x01, 0x3B, 0x86, 0xCF, 0x01,
    0x3B, 0x86, 0xCF, 0x01, 0x3A, 0x84, 0xCF, 0x01, 0x00, 0x00, 0x00, 0x00, 0x00, 0x00, 0x00, 0x00,
    0x00, 0x00, 0x00, 0x00, 0x00, 0x00, 0x00, 0x00, 0x00, 0x00, 0x00, 0x00, 0x00, 0x00, 0x00, 0x00,
    0x00, 0x00, 0x00, 0x00, 0x00, 0x00, 0x00, 0x00, 0x00, 0x00, 0x00, 0x00, 0x00, 0x00, 0x00, 0x00,
    0x00, 0x00, 0x00, 0x00, 0x00, 0x00, 0x00, 0x00, 0x00, 0x00, 0x00, 0x00, 0x00, 0x00, 0x00, 0x00,
    0x00, 0x00, 0x00, 0x00, 0x00, 0x00, 0x00, 0x00, 0x00, 0x00, 0x00, 0x00, 0x00, 0x00, 0x00, 0x00,
    0x00, 0x00, 0x00, 0x00, 0x00, 0x00, 0x00, 0x00, 0x00, 0x00, 0x00, 0x00, 0x00, 0x00, 0x00, 0x00,
    0x00, 0x00, 0x00, 0x00, 0x00, 0x00, 0x00, 0x00, 0x00, 0x00, 0x00, 0x00, 0x00, 0x00, 0x00, 0x00,
    0x00, 0x00, 0x00, 0x00, 0x00, 0x00, 0x00, 0x00, 0x00, 0x00, 0x00, 0x00, 0x00, 0x00, 0x00, 0x00,
    0x00, 0x00, 0x00, 0x00, 0x00, 0x00, 0x00, 0x00, 0x00, 0x00, 0x00, 0x00, 0x00, 0x00, 0x00, 0x00,
    0x00, 0x00, 0x00, 0x00, 0x00, 0x00, 0x00, 0x00, 0x34, 0x7F, 0xCA, 0x01, 0x00, 0x00, 0x00, 0x00,
    0x00, 0x00, 0x00, 0x00, 0x00, 0x00, 0x00, 0x00, 0x00, 0x00, 0x00, 0x00, 0x00, 0x00, 0x00, 0x00,
    0x00, 0x00, 0x00, 0x00, 0x00, 0x00, 0x00, 0x00, 0x00, 0x00, 0x00, 0x00, 0x00, 0x00, 0x00, 0x00,
    0x00, 0x00, 0x00, 0x00, 0x00, 0x00, 0x00, 0x00, 0x00, 0x00, 0x00, 0x00, 0x00, 0x00, 0x00, 0x00,
    0x00, 0x00, 0x00, 0x00, 0x00, 0x00, 0x00, 0x00, 0x00, 0x00, 0x00, 0x00, 0x00, 0x00, 0x00, 0x00,
    0x00, 0x00, 0x00, 0x00, 0x00, 0x00, 0x00, 0x00, 0x00, 0x00, 0x00, 0x00, 0x00, 0x00, 0x00, 0x00,
    0x00, 0x00, 0x00, 0x00, 0x00, 0x00, 0x00, 0x00, 0x00, 0x00, 0x00, 0x00, 0x00, 0x00, 0x00, 0x00,
    0x00, 0x00, 0x00, 0x00, 0x00, 0x00, 0x00, 0x00, 0x00, 0x00, 0x00, 0x00, 0x00, 0x00, 0x00, 0x00,
    0x00, 0x00, 0x00, 0x00, 0x00, 0x00, 0x00, 0x00, 0x00, 0x00, 0x00, 0x00, 0x00, 0x00, 0x00, 0x00,
    0x00, 0x00, 0x00, 0x00, 0x00, 0x00, 0x00, 0x00, 0x00, 0x00, 0x00, 0x00, 0x00, 0x00, 0x00, 0x00,
    0x00, 0x00, 0x00, 0x00, 0x00, 0x00, 0x00, 0x00, 0x00, 0x00, 0x00, 0x00, 0x00, 0x00, 0x00, 0x00,
    0x00, 0x00, 0x00, 0x00, 0x00, 0x00, 0x00, 0x00, 0x00, 0x00, 0x00, 0x00, 0x00, 0x00, 0x00, 0x00,
    0x00, 0x00, 0x00, 0x00, 0x00, 0x00, 0x00, 0x00, 0x00, 0x00, 0x00, 0x00, 0x00, 0x00, 0x00, 0x00,
    0x00, 0x00, 0x00, 0x00, 0x00, 0x00, 0x00, 0x00, 0x00, 0x00, 0x00, 0x00, 0x00, 0x00, 0x00, 0x00,
    0x00, 0x00, 0x00, 0x00, 0x00, 0x00, 0x00, 0x00, 0x00, 0x00, 0x00, 0x00, 0x00, 0x00, 0x00, 0x00,
    0x00, 0x00, 0x00, 0x00, 0x00, 0x00, 0x00, 0x00, 0x00, 0x00, 0x00, 0x00, 0x00, 0x00, 0x00, 0x00,
    0x00, 0x00, 0x00, 0x00, 0x00, 0x00, 0x00, 0x00, 0x00, 0x00, 0x00, 0x00, 0x00, 0x00, 0x00, 0x00,
    0x00, 0x00, 0x00, 0x00, 0x00, 0x00, 0x00, 0x00, 0x00, 0x00, 0x00, 0x00, 0x00, 0x00, 0x00, 0x00,
    0x00, 0x00, 0x00, 0x00, 0x00, 0x00, 0x00, 0x00, 0x00, 0x00, 0x00, 0x00, 0x00, 0x00, 0x00, 0x00,
    0x00, 0x00, 0x00, 0x00, 0x00, 0x00, 0x00, 0x00, 0x00, 0x00, 0x00, 0x00, 0x00, 0x00, 0x00, 0x00,
    0x00, 0x00, 0x00, 0x00, 0x00, 0x00, 0x00, 0x00, 0x00, 0x00, 0x00, 0x00, 0x00, 0x00, 0x00, 0x00,
    0x00, 0x00, 0x00, 0x00, 0x00, 0x00, 0x00, 0x00, 0x00, 0x00, 0x00, 0x00, 0x00, 0x00, 0x00, 0x00,
    0x00, 0x00, 0x00, 0x00, 0x00, 0x00, 0x00, 0x00, 0x00, 0x00, 0x00, 0x00, 0x00, 0x00, 0x00, 0x00,
    0x00, 0x00, 0x00, 0x00, 0x00, 0x00, 0x00, 0x00, 0x00, 0x00, 0x00, 0x00, 0x00, 0x00, 0x00, 0x00,
    0x00, 0x00, 0x00, 0x00, 0x00, 0x00, 0x00, 0x00, 0x00, 0x00, 0x00, 0x00, 0x00, 0x00, 0x00, 0x00,
    0x00, 0x00, 0x00, 0x00, 0x00, 0x00, 0x00, 0x00, 0x00, 0x00, 0x00, 0x00, 0x00, 0x00, 0x00, 0x00,
    0x00, 0x00, 0x00, 0x00, 0x00, 0x00, 0x00, 0x00, 0x00, 0x00, 0x00, 0x00, 0x00, 0x00, 0x00, 0x00,
    0x00, 0x00, 0x00, 0x00, 0x00, 0x00, 0x00, 0x00, 0x00, 0x00, 0x00, 0x00, 0x00, 0x00, 0x00, 0x00,
    0x00, 0x00, 0x00, 0x00, 0x00, 0x00, 0x00, 0x00, 0x00, 0x00, 0x00, 0x00, 0x00, 0x00, 0x00, 0x00,
    0x00, 0x00, 0x00, 0x00, 0x00, 0x00, 0x00, 0x00, 0x00, 0x00, 0x00, 0x00, 0x00, 0x00, 0x00, 0x00,
    0x00, 0x00, 0x00, 0x00, 0x00, 0x00, 0x00, 0x00, 0x00, 0x00, 0x00, 0x00, 0x00, 0x00, 0x00, 0x00,
    0x00, 0x00, 0x00, 0x00, 0x00, 0x00, 0x00, 0x00, 0x00, 0x00, 0x00, 0x00, 0x00, 0x00, 0x00, 0x00,
    0x00, 0x00, 0x00, 0x00, 0x00, 0x00, 0x00, 0x00, 0x00, 0x00, 0x00, 0x00, 0x00, 0x00, 0x00, 0x00,
    0x00, 0x00, 0x00, 0x00, 0x00, 0x00, 0x00, 0x00, 0x00, 0x00, 0x00, 0x00, 0x00, 0x00, 0x00, 0x00,
    0x00, 0x00, 0x00, 0x00, 0x00, 0x00, 0x00, 0x00, 0x00, 0x00, 0x00, 0x00, 0x00, 0x00, 0x00, 0x00,
    0x00, 0x00, 0x00, 0x00, 0x00, 0x00, 0x00, 0x00, 0x00, 0x00, 0x00, 0x00, 0x00, 0x00, 0x00, 0x00,
    0x00, 0x00, 0x00, 0x00, 0x00, 0x00, 0x00, 0x00, 0x00, 0x00, 0x00, 0x00, 0x00, 0x00, 0x00, 0x00,
    0x00, 0x00, 0x00, 0x00, 0x00, 0x00, 0x00, 0x00, 0x00, 0x00, 0x00, 0x00, 0x00, 0x00, 0x00, 0x00,
    0x00, 0x00, 0x00, 0x00, 0x00, 0x00, 0x00, 0x00, 0x00, 0x00, 0x00, 0x00, 0x00, 0x00, 0x00, 0x00,
    0x00, 0x00, 0x00, 0x00, 0x00, 0x00, 0x00, 0x00, 0x00, 0x00, 0x00, 0x00, 0x00, 0x00, 0x00, 0x00,
    0x00, 0x00, 0x00, 0x00, 0x00, 0x00, 0x00, 0x00, 0x00, 0x00, 0x00, 0x00, 0x00, 0x00, 0x00, 0x00,
    0x00, 0x00, 0x00, 0x00, 0x00, 0x00, 0x00, 0x00, 0x00, 0x00, 0x00, 0x00, 0x00, 0x00, 0x00, 0x00,
    0x00, 0x00, 0x00, 0x00, 0x00, 0x00, 0x00, 0x00, 0x00, 0x00, 0x00, 0x00, 0x00, 0x00, 0x00, 0x00,
    0x00, 0x00, 0x00, 0x00, 0x00, 0x00, 0x00, 0x00, 0x00, 0x00, 0x00, 0x00, 0x00, 0x00, 0x00, 0x00,
    0x00, 0x00, 0x00, 0x00, 0x00, 0x00, 0x00, 0x00, 0x00, 0x00, 0x00, 0x00, 0x00, 0x00, 0x00, 0x00,
    0x00, 0x00, 0x00, 0x00, 0x00, 0x00, 0x00, 0x00, 0x00, 0x00, 0x00, 0x00, 0x00, 0x00, 0x00, 0x00,
    0x00, 0x00, 0x00, 0x00, 0x00, 0x00, 0x00, 0x00, 0x00, 0x00, 0x00, 0x00, 0x00, 0x00, 0x00, 0x00,
    0x00, 0x00, 0x00, 0x00, 0x00, 0x00, 0x00, 0x00, 0x00, 0x00, 0x00, 0x00, 0x00, 0x00, 0x00, 0x00,
    0x00, 0x00, 0x00, 0x00, 0x00, 0x00, 0x00, 0x00, 0x00, 0x00, 0x00, 0x00, 0x00, 0x00, 0x00, 0x00,
    0x00, 0x00, 0x00, 0x00, 0x00, 0x00, 0x00, 0x00, 0x00, 0x00, 0x00, 0x00, 0x00, 0x00, 0x00, 0x00,
    0x00, 0x00, 0x00, 0x00, 0x00, 0x00, 0x00, 0x00, 0x00, 0x00, 0x00, 0x00, 0x00, 0x00, 0x00, 0x00,
    0x00, 0x00, 0x00, 0x00, 0x00, 0x00, 0x00, 0x00, 0x00, 0x00, 0x00, 0x00, 0x00, 0x00, 0x00, 0x00,
    0x00, 0x00, 0x00, 0x00, 0x00, 0x00, 0x00, 0x00, 0x00, 0x00, 0x00, 0x00, 0x00, 0x00, 0x00, 0x00,
    0x00, 0x00, 0x00, 0x00, 0x00, 0x00, 0x00, 0x00, 0x00, 0x00, 0x00, 0x00, 0x00, 0x00, 0x00, 0x00,
    0x00, 0x00, 0x00, 0x00, 0x00, 0x00, 0x00, 0x00, 0x00, 0x00, 0x00, 0x00, 0x00, 0x00, 0x00, 0x00,
    0x00, 0x00, 0x00, 0x00, 0x00, 0x00, 0x00, 0x00, 0x00, 0x00, 0x00, 0x00, 0x00, 0x00, 0x00, 0x00,
    0x00, 0x00, 0x00, 0x00, 0x00, 0x00, 0x00, 0x00, 0x00, 0x00, 0x00, 0x00, 0x00, 0x00, 0x00, 0x00,
    0x00, 0x00, 0x00, 0x00, 0x00, 0x00, 0x00, 0x00, 0x00, 0x00, 0x00, 0x00, 0x00, 0x00, 0x00, 0x00,
    0x00, 0x00, 0x00, 0x00, 0x00, 0x00, 0x00, 0x00, 0x00, 0x00, 0x00, 0x00, 0x00, 0x00, 0x00, 0x00,
    0x00, 0x00, 0x00, 0x00, 0x00, 0x00, 0x00, 0x00, 0x00, 0x00, 0x00, 0x00, 0x00, 0x00, 0x00, 0x00,
    0x00, 0x00, 0x00, 0x00, 0x00, 0x00, 0x00, 0x00, 0x00, 0x00, 0x00, 0x00, 0x00, 0x00, 0x00, 0x00,
    0x00, 0x00, 0x00, 0x00, 0x00, 0x00, 0x00, 0x00, 0x00, 0x00, 0x00, 0x00, 0x00, 0x00, 0x00, 0x00,
    0x00, 0x00, 0x00, 0x00, 0x00, 0x00, 0x00, 0x00, 0x00, 0x00, 0x00, 0x00, 0x00, 0x00, 0x00, 0x00,
    0x00, 0x00, 0x00, 0x00, 0x00, 0x00, 0x00, 0x00, 0x00, 0x00, 0x00, 0x00, 0x00, 0x00, 0x00, 0x00,
    0x00, 0x00, 0x00, 0x00, 0x00, 0x00, 0x00, 0x00, 0x00, 0x00, 0x00, 0x00, 0x00, 0x00, 0x00, 0x00,
    0x00, 0x00, 0x00, 0x00, 0x00, 0x00, 0x00, 0x00, 0x00, 0x00, 0x00, 0x00, 0x00, 0x00, 0x00, 0x00,
    0x00, 0x00, 0x00, 0x00, 0x00, 0x00, 0x00, 0x00, 0x00, 0x00, 0x00, 0x00, 0x00, 0x00, 0x00, 0x00,
    0x00, 0x00, 0x00, 0x00, 0x00, 0x00, 0x00, 0x00, 0x00, 0x00, 0x00, 0x00, 0x00, 0x00, 0x00, 0x00,
    0x00, 0x00, 0x00, 0x00, 0x00, 0x00, 0x00, 0x00, 0x00, 0x00, 0x00, 0x00, 0x00, 0x00, 0x00, 0x00,
    0x00, 0x00, 0x00, 0x00, 0x00, 0x00, 0x00, 0x00, 0x00, 0x00, 0x00, 0x00, 0x00, 0x00, 0x00, 0x00,
    0x00, 0x00, 0x00, 0x00, 0x00, 0x00, 0x00, 0x00, 0x00, 0x00, 0x00, 0x00, 0x00, 0x00, 0x00, 0x00,
    0x00, 0x00, 0x00, 0x00, 0x00, 0x00, 0x00, 0x00, 0x00, 0x00, 0x00, 0x00, 0x00, 0x00, 0x00, 0x00,
    0x00, 0x00, 0x00, 0x00, 0x00, 0x00, 0x00, 0x00, 0x00, 0x00, 0x00, 0x00, 0x00, 0x00, 0x00, 0x00,
    0x00, 0x00, 0x00, 0x00, 0x00, 0x00, 0x00, 0x00, 0x00, 0x00, 0x00, 0x00, 0x00, 0x00, 0x00, 0x00,
    0x00, 0x00, 0x00, 0x00, 0x00, 0x00, 0x00, 0x00, 0x00, 0x00, 0x00, 0x00, 0x00, 0x00, 0x00, 0x00,
    0x00, 0x00, 0x00, 0x00, 0x00, 0x00, 0x00, 0x00, 0x00, 0x00, 0x00, 0x00, 0x00, 0x00, 0x00, 0x00,
    0x00, 0x00, 0x00, 0x00, 0x00, 0x00, 0x00, 0x00, 0x00, 0x00, 0x00, 0x00, 0x00, 0x00, 0x00, 0x00,
    0x00, 0x00, 0x00, 0x00, 0x00, 0x00, 0x00, 0x00, 0x00, 0x00, 0x00, 0x00, 0x00, 0x00, 0x00, 0x00,
    0x00, 0x00, 0x00, 0x00, 0x00, 0x00, 0x00, 0x00, 0x00, 0x00, 0x00, 0x00, 0x00, 0x00, 0x00, 0x00,
    0x00, 0x00, 0x00, 0x00, 0x00, 0x00, 0x00, 0x00, 0x00, 0x00, 0x00, 0x00, 0x00, 0x00, 0x00, 0x00,
    0x00, 0x00, 0x00, 0x00, 0x00, 0x00, 0x00, 0x00, 0x00, 0x00, 0x00, 0x00, 0x00, 0x00, 0x00, 0x00,
    0x00, 0x00, 0x00, 0x00, 0x00, 0x00, 0x00, 0x00, 0x00, 0x00, 0x00, 0x00, 0x00, 0x00, 0x00, 0x00,
    0x00, 0x00, 0x00, 0x00, 0x00, 0x00, 0x00, 0x00, 0x00, 0x00, 0x00, 0x00, 0x00, 0x00, 0x00, 0x00,
    0x00, 0x00, 0x00, 0x00, 0x00, 0x00, 0x00, 0x00, 0x00, 0x00, 0x00, 0x00, 0x00, 0x00, 0x00, 0x00,
    0x00, 0x00, 0x00, 0x00, 0x00, 0x00, 0x00, 0x00, 0x00, 0x00, 0x00, 0x00, 0x00, 0x00, 0x00, 0x00,
    0x00, 0x00, 0x00, 0x00, 0x00, 0x00, 0x00, 0x00, 0x00, 0x00, 0x00, 0x00, 0x00, 0x00, 0x00, 0x00,
    0x00, 0x00, 0x00, 0x00, 0x00, 0x00, 0x00, 0x00, 0x00, 0x00, 0x00, 0x00, 0x00, 0x00, 0x00, 0x00,
    0x00, 0x00, 0x00, 0x00, 0x00, 0x00, 0x00, 0x00, 0x00, 0x00, 0x00, 0x00, 0x00, 0x00, 0x00, 0x00,
    0x00, 0x00, 0x00, 0x00, 0x00, 0x00, 0x00, 0x00, 0x00, 0x00, 0x00, 0x00, 0x00, 0x00, 0x00, 0x00,
    0x00, 0x00, 0x00, 0x00, 0x00, 0x00, 0x00, 0x00, 0x00, 0x00, 0x00, 0x00, 0x00, 0x00, 0x00, 0x00,
    0x00, 0x00, 0x00, 0x00, 0x00, 0x00, 0x00, 0x00, 0x00, 0x00, 0x00, 0x00, 0x00, 0x00, 0x00, 0x00,
    0x00, 0x00, 0x00, 0x00, 0x00, 0x00, 0x00, 0x00, 0x00, 0x00, 0x00, 0x00, 0x00, 0x00, 0x00, 0x00,
    0x00, 0x00, 0x00, 0x00, 0x00, 0x00, 0x00, 0x00, 0x00, 0x00, 0x00, 0x00, 0x00, 0x00, 0x00, 0x00,
    0x00, 0x00, 0x00, 0x00, 0x00, 0x00, 0x00, 0x00, 0x00, 0x00, 0x00, 0x00, 0x00, 0x00, 0x00, 0x00,
    0x00, 0x00, 0x00, 0x00, 0x00, 0x00, 0x00, 0x00, 0x00, 0x00, 0x00, 0x00, 0x00, 0x00, 0x00, 0x00,
    0x00, 0x00, 0x00, 0x00, 0x00, 0x00, 0x00, 0x00, 0x00, 0x00, 0x00, 0x00, 0x00, 0x00, 0x00, 0x00,
    0x00, 0x00, 0x00, 0x00, 0x00, 0x00, 0x00, 0x00, 0x00, 0x00, 0x00, 0x00, 0x00, 0x00, 0x00, 0x00,
    0x00, 0x00, 0x00, 0x00, 0x00, 0x00, 0x00, 0x00, 0x00, 0x00, 0x00, 0x00, 0x00, 0x00, 0x00, 0x00,
    0x00, 0x00, 0x00, 0x00, 0x00, 0x00, 0x00, 0x00, 0x00, 0x00, 0x00, 0x00, 0x00, 0x00, 0x00, 0x00,
    0x00, 0x00, 0x00, 0x00, 0x00, 0x00, 0x00, 0x00, 0x00, 0x00, 0x00, 0x00, 0x00, 0x00, 0x00, 0x00,
    0x00, 0x00, 0x00, 0x00, 0x00, 0x00, 0x00, 0x00, 0x00, 0x00, 0x00, 0x00, 0x00, 0x00, 0x00, 0x00,
    0x00, 0x00, 0x00, 0x00, 0x00, 0x00, 0x00, 0x00, 0x00, 0x00, 0x00, 0x00, 0x00, 0x00, 0x00, 0x00,
    0x00, 0x00, 0x00, 0x00, 0x00, 0x00, 0x00, 0x00, 0x00, 0x00, 0x00, 0x00, 0x00, 0x00, 0x00, 0x00,
    0x00, 0x00, 0x00, 0x00, 0x00, 0x00, 0x00, 0x00, 0x00, 0x00, 0x00, 0x00, 0x00, 0x00, 0x00, 0x00,
    0x00, 0x00, 0x00, 0x00, 0x00, 0x00, 0x00, 0x00, 0x00, 0x00, 0x00, 0x00, 0x00, 0x00, 0x00, 0x00,
    0x00, 0x00, 0x00, 0x00, 0x00, 0x00, 0x00, 0x00, 0x00, 0x00, 0x00, 0x00, 0x00, 0x00, 0x00, 0x00,
    0x00, 0x00, 0x00, 0x00, 0x00, 0x00, 0x00, 0x00, 0x00, 0x00, 0x00, 0x00, 0x00, 0x00, 0x00, 0x00,
    0x00, 0x00, 0x00, 0x00, 0x00, 0x00, 0x00, 0x00, 0x00, 0x00, 0x00, 0x00, 0x00, 0x00, 0x00, 0x00,
    0x00, 0x00, 0x00, 0x00, 0x00, 0x00, 0x00, 0x00, 0x00, 0x00, 0x00, 0x00, 0x00, 0x00, 0x00, 0x00,
    0x00, 0x00, 0x00, 0x00, 0x00, 0x00, 0x00, 0x00, 0x00, 0x00, 0x00, 0x00, 0x00, 0x00, 0x00, 0x00,
    0x00, 0x00, 0x00, 0x00, 0x00, 0x00, 0x00, 0x00, 0x00, 0x00, 0x00, 0x00, 0x00, 0x00, 0x00, 0x00,
    0x00, 0x00, 0x00, 0x00, 0x00, 0x00, 0x00, 0x00, 0x00, 0x00, 0x00, 0x00, 0x00, 0x00, 0x00, 0x00,
    0x00, 0x00, 0x00, 0x00, 0x00, 0x00, 0x00, 0x00, 0x00, 0x00, 0x00, 0x00, 0x00, 0x00, 0x00, 0x00,
    0x00, 0x00, 0x00, 0x00, 0x00, 0x00, 0x00, 0x00, 0x00, 0x00, 0x00, 0x00, 0x00, 0x00, 0x00, 0x00,
    0x00, 0x00, 0x00, 0x00, 0x00, 0x00, 0x00, 0x00, 0x00, 0x00, 0x00, 0x00, 0x00, 0x00, 0x00, 0x00,
    0x00, 0x00, 0x00, 0x00, 0x00, 0x00, 0x00, 0x00, 0x00, 0x00, 0x00, 0x00, 0x00, 0x00, 0x00, 0x00,
    0x00, 0x00, 0x00, 0x00, 0x00, 0x00, 0x00, 0x00, 0x00, 0x00, 0x00, 0x00, 0x00, 0x00, 0x00, 0x00,
    0x00, 0x00, 0x00, 0x00, 0x00, 0x00, 0x00, 0x00, 0x00, 0x00, 0x00, 0x00, 0x00, 0x00, 0x00, 0x00,
    0x00, 0x00, 0x00, 0x00, 0x00, 0x00, 0x00, 0x00, 0x00, 0x00, 0x00, 0x00, 0x00, 0x00, 0x00, 0x00,
    0x00, 0x00, 0x00, 0x00, 0x00, 0x00, 0x00, 0x00, 0x00, 0x00, 0x00, 0x00, 0x00, 0x00, 0x00, 0x00,
    0x00, 0x00, 0x00, 0x00, 0x00, 0x00, 0x00, 0x00, 0x00, 0x00, 0x00, 0x00, 0x00, 0x00, 0x00, 0x00,
    0x00, 0x00, 0x00, 0x00, 0x00, 0x00, 0x00, 0x00, 0x00, 0x00, 0x00, 0x00, 0x00, 0x00, 0x00, 0x00,
    0x00, 0x00, 0x00, 0x00, 0x00, 0x00, 0x00, 0x00, 0x00, 0x00, 0x00, 0x00, 0x00, 0x00, 0x00, 0x00,
    0x00, 0x00, 0x00, 0x00, 0x00, 0x00, 0x00, 0x00, 0x00, 0x00, 0x00, 0x00, 0x00, 0x00, 0x00, 0x00,
    0x00, 0x00, 0x00, 0x00, 0x00, 0x00, 0x00, 0x00, 0x00, 0x00, 0x00, 0x00, 0x00, 0x00, 0x00, 0x00,
    0x00, 0x00, 0x00, 0x00, 0x00, 0x00, 0x00, 0x00, 0x00, 0x00, 0x00, 0x00, 0x00, 0x00, 0x00, 0x00,
    0x00, 0x00, 0x00, 0x00, 0x00, 0x00, 0x00, 0x00, 0x00, 0x00, 0x00, 0x00, 0x00, 0x00, 0x00, 0x00,
    0x00, 0x00, 0x00, 0x00, 0x00, 0x00, 0x00, 0x00, 0x00, 0x00, 0x00, 0x00, 0x00, 0x00, 0x00, 0x00,
    0x00, 0x00, 0x00, 0x00, 0x00, 0x00, 0x00, 0x00, 0x00, 0x00, 0x00, 0x00, 0x00, 0x00, 0x00, 0x00,
    0x00, 0x00, 0x00, 0x00, 0x00, 0x00, 0x00, 0x00, 0x00, 0x00, 0x00, 0x00, 0x00, 0x00, 0x00, 0x00,
    0x00, 0x00, 0x00, 0x00, 0x00, 0x00, 0x00, 0x00, 0x00, 0x00, 0x00, 0x00, 0x00, 0x00, 0x00, 0x00,
    0x00, 0x00, 0x00, 0x00, 0x00, 0x00, 0x00, 0x00, 0x00, 0x00, 0x00, 0x00, 0x00, 0x00, 0x00, 0x00,
    0x00, 0x00, 0x00, 0x00, 0x00, 0x00, 0x00, 0x00, 0x00, 0x00, 0x00, 0x00, 0x00, 0x00, 0x00, 0x00,
    0x00, 0x00, 0x00, 0x00, 0x00, 0x00, 0x00, 0x00, 0x00, 0x00, 0x00, 0x00, 0x00, 0x00, 0x00, 0x00,
    0x00, 0x00, 0x00, 0x00, 0x00, 0x00, 0x00, 0x00, 0x00, 0x00, 0x00, 0x00, 0x00, 0x00, 0x00, 0x00,
    0x00, 0x00, 0x00, 0x00, 0x00, 0x00, 0x00, 0x00, 0x00, 0x00, 0x00, 0x00, 0x00, 0x00, 0x00, 0x00,
    0x00, 0x00, 0x00, 0x00, 0x00, 0x00, 0x00, 0x00, 0x00, 0x00, 0x00, 0x00, 0x00, 0x00, 0x00, 0x00,
    0x00, 0x00, 0x00, 0x00, 0x00, 0x00, 0x00, 0x00, 0x00, 0x00, 0x00, 0x00, 0x00, 0x00, 0x00, 0x00,
    0x00, 0x00, 0x00, 0x00, 0x00, 0x00, 0x00, 0x00, 0x00, 0x00, 0x00, 0x00, 0x00, 0x00, 0x00, 0x00,
    0x00, 0x00, 0x00, 0x00, 0x00, 0x00, 0x00, 0x00, 0x00, 0x00, 0x00, 0x00, 0x00, 0x00, 0x00, 0x00,
    0x00, 0x00, 0x00, 0x00, 0x00, 0x00, 0x00, 0x00, 0x00, 0x00, 0x00, 0x00, 0x00, 0x00, 0x00, 0x00,
    0x00, 0x00, 0x00, 0x00, 0x00, 0x00, 0x00, 0x00, 0x00, 0x00, 0x00, 0x00, 0x00, 0x00, 0x00, 0x00,
    0x00, 0x00, 0x00, 0x00, 0x00, 0x00, 0x00, 0x00, 0x00, 0x00, 0x00, 0x00, 0x00, 0x00, 0x00, 0x00,
    0x00, 0x00, 0x00, 0x00, 0x00, 0x00, 0x00, 0x00, 0x00, 0x00, 0x00, 0x00, 0x00, 0x00, 0x00, 0x00,
    0x00, 0x00, 0x00, 0x00, 0x00, 0x00, 0x00, 0x00, 0x00, 0x00, 0x00, 0x00, 0x00, 0x00, 0x00, 0x00,
    0x00, 0x00, 0x00, 0x00, 0x00, 0x00, 0x00, 0x00, 0x00, 0x00, 0x00, 0x00, 0x00, 0x00, 0x00, 0x00,
    0x00, 0x00, 0x00, 0x00, 0x00, 0x00, 0x00, 0x00, 0x00, 0x00, 0x00, 0x00, 0x00, 0x00, 0x00, 0x00,
    0x00, 0x00, 0x00, 0x00, 0x00, 0x00, 0x00, 0x00, 0x00, 0x00, 0x00, 0x00, 0x00, 0x00, 0x00, 0x00,
    0x00, 0x00, 0x00, 0x00, 0x00, 0x00, 0x00, 0x00, 0x00, 0x00, 0x00, 0x00, 0x00, 0x00, 0x00, 0x00,
    0x00, 0x00, 0x00, 0x00, 0x00, 0x00, 0x00, 0x00, 0x00, 0x00, 0x00, 0x00, 0x00, 0x00, 0x00, 0x00,
    0x00, 0x00, 0x00, 0x00, 0x00, 0x00, 0x00, 0x00, 0x00, 0x00, 0x00, 0x00, 0x00, 0x00, 0x00, 0x00,
    0x00, 0x00, 0x00, 0x00, 0x00, 0x00, 0x00, 0x00, 0x00, 0x00, 0x00, 0x00, 0x00, 0x00, 0x00, 0x00,
    0x00, 0x00, 0x00, 0x00, 0x00, 0x00, 0x00, 0x00, 0x00, 0x00, 0x00, 0x00, 0x00, 0x00, 0x00, 0x00,
    0x00, 0x00, 0x00, 0x00, 0x00, 0x00, 0x00, 0x00, 0x00, 0x00, 0x00, 0x00, 0x00, 0x00, 0x00, 0x00,
    0x00, 0x00, 0x00, 0x00, 0x00, 0x00, 0x00, 0x00, 0x00, 0x00, 0x00, 0x00, 0x00, 0x00, 0x00, 0x00,
    0x00, 0x00, 0x00, 0x00, 0x00, 0x00, 0x00, 0x00, 0x00, 0x00, 0x00, 0x00, 0x00, 0x00, 0x00, 0x00,
    0x00, 0x00, 0x00, 0x00, 0x00, 0x00, 0x00, 0x00, 0x00, 0x00, 0x00, 0x00, 0x00, 0x00, 0x00, 0x00,
    0x00, 0x00, 0x00, 0x00, 0x00, 0x00, 0x00, 0x00, 0x00, 0x00, 0x00, 0x00, 0x00, 0x00, 0x00, 0x00,
    0x00, 0x00, 0x00, 0x00, 0x00, 0x00, 0x00, 0x00, 0x00, 0x00, 0x00, 0x00, 0x00, 0x00, 0x00, 0x00,
    0x00, 0x00, 0x00, 0x00, 0x00, 0x00, 0x00, 0x00, 0x00, 0x00, 0x00, 0x00, 0x00, 0x00, 0x00, 0x00,
    0x00, 0x00, 0x00, 0x00, 0x00, 0x00, 0x00, 0x00, 0x00, 0x00, 0x00, 0x00, 0x00, 0x00, 0x00, 0x00,
    0x00, 0x00, 0x00, 0x00, 0x00, 0x00, 0x00, 0x00, 0x00, 0x00, 0x00, 0x00, 0x00, 0x00, 0x00, 0x00,
    0x00, 0x00, 0x00, 0x00, 0x00, 0x00, 0x00, 0x00, 0x00, 0x00, 0x00, 0x00, 0x00, 0x00, 0x00, 0x00,
    0x00, 0x00, 0x00, 0x00, 0x00, 0x00, 0x00, 0x00, 0x00, 0x00, 0x00, 0x00, 0x00, 0x00, 0x00, 0x00,
    0x00, 0x00, 0x00, 0x00, 0x00, 0x00, 0x00, 0x00, 0x00, 0x00, 0x00, 0x00, 0x00, 0x00, 0x00, 0x00,
    0x00, 0x00, 0x00, 0x00, 0x00, 0x00, 0x00, 0x00, 0x00, 0x00, 0x00, 0x00, 0x00, 0x00, 0x00, 0x00,
    0x00, 0x00, 0x00, 0x00, 0x00, 0x00, 0x00, 0x00, 0x00, 0x00, 0x00, 0x00, 0x00, 0x00, 0x00, 0x00,
    0x00, 0x00, 0x00, 0x00, 0x00, 0x00, 0x00, 0x00, 0x00, 0x00, 0x00, 0x00, 0x00, 0x00, 0x00, 0x00,
    0x00, 0x00, 0x00, 0x00, 0x00, 0x00, 0x00, 0x00, 0x00, 0x00, 0x00, 0x00, 0x00, 0x00, 0x00, 0x00,
    0x00, 0x00, 0x00, 0x00, 0x00, 0x00, 0x00, 0x00, 0x00, 0x00, 0x00, 0x00, 0x00, 0x00, 0x00, 0x00,
    0x00, 0x00, 0x00, 0x00, 0x00, 0x00, 0x00, 0x00, 0x00, 0x00, 0x00, 0x00, 0x00, 0x00, 0x00, 0x00,
    0x00, 0x00, 0x00, 0x00, 0x00, 0x00, 0x00, 0x00, 0x00, 0x00, 0x00, 0x00, 0x00, 0x00, 0x00, 0x00,
    0x00, 0x00, 0x00, 0x00, 0x00, 0x00, 0x00, 0x00, 0x00, 0x00, 0x00, 0x00, 0x00, 0x00, 0x00, 0x00,
    0x00, 0x00, 0x00, 0x00, 0x00, 0x00, 0x00, 0x00, 0x00, 0x00, 0x00, 0x00, 0x00, 0x00, 0x00, 0x00,
    0x00, 0x00, 0x00, 0x00, 0x00, 0x00, 0x00, 0x00, 0x00, 0x00, 0x00, 0x00, 0x00, 0x00, 0x00, 0x00,
    0x00, 0x00, 0x00, 0x00, 0x00, 0x00, 0x00, 0x00, 0x00, 0x00, 0x00, 0x00, 0x00, 0x00, 0x00, 0x00,
    0x00, 0x00, 0x00, 0x00, 0x00, 0x00, 0x00, 0x00, 0x00, 0x00, 0x00, 0x00, 0x00, 0x00, 0x00, 0x00,
    0x00, 0x00, 0x00, 0x00, 0x00, 0x00, 0x00, 0x00, 0x00, 0x00, 0x00, 0x00, 0x00, 0x00, 0x00, 0x00,
    0x00, 0x00, 0x00, 0x00, 0x00, 0x00, 0x00, 0x00, 0x00, 0x00, 0x00, 0x00, 0x00, 0x00, 0x00, 0x00,
    0x00, 0x00, 0x00, 0x00, 0x00, 0x00, 0x00, 0x00, 0x00, 0x00, 0x00, 0x00, 0x00, 0x00, 0x00, 0x00,
    0x00, 0x00, 0x00, 0x00, 0x00, 0x00, 0x00, 0x00, 0x00, 0x00, 0x00, 0x00, 0x00, 0x00, 0x00, 0x00,
    0x00, 0x00, 0x00, 0x00, 0x00, 0x00, 0x00, 0x00, 0x00, 0x00, 0x00, 0x00, 0x00, 0x00, 0x00, 0x00,
    0x00, 0x00, 0x00, 0x00, 0x00, 0x00, 0x00, 0x00, 0x00, 0x00, 0x00, 0x00, 0x00, 0x00, 0x00, 0x00,
    0x00, 0x00, 0x00, 0x00, 0x00, 0x00, 0x00, 0x00, 0x00, 0x00, 0x00, 0x00, 0x00, 0x00, 0x00, 0x00,
    0x00, 0x00, 0x00, 0x00, 0x00, 0x00, 0x00, 0x00, 0x00, 0x00, 0x00, 0x00, 0x00, 0x00, 0x00, 0x00,
    0x00, 0x00, 0x00, 0x00, 0x00, 0x00, 0x00, 0x00, 0x00, 0x00, 0x00, 0x00, 0x00, 0x00, 0x00, 0x00,
    0x00, 0x00, 0x00, 0x00, 0x00, 0x00, 0x00, 0x00, 0x00, 0x00, 0x00, 0x00, 0x00, 0x00, 0x00, 0x00,
    0x00, 0x00, 0x00, 0x00, 0x00, 0x00, 0x00, 0x00, 0x00, 0x00, 0x00, 0x00, 0x00, 0x00, 0x00, 0x00,
    0x00, 0x00, 0x00, 0x00, 0x00, 0x00, 0x00, 0x00, 0x00, 0x00, 0x00, 0x00, 0x00, 0x00, 0x00, 0x00,
    0x00, 0x00, 0x00, 0x00, 0x00, 0x00, 0x00, 0x00, 0x00, 0x00, 0x00, 0x00, 0x00, 0x00, 0x00, 0x00,
    0x00, 0x00, 0x00, 0x00, 0x00, 0x00, 0x00, 0x00, 0x00, 0x00, 0x00, 0x00, 0x00, 0x00, 0x00, 0x00,
    0x00, 0x00, 0x00, 0x00, 0x00, 0x00, 0x00, 0x00, 0x00, 0x00, 0x00, 0x00, 0x00, 0x00, 0x00, 0x00,
    0x00, 0x00, 0x00, 0x00, 0x00, 0x00, 0x00, 0x00, 0x00, 0x00, 0x00, 0x00, 0x00, 0x00, 0x00, 0x00,
    0x00, 0x00, 0x00, 0x00, 0x00, 0x00, 0x00, 0x00, 0x00, 0x00, 0x00, 0x00, 0x00, 0x00, 0x00, 0x00,
    0x00, 0x00, 0x00, 0x00, 0x00, 0x00, 0x00, 0x00, 0x00, 0x00, 0x00, 0x00, 0x00, 0x00, 0x00, 0x00,
    0x00, 0x00, 0x00, 0x00, 0x00, 0x00, 0x00, 0x00, 0x00, 0x00, 0x00, 0x00, 0x00, 0x00, 0x00, 0x00,
    0x00, 0x00, 0x00, 0x00, 0x00, 0x00, 0x00, 0x00, 0x00, 0x00, 0x00, 0x00, 0x00, 0x00, 0x00, 0x00,
    0x00, 0x00, 0x00, 0x00, 0x00, 0x00, 0x00, 0x00, 0x00, 0x00, 0x00, 0x00, 0x00, 0x00, 0x00, 0x00,
    0x00, 0x00, 0x00, 0x00, 0x00, 0x00, 0x00, 0x00, 0x00, 0x00, 0x00, 0x00, 0x00, 0x00, 0x00, 0x00,
    0x00, 0x00, 0x00, 0x00, 0x00, 0x00, 0x00, 0x00, 0x00, 0x00, 0x00, 0x00, 0x00, 0x00, 0x00, 0x00,
    0x00, 0x00, 0x00, 0x00, 0x00, 0x00, 0x00, 0x00, 0x00, 0x00, 0x00, 0x00, 0x00, 0x00, 0x00, 0x00,
    0x00, 0x00, 0x00, 0x00, 0x00, 0x00, 0x00, 0x00, 0x00, 0x00, 0x00, 0x00, 0x00, 0x00, 0x00, 0x00,
    0x00, 0x00, 0x00, 0x00, 0x00, 0x00, 0x00, 0x00, 0x00, 0x00, 0x00, 0x00, 0x00, 0x00, 0x00, 0x00,
    0x00, 0x00, 0x00, 0x00, 0x00, 0x00, 0x00, 0x00, 0x00, 0x00, 0x00, 0x00, 0x00, 0x00, 0x00, 0x00,
    0x00, 0x00, 0x00, 0x00, 0x00, 0x00, 0x00, 0x00, 0x00, 0x00, 0x00, 0x00, 0x00, 0x00, 0x00, 0x00,
    0x00, 0x00, 0x00, 0x00, 0x00, 0x00, 0x00, 0x00, 0x00, 0x00, 0x00, 0x00, 0x00, 0x00, 0x00, 0x00,
    0x00, 0x00, 0x00, 0x00, 0x00, 0x00, 0x00, 0x00, 0x00, 0x00, 0x00, 0x00, 0x00, 0x00, 0x00, 0x00,
    0x00, 0x00, 0x00, 0x00, 0x00, 0x00, 0x00, 0x00, 0x00, 0x00, 0x00, 0x00, 0x00, 0x00, 0x00, 0x00,
    0x00, 0x00, 0x00, 0x00, 0x00, 0x00, 0x00, 0x00, 0x00, 0x00, 0x00, 0x00, 0x00, 0x00, 0x00, 0x00,
    0x00, 0x00, 0x00, 0x00, 0x00, 0x00, 0x00, 0x00, 0x00, 0x00, 0x00, 0x00, 0x00, 0x00, 0x00, 0x00,
    0x00, 0x00, 0x00, 0x00, 0x00, 0x00, 0x00, 0x00, 0x00, 0x00, 0x00, 0x00, 0x00, 0x00, 0x00, 0x00,
    0x00, 0x00, 0x00, 0x00, 0x00, 0x00, 0x00, 0x00, 0x00, 0x00, 0x00, 0x00, 0x00, 0x00, 0x00, 0x00,
    0x00, 0x00, 0x00, 0x00, 0x00, 0x00, 0x00, 0x00, 0x00, 0x00, 0x00, 0x00, 0x00, 0x00, 0x00, 0x00,
    0x00, 0x00, 0x00, 0x00, 0x00, 0x00, 0x00, 0x00, 0x00, 0x00, 0x00, 0x00, 0x00, 0x00, 0x00, 0x00,
    0x00, 0x00, 0x00, 0x00, 0x00, 0x00, 0x00, 0x00, 0x00, 0x00, 0x00, 0x00, 0x00, 0x00, 0x00, 0x00,
    0x00, 0x00, 0x00, 0x00, 0x00, 0x00, 0x00, 0x00, 0x00, 0x00, 0x00, 0x00, 0x00, 0x00, 0x00, 0x00,
    0x00, 0x00, 0x00, 0x00, 0x00, 0x00, 0x00, 0x00, 0x00, 0x00, 0x00, 0x00, 0x00, 0x00, 0x00, 0x00,
    0x00, 0x00, 0x00, 0x00, 0x00, 0x00, 0x00, 0x00, 0x00, 0x00, 0x00, 0x00, 0x00, 0x00, 0x00, 0x00,
    0x00, 0x00, 0x00, 0x00, 0x00, 0x00, 0x00, 0x00, 0x00, 0x00, 0x00, 0x00, 0x00, 0x00, 0x00, 0x00,
    0x00, 0x00, 0x00, 0x00, 0x00, 0x00, 0x00, 0x00, 0x00, 0x00, 0x00, 0x00, 0x00, 0x00, 0x00, 0x00,
    0x00, 0x00, 0x00, 0x00, 0x00, 0x00, 0x00, 0x00, 0x00, 0x00, 0x00, 0x00, 0x00, 0x00, 0x00, 0x00,
    0x00, 0x00, 0x00, 0x00, 0x00, 0x00, 0x00, 0x00, 0x00, 0x00, 0x00, 0x00, 0x00, 0x00, 0x00, 0x00,
    0x00, 0x00, 0x00, 0x00, 0x00, 0x00, 0x00, 0x00, 0x00, 0x00, 0x00, 0x00, 0x00, 0x00, 0x00, 0x00,
    0x00, 0x00, 0x00, 0x00, 0x00, 0x00, 0x00, 0x00, 0x00, 0x00, 0x00, 0x00, 0x00, 0x00, 0x00, 0x00,
    0x00, 0x00, 0x00, 0x00, 0x00, 0x00, 0x00, 0x00, 0x00, 0x00, 0x00, 0x00, 0x00, 0x00, 0x00, 0x00,
    0x00, 0x00, 0x00, 0x00, 0x00, 0x00, 0x00, 0x00, 0x00, 0x00, 0x00, 0x00, 0x00, 0x00, 0x00, 0x00,
    0x00, 0x00, 0x00, 0x00, 0x00, 0x00, 0x00, 0x00, 0x00, 0x00, 0x00, 0x00, 0x00, 0x00, 0x00, 0x00,
    0x00, 0x00, 0x00, 0x00, 0x00, 0x00, 0x00, 0x00, 0x00, 0x00, 0x00, 0x00, 0x00, 0x00, 0x00, 0x00,
    0x00, 0x00, 0x00, 0x00, 0x00, 0x00, 0x00, 0x00, 0x00, 0x00, 0x00, 0x00, 0x00, 0x00, 0x00, 0x00,
    0x00, 0x00, 0x00, 0x00, 0x00, 0x00, 0x00, 0x00, 0x00, 0x00, 0x00, 0x00, 0x00, 0x00, 0x00, 0x00,
    0x00, 0x00, 0x00, 0x00, 0x00, 0x00, 0x00, 0x00, 0x00, 0x00, 0x00, 0x00, 0x00, 0x00, 0x00, 0x00,
    0x00, 0x00, 0x00, 0x00, 0x00, 0x00, 0x00, 0x00, 0x00, 0x00, 0x00, 0x00, 0x00, 0x00, 0x00, 0x00,
    0x00, 0x00, 0x00, 0x00, 0x00, 0x00, 0x00, 0x00, 0x00, 0x00, 0x00, 0x00, 0x00, 0x00, 0x00, 0x00,
    0x00, 0x00, 0x00, 0x00, 0x00, 0x00, 0x00, 0x00, 0x00, 0x00, 0x00, 0x00, 0x00, 0x00, 0x00, 0x00,
    0x00, 0x00, 0x00, 0x00, 0x00, 0x00, 0x00, 0x00, 0x00, 0x00, 0x00, 0x00, 0x00, 0x00, 0x00, 0x00,
    0x00, 0x00, 0x00, 0x00, 0x00, 0x00, 0x00, 0x00, 0x00, 0x00, 0x00, 0x00, 0x00, 0x00, 0x00, 0x00,
    0x00, 0x00, 0x00, 0x00, 0x00, 0x00, 0x00, 0x00, 0x00, 0x00, 0x00, 0x00, 0x00, 0x00, 0x00, 0x00,
    0x00, 0x00, 0x00, 0x00, 0x00, 0x00, 0x00, 0x00, 0x00, 0x00, 0x00, 0x00, 0x00, 0x00, 0x00, 0x00,
    0x00, 0x00, 0x00, 0x00, 0x00, 0x00, 0x00, 0x00, 0x00, 0x00, 0x00, 0x00, 0x00, 0x00, 0x00, 0x00,
    0x00, 0x00, 0x00, 0x00, 0x00, 0x00, 0x00, 0x00, 0x00, 0x00, 0x00, 0x00, 0x00, 0x00, 0x00, 0x00,
    0x00, 0x00, 0x00, 0x00, 0x00, 0x00, 0x00, 0x00, 0x00, 0x00, 0x00, 0x00, 0x00, 0x00, 0x00, 0x00,
    0x00, 0x00, 0x00, 0x00, 0x00, 0x00, 0x00, 0x00, 0x00, 0x00, 0x00, 0x00, 0x00, 0x00, 0x00, 0x00,
    0x00, 0x00, 0x00, 0x00, 0x00, 0x00, 0x00, 0x00, 0x00, 0x00, 0x00, 0x00, 0x00, 0x00, 0x00, 0x00,
    0x00, 0x00, 0x00, 0x00, 0x00, 0x00, 0x00, 0x00, 0x00, 0x00, 0x00, 0x00, 0x00, 0x00, 0x00, 0x00,
    0x00, 0x00, 0x00, 0x00, 0x00, 0x00, 0x00, 0x00, 0x00, 0x00, 0x00, 0x00, 0x00, 0x00, 0x00, 0x00,
    0x00, 0x00, 0x00, 0x00, 0x00, 0x00, 0x00, 0x00, 0x00, 0x00, 0x00, 0x00, 0x00, 0x00, 0x00, 0x00,
    0x00, 0x00, 0x00, 0x00, 0x00, 0x00, 0x00, 0x00, 0x00, 0x00, 0x00, 0x00, 0x00, 0x00, 0x00, 0x00,
    0x00, 0x00, 0x00, 0x00, 0x00, 0x00, 0x00, 0x00, 0x00, 0x00, 0x00, 0x00, 0x00, 0x00, 0x00, 0x00,
    0x00, 0x00, 0x00, 0x00, 0x00, 0x00, 0x00, 0x00, 0x00, 0x00, 0x00, 0x00, 0x00, 0x00, 0x00, 0x00,
    0x00, 0x00, 0x00, 0x00, 0x00, 0x00, 0x00, 0x00, 0x00, 0x00, 0x00, 0x00, 0x00, 0x00, 0x00, 0x00,
    0x00, 0x00, 0x00, 0x00, 0x00, 0x00, 0x00, 0x00, 0x00, 0x00, 0x00, 0x00, 0x00, 0x00, 0x00, 0x00,
    0x00, 0x00, 0x00, 0x00, 0x00, 0x00, 0x00, 0x00, 0x00, 0x00, 0x00, 0x00, 0x00, 0x00, 0x00, 0x00,
    0x00, 0x00, 0x00, 0x00, 0x00, 0x00, 0x00, 0x00, 0x00, 0x00, 0x00, 0x00, 0x00, 0x00, 0x00, 0x00,
    0x00, 0x00, 0x00, 0x00, 0x00, 0x00, 0x00, 0x00, 0x00, 0x00, 0x00, 0x00, 0x00, 0x00, 0x00, 0x00,
    0x00, 0x00, 0x00, 0x00, 0x00, 0x00, 0x00, 0x00, 0x00, 0x00, 0x00, 0x00, 0x00, 0x00, 0x00, 0x00,
    0x00, 0x00, 0x00, 0x00, 0x00, 0x00, 0x00, 0x00, 0x00, 0x00, 0x00, 0x00, 0x00, 0x00, 0x00, 0x00,
    0x00, 0x00, 0x00, 0x00, 0x00, 0x00, 0x00, 0x00, 0x00, 0x00, 0x00, 0x00, 0x00, 0x00, 0x00, 0x00,
    0x00, 0x00, 0x00, 0x00, 0x00, 0x00, 0x00, 0x00, 0x00, 0x00, 0x00, 0x00, 0x00, 0x00, 0x00, 0x00,
    0x00, 0x00, 0x00, 0x00, 0x00, 0x00, 0x00, 0x00, 0x00, 0x00, 0x00, 0x00, 0x00, 0x00, 0x00, 0x00,
    0x00, 0x00, 0x00, 0x00, 0x00, 0x00, 0x00, 0x00, 0x00, 0x00, 0x00, 0x00, 0x00, 0x00, 0x00, 0x00,
    0x00, 0x00, 0x00, 0x00, 0x00, 0x00, 0x00, 0x00, 0x00, 0x00, 0x00, 0x00, 0x00, 0x00, 0x00, 0x00,
    0x00, 0x00, 0x00, 0x00, 0x00, 0x00, 0x00, 0x00, 0x00, 0x00, 0x00, 0x00, 0x00, 0x00, 0x00, 0x00,
    0x00, 0x00, 0x00, 0x00, 0x00, 0x00, 0x00, 0x00, 0x00, 0x00, 0x00, 0x00, 0x00, 0x00, 0x00, 0x00,
    0x00, 0x00, 0x00, 0x00, 0x00, 0x00, 0x00, 0x00, 0x00, 0x00, 0x00, 0x00, 0x00, 0x00, 0x00, 0x00,
    0x00, 0x00, 0x00, 0x00, 0x00, 0x00, 0x00, 0x00, 0x00, 0x00, 0x00, 0x00, 0x00, 0x00, 0x00, 0x00,
    0x00, 0x00, 0x00, 0x00, 0x00, 0x00, 0x00, 0x00, 0x00, 0x00, 0x00, 0x00, 0x00, 0x00, 0x00, 0x00,
    0x00, 0x00, 0x00, 0x00, 0x00, 0x00, 0x00, 0x00, 0x00, 0x00, 0x00, 0x00, 0x00, 0x00, 0x00, 0x00,
    0x00, 0x00, 0x00, 0x00, 0x00, 0x00, 0x00, 0x00, 0x00, 0x00, 0x00, 0x00, 0x00, 0x00, 0x00, 0x00,
    0x00, 0x00, 0x00, 0x00, 0x00, 0x00, 0x00, 0x00, 0x00, 0x00, 0x00, 0x00, 0x00, 0x00, 0x00, 0x00,
    0x00, 0x00, 0x00, 0x00, 0x00, 0x00, 0x00, 0x00, 0x00, 0x00, 0x00, 0x00, 0x00, 0x00, 0x00, 0x00,
    0x00, 0x00, 0x00, 0x00, 0x00, 0x00, 0x00, 0x00, 0x00, 0x00, 0x00, 0x00, 0x00, 0x00, 0x00, 0x00,
    0x00, 0x00, 0x00, 0x00, 0x00, 0x00, 0x00, 0x00, 0x00, 0x00, 0x00, 0x00, 0x00, 0x00, 0x00, 0x00,
    0x00, 0x00, 0x00, 0x00, 0x00, 0x00, 0x00, 0x00, 0x00, 0x00, 0x00, 0x00, 0x00, 0x00, 0x00, 0x00,
    0x00, 0x00, 0x00, 0x00, 0x00, 0x00, 0x00, 0x00, 0x00, 0x00, 0x00, 0x00, 0x00, 0x00, 0x00, 0x00,
    0x00, 0x00, 0x00, 0x00, 0x00, 0x00, 0x00, 0x00, 0x00, 0x00, 0x00, 0x00, 0x00, 0x00, 0x00, 0x00,
    0x00, 0x00, 0x00, 0x00, 0x00, 0x00, 0x00, 0x00, 0x00, 0x00, 0x00, 0x00, 0x00, 0x00, 0x00, 0x00,
    0x00, 0x00, 0x00, 0x00, 0x00, 0x00, 0x00, 0x00, 0x00, 0x00, 0x00, 0x00, 0x00, 0x00, 0x00, 0x00,
    0x00, 0x00, 0x00, 0x00, 0x00, 0x00, 0x00, 0x00, 0x00, 0x00, 0x00, 0x00, 0x00, 0x00, 0x00, 0x00,
    0x00, 0x00, 0x00, 0x00, 0x00, 0x00, 0x00, 0x00, 0x00, 0x00, 0x00, 0x00, 0x00, 0x00, 0x00, 0x00,
    0x00, 0x00, 0x00, 0x00, 0x00, 0x00, 0x00, 0x00, 0x00, 0x00, 0x00, 0x00, 0x00, 0x00, 0x00, 0x00,
    0x00, 0x00, 0x00, 0x00, 0x00, 0x00, 0x00, 0x00, 0x00, 0x00, 0x00, 0x00, 0x00, 0x00, 0x00, 0x00,
    0x00, 0x00, 0x00, 0x00, 0x00, 0x00, 0x00, 0x00, 0x00, 0x00, 0x00, 0x00, 0x00, 0x00, 0x00, 0x00,
    0x00, 0x00, 0x00, 0x00, 0x00, 0x00, 0x00, 0x00, 0x00, 0x00, 0x00, 0x00, 0x00, 0x00, 0x00, 0x00,
    0x00, 0x00, 0x00, 0x00, 0x00, 0x00, 0x00, 0x00, 0x00, 0x00, 0x00, 0x00, 0x00, 0x00, 0x00, 0x00,
    0x00, 0x00, 0x00, 0x00, 0x00, 0x00, 0x00, 0x00, 0x00, 0x00, 0x00, 0x00, 0x00, 0x00, 0x00, 0x00,
    0x00, 0x00, 0x00, 0x00, 0x00, 0x00, 0x00, 0x00, 0x00, 0x00, 0x00, 0x00, 0x00, 0x00, 0x00, 0x00,
    0x00, 0x00, 0x00, 0x00, 0x00, 0x00, 0x00, 0x00, 0x00, 0x00, 0x00, 0x00, 0x00, 0x00, 0x00, 0x00,
    0x00, 0x00, 0x00, 0x00, 0x00, 0x00, 0x00, 0x00, 0x00, 0x00, 0x00, 0x00, 0x00, 0x00, 0x00, 0x00,
    0x00, 0x00, 0x00, 0x00, 0x00, 0x00, 0x00, 0x00, 0x00, 0x00, 0x00, 0x00, 0x00, 0x00, 0x00, 0x00,
    0x00, 0x00, 0x00, 0x00, 0x00, 0x00, 0x00, 0x00, 0x00, 0x00, 0x00, 0x00, 0x00, 0x00, 0x00, 0x00,
    0x00, 0x00, 0x00, 0x00, 0x00, 0x00, 0x00, 0x00, 0x00, 0x00, 0x00, 0x00, 0x00, 0x00, 0x00, 0x00,
    0x00, 0x00, 0x00, 0x00, 0x00, 0x00, 0x00, 0x00, 0x00, 0x00, 0x00, 0x00, 0x00, 0x00, 0x00, 0x00,
    0x00, 0x00, 0x00, 0x00, 0x00, 0x00, 0x00, 0x00, 0x00, 0x00, 0x00, 0x00, 0x00, 0x00, 0x00, 0x00,
    0x00, 0x00, 0x00, 0x00, 0x00, 0x00, 0x00, 0x00, 0x00, 0x00, 0x00, 0x00, 0x00, 0x00, 0x00, 0x00,
    0x00, 0x00, 0x00, 0x00, 0x00, 0x00, 0x00, 0x00, 0x00, 0x00, 0x00, 0x00, 0x00, 0x00, 0x00, 0x00,
    0x00, 0x00, 0x00, 0x00, 0x00, 0x00, 0x00, 0x00, 0x00, 0x00, 0x00, 0x00, 0x00, 0x00, 0x00, 0x00,
    0x00, 0x00, 0x00, 0x00, 0x00, 0x00, 0x00, 0x00, 0x00, 0x00, 0x00, 0x00, 0x00, 0x00, 0x00, 0x00,
    0x00, 0x00, 0x00, 0x00, 0x00, 0x00, 0x00, 0x00, 0x00, 0x00, 0x00, 0x00, 0x00, 0x00, 0x00, 0x00,
    0x00, 0x00, 0x00, 0x00, 0x00, 0x00, 0x00, 0x00, 0x00, 0x00, 0x00, 0x00, 0x00, 0x00, 0x00, 0x00,
    0x00, 0x00, 0x00, 0x00, 0x00, 0x00, 0x00, 0x00, 0x00, 0x00, 0x00, 0x00, 0x00, 0x00, 0x00, 0x00,
    0x00, 0x00, 0x00, 0x00, 0x00, 0x00, 0x00, 0x00, 0x00, 0x00, 0x00, 0x00, 0x00, 0x00, 0x00, 0x00,
    0x00, 0x00, 0x00, 0x00, 0x00, 0x00, 0x00, 0x00, 0x00, 0x00, 0x00, 0x00, 0x00, 0x00, 0x00, 0x00,
    0x00, 0x00, 0x00, 0x00, 0x00, 0x00, 0x00, 0x00, 0x00, 0x00, 0x00, 0x00, 0x00, 0x00, 0x00, 0x00,
    0x00, 0x00, 0x00, 0x00, 0x00, 0x00, 0x00, 0x00, 0x00, 0x00, 0x00, 0x00, 0x00, 0x00, 0x00, 0x00,
    0x00, 0x00, 0x00, 0x00, 0x00, 0x00, 0x00, 0x00, 0x00, 0x00, 0x00, 0x00, 0x00, 0x00, 0x00, 0x00,
    0x00, 0x00, 0x00, 0x00, 0x00, 0x00, 0x00, 0x00, 0x00, 0x00, 0x00, 0x00, 0x00, 0x00, 0x00, 0x00,
    0x00, 0x00, 0x00, 0x00, 0x00, 0x00, 0x00, 0x00, 0x00, 0x00, 0x00, 0x00, 0x00, 0x00, 0x00, 0x00,
    0x00, 0x00, 0x00, 0x00, 0x00, 0x00, 0x00, 0x00, 0x00, 0x00, 0x00, 0x00, 0x00, 0x00, 0x00, 0x00,
    0x00, 0x00, 0x00, 0x00, 0x00, 0x00, 0x00, 0x00, 0x00, 0x00, 0x00, 0x00, 0x00, 0x00, 0x00, 0x00,
    0x00, 0x00, 0x00, 0x00, 0x00, 0x00, 0x00, 0x00, 0x00, 0x00, 0x00, 0x00, 0x00, 0x00, 0x00, 0x00,
    0x00, 0x00, 0x00, 0x00, 0x00, 0x00, 0x00, 0x00, 0x00, 0x00, 0x00, 0x00, 0x00, 0x00, 0x00, 0x00,
    0x00, 0x00, 0x00, 0x00, 0x00, 0x00, 0x00, 0x00, 0x00, 0x00, 0x00, 0x00, 0x00, 0x00, 0x00, 0x00,
    0x00, 0x00, 0x00, 0x00, 0x00, 0x00, 0x00, 0x00, 0x00, 0x00, 0x00, 0x00, 0x00, 0x00, 0x00, 0x00,
    0x00, 0x00, 0x00, 0x00, 0x00, 0x00, 0x00, 0x00, 0x00, 0x00, 0x00, 0x00, 0x00, 0x00, 0x00, 0x00,
    0x00, 0x00, 0x00, 0x00, 0x00, 0x00, 0x00, 0x00, 0x00, 0x00, 0x00, 0x00, 0x00, 0x00, 0x00, 0x00,
    0x00, 0x00, 0x00, 0x00, 0x00, 0x00, 0x00, 0x00, 0x00, 0x00, 0x00, 0x00, 0x00, 0x00, 0x00, 0x00,
    0x00, 0x00, 0x00, 0x00, 0x00, 0x00, 0x00, 0x00, 0x00, 0x00, 0x00, 0x00, 0x00, 0x00, 0x00, 0x00,
    0x00, 0x00, 0x00, 0x00, 0x00, 0x00, 0x00, 0x00, 0x00, 0x00, 0x00, 0x00, 0x00, 0x00, 0x00, 0x00,
    0x00, 0x00, 0x00, 0x00, 0x00, 0x00, 0x00, 0x00, 0x00, 0x00, 0x00, 0x00, 0x00, 0x00, 0x00, 0x00,
    0x00, 0x00, 0x00, 0x00, 0x00, 0x00, 0x00, 0x00, 0x00, 0x00, 0x00, 0x00, 0x00, 0x00, 0x00, 0x00,
    0x00, 0x00, 0x00, 0x00, 0x00, 0x00, 0x00, 0x00, 0x00, 0x00, 0x00, 0x00, 0x00, 0x00, 0x00, 0x00,
    0x00, 0x00, 0x00, 0x00, 0x00, 0x00, 0x00, 0x00, 0x00, 0x00, 0x00, 0x00, 0x00, 0x00, 0x00, 0x00,
    0x00, 0x00, 0x00, 0x00, 0x00, 0x00, 0x00, 0x00, 0x00, 0x00, 0x00, 0x00, 0x00, 0x00, 0x00, 0x00,
    0x00, 0x00, 0x00, 0x00, 0x00, 0x00, 0x00, 0x00, 0x00, 0x00, 0x00, 0x00, 0x00, 0x00, 0x00, 0x00,
    0x00, 0x00, 0x00, 0x00, 0x00, 0x00, 0x00, 0x00, 0x00, 0x00, 0x00, 0x00, 0x00, 0x00, 0x00, 0x00,
    0x00, 0x00, 0x00, 0x00, 0x00, 0x00, 0x00, 0x00, 0x00, 0x00, 0x00, 0x00, 0x00, 0x00, 0x00, 0x00,
    0x00, 0x00, 0x00, 0x00, 0x00, 0x00, 0x00, 0x00, 0x00, 0x00, 0x00, 0x00, 0x00, 0x00, 0x00, 0x00,
    0x00, 0x00, 0x00, 0x00, 0x00, 0x00, 0x00, 0x00, 0x00, 0x00, 0x00, 0x00, 0x00, 0x00, 0x00, 0x00,
    0x00, 0x00, 0x00, 0x00, 0x00, 0x00, 0x00, 0x00, 0x00, 0x00, 0x00, 0x00, 0x00, 0x00, 0x00, 0x00,
    0x00, 0x00, 0x00, 0x00, 0x00, 0x00, 0x00, 0x00, 0x00, 0x00, 0x00, 0x00, 0x00, 0x00, 0x00, 0x00,
    0x00, 0x00, 0x00, 0x00, 0x00, 0x00, 0x00, 0x00, 0x00, 0x00, 0x00, 0x00, 0x00, 0x00, 0x00, 0x00,
    0x00, 0x00, 0x00, 0x00, 0x00, 0x00, 0x00, 0x00, 0x00, 0x00, 0x00, 0x00, 0x00, 0x00, 0x00, 0x00,
    0x00, 0x00, 0x00, 0x00, 0x00, 0x00, 0x00, 0x00, 0x00, 0x00, 0x00, 0x00, 0x00, 0x00, 0x00, 0x00,
    0x00, 0x00, 0x00, 0x00, 0x00, 0x00, 0x00, 0x00, 0x00, 0x00, 0x00, 0x00, 0x00, 0x00, 0x00, 0x00,
    0x00, 0x00, 0x00, 0x00, 0x00, 0x00, 0x00, 0x00, 0x00, 0x00, 0x00, 0x00, 0x00, 0x00, 0x00, 0x00,
    0x00, 0x00, 0x00, 0x00, 0x00, 0x00, 0x00, 0x00, 0x00, 0x00, 0x00, 0x00, 0x00, 0x00, 0x00, 0x00,
    0x00, 0x00, 0x00, 0x00, 0x00, 0x00, 0x00, 0x00, 0x00, 0x00, 0x00, 0x00, 0x00, 0x00, 0x00, 0x00,
    0x00, 0x00, 0x00, 0x00, 0x00, 0x00, 0x00, 0x00, 0x00, 0x00, 0x00, 0x00, 0x00, 0x00, 0x00, 0x00,
    0x00, 0x00, 0x00, 0x00, 0x00, 0x00, 0x00, 0x00, 0x00, 0x00, 0x00, 0x00, 0x00, 0x00, 0x00, 0x00,
    0x00, 0x00, 0x00, 0x00, 0x00, 0x00, 0x00, 0x00, 0x00, 0x00, 0x00, 0x00, 0x00, 0x00, 0x00, 0x00,
    0x00, 0x00, 0x00, 0x00, 0x00, 0x00, 0x00, 0x00, 0x00, 0x00, 0x00, 0x00, 0x00, 0x00, 0x00, 0x00,
    0x00, 0x00, 0x00, 0x00, 0x00, 0x00, 0x00, 0x00, 0x00, 0x00, 0x00, 0x00, 0x00, 0x00, 0x00, 0x00,
    0x00, 0x00, 0x00, 0x00, 0x00, 0x00, 0x00, 0x00, 0x00, 0x00, 0x00, 0x00, 0x00, 0x00, 0x00, 0x00,
    0x00, 0x00, 0x00, 0x00, 0x00, 0x00, 0x00, 0x00, 0x00, 0x00, 0x00, 0x00, 0x00, 0x00, 0x00, 0x00,
    0x00, 0x00, 0x00, 0x00, 0x00, 0x00, 0x00, 0x00, 0x00, 0x00, 0x00, 0x00, 0x00, 0x00, 0x00, 0x00,
    0x00, 0x00, 0x00, 0x00, 0x00, 0x00, 0x00, 0x00, 0x00, 0x00, 0x00, 0x00, 0x00, 0x00, 0x00, 0x00,
    0x00, 0x00, 0x00, 0x00, 0x00, 0x00, 0x00, 0x00, 0x00, 0x00, 0x00, 0x00, 0x00, 0x00, 0x00, 0x00,
    0x00, 0x00, 0x00, 0x00, 0x00, 0x00, 0x00, 0x00, 0x00, 0x00, 0x00, 0x00, 0x00, 0x00, 0x00, 0x00,
    0x00, 0x00, 0x00, 0x00, 0x00, 0x00, 0x00, 0x00, 0x00, 0x00, 0x00, 0x00, 0x00, 0x00, 0x00, 0x00,
    0x00, 0x00, 0x00, 0x00, 0x00, 0x00, 0x00, 0x00, 0x00, 0x00, 0x00, 0x00, 0x00, 0x00, 0x00, 0x00,
    0x00, 0x00, 0x00, 0x00, 0x00, 0x00, 0x00, 0x00, 0x00, 0x00, 0x00, 0x00, 0x00, 0x00, 0x00, 0x00,
    0x00, 0x00, 0x00, 0x00, 0x00, 0x00, 0x00, 0x00, 0x00, 0x00, 0x00, 0x00, 0x00, 0x00, 0x00, 0x00,
    0x00, 0x00, 0x00, 0x00, 0x00, 0x00, 0x00, 0x00, 0x00, 0x00, 0x00, 0x00, 0x00, 0x00, 0x00, 0x00,
    0x00, 0x00, 0x00, 0x00, 0x00, 0x00, 0x00, 0x00, 0x00, 0x00, 0x00, 0x00, 0x00, 0x00, 0x00, 0x00,
    0x00, 0x00, 0x00, 0x00, 0x00, 0x00, 0x00, 0x00, 0x00, 0x00, 0x00, 0x00, 0x00, 0x00, 0x00, 0x00,
    0x00, 0x00, 0x00, 0x00, 0x00, 0x00, 0x00, 0x00, 0x00, 0x00, 0x00, 0x00, 0x00, 0x00, 0x00, 0x00,
    0x00, 0x00, 0x00, 0x00, 0x00, 0x00, 0x00, 0x00, 0x00, 0x00, 0x00, 0x00, 0x00, 0x00, 0x00, 0x00,
    0x00, 0x00, 0x00, 0x00, 0x00, 0x00, 0x00, 0x00, 0x00, 0x00, 0x00, 0x00, 0x00, 0x00, 0x00, 0x00,
    0x00, 0x00, 0x00, 0x00, 0x00, 0x00, 0x00, 0x00, 0x00, 0x00, 0x00, 0x00, 0x00, 0x00, 0x00, 0x00,
    0x00, 0x00, 0x00, 0x00, 0x00, 0x00, 0x00, 0x00, 0x00, 0x00, 0x00, 0x00, 0x00, 0x00, 0x00, 0x00,
    0x00, 0x00, 0x00, 0x00, 0x00, 0x00, 0x00, 0x00, 0x00, 0x00, 0x00, 0x00, 0x00, 0x00, 0x00, 0x00,
    0x00, 0x00, 0x00, 0x00, 0x00, 0x00, 0x00, 0x00, 0x00, 0x00, 0x00, 0x00, 0x00, 0x00, 0x00, 0x00,
    0x00, 0x00, 0x00, 0x00, 0x00, 0x00, 0x00, 0x00, 0x00, 0x00, 0x00, 0x00, 0x00, 0x00, 0x00, 0x00,
    0x00, 0x00, 0x00, 0x00, 0x00, 0x00, 0x00, 0x00, 0x00, 0x00, 0x00, 0x00, 0x00, 0x00, 0x00, 0x00,
    0x00, 0x00, 0x00, 0x00, 0x00, 0x00, 0x00, 0x00, 0x00, 0x00, 0x00, 0x00, 0x00, 0x00, 0x00, 0x00,
    0x00, 0x00, 0x00, 0x00, 0x00, 0x00, 0x00, 0x00, 0x00, 0x00, 0x00, 0x00, 0x00, 0x00, 0x00, 0x00,
    0x00, 0x00, 0x00, 0x00, 0x00, 0x00, 0x00, 0x00, 0x00, 0x00, 0x00, 0x00, 0x00, 0x00, 0x00, 0x00,
    0x00, 0x00, 0x00, 0x00, 0x00, 0x00, 0x00, 0x00, 0x00, 0x00, 0x00, 0x00, 0x00, 0x00, 0x00, 0x00,
    0x00, 0x00, 0x00, 0x00, 0x00, 0x00, 0x00, 0x00, 0x00, 0x00, 0x00, 0x00, 0x00, 0x00, 0x00, 0x00,
    0x00, 0x00, 0x00, 0x00, 0x00, 0x00, 0x00, 0x00, 0x00, 0x00, 0x00, 0x00, 0x00, 0x00, 0x00, 0x00,
    0x00, 0x00, 0x00, 0x00, 0x00, 0x00, 0x00, 0x00, 0x00, 0x00, 0x00, 0x00, 0x00, 0x00, 0x00, 0x00,
    0x00, 0x00, 0x00, 0x00, 0x00, 0x00, 0x00, 0x00, 0x00, 0x00, 0x00, 0x00, 0x00, 0x00, 0x00, 0x00,
    0x00, 0x00, 0x00, 0x00, 0x00, 0x00, 0x00, 0x00, 0x00, 0x00, 0x00, 0x00, 0x00, 0x00, 0x00, 0x00,
    0x00, 0x00, 0x00, 0x00, 0x00, 0x00, 0x00, 0x00, 0x00, 0x00, 0x00, 0x00, 0x00, 0x00, 0x00, 0x00,
    0x00, 0x00, 0x00, 0x00, 0x00, 0x00, 0x00, 0x00, 0x00, 0x00, 0x00, 0x00, 0x00, 0x00, 0x00, 0x00,
    0x00, 0x00, 0x00, 0x00, 0x00, 0x00, 0x00, 0x00, 0x00, 0x00, 0x00, 0x00, 0x00, 0x00, 0x00, 0x00,
    0x00, 0x00, 0x00, 0x00, 0x00, 0x00, 0x00, 0x00, 0x00, 0x00, 0x00, 0x00, 0x00, 0x00, 0x00, 0x00,
    0x00, 0x00, 0x00, 0x00, 0x00, 0x00, 0x00, 0x00, 0x00, 0x00, 0x00, 0x00, 0x00, 0x00, 0x00, 0x00,
    0x00, 0x00, 0x00, 0x00, 0x00, 0x00, 0x00, 0x00, 0x00, 0x00, 0x00, 0x00, 0x00, 0x00, 0x00, 0x00,
    0x00, 0x00, 0x00, 0x00, 0x00, 0x00, 0x00, 0x00, 0x00, 0x00, 0x00, 0x00, 0x00, 0x00, 0x00, 0x00,
    0x00, 0x00, 0x00, 0x00, 0x00, 0x00, 0x00, 0x00, 0x00, 0x00, 0x00, 0x00, 0x00, 0x00, 0x00, 0x00,
    0x00, 0x00, 0x00, 0x00, 0x00, 0x00, 0x00, 0x00, 0x00, 0x00, 0x00, 0x00, 0x00, 0x00, 0x00, 0x00,
    0x00, 0x00, 0x00, 0x00, 0x00, 0x00, 0x00, 0x00, 0x00, 0x00, 0x00, 0x00, 0x00, 0x00, 0x00, 0x00,
    0x00, 0x00, 0x00, 0x00, 0x00, 0x00, 0x00, 0x00, 0x00, 0x00, 0x00, 0x00, 0x00, 0x00, 0x00, 0x00,
    0x00, 0x00, 0x00, 0x00, 0x00, 0x00, 0x00, 0x00, 0x00, 0x00, 0x00, 0x00, 0x00, 0x00, 0x00, 0x00,
    0x00, 0x00, 0x00, 0x00, 0x00, 0x00, 0x00, 0x00, 0x00, 0x00, 0x00, 0x00, 0x00, 0x00, 0x00, 0x00,
    0x00, 0x00, 0x00, 0x00, 0x00, 0x00, 0x00, 0x00, 0x00, 0x00, 0x00, 0x00, 0x00, 0x00, 0x00, 0x00,
    0x00, 0x00, 0x00, 0x00, 0x00, 0x00, 0x00, 0x00, 0x00, 0x00, 0x00, 0x00, 0x00, 0x00, 0x00, 0x00,
    0x00, 0x00, 0x00, 0x00, 0x00, 0x00, 0x00, 0x00, 0x00, 0x00, 0x00, 0x00, 0x00, 0x00, 0x00, 0x00,
    0x00, 0x00, 0x00, 0x00, 0x00, 0x00, 0x00, 0x00, 0x00, 0x00, 0x00, 0x00, 0x00, 0x00, 0x00, 0x00,
    0x00, 0x00, 0x00, 0x00, 0x00, 0x00, 0x00, 0x00, 0x00, 0x00, 0x00, 0x00, 0x00, 0x00, 0x00, 0x00,
    0x00, 0x00, 0x00, 0x00, 0x00, 0x00, 0x00, 0x00, 0x00, 0x00, 0x00, 0x00, 0x00, 0x00, 0x00, 0x00,
    0x00, 0x00, 0x00, 0x00, 0x00, 0x00, 0x00, 0x00, 0x00, 0x00, 0x00, 0x00, 0x00, 0x00, 0x00, 0x00,
    0x00, 0x00, 0x00, 0x00, 0x00, 0x00, 0x00, 0x00, 0x00, 0x00, 0x00, 0x00, 0x00, 0x00, 0x00, 0x00,
    0x00, 0x00, 0x00, 0x00, 0x00, 0x00, 0x00, 0x00, 0x00, 0x00, 0x00, 0x00, 0x00, 0x00, 0x00, 0x00,
    0x00, 0x00, 0x00, 0x00, 0x00, 0x00, 0x00, 0x00, 0x00, 0x00, 0x00, 0x00, 0x00, 0x00, 0x00, 0x00,
    0x00, 0x00, 0x00, 0x00, 0x00, 0x00, 0x00, 0x00, 0x00, 0x00, 0x00, 0x00, 0x00, 0x00, 0x00, 0x00,
    0x00, 0x00, 0x00, 0x00, 0x00, 0x00, 0x00, 0x00, 0x00, 0x00, 0x00, 0x00, 0x00, 0x00, 0x00, 0x00,
    0x00, 0x00, 0x00, 0x00, 0x00, 0x00, 0x00, 0x00, 0x00, 0x00, 0x00, 0x00, 0x00, 0x00, 0x00, 0x00,
    0x00, 0x00, 0x00, 0x00, 0x00, 0x00, 0x00, 0x00, 0x00, 0x00, 0x00, 0x00, 0x00, 0x00, 0x00, 0x00,
    0x00, 0x00, 0x00, 0x00, 0x00, 0x00, 0x00, 0x00, 0x00, 0x00, 0x00, 0x00, 0x00, 0x00, 0x00, 0x00,
    0x00, 0x00, 0x00, 0x00, 0x00, 0x00, 0x00, 0x00, 0x00, 0x00, 0x00, 0x00, 0x00, 0x00, 0x00, 0x00,
    0x00, 0x00, 0x00, 0x00, 0x00, 0x00, 0x00, 0x00, 0x00, 0x00, 0x00, 0x00, 0x00, 0x00, 0x00, 0x00,
    0x00, 0x00, 0x00, 0x00, 0x00, 0x00, 0x00, 0x00, 0x00, 0x00, 0x00, 0x00, 0x00, 0x00, 0x00, 0x00,
    0x00, 0x00, 0x00, 0x00, 0x00, 0x00, 0x00, 0x00, 0x00, 0x00, 0x00, 0x00, 0x00, 0x00, 0x00, 0x00,
    0x00, 0x00, 0x00, 0x00, 0x00, 0x00, 0x00, 0x00, 0x00, 0x00, 0x00, 0x00, 0x00, 0x00, 0x00, 0x00,
    0x00, 0x00, 0x00, 0x00, 0x00, 0x00, 0x00, 0x00, 0x00, 0x00, 0x00, 0x00, 0x00, 0x00, 0x00, 0x00,
    0x00, 0x00, 0x00, 0x00, 0x00, 0x00, 0x00, 0x00, 0x00, 0x00, 0x00, 0x00, 0x00, 0x00, 0x00, 0x00,
    0x00, 0x00, 0x00, 0x00, 0x00, 0x00, 0x00, 0x00, 0x00, 0x00, 0x00, 0x00, 0x00, 0x00, 0x00, 0x00,
    0x00, 0x00, 0x00, 0x00, 0x00, 0x00, 0x00, 0x00, 0x00, 0x00, 0x00, 0x00, 0x00, 0x00, 0x00, 0x00,
    0x00, 0x00, 0x00, 0x00, 0x00, 0x00, 0x00, 0x00, 0x00, 0x00, 0x00, 0x00, 0x00, 0x00, 0x00, 0x00,
    0x00, 0x00, 0x00, 0x00, 0x00, 0x00, 0x00, 0x00, 0x00, 0x00, 0x00, 0x00, 0x00, 0x00, 0x00, 0x00,
    0x00, 0x00, 0x00, 0x00, 0x00, 0x00, 0x00, 0x00, 0x00, 0x00, 0x00, 0x00, 0x00, 0x00, 0x00, 0x00,
    0x00, 0x00, 0x00, 0x00, 0x00, 0x00, 0x00, 0x00, 0x00, 0x00, 0x00, 0x00, 0x00, 0x00, 0x00, 0x00,
    0x00, 0x00, 0x00, 0x00, 0x00, 0x00, 0x00, 0x00, 0x00, 0x00, 0x00, 0x00, 0x00, 0x00, 0x00, 0x00,
    0x00, 0x00, 0x00, 0x00, 0x00, 0x00, 0x00, 0x00, 0x00, 0x00, 0x00, 0x00, 0x00, 0x00, 0x00, 0x00,
    0x00, 0x00, 0x00, 0x00, 0x00, 0x00, 0x00, 0x00, 0x00, 0x00, 0x00, 0x00, 0x00, 0x00, 0x00, 0x00,
    0x00, 0x00, 0x00, 0x00, 0x00, 0x00, 0x00, 0x00, 0x00, 0x00, 0x00, 0x00, 0x00, 0x00, 0x00, 0x00,
    0x00, 0x00, 0x00, 0x00, 0x00, 0x00, 0x00, 0x00, 0x00, 0x00, 0x00, 0x00, 0x00, 0x00, 0x00, 0x00,
    0x00, 0x00, 0x00, 0x00, 0x00, 0x00, 0x00, 0x00, 0x00, 0x00, 0x00, 0x00, 0x00, 0x00, 0x00, 0x00,
    0x00, 0x00, 0x00, 0x00, 0x00, 0x00, 0x00, 0x00, 0x00, 0x00, 0x00, 0x00, 0x00, 0x00, 0x00, 0x00,
    0x00, 0x00, 0x00, 0x00, 0x00, 0x00, 0x00, 0x00, 0x00, 0x00, 0x00, 0x00, 0x00, 0x00, 0x00, 0x00,
    0x00, 0x00, 0x00, 0x00, 0x00, 0x00, 0x00, 0x00, 0x00, 0x00, 0x00, 0x00, 0x00, 0x00, 0x00, 0x00,
    0x00, 0x00, 0x00, 0x00, 0x00, 0x00, 0x00, 0x00, 0x00, 0x00, 0x00, 0x00, 0x00, 0x00, 0x00, 0x00,
    0x00, 0x00, 0x00, 0x00, 0x00, 0x00, 0x00, 0x00, 0x00, 0x00, 0x00, 0x00, 0x00, 0x00, 0x00, 0x00,
    0x00, 0x00, 0x00, 0x00, 0x00, 0x00, 0x00, 0x00, 0x00, 0x00, 0x00, 0x00, 0x00, 0x00, 0x00, 0x00,
    0x00, 0x00, 0x00, 0x00, 0x00, 0x00, 0x00, 0x00, 0x00, 0x00, 0x00, 0x00, 0x00, 0x00, 0x00, 0x00,
    0x00, 0x00, 0x00, 0x00, 0x00, 0x00, 0x00, 0x00, 0x00, 0x00, 0x00, 0x00, 0x00, 0x00, 0x00, 0x00,
    0x00, 0x00, 0x00, 0x00, 0x00, 0x00, 0x00, 0x00, 0x00, 0x00, 0x00, 0x00, 0x00, 0x00, 0x00, 0x00,
    0x00, 0x00, 0x00, 0x00, 0x00, 0x00, 0x00, 0x00, 0x00, 0x00, 0x00, 0x00, 0x00, 0x00, 0x00, 0x00,
    0x00, 0x00, 0x00, 0x00, 0x00, 0x00, 0x00, 0x00, 0x00, 0x00, 0x00, 0x00, 0x00, 0x00, 0x00, 0x00,
    0x00, 0x00, 0x00, 0x00, 0x00, 0x00, 0x00, 0x00, 0x00, 0x00, 0x00, 0x00, 0x00, 0x00, 0x00, 0x00,
    0x00, 0x00, 0x00, 0x00, 0x00, 0x00, 0x00, 0x00, 0x00, 0x00, 0x00, 0x00, 0x00, 0x00, 0x00, 0x00,
    0x00, 0x00, 0x00, 0x00, 0x00, 0x00, 0x00, 0x00, 0x00, 0x00, 0x00, 0x00, 0x00, 0x00, 0x00, 0x00,
    0x00, 0x00, 0x00, 0x00, 0x00, 0x00, 0x00, 0x00, 0x00, 0x00, 0x00, 0x00, 0x00, 0x00, 0x00, 0x00,
    0x00, 0x00, 0x00, 0x00, 0x00, 0x00, 0x00, 0x00, 0x00, 0x00, 0x00, 0x00, 0x00, 0x00, 0x00, 0x00,
    0x00, 0x00, 0x00, 0x00, 0x00, 0x00, 0x00, 0x00, 0x00, 0x00, 0x00, 0x00, 0x00, 0x00, 0x00, 0x00,
    0x00, 0x00, 0x00, 0x00, 0x00, 0x00, 0x00, 0x00, 0x00, 0x00, 0x00, 0x00, 0x00, 0x00, 0x00, 0x00,
    0x00, 0x00, 0x00, 0x00, 0x00, 0x00, 0x00, 0x00, 0x00, 0x00, 0x00, 0x00, 0x00, 0x00, 0x00, 0x00,
    0x00, 0x00, 0x00, 0x00, 0x00, 0x00, 0x00, 0x00, 0x00, 0x00, 0x00, 0x00, 0x00, 0x00, 0x00, 0x00,
    0x00, 0x00, 0x00, 0x00, 0x00, 0x00, 0x00, 0x00, 0x00, 0x00, 0x00, 0x00, 0x00, 0x00, 0x00, 0x00,
    0x00, 0x00, 0x00, 0x00, 0x00, 0x00, 0x00, 0x00, 0x00, 0x00, 0x00, 0x00, 0x00, 0x00, 0x00, 0x00,
    0x00, 0x00, 0x00, 0x00, 0x00, 0x00, 0x00, 0x00, 0x00, 0x00, 0x00, 0x00, 0x00, 0x00, 0x00, 0x00,
    0x00, 0x00, 0x00, 0x00, 0x00, 0x00, 0x00, 0x00, 0x00, 0x00, 0x00, 0x00, 0x00, 0x00, 0x00, 0x00,
    0x00, 0x00, 0x00, 0x00, 0x00, 0x00, 0x00, 0x00, 0x00, 0x00, 0x00, 0x00, 0x00, 0x00, 0x00, 0x00,
    0x00, 0x00, 0x00, 0x00, 0x00, 0x00, 0x00, 0x00, 0x00, 0x00, 0x00, 0x00, 0x00, 0x00, 0x00, 0x00,
    0x00, 0x00, 0x00, 0x00, 0x00, 0x00, 0x00, 0x00, 0x00, 0x00, 0x00, 0x00, 0x00, 0x00, 0x00, 0x00,
    0x00, 0x00, 0x00, 0x00, 0x00, 0x00, 0x00, 0x00, 0x00, 0x00, 0x00, 0x00, 0x00, 0x00, 0x00, 0x00,
    0x00, 0x00, 0x00, 0x00, 0x00, 0x00, 0x00, 0x00, 0x00, 0x00, 0x00, 0x00, 0x00, 0x00, 0x00, 0x00,
    0x00, 0x00, 0x00, 0x00, 0x00, 0x00, 0x00, 0x00, 0x00, 0x00, 0x00, 0x00, 0x00, 0x00, 0x00, 0x00,
    0x00, 0x00, 0x00, 0x00, 0x00, 0x00, 0x00, 0x00, 0x00, 0x00, 0x00, 0x00, 0x00, 0x00, 0x00, 0x00,
    0x00, 0x00, 0x00, 0x00, 0x00, 0x00, 0x00, 0x00, 0x00, 0x00, 0x00, 0x00, 0x00, 0x00, 0x00, 0x00,
    0x00, 0x00, 0x00, 0x00, 0x00, 0x00, 0x00, 0x00, 0x00, 0x00, 0x00, 0x00, 0x00, 0x00, 0x00, 0x00,
    0x00, 0x00, 0x00, 0x00, 0x00, 0x00, 0x00, 0x00, 0x00, 0x00, 0x00, 0x00, 0x00, 0x00, 0x00, 0x00,
    0x00, 0x00, 0x00, 0x00, 0x00, 0x00, 0x00, 0x00, 0x00, 0x00, 0x00, 0x00, 0x00, 0x00, 0x00, 0x00,
    0x00, 0x00, 0x00, 0x00, 0x00, 0x00, 0x00, 0x00, 0x00, 0x00, 0x00, 0x00, 0x00, 0x00, 0x00, 0x00,
    0x00, 0x00, 0x00, 0x00, 0x00, 0x00, 0x00, 0x00, 0x00, 0x00, 0x00, 0x00, 0x00, 0x00, 0x00, 0x00,
    0x00, 0x00, 0x00, 0x00, 0x00, 0x00, 0x00, 0x00, 0x00, 0x00, 0x00, 0x00, 0x00, 0x00, 0x00, 0x00,
    0x00, 0x00, 0x00, 0x00, 0x00, 0x00, 0x00, 0x00, 0x00, 0x00, 0x00, 0x00, 0x00, 0x00, 0x00, 0x00,
    0x00, 0x00, 0x00, 0x00, 0x00, 0x00, 0x00, 0x00, 0x00, 0x00, 0x00, 0x00, 0x00, 0x00, 0x00, 0x00,
    0x00, 0x00, 0x00, 0x00, 0x00, 0x00, 0x00, 0x00, 0x00, 0x00, 0x00, 0x00, 0x00, 0x00, 0x00, 0x00,
    0x00, 0x00, 0x00, 0x00, 0x00, 0x00, 0x00, 0x00, 0x00, 0x00, 0x00, 0x00, 0x00, 0x00, 0x00, 0x00,
    0x00, 0x00, 0x00, 0x00, 0x00, 0x00, 0x00, 0x00, 0x00, 0x00, 0x00, 0x00, 0x00, 0x00, 0x00, 0x00,
    0x00, 0x00, 0x00, 0x00, 0x00, 0x00, 0x00, 0x00, 0x00, 0x00, 0x00, 0x00, 0x00, 0x00, 0x00, 0x00,
    0x00, 0x00, 0x00, 0x00, 0x00, 0x00, 0x00, 0x00, 0x00, 0x00, 0x00, 0x00, 0x00, 0x00, 0x00, 0x00,
    0x00, 0x00, 0x00, 0x00, 0x00, 0x00, 0x00, 0x00, 0x00, 0x00, 0x00, 0x00, 0x00, 0x00, 0x00, 0x00,
    0x00, 0x00, 0x00, 0x00, 0x00, 0x00, 0x00, 0x00, 0x00, 0x00, 0x00, 0x00, 0x00, 0x00, 0x00, 0x00,
    0x00, 0x00, 0x00, 0x00, 0x00, 0x00, 0x00, 0x00, 0x00, 0x00, 0x00, 0x00, 0x00, 0x00, 0x00, 0x00,
    0x00, 0x00, 0x00, 0x00, 0x00, 0x00, 0x00, 0x00, 0x00, 0x00, 0x00, 0x00, 0x00, 0x00, 0x00, 0x00,
    0x00, 0x00, 0x00, 0x00, 0x00, 0x00, 0x00, 0x00, 0x00, 0x00, 0x00, 0x00, 0x00, 0x00, 0x00, 0x00,
    0x00, 0x00, 0x00, 0x00, 0x00, 0x00, 0x00, 0x00, 0x00, 0x00, 0x00, 0x00, 0x00, 0x00, 0x00, 0x00,
    0x00, 0x00, 0x00, 0x00, 0x00, 0x00, 0x00, 0x00, 0x00, 0x00, 0x00, 0x00, 0x00, 0x00, 0x00, 0x00,
    0x00, 0x00, 0x00, 0x00, 0x00, 0x00, 0x00, 0x00, 0x00, 0x00, 0x00, 0x00, 0x00, 0x00, 0x00, 0x00,
    0x00, 0x00, 0x00, 0x00, 0x00, 0x00, 0x00, 0x00, 0x00, 0x00, 0x00, 0x00, 0x00, 0x00, 0x00, 0x00,
    0x00, 0x00, 0x00, 0x00, 0x00, 0x00, 0x00, 0x00, 0x00, 0x00, 0x00, 0x00, 0x00, 0x00, 0x00, 0x00,
    0x00, 0x00, 0x00, 0x00, 0x00, 0x00, 0x00, 0x00, 0x00, 0x00, 0x00, 0x00, 0x00, 0x00, 0x00, 0x00,
    0x00, 0x00, 0x00, 0x00, 0x00, 0x00, 0x00, 0x00, 0x00, 0x00, 0x00, 0x00, 0x00, 0x00, 0x00, 0x00,
    0x00, 0x00, 0x00, 0x00, 0x00, 0x00, 0x00, 0x00, 0x00, 0x00, 0x00, 0x00, 0x00, 0x00, 0x00, 0x00,
    0x00, 0x00, 0x00, 0x00, 0x00, 0x00, 0x00, 0x00, 0x00, 0x00, 0x00, 0x00, 0x00, 0x00, 0x00, 0x00,
    0x00, 0x00, 0x00, 0x00, 0x00, 0x00, 0x00, 0x00, 0x00, 0x00, 0x00, 0x00, 0x00, 0x00, 0x00, 0x00,
    0x00, 0x00, 0x00, 0x00, 0x00, 0x00, 0x00, 0x00, 0x00, 0x00, 0x00, 0x00, 0x00, 0x00, 0x00, 0x00,
    0x00, 0x00, 0x00, 0x00, 0x00, 0x00, 0x00, 0x00, 0x00, 0x00, 0x00, 0x00, 0x00, 0x00, 0x00, 0x00,
    0x00, 0x00, 0x00, 0x00, 0x00, 0x00, 0x00, 0x00, 0x00, 0x00, 0x00, 0x00, 0x00, 0x00, 0x00, 0x00,
    0x00, 0x00, 0x00, 0x00, 0x00, 0x00, 0x00, 0x00, 0x00, 0x00, 0x00, 0x00, 0x00, 0x00, 0x00, 0x00,
    0x00, 0x00, 0x00, 0x00, 0x00, 0x00, 0x00, 0x00, 0x00, 0x00, 0x00, 0x00, 0x00, 0x00, 0x00, 0x00,
    0x00, 0x00, 0x00, 0x00, 0x00, 0x00, 0x00, 0x00, 0x00, 0x00, 0x00, 0x00, 0x00, 0x00, 0x00, 0x00,
    0x00, 0x00, 0x00, 0x00, 0x00, 0x00, 0x00, 0x00, 0x00, 0x00, 0x00, 0x00, 0x00, 0x00, 0x00, 0x00,
    0x00, 0x00, 0x00, 0x00, 0x00, 0x00, 0x00, 0x00, 0x00, 0x00, 0x00, 0x00, 0x00, 0x00, 0x00, 0x00,
    0x00, 0x00, 0x00, 0x00, 0x00, 0x00, 0x00, 0x00, 0x00, 0x00, 0x00, 0x00, 0x00, 0x00, 0x00, 0x00,
    0x00, 0x00, 0x00, 0x00, 0x00, 0x00, 0x00, 0x00, 0x00, 0x00, 0x00, 0x00, 0x00, 0x00, 0x00, 0x00,
    0x00, 0x00, 0x00, 0x00, 0x00, 0x00, 0x00, 0x00, 0x00, 0x00, 0x00, 0x00, 0x00, 0x00, 0x00, 0x00,
    0x00, 0x00, 0x00, 0x00, 0x00, 0x00, 0x00, 0x00, 0x00, 0x00, 0x00, 0x00, 0x00, 0x00, 0x00, 0x00,
    0x00, 0x00, 0x00, 0x00, 0x00, 0x00, 0x00, 0x00, 0x00, 0x00, 0x00, 0x00, 0x00, 0x00, 0x00, 0x00,
    0x00, 0x00, 0x00, 0x00, 0x00, 0x00, 0x00, 0x00, 0x00, 0x00, 0x00, 0x00, 0x00, 0x00, 0x00, 0x00,
    0x00, 0x00, 0x00, 0x00, 0x00, 0x00, 0x00, 0x00, 0x00, 0x00, 0x00, 0x00, 0x00, 0x00, 0x00, 0x00,
    0x00, 0x00, 0x00, 0x00, 0x00, 0x00, 0x00, 0x00, 0x00, 0x00, 0x00, 0x00, 0x00, 0x00, 0x00, 0x00,
    0x00, 0x00, 0x00, 0x00, 0x00, 0x00, 0x00, 0x00, 0x00, 0x00, 0x00, 0x00, 0x00, 0x00, 0x00, 0x00,
    0x00, 0x00, 0x00, 0x00, 0x00, 0x00, 0x00, 0x00, 0x00, 0x00, 0x00, 0x00, 0x00, 0x00, 0x00, 0x00,
    0x00, 0x00, 0x00, 0x00, 0x00, 0x00, 0x00, 0x00, 0x00, 0x00, 0x00, 0x00, 0x00, 0x00, 0x00, 0x00,
    0x00, 0x00, 0x00, 0x00, 0x00, 0x00, 0x00, 0x00, 0x00, 0x00, 0x00, 0x00, 0x00, 0x00, 0x00, 0x00,
    0x00, 0x00, 0x00, 0x00, 0x00, 0x00, 0x00, 0x00, 0x00, 0x00, 0x00, 0x00, 0x00, 0x00, 0x00, 0x00,
    0x00, 0x00, 0x00, 0x00, 0x00, 0x00, 0x00, 0x00, 0x00, 0x00, 0x00, 0x00, 0x00, 0x00, 0x00, 0x00,
    0x00, 0x00, 0x00, 0x00, 0x00, 0x00, 0x00, 0x00, 0x00, 0x00, 0x00, 0x00, 0x00, 0x00, 0x00, 0x00,
    0x00, 0x00, 0x00, 0x00, 0x00, 0x00, 0x00, 0x00, 0x00, 0x00, 0x00, 0x00, 0x00, 0x00, 0x00, 0x00,
    0x00, 0x00, 0x00, 0x00, 0x00, 0x00, 0x00, 0x00, 0x00, 0x00, 0x00, 0x00, 0x00, 0x00, 0x00, 0x00,
    0x00, 0x00, 0x00, 0x00, 0x00, 0x00, 0x00, 0x00, 0x00, 0x00, 0x00, 0x00, 0x00, 0x00, 0x00, 0x00,
    0x00, 0x00, 0x00, 0x00, 0x00, 0x00, 0x00, 0x00, 0x00, 0x00, 0x00, 0x00, 0x00, 0x00, 0x00, 0x00,
    0x00, 0x00, 0x00, 0x00, 0x00, 0x00, 0x00, 0x00, 0x00, 0x00, 0x00, 0x00, 0x00, 0x00, 0x00, 0x00,
    0x00, 0x00, 0x00, 0x00, 0x00, 0x00, 0x00, 0x00, 0x00, 0x00, 0x00, 0x00, 0x00, 0x00, 0x00, 0x00,
    0x00, 0x00, 0x00, 0x00, 0x00, 0x00, 0x00, 0x00, 0x00, 0x00, 0x00, 0x00, 0x00, 0x00, 0x00, 0x00,
    0x00, 0x00, 0x00, 0x00, 0x00, 0x00, 0x00, 0x00, 0x00, 0x00, 0x00, 0x00, 0x00, 0x00, 0x00, 0x00,
    0x00, 0x00, 0x00, 0x00, 0x00, 0x00, 0x00, 0x00, 0x00, 0x00, 0x00, 0x00, 0x00, 0x00, 0x00, 0x00,
    0x00, 0x00, 0x00, 0x00, 0x00, 0x00, 0x00, 0x00, 0x00, 0x00, 0x00, 0x00, 0x00, 0x00, 0x00, 0x00,
    0x00, 0x00, 0x00, 0x00, 0x00, 0x00, 0x00, 0x00, 0x00, 0x00, 0x00, 0x00, 0x00, 0x00, 0x00, 0x00,
    0x00, 0x00, 0x00, 0x00, 0x00, 0x00, 0x00, 0x00, 0x00, 0x00, 0x00, 0x00, 0x00, 0x00, 0x00, 0x00,
    0x00, 0x00, 0x00, 0x00, 0x00, 0x00, 0x00, 0x00, 0x00, 0x00, 0x00, 0x00, 0x00, 0x00, 0x00, 0x00,
    0x00, 0x00, 0x00, 0x00, 0x00, 0x00, 0x00, 0x00, 0x00, 0x00, 0x00, 0x00, 0x00, 0x00, 0x00, 0x00
};

const lv_image_dsc_t pet_cat_happy_07 = {
    .header = {
        .magic = LV_IMAGE_HEADER_MAGIC,
        .cf = LV_COLOR_FORMAT_ARGB8888,
        .flags = 0,
        .w = 128,
        .h = 128,
        .stride = 512,
    },
    .data_size = 65536,
    .data = pet_cat_happy_07_map,
};
