/* Auto-generated — do not edit */
#include <lvgl/lvgl.h>

static const uint8_t pet_cat_walk_10_map[] = {
    0x00, 0x00, 0x00, 0x00, 0x00, 0x00, 0x00, 0x00, 0x00, 0x00, 0x00, 0x00, 0x00, 0x00, 0x00, 0x00,
    0x00, 0x00, 0x00, 0x00, 0x00, 0x00, 0x00, 0x00, 0x00, 0x00, 0x00, 0x00, 0x00, 0x00, 0x00, 0x00,
    0x00, 0x00, 0x00, 0x00, 0x00, 0x00, 0x00, 0x00, 0x00, 0x00, 0x00, 0x00, 0x00, 0x00, 0x00, 0x00,
    0x00, 0x00, 0x00, 0x00, 0x00, 0x00, 0x00, 0x00, 0x00, 0x00, 0x00, 0x00, 0x00, 0x00, 0x00, 0x00,
    0x00, 0x00, 0x00, 0x00, 0x00, 0x00, 0x00, 0x00, 0x00, 0x00, 0x00, 0x00, 0x00, 0x00, 0x00, 0x00,
    0x00, 0x00, 0x00, 0x00, 0x00, 0x00, 0x00, 0x00, 0x00, 0x00, 0x00, 0x00, 0x00, 0x00, 0x00, 0x00,
    0x00, 0x00, 0x00, 0x00, 0x00, 0x00, 0x00, 0x00, 0x00, 0x00, 0x00, 0x00, 0x00, 0x00, 0x00, 0x00,
    0x00, 0x00, 0x00, 0x00, 0x00, 0x00, 0x00, 0x00, 0x00, 0x00, 0x00, 0x00, 0x00, 0x00, 0x00, 0x00,
    0x00, 0x00, 0x00, 0x00, 0x00, 0x00, 0x00, 0x00, 0x00, 0x00, 0x00, 0x00, 0x00, 0x00, 0x00, 0x00,
    0x00, 0x00, 0x00, 0x00, 0x00, 0x00, 0x00, 0x00, 0x00, 0x00, 0x00, 0x00, 0x00, 0x00, 0x00, 0x00,
    0x00, 0x00, 0x00, 0x00, 0x00, 0x00, 0x00, 0x00, 0x00, 0x00, 0x00, 0x00, 0x00, 0x00, 0x00, 0x00,
    0x00, 0x00, 0x00, 0x00, 0x00, 0x00, 0x00, 0x00, 0x00, 0x00, 0x00, 0x00, 0x00, 0x00, 0x00, 0x00,
    0x00, 0x00, 0x00, 0x00, 0x00, 0x00, 0x00, 0x00, 0x00, 0x00, 0x00, 0x00, 0x00, 0x00, 0x00, 0x00,
    0x00, 0x00, 0x00, 0x00, 0x00, 0x00, 0x00, 0x00, 0x00, 0x00, 0x00, 0x00, 0x00, 0x00, 0x00, 0x00,
    0x00, 0x00, 0x00, 0x00, 0x00, 0x00, 0x00, 0x00, 0x00, 0x00, 0x00, 0x00, 0x00, 0x00, 0x00, 0x00,
    0x00, 0x00, 0x00, 0x00, 0x00, 0x00, 0x00, 0x00, 0x00, 0x00, 0x00, 0x00, 0x00, 0x00, 0x00, 0x00,
    0x00, 0x00, 0x00, 0x00, 0x00, 0x00, 0x00, 0x00, 0x00, 0x00, 0x00, 0x00, 0x00, 0x00, 0x00, 0x00,
    0x00, 0x00, 0x00, 0x00, 0x00, 0x00, 0x00, 0x00, 0x00, 0x00, 0x00, 0x00, 0x00, 0x00, 0x00, 0x00,
    0x00, 0x00, 0x00, 0x00, 0x00, 0x00, 0x00, 0x00, 0x00, 0x00, 0x00, 0x00, 0x00, 0x00, 0x00, 0x00,
    0x00, 0x00, 0x00, 0x00, 0x00, 0x00, 0x00, 0x00, 0x00, 0x00, 0x00, 0x00, 0x00, 0x00, 0x00, 0x00,
    0x00, 0x00, 0x00, 0x00, 0x00, 0x00, 0x00, 0x00, 0x00, 0x00, 0x00, 0x00, 0x00, 0x00, 0x00, 0x00,
    0x00, 0x00, 0x00, 0x00, 0x00, 0x00, 0x00, 0x00, 0x00, 0x00, 0x00, 0x00, 0x00, 0x00, 0x00, 0x00,
    0x00, 0x00, 0x00, 0x00, 0x00, 0x00, 0x00, 0x00, 0x00, 0x00, 0x00, 0x00, 0x00, 0x00, 0x00, 0x00,
    0x00, 0x00, 0x00, 0x00, 0x00, 0x00, 0x00, 0x00, 0x00, 0x00, 0x00, 0x00, 0x00, 0x00, 0x00, 0x00,
    0x00, 0x00, 0x00, 0x00, 0x00, 0x00, 0x00, 0x00, 0x00, 0x00, 0x00, 0x00, 0x00, 0x00, 0x00, 0x00,
    0x00, 0x00, 0x00, 0x00, 0x00, 0x00, 0x00, 0x00, 0x00, 0x00, 0x00, 0x00, 0x00, 0x00, 0x00, 0x00,
    0x00, 0x00, 0x00, 0x00, 0x00, 0x00, 0x00, 0x00, 0x00, 0x00, 0x00, 0x00, 0x00, 0x00, 0x00, 0x00,
    0x00, 0x00, 0x00, 0x00, 0x00, 0x00, 0x00, 0x00, 0x00, 0x00, 0x00, 0x00, 0x00, 0x00, 0x00, 0x00,
    0x00, 0x00, 0x00, 0x00, 0x00, 0x00, 0x00, 0x00, 0x00, 0x00, 0x00, 0x00, 0x00, 0x00, 0x00, 0x00,
    0x00, 0x00, 0x00, 0x00, 0x00, 0x00, 0x00, 0x00, 0x00, 0x00, 0x00, 0x00, 0x00, 0x00, 0x00, 0x00,
    0x00, 0x00, 0x00, 0x00, 0x00, 0x00, 0x00, 0x00, 0x00, 0x00, 0x00, 0x00, 0x00, 0x00, 0x00, 0x00,
    0x00, 0x00, 0x00, 0x00, 0x00, 0x00, 0x00, 0x00, 0x00, 0x00, 0x00, 0x00, 0x00, 0x00, 0x00, 0x00,
    0x00, 0x00, 0x00, 0x00, 0x00, 0x00, 0x00, 0x00, 0x00, 0x00, 0x00, 0x00, 0x00, 0x00, 0x00, 0x00,
    0x00, 0x00, 0x00, 0x00, 0x00, 0x00, 0x00, 0x00, 0x00, 0x00, 0x00, 0x00, 0x00, 0x00, 0x00, 0x00,
    0x00, 0x00, 0x00, 0x00, 0x00, 0x00, 0x00, 0x00, 0x00, 0x00, 0x00, 0x00, 0x00, 0x00, 0x00, 0x00,
    0x00, 0x00, 0x00, 0x00, 0x00, 0x00, 0x00, 0x00, 0x00, 0x00, 0x00, 0x00, 0x00, 0x00, 0x00, 0x00,
    0x00, 0x00, 0x00, 0x00, 0x00, 0x00, 0x00, 0x00, 0x00, 0x00, 0x00, 0x00, 0x00, 0x00, 0x00, 0x00,
    0x00, 0x00, 0x00, 0x00, 0x00, 0x00, 0x00, 0x00, 0x00, 0x00, 0x00, 0x00, 0x00, 0x00, 0x00, 0x00,
    0x00, 0x00, 0x00, 0x00, 0x00, 0x00, 0x00, 0x00, 0x00, 0x00, 0x00, 0x00, 0x00, 0x00, 0x00, 0x00,
    0x00, 0x00, 0x00, 0x00, 0x00, 0x00, 0x00, 0x00, 0x00, 0x00, 0x00, 0x00, 0x00, 0x00, 0x00, 0x00,
    0x00, 0x00, 0x00, 0x00, 0x00, 0x00, 0x00, 0x00, 0x00, 0x00, 0x00, 0x00, 0x00, 0x00, 0x00, 0x00,
    0x00, 0x00, 0x00, 0x00, 0x00, 0x00, 0x00, 0x00, 0x00, 0x00, 0x00, 0x00, 0x00, 0x00, 0x00, 0x00,
    0x00, 0x00, 0x00, 0x00, 0x00, 0x00, 0x00, 0x00, 0x00, 0x00, 0x00, 0x00, 0x00, 0x00, 0x00, 0x00,
    0x00, 0x00, 0x00, 0x00, 0x00, 0x00, 0x00, 0x00, 0x00, 0x00, 0x00, 0x00, 0x00, 0x00, 0x00, 0x00,
    0x00, 0x00, 0x00, 0x00, 0x00, 0x00, 0x00, 0x00, 0x00, 0x00, 0x00, 0x00, 0x00, 0x00, 0x00, 0x00,
    0x00, 0x00, 0x00, 0x00, 0x00, 0x00, 0x00, 0x00, 0x00, 0x00, 0x00, 0x00, 0x00, 0x00, 0x00, 0x00,
    0x00, 0x00, 0x00, 0x00, 0x00, 0x00, 0x00, 0x00, 0x00, 0x00, 0x00, 0x00, 0x00, 0x00, 0x00, 0x00,
    0x00, 0x00, 0x00, 0x00, 0x00, 0x00, 0x00, 0x00, 0x00, 0x00, 0x00, 0x00, 0x00, 0x00, 0x00, 0x00,
    0x00, 0x00, 0x00, 0x00, 0x00, 0x00, 0x00, 0x00, 0x00, 0x00, 0x00, 0x00, 0x00, 0x00, 0x00, 0x00,
    0x00, 0x00, 0x00, 0x00, 0x00, 0x00, 0x00, 0x00, 0x00, 0x00, 0x00, 0x00, 0x00, 0x00, 0x00, 0x00,
    0x00, 0x00, 0x00, 0x00, 0x00, 0x00, 0x00, 0x00, 0x00, 0x00, 0x00, 0x00, 0x00, 0x00, 0x00, 0x00,
    0x00, 0x00, 0x00, 0x00, 0x00, 0x00, 0x00, 0x00, 0x00, 0x00, 0x00, 0x00, 0x00, 0x00, 0x00, 0x00,
    0x00, 0x00, 0x00, 0x00, 0x00, 0x00, 0x00, 0x00, 0x00, 0x00, 0x00, 0x00, 0x00, 0x00, 0x00, 0x00,
    0x00, 0x00, 0x00, 0x00, 0x00, 0x00, 0x00, 0x00, 0x00, 0x00, 0x00, 0x00, 0x00, 0x00, 0x00, 0x00,
    0x00, 0x00, 0x00, 0x00, 0x00, 0x00, 0x00, 0x00, 0x00, 0x00, 0x00, 0x00, 0x00, 0x00, 0x00, 0x00,
    0x00, 0x00, 0x00, 0x00, 0x00, 0x00, 0x00, 0x00, 0x00, 0x00, 0x00, 0x00, 0x00, 0x00, 0x00, 0x00,
    0x00, 0x00, 0x00, 0x00, 0x00, 0x00, 0x00, 0x00, 0x00, 0x00, 0x00, 0x00, 0x00, 0x00, 0x00, 0x00,
    0x00, 0x00, 0x00, 0x00, 0x00, 0x00, 0x00, 0x00, 0x00, 0x00, 0x00, 0x00, 0x00, 0x00, 0x00, 0x00,
    0x00, 0x00, 0x00, 0x00, 0x00, 0x00, 0x00, 0x00, 0x00, 0x00, 0x00, 0x00, 0x00, 0x00, 0x00, 0x00,
    0x00, 0x00, 0x00, 0x00, 0x00, 0x00, 0x00, 0x00, 0x00, 0x00, 0x00, 0x00, 0x00, 0x00, 0x00, 0x00,
    0x00, 0x00, 0x00, 0x00, 0x00, 0x00, 0x00, 0x00, 0x00, 0x00, 0x00, 0x00, 0x00, 0x00, 0x00, 0x00,
    0x00, 0x00, 0x00, 0x00, 0x00, 0x00, 0x00, 0x00, 0x00, 0x00, 0x00, 0x00, 0x00, 0x00, 0x00, 0x00,
    0x00, 0x00, 0x00, 0x00, 0x00, 0x00, 0x00, 0x00, 0x00, 0x00, 0x00, 0x00, 0x00, 0x00, 0x00, 0x00,
    0x00, 0x00, 0x00, 0x00, 0x00, 0x00, 0x00, 0x00, 0x00, 0x00, 0x00, 0x00, 0x00, 0x00, 0x00, 0x00,
    0x00, 0x00, 0x00, 0x00, 0x00, 0x00, 0x00, 0x00, 0x00, 0x00, 0x00, 0x00, 0x00, 0x00, 0x00, 0x00,
    0x00, 0x00, 0x00, 0x00, 0x00, 0x00, 0x00, 0x00, 0x00, 0x00, 0x00, 0x00, 0x00, 0x00, 0x00, 0x00,
    0x00, 0x00, 0x00, 0x00, 0x00, 0x00, 0x00, 0x00, 0x00, 0x00, 0x00, 0x00, 0x00, 0x00, 0x00, 0x00,
    0x00, 0x00, 0x00, 0x00, 0x00, 0x00, 0x00, 0x00, 0x00, 0x00, 0x00, 0x00, 0x00, 0x00, 0x00, 0x00,
    0x00, 0x00, 0x00, 0x00, 0x00, 0x00, 0x00, 0x00, 0x00, 0x00, 0x00, 0x00, 0x00, 0x00, 0x00, 0x00,
    0x00, 0x00, 0x00, 0x00, 0x00, 0x00, 0x00, 0x00, 0x00, 0x00, 0x00, 0x00, 0x00, 0x00, 0x00, 0x00,
    0x00, 0x00, 0x00, 0x00, 0x00, 0x00, 0x00, 0x00, 0x00, 0x00, 0x00, 0x00, 0x00, 0x00, 0x00, 0x00,
    0x00, 0x00, 0x00, 0x00, 0x00, 0x00, 0x00, 0x00, 0x00, 0x00, 0x00, 0x00, 0x00, 0x00, 0x00, 0x00,
    0x00, 0x00, 0x00, 0x00, 0x00, 0x00, 0x00, 0x00, 0x00, 0x00, 0x00, 0x00, 0x00, 0x00, 0x00, 0x00,
    0x00, 0x00, 0x00, 0x00, 0x00, 0x00, 0x00, 0x00, 0x00, 0x00, 0x00, 0x00, 0x00, 0x00, 0x00, 0x00,
    0x00, 0x00, 0x00, 0x00, 0x00, 0x00, 0x00, 0x00, 0x00, 0x00, 0x00, 0x00, 0x00, 0x00, 0x00, 0x00,
    0x00, 0x00, 0x00, 0x00, 0x00, 0x00, 0x00, 0x00, 0x00, 0x00, 0x00, 0x00, 0x00, 0x00, 0x00, 0x00,
    0x00, 0x00, 0x00, 0x00, 0x00, 0x00, 0x00, 0x00, 0x00, 0x00, 0x00, 0x00, 0x00, 0x00, 0x00, 0x00,
    0x00, 0x00, 0x00, 0x00, 0x00, 0x00, 0x00, 0x00, 0x00, 0x00, 0x00, 0x00, 0x00, 0x00, 0x00, 0x00,
    0x00, 0x00, 0x00, 0x00, 0x00, 0x00, 0x00, 0x00, 0x00, 0x00, 0x00, 0x00, 0x00, 0x00, 0x00, 0x00,
    0x00, 0x00, 0x00, 0x00, 0x00, 0x00, 0x00, 0x00, 0x00, 0x00, 0x00, 0x00, 0x00, 0x00, 0x00, 0x00,
    0x00, 0x00, 0x00, 0x00, 0x00, 0x00, 0x00, 0x00, 0x00, 0x00, 0x00, 0x00, 0x00, 0x00, 0x00, 0x00,
    0x00, 0x00, 0x00, 0x00, 0x00, 0x00, 0x00, 0x00, 0x00, 0x00, 0x00, 0x00, 0x00, 0x00, 0x00, 0x00,
    0x00, 0x00, 0x00, 0x00, 0x00, 0x00, 0x00, 0x00, 0x00, 0x00, 0x00, 0x00, 0x00, 0x00, 0x00, 0x00,
    0x00, 0x00, 0x00, 0x00, 0x00, 0x00, 0x00, 0x00, 0x00, 0x00, 0x00, 0x00, 0x00, 0x00, 0x00, 0x00,
    0x00, 0x00, 0x00, 0x00, 0x00, 0x00, 0x00, 0x00, 0x00, 0x00, 0x00, 0x00, 0x00, 0x00, 0x00, 0x00,
    0x00, 0x00, 0x00, 0x00, 0x00, 0x00, 0x00, 0x00, 0x00, 0x00, 0x00, 0x00, 0x00, 0x00, 0x00, 0x00,
    0x00, 0x00, 0x00, 0x00, 0x00, 0x00, 0x00, 0x00, 0x00, 0x00, 0x00, 0x00, 0x00, 0x00, 0x00, 0x00,
    0x00, 0x00, 0x00, 0x00, 0x00, 0x00, 0x00, 0x00, 0x00, 0x00, 0x00, 0x00, 0x00, 0x00, 0x00, 0x00,
    0x00, 0x00, 0x00, 0x00, 0x00, 0x00, 0x00, 0x00, 0x00, 0x00, 0x00, 0x00, 0x00, 0x00, 0x00, 0x00,
    0x00, 0x00, 0x00, 0x00, 0x00, 0x00, 0x00, 0x00, 0x00, 0x00, 0x00, 0x00, 0x00, 0x00, 0x00, 0x00,
    0x00, 0x00, 0x00, 0x00, 0x00, 0x00, 0x00, 0x00, 0x00, 0x00, 0x00, 0x00, 0x00, 0x00, 0x00, 0x00,
    0x00, 0x00, 0x00, 0x00, 0x00, 0x00, 0x00, 0x00, 0x00, 0x00, 0x00, 0x00, 0x00, 0x00, 0x00, 0x00,
    0x00, 0x00, 0x00, 0x00, 0x00, 0x00, 0x00, 0x00, 0x00, 0x00, 0x00, 0x00, 0x00, 0x00, 0x00, 0x00,
    0x00, 0x00, 0x00, 0x00, 0x00, 0x00, 0x00, 0x00, 0x00, 0x00, 0x00, 0x00, 0x00, 0x00, 0x00, 0x00,
    0x00, 0x00, 0x00, 0x00, 0x00, 0x00, 0x00, 0x00, 0x00, 0x00, 0x00, 0x00, 0x00, 0x00, 0x00, 0x00,
    0x00, 0x00, 0x00, 0x00, 0x00, 0x00, 0x00, 0x00, 0x00, 0x00, 0x00, 0x00, 0x00, 0x00, 0x00, 0x00,
    0x00, 0x00, 0x00, 0x00, 0x00, 0x00, 0x00, 0x00, 0x00, 0x00, 0x00, 0x00, 0x00, 0x00, 0x00, 0x00,
    0x00, 0x00, 0x00, 0x00, 0x00, 0x00, 0x00, 0x00, 0x00, 0x00, 0x00, 0x00, 0x00, 0x00, 0x00, 0x00,
    0x00, 0x00, 0x00, 0x00, 0x00, 0x00, 0x00, 0x00, 0x00, 0x00, 0x00, 0x00, 0x00, 0x00, 0x00, 0x00,
    0x00, 0x00, 0x00, 0x00, 0x00, 0x00, 0x00, 0x00, 0x00, 0x00, 0x00, 0x00, 0x00, 0x00, 0x00, 0x00,
    0x00, 0x00, 0x00, 0x00, 0x00, 0x00, 0x00, 0x00, 0x00, 0x00, 0x00, 0x00, 0x00, 0x00, 0x00, 0x00,
    0x00, 0x00, 0x00, 0x00, 0x00, 0x00, 0x00, 0x00, 0x00, 0x00, 0x00, 0x00, 0x00, 0x00, 0x00, 0x00,
    0x00, 0x00, 0x00, 0x00, 0x00, 0x00, 0x00, 0x00, 0x00, 0x00, 0x00, 0x00, 0x00, 0x00, 0x00, 0x00,
    0x00, 0x00, 0x00, 0x00, 0x00, 0x00, 0x00, 0x00, 0x00, 0x00, 0x00, 0x00, 0x00, 0x00, 0x00, 0x00,
    0x00, 0x00, 0x00, 0x00, 0x00, 0x00, 0x00, 0x00, 0x00, 0x00, 0x00, 0x00, 0x00, 0x00, 0x00, 0x00,
    0x00, 0x00, 0x00, 0x00, 0x00, 0x00, 0x00, 0x00, 0x00, 0x00, 0x00, 0x00, 0x00, 0x00, 0x00, 0x00,
    0x00, 0x00, 0x00, 0x00, 0x00, 0x00, 0x00, 0x00, 0x00, 0x00, 0x00, 0x00, 0x00, 0x00, 0x00, 0x00,
    0x00, 0x00, 0x00, 0x00, 0x00, 0x00, 0x00, 0x00, 0x00, 0x00, 0x00, 0x00, 0x00, 0x00, 0x00, 0x00,
    0x00, 0x00, 0x00, 0x00, 0x00, 0x00, 0x00, 0x00, 0x00, 0x00, 0x00, 0x00, 0x00, 0x00, 0x00, 0x00,
    0x00, 0x00, 0x00, 0x00, 0x00, 0x00, 0x00, 0x00, 0x00, 0x00, 0x00, 0x00, 0x00, 0x00, 0x00, 0x00,
    0x00, 0x00, 0x00, 0x00, 0x00, 0x00, 0x00, 0x00, 0x00, 0x00, 0x00, 0x00, 0x00, 0x00, 0x00, 0x00,
    0x00, 0x00, 0x00, 0x00, 0x00, 0x00, 0x00, 0x00, 0x00, 0x00, 0x00, 0x00, 0x00, 0x00, 0x00, 0x00,
    0x00, 0x00, 0x00, 0x00, 0x00, 0x00, 0x00, 0x00, 0x00, 0x00, 0x00, 0x00, 0x00, 0x00, 0x00, 0x00,
    0x00, 0x00, 0x00, 0x00, 0x00, 0x00, 0x00, 0x00, 0x00, 0x00, 0x00, 0x00, 0x00, 0x00, 0x00, 0x00,
    0x00, 0x00, 0x00, 0x00, 0x00, 0x00, 0x00, 0x00, 0x00, 0x00, 0x00, 0x00, 0x00, 0x00, 0x00, 0x00,
    0x00, 0x00, 0x00, 0x00, 0x00, 0x00, 0x00, 0x00, 0x00, 0x00, 0x00, 0x00, 0x00, 0x00, 0x00, 0x00,
    0x00, 0x00, 0x00, 0x00, 0x00, 0x00, 0x00, 0x00, 0x00, 0x00, 0x00, 0x00, 0x00, 0x00, 0x00, 0x00,
    0x00, 0x00, 0x00, 0x00, 0x00, 0x00, 0x00, 0x00, 0x00, 0x00, 0x00, 0x00, 0x00, 0x00, 0x00, 0x00,
    0x00, 0x00, 0x00, 0x00, 0x00, 0x00, 0x00, 0x00, 0x00, 0x00, 0x00, 0x00, 0x00, 0x00, 0x00, 0x00,
    0x00, 0x00, 0x00, 0x00, 0x00, 0x00, 0x00, 0x00, 0x00, 0x00, 0x00, 0x00, 0x00, 0x00, 0x00, 0x00,
    0x00, 0x00, 0x00, 0x00, 0x00, 0x00, 0x00, 0x00, 0x00, 0x00, 0x00, 0x00, 0x00, 0x00, 0x00, 0x00,
    0x00, 0x00, 0x00, 0x00, 0x00, 0x00, 0x00, 0x00, 0x00, 0x00, 0x00, 0x00, 0x00, 0x00, 0x00, 0x00,
    0x00, 0x00, 0x00, 0x00, 0x00, 0x00, 0x00, 0x00, 0x00, 0x00, 0x00, 0x00, 0x00, 0x00, 0x00, 0x00,
    0x00, 0x00, 0x00, 0x00, 0x00, 0x00, 0x00, 0x00, 0x00, 0x00, 0x00, 0x00, 0x00, 0x00, 0x00, 0x00,
    0x00, 0x00, 0x00, 0x00, 0x00, 0x00, 0x00, 0x00, 0x00, 0x00, 0x00, 0x00, 0x00, 0x00, 0x00, 0x00,
    0x00, 0x00, 0x00, 0x00, 0x00, 0x00, 0x00, 0x00, 0x00, 0x00, 0x00, 0x00, 0x00, 0x00, 0x00, 0x00,
    0x00, 0x00, 0x00, 0x00, 0x00, 0x00, 0x00, 0x00, 0x00, 0x00, 0x00, 0x00, 0x00, 0x00, 0x00, 0x00,
    0x00, 0x00, 0x00, 0x00, 0x00, 0x00, 0x00, 0x00, 0x00, 0x00, 0x00, 0x00, 0x00, 0x00, 0x00, 0x00,
    0x00, 0x00, 0x00, 0x00, 0x00, 0x00, 0x00, 0x00, 0x00, 0x00, 0x00, 0x00, 0x00, 0x00, 0x00, 0x00,
    0x00, 0x00, 0x00, 0x00, 0x00, 0x00, 0x00, 0x00, 0x00, 0x00, 0x00, 0x00, 0x00, 0x00, 0x00, 0x00,
    0x00, 0x00, 0x00, 0x00, 0x00, 0x00, 0x00, 0x00, 0x00, 0x00, 0x00, 0x00, 0x00, 0x00, 0x00, 0x00,
    0x00, 0x00, 0x00, 0x00, 0x00, 0x00, 0x00, 0x00, 0x00, 0x00, 0x00, 0x00, 0x00, 0x00, 0x00, 0x00,
    0x00, 0x00, 0x00, 0x00, 0x00, 0x00, 0x00, 0x00, 0x00, 0x00, 0x00, 0x00, 0x00, 0x00, 0x00, 0x00,
    0x00, 0x00, 0x00, 0x00, 0x00, 0x00, 0x00, 0x00, 0x00, 0x00, 0x00, 0x00, 0x00, 0x00, 0x00, 0x00,
    0x00, 0x00, 0x00, 0x00, 0x00, 0x00, 0x00, 0x00, 0x00, 0x00, 0x00, 0x00, 0x00, 0x00, 0x00, 0x00,
    0x00, 0x00, 0x00, 0x00, 0x00, 0x00, 0x00, 0x00, 0x00, 0x00, 0x00, 0x00, 0x00, 0x00, 0x00, 0x00,
    0x00, 0x00, 0x00, 0x00, 0x00, 0x00, 0x00, 0x00, 0x00, 0x00, 0x00, 0x00, 0x00, 0x00, 0x00, 0x00,
    0x00, 0x00, 0x00, 0x00, 0x00, 0x00, 0x00, 0x00, 0x00, 0x00, 0x00, 0x00, 0x00, 0x00, 0x00, 0x00,
    0x00, 0x00, 0x00, 0x00, 0x00, 0x00, 0x00, 0x00, 0x00, 0x00, 0x00, 0x00, 0x00, 0x00, 0x00, 0x00,
    0x00, 0x00, 0x00, 0x00, 0x00, 0x00, 0x00, 0x00, 0x00, 0x00, 0x00, 0x00, 0x00, 0x00, 0x00, 0x00,
    0x00, 0x00, 0x00, 0x00, 0x00, 0x00, 0x00, 0x00, 0x00, 0x00, 0x00, 0x00, 0x00, 0x00, 0x00, 0x00,
    0x00, 0x00, 0x00, 0x00, 0x00, 0x00, 0x00, 0x00, 0x00, 0x00, 0x00, 0x00, 0x00, 0x00, 0x00, 0x00,
    0x00, 0x00, 0x00, 0x00, 0x00, 0x00, 0x00, 0x00, 0x00, 0x00, 0x00, 0x00, 0x00, 0x00, 0x00, 0x00,
    0x00, 0x00, 0x00, 0x00, 0x00, 0x00, 0x00, 0x00, 0x00, 0x00, 0x00, 0x00, 0x00, 0x00, 0x00, 0x00,
    0x00, 0x00, 0x00, 0x00, 0x00, 0x00, 0x00, 0x00, 0x00, 0x00, 0x00, 0x00, 0x00, 0x00, 0x00, 0x00,
    0x00, 0x00, 0x00, 0x00, 0x00, 0x00, 0x00, 0x00, 0x00, 0x00, 0x00, 0x00, 0x00, 0x00, 0x00, 0x00,
    0x00, 0x00, 0x00, 0x00, 0x00, 0x00, 0x00, 0x00, 0x00, 0x00, 0x00, 0x00, 0x00, 0x00, 0x00, 0x00,
    0x00, 0x00, 0x00, 0x00, 0x00, 0x00, 0x00, 0x00, 0x00, 0x00, 0x00, 0x00, 0x00, 0x00, 0x00, 0x00,
    0x00, 0x00, 0x00, 0x00, 0x00, 0x00, 0x00, 0x00, 0x00, 0x00, 0x00, 0x00, 0x00, 0x00, 0x00, 0x00,
    0x00, 0x00, 0x00, 0x00, 0x00, 0x00, 0x00, 0x00, 0x00, 0x00, 0x00, 0x00, 0x00, 0x00, 0x00, 0x00,
    0x00, 0x00, 0x00, 0x00, 0x00, 0x00, 0x00, 0x00, 0x00, 0x00, 0x00, 0x00, 0x00, 0x00, 0x00, 0x00,
    0x00, 0x00, 0x00, 0x00, 0x00, 0x00, 0x00, 0x00, 0x00, 0x00, 0x00, 0x00, 0x00, 0x00, 0x00, 0x00,
    0x00, 0x00, 0x00, 0x00, 0x00, 0x00, 0x00, 0x00, 0x00, 0x00, 0x00, 0x00, 0x00, 0x00, 0x00, 0x00,
    0x00, 0x00, 0x00, 0x00, 0x00, 0x00, 0x00, 0x00, 0x00, 0x00, 0x00, 0x00, 0x00, 0x00, 0x00, 0x00,
    0x00, 0x00, 0x00, 0x00, 0x00, 0x00, 0x00, 0x00, 0x00, 0x00, 0x00, 0x00, 0x00, 0x00, 0x00, 0x00,
    0x00, 0x00, 0x00, 0x00, 0x00, 0x00, 0x00, 0x00, 0x00, 0x00, 0x00, 0x00, 0x00, 0x00, 0x00, 0x00,
    0x00, 0x00, 0x00, 0x00, 0x00, 0x00, 0x00, 0x00, 0x00, 0x00, 0x00, 0x00, 0x00, 0x00, 0x00, 0x00,
    0x00, 0x00, 0x00, 0x00, 0x00, 0x00, 0x00, 0x00, 0x00, 0x00, 0x00, 0x00, 0x00, 0x00, 0x00, 0x00,
    0x00, 0x00, 0x00, 0x00, 0x00, 0x00, 0x00, 0x00, 0x00, 0x00, 0x00, 0x00, 0x00, 0x00, 0x00, 0x00,
    0x00, 0x00, 0x00, 0x00, 0x00, 0x00, 0x00, 0x00, 0x00, 0x00, 0x00, 0x00, 0x00, 0x00, 0x00, 0x00,
    0x00, 0x00, 0x00, 0x00, 0x00, 0x00, 0x00, 0x00, 0x00, 0x00, 0x00, 0x00, 0x00, 0x00, 0x00, 0x00,
    0x00, 0x00, 0x00, 0x00, 0x00, 0x00, 0x00, 0x00, 0x00, 0x00, 0x00, 0x00, 0x00, 0x00, 0x00, 0x00,
    0x00, 0x00, 0x00, 0x00, 0x00, 0x00, 0x00, 0x00, 0x00, 0x00, 0x00, 0x00, 0x00, 0x00, 0x00, 0x00,
    0x00, 0x00, 0x00, 0x00, 0x00, 0x00, 0x00, 0x00, 0x00, 0x00, 0x00, 0x00, 0x00, 0x00, 0x00, 0x00,
    0x00, 0x00, 0x00, 0x00, 0x00, 0x00, 0x00, 0x00, 0x00, 0x00, 0x00, 0x00, 0x00, 0x00, 0x00, 0x00,
    0x00, 0x00, 0x00, 0x00, 0x00, 0x00, 0x00, 0x00, 0x00, 0x00, 0x00, 0x00, 0x00, 0x00, 0x00, 0x00,
    0x00, 0x00, 0x00, 0x00, 0x00, 0x00, 0x00, 0x00, 0x00, 0x00, 0x00, 0x00, 0x00, 0x00, 0x00, 0x00,
    0x00, 0x00, 0x00, 0x00, 0x00, 0x00, 0x00, 0x00, 0x00, 0x00, 0x00, 0x00, 0x00, 0x00, 0x00, 0x00,
    0x00, 0x00, 0x00, 0x00, 0x00, 0x00, 0x00, 0x00, 0x00, 0x00, 0x00, 0x00, 0x00, 0x00, 0x00, 0x00,
    0x00, 0x00, 0x00, 0x00, 0x00, 0x00, 0x00, 0x00, 0x00, 0x00, 0x00, 0x00, 0x00, 0x00, 0x00, 0x00,
    0x00, 0x00, 0x00, 0x00, 0x00, 0x00, 0x00, 0x00, 0x00, 0x00, 0x00, 0x00, 0x00, 0x00, 0x00, 0x00,
    0x00, 0x00, 0x00, 0x00, 0x00, 0x00, 0x00, 0x00, 0x00, 0x00, 0x00, 0x00, 0x00, 0x00, 0x00, 0x00,
    0x00, 0x00, 0x00, 0x00, 0x00, 0x00, 0x00, 0x00, 0x00, 0x00, 0x00, 0x00, 0x00, 0x00, 0x00, 0x00,
    0x00, 0x00, 0x00, 0x00, 0x00, 0x00, 0x00, 0x00, 0x00, 0x00, 0x00, 0x00, 0x00, 0x00, 0x00, 0x00,
    0x00, 0x00, 0x00, 0x00, 0x00, 0x00, 0x00, 0x00, 0x00, 0x00, 0x00, 0x00, 0x00, 0x00, 0x00, 0x00,
    0x00, 0x00, 0x00, 0x00, 0x00, 0x00, 0x00, 0x00, 0x00, 0x00, 0x00, 0x00, 0x00, 0x00, 0x00, 0x00,
    0x00, 0x00, 0x00, 0x00, 0x00, 0x00, 0x00, 0x00, 0x00, 0x00, 0x00, 0x00, 0x00, 0x00, 0x00, 0x00,
    0x00, 0x00, 0x00, 0x00, 0x00, 0x00, 0x00, 0x00, 0x00, 0x00, 0x00, 0x00, 0x00, 0x00, 0x00, 0x00,
    0x00, 0x00, 0x00, 0x00, 0x00, 0x00, 0x00, 0x00, 0x00, 0x00, 0x00, 0x00, 0x00, 0x00, 0x00, 0x00,
    0x00, 0x00, 0x00, 0x00, 0x00, 0x00, 0x00, 0x00, 0x00, 0x00, 0x00, 0x00, 0x00, 0x00, 0x00, 0x00,
    0x00, 0x00, 0x00, 0x00, 0x00, 0x00, 0x00, 0x00, 0x00, 0x00, 0x00, 0x00, 0x00, 0x00, 0x00, 0x00,
    0x00, 0x00, 0x00, 0x00, 0x00, 0x00, 0x00, 0x00, 0x00, 0x00, 0x00, 0x00, 0x00, 0x00, 0x00, 0x00,
    0x00, 0x00, 0x00, 0x00, 0x00, 0x00, 0x00, 0x00, 0x00, 0x00, 0x00, 0x00, 0x00, 0x00, 0x00, 0x00,
    0x00, 0x00, 0x00, 0x00, 0x00, 0x00, 0x00, 0x00, 0x00, 0x00, 0x00, 0x00, 0x00, 0x00, 0x00, 0x00,
    0x00, 0x00, 0x00, 0x00, 0x00, 0x00, 0x00, 0x00, 0x00, 0x00, 0x00, 0x00, 0x00, 0x00, 0x00, 0x00,
    0x00, 0x00, 0x00, 0x00, 0x00, 0x00, 0x00, 0x00, 0x00, 0x00, 0x00, 0x00, 0x00, 0x00, 0x00, 0x00,
    0x00, 0x00, 0x00, 0x00, 0x00, 0x00, 0x00, 0x00, 0x00, 0x00, 0x00, 0x00, 0x00, 0x00, 0x00, 0x00,
    0x00, 0x00, 0x00, 0x00, 0x00, 0x00, 0x00, 0x00, 0x00, 0x00, 0x00, 0x00, 0x00, 0x00, 0x00, 0x00,
    0x00, 0x00, 0x00, 0x00, 0x00, 0x00, 0x00, 0x00, 0x00, 0x00, 0x00, 0x00, 0x00, 0x00, 0x00, 0x00,
    0x00, 0x00, 0x00, 0x00, 0x00, 0x00, 0x00, 0x00, 0x00, 0x00, 0x00, 0x00, 0x00, 0x00, 0x00, 0x00,
    0x00, 0x00, 0x00, 0x00, 0x00, 0x00, 0x00, 0x00, 0x00, 0x00, 0x00, 0x00, 0x00, 0x00, 0x00, 0x00,
    0x00, 0x00, 0x00, 0x00, 0x00, 0x00, 0x00, 0x00, 0x00, 0x00, 0x00, 0x00, 0x00, 0x00, 0x00, 0x00,
    0x00, 0x00, 0x00, 0x00, 0x00, 0x00, 0x00, 0x00, 0x00, 0x00, 0x00, 0x00, 0x00, 0x00, 0x00, 0x00,
    0x00, 0x00, 0x00, 0x00, 0x00, 0x00, 0x00, 0x00, 0x00, 0x00, 0x00, 0x00, 0x00, 0x00, 0x00, 0x00,
    0x00, 0x00, 0x00, 0x00, 0x00, 0x00, 0x00, 0x00, 0x00, 0x00, 0x00, 0x00, 0x00, 0x00, 0x00, 0x00,
    0x00, 0x00, 0x00, 0x00, 0x00, 0x00, 0x00, 0x00, 0x00, 0x00, 0x00, 0x00, 0x00, 0x00, 0x00, 0x00,
    0x00, 0x00, 0x00, 0x00, 0x00, 0x00, 0x00, 0x00, 0x00, 0x00, 0x00, 0x00, 0x00, 0x00, 0x00, 0x00,
    0x00, 0x00, 0x00, 0x00, 0x00, 0x00, 0x00, 0x00, 0x00, 0x00, 0x00, 0x00, 0x00, 0x00, 0x00, 0x00,
    0x00, 0x00, 0x00, 0x00, 0x00, 0x00, 0x00, 0x00, 0x00, 0x00, 0x00, 0x00, 0x00, 0x00, 0x00, 0x00,
    0x00, 0x00, 0x00, 0x00, 0x00, 0x00, 0x00, 0x00, 0x00, 0x00, 0x00, 0x00, 0x00, 0x00, 0x00, 0x00,
    0x00, 0x00, 0x00, 0x00, 0x00, 0x00, 0x00, 0x00, 0x00, 0x00, 0x00, 0x00, 0x00, 0x00, 0x00, 0x00,
    0x00, 0x00, 0x00, 0x00, 0x00, 0x00, 0x00, 0x00, 0x00, 0x00, 0x00, 0x00, 0x00, 0x00, 0x00, 0x00,
    0x00, 0x00, 0x00, 0x00, 0x00, 0x00, 0x00, 0x00, 0x00, 0x00, 0x00, 0x00, 0x00, 0x00, 0x00, 0x00,
    0x00, 0x00, 0x00, 0x00, 0x00, 0x00, 0x00, 0x00, 0x00, 0x00, 0x00, 0x00, 0x00, 0x00, 0x00, 0x00,
    0x00, 0x00, 0x00, 0x00, 0x00, 0x00, 0x00, 0x00, 0x00, 0x00, 0x00, 0x00, 0x00, 0x00, 0x00, 0x00,
    0x00, 0x00, 0x00, 0x00, 0x00, 0x00, 0x00, 0x00, 0x00, 0x00, 0x00, 0x00, 0x00, 0x00, 0x00, 0x00,
    0x00, 0x00, 0x00, 0x00, 0x00, 0x00, 0x00, 0x00, 0x00, 0x00, 0x00, 0x00, 0x00, 0x00, 0x00, 0x00,
    0x00, 0x00, 0x00, 0x00, 0x00, 0x00, 0x00, 0x00, 0x00, 0x00, 0x00, 0x00, 0x00, 0x00, 0x00, 0x00,
    0x00, 0x00, 0x00, 0x00, 0x00, 0x00, 0x00, 0x00, 0x00, 0x00, 0x00, 0x00, 0x00, 0x00, 0x00, 0x00,
    0x00, 0x00, 0x00, 0x00, 0x00, 0x00, 0x00, 0x00, 0x00, 0x00, 0x00, 0x00, 0x00, 0x00, 0x00, 0x00,
    0x00, 0x00, 0x00, 0x00, 0x00, 0x00, 0x00, 0x00, 0x00, 0x00, 0x00, 0x00, 0x00, 0x00, 0x00, 0x00,
    0x00, 0x00, 0x00, 0x00, 0x00, 0x00, 0x00, 0x00, 0x00, 0x00, 0x00, 0x00, 0x00, 0x00, 0x00, 0x00,
    0x00, 0x00, 0x00, 0x00, 0x00, 0x00, 0x00, 0x00, 0x00, 0x00, 0x00, 0x00, 0x00, 0x00, 0x00, 0x00,
    0x00, 0x00, 0x00, 0x00, 0x00, 0x00, 0x00, 0x00, 0x00, 0x00, 0x00, 0x00, 0x00, 0x00, 0x00, 0x00,
    0x00, 0x00, 0x00, 0x00, 0x00, 0x00, 0x00, 0x00, 0x00, 0x00, 0x00, 0x00, 0x00, 0x00, 0x00, 0x00,
    0x00, 0x00, 0x00, 0x00, 0x00, 0x00, 0x00, 0x00, 0x00, 0x00, 0x00, 0x00, 0x00, 0x00, 0x00, 0x00,
    0x00, 0x00, 0x00, 0x00, 0x00, 0x00, 0x00, 0x00, 0x00, 0x00, 0x00, 0x00, 0x00, 0x00, 0x00, 0x00,
    0x00, 0x00, 0x00, 0x00, 0x00, 0x00, 0x00, 0x00, 0x00, 0x00, 0x00, 0x00, 0x00, 0x00, 0x00, 0x00,
    0x00, 0x00, 0x00, 0x00, 0x00, 0x00, 0x00, 0x00, 0x00, 0x00, 0x00, 0x00, 0x00, 0x00, 0x00, 0x00,
    0x00, 0x00, 0x00, 0x00, 0x00, 0x00, 0x00, 0x00, 0x00, 0x00, 0x00, 0x00, 0x00, 0x00, 0x00, 0x00,
    0x00, 0x00, 0x00, 0x00, 0x00, 0x00, 0x00, 0x00, 0x00, 0x00, 0x00, 0x00, 0x00, 0x00, 0x00, 0x00,
    0x00, 0x00, 0x00, 0x00, 0x00, 0x00, 0x00, 0x00, 0x00, 0x00, 0x00, 0x00, 0x00, 0x00, 0x00, 0x00,
    0x00, 0x00, 0x00, 0x00, 0x00, 0x00, 0x00, 0x00, 0x00, 0x00, 0x00, 0x00, 0x00, 0x00, 0x00, 0x00,
    0x00, 0x00, 0x00, 0x00, 0x00, 0x00, 0x00, 0x00, 0x00, 0x00, 0x00, 0x00, 0x00, 0x00, 0x00, 0x00,
    0x00, 0x00, 0x00, 0x00, 0x00, 0x00, 0x00, 0x00, 0x00, 0x00, 0x00, 0x00, 0x00, 0x00, 0x00, 0x00,
    0x00, 0x00, 0x00, 0x00, 0x00, 0x00, 0x00, 0x00, 0x00, 0x00, 0x00, 0x00, 0x00, 0x00, 0x00, 0x00,
    0x00, 0x00, 0x00, 0x00, 0x00, 0x00, 0x00, 0x00, 0x00, 0x00, 0x00, 0x00, 0x00, 0x00, 0x00, 0x00,
    0x00, 0x00, 0x00, 0x00, 0x00, 0x00, 0x00, 0x00, 0x00, 0x00, 0x00, 0x00, 0x00, 0x00, 0x00, 0x00,
    0x00, 0x00, 0x00, 0x00, 0x00, 0x00, 0x00, 0x00, 0x00, 0x00, 0x00, 0x00, 0x00, 0x00, 0x00, 0x00,
    0x00, 0x00, 0x00, 0x00, 0x00, 0x00, 0x00, 0x00, 0x00, 0x00, 0x00, 0x00, 0x00, 0x00, 0x00, 0x00,
    0x00, 0x00, 0x00, 0x00, 0x00, 0x00, 0x00, 0x00, 0x00, 0x00, 0x00, 0x00, 0x00, 0x00, 0x00, 0x00,
    0x00, 0x00, 0x00, 0x00, 0x00, 0x00, 0x00, 0x00, 0x00, 0x00, 0x00, 0x00, 0x00, 0x00, 0x00, 0x00,
    0x00, 0x00, 0x00, 0x00, 0x00, 0x00, 0x00, 0x00, 0x00, 0x00, 0x00, 0x00, 0x00, 0x00, 0x00, 0x00,
    0x00, 0x00, 0x00, 0x00, 0x00, 0x00, 0x00, 0x00, 0x00, 0x00, 0x00, 0x00, 0x00, 0x00, 0x00, 0x00,
    0x00, 0x00, 0x00, 0x00, 0x00, 0x00, 0x00, 0x00, 0x00, 0x00, 0x00, 0x00, 0x00, 0x00, 0x00, 0x00,
    0x00, 0x00, 0x00, 0x00, 0x00, 0x00, 0x00, 0x00, 0x00, 0x00, 0x00, 0x00, 0x00, 0x00, 0x00, 0x00,
    0x00, 0x00, 0x00, 0x00, 0x00, 0x00, 0x00, 0x00, 0x00, 0x00, 0x00, 0x00, 0x00, 0x00, 0x00, 0x00,
    0x00, 0x00, 0x00, 0x00, 0x00, 0x00, 0x00, 0x00, 0x00, 0x00, 0x00, 0x00, 0x00, 0x00, 0x00, 0x00,
    0x00, 0x00, 0x00, 0x00, 0x00, 0x00, 0x00, 0x00, 0x00, 0x00, 0x00, 0x00, 0x00, 0x00, 0x00, 0x00,
    0x00, 0x00, 0x00, 0x00, 0x00, 0x00, 0x00, 0x00, 0x00, 0x00, 0x00, 0x00, 0x00, 0x00, 0x00, 0x00,
    0x00, 0x00, 0x00, 0x00, 0x00, 0x00, 0x00, 0x00, 0x00, 0x00, 0x00, 0x00, 0x00, 0x00, 0x00, 0x00,
    0x00, 0x00, 0x00, 0x00, 0x00, 0x00, 0x00, 0x00, 0x00, 0x00, 0x00, 0x00, 0x00, 0x00, 0x00, 0x00,
    0x00, 0x00, 0x00, 0x00, 0x00, 0x00, 0x00, 0x00, 0x00, 0x00, 0x00, 0x00, 0x00, 0x00, 0x00, 0x00,
    0x00, 0x00, 0x00, 0x00, 0x00, 0x00, 0x00, 0x00, 0x00, 0x00, 0x00, 0x00, 0x00, 0x00, 0x00, 0x00,
    0x00, 0x00, 0x00, 0x00, 0x00, 0x00, 0x00, 0x00, 0x00, 0x00, 0x00, 0x00, 0x00, 0x00, 0x00, 0x00,
    0x00, 0x00, 0x00, 0x00, 0x00, 0x00, 0x00, 0x00, 0x00, 0x00, 0x00, 0x00, 0x00, 0x00, 0x00, 0x00,
    0x00, 0x00, 0x00, 0x00, 0x00, 0x00, 0x00, 0x00, 0x00, 0x00, 0x00, 0x00, 0x00, 0x00, 0x00, 0x00,
    0x00, 0x00, 0x00, 0x00, 0x00, 0x00, 0x00, 0x00, 0x00, 0x00, 0x00, 0x00, 0x00, 0x00, 0x00, 0x00,
    0x00, 0x00, 0x00, 0x00, 0x00, 0x00, 0x00, 0x00, 0x00, 0x00, 0x00, 0x00, 0x00, 0x00, 0x00, 0x00,
    0x00, 0x00, 0x00, 0x00, 0x00, 0x00, 0x00, 0x00, 0x00, 0x00, 0x00, 0x00, 0x00, 0x00, 0x00, 0x00,
    0x00, 0x00, 0x00, 0x00, 0x00, 0x00, 0x00, 0x00, 0x00, 0x00, 0x00, 0x00, 0x00, 0x00, 0x00, 0x00,
    0x00, 0x00, 0x00, 0x00, 0x00, 0x00, 0x00, 0x00, 0x00, 0x00, 0x00, 0x00, 0x00, 0x00, 0x00, 0x00,
    0x00, 0x00, 0x00, 0x00, 0x00, 0x00, 0x00, 0x00, 0x00, 0x00, 0x00, 0x00, 0x00, 0x00, 0x00, 0x00,
    0x00, 0x00, 0x00, 0x00, 0x00, 0x00, 0x00, 0x00, 0x00, 0x00, 0x00, 0x00, 0x00, 0x00, 0x00, 0x00,
    0x00, 0x00, 0x00, 0x00, 0x00, 0x00, 0x00, 0x00, 0x00, 0x00, 0x00, 0x00, 0x00, 0x00, 0x00, 0x00,
    0x00, 0x00, 0x00, 0x00, 0x00, 0x00, 0x00, 0x00, 0x00, 0x00, 0x00, 0x00, 0x00, 0x00, 0x00, 0x00,
    0x00, 0x00, 0x00, 0x00, 0x00, 0x00, 0x00, 0x00, 0x00, 0x00, 0x00, 0x00, 0x00, 0x00, 0x00, 0x00,
    0x00, 0x00, 0x00, 0x00, 0x00, 0x00, 0x00, 0x00, 0x00, 0x00, 0x00, 0x00, 0x00, 0x00, 0x00, 0x00,
    0x00, 0x00, 0x00, 0x00, 0x00, 0x00, 0x00, 0x00, 0x00, 0x00, 0x00, 0x00, 0x00, 0x00, 0x00, 0x00,
    0x00, 0x00, 0x00, 0x00, 0x00, 0x00, 0x00, 0x00, 0x00, 0x00, 0x00, 0x00, 0x00, 0x00, 0x00, 0x00,
    0x00, 0x00, 0x00, 0x00, 0x00, 0x00, 0x00, 0x00, 0x00, 0x00, 0x00, 0x00, 0x00, 0x00, 0x00, 0x00,
    0x00, 0x00, 0x00, 0x00, 0x00, 0x00, 0x00, 0x00, 0x00, 0x00, 0x00, 0x00, 0x00, 0x00, 0x00, 0x00,
    0x00, 0x00, 0x00, 0x00, 0x00, 0x00, 0x00, 0x00, 0x00, 0x00, 0x00, 0x00, 0x00, 0x00, 0x00, 0x00,
    0x00, 0x00, 0x00, 0x00, 0x00, 0x00, 0x00, 0x00, 0x00, 0x00, 0x00, 0x00, 0x00, 0x00, 0x00, 0x00,
    0x00, 0x00, 0x00, 0x00, 0x00, 0x00, 0x00, 0x00, 0x00, 0x00, 0x00, 0x00, 0x00, 0x00, 0x00, 0x00,
    0x00, 0x00, 0x00, 0x00, 0x00, 0x00, 0x00, 0x00, 0x00, 0x00, 0x00, 0x00, 0x00, 0x00, 0x00, 0x00,
    0x00, 0x00, 0x00, 0x00, 0x00, 0x00, 0x00, 0x00, 0x00, 0x00, 0x00, 0x00, 0x00, 0x00, 0x00, 0x00,
    0x00, 0x00, 0x00, 0x00, 0x00, 0x00, 0x00, 0x00, 0x00, 0x00, 0x00, 0x00, 0x00, 0x00, 0x00, 0x00,
    0x00, 0x00, 0x00, 0x00, 0x00, 0x00, 0x00, 0x00, 0x00, 0x00, 0x00, 0x00, 0x00, 0x00, 0x00, 0x00,
    0x00, 0x00, 0x00, 0x00, 0x00, 0x00, 0x00, 0x00, 0x00, 0x00, 0x00, 0x00, 0x00, 0x00, 0x00, 0x00,
    0x00, 0x00, 0x00, 0x00, 0x00, 0x00, 0x00, 0x00, 0x00, 0x00, 0x00, 0x00, 0x00, 0x00, 0x00, 0x00,
    0x00, 0x00, 0x00, 0x00, 0x00, 0x00, 0x00, 0x00, 0x00, 0x00, 0x00, 0x00, 0x00, 0x00, 0x00, 0x00,
    0x00, 0x00, 0x00, 0x00, 0x00, 0x00, 0x00, 0x00, 0x00, 0x00, 0x00, 0x00, 0x00, 0x00, 0x00, 0x00,
    0x00, 0x00, 0x00, 0x00, 0x00, 0x00, 0x00, 0x00, 0x00, 0x00, 0x00, 0x00, 0x00, 0x00, 0x00, 0x00,
    0x00, 0x00, 0x00, 0x00, 0x00, 0x00, 0x00, 0x00, 0x00, 0x00, 0x00, 0x00, 0x00, 0x00, 0x00, 0x00,
    0x00, 0x00, 0x00, 0x00, 0x00, 0x00, 0x00, 0x00, 0x00, 0x00, 0x00, 0x00, 0x00, 0x00, 0x00, 0x00,
    0x00, 0x00, 0x00, 0x00, 0x00, 0x00, 0x00, 0x00, 0x00, 0x00, 0x00, 0x00, 0x00, 0x00, 0x00, 0x00,
    0x00, 0x00, 0x00, 0x00, 0x00, 0x00, 0x00, 0x00, 0x00, 0x00, 0x00, 0x00, 0x00, 0x00, 0x00, 0x00,
    0x00, 0x00, 0x00, 0x00, 0x00, 0x00, 0x00, 0x00, 0x00, 0x00, 0x00, 0x00, 0x00, 0x00, 0x00, 0x00,
    0x00, 0x00, 0x00, 0x00, 0x00, 0x00, 0x00, 0x00, 0x00, 0x00, 0x00, 0x00, 0x00, 0x00, 0x00, 0x00,
    0x00, 0x00, 0x00, 0x00, 0x00, 0x00, 0x00, 0x00, 0x00, 0x00, 0x00, 0x00, 0x00, 0x00, 0x00, 0x00,
    0x00, 0x00, 0x00, 0x00, 0x00, 0x00, 0x00, 0x00, 0x00, 0x00, 0x00, 0x00, 0x00, 0x00, 0x00, 0x00,
    0x00, 0x00, 0x00, 0x00, 0x00, 0x00, 0x00, 0x00, 0x00, 0x00, 0x00, 0x00, 0x00, 0x00, 0x00, 0x00,
    0x00, 0x00, 0x00, 0x00, 0x00, 0x00, 0x00, 0x00, 0x00, 0x00, 0x00, 0x00, 0x00, 0x00, 0x00, 0x00,
    0x00, 0x00, 0x00, 0x00, 0x00, 0x00, 0x00, 0x00, 0x00, 0x00, 0x00, 0x00, 0x00, 0x00, 0x00, 0x00,
    0x00, 0x00, 0x00, 0x00, 0x00, 0x00, 0x00, 0x00, 0x00, 0x00, 0x00, 0x00, 0x00, 0x00, 0x00, 0x00,
    0x00, 0x00, 0x00, 0x00, 0x00, 0x00, 0x00, 0x00, 0x00, 0x00, 0x00, 0x00, 0x00, 0x00, 0x00, 0x00,
    0x00, 0x00, 0x00, 0x00, 0x00, 0x00, 0x00, 0x00, 0x00, 0x00, 0x00, 0x00, 0x00, 0x00, 0x00, 0x00,
    0x00, 0x00, 0x00, 0x00, 0x00, 0x00, 0x00, 0x00, 0x00, 0x00, 0x00, 0x00, 0x00, 0x00, 0x00, 0x00,
    0x00, 0x00, 0x00, 0x00, 0x00, 0x00, 0x00, 0x00, 0x00, 0x00, 0x00, 0x00, 0x00, 0x00, 0x00, 0x00,
    0x00, 0x00, 0x00, 0x00, 0x00, 0x00, 0x00, 0x00, 0x00, 0x00, 0x00, 0x00, 0x00, 0x00, 0x00, 0x00,
    0x00, 0x00, 0x00, 0x00, 0x00, 0x00, 0x00, 0x00, 0x00, 0x00, 0x00, 0x00, 0x00, 0x00, 0x00, 0x00,
    0x00, 0x00, 0x00, 0x00, 0x00, 0x00, 0x00, 0x00, 0x00, 0x00, 0x00, 0x00, 0x00, 0x00, 0x00, 0x00,
    0x00, 0x00, 0x00, 0x00, 0x00, 0x00, 0x00, 0x00, 0x00, 0x00, 0x00, 0x00, 0x00, 0x00, 0x00, 0x00,
    0x00, 0x00, 0x00, 0x00, 0x00, 0x00, 0x00, 0x00, 0x00, 0x00, 0x00, 0x00, 0x00, 0x00, 0x00, 0x00,
    0x00, 0x00, 0x00, 0x00, 0x00, 0x00, 0x00, 0x00, 0x00, 0x00, 0x00, 0x00, 0x00, 0x00, 0x00, 0x00,
    0x00, 0x00, 0x00, 0x00, 0x00, 0x00, 0x00, 0x00, 0x00, 0x00, 0x00, 0x00, 0x00, 0x00, 0x00, 0x00,
    0x00, 0x00, 0x00, 0x00, 0x00, 0x00, 0x00, 0x00, 0x00, 0x00, 0x00, 0x00, 0x00, 0x00, 0x00, 0x00,
    0x00, 0x00, 0x00, 0x00, 0x00, 0x00, 0x00, 0x00, 0x00, 0x00, 0x00, 0x00, 0x00, 0x00, 0x00, 0x00,
    0x00, 0x00, 0x00, 0x00, 0x00, 0x00, 0x00, 0x00, 0x00, 0x00, 0x00, 0x00, 0x00, 0x00, 0x00, 0x00,
    0x00, 0x00, 0x00, 0x00, 0x00, 0x00, 0x00, 0x00, 0x00, 0x00, 0x00, 0x00, 0x00, 0x00, 0x00, 0x00,
    0x00, 0x00, 0x00, 0x00, 0x00, 0x00, 0x00, 0x00, 0x00, 0x00, 0x00, 0x00, 0x00, 0x00, 0x00, 0x00,
    0x00, 0x00, 0x00, 0x00, 0x00, 0x00, 0x00, 0x00, 0x00, 0x00, 0x00, 0x00, 0x00, 0x00, 0x00, 0x00,
    0x00, 0x00, 0x00, 0x00, 0x00, 0x00, 0x00, 0x00, 0x00, 0x00, 0x00, 0x00, 0x00, 0x00, 0x00, 0x00,
    0x00, 0x00, 0x00, 0x00, 0x00, 0x00, 0x00, 0x00, 0x00, 0x00, 0x00, 0x00, 0x00, 0x00, 0x00, 0x00,
    0x00, 0x00, 0x00, 0x00, 0x00, 0x00, 0x00, 0x00, 0x00, 0x00, 0x00, 0x00, 0x00, 0x00, 0x00, 0x00,
    0x00, 0x00, 0x00, 0x00, 0x00, 0x00, 0x00, 0x00, 0x00, 0x00, 0x00, 0x00, 0x00, 0x00, 0x00, 0x00,
    0x00, 0x00, 0x00, 0x00, 0x00, 0x00, 0x00, 0x00, 0x00, 0x00, 0x00, 0x00, 0x00, 0x00, 0x00, 0x00,
    0x00, 0x00, 0x00, 0x00, 0x00, 0x00, 0x00, 0x00, 0x00, 0x00, 0x00, 0x00, 0x00, 0x00, 0x00, 0x00,
    0x00, 0x00, 0x00, 0x00, 0x00, 0x00, 0x00, 0x00, 0x00, 0x00, 0x00, 0x00, 0x00, 0x00, 0x00, 0x00,
    0x00, 0x00, 0x00, 0x00, 0x00, 0x00, 0x00, 0x00, 0x00, 0x00, 0x00, 0x00, 0x00, 0x00, 0x00, 0x00,
    0x00, 0x00, 0x00, 0x00, 0x00, 0x00, 0x00, 0x00, 0x00, 0x00, 0x00, 0x00, 0x00, 0x00, 0x00, 0x00,
    0x00, 0x00, 0x00, 0x00, 0x00, 0x00, 0x00, 0x00, 0x00, 0x00, 0x00, 0x00, 0x00, 0x00, 0x00, 0x00,
    0x00, 0x00, 0x00, 0x00, 0x00, 0x00, 0x00, 0x00, 0x00, 0x00, 0x00, 0x00, 0x00, 0x00, 0x00, 0x00,
    0x00, 0x00, 0x00, 0x00, 0x00, 0x00, 0x00, 0x00, 0x00, 0x00, 0x00, 0x00, 0x00, 0x00, 0x00, 0x00,
    0x00, 0x00, 0x00, 0x00, 0x00, 0x00, 0x00, 0x00, 0x00, 0x00, 0x00, 0x00, 0x00, 0x00, 0x00, 0x00,
    0x00, 0x00, 0x00, 0x00, 0x00, 0x00, 0x00, 0x00, 0x00, 0x00, 0x00, 0x00, 0x00, 0x00, 0x00, 0x00,
    0x00, 0x00, 0x00, 0x00, 0x00, 0x00, 0x00, 0x00, 0x00, 0x00, 0x00, 0x00, 0x00, 0x00, 0x00, 0x00,
    0x00, 0x00, 0x00, 0x00, 0x00, 0x00, 0x00, 0x00, 0x00, 0x00, 0x00, 0x00, 0x00, 0x00, 0x00, 0x00,
    0x00, 0x00, 0x00, 0x00, 0x00, 0x00, 0x00, 0x00, 0x00, 0x00, 0x00, 0x00, 0x00, 0x00, 0x00, 0x00,
    0x00, 0x00, 0x00, 0x00, 0x00, 0x00, 0x00, 0x00, 0x00, 0x00, 0x00, 0x00, 0x00, 0x00, 0x00, 0x00,
    0x00, 0x00, 0x00, 0x00, 0x00, 0x00, 0x00, 0x00, 0x00, 0x00, 0x00, 0x00, 0x00, 0x00, 0x00, 0x00,
    0x00, 0x00, 0x00, 0x00, 0x00, 0x00, 0x00, 0x00, 0x00, 0x00, 0x00, 0x00, 0x00, 0x00, 0x00, 0x00,
    0x00, 0x00, 0x00, 0x00, 0x00, 0x00, 0x00, 0x00, 0x00, 0x00, 0x00, 0x00, 0x00, 0x00, 0x00, 0x00,
    0x00, 0x00, 0x00, 0x00, 0x00, 0x00, 0x00, 0x00, 0x00, 0x00, 0x00, 0x00, 0x00, 0x00, 0x00, 0x00,
    0x00, 0x00, 0x00, 0x00, 0x00, 0x00, 0x00, 0x00, 0x00, 0x00, 0x00, 0x00, 0x00, 0x00, 0x00, 0x00,
    0x00, 0x00, 0x00, 0x00, 0x00, 0x00, 0x00, 0x00, 0x00, 0x00, 0x00, 0x00, 0x00, 0x00, 0x00, 0x00,
    0x00, 0x00, 0x00, 0x00, 0x00, 0x00, 0x00, 0x00, 0x00, 0x00, 0x00, 0x00, 0x00, 0x00, 0x00, 0x00,
    0x00, 0x00, 0x00, 0x00, 0x00, 0x00, 0x00, 0x00, 0x00, 0x00, 0x00, 0x00, 0x00, 0x00, 0x00, 0x00,
    0x00, 0x00, 0x00, 0x00, 0x00, 0x00, 0x00, 0x00, 0x00, 0x00, 0x00, 0x00, 0x00, 0x00, 0x00, 0x00,
    0x00, 0x00, 0x00, 0x00, 0x00, 0x00, 0x00, 0x00, 0x00, 0x00, 0x00, 0x00, 0x00, 0x00, 0x00, 0x00,
    0x00, 0x00, 0x00, 0x00, 0x00, 0x00, 0x00, 0x00, 0x00, 0x00, 0x00, 0x00, 0x00, 0x00, 0x00, 0x00,
    0x00, 0x00, 0x00, 0x00, 0x00, 0x00, 0x00, 0x00, 0x00, 0x00, 0x00, 0x00, 0x00, 0x00, 0x00, 0x00,
    0x00, 0x00, 0x00, 0x00, 0x00, 0x00, 0x00, 0x00, 0x00, 0x00, 0x00, 0x00, 0x00, 0x00, 0x00, 0x00,
    0x00, 0x00, 0x00, 0x00, 0x00, 0x00, 0x00, 0x00, 0x00, 0x00, 0x00, 0x00, 0x00, 0x00, 0x00, 0x00,
    0x00, 0x00, 0x00, 0x00, 0x00, 0x00, 0x00, 0x00, 0x00, 0x00, 0x00, 0x00, 0x00, 0x00, 0x00, 0x00,
    0x00, 0x00, 0x00, 0x00, 0x00, 0x00, 0x00, 0x00, 0x00, 0x00, 0x00, 0x00, 0x00, 0x00, 0x00, 0x00,
    0x00, 0x00, 0x00, 0x00, 0x00, 0x00, 0x00, 0x00, 0x00, 0x00, 0x00, 0x00, 0x00, 0x00, 0x00, 0x00,
    0x00, 0x00, 0x00, 0x00, 0x00, 0x00, 0x00, 0x00, 0x00, 0x00, 0x00, 0x00, 0x00, 0x00, 0x00, 0x00,
    0x00, 0x00, 0x00, 0x00, 0x00, 0x00, 0x00, 0x00, 0x00, 0x00, 0x00, 0x00, 0x00, 0x00, 0x00, 0x00,
    0x00, 0x00, 0x00, 0x00, 0x00, 0x00, 0x00, 0x00, 0x00, 0x00, 0x00, 0x00, 0x00, 0x00, 0x00, 0x00,
    0x00, 0x00, 0x00, 0x00, 0x00, 0x00, 0x00, 0x00, 0x00, 0x00, 0x00, 0x00, 0x00, 0x00, 0x00, 0x00,
    0x00, 0x00, 0x00, 0x00, 0x00, 0x00, 0x00, 0x00, 0x00, 0x00, 0x00, 0x00, 0x00, 0x00, 0x00, 0x00,
    0x00, 0x00, 0x00, 0x00, 0x00, 0x00, 0x00, 0x00, 0x00, 0x00, 0x00, 0x00, 0x00, 0x00, 0x00, 0x00,
    0x00, 0x00, 0x00, 0x00, 0x00, 0x00, 0x00, 0x00, 0x00, 0x00, 0x00, 0x00, 0x00, 0x00, 0x00, 0x00,
    0x00, 0x00, 0x00, 0x00, 0x00, 0x00, 0x00, 0x00, 0x00, 0x00, 0x00, 0x00, 0x00, 0x00, 0x00, 0x00,
    0x00, 0x00, 0x00, 0x00, 0x00, 0x00, 0x00, 0x00, 0x00, 0x00, 0x00, 0x00, 0x00, 0x00, 0x00, 0x00,
    0x00, 0x00, 0x00, 0x00, 0x00, 0x00, 0x00, 0x00, 0x00, 0x00, 0x00, 0x00, 0x00, 0x00, 0x00, 0x00,
    0x00, 0x00, 0x00, 0x00, 0x00, 0x00, 0x00, 0x00, 0x00, 0x00, 0x00, 0x00, 0x00, 0x00, 0x00, 0x00,
    0x00, 0x00, 0x00, 0x00, 0x00, 0x00, 0x00, 0x00, 0x00, 0x00, 0x00, 0x00, 0x00, 0x00, 0x00, 0x00,
    0x00, 0x00, 0x00, 0x00, 0x00, 0x00, 0x00, 0x00, 0x00, 0x00, 0x00, 0x00, 0x00, 0x00, 0x00, 0x00,
    0x00, 0x00, 0x00, 0x00, 0x00, 0x00, 0x00, 0x00, 0x00, 0x00, 0x00, 0x00, 0x00, 0x00, 0x00, 0x00,
    0x00, 0x00, 0x00, 0x00, 0x00, 0x00, 0x00, 0x00, 0x00, 0x00, 0x00, 0x00, 0x00, 0x00, 0x00, 0x00,
    0x00, 0x00, 0x00, 0x00, 0x00, 0x00, 0x00, 0x00, 0x00, 0x00, 0x00, 0x00, 0x00, 0x00, 0x00, 0x00,
    0x00, 0x00, 0x00, 0x00, 0x00, 0x00, 0x00, 0x00, 0x00, 0x00, 0x00, 0x00, 0x00, 0x00, 0x00, 0x00,
    0x00, 0x00, 0x00, 0x00, 0x00, 0x00, 0x00, 0x00, 0x00, 0x00, 0x00, 0x00, 0x00, 0x00, 0x00, 0x00,
    0x00, 0x00, 0x00, 0x00, 0x00, 0x00, 0x00, 0x00, 0x00, 0x00, 0x00, 0x00, 0x00, 0x00, 0x00, 0x00,
    0x00, 0x00, 0x00, 0x00, 0x00, 0x00, 0x00, 0x00, 0x00, 0x00, 0x00, 0x00, 0x00, 0x00, 0x00, 0x00,
    0x00, 0x00, 0x00, 0x00, 0x00, 0x00, 0x00, 0x00, 0x00, 0x00, 0x00, 0x00, 0x00, 0x00, 0x00, 0x00,
    0x00, 0x00, 0x00, 0x00, 0x00, 0x00, 0x00, 0x00, 0x00, 0x00, 0x00, 0x00, 0x00, 0x00, 0x00, 0x00,
    0x00, 0x00, 0x00, 0x00, 0x00, 0x00, 0x00, 0x00, 0x00, 0x00, 0x00, 0x00, 0x00, 0x00, 0x00, 0x00,
    0x00, 0x00, 0x00, 0x00, 0x00, 0x00, 0x00, 0x00, 0x00, 0x00, 0x00, 0x00, 0x00, 0x00, 0x00, 0x00,
    0x00, 0x00, 0x00, 0x00, 0x00, 0x00, 0x00, 0x00, 0x00, 0x00, 0x00, 0x00, 0x00, 0x00, 0x00, 0x00,
    0x00, 0x00, 0x00, 0x00, 0x00, 0x00, 0x00, 0x00, 0x00, 0x00, 0x00, 0x00, 0x00, 0x00, 0x00, 0x00,
    0x00, 0x00, 0x00, 0x00, 0x00, 0x00, 0x00, 0x00, 0x00, 0x00, 0x00, 0x00, 0x00, 0x00, 0x00, 0x00,
    0x00, 0x00, 0x00, 0x00, 0x00, 0x00, 0x00, 0x00, 0x00, 0x00, 0x00, 0x00, 0x00, 0x00, 0x00, 0x00,
    0x00, 0x00, 0x00, 0x00, 0x00, 0x00, 0x00, 0x00, 0x00, 0x00, 0x00, 0x00, 0x00, 0x00, 0x00, 0x00,
    0x00, 0x00, 0x00, 0x00, 0x00, 0x00, 0x00, 0x00, 0x00, 0x00, 0x00, 0x00, 0x00, 0x00, 0x00, 0x00,
    0x00, 0x00, 0x00, 0x00, 0x00, 0x00, 0x00, 0x00, 0x00, 0x00, 0x00, 0x00, 0x00, 0x00, 0x00, 0x00,
    0x00, 0x00, 0x00, 0x00, 0x00, 0x00, 0x00, 0x00, 0x00, 0x00, 0x00, 0x00, 0x00, 0x00, 0x00, 0x00,
    0x00, 0x00, 0x00, 0x00, 0x00, 0x00, 0x00, 0x00, 0x00, 0x00, 0x00, 0x00, 0x00, 0x00, 0x00, 0x00,
    0x00, 0x00, 0x00, 0x00, 0x00, 0x00, 0x00, 0x00, 0x00, 0x00, 0x00, 0x00, 0x00, 0x00, 0x00, 0x00,
    0x00, 0x00, 0x00, 0x00, 0x00, 0x00, 0x00, 0x00, 0x00, 0x00, 0x00, 0x00, 0x00, 0x00, 0x00, 0x00,
    0x00, 0x00, 0x00, 0x00, 0x00, 0x00, 0x00, 0x00, 0x00, 0x00, 0x00, 0x00, 0x00, 0x00, 0x00, 0x00,
    0x00, 0x00, 0x00, 0x00, 0x00, 0x00, 0x00, 0x00, 0x00, 0x00, 0x00, 0x00, 0x00, 0x00, 0x00, 0x00,
    0x00, 0x00, 0x00, 0x00, 0x00, 0x00, 0x00, 0x00, 0x00, 0x00, 0x00, 0x00, 0x00, 0x00, 0x00, 0x00,
    0x00, 0x00, 0x00, 0x00, 0x00, 0x00, 0x00, 0x00, 0x00, 0x00, 0x00, 0x00, 0x00, 0x00, 0x00, 0x00,
    0x00, 0x00, 0x00, 0x00, 0x00, 0x00, 0x00, 0x00, 0x00, 0x00, 0x00, 0x00, 0x00, 0x00, 0x00, 0x00,
    0x00, 0x00, 0x00, 0x00, 0x00, 0x00, 0x00, 0x00, 0x00, 0x00, 0x00, 0x00, 0x00, 0x00, 0x00, 0x00,
    0x00, 0x00, 0x00, 0x00, 0x00, 0x00, 0x00, 0x00, 0x00, 0x00, 0x00, 0x00, 0x00, 0x00, 0x00, 0x00,
    0x00, 0x00, 0x00, 0x00, 0x00, 0x00, 0x00, 0x00, 0x00, 0x00, 0x00, 0x00, 0x00, 0x00, 0x00, 0x00,
    0x00, 0x00, 0x00, 0x00, 0x00, 0x00, 0x00, 0x00, 0x00, 0x00, 0x00, 0x00, 0x00, 0x00, 0x00, 0x00,
    0x00, 0x00, 0x00, 0x00, 0x00, 0x00, 0x00, 0x00, 0x00, 0x00, 0x00, 0x00, 0x00, 0x00, 0x00, 0x00,
    0x00, 0x00, 0x00, 0x00, 0x00, 0x00, 0x00, 0x00, 0x00, 0x00, 0x00, 0x00, 0x00, 0x00, 0x00, 0x00,
    0x00, 0x00, 0x00, 0x00, 0x00, 0x00, 0x00, 0x00, 0x00, 0x00, 0x00, 0x00, 0x00, 0x00, 0x00, 0x00,
    0x00, 0x00, 0x00, 0x00, 0x00, 0x00, 0x00, 0x00, 0x00, 0x00, 0x00, 0x00, 0x00, 0x00, 0x00, 0x00,
    0x00, 0x00, 0x00, 0x00, 0x00, 0x00, 0x00, 0x00, 0x00, 0x00, 0x00, 0x00, 0x00, 0x00, 0x00, 0x00,
    0x00, 0x00, 0x00, 0x00, 0x00, 0x00, 0x00, 0x00, 0x00, 0x00, 0x00, 0x00, 0x00, 0x00, 0x00, 0x00,
    0x00, 0x00, 0x00, 0x00, 0x00, 0x00, 0x00, 0x00, 0x00, 0x00, 0x00, 0x00, 0x00, 0x00, 0x00, 0x00,
    0x00, 0x00, 0x00, 0x00, 0x00, 0x00, 0x00, 0x00, 0x00, 0x00, 0x00, 0x00, 0x00, 0x00, 0x00, 0x00,
    0x00, 0x00, 0x00, 0x00, 0x00, 0x00, 0x00, 0x00, 0x00, 0x00, 0x00, 0x00, 0x00, 0x00, 0x00, 0x00,
    0x00, 0x00, 0x00, 0x00, 0x00, 0x00, 0x00, 0x00, 0x00, 0x00, 0x00, 0x00, 0x00, 0x00, 0x00, 0x00,
    0x00, 0x00, 0x00, 0x00, 0x00, 0x00, 0x00, 0x00, 0x00, 0x00, 0x00, 0x00, 0x00, 0x00, 0x00, 0x00,
    0x00, 0x00, 0x00, 0x00, 0x00, 0x00, 0x00, 0x00, 0x00, 0x00, 0x00, 0x00, 0x00, 0x00, 0x00, 0x00,
    0x00, 0x00, 0x00, 0x00, 0x00, 0x00, 0x00, 0x00, 0x00, 0x00, 0x00, 0x00, 0x00, 0x00, 0x00, 0x00,
    0x00, 0x00, 0x00, 0x00, 0x00, 0x00, 0x00, 0x00, 0x00, 0x00, 0x00, 0x00, 0x00, 0x00, 0x00, 0x00,
    0x00, 0x00, 0x00, 0x00, 0x00, 0x00, 0x00, 0x00, 0x00, 0x00, 0x00, 0x00, 0x00, 0x00, 0x00, 0x00,
    0x00, 0x00, 0x00, 0x00, 0x00, 0x00, 0x00, 0x00, 0x00, 0x00, 0x00, 0x00, 0x00, 0x00, 0x00, 0x00,
    0x00, 0x00, 0x00, 0x00, 0x00, 0x00, 0x00, 0x00, 0x00, 0x00, 0x00, 0x00, 0x00, 0x00, 0x00, 0x00,
    0x00, 0x00, 0x00, 0x00, 0x00, 0x00, 0x00, 0x00, 0x00, 0x00, 0x00, 0x00, 0x00, 0x00, 0x00, 0x00,
    0x00, 0x00, 0x00, 0x00, 0x00, 0x00, 0x00, 0x00, 0x00, 0x00, 0x00, 0x00, 0x00, 0x00, 0x00, 0x00,
    0x00, 0x00, 0x00, 0x00, 0x00, 0x00, 0x00, 0x00, 0x00, 0x00, 0x00, 0x00, 0x00, 0x00, 0x00, 0x00,
    0x00, 0x00, 0x00, 0x00, 0x00, 0x00, 0x00, 0x00, 0x00, 0x00, 0x00, 0x00, 0x00, 0x00, 0x00, 0x00,
    0x00, 0x00, 0x00, 0x00, 0x00, 0x00, 0x00, 0x00, 0x00, 0x00, 0x00, 0x00, 0x00, 0x00, 0x00, 0x00,
    0x00, 0x00, 0x00, 0x00, 0x00, 0x00, 0x00, 0x00, 0x00, 0x00, 0x00, 0x00, 0x00, 0x00, 0x00, 0x00,
    0x00, 0x00, 0x00, 0x00, 0x00, 0x00, 0x00, 0x00, 0x00, 0x00, 0x00, 0x00, 0x00, 0x00, 0x00, 0x00,
    0x00, 0x00, 0x00, 0x00, 0x00, 0x00, 0x00, 0x00, 0x00, 0x00, 0x00, 0x00, 0x00, 0x00, 0x00, 0x00,
    0x00, 0x00, 0x00, 0x00, 0x00, 0x00, 0x00, 0x00, 0x00, 0x00, 0x00, 0x00, 0x00, 0x00, 0x00, 0x00,
    0x00, 0x00, 0x00, 0x00, 0x00, 0x00, 0x00, 0x00, 0x00, 0x00, 0x00, 0x00, 0x00, 0x00, 0x00, 0x00,
    0x00, 0x00, 0x00, 0x00, 0x00, 0x00, 0x00, 0x00, 0x00, 0x00, 0x00, 0x00, 0x00, 0x00, 0x00, 0x00,
    0x00, 0x00, 0x00, 0x00, 0x00, 0x00, 0x00, 0x00, 0x00, 0x00, 0x00, 0x00, 0x00, 0x00, 0x00, 0x00,
    0x00, 0x00, 0x00, 0x00, 0x00, 0x00, 0x00, 0x00, 0x00, 0x00, 0x00, 0x00, 0x00, 0x00, 0x00, 0x00,
    0x00, 0x00, 0x00, 0x00, 0x00, 0x00, 0x00, 0x00, 0x00, 0x00, 0x00, 0x00, 0x00, 0x00, 0x00, 0x00,
    0x00, 0x00, 0x00, 0x00, 0x00, 0x00, 0x00, 0x00, 0x00, 0x00, 0x00, 0x00, 0x00, 0x00, 0x00, 0x00,
    0x00, 0x00, 0x00, 0x00, 0x00, 0x00, 0x00, 0x00, 0x00, 0x00, 0x00, 0x00, 0x00, 0x00, 0x00, 0x00,
    0x00, 0x00, 0x00, 0x00, 0x00, 0x00, 0x00, 0x00, 0x00, 0x00, 0x00, 0x00, 0x00, 0x00, 0x00, 0x00,
    0x00, 0x00, 0x00, 0x00, 0x00, 0x00, 0x00, 0x00, 0x00, 0x00, 0x00, 0x00, 0x00, 0x00, 0x00, 0x00,
    0x00, 0x00, 0x00, 0x00, 0x00, 0x00, 0x00, 0x00, 0x00, 0x00, 0x00, 0x00, 0x00, 0x00, 0x00, 0x00,
    0x00, 0x00, 0x00, 0x00, 0x00, 0x00, 0x00, 0x00, 0x00, 0x00, 0x00, 0x00, 0x00, 0x00, 0x00, 0x00,
    0x00, 0x00, 0x00, 0x00, 0x00, 0x00, 0x00, 0x00, 0x00, 0x00, 0x00, 0x00, 0x00, 0x00, 0x00, 0x00,
    0x00, 0x00, 0x00, 0x00, 0x00, 0x00, 0x00, 0x00, 0x00, 0x00, 0x00, 0x00, 0x00, 0x00, 0x00, 0x00,
    0x00, 0x00, 0x00, 0x00, 0x00, 0x00, 0x00, 0x00, 0x00, 0x00, 0x00, 0x00, 0x00, 0x00, 0x00, 0x00,
    0x00, 0x00, 0x00, 0x00, 0x00, 0x00, 0x00, 0x00, 0x00, 0x00, 0x00, 0x00, 0x00, 0x00, 0x00, 0x00,
    0x00, 0x00, 0x00, 0x00, 0x00, 0x00, 0x00, 0x00, 0x00, 0x00, 0x00, 0x00, 0x00, 0x00, 0x00, 0x00,
    0x00, 0x00, 0x00, 0x00, 0x00, 0x00, 0x00, 0x00, 0x00, 0x00, 0x00, 0x00, 0x00, 0x00, 0x00, 0x00,
    0x00, 0x00, 0x00, 0x00, 0x00, 0x00, 0x00, 0x00, 0x00, 0x00, 0x00, 0x00, 0x00, 0x00, 0x00, 0x00,
    0x00, 0x00, 0x00, 0x00, 0x00, 0x00, 0x00, 0x00, 0x00, 0x00, 0x00, 0x00, 0x00, 0x00, 0x00, 0x00,
    0x00, 0x00, 0x00, 0x00, 0x00, 0x00, 0x00, 0x00, 0x00, 0x00, 0x00, 0x00, 0x00, 0x00, 0x00, 0x00,
    0x00, 0x00, 0x00, 0x00, 0x00, 0x00, 0x00, 0x00, 0x00, 0x00, 0x00, 0x00, 0x00, 0x00, 0x00, 0x00,
    0x00, 0x00, 0x00, 0x00, 0x00, 0x00, 0x00, 0x00, 0x00, 0x00, 0x00, 0x00, 0x00, 0x00, 0x00, 0x00,
    0x00, 0x00, 0x00, 0x00, 0x00, 0x00, 0x00, 0x00, 0x00, 0x00, 0x00, 0x00, 0x00, 0x00, 0x00, 0x00,
    0x00, 0x00, 0x00, 0x00, 0x00, 0x00, 0x00, 0x00, 0x00, 0x00, 0x00, 0x00, 0x00, 0x00, 0x00, 0x00,
    0x00, 0x00, 0x00, 0x00, 0x00, 0x00, 0x00, 0x00, 0x00, 0x00, 0x00, 0x00, 0x00, 0x00, 0x00, 0x00,
    0x00, 0x00, 0x00, 0x00, 0x00, 0x00, 0x00, 0x00, 0x00, 0x00, 0x00, 0x00, 0x00, 0x00, 0x00, 0x00,
    0x00, 0x00, 0x00, 0x00, 0x00, 0x00, 0x00, 0x00, 0x00, 0x00, 0x00, 0x00, 0x00, 0x00, 0x00, 0x00,
    0x00, 0x00, 0x00, 0x00, 0x00, 0x00, 0x00, 0x00, 0x00, 0x00, 0x00, 0x00, 0x00, 0x00, 0x00, 0x00,
    0x00, 0x00, 0x00, 0x00, 0x00, 0x00, 0x00, 0x00, 0x00, 0x00, 0x00, 0x00, 0x00, 0x00, 0x00, 0x00,
    0x00, 0x00, 0x00, 0x00, 0x00, 0x00, 0x00, 0x00, 0x00, 0x00, 0x00, 0x00, 0x00, 0x00, 0x00, 0x00,
    0x00, 0x00, 0x00, 0x00, 0x00, 0x00, 0x00, 0x00, 0x00, 0x00, 0x00, 0x00, 0x00, 0x00, 0x00, 0x00,
    0x00, 0x00, 0x00, 0x00, 0x00, 0x00, 0x00, 0x00, 0x00, 0x00, 0x00, 0x00, 0x00, 0x00, 0x00, 0x00,
    0x00, 0x00, 0x00, 0x00, 0x00, 0x00, 0x00, 0x00, 0x00, 0x00, 0x00, 0x00, 0x00, 0x00, 0x00, 0x00,
    0x00, 0x00, 0x00, 0x00, 0x00, 0x00, 0x00, 0x00, 0x00, 0x00, 0x00, 0x00, 0x00, 0x00, 0x00, 0x00,
    0x00, 0x00, 0x00, 0x00, 0x00, 0x00, 0x00, 0x00, 0x00, 0x00, 0x00, 0x00, 0x00, 0x00, 0x00, 0x00,
    0x00, 0x00, 0x00, 0x00, 0x00, 0x00, 0x00, 0x00, 0x00, 0x00, 0x00, 0x00, 0x00, 0x00, 0x00, 0x00,
    0x00, 0x00, 0x00, 0x00, 0x00, 0x00, 0x00, 0x00, 0x00, 0x00, 0x00, 0x00, 0x00, 0x00, 0x00, 0x00,
    0x00, 0x00, 0x00, 0x00, 0x00, 0x00, 0x00, 0x00, 0x00, 0x00, 0x00, 0x00, 0x00, 0x00, 0x00, 0x00,
    0x00, 0x00, 0x00, 0x00, 0x00, 0x00, 0x00, 0x00, 0x00, 0x00, 0x00, 0x00, 0x00, 0x00, 0x00, 0x00,
    0x00, 0x00, 0x00, 0x00, 0x00, 0x00, 0x00, 0x00, 0x00, 0x00, 0x00, 0x00, 0x00, 0x00, 0x00, 0x00,
    0x00, 0x00, 0x00, 0x00, 0x00, 0x00, 0x00, 0x00, 0x00, 0x00, 0x00, 0x00, 0x00, 0x00, 0x00, 0x00,
    0x00, 0x00, 0x00, 0x00, 0x00, 0x00, 0x00, 0x00, 0x00, 0x00, 0x00, 0x00, 0x00, 0x00, 0x00, 0x00,
    0x00, 0x00, 0x00, 0x00, 0x00, 0x00, 0x00, 0x00, 0x00, 0x00, 0x00, 0x00, 0x00, 0x00, 0x00, 0x00,
    0x00, 0x00, 0x00, 0x00, 0x00, 0x00, 0x00, 0x00, 0x00, 0x00, 0x00, 0x00, 0x00, 0x00, 0x00, 0x00,
    0x00, 0x00, 0x00, 0x00, 0x00, 0x00, 0x00, 0x00, 0x00, 0x00, 0x00, 0x00, 0x00, 0x00, 0x00, 0x00,
    0x00, 0x00, 0x00, 0x00, 0x00, 0x00, 0x00, 0x00, 0x00, 0x00, 0x00, 0x00, 0x00, 0x00, 0x00, 0x00,
    0x00, 0x00, 0x00, 0x00, 0x00, 0x00, 0x00, 0x00, 0x00, 0x00, 0x00, 0x00, 0x00, 0x00, 0x00, 0x00,
    0x00, 0x00, 0x00, 0x00, 0x00, 0x00, 0x00, 0x00, 0x00, 0x00, 0x00, 0x00, 0x00, 0x00, 0x00, 0x00,
    0x00, 0x00, 0x00, 0x00, 0x00, 0x00, 0x00, 0x00, 0x00, 0x00, 0x00, 0x00, 0x00, 0x00, 0x00, 0x00,
    0x00, 0x00, 0x00, 0x00, 0x00, 0x00, 0x00, 0x00, 0x00, 0x00, 0x00, 0x00, 0x00, 0x00, 0x00, 0x00,
    0x00, 0x00, 0x00, 0x00, 0x00, 0x00, 0x00, 0x00, 0x00, 0x00, 0x00, 0x00, 0x00, 0x00, 0x00, 0x00,
    0x00, 0x00, 0x00, 0x00, 0x00, 0x00, 0x00, 0x00, 0x00, 0x00, 0x00, 0x00, 0x00, 0x00, 0x00, 0x00,
    0x00, 0x00, 0x00, 0x00, 0x00, 0x00, 0x00, 0x00, 0x00, 0x00, 0x00, 0x00, 0x00, 0x00, 0x00, 0x00,
    0x00, 0x00, 0x00, 0x00, 0x00, 0x00, 0x00, 0x00, 0x00, 0x00, 0x00, 0x00, 0x00, 0x00, 0x00, 0x00,
    0x00, 0x00, 0x00, 0x00, 0x00, 0x00, 0x00, 0x00, 0x00, 0x00, 0x00, 0x00, 0x00, 0x00, 0x00, 0x00,
    0x00, 0x00, 0x00, 0x00, 0x00, 0x00, 0x00, 0x00, 0x00, 0x00, 0x00, 0x00, 0x00, 0x00, 0x00, 0x00,
    0x00, 0x00, 0x00, 0x00, 0x00, 0x00, 0x00, 0x00, 0x00, 0x00, 0x00, 0x00, 0x00, 0x00, 0x00, 0x00,
    0x00, 0x00, 0x00, 0x00, 0x00, 0x00, 0x00, 0x00, 0x00, 0x00, 0x00, 0x00, 0x00, 0x00, 0x00, 0x00,
    0x00, 0x00, 0x00, 0x00, 0x00, 0x00, 0x00, 0x00, 0x00, 0x00, 0x00, 0x00, 0x00, 0x00, 0x00, 0x00,
    0x00, 0x00, 0x00, 0x00, 0x00, 0x00, 0x00, 0x00, 0x00, 0x00, 0x00, 0x00, 0x00, 0x00, 0x00, 0x00,
    0x00, 0x00, 0x00, 0x00, 0x00, 0x00, 0x00, 0x00, 0x00, 0x00, 0x00, 0x00, 0x00, 0x00, 0x00, 0x00,
    0x00, 0x00, 0x00, 0x00, 0x00, 0x00, 0x00, 0x00, 0x00, 0x00, 0x00, 0x00, 0x00, 0x00, 0x00, 0x00,
    0x00, 0x00, 0x00, 0x00, 0x00, 0x00, 0x00, 0x00, 0x00, 0x00, 0x00, 0x00, 0x00, 0x00, 0x00, 0x00,
    0x00, 0x00, 0x00, 0x00, 0x00, 0x00, 0x00, 0x00, 0x00, 0x00, 0x00, 0x00, 0x00, 0x00, 0x00, 0x00,
    0x00, 0x00, 0x00, 0x00, 0x00, 0x00, 0x00, 0x00, 0x00, 0x00, 0x00, 0x00, 0x00, 0x00, 0x00, 0x00,
    0x00, 0x00, 0x00, 0x00, 0x00, 0x00, 0x00, 0x00, 0x00, 0x00, 0x00, 0x00, 0x00, 0x00, 0x00, 0x00,
    0x00, 0x00, 0x00, 0x00, 0x00, 0x00, 0x00, 0x00, 0x00, 0x00, 0x00, 0x00, 0x00, 0x00, 0x00, 0x00,
    0x00, 0x00, 0x00, 0x00, 0x00, 0x00, 0x00, 0x00, 0x00, 0x00, 0x00, 0x00, 0x00, 0x00, 0x00, 0x00,
    0x00, 0x00, 0x00, 0x00, 0x00, 0x00, 0x00, 0x00, 0x00, 0x00, 0x00, 0x00, 0x00, 0x00, 0x00, 0x00,
    0x00, 0x00, 0x00, 0x00, 0x00, 0x00, 0x00, 0x00, 0x00, 0x00, 0x00, 0x00, 0x00, 0x00, 0x00, 0x00,
    0x00, 0x00, 0x00, 0x00, 0x00, 0x00, 0x00, 0x00, 0x00, 0x00, 0x00, 0x00, 0x00, 0x00, 0x00, 0x00,
    0x00, 0x00, 0x00, 0x00, 0x00, 0x00, 0x00, 0x00, 0x00, 0x00, 0x00, 0x00, 0x00, 0x00, 0x00, 0x00,
    0x00, 0x00, 0x00, 0x00, 0x00, 0x00, 0x00, 0x00, 0x00, 0x00, 0x00, 0x00, 0x00, 0x00, 0x00, 0x00,
    0x00, 0x00, 0x00, 0x00, 0x00, 0x00, 0x00, 0x00, 0x00, 0x00, 0x00, 0x00, 0x00, 0x00, 0x00, 0x00,
    0x00, 0x00, 0x00, 0x00, 0x00, 0x00, 0x00, 0x00, 0x00, 0x00, 0x00, 0x00, 0x00, 0x00, 0x00, 0x00,
    0x00, 0x00, 0x00, 0x00, 0x00, 0x00, 0x00, 0x00, 0x00, 0x00, 0x00, 0x00, 0x00, 0x00, 0x00, 0x00,
    0x00, 0x00, 0x00, 0x00, 0x00, 0x00, 0x00, 0x00, 0x00, 0x00, 0x00, 0x00, 0x00, 0x00, 0x00, 0x00,
    0x00, 0x00, 0x00, 0x00, 0x00, 0x00, 0x00, 0x00, 0x00, 0x00, 0x00, 0x00, 0x00, 0x00, 0x00, 0x00,
    0x00, 0x00, 0x00, 0x00, 0x00, 0x00, 0x00, 0x00, 0x00, 0x00, 0x00, 0x00, 0x00, 0x00, 0x00, 0x00,
    0x00, 0x00, 0x00, 0x00, 0x00, 0x00, 0x00, 0x00, 0x00, 0x00, 0x00, 0x00, 0x00, 0x00, 0x00, 0x00,
    0x00, 0x00, 0x00, 0x00, 0x00, 0x00, 0x00, 0x00, 0x00, 0x00, 0x00, 0x00, 0x00, 0x00, 0x00, 0x00,
    0x00, 0x00, 0x00, 0x00, 0x00, 0x00, 0x00, 0x00, 0x00, 0x00, 0x00, 0x00, 0x00, 0x00, 0x00, 0x00,
    0x00, 0x00, 0x00, 0x00, 0x00, 0x00, 0x00, 0x00, 0x00, 0x00, 0x00, 0x00, 0x00, 0x00, 0x00, 0x00,
    0x00, 0x00, 0x00, 0x00, 0x00, 0x00, 0x00, 0x00, 0x00, 0x00, 0x00, 0x00, 0x00, 0x00, 0x00, 0x00,
    0x00, 0x00, 0x00, 0x00, 0x00, 0x00, 0x00, 0x00, 0x00, 0x00, 0x00, 0x00, 0x00, 0x00, 0x00, 0x00,
    0x00, 0x00, 0x00, 0x00, 0x00, 0x00, 0x00, 0x00, 0x00, 0x00, 0x00, 0x00, 0x00, 0x00, 0x00, 0x00,
    0x00, 0x00, 0x00, 0x00, 0x00, 0x00, 0x00, 0x00, 0x00, 0x00, 0x00, 0x00, 0x00, 0x00, 0x00, 0x00,
    0x00, 0x00, 0x00, 0x00, 0x00, 0x00, 0x00, 0x00, 0x00, 0x00, 0x00, 0x00, 0x00, 0x00, 0x00, 0x00,
    0x00, 0x00, 0x00, 0x00, 0x00, 0x00, 0x00, 0x00, 0x00, 0x00, 0x00, 0x00, 0x00, 0x00, 0x00, 0x00,
    0x00, 0x00, 0x00, 0x00, 0x00, 0x00, 0x00, 0x00, 0x00, 0x00, 0x00, 0x00, 0x00, 0x00, 0x00, 0x00,
    0x00, 0x00, 0x00, 0x00, 0x00, 0x00, 0x00, 0x00, 0x00, 0x00, 0x00, 0x00, 0x00, 0x00, 0x00, 0x00,
    0x00, 0x00, 0x00, 0x00, 0x00, 0x00, 0x00, 0x00, 0x00, 0x00, 0x00, 0x00, 0x00, 0x00, 0x00, 0x00,
    0x00, 0x00, 0x00, 0x00, 0x00, 0x00, 0x00, 0x00, 0x00, 0x00, 0x00, 0x00, 0x00, 0x00, 0x00, 0x00,
    0x00, 0x00, 0x00, 0x00, 0x00, 0x00, 0x00, 0x00, 0x00, 0x00, 0x00, 0x00, 0x00, 0x00, 0x00, 0x00,
    0x00, 0x00, 0x00, 0x00, 0x00, 0x00, 0x00, 0x00, 0x00, 0x00, 0x00, 0x00, 0x00, 0x00, 0x00, 0x00,
    0x00, 0x00, 0x00, 0x00, 0x00, 0x00, 0x00, 0x00, 0x00, 0x00, 0x00, 0x00, 0x00, 0x00, 0x00, 0x00,
    0x00, 0x00, 0x00, 0x00, 0x00, 0x00, 0x00, 0x00, 0x00, 0x00, 0x00, 0x00, 0x00, 0x00, 0x00, 0x00,
    0x00, 0x00, 0x00, 0x00, 0x00, 0x00, 0x00, 0x00, 0x00, 0x00, 0x00, 0x00, 0x00, 0x00, 0x00, 0x00,
    0x00, 0x00, 0x00, 0x00, 0x00, 0x00, 0x00, 0x00, 0x00, 0x00, 0x00, 0x00, 0x00, 0x00, 0x00, 0x00,
    0x00, 0x00, 0x00, 0x00, 0x00, 0x00, 0x00, 0x00, 0x00, 0x00, 0x00, 0x00, 0x00, 0x00, 0x00, 0x00,
    0x00, 0x00, 0x00, 0x00, 0x00, 0x00, 0x00, 0x00, 0x00, 0x00, 0x00, 0x00, 0x00, 0x00, 0x00, 0x00,
    0x00, 0x00, 0x00, 0x00, 0x00, 0x00, 0x00, 0x00, 0x00, 0x00, 0x00, 0x00, 0x00, 0x00, 0x00, 0x00,
    0x00, 0x00, 0x00, 0x00, 0x00, 0x00, 0x00, 0x00, 0x00, 0x00, 0x00, 0x00, 0x00, 0x00, 0x00, 0x00,
    0x00, 0x00, 0x00, 0x00, 0x00, 0x00, 0x00, 0x00, 0x00, 0x00, 0x00, 0x00, 0x00, 0x00, 0x00, 0x00,
    0x00, 0x00, 0x00, 0x00, 0x00, 0x00, 0x00, 0x00, 0x00, 0x00, 0x00, 0x00, 0x00, 0x00, 0x00, 0x00,
    0x00, 0x00, 0x00, 0x00, 0x00, 0x00, 0x00, 0x00, 0x00, 0x00, 0x00, 0x00, 0x00, 0x00, 0x00, 0x00,
    0x00, 0x00, 0x00, 0x00, 0x00, 0x00, 0x00, 0x00, 0x00, 0x00, 0x00, 0x00, 0x00, 0x00, 0x00, 0x00,
    0x00, 0x00, 0x00, 0x00, 0x00, 0x00, 0x00, 0x00, 0x00, 0x00, 0x00, 0x00, 0x00, 0x00, 0x00, 0x00,
    0x00, 0x00, 0x00, 0x00, 0x00, 0x00, 0x00, 0x00, 0x00, 0x00, 0x00, 0x00, 0x00, 0x00, 0x00, 0x00,
    0x00, 0x00, 0x00, 0x00, 0x00, 0x00, 0x00, 0x00, 0x00, 0x00, 0x00, 0x00, 0x00, 0x00, 0x00, 0x00,
    0x00, 0x00, 0x00, 0x00, 0x00, 0x00, 0x00, 0x00, 0x00, 0x00, 0x00, 0x00, 0x00, 0x00, 0x00, 0x00,
    0x00, 0x00, 0x00, 0x00, 0x00, 0x00, 0x00, 0x00, 0x00, 0x00, 0x00, 0x00, 0x00, 0x00, 0x00, 0x00,
    0x00, 0x00, 0x00, 0x00, 0x00, 0x00, 0x00, 0x00, 0x00, 0x00, 0x00, 0x00, 0x00, 0x00, 0x00, 0x00,
    0x00, 0x00, 0x00, 0x00, 0x00, 0x00, 0x00, 0x00, 0x00, 0x00, 0x00, 0x00, 0x00, 0x00, 0x00, 0x00,
    0x00, 0x00, 0x00, 0x00, 0x00, 0x00, 0x00, 0x00, 0x00, 0x00, 0x00, 0x00, 0x00, 0x00, 0x00, 0x00,
    0x00, 0x00, 0x00, 0x00, 0x00, 0x00, 0x00, 0x00, 0x00, 0x00, 0x00, 0x00, 0x00, 0x00, 0x00, 0x00,
    0x00, 0x00, 0x00, 0x00, 0x00, 0x00, 0x00, 0x00, 0x00, 0x00, 0x00, 0x00, 0x00, 0x00, 0x00, 0x00,
    0x00, 0x00, 0x00, 0x00, 0x00, 0x00, 0x00, 0x00, 0x00, 0x00, 0x00, 0x00, 0x00, 0x00, 0x00, 0x00,
    0x00, 0x00, 0x00, 0x00, 0x00, 0x00, 0x00, 0x00, 0x00, 0x00, 0x00, 0x00, 0x00, 0x00, 0x00, 0x00,
    0x00, 0x00, 0x00, 0x00, 0x00, 0x00, 0x00, 0x00, 0x00, 0x00, 0x00, 0x00, 0x00, 0x00, 0x00, 0x00,
    0x00, 0x00, 0x00, 0x00, 0x00, 0x00, 0x00, 0x00, 0x00, 0x00, 0x00, 0x00, 0x00, 0x00, 0x00, 0x00,
    0x00, 0x00, 0x00, 0x00, 0x00, 0x00, 0x00, 0x00, 0x00, 0x00, 0x00, 0x00, 0x00, 0x00, 0x00, 0x00,
    0x00, 0x00, 0x00, 0x00, 0x00, 0x00, 0x00, 0x00, 0x00, 0x00, 0x00, 0x00, 0x00, 0x00, 0x00, 0x00,
    0x00, 0x00, 0x00, 0x00, 0x00, 0x00, 0x00, 0x00, 0x00, 0x00, 0x00, 0x00, 0x00, 0x00, 0x00, 0x00,
    0x00, 0x00, 0x00, 0x00, 0x00, 0x00, 0x00, 0x00, 0x00, 0x00, 0x00, 0x00, 0x00, 0x00, 0x00, 0x00,
    0x00, 0x00, 0x00, 0x00, 0x00, 0x00, 0x00, 0x00, 0x00, 0x00, 0x00, 0x00, 0x00, 0x00, 0x00, 0x00,
    0x00, 0x00, 0x00, 0x00, 0x00, 0x00, 0x00, 0x00, 0x00, 0x00, 0x00, 0x00, 0x00, 0x00, 0x00, 0x00,
    0x00, 0x00, 0x00, 0x00, 0x00, 0x00, 0x00, 0x00, 0x00, 0x00, 0x00, 0x00, 0x00, 0x00, 0x00, 0x00,
    0x00, 0x00, 0x00, 0x00, 0x00, 0x00, 0x00, 0x00, 0x00, 0x00, 0x00, 0x00, 0x00, 0x00, 0x00, 0x00,
    0x00, 0x00, 0x00, 0x00, 0x00, 0x00, 0x00, 0x00, 0x00, 0x00, 0x00, 0x00, 0x00, 0x00, 0x00, 0x00,
    0x00, 0x00, 0x00, 0x00, 0x00, 0x00, 0x00, 0x00, 0x00, 0x00, 0x00, 0x00, 0x00, 0x00, 0x00, 0x00,
    0x00, 0x00, 0x00, 0x00, 0x00, 0x00, 0x00, 0x00, 0x00, 0x00, 0x00, 0x00, 0x00, 0x00, 0x00, 0x00,
    0x00, 0x00, 0x00, 0x00, 0x00, 0x00, 0x00, 0x00, 0x00, 0x00, 0x00, 0x00, 0x00, 0x00, 0x00, 0x00,
    0x00, 0x00, 0x00, 0x00, 0x00, 0x00, 0x00, 0x00, 0x00, 0x00, 0x00, 0x00, 0x00, 0x00, 0x00, 0x00,
    0x00, 0x00, 0x00, 0x00, 0x00, 0x00, 0x00, 0x00, 0x00, 0x00, 0x00, 0x00, 0x00, 0x00, 0x00, 0x00,
    0x00, 0x00, 0x00, 0x00, 0x00, 0x00, 0x00, 0x00, 0x00, 0x00, 0x00, 0x00, 0x00, 0x00, 0x00, 0x00,
    0x00, 0x00, 0x00, 0x00, 0x00, 0x00, 0x00, 0x00, 0x00, 0x00, 0x00, 0x00, 0x00, 0x00, 0x00, 0x00,
    0x00, 0x00, 0x00, 0x00, 0x00, 0x00, 0x00, 0x00, 0x00, 0x00, 0x00, 0x00, 0x00, 0x00, 0x00, 0x00,
    0x00, 0x00, 0x00, 0x00, 0x00, 0x00, 0x00, 0x00, 0x00, 0x00, 0x00, 0x00, 0x00, 0x00, 0x00, 0x00,
    0x00, 0x00, 0x00, 0x00, 0x00, 0x00, 0x00, 0x00, 0x00, 0x00, 0x00, 0x00, 0x00, 0x00, 0x00, 0x00,
    0x00, 0x00, 0x00, 0x00, 0x00, 0x00, 0x00, 0x00, 0x00, 0x00, 0x00, 0x00, 0x00, 0x00, 0x00, 0x00,
    0x00, 0x00, 0x00, 0x00, 0x00, 0x00, 0x00, 0x00, 0x00, 0x00, 0x00, 0x00, 0x00, 0x00, 0x00, 0x00,
    0x00, 0x00, 0x00, 0x00, 0x00, 0x00, 0x00, 0x00, 0x00, 0x00, 0x00, 0x00, 0x00, 0x00, 0x00, 0x00,
    0x00, 0x00, 0x00, 0x00, 0x00, 0x00, 0x00, 0x00, 0x00, 0x00, 0x00, 0x00, 0x00, 0x00, 0x00, 0x00,
    0x00, 0x00, 0x00, 0x00, 0x00, 0x00, 0x00, 0x00, 0x00, 0x00, 0x00, 0x00, 0x00, 0x00, 0x00, 0x00,
    0x00, 0x00, 0x00, 0x00, 0x00, 0x00, 0x00, 0x00, 0x00, 0x00, 0x00, 0x00, 0x00, 0x00, 0x00, 0x00,
    0x00, 0x00, 0x00, 0x00, 0x00, 0x00, 0x00, 0x00, 0x00, 0x00, 0x00, 0x00, 0x00, 0x00, 0x00, 0x00,
    0x00, 0x00, 0x00, 0x00, 0x00, 0x00, 0x00, 0x00, 0x00, 0x00, 0x00, 0x00, 0x00, 0x00, 0x00, 0x00,
    0x00, 0x00, 0x00, 0x00, 0x00, 0x00, 0x00, 0x00, 0x00, 0x00, 0x00, 0x00, 0x00, 0x00, 0x00, 0x00,
    0x00, 0x00, 0x00, 0x00, 0x00, 0x00, 0x00, 0x00, 0x00, 0x00, 0x00, 0x00, 0x00, 0x00, 0x00, 0x00,
    0x00, 0x00, 0x00, 0x00, 0x00, 0x00, 0x00, 0x00, 0x00, 0x00, 0x00, 0x00, 0x00, 0x00, 0x00, 0x00,
    0x00, 0x00, 0x00, 0x00, 0x00, 0x00, 0x00, 0x00, 0x00, 0x00, 0x00, 0x00, 0x00, 0x00, 0x00, 0x00,
    0x00, 0x00, 0x00, 0x00, 0x00, 0x00, 0x00, 0x00, 0x00, 0x00, 0x00, 0x00, 0x00, 0x00, 0x00, 0x00,
    0x00, 0x00, 0x00, 0x00, 0x00, 0x00, 0x00, 0x00, 0x00, 0x00, 0x00, 0x00, 0x00, 0x00, 0x00, 0x00,
    0x00, 0x00, 0x00, 0x00, 0x00, 0x00, 0x00, 0x00, 0x00, 0x00, 0x00, 0x00, 0x00, 0x00, 0x00, 0x00,
    0x00, 0x00, 0x00, 0x00, 0x00, 0x00, 0x00, 0x00, 0x00, 0x00, 0x00, 0x00, 0x00, 0x00, 0x00, 0x00,
    0x00, 0x00, 0x00, 0x00, 0x00, 0x00, 0x00, 0x00, 0x00, 0x00, 0x00, 0x00, 0x00, 0x00, 0x00, 0x00,
    0x00, 0x00, 0x00, 0x00, 0x00, 0x00, 0x00, 0x00, 0x00, 0x00, 0x00, 0x00, 0x00, 0x00, 0x00, 0x00,
    0x00, 0x00, 0x00, 0x00, 0x00, 0x00, 0x00, 0x00, 0x00, 0x00, 0x00, 0x00, 0x00, 0x00, 0x00, 0x00,
    0x00, 0x00, 0x00, 0x00, 0x00, 0x00, 0x00, 0x00, 0x00, 0x00, 0x00, 0x00, 0x00, 0x00, 0x00, 0x00,
    0x00, 0x00, 0x00, 0x00, 0x00, 0x00, 0x00, 0x00, 0x00, 0x00, 0x00, 0x00, 0x00, 0x00, 0x00, 0x00,
    0x00, 0x00, 0x00, 0x00, 0x00, 0x00, 0x00, 0x00, 0x00, 0x00, 0x00, 0x00, 0x00, 0x00, 0x00, 0x00,
    0x00, 0x00, 0x00, 0x00, 0x00, 0x00, 0x00, 0x00, 0x00, 0x00, 0x00, 0x00, 0x00, 0x00, 0x00, 0x00,
    0x00, 0x00, 0x00, 0x00, 0x00, 0x00, 0x00, 0x00, 0x00, 0x00, 0x00, 0x00, 0x00, 0x00, 0x00, 0x00,
    0x00, 0x00, 0x00, 0x00, 0x00, 0x00, 0x00, 0x00, 0x00, 0x00, 0x00, 0x00, 0x00, 0x00, 0x00, 0x00,
    0x00, 0x00, 0x00, 0x00, 0x00, 0x00, 0x00, 0x00, 0x00, 0x00, 0x00, 0x00, 0x00, 0x00, 0x00, 0x00,
    0x00, 0x00, 0x00, 0x00, 0x00, 0x00, 0x00, 0x00, 0x00, 0x00, 0x00, 0x00, 0x00, 0x00, 0x00, 0x00,
    0x00, 0x00, 0x00, 0x00, 0x00, 0x00, 0x00, 0x00, 0x00, 0x00, 0x00, 0x00, 0x00, 0x00, 0x00, 0x00,
    0x00, 0x00, 0x00, 0x00, 0x00, 0x00, 0x00, 0x00, 0x00, 0x00, 0x00, 0x00, 0x00, 0x00, 0x00, 0x00,
    0x00, 0x00, 0x00, 0x00, 0x00, 0x00, 0x00, 0x00, 0x00, 0x00, 0x00, 0x00, 0x00, 0x00, 0x00, 0x00,
    0x00, 0x00, 0x00, 0x00, 0x00, 0x00, 0x00, 0x00, 0x00, 0x00, 0x00, 0x00, 0x00, 0x00, 0x00, 0x00,
    0x00, 0x00, 0x00, 0x00, 0x00, 0x00, 0x00, 0x00, 0x00, 0x00, 0x00, 0x00, 0x00, 0x00, 0x00, 0x00,
    0x00, 0x00, 0x00, 0x00, 0x00, 0x00, 0x00, 0x00, 0x00, 0x00, 0x00, 0x00, 0x00, 0x00, 0x00, 0x00,
    0x00, 0x00, 0x00, 0x00, 0x00, 0x00, 0x00, 0x00, 0x00, 0x00, 0x00, 0x00, 0x00, 0x00, 0x00, 0x00,
    0x00, 0x00, 0x00, 0x00, 0x00, 0x00, 0x00, 0x00, 0x00, 0x00, 0x00, 0x00, 0x00, 0x00, 0x00, 0x00,
    0x00, 0x00, 0x00, 0x00, 0x00, 0x00, 0x00, 0x00, 0x00, 0x00, 0x00, 0x00, 0x00, 0x00, 0x00, 0x00,
    0x00, 0x00, 0x00, 0x00, 0x00, 0x00, 0x00, 0x00, 0x00, 0x00, 0x00, 0x00, 0x00, 0x00, 0x00, 0x00,
    0x00, 0x00, 0x00, 0x00, 0x00, 0x00, 0x00, 0x00, 0x00, 0x00, 0x00, 0x00, 0x00, 0x00, 0x00, 0x00,
    0x00, 0x00, 0x00, 0x00, 0x00, 0x00, 0x00, 0x00, 0x00, 0x00, 0x00, 0x00, 0x00, 0x00, 0x00, 0x00,
    0x00, 0x00, 0x00, 0x00, 0x00, 0x00, 0x00, 0x00, 0x00, 0x00, 0x00, 0x00, 0x00, 0x00, 0x00, 0x00,
    0x00, 0x00, 0x00, 0x00, 0x00, 0x00, 0x00, 0x00, 0x00, 0x00, 0x00, 0x00, 0x00, 0x00, 0x00, 0x00,
    0x00, 0x00, 0x00, 0x00, 0x00, 0x00, 0x00, 0x00, 0x00, 0x00, 0x00, 0x00, 0x00, 0x00, 0x00, 0x00,
    0x00, 0x00, 0x00, 0x00, 0x00, 0x00, 0x00, 0x00, 0x00, 0x00, 0x00, 0x00, 0x00, 0x00, 0x00, 0x00,
    0x00, 0x00, 0x00, 0x00, 0x00, 0x00, 0x00, 0x00, 0x00, 0x00, 0x00, 0x00, 0x00, 0x00, 0x00, 0x00,
    0x00, 0x00, 0x00, 0x00, 0x00, 0x00, 0x00, 0x00, 0x00, 0x00, 0x00, 0x00, 0x00, 0x00, 0x00, 0x00,
    0x00, 0x00, 0x00, 0x00, 0x00, 0x00, 0x00, 0x00, 0x00, 0x00, 0x00, 0x00, 0x00, 0x00, 0x00, 0x00,
    0x00, 0x00, 0x00, 0x00, 0x00, 0x00, 0x00, 0x00, 0x00, 0x00, 0x00, 0x00, 0x00, 0x00, 0x00, 0x00,
    0x00, 0x00, 0x00, 0x00, 0x00, 0x00, 0x00, 0x00, 0x00, 0x00, 0x00, 0x00, 0x00, 0x00, 0x00, 0x00,
    0x00, 0x00, 0x00, 0x00, 0x00, 0x00, 0x00, 0x00, 0x00, 0x00, 0x00, 0x00, 0x00, 0x00, 0x00, 0x00,
    0x00, 0x00, 0x00, 0x00, 0x00, 0x00, 0x00, 0x00, 0x00, 0x00, 0x00, 0x00, 0x00, 0x00, 0x00, 0x00,
    0x00, 0x00, 0x00, 0x00, 0x00, 0x00, 0x00, 0x00, 0x00, 0x00, 0x00, 0x00, 0x00, 0x00, 0x00, 0x00,
    0x00, 0x00, 0x00, 0x00, 0x00, 0x00, 0x00, 0x00, 0x00, 0x00, 0x00, 0x00, 0x00, 0x00, 0x00, 0x00,
    0x00, 0x00, 0x00, 0x00, 0x00, 0x00, 0x00, 0x00, 0x00, 0x00, 0x00, 0x00, 0x00, 0x00, 0x00, 0x00,
    0x00, 0x00, 0x00, 0x00, 0x00, 0x00, 0x00, 0x00, 0x00, 0x00, 0x00, 0x00, 0x00, 0x00, 0x00, 0x00,
    0x00, 0x00, 0x00, 0x00, 0x00, 0x00, 0x00, 0x00, 0x00, 0x00, 0x00, 0x00, 0x00, 0x00, 0x00, 0x00,
    0x00, 0x00, 0x00, 0x00, 0x00, 0x00, 0x00, 0x00, 0x00, 0x00, 0x00, 0x00, 0x00, 0x00, 0x00, 0x00,
    0x00, 0x00, 0x00, 0x00, 0x00, 0x00, 0x00, 0x00, 0x00, 0x00, 0x00, 0x00, 0x00, 0x00, 0x00, 0x00,
    0x00, 0x00, 0x00, 0x00, 0x00, 0x00, 0x00, 0x00, 0x00, 0x00, 0x00, 0x00, 0x00, 0x00, 0x00, 0x00,
    0x00, 0x00, 0x00, 0x00, 0x00, 0x00, 0x00, 0x00, 0x00, 0x00, 0x00, 0x00, 0x00, 0x00, 0x00, 0x00,
    0x00, 0x00, 0x00, 0x00, 0x00, 0x00, 0x00, 0x00, 0x00, 0x00, 0x00, 0x00, 0x00, 0x00, 0x00, 0x00,
    0x00, 0x00, 0x00, 0x00, 0x00, 0x00, 0x00, 0x00, 0x00, 0x00, 0x00, 0x00, 0x00, 0x00, 0x00, 0x00,
    0x00, 0x00, 0x00, 0x00, 0x00, 0x00, 0x00, 0x00, 0x00, 0x00, 0x00, 0x00, 0x00, 0x00, 0x00, 0x00,
    0x00, 0x00, 0x00, 0x00, 0x00, 0x00, 0x00, 0x00, 0x00, 0x00, 0x00, 0x00, 0x00, 0x00, 0x00, 0x00,
    0x00, 0x00, 0x00, 0x00, 0x00, 0x00, 0x00, 0x00, 0x00, 0x00, 0x00, 0x00, 0x00, 0x00, 0x00, 0x00,
    0x00, 0x00, 0x00, 0x00, 0x00, 0x00, 0x00, 0x00, 0x00, 0x00, 0x00, 0x00, 0x00, 0x00, 0x00, 0x00,
    0x00, 0x00, 0x00, 0x00, 0x00, 0x00, 0x00, 0x00, 0x00, 0x00, 0x00, 0x00, 0x00, 0x00, 0x00, 0x00,
    0x00, 0x00, 0x00, 0x00, 0x00, 0x00, 0x00, 0x00, 0x00, 0x00, 0x00, 0x00, 0x00, 0x00, 0x00, 0x00,
    0x00, 0x00, 0x00, 0x00, 0x00, 0x00, 0x00, 0x00, 0x00, 0x00, 0x00, 0x00, 0x00, 0x00, 0x00, 0x00,
    0x00, 0x00, 0x00, 0x00, 0x00, 0x00, 0x00, 0x00, 0x00, 0x00, 0x00, 0x00, 0x00, 0x00, 0x00, 0x00,
    0x00, 0x00, 0x00, 0x00, 0x00, 0x00, 0x00, 0x00, 0x00, 0x00, 0x00, 0x00, 0x00, 0x00, 0x00, 0x00,
    0x00, 0x00, 0x00, 0x00, 0x00, 0x00, 0x00, 0x00, 0x00, 0x00, 0x00, 0x00, 0x00, 0x00, 0x00, 0x00,
    0x00, 0x00, 0x00, 0x00, 0x00, 0x00, 0x00, 0x00, 0x00, 0x00, 0x00, 0x00, 0x00, 0x00, 0x00, 0x00,
    0x00, 0x00, 0x00, 0x00, 0x00, 0x00, 0x00, 0x00, 0x00, 0x00, 0x00, 0x00, 0x00, 0x00, 0x00, 0x00,
    0x00, 0x00, 0x00, 0x00, 0x00, 0x00, 0x00, 0x00, 0x00, 0x00, 0x00, 0x00, 0x00, 0x00, 0x00, 0x00,
    0x00, 0x00, 0x00, 0x00, 0x00, 0x00, 0x00, 0x00, 0x00, 0x00, 0x00, 0x00, 0x00, 0x00, 0x00, 0x00,
    0x00, 0x00, 0x00, 0x00, 0x00, 0x00, 0x00, 0x00, 0x00, 0x00, 0x00, 0x00, 0x00, 0x00, 0x00, 0x00,
    0x00, 0x00, 0x00, 0x00, 0x00, 0x00, 0x00, 0x00, 0x00, 0x00, 0x00, 0x00, 0x00, 0x00, 0x00, 0x00,
    0x00, 0x00, 0x00, 0x00, 0x00, 0x00, 0x00, 0x00, 0x00, 0x00, 0x00, 0x00, 0x00, 0x00, 0x00, 0x00,
    0x00, 0x00, 0x00, 0x00, 0x00, 0x00, 0x00, 0x00, 0x00, 0x00, 0x00, 0x00, 0x00, 0x00, 0x00, 0x00,
    0x00, 0x00, 0x00, 0x00, 0x00, 0x00, 0x00, 0x00, 0x00, 0x00, 0x00, 0x00, 0x00, 0x00, 0x00, 0x00,
    0x00, 0x00, 0x00, 0x00, 0x00, 0x00, 0x00, 0x00, 0x00, 0x00, 0x00, 0x00, 0x00, 0x00, 0x00, 0x00,
    0x00, 0x00, 0x00, 0x00, 0x00, 0x00, 0x00, 0x00, 0x00, 0x00, 0x00, 0x00, 0x00, 0x00, 0x00, 0x00,
    0x00, 0x00, 0x00, 0x00, 0x00, 0x00, 0x00, 0x00, 0x00, 0x00, 0x00, 0x00, 0x00, 0x00, 0x00, 0x00,
    0x00, 0x00, 0x00, 0x00, 0x00, 0x00, 0x00, 0x00, 0x00, 0x00, 0x00, 0x00, 0x00, 0x00, 0x00, 0x00,
    0x00, 0x00, 0x00, 0x00, 0x00, 0x00, 0x00, 0x00, 0x00, 0x00, 0x00, 0x00, 0x00, 0x00, 0x00, 0x00,
    0x00, 0x00, 0x00, 0x00, 0x00, 0x00, 0x00, 0x00, 0x00, 0x00, 0x00, 0x00, 0x00, 0x00, 0x00, 0x00,
    0x00, 0x00, 0x00, 0x00, 0x00, 0x00, 0x00, 0x00, 0x00, 0x00, 0x00, 0x00, 0x00, 0x00, 0x00, 0x00,
    0x00, 0x00, 0x00, 0x00, 0x00, 0x00, 0x00, 0x00, 0x00, 0x00, 0x00, 0x00, 0x00, 0x00, 0x00, 0x00,
    0x00, 0x00, 0x00, 0x00, 0x00, 0x00, 0x00, 0x00, 0x00, 0x00, 0x00, 0x00, 0x00, 0x00, 0x00, 0x00,
    0x00, 0x00, 0x00, 0x00, 0x00, 0x00, 0x00, 0x00, 0x00, 0x00, 0x00, 0x00, 0x00, 0x00, 0x00, 0x00,
    0x00, 0x00, 0x00, 0x00, 0x00, 0x00, 0x00, 0x00, 0x00, 0x00, 0x00, 0x00, 0x00, 0x00, 0x00, 0x00,
    0x00, 0x00, 0x00, 0x00, 0x00, 0x00, 0x00, 0x00, 0x00, 0x00, 0x00, 0x00, 0x00, 0x00, 0x00, 0x00,
    0x00, 0x00, 0x00, 0x00, 0x00, 0x00, 0x00, 0x00, 0x00, 0x00, 0x00, 0x00, 0x00, 0x00, 0x00, 0x00,
    0x00, 0x00, 0x00, 0x00, 0x00, 0x00, 0x00, 0x00, 0x00, 0x00, 0x00, 0x00, 0x00, 0x00, 0x00, 0x00,
    0x00, 0x00, 0x00, 0x00, 0x00, 0x00, 0x00, 0x00, 0x00, 0x00, 0x00, 0x00, 0x00, 0x00, 0x00, 0x00,
    0x00, 0x00, 0x00, 0x00, 0x00, 0x00, 0x00, 0x00, 0x00, 0x00, 0x00, 0x00, 0x00, 0x00, 0x00, 0x00,
    0x00, 0x00, 0x00, 0x00, 0x00, 0x00, 0x00, 0x00, 0x00, 0x00, 0x00, 0x00, 0x00, 0x00, 0x00, 0x00,
    0x00, 0x00, 0x00, 0x00, 0x00, 0x00, 0x00, 0x00, 0x00, 0x00, 0x00, 0x00, 0x00, 0x00, 0x00, 0x00,
    0x00, 0x00, 0x00, 0x00, 0x00, 0x00, 0x00, 0x00, 0x00, 0x00, 0x00, 0x00, 0x00, 0x00, 0x00, 0x00,
    0x00, 0x00, 0x00, 0x00, 0x00, 0x00, 0x00, 0x00, 0x00, 0x00, 0x00, 0x00, 0x00, 0x00, 0x00, 0x00,
    0x00, 0x00, 0x00, 0x00, 0x00, 0x00, 0x00, 0x00, 0x00, 0x00, 0x00, 0x00, 0x00, 0x00, 0x00, 0x00,
    0x00, 0x00, 0x00, 0x00, 0x00, 0x00, 0x00, 0x00, 0x00, 0x00, 0x00, 0x00, 0x00, 0x00, 0x00, 0x00,
    0x00, 0x00, 0x00, 0x00, 0x00, 0x00, 0x00, 0x00, 0x00, 0x00, 0x00, 0x00, 0x00, 0x00, 0x00, 0x00,
    0x00, 0x00, 0x00, 0x00, 0x00, 0x00, 0x00, 0x00, 0x00, 0x00, 0x00, 0x00, 0x00, 0x00, 0x00, 0x00,
    0x00, 0x00, 0x00, 0x00, 0x00, 0x00, 0x00, 0x00, 0x00, 0x00, 0x00, 0x00, 0x00, 0x00, 0x00, 0x00,
    0x00, 0x00, 0x00, 0x00, 0x00, 0x00, 0x00, 0x00, 0x00, 0x00, 0x00, 0x00, 0x00, 0x00, 0x00, 0x00,
    0x00, 0x00, 0x00, 0x00, 0x00, 0x00, 0x00, 0x00, 0x00, 0x00, 0x00, 0x00, 0x00, 0x00, 0x00, 0x00,
    0x00, 0x00, 0x00, 0x00, 0x00, 0x00, 0x00, 0x00, 0x00, 0x00, 0x00, 0x00, 0x00, 0x00, 0x00, 0x00,
    0x00, 0x00, 0x00, 0x00, 0x00, 0x00, 0x00, 0x00, 0x00, 0x00, 0x00, 0x00, 0x00, 0x00, 0x00, 0x00,
    0x00, 0x00, 0x00, 0x00, 0x00, 0x00, 0x00, 0x00, 0x00, 0x00, 0x00, 0x00, 0x00, 0x00, 0x00, 0x00,
    0x00, 0x00, 0x00, 0x00, 0x00, 0x00, 0x00, 0x00, 0x00, 0x00, 0x00, 0x00, 0x00, 0x00, 0x00, 0x00,
    0x00, 0x00, 0x00, 0x00, 0x00, 0x00, 0x00, 0x00, 0x00, 0x00, 0x00, 0x00, 0x00, 0x00, 0x00, 0x00,
    0x00, 0x00, 0x00, 0x00, 0x00, 0x00, 0x00, 0x00, 0x00, 0x00, 0x00, 0x00, 0x00, 0x00, 0x00, 0x00,
    0x00, 0x00, 0x00, 0x00, 0x00, 0x00, 0x00, 0x00, 0x00, 0x00, 0x00, 0x00, 0x00, 0x00, 0x00, 0x00,
    0x00, 0x00, 0x00, 0x00, 0x00, 0x00, 0x00, 0x00, 0x00, 0x00, 0x00, 0x00, 0x00, 0x00, 0x00, 0x00,
    0x00, 0x00, 0x00, 0x00, 0x00, 0x00, 0x00, 0x00, 0x00, 0x00, 0x00, 0x00, 0x00, 0x00, 0x00, 0x00,
    0x00, 0x00, 0x00, 0x00, 0x00, 0x00, 0x00, 0x00, 0x00, 0x00, 0x00, 0x00, 0x00, 0x00, 0x00, 0x00,
    0x00, 0x00, 0x00, 0x00, 0x00, 0x00, 0x00, 0x00, 0x00, 0x00, 0x00, 0x00, 0x00, 0x00, 0x00, 0x00,
    0x00, 0x00, 0x00, 0x00, 0x00, 0x00, 0x00, 0x00, 0x00, 0x00, 0x00, 0x00, 0x00, 0x00, 0x00, 0x00,
    0x00, 0x00, 0x00, 0x00, 0x00, 0x00, 0x00, 0x00, 0x00, 0x00, 0x00, 0x00, 0x00, 0x00, 0x00, 0x00,
    0x00, 0x00, 0x00, 0x00, 0x00, 0x00, 0x00, 0x00, 0x00, 0x00, 0x00, 0x00, 0x00, 0x00, 0x00, 0x00,
    0x00, 0x00, 0x00, 0x00, 0x00, 0x00, 0x00, 0x00, 0x00, 0x00, 0x00, 0x00, 0x00, 0x00, 0x00, 0x00,
    0x00, 0x00, 0x00, 0x00, 0x00, 0x00, 0x00, 0x00, 0x00, 0x00, 0x00, 0x00, 0x00, 0x00, 0x00, 0x00,
    0x00, 0x00, 0x00, 0x00, 0x00, 0x00, 0x00, 0x00, 0x00, 0x00, 0x00, 0x00, 0x00, 0x00, 0x00, 0x00,
    0x00, 0x00, 0x00, 0x00, 0x00, 0x00, 0x00, 0x00, 0x00, 0x00, 0x00, 0x00, 0x00, 0x00, 0x00, 0x00,
    0x00, 0x00, 0x00, 0x00, 0x00, 0x00, 0x00, 0x00, 0x00, 0x00, 0x00, 0x00, 0x00, 0x00, 0x00, 0x00,
    0x00, 0x00, 0x00, 0x00, 0x00, 0x00, 0x00, 0x00, 0x00, 0x00, 0x00, 0x00, 0x00, 0x00, 0x00, 0x00,
    0x00, 0x00, 0x00, 0x00, 0x00, 0x00, 0x00, 0x00, 0x00, 0x00, 0x00, 0x00, 0x00, 0x00, 0x00, 0x00,
    0x00, 0x00, 0x00, 0x00, 0x00, 0x00, 0x00, 0x00, 0x00, 0x00, 0x00, 0x00, 0x00, 0x00, 0x00, 0x00,
    0x00, 0x00, 0x00, 0x00, 0x00, 0x00, 0x00, 0x00, 0x00, 0x00, 0x00, 0x00, 0x00, 0x00, 0x00, 0x00,
    0x00, 0x00, 0x00, 0x00, 0x00, 0x00, 0x00, 0x00, 0x00, 0x00, 0x00, 0x00, 0x00, 0x00, 0x00, 0x00,
    0x00, 0x00, 0x00, 0x00, 0x00, 0x00, 0x00, 0x00, 0x00, 0x00, 0x00, 0x00, 0x00, 0x00, 0x00, 0x00,
    0x00, 0x00, 0x00, 0x00, 0x00, 0x00, 0x00, 0x00, 0x00, 0x00, 0x00, 0x00, 0x00, 0x00, 0x00, 0x00,
    0x00, 0x00, 0x00, 0x00, 0x00, 0x00, 0x00, 0x00, 0x00, 0x00, 0x00, 0x00, 0x00, 0x00, 0x00, 0x00,
    0x00, 0x00, 0x00, 0x00, 0x00, 0x00, 0x00, 0x00, 0x00, 0x00, 0x00, 0x00, 0x00, 0x00, 0x00, 0x00,
    0x00, 0x00, 0x00, 0x00, 0x00, 0x00, 0x00, 0x00, 0x00, 0x00, 0x00, 0x00, 0x00, 0x00, 0x00, 0x00,
    0x00, 0x00, 0x00, 0x00, 0x00, 0x00, 0x00, 0x00, 0x00, 0x00, 0x00, 0x00, 0x00, 0x00, 0x00, 0x00,
    0x00, 0x00, 0x00, 0x00, 0x00, 0x00, 0x00, 0x00, 0x00, 0x00, 0x00, 0x00, 0x00, 0x00, 0x00, 0x00,
    0x00, 0x00, 0x00, 0x00, 0x00, 0x00, 0x00, 0x00, 0x00, 0x00, 0x00, 0x00, 0x00, 0x00, 0x00, 0x00,
    0x00, 0x00, 0x00, 0x00, 0x00, 0x00, 0x00, 0x00, 0x00, 0x00, 0x00, 0x00, 0x00, 0x00, 0x00, 0x00,
    0x00, 0x00, 0x00, 0x00, 0x00, 0x00, 0x00, 0x00, 0x00, 0x00, 0x00, 0x00, 0x00, 0x00, 0x00, 0x00,
    0x00, 0x00, 0x00, 0x00, 0x00, 0x00, 0x00, 0x00, 0x00, 0x00, 0x00, 0x00, 0x00, 0x00, 0x00, 0x00,
    0x00, 0x00, 0x00, 0x00, 0x00, 0x00, 0x00, 0x00, 0x00, 0x00, 0x00, 0x00, 0x00, 0x00, 0x00, 0x00,
    0x00, 0x00, 0x00, 0x00, 0x00, 0x00, 0x00, 0x00, 0x00, 0x00, 0x00, 0x00, 0x00, 0x00, 0x00, 0x00,
    0x00, 0x00, 0x00, 0x00, 0x00, 0x00, 0x00, 0x00, 0x00, 0x00, 0x00, 0x00, 0x00, 0x00, 0x00, 0x00,
    0x00, 0x00, 0x00, 0x00, 0x00, 0x00, 0x00, 0x00, 0x00, 0x00, 0x00, 0x00, 0x00, 0x00, 0x00, 0x00,
    0x00, 0x00, 0x00, 0x00, 0x00, 0x00, 0x00, 0x00, 0x00, 0x00, 0x00, 0x00, 0x00, 0x00, 0x00, 0x00,
    0x00, 0x00, 0x00, 0x00, 0x00, 0x00, 0x00, 0x00, 0x00, 0x00, 0x00, 0x00, 0x00, 0x00, 0x00, 0x00,
    0x00, 0x00, 0x00, 0x00, 0x00, 0x00, 0x00, 0x00, 0x00, 0x00, 0x00, 0x00, 0x00, 0x00, 0x00, 0x00,
    0x00, 0x00, 0x00, 0x00, 0x00, 0x00, 0x00, 0x00, 0x00, 0x00, 0x00, 0x00, 0x00, 0x00, 0x00, 0x00,
    0x00, 0x00, 0x00, 0x00, 0x00, 0x00, 0x00, 0x00, 0x00, 0x00, 0x00, 0x00, 0x00, 0x00, 0x00, 0x00,
    0x00, 0x00, 0x00, 0x00, 0x00, 0x00, 0x00, 0x00, 0x00, 0x00, 0x00, 0x00, 0x00, 0x00, 0x00, 0x00,
    0x00, 0x00, 0x00, 0x00, 0x00, 0x00, 0x00, 0x00, 0x00, 0x00, 0x00, 0x00, 0x00, 0x00, 0x00, 0x00,
    0x00, 0x00, 0x00, 0x00, 0x00, 0x00, 0x00, 0x00, 0x00, 0x00, 0x00, 0x00, 0x00, 0x00, 0x00, 0x00,
    0x00, 0x00, 0x00, 0x00, 0x00, 0x00, 0x00, 0x00, 0x00, 0x00, 0x00, 0x00, 0x00, 0x00, 0x00, 0x00,
    0x00, 0x00, 0x00, 0x00, 0x00, 0x00, 0x00, 0x00, 0x00, 0x00, 0x00, 0x00, 0x00, 0x00, 0x00, 0x00,
    0x00, 0x00, 0x00, 0x00, 0x00, 0x00, 0x00, 0x00, 0x00, 0x00, 0x00, 0x00, 0x00, 0x00, 0x00, 0x00,
    0x00, 0x00, 0x00, 0x00, 0x00, 0x00, 0x00, 0x00, 0x00, 0x00, 0x00, 0x00, 0x00, 0x00, 0x00, 0x00,
    0x00, 0x00, 0x00, 0x00, 0x00, 0x00, 0x00, 0x00, 0x00, 0x00, 0x00, 0x00, 0x00, 0x00, 0x00, 0x00,
    0x00, 0x00, 0x00, 0x00, 0x00, 0x00, 0x00, 0x00, 0x00, 0x00, 0x00, 0x00, 0x00, 0x00, 0x00, 0x00,
    0x00, 0x00, 0x00, 0x00, 0x00, 0x00, 0x00, 0x00, 0x00, 0x00, 0x00, 0x00, 0x00, 0x00, 0x00, 0x00,
    0x00, 0x00, 0x00, 0x00, 0x00, 0x00, 0x00, 0x00, 0x00, 0x00, 0x00, 0x00, 0x00, 0x00, 0x00, 0x00,
    0x00, 0x00, 0x00, 0x00, 0x00, 0x00, 0x00, 0x00, 0x00, 0x00, 0x00, 0x00, 0x00, 0x00, 0x00, 0x00,
    0x00, 0x00, 0x00, 0x00, 0x00, 0x00, 0x00, 0x00, 0x00, 0x00, 0x00, 0x00, 0x00, 0x00, 0x00, 0x00,
    0x00, 0x00, 0x00, 0x00, 0x00, 0x00, 0x00, 0x00, 0x00, 0x00, 0x00, 0x00, 0x00, 0x00, 0x00, 0x00,
    0x00, 0x00, 0x00, 0x00, 0x00, 0x00, 0x00, 0x00, 0x00, 0x00, 0x00, 0x00, 0x00, 0x00, 0x00, 0x00,
    0x00, 0x00, 0x00, 0x00, 0x00, 0x00, 0x00, 0x00, 0x00, 0x00, 0x00, 0x00, 0x00, 0x00, 0x00, 0x00,
    0x00, 0x00, 0x00, 0x00, 0x00, 0x00, 0x00, 0x00, 0x00, 0x00, 0x00, 0x00, 0x00, 0x00, 0x00, 0x00,
    0x00, 0x00, 0x00, 0x00, 0x00, 0x00, 0x00, 0x00, 0x00, 0x00, 0x00, 0x00, 0x00, 0x00, 0x00, 0x00,
    0x00, 0x00, 0x00, 0x00, 0x00, 0x00, 0x00, 0x00, 0x00, 0x00, 0x00, 0x00, 0x00, 0x00, 0x00, 0x00,
    0x00, 0x00, 0x00, 0x00, 0x00, 0x00, 0x00, 0x00, 0x00, 0x00, 0x00, 0x00, 0x00, 0x00, 0x00, 0x00,
    0x00, 0x00, 0x00, 0x00, 0x00, 0x00, 0x00, 0x00, 0x00, 0x00, 0x00, 0x00, 0x00, 0x00, 0x00, 0x00,
    0x00, 0x00, 0x00, 0x00, 0x00, 0x00, 0x00, 0x00, 0x00, 0x00, 0x00, 0x00, 0x00, 0x00, 0x00, 0x00,
    0x00, 0x00, 0x00, 0x00, 0x00, 0x00, 0x00, 0x00, 0x00, 0x00, 0x00, 0x00, 0x00, 0x00, 0x00, 0x00,
    0x00, 0x00, 0x00, 0x00, 0x00, 0x00, 0x00, 0x00, 0x00, 0x00, 0x00, 0x00, 0x00, 0x00, 0x00, 0x00,
    0x00, 0x00, 0x00, 0x00, 0x00, 0x00, 0x00, 0x00, 0x00, 0x00, 0x00, 0x00, 0x00, 0x00, 0x00, 0x00,
    0x00, 0x00, 0x00, 0x00, 0x00, 0x00, 0x00, 0x00, 0x00, 0x00, 0x00, 0x00, 0x00, 0x00, 0x00, 0x00,
    0x00, 0x00, 0x00, 0x00, 0x00, 0x00, 0x00, 0x00, 0x00, 0x00, 0x00, 0x00, 0x00, 0x00, 0x00, 0x00,
    0x00, 0x00, 0x00, 0x00, 0x00, 0x00, 0x00, 0x00, 0x00, 0x00, 0x00, 0x00, 0x00, 0x00, 0x00, 0x00,
    0x00, 0x00, 0x00, 0x00, 0x00, 0x00, 0x00, 0x00, 0x00, 0x00, 0x00, 0x00, 0x00, 0x00, 0x00, 0x00,
    0x00, 0x00, 0x00, 0x00, 0x00, 0x00, 0x00, 0x00, 0x00, 0x00, 0x00, 0x00, 0x00, 0x00, 0x00, 0x00,
    0x00, 0x00, 0x00, 0x00, 0x00, 0x00, 0x00, 0x00, 0x00, 0x00, 0x00, 0x00, 0x00, 0x00, 0x00, 0x00,
    0x00, 0x00, 0x00, 0x00, 0x00, 0x00, 0x00, 0x00, 0x00, 0x00, 0x00, 0x00, 0x00, 0x00, 0x00, 0x00,
    0x00, 0x00, 0x00, 0x00, 0x00, 0x00, 0x00, 0x00, 0x00, 0x00, 0x00, 0x00, 0x00, 0x00, 0x00, 0x00,
    0x00, 0x00, 0x00, 0x00, 0x00, 0x00, 0x00, 0x00, 0x00, 0x00, 0x00, 0x00, 0x00, 0x00, 0x00, 0x00,
    0x00, 0x00, 0x00, 0x00, 0x00, 0x00, 0x00, 0x00, 0x00, 0x00, 0x00, 0x00, 0x00, 0x00, 0x00, 0x00,
    0x00, 0x00, 0x00, 0x00, 0x00, 0x00, 0x00, 0x00, 0x00, 0x00, 0x00, 0x00, 0x00, 0x00, 0x00, 0x00,
    0x00, 0x00, 0x00, 0x00, 0x00, 0x00, 0x00, 0x00, 0x00, 0x00, 0x00, 0x00, 0x00, 0x00, 0x00, 0x00,
    0x00, 0x00, 0x00, 0x00, 0x00, 0x00, 0x00, 0x00, 0x00, 0x00, 0x00, 0x00, 0x00, 0x00, 0x00, 0x00,
    0x00, 0x00, 0x00, 0x00, 0x00, 0x00, 0x00, 0x00, 0x00, 0x00, 0x00, 0x00, 0x00, 0x00, 0x00, 0x00,
    0x00, 0x00, 0x00, 0x00, 0x00, 0x00, 0x00, 0x00, 0x00, 0x00, 0x00, 0x00, 0x00, 0x00, 0x00, 0x00,
    0x00, 0x00, 0x00, 0x00, 0x00, 0x00, 0x00, 0x00, 0x00, 0x00, 0x00, 0x00, 0x00, 0x00, 0x00, 0x00,
    0x00, 0x00, 0x00, 0x00, 0x00, 0x00, 0x00, 0x00, 0x00, 0x00, 0x00, 0x00, 0x00, 0x00, 0x00, 0x00,
    0x00, 0x00, 0x00, 0x00, 0x00, 0x00, 0x00, 0x00, 0x00, 0x00, 0x00, 0x00, 0x00, 0x00, 0x00, 0x00,
    0x00, 0x00, 0x00, 0x00, 0x00, 0x00, 0x00, 0x00, 0x00, 0x00, 0x00, 0x00, 0x00, 0x00, 0x00, 0x00,
    0x00, 0x00, 0x00, 0x00, 0x00, 0x00, 0x00, 0x00, 0x00, 0x00, 0x00, 0x00, 0x00, 0x00, 0x00, 0x00,
    0x00, 0x00, 0x00, 0x00, 0x00, 0x00, 0x00, 0x00, 0x00, 0x00, 0x00, 0x00, 0x00, 0x00, 0x00, 0x00,
    0x00, 0x00, 0x00, 0x00, 0x00, 0x00, 0x00, 0x00, 0x00, 0x00, 0x00, 0x00, 0x00, 0x00, 0x00, 0x00,
    0x00, 0x00, 0x00, 0x00, 0x00, 0x00, 0x00, 0x00, 0x00, 0x00, 0x00, 0x00, 0x00, 0x00, 0x00, 0x00,
    0x00, 0x00, 0x00, 0x00, 0x00, 0x00, 0x00, 0x00, 0x00, 0x00, 0x00, 0x00, 0x00, 0x00, 0x00, 0x00,
    0x00, 0x00, 0x00, 0x00, 0x00, 0x00, 0x00, 0x00, 0x00, 0x00, 0x00, 0x00, 0x00, 0x00, 0x00, 0x00,
    0x00, 0x00, 0x00, 0x00, 0x00, 0x00, 0x00, 0x00, 0x00, 0x00, 0x00, 0x00, 0x00, 0x00, 0x00, 0x00,
    0x00, 0x00, 0x00, 0x00, 0x00, 0x00, 0x00, 0x00, 0x00, 0x00, 0x00, 0x00, 0x00, 0x00, 0x00, 0x00,
    0x00, 0x00, 0x00, 0x00, 0x00, 0x00, 0x00, 0x00, 0x00, 0x00, 0x00, 0x00, 0x00, 0x00, 0x00, 0x00,
    0x00, 0x00, 0x00, 0x00, 0x00, 0x00, 0x00, 0x00, 0x00, 0x00, 0x00, 0x00, 0x00, 0x00, 0x00, 0x00,
    0x00, 0x00, 0x00, 0x00, 0x00, 0x00, 0x00, 0x00, 0x00, 0x00, 0x00, 0x00, 0x00, 0x00, 0x00, 0x00,
    0x00, 0x00, 0x00, 0x00, 0x00, 0x00, 0x00, 0x00, 0x00, 0x00, 0x00, 0x00, 0x00, 0x00, 0x00, 0x00,
    0x00, 0x00, 0x00, 0x00, 0x00, 0x00, 0x00, 0x00, 0x00, 0x00, 0x00, 0x00, 0x00, 0x00, 0x00, 0x00,
    0x00, 0x00, 0x00, 0x00, 0x00, 0x00, 0x00, 0x00, 0x00, 0x00, 0x00, 0x00, 0x00, 0x00, 0x00, 0x00,
    0x00, 0x00, 0x00, 0x00, 0x00, 0x00, 0x00, 0x00, 0x00, 0x00, 0x00, 0x00, 0x00, 0x00, 0x00, 0x00,
    0x00, 0x00, 0x00, 0x00, 0x00, 0x00, 0x00, 0x00, 0x00, 0x00, 0x00, 0x00, 0x00, 0x00, 0x00, 0x00,
    0x00, 0x00, 0x00, 0x00, 0x00, 0x00, 0x00, 0x00, 0x00, 0x00, 0x00, 0x00, 0x00, 0x00, 0x00, 0x00,
    0x00, 0x00, 0x00, 0x00, 0x00, 0x00, 0x00, 0x00, 0x00, 0x00, 0x00, 0x00, 0x00, 0x00, 0x00, 0x00,
    0x00, 0x00, 0x00, 0x00, 0x00, 0x00, 0x00, 0x00, 0x00, 0x00, 0x00, 0x00, 0x00, 0x00, 0x00, 0x00,
    0x00, 0x00, 0x00, 0x00, 0x00, 0x00, 0x00, 0x00, 0x00, 0x00, 0x00, 0x00, 0x00, 0x00, 0x00, 0x00,
    0x00, 0x00, 0x00, 0x00, 0x00, 0x00, 0x00, 0x00, 0x00, 0x00, 0x00, 0x00, 0x00, 0x00, 0x00, 0x00,
    0x00, 0x00, 0x00, 0x00, 0x00, 0x00, 0x00, 0x00, 0x00, 0x00, 0x00, 0x00, 0x00, 0x00, 0x00, 0x00,
    0x00, 0x00, 0x00, 0x00, 0x00, 0x00, 0x00, 0x00, 0x00, 0x00, 0x00, 0x00, 0x00, 0x00, 0x00, 0x00,
    0x00, 0x00, 0x00, 0x00, 0x00, 0x00, 0x00, 0x00, 0x00, 0x00, 0x00, 0x00, 0x00, 0x00, 0x00, 0x00,
    0x00, 0x00, 0x00, 0x00, 0x00, 0x00, 0x00, 0x00, 0x00, 0x00, 0x00, 0x00, 0x00, 0x00, 0x00, 0x00,
    0x00, 0x00, 0x00, 0x00, 0x00, 0x00, 0x00, 0x00, 0x00, 0x00, 0x00, 0x00, 0x00, 0x00, 0x00, 0x00,
    0x00, 0x00, 0x00, 0x00, 0x00, 0x00, 0x00, 0x00, 0x00, 0x00, 0x00, 0x00, 0x00, 0x00, 0x00, 0x00,
    0x00, 0x00, 0x00, 0x00, 0x00, 0x00, 0x00, 0x00, 0x00, 0x00, 0x00, 0x00, 0x00, 0x00, 0x00, 0x00,
    0x00, 0x00, 0x00, 0x00, 0x00, 0x00, 0x00, 0x00, 0x00, 0x00, 0x00, 0x00, 0x00, 0x00, 0x00, 0x00,
    0x00, 0x00, 0x00, 0x00, 0x00, 0x00, 0x00, 0x00, 0x00, 0x00, 0x00, 0x00, 0x00, 0x00, 0x00, 0x00,
    0x00, 0x00, 0x00, 0x00, 0x00, 0x00, 0x00, 0x00, 0x00, 0x00, 0x00, 0x00, 0x00, 0x00, 0x00, 0x00,
    0x00, 0x00, 0x00, 0x00, 0x00, 0x00, 0x00, 0x00, 0x00, 0x00, 0x00, 0x00, 0x00, 0x00, 0x00, 0x00,
    0x00, 0x00, 0x00, 0x00, 0x00, 0x00, 0x00, 0x00, 0x00, 0x00, 0x00, 0x00, 0x00, 0x00, 0x00, 0x00,
    0x00, 0x00, 0x00, 0x00, 0x00, 0x00, 0x00, 0x00, 0x00, 0x00, 0x00, 0x00, 0x00, 0x00, 0x00, 0x00,
    0x00, 0x00, 0x00, 0x00, 0x00, 0x00, 0x00, 0x00, 0x00, 0x00, 0x00, 0x00, 0x00, 0x00, 0x00, 0x00,
    0x00, 0x00, 0x00, 0x00, 0x00, 0x00, 0x00, 0x00, 0x00, 0x00, 0x00, 0x00, 0x00, 0x00, 0x00, 0x00,
    0x00, 0x00, 0x00, 0x00, 0x00, 0x00, 0x00, 0x00, 0x00, 0x00, 0x00, 0x00, 0x00, 0x00, 0x00, 0x00,
    0x00, 0x00, 0x00, 0x00, 0x00, 0x00, 0x00, 0x00, 0x00, 0x00, 0x00, 0x00, 0x00, 0x00, 0x00, 0x00,
    0x00, 0x00, 0x00, 0x00, 0x00, 0x00, 0x00, 0x00, 0x00, 0x00, 0x00, 0x00, 0x00, 0x00, 0x00, 0x00,
    0x00, 0x00, 0x00, 0x00, 0x00, 0x00, 0x00, 0x00, 0x00, 0x00, 0x00, 0x00, 0x00, 0x00, 0x00, 0x00,
    0x00, 0x00, 0x00, 0x00, 0x00, 0x00, 0x00, 0x00, 0x00, 0x00, 0x00, 0x00, 0x00, 0x00, 0x00, 0x00,
    0x00, 0x00, 0x00, 0x00, 0x00, 0x00, 0x00, 0x00, 0x00, 0x00, 0x00, 0x00, 0x00, 0x00, 0x00, 0x00,
    0x00, 0x00, 0x00, 0x00, 0x00, 0x00, 0x00, 0x00, 0x00, 0x00, 0x00, 0x00, 0x00, 0x00, 0x00, 0x00,
    0x00, 0x00, 0x00, 0x00, 0x00, 0x00, 0x00, 0x00, 0x00, 0x00, 0x00, 0x00, 0x00, 0x00, 0x00, 0x00,
    0x00, 0x00, 0x00, 0x00, 0x00, 0x00, 0x00, 0x00, 0x00, 0x00, 0x00, 0x00, 0x00, 0x00, 0x00, 0x00,
    0x00, 0x00, 0x00, 0x00, 0x00, 0x00, 0x00, 0x00, 0x00, 0x00, 0x00, 0x00, 0x00, 0x00, 0x00, 0x00,
    0x00, 0x00, 0x00, 0x00, 0x00, 0x00, 0x00, 0x00, 0x00, 0x00, 0x00, 0x00, 0x00, 0x00, 0x00, 0x00,
    0x00, 0x00, 0x00, 0x00, 0x00, 0x00, 0x00, 0x00, 0x00, 0x00, 0x00, 0x00, 0x00, 0x00, 0x00, 0x00,
    0x00, 0x00, 0x00, 0x00, 0x00, 0x00, 0x00, 0x00, 0x00, 0x00, 0x00, 0x00, 0x00, 0x00, 0x00, 0x00,
    0x00, 0x00, 0x00, 0x00, 0x00, 0x00, 0x00, 0x00, 0x00, 0x00, 0x00, 0x00, 0x00, 0x00, 0x00, 0x00,
    0x00, 0x00, 0x00, 0x00, 0x00, 0x00, 0x00, 0x00, 0x00, 0x00, 0x00, 0x00, 0x00, 0x00, 0x00, 0x00,
    0x00, 0x00, 0x00, 0x00, 0x00, 0x00, 0x00, 0x00, 0x00, 0x00, 0x00, 0x00, 0x00, 0x00, 0x00, 0x00,
    0x00, 0x00, 0x00, 0x00, 0x00, 0x00, 0x00, 0x00, 0x00, 0x00, 0x00, 0x00, 0x00, 0x00, 0x00, 0x00,
    0x00, 0x00, 0x00, 0x00, 0x00, 0x00, 0x00, 0x00, 0x00, 0x00, 0x00, 0x00, 0x00, 0x00, 0x00, 0x00,
    0x00, 0x00, 0x00, 0x00, 0x00, 0x00, 0x00, 0x00, 0x00, 0x00, 0x00, 0x00, 0x00, 0x00, 0x00, 0x00,
    0x00, 0x00, 0x00, 0x00, 0x00, 0x00, 0x00, 0x00, 0x00, 0x00, 0x00, 0x00, 0x00, 0x00, 0x00, 0x00,
    0x00, 0x00, 0x00, 0x00, 0x00, 0x00, 0x00, 0x00, 0x00, 0x00, 0x00, 0x00, 0x00, 0x00, 0x00, 0x00,
    0x00, 0x00, 0x00, 0x00, 0x00, 0x00, 0x00, 0x00, 0x00, 0x00, 0x00, 0x00, 0x00, 0x00, 0x00, 0x00,
    0x00, 0x00, 0x00, 0x00, 0x00, 0x00, 0x00, 0x00, 0x00, 0x00, 0x00, 0x00, 0x00, 0x00, 0x00, 0x00,
    0x00, 0x00, 0x00, 0x00, 0x00, 0x00, 0x00, 0x00, 0x00, 0x00, 0x00, 0x00, 0x00, 0x00, 0x00, 0x00,
    0x00, 0x00, 0x00, 0x00, 0x00, 0x00, 0x00, 0x00, 0x00, 0x00, 0x00, 0x00, 0x00, 0x00, 0x00, 0x00,
    0x00, 0x00, 0x00, 0x00, 0x00, 0x00, 0x00, 0x00, 0x00, 0x00, 0x00, 0x00, 0x00, 0x00, 0x00, 0x00,
    0x00, 0x00, 0x00, 0x00, 0x00, 0x00, 0x00, 0x00, 0x00, 0x00, 0x00, 0x00, 0x00, 0x00, 0x00, 0x00,
    0x00, 0x00, 0x00, 0x00, 0x00, 0x00, 0x00, 0x00, 0x00, 0x00, 0x00, 0x00, 0x00, 0x00, 0x00, 0x00,
    0x00, 0x00, 0x00, 0x00, 0x00, 0x00, 0x00, 0x00, 0x00, 0x00, 0x00, 0x00, 0x00, 0x00, 0x00, 0x00,
    0x00, 0x00, 0x00, 0x00, 0x00, 0x00, 0x00, 0x00, 0x00, 0x00, 0x00, 0x00, 0x00, 0x00, 0x00, 0x00,
    0x00, 0x00, 0x00, 0x00, 0x00, 0x00, 0x00, 0x00, 0x00, 0x00, 0x00, 0x00, 0x00, 0x00, 0x00, 0x00,
    0x00, 0x00, 0x00, 0x00, 0x00, 0x00, 0x00, 0x00, 0x00, 0x00, 0x00, 0x00, 0x00, 0x00, 0x00, 0x00,
    0x00, 0x00, 0x00, 0x00, 0x00, 0x00, 0x00, 0x00, 0x00, 0x00, 0x00, 0x00, 0x00, 0x00, 0x00, 0x00,
    0x00, 0x00, 0x00, 0x00, 0x00, 0x00, 0x00, 0x00, 0x00, 0x00, 0x00, 0x00, 0x00, 0x00, 0x00, 0x00,
    0x00, 0x00, 0x00, 0x00, 0x00, 0x00, 0x00, 0x00, 0x00, 0x00, 0x00, 0x00, 0x00, 0x00, 0x00, 0x00,
    0x00, 0x00, 0x00, 0x00, 0x00, 0x00, 0x00, 0x00, 0x00, 0x00, 0x00, 0x00, 0x00, 0x00, 0x00, 0x00,
    0x00, 0x00, 0x00, 0x00, 0x00, 0x00, 0x00, 0x00, 0x00, 0x00, 0x00, 0x00, 0x00, 0x00, 0x00, 0x00,
    0x00, 0x00, 0x00, 0x00, 0x00, 0x00, 0x00, 0x00, 0x00, 0x00, 0x00, 0x00, 0x00, 0x00, 0x00, 0x00,
    0x00, 0x00, 0x00, 0x00, 0x00, 0x00, 0x00, 0x00, 0x00, 0x00, 0x00, 0x00, 0x00, 0x00, 0x00, 0x00,
    0x00, 0x00, 0x00, 0x00, 0x00, 0x00, 0x00, 0x00, 0x00, 0x00, 0x00, 0x00, 0x00, 0x00, 0x00, 0x00,
    0x00, 0x00, 0x00, 0x00, 0x00, 0x00, 0x00, 0x00, 0x00, 0x00, 0x00, 0x00, 0x00, 0x00, 0x00, 0x00,
    0x00, 0x00, 0x00, 0x00, 0x00, 0x00, 0x00, 0x00, 0x00, 0x00, 0x00, 0x00, 0x00, 0x00, 0x00, 0x00,
    0x00, 0x00, 0x00, 0x00, 0x00, 0x00, 0x00, 0x00, 0x00, 0x00, 0x00, 0x00, 0x00, 0x00, 0x00, 0x00,
    0x00, 0x00, 0x00, 0x00, 0x00, 0x00, 0x00, 0x00, 0x00, 0x00, 0x00, 0x00, 0x00, 0x00, 0x00, 0x00,
    0x00, 0x00, 0x00, 0x00, 0x00, 0x00, 0x00, 0x00, 0x00, 0x00, 0x00, 0x00, 0x00, 0x00, 0x00, 0x00,
    0x00, 0x00, 0x00, 0x00, 0x00, 0x00, 0x00, 0x00, 0x00, 0x00, 0x00, 0x00, 0x00, 0x00, 0x00, 0x00,
    0x00, 0x00, 0x00, 0x00, 0x00, 0x00, 0x00, 0x00, 0x00, 0x00, 0x00, 0x00, 0x00, 0x00, 0x00, 0x00,
    0x00, 0x00, 0x00, 0x00, 0x00, 0x00, 0x00, 0x00, 0x00, 0x00, 0x00, 0x00, 0x00, 0x00, 0x00, 0x00,
    0x00, 0x00, 0x00, 0x00, 0x00, 0x00, 0x00, 0x00, 0x00, 0x00, 0x00, 0x00, 0x00, 0x00, 0x00, 0x00,
    0x00, 0x00, 0x00, 0x00, 0x00, 0x00, 0x00, 0x00, 0x00, 0x00, 0x00, 0x00, 0x00, 0x00, 0x00, 0x00,
    0x00, 0x00, 0x00, 0x00, 0x00, 0x00, 0x00, 0x00, 0x00, 0x00, 0x00, 0x00, 0x00, 0x00, 0x00, 0x00,
    0x00, 0x00, 0x00, 0x00, 0x00, 0x00, 0x00, 0x00, 0x00, 0x00, 0x00, 0x00, 0x00, 0x00, 0x00, 0x00,
    0x00, 0x00, 0x00, 0x00, 0x00, 0x00, 0x00, 0x00, 0x00, 0x00, 0x00, 0x00, 0x00, 0x00, 0x00, 0x00,
    0x00, 0x00, 0x00, 0x00, 0x00, 0x00, 0x00, 0x00, 0x00, 0x00, 0x00, 0x00, 0x00, 0x00, 0x00, 0x00,
    0x00, 0x00, 0x00, 0x00, 0x00, 0x00, 0x00, 0x00, 0x00, 0x00, 0x00, 0x00, 0x00, 0x00, 0x00, 0x00,
    0x00, 0x00, 0x00, 0x00, 0x00, 0x00, 0x00, 0x00, 0x00, 0x00, 0x00, 0x00, 0x00, 0x00, 0x00, 0x00,
    0x00, 0x00, 0x00, 0x00, 0x00, 0x00, 0x00, 0x00, 0x00, 0x00, 0x00, 0x00, 0x00, 0x00, 0x00, 0x00,
    0x00, 0x00, 0x00, 0x00, 0x00, 0x00, 0x00, 0x00, 0x00, 0x00, 0x00, 0x00, 0x00, 0x00, 0x00, 0x00,
    0x00, 0x00, 0x00, 0x00, 0x00, 0x00, 0x00, 0x00, 0x00, 0x00, 0x00, 0x00, 0x00, 0x00, 0x00, 0x00,
    0x00, 0x00, 0x00, 0x00, 0x00, 0x00, 0x00, 0x00, 0x00, 0x00, 0x00, 0x00, 0x00, 0x00, 0x00, 0x00,
    0x00, 0x00, 0x00, 0x00, 0x00, 0x00, 0x00, 0x00, 0x00, 0x00, 0x00, 0x00, 0x00, 0x00, 0x00, 0x00,
    0x00, 0x00, 0x00, 0x00, 0x00, 0x00, 0x00, 0x00, 0x00, 0x00, 0x00, 0x00, 0x00, 0x00, 0x00, 0x00,
    0x00, 0x00, 0x00, 0x00, 0x00, 0x00, 0x00, 0x00, 0x00, 0x00, 0x00, 0x00, 0x00, 0x00, 0x00, 0x00,
    0x00, 0x00, 0x00, 0x00, 0x00, 0x00, 0x00, 0x00, 0x00, 0x00, 0x00, 0x00, 0x00, 0x00, 0x00, 0x00,
    0x00, 0x00, 0x00, 0x00, 0x00, 0x00, 0x00, 0x00, 0x00, 0x00, 0x00, 0x00, 0x00, 0x00, 0x00, 0x00,
    0x00, 0x00, 0x00, 0x00, 0x00, 0x00, 0x00, 0x00, 0x00, 0x00, 0x00, 0x00, 0x00, 0x00, 0x00, 0x00,
    0x00, 0x00, 0x00, 0x00, 0x00, 0x00, 0x00, 0x00, 0x00, 0x00, 0x00, 0x00, 0x00, 0x00, 0x00, 0x00,
    0x00, 0x00, 0x00, 0x00, 0x00, 0x00, 0x00, 0x00, 0x00, 0x00, 0x00, 0x00, 0x00, 0x00, 0x00, 0x00,
    0x00, 0x00, 0x00, 0x00, 0x00, 0x00, 0x00, 0x00, 0x00, 0x00, 0x00, 0x00, 0x00, 0x00, 0x00, 0x00,
    0x00, 0x00, 0x00, 0x00, 0x00, 0x00, 0x00, 0x00, 0x00, 0x00, 0x00, 0x00, 0x00, 0x00, 0x00, 0x00,
    0x00, 0x00, 0x00, 0x00, 0x00, 0x00, 0x00, 0x00, 0x00, 0x00, 0x00, 0x00, 0x00, 0x00, 0x00, 0x00,
    0x00, 0x00, 0x00, 0x00, 0x00, 0x00, 0x00, 0x00, 0x00, 0x00, 0x00, 0x00, 0x00, 0x00, 0x00, 0x00,
    0x00, 0x00, 0x00, 0x00, 0x00, 0x00, 0x00, 0x00, 0x00, 0x00, 0x00, 0x00, 0x00, 0x00, 0x00, 0x00,
    0x00, 0x00, 0x00, 0x00, 0x00, 0x00, 0x00, 0x00, 0x00, 0x00, 0x00, 0x00, 0x00, 0x00, 0x00, 0x00,
    0x00, 0x00, 0x00, 0x00, 0x00, 0x00, 0x00, 0x00, 0x00, 0x00, 0x00, 0x00, 0x00, 0x00, 0x00, 0x00,
    0x00, 0x00, 0x00, 0x00, 0x00, 0x00, 0x00, 0x00, 0x00, 0x00, 0x00, 0x00, 0x00, 0x00, 0x00, 0x00,
    0x00, 0x00, 0x00, 0x00, 0x00, 0x00, 0x00, 0x00, 0x00, 0x00, 0x00, 0x00, 0x00, 0x00, 0x00, 0x00,
    0x00, 0x00, 0x00, 0x00, 0x00, 0x00, 0x00, 0x00, 0x00, 0x00, 0x00, 0x00, 0x00, 0x00, 0x00, 0x00,
    0x00, 0x00, 0x00, 0x00, 0x00, 0x00, 0x00, 0x00, 0x00, 0x00, 0x00, 0x00, 0x00, 0x00, 0x00, 0x00,
    0x00, 0x00, 0x00, 0x00, 0x00, 0x00, 0x00, 0x00, 0x00, 0x00, 0x00, 0x00, 0x00, 0x00, 0x00, 0x00,
    0x00, 0x00, 0x00, 0x00, 0x00, 0x00, 0x00, 0x00, 0x00, 0x00, 0x00, 0x00, 0x00, 0x00, 0x00, 0x00,
    0x00, 0x00, 0x00, 0x00, 0x00, 0x00, 0x00, 0x00, 0x00, 0x00, 0x00, 0x00, 0x00, 0x00, 0x00, 0x00,
    0x00, 0x00, 0x00, 0x00, 0x00, 0x00, 0x00, 0x00, 0x00, 0x00, 0x00, 0x00, 0x00, 0x00, 0x00, 0x00,
    0x00, 0x00, 0x00, 0x00, 0x00, 0x00, 0x00, 0x00, 0x00, 0x00, 0x00, 0x00, 0x00, 0x00, 0x00, 0x00,
    0x00, 0x00, 0x00, 0x00, 0x00, 0x00, 0x00, 0x00, 0x00, 0x00, 0x00, 0x00, 0x00, 0x00, 0x00, 0x00,
    0x00, 0x00, 0x00, 0x00, 0x00, 0x00, 0x00, 0x00, 0x00, 0x00, 0x00, 0x00, 0x00, 0x00, 0x00, 0x00,
    0x00, 0x00, 0x00, 0x00, 0x00, 0x00, 0x00, 0x00, 0x00, 0x00, 0x00, 0x00, 0x00, 0x00, 0x00, 0x00,
    0x00, 0x00, 0x00, 0x00, 0x00, 0x00, 0x00, 0x00, 0x00, 0x00, 0x00, 0x00, 0x00, 0x00, 0x00, 0x00,
    0x00, 0x00, 0x00, 0x00, 0x00, 0x00, 0x00, 0x00, 0x00, 0x00, 0x00, 0x00, 0x00, 0x00, 0x00, 0x00,
    0x00, 0x00, 0x00, 0x00, 0x00, 0x00, 0x00, 0x00, 0x00, 0x00, 0x00, 0x00, 0x00, 0x00, 0x00, 0x00,
    0x00, 0x00, 0x00, 0x00, 0x00, 0x00, 0x00, 0x00, 0x00, 0x00, 0x00, 0x00, 0x00, 0x00, 0x00, 0x00,
    0x00, 0x00, 0x00, 0x00, 0x00, 0x00, 0x00, 0x00, 0x00, 0x00, 0x00, 0x00, 0x00, 0x00, 0x00, 0x00,
    0x00, 0x00, 0x00, 0x00, 0x00, 0x00, 0x00, 0x00, 0x00, 0x00, 0x00, 0x00, 0x00, 0x00, 0x00, 0x00,
    0x00, 0x00, 0x00, 0x00, 0x00, 0x00, 0x00, 0x00, 0x00, 0x00, 0x00, 0x00, 0x00, 0x00, 0x00, 0x00,
    0x00, 0x00, 0x00, 0x00, 0x00, 0x00, 0x00, 0x00, 0x00, 0x00, 0x00, 0x00, 0x00, 0x00, 0x00, 0x00,
    0x00, 0x00, 0x00, 0x00, 0x00, 0x00, 0x00, 0x00, 0x00, 0x00, 0x00, 0x00, 0x00, 0x00, 0x00, 0x00,
    0x00, 0x00, 0x00, 0x00, 0x00, 0x00, 0x00, 0x00, 0x00, 0x00, 0x00, 0x00, 0x00, 0x00, 0x00, 0x00,
    0x00, 0x00, 0x00, 0x00, 0x00, 0x00, 0x00, 0x00, 0x00, 0x00, 0x00, 0x00, 0x00, 0x00, 0x00, 0x00,
    0x00, 0x00, 0x00, 0x00, 0x00, 0x00, 0x00, 0x00, 0x00, 0x00, 0x00, 0x00, 0x00, 0x00, 0x00, 0x00,
    0x00, 0x00, 0x00, 0x00, 0x00, 0x00, 0x00, 0x00, 0x00, 0x00, 0x00, 0x00, 0x00, 0x00, 0x00, 0x00,
    0x00, 0x00, 0x00, 0x00, 0x00, 0x00, 0x00, 0x00, 0x00, 0x00, 0x00, 0x00, 0x00, 0x00, 0x00, 0x00,
    0x00, 0x00, 0x00, 0x00, 0x00, 0x00, 0x00, 0x00, 0x00, 0x00, 0x00, 0x00, 0x00, 0x00, 0x00, 0x00,
    0x00, 0x00, 0x00, 0x00, 0x00, 0x00, 0x00, 0x00, 0x00, 0x00, 0x00, 0x00, 0x00, 0x00, 0x00, 0x00,
    0x00, 0x00, 0x00, 0x00, 0x00, 0x00, 0x00, 0x00, 0x00, 0x00, 0x00, 0x00, 0x00, 0x00, 0x00, 0x00,
    0x00, 0x00, 0x00, 0x00, 0x00, 0x00, 0x00, 0x00, 0x00, 0x00, 0x00, 0x00, 0x00, 0x00, 0x00, 0x00,
    0x00, 0x00, 0x00, 0x00, 0x00, 0x00, 0x00, 0x00, 0x00, 0x00, 0x00, 0x00, 0x00, 0x00, 0x00, 0x00,
    0x00, 0x00, 0x00, 0x00, 0x00, 0x00, 0x00, 0x00, 0x00, 0x00, 0x00, 0x00, 0x00, 0x00, 0x00, 0x00,
    0x00, 0x00, 0x00, 0x00, 0x00, 0x00, 0x00, 0x00, 0x00, 0x00, 0x00, 0x00, 0x00, 0x00, 0x00, 0x00,
    0x00, 0x00, 0x00, 0x00, 0x00, 0x00, 0x00, 0x00, 0x00, 0x00, 0x00, 0x00, 0x00, 0x00, 0x00, 0x00,
    0x00, 0x00, 0x00, 0x00, 0x00, 0x00, 0x00, 0x00, 0x00, 0x00, 0x00, 0x00, 0x00, 0x00, 0x00, 0x00,
    0x00, 0x00, 0x00, 0x00, 0x00, 0x00, 0x00, 0x00, 0x00, 0x00, 0x00, 0x00, 0x00, 0x00, 0x00, 0x00,
    0x00, 0x00, 0x00, 0x00, 0x00, 0x00, 0x00, 0x00, 0x00, 0x00, 0x00, 0x00, 0x00, 0x00, 0x00, 0x00,
    0x00, 0x00, 0x00, 0x00, 0x00, 0x00, 0x00, 0x00, 0x00, 0x00, 0x00, 0x00, 0x00, 0x00, 0x00, 0x00,
    0x00, 0x00, 0x00, 0x00, 0x00, 0x00, 0x00, 0x00, 0x00, 0x00, 0x00, 0x00, 0x00, 0x00, 0x00, 0x00,
    0x00, 0x00, 0x00, 0x00, 0x00, 0x00, 0x00, 0x00, 0x00, 0x00, 0x00, 0x00, 0x00, 0x00, 0x00, 0x00,
    0x00, 0x00, 0x00, 0x00, 0x00, 0x00, 0x00, 0x00, 0x00, 0x00, 0x00, 0x00, 0x00, 0x00, 0x00, 0x00,
    0x00, 0x00, 0x00, 0x00, 0x00, 0x00, 0x00, 0x00, 0x00, 0x00, 0x00, 0x00, 0x00, 0x00, 0x00, 0x00,
    0x00, 0x00, 0x00, 0x00, 0x00, 0x00, 0x00, 0x00, 0x00, 0x00, 0x00, 0x00, 0x00, 0x00, 0x00, 0x00,
    0x00, 0x00, 0x00, 0x00, 0x00, 0x00, 0x00, 0x00, 0x00, 0x00, 0x00, 0x00, 0x00, 0x00, 0x00, 0x00,
    0x00, 0x00, 0x00, 0x00, 0x00, 0x00, 0x00, 0x00, 0x00, 0x00, 0x00, 0x00, 0x00, 0x00, 0x00, 0x00,
    0x00, 0x00, 0x00, 0x00, 0x00, 0x00, 0x00, 0x00, 0x00, 0x00, 0x00, 0x00, 0x00, 0x00, 0x00, 0x00,
    0x00, 0x00, 0x00, 0x00, 0x00, 0x00, 0x00, 0x00, 0x00, 0x00, 0x00, 0x00, 0x00, 0x00, 0x00, 0x00,
    0x00, 0x00, 0x00, 0x00, 0x00, 0x00, 0x00, 0x00, 0x00, 0x00, 0x00, 0x00, 0x00, 0x00, 0x00, 0x00,
    0x00, 0x00, 0x00, 0x00, 0x00, 0x00, 0x00, 0x00, 0x00, 0x00, 0x00, 0x00, 0x00, 0x00, 0x00, 0x00,
    0x00, 0x00, 0x00, 0x00, 0x00, 0x00, 0x00, 0x00, 0x00, 0x00, 0x00, 0x00, 0x00, 0x00, 0x00, 0x00,
    0x00, 0x00, 0x00, 0x00, 0x00, 0x00, 0x00, 0x00, 0x00, 0x00, 0x00, 0x00, 0x00, 0x00, 0x00, 0x00,
    0x00, 0x00, 0x00, 0x00, 0x00, 0x00, 0x00, 0x00, 0x00, 0x00, 0x00, 0x00, 0x00, 0x00, 0x00, 0x00,
    0x00, 0x00, 0x00, 0x00, 0x00, 0x00, 0x00, 0x00, 0x00, 0x00, 0x00, 0x00, 0x00, 0x00, 0x00, 0x00,
    0x00, 0x00, 0x00, 0x00, 0x00, 0x00, 0x00, 0x00, 0x00, 0x00, 0x00, 0x00, 0x00, 0x00, 0x00, 0x00,
    0x00, 0x00, 0x00, 0x00, 0x00, 0x00, 0x00, 0x00, 0x00, 0x00, 0x00, 0x00, 0x00, 0x00, 0x00, 0x00,
    0x00, 0x00, 0x00, 0x00, 0x00, 0x00, 0x00, 0x00, 0x00, 0x00, 0x00, 0x00, 0x00, 0x00, 0x00, 0x00,
    0x00, 0x00, 0x00, 0x00, 0x00, 0x00, 0x00, 0x00, 0x00, 0x00, 0x00, 0x00, 0x00, 0x00, 0x00, 0x00,
    0x00, 0x00, 0x00, 0x00, 0x00, 0x00, 0x00, 0x00, 0x00, 0x00, 0x00, 0x00, 0x00, 0x00, 0x00, 0x00,
    0x00, 0x00, 0x00, 0x00, 0x00, 0x00, 0x00, 0x00, 0x00, 0x00, 0x00, 0x00, 0x00, 0x00, 0x00, 0x00,
    0x00, 0x00, 0x00, 0x00, 0x00, 0x00, 0x00, 0x00, 0x00, 0x00, 0x00, 0x00, 0x00, 0x00, 0x00, 0x00,
    0x00, 0x00, 0x00, 0x00, 0x00, 0x00, 0x00, 0x00, 0x00, 0x00, 0x00, 0x00, 0x00, 0x00, 0x00, 0x00,
    0x00, 0x00, 0x00, 0x00, 0x00, 0x00, 0x00, 0x00, 0x00, 0x00, 0x00, 0x00, 0x00, 0x00, 0x00, 0x00,
    0x00, 0x00, 0x00, 0x00, 0x00, 0x00, 0x00, 0x00, 0x00, 0x00, 0x00, 0x00, 0x00, 0x00, 0x00, 0x00,
    0x00, 0x00, 0x00, 0x00, 0x00, 0x00, 0x00, 0x00, 0x00, 0x00, 0x00, 0x00, 0x00, 0x00, 0x00, 0x00,
    0x00, 0x00, 0x00, 0x00, 0x00, 0x00, 0x00, 0x00, 0x00, 0x00, 0x00, 0x00, 0x00, 0x00, 0x00, 0x00,
    0x00, 0x00, 0x00, 0x00, 0x00, 0x00, 0x00, 0x00, 0x00, 0x00, 0x00, 0x00, 0x00, 0x00, 0x00, 0x00,
    0x00, 0x00, 0x00, 0x00, 0x00, 0x00, 0x00, 0x00, 0x00, 0x00, 0x00, 0x00, 0x00, 0x00, 0x00, 0x00,
    0x00, 0x00, 0x00, 0x00, 0x00, 0x00, 0x00, 0x00, 0x00, 0x00, 0x00, 0x00, 0x00, 0x00, 0x00, 0x00,
    0x00, 0x00, 0x00, 0x00, 0x00, 0x00, 0x00, 0x00, 0x00, 0x00, 0x00, 0x00, 0x00, 0x00, 0x00, 0x00,
    0x00, 0x00, 0x00, 0x00, 0x00, 0x00, 0x00, 0x00, 0x00, 0x00, 0x00, 0x00, 0x00, 0x00, 0x00, 0x00,
    0x00, 0x00, 0x00, 0x00, 0x00, 0x00, 0x00, 0x00, 0x00, 0x00, 0x00, 0x00, 0x00, 0x00, 0x00, 0x00,
    0x00, 0x00, 0x00, 0x00, 0x00, 0x00, 0x00, 0x00, 0x00, 0x00, 0x00, 0x00, 0x00, 0x00, 0x00, 0x00,
    0x00, 0x00, 0x00, 0x00, 0x00, 0x00, 0x00, 0x00, 0x00, 0x00, 0x00, 0x00, 0x00, 0x00, 0x00, 0x00,
    0x00, 0x00, 0x00, 0x00, 0x00, 0x00, 0x00, 0x00, 0x00, 0x00, 0x00, 0x00, 0x00, 0x00, 0x00, 0x00,
    0x00, 0x00, 0x00, 0x00, 0x00, 0x00, 0x00, 0x00, 0x00, 0x00, 0x00, 0x00, 0x00, 0x00, 0x00, 0x00,
    0x00, 0x00, 0x00, 0x00, 0x00, 0x00, 0x00, 0x00, 0x00, 0x00, 0x00, 0x00, 0x00, 0x00, 0x00, 0x00,
    0x00, 0x00, 0x00, 0x00, 0x00, 0x00, 0x00, 0x00, 0x00, 0x00, 0x00, 0x00, 0x00, 0x00, 0x00, 0x00,
    0x00, 0x00, 0x00, 0x00, 0x00, 0x00, 0x00, 0x00, 0x00, 0x00, 0x00, 0x00, 0x00, 0x00, 0x00, 0x00,
    0x00, 0x00, 0x00, 0x00, 0x00, 0x00, 0x00, 0x00, 0x00, 0x00, 0x00, 0x00, 0x00, 0x00, 0x00, 0x00,
    0x00, 0x00, 0x00, 0x00, 0x00, 0x00, 0x00, 0x00, 0x00, 0x00, 0x00, 0x00, 0x00, 0x00, 0x00, 0x00,
    0x00, 0x00, 0x00, 0x00, 0x00, 0x00, 0x00, 0x00, 0x00, 0x00, 0x00, 0x00, 0x00, 0x00, 0x00, 0x00,
    0x00, 0x00, 0x00, 0x00, 0x00, 0x00, 0x00, 0x00, 0x00, 0x00, 0x00, 0x00, 0x00, 0x00, 0x00, 0x00,
    0x00, 0x00, 0x00, 0x00, 0x00, 0x00, 0x00, 0x00, 0x00, 0x00, 0x00, 0x00, 0x00, 0x00, 0x00, 0x00,
    0x00, 0x00, 0x00, 0x00, 0x00, 0x00, 0x00, 0x00, 0x00, 0x00, 0x00, 0x00, 0x00, 0x00, 0x00, 0x00,
    0x00, 0x00, 0x00, 0x00, 0x00, 0x00, 0x00, 0x00, 0x00, 0x00, 0x00, 0x00, 0x00, 0x00, 0x00, 0x00,
    0x00, 0x00, 0x00, 0x00, 0x00, 0x00, 0x00, 0x00, 0x00, 0x00, 0x00, 0x00, 0x00, 0x00, 0x00, 0x00,
    0x00, 0x00, 0x00, 0x00, 0x00, 0x00, 0x00, 0x00, 0x00, 0x00, 0x00, 0x00, 0x00, 0x00, 0x00, 0x00,
    0x00, 0x00, 0x00, 0x00, 0x00, 0x00, 0x00, 0x00, 0x00, 0x00, 0x00, 0x00, 0x00, 0x00, 0x00, 0x00,
    0x00, 0x00, 0x00, 0x00, 0x00, 0x00, 0x00, 0x00, 0x00, 0x00, 0x00, 0x00, 0x00, 0x00, 0x00, 0x00,
    0x00, 0x00, 0x00, 0x00, 0x00, 0x00, 0x00, 0x00, 0x00, 0x00, 0x00, 0x00, 0x00, 0x00, 0x00, 0x00,
    0x00, 0x00, 0x00, 0x00, 0x00, 0x00, 0x00, 0x00, 0x00, 0x00, 0x00, 0x00, 0x00, 0x00, 0x00, 0x00,
    0x00, 0x00, 0x00, 0x00, 0x00, 0x00, 0x00, 0x00, 0x00, 0x00, 0x00, 0x00, 0x00, 0x00, 0x00, 0x00,
    0x00, 0x00, 0x00, 0x00, 0x00, 0x00, 0x00, 0x00, 0x00, 0x00, 0x00, 0x00, 0x00, 0x00, 0x00, 0x00,
    0x00, 0x00, 0x00, 0x00, 0x00, 0x00, 0x00, 0x00, 0x00, 0x00, 0x00, 0x00, 0x00, 0x00, 0x00, 0x00,
    0x00, 0x00, 0x00, 0x00, 0x00, 0x00, 0x00, 0x00, 0x00, 0x00, 0x00, 0x00, 0x00, 0x00, 0x00, 0x00,
    0x00, 0x00, 0x00, 0x00, 0x00, 0x00, 0x00, 0x00, 0x00, 0x00, 0x00, 0x00, 0x00, 0x00, 0x00, 0x00,
    0x00, 0x00, 0x00, 0x00, 0x00, 0x00, 0x00, 0x00, 0x00, 0x00, 0x00, 0x00, 0x00, 0x00, 0x00, 0x00,
    0x00, 0x00, 0x00, 0x00, 0x00, 0x00, 0x00, 0x00, 0x00, 0x00, 0x00, 0x00, 0x00, 0x00, 0x00, 0x00,
    0x00, 0x00, 0x00, 0x00, 0x00, 0x00, 0x00, 0x00, 0x00, 0x00, 0x00, 0x00, 0x00, 0x00, 0x00, 0x00,
    0x00, 0x00, 0x00, 0x00, 0x00, 0x00, 0x00, 0x00, 0x00, 0x00, 0x00, 0x00, 0x00, 0x00, 0x00, 0x00,
    0x00, 0x00, 0x00, 0x00, 0x00, 0x00, 0x00, 0x00, 0x00, 0x00, 0x00, 0x00, 0x00, 0x00, 0x00, 0x00,
    0x00, 0x00, 0x00, 0x00, 0x00, 0x00, 0x00, 0x00, 0x00, 0x00, 0x00, 0x00, 0x00, 0x00, 0x00, 0x00,
    0x00, 0x00, 0x00, 0x00, 0x00, 0x00, 0x00, 0x00, 0x00, 0x00, 0x00, 0x00, 0x00, 0x00, 0x00, 0x00,
    0x00, 0x00, 0x00, 0x00, 0x00, 0x00, 0x00, 0x00, 0x00, 0x00, 0x00, 0x00, 0x00, 0x00, 0x00, 0x00,
    0x00, 0x00, 0x00, 0x00, 0x00, 0x00, 0x00, 0x00, 0x00, 0x00, 0x00, 0x00, 0x00, 0x00, 0x00, 0x00,
    0x00, 0x00, 0x00, 0x00, 0x00, 0x00, 0x00, 0x00, 0x00, 0x00, 0x00, 0x00, 0x00, 0x00, 0x00, 0x00,
    0x00, 0x00, 0x00, 0x00, 0x00, 0x00, 0x00, 0x00, 0x00, 0x00, 0x00, 0x00, 0x00, 0x00, 0x00, 0x00,
    0x00, 0x00, 0x00, 0x00, 0x00, 0x00, 0x00, 0x00, 0x00, 0x00, 0x00, 0x00, 0x00, 0x00, 0x00, 0x00,
    0x00, 0x00, 0x00, 0x00, 0x00, 0x00, 0x00, 0x00, 0x00, 0x00, 0x00, 0x00, 0x00, 0x00, 0x00, 0x00,
    0x00, 0x00, 0x00, 0x00, 0x00, 0x00, 0x00, 0x00, 0x00, 0x00, 0x00, 0x00, 0x00, 0x00, 0x00, 0x00,
    0x00, 0x00, 0x00, 0x00, 0x00, 0x00, 0x00, 0x00, 0x00, 0x00, 0x00, 0x00, 0x00, 0x00, 0x00, 0x00,
    0x00, 0x00, 0x00, 0x00, 0x00, 0x00, 0x00, 0x00, 0x44, 0x88, 0xCC, 0x01, 0x45, 0x89, 0xCD, 0x01,
    0x45, 0x89, 0xCC, 0x01, 0x46, 0x89, 0xCD, 0x01, 0x46, 0x89, 0xCC, 0x01, 0x47, 0x8A, 0xCC, 0x01,
    0x46, 0x8A, 0xCC, 0x01, 0x46, 0x89, 0xCD, 0x01, 0x46, 0x89, 0xCD, 0x02, 0x47, 0x8A, 0xCE, 0x02,
    0x46, 0x89, 0xCE, 0x02, 0x46, 0x8A, 0xCE, 0x02, 0x47, 0x8B, 0xCE, 0x02, 0x47, 0x8B, 0xCE, 0x02,
    0x48, 0x8C, 0xCE, 0x02, 0x48, 0x8C, 0xCE, 0x02, 0x48, 0x8D, 0xCF, 0x02, 0x4A, 0x8D, 0xD0, 0x02,
    0x4B, 0x8E, 0xD1, 0x02, 0x4B, 0x8F, 0xD2, 0x02, 0x4C, 0x8F, 0xD3, 0x01, 0x4C, 0x8F, 0xD3, 0x01,
    0x4C, 0x90, 0xD2, 0x01, 0x4C, 0x90, 0xD2, 0x01, 0x4D, 0x91, 0xD3, 0x01, 0x4D, 0x91, 0xD4, 0x01,
    0x4D, 0x92, 0xD5, 0x01, 0x4D, 0x92, 0xD5, 0x02, 0x4C, 0x92, 0xD4, 0x02, 0x4B, 0x92, 0xD4, 0x02,
    0x4A, 0x91, 0xD4, 0x01, 0x49, 0x90, 0xD5, 0x01, 0x48, 0x8F, 0xD4, 0x01, 0x48, 0x8F, 0xD4, 0x01,
    0x47, 0x8E, 0xD3, 0x01, 0x46, 0x8C, 0xD2, 0x01, 0x44, 0x8B, 0xD2, 0x01, 0x43, 0x8A, 0xD2, 0x01,
    0x42, 0x8A, 0xD2, 0x01, 0x41, 0x8A, 0xD2, 0x01, 0x40, 0x89, 0xD1, 0x01, 0x3F, 0x88, 0xD1, 0x01,
    0x3E, 0x87, 0xD0, 0x01, 0x3E, 0x87, 0xD0, 0x01, 0x3C, 0x86, 0xD0, 0x01, 0x3B, 0x85, 0xCF, 0x01,
    0x00, 0x00, 0x00, 0x00, 0x00, 0x00, 0x00, 0x00, 0x00, 0x00, 0x00, 0x00, 0x00, 0x00, 0x00, 0x00,
    0x00, 0x00, 0x00, 0x00, 0x00, 0x00, 0x00, 0x00, 0x00, 0x00, 0x00, 0x00, 0x00, 0x00, 0x00, 0x00,
    0x00, 0x00, 0x00, 0x00, 0x00, 0x00, 0x00, 0x00, 0x00, 0x00, 0x00, 0x00, 0x00, 0x00, 0x00, 0x00,
    0x00, 0x00, 0x00, 0x00, 0x00, 0x00, 0x00, 0x00, 0x00, 0x00, 0x00, 0x00, 0x00, 0x00, 0x00, 0x00,
    0x00, 0x00, 0x00, 0x00, 0x00, 0x00, 0x00, 0x00, 0x00, 0x00, 0x00, 0x00, 0x00, 0x00, 0x00, 0x00,
    0x00, 0x00, 0x00, 0x00, 0x00, 0x00, 0x00, 0x00, 0x00, 0x00, 0x00, 0x00, 0x00, 0x00, 0x00, 0x00,
    0x00, 0x00, 0x00, 0x00, 0x00, 0x00, 0x00, 0x00, 0x00, 0x00, 0x00, 0x00, 0x00, 0x00, 0x00, 0x00,
    0x00, 0x00, 0x00, 0x00, 0x00, 0x00, 0x00, 0x00, 0x00, 0x00, 0x00, 0x00, 0x00, 0x00, 0x00, 0x00,
    0x00, 0x00, 0x00, 0x00, 0x00, 0x00, 0x00, 0x00, 0x00, 0x00, 0x00, 0x00, 0x00, 0x00, 0x00, 0x00,
    0x00, 0x00, 0x00, 0x00, 0x00, 0x00, 0x00, 0x00, 0x00, 0x00, 0x00, 0x00, 0x00, 0x00, 0x00, 0x00,
    0x00, 0x00, 0x00, 0x00, 0x00, 0x00, 0x00, 0x00, 0x00, 0x00, 0x00, 0x00, 0x00, 0x00, 0x00, 0x00,
    0x00, 0x00, 0x00, 0x00, 0x00, 0x00, 0x00, 0x00, 0x00, 0x00, 0x00, 0x00, 0x00, 0x00, 0x00, 0x00,
    0x00, 0x00, 0x00, 0x00, 0x00, 0x00, 0x00, 0x00, 0x00, 0x00, 0x00, 0x00, 0x00, 0x00, 0x00, 0x00,
    0x00, 0x00, 0x00, 0x00, 0x00, 0x00, 0x00, 0x00, 0x00, 0x00, 0x00, 0x00, 0x00, 0x00, 0x00, 0x00,
    0x00, 0x00, 0x00, 0x00, 0x00, 0x00, 0x00, 0x00, 0x00, 0x00, 0x00, 0x00, 0x00, 0x00, 0x00, 0x00,
    0x00, 0x00, 0x00, 0x00, 0x00, 0x00, 0x00, 0x00, 0x00, 0x00, 0x00, 0x00, 0x00, 0x00, 0x00, 0x00,
    0x00, 0x00, 0x00, 0x00, 0x00, 0x00, 0x00, 0x00, 0x00, 0x00, 0x00, 0x00, 0x00, 0x00, 0x00, 0x00,
    0x00, 0x00, 0x00, 0x00, 0x00, 0x00, 0x00, 0x00, 0x00, 0x00, 0x00, 0x00, 0x00, 0x00, 0x00, 0x00,
    0x00, 0x00, 0x00, 0x00, 0x00, 0x00, 0x00, 0x00, 0x00, 0x00, 0x00, 0x00, 0x00, 0x00, 0x00, 0x00,
    0x00, 0x00, 0x00, 0x00, 0x00, 0x00, 0x00, 0x00, 0x00, 0x00, 0x00, 0x00, 0x00, 0x00, 0x00, 0x00,
    0x00, 0x00, 0x00, 0x00, 0x00, 0x00, 0x00, 0x00, 0x43, 0x88, 0xCC, 0x01, 0x45, 0x89, 0xCD, 0x01,
    0x46, 0x89, 0xCD, 0x01, 0x46, 0x89, 0xCD, 0x01, 0x46, 0x8A, 0xCD, 0x01, 0x47, 0x8A, 0xCD, 0x01,
    0x47, 0x89, 0xCD, 0x01, 0x46, 0x8A, 0xCD, 0x02, 0x45, 0x89, 0xCC, 0x03, 0x44, 0x87, 0xCB, 0x03,
    0x45, 0x89, 0xCD, 0x04, 0x46, 0x8A, 0xCD, 0x03, 0x45, 0x8A, 0xCE, 0x03, 0x46, 0x8B, 0xCF, 0x02,
    0x46, 0x8B, 0xCF, 0x02, 0x46, 0x8B, 0xCF, 0x02, 0x47, 0x8C, 0xCF, 0x02, 0x49, 0x8C, 0xD0, 0x02,
    0x49, 0x8D, 0xD1, 0x02, 0x4B, 0x8E, 0xD2, 0x02, 0x4B, 0x8E, 0xD2, 0x01, 0x4B, 0x8E, 0xD3, 0x01,
    0x4B, 0x8F, 0xD2, 0x01, 0x4B, 0x8F, 0xD3, 0x01, 0x4B, 0x90, 0xD3, 0x01, 0x4C, 0x91, 0xD4, 0x01,
    0x4C, 0x91, 0xD4, 0x01, 0x4C, 0x92, 0xD4, 0x01, 0x4C, 0x91, 0xD4, 0x01, 0x4B, 0x91, 0xD4, 0x01,
    0x4A, 0x91, 0xD5, 0x02, 0x49, 0x90, 0xD5, 0x02, 0x48, 0x8F, 0xD4, 0x01, 0x48, 0x8F, 0xD4, 0x01,
    0x47, 0x8E, 0xD4, 0x01, 0x45, 0x8D, 0xD3, 0x01, 0x44, 0x8B, 0xD3, 0x01, 0x43, 0x8B, 0xD3, 0x01,
    0x42, 0x8A, 0xD3, 0x01, 0x41, 0x89, 0xD3, 0x01, 0x40, 0x89, 0xD2, 0x01, 0x3F, 0x88, 0xD1, 0x01,
    0x3E, 0x87, 0xD1, 0x01, 0x3E, 0x87, 0xD0, 0x01, 0x3C, 0x86, 0xCF, 0x01, 0x3B, 0x85, 0xD0, 0x01,
    0x00, 0x00, 0x00, 0x00, 0x00, 0x00, 0x00, 0x00, 0x00, 0x00, 0x00, 0x00, 0x00, 0x00, 0x00, 0x00,
    0x00, 0x00, 0x00, 0x00, 0x00, 0x00, 0x00, 0x00, 0x00, 0x00, 0x00, 0x00, 0x00, 0x00, 0x00, 0x00,
    0x00, 0x00, 0x00, 0x00, 0x00, 0x00, 0x00, 0x00, 0x00, 0x00, 0x00, 0x00, 0x00, 0x00, 0x00, 0x00,
    0x00, 0x00, 0x00, 0x00, 0x00, 0x00, 0x00, 0x00, 0x00, 0x00, 0x00, 0x00, 0x00, 0x00, 0x00, 0x00,
    0x00, 0x00, 0x00, 0x00, 0x00, 0x00, 0x00, 0x00, 0x00, 0x00, 0x00, 0x00, 0x00, 0x00, 0x00, 0x00,
    0x00, 0x00, 0x00, 0x00, 0x00, 0x00, 0x00, 0x00, 0x00, 0x00, 0x00, 0x00, 0x00, 0x00, 0x00, 0x00,
    0x00, 0x00, 0x00, 0x00, 0x00, 0x00, 0x00, 0x00, 0x00, 0x00, 0x00, 0x00, 0x00, 0x00, 0x00, 0x00,
    0x00, 0x00, 0x00, 0x00, 0x00, 0x00, 0x00, 0x00, 0x00, 0x00, 0x00, 0x00, 0x00, 0x00, 0x00, 0x00,
    0x00, 0x00, 0x00, 0x00, 0x00, 0x00, 0x00, 0x00, 0x00, 0x00, 0x00, 0x00, 0x00, 0x00, 0x00, 0x00,
    0x00, 0x00, 0x00, 0x00, 0x00, 0x00, 0x00, 0x00, 0x00, 0x00, 0x00, 0x00, 0x00, 0x00, 0x00, 0x00,
    0x00, 0x00, 0x00, 0x00, 0x00, 0x00, 0x00, 0x00, 0x00, 0x00, 0x00, 0x00, 0x00, 0x00, 0x00, 0x00,
    0x00, 0x00, 0x00, 0x00, 0x00, 0x00, 0x00, 0x00, 0x00, 0x00, 0x00, 0x00, 0x00, 0x00, 0x00, 0x00,
    0x00, 0x00, 0x00, 0x00, 0x00, 0x00, 0x00, 0x00, 0x00, 0x00, 0x00, 0x00, 0x00, 0x00, 0x00, 0x00,
    0x00, 0x00, 0x00, 0x00, 0x00, 0x00, 0x00, 0x00, 0x00, 0x00, 0x00, 0x00, 0x00, 0x00, 0x00, 0x00,
    0x00, 0x00, 0x00, 0x00, 0x00, 0x00, 0x00, 0x00, 0x00, 0x00, 0x00, 0x00, 0x00, 0x00, 0x00, 0x00,
    0x00, 0x00, 0x00, 0x00, 0x00, 0x00, 0x00, 0x00, 0x00, 0x00, 0x00, 0x00, 0x00, 0x00, 0x00, 0x00,
    0x00, 0x00, 0x00, 0x00, 0x00, 0x00, 0x00, 0x00, 0x00, 0x00, 0x00, 0x00, 0x00, 0x00, 0x00, 0x00,
    0x00, 0x00, 0x00, 0x00, 0x00, 0x00, 0x00, 0x00, 0x00, 0x00, 0x00, 0x00, 0x00, 0x00, 0x00, 0x00,
    0x00, 0x00, 0x00, 0x00, 0x00, 0x00, 0x00, 0x00, 0x00, 0x00, 0x00, 0x00, 0x00, 0x00, 0x00, 0x00,
    0x00, 0x00, 0x00, 0x00, 0x00, 0x00, 0x00, 0x00, 0x00, 0x00, 0x00, 0x00, 0x00, 0x00, 0x00, 0x00,
    0x00, 0x00, 0x00, 0x00, 0x00, 0x00, 0x00, 0x00, 0x00, 0x00, 0x00, 0x00, 0x44, 0x89, 0xCD, 0x01,
    0x45, 0x89, 0xCD, 0x01, 0x47, 0x8A, 0xCE, 0x01, 0x48, 0x8A, 0xCF, 0x01, 0x48, 0x8B, 0xCF, 0x01,
    0x46, 0x8A, 0xCD, 0x03, 0x42, 0x89, 0xCD, 0x02, 0x47, 0x8E, 0xD2, 0x02, 0x4B, 0x92, 0xD5, 0x01,
    0x44, 0x8B, 0xCD, 0x03, 0x43, 0x8A, 0xCB, 0x03, 0x43, 0x8A, 0xCD, 0x05, 0x44, 0x8B, 0xD0, 0x03,
    0x45, 0x8A, 0xD0, 0x03, 0x45, 0x8A, 0xD0, 0x03, 0x46, 0x8C, 0xD0, 0x02, 0x47, 0x8B, 0xD0, 0x01,
    0x48, 0x8D, 0xD1, 0x02, 0x49, 0x8D, 0xD1, 0x01, 0x49, 0x8D, 0xD3, 0x01, 0x4A, 0x8E, 0xD3, 0x01,
    0x4A, 0x8E, 0xD2, 0x01, 0x4A, 0x8E, 0xD3, 0x01, 0x4B, 0x8F, 0xD3, 0x01, 0x4C, 0x90, 0xD4, 0x01,
    0x4C, 0x91, 0xD4, 0x01, 0x4C, 0x91, 0xD4, 0x01, 0x4B, 0x90, 0xD4, 0x01, 0x4B, 0x90, 0xD4, 0x02,
    0x4A, 0x8F, 0xD5, 0x02, 0x49, 0x8F, 0xD4, 0x02, 0x48, 0x8F, 0xD5, 0x01, 0x48, 0x8F, 0xD5, 0x01,
    0x47, 0x8E, 0xD5, 0x01, 0x46, 0x8E, 0xD4, 0x01, 0x45, 0x8D, 0xD4, 0x01, 0x44, 0x8C, 0xD4, 0x01,
    0x42, 0x8B, 0xD3, 0x01, 0x41, 0x8A, 0xD3, 0x01, 0x40, 0x89, 0xD2, 0x01, 0x3F, 0x89, 0xD2, 0x01,
    0x3E, 0x88, 0xD1, 0x01, 0x3D, 0x87, 0xD1, 0x01, 0x3B, 0x86, 0xD0, 0x01, 0x3B, 0x85, 0xD0, 0x01,
    0x39, 0x85, 0xD0, 0x01, 0x00, 0x00, 0x00, 0x00, 0x00, 0x00, 0x00, 0x00, 0x00, 0x00, 0x00, 0x00,
    0x00, 0x00, 0x00, 0x00, 0x00, 0x00, 0x00, 0x00, 0x00, 0x00, 0x00, 0x00, 0x00, 0x00, 0x00, 0x00,
    0x00, 0x00, 0x00, 0x00, 0x00, 0x00, 0x00, 0x00, 0x00, 0x00, 0x00, 0x00, 0x00, 0x00, 0x00, 0x00,
    0x00, 0x00, 0x00, 0x00, 0x00, 0x00, 0x00, 0x00, 0x00, 0x00, 0x00, 0x00, 0x00, 0x00, 0x00, 0x00,
    0x00, 0x00, 0x00, 0x00, 0x00, 0x00, 0x00, 0x00, 0x00, 0x00, 0x00, 0x00, 0x00, 0x00, 0x00, 0x00,
    0x00, 0x00, 0x00, 0x00, 0x00, 0x00, 0x00, 0x00, 0x00, 0x00, 0x00, 0x00, 0x00, 0x00, 0x00, 0x00,
    0x00, 0x00, 0x00, 0x00, 0x00, 0x00, 0x00, 0x00, 0x00, 0x00, 0x00, 0x00, 0x00, 0x00, 0x00, 0x00,
    0x00, 0x00, 0x00, 0x00, 0x00, 0x00, 0x00, 0x00, 0x00, 0x00, 0x00, 0x00, 0x00, 0x00, 0x00, 0x00,
    0x00, 0x00, 0x00, 0x00, 0x00, 0x00, 0x00, 0x00, 0x00, 0x00, 0x00, 0x00, 0x00, 0x00, 0x00, 0x00,
    0x00, 0x00, 0x00, 0x00, 0x00, 0x00, 0x00, 0x00, 0x00, 0x00, 0x00, 0x00, 0x00, 0x00, 0x00, 0x00,
    0x00, 0x00, 0x00, 0x00, 0x00, 0x00, 0x00, 0x00, 0x00, 0x00, 0x00, 0x00, 0x00, 0x00, 0x00, 0x00,
    0x00, 0x00, 0x00, 0x00, 0x00, 0x00, 0x00, 0x00, 0x00, 0x00, 0x00, 0x00, 0x00, 0x00, 0x00, 0x00,
    0x00, 0x00, 0x00, 0x00, 0x00, 0x00, 0x00, 0x00, 0x00, 0x00, 0x00, 0x00, 0x00, 0x00, 0x00, 0x00,
    0x00, 0x00, 0x00, 0x00, 0x00, 0x00, 0x00, 0x00, 0x00, 0x00, 0x00, 0x00, 0x00, 0x00, 0x00, 0x00,
    0x00, 0x00, 0x00, 0x00, 0x00, 0x00, 0x00, 0x00, 0x00, 0x00, 0x00, 0x00, 0x00, 0x00, 0x00, 0x00,
    0x00, 0x00, 0x00, 0x00, 0x00, 0x00, 0x00, 0x00, 0x00, 0x00, 0x00, 0x00, 0x00, 0x00, 0x00, 0x00,
    0x00, 0x00, 0x00, 0x00, 0x00, 0x00, 0x00, 0x00, 0x00, 0x00, 0x00, 0x00, 0x00, 0x00, 0x00, 0x00,
    0x00, 0x00, 0x00, 0x00, 0x00, 0x00, 0x00, 0x00, 0x00, 0x00, 0x00, 0x00, 0x00, 0x00, 0x00, 0x00,
    0x00, 0x00, 0x00, 0x00, 0x00, 0x00, 0x00, 0x00, 0x00, 0x00, 0x00, 0x00, 0x00, 0x00, 0x00, 0x00,
    0x00, 0x00, 0x00, 0x00, 0x00, 0x00, 0x00, 0x00, 0x00, 0x00, 0x00, 0x00, 0x00, 0x00, 0x00, 0x00,
    0x00, 0x00, 0x00, 0x00, 0x00, 0x00, 0x00, 0x00, 0x43, 0x88, 0xCC, 0x01, 0x00, 0x00, 0x00, 0x00,
    0x46, 0x89, 0xCD, 0x01, 0x48, 0x8A, 0xCF, 0x01, 0x49, 0x8A, 0xCF, 0x02, 0x47, 0x8A, 0xCE, 0x03,
    0x44, 0x8A, 0xD0, 0x02, 0x4B, 0x8E, 0xD1, 0x04, 0x3B, 0x71, 0xAA, 0x1A, 0x34, 0x6D, 0xA6, 0x26,
    0x43, 0x8C, 0xCC, 0x17, 0x42, 0x90, 0xD1, 0x12, 0x40, 0x8B, 0xCD, 0x07, 0x42, 0x8A, 0xCF, 0x06,
    0x42, 0x8B, 0xCF, 0x04, 0x42, 0x8B, 0xCF, 0x04, 0x44, 0x8C, 0xD0, 0x02, 0x45, 0x8B, 0xD0, 0x02,
    0x46, 0x8C, 0xD1, 0x01, 0x48, 0x8C, 0xD1, 0x02, 0x48, 0x8C, 0xD2, 0x02, 0x48, 0x8C, 0xD2, 0x01,
    0x48, 0x8D, 0xD2, 0x01, 0x49, 0x8E, 0xD3, 0x01, 0x4A, 0x8E, 0xD3, 0x01, 0x4A, 0x8E, 0xD3, 0x01,
    0x4B, 0x8F, 0xD4, 0x01, 0x4B, 0x90, 0xD4, 0x01, 0x4B, 0x90, 0xD4, 0x01, 0x4A, 0x90, 0xD4, 0x02,
    0x4A, 0x90, 0xD5, 0x02, 0x49, 0x8F, 0xD4, 0x02, 0x48, 0x8F, 0xD4, 0x02, 0x48, 0x8F, 0xD4, 0x02,
    0x48, 0x8E, 0xD5, 0x01, 0x46, 0x8E, 0xD5, 0x01, 0x45, 0x8D, 0xD4, 0x01, 0x44, 0x8C, 0xD4, 0x01,
    0x43, 0x8B, 0xD3, 0x01, 0x41, 0x8A, 0xD4, 0x01, 0x3F, 0x89, 0xD3, 0x01, 0x3E, 0x89, 0xD2, 0x01,
    0x3D, 0x88, 0xD1, 0x01, 0x3C, 0x87, 0xD1, 0x01, 0x3B, 0x86, 0xD1, 0x01, 0x3A, 0x85, 0xD0, 0x01,
    0x39, 0x84, 0xD0, 0x01, 0x00, 0x00, 0x00, 0x00, 0x00, 0x00, 0x00, 0x00, 0x00, 0x00, 0x00, 0x00,
    0x00, 0x00, 0x00, 0x00, 0x00, 0x00, 0x00, 0x00, 0x00, 0x00, 0x00, 0x00, 0x00, 0x00, 0x00, 0x00,
    0x00, 0x00, 0x00, 0x00, 0x00, 0x00, 0x00, 0x00, 0x00, 0x00, 0x00, 0x00, 0x00, 0x00, 0x00, 0x00,
    0x00, 0x00, 0x00, 0x00, 0x00, 0x00, 0x00, 0x00, 0x00, 0x00, 0x00, 0x00, 0x00, 0x00, 0x00, 0x00,
    0x00, 0x00, 0x00, 0x00, 0x00, 0x00, 0x00, 0x00, 0x00, 0x00, 0x00, 0x00, 0x00, 0x00, 0x00, 0x00,
    0x00, 0x00, 0x00, 0x00, 0x00, 0x00, 0x00, 0x00, 0x00, 0x00, 0x00, 0x00, 0x00, 0x00, 0x00, 0x00,
    0x00, 0x00, 0x00, 0x00, 0x00, 0x00, 0x00, 0x00, 0x00, 0x00, 0x00, 0x00, 0x00, 0x00, 0x00, 0x00,
    0x00, 0x00, 0x00, 0x00, 0x00, 0x00, 0x00, 0x00, 0x00, 0x00, 0x00, 0x00, 0x00, 0x00, 0x00, 0x00,
    0x00, 0x00, 0x00, 0x00, 0x00, 0x00, 0x00, 0x00, 0x00, 0x00, 0x00, 0x00, 0x00, 0x00, 0x00, 0x00,
    0x00, 0x00, 0x00, 0x00, 0x00, 0x00, 0x00, 0x00, 0x00, 0x00, 0x00, 0x00, 0x00, 0x00, 0x00, 0x00,
    0x00, 0x00, 0x00, 0x00, 0x00, 0x00, 0x00, 0x00, 0x00, 0x00, 0x00, 0x00, 0x00, 0x00, 0x00, 0x00,
    0x00, 0x00, 0x00, 0x00, 0x00, 0x00, 0x00, 0x00, 0x00, 0x00, 0x00, 0x00, 0x00, 0x00, 0x00, 0x00,
    0x00, 0x00, 0x00, 0x00, 0x00, 0x00, 0x00, 0x00, 0x00, 0x00, 0x00, 0x00, 0x00, 0x00, 0x00, 0x00,
    0x00, 0x00, 0x00, 0x00, 0x00, 0x00, 0x00, 0x00, 0x00, 0x00, 0x00, 0x00, 0x00, 0x00, 0x00, 0x00,
    0x00, 0x00, 0x00, 0x00, 0x00, 0x00, 0x00, 0x00, 0x00, 0x00, 0x00, 0x00, 0x00, 0x00, 0x00, 0x00,
    0x00, 0x00, 0x00, 0x00, 0x00, 0x00, 0x00, 0x00, 0x00, 0x00, 0x00, 0x00, 0x00, 0x00, 0x00, 0x00,
    0x00, 0x00, 0x00, 0x00, 0x00, 0x00, 0x00, 0x00, 0x00, 0x00, 0x00, 0x00, 0x00, 0x00, 0x00, 0x00,
    0x00, 0x00, 0x00, 0x00, 0x00, 0x00, 0x00, 0x00, 0x00, 0x00, 0x00, 0x00, 0x00, 0x00, 0x00, 0x00,
    0x00, 0x00, 0x00, 0x00, 0x00, 0x00, 0x00, 0x00, 0x00, 0x00, 0x00, 0x00, 0x00, 0x00, 0x00, 0x00,
    0x00, 0x00, 0x00, 0x00, 0x00, 0x00, 0x00, 0x00, 0x00, 0x00, 0x00, 0x00, 0x00, 0x00, 0x00, 0x00,
    0x00, 0x00, 0x00, 0x00, 0x00, 0x00, 0x00, 0x00, 0x43, 0x88, 0xCE, 0x01, 0x45, 0x89, 0xCE, 0x01,
    0x47, 0x89, 0xCE, 0x01, 0x49, 0x8B, 0xCF, 0x01, 0x47, 0x8B, 0xCE, 0x03, 0x45, 0x8B, 0xCF, 0x01,
    0x49, 0x91, 0xD5, 0x07, 0x26, 0x58, 0x8C, 0x78, 0x01, 0x0B, 0x2B, 0xB2, 0x03, 0x12, 0x3D, 0xCC,
    0x26, 0x5F, 0x96, 0xA5, 0x37, 0x7D, 0xB2, 0x93, 0x3B, 0x80, 0xBA, 0x2E, 0x45, 0x8F, 0xCF, 0x10,
    0x3E, 0x8A, 0xCB, 0x03, 0x3E, 0x8A, 0xCB, 0x03, 0x41, 0x8C, 0xD0, 0x03, 0x43, 0x8A, 0xD2, 0x03,
    0x44, 0x8B, 0xD2, 0x02, 0x46, 0x8C, 0xD1, 0x02, 0x46, 0x8B, 0xD1, 0x01, 0x46, 0x8C, 0xD1, 0x02,
    0x47, 0x8D, 0xD2, 0x02, 0x47, 0x8E, 0xD3, 0x01, 0x48, 0x8E, 0xD4, 0x01, 0x4A, 0x8E, 0xD4, 0x02,
    0x4A, 0x8E, 0xD3, 0x02, 0x48, 0x8F, 0xD3, 0x04, 0x48, 0x8F, 0xD2, 0x04, 0x47, 0x90, 0xD3, 0x04,
    0x49, 0x91, 0xD5, 0x03, 0x4A, 0x8F, 0xD5, 0x02, 0x49, 0x8F, 0xD5, 0x02, 0x49, 0x8F, 0xD5, 0x02,
    0x49, 0x8E, 0xD5, 0x02, 0x48, 0x8F, 0xD6, 0x01, 0x46, 0x8E, 0xD6, 0x01, 0x44, 0x8D, 0xD5, 0x01,
    0x42, 0x8C, 0xD4, 0x01, 0x40, 0x8A, 0xD3, 0x01, 0x3F, 0x89, 0xD3, 0x01, 0x3D, 0x89, 0xD3, 0x01,
    0x3C, 0x88, 0xD2, 0x01, 0x3C, 0x88, 0xD2, 0x01, 0x3B, 0x87, 0xD2, 0x01, 0x3A, 0x86, 0xD1, 0x01,
    0x39, 0x85, 0xD0, 0x01, 0x00, 0x00, 0x00, 0x00, 0x00, 0x00, 0x00, 0x00, 0x00, 0x00, 0x00, 0x00,
    0x00, 0x00, 0x00, 0x00, 0x00, 0x00, 0x00, 0x00, 0x00, 0x00, 0x00, 0x00, 0x00, 0x00, 0x00, 0x00,
    0x00, 0x00, 0x00, 0x00, 0x00, 0x00, 0x00, 0x00, 0x00, 0x00, 0x00, 0x00, 0x00, 0x00, 0x00, 0x00,
    0x00, 0x00, 0x00, 0x00, 0x00, 0x00, 0x00, 0x00, 0x00, 0x00, 0x00, 0x00, 0x00, 0x00, 0x00, 0x00,
    0x00, 0x00, 0x00, 0x00, 0x00, 0x00, 0x00, 0x00, 0x00, 0x00, 0x00, 0x00, 0x00, 0x00, 0x00, 0x00,
    0x00, 0x00, 0x00, 0x00, 0x00, 0x00, 0x00, 0x00, 0x00, 0x00, 0x00, 0x00, 0x00, 0x00, 0x00, 0x00,
    0x00, 0x00, 0x00, 0x00, 0x00, 0x00, 0x00, 0x00, 0x00, 0x00, 0x00, 0x00, 0x00, 0x00, 0x00, 0x00,
    0x00, 0x00, 0x00, 0x00, 0x00, 0x00, 0x00, 0x00, 0x00, 0x00, 0x00, 0x00, 0x00, 0x00, 0x00, 0x00,
    0x00, 0x00, 0x00, 0x00, 0x00, 0x00, 0x00, 0x00, 0x00, 0x00, 0x00, 0x00, 0x00, 0x00, 0x00, 0x00,
    0x00, 0x00, 0x00, 0x00, 0x00, 0x00, 0x00, 0x00, 0x00, 0x00, 0x00, 0x00, 0x00, 0x00, 0x00, 0x00,
    0x00, 0x00, 0x00, 0x00, 0x00, 0x00, 0x00, 0x00, 0x00, 0x00, 0x00, 0x00, 0x00, 0x00, 0x00, 0x00,
    0x00, 0x00, 0x00, 0x00, 0x00, 0x00, 0x00, 0x00, 0x00, 0x00, 0x00, 0x00, 0x00, 0x00, 0x00, 0x00,
    0x00, 0x00, 0x00, 0x00, 0x00, 0x00, 0x00, 0x00, 0x00, 0x00, 0x00, 0x00, 0x00, 0x00, 0x00, 0x00,
    0x00, 0x00, 0x00, 0x00, 0x00, 0x00, 0x00, 0x00, 0x00, 0x00, 0x00, 0x00, 0x00, 0x00, 0x00, 0x00,
    0x00, 0x00, 0x00, 0x00, 0x00, 0x00, 0x00, 0x00, 0x00, 0x00, 0x00, 0x00, 0x00, 0x00, 0x00, 0x00,
    0x00, 0x00, 0x00, 0x00, 0x00, 0x00, 0x00, 0x00, 0x00, 0x00, 0x00, 0x00, 0x00, 0x00, 0x00, 0x00,
    0x00, 0x00, 0x00, 0x00, 0x00, 0x00, 0x00, 0x00, 0x00, 0x00, 0x00, 0x00, 0x00, 0x00, 0x00, 0x00,
    0x00, 0x00, 0x00, 0x00, 0x00, 0x00, 0x00, 0x00, 0x00, 0x00, 0x00, 0x00, 0x00, 0x00, 0x00, 0x00,
    0x00, 0x00, 0x00, 0x00, 0x00, 0x00, 0x00, 0x00, 0x00, 0x00, 0x00, 0x00, 0x00, 0x00, 0x00, 0x00,
    0x00, 0x00, 0x00, 0x00, 0x00, 0x00, 0x00, 0x00, 0x00, 0x00, 0x00, 0x00, 0x00, 0x00, 0x00, 0x00,
    0x00, 0x00, 0x00, 0x00, 0x00, 0x00, 0x00, 0x00, 0x43, 0x88, 0xCE, 0x01, 0x45, 0x89, 0xCE, 0x01,
    0x47, 0x88, 0xCE, 0x01, 0x46, 0x89, 0xCC, 0x05, 0x46, 0x8C, 0xCF, 0x02, 0x45, 0x87, 0xC6, 0x11,
    0x1E, 0x50, 0x8A, 0x58, 0x2B, 0x5B, 0x91, 0xDD, 0x5D, 0x94, 0xCC, 0xE8, 0x54, 0x8E, 0xD1, 0xF0,
    0x2D, 0x69, 0xAF, 0xE6, 0x02, 0x1F, 0x58, 0xEC, 0x02, 0x15, 0x44, 0xD4, 0x26, 0x64, 0x98, 0x98,
    0x47, 0x98, 0xD4, 0x2D, 0x47, 0x98, 0xD4, 0x2D, 0x3E, 0x8B, 0xCF, 0x01, 0x3E, 0x89, 0xCF, 0x04,
    0x42, 0x8D, 0xD3, 0x01, 0x43, 0x8A, 0xD1, 0x02, 0x43, 0x8B, 0xD2, 0x01, 0x44, 0x8C, 0xD2, 0x02,
    0x45, 0x8B, 0xD3, 0x02, 0x47, 0x8D, 0xD5, 0x02, 0x48, 0x8E, 0xD4, 0x02, 0x45, 0x8B, 0xD1, 0x04,
    0x45, 0x8D, 0xD3, 0x02, 0x49, 0x92, 0xD8, 0x01, 0x00, 0x00, 0x00, 0x00, 0x00, 0x00, 0x00, 0x00,
    0x00, 0x00, 0x00, 0x00, 0x46, 0x8E, 0xD6, 0x03, 0x48, 0x91, 0xD8, 0x03, 0x48, 0x91, 0xD8, 0x03,
    0x47, 0x8F, 0xD7, 0x02, 0x47, 0x8F, 0xD7, 0x02, 0x46, 0x8E, 0xD6, 0x02, 0x44, 0x8D, 0xD6, 0x01,
    0x42, 0x8B, 0xD4, 0x01, 0x40, 0x8A, 0xD3, 0x01, 0x3F, 0x89, 0xD3, 0x01, 0x3D, 0x89, 0xD3, 0x01,
    0x3C, 0x88, 0xD3, 0x01, 0x3C, 0x88, 0xD2, 0x01, 0x3B, 0x87, 0xD2, 0x01, 0x3A, 0x86, 0xD1, 0x01,
    0x39, 0x85, 0xD1, 0x01, 0x00, 0x00, 0x00, 0x00, 0x00, 0x00, 0x00, 0x00, 0x00, 0x00, 0x00, 0x00,
    0x00, 0x00, 0x00, 0x00, 0x00, 0x00, 0x00, 0x00, 0x00, 0x00, 0x00, 0x00, 0x00, 0x00, 0x00, 0x00,
    0x00, 0x00, 0x00, 0x00, 0x00, 0x00, 0x00, 0x00, 0x00, 0x00, 0x00, 0x00, 0x00, 0x00, 0x00, 0x00,
    0x00, 0x00, 0x00, 0x00, 0x00, 0x00, 0x00, 0x00, 0x00, 0x00, 0x00, 0x00, 0x00, 0x00, 0x00, 0x00,
    0x00, 0x00, 0x00, 0x00, 0x00, 0x00, 0x00, 0x00, 0x00, 0x00, 0x00, 0x00, 0x00, 0x00, 0x00, 0x00,
    0x00, 0x00, 0x00, 0x00, 0x00, 0x00, 0x00, 0x00, 0x00, 0x00, 0x00, 0x00, 0x00, 0x00, 0x00, 0x00,
    0x00, 0x00, 0x00, 0x00, 0x00, 0x00, 0x00, 0x00, 0x00, 0x00, 0x00, 0x00, 0x00, 0x00, 0x00, 0x00,
    0x00, 0x00, 0x00, 0x00, 0x00, 0x00, 0x00, 0x00, 0x00, 0x00, 0x00, 0x00, 0x00, 0x00, 0x00, 0x00,
    0x00, 0x00, 0x00, 0x00, 0x00, 0x00, 0x00, 0x00, 0x00, 0x00, 0x00, 0x00, 0x00, 0x00, 0x00, 0x00,
    0x00, 0x00, 0x00, 0x00, 0x00, 0x00, 0x00, 0x00, 0x00, 0x00, 0x00, 0x00, 0x00, 0x00, 0x00, 0x00,
    0x00, 0x00, 0x00, 0x00, 0x00, 0x00, 0x00, 0x00, 0x00, 0x00, 0x00, 0x00, 0x00, 0x00, 0x00, 0x00,
    0x00, 0x00, 0x00, 0x00, 0x00, 0x00, 0x00, 0x00, 0x00, 0x00, 0x00, 0x00, 0x00, 0x00, 0x00, 0x00,
    0x00, 0x00, 0x00, 0x00, 0x00, 0x00, 0x00, 0x00, 0x00, 0x00, 0x00, 0x00, 0x00, 0x00, 0x00, 0x00,
    0x00, 0x00, 0x00, 0x00, 0x00, 0x00, 0x00, 0x00, 0x00, 0x00, 0x00, 0x00, 0x00, 0x00, 0x00, 0x00,
    0x00, 0x00, 0x00, 0x00, 0x00, 0x00, 0x00, 0x00, 0x00, 0x00, 0x00, 0x00, 0x00, 0x00, 0x00, 0x00,
    0x00, 0x00, 0x00, 0x00, 0x00, 0x00, 0x00, 0x00, 0x00, 0x00, 0x00, 0x00, 0x00, 0x00, 0x00, 0x00,
    0x00, 0x00, 0x00, 0x00, 0x00, 0x00, 0x00, 0x00, 0x00, 0x00, 0x00, 0x00, 0x00, 0x00, 0x00, 0x00,
    0x00, 0x00, 0x00, 0x00, 0x00, 0x00, 0x00, 0x00, 0x00, 0x00, 0x00, 0x00, 0x00, 0x00, 0x00, 0x00,
    0x00, 0x00, 0x00, 0x00, 0x00, 0x00, 0x00, 0x00, 0x00, 0x00, 0x00, 0x00, 0x00, 0x00, 0x00, 0x00,
    0x00, 0x00, 0x00, 0x00, 0x00, 0x00, 0x00, 0x00, 0x00, 0x00, 0x00, 0x00, 0x00, 0x00, 0x00, 0x00,
    0x00, 0x00, 0x00, 0x00, 0x00, 0x00, 0x00, 0x00, 0x42, 0x88, 0xCD, 0x01, 0x44, 0x88, 0xCE, 0x01,
    0x44, 0x89, 0xCF, 0x02, 0x41, 0x88, 0xCE, 0x0B, 0x44, 0x8A, 0xD1, 0x0C, 0x1B, 0x46, 0x80, 0x8C,
    0x0C, 0x29, 0x5A, 0xE4, 0x73, 0xA7, 0xDF, 0xFA, 0x8B, 0xC3, 0xFD, 0xF8, 0x5E, 0x98, 0xF5, 0xF7,
    0x57, 0x9B, 0xF3, 0xFB, 0x45, 0x87, 0xDC, 0xF7, 0x20, 0x52, 0x9C, 0xFC, 0x05, 0x2C, 0x6A, 0xF5,
    0x12, 0x47, 0x84, 0xC8, 0x12, 0x47, 0x84, 0xC8, 0x3D, 0x88, 0xC5, 0x3B, 0x47, 0x92, 0xD8, 0x08,
    0x42, 0x8C, 0xD1, 0x03, 0x41, 0x8B, 0xD1, 0x04, 0x42, 0x8B, 0xD4, 0x02, 0x44, 0x8A, 0xD4, 0x02,
    0x45, 0x8B, 0xD5, 0x03, 0x43, 0x87, 0xD1, 0x04, 0x44, 0x8A, 0xD3, 0x04, 0x44, 0x8B, 0xD4, 0x03,
    0x47, 0x91, 0xD5, 0x11, 0x35, 0x76, 0xB5, 0x25, 0x25, 0x5E, 0x95, 0x47, 0x23, 0x56, 0x8E, 0x3F,
    0x3A, 0x7F, 0xBF, 0x28, 0x42, 0x92, 0xDD, 0x07, 0x00, 0x00, 0x00, 0x00, 0x00, 0x00, 0x00, 0x00,
    0x44, 0x90, 0xDA, 0x03, 0x46, 0x90, 0xD9, 0x02, 0x47, 0x8E, 0xD6, 0x01, 0x45, 0x8D, 0xD6, 0x01,
    0x42, 0x8B, 0xD5, 0x01, 0x40, 0x8A, 0xD4, 0x01, 0x3F, 0x89, 0xD4, 0x01, 0x3D, 0x89, 0xD3, 0x01,
    0x3C, 0x89, 0xD3, 0x01, 0x3B, 0x88, 0xD3, 0x01, 0x3A, 0x87, 0xD1, 0x01, 0x3A, 0x86, 0xD1, 0x01,
    0x39, 0x86, 0xD1, 0x01, 0x00, 0x00, 0x00, 0x00, 0x00, 0x00, 0x00, 0x00, 0x00, 0x00, 0x00, 0x00,
    0x00, 0x00, 0x00, 0x00, 0x00, 0x00, 0x00, 0x00, 0x00, 0x00, 0x00, 0x00, 0x00, 0x00, 0x00, 0x00,
    0x00, 0x00, 0x00, 0x00, 0x00, 0x00, 0x00, 0x00, 0x00, 0x00, 0x00, 0x00, 0x00, 0x00, 0x00, 0x00,
    0x00, 0x00, 0x00, 0x00, 0x00, 0x00, 0x00, 0x00, 0x00, 0x00, 0x00, 0x00, 0x00, 0x00, 0x00, 0x00,
    0x00, 0x00, 0x00, 0x00, 0x00, 0x00, 0x00, 0x00, 0x00, 0x00, 0x00, 0x00, 0x00, 0x00, 0x00, 0x00,
    0x00, 0x00, 0x00, 0x00, 0x00, 0x00, 0x00, 0x00, 0x00, 0x00, 0x00, 0x00, 0x00, 0x00, 0x00, 0x00,
    0x00, 0x00, 0x00, 0x00, 0x00, 0x00, 0x00, 0x00, 0x00, 0x00, 0x00, 0x00, 0x00, 0x00, 0x00, 0x00,
    0x00, 0x00, 0x00, 0x00, 0x00, 0x00, 0x00, 0x00, 0x00, 0x00, 0x00, 0x00, 0x00, 0x00, 0x00, 0x00,
    0x00, 0x00, 0x00, 0x00, 0x00, 0x00, 0x00, 0x00, 0x00, 0x00, 0x00, 0x00, 0x00, 0x00, 0x00, 0x00,
    0x00, 0x00, 0x00, 0x00, 0x00, 0x00, 0x00, 0x00, 0x00, 0x00, 0x00, 0x00, 0x00, 0x00, 0x00, 0x00,
    0x00, 0x00, 0x00, 0x00, 0x00, 0x00, 0x00, 0x00, 0x00, 0x00, 0x00, 0x00, 0x00, 0x00, 0x00, 0x00,
    0x00, 0x00, 0x00, 0x00, 0x3B, 0x81, 0xC8, 0x01, 0x3A, 0x82, 0xC8, 0x01, 0x3A, 0x82, 0xC8, 0x01,
    0x3A, 0x82, 0xC9, 0x01, 0x3A, 0x82, 0xC8, 0x01, 0x00, 0x00, 0x00, 0x00, 0x00, 0x00, 0x00, 0x00,
    0x00, 0x00, 0x00, 0x00, 0x00, 0x00, 0x00, 0x00, 0x00, 0x00, 0x00, 0x00, 0x00, 0x00, 0x00, 0x00,
    0x00, 0x00, 0x00, 0x00, 0x00, 0x00, 0x00, 0x00, 0x00, 0x00, 0x00, 0x00, 0x00, 0x00, 0x00, 0x00,
    0x00, 0x00, 0x00, 0x00, 0x00, 0x00, 0x00, 0x00, 0x00, 0x00, 0x00, 0x00, 0x00, 0x00, 0x00, 0x00,
    0x00, 0x00, 0x00, 0x00, 0x00, 0x00, 0x00, 0x00, 0x00, 0x00, 0x00, 0x00, 0x00, 0x00, 0x00, 0x00,
    0x00, 0x00, 0x00, 0x00, 0x00, 0x00, 0x00, 0x00, 0x00, 0x00, 0x00, 0x00, 0x00, 0x00, 0x00, 0x00,
    0x00, 0x00, 0x00, 0x00, 0x00, 0x00, 0x00, 0x00, 0x00, 0x00, 0x00, 0x00, 0x00, 0x00, 0x00, 0x00,
    0x00, 0x00, 0x00, 0x00, 0x00, 0x00, 0x00, 0x00, 0x00, 0x00, 0x00, 0x00, 0x00, 0x00, 0x00, 0x00,
    0x00, 0x00, 0x00, 0x00, 0x00, 0x00, 0x00, 0x00, 0x41, 0x88, 0xCD, 0x01, 0x43, 0x88, 0xCE, 0x03,
    0x41, 0x86, 0xCE, 0x05, 0x3F, 0x86, 0xCD, 0x09, 0x3B, 0x81, 0xC7, 0x26, 0x06, 0x20, 0x56, 0xAE,
    0x16, 0x2F, 0x69, 0xFB, 0x8F, 0xBD, 0xF8, 0xF5, 0x7B, 0xA9, 0xF5, 0xF9, 0x60, 0x92, 0xED, 0xF8,
    0x4D, 0x8C, 0xF4, 0xF8, 0x50, 0xA4, 0xFD, 0xF7, 0x51, 0xA7, 0xFB, 0xF6, 0x3D, 0x7F, 0xDD, 0xF6,
    0x05, 0x29, 0x7B, 0xF8, 0x05, 0x29, 0x7B, 0xF8, 0x05, 0x34, 0x78, 0xDD, 0x27, 0x66, 0xAF, 0x53,
    0x45, 0x93, 0xDA, 0x05, 0x3D, 0x8A, 0xD3, 0x03, 0x40, 0x89, 0xD5, 0x03, 0x41, 0x87, 0xD3, 0x06,
    0x44, 0x8C, 0xD7, 0x06, 0x45, 0x89, 0xD4, 0x03, 0x4A, 0x8F, 0xD8, 0x0A, 0x3C, 0x7E, 0xC2, 0x19,
    0x1D, 0x57, 0x91, 0x92, 0x10, 0x43, 0x74, 0xC1, 0x05, 0x2C, 0x62, 0xE8, 0x01, 0x13, 0x43, 0xDD,
    0x06, 0x2D, 0x61, 0xC8, 0x26, 0x68, 0xA2, 0x69, 0x3D, 0x8C, 0xD4, 0x1C, 0x3D, 0x8C, 0xD4, 0x1C,
    0x44, 0x92, 0xDD, 0x09, 0x43, 0x8F, 0xD8, 0x03, 0x45, 0x8D, 0xD6, 0x03, 0x44, 0x8D, 0xD6, 0x02,
    0x41, 0x8B, 0xD5, 0x02, 0x40, 0x8B, 0xD5, 0x01, 0x3E, 0x89, 0xD4, 0x01, 0x3D, 0x89, 0xD4, 0x01,
    0x3C, 0x88, 0xD4, 0x01, 0x3B, 0x88, 0xD3, 0x01, 0x39, 0x87, 0xD2, 0x01, 0x39, 0x86, 0xD2, 0x01,
    0x38, 0x86, 0xD1, 0x01, 0x38, 0x85, 0xD1, 0x01, 0x00, 0x00, 0x00, 0x00, 0x00, 0x00, 0x00, 0x00,
    0x00, 0x00, 0x00, 0x00, 0x00, 0x00, 0x00, 0x00, 0x00, 0x00, 0x00, 0x00, 0x00, 0x00, 0x00, 0x00,
    0x00, 0x00, 0x00, 0x00, 0x00, 0x00, 0x00, 0x00, 0x00, 0x00, 0x00, 0x00, 0x00, 0x00, 0x00, 0x00,
    0x00, 0x00, 0x00, 0x00, 0x00, 0x00, 0x00, 0x00, 0x00, 0x00, 0x00, 0x00, 0x00, 0x00, 0x00, 0x00,
    0x00, 0x00, 0x00, 0x00, 0x00, 0x00, 0x00, 0x00, 0x00, 0x00, 0x00, 0x00, 0x00, 0x00, 0x00, 0x00,
    0x00, 0x00, 0x00, 0x00, 0x00, 0x00, 0x00, 0x00, 0x00, 0x00, 0x00, 0x00, 0x00, 0x00, 0x00, 0x00,
    0x00, 0x00, 0x00, 0x00, 0x00, 0x00, 0x00, 0x00, 0x00, 0x00, 0x00, 0x00, 0x00, 0x00, 0x00, 0x00,
    0x00, 0x00, 0x00, 0x00, 0x00, 0x00, 0x00, 0x00, 0x00, 0x00, 0x00, 0x00, 0x00, 0x00, 0x00, 0x00,
    0x00, 0x00, 0x00, 0x00, 0x00, 0x00, 0x00, 0x00, 0x00, 0x00, 0x00, 0x00, 0x00, 0x00, 0x00, 0x00,
    0x3A, 0x82, 0xCB, 0x01, 0x3B, 0x82, 0xCA, 0x01, 0x3B, 0x82, 0xCA, 0x01, 0x3C, 0x83, 0xCB, 0x01,
    0x3C, 0x82, 0xCA, 0x01, 0x3C, 0x82, 0xCA, 0x01, 0x3C, 0x82, 0xCA, 0x01, 0x3C, 0x82, 0xC9, 0x01,
    0x3C, 0x82, 0xC9, 0x01, 0x3B, 0x81, 0xC9, 0x01, 0x3B, 0x82, 0xC9, 0x01, 0x3B, 0x81, 0xC9, 0x01,
    0x3A, 0x81, 0xC9, 0x01, 0x3A, 0x81, 0xC9, 0x01, 0x3A, 0x81, 0xC9, 0x01, 0x00, 0x00, 0x00, 0x00,
    0x00, 0x00, 0x00, 0x00, 0x00, 0x00, 0x00, 0x00, 0x00, 0x00, 0x00, 0x00, 0x00, 0x00, 0x00, 0x00,
    0x00, 0x00, 0x00, 0x00, 0x00, 0x00, 0x00, 0x00, 0x00, 0x00, 0x00, 0x00, 0x00, 0x00, 0x00, 0x00,
    0x00, 0x00, 0x00, 0x00, 0x00, 0x00, 0x00, 0x00, 0x00, 0x00, 0x00, 0x00, 0x00, 0x00, 0x00, 0x00,
    0x00, 0x00, 0x00, 0x00, 0x00, 0x00, 0x00, 0x00, 0x00, 0x00, 0x00, 0x00, 0x00, 0x00, 0x00, 0x00,
    0x00, 0x00, 0x00, 0x00, 0x00, 0x00, 0x00, 0x00, 0x00, 0x00, 0x00, 0x00, 0x00, 0x00, 0x00, 0x00,
    0x00, 0x00, 0x00, 0x00, 0x00, 0x00, 0x00, 0x00, 0x00, 0x00, 0x00, 0x00, 0x00, 0x00, 0x00, 0x00,
    0x00, 0x00, 0x00, 0x00, 0x00, 0x00, 0x00, 0x00, 0x00, 0x00, 0x00, 0x00, 0x00, 0x00, 0x00, 0x00,
    0x00, 0x00, 0x00, 0x00, 0x00, 0x00, 0x00, 0x00, 0x00, 0x00, 0x00, 0x00, 0x41, 0x88, 0xCD, 0x03,
    0x43, 0x88, 0xD1, 0x05, 0x39, 0x7E, 0xC2, 0x13, 0x2D, 0x6E, 0xAF, 0x98, 0x29, 0x5A, 0x95, 0xD3,
    0x4F, 0x77, 0xB9, 0xFC, 0x95, 0xC3, 0xFC, 0xF7, 0x82, 0xB3, 0xFB, 0xF9, 0x73, 0xAA, 0xFB, 0xF9,
    0x5A, 0x97, 0xF6, 0xFA, 0x4F, 0x98, 0xFB, 0xF9, 0x41, 0x88, 0xF7, 0xF9, 0x4C, 0x9B, 0xFA, 0xF8,
    0x43, 0x98, 0xF2, 0xF5, 0x43, 0x98, 0xF2, 0xF5, 0x15, 0x58, 0xB0, 0xF5, 0x00, 0x12, 0x62, 0xDD,
    0x19, 0x5A, 0xA0, 0x91, 0x3F, 0x8A, 0xD4, 0x3E, 0x3B, 0x88, 0xD5, 0x04, 0x38, 0x83, 0xCF, 0x07,
    0x3E, 0x87, 0xD2, 0x0D, 0x44, 0x89, 0xD1, 0x0D, 0x1E, 0x5A, 0x96, 0x66, 0x05, 0x29, 0x60, 0x9D,
    0x01, 0x15, 0x4B, 0xE2, 0x2E, 0x6F, 0xA7, 0xE6, 0x5A, 0xB0, 0xEE, 0xE7, 0x55, 0xA4, 0xE8, 0xE8,
    0x3B, 0x7F, 0xBB, 0xED, 0x04, 0x1C, 0x45, 0xA4, 0x12, 0x41, 0x81, 0x3F, 0x12, 0x41, 0x81, 0x3F,
    0x39, 0x85, 0xCD, 0x0B, 0x40, 0x8F, 0xD8, 0x05, 0x43, 0x8D, 0xD6, 0x04, 0x43, 0x8D, 0xD7, 0x02,
    0x40, 0x8A, 0xD4, 0x02, 0x3F, 0x8A, 0xD5, 0x01, 0x3D, 0x88, 0xD5, 0x01, 0x3C, 0x88, 0xD4, 0x01,
    0x3B, 0x88, 0xD4, 0x01, 0x3A, 0x88, 0xD3, 0x01, 0x39, 0x87, 0xD1, 0x01, 0x39, 0x87, 0xD2, 0x01,
    0x38, 0x86, 0xD1, 0x01, 0x38, 0x85, 0xD2, 0x01, 0x00, 0x00, 0x00, 0x00, 0x00, 0x00, 0x00, 0x00,
    0x00, 0x00, 0x00, 0x00, 0x00, 0x00, 0x00, 0x00, 0x00, 0x00, 0x00, 0x00, 0x00, 0x00, 0x00, 0x00,
    0x00, 0x00, 0x00, 0x00, 0x00, 0x00, 0x00, 0x00, 0x00, 0x00, 0x00, 0x00, 0x00, 0x00, 0x00, 0x00,
    0x00, 0x00, 0x00, 0x00, 0x00, 0x00, 0x00, 0x00, 0x00, 0x00, 0x00, 0x00, 0x00, 0x00, 0x00, 0x00,
    0x00, 0x00, 0x00, 0x00, 0x00, 0x00, 0x00, 0x00, 0x00, 0x00, 0x00, 0x00, 0x00, 0x00, 0x00, 0x00,
    0x00, 0x00, 0x00, 0x00, 0x00, 0x00, 0x00, 0x00, 0x00, 0x00, 0x00, 0x00, 0x00, 0x00, 0x00, 0x00,
    0x00, 0x00, 0x00, 0x00, 0x00, 0x00, 0x00, 0x00, 0x00, 0x00, 0x00, 0x00, 0x00, 0x00, 0x00, 0x00,
    0x00, 0x00, 0x00, 0x00, 0x00, 0x00, 0x00, 0x00, 0x00, 0x00, 0x00, 0x00, 0x00, 0x00, 0x00, 0x00,
    0x00, 0x00, 0x00, 0x00, 0x00, 0x00, 0x00, 0x00, 0x3A, 0x83, 0xCC, 0x01, 0x3B, 0x83, 0xCC, 0x01,
    0x00, 0x00, 0x00, 0x00, 0x00, 0x00, 0x00, 0x00, 0x3C, 0x83, 0xCA, 0x01, 0x3D, 0x83, 0xCA, 0x01,
    0x3D, 0x83, 0xCB, 0x01, 0x3D, 0x84, 0xCB, 0x01, 0x3D, 0x84, 0xCB, 0x01, 0x3C, 0x83, 0xCA, 0x01,
    0x3C, 0x83, 0xCA, 0x01, 0x3C, 0x83, 0xCA, 0x01, 0x3C, 0x82, 0xCA, 0x01, 0x3B, 0x82, 0xC9, 0x01,
    0x3B, 0x82, 0xC9, 0x01, 0x3B, 0x82, 0xC9, 0x01, 0x3B, 0x82, 0xCA, 0x01, 0x00, 0x00, 0x00, 0x00,
    0x00, 0x00, 0x00, 0x00, 0x00, 0x00, 0x00, 0x00, 0x00, 0x00, 0x00, 0x00, 0x00, 0x00, 0x00, 0x00,
    0x00, 0x00, 0x00, 0x00, 0x00, 0x00, 0x00, 0x00, 0x00, 0x00, 0x00, 0x00, 0x00, 0x00, 0x00, 0x00,
    0x00, 0x00, 0x00, 0x00, 0x00, 0x00, 0x00, 0x00, 0x00, 0x00, 0x00, 0x00, 0x00, 0x00, 0x00, 0x00,
    0x00, 0x00, 0x00, 0x00, 0x00, 0x00, 0x00, 0x00, 0x00, 0x00, 0x00, 0x00, 0x00, 0x00, 0x00, 0x00,
    0x00, 0x00, 0x00, 0x00, 0x00, 0x00, 0x00, 0x00, 0x00, 0x00, 0x00, 0x00, 0x00, 0x00, 0x00, 0x00,
    0x00, 0x00, 0x00, 0x00, 0x00, 0x00, 0x00, 0x00, 0x00, 0x00, 0x00, 0x00, 0x00, 0x00, 0x00, 0x00,
    0x00, 0x00, 0x00, 0x00, 0x00, 0x00, 0x00, 0x00, 0x00, 0x00, 0x00, 0x00, 0x00, 0x00, 0x00, 0x00,
    0x00, 0x00, 0x00, 0x00, 0x00, 0x00, 0x00, 0x00, 0x00, 0x00, 0x00, 0x00, 0x40, 0x87, 0xCB, 0x04,
    0x46, 0x8E, 0xD3, 0x08, 0x2D, 0x67, 0xA5, 0x33, 0x07, 0x23, 0x5B, 0xD1, 0x5C, 0x93, 0xD1, 0xF0,
    0x86, 0xB8, 0xF5, 0xFA, 0x84, 0xB1, 0xF8, 0xF9, 0x7C, 0xAA, 0xF8, 0xFA, 0x78, 0xB0, 0xFC, 0xFA,
    0x5D, 0x97, 0xF6, 0xFA, 0x51, 0x8E, 0xFA, 0xFA, 0x49, 0x8C, 0xF8, 0xFA, 0x3E, 0x8F, 0xFA, 0xF9,
    0x31, 0x8E, 0xF9, 0xF7, 0x31, 0x8E, 0xF9, 0xF7, 0x31, 0x9A, 0xFC, 0xF6, 0x23, 0x74, 0xCC, 0xF8,
    0x05, 0x2B, 0x66, 0xE5, 0x17, 0x42, 0x7F, 0xBD, 0x43, 0x8C, 0xD1, 0x40, 0x47, 0x97, 0xE0, 0x31,
    0x4E, 0x98, 0xD7, 0x59, 0x19, 0x43, 0x7D, 0x5B, 0x0E, 0x3B, 0x6E, 0xD6, 0x19, 0x52, 0x85, 0xF9,
    0x0F, 0x3E, 0x88, 0xF5, 0x39, 0x8D, 0xE0, 0xF1, 0x42, 0xA8, 0xF8, 0xEE, 0x3D, 0x9D, 0xF8, 0xF4,
    0x4A, 0xA0, 0xF4, 0xF2, 0x06, 0x2C, 0x74, 0xB9, 0x0D, 0x36, 0x74, 0xA5, 0x0D, 0x36, 0x74, 0xA5,
    0x33, 0x80, 0xC7, 0x41, 0x3A, 0x8B, 0xD8, 0x05, 0x3E, 0x8C, 0xD8, 0x05, 0x40, 0x8B, 0xD7, 0x03,
    0x3E, 0x89, 0xD5, 0x02, 0x3E, 0x89, 0xD5, 0x01, 0x3C, 0x88, 0xD4, 0x01, 0x3B, 0x88, 0xD4, 0x01,
    0x3A, 0x87, 0xD3, 0x01, 0x39, 0x87, 0xD3, 0x01, 0x39, 0x87, 0xD2, 0x01, 0x38, 0x86, 0xD1, 0x01,
    0x38, 0x85, 0xD1, 0x01, 0x38, 0x85, 0xD2, 0x01, 0x00, 0x00, 0x00, 0x00, 0x00, 0x00, 0x00, 0x00,
    0x00, 0x00, 0x00, 0x00, 0x00, 0x00, 0x00, 0x00, 0x00, 0x00, 0x00, 0x00, 0x00, 0x00, 0x00, 0x00,
    0x00, 0x00, 0x00, 0x00, 0x00, 0x00, 0x00, 0x00, 0x00, 0x00, 0x00, 0x00, 0x00, 0x00, 0x00, 0x00,
    0x00, 0x00, 0x00, 0x00, 0x00, 0x00, 0x00, 0x00, 0x00, 0x00, 0x00, 0x00, 0x00, 0x00, 0x00, 0x00,
    0x00, 0x00, 0x00, 0x00, 0x00, 0x00, 0x00, 0x00, 0x00, 0x00, 0x00, 0x00, 0x00, 0x00, 0x00, 0x00,
    0x00, 0x00, 0x00, 0x00, 0x00, 0x00, 0x00, 0x00, 0x00, 0x00, 0x00, 0x00, 0x00, 0x00, 0x00, 0x00,
    0x00, 0x00, 0x00, 0x00, 0x00, 0x00, 0x00, 0x00, 0x00, 0x00, 0x00, 0x00, 0x00, 0x00, 0x00, 0x00,
    0x00, 0x00, 0x00, 0x00, 0x00, 0x00, 0x00, 0x00, 0x00, 0x00, 0x00, 0x00, 0x00, 0x00, 0x00, 0x00,
    0x00, 0x00, 0x00, 0x00, 0x00, 0x00, 0x00, 0x00, 0x3B, 0x84, 0xCD, 0x01, 0x3B, 0x83, 0xCC, 0x01,
    0x3B, 0x83, 0xCB, 0x01, 0x3C, 0x83, 0xCB, 0x01, 0x3C, 0x83, 0xCA, 0x01, 0x3E, 0x83, 0xCA, 0x01,
    0x3E, 0x84, 0xCA, 0x01, 0x3E, 0x84, 0xCB, 0x01, 0x3E, 0x84, 0xCB, 0x01, 0x3D, 0x84, 0xCB, 0x01,
    0x3C, 0x83, 0xCA, 0x01, 0x3C, 0x83, 0xCA, 0x01, 0x3C, 0x83, 0xCA, 0x01, 0x3B, 0x82, 0xC9, 0x01,
    0x3B, 0x82, 0xCA, 0x01, 0x3A, 0x81, 0xC9, 0x01, 0x3B, 0x82, 0xCA, 0x01, 0x00, 0x00, 0x00, 0x00,
    0x00, 0x00, 0x00, 0x00, 0x00, 0x00, 0x00, 0x00, 0x00, 0x00, 0x00, 0x00, 0x00, 0x00, 0x00, 0x00,
    0x00, 0x00, 0x00, 0x00, 0x00, 0x00, 0x00, 0x00, 0x00, 0x00, 0x00, 0x00, 0x00, 0x00, 0x00, 0x00,
    0x00, 0x00, 0x00, 0x00, 0x00, 0x00, 0x00, 0x00, 0x00, 0x00, 0x00, 0x00, 0x00, 0x00, 0x00, 0x00,
    0x00, 0x00, 0x00, 0x00, 0x00, 0x00, 0x00, 0x00, 0x00, 0x00, 0x00, 0x00, 0x00, 0x00, 0x00, 0x00,
    0x00, 0x00, 0x00, 0x00, 0x00, 0x00, 0x00, 0x00, 0x00, 0x00, 0x00, 0x00, 0x00, 0x00, 0x00, 0x00,
    0x00, 0x00, 0x00, 0x00, 0x00, 0x00, 0x00, 0x00, 0x00, 0x00, 0x00, 0x00, 0x00, 0x00, 0x00, 0x00,
    0x00, 0x00, 0x00, 0x00, 0x00, 0x00, 0x00, 0x00, 0x00, 0x00, 0x00, 0x00, 0x00, 0x00, 0x00, 0x00,
    0x00, 0x00, 0x00, 0x00, 0x00, 0x00, 0x00, 0x00, 0x00, 0x00, 0x00, 0x00, 0x40, 0x87, 0xCB, 0x04,
    0x46, 0x8E, 0xD3, 0x08, 0x2D, 0x67, 0xA5, 0x33, 0x07, 0x23, 0x5B, 0xD1, 0x5C, 0x93, 0xD1, 0xF0,
    0x86, 0xB8, 0xF5, 0xFA, 0x84, 0xB1, 0xF8, 0xF9, 0x7C, 0xAA, 0xF8, 0xFA, 0x78, 0xB0, 0xFC, 0xFA,
    0x5D, 0x97, 0xF6, 0xFA, 0x51, 0x8E, 0xFA, 0xFA, 0x49, 0x8C, 0xF8, 0xFA, 0x3E, 0x8F, 0xFA, 0xF9,
    0x31, 0x8E, 0xF9, 0xF7, 0x31, 0x8E, 0xF9, 0xF7, 0x31, 0x9A, 0xFC, 0xF6, 0x23, 0x74, 0xCC, 0xF8,
    0x05, 0x2B, 0x66, 0xE5, 0x17, 0x42, 0x7F, 0xBD, 0x43, 0x8C, 0xD1, 0x40, 0x47, 0x97, 0xE0, 0x31,
    0x4E, 0x98, 0xD7, 0x59, 0x19, 0x43, 0x7D, 0x5B, 0x0E, 0x3B, 0x6E, 0xD6, 0x19, 0x52, 0x85, 0xF9,
    0x0F, 0x3E, 0x88, 0xF5, 0x39, 0x8D, 0xE0, 0xF1, 0x42, 0xA8, 0xF8, 0xEE, 0x3D, 0x9D, 0xF8, 0xF4,
    0x4A, 0xA0, 0xF4, 0xF2, 0x06, 0x2C, 0x74, 0xB9, 0x0D, 0x36, 0x74, 0xA5, 0x0D, 0x36, 0x74, 0xA5,
    0x33, 0x80, 0xC7, 0x41, 0x3A, 0x8B, 0xD8, 0x05, 0x3E, 0x8C, 0xD8, 0x05, 0x40, 0x8B, 0xD7, 0x03,
    0x3E, 0x89, 0xD5, 0x02, 0x3E, 0x89, 0xD5, 0x01, 0x3C, 0x88, 0xD4, 0x01, 0x3B, 0x88, 0xD4, 0x01,
    0x3A, 0x87, 0xD3, 0x01, 0x39, 0x87, 0xD3, 0x01, 0x39, 0x87, 0xD2, 0x01, 0x38, 0x86, 0xD1, 0x01,
    0x38, 0x85, 0xD1, 0x01, 0x38, 0x85, 0xD2, 0x01, 0x00, 0x00, 0x00, 0x00, 0x00, 0x00, 0x00, 0x00,
    0x00, 0x00, 0x00, 0x00, 0x00, 0x00, 0x00, 0x00, 0x00, 0x00, 0x00, 0x00, 0x00, 0x00, 0x00, 0x00,
    0x00, 0x00, 0x00, 0x00, 0x00, 0x00, 0x00, 0x00, 0x00, 0x00, 0x00, 0x00, 0x00, 0x00, 0x00, 0x00,
    0x00, 0x00, 0x00, 0x00, 0x00, 0x00, 0x00, 0x00, 0x00, 0x00, 0x00, 0x00, 0x00, 0x00, 0x00, 0x00,
    0x00, 0x00, 0x00, 0x00, 0x00, 0x00, 0x00, 0x00, 0x00, 0x00, 0x00, 0x00, 0x00, 0x00, 0x00, 0x00,
    0x00, 0x00, 0x00, 0x00, 0x00, 0x00, 0x00, 0x00, 0x00, 0x00, 0x00, 0x00, 0x00, 0x00, 0x00, 0x00,
    0x00, 0x00, 0x00, 0x00, 0x00, 0x00, 0x00, 0x00, 0x00, 0x00, 0x00, 0x00, 0x00, 0x00, 0x00, 0x00,
    0x00, 0x00, 0x00, 0x00, 0x00, 0x00, 0x00, 0x00, 0x00, 0x00, 0x00, 0x00, 0x00, 0x00, 0x00, 0x00,
    0x00, 0x00, 0x00, 0x00, 0x00, 0x00, 0x00, 0x00, 0x3B, 0x84, 0xCD, 0x01, 0x3B, 0x83, 0xCC, 0x01,
    0x3B, 0x83, 0xCB, 0x01, 0x3C, 0x83, 0xCB, 0x01, 0x3C, 0x83, 0xCA, 0x01, 0x3E, 0x83, 0xCA, 0x01,
    0x3E, 0x84, 0xCA, 0x01, 0x3E, 0x84, 0xCB, 0x01, 0x3E, 0x84, 0xCB, 0x01, 0x3D, 0x84, 0xCB, 0x01,
    0x3C, 0x83, 0xCA, 0x01, 0x3C, 0x83, 0xCA, 0x01, 0x3C, 0x83, 0xCA, 0x01, 0x3B, 0x82, 0xC9, 0x01,
    0x3B, 0x82, 0xCA, 0x01, 0x3A, 0x81, 0xC9, 0x01, 0x3B, 0x82, 0xCA, 0x01, 0x00, 0x00, 0x00, 0x00,
    0x00, 0x00, 0x00, 0x00, 0x00, 0x00, 0x00, 0x00, 0x00, 0x00, 0x00, 0x00, 0x00, 0x00, 0x00, 0x00,
    0x00, 0x00, 0x00, 0x00, 0x00, 0x00, 0x00, 0x00, 0x00, 0x00, 0x00, 0x00, 0x00, 0x00, 0x00, 0x00,
    0x00, 0x00, 0x00, 0x00, 0x00, 0x00, 0x00, 0x00, 0x00, 0x00, 0x00, 0x00, 0x00, 0x00, 0x00, 0x00,
    0x00, 0x00, 0x00, 0x00, 0x00, 0x00, 0x00, 0x00, 0x00, 0x00, 0x00, 0x00, 0x00, 0x00, 0x00, 0x00,
    0x00, 0x00, 0x00, 0x00, 0x00, 0x00, 0x00, 0x00, 0x00, 0x00, 0x00, 0x00, 0x00, 0x00, 0x00, 0x00,
    0x00, 0x00, 0x00, 0x00, 0x00, 0x00, 0x00, 0x00, 0x00, 0x00, 0x00, 0x00, 0x00, 0x00, 0x00, 0x00,
    0x00, 0x00, 0x00, 0x00, 0x00, 0x00, 0x00, 0x00, 0x00, 0x00, 0x00, 0x00, 0x00, 0x00, 0x00, 0x00,
    0x00, 0x00, 0x00, 0x00, 0x00, 0x00, 0x00, 0x00, 0x00, 0x00, 0x00, 0x00, 0x40, 0x87, 0xCA, 0x03,
    0x47, 0x90, 0xD5, 0x0B, 0x28, 0x5B, 0x95, 0x5D, 0x02, 0x0C, 0x37, 0xDC, 0x75, 0xA2, 0xDF, 0xF5,
    0x8C, 0xBF, 0xFB, 0xF9, 0x80, 0xAF, 0xF9, 0xF9, 0x77, 0x9D, 0xF3, 0xFA, 0x6F, 0x9D, 0xF6, 0xFA,
    0x5F, 0x9C, 0xFB, 0xFA, 0x51, 0x99, 0xFF, 0xFA, 0x44, 0x8F, 0xFD, 0xFA, 0x46, 0x9C, 0xFF, 0xF9,
    0x33, 0x8C, 0xF3, 0xFA, 0x33, 0x8C, 0xF3, 0xFA, 0x2A, 0x8D, 0xF5, 0xF7, 0x21, 0x77, 0xD0, 0xF4,
    0x04, 0x28, 0x67, 0xF2, 0x01, 0x0C, 0x33, 0xEE, 0x06, 0x24, 0x57, 0xD6, 0x0D, 0x35, 0x6D, 0xD5,
    0x12, 0x3B, 0x6D, 0xE0, 0x01, 0x15, 0x47, 0xE7, 0x16, 0x52, 0x9C, 0xF4, 0x3B, 0xA7, 0xF2, 0xF2,
    0x34, 0x9D, 0xF8, 0xF3, 0x3F, 0xA0, 0xF9, 0xF7, 0x3F, 0x9C, 0xF8, 0xF7, 0x3D, 0x93, 0xF6, 0xF8,
    0x43, 0x9F, 0xFA, 0xF7, 0x36, 0x8B, 0xE8, 0xFB, 0x20, 0x6A, 0xB5, 0xE6, 0x20, 0x6A, 0xB5, 0xE6,
    0x1A, 0x58, 0x97, 0x63, 0x30, 0x77, 0xC2, 0x0E, 0x3A, 0x8A, 0xDA, 0x05, 0x3C, 0x89, 0xD7, 0x05,
    0x3E, 0x89, 0xD6, 0x02, 0x3E, 0x89, 0xD6, 0x02, 0x3B, 0x88, 0xD5, 0x02, 0x3A, 0x88, 0xD5, 0x01,
    0x39, 0x87, 0xD4, 0x01, 0x39, 0x87, 0xD3, 0x01, 0x38, 0x86, 0xD3, 0x01, 0x37, 0x85, 0xD1, 0x01,
    0x37, 0x85, 0xD2, 0x01, 0x37, 0x85, 0xD2, 0x01, 0x00, 0x00, 0x00, 0x00, 0x00, 0x00, 0x00, 0x00,
    0x00, 0x00, 0x00, 0x00, 0x00, 0x00, 0x00, 0x00, 0x00, 0x00, 0x00, 0x00, 0x00, 0x00, 0x00, 0x00,
    0x00, 0x00, 0x00, 0x00, 0x00, 0x00, 0x00, 0x00, 0x00, 0x00, 0x00, 0x00, 0x00, 0x00, 0x00, 0x00,
    0x00, 0x00, 0x00, 0x00, 0x00, 0x00, 0x00, 0x00, 0x00, 0x00, 0x00, 0x00, 0x00, 0x00, 0x00, 0x00,
    0x00, 0x00, 0x00, 0x00, 0x00, 0x00, 0x00, 0x00, 0x00, 0x00, 0x00, 0x00, 0x00, 0x00, 0x00, 0x00,
    0x00, 0x00, 0x00, 0x00, 0x00, 0x00, 0x00, 0x00, 0x00, 0x00, 0x00, 0x00, 0x00, 0x00, 0x00, 0x00,
    0x00, 0x00, 0x00, 0x00, 0x00, 0x00, 0x00, 0x00, 0x00, 0x00, 0x00, 0x00, 0x00, 0x00, 0x00, 0x00,
    0x00, 0x00, 0x00, 0x00, 0x00, 0x00, 0x00, 0x00, 0x00, 0x00, 0x00, 0x00, 0x00, 0x00, 0x00, 0x00,
    0x00, 0x00, 0x00, 0x00, 0x3A, 0x83, 0xCD, 0x01, 0x3B, 0x83, 0xCC, 0x01, 0x3B, 0x83, 0xCC, 0x01,
    0x3C, 0x83, 0xCC, 0x01, 0x3C, 0x83, 0xCB, 0x01, 0x3D, 0x83, 0xCB, 0x01, 0x3E, 0x83, 0xCB, 0x01,
    0x3E, 0x83, 0xCB, 0x01, 0x3E, 0x83, 0xCB, 0x01, 0x3E, 0x83, 0xCB, 0x01, 0x3E, 0x84, 0xCB, 0x01,
    0x3D, 0x84, 0xCB, 0x01, 0x3D, 0x83, 0xCA, 0x01, 0x3C, 0x83, 0xC9, 0x01, 0x3C, 0x83, 0xC9, 0x01,
    0x3B, 0x82, 0xC9, 0x01, 0x3B, 0x82, 0xC9, 0x01, 0x3A, 0x81, 0xC9, 0x01, 0x00, 0x00, 0x00, 0x00,
    0x00, 0x00, 0x00, 0x00, 0x00, 0x00, 0x00, 0x00, 0x00, 0x00, 0x00, 0x00, 0x00, 0x00, 0x00, 0x00,
    0x00, 0x00, 0x00, 0x00, 0x00, 0x00, 0x00, 0x00, 0x00, 0x00, 0x00, 0x00, 0x00, 0x00, 0x00, 0x00,
    0x00, 0x00, 0x00, 0x00, 0x00, 0x00, 0x00, 0x00, 0x00, 0x00, 0x00, 0x00, 0x00, 0x00, 0x00, 0x00,
    0x00, 0x00, 0x00, 0x00, 0x00, 0x00, 0x00, 0x00, 0x00, 0x00, 0x00, 0x00, 0x00, 0x00, 0x00, 0x00,
    0x00, 0x00, 0x00, 0x00, 0x00, 0x00, 0x00, 0x00, 0x00, 0x00, 0x00, 0x00, 0x00, 0x00, 0x00, 0x00,
    0x00, 0x00, 0x00, 0x00, 0x00, 0x00, 0x00, 0x00, 0x00, 0x00, 0x00, 0x00, 0x00, 0x00, 0x00, 0x00,
    0x00, 0x00, 0x00, 0x00, 0x00, 0x00, 0x00, 0x00, 0x00, 0x00, 0x00, 0x00, 0x00, 0x00, 0x00, 0x00,
    0x00, 0x00, 0x00, 0x00, 0x00, 0x00, 0x00, 0x00, 0x00, 0x00, 0x00, 0x00, 0x40, 0x86, 0xCA, 0x04,
    0x46, 0x8E, 0xD3, 0x0B, 0x25, 0x58, 0x93, 0x7C, 0x02, 0x0B, 0x36, 0xF3, 0x79, 0xA0, 0xDC, 0xF6,
    0x88, 0xB3, 0xF8, 0xF9, 0x74, 0x9E, 0xF2, 0xF9, 0x76, 0xA1, 0xFA, 0xFA, 0x70, 0xA8, 0xFE, 0xFA,
    0x58, 0x98, 0xFA, 0xFA, 0x49, 0x8F, 0xF6, 0xFA, 0x29, 0x6A, 0xCD, 0xFA, 0x18, 0x5A, 0xB2, 0xFA,
    0x08, 0x3C, 0x97, 0xFA, 0x08, 0x3C, 0x97, 0xFA, 0x05, 0x3D, 0x9D, 0xF9, 0x04, 0x3A, 0x9B, 0xFA,
    0x0E, 0x5B, 0xAC, 0xF8, 0x11, 0x5A, 0xA6, 0xF9, 0x12, 0x57, 0x9E, 0xFB, 0x0A, 0x3F, 0x82, 0xFC,
    0x06, 0x2C, 0x71, 0xF9, 0x1F, 0x69, 0xBB, 0xFC, 0x37, 0x9C, 0xF7, 0xF7, 0x30, 0x97, 0xFB, 0xF9,
    0x32, 0x9C, 0xFD, 0xF7, 0x3F, 0x9B, 0xFB, 0xFA, 0x4A, 0x9B, 0xF9, 0xF9, 0x51, 0xA0, 0xF9, 0xF9,
    0x4B, 0x9F, 0xFB, 0xF7, 0x3E, 0x9C, 0xFC, 0xF8, 0x32, 0x88, 0xEA, 0xED, 0x32, 0x88, 0xEA, 0xED,
    0x02, 0x19, 0x51, 0xE1, 0x0E, 0x33, 0x6E, 0x7C, 0x3D, 0x8C, 0xDA, 0x04, 0x38, 0x89, 0xD7, 0x07,
    0x3B, 0x88, 0xD5, 0x05, 0x3C, 0x88, 0xD6, 0x02, 0x3B, 0x88, 0xD5, 0x02, 0x3A, 0x88, 0xD5, 0x01,
    0x39, 0x87, 0xD4, 0x01, 0x39, 0x87, 0xD4, 0x01, 0x38, 0x86, 0xD3, 0x01, 0x37, 0x86, 0xD3, 0x01,
    0x37, 0x85, 0xD2, 0x01, 0x37, 0x85, 0xD2, 0x01, 0x00, 0x00, 0x00, 0x00, 0x00, 0x00, 0x00, 0x00,
    0x00, 0x00, 0x00, 0x00, 0x00, 0x00, 0x00, 0x00, 0x00, 0x00, 0x00, 0x00, 0x00, 0x00, 0x00, 0x00,
    0x00, 0x00, 0x00, 0x00, 0x00, 0x00, 0x00, 0x00, 0x00, 0x00, 0x00, 0x00, 0x00, 0x00, 0x00, 0x00,
    0x00, 0x00, 0x00, 0x00, 0x00, 0x00, 0x00, 0x00, 0x00, 0x00, 0x00, 0x00, 0x00, 0x00, 0x00, 0x00,
    0x00, 0x00, 0x00, 0x00, 0x00, 0x00, 0x00, 0x00, 0x00, 0x00, 0x00, 0x00, 0x00, 0x00, 0x00, 0x00,
    0x00, 0x00, 0x00, 0x00, 0x00, 0x00, 0x00, 0x00, 0x00, 0x00, 0x00, 0x00, 0x00, 0x00, 0x00, 0x00,
    0x00, 0x00, 0x00, 0x00, 0x00, 0x00, 0x00, 0x00, 0x00, 0x00, 0x00, 0x00, 0x00, 0x00, 0x00, 0x00,
    0x00, 0x00, 0x00, 0x00, 0x00, 0x00, 0x00, 0x00, 0x00, 0x00, 0x00, 0x00, 0x00, 0x00, 0x00, 0x00,
    0x00, 0x00, 0x00, 0x00, 0x00, 0x00, 0x00, 0x00, 0x3A, 0x82, 0xCC, 0x01, 0x3B, 0x82, 0xCD, 0x01,
    0x3C, 0x82, 0xCD, 0x01, 0x3D, 0x83, 0xCC, 0x01, 0x3C, 0x82, 0xCC, 0x01, 0x3D, 0x83, 0xCC, 0x01,
    0x3D, 0x83, 0xCB, 0x01, 0x3D, 0x83, 0xCB, 0x01, 0x3D, 0x83, 0xCB, 0x01, 0x3E, 0x84, 0xCB, 0x01,
    0x3D, 0x84, 0xCA, 0x01, 0x3C, 0x83, 0xC9, 0x02, 0x3C, 0x83, 0xC9, 0x02, 0x3B, 0x82, 0xC8, 0x02,
    0x3B, 0x82, 0xC9, 0x02, 0x3B, 0x82, 0xC9, 0x02, 0x3B, 0x81, 0xC9, 0x02, 0x00, 0x00, 0x00, 0x00,
    0x00, 0x00, 0x00, 0x00, 0x00, 0x00, 0x00, 0x00, 0x00, 0x00, 0x00, 0x00, 0x00, 0x00, 0x00, 0x00,
    0x00, 0x00, 0x00, 0x00, 0x00, 0x00, 0x00, 0x00, 0x00, 0x00, 0x00, 0x00, 0x00, 0x00, 0x00, 0x00,
    0x00, 0x00, 0x00, 0x00, 0x00, 0x00, 0x00, 0x00, 0x00, 0x00, 0x00, 0x00, 0x00, 0x00, 0x00, 0x00,
    0x00, 0x00, 0x00, 0x00, 0x00, 0x00, 0x00, 0x00, 0x00, 0x00, 0x00, 0x00, 0x00, 0x00, 0x00, 0x00,
    0x00, 0x00, 0x00, 0x00, 0x00, 0x00, 0x00, 0x00, 0x00, 0x00, 0x00, 0x00, 0x00, 0x00, 0x00, 0x00,
    0x00, 0x00, 0x00, 0x00, 0x00, 0x00, 0x00, 0x00, 0x00, 0x00, 0x00, 0x00, 0x00, 0x00, 0x00, 0x00,
    0x00, 0x00, 0x00, 0x00, 0x00, 0x00, 0x00, 0x00, 0x00, 0x00, 0x00, 0x00, 0x00, 0x00, 0x00, 0x00,
    0x00, 0x00, 0x00, 0x00, 0x00, 0x00, 0x00, 0x00, 0x00, 0x00, 0x00, 0x00, 0x3E, 0x86, 0xCC, 0x04,
    0x46, 0x91, 0xD7, 0x0B, 0x25, 0x5C, 0x96, 0x84, 0x02, 0x11, 0x3D, 0xF2, 0x7C, 0xA4, 0xDA, 0xF4,
    0x88, 0xB5, 0xF9, 0xF9, 0x7A, 0xA1, 0xF6, 0xF9, 0x6F, 0x92, 0xF2, 0xFA, 0x5B, 0x93, 0xF3, 0xFA,
    0x1F, 0x5A, 0xBE, 0xFA, 0x08, 0x39, 0xA3, 0xFA, 0x03, 0x2E, 0x96, 0xFA, 0x0C, 0x58, 0xB5, 0xFA,
    0x16, 0x71, 0xD2, 0xFA, 0x16, 0x71, 0xD2, 0xFA, 0x22, 0x8C, 0xF1, 0xF9, 0x1E, 0x8B, 0xF4, 0xFA,
    0x1B, 0x9E, 0xFD, 0xF8, 0x12, 0x8F, 0xF6, 0xF8, 0x16, 0x85, 0xE6, 0xF8, 0x0C, 0x6F, 0xCB, 0xF8,
    0x19, 0x7E, 0xE1, 0xF8, 0x36, 0xAB, 0xFD, 0xF8, 0x3E, 0xB4, 0xFE, 0xF8, 0x34, 0x95, 0xFC, 0xFA,
    0x44, 0xA4, 0xFD, 0xFA, 0x4C, 0x9E, 0xFB, 0xFA, 0x5E, 0xA3, 0xFB, 0xF9, 0x63, 0xAA, 0xFC, 0xFA,
    0x59, 0xA6, 0xFD, 0xF9, 0x3F, 0x97, 0xFD, 0xF9, 0x3F, 0xA3, 0xFD, 0xF7, 0x3F, 0xA3, 0xFD, 0xF7,
    0x1A, 0x55, 0xA9, 0xF6, 0x02, 0x17, 0x43, 0xAF, 0x2F, 0x74, 0xB9, 0x08, 0x3A, 0x8C, 0xDC, 0x08,
    0x39, 0x89, 0xD7, 0x04, 0x3C, 0x89, 0xD7, 0x02, 0x3B, 0x89, 0xD6, 0x03, 0x3B, 0x88, 0xD6, 0x01,
    0x3A, 0x88, 0xD5, 0x02, 0x39, 0x88, 0xD5, 0x01, 0x38, 0x87, 0xD4, 0x01, 0x37, 0x86, 0xD4, 0x01,
    0x36, 0x85, 0xD3, 0x01, 0x36, 0x85, 0xD3, 0x01, 0x36, 0x84, 0xD3, 0x01, 0x00, 0x00, 0x00, 0x00,
    0x00, 0x00, 0x00, 0x00, 0x00, 0x00, 0x00, 0x00, 0x00, 0x00, 0x00, 0x00, 0x00, 0x00, 0x00, 0x00,
    0x00, 0x00, 0x00, 0x00, 0x00, 0x00, 0x00, 0x00, 0x00, 0x00, 0x00, 0x00, 0x00, 0x00, 0x00, 0x00,
    0x00, 0x00, 0x00, 0x00, 0x00, 0x00, 0x00, 0x00, 0x00, 0x00, 0x00, 0x00, 0x00, 0x00, 0x00, 0x00,
    0x00, 0x00, 0x00, 0x00, 0x00, 0x00, 0x00, 0x00, 0x00, 0x00, 0x00, 0x00, 0x00, 0x00, 0x00, 0x00,
    0x00, 0x00, 0x00, 0x00, 0x00, 0x00, 0x00, 0x00, 0x00, 0x00, 0x00, 0x00, 0x00, 0x00, 0x00, 0x00,
    0x00, 0x00, 0x00, 0x00, 0x00, 0x00, 0x00, 0x00, 0x00, 0x00, 0x00, 0x00, 0x00, 0x00, 0x00, 0x00,
    0x00, 0x00, 0x00, 0x00, 0x00, 0x00, 0x00, 0x00, 0x00, 0x00, 0x00, 0x00, 0x00, 0x00, 0x00, 0x00,
    0x00, 0x00, 0x00, 0x00, 0x3B, 0x83, 0xCE, 0x01, 0x3B, 0x82, 0xCD, 0x01, 0x3B, 0x82, 0xCD, 0x03,
    0x3A, 0x82, 0xCD, 0x04, 0x3B, 0x84, 0xCD, 0x03, 0x3B, 0x83, 0xCC, 0x04, 0x3A, 0x83, 0xCB, 0x03,
    0x39, 0x82, 0xCA, 0x05, 0x3B, 0x83, 0xCB, 0x04, 0x3B, 0x83, 0xCB, 0x04, 0x3C, 0x83, 0xCB, 0x03,
    0x3C, 0x83, 0xCB, 0x02, 0x3C, 0x83, 0xCA, 0x02, 0x3B, 0x83, 0xC9, 0x02, 0x3B, 0x82, 0xC9, 0x02,
    0x3B, 0x82, 0xC9, 0x02, 0x3B, 0x83, 0xC9, 0x02, 0x3A, 0x82, 0xC9, 0x02, 0x00, 0x00, 0x00, 0x00,
    0x00, 0x00, 0x00, 0x00, 0x00, 0x00, 0x00, 0x00, 0x00, 0x00, 0x00, 0x00, 0x00, 0x00, 0x00, 0x00,
    0x00, 0x00, 0x00, 0x00, 0x00, 0x00, 0x00, 0x00, 0x00, 0x00, 0x00, 0x00, 0x00, 0x00, 0x00, 0x00,
    0x00, 0x00, 0x00, 0x00, 0x00, 0x00, 0x00, 0x00, 0x00, 0x00, 0x00, 0x00, 0x00, 0x00, 0x00, 0x00,
    0x00, 0x00, 0x00, 0x00, 0x00, 0x00, 0x00, 0x00, 0x00, 0x00, 0x00, 0x00, 0x00, 0x00, 0x00, 0x00,
    0x00, 0x00, 0x00, 0x00, 0x00, 0x00, 0x00, 0x00, 0x00, 0x00, 0x00, 0x00, 0x00, 0x00, 0x00, 0x00,
    0x00, 0x00, 0x00, 0x00, 0x00, 0x00, 0x00, 0x00, 0x00, 0x00, 0x00, 0x00, 0x00, 0x00, 0x00, 0x00,
    0x00, 0x00, 0x00, 0x00, 0x00, 0x00, 0x00, 0x00, 0x00, 0x00, 0x00, 0x00, 0x00, 0x00, 0x00, 0x00,
    0x00, 0x00, 0x00, 0x00, 0x00, 0x00, 0x00, 0x00, 0x40, 0x87, 0xCE, 0x01, 0x3D, 0x85, 0xCB, 0x05,
    0x46, 0x8F, 0xD7, 0x10, 0x24, 0x52, 0x91, 0x96, 0x01, 0x09, 0x2D, 0xF8, 0x7B, 0xA0, 0xD4, 0xF5,
    0x97, 0xC9, 0xFB, 0xF9, 0x58, 0x75, 0xCC, 0xF9, 0x25, 0x36, 0x9C, 0xFA, 0x10, 0x37, 0xA4, 0xFA,
    0x08, 0x48, 0xB7, 0xFA, 0x1B, 0x77, 0xE4, 0xFA, 0x20, 0x85, 0xF2, 0xFA, 0x25, 0x9A, 0xFF, 0xFA,
    0x24, 0x9F, 0xFF, 0xFA, 0x24, 0x9F, 0xFF, 0xFA, 0x21, 0x9F, 0xFE, 0xFA, 0x1A, 0x90, 0xF6, 0xFA,
    0x16, 0x91, 0xF9, 0xFB, 0x0D, 0x77, 0xDE, 0xFA, 0x04, 0x3F, 0xA8, 0xFA, 0x0C, 0x60, 0xC9, 0xFB,
    0x2F, 0xA6, 0xFE, 0xFB, 0x34, 0x9F, 0xFD, 0xFB, 0x36, 0x9E, 0xFC, 0xFB, 0x4A, 0xA6, 0xFD, 0xFA,
    0x4F, 0x98, 0xFB, 0xFB, 0x63, 0x9E, 0xFB, 0xFB, 0x77, 0xA9, 0xFC, 0xFB, 0x6F, 0x9C, 0xFA, 0xFB,
    0x61, 0x9E, 0xFD, 0xFA, 0x43, 0x92, 0xFD, 0xFB, 0x32, 0x8C, 0xFC, 0xF8, 0x32, 0x8C, 0xFC, 0xF8,
    0x27, 0x7E, 0xE5, 0xF6, 0x04, 0x33, 0x76, 0xEC, 0x1E, 0x63, 0xA6, 0x92, 0x37, 0x89, 0xDB, 0x1D,
    0x36, 0x88, 0xD8, 0x04, 0x3B, 0x8A, 0xD8, 0x05, 0x3B, 0x88, 0xD6, 0x04, 0x3A, 0x89, 0xD7, 0x02,
    0x3A, 0x88, 0xD5, 0x02, 0x39, 0x88, 0xD5, 0x01, 0x38, 0x87, 0xD5, 0x01, 0x37, 0x86, 0xD5, 0x01,
    0x36, 0x85, 0xD4, 0x01, 0x36, 0x85, 0xD4, 0x01, 0x35, 0x84, 0xD4, 0x01, 0x00, 0x00, 0x00, 0x00,
    0x00, 0x00, 0x00, 0x00, 0x00, 0x00, 0x00, 0x00, 0x00, 0x00, 0x00, 0x00, 0x00, 0x00, 0x00, 0x00,
    0x00, 0x00, 0x00, 0x00, 0x00, 0x00, 0x00, 0x00, 0x00, 0x00, 0x00, 0x00, 0x00, 0x00, 0x00, 0x00,
    0x00, 0x00, 0x00, 0x00, 0x00, 0x00, 0x00, 0x00, 0x00, 0x00, 0x00, 0x00, 0x00, 0x00, 0x00, 0x00,
    0x00, 0x00, 0x00, 0x00, 0x00, 0x00, 0x00, 0x00, 0x00, 0x00, 0x00, 0x00, 0x00, 0x00, 0x00, 0x00,
    0x00, 0x00, 0x00, 0x00, 0x00, 0x00, 0x00, 0x00, 0x00, 0x00, 0x00, 0x00, 0x35, 0x82, 0xCE, 0x01,
    0x35, 0x82, 0xCE, 0x01, 0x00, 0x00, 0x00, 0x00, 0x00, 0x00, 0x00, 0x00, 0x00, 0x00, 0x00, 0x00,
    0x00, 0x00, 0x00, 0x00, 0x00, 0x00, 0x00, 0x00, 0x00, 0x00, 0x00, 0x00, 0x00, 0x00, 0x00, 0x00,
    0x00, 0x00, 0x00, 0x00, 0x3B, 0x82, 0xCC, 0x01, 0x39, 0x81, 0xCC, 0x02, 0x39, 0x83, 0xCD, 0x01,
    0x3E, 0x86, 0xCE, 0x01, 0x00, 0x00, 0x00, 0x00, 0x43, 0x8A, 0xCB, 0x01, 0x00, 0x00, 0x00, 0x00,
    0x46, 0x8F, 0xD4, 0x01, 0x3E, 0x87, 0xCD, 0x03, 0x3E, 0x87, 0xCD, 0x03, 0x3A, 0x82, 0xC9, 0x04,
    0x3C, 0x84, 0xCC, 0x03, 0x3A, 0x82, 0xCA, 0x03, 0x3B, 0x83, 0xCA, 0x03, 0x3A, 0x82, 0xC9, 0x03,
    0x3A, 0x82, 0xCA, 0x02, 0x3A, 0x83, 0xC9, 0x02, 0x3A, 0x82, 0xCA, 0x02, 0x00, 0x00, 0x00, 0x00,
    0x00, 0x00, 0x00, 0x00, 0x00, 0x00, 0x00, 0x00, 0x00, 0x00, 0x00, 0x00, 0x00, 0x00, 0x00, 0x00,
    0x00, 0x00, 0x00, 0x00, 0x00, 0x00, 0x00, 0x00, 0x00, 0x00, 0x00, 0x00, 0x00, 0x00, 0x00, 0x00,
    0x00, 0x00, 0x00, 0x00, 0x00, 0x00, 0x00, 0x00, 0x00, 0x00, 0x00, 0x00, 0x00, 0x00, 0x00, 0x00,
    0x00, 0x00, 0x00, 0x00, 0x00, 0x00, 0x00, 0x00, 0x00, 0x00, 0x00, 0x00, 0x00, 0x00, 0x00, 0x00,
    0x00, 0x00, 0x00, 0x00, 0x00, 0x00, 0x00, 0x00, 0x00, 0x00, 0x00, 0x00, 0x00, 0x00, 0x00, 0x00,
    0x00, 0x00, 0x00, 0x00, 0x00, 0x00, 0x00, 0x00, 0x00, 0x00, 0x00, 0x00, 0x00, 0x00, 0x00, 0x00,
    0x00, 0x00, 0x00, 0x00, 0x00, 0x00, 0x00, 0x00, 0x00, 0x00, 0x00, 0x00, 0x00, 0x00, 0x00, 0x00,
    0x00, 0x00, 0x00, 0x00, 0x00, 0x00, 0x00, 0x00, 0x3D, 0x85, 0xCE, 0x01, 0x3A, 0x83, 0xCC, 0x04,
    0x43, 0x8E, 0xD7, 0x16, 0x27, 0x57, 0x94, 0xA5, 0x03, 0x0A, 0x31, 0xF7, 0x60, 0x84, 0xB8, 0xF5,
    0x50, 0x7B, 0xC6, 0xF8, 0x0E, 0x32, 0x9E, 0xF9, 0x1E, 0x50, 0xC3, 0xF9, 0x24, 0x7A, 0xE7, 0xF9,
    0x20, 0x8F, 0xF9, 0xFA, 0x27, 0xA0, 0xFF, 0xFA, 0x27, 0x9F, 0xFF, 0xFA, 0x2B, 0xA1, 0xFE, 0xFA,
    0x26, 0x99, 0xF9, 0xFA, 0x26, 0x99, 0xF9, 0xFA, 0x23, 0x9A, 0xFB, 0xFA, 0x20, 0x98, 0xF9, 0xFA,
    0x1D, 0x94, 0xF4, 0xFA, 0x12, 0x71, 0xD3, 0xFB, 0x19, 0x64, 0xC8, 0xFB, 0x33, 0x97, 0xF7, 0xFB,
    0x3C, 0xB4, 0xFF, 0xFB, 0x3C, 0xAA, 0xFF, 0xFB, 0x4C, 0xA8, 0xFE, 0xFB, 0x52, 0x99, 0xFC, 0xFB,
    0x62, 0x95, 0xFA, 0xFB, 0x7C, 0xAA, 0xFD, 0xFB, 0x84, 0xAA, 0xFD, 0xFB, 0x79, 0x9A, 0xFA, 0xFB,
    0x65, 0x9B, 0xFE, 0xFB, 0x46, 0x90, 0xFD, 0xFB, 0x2D, 0x8B, 0xFD, 0xFA, 0x2D, 0x8B, 0xFD, 0xFA,
    0x2D, 0x9B, 0xFB, 0xF9, 0x0F, 0x5F, 0xB0, 0xF8, 0x10, 0x4F, 0x8B, 0xF2, 0x29, 0x73, 0xC1, 0x4E,
    0x34, 0x88, 0xDA, 0x02, 0x38, 0x8A, 0xD9, 0x06, 0x3A, 0x88, 0xD7, 0x04, 0x3B, 0x8A, 0xD8, 0x02,
    0x3A, 0x89, 0xD7, 0x02, 0x39, 0x89, 0xD7, 0x01, 0x39, 0x88, 0xD7, 0x01, 0x37, 0x87, 0xD6, 0x01,
    0x36, 0x86, 0xD6, 0x01, 0x35, 0x85, 0xD5, 0x01, 0x34, 0x84, 0xD4, 0x01, 0x00, 0x00, 0x00, 0x00,
    0x00, 0x00, 0x00, 0x00, 0x00, 0x00, 0x00, 0x00, 0x00, 0x00, 0x00, 0x00, 0x00, 0x00, 0x00, 0x00,
    0x00, 0x00, 0x00, 0x00, 0x00, 0x00, 0x00, 0x00, 0x00, 0x00, 0x00, 0x00, 0x00, 0x00, 0x00, 0x00,
    0x00, 0x00, 0x00, 0x00, 0x00, 0x00, 0x00, 0x00, 0x00, 0x00, 0x00, 0x00, 0x00, 0x00, 0x00, 0x00,
    0x00, 0x00, 0x00, 0x00, 0x00, 0x00, 0x00, 0x00, 0x00, 0x00, 0x00, 0x00, 0x00, 0x00, 0x00, 0x00,
    0x00, 0x00, 0x00, 0x00, 0x00, 0x00, 0x00, 0x00, 0x00, 0x00, 0x00, 0x00, 0x00, 0x00, 0x00, 0x00,
    0x00, 0x00, 0x00, 0x00, 0x00, 0x00, 0x00, 0x00, 0x00, 0x00, 0x00, 0x00, 0x00, 0x00, 0x00, 0x00,
    0x00, 0x00, 0x00, 0x00, 0x37, 0x84, 0xCD, 0x01, 0x00, 0x00, 0x00, 0x00, 0x00, 0x00, 0x00, 0x00,
    0x00, 0x00, 0x00, 0x00, 0x39, 0x83, 0xCB, 0x02, 0x36, 0x82, 0xCC, 0x02, 0x3E, 0x86, 0xC9, 0x0E,
    0x27, 0x5E, 0x95, 0x4F, 0x18, 0x40, 0x6C, 0x5A, 0x19, 0x3E, 0x64, 0x5B, 0x15, 0x36, 0x5D, 0x53,
    0x1E, 0x4A, 0x79, 0x51, 0x42, 0x83, 0xBC, 0x28, 0x42, 0x83, 0xBC, 0x28, 0x3F, 0x8A, 0xCE, 0x01,
    0x3B, 0x83, 0xCC, 0x03, 0x3A, 0x84, 0xCE, 0x05, 0x3A, 0x83, 0xCB, 0x03, 0x3A, 0x82, 0xCA, 0x03,
    0x3A, 0x82, 0xCA, 0x02, 0x3A, 0x82, 0xCA, 0x03, 0x3B, 0x82, 0xCA, 0x02, 0x00, 0x00, 0x00, 0x00,
    0x00, 0x00, 0x00, 0x00, 0x00, 0x00, 0x00, 0x00, 0x00, 0x00, 0x00, 0x00, 0x00, 0x00, 0x00, 0x00,
    0x00, 0x00, 0x00, 0x00, 0x00, 0x00, 0x00, 0x00, 0x00, 0x00, 0x00, 0x00, 0x00, 0x00, 0x00, 0x00,
    0x00, 0x00, 0x00, 0x00, 0x00, 0x00, 0x00, 0x00, 0x00, 0x00, 0x00, 0x00, 0x00, 0x00, 0x00, 0x00,
    0x00, 0x00, 0x00, 0x00, 0x00, 0x00, 0x00, 0x00, 0x00, 0x00, 0x00, 0x00, 0x00, 0x00, 0x00, 0x00,
    0x00, 0x00, 0x00, 0x00, 0x00, 0x00, 0x00, 0x00, 0x00, 0x00, 0x00, 0x00, 0x00, 0x00, 0x00, 0x00,
    0x00, 0x00, 0x00, 0x00, 0x00, 0x00, 0x00, 0x00, 0x00, 0x00, 0x00, 0x00, 0x00, 0x00, 0x00, 0x00,
    0x00, 0x00, 0x00, 0x00, 0x00, 0x00, 0x00, 0x00, 0x00, 0x00, 0x00, 0x00, 0x00, 0x00, 0x00, 0x00,
    0x00, 0x00, 0x00, 0x00, 0x00, 0x00, 0x00, 0x00, 0x3C, 0x83, 0xCD, 0x02, 0x3A, 0x83, 0xCC, 0x04,
    0x44, 0x8B, 0xD3, 0x2A, 0x25, 0x4D, 0x89, 0xB1, 0x02, 0x07, 0x34, 0xFB, 0x0C, 0x26, 0x6D, 0xF8,
    0x1B, 0x58, 0xB8, 0xF8, 0x2C, 0x86, 0xF0, 0xF9, 0x26, 0x8B, 0xF9, 0xFA, 0x1E, 0x90, 0xF8, 0xF9,
    0x1D, 0x95, 0xF9, 0xFA, 0x29, 0x9B, 0xFC, 0xFA, 0x2E, 0x9D, 0xFB, 0xFA, 0x30, 0xA0, 0xFA, 0xFA,
    0x2F, 0x9E, 0xFA, 0xFA, 0x2F, 0x9E, 0xFA, 0xFA, 0x2B, 0x9E, 0xFC, 0xFA, 0x20, 0x90, 0xF5, 0xFB,
    0x1E, 0x8C, 0xEE, 0xFB, 0x28, 0x93, 0xF0, 0xFB, 0x3E, 0xA6, 0xFD, 0xFB, 0x3F, 0xA9, 0xFF, 0xFB,
    0x38, 0xA0, 0xFE, 0xFB, 0x46, 0xA2, 0xFE, 0xFC, 0x5C, 0xA8, 0xFF, 0xFB, 0x6E, 0x9B, 0xF9, 0xFB,
    0x85, 0xA4, 0xFC, 0xFB, 0x8A, 0x9E, 0xF7, 0xFB, 0x8D, 0x9F, 0xF9, 0xFC, 0x85, 0x9D, 0xFC, 0xFB,
    0x65, 0x90, 0xFC, 0xFB, 0x49, 0x90, 0xFC, 0xFB, 0x34, 0x90, 0xFC, 0xFC, 0x34, 0x90, 0xFC, 0xFC,
    0x2E, 0x9B, 0xFB, 0xF8, 0x17, 0x70, 0xCE, 0xF7, 0x00, 0x15, 0x44, 0xF0, 0x0E, 0x32, 0x6B, 0xCA,
    0x3D, 0x91, 0xE2, 0x3F, 0x33, 0x85, 0xD8, 0x06, 0x37, 0x89, 0xD8, 0x05, 0x39, 0x89, 0xD9, 0x03,
    0x3A, 0x89, 0xD8, 0x02, 0x39, 0x89, 0xD7, 0x01, 0x38, 0x88, 0xD7, 0x01, 0x37, 0x87, 0xD7, 0x01,
    0x36, 0x87, 0xD6, 0x01, 0x34, 0x85, 0xD5, 0x01, 0x33, 0x84, 0xD5, 0x01, 0x00, 0x00, 0x00, 0x00,
    0x32, 0x83, 0xD3, 0x01, 0x32, 0x83, 0xD3, 0x01, 0x00, 0x00, 0x00, 0x00, 0x00, 0x00, 0x00, 0x00,
    0x00, 0x00, 0x00, 0x00, 0x00, 0x00, 0x00, 0x00, 0x00, 0x00, 0x00, 0x00, 0x00, 0x00, 0x00, 0x00,
    0x00, 0x00, 0x00, 0x00, 0x00, 0x00, 0x00, 0x00, 0x00, 0x00, 0x00, 0x00, 0x00, 0x00, 0x00, 0x00,
    0x00, 0x00, 0x00, 0x00, 0x00, 0x00, 0x00, 0x00, 0x00, 0x00, 0x00, 0x00, 0x00, 0x00, 0x00, 0x00,
    0x00, 0x00, 0x00, 0x00, 0x00, 0x00, 0x00, 0x00, 0x00, 0x00, 0x00, 0x00, 0x00, 0x00, 0x00, 0x00,
    0x00, 0x00, 0x00, 0x00, 0x00, 0x00, 0x00, 0x00, 0x00, 0x00, 0x00, 0x00, 0x00, 0x00, 0x00, 0x00,
    0x35, 0x83, 0xCE, 0x01, 0x00, 0x00, 0x00, 0x00, 0x36, 0x81, 0xCC, 0x01, 0x39, 0x83, 0xCC, 0x01,
    0x36, 0x80, 0xC9, 0x01, 0x3A, 0x82, 0xC9, 0x01, 0x3E, 0x81, 0xC4, 0x04, 0x1F, 0x50, 0x7D, 0x55,
    0x19, 0x3E, 0x5D, 0xCA, 0x24, 0x42, 0x5A, 0xD9, 0x26, 0x39, 0x52, 0xE1, 0x27, 0x3A, 0x50, 0xE1,
    0x28, 0x43, 0x5E, 0xE6, 0x3B, 0x6C, 0x8E, 0xB4, 0x3B, 0x6C, 0x8E, 0xB4, 0x4E, 0x8E, 0xC3, 0x3B,
    0x49, 0x90, 0xD6, 0x0F, 0x38, 0x82, 0xCC, 0x0A, 0x39, 0x83, 0xCC, 0x04, 0x39, 0x81, 0xCA, 0x04,
    0x3A, 0x83, 0xCB, 0x03, 0x3A, 0x83, 0xCA, 0x03, 0x3B, 0x83, 0xCA, 0x02, 0x00, 0x00, 0x00, 0x00,
    0x00, 0x00, 0x00, 0x00, 0x00, 0x00, 0x00, 0x00, 0x00, 0x00, 0x00, 0x00, 0x00, 0x00, 0x00, 0x00,
    0x00, 0x00, 0x00, 0x00, 0x00, 0x00, 0x00, 0x00, 0x00, 0x00, 0x00, 0x00, 0x00, 0x00, 0x00, 0x00,
    0x00, 0x00, 0x00, 0x00, 0x00, 0x00, 0x00, 0x00, 0x00, 0x00, 0x00, 0x00, 0x00, 0x00, 0x00, 0x00,
    0x00, 0x00, 0x00, 0x00, 0x00, 0x00, 0x00, 0x00, 0x00, 0x00, 0x00, 0x00, 0x00, 0x00, 0x00, 0x00,
    0x00, 0x00, 0x00, 0x00, 0x00, 0x00, 0x00, 0x00, 0x00, 0x00, 0x00, 0x00, 0x00, 0x00, 0x00, 0x00,
    0x00, 0x00, 0x00, 0x00, 0x00, 0x00, 0x00, 0x00, 0x00, 0x00, 0x00, 0x00, 0x00, 0x00, 0x00, 0x00,
    0x00, 0x00, 0x00, 0x00, 0x00, 0x00, 0x00, 0x00, 0x00, 0x00, 0x00, 0x00, 0x00, 0x00, 0x00, 0x00,
    0x00, 0x00, 0x00, 0x00, 0x3D, 0x86, 0xCD, 0x01, 0x3B, 0x83, 0xCA, 0x02, 0x41, 0x87, 0xCD, 0x15,
    0x40, 0x7E, 0xBB, 0x96, 0x12, 0x39, 0x76, 0xD8, 0x05, 0x1E, 0x65, 0xF9, 0x17, 0x56, 0xB6, 0xF8,
    0x2A, 0x8F, 0xF4, 0xF9, 0x24, 0x99, 0xFC, 0xF9, 0x19, 0x8B, 0xFA, 0xFA, 0x15, 0x89, 0xF5, 0xF9,
    0x1C, 0x93, 0xF8, 0xFA, 0x2B, 0xA1, 0xFD, 0xFA, 0x2F, 0xA1, 0xFC, 0xFB, 0x2E, 0xA0, 0xFB, 0xFA,
    0x2B, 0x9B, 0xF9, 0xFA, 0x2B, 0x9B, 0xF9, 0xFA, 0x27, 0x9C, 0xFA, 0xFA, 0x1F, 0x92, 0xF4, 0xFB,
    0x23, 0x92, 0xF4, 0xFB, 0x36, 0xA5, 0xFD, 0xFB, 0x45, 0xB4, 0xFF, 0xFB, 0x3B, 0xA7, 0xFE, 0xFB,
    0x3E, 0xA4, 0xFE, 0xFB, 0x49, 0x9B, 0xFD, 0xFB, 0x65, 0xA0, 0xFE, 0xFB, 0x8A, 0xA5, 0xFC, 0xFB,
    0x9B, 0xAE, 0xFD, 0xFC, 0x95, 0x9E, 0xF6, 0xFC, 0x96, 0x9E, 0xFC, 0xFC, 0x86, 0x92, 0xFB, 0xFC,
    0x6B, 0x8C, 0xFB, 0xFC, 0x51, 0x95, 0xFB, 0xFC, 0x39, 0x93, 0xFA, 0xFB, 0x39, 0x93, 0xFA, 0xFB,
    0x31, 0xA0, 0xFA, 0xFB, 0x28, 0x91, 0xEE, 0xFB, 0x02, 0x24, 0x5B, 0xFC, 0x00, 0x0F, 0x39, 0xF5,
    0x1A, 0x58, 0xA1, 0x76, 0x3B, 0x91, 0xE5, 0x08, 0x34, 0x86, 0xD7, 0x0A, 0x39, 0x8A, 0xD9, 0x03,
    0x3A, 0x88, 0xD8, 0x03, 0x39, 0x88, 0xD8, 0x02, 0x38, 0x87, 0xD7, 0x02, 0x36, 0x86, 0xD7, 0x01,
    0x36, 0x86, 0xD7, 0x01, 0x34, 0x86, 0xD6, 0x01, 0x33, 0x85, 0xD6, 0x01, 0x00, 0x00, 0x00, 0x00,
    0x00, 0x00, 0x00, 0x00, 0x00, 0x00, 0x00, 0x00, 0x00, 0x00, 0x00, 0x00, 0x00, 0x00, 0x00, 0x00,
    0x00, 0x00, 0x00, 0x00, 0x00, 0x00, 0x00, 0x00, 0x00, 0x00, 0x00, 0x00, 0x00, 0x00, 0x00, 0x00,
    0x00, 0x00, 0x00, 0x00, 0x00, 0x00, 0x00, 0x00, 0x00, 0x00, 0x00, 0x00, 0x00, 0x00, 0x00, 0x00,
    0x00, 0x00, 0x00, 0x00, 0x00, 0x00, 0x00, 0x00, 0x00, 0x00, 0x00, 0x00, 0x00, 0x00, 0x00, 0x00,
    0x00, 0x00, 0x00, 0x00, 0x00, 0x00, 0x00, 0x00, 0x00, 0x00, 0x00, 0x00, 0x00, 0x00, 0x00, 0x00,
    0x00, 0x00, 0x00, 0x00, 0x00, 0x00, 0x00, 0x00, 0x33, 0x81, 0xCF, 0x01, 0x00, 0x00, 0x00, 0x00,
    0x34, 0x82, 0xCE, 0x01, 0x34, 0x82, 0xCD, 0x01, 0x35, 0x81, 0xCC, 0x01, 0x34, 0x81, 0xC9, 0x03,
    0x35, 0x82, 0xCA, 0x01, 0x3C, 0x77, 0xB6, 0x12, 0x0E, 0x28, 0x50, 0x78, 0x31, 0x50, 0x6B, 0xBB,
    0xCA, 0xE3, 0xEF, 0xE5, 0xDA, 0xF2, 0xF8, 0xEC, 0xD7, 0xEA, 0xF4, 0xF0, 0xD8, 0xF0, 0xF6, 0xF0,
    0xCD, 0xEB, 0xF4, 0xEF, 0x44, 0x62, 0x77, 0xE7, 0x44, 0x62, 0x77, 0xE7, 0x02, 0x0F, 0x25, 0xD6,
    0x30, 0x6C, 0xA1, 0x67, 0x40, 0x8F, 0xDE, 0x0F, 0x38, 0x84, 0xCC, 0x01, 0x39, 0x83, 0xCC, 0x04,
    0x3A, 0x83, 0xCA, 0x03, 0x3B, 0x84, 0xCA, 0x04, 0x3B, 0x84, 0xCA, 0x03, 0x00, 0x00, 0x00, 0x00,
    0x00, 0x00, 0x00, 0x00, 0x00, 0x00, 0x00, 0x00, 0x00, 0x00, 0x00, 0x00, 0x00, 0x00, 0x00, 0x00,
    0x00, 0x00, 0x00, 0x00, 0x00, 0x00, 0x00, 0x00, 0x00, 0x00, 0x00, 0x00, 0x00, 0x00, 0x00, 0x00,
    0x00, 0x00, 0x00, 0x00, 0x00, 0x00, 0x00, 0x00, 0x00, 0x00, 0x00, 0x00, 0x00, 0x00, 0x00, 0x00,
    0x00, 0x00, 0x00, 0x00, 0x00, 0x00, 0x00, 0x00, 0x00, 0x00, 0x00, 0x00, 0x00, 0x00, 0x00, 0x00,
    0x00, 0x00, 0x00, 0x00, 0x00, 0x00, 0x00, 0x00, 0x00, 0x00, 0x00, 0x00, 0x00, 0x00, 0x00, 0x00,
    0x00, 0x00, 0x00, 0x00, 0x00, 0x00, 0x00, 0x00, 0x00, 0x00, 0x00, 0x00, 0x00, 0x00, 0x00, 0x00,
    0x00, 0x00, 0x00, 0x00, 0x00, 0x00, 0x00, 0x00, 0x00, 0x00, 0x00, 0x00, 0x00, 0x00, 0x00, 0x00,
    0x3D, 0x87, 0xCE, 0x01, 0x3A, 0x84, 0xCB, 0x01, 0x42, 0x88, 0xCD, 0x09, 0x31, 0x62, 0xA1, 0x59,
    0x06, 0x2C, 0x6C, 0xD1, 0x1A, 0x5B, 0xA8, 0xF5, 0x1B, 0x6E, 0xCF, 0xF9, 0x1E, 0x8A, 0xF1, 0xF8,
    0x18, 0x88, 0xF4, 0xFA, 0x17, 0x8E, 0xFA, 0xFA, 0x1B, 0x91, 0xFC, 0xFA, 0x17, 0x89, 0xF7, 0xFA,
    0x1B, 0x90, 0xF7, 0xFA, 0x2A, 0xA1, 0xFD, 0xFB, 0x2B, 0x9E, 0xFB, 0xFB, 0x2E, 0xA3, 0xFD, 0xFA,
    0x2A, 0x9B, 0xFA, 0xFB, 0x2A, 0x9B, 0xFA, 0xFB, 0x1F, 0x90, 0xF2, 0xFB, 0x1A, 0x8D, 0xF0, 0xFB,
    0x30, 0xA4, 0xFC, 0xFB, 0x3C, 0xA7, 0xFE, 0xFC, 0x40, 0xAC, 0xFE, 0xFB, 0x3E, 0xAA, 0xFE, 0xFC,
    0x40, 0xA8, 0xFF, 0xFC, 0x42, 0x94, 0xFC, 0xFC, 0x61, 0x94, 0xFA, 0xFC, 0x8C, 0xA0, 0xFB, 0xFC,
    0x96, 0xA1, 0xFA, 0xFC, 0x97, 0xA1, 0xFB, 0xFC, 0x95, 0x99, 0xFC, 0xFC, 0x83, 0x87, 0xF6, 0xFC,
    0x70, 0x92, 0xFB, 0xFC, 0x53, 0x96, 0xFA, 0xFC, 0x3E, 0x98, 0xFA, 0xFC, 0x3E, 0x98, 0xFA, 0xFC,
    0x31, 0x9D, 0xFB, 0xFC, 0x28, 0x8A, 0xF3, 0xFB, 0x02, 0x31, 0x84, 0xFB, 0x14, 0x48, 0x91, 0xFC,
    0x05, 0x3B, 0x88, 0xF5, 0x2F, 0x84, 0xD5, 0x84, 0x35, 0x85, 0xDD, 0x14, 0x38, 0x89, 0xDA, 0x04,
    0x38, 0x8A, 0xDB, 0x06, 0x37, 0x88, 0xD9, 0x02, 0x37, 0x87, 0xD8, 0x03, 0x36, 0x87, 0xD8, 0x02,
    0x35, 0x86, 0xD7, 0x02, 0x34, 0x86, 0xD7, 0x01, 0x33, 0x85, 0xD7, 0x01, 0x00, 0x00, 0x00, 0x00,
    0x00, 0x00, 0x00, 0x00, 0x00, 0x00, 0x00, 0x00, 0x00, 0x00, 0x00, 0x00, 0x00, 0x00, 0x00, 0x00,
    0x00, 0x00, 0x00, 0x00, 0x00, 0x00, 0x00, 0x00, 0x00, 0x00, 0x00, 0x00, 0x00, 0x00, 0x00, 0x00,
    0x00, 0x00, 0x00, 0x00, 0x00, 0x00, 0x00, 0x00, 0x00, 0x00, 0x00, 0x00, 0x00, 0x00, 0x00, 0x00,
    0x00, 0x00, 0x00, 0x00, 0x00, 0x00, 0x00, 0x00, 0x00, 0x00, 0x00, 0x00, 0x00, 0x00, 0x00, 0x00,
    0x00, 0x00, 0x00, 0x00, 0x00, 0x00, 0x00, 0x00, 0x00, 0x00, 0x00, 0x00, 0x31, 0x80, 0xCE, 0x01,
    0x31, 0x80, 0xCE, 0x01, 0x00, 0x00, 0x00, 0x00, 0x31, 0x80, 0xCF, 0x01, 0x00, 0x00, 0x00, 0x00,
    0x32, 0x81, 0xCD, 0x01, 0x33, 0x80, 0xCC, 0x01, 0x34, 0x80, 0xCA, 0x02, 0x33, 0x7D, 0xC4, 0x02,
    0x37, 0x80, 0xC5, 0x02, 0x23, 0x51, 0x82, 0x3A, 0x00, 0x05, 0x17, 0xC7, 0x6F, 0x88, 0x9D, 0xED,
    0xEA, 0xF9, 0xFC, 0xF2, 0xDD, 0xF4, 0xF9, 0xF4, 0xDE, 0xEF, 0xF6, 0xF6, 0xE0, 0xF2, 0xF7, 0xF4,
    0xE6, 0xF8, 0xFC, 0xF5, 0xB5, 0xCD, 0xD9, 0xF7, 0xB5, 0xCD, 0xD9, 0xF7, 0x3B, 0x59, 0x6B, 0xF4,
    0x1E, 0x44, 0x62, 0xC7, 0x3B, 0x7C, 0xBE, 0x86, 0x3B, 0x86, 0xD1, 0x16, 0x39, 0x84, 0xCD, 0x10,
    0x3A, 0x84, 0xCB, 0x03, 0x3C, 0x85, 0xCA, 0x04, 0x3C, 0x85, 0xCB, 0x03, 0x00, 0x00, 0x00, 0x00,
    0x00, 0x00, 0x00, 0x00, 0x00, 0x00, 0x00, 0x00, 0x00, 0x00, 0x00, 0x00, 0x00, 0x00, 0x00, 0x00,
    0x00, 0x00, 0x00, 0x00, 0x00, 0x00, 0x00, 0x00, 0x00, 0x00, 0x00, 0x00, 0x00, 0x00, 0x00, 0x00,
    0x00, 0x00, 0x00, 0x00, 0x00, 0x00, 0x00, 0x00, 0x00, 0x00, 0x00, 0x00, 0x00, 0x00, 0x00, 0x00,
    0x00, 0x00, 0x00, 0x00, 0x00, 0x00, 0x00, 0x00, 0x00, 0x00, 0x00, 0x00, 0x00, 0x00, 0x00, 0x00,
    0x00, 0x00, 0x00, 0x00, 0x00, 0x00, 0x00, 0x00, 0x00, 0x00, 0x00, 0x00, 0x00, 0x00, 0x00, 0x00,
    0x00, 0x00, 0x00, 0x00, 0x00, 0x00, 0x00, 0x00, 0x00, 0x00, 0x00, 0x00, 0x00, 0x00, 0x00, 0x00,
    0x00, 0x00, 0x00, 0x00, 0x00, 0x00, 0x00, 0x00, 0x00, 0x00, 0x00, 0x00, 0x00, 0x00, 0x00, 0x00,
    0x3A, 0x87, 0xCC, 0x02, 0x3C, 0x89, 0xCD, 0x01, 0x37, 0x6B, 0xAA, 0x53, 0x02, 0x12, 0x53, 0xDC,
    0x11, 0x4F, 0xA1, 0xEF, 0x26, 0x95, 0xF2, 0xF7, 0x12, 0x80, 0xEF, 0xF8, 0x15, 0x8C, 0xF7, 0xF9,
    0x14, 0x8C, 0xF7, 0xFA, 0x1B, 0x93, 0xFB, 0xFA, 0x1D, 0x94, 0xFC, 0xFA, 0x16, 0x8B, 0xF6, 0xFA,
    0x1A, 0x90, 0xF7, 0xFA, 0x27, 0x9F, 0xFD, 0xFA, 0x2C, 0xA2, 0xFC, 0xFB, 0x2D, 0xA4, 0xFD, 0xFA,
    0x26, 0x9B, 0xFB, 0xFB, 0x26, 0x9B, 0xFB, 0xFB, 0x1C, 0x90, 0xF1, 0xFB, 0x25, 0x98, 0xF7, 0xFB,
    0x39, 0xAE, 0xFE, 0xFB, 0x3D, 0xAC, 0xFE, 0xFC, 0x3C, 0xA9, 0xFE, 0xFC, 0x3E, 0xAB, 0xFE, 0xFC,
    0x41, 0xAB, 0xFF, 0xFC, 0x44, 0xA0, 0xFE, 0xFC, 0x56, 0x9B, 0xFD, 0xFC, 0x73, 0x96, 0xFA, 0xFC,
    0x84, 0x94, 0xFA, 0xFC, 0x8B, 0x94, 0xFA, 0xFC, 0x8B, 0x90, 0xFC, 0xFC, 0x86, 0x8E, 0xFB, 0xFC,
    0x77, 0x97, 0xFC, 0xFC, 0x59, 0x96, 0xFB, 0xFC, 0x44, 0x9A, 0xFC, 0xFC, 0x44, 0x9A, 0xFC, 0xFC,
    0x34, 0xA0, 0xFD, 0xFC, 0x2C, 0x91, 0xFB, 0xFC, 0x01, 0x33, 0x93, 0xFC, 0x22, 0x7E, 0xD8, 0xF9,
    0x2A, 0x91, 0xE6, 0xF8, 0x06, 0x3C, 0x91, 0xEF, 0x28, 0x74, 0xC9, 0x74, 0x3E, 0x98, 0xEB, 0x18,
    0x33, 0x89, 0xDF, 0x0A, 0x36, 0x8A, 0xDE, 0x02, 0x37, 0x87, 0xDA, 0x03, 0x37, 0x87, 0xD8, 0x02,
    0x36, 0x87, 0xD8, 0x02, 0x35, 0x87, 0xD8, 0x01, 0x34, 0x86, 0xD8, 0x01, 0x33, 0x85, 0xD7, 0x01,
    0x00, 0x00, 0x00, 0x00, 0x00, 0x00, 0x00, 0x00, 0x00, 0x00, 0x00, 0x00, 0x00, 0x00, 0x00, 0x00,
    0x00, 0x00, 0x00, 0x00, 0x00, 0x00, 0x00, 0x00, 0x00, 0x00, 0x00, 0x00, 0x00, 0x00, 0x00, 0x00,
    0x00, 0x00, 0x00, 0x00, 0x00, 0x00, 0x00, 0x00, 0x00, 0x00, 0x00, 0x00, 0x00, 0x00, 0x00, 0x00,
    0x00, 0x00, 0x00, 0x00, 0x00, 0x00, 0x00, 0x00, 0x00, 0x00, 0x00, 0x00, 0x00, 0x00, 0x00, 0x00,
    0x00, 0x00, 0x00, 0x00, 0x00, 0x00, 0x00, 0x00, 0x00, 0x00, 0x00, 0x00, 0x30, 0x80, 0xCF, 0x01,
    0x30, 0x80, 0xCF, 0x01, 0x30, 0x80, 0xCE, 0x01, 0x30, 0x7F, 0xCE, 0x01, 0x2F, 0x80, 0xCD, 0x01,
    0x30, 0x7F, 0xCC, 0x01, 0x31, 0x7E, 0xCA, 0x01, 0x32, 0x7E, 0xC8, 0x03, 0x00, 0x00, 0x00, 0x00,
    0x16, 0x4C, 0x88, 0x43, 0x34, 0x5D, 0x7D, 0xB8, 0xB3, 0xCE, 0xD8, 0xCE, 0xDB, 0xF0, 0xF5, 0xEE,
    0xDE, 0xF2, 0xF8, 0xF6, 0xE2, 0xF4, 0xF8, 0xF7, 0xE5, 0xF2, 0xF7, 0xF9, 0xE6, 0xF2, 0xF6, 0xF9,
    0xE1, 0xEF, 0xF7, 0xF9, 0xE6, 0xF8, 0xFC, 0xF7, 0xE6, 0xF8, 0xFC, 0xF7, 0xEE, 0xFC, 0xFD, 0xF5,
    0x59, 0x7A, 0x91, 0xFA, 0x05, 0x14, 0x32, 0xC3, 0x40, 0x88, 0xCD, 0x1F, 0x37, 0x87, 0xD1, 0x15,
    0x3B, 0x86, 0xCD, 0x06, 0x3D, 0x86, 0xCB, 0x04, 0x3E, 0x85, 0xCB, 0x03, 0x00, 0x00, 0x00, 0x00,
    0x00, 0x00, 0x00, 0x00, 0x00, 0x00, 0x00, 0x00, 0x00, 0x00, 0x00, 0x00, 0x00, 0x00, 0x00, 0x00,
    0x00, 0x00, 0x00, 0x00, 0x00, 0x00, 0x00, 0x00, 0x00, 0x00, 0x00, 0x00, 0x00, 0x00, 0x00, 0x00,
    0x00, 0x00, 0x00, 0x00, 0x00, 0x00, 0x00, 0x00, 0x00, 0x00, 0x00, 0x00, 0x00, 0x00, 0x00, 0x00,
    0x00, 0x00, 0x00, 0x00, 0x00, 0x00, 0x00, 0x00, 0x00, 0x00, 0x00, 0x00, 0x00, 0x00, 0x00, 0x00,
    0x00, 0x00, 0x00, 0x00, 0x00, 0x00, 0x00, 0x00, 0x00, 0x00, 0x00, 0x00, 0x00, 0x00, 0x00, 0x00,
    0x00, 0x00, 0x00, 0x00, 0x00, 0x00, 0x00, 0x00, 0x00, 0x00, 0x00, 0x00, 0x00, 0x00, 0x00, 0x00,
    0x00, 0x00, 0x00, 0x00, 0x00, 0x00, 0x00, 0x00, 0x00, 0x00, 0x00, 0x00, 0x3D, 0x86, 0xCD, 0x01,
    0x3E, 0x8D, 0xD3, 0x01, 0x49, 0x98, 0xD5, 0x17, 0x17, 0x4B, 0x7F, 0xAE, 0x0F, 0x3C, 0x85, 0xF7,
    0x29, 0x84, 0xE5, 0xF9, 0x1D, 0x8F, 0xF6, 0xF8, 0x10, 0x88, 0xF5, 0xFB, 0x14, 0x8B, 0xF8, 0xF9,
    0x19, 0x8F, 0xF9, 0xFA, 0x20, 0x99, 0xFC, 0xFB, 0x20, 0x96, 0xFC, 0xFA, 0x17, 0x8C, 0xF5, 0xFA,
    0x1A, 0x90, 0xF7, 0xFB, 0x28, 0x9F, 0xFD, 0xFB, 0x2C, 0xA0, 0xFD, 0xFB, 0x2E, 0xA3, 0xFD, 0xFB,
    0x2B, 0xA2, 0xFD, 0xFB, 0x2B, 0xA2, 0xFD, 0xFB, 0x29, 0x9E, 0xFA, 0xFB, 0x32, 0xA5, 0xFD, 0xFC,
    0x38, 0xAA, 0xFE, 0xFC, 0x38, 0xAA, 0xFE, 0xFC, 0x3B, 0xAA, 0xFE, 0xFC, 0x3C, 0xA9, 0xFE, 0xFC,
    0x3E, 0xA8, 0xFF, 0xFC, 0x44, 0xAB, 0xFF, 0xFC, 0x4A, 0xA7, 0xFE, 0xFC, 0x5B, 0x9D, 0xFD, 0xFC,
    0x72, 0x99, 0xFD, 0xFC, 0x7A, 0x8E, 0xFB, 0xFC, 0x84, 0x92, 0xFE, 0xFC, 0x83, 0x91, 0xFC, 0xFC,
    0x7A, 0x96, 0xFC, 0xFC, 0x63, 0x99, 0xFC, 0xFC, 0x4B, 0x9B, 0xFD, 0xFC, 0x4B, 0x9B, 0xFD, 0xFC,
    0x37, 0xA2, 0xFF, 0xFC, 0x31, 0x97, 0xFE, 0xFC, 0x01, 0x33, 0x90, 0xFD, 0x12, 0x6E, 0xD0, 0xFC,
    0x2C, 0xA0, 0xFF, 0xFB, 0x0A, 0x4B, 0xA9, 0xFD, 0x0D, 0x3E, 0x86, 0xDD, 0x21, 0x65, 0xB5, 0x2A,
    0x35, 0x8F, 0xE5, 0x09, 0x32, 0x8A, 0xE0, 0x06, 0x35, 0x88, 0xDB, 0x04, 0x38, 0x88, 0xD9, 0x03,
    0x37, 0x87, 0xD8, 0x02, 0x36, 0x87, 0xD9, 0x01, 0x34, 0x86, 0xD9, 0x01, 0x32, 0x86, 0xD7, 0x01,
    0x31, 0x85, 0xD6, 0x01, 0x31, 0x85, 0xD6, 0x01, 0x00, 0x00, 0x00, 0x00, 0x00, 0x00, 0x00, 0x00,
    0x00, 0x00, 0x00, 0x00, 0x00, 0x00, 0x00, 0x00, 0x00, 0x00, 0x00, 0x00, 0x00, 0x00, 0x00, 0x00,
    0x00, 0x00, 0x00, 0x00, 0x00, 0x00, 0x00, 0x00, 0x00, 0x00, 0x00, 0x00, 0x00, 0x00, 0x00, 0x00,
    0x00, 0x00, 0x00, 0x00, 0x00, 0x00, 0x00, 0x00, 0x00, 0x00, 0x00, 0x00, 0x00, 0x00, 0x00, 0x00,
    0x00, 0x00, 0x00, 0x00, 0x00, 0x00, 0x00, 0x00, 0x00, 0x00, 0x00, 0x00, 0x30, 0x80, 0xCF, 0x01,
    0x30, 0x80, 0xCF, 0x01, 0x2F, 0x7F, 0xCE, 0x01, 0x2F, 0x7E, 0xCE, 0x01, 0x2E, 0x7F, 0xCD, 0x01,
    0x2F, 0x7E, 0xCC, 0x01, 0x2F, 0x7D, 0xCA, 0x01, 0x32, 0x7E, 0xC7, 0x04, 0x38, 0x7D, 0xC2, 0x01,
    0x03, 0x23, 0x5B, 0x68, 0x1F, 0x3D, 0x5D, 0xE7, 0xE3, 0xF4, 0xF8, 0xE8, 0xD2, 0xF0, 0xF7, 0xF6,
    0xC3, 0xE5, 0xF6, 0xF9, 0xCC, 0xEC, 0xFA, 0xF7, 0xE8, 0xFB, 0xFD, 0xF9, 0xE9, 0xF9, 0xFB, 0xF9,
    0xD2, 0xE7, 0xF4, 0xF9, 0xC0, 0xDB, 0xEF, 0xF8, 0xC0, 0xDB, 0xEF, 0xF8, 0xD2, 0xF2, 0xFC, 0xF8,
    0x41, 0x63, 0x83, 0xFB, 0x05, 0x10, 0x23, 0xD8, 0x5E, 0x9B, 0xCF, 0x9C, 0x3D, 0x87, 0xCD, 0x1A,
    0x3C, 0x87, 0xD0, 0x08, 0x3E, 0x88, 0xCD, 0x07, 0x40, 0x87, 0xCC, 0x03, 0x00, 0x00, 0x00, 0x00,
    0x00, 0x00, 0x00, 0x00, 0x00, 0x00, 0x00, 0x00, 0x00, 0x00, 0x00, 0x00, 0x00, 0x00, 0x00, 0x00,
    0x00, 0x00, 0x00, 0x00, 0x00, 0x00, 0x00, 0x00, 0x00, 0x00, 0x00, 0x00, 0x00, 0x00, 0x00, 0x00,
    0x00, 0x00, 0x00, 0x00, 0x00, 0x00, 0x00, 0x00, 0x00, 0x00, 0x00, 0x00, 0x00, 0x00, 0x00, 0x00,
    0x00, 0x00, 0x00, 0x00, 0x00, 0x00, 0x00, 0x00, 0x00, 0x00, 0x00, 0x00, 0x00, 0x00, 0x00, 0x00,
    0x00, 0x00, 0x00, 0x00, 0x40, 0x8A, 0xCE, 0x01, 0x00, 0x00, 0x00, 0x00, 0x00, 0x00, 0x00, 0x00,
    0x00, 0x00, 0x00, 0x00, 0x00, 0x00, 0x00, 0x00, 0x00, 0x00, 0x00, 0x00, 0x00, 0x00, 0x00, 0x00,
    0x00, 0x00, 0x00, 0x00, 0x43, 0x8E, 0xD1, 0x01, 0x43, 0x8E, 0xD1, 0x01, 0x44, 0x90, 0xD1, 0x01,
    0x35, 0x75, 0xB6, 0x0B, 0x14, 0x45, 0x7D, 0xA5, 0x13, 0x4E, 0x90, 0xE5, 0x3B, 0x9D, 0xEE, 0xF6,
    0x2B, 0x9A, 0xF6, 0xFB, 0x19, 0x8C, 0xF5, 0xF9, 0x19, 0x92, 0xF9, 0xFA, 0x1A, 0x92, 0xFB, 0xFA,
    0x1E, 0x94, 0xFA, 0xFB, 0x25, 0x9D, 0xFD, 0xFA, 0x24, 0x9A, 0xFC, 0xFB, 0x1D, 0x93, 0xF8, 0xFB,
    0x1E, 0x95, 0xF9, 0xFB, 0x2B, 0xA3, 0xFD, 0xFB, 0x2F, 0xA3, 0xFD, 0xFB, 0x2F, 0xA4, 0xFD, 0xFB,
    0x32, 0xA6, 0xFE, 0xFB, 0x32, 0xA6, 0xFE, 0xFB, 0x36, 0xAA, 0xFE, 0xFB, 0x35, 0xA8, 0xFE, 0xFC,
    0x37, 0xA8, 0xFD, 0xFC, 0x37, 0xA7, 0xFE, 0xFC, 0x38, 0xA9, 0xFE, 0xFC, 0x3B, 0xA8, 0xFE, 0xFC,
    0x3F, 0xA9, 0xFE, 0xFC, 0x42, 0xAB, 0xFF, 0xFC, 0x45, 0xAC, 0xFE, 0xFC, 0x4D, 0xA9, 0xFE, 0xFC,
    0x5B, 0x9F, 0xFE, 0xFC, 0x6D, 0x93, 0xFC, 0xFC, 0x7B, 0x92, 0xFC, 0xFC, 0x7F, 0x90, 0xFB, 0xFC,
    0x7D, 0x98, 0xFC, 0xFC, 0x68, 0x99, 0xFC, 0xFC, 0x54, 0x9D, 0xFC, 0xFC, 0x54, 0x9D, 0xFC, 0xFC,
    0x3C, 0xA4, 0xFF, 0xFC, 0x32, 0x9C, 0xFF, 0xFC, 0x01, 0x37, 0x90, 0xFD, 0x14, 0x71, 0xD4, 0xFC,
    0x1E, 0x97, 0xFF, 0xFC, 0x21, 0x87, 0xEB, 0xF8, 0x0C, 0x44, 0x95, 0xF0, 0x03, 0x27, 0x71, 0xB5,
    0x29, 0x82, 0xD6, 0x2F, 0x32, 0x8D, 0xE4, 0x09, 0x36, 0x8A, 0xDD, 0x06, 0x39, 0x8A, 0xDB, 0x03,
    0x38, 0x88, 0xD9, 0x03, 0x36, 0x87, 0xD9, 0x01, 0x34, 0x86, 0xD8, 0x01, 0x32, 0x86, 0xD8, 0x01,
    0x30, 0x85, 0xD7, 0x01, 0x30, 0x85, 0xD7, 0x01, 0x00, 0x00, 0x00, 0x00, 0x00, 0x00, 0x00, 0x00,
    0x00, 0x00, 0x00, 0x00, 0x00, 0x00, 0x00, 0x00, 0x00, 0x00, 0x00, 0x00, 0x00, 0x00, 0x00, 0x00,
    0x00, 0x00, 0x00, 0x00, 0x00, 0x00, 0x00, 0x00, 0x00, 0x00, 0x00, 0x00, 0x00, 0x00, 0x00, 0x00,
    0x00, 0x00, 0x00, 0x00, 0x00, 0x00, 0x00, 0x00, 0x00, 0x00, 0x00, 0x00, 0x00, 0x00, 0x00, 0x00,
    0x00, 0x00, 0x00, 0x00, 0x00, 0x00, 0x00, 0x00, 0x00, 0x00, 0x00, 0x00, 0x30, 0x80, 0xCF, 0x01,
    0x30, 0x80, 0xCF, 0x01, 0x2F, 0x7F, 0xCE, 0x01, 0x2E, 0x7F, 0xCE, 0x01, 0x2C, 0x7F, 0xCE, 0x01,
    0x2D, 0x7E, 0xCC, 0x01, 0x2E, 0x7D, 0xC9, 0x01, 0x2F, 0x7D, 0xC6, 0x04, 0x30, 0x76, 0xBB, 0x09,
    0x00, 0x1D, 0x4E, 0x86, 0x29, 0x46, 0x65, 0xEB, 0xC9, 0xE4, 0xF4, 0xEE, 0xA6, 0xD7, 0xF1, 0xF7,
    0x80, 0xBE, 0xF2, 0xF6, 0x88, 0xC2, 0xF5, 0xF8, 0xB4, 0xE0, 0xFB, 0xF9, 0xCB, 0xED, 0xFC, 0xF9,
    0xC1, 0xE6, 0xFA, 0xF9, 0xB3, 0xE3, 0xFA, 0xF9, 0xB3, 0xE3, 0xFA, 0xF9, 0xA7, 0xE0, 0xFC, 0xF9,
    0x6E, 0xAE, 0xE1, 0xFA, 0x3E, 0x75, 0xB1, 0xF4, 0x12, 0x37, 0x67, 0xE4, 0x25, 0x58, 0x98, 0x32,
    0x46, 0x93, 0xDE, 0x0A, 0x3F, 0x89, 0xCD, 0x06, 0x43, 0x89, 0xCD, 0x03, 0x00, 0x00, 0x00, 0x00,
    0x00, 0x00, 0x00, 0x00, 0x00, 0x00, 0x00, 0x00, 0x00, 0x00, 0x00, 0x00, 0x00, 0x00, 0x00, 0x00,
    0x00, 0x00, 0x00, 0x00, 0x00, 0x00, 0x00, 0x00, 0x00, 0x00, 0x00, 0x00, 0x00, 0x00, 0x00, 0x00,
    0x00, 0x00, 0x00, 0x00, 0x00, 0x00, 0x00, 0x00, 0x00, 0x00, 0x00, 0x00, 0x00, 0x00, 0x00, 0x00,
    0x00, 0x00, 0x00, 0x00, 0x00, 0x00, 0x00, 0x00, 0x00, 0x00, 0x00, 0x00, 0x00, 0x00, 0x00, 0x00,
    0x00, 0x00, 0x00, 0x00, 0x40, 0x8A, 0xCE, 0x01, 0x41, 0x8B, 0xCF, 0x01, 0x42, 0x8C, 0xD0, 0x01,
    0x00, 0x00, 0x00, 0x00, 0x00, 0x00, 0x00, 0x00, 0x00, 0x00, 0x00, 0x00, 0x00, 0x00, 0x00, 0x00,
    0x48, 0x8E, 0xD1, 0x01, 0x42, 0x8C, 0xCF, 0x04, 0x42, 0x8C, 0xCF, 0x04, 0x44, 0x93, 0xD3, 0x04,
    0x1C, 0x4E, 0x8A, 0x65, 0x02, 0x18, 0x54, 0xED, 0x32, 0x84, 0xD8, 0xF4, 0x2F, 0x9D, 0xF7, 0xFC,
    0x22, 0x94, 0xF6, 0xFC, 0x22, 0x96, 0xF9, 0xFB, 0x1D, 0x92, 0xF9, 0xFB, 0x22, 0x9A, 0xFB, 0xFB,
    0x24, 0x97, 0xFA, 0xFB, 0x29, 0x9C, 0xFC, 0xFB, 0x2B, 0x9F, 0xFD, 0xFB, 0x26, 0x9C, 0xFC, 0xFB,
    0x23, 0x99, 0xFA, 0xFB, 0x2C, 0xA1, 0xFD, 0xFB, 0x30, 0xA4, 0xFD, 0xFB, 0x32, 0xA7, 0xFE, 0xFB,
    0x33, 0xA4, 0xFD, 0xFC, 0x33, 0xA4, 0xFD, 0xFC, 0x36, 0xA7, 0xFD, 0xFC, 0x35, 0xA7, 0xFD, 0xFC,
    0x36, 0xA7, 0xFD, 0xFC, 0x36, 0xA7, 0xFD, 0xFC, 0x37, 0xA8, 0xFE, 0xFC, 0x3A, 0xA8, 0xFE, 0xFC,
    0x3D, 0xA8, 0xFE, 0xFC, 0x41, 0xA9, 0xFE, 0xFC, 0x44, 0xAB, 0xFE, 0xFC, 0x46, 0xAA, 0xFE, 0xFC,
    0x4F, 0xA7, 0xFE, 0xFC, 0x5C, 0x9A, 0xFD, 0xFC, 0x68, 0x8E, 0xFA, 0xFC, 0x75, 0x90, 0xFA, 0xFD,
    0x7A, 0x99, 0xFC, 0xFD, 0x6C, 0x9B, 0xFC, 0xFD, 0x5A, 0x9D, 0xFD, 0xFD, 0x5A, 0x9D, 0xFD, 0xFD,
    0x40, 0xA0, 0xFF, 0xFD, 0x33, 0x99, 0xFF, 0xFD, 0x01, 0x31, 0x8F, 0xFD, 0x11, 0x6B, 0xD3, 0xFC,
    0x1E, 0x92, 0xFF, 0xFD, 0x1F, 0x90, 0xFB, 0xFC, 0x19, 0x6F, 0xD6, 0xF6, 0x0C, 0x4E, 0xA0, 0xF9,
    0x2C, 0x82, 0xD1, 0x6B, 0x30, 0x88, 0xE3, 0x06, 0x33, 0x88, 0xDC, 0x0A, 0x39, 0x8B, 0xDC, 0x05,
    0x38, 0x89, 0xD9, 0x04, 0x36, 0x88, 0xD9, 0x02, 0x34, 0x86, 0xD8, 0x02, 0x32, 0x86, 0xD9, 0x01,
    0x30, 0x85, 0xD8, 0x01, 0x30, 0x85, 0xD8, 0x01, 0x2F, 0x85, 0xD8, 0x01, 0x2F, 0x85, 0xD7, 0x01,
    0x2F, 0x85, 0xD6, 0x01, 0x00, 0x00, 0x00, 0x00, 0x00, 0x00, 0x00, 0x00, 0x00, 0x00, 0x00, 0x00,
    0x00, 0x00, 0x00, 0x00, 0x00, 0x00, 0x00, 0x00, 0x00, 0x00, 0x00, 0x00, 0x00, 0x00, 0x00, 0x00,
    0x00, 0x00, 0x00, 0x00, 0x00, 0x00, 0x00, 0x00, 0x00, 0x00, 0x00, 0x00, 0x00, 0x00, 0x00, 0x00,
    0x00, 0x00, 0x00, 0x00, 0x30, 0x80, 0xCF, 0x01, 0x30, 0x80, 0xCF, 0x01, 0x30, 0x80, 0xCF, 0x01,
    0x30, 0x80, 0xCF, 0x01, 0x2F, 0x7F, 0xCE, 0x01, 0x2E, 0x7F, 0xCE, 0x01, 0x2C, 0x7F, 0xCE, 0x01,
    0x2C, 0x7E, 0xCC, 0x01, 0x2D, 0x7B, 0xC8, 0x02, 0x2F, 0x7C, 0xC5, 0x02, 0x2E, 0x6F, 0xB3, 0x12,
    0x00, 0x0F, 0x34, 0xAD, 0x3D, 0x5D, 0x7C, 0xF4, 0xCD, 0xF1, 0xFA, 0xF0, 0x7E, 0xBE, 0xEE, 0xF7,
    0x6C, 0xBA, 0xF9, 0xF9, 0x72, 0xC1, 0xFC, 0xF9, 0x92, 0xDC, 0xFC, 0xFA, 0xA2, 0xDC, 0xFC, 0xFA,
    0x98, 0xC8, 0xF9, 0xFA, 0xA8, 0xE3, 0xFE, 0xFA, 0xA8, 0xE3, 0xFE, 0xFA, 0x86, 0xCC, 0xFD, 0xFA,
    0x78, 0xD0, 0xFF, 0xFA, 0x64, 0xAF, 0xF6, 0xF3, 0x03, 0x0C, 0x2E, 0xE2, 0x24, 0x51, 0x8C, 0x48,
    0x44, 0x94, 0xDE, 0x0B, 0x3F, 0x89, 0xCD, 0x06, 0x43, 0x8A, 0xCD, 0x03, 0x00, 0x00, 0x00, 0x00,
    0x00, 0x00, 0x00, 0x00, 0x00, 0x00, 0x00, 0x00, 0x00, 0x00, 0x00, 0x00, 0x00, 0x00, 0x00, 0x00,
    0x00, 0x00, 0x00, 0x00, 0x00, 0x00, 0x00, 0x00, 0x00, 0x00, 0x00, 0x00, 0x00, 0x00, 0x00, 0x00,
    0x00, 0x00, 0x00, 0x00, 0x00, 0x00, 0x00, 0x00, 0x00, 0x00, 0x00, 0x00, 0x00, 0x00, 0x00, 0x00,
    0x00, 0x00, 0x00, 0x00, 0x00, 0x00, 0x00, 0x00, 0x00, 0x00, 0x00, 0x00, 0x00, 0x00, 0x00, 0x00,
    0x00, 0x00, 0x00, 0x00, 0x41, 0x8B, 0xCE, 0x01, 0x42, 0x8C, 0xCF, 0x01, 0x43, 0x8C, 0xCF, 0x01,
    0x44, 0x8C, 0xCF, 0x01, 0x00, 0x00, 0x00, 0x00, 0x00, 0x00, 0x00, 0x00, 0x49, 0x8F, 0xD1, 0x01,
    0x49, 0x91, 0xD3, 0x02, 0x41, 0x8B, 0xD1, 0x03, 0x41, 0x8B, 0xD1, 0x03, 0x42, 0x8D, 0xCC, 0x2D,
    0x22, 0x61, 0x97, 0xAC, 0x11, 0x4E, 0x9A, 0xF7, 0x3C, 0xA4, 0xF7, 0xFA, 0x36, 0xAA, 0xFC, 0xFA,
    0x28, 0x9C, 0xFA, 0xFC, 0x26, 0x9B, 0xFB, 0xFB, 0x25, 0x9A, 0xFB, 0xFC, 0x27, 0x9D, 0xFC, 0xFB,
    0x29, 0x9D, 0xFC, 0xFC, 0x2D, 0xA3, 0xFD, 0xFB, 0x2F, 0xA4, 0xFD, 0xFB, 0x2C, 0xA2, 0xFD, 0xFB,
    0x2A, 0x9F, 0xFC, 0xFB, 0x30, 0xA5, 0xFD, 0xFB, 0x31, 0xA4, 0xFD, 0xFC, 0x33, 0xA6, 0xFD, 0xFC,
    0x33, 0xA5, 0xFD, 0xFC, 0x33, 0xA5, 0xFD, 0xFC, 0x34, 0xA6, 0xFD, 0xFC, 0x34, 0xA6, 0xFE, 0xFC,
    0x35, 0xA6, 0xFE, 0xFC, 0x35, 0xA6, 0xFE, 0xFC, 0x37, 0xA7, 0xFE, 0xFC, 0x38, 0xA7, 0xFE, 0xFC,
    0x3B, 0xA7, 0xFE, 0xFC, 0x40, 0xA7, 0xFE, 0xFC, 0x41, 0xA9, 0xFE, 0xFC, 0x44, 0xAA, 0xFE, 0xFC,
    0x48, 0xAB, 0xFE, 0xFC, 0x4F, 0xA4, 0xFE, 0xFC, 0x59, 0x97, 0xFC, 0xFD, 0x63, 0x90, 0xF9, 0xFD,
    0x70, 0x97, 0xFB, 0xFD, 0x6C, 0x9C, 0xFC, 0xFD, 0x5C, 0x9F, 0xFE, 0xFD, 0x5C, 0x9F, 0xFE, 0xFD,
    0x47, 0xA4, 0xFF, 0xFD, 0x2E, 0x92, 0xFD, 0xFD, 0x01, 0x3A, 0x9D, 0xFD, 0x19, 0x7C, 0xE5, 0xFC,
    0x27, 0x9E, 0xFF, 0xFC, 0x23, 0x93, 0xFA, 0xFC, 0x25, 0x8F, 0xF9, 0xF9, 0x15, 0x67, 0xC3, 0xF9,
    0x03, 0x2F, 0x85, 0xBC, 0x2B, 0x85, 0xE0, 0x60, 0x31, 0x8C, 0xE4, 0x13, 0x37, 0x8A, 0xDD, 0x06,
    0x36, 0x89, 0xDA, 0x04, 0x36, 0x89, 0xDB, 0x02, 0x34, 0x87, 0xDA, 0x02, 0x32, 0x87, 0xDA, 0x01,
    0x31, 0x87, 0xD9, 0x01, 0x31, 0x87, 0xD9, 0x01, 0x30, 0x86, 0xD9, 0x01, 0x30, 0x85, 0xD7, 0x01,
    0x30, 0x85, 0xD7, 0x01, 0x00, 0x00, 0x00, 0x00, 0x00, 0x00, 0x00, 0x00, 0x00, 0x00, 0x00, 0x00,
    0x00, 0x00, 0x00, 0x00, 0x00, 0x00, 0x00, 0x00, 0x00, 0x00, 0x00, 0x00, 0x00, 0x00, 0x00, 0x00,
    0x00, 0x00, 0x00, 0x00, 0x00, 0x00, 0x00, 0x00, 0x00, 0x00, 0x00, 0x00, 0x2F, 0x80, 0xD0, 0x01,
    0x30, 0x80, 0xCF, 0x01, 0x30, 0x80, 0xD0, 0x01, 0x30, 0x80, 0xCF, 0x01, 0x30, 0x80, 0xCF, 0x01,
    0x30, 0x80, 0xCF, 0x01, 0x30, 0x7F, 0xCE, 0x01, 0x2E, 0x7F, 0xCF, 0x01, 0x2C, 0x7F, 0xCE, 0x01,
    0x2C, 0x7D, 0xCE, 0x01, 0x2A, 0x7B, 0xC9, 0x03, 0x2D, 0x7C, 0xC7, 0x02, 0x31, 0x72, 0xB4, 0x17,
    0x00, 0x0F, 0x2D, 0xBA, 0x36, 0x61, 0x82, 0xF1, 0xB2, 0xEE, 0xF9, 0xF1, 0x5C, 0xAE, 0xEF, 0xF7,
    0x54, 0xB1, 0xF9, 0xF9, 0x5C, 0xBE, 0xFB, 0xF9, 0x66, 0xBA, 0xFB, 0xFA, 0x7B, 0xCE, 0xFC, 0xFA,
    0x78, 0xCB, 0xFC, 0xFA, 0x7F, 0xD7, 0xFE, 0xFA, 0x7F, 0xD7, 0xFE, 0xFA, 0x66, 0xBF, 0xFE, 0xFA,
    0x4B, 0xAA, 0xFD, 0xFA, 0x3E, 0x95, 0xE4, 0xF6, 0x04, 0x14, 0x3C, 0xED, 0x22, 0x54, 0x8F, 0x59,
    0x40, 0x90, 0xDA, 0x0A, 0x3F, 0x89, 0xCD, 0x06, 0x42, 0x89, 0xCD, 0x03, 0x00, 0x00, 0x00, 0x00,
    0x00, 0x00, 0x00, 0x00, 0x00, 0x00, 0x00, 0x00, 0x00, 0x00, 0x00, 0x00, 0x00, 0x00, 0x00, 0x00,
    0x00, 0x00, 0x00, 0x00, 0x00, 0x00, 0x00, 0x00, 0x00, 0x00, 0x00, 0x00, 0x00, 0x00, 0x00, 0x00,
    0x00, 0x00, 0x00, 0x00, 0x00, 0x00, 0x00, 0x00, 0x00, 0x00, 0x00, 0x00, 0x00, 0x00, 0x00, 0x00,
    0x00, 0x00, 0x00, 0x00, 0x00, 0x00, 0x00, 0x00, 0x00, 0x00, 0x00, 0x00, 0x00, 0x00, 0x00, 0x00,
    0x00, 0x00, 0x00, 0x00, 0x41, 0x8B, 0xCE, 0x01, 0x42, 0x8C, 0xCF, 0x01, 0x43, 0x8D, 0xCF, 0x01,
    0x44, 0x8D, 0xD0, 0x01, 0x46, 0x8D, 0xD0, 0x01, 0x48, 0x8E, 0xD1, 0x01, 0x48, 0x8F, 0xD1, 0x02,
    0x44, 0x8F, 0xD2, 0x01, 0x46, 0x8E, 0xD3, 0x12, 0x46, 0x8E, 0xD3, 0x12, 0x17, 0x45, 0x89, 0x9E,
    0x03, 0x2A, 0x75, 0xF1, 0x2A, 0x86, 0xE1, 0xF9, 0x3F, 0xA7, 0xFC, 0xFB, 0x38, 0xA4, 0xFC, 0xFC,
    0x34, 0xA4, 0xFC, 0xFC, 0x2D, 0xA0, 0xFD, 0xFC, 0x2A, 0x9C, 0xFC, 0xFC, 0x2D, 0x9F, 0xFD, 0xFC,
    0x2D, 0xA1, 0xFC, 0xFC, 0x2F, 0xA3, 0xFD, 0xFC, 0x30, 0xA3, 0xFD, 0xFC, 0x2F, 0xA2, 0xFD, 0xFC,
    0x2E, 0xA2, 0xFD, 0xFC, 0x31, 0xA4, 0xFD, 0xFC, 0x33, 0xA3, 0xFC, 0xFC, 0x33, 0xA5, 0xFD, 0xFC,
    0x33, 0xA5, 0xFD, 0xFC, 0x33, 0xA5, 0xFD, 0xFC, 0x34, 0xA5, 0xFD, 0xFC, 0x33, 0xA5, 0xFE, 0xFC,
    0x34, 0xA6, 0xFE, 0xFC, 0x34, 0xA6, 0xFE, 0xFC, 0x35, 0xA6, 0xFF, 0xFC, 0x37, 0xA6, 0xFE, 0xFC,
    0x39, 0xA7, 0xFE, 0xFC, 0x3C, 0xA7, 0xFD, 0xFC, 0x3F, 0xA8, 0xFE, 0xFC, 0x42, 0xA9, 0xFE, 0xFC,
    0x43, 0xA9, 0xFE, 0xFC, 0x48, 0xAA, 0xFF, 0xFD, 0x4F, 0xA5, 0xFF, 0xFD, 0x51, 0x95, 0xFB, 0xFD,
    0x5E, 0x95, 0xFB, 0xFD, 0x60, 0x97, 0xFC, 0xFD, 0x58, 0x9F, 0xFE, 0xFD, 0x58, 0x9F, 0xFE, 0xFD,
    0x4E, 0xAC, 0xFF, 0xFD, 0x25, 0x83, 0xF1, 0xFD, 0x03, 0x3C, 0xA9, 0xFD, 0x28, 0x94, 0xFC, 0xFC,
    0x2C, 0x9E, 0xFE, 0xFC, 0x27, 0x8F, 0xF8, 0xFC, 0x24, 0x8D, 0xF9, 0xFC, 0x22, 0x83, 0xEB, 0xFA,
    0x04, 0x33, 0x89, 0xFB, 0x25, 0x70, 0xC1, 0xC0, 0x30, 0x88, 0xE5, 0x33, 0x33, 0x89, 0xDD, 0x1A,
    0x32, 0x89, 0xDC, 0x03, 0x33, 0x88, 0xDC, 0x04, 0x32, 0x87, 0xDA, 0x02, 0x32, 0x87, 0xDA, 0x01,
    0x31, 0x87, 0xD9, 0x02, 0x31, 0x87, 0xD9, 0x02, 0x30, 0x86, 0xD8, 0x01, 0x30, 0x86, 0xD8, 0x01,
    0x2F, 0x85, 0xD7, 0x01, 0x2F, 0x84, 0xD6, 0x01, 0x2F, 0x84, 0xD6, 0x01, 0x2E, 0x83, 0xD5, 0x01,
    0x2E, 0x82, 0xD5, 0x01, 0x2E, 0x81, 0xD4, 0x01, 0x2E, 0x81, 0xD4, 0x01, 0x2E, 0x80, 0xD4, 0x01,
    0x2E, 0x80, 0xD3, 0x01, 0x2E, 0x80, 0xD2, 0x01, 0x2F, 0x80, 0xD2, 0x01, 0x2F, 0x80, 0xD1, 0x01,
    0x2F, 0x80, 0xD0, 0x01, 0x2F, 0x7F, 0xCF, 0x01, 0x2F, 0x7F, 0xCF, 0x01, 0x2F, 0x7F, 0xCF, 0x01,
    0x2F, 0x7F, 0xCF, 0x01, 0x2F, 0x7F, 0xCE, 0x01, 0x2E, 0x7F, 0xCF, 0x01, 0x2C, 0x7F, 0xCF, 0x01,
    0x2C, 0x7E, 0xCE, 0x01, 0x2A, 0x7B, 0xCB, 0x03, 0x2E, 0x7B, 0xC8, 0x02, 0x33, 0x71, 0xB5, 0x1F,
    0x00, 0x0C, 0x29, 0xC5, 0x17, 0x3D, 0x6C, 0xF2, 0x62, 0xB7, 0xF4, 0xF2, 0x37, 0x98, 0xF2, 0xF8,
    0x36, 0x99, 0xF7, 0xF9, 0x45, 0xAF, 0xFA, 0xF9, 0x44, 0xA4, 0xFA, 0xFA, 0x4C, 0xAF, 0xFB, 0xFA,
    0x52, 0xB8, 0xFC, 0xFA, 0x4C, 0xAF, 0xFD, 0xFA, 0x4C, 0xAF, 0xFD, 0xFA, 0x45, 0xAD, 0xFE, 0xFA,
    0x3F, 0xAB, 0xFF, 0xFA, 0x2D, 0x7F, 0xDC, 0xF6, 0x03, 0x0E, 0x33, 0xF3, 0x1D, 0x4F, 0x8E, 0x5F,
    0x3F, 0x90, 0xDB, 0x09, 0x3F, 0x88, 0xCD, 0x06, 0x42, 0x89, 0xCC, 0x03, 0x00, 0x00, 0x00, 0x00,
    0x00, 0x00, 0x00, 0x00, 0x00, 0x00, 0x00, 0x00, 0x00, 0x00, 0x00, 0x00, 0x00, 0x00, 0x00, 0x00,
    0x00, 0x00, 0x00, 0x00, 0x00, 0x00, 0x00, 0x00, 0x00, 0x00, 0x00, 0x00, 0x00, 0x00, 0x00, 0x00,
    0x00, 0x00, 0x00, 0x00, 0x00, 0x00, 0x00, 0x00, 0x00, 0x00, 0x00, 0x00, 0x00, 0x00, 0x00, 0x00,
    0x00, 0x00, 0x00, 0x00, 0x00, 0x00, 0x00, 0x00, 0x00, 0x00, 0x00, 0x00, 0x00, 0x00, 0x00, 0x00,
    0x00, 0x00, 0x00, 0x00, 0x42, 0x8B, 0xCF, 0x02, 0x43, 0x8C, 0xD0, 0x02, 0x44, 0x8D, 0xD0, 0x01,
    0x45, 0x8E, 0xD0, 0x01, 0x46, 0x8D, 0xD0, 0x01, 0x47, 0x8F, 0xD3, 0x02, 0x45, 0x8E, 0xD5, 0x02,
    0x45, 0x93, 0xD7, 0x07, 0x3A, 0x82, 0xC1, 0x4E, 0x3A, 0x82, 0xC1, 0x4E, 0x05, 0x27, 0x6E, 0xBB,
    0x12, 0x4D, 0xAD, 0xFB, 0x54, 0xC2, 0xFE, 0xF9, 0x5B, 0xC2, 0xFD, 0xFB, 0x57, 0xBA, 0xFC, 0xFC,
    0x45, 0xB0, 0xFC, 0xFC, 0x34, 0xA5, 0xFD, 0xFC, 0x2F, 0xA1, 0xFD, 0xFC, 0x30, 0xA2, 0xFD, 0xFC,
    0x31, 0xA5, 0xFD, 0xFC, 0x31, 0xA6, 0xFD, 0xFC, 0x30, 0xA3, 0xFD, 0xFC, 0x30, 0xA5, 0xFD, 0xFC,
    0x30, 0xA4, 0xFD, 0xFC, 0x32, 0xA5, 0xFD, 0xFC, 0x34, 0xA4, 0xFD, 0xFC, 0x34, 0xA5, 0xFD, 0xFC,
    0x34, 0xA5, 0xFD, 0xFC, 0x34, 0xA5, 0xFD, 0xFC, 0x34, 0xA5, 0xFD, 0xFC, 0x34, 0xA6, 0xFE, 0xFC,
    0x34, 0xA6, 0xFE, 0xFC, 0x34, 0xA6, 0xFE, 0xFC, 0x35, 0xA7, 0xFE, 0xFC, 0x36, 0xA7, 0xFE, 0xFC,
    0x38, 0xA7, 0xFE, 0xFC, 0x3A, 0xA7, 0xFE, 0xFC, 0x3C, 0xA7, 0xFE, 0xFC, 0x3E, 0xA7, 0xFE, 0xFC,
    0x40, 0xA8, 0xFE, 0xFD, 0x42, 0xA9, 0xFE, 0xFD, 0x44, 0xA7, 0xFE, 0xFD, 0x49, 0xA3, 0xFE, 0xFD,
    0x4F, 0x9B, 0xFD, 0xFD, 0x52, 0x97, 0xFB, 0xFD, 0x50, 0x9E, 0xFE, 0xFD, 0x50, 0x9E, 0xFE, 0xFD,
    0x49, 0xA8, 0xFF, 0xFD, 0x1A, 0x72, 0xDE, 0xFD, 0x11, 0x66, 0xD2, 0xFD, 0x34, 0xA3, 0xFE, 0xFC,
    0x2E, 0x9E, 0xFC, 0xFC, 0x2D, 0x9A, 0xFB, 0xFC, 0x22, 0x91, 0xFC, 0xFC, 0x21, 0x96, 0xFF, 0xF9,
    0x19, 0x6A, 0xCA, 0xFD, 0x01, 0x1C, 0x69, 0xC6, 0x24, 0x71, 0xCB, 0x65, 0x30, 0x8D, 0xEB, 0x2C,
    0x2B, 0x84, 0xDC, 0x02, 0x30, 0x87, 0xDC, 0x06, 0x30, 0x85, 0xD9, 0x03, 0x31, 0x86, 0xDA, 0x02,
    0x30, 0x86, 0xD9, 0x02, 0x30, 0x86, 0xD9, 0x02, 0x30, 0x86, 0xD8, 0x01, 0x2F, 0x85, 0xD7, 0x01,
    0x2E, 0x84, 0xD6, 0x01, 0x2E, 0x84, 0xD5, 0x01, 0x2E, 0x83, 0xD5, 0x01, 0x2D, 0x83, 0xD5, 0x01,
    0x2D, 0x83, 0xD5, 0x01, 0x2D, 0x81, 0xD3, 0x01, 0x2E, 0x81, 0xD3, 0x01, 0x2E, 0x80, 0xD3, 0x01,
    0x2E, 0x81, 0xD3, 0x01, 0x2E, 0x81, 0xD2, 0x01, 0x2F, 0x80, 0xD2, 0x01, 0x2F, 0x80, 0xD1, 0x01,
    0x2F, 0x80, 0xD1, 0x01, 0x2F, 0x7F, 0xD0, 0x01, 0x2F, 0x80, 0xD0, 0x01, 0x2F, 0x80, 0xCF, 0x01,
    0x2F, 0x80, 0xCF, 0x01, 0x2F, 0x7F, 0xCF, 0x01, 0x2D, 0x7F, 0xCF, 0x01, 0x2C, 0x7F, 0xCF, 0x01,
    0x2C, 0x7E, 0xCF, 0x01, 0x2B, 0x7C, 0xCB, 0x03, 0x2D, 0x7C, 0xCA, 0x02, 0x31, 0x71, 0xB7, 0x25,
    0x02, 0x16, 0x36, 0xCC, 0x08, 0x30, 0x69, 0xF2, 0x29, 0x86, 0xE6, 0xF2, 0x23, 0x91, 0xF5, 0xF8,
    0x2F, 0x9D, 0xF8, 0xF9, 0x37, 0xA6, 0xF9, 0xF9, 0x38, 0xA5, 0xFA, 0xFA, 0x3A, 0xA6, 0xFB, 0xFA,
    0x3B, 0xA7, 0xFC, 0xFA, 0x38, 0xA3, 0xFD, 0xFA, 0x38, 0xA3, 0xFD, 0xFA, 0x33, 0xA3, 0xFE, 0xFA,
    0x37, 0xAE, 0xFF, 0xF9, 0x2B, 0x80, 0xDE, 0xF5, 0x03, 0x0E, 0x30, 0xF3, 0x1E, 0x50, 0x8D, 0x61,
    0x3E, 0x90, 0xDA, 0x08, 0x3F, 0x89, 0xCD, 0x06, 0x42, 0x8A, 0xCC, 0x03, 0x00, 0x00, 0x00, 0x00,
    0x00, 0x00, 0x00, 0x00, 0x00, 0x00, 0x00, 0x00, 0x00, 0x00, 0x00, 0x00, 0x00, 0x00, 0x00, 0x00,
    0x00, 0x00, 0x00, 0x00, 0x00, 0x00, 0x00, 0x00, 0x00, 0x00, 0x00, 0x00, 0x00, 0x00, 0x00, 0x00,
    0x00, 0x00, 0x00, 0x00, 0x00, 0x00, 0x00, 0x00, 0x00, 0x00, 0x00, 0x00, 0x00, 0x00, 0x00, 0x00,
    0x00, 0x00, 0x00, 0x00, 0x00, 0x00, 0x00, 0x00, 0x00, 0x00, 0x00, 0x00, 0x00, 0x00, 0x00, 0x00,
    0x00, 0x00, 0x00, 0x00, 0x42, 0x8B, 0xCF, 0x02, 0x43, 0x8C, 0xCF, 0x02, 0x44, 0x8C, 0xD0, 0x02,
    0x46, 0x8D, 0xD0, 0x01, 0x47, 0x8D, 0xD0, 0x02, 0x45, 0x8E, 0xD3, 0x06, 0x44, 0x90, 0xD9, 0x02,
    0x43, 0x88, 0xCA, 0x35, 0x0E, 0x36, 0x73, 0xC5, 0x0E, 0x36, 0x73, 0xC5, 0x29, 0x73, 0xC2, 0xE1,
    0x47, 0xA7, 0xFA, 0xFC, 0x61, 0xC5, 0xFE, 0xFB, 0x6E, 0xC1, 0xFB, 0xFC, 0x7B, 0xC8, 0xFB, 0xFC,
    0x5C, 0xB4, 0xF9, 0xFC, 0x3D, 0xA3, 0xFA, 0xFC, 0x37, 0xA6, 0xFD, 0xFC, 0x37, 0xA6, 0xFE, 0xFC,
    0x35, 0xA4, 0xFD, 0xFC, 0x35, 0xA7, 0xFE, 0xFC, 0x31, 0xA3, 0xFD, 0xFC, 0x32, 0xA6, 0xFE, 0xFC,
    0x31, 0xA6, 0xFE, 0xFC, 0x34, 0xA7, 0xFE, 0xFC, 0x35, 0xA5, 0xFD, 0xFC, 0x35, 0xA6, 0xFE, 0xFC,
    0x35, 0xA6, 0xFE, 0xFC, 0x35, 0xA6, 0xFE, 0xFC, 0x35, 0xA6, 0xFE, 0xFC, 0x34, 0xA6, 0xFD, 0xFC,
    0x34, 0xA6, 0xFD, 0xFC, 0x34, 0xA6, 0xFD, 0xFC, 0x35, 0xA7, 0xFD, 0xFC, 0x35, 0xA7, 0xFD, 0xFC,
    0x37, 0xA7, 0xFD, 0xFC, 0x38, 0xA6, 0xFD, 0xFC, 0x39, 0xA6, 0xFD, 0xFC, 0x3B, 0xA6, 0xFD, 0xFD,
    0x3C, 0xA7, 0xFE, 0xFD, 0x3D, 0xA7, 0xFE, 0xFD, 0x3E, 0xA7, 0xFE, 0xFD, 0x40, 0xA8, 0xFE, 0xFD,
    0x45, 0xA5, 0xFF, 0xFD, 0x46, 0x9E, 0xFD, 0xFD, 0x44, 0x9D, 0xFD, 0xFD, 0x44, 0x9D, 0xFD, 0xFD,
    0x2F, 0x89, 0xEF, 0xFD, 0x0F, 0x61, 0xCE, 0xFD, 0x2F, 0x9A, 0xFB, 0xFD, 0x36, 0xA6, 0xFC, 0xFD,
    0x31, 0x9E, 0xFB, 0xFD, 0x32, 0xA2, 0xFB, 0xFC, 0x26, 0x95, 0xFD, 0xFC, 0x17, 0x88, 0xF7, 0xFB,
    0x13, 0x72, 0xE0, 0xFC, 0x03, 0x34, 0x8F, 0xF3, 0x1E, 0x60, 0xAF, 0xDF, 0x2A, 0x88, 0xE8, 0x4D,
    0x29, 0x85, 0xDE, 0x05, 0x2B, 0x85, 0xDA, 0x08, 0x2E, 0x84, 0xD9, 0x02, 0x2F, 0x85, 0xD9, 0x02,
    0x2F, 0x85, 0xD9, 0x02, 0x2F, 0x85, 0xD9, 0x02, 0x2F, 0x85, 0xD8, 0x01, 0x2E, 0x84, 0xD7, 0x01,
    0x2E, 0x84, 0xD6, 0x01, 0x2D, 0x83, 0xD6, 0x01, 0x2D, 0x83, 0xD5, 0x01, 0x2D, 0x83, 0xD5, 0x01,
    0x2C, 0x82, 0xD4, 0x01, 0x2D, 0x82, 0xD4, 0x01, 0x2E, 0x81, 0xD4, 0x01, 0x2D, 0x80, 0xD3, 0x01,
    0x2E, 0x81, 0xD4, 0x01, 0x2E, 0x80, 0xD3, 0x01, 0x2F, 0x81, 0xD3, 0x01, 0x2E, 0x80, 0xD2, 0x01,
    0x2F, 0x80, 0xD1, 0x01, 0x2F, 0x7F, 0xD1, 0x01, 0x2E, 0x80, 0xD0, 0x01, 0x2E, 0x7F, 0xD0, 0x01,
    0x2E, 0x7F, 0xD0, 0x01, 0x2F, 0x7F, 0xD0, 0x01, 0x2D, 0x7F, 0xD0, 0x01, 0x2C, 0x7F, 0xD0, 0x01,
    0x2D, 0x7F, 0xCF, 0x01, 0x2A, 0x7E, 0xCC, 0x03, 0x2C, 0x7D, 0xCB, 0x02, 0x33, 0x73, 0xBB, 0x2D,
    0x01, 0x13, 0x36, 0xD6, 0x05, 0x33, 0x74, 0xF1, 0x1E, 0x7C, 0xE8, 0xF5, 0x1F, 0x8E, 0xF7, 0xF8,
    0x2A, 0x97, 0xF8, 0xF9, 0x32, 0x9D, 0xF9, 0xFA, 0x36, 0xA4, 0xFA, 0xFA, 0x36, 0xA3, 0xFB, 0xFA,
    0x32, 0x9B, 0xFC, 0xFA, 0x32, 0x9E, 0xFD, 0xFA, 0x32, 0x9E, 0xFD, 0xFA, 0x2D, 0x9C, 0xFE, 0xFA,
    0x2D, 0x9C, 0xFF, 0xFA, 0x2B, 0x80, 0xDF, 0xF6, 0x03, 0x0D, 0x30, 0xF5, 0x1C, 0x4F, 0x8C, 0x62,
    0x3F, 0x90, 0xD9, 0x07, 0x3E, 0x89, 0xCD, 0x07, 0x41, 0x8A, 0xCC, 0x03, 0x00, 0x00, 0x00, 0x00,
    0x00, 0x00, 0x00, 0x00, 0x00, 0x00, 0x00, 0x00, 0x00, 0x00, 0x00, 0x00, 0x00, 0x00, 0x00, 0x00,
    0x00, 0x00, 0x00, 0x00, 0x00, 0x00, 0x00, 0x00, 0x00, 0x00, 0x00, 0x00, 0x00, 0x00, 0x00, 0x00,
    0x00, 0x00, 0x00, 0x00, 0x00, 0x00, 0x00, 0x00, 0x00, 0x00, 0x00, 0x00, 0x00, 0x00, 0x00, 0x00,
    0x00, 0x00, 0x00, 0x00, 0x00, 0x00, 0x00, 0x00, 0x00, 0x00, 0x00, 0x00, 0x00, 0x00, 0x00, 0x00,
    0x00, 0x00, 0x00, 0x00, 0x41, 0x8B, 0xCE, 0x02, 0x41, 0x8B, 0xCE, 0x02, 0x43, 0x8C, 0xCE, 0x02,
    0x44, 0x8C, 0xCF, 0x01, 0x45, 0x8C, 0xD0, 0x01, 0x43, 0x8D, 0xD2, 0x06, 0x40, 0x92, 0xDA, 0x01,
    0x36, 0x77, 0xB9, 0x32, 0x04, 0x17, 0x46, 0xCC, 0x04, 0x17, 0x46, 0xCC, 0x41, 0x97, 0xEB, 0xEF,
    0x4F, 0xBC, 0xFF, 0xFC, 0x4B, 0xAB, 0xFA, 0xFB, 0x75, 0xC0, 0xFA, 0xFC, 0x91, 0xD3, 0xFB, 0xFC,
    0x77, 0xC0, 0xF9, 0xFC, 0x50, 0xAF, 0xFC, 0xFC, 0x3E, 0xAB, 0xFE, 0xFC, 0x3E, 0xAD, 0xFE, 0xFC,
    0x3E, 0xA8, 0xFE, 0xFC, 0x41, 0xA9, 0xFE, 0xFC, 0x3E, 0xA6, 0xFD, 0xFC, 0x3B, 0xA8, 0xFE, 0xFC,
    0x36, 0xA9, 0xFE, 0xFC, 0x36, 0xAA, 0xFE, 0xFC, 0x36, 0xA8, 0xFE, 0xFC, 0x36, 0xA7, 0xFD, 0xFC,
    0x35, 0xA6, 0xFD, 0xFC, 0x35, 0xA6, 0xFD, 0xFC, 0x36, 0xA7, 0xFD, 0xFC, 0x35, 0xA6, 0xFE, 0xFC,
    0x34, 0xA6, 0xFD, 0xFC, 0x34, 0xA6, 0xFD, 0xFC, 0x34, 0xA7, 0xFD, 0xFC, 0x34, 0xA7, 0xFD, 0xFC,
    0x36, 0xA7, 0xFD, 0xFC, 0x37, 0xA6, 0xFE, 0xFC, 0x38, 0xA6, 0xFE, 0xFD, 0x39, 0xA6, 0xFD, 0xFD,
    0x3A, 0xA6, 0xFE, 0xFD, 0x3B, 0xA6, 0xFE, 0xFD, 0x3C, 0xA7, 0xFE, 0xFD, 0x3C, 0xA7, 0xFE, 0xFD,
    0x3D, 0xA7, 0xFE, 0xFD, 0x3E, 0xA5, 0xFE, 0xFD, 0x3C, 0xA0, 0xFD, 0xFD, 0x3C, 0xA0, 0xFD, 0xFD,
    0x15, 0x6E, 0xD8, 0xFD, 0x1B, 0x7C, 0xE6, 0xFD, 0x3C, 0xB1, 0xFE, 0xFD, 0x34, 0xA8, 0xFD, 0xFD,
    0x35, 0xA4, 0xFC, 0xFD, 0x34, 0xA4, 0xFC, 0xFC, 0x27, 0x96, 0xFD, 0xFC, 0x13, 0x83, 0xF4, 0xFC,
    0x17, 0x86, 0xF6, 0xFA, 0x1D, 0x74, 0xD2, 0xF5, 0x02, 0x1D, 0x5D, 0xE3, 0x25, 0x73, 0xCA, 0x5A,
    0x2D, 0x8D, 0xE5, 0x0D, 0x29, 0x83, 0xD9, 0x08, 0x2C, 0x83, 0xDA, 0x02, 0x2E, 0x85, 0xDA, 0x02,
    0x2E, 0x85, 0xD9, 0x01, 0x2E, 0x85, 0xD9, 0x01, 0x2E, 0x85, 0xD9, 0x01, 0x2F, 0x85, 0xD8, 0x01,
    0x2F, 0x85, 0xD8, 0x01, 0x2E, 0x84, 0xD7, 0x01, 0x2E, 0x84, 0xD6, 0x01, 0x2D, 0x83, 0xD5, 0x01,
    0x2D, 0x83, 0xD5, 0x01, 0x2D, 0x83, 0xD5, 0x01, 0x2E, 0x82, 0xD5, 0x01, 0x2E, 0x81, 0xD5, 0x01,
    0x2E, 0x82, 0xD4, 0x01, 0x2E, 0x82, 0xD4, 0x01, 0x2E, 0x82, 0xD4, 0x01, 0x2E, 0x81, 0xD3, 0x01,
    0x2F, 0x81, 0xD1, 0x01, 0x2E, 0x80, 0xD1, 0x01, 0x2E, 0x80, 0xD1, 0x01, 0x2E, 0x80, 0xD0, 0x01,
    0x2E, 0x80, 0xD0, 0x01, 0x2E, 0x80, 0xD0, 0x01, 0x2E, 0x80, 0xD1, 0x01, 0x2D, 0x80, 0xD0, 0x01,
    0x2E, 0x80, 0xCF, 0x01, 0x2B, 0x7F, 0xCE, 0x04, 0x2B, 0x7D, 0xCC, 0x02, 0x34, 0x76, 0xBF, 0x34,
    0x02, 0x1B, 0x40, 0xDA, 0x10, 0x4E, 0x93, 0xEF, 0x23, 0x8B, 0xF5, 0xF6, 0x21, 0x91, 0xF9, 0xF6,
    0x2E, 0x9B, 0xF9, 0xFA, 0x34, 0x9E, 0xF9, 0xF9, 0x39, 0xA5, 0xFA, 0xFA, 0x36, 0xA2, 0xFB, 0xFA,
    0x35, 0xA2, 0xFC, 0xFA, 0x32, 0x9F, 0xFE, 0xFA, 0x32, 0x9F, 0xFE, 0xFA, 0x2A, 0x98, 0xFE, 0xFA,
    0x2C, 0x9C, 0xFF, 0xFA, 0x30, 0x8A, 0xE8, 0xF5, 0x03, 0x10, 0x37, 0xF3, 0x1D, 0x51, 0x8F, 0x5D,
    0x40, 0x91, 0xDB, 0x05, 0x3E, 0x88, 0xCD, 0x07, 0x41, 0x89, 0xCC, 0x03, 0x00, 0x00, 0x00, 0x00,
    0x00, 0x00, 0x00, 0x00, 0x00, 0x00, 0x00, 0x00, 0x00, 0x00, 0x00, 0x00, 0x00, 0x00, 0x00, 0x00,
    0x00, 0x00, 0x00, 0x00, 0x00, 0x00, 0x00, 0x00, 0x00, 0x00, 0x00, 0x00, 0x00, 0x00, 0x00, 0x00,
    0x00, 0x00, 0x00, 0x00, 0x00, 0x00, 0x00, 0x00, 0x00, 0x00, 0x00, 0x00, 0x00, 0x00, 0x00, 0x00,
    0x00, 0x00, 0x00, 0x00, 0x00, 0x00, 0x00, 0x00, 0x00, 0x00, 0x00, 0x00, 0x00, 0x00, 0x00, 0x00,
    0x00, 0x00, 0x00, 0x00, 0x40, 0x8A, 0xCE, 0x02, 0x40, 0x8A, 0xCD, 0x02, 0x41, 0x8B, 0xCE, 0x02,
    0x42, 0x8B, 0xCE, 0x02, 0x44, 0x8B, 0xCE, 0x02, 0x3F, 0x8B, 0xCF, 0x06, 0x41, 0x94, 0xD7, 0x09,
    0x52, 0x93, 0xCD, 0x6E, 0x01, 0x0A, 0x35, 0xDF, 0x01, 0x0A, 0x35, 0xDF, 0x21, 0x6A, 0xCD, 0xF7,
    0x49, 0xB4, 0xFE, 0xFC, 0x3F, 0xA0, 0xF9, 0xFB, 0x5F, 0xAF, 0xF6, 0xFC, 0x95, 0xD5, 0xFD, 0xFC,
    0x95, 0xD4, 0xFD, 0xFC, 0x68, 0xBF, 0xFD, 0xFC, 0x4A, 0xB0, 0xFE, 0xFC, 0x46, 0xAC, 0xFE, 0xFC,
    0x50, 0xAE, 0xFC, 0xFC, 0x6C, 0xBE, 0xFD, 0xFC, 0x76, 0xC4, 0xFE, 0xFC, 0x60, 0xBD, 0xFF, 0xFC,
    0x3F, 0xAB, 0xFE, 0xFC, 0x39, 0xAB, 0xFE, 0xFC, 0x38, 0xA9, 0xFE, 0xFC, 0x38, 0xA8, 0xFD, 0xFC,
    0x37, 0xA7, 0xFD, 0xFC, 0x37, 0xA7, 0xFD, 0xFC, 0x36, 0xA7, 0xFD, 0xFC, 0x35, 0xA6, 0xFD, 0xFC,
    0x34, 0xA6, 0xFD, 0xFC, 0x34, 0xA6, 0xFD, 0xFC, 0x33, 0xA7, 0xFC, 0xFC, 0x34, 0xA7, 0xFD, 0xFC,
    0x35, 0xA7, 0xFD, 0xFC, 0x36, 0xA6, 0xFE, 0xFC, 0x36, 0xA6, 0xFE, 0xFD, 0x37, 0xA5, 0xFD, 0xFD,
    0x38, 0xA5, 0xFD, 0xFD, 0x3A, 0xA5, 0xFE, 0xFD, 0x3A, 0xA6, 0xFE, 0xFD, 0x3A, 0xA6, 0xFE, 0xFD,
    0x3A, 0xA7, 0xFE, 0xFD, 0x3A, 0xA6, 0xFE, 0xFD, 0x39, 0xA6, 0xFE, 0xFD, 0x39, 0xA6, 0xFE, 0xFD,
    0x2B, 0x94, 0xF6, 0xFD, 0x35, 0xA2, 0xFD, 0xFD, 0x36, 0xAB, 0xFE, 0xFD, 0x33, 0xA7, 0xFE, 0xFD,
    0x35, 0xA4, 0xFD, 0xFD, 0x33, 0xA5, 0xFD, 0xFD, 0x26, 0x98, 0xFD, 0xFC, 0x12, 0x83, 0xF3, 0xFC,
    0x17, 0x8A, 0xF8, 0xFA, 0x19, 0x6B, 0xD0, 0xFC, 0x00, 0x04, 0x2A, 0xF8, 0x29, 0x71, 0xC1, 0x8A,
    0x26, 0x8C, 0xE5, 0x22, 0x24, 0x81, 0xD8, 0x07, 0x2A, 0x84, 0xDB, 0x02, 0x2B, 0x84, 0xDA, 0x03,
    0x2C, 0x84, 0xD9, 0x02, 0x2C, 0x84, 0xD9, 0x02, 0x2D, 0x84, 0xD9, 0x01, 0x2E, 0x85, 0xD8, 0x01,
    0x2E, 0x85, 0xD8, 0x01, 0x2E, 0x84, 0xD7, 0x01, 0x2E, 0x84, 0xD7, 0x01, 0x2E, 0x84, 0xD6, 0x01,
    0x2E, 0x84, 0xD6, 0x01, 0x2E, 0x83, 0xD5, 0x01, 0x2F, 0x83, 0xD6, 0x01, 0x2F, 0x83, 0xD6, 0x01,
    0x2F, 0x83, 0xD6, 0x01, 0x2F, 0x83, 0xD5, 0x01, 0x2F, 0x83, 0xD5, 0x01, 0x2E, 0x83, 0xD3, 0x01,
    0x2F, 0x82, 0xD2, 0x01, 0x2F, 0x82, 0xD2, 0x01, 0x2F, 0x82, 0xD1, 0x01, 0x2F, 0x81, 0xD1, 0x01,
    0x2F, 0x81, 0xD1, 0x01, 0x2F, 0x81, 0xD1, 0x01, 0x2F, 0x81, 0xD1, 0x01, 0x2F, 0x81, 0xD1, 0x01,
    0x2F, 0x81, 0xD1, 0x01, 0x2C, 0x80, 0xCF, 0x04, 0x2A, 0x7F, 0xCF, 0x03, 0x31, 0x77, 0xC1, 0x43,
    0x00, 0x14, 0x39, 0xE5, 0x11, 0x56, 0xA8, 0xEE, 0x21, 0x90, 0xFC, 0xF6, 0x1E, 0x8C, 0xF9, 0xF9,
    0x2E, 0x9C, 0xFA, 0xF9, 0x37, 0xA3, 0xFA, 0xF9, 0x38, 0xA1, 0xFA, 0xFA, 0x37, 0xA2, 0xFB, 0xFA,
    0x32, 0x9E, 0xFC, 0xFA, 0x31, 0x9E, 0xFE, 0xFA, 0x31, 0x9E, 0xFE, 0xFA, 0x24, 0x8D, 0xFB, 0xFA,
    0x25, 0x92, 0xFD, 0xFA, 0x2D, 0x87, 0xE6, 0xF6, 0x03, 0x0D, 0x33, 0xF3, 0x1F, 0x53, 0x91, 0x59,
    0x40, 0x92, 0xDC, 0x05, 0x3D, 0x87, 0xCC, 0x06, 0x40, 0x88, 0xCC, 0x03, 0x00, 0x00, 0x00, 0x00,
    0x00, 0x00, 0x00, 0x00, 0x00, 0x00, 0x00, 0x00, 0x00, 0x00, 0x00, 0x00, 0x00, 0x00, 0x00, 0x00,
    0x00, 0x00, 0x00, 0x00, 0x00, 0x00, 0x00, 0x00, 0x00, 0x00, 0x00, 0x00, 0x00, 0x00, 0x00, 0x00,
    0x00, 0x00, 0x00, 0x00, 0x00, 0x00, 0x00, 0x00, 0x00, 0x00, 0x00, 0x00, 0x00, 0x00, 0x00, 0x00,
    0x00, 0x00, 0x00, 0x00, 0x00, 0x00, 0x00, 0x00, 0x00, 0x00, 0x00, 0x00, 0x00, 0x00, 0x00, 0x00,
    0x00, 0x00, 0x00, 0x00, 0x40, 0x89, 0xCD, 0x02, 0x3F, 0x89, 0xCD, 0x02, 0x40, 0x89, 0xCD, 0x02,
    0x40, 0x8A, 0xCD, 0x02, 0x3D, 0x87, 0xCC, 0x04, 0x47, 0x92, 0xD8, 0x03, 0x2B, 0x6A, 0xA5, 0x3D,
    0x17, 0x41, 0x73, 0xC9, 0x1A, 0x4A, 0x98, 0xE5, 0x1A, 0x4A, 0x98, 0xE5, 0x34, 0x92, 0xED, 0xF6,
    0x45, 0xAE, 0xFE, 0xFC, 0x41, 0xA9, 0xFD, 0xFB, 0x53, 0xB2, 0xFC, 0xFC, 0x7E, 0xCE, 0xFD, 0xFC,
    0x8C, 0xD2, 0xFE, 0xFC, 0x75, 0xC7, 0xFE, 0xFC, 0x54, 0xB5, 0xFE, 0xFC, 0x51, 0xB1, 0xFE, 0xFC,
    0x6F, 0xC1, 0xFE, 0xFD, 0x9C, 0xDC, 0xFF, 0xFC, 0x9D, 0xD9, 0xFF, 0xFC, 0x76, 0xCC, 0xFF, 0xFC,
    0x44, 0xB0, 0xFF, 0xFC, 0x39, 0xAA, 0xFE, 0xFC, 0x3B, 0xAA, 0xFE, 0xFC, 0x3A, 0xAA, 0xFD, 0xFC,
    0x39, 0xA8, 0xFD, 0xFC, 0x39, 0xA8, 0xFD, 0xFC, 0x38, 0xA8, 0xFD, 0xFC, 0x36, 0xA7, 0xFD, 0xFC,
    0x35, 0xA6, 0xFD, 0xFC, 0x34, 0xA6, 0xFD, 0xFC, 0x33, 0xA6, 0xFC, 0xFC, 0x33, 0xA6, 0xFD, 0xFC,
    0x34, 0xA7, 0xFD, 0xFC, 0x35, 0xA7, 0xFE, 0xFC, 0x35, 0xA6, 0xFE, 0xFD, 0x36, 0xA5, 0xFE, 0xFD,
    0x37, 0xA5, 0xFE, 0xFD, 0x37, 0xA5, 0xFE, 0xFD, 0x38, 0xA5, 0xFE, 0xFD, 0x38, 0xA5, 0xFE, 0xFD,
    0x37, 0xA5, 0xFD, 0xFD, 0x37, 0xA5, 0xFD, 0xFD, 0x35, 0xA7, 0xFE, 0xFD, 0x35, 0xA7, 0xFE, 0xFD,
    0x36, 0xA9, 0xFE, 0xFD, 0x35, 0xA7, 0xFE, 0xFD, 0x33, 0xA7, 0xFE, 0xFD, 0x33, 0xA6, 0xFE, 0xFD,
    0x32, 0xA4, 0xFE, 0xFD, 0x30, 0xA4, 0xFE, 0xFD, 0x25, 0x99, 0xFD, 0xFC, 0x13, 0x88, 0xF8, 0xFC,
    0x19, 0x91, 0xFB, 0xFB, 0x21, 0x85, 0xE9, 0xFC, 0x00, 0x0D, 0x47, 0xF3, 0x29, 0x71, 0xBF, 0xAE,
    0x2C, 0x92, 0xE9, 0x4B, 0x24, 0x82, 0xDB, 0x08, 0x27, 0x84, 0xDC, 0x04, 0x2A, 0x84, 0xDA, 0x03,
    0x2B, 0x84, 0xD9, 0x02, 0x2B, 0x84, 0xD9, 0x02, 0x2C, 0x84, 0xD9, 0x02, 0x2D, 0x84, 0xD9, 0x02,
    0x2D, 0x84, 0xD9, 0x01, 0x2D, 0x84, 0xD8, 0x01, 0x2E, 0x84, 0xD7, 0x01, 0x2E, 0x85, 0xD7, 0x01,
    0x2E, 0x85, 0xD7, 0x01, 0x2F, 0x84, 0xD7, 0x01, 0x30, 0x84, 0xD7, 0x01, 0x30, 0x84, 0xD7, 0x01,
    0x2F, 0x84, 0xD7, 0x01, 0x2F, 0x84, 0xD6, 0x01, 0x30, 0x84, 0xD6, 0x01, 0x30, 0x84, 0xD5, 0x01,
    0x30, 0x84, 0xD4, 0x01, 0x31, 0x83, 0xD4, 0x01, 0x31, 0x83, 0xD4, 0x01, 0x30, 0x83, 0xD3, 0x01,
    0x30, 0x83, 0xD3, 0x01, 0x31, 0x83, 0xD3, 0x01, 0x31, 0x83, 0xD3, 0x01, 0x31, 0x83, 0xD2, 0x01,
    0x32, 0x83, 0xD2, 0x01, 0x2E, 0x81, 0xD1, 0x05, 0x2B, 0x81, 0xD5, 0x04, 0x37, 0x81, 0xC8, 0x50,
    0x00, 0x15, 0x3F, 0xEC, 0x19, 0x69, 0xC7, 0xED, 0x24, 0x9C, 0xFF, 0xF6, 0x20, 0x92, 0xFD, 0xF9,
    0x33, 0xA1, 0xFC, 0xF9, 0x3A, 0xA4, 0xFA, 0xFA, 0x3A, 0xA2, 0xFA, 0xFA, 0x3B, 0xAA, 0xFB, 0xFA,
    0x33, 0xA0, 0xFC, 0xFA, 0x29, 0x97, 0xFE, 0xFA, 0x29, 0x97, 0xFE, 0xFA, 0x21, 0x92, 0xFE, 0xFA,
    0x21, 0x93, 0xFE, 0xF8, 0x2C, 0x89, 0xE6, 0xF5, 0x01, 0x0B, 0x2E, 0xEE, 0x1E, 0x53, 0x90, 0x4B,
    0x41, 0x91, 0xDC, 0x02, 0x3C, 0x86, 0xCA, 0x07, 0x3F, 0x88, 0xCC, 0x03, 0x00, 0x00, 0x00, 0x00,
    0x00, 0x00, 0x00, 0x00, 0x00, 0x00, 0x00, 0x00, 0x00, 0x00, 0x00, 0x00, 0x00, 0x00, 0x00, 0x00,
    0x00, 0x00, 0x00, 0x00, 0x00, 0x00, 0x00, 0x00, 0x00, 0x00, 0x00, 0x00, 0x00, 0x00, 0x00, 0x00,
    0x00, 0x00, 0x00, 0x00, 0x00, 0x00, 0x00, 0x00, 0x00, 0x00, 0x00, 0x00, 0x00, 0x00, 0x00, 0x00,
    0x00, 0x00, 0x00, 0x00, 0x00, 0x00, 0x00, 0x00, 0x00, 0x00, 0x00, 0x00, 0x00, 0x00, 0x00, 0x00,
    0x00, 0x00, 0x00, 0x00, 0x40, 0x88, 0xCD, 0x02, 0x3F, 0x88, 0xCC, 0x02, 0x3F, 0x88, 0xCC, 0x02,
    0x3E, 0x88, 0xCD, 0x02, 0x3B, 0x87, 0xCB, 0x07, 0x46, 0x8F, 0xD8, 0x03, 0x1F, 0x4C, 0x83, 0x54,
    0x02, 0x19, 0x47, 0xDE, 0x4E, 0xAB, 0xF7, 0xEC, 0x4E, 0xAB, 0xF7, 0xEC, 0x48, 0xB3, 0xFD, 0xF9,
    0x3E, 0xA3, 0xFD, 0xFC, 0x46, 0xAE, 0xFE, 0xFB, 0x49, 0xAD, 0xFD, 0xFC, 0x52, 0xAE, 0xFA, 0xFC,
    0x57, 0xAF, 0xF8, 0xFC, 0x59, 0xB7, 0xFE, 0xFC, 0x51, 0xB1, 0xFE, 0xFD, 0x54, 0xAE, 0xFD, 0xFD,
    0x79, 0xC2, 0xFD, 0xFD, 0xA1, 0xDD, 0xFE, 0xFD, 0x99, 0xD9, 0xFE, 0xFD, 0x61, 0xBE, 0xFE, 0xFC,
    0x41, 0xAE, 0xFE, 0xFC, 0x3C, 0xAB, 0xFE, 0xFC, 0x3D, 0xAA, 0xFE, 0xFC, 0x3C, 0xAA, 0xFE, 0xFC,
    0x3A, 0xA8, 0xFE, 0xFC, 0x3A, 0xA8, 0xFE, 0xFC, 0x3A, 0xA8, 0xFE, 0xFC, 0x37, 0xA7, 0xFE, 0xFC,
    0x36, 0xA7, 0xFD, 0xFC, 0x34, 0xA6, 0xFD, 0xFC, 0x33, 0xA6, 0xFD, 0xFC, 0x33, 0xA6, 0xFD, 0xFC,
    0x34, 0xA6, 0xFD, 0xFC, 0x35, 0xA6, 0xFE, 0xFD, 0x35, 0xA5, 0xFE, 0xFD, 0x35, 0xA5, 0xFE, 0xFD,
    0x35, 0xA5, 0xFE, 0xFD, 0x35, 0xA4, 0xFE, 0xFD, 0x36, 0xA4, 0xFE, 0xFD, 0x36, 0xA4, 0xFD, 0xFD,
    0x36, 0xA4, 0xFD, 0xFD, 0x34, 0xA4, 0xFD, 0xFD, 0x33, 0xA5, 0xFD, 0xFD, 0x33, 0xA5, 0xFD, 0xFD,
    0x33, 0xA4, 0xFD, 0xFD, 0x33, 0xA4, 0xFE, 0xFD, 0x33, 0xA4, 0xFE, 0xFD, 0x32, 0xA4, 0xFE, 0xFD,
    0x31, 0xA4, 0xFE, 0xFD, 0x2D, 0xA0, 0xFE, 0xFD, 0x23, 0x96, 0xFD, 0xFC, 0x15, 0x89, 0xFA, 0xFC,
    0x12, 0x84, 0xF6, 0xFB, 0x19, 0x87, 0xF0, 0xFC, 0x12, 0x5B, 0xB5, 0xF8, 0x09, 0x38, 0x7D, 0xF9,
    0x1B, 0x66, 0xB6, 0x8C, 0x2E, 0x8D, 0xE6, 0x08, 0x25, 0x81, 0xD8, 0x07, 0x2A, 0x83, 0xD9, 0x03,
    0x2B, 0x83, 0xD9, 0x03, 0x2B, 0x83, 0xD9, 0x03, 0x2B, 0x83, 0xDA, 0x02, 0x2C, 0x83, 0xD9, 0x02,
    0x2C, 0x83, 0xD9, 0x02, 0x2C, 0x84, 0xD9, 0x01, 0x2D, 0x84, 0xD8, 0x01, 0x2E, 0x84, 0xD8, 0x01,
    0x2F, 0x85, 0xD8, 0x01, 0x2F, 0x84, 0xD8, 0x01, 0x31, 0x85, 0xD8, 0x01, 0x31, 0x84, 0xD8, 0x01,
    0x31, 0x85, 0xD8, 0x01, 0x31, 0x85, 0xD7, 0x01, 0x31, 0x85, 0xD7, 0x01, 0x32, 0x85, 0xD7, 0x01,
    0x32, 0x85, 0xD6, 0x01, 0x32, 0x85, 0xD6, 0x01, 0x33, 0x85, 0xD6, 0x01, 0x33, 0x85, 0xD6, 0x01,
    0x33, 0x85, 0xD6, 0x01, 0x34, 0x85, 0xD5, 0x01, 0x00, 0x00, 0x00, 0x00, 0x34, 0x85, 0xD3, 0x01,
    0x35, 0x84, 0xD3, 0x02, 0x32, 0x83, 0xD4, 0x02, 0x2B, 0x7A, 0xCA, 0x16, 0x22, 0x64, 0xA7, 0x83,
    0x02, 0x24, 0x66, 0xF4, 0x15, 0x6B, 0xD4, 0xF5, 0x21, 0x95, 0xFF, 0xF7, 0x26, 0x99, 0xFF, 0xF8,
    0x33, 0x9D, 0xFC, 0xF9, 0x3A, 0xA3, 0xFB, 0xF9, 0x3B, 0xA2, 0xFA, 0xFA, 0x37, 0xA1, 0xFB, 0xFA,
    0x30, 0x9D, 0xFC, 0xFA, 0x24, 0x94, 0xFD, 0xF9, 0x24, 0x94, 0xFD, 0xF9, 0x1D, 0x8E, 0xFD, 0xF9,
    0x1C, 0x84, 0xEE, 0xF9, 0x23, 0x71, 0xC7, 0xFA, 0x01, 0x10, 0x3C, 0xDF, 0x21, 0x59, 0x99, 0x42,
    0x41, 0x8E, 0xD6, 0x03, 0x3B, 0x85, 0xC9, 0x06, 0x3E, 0x87, 0xCB, 0x03, 0x00, 0x00, 0x00, 0x00,
    0x00, 0x00, 0x00, 0x00, 0x00, 0x00, 0x00, 0x00, 0x00, 0x00, 0x00, 0x00, 0x00, 0x00, 0x00, 0x00,
    0x00, 0x00, 0x00, 0x00, 0x00, 0x00, 0x00, 0x00, 0x00, 0x00, 0x00, 0x00, 0x00, 0x00, 0x00, 0x00,
    0x00, 0x00, 0x00, 0x00, 0x00, 0x00, 0x00, 0x00, 0x00, 0x00, 0x00, 0x00, 0x00, 0x00, 0x00, 0x00,
    0x00, 0x00, 0x00, 0x00, 0x00, 0x00, 0x00, 0x00, 0x00, 0x00, 0x00, 0x00, 0x00, 0x00, 0x00, 0x00,
    0x00, 0x00, 0x00, 0x00, 0x40, 0x88, 0xCD, 0x02, 0x3F, 0x88, 0xCC, 0x02, 0x3F, 0x88, 0xCC, 0x02,
    0x3E, 0x88, 0xCD, 0x02, 0x3B, 0x87, 0xCB, 0x07, 0x46, 0x8F, 0xD8, 0x03, 0x1F, 0x4C, 0x83, 0x54,
    0x02, 0x19, 0x47, 0xDE, 0x4E, 0xAB, 0xF7, 0xEC, 0x4E, 0xAB, 0xF7, 0xEC, 0x48, 0xB3, 0xFD, 0xF9,
    0x3E, 0xA3, 0xFD, 0xFC, 0x46, 0xAE, 0xFE, 0xFB, 0x49, 0xAD, 0xFD, 0xFC, 0x52, 0xAE, 0xFA, 0xFC,
    0x57, 0xAF, 0xF8, 0xFC, 0x59, 0xB7, 0xFE, 0xFC, 0x51, 0xB1, 0xFE, 0xFD, 0x54, 0xAE, 0xFD, 0xFD,
    0x79, 0xC2, 0xFD, 0xFD, 0xA1, 0xDD, 0xFE, 0xFD, 0x99, 0xD9, 0xFE, 0xFD, 0x61, 0xBE, 0xFE, 0xFC,
    0x41, 0xAE, 0xFE, 0xFC, 0x3C, 0xAB, 0xFE, 0xFC, 0x3D, 0xAA, 0xFE, 0xFC, 0x3C, 0xAA, 0xFE, 0xFC,
    0x3A, 0xA8, 0xFE, 0xFC, 0x3A, 0xA8, 0xFE, 0xFC, 0x3A, 0xA8, 0xFE, 0xFC, 0x37, 0xA7, 0xFE, 0xFC,
    0x36, 0xA7, 0xFD, 0xFC, 0x34, 0xA6, 0xFD, 0xFC, 0x33, 0xA6, 0xFD, 0xFC, 0x33, 0xA6, 0xFD, 0xFC,
    0x34, 0xA6, 0xFD, 0xFC, 0x35, 0xA6, 0xFE, 0xFD, 0x35, 0xA5, 0xFE, 0xFD, 0x35, 0xA5, 0xFE, 0xFD,
    0x35, 0xA5, 0xFE, 0xFD, 0x35, 0xA4, 0xFE, 0xFD, 0x36, 0xA4, 0xFE, 0xFD, 0x36, 0xA4, 0xFD, 0xFD,
    0x36, 0xA4, 0xFD, 0xFD, 0x34, 0xA4, 0xFD, 0xFD, 0x33, 0xA5, 0xFD, 0xFD, 0x33, 0xA5, 0xFD, 0xFD,
    0x33, 0xA4, 0xFD, 0xFD, 0x33, 0xA4, 0xFE, 0xFD, 0x33, 0xA4, 0xFE, 0xFD, 0x32, 0xA4, 0xFE, 0xFD,
    0x31, 0xA4, 0xFE, 0xFD, 0x2D, 0xA0, 0xFE, 0xFD, 0x23, 0x96, 0xFD, 0xFC, 0x15, 0x89, 0xFA, 0xFC,
    0x12, 0x84, 0xF6, 0xFB, 0x19, 0x87, 0xF0, 0xFC, 0x12, 0x5B, 0xB5, 0xF8, 0x09, 0x38, 0x7D, 0xF9,
    0x1B, 0x66, 0xB6, 0x8C, 0x2E, 0x8D, 0xE6, 0x08, 0x25, 0x81, 0xD8, 0x07, 0x2A, 0x83, 0xD9, 0x03,
    0x2B, 0x83, 0xD9, 0x03, 0x2B, 0x83, 0xD9, 0x03, 0x2B, 0x83, 0xDA, 0x02, 0x2C, 0x83, 0xD9, 0x02,
    0x2C, 0x83, 0xD9, 0x02, 0x2C, 0x84, 0xD9, 0x01, 0x2D, 0x84, 0xD8, 0x01, 0x2E, 0x84, 0xD8, 0x01,
    0x2F, 0x85, 0xD8, 0x01, 0x2F, 0x84, 0xD8, 0x01, 0x31, 0x85, 0xD8, 0x01, 0x31, 0x84, 0xD8, 0x01,
    0x31, 0x85, 0xD8, 0x01, 0x31, 0x85, 0xD7, 0x01, 0x31, 0x85, 0xD7, 0x01, 0x32, 0x85, 0xD7, 0x01,
    0x32, 0x85, 0xD6, 0x01, 0x32, 0x85, 0xD6, 0x01, 0x33, 0x85, 0xD6, 0x01, 0x33, 0x85, 0xD6, 0x01,
    0x33, 0x85, 0xD6, 0x01, 0x34, 0x85, 0xD5, 0x01, 0x00, 0x00, 0x00, 0x00, 0x34, 0x85, 0xD3, 0x01,
    0x35, 0x84, 0xD3, 0x02, 0x32, 0x83, 0xD4, 0x02, 0x2B, 0x7A, 0xCA, 0x16, 0x22, 0x64, 0xA7, 0x83,
    0x02, 0x24, 0x66, 0xF4, 0x15, 0x6B, 0xD4, 0xF5, 0x21, 0x95, 0xFF, 0xF7, 0x26, 0x99, 0xFF, 0xF8,
    0x33, 0x9D, 0xFC, 0xF9, 0x3A, 0xA3, 0xFB, 0xF9, 0x3B, 0xA2, 0xFA, 0xFA, 0x37, 0xA1, 0xFB, 0xFA,
    0x30, 0x9D, 0xFC, 0xFA, 0x24, 0x94, 0xFD, 0xF9, 0x24, 0x94, 0xFD, 0xF9, 0x1D, 0x8E, 0xFD, 0xF9,
    0x1C, 0x84, 0xEE, 0xF9, 0x23, 0x71, 0xC7, 0xFA, 0x01, 0x10, 0x3C, 0xDF, 0x21, 0x59, 0x99, 0x42,
    0x41, 0x8E, 0xD6, 0x03, 0x3B, 0x85, 0xC9, 0x06, 0x3E, 0x87, 0xCB, 0x03, 0x00, 0x00, 0x00, 0x00,
    0x00, 0x00, 0x00, 0x00, 0x00, 0x00, 0x00, 0x00, 0x00, 0x00, 0x00, 0x00, 0x00, 0x00, 0x00, 0x00,
    0x00, 0x00, 0x00, 0x00, 0x00, 0x00, 0x00, 0x00, 0x00, 0x00, 0x00, 0x00, 0x00, 0x00, 0x00, 0x00,
    0x00, 0x00, 0x00, 0x00, 0x00, 0x00, 0x00, 0x00, 0x00, 0x00, 0x00, 0x00, 0x00, 0x00, 0x00, 0x00,
    0x00, 0x00, 0x00, 0x00, 0x00, 0x00, 0x00, 0x00, 0x00, 0x00, 0x00, 0x00, 0x00, 0x00, 0x00, 0x00,
    0x00, 0x00, 0x00, 0x00, 0x40, 0x87, 0xCC, 0x02, 0x3F, 0x88, 0xCC, 0x02, 0x3E, 0x87, 0xCC, 0x02,
    0x3C, 0x87, 0xCD, 0x01, 0x3A, 0x87, 0xCB, 0x06, 0x42, 0x8D, 0xD2, 0x04, 0x21, 0x4E, 0x80, 0x67,
    0x03, 0x1A, 0x4A, 0xEA, 0x50, 0xAC, 0xF7, 0xEF, 0x50, 0xAC, 0xF7, 0xEF, 0x44, 0xB1, 0xFD, 0xF7,
    0x40, 0xA7, 0xFD, 0xFB, 0x46, 0xAD, 0xFE, 0xFC, 0x49, 0xAD, 0xFE, 0xFC, 0x48, 0xAA, 0xFC, 0xFC,
    0x49, 0xAC, 0xFC, 0xFC, 0x4B, 0xB0, 0xFE, 0xFC, 0x49, 0xAD, 0xFD, 0xFD, 0x59, 0xBB, 0xFC, 0xFD,
    0x7C, 0xC7, 0xF9, 0xFD, 0x92, 0xCC, 0xF8, 0xFD, 0x7F, 0xC4, 0xF8, 0xFD, 0x4E, 0xB0, 0xF9, 0xFD,
    0x41, 0xAB, 0xFB, 0xFD, 0x41, 0xAF, 0xFD, 0xFD, 0x3D, 0xAA, 0xFD, 0xFD, 0x3A, 0xAA, 0xFE, 0xFC,
    0x39, 0xAA, 0xFE, 0xFD, 0x39, 0xAA, 0xFE, 0xFD, 0x3A, 0xA9, 0xFE, 0xFC, 0x38, 0xA8, 0xFE, 0xFC,
    0x37, 0xA7, 0xFE, 0xFC, 0x36, 0xA7, 0xFD, 0xFC, 0x34, 0xA6, 0xFD, 0xFC, 0x34, 0xA6, 0xFD, 0xFC,
    0x35, 0xA6, 0xFD, 0xFD, 0x35, 0xA6, 0xFD, 0xFD, 0x34, 0xA5, 0xFD, 0xFD, 0x35, 0xA5, 0xFD, 0xFD,
    0x35, 0xA5, 0xFE, 0xFD, 0x35, 0xA4, 0xFE, 0xFD, 0x36, 0xA4, 0xFE, 0xFD, 0x35, 0xA4, 0xFD, 0xFD,
    0x35, 0xA4, 0xFD, 0xFD, 0x35, 0xA4, 0xFD, 0xFD, 0x34, 0xA4, 0xFD, 0xFD, 0x34, 0xA4, 0xFD, 0xFD,
    0x33, 0xA4, 0xFD, 0xFD, 0x34, 0xA4, 0xFD, 0xFD, 0x33, 0xA3, 0xFE, 0xFD, 0x31, 0xA4, 0xFE, 0xFD,
    0x2F, 0xA3, 0xFE, 0xFD, 0x2F, 0xA4, 0xFE, 0xFD, 0x23, 0x97, 0xFD, 0xFC, 0x19, 0x90, 0xFC, 0xFC,
    0x10, 0x82, 0xF4, 0xFC, 0x16, 0x89, 0xF5, 0xFC, 0x2A, 0x8B, 0xEA, 0xF8, 0x00, 0x0C, 0x3B, 0xF8,
    0x0D, 0x3D, 0x7F, 0x9C, 0x31, 0x8F, 0xE6, 0x17, 0x24, 0x7F, 0xD4, 0x0B, 0x2B, 0x84, 0xD9, 0x04,
    0x29, 0x84, 0xDA, 0x03, 0x29, 0x84, 0xDA, 0x03, 0x29, 0x83, 0xDB, 0x02, 0x29, 0x83, 0xDA, 0x02,
    0x29, 0x82, 0xD9, 0x02, 0x2B, 0x83, 0xD9, 0x02, 0x2C, 0x84, 0xDA, 0x02, 0x2D, 0x84, 0xDA, 0x02,
    0x2E, 0x85, 0xDA, 0x02, 0x30, 0x85, 0xD9, 0x02, 0x32, 0x86, 0xDA, 0x01, 0x33, 0x85, 0xD9, 0x01,
    0x32, 0x85, 0xD9, 0x01, 0x33, 0x86, 0xD9, 0x01, 0x33, 0x87, 0xD9, 0x01, 0x34, 0x87, 0xD9, 0x01,
    0x34, 0x87, 0xD8, 0x01, 0x35, 0x87, 0xD8, 0x01, 0x00, 0x00, 0x00, 0x00, 0x00, 0x00, 0x00, 0x00,
    0x00, 0x00, 0x00, 0x00, 0x00, 0x00, 0x00, 0x00, 0x00, 0x00, 0x00, 0x00, 0x37, 0x87, 0xD5, 0x01,
    0x34, 0x86, 0xD4, 0x03, 0x38, 0x8B, 0xDC, 0x03, 0x13, 0x4B, 0x91, 0x6E, 0x0A, 0x3B, 0x7C, 0xDB,
    0x2B, 0x83, 0xD4, 0xF2, 0x21, 0x8C, 0xF2, 0xF7, 0x26, 0x9A, 0xFF, 0xF7, 0x2C, 0xA0, 0xFE, 0xF8,
    0x30, 0x9B, 0xFD, 0xF9, 0x39, 0xA4, 0xFD, 0xF9, 0x37, 0xA3, 0xFC, 0xFA, 0x30, 0x9D, 0xFB, 0xF9,
    0x28, 0x97, 0xFA, 0xFA, 0x21, 0x95, 0xFA, 0xF9, 0x21, 0x95, 0xFA, 0xF9, 0x1D, 0x88, 0xF4, 0xF8,
    0x07, 0x42, 0xA0, 0xF9, 0x04, 0x26, 0x6D, 0xED, 0x28, 0x60, 0x9D, 0x72, 0x3A, 0x83, 0xC2, 0x12,
    0x3B, 0x88, 0xCC, 0x04, 0x3A, 0x84, 0xC8, 0x04, 0x3C, 0x86, 0xCA, 0x03, 0x00, 0x00, 0x00, 0x00,
    0x00, 0x00, 0x00, 0x00, 0x00, 0x00, 0x00, 0x00, 0x00, 0x00, 0x00, 0x00, 0x00, 0x00, 0x00, 0x00,
    0x00, 0x00, 0x00, 0x00, 0x00, 0x00, 0x00, 0x00, 0x00, 0x00, 0x00, 0x00, 0x00, 0x00, 0x00, 0x00,
    0x00, 0x00, 0x00, 0x00, 0x00, 0x00, 0x00, 0x00, 0x00, 0x00, 0x00, 0x00, 0x00, 0x00, 0x00, 0x00,
    0x00, 0x00, 0x00, 0x00, 0x00, 0x00, 0x00, 0x00, 0x00, 0x00, 0x00, 0x00, 0x00, 0x00, 0x00, 0x00,
    0x00, 0x00, 0x00, 0x00, 0x40, 0x87, 0xCC, 0x02, 0x3F, 0x87, 0xCC, 0x02, 0x3E, 0x87, 0xCC, 0x02,
    0x3C, 0x87, 0xCD, 0x02, 0x3A, 0x87, 0xCB, 0x06, 0x41, 0x8B, 0xD0, 0x05, 0x1D, 0x4C, 0x82, 0x71,
    0x02, 0x15, 0x4C, 0xEE, 0x52, 0xAA, 0xF5, 0xF1, 0x52, 0xAA, 0xF5, 0xF1, 0x45, 0xAF, 0xFD, 0xF7,
    0x40, 0xA6, 0xFE, 0xFC, 0x45, 0xA7, 0xFE, 0xFC, 0x48, 0xA9, 0xFE, 0xFC, 0x49, 0xAC, 0xFE, 0xFC,
    0x47, 0xAA, 0xFD, 0xFC, 0x46, 0xA9, 0xFD, 0xFC, 0x42, 0xA1, 0xFA, 0xFD, 0x50, 0xB1, 0xFB, 0xFD,
    0x72, 0xCA, 0xFA, 0xFD, 0x8B, 0xD9, 0xFA, 0xFD, 0x69, 0xBF, 0xF9, 0xFD, 0x4A, 0xB0, 0xFA, 0xFD,
    0x3F, 0xAB, 0xFA, 0xFD, 0x41, 0xAC, 0xFC, 0xFD, 0x3D, 0xA8, 0xFC, 0xFD, 0x3C, 0xAC, 0xFD, 0xFD,
    0x3A, 0xA9, 0xFE, 0xFD, 0x3A, 0xA9, 0xFE, 0xFD, 0x3B, 0xA8, 0xFE, 0xFD, 0x3A, 0xA8, 0xFF, 0xFD,
    0x38, 0xA8, 0xFE, 0xFD, 0x37, 0xA7, 0xFE, 0xFD, 0x36, 0xA6, 0xFE, 0xFD, 0x35, 0xA6, 0xFE, 0xFD,
    0x35, 0xA6, 0xFE, 0xFD, 0x35, 0xA5, 0xFD, 0xFD, 0x34, 0xA5, 0xFD, 0xFD, 0x34, 0xA5, 0xFD, 0xFD,
    0x34, 0xA4, 0xFD, 0xFD, 0x34, 0xA4, 0xFE, 0xFD, 0x34, 0xA5, 0xFE, 0xFD, 0x34, 0xA4, 0xFD, 0xFD,
    0x33, 0xA4, 0xFD, 0xFD, 0x33, 0xA4, 0xFD, 0xFD, 0x33, 0xA3, 0xFE, 0xFD, 0x33, 0xA3, 0xFE, 0xFD,
    0x33, 0xA3, 0xFE, 0xFD, 0x33, 0xA3, 0xFD, 0xFD, 0x32, 0xA3, 0xFE, 0xFD, 0x2F, 0xA1, 0xFD, 0xFD,
    0x2F, 0xA2, 0xFD, 0xFD, 0x2D, 0xA2, 0xFE, 0xFD, 0x22, 0x96, 0xFD, 0xFC, 0x18, 0x8D, 0xFC, 0xFC,
    0x0E, 0x7E, 0xF1, 0xFC, 0x12, 0x83, 0xF0, 0xFC, 0x26, 0x83, 0xE8, 0xFA, 0x00, 0x05, 0x32, 0xFB,
    0x12, 0x41, 0x7F, 0xCC, 0x31, 0x8F, 0xE3, 0x31, 0x24, 0x7E, 0xD2, 0x09, 0x29, 0x82, 0xD7, 0x09,
    0x28, 0x83, 0xD9, 0x07, 0x28, 0x83, 0xD9, 0x07, 0x28, 0x82, 0xDA, 0x06, 0x28, 0x82, 0xD9, 0x05,
    0x29, 0x82, 0xD9, 0x05, 0x29, 0x82, 0xD8, 0x04, 0x2B, 0x84, 0xDA, 0x03, 0x2C, 0x85, 0xDA, 0x02,
    0x2C, 0x86, 0xDA, 0x01, 0x30, 0x86, 0xDA, 0x01, 0x00, 0x00, 0x00, 0x00, 0x33, 0x87, 0xDB, 0x01,
    0x00, 0x00, 0x00, 0x00, 0x34, 0x88, 0xDB, 0x01, 0x00, 0x00, 0x00, 0x00, 0x37, 0x89, 0xDB, 0x01,
    0x00, 0x00, 0x00, 0x00, 0x00, 0x00, 0x00, 0x00, 0x00, 0x00, 0x00, 0x00, 0x00, 0x00, 0x00, 0x00,
    0x00, 0x00, 0x00, 0x00, 0x00, 0x00, 0x00, 0x00, 0x00, 0x00, 0x00, 0x00, 0x39, 0x88, 0xD6, 0x01,
    0x33, 0x87, 0xD7, 0x03, 0x3A, 0x8E, 0xDD, 0x0A, 0x07, 0x29, 0x65, 0xA9, 0x06, 0x2B, 0x6F, 0xF9,
    0x36, 0x9D, 0xF7, 0xF3, 0x24, 0x96, 0xFA, 0xF8, 0x26, 0x92, 0xFC, 0xF9, 0x2B, 0x9B, 0xFD, 0xF8,
    0x32, 0xA1, 0xFE, 0xF9, 0x2E, 0x9A, 0xFD, 0xF9, 0x2A, 0x97, 0xFC, 0xF9, 0x28, 0x99, 0xFB, 0xF9,
    0x1D, 0x88, 0xF8, 0xF9, 0x15, 0x81, 0xF2, 0xF9, 0x15, 0x81, 0xF2, 0xF9, 0x1F, 0x85, 0xF2, 0xF9,
    0x06, 0x35, 0x8A, 0xFB, 0x01, 0x0E, 0x3F, 0xE5, 0x41, 0x88, 0xC4, 0x43, 0x00, 0x00, 0x00, 0x00,
    0x38, 0x81, 0xC6, 0x08, 0x3B, 0x83, 0xC8, 0x03, 0x3A, 0x84, 0xC9, 0x02, 0x00, 0x00, 0x00, 0x00,
    0x00, 0x00, 0x00, 0x00, 0x00, 0x00, 0x00, 0x00, 0x00, 0x00, 0x00, 0x00, 0x00, 0x00, 0x00, 0x00,
    0x00, 0x00, 0x00, 0x00, 0x00, 0x00, 0x00, 0x00, 0x00, 0x00, 0x00, 0x00, 0x00, 0x00, 0x00, 0x00,
    0x00, 0x00, 0x00, 0x00, 0x00, 0x00, 0x00, 0x00, 0x00, 0x00, 0x00, 0x00, 0x00, 0x00, 0x00, 0x00,
    0x00, 0x00, 0x00, 0x00, 0x00, 0x00, 0x00, 0x00, 0x00, 0x00, 0x00, 0x00, 0x00, 0x00, 0x00, 0x00,
    0x00, 0x00, 0x00, 0x00, 0x41, 0x87, 0xCC, 0x02, 0x3F, 0x88, 0xCC, 0x02, 0x3E, 0x88, 0xCD, 0x02,
    0x3C, 0x87, 0xCD, 0x02, 0x3B, 0x87, 0xCC, 0x06, 0x42, 0x8B, 0xD0, 0x04, 0x1F, 0x4C, 0x82, 0x74,
    0x01, 0x12, 0x46, 0xEE, 0x50, 0xAA, 0xF4, 0xF1, 0x50, 0xAA, 0xF4, 0xF1, 0x45, 0xAF, 0xFC, 0xF8,
    0x3F, 0xA5, 0xFE, 0xFB, 0x43, 0xA7, 0xFE, 0xFC, 0x45, 0xA7, 0xFD, 0xFC, 0x47, 0xAB, 0xFD, 0xFC,
    0x48, 0xAA, 0xFC, 0xFC, 0x48, 0xAC, 0xFC, 0xFC, 0x43, 0xA6, 0xFC, 0xFD, 0x56, 0xBA, 0xFF, 0xFD,
    0x6B, 0xC7, 0xFF, 0xFD, 0x6E, 0xCA, 0xFF, 0xFD, 0x4F, 0xAA, 0xFA, 0xFD, 0x4B, 0xB6, 0xFE, 0xFD,
    0x48, 0xB6, 0xFE, 0xFD, 0x40, 0xAA, 0xFB, 0xFD, 0x41, 0xAB, 0xFA, 0xFD, 0x3F, 0xAB, 0xFA, 0xFD,
    0x3D, 0xA8, 0xFB, 0xFD, 0x3D, 0xA8, 0xFB, 0xFD, 0x3D, 0xA9, 0xFD, 0xFD, 0x3A, 0xA8, 0xFE, 0xFD,
    0x39, 0xA8, 0xFE, 0xFD, 0x38, 0xA7, 0xFE, 0xFD, 0x36, 0xA6, 0xFE, 0xFD, 0x35, 0xA6, 0xFE, 0xFD,
    0x35, 0xA6, 0xFE, 0xFD, 0x34, 0xA5, 0xFD, 0xFD, 0x34, 0xA5, 0xFD, 0xFD, 0x34, 0xA4, 0xFD, 0xFD,
    0x34, 0xA4, 0xFD, 0xFD, 0x34, 0xA4, 0xFD, 0xFD, 0x34, 0xA5, 0xFD, 0xFD, 0x34, 0xA4, 0xFE, 0xFD,
    0x33, 0xA4, 0xFE, 0xFD, 0x33, 0xA4, 0xFE, 0xFD, 0x33, 0xA4, 0xFD, 0xFD, 0x33, 0xA4, 0xFD, 0xFD,
    0x33, 0xA3, 0xFE, 0xFD, 0x32, 0xA3, 0xFD, 0xFD, 0x31, 0xA3, 0xFE, 0xFD, 0x2F, 0xA1, 0xFD, 0xFD,
    0x2F, 0xA2, 0xFE, 0xFD, 0x2C, 0x9F, 0xFD, 0xFD, 0x20, 0x93, 0xFC, 0xFC, 0x16, 0x89, 0xFA, 0xFC,
    0x12, 0x87, 0xF6, 0xFC, 0x11, 0x85, 0xF1, 0xFC, 0x29, 0x8F, 0xEF, 0xFA, 0x01, 0x1C, 0x55, 0xFC,
    0x0D, 0x3F, 0x7F, 0xDD, 0x25, 0x86, 0xDD, 0x32, 0x1D, 0x7D, 0xD1, 0x05, 0x25, 0x83, 0xD5, 0x0A,
    0x26, 0x82, 0xD6, 0x08, 0x26, 0x82, 0xD6, 0x08, 0x28, 0x84, 0xD9, 0x0A, 0x2A, 0x85, 0xD9, 0x0B,
    0x2A, 0x86, 0xDB, 0x0B, 0x2B, 0x86, 0xDB, 0x0B, 0x2C, 0x88, 0xDD, 0x0A, 0x2B, 0x88, 0xE0, 0x0A,
    0x2D, 0x8A, 0xE1, 0x08, 0x30, 0x8A, 0xDE, 0x07, 0x31, 0x89, 0xDC, 0x02, 0x33, 0x89, 0xDC, 0x04,
    0x35, 0x89, 0xDB, 0x02, 0x37, 0x8A, 0xDC, 0x04, 0x38, 0x8B, 0xDD, 0x02, 0x39, 0x8B, 0xDD, 0x01,
    0x00, 0x00, 0x00, 0x00, 0x3A, 0x8C, 0xDC, 0x01, 0x00, 0x00, 0x00, 0x00, 0x3B, 0x8A, 0xDB, 0x01,
    0x3B, 0x8A, 0xDB, 0x01, 0x00, 0x00, 0x00, 0x00, 0x3A, 0x8B, 0xDC, 0x02, 0x32, 0x87, 0xDA, 0x02,
    0x34, 0x8A, 0xDF, 0x0A, 0x34, 0x86, 0xCC, 0x6D, 0x03, 0x29, 0x63, 0xE7, 0x10, 0x48, 0x97, 0xF6,
    0x2E, 0x97, 0xF9, 0xF5, 0x22, 0x92, 0xF9, 0xF8, 0x20, 0x8C, 0xF9, 0xF9, 0x28, 0x98, 0xFD, 0xF8,
    0x28, 0x9B, 0xFD, 0xF9, 0x26, 0x99, 0xFD, 0xF9, 0x26, 0x9B, 0xFD, 0xF9, 0x1B, 0x8D, 0xFB, 0xF9,
    0x18, 0x88, 0xF9, 0xF9, 0x12, 0x83, 0xF4, 0xF9, 0x12, 0x83, 0xF4, 0xF9, 0x1F, 0x92, 0xF5, 0xF7,
    0x15, 0x54, 0xA1, 0xF1, 0x00, 0x04, 0x22, 0xD5, 0x34, 0x70, 0xAE, 0x45, 0x37, 0x81, 0xC5, 0x01,
    0x36, 0x7F, 0xC4, 0x07, 0x38, 0x81, 0xC6, 0x02, 0x38, 0x81, 0xC8, 0x02, 0x00, 0x00, 0x00, 0x00,
    0x00, 0x00, 0x00, 0x00, 0x00, 0x00, 0x00, 0x00, 0x00, 0x00, 0x00, 0x00, 0x00, 0x00, 0x00, 0x00,
    0x00, 0x00, 0x00, 0x00, 0x00, 0x00, 0x00, 0x00, 0x00, 0x00, 0x00, 0x00, 0x00, 0x00, 0x00, 0x00,
    0x00, 0x00, 0x00, 0x00, 0x00, 0x00, 0x00, 0x00, 0x00, 0x00, 0x00, 0x00, 0x00, 0x00, 0x00, 0x00,
    0x00, 0x00, 0x00, 0x00, 0x00, 0x00, 0x00, 0x00, 0x00, 0x00, 0x00, 0x00, 0x00, 0x00, 0x00, 0x00,
    0x00, 0x00, 0x00, 0x00, 0x41, 0x88, 0xCC, 0x02, 0x40, 0x89, 0xCC, 0x02, 0x3F, 0x88, 0xCD, 0x02,
    0x3D, 0x88, 0xCD, 0x02, 0x3C, 0x88, 0xCC, 0x07, 0x41, 0x8B, 0xD0, 0x04, 0x1E, 0x4C, 0x81, 0x79,
    0x01, 0x11, 0x43, 0xEF, 0x51, 0xA9, 0xF2, 0xF2, 0x51, 0xA9, 0xF2, 0xF2, 0x46, 0xB1, 0xFC, 0xF8,
    0x3F, 0xA6, 0xFD, 0xFB, 0x42, 0xA7, 0xFE, 0xFC, 0x45, 0xA7, 0xFD, 0xFC, 0x46, 0xA7, 0xFC, 0xFC,
    0x43, 0xA4, 0xF9, 0xFC, 0x45, 0xA7, 0xFB, 0xFC, 0x52, 0xB7, 0xFE, 0xFD, 0x43, 0x91, 0xDF, 0xFD,
    0x12, 0x3F, 0x7F, 0xFD, 0x09, 0x21, 0x52, 0xFD, 0x0A, 0x1C, 0x43, 0xFD, 0x1D, 0x4E, 0x8A, 0xFD,
    0x4C, 0xAA, 0xF9, 0xFD, 0x4A, 0xB4, 0xFE, 0xFD, 0x3E, 0xA9, 0xFA, 0xFD, 0x40, 0xAA, 0xF9, 0xFD,
    0x40, 0xA9, 0xFA, 0xFD, 0x40, 0xA9, 0xFA, 0xFD, 0x3F, 0xA9, 0xFC, 0xFD, 0x3C, 0xA8, 0xFE, 0xFD,
    0x3A, 0xA8, 0xFE, 0xFD, 0x39, 0xA7, 0xFF, 0xFD, 0x38, 0xA7, 0xFF, 0xFD, 0x36, 0xA6, 0xFE, 0xFD,
    0x35, 0xA6, 0xFE, 0xFD, 0x35, 0xA5, 0xFD, 0xFD, 0x34, 0xA5, 0xFD, 0xFD, 0x34, 0xA5, 0xFD, 0xFD,
    0x34, 0xA5, 0xFD, 0xFD, 0x33, 0xA5, 0xFD, 0xFD, 0x34, 0xA5, 0xFD, 0xFD, 0x34, 0xA4, 0xFE, 0xFD,
    0x33, 0xA4, 0xFE, 0xFD, 0x34, 0xA4, 0xFE, 0xFD, 0x34, 0xA4, 0xFD, 0xFD, 0x34, 0xA4, 0xFD, 0xFD,
    0x33, 0xA3, 0xFD, 0xFD, 0x32, 0xA2, 0xFE, 0xFD, 0x31, 0xA2, 0xFD, 0xFD, 0x30, 0xA2, 0xFE, 0xFD,
    0x2D, 0x9E, 0xFD, 0xFD, 0x2E, 0xA0, 0xFD, 0xFD, 0x27, 0x99, 0xFD, 0xFD, 0x19, 0x8B, 0xFA, 0xFC,
    0x14, 0x88, 0xF6, 0xFC, 0x0D, 0x7D, 0xEA, 0xFC, 0x25, 0x8D, 0xF0, 0xFC, 0x03, 0x2C, 0x72, 0xFB,
    0x02, 0x20, 0x5A, 0xFC, 0x2E, 0x8D, 0xDC, 0x9B, 0x1F, 0x80, 0xD3, 0x4F, 0x24, 0x7D, 0xCB, 0x66,
    0x27, 0x76, 0xC2, 0x60, 0x27, 0x76, 0xC2, 0x60, 0x27, 0x73, 0xBD, 0x62, 0x25, 0x6D, 0xB2, 0x62,
    0x23, 0x6B, 0xB2, 0x60, 0x22, 0x6A, 0xB0, 0x5D, 0x26, 0x6E, 0xB4, 0x57, 0x28, 0x72, 0xBB, 0x52,
    0x23, 0x6D, 0xB7, 0x47, 0x2C, 0x7D, 0xCD, 0x3A, 0x31, 0x8C, 0xE1, 0x0C, 0x2E, 0x8C, 0xDF, 0x04,
    0x33, 0x8D, 0xE0, 0x01, 0x00, 0x00, 0x00, 0x00, 0x00, 0x00, 0x00, 0x00, 0x39, 0x8F, 0xDE, 0x04,
    0x3A, 0x8E, 0xDE, 0x02, 0x3B, 0x8E, 0xDD, 0x02, 0x3C, 0x8C, 0xDD, 0x01, 0x3E, 0x8C, 0xDD, 0x02,
    0x3E, 0x8C, 0xDD, 0x02, 0x3C, 0x8D, 0xDD, 0x02, 0x34, 0x89, 0xDC, 0x03, 0x3B, 0x96, 0xE8, 0x01,
    0x2B, 0x74, 0xC3, 0x60, 0x05, 0x34, 0x7E, 0xD3, 0x15, 0x59, 0xA5, 0xFA, 0x2A, 0x8A, 0xE7, 0xF3,
    0x31, 0xA2, 0xFF, 0xF9, 0x27, 0x97, 0xFC, 0xF8, 0x1F, 0x88, 0xF6, 0xF9, 0x20, 0x8D, 0xFA, 0xF9,
    0x20, 0x8F, 0xFA, 0xF9, 0x22, 0x95, 0xFD, 0xF9, 0x1B, 0x8A, 0xFA, 0xF9, 0x1A, 0x8C, 0xFB, 0xF9,
    0x13, 0x7E, 0xF6, 0xF9, 0x11, 0x7A, 0xF0, 0xF8, 0x11, 0x7A, 0xF0, 0xF8, 0x22, 0x89, 0xEE, 0xF9,
    0x0E, 0x3D, 0x7A, 0xFB, 0x04, 0x11, 0x36, 0xA1, 0x33, 0x71, 0xB0, 0x0A, 0x35, 0x7D, 0xC1, 0x03,
    0x36, 0x7F, 0xC4, 0x06, 0x36, 0x7F, 0xC5, 0x02, 0x37, 0x81, 0xC7, 0x03, 0x00, 0x00, 0x00, 0x00,
    0x00, 0x00, 0x00, 0x00, 0x00, 0x00, 0x00, 0x00, 0x00, 0x00, 0x00, 0x00, 0x00, 0x00, 0x00, 0x00,
    0x00, 0x00, 0x00, 0x00, 0x00, 0x00, 0x00, 0x00, 0x00, 0x00, 0x00, 0x00, 0x00, 0x00, 0x00, 0x00,
    0x00, 0x00, 0x00, 0x00, 0x00, 0x00, 0x00, 0x00, 0x00, 0x00, 0x00, 0x00, 0x00, 0x00, 0x00, 0x00,
    0x00, 0x00, 0x00, 0x00, 0x00, 0x00, 0x00, 0x00, 0x00, 0x00, 0x00, 0x00, 0x00, 0x00, 0x00, 0x00,
    0x00, 0x00, 0x00, 0x00, 0x42, 0x89, 0xCC, 0x02, 0x41, 0x89, 0xCC, 0x02, 0x40, 0x88, 0xCC, 0x01,
    0x3E, 0x87, 0xCD, 0x02, 0x3D, 0x87, 0xCC, 0x05, 0x43, 0x8B, 0xD1, 0x04, 0x1D, 0x4D, 0x84, 0x7E,
    0x02, 0x11, 0x44, 0xEF, 0x53, 0xAB, 0xF2, 0xF3, 0x53, 0xAB, 0xF2, 0xF3, 0x4A, 0xB6, 0xFD, 0xF8,
    0x41, 0xA8, 0xFD, 0xFB, 0x44, 0xA8, 0xFD, 0xFC, 0x43, 0xA3, 0xFC, 0xFC, 0x48, 0xA9, 0xFC, 0xFC,
    0x45, 0xA6, 0xF8, 0xFC, 0x58, 0xB3, 0xFA, 0xFC, 0x56, 0x9C, 0xDB, 0xFC, 0x41, 0x65, 0x80, 0xFD,
    0x95, 0x9C, 0xA9, 0xFD, 0x84, 0x8C, 0x8E, 0xFD, 0x17, 0x18, 0x16, 0xFD, 0x09, 0x0F, 0x14, 0xFD,
    0x19, 0x3D, 0x6C, 0xFD, 0x4B, 0xAC, 0xFB, 0xFD, 0x44, 0xB2, 0xFD, 0xFD, 0x3C, 0xA9, 0xFB, 0xFD,
    0x40, 0xAA, 0xFC, 0xFD, 0x40, 0xAA, 0xFC, 0xFD, 0x41, 0xAA, 0xFD, 0xFD, 0x3E, 0xA9, 0xFD, 0xFD,
    0x3C, 0xA9, 0xFE, 0xFD, 0x3A, 0xA8, 0xFE, 0xFD, 0x38, 0xA7, 0xFF, 0xFD, 0x37, 0xA7, 0xFE, 0xFD,
    0x36, 0xA7, 0xFE, 0xFD, 0x35, 0xA6, 0xFD, 0xFD, 0x35, 0xA6, 0xFD, 0xFD, 0x34, 0xA6, 0xFD, 0xFD,
    0x34, 0xA6, 0xFD, 0xFD, 0x34, 0xA6, 0xFD, 0xFD, 0x34, 0xA5, 0xFD, 0xFD, 0x34, 0xA5, 0xFD, 0xFD,
    0x34, 0xA5, 0xFD, 0xFD, 0x35, 0xA5, 0xFE, 0xFD, 0x34, 0xA5, 0xFD, 0xFD, 0x34, 0xA5, 0xFD, 0xFD,
    0x34, 0xA4, 0xFE, 0xFD, 0x33, 0xA3, 0xFE, 0xFD, 0x31, 0xA2, 0xFD, 0xFD, 0x30, 0xA3, 0xFD, 0xFD,
    0x32, 0xA4, 0xFE, 0xFD, 0x34, 0xA7, 0xFE, 0xFD, 0x2C, 0xA2, 0xFE, 0xFD, 0x1E, 0x92, 0xFB, 0xFC,
    0x11, 0x84, 0xF3, 0xFD, 0x0F, 0x80, 0xEE, 0xFC, 0x25, 0x96, 0xF5, 0xFC, 0x12, 0x56, 0xA3, 0xFC,
    0x00, 0x03, 0x23, 0xFC, 0x05, 0x26, 0x5F, 0xFA, 0x09, 0x3B, 0x7E, 0xED, 0x07, 0x39, 0x77, 0xEE,
    0x01, 0x16, 0x50, 0xEE, 0x01, 0x16, 0x50, 0xEE, 0x01, 0x10, 0x40, 0xEF, 0x00, 0x0C, 0x33, 0xF1,
    0x00, 0x0F, 0x39, 0xF1, 0x00, 0x0E, 0x38, 0xF0, 0x00, 0x14, 0x3E, 0xEC, 0x01, 0x18, 0x48, 0xE7,
    0x01, 0x0B, 0x31, 0xDD, 0x04, 0x28, 0x65, 0xD3, 0x31, 0x87, 0xD3, 0x96, 0x33, 0x8A, 0xD7, 0x5A,
    0x32, 0x86, 0xD7, 0x40, 0x35, 0x8F, 0xE5, 0x2E, 0x37, 0x98, 0xED, 0x09, 0x34, 0x8F, 0xE0, 0x02,
    0x36, 0x8E, 0xDD, 0x01, 0x3A, 0x8D, 0xDD, 0x02, 0x3D, 0x8F, 0xDF, 0x02, 0x3A, 0x8D, 0xDD, 0x02,
    0x3A, 0x8D, 0xDD, 0x02, 0x00, 0x00, 0x00, 0x00, 0x3D, 0x95, 0xE7, 0x06, 0x22, 0x69, 0xB5, 0x4B,
    0x04, 0x35, 0x81, 0xC4, 0x12, 0x59, 0xB1, 0xE6, 0x28, 0x87, 0xE8, 0xF9, 0x21, 0x85, 0xEE, 0xF7,
    0x2C, 0x9B, 0xFD, 0xF8, 0x30, 0x9D, 0xFE, 0xF8, 0x2A, 0x94, 0xFB, 0xF8, 0x28, 0x96, 0xFD, 0xF9,
    0x23, 0x92, 0xFB, 0xF9, 0x24, 0x97, 0xFD, 0xF9, 0x1B, 0x88, 0xF9, 0xF9, 0x1A, 0x8E, 0xFA, 0xF9,
    0x13, 0x82, 0xF5, 0xF9, 0x13, 0x78, 0xEC, 0xF6, 0x13, 0x78, 0xEC, 0xF6, 0x0F, 0x4F, 0xB1, 0xF9,
    0x00, 0x03, 0x30, 0xEC, 0x26, 0x57, 0x8C, 0x88, 0x38, 0x84, 0xC5, 0x04, 0x34, 0x7B, 0xBE, 0x03,
    0x38, 0x7F, 0xC4, 0x04, 0x36, 0x7F, 0xC5, 0x02, 0x37, 0x81, 0xC7, 0x02, 0x00, 0x00, 0x00, 0x00,
    0x00, 0x00, 0x00, 0x00, 0x00, 0x00, 0x00, 0x00, 0x00, 0x00, 0x00, 0x00, 0x00, 0x00, 0x00, 0x00,
    0x00, 0x00, 0x00, 0x00, 0x00, 0x00, 0x00, 0x00, 0x00, 0x00, 0x00, 0x00, 0x00, 0x00, 0x00, 0x00,
    0x00, 0x00, 0x00, 0x00, 0x00, 0x00, 0x00, 0x00, 0x00, 0x00, 0x00, 0x00, 0x00, 0x00, 0x00, 0x00,
    0x00, 0x00, 0x00, 0x00, 0x00, 0x00, 0x00, 0x00, 0x00, 0x00, 0x00, 0x00, 0x00, 0x00, 0x00, 0x00,
    0x00, 0x00, 0x00, 0x00, 0x43, 0x89, 0xCD, 0x02, 0x42, 0x8A, 0xCC, 0x02, 0x41, 0x89, 0xCD, 0x01,
    0x3F, 0x88, 0xCD, 0x02, 0x3F, 0x88, 0xCD, 0x07, 0x44, 0x8D, 0xD2, 0x05, 0x1D, 0x4F, 0x8A, 0x84,
    0x02, 0x10, 0x44, 0xF0, 0x55, 0xAB, 0xF3, 0xF4, 0x55, 0xAB, 0xF3, 0xF4, 0x4D, 0xB9, 0xFD, 0xF9,
    0x42, 0xAA, 0xFD, 0xFB, 0x45, 0xA9, 0xFD, 0xFC, 0x46, 0xA6, 0xFC, 0xFC, 0x42, 0xA1, 0xF8, 0xFC,
    0x4A, 0xA8, 0xF7, 0xFC, 0x60, 0xA7, 0xE2, 0xFC, 0x16, 0x2E, 0x47, 0xFC, 0xCC, 0xCA, 0xC9, 0xFD,
    0xFF, 0xFF, 0xFF, 0xFD, 0xED, 0xEE, 0xE7, 0xFD, 0x11, 0x13, 0x0F, 0xFD, 0x0B, 0x0E, 0x0E, 0xFD,
    0x09, 0x12, 0x15, 0xFD, 0x1C, 0x46, 0x74, 0xFD, 0x48, 0xB2, 0xFC, 0xFD, 0x3C, 0xB0, 0xFF, 0xFD,
    0x3D, 0xAA, 0xFD, 0xFD, 0x3D, 0xAA, 0xFD, 0xFD, 0x43, 0xA9, 0xFB, 0xFD, 0x42, 0xA9, 0xFC, 0xFD,
    0x3F, 0xA9, 0xFD, 0xFD, 0x3C, 0xA9, 0xFE, 0xFD, 0x39, 0xA8, 0xFE, 0xFD, 0x37, 0xA8, 0xFE, 0xFD,
    0x36, 0xA7, 0xFE, 0xFD, 0x35, 0xA6, 0xFD, 0xFD, 0x35, 0xA7, 0xFE, 0xFD, 0x35, 0xA7, 0xFE, 0xFD,
    0x35, 0xA7, 0xFE, 0xFD, 0x34, 0xA6, 0xFE, 0xFD, 0x34, 0xA6, 0xFE, 0xFD, 0x35, 0xA6, 0xFE, 0xFD,
    0x35, 0xA6, 0xFD, 0xFD, 0x35, 0xA6, 0xFE, 0xFD, 0x34, 0xA5, 0xFD, 0xFD, 0x34, 0xA5, 0xFD, 0xFD,
    0x34, 0xA5, 0xFE, 0xFD, 0x33, 0xA4, 0xFD, 0xFD, 0x32, 0xA4, 0xFE, 0xFD, 0x32, 0xA3, 0xFD, 0xFD,
    0x34, 0xA6, 0xFD, 0xFD, 0x35, 0xA8, 0xFD, 0xFD, 0x2C, 0xA2, 0xFD, 0xFD, 0x1E, 0x91, 0xFB, 0xFC,
    0x13, 0x84, 0xF3, 0xFD, 0x13, 0x85, 0xF2, 0xFC, 0x1F, 0x8D, 0xF4, 0xFC, 0x14, 0x60, 0xB7, 0xFC,
    0x00, 0x05, 0x31, 0xFC, 0x01, 0x19, 0x53, 0xF9, 0x01, 0x26, 0x74, 0xF7, 0x0B, 0x4F, 0xA0, 0xF5,
    0x25, 0x77, 0xC7, 0xF4, 0x25, 0x77, 0xC7, 0xF4, 0x2B, 0x87, 0xD7, 0xF3, 0x2C, 0x87, 0xDA, 0xF4,
    0x30, 0x8E, 0xE4, 0xF4, 0x2C, 0x8A, 0xE1, 0xF4, 0x2D, 0x8D, 0xE2, 0xF4, 0x2C, 0x89, 0xDF, 0xF4,
    0x28, 0x82, 0xD2, 0xF3, 0x29, 0x80, 0xCD, 0xF3, 0x0E, 0x4A, 0x90, 0xF3, 0x01, 0x11, 0x3A, 0xEF,
    0x01, 0x16, 0x47, 0xE5, 0x03, 0x2C, 0x73, 0xC5, 0x20, 0x6E, 0xB8, 0x4A, 0x3C, 0x98, 0xE8, 0x29,
    0x38, 0x98, 0xED, 0x15, 0x36, 0x91, 0xE2, 0x05, 0x2F, 0x8B, 0xDE, 0x0D, 0x30, 0x8C, 0xE1, 0x03,
    0x30, 0x8C, 0xE1, 0x03, 0x43, 0xA1, 0xF0, 0x16, 0x23, 0x68, 0xAE, 0x78, 0x02, 0x18, 0x61, 0xC6,
    0x19, 0x67, 0xC4, 0xF7, 0x2B, 0x9B, 0xFC, 0xF7, 0x22, 0x86, 0xF3, 0xF9, 0x1F, 0x81, 0xEE, 0xF8,
    0x22, 0x89, 0xF2, 0xF9, 0x2B, 0x96, 0xFB, 0xF8, 0x2E, 0x9B, 0xFE, 0xF9, 0x2B, 0x9B, 0xFE, 0xF9,
    0x1F, 0x89, 0xF8, 0xF9, 0x1C, 0x87, 0xF8, 0xF9, 0x1C, 0x87, 0xF8, 0xF9, 0x11, 0x79, 0xF1, 0xF8,
    0x0D, 0x74, 0xE9, 0xFA, 0x17, 0x77, 0xDE, 0xFA, 0x17, 0x77, 0xDE, 0xFA, 0x0A, 0x3C, 0x7F, 0xF1,
    0x0A, 0x27, 0x5F, 0x97, 0x34, 0x78, 0xBA, 0x1C, 0x31, 0x7D, 0xC1, 0x01, 0x35, 0x7E, 0xC1, 0x05,
    0x38, 0x80, 0xC5, 0x02, 0x37, 0x80, 0xC6, 0x03, 0x38, 0x82, 0xC8, 0x02, 0x00, 0x00, 0x00, 0x00,
    0x00, 0x00, 0x00, 0x00, 0x00, 0x00, 0x00, 0x00, 0x00, 0x00, 0x00, 0x00, 0x00, 0x00, 0x00, 0x00,
    0x00, 0x00, 0x00, 0x00, 0x00, 0x00, 0x00, 0x00, 0x00, 0x00, 0x00, 0x00, 0x00, 0x00, 0x00, 0x00,
    0x00, 0x00, 0x00, 0x00, 0x00, 0x00, 0x00, 0x00, 0x00, 0x00, 0x00, 0x00, 0x00, 0x00, 0x00, 0x00,
    0x00, 0x00, 0x00, 0x00, 0x00, 0x00, 0x00, 0x00, 0x00, 0x00, 0x00, 0x00, 0x00, 0x00, 0x00, 0x00,
    0x00, 0x00, 0x00, 0x00, 0x43, 0x8A, 0xCD, 0x02, 0x43, 0x8A, 0xCD, 0x02, 0x43, 0x8A, 0xCD, 0x02,
    0x41, 0x88, 0xCD, 0x02, 0x42, 0x89, 0xCD, 0x06, 0x45, 0x8C, 0xD1, 0x07, 0x21, 0x51, 0x8F, 0x8C,
    0x02, 0x0F, 0x45, 0xF0, 0x55, 0xAE, 0xF6, 0xF5, 0x55, 0xAE, 0xF6, 0xF5, 0x51, 0xBE, 0xFF, 0xF9,
    0x48, 0xAF, 0xFE, 0xFB, 0x4A, 0xAC, 0xFE, 0xFC, 0x48, 0xA8, 0xFC, 0xFC, 0x46, 0xA6, 0xFA, 0xFC,
    0x4E, 0xA6, 0xF7, 0xFC, 0x37, 0x66, 0x8E, 0xFC, 0x05, 0x08, 0x0E, 0xFC, 0x5A, 0x5D, 0x5A, 0xFD,
    0xAD, 0xA5, 0x9B, 0xFD, 0x3B, 0x37, 0x2F, 0xFD, 0x05, 0x06, 0x07, 0xFD, 0x0A, 0x0D, 0x0D, 0xFD,
    0x11, 0x15, 0x12, 0xFD, 0x03, 0x09, 0x12, 0xFD, 0x2A, 0x6E, 0xAB, 0xFD, 0x43, 0xBA, 0xFF, 0xFD,
    0x3B, 0xAA, 0xFF, 0xFD, 0x3B, 0xAA, 0xFF, 0xFD, 0x44, 0xAA, 0xF9, 0xFD, 0x46, 0xA9, 0xF8, 0xFD,
    0x42, 0xAA, 0xFA, 0xFD, 0x3D, 0xAA, 0xFD, 0xFD, 0x39, 0xA9, 0xFF, 0xFD, 0x37, 0xA8, 0xFF, 0xFD,
    0x37, 0xA8, 0xFE, 0xFD, 0x36, 0xA7, 0xFD, 0xFD, 0x35, 0xA7, 0xFE, 0xFD, 0x35, 0xA7, 0xFE, 0xFD,
    0x35, 0xA7, 0xFE, 0xFD, 0x35, 0xA7, 0xFE, 0xFD, 0x34, 0xA7, 0xFE, 0xFD, 0x34, 0xA6, 0xFE, 0xFD,
    0x34, 0xA6, 0xFD, 0xFD, 0x34, 0xA6, 0xFD, 0xFD, 0x34, 0xA5, 0xFD, 0xFD, 0x34, 0xA5, 0xFD, 0xFD,
    0x34, 0xA5, 0xFE, 0xFD, 0x33, 0xA5, 0xFE, 0xFD, 0x31, 0xA4, 0xFD, 0xFD, 0x34, 0xA8, 0xFD, 0xFD,
    0x2F, 0xA2, 0xFD, 0xFD, 0x29, 0x9C, 0xFC, 0xFC, 0x23, 0x97, 0xFC, 0xFD, 0x1E, 0x90, 0xFB, 0xFD,
    0x17, 0x88, 0xF7, 0xFD, 0x15, 0x87, 0xF5, 0xFC, 0x1C, 0x8F, 0xF7, 0xFD, 0x18, 0x6E, 0xCD, 0xFC,
    0x01, 0x17, 0x5D, 0xFC, 0x20, 0x73, 0xC2, 0xFB, 0x1D, 0x86, 0xE8, 0xFC, 0x0E, 0x72, 0xE1, 0xFB,
    0x14, 0x7F, 0xED, 0xFB, 0x14, 0x7F, 0xED, 0xFB, 0x1B, 0x95, 0xF9, 0xFA, 0x19, 0x8E, 0xF7, 0xFA,
    0x18, 0x8C, 0xF7, 0xFA, 0x16, 0x8B, 0xF6, 0xFA, 0x18, 0x91, 0xF8, 0xF9, 0x1A, 0x90, 0xF9, 0xF9,
    0x1E, 0x98, 0xFB, 0xF9, 0x26, 0xA0, 0xFC, 0xF9, 0x29, 0x92, 0xF1, 0xF7, 0x22, 0x73, 0xCB, 0xF7,
    0x24, 0x80, 0xD9, 0xF6, 0x1D, 0x81, 0xDD, 0xF7, 0x03, 0x2D, 0x7F, 0xED, 0x05, 0x27, 0x71, 0xD0,
    0x2B, 0x77, 0xC3, 0xA6, 0x1B, 0x6D, 0xC3, 0x16, 0x30, 0x99, 0xEE, 0x0B, 0x31, 0x8A, 0xDD, 0x16,
    0x31, 0x8A, 0xDD, 0x16, 0x13, 0x46, 0x91, 0xAB, 0x0A, 0x3A, 0x84, 0xEB, 0x22, 0x72, 0xD0, 0xF1,
    0x28, 0x91, 0xF8, 0xFB, 0x22, 0x91, 0xFC, 0xF6, 0x20, 0x8D, 0xFB, 0xF8, 0x1F, 0x89, 0xF8, 0xF8,
    0x1A, 0x85, 0xF3, 0xF9, 0x21, 0x90, 0xF9, 0xF9, 0x23, 0x92, 0xFB, 0xF9, 0x21, 0x8F, 0xFC, 0xF9,
    0x1D, 0x8C, 0xFA, 0xF9, 0x1B, 0x86, 0xF8, 0xF8, 0x15, 0x7C, 0xF0, 0xF9, 0x0C, 0x6C, 0xE6, 0xF8,
    0x0D, 0x62, 0xD7, 0xF5, 0x0B, 0x3D, 0x97, 0xEE, 0x0B, 0x3D, 0x97, 0xEE, 0x00, 0x10, 0x43, 0xF1,
    0x2D, 0x71, 0xAC, 0x7C, 0x34, 0x86, 0xCB, 0x05, 0x2E, 0x7C, 0xC3, 0x02, 0x33, 0x7E, 0xC6, 0x03,
    0x36, 0x80, 0xC7, 0x01, 0x38, 0x82, 0xC8, 0x02, 0x3A, 0x83, 0xC8, 0x02, 0x00, 0x00, 0x00, 0x00,
    0x00, 0x00, 0x00, 0x00, 0x00, 0x00, 0x00, 0x00, 0x00, 0x00, 0x00, 0x00, 0x00, 0x00, 0x00, 0x00,
    0x00, 0x00, 0x00, 0x00, 0x00, 0x00, 0x00, 0x00, 0x00, 0x00, 0x00, 0x00, 0x00, 0x00, 0x00, 0x00,
    0x00, 0x00, 0x00, 0x00, 0x00, 0x00, 0x00, 0x00, 0x00, 0x00, 0x00, 0x00, 0x00, 0x00, 0x00, 0x00,
    0x00, 0x00, 0x00, 0x00, 0x00, 0x00, 0x00, 0x00, 0x00, 0x00, 0x00, 0x00, 0x00, 0x00, 0x00, 0x00,
    0x00, 0x00, 0x00, 0x00, 0x45, 0x8B, 0xCE, 0x02, 0x46, 0x8B, 0xCE, 0x02, 0x46, 0x8B, 0xCE, 0x02,
    0x44, 0x8B, 0xCE, 0x02, 0x41, 0x89, 0xCD, 0x06, 0x47, 0x8E, 0xD4, 0x0C, 0x21, 0x55, 0x96, 0x9E,
    0x01, 0x08, 0x3D, 0xF6, 0x50, 0xA7, 0xF4, 0xF6, 0x50, 0xA7, 0xF4, 0xF6, 0x5C, 0xC4, 0xFE, 0xFA,
    0x51, 0xB3, 0xFE, 0xFB, 0x51, 0xB1, 0xFE, 0xFB, 0x4A, 0xA6, 0xFD, 0xFC, 0x46, 0xA0, 0xFB, 0xFC,
    0x53, 0x9B, 0xF2, 0xFC, 0x13, 0x26, 0x40, 0xFC, 0x03, 0x06, 0x0A, 0xFC, 0x04, 0x05, 0x08, 0xFC,
    0x05, 0x05, 0x05, 0xFD, 0x06, 0x05, 0x05, 0xFD, 0x06, 0x07, 0x07, 0xFD, 0x04, 0x06, 0x08, 0xFD,
    0x09, 0x0B, 0x0B, 0xFD, 0x06, 0x0A, 0x0E, 0xFD, 0x0B, 0x24, 0x48, 0xFD, 0x3E, 0xA4, 0xFC, 0xFD,
    0x3B, 0xAC, 0xFF, 0xFD, 0x3B, 0xAC, 0xFF, 0xFD, 0x44, 0xAA, 0xF8, 0xFD, 0x48, 0xA9, 0xF5, 0xFD,
    0x44, 0xAA, 0xF8, 0xFD, 0x3E, 0xAA, 0xFD, 0xFD, 0x3A, 0xAA, 0xFF, 0xFD, 0x38, 0xA9, 0xFF, 0xFD,
    0x37, 0xA8, 0xFE, 0xFD, 0x37, 0xA7, 0xFE, 0xFD, 0x36, 0xA8, 0xFE, 0xFD, 0x36, 0xA7, 0xFF, 0xFD,
    0x36, 0xA8, 0xFE, 0xFD, 0x35, 0xA7, 0xFE, 0xFD, 0x35, 0xA7, 0xFE, 0xFD, 0x35, 0xA6, 0xFD, 0xFD,
    0x35, 0xA6, 0xFE, 0xFD, 0x35, 0xA6, 0xFD, 0xFD, 0x35, 0xA5, 0xFD, 0xFD, 0x35, 0xA5, 0xFD, 0xFD,
    0x34, 0xA6, 0xFE, 0xFD, 0x33, 0xA6, 0xFD, 0xFD, 0x32, 0xA5, 0xFD, 0xFD, 0x2F, 0xA3, 0xFD, 0xFD,
    0x26, 0x9B, 0xFC, 0xFD, 0x21, 0x96, 0xFC, 0xFD, 0x1E, 0x90, 0xFC, 0xFD, 0x1F, 0x92, 0xFC, 0xFD,
    0x18, 0x89, 0xF9, 0xFD, 0x11, 0x7E, 0xF1, 0xFD, 0x19, 0x89, 0xF6, 0xFD, 0x13, 0x65, 0xCB, 0xFD,
    0x01, 0x14, 0x66, 0xFD, 0x1C, 0x7E, 0xDE, 0xFC, 0x21, 0x9E, 0xFA, 0xFC, 0x18, 0x8C, 0xF7, 0xFB,
    0x11, 0x7F, 0xF1, 0xFB, 0x11, 0x7F, 0xF1, 0xFB, 0x15, 0x88, 0xF7, 0xFB, 0x13, 0x85, 0xF4, 0xFB,
    0x14, 0x85, 0xF4, 0xFB, 0x14, 0x86, 0xF4, 0xFA, 0x17, 0x8C, 0xF8, 0xFA, 0x17, 0x88, 0xF6, 0xFA,
    0x1C, 0x91, 0xFA, 0xFB, 0x1C, 0x91, 0xFA, 0xFB, 0x23, 0x9C, 0xFB, 0xFB, 0x25, 0x9D, 0xFC, 0xFB,
    0x20, 0x9A, 0xFD, 0xFA, 0x26, 0xA1, 0xFF, 0xF8, 0x20, 0x7D, 0xE6, 0xFA, 0x0A, 0x45, 0xA3, 0xEF,
    0x04, 0x37, 0x8D, 0xF1, 0x03, 0x2C, 0x81, 0xCD, 0x1C, 0x65, 0xB2, 0xC1, 0x03, 0x2A, 0x76, 0xC4,
    0x03, 0x2A, 0x76, 0xC4, 0x08, 0x37, 0x92, 0xF8, 0x1C, 0x79, 0xDF, 0xF7, 0x2B, 0x9A, 0xFE, 0xF7,
    0x24, 0x87, 0xF7, 0xF9, 0x22, 0x8B, 0xF8, 0xF9, 0x21, 0x8A, 0xFB, 0xF9, 0x1E, 0x89, 0xFB, 0xF9,
    0x18, 0x83, 0xF6, 0xF9, 0x17, 0x83, 0xF5, 0xF8, 0x18, 0x83, 0xF5, 0xF9, 0x18, 0x83, 0xF6, 0xF8,
    0x16, 0x82, 0xF7, 0xF8, 0x14, 0x7C, 0xF6, 0xF7, 0x0C, 0x6C, 0xE8, 0xF7, 0x0E, 0x70, 0xEB, 0xF6,
    0x1A, 0x75, 0xE1, 0xFB, 0x03, 0x1A, 0x5A, 0xED, 0x03, 0x1A, 0x5A, 0xED, 0x04, 0x1A, 0x51, 0xA9,
    0x32, 0x7E, 0xC3, 0x10, 0x2E, 0x7F, 0xC9, 0x02, 0x30, 0x7E, 0xC8, 0x04, 0x32, 0x7E, 0xC9, 0x01,
    0x35, 0x81, 0xC9, 0x02, 0x39, 0x83, 0xC9, 0x02, 0x3B, 0x84, 0xC9, 0x02, 0x00, 0x00, 0x00, 0x00,
    0x00, 0x00, 0x00, 0x00, 0x00, 0x00, 0x00, 0x00, 0x00, 0x00, 0x00, 0x00, 0x00, 0x00, 0x00, 0x00,
    0x00, 0x00, 0x00, 0x00, 0x00, 0x00, 0x00, 0x00, 0x00, 0x00, 0x00, 0x00, 0x00, 0x00, 0x00, 0x00,
    0x00, 0x00, 0x00, 0x00, 0x00, 0x00, 0x00, 0x00, 0x00, 0x00, 0x00, 0x00, 0x00, 0x00, 0x00, 0x00,
    0x00, 0x00, 0x00, 0x00, 0x00, 0x00, 0x00, 0x00, 0x00, 0x00, 0x00, 0x00, 0x00, 0x00, 0x00, 0x00,
    0x00, 0x00, 0x00, 0x00, 0x48, 0x8D, 0xCE, 0x02, 0x49, 0x8D, 0xCE, 0x02, 0x48, 0x8F, 0xD0, 0x01,
    0x42, 0x8F, 0xCF, 0x05, 0x43, 0x8C, 0xD0, 0x0E, 0x52, 0x99, 0xDB, 0x25, 0x1C, 0x4C, 0x85, 0xBE,
    0x1D, 0x3C, 0x74, 0xF8, 0x9D, 0xD3, 0xF8, 0xF7, 0x9D, 0xD3, 0xF8, 0xF7, 0x96, 0xDC, 0xFC, 0xFA,
    0x80, 0xC8, 0xFB, 0xFB, 0x6A, 0xBE, 0xFD, 0xFC, 0x60, 0xB8, 0xFD, 0xFC, 0x54, 0xAB, 0xFE, 0xFC,
    0x5A, 0x9E, 0xF1, 0xFC, 0x0D, 0x1B, 0x2D, 0xFC, 0x03, 0x07, 0x0A, 0xFC, 0x09, 0x0C, 0x0C, 0xFC,
    0x09, 0x0B, 0x0A, 0xFD, 0x0A, 0x0B, 0x09, 0xFD, 0x06, 0x06, 0x06, 0xFD, 0x05, 0x04, 0x04, 0xFD,
    0x05, 0x05, 0x04, 0xFD, 0x04, 0x05, 0x06, 0xFD, 0x03, 0x13, 0x20, 0xFD, 0x38, 0x97, 0xE7, 0xFD,
    0x3F, 0xB3, 0xFD, 0xFD, 0x3F, 0xB3, 0xFD, 0xFD, 0x40, 0xAA, 0xF8, 0xFD, 0x47, 0xA8, 0xF6, 0xFD,
    0x44, 0xAA, 0xF9, 0xFD, 0x3E, 0xAA, 0xFD, 0xFD, 0x3A, 0xAA, 0xFF, 0xFD, 0x39, 0xAA, 0xFF, 0xFD,
    0x38, 0xA9, 0xFF, 0xFD, 0x38, 0xA9, 0xFE, 0xFD, 0x37, 0xA9, 0xFE, 0xFD, 0x37, 0xA9, 0xFF, 0xFD,
    0x36, 0xA8, 0xFF, 0xFD, 0x36, 0xA8, 0xFE, 0xFD, 0x36, 0xA8, 0xFE, 0xFD, 0x36, 0xA8, 0xFE, 0xFD,
    0x36, 0xA8, 0xFD, 0xFD, 0x35, 0xA7, 0xFD, 0xFD, 0x35, 0xA7, 0xFD, 0xFD, 0x35, 0xA7, 0xFD, 0xFD,
    0x35, 0xA7, 0xFE, 0xFD, 0x34, 0xA7, 0xFE, 0xFD, 0x33, 0xA8, 0xFE, 0xFD, 0x2E, 0xA2, 0xFD, 0xFD,
    0x23, 0x97, 0xFB, 0xFD, 0x23, 0x9A, 0xFD, 0xFD, 0x1F, 0x95, 0xFD, 0xFD, 0x1B, 0x90, 0xFC, 0xFD,
    0x15, 0x8A, 0xF8, 0xFD, 0x12, 0x84, 0xF5, 0xFD, 0x1B, 0x8F, 0xF7, 0xFD, 0x10, 0x63, 0xC8, 0xFC,
    0x01, 0x15, 0x6A, 0xFC, 0x1C, 0x7D, 0xE1, 0xFC, 0x1E, 0x96, 0xF9, 0xFC, 0x1A, 0x8F, 0xF8, 0xFC,
    0x1A, 0x8C, 0xF8, 0xFC, 0x1A, 0x8C, 0xF8, 0xFC, 0x17, 0x87, 0xF7, 0xFB, 0x14, 0x84, 0xF4, 0xFB,
    0x18, 0x8A, 0xF8, 0xFB, 0x14, 0x84, 0xF3, 0xFB, 0x16, 0x87, 0xF5, 0xFB, 0x1C, 0x8D, 0xF9, 0xFB,
    0x21, 0x94, 0xFB, 0xFB, 0x22, 0x95, 0xFB, 0xFC, 0x21, 0x95, 0xFA, 0xFB, 0x1E, 0x91, 0xF8, 0xFB,
    0x1E, 0x92, 0xF9, 0xFB, 0x1E, 0x8F, 0xF9, 0xFB, 0x26, 0x9B, 0xFD, 0xFA, 0x26, 0x9D, 0xFD, 0xFB,
    0x1F, 0x83, 0xE5, 0xF9, 0x05, 0x3E, 0x9F, 0xFB, 0x00, 0x23, 0x7A, 0xFC, 0x0F, 0x57, 0xB4, 0xFB,
    0x0F, 0x57, 0xB4, 0xFB, 0x21, 0x94, 0xFC, 0xF6, 0x1B, 0x88, 0xF9, 0xF7, 0x1E, 0x8A, 0xFA, 0xF8,
    0x22, 0x8A, 0xFA, 0xF9, 0x22, 0x8A, 0xF9, 0xF9, 0x20, 0x89, 0xFA, 0xF9, 0x1F, 0x89, 0xFB, 0xF9,
    0x19, 0x84, 0xF7, 0xF9, 0x16, 0x7F, 0xF4, 0xF8, 0x17, 0x83, 0xF7, 0xF8, 0x18, 0x83, 0xF8, 0xF8,
    0x13, 0x7C, 0xF4, 0xF8, 0x12, 0x82, 0xF8, 0xF8, 0x0E, 0x74, 0xED, 0xF6, 0x18, 0x7C, 0xEB, 0xF3,
    0x17, 0x67, 0xBC, 0xEC, 0x06, 0x31, 0x73, 0xA6, 0x06, 0x31, 0x73, 0xA6, 0x35, 0x76, 0xBA, 0x44,
    0x38, 0x84, 0xCA, 0x04, 0x32, 0x7F, 0xC6, 0x02, 0x32, 0x80, 0xC8, 0x02, 0x34, 0x81, 0xC9, 0x01,
    0x36, 0x82, 0xC9, 0x01, 0x39, 0x83, 0xCA, 0x02, 0x3C, 0x85, 0xCA, 0x02, 0x00, 0x00, 0x00, 0x00,
    0x00, 0x00, 0x00, 0x00, 0x00, 0x00, 0x00, 0x00, 0x00, 0x00, 0x00, 0x00, 0x00, 0x00, 0x00, 0x00,
    0x00, 0x00, 0x00, 0x00, 0x00, 0x00, 0x00, 0x00, 0x00, 0x00, 0x00, 0x00, 0x00, 0x00, 0x00, 0x00,
    0x00, 0x00, 0x00, 0x00, 0x00, 0x00, 0x00, 0x00, 0x00, 0x00, 0x00, 0x00, 0x00, 0x00, 0x00, 0x00,
    0x00, 0x00, 0x00, 0x00, 0x00, 0x00, 0x00, 0x00, 0x00, 0x00, 0x00, 0x00, 0x00, 0x00, 0x00, 0x00,
    0x00, 0x00, 0x00, 0x00, 0x4C, 0x8F, 0xCE, 0x02, 0x4D, 0x90, 0xCF, 0x03, 0x49, 0x90, 0xCF, 0x02,
    0x46, 0x8F, 0xD3, 0x08, 0x54, 0x94, 0xD3, 0x27, 0x2B, 0x59, 0x8D, 0x95, 0x21, 0x41, 0x6C, 0xF1,
    0xD4, 0xE9, 0xF3, 0xF6, 0xF0, 0xFB, 0xFD, 0xFA, 0xF0, 0xFB, 0xFD, 0xFA, 0xDD, 0xF1, 0xF8, 0xFA,
    0xCF, 0xE8, 0xFA, 0xFC, 0xB0, 0xE1, 0xFC, 0xFC, 0x84, 0xC1, 0xFD, 0xFC, 0x70, 0xBE, 0xFF, 0xFC,
    0x6B, 0xB2, 0xF4, 0xFC, 0x11, 0x23, 0x34, 0xFC, 0x04, 0x07, 0x09, 0xFC, 0x0A, 0x0D, 0x0E, 0xFD,
    0x06, 0x08, 0x0B, 0xFD, 0x06, 0x08, 0x0A, 0xFD, 0x07, 0x08, 0x08, 0xFD, 0x04, 0x03, 0x01, 0xFD,
    0x3F, 0x3A, 0x2B, 0xFD, 0x47, 0x3A, 0x2A, 0xFD, 0x03, 0x0C, 0x0E, 0xFD, 0x52, 0xA1, 0xE1, 0xFD,
    0x3C, 0xA4, 0xF8, 0xFD, 0x3C, 0xA4, 0xF8, 0xFD, 0x38, 0xA5, 0xF7, 0xFD, 0x45, 0xAA, 0xF7, 0xFD,
    0x42, 0xA9, 0xF9, 0xFD, 0x3E, 0xAA, 0xFD, 0xFD, 0x3B, 0xAB, 0xFF, 0xFD, 0x39, 0xAA, 0xFF, 0xFD,
    0x39, 0xAA, 0xFF, 0xFD, 0x38, 0xA9, 0xFE, 0xFD, 0x38, 0xAA, 0xFF, 0xFD, 0x37, 0xA9, 0xFF, 0xFD,
    0x37, 0xA9, 0xFE, 0xFD, 0x37, 0xA9, 0xFE, 0xFD, 0x36, 0xA9, 0xFE, 0xFD, 0x37, 0xA8, 0xFD, 0xFD,
    0x36, 0xA8, 0xFD, 0xFD, 0x36, 0xA8, 0xFD, 0xFD, 0x35, 0xA8, 0xFD, 0xFD, 0x35, 0xA8, 0xFD, 0xFD,
    0x35, 0xA7, 0xFE, 0xFD, 0x35, 0xA8, 0xFE, 0xFD, 0x32, 0xA6, 0xFD, 0xFD, 0x2E, 0xA2, 0xFE, 0xFD,
    0x24, 0x98, 0xFC, 0xFD, 0x1F, 0x94, 0xFC, 0xFD, 0x1E, 0x94, 0xFD, 0xFD, 0x19, 0x8E, 0xFC, 0xFD,
    0x11, 0x82, 0xF5, 0xFD, 0x12, 0x82, 0xF5, 0xFD, 0x19, 0x88, 0xF4, 0xFD, 0x06, 0x53, 0xBA, 0xFD,
    0x01, 0x26, 0x8B, 0xFD, 0x20, 0x89, 0xF1, 0xFC, 0x1D, 0x90, 0xF8, 0xFC, 0x19, 0x89, 0xF5, 0xFC,
    0x19, 0x89, 0xF7, 0xFC, 0x19, 0x89, 0xF7, 0xFC, 0x1C, 0x8F, 0xF9, 0xFC, 0x18, 0x88, 0xF6, 0xFC,
    0x16, 0x86, 0xF5, 0xFC, 0x15, 0x85, 0xF4, 0xFC, 0x14, 0x83, 0xF2, 0xFC, 0x1F, 0x8F, 0xFA, 0xFC,
    0x25, 0x97, 0xFC, 0xFC, 0x23, 0x91, 0xF9, 0xFC, 0x24, 0x95, 0xFB, 0xFC, 0x22, 0x94, 0xFA, 0xFC,
    0x23, 0x96, 0xFB, 0xFC, 0x21, 0x8F, 0xF9, 0xFC, 0x22, 0x95, 0xFB, 0xFC, 0x1C, 0x93, 0xFB, 0xFB,
    0x1E, 0x96, 0xFD, 0xFA, 0x1A, 0x80, 0xEC, 0xF8, 0x04, 0x47, 0xB0, 0xF6, 0x0A, 0x58, 0xB9, 0xF7,
    0x0A, 0x58, 0xB9, 0xF7, 0x15, 0x81, 0xEF, 0xF8, 0x15, 0x84, 0xF7, 0xFA, 0x1C, 0x87, 0xFB, 0xF9,
    0x1D, 0x85, 0xFA, 0xFA, 0x1E, 0x8A, 0xFB, 0xF9, 0x1D, 0x86, 0xFA, 0xF9, 0x1A, 0x83, 0xF9, 0xF9,
    0x17, 0x81, 0xF6, 0xF8, 0x16, 0x7F, 0xF5, 0xF8, 0x13, 0x7A, 0xF3, 0xF8, 0x14, 0x7E, 0xF7, 0xF9,
    0x0F, 0x76, 0xF1, 0xF8, 0x10, 0x7C, 0xF3, 0xF6, 0x19, 0x7E, 0xEE, 0xF9, 0x0E, 0x42, 0x9C, 0xF8,
    0x02, 0x1F, 0x62, 0xE9, 0x32, 0x7C, 0xBF, 0x5A, 0x32, 0x7C, 0xBF, 0x5A, 0x37, 0x85, 0xCB, 0x02,
    0x33, 0x7F, 0xC6, 0x05, 0x37, 0x81, 0xC8, 0x02, 0x36, 0x81, 0xC9, 0x01, 0x36, 0x82, 0xCA, 0x02,
    0x38, 0x83, 0xCA, 0x01, 0x3A, 0x84, 0xCA, 0x02, 0x3C, 0x85, 0xC9, 0x02, 0x00, 0x00, 0x00, 0x00,
    0x00, 0x00, 0x00, 0x00, 0x00, 0x00, 0x00, 0x00, 0x00, 0x00, 0x00, 0x00, 0x00, 0x00, 0x00, 0x00,
    0x00, 0x00, 0x00, 0x00, 0x00, 0x00, 0x00, 0x00, 0x00, 0x00, 0x00, 0x00, 0x00, 0x00, 0x00, 0x00,
    0x00, 0x00, 0x00, 0x00, 0x00, 0x00, 0x00, 0x00, 0x00, 0x00, 0x00, 0x00, 0x00, 0x00, 0x00, 0x00,
    0x00, 0x00, 0x00, 0x00, 0x00, 0x00, 0x00, 0x00, 0x00, 0x00, 0x00, 0x00, 0x00, 0x00, 0x00, 0x00,
    0x00, 0x00, 0x00, 0x00, 0x50, 0x91, 0xCF, 0x02, 0x50, 0x93, 0xD0, 0x05, 0x4E, 0x93, 0xD1, 0x03,
    0x47, 0x89, 0xCB, 0x21, 0x2B, 0x58, 0x8B, 0x68, 0x0A, 0x19, 0x40, 0xDA, 0x27, 0x3E, 0x67, 0xF5,
    0xEF, 0xFB, 0xFF, 0xF6, 0xE7, 0xF4, 0xFD, 0xFA, 0xE7, 0xF4, 0xFD, 0xFA, 0xE5, 0xEF, 0xF8, 0xFA,
    0xEE, 0xF6, 0xFB, 0xFC, 0xE9, 0xFB, 0xFE, 0xFC, 0xC0, 0xDE, 0xFD, 0xFC, 0x97, 0xC8, 0xFD, 0xFC,
    0x6D, 0xA0, 0xE7, 0xFC, 0x0B, 0x19, 0x32, 0xFC, 0x02, 0x05, 0x07, 0xFC, 0x09, 0x0C, 0x0E, 0xFC,
    0x08, 0x0A, 0x0D, 0xFD, 0x08, 0x0A, 0x0C, 0xFD, 0x08, 0x0A, 0x0A, 0xFD, 0x01, 0x01, 0x01, 0xFD,
    0xAC, 0x9E, 0x88, 0xFD, 0xB4, 0xB3, 0xA9, 0xFD, 0x0B, 0x18, 0x1C, 0xFD, 0xAA, 0xDF, 0xFA, 0xFD,
    0x4D, 0xA8, 0xF5, 0xFD, 0x4D, 0xA8, 0xF5, 0xFD, 0x33, 0xA4, 0xF8, 0xFD, 0x3F, 0xAA, 0xF9, 0xFD,
    0x40, 0xA9, 0xFB, 0xFD, 0x3D, 0xAA, 0xFD, 0xFD, 0x3C, 0xAA, 0xFE, 0xFD, 0x3A, 0xAA, 0xFE, 0xFD,
    0x3A, 0xAA, 0xFE, 0xFD, 0x39, 0xA9, 0xFE, 0xFD, 0x39, 0xAA, 0xFE, 0xFD, 0x38, 0xA9, 0xFE, 0xFD,
    0x38, 0xA9, 0xFF, 0xFD, 0x38, 0xA9, 0xFE, 0xFD, 0x38, 0xA9, 0xFE, 0xFD, 0x37, 0xA8, 0xFE, 0xFD,
    0x37, 0xA8, 0xFD, 0xFD, 0x37, 0xA9, 0xFD, 0xFD, 0x36, 0xA8, 0xFD, 0xFD, 0x36, 0xA8, 0xFD, 0xFD,
    0x35, 0xA8, 0xFE, 0xFD, 0x34, 0xA7, 0xFD, 0xFD, 0x33, 0xA7, 0xFD, 0xFD, 0x32, 0xA7, 0xFE, 0xFD,
    0x27, 0x9E, 0xFD, 0xFD, 0x1F, 0x97, 0xFD, 0xFD, 0x18, 0x8E, 0xFC, 0xFD, 0x13, 0x8B, 0xFC, 0xFD,
    0x10, 0x85, 0xF8, 0xFD, 0x10, 0x7F, 0xF2, 0xFD, 0x0B, 0x6C, 0xDA, 0xFD, 0x06, 0x55, 0xB9, 0xFD,
    0x12, 0x6E, 0xD5, 0xFD, 0x1F, 0x92, 0xF7, 0xFC, 0x1B, 0x90, 0xF9, 0xFC, 0x1C, 0x90, 0xFA, 0xFC,
    0x1A, 0x8B, 0xF7, 0xFC, 0x1A, 0x8B, 0xF7, 0xFC, 0x1C, 0x8F, 0xFA, 0xFC, 0x1A, 0x8B, 0xF8, 0xFC,
    0x19, 0x89, 0xF6, 0xFC, 0x15, 0x86, 0xF4, 0xFC, 0x16, 0x86, 0xF3, 0xFC, 0x21, 0x91, 0xF9, 0xFC,
    0x28, 0x98, 0xFB, 0xFC, 0x28, 0x98, 0xFB, 0xFC, 0x27, 0x96, 0xFA, 0xFC, 0x1E, 0x8E, 0xF7, 0xFC,
    0x1E, 0x90, 0xFA, 0xFC, 0x23, 0x94, 0xFB, 0xFC, 0x26, 0x99, 0xFC, 0xFC, 0x21, 0x93, 0xFB, 0xFC,
    0x1C, 0x91, 0xFC, 0xFB, 0x20, 0x9B, 0xFE, 0xFB, 0x1A, 0x80, 0xEC, 0xFA, 0x02, 0x37, 0xA1, 0xFA,
    0x02, 0x37, 0xA1, 0xFA, 0x08, 0x45, 0xAB, 0xF9, 0x0F, 0x64, 0xD5, 0xF9, 0x1C, 0x8B, 0xFC, 0xF9,
    0x18, 0x85, 0xFD, 0xF9, 0x1A, 0x87, 0xFC, 0xF9, 0x1B, 0x83, 0xFA, 0xF9, 0x1A, 0x83, 0xFB, 0xF9,
    0x14, 0x7D, 0xF6, 0xF8, 0x13, 0x80, 0xF9, 0xF8, 0x0E, 0x75, 0xF2, 0xF7, 0x0D, 0x78, 0xF4, 0xF6,
    0x0C, 0x75, 0xF2, 0xF4, 0x15, 0x75, 0xE1, 0xF2, 0x0A, 0x39, 0x8B, 0xF4, 0x02, 0x17, 0x4D, 0xC4,
    0x2F, 0x6D, 0xB0, 0x5C, 0x3C, 0x8B, 0xD2, 0x08, 0x3C, 0x8B, 0xD2, 0x08, 0x00, 0x00, 0x00, 0x00,
    0x37, 0x83, 0xCA, 0x02, 0x38, 0x82, 0xCA, 0x01, 0x38, 0x83, 0xCA, 0x01, 0x38, 0x83, 0xCA, 0x01,
    0x39, 0x84, 0xC9, 0x01, 0x3B, 0x84, 0xC9, 0x01, 0x3C, 0x85, 0xC9, 0x01, 0x00, 0x00, 0x00, 0x00,
    0x00, 0x00, 0x00, 0x00, 0x00, 0x00, 0x00, 0x00, 0x00, 0x00, 0x00, 0x00, 0x00, 0x00, 0x00, 0x00,
    0x00, 0x00, 0x00, 0x00, 0x00, 0x00, 0x00, 0x00, 0x00, 0x00, 0x00, 0x00, 0x00, 0x00, 0x00, 0x00,
    0x00, 0x00, 0x00, 0x00, 0x00, 0x00, 0x00, 0x00, 0x00, 0x00, 0x00, 0x00, 0x00, 0x00, 0x00, 0x00,
    0x00, 0x00, 0x00, 0x00, 0x00, 0x00, 0x00, 0x00, 0x00, 0x00, 0x00, 0x00, 0x00, 0x00, 0x00, 0x00,
    0x00, 0x00, 0x00, 0x00, 0x52, 0x93, 0xCF, 0x02, 0x51, 0x96, 0xD0, 0x05, 0x57, 0x99, 0xD6, 0x03,
    0x18, 0x40, 0x71, 0x75, 0x40, 0x5B, 0x7D, 0xD9, 0xC7, 0xD7, 0xE7, 0xE9, 0x92, 0xA5, 0xBE, 0xF7,
    0xA9, 0xC3, 0xDF, 0xF8, 0xDA, 0xF3, 0xFE, 0xFB, 0xDA, 0xF3, 0xFE, 0xFB, 0xE9, 0xF9, 0xFF, 0xFB,
    0xED, 0xF0, 0xF9, 0xFC, 0xEF, 0xF7, 0xFC, 0xFC, 0xE8, 0xF4, 0xFD, 0xFC, 0xC7, 0xE1, 0xFC, 0xFC,
    0x92, 0xB5, 0xED, 0xFC, 0x24, 0x35, 0x57, 0xFC, 0x02, 0x03, 0x07, 0xFC, 0x09, 0x0C, 0x0D, 0xFC,
    0x09, 0x0A, 0x0B, 0xFD, 0x07, 0x08, 0x09, 0xFD, 0x06, 0x08, 0x07, 0xFD, 0x00, 0x00, 0x00, 0xFD,
    0x60, 0x58, 0x49, 0xFD, 0x8D, 0x91, 0x81, 0xFD, 0x8A, 0x9B, 0xA2, 0xFD, 0xE0, 0xFA, 0xFE, 0xFD,
    0x5F, 0xB3, 0xF5, 0xFD, 0x5F, 0xB3, 0xF5, 0xFD, 0x2F, 0xA1, 0xFA, 0xFD, 0x3B, 0xA8, 0xFB, 0xFD,
    0x3E, 0xA9, 0xFC, 0xFD, 0x3C, 0xA9, 0xFD, 0xFD, 0x3C, 0xAA, 0xFD, 0xFD, 0x3A, 0xAA, 0xFE, 0xFD,
    0x3A, 0xA9, 0xFD, 0xFD, 0x39, 0xA9, 0xFE, 0xFD, 0x39, 0xAA, 0xFE, 0xFD, 0x39, 0xA9, 0xFE, 0xFD,
    0x39, 0xA9, 0xFE, 0xFD, 0x38, 0xA9, 0xFE, 0xFD, 0x37, 0xA9, 0xFE, 0xFD, 0x37, 0xA8, 0xFE, 0xFD,
    0x37, 0xA9, 0xFD, 0xFD, 0x37, 0xA9, 0xFD, 0xFD, 0x36, 0xA8, 0xFD, 0xFD, 0x36, 0xA8, 0xFD, 0xFD,
    0x36, 0xA8, 0xFD, 0xFD, 0x35, 0xA8, 0xFD, 0xFD, 0x34, 0xA7, 0xFD, 0xFD, 0x32, 0xA5, 0xFE, 0xFD,
    0x2D, 0xA4, 0xFE, 0xFD, 0x22, 0x98, 0xFD, 0xFD, 0x16, 0x89, 0xF8, 0xFD, 0x11, 0x87, 0xF9, 0xFD,
    0x0D, 0x81, 0xF5, 0xFD, 0x12, 0x7D, 0xEF, 0xFD, 0x00, 0x3C, 0xA6, 0xFD, 0x04, 0x48, 0xAC, 0xFD,
    0x26, 0x98, 0xF7, 0xFD, 0x1A, 0x8F, 0xF8, 0xFD, 0x19, 0x8A, 0xF7, 0xFC, 0x1F, 0x95, 0xFD, 0xFC,
    0x1A, 0x8C, 0xF8, 0xFC, 0x1A, 0x8C, 0xF8, 0xFC, 0x1A, 0x8A, 0xF7, 0xFC, 0x1D, 0x8F, 0xFA, 0xFC,
    0x1C, 0x8C, 0xF9, 0xFC, 0x15, 0x85, 0xF3, 0xFC, 0x16, 0x87, 0xF2, 0xFC, 0x21, 0x8F, 0xF6, 0xFC,
    0x29, 0x96, 0xFA, 0xFC, 0x2C, 0x9B, 0xFB, 0xFD, 0x29, 0x97, 0xFA, 0xFD, 0x1C, 0x8A, 0xF2, 0xFD,
    0x18, 0x87, 0xF3, 0xFD, 0x21, 0x92, 0xFB, 0xFC, 0x26, 0x98, 0xFD, 0xFC, 0x25, 0x92, 0xFA, 0xFC,
    0x21, 0x92, 0xFC, 0xFC, 0x1F, 0x96, 0xFD, 0xFB, 0x20, 0x93, 0xFB, 0xFB, 0x11, 0x60, 0xD0, 0xFB,
    0x11, 0x60, 0xD0, 0xFB, 0x04, 0x30, 0x95, 0xFA, 0x02, 0x2E, 0x93, 0xFA, 0x0F, 0x6B, 0xDC, 0xFA,
    0x18, 0x85, 0xFC, 0xF9, 0x14, 0x81, 0xFA, 0xF9, 0x17, 0x7F, 0xF8, 0xF9, 0x19, 0x84, 0xFA, 0xF9,
    0x13, 0x7D, 0xF6, 0xF9, 0x0B, 0x72, 0xEE, 0xF8, 0x0B, 0x72, 0xEE, 0xF7, 0x0D, 0x72, 0xE8, 0xF6,
    0x14, 0x76, 0xDE, 0xFB, 0x07, 0x41, 0x96, 0xEA, 0x00, 0x0C, 0x40, 0xEB, 0x2A, 0x64, 0xA7, 0x5C,
    0x3E, 0x93, 0xDA, 0x03, 0x36, 0x85, 0xCE, 0x02, 0x36, 0x85, 0xCE, 0x02, 0x39, 0x86, 0xCD, 0x02,
    0x38, 0x84, 0xCC, 0x02, 0x3A, 0x84, 0xCB, 0x01, 0x3A, 0x84, 0xCB, 0x01, 0x3A, 0x84, 0xCA, 0x01,
    0x3B, 0x84, 0xCA, 0x01, 0x3C, 0x84, 0xC9, 0x01, 0x3D, 0x85, 0xC9, 0x01, 0x00, 0x00, 0x00, 0x00,
    0x00, 0x00, 0x00, 0x00, 0x00, 0x00, 0x00, 0x00, 0x00, 0x00, 0x00, 0x00, 0x00, 0x00, 0x00, 0x00,
    0x00, 0x00, 0x00, 0x00, 0x00, 0x00, 0x00, 0x00, 0x00, 0x00, 0x00, 0x00, 0x00, 0x00, 0x00, 0x00,
    0x00, 0x00, 0x00, 0x00, 0x00, 0x00, 0x00, 0x00, 0x00, 0x00, 0x00, 0x00, 0x00, 0x00, 0x00, 0x00,
    0x00, 0x00, 0x00, 0x00, 0x00, 0x00, 0x00, 0x00, 0x00, 0x00, 0x00, 0x00, 0x00, 0x00, 0x00, 0x00,
    0x00, 0x00, 0x00, 0x00, 0x53, 0x94, 0xCF, 0x02, 0x52, 0x98, 0xD0, 0x05, 0x58, 0x9B, 0xD6, 0x03,
    0x09, 0x1E, 0x46, 0x87, 0x3C, 0x4C, 0x6B, 0xDE, 0xFE, 0xFF, 0xFF, 0xE6, 0xF8, 0xFF, 0xFF, 0xF8,
    0x3C, 0x59, 0x7D, 0xF8, 0x42, 0x63, 0x92, 0xFA, 0x42, 0x63, 0x92, 0xFA, 0xEA, 0xFB, 0xFF, 0xFB,
    0xF2, 0xF6, 0xFD, 0xFC, 0xF4, 0xF7, 0xFA, 0xFC, 0xF3, 0xF3, 0xF8, 0xFC, 0xEF, 0xF6, 0xF8, 0xFC,
    0xDE, 0xF1, 0xFA, 0xFC, 0x8F, 0xA6, 0xCB, 0xFC, 0x19, 0x29, 0x36, 0xFC, 0x08, 0x0F, 0x0E, 0xFC,
    0x09, 0x09, 0x08, 0xFD, 0x07, 0x06, 0x04, 0xFD, 0x07, 0x07, 0x04, 0xFD, 0x0D, 0x0D, 0x07, 0xFD,
    0x0D, 0x07, 0x04, 0xFD, 0x8B, 0x88, 0x83, 0xFD, 0xF5, 0xFB, 0xFC, 0xFD, 0xCE, 0xF1, 0xFD, 0xFD,
    0x5B, 0xB3, 0xF9, 0xFD, 0x5B, 0xB3, 0xF9, 0xFD, 0x34, 0xA7, 0xFD, 0xFD, 0x39, 0xA9, 0xFD, 0xFD,
    0x3C, 0xA8, 0xFD, 0xFD, 0x3A, 0xA8, 0xFD, 0xFD, 0x3A, 0xA8, 0xFD, 0xFD, 0x3A, 0xA9, 0xFE, 0xFD,
    0x39, 0xA9, 0xFE, 0xFD, 0x38, 0xA8, 0xFD, 0xFD, 0x39, 0xA9, 0xFE, 0xFD, 0x39, 0xA9, 0xFE, 0xFD,
    0x39, 0xA9, 0xFE, 0xFD, 0x38, 0xA9, 0xFE, 0xFD, 0x37, 0xA9, 0xFE, 0xFD, 0x37, 0xA9, 0xFD, 0xFD,
    0x37, 0xA9, 0xFD, 0xFD, 0x37, 0xA9, 0xFD, 0xFD, 0x36, 0xA8, 0xFD, 0xFD, 0x36, 0xA8, 0xFD, 0xFD,
    0x36, 0xA7, 0xFD, 0xFD, 0x36, 0xA8, 0xFD, 0xFD, 0x33, 0xA5, 0xFD, 0xFD, 0x34, 0xA8, 0xFE, 0xFD,
    0x33, 0xAB, 0xFE, 0xFD, 0x27, 0x9F, 0xFD, 0xFD, 0x1E, 0x92, 0xF9, 0xFD, 0x12, 0x85, 0xF5, 0xFD,
    0x0D, 0x7E, 0xEF, 0xFD, 0x12, 0x79, 0xEA, 0xFD, 0x00, 0x24, 0x8B, 0xFD, 0x03, 0x3A, 0xA1, 0xFD,
    0x28, 0x98, 0xF9, 0xFD, 0x1D, 0x96, 0xFB, 0xFD, 0x1D, 0x8F, 0xFA, 0xFD, 0x21, 0x95, 0xFC, 0xFC,
    0x1C, 0x8F, 0xF9, 0xFC, 0x1C, 0x8F, 0xF9, 0xFC, 0x1E, 0x8F, 0xFA, 0xFC, 0x22, 0x94, 0xFC, 0xFC,
    0x21, 0x93, 0xFB, 0xFC, 0x1A, 0x8B, 0xF8, 0xFC, 0x18, 0x8A, 0xF4, 0xFC, 0x24, 0x94, 0xF8, 0xFD,
    0x2F, 0x9F, 0xFC, 0xFD, 0x32, 0xA0, 0xFC, 0xFD, 0x2E, 0x9D, 0xFC, 0xFD, 0x21, 0x90, 0xF5, 0xFD,
    0x18, 0x86, 0xF1, 0xFD, 0x22, 0x94, 0xFB, 0xFC, 0x28, 0x9B, 0xFC, 0xFC, 0x26, 0x95, 0xFB, 0xFC,
    0x29, 0x9A, 0xFC, 0xFC, 0x22, 0x93, 0xFB, 0xFB, 0x21, 0x95, 0xFB, 0xFB, 0x22, 0x8E, 0xF7, 0xFB,
    0x22, 0x8E, 0xF7, 0xFB, 0x0D, 0x55, 0xBE, 0xFB, 0x05, 0x3D, 0x97, 0xFA, 0x05, 0x43, 0xA7, 0xF9,
    0x12, 0x73, 0xEC, 0xF9, 0x12, 0x80, 0xF8, 0xF9, 0x15, 0x80, 0xF6, 0xF9, 0x14, 0x7B, 0xF4, 0xF9,
    0x0E, 0x77, 0xEB, 0xF9, 0x0A, 0x6E, 0xE2, 0xF8, 0x10, 0x66, 0xCF, 0xF8, 0x0C, 0x3A, 0x86, 0xE8,
    0x07, 0x2F, 0x71, 0xE7, 0x1C, 0x62, 0xA1, 0x98, 0x30, 0x74, 0xB8, 0x41, 0x41, 0x8F, 0xD7, 0x05,
    0x37, 0x87, 0xCE, 0x03, 0x3A, 0x88, 0xCF, 0x02, 0x3A, 0x88, 0xCF, 0x02, 0x3B, 0x86, 0xCE, 0x01,
    0x3B, 0x85, 0xCD, 0x01, 0x3B, 0x85, 0xCD, 0x01, 0x3B, 0x85, 0xCC, 0x01, 0x3B, 0x85, 0xCB, 0x01,
    0x3C, 0x85, 0xCB, 0x01, 0x3E, 0x85, 0xCA, 0x01, 0x3F, 0x86, 0xCA, 0x01, 0x00, 0x00, 0x00, 0x00,
    0x00, 0x00, 0x00, 0x00, 0x00, 0x00, 0x00, 0x00, 0x00, 0x00, 0x00, 0x00, 0x00, 0x00, 0x00, 0x00,
    0x00, 0x00, 0x00, 0x00, 0x00, 0x00, 0x00, 0x00, 0x00, 0x00, 0x00, 0x00, 0x00, 0x00, 0x00, 0x00,
    0x00, 0x00, 0x00, 0x00, 0x00, 0x00, 0x00, 0x00, 0x00, 0x00, 0x00, 0x00, 0x00, 0x00, 0x00, 0x00,
    0x00, 0x00, 0x00, 0x00, 0x00, 0x00, 0x00, 0x00, 0x00, 0x00, 0x00, 0x00, 0x00, 0x00, 0x00, 0x00,
    0x00, 0x00, 0x00, 0x00, 0x54, 0x94, 0xCF, 0x01, 0x52, 0x96, 0xCF, 0x05, 0x53, 0x99, 0xCF, 0x01,
    0x2C, 0x5A, 0x8D, 0x5F, 0x20, 0x30, 0x55, 0xDF, 0x93, 0xA4, 0xB7, 0xF0, 0x95, 0xAA, 0xC2, 0xF7,
    0x0C, 0x1A, 0x4A, 0xF9, 0x17, 0x2A, 0x5D, 0xFA, 0x17, 0x2A, 0x5D, 0xFA, 0xE4, 0xF5, 0xFF, 0xFB,
    0xEF, 0xF6, 0xFE, 0xFC, 0xF0, 0xF3, 0xF9, 0xFC, 0xF2, 0xF2, 0xF6, 0xFC, 0xF5, 0xF6, 0xF6, 0xFC,
    0xEB, 0xF3, 0xF8, 0xFC, 0xE2, 0xF7, 0xFC, 0xFC, 0x82, 0xA2, 0xBC, 0xFC, 0x07, 0x13, 0x1E, 0xFC,
    0x01, 0x01, 0x03, 0xFD, 0x02, 0x06, 0x06, 0xFD, 0x00, 0x00, 0x00, 0xFD, 0x14, 0x1B, 0x1C, 0xFD,
    0x4F, 0x4C, 0x55, 0xFD, 0xD3, 0xE2, 0xEB, 0xFD, 0xDB, 0xF5, 0xFC, 0xFD, 0x97, 0xD4, 0xFB, 0xFD,
    0x43, 0xA7, 0xFB, 0xFD, 0x43, 0xA7, 0xFB, 0xFD, 0x33, 0xA5, 0xFE, 0xFD, 0x37, 0xA6, 0xFE, 0xFD,
    0x3A, 0xA6, 0xFD, 0xFD, 0x39, 0xA8, 0xFD, 0xFD, 0x38, 0xA8, 0xFD, 0xFD, 0x37, 0xA8, 0xFE, 0xFD,
    0x37, 0xA8, 0xFE, 0xFD, 0x37, 0xA7, 0xFE, 0xFD, 0x38, 0xA9, 0xFD, 0xFD, 0x39, 0xA8, 0xFD, 0xFD,
    0x39, 0xA8, 0xFE, 0xFD, 0x39, 0xA9, 0xFE, 0xFD, 0x38, 0xA9, 0xFD, 0xFD, 0x38, 0xA8, 0xFD, 0xFD,
    0x38, 0xA9, 0xFE, 0xFD, 0x37, 0xA9, 0xFE, 0xFD, 0x36, 0xA8, 0xFD, 0xFD, 0x36, 0xA8, 0xFD, 0xFD,
    0x35, 0xA8, 0xFD, 0xFD, 0x35, 0xA8, 0xFD, 0xFD, 0x35, 0xAA, 0xFE, 0xFD, 0x32, 0xA4, 0xFD, 0xFD,
    0x2D, 0xA3, 0xFE, 0xFD, 0x29, 0xA1, 0xFD, 0xFD, 0x1E, 0x90, 0xF8, 0xFD, 0x11, 0x80, 0xF0, 0xFD,
    0x12, 0x80, 0xEF, 0xFD, 0x11, 0x76, 0xE4, 0xFD, 0x01, 0x39, 0xA0, 0xFD, 0x13, 0x61, 0xCC, 0xFD,
    0x27, 0x96, 0xFA, 0xFD, 0x1A, 0x8F, 0xF9, 0xFD, 0x1F, 0x92, 0xFC, 0xFD, 0x22, 0x94, 0xFB, 0xFD,
    0x1C, 0x8C, 0xF6, 0xFD, 0x1C, 0x8C, 0xF6, 0xFD, 0x22, 0x95, 0xFC, 0xFC, 0x29, 0x9A, 0xFC, 0xFC,
    0x24, 0x92, 0xFA, 0xFD, 0x1F, 0x8F, 0xF8, 0xFD, 0x1D, 0x8D, 0xF5, 0xFD, 0x2A, 0x99, 0xFA, 0xFD,
    0x32, 0xA1, 0xFC, 0xFD, 0x32, 0x9E, 0xFB, 0xFD, 0x33, 0xA1, 0xFD, 0xFD, 0x2C, 0x9C, 0xFC, 0xFD,
    0x25, 0x96, 0xFA, 0xFD, 0x20, 0x91, 0xF7, 0xFD, 0x22, 0x92, 0xFA, 0xFC, 0x2A, 0x9A, 0xFB, 0xFC,
    0x2B, 0x9D, 0xFC, 0xFC, 0x26, 0x90, 0xF9, 0xFC, 0x25, 0x93, 0xFA, 0xFB, 0x21, 0x93, 0xF9, 0xFB,
    0x21, 0x93, 0xF9, 0xFB, 0x15, 0x74, 0xE2, 0xFB, 0x04, 0x3D, 0x9F, 0xFA, 0x02, 0x32, 0x93, 0xFA,
    0x0E, 0x69, 0xDD, 0xFA, 0x0F, 0x7C, 0xF6, 0xF9, 0x0F, 0x7C, 0xF3, 0xF9, 0x13, 0x82, 0xF3, 0xF7,
    0x08, 0x64, 0xD0, 0xF7, 0x1A, 0x79, 0xD2, 0xF2, 0x08, 0x33, 0x74, 0xF3, 0x00, 0x07, 0x26, 0xE9,
    0x1D, 0x50, 0x90, 0x57, 0x3D, 0x9C, 0xE6, 0x1B, 0x36, 0x8A, 0xD4, 0x01, 0x39, 0x86, 0xD0, 0x02,
    0x3C, 0x87, 0xCE, 0x02, 0x3D, 0x87, 0xCE, 0x01, 0x3D, 0x87, 0xCE, 0x01, 0x3D, 0x87, 0xCF, 0x01,
    0x3D, 0x87, 0xCE, 0x01, 0x3E, 0x86, 0xCD, 0x01, 0x3D, 0x86, 0xCC, 0x01, 0x3D, 0x86, 0xCB, 0x01,
    0x3E, 0x86, 0xCB, 0x01, 0x3F, 0x86, 0xCB, 0x01, 0x40, 0x87, 0xCB, 0x01, 0x00, 0x00, 0x00, 0x00,
    0x00, 0x00, 0x00, 0x00, 0x00, 0x00, 0x00, 0x00, 0x00, 0x00, 0x00, 0x00, 0x00, 0x00, 0x00, 0x00,
    0x00, 0x00, 0x00, 0x00, 0x00, 0x00, 0x00, 0x00, 0x00, 0x00, 0x00, 0x00, 0x00, 0x00, 0x00, 0x00,
    0x00, 0x00, 0x00, 0x00, 0x00, 0x00, 0x00, 0x00, 0x00, 0x00, 0x00, 0x00, 0x00, 0x00, 0x00, 0x00,
    0x00, 0x00, 0x00, 0x00, 0x00, 0x00, 0x00, 0x00, 0x00, 0x00, 0x00, 0x00, 0x00, 0x00, 0x00, 0x00,
    0x00, 0x00, 0x00, 0x00, 0x55, 0x94, 0xCF, 0x01, 0x56, 0x98, 0xD2, 0x04, 0x00, 0x00, 0x00, 0x00,
    0x4C, 0x8C, 0xC4, 0x46, 0x33, 0x54, 0x81, 0xD1, 0x05, 0x08, 0x15, 0xF3, 0x16, 0x1B, 0x3C, 0xF6,
    0x66, 0x7E, 0x9D, 0xF9, 0x9D, 0xB4, 0xCD, 0xFA, 0x9D, 0xB4, 0xCD, 0xFA, 0xE9, 0xF6, 0xFF, 0xFB,
    0xEE, 0xF6, 0xFD, 0xFC, 0xEB, 0xF4, 0xFC, 0xFC, 0xEB, 0xF2, 0xFB, 0xFC, 0xEC, 0xF4, 0xFB, 0xFC,
    0xE6, 0xF0, 0xFA, 0xFC, 0xE0, 0xF3, 0xFD, 0xFC, 0xC7, 0xE5, 0xFA, 0xFC, 0x7B, 0x96, 0xB5, 0xFD,
    0x5B, 0x71, 0x88, 0xFD, 0x58, 0x7A, 0x89, 0xFD, 0x57, 0x65, 0x86, 0xFD, 0x7D, 0x9B, 0xC0, 0xFD,
    0xA2, 0xC8, 0xF1, 0xFD, 0x97, 0xC6, 0xF9, 0xFD, 0x6A, 0xAC, 0xF4, 0xFD, 0x4B, 0xA8, 0xF9, 0xFD,
    0x3D, 0xA4, 0xFC, 0xFD, 0x3D, 0xA4, 0xFC, 0xFD, 0x3E, 0xB1, 0xFE, 0xFD, 0x38, 0xA9, 0xFE, 0xFD,
    0x3B, 0xAA, 0xFE, 0xFD, 0x36, 0xA5, 0xFC, 0xFD, 0x36, 0xA8, 0xFD, 0xFD, 0x34, 0xA8, 0xFD, 0xFD,
    0x33, 0xA8, 0xFE, 0xFD, 0x34, 0xA7, 0xFE, 0xFD, 0x37, 0xA8, 0xFE, 0xFD, 0x37, 0xA8, 0xFD, 0xFD,
    0x38, 0xA9, 0xFE, 0xFD, 0x39, 0xA9, 0xFE, 0xFD, 0x37, 0xA9, 0xFE, 0xFD, 0x37, 0xA8, 0xFE, 0xFD,
    0x37, 0xA8, 0xFD, 0xFD, 0x36, 0xA9, 0xFD, 0xFD, 0x36, 0xA9, 0xFE, 0xFD, 0x36, 0xA9, 0xFE, 0xFD,
    0x35, 0xA7, 0xFE, 0xFD, 0x34, 0xA7, 0xFE, 0xFD, 0x32, 0xA8, 0xFE, 0xFD, 0x2C, 0xA0, 0xFE, 0xFD,
    0x26, 0x9D, 0xFD, 0xFD, 0x23, 0x9E, 0xFC, 0xFD, 0x17, 0x8A, 0xF4, 0xFD, 0x12, 0x7E, 0xED, 0xFD,
    0x0C, 0x6D, 0xDF, 0xFD, 0x02, 0x49, 0xBA, 0xFD, 0x10, 0x6B, 0xD1, 0xFD, 0x33, 0xA1, 0xFC, 0xFD,
    0x27, 0x9B, 0xFD, 0xFD, 0x1C, 0x90, 0xFA, 0xFD, 0x24, 0x99, 0xFD, 0xFD, 0x26, 0x9B, 0xFD, 0xFD,
    0x1D, 0x8F, 0xF7, 0xFD, 0x1D, 0x8F, 0xF7, 0xFD, 0x24, 0x97, 0xFB, 0xFD, 0x2C, 0x9E, 0xFD, 0xFD,
    0x2B, 0x9D, 0xFD, 0xFD, 0x21, 0x93, 0xFA, 0xFD, 0x22, 0x94, 0xFA, 0xFD, 0x30, 0xA1, 0xFE, 0xFD,
    0x34, 0xA4, 0xFD, 0xFD, 0x33, 0xA1, 0xFC, 0xFD, 0x34, 0xA4, 0xFE, 0xFD, 0x33, 0xA4, 0xFE, 0xFD,
    0x31, 0xA4, 0xFE, 0xFD, 0x21, 0x92, 0xF8, 0xFD, 0x26, 0x99, 0xFB, 0xFC, 0x25, 0x95, 0xFA, 0xFC,
    0x2C, 0x9D, 0xFC, 0xFC, 0x2B, 0x98, 0xFB, 0xFC, 0x2E, 0xA0, 0xFD, 0xFB, 0x1F, 0x94, 0xFC, 0xFB,
    0x1F, 0x94, 0xFC, 0xFB, 0x1E, 0x93, 0xF9, 0xFA, 0x05, 0x47, 0xB0, 0xFA, 0x02, 0x2E, 0x86, 0xF9,
    0x14, 0x6C, 0xCD, 0xFA, 0x1A, 0x88, 0xF2, 0xF8, 0x10, 0x61, 0xC7, 0xF9, 0x1C, 0x65, 0xB6, 0xF5,
    0x07, 0x32, 0x7C, 0xFB, 0x08, 0x30, 0x71, 0xEA, 0x11, 0x45, 0x7F, 0x79, 0x26, 0x64, 0xA9, 0x4B,
    0x37, 0x8C, 0xD9, 0x0D, 0x2E, 0x81, 0xCE, 0x03, 0x35, 0x87, 0xCF, 0x05, 0x3B, 0x87, 0xD0, 0x02,
    0x3C, 0x86, 0xCF, 0x02, 0x3C, 0x86, 0xCE, 0x01, 0x3C, 0x86, 0xCE, 0x01, 0x3D, 0x86, 0xCE, 0x01,
    0x3D, 0x87, 0xCE, 0x01, 0x3E, 0x87, 0xCD, 0x01, 0x3E, 0x87, 0xCC, 0x01, 0x3E, 0x87, 0xCB, 0x01,
    0x3E, 0x87, 0xCB, 0x01, 0x3F, 0x87, 0xCB, 0x01, 0x40, 0x87, 0xCB, 0x01, 0x00, 0x00, 0x00, 0x00,
    0x00, 0x00, 0x00, 0x00, 0x00, 0x00, 0x00, 0x00, 0x00, 0x00, 0x00, 0x00, 0x00, 0x00, 0x00, 0x00,
    0x00, 0x00, 0x00, 0x00, 0x00, 0x00, 0x00, 0x00, 0x00, 0x00, 0x00, 0x00, 0x00, 0x00, 0x00, 0x00,
    0x00, 0x00, 0x00, 0x00, 0x00, 0x00, 0x00, 0x00, 0x00, 0x00, 0x00, 0x00, 0x00, 0x00, 0x00, 0x00,
    0x00, 0x00, 0x00, 0x00, 0x00, 0x00, 0x00, 0x00, 0x00, 0x00, 0x00, 0x00, 0x00, 0x00, 0x00, 0x00,
    0x00, 0x00, 0x00, 0x00, 0x55, 0x94, 0xCF, 0x02, 0x56, 0x96, 0xD1, 0x03, 0x54, 0x98, 0xD2, 0x02,
    0x53, 0x92, 0xCE, 0x12, 0x30, 0x55, 0x83, 0x7E, 0x13, 0x1B, 0x2E, 0xF4, 0xC2, 0xD0, 0xDF, 0xF6,
    0xF3, 0xFD, 0xFF, 0xF9, 0xE8, 0xF9, 0xFE, 0xFB, 0xE8, 0xF9, 0xFE, 0xFB, 0xE5, 0xF2, 0xFC, 0xFB,
    0xE8, 0xF1, 0xFB, 0xFC, 0xE5, 0xF1, 0xFC, 0xFC, 0xE5, 0xF1, 0xFE, 0xFC, 0xE3, 0xF0, 0xFD, 0xFC,
    0xE1, 0xEE, 0xFD, 0xFC, 0xDC, 0xEC, 0xFC, 0xFC, 0xD3, 0xE9, 0xFC, 0xFD, 0xCE, 0xED, 0xFD, 0xFD,
    0xBF, 0xE2, 0xFC, 0xFD, 0xB7, 0xE4, 0xFD, 0xFD, 0xA8, 0xD8, 0xFD, 0xFD, 0x99, 0xCE, 0xFE, 0xFD,
    0x81, 0xC0, 0xFD, 0xFD, 0x6D, 0xB4, 0xFD, 0xFD, 0x5B, 0xAC, 0xFD, 0xFD, 0x52, 0xB1, 0xFD, 0xFD,
    0x46, 0xA7, 0xFD, 0xFD, 0x46, 0xA7, 0xFD, 0xFD, 0x40, 0xAC, 0xFE, 0xFD, 0x42, 0xAB, 0xFE, 0xFD,
    0x41, 0xA6, 0xFC, 0xFD, 0x3F, 0xA2, 0xF9, 0xFD, 0x39, 0xA5, 0xFB, 0xFD, 0x32, 0xA3, 0xFC, 0xFD,
    0x32, 0xA6, 0xFD, 0xFD, 0x32, 0xA6, 0xFE, 0xFD, 0x35, 0xA8, 0xFD, 0xFD, 0x37, 0xA7, 0xFD, 0xFD,
    0x38, 0xA8, 0xFD, 0xFD, 0x39, 0xA9, 0xFD, 0xFD, 0x38, 0xA8, 0xFD, 0xFD, 0x37, 0xA8, 0xFD, 0xFD,
    0x37, 0xA8, 0xFD, 0xFD, 0x37, 0xA8, 0xFD, 0xFD, 0x36, 0xA8, 0xFE, 0xFD, 0x36, 0xA8, 0xFE, 0xFD,
    0x35, 0xA8, 0xFE, 0xFD, 0x2F, 0xA0, 0xFD, 0xFD, 0x28, 0x9B, 0xFC, 0xFD, 0x23, 0x98, 0xFD, 0xFD,
    0x1D, 0x92, 0xFC, 0xFD, 0x15, 0x8A, 0xF9, 0xFD, 0x12, 0x7E, 0xEF, 0xFD, 0x10, 0x7D, 0xEF, 0xFD,
    0x04, 0x54, 0xCF, 0xFD, 0x02, 0x45, 0xBA, 0xFD, 0x2D, 0x96, 0xF8, 0xFD, 0x35, 0xA9, 0xFF, 0xFD,
    0x25, 0x94, 0xFD, 0xFD, 0x1D, 0x8F, 0xF9, 0xFD, 0x2A, 0xA0, 0xFE, 0xFD, 0x29, 0x9C, 0xFE, 0xFD,
    0x1D, 0x8F, 0xF6, 0xFD, 0x1D, 0x8F, 0xF6, 0xFD, 0x24, 0x95, 0xFA, 0xFD, 0x2D, 0x9D, 0xFD, 0xFD,
    0x2E, 0xA0, 0xFE, 0xFD, 0x23, 0x95, 0xFB, 0xFD, 0x1F, 0x91, 0xF8, 0xFD, 0x31, 0xA1, 0xFE, 0xFD,
    0x33, 0xA3, 0xFE, 0xFD, 0x33, 0xA2, 0xFE, 0xFD, 0x34, 0xA3, 0xFE, 0xFD, 0x33, 0xA3, 0xFE, 0xFD,
    0x31, 0xA0, 0xFE, 0xFD, 0x2A, 0x99, 0xFC, 0xFD, 0x24, 0x94, 0xFA, 0xFC, 0x22, 0x90, 0xF6, 0xFC,
    0x30, 0x9D, 0xFC, 0xFC, 0x33, 0x9F, 0xFD, 0xFC, 0x32, 0x9F, 0xFD, 0xFC, 0x21, 0x91, 0xFC, 0xFC,
    0x21, 0x91, 0xFC, 0xFC, 0x12, 0x81, 0xF4, 0xFB, 0x09, 0x56, 0xC6, 0xFC, 0x02, 0x27, 0x7C, 0xF8,
    0x07, 0x31, 0x81, 0xF7, 0x11, 0x47, 0x93, 0xFA, 0x01, 0x15, 0x58, 0xF7, 0x01, 0x0E, 0x42, 0xE2,
    0x04, 0x24, 0x5D, 0xAD, 0x19, 0x53, 0x99, 0x83, 0x35, 0x93, 0xE2, 0x1E, 0x31, 0x89, 0xDD, 0x02,
    0x2E, 0x81, 0xD0, 0x03, 0x35, 0x86, 0xD0, 0x02, 0x38, 0x86, 0xCF, 0x03, 0x3A, 0x85, 0xCF, 0x02,
    0x3A, 0x86, 0xCE, 0x02, 0x3B, 0x86, 0xCE, 0x01, 0x3B, 0x86, 0xCE, 0x01, 0x3C, 0x86, 0xCE, 0x01,
    0x3C, 0x87, 0xCD, 0x01, 0x3E, 0x87, 0xCC, 0x01, 0x3E, 0x88, 0xCC, 0x01, 0x3E, 0x88, 0xCB, 0x01,
    0x3F, 0x88, 0xCB, 0x01, 0x40, 0x87, 0xCB, 0x01, 0x41, 0x88, 0xCB, 0x01, 0x00, 0x00, 0x00, 0x00,
    0x00, 0x00, 0x00, 0x00, 0x00, 0x00, 0x00, 0x00, 0x00, 0x00, 0x00, 0x00, 0x00, 0x00, 0x00, 0x00,
    0x00, 0x00, 0x00, 0x00, 0x00, 0x00, 0x00, 0x00, 0x00, 0x00, 0x00, 0x00, 0x00, 0x00, 0x00, 0x00,
    0x00, 0x00, 0x00, 0x00, 0x00, 0x00, 0x00, 0x00, 0x00, 0x00, 0x00, 0x00, 0x00, 0x00, 0x00, 0x00,
    0x00, 0x00, 0x00, 0x00, 0x00, 0x00, 0x00, 0x00, 0x00, 0x00, 0x00, 0x00, 0x00, 0x00, 0x00, 0x00,
    0x00, 0x00, 0x00, 0x00, 0x52, 0x93, 0xCE, 0x02, 0x55, 0x95, 0xCF, 0x01, 0x53, 0x94, 0xCF, 0x07,
    0x5B, 0x9C, 0xD7, 0x02, 0x44, 0x6E, 0xA2, 0x69, 0x19, 0x25, 0x39, 0xEF, 0xDA, 0xEE, 0xF2, 0xF1,
    0xDB, 0xEA, 0xF5, 0xF8, 0xDA, 0xE9, 0xF4, 0xFB, 0xDA, 0xE9, 0xF4, 0xFB, 0xE6, 0xF2, 0xFA, 0xFA,
    0xE5, 0xF0, 0xFA, 0xFD, 0xE1, 0xF0, 0xFC, 0xFC, 0xE1, 0xF1, 0xFE, 0xFC, 0xE1, 0xF2, 0xFF, 0xFC,
    0xDE, 0xEE, 0xFD, 0xFC, 0xDC, 0xEC, 0xFB, 0xFC, 0xD6, 0xE9, 0xF9, 0xFC, 0xD4, 0xEC, 0xFA, 0xFC,
    0xC8, 0xE3, 0xF8, 0xFD, 0xBA, 0xDC, 0xF9, 0xFD, 0x9C, 0xC9, 0xF8, 0xFD, 0x86, 0xBA, 0xFB, 0xFD,
    0x72, 0xB6, 0xFD, 0xFD, 0x6D, 0xC0, 0xFE, 0xFD, 0x64, 0xBD, 0xFE, 0xFD, 0x61, 0xC4, 0xFE, 0xFD,
    0x51, 0xB3, 0xFE, 0xFD, 0x51, 0xB3, 0xFE, 0xFD, 0x50, 0xB8, 0xFE, 0xFD, 0x4C, 0xAE, 0xFD, 0xFD,
    0x5E, 0xB2, 0xFB, 0xFD, 0x74, 0xC0, 0xFC, 0xFD, 0x66, 0xBC, 0xFC, 0xFD, 0x44, 0xA9, 0xFA, 0xFD,
    0x3A, 0xAA, 0xFD, 0xFD, 0x32, 0xA3, 0xFD, 0xFD, 0x33, 0xA7, 0xFD, 0xFD, 0x35, 0xA8, 0xFD, 0xFD,
    0x37, 0xA9, 0xFD, 0xFD, 0x35, 0xA8, 0xFD, 0xFD, 0x36, 0xA9, 0xFD, 0xFD, 0x37, 0xA9, 0xFE, 0xFD,
    0x36, 0xA9, 0xFE, 0xFD, 0x36, 0xA9, 0xFD, 0xFD, 0x36, 0xA6, 0xFD, 0xFD, 0x36, 0xA6, 0xFD, 0xFD,
    0x36, 0xA9, 0xFE, 0xFD, 0x2E, 0x9F, 0xFD, 0xFD, 0x22, 0x92, 0xFA, 0xFD, 0x25, 0x9A, 0xFD, 0xFD,
    0x1B, 0x8E, 0xFB, 0xFD, 0x19, 0x8E, 0xFA, 0xFD, 0x11, 0x7F, 0xF1, 0xFD, 0x0D, 0x76, 0xE9, 0xFD,
    0x0C, 0x6F, 0xE2, 0xFD, 0x23, 0x8A, 0xF3, 0xFD, 0x37, 0xA6, 0xFD, 0xFD, 0x32, 0xA7, 0xFE, 0xFD,
    0x2C, 0x9F, 0xFE, 0xFD, 0x26, 0x9B, 0xFC, 0xFD, 0x24, 0x96, 0xFB, 0xFD, 0x2C, 0xA0, 0xFE, 0xFD,
    0x1E, 0x91, 0xF8, 0xFD, 0x1E, 0x91, 0xF8, 0xFD, 0x27, 0x9C, 0xFD, 0xFD, 0x30, 0xA3, 0xFE, 0xFD,
    0x2F, 0xA1, 0xFE, 0xFD, 0x24, 0x95, 0xFA, 0xFD, 0x1E, 0x8F, 0xF5, 0xFD, 0x2E, 0x9E, 0xFD, 0xFD,
    0x35, 0xA6, 0xFF, 0xFD, 0x34, 0xA5, 0xFF, 0xFD, 0x34, 0xA4, 0xFF, 0xFD, 0x32, 0xA2, 0xFE, 0xFD,
    0x35, 0xA6, 0xFF, 0xFD, 0x30, 0xA1, 0xFE, 0xFD, 0x2C, 0x9B, 0xFC, 0xFC, 0x2D, 0x9C, 0xFC, 0xFC,
    0x34, 0xA1, 0xFD, 0xFC, 0x39, 0xA7, 0xFE, 0xFC, 0x34, 0xA3, 0xFE, 0xFC, 0x1E, 0x90, 0xFC, 0xFC,
    0x1E, 0x90, 0xFC, 0xFC, 0x0F, 0x81, 0xF4, 0xFB, 0x12, 0x78, 0xEB, 0xFC, 0x0D, 0x48, 0xA2, 0xF9,
    0x01, 0x14, 0x58, 0xF7, 0x04, 0x25, 0x63, 0xE3, 0x0A, 0x3C, 0x7F, 0x73, 0x16, 0x4F, 0x96, 0x4A,
    0x28, 0x7A, 0xC1, 0x1A, 0x35, 0x8E, 0xDB, 0x0B, 0x2C, 0x80, 0xCF, 0x0A, 0x2F, 0x86, 0xD1, 0x07,
    0x32, 0x86, 0xD0, 0x04, 0x35, 0x86, 0xD0, 0x03, 0x37, 0x85, 0xCF, 0x02, 0x38, 0x85, 0xCF, 0x02,
    0x39, 0x86, 0xCE, 0x02, 0x3A, 0x86, 0xCE, 0x01, 0x3A, 0x86, 0xCE, 0x01, 0x3B, 0x86, 0xCD, 0x01,
    0x3C, 0x87, 0xCD, 0x01, 0x3D, 0x87, 0xCC, 0x01, 0x3E, 0x88, 0xCC, 0x01, 0x3F, 0x87, 0xCB, 0x01,
    0x3F, 0x88, 0xCC, 0x01, 0x40, 0x88, 0xCB, 0x01, 0x41, 0x88, 0xCB, 0x01, 0x00, 0x00, 0x00, 0x00,
    0x00, 0x00, 0x00, 0x00, 0x00, 0x00, 0x00, 0x00, 0x00, 0x00, 0x00, 0x00, 0x00, 0x00, 0x00, 0x00,
    0x00, 0x00, 0x00, 0x00, 0x00, 0x00, 0x00, 0x00, 0x00, 0x00, 0x00, 0x00, 0x00, 0x00, 0x00, 0x00,
    0x00, 0x00, 0x00, 0x00, 0x00, 0x00, 0x00, 0x00, 0x00, 0x00, 0x00, 0x00, 0x00, 0x00, 0x00, 0x00,
    0x00, 0x00, 0x00, 0x00, 0x00, 0x00, 0x00, 0x00, 0x00, 0x00, 0x00, 0x00, 0x00, 0x00, 0x00, 0x00,
    0x00, 0x00, 0x00, 0x00, 0x52, 0x92, 0xCE, 0x01, 0x52, 0x92, 0xCD, 0x03, 0x54, 0x93, 0xCF, 0x07,
    0x50, 0x8F, 0xC9, 0x02, 0x5F, 0x91, 0xC9, 0x3D, 0x20, 0x31, 0x54, 0xB1, 0x5C, 0x6B, 0x80, 0xEF,
    0xED, 0xF8, 0xFB, 0xFB, 0xE3, 0xF3, 0xFA, 0xF8, 0xE3, 0xF3, 0xFA, 0xF8, 0xDE, 0xEC, 0xF7, 0xFC,
    0xE1, 0xEE, 0xF8, 0xFC, 0xE1, 0xEF, 0xFB, 0xFC, 0xDF, 0xED, 0xFC, 0xFC, 0xDE, 0xED, 0xFE, 0xFC,
    0xDE, 0xEB, 0xFC, 0xFC, 0xDF, 0xEE, 0xFB, 0xFC, 0xDD, 0xF0, 0xFB, 0xFC, 0xDE, 0xF0, 0xF9, 0xFC,
    0xDD, 0xED, 0xF9, 0xFD, 0xDC, 0xEE, 0xFA, 0xFD, 0xCA, 0xE6, 0xFB, 0xFD, 0xAE, 0xD8, 0xFC, 0xFD,
    0x86, 0xC2, 0xFC, 0xFD, 0x71, 0xBE, 0xFE, 0xFD, 0x64, 0xB8, 0xFE, 0xFD, 0x5A, 0xB6, 0xFE, 0xFD,
    0x54, 0xB2, 0xFE, 0xFD, 0x54, 0xB2, 0xFE, 0xFD, 0x50, 0xB0, 0xFE, 0xFD, 0x46, 0x9E, 0xFA, 0xFD,
    0x6A, 0xBA, 0xFB, 0xFD, 0x8C, 0xCF, 0xFD, 0xFD, 0x7F, 0xC6, 0xFD, 0xFD, 0x5A, 0xB3, 0xFA, 0xFD,
    0x49, 0xA9, 0xFB, 0xFD, 0x42, 0xA5, 0xFC, 0xFD, 0x3E, 0xA9, 0xFC, 0xFD, 0x36, 0xA6, 0xFC, 0xFD,
    0x37, 0xA8, 0xFD, 0xFD, 0x35, 0xA9, 0xFD, 0xFD, 0x36, 0xA9, 0xFD, 0xFD, 0x35, 0xA8, 0xFD, 0xFD,
    0x38, 0xAA, 0xFE, 0xFD, 0x38, 0xAC, 0xFD, 0xFD, 0x38, 0xA9, 0xFD, 0xFD, 0x38, 0xA9, 0xFD, 0xFD,
    0x31, 0x9E, 0xFD, 0xFD, 0x29, 0x9A, 0xFC, 0xFD, 0x27, 0x96, 0xFC, 0xFD, 0x22, 0x8F, 0xFB, 0xFD,
    0x1B, 0x89, 0xF8, 0xFD, 0x15, 0x83, 0xF4, 0xFD, 0x12, 0x7F, 0xF1, 0xFD, 0x09, 0x73, 0xE6, 0xFD,
    0x21, 0x94, 0xFB, 0xFD, 0x3A, 0xAE, 0xFE, 0xFD, 0x36, 0xA5, 0xFD, 0xFD, 0x34, 0xA4, 0xFD, 0xFD,
    0x35, 0xA7, 0xFE, 0xFD, 0x28, 0x99, 0xFC, 0xFD, 0x21, 0x90, 0xF7, 0xFD, 0x2A, 0x9D, 0xFE, 0xFD,
    0x1F, 0x8F, 0xF7, 0xFD, 0x1F, 0x8F, 0xF7, 0xFD, 0x2A, 0x9D, 0xFE, 0xFD, 0x31, 0xA4, 0xFF, 0xFD,
    0x30, 0xA1, 0xFE, 0xFD, 0x27, 0x97, 0xFA, 0xFD, 0x26, 0x95, 0xF9, 0xFD, 0x31, 0x9F, 0xFE, 0xFD,
    0x35, 0xA5, 0xFF, 0xFD, 0x33, 0xA3, 0xFE, 0xFD, 0x33, 0xA4, 0xFF, 0xFD, 0x33, 0xA5, 0xFE, 0xFD,
    0x32, 0xA2, 0xFE, 0xFD, 0x33, 0xA3, 0xFE, 0xFC, 0x36, 0xA7, 0xFE, 0xFC, 0x36, 0xA5, 0xFE, 0xFC,
    0x3A, 0xA5, 0xFD, 0xFC, 0x37, 0xA1, 0xFD, 0xFC, 0x2E, 0x9C, 0xFD, 0xFC, 0x1C, 0x89, 0xF9, 0xFC,
    0x1C, 0x89, 0xF9, 0xFC, 0x0E, 0x80, 0xF4, 0xFC, 0x18, 0x8F, 0xF9, 0xFB, 0x14, 0x63, 0xC6, 0xF9,
    0x00, 0x08, 0x48, 0xFD, 0x12, 0x49, 0x8E, 0xC8, 0x34, 0x94, 0xE0, 0x29, 0x33, 0x8D, 0xDB, 0x1E,
    0x32, 0x88, 0xD5, 0x14, 0x32, 0x87, 0xD4, 0x09, 0x34, 0x86, 0xD2, 0x06, 0x35, 0x86, 0xD1, 0x03,
    0x35, 0x85, 0xD0, 0x04, 0x36, 0x85, 0xD0, 0x03, 0x38, 0x85, 0xCF, 0x02, 0x39, 0x85, 0xCE, 0x02,
    0x39, 0x85, 0xCD, 0x02, 0x3A, 0x86, 0xCD, 0x01, 0x3A, 0x86, 0xCD, 0x01, 0x3B, 0x86, 0xCC, 0x01,
    0x3C, 0x87, 0xCC, 0x01, 0x3D, 0x87, 0xCC, 0x01, 0x3E, 0x87, 0xCC, 0x01, 0x3F, 0x88, 0xCB, 0x01,
    0x40, 0x88, 0xCB, 0x01, 0x41, 0x88, 0xCC, 0x01, 0x42, 0x89, 0xCC, 0x01, 0x00, 0x00, 0x00, 0x00,
    0x00, 0x00, 0x00, 0x00, 0x00, 0x00, 0x00, 0x00, 0x00, 0x00, 0x00, 0x00, 0x00, 0x00, 0x00, 0x00,
    0x00, 0x00, 0x00, 0x00, 0x00, 0x00, 0x00, 0x00, 0x00, 0x00, 0x00, 0x00, 0x00, 0x00, 0x00, 0x00,
    0x00, 0x00, 0x00, 0x00, 0x00, 0x00, 0x00, 0x00, 0x00, 0x00, 0x00, 0x00, 0x00, 0x00, 0x00, 0x00,
    0x00, 0x00, 0x00, 0x00, 0x00, 0x00, 0x00, 0x00, 0x00, 0x00, 0x00, 0x00, 0x00, 0x00, 0x00, 0x00,
    0x00, 0x00, 0x00, 0x00, 0x50, 0x90, 0xCC, 0x02, 0x51, 0x91, 0xCC, 0x03, 0x52, 0x91, 0xCD, 0x04,
    0x4F, 0x8F, 0xCA, 0x05, 0x51, 0x8F, 0xC8, 0x11, 0x55, 0x7E, 0xAC, 0x39, 0x15, 0x22, 0x3A, 0xD3,
    0x74, 0x81, 0x98, 0xF9, 0xD3, 0xE4, 0xF4, 0xF5, 0xD3, 0xE4, 0xF4, 0xF5, 0xDA, 0xE9, 0xF7, 0xFA,
    0xDF, 0xEC, 0xF8, 0xFC, 0xDF, 0xEE, 0xF9, 0xFC, 0xDC, 0xE9, 0xF8, 0xFC, 0xDB, 0xEA, 0xFB, 0xFC,
    0xE0, 0xF1, 0xFD, 0xFC, 0xE1, 0xF3, 0xFC, 0xFC, 0xD2, 0xEA, 0xF7, 0xFC, 0xDE, 0xF0, 0xFA, 0xFC,
    0xEB, 0xF5, 0xFC, 0xFC, 0xEA, 0xF4, 0xFC, 0xFD, 0xE6, 0xF5, 0xFD, 0xFD, 0xDD, 0xF5, 0xFE, 0xFD,
    0xBF, 0xE4, 0xFD, 0xFD, 0x98, 0xD1, 0xFD, 0xFD, 0x74, 0xBD, 0xFD, 0xFD, 0x5F, 0xB7, 0xFE, 0xFD,
    0x54, 0xB8, 0xFE, 0xFD, 0x54, 0xB8, 0xFE, 0xFD, 0x4A, 0xB7, 0xFE, 0xFD, 0x43, 0xB0, 0xFE, 0xFD,
    0x4C, 0xB0, 0xFD, 0xFD, 0x56, 0xAD, 0xF9, 0xFD, 0x4F, 0xAB, 0xFA, 0xFD, 0x40, 0xA2, 0xF8, 0xFD,
    0x4B, 0xAC, 0xFB, 0xFD, 0x61, 0xBD, 0xFE, 0xFD, 0x57, 0xB7, 0xFD, 0xFD, 0x3C, 0xA7, 0xFB, 0xFD,
    0x36, 0xA6, 0xFD, 0xFD, 0x35, 0xAA, 0xFE, 0xFD, 0x36, 0xAB, 0xFE, 0xFD, 0x35, 0xA7, 0xFD, 0xFD,
    0x34, 0xA7, 0xFD, 0xFD, 0x35, 0xA8, 0xFD, 0xFD, 0x34, 0xA7, 0xFD, 0xFD, 0x34, 0xA7, 0xFD, 0xFD,
    0x2D, 0x9B, 0xFD, 0xFD, 0x2C, 0x9B, 0xFD, 0xFD, 0x27, 0x98, 0xFD, 0xFD, 0x22, 0x91, 0xFC, 0xFD,
    0x1B, 0x8B, 0xF8, 0xFD, 0x13, 0x80, 0xEE, 0xFD, 0x07, 0x69, 0xDD, 0xFD, 0x13, 0x7E, 0xEC, 0xFD,
    0x35, 0xA6, 0xFF, 0xFD, 0x37, 0xA9, 0xFE, 0xFD, 0x38, 0xA8, 0xFE, 0xFD, 0x39, 0xA7, 0xFE, 0xFD,
    0x37, 0xA6, 0xFE, 0xFD, 0x31, 0xA3, 0xFE, 0xFD, 0x2E, 0xA1, 0xFE, 0xFD, 0x2C, 0xA0, 0xFE, 0xFD,
    0x2B, 0x9E, 0xFE, 0xFD, 0x2B, 0x9E, 0xFE, 0xFD, 0x2F, 0xA3, 0xFF, 0xFD, 0x31, 0xA2, 0xFE, 0xFD,
    0x32, 0xA5, 0xFE, 0xFD, 0x30, 0xA2, 0xFD, 0xFD, 0x31, 0xA3, 0xFE, 0xFD, 0x34, 0xA5, 0xFF, 0xFD,
    0x35, 0xA6, 0xFF, 0xFD, 0x34, 0xA6, 0xFF, 0xFD, 0x35, 0xA6, 0xFF, 0xFD, 0x34, 0xA5, 0xFE, 0xFD,
    0x35, 0xA6, 0xFE, 0xFC, 0x34, 0xA5, 0xFE, 0xFC, 0x35, 0xA6, 0xFE, 0xFC, 0x34, 0xA4, 0xFE, 0xFC,
    0x36, 0xA7, 0xFE, 0xFC, 0x2F, 0x9F, 0xFC, 0xFC, 0x2A, 0x9D, 0xFD, 0xFC, 0x20, 0x92, 0xFC, 0xFC,
    0x20, 0x92, 0xFC, 0xFC, 0x15, 0x8D, 0xFA, 0xFB, 0x14, 0x8E, 0xFA, 0xFC, 0x13, 0x68, 0xCD, 0xF7,
    0x00, 0x05, 0x3F, 0xFC, 0x11, 0x47, 0x8E, 0xB3, 0x34, 0x91, 0xDC, 0x20, 0x2E, 0x84, 0xD3, 0x14,
    0x32, 0x85, 0xD3, 0x0A, 0x35, 0x86, 0xD3, 0x06, 0x35, 0x85, 0xD2, 0x05, 0x36, 0x85, 0xD0, 0x04,
    0x37, 0x85, 0xCF, 0x03, 0x37, 0x85, 0xCE, 0x02, 0x38, 0x85, 0xCE, 0x02, 0x38, 0x85, 0xCD, 0x02,
    0x38, 0x85, 0xCC, 0x02, 0x39, 0x86, 0xCC, 0x01, 0x39, 0x86, 0xCC, 0x01, 0x3A, 0x86, 0xCC, 0x01,
    0x3B, 0x87, 0xCC, 0x01, 0x3C, 0x87, 0xCB, 0x01, 0x3E, 0x88, 0xCC, 0x01, 0x3F, 0x87, 0xCB, 0x01,
    0x40, 0x88, 0xCC, 0x01, 0x41, 0x89, 0xCC, 0x01, 0x42, 0x89, 0xCB, 0x01, 0x00, 0x00, 0x00, 0x00,
    0x00, 0x00, 0x00, 0x00, 0x00, 0x00, 0x00, 0x00, 0x00, 0x00, 0x00, 0x00, 0x00, 0x00, 0x00, 0x00,
    0x00, 0x00, 0x00, 0x00, 0x00, 0x00, 0x00, 0x00, 0x00, 0x00, 0x00, 0x00, 0x00, 0x00, 0x00, 0x00,
    0x00, 0x00, 0x00, 0x00, 0x00, 0x00, 0x00, 0x00, 0x00, 0x00, 0x00, 0x00, 0x00, 0x00, 0x00, 0x00,
    0x00, 0x00, 0x00, 0x00, 0x00, 0x00, 0x00, 0x00, 0x00, 0x00, 0x00, 0x00, 0x00, 0x00, 0x00, 0x00,
    0x00, 0x00, 0x00, 0x00, 0x50, 0x90, 0xCC, 0x02, 0x51, 0x91, 0xCC, 0x03, 0x52, 0x91, 0xCD, 0x04,
    0x4F, 0x8F, 0xCA, 0x05, 0x51, 0x8F, 0xC8, 0x11, 0x55, 0x7E, 0xAC, 0x39, 0x15, 0x22, 0x3A, 0xD3,
    0x74, 0x81, 0x98, 0xF9, 0xD3, 0xE4, 0xF4, 0xF5, 0xD3, 0xE4, 0xF4, 0xF5, 0xDA, 0xE9, 0xF7, 0xFA,
    0xDF, 0xEC, 0xF8, 0xFC, 0xDF, 0xEE, 0xF9, 0xFC, 0xDC, 0xE9, 0xF8, 0xFC, 0xDB, 0xEA, 0xFB, 0xFC,
    0xE0, 0xF1, 0xFD, 0xFC, 0xE1, 0xF3, 0xFC, 0xFC, 0xD2, 0xEA, 0xF7, 0xFC, 0xDE, 0xF0, 0xFA, 0xFC,
    0xEB, 0xF5, 0xFC, 0xFC, 0xEA, 0xF4, 0xFC, 0xFD, 0xE6, 0xF5, 0xFD, 0xFD, 0xDD, 0xF5, 0xFE, 0xFD,
    0xBF, 0xE4, 0xFD, 0xFD, 0x98, 0xD1, 0xFD, 0xFD, 0x74, 0xBD, 0xFD, 0xFD, 0x5F, 0xB7, 0xFE, 0xFD,
    0x54, 0xB8, 0xFE, 0xFD, 0x54, 0xB8, 0xFE, 0xFD, 0x4A, 0xB7, 0xFE, 0xFD, 0x43, 0xB0, 0xFE, 0xFD,
    0x4C, 0xB0, 0xFD, 0xFD, 0x56, 0xAD, 0xF9, 0xFD, 0x4F, 0xAB, 0xFA, 0xFD, 0x40, 0xA2, 0xF8, 0xFD,
    0x4B, 0xAC, 0xFB, 0xFD, 0x61, 0xBD, 0xFE, 0xFD, 0x57, 0xB7, 0xFD, 0xFD, 0x3C, 0xA7, 0xFB, 0xFD,
    0x36, 0xA6, 0xFD, 0xFD, 0x35, 0xAA, 0xFE, 0xFD, 0x36, 0xAB, 0xFE, 0xFD, 0x35, 0xA7, 0xFD, 0xFD,
    0x34, 0xA7, 0xFD, 0xFD, 0x35, 0xA8, 0xFD, 0xFD, 0x34, 0xA7, 0xFD, 0xFD, 0x34, 0xA7, 0xFD, 0xFD,
    0x2D, 0x9B, 0xFD, 0xFD, 0x2C, 0x9B, 0xFD, 0xFD, 0x27, 0x98, 0xFD, 0xFD, 0x22, 0x91, 0xFC, 0xFD,
    0x1B, 0x8B, 0xF8, 0xFD, 0x13, 0x80, 0xEE, 0xFD, 0x07, 0x69, 0xDD, 0xFD, 0x13, 0x7E, 0xEC, 0xFD,
    0x35, 0xA6, 0xFF, 0xFD, 0x37, 0xA9, 0xFE, 0xFD, 0x38, 0xA8, 0xFE, 0xFD, 0x39, 0xA7, 0xFE, 0xFD,
    0x37, 0xA6, 0xFE, 0xFD, 0x31, 0xA3, 0xFE, 0xFD, 0x2E, 0xA1, 0xFE, 0xFD, 0x2C, 0xA0, 0xFE, 0xFD,
    0x2B, 0x9E, 0xFE, 0xFD, 0x2B, 0x9E, 0xFE, 0xFD, 0x2F, 0xA3, 0xFF, 0xFD, 0x31, 0xA2, 0xFE, 0xFD,
    0x32, 0xA5, 0xFE, 0xFD, 0x30, 0xA2, 0xFD, 0xFD, 0x31, 0xA3, 0xFE, 0xFD, 0x34, 0xA5, 0xFF, 0xFD,
    0x35, 0xA6, 0xFF, 0xFD, 0x34, 0xA6, 0xFF, 0xFD, 0x35, 0xA6, 0xFF, 0xFD, 0x34, 0xA5, 0xFE, 0xFD,
    0x35, 0xA6, 0xFE, 0xFC, 0x34, 0xA5, 0xFE, 0xFC, 0x35, 0xA6, 0xFE, 0xFC, 0x34, 0xA4, 0xFE, 0xFC,
    0x36, 0xA7, 0xFE, 0xFC, 0x2F, 0x9F, 0xFC, 0xFC, 0x2A, 0x9D, 0xFD, 0xFC, 0x20, 0x92, 0xFC, 0xFC,
    0x20, 0x92, 0xFC, 0xFC, 0x15, 0x8D, 0xFA, 0xFB, 0x14, 0x8E, 0xFA, 0xFC, 0x13, 0x68, 0xCD, 0xF7,
    0x00, 0x05, 0x3F, 0xFC, 0x11, 0x47, 0x8E, 0xB3, 0x34, 0x91, 0xDC, 0x20, 0x2E, 0x84, 0xD3, 0x14,
    0x32, 0x85, 0xD3, 0x0A, 0x35, 0x86, 0xD3, 0x06, 0x35, 0x85, 0xD2, 0x05, 0x36, 0x85, 0xD0, 0x04,
    0x37, 0x85, 0xCF, 0x03, 0x37, 0x85, 0xCE, 0x02, 0x38, 0x85, 0xCE, 0x02, 0x38, 0x85, 0xCD, 0x02,
    0x38, 0x85, 0xCC, 0x02, 0x39, 0x86, 0xCC, 0x01, 0x39, 0x86, 0xCC, 0x01, 0x3A, 0x86, 0xCC, 0x01,
    0x3B, 0x87, 0xCC, 0x01, 0x3C, 0x87, 0xCB, 0x01, 0x3E, 0x88, 0xCC, 0x01, 0x3F, 0x87, 0xCB, 0x01,
    0x40, 0x88, 0xCC, 0x01, 0x41, 0x89, 0xCC, 0x01, 0x42, 0x89, 0xCB, 0x01, 0x00, 0x00, 0x00, 0x00,
    0x00, 0x00, 0x00, 0x00, 0x00, 0x00, 0x00, 0x00, 0x00, 0x00, 0x00, 0x00, 0x00, 0x00, 0x00, 0x00,
    0x00, 0x00, 0x00, 0x00, 0x00, 0x00, 0x00, 0x00, 0x00, 0x00, 0x00, 0x00, 0x00, 0x00, 0x00, 0x00,
    0x00, 0x00, 0x00, 0x00, 0x00, 0x00, 0x00, 0x00, 0x00, 0x00, 0x00, 0x00, 0x00, 0x00, 0x00, 0x00,
    0x00, 0x00, 0x00, 0x00, 0x00, 0x00, 0x00, 0x00, 0x00, 0x00, 0x00, 0x00, 0x00, 0x00, 0x00, 0x00,
    0x00, 0x00, 0x00, 0x00, 0x4E, 0x8F, 0xCB, 0x03, 0x4F, 0x8F, 0xCB, 0x02, 0x50, 0x90, 0xCB, 0x04,
    0x51, 0x91, 0xCE, 0x04, 0x4C, 0x8A, 0xC4, 0x0B, 0x45, 0x7B, 0xB1, 0x25, 0x30, 0x47, 0x71, 0xB9,
    0x0E, 0x0F, 0x28, 0xE7, 0xA6, 0xC1, 0xD0, 0xF8, 0xA6, 0xC1, 0xD0, 0xF8, 0xEA, 0xF7, 0xFB, 0xF8,
    0xDD, 0xEB, 0xF9, 0xFD, 0xE1, 0xF2, 0xFB, 0xFC, 0xDB, 0xEE, 0xFA, 0xFC, 0xDD, 0xF3, 0xFC, 0xFC,
    0xAC, 0xC6, 0xE3, 0xFC, 0x5B, 0x71, 0x9C, 0xFC, 0x39, 0x56, 0x7E, 0xFC, 0xD1, 0xE3, 0xF4, 0xFC,
    0xEF, 0xF8, 0xFE, 0xFC, 0xE7, 0xF2, 0xFB, 0xFD, 0xE7, 0xF2, 0xFC, 0xFD, 0xE5, 0xF2, 0xFD, 0xFD,
    0xDE, 0xF3, 0xFE, 0xFD, 0xCA, 0xEA, 0xFD, 0xFD, 0xA7, 0xD6, 0xFD, 0xFD, 0x86, 0xCB, 0xFD, 0xFD,
    0x61, 0xB7, 0xFD, 0xFD, 0x61, 0xB7, 0xFD, 0xFD, 0x4B, 0xB2, 0xFE, 0xFD, 0x42, 0xB2, 0xFE, 0xFD,
    0x41, 0xAD, 0xFE, 0xFD, 0x3F, 0xA3, 0xFC, 0xFD, 0x44, 0xAE, 0xFD, 0xFD, 0x3B, 0xA1, 0xFB, 0xFD,
    0x48, 0xAA, 0xFB, 0xFD, 0x64, 0xC1, 0xFE, 0xFD, 0x65, 0xC4, 0xFE, 0xFD, 0x43, 0xAF, 0xFD, 0xFD,
    0x35, 0xA6, 0xFD, 0xFD, 0x32, 0xA7, 0xFD, 0xFD, 0x34, 0xAA, 0xFE, 0xFD, 0x32, 0xA6, 0xFE, 0xFD,
    0x30, 0xA4, 0xFD, 0xFD, 0x28, 0x99, 0xFB, 0xFD, 0x29, 0x99, 0xFC, 0xFD, 0x29, 0x99, 0xFC, 0xFD,
    0x27, 0x96, 0xFD, 0xFD, 0x24, 0x92, 0xFC, 0xFD, 0x23, 0x91, 0xFB, 0xFD, 0x22, 0x94, 0xFC, 0xFD,
    0x15, 0x80, 0xF0, 0xFD, 0x0F, 0x77, 0xE5, 0xFD, 0x10, 0x75, 0xE3, 0xFD, 0x26, 0x92, 0xF9, 0xFD,
    0x38, 0xA8, 0xFF, 0xFD, 0x3A, 0xA9, 0xFE, 0xFD, 0x39, 0xA6, 0xFE, 0xFD, 0x3A, 0xA9, 0xFE, 0xFD,
    0x36, 0xA5, 0xFE, 0xFD, 0x37, 0xA8, 0xFF, 0xFD, 0x34, 0xA7, 0xFF, 0xFD, 0x33, 0xA6, 0xFF, 0xFD,
    0x33, 0xA6, 0xFF, 0xFD, 0x33, 0xA6, 0xFF, 0xFD, 0x33, 0xA7, 0xFF, 0xFD, 0x32, 0xA3, 0xFE, 0xFD,
    0x33, 0xA5, 0xFE, 0xFD, 0x34, 0xA7, 0xFE, 0xFD, 0x34, 0xA7, 0xFE, 0xFD, 0x34, 0xA5, 0xFE, 0xFD,
    0x34, 0xA6, 0xFE, 0xFD, 0x35, 0xA7, 0xFF, 0xFD, 0x35, 0xA7, 0xFF, 0xFD, 0x36, 0xA6, 0xFF, 0xFD,
    0x36, 0xA6, 0xFF, 0xFC, 0x34, 0xA5, 0xFF, 0xFC, 0x33, 0xA4, 0xFE, 0xFC, 0x31, 0xA3, 0xFE, 0xFC,
    0x2C, 0xA0, 0xFD, 0xFC, 0x22, 0x94, 0xF9, 0xFC, 0x23, 0x97, 0xFD, 0xFC, 0x22, 0x98, 0xFE, 0xFC,
    0x22, 0x98, 0xFE, 0xFC, 0x12, 0x8A, 0xFA, 0xFC, 0x0E, 0x86, 0xF7, 0xFC, 0x13, 0x6A, 0xD2, 0xF9,
    0x00, 0x04, 0x3B, 0xFC, 0x0D, 0x42, 0x8B, 0x97, 0x37, 0x91, 0xDC, 0x16, 0x32, 0x84, 0xD2, 0x12,
    0x35, 0x85, 0xD3, 0x08, 0x36, 0x86, 0xD2, 0x06, 0x36, 0x85, 0xD1, 0x05, 0x37, 0x85, 0xD0, 0x03,
    0x37, 0x85, 0xCF, 0x03, 0x38, 0x84, 0xCE, 0x03, 0x38, 0x84, 0xCE, 0x02, 0x38, 0x84, 0xCD, 0x02,
    0x39, 0x84, 0xCC, 0x02, 0x39, 0x85, 0xCC, 0x01, 0x39, 0x85, 0xCC, 0x01, 0x3A, 0x86, 0xCC, 0x01,
    0x3A, 0x86, 0xCB, 0x01, 0x3C, 0x87, 0xCB, 0x01, 0x3E, 0x87, 0xCB, 0x01, 0x3F, 0x88, 0xCC, 0x01,
    0x40, 0x88, 0xCC, 0x01, 0x41, 0x89, 0xCC, 0x01, 0x43, 0x8A, 0xCC, 0x01, 0x00, 0x00, 0x00, 0x00,
    0x00, 0x00, 0x00, 0x00, 0x00, 0x00, 0x00, 0x00, 0x00, 0x00, 0x00, 0x00, 0x00, 0x00, 0x00, 0x00,
    0x00, 0x00, 0x00, 0x00, 0x00, 0x00, 0x00, 0x00, 0x00, 0x00, 0x00, 0x00, 0x00, 0x00, 0x00, 0x00,
    0x00, 0x00, 0x00, 0x00, 0x00, 0x00, 0x00, 0x00, 0x00, 0x00, 0x00, 0x00, 0x00, 0x00, 0x00, 0x00,
    0x00, 0x00, 0x00, 0x00, 0x00, 0x00, 0x00, 0x00, 0x00, 0x00, 0x00, 0x00, 0x00, 0x00, 0x00, 0x00,
    0x00, 0x00, 0x00, 0x00, 0x4E, 0x8F, 0xCC, 0x03, 0x4E, 0x8F, 0xCB, 0x02, 0x4F, 0x90, 0xCB, 0x03,
    0x50, 0x8E, 0xCA, 0x03, 0x52, 0x8F, 0xCA, 0x03, 0x4C, 0x86, 0xBE, 0x06, 0x3E, 0x6C, 0x9E, 0x45,
    0x26, 0x41, 0x64, 0xAB, 0x35, 0x51, 0x68, 0xE8, 0x35, 0x51, 0x68, 0xE8, 0x67, 0x73, 0x93, 0xF5,
    0xA5, 0xBA, 0xCF, 0xFB, 0xBE, 0xDD, 0xED, 0xFB, 0xA4, 0xBC, 0xDB, 0xFD, 0x8F, 0xB5, 0xD6, 0xFC,
    0x46, 0x6A, 0x95, 0xFC, 0x38, 0x50, 0x7E, 0xFC, 0x87, 0xA2, 0xC2, 0xFC, 0xE9, 0xF7, 0xFE, 0xFC,
    0xE8, 0xF4, 0xFD, 0xFC, 0xE6, 0xF4, 0xFE, 0xFC, 0xE5, 0xF4, 0xFE, 0xFC, 0xE3, 0xF3, 0xFD, 0xFC,
    0xDF, 0xEF, 0xFC, 0xFC, 0xDA, 0xEC, 0xFC, 0xFC, 0xD0, 0xEB, 0xFD, 0xFC, 0xBB, 0xE3, 0xFD, 0xFC,
    0x9A, 0xD2, 0xFD, 0xFD, 0x9A, 0xD2, 0xFD, 0xFD, 0x78, 0xC5, 0xFD, 0xFD, 0x58, 0xB4, 0xFD, 0xFD,
    0x4B, 0xAF, 0xFD, 0xFD, 0x52, 0xB7, 0xFE, 0xFD, 0x56, 0xBC, 0xFE, 0xFD, 0x56, 0xBB, 0xFE, 0xFD,
    0x55, 0xBD, 0xFD, 0xFD, 0x4C, 0xB0, 0xFC, 0xFD, 0x48, 0xAE, 0xFD, 0xFD, 0x3D, 0xAC, 0xFD, 0xFD,
    0x3C, 0xB1, 0xFE, 0xFD, 0x35, 0xAC, 0xFE, 0xFD, 0x34, 0xAD, 0xFE, 0xFD, 0x2C, 0xA1, 0xFD, 0xFD,
    0x24, 0x97, 0xFC, 0xFD, 0x1F, 0x8F, 0xF9, 0xFD, 0x21, 0x90, 0xFA, 0xFD, 0x21, 0x90, 0xFA, 0xFD,
    0x23, 0x93, 0xFD, 0xFD, 0x25, 0x96, 0xFE, 0xFD, 0x1D, 0x88, 0xF6, 0xFD, 0x19, 0x83, 0xF0, 0xFD,
    0x17, 0x82, 0xEC, 0xFD, 0x1B, 0x87, 0xF1, 0xFD, 0x27, 0x94, 0xFA, 0xFD, 0x35, 0xA5, 0xFF, 0xFD,
    0x38, 0xA7, 0xFE, 0xFD, 0x3B, 0xAA, 0xFE, 0xFD, 0x3A, 0xA8, 0xFE, 0xFD, 0x38, 0xA7, 0xFE, 0xFD,
    0x37, 0xA7, 0xFE, 0xFD, 0x35, 0xA6, 0xFE, 0xFD, 0x34, 0xA6, 0xFE, 0xFD, 0x34, 0xA6, 0xFE, 0xFD,
    0x33, 0xA7, 0xFE, 0xFD, 0x33, 0xA7, 0xFE, 0xFD, 0x33, 0xA6, 0xFF, 0xFD, 0x34, 0xA6, 0xFE, 0xFD,
    0x35, 0xA6, 0xFE, 0xFD, 0x35, 0xA6, 0xFE, 0xFD, 0x35, 0xA6, 0xFE, 0xFD, 0x35, 0xA6, 0xFE, 0xFD,
    0x35, 0xA6, 0xFE, 0xFD, 0x35, 0xA6, 0xFE, 0xFD, 0x36, 0xA6, 0xFE, 0xFD, 0x36, 0xA6, 0xFF, 0xFD,
    0x36, 0xA6, 0xFF, 0xFC, 0x36, 0xA6, 0xFF, 0xFC, 0x35, 0xA7, 0xFF, 0xFC, 0x33, 0xA5, 0xFE, 0xFC,
    0x2D, 0xA0, 0xFD, 0xFC, 0x26, 0x98, 0xFB, 0xFC, 0x27, 0x9B, 0xFD, 0xFC, 0x24, 0x9B, 0xFE, 0xFC,
    0x24, 0x9B, 0xFE, 0xFC, 0x11, 0x89, 0xFA, 0xFB, 0x10, 0x8D, 0xFA, 0xFB, 0x13, 0x6F, 0xDB, 0xF8,
    0x00, 0x07, 0x41, 0xFC, 0x11, 0x45, 0x8C, 0x83, 0x37, 0x8F, 0xDB, 0x0F, 0x32, 0x84, 0xD0, 0x10,
    0x36, 0x85, 0xD1, 0x07, 0x37, 0x85, 0xD1, 0x05, 0x37, 0x86, 0xD0, 0x04, 0x37, 0x85, 0xD0, 0x03,
    0x37, 0x85, 0xCF, 0x03, 0x37, 0x84, 0xCE, 0x02, 0x38, 0x84, 0xCD, 0x02, 0x39, 0x84, 0xCD, 0x01,
    0x39, 0x84, 0xCC, 0x01, 0x3A, 0x85, 0xCC, 0x01, 0x3A, 0x85, 0xCC, 0x01, 0x3A, 0x85, 0xCC, 0x01,
    0x3B, 0x86, 0xCC, 0x01, 0x3C, 0x86, 0xCB, 0x01, 0x3E, 0x87, 0xCB, 0x01, 0x3F, 0x88, 0xCC, 0x01,
    0x40, 0x88, 0xCC, 0x01, 0x41, 0x89, 0xCC, 0x01, 0x43, 0x8A, 0xCC, 0x01, 0x00, 0x00, 0x00, 0x00,
    0x00, 0x00, 0x00, 0x00, 0x00, 0x00, 0x00, 0x00, 0x00, 0x00, 0x00, 0x00, 0x00, 0x00, 0x00, 0x00,
    0x00, 0x00, 0x00, 0x00, 0x00, 0x00, 0x00, 0x00, 0x00, 0x00, 0x00, 0x00, 0x00, 0x00, 0x00, 0x00,
    0x00, 0x00, 0x00, 0x00, 0x00, 0x00, 0x00, 0x00, 0x00, 0x00, 0x00, 0x00, 0x00, 0x00, 0x00, 0x00,
    0x00, 0x00, 0x00, 0x00, 0x00, 0x00, 0x00, 0x00, 0x00, 0x00, 0x00, 0x00, 0x00, 0x00, 0x00, 0x00,
    0x00, 0x00, 0x00, 0x00, 0x4E, 0x8F, 0xCC, 0x02, 0x4F, 0x8F, 0xCB, 0x03, 0x4E, 0x8F, 0xCA, 0x02,
    0x4E, 0x8D, 0xC9, 0x03, 0x50, 0x8C, 0xC8, 0x04, 0x51, 0x8E, 0xC7, 0x02, 0x53, 0x90, 0xC4, 0x0A,
    0x52, 0x88, 0xB7, 0x5A, 0x2B, 0x44, 0x6B, 0xA1, 0x2B, 0x44, 0x6B, 0xA1, 0x1E, 0x27, 0x44, 0xF0,
    0x56, 0x7A, 0x8A, 0xF9, 0x44, 0x64, 0x7F, 0xFA, 0x29, 0x3A, 0x6B, 0xFB, 0x26, 0x41, 0x73, 0xFB,
    0x76, 0x9E, 0xC2, 0xFC, 0xCA, 0xEC, 0xF9, 0xFC, 0xE3, 0xF9, 0xFD, 0xFC, 0xE3, 0xF5, 0xFC, 0xFC,
    0xE1, 0xF0, 0xFA, 0xFC, 0xE1, 0xF2, 0xFD, 0xFC, 0xE1, 0xF3, 0xFE, 0xFC, 0xDE, 0xF1, 0xFD, 0xFC,
    0xDA, 0xEE, 0xFC, 0xFC, 0xD7, 0xEC, 0xFB, 0xFC, 0xD2, 0xE8, 0xFC, 0xFC, 0xCB, 0xE5, 0xFC, 0xFC,
    0xC1, 0xE4, 0xFD, 0xFD, 0xC1, 0xE4, 0xFD, 0xFD, 0xAE, 0xDE, 0xFE, 0xFC, 0x95, 0xD3, 0xFE, 0xFD,
    0x83, 0xCC, 0xFE, 0xFD, 0x6F, 0xBA, 0xFC, 0xFD, 0x67, 0xB6, 0xFC, 0xFD, 0x61, 0xB6, 0xFC, 0xFD,
    0x4F, 0xAE, 0xFC, 0xFD, 0x39, 0xA1, 0xF9, 0xFD, 0x2F, 0x9E, 0xFB, 0xFD, 0x30, 0x9F, 0xFC, 0xFD,
    0x35, 0xAA, 0xFE, 0xFD, 0x32, 0xA7, 0xFE, 0xFD, 0x2A, 0x9F, 0xFD, 0xFD, 0x24, 0x99, 0xFD, 0xFD,
    0x1F, 0x92, 0xFD, 0xFD, 0x1F, 0x8D, 0xFA, 0xFD, 0x22, 0x8E, 0xF9, 0xFD, 0x22, 0x8E, 0xF9, 0xFD,
    0x21, 0x8A, 0xF7, 0xFD, 0x1F, 0x8A, 0xF6, 0xFD, 0x1A, 0x83, 0xED, 0xFD, 0x1A, 0x7F, 0xEB, 0xFD,
    0x24, 0x8D, 0xF4, 0xFD, 0x33, 0xA5, 0xFE, 0xFD, 0x35, 0xA3, 0xFE, 0xFD, 0x38, 0xA6, 0xFE, 0xFD,
    0x3A, 0xA6, 0xFE, 0xFD, 0x3B, 0xA8, 0xFE, 0xFD, 0x39, 0xA8, 0xFE, 0xFD, 0x38, 0xA7, 0xFE, 0xFD,
    0x36, 0xA6, 0xFE, 0xFD, 0x35, 0xA5, 0xFD, 0xFD, 0x34, 0xA5, 0xFD, 0xFD, 0x34, 0xA5, 0xFE, 0xFD,
    0x35, 0xA6, 0xFE, 0xFD, 0x35, 0xA6, 0xFE, 0xFD, 0x35, 0xA6, 0xFE, 0xFD, 0x35, 0xA6, 0xFF, 0xFD,
    0x35, 0xA6, 0xFF, 0xFD, 0x35, 0xA6, 0xFE, 0xFD, 0x35, 0xA6, 0xFE, 0xFD, 0x35, 0xA5, 0xFE, 0xFD,
    0x34, 0xA5, 0xFE, 0xFD, 0x34, 0xA5, 0xFE, 0xFD, 0x35, 0xA5, 0xFE, 0xFC, 0x35, 0xA5, 0xFF, 0xFC,
    0x35, 0xA6, 0xFF, 0xFC, 0x36, 0xA6, 0xFE, 0xFC, 0x35, 0xA6, 0xFE, 0xFC, 0x36, 0xA7, 0xFE, 0xFC,
    0x38, 0xA9, 0xFE, 0xFC, 0x35, 0xA6, 0xFE, 0xFC, 0x2A, 0x9A, 0xFC, 0xFC, 0x1F, 0x93, 0xFB, 0xFB,
    0x1F, 0x93, 0xFB, 0xFB, 0x11, 0x88, 0xF9, 0xFB, 0x0E, 0x85, 0xF8, 0xFB, 0x13, 0x6D, 0xD9, 0xF8,
    0x00, 0x05, 0x3E, 0xFB, 0x11, 0x43, 0x8B, 0x73, 0x35, 0x8F, 0xDA, 0x0E, 0x32, 0x84, 0xCF, 0x0E,
    0x36, 0x85, 0xD0, 0x07, 0x37, 0x86, 0xD1, 0x05, 0x37, 0x85, 0xD0, 0x04, 0x37, 0x85, 0xD0, 0x03,
    0x37, 0x85, 0xCF, 0x02, 0x38, 0x85, 0xCE, 0x02, 0x39, 0x84, 0xCE, 0x02, 0x39, 0x85, 0xCD, 0x01,
    0x3A, 0x84, 0xCC, 0x01, 0x3B, 0x85, 0xCC, 0x01, 0x3B, 0x85, 0xCC, 0x01, 0x3B, 0x85, 0xCC, 0x01,
    0x3C, 0x86, 0xCB, 0x01, 0x3D, 0x86, 0xCB, 0x01, 0x3E, 0x87, 0xCC, 0x01, 0x3F, 0x87, 0xCB, 0x01,
    0x40, 0x89, 0xCC, 0x01, 0x41, 0x89, 0xCC, 0x01, 0x00, 0x00, 0x00, 0x00, 0x00, 0x00, 0x00, 0x00,
    0x00, 0x00, 0x00, 0x00, 0x00, 0x00, 0x00, 0x00, 0x00, 0x00, 0x00, 0x00, 0x00, 0x00, 0x00, 0x00,
    0x00, 0x00, 0x00, 0x00, 0x00, 0x00, 0x00, 0x00, 0x00, 0x00, 0x00, 0x00, 0x00, 0x00, 0x00, 0x00,
    0x00, 0x00, 0x00, 0x00, 0x00, 0x00, 0x00, 0x00, 0x00, 0x00, 0x00, 0x00, 0x00, 0x00, 0x00, 0x00,
    0x00, 0x00, 0x00, 0x00, 0x00, 0x00, 0x00, 0x00, 0x00, 0x00, 0x00, 0x00, 0x00, 0x00, 0x00, 0x00,
    0x00, 0x00, 0x00, 0x00, 0x4E, 0x8F, 0xCB, 0x02, 0x4E, 0x8F, 0xCB, 0x01, 0x4F, 0x8E, 0xCA, 0x02,
    0x4F, 0x8E, 0xC8, 0x01, 0x50, 0x8E, 0xC8, 0x01, 0x51, 0x8E, 0xC7, 0x01, 0x4D, 0x8B, 0xC5, 0x02,
    0x4C, 0x8E, 0xC7, 0x06, 0x55, 0x8F, 0xBE, 0x37, 0x55, 0x8F, 0xBE, 0x37, 0x41, 0x65, 0x80, 0xBC,
    0x2B, 0x36, 0x49, 0xDB, 0x35, 0x3D, 0x51, 0xF5, 0x72, 0x95, 0xAB, 0xFC, 0x98, 0xB9, 0xD7, 0xF9,
    0xB7, 0xD6, 0xEE, 0xFC, 0xC5, 0xE1, 0xF6, 0xFB, 0xCF, 0xE5, 0xF6, 0xFB, 0xDC, 0xEF, 0xF9, 0xFB,
    0xDD, 0xEE, 0xFA, 0xFC, 0xDB, 0xEC, 0xFB, 0xFB, 0xD9, 0xEA, 0xFB, 0xFB, 0xD7, 0xEA, 0xFC, 0xFC,
    0xD4, 0xEA, 0xFC, 0xFC, 0xD1, 0xE8, 0xFC, 0xFC, 0xCD, 0xE5, 0xFC, 0xFC, 0xC9, 0xE3, 0xFC, 0xFC,
    0xC4, 0xE0, 0xFC, 0xFC, 0xC4, 0xE0, 0xFC, 0xFC, 0xBE, 0xDF, 0xFC, 0xFC, 0xB7, 0xDD, 0xFD, 0xFC,
    0xAB, 0xD9, 0xFD, 0xFD, 0x9F, 0xD5, 0xFD, 0xFD, 0x97, 0xD3, 0xFD, 0xFD, 0x87, 0xC6, 0xFC, 0xFD,
    0x75, 0xC0, 0xFD, 0xFD, 0x53, 0xAE, 0xFC, 0xFD, 0x39, 0xA3, 0xFB, 0xFD, 0x30, 0xA3, 0xFC, 0xFD,
    0x2F, 0xA9, 0xFE, 0xFD, 0x29, 0xA5, 0xFE, 0xFD, 0x22, 0x99, 0xFD, 0xFD, 0x1D, 0x8F, 0xFB, 0xFD,
    0x1F, 0x91, 0xFD, 0xFD, 0x1D, 0x8A, 0xF9, 0xFD, 0x1D, 0x86, 0xF4, 0xFD, 0x1D, 0x86, 0xF4, 0xFD,
    0x19, 0x7B, 0xE8, 0xFD, 0x17, 0x79, 0xE5, 0xFD, 0x21, 0x88, 0xF1, 0xFD, 0x30, 0x9B, 0xFD, 0xFD,
    0x35, 0xA0, 0xFE, 0xFD, 0x37, 0xA6, 0xFE, 0xFD, 0x38, 0xA7, 0xFE, 0xFD, 0x3A, 0xA8, 0xFE, 0xFD,
    0x3A, 0xA6, 0xFE, 0xFD, 0x3A, 0xA7, 0xFE, 0xFD, 0x38, 0xA6, 0xFE, 0xFD, 0x37, 0xA6, 0xFE, 0xFD,
    0x35, 0xA6, 0xFD, 0xFD, 0x35, 0xA5, 0xFD, 0xFD, 0x35, 0xA5, 0xFD, 0xFD, 0x35, 0xA7, 0xFE, 0xFD,
    0x36, 0xA7, 0xFE, 0xFD, 0x36, 0xA7, 0xFE, 0xFD, 0x36, 0xA8, 0xFF, 0xFD, 0x36, 0xA7, 0xFF, 0xFD,
    0x36, 0xA7, 0xFF, 0xFD, 0x35, 0xA6, 0xFF, 0xFD, 0x34, 0xA6, 0xFE, 0xFD, 0x34, 0xA5, 0xFE, 0xFD,
    0x34, 0xA6, 0xFE, 0xFD, 0x34, 0xA6, 0xFF, 0xFD, 0x34, 0xA5, 0xFE, 0xFC, 0x34, 0xA5, 0xFE, 0xFC,
    0x35, 0xA6, 0xFE, 0xFC, 0x35, 0xA6, 0xFE, 0xFC, 0x34, 0xA6, 0xFE, 0xFC, 0x36, 0xA7, 0xFE, 0xFC,
    0x3B, 0xAA, 0xFE, 0xFC, 0x39, 0xA9, 0xFE, 0xFC, 0x2F, 0xA3, 0xFD, 0xFB, 0x1F, 0x95, 0xFC, 0xFB,
    0x1F, 0x95, 0xFC, 0xFB, 0x11, 0x89, 0xF9, 0xFB, 0x0E, 0x84, 0xF8, 0xFA, 0x16, 0x75, 0xDE, 0xF8,
    0x00, 0x09, 0x43, 0xF5, 0x14, 0x47, 0x8D, 0x5C, 0x37, 0x91, 0xDB, 0x0C, 0x32, 0x85, 0xCE, 0x0D,
    0x36, 0x86, 0xD0, 0x06, 0x37, 0x86, 0xD0, 0x05, 0x38, 0x85, 0xD0, 0x03, 0x38, 0x85, 0xD0, 0x03,
    0x39, 0x85, 0xCF, 0x02, 0x39, 0x85, 0xCE, 0x02, 0x39, 0x85, 0xCE, 0x01, 0x39, 0x85, 0xCD, 0x01,
    0x3A, 0x85, 0xCD, 0x01, 0x3B, 0x86, 0xCD, 0x01, 0x3B, 0x86, 0xCD, 0x01, 0x3C, 0x86, 0xCC, 0x01,
    0x3D, 0x86, 0xCC, 0x01, 0x3F, 0x87, 0xCC, 0x01, 0x3F, 0x87, 0xCB, 0x01, 0x40, 0x88, 0xCB, 0x01,
    0x00, 0x00, 0x00, 0x00, 0x00, 0x00, 0x00, 0x00, 0x00, 0x00, 0x00, 0x00, 0x00, 0x00, 0x00, 0x00,
    0x00, 0x00, 0x00, 0x00, 0x00, 0x00, 0x00, 0x00, 0x00, 0x00, 0x00, 0x00, 0x00, 0x00, 0x00, 0x00,
    0x00, 0x00, 0x00, 0x00, 0x00, 0x00, 0x00, 0x00, 0x00, 0x00, 0x00, 0x00, 0x00, 0x00, 0x00, 0x00,
    0x00, 0x00, 0x00, 0x00, 0x00, 0x00, 0x00, 0x00, 0x00, 0x00, 0x00, 0x00, 0x00, 0x00, 0x00, 0x00,
    0x00, 0x00, 0x00, 0x00, 0x00, 0x00, 0x00, 0x00, 0x00, 0x00, 0x00, 0x00, 0x00, 0x00, 0x00, 0x00,
    0x00, 0x00, 0x00, 0x00, 0x4E, 0x8E, 0xCB, 0x01, 0x4F, 0x8F, 0xCA, 0x01, 0x4F, 0x8E, 0xCA, 0x01,
    0x50, 0x8E, 0xC8, 0x01, 0x51, 0x8E, 0xC8, 0x01, 0x51, 0x8E, 0xC8, 0x02, 0x51, 0x8E, 0xCA, 0x03,
    0x50, 0x8E, 0xCB, 0x01, 0x45, 0x84, 0xBD, 0x03, 0x45, 0x84, 0xBD, 0x03, 0x55, 0x94, 0xC0, 0x23,
    0x47, 0x68, 0x8B, 0x4A, 0x28, 0x2B, 0x3B, 0xCB, 0x87, 0xAB, 0xB5, 0xF2, 0x9E, 0xBE, 0xD0, 0xF5,
    0xAC, 0xC5, 0xDC, 0xFA, 0xCA, 0xE9, 0xFA, 0xF9, 0xC9, 0xE1, 0xF8, 0xFA, 0xD1, 0xE7, 0xFA, 0xFA,
    0xD5, 0xE8, 0xFA, 0xFA, 0xD6, 0xEB, 0xFB, 0xFB, 0xD5, 0xEA, 0xFB, 0xFB, 0xD2, 0xE8, 0xFB, 0xFB,
    0xCE, 0xE5, 0xFA, 0xFB, 0xCC, 0xE3, 0xFB, 0xFB, 0xC8, 0xE3, 0xFB, 0xFB, 0xC4, 0xE0, 0xFB, 0xFC,
    0xC0, 0xDC, 0xFB, 0xFC, 0xC0, 0xDC, 0xFB, 0xFC, 0xBC, 0xDB, 0xFA, 0xFC, 0xB7, 0xD6, 0xF9, 0xFC,
    0xB2, 0xD2, 0xF9, 0xFC, 0xAC, 0xD2, 0xF9, 0xFD, 0xA5, 0xD1, 0xFA, 0xFD, 0xA2, 0xD3, 0xFC, 0xFD,
    0x97, 0xCE, 0xFD, 0xFD, 0x7E, 0xC7, 0xFD, 0xFD, 0x60, 0xC1, 0xFE, 0xFD, 0x3B, 0xAC, 0xFC, 0xFD,
    0x29, 0xA1, 0xFD, 0xFD, 0x1E, 0x97, 0xFC, 0xFD, 0x1C, 0x91, 0xFB, 0xFD, 0x18, 0x84, 0xF3, 0xFD,
    0x18, 0x81, 0xF1, 0xFD, 0x1C, 0x82, 0xF0, 0xFD, 0x1F, 0x86, 0xF2, 0xFD, 0x1F, 0x86, 0xF2, 0xFD,
    0x22, 0x85, 0xF0, 0xFD, 0x29, 0x8D, 0xF7, 0xFD, 0x33, 0x9B, 0xFD, 0xFD, 0x38, 0xA4, 0xFF, 0xFD,
    0x37, 0xA2, 0xFE, 0xFD, 0x3A, 0xA3, 0xFE, 0xFD, 0x3B, 0xA5, 0xFE, 0xFD, 0x3A, 0xA6, 0xFE, 0xFD,
    0x3B, 0xA5, 0xFE, 0xFD, 0x3A, 0xA6, 0xFE, 0xFD, 0x39, 0xA5, 0xFE, 0xFD, 0x38, 0xA6, 0xFD, 0xFD,
    0x37, 0xA5, 0xFE, 0xFD, 0x36, 0xA5, 0xFE, 0xFD, 0x36, 0xA5, 0xFE, 0xFD, 0x36, 0xA6, 0xFE, 0xFD,
    0x37, 0xA7, 0xFE, 0xFD, 0x37, 0xA7, 0xFE, 0xFD, 0x36, 0xA7, 0xFE, 0xFD, 0x36, 0xA8, 0xFE, 0xFD,
    0x35, 0xA5, 0xFE, 0xFD, 0x33, 0xA4, 0xFE, 0xFD, 0x33, 0xA4, 0xFE, 0xFD, 0x33, 0xA4, 0xFE, 0xFD,
    0x34, 0xA4, 0xFE, 0xFC, 0x33, 0xA5, 0xFF, 0xFC, 0x33, 0xA5, 0xFF, 0xFC, 0x33, 0xA5, 0xFE, 0xFC,
    0x34, 0xA5, 0xFE, 0xFC, 0x34, 0xA5, 0xFE, 0xFC, 0x34, 0xA5, 0xFE, 0xFC, 0x33, 0xA4, 0xFD, 0xFC,
    0x30, 0xA1, 0xFD, 0xFC, 0x33, 0xA3, 0xFD, 0xFC, 0x2D, 0xA1, 0xFD, 0xFB, 0x1B, 0x8F, 0xFB, 0xFB,
    0x1B, 0x8F, 0xFB, 0xFB, 0x10, 0x84, 0xF8, 0xFB, 0x0F, 0x85, 0xF8, 0xFA, 0x15, 0x71, 0xDD, 0xF9,
    0x00, 0x08, 0x41, 0xF3, 0x14, 0x42, 0x8A, 0x4B, 0x3C, 0x91, 0xDF, 0x0B, 0x33, 0x84, 0xCE, 0x0C,
    0x37, 0x86, 0xD0, 0x05, 0x38, 0x86, 0xD1, 0x04, 0x39, 0x85, 0xD0, 0x03, 0x39, 0x86, 0xD0, 0x02,
    0x3A, 0x85, 0xCF, 0x02, 0x3A, 0x86, 0xCF, 0x02, 0x3A, 0x86, 0xCE, 0x01, 0x3A, 0x85, 0xCE, 0x01,
    0x3B, 0x85, 0xCD, 0x01, 0x3C, 0x86, 0xCD, 0x01, 0x3C, 0x86, 0xCD, 0x01, 0x3D, 0x86, 0xCD, 0x01,
    0x3E, 0x87, 0xCD, 0x01, 0x3F, 0x87, 0xCB, 0x01, 0x40, 0x87, 0xCC, 0x01, 0x00, 0x00, 0x00, 0x00,
    0x00, 0x00, 0x00, 0x00, 0x00, 0x00, 0x00, 0x00, 0x00, 0x00, 0x00, 0x00, 0x00, 0x00, 0x00, 0x00,
    0x00, 0x00, 0x00, 0x00, 0x00, 0x00, 0x00, 0x00, 0x00, 0x00, 0x00, 0x00, 0x00, 0x00, 0x00, 0x00,
    0x00, 0x00, 0x00, 0x00, 0x00, 0x00, 0x00, 0x00, 0x00, 0x00, 0x00, 0x00, 0x00, 0x00, 0x00, 0x00,
    0x00, 0x00, 0x00, 0x00, 0x00, 0x00, 0x00, 0x00, 0x00, 0x00, 0x00, 0x00, 0x00, 0x00, 0x00, 0x00,
    0x00, 0x00, 0x00, 0x00, 0x00, 0x00, 0x00, 0x00, 0x00, 0x00, 0x00, 0x00, 0x00, 0x00, 0x00, 0x00,
    0x00, 0x00, 0x00, 0x00, 0x4F, 0x8F, 0xCB, 0x01, 0x4F, 0x8F, 0xCA, 0x01, 0x50, 0x8F, 0xCA, 0x01,
    0x50, 0x8F, 0xC9, 0x01, 0x52, 0x8F, 0xC9, 0x01, 0x00, 0x00, 0x00, 0x00, 0x53, 0x90, 0xCA, 0x01,
    0x56, 0x91, 0xCC, 0x02, 0x56, 0x93, 0xCB, 0x02, 0x56, 0x93, 0xCB, 0x02, 0x53, 0x92, 0xC7, 0x01,
    0x5D, 0x99, 0xCB, 0x01, 0x64, 0x99, 0xC0, 0x38, 0x50, 0x79, 0x97, 0x7E, 0x10, 0x1D, 0x2F, 0xD3,
    0x1C, 0x23, 0x37, 0xEC, 0x77, 0x97, 0xAF, 0xF6, 0xA3, 0xC6, 0xE9, 0xFB, 0xB6, 0xDF, 0xF9, 0xF7,
    0xC0, 0xDF, 0xF9, 0xF9, 0xC3, 0xE1, 0xFA, 0xF8, 0xC6, 0xE3, 0xF9, 0xF9, 0xC8, 0xE4, 0xFA, 0xF8,
    0xC8, 0xE4, 0xFA, 0xFA, 0xC2, 0xDF, 0xF8, 0xFA, 0xBE, 0xDD, 0xF8, 0xFA, 0xBA, 0xDB, 0xF8, 0xFB,
    0xB7, 0xD9, 0xF9, 0xFC, 0xB7, 0xD9, 0xF9, 0xFC, 0xB3, 0xD9, 0xFB, 0xFC, 0xB1, 0xD9, 0xFB, 0xFC,
    0xAC, 0xD5, 0xFB, 0xFC, 0xA2, 0xCE, 0xF9, 0xFC, 0x96, 0xCB, 0xF9, 0xFD, 0x89, 0xC0, 0xF5, 0xFD,
    0x80, 0xBA, 0xF3, 0xFD, 0x76, 0xC0, 0xF9, 0xFD, 0x5B, 0xB7, 0xFB, 0xFD, 0x31, 0x99, 0xF4, 0xFD,
    0x1A, 0x85, 0xF1, 0xFD, 0x11, 0x7B, 0xEA, 0xFD, 0x16, 0x82, 0xF0, 0xFD, 0x18, 0x7E, 0xEE, 0xFD,
    0x1E, 0x84, 0xF1, 0xFD, 0x26, 0x8B, 0xF6, 0xFD, 0x2F, 0x9A, 0xFE, 0xFD, 0x2F, 0x9A, 0xFE, 0xFD,
    0x32, 0x9C, 0xFE, 0xFD, 0x35, 0xA1, 0xFE, 0xFD, 0x37, 0xA1, 0xFE, 0xFD, 0x38, 0xA4, 0xFE, 0xFD,
    0x3A, 0xA5, 0xFE, 0xFD, 0x3B, 0xA6, 0xFE, 0xFD, 0x3C, 0xA5, 0xFE, 0xFD, 0x3B, 0xA7, 0xFF, 0xFD,
    0x3B, 0xA6, 0xFF, 0xFD, 0x3B, 0xA7, 0xFE, 0xFD, 0x39, 0xA7, 0xFE, 0xFD, 0x39, 0xA7, 0xFE, 0xFD,
    0x38, 0xA7, 0xFE, 0xFD, 0x38, 0xA7, 0xFE, 0xFD, 0x37, 0xA7, 0xFE, 0xFD, 0x35, 0xA8, 0xFE, 0xFD,
    0x37, 0xAB, 0xFE, 0xFD, 0x37, 0xAB, 0xFE, 0xFD, 0x37, 0xAA, 0xFE, 0xFD, 0x33, 0xA7, 0xFE, 0xFD,
    0x33, 0xA6, 0xFD, 0xFD, 0x30, 0xA3, 0xFD, 0xFD, 0x32, 0xA4, 0xFD, 0xFD, 0x32, 0xA3, 0xFE, 0xFD,
    0x32, 0xA4, 0xFE, 0xFC, 0x33, 0xA4, 0xFE, 0xFC, 0x33, 0xA5, 0xFE, 0xFC, 0x33, 0xA5, 0xFE, 0xFC,
    0x33, 0xA4, 0xFE, 0xFC, 0x33, 0xA5, 0xFE, 0xFC, 0x33, 0xA6, 0xFE, 0xFC, 0x31, 0xA4, 0xFD, 0xFC,
    0x2E, 0xA5, 0xFD, 0xFB, 0x29, 0x9F, 0xFC, 0xFB, 0x23, 0x9B, 0xFD, 0xFB, 0x1C, 0x97, 0xFD, 0xFB,
    0x1C, 0x97, 0xFD, 0xFB, 0x11, 0x8A, 0xFB, 0xFA, 0x10, 0x84, 0xF8, 0xF9, 0x11, 0x67, 0xCF, 0xF3,
    0x00, 0x11, 0x54, 0xE2, 0x0E, 0x41, 0x8E, 0x38, 0x3C, 0x92, 0xDF, 0x09, 0x34, 0x86, 0xD0, 0x0B,
    0x37, 0x87, 0xD0, 0x04, 0x38, 0x87, 0xD1, 0x04, 0x38, 0x86, 0xD0, 0x03, 0x39, 0x87, 0xD0, 0x02,
    0x3A, 0x86, 0xCF, 0x02, 0x3A, 0x87, 0xCF, 0x01, 0x3A, 0x86, 0xCE, 0x01, 0x3B, 0x86, 0xCE, 0x01,
    0x3C, 0x85, 0xCD, 0x01, 0x3C, 0x86, 0xCC, 0x01, 0x3C, 0x86, 0xCC, 0x01, 0x3D, 0x86, 0xCC, 0x01,
    0x3D, 0x86, 0xCD, 0x01, 0x00, 0x00, 0x00, 0x00, 0x00, 0x00, 0x00, 0x00, 0x00, 0x00, 0x00, 0x00,
    0x00, 0x00, 0x00, 0x00, 0x00, 0x00, 0x00, 0x00, 0x00, 0x00, 0x00, 0x00, 0x00, 0x00, 0x00, 0x00,
    0x00, 0x00, 0x00, 0x00, 0x00, 0x00, 0x00, 0x00, 0x00, 0x00, 0x00, 0x00, 0x00, 0x00, 0x00, 0x00,
    0x00, 0x00, 0x00, 0x00, 0x00, 0x00, 0x00, 0x00, 0x00, 0x00, 0x00, 0x00, 0x00, 0x00, 0x00, 0x00,
    0x00, 0x00, 0x00, 0x00, 0x00, 0x00, 0x00, 0x00, 0x00, 0x00, 0x00, 0x00, 0x00, 0x00, 0x00, 0x00,
    0x00, 0x00, 0x00, 0x00, 0x00, 0x00, 0x00, 0x00, 0x00, 0x00, 0x00, 0x00, 0x00, 0x00, 0x00, 0x00,
    0x00, 0x00, 0x00, 0x00, 0x4F, 0x8F, 0xCB, 0x01, 0x50, 0x90, 0xCA, 0x01, 0x51, 0x90, 0xCA, 0x01,
    0x00, 0x00, 0x00, 0x00, 0x52, 0x8F, 0xCA, 0x01, 0x53, 0x90, 0xC9, 0x01, 0x54, 0x91, 0xC9, 0x01,
    0x00, 0x00, 0x00, 0x00, 0x55, 0x91, 0xCA, 0x02, 0x55, 0x91, 0xCA, 0x02, 0x57, 0x94, 0xCC, 0x03,
    0x56, 0x90, 0xC9, 0x03, 0x00, 0x00, 0x00, 0x00, 0x66, 0x9E, 0xD4, 0x03, 0x54, 0x7B, 0xA8, 0x33,
    0x3B, 0x5A, 0x7D, 0x7A, 0x3B, 0x59, 0x75, 0x95, 0x47, 0x61, 0x85, 0xE1, 0x92, 0xC1, 0xDE, 0xE9,
    0x8D, 0xAE, 0xCF, 0xF6, 0x9E, 0xC1, 0xE8, 0xF4, 0xA9, 0xCB, 0xF0, 0xF8, 0xAB, 0xCC, 0xF1, 0xF7,
    0xAD, 0xCC, 0xEF, 0xF8, 0xB0, 0xD1, 0xF3, 0xF9, 0xAD, 0xD0, 0xF1, 0xFA, 0xAA, 0xCF, 0xF1, 0xFA,
    0xA7, 0xCC, 0xF2, 0xFC, 0xA7, 0xCC, 0xF2, 0xFC, 0xA3, 0xCC, 0xF5, 0xFC, 0x9B, 0xC6, 0xF1, 0xFC,
    0x93, 0xC1, 0xF0, 0xFC, 0x81, 0xB3, 0xE8, 0xFC, 0x70, 0xA9, 0xE9, 0xFC, 0x61, 0x9C, 0xE4, 0xFD,
    0x5E, 0x9F, 0xEA, 0xFD, 0x52, 0x9E, 0xEF, 0xFD, 0x38, 0x91, 0xEC, 0xFD, 0x26, 0x88, 0xEB, 0xFD,
    0x1D, 0x82, 0xED, 0xFD, 0x17, 0x7D, 0xE8, 0xFD, 0x1A, 0x80, 0xEB, 0xFD, 0x23, 0x89, 0xF5, 0xFD,
    0x2F, 0x99, 0xFD, 0xFD, 0x34, 0x9B, 0xFE, 0xFD, 0x37, 0xA3, 0xFF, 0xFD, 0x37, 0xA3, 0xFF, 0xFD,
    0x37, 0xA1, 0xFE, 0xFD, 0x37, 0xA2, 0xFE, 0xFD, 0x39, 0xA2, 0xFE, 0xFD, 0x3C, 0xA3, 0xFE, 0xFD,
    0x3D, 0xA4, 0xFE, 0xFD, 0x3E, 0xA6, 0xFE, 0xFD, 0x3D, 0xA6, 0xFE, 0xFD, 0x3D, 0xA7, 0xFF, 0xFD,
    0x3D, 0xA7, 0xFF, 0xFD, 0x3D, 0xA7, 0xFE, 0xFD, 0x3B, 0xA7, 0xFE, 0xFD, 0x3B, 0xA8, 0xFE, 0xFD,
    0x3A, 0xA8, 0xFF, 0xFD, 0x39, 0xA8, 0xFE, 0xFD, 0x36, 0xA6, 0xFE, 0xFD, 0x39, 0xAB, 0xFE, 0xFD,
    0x37, 0xA7, 0xFE, 0xFD, 0x37, 0xA7, 0xFE, 0xFD, 0x37, 0xAA, 0xFD, 0xFD, 0x31, 0xA4, 0xFD, 0xFD,
    0x2D, 0xA1, 0xFC, 0xFD, 0x2E, 0xA3, 0xFD, 0xFD, 0x30, 0xA3, 0xFD, 0xFD, 0x31, 0xA3, 0xFD, 0xFD,
    0x32, 0xA3, 0xFD, 0xFC, 0x31, 0xA3, 0xFD, 0xFC, 0x32, 0xA4, 0xFD, 0xFC, 0x32, 0xA5, 0xFD, 0xFC,
    0x32, 0xA4, 0xFE, 0xFC, 0x33, 0xA4, 0xFD, 0xFC, 0x32, 0xA3, 0xFD, 0xFC, 0x32, 0xA4, 0xFD, 0xFB,
    0x2F, 0xA5, 0xFD, 0xFB, 0x25, 0x99, 0xFB, 0xFB, 0x20, 0x98, 0xFC, 0xFB, 0x17, 0x90, 0xFC, 0xFB,
    0x17, 0x90, 0xFC, 0xFB, 0x10, 0x88, 0xFA, 0xF9, 0x11, 0x79, 0xF0, 0xF7, 0x02, 0x32, 0x93, 0xF2,
    0x1C, 0x52, 0x9D, 0xCC, 0x2F, 0x7C, 0xC8, 0x2F, 0x36, 0x8A, 0xD4, 0x06, 0x37, 0x88, 0xD2, 0x0A,
    0x38, 0x88, 0xD1, 0x04, 0x38, 0x87, 0xD0, 0x04, 0x39, 0x87, 0xD0, 0x03, 0x39, 0x87, 0xD0, 0x02,
    0x3A, 0x87, 0xD0, 0x02, 0x3A, 0x86, 0xCF, 0x01, 0x3B, 0x86, 0xCF, 0x01, 0x3B, 0x86, 0xCD, 0x01,
    0x3C, 0x85, 0xCC, 0x01, 0x3D, 0x86, 0xCC, 0x01, 0x3D, 0x86, 0xCC, 0x01, 0x00, 0x00, 0x00, 0x00,
    0x00, 0x00, 0x00, 0x00, 0x00, 0x00, 0x00, 0x00, 0x00, 0x00, 0x00, 0x00, 0x00, 0x00, 0x00, 0x00,
    0x00, 0x00, 0x00, 0x00, 0x00, 0x00, 0x00, 0x00, 0x00, 0x00, 0x00, 0x00, 0x00, 0x00, 0x00, 0x00,
    0x00, 0x00, 0x00, 0x00, 0x00, 0x00, 0x00, 0x00, 0x00, 0x00, 0x00, 0x00, 0x00, 0x00, 0x00, 0x00,
    0x00, 0x00, 0x00, 0x00, 0x00, 0x00, 0x00, 0x00, 0x00, 0x00, 0x00, 0x00, 0x00, 0x00, 0x00, 0x00,
    0x00, 0x00, 0x00, 0x00, 0x00, 0x00, 0x00, 0x00, 0x00, 0x00, 0x00, 0x00, 0x00, 0x00, 0x00, 0x00,
    0x00, 0x00, 0x00, 0x00, 0x00, 0x00, 0x00, 0x00, 0x00, 0x00, 0x00, 0x00, 0x00, 0x00, 0x00, 0x00,
    0x00, 0x00, 0x00, 0x00, 0x00, 0x00, 0x00, 0x00, 0x00, 0x00, 0x00, 0x00, 0x00, 0x00, 0x00, 0x00,
    0x00, 0x00, 0x00, 0x00, 0x00, 0x00, 0x00, 0x00, 0x00, 0x00, 0x00, 0x00, 0x00, 0x00, 0x00, 0x00,
    0x55, 0x91, 0xC9, 0x01, 0x56, 0x92, 0xCA, 0x01, 0x56, 0x92, 0xCA, 0x01, 0x00, 0x00, 0x00, 0x00,
    0x59, 0x92, 0xCA, 0x01, 0x58, 0x95, 0xCB, 0x02, 0x59, 0x93, 0xCA, 0x05, 0x00, 0x00, 0x00, 0x00,
    0x5B, 0x99, 0xCE, 0x04, 0x53, 0x8B, 0xBB, 0x09, 0x41, 0x6C, 0x96, 0x66, 0x2B, 0x4A, 0x67, 0x9A,
    0x12, 0x17, 0x2F, 0xBB, 0x4F, 0x6C, 0x83, 0xDD, 0x88, 0xA6, 0xC5, 0xED, 0x93, 0xBC, 0xE0, 0xF0,
    0x9D, 0xC5, 0xEB, 0xF3, 0xA7, 0xD2, 0xF4, 0xF4, 0xA5, 0xCB, 0xF1, 0xF7, 0x9F, 0xC9, 0xF1, 0xF9,
    0x97, 0xC0, 0xEB, 0xFB, 0x97, 0xC0, 0xEB, 0xFB, 0x93, 0xBE, 0xE8, 0xFC, 0x8F, 0xB9, 0xE7, 0xFC,
    0x88, 0xB8, 0xEA, 0xFC, 0x80, 0xB7, 0xED, 0xFC, 0x79, 0xB9, 0xF2, 0xFC, 0x6A, 0xA9, 0xEB, 0xFC,
    0x61, 0xA7, 0xF1, 0xFC, 0x4C, 0xA0, 0xF3, 0xFD, 0x3F, 0x9E, 0xF3, 0xFD, 0x43, 0xA2, 0xF6, 0xFD,
    0x4E, 0xB2, 0xFD, 0xFD, 0x3B, 0xA1, 0xF9, 0xFD, 0x2E, 0x95, 0xF6, 0xFD, 0x33, 0x9E, 0xFD, 0xFD,
    0x38, 0xA6, 0xFE, 0xFD, 0x3A, 0xA4, 0xFE, 0xFD, 0x39, 0xA4, 0xFE, 0xFD, 0x39, 0xA4, 0xFE, 0xFD,
    0x38, 0xA3, 0xFE, 0xFD, 0x39, 0xA4, 0xFE, 0xFD, 0x3A, 0xA5, 0xFE, 0xFD, 0x3D, 0xA6, 0xFE, 0xFD,
    0x3F, 0xA7, 0xFE, 0xFD, 0x40, 0xA9, 0xFE, 0xFD, 0x40, 0xA7, 0xFE, 0xFD, 0x40, 0xA8, 0xFE, 0xFD,
    0x40, 0xA8, 0xFE, 0xFD, 0x3F, 0xA9, 0xFF, 0xFD, 0x3E, 0xA8, 0xFF, 0xFD, 0x3D, 0xA8, 0xFF, 0xFC,
    0x3A, 0xA7, 0xFE, 0xFD, 0x3A, 0xAA, 0xFE, 0xFC, 0x38, 0xA7, 0xFE, 0xFD, 0x40, 0xB0, 0xFE, 0xFD,
    0x41, 0xB1, 0xFD, 0xFD, 0x41, 0xB1, 0xFD, 0xFD, 0x38, 0xA9, 0xFD, 0xFD, 0x25, 0x96, 0xF8, 0xFD,
    0x27, 0x98, 0xFA, 0xFD, 0x2D, 0xA1, 0xFD, 0xFD, 0x30, 0xA3, 0xFD, 0xFD, 0x31, 0xA3, 0xFD, 0xFD,
    0x32, 0xA3, 0xFD, 0xFC, 0x31, 0xA4, 0xFD, 0xFC, 0x31, 0xA4, 0xFD, 0xFC, 0x32, 0xA5, 0xFD, 0xFC,
    0x31, 0xA5, 0xFE, 0xFC, 0x32, 0xA4, 0xFE, 0xFC, 0x31, 0xA3, 0xFD, 0xFB, 0x33, 0xA5, 0xFD, 0xFB,
    0x32, 0xA7, 0xFD, 0xFA, 0x2A, 0xA0, 0xFD, 0xFB, 0x1E, 0x99, 0xFC, 0xFA, 0x14, 0x8F, 0xFA, 0xF8,
    0x14, 0x8F, 0xFA, 0xF8, 0x14, 0x8F, 0xFB, 0xF7, 0x11, 0x6B, 0xDF, 0xF2, 0x00, 0x0C, 0x55, 0xE6,
    0x25, 0x5E, 0xA5, 0x8E, 0x40, 0x9A, 0xE6, 0x1D, 0x33, 0x85, 0xD0, 0x03, 0x3B, 0x89, 0xD4, 0x06,
    0x39, 0x88, 0xD1, 0x04, 0x39, 0x88, 0xD1, 0x03, 0x39, 0x88, 0xD0, 0x03, 0x3A, 0x88, 0xD0, 0x02,
    0x3A, 0x88, 0xD0, 0x02, 0x3B, 0x87, 0xD0, 0x01, 0x3B, 0x87, 0xCE, 0x01, 0x3C, 0x87, 0xCE, 0x01,
    0x3D, 0x86, 0xCD, 0x01, 0x00, 0x00, 0x00, 0x00, 0x00, 0x00, 0x00, 0x00, 0x00, 0x00, 0x00, 0x00,
    0x00, 0x00, 0x00, 0x00, 0x00, 0x00, 0x00, 0x00, 0x00, 0x00, 0x00, 0x00, 0x00, 0x00, 0x00, 0x00,
    0x00, 0x00, 0x00, 0x00, 0x00, 0x00, 0x00, 0x00, 0x00, 0x00, 0x00, 0x00, 0x00, 0x00, 0x00, 0x00,
    0x00, 0x00, 0x00, 0x00, 0x00, 0x00, 0x00, 0x00, 0x00, 0x00, 0x00, 0x00, 0x00, 0x00, 0x00, 0x00,
    0x00, 0x00, 0x00, 0x00, 0x00, 0x00, 0x00, 0x00, 0x00, 0x00, 0x00, 0x00, 0x00, 0x00, 0x00, 0x00,
    0x00, 0x00, 0x00, 0x00, 0x00, 0x00, 0x00, 0x00, 0x00, 0x00, 0x00, 0x00, 0x00, 0x00, 0x00, 0x00,
    0x00, 0x00, 0x00, 0x00, 0x00, 0x00, 0x00, 0x00, 0x00, 0x00, 0x00, 0x00, 0x00, 0x00, 0x00, 0x00,
    0x00, 0x00, 0x00, 0x00, 0x00, 0x00, 0x00, 0x00, 0x00, 0x00, 0x00, 0x00, 0x00, 0x00, 0x00, 0x00,
    0x00, 0x00, 0x00, 0x00, 0x00, 0x00, 0x00, 0x00, 0x00, 0x00, 0x00, 0x00, 0x53, 0x90, 0xC9, 0x01,
    0x55, 0x91, 0xCA, 0x01, 0x55, 0x91, 0xC9, 0x01, 0x55, 0x91, 0xC9, 0x01, 0x56, 0x92, 0xCA, 0x01,
    0x58, 0x92, 0xCB, 0x01, 0x5A, 0x94, 0xCC, 0x01, 0x5B, 0x94, 0xCB, 0x03, 0x59, 0x94, 0xCA, 0x03,
    0x57, 0x93, 0xCA, 0x08, 0x55, 0x92, 0xCA, 0x03, 0x5C, 0x9A, 0xD0, 0x01, 0x4F, 0x7E, 0xAD, 0x14,
    0x2B, 0x46, 0x69, 0x22, 0x27, 0x43, 0x59, 0x8A, 0x11, 0x1F, 0x39, 0xB3, 0x39, 0x60, 0x78, 0xD8,
    0x3D, 0x5E, 0x7D, 0xE4, 0x4D, 0x71, 0x8E, 0xED, 0x60, 0x84, 0xA3, 0xF3, 0x83, 0xAC, 0xD0, 0xF8,
    0x97, 0xC0, 0xE6, 0xFB, 0x97, 0xC0, 0xE6, 0xFB, 0x92, 0xBC, 0xE4, 0xFB, 0x8B, 0xB7, 0xE0, 0xFC,
    0x8E, 0xBC, 0xE8, 0xFC, 0x87, 0xB2, 0xE0, 0xFC, 0x84, 0xB3, 0xE5, 0xFC, 0x83, 0xBE, 0xF3, 0xFC,
    0x6E, 0xB8, 0xF8, 0xFC, 0x4A, 0x9C, 0xEE, 0xFC, 0x4B, 0xA1, 0xF1, 0xFD, 0x66, 0xBF, 0xFD, 0xFD,
    0x68, 0xC4, 0xFE, 0xFD, 0x50, 0xB3, 0xFD, 0xFD, 0x41, 0xAE, 0xFE, 0xFD, 0x39, 0xA6, 0xFE, 0xFD,
    0x3B, 0xA5, 0xFE, 0xFD, 0x3C, 0xA6, 0xFE, 0xFD, 0x3B, 0xA6, 0xFE, 0xFD, 0x3B, 0xA6, 0xFE, 0xFD,
    0x3A, 0xA5, 0xFE, 0xFD, 0x3A, 0xA6, 0xFE, 0xFD, 0x39, 0xA3, 0xFE, 0xFD, 0x3E, 0xA7, 0xFE, 0xFD,
    0x3F, 0xA7, 0xFE, 0xFD, 0x40, 0xA9, 0xFE, 0xFD, 0x40, 0xA8, 0xFF, 0xFD, 0x40, 0xA8, 0xFE, 0xFD,
    0x3F, 0xA8, 0xFE, 0xFD, 0x3F, 0xAA, 0xFE, 0xFD, 0x3E, 0xA9, 0xFF, 0xFD, 0x3C, 0xA8, 0xFF, 0xFD,
    0x3B, 0xA9, 0xFE, 0xFD, 0x3B, 0xA5, 0xFC, 0xFD, 0x50, 0xB4, 0xFD, 0xFD, 0x55, 0xBC, 0xFD, 0xFD,
    0x47, 0xB2, 0xFD, 0xFD, 0x47, 0xB2, 0xFD, 0xFD, 0x37, 0xA6, 0xFC, 0xFD, 0x19, 0x85, 0xED, 0xFD,
    0x27, 0x98, 0xFA, 0xFD, 0x2D, 0xA0, 0xFD, 0xFD, 0x30, 0xA2, 0xFD, 0xFD, 0x31, 0xA2, 0xFD, 0xFD,
    0x31, 0xA3, 0xFD, 0xFC, 0x31, 0xA3, 0xFD, 0xFC, 0x32, 0xA4, 0xFD, 0xFC, 0x32, 0xA4, 0xFD, 0xFC,
    0x31, 0xA4, 0xFE, 0xFC, 0x32, 0xA4, 0xFE, 0xFC, 0x32, 0xA5, 0xFD, 0xFC, 0x30, 0xA2, 0xFD, 0xFB,
    0x32, 0xA4, 0xFD, 0xFB, 0x2D, 0xA2, 0xFD, 0xFB, 0x18, 0x8F, 0xF9, 0xF9, 0x0F, 0x85, 0xF6, 0xF9,
    0x0F, 0x85, 0xF6, 0xF9, 0x11, 0x80, 0xF5, 0xF5, 0x0F, 0x61, 0xCB, 0xF2, 0x00, 0x07, 0x46, 0xE2,
    0x17, 0x4E, 0x97, 0x3D, 0x3C, 0x94, 0xE0, 0x04, 0x34, 0x85, 0xD0, 0x06, 0x3A, 0x88, 0xD3, 0x04,
    0x39, 0x88, 0xD2, 0x04, 0x39, 0x89, 0xD1, 0x03, 0x39, 0x88, 0xD1, 0x03, 0x3A, 0x88, 0xD0, 0x02,
    0x3A, 0x88, 0xD0, 0x02, 0x3B, 0x87, 0xCF, 0x01, 0x3B, 0x87, 0xCF, 0x01, 0x3B, 0x86, 0xCE, 0x01,
    0x00, 0x00, 0x00, 0x00, 0x00, 0x00, 0x00, 0x00, 0x00, 0x00, 0x00, 0x00, 0x00, 0x00, 0x00, 0x00,
    0x00, 0x00, 0x00, 0x00, 0x00, 0x00, 0x00, 0x00, 0x00, 0x00, 0x00, 0x00, 0x00, 0x00, 0x00, 0x00,
    0x00, 0x00, 0x00, 0x00, 0x00, 0x00, 0x00, 0x00, 0x00, 0x00, 0x00, 0x00, 0x00, 0x00, 0x00, 0x00,
    0x00, 0x00, 0x00, 0x00, 0x00, 0x00, 0x00, 0x00, 0x00, 0x00, 0x00, 0x00, 0x00, 0x00, 0x00, 0x00,
    0x00, 0x00, 0x00, 0x00, 0x00, 0x00, 0x00, 0x00, 0x00, 0x00, 0x00, 0x00, 0x00, 0x00, 0x00, 0x00,
    0x00, 0x00, 0x00, 0x00, 0x00, 0x00, 0x00, 0x00, 0x00, 0x00, 0x00, 0x00, 0x00, 0x00, 0x00, 0x00,
    0x00, 0x00, 0x00, 0x00, 0x00, 0x00, 0x00, 0x00, 0x00, 0x00, 0x00, 0x00, 0x00, 0x00, 0x00, 0x00,
    0x00, 0x00, 0x00, 0x00, 0x00, 0x00, 0x00, 0x00, 0x00, 0x00, 0x00, 0x00, 0x00, 0x00, 0x00, 0x00,
    0x00, 0x00, 0x00, 0x00, 0x00, 0x00, 0x00, 0x00, 0x00, 0x00, 0x00, 0x00, 0x53, 0x90, 0xCA, 0x01,
    0x54, 0x91, 0xCA, 0x01, 0x55, 0x92, 0xCA, 0x01, 0x55, 0x92, 0xCA, 0x01, 0x56, 0x92, 0xCB, 0x01,
    0x58, 0x93, 0xCB, 0x01, 0x5A, 0x94, 0xCC, 0x01, 0x5C, 0x94, 0xCB, 0x02, 0x5C, 0x95, 0xCC, 0x02,
    0x5C, 0x96, 0xCC, 0x03, 0x5B, 0x96, 0xCB, 0x04, 0x57, 0x93, 0xCB, 0x03, 0x5B, 0x95, 0xCE, 0x05,
    0x00, 0x00, 0x00, 0x00, 0x50, 0x8C, 0xC0, 0x19, 0x48, 0x7E, 0xAC, 0x34, 0x39, 0x6C, 0x93, 0x7E,
    0x1C, 0x37, 0x5E, 0x9B, 0x1F, 0x3D, 0x56, 0xC9, 0x11, 0x25, 0x3B, 0xEC, 0x12, 0x20, 0x3D, 0xF6,
    0x65, 0x83, 0xA6, 0xFB, 0x65, 0x83, 0xA6, 0xFB, 0xB6, 0xD9, 0xF3, 0xFB, 0xB5, 0xDB, 0xF4, 0xFC,
    0xB1, 0xD9, 0xF5, 0xFC, 0xAB, 0xD2, 0xF2, 0xFC, 0xA5, 0xD1, 0xF5, 0xFC, 0x8D, 0xC5, 0xF5, 0xFC,
    0x77, 0xC0, 0xF9, 0xFC, 0x6C, 0xBF, 0xFB, 0xFC, 0x6E, 0xC0, 0xFC, 0xFC, 0x6A, 0xB8, 0xF7, 0xFC,
    0x62, 0xB3, 0xF9, 0xFC, 0x53, 0xB6, 0xFE, 0xFD, 0x43, 0xB0, 0xFF, 0xFD, 0x3A, 0xA6, 0xFE, 0xFD,
    0x3D, 0xA7, 0xFE, 0xFD, 0x3C, 0xA4, 0xFE, 0xFD, 0x3C, 0xA9, 0xFE, 0xFD, 0x3C, 0xA9, 0xFE, 0xFD,
    0x3A, 0xA7, 0xFE, 0xFD, 0x39, 0xA8, 0xFE, 0xFD, 0x38, 0xA5, 0xFE, 0xFD, 0x3A, 0xA6, 0xFE, 0xFD,
    0x3B, 0xA7, 0xFF, 0xFD, 0x3B, 0xA9, 0xFF, 0xFD, 0x3C, 0xA9, 0xFF, 0xFD, 0x3C, 0xA9, 0xFE, 0xFD,
    0x3C, 0xA6, 0xFE, 0xFD, 0x3D, 0xA8, 0xFE, 0xFC, 0x3D, 0xAB, 0xFF, 0xFC, 0x3C, 0xAC, 0xFF, 0xFC,
    0x40, 0xAE, 0xFE, 0xFD, 0x60, 0xBA, 0xFC, 0xFC, 0x82, 0xD3, 0xFE, 0xFD, 0x72, 0xD0, 0xFE, 0xFD,
    0x4C, 0xB8, 0xFD, 0xFC, 0x4C, 0xB8, 0xFD, 0xFC, 0x30, 0x9E, 0xFA, 0xFD, 0x18, 0x82, 0xEE, 0xFD,
    0x2A, 0x9E, 0xFC, 0xFD, 0x2E, 0xA2, 0xFD, 0xFD, 0x30, 0xA0, 0xFD, 0xFD, 0x31, 0xA2, 0xFD, 0xFC,
    0x31, 0xA2, 0xFD, 0xFC, 0x32, 0xA3, 0xFD, 0xFC, 0x32, 0xA4, 0xFD, 0xFC, 0x32, 0xA4, 0xFE, 0xFC,
    0x31, 0xA4, 0xFE, 0xFC, 0x32, 0xA3, 0xFE, 0xFC, 0x31, 0xA4, 0xFD, 0xFB, 0x30, 0xA3, 0xFD, 0xFB,
    0x31, 0xA1, 0xFD, 0xFB, 0x2A, 0x9E, 0xFC, 0xFA, 0x15, 0x8E, 0xF7, 0xF8, 0x11, 0x89, 0xF8, 0xF8,
    0x11, 0x89, 0xF8, 0xF8, 0x18, 0x81, 0xF2, 0xF3, 0x08, 0x4A, 0xAB, 0xF1, 0x14, 0x4D, 0x9C, 0xD6,
    0x35, 0x86, 0xCF, 0x2D, 0x34, 0x8B, 0xD6, 0x04, 0x36, 0x88, 0xD2, 0x07, 0x38, 0x88, 0xD3, 0x03,
    0x39, 0x89, 0xD1, 0x04, 0x39, 0x89, 0xD1, 0x03, 0x39, 0x88, 0xD0, 0x02, 0x39, 0x89, 0xD1, 0x02,
    0x39, 0x88, 0xD0, 0x01, 0x3A, 0x87, 0xD0, 0x01, 0x3A, 0x87, 0xCF, 0x01, 0x3C, 0x88, 0xCF, 0x01,
    0x00, 0x00, 0x00, 0x00, 0x00, 0x00, 0x00, 0x00, 0x00, 0x00, 0x00, 0x00, 0x00, 0x00, 0x00, 0x00,
    0x00, 0x00, 0x00, 0x00, 0x00, 0x00, 0x00, 0x00, 0x00, 0x00, 0x00, 0x00, 0x00, 0x00, 0x00, 0x00,
    0x00, 0x00, 0x00, 0x00, 0x00, 0x00, 0x00, 0x00, 0x00, 0x00, 0x00, 0x00, 0x00, 0x00, 0x00, 0x00,
    0x00, 0x00, 0x00, 0x00, 0x00, 0x00, 0x00, 0x00, 0x00, 0x00, 0x00, 0x00, 0x00, 0x00, 0x00, 0x00,
    0x00, 0x00, 0x00, 0x00, 0x00, 0x00, 0x00, 0x00, 0x00, 0x00, 0x00, 0x00, 0x00, 0x00, 0x00, 0x00,
    0x00, 0x00, 0x00, 0x00, 0x00, 0x00, 0x00, 0x00, 0x00, 0x00, 0x00, 0x00, 0x00, 0x00, 0x00, 0x00,
    0x00, 0x00, 0x00, 0x00, 0x00, 0x00, 0x00, 0x00, 0x00, 0x00, 0x00, 0x00, 0x00, 0x00, 0x00, 0x00,
    0x00, 0x00, 0x00, 0x00, 0x00, 0x00, 0x00, 0x00, 0x00, 0x00, 0x00, 0x00, 0x00, 0x00, 0x00, 0x00,
    0x00, 0x00, 0x00, 0x00, 0x00, 0x00, 0x00, 0x00, 0x00, 0x00, 0x00, 0x00, 0x53, 0x90, 0xCA, 0x01,
    0x54, 0x91, 0xCA, 0x01, 0x55, 0x91, 0xCA, 0x01, 0x55, 0x91, 0xCA, 0x01, 0x57, 0x92, 0xCB, 0x01,
    0x58, 0x92, 0xCB, 0x01, 0x59, 0x93, 0xCB, 0x01, 0x5A, 0x94, 0xCB, 0x02, 0x5C, 0x95, 0xCC, 0x03,
    0x5C, 0x95, 0xCB, 0x03, 0x5C, 0x95, 0xCB, 0x03, 0x5C, 0x95, 0xCB, 0x04, 0x57, 0x93, 0xCA, 0x05,
    0x53, 0x92, 0xCA, 0x07, 0x51, 0x91, 0xCA, 0x05, 0x54, 0x99, 0xD0, 0x04, 0x51, 0x91, 0xCD, 0x1C,
    0x55, 0x93, 0xC6, 0x27, 0x3D, 0x71, 0x9F, 0x7C, 0x19, 0x34, 0x57, 0xE3, 0x13, 0x25, 0x3E, 0xF5,
    0x7F, 0x9E, 0xB2, 0xFB, 0x7F, 0x9E, 0xB2, 0xFB, 0xD9, 0xEF, 0xF9, 0xFB, 0xBD, 0xD1, 0xE6, 0xFC,
    0xC1, 0xDD, 0xF4, 0xFC, 0xBC, 0xE5, 0xFC, 0xFC, 0xA1, 0xD5, 0xFA, 0xFC, 0x7F, 0xB9, 0xF2, 0xFC,
    0x78, 0xB9, 0xF7, 0xFC, 0x7A, 0xC5, 0xFD, 0xFC, 0x73, 0xBF, 0xFB, 0xFC, 0x69, 0xB4, 0xF7, 0xFC,
    0x61, 0xBE, 0xFE, 0xFC, 0x46, 0xAC, 0xFC, 0xFC, 0x3C, 0xA7, 0xFE, 0xFC, 0x39, 0xA6, 0xFE, 0xFC,
    0x3B, 0xA8, 0xFF, 0xFC, 0x3B, 0xA6, 0xFE, 0xFD, 0x38, 0xA7, 0xFE, 0xFD, 0x38, 0xA7, 0xFE, 0xFD,
    0x34, 0xA1, 0xFE, 0xFD, 0x35, 0xA5, 0xFE, 0xFD, 0x34, 0xA6, 0xFE, 0xFD, 0x36, 0xA3, 0xFD, 0xFD,
    0x3D, 0xA8, 0xFE, 0xFD, 0x39, 0xA8, 0xFE, 0xFD, 0x35, 0xA1, 0xFC, 0xFD, 0x43, 0xAA, 0xFC, 0xFD,
    0x57, 0xB2, 0xFC, 0xFD, 0x4F, 0xB0, 0xFD, 0xFD, 0x3A, 0xA7, 0xFD, 0xFD, 0x3C, 0xA9, 0xFE, 0xFC,
    0x67, 0xC1, 0xFD, 0xFD, 0xAB, 0xE7, 0xFE, 0xFC, 0xBA, 0xF1, 0xFE, 0xFD, 0x78, 0xCB, 0xFC, 0xFD,
    0x46, 0xB0, 0xFB, 0xFD, 0x46, 0xB0, 0xFB, 0xFD, 0x2F, 0x9F, 0xF9, 0xFC, 0x15, 0x7E, 0xEB, 0xFC,
    0x2A, 0x9D, 0xFC, 0xFD, 0x30, 0xA3, 0xFD, 0xFD, 0x31, 0xA2, 0xFD, 0xFC, 0x31, 0xA2, 0xFD, 0xFC,
    0x31, 0xA2, 0xFD, 0xFC, 0x32, 0xA3, 0xFD, 0xFC, 0x32, 0xA3, 0xFD, 0xFC, 0x33, 0xA4, 0xFD, 0xFC,
    0x32, 0xA4, 0xFD, 0xFC, 0x31, 0xA1, 0xFD, 0xFC, 0x30, 0xA1, 0xFD, 0xFB, 0x30, 0xA5, 0xFD, 0xFB,
    0x2F, 0xA4, 0xFD, 0xFA, 0x1E, 0x8E, 0xF8, 0xFA, 0x10, 0x83, 0xF2, 0xF9, 0x15, 0x88, 0xF8, 0xF8,
    0x15, 0x88, 0xF8, 0xF8, 0x1A, 0x72, 0xDA, 0xF3, 0x01, 0x17, 0x66, 0xEF, 0x2D, 0x7A, 0xCB, 0x94,
    0x31, 0x8D, 0xDD, 0x27, 0x2E, 0x86, 0xD3, 0x05, 0x38, 0x89, 0xD3, 0x06, 0x38, 0x88, 0xD2, 0x04,
    0x39, 0x89, 0xD1, 0x04, 0x39, 0x88, 0xD1, 0x03, 0x3A, 0x88, 0xD0, 0x03, 0x39, 0x88, 0xD0, 0x02,
    0x3A, 0x88, 0xD0, 0x01, 0x39, 0x87, 0xCF, 0x01, 0x3A, 0x87, 0xCE, 0x01, 0x00, 0x00, 0x00, 0x00,
    0x00, 0x00, 0x00, 0x00, 0x00, 0x00, 0x00, 0x00, 0x00, 0x00, 0x00, 0x00, 0x00, 0x00, 0x00, 0x00,
    0x00, 0x00, 0x00, 0x00, 0x00, 0x00, 0x00, 0x00, 0x00, 0x00, 0x00, 0x00, 0x00, 0x00, 0x00, 0x00,
    0x00, 0x00, 0x00, 0x00, 0x00, 0x00, 0x00, 0x00, 0x00, 0x00, 0x00, 0x00, 0x00, 0x00, 0x00, 0x00,
    0x00, 0x00, 0x00, 0x00, 0x00, 0x00, 0x00, 0x00, 0x00, 0x00, 0x00, 0x00, 0x00, 0x00, 0x00, 0x00,
    0x00, 0x00, 0x00, 0x00, 0x00, 0x00, 0x00, 0x00, 0x00, 0x00, 0x00, 0x00, 0x00, 0x00, 0x00, 0x00,
    0x00, 0x00, 0x00, 0x00, 0x00, 0x00, 0x00, 0x00, 0x00, 0x00, 0x00, 0x00, 0x00, 0x00, 0x00, 0x00,
    0x00, 0x00, 0x00, 0x00, 0x00, 0x00, 0x00, 0x00, 0x00, 0x00, 0x00, 0x00, 0x00, 0x00, 0x00, 0x00,
    0x00, 0x00, 0x00, 0x00, 0x00, 0x00, 0x00, 0x00, 0x00, 0x00, 0x00, 0x00, 0x00, 0x00, 0x00, 0x00,
    0x00, 0x00, 0x00, 0x00, 0x00, 0x00, 0x00, 0x00, 0x00, 0x00, 0x00, 0x00, 0x53, 0x91, 0xCA, 0x01,
    0x54, 0x91, 0xCB, 0x01, 0x54, 0x91, 0xCB, 0x01, 0x54, 0x91, 0xCB, 0x01, 0x56, 0x92, 0xCB, 0x01,
    0x56, 0x92, 0xCB, 0x01, 0x57, 0x93, 0xCB, 0x01, 0x58, 0x93, 0xCB, 0x02, 0x59, 0x94, 0xCB, 0x03,
    0x5A, 0x94, 0xCA, 0x03, 0x59, 0x94, 0xCA, 0x03, 0x59, 0x94, 0xCA, 0x04, 0x57, 0x94, 0xCA, 0x04,
    0x55, 0x92, 0xC9, 0x05, 0x52, 0x94, 0xC9, 0x05, 0x4E, 0x91, 0xC8, 0x0C, 0x47, 0x8A, 0xC6, 0x18,
    0x55, 0x9F, 0xDC, 0x27, 0x3E, 0x77, 0xAC, 0x77, 0x1C, 0x45, 0x74, 0xE4, 0x22, 0x49, 0x71, 0xF2,
    0x4D, 0x67, 0x86, 0xFB, 0x4D, 0x67, 0x86, 0xFB, 0xD7, 0xEC, 0xF6, 0xFB, 0xCE, 0xE7, 0xF4, 0xFB,
    0xB9, 0xDD, 0xF6, 0xFC, 0x99, 0xCA, 0xF4, 0xFC, 0x83, 0xC4, 0xFA, 0xFC, 0x77, 0xC2, 0xFC, 0xFC,
    0x77, 0xC6, 0xFE, 0xFC, 0x73, 0xC4, 0xFD, 0xFC, 0x6A, 0xC1, 0xFE, 0xFC, 0x5C, 0xB9, 0xFE, 0xFC,
    0x4B, 0xB3, 0xFE, 0xFC, 0x3C, 0xA8, 0xFC, 0xFC, 0x35, 0xA3, 0xFD, 0xFC, 0x33, 0xA4, 0xFE, 0xFC,
    0x35, 0xA4, 0xFE, 0xFC, 0x37, 0xA5, 0xFE, 0xFC, 0x33, 0xA5, 0xFE, 0xFD, 0x33, 0xA5, 0xFE, 0xFD,
    0x2F, 0xA1, 0xFE, 0xFD, 0x31, 0xA2, 0xFE, 0xFD, 0x34, 0x9E, 0xFB, 0xFD, 0x5E, 0xB3, 0xFA, 0xFD,
    0x7F, 0xC6, 0xFC, 0xFD, 0x5D, 0xAF, 0xF6, 0xFD, 0x56, 0xA3, 0xEF, 0xFD, 0x96, 0xD1, 0xFB, 0xFC,
    0xC0, 0xEE, 0xFF, 0xFD, 0xA2, 0xDD, 0xFE, 0xFC, 0x64, 0xB5, 0xF6, 0xFC, 0x6F, 0xB9, 0xF8, 0xFC,
    0xB2, 0xE2, 0xFD, 0xFC, 0xD4, 0xF1, 0xFC, 0xFC, 0xCF, 0xEF, 0xFC, 0xFC, 0x93, 0xCB, 0xF4, 0xFC,
    0x5B, 0xAB, 0xED, 0xFC, 0x5B, 0xAB, 0xED, 0xFC, 0x41, 0x9D, 0xED, 0xFD, 0x24, 0x89, 0xED, 0xFC,
    0x32, 0xA3, 0xFD, 0xFC, 0x32, 0xA6, 0xFE, 0xFC, 0x32, 0xA3, 0xFE, 0xFC, 0x33, 0xA3, 0xFE, 0xFC,
    0x32, 0xA3, 0xFE, 0xFC, 0x32, 0xA3, 0xFE, 0xFC, 0x32, 0xA3, 0xFD, 0xFC, 0x33, 0xA4, 0xFD, 0xFC,
    0x31, 0xA4, 0xFD, 0xFC, 0x31, 0xA3, 0xFD, 0xFC, 0x2E, 0xA1, 0xFD, 0xFB, 0x24, 0x96, 0xFA, 0xFB,
    0x1D, 0x93, 0xFA, 0xFA, 0x19, 0x8C, 0xF9, 0xFA, 0x16, 0x8B, 0xF9, 0xF9, 0x23, 0x9C, 0xFB, 0xF7,
    0x23, 0x9C, 0xFB, 0xF7, 0x0D, 0x5A, 0xBF, 0xF3, 0x01, 0x1A, 0x69, 0xF4, 0x31, 0x79, 0xC9, 0x9B,
    0x2F, 0x8A, 0xDD, 0x2B, 0x30, 0x87, 0xD5, 0x07, 0x37, 0x89, 0xD4, 0x05, 0x38, 0x88, 0xD2, 0x04,
    0x39, 0x89, 0xD1, 0x04, 0x3A, 0x89, 0xD2, 0x03, 0x3A, 0x88, 0xD1, 0x03, 0x3A, 0x88, 0xD1, 0x02,
    0x3A, 0x88, 0xD0, 0x02, 0x3A, 0x87, 0xD0, 0x01, 0x3B, 0x87, 0xCF, 0x01, 0x00, 0x00, 0x00, 0x00,
    0x00, 0x00, 0x00, 0x00, 0x00, 0x00, 0x00, 0x00, 0x00, 0x00, 0x00, 0x00, 0x00, 0x00, 0x00, 0x00,
    0x00, 0x00, 0x00, 0x00, 0x00, 0x00, 0x00, 0x00, 0x00, 0x00, 0x00, 0x00, 0x00, 0x00, 0x00, 0x00,
    0x00, 0x00, 0x00, 0x00, 0x00, 0x00, 0x00, 0x00, 0x00, 0x00, 0x00, 0x00, 0x00, 0x00, 0x00, 0x00,
    0x00, 0x00, 0x00, 0x00, 0x00, 0x00, 0x00, 0x00, 0x00, 0x00, 0x00, 0x00, 0x00, 0x00, 0x00, 0x00,
    0x00, 0x00, 0x00, 0x00, 0x00, 0x00, 0x00, 0x00, 0x00, 0x00, 0x00, 0x00, 0x00, 0x00, 0x00, 0x00,
    0x00, 0x00, 0x00, 0x00, 0x00, 0x00, 0x00, 0x00, 0x00, 0x00, 0x00, 0x00, 0x00, 0x00, 0x00, 0x00,
    0x00, 0x00, 0x00, 0x00, 0x00, 0x00, 0x00, 0x00, 0x00, 0x00, 0x00, 0x00, 0x00, 0x00, 0x00, 0x00,
    0x00, 0x00, 0x00, 0x00, 0x00, 0x00, 0x00, 0x00, 0x00, 0x00, 0x00, 0x00, 0x00, 0x00, 0x00, 0x00,
    0x00, 0x00, 0x00, 0x00, 0x00, 0x00, 0x00, 0x00, 0x00, 0x00, 0x00, 0x00, 0x53, 0x90, 0xCA, 0x01,
    0x54, 0x91, 0xCB, 0x01, 0x54, 0x91, 0xCA, 0x01, 0x54, 0x91, 0xCA, 0x01, 0x55, 0x91, 0xCB, 0x01,
    0x56, 0x91, 0xCA, 0x01, 0x57, 0x92, 0xCA, 0x02, 0x58, 0x93, 0xCB, 0x02, 0x59, 0x93, 0xCA, 0x03,
    0x59, 0x93, 0xCA, 0x03, 0x58, 0x93, 0xCA, 0x04, 0x58, 0x93, 0xC9, 0x03, 0x57, 0x93, 0xC9, 0x04,
    0x56, 0x94, 0xCA, 0x06, 0x53, 0x93, 0xCA, 0x06, 0x51, 0x91, 0xC9, 0x09, 0x4D, 0x92, 0xCC, 0x0D,
    0x5D, 0x9F, 0xD9, 0x23, 0x18, 0x2D, 0x60, 0x80, 0x17, 0x31, 0x6D, 0xED, 0x3C, 0x6D, 0xB2, 0xF5,
    0x04, 0x10, 0x43, 0xFA, 0x04, 0x10, 0x43, 0xFA, 0x68, 0x85, 0xA8, 0xFB, 0xA4, 0xD0, 0xEC, 0xFC,
    0x96, 0xD2, 0xFB, 0xFB, 0x75, 0xC1, 0xFB, 0xFC, 0x6D, 0xC0, 0xFD, 0xFC, 0x68, 0xBC, 0xFE, 0xFC,
    0x66, 0xC1, 0xFE, 0xFC, 0x5B, 0xB4, 0xFC, 0xFC, 0x54, 0xB7, 0xFE, 0xFC, 0x4C, 0xB4, 0xFE, 0xFC,
    0x3E, 0xA7, 0xFD, 0xFC, 0x33, 0xA0, 0xFC, 0xFC, 0x2F, 0xA0, 0xFD, 0xFC, 0x27, 0x98, 0xFB, 0xFC,
    0x2C, 0x9C, 0xFD, 0xFC, 0x2B, 0x98, 0xFC, 0xFC, 0x28, 0x9D, 0xFE, 0xFC, 0x28, 0x9D, 0xFE, 0xFC,
    0x27, 0x9B, 0xFE, 0xFD, 0x2D, 0x99, 0xFB, 0xFD, 0x23, 0x7A, 0xDD, 0xFD, 0x88, 0xBE, 0xF2, 0xFC,
    0xD0, 0xEC, 0xFD, 0xFD, 0xBB, 0xDC, 0xFA, 0xFD, 0xBE, 0xDE, 0xFA, 0xFC, 0xD4, 0xEC, 0xFB, 0xFC,
    0xDA, 0xEF, 0xFA, 0xFC, 0xD2, 0xEC, 0xFC, 0xFC, 0xC4, 0xE6, 0xFC, 0xFC, 0xCF, 0xEB, 0xFE, 0xFC,
    0xE4, 0xF3, 0xFC, 0xFC, 0xEA, 0xF4, 0xF8, 0xFC, 0xEC, 0xF9, 0xFC, 0xFD, 0xD1, 0xEA, 0xFA, 0xFD,
    0xB0, 0xD8, 0xF7, 0xFC, 0xB0, 0xD8, 0xF7, 0xFC, 0x69, 0x9F, 0xD6, 0xFD, 0x2C, 0x76, 0xCB, 0xFD,
    0x37, 0xA1, 0xFC, 0xFC, 0x35, 0xA8, 0xFD, 0xFD, 0x34, 0xA4, 0xFD, 0xFC, 0x35, 0xA4, 0xFD, 0xFC,
    0x34, 0xA4, 0xFD, 0xFC, 0x34, 0xA4, 0xFD, 0xFC, 0x33, 0xA4, 0xFD, 0xFC, 0x32, 0xA4, 0xFD, 0xFC,
    0x30, 0xA2, 0xFD, 0xFC, 0x2F, 0xA2, 0xFD, 0xFB, 0x29, 0x9C, 0xFC, 0xFC, 0x18, 0x88, 0xF1, 0xFB,
    0x12, 0x81, 0xF0, 0xFB, 0x1D, 0x91, 0xFC, 0xFA, 0x16, 0x86, 0xFA, 0xF9, 0x1B, 0x90, 0xF8, 0xF9,
    0x1B, 0x90, 0xF8, 0xF9, 0x12, 0x6D, 0xD5, 0xF4, 0x18, 0x57, 0xAD, 0xF4, 0x03, 0x29, 0x75, 0xBF,
    0x33, 0x83, 0xD1, 0x25, 0x34, 0x8A, 0xD8, 0x07, 0x36, 0x88, 0xD3, 0x08, 0x39, 0x89, 0xD3, 0x04,
    0x3A, 0x89, 0xD2, 0x05, 0x3A, 0x88, 0xD2, 0x03, 0x3B, 0x89, 0xD2, 0x03, 0x3A, 0x88, 0xD0, 0x02,
    0x3A, 0x88, 0xD0, 0x02, 0x3B, 0x88, 0xD0, 0x01, 0x3B, 0x87, 0xCF, 0x01, 0x00, 0x00, 0x00, 0x00,
    0x00, 0x00, 0x00, 0x00, 0x00, 0x00, 0x00, 0x00, 0x00, 0x00, 0x00, 0x00, 0x00, 0x00, 0x00, 0x00,
    0x00, 0x00, 0x00, 0x00, 0x00, 0x00, 0x00, 0x00, 0x00, 0x00, 0x00, 0x00, 0x00, 0x00, 0x00, 0x00,
    0x00, 0x00, 0x00, 0x00, 0x00, 0x00, 0x00, 0x00, 0x00, 0x00, 0x00, 0x00, 0x00, 0x00, 0x00, 0x00,
    0x00, 0x00, 0x00, 0x00, 0x00, 0x00, 0x00, 0x00, 0x00, 0x00, 0x00, 0x00, 0x00, 0x00, 0x00, 0x00,
    0x00, 0x00, 0x00, 0x00, 0x00, 0x00, 0x00, 0x00, 0x00, 0x00, 0x00, 0x00, 0x00, 0x00, 0x00, 0x00,
    0x00, 0x00, 0x00, 0x00, 0x00, 0x00, 0x00, 0x00, 0x00, 0x00, 0x00, 0x00, 0x00, 0x00, 0x00, 0x00,
    0x00, 0x00, 0x00, 0x00, 0x00, 0x00, 0x00, 0x00, 0x00, 0x00, 0x00, 0x00, 0x00, 0x00, 0x00, 0x00,
    0x00, 0x00, 0x00, 0x00, 0x00, 0x00, 0x00, 0x00, 0x00, 0x00, 0x00, 0x00, 0x00, 0x00, 0x00, 0x00,
    0x00, 0x00, 0x00, 0x00, 0x00, 0x00, 0x00, 0x00, 0x00, 0x00, 0x00, 0x00, 0x52, 0x8F, 0xCA, 0x01,
    0x54, 0x90, 0xCB, 0x01, 0x54, 0x91, 0xCB, 0x01, 0x54, 0x91, 0xCB, 0x01, 0x54, 0x92, 0xCB, 0x01,
    0x55, 0x92, 0xCB, 0x01, 0x56, 0x92, 0xCA, 0x01, 0x57, 0x93, 0xCA, 0x02, 0x57, 0x93, 0xCB, 0x02,
    0x57, 0x93, 0xCB, 0x03, 0x57, 0x93, 0xCA, 0x03, 0x57, 0x93, 0xCA, 0x03, 0x57, 0x93, 0xCA, 0x03,
    0x55, 0x93, 0xCA, 0x04, 0x56, 0x94, 0xCB, 0x06, 0x54, 0x93, 0xCB, 0x03, 0x56, 0x92, 0xC9, 0x12,
    0x32, 0x5D, 0x8A, 0x7F, 0x17, 0x30, 0x64, 0xCE, 0x4F, 0x8C, 0xD1, 0xEF, 0x6E, 0xCB, 0xFB, 0xF3,
    0x42, 0x78, 0xBF, 0xFA, 0x42, 0x78, 0xBF, 0xFA, 0x05, 0x18, 0x3E, 0xFA, 0x20, 0x3E, 0x72, 0xFB,
    0x6C, 0xBE, 0xFB, 0xFB, 0x60, 0xC2, 0xFE, 0xFC, 0x60, 0xBE, 0xFE, 0xFC, 0x5C, 0xB9, 0xFE, 0xFC,
    0x56, 0xBC, 0xFE, 0xFC, 0x4B, 0xB4, 0xFE, 0xFC, 0x45, 0xAF, 0xFE, 0xFC, 0x3E, 0xA8, 0xFD, 0xFC,
    0x38, 0xA6, 0xFE, 0xFC, 0x30, 0xA2, 0xFE, 0xFC, 0x25, 0x98, 0xFC, 0xFC, 0x1E, 0x90, 0xF9, 0xFC,
    0x21, 0x97, 0xFC, 0xFC, 0x1C, 0x8F, 0xF9, 0xFC, 0x1E, 0x99, 0xFC, 0xFC, 0x1E, 0x99, 0xFC, 0xFC,
    0x1F, 0x97, 0xFB, 0xFC, 0x11, 0x65, 0xDA, 0xFC, 0x08, 0x40, 0xAE, 0xFD, 0x7E, 0xAB, 0xE6, 0xFD,
    0xCB, 0xE3, 0xF9, 0xFD, 0xD0, 0xE5, 0xF8, 0xFC, 0xD5, 0xEB, 0xFA, 0xFD, 0xD1, 0xE9, 0xF7, 0xFC,
    0xD2, 0xE6, 0xF4, 0xFC, 0xD7, 0xED, 0xFA, 0xFC, 0xDE, 0xF3, 0xFD, 0xFC, 0xE2, 0xF3, 0xFC, 0xFC,
    0xE2, 0xEE, 0xF6, 0xFC, 0xE1, 0xEC, 0xF3, 0xFC, 0xE1, 0xEA, 0xF4, 0xFD, 0xDA, 0xEA, 0xF6, 0xFC,
    0xDA, 0xF0, 0xFC, 0xFD, 0xDA, 0xF0, 0xFC, 0xFD, 0x8E, 0xB1, 0xCD, 0xFC, 0x30, 0x65, 0x99, 0xFC,
    0x44, 0xA9, 0xF9, 0xFD, 0x3E, 0xAB, 0xFD, 0xFC, 0x39, 0xA6, 0xFB, 0xFC, 0x3B, 0xA5, 0xFB, 0xFC,
    0x39, 0xA5, 0xFB, 0xFC, 0x38, 0xA6, 0xFC, 0xFC, 0x35, 0xA6, 0xFD, 0xFC, 0x32, 0xA4, 0xFE, 0xFC,
    0x30, 0xA3, 0xFE, 0xFC, 0x30, 0xA3, 0xFD, 0xFC, 0x2B, 0x9E, 0xFD, 0xFB, 0x1F, 0x90, 0xF7, 0xFB,
    0x1F, 0x90, 0xF7, 0xFA, 0x22, 0x97, 0xFC, 0xFA, 0x1D, 0x91, 0xFB, 0xF9, 0x18, 0x89, 0xF4, 0xF8,
    0x18, 0x89, 0xF4, 0xF8, 0x21, 0x90, 0xF7, 0xF4, 0x26, 0x7C, 0xD7, 0xF4, 0x00, 0x09, 0x3C, 0xBE,
    0x3A, 0x7E, 0xC3, 0x2C, 0x37, 0x8E, 0xDA, 0x07, 0x35, 0x88, 0xD2, 0x07, 0x39, 0x8A, 0xD2, 0x04,
    0x39, 0x89, 0xD1, 0x05, 0x3A, 0x89, 0xD1, 0x03, 0x3A, 0x89, 0xD1, 0x03, 0x3A, 0x88, 0xD0, 0x02,
    0x3A, 0x87, 0xD0, 0x02, 0x3B, 0x87, 0xCF, 0x01, 0x3C, 0x88, 0xCF, 0x01, 0x00, 0x00, 0x00, 0x00,
    0x00, 0x00, 0x00, 0x00, 0x00, 0x00, 0x00, 0x00, 0x00, 0x00, 0x00, 0x00, 0x00, 0x00, 0x00, 0x00,
    0x00, 0x00, 0x00, 0x00, 0x00, 0x00, 0x00, 0x00, 0x00, 0x00, 0x00, 0x00, 0x00, 0x00, 0x00, 0x00,
    0x00, 0x00, 0x00, 0x00, 0x00, 0x00, 0x00, 0x00, 0x00, 0x00, 0x00, 0x00, 0x00, 0x00, 0x00, 0x00,
    0x00, 0x00, 0x00, 0x00, 0x00, 0x00, 0x00, 0x00, 0x00, 0x00, 0x00, 0x00, 0x00, 0x00, 0x00, 0x00,
    0x00, 0x00, 0x00, 0x00, 0x00, 0x00, 0x00, 0x00, 0x00, 0x00, 0x00, 0x00, 0x00, 0x00, 0x00, 0x00,
    0x00, 0x00, 0x00, 0x00, 0x00, 0x00, 0x00, 0x00, 0x00, 0x00, 0x00, 0x00, 0x00, 0x00, 0x00, 0x00,
    0x00, 0x00, 0x00, 0x00, 0x00, 0x00, 0x00, 0x00, 0x00, 0x00, 0x00, 0x00, 0x00, 0x00, 0x00, 0x00,
    0x00, 0x00, 0x00, 0x00, 0x00, 0x00, 0x00, 0x00, 0x00, 0x00, 0x00, 0x00, 0x00, 0x00, 0x00, 0x00,
    0x00, 0x00, 0x00, 0x00, 0x00, 0x00, 0x00, 0x00, 0x00, 0x00, 0x00, 0x00, 0x00, 0x00, 0x00, 0x00,
    0x53, 0x8F, 0xCB, 0x01, 0x53, 0x90, 0xCA, 0x01, 0x53, 0x90, 0xCA, 0x01, 0x54, 0x91, 0xCA, 0x01,
    0x54, 0x91, 0xCB, 0x01, 0x55, 0x92, 0xCA, 0x01, 0x56, 0x92, 0xCA, 0x02, 0x56, 0x93, 0xCB, 0x02,
    0x56, 0x92, 0xCB, 0x03, 0x56, 0x92, 0xCA, 0x03, 0x56, 0x92, 0xCB, 0x04, 0x56, 0x92, 0xCB, 0x03,
    0x55, 0x93, 0xCA, 0x03, 0x54, 0x94, 0xC9, 0x09, 0x5E, 0x9A, 0xD0, 0x03, 0x43, 0x69, 0x96, 0x23,
    0x0A, 0x13, 0x2C, 0xB3, 0x59, 0x87, 0xBB, 0xE7, 0x76, 0xC2, 0xF9, 0xEE, 0x6D, 0xCA, 0xFE, 0xF5,
    0x65, 0xB0, 0xF5, 0xFB, 0x65, 0xB0, 0xF5, 0xFB, 0x0B, 0x1F, 0x57, 0xFA, 0x21, 0x43, 0x8C, 0xFB,
    0x5A, 0xB2, 0xFE, 0xFB, 0x51, 0xB4, 0xFD, 0xFB, 0x51, 0xB3, 0xFC, 0xFC, 0x51, 0xB3, 0xFD, 0xFC,
    0x49, 0xB0, 0xFE, 0xFC, 0x43, 0xAE, 0xFE, 0xFC, 0x3E, 0xAA, 0xFE, 0xFC, 0x39, 0xA3, 0xFC, 0xFC,
    0x36, 0xA5, 0xFE, 0xFC, 0x27, 0x98, 0xFC, 0xFC, 0x20, 0x95, 0xFC, 0xFC, 0x19, 0x8A, 0xF7, 0xFC,
    0x14, 0x85, 0xF4, 0xFC, 0x17, 0x88, 0xF6, 0xFC, 0x1E, 0x8C, 0xF7, 0xFC, 0x1E, 0x8C, 0xF7, 0xFC,
    0x1B, 0x7B, 0xE6, 0xFD, 0x0F, 0x4B, 0xB3, 0xFC, 0x36, 0x64, 0xB9, 0xFC, 0x9A, 0xBE, 0xED, 0xFC,
    0xBC, 0xD6, 0xF1, 0xFC, 0xC1, 0xD7, 0xEF, 0xFD, 0xC0, 0xD5, 0xEF, 0xFC, 0xC4, 0xDF, 0xF5, 0xFC,
    0xC6, 0xDC, 0xF4, 0xFC, 0xCB, 0xE4, 0xF9, 0xFC, 0xCE, 0xE0, 0xF6, 0xFD, 0xD8, 0xE7, 0xFB, 0xFC,
    0xDF, 0xEF, 0xFD, 0xFC, 0xE0, 0xF4, 0xFF, 0xFC, 0xCB, 0xDB, 0xF6, 0xFC, 0xBE, 0xD6, 0xEE, 0xFD,
    0xB7, 0xD3, 0xE8, 0xFC, 0xB7, 0xD3, 0xE8, 0xFC, 0x76, 0x96, 0xAF, 0xFD, 0x19, 0x35, 0x5B, 0xFD,
    0x30, 0x7C, 0xCA, 0xFD, 0x48, 0xAF, 0xFE, 0xFD, 0x3D, 0xA7, 0xFC, 0xFD, 0x3B, 0xA7, 0xFA, 0xFD,
    0x3B, 0xA7, 0xFA, 0xFC, 0x3B, 0xA6, 0xFB, 0xFC, 0x37, 0xA6, 0xFD, 0xFC, 0x34, 0xA4, 0xFD, 0xFC,
    0x31, 0xA3, 0xFE, 0xFC, 0x2F, 0xA0, 0xFD, 0xFC, 0x2E, 0xA1, 0xFE, 0xFB, 0x2C, 0x9E, 0xFD, 0xFC,
    0x2B, 0x9A, 0xFB, 0xFB, 0x23, 0x91, 0xFA, 0xFA, 0x26, 0x9B, 0xFC, 0xFA, 0x1C, 0x8B, 0xF7, 0xF8,
    0x1C, 0x8B, 0xF7, 0xF8, 0x26, 0x99, 0xFB, 0xF6, 0x21, 0x77, 0xD4, 0xF6, 0x00, 0x04, 0x26, 0xCD,
    0x35, 0x73, 0xB6, 0x35, 0x38, 0x8D, 0xDA, 0x04, 0x36, 0x88, 0xD2, 0x08, 0x3A, 0x89, 0xD3, 0x05,
    0x3A, 0x89, 0xD1, 0x04, 0x3B, 0x89, 0xD1, 0x04, 0x3A, 0x88, 0xD0, 0x03, 0x3A, 0x88, 0xD0, 0x02,
    0x3A, 0x88, 0xD0, 0x02, 0x3B, 0x88, 0xCF, 0x01, 0x3B, 0x88, 0xCF, 0x01, 0x00, 0x00, 0x00, 0x00,
    0x00, 0x00, 0x00, 0x00, 0x00, 0x00, 0x00, 0x00, 0x00, 0x00, 0x00, 0x00, 0x00, 0x00, 0x00, 0x00,
    0x00, 0x00, 0x00, 0x00, 0x00, 0x00, 0x00, 0x00, 0x00, 0x00, 0x00, 0x00, 0x00, 0x00, 0x00, 0x00,
    0x00, 0x00, 0x00, 0x00, 0x00, 0x00, 0x00, 0x00, 0x00, 0x00, 0x00, 0x00, 0x00, 0x00, 0x00, 0x00,
    0x00, 0x00, 0x00, 0x00, 0x00, 0x00, 0x00, 0x00, 0x00, 0x00, 0x00, 0x00, 0x00, 0x00, 0x00, 0x00,
    0x00, 0x00, 0x00, 0x00, 0x00, 0x00, 0x00, 0x00, 0x00, 0x00, 0x00, 0x00, 0x00, 0x00, 0x00, 0x00,
    0x00, 0x00, 0x00, 0x00, 0x00, 0x00, 0x00, 0x00, 0x00, 0x00, 0x00, 0x00, 0x00, 0x00, 0x00, 0x00,
    0x00, 0x00, 0x00, 0x00, 0x00, 0x00, 0x00, 0x00, 0x00, 0x00, 0x00, 0x00, 0x00, 0x00, 0x00, 0x00,
    0x00, 0x00, 0x00, 0x00, 0x00, 0x00, 0x00, 0x00, 0x00, 0x00, 0x00, 0x00, 0x00, 0x00, 0x00, 0x00,
    0x00, 0x00, 0x00, 0x00, 0x00, 0x00, 0x00, 0x00, 0x00, 0x00, 0x00, 0x00, 0x00, 0x00, 0x00, 0x00,
    0x52, 0x8F, 0xCA, 0x01, 0x52, 0x8F, 0xC9, 0x01, 0x52, 0x8F, 0xC9, 0x01, 0x54, 0x90, 0xC9, 0x01,
    0x54, 0x91, 0xCA, 0x01, 0x55, 0x91, 0xCA, 0x01, 0x56, 0x92, 0xCA, 0x02, 0x56, 0x92, 0xCB, 0x02,
    0x56, 0x92, 0xCB, 0x03, 0x55, 0x92, 0xCB, 0x03, 0x56, 0x92, 0xCB, 0x03, 0x56, 0x92, 0xCB, 0x04,
    0x55, 0x92, 0xCB, 0x03, 0x54, 0x93, 0xCB, 0x06, 0x62, 0x9E, 0xD4, 0x02, 0x36, 0x58, 0x7A, 0x32,
    0x17, 0x25, 0x3A, 0xB1, 0x85, 0xCB, 0xF2, 0xE2, 0x73, 0xC5, 0xFA, 0xF6, 0x4D, 0x98, 0xE1, 0xF5,
    0x27, 0x52, 0xA8, 0xF9, 0x27, 0x52, 0xA8, 0xF9, 0x19, 0x3B, 0x8C, 0xFA, 0x41, 0x92, 0xEA, 0xFB,
    0x49, 0xB1, 0xFF, 0xFB, 0x49, 0xB3, 0xFC, 0xFB, 0x4C, 0xB1, 0xFB, 0xFB, 0x4B, 0xB1, 0xFC, 0xFB,
    0x43, 0xAB, 0xFD, 0xFB, 0x40, 0xAC, 0xFE, 0xFB, 0x3B, 0xA7, 0xFE, 0xFB, 0x35, 0xA3, 0xFD, 0xFC,
    0x2C, 0x9D, 0xFD, 0xFB, 0x22, 0x97, 0xFD, 0xFC, 0x1C, 0x97, 0xFD, 0xFC, 0x13, 0x86, 0xF5, 0xFC,
    0x13, 0x7E, 0xEE, 0xFB, 0x1C, 0x83, 0xED, 0xFB, 0x27, 0x79, 0xD7, 0xFB, 0x27, 0x79, 0xD7, 0xFB,
    0x20, 0x59, 0xA7, 0xFC, 0x68, 0x9C, 0xD7, 0xFC, 0xA6, 0xCB, 0xF3, 0xFC, 0xB2, 0xD3, 0xF5, 0xFC,
    0xB6, 0xCF, 0xF2, 0xFC, 0xBF, 0xD8, 0xF6, 0xFC, 0xBD, 0xD3, 0xF4, 0xFC, 0xC2, 0xDC, 0xF8, 0xFC,
    0xC4, 0xDA, 0xF8, 0xFD, 0xC7, 0xE1, 0xFB, 0xFC, 0xC9, 0xDF, 0xF9, 0xFC, 0xC7, 0xDD, 0xF8, 0xFB,
    0xA6, 0xBB, 0xDA, 0xFC, 0x86, 0xA9, 0xC5, 0xFC, 0x5E, 0x7D, 0x9E, 0xFC, 0x44, 0x67, 0x8C, 0xFC,
    0x2C, 0x52, 0x78, 0xFC, 0x2C, 0x52, 0x78, 0xFC, 0x1F, 0x47, 0x74, 0xFC, 0x12, 0x33, 0x6A, 0xFC,
    0x10, 0x40, 0x87, 0xFB, 0x33, 0x8D, 0xE7, 0xFD, 0x44, 0xB6, 0xFF, 0xFC, 0x3B, 0xA8, 0xFD, 0xFC,
    0x38, 0xA8, 0xFC, 0xFC, 0x39, 0xA7, 0xFC, 0xFC, 0x37, 0xA6, 0xFC, 0xFC, 0x35, 0xA4, 0xFC, 0xFC,
    0x33, 0xA4, 0xFD, 0xFC, 0x31, 0xA2, 0xFD, 0xFB, 0x30, 0xA3, 0xFE, 0xFB, 0x2F, 0x9F, 0xFD, 0xFB,
    0x31, 0xA2, 0xFC, 0xFB, 0x32, 0xA1, 0xFC, 0xFA, 0x2D, 0x9F, 0xFC, 0xF9, 0x25, 0x9B, 0xFC, 0xF9,
    0x25, 0x9B, 0xFC, 0xF9, 0x2C, 0xA8, 0xFD, 0xF5, 0x23, 0x7D, 0xD9, 0xF5, 0x00, 0x05, 0x25, 0xD1,
    0x36, 0x74, 0xB3, 0x38, 0x37, 0x8D, 0xD9, 0x04, 0x36, 0x87, 0xD2, 0x08, 0x39, 0x89, 0xD3, 0x05,
    0x3A, 0x89, 0xD2, 0x05, 0x3A, 0x89, 0xD1, 0x04, 0x3B, 0x89, 0xD1, 0x03, 0x3B, 0x88, 0xD0, 0x02,
    0x3B, 0x88, 0xD0, 0x02, 0x3B, 0x88, 0xD0, 0x01, 0x3C, 0x88, 0xCF, 0x01, 0x00, 0x00, 0x00, 0x00,
    0x00, 0x00, 0x00, 0x00, 0x00, 0x00, 0x00, 0x00, 0x00, 0x00, 0x00, 0x00, 0x00, 0x00, 0x00, 0x00,
    0x00, 0x00, 0x00, 0x00, 0x00, 0x00, 0x00, 0x00, 0x00, 0x00, 0x00, 0x00, 0x00, 0x00, 0x00, 0x00,
    0x00, 0x00, 0x00, 0x00, 0x00, 0x00, 0x00, 0x00, 0x00, 0x00, 0x00, 0x00, 0x00, 0x00, 0x00, 0x00,
    0x00, 0x00, 0x00, 0x00, 0x00, 0x00, 0x00, 0x00, 0x00, 0x00, 0x00, 0x00, 0x00, 0x00, 0x00, 0x00,
    0x00, 0x00, 0x00, 0x00, 0x00, 0x00, 0x00, 0x00, 0x00, 0x00, 0x00, 0x00, 0x00, 0x00, 0x00, 0x00,
    0x00, 0x00, 0x00, 0x00, 0x00, 0x00, 0x00, 0x00, 0x00, 0x00, 0x00, 0x00, 0x00, 0x00, 0x00, 0x00,
    0x00, 0x00, 0x00, 0x00, 0x00, 0x00, 0x00, 0x00, 0x00, 0x00, 0x00, 0x00, 0x00, 0x00, 0x00, 0x00,
    0x00, 0x00, 0x00, 0x00, 0x00, 0x00, 0x00, 0x00, 0x00, 0x00, 0x00, 0x00, 0x00, 0x00, 0x00, 0x00,
    0x00, 0x00, 0x00, 0x00, 0x00, 0x00, 0x00, 0x00, 0x00, 0x00, 0x00, 0x00, 0x00, 0x00, 0x00, 0x00,
    0x51, 0x8F, 0xC9, 0x01, 0x51, 0x8F, 0xC9, 0x01, 0x51, 0x8F, 0xC9, 0x01, 0x53, 0x8F, 0xCA, 0x01,
    0x53, 0x8F, 0xC9, 0x01, 0x54, 0x90, 0xC9, 0x01, 0x55, 0x91, 0xCA, 0x02, 0x55, 0x92, 0xCB, 0x02,
    0x55, 0x92, 0xCB, 0x03, 0x55, 0x92, 0xCB, 0x03, 0x55, 0x92, 0xCC, 0x02, 0x56, 0x92, 0xCB, 0x03,
    0x57, 0x93, 0xCC, 0x04, 0x55, 0x93, 0xCC, 0x06, 0x5F, 0x9A, 0xD3, 0x02, 0x32, 0x50, 0x74, 0x51,
    0x11, 0x11, 0x23, 0xD9, 0x70, 0xB0, 0xDD, 0xED, 0x84, 0xD7, 0xFF, 0xF3, 0x28, 0x54, 0xAA, 0xF5,
    0x0E, 0x11, 0x67, 0xFA, 0x0E, 0x11, 0x67, 0xFA, 0x3A, 0x75, 0xD4, 0xFA, 0x4B, 0xAE, 0xFF, 0xFA,
    0x42, 0xA8, 0xFE, 0xFA, 0x46, 0xAD, 0xFC, 0xFB, 0x4B, 0xB0, 0xFB, 0xFB, 0x46, 0xAB, 0xFC, 0xFB,
    0x42, 0xAC, 0xFD, 0xFB, 0x3D, 0xA6, 0xFD, 0xFB, 0x38, 0xA2, 0xFD, 0xFB, 0x34, 0xA3, 0xFC, 0xFB,
    0x29, 0x9A, 0xFC, 0xFC, 0x21, 0x96, 0xFB, 0xFC, 0x13, 0x87, 0xF6, 0xFB, 0x10, 0x80, 0xF1, 0xFC,
    0x1A, 0x86, 0xF1, 0xFB, 0x22, 0x6F, 0xCA, 0xFB, 0x11, 0x2D, 0x68, 0xFA, 0x11, 0x2D, 0x68, 0xFA,
    0x13, 0x1F, 0x4B, 0xF9, 0x65, 0x81, 0xA1, 0xF8, 0x91, 0xA9, 0xC0, 0xFA, 0x9B, 0xB5, 0xCE, 0xF9,
    0x9E, 0xB1, 0xCE, 0xFA, 0xA1, 0xB6, 0xD0, 0xF9, 0x9C, 0xAE, 0xC8, 0xFB, 0x97, 0xAB, 0xC3, 0xFA,
    0x8E, 0x9F, 0xB8, 0xFB, 0x8A, 0x9F, 0xBA, 0xFA, 0x82, 0x97, 0xB6, 0xFB, 0x62, 0x7D, 0x9F, 0xFC,
    0x30, 0x48, 0x72, 0xFB, 0x27, 0x44, 0x6F, 0xFC, 0x26, 0x48, 0x79, 0xFC, 0x29, 0x5C, 0x95, 0xFB,
    0x23, 0x54, 0x9E, 0xFC, 0x23, 0x54, 0x9E, 0xFC, 0x2B, 0x69, 0xBF, 0xFC, 0x32, 0x7B, 0xD7, 0xFC,
    0x20, 0x64, 0xBA, 0xFB, 0x0E, 0x44, 0x94, 0xFC, 0x30, 0x83, 0xE1, 0xFC, 0x3C, 0xA6, 0xFF, 0xFC,
    0x39, 0xAB, 0xFF, 0xFC, 0x34, 0xA5, 0xFE, 0xFC, 0x35, 0xA6, 0xFD, 0xFC, 0x35, 0xA4, 0xFC, 0xFC,
    0x35, 0xA5, 0xFD, 0xFC, 0x32, 0xA2, 0xFD, 0xFC, 0x31, 0xA0, 0xFD, 0xFB, 0x34, 0xA3, 0xFD, 0xFB,
    0x37, 0xA5, 0xFC, 0xFB, 0x35, 0xA2, 0xFC, 0xFA, 0x34, 0xA2, 0xFC, 0xFA, 0x2C, 0x9F, 0xFC, 0xF9,
    0x2C, 0x9F, 0xFC, 0xF9, 0x2E, 0xA5, 0xFD, 0xF6, 0x24, 0x7D, 0xD9, 0xF7, 0x00, 0x02, 0x1D, 0xD8,
    0x37, 0x72, 0xB2, 0x3A, 0x37, 0x8C, 0xD8, 0x05, 0x36, 0x87, 0xD1, 0x08, 0x39, 0x89, 0xD3, 0x05,
    0x39, 0x88, 0xD1, 0x05, 0x3A, 0x89, 0xD1, 0x04, 0x3A, 0x89, 0xD1, 0x03, 0x3B, 0x89, 0xD0, 0x02,
    0x3B, 0x89, 0xD0, 0x02, 0x3C, 0x88, 0xCF, 0x01, 0x3C, 0x88, 0xCF, 0x01, 0x00, 0x00, 0x00, 0x00,
    0x00, 0x00, 0x00, 0x00, 0x00, 0x00, 0x00, 0x00, 0x00, 0x00, 0x00, 0x00, 0x00, 0x00, 0x00, 0x00,
    0x00, 0x00, 0x00, 0x00, 0x00, 0x00, 0x00, 0x00, 0x00, 0x00, 0x00, 0x00, 0x00, 0x00, 0x00, 0x00,
    0x00, 0x00, 0x00, 0x00, 0x00, 0x00, 0x00, 0x00, 0x00, 0x00, 0x00, 0x00, 0x00, 0x00, 0x00, 0x00,
    0x00, 0x00, 0x00, 0x00, 0x00, 0x00, 0x00, 0x00, 0x00, 0x00, 0x00, 0x00, 0x00, 0x00, 0x00, 0x00,
    0x00, 0x00, 0x00, 0x00, 0x00, 0x00, 0x00, 0x00, 0x00, 0x00, 0x00, 0x00, 0x00, 0x00, 0x00, 0x00,
    0x00, 0x00, 0x00, 0x00, 0x00, 0x00, 0x00, 0x00, 0x00, 0x00, 0x00, 0x00, 0x00, 0x00, 0x00, 0x00,
    0x00, 0x00, 0x00, 0x00, 0x00, 0x00, 0x00, 0x00, 0x00, 0x00, 0x00, 0x00, 0x00, 0x00, 0x00, 0x00,
    0x00, 0x00, 0x00, 0x00, 0x00, 0x00, 0x00, 0x00, 0x00, 0x00, 0x00, 0x00, 0x00, 0x00, 0x00, 0x00,
    0x00, 0x00, 0x00, 0x00, 0x00, 0x00, 0x00, 0x00, 0x00, 0x00, 0x00, 0x00, 0x00, 0x00, 0x00, 0x00,
    0x00, 0x00, 0x00, 0x00, 0x51, 0x8F, 0xCA, 0x01, 0x51, 0x8F, 0xCA, 0x01, 0x52, 0x8F, 0xCA, 0x01,
    0x53, 0x8F, 0xC9, 0x01, 0x54, 0x90, 0xC9, 0x01, 0x54, 0x91, 0xCA, 0x02, 0x54, 0x92, 0xCB, 0x02,
    0x54, 0x92, 0xCB, 0x03, 0x54, 0x92, 0xCB, 0x03, 0x55, 0x92, 0xCC, 0x03, 0x56, 0x93, 0xCB, 0x03,
    0x56, 0x93, 0xCC, 0x04, 0x55, 0x95, 0xCE, 0x03, 0x5B, 0x98, 0xD4, 0x05, 0x40, 0x63, 0x8B, 0x3D,
    0x10, 0x0D, 0x22, 0xC5, 0x5D, 0x94, 0xBF, 0xF5, 0x86, 0xE0, 0xFF, 0xEF, 0x15, 0x3C, 0x93, 0xF7,
    0x21, 0x33, 0x8F, 0xFA, 0x21, 0x33, 0x8F, 0xFA, 0x6F, 0xB2, 0xF8, 0xF9, 0x66, 0xBA, 0xFE, 0xFA,
    0x53, 0xB1, 0xFD, 0xFA, 0x4E, 0xB2, 0xFD, 0xFB, 0x49, 0xAF, 0xFC, 0xFA, 0x43, 0xAC, 0xFD, 0xFB,
    0x41, 0xAE, 0xFE, 0xFA, 0x3B, 0xA6, 0xFE, 0xFB, 0x39, 0xA4, 0xFD, 0xFB, 0x31, 0xA0, 0xFC, 0xFB,
    0x2B, 0x9F, 0xFB, 0xFB, 0x1F, 0x93, 0xF7, 0xFB, 0x13, 0x7E, 0xED, 0xFA, 0x16, 0x7F, 0xEB, 0xF9,
    0x28, 0x83, 0xDE, 0xF8, 0x0F, 0x38, 0x6E, 0xFB, 0x0F, 0x23, 0x48, 0xFD, 0x0F, 0x23, 0x48, 0xFD,
    0x12, 0x23, 0x4D, 0xFC, 0x09, 0x1B, 0x41, 0xFC, 0x07, 0x13, 0x33, 0xFD, 0x0A, 0x17, 0x36, 0xFC,
    0x09, 0x14, 0x2E, 0xFD, 0x08, 0x17, 0x2D, 0xFD, 0x06, 0x16, 0x2A, 0xFE, 0x07, 0x18, 0x2C, 0xFC,
    0x08, 0x17, 0x2B, 0xFD, 0x0D, 0x19, 0x30, 0xFA, 0x14, 0x20, 0x3E, 0xFA, 0x3F, 0x5F, 0x89, 0xFA,
    0x54, 0x83, 0xBB, 0xFB, 0x56, 0x89, 0xCE, 0xFA, 0x52, 0x92, 0xE1, 0xFC, 0x56, 0xA9, 0xF8, 0xFC,
    0x4F, 0x9D, 0xF8, 0xFB, 0x4F, 0x9D, 0xF8, 0xFB, 0x43, 0x97, 0xF9, 0xFB, 0x37, 0x99, 0xFC, 0xFC,
    0x42, 0x9D, 0xF8, 0xFB, 0x19, 0x45, 0x88, 0xF9, 0x0C, 0x24, 0x64, 0xF8, 0x23, 0x62, 0xB5, 0xFA,
    0x3C, 0xAA, 0xFF, 0xFA, 0x36, 0xAA, 0xFF, 0xFC, 0x33, 0xA5, 0xFF, 0xFC, 0x35, 0xA6, 0xFD, 0xFB,
    0x36, 0xA7, 0xFD, 0xFB, 0x36, 0xA6, 0xFE, 0xFC, 0x39, 0xA9, 0xFE, 0xFB, 0x3A, 0xA9, 0xFD, 0xFB,
    0x3D, 0xA8, 0xFC, 0xFA, 0x3E, 0xA9, 0xFC, 0xFA, 0x40, 0xAE, 0xFD, 0xF9, 0x34, 0xA7, 0xFE, 0xF9,
    0x34, 0xA7, 0xFE, 0xF9, 0x37, 0xAC, 0xFE, 0xF6, 0x29, 0x81, 0xDB, 0xF5, 0x00, 0x03, 0x22, 0xD5,
    0x3B, 0x78, 0xB9, 0x36, 0x39, 0x8E, 0xDA, 0x04, 0x36, 0x86, 0xD1, 0x08, 0x39, 0x88, 0xD2, 0x05,
    0x39, 0x88, 0xD1, 0x05, 0x3A, 0x88, 0xD1, 0x03, 0x3B, 0x88, 0xD1, 0x03, 0x3B, 0x88, 0xD0, 0x02,
    0x3B, 0x88, 0xD0, 0x02, 0x3C, 0x88, 0xCF, 0x01, 0x3C, 0x88, 0xCF, 0x01, 0x00, 0x00, 0x00, 0x00,
    0x00, 0x00, 0x00, 0x00, 0x00, 0x00, 0x00, 0x00, 0x00, 0x00, 0x00, 0x00, 0x00, 0x00, 0x00, 0x00,
    0x00, 0x00, 0x00, 0x00, 0x00, 0x00, 0x00, 0x00, 0x00, 0x00, 0x00, 0x00, 0x00, 0x00, 0x00, 0x00,
    0x00, 0x00, 0x00, 0x00, 0x00, 0x00, 0x00, 0x00, 0x00, 0x00, 0x00, 0x00, 0x00, 0x00, 0x00, 0x00,
    0x00, 0x00, 0x00, 0x00, 0x00, 0x00, 0x00, 0x00, 0x00, 0x00, 0x00, 0x00, 0x00, 0x00, 0x00, 0x00,
    0x00, 0x00, 0x00, 0x00, 0x00, 0x00, 0x00, 0x00, 0x00, 0x00, 0x00, 0x00, 0x00, 0x00, 0x00, 0x00,
    0x00, 0x00, 0x00, 0x00, 0x00, 0x00, 0x00, 0x00, 0x00, 0x00, 0x00, 0x00, 0x00, 0x00, 0x00, 0x00,
    0x00, 0x00, 0x00, 0x00, 0x00, 0x00, 0x00, 0x00, 0x00, 0x00, 0x00, 0x00, 0x00, 0x00, 0x00, 0x00,
    0x00, 0x00, 0x00, 0x00, 0x00, 0x00, 0x00, 0x00, 0x00, 0x00, 0x00, 0x00, 0x00, 0x00, 0x00, 0x00,
    0x00, 0x00, 0x00, 0x00, 0x00, 0x00, 0x00, 0x00, 0x00, 0x00, 0x00, 0x00, 0x00, 0x00, 0x00, 0x00,
    0x00, 0x00, 0x00, 0x00, 0x51, 0x8F, 0xCA, 0x01, 0x51, 0x8F, 0xCA, 0x01, 0x52, 0x8F, 0xCA, 0x01,
    0x52, 0x8F, 0xCA, 0x01, 0x53, 0x90, 0xCA, 0x01, 0x53, 0x91, 0xCA, 0x02, 0x53, 0x92, 0xCB, 0x02,
    0x54, 0x92, 0xCB, 0x02, 0x54, 0x92, 0xCB, 0x03, 0x54, 0x92, 0xCB, 0x02, 0x55, 0x93, 0xCB, 0x04,
    0x55, 0x94, 0xCC, 0x05, 0x54, 0x93, 0xCE, 0x01, 0x59, 0x92, 0xCE, 0x34, 0x2E, 0x4E, 0x77, 0x92,
    0x33, 0x45, 0x66, 0xDD, 0x3C, 0x65, 0x95, 0xF8, 0x38, 0x73, 0xB9, 0xEF, 0x05, 0x18, 0x63, 0xF8,
    0x76, 0x9A, 0xD1, 0xFA, 0x76, 0x9A, 0xD1, 0xFA, 0xC2, 0xEC, 0xFE, 0xF9, 0xA6, 0xD4, 0xFB, 0xFA,
    0x8A, 0xCC, 0xFD, 0xFA, 0x65, 0xBB, 0xFD, 0xFA, 0x4E, 0xB1, 0xFD, 0xFA, 0x46, 0xB0, 0xFD, 0xFA,
    0x3D, 0xA8, 0xFE, 0xFB, 0x3D, 0xAB, 0xFD, 0xFB, 0x38, 0xA7, 0xFC, 0xFA, 0x2B, 0x9A, 0xFB, 0xFB,
    0x22, 0x96, 0xF9, 0xFB, 0x1A, 0x88, 0xF3, 0xFB, 0x1E, 0x8E, 0xF1, 0xFA, 0x1E, 0x6F, 0xCB, 0xFB,
    0x0B, 0x29, 0x64, 0xF5, 0x0D, 0x29, 0x57, 0xE9, 0x35, 0x71, 0xA5, 0xD4, 0x35, 0x71, 0xA5, 0xD4,
    0x36, 0x74, 0xB2, 0xC5, 0x34, 0x6F, 0xAC, 0xBE, 0x31, 0x66, 0xA0, 0xC2, 0x30, 0x65, 0x9C, 0xC4,
    0x2F, 0x60, 0x95, 0xCF, 0x2E, 0x61, 0x94, 0xD1, 0x29, 0x5D, 0x91, 0xD9, 0x28, 0x5A, 0x8E, 0xE3,
    0x2B, 0x5C, 0x90, 0xEE, 0x26, 0x4D, 0x7A, 0xF5, 0x14, 0x2B, 0x4D, 0xFC, 0x73, 0xA3, 0xD3, 0xF7,
    0x84, 0xC8, 0xFC, 0xFA, 0x6A, 0xB3, 0xF9, 0xFA, 0x57, 0xA6, 0xF6, 0xFB, 0x4B, 0xA1, 0xF7, 0xFB,
    0x41, 0x97, 0xF3, 0xFC, 0x41, 0x97, 0xF3, 0xFC, 0x34, 0x90, 0xF5, 0xFC, 0x31, 0x91, 0xF6, 0xFB,
    0x2A, 0x6C, 0xC5, 0xF8, 0x0B, 0x2A, 0x67, 0xF6, 0x11, 0x2A, 0x65, 0xF9, 0x10, 0x2E, 0x67, 0xFD,
    0x0D, 0x39, 0x85, 0xF9, 0x2F, 0x8C, 0xEB, 0xFA, 0x40, 0xB2, 0xFF, 0xFB, 0x36, 0xA9, 0xFE, 0xFD,
    0x35, 0xA6, 0xFC, 0xFC, 0x3B, 0xA9, 0xFE, 0xFB, 0x3E, 0xAE, 0xFE, 0xFB, 0x40, 0xAD, 0xFD, 0xFB,
    0x44, 0xB0, 0xFC, 0xFA, 0x45, 0xAC, 0xFC, 0xFA, 0x45, 0xAE, 0xFD, 0xF9, 0x3C, 0xAA, 0xFE, 0xF9,
    0x3C, 0xAA, 0xFE, 0xF9, 0x3E, 0xB2, 0xFE, 0xF6, 0x2D, 0x81, 0xDE, 0xF7, 0x00, 0x01, 0x17, 0xD1,
    0x3A, 0x79, 0xBC, 0x2A, 0x3A, 0x8E, 0xD9, 0x07, 0x36, 0x86, 0xD0, 0x07, 0x39, 0x88, 0xD2, 0x05,
    0x3A, 0x89, 0xD2, 0x05, 0x3A, 0x89, 0xD1, 0x04, 0x3B, 0x89, 0xD1, 0x03, 0x3B, 0x88, 0xD0, 0x02,
    0x3B, 0x88, 0xD0, 0x02, 0x3C, 0x88, 0xCF, 0x01, 0x3C, 0x87, 0xCF, 0x01, 0x00, 0x00, 0x00, 0x00,
    0x00, 0x00, 0x00, 0x00, 0x00, 0x00, 0x00, 0x00, 0x00, 0x00, 0x00, 0x00, 0x00, 0x00, 0x00, 0x00,
    0x00, 0x00, 0x00, 0x00, 0x00, 0x00, 0x00, 0x00, 0x00, 0x00, 0x00, 0x00, 0x00, 0x00, 0x00, 0x00,
    0x00, 0x00, 0x00, 0x00, 0x00, 0x00, 0x00, 0x00, 0x00, 0x00, 0x00, 0x00, 0x00, 0x00, 0x00, 0x00,
    0x00, 0x00, 0x00, 0x00, 0x00, 0x00, 0x00, 0x00, 0x00, 0x00, 0x00, 0x00, 0x00, 0x00, 0x00, 0x00,
    0x00, 0x00, 0x00, 0x00, 0x00, 0x00, 0x00, 0x00, 0x00, 0x00, 0x00, 0x00, 0x00, 0x00, 0x00, 0x00,
    0x00, 0x00, 0x00, 0x00, 0x00, 0x00, 0x00, 0x00, 0x00, 0x00, 0x00, 0x00, 0x00, 0x00, 0x00, 0x00,
    0x00, 0x00, 0x00, 0x00, 0x00, 0x00, 0x00, 0x00, 0x00, 0x00, 0x00, 0x00, 0x00, 0x00, 0x00, 0x00,
    0x00, 0x00, 0x00, 0x00, 0x00, 0x00, 0x00, 0x00, 0x00, 0x00, 0x00, 0x00, 0x00, 0x00, 0x00, 0x00,
    0x00, 0x00, 0x00, 0x00, 0x00, 0x00, 0x00, 0x00, 0x00, 0x00, 0x00, 0x00, 0x00, 0x00, 0x00, 0x00,
    0x00, 0x00, 0x00, 0x00, 0x50, 0x8F, 0xCA, 0x01, 0x50, 0x8F, 0xCA, 0x01, 0x52, 0x8F, 0xCA, 0x01,
    0x52, 0x90, 0xCA, 0x01, 0x53, 0x90, 0xCB, 0x01, 0x53, 0x91, 0xCB, 0x02, 0x54, 0x92, 0xCB, 0x02,
    0x54, 0x92, 0xCB, 0x02, 0x54, 0x92, 0xCC, 0x02, 0x54, 0x92, 0xCB, 0x02, 0x56, 0x94, 0xCC, 0x04,
    0x54, 0x94, 0xCB, 0x05, 0x5C, 0x9A, 0xD2, 0x03, 0x45, 0x72, 0xA2, 0x60, 0x37, 0x52, 0x77, 0xCE,
    0xB8, 0xDA, 0xEA, 0xE8, 0xBC, 0xDD, 0xF7, 0xEF, 0x39, 0x59, 0x8E, 0xF1, 0x35, 0x4C, 0x85, 0xF6,
    0xE9, 0xF9, 0xFF, 0xFA, 0xE9, 0xF9, 0xFF, 0xFA, 0xE2, 0xF4, 0xFC, 0xF9, 0xD9, 0xEE, 0xFB, 0xFA,
    0xCD, 0xEE, 0xFE, 0xFA, 0x9D, 0xD7, 0xFD, 0xFA, 0x71, 0xC5, 0xFD, 0xFA, 0x54, 0xB3, 0xFB, 0xFA,
    0x49, 0xAC, 0xF9, 0xFA, 0x40, 0xA4, 0xF8, 0xF9, 0x35, 0xA1, 0xF9, 0xFA, 0x29, 0xA0, 0xFA, 0xF9,
    0x25, 0x9B, 0xF9, 0xF7, 0x19, 0x70, 0xD6, 0xF6, 0x24, 0x72, 0xC5, 0xF5, 0x06, 0x2A, 0x65, 0xEF,
    0x0C, 0x2A, 0x62, 0xD3, 0x35, 0x74, 0xB3, 0x8A, 0x3B, 0x90, 0xD2, 0x51, 0x3B, 0x90, 0xD2, 0x51,
    0x37, 0x8C, 0xD1, 0x3C, 0x3E, 0x93, 0xD9, 0x2F, 0x40, 0x94, 0xDA, 0x30, 0x43, 0x98, 0xDF, 0x31,
    0x43, 0x98, 0xDF, 0x3B, 0x43, 0x9A, 0xE1, 0x40, 0x44, 0x97, 0xDE, 0x4D, 0x43, 0x96, 0xDB, 0x6E,
    0x47, 0x9B, 0xE5, 0x82, 0x38, 0x77, 0xB3, 0xCB, 0x15, 0x2F, 0x4D, 0xF4, 0x71, 0xA2, 0xD0, 0xF6,
    0x7B, 0xBB, 0xF4, 0xFB, 0x62, 0xA4, 0xEA, 0xF9, 0x5A, 0xA2, 0xE8, 0xFA, 0x46, 0x94, 0xE9, 0xF8,
    0x31, 0x86, 0xE7, 0xFA, 0x31, 0x86, 0xE7, 0xFA, 0x37, 0x91, 0xF1, 0xF9, 0x29, 0x6A, 0xC2, 0xF8,
    0x0F, 0x29, 0x72, 0xFA, 0x24, 0x52, 0x9A, 0xEE, 0x37, 0x7E, 0xCB, 0xBC, 0x30, 0x65, 0xB1, 0xCB,
    0x0E, 0x32, 0x72, 0xF6, 0x09, 0x27, 0x69, 0xFA, 0x25, 0x5A, 0xA1, 0xFA, 0x5A, 0xAE, 0xEF, 0xFB,
    0x5F, 0xB9, 0xF8, 0xFB, 0x52, 0xB2, 0xFB, 0xFB, 0x4F, 0xB4, 0xFD, 0xFA, 0x4D, 0xAF, 0xFC, 0xFA,
    0x51, 0xB5, 0xFB, 0xFA, 0x5A, 0xBA, 0xFB, 0xFA, 0x57, 0xB8, 0xFC, 0xF9, 0x4B, 0xB2, 0xFD, 0xF8,
    0x4B, 0xB2, 0xFD, 0xF8, 0x56, 0xCB, 0xFE, 0xF3, 0x3B, 0x8D, 0xDE, 0xF8, 0x00, 0x00, 0x10, 0xC4,
    0x37, 0x75, 0xB8, 0x16, 0x3B, 0x8F, 0xDA, 0x08, 0x37, 0x88, 0xD0, 0x05, 0x3A, 0x89, 0xD2, 0x04,
    0x3B, 0x89, 0xD2, 0x04, 0x3B, 0x89, 0xD1, 0x03, 0x3C, 0x89, 0xD1, 0x02, 0x3C, 0x89, 0xD1, 0x02,
    0x3C, 0x88, 0xD0, 0x01, 0x3C, 0x88, 0xCF, 0x01, 0x00, 0x00, 0x00, 0x00, 0x00, 0x00, 0x00, 0x00,
    0x00, 0x00, 0x00, 0x00, 0x00, 0x00, 0x00, 0x00, 0x00, 0x00, 0x00, 0x00, 0x00, 0x00, 0x00, 0x00,
    0x00, 0x00, 0x00, 0x00, 0x00, 0x00, 0x00, 0x00, 0x00, 0x00, 0x00, 0x00, 0x00, 0x00, 0x00, 0x00,
    0x00, 0x00, 0x00, 0x00, 0x00, 0x00, 0x00, 0x00, 0x00, 0x00, 0x00, 0x00, 0x00, 0x00, 0x00, 0x00,
    0x00, 0x00, 0x00, 0x00, 0x00, 0x00, 0x00, 0x00, 0x00, 0x00, 0x00, 0x00, 0x00, 0x00, 0x00, 0x00,
    0x00, 0x00, 0x00, 0x00, 0x00, 0x00, 0x00, 0x00, 0x00, 0x00, 0x00, 0x00, 0x00, 0x00, 0x00, 0x00,
    0x00, 0x00, 0x00, 0x00, 0x00, 0x00, 0x00, 0x00, 0x00, 0x00, 0x00, 0x00, 0x00, 0x00, 0x00, 0x00,
    0x00, 0x00, 0x00, 0x00, 0x00, 0x00, 0x00, 0x00, 0x00, 0x00, 0x00, 0x00, 0x00, 0x00, 0x00, 0x00,
    0x00, 0x00, 0x00, 0x00, 0x00, 0x00, 0x00, 0x00, 0x00, 0x00, 0x00, 0x00, 0x00, 0x00, 0x00, 0x00,
    0x00, 0x00, 0x00, 0x00, 0x00, 0x00, 0x00, 0x00, 0x00, 0x00, 0x00, 0x00, 0x00, 0x00, 0x00, 0x00,
    0x00, 0x00, 0x00, 0x00, 0x50, 0x8F, 0xCA, 0x01, 0x50, 0x8F, 0xCA, 0x01, 0x52, 0x8F, 0xCA, 0x01,
    0x52, 0x90, 0xCA, 0x01, 0x53, 0x90, 0xCB, 0x01, 0x53, 0x91, 0xCB, 0x02, 0x54, 0x92, 0xCB, 0x02,
    0x54, 0x92, 0xCB, 0x02, 0x54, 0x92, 0xCC, 0x02, 0x54, 0x92, 0xCB, 0x02, 0x56, 0x94, 0xCC, 0x04,
    0x54, 0x94, 0xCB, 0x05, 0x5C, 0x9A, 0xD2, 0x03, 0x45, 0x72, 0xA2, 0x60, 0x37, 0x52, 0x77, 0xCE,
    0xB8, 0xDA, 0xEA, 0xE8, 0xBC, 0xDD, 0xF7, 0xEF, 0x39, 0x59, 0x8E, 0xF1, 0x35, 0x4C, 0x85, 0xF6,
    0xE9, 0xF9, 0xFF, 0xFA, 0xE9, 0xF9, 0xFF, 0xFA, 0xE2, 0xF4, 0xFC, 0xF9, 0xD9, 0xEE, 0xFB, 0xFA,
    0xCD, 0xEE, 0xFE, 0xFA, 0x9D, 0xD7, 0xFD, 0xFA, 0x71, 0xC5, 0xFD, 0xFA, 0x54, 0xB3, 0xFB, 0xFA,
    0x49, 0xAC, 0xF9, 0xFA, 0x40, 0xA4, 0xF8, 0xF9, 0x35, 0xA1, 0xF9, 0xFA, 0x29, 0xA0, 0xFA, 0xF9,
    0x25, 0x9B, 0xF9, 0xF7, 0x19, 0x70, 0xD6, 0xF6, 0x24, 0x72, 0xC5, 0xF5, 0x06, 0x2A, 0x65, 0xEF,
    0x0C, 0x2A, 0x62, 0xD3, 0x35, 0x74, 0xB3, 0x8A, 0x3B, 0x90, 0xD2, 0x51, 0x3B, 0x90, 0xD2, 0x51,
    0x37, 0x8C, 0xD1, 0x3C, 0x3E, 0x93, 0xD9, 0x2F, 0x40, 0x94, 0xDA, 0x30, 0x43, 0x98, 0xDF, 0x31,
    0x43, 0x98, 0xDF, 0x3B, 0x43, 0x9A, 0xE1, 0x40, 0x44, 0x97, 0xDE, 0x4D, 0x43, 0x96, 0xDB, 0x6E,
    0x47, 0x9B, 0xE5, 0x82, 0x38, 0x77, 0xB3, 0xCB, 0x15, 0x2F, 0x4D, 0xF4, 0x71, 0xA2, 0xD0, 0xF6,
    0x7B, 0xBB, 0xF4, 0xFB, 0x62, 0xA4, 0xEA, 0xF9, 0x5A, 0xA2, 0xE8, 0xFA, 0x46, 0x94, 0xE9, 0xF8,
    0x31, 0x86, 0xE7, 0xFA, 0x31, 0x86, 0xE7, 0xFA, 0x37, 0x91, 0xF1, 0xF9, 0x29, 0x6A, 0xC2, 0xF8,
    0x0F, 0x29, 0x72, 0xFA, 0x24, 0x52, 0x9A, 0xEE, 0x37, 0x7E, 0xCB, 0xBC, 0x30, 0x65, 0xB1, 0xCB,
    0x0E, 0x32, 0x72, 0xF6, 0x09, 0x27, 0x69, 0xFA, 0x25, 0x5A, 0xA1, 0xFA, 0x5A, 0xAE, 0xEF, 0xFB,
    0x5F, 0xB9, 0xF8, 0xFB, 0x52, 0xB2, 0xFB, 0xFB, 0x4F, 0xB4, 0xFD, 0xFA, 0x4D, 0xAF, 0xFC, 0xFA,
    0x51, 0xB5, 0xFB, 0xFA, 0x5A, 0xBA, 0xFB, 0xFA, 0x57, 0xB8, 0xFC, 0xF9, 0x4B, 0xB2, 0xFD, 0xF8,
    0x4B, 0xB2, 0xFD, 0xF8, 0x56, 0xCB, 0xFE, 0xF3, 0x3B, 0x8D, 0xDE, 0xF8, 0x00, 0x00, 0x10, 0xC4,
    0x37, 0x75, 0xB8, 0x16, 0x3B, 0x8F, 0xDA, 0x08, 0x37, 0x88, 0xD0, 0x05, 0x3A, 0x89, 0xD2, 0x04,
    0x3B, 0x89, 0xD2, 0x04, 0x3B, 0x89, 0xD1, 0x03, 0x3C, 0x89, 0xD1, 0x02, 0x3C, 0x89, 0xD1, 0x02,
    0x3C, 0x88, 0xD0, 0x01, 0x3C, 0x88, 0xCF, 0x01, 0x00, 0x00, 0x00, 0x00, 0x00, 0x00, 0x00, 0x00,
    0x00, 0x00, 0x00, 0x00, 0x00, 0x00, 0x00, 0x00, 0x00, 0x00, 0x00, 0x00, 0x00, 0x00, 0x00, 0x00,
    0x00, 0x00, 0x00, 0x00, 0x00, 0x00, 0x00, 0x00, 0x00, 0x00, 0x00, 0x00, 0x00, 0x00, 0x00, 0x00,
    0x00, 0x00, 0x00, 0x00, 0x00, 0x00, 0x00, 0x00, 0x00, 0x00, 0x00, 0x00, 0x00, 0x00, 0x00, 0x00,
    0x00, 0x00, 0x00, 0x00, 0x00, 0x00, 0x00, 0x00, 0x00, 0x00, 0x00, 0x00, 0x00, 0x00, 0x00, 0x00,
    0x00, 0x00, 0x00, 0x00, 0x00, 0x00, 0x00, 0x00, 0x00, 0x00, 0x00, 0x00, 0x00, 0x00, 0x00, 0x00,
    0x00, 0x00, 0x00, 0x00, 0x00, 0x00, 0x00, 0x00, 0x00, 0x00, 0x00, 0x00, 0x00, 0x00, 0x00, 0x00,
    0x00, 0x00, 0x00, 0x00, 0x00, 0x00, 0x00, 0x00, 0x00, 0x00, 0x00, 0x00, 0x00, 0x00, 0x00, 0x00,
    0x00, 0x00, 0x00, 0x00, 0x00, 0x00, 0x00, 0x00, 0x00, 0x00, 0x00, 0x00, 0x00, 0x00, 0x00, 0x00,
    0x00, 0x00, 0x00, 0x00, 0x00, 0x00, 0x00, 0x00, 0x00, 0x00, 0x00, 0x00, 0x00, 0x00, 0x00, 0x00,
    0x00, 0x00, 0x00, 0x00, 0x4F, 0x8F, 0xCA, 0x01, 0x4F, 0x8F, 0xCA, 0x01, 0x51, 0x8F, 0xCB, 0x01,
    0x51, 0x8F, 0xCB, 0x01, 0x53, 0x90, 0xCA, 0x01, 0x53, 0x91, 0xCB, 0x02, 0x53, 0x91, 0xCC, 0x02,
    0x54, 0x92, 0xCC, 0x02, 0x54, 0x92, 0xCC, 0x02, 0x55, 0x92, 0xCC, 0x02, 0x56, 0x94, 0xCC, 0x04,
    0x56, 0x96, 0xCA, 0x04, 0x5F, 0x95, 0xCB, 0x06, 0x1C, 0x2F, 0x58, 0x67, 0x4A, 0x58, 0x72, 0xC3,
    0xD7, 0xE9, 0xF1, 0xE3, 0xE5, 0xF7, 0xFE, 0xEC, 0x65, 0x8E, 0xB7, 0xF7, 0x82, 0x99, 0xBD, 0xF6,
    0xF6, 0xFC, 0xFE, 0xF9, 0xF6, 0xFC, 0xFE, 0xF9, 0xDF, 0xE9, 0xF5, 0xF9, 0xDF, 0xEC, 0xF8, 0xF9,
    0xDC, 0xF0, 0xFC, 0xFA, 0xC8, 0xEC, 0xFE, 0xF9, 0x98, 0xD4, 0xFD, 0xF9, 0x6A, 0xB8, 0xFA, 0xFA,
    0x53, 0xB0, 0xF8, 0xF9, 0x41, 0x9E, 0xF6, 0xF9, 0x35, 0xA6, 0xF7, 0xF6, 0x28, 0x94, 0xF2, 0xF6,
    0x1D, 0x68, 0xC4, 0xF7, 0x14, 0x3A, 0x81, 0xF5, 0x06, 0x1F, 0x5A, 0xCF, 0x1E, 0x4A, 0x84, 0x6F,
    0x4C, 0x9C, 0xD9, 0x3C, 0x47, 0x96, 0xDD, 0x17, 0x42, 0x94, 0xD9, 0x06, 0x42, 0x94, 0xD9, 0x06,
    0x41, 0x92, 0xD8, 0x04, 0x40, 0x92, 0xD8, 0x02, 0x3E, 0x91, 0xD6, 0x03, 0x3D, 0x91, 0xD8, 0x03,
    0x3D, 0x90, 0xD6, 0x04, 0x3E, 0x91, 0xD7, 0x05, 0x3F, 0x8F, 0xD5, 0x09, 0x3D, 0x8E, 0xD2, 0x13,
    0x3E, 0x90, 0xD7, 0x32, 0x20, 0x51, 0x8A, 0xB6, 0x19, 0x28, 0x44, 0xE4, 0x90, 0xBF, 0xE3, 0xEE,
    0x8E, 0xCE, 0xF8, 0xF5, 0x82, 0xC1, 0xF4, 0xF5, 0x7A, 0xBB, 0xF2, 0xF8, 0x6A, 0xB6, 0xF6, 0xFA,
    0x55, 0xA4, 0xF2, 0xF9, 0x55, 0xA4, 0xF2, 0xF9, 0x18, 0x43, 0x98, 0xF8, 0x09, 0x22, 0x63, 0xF5,
    0x30, 0x62, 0xA7, 0xA9, 0x40, 0x87, 0xD4, 0x63, 0x3E, 0x8A, 0xDC, 0x19, 0x3D, 0x81, 0xD6, 0x20,
    0x48, 0x8C, 0xD7, 0xB7, 0x15, 0x3B, 0x75, 0xFC, 0x0A, 0x15, 0x3B, 0xF8, 0xA4, 0xC8, 0xE4, 0xFB,
    0xD0, 0xF2, 0xFE, 0xFA, 0xB2, 0xDC, 0xF8, 0xFB, 0x9A, 0xD2, 0xFA, 0xFA, 0x80, 0xBF, 0xF7, 0xFA,
    0x83, 0xCB, 0xFA, 0xF9, 0x78, 0xBD, 0xF9, 0xF9, 0x74, 0xBF, 0xFA, 0xF8, 0x74, 0xCB, 0xFC, 0xF9,
    0x74, 0xCB, 0xFC, 0xF9, 0x3D, 0x87, 0xD6, 0xF1, 0x1C, 0x4F, 0x8C, 0xF4, 0x15, 0x2C, 0x61, 0xA8,
    0x44, 0x88, 0xC8, 0x09, 0x3C, 0x8D, 0xD5, 0x07, 0x39, 0x89, 0xD0, 0x04, 0x3B, 0x8A, 0xD2, 0x04,
    0x3C, 0x8A, 0xD2, 0x03, 0x3D, 0x8A, 0xD2, 0x02, 0x3D, 0x89, 0xD2, 0x02, 0x3D, 0x89, 0xD1, 0x02,
    0x3D, 0x89, 0xD0, 0x01, 0x00, 0x00, 0x00, 0x00, 0x3E, 0x89, 0xCF, 0x01, 0x00, 0x00, 0x00, 0x00,
    0x00, 0x00, 0x00, 0x00, 0x00, 0x00, 0x00, 0x00, 0x00, 0x00, 0x00, 0x00, 0x00, 0x00, 0x00, 0x00,
    0x00, 0x00, 0x00, 0x00, 0x00, 0x00, 0x00, 0x00, 0x00, 0x00, 0x00, 0x00, 0x00, 0x00, 0x00, 0x00,
    0x00, 0x00, 0x00, 0x00, 0x00, 0x00, 0x00, 0x00, 0x00, 0x00, 0x00, 0x00, 0x00, 0x00, 0x00, 0x00,
    0x00, 0x00, 0x00, 0x00, 0x00, 0x00, 0x00, 0x00, 0x00, 0x00, 0x00, 0x00, 0x00, 0x00, 0x00, 0x00,
    0x00, 0x00, 0x00, 0x00, 0x00, 0x00, 0x00, 0x00, 0x00, 0x00, 0x00, 0x00, 0x00, 0x00, 0x00, 0x00,
    0x00, 0x00, 0x00, 0x00, 0x00, 0x00, 0x00, 0x00, 0x00, 0x00, 0x00, 0x00, 0x00, 0x00, 0x00, 0x00,
    0x00, 0x00, 0x00, 0x00, 0x00, 0x00, 0x00, 0x00, 0x00, 0x00, 0x00, 0x00, 0x00, 0x00, 0x00, 0x00,
    0x00, 0x00, 0x00, 0x00, 0x00, 0x00, 0x00, 0x00, 0x00, 0x00, 0x00, 0x00, 0x00, 0x00, 0x00, 0x00,
    0x00, 0x00, 0x00, 0x00, 0x00, 0x00, 0x00, 0x00, 0x00, 0x00, 0x00, 0x00, 0x00, 0x00, 0x00, 0x00,
    0x00, 0x00, 0x00, 0x00, 0x4E, 0x8E, 0xCB, 0x01, 0x4E, 0x8E, 0xCB, 0x01, 0x4F, 0x8F, 0xCB, 0x01,
    0x50, 0x8F, 0xCB, 0x01, 0x52, 0x90, 0xCB, 0x01, 0x52, 0x90, 0xCB, 0x02, 0x52, 0x91, 0xCC, 0x02,
    0x53, 0x91, 0xCC, 0x02, 0x53, 0x92, 0xCC, 0x02, 0x55, 0x92, 0xCC, 0x02, 0x55, 0x93, 0xCC, 0x03,
    0x55, 0x94, 0xCA, 0x03, 0x60, 0x9C, 0xD0, 0x02, 0x23, 0x38, 0x60, 0x6A, 0x49, 0x59, 0x6D, 0xCE,
    0xE7, 0xF7, 0xF7, 0xE6, 0xF2, 0xFD, 0xFE, 0xEC, 0x69, 0x87, 0xAC, 0xF3, 0xA9, 0xC0, 0xD7, 0xF3,
    0xF5, 0xFA, 0xFC, 0xFA, 0xF5, 0xFA, 0xFC, 0xFA, 0xDA, 0xE5, 0xEE, 0xF9, 0xD6, 0xE6, 0xF1, 0xF8,
    0xD1, 0xE8, 0xF4, 0xF7, 0xC1, 0xE0, 0xF4, 0xFA, 0xA2, 0xD3, 0xFA, 0xF9, 0x84, 0xCC, 0xFC, 0xF8,
    0x7C, 0xD4, 0xFB, 0xF4, 0x60, 0xBA, 0xF9, 0xF8, 0x53, 0xBA, 0xF7, 0xF5, 0x1E, 0x69, 0xBF, 0xF3,
    0x02, 0x10, 0x57, 0xD6, 0x1E, 0x43, 0x7F, 0xBB, 0x47, 0x8A, 0xC6, 0x4D, 0x50, 0x9D, 0xDE, 0x03,
    0x00, 0x00, 0x00, 0x00, 0x46, 0x98, 0xDB, 0x01, 0x45, 0x95, 0xD9, 0x02, 0x45, 0x95, 0xD9, 0x02,
    0x45, 0x94, 0xDA, 0x03, 0x44, 0x92, 0xD9, 0x03, 0x43, 0x91, 0xD8, 0x04, 0x42, 0x91, 0xD8, 0x03,
    0x42, 0x90, 0xD7, 0x05, 0x43, 0x90, 0xD6, 0x04, 0x44, 0x8F, 0xD4, 0x05, 0x42, 0x8F, 0xD4, 0x05,
    0x42, 0x91, 0xD6, 0x09, 0x2E, 0x6A, 0xA9, 0x3F, 0x2B, 0x4A, 0x78, 0xAF, 0x90, 0xB7, 0xD5, 0xF5,
    0x91, 0xC5, 0xE9, 0xF8, 0x96, 0xCC, 0xF2, 0xF5, 0xA7, 0xDD, 0xF9, 0xF7, 0xAC, 0xE9, 0xFE, 0xF4,
    0x78, 0xB6, 0xE4, 0xEE, 0x78, 0xB6, 0xE4, 0xEE, 0x0B, 0x26, 0x64, 0xDB, 0x2C, 0x57, 0x98, 0xA2,
    0x4C, 0x98, 0xDA, 0x1A, 0x42, 0x88, 0xD1, 0x02, 0x42, 0x88, 0xD0, 0x0C, 0x3E, 0x82, 0xD0, 0x02,
    0x52, 0x9B, 0xE3, 0x74, 0x22, 0x52, 0x85, 0xF3, 0x51, 0x73, 0x89, 0xF7, 0xE0, 0xF2, 0xF8, 0xFC,
    0xD0, 0xE4, 0xEE, 0xFB, 0xCF, 0xE3, 0xED, 0xFB, 0xD1, 0xE9, 0xF3, 0xF9, 0xC2, 0xE2, 0xF3, 0xFA,
    0xB9, 0xE1, 0xF7, 0xF9, 0xA8, 0xD0, 0xF4, 0xF9, 0xB9, 0xED, 0xFC, 0xF6, 0x9E, 0xDE, 0xFA, 0xF7,
    0x9E, 0xDE, 0xFA, 0xF7, 0x06, 0x15, 0x46, 0xE5, 0x12, 0x2A, 0x5E, 0xA9, 0x59, 0xA0, 0xDE, 0x46,
    0x3C, 0x8B, 0xCE, 0x02, 0x3D, 0x8C, 0xD1, 0x04, 0x3D, 0x8A, 0xD2, 0x02, 0x3D, 0x8A, 0xD2, 0x02,
    0x3D, 0x8A, 0xD2, 0x02, 0x3D, 0x8A, 0xD2, 0x02, 0x3D, 0x89, 0xD1, 0x02, 0x3D, 0x89, 0xD1, 0x01,
    0x3D, 0x88, 0xCF, 0x01, 0x3D, 0x89, 0xCF, 0x01, 0x00, 0x00, 0x00, 0x00, 0x00, 0x00, 0x00, 0x00,
    0x00, 0x00, 0x00, 0x00, 0x00, 0x00, 0x00, 0x00, 0x00, 0x00, 0x00, 0x00, 0x00, 0x00, 0x00, 0x00,
    0x00, 0x00, 0x00, 0x00, 0x00, 0x00, 0x00, 0x00, 0x00, 0x00, 0x00, 0x00, 0x00, 0x00, 0x00, 0x00,
    0x00, 0x00, 0x00, 0x00, 0x00, 0x00, 0x00, 0x00, 0x00, 0x00, 0x00, 0x00, 0x00, 0x00, 0x00, 0x00,
    0x00, 0x00, 0x00, 0x00, 0x00, 0x00, 0x00, 0x00, 0x00, 0x00, 0x00, 0x00, 0x00, 0x00, 0x00, 0x00,
    0x00, 0x00, 0x00, 0x00, 0x00, 0x00, 0x00, 0x00, 0x00, 0x00, 0x00, 0x00, 0x00, 0x00, 0x00, 0x00,
    0x00, 0x00, 0x00, 0x00, 0x00, 0x00, 0x00, 0x00, 0x00, 0x00, 0x00, 0x00, 0x00, 0x00, 0x00, 0x00,
    0x00, 0x00, 0x00, 0x00, 0x00, 0x00, 0x00, 0x00, 0x00, 0x00, 0x00, 0x00, 0x00, 0x00, 0x00, 0x00,
    0x00, 0x00, 0x00, 0x00, 0x00, 0x00, 0x00, 0x00, 0x00, 0x00, 0x00, 0x00, 0x00, 0x00, 0x00, 0x00,
    0x00, 0x00, 0x00, 0x00, 0x00, 0x00, 0x00, 0x00, 0x00, 0x00, 0x00, 0x00, 0x00, 0x00, 0x00, 0x00,
    0x00, 0x00, 0x00, 0x00, 0x4D, 0x8E, 0xCB, 0x01, 0x4D, 0x8E, 0xCB, 0x01, 0x4F, 0x8E, 0xCB, 0x01,
    0x4F, 0x8F, 0xCC, 0x01, 0x50, 0x8F, 0xCC, 0x01, 0x51, 0x90, 0xCB, 0x02, 0x51, 0x91, 0xCC, 0x01,
    0x52, 0x91, 0xCC, 0x02, 0x53, 0x92, 0xCD, 0x02, 0x54, 0x92, 0xCD, 0x02, 0x55, 0x92, 0xCD, 0x02,
    0x55, 0x94, 0xCC, 0x04, 0x55, 0x94, 0xCD, 0x01, 0x54, 0x81, 0xB3, 0x35, 0x26, 0x38, 0x57, 0x9C,
    0x64, 0x6F, 0x7D, 0xDD, 0x8D, 0x9C, 0xA9, 0xF0, 0x1D, 0x20, 0x40, 0xF5, 0xB5, 0xC6, 0xDB, 0xF5,
    0xF9, 0xFC, 0xFD, 0xF9, 0xF9, 0xFC, 0xFD, 0xF9, 0xE7, 0xF3, 0xF9, 0xF8, 0xDF, 0xF1, 0xFA, 0xF9,
    0xD7, 0xEF, 0xFA, 0xF8, 0xC9, 0xE5, 0xF8, 0xF9, 0xAE, 0xDB, 0xF9, 0xF7, 0x80, 0xC0, 0xEF, 0xF8,
    0x4D, 0x84, 0xBC, 0xF7, 0x36, 0x60, 0x94, 0xF0, 0x0F, 0x31, 0x6B, 0xE3, 0x2E, 0x6B, 0xA2, 0xCF,
    0x42, 0x7C, 0xB9, 0x46, 0x55, 0x96, 0xD2, 0x1A, 0x55, 0xA1, 0xE1, 0x01, 0x4B, 0x96, 0xD8, 0x03,
    0x4C, 0x96, 0xD9, 0x04, 0x4C, 0x97, 0xDA, 0x03, 0x49, 0x95, 0xD9, 0x02, 0x49, 0x95, 0xD9, 0x02,
    0x48, 0x94, 0xDA, 0x03, 0x48, 0x94, 0xD9, 0x02, 0x46, 0x93, 0xD8, 0x02, 0x45, 0x92, 0xD8, 0x02,
    0x44, 0x91, 0xD7, 0x02, 0x43, 0x90, 0xD6, 0x01, 0x44, 0x90, 0xD6, 0x02, 0x42, 0x90, 0xD6, 0x02,
    0x42, 0x91, 0xD6, 0x05, 0x47, 0x96, 0xD9, 0x05, 0x49, 0x85, 0xC3, 0x3B, 0x26, 0x49, 0x74, 0xA3,
    0x13, 0x21, 0x42, 0xBC, 0x16, 0x26, 0x47, 0xD4, 0x1C, 0x30, 0x53, 0xDB, 0x20, 0x3D, 0x62, 0xD6,
    0x13, 0x34, 0x62, 0xCE, 0x13, 0x34, 0x62, 0xCE, 0x2F, 0x6B, 0xA8, 0x65, 0x49, 0x92, 0xD3, 0x0F,
    0x41, 0x88, 0xD0, 0x01, 0x45, 0x88, 0xD0, 0x05, 0x44, 0x86, 0xCE, 0x0B, 0x42, 0x86, 0xCF, 0x02,
    0x3C, 0x71, 0xB4, 0x72, 0x08, 0x1A, 0x39, 0xE6, 0x88, 0xA5, 0xB3, 0xF0, 0xE5, 0xF7, 0xFA, 0xFA,
    0xD0, 0xE4, 0xEC, 0xF8, 0xCF, 0xE5, 0xF0, 0xF9, 0xCF, 0xE9, 0xF4, 0xF9, 0xCB, 0xE3, 0xF3, 0xF8,
    0xC9, 0xE4, 0xF5, 0xF8, 0xD0, 0xEF, 0xFA, 0xFA, 0x98, 0xB8, 0xCE, 0xFA, 0x70, 0x9B, 0xB1, 0xF8,
    0x70, 0x9B, 0xB1, 0xF8, 0x0E, 0x22, 0x4B, 0xF0, 0x1B, 0x38, 0x75, 0x60, 0x45, 0x91, 0xD4, 0x08,
    0x3C, 0x87, 0xCB, 0x02, 0x3F, 0x8A, 0xD1, 0x02, 0x3F, 0x8A, 0xD2, 0x02, 0x3F, 0x8B, 0xD2, 0x01,
    0x3E, 0x8A, 0xD2, 0x02, 0x3E, 0x8A, 0xD2, 0x01, 0x3E, 0x8A, 0xD1, 0x01, 0x3D, 0x89, 0xD0, 0x01,
    0x3D, 0x89, 0xCF, 0x01, 0x3E, 0x88, 0xCE, 0x01, 0x00, 0x00, 0x00, 0x00, 0x00, 0x00, 0x00, 0x00,
    0x00, 0x00, 0x00, 0x00, 0x00, 0x00, 0x00, 0x00, 0x00, 0x00, 0x00, 0x00, 0x00, 0x00, 0x00, 0x00,
    0x00, 0x00, 0x00, 0x00, 0x00, 0x00, 0x00, 0x00, 0x00, 0x00, 0x00, 0x00, 0x00, 0x00, 0x00, 0x00,
    0x00, 0x00, 0x00, 0x00, 0x00, 0x00, 0x00, 0x00, 0x00, 0x00, 0x00, 0x00, 0x00, 0x00, 0x00, 0x00,
    0x00, 0x00, 0x00, 0x00, 0x00, 0x00, 0x00, 0x00, 0x00, 0x00, 0x00, 0x00, 0x00, 0x00, 0x00, 0x00,
    0x00, 0x00, 0x00, 0x00, 0x00, 0x00, 0x00, 0x00, 0x00, 0x00, 0x00, 0x00, 0x00, 0x00, 0x00, 0x00,
    0x00, 0x00, 0x00, 0x00, 0x00, 0x00, 0x00, 0x00, 0x00, 0x00, 0x00, 0x00, 0x00, 0x00, 0x00, 0x00,
    0x00, 0x00, 0x00, 0x00, 0x00, 0x00, 0x00, 0x00, 0x00, 0x00, 0x00, 0x00, 0x00, 0x00, 0x00, 0x00,
    0x00, 0x00, 0x00, 0x00, 0x00, 0x00, 0x00, 0x00, 0x00, 0x00, 0x00, 0x00, 0x00, 0x00, 0x00, 0x00,
    0x00, 0x00, 0x00, 0x00, 0x00, 0x00, 0x00, 0x00, 0x00, 0x00, 0x00, 0x00, 0x00, 0x00, 0x00, 0x00,
    0x00, 0x00, 0x00, 0x00, 0x4D, 0x8E, 0xCB, 0x01, 0x4D, 0x8E, 0xCB, 0x01, 0x00, 0x00, 0x00, 0x00,
    0x4E, 0x8F, 0xCC, 0x01, 0x4F, 0x8F, 0xCC, 0x01, 0x50, 0x90, 0xCC, 0x01, 0x51, 0x91, 0xCC, 0x01,
    0x51, 0x91, 0xCC, 0x02, 0x51, 0x92, 0xCD, 0x02, 0x53, 0x92, 0xCD, 0x02, 0x54, 0x92, 0xCC, 0x02,
    0x56, 0x94, 0xCD, 0x03, 0x53, 0x91, 0xCD, 0x02, 0x56, 0x93, 0xD0, 0x05, 0x53, 0x80, 0xB4, 0x2C,
    0x1C, 0x33, 0x53, 0x89, 0x13, 0x1D, 0x35, 0xA8, 0x0F, 0x10, 0x29, 0xD0, 0x77, 0x83, 0x97, 0xEB,
    0xC1, 0xCF, 0xDD, 0xED, 0xC1, 0xCF, 0xDD, 0xED, 0xBB, 0xCE, 0xE0, 0xF0, 0xB9, 0xCE, 0xE1, 0xF3,
    0xBF, 0xD6, 0xE8, 0xF2, 0xBA, 0xCE, 0xE0, 0xF2, 0xC1, 0xDF, 0xF1, 0xEE, 0x78, 0xA5, 0xC5, 0xE6,
    0x01, 0x09, 0x25, 0xCD, 0x04, 0x0B, 0x26, 0x9C, 0x28, 0x50, 0x88, 0x61, 0x4D, 0x96, 0xD5, 0x3C,
    0x50, 0x9E, 0xE2, 0x01, 0x4C, 0x96, 0xD9, 0x05, 0x4B, 0x95, 0xD9, 0x03, 0x4C, 0x97, 0xD9, 0x02,
    0x4D, 0x96, 0xDA, 0x01, 0x4C, 0x95, 0xD9, 0x02, 0x4A, 0x95, 0xD9, 0x01, 0x4A, 0x95, 0xD9, 0x01,
    0x49, 0x94, 0xD9, 0x02, 0x48, 0x93, 0xD8, 0x02, 0x46, 0x93, 0xD7, 0x02, 0x45, 0x92, 0xD7, 0x02,
    0x43, 0x90, 0xD7, 0x02, 0x42, 0x90, 0xD6, 0x02, 0x42, 0x8F, 0xD6, 0x02, 0x43, 0x8E, 0xD5, 0x01,
    0x43, 0x8E, 0xD6, 0x02, 0x40, 0x8E, 0xD6, 0x03, 0x41, 0x8E, 0xD6, 0x01, 0x44, 0x85, 0xC7, 0x0D,
    0x36, 0x6D, 0xA8, 0x1B, 0x2E, 0x62, 0x97, 0x34, 0x1F, 0x4F, 0x83, 0x3C, 0x21, 0x57, 0x8F, 0x31,
    0x2D, 0x6B, 0xAD, 0x22, 0x2D, 0x6B, 0xAD, 0x22, 0x41, 0x90, 0xD6, 0x01, 0x39, 0x89, 0xD0, 0x01,
    0x3E, 0x88, 0xD2, 0x03, 0x41, 0x87, 0xD1, 0x01, 0x3F, 0x85, 0xCD, 0x03, 0x41, 0x88, 0xD0, 0x03,
    0x39, 0x73, 0xB4, 0x35, 0x0E, 0x22, 0x46, 0xA8, 0x8B, 0xA2, 0xAE, 0xEA, 0xD0, 0xE9, 0xEF, 0xF8,
    0xCD, 0xE6, 0xF0, 0xF8, 0xCC, 0xE4, 0xEF, 0xFA, 0xD4, 0xED, 0xF4, 0xF9, 0xD0, 0xE3, 0xEC, 0xFA,
    0xCF, 0xE2, 0xE6, 0xF7, 0xC1, 0xE2, 0xE4, 0xF6, 0x26, 0x38, 0x5A, 0xDE, 0x08, 0x18, 0x4A, 0xB8,
    0x08, 0x18, 0x4A, 0xB8, 0x16, 0x41, 0x82, 0x9D, 0x3E, 0x82, 0xC6, 0x16, 0x40, 0x8C, 0xD2, 0x02,
    0x3E, 0x88, 0xCF, 0x02, 0x3E, 0x89, 0xD1, 0x01, 0x3E, 0x8B, 0xD1, 0x01, 0x3F, 0x8A, 0xD2, 0x01,
    0x3E, 0x8A, 0xD2, 0x01, 0x3E, 0x8A, 0xD1, 0x01, 0x3E, 0x89, 0xD1, 0x01, 0x3E, 0x89, 0xD0, 0x01,
    0x00, 0x00, 0x00, 0x00, 0x00, 0x00, 0x00, 0x00, 0x00, 0x00, 0x00, 0x00, 0x00, 0x00, 0x00, 0x00,
    0x00, 0x00, 0x00, 0x00, 0x00, 0x00, 0x00, 0x00, 0x00, 0x00, 0x00, 0x00, 0x00, 0x00, 0x00, 0x00,
    0x00, 0x00, 0x00, 0x00, 0x00, 0x00, 0x00, 0x00, 0x00, 0x00, 0x00, 0x00, 0x00, 0x00, 0x00, 0x00,
    0x00, 0x00, 0x00, 0x00, 0x00, 0x00, 0x00, 0x00, 0x00, 0x00, 0x00, 0x00, 0x00, 0x00, 0x00, 0x00,
    0x00, 0x00, 0x00, 0x00, 0x00, 0x00, 0x00, 0x00, 0x00, 0x00, 0x00, 0x00, 0x00, 0x00, 0x00, 0x00,
    0x00, 0x00, 0x00, 0x00, 0x00, 0x00, 0x00, 0x00, 0x00, 0x00, 0x00, 0x00, 0x00, 0x00, 0x00, 0x00,
    0x00, 0x00, 0x00, 0x00, 0x00, 0x00, 0x00, 0x00, 0x00, 0x00, 0x00, 0x00, 0x00, 0x00, 0x00, 0x00,
    0x00, 0x00, 0x00, 0x00, 0x00, 0x00, 0x00, 0x00, 0x00, 0x00, 0x00, 0x00, 0x00, 0x00, 0x00, 0x00,
    0x00, 0x00, 0x00, 0x00, 0x00, 0x00, 0x00, 0x00, 0x00, 0x00, 0x00, 0x00, 0x00, 0x00, 0x00, 0x00,
    0x00, 0x00, 0x00, 0x00, 0x00, 0x00, 0x00, 0x00, 0x00, 0x00, 0x00, 0x00, 0x00, 0x00, 0x00, 0x00,
    0x00, 0x00, 0x00, 0x00, 0x4C, 0x8E, 0xCC, 0x01, 0x4C, 0x8E, 0xCC, 0x01, 0x00, 0x00, 0x00, 0x00,
    0x4D, 0x8F, 0xCB, 0x01, 0x4E, 0x90, 0xCC, 0x01, 0x4F, 0x90, 0xCC, 0x01, 0x4F, 0x90, 0xCD, 0x01,
    0x50, 0x91, 0xCC, 0x02, 0x50, 0x91, 0xCC, 0x02, 0x51, 0x92, 0xCD, 0x02, 0x53, 0x92, 0xCD, 0x02,
    0x55, 0x92, 0xCE, 0x03, 0x55, 0x93, 0xD1, 0x03, 0x53, 0x90, 0xCF, 0x03, 0x54, 0x91, 0xD4, 0x03,
    0x50, 0x8E, 0xCC, 0x13, 0x44, 0x83, 0xB8, 0x20, 0x3A, 0x6B, 0x9F, 0x7B, 0x02, 0x0F, 0x2F, 0xAF,
    0x01, 0x08, 0x1D, 0xB5, 0x01, 0x08, 0x1D, 0xB5, 0x01, 0x09, 0x21, 0xC0, 0x00, 0x08, 0x1E, 0xC1,
    0x04, 0x15, 0x2A, 0xBD, 0x05, 0x10, 0x25, 0xC0, 0x0E, 0x1B, 0x34, 0xAD, 0x14, 0x2B, 0x50, 0xA8,
    0x42, 0x74, 0xA0, 0x63, 0x5E, 0x96, 0xC8, 0x1A, 0x59, 0xA2, 0xDE, 0x03, 0x4A, 0x92, 0xD7, 0x01,
    0x45, 0x92, 0xD7, 0x03, 0x48, 0x94, 0xD9, 0x04, 0x4C, 0x95, 0xDB, 0x02, 0x4B, 0x95, 0xD9, 0x02,
    0x4B, 0x95, 0xD9, 0x01, 0x4B, 0x95, 0xD9, 0x02, 0x49, 0x94, 0xD9, 0x02, 0x49, 0x94, 0xD9, 0x02,
    0x48, 0x93, 0xD8, 0x02, 0x47, 0x92, 0xD7, 0x02, 0x45, 0x92, 0xD7, 0x02, 0x44, 0x91, 0xD7, 0x02,
    0x43, 0x90, 0xD7, 0x02, 0x42, 0x8F, 0xD7, 0x02, 0x41, 0x8D, 0xD6, 0x02, 0x42, 0x8D, 0xD6, 0x01,
    0x42, 0x8C, 0xD5, 0x02, 0x40, 0x8C, 0xD6, 0x02, 0x3E, 0x8B, 0xD5, 0x04, 0x3E, 0x8B, 0xD4, 0x05,
    0x3D, 0x8A, 0xD2, 0x04, 0x42, 0x8F, 0xD7, 0x02, 0x00, 0x00, 0x00, 0x00, 0x00, 0x00, 0x00, 0x00,
    0x00, 0x00, 0x00, 0x00, 0x00, 0x00, 0x00, 0x00, 0x39, 0x88, 0xD2, 0x02, 0x3A, 0x88, 0xD2, 0x01,
    0x3B, 0x87, 0xD3, 0x01, 0x00, 0x00, 0x00, 0x00, 0x3C, 0x85, 0xCF, 0x01, 0x3A, 0x83, 0xCC, 0x03,
    0x3A, 0x87, 0xCC, 0x02, 0x34, 0x6F, 0xAC, 0x3E, 0x09, 0x24, 0x43, 0xAD, 0x0E, 0x20, 0x2E, 0xCB,
    0x12, 0x24, 0x2F, 0xD6, 0x13, 0x23, 0x2B, 0xDD, 0x17, 0x2B, 0x32, 0xDB, 0x14, 0x1F, 0x2A, 0xDF,
    0x14, 0x1D, 0x29, 0xD9, 0x16, 0x27, 0x3B, 0xDC, 0x22, 0x46, 0x73, 0xBB, 0x2F, 0x6F, 0xB3, 0x35,
    0x2F, 0x6F, 0xB3, 0x35, 0x33, 0x7F, 0xC7, 0x11, 0x3C, 0x8B, 0xD2, 0x02, 0x3C, 0x88, 0xD0, 0x03,
    0x3F, 0x89, 0xD1, 0x02, 0x3E, 0x8A, 0xD0, 0x01, 0x3E, 0x8B, 0xD1, 0x01, 0x3F, 0x8A, 0xD1, 0x01,
    0x3E, 0x8A, 0xD2, 0x01, 0x3F, 0x8A, 0xD1, 0x01, 0x3F, 0x89, 0xD0, 0x01, 0x00, 0x00, 0x00, 0x00,
    0x3E, 0x89, 0xCF, 0x01, 0x00, 0x00, 0x00, 0x00, 0x00, 0x00, 0x00, 0x00, 0x00, 0x00, 0x00, 0x00,
    0x00, 0x00, 0x00, 0x00, 0x00, 0x00, 0x00, 0x00, 0x00, 0x00, 0x00, 0x00, 0x00, 0x00, 0x00, 0x00,
    0x00, 0x00, 0x00, 0x00, 0x00, 0x00, 0x00, 0x00, 0x00, 0x00, 0x00, 0x00, 0x00, 0x00, 0x00, 0x00,
    0x00, 0x00, 0x00, 0x00, 0x00, 0x00, 0x00, 0x00, 0x00, 0x00, 0x00, 0x00, 0x00, 0x00, 0x00, 0x00,
    0x00, 0x00, 0x00, 0x00, 0x00, 0x00, 0x00, 0x00, 0x00, 0x00, 0x00, 0x00, 0x00, 0x00, 0x00, 0x00,
    0x00, 0x00, 0x00, 0x00, 0x00, 0x00, 0x00, 0x00, 0x00, 0x00, 0x00, 0x00, 0x00, 0x00, 0x00, 0x00,
    0x00, 0x00, 0x00, 0x00, 0x00, 0x00, 0x00, 0x00, 0x00, 0x00, 0x00, 0x00, 0x00, 0x00, 0x00, 0x00,
    0x00, 0x00, 0x00, 0x00, 0x00, 0x00, 0x00, 0x00, 0x00, 0x00, 0x00, 0x00, 0x00, 0x00, 0x00, 0x00,
    0x00, 0x00, 0x00, 0x00, 0x00, 0x00, 0x00, 0x00, 0x00, 0x00, 0x00, 0x00, 0x00, 0x00, 0x00, 0x00,
    0x00, 0x00, 0x00, 0x00, 0x00, 0x00, 0x00, 0x00, 0x00, 0x00, 0x00, 0x00, 0x00, 0x00, 0x00, 0x00,
    0x00, 0x00, 0x00, 0x00, 0x4C, 0x8E, 0xCC, 0x01, 0x4C, 0x8E, 0xCC, 0x01, 0x00, 0x00, 0x00, 0x00,
    0x4D, 0x8F, 0xCB, 0x01, 0x4E, 0x8F, 0xCC, 0x01, 0x4E, 0x90, 0xCC, 0x01, 0x4E, 0x90, 0xCD, 0x01,
    0x4F, 0x90, 0xCD, 0x02, 0x4F, 0x91, 0xCD, 0x02, 0x50, 0x91, 0xCD, 0x02, 0x51, 0x92, 0xCD, 0x02,
    0x53, 0x92, 0xCE, 0x02, 0x55, 0x92, 0xD0, 0x02, 0x55, 0x92, 0xD0, 0x02, 0x52, 0x90, 0xD0, 0x02,
    0x4F, 0x8F, 0xCF, 0x03, 0x48, 0x8C, 0xCC, 0x01, 0x43, 0x89, 0xC8, 0x10, 0x3B, 0x6F, 0xAB, 0x1E,
    0x37, 0x67, 0x9A, 0x24, 0x37, 0x67, 0x9A, 0x24, 0x31, 0x63, 0x96, 0x2B, 0x2D, 0x5A, 0x8E, 0x2C,
    0x2F, 0x60, 0x8F, 0x28, 0x2A, 0x56, 0x87, 0x2A, 0x25, 0x53, 0x87, 0x1A, 0x23, 0x57, 0x95, 0x1C,
    0x43, 0x8E, 0xD2, 0x0F, 0x43, 0x91, 0xD4, 0x01, 0x3F, 0x8D, 0xD3, 0x06, 0x45, 0x91, 0xD7, 0x04,
    0x48, 0x92, 0xD9, 0x02, 0x48, 0x92, 0xD9, 0x02, 0x49, 0x93, 0xDA, 0x01, 0x49, 0x94, 0xD9, 0x02,
    0x49, 0x94, 0xD9, 0x01, 0x49, 0x94, 0xD9, 0x02, 0x47, 0x93, 0xD8, 0x01, 0x47, 0x93, 0xD8, 0x01,
    0x46, 0x92, 0xD7, 0x01, 0x46, 0x92, 0xD8, 0x01, 0x45, 0x92, 0xD8, 0x01, 0x45, 0x91, 0xD7, 0x01,
    0x44, 0x90, 0xD7, 0x01, 0x43, 0x8F, 0xD6, 0x01, 0x42, 0x8E, 0xD6, 0x01, 0x41, 0x8D, 0xD5, 0x01,
    0x41, 0x8C, 0xD5, 0x01, 0x41, 0x8B, 0xD5, 0x01, 0x3F, 0x8B, 0xD5, 0x02, 0x3D, 0x89, 0xD4, 0x02,
    0x3C, 0x89, 0xD3, 0x03, 0x3B, 0x88, 0xD2, 0x03, 0x39, 0x87, 0xD1, 0x04, 0x38, 0x87, 0xD2, 0x03,
    0x37, 0x87, 0xD2, 0x02, 0x37, 0x87, 0xD2, 0x02, 0x39, 0x87, 0xD2, 0x01, 0x39, 0x86, 0xD2, 0x01,
    0x00, 0x00, 0x00, 0x00, 0x39, 0x85, 0xD2, 0x01, 0x00, 0x00, 0x00, 0x00, 0x3A, 0x85, 0xD0, 0x02,
    0x36, 0x82, 0xCE, 0x01, 0x3A, 0x85, 0xCF, 0x07, 0x2B, 0x5D, 0x9C, 0x2E, 0x1B, 0x44, 0x73, 0x41,
    0x16, 0x3F, 0x6C, 0x50, 0x12, 0x38, 0x64, 0x57, 0x11, 0x38, 0x64, 0x54, 0x0F, 0x33, 0x61, 0x5E,
    0x16, 0x3B, 0x6B, 0x60, 0x0C, 0x2E, 0x67, 0x63, 0x16, 0x50, 0x93, 0x53, 0x36, 0x8C, 0xD1, 0x0F,
    0x36, 0x8C, 0xD1, 0x0F, 0x39, 0x89, 0xD3, 0x04, 0x3C, 0x88, 0xD1, 0x03, 0x3F, 0x8A, 0xD2, 0x01,
    0x3E, 0x89, 0xD1, 0x01, 0x3E, 0x8A, 0xD1, 0x01, 0x3E, 0x8B, 0xD1, 0x01, 0x3F, 0x8B, 0xD2, 0x01,
    0x3E, 0x8A, 0xD2, 0x01, 0x00, 0x00, 0x00, 0x00, 0x3F, 0x8A, 0xD1, 0x01, 0x00, 0x00, 0x00, 0x00,
    0x00, 0x00, 0x00, 0x00, 0x00, 0x00, 0x00, 0x00, 0x00, 0x00, 0x00, 0x00, 0x00, 0x00, 0x00, 0x00,
    0x00, 0x00, 0x00, 0x00, 0x00, 0x00, 0x00, 0x00, 0x00, 0x00, 0x00, 0x00, 0x00, 0x00, 0x00, 0x00,
    0x00, 0x00, 0x00, 0x00, 0x00, 0x00, 0x00, 0x00, 0x00, 0x00, 0x00, 0x00, 0x00, 0x00, 0x00, 0x00,
    0x00, 0x00, 0x00, 0x00, 0x00, 0x00, 0x00, 0x00, 0x00, 0x00, 0x00, 0x00, 0x00, 0x00, 0x00, 0x00,
    0x00, 0x00, 0x00, 0x00, 0x00, 0x00, 0x00, 0x00, 0x00, 0x00, 0x00, 0x00, 0x00, 0x00, 0x00, 0x00,
    0x00, 0x00, 0x00, 0x00, 0x00, 0x00, 0x00, 0x00, 0x00, 0x00, 0x00, 0x00, 0x00, 0x00, 0x00, 0x00,
    0x00, 0x00, 0x00, 0x00, 0x00, 0x00, 0x00, 0x00, 0x00, 0x00, 0x00, 0x00, 0x00, 0x00, 0x00, 0x00,
    0x00, 0x00, 0x00, 0x00, 0x00, 0x00, 0x00, 0x00, 0x00, 0x00, 0x00, 0x00, 0x00, 0x00, 0x00, 0x00,
    0x00, 0x00, 0x00, 0x00, 0x00, 0x00, 0x00, 0x00, 0x00, 0x00, 0x00, 0x00, 0x00, 0x00, 0x00, 0x00,
    0x00, 0x00, 0x00, 0x00, 0x00, 0x00, 0x00, 0x00, 0x00, 0x00, 0x00, 0x00, 0x00, 0x00, 0x00, 0x00,
    0x00, 0x00, 0x00, 0x00, 0x4B, 0x8D, 0xCC, 0x01, 0x4B, 0x8D, 0xCC, 0x01, 0x4C, 0x8E, 0xCB, 0x01,
    0x4C, 0x8F, 0xCC, 0x01, 0x4D, 0x8F, 0xCC, 0x01, 0x4D, 0x8F, 0xCC, 0x01, 0x4D, 0x8F, 0xCD, 0x01,
    0x4D, 0x90, 0xCD, 0x02, 0x4E, 0x90, 0xCD, 0x02, 0x4F, 0x90, 0xCE, 0x02, 0x50, 0x91, 0xCE, 0x02,
    0x51, 0x92, 0xCF, 0x02, 0x52, 0x91, 0xCF, 0x02, 0x53, 0x91, 0xD0, 0x03, 0x52, 0x92, 0xD1, 0x02,
    0x50, 0x90, 0xD0, 0x03, 0x4C, 0x90, 0xCF, 0x04, 0x47, 0x8E, 0xCE, 0x02, 0x48, 0x90, 0xD1, 0x01,
    0x48, 0x90, 0xD0, 0x01, 0x48, 0x90, 0xD0, 0x01, 0x00, 0x00, 0x00, 0x00, 0x47, 0x90, 0xD2, 0x01,
    0x00, 0x00, 0x00, 0x00, 0x46, 0x93, 0xD5, 0x01, 0x48, 0x96, 0xD9, 0x01, 0x45, 0x95, 0xD9, 0x01,
    0x3E, 0x8E, 0xD3, 0x02, 0x3F, 0x8E, 0xD4, 0x03, 0x43, 0x8F, 0xD6, 0x03, 0x45, 0x90, 0xD7, 0x02,
    0x47, 0x91, 0xD8, 0x02, 0x47, 0x92, 0xD8, 0x02, 0x49, 0x92, 0xD9, 0x02, 0x48, 0x93, 0xD8, 0x01,
    0x48, 0x92, 0xD8, 0x01, 0x47, 0x92, 0xD8, 0x01, 0x46, 0x92, 0xD7, 0x01, 0x46, 0x92, 0xD7, 0x01,
    0x46, 0x92, 0xD7, 0x01, 0x46, 0x92, 0xD8, 0x01, 0x45, 0x91, 0xD7, 0x01, 0x45, 0x91, 0xD7, 0x01,
    0x44, 0x90, 0xD7, 0x01, 0x43, 0x8F, 0xD6, 0x01, 0x42, 0x8E, 0xD6, 0x01, 0x41, 0x8C, 0xD5, 0x01,
    0x40, 0x8B, 0xD4, 0x01, 0x40, 0x8B, 0xD5, 0x01, 0x3F, 0x8A, 0xD5, 0x02, 0x3E, 0x8A, 0xD5, 0x01,
    0x3D, 0x89, 0xD4, 0x01, 0x3C, 0x88, 0xD4, 0x01, 0x3B, 0x88, 0xD3, 0x01, 0x00, 0x00, 0x00, 0x00,
    0x3A, 0x87, 0xD2, 0x01, 0x3A, 0x87, 0xD2, 0x01, 0x3A, 0x87, 0xD2, 0x01, 0x3A, 0x86, 0xD2, 0x01,
    0x39, 0x85, 0xD1, 0x01, 0x3A, 0x85, 0xD1, 0x02, 0x00, 0x00, 0x00, 0x00, 0x3A, 0x85, 0xD2, 0x02,
    0x38, 0x86, 0xD2, 0x01, 0x37, 0x84, 0xD0, 0x02, 0x3D, 0x87, 0xD3, 0x03, 0x3C, 0x88, 0xD2, 0x03,
    0x3D, 0x8A, 0xD3, 0x06, 0x3B, 0x86, 0xD2, 0x07, 0x3B, 0x89, 0xD6, 0x04, 0x38, 0x8A, 0xD7, 0x09,
    0x3E, 0x8E, 0xD8, 0x0A, 0x41, 0x89, 0xD2, 0x08, 0x43, 0x8F, 0xD6, 0x01, 0x3E, 0x8B, 0xD3, 0x02,
    0x3E, 0x8B, 0xD3, 0x02, 0x3D, 0x88, 0xD2, 0x03, 0x3F, 0x88, 0xD2, 0x02, 0x3F, 0x89, 0xD1, 0x01,
    0x3E, 0x89, 0xD1, 0x01, 0x3E, 0x8A, 0xD1, 0x01, 0x3E, 0x8A, 0xD1, 0x01, 0x00, 0x00, 0x00, 0x00,
    0x00, 0x00, 0x00, 0x00, 0x00, 0x00, 0x00, 0x00, 0x00, 0x00, 0x00, 0x00, 0x00, 0x00, 0x00, 0x00,
    0x00, 0x00, 0x00, 0x00, 0x00, 0x00, 0x00, 0x00, 0x00, 0x00, 0x00, 0x00, 0x00, 0x00, 0x00, 0x00,
    0x00, 0x00, 0x00, 0x00, 0x00, 0x00, 0x00, 0x00, 0x00, 0x00, 0x00, 0x00, 0x00, 0x00, 0x00, 0x00,
    0x00, 0x00, 0x00, 0x00, 0x00, 0x00, 0x00, 0x00, 0x00, 0x00, 0x00, 0x00, 0x00, 0x00, 0x00, 0x00,
    0x00, 0x00, 0x00, 0x00, 0x00, 0x00, 0x00, 0x00, 0x00, 0x00, 0x00, 0x00, 0x00, 0x00, 0x00, 0x00,
    0x00, 0x00, 0x00, 0x00, 0x00, 0x00, 0x00, 0x00, 0x00, 0x00, 0x00, 0x00, 0x00, 0x00, 0x00, 0x00,
    0x00, 0x00, 0x00, 0x00, 0x00, 0x00, 0x00, 0x00, 0x00, 0x00, 0x00, 0x00, 0x00, 0x00, 0x00, 0x00,
    0x00, 0x00, 0x00, 0x00, 0x00, 0x00, 0x00, 0x00, 0x00, 0x00, 0x00, 0x00, 0x00, 0x00, 0x00, 0x00,
    0x00, 0x00, 0x00, 0x00, 0x00, 0x00, 0x00, 0x00, 0x00, 0x00, 0x00, 0x00, 0x00, 0x00, 0x00, 0x00,
    0x00, 0x00, 0x00, 0x00, 0x00, 0x00, 0x00, 0x00, 0x00, 0x00, 0x00, 0x00, 0x00, 0x00, 0x00, 0x00,
    0x00, 0x00, 0x00, 0x00, 0x00, 0x00, 0x00, 0x00, 0x00, 0x00, 0x00, 0x00, 0x00, 0x00, 0x00, 0x00,
    0x00, 0x00, 0x00, 0x00, 0x4A, 0x8C, 0xCC, 0x01, 0x4A, 0x8C, 0xCC, 0x01, 0x4B, 0x8E, 0xCD, 0x01,
    0x4B, 0x8E, 0xCC, 0x01, 0x4C, 0x8F, 0xCC, 0x01, 0x4C, 0x8F, 0xCC, 0x01, 0x4C, 0x8F, 0xCD, 0x01,
    0x4C, 0x8F, 0xCD, 0x02, 0x4D, 0x90, 0xCE, 0x01, 0x4D, 0x90, 0xCE, 0x02, 0x4E, 0x91, 0xCF, 0x02,
    0x4F, 0x91, 0xD0, 0x02, 0x4F, 0x91, 0xCF, 0x02, 0x4F, 0x91, 0xD0, 0x02, 0x4E, 0x90, 0xD0, 0x02,
    0x4D, 0x90, 0xD0, 0x02, 0x4C, 0x90, 0xD0, 0x02, 0x49, 0x8F, 0xD0, 0x04, 0x46, 0x8E, 0xCF, 0x04,
    0x45, 0x8C, 0xCD, 0x05, 0x45, 0x8C, 0xCD, 0x05, 0x42, 0x8C, 0xCD, 0x04, 0x40, 0x8B, 0xCD, 0x05,
    0x40, 0x8B, 0xCE, 0x05, 0x3E, 0x8B, 0xCE, 0x05, 0x3C, 0x8B, 0xCF, 0x04, 0x3B, 0x8D, 0xD1, 0x05,
    0x3D, 0x8E, 0xD3, 0x03, 0x3F, 0x8D, 0xD4, 0x03, 0x42, 0x8E, 0xD6, 0x01, 0x44, 0x90, 0xD7, 0x02,
    0x45, 0x91, 0xD7, 0x01, 0x46, 0x92, 0xD7, 0x01, 0x47, 0x92, 0xD8, 0x01, 0x46, 0x92, 0xD8, 0x01,
    0x46, 0x92, 0xD8, 0x01, 0x46, 0x92, 0xD8, 0x01, 0x45, 0x92, 0xD8, 0x01, 0x45, 0x92, 0xD8, 0x01,
    0x44, 0x92, 0xD8, 0x01, 0x44, 0x91, 0xD7, 0x01, 0x44, 0x91, 0xD7, 0x01, 0x43, 0x91, 0xD7, 0x01,
    0x42, 0x90, 0xD7, 0x01, 0x42, 0x90, 0xD7, 0x01, 0x41, 0x8F, 0xD6, 0x01, 0x41, 0x8D, 0xD5, 0x01,
    0x41, 0x8C, 0xD5, 0x01, 0x40, 0x8B, 0xD4, 0x01, 0x40, 0x8B, 0xD4, 0x01, 0x3F, 0x8A, 0xD4, 0x01,
    0x3E, 0x8A, 0xD4, 0x01, 0x3E, 0x89, 0xD4, 0x01, 0x3E, 0x89, 0xD3, 0x01, 0x3D, 0x88, 0xD3, 0x01,
    0x3C, 0x87, 0xD3, 0x01, 0x3C, 0x87, 0xD3, 0x01, 0x3B, 0x87, 0xD2, 0x01, 0x3B, 0x86, 0xD2, 0x01,
    0x3A, 0x86, 0xD2, 0x01, 0x3B, 0x86, 0xD2, 0x01, 0x3A, 0x86, 0xD2, 0x01, 0x3A, 0x86, 0xD2, 0x01,
    0x39, 0x87, 0xD1, 0x01, 0x38, 0x85, 0xD1, 0x02, 0x39, 0x85, 0xD1, 0x02, 0x38, 0x85, 0xD1, 0x04,
    0x39, 0x87, 0xD2, 0x02, 0x39, 0x87, 0xD3, 0x04, 0x3A, 0x89, 0xD4, 0x03, 0x39, 0x89, 0xD3, 0x03,
    0x39, 0x89, 0xD3, 0x01, 0x3B, 0x8B, 0xD3, 0x05, 0x3B, 0x8B, 0xD3, 0x05, 0x3C, 0x88, 0xD2, 0x03,
    0x3C, 0x88, 0xD2, 0x03, 0x3E, 0x88, 0xD3, 0x01, 0x3E, 0x88, 0xD1, 0x01, 0x00, 0x00, 0x00, 0x00,
    0x3E, 0x89, 0xD0, 0x01, 0x00, 0x00, 0x00, 0x00, 0x00, 0x00, 0x00, 0x00, 0x00, 0x00, 0x00, 0x00,
    0x00, 0x00, 0x00, 0x00, 0x00, 0x00, 0x00, 0x00, 0x00, 0x00, 0x00, 0x00, 0x00, 0x00, 0x00, 0x00,
    0x00, 0x00, 0x00, 0x00, 0x00, 0x00, 0x00, 0x00, 0x00, 0x00, 0x00, 0x00, 0x00, 0x00, 0x00, 0x00,
    0x00, 0x00, 0x00, 0x00, 0x00, 0x00, 0x00, 0x00, 0x00, 0x00, 0x00, 0x00, 0x00, 0x00, 0x00, 0x00,
    0x00, 0x00, 0x00, 0x00, 0x00, 0x00, 0x00, 0x00, 0x00, 0x00, 0x00, 0x00, 0x00, 0x00, 0x00, 0x00,
    0x00, 0x00, 0x00, 0x00, 0x00, 0x00, 0x00, 0x00, 0x00, 0x00, 0x00, 0x00, 0x00, 0x00, 0x00, 0x00,
    0x00, 0x00, 0x00, 0x00, 0x00, 0x00, 0x00, 0x00, 0x00, 0x00, 0x00, 0x00, 0x00, 0x00, 0x00, 0x00,
    0x00, 0x00, 0x00, 0x00, 0x00, 0x00, 0x00, 0x00, 0x00, 0x00, 0x00, 0x00, 0x00, 0x00, 0x00, 0x00,
    0x00, 0x00, 0x00, 0x00, 0x00, 0x00, 0x00, 0x00, 0x00, 0x00, 0x00, 0x00, 0x00, 0x00, 0x00, 0x00,
    0x00, 0x00, 0x00, 0x00, 0x00, 0x00, 0x00, 0x00, 0x00, 0x00, 0x00, 0x00, 0x00, 0x00, 0x00, 0x00,
    0x00, 0x00, 0x00, 0x00, 0x00, 0x00, 0x00, 0x00, 0x00, 0x00, 0x00, 0x00, 0x00, 0x00, 0x00, 0x00,
    0x00, 0x00, 0x00, 0x00, 0x00, 0x00, 0x00, 0x00, 0x00, 0x00, 0x00, 0x00, 0x00, 0x00, 0x00, 0x00,
    0x00, 0x00, 0x00, 0x00, 0x49, 0x8C, 0xCD, 0x01, 0x49, 0x8C, 0xCD, 0x01, 0x00, 0x00, 0x00, 0x00,
    0x4B, 0x8E, 0xCD, 0x01, 0x4B, 0x8E, 0xCC, 0x01, 0x4B, 0x8E, 0xCC, 0x01, 0x4B, 0x8F, 0xCD, 0x01,
    0x4C, 0x8E, 0xCD, 0x02, 0x4C, 0x8F, 0xCE, 0x01, 0x4C, 0x8F, 0xCF, 0x02, 0x4D, 0x90, 0xCF, 0x02,
    0x4D, 0x90, 0xCF, 0x02, 0x4D, 0x90, 0xCF, 0x02, 0x4C, 0x8F, 0xCF, 0x02, 0x4B, 0x8E, 0xCF, 0x02,
    0x4A, 0x8D, 0xCF, 0x02, 0x49, 0x8D, 0xCF, 0x02, 0x47, 0x8D, 0xCF, 0x03, 0x46, 0x8C, 0xCF, 0x02,
    0x44, 0x8B, 0xCF, 0x02, 0x44, 0x8B, 0xCF, 0x02, 0x42, 0x8B, 0xCF, 0x02, 0x3F, 0x8B, 0xD0, 0x02,
    0x3F, 0x8B, 0xD1, 0x02, 0x3E, 0x8B, 0xD2, 0x02, 0x3E, 0x8C, 0xD3, 0x02, 0x3D, 0x8C, 0xD3, 0x01,
    0x3F, 0x8C, 0xD3, 0x01, 0x3F, 0x8D, 0xD4, 0x02, 0x42, 0x8E, 0xD6, 0x01, 0x44, 0x90, 0xD7, 0x01,
    0x45, 0x90, 0xD7, 0x01, 0x45, 0x91, 0xD7, 0x02, 0x45, 0x91, 0xD8, 0x02, 0x45, 0x91, 0xD7, 0x01,
    0x44, 0x91, 0xD8, 0x01, 0x44, 0x91, 0xD8, 0x01, 0x44, 0x91, 0xD9, 0x01, 0x44, 0x91, 0xD9, 0x01,
    0x44, 0x91, 0xD8, 0x01, 0x44, 0x91, 0xD8, 0x01, 0x43, 0x90, 0xD8, 0x01, 0x42, 0x90, 0xD8, 0x01,
    0x42, 0x90, 0xD8, 0x01, 0x42, 0x8F, 0xD8, 0x01, 0x41, 0x8E, 0xD7, 0x01, 0x42, 0x8D, 0xD6, 0x01,
    0x42, 0x8C, 0xD5, 0x01, 0x41, 0x8B, 0xD5, 0x01, 0x40, 0x8B, 0xD5, 0x01, 0x3F, 0x8A, 0xD5, 0x01,
    0x3F, 0x8A, 0xD4, 0x01, 0x3F, 0x8A, 0xD4, 0x01, 0x3F, 0x89, 0xD3, 0x01, 0x3E, 0x89, 0xD3, 0x01,
    0x3D, 0x88, 0xD3, 0x01, 0x3D, 0x88, 0xD3, 0x01, 0x3D, 0x87, 0xD2, 0x01, 0x3C, 0x87, 0xD3, 0x01,
    0x3C, 0x87, 0xD3, 0x01, 0x3C, 0x87, 0xD3, 0x01, 0x3B, 0x86, 0xD2, 0x02, 0x3A, 0x86, 0xD2, 0x01,
    0x39, 0x85, 0xD1, 0x01, 0x38, 0x84, 0xD2, 0x02, 0x38, 0x85, 0xD3, 0x01, 0x39, 0x85, 0xD2, 0x01,
    0x00, 0x00, 0x00, 0x00, 0x3A, 0x87, 0xD3, 0x01, 0x3B, 0x88, 0xD3, 0x01, 0x3B, 0x88, 0xD2, 0x01,
    0x3D, 0x89, 0xD3, 0x01, 0x3C, 0x89, 0xD2, 0x01, 0x3C, 0x89, 0xD1, 0x01, 0x3D, 0x88, 0xD2, 0x01,
    0x3D, 0x88, 0xD2, 0x01, 0x3D, 0x87, 0xD2, 0x01, 0x3D, 0x88, 0xD1, 0x01, 0x3D, 0x88, 0xD1, 0x01,
    0x3D, 0x88, 0xD0, 0x01, 0x00, 0x00, 0x00, 0x00, 0x00, 0x00, 0x00, 0x00, 0x00, 0x00, 0x00, 0x00,
    0x00, 0x00, 0x00, 0x00, 0x00, 0x00, 0x00, 0x00, 0x00, 0x00, 0x00, 0x00, 0x00, 0x00, 0x00, 0x00,
    0x00, 0x00, 0x00, 0x00, 0x00, 0x00, 0x00, 0x00, 0x00, 0x00, 0x00, 0x00, 0x00, 0x00, 0x00, 0x00,
    0x00, 0x00, 0x00, 0x00, 0x00, 0x00, 0x00, 0x00, 0x00, 0x00, 0x00, 0x00, 0x00, 0x00, 0x00, 0x00,
    0x00, 0x00, 0x00, 0x00, 0x00, 0x00, 0x00, 0x00, 0x00, 0x00, 0x00, 0x00, 0x00, 0x00, 0x00, 0x00,
    0x00, 0x00, 0x00, 0x00, 0x00, 0x00, 0x00, 0x00, 0x00, 0x00, 0x00, 0x00, 0x00, 0x00, 0x00, 0x00,
    0x00, 0x00, 0x00, 0x00, 0x00, 0x00, 0x00, 0x00, 0x00, 0x00, 0x00, 0x00, 0x00, 0x00, 0x00, 0x00,
    0x00, 0x00, 0x00, 0x00, 0x00, 0x00, 0x00, 0x00, 0x00, 0x00, 0x00, 0x00, 0x00, 0x00, 0x00, 0x00,
    0x00, 0x00, 0x00, 0x00, 0x00, 0x00, 0x00, 0x00, 0x00, 0x00, 0x00, 0x00, 0x00, 0x00, 0x00, 0x00,
    0x00, 0x00, 0x00, 0x00, 0x00, 0x00, 0x00, 0x00, 0x00, 0x00, 0x00, 0x00, 0x00, 0x00, 0x00, 0x00,
    0x00, 0x00, 0x00, 0x00, 0x00, 0x00, 0x00, 0x00, 0x00, 0x00, 0x00, 0x00, 0x00, 0x00, 0x00, 0x00,
    0x00, 0x00, 0x00, 0x00, 0x00, 0x00, 0x00, 0x00, 0x00, 0x00, 0x00, 0x00, 0x00, 0x00, 0x00, 0x00,
    0x00, 0x00, 0x00, 0x00, 0x00, 0x00, 0x00, 0x00, 0x00, 0x00, 0x00, 0x00, 0x00, 0x00, 0x00, 0x00,
    0x00, 0x00, 0x00, 0x00, 0x00, 0x00, 0x00, 0x00, 0x00, 0x00, 0x00, 0x00, 0x00, 0x00, 0x00, 0x00,
    0x00, 0x00, 0x00, 0x00, 0x00, 0x00, 0x00, 0x00, 0x00, 0x00, 0x00, 0x00, 0x00, 0x00, 0x00, 0x00,
    0x00, 0x00, 0x00, 0x00, 0x00, 0x00, 0x00, 0x00, 0x00, 0x00, 0x00, 0x00, 0x00, 0x00, 0x00, 0x00,
    0x00, 0x00, 0x00, 0x00, 0x00, 0x00, 0x00, 0x00, 0x00, 0x00, 0x00, 0x00, 0x00, 0x00, 0x00, 0x00,
    0x00, 0x00, 0x00, 0x00, 0x00, 0x00, 0x00, 0x00, 0x00, 0x00, 0x00, 0x00, 0x00, 0x00, 0x00, 0x00,
    0x00, 0x00, 0x00, 0x00, 0x00, 0x00, 0x00, 0x00, 0x00, 0x00, 0x00, 0x00, 0x00, 0x00, 0x00, 0x00,
    0x00, 0x00, 0x00, 0x00, 0x00, 0x00, 0x00, 0x00, 0x00, 0x00, 0x00, 0x00, 0x00, 0x00, 0x00, 0x00,
    0x00, 0x00, 0x00, 0x00, 0x00, 0x00, 0x00, 0x00, 0x00, 0x00, 0x00, 0x00, 0x00, 0x00, 0x00, 0x00,
    0x00, 0x00, 0x00, 0x00, 0x00, 0x00, 0x00, 0x00, 0x00, 0x00, 0x00, 0x00, 0x00, 0x00, 0x00, 0x00,
    0x00, 0x00, 0x00, 0x00, 0x00, 0x00, 0x00, 0x00, 0x00, 0x00, 0x00, 0x00, 0x00, 0x00, 0x00, 0x00,
    0x00, 0x00, 0x00, 0x00, 0x00, 0x00, 0x00, 0x00, 0x00, 0x00, 0x00, 0x00, 0x00, 0x00, 0x00, 0x00,
    0x00, 0x00, 0x00, 0x00, 0x00, 0x00, 0x00, 0x00, 0x00, 0x00, 0x00, 0x00, 0x00, 0x00, 0x00, 0x00,
    0x00, 0x00, 0x00, 0x00, 0x00, 0x00, 0x00, 0x00, 0x00, 0x00, 0x00, 0x00, 0x00, 0x00, 0x00, 0x00,
    0x00, 0x00, 0x00, 0x00, 0x00, 0x00, 0x00, 0x00, 0x00, 0x00, 0x00, 0x00, 0x00, 0x00, 0x00, 0x00,
    0x00, 0x00, 0x00, 0x00, 0x00, 0x00, 0x00, 0x00, 0x00, 0x00, 0x00, 0x00, 0x00, 0x00, 0x00, 0x00,
    0x00, 0x00, 0x00, 0x00, 0x00, 0x00, 0x00, 0x00, 0x00, 0x00, 0x00, 0x00, 0x00, 0x00, 0x00, 0x00,
    0x00, 0x00, 0x00, 0x00, 0x00, 0x00, 0x00, 0x00, 0x00, 0x00, 0x00, 0x00, 0x00, 0x00, 0x00, 0x00,
    0x00, 0x00, 0x00, 0x00, 0x00, 0x00, 0x00, 0x00, 0x00, 0x00, 0x00, 0x00, 0x00, 0x00, 0x00, 0x00,
    0x00, 0x00, 0x00, 0x00, 0x00, 0x00, 0x00, 0x00, 0x00, 0x00, 0x00, 0x00, 0x00, 0x00, 0x00, 0x00,
    0x00, 0x00, 0x00, 0x00, 0x00, 0x00, 0x00, 0x00, 0x00, 0x00, 0x00, 0x00, 0x00, 0x00, 0x00, 0x00,
    0x00, 0x00, 0x00, 0x00, 0x00, 0x00, 0x00, 0x00, 0x00, 0x00, 0x00, 0x00, 0x00, 0x00, 0x00, 0x00,
    0x00, 0x00, 0x00, 0x00, 0x00, 0x00, 0x00, 0x00, 0x00, 0x00, 0x00, 0x00, 0x00, 0x00, 0x00, 0x00,
    0x00, 0x00, 0x00, 0x00, 0x00, 0x00, 0x00, 0x00, 0x00, 0x00, 0x00, 0x00, 0x00, 0x00, 0x00, 0x00,
    0x00, 0x00, 0x00, 0x00, 0x00, 0x00, 0x00, 0x00, 0x00, 0x00, 0x00, 0x00, 0x00, 0x00, 0x00, 0x00,
    0x00, 0x00, 0x00, 0x00, 0x00, 0x00, 0x00, 0x00, 0x00, 0x00, 0x00, 0x00, 0x00, 0x00, 0x00, 0x00,
    0x00, 0x00, 0x00, 0x00, 0x00, 0x00, 0x00, 0x00, 0x00, 0x00, 0x00, 0x00, 0x00, 0x00, 0x00, 0x00,
    0x00, 0x00, 0x00, 0x00, 0x00, 0x00, 0x00, 0x00, 0x00, 0x00, 0x00, 0x00, 0x00, 0x00, 0x00, 0x00,
    0x00, 0x00, 0x00, 0x00, 0x00, 0x00, 0x00, 0x00, 0x00, 0x00, 0x00, 0x00, 0x00, 0x00, 0x00, 0x00,
    0x00, 0x00, 0x00, 0x00, 0x00, 0x00, 0x00, 0x00, 0x00, 0x00, 0x00, 0x00, 0x00, 0x00, 0x00, 0x00,
    0x00, 0x00, 0x00, 0x00, 0x00, 0x00, 0x00, 0x00, 0x00, 0x00, 0x00, 0x00, 0x00, 0x00, 0x00, 0x00,
    0x00, 0x00, 0x00, 0x00, 0x00, 0x00, 0x00, 0x00, 0x00, 0x00, 0x00, 0x00, 0x00, 0x00, 0x00, 0x00,
    0x00, 0x00, 0x00, 0x00, 0x00, 0x00, 0x00, 0x00, 0x00, 0x00, 0x00, 0x00, 0x00, 0x00, 0x00, 0x00,
    0x00, 0x00, 0x00, 0x00, 0x00, 0x00, 0x00, 0x00, 0x00, 0x00, 0x00, 0x00, 0x00, 0x00, 0x00, 0x00,
    0x00, 0x00, 0x00, 0x00, 0x00, 0x00, 0x00, 0x00, 0x00, 0x00, 0x00, 0x00, 0x00, 0x00, 0x00, 0x00,
    0x00, 0x00, 0x00, 0x00, 0x00, 0x00, 0x00, 0x00, 0x00, 0x00, 0x00, 0x00, 0x00, 0x00, 0x00, 0x00,
    0x00, 0x00, 0x00, 0x00, 0x00, 0x00, 0x00, 0x00, 0x00, 0x00, 0x00, 0x00, 0x00, 0x00, 0x00, 0x00,
    0x00, 0x00, 0x00, 0x00, 0x00, 0x00, 0x00, 0x00, 0x00, 0x00, 0x00, 0x00, 0x00, 0x00, 0x00, 0x00,
    0x00, 0x00, 0x00, 0x00, 0x00, 0x00, 0x00, 0x00, 0x00, 0x00, 0x00, 0x00, 0x00, 0x00, 0x00, 0x00,
    0x00, 0x00, 0x00, 0x00, 0x00, 0x00, 0x00, 0x00, 0x00, 0x00, 0x00, 0x00, 0x00, 0x00, 0x00, 0x00,
    0x00, 0x00, 0x00, 0x00, 0x00, 0x00, 0x00, 0x00, 0x00, 0x00, 0x00, 0x00, 0x00, 0x00, 0x00, 0x00,
    0x00, 0x00, 0x00, 0x00, 0x00, 0x00, 0x00, 0x00, 0x00, 0x00, 0x00, 0x00, 0x00, 0x00, 0x00, 0x00,
    0x00, 0x00, 0x00, 0x00, 0x00, 0x00, 0x00, 0x00, 0x00, 0x00, 0x00, 0x00, 0x00, 0x00, 0x00, 0x00,
    0x00, 0x00, 0x00, 0x00, 0x00, 0x00, 0x00, 0x00, 0x00, 0x00, 0x00, 0x00, 0x00, 0x00, 0x00, 0x00,
    0x00, 0x00, 0x00, 0x00, 0x00, 0x00, 0x00, 0x00, 0x00, 0x00, 0x00, 0x00, 0x00, 0x00, 0x00, 0x00,
    0x00, 0x00, 0x00, 0x00, 0x00, 0x00, 0x00, 0x00, 0x00, 0x00, 0x00, 0x00, 0x00, 0x00, 0x00, 0x00,
    0x00, 0x00, 0x00, 0x00, 0x00, 0x00, 0x00, 0x00, 0x00, 0x00, 0x00, 0x00, 0x00, 0x00, 0x00, 0x00,
    0x00, 0x00, 0x00, 0x00, 0x00, 0x00, 0x00, 0x00, 0x00, 0x00, 0x00, 0x00, 0x00, 0x00, 0x00, 0x00,
    0x00, 0x00, 0x00, 0x00, 0x00, 0x00, 0x00, 0x00, 0x00, 0x00, 0x00, 0x00, 0x00, 0x00, 0x00, 0x00,
    0x00, 0x00, 0x00, 0x00, 0x00, 0x00, 0x00, 0x00, 0x00, 0x00, 0x00, 0x00, 0x00, 0x00, 0x00, 0x00,
    0x00, 0x00, 0x00, 0x00, 0x00, 0x00, 0x00, 0x00, 0x00, 0x00, 0x00, 0x00, 0x00, 0x00, 0x00, 0x00,
    0x00, 0x00, 0x00, 0x00, 0x00, 0x00, 0x00, 0x00, 0x00, 0x00, 0x00, 0x00, 0x00, 0x00, 0x00, 0x00,
    0x00, 0x00, 0x00, 0x00, 0x00, 0x00, 0x00, 0x00, 0x00, 0x00, 0x00, 0x00, 0x00, 0x00, 0x00, 0x00,
    0x00, 0x00, 0x00, 0x00, 0x00, 0x00, 0x00, 0x00, 0x00, 0x00, 0x00, 0x00, 0x00, 0x00, 0x00, 0x00,
    0x00, 0x00, 0x00, 0x00, 0x00, 0x00, 0x00, 0x00, 0x00, 0x00, 0x00, 0x00, 0x00, 0x00, 0x00, 0x00,
    0x00, 0x00, 0x00, 0x00, 0x00, 0x00, 0x00, 0x00, 0x00, 0x00, 0x00, 0x00, 0x00, 0x00, 0x00, 0x00,
    0x00, 0x00, 0x00, 0x00, 0x00, 0x00, 0x00, 0x00, 0x00, 0x00, 0x00, 0x00, 0x00, 0x00, 0x00, 0x00,
    0x00, 0x00, 0x00, 0x00, 0x00, 0x00, 0x00, 0x00, 0x00, 0x00, 0x00, 0x00, 0x00, 0x00, 0x00, 0x00,
    0x00, 0x00, 0x00, 0x00, 0x00, 0x00, 0x00, 0x00, 0x00, 0x00, 0x00, 0x00, 0x00, 0x00, 0x00, 0x00,
    0x00, 0x00, 0x00, 0x00, 0x00, 0x00, 0x00, 0x00, 0x00, 0x00, 0x00, 0x00, 0x00, 0x00, 0x00, 0x00,
    0x00, 0x00, 0x00, 0x00, 0x00, 0x00, 0x00, 0x00, 0x00, 0x00, 0x00, 0x00, 0x00, 0x00, 0x00, 0x00,
    0x00, 0x00, 0x00, 0x00, 0x00, 0x00, 0x00, 0x00, 0x00, 0x00, 0x00, 0x00, 0x00, 0x00, 0x00, 0x00,
    0x00, 0x00, 0x00, 0x00, 0x00, 0x00, 0x00, 0x00, 0x00, 0x00, 0x00, 0x00, 0x00, 0x00, 0x00, 0x00,
    0x00, 0x00, 0x00, 0x00, 0x00, 0x00, 0x00, 0x00, 0x00, 0x00, 0x00, 0x00, 0x00, 0x00, 0x00, 0x00,
    0x00, 0x00, 0x00, 0x00, 0x00, 0x00, 0x00, 0x00, 0x00, 0x00, 0x00, 0x00, 0x00, 0x00, 0x00, 0x00,
    0x00, 0x00, 0x00, 0x00, 0x00, 0x00, 0x00, 0x00, 0x00, 0x00, 0x00, 0x00, 0x00, 0x00, 0x00, 0x00,
    0x00, 0x00, 0x00, 0x00, 0x00, 0x00, 0x00, 0x00, 0x00, 0x00, 0x00, 0x00, 0x00, 0x00, 0x00, 0x00,
    0x00, 0x00, 0x00, 0x00, 0x00, 0x00, 0x00, 0x00, 0x00, 0x00, 0x00, 0x00, 0x00, 0x00, 0x00, 0x00,
    0x00, 0x00, 0x00, 0x00, 0x00, 0x00, 0x00, 0x00, 0x00, 0x00, 0x00, 0x00, 0x00, 0x00, 0x00, 0x00,
    0x00, 0x00, 0x00, 0x00, 0x00, 0x00, 0x00, 0x00, 0x00, 0x00, 0x00, 0x00, 0x00, 0x00, 0x00, 0x00,
    0x00, 0x00, 0x00, 0x00, 0x00, 0x00, 0x00, 0x00, 0x00, 0x00, 0x00, 0x00, 0x00, 0x00, 0x00, 0x00,
    0x00, 0x00, 0x00, 0x00, 0x00, 0x00, 0x00, 0x00, 0x00, 0x00, 0x00, 0x00, 0x00, 0x00, 0x00, 0x00,
    0x00, 0x00, 0x00, 0x00, 0x00, 0x00, 0x00, 0x00, 0x00, 0x00, 0x00, 0x00, 0x00, 0x00, 0x00, 0x00,
    0x00, 0x00, 0x00, 0x00, 0x00, 0x00, 0x00, 0x00, 0x00, 0x00, 0x00, 0x00, 0x00, 0x00, 0x00, 0x00,
    0x00, 0x00, 0x00, 0x00, 0x00, 0x00, 0x00, 0x00, 0x00, 0x00, 0x00, 0x00, 0x00, 0x00, 0x00, 0x00,
    0x00, 0x00, 0x00, 0x00, 0x00, 0x00, 0x00, 0x00, 0x00, 0x00, 0x00, 0x00, 0x00, 0x00, 0x00, 0x00,
    0x00, 0x00, 0x00, 0x00, 0x00, 0x00, 0x00, 0x00, 0x00, 0x00, 0x00, 0x00, 0x00, 0x00, 0x00, 0x00,
    0x00, 0x00, 0x00, 0x00, 0x00, 0x00, 0x00, 0x00, 0x00, 0x00, 0x00, 0x00, 0x00, 0x00, 0x00, 0x00,
    0x00, 0x00, 0x00, 0x00, 0x00, 0x00, 0x00, 0x00, 0x00, 0x00, 0x00, 0x00, 0x00, 0x00, 0x00, 0x00,
    0x00, 0x00, 0x00, 0x00, 0x00, 0x00, 0x00, 0x00, 0x00, 0x00, 0x00, 0x00, 0x00, 0x00, 0x00, 0x00,
    0x00, 0x00, 0x00, 0x00, 0x00, 0x00, 0x00, 0x00, 0x00, 0x00, 0x00, 0x00, 0x00, 0x00, 0x00, 0x00,
    0x00, 0x00, 0x00, 0x00, 0x00, 0x00, 0x00, 0x00, 0x00, 0x00, 0x00, 0x00, 0x00, 0x00, 0x00, 0x00,
    0x00, 0x00, 0x00, 0x00, 0x00, 0x00, 0x00, 0x00, 0x00, 0x00, 0x00, 0x00, 0x00, 0x00, 0x00, 0x00,
    0x00, 0x00, 0x00, 0x00, 0x00, 0x00, 0x00, 0x00, 0x00, 0x00, 0x00, 0x00, 0x00, 0x00, 0x00, 0x00,
    0x00, 0x00, 0x00, 0x00, 0x00, 0x00, 0x00, 0x00, 0x00, 0x00, 0x00, 0x00, 0x00, 0x00, 0x00, 0x00,
    0x00, 0x00, 0x00, 0x00, 0x00, 0x00, 0x00, 0x00, 0x00, 0x00, 0x00, 0x00, 0x00, 0x00, 0x00, 0x00,
    0x00, 0x00, 0x00, 0x00, 0x00, 0x00, 0x00, 0x00, 0x00, 0x00, 0x00, 0x00, 0x00, 0x00, 0x00, 0x00,
    0x00, 0x00, 0x00, 0x00, 0x00, 0x00, 0x00, 0x00, 0x00, 0x00, 0x00, 0x00, 0x00, 0x00, 0x00, 0x00,
    0x00, 0x00, 0x00, 0x00, 0x00, 0x00, 0x00, 0x00, 0x00, 0x00, 0x00, 0x00, 0x00, 0x00, 0x00, 0x00,
    0x00, 0x00, 0x00, 0x00, 0x00, 0x00, 0x00, 0x00, 0x00, 0x00, 0x00, 0x00, 0x00, 0x00, 0x00, 0x00,
    0x00, 0x00, 0x00, 0x00, 0x00, 0x00, 0x00, 0x00, 0x00, 0x00, 0x00, 0x00, 0x00, 0x00, 0x00, 0x00,
    0x00, 0x00, 0x00, 0x00, 0x00, 0x00, 0x00, 0x00, 0x00, 0x00, 0x00, 0x00, 0x00, 0x00, 0x00, 0x00,
    0x00, 0x00, 0x00, 0x00, 0x00, 0x00, 0x00, 0x00, 0x00, 0x00, 0x00, 0x00, 0x00, 0x00, 0x00, 0x00,
    0x00, 0x00, 0x00, 0x00, 0x00, 0x00, 0x00, 0x00, 0x00, 0x00, 0x00, 0x00, 0x00, 0x00, 0x00, 0x00,
    0x00, 0x00, 0x00, 0x00, 0x00, 0x00, 0x00, 0x00, 0x00, 0x00, 0x00, 0x00, 0x00, 0x00, 0x00, 0x00,
    0x00, 0x00, 0x00, 0x00, 0x00, 0x00, 0x00, 0x00, 0x00, 0x00, 0x00, 0x00, 0x00, 0x00, 0x00, 0x00,
    0x00, 0x00, 0x00, 0x00, 0x00, 0x00, 0x00, 0x00, 0x00, 0x00, 0x00, 0x00, 0x00, 0x00, 0x00, 0x00,
    0x00, 0x00, 0x00, 0x00, 0x00, 0x00, 0x00, 0x00, 0x00, 0x00, 0x00, 0x00, 0x00, 0x00, 0x00, 0x00,
    0x00, 0x00, 0x00, 0x00, 0x00, 0x00, 0x00, 0x00, 0x00, 0x00, 0x00, 0x00, 0x00, 0x00, 0x00, 0x00,
    0x00, 0x00, 0x00, 0x00, 0x00, 0x00, 0x00, 0x00, 0x00, 0x00, 0x00, 0x00, 0x00, 0x00, 0x00, 0x00,
    0x00, 0x00, 0x00, 0x00, 0x00, 0x00, 0x00, 0x00, 0x00, 0x00, 0x00, 0x00, 0x00, 0x00, 0x00, 0x00,
    0x00, 0x00, 0x00, 0x00, 0x00, 0x00, 0x00, 0x00, 0x00, 0x00, 0x00, 0x00, 0x00, 0x00, 0x00, 0x00,
    0x00, 0x00, 0x00, 0x00, 0x00, 0x00, 0x00, 0x00, 0x00, 0x00, 0x00, 0x00, 0x00, 0x00, 0x00, 0x00,
    0x00, 0x00, 0x00, 0x00, 0x00, 0x00, 0x00, 0x00, 0x00, 0x00, 0x00, 0x00, 0x00, 0x00, 0x00, 0x00,
    0x00, 0x00, 0x00, 0x00, 0x00, 0x00, 0x00, 0x00, 0x00, 0x00, 0x00, 0x00, 0x00, 0x00, 0x00, 0x00,
    0x00, 0x00, 0x00, 0x00, 0x00, 0x00, 0x00, 0x00, 0x00, 0x00, 0x00, 0x00, 0x00, 0x00, 0x00, 0x00,
    0x00, 0x00, 0x00, 0x00, 0x00, 0x00, 0x00, 0x00, 0x00, 0x00, 0x00, 0x00, 0x00, 0x00, 0x00, 0x00,
    0x00, 0x00, 0x00, 0x00, 0x00, 0x00, 0x00, 0x00, 0x00, 0x00, 0x00, 0x00, 0x00, 0x00, 0x00, 0x00,
    0x00, 0x00, 0x00, 0x00, 0x00, 0x00, 0x00, 0x00, 0x00, 0x00, 0x00, 0x00, 0x00, 0x00, 0x00, 0x00,
    0x00, 0x00, 0x00, 0x00, 0x00, 0x00, 0x00, 0x00, 0x00, 0x00, 0x00, 0x00, 0x00, 0x00, 0x00, 0x00,
    0x00, 0x00, 0x00, 0x00, 0x00, 0x00, 0x00, 0x00, 0x00, 0x00, 0x00, 0x00, 0x00, 0x00, 0x00, 0x00,
    0x00, 0x00, 0x00, 0x00, 0x00, 0x00, 0x00, 0x00, 0x00, 0x00, 0x00, 0x00, 0x00, 0x00, 0x00, 0x00,
    0x00, 0x00, 0x00, 0x00, 0x00, 0x00, 0x00, 0x00, 0x00, 0x00, 0x00, 0x00, 0x00, 0x00, 0x00, 0x00,
    0x00, 0x00, 0x00, 0x00, 0x00, 0x00, 0x00, 0x00, 0x00, 0x00, 0x00, 0x00, 0x00, 0x00, 0x00, 0x00,
    0x00, 0x00, 0x00, 0x00, 0x00, 0x00, 0x00, 0x00, 0x00, 0x00, 0x00, 0x00, 0x00, 0x00, 0x00, 0x00,
    0x00, 0x00, 0x00, 0x00, 0x00, 0x00, 0x00, 0x00, 0x00, 0x00, 0x00, 0x00, 0x00, 0x00, 0x00, 0x00,
    0x00, 0x00, 0x00, 0x00, 0x00, 0x00, 0x00, 0x00, 0x00, 0x00, 0x00, 0x00, 0x00, 0x00, 0x00, 0x00,
    0x00, 0x00, 0x00, 0x00, 0x00, 0x00, 0x00, 0x00, 0x00, 0x00, 0x00, 0x00, 0x00, 0x00, 0x00, 0x00,
    0x00, 0x00, 0x00, 0x00, 0x00, 0x00, 0x00, 0x00, 0x00, 0x00, 0x00, 0x00, 0x00, 0x00, 0x00, 0x00,
    0x00, 0x00, 0x00, 0x00, 0x00, 0x00, 0x00, 0x00, 0x00, 0x00, 0x00, 0x00, 0x00, 0x00, 0x00, 0x00,
    0x00, 0x00, 0x00, 0x00, 0x00, 0x00, 0x00, 0x00, 0x00, 0x00, 0x00, 0x00, 0x00, 0x00, 0x00, 0x00,
    0x00, 0x00, 0x00, 0x00, 0x00, 0x00, 0x00, 0x00, 0x00, 0x00, 0x00, 0x00, 0x00, 0x00, 0x00, 0x00,
    0x00, 0x00, 0x00, 0x00, 0x00, 0x00, 0x00, 0x00, 0x00, 0x00, 0x00, 0x00, 0x00, 0x00, 0x00, 0x00,
    0x00, 0x00, 0x00, 0x00, 0x00, 0x00, 0x00, 0x00, 0x00, 0x00, 0x00, 0x00, 0x00, 0x00, 0x00, 0x00,
    0x00, 0x00, 0x00, 0x00, 0x00, 0x00, 0x00, 0x00, 0x00, 0x00, 0x00, 0x00, 0x00, 0x00, 0x00, 0x00,
    0x00, 0x00, 0x00, 0x00, 0x00, 0x00, 0x00, 0x00, 0x00, 0x00, 0x00, 0x00, 0x00, 0x00, 0x00, 0x00,
    0x00, 0x00, 0x00, 0x00, 0x00, 0x00, 0x00, 0x00, 0x00, 0x00, 0x00, 0x00, 0x00, 0x00, 0x00, 0x00,
    0x00, 0x00, 0x00, 0x00, 0x00, 0x00, 0x00, 0x00, 0x00, 0x00, 0x00, 0x00, 0x00, 0x00, 0x00, 0x00,
    0x00, 0x00, 0x00, 0x00, 0x00, 0x00, 0x00, 0x00, 0x00, 0x00, 0x00, 0x00, 0x00, 0x00, 0x00, 0x00,
    0x00, 0x00, 0x00, 0x00, 0x00, 0x00, 0x00, 0x00, 0x00, 0x00, 0x00, 0x00, 0x00, 0x00, 0x00, 0x00,
    0x00, 0x00, 0x00, 0x00, 0x00, 0x00, 0x00, 0x00, 0x00, 0x00, 0x00, 0x00, 0x00, 0x00, 0x00, 0x00,
    0x00, 0x00, 0x00, 0x00, 0x00, 0x00, 0x00, 0x00, 0x00, 0x00, 0x00, 0x00, 0x00, 0x00, 0x00, 0x00,
    0x00, 0x00, 0x00, 0x00, 0x00, 0x00, 0x00, 0x00, 0x00, 0x00, 0x00, 0x00, 0x00, 0x00, 0x00, 0x00,
    0x00, 0x00, 0x00, 0x00, 0x00, 0x00, 0x00, 0x00, 0x00, 0x00, 0x00, 0x00, 0x00, 0x00, 0x00, 0x00,
    0x00, 0x00, 0x00, 0x00, 0x00, 0x00, 0x00, 0x00, 0x00, 0x00, 0x00, 0x00, 0x00, 0x00, 0x00, 0x00,
    0x00, 0x00, 0x00, 0x00, 0x00, 0x00, 0x00, 0x00, 0x00, 0x00, 0x00, 0x00, 0x00, 0x00, 0x00, 0x00,
    0x00, 0x00, 0x00, 0x00, 0x00, 0x00, 0x00, 0x00, 0x00, 0x00, 0x00, 0x00, 0x00, 0x00, 0x00, 0x00,
    0x00, 0x00, 0x00, 0x00, 0x00, 0x00, 0x00, 0x00, 0x00, 0x00, 0x00, 0x00, 0x00, 0x00, 0x00, 0x00,
    0x00, 0x00, 0x00, 0x00, 0x00, 0x00, 0x00, 0x00, 0x00, 0x00, 0x00, 0x00, 0x00, 0x00, 0x00, 0x00,
    0x00, 0x00, 0x00, 0x00, 0x00, 0x00, 0x00, 0x00, 0x00, 0x00, 0x00, 0x00, 0x00, 0x00, 0x00, 0x00,
    0x00, 0x00, 0x00, 0x00, 0x00, 0x00, 0x00, 0x00, 0x00, 0x00, 0x00, 0x00, 0x00, 0x00, 0x00, 0x00,
    0x00, 0x00, 0x00, 0x00, 0x00, 0x00, 0x00, 0x00, 0x00, 0x00, 0x00, 0x00, 0x00, 0x00, 0x00, 0x00,
    0x00, 0x00, 0x00, 0x00, 0x00, 0x00, 0x00, 0x00, 0x00, 0x00, 0x00, 0x00, 0x00, 0x00, 0x00, 0x00,
    0x00, 0x00, 0x00, 0x00, 0x00, 0x00, 0x00, 0x00, 0x00, 0x00, 0x00, 0x00, 0x00, 0x00, 0x00, 0x00,
    0x00, 0x00, 0x00, 0x00, 0x00, 0x00, 0x00, 0x00, 0x00, 0x00, 0x00, 0x00, 0x00, 0x00, 0x00, 0x00,
    0x00, 0x00, 0x00, 0x00, 0x00, 0x00, 0x00, 0x00, 0x00, 0x00, 0x00, 0x00, 0x00, 0x00, 0x00, 0x00,
    0x00, 0x00, 0x00, 0x00, 0x00, 0x00, 0x00, 0x00, 0x00, 0x00, 0x00, 0x00, 0x00, 0x00, 0x00, 0x00,
    0x00, 0x00, 0x00, 0x00, 0x00, 0x00, 0x00, 0x00, 0x00, 0x00, 0x00, 0x00, 0x00, 0x00, 0x00, 0x00,
    0x00, 0x00, 0x00, 0x00, 0x00, 0x00, 0x00, 0x00, 0x00, 0x00, 0x00, 0x00, 0x00, 0x00, 0x00, 0x00,
    0x00, 0x00, 0x00, 0x00, 0x00, 0x00, 0x00, 0x00, 0x00, 0x00, 0x00, 0x00, 0x00, 0x00, 0x00, 0x00,
    0x00, 0x00, 0x00, 0x00, 0x00, 0x00, 0x00, 0x00, 0x00, 0x00, 0x00, 0x00, 0x00, 0x00, 0x00, 0x00,
    0x00, 0x00, 0x00, 0x00, 0x00, 0x00, 0x00, 0x00, 0x00, 0x00, 0x00, 0x00, 0x00, 0x00, 0x00, 0x00,
    0x00, 0x00, 0x00, 0x00, 0x00, 0x00, 0x00, 0x00, 0x00, 0x00, 0x00, 0x00, 0x00, 0x00, 0x00, 0x00,
    0x00, 0x00, 0x00, 0x00, 0x00, 0x00, 0x00, 0x00, 0x00, 0x00, 0x00, 0x00, 0x00, 0x00, 0x00, 0x00,
    0x00, 0x00, 0x00, 0x00, 0x00, 0x00, 0x00, 0x00, 0x00, 0x00, 0x00, 0x00, 0x00, 0x00, 0x00, 0x00,
    0x00, 0x00, 0x00, 0x00, 0x00, 0x00, 0x00, 0x00, 0x00, 0x00, 0x00, 0x00, 0x00, 0x00, 0x00, 0x00,
    0x00, 0x00, 0x00, 0x00, 0x00, 0x00, 0x00, 0x00, 0x00, 0x00, 0x00, 0x00, 0x00, 0x00, 0x00, 0x00,
    0x00, 0x00, 0x00, 0x00, 0x00, 0x00, 0x00, 0x00, 0x00, 0x00, 0x00, 0x00, 0x00, 0x00, 0x00, 0x00,
    0x00, 0x00, 0x00, 0x00, 0x00, 0x00, 0x00, 0x00, 0x00, 0x00, 0x00, 0x00, 0x00, 0x00, 0x00, 0x00,
    0x00, 0x00, 0x00, 0x00, 0x00, 0x00, 0x00, 0x00, 0x00, 0x00, 0x00, 0x00, 0x00, 0x00, 0x00, 0x00,
    0x00, 0x00, 0x00, 0x00, 0x00, 0x00, 0x00, 0x00, 0x00, 0x00, 0x00, 0x00, 0x00, 0x00, 0x00, 0x00,
    0x00, 0x00, 0x00, 0x00, 0x00, 0x00, 0x00, 0x00, 0x00, 0x00, 0x00, 0x00, 0x00, 0x00, 0x00, 0x00,
    0x00, 0x00, 0x00, 0x00, 0x00, 0x00, 0x00, 0x00, 0x00, 0x00, 0x00, 0x00, 0x00, 0x00, 0x00, 0x00,
    0x00, 0x00, 0x00, 0x00, 0x00, 0x00, 0x00, 0x00, 0x00, 0x00, 0x00, 0x00, 0x00, 0x00, 0x00, 0x00,
    0x00, 0x00, 0x00, 0x00, 0x00, 0x00, 0x00, 0x00, 0x00, 0x00, 0x00, 0x00, 0x00, 0x00, 0x00, 0x00,
    0x00, 0x00, 0x00, 0x00, 0x00, 0x00, 0x00, 0x00, 0x00, 0x00, 0x00, 0x00, 0x00, 0x00, 0x00, 0x00,
    0x00, 0x00, 0x00, 0x00, 0x00, 0x00, 0x00, 0x00, 0x00, 0x00, 0x00, 0x00, 0x00, 0x00, 0x00, 0x00,
    0x00, 0x00, 0x00, 0x00, 0x00, 0x00, 0x00, 0x00, 0x00, 0x00, 0x00, 0x00, 0x00, 0x00, 0x00, 0x00,
    0x00, 0x00, 0x00, 0x00, 0x00, 0x00, 0x00, 0x00, 0x00, 0x00, 0x00, 0x00, 0x00, 0x00, 0x00, 0x00,
    0x00, 0x00, 0x00, 0x00, 0x00, 0x00, 0x00, 0x00, 0x00, 0x00, 0x00, 0x00, 0x00, 0x00, 0x00, 0x00,
    0x00, 0x00, 0x00, 0x00, 0x00, 0x00, 0x00, 0x00, 0x00, 0x00, 0x00, 0x00, 0x00, 0x00, 0x00, 0x00,
    0x00, 0x00, 0x00, 0x00, 0x00, 0x00, 0x00, 0x00, 0x00, 0x00, 0x00, 0x00, 0x00, 0x00, 0x00, 0x00,
    0x00, 0x00, 0x00, 0x00, 0x00, 0x00, 0x00, 0x00, 0x00, 0x00, 0x00, 0x00, 0x00, 0x00, 0x00, 0x00,
    0x00, 0x00, 0x00, 0x00, 0x00, 0x00, 0x00, 0x00, 0x00, 0x00, 0x00, 0x00, 0x00, 0x00, 0x00, 0x00,
    0x00, 0x00, 0x00, 0x00, 0x00, 0x00, 0x00, 0x00, 0x00, 0x00, 0x00, 0x00, 0x00, 0x00, 0x00, 0x00,
    0x00, 0x00, 0x00, 0x00, 0x00, 0x00, 0x00, 0x00, 0x00, 0x00, 0x00, 0x00, 0x00, 0x00, 0x00, 0x00,
    0x00, 0x00, 0x00, 0x00, 0x00, 0x00, 0x00, 0x00, 0x00, 0x00, 0x00, 0x00, 0x00, 0x00, 0x00, 0x00,
    0x00, 0x00, 0x00, 0x00, 0x00, 0x00, 0x00, 0x00, 0x00, 0x00, 0x00, 0x00, 0x00, 0x00, 0x00, 0x00,
    0x00, 0x00, 0x00, 0x00, 0x00, 0x00, 0x00, 0x00, 0x00, 0x00, 0x00, 0x00, 0x00, 0x00, 0x00, 0x00,
    0x00, 0x00, 0x00, 0x00, 0x00, 0x00, 0x00, 0x00, 0x00, 0x00, 0x00, 0x00, 0x00, 0x00, 0x00, 0x00,
    0x00, 0x00, 0x00, 0x00, 0x00, 0x00, 0x00, 0x00, 0x00, 0x00, 0x00, 0x00, 0x00, 0x00, 0x00, 0x00,
    0x00, 0x00, 0x00, 0x00, 0x00, 0x00, 0x00, 0x00, 0x00, 0x00, 0x00, 0x00, 0x00, 0x00, 0x00, 0x00,
    0x00, 0x00, 0x00, 0x00, 0x00, 0x00, 0x00, 0x00, 0x00, 0x00, 0x00, 0x00, 0x00, 0x00, 0x00, 0x00,
    0x00, 0x00, 0x00, 0x00, 0x00, 0x00, 0x00, 0x00, 0x00, 0x00, 0x00, 0x00, 0x00, 0x00, 0x00, 0x00,
    0x00, 0x00, 0x00, 0x00, 0x00, 0x00, 0x00, 0x00, 0x00, 0x00, 0x00, 0x00, 0x00, 0x00, 0x00, 0x00,
    0x00, 0x00, 0x00, 0x00, 0x00, 0x00, 0x00, 0x00, 0x00, 0x00, 0x00, 0x00, 0x00, 0x00, 0x00, 0x00,
    0x00, 0x00, 0x00, 0x00, 0x00, 0x00, 0x00, 0x00, 0x00, 0x00, 0x00, 0x00, 0x00, 0x00, 0x00, 0x00,
    0x00, 0x00, 0x00, 0x00, 0x00, 0x00, 0x00, 0x00, 0x00, 0x00, 0x00, 0x00, 0x00, 0x00, 0x00, 0x00,
    0x00, 0x00, 0x00, 0x00, 0x00, 0x00, 0x00, 0x00, 0x00, 0x00, 0x00, 0x00, 0x00, 0x00, 0x00, 0x00,
    0x00, 0x00, 0x00, 0x00, 0x00, 0x00, 0x00, 0x00, 0x00, 0x00, 0x00, 0x00, 0x00, 0x00, 0x00, 0x00,
    0x00, 0x00, 0x00, 0x00, 0x00, 0x00, 0x00, 0x00, 0x00, 0x00, 0x00, 0x00, 0x00, 0x00, 0x00, 0x00,
    0x00, 0x00, 0x00, 0x00, 0x00, 0x00, 0x00, 0x00, 0x00, 0x00, 0x00, 0x00, 0x00, 0x00, 0x00, 0x00,
    0x00, 0x00, 0x00, 0x00, 0x00, 0x00, 0x00, 0x00, 0x00, 0x00, 0x00, 0x00, 0x00, 0x00, 0x00, 0x00,
    0x00, 0x00, 0x00, 0x00, 0x00, 0x00, 0x00, 0x00, 0x00, 0x00, 0x00, 0x00, 0x00, 0x00, 0x00, 0x00,
    0x00, 0x00, 0x00, 0x00, 0x00, 0x00, 0x00, 0x00, 0x00, 0x00, 0x00, 0x00, 0x00, 0x00, 0x00, 0x00,
    0x00, 0x00, 0x00, 0x00, 0x00, 0x00, 0x00, 0x00, 0x00, 0x00, 0x00, 0x00, 0x00, 0x00, 0x00, 0x00,
    0x00, 0x00, 0x00, 0x00, 0x00, 0x00, 0x00, 0x00, 0x00, 0x00, 0x00, 0x00, 0x00, 0x00, 0x00, 0x00,
    0x00, 0x00, 0x00, 0x00, 0x00, 0x00, 0x00, 0x00, 0x00, 0x00, 0x00, 0x00, 0x00, 0x00, 0x00, 0x00,
    0x00, 0x00, 0x00, 0x00, 0x00, 0x00, 0x00, 0x00, 0x00, 0x00, 0x00, 0x00, 0x00, 0x00, 0x00, 0x00,
    0x00, 0x00, 0x00, 0x00, 0x00, 0x00, 0x00, 0x00, 0x00, 0x00, 0x00, 0x00, 0x00, 0x00, 0x00, 0x00,
    0x00, 0x00, 0x00, 0x00, 0x00, 0x00, 0x00, 0x00, 0x00, 0x00, 0x00, 0x00, 0x00, 0x00, 0x00, 0x00,
    0x00, 0x00, 0x00, 0x00, 0x00, 0x00, 0x00, 0x00, 0x00, 0x00, 0x00, 0x00, 0x00, 0x00, 0x00, 0x00,
    0x00, 0x00, 0x00, 0x00, 0x00, 0x00, 0x00, 0x00, 0x00, 0x00, 0x00, 0x00, 0x00, 0x00, 0x00, 0x00,
    0x00, 0x00, 0x00, 0x00, 0x00, 0x00, 0x00, 0x00, 0x00, 0x00, 0x00, 0x00, 0x00, 0x00, 0x00, 0x00,
    0x00, 0x00, 0x00, 0x00, 0x00, 0x00, 0x00, 0x00, 0x00, 0x00, 0x00, 0x00, 0x00, 0x00, 0x00, 0x00,
    0x00, 0x00, 0x00, 0x00, 0x00, 0x00, 0x00, 0x00, 0x00, 0x00, 0x00, 0x00, 0x00, 0x00, 0x00, 0x00,
    0x00, 0x00, 0x00, 0x00, 0x00, 0x00, 0x00, 0x00, 0x00, 0x00, 0x00, 0x00, 0x00, 0x00, 0x00, 0x00,
    0x00, 0x00, 0x00, 0x00, 0x00, 0x00, 0x00, 0x00, 0x00, 0x00, 0x00, 0x00, 0x00, 0x00, 0x00, 0x00,
    0x00, 0x00, 0x00, 0x00, 0x00, 0x00, 0x00, 0x00, 0x00, 0x00, 0x00, 0x00, 0x00, 0x00, 0x00, 0x00,
    0x00, 0x00, 0x00, 0x00, 0x00, 0x00, 0x00, 0x00, 0x00, 0x00, 0x00, 0x00, 0x00, 0x00, 0x00, 0x00,
    0x00, 0x00, 0x00, 0x00, 0x00, 0x00, 0x00, 0x00, 0x00, 0x00, 0x00, 0x00, 0x00, 0x00, 0x00, 0x00,
    0x00, 0x00, 0x00, 0x00, 0x00, 0x00, 0x00, 0x00, 0x00, 0x00, 0x00, 0x00, 0x00, 0x00, 0x00, 0x00,
    0x00, 0x00, 0x00, 0x00, 0x00, 0x00, 0x00, 0x00, 0x00, 0x00, 0x00, 0x00, 0x00, 0x00, 0x00, 0x00,
    0x00, 0x00, 0x00, 0x00, 0x00, 0x00, 0x00, 0x00, 0x00, 0x00, 0x00, 0x00, 0x00, 0x00, 0x00, 0x00,
    0x00, 0x00, 0x00, 0x00, 0x00, 0x00, 0x00, 0x00, 0x00, 0x00, 0x00, 0x00, 0x00, 0x00, 0x00, 0x00,
    0x00, 0x00, 0x00, 0x00, 0x00, 0x00, 0x00, 0x00, 0x00, 0x00, 0x00, 0x00, 0x00, 0x00, 0x00, 0x00,
    0x00, 0x00, 0x00, 0x00, 0x00, 0x00, 0x00, 0x00, 0x00, 0x00, 0x00, 0x00, 0x00, 0x00, 0x00, 0x00,
    0x00, 0x00, 0x00, 0x00, 0x00, 0x00, 0x00, 0x00, 0x00, 0x00, 0x00, 0x00, 0x00, 0x00, 0x00, 0x00,
    0x00, 0x00, 0x00, 0x00, 0x00, 0x00, 0x00, 0x00, 0x00, 0x00, 0x00, 0x00, 0x00, 0x00, 0x00, 0x00,
    0x00, 0x00, 0x00, 0x00, 0x00, 0x00, 0x00, 0x00, 0x00, 0x00, 0x00, 0x00, 0x00, 0x00, 0x00, 0x00,
    0x00, 0x00, 0x00, 0x00, 0x00, 0x00, 0x00, 0x00, 0x00, 0x00, 0x00, 0x00, 0x00, 0x00, 0x00, 0x00,
    0x00, 0x00, 0x00, 0x00, 0x00, 0x00, 0x00, 0x00, 0x00, 0x00, 0x00, 0x00, 0x00, 0x00, 0x00, 0x00,
    0x00, 0x00, 0x00, 0x00, 0x00, 0x00, 0x00, 0x00, 0x00, 0x00, 0x00, 0x00, 0x00, 0x00, 0x00, 0x00,
    0x00, 0x00, 0x00, 0x00, 0x00, 0x00, 0x00, 0x00, 0x00, 0x00, 0x00, 0x00, 0x00, 0x00, 0x00, 0x00,
    0x00, 0x00, 0x00, 0x00, 0x00, 0x00, 0x00, 0x00, 0x00, 0x00, 0x00, 0x00, 0x00, 0x00, 0x00, 0x00,
    0x00, 0x00, 0x00, 0x00, 0x00, 0x00, 0x00, 0x00, 0x00, 0x00, 0x00, 0x00, 0x00, 0x00, 0x00, 0x00,
    0x00, 0x00, 0x00, 0x00, 0x00, 0x00, 0x00, 0x00, 0x00, 0x00, 0x00, 0x00, 0x00, 0x00, 0x00, 0x00,
    0x00, 0x00, 0x00, 0x00, 0x00, 0x00, 0x00, 0x00, 0x00, 0x00, 0x00, 0x00, 0x00, 0x00, 0x00, 0x00,
    0x00, 0x00, 0x00, 0x00, 0x00, 0x00, 0x00, 0x00, 0x00, 0x00, 0x00, 0x00, 0x00, 0x00, 0x00, 0x00,
    0x00, 0x00, 0x00, 0x00, 0x00, 0x00, 0x00, 0x00, 0x00, 0x00, 0x00, 0x00, 0x00, 0x00, 0x00, 0x00,
    0x00, 0x00, 0x00, 0x00, 0x00, 0x00, 0x00, 0x00, 0x00, 0x00, 0x00, 0x00, 0x00, 0x00, 0x00, 0x00,
    0x00, 0x00, 0x00, 0x00, 0x00, 0x00, 0x00, 0x00, 0x00, 0x00, 0x00, 0x00, 0x00, 0x00, 0x00, 0x00,
    0x00, 0x00, 0x00, 0x00, 0x00, 0x00, 0x00, 0x00, 0x00, 0x00, 0x00, 0x00, 0x00, 0x00, 0x00, 0x00,
    0x00, 0x00, 0x00, 0x00, 0x00, 0x00, 0x00, 0x00, 0x00, 0x00, 0x00, 0x00, 0x00, 0x00, 0x00, 0x00,
    0x00, 0x00, 0x00, 0x00, 0x00, 0x00, 0x00, 0x00, 0x00, 0x00, 0x00, 0x00, 0x00, 0x00, 0x00, 0x00,
    0x00, 0x00, 0x00, 0x00, 0x00, 0x00, 0x00, 0x00, 0x00, 0x00, 0x00, 0x00, 0x00, 0x00, 0x00, 0x00,
    0x00, 0x00, 0x00, 0x00, 0x00, 0x00, 0x00, 0x00, 0x00, 0x00, 0x00, 0x00, 0x00, 0x00, 0x00, 0x00,
    0x00, 0x00, 0x00, 0x00, 0x00, 0x00, 0x00, 0x00, 0x00, 0x00, 0x00, 0x00, 0x00, 0x00, 0x00, 0x00,
    0x00, 0x00, 0x00, 0x00, 0x00, 0x00, 0x00, 0x00, 0x00, 0x00, 0x00, 0x00, 0x00, 0x00, 0x00, 0x00,
    0x00, 0x00, 0x00, 0x00, 0x00, 0x00, 0x00, 0x00, 0x00, 0x00, 0x00, 0x00, 0x00, 0x00, 0x00, 0x00,
    0x00, 0x00, 0x00, 0x00, 0x00, 0x00, 0x00, 0x00, 0x00, 0x00, 0x00, 0x00, 0x00, 0x00, 0x00, 0x00,
    0x00, 0x00, 0x00, 0x00, 0x00, 0x00, 0x00, 0x00, 0x00, 0x00, 0x00, 0x00, 0x00, 0x00, 0x00, 0x00,
    0x00, 0x00, 0x00, 0x00, 0x00, 0x00, 0x00, 0x00, 0x00, 0x00, 0x00, 0x00, 0x00, 0x00, 0x00, 0x00,
    0x00, 0x00, 0x00, 0x00, 0x00, 0x00, 0x00, 0x00, 0x00, 0x00, 0x00, 0x00, 0x00, 0x00, 0x00, 0x00,
    0x00, 0x00, 0x00, 0x00, 0x00, 0x00, 0x00, 0x00, 0x00, 0x00, 0x00, 0x00, 0x00, 0x00, 0x00, 0x00,
    0x00, 0x00, 0x00, 0x00, 0x00, 0x00, 0x00, 0x00, 0x00, 0x00, 0x00, 0x00, 0x00, 0x00, 0x00, 0x00,
    0x00, 0x00, 0x00, 0x00, 0x00, 0x00, 0x00, 0x00, 0x00, 0x00, 0x00, 0x00, 0x00, 0x00, 0x00, 0x00,
    0x00, 0x00, 0x00, 0x00, 0x00, 0x00, 0x00, 0x00, 0x00, 0x00, 0x00, 0x00, 0x00, 0x00, 0x00, 0x00,
    0x00, 0x00, 0x00, 0x00, 0x00, 0x00, 0x00, 0x00, 0x00, 0x00, 0x00, 0x00, 0x00, 0x00, 0x00, 0x00,
    0x00, 0x00, 0x00, 0x00, 0x00, 0x00, 0x00, 0x00, 0x00, 0x00, 0x00, 0x00, 0x00, 0x00, 0x00, 0x00,
    0x00, 0x00, 0x00, 0x00, 0x00, 0x00, 0x00, 0x00, 0x00, 0x00, 0x00, 0x00, 0x00, 0x00, 0x00, 0x00,
    0x00, 0x00, 0x00, 0x00, 0x00, 0x00, 0x00, 0x00, 0x00, 0x00, 0x00, 0x00, 0x00, 0x00, 0x00, 0x00,
    0x00, 0x00, 0x00, 0x00, 0x00, 0x00, 0x00, 0x00, 0x00, 0x00, 0x00, 0x00, 0x00, 0x00, 0x00, 0x00,
    0x00, 0x00, 0x00, 0x00, 0x00, 0x00, 0x00, 0x00, 0x00, 0x00, 0x00, 0x00, 0x00, 0x00, 0x00, 0x00,
    0x00, 0x00, 0x00, 0x00, 0x00, 0x00, 0x00, 0x00, 0x00, 0x00, 0x00, 0x00, 0x00, 0x00, 0x00, 0x00,
    0x00, 0x00, 0x00, 0x00, 0x00, 0x00, 0x00, 0x00, 0x00, 0x00, 0x00, 0x00, 0x00, 0x00, 0x00, 0x00,
    0x00, 0x00, 0x00, 0x00, 0x00, 0x00, 0x00, 0x00, 0x00, 0x00, 0x00, 0x00, 0x00, 0x00, 0x00, 0x00,
    0x00, 0x00, 0x00, 0x00, 0x00, 0x00, 0x00, 0x00, 0x00, 0x00, 0x00, 0x00, 0x00, 0x00, 0x00, 0x00,
    0x00, 0x00, 0x00, 0x00, 0x00, 0x00, 0x00, 0x00, 0x00, 0x00, 0x00, 0x00, 0x00, 0x00, 0x00, 0x00,
    0x00, 0x00, 0x00, 0x00, 0x00, 0x00, 0x00, 0x00, 0x00, 0x00, 0x00, 0x00, 0x00, 0x00, 0x00, 0x00,
    0x00, 0x00, 0x00, 0x00, 0x00, 0x00, 0x00, 0x00, 0x00, 0x00, 0x00, 0x00, 0x00, 0x00, 0x00, 0x00,
    0x00, 0x00, 0x00, 0x00, 0x00, 0x00, 0x00, 0x00, 0x00, 0x00, 0x00, 0x00, 0x00, 0x00, 0x00, 0x00,
    0x00, 0x00, 0x00, 0x00, 0x00, 0x00, 0x00, 0x00, 0x00, 0x00, 0x00, 0x00, 0x00, 0x00, 0x00, 0x00,
    0x00, 0x00, 0x00, 0x00, 0x00, 0x00, 0x00, 0x00, 0x00, 0x00, 0x00, 0x00, 0x00, 0x00, 0x00, 0x00,
    0x00, 0x00, 0x00, 0x00, 0x00, 0x00, 0x00, 0x00, 0x00, 0x00, 0x00, 0x00, 0x00, 0x00, 0x00, 0x00,
    0x00, 0x00, 0x00, 0x00, 0x00, 0x00, 0x00, 0x00, 0x00, 0x00, 0x00, 0x00, 0x00, 0x00, 0x00, 0x00,
    0x00, 0x00, 0x00, 0x00, 0x00, 0x00, 0x00, 0x00, 0x00, 0x00, 0x00, 0x00, 0x00, 0x00, 0x00, 0x00,
    0x00, 0x00, 0x00, 0x00, 0x00, 0x00, 0x00, 0x00, 0x00, 0x00, 0x00, 0x00, 0x00, 0x00, 0x00, 0x00,
    0x00, 0x00, 0x00, 0x00, 0x00, 0x00, 0x00, 0x00, 0x00, 0x00, 0x00, 0x00, 0x00, 0x00, 0x00, 0x00,
    0x00, 0x00, 0x00, 0x00, 0x00, 0x00, 0x00, 0x00, 0x00, 0x00, 0x00, 0x00, 0x00, 0x00, 0x00, 0x00,
    0x00, 0x00, 0x00, 0x00, 0x00, 0x00, 0x00, 0x00, 0x00, 0x00, 0x00, 0x00, 0x00, 0x00, 0x00, 0x00,
    0x00, 0x00, 0x00, 0x00, 0x00, 0x00, 0x00, 0x00, 0x00, 0x00, 0x00, 0x00, 0x00, 0x00, 0x00, 0x00,
    0x00, 0x00, 0x00, 0x00, 0x00, 0x00, 0x00, 0x00, 0x00, 0x00, 0x00, 0x00, 0x00, 0x00, 0x00, 0x00,
    0x00, 0x00, 0x00, 0x00, 0x00, 0x00, 0x00, 0x00, 0x00, 0x00, 0x00, 0x00, 0x00, 0x00, 0x00, 0x00,
    0x00, 0x00, 0x00, 0x00, 0x00, 0x00, 0x00, 0x00, 0x00, 0x00, 0x00, 0x00, 0x00, 0x00, 0x00, 0x00,
    0x00, 0x00, 0x00, 0x00, 0x00, 0x00, 0x00, 0x00, 0x00, 0x00, 0x00, 0x00, 0x00, 0x00, 0x00, 0x00,
    0x00, 0x00, 0x00, 0x00, 0x00, 0x00, 0x00, 0x00, 0x00, 0x00, 0x00, 0x00, 0x00, 0x00, 0x00, 0x00,
    0x00, 0x00, 0x00, 0x00, 0x00, 0x00, 0x00, 0x00, 0x00, 0x00, 0x00, 0x00, 0x00, 0x00, 0x00, 0x00,
    0x00, 0x00, 0x00, 0x00, 0x00, 0x00, 0x00, 0x00, 0x00, 0x00, 0x00, 0x00, 0x00, 0x00, 0x00, 0x00,
    0x00, 0x00, 0x00, 0x00, 0x00, 0x00, 0x00, 0x00, 0x00, 0x00, 0x00, 0x00, 0x00, 0x00, 0x00, 0x00,
    0x00, 0x00, 0x00, 0x00, 0x00, 0x00, 0x00, 0x00, 0x00, 0x00, 0x00, 0x00, 0x00, 0x00, 0x00, 0x00,
    0x00, 0x00, 0x00, 0x00, 0x00, 0x00, 0x00, 0x00, 0x00, 0x00, 0x00, 0x00, 0x00, 0x00, 0x00, 0x00,
    0x00, 0x00, 0x00, 0x00, 0x00, 0x00, 0x00, 0x00, 0x00, 0x00, 0x00, 0x00, 0x00, 0x00, 0x00, 0x00,
    0x00, 0x00, 0x00, 0x00, 0x00, 0x00, 0x00, 0x00, 0x00, 0x00, 0x00, 0x00, 0x00, 0x00, 0x00, 0x00,
    0x00, 0x00, 0x00, 0x00, 0x00, 0x00, 0x00, 0x00, 0x00, 0x00, 0x00, 0x00, 0x00, 0x00, 0x00, 0x00,
    0x00, 0x00, 0x00, 0x00, 0x00, 0x00, 0x00, 0x00, 0x00, 0x00, 0x00, 0x00, 0x00, 0x00, 0x00, 0x00,
    0x00, 0x00, 0x00, 0x00, 0x00, 0x00, 0x00, 0x00, 0x00, 0x00, 0x00, 0x00, 0x00, 0x00, 0x00, 0x00,
    0x00, 0x00, 0x00, 0x00, 0x00, 0x00, 0x00, 0x00, 0x00, 0x00, 0x00, 0x00, 0x00, 0x00, 0x00, 0x00,
    0x00, 0x00, 0x00, 0x00, 0x00, 0x00, 0x00, 0x00, 0x00, 0x00, 0x00, 0x00, 0x00, 0x00, 0x00, 0x00,
    0x00, 0x00, 0x00, 0x00, 0x00, 0x00, 0x00, 0x00, 0x00, 0x00, 0x00, 0x00, 0x00, 0x00, 0x00, 0x00,
    0x00, 0x00, 0x00, 0x00, 0x00, 0x00, 0x00, 0x00, 0x00, 0x00, 0x00, 0x00, 0x00, 0x00, 0x00, 0x00,
    0x00, 0x00, 0x00, 0x00, 0x00, 0x00, 0x00, 0x00, 0x00, 0x00, 0x00, 0x00, 0x00, 0x00, 0x00, 0x00,
    0x00, 0x00, 0x00, 0x00, 0x00, 0x00, 0x00, 0x00, 0x00, 0x00, 0x00, 0x00, 0x00, 0x00, 0x00, 0x00,
    0x00, 0x00, 0x00, 0x00, 0x00, 0x00, 0x00, 0x00, 0x00, 0x00, 0x00, 0x00, 0x00, 0x00, 0x00, 0x00,
    0x00, 0x00, 0x00, 0x00, 0x00, 0x00, 0x00, 0x00, 0x00, 0x00, 0x00, 0x00, 0x00, 0x00, 0x00, 0x00,
    0x00, 0x00, 0x00, 0x00, 0x00, 0x00, 0x00, 0x00, 0x00, 0x00, 0x00, 0x00, 0x00, 0x00, 0x00, 0x00,
    0x00, 0x00, 0x00, 0x00, 0x00, 0x00, 0x00, 0x00, 0x00, 0x00, 0x00, 0x00, 0x00, 0x00, 0x00, 0x00,
    0x00, 0x00, 0x00, 0x00, 0x00, 0x00, 0x00, 0x00, 0x00, 0x00, 0x00, 0x00, 0x00, 0x00, 0x00, 0x00,
    0x00, 0x00, 0x00, 0x00, 0x00, 0x00, 0x00, 0x00, 0x00, 0x00, 0x00, 0x00, 0x00, 0x00, 0x00, 0x00,
    0x00, 0x00, 0x00, 0x00, 0x00, 0x00, 0x00, 0x00, 0x00, 0x00, 0x00, 0x00, 0x00, 0x00, 0x00, 0x00,
    0x00, 0x00, 0x00, 0x00, 0x00, 0x00, 0x00, 0x00, 0x00, 0x00, 0x00, 0x00, 0x00, 0x00, 0x00, 0x00,
    0x00, 0x00, 0x00, 0x00, 0x00, 0x00, 0x00, 0x00, 0x00, 0x00, 0x00, 0x00, 0x00, 0x00, 0x00, 0x00,
    0x00, 0x00, 0x00, 0x00, 0x00, 0x00, 0x00, 0x00, 0x00, 0x00, 0x00, 0x00, 0x00, 0x00, 0x00, 0x00,
    0x00, 0x00, 0x00, 0x00, 0x00, 0x00, 0x00, 0x00, 0x00, 0x00, 0x00, 0x00, 0x00, 0x00, 0x00, 0x00,
    0x00, 0x00, 0x00, 0x00, 0x00, 0x00, 0x00, 0x00, 0x00, 0x00, 0x00, 0x00, 0x00, 0x00, 0x00, 0x00,
    0x00, 0x00, 0x00, 0x00, 0x00, 0x00, 0x00, 0x00, 0x00, 0x00, 0x00, 0x00, 0x00, 0x00, 0x00, 0x00,
    0x00, 0x00, 0x00, 0x00, 0x00, 0x00, 0x00, 0x00, 0x00, 0x00, 0x00, 0x00, 0x00, 0x00, 0x00, 0x00,
    0x00, 0x00, 0x00, 0x00, 0x00, 0x00, 0x00, 0x00, 0x00, 0x00, 0x00, 0x00, 0x00, 0x00, 0x00, 0x00,
    0x00, 0x00, 0x00, 0x00, 0x00, 0x00, 0x00, 0x00, 0x00, 0x00, 0x00, 0x00, 0x00, 0x00, 0x00, 0x00,
    0x00, 0x00, 0x00, 0x00, 0x00, 0x00, 0x00, 0x00, 0x00, 0x00, 0x00, 0x00, 0x00, 0x00, 0x00, 0x00,
    0x00, 0x00, 0x00, 0x00, 0x00, 0x00, 0x00, 0x00, 0x00, 0x00, 0x00, 0x00, 0x00, 0x00, 0x00, 0x00,
    0x00, 0x00, 0x00, 0x00, 0x00, 0x00, 0x00, 0x00, 0x00, 0x00, 0x00, 0x00, 0x00, 0x00, 0x00, 0x00,
    0x00, 0x00, 0x00, 0x00, 0x00, 0x00, 0x00, 0x00, 0x00, 0x00, 0x00, 0x00, 0x00, 0x00, 0x00, 0x00,
    0x00, 0x00, 0x00, 0x00, 0x00, 0x00, 0x00, 0x00, 0x00, 0x00, 0x00, 0x00, 0x00, 0x00, 0x00, 0x00,
    0x00, 0x00, 0x00, 0x00, 0x00, 0x00, 0x00, 0x00, 0x00, 0x00, 0x00, 0x00, 0x00, 0x00, 0x00, 0x00,
    0x00, 0x00, 0x00, 0x00, 0x00, 0x00, 0x00, 0x00, 0x00, 0x00, 0x00, 0x00, 0x00, 0x00, 0x00, 0x00,
    0x00, 0x00, 0x00, 0x00, 0x00, 0x00, 0x00, 0x00, 0x00, 0x00, 0x00, 0x00, 0x00, 0x00, 0x00, 0x00,
    0x00, 0x00, 0x00, 0x00, 0x00, 0x00, 0x00, 0x00, 0x00, 0x00, 0x00, 0x00, 0x00, 0x00, 0x00, 0x00,
    0x00, 0x00, 0x00, 0x00, 0x00, 0x00, 0x00, 0x00, 0x00, 0x00, 0x00, 0x00, 0x00, 0x00, 0x00, 0x00,
    0x00, 0x00, 0x00, 0x00, 0x00, 0x00, 0x00, 0x00, 0x00, 0x00, 0x00, 0x00, 0x00, 0x00, 0x00, 0x00,
    0x00, 0x00, 0x00, 0x00, 0x00, 0x00, 0x00, 0x00, 0x00, 0x00, 0x00, 0x00, 0x00, 0x00, 0x00, 0x00,
    0x00, 0x00, 0x00, 0x00, 0x00, 0x00, 0x00, 0x00, 0x00, 0x00, 0x00, 0x00, 0x00, 0x00, 0x00, 0x00,
    0x00, 0x00, 0x00, 0x00, 0x00, 0x00, 0x00, 0x00, 0x00, 0x00, 0x00, 0x00, 0x00, 0x00, 0x00, 0x00,
    0x00, 0x00, 0x00, 0x00, 0x00, 0x00, 0x00, 0x00, 0x00, 0x00, 0x00, 0x00, 0x00, 0x00, 0x00, 0x00,
    0x00, 0x00, 0x00, 0x00, 0x00, 0x00, 0x00, 0x00, 0x00, 0x00, 0x00, 0x00, 0x00, 0x00, 0x00, 0x00,
    0x00, 0x00, 0x00, 0x00, 0x00, 0x00, 0x00, 0x00, 0x00, 0x00, 0x00, 0x00, 0x00, 0x00, 0x00, 0x00,
    0x00, 0x00, 0x00, 0x00, 0x00, 0x00, 0x00, 0x00, 0x00, 0x00, 0x00, 0x00, 0x00, 0x00, 0x00, 0x00,
    0x00, 0x00, 0x00, 0x00, 0x00, 0x00, 0x00, 0x00, 0x00, 0x00, 0x00, 0x00, 0x00, 0x00, 0x00, 0x00,
    0x00, 0x00, 0x00, 0x00, 0x00, 0x00, 0x00, 0x00, 0x00, 0x00, 0x00, 0x00, 0x00, 0x00, 0x00, 0x00,
    0x00, 0x00, 0x00, 0x00, 0x00, 0x00, 0x00, 0x00, 0x00, 0x00, 0x00, 0x00, 0x00, 0x00, 0x00, 0x00,
    0x00, 0x00, 0x00, 0x00, 0x00, 0x00, 0x00, 0x00, 0x00, 0x00, 0x00, 0x00, 0x00, 0x00, 0x00, 0x00,
    0x00, 0x00, 0x00, 0x00, 0x00, 0x00, 0x00, 0x00, 0x00, 0x00, 0x00, 0x00, 0x00, 0x00, 0x00, 0x00,
    0x00, 0x00, 0x00, 0x00, 0x00, 0x00, 0x00, 0x00, 0x00, 0x00, 0x00, 0x00, 0x00, 0x00, 0x00, 0x00,
    0x00, 0x00, 0x00, 0x00, 0x00, 0x00, 0x00, 0x00, 0x00, 0x00, 0x00, 0x00, 0x00, 0x00, 0x00, 0x00,
    0x00, 0x00, 0x00, 0x00, 0x00, 0x00, 0x00, 0x00, 0x00, 0x00, 0x00, 0x00, 0x00, 0x00, 0x00, 0x00,
    0x00, 0x00, 0x00, 0x00, 0x00, 0x00, 0x00, 0x00, 0x00, 0x00, 0x00, 0x00, 0x00, 0x00, 0x00, 0x00,
    0x00, 0x00, 0x00, 0x00, 0x00, 0x00, 0x00, 0x00, 0x00, 0x00, 0x00, 0x00, 0x00, 0x00, 0x00, 0x00,
    0x00, 0x00, 0x00, 0x00, 0x00, 0x00, 0x00, 0x00, 0x00, 0x00, 0x00, 0x00, 0x00, 0x00, 0x00, 0x00,
    0x00, 0x00, 0x00, 0x00, 0x00, 0x00, 0x00, 0x00, 0x00, 0x00, 0x00, 0x00, 0x00, 0x00, 0x00, 0x00,
    0x00, 0x00, 0x00, 0x00, 0x00, 0x00, 0x00, 0x00, 0x00, 0x00, 0x00, 0x00, 0x00, 0x00, 0x00, 0x00,
    0x00, 0x00, 0x00, 0x00, 0x00, 0x00, 0x00, 0x00, 0x00, 0x00, 0x00, 0x00, 0x00, 0x00, 0x00, 0x00,
    0x00, 0x00, 0x00, 0x00, 0x00, 0x00, 0x00, 0x00, 0x00, 0x00, 0x00, 0x00, 0x00, 0x00, 0x00, 0x00,
    0x00, 0x00, 0x00, 0x00, 0x00, 0x00, 0x00, 0x00, 0x00, 0x00, 0x00, 0x00, 0x00, 0x00, 0x00, 0x00,
    0x00, 0x00, 0x00, 0x00, 0x00, 0x00, 0x00, 0x00, 0x00, 0x00, 0x00, 0x00, 0x00, 0x00, 0x00, 0x00,
    0x00, 0x00, 0x00, 0x00, 0x00, 0x00, 0x00, 0x00, 0x00, 0x00, 0x00, 0x00, 0x00, 0x00, 0x00, 0x00,
    0x00, 0x00, 0x00, 0x00, 0x00, 0x00, 0x00, 0x00, 0x00, 0x00, 0x00, 0x00, 0x00, 0x00, 0x00, 0x00,
    0x00, 0x00, 0x00, 0x00, 0x00, 0x00, 0x00, 0x00, 0x00, 0x00, 0x00, 0x00, 0x00, 0x00, 0x00, 0x00,
    0x00, 0x00, 0x00, 0x00, 0x00, 0x00, 0x00, 0x00, 0x00, 0x00, 0x00, 0x00, 0x00, 0x00, 0x00, 0x00,
    0x00, 0x00, 0x00, 0x00, 0x00, 0x00, 0x00, 0x00, 0x00, 0x00, 0x00, 0x00, 0x00, 0x00, 0x00, 0x00,
    0x00, 0x00, 0x00, 0x00, 0x00, 0x00, 0x00, 0x00, 0x00, 0x00, 0x00, 0x00, 0x00, 0x00, 0x00, 0x00,
    0x00, 0x00, 0x00, 0x00, 0x00, 0x00, 0x00, 0x00, 0x00, 0x00, 0x00, 0x00, 0x00, 0x00, 0x00, 0x00,
    0x00, 0x00, 0x00, 0x00, 0x00, 0x00, 0x00, 0x00, 0x00, 0x00, 0x00, 0x00, 0x00, 0x00, 0x00, 0x00,
    0x00, 0x00, 0x00, 0x00, 0x00, 0x00, 0x00, 0x00, 0x00, 0x00, 0x00, 0x00, 0x00, 0x00, 0x00, 0x00,
    0x00, 0x00, 0x00, 0x00, 0x00, 0x00, 0x00, 0x00, 0x00, 0x00, 0x00, 0x00, 0x00, 0x00, 0x00, 0x00,
    0x00, 0x00, 0x00, 0x00, 0x00, 0x00, 0x00, 0x00, 0x00, 0x00, 0x00, 0x00, 0x00, 0x00, 0x00, 0x00,
    0x00, 0x00, 0x00, 0x00, 0x00, 0x00, 0x00, 0x00, 0x00, 0x00, 0x00, 0x00, 0x00, 0x00, 0x00, 0x00,
    0x00, 0x00, 0x00, 0x00, 0x00, 0x00, 0x00, 0x00, 0x00, 0x00, 0x00, 0x00, 0x00, 0x00, 0x00, 0x00,
    0x00, 0x00, 0x00, 0x00, 0x00, 0x00, 0x00, 0x00, 0x00, 0x00, 0x00, 0x00, 0x00, 0x00, 0x00, 0x00,
    0x00, 0x00, 0x00, 0x00, 0x00, 0x00, 0x00, 0x00, 0x00, 0x00, 0x00, 0x00, 0x00, 0x00, 0x00, 0x00,
    0x00, 0x00, 0x00, 0x00, 0x00, 0x00, 0x00, 0x00, 0x00, 0x00, 0x00, 0x00, 0x00, 0x00, 0x00, 0x00,
    0x00, 0x00, 0x00, 0x00, 0x00, 0x00, 0x00, 0x00, 0x00, 0x00, 0x00, 0x00, 0x00, 0x00, 0x00, 0x00,
    0x00, 0x00, 0x00, 0x00, 0x00, 0x00, 0x00, 0x00, 0x00, 0x00, 0x00, 0x00, 0x00, 0x00, 0x00, 0x00,
    0x00, 0x00, 0x00, 0x00, 0x00, 0x00, 0x00, 0x00, 0x00, 0x00, 0x00, 0x00, 0x00, 0x00, 0x00, 0x00,
    0x00, 0x00, 0x00, 0x00, 0x00, 0x00, 0x00, 0x00, 0x00, 0x00, 0x00, 0x00, 0x00, 0x00, 0x00, 0x00,
    0x00, 0x00, 0x00, 0x00, 0x00, 0x00, 0x00, 0x00, 0x00, 0x00, 0x00, 0x00, 0x00, 0x00, 0x00, 0x00,
    0x00, 0x00, 0x00, 0x00, 0x00, 0x00, 0x00, 0x00, 0x00, 0x00, 0x00, 0x00, 0x00, 0x00, 0x00, 0x00,
    0x00, 0x00, 0x00, 0x00, 0x00, 0x00, 0x00, 0x00, 0x00, 0x00, 0x00, 0x00, 0x00, 0x00, 0x00, 0x00,
    0x00, 0x00, 0x00, 0x00, 0x00, 0x00, 0x00, 0x00, 0x00, 0x00, 0x00, 0x00, 0x00, 0x00, 0x00, 0x00,
    0x00, 0x00, 0x00, 0x00, 0x00, 0x00, 0x00, 0x00, 0x00, 0x00, 0x00, 0x00, 0x00, 0x00, 0x00, 0x00,
    0x00, 0x00, 0x00, 0x00, 0x00, 0x00, 0x00, 0x00, 0x00, 0x00, 0x00, 0x00, 0x00, 0x00, 0x00, 0x00,
    0x00, 0x00, 0x00, 0x00, 0x00, 0x00, 0x00, 0x00, 0x00, 0x00, 0x00, 0x00, 0x00, 0x00, 0x00, 0x00,
    0x00, 0x00, 0x00, 0x00, 0x00, 0x00, 0x00, 0x00, 0x00, 0x00, 0x00, 0x00, 0x00, 0x00, 0x00, 0x00,
    0x00, 0x00, 0x00, 0x00, 0x00, 0x00, 0x00, 0x00, 0x00, 0x00, 0x00, 0x00, 0x00, 0x00, 0x00, 0x00,
    0x00, 0x00, 0x00, 0x00, 0x00, 0x00, 0x00, 0x00, 0x00, 0x00, 0x00, 0x00, 0x00, 0x00, 0x00, 0x00,
    0x00, 0x00, 0x00, 0x00, 0x00, 0x00, 0x00, 0x00, 0x00, 0x00, 0x00, 0x00, 0x00, 0x00, 0x00, 0x00,
    0x00, 0x00, 0x00, 0x00, 0x00, 0x00, 0x00, 0x00, 0x00, 0x00, 0x00, 0x00, 0x00, 0x00, 0x00, 0x00,
    0x00, 0x00, 0x00, 0x00, 0x00, 0x00, 0x00, 0x00, 0x00, 0x00, 0x00, 0x00, 0x00, 0x00, 0x00, 0x00,
    0x00, 0x00, 0x00, 0x00, 0x00, 0x00, 0x00, 0x00, 0x00, 0x00, 0x00, 0x00, 0x00, 0x00, 0x00, 0x00,
    0x00, 0x00, 0x00, 0x00, 0x00, 0x00, 0x00, 0x00, 0x00, 0x00, 0x00, 0x00, 0x00, 0x00, 0x00, 0x00,
    0x00, 0x00, 0x00, 0x00, 0x00, 0x00, 0x00, 0x00, 0x00, 0x00, 0x00, 0x00, 0x00, 0x00, 0x00, 0x00,
    0x00, 0x00, 0x00, 0x00, 0x00, 0x00, 0x00, 0x00, 0x00, 0x00, 0x00, 0x00, 0x00, 0x00, 0x00, 0x00,
    0x00, 0x00, 0x00, 0x00, 0x00, 0x00, 0x00, 0x00, 0x00, 0x00, 0x00, 0x00, 0x00, 0x00, 0x00, 0x00,
    0x00, 0x00, 0x00, 0x00, 0x00, 0x00, 0x00, 0x00, 0x00, 0x00, 0x00, 0x00, 0x00, 0x00, 0x00, 0x00,
    0x00, 0x00, 0x00, 0x00, 0x00, 0x00, 0x00, 0x00, 0x00, 0x00, 0x00, 0x00, 0x00, 0x00, 0x00, 0x00,
    0x00, 0x00, 0x00, 0x00, 0x00, 0x00, 0x00, 0x00, 0x00, 0x00, 0x00, 0x00, 0x00, 0x00, 0x00, 0x00,
    0x00, 0x00, 0x00, 0x00, 0x00, 0x00, 0x00, 0x00, 0x00, 0x00, 0x00, 0x00, 0x00, 0x00, 0x00, 0x00,
    0x00, 0x00, 0x00, 0x00, 0x00, 0x00, 0x00, 0x00, 0x00, 0x00, 0x00, 0x00, 0x00, 0x00, 0x00, 0x00,
    0x00, 0x00, 0x00, 0x00, 0x00, 0x00, 0x00, 0x00, 0x00, 0x00, 0x00, 0x00, 0x00, 0x00, 0x00, 0x00,
    0x00, 0x00, 0x00, 0x00, 0x00, 0x00, 0x00, 0x00, 0x00, 0x00, 0x00, 0x00, 0x00, 0x00, 0x00, 0x00,
    0x00, 0x00, 0x00, 0x00, 0x00, 0x00, 0x00, 0x00, 0x00, 0x00, 0x00, 0x00, 0x00, 0x00, 0x00, 0x00,
    0x00, 0x00, 0x00, 0x00, 0x00, 0x00, 0x00, 0x00, 0x00, 0x00, 0x00, 0x00, 0x00, 0x00, 0x00, 0x00,
    0x00, 0x00, 0x00, 0x00, 0x00, 0x00, 0x00, 0x00, 0x00, 0x00, 0x00, 0x00, 0x00, 0x00, 0x00, 0x00,
    0x00, 0x00, 0x00, 0x00, 0x00, 0x00, 0x00, 0x00, 0x00, 0x00, 0x00, 0x00, 0x00, 0x00, 0x00, 0x00,
    0x00, 0x00, 0x00, 0x00, 0x00, 0x00, 0x00, 0x00, 0x00, 0x00, 0x00, 0x00, 0x00, 0x00, 0x00, 0x00,
    0x00, 0x00, 0x00, 0x00, 0x00, 0x00, 0x00, 0x00, 0x00, 0x00, 0x00, 0x00, 0x00, 0x00, 0x00, 0x00,
    0x00, 0x00, 0x00, 0x00, 0x00, 0x00, 0x00, 0x00, 0x00, 0x00, 0x00, 0x00, 0x00, 0x00, 0x00, 0x00,
    0x00, 0x00, 0x00, 0x00, 0x00, 0x00, 0x00, 0x00, 0x00, 0x00, 0x00, 0x00, 0x00, 0x00, 0x00, 0x00,
    0x00, 0x00, 0x00, 0x00, 0x00, 0x00, 0x00, 0x00, 0x00, 0x00, 0x00, 0x00, 0x00, 0x00, 0x00, 0x00,
    0x00, 0x00, 0x00, 0x00, 0x00, 0x00, 0x00, 0x00, 0x00, 0x00, 0x00, 0x00, 0x00, 0x00, 0x00, 0x00,
    0x00, 0x00, 0x00, 0x00, 0x00, 0x00, 0x00, 0x00, 0x00, 0x00, 0x00, 0x00, 0x00, 0x00, 0x00, 0x00,
    0x00, 0x00, 0x00, 0x00, 0x00, 0x00, 0x00, 0x00, 0x00, 0x00, 0x00, 0x00, 0x00, 0x00, 0x00, 0x00,
    0x00, 0x00, 0x00, 0x00, 0x00, 0x00, 0x00, 0x00, 0x00, 0x00, 0x00, 0x00, 0x00, 0x00, 0x00, 0x00,
    0x00, 0x00, 0x00, 0x00, 0x00, 0x00, 0x00, 0x00, 0x00, 0x00, 0x00, 0x00, 0x00, 0x00, 0x00, 0x00,
    0x00, 0x00, 0x00, 0x00, 0x00, 0x00, 0x00, 0x00, 0x00, 0x00, 0x00, 0x00, 0x00, 0x00, 0x00, 0x00,
    0x00, 0x00, 0x00, 0x00, 0x00, 0x00, 0x00, 0x00, 0x00, 0x00, 0x00, 0x00, 0x00, 0x00, 0x00, 0x00,
    0x00, 0x00, 0x00, 0x00, 0x00, 0x00, 0x00, 0x00, 0x00, 0x00, 0x00, 0x00, 0x00, 0x00, 0x00, 0x00,
    0x00, 0x00, 0x00, 0x00, 0x00, 0x00, 0x00, 0x00, 0x00, 0x00, 0x00, 0x00, 0x00, 0x00, 0x00, 0x00,
    0x00, 0x00, 0x00, 0x00, 0x00, 0x00, 0x00, 0x00, 0x00, 0x00, 0x00, 0x00, 0x00, 0x00, 0x00, 0x00,
    0x00, 0x00, 0x00, 0x00, 0x00, 0x00, 0x00, 0x00, 0x00, 0x00, 0x00, 0x00, 0x00, 0x00, 0x00, 0x00,
    0x00, 0x00, 0x00, 0x00, 0x00, 0x00, 0x00, 0x00, 0x00, 0x00, 0x00, 0x00, 0x00, 0x00, 0x00, 0x00,
    0x00, 0x00, 0x00, 0x00, 0x00, 0x00, 0x00, 0x00, 0x00, 0x00, 0x00, 0x00, 0x00, 0x00, 0x00, 0x00,
    0x00, 0x00, 0x00, 0x00, 0x00, 0x00, 0x00, 0x00, 0x00, 0x00, 0x00, 0x00, 0x00, 0x00, 0x00, 0x00,
    0x00, 0x00, 0x00, 0x00, 0x00, 0x00, 0x00, 0x00, 0x00, 0x00, 0x00, 0x00, 0x00, 0x00, 0x00, 0x00,
    0x00, 0x00, 0x00, 0x00, 0x00, 0x00, 0x00, 0x00, 0x00, 0x00, 0x00, 0x00, 0x00, 0x00, 0x00, 0x00,
    0x00, 0x00, 0x00, 0x00, 0x00, 0x00, 0x00, 0x00, 0x00, 0x00, 0x00, 0x00, 0x00, 0x00, 0x00, 0x00,
    0x00, 0x00, 0x00, 0x00, 0x00, 0x00, 0x00, 0x00, 0x00, 0x00, 0x00, 0x00, 0x00, 0x00, 0x00, 0x00,
    0x00, 0x00, 0x00, 0x00, 0x00, 0x00, 0x00, 0x00, 0x00, 0x00, 0x00, 0x00, 0x00, 0x00, 0x00, 0x00,
    0x00, 0x00, 0x00, 0x00, 0x00, 0x00, 0x00, 0x00, 0x00, 0x00, 0x00, 0x00, 0x00, 0x00, 0x00, 0x00,
    0x00, 0x00, 0x00, 0x00, 0x00, 0x00, 0x00, 0x00, 0x00, 0x00, 0x00, 0x00, 0x00, 0x00, 0x00, 0x00,
    0x00, 0x00, 0x00, 0x00, 0x00, 0x00, 0x00, 0x00, 0x00, 0x00, 0x00, 0x00, 0x00, 0x00, 0x00, 0x00,
    0x00, 0x00, 0x00, 0x00, 0x00, 0x00, 0x00, 0x00, 0x00, 0x00, 0x00, 0x00, 0x00, 0x00, 0x00, 0x00,
    0x00, 0x00, 0x00, 0x00, 0x00, 0x00, 0x00, 0x00, 0x00, 0x00, 0x00, 0x00, 0x00, 0x00, 0x00, 0x00,
    0x00, 0x00, 0x00, 0x00, 0x00, 0x00, 0x00, 0x00, 0x00, 0x00, 0x00, 0x00, 0x00, 0x00, 0x00, 0x00,
    0x00, 0x00, 0x00, 0x00, 0x00, 0x00, 0x00, 0x00, 0x00, 0x00, 0x00, 0x00, 0x00, 0x00, 0x00, 0x00,
    0x00, 0x00, 0x00, 0x00, 0x00, 0x00, 0x00, 0x00, 0x00, 0x00, 0x00, 0x00, 0x00, 0x00, 0x00, 0x00,
    0x00, 0x00, 0x00, 0x00, 0x00, 0x00, 0x00, 0x00, 0x00, 0x00, 0x00, 0x00, 0x00, 0x00, 0x00, 0x00,
    0x00, 0x00, 0x00, 0x00, 0x00, 0x00, 0x00, 0x00, 0x00, 0x00, 0x00, 0x00, 0x00, 0x00, 0x00, 0x00,
    0x00, 0x00, 0x00, 0x00, 0x00, 0x00, 0x00, 0x00, 0x00, 0x00, 0x00, 0x00, 0x00, 0x00, 0x00, 0x00,
    0x00, 0x00, 0x00, 0x00, 0x00, 0x00, 0x00, 0x00, 0x00, 0x00, 0x00, 0x00, 0x00, 0x00, 0x00, 0x00,
    0x00, 0x00, 0x00, 0x00, 0x00, 0x00, 0x00, 0x00, 0x00, 0x00, 0x00, 0x00, 0x00, 0x00, 0x00, 0x00,
    0x00, 0x00, 0x00, 0x00, 0x00, 0x00, 0x00, 0x00, 0x00, 0x00, 0x00, 0x00, 0x00, 0x00, 0x00, 0x00,
    0x00, 0x00, 0x00, 0x00, 0x00, 0x00, 0x00, 0x00, 0x00, 0x00, 0x00, 0x00, 0x00, 0x00, 0x00, 0x00,
    0x00, 0x00, 0x00, 0x00, 0x00, 0x00, 0x00, 0x00, 0x00, 0x00, 0x00, 0x00, 0x00, 0x00, 0x00, 0x00,
    0x00, 0x00, 0x00, 0x00, 0x00, 0x00, 0x00, 0x00, 0x00, 0x00, 0x00, 0x00, 0x00, 0x00, 0x00, 0x00,
    0x00, 0x00, 0x00, 0x00, 0x00, 0x00, 0x00, 0x00, 0x00, 0x00, 0x00, 0x00, 0x00, 0x00, 0x00, 0x00,
    0x00, 0x00, 0x00, 0x00, 0x00, 0x00, 0x00, 0x00, 0x00, 0x00, 0x00, 0x00, 0x00, 0x00, 0x00, 0x00,
    0x00, 0x00, 0x00, 0x00, 0x00, 0x00, 0x00, 0x00, 0x00, 0x00, 0x00, 0x00, 0x00, 0x00, 0x00, 0x00,
    0x00, 0x00, 0x00, 0x00, 0x00, 0x00, 0x00, 0x00, 0x00, 0x00, 0x00, 0x00, 0x00, 0x00, 0x00, 0x00,
    0x00, 0x00, 0x00, 0x00, 0x00, 0x00, 0x00, 0x00, 0x00, 0x00, 0x00, 0x00, 0x00, 0x00, 0x00, 0x00,
    0x00, 0x00, 0x00, 0x00, 0x00, 0x00, 0x00, 0x00, 0x00, 0x00, 0x00, 0x00, 0x00, 0x00, 0x00, 0x00,
    0x00, 0x00, 0x00, 0x00, 0x00, 0x00, 0x00, 0x00, 0x00, 0x00, 0x00, 0x00, 0x00, 0x00, 0x00, 0x00,
    0x00, 0x00, 0x00, 0x00, 0x00, 0x00, 0x00, 0x00, 0x00, 0x00, 0x00, 0x00, 0x00, 0x00, 0x00, 0x00,
    0x00, 0x00, 0x00, 0x00, 0x00, 0x00, 0x00, 0x00, 0x00, 0x00, 0x00, 0x00, 0x00, 0x00, 0x00, 0x00,
    0x00, 0x00, 0x00, 0x00, 0x00, 0x00, 0x00, 0x00, 0x00, 0x00, 0x00, 0x00, 0x00, 0x00, 0x00, 0x00,
    0x00, 0x00, 0x00, 0x00, 0x00, 0x00, 0x00, 0x00, 0x00, 0x00, 0x00, 0x00, 0x00, 0x00, 0x00, 0x00,
    0x00, 0x00, 0x00, 0x00, 0x00, 0x00, 0x00, 0x00, 0x00, 0x00, 0x00, 0x00, 0x00, 0x00, 0x00, 0x00,
    0x00, 0x00, 0x00, 0x00, 0x00, 0x00, 0x00, 0x00, 0x00, 0x00, 0x00, 0x00, 0x00, 0x00, 0x00, 0x00,
    0x00, 0x00, 0x00, 0x00, 0x00, 0x00, 0x00, 0x00, 0x00, 0x00, 0x00, 0x00, 0x00, 0x00, 0x00, 0x00,
    0x00, 0x00, 0x00, 0x00, 0x00, 0x00, 0x00, 0x00, 0x00, 0x00, 0x00, 0x00, 0x00, 0x00, 0x00, 0x00,
    0x00, 0x00, 0x00, 0x00, 0x00, 0x00, 0x00, 0x00, 0x00, 0x00, 0x00, 0x00, 0x00, 0x00, 0x00, 0x00,
    0x00, 0x00, 0x00, 0x00, 0x00, 0x00, 0x00, 0x00, 0x00, 0x00, 0x00, 0x00, 0x00, 0x00, 0x00, 0x00,
    0x00, 0x00, 0x00, 0x00, 0x00, 0x00, 0x00, 0x00, 0x00, 0x00, 0x00, 0x00, 0x00, 0x00, 0x00, 0x00,
    0x00, 0x00, 0x00, 0x00, 0x00, 0x00, 0x00, 0x00, 0x00, 0x00, 0x00, 0x00, 0x00, 0x00, 0x00, 0x00,
    0x00, 0x00, 0x00, 0x00, 0x00, 0x00, 0x00, 0x00, 0x00, 0x00, 0x00, 0x00, 0x00, 0x00, 0x00, 0x00,
    0x00, 0x00, 0x00, 0x00, 0x00, 0x00, 0x00, 0x00, 0x00, 0x00, 0x00, 0x00, 0x00, 0x00, 0x00, 0x00,
    0x00, 0x00, 0x00, 0x00, 0x00, 0x00, 0x00, 0x00, 0x00, 0x00, 0x00, 0x00, 0x00, 0x00, 0x00, 0x00,
    0x00, 0x00, 0x00, 0x00, 0x00, 0x00, 0x00, 0x00, 0x00, 0x00, 0x00, 0x00, 0x00, 0x00, 0x00, 0x00,
    0x00, 0x00, 0x00, 0x00, 0x00, 0x00, 0x00, 0x00, 0x00, 0x00, 0x00, 0x00, 0x00, 0x00, 0x00, 0x00,
    0x00, 0x00, 0x00, 0x00, 0x00, 0x00, 0x00, 0x00, 0x00, 0x00, 0x00, 0x00, 0x00, 0x00, 0x00, 0x00,
    0x00, 0x00, 0x00, 0x00, 0x00, 0x00, 0x00, 0x00, 0x00, 0x00, 0x00, 0x00, 0x00, 0x00, 0x00, 0x00,
    0x00, 0x00, 0x00, 0x00, 0x00, 0x00, 0x00, 0x00, 0x00, 0x00, 0x00, 0x00, 0x00, 0x00, 0x00, 0x00,
    0x00, 0x00, 0x00, 0x00, 0x00, 0x00, 0x00, 0x00, 0x00, 0x00, 0x00, 0x00, 0x00, 0x00, 0x00, 0x00,
    0x00, 0x00, 0x00, 0x00, 0x00, 0x00, 0x00, 0x00, 0x00, 0x00, 0x00, 0x00, 0x00, 0x00, 0x00, 0x00,
    0x00, 0x00, 0x00, 0x00, 0x00, 0x00, 0x00, 0x00, 0x00, 0x00, 0x00, 0x00, 0x00, 0x00, 0x00, 0x00,
    0x00, 0x00, 0x00, 0x00, 0x00, 0x00, 0x00, 0x00, 0x00, 0x00, 0x00, 0x00, 0x00, 0x00, 0x00, 0x00,
    0x00, 0x00, 0x00, 0x00, 0x00, 0x00, 0x00, 0x00, 0x00, 0x00, 0x00, 0x00, 0x00, 0x00, 0x00, 0x00,
    0x00, 0x00, 0x00, 0x00, 0x00, 0x00, 0x00, 0x00, 0x00, 0x00, 0x00, 0x00, 0x00, 0x00, 0x00, 0x00,
    0x00, 0x00, 0x00, 0x00, 0x00, 0x00, 0x00, 0x00, 0x00, 0x00, 0x00, 0x00, 0x00, 0x00, 0x00, 0x00,
    0x00, 0x00, 0x00, 0x00, 0x00, 0x00, 0x00, 0x00, 0x00, 0x00, 0x00, 0x00, 0x00, 0x00, 0x00, 0x00,
    0x00, 0x00, 0x00, 0x00, 0x00, 0x00, 0x00, 0x00, 0x00, 0x00, 0x00, 0x00, 0x00, 0x00, 0x00, 0x00,
    0x00, 0x00, 0x00, 0x00, 0x00, 0x00, 0x00, 0x00, 0x00, 0x00, 0x00, 0x00, 0x00, 0x00, 0x00, 0x00,
    0x00, 0x00, 0x00, 0x00, 0x00, 0x00, 0x00, 0x00, 0x00, 0x00, 0x00, 0x00, 0x00, 0x00, 0x00, 0x00,
    0x00, 0x00, 0x00, 0x00, 0x00, 0x00, 0x00, 0x00, 0x00, 0x00, 0x00, 0x00, 0x00, 0x00, 0x00, 0x00,
    0x00, 0x00, 0x00, 0x00, 0x00, 0x00, 0x00, 0x00, 0x00, 0x00, 0x00, 0x00, 0x00, 0x00, 0x00, 0x00,
    0x00, 0x00, 0x00, 0x00, 0x00, 0x00, 0x00, 0x00, 0x00, 0x00, 0x00, 0x00, 0x00, 0x00, 0x00, 0x00,
    0x00, 0x00, 0x00, 0x00, 0x00, 0x00, 0x00, 0x00, 0x00, 0x00, 0x00, 0x00, 0x00, 0x00, 0x00, 0x00,
    0x00, 0x00, 0x00, 0x00, 0x00, 0x00, 0x00, 0x00, 0x00, 0x00, 0x00, 0x00, 0x00, 0x00, 0x00, 0x00,
    0x00, 0x00, 0x00, 0x00, 0x00, 0x00, 0x00, 0x00, 0x00, 0x00, 0x00, 0x00, 0x00, 0x00, 0x00, 0x00,
    0x00, 0x00, 0x00, 0x00, 0x00, 0x00, 0x00, 0x00, 0x00, 0x00, 0x00, 0x00, 0x00, 0x00, 0x00, 0x00,
    0x00, 0x00, 0x00, 0x00, 0x00, 0x00, 0x00, 0x00, 0x00, 0x00, 0x00, 0x00, 0x00, 0x00, 0x00, 0x00,
    0x00, 0x00, 0x00, 0x00, 0x00, 0x00, 0x00, 0x00, 0x00, 0x00, 0x00, 0x00, 0x00, 0x00, 0x00, 0x00,
    0x00, 0x00, 0x00, 0x00, 0x00, 0x00, 0x00, 0x00, 0x00, 0x00, 0x00, 0x00, 0x00, 0x00, 0x00, 0x00,
    0x00, 0x00, 0x00, 0x00, 0x00, 0x00, 0x00, 0x00, 0x00, 0x00, 0x00, 0x00, 0x00, 0x00, 0x00, 0x00,
    0x00, 0x00, 0x00, 0x00, 0x00, 0x00, 0x00, 0x00, 0x00, 0x00, 0x00, 0x00, 0x00, 0x00, 0x00, 0x00,
    0x00, 0x00, 0x00, 0x00, 0x00, 0x00, 0x00, 0x00, 0x00, 0x00, 0x00, 0x00, 0x00, 0x00, 0x00, 0x00,
    0x00, 0x00, 0x00, 0x00, 0x00, 0x00, 0x00, 0x00, 0x00, 0x00, 0x00, 0x00, 0x00, 0x00, 0x00, 0x00,
    0x00, 0x00, 0x00, 0x00, 0x00, 0x00, 0x00, 0x00, 0x00, 0x00, 0x00, 0x00, 0x00, 0x00, 0x00, 0x00,
    0x00, 0x00, 0x00, 0x00, 0x00, 0x00, 0x00, 0x00, 0x00, 0x00, 0x00, 0x00, 0x00, 0x00, 0x00, 0x00,
    0x00, 0x00, 0x00, 0x00, 0x00, 0x00, 0x00, 0x00, 0x00, 0x00, 0x00, 0x00, 0x00, 0x00, 0x00, 0x00,
    0x00, 0x00, 0x00, 0x00, 0x00, 0x00, 0x00, 0x00, 0x00, 0x00, 0x00, 0x00, 0x00, 0x00, 0x00, 0x00,
    0x00, 0x00, 0x00, 0x00, 0x00, 0x00, 0x00, 0x00, 0x00, 0x00, 0x00, 0x00, 0x00, 0x00, 0x00, 0x00,
    0x00, 0x00, 0x00, 0x00, 0x00, 0x00, 0x00, 0x00, 0x00, 0x00, 0x00, 0x00, 0x00, 0x00, 0x00, 0x00,
    0x00, 0x00, 0x00, 0x00, 0x00, 0x00, 0x00, 0x00, 0x00, 0x00, 0x00, 0x00, 0x00, 0x00, 0x00, 0x00,
    0x00, 0x00, 0x00, 0x00, 0x00, 0x00, 0x00, 0x00, 0x00, 0x00, 0x00, 0x00, 0x00, 0x00, 0x00, 0x00,
    0x00, 0x00, 0x00, 0x00, 0x00, 0x00, 0x00, 0x00, 0x00, 0x00, 0x00, 0x00, 0x00, 0x00, 0x00, 0x00,
    0x00, 0x00, 0x00, 0x00, 0x00, 0x00, 0x00, 0x00, 0x00, 0x00, 0x00, 0x00, 0x00, 0x00, 0x00, 0x00,
    0x00, 0x00, 0x00, 0x00, 0x00, 0x00, 0x00, 0x00, 0x00, 0x00, 0x00, 0x00, 0x00, 0x00, 0x00, 0x00,
    0x00, 0x00, 0x00, 0x00, 0x00, 0x00, 0x00, 0x00, 0x00, 0x00, 0x00, 0x00, 0x00, 0x00, 0x00, 0x00,
    0x00, 0x00, 0x00, 0x00, 0x00, 0x00, 0x00, 0x00, 0x00, 0x00, 0x00, 0x00, 0x00, 0x00, 0x00, 0x00,
    0x00, 0x00, 0x00, 0x00, 0x00, 0x00, 0x00, 0x00, 0x00, 0x00, 0x00, 0x00, 0x00, 0x00, 0x00, 0x00,
    0x00, 0x00, 0x00, 0x00, 0x00, 0x00, 0x00, 0x00, 0x00, 0x00, 0x00, 0x00, 0x00, 0x00, 0x00, 0x00,
    0x00, 0x00, 0x00, 0x00, 0x00, 0x00, 0x00, 0x00, 0x00, 0x00, 0x00, 0x00, 0x00, 0x00, 0x00, 0x00,
    0x00, 0x00, 0x00, 0x00, 0x00, 0x00, 0x00, 0x00, 0x00, 0x00, 0x00, 0x00, 0x00, 0x00, 0x00, 0x00,
    0x00, 0x00, 0x00, 0x00, 0x00, 0x00, 0x00, 0x00, 0x00, 0x00, 0x00, 0x00, 0x00, 0x00, 0x00, 0x00,
    0x00, 0x00, 0x00, 0x00, 0x00, 0x00, 0x00, 0x00, 0x00, 0x00, 0x00, 0x00, 0x00, 0x00, 0x00, 0x00,
    0x00, 0x00, 0x00, 0x00, 0x00, 0x00, 0x00, 0x00, 0x00, 0x00, 0x00, 0x00, 0x00, 0x00, 0x00, 0x00,
    0x00, 0x00, 0x00, 0x00, 0x00, 0x00, 0x00, 0x00, 0x00, 0x00, 0x00, 0x00, 0x00, 0x00, 0x00, 0x00,
    0x00, 0x00, 0x00, 0x00, 0x00, 0x00, 0x00, 0x00, 0x00, 0x00, 0x00, 0x00, 0x00, 0x00, 0x00, 0x00
};

const lv_image_dsc_t pet_cat_walk_10 = {
    .header = {
        .magic = LV_IMAGE_HEADER_MAGIC,
        .cf = LV_COLOR_FORMAT_ARGB8888,
        .flags = 0,
        .w = 128,
        .h = 128,
        .stride = 512,
    },
    .data_size = 65536,
    .data = pet_cat_walk_10_map,
};
